Num_Acc;id_vehicule;catv;obs;obsm;choc;manv;motor
202000003528;154 736 045;10;0;2;2;1;1
202000003529;154 736 043;7;0;1;3;1;1
202000003530;154 736 042;2;0;0;7;1;1
202000003531;154 736 039;7;0;1;7;1;1
202000003532;154 736 037;7;0;2;3;26;1
202000003532;154 736 038;30;0;0;7;26;1
202000003533;154 736 035;3;0;2;1;9;1
202000003533;154 736 036;7;0;2;5;1;1
202000003534;154 736 033;7;0;2;3;16;1
202000003534;154 736 034;33;0;2;1;1;1
202000003535;154 736 029;15;0;1;6;24;0
202000003535;154 736 030;7;1;0;2;14;6
202000003536;154 736 028;7;3;0;3;21;1
202000003537;154 736 027;33;0;0;0;1;1
202000003538;154 736 026;33;0;0;4;10;1
202000003539;154 736 024;7;2;2;1;1;1
202000003539;154 736 025;7;6;2;3;16;1
202000003540;154 736 022;7;0;2;1;19;1
202000003540;154 736 023;7;0;2;3;1;0
202000003541;154 736 021;7;0;1;1;15;1
202000003542;154 736 019;7;0;2;1;19;1
202000003542;154 736 020;7;0;2;8;1;1
202000003543;154 736 018;7;1;0;2;0;1
202000003544;154 736 017;33;8;0;3;0;1
202000003545;154 736 015;33;0;2;1;1;1
202000003545;154 736 016;7;0;2;3;1;1
202000003546;154 736 013;1;0;0;1;0;5
202000003546;154 736 014;1;0;0;1;0;5
202000003547;154 736 012;7;0;1;1;1;1
202000003548;154 736 010;7;0;2;3;15;1
202000003548;154 736 011;7;0;2;2;15;1
202000003549;154 736 009;7;15;6;2;14;1
202000003550;154 736 008;33;0;0;8;0;1
202000003551;154 736 006;7;0;2;3;5;1
202000003551;154 736 007;7;0;2;6;1;1
202000003552;154 736 004;7;0;0;6;14;1
202000003552;154 736 005;2;0;2;1;2;1
202000003553;154 736 003;34;0;0;0;1;1
202000003554;154 736 001;31;0;2;1;1;1
202000003554;154 736 002;7;0;2;5;1;1
202000003555;154 736 000;7;14;0;8;13;1
202000003556;154 735 996;7;0;2;4;23;1
202000003556;154 735 997;7;0;2;1;21;1
202000003557;154 735 994;7;0;2;4;23;1
202000003557;154 735 995;7;0;2;1;2;1
202000003558;154 735 991;10;0;2;1;2;1
202000003558;154 735 992;7;0;2;4;2;1
202000003558;154 735 993;7;0;2;4;1;1
202000003559;154 735 987;7;0;2;4;1;1
202000003559;154 735 988;7;0;2;4;1;1
202000003559;154 735 989;7;0;2;4;1;1
202000003559;154 735 990;7;0;2;1;2;1
202000003560;154 735 984;7;0;2;4;2;1
202000003560;154 735 985;7;0;2;1;1;1
202000003560;154 735 986;10;0;2;4;2;1
202000003561;154 735 982;7;0;2;6;0;1
202000003561;154 735 983;7;0;2;2;0;1
202000003562;154 735 980;7;0;2;2;11;1
202000003562;154 735 981;7;0;2;6;2;1
202000003563;154 735 971;7;0;2;1;2;1
202000003563;154 735 972;7;0;2;1;2;1
202000003563;154 735 973;7;0;2;1;2;1
202000003563;154 735 974;7;0;2;4;2;6
202000003563;154 735 975;7;0;2;1;2;0
202000003563;154 735 976;7;0;2;1;2;1
202000003563;154 735 977;7;0;2;1;2;1
202000003564;154 735 965;7;0;2;1;2;1
202000003564;154 735 966;7;0;2;1;2;1
202000003564;154 735 967;7;0;2;4;2;1
202000003564;154 735 968;7;0;2;4;1;1
202000003564;154 735 969;7;0;2;1;2;1
202000003564;154 735 970;7;0;2;4;2;1
202000003565;154 735 963;1;0;2;1;1;5
202000003565;154 735 964;7;0;2;2;15;1
202000003566;154 735 961;2;0;2;7;7;1
202000003566;154 735 962;7;0;2;1;1;0
202000003567;154 735 959;7;0;2;1;1;1
202000003567;154 735 960;99;0;2;7;19;3
202000003568;154 735 957;10;0;2;4;15;6
202000003568;154 735 958;10;0;2;1;19;6
202000003569;154 735 956;7;2;0;1;1;1
202000003570;154 735 954;1;0;2;4;1;0
202000003570;154 735 955;7;0;9;2;16;1
202000003571;154 735 952;33;0;2;2;1;1
202000003571;154 735 953;7;0;2;8;9;1
202000003572;154 735 950;7;0;2;1;15;1
202000003572;154 735 951;2;0;2;1;1;1
202000003573;154 735 949;33;1;0;4;21;1
202000003574;154 735 947;1;0;2;1;1;0
202000003574;154 735 948;7;0;2;3;15;1
202000003575;154 735 945;7;0;2;1;1;1
202000003575;154 735 946;33;0;2;1;13;1
202000003576;154 735 943;7;0;2;7;1;1
202000003576;154 735 944;33;0;2;1;1;1
202000003577;154 735 942;7;0;1;2;16;1
202000003578;154 735 941;7;0;1;1;9;1
202000003579;154 735 938;7;0;2;1;16;1
202000003579;154 735 939;7;0;2;0;0;1
202000003579;154 735 940;7;0;2;1;0;1
202000003580;154 735 937;10;13;0;1;1;1
202000003581;154 735 936;7;0;1;3;15;1
202000003582;154 735 935;7;0;1;5;1;0
202000003583;154 735 933;7;0;2;1;1;1
202000003583;154 735 934;7;0;2;4;23;1
202000003584;154 735 931;7;0;2;2;2;1
202000003584;154 735 932;13;0;2;6;2;1
202000003585;154 735 930;7;13;0;9;17;1
202000003586;154 735 929;10;0;1;1;26;1
202000003587;154 735 927;7;0;2;4;26;1
202000003587;154 735 928;7;0;2;1;26;1
202000003588;154 735 925;33;0;2;2;26;0
202000003588;154 735 926;7;0;0;0;0;0
202000003589;154 735 923;7;0;2;4;1;0
202000003589;154 735 924;7;0;2;1;2;0
202000003590;154 735 919;7;1;0;0;0;1
202000003590;154 735 920;7;1;0;0;0;1
202000003590;154 735 921;7;1;0;1;26;1
202000003590;154 735 922;7;1;0;0;0;1
202000003591;154 735 918;7;6;0;1;1;1
202000003592;154 735 917;7;4;0;1;1;1
202000003593;154 735 915;30;6;2;7;1;1
202000003593;154 735 916;10;0;2;1;2;1
202000003594;154 735 914;2;0;1;2;1;1
202000003595;154 735 913;7;0;1;2;1;1
202000003596;154 735 912;10;0;1;5;26;1
202000003597;154 735 909;7;0;2;5;1;1
202000003597;154 735 910;7;0;2;6;1;2
202000003597;154 735 911;7;0;2;1;11;1
202000003598;154 735 907;7;0;2;4;2;1
202000003598;154 735 908;7;0;2;1;2;3
202000003599;154 735 905;7;0;2;2;16;1
202000003599;154 735 906;50;12;2;1;1;3
202000003600;154 735 903;33;0;2;1;1;1
202000003600;154 735 904;1;0;2;5;19;5
202000003601;154 735 901;7;0;2;6;17;2
202000003601;154 735 902;30;0;2;1;15;1
202000003602;154 735 900;1;12;0;1;14;5
202000003603;154 735 899;7;0;1;3;1;2
202000003604;154 735 898;32;8;0;1;13;1
202000003605;154 735 896;32;0;2;2;15;1
202000003605;154 735 897;7;0;2;6;15;1
202000003606;154 735 894;7;0;2;1;15;1
202000003606;154 735 895;33;0;2;8;1;1
202000003607;154 735 892;33;1;0;1;26;1
202000003607;154 735 893;7;0;1;3;24;1
202000003608;154 735 890;30;0;2;0;0;1
202000003608;154 735 891;30;0;2;0;0;1
202000003609;154 735 889;60;1;0;1;1;5
202000003610;154 735 887;50;0;2;2;1;3
202000003610;154 735 888;7;0;2;3;1;2
202000003611;154 735 885;7;0;2;6;9;1
202000003611;154 735 886;17;0;2;2;26;1
202000003612;154 735 883;7;0;2;3;1;1
202000003612;154 735 884;33;0;2;0;17;1
202000003613;154 735 881;33;0;2;1;1;0
202000003613;154 735 882;10;0;2;6;10;0
202000003614;154 735 880;33;0;0;9;1;1
202000003615;154 735 878;7;8;0;9;17;1
202000003615;154 735 879;2;0;2;9;1;1
202000003616;154 735 877;7;15;0;0;3;1
202000003617;154 735 876;2;0;0;0;1;0
202000003618;154 735 875;33;12;0;1;0;1
202000003619;154 735 874;7;3;0;1;1;1
202000003620;154 735 873;2;3;0;0;1;1
202000003621;154 735 872;7;6;0;1;0;0
202000003622;154 735 869;7;0;0;4;23;1
202000003622;154 735 870;7;0;2;4;23;1
202000003622;154 735 871;7;0;2;1;2;1
202000003623;154 735 868;10;13;0;2;14;1
202000003624;154 735 867;33;13;0;1;14;1
202000003625;154 735 866;7;13;0;3;14;1
202000003626;154 735 864;7;0;2;3;1;1
202000003626;154 735 865;7;0;2;3;5;1
202000003627;154 735 863;7;17;0;3;13;1
202000003628;154 735 861;7;0;2;3;1;1
202000003628;154 735 862;2;0;2;3;13;1
202000003629;154 735 859;7;0;2;3;13;1
202000003629;154 735 860;7;0;2;8;1;1
202000003630;154 735 857;7;0;2;1;19;1
202000003630;154 735 858;7;0;2;1;1;1
202000003631;154 735 855;33;0;2;9;1;1
202000003631;154 735 856;7;0;2;6;15;1
202000003632;154 735 854;2;0;0;0;1;1
202000003633;154 735 853;7;0;0;8;0;1
202000003634;154 735 850;10;0;0;0;15;1
202000003634;154 735 851;1;0;2;1;2;5
202000003634;154 735 852;1;0;0;4;21;5
202000003635;154 735 848;7;0;2;3;13;1
202000003635;154 735 849;7;0;2;3;1;1
202000003636;154 735 846;7;0;2;8;17;1
202000003636;154 735 847;33;0;2;7;17;1
202000003637;154 735 845;33;0;0;7;14;1
202000003638;154 735 843;31;12;0;7;17;1
202000003638;154 735 844;1;0;2;8;1;5
202000003639;154 735 841;7;0;2;3;13;1
202000003639;154 735 842;15;0;2;8;1;1
202000003640;154 735 840;7;13;0;1;1;1
202000003641;154 735 838;33;0;2;1;1;1
202000003641;154 735 839;7;0;2;2;15;1
202000003642;154 735 837;33;6;0;1;1;1
202000003643;154 735 836;33;6;0;2;1;1
202000003644;154 735 835;33;0;9;1;21;1
202000003645;154 735 833;7;0;2;2;15;1
202000003645;154 735 834;32;0;2;1;1;1
202000003646;154 735 831;7;0;2;2;15;1
202000003646;154 735 832;2;0;2;0;1;1
202000003647;154 735 830;7;0;1;3;16;1
202000003648;154 735 828;7;0;2;7;10;1
202000003648;154 735 829;1;0;2;1;1;5
202000003649;154 735 827;30;14;0;1;14;3
202000003650;154 735 825;1;0;2;1;1;5
202000003650;154 735 826;7;0;2;5;22;1
202000003651;154 735 823;33;1;2;9;17;1
202000003651;154 735 824;7;0;2;3;1;1
202000003652;154 735 822;50;0;1;8;1;3
202000003653;154 735 820;2;0;2;8;1;1
202000003653;154 735 821;7;0;2;1;15;1
202000003654;154 735 819;7;0;1;1;1;1
202000003655;154 735 817;7;0;2;8;15;1
202000003655;154 735 818;30;0;2;2;17;1
202000003656;154 735 815;7;0;2;3;1;1
202000003656;154 735 816;7;0;2;2;5;1
202000003657;154 735 813;7;0;0;3;15;1
202000003657;154 735 814;7;0;0;7;17;1
202000003658;154 735 812;7;0;1;2;1;1
202000003659;154 735 810;7;0;2;1;1;0
202000003659;154 735 811;7;0;2;7;16;0
202000003660;154 735 808;7;0;2;1;1;6
202000003660;154 735 809;7;0;2;7;19;0
202000003661;154 735 806;7;0;2;1;1;1
202000003661;154 735 807;7;0;2;7;1;1
202000003662;154 735 804;7;0;2;3;16;1
202000003662;154 735 805;1;0;2;1;1;0
202000003663;154 735 802;7;0;2;2;16;1
202000003663;154 735 803;50;0;2;1;26;3
202000003664;154 735 800;7;0;2;4;26;0
202000003664;154 735 801;7;0;2;1;1;1
202000003665;154 735 798;7;0;2;1;1;1
202000003665;154 735 799;7;0;2;3;13;1
202000003666;154 735 795;7;0;2;1;1;1
202000003666;154 735 796;7;0;2;3;1;1
202000003666;154 735 797;7;0;2;7;13;1
202000003667;154 735 793;7;0;0;8;9;0
202000003667;154 735 794;1;0;2;1;1;5
202000003668;154 735 791;7;0;2;3;19;0
202000003668;154 735 792;33;0;2;1;1;0
202000003669;154 735 789;7;0;2;8;15;0
202000003669;154 735 790;7;0;2;1;17;0
202000003670;154 735 787;7;0;9;2;1;1
202000003670;154 735 788;1;0;2;1;1;6
202000003671;154 735 785;7;0;9;5;19;0
202000003671;154 735 786;1;0;2;1;0;0
202000003672;154 735 783;14;0;2;1;1;1
202000003672;154 735 784;7;0;2;1;1;1
202000003673;154 735 781;7;0;2;3;15;1
202000003673;154 735 782;33;0;2;1;3;1
202000003674;154 735 780;7;0;1;3;15;1
202000003675;154 735 779;7;13;0;9;1;1
202000003676;154 735 778;2;0;0;0;0;1
202000003677;154 735 776;7;13;2;9;1;1
202000003677;154 735 777;7;14;0;7;1;1
202000003678;154 735 775;7;0;1;7;2;1
202000003679;154 735 773;7;0;2;3;1;1
202000003679;154 735 774;0;0;2;0;0;0
202000003680;154 735 771;7;0;0;3;1;0
202000003680;154 735 772;7;0;0;3;13;1
202000003681;154 735 770;7;0;1;3;1;1
202000003682;154 735 769;7;13;0;2;1;1
202000003683;154 735 768;14;3;0;2;2;1
202000003684;154 735 765;7;8;0;1;1;1
202000003685;154 735 764;2;6;0;0;1;1
202000003686;154 735 763;7;13;0;9;1;1
202000003687;154 735 761;7;0;1;6;20;1
202000003688;154 735 759;15;0;2;3;1;1
202000003688;154 735 760;7;0;2;3;13;1
202000003689;154 735 757;7;0;2;3;1;1
202000003689;154 735 758;7;0;2;3;13;1
202000003690;154 735 755;10;0;0;0;14;1
202000003691;154 735 754;2;0;0;7;15;1
202000003692;154 735 752;7;0;2;7;17;1
202000003692;154 735 753;33;0;2;8;1;1
202000003693;154 735 750;7;0;0;4;2;0
202000003693;154 735 751;7;0;2;1;2;0
202000003694;154 735 748;14;0;2;2;1;1
202000003694;154 735 749;7;0;0;1;1;1
202000003695;154 735 747;10;13;0;9;1;1
202000003696;154 735 745;33;1;0;1;19;1
202000003696;154 735 746;7;0;0;6;24;1
202000003697;154 735 743;32;13;2;8;13;0
202000003697;154 735 744;10;0;2;3;1;0
202000003698;154 735 742;1;6;0;1;1;5
202000003699;154 735 741;7;2;0;1;0;1
202000003700;154 735 740;37;2;0;2;1;0
202000003701;154 735 738;1;0;0;7;1;5
202000003701;154 735 739;7;0;2;1;1;1
202000003702;154 735 736;7;0;2;1;13;1
202000003702;154 735 737;7;0;2;1;1;1
202000003703;154 735 731;7;3;2;9;0;0
202000003703;154 735 732;7;0;2;2;0;0
202000003703;154 735 733;7;0;2;2;0;0
202000003704;154 735 727;7;0;2;4;2;1
202000003704;154 735 728;7;0;2;1;2;1
202000003704;154 735 729;0;0;2;4;2;0
202000003704;154 735 730;7;0;2;4;1;1
202000003705;154 735 725;10;0;2;6;11;3
202000003705;154 735 726;33;0;2;2;0;1
202000003706;154 735 723;7;0;2;4;9;1
202000003706;154 735 724;7;0;2;1;2;1
202000003707;154 735 721;32;0;2;3;3;1
202000003707;154 735 722;7;0;2;2;0;1
202000003708;154 735 719;7;0;2;6;1;2
202000003708;154 735 720;7;0;2;1;2;0
202000003709;154 735 717;0;0;0;0;0;0
202000003709;154 735 718;10;0;9;4;2;1
202000003710;154 735 714;7;0;2;0;0;1
202000003710;154 735 715;7;0;2;4;2;1
202000003710;154 735 716;7;0;2;1;1;1
202000003711;154 735 712;7;0;2;3;1;1
202000003711;154 735 713;7;0;2;1;15;1
202000003712;154 735 710;7;0;2;4;2;1
202000003712;154 735 711;7;0;2;1;2;1
202000003713;154 735 708;7;0;2;4;1;1
202000003713;154 735 709;7;0;2;1;1;1
202000003714;154 735 707;7;4;0;3;1;1
202000003715;154 735 706;7;0;0;3;1;1
202000003716;154 735 703;7;0;2;1;2;1
202000003716;154 735 704;7;0;2;4;2;1
202000003716;154 735 705;7;0;2;4;2;1
202000003717;154 735 702;7;0;0;0;1;1
202000003718;154 735 701;7;13;0;7;1;1
202000003719;154 735 699;7;0;2;4;2;1
202000003719;154 735 700;7;0;2;1;2;1
202000003720;154 735 697;7;0;2;1;1;1
202000003720;154 735 698;7;0;2;6;1;1
202000003721;154 735 696;80;0;1;1;1;3
202000003722;154 735 694;2;0;2;4;2;1
202000003722;154 735 695;7;0;2;1;2;1
202000003723;154 735 692;2;0;2;4;1;1
202000003723;154 735 693;7;0;2;1;1;1
202000003724;154 735 691;32;0;1;1;17;1
202000003725;154 735 688;7;0;2;1;2;1
202000003725;154 735 689;10;0;2;1;2;1
202000003725;154 735 690;7;0;2;4;2;1
202000003726;154 735 686;7;0;2;1;2;1
202000003726;154 735 687;7;0;2;4;2;1
202000003727;154 735 682;7;0;1;3;15;1
202000003728;154 735 680;7;0;2;4;0;1
202000003728;154 735 681;7;0;2;1;2;1
202000003729;154 735 678;7;0;2;1;1;1
202000003729;154 735 679;7;7;2;8;19;2
202000003730;154 735 676;7;0;2;8;1;1
202000003730;154 735 677;7;0;2;3;5;1
202000003731;154 735 674;7;0;2;2;9;1
202000003731;154 735 675;33;0;2;3;1;1
202000003732;154 735 673;7;0;1;2;15;1
202000003733;154 735 671;10;0;2;3;1;1
202000003733;154 735 672;7;0;2;5;1;1
202000003734;154 735 670;7;0;1;2;1;1
202000003735;154 735 668;7;0;2;0;1;1
202000003735;154 735 669;7;15;2;3;19;1
202000003736;154 735 665;7;0;2;1;9;1
202000003736;154 735 666;7;0;2;1;1;1
202000003736;154 735 667;7;0;2;2;1;1
202000003737;154 735 663;7;0;2;1;1;1
202000003737;154 735 664;7;0;2;1;1;1
202000003738;154 735 661;7;0;2;2;16;1
202000003738;154 735 662;7;8;2;5;1;1
202000003739;154 735 659;7;0;2;4;1;1
202000003739;154 735 660;7;0;2;1;1;1
202000003740;154 735 658;7;0;1;3;26;1
202000003741;154 735 654;7;0;2;1;1;1
202000003741;154 735 655;7;0;2;0;0;1
202000003741;154 735 656;7;0;2;4;1;1
202000003741;154 735 657;7;0;2;4;1;1
202000003742;154 735 653;7;3;0;1;1;1
202000003743;154 735 651;30;0;2;8;1;1
202000003743;154 735 652;7;0;2;8;15;1
202000003744;154 735 650;7;0;1;8;24;1
202000003745;154 735 648;31;0;2;5;1;1
202000003745;154 735 649;7;0;2;3;19;1
202000003746;154 735 646;7;0;2;1;26;1
202000003746;154 735 647;7;0;2;1;26;1
202000003747;154 735 644;10;0;2;2;21;1
202000003747;154 735 645;10;0;0;6;1;1
202000003748;154 735 643;7;3;0;3;9;1
202000003749;154 735 641;7;0;2;3;1;1
202000003749;154 735 642;7;0;2;3;1;1
202000003750;154 735 639;43;0;2;2;1;1
202000003750;154 735 640;7;0;2;0;26;0
202000003751;154 735 637;2;0;2;1;1;1
202000003751;154 735 638;7;0;2;1;15;1
202000003752;154 735 633;7;0;2;0;0;1
202000003752;154 735 634;33;0;2;0;0;1
202000003753;154 735 631;7;1;0;4;14;1
202000003754;154 735 629;7;0;2;3;0;0
202000003754;154 735 630;32;0;2;2;0;1
202000003755;154 735 628;7;10;0;1;2;1
202000003756;154 735 627;7;0;1;1;26;1
202000003757;154 735 625;7;0;2;2;1;1
202000003757;154 735 626;7;0;2;3;9;1
202000003758;154 735 623;7;0;2;1;2;1
202000003758;154 735 624;10;0;2;4;2;1
202000003759;154 735 621;7;0;2;4;1;1
202000003759;154 735 622;7;0;2;1;2;1
202000003760;154 735 620;32;0;0;7;1;1
202000003761;154 735 618;7;0;2;7;1;1
202000003761;154 735 619;10;0;2;8;11;1
202000003762;154 735 617;7;11;0;3;13;1
202000003763;154 735 616;7;0;1;2;15;1
202000003764;154 735 615;1;0;1;1;1;5
202000003765;154 735 614;30;0;0;1;1;3
202000003766;154 735 613;7;1;0;1;14;1
202000003767;154 735 611;10;1;2;3;16;1
202000003767;154 735 612;7;0;2;2;1;1
202000003768;154 735 609;34;0;2;6;1;1
202000003768;154 735 610;7;0;2;7;12;1
202000003769;154 735 607;7;0;2;1;2;1
202000003769;154 735 608;7;0;1;4;1;1
202000003770;154 735 605;7;0;2;1;2;1
202000003770;154 735 606;7;0;2;4;1;1
202000003771;154 735 603;7;0;2;5;12;0
202000003771;154 735 604;32;0;2;3;1;1
202000003772;154 735 602;1;1;0;1;14;5
202000003773;154 735 600;7;0;2;1;1;1
202000003773;154 735 601;7;0;2;8;9;1
202000003774;154 735 598;10;0;2;2;7;1
202000003774;154 735 599;1;0;2;4;7;5
202000003775;154 735 596;34;0;2;0;7;1
202000003775;154 735 597;7;0;2;2;16;1
202000003776;154 735 594;7;14;2;1;2;1
202000003776;154 735 595;33;5;2;0;0;1
202000003777;154 735 593;7;15;0;1;26;1
202000003778;154 735 592;33;14;0;9;26;1
202000003779;154 735 591;7;2;0;2;14;1
202000003780;154 735 590;30;0;1;0;26;1
202000003781;154 735 588;7;0;2;1;2;1
202000003781;154 735 589;7;0;2;4;2;1
202000003782;154 735 586;7;0;2;5;26;1
202000003782;154 735 587;7;0;2;2;1;1
202000003783;154 735 584;7;0;2;5;0;1
202000003783;154 735 585;7;0;2;1;9;1
202000003784;154 735 583;32;2;0;1;1;1
202000003785;154 735 581;10;0;2;1;2;0
202000003785;154 735 582;7;0;2;4;23;1
202000003786;154 735 580;30;0;0;0;1;1
202000003787;154 735 578;7;0;2;3;22;3
202000003787;154 735 579;30;0;2;1;2;0
202000003788;154 735 575;7;0;2;4;2;1
202000003788;154 735 576;7;0;2;4;2;1
202000003788;154 735 577;7;0;2;4;2;1
202000003789;154 735 573;7;0;2;3;1;1
202000003789;154 735 574;7;0;0;8;13;1
202000003790;154 735 572;7;2;0;1;14;4
202000003791;154 735 570;31;0;2;1;1;0
202000003791;154 735 571;7;0;2;3;15;1
202000003792;154 735 569;7;13;0;2;1;1
202000003793;154 735 568;7;13;0;1;1;1
202000003794;154 735 567;7;15;0;0;1;1
202000003795;154 735 565;7;0;2;2;1;0
202000003795;154 735 566;7;0;2;8;23;0
202000003796;154 735 564;7;2;0;7;1;1
202000003797;154 735 562;7;0;2;1;15;1
202000003797;154 735 563;2;0;2;8;1;1
202000003798;154 735 561;7;13;0;1;13;1
202000003799;154 735 559;7;0;2;2;1;1
202000003799;154 735 560;36;0;2;6;15;1
202000003800;154 735 557;33;0;2;7;17;1
202000003800;154 735 558;7;0;2;8;13;0
202000003801;154 735 556;7;13;0;9;1;1
202000003802;154 735 555;33;0;1;1;1;1
202000003803;154 735 553;2;0;2;2;1;1
202000003803;154 735 554;7;0;2;3;1;1
202000003804;154 735 551;7;3;2;3;1;1
202000003804;154 735 552;7;3;2;3;1;1
202000003805;154 735 550;7;0;1;1;1;1
202000003806;154 735 549;33;15;0;9;17;1
202000003807;154 735 548;7;16;0;7;17;1
202000003808;154 735 547;7;0;1;1;1;3
202000003809;154 735 546;7;13;0;2;0;1
202000003810;154 735 545;33;0;0;7;1;0
202000003811;154 735 544;7;2;0;1;0;1
202000003812;154 735 543;30;12;0;7;0;1
202000003813;154 735 542;7;2;0;3;1;1
202000003814;154 735 539;7;13;0;2;14;1
202000003815;154 735 538;7;3;0;2;1;1
202000003816;154 735 536;7;0;2;1;1;1
202000003816;154 735 537;7;4;2;1;1;1
202000003817;154 735 535;7;0;1;2;1;1
202000003818;154 735 533;33;0;2;7;17;6
202000003818;154 735 534;7;0;2;8;15;6
202000003819;154 735 531;33;0;2;1;1;1
202000003819;154 735 532;10;0;2;2;15;0
202000003820;154 735 529;7;0;2;1;1;1
202000003820;154 735 530;7;0;2;1;13;1
202000003821;154 735 528;10;6;0;3;1;1
202000003822;154 735 527;7;13;0;1;13;0
202000003823;154 735 526;7;2;0;8;1;1
202000003824;154 735 523;10;0;2;1;1;6
202000003824;154 735 524;10;0;2;8;1;6
202000003824;154 735 525;10;0;2;1;0;6
202000003825;154 735 521;2;0;2;2;1;1
202000003825;154 735 522;7;0;2;1;19;1
202000003826;154 735 517;7;0;9;1;13;1
202000003826;154 735 518;1;0;2;0;0;5
202000003827;154 735 514;10;3;2;1;2;1
202000003827;154 735 515;10;3;2;4;2;1
202000003827;154 735 516;10;3;2;4;2;1
202000003828;154 735 512;7;0;2;2;21;1
202000003828;154 735 513;7;0;2;6;1;1
202000003829;154 735 511;31;0;0;7;1;1
202000003830;154 735 507;7;0;2;5;2;1
202000003830;154 735 508;7;0;2;4;1;1
202000003830;154 735 509;7;0;2;4;2;1
202000003830;154 735 510;7;0;2;1;2;1
202000003831;154 735 505;7;0;2;1;2;1
202000003831;154 735 506;7;0;2;4;23;1
202000003832;154 735 503;7;0;2;3;1;1
202000003832;154 735 504;7;3;2;1;1;1
202000003833;154 735 502;7;4;0;1;1;1
202000003834;154 735 501;17;4;0;1;1;1
202000003835;154 735 498;7;0;2;1;1;1
202000003835;154 735 499;7;0;2;9;2;1
202000003835;154 735 500;7;0;2;4;2;1
202000003836;154 735 496;7;0;2;3;2;1
202000003836;154 735 497;7;0;2;4;21;1
202000003837;154 735 495;33;0;0;9;13;1
202000003838;154 735 493;7;0;2;6;0;0
202000003838;154 735 494;33;0;2;1;0;1
202000003839;154 735 490;7;0;2;2;12;1
202000003839;154 735 491;7;0;2;3;1;1
202000003839;154 735 492;33;0;2;6;3;1
202000003840;154 735 488;31;0;2;1;3;1
202000003840;154 735 489;33;0;2;4;3;1
202000003841;154 735 486;7;0;2;8;1;1
202000003841;154 735 487;14;0;2;2;12;1
202000003842;154 735 485;7;0;1;3;1;1
202000003843;154 735 483;7;0;2;7;15;1
202000003843;154 735 484;99;0;2;1;26;1
202000003844;154 735 481;7;14;2;1;15;1
202000003844;154 735 482;33;14;0;0;0;1
202000003845;154 735 479;7;0;2;3;1;1
202000003845;154 735 480;7;12;0;5;23;1
202000003846;154 735 477;1;0;2;1;1;0
202000003846;154 735 478;7;0;9;8;26;0
202000003847;154 735 476;1;0;1;1;1;5
202000003848;154 735 474;7;0;2;8;2;1
202000003848;154 735 475;10;0;2;2;12;1
202000003849;154 735 473;1;0;9;0;21;5
202000003850;154 735 471;7;0;2;9;1;1
202000003850;154 735 472;10;0;2;7;1;1
202000003851;154 735 469;7;0;2;1;1;1
202000003851;154 735 470;7;0;2;1;1;1
202000003852;154 735 468;43;0;0;1;14;1
202000003853;154 735 466;7;0;2;1;1;0
202000003853;154 735 467;7;0;2;4;1;1
202000003854;154 735 464;10;0;2;9;1;1
202000003854;154 735 465;7;0;2;3;13;1
202000003855;154 735 462;7;0;2;0;0;1
202000003855;154 735 463;1;0;2;2;26;0
202000003856;154 735 460;7;0;2;1;15;1
202000003856;154 735 461;1;0;2;2;26;5
202000003857;154 735 458;99;0;2;2;0;1
202000003857;154 735 459;99;0;2;3;15;1
202000003858;154 735 456;7;1;0;6;0;1
202000003858;154 735 457;7;2;2;9;1;1
202000003859;154 735 455;7;0;1;1;1;1
202000003860;154 735 453;3;0;2;3;1;1
202000003860;154 735 454;1;0;2;2;12;5
202000003861;154 735 451;33;0;2;1;17;1
202000003861;154 735 452;7;0;2;3;15;1
202000003862;154 735 449;7;0;2;7;1;1
202000003862;154 735 450;1;0;2;1;1;5
202000003863;154 735 445;7;0;2;4;2;1
202000003863;154 735 446;7;0;2;1;2;1
202000003863;154 735 447;7;0;2;1;2;1
202000003863;154 735 448;7;0;2;1;2;1
202000003864;154 735 442;7;0;2;1;2;1
202000003864;154 735 443;7;0;2;4;2;1
202000003864;154 735 444;7;0;2;6;2;1
202000003865;154 735 441;7;0;1;4;4;1
202000003866;154 735 439;7;0;2;1;1;0
202000003866;154 735 440;31;0;2;1;5;1
202000003867;154 735 435;33;1;0;7;1;1
202000003867;154 735 436;7;0;0;2;15;1
202000003868;154 735 434;7;0;1;1;26;0
202000003869;154 735 432;7;0;2;1;1;1
202000003869;154 735 433;7;0;2;4;23;1
202000003870;154 735 431;7;1;0;1;14;1
202000003871;154 735 429;7;0;2;3;10;1
202000003871;154 735 430;2;0;2;1;1;1
202000003872;154 735 427;7;0;1;8;23;1
202000003872;154 735 428;7;0;1;1;26;1
202000003873;154 735 424;7;0;2;5;1;1
202000003873;154 735 425;32;0;2;1;21;1
202000003873;154 735 426;7;0;9;0;20;1
202000003874;154 735 422;7;0;2;1;1;1
202000003874;154 735 423;60;0;2;4;1;5
202000003875;154 735 420;1;0;2;1;1;5
202000003875;154 735 421;7;0;2;5;16;1
202000003876;154 735 418;1;0;2;1;15;5
202000003876;154 735 419;7;0;9;5;1;1
202000003877;154 735 416;7;14;9;7;9;1
202000003877;154 735 417;0;14;2;7;1;0