Num_Acc;id_vehicule;catv;obs;obsm;choc;manv;motor
202000003878;154 735 414;1;0;2;4;0;5
202000003878;154 735 415;14;0;9;2;12;1
202000003879;154 735 413;7;1;0;1;16;0
202000003880;154 735 412;32;14;0;1;13;1
202000003881;154 735 410;31;0;2;1;1;1
202000003881;154 735 411;7;0;2;6;16;1
202000003882;154 735 408;7;0;2;1;13;1
202000003882;154 735 409;7;0;2;1;1;1
202000003883;154 735 407;30;0;1;0;1;0
202000003884;154 735 405;33;0;2;5;1;1
202000003884;154 735 406;7;0;2;2;9;1
202000003885;154 735 403;7;0;2;4;20;1
202000003885;154 735 404;7;0;2;2;1;1
202000003886;154 735 402;33;3;0;1;1;1
202000003887;154 735 400;7;0;1;4;23;1
202000003887;154 735 401;7;0;2;1;2;1
202000003888;154 735 398;7;0;2;2;16;1
202000003888;154 735 399;33;0;2;1;18;1
202000003889;154 735 396;1;0;2;1;1;5
202000003889;154 735 397;7;0;2;3;15;1
202000003890;154 735 394;7;0;2;3;15;1
202000003890;154 735 395;2;0;2;1;17;1
202000003891;154 735 392;7;0;2;1;9;1
202000003891;154 735 393;33;0;2;7;1;1
202000003892;154 735 391;34;12;0;7;14;1
202000003893;154 735 390;7;0;1;4;20;1
202000003894;154 735 388;7;0;2;4;2;1
202000003894;154 735 389;7;0;2;1;2;1
202000003895;154 735 386;7;7;0;1;9;1
202000003896;154 735 384;32;0;2;7;17;1
202000003896;154 735 385;7;0;2;3;10;1
202000003897;154 735 382;7;0;2;2;0;0
202000003897;154 735 383;7;0;2;1;15;0
202000003898;154 735 380;32;0;2;1;2;1
202000003898;154 735 381;7;0;2;6;2;1
202000003899;154 735 378;7;0;2;1;1;1
202000003899;154 735 379;7;0;2;2;1;1
202000003900;154 735 376;7;0;2;4;0;0
202000003900;154 735 377;7;0;2;1;0;1
202000003901;154 735 375;7;0;1;4;4;1
202000003902;154 735 373;10;0;2;2;15;1
202000003902;154 735 374;80;0;2;7;1;3
202000003903;154 735 371;30;0;2;1;19;1
202000003903;154 735 372;32;0;2;1;1;1
202000003904;154 735 370;33;0;5;1;1;1
202000003905;154 735 368;7;0;2;3;0;1
202000003905;154 735 369;1;0;2;6;0;6
202000003906;154 735 367;7;0;1;3;15;1
202000003907;154 735 365;32;0;2;3;1;1
202000003907;154 735 366;7;0;2;1;15;1
202000003908;154 735 364;33;0;1;1;1;1
202000003909;154 735 362;13;0;2;7;1;1
202000003909;154 735 363;7;0;2;1;1;1
202000003910;154 735 360;37;0;2;4;23;1
202000003910;154 735 361;20;0;2;1;26;1
202000003911;154 735 358;33;0;2;1;17;1
202000003911;154 735 359;7;0;2;3;15;1
202000003912;154 735 356;7;0;2;4;23;1
202000003912;154 735 357;30;0;2;1;2;1
202000003913;154 735 355;33;0;0;7;1;1
202000003914;154 735 352;7;0;2;2;11;1
202000003914;154 735 353;7;0;2;6;1;1
202000003914;154 735 354;31;0;2;3;3;1
202000003915;154 735 350;7;0;2;7;12;0
202000003915;154 735 351;33;0;2;8;3;1
202000003916;154 735 348;7;0;2;3;1;1
202000003916;154 735 349;7;0;2;8;1;1
202000003917;154 735 347;37;0;1;7;1;1
202000003918;154 735 346;7;0;1;0;1;0
202000003919;154 735 345;50;0;1;8;1;3
202000003920;154 735 343;30;0;2;1;15;1
202000003920;154 735 344;7;0;2;5;1;1
202000003921;154 735 342;30;1;0;2;14;1
202000003922;154 735 340;7;0;2;5;2;1
202000003922;154 735 341;43;0;2;2;2;1
202000003923;154 735 338;7;0;2;3;15;1
202000003923;154 735 339;7;0;2;8;1;1
202000003924;154 735 337;7;14;0;1;1;1
202000003925;154 735 335;1;0;2;8;1;5
202000003925;154 735 336;30;0;2;1;16;1
202000003926;154 735 334;7;0;1;0;1;1
202000003927;154 735 332;1;0;2;1;7;5
202000003927;154 735 333;14;0;2;8;22;1
202000003928;154 735 331;50;0;0;0;1;3
202000003929;154 735 330;50;0;1;4;25;3
202000003930;154 735 328;33;0;2;3;1;1
202000003930;154 735 329;7;0;2;6;1;1
202000003931;154 735 326;7;0;2;8;1;1
202000003931;154 735 327;7;0;2;1;1;1
202000003932;154 735 324;60;0;2;0;13;5
202000003932;154 735 325;13;0;2;0;0;0
202000003933;154 735 322;7;0;2;1;2;1
202000003933;154 735 323;7;0;2;4;2;1
202000003934;154 735 320;7;0;2;1;9;0
202000003934;154 735 321;1;0;2;4;9;5
202000003935;154 735 319;32;0;0;0;7;0
202000003936;154 735 318;33;0;1;1;1;0
202000003937;154 735 316;7;0;2;6;17;1
202000003937;154 735 317;2;0;2;1;1;0
202000003938;154 735 314;30;0;2;8;15;0
202000003938;154 735 315;7;0;2;1;1;0
202000003939;154 735 312;7;0;2;0;0;0
202000003939;154 735 313;7;0;2;6;1;1
202000003940;154 735 310;34;0;2;1;1;1
202000003940;154 735 311;7;0;2;5;15;1
202000003941;154 735 309;7;0;1;3;26;1
202000003942;154 735 308;7;2;0;1;1;1
202000003943;154 735 306;2;0;2;1;17;1
202000003943;154 735 307;7;0;2;8;15;1
202000003944;154 735 305;7;1;0;2;1;0
202000003945;154 735 303;2;0;9;1;1;6
202000003945;154 735 304;1;0;2;4;19;5
202000003946;154 735 301;33;0;2;6;26;0
202000003946;154 735 302;7;0;2;1;15;0
202000003947;154 735 299;7;0;2;3;1;1
202000003947;154 735 300;7;0;2;1;9;1
202000003948;154 735 297;7;0;2;4;23;0
202000003948;154 735 298;7;0;2;1;2;0
202000003949;154 735 295;10;0;2;3;2;3
202000003949;154 735 296;14;0;2;3;18;1
202000003950;154 735 293;7;12;0;2;1;1
202000003950;154 735 294;7;0;2;1;19;1
202000003951;154 735 292;33;0;0;9;26;1
202000003952;154 735 290;10;0;2;1;2;1
202000003952;154 735 291;1;0;2;4;2;5
202000003953;154 735 288;7;7;0;2;15;0
202000003953;154 735 289;7;0;2;3;1;0
202000003954;154 735 286;1;0;2;0;1;5
202000003954;154 735 287;21;0;2;8;1;1
202000003955;154 735 285;7;0;1;2;1;0
202000003956;154 735 283;7;0;2;3;15;1
202000003956;154 735 284;33;0;2;0;17;1
202000003957;154 735 282;7;3;0;1;2;0
202000003958;154 735 281;7;0;1;2;1;1
202000003959;154 735 279;7;0;0;8;10;1
202000003959;154 735 280;31;0;2;1;2;1
202000003960;154 735 278;2;7;0;3;1;1
202000003961;154 735 276;7;0;2;7;15;1
202000003961;154 735 277;7;0;2;1;1;1
202000003962;154 735 274;7;0;2;3;1;0
202000003962;154 735 275;7;0;2;3;1;0
202000003963;154 735 273;7;13;0;9;21;1
202000003964;154 735 270;7;0;0;4;1;1
202000003964;154 735 271;7;0;0;1;1;1
202000003964;154 735 272;7;0;0;4;1;1
202000003965;154 735 268;7;0;2;2;1;1
202000003965;154 735 269;1;0;2;1;19;5
202000003966;154 735 267;2;0;0;8;1;1
202000003967;154 735 266;7;6;0;1;0;1
202000003968;154 735 264;1;0;2;1;1;6
202000003968;154 735 265;7;0;9;2;15;0
202000003969;154 735 263;7;13;0;1;2;1
202000003970;154 735 261;1;0;2;1;1;5
202000003970;154 735 262;7;0;2;2;9;1
202000003971;154 735 260;7;11;0;9;5;1
202000003972;154 735 259;7;17;0;1;14;1
202000003973;154 735 257;34;0;2;3;13;1
202000003973;154 735 258;7;0;2;3;1;1
202000003974;154 735 255;17;0;2;2;21;1
202000003974;154 735 256;7;0;0;3;15;1
202000003975;154 735 254;7;3;0;3;1;1
202000003976;154 735 251;21;0;2;7;9;1
202000003976;154 735 252;31;0;2;1;1;1
202000003977;154 735 249;33;0;2;1;1;1
202000003977;154 735 250;7;0;2;2;9;1
202000003978;154 735 247;7;0;2;1;1;1
202000003978;154 735 248;7;0;0;1;17;0
202000003979;154 735 245;7;0;0;1;17;1
202000003979;154 735 246;7;0;2;1;1;1
202000003980;154 735 243;14;0;2;5;4;1
202000003980;154 735 244;7;0;2;1;1;1
202000003981;154 735 241;7;0;2;3;15;1
202000003981;154 735 242;33;1;2;8;1;1
202000003982;154 735 239;2;0;2;7;1;1
202000003982;154 735 240;7;0;2;2;1;1
202000003983;154 735 238;7;15;0;1;1;1
202000003984;154 735 237;7;0;1;6;4;1
202000003985;154 735 235;34;0;0;8;1;0
202000003985;154 735 236;7;0;2;1;19;1
202000003986;154 735 234;2;0;0;7;2;1
202000003987;154 735 233;2;0;0;0;0;1
202000003988;154 735 231;7;0;2;5;12;1
202000003988;154 735 232;7;0;2;3;1;3
202000003989;154 735 228;33;0;2;2;2;0
202000003989;154 735 229;7;0;2;2;2;0
202000003989;154 735 230;7;0;0;6;2;0
202000003990;154 735 226;17;0;2;3;1;1
202000003990;154 735 227;33;0;2;1;17;1
202000003991;154 735 224;1;0;2;1;1;5
202000003991;154 735 225;7;0;9;2;15;1
202000003992;154 735 222;2;0;2;8;26;1
202000003992;154 735 223;10;0;2;4;26;1
202000003993;154 735 220;33;0;2;1;1;1
202000003993;154 735 221;7;0;0;5;1;1
202000003994;154 735 218;7;6;2;1;2;1
202000003994;154 735 219;7;3;0;5;2;1
202000003995;154 735 216;7;0;2;1;19;1
202000003995;154 735 217;7;0;2;1;1;1
202000003996;154 735 215;2;0;6;0;0;1
202000003997;154 735 214;33;0;0;0;1;1
202000003998;154 735 212;2;0;2;1;1;1
202000003998;154 735 213;7;0;0;6;9;1
202000003999;154 735 210;2;0;2;2;1;1
202000003999;154 735 211;7;0;2;3;9;1
202000004000;154 735 208;7;0;2;1;19;1
202000004000;154 735 209;7;0;2;2;1;0
202000004001;154 735 207;31;7;0;1;14;1
202000004002;154 735 205;10;0;2;3;10;1
202000004002;154 735 206;33;0;2;1;1;1
202000004003;154 735 203;7;0;2;3;15;1
202000004003;154 735 204;33;0;2;1;1;1
202000004004;154 735 202;33;6;0;8;13;1
202000004005;154 735 200;43;0;2;1;18;1
202000004005;154 735 201;10;0;2;7;14;1
202000004006;154 735 198;7;0;2;3;2;1
202000004006;154 735 199;7;0;2;5;1;1
202000004007;154 735 196;7;0;2;4;1;1
202000004007;154 735 197;7;0;2;1;2;1
202000004008;154 735 193;7;0;2;1;1;1
202000004008;154 735 194;7;0;2;0;1;1
202000004008;154 735 195;7;0;2;6;1;1
202000004009;154 735 192;32;3;0;1;0;1
202000004010;154 735 191;33;0;0;0;3;1
202000004011;154 735 188;7;0;2;1;2;1
202000004011;154 735 189;7;0;2;1;2;1
202000004011;154 735 190;7;0;2;4;2;1
202000004012;154 735 184;7;0;2;4;1;1
202000004012;154 735 185;7;0;2;3;1;1
202000004012;154 735 186;33;0;2;7;3;1
202000004012;154 735 187;7;0;2;2;12;1
202000004013;154 735 181;10;0;2;1;1;1
202000004013;154 735 182;10;0;2;4;2;6
202000004013;154 735 183;7;0;2;4;2;1
202000004014;154 735 178;7;0;2;1;1;1
202000004014;154 735 179;7;0;2;4;1;1
202000004014;154 735 180;7;0;2;4;1;1
202000004015;154 735 176;7;0;2;2;12;1
202000004015;154 735 177;33;0;2;1;3;1
202000004016;154 735 174;33;0;2;7;1;1
202000004016;154 735 175;10;0;2;3;11;1
202000004017;154 735 171;7;0;2;4;2;1
202000004017;154 735 172;7;0;2;1;2;1
202000004017;154 735 173;7;0;9;4;2;1
202000004018;154 735 169;31;0;2;1;1;1
202000004018;154 735 170;7;0;2;2;15;1
202000004019;154 735 166;7;0;2;2;11;1
202000004019;154 735 167;7;0;2;1;17;1
202000004019;154 735 168;13;0;2;6;1;1
202000004020;154 735 165;33;0;0;7;16;1
202000004021;154 735 163;15;0;2;6;23;0
202000004021;154 735 164;2;0;5;1;21;1
202000004022;154 735 161;99;0;2;7;16;6
202000004022;154 735 162;30;0;2;8;1;6
202000004023;154 735 158;7;3;0;1;1;1
202000004024;154 735 156;7;0;2;1;15;1
202000004024;154 735 157;33;0;2;1;1;1
202000004025;154 735 154;7;0;2;1;1;1
202000004025;154 735 155;1;0;2;1;5;5
202000004026;154 735 153;7;0;1;1;1;1
202000004027;154 735 152;30;12;2;7;1;1
202000004028;154 735 151;7;6;0;2;0;1
202000004029;154 735 150;7;0;1;7;1;1
202000004030;154 735 148;32;0;2;1;3;1
202000004030;154 735 149;7;0;2;3;15;3
202000004031;154 735 146;31;0;2;1;2;1
202000004031;154 735 147;7;0;2;6;2;1
202000004032;154 735 143;7;0;2;1;2;1
202000004032;154 735 144;7;0;2;9;2;1
202000004032;154 735 145;7;0;2;4;2;1
202000004033;154 735 141;7;0;2;4;2;1
202000004033;154 735 142;7;0;2;1;2;1
202000004034;154 735 139;10;0;2;8;11;1
202000004034;154 735 140;33;0;2;1;17;1
202000004035;154 735 138;7;7;0;3;12;1
202000004036;154 735 135;7;0;2;4;23;1
202000004036;154 735 136;7;0;2;5;23;1
202000004036;154 735 137;7;0;2;3;21;1
202000004037;154 735 134;7;5;0;2;14;1
202000004038;154 735 132;7;0;2;3;11;1
202000004038;154 735 133;34;0;2;1;1;1
202000004039;154 735 130;33;0;2;1;3;1
202000004039;154 735 131;7;0;2;0;12;1
202000004040;154 735 129;33;4;0;8;1;1
202000004041;154 735 127;33;0;2;6;1;1
202000004041;154 735 128;10;0;2;1;3;0
202000004042;154 735 125;7;0;2;4;0;1
202000004042;154 735 126;10;0;2;1;11;1
202000004043;154 735 123;33;0;2;8;3;1
202000004043;154 735 124;7;0;2;7;12;1
202000004044;154 735 118;7;0;2;4;1;0
202000004044;154 735 119;7;0;2;4;1;0
202000004044;154 735 120;7;0;2;1;1;1
202000004044;154 735 121;7;0;2;4;1;1
202000004044;154 735 122;7;0;2;4;1;1
202000004045;154 735 116;7;0;2;8;1;1
202000004045;154 735 117;7;0;2;1;19;1
202000004046;154 735 115;7;12;1;1;13;1
202000004047;154 735 113;7;0;2;3;15;1
202000004047;154 735 114;2;0;2;1;3;1
202000004048;154 735 112;10;0;1;2;1;1
202000004049;154 735 111;7;0;1;0;1;-1
202000004050;154 735 109;7;4;2;3;14;1
202000004050;154 735 110;7;0;2;5;1;1
202000004051;154 735 107;7;1;0;1;0;1
202000004051;154 735 108;7;1;0;8;0;1
202000004052;154 735 106;7;0;1;1;26;6
202000004053;154 735 104;7;2;2;6;1;1
202000004053;154 735 105;7;0;2;2;12;1
202000004054;154 735 101;7;0;2;1;23;1
202000004054;154 735 102;33;0;2;1;1;1
202000004054;154 735 103;7;0;2;7;15;1
202000004055;154 735 100;33;4;0;1;18;1
202000004056;154 735 096;10;0;2;5;15;1
202000004056;154 735 097;7;0;2;1;1;1
202000004057;154 735 090;7;0;2;3;1;1
202000004057;154 735 091;7;0;2;1;9;1
202000004058;154 735 089;33;0;0;8;13;1
202000004059;154 735 087;7;0;2;3;9;1
202000004059;154 735 088;7;0;2;1;1;1
202000004060;154 735 085;7;0;2;3;1;1
202000004060;154 735 086;50;0;2;3;5;3
202000004061;154 735 083;7;0;2;1;2;1
202000004061;154 735 084;7;0;2;4;2;1
202000004062;154 735 080;7;1;2;2;17;1
202000004062;154 735 081;7;1;2;1;1;1
202000004062;154 735 082;7;1;2;3;1;1
202000004063;154 735 078;1;0;2;3;1;5
202000004063;154 735 079;7;0;2;2;15;1
202000004064;154 735 076;7;0;2;3;15;1
202000004064;154 735 077;32;0;2;3;1;1
202000004065;154 735 074;1;0;2;1;1;5
202000004065;154 735 075;1;0;2;1;5;5
202000004066;154 735 073;30;0;0;8;1;1
202000004067;154 735 071;32;0;2;2;17;1
202000004067;154 735 072;7;0;2;3;15;1
202000004068;154 735 069;7;0;2;4;2;1
202000004068;154 735 070;7;0;2;1;2;1
202000004069;154 735 067;7;0;2;3;1;1
202000004069;154 735 068;7;0;2;3;1;1
202000004070;154 735 065;20;0;0;4;2;1
202000004070;154 735 066;7;0;2;1;26;1
202000004071;154 735 063;7;0;2;7;19;1
202000004071;154 735 064;42;0;2;1;1;1
202000004072;154 735 062;7;0;1;1;16;1
202000004073;154 735 060;33;0;2;1;17;1
202000004073;154 735 061;7;0;2;3;15;1
202000004074;154 735 059;7;11;0;1;13;1
202000004075;154 735 058;7;0;1;1;1;1
202000004076;154 735 055;7;0;2;1;2;1
202000004076;154 735 056;7;0;2;4;2;1
202000004076;154 735 057;7;0;2;4;2;1
202000004077;154 735 053;7;0;2;1;9;1
202000004077;154 735 054;7;0;2;2;1;1
202000004078;154 735 052;7;0;1;2;1;1
202000004079;154 735 051;7;0;1;1;1;1
202000004080;154 735 049;2;0;2;8;15;1
202000004080;154 735 050;7;0;2;7;17;1
202000004081;154 735 048;7;0;1;2;1;2
202000004082;154 735 046;14;0;2;4;2;1
202000004082;154 735 047;7;0;2;1;2;1
202000004083;154 735 043;43;0;2;3;26;1
202000004083;154 735 045;7;0;0;0;0;1
202000004084;154 735 044;30;0;0;8;16;1
202000004085;154 735 040;32;0;2;5;1;1
202000004085;154 735 041;7;0;2;3;15;1
202000004086;154 735 042;7;8;0;1;26;1
202000004087;154 735 039;30;0;1;0;1;1
202000004088;154 735 036;7;15;1;1;16;1
202000004089;154 735 034;7;0;2;1;2;1
202000004089;154 735 035;7;14;0;4;2;1
202000004089;154 735 037;7;14;0;0;1;1
202000004089;154 735 038;7;0;2;4;0;1
202000004090;154 735 032;7;0;2;3;23;3
202000004090;154 735 033;99;0;2;8;25;0
202000004091;154 735 030;7;0;2;4;4;1
202000004091;154 735 031;1;0;2;1;1;5
202000004092;154 735 028;7;0;2;3;15;1
202000004092;154 735 029;7;0;2;2;17;1
202000004093;154 735 027;50;0;0;0;1;3
202000004094;154 735 024;7;0;2;1;13;1
202000004094;154 735 026;7;0;2;1;1;1
202000004095;154 735 025;2;0;0;1;26;1
202000004096;154 735 023;31;0;1;1;1;1
202000004097;154 735 020;50;0;2;1;19;3
202000004097;154 735 022;32;0;2;8;1;1
202000004098;154 735 019;7;0;2;1;2;1
202000004098;154 735 021;7;0;2;4;2;1
202000004099;154 735 017;7;12;0;2;14;6
202000004100;154 735 018;31;0;0;0;1;3
202000004101;154 735 015;7;0;1;3;1;1
202000004102;154 735 014;7;0;2;4;2;1
202000004102;154 735 016;2;0;2;1;2;1
202000004103;154 735 012;10;0;1;3;26;1
202000004104;154 735 011;7;0;2;7;9;1
202000004104;154 735 013;1;0;2;7;15;0
202000004105;154 735 010;7;12;0;1;26;1
202000004106;154 735 006;7;0;2;1;23;1
202000004106;154 735 008;7;12;2;1;1;1
202000004106;154 735 009;7;0;2;0;26;0
202000004107;154 735 005;7;0;2;7;26;0
202000004107;154 735 007;37;0;2;3;1;0
202000004108;154 735 003;10;0;1;1;1;1
202000004109;154 735 002;7;0;9;2;23;0
202000004109;154 735 004;1;0;2;1;1;5
202000004110;154 735 000;7;0;1;1;15;1
202000004111;154 734 999;1;1;2;3;21;5
202000004111;154 735 001;7;0;2;2;1;1
202000004112;154 734 997;31;0;0;1;1;1
202000004112;154 734 998;7;0;2;0;0;1
202000004113;154 734 994;33;0;1;1;1;1
202000004113;154 734 996;37;0;2;8;23;4
202000004114;154 734 993;7;0;2;3;15;1
202000004114;154 734 995;43;0;2;2;17;1
202000004115;154 734 990;80;0;2;1;1;3
202000004115;154 734 992;7;0;2;3;15;1
202000004116;154 734 987;10;0;2;4;1;1
202000004116;154 734 988;10;0;2;4;1;1
202000004116;154 734 989;10;0;2;4;23;1
202000004116;154 734 991;10;0;2;1;1;0
202000004117;154 734 985;2;0;2;0;1;0
202000004117;154 734 986;10;0;2;3;16;1
202000004118;154 734 983;7;13;0;1;1;1
202000004119;154 734 980;7;0;2;3;1;1
202000004119;154 734 981;7;0;2;3;15;1
202000004120;154 734 978;7;0;2;1;15;1
202000004120;154 734 979;7;0;2;7;1;1
202000004121;154 734 976;7;0;2;1;13;1
202000004121;154 734 977;7;0;2;4;1;1
202000004122;154 734 982;7;0;2;3;1;1
202000004122;154 734 984;7;0;2;2;9;1
202000004123;154 734 974;37;0;2;8;2;0
202000004123;154 734 975;1;0;2;7;2;0
202000004124;154 734 972;7;0;2;8;16;1
202000004124;154 734 973;30;0;2;1;1;1
202000004125;154 734 970;7;0;2;4;2;0
202000004125;154 734 971;7;0;2;1;2;0
202000004126;154 734 966;7;0;2;4;1;1
202000004126;154 734 967;7;0;2;1;1;1
202000004127;154 734 962;7;0;2;2;15;0
202000004127;154 734 965;2;0;2;1;2;0
202000004128;154 734 961;10;0;2;4;1;0
202000004128;154 734 963;7;0;2;4;1;1
202000004128;154 734 964;7;0;2;1;1;1
202000004129;154 734 958;33;0;2;2;1;1
202000004129;154 734 960;7;0;2;3;15;3
202000004130;154 734 957;7;0;2;3;1;0
202000004130;154 734 959;33;0;2;3;1;0
202000004131;154 734 955;7;0;2;6;1;1
202000004131;154 734 956;31;0;2;1;1;1
202000004132;154 734 953;7;0;2;2;15;0
202000004132;154 734 954;34;0;2;1;7;0
202000004133;154 734 951;99;13;0;1;14;1
202000004134;154 734 950;32;0;2;1;0;0
202000004134;154 734 952;7;0;2;6;15;0
202000004135;154 734 948;7;0;1;1;2;1
202000004136;154 734 947;7;0;2;2;17;1
202000004136;154 734 949;1;0;2;0;10;5
202000004137;154 734 945;7;0;1;1;1;1
202000004138;154 734 944;7;0;0;4;2;1
202000004138;154 734 946;7;0;2;1;2;1
202000004139;154 734 943;33;13;0;2;14;0
202000004140;154 734 941;99;0;2;1;19;1
202000004140;154 734 942;7;0;2;8;1;1
202000004141;154 734 939;31;0;2;1;1;1
202000004141;154 734 940;7;0;2;2;15;1
202000004142;154 734 938;34;13;0;1;1;1
202000004143;154 734 936;7;0;2;2;1;1
202000004143;154 734 937;7;0;2;3;1;1
202000004144;154 734 934;7;3;2;3;1;1
202000004144;154 734 935;7;3;2;3;13;1
202000004145;154 734 932;7;0;2;3;13;1
202000004145;154 734 933;31;0;2;7;1;1
202000004146;154 734 930;7;0;2;3;5;1
202000004146;154 734 931;7;0;2;3;0;1
202000004147;154 734 928;7;0;1;2;1;1
202000004148;154 734 927;30;0;2;1;25;1
202000004148;154 734 929;7;0;2;2;1;1
202000004149;154 734 924;31;0;2;7;1;1
202000004149;154 734 925;7;0;2;1;9;1
202000004150;154 734 922;7;0;2;1;13;1
202000004150;154 734 923;7;0;2;1;1;1
202000004150;154 734 926;7;0;2;1;1;1
202000004151;154 734 921;7;0;1;2;1;1
202000004152;154 734 919;7;0;2;1;5;1
202000004152;154 734 920;7;0;2;1;1;1
202000004153;154 734 918;7;0;1;1;1;1
202000004154;154 734 916;7;0;2;1;1;1
202000004154;154 734 917;33;0;2;0;1;1
202000004155;154 734 915;7;11;0;9;26;1
202000004156;154 734 912;7;0;2;2;21;0
202000004156;154 734 914;99;0;2;3;1;0
202000004157;154 734 911;10;0;2;1;2;1
202000004157;154 734 913;7;0;2;4;1;1
202000004158;154 734 910;7;6;0;1;0;0
202000004159;154 734 904;33;0;2;8;1;1
202000004159;154 734 905;7;0;2;7;12;1
202000004160;154 734 899;7;0;2;1;1;1
202000004160;154 734 901;7;0;2;3;1;1
202000004160;154 734 903;7;6;2;3;13;1
202000004161;154 734 898;7;0;2;2;12;3
202000004161;154 734 900;31;0;2;3;3;1
202000004161;154 734 902;10;0;2;6;1;1
202000004162;154 734 896;7;0;0;1;1;1
202000004162;154 734 897;7;0;0;2;15;1
202000004163;154 734 894;7;0;2;5;16;1
202000004163;154 734 895;31;0;2;1;2;1
202000004164;154 734 890;7;0;2;3;2;1
202000004164;154 734 893;33;0;2;2;19;1
202000004165;154 734 891;10;0;2;3;15;1
202000004165;154 734 892;30;0;2;1;17;1
202000004166;154 734 889;33;0;0;7;0;0
202000004167;154 734 888;1;9;0;1;1;5
202000004168;154 734 887;33;0;0;0;1;1
202000004169;154 734 884;7;0;2;6;24;1
202000004169;154 734 886;7;0;2;3;13;1
202000004170;154 734 883;7;0;2;1;13;1
202000004170;154 734 885;7;0;2;1;1;1
202000004171;154 734 881;2;0;2;2;17;1
202000004171;154 734 882;7;0;2;1;15;1
202000004172;154 734 879;10;0;2;3;13;1
202000004172;154 734 880;7;0;2;3;14;1
202000004173;154 734 877;7;0;2;1;1;0
202000004173;154 734 878;7;0;2;7;19;0
202000004174;154 734 875;30;0;2;1;13;1
202000004174;154 734 876;7;0;2;3;23;2
202000004175;154 734 874;7;4;0;3;1;1
202000004176;154 734 873;1;0;0;7;1;5
202000004177;154 734 870;13;0;2;7;1;1
202000004177;154 734 871;7;0;2;7;1;1
202000004178;154 734 872;7;0;1;2;1;1
202000004179;154 734 869;1;0;1;1;1;5
202000004180;154 734 865;2;0;2;1;1;1
202000004180;154 734 867;7;0;2;3;1;1
202000004181;154 734 862;7;13;2;3;1;1
202000004181;154 734 864;7;10;2;3;5;1
202000004182;154 734 861;1;0;2;3;1;5
202000004182;154 734 863;3;0;9;7;2;1
202000004183;154 734 860;7;1;0;1;1;1
202000004184;154 734 857;10;0;2;2;1;1
202000004184;154 734 859;33;0;2;1;1;1
202000004185;154 734 856;33;0;2;1;14;1
202000004185;154 734 858;33;0;2;4;16;1
202000004186;154 734 854;7;0;2;5;21;1
202000004186;154 734 855;2;0;2;1;2;1
202000004187;154 734 853;7;6;0;1;0;1
202000004188;154 734 851;33;13;0;1;1;1
202000004189;154 734 849;7;8;0;1;0;1
202000004190;154 734 848;7;0;2;2;13;1
202000004190;154 734 850;7;0;2;0;0;1
202000004190;154 734 852;50;0;2;2;13;3
202000004191;154 734 847;33;1;0;1;14;1
202000004192;154 734 845;30;0;2;1;0;0
202000004192;154 734 846;7;0;2;2;16;1
202000004193;154 734 844;7;0;1;1;9;1
202000004194;154 734 843;31;2;0;1;1;1
202000004195;154 734 840;7;0;2;7;19;1
202000004195;154 734 842;1;0;2;6;1;5
202000004196;154 734 839;7;3;2;5;17;1
202000004196;154 734 841;7;0;2;3;13;1
202000004197;154 734 838;7;0;1;2;1;1
202000004198;154 734 836;7;0;2;2;13;1
202000004198;154 734 837;1;0;2;1;1;5
202000004199;154 734 835;7;0;1;1;1;1
202000004200;154 734 832;7;8;0;1;1;1
202000004201;154 734 833;7;0;2;1;2;1
202000004201;154 734 834;7;0;0;4;23;1
202000004202;154 734 829;7;0;2;2;26;1
202000004202;154 734 831;7;0;0;3;1;1
202000004203;154 734 830;7;4;0;1;26;1
202000004204;154 734 826;30;0;2;1;17;1
202000004204;154 734 828;16;0;2;3;15;1
202000004205;154 734 824;7;0;2;6;2;1
202000004205;154 734 825;33;0;2;1;2;1
202000004206;154 734 823;10;0;2;4;1;1
202000004206;154 734 827;7;0;2;1;1;1
202000004207;154 734 821;33;0;0;7;1;1
202000004208;154 734 819;13;1;0;3;0;1
202000004208;154 734 820;7;1;2;3;2;1
202000004208;154 734 822;7;0;2;1;15;1
202000004209;154 734 817;2;0;2;1;1;0
202000004209;154 734 818;7;0;2;2;15;0
202000004210;154 734 814;7;0;2;4;2;1
202000004210;154 734 815;7;0;2;4;1;0
202000004210;154 734 816;7;0;2;1;2;1
202000004211;154 734 813;31;0;1;1;11;1
202000004212;154 734 811;33;0;0;4;2;1
202000004212;154 734 812;7;0;2;1;2;1
202000004213;154 734 809;7;0;2;2;10;0
202000004213;154 734 810;2;0;2;1;1;0
202000004214;154 734 808;10;0;1;2;0;0
202000004215;154 734 807;7;0;1;1;1;1
202000004216;154 734 806;7;13;0;1;0;1
202000004217;154 734 804;2;0;2;3;1;0
202000004217;154 734 805;7;0;2;2;16;0
202000004218;154 734 801;7;0;2;1;1;1
202000004218;154 734 803;2;0;0;4;1;1
202000004219;154 734 800;7;0;2;1;1;0
202000004219;154 734 802;7;0;2;3;10;0
202000004220;154 734 798;7;0;2;1;1;1
202000004220;154 734 799;7;0;2;5;0;1
202000004221;154 734 796;7;0;2;5;16;1
202000004221;154 734 797;34;0;2;0;0;1