Num_Acc;id_vehicule;catv;obs;obsm;choc;manv;motor
202000004602;154 734 160;1;0;2;1;1;5
202000004602;154 734 161;7;0;2;4;2;1
202000004603;154 734 158;34;0;2;1;5;1
202000004603;154 734 159;7;0;2;3;1;1
202000004604;154 734 157;31;0;0;7;13;1
202000004605;154 734 155;2;0;2;8;1;1
202000004605;154 734 156;7;0;2;1;15;1
202000004606;154 734 154;7;0;1;3;15;1
202000004607;154 734 152;7;0;2;3;19;1
202000004607;154 734 153;31;0;2;0;1;1
202000004608;154 734 150;2;0;2;8;1;0
202000004608;154 734 151;7;0;2;2;1;1
202000004609;154 734 149;7;1;0;2;21;1
202000004610;154 734 147;10;0;0;3;1;1
202000004610;154 734 148;1;0;2;1;16;5
202000004611;154 734 145;7;0;2;3;15;1
202000004611;154 734 146;31;0;2;1;1;1
202000004612;154 734 143;33;0;2;7;1;1
202000004612;154 734 144;7;0;2;1;15;1
202000004613;154 734 139;10;0;2;3;9;1
202000004613;154 734 140;50;0;2;1;1;3
202000004614;154 734 138;7;0;1;1;15;1
202000004615;154 734 137;7;4;0;1;1;1
202000004616;154 734 135;7;0;2;1;15;1
202000004616;154 734 136;1;0;2;8;1;5
202000004617;154 734 133;7;0;2;3;15;1
202000004617;154 734 134;1;0;2;1;1;5
202000004618;154 734 132;30;14;0;2;9;1
202000004619;154 734 131;2;14;0;2;16;1
202000004620;154 734 128;7;0;2;4;23;2
202000004620;154 734 129;7;0;2;4;23;1
202000004620;154 734 130;7;0;2;1;2;1
202000004621;154 734 126;7;0;0;0;0;0
202000004621;154 734 127;30;0;2;4;1;1
202000004622;154 734 125;17;0;1;2;1;1
202000004623;154 734 123;31;0;2;1;1;1
202000004623;154 734 124;10;0;2;2;19;1
202000004624;154 734 122;7;6;0;8;26;1
202000004625;154 734 121;7;0;1;7;1;1
202000004626;154 734 119;7;0;2;1;1;1
202000004626;154 734 120;7;0;2;8;1;1
202000004627;154 734 118;7;13;0;1;1;1
202000004628;154 734 116;7;0;2;1;1;1
202000004628;154 734 117;1;0;2;1;1;5
202000004629;154 734 114;33;0;2;8;17;1
202000004629;154 734 115;7;0;2;8;1;1
202000004630;154 734 113;7;0;1;3;15;1
202000004631;154 734 111;7;0;2;3;15;1
202000004631;154 734 112;7;0;2;3;1;3
202000004632;154 734 109;7;0;2;4;1;1
202000004632;154 734 110;7;0;2;1;1;1
202000004633;154 734 107;7;0;2;6;15;1
202000004633;154 734 108;1;0;2;1;15;5
202000004634;154 734 105;99;0;2;3;1;3
202000004634;154 734 106;7;0;2;0;1;1
202000004635;154 734 102;7;0;2;1;1;1
202000004635;154 734 103;7;0;2;4;1;1
202000004635;154 734 104;7;3;2;1;1;1
202000004636;154 734 100;7;0;2;5;15;1
202000004636;154 734 101;50;0;2;2;1;3
202000004637;154 734 098;30;0;2;1;5;0
202000004637;154 734 099;7;0;2;7;1;1
202000004638;154 734 097;7;1;0;2;1;1
202000004639;154 734 095;1;0;2;8;0;5
202000004639;154 734 096;1;0;2;0;2;5
202000004640;154 734 092;7;0;2;4;1;1
202000004640;154 734 093;7;0;0;0;0;0
202000004640;154 734 094;7;0;2;8;1;1
202000004641;154 734 090;7;0;2;2;1;1
202000004641;154 734 091;7;0;2;6;11;1
202000004642;154 734 089;7;13;0;2;13;1
202000004643;154 734 087;33;0;2;1;2;1
202000004643;154 734 088;7;0;2;2;15;1
202000004644;154 734 085;7;0;2;0;0;0
202000004644;154 734 086;33;0;2;1;1;1
202000004645;154 734 083;7;0;2;3;19;1
202000004645;154 734 084;2;0;2;1;1;1
202000004646;154 734 080;1;0;2;4;1;5
202000004646;154 734 081;7;0;2;3;9;1
202000004647;154 734 077;10;0;2;4;2;1
202000004647;154 734 078;10;0;2;1;2;1
202000004647;154 734 079;7;0;2;4;2;1
202000004648;154 734 075;33;0;2;7;1;0
202000004648;154 734 076;10;0;2;6;10;1
202000004649;154 734 073;7;9;2;2;1;0
202000004649;154 734 074;7;9;2;3;15;0
202000004650;154 734 070;7;0;2;1;2;1
202000004650;154 734 071;7;0;2;1;1;1
202000004650;154 734 072;10;0;2;1;16;1
202000004651;154 734 069;7;0;1;1;1;1
202000004652;154 734 067;30;0;2;2;3;1
202000004652;154 734 068;7;0;2;3;9;1
202000004653;154 734 065;7;0;0;0;0;1
202000004653;154 734 066;33;0;2;1;1;1
202000004654;154 734 064;7;4;0;3;13;1
202000004655;154 734 062;33;0;2;3;1;1
202000004655;154 734 063;7;0;2;5;12;1
202000004656;154 734 060;7;0;2;2;15;1
202000004656;154 734 061;32;0;2;1;1;1
202000004657;154 734 058;33;0;2;1;1;1
202000004657;154 734 059;7;0;2;5;15;2
202000004658;154 734 057;7;0;1;2;1;1
202000004659;154 734 055;30;0;2;1;2;1
202000004659;154 734 056;7;0;2;6;23;1
202000004660;154 734 053;7;0;2;6;15;1
202000004660;154 734 054;30;0;2;1;1;1
202000004661;154 734 052;33;14;0;1;13;1
202000004662;154 734 049;50;0;2;2;18;3
202000004662;154 734 050;7;0;2;6;24;2
202000004662;154 734 051;7;0;2;2;23;3
202000004663;154 734 048;1;0;1;1;1;5
202000004664;154 734 047;80;0;0;0;1;3
202000004665;154 734 045;1;0;2;0;1;5
202000004665;154 734 046;7;0;2;3;1;1
202000004666;154 734 044;37;0;1;2;15;0
202000004667;154 734 043;7;0;1;3;15;1
202000004668;154 734 041;32;0;2;6;1;1
202000004668;154 734 042;7;0;2;3;15;1
202000004669;154 734 039;2;0;2;1;1;1
202000004669;154 734 040;7;0;2;0;15;1
202000004670;154 734 038;7;0;1;1;1;1
202000004671;154 734 036;33;0;2;1;1;1
202000004671;154 734 037;10;0;2;3;15;1
202000004672;154 734 034;7;0;2;7;1;0
202000004672;154 734 035;7;0;2;2;1;0
202000004673;154 734 032;7;0;9;3;1;1
202000004673;154 734 033;1;0;2;1;19;5
202000004674;154 734 030;10;0;2;8;1;1
202000004674;154 734 031;10;0;2;1;15;1
202000004675;154 734 028;7;0;2;1;1;1
202000004675;154 734 029;42;0;2;2;1;1
202000004676;154 734 026;3;0;2;1;26;0
202000004676;154 734 027;33;0;2;4;26;0
202000004677;154 734 025;60;0;0;3;1;5
202000004678;154 734 024;30;0;0;8;1;1
202000004679;154 734 022;7;0;1;1;1;1
202000004679;154 734 023;7;0;1;1;1;1
202000004680;154 734 020;50;0;2;1;2;3
202000004680;154 734 021;10;1;2;1;16;1
202000004681;154 734 019;10;2;1;6;4;1
202000004682;154 734 017;15;0;0;3;1;0
202000004682;154 734 018;7;0;2;3;1;6
202000004683;154 734 015;7;0;2;1;1;1
202000004683;154 734 016;7;0;2;1;13;0
202000004684;154 734 013;7;0;2;3;1;1
202000004684;154 734 014;7;0;2;3;13;1
202000004685;154 734 012;7;6;0;1;0;2
202000004686;154 734 011;7;2;0;2;0;1
202000004687;154 734 010;7;6;0;2;1;1
202000004688;154 734 008;17;1;0;2;14;1
202000004688;154 734 009;7;0;0;4;24;1
202000004689;154 734 006;7;0;2;1;2;1
202000004689;154 734 007;7;0;0;6;2;1
202000004690;154 734 005;7;2;0;7;1;1
202000004691;154 734 004;2;0;0;0;1;1
202000004692;154 734 003;7;2;0;1;21;0
202000004693;154 734 000;21;0;2;6;19;1
202000004693;154 734 001;7;0;2;2;23;1
202000004693;154 734 002;7;0;2;1;1;1
202000004694;154 733 998;31;0;2;1;21;1
202000004694;154 733 999;7;0;2;1;15;1
202000004695;154 733 996;7;0;2;3;13;1
202000004695;154 733 997;10;0;2;3;1;1
202000004696;154 733 994;7;0;2;1;17;1
202000004696;154 733 995;7;0;2;1;1;1
202000004697;154 733 993;7;0;1;3;15;1
202000004698;154 733 992;2;0;0;0;1;1
202000004699;154 733 991;33;0;0;1;1;1
202000004700;154 733 989;7;0;2;1;1;1
202000004700;154 733 990;7;0;2;6;9;1
202000004701;154 733 987;7;0;2;1;1;1
202000004701;154 733 988;1;0;2;1;11;6
202000004702;154 733 985;7;0;2;0;9;0
202000004702;154 733 986;2;0;2;0;1;0
202000004703;154 733 983;33;0;2;1;1;1
202000004703;154 733 984;10;0;2;3;15;1
202000004704;154 733 982;7;8;0;8;0;1
202000004705;154 733 979;33;2;0;0;0;1
202000004706;154 733 977;31;0;2;1;1;1
202000004706;154 733 978;7;0;0;3;1;1
202000004707;154 733 975;10;0;2;1;1;1
202000004707;154 733 976;10;0;2;1;13;1
202000004708;154 733 974;33;13;0;1;1;1
202000004709;154 733 973;7;0;1;3;1;1
202000004710;154 733 971;33;0;2;3;2;1
202000004710;154 733 972;1;0;0;4;1;0
202000004711;154 733 970;7;0;0;9;1;1
202000004712;154 733 968;7;0;2;3;9;1
202000004712;154 733 969;30;0;2;1;17;1
202000004713;154 733 966;7;0;9;3;1;0
202000004713;154 733 967;1;0;2;5;14;5
202000004714;154 733 964;7;1;2;8;22;0
202000004714;154 733 965;33;1;2;7;17;0
202000004715;154 733 963;7;3;0;3;2;1
202000004716;154 733 960;7;0;0;6;1;1
202000004716;154 733 961;33;0;2;1;1;1
202000004717;154 733 958;7;0;1;1;1;1
202000004717;154 733 959;7;0;1;3;1;1
202000004718;154 733 957;7;0;1;1;1;0
202000004719;154 733 956;7;0;1;0;0;1
202000004720;154 733 954;10;0;2;1;1;0
202000004720;154 733 955;7;0;2;9;13;1
202000004721;154 733 952;7;0;2;2;16;1
202000004721;154 733 953;1;0;2;8;26;5
202000004722;154 733 951;7;13;0;0;14;1
202000004723;154 733 949;33;0;2;1;1;1
202000004723;154 733 950;7;0;2;7;15;1
202000004724;154 733 948;7;13;0;1;1;1
202000004725;154 733 947;7;0;1;1;1;1
202000004726;154 733 942;7;0;2;1;1;1
202000004726;154 733 943;7;0;2;1;1;1
202000004726;154 733 944;7;0;2;1;1;1
202000004726;154 733 945;7;0;2;1;2;1
202000004726;154 733 946;7;0;2;4;1;1
202000004727;154 733 941;17;4;9;1;12;1
202000004728;154 733 939;10;0;2;4;1;1
202000004728;154 733 940;33;0;2;1;14;1
202000004729;154 733 938;7;4;0;2;14;1
202000004730;154 733 936;10;0;2;6;13;1
202000004730;154 733 937;7;0;2;7;1;1
202000004731;154 733 934;7;0;2;2;0;1
202000004731;154 733 935;10;0;2;8;0;1
202000004732;154 733 932;15;0;2;5;2;1
202000004732;154 733 933;7;0;2;1;2;1
202000004733;154 733 929;7;0;2;4;1;1
202000004733;154 733 930;7;0;2;4;1;1
202000004733;154 733 931;7;0;2;0;0;0
202000004734;154 733 926;7;0;2;5;1;1
202000004734;154 733 927;15;0;2;2;12;1
202000004734;154 733 928;7;0;2;5;11;1
202000004735;154 733 922;7;0;2;0;0;1
202000004735;154 733 923;7;0;2;4;1;0
202000004735;154 733 924;7;0;2;1;0;1
202000004735;154 733 925;17;0;2;1;1;1
202000004736;154 733 921;43;0;0;0;1;1
202000004737;154 733 916;33;0;2;1;2;1
202000004737;154 733 917;7;0;2;4;2;1
202000004737;154 733 918;7;0;2;4;2;1
202000004737;154 733 919;10;0;2;1;2;1
202000004737;154 733 920;7;0;2;4;2;1
202000004738;154 733 914;7;0;2;4;2;1
202000004738;154 733 915;33;0;2;1;2;1
202000004739;154 733 911;30;1;2;1;2;1
202000004739;154 733 912;7;0;2;3;1;1
202000004739;154 733 913;7;0;2;5;24;1
202000004740;154 733 909;7;0;2;5;2;1
202000004740;154 733 910;7;0;2;3;1;1
202000004741;154 733 907;7;0;2;1;1;1
202000004741;154 733 908;7;0;2;1;5;1
202000004742;154 733 905;7;0;2;1;2;1
202000004742;154 733 906;7;0;2;4;1;1
202000004743;154 733 903;30;0;2;1;17;1
202000004743;154 733 904;7;0;2;1;1;1
202000004744;154 733 902;7;0;1;7;0;1
202000004745;154 733 898;33;0;2;3;3;1
202000004745;154 733 899;34;0;2;3;3;1
202000004745;154 733 900;7;0;2;8;1;1
202000004745;154 733 901;7;0;2;3;1;1
202000004746;154 733 896;7;0;2;4;1;1
202000004746;154 733 897;7;0;2;1;9;1
202000004747;154 733 894;7;0;2;1;1;1
202000004747;154 733 895;31;0;2;4;23;1
202000004748;154 733 892;7;0;2;1;1;1
202000004748;154 733 893;10;0;2;7;1;1
202000004749;154 733 890;31;0;2;0;1;1
202000004749;154 733 891;7;0;2;8;11;1
202000004750;154 733 888;7;0;2;1;-1;-1
202000004750;154 733 889;1;0;2;1;-1;-1
202000004751;154 733 886;7;0;2;7;17;1
202000004751;154 733 887;7;0;2;3;15;1
202000004752;154 733 884;7;0;2;8;19;5
202000004752;154 733 885;7;0;2;1;1;5
202000004753;154 733 882;7;0;2;4;16;1
202000004753;154 733 883;1;0;2;1;0;5
202000004754;154 733 880;7;0;2;1;2;1
202000004754;154 733 881;43;0;2;5;23;1
202000004755;154 733 878;1;0;2;3;1;0
202000004755;154 733 879;7;0;2;2;1;1
202000004756;154 733 876;30;0;2;8;5;1
202000004756;154 733 877;7;0;2;1;1;1
202000004757;154 733 874;7;0;2;1;1;1
202000004757;154 733 875;7;0;2;1;13;1
202000004758;154 733 873;7;0;1;7;1;0
202000004759;154 733 872;7;0;1;1;16;1
202000004760;154 733 871;7;0;1;1;1;1
202000004761;154 733 869;2;0;2;1;1;1
202000004761;154 733 870;10;0;2;2;1;1
202000004762;154 733 867;30;0;2;7;1;1
202000004762;154 733 868;33;0;2;1;11;1
202000004763;154 733 864;7;0;1;0;1;0
202000004764;154 733 862;7;0;2;1;19;1
202000004764;154 733 863;7;0;2;2;1;1
202000004765;154 733 861;7;13;0;9;26;1
202000004766;154 733 859;33;0;2;1;1;1
202000004766;154 733 860;7;0;2;8;9;1
202000004767;154 733 857;2;0;2;1;1;1
202000004767;154 733 858;7;0;2;7;15;1
202000004768;154 733 855;7;0;2;3;1;1
202000004768;154 733 856;7;0;2;7;15;1
202000004769;154 733 853;7;0;2;1;2;1
202000004769;154 733 854;7;0;2;4;2;1
202000004770;154 733 850;7;0;2;1;2;1
202000004770;154 733 851;99;0;0;4;0;1
202000004770;154 733 852;7;0;2;1;2;1
202000004771;154 733 848;10;0;2;7;2;1
202000004771;154 733 849;1;0;0;8;1;0
202000004772;154 733 847;2;0;0;4;16;0
202000004773;154 733 845;7;0;2;2;14;1
202000004773;154 733 846;1;0;2;8;19;5
202000004774;154 733 844;17;0;0;0;1;1
202000004775;154 733 842;7;0;2;7;15;1
202000004775;154 733 843;10;0;2;1;1;1
202000004776;154 733 841;10;8;0;1;14;1
202000004777;154 733 840;7;0;1;2;1;0
202000004778;154 733 839;7;0;1;6;26;1
202000004779;154 733 837;7;0;2;2;15;1
202000004779;154 733 838;2;0;2;7;1;1
202000004780;154 733 835;7;0;0;6;23;1
202000004780;154 733 836;2;0;2;2;2;1
202000004781;154 733 833;10;0;2;1;1;1
202000004781;154 733 834;7;0;2;1;13;1
202000004782;154 733 832;7;0;1;1;1;1
202000004783;154 733 830;7;0;2;1;19;1
202000004783;154 733 831;7;0;2;3;1;1
202000004784;154 733 828;7;0;2;0;0;6
202000004784;154 733 829;2;0;2;1;2;6
202000004785;154 733 827;7;0;1;8;11;1
202000004786;154 733 826;7;13;0;2;1;1
202000004787;154 733 824;50;0;2;1;1;3
202000004787;154 733 825;10;0;2;6;1;1
202000004788;154 733 823;7;0;1;3;1;1
202000004789;154 733 821;7;1;2;3;15;0
202000004789;154 733 822;34;1;2;3;1;0
202000004790;154 733 819;7;0;2;7;15;1
202000004790;154 733 820;7;0;2;1;1;0
202000004791;154 733 817;7;0;2;2;1;1
202000004791;154 733 818;7;0;2;3;1;1
202000004792;154 733 815;7;0;2;0;1;1
202000004792;154 733 816;7;0;2;1;1;1
202000004793;154 733 813;10;0;2;4;2;1
202000004793;154 733 814;7;0;2;1;2;1
202000004794;154 733 811;0;0;2;0;0;0
202000004794;154 733 812;32;0;2;0;1;1
202000004795;154 733 809;33;0;2;1;1;1
202000004795;154 733 810;10;0;2;2;15;1
202000004796;154 733 807;1;0;2;1;2;5
202000004796;154 733 808;7;0;2;4;1;1
202000004797;154 733 806;7;2;0;3;0;1
202000004798;154 733 805;33;2;0;1;13;1
202000004799;154 733 803;7;0;2;0;17;0
202000004799;154 733 804;1;0;2;0;21;5
202000004800;154 733 801;7;0;9;3;16;1
202000004800;154 733 802;1;0;2;7;1;5
202000004801;154 733 800;7;13;0;3;1;1
202000004802;154 733 799;33;5;0;1;18;0
202000004803;154 733 797;33;0;2;7;1;1
202000004803;154 733 798;7;0;2;1;15;1
202000004804;154 733 794;7;0;0;6;1;1
202000004804;154 733 795;33;0;2;1;11;1
202000004804;154 733 796;7;0;2;3;1;1
202000004805;154 733 793;33;7;0;8;14;1
202000004806;154 733 792;33;13;0;1;0;1
202000004807;154 733 791;33;0;0;1;1;1
202000004808;154 733 789;7;0;2;2;15;1
202000004808;154 733 790;33;0;2;1;1;1
202000004809;154 733 788;7;0;0;0;1;0
202000004810;154 733 786;33;0;2;1;1;1
202000004810;154 733 787;7;0;2;4;2;1
202000004811;154 733 785;7;8;0;9;1;1
202000004812;154 733 784;7;0;0;0;0;0
202000004813;154 733 783;31;6;0;1;1;1
202000004814;154 733 782;7;1;0;2;14;1
202000004815;154 733 780;7;0;2;6;2;1
202000004815;154 733 781;33;0;2;2;2;1
202000004816;154 733 779;33;0;0;0;1;1
202000004817;154 733 777;7;0;2;7;19;1
202000004817;154 733 778;7;0;2;3;1;1
202000004818;154 733 775;33;0;2;1;1;1
202000004818;154 733 776;15;0;2;4;4;1
202000004819;154 733 773;7;0;2;1;19;1
202000004819;154 733 774;7;7;0;8;1;1
202000004820;154 733 771;7;0;2;3;1;1
202000004820;154 733 772;7;5;2;3;21;1
202000004821;154 733 770;7;0;1;1;1;1
202000004822;154 733 768;33;0;2;1;17;1
202000004822;154 733 769;7;0;2;4;15;1
202000004823;154 733 767;7;0;1;4;4;0
202000004824;154 733 766;7;6;0;1;1;1
202000004825;154 733 764;30;0;2;1;1;0
202000004825;154 733 765;7;0;0;5;15;1
202000004826;154 733 760;7;0;2;3;19;0
202000004826;154 733 761;33;0;2;1;26;0
202000004827;154 733 758;33;1;0;0;0;0
202000004827;154 733 759;7;0;0;6;24;0
202000004828;154 733 756;7;0;2;7;15;1
202000004828;154 733 757;1;0;2;1;1;5
202000004829;154 733 754;7;0;2;8;10;1
202000004829;154 733 755;7;0;2;1;2;1
202000004830;154 733 753;7;0;1;0;1;1
202000004831;154 733 751;7;0;2;8;15;1
202000004831;154 733 752;33;0;2;2;17;1
202000004832;154 733 749;7;0;2;7;15;0
202000004832;154 733 750;2;0;2;0;1;0
202000004833;154 733 747;33;0;2;1;2;1
202000004833;154 733 748;7;0;2;5;2;1
202000004834;154 733 745;7;3;2;2;12;1
202000004834;154 733 746;10;0;2;6;1;1
202000004835;154 733 743;15;0;2;2;1;1
202000004835;154 733 744;7;0;2;8;9;1
202000004836;154 733 742;7;0;1;3;1;1
202000004837;154 733 740;33;0;2;7;2;1
202000004837;154 733 741;7;0;2;8;2;1
202000004838;154 733 737;10;0;2;6;9;1
202000004838;154 733 738;10;0;2;4;1;1
202000004838;154 733 739;10;0;2;2;9;1
202000004839;154 733 735;7;0;2;3;0;1
202000004839;154 733 736;7;0;2;7;26;1
202000004840;154 733 733;7;0;2;0;0;0
202000004840;154 733 734;7;0;2;8;0;0
202000004841;154 733 732;17;13;0;2;1;1
202000004842;154 733 729;7;0;2;6;1;1
202000004842;154 733 730;10;0;2;5;12;1
202000004842;154 733 731;33;0;2;1;3;1
202000004843;154 733 728;7;4;0;1;13;1
202000004844;154 733 726;15;0;2;4;2;1
202000004844;154 733 727;7;0;2;1;2;6
202000004845;154 733 724;7;0;2;4;1;1
202000004845;154 733 725;7;0;2;3;18;6
202000004846;154 733 722;7;0;2;2;17;1
202000004846;154 733 723;7;4;2;6;11;1
202000004847;154 733 720;7;0;2;2;14;1
202000004847;154 733 721;7;0;2;6;1;1
202000004848;154 733 718;33;0;2;7;1;1
202000004848;154 733 719;33;3;2;8;13;1
202000004849;154 733 716;7;0;2;1;2;1
202000004849;154 733 717;7;0;2;6;2;1
202000004850;154 733 714;7;0;2;6;1;1
202000004850;154 733 715;17;0;2;7;1;1
202000004851;154 733 713;7;0;1;2;16;1
202000004852;154 733 711;7;0;2;7;1;1
202000004852;154 733 712;7;0;2;8;10;1
202000004853;154 733 710;7;0;1;3;15;1
202000004854;154 733 709;7;0;1;3;1;1
202000004855;154 733 707;10;0;2;8;15;1
202000004855;154 733 708;32;0;2;7;17;1
202000004856;154 733 705;7;0;2;1;1;1
202000004856;154 733 706;30;0;9;2;15;1
202000004857;154 733 702;7;0;2;7;15;1
202000004857;154 733 703;7;0;2;8;1;1
202000004857;154 733 704;7;0;2;1;1;1
202000004858;154 733 701;7;12;0;2;26;1
202000004859;154 733 700;1;12;0;0;26;5
202000004860;154 733 698;7;0;2;2;0;1
202000004860;154 733 699;1;1;2;0;19;5
202000004861;154 733 696;7;0;2;1;0;1
202000004861;154 733 697;7;0;2;1;8;1
202000004862;154 733 694;13;3;2;8;2;1
202000004862;154 733 695;7;3;0;1;1;1
202000004863;154 733 692;33;0;2;5;21;1
202000004863;154 733 693;7;0;2;3;1;1
202000004864;154 733 691;33;0;0;0;1;1
202000004865;154 733 690;10;0;1;2;15;1
202000004866;154 733 689;1;9;0;1;9;5
202000004867;154 733 687;34;0;2;9;1;1
202000004867;154 733 688;14;0;2;8;9;1
202000004868;154 733 685;7;0;2;1;0;1
202000004868;154 733 686;1;0;2;1;0;5
202000004869;154 733 683;7;0;2;1;1;1
202000004869;154 733 684;7;0;2;1;1;1
202000004870;154 733 681;31;0;2;1;1;1
202000004870;154 733 682;7;0;2;2;15;1
202000004871;154 733 679;33;0;0;0;0;1
202000004871;154 733 680;7;0;2;1;15;1
202000004872;154 733 678;30;14;0;8;21;1
202000004873;154 733 677;30;0;0;3;1;1
202000004874;154 733 675;33;0;2;7;17;1
202000004874;154 733 676;7;0;2;3;15;1
202000004875;154 733 673;10;0;2;3;0;1
202000004875;154 733 674;34;0;2;2;0;1
202000004876;154 733 671;1;0;2;8;1;5
202000004876;154 733 672;10;0;2;1;15;1
202000004877;154 733 669;7;0;2;6;15;1
202000004877;154 733 670;33;0;2;1;1;1
202000004878;154 733 668;3;0;1;1;1;1
202000004879;154 733 666;7;0;2;8;15;1
202000004879;154 733 667;32;0;2;1;1;1
202000004880;154 733 665;10;6;0;3;1;1
202000004881;154 733 664;7;2;0;1;14;1
202000004882;154 733 662;7;0;2;1;16;1
202000004882;154 733 663;1;0;2;6;1;5
202000004883;154 733 660;1;0;2;0;0;5
202000004883;154 733 661;7;0;2;0;0;1
202000004884;154 733 659;1;0;0;1;0;5
202000004885;154 733 657;7;0;2;1;2;1
202000004885;154 733 658;7;0;2;4;23;1
202000004886;154 733 655;7;0;2;8;15;1
202000004886;154 733 656;30;0;2;8;15;2
202000004887;154 733 653;7;0;2;1;26;1
202000004887;154 733 654;7;0;2;4;26;1
202000004888;154 733 651;1;0;2;6;18;0
202000004888;154 733 652;0;0;2;0;2;-1
202000004889;154 733 649;2;0;2;1;9;1
202000004889;154 733 650;7;0;2;1;1;1
202000004890;154 733 648;7;0;1;2;15;1
202000004891;154 733 646;7;0;2;1;13;0
202000004891;154 733 647;33;0;2;7;13;0
202000004892;154 733 644;1;0;2;1;19;5
202000004892;154 733 645;33;0;2;0;1;0
202000004893;154 733 642;7;0;2;3;9;1
202000004893;154 733 643;1;0;2;7;2;5
202000004894;154 733 640;7;0;2;1;1;1
202000004894;154 733 641;7;8;2;2;15;1
202000004895;154 733 638;7;0;2;2;1;1
202000004895;154 733 639;33;0;2;3;13;1
202000004896;154 733 637;43;0;1;1;1;1
202000004897;154 733 635;33;0;2;1;1;1
202000004897;154 733 636;7;0;2;6;15;1
202000004898;154 733 633;7;0;2;1;1;2
202000004898;154 733 634;33;0;2;7;1;1
202000004899;154 733 632;7;0;1;2;1;1
202000004900;154 733 631;10;0;1;4;4;0
202000004901;154 733 629;7;0;2;6;10;1
202000004901;154 733 630;1;0;2;1;17;5
202000004902;154 733 627;30;0;2;7;10;1
202000004902;154 733 628;43;0;2;1;1;1
202000004903;154 733 626;7;0;1;1;15;1
202000004904;154 733 624;30;0;2;4;23;1
202000004904;154 733 625;7;0;2;2;2;1
202000004905;154 733 622;1;0;2;2;15;0
202000004905;154 733 623;34;0;2;3;1;1
202000004906;154 733 620;30;0;2;8;17;1
202000004906;154 733 621;7;0;2;2;17;3
202000004907;154 733 618;1;0;2;1;5;5
202000004907;154 733 619;1;0;2;1;1;5
202000004908;154 733 616;32;0;2;4;23;1
202000004908;154 733 617;7;0;2;1;1;1
202000004909;154 733 615;7;0;1;5;26;0
202000004910;154 733 614;7;4;0;9;16;1
202000004911;154 733 613;7;0;1;1;16;1
202000004912;154 733 611;10;0;2;2;15;1
202000004912;154 733 612;31;0;2;1;2;1
202000004913;154 733 610;33;0;1;1;26;1
202000004914;154 733 609;7;0;1;2;16;0
202000004915;154 733 607;2;0;9;1;17;1
202000004915;154 733 608;7;0;9;3;1;1
202000004916;154 733 605;60;0;2;8;2;5
202000004916;154 733 606;34;0;2;2;17;0
202000004917;154 733 604;7;0;2;4;20;0
202000004918;154 733 602;1;0;2;8;1;0
202000004918;154 733 603;7;0;9;5;17;1
202000004919;154 733 600;30;0;2;7;17;1
202000004919;154 733 601;7;0;2;8;17;1
202000004920;154 733 598;30;0;2;1;1;1
202000004920;154 733 599;7;0;2;5;15;1
202000004921;154 733 597;7;0;1;0;21;1
202000004922;154 733 596;7;2;0;2;13;1
202000004923;154 733 594;7;0;2;6;15;1
202000004923;154 733 595;33;0;2;1;17;1
202000004924;154 733 592;7;0;2;1;1;1
202000004924;154 733 593;7;0;2;1;13;1
202000004925;154 733 590;0;0;2;1;17;0
202000004925;154 733 591;7;0;2;3;15;1
202000004926;154 733 588;7;0;9;3;15;1
202000004926;154 733 589;1;0;2;1;1;5
202000004927;154 733 586;2;0;2;1;1;1
202000004927;154 733 587;7;0;2;2;15;1
202000004928;154 733 584;7;0;2;2;1;0
202000004928;154 733 585;1;0;2;1;13;5
202000004929;154 733 583;33;0;0;1;1;1
202000004930;154 733 581;7;0;2;1;17;1
202000004930;154 733 582;21;0;0;4;15;1
202000004931;154 733 579;14;0;2;6;15;1
202000004931;154 733 580;33;0;2;1;1;1
202000004932;154 733 578;7;13;0;1;1;1
202000004933;154 733 577;7;2;0;2;13;1
202000004934;154 733 576;1;0;0;0;13;5
202000004935;154 733 574;33;0;2;8;1;0
202000004935;154 733 575;7;0;2;8;13;0
202000004936;154 733 572;7;14;9;2;17;1
202000004936;154 733 573;1;0;2;3;2;5
202000004937;154 733 571;30;0;0;0;1;1
202000004938;154 733 569;7;0;2;3;22;1
202000004938;154 733 570;1;1;0;1;1;5
202000004939;154 733 568;33;0;0;0;21;1
202000004940;154 733 566;1;0;2;8;1;5
202000004940;154 733 567;7;0;9;1;16;1
202000004941;154 733 565;7;0;1;3;26;1
202000004942;154 733 563;7;0;2;1;1;0
202000004942;154 733 564;7;0;2;1;1;0
202000004943;154 733 562;33;0;6;0;0;1
202000004944;154 733 561;3;2;0;1;14;1
202000004945;154 733 560;2;0;1;2;0;1
202000004946;154 733 559;32;0;1;2;1;1
202000004947;154 733 558;33;0;0;0;2;1
202000004948;154 733 556;10;0;9;2;1;1
202000004948;154 733 557;1;13;2;8;23;5
202000004949;154 733 554;7;0;1;6;20;1
202000004950;154 733 552;7;0;2;2;2;1
202000004950;154 733 553;1;0;2;4;2;5
202000004951;154 733 550;7;0;2;1;1;0
202000004951;154 733 551;7;0;2;1;13;1