Num_Acc;id_vehicule;catv;obs;obsm;choc;manv;motor
202000008484;154 727 329;7;15;0;9;13;1
202000008485;154 727 328;37;0;1;5;1;1
202000008486;154 727 326;7;0;9;8;19;1
202000008486;154 727 327;50;0;2;1;1;3
202000008487;154 727 325;7;0;1;1;15;1
202000008488;154 727 323;1;0;2;8;1;5
202000008488;154 727 324;37;0;2;2;1;1
202000008489;154 727 321;10;0;9;3;1;0
202000008489;154 727 322;1;0;2;2;1;5
202000008490;154 727 320;30;0;0;0;0;1
202000008491;154 727 318;7;0;2;0;0;1
202000008491;154 727 319;7;0;2;0;0;1
202000008492;154 727 314;7;0;1;1;2;1
202000008492;154 727 315;7;0;1;1;2;0
202000008492;154 727 316;7;0;2;1;2;1
202000008492;154 727 317;7;12;0;1;1;1
202000008493;154 727 312;30;0;2;1;1;1
202000008493;154 727 313;7;0;0;4;26;1
202000008494;154 727 311;30;0;0;2;0;1
202000008495;154 727 309;2;0;0;1;1;1
202000008495;154 727 310;7;0;2;1;15;1
202000008496;154 727 307;7;0;2;3;9;1
202000008496;154 727 308;1;0;0;7;19;5
202000008497;154 727 306;7;0;1;2;1;2
202000008498;154 727 304;33;0;2;1;15;1
202000008498;154 727 305;7;0;2;5;1;1
202000008499;154 727 302;7;0;2;3;13;1
202000008499;154 727 303;15;0;0;6;1;1
202000008500;154 727 301;30;0;0;7;1;1
202000008501;154 727 299;33;15;2;1;1;1
202000008501;154 727 300;7;0;2;7;12;1
202000008502;154 727 298;7;0;1;1;1;1
202000008503;154 727 296;7;0;2;2;19;0
202000008503;154 727 297;7;0;2;3;26;0
202000008504;154 727 294;7;0;2;2;15;1
202000008504;154 727 295;32;0;2;1;2;1
202000008505;154 727 292;7;0;2;8;26;1
202000008505;154 727 293;34;0;2;1;2;1
202000008506;154 727 290;7;0;2;3;0;1
202000008506;154 727 291;7;0;2;1;13;1
202000008507;154 727 288;7;0;2;0;0;1
202000008507;154 727 289;7;0;2;2;15;1
202000008508;154 727 286;7;0;2;3;13;1
202000008508;154 727 287;7;0;2;3;1;1
202000008509;154 727 284;7;0;2;1;20;1
202000008509;154 727 285;1;0;2;2;1;5
202000008510;154 727 283;7;9;0;2;1;1
202000008511;154 727 279;33;0;2;2;3;1
202000008511;154 727 280;7;0;2;2;1;1
202000008511;154 727 281;10;0;2;3;11;1
202000008511;154 727 282;10;0;2;7;1;1
202000008512;154 727 277;32;0;2;1;17;1
202000008512;154 727 278;7;0;2;3;15;1
202000008513;154 727 275;7;0;2;3;15;1
202000008513;154 727 276;1;0;2;3;1;5
202000008514;154 727 274;1;0;1;1;1;5
202000008515;154 727 272;1;0;2;1;1;5
202000008515;154 727 273;7;0;2;3;15;1
202000008516;154 727 270;30;0;2;3;2;1
202000008516;154 727 271;7;0;2;5;2;2
202000008517;154 727 268;1;0;2;2;15;5
202000008517;154 727 269;32;0;2;1;1;1
202000008518;154 727 266;7;0;2;6;15;1
202000008518;154 727 267;30;0;2;1;1;1
202000008519;154 727 264;32;0;2;2;1;1
202000008519;154 727 265;7;0;2;3;9;1
202000008520;154 727 263;7;0;1;4;4;1
202000008521;154 727 262;1;14;0;1;13;5
202000008522;154 727 261;80;14;0;7;13;3
202000008523;154 727 259;7;0;2;4;2;1
202000008523;154 727 260;7;0;2;1;1;1
202000008524;154 727 258;30;0;0;7;0;1
202000008525;154 727 256;7;0;2;1;1;0
202000008525;154 727 257;7;0;2;7;0;1
202000008526;154 727 254;10;0;2;1;1;0
202000008526;154 727 255;7;0;2;4;1;1
202000008527;154 727 252;7;0;2;0;0;0
202000008527;154 727 253;10;0;0;0;0;0
202000008528;154 727 250;7;0;2;5;0;0
202000008528;154 727 251;33;0;2;1;2;0
202000008529;154 727 249;7;12;1;3;1;0
202000008530;154 727 248;7;0;1;1;1;1
202000008531;154 727 247;32;1;0;0;21;1
202000008532;154 727 245;32;0;2;2;1;1
202000008532;154 727 246;1;0;2;3;15;5
202000008533;154 727 243;10;0;2;1;13;3
202000008533;154 727 244;30;0;2;1;1;1
202000008534;154 727 241;7;0;2;2;1;1
202000008534;154 727 242;33;0;2;1;17;1
202000008535;154 727 240;7;2;0;1;1;1
202000008536;154 727 239;7;2;0;8;1;1
202000008537;154 727 237;7;0;9;2;1;1
202000008537;154 727 238;1;0;2;4;1;2
202000008538;154 727 236;10;7;1;2;2;0
202000008539;154 727 235;7;0;1;2;1;1
202000008540;154 727 233;10;6;0;3;13;1
202000008541;154 727 231;7;0;2;1;0;1
202000008541;154 727 232;7;0;2;1;0;1
202000008542;154 727 230;7;3;0;1;1;1
202000008543;154 727 228;2;0;2;1;1;0
202000008543;154 727 229;7;0;2;3;9;0
202000008544;154 727 226;7;0;2;8;15;0
202000008544;154 727 227;7;0;2;2;1;6
202000008545;154 727 225;14;16;0;1;13;1
202000008546;154 727 222;7;13;2;1;13;1
202000008546;154 727 223;17;0;2;1;1;1
202000008546;154 727 224;7;0;2;1;1;1
202000008547;154 727 221;2;0;0;9;1;1
202000008548;154 727 220;7;2;0;1;1;1
202000008549;154 727 219;7;2;0;1;13;1
202000008550;154 727 218;10;2;0;1;13;1
202000008551;154 727 217;7;2;0;3;14;1
202000008552;154 727 215;7;0;2;7;1;1
202000008552;154 727 216;7;0;2;1;19;1
202000008553;154 727 213;2;0;2;8;13;0
202000008553;154 727 214;7;0;2;3;1;0
202000008554;154 727 211;7;0;2;2;15;1
202000008554;154 727 212;1;0;2;1;1;5
202000008555;154 727 209;33;0;2;1;1;1
202000008555;154 727 210;7;0;2;5;15;3
202000008556;154 727 207;10;0;0;3;15;1
202000008556;154 727 208;33;0;0;2;17;1
202000008557;154 727 206;7;13;0;1;14;1
202000008558;154 727 204;7;0;2;3;13;1
202000008558;154 727 205;7;0;2;3;1;1
202000008559;154 727 203;2;0;0;7;1;1
202000008560;154 727 202;31;0;0;0;1;1
202000008561;154 727 201;2;0;0;7;1;1
202000008562;154 727 200;1;1;0;8;14;5
202000008563;154 727 199;21;1;1;2;1;0
202000008564;154 727 198;7;0;6;1;1;1
202000008565;154 727 197;7;13;0;2;1;1
202000008566;154 727 195;13;0;2;3;1;1
202000008566;154 727 196;3;0;2;1;13;1
202000008567;154 727 194;7;6;0;4;1;1
202000008568;154 727 192;7;0;2;1;1;1
202000008568;154 727 193;7;0;2;2;13;1
202000008569;154 727 190;33;0;2;1;1;1
202000008569;154 727 191;7;0;2;2;15;1
202000008570;154 727 189;2;0;1;1;21;1
202000008571;154 727 188;7;2;0;1;1;1
202000008572;154 727 187;7;14;1;1;1;1
202000008573;154 727 185;7;0;0;4;1;1
202000008573;154 727 186;10;0;2;1;1;1
202000008574;154 727 184;33;0;0;0;1;0
202000008575;154 727 182;99;4;0;8;1;0
202000008575;154 727 183;17;4;0;8;1;1
202000008576;154 727 181;7;2;0;7;1;1
202000008577;154 727 179;10;0;2;7;1;1
202000008577;154 727 180;30;0;2;7;16;1
202000008578;154 727 177;36;0;0;1;2;0
202000008578;154 727 178;7;0;0;4;2;0
202000008579;154 727 175;17;0;2;3;9;1
202000008579;154 727 176;7;0;2;7;1;1
202000008580;154 727 174;7;0;1;0;1;1
202000008581;154 727 172;30;0;2;1;3;1
202000008581;154 727 173;7;0;2;3;15;1
202000008582;154 727 168;7;0;2;3;20;1
202000008582;154 727 169;2;0;2;7;1;1
202000008583;154 727 166;31;0;2;0;1;1
202000008583;154 727 167;7;0;0;8;15;1
202000008584;154 727 164;7;0;2;3;1;1
202000008584;154 727 165;7;0;2;3;1;1
202000008585;154 727 163;1;0;0;0;1;5
202000008586;154 727 159;7;0;9;0;2;1
202000008586;154 727 160;7;0;9;0;2;1
202000008586;154 727 161;14;0;2;1;2;1
202000008586;154 727 162;14;0;2;4;1;1
202000008587;154 727 158;7;2;0;1;14;1
202000008588;154 727 156;15;0;2;1;1;1
202000008588;154 727 157;7;0;2;4;1;1
202000008589;154 727 154;15;0;2;4;1;1
202000008589;154 727 155;10;0;2;1;1;1
202000008590;154 727 152;15;0;2;3;1;1
202000008590;154 727 153;7;0;2;2;0;1
202000008591;154 727 150;7;0;2;1;2;1
202000008591;154 727 151;7;0;2;4;2;1
202000008592;154 727 146;7;0;2;1;1;2
202000008592;154 727 147;7;0;2;4;23;1
202000008593;154 727 143;7;0;2;1;1;1
202000008593;154 727 144;7;0;2;4;15;1
202000008593;154 727 145;7;0;2;1;1;1
202000008594;154 727 141;99;0;2;5;16;6
202000008594;154 727 142;2;0;2;1;1;6
202000008595;154 727 139;7;0;9;6;10;0
202000008595;154 727 140;33;0;2;1;1;1
202000008596;154 727 137;1;0;2;1;1;5
202000008596;154 727 138;7;0;9;3;1;1
202000008597;154 727 135;7;0;2;1;1;0
202000008597;154 727 136;7;0;2;4;15;0
202000008598;154 727 133;33;0;2;4;16;1
202000008598;154 727 134;7;0;2;2;2;1
202000008599;154 727 131;7;0;2;2;1;0
202000008599;154 727 132;10;0;2;3;20;0
202000008600;154 727 129;30;0;2;2;15;1
202000008600;154 727 130;7;0;2;3;16;1
202000008601;154 727 127;7;0;2;8;9;1
202000008601;154 727 128;7;0;2;2;1;1
202000008602;154 727 126;7;0;1;3;1;1
202000008603;154 727 124;30;0;2;1;15;1
202000008603;154 727 125;7;0;2;4;2;1
202000008604;154 727 123;7;0;1;3;15;1
202000008605;154 727 121;7;0;2;7;1;1
202000008605;154 727 122;7;0;2;1;9;1
202000008606;154 727 120;33;0;0;3;1;1
202000008607;154 727 118;10;0;2;1;1;1
202000008607;154 727 119;30;0;2;4;23;1
202000008608;154 727 117;30;16;0;1;1;1
202000008609;154 727 115;7;0;2;1;1;1
202000008609;154 727 116;10;0;2;1;9;1
202000008610;154 727 114;7;8;0;1;1;1
202000008611;154 727 112;1;0;2;8;1;5
202000008611;154 727 113;7;0;2;7;17;1
202000008612;154 727 111;7;0;1;2;9;1
202000008613;154 727 109;7;0;9;1;1;1
202000008613;154 727 110;99;0;2;8;25;3
202000008614;154 727 108;7;0;1;3;15;1
202000008615;154 727 106;7;0;2;1;13;1
202000008615;154 727 107;7;0;2;1;1;1
202000008616;154 727 104;1;0;2;1;1;5
202000008616;154 727 105;7;0;2;3;9;1
202000008617;154 727 103;7;0;1;8;1;1
202000008618;154 727 102;7;0;1;0;0;0
202000008619;154 727 101;33;0;1;0;0;1
202000008620;154 727 099;1;0;2;8;19;5
202000008620;154 727 100;7;0;2;6;1;1
202000008621;154 727 097;7;0;2;0;1;1
202000008621;154 727 098;30;0;2;0;0;1
202000008622;154 727 095;1;0;2;8;15;5
202000008622;154 727 096;99;0;2;1;1;1
202000008623;154 727 093;7;0;2;2;15;1
202000008623;154 727 094;1;0;2;1;1;5
202000008624;154 727 091;37;0;2;2;1;1
202000008624;154 727 092;7;0;2;3;15;2
202000008625;154 727 090;34;11;0;1;26;1
202000008626;154 727 088;31;0;2;4;1;1
202000008626;154 727 089;7;0;2;1;1;1
202000008627;154 727 087;33;0;1;1;1;1
202000008628;154 727 083;7;0;2;2;24;1
202000008628;154 727 084;7;0;2;1;13;1
202000008629;154 727 081;7;0;2;3;1;1
202000008629;154 727 082;7;0;2;2;1;1
202000008630;154 727 079;33;0;0;8;15;1
202000008631;154 727 077;7;0;2;3;15;1
202000008631;154 727 078;2;0;2;1;17;1
202000008632;154 727 075;10;0;2;3;1;1
202000008632;154 727 076;10;0;2;1;1;1
202000008633;154 727 073;33;0;2;1;26;0
202000008633;154 727 074;7;0;0;8;15;6
202000008634;154 727 072;32;0;1;1;0;1
202000008635;154 727 071;7;0;1;1;0;1
202000008636;154 727 070;7;0;0;1;17;0
202000008637;154 727 069;7;0;1;1;1;1
202000008638;154 727 067;7;8;2;7;15;1
202000008638;154 727 068;33;0;2;1;1;1
202000008639;154 727 066;7;0;1;3;9;1
202000008640;154 727 064;32;0;2;2;2;1
202000008640;154 727 065;7;0;2;5;2;1
202000008641;154 727 063;30;0;1;8;1;1
202000008642;154 727 062;32;14;0;1;21;1
202000008643;154 727 060;7;0;2;3;9;1
202000008643;154 727 061;50;0;2;3;25;3
202000008644;154 727 059;33;0;1;1;17;1
202000008645;154 727 057;7;0;2;0;10;0
202000008645;154 727 058;1;0;2;0;1;5
202000008646;154 727 054;32;0;1;8;1;1
202000008647;154 727 052;33;0;2;1;1;1
202000008647;154 727 053;7;0;2;7;10;1
202000008648;154 727 050;10;0;2;1;5;6
202000008648;154 727 051;1;0;2;8;1;5
202000008649;154 727 049;7;0;1;2;24;0
202000008650;154 727 047;7;6;2;5;1;1
202000008650;154 727 048;10;0;2;1;1;1
202000008651;154 727 046;34;1;0;1;21;1
202000008652;154 727 044;34;0;2;6;2;1
202000008652;154 727 045;7;0;2;6;10;1
202000008653;154 727 043;33;14;0;1;19;1
202000008654;154 727 042;7;15;1;1;9;0
202000008655;154 727 040;30;0;2;8;26;1
202000008655;154 727 041;7;0;2;0;26;1
202000008656;154 727 039;10;14;1;1;26;1
202000008657;154 727 037;7;0;2;5;1;1
202000008657;154 727 038;7;0;2;3;9;1
202000008658;154 727 035;7;0;2;3;1;1
202000008658;154 727 036;30;0;2;1;1;1
202000008659;154 727 033;20;0;2;5;9;1
202000008659;154 727 034;20;0;2;5;19;1
202000008660;154 727 032;7;0;1;2;1;1
202000008661;154 727 030;7;0;0;6;23;0
202000008661;154 727 031;15;0;0;1;0;0
202000008662;154 727 029;7;0;1;1;2;1
202000008663;154 727 027;7;0;2;6;23;1
202000008663;154 727 028;7;0;2;2;2;1
202000008664;154 727 025;7;0;2;2;16;1
202000008664;154 727 026;80;0;2;1;19;3
202000008665;154 727 024;7;8;0;1;16;0
202000008666;154 727 022;7;0;2;3;1;1
202000008666;154 727 023;7;0;2;1;1;1
202000008667;154 727 020;7;0;2;1;1;1
202000008667;154 727 021;7;0;2;1;1;1
202000008668;154 727 017;7;0;9;3;9;0
202000008668;154 727 018;1;0;2;1;1;5
202000008668;154 727 019;1;0;2;1;2;-1
202000008669;154 727 015;32;13;0;1;0;1
202000008670;154 727 011;7;0;2;6;15;1
202000008670;154 727 012;33;0;2;1;21;1
202000008670;154 727 013;33;0;0;1;21;1
202000008670;154 727 014;33;0;2;1;21;1
202000008671;154 727 010;33;4;0;0;0;1
202000008672;154 727 008;7;0;2;1;1;1
202000008672;154 727 009;33;0;2;1;13;1
202000008673;154 727 006;7;0;2;2;1;1
202000008673;154 727 007;1;0;2;4;0;5
202000008674;154 727 005;33;0;0;0;1;1
202000008675;154 727 003;33;0;2;8;1;1
202000008675;154 727 004;31;0;2;8;1;1
202000008676;154 727 002;7;6;0;3;1;1
202000008677;154 727 000;7;6;0;2;1;1
202000008678;154 726 998;2;0;2;1;13;1
202000008678;154 726 999;7;3;2;3;1;1
202000008679;154 726 997;36;6;0;1;1;1
202000008680;154 726 996;2;5;0;7;1;1
202000008681;154 726 995;80;0;0;7;15;3
202000008682;154 726 994;33;13;0;1;0;1
202000008683;154 726 992;7;0;2;2;11;1
202000008683;154 726 993;1;0;2;1;1;0
202000008684;154 726 989;33;0;2;1;1;1
202000008684;154 726 990;7;0;2;6;15;1
202000008685;154 726 987;7;0;2;3;9;1
202000008685;154 726 988;1;0;2;2;1;0
202000008686;154 726 985;7;0;2;3;1;1
202000008686;154 726 986;30;0;2;6;26;1
202000008687;154 726 983;7;0;2;3;1;1
202000008687;154 726 984;7;0;2;3;13;1
202000008688;154 726 982;7;16;0;2;1;1
202000008689;154 726 978;7;0;2;8;11;1
202000008689;154 726 979;2;0;2;7;1;1
202000008689;154 726 980;2;0;2;7;1;1
202000008689;154 726 981;2;16;0;0;1;1
202000008690;154 726 977;33;0;0;3;1;1
202000008691;154 726 976;33;5;0;8;1;1
202000008692;154 726 974;7;0;0;1;2;1
202000008692;154 726 975;7;0;0;4;23;1
202000008693;154 726 972;7;0;2;1;1;1
202000008693;154 726 973;7;8;2;3;19;1
202000008694;154 726 970;7;0;0;5;15;1
202000008694;154 726 971;33;0;2;1;1;1
202000008695;154 726 969;33;0;0;2;26;1
202000008696;154 726 968;7;0;0;0;1;1
202000008697;154 726 966;7;0;2;3;1;0
202000008697;154 726 967;1;0;2;8;1;5
202000008698;154 726 964;7;0;2;1;13;1
202000008698;154 726 965;7;0;2;1;1;1
202000008699;154 726 963;7;13;0;1;1;1
202000008700;154 726 961;33;0;2;1;17;1
202000008700;154 726 962;36;0;0;8;15;1
202000008701;154 726 959;33;0;2;1;1;1
202000008701;154 726 960;3;0;2;3;13;1
202000008702;154 726 957;7;5;2;4;1;1
202000008702;154 726 958;7;3;2;1;1;1
202000008703;154 726 955;7;4;2;5;4;1
202000008703;154 726 956;7;0;2;3;21;1
202000008704;154 726 952;10;0;2;6;9;2
202000008704;154 726 953;10;3;2;1;2;1
202000008704;154 726 954;10;0;2;2;2;1
202000008705;154 726 950;10;0;2;2;1;1
202000008705;154 726 951;10;0;2;3;11;1
202000008706;154 726 949;7;4;0;2;21;1
202000008707;154 726 947;7;0;2;5;1;1
202000008707;154 726 948;33;0;2;1;21;1
202000008708;154 726 944;7;3;2;6;1;1
202000008708;154 726 945;7;0;2;2;1;6
202000008708;154 726 946;33;0;2;2;21;1
202000008709;154 726 941;10;4;2;0;1;1
202000008709;154 726 942;17;0;2;0;0;0
202000008709;154 726 943;10;0;2;2;1;1
202000008710;154 726 939;7;0;2;1;13;1
202000008710;154 726 940;7;0;2;8;1;1
202000008711;154 726 937;7;0;2;7;0;1
202000008711;154 726 938;7;0;2;1;0;1
202000008712;154 726 935;1;0;2;1;23;0
202000008712;154 726 936;7;0;9;8;15;1
202000008713;154 726 933;7;0;2;7;16;1
202000008713;154 726 934;0;0;2;0;17;0
202000008714;154 726 931;7;0;2;2;15;0
202000008714;154 726 932;7;0;2;7;1;0
202000008715;154 726 930;33;0;0;7;16;1
202000008716;154 726 929;7;0;1;5;26;1
202000008717;154 726 927;33;14;0;0;21;1
202000008717;154 726 928;7;0;9;3;23;0
202000008718;154 726 925;33;0;2;7;1;1
202000008718;154 726 926;7;4;2;3;21;1
202000008719;154 726 923;7;0;2;3;1;1
202000008719;154 726 924;30;0;2;1;1;1
202000008720;154 726 922;30;0;0;7;1;1
202000008721;154 726 919;7;0;2;4;2;1
202000008721;154 726 920;7;0;2;1;2;1
202000008721;154 726 921;7;0;2;4;2;1
202000008722;154 726 918;10;0;1;1;26;0
202000008723;154 726 915;33;1;0;1;14;0
202000008724;154 726 913;7;0;2;1;1;1
202000008724;154 726 914;7;0;2;4;20;1
202000008725;154 726 909;7;1;0;2;13;1
202000008726;154 726 907;7;0;2;0;0;1
202000008726;154 726 908;7;0;2;1;15;1
202000008727;154 726 906;7;15;0;7;14;1
202000008728;154 726 903;15;0;0;0;0;1
202000008728;154 726 904;7;0;2;8;1;1
202000008728;154 726 905;7;0;2;1;13;1
202000008729;154 726 901;7;0;2;3;15;1
202000008729;154 726 902;2;0;2;1;1;1
202000008730;154 726 900;7;0;1;1;15;0
202000008731;154 726 899;30;14;1;3;25;0
202000008732;154 726 898;30;5;0;3;11;1
202000008733;154 726 897;7;9;0;3;13;1
202000008734;154 726 896;7;0;1;2;26;1
202000008735;154 726 894;33;0;2;3;13;1
202000008735;154 726 895;7;0;2;3;13;1
202000008736;154 726 892;7;0;2;8;1;1
202000008736;154 726 893;7;0;2;0;0;1
202000008737;154 726 891;7;8;0;1;21;1
202000008738;154 726 889;7;0;2;2;15;2
202000008738;154 726 890;33;0;2;1;1;1
202000008739;154 726 887;7;0;2;1;1;1
202000008739;154 726 888;7;0;2;4;1;1
202000008740;154 726 886;7;0;1;1;0;1
202000008741;154 726 884;7;0;2;1;0;1
202000008741;154 726 885;7;0;2;0;0;1
202000008742;154 726 883;1;0;0;0;0;5
202000008743;154 726 881;7;0;2;8;0;1
202000008743;154 726 882;1;0;2;1;0;5
202000008744;154 726 879;7;0;2;4;23;1
202000008744;154 726 880;33;0;2;1;0;1
202000008745;154 726 877;7;0;2;1;2;1
202000008745;154 726 878;7;0;2;4;2;1
202000008746;154 726 876;7;0;1;2;1;1
202000008747;154 726 875;7;0;1;8;1;1
202000008748;154 726 873;7;0;2;7;1;1
202000008748;154 726 874;33;0;2;8;15;1
202000008749;154 726 872;31;12;0;1;1;1
202000008750;154 726 870;7;0;2;3;0;0
202000008750;154 726 871;7;0;2;7;26;1
202000008751;154 726 868;33;14;0;2;21;1
202000008751;154 726 869;7;0;2;6;2;1
202000008752;154 726 866;1;0;2;2;1;5
202000008752;154 726 867;7;0;9;3;9;1
202000008753;154 726 865;10;14;0;1;1;1
202000008754;154 726 863;10;0;2;3;1;1
202000008754;154 726 864;31;0;2;1;1;1
202000008755;154 726 860;7;0;2;1;1;1
202000008755;154 726 861;7;0;2;1;1;1
202000008755;154 726 862;37;0;2;0;26;1
202000008756;154 726 859;7;0;1;1;1;1
202000008757;154 726 856;10;0;2;1;1;1
202000008757;154 726 857;7;0;2;4;23;1
202000008757;154 726 858;7;0;2;4;23;1
202000008758;154 726 853;7;0;2;4;2;1
202000008758;154 726 854;7;0;2;1;2;1
202000008758;154 726 855;7;0;2;1;26;1
202000008759;154 726 852;7;0;1;2;1;1
202000008760;154 726 850;34;0;2;3;17;6
202000008760;154 726 851;7;0;2;3;1;6
202000008761;154 726 849;50;1;0;7;1;3
202000008762;154 726 847;7;0;2;1;15;1
202000008762;154 726 848;30;0;2;8;8;1
202000008763;154 726 846;30;0;1;1;1;1
202000008764;154 726 844;50;0;2;8;1;3
202000008764;154 726 845;7;0;2;2;15;1
202000008765;154 726 842;1;0;2;3;1;5
202000008765;154 726 843;7;0;2;2;16;1
202000008766;154 726 841;30;0;1;3;17;3
202000008767;154 726 839;1;0;2;4;1;5
202000008767;154 726 840;7;0;2;1;1;1
202000008768;154 726 838;7;8;0;3;1;1
202000008769;154 726 836;7;0;2;6;2;1
202000008769;154 726 837;30;0;2;1;2;1
202000008770;154 726 835;7;0;1;3;1;1
202000008771;154 726 833;7;0;9;3;10;1
202000008771;154 726 834;2;0;2;1;1;1
202000008772;154 726 831;30;0;2;2;1;1
202000008772;154 726 832;99;0;2;0;13;0
202000008773;154 726 829;60;0;2;1;1;5
202000008773;154 726 830;10;0;2;0;15;1
202000008774;154 726 827;34;0;2;7;13;1
202000008774;154 726 828;7;0;2;0;15;1
202000008775;154 726 825;7;0;2;2;15;1
202000008775;154 726 826;43;0;2;1;1;1
202000008776;154 726 823;7;0;2;4;15;1
202000008776;154 726 824;30;0;2;1;1;1
202000008777;154 726 821;31;0;2;1;17;0
202000008777;154 726 822;7;0;0;0;0;0
202000008778;154 726 819;30;0;2;4;2;1
202000008778;154 726 820;32;0;2;1;2;1
202000008779;154 726 817;0;0;2;0;0;0
202000008779;154 726 818;7;0;2;4;20;1
202000008780;154 726 815;10;0;2;5;1;1
202000008780;154 726 816;34;0;2;1;1;1
202000008781;154 726 813;7;15;2;3;11;1
202000008781;154 726 814;33;15;0;2;2;1
202000008782;154 726 811;7;0;2;3;1;1
202000008782;154 726 812;7;0;2;1;9;1
202000008783;154 726 807;13;0;2;3;0;0
202000008783;154 726 808;7;0;2;3;0;0
202000008783;154 726 809;7;0;2;3;0;0
202000008783;154 726 810;7;0;2;1;1;6
202000008784;154 726 806;7;0;1;2;26;1
202000008785;154 726 804;7;0;2;4;20;1
202000008785;154 726 805;50;0;2;1;1;3
202000008786;154 726 802;7;0;2;1;23;1
202000008786;154 726 803;7;0;2;4;23;1
202000008787;154 726 800;50;0;2;7;1;3
202000008787;154 726 801;7;0;2;1;19;1
202000008788;154 726 798;33;0;2;1;17;1
202000008788;154 726 799;7;0;2;3;15;1
202000008789;154 726 796;7;0;2;3;22;1
202000008789;154 726 797;2;0;2;1;17;0
202000008790;154 726 795;7;13;0;3;1;0
202000008791;154 726 793;7;0;2;8;1;1
202000008791;154 726 794;2;0;2;1;19;1
202000008792;154 726 791;7;0;9;1;9;1
202000008792;154 726 792;1;0;2;7;12;5
202000008793;154 726 789;15;0;2;1;21;1
202000008793;154 726 790;7;0;2;3;13;1
202000008794;154 726 788;33;0;0;1;1;1
202000008795;154 726 786;7;0;0;3;1;1
202000008795;154 726 787;7;0;2;3;1;1
202000008796;154 726 784;33;0;0;8;1;1
202000008796;154 726 785;7;0;2;7;17;1
202000008797;154 726 783;7;3;0;9;1;1
202000008798;154 726 781;7;0;2;8;1;1
202000008798;154 726 782;31;0;2;8;13;1
202000008799;154 726 779;7;0;0;1;15;1
202000008799;154 726 780;33;0;2;1;1;1
202000008800;154 726 777;1;12;2;1;1;5
202000008800;154 726 778;7;12;2;2;15;1
202000008801;154 726 775;7;2;2;2;17;1
202000008801;154 726 776;7;0;2;3;15;1
202000008802;154 726 774;7;0;1;5;26;1
202000008803;154 726 772;33;0;0;1;1;1
202000008803;154 726 773;10;0;2;5;15;1
202000008804;154 726 770;7;0;2;2;15;1
202000008804;154 726 771;1;0;2;1;1;5
202000008805;154 726 769;7;13;0;1;14;1
202000008806;154 726 767;7;0;0;7;15;1
202000008806;154 726 768;2;0;2;1;1;1
202000008807;154 726 765;7;0;2;1;1;2
202000008807;154 726 766;1;0;2;8;19;5
202000008808;154 726 763;7;0;2;2;1;1
202000008808;154 726 764;1;0;2;3;15;5
202000008809;154 726 762;33;0;0;8;1;1
202000008810;154 726 761;2;6;0;1;1;1
202000008811;154 726 760;1;0;0;1;1;6
202000008812;154 726 759;2;0;0;1;1;1
202000008813;154 726 758;33;2;0;0;1;1
202000008814;154 726 756;2;0;2;8;1;1
202000008814;154 726 757;7;0;2;3;15;1
202000008815;154 726 754;7;0;2;3;19;1
202000008815;154 726 755;33;0;2;1;21;1
202000008816;154 726 753;7;8;0;3;1;1
202000008817;154 726 752;33;16;0;1;0;1
202000008818;154 726 751;33;17;0;1;2;1
202000008819;154 726 750;33;12;0;7;26;1
202000008820;154 726 749;10;2;0;1;1;0
202000008821;154 726 747;7;0;2;1;16;1
202000008821;154 726 748;31;0;2;1;17;0
202000008822;154 726 745;10;0;0;4;15;0
202000008822;154 726 746;7;0;2;1;1;0
202000008823;154 726 742;1;0;0;0;1;5
202000008824;154 726 740;14;0;0;0;0;0
202000008824;154 726 741;7;13;0;2;1;1
202000008825;154 726 739;33;3;0;7;1;1
202000008826;154 726 737;7;0;0;6;2;1
202000008826;154 726 738;33;0;2;1;2;1
202000008827;154 726 735;7;0;2;1;0;1
202000008827;154 726 736;10;0;2;3;0;1
202000008828;154 726 733;7;0;0;4;2;1
202000008828;154 726 734;37;0;2;1;2;1
202000008829;154 726 732;7;15;0;8;0;1
202000008830;154 726 731;7;7;0;9;1;0
202000008831;154 726 730;31;16;0;0;0;1
202000008832;154 726 729;2;0;0;0;0;1
202000008833;154 726 728;36;13;0;1;14;1
202000008834;154 726 726;7;0;2;2;1;1
202000008834;154 726 727;33;0;0;1;15;1
202000008835;154 726 725;2;0;0;8;23;0
202000008836;154 726 723;2;0;2;2;13;1
202000008836;154 726 724;7;0;2;3;9;1
202000008837;154 726 721;7;0;2;1;15;1
202000008837;154 726 722;33;0;2;8;1;1
202000008838;154 726 719;7;12;2;8;16;1
202000008838;154 726 720;7;0;2;7;16;1
202000008839;154 726 717;7;0;2;2;6;1
202000008839;154 726 718;7;0;0;8;1;1
202000008840;154 726 716;33;0;6;1;1;1
202000008841;154 726 714;7;0;2;6;15;1
202000008841;154 726 715;33;0;2;1;17;1
202000008842;154 726 710;7;14;0;5;21;2
202000008842;154 726 711;7;4;0;2;0;1
202000008843;154 726 709;7;4;0;2;1;1
202000008844;154 726 707;0;0;2;4;2;0
202000008844;154 726 708;10;0;2;1;2;1