Num_Acc;id_vehicule;catv;obs;obsm;choc;manv;motor
202000009547;154 725 471;7;0;2;4;0;1
202000009548;154 725 468;7;0;2;3;2;0
202000009548;154 725 469;32;0;2;4;21;0
202000009549;154 725 464;31;0;2;5;1;1
202000009549;154 725 465;7;0;2;6;1;1
202000009549;154 725 466;7;0;2;2;3;1
202000009550;154 725 462;7;4;2;2;12;2
202000009550;154 725 463;7;0;2;1;1;1
202000009551;154 725 460;7;0;2;2;1;1
202000009551;154 725 461;2;0;2;8;11;1
202000009552;154 725 458;7;0;2;2;2;1
202000009552;154 725 459;31;0;2;4;23;1
202000009553;154 725 457;34;0;1;1;1;1
202000009554;154 725 455;7;0;2;4;2;1
202000009554;154 725 456;33;0;2;1;2;1
202000009555;154 725 453;7;0;2;2;1;2
202000009555;154 725 454;7;0;2;2;1;1
202000009556;154 725 452;30;12;0;8;1;3
202000009557;154 725 451;1;1;0;5;1;5
202000009558;154 725 450;30;0;0;7;1;1
202000009559;154 725 448;7;0;2;3;15;0
202000009559;154 725 449;2;12;2;8;1;1
202000009560;154 725 445;7;0;2;4;2;1
202000009560;154 725 446;7;0;2;4;2;1
202000009560;154 725 447;7;0;2;1;2;1
202000009561;154 725 444;30;12;0;8;21;3
202000009562;154 725 443;50;12;0;9;26;3
202000009563;154 725 442;30;0;1;0;25;1
202000009564;154 725 441;7;0;1;1;9;0
202000009565;154 725 440;30;0;1;1;1;1
202000009566;154 725 438;7;0;9;0;0;1
202000009566;154 725 439;30;0;2;1;15;1
202000009567;154 725 437;32;0;1;1;21;1
202000009568;154 725 435;10;0;2;2;16;1
202000009568;154 725 436;2;0;2;3;2;1
202000009569;154 725 433;7;0;2;1;11;1
202000009569;154 725 434;2;0;2;1;17;1
202000009570;154 725 431;10;0;0;5;0;1
202000009570;154 725 432;7;0;2;3;0;1
202000009571;154 725 429;7;0;2;3;15;1
202000009571;154 725 430;1;0;2;1;1;5
202000009572;154 725 428;33;0;0;7;1;1
202000009573;154 725 426;2;14;0;1;1;1
202000009573;154 725 427;7;0;0;4;23;1
202000009574;154 725 425;7;0;1;1;26;1
202000009575;154 725 423;7;13;0;6;1;1
202000009575;154 725 424;7;4;2;2;17;1
202000009576;154 725 421;7;0;2;2;15;1
202000009576;154 725 422;1;0;2;1;1;5
202000009577;154 725 420;33;0;0;0;1;1
202000009578;154 725 418;7;0;0;3;9;1
202000009578;154 725 419;7;0;2;1;1;1
202000009579;154 725 417;7;13;0;0;0;1
202000009580;154 725 413;7;6;2;1;19;1
202000009580;154 725 414;7;6;2;2;1;1
202000009581;154 725 410;7;0;0;5;0;0
202000009581;154 725 411;1;0;2;8;1;0
202000009581;154 725 412;1;0;2;8;1;0
202000009582;154 725 408;33;0;0;2;1;1
202000009583;154 725 407;7;0;0;9;11;1
202000009584;154 725 405;7;0;2;2;1;1
202000009584;154 725 406;7;0;2;1;15;1
202000009585;154 725 403;7;0;9;1;13;1
202000009585;154 725 404;80;0;2;8;13;3
202000009586;154 725 402;36;13;0;2;0;1
202000009587;154 725 401;33;0;0;8;1;1
202000009588;154 725 400;7;13;0;2;1;1
202000009589;154 725 398;21;0;0;6;15;0
202000009589;154 725 399;33;0;2;1;17;0
202000009590;154 725 397;33;3;0;7;21;1
202000009591;154 725 396;33;3;0;0;1;1
202000009592;154 725 395;33;0;0;1;1;1
202000009593;154 725 394;7;0;1;2;2;1
202000009594;154 725 391;7;0;1;1;1;1
202000009595;154 725 389;1;0;2;1;26;5
202000009595;154 725 390;7;0;2;2;13;1
202000009596;154 725 388;2;0;0;0;0;1
202000009597;154 725 386;7;0;2;2;19;1
202000009597;154 725 387;7;13;0;1;1;1
202000009598;154 725 385;7;15;0;0;1;1
202000009599;154 725 383;10;0;9;3;0;1
202000009599;154 725 384;1;0;2;7;0;5
202000009600;154 725 381;7;0;2;3;1;1
202000009600;154 725 382;31;0;2;3;1;1
202000009601;154 725 380;7;2;0;1;14;1
202000009602;154 725 377;7;0;2;3;17;1
202000009602;154 725 378;33;0;2;4;1;1
202000009602;154 725 379;33;0;2;1;1;1
202000009603;154 725 376;7;10;0;1;11;1
202000009604;154 725 374;33;0;2;1;13;1
202000009604;154 725 375;7;0;2;1;1;1
202000009605;154 725 373;7;2;0;9;16;1
202000009606;154 725 372;33;0;0;1;1;1
202000009607;154 725 370;7;0;2;1;13;1
202000009607;154 725 371;7;0;2;1;1;1
202000009608;154 725 368;33;0;2;8;15;1
202000009608;154 725 369;7;0;2;3;15;1
202000009609;154 725 365;7;0;0;6;1;1
202000009609;154 725 366;33;0;2;1;17;1
202000009609;154 725 367;7;0;0;8;1;1
202000009610;154 725 363;7;0;2;1;13;1
202000009610;154 725 364;7;0;2;1;23;1
202000009611;154 725 362;33;6;0;3;1;1
202000009612;154 725 361;7;2;0;1;0;1
202000009613;154 725 359;7;0;2;8;1;1
202000009613;154 725 360;7;0;2;1;1;1
202000009614;154 725 357;10;0;0;8;15;1
202000009614;154 725 358;2;0;2;2;17;1
202000009615;154 725 355;7;0;2;1;1;1
202000009615;154 725 356;33;0;2;1;2;1
202000009616;154 725 354;33;13;0;0;17;1
202000009617;154 725 353;7;16;0;9;14;1
202000009618;154 725 351;7;0;2;2;2;1
202000009618;154 725 352;21;13;0;4;1;1
202000009619;154 725 348;7;0;2;4;2;1
202000009619;154 725 349;7;0;0;4;2;1
202000009619;154 725 350;7;0;2;1;2;1
202000009620;154 725 343;7;0;2;1;2;1
202000009620;154 725 344;7;0;0;3;1;1
202000009620;154 725 345;7;0;2;3;1;1
202000009620;154 725 346;7;0;2;2;2;1
202000009620;154 725 347;7;0;0;3;1;1
202000009621;154 725 342;10;8;0;2;14;1
202000009622;154 725 341;7;2;0;1;1;1
202000009623;154 725 339;34;0;2;1;1;1
202000009623;154 725 340;7;0;2;8;9;1
202000009624;154 725 337;2;0;2;3;1;1
202000009624;154 725 338;7;0;2;3;1;1
202000009625;154 725 336;7;13;0;2;1;0
202000009626;154 725 335;31;16;0;1;0;1
202000009627;154 725 333;7;13;2;1;1;0
202000009627;154 725 334;10;13;2;2;1;0
202000009628;154 725 331;1;0;2;7;19;5
202000009628;154 725 332;7;0;9;1;1;1
202000009629;154 725 329;33;0;2;1;1;1
202000009629;154 725 330;21;0;2;4;19;1
202000009630;154 725 326;7;0;2;1;1;1
202000009630;154 725 327;7;0;2;8;1;1
202000009630;154 725 328;7;0;2;1;1;1
202000009631;154 725 325;10;0;0;9;1;1
202000009632;154 725 324;7;13;0;1;0;1
202000009633;154 725 322;31;0;2;7;1;0
202000009633;154 725 323;7;0;2;1;1;0
202000009634;154 725 320;7;0;2;3;11;1
202000009634;154 725 321;34;0;2;1;1;1
202000009635;154 725 319;34;0;1;1;19;0
202000009636;154 725 317;31;0;2;1;2;0
202000009636;154 725 318;10;0;9;4;23;1
202000009637;154 725 314;7;0;2;1;1;1
202000009637;154 725 315;7;0;2;4;23;1
202000009637;154 725 316;15;0;2;4;23;1
202000009638;154 725 311;7;0;2;3;13;1
202000009638;154 725 312;30;0;2;2;1;1
202000009638;154 725 313;7;0;2;3;1;1
202000009639;154 725 310;7;0;1;8;9;1
202000009640;154 725 308;32;0;2;2;15;1
202000009640;154 725 309;99;0;2;3;1;3
202000009641;154 725 307;33;0;0;0;15;1
202000009642;154 725 305;1;0;2;0;18;5
202000009642;154 725 306;7;0;2;2;14;1
202000009643;154 725 304;7;15;1;0;26;0
202000009644;154 725 302;7;0;2;5;16;1
202000009644;154 725 303;30;0;2;3;16;1
202000009645;154 725 301;7;0;1;3;13;1
202000009646;154 725 299;7;0;2;3;0;1
202000009646;154 725 300;7;0;2;3;13;1
202000009647;154 725 297;7;0;2;1;1;1
202000009647;154 725 298;7;0;2;1;15;1
202000009648;154 725 295;7;0;2;3;9;1
202000009648;154 725 296;1;0;2;7;1;5
202000009649;154 725 294;10;0;1;7;1;1
202000009650;154 725 291;10;0;2;1;5;1
202000009650;154 725 292;7;0;2;4;2;1
202000009650;154 725 293;7;0;2;1;1;0
202000009651;154 725 288;7;0;2;5;12;1
202000009651;154 725 289;32;0;2;1;3;1
202000009651;154 725 290;7;0;2;3;1;1
202000009652;154 725 286;7;0;2;7;12;1
202000009652;154 725 287;32;0;2;3;3;1
202000009653;154 725 284;10;0;2;6;2;1
202000009653;154 725 285;43;0;2;1;3;1
202000009654;154 725 282;10;0;2;4;2;1
202000009654;154 725 283;10;0;2;1;2;1
202000009655;154 725 280;1;0;2;7;15;5
202000009655;154 725 281;33;0;2;1;1;1
202000009656;154 725 278;2;0;2;1;1;1
202000009656;154 725 279;7;0;2;5;1;1
202000009657;154 725 276;1;0;2;5;1;5
202000009657;154 725 277;1;0;2;5;1;5
202000009658;154 725 275;32;0;1;5;17;1
202000009659;154 725 274;30;0;0;0;1;1
202000009660;154 725 273;7;0;1;2;1;1
202000009661;154 725 271;10;0;2;7;1;1
202000009661;154 725 272;10;0;2;1;1;6
202000009662;154 725 269;7;0;2;2;1;2
202000009662;154 725 270;1;0;2;0;1;5
202000009663;154 725 267;7;0;2;3;1;1
202000009663;154 725 268;33;0;2;5;1;1
202000009664;154 725 265;33;0;2;7;1;0
202000009664;154 725 266;7;0;2;1;15;1
202000009665;154 725 264;30;14;0;7;14;1
202000009666;154 725 262;1;0;2;1;1;0
202000009666;154 725 263;7;0;2;3;9;1
202000009667;154 725 260;10;0;2;3;22;1
202000009667;154 725 261;1;0;2;2;1;5
202000009668;154 725 258;30;0;2;7;15;1
202000009668;154 725 259;30;0;2;1;1;1
202000009669;154 725 256;33;0;2;6;1;1
202000009669;154 725 257;1;0;2;1;19;5
202000009670;154 725 254;1;0;2;1;1;5
202000009670;154 725 255;7;0;2;7;22;2
202000009671;154 725 253;43;0;1;1;1;1
202000009672;154 725 251;32;0;2;1;1;1
202000009672;154 725 252;7;0;2;6;1;1
202000009673;154 725 249;1;0;2;1;5;5
202000009673;154 725 250;7;0;2;6;1;1
202000009674;154 725 247;7;0;2;2;1;1
202000009674;154 725 248;33;0;2;4;17;1
202000009675;154 725 246;2;0;0;0;1;3
202000009676;154 725 244;7;0;2;0;0;1
202000009676;154 725 245;7;0;0;0;0;1
202000009677;154 725 242;7;14;0;3;2;1
202000009677;154 725 243;7;0;0;5;0;1
202000009678;154 725 241;30;0;1;1;18;1
202000009679;154 725 239;10;0;2;4;16;1
202000009679;154 725 240;10;0;2;0;0;1
202000009680;154 725 237;7;0;2;1;2;0
202000009680;154 725 238;7;0;2;4;2;0
202000009681;154 725 236;37;0;0;0;1;0
202000009682;154 725 234;7;0;2;3;26;1
202000009682;154 725 235;30;0;2;1;1;1
202000009683;154 725 232;7;0;2;1;15;1
202000009683;154 725 233;34;0;2;7;1;1
202000009684;154 725 230;32;0;2;4;1;0
202000009684;154 725 231;0;0;2;1;17;0
202000009685;154 725 228;7;0;2;2;10;1
202000009685;154 725 229;32;0;2;1;1;1
202000009686;154 725 227;31;12;0;1;13;1
202000009687;154 725 225;1;0;2;8;5;5
202000009687;154 725 226;7;0;2;1;1;1
202000009688;154 725 222;7;11;0;1;16;1
202000009688;154 725 223;7;3;2;4;16;1
202000009688;154 725 224;17;0;2;1;0;1
202000009689;154 725 220;14;0;2;3;11;1
202000009689;154 725 221;10;0;2;7;21;1
202000009690;154 725 218;7;0;2;1;1;0
202000009690;154 725 219;7;0;2;3;16;0
202000009691;154 725 216;7;0;2;3;26;1
202000009691;154 725 217;7;0;2;1;1;1
202000009692;154 725 214;7;6;2;7;2;1
202000009692;154 725 215;1;0;2;8;15;5
202000009693;154 725 211;7;0;2;1;1;1
202000009693;154 725 212;7;0;2;3;2;1
202000009693;154 725 213;7;0;2;1;13;1
202000009694;154 725 209;7;0;0;5;17;1
202000009694;154 725 210;2;0;2;3;2;1
202000009695;154 725 207;7;1;1;3;5;1
202000009695;154 725 208;7;0;1;6;26;1
202000009696;154 725 203;1;0;2;4;1;5
202000009696;154 725 204;7;0;2;2;1;1
202000009697;154 725 201;7;0;2;1;1;6
202000009697;154 725 202;31;0;0;5;1;6
202000009698;154 725 200;7;2;0;1;13;1
202000009699;154 725 197;1;0;2;7;13;5
202000009699;154 725 198;7;0;2;3;18;1
202000009700;154 725 195;7;0;2;7;19;1
202000009700;154 725 196;33;0;2;1;1;1
202000009701;154 725 194;33;9;0;1;1;1
202000009702;154 725 193;7;15;0;3;1;6
202000009703;154 725 192;7;13;0;3;1;1
202000009704;154 725 190;1;1;2;1;2;5
202000009704;154 725 191;7;0;0;4;2;1
202000009705;154 725 188;10;0;2;3;3;1
202000009705;154 725 189;2;0;2;1;1;1
202000009706;154 725 186;7;0;2;8;15;1
202000009706;154 725 187;33;0;2;1;2;1
202000009707;154 725 184;14;0;0;0;0;1
202000009707;154 725 185;36;16;0;1;21;1
202000009708;154 725 183;7;0;0;0;1;1
202000009709;154 725 178;7;0;2;1;15;1
202000009709;154 725 179;1;0;2;1;0;5
202000009710;154 725 177;32;0;0;1;2;1
202000009711;154 725 176;3;0;0;0;1;1
202000009712;154 725 175;7;0;1;4;4;1
202000009713;154 725 173;2;1;0;1;2;1
202000009713;154 725 174;7;1;0;0;2;1
202000009714;154 725 171;7;0;2;3;10;1
202000009714;154 725 172;13;0;2;2;1;1
202000009715;154 725 169;7;0;2;3;1;1
202000009715;154 725 170;1;0;2;0;1;5
202000009716;154 725 168;10;0;1;1;1;1
202000009717;154 725 166;7;0;2;3;15;1
202000009717;154 725 167;33;0;2;1;1;1
202000009718;154 725 165;7;0;0;9;2;1
202000009719;154 725 164;3;6;1;1;1;1
202000009720;154 725 162;7;0;2;8;15;1
202000009720;154 725 163;31;0;2;1;26;1
202000009721;154 725 160;7;3;2;3;1;1
202000009721;154 725 161;7;0;2;3;13;1
202000009722;154 725 158;17;0;2;1;1;1
202000009722;154 725 159;10;0;0;0;1;1
202000009723;154 725 156;14;0;0;4;1;1
202000009723;154 725 157;7;0;2;3;2;1
202000009724;154 725 155;33;0;1;3;26;1
202000009725;154 725 154;7;3;0;3;1;1
202000009726;154 725 151;17;0;0;5;2;1
202000009726;154 725 152;17;0;0;4;2;1
202000009726;154 725 153;7;0;2;1;9;1
202000009727;154 725 150;7;6;0;3;1;1
202000009728;154 725 148;7;0;2;2;21;1
202000009728;154 725 149;7;0;2;3;17;1
202000009729;154 725 147;7;0;1;2;1;1
202000009730;154 725 145;10;0;0;8;15;1
202000009730;154 725 146;34;0;2;1;17;1
202000009731;154 725 144;2;0;1;1;1;1
202000009732;154 725 143;33;8;0;1;1;1
202000009733;154 725 141;7;0;2;3;1;1
202000009733;154 725 142;7;0;2;5;26;1
202000009734;154 725 139;7;0;2;3;26;1
202000009734;154 725 140;33;0;2;2;1;1
202000009735;154 725 137;7;0;2;3;15;1
202000009735;154 725 138;33;0;2;1;2;1
202000009736;154 725 135;33;0;2;1;1;1
202000009736;154 725 136;7;0;0;6;10;1
202000009737;154 725 134;10;0;1;1;11;1
202000009738;154 725 131;7;1;2;2;1;1
202000009738;154 725 132;7;1;0;6;24;1
202000009738;154 725 133;7;0;2;8;1;1
202000009739;154 725 129;31;0;2;4;1;1
202000009739;154 725 130;7;0;2;3;14;1
202000009740;154 725 127;7;0;2;1;1;1
202000009740;154 725 128;7;0;2;0;0;1
202000009741;154 725 126;33;0;0;0;26;1
202000009742;154 725 124;10;0;2;1;1;1
202000009742;154 725 125;10;0;2;4;1;1
202000009743;154 725 122;10;0;2;1;2;1
202000009743;154 725 123;10;0;2;4;1;1
202000009744;154 725 121;7;3;0;1;14;0
202000009745;154 725 119;7;0;2;5;1;1
202000009745;154 725 120;33;0;2;3;3;1
202000009746;154 725 117;33;0;2;1;13;1
202000009746;154 725 118;7;0;2;4;1;1
202000009747;154 725 116;33;0;2;1;26;1
202000009748;154 725 114;7;0;2;4;2;1
202000009748;154 725 115;7;0;2;1;2;1
202000009749;154 725 112;7;0;2;2;1;1
202000009749;154 725 113;32;0;2;3;11;1
202000009750;154 725 110;7;0;2;4;2;1
202000009750;154 725 111;7;0;2;1;2;1
202000009751;154 725 108;33;0;2;8;1;1
202000009751;154 725 109;7;0;2;2;12;1
202000009752;154 725 106;34;0;2;3;1;1
202000009752;154 725 107;32;0;2;7;12;1
202000009753;154 725 105;7;4;2;5;14;1
202000009754;154 725 103;33;0;2;1;3;1
202000009754;154 725 104;7;0;2;6;11;1
202000009755;154 725 100;7;0;2;5;1;1
202000009755;154 725 101;7;0;2;2;1;1
202000009755;154 725 102;7;0;2;3;13;1
202000009756;154 725 097;7;0;2;4;2;1
202000009756;154 725 098;7;0;2;4;2;1
202000009756;154 725 099;10;0;2;1;2;1
202000009757;154 725 095;33;0;2;1;1;1
202000009757;154 725 096;7;0;2;4;1;1
202000009758;154 725 094;7;0;1;1;16;1
202000009759;154 725 093;7;0;1;2;1;1
202000009760;154 725 090;2;0;2;4;26;1
202000009760;154 725 091;2;0;2;4;26;1
202000009760;154 725 092;2;0;2;4;26;1
202000009761;154 725 087;7;14;0;0;0;1
202000009761;154 725 088;7;14;0;0;0;1
202000009761;154 725 089;7;14;0;4;26;1
202000009762;154 725 084;7;0;2;7;12;1
202000009762;154 725 085;33;0;2;6;3;1
202000009762;154 725 086;7;0;2;6;1;1
202000009763;154 725 082;7;0;2;6;19;1
202000009763;154 725 083;30;0;2;1;1;1
202000009764;154 725 079;7;14;0;1;1;1
202000009764;154 725 080;7;0;2;4;23;1
202000009765;154 725 077;7;0;2;1;2;1
202000009765;154 725 078;7;0;9;4;2;1
202000009766;154 725 075;1;0;2;0;1;0
202000009766;154 725 076;3;0;2;7;14;0
202000009767;154 725 073;7;0;2;3;20;1
202000009767;154 725 074;50;0;2;3;17;3
202000009768;154 725 071;33;0;2;3;9;1
202000009768;154 725 072;7;0;2;3;9;1
202000009769;154 725 070;7;0;1;2;1;1
202000009770;154 725 067;33;15;2;1;18;1
202000009770;154 725 068;7;0;2;2;16;1
202000009771;154 725 066;7;0;1;1;1;1
202000009772;154 725 065;10;2;0;7;14;1
202000009773;154 725 064;37;0;1;7;26;1
202000009774;154 725 062;7;0;2;4;1;1
202000009774;154 725 063;7;0;2;1;1;1
202000009775;154 725 058;2;0;2;2;1;1
202000009775;154 725 059;7;0;2;1;15;1
202000009776;154 725 056;1;0;2;0;1;0
202000009776;154 725 057;7;0;2;1;2;1
202000009777;154 725 055;10;0;1;3;1;1
202000009778;154 725 053;33;0;2;1;17;1
202000009778;154 725 054;7;0;2;3;15;1
202000009779;154 725 051;7;0;2;8;11;1
202000009779;154 725 052;7;0;2;1;2;1
202000009780;154 725 049;1;0;2;8;2;-1
202000009780;154 725 050;14;0;9;0;0;1
202000009781;154 725 047;33;0;2;1;1;1
202000009781;154 725 048;10;0;2;1;15;1
202000009782;154 725 046;7;8;0;1;1;1
202000009783;154 725 044;7;0;2;4;4;1
202000009783;154 725 045;33;0;2;1;23;1
202000009784;154 725 043;1;0;1;1;1;5
202000009785;154 725 041;7;0;2;0;0;1
202000009785;154 725 042;7;0;2;0;0;1
202000009786;154 725 040;99;13;0;1;16;1
202000009787;154 725 039;7;0;1;2;19;1
202000009788;154 725 037;7;0;2;0;0;2
202000009788;154 725 038;2;0;2;1;0;1
202000009789;154 725 035;7;0;2;1;0;1
202000009789;154 725 036;7;0;2;3;0;1
202000009790;154 725 033;33;0;2;7;1;1
202000009790;154 725 034;7;0;2;8;13;1
202000009791;154 725 030;7;0;2;4;23;1
202000009791;154 725 031;7;0;2;4;23;1
202000009791;154 725 032;10;0;2;1;1;1
202000009792;154 725 029;7;0;1;3;1;0
202000009793;154 725 027;7;0;2;4;15;0
202000009793;154 725 028;2;0;2;1;1;1
202000009794;154 725 026;32;0;1;3;1;1
202000009795;154 725 024;30;0;2;8;18;1
202000009795;154 725 025;7;0;2;7;16;1
202000009796;154 725 021;7;0;2;4;1;1
202000009796;154 725 022;7;0;2;3;1;1
202000009796;154 725 023;7;0;2;3;1;1
202000009797;154 725 020;7;0;1;1;1;1
202000009798;154 725 018;7;0;2;6;15;1
202000009798;154 725 019;33;0;2;1;17;1
202000009799;154 725 017;1;0;1;1;1;5
202000009800;154 725 015;7;0;2;2;1;1
202000009800;154 725 016;7;0;2;3;1;1
202000009801;154 725 014;7;0;1;1;15;1
202000009802;154 725 013;7;0;1;4;4;1
202000009803;154 725 012;7;6;0;1;1;1
202000009804;154 725 010;33;0;2;2;17;1
202000009804;154 725 011;7;0;2;3;10;1
202000009805;154 725 008;2;0;2;2;3;1
202000009805;154 725 009;7;0;2;6;15;1
202000009806;154 725 006;7;0;2;2;26;1
202000009806;154 725 007;7;0;2;2;26;1
202000009807;154 725 005;2;0;1;1;1;3
202000009808;154 725 004;7;0;1;3;9;0
202000009809;154 725 002;7;0;2;8;15;0
202000009809;154 725 003;7;0;2;1;1;0
202000009810;154 725 000;7;0;2;1;1;0
202000009810;154 725 001;7;0;2;4;1;0
202000009811;154 724 998;7;10;2;1;1;1
202000009811;154 724 999;7;10;2;1;17;1
202000009812;154 724 996;7;0;2;1;1;1
202000009812;154 724 997;7;0;2;8;9;6
202000009813;154 724 994;32;0;2;8;3;1
202000009813;154 724 995;10;0;2;7;1;1
202000009814;154 724 992;7;0;2;1;14;1
202000009814;154 724 993;15;0;2;6;23;1
202000009815;154 724 991;10;0;1;1;20;1
202000009816;154 724 989;30;0;2;1;1;3
202000009816;154 724 990;7;0;2;5;1;1
202000009817;154 724 987;50;0;2;8;1;3
202000009817;154 724 988;10;0;2;7;16;1
202000009818;154 724 986;30;0;1;1;1;1
202000009819;154 724 984;1;0;2;3;13;5
202000009819;154 724 985;7;0;2;5;1;1
202000009820;154 724 982;7;0;2;1;1;1
202000009820;154 724 983;7;0;2;4;23;1
202000009821;154 724 980;7;0;2;2;16;1
202000009821;154 724 981;1;0;2;1;1;5
202000009822;154 724 978;7;0;2;2;16;1
202000009822;154 724 979;32;0;2;3;7;1
202000009823;154 724 976;7;0;2;3;1;1
202000009823;154 724 977;32;0;2;2;17;1
202000009824;154 724 974;7;0;2;8;22;2
202000009824;154 724 975;1;0;2;2;1;5
202000009825;154 724 972;50;0;2;7;17;3
202000009825;154 724 973;7;0;2;8;13;1
202000009826;154 724 970;10;0;2;0;0;0
202000009826;154 724 971;7;0;2;0;0;0
202000009827;154 724 969;2;13;0;1;0;1
202000009828;154 724 967;33;0;2;1;1;1
202000009828;154 724 968;7;0;2;6;1;1
202000009829;154 724 965;10;0;2;2;1;1
202000009829;154 724 966;30;0;2;1;1;1
202000009830;154 724 963;7;0;2;1;1;0
202000009830;154 724 964;7;0;2;7;1;0
202000009831;154 724 961;7;0;2;1;2;1
202000009831;154 724 962;7;0;2;0;0;1
202000009832;154 724 960;7;0;1;2;1;1
202000009833;154 724 958;7;0;2;2;13;1
202000009833;154 724 959;7;0;2;3;14;1
202000009834;154 724 957;33;0;0;3;13;1
202000009835;154 724 954;17;0;2;5;23;1
202000009835;154 724 955;14;0;2;1;2;1
202000009835;154 724 956;7;0;0;0;20;1
202000009836;154 724 953;10;0;1;0;1;0
202000009837;154 724 950;30;0;2;1;15;3
202000009837;154 724 951;7;0;9;2;1;1
202000009837;154 724 952;7;0;2;8;1;1
202000009838;154 724 948;7;0;2;3;13;1
202000009838;154 724 949;2;0;2;3;13;1
202000009839;154 724 947;7;0;1;3;15;1
202000009840;154 724 946;7;0;2;1;21;1
202000009841;154 724 943;7;0;2;1;2;1
202000009841;154 724 944;7;0;2;4;23;1
202000009841;154 724 945;7;0;2;4;23;1
202000009842;154 724 941;7;0;2;7;15;1
202000009842;154 724 942;7;0;2;1;1;1
202000009843;154 724 940;7;0;1;2;1;1
202000009844;154 724 939;7;0;0;0;1;1
202000009845;154 724 937;7;0;2;6;13;1
202000009845;154 724 938;7;0;2;3;1;1
202000009846;154 724 936;15;0;1;7;1;1
202000009847;154 724 935;7;0;1;3;17;1
202000009848;154 724 933;30;0;2;1;16;1
202000009848;154 724 934;1;0;2;4;1;5
202000009849;154 724 931;7;0;2;3;1;6
202000009849;154 724 932;30;0;2;1;15;6
202000009850;154 724 929;7;0;2;2;1;1
202000009850;154 724 930;7;0;2;7;20;2
202000009851;154 724 927;7;0;2;3;19;1
202000009851;154 724 928;7;0;2;2;1;1
202000009852;154 724 925;1;0;2;1;1;5
202000009852;154 724 926;7;0;2;8;16;0
202000009853;154 724 923;1;0;2;7;26;5
202000009853;154 724 924;7;0;2;1;1;3
202000009854;154 724 922;30;0;0;7;1;1
202000009855;154 724 921;10;0;1;7;2;1
202000009856;154 724 919;7;0;2;1;2;1
202000009856;154 724 920;7;0;2;5;2;1
202000009857;154 724 916;7;0;2;3;15;1
202000009857;154 724 917;33;0;2;1;1;1
202000009857;154 724 918;7;0;9;1;23;1
202000009858;154 724 912;1;0;2;1;1;5
202000009858;154 724 913;7;0;2;3;9;1
202000009859;154 724 909;7;0;1;0;0;1
202000009860;154 724 907;10;0;9;7;17;1
202000009860;154 724 908;1;0;2;3;15;5
202000009861;154 724 905;7;0;2;4;1;1
202000009861;154 724 906;7;0;2;1;1;1
202000009862;154 724 903;1;0;2;7;19;5
202000009862;154 724 904;7;0;2;2;19;1
202000009863;154 724 901;7;0;2;5;1;1
202000009863;154 724 902;7;0;2;1;2;1
202000009864;154 724 900;7;0;1;1;1;1
202000009865;154 724 898;7;0;2;4;23;1
202000009865;154 724 899;7;0;2;1;1;1
202000009866;154 724 897;7;0;1;1;1;1
202000009867;154 724 896;7;6;0;8;1;1
202000009868;154 724 894;1;0;2;1;25;5
202000009868;154 724 895;7;0;2;2;16;1
202000009869;154 724 893;7;0;1;2;1;1
202000009870;154 724 891;7;0;2;1;13;1
202000009870;154 724 892;7;0;2;1;1;1
202000009871;154 724 889;34;0;2;1;7;1
202000009871;154 724 890;7;0;2;2;15;1
202000009872;154 724 888;7;0;1;1;1;1
202000009873;154 724 886;7;0;2;8;9;4
202000009873;154 724 887;80;0;2;1;1;3
202000009874;154 724 884;1;0;2;1;1;5
202000009874;154 724 885;7;0;2;8;1;1
202000009875;154 724 883;7;0;1;2;1;1
202000009876;154 724 882;7;0;1;8;1;1
202000009877;154 724 878;10;0;2;1;26;1
202000009877;154 724 879;7;0;0;4;23;1
202000009877;154 724 880;7;0;2;4;0;1
202000009877;154 724 881;7;0;2;4;0;1
202000009878;154 724 876;1;0;2;8;1;5
202000009878;154 724 877;7;0;2;1;1;1
202000009879;154 724 875;7;0;1;2;16;1
202000009880;154 724 873;2;0;2;1;13;1
202000009880;154 724 874;7;0;0;6;1;1
202000009881;154 724 871;7;0;2;1;26;1
202000009881;154 724 872;13;1;0;4;23;1
202000009882;154 724 869;2;0;2;7;13;1
202000009882;154 724 870;10;0;2;3;15;1
202000009883;154 724 868;7;0;1;1;26;1
202000009884;154 724 867;30;6;0;1;2;1
202000009885;154 724 864;7;0;2;8;2;1
202000009885;154 724 865;7;0;2;4;2;1
202000009885;154 724 866;10;0;2;1;2;1
202000009886;154 724 862;7;0;0;4;1;0
202000009886;154 724 863;7;0;2;1;1;0
202000009887;154 724 860;33;0;2;1;1;1
202000009887;154 724 861;99;0;2;7;19;0
202000009888;154 724 859;7;4;0;3;13;1
202000009889;154 724 858;1;0;0;0;0;5
202000009890;154 724 857;7;9;0;1;20;1
202000009891;154 724 856;7;2;0;0;1;1
202000009892;154 724 854;7;0;2;2;15;1
202000009892;154 724 855;7;0;2;2;1;1
202000009893;154 724 852;43;0;2;1;1;1
202000009893;154 724 853;7;0;2;6;11;1
202000009894;154 724 849;7;0;2;8;11;1
202000009894;154 724 850;43;0;2;2;1;1