Num_Acc;id_vehicule;catv;obs;obsm;choc;manv;motor
202000011315;154 722 349;7;0;2;1;19;1
202000011316;154 722 347;31;0;0;0;26;1
202000011317;154 722 345;32;0;0;0;26;1
202000011318;154 722 344;10;0;2;3;1;1
202000011318;154 722 346;2;0;2;1;1;1
202000011319;154 722 342;7;1;2;7;1;1
202000011319;154 722 343;7;0;2;1;1;1
202000011320;154 722 339;60;0;2;1;19;5
202000011320;154 722 341;7;0;2;8;1;1
202000011321;154 722 338;33;0;2;3;1;1
202000011321;154 722 340;7;0;2;1;15;1
202000011322;154 722 335;10;0;2;0;26;0
202000011322;154 722 336;31;0;2;7;26;1
202000011323;154 722 334;1;14;0;1;1;5
202000011323;154 722 337;7;14;0;4;2;1
202000011324;154 722 330;2;0;2;3;1;1
202000011324;154 722 332;2;0;2;7;18;0
202000011325;154 722 331;7;0;9;8;22;1
202000011325;154 722 333;80;1;0;2;1;3
202000011326;154 722 329;32;0;0;0;1;1
202000011327;154 722 328;10;0;1;4;0;1
202000011328;154 722 325;1;0;2;1;13;5
202000011328;154 722 327;10;0;2;3;1;1
202000011329;154 722 322;1;14;2;0;18;5
202000011329;154 722 323;7;0;2;0;1;1
202000011330;154 722 318;1;0;2;7;19;5
202000011330;154 722 319;50;0;2;1;1;3
202000011331;154 722 317;7;15;0;8;2;1
202000011332;154 722 315;43;0;2;1;2;1
202000011332;154 722 316;7;0;2;5;2;3
202000011333;154 722 314;10;0;2;1;1;1
202000011334;154 722 312;10;0;2;7;12;1
202000011334;154 722 313;32;0;2;1;7;1
202000011335;154 722 309;32;0;2;8;1;1
202000011335;154 722 311;7;0;2;3;15;1
202000011336;154 722 306;10;0;2;1;1;1
202000011336;154 722 307;37;0;2;5;23;2
202000011336;154 722 308;7;0;2;6;23;1
202000011336;154 722 310;7;0;2;4;23;1
202000011337;154 722 303;7;14;0;1;2;1
202000011338;154 722 304;32;0;2;4;23;1
202000011338;154 722 305;10;0;2;1;2;1
202000011339;154 722 301;30;0;2;1;1;1
202000011339;154 722 302;1;0;2;8;19;5
202000011340;154 722 299;30;0;2;1;9;0
202000011340;154 722 300;7;0;2;4;1;1
202000011341;154 722 295;7;0;2;5;24;1
202000011341;154 722 297;7;0;2;1;13;1
202000011341;154 722 298;7;0;2;6;24;1
202000011342;154 722 294;7;0;2;1;15;1
202000011342;154 722 296;33;0;2;1;19;1
202000011343;154 722 291;30;0;2;1;1;1
202000011343;154 722 293;7;0;2;2;15;1
202000011344;154 722 290;7;0;2;0;0;1
202000011344;154 722 292;33;0;2;0;26;1
202000011345;154 722 287;32;0;2;1;1;1
202000011345;154 722 289;33;0;2;7;1;1
202000011346;154 722 286;1;0;2;8;2;5
202000011346;154 722 288;7;0;2;2;16;1
202000011347;154 722 285;10;0;1;7;1;1
202000011348;154 722 283;32;0;2;5;1;1
202000011348;154 722 284;7;0;9;1;15;1
202000011349;154 722 282;7;0;1;2;16;1
202000011350;154 722 281;10;8;0;3;20;1
202000011351;154 722 278;1;0;2;1;2;5
202000011351;154 722 280;7;0;2;4;15;1
202000011352;154 722 277;7;0;2;1;15;1
202000011352;154 722 279;7;0;2;3;2;0
202000011353;154 722 276;7;1;0;2;1;1
202000011354;154 722 273;7;0;0;4;23;0
202000011354;154 722 274;7;0;2;1;17;1
202000011354;154 722 275;7;0;2;4;17;0
202000011355;154 722 272;7;0;1;1;15;1
202000011356;154 722 270;1;0;2;2;1;0
202000011356;154 722 271;7;0;2;1;1;1
202000011357;154 722 268;31;0;2;4;2;1
202000011357;154 722 269;7;0;2;1;0;-1
202000011358;154 722 265;1;0;1;1;1;5
202000011359;154 722 264;10;8;0;1;25;0
202000011360;154 722 266;7;0;2;4;2;1
202000011360;154 722 267;7;0;2;4;23;1
202000011361;154 722 261;7;0;2;3;10;1
202000011361;154 722 263;7;0;2;2;17;1
202000011362;154 722 259;7;0;1;1;1;1
202000011363;154 722 260;33;0;2;1;1;0
202000011363;154 722 262;7;0;2;3;26;2
202000011364;154 722 257;3;0;2;3;26;1
202000011364;154 722 258;7;0;2;9;26;1
202000011365;154 722 254;7;0;2;1;6;1
202000011365;154 722 256;7;0;0;0;0;1
202000011366;154 722 255;7;0;1;3;16;1
202000011367;154 722 253;7;0;1;2;1;1
202000011368;154 722 251;99;0;2;0;19;0
202000011368;154 722 252;7;0;2;2;1;0
202000011369;154 722 247;33;14;0;0;1;1
202000011369;154 722 248;33;0;2;0;1;1
202000011369;154 722 250;33;0;2;1;1;1
202000011370;154 722 245;33;12;0;1;1;1
202000011371;154 722 244;34;12;0;1;1;1
202000011372;154 722 246;7;0;2;0;9;1
202000011372;154 722 249;30;0;0;4;1;1
202000011373;154 722 242;7;8;0;1;14;1
202000011374;154 722 243;7;6;0;1;13;1
202000011375;154 722 240;1;0;2;1;2;5
202000011375;154 722 241;7;0;2;8;15;1
202000011376;154 722 239;7;1;0;1;14;1
202000011377;154 722 234;30;0;2;7;15;1
202000011377;154 722 235;34;0;2;1;1;1
202000011378;154 722 232;7;0;2;6;16;0
202000011378;154 722 233;32;0;2;6;18;6
202000011379;154 722 230;7;0;2;5;15;1
202000011379;154 722 231;1;0;2;1;1;6
202000011380;154 722 229;33;0;0;0;26;6
202000011381;154 722 236;10;0;2;8;13;1
202000011381;154 722 237;7;0;2;7;1;1
202000011381;154 722 238;7;0;2;7;1;1
202000011382;154 722 227;7;0;1;1;1;1
202000011383;154 722 226;7;0;2;7;19;1
202000011383;154 722 228;60;0;2;7;19;5
202000011384;154 722 224;33;0;2;0;13;1
202000011384;154 722 225;7;0;2;0;0;1
202000011385;154 722 222;7;0;2;4;2;1
202000011385;154 722 223;7;0;2;1;2;1
202000011386;154 722 220;7;0;2;5;15;1
202000011386;154 722 221;33;0;2;1;1;1
202000011387;154 722 219;7;13;0;0;14;1
202000011388;154 722 216;32;0;2;1;1;1
202000011388;154 722 218;7;0;2;8;15;1
202000011389;154 722 215;1;0;2;0;0;5
202000011389;154 722 217;1;0;2;0;2;5
202000011390;154 722 213;30;0;2;8;18;1
202000011390;154 722 214;0;0;2;0;-1;-1
202000011391;154 722 210;7;0;0;0;15;1
202000011391;154 722 212;33;0;0;3;1;1
202000011392;154 722 208;7;0;2;0;9;1
202000011392;154 722 209;2;1;2;2;0;1
202000011393;154 722 207;33;0;0;9;1;1
202000011394;154 722 205;7;1;9;3;1;1
202000011394;154 722 206;1;1;2;7;19;5
202000011395;154 722 203;7;0;0;8;15;1
202000011395;154 722 204;2;0;2;2;17;1
202000011396;154 722 200;7;0;2;3;13;0
202000011396;154 722 202;7;0;2;8;1;0
202000011397;154 722 199;3;0;2;2;1;5
202000011397;154 722 201;7;0;2;3;9;1
202000011398;154 722 197;7;0;2;2;1;1
202000011398;154 722 198;1;0;2;5;2;5
202000011399;154 722 194;7;0;2;3;1;1
202000011399;154 722 196;7;0;2;3;13;1
202000011400;154 722 191;7;0;2;0;1;1
202000011400;154 722 193;7;0;2;8;1;1
202000011400;154 722 195;33;0;2;6;1;1
202000011401;154 722 190;33;0;0;9;1;1
202000011402;154 722 192;7;0;1;1;1;0
202000011403;154 722 188;7;0;1;2;1;1
202000011404;154 722 185;7;0;0;0;26;1
202000011404;154 722 186;80;0;0;1;26;3
202000011405;154 722 187;2;1;0;1;15;1
202000011405;154 722 189;7;0;2;1;23;1
202000011406;154 722 182;7;0;0;4;2;0
202000011406;154 722 184;10;0;2;1;2;0
202000011407;154 722 181;10;0;2;2;1;1
202000011407;154 722 183;7;0;2;1;19;1
202000011408;154 722 179;7;0;0;0;1;1
202000011409;154 722 178;7;0;2;3;16;1
202000011409;154 722 180;10;0;2;3;15;1
202000011410;154 722 175;7;0;2;4;2;0
202000011410;154 722 176;7;0;2;1;2;1
202000011411;154 722 177;33;3;0;2;1;1
202000011412;154 722 172;7;0;2;1;1;0
202000011412;154 722 173;7;0;2;4;1;1
202000011412;154 722 174;7;0;2;9;1;1
202000011413;154 722 166;32;0;2;3;3;1
202000011413;154 722 168;7;0;2;2;12;1
202000011414;154 722 165;30;14;0;1;14;1
202000011415;154 722 167;10;14;0;1;1;1
202000011415;154 722 169;7;14;0;4;23;1
202000011415;154 722 170;7;14;0;4;23;1
202000011415;154 722 171;7;14;0;4;23;1
202000011416;154 722 164;10;0;1;0;4;1
202000011417;154 722 162;7;0;1;3;1;1
202000011418;154 722 161;43;0;2;8;18;1
202000011418;154 722 163;10;0;2;7;20;1
202000011419;154 722 158;7;0;2;3;13;1
202000011419;154 722 160;15;3;2;1;1;1
202000011420;154 722 157;1;0;2;1;2;5
202000011420;154 722 159;7;0;2;4;2;0
202000011421;154 722 154;7;0;1;1;1;1
202000011422;154 722 153;7;0;9;0;2;1
202000011422;154 722 155;36;0;2;4;2;1
202000011422;154 722 156;36;0;2;1;2;1
202000011423;154 722 151;7;0;2;1;1;1
202000011423;154 722 152;1;0;2;1;1;5
202000011424;154 722 150;15;0;1;1;1;1
202000011425;154 722 147;30;0;2;7;16;1
202000011425;154 722 149;50;0;2;8;1;3
202000011426;154 722 146;2;0;2;1;1;1
202000011426;154 722 148;7;0;2;3;15;1
202000011427;154 722 143;33;0;0;9;1;1
202000011428;154 722 141;7;0;2;1;1;1
202000011428;154 722 144;7;0;2;3;23;1
202000011428;154 722 145;33;0;2;0;15;1
202000011429;154 722 140;7;0;0;3;9;1
202000011429;154 722 142;2;0;2;1;1;1
202000011430;154 722 138;7;14;2;2;14;1
202000011430;154 722 139;30;0;2;4;23;3
202000011431;154 722 136;7;0;2;3;1;1
202000011431;154 722 137;31;0;2;1;1;1
202000011432;154 722 134;50;0;2;1;19;3
202000011432;154 722 135;7;0;2;3;1;1
202000011433;154 722 132;7;0;2;8;15;1
202000011433;154 722 133;33;0;2;1;11;1
202000011434;154 722 130;33;7;0;1;1;1
202000011435;154 722 129;7;0;2;0;1;1
202000011435;154 722 131;7;0;2;6;1;2
202000011436;154 722 128;33;16;0;0;2;1
202000011437;154 722 126;7;0;2;3;16;1
202000011437;154 722 127;33;0;2;5;15;1
202000011438;154 722 124;3;0;0;2;19;1
202000011438;154 722 125;7;0;0;1;1;1
202000011439;154 722 122;50;0;2;3;1;3
202000011439;154 722 123;7;0;2;3;9;1
202000011440;154 722 121;2;7;0;1;1;1
202000011441;154 722 119;50;0;2;8;1;3
202000011441;154 722 120;7;0;2;0;15;0
202000011442;154 722 117;7;0;2;3;1;1
202000011442;154 722 118;7;0;2;3;13;1
202000011443;154 722 113;42;0;2;3;13;0
202000011443;154 722 115;7;5;2;3;1;0
202000011444;154 722 114;3;0;2;2;15;1
202000011444;154 722 116;32;8;2;1;1;1
202000011445;154 722 112;33;8;0;1;1;1
202000011446;154 722 110;33;14;0;1;13;1
202000011447;154 722 106;1;0;2;1;1;5
202000011447;154 722 108;50;0;2;1;14;3
202000011448;154 722 105;33;0;0;1;1;1
202000011448;154 722 107;7;0;0;3;15;1
202000011449;154 722 104;50;0;0;0;1;3
202000011450;154 722 103;33;0;0;8;26;1
202000011451;154 722 101;30;0;2;2;2;1
202000011451;154 722 102;1;0;2;6;1;5
202000011452;154 722 099;33;0;2;1;1;1
202000011452;154 722 100;7;0;2;1;16;1
202000011453;154 722 096;32;0;2;5;17;1
202000011453;154 722 098;7;0;2;3;15;1
202000011454;154 722 097;7;0;1;1;1;1
202000011455;154 722 094;7;12;0;1;14;1
202000011456;154 722 093;33;0;0;7;17;1
202000011456;154 722 095;10;0;0;0;17;1
202000011457;154 722 092;1;9;0;3;15;5
202000011458;154 722 091;1;0;0;1;1;5
202000011459;154 722 090;7;0;1;0;1;1
202000011460;154 722 088;32;0;2;1;1;1
202000011460;154 722 089;1;0;2;8;1;5
202000011461;154 722 087;13;0;0;0;1;0
202000011462;154 722 085;10;0;2;1;1;1
202000011462;154 722 086;10;0;2;8;1;1
202000011463;154 722 082;7;0;2;1;1;1
202000011463;154 722 083;7;0;2;4;1;1
202000011464;154 722 078;7;0;0;4;23;1
202000011464;154 722 079;31;0;2;1;1;1
202000011465;154 722 076;7;0;2;1;2;1
202000011465;154 722 077;7;0;2;7;21;1
202000011466;154 722 075;7;2;0;7;14;1
202000011467;154 722 072;7;0;2;1;1;1
202000011467;154 722 073;7;0;2;1;1;1
202000011468;154 722 074;7;0;2;8;1;1
202000011468;154 722 080;7;0;2;5;23;1
202000011468;154 722 081;7;0;2;1;11;1
202000011469;154 722 070;7;0;9;6;17;1
202000011469;154 722 071;1;0;2;8;1;5
202000011470;154 722 068;7;0;2;8;0;1
202000011470;154 722 069;7;0;2;1;15;1
202000011471;154 722 065;1;0;2;1;1;5
202000011471;154 722 067;3;0;2;7;9;0
202000011472;154 722 064;33;0;2;1;2;1
202000011472;154 722 066;7;0;2;7;9;1
202000011473;154 722 063;7;6;0;3;13;1
202000011474;154 722 062;3;0;0;9;1;1
202000011475;154 722 061;33;17;0;0;1;1
202000011476;154 722 060;7;0;1;2;14;1
202000011477;154 722 058;7;0;1;7;9;1
202000011478;154 722 057;7;0;2;3;16;1
202000011478;154 722 059;1;0;2;2;1;5
202000011479;154 722 055;7;0;2;9;16;1
202000011479;154 722 056;32;0;2;3;16;1
202000011480;154 722 053;7;0;0;2;15;1
202000011480;154 722 054;2;0;0;1;1;1
202000011481;154 722 051;33;3;0;1;1;1
202000011482;154 722 050;33;0;2;1;14;1
202000011482;154 722 052;7;1;0;6;20;1
202000011483;154 722 048;33;0;2;7;0;1
202000011483;154 722 049;7;0;2;3;15;1
202000011484;154 722 046;32;0;2;3;1;1
202000011484;154 722 047;7;0;2;2;14;1
202000011485;154 722 043;7;0;2;1;2;1
202000011485;154 722 044;7;0;2;4;2;1
202000011485;154 722 045;7;0;2;4;2;1
202000011486;154 722 041;34;0;2;1;17;1
202000011486;154 722 042;7;0;2;3;9;1
202000011487;154 722 040;7;12;1;3;13;1
202000011488;154 722 037;1;0;2;1;1;5
202000011488;154 722 038;1;0;9;4;1;5
202000011489;154 722 035;37;0;2;3;1;1
202000011489;154 722 036;10;0;2;3;13;1
202000011490;154 722 034;31;0;5;0;21;1
202000011491;154 722 032;31;0;2;3;1;1
202000011491;154 722 033;7;0;2;2;19;1
202000011492;154 722 030;31;13;2;3;1;1
202000011492;154 722 031;7;0;9;3;16;1
202000011493;154 722 029;3;2;0;1;1;1
202000011494;154 722 039;7;1;0;2;16;6
202000011495;154 722 027;7;0;2;3;19;1
202000011495;154 722 028;33;0;2;1;1;1
202000011496;154 722 025;7;1;0;2;16;1
202000011496;154 722 026;30;1;0;1;1;1
202000011497;154 722 021;10;0;2;6;1;1
202000011497;154 722 022;7;0;2;6;1;1
202000011497;154 722 023;10;0;2;1;1;1
202000011497;154 722 024;37;16;2;1;26;0
202000011498;154 722 019;7;6;2;3;15;1
202000011498;154 722 020;2;6;2;2;17;1
202000011499;154 722 017;2;0;2;1;1;1
202000011499;154 722 018;7;0;2;1;1;1
202000011500;154 722 015;1;1;0;1;1;0
202000011500;154 722 016;7;0;9;8;22;1
202000011501;154 722 014;10;0;1;2;1;1
202000011502;154 722 012;7;13;2;6;17;1
202000011502;154 722 013;13;0;2;2;17;1
202000011503;154 722 010;7;0;2;3;1;1
202000011503;154 722 011;7;0;2;3;1;1
202000011504;154 722 008;7;0;2;4;2;1
202000011504;154 722 009;7;3;2;1;2;1
202000011505;154 722 003;7;0;2;8;18;1
202000011505;154 722 004;15;0;9;1;1;1
202000011505;154 722 005;7;0;9;1;1;1
202000011505;154 722 006;7;0;2;7;17;1
202000011505;154 722 007;15;0;2;7;16;1
202000011506;154 722 002;7;13;0;3;1;1
202000011507;154 722 001;7;0;1;3;1;0
202000011508;154 721 999;1;0;2;8;9;5
202000011508;154 722 000;7;0;2;3;1;1
202000011509;154 721 998;31;2;0;1;21;0
202000011510;154 721 997;21;3;0;3;1;1
202000011511;154 721 995;1;0;2;1;1;5
202000011511;154 721 996;7;0;2;7;15;1
202000011512;154 721 993;31;0;2;1;17;0
202000011512;154 721 994;7;0;2;3;15;0
202000011513;154 721 991;2;0;2;1;15;1
202000011513;154 721 992;2;0;0;4;15;1
202000011514;154 721 990;33;0;0;3;1;6
202000011515;154 721 989;31;13;0;1;1;1
202000011516;154 721 988;2;7;0;1;14;1
202000011517;154 721 986;7;0;2;3;13;1
202000011517;154 721 987;33;0;2;2;1;1
202000011518;154 721 985;36;16;0;0;16;1
202000011519;154 721 984;33;15;0;1;13;1
202000011520;154 721 983;33;0;0;8;1;1
202000011521;154 721 981;7;0;2;1;1;1
202000011521;154 721 982;7;0;2;1;1;1
202000011522;154 721 979;7;0;2;8;1;0
202000011522;154 721 980;10;0;2;3;1;1
202000011523;154 721 978;2;0;0;9;15;1
202000011524;154 721 976;33;0;2;1;1;1
202000011524;154 721 977;7;0;2;3;19;1
202000011525;154 721 975;33;13;0;2;1;1
202000011526;154 721 972;7;0;2;1;2;1
202000011526;154 721 973;7;0;2;1;2;1
202000011526;154 721 974;7;0;2;4;2;1
202000011527;154 721 970;33;0;2;1;1;1
202000011527;154 721 971;7;0;2;2;20;1
202000011528;154 721 968;7;0;2;3;1;1
202000011528;154 721 969;1;0;2;2;1;5
202000011529;154 721 966;7;0;2;3;16;0
202000011529;154 721 967;2;0;2;7;1;1
202000011530;154 721 964;7;0;2;2;9;1
202000011530;154 721 965;33;0;2;1;26;1
202000011531;154 721 962;7;0;2;1;2;0
202000011531;154 721 963;17;0;0;4;2;0
202000011532;154 721 961;7;3;0;3;2;1
202000011533;154 721 958;7;0;2;8;11;0
202000011533;154 721 959;7;4;0;9;1;1
202000011533;154 721 960;7;0;2;1;1;1
202000011534;154 721 957;7;0;0;1;1;1
202000011535;154 721 956;33;7;0;1;12;1
202000011536;154 721 954;7;0;2;3;1;0
202000011536;154 721 955;7;0;2;3;1;0
202000011537;154 721 953;33;0;0;1;0;1
202000011538;154 721 951;7;0;2;1;1;6
202000011538;154 721 952;7;0;2;7;15;1
202000011539;154 721 949;7;0;2;1;1;0
202000011539;154 721 950;7;0;2;1;1;0
202000011540;154 721 947;7;16;2;1;1;1
202000011540;154 721 948;2;0;2;1;1;1
202000011541;154 721 945;7;0;2;1;6;1
202000011541;154 721 946;7;0;2;1;1;1
202000011542;154 721 944;33;2;0;9;1;1
202000011543;154 721 942;99;0;2;1;1;1
202000011543;154 721 943;33;0;2;2;19;1
202000011544;154 721 940;34;0;2;2;16;1
202000011544;154 721 941;7;0;0;3;0;1
202000011545;154 721 939;7;0;0;2;0;1
202000011546;154 721 937;7;0;2;2;1;1
202000011546;154 721 938;33;0;2;2;6;1
202000011547;154 721 936;7;0;1;1;1;1
202000011548;154 721 935;16;0;0;0;0;0
202000011549;154 721 934;33;3;0;3;1;1
202000011550;154 721 931;1;0;2;8;23;5
202000011550;154 721 932;7;0;2;3;1;1
202000011550;154 721 933;7;0;2;3;1;1
202000011551;154 721 930;10;1;2;2;0;1
202000011552;154 721 929;33;0;6;7;1;1
202000011553;154 721 928;7;0;1;4;4;1
202000011554;154 721 926;7;0;2;3;1;1
202000011554;154 721 927;7;0;2;3;13;1
202000011555;154 721 923;7;0;2;2;1;1
202000011555;154 721 924;10;0;2;4;0;1
202000011555;154 721 925;7;4;2;0;1;1
202000011556;154 721 919;7;0;2;2;2;1
202000011556;154 721 920;7;0;2;4;2;1
202000011556;154 721 921;7;0;2;4;2;1
202000011556;154 721 922;7;0;2;3;0;1
202000011557;154 721 917;7;0;0;0;0;1
202000011557;154 721 918;7;0;0;0;0;1
202000011558;154 721 916;7;0;2;5;2;1
202000011559;154 721 914;7;0;2;1;2;1
202000011559;154 721 915;7;0;2;4;2;1
202000011560;154 721 912;7;0;2;1;2;1
202000011560;154 721 913;7;0;2;4;2;1
202000011561;154 721 910;33;0;2;4;2;1
202000011561;154 721 911;33;0;2;1;2;1
202000011562;154 721 905;7;0;2;5;1;1
202000011562;154 721 906;7;0;2;1;21;1
202000011562;154 721 907;7;0;2;8;1;1
202000011562;154 721 908;7;0;2;6;1;1
202000011562;154 721 909;7;0;2;5;1;1
202000011563;154 721 903;7;0;2;4;2;1
202000011563;154 721 904;33;0;2;1;2;1
202000011564;154 721 901;10;0;2;7;12;1
202000011564;154 721 902;50;0;2;3;1;3
202000011565;154 721 900;7;12;0;1;1;1
202000011566;154 721 898;7;0;2;1;23;1
202000011566;154 721 899;10;0;2;4;4;1
202000011567;154 721 896;1;0;2;6;15;5
202000011567;154 721 897;7;0;2;2;1;1
202000011568;154 721 895;1;0;2;1;21;5
202000011569;154 721 893;1;0;2;1;2;5
202000011569;154 721 894;7;0;2;5;23;1
202000011570;154 721 892;7;0;1;7;1;1
202000011571;154 721 891;33;0;0;8;26;1
202000011572;154 721 889;7;0;2;1;15;1
202000011572;154 721 890;33;15;2;3;1;1
202000011573;154 721 887;34;1;0;7;13;1
202000011573;154 721 888;7;0;2;3;17;1
202000011574;154 721 885;7;0;0;1;1;1
202000011574;154 721 886;7;0;0;0;0;1
202000011575;154 721 883;2;0;2;3;2;1
202000011575;154 721 884;10;0;2;7;23;1
202000011576;154 721 881;33;0;2;1;1;1
202000011576;154 721 882;7;0;2;4;16;1
202000011577;154 721 879;10;1;0;1;15;1
202000011577;154 721 880;10;0;2;2;26;1
202000011578;154 721 877;7;0;0;4;0;0
202000011578;154 721 878;37;0;2;1;0;0
202000011579;154 721 875;99;0;2;0;1;3
202000011579;154 721 876;0;0;2;0;13;0
202000011580;154 721 874;32;0;1;1;1;1
202000011581;154 721 872;2;16;2;3;2;1
202000011581;154 721 873;2;0;2;1;19;1
202000011582;154 721 870;17;0;2;4;1;1
202000011582;154 721 871;2;0;2;1;2;1
202000011583;154 721 868;1;0;2;1;1;5
202000011583;154 721 869;32;0;2;8;16;1
202000011584;154 721 867;30;0;1;1;25;1
202000011585;154 721 863;7;0;2;3;0;1
202000011585;154 721 864;7;0;2;3;17;1
202000011585;154 721 865;33;0;2;0;17;1
202000011586;154 721 861;32;0;2;8;20;1
202000011586;154 721 862;7;0;2;1;1;1
202000011587;154 721 860;31;0;0;0;1;1
202000011588;154 721 858;7;7;2;1;1;0
202000011588;154 721 859;7;7;0;7;19;0
202000011589;154 721 856;7;0;2;3;1;1
202000011589;154 721 857;34;0;2;8;1;1
202000011590;154 721 853;7;13;0;9;17;1
202000011590;154 721 854;7;0;0;0;17;1
202000011590;154 721 855;1;0;0;0;2;5
202000011591;154 721 851;7;0;2;3;1;1
202000011591;154 721 852;7;7;2;2;19;1
202000011592;154 721 850;38;13;0;7;1;1
202000011593;154 721 848;7;0;2;1;1;1
202000011593;154 721 849;7;0;0;2;15;1
202000011594;154 721 847;7;13;0;0;2;1
202000011595;154 721 845;7;0;2;6;9;0
202000011595;154 721 846;33;0;2;1;1;0
202000011596;154 721 844;7;0;1;8;1;1
202000011597;154 721 842;7;0;2;1;1;1
202000011597;154 721 843;7;0;0;4;2;1
202000011598;154 721 841;2;8;0;0;1;1
202000011599;154 721 840;33;0;0;0;17;1
202000011600;154 721 838;7;0;2;1;15;1
202000011600;154 721 839;7;0;2;1;1;1
202000011601;154 721 837;7;2;0;1;1;1
202000011602;154 721 836;35;8;0;1;1;1
202000011603;154 721 834;7;0;2;3;1;1
202000011603;154 721 835;7;0;2;3;9;1
202000011604;154 721 832;7;0;0;5;2;1
202000011604;154 721 833;7;0;2;3;2;1
202000011605;154 721 830;7;0;2;3;1;2
202000011605;154 721 831;2;0;2;1;15;1
202000011606;154 721 828;7;0;0;6;2;1
202000011606;154 721 829;7;0;2;6;2;1
202000011607;154 721 827;7;13;0;1;26;1
202000011608;154 721 825;7;0;2;1;16;1
202000011608;154 721 826;1;0;2;4;16;5
202000011609;154 721 824;7;2;0;1;14;0
202000011610;154 721 820;1;0;0;4;1;5
202000011610;154 721 821;1;0;0;4;1;5
202000011610;154 721 822;1;0;0;4;1;5
202000011610;154 721 823;7;0;2;2;1;1
202000011611;154 721 816;7;3;0;4;1;1
202000011611;154 721 817;7;0;2;1;2;1
202000011612;154 721 814;33;0;2;1;11;6
202000011612;154 721 815;10;0;2;2;13;1
202000011613;154 721 810;7;0;0;7;15;1
202000011613;154 721 811;33;0;2;1;1;1
202000011614;154 721 809;7;6;0;8;1;1
202000011615;154 721 807;34;0;2;1;1;1
202000011615;154 721 808;13;0;2;5;15;1
202000011616;154 721 805;7;0;2;3;1;1
202000011616;154 721 806;32;0;2;3;1;1
202000011617;154 721 803;7;0;0;3;0;1
202000011617;154 721 804;33;0;0;3;13;1
202000011618;154 721 802;7;3;0;0;1;1
202000011619;154 721 801;33;13;0;7;1;1
202000011620;154 721 799;7;0;2;1;13;0
202000011620;154 721 800;7;0;2;1;1;0
202000011621;154 721 798;33;0;0;8;0;1
202000011622;154 721 797;10;2;0;1;1;0
202000011623;154 721 794;33;8;0;3;1;1
202000011624;154 721 792;33;0;2;1;21;1
202000011624;154 721 793;10;0;2;3;19;0
202000011625;154 721 790;7;0;2;1;1;1
202000011625;154 721 791;7;0;2;5;13;1
202000011626;154 721 788;7;0;2;2;1;1
202000011626;154 721 789;7;0;0;6;11;1
202000011627;154 721 786;31;0;2;0;0;1
202000011627;154 721 787;7;0;2;1;1;1
202000011628;154 721 784;32;0;2;7;12;1
202000011628;154 721 785;34;3;2;0;1;1
202000011629;154 721 781;13;0;2;3;0;1
202000011629;154 721 782;7;0;2;1;1;1
202000011629;154 721 783;10;0;2;0;0;1
202000011630;154 721 778;7;0;2;9;2;1
202000011630;154 721 779;7;0;2;7;1;1
202000011630;154 721 780;7;0;2;3;1;1
202000011631;154 721 776;33;0;2;6;0;0
202000011631;154 721 777;7;0;2;1;15;0
202000011632;154 721 774;30;0;2;1;26;1
202000011632;154 721 775;7;0;2;2;15;1
202000011633;154 721 772;7;0;2;1;1;1
202000011633;154 721 773;7;0;2;4;23;1
202000011634;154 721 771;33;0;1;1;1;1
202000011635;154 721 769;7;0;2;1;26;1
202000011635;154 721 770;1;0;2;4;0;5
202000011636;154 721 768;2;0;1;1;1;1
202000011637;154 721 766;33;0;2;7;17;1
202000011637;154 721 767;7;0;2;8;9;1
202000011638;154 721 765;7;0;1;4;26;1
202000011639;154 721 763;7;0;0;4;2;0
202000011639;154 721 764;37;0;2;1;2;1
202000011640;154 721 762;7;1;0;1;0;1
202000011641;154 721 760;33;0;2;7;17;1
202000011641;154 721 761;7;0;2;6;17;1
202000011642;154 721 757;7;0;2;8;26;1
202000011642;154 721 758;7;14;0;5;26;1
202000011642;154 721 759;31;0;2;5;18;1
202000011643;154 721 756;7;6;0;1;15;1
202000011644;154 721 754;7;0;2;8;15;6
202000011644;154 721 755;34;0;2;1;17;6
202000011645;154 721 753;7;4;0;2;1;1
202000011646;154 721 751;10;0;2;7;1;1
202000011646;154 721 752;10;0;2;2;9;1
202000011647;154 721 749;10;0;2;8;1;1
202000011647;154 721 750;10;0;2;1;9;1
202000011648;154 721 748;7;0;1;2;26;1
202000011649;154 721 747;7;0;1;3;19;1
202000011650;154 721 746;7;0;1;1;26;1
202000011651;154 721 744;7;0;2;3;15;1
202000011651;154 721 745;7;0;2;7;1;1
202000011652;154 721 743;37;6;0;1;1;1
202000011653;154 721 742;7;4;0;3;13;1
202000011654;154 721 740;7;0;2;7;17;1
202000011654;154 721 741;3;0;2;8;1;1
202000011655;154 721 739;7;0;1;8;15;1
202000011656;154 721 737;7;0;2;2;1;1
202000011656;154 721 738;30;0;2;8;3;1
202000011657;154 721 736;1;12;0;1;14;5
202000011658;154 721 734;2;0;2;1;21;1
202000011658;154 721 735;30;0;2;4;26;1