Num_Acc;id_vehicule;catv;obs;obsm;choc;manv;motor
202000013125;154 719 210;7;0;2;4;1;1
202000013125;154 719 211;7;0;2;4;1;1
202000013125;154 719 212;7;0;2;1;1;1
202000013126;154 719 207;7;0;2;4;2;1
202000013126;154 719 208;7;0;2;1;2;1
202000013126;154 719 209;7;0;2;4;2;1
202000013127;154 719 206;7;13;0;9;13;1
202000013128;154 719 204;33;0;2;1;1;1
202000013128;154 719 205;7;0;2;2;15;1
202000013129;154 719 203;30;0;1;1;1;1
202000013130;154 719 202;7;9;0;1;1;1
202000013131;154 719 199;10;0;2;4;0;1
202000013131;154 719 200;7;0;2;4;0;1
202000013131;154 719 201;10;0;2;1;26;1
202000013132;154 719 197;7;0;2;3;13;1
202000013132;154 719 198;7;0;2;8;1;1
202000013133;154 719 196;7;0;1;5;26;1
202000013134;154 719 194;7;0;2;4;1;1
202000013134;154 719 195;7;0;2;1;0;1
202000013135;154 719 192;30;0;2;1;1;1
202000013135;154 719 193;7;0;2;2;15;1
202000013136;154 719 191;7;0;1;3;26;1
202000013137;154 719 188;7;0;0;4;23;1
202000013137;154 719 189;7;0;2;1;26;1
202000013137;154 719 190;7;0;2;4;23;1
202000013138;154 719 187;7;9;0;3;15;1
202000013139;154 719 186;7;0;1;5;4;1
202000013140;154 719 185;33;15;0;1;26;0
202000013141;154 719 183;7;0;2;2;9;1
202000013141;154 719 184;30;0;2;7;1;1
202000013142;154 719 182;7;6;0;1;0;0
202000013143;154 719 180;7;0;2;2;9;0
202000013143;154 719 181;32;0;2;3;1;1
202000013144;154 719 179;33;0;1;2;1;1
202000013145;154 719 177;3;9;2;7;1;1
202000013145;154 719 178;10;0;2;1;19;0
202000013146;154 719 176;10;0;1;8;23;1
202000013147;154 719 175;20;0;1;2;26;1
202000013148;154 719 173;2;0;2;1;1;1
202000013148;154 719 174;7;0;2;8;15;1
202000013149;154 719 171;32;0;2;1;1;1
202000013149;154 719 172;7;0;2;2;15;1
202000013150;154 719 169;10;0;2;6;23;1
202000013150;154 719 170;33;0;2;1;2;1
202000013151;154 719 167;7;0;2;5;16;1
202000013151;154 719 168;31;0;2;1;18;1
202000013152;154 719 165;7;0;2;1;15;2
202000013152;154 719 166;33;0;2;6;1;1
202000013153;154 719 163;1;0;2;1;1;5
202000013153;154 719 164;7;0;2;7;16;1
202000013154;154 719 162;38;0;0;0;1;4
202000013155;154 719 161;10;0;1;3;1;3
202000013156;154 719 160;1;0;1;1;1;5
202000013157;154 719 158;30;0;2;1;2;1
202000013157;154 719 159;7;0;2;5;2;1
202000013158;154 719 157;32;14;0;1;17;1
202000013159;154 719 156;80;0;0;0;7;3
202000013160;154 719 154;7;0;9;1;2;1
202000013160;154 719 155;1;0;2;3;1;5
202000013161;154 719 152;1;12;2;0;12;5
202000013161;154 719 153;7;0;9;7;16;0
202000013162;154 719 150;34;0;2;4;23;1
202000013162;154 719 151;7;0;2;1;1;1
202000013163;154 719 148;0;0;2;8;9;0
202000013163;154 719 149;10;0;2;7;1;1
202000013164;154 719 145;7;0;0;6;23;1
202000013164;154 719 146;7;0;0;2;26;1
202000013164;154 719 147;7;0;0;4;23;0
202000013165;154 719 143;33;14;0;1;1;1
202000013165;154 719 144;7;0;2;2;1;1
202000013166;154 719 141;7;0;2;7;15;1
202000013166;154 719 142;30;0;2;3;21;1
202000013167;154 719 139;7;0;2;2;15;0
202000013167;154 719 140;7;0;2;1;1;0
202000013168;154 719 137;31;0;2;0;1;1
202000013168;154 719 138;7;0;2;1;9;1
202000013169;154 719 136;50;0;0;8;2;3
202000013170;154 719 134;7;0;2;1;1;1
202000013170;154 719 135;7;0;2;5;16;1
202000013171;154 719 132;7;0;2;1;16;1
202000013171;154 719 133;3;0;2;4;16;1
202000013172;154 719 130;32;0;2;1;1;1
202000013172;154 719 131;7;0;2;3;1;1
202000013173;154 719 128;7;0;2;2;26;1
202000013173;154 719 129;43;0;2;1;1;1
202000013174;154 719 124;10;0;2;8;26;0
202000013174;154 719 125;10;0;2;4;2;0
202000013174;154 719 126;10;0;2;0;0;0
202000013174;154 719 127;10;0;2;1;23;0
202000013175;154 719 122;7;0;2;3;23;0
202000013175;154 719 123;7;0;2;3;13;1
202000013176;154 719 121;7;0;1;3;1;1
202000013177;154 719 118;33;0;2;3;1;1
202000013177;154 719 119;7;0;2;8;10;1
202000013178;154 719 116;7;0;2;4;2;1
202000013178;154 719 117;7;0;2;1;17;1
202000013179;154 719 115;7;0;1;2;1;1
202000013180;154 719 113;7;0;2;1;2;0
202000013180;154 719 114;7;0;2;4;2;0
202000013181;154 719 112;17;3;0;3;1;1
202000013182;154 719 109;7;0;0;4;2;1
202000013182;154 719 110;7;0;0;5;2;1
202000013182;154 719 111;17;0;2;1;2;1
202000013183;154 719 107;7;0;0;6;23;1
202000013183;154 719 108;2;14;2;1;2;1
202000013184;154 719 105;7;0;2;1;1;1
202000013184;154 719 106;7;0;2;1;1;1
202000013185;154 719 103;7;0;2;1;1;1
202000013185;154 719 104;7;0;2;2;1;1
202000013186;154 719 102;15;0;1;7;17;1
202000013187;154 719 100;31;0;2;3;1;1
202000013187;154 719 101;7;0;2;2;1;1
202000013188;154 719 098;2;0;2;1;1;1
202000013188;154 719 099;7;0;0;5;19;1
202000013189;154 719 097;33;17;0;1;0;1
202000013190;154 719 095;7;0;1;3;1;1
202000013190;154 719 096;7;0;1;3;1;1
202000013191;154 719 092;7;0;2;1;1;1
202000013191;154 719 093;7;0;2;4;15;1
202000013191;154 719 094;7;0;2;1;2;1
202000013192;154 719 091;7;15;0;0;13;1
202000013193;154 719 090;7;13;0;1;1;1
202000013194;154 719 089;31;6;0;1;1;0
202000013195;154 719 087;7;0;2;2;15;1
202000013195;154 719 088;1;0;2;1;1;5
202000013196;154 719 086;7;2;0;1;1;1
202000013197;154 719 084;7;0;2;0;1;1
202000013197;154 719 085;1;0;2;6;9;5
202000013198;154 719 083;7;13;0;1;14;1
202000013199;154 719 081;7;0;2;2;1;1
202000013199;154 719 082;7;0;2;2;15;1
202000013200;154 719 080;1;6;0;3;1;5
202000013201;154 719 079;33;0;0;0;15;0
202000013202;154 719 078;33;0;5;1;1;1
202000013203;154 719 076;1;0;2;1;15;5
202000013203;154 719 077;7;0;2;7;19;0
202000013204;154 719 075;32;0;0;0;0;1
202000013205;154 719 074;33;0;0;8;1;1
202000013206;154 719 073;33;0;6;1;19;1
202000013207;154 719 072;7;13;0;3;1;1
202000013208;154 719 071;2;1;0;1;0;1
202000013209;154 719 069;3;0;1;2;1;1
202000013210;154 719 067;7;0;2;1;15;1
202000013210;154 719 068;33;0;2;1;1;1
202000013211;154 719 065;7;0;0;5;15;1
202000013211;154 719 066;33;0;2;1;1;1
202000013212;154 719 063;7;0;9;2;2;1
202000013212;154 719 064;1;0;0;4;2;5
202000013213;154 719 061;7;0;2;3;13;1
202000013213;154 719 062;21;0;2;3;1;1
202000013214;154 719 059;10;0;0;8;1;1
202000013214;154 719 060;36;0;2;1;13;1
202000013215;154 719 058;7;6;0;1;14;1
202000013216;154 719 056;7;0;2;1;1;1
202000013216;154 719 057;7;0;2;8;19;1
202000013217;154 719 054;33;0;2;3;1;1
202000013217;154 719 055;33;0;2;3;1;1
202000013218;154 719 052;7;1;2;1;2;0
202000013218;154 719 053;7;0;0;4;0;0
202000013219;154 719 049;7;0;0;4;2;0
202000013219;154 719 050;7;0;2;4;2;0
202000013219;154 719 051;10;0;2;2;2;0
202000013220;154 719 047;99;0;2;1;1;3
202000013220;154 719 048;7;0;2;4;4;1
202000013221;154 719 046;7;16;0;3;1;0
202000013222;154 719 045;7;13;0;1;1;1
202000013223;154 719 042;7;0;2;3;1;1
202000013223;154 719 044;7;0;2;3;13;1
202000013224;154 719 041;7;0;2;3;1;1
202000013224;154 719 043;10;0;2;3;1;1
202000013225;154 719 037;15;0;2;1;15;0
202000013225;154 719 039;31;0;2;8;1;0
202000013226;154 719 036;31;0;2;1;0;1
202000013226;154 719 038;7;0;0;8;1;1
202000013226;154 719 040;7;0;2;3;13;1
202000013227;154 719 034;7;0;1;1;1;1
202000013228;154 719 033;33;0;2;1;1;1
202000013228;154 719 035;7;0;2;4;15;1
202000013229;154 719 029;7;0;0;2;1;1
202000013229;154 719 031;1;0;0;4;1;5
202000013230;154 719 028;7;0;2;8;1;1
202000013230;154 719 030;33;0;2;3;17;1
202000013230;154 719 032;7;0;2;6;1;1
202000013231;154 719 027;1;0;0;0;26;5
202000013232;154 719 025;1;0;0;9;1;5
202000013233;154 719 023;2;0;2;1;2;1
202000013233;154 719 026;2;0;2;4;2;1
202000013234;154 719 022;1;0;2;0;1;5
202000013234;154 719 024;7;0;9;2;2;0
202000013235;154 719 021;33;0;6;1;19;1
202000013236;154 719 020;7;0;0;0;1;1
202000013237;154 719 018;2;13;0;1;1;1
202000013238;154 719 017;15;0;2;1;2;1
202000013238;154 719 019;7;0;0;4;2;1
202000013239;154 719 015;7;0;2;3;19;1
202000013239;154 719 016;1;0;2;1;1;5
202000013240;154 719 012;3;0;1;1;1;0
202000013241;154 719 007;7;0;2;7;2;1
202000013241;154 719 008;7;0;2;8;2;1
202000013241;154 719 009;15;0;2;8;2;1
202000013242;154 719 010;1;0;0;4;1;5
202000013242;154 719 011;7;0;0;2;1;1
202000013243;154 719 005;17;0;2;4;2;1
202000013243;154 719 006;33;0;2;1;2;1
202000013244;154 719 001;7;0;2;1;1;1
202000013244;154 719 003;7;0;2;4;23;1
202000013245;154 719 000;7;0;2;4;2;1
202000013245;154 719 002;7;0;2;4;0;1
202000013245;154 719 004;10;0;2;1;1;1
202000013246;154 718 995;7;0;2;3;11;1
202000013246;154 718 996;33;0;2;2;3;1
202000013246;154 718 997;10;0;2;4;1;1
202000013247;154 718 998;2;0;2;7;15;1
202000013247;154 718 999;33;0;2;1;1;1
202000013248;154 718 993;33;0;2;8;3;1
202000013248;154 718 994;7;0;2;7;21;1
202000013249;154 718 991;33;0;2;1;17;1
202000013249;154 718 992;20;0;2;3;15;1
202000013250;154 718 989;7;0;2;6;1;1
202000013250;154 718 990;33;0;2;2;3;1
202000013251;154 718 986;7;0;0;0;1;1
202000013252;154 718 987;7;0;2;8;19;1
202000013252;154 718 988;33;0;2;1;1;1
202000013253;154 718 984;7;0;2;1;2;1
202000013253;154 718 985;7;0;2;4;2;1
202000013254;154 718 981;1;0;2;4;2;5
202000013254;154 718 983;7;0;2;2;2;1
202000013255;154 718 980;7;1;0;1;14;0
202000013256;154 718 978;7;0;2;4;1;1
202000013256;154 718 979;7;0;2;1;1;1
202000013257;154 718 976;7;0;2;1;21;1
202000013257;154 718 977;7;0;2;7;1;1
202000013258;154 718 974;7;0;2;6;1;1
202000013258;154 718 975;10;0;2;2;12;1
202000013259;154 718 971;7;0;2;4;2;1
202000013259;154 718 972;7;0;2;4;1;2
202000013259;154 718 982;7;0;2;1;1;0
202000013260;154 718 969;7;0;0;0;0;0
202000013260;154 718 973;7;0;2;4;2;1
202000013261;154 718 968;10;0;2;1;1;1
202000013261;154 718 970;7;12;2;2;1;1
202000013262;154 718 965;7;0;2;1;1;1
202000013262;154 718 967;10;0;2;4;1;1
202000013263;154 718 964;33;0;2;1;1;1
202000013263;154 718 966;7;0;2;5;15;1
202000013264;154 718 961;2;1;2;8;24;1
202000013264;154 718 963;15;1;0;9;1;1
202000013265;154 718 957;2;0;2;1;1;1
202000013265;154 718 958;7;0;2;5;15;1
202000013266;154 718 955;7;0;2;8;24;1
202000013266;154 718 956;1;1;0;1;1;0
202000013267;154 718 959;7;0;1;1;2;1
202000013267;154 718 960;7;0;2;1;2;1
202000013268;154 718 953;33;0;0;9;2;1
202000013269;154 718 952;32;0;2;7;2;1
202000013269;154 718 954;7;0;2;0;10;0
202000013270;154 718 949;7;0;2;4;2;1
202000013270;154 718 950;33;0;2;4;2;1
202000013271;154 718 948;7;0;2;3;24;1
202000013271;154 718 951;7;1;0;2;14;1
202000013272;154 718 943;7;0;2;1;19;2
202000013272;154 718 944;7;0;2;5;1;1
202000013273;154 718 941;7;0;2;1;1;1
202000013273;154 718 942;7;0;2;6;19;1
202000013274;154 718 945;0;0;2;0;1;0
202000013274;154 718 946;7;0;2;7;1;1
202000013274;154 718 947;10;0;2;4;1;1
202000013275;154 718 939;7;0;0;1;13;0
202000013276;154 718 938;7;0;0;0;0;1
202000013276;154 718 940;42;0;0;0;26;1
202000013277;154 718 935;7;0;2;7;12;1
202000013277;154 718 937;32;0;2;8;3;1
202000013278;154 718 934;7;0;2;6;15;1
202000013278;154 718 936;2;0;2;1;2;1
202000013279;154 718 933;31;0;0;9;1;1
202000013280;154 718 931;7;0;1;0;1;1
202000013281;154 718 932;14;0;2;1;13;1
202000013282;154 718 929;30;0;2;1;26;1
202000013282;154 718 930;7;0;2;6;1;1
202000013283;154 718 926;7;1;0;2;1;1
202000013283;154 718 928;7;0;2;6;23;1
202000013284;154 718 925;7;0;2;6;15;1
202000013284;154 718 927;33;0;0;7;1;1
202000013285;154 718 923;33;0;2;1;18;1
202000013285;154 718 924;10;0;2;6;23;1
202000013286;154 718 921;7;0;2;0;16;0
202000013286;154 718 922;30;0;2;4;11;1
202000013287;154 718 919;7;6;0;1;2;1
202000013288;154 718 915;33;0;2;7;1;1
202000013288;154 718 916;7;0;2;8;11;1
202000013288;154 718 917;7;0;2;4;2;1
202000013289;154 718 914;7;0;1;1;1;1
202000013290;154 718 912;7;0;0;0;2;1
202000013290;154 718 913;1;0;0;0;0;5
202000013291;154 718 910;7;0;2;8;10;1
202000013291;154 718 911;2;0;2;1;17;1
202000013292;154 718 909;7;6;0;1;26;1
202000013293;154 718 908;7;0;1;3;1;1
202000013294;154 718 904;7;0;2;3;15;1
202000013294;154 718 905;34;0;2;1;11;1
202000013295;154 718 906;7;0;2;1;9;1
202000013295;154 718 907;7;1;2;9;1;1
202000013296;154 718 901;7;0;2;1;15;1
202000013296;154 718 903;30;0;2;1;1;1
202000013297;154 718 900;7;0;2;5;1;1
202000013297;154 718 902;2;0;2;3;18;1
202000013298;154 718 898;30;0;2;3;13;6
202000013298;154 718 899;7;0;2;3;1;0
202000013299;154 718 897;34;0;0;0;0;1
202000013300;154 718 893;7;0;2;1;2;0
202000013300;154 718 895;1;0;2;4;1;5
202000013301;154 718 892;7;0;2;1;1;1
202000013301;154 718 894;7;0;2;4;1;1
202000013301;154 718 896;7;0;2;4;1;3
202000013302;154 718 890;7;0;2;1;2;1
202000013302;154 718 891;7;0;2;4;2;1
202000013303;154 718 888;10;0;2;8;15;1
202000013303;154 718 889;34;0;2;1;2;1
202000013304;154 718 885;7;0;2;7;1;0
202000013304;154 718 887;30;0;2;1;1;1
202000013305;154 718 884;1;0;2;4;1;5
202000013305;154 718 886;7;0;9;2;7;0
202000013306;154 718 882;7;8;0;1;1;1
202000013307;154 718 881;7;0;2;3;15;1
202000013307;154 718 883;2;0;2;1;1;1
202000013308;154 718 880;2;0;0;8;13;1
202000013309;154 718 878;33;13;0;0;1;1
202000013310;154 718 877;33;0;2;1;13;1
202000013310;154 718 879;7;0;2;8;10;1
202000013311;154 718 876;7;0;0;2;1;1
202000013312;154 718 874;30;0;0;0;0;1
202000013312;154 718 875;7;0;2;8;26;1
202000013313;154 718 873;1;12;0;1;21;5
202000013314;154 718 871;32;0;2;0;0;1
202000013314;154 718 872;7;0;2;1;9;1
202000013315;154 718 867;7;0;2;8;1;1
202000013315;154 718 869;7;0;2;1;1;1
202000013316;154 718 868;1;0;0;4;2;5
202000013316;154 718 870;7;0;2;2;2;2
202000013317;154 718 864;7;0;2;1;9;1
202000013317;154 718 866;7;0;2;7;1;1
202000013318;154 718 865;30;0;0;0;1;3
202000013319;154 718 861;10;0;2;3;15;1
202000013319;154 718 863;1;0;2;1;1;6
202000013320;154 718 862;31;0;0;1;1;1
202000013321;154 718 860;33;0;1;1;25;1
202000013322;154 718 858;31;0;2;7;1;1
202000013322;154 718 859;7;0;2;1;1;1
202000013323;154 718 857;99;0;1;8;25;5
202000013324;154 718 856;34;0;1;1;17;0
202000013325;154 718 854;7;0;2;6;1;1
202000013325;154 718 855;33;0;2;1;2;1
202000013326;154 718 851;33;0;2;2;21;1
202000013326;154 718 852;7;0;2;5;1;1
202000013327;154 718 850;33;8;2;1;17;1
202000013327;154 718 853;7;0;2;8;15;1
202000013328;154 718 846;33;13;2;8;2;1
202000013328;154 718 848;7;0;2;7;17;1
202000013329;154 718 847;10;8;2;8;1;1
202000013329;154 718 849;10;0;2;1;1;0
202000013330;154 718 845;33;12;0;1;26;1
202000013331;154 718 842;7;0;2;3;15;1
202000013331;154 718 843;33;0;2;1;17;1
202000013332;154 718 841;7;0;2;7;1;1
202000013332;154 718 844;7;0;2;1;1;1
202000013333;154 718 839;33;0;2;1;1;1
202000013333;154 718 840;7;0;2;2;15;1
202000013334;154 718 838;7;0;1;1;1;1
202000013335;154 718 835;7;0;2;1;1;1
202000013335;154 718 836;7;0;2;4;1;1
202000013336;154 718 833;7;0;1;1;1;1
202000013337;154 718 834;34;1;0;1;1;1
202000013338;154 718 831;7;14;0;1;1;1
202000013339;154 718 830;2;0;2;7;9;1
202000013339;154 718 832;14;0;2;1;9;1
202000013340;154 718 827;7;0;2;3;5;1
202000013340;154 718 828;43;0;2;3;1;3
202000013341;154 718 826;7;9;2;7;1;1
202000013341;154 718 829;7;0;2;1;1;1
202000013342;154 718 823;34;0;2;1;1;1
202000013342;154 718 825;7;0;2;3;9;1
202000013343;154 718 822;1;0;2;0;0;5
202000013343;154 718 824;7;0;2;3;26;1
202000013344;154 718 820;7;0;2;1;15;1
202000013344;154 718 821;33;0;2;1;1;1
202000013345;154 718 818;7;0;2;7;16;1
202000013345;154 718 819;30;0;2;1;15;1
202000013346;154 718 817;1;0;1;1;1;5
202000013347;154 718 816;7;0;1;1;1;1
202000013348;154 718 814;7;0;2;6;2;1
202000013348;154 718 815;1;0;2;1;2;5
202000013349;154 718 813;1;0;1;1;1;5
202000013350;154 718 811;1;0;2;0;11;5
202000013350;154 718 812;7;0;2;5;1;1
202000013351;154 718 809;7;0;2;3;15;1
202000013351;154 718 810;30;0;2;1;1;3
202000013352;154 718 807;1;0;2;1;18;5
202000013352;154 718 808;1;0;2;4;14;5
202000013353;154 718 805;7;0;2;1;22;1
202000013353;154 718 806;1;0;2;2;25;5
202000013354;154 718 804;7;1;0;2;13;1
202000013355;154 718 803;50;0;0;0;1;3
202000013356;154 718 801;1;0;2;1;1;5
202000013356;154 718 802;7;0;2;3;15;1
202000013357;154 718 800;80;0;0;1;1;3
202000013358;154 718 798;37;0;2;3;16;2
202000013358;154 718 799;1;0;2;1;1;5
202000013359;154 718 796;7;0;2;4;13;0
202000013359;154 718 797;34;0;2;1;1;0
202000013360;154 718 794;7;0;2;3;15;1
202000013360;154 718 795;33;0;2;1;2;1
202000013361;154 718 792;7;0;2;1;1;1
202000013361;154 718 793;1;0;2;1;-1;-1
202000013362;154 718 790;7;1;2;2;16;0
202000013362;154 718 791;7;1;2;1;1;0
202000013363;154 718 788;30;0;2;1;23;1
202000013363;154 718 789;7;0;2;1;16;1
202000013364;154 718 787;7;9;0;1;9;0
202000013365;154 718 785;7;0;2;4;1;1
202000013365;154 718 786;7;0;2;1;2;1
202000013366;154 718 784;30;12;0;2;16;1
202000013367;154 718 783;7;0;1;3;1;1
202000013368;154 718 781;7;0;0;4;1;0
202000013368;154 718 782;2;0;2;1;1;0
202000013369;154 718 780;7;0;1;0;0;1
202000013370;154 718 778;33;0;2;1;1;1
202000013370;154 718 779;7;0;2;3;15;1
202000013371;154 718 777;7;8;0;1;14;1
202000013372;154 718 775;33;0;0;3;1;1
202000013372;154 718 776;7;0;0;0;15;1
202000013373;154 718 774;33;6;0;3;1;1
202000013374;154 718 772;7;0;2;2;1;1
202000013374;154 718 773;7;0;2;2;1;1
202000013375;154 718 770;7;0;2;1;1;0
202000013375;154 718 771;7;0;2;3;5;0
202000013376;154 718 769;33;16;0;0;0;0
202000013377;154 718 768;7;13;0;2;17;1
202000013378;154 718 766;2;8;0;1;1;1
202000013378;154 718 767;7;0;2;4;2;-1
202000013379;154 718 764;1;0;0;6;1;5
202000013379;154 718 765;10;0;2;2;1;1
202000013380;154 718 762;7;0;2;1;1;1
202000013380;154 718 763;7;0;2;1;1;1
202000013381;154 718 760;7;0;2;5;17;1
202000013381;154 718 761;2;0;2;8;13;0
202000013382;154 718 758;7;0;2;1;2;0
202000013382;154 718 759;31;0;0;4;1;1
202000013383;154 718 756;32;0;2;7;17;1
202000013383;154 718 757;13;0;2;8;16;1
202000013384;154 718 754;7;0;0;6;26;6
202000013384;154 718 755;33;0;2;1;1;0
202000013385;154 718 753;33;0;0;0;1;1
202000013386;154 718 751;7;0;2;5;16;1
202000013386;154 718 752;1;0;2;3;1;5
202000013387;154 718 750;7;14;0;2;2;1
202000013388;154 718 749;21;17;0;2;1;1
202000013389;154 718 747;7;0;2;8;9;1
202000013389;154 718 748;32;0;0;7;1;1
202000013390;154 718 746;21;0;0;0;15;1
202000013391;154 718 745;30;16;0;0;14;1
202000013392;154 718 743;33;0;0;0;2;1
202000013393;154 718 741;60;0;2;1;1;5
202000013393;154 718 742;7;0;2;3;15;1
202000013394;154 718 740;80;0;0;1;1;3
202000013395;154 718 739;7;0;1;0;0;0
202000013396;154 718 737;33;0;2;1;1;0
202000013396;154 718 738;7;0;2;2;15;0
202000013397;154 718 733;10;0;0;0;0;0
202000013398;154 718 730;7;0;2;2;23;1
202000013398;154 718 731;7;0;2;3;1;1
202000013398;154 718 732;7;0;2;3;15;1
202000013399;154 718 729;7;2;0;8;26;1
202000013400;154 718 727;7;2;0;1;14;1
202000013401;154 718 725;7;0;2;5;26;1
202000013401;154 718 726;7;0;2;1;26;1
202000013402;154 718 723;33;0;2;1;3;1
202000013402;154 718 724;7;0;2;3;1;1
202000013403;154 718 722;33;16;0;1;14;1
202000013404;154 718 720;7;0;2;3;1;1
202000013404;154 718 721;7;0;2;3;13;1
202000013405;154 718 719;7;6;0;2;1;1
202000013406;154 718 718;33;1;0;1;1;1
202000013407;154 718 717;33;0;0;0;1;1
202000013408;154 718 716;7;13;0;1;13;1
202000013409;154 718 714;7;0;2;2;17;1
202000013409;154 718 715;1;0;2;4;2;5
202000013410;154 718 713;7;0;1;1;1;1
202000013411;154 718 711;7;0;2;2;1;1
202000013411;154 718 712;7;0;2;1;1;1
202000013412;154 718 710;7;2;0;9;1;1
202000013413;154 718 708;7;0;2;1;15;1
202000013413;154 718 709;1;0;2;8;1;5
202000013414;154 718 707;7;5;0;0;1;1
202000013415;154 718 705;7;0;2;7;1;1
202000013415;154 718 706;1;0;2;1;1;5
202000013416;154 718 703;1;0;2;1;1;5
202000013416;154 718 704;7;0;2;6;15;1
202000013417;154 718 702;7;0;0;9;1;1
202000013418;154 718 701;7;13;0;1;2;1
202000013419;154 718 700;7;16;9;0;26;1
202000013420;154 718 699;2;0;0;0;2;0
202000013421;154 718 698;33;17;0;1;1;1
202000013422;154 718 697;7;2;0;1;2;1
202000013423;154 718 696;7;0;1;0;1;1
202000013424;154 718 694;32;0;2;1;17;1
202000013424;154 718 695;33;0;2;1;1;1
202000013425;154 718 692;7;0;2;1;0;1
202000013425;154 718 693;1;0;2;4;1;5
202000013426;154 718 690;7;0;2;1;16;1
202000013426;154 718 691;7;0;2;3;23;1
202000013427;154 718 689;33;13;0;9;1;1
202000013428;154 718 687;33;0;2;1;1;1
202000013428;154 718 688;31;0;2;3;19;1
202000013429;154 718 684;7;13;0;1;17;1
202000013429;154 718 685;7;0;0;1;1;1
202000013430;154 718 683;99;13;0;1;26;5
202000013431;154 718 681;7;0;2;3;13;1
202000013431;154 718 682;7;0;2;3;1;1
202000013432;154 718 680;7;13;0;1;0;1
202000013433;154 718 679;1;14;9;1;1;5
202000013434;154 718 677;7;0;2;1;1;1
202000013434;154 718 678;7;0;2;1;6;1
202000013435;154 718 675;7;2;0;2;0;1
202000013436;154 718 673;33;0;2;8;1;1
202000013436;154 718 674;7;0;2;3;15;1
202000013437;154 718 671;7;0;2;7;10;1
202000013437;154 718 672;33;0;2;1;1;1
202000013438;154 718 670;33;8;0;1;1;1
202000013439;154 718 668;15;0;0;5;2;1
202000013439;154 718 669;15;0;2;3;2;1
202000013440;154 718 666;16;0;0;0;2;1
202000013440;154 718 667;7;4;2;2;2;1
202000013441;154 718 664;33;0;2;7;1;1
202000013441;154 718 665;7;0;2;8;11;1
202000013442;154 718 662;7;3;2;4;2;1
202000013442;154 718 663;7;3;2;1;2;1
202000013443;154 718 660;38;0;2;7;12;1
202000013443;154 718 661;7;0;2;8;1;1
202000013444;154 718 659;7;4;0;2;21;1
202000013445;154 718 657;7;3;2;1;2;1
202000013445;154 718 658;7;3;2;4;2;1
202000013446;154 718 654;7;0;2;8;11;1
202000013446;154 718 655;33;0;2;7;3;1
202000013446;154 718 656;7;0;2;4;1;1
202000013447;154 718 652;7;0;2;1;2;1
202000013447;154 718 653;7;0;2;4;2;1
202000013448;154 718 650;7;0;0;4;1;1
202000013448;154 718 651;7;0;2;1;1;1
202000013449;154 718 649;7;4;0;1;21;1
202000013450;154 718 647;7;0;2;1;1;1
202000013450;154 718 648;7;0;2;4;9;1
202000013451;154 718 645;0;0;2;0;0;0
202000013451;154 718 646;32;0;2;2;1;1
202000013452;154 718 643;33;0;2;1;3;1
202000013452;154 718 644;7;0;2;5;1;1
202000013453;154 718 640;7;0;2;1;2;6
202000013453;154 718 641;7;0;2;4;2;1
202000013453;154 718 642;7;0;2;4;2;0
202000013454;154 718 638;33;0;2;1;2;1
202000013454;154 718 639;7;0;2;4;2;1
202000013455;154 718 637;7;4;0;1;14;1
202000013456;154 718 635;7;0;2;2;14;1
202000013456;154 718 636;7;4;2;4;1;1
202000013457;154 718 632;10;0;0;6;21;1
202000013457;154 718 633;33;0;2;2;3;1
202000013457;154 718 634;7;0;2;2;1;1
202000013458;154 718 631;33;4;0;1;15;1
202000013459;154 718 629;7;0;2;4;12;2
202000013459;154 718 630;32;0;2;1;1;1
202000013460;154 718 627;7;0;2;4;23;0
202000013460;154 718 628;7;0;2;1;0;0
202000013461;154 718 625;7;0;2;6;12;1
202000013461;154 718 626;33;0;2;1;3;1
202000013462;154 718 622;7;0;2;4;1;1
202000013462;154 718 623;33;0;2;7;3;1
202000013462;154 718 624;7;0;2;8;11;1
202000013463;154 718 621;0;0;1;0;26;0
202000013464;154 718 619;30;0;2;1;26;1
202000013464;154 718 620;7;0;2;4;1;1
202000013465;154 718 618;33;9;0;1;2;1
202000013466;154 718 616;7;0;2;7;1;1
202000013466;154 718 617;2;0;2;1;10;1
202000013467;154 718 614;7;0;2;8;1;1
202000013467;154 718 615;7;0;2;1;1;1
202000013468;154 718 612;7;0;2;1;16;1
202000013468;154 718 613;1;0;2;7;1;5
202000013469;154 718 611;2;0;1;1;1;1
202000013470;154 718 609;7;0;2;1;9;1
202000013470;154 718 610;7;0;2;7;1;1
202000013471;154 718 608;33;10;0;1;1;1
202000013472;154 718 606;7;0;2;2;1;0
202000013472;154 718 607;1;0;2;8;19;5
202000013473;154 718 605;7;0;1;0;16;0
202000013474;154 718 604;33;0;2;0;1;1
202000013475;154 718 602;33;0;2;8;1;1
202000013475;154 718 603;10;0;2;7;16;1
202000013476;154 718 601;7;13;0;9;14;1
202000013477;154 718 599;7;0;0;6;0;1
202000013477;154 718 600;10;0;2;2;1;1
202000013478;154 718 598;7;3;0;1;2;1
202000013479;154 718 595;34;4;2;2;17;1
202000013479;154 718 596;7;0;2;6;2;1