Num_Acc;id_vehicule;catv;obs;obsm;choc;manv;motor
202000014565;154 716 730;10;1;0;1;1;1
202000014566;154 716 728;33;0;2;1;1;1
202000014566;154 716 729;7;0;2;1;15;1
202000014567;154 716 726;33;0;2;1;1;1
202000014567;154 716 727;10;0;2;2;15;1
202000014568;154 716 725;7;0;1;1;1;1
202000014569;154 716 723;7;0;2;2;15;1
202000014569;154 716 724;33;0;2;3;0;1
202000014570;154 716 721;7;0;2;0;10;1
202000014570;154 716 722;32;0;2;1;1;1
202000014571;154 716 720;80;11;0;1;1;3
202000014572;154 716 719;7;0;1;1;15;0
202000014573;154 716 717;7;0;2;8;15;1
202000014573;154 716 718;1;0;2;5;0;5
202000014574;154 716 716;33;14;0;1;1;1
202000014575;154 716 715;30;0;0;1;1;1
202000014576;154 716 713;33;0;2;0;0;1
202000014576;154 716 714;7;0;2;8;22;1
202000014577;154 716 711;33;0;2;0;0;1
202000014577;154 716 712;10;0;0;0;0;0
202000014578;154 716 710;10;0;1;1;15;1
202000014579;154 716 709;7;0;1;1;1;1
202000014580;154 716 707;7;0;2;3;13;1
202000014580;154 716 708;7;0;2;2;23;1
202000014581;154 716 705;7;14;2;3;26;1
202000014581;154 716 706;7;9;2;6;0;1
202000014582;154 716 703;2;0;2;2;1;1
202000014582;154 716 704;7;0;2;6;10;0
202000014583;154 716 701;7;0;2;3;13;1
202000014583;154 716 702;7;0;2;3;1;1
202000014584;154 716 699;7;0;2;1;12;1
202000014584;154 716 700;7;0;2;6;1;1
202000014585;154 716 698;10;0;1;4;4;0
202000014586;154 716 696;33;0;2;4;1;1
202000014586;154 716 697;7;0;2;2;14;1
202000014587;154 716 694;1;0;2;7;16;5
202000014587;154 716 695;7;0;2;8;1;1
202000014588;154 716 693;1;0;0;3;21;5
202000014589;154 716 691;7;0;2;1;2;1
202000014589;154 716 692;7;0;2;0;0;1
202000014590;154 716 689;7;0;2;1;26;1
202000014590;154 716 690;1;0;2;7;1;5
202000014591;154 716 687;30;0;2;6;1;1
202000014591;154 716 688;7;0;2;2;10;0
202000014592;154 716 685;33;0;1;9;23;1
202000014592;154 716 686;10;0;2;1;2;1
202000014593;154 716 683;7;0;2;0;4;1
202000014593;154 716 684;1;0;2;1;1;5
202000014594;154 716 681;1;0;2;8;1;5
202000014594;154 716 682;7;0;2;1;16;1
202000014595;154 716 679;10;0;2;2;1;1
202000014595;154 716 680;7;0;2;3;1;1
202000014596;154 716 678;7;9;1;1;1;0
202000014597;154 716 677;7;2;0;7;15;1
202000014598;154 716 674;7;0;2;4;2;1
202000014598;154 716 675;7;0;2;1;1;1
202000014598;154 716 676;7;0;2;4;1;1
202000014599;154 716 672;7;0;2;8;1;1
202000014599;154 716 673;7;0;2;1;1;1
202000014600;154 716 671;7;0;6;2;0;1
202000014601;154 716 670;7;13;0;9;1;1
202000014602;154 716 669;7;0;1;0;1;0
202000014603;154 716 667;7;0;2;2;12;1
202000014603;154 716 668;3;3;0;4;1;1
202000014604;154 716 665;10;13;2;1;2;1
202000014604;154 716 666;17;0;0;5;2;1
202000014605;154 716 664;7;6;0;9;1;1
202000014606;154 716 660;7;0;2;1;1;1
202000014606;154 716 661;7;0;2;1;17;1
202000014607;154 716 659;33;0;0;3;1;1
202000014608;154 716 657;14;0;2;6;2;1
202000014608;154 716 658;7;0;2;1;2;1
202000014609;154 716 655;7;0;0;4;23;1
202000014609;154 716 656;7;0;2;1;2;1
202000014610;154 716 653;10;0;2;1;2;1
202000014610;154 716 654;7;0;0;4;2;1
202000014611;154 716 652;50;0;0;0;0;3
202000014612;154 716 651;7;0;1;4;20;1
202000014613;154 716 650;33;0;0;1;1;1
202000014614;154 716 649;15;0;0;0;1;1
202000014615;154 716 648;7;13;0;2;14;1
202000014616;154 716 647;33;13;0;8;1;1
202000014617;154 716 646;7;13;0;9;13;1
202000014618;154 716 645;7;8;0;1;1;1
202000014619;154 716 644;7;0;0;0;1;6
202000014620;154 716 643;7;6;0;1;1;1
202000014621;154 716 642;7;8;0;1;1;1
202000014622;154 716 641;34;0;0;1;12;1
202000014623;154 716 640;34;0;2;1;2;1
202000014624;154 716 638;32;0;2;3;2;1
202000014624;154 716 639;7;0;2;7;2;1
202000014625;154 716 636;17;0;2;4;2;1
202000014625;154 716 637;7;0;2;1;2;1
202000014626;154 716 634;7;0;2;1;1;1
202000014626;154 716 635;32;0;2;1;1;1
202000014627;154 716 631;7;0;2;2;21;1
202000014627;154 716 632;7;0;2;6;23;1
202000014627;154 716 633;7;0;2;3;23;1
202000014628;154 716 630;7;14;1;1;13;1
202000014629;154 716 628;33;0;2;1;1;0
202000014629;154 716 629;7;0;2;1;15;0
202000014630;154 716 627;7;0;1;1;1;1
202000014631;154 716 623;7;0;2;4;1;1
202000014631;154 716 624;17;0;2;1;1;1
202000014632;154 716 621;10;0;2;1;1;1
202000014632;154 716 622;7;0;2;2;15;1
202000014633;154 716 619;1;0;2;1;8;5
202000014633;154 716 620;7;0;2;0;19;1
202000014634;154 716 618;10;0;1;2;1;1
202000014635;154 716 616;30;0;2;8;9;1
202000014635;154 716 617;7;0;2;2;26;1
202000014636;154 716 614;32;0;2;1;9;1
202000014636;154 716 615;7;0;2;0;9;1
202000014637;154 716 613;7;0;1;1;15;1
202000014638;154 716 612;7;0;1;1;1;1
202000014639;154 716 611;7;0;1;1;1;1
202000014640;154 716 609;7;12;0;2;1;1
202000014641;154 716 607;7;0;2;1;2;1
202000014641;154 716 608;34;0;2;4;1;1
202000014642;154 716 605;7;0;2;3;1;1
202000014642;154 716 606;7;0;2;2;1;1
202000014643;154 716 603;33;0;2;1;1;1
202000014643;154 716 604;7;0;2;1;15;1
202000014644;154 716 602;31;0;1;1;1;1
202000014645;154 716 601;7;0;1;2;1;1
202000014646;154 716 599;30;0;2;4;23;3
202000014646;154 716 600;7;0;2;1;1;1
202000014647;154 716 597;10;0;2;1;1;1
202000014647;154 716 598;32;0;2;3;1;1
202000014648;154 716 595;7;0;2;5;16;0
202000014648;154 716 596;33;0;2;1;7;0
202000014649;154 716 593;10;0;2;3;19;1
202000014649;154 716 594;34;0;2;1;1;1
202000014650;154 716 591;10;0;2;7;26;1
202000014650;154 716 592;10;0;2;1;1;1
202000014651;154 716 588;7;0;2;6;1;1
202000014651;154 716 589;33;0;2;2;3;1
202000014651;154 716 590;7;0;2;0;12;1
202000014652;154 716 586;32;0;2;4;1;1
202000014652;154 716 587;7;0;2;1;11;0
202000014653;154 716 585;7;4;0;3;13;1
202000014654;154 716 584;30;1;0;1;14;1
202000014655;154 716 582;37;0;2;8;15;1
202000014655;154 716 583;31;0;2;3;1;1
202000014656;154 716 581;7;0;1;7;16;1
202000014657;154 716 579;7;0;1;8;1;2
202000014657;154 716 580;7;0;2;3;1;0
202000014658;154 716 577;1;0;2;3;15;5
202000014658;154 716 578;7;0;2;3;15;1
202000014659;154 716 575;32;0;2;1;17;1
202000014659;154 716 576;32;0;2;1;1;1
202000014660;154 716 573;1;0;2;0;1;5
202000014660;154 716 574;7;0;1;1;1;1
202000014661;154 716 572;3;1;2;1;13;1
202000014662;154 716 570;7;0;2;1;1;0
202000014662;154 716 571;43;0;2;8;1;1
202000014663;154 716 569;34;0;0;0;9;1
202000014664;154 716 567;33;0;2;2;1;1
202000014664;154 716 568;7;0;2;7;15;1
202000014665;154 716 566;33;0;0;3;1;1
202000014666;154 716 564;7;0;2;3;9;2
202000014666;154 716 565;7;0;2;1;1;1
202000014667;154 716 563;50;12;0;2;15;3
202000014668;154 716 561;14;0;2;1;1;1
202000014668;154 716 562;7;0;2;4;26;1
202000014669;154 716 559;37;0;2;2;1;1
202000014669;154 716 560;30;0;2;3;15;1
202000014670;154 716 558;7;12;0;1;1;1
202000014671;154 716 557;7;0;1;1;1;0
202000014672;154 716 555;10;0;2;1;1;1
202000014672;154 716 556;10;0;0;4;23;1
202000014673;154 716 553;2;0;2;1;1;1
202000014673;154 716 554;7;0;2;7;1;1
202000014674;154 716 552;3;9;0;8;1;1
202000014675;154 716 551;0;0;1;0;0;0
202000014676;154 716 549;7;0;2;1;1;1
202000014676;154 716 550;7;0;2;5;26;1
202000014677;154 716 547;7;0;2;3;5;1
202000014677;154 716 548;7;0;2;3;1;1
202000014678;154 716 546;7;2;0;8;1;1
202000014679;154 716 545;7;0;1;2;9;1
202000014680;154 716 543;7;0;2;1;17;1
202000014680;154 716 544;32;0;2;1;1;1
202000014681;154 716 542;7;13;0;1;1;1
202000014682;154 716 540;7;0;0;0;23;1
202000014682;154 716 541;7;0;1;1;1;1
202000014683;154 716 539;2;0;0;0;14;1
202000014684;154 716 537;7;0;2;1;2;1
202000014684;154 716 538;17;0;0;6;2;1
202000014685;154 716 536;2;12;0;1;0;1
202000014686;154 716 533;2;0;0;0;0;1
202000014687;154 716 532;7;12;0;1;6;1
202000014688;154 716 530;7;0;2;1;13;1
202000014688;154 716 531;21;0;2;3;23;0
202000014689;154 716 529;7;13;0;1;1;1
202000014690;154 716 528;7;8;0;3;1;1
202000014691;154 716 527;7;0;1;2;1;1
202000014692;154 716 525;1;0;0;4;2;5
202000014692;154 716 526;0;0;2;2;2;1
202000014693;154 716 522;7;16;0;9;1;1
202000014694;154 716 520;7;0;0;1;1;0
202000014694;154 716 521;7;0;0;3;1;0
202000014695;154 716 516;7;0;2;2;17;1
202000014695;154 716 517;7;0;2;6;1;1
202000014695;154 716 518;7;0;9;2;1;1
202000014695;154 716 519;7;0;2;8;1;1
202000014696;154 716 515;7;3;6;1;1;1
202000014697;154 716 514;7;13;0;3;1;1
202000014698;154 716 512;7;0;2;2;9;6
202000014698;154 716 513;31;0;2;1;1;6
202000014699;154 716 511;3;13;0;1;0;1
202000014700;154 716 510;7;0;1;1;1;1
202000014701;154 716 509;7;1;0;4;0;1
202000014702;154 716 507;7;0;2;0;1;1
202000014702;154 716 508;31;0;0;0;1;1
202000014703;154 716 505;7;0;0;2;15;1
202000014703;154 716 506;1;0;2;1;1;5
202000014704;154 716 503;30;0;2;1;1;0
202000014704;154 716 504;7;0;9;8;9;0
202000014705;154 716 502;7;13;0;2;1;1
202000014706;154 716 500;34;0;0;4;1;1
202000014706;154 716 501;7;0;2;3;2;1
202000014707;154 716 499;7;2;0;3;0;1
202000014708;154 716 497;10;3;0;6;1;1
202000014708;154 716 498;10;0;2;2;14;1
202000014709;154 716 495;7;0;2;5;26;1
202000014709;154 716 496;7;0;2;3;2;1
202000014710;154 716 493;7;6;2;1;9;1
202000014710;154 716 494;7;0;2;4;1;1
202000014711;154 716 490;7;0;2;4;1;1
202000014711;154 716 491;7;0;2;1;1;1
202000014711;154 716 492;7;0;2;4;1;1
202000014712;154 716 488;33;0;2;6;2;1
202000014712;154 716 489;7;0;2;2;2;1
202000014713;154 716 486;7;3;2;4;18;1
202000014713;154 716 487;14;0;2;1;1;1
202000014714;154 716 484;34;0;2;1;3;1
202000014714;154 716 485;10;0;2;5;1;1
202000014715;154 716 481;7;0;2;1;1;1
202000014715;154 716 482;15;0;2;7;12;1
202000014715;154 716 483;7;0;2;8;1;1
202000014716;154 716 478;10;0;2;5;14;1
202000014716;154 716 479;7;0;2;8;1;1
202000014716;154 716 480;33;0;2;1;3;1
202000014717;154 716 476;30;0;2;1;1;1
202000014717;154 716 477;7;0;2;5;1;0
202000014718;154 716 474;32;0;2;1;26;1
202000014718;154 716 475;7;0;2;5;26;1
202000014719;154 716 472;33;0;2;8;1;1
202000014719;154 716 473;10;0;2;3;15;1
202000014720;154 716 470;10;0;2;1;1;1
202000014720;154 716 471;7;0;2;7;19;1
202000014721;154 716 468;7;0;2;1;15;1
202000014721;154 716 469;30;0;2;1;23;1
202000014722;154 716 466;7;0;2;3;1;1
202000014722;154 716 467;33;0;2;1;1;1
202000014723;154 716 464;7;0;2;4;1;0
202000014723;154 716 465;7;0;0;1;1;0
202000014724;154 716 462;10;0;2;2;1;1
202000014724;154 716 463;10;0;2;8;11;1
202000014725;154 716 460;1;0;2;1;13;5
202000014725;154 716 461;13;0;2;5;1;1
202000014726;154 716 459;7;1;0;1;0;1
202000014727;154 716 458;32;0;0;0;1;1
202000014728;154 716 457;7;0;1;2;1;1
202000014729;154 716 456;7;5;0;1;16;1
202000014730;154 716 454;10;0;2;1;9;0
202000014730;154 716 455;2;0;2;3;1;0
202000014731;154 716 453;7;0;1;3;1;1
202000014732;154 716 452;7;0;1;3;15;0
202000014733;154 716 450;7;0;0;4;1;1
202000014733;154 716 451;7;0;2;1;2;1
202000014734;154 716 449;7;4;0;1;2;0
202000014735;154 716 447;1;0;2;7;9;0
202000014735;154 716 448;7;0;2;1;9;1
202000014736;154 716 446;33;0;0;7;1;1
202000014737;154 716 444;7;0;2;3;19;1
202000014737;154 716 445;2;0;2;1;1;1
202000014738;154 716 440;10;0;2;1;2;1
202000014738;154 716 441;7;0;2;1;2;1
202000014738;154 716 442;7;0;2;4;1;1
202000014738;154 716 443;7;0;2;1;2;1
202000014739;154 716 438;7;0;2;3;16;1
202000014739;154 716 439;1;0;2;7;1;5
202000014740;154 716 437;7;0;1;3;1;1
202000014741;154 716 434;7;0;2;2;1;1
202000014741;154 716 435;7;0;2;8;24;1
202000014741;154 716 436;7;0;2;8;20;1
202000014742;154 716 433;7;0;1;8;1;0
202000014743;154 716 432;33;0;1;1;5;1
202000014744;154 716 430;7;0;2;3;1;1
202000014744;154 716 431;7;0;2;2;1;1
202000014745;154 716 429;7;0;1;1;16;1
202000014746;154 716 427;7;0;2;1;15;1
202000014746;154 716 428;1;0;2;1;19;5
202000014747;154 716 425;7;0;2;2;1;1
202000014747;154 716 426;1;0;2;3;19;5
202000014748;154 716 424;7;0;1;1;1;1
202000014749;154 716 422;31;0;2;1;2;1
202000014749;154 716 423;7;0;2;4;23;0
202000014750;154 716 420;2;0;2;1;1;0
202000014750;154 716 421;7;0;2;8;15;0
202000014751;154 716 418;7;0;2;8;15;1
202000014751;154 716 419;2;0;2;7;17;1
202000014752;154 716 416;36;0;2;3;1;1
202000014752;154 716 417;7;1;2;3;13;1
202000014753;154 716 414;7;0;2;8;0;1
202000014753;154 716 415;7;0;2;1;15;1
202000014754;154 716 412;7;0;2;3;15;1
202000014754;154 716 413;34;0;2;1;2;1
202000014755;154 716 410;20;0;2;2;15;1
202000014755;154 716 411;30;0;2;1;1;1
202000014756;154 716 409;7;0;1;2;1;1
202000014757;154 716 407;7;0;2;8;13;1
202000014757;154 716 408;2;0;2;1;17;1
202000014758;154 716 405;7;0;2;7;17;0
202000014758;154 716 406;2;1;2;8;1;0
202000014759;154 716 404;7;0;1;2;1;1
202000014760;154 716 402;7;0;1;1;1;1
202000014761;154 716 400;7;0;2;4;1;0
202000014761;154 716 401;30;0;2;1;1;0
202000014762;154 716 399;7;0;1;1;16;1
202000014763;154 716 397;7;0;2;1;2;1
202000014763;154 716 398;7;0;2;4;2;1
202000014764;154 716 396;7;0;2;9;0;1
202000014765;154 716 395;14;0;1;0;0;1
202000014766;154 716 393;32;0;2;1;1;1
202000014766;154 716 394;7;0;2;2;15;1
202000014767;154 716 391;7;0;2;3;15;1
202000014767;154 716 392;31;0;2;1;17;1
202000014768;154 716 389;7;0;2;1;5;1
202000014768;154 716 390;7;0;2;1;1;1
202000014769;154 716 387;7;0;2;2;1;1
202000014769;154 716 388;7;0;2;2;0;1
202000014770;154 716 385;1;0;2;8;15;5
202000014770;154 716 386;7;0;2;1;1;1
202000014771;154 716 384;7;13;0;2;1;1
202000014772;154 716 382;1;0;2;0;2;5
202000014772;154 716 383;7;0;2;2;16;0
202000014773;154 716 380;1;0;2;1;1;0
202000014773;154 716 381;7;0;2;3;15;1
202000014774;154 716 378;2;0;2;1;1;1
202000014774;154 716 379;7;0;2;1;5;1
202000014775;154 716 377;7;0;1;3;1;1
202000014776;154 716 375;33;1;2;2;1;1
202000014776;154 716 376;10;1;2;3;1;1
202000014777;154 716 374;7;0;1;3;1;1
202000014778;154 716 373;0;0;1;2;1;0
202000014779;154 716 371;7;0;2;1;1;1
202000014779;154 716 372;7;0;2;4;23;1
202000014780;154 716 368;10;0;2;1;1;1
202000014780;154 716 369;7;0;2;4;1;1
202000014780;154 716 370;7;0;2;4;1;2
202000014781;154 716 366;7;0;2;3;2;1
202000014781;154 716 367;30;0;2;1;17;1
202000014782;154 716 365;7;0;1;8;1;1
202000014783;154 716 363;32;0;2;1;0;1
202000014783;154 716 364;7;0;2;0;0;1
202000014784;154 716 361;7;0;2;7;1;1
202000014784;154 716 362;7;0;2;1;1;1
202000014785;154 716 359;14;0;2;4;15;1
202000014785;154 716 360;7;0;2;1;15;1
202000014786;154 716 357;1;0;2;1;16;5
202000014786;154 716 358;7;0;2;3;1;1
202000014787;154 716 355;7;0;2;1;1;1
202000014787;154 716 356;7;0;2;4;1;1
202000014788;154 716 354;10;0;1;3;1;1
202000014789;154 716 352;2;0;2;1;2;1
202000014789;154 716 353;7;0;2;1;13;1
202000014790;154 716 350;7;0;2;1;1;1
202000014790;154 716 351;33;0;2;4;1;1
202000014791;154 716 349;7;0;1;2;1;1
202000014792;154 716 347;7;0;2;4;2;1
202000014792;154 716 348;7;0;2;1;2;1
202000014793;154 716 345;33;0;2;6;1;1
202000014793;154 716 346;7;0;2;5;12;1
202000014794;154 716 343;32;0;2;8;3;1
202000014794;154 716 344;7;0;2;2;12;1
202000014795;154 716 341;34;0;2;3;3;1
202000014795;154 716 342;10;0;2;7;12;1
202000014796;154 716 339;7;0;2;1;2;1
202000014796;154 716 340;32;0;2;4;23;1
202000014797;154 716 338;7;0;1;7;1;1
202000014798;154 716 335;30;0;2;8;2;1
202000014798;154 716 336;34;0;2;0;2;0
202000014798;154 716 337;10;0;2;6;23;6
202000014799;154 716 333;31;0;2;7;1;1
202000014799;154 716 334;50;0;2;3;19;3
202000014800;154 716 331;33;0;2;1;17;1
202000014800;154 716 332;7;0;2;3;1;1
202000014801;154 716 329;32;0;2;8;11;1
202000014801;154 716 330;32;0;2;7;1;1
202000014802;154 716 326;7;0;2;1;2;1
202000014802;154 716 327;7;0;2;4;23;1
202000014802;154 716 328;10;0;2;4;23;1
202000014803;154 716 325;37;0;1;0;7;2
202000014804;154 716 324;30;14;0;3;15;1
202000014805;154 716 322;7;0;2;2;9;1
202000014805;154 716 323;30;0;2;1;1;1
202000014806;154 716 321;30;11;0;1;17;1
202000014807;154 716 319;33;0;2;2;17;1
202000014807;154 716 320;10;0;2;8;15;1
202000014808;154 716 317;7;0;2;7;1;1
202000014808;154 716 318;7;0;2;2;1;1
202000014809;154 716 316;32;12;0;8;13;1
202000014810;154 716 314;1;0;2;3;1;5
202000014810;154 716 315;10;0;2;2;15;1
202000014811;154 716 312;32;0;2;1;1;1
202000014811;154 716 313;1;0;2;1;15;5
202000014812;154 716 310;1;0;2;1;1;5
202000014812;154 716 311;14;0;2;3;9;1
202000014813;154 716 308;32;0;2;7;1;1
202000014813;154 716 309;7;0;2;1;1;1
202000014814;154 716 305;7;0;2;7;0;1
202000014814;154 716 306;7;0;2;7;0;1
202000014814;154 716 307;33;0;2;3;26;1
202000014815;154 716 304;7;0;1;1;1;1
202000014816;154 716 302;7;0;2;1;1;1
202000014816;154 716 303;7;0;2;7;1;1
202000014817;154 716 298;7;0;2;1;15;0
202000014817;154 716 299;2;0;2;0;0;1
202000014818;154 716 297;33;0;1;1;1;1
202000014819;154 716 296;7;0;1;3;1;1
202000014820;154 716 294;7;0;2;2;15;1
202000014820;154 716 295;1;0;2;1;1;5
202000014821;154 716 293;7;0;1;3;1;1
202000014822;154 716 292;20;0;1;2;15;1
202000014823;154 716 290;7;0;2;3;1;1
202000014823;154 716 291;7;0;2;2;1;1
202000014824;154 716 288;32;0;2;1;1;1
202000014824;154 716 289;7;0;2;3;26;1
202000014825;154 716 286;7;0;2;1;15;1
202000014825;154 716 287;32;0;2;1;17;1
202000014826;154 716 285;99;0;1;1;1;0
202000014827;154 716 284;7;0;1;1;9;0
202000014828;154 716 282;32;0;0;5;0;1
202000014828;154 716 283;31;0;2;3;21;1
202000014829;154 716 280;1;0;2;1;2;0
202000014829;154 716 281;7;0;9;4;4;0
202000014830;154 716 275;7;0;2;1;2;0
202000014830;154 716 276;7;0;2;8;1;0
202000014830;154 716 277;7;0;2;8;1;0
202000014830;154 716 278;7;0;2;1;1;0
202000014830;154 716 279;7;0;2;1;5;0
202000014831;154 716 273;7;0;2;7;13;1
202000014831;154 716 274;7;0;2;3;1;1
202000014832;154 716 271;7;1;2;3;1;1
202000014832;154 716 272;7;0;0;3;13;1
202000014833;154 716 268;13;0;2;1;21;1
202000014833;154 716 269;7;0;2;1;1;1
202000014833;154 716 270;7;0;2;6;2;1
202000014834;154 716 267;7;8;0;2;1;1
202000014835;154 716 264;7;8;2;3;1;1
202000014835;154 716 265;7;0;2;1;1;1
202000014835;154 716 266;7;0;2;4;15;1
202000014836;154 716 263;7;2;0;8;0;1
202000014837;154 716 260;41;0;2;3;13;1
202000014837;154 716 261;7;0;2;3;14;1
202000014838;154 716 258;7;0;1;3;1;1
202000014839;154 716 259;7;0;2;3;1;1
202000014839;154 716 262;7;0;2;3;1;1
202000014840;154 716 257;7;0;0;2;1;1
202000014841;154 716 255;10;0;2;3;1;1
202000014841;154 716 256;7;0;0;4;1;1
202000014842;154 716 253;15;0;2;1;2;1
202000014842;154 716 254;7;3;2;4;2;1
202000014843;154 716 251;2;0;0;7;23;1
202000014844;154 716 250;1;0;2;7;0;5
202000014844;154 716 252;7;0;2;0;16;1
202000014845;154 716 248;7;0;2;2;15;1
202000014845;154 716 249;32;0;2;1;21;1
202000014846;154 716 246;7;0;0;6;2;1
202000014846;154 716 247;7;0;2;2;2;1
202000014847;154 716 244;7;0;2;1;9;1
202000014847;154 716 245;32;0;2;1;1;1
202000014848;154 716 243;7;13;0;9;1;1
202000014849;154 716 239;7;0;2;4;1;1
202000014849;154 716 240;7;0;2;4;23;1
202000014849;154 716 242;10;0;2;1;1;1
202000014850;154 716 236;7;0;2;3;1;1
202000014850;154 716 238;7;0;2;3;1;1
202000014851;154 716 235;1;0;2;8;1;5
202000014851;154 716 237;7;0;2;2;17;1
202000014852;154 716 233;7;0;2;1;1;1
202000014852;154 716 234;7;0;2;1;13;1
202000014853;154 716 230;7;2;0;2;1;1
202000014854;154 716 229;7;0;2;1;2;1
202000014854;154 716 231;7;0;2;4;23;1
202000014854;154 716 232;33;0;2;9;1;1
202000014855;154 716 227;33;0;9;8;1;1
202000014856;154 716 228;33;14;0;0;1;1
202000014857;154 716 224;7;0;2;1;1;1
202000014857;154 716 226;1;0;2;1;13;5
202000014858;154 716 222;7;0;0;5;1;1
202000014858;154 716 223;7;0;2;8;17;1
202000014858;154 716 225;7;0;2;1;1;1
202000014859;154 716 220;7;0;1;1;1;1
202000014860;154 716 217;10;0;0;1;0;1
202000014860;154 716 218;7;0;0;1;0;1
202000014861;154 716 215;2;0;2;1;1;1
202000014861;154 716 216;7;0;2;2;15;1
202000014862;154 716 219;2;0;2;0;1;1
202000014862;154 716 221;7;0;2;1;15;1
202000014863;154 716 212;7;0;0;7;15;0
202000014863;154 716 214;1;0;2;1;1;5
202000014864;154 716 211;7;0;2;7;1;6
202000014864;154 716 213;14;0;2;3;15;6
202000014865;154 716 200;7;0;2;3;9;1
202000014865;154 716 202;2;0;2;0;1;1
202000014866;154 716 201;7;6;0;1;2;1
202000014867;154 716 197;7;0;9;2;19;0
202000014867;154 716 199;1;0;0;0;0;5
202000014868;154 716 192;7;0;0;4;1;1
202000014868;154 716 194;3;0;2;1;1;1
202000014869;154 716 193;38;0;2;0;1;1
202000014869;154 716 195;7;7;2;5;16;1
202000014870;154 716 188;7;0;2;1;1;1
202000014870;154 716 190;7;0;2;2;15;1
202000014871;154 716 185;7;0;2;1;19;1
202000014871;154 716 186;7;0;2;1;1;1
202000014872;154 716 184;10;0;2;8;1;1
202000014872;154 716 187;2;0;2;1;9;1
202000014873;154 716 181;7;0;2;3;10;1
202000014873;154 716 182;33;0;2;1;1;1
202000014874;154 716 183;7;5;0;1;1;1
202000014875;154 716 179;7;0;2;8;15;1
202000014875;154 716 180;32;0;2;7;17;1
202000014876;154 716 178;7;16;0;1;0;0
202000014877;154 716 176;7;0;2;6;24;1
202000014877;154 716 177;7;1;0;2;14;1
202000014878;154 716 174;20;0;2;1;17;1
202000014878;154 716 175;7;0;0;8;10;1
202000014879;154 716 171;7;0;1;2;1;1
202000014880;154 716 172;7;0;2;2;26;1
202000014880;154 716 173;7;0;2;6;1;2
202000014881;154 716 169;7;0;0;2;15;1
202000014881;154 716 170;33;0;0;3;1;1
202000014882;154 716 167;33;0;2;8;13;1
202000014882;154 716 168;10;0;2;6;13;1
202000014883;154 716 165;31;0;2;1;1;1
202000014883;154 716 166;7;0;0;7;15;1
202000014884;154 716 163;2;0;0;0;0;1
202000014885;154 716 161;34;8;1;8;18;1
202000014885;154 716 162;7;0;0;8;16;0
202000014885;154 716 164;7;0;0;5;24;1
202000014886;154 716 160;7;8;0;8;1;1
202000014887;154 716 157;7;11;0;1;1;1
202000014888;154 716 156;7;0;2;1;13;1
202000014888;154 716 158;14;0;2;3;1;1
202000014888;154 716 159;7;0;2;3;1;1
202000014889;154 716 154;7;0;2;3;15;1
202000014889;154 716 155;32;0;2;1;17;1
202000014890;154 716 149;10;0;2;3;2;1
202000014890;154 716 151;31;0;2;4;2;1
202000014891;154 716 150;33;0;2;1;17;1
202000014891;154 716 152;7;0;2;6;17;1
202000014892;154 716 146;7;0;2;2;16;1
202000014892;154 716 148;1;0;2;6;1;5
202000014893;154 716 145;2;0;2;1;2;1
202000014893;154 716 147;7;0;2;4;1;1
202000014894;154 716 143;7;0;2;3;22;1
202000014894;154 716 144;80;0;2;1;1;3
202000014895;154 716 141;7;0;2;1;15;1
202000014895;154 716 142;2;0;2;1;1;1
202000014896;154 716 140;7;2;0;2;16;1
202000014897;154 716 139;7;2;0;1;14;1
202000014898;154 716 138;30;0;1;8;7;3
202000014899;154 716 137;31;0;0;9;1;1
202000014900;154 716 134;7;0;2;2;1;1
202000014900;154 716 136;1;0;2;1;5;5
202000014901;154 716 133;32;0;2;8;7;1
202000014901;154 716 135;10;0;2;3;15;1
202000014902;154 716 131;7;0;1;5;4;1
202000014903;154 716 130;7;0;2;2;1;1
202000014903;154 716 132;7;0;2;4;16;1
202000014904;154 716 128;30;0;1;3;18;1
202000014905;154 716 127;33;0;2;1;1;1
202000014905;154 716 129;7;0;2;2;15;1
202000014906;154 716 126;10;0;1;1;1;1
202000014907;154 716 121;32;0;2;4;2;1
202000014907;154 716 122;7;0;2;4;23;1
202000014908;154 716 119;7;0;2;1;1;1
202000014908;154 716 120;1;0;2;1;13;5
202000014909;154 716 117;17;0;2;3;1;1
202000014909;154 716 118;7;0;2;3;5;1
202000014910;154 716 115;32;8;2;3;1;1
202000014910;154 716 116;10;0;2;2;16;1
202000014911;154 716 113;7;0;2;6;1;1
202000014911;154 716 114;7;0;2;2;17;1
202000014912;154 716 109;33;0;2;2;17;1
202000014912;154 716 111;10;0;2;3;10;1
202000014913;154 716 110;7;0;2;2;2;1
202000014913;154 716 112;7;0;2;6;13;1
202000014914;154 716 107;7;0;2;2;1;1
202000014914;154 716 108;34;0;2;6;1;1
202000014915;154 716 101;7;0;2;3;1;1
202000014915;154 716 104;7;0;2;1;5;1
202000014915;154 716 105;7;0;2;8;1;1
202000014915;154 716 106;7;0;2;1;17;1
202000014916;154 716 102;50;0;2;0;9;3
202000014916;154 716 103;32;0;2;1;1;1
202000014917;154 716 097;7;0;2;0;23;1