Num_Acc;id_vehicule;catv;obs;obsm;choc;manv;motor
202000016997;154 712 349;33;0;0;0;21;1
202000016998;154 712 347;2;0;2;1;1;1
202000016998;154 712 348;7;0;2;8;9;1
202000016999;154 712 344;7;0;2;4;1;1
202000016999;154 712 345;7;0;2;4;1;1
202000016999;154 712 346;7;0;2;2;1;1
202000017000;154 712 342;7;0;2;3;1;1
202000017000;154 712 343;10;0;2;1;1;1
202000017001;154 712 341;7;2;0;1;1;1
202000017002;154 712 340;7;17;0;3;15;1
202000017003;154 712 338;7;0;2;1;1;1
202000017003;154 712 339;33;0;2;1;1;1
202000017004;154 712 337;32;14;0;2;21;1
202000017005;154 712 335;10;0;2;1;15;1
202000017005;154 712 336;33;0;2;1;1;1
202000017006;154 712 333;7;0;2;1;1;1
202000017006;154 712 334;7;0;2;1;9;1
202000017007;154 712 332;7;2;0;1;0;1
202000017008;154 712 331;7;13;0;2;14;1
202000017009;154 712 329;7;0;2;4;1;1
202000017009;154 712 330;7;0;2;1;2;1
202000017010;154 712 327;7;0;2;4;1;1
202000017010;154 712 328;7;0;2;1;1;1
202000017011;154 712 325;7;0;2;1;1;1
202000017011;154 712 326;7;0;2;1;1;1
202000017012;154 712 324;33;0;0;8;16;1
202000017013;154 712 322;7;0;2;7;16;1
202000017013;154 712 323;7;0;2;6;18;1
202000017014;154 712 320;7;0;2;3;1;1
202000017014;154 712 321;33;0;2;1;5;1
202000017015;154 712 318;7;0;2;2;17;1
202000017015;154 712 319;10;0;2;3;23;1
202000017016;154 712 317;33;0;1;2;1;1
202000017017;154 712 315;7;0;2;8;9;1
202000017017;154 712 316;32;0;2;1;1;1
202000017018;154 712 313;1;0;2;8;13;5
202000017018;154 712 314;32;0;2;2;2;1
202000017019;154 712 312;7;1;0;9;20;1
202000017020;154 712 311;10;0;1;3;15;1
202000017021;154 712 309;7;0;2;5;1;1
202000017021;154 712 310;7;0;2;3;1;1
202000017022;154 712 307;7;0;2;8;22;1
202000017022;154 712 308;50;0;2;1;1;3
202000017023;154 712 306;7;0;1;7;1;1
202000017024;154 712 305;30;0;1;1;1;3
202000017025;154 712 303;30;0;2;4;23;1
202000017025;154 712 304;2;0;2;0;2;0
202000017026;154 712 300;34;0;2;1;1;1
202000017026;154 712 301;32;0;2;3;1;1
202000017026;154 712 302;10;0;2;2;15;1
202000017027;154 712 299;1;0;1;0;1;5
202000017028;154 712 298;33;0;1;1;21;1
202000017029;154 712 295;7;0;2;1;2;1
202000017029;154 712 296;7;0;2;4;2;0
202000017029;154 712 297;7;0;2;4;0;0
202000017030;154 712 294;7;8;0;0;26;1
202000017031;154 712 293;7;4;0;7;16;1
202000017032;154 712 292;7;1;1;1;1;0
202000017033;154 712 290;10;0;2;2;1;1
202000017033;154 712 291;10;1;2;3;15;1
202000017034;154 712 289;7;0;0;3;26;1
202000017035;154 712 288;7;0;0;0;1;1
202000017036;154 712 286;10;0;2;3;0;1
202000017036;154 712 287;1;0;2;2;0;2
202000017037;154 712 284;7;0;2;3;1;0
202000017037;154 712 285;10;0;2;2;1;0
202000017038;154 712 283;50;0;1;1;25;3
202000017039;154 712 281;7;0;2;1;1;0
202000017039;154 712 282;7;0;2;-1;-1;-1
202000017040;154 712 279;10;0;2;3;2;1
202000017040;154 712 280;34;0;2;7;2;1
202000017041;154 712 278;7;15;0;1;13;1
202000017042;154 712 276;33;0;2;1;1;1
202000017042;154 712 277;7;0;2;5;23;1
202000017043;154 712 275;7;2;0;2;1;0
202000017044;154 712 273;7;0;2;3;1;1
202000017044;154 712 274;7;0;2;4;17;0
202000017045;154 712 271;33;0;0;3;1;1
202000017046;154 712 269;7;0;2;3;1;1
202000017046;154 712 270;2;0;0;4;23;1
202000017047;154 712 267;7;0;2;2;1;1
202000017047;154 712 268;2;0;0;8;26;1
202000017048;154 712 265;7;8;2;8;15;1
202000017048;154 712 266;7;0;2;1;1;1
202000017049;154 712 263;33;0;0;7;1;1
202000017049;154 712 264;7;0;2;1;19;1
202000017050;154 712 261;7;0;1;1;1;1
202000017051;154 712 259;32;0;2;7;17;1
202000017051;154 712 260;7;0;0;3;15;1
202000017052;154 712 257;7;0;0;2;15;1
202000017052;154 712 258;7;0;2;1;1;1
202000017053;154 712 256;7;0;1;2;15;1
202000017054;154 712 254;7;0;2;4;2;1
202000017054;154 712 255;7;0;2;1;2;1
202000017055;154 712 253;7;6;0;1;1;1
202000017056;154 712 252;7;0;1;1;1;1
202000017057;154 712 251;7;2;0;3;13;1
202000017058;154 712 249;7;0;0;4;23;1
202000017058;154 712 250;7;0;0;1;1;1
202000017059;154 712 247;7;0;9;1;16;1
202000017059;154 712 248;80;0;0;7;1;3
202000017060;154 712 244;7;0;2;7;15;1
202000017060;154 712 245;33;0;2;1;1;1
202000017060;154 712 246;7;0;2;3;1;1
202000017061;154 712 243;7;0;1;2;1;1
202000017062;154 712 242;17;0;0;8;0;1
202000017063;154 712 240;7;0;2;1;15;1
202000017063;154 712 241;33;0;2;7;17;1
202000017064;154 712 239;7;0;1;2;1;0
202000017065;154 712 237;7;0;9;3;15;1
202000017065;154 712 238;32;0;2;1;1;1
202000017066;154 712 235;7;0;2;8;15;0
202000017066;154 712 236;2;0;2;1;17;0
202000017067;154 712 234;7;13;0;1;0;0
202000017068;154 712 233;2;0;2;1;2;1
202000017069;154 712 231;1;0;2;4;1;5
202000017069;154 712 232;7;0;2;2;1;0
202000017070;154 712 230;10;2;0;1;26;1
202000017071;154 712 228;7;0;2;1;13;1
202000017071;154 712 229;7;0;2;3;1;1
202000017072;154 712 226;2;0;2;2;17;1
202000017072;154 712 227;7;0;0;8;19;1
202000017073;154 712 224;7;0;2;4;2;1
202000017073;154 712 225;7;0;2;1;2;0
202000017074;154 712 222;33;0;2;4;2;1
202000017074;154 712 223;7;0;2;1;2;1
202000017075;154 712 220;31;0;2;0;1;1
202000017075;154 712 221;7;0;2;0;1;1
202000017076;154 712 218;7;0;2;4;1;1
202000017076;154 712 219;14;0;2;1;1;1
202000017077;154 712 216;7;0;2;6;1;1
202000017077;154 712 217;31;0;2;2;1;1
202000017078;154 712 214;7;0;2;2;15;1
202000017078;154 712 215;7;0;2;5;1;1
202000017079;154 712 213;30;0;0;0;0;0
202000017080;154 712 211;1;0;2;8;1;0
202000017080;154 712 212;7;0;2;2;15;0
202000017081;154 712 207;99;0;2;4;2;1
202000017081;154 712 208;7;0;2;4;9;1
202000017081;154 712 209;7;0;2;4;2;1
202000017081;154 712 210;7;0;2;4;2;1
202000017082;154 712 206;7;0;1;2;1;0
202000017083;154 712 204;7;0;2;2;10;1
202000017083;154 712 205;33;0;2;1;1;1
202000017084;154 712 202;7;0;2;3;11;0
202000017084;154 712 203;7;0;2;2;2;0
202000017085;154 712 200;7;0;2;2;9;1
202000017085;154 712 201;7;0;2;3;2;1
202000017086;154 712 197;7;0;1;2;1;1
202000017087;154 712 193;7;0;2;4;2;1
202000017087;154 712 194;7;0;2;4;2;1
202000017087;154 712 195;7;0;2;4;2;1
202000017087;154 712 196;7;0;2;1;2;1
202000017088;154 712 190;7;0;2;8;10;1
202000017088;154 712 191;33;0;2;2;17;1
202000017088;154 712 192;33;0;2;0;2;1
202000017089;154 712 189;7;0;1;1;26;1
202000017090;154 712 188;7;0;1;4;20;1
202000017091;154 712 186;1;0;2;4;1;5
202000017091;154 712 187;10;0;2;2;15;0
202000017092;154 712 185;7;8;1;1;14;1
202000017093;154 712 183;7;0;2;1;2;3
202000017093;154 712 184;7;0;2;4;2;1
202000017094;154 712 182;7;0;1;2;9;0
202000017095;154 712 181;7;0;1;7;16;1
202000017096;154 712 179;1;0;2;7;15;5
202000017096;154 712 180;7;0;2;1;1;1
202000017097;154 712 178;7;7;0;1;14;1
202000017098;154 712 176;30;0;2;1;1;1
202000017098;154 712 177;7;0;2;7;15;1
202000017099;154 712 171;7;0;2;1;1;1
202000017099;154 712 172;7;0;0;4;2;0
202000017099;154 712 173;7;0;2;4;1;1
202000017099;154 712 174;7;0;2;4;1;1
202000017099;154 712 175;7;0;2;4;1;1
202000017100;154 712 170;7;0;1;3;15;1
202000017101;154 712 169;33;0;0;1;1;1
202000017102;154 712 167;2;0;2;1;21;1
202000017102;154 712 168;2;0;2;4;1;1
202000017103;154 712 164;10;12;0;9;14;1
202000017104;154 712 163;7;0;0;0;26;1
202000017105;154 712 162;7;0;1;2;26;1
202000017106;154 712 160;7;0;2;4;1;1
202000017106;154 712 161;10;0;2;1;1;1
202000017107;154 712 158;7;0;2;9;1;1
202000017107;154 712 159;7;0;2;1;1;1
202000017108;154 712 157;7;0;1;3;1;1
202000017109;154 712 155;7;0;2;1;9;0
202000017109;154 712 156;10;0;2;7;1;0
202000017110;154 712 154;10;4;1;1;1;1
202000017111;154 712 152;33;0;2;7;2;1
202000017111;154 712 153;7;0;2;6;11;1
202000017112;154 712 150;10;0;2;1;2;1
202000017112;154 712 151;7;0;2;4;2;1
202000017113;154 712 148;33;0;2;2;1;1
202000017113;154 712 149;10;0;2;3;22;1
202000017114;154 712 147;7;0;1;1;1;2
202000017115;154 712 145;7;0;2;2;22;1
202000017115;154 712 146;30;0;2;2;18;1
202000017116;154 712 143;1;0;2;8;13;5
202000017116;154 712 144;7;0;2;2;7;1
202000017117;154 712 141;7;0;2;3;13;1
202000017117;154 712 142;7;0;2;3;1;1
202000017118;154 712 140;1;1;1;1;21;5
202000017119;154 712 138;10;0;2;2;1;1
202000017119;154 712 139;1;0;2;4;23;5
202000017120;154 712 136;1;0;2;3;18;5
202000017120;154 712 137;7;0;2;2;23;1
202000017121;154 712 134;1;0;2;1;19;5
202000017121;154 712 135;50;0;2;1;1;3
202000017122;154 712 131;99;0;2;0;0;0
202000017122;154 712 132;7;0;2;0;0;1
202000017122;154 712 133;7;0;0;0;0;1
202000017123;154 712 130;7;8;0;1;15;6
202000017124;154 712 128;7;0;2;9;9;0
202000017124;154 712 129;7;1;0;3;1;1
202000017125;154 712 126;7;0;2;1;19;1
202000017125;154 712 127;34;0;2;1;19;1
202000017126;154 712 124;7;0;2;6;9;1
202000017126;154 712 125;33;0;2;1;0;1
202000017127;154 712 121;15;0;2;1;1;1
202000017127;154 712 122;17;0;2;6;21;1
202000017127;154 712 123;7;0;2;1;13;6
202000017128;154 712 120;7;15;0;1;13;1
202000017129;154 712 118;7;0;2;0;0;1
202000017129;154 712 119;34;0;2;0;0;1
202000017130;154 712 117;7;4;0;2;14;1
202000017131;154 712 115;33;0;2;4;2;1
202000017131;154 712 116;7;0;2;1;2;1
202000017132;154 712 113;7;0;2;3;0;1
202000017132;154 712 114;34;0;2;1;0;1
202000017133;154 712 111;7;0;0;0;0;1
202000017133;154 712 112;7;0;2;1;13;1
202000017134;154 712 109;1;0;2;0;1;0
202000017134;154 712 110;7;0;2;3;16;1
202000017135;154 712 107;7;0;2;7;19;1
202000017135;154 712 108;32;0;2;1;19;1
202000017136;154 712 106;7;0;1;2;18;1
202000017137;154 712 105;7;0;1;2;16;1
202000017138;154 712 103;1;0;2;1;1;5
202000017138;154 712 104;7;0;2;0;0;1
202000017139;154 712 101;1;0;2;1;19;5
202000017139;154 712 102;7;0;2;2;15;1
202000017140;154 712 099;7;0;2;8;24;1
202000017140;154 712 100;1;0;0;0;1;5
202000017141;154 712 097;33;0;2;4;15;1
202000017141;154 712 098;10;0;2;3;1;1
202000017142;154 712 096;32;12;0;8;1;1
202000017143;154 712 094;7;0;2;1;2;1
202000017143;154 712 095;7;0;2;4;23;1
202000017144;154 712 092;37;0;2;6;0;2
202000017144;154 712 093;33;0;2;2;11;1
202000017145;154 712 091;7;12;0;1;16;1
202000017146;154 712 089;30;0;2;7;26;1
202000017146;154 712 090;7;0;2;0;9;1
202000017147;154 712 088;43;13;0;8;26;1
202000017148;154 712 086;7;12;0;5;23;1
202000017148;154 712 087;7;3;2;3;13;1
202000017149;154 712 084;31;0;2;1;0;6
202000017149;154 712 085;7;0;2;2;15;6
202000017150;154 712 083;7;0;1;7;17;1
202000017151;154 712 081;1;0;2;7;12;5
202000017151;154 712 082;7;0;2;3;9;1
202000017152;154 712 079;10;0;2;7;16;1
202000017152;154 712 080;1;0;2;8;1;5
202000017153;154 712 077;31;0;2;1;1;1
202000017153;154 712 078;7;0;2;4;1;1
202000017154;154 712 075;7;0;0;0;20;1
202000017154;154 712 076;2;0;2;0;21;1
202000017155;154 712 073;2;0;2;7;1;1
202000017155;154 712 074;7;0;9;8;13;1
202000017156;154 712 071;7;0;0;7;15;0
202000017156;154 712 072;33;0;2;1;1;0
202000017157;154 712 069;7;0;2;3;15;1
202000017157;154 712 070;17;0;2;2;1;1
202000017158;154 712 065;7;0;2;3;5;1
202000017158;154 712 066;10;0;2;4;1;1
202000017158;154 712 067;7;0;2;5;1;1
202000017158;154 712 068;10;0;2;3;1;1
202000017159;154 712 064;7;0;1;0;1;0
202000017160;154 712 062;1;0;0;3;19;6
202000017160;154 712 063;40;0;2;1;1;3
202000017161;154 712 061;32;0;1;1;1;1
202000017162;154 712 059;7;0;2;1;26;1
202000017162;154 712 060;7;0;2;4;1;1
202000017163;154 712 057;30;0;2;1;1;1
202000017163;154 712 058;7;0;2;7;15;1
202000017164;154 712 055;7;0;2;2;15;1
202000017164;154 712 056;30;0;2;1;1;1
202000017165;154 712 053;7;0;2;7;15;1
202000017165;154 712 054;7;0;2;0;26;0
202000017166;154 712 051;7;0;2;2;1;1
202000017166;154 712 052;33;0;2;1;18;0
202000017167;154 712 050;7;0;1;1;1;1
202000017168;154 712 048;7;0;2;4;1;1
202000017168;154 712 049;2;0;2;1;0;3
202000017169;154 712 046;7;0;2;1;1;1
202000017169;154 712 047;30;0;2;1;15;1
202000017170;154 712 044;1;0;2;8;17;5
202000017170;154 712 045;7;0;2;8;22;1
202000017171;154 712 039;7;0;1;1;19;0
202000017172;154 712 037;2;0;2;1;1;1
202000017172;154 712 038;7;0;2;2;15;1
202000017173;154 712 035;7;0;0;0;15;6
202000017173;154 712 036;7;0;2;2;1;6
202000017174;154 712 031;7;0;2;1;1;1
202000017174;154 712 032;7;0;2;4;1;1
202000017174;154 712 033;7;0;2;1;1;1
202000017174;154 712 034;7;0;2;1;1;1
202000017175;154 712 030;7;0;1;1;15;1
202000017176;154 712 029;7;0;1;1;26;1
202000017177;154 712 027;30;0;9;8;0;-1
202000017177;154 712 028;37;0;2;2;16;-1
202000017178;154 712 025;10;0;2;3;1;1
202000017178;154 712 026;10;0;2;8;10;1
202000017179;154 712 023;10;0;1;1;1;1
202000017179;154 712 024;10;0;2;4;0;1
202000017180;154 712 021;7;0;2;6;23;1
202000017180;154 712 022;7;0;2;2;21;1
202000017181;154 712 019;31;0;2;2;14;1
202000017181;154 712 020;7;0;2;0;1;1
202000017182;154 712 017;10;0;2;7;1;1
202000017182;154 712 018;31;0;2;3;11;1
202000017183;154 712 015;30;0;2;8;1;1
202000017183;154 712 016;7;0;2;7;12;1
202000017184;154 712 013;7;0;2;2;16;1
202000017184;154 712 014;7;7;2;3;7;1
202000017185;154 712 011;38;0;2;8;8;2
202000017185;154 712 012;80;0;2;7;17;3
202000017186;154 712 009;10;0;2;1;1;1
202000017186;154 712 010;7;0;2;2;1;1
202000017187;154 712 007;37;0;2;3;15;2
202000017187;154 712 008;33;0;2;2;17;1
202000017188;154 712 006;10;0;1;1;1;1
202000017189;154 712 004;7;0;2;7;22;1
202000017189;154 712 005;1;0;2;1;1;5
202000017190;154 712 002;30;0;2;0;1;1
202000017190;154 712 003;7;0;2;0;0;0
202000017191;154 712 000;7;0;2;6;23;1
202000017191;154 712 001;1;0;2;6;2;5
202000017192;154 711 999;1;0;1;1;2;5
202000017193;154 711 998;32;0;0;0;1;1
202000017194;154 711 997;1;0;1;1;1;5
202000017195;154 711 996;80;12;0;7;14;3
202000017196;154 711 994;7;0;2;1;1;2
202000017196;154 711 995;7;0;2;8;1;1
202000017197;154 711 993;50;12;0;1;14;3
202000017198;154 711 991;50;0;2;2;1;3
202000017198;154 711 992;7;0;2;1;1;2
202000017199;154 711 989;33;0;2;1;1;1
202000017199;154 711 990;7;0;2;7;15;1
202000017200;154 711 987;7;0;2;3;21;1
202000017200;154 711 988;32;0;2;1;1;1
202000017201;154 711 985;7;0;2;4;1;1
202000017201;154 711 986;34;0;2;1;1;1
202000017202;154 711 984;33;0;0;7;1;1
202000017203;154 711 982;33;0;2;2;17;1
202000017203;154 711 983;10;0;2;3;15;1
202000017204;154 711 981;7;0;1;1;1;1
202000017205;154 711 978;7;0;2;1;26;1
202000017205;154 711 979;20;0;2;4;26;1
202000017205;154 711 980;7;0;2;4;1;2
202000017206;154 711 977;7;0;1;1;1;3
202000017207;154 711 975;50;0;2;1;5;3
202000017207;154 711 976;7;0;9;8;15;1
202000017208;154 711 973;34;0;0;4;2;1
202000017208;154 711 974;7;0;2;1;2;1
202000017209;154 711 971;99;0;2;3;1;1
202000017209;154 711 972;7;0;2;2;19;1
202000017210;154 711 969;17;0;2;6;9;1
202000017210;154 711 970;33;0;2;2;2;1
202000017211;154 711 968;7;0;1;8;13;1
202000017212;154 711 966;7;0;2;1;1;0
202000017212;154 711 967;3;0;2;1;15;0
202000017213;154 711 965;10;0;1;1;15;1
202000017214;154 711 964;7;0;1;3;1;1
202000017215;154 711 962;1;0;2;0;0;0
202000017215;154 711 963;7;0;2;1;13;1
202000017216;154 711 960;7;0;2;4;16;1
202000017216;154 711 961;1;0;2;1;1;0
202000017217;154 711 958;33;0;2;1;17;1
202000017217;154 711 959;7;0;2;3;15;1
202000017218;154 711 957;7;6;0;1;9;0
202000017219;154 711 956;34;0;1;7;5;0
202000017220;154 711 954;2;0;2;1;1;1
202000017220;154 711 955;7;0;2;2;10;1
202000017221;154 711 952;50;0;2;1;1;3
202000017221;154 711 953;7;0;9;8;15;1
202000017222;154 711 950;1;0;2;1;25;5
202000017222;154 711 951;14;0;2;5;16;1
202000017223;154 711 948;34;0;2;8;9;0
202000017223;154 711 949;7;0;2;2;9;1
202000017224;154 711 946;33;0;2;4;1;1
202000017224;154 711 947;7;0;2;4;15;1
202000017225;154 711 945;7;0;1;1;15;1
202000017226;154 711 943;7;0;2;2;19;1
202000017226;154 711 944;32;0;2;3;0;1
202000017227;154 711 941;7;0;2;3;15;1
202000017227;154 711 942;33;0;2;0;0;1
202000017228;154 711 940;33;3;0;7;1;1
202000017229;154 711 939;31;8;0;7;1;1
202000017230;154 711 938;2;11;0;3;1;1
202000017231;154 711 937;7;8;0;2;1;1
202000017232;154 711 935;7;0;2;1;2;1
202000017232;154 711 936;31;0;0;4;2;1
202000017233;154 711 933;33;0;2;1;1;1
202000017233;154 711 934;7;0;2;3;9;1
202000017234;154 711 928;7;7;0;1;26;1
202000017235;154 711 927;34;0;0;8;1;1
202000017236;154 711 925;7;0;2;3;15;1
202000017236;154 711 926;1;0;2;8;1;5
202000017237;154 711 924;33;6;0;8;1;1
202000017238;154 711 923;7;13;0;2;1;1
202000017239;154 711 921;33;0;2;2;16;0
202000017239;154 711 922;7;0;2;3;16;0
202000017240;154 711 919;7;0;2;2;17;1
202000017240;154 711 920;7;0;2;6;1;1
202000017241;154 711 917;7;0;2;3;13;1
202000017241;154 711 918;10;0;2;2;17;1
202000017242;154 711 915;2;0;2;1;1;1
202000017242;154 711 916;7;0;2;7;15;1
202000017243;154 711 912;7;13;0;1;13;1
202000017244;154 711 911;7;0;1;3;1;1
202000017245;154 711 910;7;6;0;2;0;0
202000017246;154 711 908;7;0;2;1;15;1
202000017246;154 711 909;2;0;2;1;1;1
202000017247;154 711 906;7;0;2;1;1;1
202000017247;154 711 907;7;15;0;5;1;1
202000017248;154 711 904;33;0;2;1;1;1
202000017248;154 711 905;10;0;2;3;15;1
202000017249;154 711 903;33;0;0;8;0;1
202000017250;154 711 901;21;0;2;3;15;1
202000017250;154 711 902;10;0;2;2;17;1
202000017251;154 711 898;33;0;2;1;1;0
202000017251;154 711 899;7;0;0;4;1;0
202000017251;154 711 900;7;0;0;0;15;0
202000017252;154 711 896;21;0;2;3;16;1
202000017252;154 711 897;33;0;2;1;1;1
202000017253;154 711 895;7;0;1;1;1;1
202000017254;154 711 894;33;0;0;9;1;1
202000017255;154 711 893;33;0;0;0;13;1
202000017256;154 711 891;10;0;2;1;16;1
202000017256;154 711 892;7;0;2;2;1;1
202000017257;154 711 888;10;0;2;3;13;1
202000017257;154 711 889;7;0;2;1;1;1
202000017257;154 711 890;10;0;2;3;1;1
202000017258;154 711 887;7;13;0;1;1;1
202000017259;154 711 886;7;16;0;9;14;1
202000017260;154 711 885;7;3;0;1;1;1
202000017261;154 711 883;2;0;2;8;5;1
202000017261;154 711 884;7;0;2;3;1;1
202000017262;154 711 879;7;0;2;3;13;0
202000017262;154 711 880;7;0;2;3;1;0
202000017262;154 711 881;7;0;2;3;1;0
202000017262;154 711 882;7;0;2;1;1;0
202000017263;154 711 877;7;0;2;1;1;6
202000017263;154 711 878;7;0;2;5;13;6
202000017264;154 711 875;1;0;2;3;13;5
202000017264;154 711 876;33;0;2;1;21;1
202000017265;154 711 874;7;0;1;2;9;1
202000017266;154 711 872;7;0;2;6;1;1
202000017266;154 711 873;7;0;2;2;21;1
202000017267;154 711 870;7;0;2;2;1;0
202000017267;154 711 871;33;0;2;1;1;0
202000017268;154 711 869;7;14;0;2;1;1
202000017269;154 711 867;7;0;2;1;1;1
202000017269;154 711 868;7;0;2;7;13;1
202000017270;154 711 866;7;3;0;1;6;1
202000017271;154 711 865;7;0;1;2;1;1
202000017272;154 711 864;7;0;0;1;1;1
202000017273;154 711 862;33;0;2;9;17;1
202000017273;154 711 863;7;0;2;3;1;1
202000017274;154 711 859;7;6;0;1;1;1
202000017275;154 711 857;7;0;2;3;1;1
202000017275;154 711 858;1;0;2;8;15;5
202000017276;154 711 856;2;7;0;1;1;1
202000017277;154 711 854;7;0;2;2;15;1
202000017277;154 711 855;2;0;2;1;1;1
202000017278;154 711 853;7;0;1;2;1;2
202000017279;154 711 851;7;0;2;3;9;1
202000017279;154 711 852;1;0;2;7;1;5
202000017280;154 711 849;7;3;0;3;13;1
202000017281;154 711 847;1;0;2;2;0;5
202000017281;154 711 848;7;0;9;2;1;1
202000017282;154 711 846;32;13;0;7;16;1
202000017283;154 711 845;33;12;0;2;1;1
202000017284;154 711 843;33;0;9;1;2;1
202000017284;154 711 844;7;0;0;-1;1;1
202000017285;154 711 841;10;0;2;2;1;0
202000017285;154 711 842;10;0;2;3;1;0
202000017286;154 711 840;33;3;0;2;1;1
202000017287;154 711 839;33;0;0;0;1;1
202000017288;154 711 836;7;0;2;1;21;1
202000017288;154 711 837;1;0;2;1;1;5
202000017288;154 711 838;1;0;2;1;1;5
202000017289;154 711 834;7;0;2;1;1;1
202000017289;154 711 835;7;0;2;1;13;1
202000017290;154 711 833;7;0;1;3;1;1
202000017291;154 711 831;7;0;2;1;19;1
202000017291;154 711 832;7;0;2;8;1;1
202000017292;154 711 827;7;0;2;4;1;1
202000017292;154 711 828;7;0;2;4;2;1
202000017292;154 711 829;7;0;2;1;2;1
202000017293;154 711 824;7;0;2;1;2;1
202000017293;154 711 825;7;0;2;4;2;1
202000017293;154 711 826;7;0;2;4;1;1
202000017294;154 711 821;7;0;2;1;1;1
202000017294;154 711 822;7;0;2;4;1;1
202000017294;154 711 823;7;0;2;4;1;1
202000017295;154 711 820;7;0;0;1;26;1
202000017296;154 711 816;7;0;2;1;2;1
202000017296;154 711 817;7;0;0;4;1;1
202000017296;154 711 818;7;0;2;1;2;1
202000017296;154 711 819;7;0;2;1;2;0
202000017297;154 711 812;7;4;0;1;2;0
202000017297;154 711 813;15;0;0;0;2;1
202000017297;154 711 814;7;4;0;1;2;1
202000017297;154 711 815;7;4;0;6;2;1
202000017298;154 711 808;7;0;2;1;1;1
202000017298;154 711 809;7;0;2;0;2;1
202000017298;154 711 810;7;0;2;0;2;1
202000017298;154 711 811;7;0;2;0;2;1
202000017299;154 711 806;7;0;2;5;1;1
202000017299;154 711 807;7;0;2;1;2;1
202000017300;154 711 805;14;3;0;1;13;1
202000017301;154 711 804;33;0;0;9;2;1
202000017302;154 711 802;7;0;2;8;9;1
202000017302;154 711 803;33;0;2;7;2;1
202000017303;154 711 800;7;0;0;4;2;1
202000017303;154 711 801;7;0;2;1;1;1
202000017304;154 711 798;15;0;2;2;1;1
202000017304;154 711 799;7;0;2;6;11;1
202000017305;154 711 796;7;0;2;5;1;1
202000017305;154 711 797;33;0;2;1;3;1
202000017306;154 711 794;7;1;0;4;1;1
202000017306;154 711 795;7;1;0;1;1;1
202000017307;154 711 793;7;0;0;9;21;1
202000017308;154 711 792;33;14;0;9;3;1
202000017309;154 711 790;31;0;2;8;3;1
202000017309;154 711 791;7;0;2;5;12;1
202000017310;154 711 788;7;0;2;6;9;4
202000017310;154 711 789;33;0;2;1;1;1
202000017311;154 711 787;33;0;9;1;21;1
202000017312;154 711 785;7;0;1;0;1;1
202000017313;154 711 782;7;0;2;1;1;1
202000017313;154 711 783;10;0;2;4;23;1
202000017313;154 711 784;7;0;2;4;23;1
202000017314;154 711 779;7;0;2;4;2;1
202000017314;154 711 780;7;0;2;4;2;1
202000017314;154 711 781;7;0;2;1;2;1
202000017315;154 711 777;7;0;2;1;9;1
202000017315;154 711 778;2;0;2;7;9;1
202000017316;154 711 776;7;0;1;5;16;1
202000017317;154 711 774;7;0;9;7;14;0
202000017317;154 711 775;50;0;2;8;1;3
202000017318;154 711 773;36;6;0;1;1;1
202000017319;154 711 771;7;16;2;2;2;1
202000017319;154 711 772;10;16;2;6;2;1
202000017320;154 711 770;7;6;0;3;5;0
202000017321;154 711 768;7;0;2;2;1;1
202000017321;154 711 769;7;13;2;9;1;1
202000017322;154 711 767;7;17;0;3;0;1
202000017323;154 711 765;7;0;2;2;2;1
202000017323;154 711 766;80;0;2;2;2;3
202000017324;154 711 763;10;2;0;7;26;1
202000017325;154 711 760;7;0;2;1;2;1
202000017325;154 711 761;7;0;2;4;23;1
202000017325;154 711 762;7;0;2;4;23;1
202000017326;154 711 758;7;0;2;2;10;1
202000017326;154 711 759;33;0;2;1;1;1
202000017327;154 711 757;7;2;0;2;1;1
202000017328;154 711 755;7;0;2;1;26;1
202000017328;154 711 756;7;0;2;8;6;0
202000017329;154 711 753;7;0;2;2;1;1
202000017329;154 711 754;7;0;2;3;16;1
202000017330;154 711 752;7;8;0;2;1;1
202000017331;154 711 750;7;0;2;1;1;1
202000017331;154 711 751;7;0;0;4;1;1
202000017332;154 711 748;7;0;2;4;2;1
202000017332;154 711 749;7;0;2;1;1;1
202000017333;154 711 745;7;4;2;2;14;1
202000017333;154 711 746;7;0;2;1;1;1
202000017333;154 711 747;7;0;2;7;1;1
202000017334;154 711 742;7;0;2;4;2;1
202000017334;154 711 743;7;0;2;4;2;1
202000017334;154 711 744;7;0;2;1;2;1
202000017335;154 711 740;7;0;2;4;1;1
202000017335;154 711 741;7;0;2;4;2;1
202000017336;154 711 739;7;4;0;1;13;0
202000017337;154 711 738;7;0;0;9;13;1
202000017338;154 711 736;7;0;2;2;1;1
202000017338;154 711 737;7;0;2;7;9;1
202000017339;154 711 734;7;0;2;1;2;1
202000017339;154 711 735;7;0;2;1;2;1
202000017340;154 711 733;33;15;0;1;14;1
202000017341;154 711 731;7;0;2;7;1;1
202000017341;154 711 732;7;0;2;1;15;1
202000017342;154 711 730;7;6;0;1;14;1
202000017343;154 711 728;7;0;2;5;9;1
202000017343;154 711 729;31;0;2;1;1;1
202000017344;154 711 726;7;0;2;6;13;1
202000017344;154 711 727;7;0;2;3;1;1