Num_Acc;id_vehicule;catv;obs;obsm;choc;manv;motor
202000017345;154 711 724;7;14;0;0;0;0
202000017345;154 711 725;31;0;2;7;17;0
202000017346;154 711 723;7;0;1;4;20;1
202000017347;154 711 721;34;0;2;1;19;1
202000017347;154 711 722;7;0;2;7;19;1
202000017348;154 711 720;33;4;0;7;17;1
202000017349;154 711 717;7;0;2;7;1;1
202000017349;154 711 718;7;0;2;2;9;1
202000017350;154 711 716;7;8;0;1;26;1
202000017351;154 711 715;7;0;1;1;1;0
202000017352;154 711 714;7;0;1;2;1;1
202000017353;154 711 713;7;0;1;1;1;1
202000017354;154 711 711;7;0;2;3;15;1
202000017354;154 711 712;7;0;2;2;17;1
202000017355;154 711 710;7;13;0;9;1;1
202000017356;154 711 708;7;0;2;0;1;1
202000017356;154 711 709;10;0;2;0;26;1
202000017357;154 711 706;7;0;2;7;1;1
202000017357;154 711 707;7;0;2;3;15;1
202000017358;154 711 704;7;0;2;3;1;1
202000017358;154 711 705;7;0;2;1;1;1
202000017359;154 711 702;7;0;2;1;19;1
202000017359;154 711 703;7;0;2;3;19;1
202000017360;154 711 699;99;0;1;3;19;3
202000017361;154 711 695;7;0;2;3;19;1
202000017361;154 711 696;1;0;2;2;1;5
202000017362;154 711 693;10;0;2;2;9;1
202000017362;154 711 694;33;0;0;1;15;1
202000017363;154 711 691;7;12;0;1;13;1
202000017363;154 711 692;7;14;0;1;26;1
202000017364;154 711 688;10;0;2;7;1;0
202000017364;154 711 689;10;1;2;9;1;0
202000017364;154 711 690;10;0;2;8;1;0
202000017365;154 711 686;33;1;2;2;1;1
202000017365;154 711 687;7;0;2;2;9;1
202000017366;154 711 684;1;0;2;3;13;5
202000017366;154 711 685;80;0;2;2;14;3
202000017367;154 711 682;7;0;2;1;1;1
202000017367;154 711 683;7;0;2;1;1;1
202000017368;154 711 680;2;0;2;1;1;1
202000017368;154 711 681;7;0;2;6;9;1
202000017369;154 711 678;7;0;2;1;2;1
202000017369;154 711 679;1;0;2;4;1;5
202000017370;154 711 675;7;0;2;1;1;1
202000017370;154 711 676;7;0;2;3;23;1
202000017370;154 711 677;7;0;2;7;1;1
202000017371;154 711 673;7;0;2;0;20;0
202000017371;154 711 674;50;0;2;0;0;3
202000017372;154 711 671;32;0;2;1;1;1
202000017372;154 711 672;7;0;2;7;15;1
202000017373;154 711 669;7;0;2;1;15;1
202000017373;154 711 670;7;0;2;3;19;1
202000017374;154 711 667;33;0;2;8;26;1
202000017374;154 711 668;7;0;2;1;15;1
202000017375;154 711 665;7;0;9;1;15;1
202000017375;154 711 666;1;0;2;1;13;5
202000017376;154 711 663;30;0;2;5;1;1
202000017376;154 711 664;7;0;2;1;9;1
202000017377;154 711 662;7;2;0;0;0;1
202000017378;154 711 660;10;0;2;1;9;1
202000017378;154 711 661;7;0;2;5;0;1
202000017379;154 711 658;7;0;2;0;0;1
202000017379;154 711 659;7;0;2;0;0;1
202000017380;154 711 657;7;0;1;1;17;1
202000017381;154 711 656;33;0;0;8;16;1
202000017382;154 711 655;10;13;0;1;1;1
202000017383;154 711 653;15;0;2;5;1;1
202000017383;154 711 654;33;0;2;3;9;1
202000017384;154 711 652;7;8;0;1;1;1
202000017385;154 711 651;7;0;1;7;1;1
202000017386;154 711 650;7;0;1;2;1;1
202000017387;154 711 648;7;0;2;3;16;1
202000017387;154 711 649;30;0;2;1;1;1
202000017388;154 711 646;7;0;2;7;16;0
202000017388;154 711 647;7;0;2;3;26;1
202000017389;154 711 645;7;8;0;1;1;1
202000017390;154 711 643;7;0;2;7;15;1
202000017390;154 711 644;7;0;2;1;1;1
202000017391;154 711 641;7;0;2;0;0;0
202000017391;154 711 642;7;0;0;0;0;1
202000017392;154 711 640;7;0;1;2;1;1
202000017393;154 711 638;7;0;2;8;1;1
202000017393;154 711 639;7;0;2;4;20;1
202000017394;154 711 636;7;0;0;1;1;1
202000017394;154 711 637;7;0;2;4;23;0
202000017395;154 711 634;7;0;0;1;2;0
202000017395;154 711 635;33;0;0;4;2;0
202000017396;154 711 633;2;0;0;0;16;1
202000017397;154 711 632;7;0;0;1;1;1
202000017398;154 711 630;7;0;2;1;1;1
202000017398;154 711 631;15;0;2;1;1;1
202000017399;154 711 627;1;0;2;1;19;5
202000017399;154 711 628;7;0;2;1;1;1
202000017399;154 711 629;7;0;2;2;1;1
202000017400;154 711 625;2;0;2;1;11;1
202000017400;154 711 626;7;0;2;2;9;1
202000017401;154 711 624;7;0;1;1;26;1
202000017402;154 711 622;7;0;2;1;5;1
202000017402;154 711 623;7;0;2;1;1;1
202000017403;154 711 620;99;0;2;1;1;0
202000017403;154 711 621;99;0;2;2;5;0
202000017404;154 711 619;7;5;0;1;1;1
202000017405;154 711 617;2;0;2;1;1;1
202000017405;154 711 618;7;0;2;6;2;1
202000017406;154 711 615;32;0;2;1;23;1
202000017406;154 711 616;10;0;2;4;4;1
202000017407;154 711 613;32;0;2;8;1;1
202000017407;154 711 614;7;0;2;1;15;1
202000017408;154 711 612;7;8;0;1;1;1
202000017409;154 711 610;7;0;2;5;1;1
202000017409;154 711 611;33;0;2;1;18;1
202000017410;154 711 608;34;0;2;1;3;1
202000017410;154 711 609;7;0;2;5;1;1
202000017411;154 711 606;7;0;2;0;1;1
202000017411;154 711 607;60;0;2;7;19;5
202000017412;154 711 605;50;0;1;1;1;3
202000017413;154 711 604;7;9;0;2;15;1
202000017414;154 711 602;7;0;2;8;15;1
202000017414;154 711 603;32;0;2;2;17;1
202000017415;154 711 601;1;0;0;0;1;5
202000017416;154 711 600;10;0;1;1;1;0
202000017417;154 711 599;43;0;1;2;1;1
202000017418;154 711 597;80;0;2;1;15;3
202000017418;154 711 598;7;0;2;3;1;1
202000017419;154 711 595;7;0;2;3;16;2
202000017419;154 711 596;32;0;2;4;1;1
202000017420;154 711 593;7;0;2;1;15;1
202000017420;154 711 594;1;0;2;1;1;5
202000017421;154 711 591;7;0;2;2;1;1
202000017421;154 711 592;1;0;2;1;19;5
202000017422;154 711 590;10;0;1;5;16;1
202000017423;154 711 588;7;0;2;2;16;1
202000017423;154 711 589;37;0;2;3;7;1
202000017424;154 711 586;30;0;2;3;1;1
202000017424;154 711 587;10;0;2;7;12;1
202000017425;154 711 585;10;0;1;4;20;1
202000017426;154 711 582;33;1;2;4;16;1
202000017426;154 711 583;7;14;2;1;1;1
202000017426;154 711 584;7;1;2;4;0;1
202000017427;154 711 580;7;0;2;1;1;1
202000017427;154 711 581;7;0;2;4;2;1
202000017428;154 711 579;7;0;1;0;1;0
202000017429;154 711 578;7;0;1;2;1;1
202000017430;154 711 576;7;0;9;7;22;1
202000017430;154 711 577;2;0;0;8;0;1
202000017431;154 711 575;30;0;1;1;14;1
202000017432;154 711 573;7;0;2;1;2;0
202000017432;154 711 574;15;0;2;4;2;1
202000017433;154 711 571;7;0;2;1;19;1
202000017433;154 711 572;7;0;2;1;2;1
202000017434;154 711 570;7;12;0;2;26;0
202000017435;154 711 568;1;0;2;8;26;5
202000017435;154 711 569;7;0;2;3;15;0
202000017436;154 711 566;7;0;2;2;20;1
202000017436;154 711 567;1;0;2;2;1;0
202000017437;154 711 565;7;0;1;1;1;1
202000017438;154 711 563;10;0;2;2;19;1
202000017438;154 711 564;7;0;2;3;19;1
202000017439;154 711 562;7;0;1;1;1;1
202000017440;154 711 560;33;0;1;1;17;1
202000017440;154 711 561;7;0;2;8;23;0
202000017441;154 711 559;34;0;1;7;25;1
202000017442;154 711 557;7;0;2;5;16;1
202000017442;154 711 558;1;0;2;1;2;5
202000017443;154 711 555;7;0;2;2;17;1
202000017443;154 711 556;7;0;2;3;1;1
202000017444;154 711 553;7;0;2;1;15;1
202000017444;154 711 554;33;0;0;7;1;1
202000017445;154 711 551;7;0;2;7;17;1
202000017445;154 711 552;2;0;2;8;1;1
202000017446;154 711 549;17;0;2;6;1;1
202000017446;154 711 550;7;3;2;2;17;1
202000017447;154 711 548;7;0;1;2;15;6
202000017448;154 711 547;7;13;0;3;13;1
202000017449;154 711 546;35;0;0;0;13;0
202000017450;154 711 544;7;0;2;2;0;1
202000017450;154 711 545;7;0;2;2;0;1
202000017451;154 711 542;7;0;2;6;1;1
202000017451;154 711 543;7;0;2;6;1;1
202000017452;154 711 541;7;0;1;1;1;1
202000017453;154 711 538;7;0;2;2;2;1
202000017453;154 711 539;1;0;2;4;2;5
202000017453;154 711 540;1;0;2;4;2;5
202000017454;154 711 535;7;0;2;2;1;1
202000017454;154 711 536;7;0;2;3;1;1
202000017454;154 711 537;10;0;0;6;15;1
202000017455;154 711 533;7;0;2;1;15;1
202000017455;154 711 534;7;8;2;2;1;1
202000017456;154 711 531;7;6;2;5;1;1
202000017456;154 711 532;7;0;2;2;19;1
202000017457;154 711 530;7;8;0;1;0;1
202000017458;154 711 528;2;0;2;1;2;1
202000017458;154 711 529;10;0;2;4;4;1
202000017459;154 711 527;7;2;0;0;1;1
202000017460;154 711 526;7;13;0;1;1;1
202000017461;154 711 525;33;13;0;1;17;1
202000017462;154 711 521;1;0;2;8;16;5
202000017462;154 711 522;7;0;2;1;1;1
202000017463;154 711 520;7;13;0;2;21;1
202000017464;154 711 517;7;0;2;1;15;1
202000017464;154 711 518;1;0;2;1;1;5
202000017465;154 711 513;1;0;2;1;1;5
202000017465;154 711 514;1;0;2;1;1;5
202000017465;154 711 515;7;0;2;1;13;1
202000017466;154 711 511;10;0;2;2;19;1
202000017466;154 711 512;33;0;2;7;1;1
202000017467;154 711 509;7;0;0;0;19;1
202000017467;154 711 510;30;0;9;1;0;1
202000017468;154 711 507;7;0;2;1;1;1
202000017468;154 711 508;7;0;2;1;17;1
202000017469;154 711 506;7;2;0;1;19;1
202000017470;154 711 504;7;0;2;3;1;1
202000017470;154 711 505;33;0;2;1;13;1
202000017471;154 711 503;7;13;0;1;14;1
202000017472;154 711 501;2;0;0;1;1;0
202000017472;154 711 502;7;0;0;3;1;0
202000017473;154 711 500;7;6;0;2;1;1
202000017474;154 711 499;10;2;0;8;2;1
202000017475;154 711 494;7;0;2;1;13;1
202000017475;154 711 495;7;0;2;1;1;1
202000017475;154 711 496;15;0;2;6;2;1
202000017475;154 711 497;31;1;0;1;2;1
202000017475;154 711 498;7;0;2;3;1;1
202000017476;154 711 492;7;0;2;2;15;1
202000017476;154 711 493;2;0;2;1;1;1
202000017477;154 711 486;17;0;0;6;1;6
202000017477;154 711 487;10;0;2;2;12;6
202000017478;154 711 485;2;0;0;9;1;1
202000017479;154 711 483;7;0;2;1;1;1
202000017479;154 711 484;7;0;2;1;17;1
202000017480;154 711 482;2;12;0;7;0;0
202000017481;154 711 480;7;0;2;3;15;6
202000017481;154 711 481;2;0;2;1;1;1
202000017482;154 711 479;7;2;0;6;1;1
202000017483;154 711 478;1;0;0;0;1;0
202000017484;154 711 477;7;0;0;9;26;1
202000017485;154 711 476;7;0;1;3;1;1
202000017486;154 711 475;7;0;1;1;1;1
202000017487;154 711 474;7;2;0;8;1;0
202000017488;154 711 473;7;16;0;9;1;1
202000017489;154 711 472;7;8;0;2;1;1
202000017490;154 711 469;33;0;2;1;1;1
202000017490;154 711 470;7;0;2;3;1;1
202000017490;154 711 471;7;0;2;3;21;1
202000017491;154 711 467;7;0;2;7;1;1
202000017491;154 711 468;7;0;2;3;11;1
202000017492;154 711 465;32;0;2;4;1;1
202000017492;154 711 466;10;0;2;1;2;1
202000017493;154 711 463;10;0;2;5;1;1
202000017493;154 711 464;33;0;2;1;3;1
202000017494;154 711 461;7;0;2;1;1;1
202000017494;154 711 462;7;0;2;4;1;1
202000017495;154 711 458;7;0;2;4;2;1
202000017495;154 711 459;7;0;2;1;2;1
202000017495;154 711 460;10;0;2;4;2;1
202000017496;154 711 456;7;0;2;1;1;1
202000017496;154 711 457;7;0;2;4;2;1
202000017497;154 711 453;7;3;2;4;1;1
202000017497;154 711 454;10;0;2;1;2;1
202000017497;154 711 455;10;0;2;5;2;1
202000017498;154 711 452;7;4;0;2;14;1
202000017499;154 711 450;7;0;2;8;1;1
202000017499;154 711 451;17;0;2;2;14;1
202000017500;154 711 447;10;0;2;4;2;1
202000017500;154 711 448;7;0;2;4;2;1
202000017500;154 711 449;10;0;2;1;2;1
202000017501;154 711 445;7;4;2;6;1;1
202000017501;154 711 446;7;0;2;2;1;1
202000017502;154 711 442;7;0;2;4;1;1
202000017502;154 711 443;7;0;2;4;1;1
202000017502;154 711 444;7;0;2;1;1;1
202000017503;154 711 441;7;0;1;1;1;1
202000017504;154 711 440;31;0;0;8;26;1
202000017505;154 711 438;40;0;9;2;1;3
202000017505;154 711 439;50;8;-1;7;19;3
202000017506;154 711 437;1;0;1;0;0;5
202000017507;154 711 435;7;0;2;4;23;1
202000017507;154 711 436;7;0;2;1;1;1
202000017508;154 711 433;7;0;2;1;1;1
202000017508;154 711 434;7;0;2;5;15;1
202000017509;154 711 432;17;6;1;1;1;1
202000017510;154 711 431;7;2;0;1;26;0
202000017511;154 711 429;31;0;2;8;16;1
202000017511;154 711 430;30;0;2;7;2;1
202000017512;154 711 428;7;4;0;1;1;1
202000017513;154 711 426;1;0;2;6;19;5
202000017513;154 711 427;7;0;2;4;16;1
202000017514;154 711 424;7;0;0;3;9;1
202000017514;154 711 425;34;0;2;2;21;1
202000017515;154 711 422;7;0;2;2;1;1
202000017515;154 711 423;60;0;2;8;1;5
202000017516;154 711 421;33;0;0;7;15;1
202000017517;154 711 420;7;1;0;1;13;1
202000017518;154 711 419;7;15;0;4;4;1
202000017519;154 711 418;7;6;0;1;26;1
202000017520;154 711 417;7;0;1;0;0;0
202000017521;154 711 415;7;0;2;0;0;1
202000017521;154 711 416;7;0;2;0;16;0
202000017522;154 711 412;37;0;0;4;1;1
202000017522;154 711 413;7;0;2;4;1;1
202000017522;154 711 414;7;0;2;1;1;1
202000017523;154 711 410;7;0;2;2;1;0
202000017523;154 711 411;7;0;2;1;1;0
202000017524;154 711 408;7;0;2;1;9;1
202000017524;154 711 409;7;0;2;4;9;1
202000017525;154 711 405;7;0;2;2;15;1
202000017525;154 711 406;32;0;2;1;18;1
202000017525;154 711 407;7;0;2;4;0;1
202000017526;154 711 403;33;0;2;1;1;1
202000017526;154 711 404;10;0;2;4;1;1
202000017527;154 711 401;7;0;2;3;15;1
202000017527;154 711 402;7;0;2;3;1;1
202000017528;154 711 400;7;0;1;1;15;1
202000017529;154 711 398;7;0;2;4;2;1
202000017529;154 711 399;7;0;2;1;2;1
202000017530;154 711 396;7;0;2;2;1;1
202000017530;154 711 397;60;0;2;0;9;5
202000017531;154 711 394;7;0;2;1;2;1
202000017531;154 711 395;7;0;2;4;2;1
202000017532;154 711 392;7;0;2;2;1;1
202000017532;154 711 393;7;1;2;0;9;1
202000017533;154 711 390;7;0;2;0;15;1
202000017533;154 711 391;30;0;2;1;1;1
202000017534;154 711 389;1;12;0;1;14;5
202000017535;154 711 387;7;0;2;1;1;1
202000017535;154 711 388;10;0;2;4;23;1
202000017536;154 711 385;7;0;2;7;1;1
202000017536;154 711 386;32;0;2;1;1;1
202000017537;154 711 384;32;0;1;1;1;1
202000017538;154 711 382;30;0;2;7;17;1
202000017538;154 711 383;7;0;2;8;13;1
202000017539;154 711 380;7;0;2;2;1;1
202000017539;154 711 381;43;0;2;8;3;1
202000017540;154 711 379;1;14;0;1;13;5
202000017541;154 711 377;10;0;2;2;26;1
202000017541;154 711 378;34;0;2;1;1;1
202000017542;154 711 376;13;0;1;2;21;1
202000017543;154 711 374;7;0;2;1;1;0
202000017543;154 711 375;7;0;2;4;1;0
202000017544;154 711 372;10;0;2;2;1;1
202000017544;154 711 373;7;0;2;4;15;1
202000017545;154 711 370;20;0;2;1;2;0
202000017545;154 711 371;20;0;2;0;0;0
202000017546;154 711 367;7;1;0;3;0;1
202000017546;154 711 368;7;0;0;4;0;1
202000017546;154 711 369;7;0;2;1;13;1
202000017547;154 711 365;34;0;2;1;19;1
202000017547;154 711 366;7;0;9;3;15;1
202000017548;154 711 364;30;0;0;5;26;1
202000017549;154 711 363;50;0;1;4;25;3
202000017550;154 711 361;10;0;2;3;18;0
202000017550;154 711 362;34;0;0;0;0;0
202000017551;154 711 360;30;0;0;7;8;1
202000017552;154 711 358;7;0;2;3;20;1
202000017552;154 711 359;99;1;2;3;2;3
202000017553;154 711 356;7;0;0;6;1;1
202000017553;154 711 357;7;0;2;8;9;1
202000017554;154 711 354;99;0;0;6;23;6
202000017554;154 711 355;7;0;2;2;17;1
202000017555;154 711 353;7;0;1;6;4;1
202000017556;154 711 351;7;0;2;1;13;1
202000017556;154 711 352;7;0;2;1;1;1
202000017557;154 711 349;10;4;2;9;17;1
202000017557;154 711 350;17;0;2;8;1;1
202000017558;154 711 347;7;0;2;1;1;1
202000017558;154 711 348;7;13;2;2;13;1
202000017559;154 711 345;7;0;2;5;14;1
202000017559;154 711 346;7;0;2;3;1;1
202000017560;154 711 343;7;0;2;4;2;1
202000017560;154 711 344;2;0;2;1;2;1
202000017561;154 711 342;7;0;0;1;1;1
202000017562;154 711 340;7;0;2;1;2;1
202000017562;154 711 341;10;0;0;4;2;1
202000017563;154 711 338;32;0;0;4;1;1
202000017563;154 711 339;7;0;2;1;1;1
202000017564;154 711 335;10;0;2;1;1;1
202000017564;154 711 336;10;0;2;3;1;1
202000017564;154 711 337;15;3;2;1;0;1
202000017565;154 711 334;17;13;0;2;1;1
202000017566;154 711 332;7;0;0;4;2;1
202000017566;154 711 333;7;0;2;1;2;1
202000017567;154 711 326;33;0;2;1;1;1
202000017567;154 711 327;7;0;2;7;19;1
202000017568;154 711 324;7;0;2;8;9;1
202000017568;154 711 325;2;0;2;1;1;1
202000017569;154 711 323;2;13;0;1;14;1
202000017570;154 711 321;32;0;2;1;1;1
202000017570;154 711 322;7;0;2;3;15;1
202000017571;154 711 319;7;0;2;3;1;1
202000017571;154 711 320;2;0;2;3;1;1
202000017572;154 711 317;33;0;2;1;1;1
202000017572;154 711 318;10;0;2;6;15;1
202000017573;154 711 316;33;13;0;1;13;1
202000017574;154 711 314;7;0;2;1;1;1
202000017574;154 711 315;7;0;2;1;13;1
202000017575;154 711 313;2;1;0;1;1;0
202000017576;154 711 312;2;13;0;1;1;1
202000017577;154 711 310;1;0;2;1;1;5
202000017577;154 711 311;7;0;2;3;1;1
202000017578;154 711 307;7;0;2;3;23;1
202000017578;154 711 308;7;0;2;2;1;1
202000017578;154 711 309;7;0;2;7;15;1
202000017579;154 711 305;31;0;2;1;16;1
202000017579;154 711 306;7;0;2;3;15;1
202000017580;154 711 303;7;0;0;8;16;1
202000017580;154 711 304;7;0;2;1;1;1
202000017581;154 711 302;1;3;0;3;1;5
202000017582;154 711 299;7;0;2;1;13;1
202000017582;154 711 300;7;0;2;1;1;1
202000017582;154 711 301;7;0;2;8;1;1
202000017583;154 711 295;7;0;2;3;1;1
202000017583;154 711 296;7;0;2;3;1;1
202000017584;154 711 293;7;8;0;1;1;1
202000017585;154 711 290;7;1;0;3;15;1
202000017585;154 711 291;37;0;2;2;13;1
202000017585;154 711 292;7;0;0;4;26;1
202000017586;154 711 288;7;0;2;1;13;1
202000017586;154 711 289;7;0;2;1;1;1
202000017587;154 711 286;7;0;2;3;13;1
202000017587;154 711 287;7;0;2;3;1;1
202000017588;154 711 284;7;0;2;2;5;1
202000017588;154 711 285;2;0;2;7;1;1
202000017589;154 711 282;2;0;2;3;13;1
202000017589;154 711 283;7;0;2;3;1;1
202000017590;154 711 280;30;0;2;1;15;1
202000017590;154 711 281;7;0;2;3;1;1
202000017591;154 711 279;7;8;0;2;14;1
202000017592;154 711 277;7;0;2;8;9;6
202000017592;154 711 278;7;0;2;1;1;6
202000017593;154 711 276;33;0;6;1;0;1
202000017594;154 711 275;7;0;0;9;1;1
202000017595;154 711 271;7;0;2;7;1;0
202000017595;154 711 272;7;0;2;3;2;0
202000017595;154 711 273;7;0;2;5;13;0
202000017595;154 711 274;7;0;0;0;1;0
202000017596;154 711 270;7;13;0;0;0;1
202000017597;154 711 268;7;0;2;7;15;1
202000017597;154 711 269;0;0;2;0;1;0
202000017598;154 711 267;7;2;0;5;1;1
202000017599;154 711 264;7;13;0;0;1;1
202000017600;154 711 261;15;0;2;8;1;1
202000017600;154 711 263;7;4;2;1;17;1
202000017601;154 711 260;1;0;2;4;2;5
202000017601;154 711 262;7;0;2;2;2;1
202000017602;154 711 257;7;0;2;7;3;0
202000017602;154 711 258;7;0;2;1;1;0
202000017602;154 711 259;13;0;2;2;1;0
202000017603;154 711 255;2;12;0;2;0;1
202000017604;154 711 254;7;3;2;1;13;2
202000017604;154 711 256;7;0;2;5;1;1
202000017605;154 711 253;33;12;0;2;1;1
202000017606;154 711 251;7;15;0;1;13;1
202000017607;154 711 250;7;0;2;1;1;1
202000017607;154 711 252;7;0;2;4;2;1
202000017608;154 711 249;7;0;1;2;16;1
202000017609;154 711 247;7;0;2;1;2;1
202000017609;154 711 248;1;0;2;4;2;5
202000017610;154 711 245;1;0;0;8;1;5
202000017610;154 711 246;7;0;2;7;2;1
202000017611;154 711 244;7;5;0;1;26;1
202000017612;154 711 241;10;4;0;1;13;1
202000017613;154 711 240;7;0;1;2;1;1
202000017614;154 711 242;10;0;2;1;1;1
202000017614;154 711 243;7;0;2;1;13;1
202000017615;154 711 238;7;0;2;1;15;1
202000017615;154 711 239;33;0;2;2;1;1
202000017616;154 711 236;31;0;2;1;17;1
202000017616;154 711 237;10;0;2;3;20;1
202000017617;154 711 233;7;0;2;3;9;0
202000017617;154 711 235;7;0;2;7;1;1
202000017618;154 711 231;7;0;9;7;10;1
202000017618;154 711 232;1;0;2;1;1;5
202000017618;154 711 234;1;0;2;1;1;5
202000017619;154 711 229;7;0;2;7;13;1
202000017619;154 711 230;7;3;2;2;13;1
202000017620;154 711 227;7;0;9;1;1;0
202000017620;154 711 228;1;0;2;2;5;0
202000017621;154 711 226;7;2;0;7;13;1
202000017622;154 711 224;7;0;2;1;1;0
202000017622;154 711 225;7;0;2;7;15;0
202000017623;154 711 221;7;0;2;8;15;0
202000017623;154 711 223;31;0;2;1;13;0
202000017624;154 711 220;99;0;2;1;1;3
202000017624;154 711 222;7;0;9;3;1;1
202000017625;154 711 216;7;0;2;0;0;1
202000017625;154 711 218;7;0;2;4;1;1
202000017625;154 711 219;7;0;2;4;1;1
202000017626;154 711 215;7;0;2;1;1;1
202000017626;154 711 217;7;0;2;4;1;1
202000017627;154 711 213;7;0;2;0;0;1
202000017627;154 711 214;7;0;2;1;2;1
202000017628;154 711 211;7;0;2;2;26;1
202000017628;154 711 212;30;0;2;4;0;1
202000017629;154 711 209;15;0;2;2;1;1
202000017629;154 711 210;7;4;2;6;1;1
202000017630;154 711 207;99;0;2;2;1;1
202000017630;154 711 208;1;0;2;2;19;5
202000017631;154 711 204;7;0;2;1;26;1
202000017631;154 711 205;1;0;2;6;26;5
202000017632;154 711 206;33;0;0;5;1;1
202000017633;154 711 203;30;9;0;1;1;1
202000017634;154 711 202;7;0;5;1;21;1
202000017635;154 711 199;7;0;9;3;1;1
202000017635;154 711 201;1;12;2;1;1;5
202000017636;154 711 200;7;3;0;2;14;1
202000017637;154 711 195;10;0;2;2;15;1
202000017637;154 711 197;33;0;2;1;1;1
202000017638;154 711 196;15;0;2;2;12;1
202000017638;154 711 198;7;0;2;6;1;1
202000017639;154 711 193;33;0;2;7;2;1
202000017639;154 711 194;7;0;2;6;2;1
202000017640;154 711 192;7;0;1;1;1;1
202000017641;154 711 189;33;0;2;4;2;1
202000017641;154 711 191;7;0;2;1;2;1
202000017642;154 711 183;7;0;2;4;26;1
202000017642;154 711 185;7;0;2;4;21;1
202000017642;154 711 187;7;0;2;4;26;1
202000017642;154 711 188;7;0;2;1;21;1
202000017642;154 711 190;7;0;2;4;21;1
202000017643;154 711 184;10;0;2;5;1;1
202000017643;154 711 186;1;0;2;5;1;5
202000017644;154 711 180;7;0;9;8;15;1
202000017644;154 711 182;31;0;2;1;1;1
202000017645;154 711 179;7;0;2;6;19;1
202000017645;154 711 181;33;1;2;1;1;1
202000017646;154 711 177;0;0;9;7;16;0
202000017646;154 711 178;2;0;2;1;1;1
202000017647;154 711 176;7;0;1;2;2;3
202000017648;154 711 174;34;0;9;0;26;1
202000017648;154 711 175;30;0;9;0;0;1
202000017649;154 711 170;7;0;2;2;12;1
202000017649;154 711 171;7;0;2;3;1;1
202000017650;154 711 167;1;0;2;1;1;5
202000017650;154 711 169;7;0;2;8;1;1
202000017651;154 711 164;1;0;1;1;5;5
202000017652;154 711 165;7;0;2;1;1;1
202000017652;154 711 166;7;0;2;1;1;1
202000017653;154 711 163;7;0;0;9;14;1
202000017654;154 711 161;7;12;0;1;26;1
202000017655;154 711 160;30;0;2;8;1;1
202000017655;154 711 162;7;0;2;2;16;1
202000017656;154 711 158;7;0;2;1;15;1
202000017656;154 711 159;33;0;2;8;1;1
202000017657;154 711 157;10;0;1;0;1;1
202000017658;154 711 154;30;0;0;8;1;1
202000017659;154 711 153;7;0;2;1;17;1
202000017659;154 711 155;7;0;2;1;1;0
202000017659;154 711 156;7;0;2;3;1;1
202000017660;154 711 150;7;0;2;1;1;1
202000017660;154 711 152;7;0;2;8;1;1
202000017661;154 711 149;7;0;2;1;1;0
202000017661;154 711 151;7;0;0;0;0;0
202000017662;154 711 147;7;0;1;8;0;1
202000017663;154 711 146;7;0;2;1;26;1
202000017663;154 711 148;2;0;2;1;26;1
202000017664;154 711 145;7;0;1;1;1;1
202000017665;154 711 144;7;0;1;2;1;1
202000017666;154 711 142;7;0;1;0;0;1
202000017667;154 711 141;7;0;2;8;1;1
202000017667;154 711 143;7;0;2;3;1;1
202000017668;154 711 138;7;0;2;2;17;1
202000017668;154 711 140;80;0;2;8;1;3
202000017669;154 711 137;37;0;0;7;1;1
202000017669;154 711 139;1;0;2;7;9;5
202000017670;154 711 134;7;0;2;4;2;1
202000017670;154 711 135;7;0;2;4;2;1
202000017670;154 711 136;7;0;2;1;2;1
202000017671;154 711 132;7;0;2;1;1;1
202000017671;154 711 133;7;0;2;4;1;1
202000017672;154 711 130;7;0;2;0;1;0
202000017672;154 711 131;34;0;2;8;1;1
202000017673;154 711 128;7;14;0;0;16;1
202000017673;154 711 129;7;15;0;0;15;1
202000017674;154 711 126;7;0;2;1;2;1
202000017674;154 711 127;10;0;2;4;2;1
202000017675;154 711 123;7;0;1;3;1;1
202000017676;154 711 124;7;0;0;0;1;1
202000017676;154 711 125;7;0;1;1;1;1
202000017677;154 711 120;7;0;2;3;1;1
202000017677;154 711 122;7;0;2;1;1;1
202000017678;154 711 119;7;0;2;3;9;1
202000017678;154 711 121;1;0;2;7;1;5
202000017679;154 711 115;7;0;2;1;2;0
202000017679;154 711 117;7;0;2;4;2;0
202000017680;154 711 116;33;0;2;4;2;1
202000017680;154 711 118;7;0;2;1;2;1
202000017681;154 711 112;99;0;2;3;19;1
202000017681;154 711 114;99;8;2;1;1;1
202000017682;154 711 111;7;0;1;1;15;1
202000017683;154 711 109;7;0;1;3;1;2
202000017684;154 711 110;3;0;2;7;0;1
202000017684;154 711 113;7;0;2;1;1;1
202000017685;154 711 108;3;0;1;2;1;1
202000017686;154 711 106;7;0;2;1;1;1
202000017686;154 711 107;7;0;2;0;23;1
202000017687;154 711 104;7;0;2;1;1;1
202000017687;154 711 105;7;0;1;1;1;1
202000017688;154 711 101;7;0;9;3;1;1
202000017688;154 711 103;1;0;2;1;19;5
202000017689;154 711 100;1;0;2;0;1;5
202000017689;154 711 102;7;0;2;0;0;1
202000017690;154 711 098;7;14;0;1;1;1