Num_Acc;id_vehicule;catv;obs;obsm;choc;manv;motor
202000017691;154 711 099;34;12;0;1;14;1
202000017692;154 711 097;80;14;0;1;9;3
202000017693;154 711 096;32;0;0;8;26;1
202000017694;154 711 093;7;0;2;4;23;1
202000017694;154 711 094;7;0;2;4;23;1
202000017694;154 711 095;10;0;2;1;9;1
202000017695;154 711 092;32;0;0;8;17;1
202000017696;154 711 090;7;0;2;1;2;1
202000017696;154 711 091;7;0;2;8;13;1
202000017697;154 711 087;7;0;2;1;1;1
202000017697;154 711 089;35;0;2;4;1;1
202000017698;154 711 086;1;0;2;1;2;5
202000017698;154 711 088;99;0;2;3;22;1
202000017699;154 711 084;1;0;2;1;1;5
202000017699;154 711 085;7;0;2;1;15;1
202000017700;154 711 079;2;0;2;7;1;1
202000017700;154 711 081;7;0;2;6;19;1
202000017701;154 711 080;33;0;2;1;1;1
202000017701;154 711 082;7;0;2;1;15;1
202000017702;154 711 077;7;0;2;8;10;0
202000017702;154 711 078;31;0;0;0;0;0
202000017703;154 711 074;7;0;2;3;1;1
202000017703;154 711 076;10;0;2;3;13;1
202000017704;154 711 073;10;0;2;3;16;1
202000017704;154 711 075;1;0;2;2;1;5
202000017705;154 711 072;7;0;2;1;14;1
202000017706;154 711 071;40;0;1;1;1;3
202000017707;154 711 069;7;0;2;7;1;1
202000017707;154 711 070;30;0;2;8;1;1
202000017708;154 711 066;40;0;2;1;1;3
202000017708;154 711 067;1;0;4;1;1;5
202000017709;154 711 068;7;4;0;1;0;1
202000017710;154 711 064;1;0;2;8;11;5
202000017710;154 711 065;31;0;2;1;1;1
202000017711;154 711 062;7;0;2;3;21;1
202000017711;154 711 063;7;0;2;1;13;1
202000017712;154 711 061;7;1;0;1;1;1
202000017713;154 711 059;7;0;1;1;1;1
202000017714;154 711 058;7;0;2;2;16;1
202000017714;154 711 060;31;0;2;1;1;1
202000017715;154 711 056;7;13;0;9;0;1
202000017715;154 711 057;7;0;2;1;2;1
202000017716;154 711 055;7;0;0;9;1;1
202000017717;154 711 053;1;0;2;8;1;5
202000017717;154 711 054;7;0;2;2;16;1
202000017718;154 711 052;2;0;1;1;1;1
202000017719;154 711 050;32;11;0;1;1;1
202000017720;154 711 049;7;0;0;4;1;3
202000017720;154 711 051;31;0;2;1;1;1
202000017721;154 711 046;33;0;0;0;0;0
202000017721;154 711 048;7;0;2;8;17;1
202000017722;154 711 045;7;0;2;3;15;1
202000017722;154 711 047;7;0;2;1;1;1
202000017723;154 711 042;50;0;2;0;0;3
202000017723;154 711 044;7;0;2;1;9;1
202000017724;154 711 041;33;0;0;4;1;1
202000017724;154 711 043;7;0;2;1;2;1
202000017725;154 711 038;1;0;2;1;1;0
202000017725;154 711 040;7;0;9;3;15;1
202000017726;154 711 033;7;0;2;8;1;1
202000017726;154 711 034;7;0;2;0;1;1
202000017727;154 711 030;7;0;2;0;0;0
202000017727;154 711 031;7;0;2;8;2;1
202000017728;154 711 032;10;0;2;8;9;6
202000017728;154 711 035;1;0;2;7;1;0
202000017729;154 711 028;33;3;0;1;0;1
202000017730;154 711 027;7;0;2;2;26;1
202000017730;154 711 029;7;0;2;6;26;1
202000017731;154 711 026;7;3;0;1;15;1
202000017732;154 711 025;37;0;1;3;19;1
202000017733;154 711 023;7;8;0;1;2;1
202000017734;154 711 022;7;0;2;8;9;1
202000017734;154 711 024;30;0;2;0;1;0
202000017735;154 711 020;32;0;2;1;1;1
202000017735;154 711 021;7;0;2;3;10;1
202000017736;154 711 018;3;0;1;5;1;0
202000017737;154 711 017;7;0;2;4;0;1
202000017737;154 711 019;7;0;2;1;26;1
202000017738;154 711 015;7;0;2;6;4;1
202000017738;154 711 016;31;0;2;1;2;1
202000017739;154 711 014;80;0;0;0;1;3
202000017740;154 711 010;7;0;2;4;1;0
202000017740;154 711 012;7;0;2;9;1;1
202000017740;154 711 013;10;0;2;1;1;1
202000017741;154 711 009;7;0;2;4;1;1
202000017741;154 711 011;31;0;2;1;26;1
202000017742;154 711 007;7;0;2;2;13;1
202000017742;154 711 008;7;0;2;2;1;1
202000017743;154 711 004;10;0;1;1;2;1
202000017743;154 711 005;7;0;2;1;2;1
202000017744;154 711 001;7;0;2;1;1;0
202000017744;154 711 003;7;0;2;1;13;0
202000017745;154 711 000;17;0;2;6;1;1
202000017745;154 711 002;33;0;2;1;2;1
202000017746;154 710 998;1;0;2;8;0;5
202000017746;154 710 999;7;0;2;7;16;1
202000017747;154 710 992;7;0;2;2;26;0
202000017747;154 710 995;7;16;2;6;15;1
202000017748;154 710 991;10;0;2;1;2;6
202000017748;154 710 993;7;0;2;4;9;1
202000017748;154 710 994;32;0;2;1;2;1
202000017748;154 710 996;10;0;2;1;2;1
202000017748;154 710 997;7;0;2;1;2;1
202000017749;154 710 988;32;0;2;8;3;1
202000017749;154 710 990;7;0;2;7;12;1
202000017750;154 710 987;7;0;0;0;0;0
202000017750;154 710 989;2;0;2;0;21;0
202000017751;154 710 984;7;0;2;3;15;1
202000017751;154 710 985;31;0;2;1;21;1
202000017752;154 710 986;7;4;0;3;1;1
202000017753;154 710 982;30;0;2;1;2;1
202000017753;154 710 983;7;0;2;0;15;1
202000017754;154 710 981;7;12;1;1;14;3
202000017755;154 710 980;1;0;1;0;21;5
202000017756;154 710 979;7;0;1;6;1;1
202000017757;154 710 977;7;0;2;2;10;1
202000017757;154 710 978;1;0;2;8;1;5
202000017758;154 710 975;7;0;2;1;12;1
202000017758;154 710 976;7;0;2;3;1;1
202000017759;154 710 974;7;0;1;3;1;1
202000017760;154 710 972;1;0;2;1;1;5
202000017760;154 710 973;1;0;2;6;1;5
202000017761;154 710 970;7;0;2;1;2;1
202000017761;154 710 971;7;0;2;3;1;1
202000017762;154 710 969;7;8;0;3;13;1
202000017763;154 710 968;10;0;1;1;1;1
202000017764;154 710 965;7;0;2;3;0;2
202000017764;154 710 966;33;0;2;0;0;1
202000017765;154 710 964;30;0;2;1;11;1
202000017765;154 710 967;7;0;2;2;15;1
202000017766;154 710 962;1;0;0;0;1;5
202000017767;154 710 961;7;0;2;4;1;1
202000017767;154 710 963;7;0;2;3;2;1
202000017768;154 710 957;7;0;2;4;2;1
202000017768;154 710 958;7;0;2;6;23;1
202000017768;154 710 959;7;0;2;1;2;1
202000017769;154 710 956;7;0;2;2;15;1
202000017769;154 710 960;33;0;2;1;8;1
202000017770;154 710 954;30;0;2;1;1;3
202000017770;154 710 955;7;0;2;3;1;1
202000017771;154 710 950;7;0;2;5;1;1
202000017771;154 710 952;34;0;2;1;1;1
202000017772;154 710 951;32;0;2;8;1;1
202000017772;154 710 953;7;0;2;2;15;1
202000017773;154 710 947;7;0;2;6;11;1
202000017773;154 710 949;33;0;2;1;1;1
202000017774;154 710 946;50;0;2;1;1;3
202000017774;154 710 948;50;0;2;4;17;3
202000017775;154 710 943;7;0;2;3;9;1
202000017775;154 710 944;33;0;2;1;1;1
202000017776;154 710 942;32;0;2;6;18;1
202000017776;154 710 945;7;0;2;2;1;1
202000017777;154 710 941;7;0;1;1;1;1
202000017778;154 710 939;7;0;2;3;15;1
202000017778;154 710 940;7;0;2;2;1;1
202000017779;154 710 937;30;0;2;1;1;1
202000017779;154 710 938;7;0;2;8;15;1
202000017780;154 710 935;50;0;2;8;15;3
202000017780;154 710 936;1;0;2;1;1;5
202000017781;154 710 934;1;0;0;0;15;5
202000017782;154 710 932;1;0;0;1;1;5
202000017783;154 710 933;34;0;1;1;17;1
202000017784;154 710 930;30;0;2;8;1;0
202000017784;154 710 931;10;0;2;2;16;0
202000017785;154 710 928;1;0;2;1;1;5
202000017785;154 710 929;10;0;2;8;22;1
202000017786;154 710 927;99;0;1;1;15;1
202000017787;154 710 926;7;5;1;3;16;1
202000017788;154 710 925;7;0;1;1;1;0
202000017789;154 710 924;0;0;1;4;20;0
202000017790;154 710 922;2;0;2;1;1;1
202000017790;154 710 923;7;0;2;2;1;1
202000017791;154 710 919;2;0;2;1;1;1
202000017791;154 710 921;7;0;2;3;15;1
202000017792;154 710 918;60;0;2;3;19;5
202000017792;154 710 920;7;0;2;8;15;1
202000017793;154 710 915;14;0;2;6;0;1
202000017793;154 710 917;7;14;0;2;11;1
202000017794;154 710 914;7;0;0;0;9;1
202000017794;154 710 916;1;8;0;2;21;0
202000017795;154 710 913;7;0;0;1;1;1
202000017796;154 710 912;7;0;1;4;26;0
202000017797;154 710 910;7;0;1;0;1;0
202000017798;154 710 909;50;0;2;1;5;3
202000017798;154 710 911;33;0;2;2;2;1
202000017799;154 710 908;60;0;0;0;19;5
202000017800;154 710 907;7;0;1;1;19;0
202000017801;154 710 905;7;0;2;4;23;1
202000017801;154 710 906;7;0;2;3;2;1
202000017802;154 710 903;33;0;2;1;19;1
202000017802;154 710 904;7;0;2;2;19;1
202000017803;154 710 901;7;15;2;8;0;0
202000017803;154 710 902;30;0;2;1;19;0
202000017804;154 710 900;32;0;1;1;17;1
202000017805;154 710 898;7;0;2;3;15;1
202000017805;154 710 899;32;0;2;1;5;1
202000017806;154 710 896;20;0;2;5;10;1
202000017806;154 710 897;31;0;2;1;1;1
202000017807;154 710 894;33;0;0;3;2;1
202000017807;154 710 895;7;0;2;5;9;0
202000017808;154 710 892;10;0;2;5;14;0
202000017808;154 710 893;50;0;2;8;1;3
202000017809;154 710 891;7;0;0;9;13;0
202000017810;154 710 890;80;0;0;0;1;3
202000017811;154 710 889;1;0;0;1;25;5
202000017812;154 710 887;60;0;2;0;0;5
202000017812;154 710 888;10;0;2;7;21;1
202000017813;154 710 885;7;0;2;1;1;1
202000017813;154 710 886;1;1;0;1;15;5
202000017814;154 710 883;34;0;2;1;19;1
202000017814;154 710 884;30;0;2;5;5;1
202000017815;154 710 882;10;0;1;7;16;1
202000017816;154 710 881;32;0;1;1;3;1
202000017817;154 710 877;7;0;2;1;1;1
202000017817;154 710 878;7;0;2;1;1;1
202000017818;154 710 875;1;0;2;1;1;5
202000017818;154 710 876;7;0;9;2;17;1
202000017819;154 710 874;7;0;1;2;0;0
202000017820;154 710 872;7;2;2;3;1;0
202000017820;154 710 873;7;2;2;7;15;0
202000017821;154 710 870;7;0;2;4;1;1
202000017821;154 710 871;7;0;2;1;1;1
202000017822;154 710 868;7;0;2;1;2;1
202000017822;154 710 869;7;0;0;4;2;1
202000017823;154 710 867;7;0;1;2;1;1
202000017824;154 710 866;33;0;0;8;1;1
202000017825;154 710 865;7;0;1;4;20;1
202000017826;154 710 863;7;0;2;7;19;1
202000017826;154 710 864;17;0;2;3;1;1
202000017827;154 710 862;2;0;0;0;1;1
202000017828;154 710 858;7;1;2;1;1;1
202000017828;154 710 859;7;0;0;5;23;1
202000017828;154 710 860;7;0;0;0;23;1
202000017829;154 710 856;1;0;2;1;1;5
202000017829;154 710 857;7;0;0;6;15;1
202000017830;154 710 853;7;0;2;8;2;0
202000017830;154 710 854;33;0;2;2;17;0
202000017830;154 710 855;7;0;2;0;2;0
202000017831;154 710 852;7;8;0;0;1;6
202000017832;154 710 850;33;0;2;1;0;1
202000017832;154 710 851;10;0;0;4;2;1
202000017833;154 710 849;31;13;0;0;1;1
202000017834;154 710 848;7;13;0;9;1;1
202000017835;154 710 846;7;0;0;3;1;1
202000017835;154 710 847;31;0;2;0;13;1
202000017836;154 710 843;7;0;2;2;1;1
202000017836;154 710 844;21;0;2;3;1;1
202000017836;154 710 845;7;0;2;6;1;1
202000017837;154 710 842;33;2;0;0;14;0
202000017838;154 710 841;10;8;0;1;0;1
202000017839;154 710 839;2;0;2;1;2;1
202000017839;154 710 840;15;0;0;6;2;1
202000017840;154 710 837;10;0;2;3;13;1
202000017840;154 710 838;38;0;2;3;1;1
202000017841;154 710 836;31;6;0;7;0;1
202000017842;154 710 834;7;0;2;5;15;0
202000017842;154 710 835;33;0;2;1;2;1
202000017843;154 710 832;7;0;2;3;9;1
202000017843;154 710 833;10;0;2;3;2;1
202000017844;154 710 830;7;0;9;5;10;0
202000017844;154 710 831;33;0;2;1;1;1
202000017845;154 710 828;0;0;2;7;17;0
202000017845;154 710 829;1;0;2;6;2;5
202000017846;154 710 826;37;0;2;8;1;1
202000017846;154 710 827;33;0;2;8;1;1
202000017847;154 710 825;10;0;0;3;2;1
202000017848;154 710 824;7;0;2;1;0;1
202000017849;154 710 822;1;0;2;8;2;6
202000017849;154 710 823;14;0;9;1;2;1
202000017850;154 710 820;7;0;2;2;0;1
202000017850;154 710 821;7;0;2;3;0;1
202000017851;154 710 818;7;0;2;1;5;1
202000017851;154 710 819;7;0;2;2;21;1
202000017852;154 710 817;7;13;0;3;15;1
202000017853;154 710 815;33;0;2;1;2;1
202000017853;154 710 816;7;0;0;4;2;1
202000017854;154 710 813;7;0;2;7;1;1
202000017854;154 710 814;50;0;2;1;1;3
202000017855;154 710 812;7;0;1;1;1;1
202000017856;154 710 808;7;0;2;3;23;1
202000017856;154 710 809;2;0;2;1;1;1
202000017856;154 710 810;7;0;2;2;1;1
202000017857;154 710 806;7;0;2;2;9;1
202000017857;154 710 807;1;0;2;5;1;5
202000017858;154 710 805;33;0;0;8;1;0
202000017859;154 710 804;7;13;0;3;13;1
202000017860;154 710 803;7;0;0;9;0;1
202000017861;154 710 801;7;0;2;1;1;1
202000017861;154 710 802;7;0;2;1;9;1
202000017862;154 710 799;7;0;2;6;2;1
202000017862;154 710 800;33;0;2;1;2;1
202000017863;154 710 798;10;0;1;1;1;1
202000017864;154 710 797;2;0;0;7;1;1
202000017865;154 710 795;7;0;2;1;1;1
202000017865;154 710 796;10;0;2;3;1;1
202000017866;154 710 793;10;0;9;2;1;1
202000017866;154 710 794;1;0;2;1;26;5
202000017867;154 710 792;7;6;0;1;1;1
202000017868;154 710 791;7;0;5;1;1;1
202000017869;154 710 789;7;0;2;3;9;1
202000017869;154 710 790;7;0;2;5;0;1
202000017870;154 710 788;33;0;2;1;12;1
202000017871;154 710 786;7;0;2;2;17;1
202000017871;154 710 787;38;0;2;6;1;1
202000017872;154 710 784;7;0;2;2;17;1
202000017872;154 710 785;7;0;2;6;1;1
202000017873;154 710 779;10;0;2;4;1;1
202000017873;154 710 780;7;0;2;1;2;1
202000017873;154 710 781;7;0;2;4;2;1
202000017873;154 710 782;10;0;2;4;2;1
202000017873;154 710 783;7;0;2;4;1;1
202000017874;154 710 778;33;16;0;1;14;1
202000017875;154 710 776;33;0;2;8;12;1
202000017875;154 710 777;10;0;2;7;12;1
202000017876;154 710 774;31;0;2;1;2;1
202000017876;154 710 775;7;0;2;6;0;1
202000017877;154 710 771;7;0;0;0;26;1
202000017877;154 710 772;7;0;0;0;0;1
202000017877;154 710 773;7;0;0;0;0;1
202000017878;154 710 769;32;0;2;2;26;1
202000017878;154 710 770;32;0;2;3;26;1
202000017879;154 710 766;14;0;2;0;2;1
202000017879;154 710 767;14;0;2;5;2;1
202000017879;154 710 768;10;0;2;1;2;1
202000017880;154 710 765;32;0;0;3;1;1
202000017881;154 710 763;15;3;0;4;23;1
202000017881;154 710 764;2;3;2;1;1;1
202000017882;154 710 761;7;0;2;8;11;1
202000017882;154 710 762;33;0;2;7;1;1
202000017883;154 710 758;7;0;2;4;23;1
202000017883;154 710 759;7;0;2;1;2;1
202000017883;154 710 760;7;0;2;4;23;1
202000017884;154 710 757;7;4;0;3;1;1
202000017885;154 710 755;7;0;2;5;12;1
202000017885;154 710 756;33;0;2;3;3;1
202000017886;154 710 754;31;0;0;0;26;1
202000017887;154 710 752;2;0;2;7;1;1
202000017887;154 710 753;7;0;2;8;15;1
202000017888;154 710 750;34;0;2;7;1;1
202000017888;154 710 751;7;0;2;8;17;1
202000017889;154 710 749;7;0;1;1;1;0
202000017890;154 710 747;7;0;2;8;15;1
202000017890;154 710 748;7;0;2;1;1;2
202000017891;154 710 745;7;0;2;3;5;1
202000017891;154 710 746;7;0;2;3;2;1
202000017892;154 710 744;7;0;1;3;19;0
202000017893;154 710 743;7;0;1;1;1;1
202000017894;154 710 741;30;0;2;3;13;1
202000017894;154 710 742;7;0;2;3;2;0
202000017895;154 710 739;7;14;2;4;1;1
202000017895;154 710 740;7;0;2;1;2;1
202000017896;154 710 736;7;0;2;1;2;1
202000017896;154 710 737;7;0;2;4;23;1
202000017896;154 710 738;7;0;2;4;23;1
202000017897;154 710 735;7;0;0;9;1;1
202000017898;154 710 733;7;0;2;7;1;1
202000017898;154 710 734;7;0;2;9;26;1
202000017899;154 710 732;7;0;1;1;1;1
202000017900;154 710 730;1;0;4;1;1;5
202000017900;154 710 731;40;0;2;8;26;3
202000017901;154 710 728;30;0;2;1;13;1
202000017901;154 710 729;7;0;2;3;1;1
202000017902;154 710 726;7;0;2;4;23;1
202000017902;154 710 727;31;0;2;1;1;1
202000017903;154 710 724;7;0;2;3;15;1
202000017903;154 710 725;7;0;2;3;0;1
202000017904;154 710 722;32;0;2;4;1;1
202000017904;154 710 723;7;0;2;1;26;1
202000017905;154 710 721;10;0;1;2;1;1
202000017906;154 710 720;7;6;0;1;16;6
202000017907;154 710 717;7;0;2;4;2;1
202000017907;154 710 718;7;0;2;1;2;1
202000017907;154 710 719;7;0;2;1;2;1
202000017908;154 710 716;0;0;1;0;26;0
202000017909;154 710 714;1;0;2;1;1;5
202000017909;154 710 715;7;0;2;8;1;1
202000017910;154 710 713;33;9;0;7;15;1
202000017911;154 710 711;31;0;2;1;1;1
202000017911;154 710 712;7;0;2;3;15;1
202000017912;154 710 709;7;0;2;2;13;1
202000017912;154 710 710;7;0;2;1;1;1
202000017913;154 710 706;7;0;2;6;23;1
202000017913;154 710 707;7;0;2;4;23;1
202000017913;154 710 708;7;0;2;1;2;1
202000017914;154 710 704;7;0;2;0;16;1
202000017914;154 710 705;30;0;2;1;18;1
202000017915;154 710 703;7;0;1;2;15;2
202000017916;154 710 702;30;14;0;7;14;1
202000017917;154 710 700;30;0;2;2;1;1
202000017917;154 710 701;7;0;2;3;9;1
202000017918;154 710 698;7;0;2;2;16;2
202000017918;154 710 699;30;0;2;3;18;1
202000017919;154 710 697;50;0;1;1;1;3
202000017920;154 710 696;10;0;1;4;20;1
202000017921;154 710 695;7;12;0;3;13;1
202000017922;154 710 693;7;0;2;3;15;0
202000017922;154 710 694;32;0;2;7;17;1
202000017923;154 710 692;50;12;0;1;14;3
202000017924;154 710 691;50;0;1;1;1;3
202000017925;154 710 689;1;1;0;1;1;5
202000017925;154 710 690;7;0;2;8;24;0
202000017926;154 710 687;7;0;2;1;1;1
202000017926;154 710 688;7;0;2;4;1;1
202000017927;154 710 685;10;0;2;2;1;1
202000017927;154 710 686;13;0;2;3;15;1
202000017928;154 710 684;2;0;0;8;1;1
202000017929;154 710 683;7;0;1;1;0;1
202000017930;154 710 682;7;0;1;1;9;1
202000017931;154 710 681;7;6;0;1;20;1
202000017932;154 710 679;10;0;2;3;9;1
202000017932;154 710 680;37;0;2;1;1;1
202000017933;154 710 678;7;0;1;1;26;0
202000017934;154 710 677;30;0;0;0;1;1
202000017935;154 710 675;10;0;2;2;2;1
202000017935;154 710 676;7;0;0;4;23;1
202000017936;154 710 674;7;12;1;3;9;0
202000017937;154 710 673;10;0;1;3;15;1
202000017938;154 710 672;7;0;1;1;1;1
202000017939;154 710 670;7;1;2;2;21;1
202000017939;154 710 671;34;1;0;2;26;1
202000017940;154 710 669;7;0;1;2;1;3
202000017941;154 710 668;30;4;0;8;21;0
202000017942;154 710 666;31;0;2;8;1;1
202000017942;154 710 667;7;0;2;1;1;1
202000017943;154 710 664;10;0;2;1;17;6
202000017943;154 710 665;14;0;2;1;1;1
202000017944;154 710 662;7;0;2;3;15;1
202000017944;154 710 663;33;0;2;3;26;1
202000017945;154 710 659;7;0;2;1;1;1
202000017945;154 710 660;7;0;2;4;23;1
202000017945;154 710 661;10;0;0;4;23;1
202000017946;154 710 658;7;0;1;3;1;0
202000017947;154 710 657;7;0;1;2;1;6
202000017948;154 710 655;33;0;2;1;1;1
202000017948;154 710 656;7;0;2;3;15;1
202000017949;154 710 654;7;2;0;1;1;0
202000017950;154 710 653;33;0;1;1;1;1
202000017951;154 710 651;7;0;2;2;19;1
202000017951;154 710 652;7;0;2;8;1;1
202000017952;154 710 649;7;0;2;1;1;0
202000017952;154 710 650;7;0;2;0;26;0
202000017953;154 710 648;33;6;0;2;15;1
202000017954;154 710 646;31;0;0;2;1;1
202000017954;154 710 647;7;0;0;4;9;1
202000017955;154 710 644;1;0;2;1;15;5
202000017955;154 710 645;7;0;9;7;1;1
202000017956;154 710 643;10;0;1;1;0;1
202000017957;154 710 639;7;0;2;7;15;1
202000017957;154 710 640;7;0;2;1;1;1
202000017957;154 710 641;7;0;2;2;2;1
202000017957;154 710 642;7;0;2;3;1;1
202000017958;154 710 636;7;8;0;8;1;1
202000017959;154 710 635;7;15;0;7;19;1
202000017960;154 710 633;7;0;2;3;17;1
202000017960;154 710 634;7;0;2;2;0;1
202000017961;154 710 632;30;0;9;7;2;1
202000017962;154 710 630;7;0;2;1;1;0
202000017962;154 710 631;7;0;2;1;13;1
202000017963;154 710 629;15;0;1;3;1;1
202000017964;154 710 626;7;0;2;2;12;1
202000017964;154 710 627;7;0;9;3;21;1
202000017964;154 710 628;1;0;2;6;1;5
202000017965;154 710 620;7;0;0;2;1;0
202000017965;154 710 621;7;0;0;1;13;0
202000017965;154 710 622;7;5;0;8;0;0
202000017966;154 710 617;14;0;2;3;15;1
202000017966;154 710 618;2;0;2;1;1;1
202000017967;154 710 616;7;3;0;1;1;1
202000017968;154 710 614;7;0;2;1;1;0
202000017968;154 710 615;7;3;0;6;11;1
202000017969;154 710 613;7;4;0;1;1;1
202000017970;154 710 612;7;0;1;7;1;1
202000017971;154 710 611;7;13;0;1;1;1
202000017972;154 710 610;7;0;0;9;1;0
202000017973;154 710 609;7;6;0;2;1;1
202000017974;154 710 607;7;0;2;3;15;1
202000017974;154 710 608;2;0;2;1;1;1
202000017975;154 710 605;10;0;2;3;15;1
202000017975;154 710 606;2;0;2;1;1;1
202000017976;154 710 601;7;0;2;1;19;0
202000017976;154 710 602;7;0;2;3;26;0
202000017977;154 710 599;31;0;2;1;1;1
202000017977;154 710 600;10;0;2;2;15;1
202000017978;154 710 598;7;0;1;3;1;1
202000017979;154 710 597;7;0;1;1;19;1
202000017980;154 710 595;2;0;2;1;1;1
202000017980;154 710 596;10;0;2;6;21;1
202000017981;154 710 589;7;0;0;4;2;1
202000017981;154 710 590;7;0;0;1;2;1
202000017981;154 710 591;7;0;0;4;2;1
202000017982;154 710 587;7;0;2;1;2;1
202000017982;154 710 588;33;0;2;4;2;1
202000017983;154 710 584;10;0;2;4;2;1
202000017983;154 710 585;10;0;2;1;2;1
202000017983;154 710 586;10;0;2;1;2;1
202000017984;154 710 582;17;0;2;2;12;1
202000017984;154 710 583;7;0;2;8;1;1
202000017985;154 710 580;7;4;2;5;11;1
202000017985;154 710 581;15;0;2;3;12;1
202000017986;154 710 578;7;0;2;8;11;1
202000017986;154 710 579;31;0;2;7;12;6
202000017987;154 710 577;7;0;0;9;1;1
202000017988;154 710 575;33;0;2;1;3;1
202000017988;154 710 576;7;0;2;2;1;1
202000017989;154 710 574;7;4;0;9;2;1
202000017990;154 710 572;7;0;2;1;2;1
202000017990;154 710 573;7;0;2;4;2;1
202000017991;154 710 570;7;0;2;1;2;1
202000017991;154 710 571;7;0;2;4;2;1
202000017992;154 710 569;7;5;0;1;26;1
202000017993;154 710 567;7;0;2;1;1;1
202000017993;154 710 568;7;0;2;4;2;1
202000017994;154 710 565;7;0;2;4;1;1
202000017994;154 710 566;15;0;2;1;1;1
202000017995;154 710 564;7;4;0;2;1;1
202000017996;154 710 563;7;4;0;2;0;1
202000017997;154 710 561;7;0;2;1;26;1
202000017997;154 710 562;7;0;2;4;2;1
202000017998;154 710 560;7;4;0;1;2;1
202000017999;154 710 557;7;0;2;8;11;1
202000017999;154 710 558;34;0;2;7;3;1
202000017999;154 710 559;10;0;2;5;1;1
202000018000;154 710 555;33;0;2;1;2;1
202000018000;154 710 556;7;0;2;7;12;1
202000018001;154 710 553;33;0;2;7;3;1
202000018001;154 710 554;7;0;2;8;11;1
202000018002;154 710 552;17;4;0;1;2;1
202000018003;154 710 549;7;0;2;4;2;1
202000018003;154 710 550;7;0;2;4;2;1
202000018003;154 710 551;7;0;2;1;2;1
202000018004;154 710 547;7;0;2;3;13;1
202000018004;154 710 548;7;0;2;3;1;1
202000018005;154 710 545;7;0;2;1;1;0
202000018005;154 710 546;7;0;2;1;13;1
202000018006;154 710 543;7;0;1;2;15;1
202000018007;154 710 542;40;0;1;2;2;3
202000018008;154 710 541;7;0;1;1;1;1
202000018009;154 710 540;32;0;1;1;17;1
202000018010;154 710 538;1;0;2;2;18;5
202000018010;154 710 539;7;0;2;6;18;1
202000018011;154 710 536;7;0;2;1;13;1
202000018011;154 710 537;7;0;2;1;1;1
202000018012;154 710 535;7;0;1;3;15;1
202000018013;154 710 534;31;0;0;0;26;1
202000018014;154 710 532;7;0;2;6;9;1
202000018014;154 710 533;2;0;2;0;1;1
202000018015;154 710 531;7;0;1;1;15;1
202000018016;154 710 530;33;0;0;8;26;1
202000018017;154 710 528;7;0;2;3;1;1
202000018017;154 710 529;7;0;2;2;16;1
202000018018;154 710 526;7;0;2;1;2;1
202000018018;154 710 527;7;0;2;4;2;1
202000018019;154 710 524;7;0;2;4;2;1
202000018019;154 710 525;7;0;2;1;2;1
202000018020;154 710 522;2;0;2;1;26;1
202000018020;154 710 523;7;0;2;3;1;1
202000018021;154 710 521;7;0;0;1;26;1
202000018022;154 710 519;7;0;2;0;0;1
202000018022;154 710 520;33;0;2;1;1;1
202000018023;154 710 517;7;0;2;2;1;2
202000018023;154 710 518;60;0;2;3;1;5
202000018024;154 710 516;7;0;1;3;11;1
202000018025;154 710 514;31;0;2;1;1;1
202000018025;154 710 515;7;0;2;3;15;1
202000018026;154 710 512;7;0;2;1;1;1
202000018026;154 710 513;33;0;2;1;1;1
202000018027;154 710 510;36;0;2;1;0;1
202000018027;154 710 511;7;0;2;8;0;1
202000018028;154 710 509;7;1;0;2;14;1
202000018029;154 710 508;7;0;0;1;26;1
202000018030;154 710 505;7;0;2;6;1;1
202000018030;154 710 506;7;0;2;4;1;1
202000018030;154 710 507;7;1;2;2;13;1
202000018031;154 710 503;2;0;2;0;1;1
202000018031;154 710 504;7;0;2;0;9;1
202000018032;154 710 501;1;0;2;1;26;5
202000018032;154 710 502;7;0;2;1;1;1
202000018033;154 710 500;33;0;0;7;1;1
202000018034;154 710 498;30;0;2;7;19;1
202000018034;154 710 499;30;0;2;8;1;1
202000018035;154 710 497;30;0;0;0;26;1
202000018036;154 710 494;7;0;2;8;17;1
202000018036;154 710 495;7;0;2;6;1;1
202000018036;154 710 496;7;1;2;3;21;1
202000018037;154 710 493;7;0;1;1;26;1
202000018038;154 710 492;7;0;1;1;1;1
202000018039;154 710 491;7;0;1;3;1;1
202000018040;154 710 490;7;0;1;2;1;1
202000018041;154 710 489;2;0;0;1;1;1
202000018042;154 710 487;2;6;2;2;17;1
202000018042;154 710 488;7;0;2;3;15;1
202000018043;154 710 485;1;0;0;1;1;5
202000018043;154 710 486;16;0;2;2;15;1
202000018044;154 710 483;1;0;2;0;1;5
202000018044;154 710 484;15;0;2;5;1;1
202000018045;154 710 481;7;0;2;3;1;1
202000018045;154 710 482;7;0;2;1;13;1
202000018046;154 710 479;2;0;2;1;1;1
202000018046;154 710 480;7;0;2;3;23;1
202000018047;154 710 476;7;0;2;8;1;1
202000018047;154 710 477;7;0;2;6;1;1
202000018047;154 710 478;7;0;2;1;17;1