Num_Acc;id_vehicule;catv;obs;obsm;choc;manv;motor
202000020534;154 706 121;7;8;0;2;0;1
202000020535;154 706 119;34;0;2;7;3;1
202000020535;154 706 120;7;0;2;6;15;1
202000020536;154 706 117;7;12;2;1;6;1
202000020536;154 706 118;7;12;2;3;1;1
202000020537;154 706 116;7;0;1;3;1;1
202000020538;154 706 113;7;0;2;3;1;1
202000020538;154 706 114;33;0;2;1;13;1
202000020539;154 706 111;7;0;0;3;15;1
202000020539;154 706 112;1;0;0;1;1;5
202000020540;154 706 110;7;0;1;1;1;1
202000020541;154 706 108;7;0;2;3;15;0
202000020541;154 706 109;33;0;2;1;1;0
202000020542;154 706 107;7;2;0;7;1;1
202000020543;154 706 102;7;0;2;1;1;0
202000020543;154 706 103;7;0;2;4;1;1
202000020544;154 706 100;7;0;2;2;12;1
202000020544;154 706 101;7;0;2;8;1;1
202000020545;154 706 097;7;0;9;1;1;1
202000020545;154 706 098;7;4;0;4;1;1
202000020545;154 706 099;7;0;2;1;2;1
202000020546;154 706 094;10;0;2;1;2;1
202000020546;154 706 095;7;0;2;4;2;1
202000020546;154 706 096;7;0;2;4;2;1
202000020547;154 706 092;7;0;2;1;1;1
202000020547;154 706 093;7;0;2;4;13;1
202000020548;154 706 090;7;0;2;1;2;1
202000020548;154 706 091;7;0;2;4;23;1
202000020549;154 706 088;7;0;2;2;26;1
202000020549;154 706 089;7;0;2;6;2;1
202000020550;154 706 086;7;0;2;6;11;1
202000020550;154 706 087;33;0;2;1;3;1
202000020551;154 706 084;7;0;2;0;0;1
202000020551;154 706 085;33;0;2;0;0;1
202000020552;154 706 082;33;0;2;1;3;1
202000020552;154 706 083;7;0;2;6;26;1
202000020553;154 706 080;7;0;2;1;1;0
202000020553;154 706 081;7;0;2;4;1;0
202000020554;154 706 076;10;0;2;1;2;1
202000020554;154 706 077;10;0;2;4;2;1
202000020554;154 706 078;10;0;2;4;2;1
202000020554;154 706 079;7;0;2;4;2;1
202000020555;154 706 074;7;0;2;1;2;1
202000020555;154 706 075;7;0;2;4;2;1
202000020556;154 706 071;7;0;2;4;2;1
202000020556;154 706 072;7;0;2;4;2;1
202000020556;154 706 073;7;0;2;1;2;1
202000020557;154 706 069;33;0;2;1;3;1
202000020557;154 706 070;10;0;2;7;12;1
202000020558;154 706 067;34;0;2;1;3;1
202000020558;154 706 068;7;0;2;8;11;1
202000020559;154 706 065;7;0;2;1;2;1
202000020559;154 706 066;10;0;2;4;2;1
202000020560;154 706 063;30;0;2;2;1;1
202000020560;154 706 064;7;0;2;1;15;1
202000020561;154 706 060;10;0;2;1;2;1
202000020561;154 706 061;10;0;2;4;2;1
202000020561;154 706 062;10;0;2;4;2;0
202000020562;154 706 058;7;4;2;0;26;1
202000020562;154 706 059;7;0;2;1;1;1
202000020563;154 706 056;2;0;2;1;2;1
202000020563;154 706 057;2;0;2;8;10;1
202000020564;154 706 054;7;1;2;5;0;1
202000020564;154 706 055;31;1;2;1;3;1
202000020565;154 706 053;7;0;1;1;11;1
202000020566;154 706 051;7;0;2;1;1;1
202000020566;154 706 052;32;0;2;1;1;1
202000020567;154 706 047;7;4;2;0;0;1
202000020567;154 706 048;7;4;2;0;0;1
202000020567;154 706 049;7;4;2;0;0;1
202000020567;154 706 050;7;4;2;0;0;1
202000020568;154 706 044;7;0;2;1;13;1
202000020568;154 706 045;2;0;2;1;1;1
202000020569;154 706 042;7;4;2;1;17;1
202000020569;154 706 043;10;0;2;3;1;1
202000020570;154 706 041;7;0;1;1;1;1
202000020571;154 706 039;7;0;2;3;15;1
202000020571;154 706 040;33;0;2;8;1;1
202000020572;154 706 037;7;0;2;1;5;1
202000020572;154 706 038;7;0;2;1;1;1
202000020573;154 706 036;30;12;0;0;0;1
202000020574;154 706 035;7;6;0;1;1;1
202000020575;154 706 034;7;0;0;9;1;1
202000020576;154 706 033;7;0;1;2;1;1
202000020577;154 706 032;7;0;1;2;1;2
202000020578;154 706 031;33;0;1;1;17;1
202000020579;154 706 029;2;0;2;1;16;1
202000020579;154 706 030;7;0;2;3;1;1
202000020580;154 706 027;7;0;2;2;15;1
202000020580;154 706 028;7;0;2;2;16;1
202000020581;154 706 026;7;0;1;1;1;1
202000020582;154 706 024;7;0;2;6;5;1
202000020582;154 706 025;7;0;2;3;15;1
202000020583;154 706 023;7;8;0;1;14;1
202000020584;154 706 021;1;0;2;8;1;5
202000020584;154 706 022;7;0;2;2;17;1
202000020585;154 706 019;31;0;2;4;2;1
202000020585;154 706 020;7;0;2;1;2;1
202000020586;154 706 017;30;1;0;0;14;3
202000020586;154 706 018;7;0;0;8;24;1
202000020587;154 706 015;7;0;2;7;16;1
202000020587;154 706 016;14;0;2;3;1;0
202000020588;154 706 013;7;0;2;3;15;1
202000020588;154 706 014;30;0;2;0;17;1
202000020589;154 706 012;30;0;0;7;1;1
202000020590;154 706 011;30;0;0;0;1;1
202000020591;154 706 009;7;0;2;4;23;1
202000020591;154 706 010;7;0;2;1;2;1
202000020592;154 706 007;7;0;2;1;20;1
202000020592;154 706 008;30;0;2;7;1;0
202000020593;154 706 005;30;0;2;1;2;1
202000020593;154 706 006;10;0;2;3;0;1
202000020594;154 706 003;7;0;2;4;2;0
202000020594;154 706 004;1;0;2;4;2;5
202000020595;154 706 001;1;0;2;1;1;5
202000020595;154 706 002;7;0;2;3;15;1
202000020596;154 705 999;80;0;2;1;1;3
202000020596;154 706 000;31;0;9;5;16;1
202000020597;154 705 994;7;0;2;5;2;1
202000020597;154 705 995;7;0;2;4;2;1
202000020597;154 705 996;10;0;2;1;2;1
202000020597;154 705 997;7;0;2;4;2;1
202000020597;154 705 998;7;0;2;6;2;1
202000020598;154 705 993;80;0;0;1;1;3
202000020599;154 705 991;7;0;2;8;10;1
202000020599;154 705 992;33;0;2;1;1;1
202000020600;154 705 989;7;0;9;1;15;1
202000020600;154 705 990;1;6;2;8;1;5
202000020601;154 705 987;7;0;2;8;1;1
202000020601;154 705 988;7;0;2;8;15;1
202000020602;154 705 985;7;0;2;3;0;1
202000020602;154 705 986;7;6;2;1;5;1
202000020603;154 705 984;2;0;0;3;1;1
202000020604;154 705 982;20;0;2;3;21;1
202000020604;154 705 983;20;0;2;5;1;1
202000020605;154 705 980;7;16;0;4;15;0
202000020605;154 705 981;7;0;2;1;26;0
202000020606;154 705 979;7;0;1;1;1;1
202000020607;154 705 977;7;0;2;6;23;1
202000020607;154 705 978;33;0;2;1;1;1
202000020608;154 705 976;99;8;0;1;13;1
202000020609;154 705 974;16;0;2;7;13;1
202000020609;154 705 975;33;0;2;1;1;1
202000020610;154 705 973;7;0;1;3;2;1
202000020611;154 705 970;7;0;2;4;2;1
202000020611;154 705 971;10;0;2;4;2;1
202000020611;154 705 972;7;0;2;1;2;1
202000020612;154 705 968;7;0;2;4;4;1
202000020612;154 705 969;1;0;2;2;1;5
202000020613;154 705 966;7;0;2;1;1;6
202000020613;154 705 967;7;0;2;1;13;1
202000020614;154 705 965;7;0;0;2;14;1
202000020615;154 705 963;1;0;2;0;2;5
202000020615;154 705 964;7;0;9;1;1;1
202000020616;154 705 961;1;0;2;3;1;5
202000020616;154 705 962;32;0;2;2;1;1
202000020617;154 705 959;7;0;2;3;13;1
202000020617;154 705 960;33;12;2;2;1;1
202000020618;154 705 957;50;0;2;4;2;3
202000020618;154 705 958;7;0;2;1;2;1
202000020619;154 705 955;30;0;2;3;1;1
202000020619;154 705 956;31;0;2;0;16;0
202000020620;154 705 952;7;0;2;6;23;1
202000020620;154 705 953;7;0;2;4;23;1
202000020620;154 705 954;7;0;2;1;2;1
202000020621;154 705 950;33;0;2;1;2;1
202000020621;154 705 951;7;0;2;6;23;2
202000020622;154 705 949;14;1;0;3;13;6
202000020623;154 705 947;7;0;2;2;2;6
202000020623;154 705 948;7;0;2;4;4;1
202000020624;154 705 946;7;0;1;1;16;1
202000020625;154 705 943;33;0;2;1;2;1
202000020625;154 705 944;33;0;2;4;23;1
202000020625;154 705 945;33;0;2;4;23;1
202000020626;154 705 941;7;0;2;2;10;1
202000020626;154 705 942;33;0;2;2;1;1
202000020627;154 705 940;7;0;1;1;1;1
202000020628;154 705 939;43;14;0;0;16;1
202000020629;154 705 938;50;0;1;2;25;3
202000020630;154 705 937;30;0;0;0;7;1
202000020631;154 705 936;50;0;0;0;1;3
202000020632;154 705 934;7;0;2;2;19;1
202000020632;154 705 935;37;0;2;3;1;1
202000020633;154 705 933;7;0;1;1;1;1
202000020634;154 705 931;7;0;2;7;19;1
202000020634;154 705 932;32;0;2;1;1;1
202000020635;154 705 930;37;0;1;2;21;6
202000020636;154 705 928;7;0;2;4;2;1
202000020636;154 705 929;7;0;2;1;2;1
202000020637;154 705 926;7;0;2;1;1;0
202000020637;154 705 927;7;0;2;1;1;0
202000020638;154 705 925;7;9;0;1;16;1
202000020639;154 705 922;7;0;0;4;2;1
202000020639;154 705 923;7;0;0;0;2;1
202000020639;154 705 924;7;0;2;1;9;1
202000020640;154 705 920;31;0;2;3;2;1
202000020640;154 705 921;7;0;2;2;15;1
202000020641;154 705 918;7;0;2;5;10;1
202000020641;154 705 919;33;0;2;1;1;1
202000020642;154 705 916;10;0;2;1;15;1
202000020642;154 705 917;34;0;2;1;1;1
202000020643;154 705 914;7;1;0;7;1;1
202000020643;154 705 915;7;0;2;3;24;1
202000020644;154 705 913;33;0;0;1;26;1
202000020645;154 705 911;7;0;9;1;9;0
202000020645;154 705 912;1;0;2;8;1;0
202000020646;154 705 910;7;8;1;1;9;1
202000020647;154 705 909;30;0;1;7;18;1
202000020648;154 705 907;7;0;9;8;19;1
202000020648;154 705 908;60;0;2;1;1;5
202000020649;154 705 905;7;0;9;2;1;1
202000020649;154 705 906;1;0;2;1;1;5
202000020650;154 705 903;7;13;2;9;1;1
202000020650;154 705 904;7;2;2;7;2;1
202000020651;154 705 901;7;0;2;1;15;1
202000020651;154 705 902;1;0;2;1;1;6
202000020652;154 705 900;33;6;0;1;19;1
202000020653;154 705 898;33;0;2;1;14;1
202000020653;154 705 899;7;0;0;6;0;1
202000020654;154 705 897;7;0;1;4;4;1
202000020655;154 705 894;80;0;0;4;25;3
202000020655;154 705 895;7;0;9;2;1;1
202000020655;154 705 896;7;3;2;2;25;1
202000020656;154 705 892;7;0;2;1;5;1
202000020656;154 705 893;7;0;2;1;21;1
202000020657;154 705 890;7;0;2;2;15;1
202000020657;154 705 891;7;0;2;1;1;1
202000020658;154 705 888;1;0;9;0;1;5
202000020658;154 705 889;1;0;0;8;13;5
202000020659;154 705 887;33;0;0;8;1;1
202000020660;154 705 885;1;0;2;6;15;5
202000020660;154 705 886;1;0;9;1;1;5
202000020661;154 705 883;7;0;2;3;15;0
202000020661;154 705 884;33;0;2;3;1;1
202000020662;154 705 881;7;0;2;3;19;1
202000020662;154 705 882;33;0;2;1;1;1
202000020663;154 705 880;7;2;0;1;1;1
202000020664;154 705 878;7;0;2;3;1;1
202000020664;154 705 879;7;0;2;3;1;1
202000020665;154 705 876;33;0;2;3;13;1
202000020665;154 705 877;7;0;2;3;1;1
202000020666;154 705 874;21;0;2;3;15;1
202000020666;154 705 875;2;0;2;7;17;1
202000020667;154 705 873;1;0;0;0;1;5
202000020668;154 705 872;7;0;0;2;1;1
202000020669;154 705 871;31;13;0;8;1;0
202000020670;154 705 870;7;3;0;9;1;1
202000020671;154 705 867;31;0;2;3;1;1
202000020671;154 705 868;7;9;2;3;1;1
202000020672;154 705 866;7;0;0;1;13;1
202000020673;154 705 864;7;0;2;5;1;1
202000020673;154 705 865;1;0;2;1;19;5
202000020674;154 705 862;33;0;2;8;13;1
202000020674;154 705 863;33;0;2;8;1;1
202000020675;154 705 861;7;13;0;9;13;1
202000020676;154 705 859;2;0;0;4;15;1
202000020676;154 705 860;7;0;0;2;1;1
202000020677;154 705 858;33;16;0;0;1;1
202000020678;154 705 854;7;0;0;4;23;1
202000020678;154 705 855;7;0;2;4;23;1
202000020678;154 705 856;7;0;2;1;1;1
202000020678;154 705 857;7;0;2;4;23;1
202000020679;154 705 852;7;6;2;1;13;1
202000020679;154 705 853;7;0;0;8;13;1
202000020680;154 705 850;1;0;2;1;1;5
202000020680;154 705 851;7;0;2;6;1;1
202000020681;154 705 848;7;0;2;3;15;1
202000020681;154 705 849;1;0;2;1;1;5
202000020682;154 705 847;33;0;6;3;1;1
202000020683;154 705 845;1;0;2;1;1;5
202000020683;154 705 846;7;0;2;1;15;1
202000020684;154 705 843;7;0;2;4;0;0
202000020684;154 705 844;7;0;2;1;0;0
202000020685;154 705 841;7;15;2;5;0;0
202000020685;154 705 842;7;0;2;3;1;1
202000020686;154 705 839;33;0;2;1;1;1
202000020686;154 705 840;7;0;0;1;5;1
202000020687;154 705 838;7;16;0;9;14;1
202000020688;154 705 836;7;3;2;2;13;1
202000020688;154 705 837;7;0;2;2;5;1
202000020689;154 705 834;7;0;2;8;1;1
202000020689;154 705 835;1;0;2;8;1;6
202000020690;154 705 833;33;8;0;7;17;1
202000020691;154 705 831;20;0;2;3;1;1
202000020691;154 705 832;31;0;2;1;19;1
202000020692;154 705 830;7;6;0;2;0;0
202000020693;154 705 828;99;0;2;1;9;3
202000020693;154 705 829;15;0;2;2;1;1
202000020694;154 705 826;33;0;2;1;1;1
202000020694;154 705 827;7;0;2;6;9;1
202000020695;154 705 824;7;4;2;3;1;1
202000020695;154 705 825;7;4;2;3;5;1
202000020696;154 705 821;33;0;0;4;1;1
202000020697;154 705 819;7;0;2;3;15;1
202000020697;154 705 820;7;0;2;3;1;1
202000020698;154 705 818;2;16;0;7;1;1
202000020699;154 705 817;7;13;0;2;1;1
202000020700;154 705 816;33;13;0;1;0;1
202000020701;154 705 814;7;0;2;7;12;1
202000020701;154 705 815;33;0;2;8;3;1
202000020702;154 705 812;33;0;2;2;3;1
202000020702;154 705 813;7;0;2;6;1;1
202000020703;154 705 810;7;0;2;8;11;1
202000020703;154 705 811;43;0;2;7;1;1
202000020704;154 705 808;7;0;2;4;2;1
202000020704;154 705 809;7;0;2;1;2;1
202000020705;154 705 806;7;0;2;4;2;1
202000020705;154 705 807;7;0;2;1;2;1
202000020706;154 705 803;7;0;2;4;1;1
202000020706;154 705 804;7;0;2;4;1;1
202000020706;154 705 805;7;0;2;1;21;1
202000020707;154 705 800;10;0;2;2;14;1
202000020707;154 705 801;15;0;2;6;1;1
202000020707;154 705 802;32;0;2;1;3;1
202000020708;154 705 797;7;0;2;4;2;1
202000020708;154 705 798;10;0;2;4;2;1
202000020708;154 705 799;7;0;2;1;2;1
202000020709;154 705 796;7;3;0;2;26;1
202000020710;154 705 795;7;0;0;9;26;1
202000020711;154 705 794;33;0;0;8;21;1
202000020712;154 705 793;35;0;0;0;26;1
202000020713;154 705 791;33;0;2;1;17;1
202000020713;154 705 792;7;0;2;6;20;1
202000020714;154 705 790;33;13;0;1;1;1
202000020715;154 705 789;30;0;0;8;1;1
202000020716;154 705 787;7;0;9;1;26;0
202000020716;154 705 788;1;0;2;4;25;0
202000020717;154 705 785;7;0;2;2;10;1
202000020717;154 705 786;33;0;2;1;2;0
202000020718;154 705 783;31;0;2;1;2;1
202000020718;154 705 784;7;0;2;4;26;1
202000020719;154 705 781;10;0;2;3;13;1
202000020719;154 705 782;33;0;2;1;1;1
202000020720;154 705 779;7;0;2;8;9;1
202000020720;154 705 780;1;0;2;1;1;5
202000020721;154 705 778;30;1;1;3;26;0
202000020722;154 705 776;7;0;2;1;2;1
202000020722;154 705 777;7;0;2;2;20;0
202000020723;154 705 774;10;0;2;1;1;1
202000020723;154 705 775;33;0;2;2;1;1
202000020724;154 705 772;7;1;0;3;10;1
202000020724;154 705 773;7;0;2;6;24;1
202000020725;154 705 771;30;0;0;0;1;1
202000020726;154 705 769;33;0;2;1;1;1
202000020726;154 705 770;10;0;2;8;1;1
202000020727;154 705 768;30;0;0;0;14;1
202000020728;154 705 767;7;0;1;1;1;1
202000020729;154 705 765;33;0;2;1;1;-1
202000020729;154 705 766;13;0;2;4;23;-1
202000020730;154 705 761;15;0;2;4;23;-1
202000020730;154 705 762;7;0;2;1;1;-1
202000020731;154 705 759;7;0;2;1;1;0
202000020731;154 705 760;7;0;2;4;1;0
202000020732;154 705 753;7;0;2;1;13;1
202000020732;154 705 754;10;0;2;7;13;1
202000020733;154 705 751;2;0;2;1;2;1
202000020733;154 705 752;7;0;2;4;23;1
202000020734;154 705 749;7;0;2;1;1;1
202000020734;154 705 750;7;0;2;1;0;1
202000020735;154 705 746;7;0;2;1;0;1
202000020735;154 705 747;7;0;2;1;1;1
202000020735;154 705 748;7;0;2;1;0;1
202000020736;154 705 745;7;0;1;1;1;1
202000020737;154 705 744;10;0;1;4;4;0
202000020738;154 705 742;7;0;2;2;16;1
202000020738;154 705 743;1;0;2;1;1;5
202000020739;154 705 740;1;0;2;0;1;5
202000020739;154 705 741;7;0;9;0;0;1
202000020740;154 705 738;7;0;9;1;16;1
202000020740;154 705 739;1;0;2;8;19;0
202000020741;154 705 735;7;0;2;3;13;1
202000020741;154 705 736;7;0;2;3;1;1
202000020741;154 705 737;7;0;2;3;1;1
202000020742;154 705 733;7;0;2;1;2;1
202000020742;154 705 734;7;0;2;4;2;1
202000020743;154 705 731;7;0;2;3;1;1
202000020743;154 705 732;32;0;2;1;19;1
202000020744;154 705 729;7;0;2;6;15;1
202000020744;154 705 730;33;0;2;8;21;1
202000020745;154 705 727;7;0;2;3;1;1
202000020745;154 705 728;30;0;2;3;13;1
202000020746;154 705 726;7;0;1;3;1;1
202000020747;154 705 724;7;0;2;2;13;1
202000020747;154 705 725;7;0;2;2;1;1
202000020748;154 705 722;1;0;2;1;9;5
202000020748;154 705 723;7;0;2;2;1;1
202000020749;154 705 721;7;0;1;4;4;0
202000020750;154 705 719;30;0;0;0;21;1
202000020750;154 705 720;7;0;0;0;9;1
202000020751;154 705 717;1;1;0;1;1;0
202000020751;154 705 718;7;0;0;0;23;1
202000020752;154 705 715;7;0;2;1;15;1
202000020752;154 705 716;50;0;2;1;1;3
202000020753;154 705 713;2;0;2;1;2;1
202000020753;154 705 714;10;0;2;4;4;1
202000020754;154 705 711;7;0;2;1;2;1
202000020754;154 705 712;33;0;2;4;1;1
202000020755;154 705 710;7;6;0;1;1;1
202000020756;154 705 709;32;13;0;7;13;1
202000020757;154 705 707;80;0;2;9;0;3
202000020757;154 705 708;7;0;2;3;0;1
202000020758;154 705 705;2;0;2;1;1;1
202000020758;154 705 706;7;0;2;3;15;1
202000020759;154 705 703;1;0;2;1;10;0
202000020759;154 705 704;30;0;2;1;17;1
202000020760;154 705 700;7;0;2;3;14;1
202000020760;154 705 701;2;0;2;3;2;1
202000020760;154 705 702;7;0;2;6;2;1
202000020761;154 705 698;7;0;2;3;9;1
202000020761;154 705 699;30;0;2;3;1;1
202000020762;154 705 696;10;0;2;0;0;1
202000020762;154 705 697;7;0;2;1;13;1
202000020763;154 705 694;7;0;2;1;1;1
202000020763;154 705 695;7;0;2;4;1;1
202000020764;154 705 693;7;0;0;1;14;1
202000020765;154 705 692;31;0;0;6;26;1
202000020766;154 705 687;7;0;2;1;19;1
202000020766;154 705 688;7;9;0;8;1;1
202000020767;154 705 685;30;14;2;7;15;1
202000020767;154 705 686;7;0;2;1;1;1
202000020768;154 705 684;1;0;1;1;1;5
202000020769;154 705 682;1;0;2;1;19;5
202000020769;154 705 683;7;0;2;3;1;1
202000020770;154 705 681;7;0;1;0;26;0
202000020771;154 705 679;37;0;2;4;2;1
202000020771;154 705 680;33;0;2;1;2;1
202000020772;154 705 678;33;0;0;9;0;1
202000020773;154 705 676;2;0;2;8;15;1
202000020773;154 705 677;7;0;2;1;16;1
202000020774;154 705 674;10;0;2;1;15;0
202000020774;154 705 675;1;0;2;1;26;5
202000020775;154 705 673;7;13;0;2;21;1
202000020776;154 705 671;7;0;0;2;1;1
202000020776;154 705 672;35;0;2;3;11;1
202000020777;154 705 669;7;0;0;4;23;1
202000020777;154 705 670;30;0;2;1;1;1
202000020778;154 705 668;7;0;1;3;15;1
202000020779;154 705 667;7;11;1;1;17;1
202000020780;154 705 665;7;0;2;3;1;1
202000020780;154 705 666;7;0;2;7;0;1
202000020781;154 705 663;7;0;2;2;1;1
202000020781;154 705 664;32;0;2;1;16;1
202000020782;154 705 661;7;0;2;3;26;1
202000020782;154 705 662;1;0;2;1;1;0
202000020783;154 705 659;60;0;2;1;1;5
202000020783;154 705 660;7;0;2;1;1;1
202000020784;154 705 657;7;0;2;8;1;1
202000020784;154 705 658;7;0;2;8;1;1
202000020785;154 705 655;7;0;2;4;1;1
202000020785;154 705 656;7;0;2;1;1;0
202000020786;154 705 654;33;5;0;8;1;1
202000020787;154 705 652;2;0;2;1;1;1
202000020787;154 705 653;7;0;2;2;1;1
202000020788;154 705 650;7;0;2;2;1;1
202000020788;154 705 651;7;0;2;4;1;1
202000020789;154 705 648;1;0;2;2;16;0
202000020789;154 705 649;7;0;2;3;1;3
202000020790;154 705 646;50;0;2;1;2;3
202000020790;154 705 647;7;0;2;7;15;1
202000020791;154 705 644;7;0;2;1;1;1
202000020791;154 705 645;7;2;2;1;13;1
202000020792;154 705 642;2;0;2;1;1;1
202000020792;154 705 643;7;0;2;7;16;1
202000020793;154 705 641;7;0;1;3;15;1
202000020794;154 705 639;7;0;2;3;9;1
202000020794;154 705 640;1;0;2;1;1;5
202000020795;154 705 637;7;0;2;4;1;1
202000020795;154 705 638;7;0;2;1;1;1
202000020796;154 705 636;7;0;1;7;15;1
202000020797;154 705 634;30;0;2;3;3;1
202000020797;154 705 635;7;0;2;5;23;1
202000020798;154 705 633;7;0;1;3;15;1
202000020799;154 705 631;7;0;2;5;0;1
202000020799;154 705 632;2;0;2;9;0;1
202000020800;154 705 629;7;0;2;7;0;1
202000020800;154 705 630;7;0;2;1;0;1
202000020801;154 705 627;7;0;2;1;0;1
202000020801;154 705 628;7;0;2;8;0;1
202000020802;154 705 625;7;0;2;2;12;1
202000020802;154 705 626;7;0;2;0;1;1
202000020803;154 705 623;7;0;2;3;15;1
202000020803;154 705 624;7;0;2;1;17;1
202000020804;154 705 619;50;0;2;7;19;3
202000020804;154 705 620;7;0;9;1;16;1
202000020805;154 705 618;7;9;0;1;26;6
202000020806;154 705 616;7;0;2;7;1;1
202000020806;154 705 617;7;0;2;1;1;1
202000020807;154 705 614;7;0;2;4;2;1
202000020807;154 705 615;7;0;2;1;2;1
202000020808;154 705 613;30;8;0;1;21;1
202000020809;154 705 611;7;4;2;4;1;1
202000020809;154 705 612;7;0;2;1;2;-1
202000020810;154 705 609;7;0;2;5;1;1
202000020810;154 705 610;31;0;2;1;1;1
202000020811;154 705 608;7;1;1;1;2;1
202000020812;154 705 606;21;0;2;5;2;1
202000020812;154 705 607;1;0;2;1;2;5
202000020813;154 705 604;1;0;2;4;1;5
202000020813;154 705 605;7;0;2;3;15;1
202000020814;154 705 602;7;0;2;4;23;1
202000020814;154 705 603;33;0;2;1;2;1
202000020815;154 705 600;1;0;2;8;26;5
202000020815;154 705 601;15;0;2;7;1;1
202000020816;154 705 598;7;0;2;7;15;1
202000020816;154 705 599;2;0;2;1;1;1
202000020817;154 705 597;10;2;0;1;13;1
202000020818;154 705 595;7;0;2;3;9;1
202000020818;154 705 596;7;0;2;2;1;1
202000020819;154 705 594;2;0;2;3;26;0
202000020820;154 705 592;7;0;0;6;1;1
202000020820;154 705 593;7;0;2;1;1;1
202000020821;154 705 590;7;0;2;3;1;1
202000020821;154 705 591;30;0;2;1;17;1
202000020822;154 705 589;7;0;1;2;1;1
202000020823;154 705 587;7;0;2;7;15;1
202000020823;154 705 588;31;0;2;1;1;1
202000020824;154 705 585;7;0;2;3;1;1
202000020824;154 705 586;7;0;2;3;13;1
202000020825;154 705 583;7;0;2;3;1;1
202000020825;154 705 584;1;0;2;1;1;5
202000020826;154 705 581;2;0;4;8;0;1
202000020826;154 705 582;39;0;2;1;26;2
202000020827;154 705 579;2;0;2;1;17;1
202000020827;154 705 580;3;0;2;6;23;1
202000020828;154 705 577;7;0;2;1;15;0
202000020828;154 705 578;33;0;2;8;15;0
202000020829;154 705 575;10;0;2;6;1;1
202000020829;154 705 576;7;0;2;3;13;1
202000020830;154 705 573;7;0;2;1;1;1
202000020830;154 705 574;7;0;2;3;9;1
202000020831;154 705 571;7;0;2;3;1;1
202000020831;154 705 572;7;0;2;1;1;1
202000020832;154 705 569;7;0;2;5;2;1
202000020832;154 705 570;2;0;2;1;2;1
202000020833;154 705 568;7;0;1;2;1;1
202000020834;154 705 567;30;0;1;1;17;1
202000020835;154 705 565;10;0;2;1;16;1
202000020835;154 705 566;32;0;2;8;1;1
202000020836;154 705 563;10;0;1;6;4;1
202000020837;154 705 562;32;0;1;1;16;1
202000020838;154 705 560;1;0;2;2;1;5
202000020838;154 705 561;7;0;2;1;16;1
202000020839;154 705 558;37;0;2;5;11;1
202000020839;154 705 559;1;16;2;6;13;5
202000020840;154 705 556;1;0;2;8;19;5
202000020840;154 705 557;33;0;2;1;1;1
202000020841;154 705 555;7;1;0;2;14;1
202000020842;154 705 553;1;0;2;5;1;5
202000020842;154 705 554;7;0;2;3;9;1
202000020843;154 705 552;10;0;1;1;15;1
202000020844;154 705 550;7;0;2;1;1;1
202000020844;154 705 551;7;0;2;6;1;1
202000020845;154 705 549;33;0;1;2;1;1
202000020846;154 705 548;50;0;1;8;1;3
202000020847;154 705 547;7;2;0;1;14;1
202000020848;154 705 545;7;0;2;8;10;1
202000020848;154 705 546;34;0;2;7;1;1
202000020849;154 705 543;33;0;2;1;1;1
202000020849;154 705 544;1;0;2;2;1;5
202000020850;154 705 542;7;0;1;1;1;1
202000020851;154 705 541;7;0;1;6;1;2
202000020852;154 705 540;10;0;1;0;1;0
202000020853;154 705 539;7;0;1;1;1;1
202000020854;154 705 537;1;0;2;3;25;5
202000020854;154 705 538;7;0;9;2;9;1
202000020855;154 705 536;7;0;1;2;1;1
202000020856;154 705 534;33;0;2;1;2;1
202000020856;154 705 535;7;0;2;5;10;1
202000020857;154 705 532;7;0;2;8;1;1
202000020857;154 705 533;7;0;2;1;15;1
202000020858;154 705 530;30;0;2;1;0;0
202000020858;154 705 531;7;1;0;3;17;0
202000020859;154 705 529;99;0;1;4;20;0
202000020860;154 705 527;7;0;2;3;15;1
202000020860;154 705 528;34;0;2;2;17;1
202000020861;154 705 526;7;0;0;0;22;1
202000020862;154 705 524;33;0;2;8;3;1
202000020862;154 705 525;7;0;2;2;1;1
202000020863;154 705 522;7;0;2;1;15;0
202000020863;154 705 523;50;0;2;8;19;3
202000020864;154 705 520;7;0;0;4;1;1
202000020864;154 705 521;7;0;0;1;1;0
202000020865;154 705 518;34;0;2;4;15;1
202000020865;154 705 519;7;0;2;1;2;1
202000020866;154 705 516;7;0;2;7;21;1
202000020866;154 705 517;7;0;2;0;0;1
202000020867;154 705 512;0;0;2;1;1;0
202000020867;154 705 513;7;0;2;4;1;0
202000020867;154 705 514;7;0;2;4;1;0
202000020867;154 705 515;7;0;2;4;1;0
202000020868;154 705 510;99;0;2;1;1;1
202000020868;154 705 511;7;0;2;3;1;1
202000020869;154 705 508;7;0;2;1;1;1
202000020869;154 705 509;30;0;2;4;23;1
202000020870;154 705 506;7;0;9;3;15;0
202000020870;154 705 507;31;0;2;5;1;0
202000020871;154 705 504;80;0;2;2;1;3
202000020871;154 705 505;7;0;2;0;13;1
202000020872;154 705 503;33;0;1;1;1;1
202000020873;154 705 501;33;0;2;1;18;1
202000020873;154 705 502;7;0;2;2;16;1
202000020874;154 705 499;17;0;2;3;1;1