Num_Acc;id_vehicule;catv;obs;obsm;choc;manv;motor
202000020874;154 705 500;7;0;2;3;13;1
202000020875;154 705 497;7;0;2;1;1;0
202000020875;154 705 498;7;0;2;6;0;0
202000020876;154 705 496;7;5;0;2;0;1
202000020877;154 705 494;7;0;2;3;13;1
202000020877;154 705 495;7;0;2;3;1;1
202000020878;154 705 491;1;0;1;8;1;5
202000020878;154 705 492;33;0;2;1;13;1
202000020878;154 705 493;7;0;2;3;1;1
202000020879;154 705 489;33;0;2;1;1;1
202000020879;154 705 490;7;0;2;2;15;1
202000020880;154 705 487;15;0;0;6;1;1
202000020880;154 705 488;7;3;2;1;2;1
202000020881;154 705 486;7;16;0;0;13;1
202000020882;154 705 485;7;0;1;1;1;1
202000020883;154 705 483;10;0;0;4;1;1
202000020883;154 705 484;31;0;2;1;1;1
202000020884;154 705 482;7;0;0;0;1;1
202000020885;154 705 480;7;0;2;1;1;1
202000020885;154 705 481;10;0;2;1;17;1
202000020886;154 705 479;7;8;0;3;0;1
202000020887;154 705 478;7;6;0;2;1;0
202000020888;154 705 476;1;0;2;5;1;5
202000020888;154 705 477;7;0;9;3;9;3
202000020889;154 705 474;7;0;2;3;1;1
202000020889;154 705 475;2;0;2;7;6;1
202000020890;154 705 472;7;0;2;1;5;0
202000020890;154 705 473;7;0;2;1;5;0
202000020891;154 705 469;7;0;2;1;13;1
202000020891;154 705 470;7;0;2;1;1;1
202000020892;154 705 467;7;0;2;2;1;1
202000020892;154 705 468;7;0;2;3;1;1
202000020893;154 705 465;7;0;2;3;13;1
202000020893;154 705 466;7;0;2;3;1;1
202000020894;154 705 463;33;0;2;1;1;1
202000020894;154 705 464;7;0;2;3;19;1
202000020895;154 705 462;7;13;0;3;16;1
202000020896;154 705 461;2;13;0;7;0;1
202000020897;154 705 459;7;0;2;1;16;6
202000020897;154 705 460;2;0;2;1;1;6
202000020898;154 705 458;7;7;0;1;0;0
202000020899;154 705 457;36;9;0;1;1;1
202000020900;154 705 455;21;0;2;3;1;1
202000020900;154 705 456;33;0;2;1;13;1
202000020901;154 705 454;7;5;9;2;1;0
202000020902;154 705 452;7;0;2;1;1;1
202000020902;154 705 453;33;0;2;9;16;1
202000020903;154 705 451;10;0;1;1;15;1
202000020904;154 705 449;7;0;2;2;1;1
202000020904;154 705 450;7;0;2;7;17;1
202000020905;154 705 448;7;13;0;1;1;1
202000020906;154 705 447;7;13;0;2;1;1
202000020907;154 705 445;7;0;2;2;2;1
202000020907;154 705 446;7;0;0;6;2;1
202000020908;154 705 443;7;0;2;1;2;6
202000020908;154 705 444;7;0;0;4;23;6
202000020909;154 705 442;33;0;0;3;16;1
202000020910;154 705 440;7;0;2;2;0;1
202000020910;154 705 441;7;0;2;8;1;1
202000020911;154 705 439;7;0;0;9;1;1
202000020912;154 705 438;7;13;0;9;0;1
202000020913;154 705 437;7;0;1;4;20;1
202000020914;154 705 436;7;0;1;2;1;1
202000020915;154 705 435;33;0;0;7;1;1
202000020916;154 705 433;7;0;2;1;1;1
202000020916;154 705 434;7;0;0;4;1;1
202000020917;154 705 432;33;0;0;2;17;1
202000020918;154 705 430;33;13;0;1;13;1
202000020919;154 705 429;32;8;0;0;10;1
202000020920;154 705 427;7;0;2;8;15;1
202000020920;154 705 428;31;0;2;2;0;1
202000020921;154 705 425;1;0;0;0;0;5
202000020922;154 705 423;7;0;2;3;15;1
202000020922;154 705 424;33;0;2;1;17;1
202000020923;154 705 421;7;0;2;3;1;1
202000020923;154 705 422;7;0;2;3;1;1
202000020924;154 705 418;7;0;2;1;0;1
202000020924;154 705 419;7;0;2;4;0;1
202000020924;154 705 420;7;0;2;4;0;1
202000020925;154 705 415;7;0;2;2;1;1
202000020925;154 705 416;7;0;2;6;18;1
202000020925;154 705 417;7;0;2;6;1;1
202000020926;154 705 413;32;0;2;1;3;1
202000020926;154 705 414;7;0;2;4;1;1
202000020927;154 705 409;7;0;2;4;1;1
202000020927;154 705 410;7;0;2;1;1;1
202000020927;154 705 411;7;0;2;4;1;1
202000020927;154 705 412;7;0;2;4;1;1
202000020928;154 705 407;7;0;2;4;2;1
202000020928;154 705 408;7;0;2;1;1;1
202000020929;154 705 404;7;0;2;1;2;1
202000020929;154 705 405;7;0;2;4;1;1
202000020929;154 705 406;10;0;2;4;2;1
202000020930;154 705 402;7;0;2;8;11;1
202000020930;154 705 403;7;0;2;2;1;1
202000020931;154 705 400;33;0;2;3;1;0
202000020931;154 705 401;7;0;2;0;12;1
202000020932;154 705 398;7;0;2;2;2;1
202000020932;154 705 399;7;0;2;1;2;1
202000020933;154 705 396;7;0;2;0;0;1
202000020933;154 705 397;7;0;2;1;1;1
202000020934;154 705 393;7;0;2;1;1;1
202000020934;154 705 394;7;0;2;4;1;1
202000020934;154 705 395;7;0;2;4;1;1
202000020935;154 705 391;7;0;2;4;0;1
202000020935;154 705 392;10;15;0;1;26;1
202000020936;154 705 389;7;0;2;1;0;1
202000020936;154 705 390;7;0;2;4;2;1
202000020937;154 705 386;10;0;2;4;1;1
202000020937;154 705 387;7;0;2;6;23;1
202000020937;154 705 388;7;0;2;1;1;1
202000020938;154 705 382;7;0;2;6;1;1
202000020938;154 705 383;43;0;2;1;1;1
202000020938;154 705 384;7;0;2;4;1;1
202000020938;154 705 385;34;0;2;1;3;1
202000020939;154 705 379;7;0;2;2;1;1
202000020939;154 705 380;32;0;2;4;2;1
202000020939;154 705 381;33;0;2;1;2;1
202000020940;154 705 375;10;0;2;1;2;1
202000020940;154 705 376;7;0;2;4;2;1
202000020940;154 705 377;7;0;2;4;2;1
202000020940;154 705 378;7;0;2;4;2;1
202000020941;154 705 371;10;0;2;7;1;1
202000020941;154 705 372;10;0;2;1;0;0
202000020941;154 705 373;10;0;2;1;3;1
202000020942;154 705 370;2;12;0;1;26;1
202000020943;154 705 366;32;0;2;1;9;1
202000020943;154 705 367;7;0;2;7;9;1
202000020943;154 705 368;7;0;2;6;0;0
202000020943;154 705 369;7;0;2;2;0;1
202000020944;154 705 364;7;0;2;6;19;0
202000020944;154 705 365;33;0;2;1;26;1
202000020945;154 705 362;32;0;2;7;16;1
202000020945;154 705 363;2;0;2;8;2;1
202000020946;154 705 361;7;0;1;3;1;1
202000020947;154 705 359;7;0;2;3;15;1
202000020947;154 705 360;2;0;2;2;15;1
202000020948;154 705 357;10;0;2;4;20;1
202000020948;154 705 358;1;0;2;1;0;6
202000020949;154 705 355;1;0;2;1;2;0
202000020949;154 705 356;7;0;2;3;15;1
202000020950;154 705 354;7;0;1;2;1;0
202000020951;154 705 353;40;0;1;1;1;3
202000020952;154 705 352;7;0;1;1;1;1
202000020953;154 705 350;2;0;2;0;0;1
202000020953;154 705 351;10;0;2;6;9;1
202000020954;154 705 349;7;0;1;2;15;0
202000020955;154 705 347;7;0;2;3;1;1
202000020955;154 705 348;7;0;2;2;19;1
202000020956;154 705 346;7;0;1;2;1;0
202000020957;154 705 345;99;0;1;0;26;0
202000020958;154 705 344;3;8;0;8;13;1
202000020959;154 705 342;7;0;9;3;10;1
202000020959;154 705 343;1;0;2;1;1;0
202000020960;154 705 340;1;0;2;4;1;0
202000020960;154 705 341;7;0;2;1;9;1
202000020961;154 705 338;7;0;2;1;9;1
202000020961;154 705 339;1;0;2;7;1;5
202000020962;154 705 337;7;0;1;1;9;1
202000020963;154 705 332;7;0;1;1;1;1
202000020964;154 705 330;7;0;2;4;13;1
202000020964;154 705 331;10;0;2;1;26;0
202000020965;154 705 329;7;0;1;1;1;1
202000020966;154 705 327;7;0;2;3;15;1
202000020966;154 705 328;33;0;2;1;1;1
202000020967;154 705 326;7;0;1;2;16;1
202000020968;154 705 324;7;0;2;1;1;1
202000020968;154 705 325;7;0;2;4;1;1
202000020969;154 705 323;10;0;1;1;1;1
202000020970;154 705 321;7;0;2;0;0;1
202000020970;154 705 322;7;0;2;2;26;1
202000020971;154 705 320;10;0;1;2;26;1
202000020972;154 705 318;10;0;2;1;1;0
202000020972;154 705 319;7;0;2;3;15;0
202000020973;154 705 316;7;0;2;1;1;1
202000020973;154 705 317;1;0;2;7;19;5
202000020974;154 705 315;7;0;1;1;1;1
202000020975;154 705 313;30;0;2;1;17;1
202000020975;154 705 314;30;0;2;0;0;1
202000020976;154 705 311;7;0;2;1;16;1
202000020976;154 705 312;1;0;2;7;21;0
202000020977;154 705 309;2;0;2;7;14;1
202000020977;154 705 310;7;0;2;6;1;1
202000020978;154 705 307;7;0;2;2;1;1
202000020978;154 705 308;7;0;2;1;19;1
202000020979;154 705 306;2;6;0;1;1;1
202000020980;154 705 304;7;0;2;2;0;1
202000020980;154 705 305;33;1;0;8;1;1
202000020981;154 705 301;10;0;2;8;13;1
202000020981;154 705 302;7;0;2;7;1;1
202000020982;154 705 299;7;0;2;6;1;1
202000020982;154 705 300;31;0;2;1;3;1
202000020983;154 705 296;10;0;2;1;1;1
202000020983;154 705 297;10;3;2;6;1;1
202000020983;154 705 298;15;0;2;2;12;1
202000020984;154 705 293;7;0;2;1;1;1
202000020984;154 705 294;7;0;2;4;2;1
202000020984;154 705 295;7;0;2;4;2;1
202000020985;154 705 291;32;0;2;1;13;1
202000020985;154 705 292;10;0;2;4;1;0
202000020986;154 705 288;7;0;2;2;14;0
202000020986;154 705 289;33;0;2;1;3;1
202000020986;154 705 290;7;0;2;3;1;1
202000020987;154 705 286;34;0;0;0;26;1
202000020987;154 705 287;7;0;0;0;0;1
202000020988;154 705 285;33;0;0;0;21;1
202000020989;154 705 283;33;0;2;3;18;0
202000020989;154 705 284;7;0;2;5;1;0
202000020990;154 705 281;7;0;2;4;2;0
202000020990;154 705 282;7;0;2;1;1;0
202000020991;154 705 280;7;3;0;1;13;1
202000020992;154 705 278;7;0;2;5;12;1
202000020992;154 705 279;32;0;2;1;3;1
202000020993;154 705 276;7;0;2;4;2;1
202000020993;154 705 277;7;0;2;1;2;1
202000020994;154 705 274;15;0;2;7;0;0
202000020994;154 705 275;7;0;2;3;0;1
202000020995;154 705 273;7;4;2;2;21;1
202000020996;154 705 271;33;0;2;4;2;1
202000020996;154 705 272;42;0;2;1;2;1
202000020997;154 705 269;33;0;2;1;3;1
202000020997;154 705 270;7;0;2;4;11;1
202000020998;154 705 267;7;0;2;2;1;1
202000020998;154 705 268;7;0;2;3;11;1
202000020999;154 705 264;33;1;2;2;1;1
202000020999;154 705 265;10;0;2;5;1;1
202000020999;154 705 266;7;0;2;6;24;1
202000021000;154 705 263;13;16;0;7;1;1
202000021001;154 705 261;31;0;2;1;3;1
202000021001;154 705 262;7;0;2;3;15;1
202000021002;154 705 259;1;0;2;1;1;0
202000021002;154 705 260;7;0;2;0;0;0
202000021003;154 705 257;7;0;0;7;20;1
202000021003;154 705 258;30;0;2;1;18;1
202000021004;154 705 255;10;0;2;1;1;1
202000021004;154 705 256;7;0;2;5;1;1
202000021005;154 705 253;7;0;2;0;15;1
202000021005;154 705 254;33;0;2;1;1;1
202000021006;154 705 251;33;0;2;7;1;1
202000021006;154 705 252;7;0;2;3;15;1
202000021007;154 705 249;32;0;2;1;17;1
202000021007;154 705 250;7;0;2;6;15;1
202000021008;154 705 248;7;0;1;1;26;6
202000021009;154 705 246;7;0;2;2;15;6
202000021009;154 705 247;31;0;2;7;1;0
202000021010;154 705 242;7;0;2;4;23;1
202000021010;154 705 243;7;0;2;4;23;1
202000021010;154 705 244;7;0;2;1;1;1
202000021011;154 705 241;31;0;0;0;-1;-1
202000021012;154 705 240;30;12;0;1;1;1
202000021013;154 705 239;7;0;1;1;20;1
202000021014;154 705 238;7;0;1;1;1;1
202000021015;154 705 236;7;0;2;2;2;1
202000021015;154 705 237;2;6;2;4;2;1
202000021016;154 705 234;32;0;2;1;2;1
202000021016;154 705 235;50;0;2;8;19;3
202000021017;154 705 232;30;0;2;8;3;1
202000021017;154 705 233;7;0;2;7;1;1
202000021018;154 705 230;7;0;2;5;1;1
202000021018;154 705 231;7;0;2;1;19;1
202000021019;154 705 228;7;0;2;1;1;1
202000021019;154 705 229;7;0;2;1;17;1
202000021020;154 705 227;7;0;1;1;0;1
202000021021;154 705 223;30;0;2;1;2;0
202000021021;154 705 224;7;0;2;0;0;0
202000021022;154 705 221;7;0;2;1;1;0
202000021022;154 705 222;7;0;2;3;19;0
202000021023;154 705 218;7;0;2;4;24;1
202000021023;154 705 219;7;1;2;1;1;1
202000021023;154 705 220;10;0;2;6;9;1
202000021024;154 705 216;1;0;2;1;1;5
202000021024;154 705 217;7;0;9;1;15;1
202000021025;154 705 214;2;0;2;1;17;1
202000021025;154 705 215;7;0;2;3;15;1
202000021026;154 705 212;1;0;2;0;26;5
202000021026;154 705 213;7;0;9;4;4;1
202000021027;154 705 210;7;0;2;6;1;1
202000021027;154 705 211;33;0;2;1;1;1
202000021028;154 705 208;1;0;2;3;1;5
202000021028;154 705 209;7;0;9;2;1;1
202000021029;154 705 206;7;0;2;2;19;1
202000021029;154 705 207;33;0;2;1;1;1
202000021030;154 705 204;7;0;2;8;15;1
202000021030;154 705 205;31;0;2;2;17;1
202000021031;154 705 202;7;0;2;1;1;1
202000021031;154 705 203;33;0;2;7;19;1
202000021032;154 705 201;7;15;0;2;26;1
202000021033;154 705 199;7;0;2;1;5;1
202000021033;154 705 200;7;0;2;1;0;6
202000021034;154 705 197;1;0;2;8;1;-1
202000021034;154 705 198;7;0;9;3;26;1
202000021035;154 705 195;7;0;2;3;23;1
202000021035;154 705 196;7;0;2;3;5;1
202000021036;154 705 194;37;0;1;8;16;1
202000021037;154 705 192;7;0;2;1;19;1
202000021037;154 705 193;7;0;2;8;19;1
202000021038;154 705 191;2;16;0;8;13;1
202000021039;154 705 188;33;0;2;4;1;1
202000021039;154 705 189;7;0;2;4;1;1
202000021039;154 705 190;7;0;2;1;2;1
202000021040;154 705 187;50;0;1;1;25;3
202000021041;154 705 185;1;0;2;1;1;5
202000021041;154 705 186;7;0;2;2;15;1
202000021042;154 705 183;2;0;2;1;17;1
202000021042;154 705 184;7;0;9;3;15;1
202000021043;154 705 181;7;0;9;3;1;1
202000021043;154 705 182;1;0;2;7;1;5
202000021044;154 705 180;33;0;0;7;1;1
202000021045;154 705 179;7;0;1;5;17;1
202000021046;154 705 177;13;0;2;1;26;6
202000021046;154 705 178;7;0;2;4;0;6
202000021047;154 705 175;30;0;2;1;26;1
202000021047;154 705 176;7;0;2;4;26;1
202000021048;154 705 174;7;2;0;3;1;1
202000021049;154 705 173;1;0;1;5;1;5
202000021050;154 705 171;1;0;2;1;1;5
202000021050;154 705 172;7;0;2;2;16;1
202000021051;154 705 169;7;0;2;3;15;1
202000021051;154 705 170;1;0;2;0;0;5
202000021052;154 705 167;7;8;2;3;1;1
202000021052;154 705 168;7;0;2;7;15;1
202000021053;154 705 165;7;0;2;3;1;1
202000021053;154 705 166;1;0;2;1;19;5
202000021054;154 705 163;33;0;2;1;18;1
202000021054;154 705 164;7;0;2;8;15;1
202000021055;154 705 161;7;0;2;4;1;1
202000021055;154 705 162;7;0;2;1;1;1
202000021056;154 705 159;7;0;2;1;1;1
202000021056;154 705 160;7;0;2;1;13;1
202000021057;154 705 158;7;0;0;1;1;1
202000021058;154 705 156;33;0;2;1;2;1
202000021058;154 705 157;15;0;2;6;2;1
202000021059;154 705 154;7;0;0;4;2;1
202000021059;154 705 155;7;0;2;1;2;1
202000021060;154 705 153;7;0;1;3;1;1
202000021061;154 705 152;7;0;1;1;26;0
202000021062;154 705 150;1;0;2;0;2;0
202000021062;154 705 151;7;0;2;2;17;0
202000021063;154 705 147;33;12;0;7;1;1
202000021064;154 705 144;7;0;2;1;2;1
202000021064;154 705 145;7;0;0;4;1;1
202000021065;154 705 143;32;0;0;8;0;1
202000021066;154 705 141;7;0;2;1;2;0
202000021066;154 705 142;7;0;2;4;1;0
202000021067;154 705 140;7;4;0;1;0;1
202000021068;154 705 139;33;13;0;1;14;1
202000021069;154 705 138;7;0;1;1;1;1
202000021070;154 705 136;7;0;2;1;1;1
202000021070;154 705 137;31;0;2;1;5;1
202000021071;154 705 134;80;0;2;2;1;3
202000021071;154 705 135;7;0;2;1;9;1
202000021072;154 705 132;1;0;2;0;0;5
202000021072;154 705 133;7;0;2;1;1;1
202000021073;154 705 129;7;0;2;3;1;1
202000021073;154 705 130;7;0;2;4;1;1
202000021073;154 705 131;7;0;2;1;2;1
202000021074;154 705 127;7;0;2;0;12;0
202000021074;154 705 128;43;0;2;8;3;1
202000021075;154 705 125;7;0;2;1;11;1
202000021075;154 705 126;7;0;2;4;1;1
202000021076;154 705 124;33;4;0;8;13;1
202000021077;154 705 122;33;0;2;7;1;1
202000021077;154 705 123;7;0;2;3;22;1
202000021078;154 705 119;7;0;2;1;1;1
202000021078;154 705 120;7;0;2;4;23;1
202000021078;154 705 121;7;0;2;4;1;1
202000021079;154 705 118;50;0;0;0;1;3
202000021080;154 705 117;60;0;1;4;25;5
202000021081;154 705 116;30;0;1;1;1;1
202000021082;154 705 114;7;0;2;1;1;1
202000021082;154 705 115;7;0;2;2;15;2
202000021083;154 705 113;7;0;1;1;15;1
202000021084;154 705 111;1;0;2;1;1;5
202000021084;154 705 112;7;0;2;3;16;1
202000021085;154 705 109;7;0;2;2;1;1
202000021085;154 705 110;1;0;2;8;16;5
202000021086;154 705 108;1;0;1;1;1;5
202000021087;154 705 106;1;0;2;1;19;5
202000021087;154 705 107;31;0;2;7;1;1
202000021088;154 705 105;7;2;0;1;14;1
202000021089;154 705 103;7;0;2;0;12;1
202000021089;154 705 104;31;0;2;8;3;1
202000021090;154 705 101;7;0;2;2;1;1
202000021090;154 705 102;7;1;2;3;9;1
202000021091;154 705 099;30;0;2;4;23;1
202000021091;154 705 100;1;0;2;1;2;5
202000021092;154 705 097;7;0;2;2;15;1
202000021092;154 705 098;33;0;2;1;1;1
202000021093;154 705 095;1;0;2;1;18;5
202000021093;154 705 096;50;0;2;5;16;3
202000021094;154 705 094;7;0;1;2;20;1
202000021095;154 705 092;7;0;2;6;15;1
202000021095;154 705 093;33;0;2;1;18;1
202000021096;154 705 090;1;0;2;1;1;5
202000021096;154 705 091;80;0;2;4;1;3
202000021097;154 705 088;60;0;2;1;19;5
202000021097;154 705 089;1;0;2;1;1;5
202000021098;154 705 086;33;0;2;1;1;1
202000021098;154 705 087;7;0;2;8;15;1
202000021099;154 705 082;60;0;2;0;26;5
202000021099;154 705 083;10;0;2;3;1;1
202000021100;154 705 080;7;0;2;3;1;1
202000021100;154 705 081;7;0;2;1;5;1
202000021101;154 705 079;7;1;1;3;15;0
202000021102;154 705 077;7;0;2;7;2;1
202000021102;154 705 078;1;0;0;8;2;0
202000021103;154 705 076;7;0;1;3;26;1
202000021104;154 705 075;7;12;0;2;26;1
202000021105;154 705 072;7;14;0;1;1;1
202000021105;154 705 073;7;12;0;4;1;1
202000021105;154 705 074;7;12;0;4;15;1
202000021106;154 705 070;33;0;2;1;0;1
202000021106;154 705 071;7;0;2;2;15;1
202000021107;154 705 068;33;0;2;8;1;1
202000021107;154 705 069;7;0;2;3;15;1
202000021108;154 705 067;7;0;1;1;1;1
202000021109;154 705 065;7;0;0;8;1;1
202000021109;154 705 066;31;0;2;2;17;1
202000021110;154 705 063;7;0;2;2;9;1
202000021110;154 705 064;1;0;0;4;23;0
202000021111;154 705 062;7;0;1;1;1;0
202000021112;154 705 060;7;0;2;1;26;0
202000021112;154 705 061;1;0;9;4;26;5
202000021113;154 705 059;37;0;1;2;1;1
202000021114;154 705 058;33;14;0;2;1;1
202000021115;154 705 056;33;0;2;1;17;1
202000021115;154 705 057;7;0;2;3;15;1
202000021116;154 705 054;13;1;0;5;26;1
202000021116;154 705 055;31;1;0;5;9;1
202000021117;154 705 053;20;0;1;3;26;0
202000021118;154 705 052;7;0;1;2;1;1
202000021119;154 705 050;33;0;2;4;11;1
202000021119;154 705 051;30;0;2;1;1;0
202000021120;154 705 049;30;2;0;3;13;1
202000021121;154 705 048;7;0;1;7;1;0
202000021122;154 705 046;2;0;0;1;0;0
202000021122;154 705 047;7;0;0;3;16;0
202000021123;154 705 044;7;0;2;4;2;2
202000021123;154 705 045;7;0;1;1;2;1
202000021124;154 705 042;33;0;2;3;1;1
202000021124;154 705 043;7;0;2;2;16;1
202000021125;154 705 040;31;0;2;1;1;1
202000021125;154 705 041;7;0;2;5;15;1
202000021126;154 705 039;7;0;1;3;1;1
202000021127;154 705 038;30;0;0;0;21;1
202000021128;154 705 037;33;0;0;7;1;1
202000021129;154 705 035;1;0;2;7;1;5
202000021129;154 705 036;10;0;2;2;16;1
202000021130;154 705 032;7;12;0;5;1;1
202000021130;154 705 033;7;0;2;5;2;1
202000021130;154 705 034;7;0;2;2;1;1
202000021131;154 705 031;34;1;0;8;18;1
202000021132;154 705 029;7;1;2;3;9;1
202000021132;154 705 030;33;0;2;7;1;1
202000021133;154 705 027;50;0;2;1;19;3
202000021133;154 705 028;7;0;0;0;0;0
202000021134;154 705 025;31;0;2;8;9;1
202000021134;154 705 026;7;0;2;2;16;1
202000021135;154 705 024;33;0;0;8;0;1
202000021136;154 705 023;7;2;0;1;0;1
202000021137;154 705 022;33;3;0;3;1;1
202000021138;154 705 020;30;0;2;1;1;1
202000021138;154 705 021;21;0;2;3;1;1
202000021139;154 705 017;33;0;2;1;0;1
202000021139;154 705 018;7;0;2;3;1;1
202000021139;154 705 019;15;0;2;6;1;1
202000021140;154 705 015;7;0;2;7;16;1
202000021140;154 705 016;1;0;0;8;1;5
202000021141;154 705 013;7;0;2;3;0;1
202000021141;154 705 014;33;0;2;1;0;1
202000021142;154 705 012;7;0;1;1;2;1
202000021143;154 705 011;7;6;0;1;0;1
202000021144;154 705 009;10;0;2;3;1;0
202000021144;154 705 010;10;0;2;3;13;0
202000021145;154 705 007;2;12;2;2;15;1
202000021145;154 705 008;7;0;2;2;1;1
202000021146;154 705 005;7;0;9;1;1;1
202000021146;154 705 006;1;0;2;1;9;5
202000021147;154 705 004;7;15;0;3;1;1
202000021148;154 705 002;7;0;2;8;1;1
202000021148;154 705 003;7;0;2;1;19;1
202000021149;154 705 001;3;0;0;0;1;3
202000021150;154 704 999;7;7;2;1;1;1
202000021150;154 705 000;7;0;2;7;19;1
202000021151;154 704 997;7;0;0;3;23;0
202000021151;154 704 998;1;0;2;1;14;5
202000021152;154 704 996;7;2;0;1;14;1
202000021153;154 704 995;10;0;1;1;1;1
202000021154;154 704 993;1;0;2;7;19;5
202000021154;154 704 994;7;0;9;1;1;1
202000021155;154 704 991;10;0;2;3;15;1
202000021155;154 704 992;2;0;2;0;0;1
202000021156;154 704 987;7;0;2;8;1;1
202000021156;154 704 988;7;0;2;3;13;1
202000021156;154 704 989;7;0;2;3;1;1
202000021157;154 704 985;7;0;2;6;15;1
202000021157;154 704 986;34;0;2;1;1;1
202000021158;154 704 983;7;0;2;2;1;1
202000021158;154 704 984;33;0;2;1;13;1
202000021159;154 704 981;1;0;2;1;1;5
202000021159;154 704 982;7;0;2;2;19;1
202000021160;154 704 980;7;13;0;9;1;1
202000021161;154 704 978;7;0;2;1;1;1
202000021161;154 704 979;7;0;2;3;9;1
202000021162;154 704 976;7;3;0;1;1;1
202000021162;154 704 977;7;3;0;7;15;1
202000021163;154 704 974;7;6;2;3;1;1
202000021163;154 704 975;7;0;0;5;1;1
202000021164;154 704 973;7;0;1;1;1;1
202000021165;154 704 971;7;0;2;2;15;1
202000021165;154 704 972;7;0;2;3;1;1
202000021166;154 704 969;7;6;0;3;1;0
202000021166;154 704 970;7;0;0;3;13;0
202000021167;154 704 967;33;0;2;4;17;1
202000021167;154 704 968;7;0;2;2;1;1
202000021168;154 704 965;33;0;2;7;17;1
202000021168;154 704 966;7;0;2;3;15;1
202000021169;154 704 963;33;3;2;8;1;1
202000021169;154 704 964;7;0;2;8;17;1
202000021170;154 704 962;7;6;0;1;16;1
202000021171;154 704 961;7;0;0;0;21;1
202000021172;154 704 959;34;0;2;7;1;1
202000021172;154 704 960;1;0;2;7;13;5
202000021173;154 704 958;33;0;1;3;1;1
202000021174;154 704 957;43;12;0;7;14;1
202000021175;154 704 956;50;0;1;1;1;3
202000021176;154 704 955;50;0;1;1;1;3
202000021177;154 704 954;1;1;0;1;1;5
202000021178;154 704 953;7;8;0;1;1;1
202000021179;154 704 951;1;0;2;1;1;5
202000021179;154 704 952;1;0;2;1;13;5
202000021180;154 704 949;7;0;2;8;1;0
202000021180;154 704 950;7;0;2;1;1;0
202000021181;154 704 948;10;8;1;7;15;1
202000021182;154 704 946;32;0;2;1;1;1
202000021182;154 704 947;7;0;2;2;16;1
202000021183;154 704 945;32;0;0;0;1;1
202000021184;154 704 944;7;4;0;0;17;1
202000021185;154 704 942;7;0;2;3;26;1
202000021185;154 704 943;7;1;2;1;26;1
202000021186;154 704 941;34;0;1;3;26;0
202000021187;154 704 939;33;0;2;7;1;1
202000021187;154 704 940;10;0;2;2;9;1
202000021188;154 704 937;2;0;2;2;2;1
202000021188;154 704 938;7;0;2;3;2;0
202000021189;154 704 935;7;0;2;8;21;1
202000021189;154 704 936;7;0;2;9;15;1
202000021190;154 704 933;99;0;2;1;13;1
202000021190;154 704 934;7;0;2;6;15;1
202000021191;154 704 932;7;0;1;4;26;1
202000021192;154 704 930;7;0;2;2;14;1
202000021192;154 704 931;2;0;2;2;5;0
202000021193;154 704 929;10;0;1;2;26;6
202000021194;154 704 927;33;0;2;1;2;1
202000021194;154 704 928;7;0;2;2;15;1
202000021195;154 704 925;43;0;2;7;19;0
202000021195;154 704 926;10;0;2;1;19;0
202000021196;154 704 924;7;9;1;1;1;1
202000021197;154 704 923;7;0;1;1;16;1
202000021198;154 704 921;7;0;9;1;19;0
202000021198;154 704 922;1;0;2;7;1;5
202000021199;154 704 920;15;3;0;8;1;1
202000021200;154 704 918;1;0;2;2;21;5
202000021200;154 704 919;7;0;2;7;19;1
202000021201;154 704 916;1;0;2;8;13;5
202000021201;154 704 917;33;0;9;7;1;1
202000021202;154 704 914;7;0;2;5;15;1
202000021202;154 704 915;33;0;2;4;1;1
202000021203;154 704 912;7;0;2;1;13;1
202000021203;154 704 913;15;0;2;3;1;1
202000021204;154 704 911;10;2;0;1;13;1
202000021205;154 704 909;7;0;2;3;9;1
202000021205;154 704 910;7;0;2;1;21;1
202000021206;154 704 908;7;15;0;1;1;1
202000021207;154 704 906;7;0;2;3;13;1
202000021207;154 704 907;15;0;2;3;1;1
202000021208;154 704 905;7;3;0;1;0;1
202000021209;154 704 904;7;6;0;3;1;1
202000021210;154 704 902;10;8;2;2;1;1
202000021210;154 704 903;7;0;2;2;15;1
202000021211;154 704 900;7;0;2;2;17;1
202000021211;154 704 901;7;0;0;3;15;1
202000021212;154 704 899;7;13;0;3;1;1
202000021213;154 704 898;7;13;0;9;13;1
202000021214;154 704 897;7;16;0;9;1;1
202000021215;154 704 896;7;2;0;1;13;1
202000021216;154 704 894;7;0;2;1;1;1
202000021216;154 704 895;7;0;2;8;1;1
202000021217;154 704 891;7;0;1;3;1;0
202000021218;154 704 889;7;0;2;2;15;1
202000021218;154 704 890;10;0;2;2;1;1
202000021219;154 704 887;7;0;2;1;1;1
202000021219;154 704 888;7;0;2;1;1;1
202000021220;154 704 885;10;0;2;2;1;1
202000021220;154 704 886;1;0;2;1;1;5
202000021221;154 704 880;7;0;2;4;2;1
202000021221;154 704 881;7;0;2;1;2;1
202000021221;154 704 882;7;0;2;1;2;1
202000021222;154 704 879;7;13;6;9;0;0
202000021223;154 704 877;15;0;0;4;2;1
202000021223;154 704 878;7;3;2;1;2;1