Num_Acc;id_vehicule;catv;obs;obsm;choc;manv;motor
202000023719;154 700 499;7;0;2;1;15;1
202000023720;154 700 496;7;0;0;9;14;1
202000023721;154 700 494;7;0;9;2;22;1
202000023721;154 700 495;1;1;0;3;25;5
202000023722;154 700 492;7;0;2;3;1;1
202000023722;154 700 493;33;0;2;1;1;1
202000023723;154 700 490;7;0;2;2;1;1
202000023723;154 700 491;7;0;2;1;1;1
202000023724;154 700 488;7;0;2;3;1;1
202000023724;154 700 489;10;0;2;2;15;1
202000023725;154 700 486;33;7;0;1;13;1
202000023726;154 700 487;2;0;0;8;1;3
202000023727;154 700 485;32;0;0;0;1;1
202000023728;154 700 482;7;0;2;3;19;0
202000023728;154 700 484;7;0;2;1;1;1
202000023729;154 700 479;7;0;0;7;1;1
202000023729;154 700 480;7;0;0;1;1;1
202000023730;154 700 481;7;0;2;4;2;1
202000023730;154 700 483;7;0;2;1;2;1
202000023731;154 700 477;7;0;2;1;0;1
202000023731;154 700 478;7;0;2;1;0;1
202000023732;154 700 475;34;0;2;1;0;1
202000023732;154 700 476;7;0;2;0;0;1
202000023733;154 700 474;7;6;0;2;14;0
202000023734;154 700 473;7;1;2;2;1;1
202000023735;154 700 472;7;0;1;8;1;1
202000023736;154 700 470;7;0;2;3;26;1
202000023736;154 700 471;7;0;2;2;26;1
202000023737;154 700 466;33;0;0;0;1;1
202000023738;154 700 467;37;0;2;3;1;1
202000023738;154 700 468;3;0;2;1;17;1
202000023739;154 700 462;7;0;2;1;1;1
202000023739;154 700 463;13;0;2;4;1;1
202000023739;154 700 465;7;0;2;1;1;1
202000023740;154 700 459;33;0;2;2;1;0
202000023740;154 700 460;10;0;2;4;11;0
202000023741;154 700 461;37;0;2;5;1;3
202000023741;154 700 464;7;0;2;1;1;1
202000023742;154 700 457;7;4;2;2;17;1
202000023742;154 700 458;10;5;2;6;26;1
202000023743;154 700 456;7;0;1;4;20;1
202000023744;154 700 453;7;0;2;0;0;0
202000023744;154 700 454;50;0;2;7;1;3
202000023745;154 700 451;7;0;2;6;2;1
202000023745;154 700 452;32;0;2;1;2;1
202000023746;154 700 450;7;0;1;3;1;1
202000023747;154 700 448;7;4;0;5;1;1
202000023747;154 700 449;7;4;0;1;12;1
202000023748;154 700 446;10;0;2;6;19;1
202000023748;154 700 447;30;0;2;1;1;1
202000023749;154 700 445;34;7;0;1;7;1
202000023750;154 700 443;7;0;2;1;16;1
202000023750;154 700 444;1;0;2;8;1;0
202000023751;154 700 438;33;0;2;1;1;1
202000023751;154 700 440;7;0;2;4;9;1
202000023752;154 700 437;7;0;2;4;23;1
202000023752;154 700 439;7;0;2;7;23;1
202000023752;154 700 441;7;0;2;4;23;1
202000023752;154 700 442;7;0;2;1;1;1
202000023753;154 700 436;7;13;0;0;1;1
202000023754;154 700 435;30;0;1;7;1;3
202000023755;154 700 433;50;0;2;1;15;3
202000023755;154 700 434;7;0;9;3;1;1
202000023756;154 700 430;32;12;0;1;1;1
202000023757;154 700 431;2;0;2;1;1;1
202000023757;154 700 432;7;0;2;1;10;1
202000023758;154 700 427;7;0;2;2;1;0
202000023758;154 700 428;1;0;2;0;0;5
202000023759;154 700 425;7;0;2;5;1;1
202000023759;154 700 426;7;0;2;3;1;1
202000023759;154 700 429;7;0;2;0;9;0
202000023760;154 700 421;7;1;2;1;1;1
202000023760;154 700 423;7;0;2;5;19;1
202000023761;154 700 420;7;0;2;1;16;1
202000023761;154 700 422;7;0;2;3;1;1
202000023762;154 700 418;30;0;2;3;1;1
202000023762;154 700 419;7;0;2;7;15;1
202000023763;154 700 414;7;1;2;1;7;1
202000023763;154 700 416;7;9;0;5;16;1
202000023763;154 700 417;7;0;2;7;1;1
202000023764;154 700 413;33;0;2;4;23;1
202000023764;154 700 415;7;0;2;1;1;0
202000023765;154 700 411;99;0;2;3;19;0
202000023765;154 700 412;7;0;2;3;9;1
202000023766;154 700 410;60;0;0;0;19;5
202000023767;154 700 408;7;0;2;1;1;1
202000023767;154 700 409;30;0;2;1;1;1
202000023768;154 700 406;32;0;2;1;17;1
202000023768;154 700 407;7;0;2;4;10;1
202000023769;154 700 404;7;0;1;1;1;0
202000023770;154 700 403;7;0;2;3;2;1
202000023770;154 700 405;50;0;2;0;19;3
202000023771;154 700 401;32;0;1;3;1;1
202000023772;154 700 400;30;0;2;1;1;1
202000023772;154 700 402;7;0;2;3;1;1
202000023773;154 700 399;7;0;1;1;15;1
202000023774;154 700 398;3;1;0;2;26;1
202000023775;154 700 395;1;0;2;8;19;5
202000023775;154 700 396;7;0;2;1;1;1
202000023776;154 700 394;7;0;2;3;13;1
202000023776;154 700 397;30;0;2;3;1;1
202000023777;154 700 391;7;0;2;7;22;1
202000023777;154 700 393;50;0;2;1;1;3
202000023778;154 700 390;7;8;2;1;15;0
202000023778;154 700 392;7;0;2;2;23;0
202000023779;154 700 388;7;0;1;2;1;1
202000023780;154 700 387;7;0;2;6;15;1
202000023780;154 700 389;33;0;2;1;17;0
202000023781;154 700 384;7;0;2;6;1;1
202000023781;154 700 386;7;6;2;1;26;1
202000023782;154 700 383;7;0;2;1;19;1
202000023782;154 700 385;7;0;2;1;1;1
202000023783;154 700 381;7;0;2;2;12;1
202000023783;154 700 382;33;0;2;8;1;1
202000023784;154 700 378;60;0;2;3;1;5
202000023784;154 700 379;7;0;2;3;1;1
202000023785;154 700 377;7;0;2;2;26;1
202000023785;154 700 380;1;0;0;7;26;5
202000023786;154 700 376;32;15;0;1;1;1
202000023787;154 700 373;10;0;0;3;1;1
202000023787;154 700 375;2;0;2;1;1;1
202000023788;154 700 371;32;15;0;1;16;1
202000023789;154 700 372;30;0;2;7;26;0
202000023789;154 700 374;7;0;2;2;16;0
202000023790;154 700 369;7;0;2;2;1;1
202000023790;154 700 370;30;0;2;3;15;1
202000023791;154 700 367;30;1;0;0;0;1
202000023791;154 700 368;7;1;0;0;23;1
202000023792;154 700 365;7;0;2;0;1;1
202000023792;154 700 366;1;0;2;1;1;5
202000023793;154 700 363;7;0;2;5;16;1
202000023793;154 700 364;32;0;2;1;1;1
202000023794;154 700 362;1;0;0;0;1;5
202000023795;154 700 360;10;0;1;1;15;1
202000023796;154 700 359;7;0;2;1;1;1
202000023796;154 700 361;7;0;2;1;1;1
202000023797;154 700 358;7;0;1;1;1;1
202000023798;154 700 357;2;15;0;1;14;1
202000023799;154 700 355;1;0;2;1;26;6
202000023799;154 700 356;34;1;9;8;9;1
202000023800;154 700 354;2;0;0;7;1;0
202000023801;154 700 352;7;0;2;3;15;1
202000023801;154 700 353;7;0;2;1;1;1
202000023802;154 700 348;2;0;2;4;1;1
202000023802;154 700 350;7;0;2;1;1;1
202000023803;154 700 346;7;0;2;2;1;1
202000023803;154 700 347;30;0;2;1;16;1
202000023804;154 700 349;7;13;0;1;1;1
202000023805;154 700 344;32;0;9;7;1;1
202000023805;154 700 345;60;0;2;8;15;5
202000023806;154 700 342;10;1;0;1;0;1
202000023807;154 700 341;1;0;0;0;2;0
202000023807;154 700 343;1;0;0;0;2;0
202000023808;154 700 339;7;0;2;1;2;0
202000023808;154 700 340;2;0;0;4;2;0
202000023809;154 700 334;7;0;2;1;1;1
202000023809;154 700 335;7;0;2;3;15;1
202000023810;154 700 332;31;0;0;8;16;1
202000023811;154 700 331;7;0;2;7;13;1
202000023811;154 700 333;7;0;2;1;1;1
202000023812;154 700 329;7;0;0;4;15;1
202000023812;154 700 330;30;0;2;1;15;1
202000023813;154 700 326;7;2;0;3;0;1
202000023814;154 700 321;32;0;2;2;1;1
202000023814;154 700 322;7;0;0;6;11;1
202000023815;154 700 320;7;0;2;4;2;1
202000023815;154 700 323;7;0;2;4;2;1
202000023815;154 700 324;7;0;2;4;2;1
202000023815;154 700 325;7;0;2;4;2;1
202000023815;154 700 327;15;0;2;4;2;1
202000023815;154 700 328;15;0;2;1;2;1
202000023816;154 700 319;1;0;1;1;1;5
202000023817;154 700 318;7;13;0;1;1;1
202000023818;154 700 317;7;6;0;8;14;1
202000023819;154 700 315;7;13;0;4;4;1
202000023819;154 700 316;7;13;0;4;4;1
202000023820;154 700 313;7;0;2;3;2;1
202000023820;154 700 314;7;0;2;3;2;1
202000023821;154 700 312;7;0;1;7;1;1
202000023822;154 700 310;10;0;2;1;19;1
202000023822;154 700 311;7;8;2;3;1;0
202000023823;154 700 308;7;0;2;2;17;1
202000023823;154 700 309;1;0;2;4;2;5
202000023824;154 700 307;7;2;0;1;14;1
202000023825;154 700 305;7;13;0;7;1;1
202000023826;154 700 304;7;8;0;3;1;1
202000023826;154 700 306;7;8;0;8;1;1
202000023827;154 700 301;7;0;2;7;19;1
202000023827;154 700 303;7;0;2;1;1;1
202000023828;154 700 300;7;0;2;1;1;1
202000023828;154 700 302;1;0;2;2;19;5
202000023829;154 700 299;10;0;1;5;25;1
202000023830;154 700 296;7;0;0;0;15;1
202000023830;154 700 297;7;0;2;4;0;1
202000023830;154 700 298;7;0;2;1;2;1
202000023831;154 700 295;7;16;0;3;1;1
202000023832;154 700 292;7;0;2;1;0;1
202000023832;154 700 294;31;0;2;0;0;1
202000023833;154 700 291;13;0;2;1;19;1
202000023833;154 700 293;2;0;2;1;1;1
202000023834;154 700 290;7;2;0;9;1;1
202000023835;154 700 289;2;14;0;1;1;1
202000023836;154 700 288;7;13;0;1;1;1
202000023837;154 700 286;7;0;2;1;21;1
202000023837;154 700 287;3;0;2;3;9;1
202000023838;154 700 285;33;6;0;1;17;1
202000023839;154 700 283;7;0;2;3;1;1
202000023839;154 700 284;7;0;2;3;1;1
202000023840;154 700 279;33;0;2;1;1;1
202000023840;154 700 281;7;0;0;5;1;1
202000023841;154 700 278;7;0;2;3;1;1
202000023841;154 700 280;13;10;0;5;2;1
202000023841;154 700 282;7;0;2;1;17;1
202000023842;154 700 276;7;0;2;3;1;1
202000023842;154 700 277;7;0;2;3;5;1
202000023843;154 700 275;7;0;0;1;1;1
202000023844;154 700 274;7;13;0;2;1;1
202000023845;154 700 272;7;4;0;2;1;1
202000023846;154 700 271;10;0;2;3;13;1
202000023846;154 700 273;80;0;2;3;1;3
202000023847;154 700 270;7;2;0;2;1;1
202000023848;154 700 268;7;0;2;1;1;1
202000023848;154 700 269;7;0;2;3;15;1
202000023849;154 700 265;7;0;2;1;1;1
202000023849;154 700 266;7;0;2;6;1;1
202000023849;154 700 267;10;0;2;3;15;1
202000023850;154 700 263;10;0;9;6;1;1
202000023850;154 700 264;2;0;2;6;26;1
202000023851;154 700 262;7;13;0;1;1;1
202000023852;154 700 259;7;0;2;2;12;1
202000023852;154 700 260;17;0;2;6;1;1
202000023853;154 700 258;7;11;0;1;14;1
202000023854;154 700 256;7;3;2;7;12;1
202000023854;154 700 257;33;0;2;1;1;1
202000023855;154 700 255;7;4;0;9;11;1
202000023856;154 700 252;2;0;2;1;1;1
202000023856;154 700 253;7;0;2;3;10;1
202000023857;154 700 250;1;0;2;8;1;5
202000023857;154 700 251;7;0;2;2;17;1
202000023858;154 700 248;7;0;2;3;15;1
202000023858;154 700 249;33;0;2;1;1;1
202000023859;154 700 246;7;0;2;4;23;0
202000023859;154 700 247;7;0;2;1;1;0
202000023860;154 700 244;1;0;2;1;1;5
202000023860;154 700 245;10;0;2;1;15;1
202000023861;154 700 242;7;0;0;0;13;1
202000023861;154 700 243;30;0;2;0;2;1
202000023862;154 700 239;33;0;2;7;21;1
202000023862;154 700 240;7;0;0;0;14;1
202000023862;154 700 241;7;0;2;6;23;1
202000023863;154 700 238;7;0;1;1;1;1
202000023864;154 700 236;7;0;2;1;1;1
202000023864;154 700 237;7;0;2;6;1;1
202000023865;154 700 234;7;0;2;1;13;1
202000023865;154 700 235;7;0;2;1;1;6
202000023866;154 700 232;15;0;2;3;1;1
202000023866;154 700 233;7;0;2;3;13;1
202000023867;154 700 229;17;0;2;0;11;0
202000023867;154 700 230;10;0;2;4;11;1
202000023867;154 700 231;17;0;0;4;1;1
202000023868;154 700 227;7;0;2;3;1;1
202000023868;154 700 228;33;0;2;1;5;1
202000023869;154 700 225;2;0;0;4;2;1
202000023869;154 700 226;7;0;2;2;1;1
202000023870;154 700 224;2;15;0;2;1;0
202000023871;154 700 223;7;13;0;1;14;1
202000023872;154 700 222;30;6;0;1;13;1
202000023873;154 700 221;7;2;0;7;15;1
202000023874;154 700 219;7;0;2;1;1;1
202000023874;154 700 220;7;0;2;7;1;1
202000023875;154 700 216;7;13;0;7;1;1
202000023876;154 700 214;50;0;0;1;9;3
202000023876;154 700 215;2;0;2;1;1;1
202000023877;154 700 213;1;0;0;0;1;5
202000023878;154 700 212;33;13;0;3;1;1
202000023879;154 700 210;7;0;2;3;13;1
202000023879;154 700 211;10;0;2;3;1;0
202000023880;154 700 208;10;0;2;3;1;0
202000023880;154 700 209;7;0;2;2;15;0
202000023881;154 700 206;7;0;2;1;1;1
202000023881;154 700 207;10;0;2;2;1;1
202000023882;154 700 205;7;6;0;0;1;0
202000023883;154 700 203;7;0;2;9;1;1
202000023883;154 700 204;7;13;2;9;13;1
202000023884;154 700 200;7;6;0;1;1;1
202000023885;154 700 199;7;0;1;1;1;1
202000023886;154 700 197;7;1;1;3;1;1
202000023887;154 700 196;33;0;6;0;1;1
202000023888;154 700 195;31;0;0;1;1;1
202000023889;154 700 193;7;0;2;1;13;1
202000023889;154 700 194;7;0;2;1;1;1
202000023890;154 700 192;2;16;0;8;16;1
202000023891;154 700 190;7;0;2;1;1;1
202000023891;154 700 191;7;1;2;7;15;1
202000023892;154 700 189;7;13;0;1;1;1
202000023893;154 700 187;7;0;2;3;15;0
202000023893;154 700 188;31;0;2;8;1;0
202000023894;154 700 185;7;0;2;3;1;1
202000023894;154 700 186;33;0;2;1;17;1
202000023895;154 700 184;7;4;0;3;9;1
202000023896;154 700 183;7;3;0;1;1;1
202000023897;154 700 182;33;11;0;1;17;1
202000023898;154 700 180;7;0;2;2;13;1
202000023898;154 700 181;7;0;2;3;1;1
202000023899;154 700 178;1;0;2;0;0;5
202000023899;154 700 179;0;0;2;1;0;0
202000023900;154 700 176;7;0;0;2;1;1
202000023900;154 700 177;1;0;2;2;0;5
202000023901;154 700 174;7;4;2;1;1;1
202000023901;154 700 175;7;0;2;1;5;1
202000023902;154 700 173;7;6;0;1;13;1
202000023903;154 700 171;2;0;2;1;2;0
202000023903;154 700 172;7;0;2;4;2;0
202000023904;154 700 170;7;0;0;3;0;1
202000023905;154 700 169;7;8;0;1;2;1
202000023906;154 700 168;7;3;0;2;3;1
202000023907;154 700 167;2;0;0;1;21;1
202000023908;154 700 165;7;0;2;2;13;1
202000023908;154 700 166;7;0;2;1;1;1
202000023909;154 700 161;7;0;2;1;1;1
202000023909;154 700 162;7;0;2;4;1;1
202000023910;154 700 158;7;0;2;1;2;1
202000023910;154 700 159;7;0;2;4;2;1
202000023910;154 700 160;7;0;2;4;2;1
202000023911;154 700 156;7;0;2;4;1;1
202000023911;154 700 157;7;0;2;1;2;1
202000023912;154 700 155;7;12;0;2;14;1
202000023913;154 700 152;31;0;2;8;3;1
202000023913;154 700 153;7;0;2;7;12;1
202000023913;154 700 154;7;0;2;4;1;1
202000023914;154 700 150;33;0;2;1;26;1
202000023914;154 700 151;10;0;2;5;1;1
202000023915;154 700 148;7;0;2;8;1;0
202000023915;154 700 149;15;0;2;7;12;0
202000023916;154 700 145;33;0;2;3;3;1
202000023916;154 700 146;7;0;2;3;1;1
202000023916;154 700 147;7;0;2;5;1;1
202000023917;154 700 144;7;4;0;1;1;1
202000023918;154 700 143;33;4;0;1;1;1
202000023919;154 700 142;7;4;0;1;1;1
202000023920;154 700 140;7;0;2;8;11;1
202000023920;154 700 141;33;0;2;7;3;1
202000023921;154 700 137;33;0;2;6;1;1
202000023921;154 700 138;7;0;2;8;11;1
202000023921;154 700 139;33;0;2;2;3;1
202000023922;154 700 136;7;0;1;3;1;1
202000023923;154 700 135;7;6;0;2;14;1
202000023924;154 700 133;7;0;2;1;1;1
202000023924;154 700 134;7;0;2;7;15;1
202000023925;154 700 132;31;0;0;8;21;1
202000023926;154 700 128;2;0;2;7;1;1
202000023926;154 700 129;10;0;2;3;15;1
202000023927;154 700 126;2;0;2;8;16;1
202000023927;154 700 127;7;0;9;5;16;1
202000023928;154 700 124;2;0;2;0;1;1
202000023928;154 700 125;7;0;2;0;16;1
202000023929;154 700 123;7;0;9;2;1;1
202000023930;154 700 121;7;0;2;4;1;1
202000023930;154 700 122;7;0;2;1;1;1
202000023931;154 700 118;7;0;2;4;23;0
202000023931;154 700 119;7;0;2;4;23;1
202000023931;154 700 120;7;0;2;1;2;1
202000023932;154 700 115;7;0;2;4;2;6
202000023932;154 700 116;7;0;2;1;2;6
202000023932;154 700 117;7;0;2;4;2;6
202000023933;154 700 113;10;0;9;2;2;1
202000023933;154 700 114;50;0;2;0;2;3
202000023934;154 700 111;7;0;2;1;15;1
202000023934;154 700 112;33;0;2;1;1;1
202000023935;154 700 110;7;0;1;1;1;6
202000023936;154 700 108;7;0;9;1;1;1
202000023936;154 700 109;1;0;2;7;0;5
202000023937;154 700 106;7;0;2;2;1;1
202000023937;154 700 107;7;0;2;6;1;0
202000023938;154 700 104;10;0;2;5;9;1
202000023938;154 700 105;7;0;2;1;9;1
202000023939;154 700 102;32;0;2;8;0;1
202000023939;154 700 103;7;0;2;1;15;0
202000023940;154 700 100;50;0;2;1;19;3
202000023940;154 700 101;7;0;2;7;1;1
202000023941;154 700 098;2;0;2;7;17;1
202000023941;154 700 099;17;0;2;6;1;0
202000023942;154 700 096;33;0;0;8;1;0
202000023942;154 700 097;10;0;0;0;15;0
202000023943;154 700 090;1;0;2;1;1;5
202000023944;154 700 088;7;0;2;1;2;1
202000023944;154 700 089;7;0;2;4;2;1
202000023945;154 700 087;7;13;0;0;26;0
202000023946;154 700 086;7;6;0;1;14;1
202000023947;154 700 084;7;0;2;1;1;1
202000023947;154 700 085;7;0;2;2;15;1
202000023948;154 700 082;7;0;2;3;15;1
202000023948;154 700 083;2;0;2;8;1;1
202000023949;154 700 080;1;0;2;0;0;5
202000023949;154 700 081;7;0;2;0;26;1
202000023950;154 700 078;7;0;2;8;1;1
202000023950;154 700 079;7;0;2;3;13;1
202000023951;154 700 076;7;0;2;1;9;1
202000023951;154 700 077;80;0;2;5;1;3
202000023952;154 700 075;7;0;1;2;1;1
202000023953;154 700 073;7;0;2;1;15;1
202000023953;154 700 074;34;0;2;1;1;0
202000023954;154 700 071;7;0;2;7;6;1
202000023954;154 700 072;30;0;2;1;1;1
202000023955;154 700 067;7;0;2;1;13;1
202000023955;154 700 068;7;13;0;0;21;1
202000023955;154 700 069;7;3;2;7;21;1
202000023955;154 700 070;7;0;2;8;1;1
202000023956;154 700 066;50;0;0;0;2;3
202000023957;154 700 064;7;0;2;4;2;1
202000023957;154 700 065;10;0;2;4;2;1
202000023958;154 700 062;7;0;2;1;2;1
202000023958;154 700 063;7;0;2;4;2;1
202000023959;154 700 061;7;0;1;1;1;1
202000023960;154 700 059;7;0;2;1;1;1
202000023960;154 700 060;1;0;2;1;1;5
202000023961;154 700 057;7;0;2;1;9;1
202000023961;154 700 058;7;0;0;4;23;1
202000023962;154 700 055;40;0;2;2;1;3
202000023962;154 700 056;7;0;4;8;10;1
202000023963;154 700 053;7;0;2;3;16;1
202000023963;154 700 054;7;0;2;7;1;1
202000023964;154 700 051;1;0;2;7;1;5
202000023964;154 700 052;7;0;2;1;16;1
202000023965;154 700 049;7;0;2;4;1;1
202000023965;154 700 050;7;0;2;1;1;1
202000023966;154 700 047;7;0;2;7;16;1
202000023966;154 700 048;15;0;2;3;1;1
202000023967;154 700 046;80;0;0;1;1;3
202000023968;154 700 043;7;0;2;6;1;1
202000023968;154 700 044;7;1;2;8;15;1
202000023968;154 700 045;7;0;2;0;0;1
202000023969;154 700 041;10;0;2;3;15;1
202000023969;154 700 042;31;0;2;1;1;1
202000023970;154 700 039;31;0;2;1;18;1
202000023970;154 700 040;7;0;2;6;15;1
202000023971;154 700 037;10;0;2;1;19;1
202000023971;154 700 038;10;0;2;2;19;1
202000023972;154 700 035;2;0;2;8;1;1
202000023972;154 700 036;7;0;2;7;14;1
202000023973;154 700 034;7;0;0;9;13;1
202000023974;154 700 032;7;0;2;7;1;1
202000023974;154 700 033;2;0;2;1;1;1
202000023975;154 700 031;7;0;1;1;1;1
202000023976;154 700 030;37;0;1;2;1;1
202000023977;154 700 029;7;0;1;1;0;1
202000023978;154 700 028;13;0;1;3;1;1
202000023979;154 700 027;7;0;1;1;1;1
202000023980;154 700 026;7;0;1;1;1;1
202000023981;154 700 024;7;0;2;3;13;1
202000023981;154 700 025;7;0;2;3;1;1
202000023982;154 700 023;10;0;1;4;4;1
202000023983;154 700 022;3;0;1;1;1;0
202000023984;154 700 019;7;0;2;4;23;1
202000023984;154 700 020;7;0;2;4;1;1
202000023984;154 700 021;7;0;2;1;1;1
202000023985;154 700 016;7;0;2;1;2;1
202000023985;154 700 017;7;0;2;4;2;1
202000023985;154 700 018;15;0;2;4;2;0
202000023986;154 700 015;7;0;1;1;1;1
202000023987;154 700 014;7;0;1;2;1;0
202000023988;154 700 012;7;0;2;1;1;1
202000023988;154 700 013;7;0;2;3;9;1
202000023989;154 700 010;7;0;2;1;13;1
202000023989;154 700 011;7;0;2;1;1;1
202000023990;154 700 008;7;0;2;5;1;1
202000023990;154 700 009;32;0;2;3;12;1
202000023991;154 700 006;7;0;2;4;2;1
202000023991;154 700 007;33;0;2;1;2;1
202000023992;154 700 004;33;0;2;1;3;1
202000023992;154 700 005;7;0;2;5;12;1
202000023993;154 700 001;10;0;2;3;22;1
202000023993;154 700 002;37;0;2;7;23;1
202000023993;154 700 003;33;0;2;7;18;1
202000023994;154 699 999;7;0;2;7;12;1
202000023994;154 700 000;1;0;2;1;1;5
202000023995;154 699 997;7;0;2;1;1;1
202000023995;154 699 998;50;0;2;7;1;3
202000023996;154 699 996;1;0;1;1;25;5
202000023997;154 699 995;7;0;1;8;1;1
202000023998;154 699 993;1;0;2;3;15;5
202000023998;154 699 994;43;0;2;2;17;1
202000023999;154 699 991;1;0;2;1;1;5
202000023999;154 699 992;7;0;2;2;14;2
202000024000;154 699 989;14;0;2;2;1;1
202000024000;154 699 990;1;0;2;7;19;5
202000024001;154 699 988;1;0;0;0;1;5
202000024002;154 699 987;80;0;0;0;1;3
202000024003;154 699 985;32;0;2;8;16;1
202000024003;154 699 986;37;0;2;2;7;1
202000024004;154 699 984;80;1;0;2;14;3
202000024005;154 699 982;33;0;2;7;17;1
202000024005;154 699 983;7;0;2;0;0;1
202000024006;154 699 981;0;0;1;2;0;0
202000024007;154 699 979;7;0;2;8;15;1
202000024007;154 699 980;32;0;2;1;3;1
202000024008;154 699 977;2;0;2;1;1;1
202000024008;154 699 978;10;0;2;3;16;1
202000024009;154 699 976;37;1;0;7;1;0
202000024010;154 699 974;7;0;2;2;15;1
202000024010;154 699 975;1;0;2;1;1;5
202000024011;154 699 972;7;0;2;2;15;1
202000024011;154 699 973;30;0;2;3;1;1
202000024012;154 699 970;7;0;2;1;2;1
202000024012;154 699 971;7;0;2;7;15;1
202000024013;154 699 969;7;0;1;4;20;1
202000024014;154 699 967;7;0;2;8;2;1
202000024014;154 699 968;7;0;2;1;26;1
202000024015;154 699 965;7;0;2;7;15;1
202000024015;154 699 966;33;0;2;1;1;1
202000024016;154 699 963;7;0;2;7;15;1
202000024016;154 699 964;7;0;2;1;1;1
202000024017;154 699 961;7;0;2;0;0;0
202000024017;154 699 962;1;0;2;0;0;0
202000024018;154 699 959;30;0;2;8;19;1
202000024018;154 699 960;7;0;2;2;19;1
202000024019;154 699 957;34;0;2;6;23;1
202000024019;154 699 958;15;0;2;7;15;1
202000024020;154 699 955;32;0;2;1;2;1
202000024020;154 699 956;10;0;2;4;2;1
202000024021;154 699 954;7;15;5;2;15;1
202000024022;154 699 952;7;1;2;3;20;1
202000024022;154 699 953;30;1;2;1;1;1
202000024023;154 699 951;7;0;1;1;1;1
202000024024;154 699 949;7;6;2;3;19;1
202000024024;154 699 950;7;6;2;1;1;1
202000024025;154 699 947;7;3;0;9;26;1
202000024025;154 699 948;99;0;2;0;0;0
202000024026;154 699 945;7;0;0;4;15;1
202000024026;154 699 946;2;0;2;8;1;1
202000024027;154 699 943;7;0;2;8;1;1
202000024027;154 699 944;7;0;2;8;13;1
202000024028;154 699 942;7;0;1;7;1;1
202000024029;154 699 939;7;0;0;0;9;0
202000024029;154 699 940;7;0;2;1;21;0
202000024029;154 699 941;7;0;2;7;1;0
202000024030;154 699 937;7;0;2;1;1;1
202000024030;154 699 938;30;0;2;1;1;1
202000024031;154 699 934;10;1;0;1;23;1
202000024031;154 699 935;10;0;1;4;23;1
202000024031;154 699 936;7;0;1;2;23;1
202000024032;154 699 933;7;0;1;3;15;1
202000024033;154 699 931;7;3;0;0;0;1
202000024033;154 699 932;7;4;0;3;0;1
202000024034;154 699 929;10;0;2;7;11;1
202000024034;154 699 930;32;0;2;3;13;1
202000024035;154 699 926;13;0;2;1;1;1
202000024035;154 699 927;7;0;0;4;1;1
202000024035;154 699 928;7;0;2;4;1;1
202000024036;154 699 924;7;0;2;1;1;0
202000024036;154 699 925;7;0;2;1;1;1
202000024037;154 699 923;7;0;1;3;20;1
202000024038;154 699 921;7;0;0;4;2;1
202000024038;154 699 922;33;0;2;1;2;1
202000024039;154 699 919;7;0;2;2;13;1
202000024039;154 699 920;2;0;2;1;1;1
202000024040;154 699 918;7;0;0;9;1;1
202000024041;154 699 916;1;0;2;2;1;5
202000024041;154 699 917;7;0;2;1;9;1
202000024042;154 699 915;32;12;0;1;2;1
202000024043;154 699 914;7;0;1;2;1;1
202000024044;154 699 912;7;0;2;1;11;1
202000024044;154 699 913;33;0;2;7;1;1
202000024045;154 699 910;7;0;2;5;15;1
202000024045;154 699 911;33;0;2;1;1;1
202000024046;154 699 909;33;13;0;1;1;4
202000024047;154 699 908;7;0;1;2;1;1
202000024048;154 699 907;7;15;0;1;21;1
202000024049;154 699 905;15;0;2;1;1;0
202000024049;154 699 906;33;0;2;1;5;1
202000024050;154 699 903;1;0;2;1;1;5
202000024050;154 699 904;7;0;2;5;23;0
202000024051;154 699 902;7;8;0;2;1;1
202000024052;154 699 900;33;0;2;4;23;0
202000024052;154 699 901;7;0;2;1;1;0
202000024053;154 699 898;7;0;2;7;12;1
202000024053;154 699 899;7;0;0;3;2;1
202000024054;154 699 896;33;0;2;8;1;0
202000024054;154 699 897;7;0;2;2;1;0
202000024055;154 699 894;10;0;2;3;23;1
202000024055;154 699 895;7;1;2;1;21;1
202000024056;154 699 893;7;13;0;2;1;1
202000024057;154 699 892;7;0;0;9;0;1
202000024058;154 699 889;7;0;2;1;1;0
202000024058;154 699 890;99;0;0;4;23;0
202000024059;154 699 888;36;13;0;1;1;1
202000024060;154 699 886;7;0;2;3;26;6
202000024060;154 699 887;33;0;2;3;26;1
202000024061;154 699 885;7;6;0;2;16;1
202000024062;154 699 884;7;0;0;0;1;1
202000024063;154 699 883;31;10;0;0;6;1
202000024064;154 699 882;7;0;0;0;0;0
202000024065;154 699 881;3;13;0;1;0;1
202000024066;154 699 879;33;0;2;7;13;1
202000024066;154 699 880;10;0;2;2;15;1
202000024067;154 699 878;7;2;0;3;13;1
202000024068;154 699 877;80;12;0;1;13;2
202000024069;154 699 876;33;13;0;1;14;1
202000024070;154 699 874;17;0;2;2;21;1
202000024070;154 699 875;2;0;2;1;19;1
202000024071;154 699 872;7;0;2;1;1;1
202000024071;154 699 873;7;0;2;7;1;1