Num_Acc;id_vehicule;catv;obs;obsm;choc;manv;motor
202000024795;154 698 615;7;0;2;8;15;1
202000024796;154 698 613;10;0;1;1;15;1
202000024797;154 698 612;3;0;1;8;1;1
202000024798;154 698 610;7;0;2;7;19;1
202000024798;154 698 611;30;0;2;1;1;1
202000024799;154 698 609;7;0;1;1;1;-1
202000024800;154 698 607;99;0;2;4;9;3
202000024800;154 698 608;7;0;9;1;9;0
202000024801;154 698 606;10;0;1;1;1;1
202000024802;154 698 604;1;0;2;0;1;5
202000024802;154 698 605;7;0;2;1;19;1
202000024803;154 698 602;7;0;2;4;2;1
202000024803;154 698 603;7;0;2;1;2;1
202000024804;154 698 601;7;0;1;1;16;1
202000024805;154 698 599;7;0;2;1;1;1
202000024805;154 698 600;30;0;2;8;19;1
202000024806;154 698 598;33;6;0;8;13;1
202000024807;154 698 597;7;0;1;1;26;1
202000024808;154 698 596;7;0;1;2;2;1
202000024809;154 698 594;7;0;2;1;19;0
202000024809;154 698 595;32;0;2;8;18;1
202000024810;154 698 592;1;0;2;8;13;5
202000024810;154 698 593;7;0;2;2;17;1
202000024811;154 698 590;7;0;2;2;1;0
202000024811;154 698 591;7;0;2;3;1;1
202000024812;154 698 586;7;0;2;2;2;1
202000024812;154 698 587;34;0;2;4;2;1
202000024813;154 698 583;7;0;2;8;1;1
202000024813;154 698 584;7;0;2;5;15;1
202000024813;154 698 585;10;0;2;1;1;1
202000024814;154 698 581;7;0;2;7;15;1
202000024814;154 698 582;1;0;2;1;1;5
202000024815;154 698 579;7;0;2;4;15;1
202000024815;154 698 580;33;0;2;1;2;1
202000024816;154 698 578;7;0;0;0;1;1
202000024817;154 698 577;1;2;0;1;13;5
202000024818;154 698 575;7;13;2;1;3;1
202000024818;154 698 576;7;0;2;1;1;1
202000024819;154 698 573;1;0;2;1;15;5
202000024819;154 698 574;7;0;2;2;1;1
202000024820;154 698 571;33;0;2;1;21;1
202000024820;154 698 572;7;0;2;3;1;1
202000024821;154 698 569;13;0;2;4;1;6
202000024821;154 698 570;2;0;2;1;1;6
202000024822;154 698 568;7;6;0;1;1;1
202000024823;154 698 564;1;0;0;0;1;5
202000024824;154 698 562;7;4;0;1;12;1
202000024825;154 698 560;15;0;2;1;2;1
202000024825;154 698 561;33;0;2;4;2;1
202000024826;154 698 558;7;1;0;1;2;1
202000024826;154 698 559;10;3;1;4;23;1
202000024827;154 698 556;7;0;0;3;1;1
202000024827;154 698 557;7;0;0;2;9;1
202000024828;154 698 554;1;0;2;1;19;5
202000024828;154 698 555;7;0;0;2;16;1
202000024829;154 698 552;7;0;2;1;1;0
202000024829;154 698 553;7;0;2;8;1;0
202000024830;154 698 550;7;0;2;3;15;1
202000024830;154 698 551;34;0;0;7;1;1
202000024831;154 698 549;7;7;0;1;1;1
202000024832;154 698 547;7;0;2;3;1;1
202000024832;154 698 548;1;0;2;1;1;5
202000024833;154 698 545;7;0;2;1;13;1
202000024833;154 698 546;10;0;2;1;1;1
202000024834;154 698 543;7;0;2;1;1;1
202000024834;154 698 544;7;0;2;1;13;1
202000024835;154 698 542;7;2;0;3;13;1
202000024836;154 698 541;33;0;0;0;1;1
202000024837;154 698 539;7;0;0;2;10;1
202000024837;154 698 540;33;0;2;1;2;1
202000024838;154 698 537;7;0;1;5;4;1
202000024839;154 698 536;7;0;1;1;1;1
202000024840;154 698 533;7;0;0;0;1;1
202000024840;154 698 534;1;0;2;8;1;5
202000024840;154 698 535;33;0;2;1;17;1
202000024841;154 698 531;33;7;2;1;5;1
202000024841;154 698 532;7;0;2;3;15;1
202000024842;154 698 530;7;0;1;7;1;1
202000024843;154 698 529;7;2;0;9;1;1
202000024844;154 698 527;21;0;2;3;15;1
202000024844;154 698 528;33;0;2;1;17;1
202000024845;154 698 525;7;0;2;3;15;1
202000024845;154 698 526;33;0;2;3;16;1
202000024846;154 698 521;10;0;2;1;1;1
202000024846;154 698 522;10;0;2;4;23;1
202000024846;154 698 523;7;0;2;4;23;1
202000024846;154 698 524;7;0;2;4;23;1
202000024847;154 698 520;7;12;0;1;1;1
202000024848;154 698 517;7;0;2;4;2;1
202000024848;154 698 518;7;0;2;1;2;1
202000024848;154 698 519;7;0;2;4;1;1
202000024849;154 698 514;10;0;2;7;14;1
202000024849;154 698 515;31;0;2;3;14;1
202000024849;154 698 516;7;0;2;8;1;1
202000024850;154 698 511;7;0;2;1;1;1
202000024850;154 698 512;7;0;2;4;23;1
202000024850;154 698 513;7;0;2;4;23;1
202000024851;154 698 509;7;0;2;1;1;1
202000024851;154 698 510;7;0;2;4;1;1
202000024852;154 698 507;7;0;2;2;12;1
202000024852;154 698 508;33;0;2;8;3;1
202000024853;154 698 505;7;0;2;3;9;1
202000024853;154 698 506;17;0;2;2;1;1
202000024854;154 698 502;7;0;2;4;1;1
202000024854;154 698 503;7;0;2;4;1;1
202000024854;154 698 504;7;0;2;1;2;1
202000024855;154 698 500;33;0;2;3;1;1
202000024855;154 698 501;10;0;2;2;12;1
202000024856;154 698 498;7;0;2;5;1;1
202000024856;154 698 499;33;0;2;1;3;1
202000024857;154 698 496;33;0;2;3;21;1
202000024857;154 698 497;7;0;2;5;12;1
202000024858;154 698 494;7;0;2;3;2;1
202000024858;154 698 495;7;0;2;5;2;1
202000024859;154 698 492;7;0;0;0;0;1
202000024859;154 698 493;33;0;2;3;11;1
202000024860;154 698 489;10;0;2;8;11;1
202000024860;154 698 490;33;0;2;4;1;1
202000024860;154 698 491;34;0;2;7;3;1
202000024861;154 698 486;14;0;2;1;2;1
202000024861;154 698 487;7;0;2;4;2;1
202000024861;154 698 488;7;0;2;4;2;1
202000024862;154 698 484;7;0;2;6;2;1
202000024862;154 698 485;33;0;2;1;2;1
202000024863;154 698 483;7;0;0;9;13;1
202000024864;154 698 480;43;0;2;1;2;1
202000024864;154 698 481;7;0;2;4;2;1
202000024864;154 698 482;7;0;2;4;2;1
202000024865;154 698 479;7;16;0;9;16;1
202000024866;154 698 477;7;0;2;3;11;0
202000024866;154 698 478;33;0;2;7;3;1
202000024867;154 698 475;7;0;2;7;12;1
202000024867;154 698 476;33;0;2;3;18;0
202000024868;154 698 471;7;0;2;1;1;1
202000024868;154 698 472;7;0;2;4;1;1
202000024868;154 698 473;7;0;2;4;1;1
202000024868;154 698 474;10;0;2;1;1;1
202000024869;154 698 470;33;0;0;8;21;1
202000024870;154 698 467;7;0;1;1;26;1
202000024871;154 698 465;7;0;2;1;1;1
202000024871;154 698 466;7;0;2;2;1;1
202000024872;154 698 464;2;0;1;1;1;0
202000024873;154 698 463;50;0;0;0;0;3
202000024874;154 698 462;40;0;1;1;1;3
202000024875;154 698 459;7;0;2;4;1;6
202000024875;154 698 460;7;0;2;4;1;6
202000024875;154 698 461;7;0;2;1;9;0
202000024876;154 698 456;33;0;2;4;26;0
202000024876;154 698 457;7;0;2;1;1;1
202000024876;154 698 458;7;0;2;4;26;1
202000024877;154 698 454;33;0;2;1;1;1
202000024877;154 698 455;7;0;2;6;12;1
202000024878;154 698 453;7;0;1;1;19;1
202000024879;154 698 452;7;9;0;1;1;1
202000024880;154 698 451;33;5;0;7;1;1
202000024881;154 698 450;7;0;1;3;15;1
202000024882;154 698 448;7;0;2;3;15;1
202000024882;154 698 449;7;0;2;3;0;1
202000024883;154 698 446;7;0;2;2;15;1
202000024883;154 698 447;1;0;2;7;1;5
202000024884;154 698 444;7;0;2;8;10;1
202000024884;154 698 445;10;0;2;1;1;1
202000024885;154 698 443;7;0;1;1;1;1
202000024886;154 698 441;7;0;2;1;1;1
202000024886;154 698 442;7;0;2;1;1;1
202000024887;154 698 440;7;0;1;3;1;1
202000024888;154 698 437;7;0;2;1;1;1
202000024888;154 698 438;7;0;2;4;1;1
202000024888;154 698 439;7;0;2;4;1;1
202000024889;154 698 435;2;0;2;4;1;0
202000024889;154 698 436;7;0;2;1;1;1
202000024890;154 698 434;7;0;1;2;1;0
202000024891;154 698 432;10;0;2;2;1;3
202000024891;154 698 433;7;0;2;1;16;1
202000024892;154 698 430;30;0;2;1;0;1
202000024892;154 698 431;7;0;2;3;0;1
202000024893;154 698 429;2;0;2;8;1;1
202000024894;154 698 426;50;0;2;7;15;3
202000024894;154 698 427;10;0;9;3;9;1
202000024895;154 698 424;7;0;2;8;2;1
202000024895;154 698 425;33;12;2;7;17;1
202000024896;154 698 422;10;0;2;3;15;1
202000024896;154 698 423;7;0;2;3;1;1
202000024897;154 698 420;50;0;2;1;5;3
202000024897;154 698 421;7;0;2;1;1;1
202000024898;154 698 418;7;0;2;1;9;1
202000024898;154 698 419;30;0;2;1;1;1
202000024899;154 698 416;33;0;2;1;1;0
202000024899;154 698 417;10;0;2;5;1;1
202000024900;154 698 415;7;3;0;1;1;1
202000024901;154 698 413;7;0;2;2;15;1
202000024901;154 698 414;2;0;2;1;1;1
202000024902;154 698 411;7;0;2;5;1;1
202000024902;154 698 412;30;0;2;1;9;1
202000024903;154 698 408;7;0;2;4;23;1
202000024903;154 698 409;7;0;2;4;23;1
202000024903;154 698 410;7;0;2;1;2;1
202000024904;154 698 406;7;0;2;4;2;1
202000024904;154 698 407;33;0;2;1;2;1
202000024905;154 698 405;33;16;0;8;1;1
202000024906;154 698 403;7;0;2;1;2;1
202000024906;154 698 404;33;0;2;4;1;1
202000024907;154 698 401;7;0;2;1;15;1
202000024907;154 698 402;2;0;2;1;1;1
202000024908;154 698 400;7;0;1;1;1;1
202000024909;154 698 398;7;0;2;0;0;1
202000024909;154 698 399;34;0;2;0;0;1
202000024910;154 698 397;7;0;1;1;2;1
202000024911;154 698 395;2;0;2;1;1;1
202000024911;154 698 396;1;0;2;1;19;5
202000024912;154 698 394;7;6;0;1;26;1
202000024913;154 698 392;37;0;2;1;9;1
202000024913;154 698 393;31;0;2;4;0;1
202000024914;154 698 391;33;0;0;8;19;1
202000024915;154 698 389;10;0;2;3;1;1
202000024915;154 698 390;30;0;2;4;1;1
202000024916;154 698 387;33;0;2;8;0;1
202000024916;154 698 388;7;0;2;2;15;1
202000024917;154 698 385;33;0;2;2;1;1
202000024917;154 698 386;7;0;2;8;9;1
202000024918;154 698 381;7;0;2;1;2;1
202000024918;154 698 382;7;0;2;4;1;1
202000024919;154 698 379;32;0;2;1;26;1
202000024919;154 698 380;1;0;2;0;0;0
202000024920;154 698 377;40;0;2;2;1;3
202000024920;154 698 378;1;0;4;2;19;5
202000024921;154 698 375;1;0;2;1;1;5
202000024921;154 698 376;7;0;2;1;19;1
202000024922;154 698 374;7;0;1;2;15;1
202000024923;154 698 373;7;0;1;1;9;1
202000024924;154 698 372;30;0;1;1;14;1
202000024925;154 698 370;2;0;2;1;1;1
202000024925;154 698 371;7;0;2;1;16;1
202000024926;154 698 368;2;0;2;1;1;1
202000024926;154 698 369;7;0;2;2;15;1
202000024927;154 698 366;1;0;2;1;1;5
202000024927;154 698 367;7;0;2;2;16;1
202000024928;154 698 365;7;0;1;2;1;1
202000024929;154 698 363;7;0;2;4;1;1
202000024929;154 698 364;33;0;2;1;1;1
202000024930;154 698 361;1;0;2;1;1;5
202000024930;154 698 362;7;0;2;6;10;1
202000024931;154 698 360;7;0;1;2;9;1
202000024932;154 698 359;7;0;1;1;9;0
202000024933;154 698 357;7;0;9;1;15;1
202000024933;154 698 358;1;0;2;0;0;5
202000024934;154 698 356;30;0;0;0;15;1
202000024935;154 698 354;7;0;2;3;2;1
202000024935;154 698 355;1;0;2;7;19;5
202000024936;154 698 351;1;0;2;1;1;5
202000024936;154 698 352;1;0;2;1;1;5
202000024936;154 698 353;7;0;0;2;15;0
202000024937;154 698 349;20;0;2;3;15;1
202000024937;154 698 350;31;0;2;8;17;1
202000024938;154 698 347;7;13;2;1;1;1
202000024938;154 698 348;7;0;2;2;15;1
202000024939;154 698 346;7;1;0;1;1;1
202000024940;154 698 345;7;1;0;1;14;0
202000024941;154 698 344;7;0;1;3;26;1
202000024942;154 698 342;7;0;2;1;1;1
202000024942;154 698 343;7;0;2;5;1;1
202000024943;154 698 341;99;0;2;1;21;1
202000024944;154 698 339;1;0;2;3;1;5
202000024944;154 698 340;7;0;2;2;15;1
202000024945;154 698 338;7;2;0;1;1;1
202000024946;154 698 336;10;0;2;4;1;1
202000024946;154 698 337;7;0;2;1;2;1
202000024947;154 698 334;32;0;2;2;0;1
202000024947;154 698 335;7;0;2;3;9;1
202000024948;154 698 333;7;0;1;2;1;1
202000024949;154 698 332;10;0;1;2;1;1
202000024950;154 698 330;33;0;2;7;3;1
202000024950;154 698 331;7;0;2;3;11;1
202000024951;154 698 329;33;0;0;1;3;1
202000024952;154 698 327;7;0;2;5;12;1
202000024952;154 698 328;31;0;2;8;3;1
202000024953;154 698 325;7;0;2;2;12;1
202000024953;154 698 326;31;0;2;3;3;1
202000024954;154 698 324;7;0;1;2;1;1
202000024955;154 698 323;1;0;1;1;1;5
202000024956;154 698 321;1;0;2;3;18;5
202000024956;154 698 322;7;0;2;5;22;1
202000024957;154 698 320;30;0;1;2;16;1
202000024958;154 698 318;7;0;2;2;14;1
202000024958;154 698 319;80;0;2;3;1;3
202000024959;154 698 316;32;0;2;3;7;1
202000024959;154 698 317;7;0;2;2;16;1
202000024960;154 698 314;7;0;2;5;15;1
202000024960;154 698 315;1;0;2;1;8;5
202000024961;154 698 313;7;0;1;2;7;1
202000024962;154 698 311;7;0;2;3;15;1
202000024962;154 698 312;1;0;2;1;1;5
202000024963;154 698 309;7;0;2;3;22;2
202000024963;154 698 310;1;0;2;1;1;5
202000024964;154 698 307;7;0;2;5;15;1
202000024964;154 698 308;1;0;2;1;1;5
202000024965;154 698 305;7;0;2;1;1;3
202000024965;154 698 306;1;0;2;1;1;5
202000024966;154 698 303;7;0;2;0;14;1
202000024966;154 698 304;1;0;2;0;1;5
202000024967;154 698 301;32;0;2;3;1;1
202000024967;154 698 302;7;0;2;1;1;1
202000024968;154 698 299;37;0;2;2;7;1
202000024968;154 698 300;7;9;1;1;8;1
202000024969;154 698 297;50;0;2;1;1;3
202000024969;154 698 298;7;0;9;3;1;1
202000024970;154 698 296;7;0;1;1;0;1
202000024971;154 698 294;7;0;2;2;16;1
202000024971;154 698 295;1;0;2;3;16;5
202000024972;154 698 291;33;1;2;3;21;1
202000024972;154 698 292;30;0;2;7;1;0
202000024972;154 698 293;7;0;2;0;24;0
202000024973;154 698 289;10;0;2;3;17;1
202000024973;154 698 290;10;0;2;3;15;0
202000024974;154 698 287;33;16;0;1;17;1
202000024974;154 698 288;33;16;0;1;17;1
202000024975;154 698 285;7;0;2;3;15;1
202000024975;154 698 286;1;0;2;1;1;5
202000024976;154 698 284;14;0;1;2;1;1
202000024977;154 698 282;30;1;0;8;0;6
202000024977;154 698 283;7;1;0;2;26;6
202000024978;154 698 280;33;0;2;3;16;0
202000024978;154 698 281;7;0;2;3;15;0
202000024979;154 698 279;7;0;1;2;16;1
202000024980;154 698 277;33;0;0;0;0;1
202000024980;154 698 278;10;0;2;1;2;0
202000024981;154 698 275;32;0;2;1;1;1
202000024981;154 698 276;7;0;2;7;15;0
202000024982;154 698 273;7;1;2;0;1;0
202000024982;154 698 274;60;0;2;0;0;5
202000024983;154 698 271;7;0;2;5;16;1
202000024983;154 698 272;2;0;2;1;19;1
202000024984;154 698 269;10;0;2;8;13;1
202000024984;154 698 270;34;0;2;7;1;1
202000024985;154 698 266;10;8;0;1;1;1
202000024985;154 698 267;32;14;0;1;1;1
202000024985;154 698 268;14;15;0;1;16;1
202000024986;154 698 264;34;0;9;2;13;1
202000024986;154 698 265;1;0;2;8;19;5
202000024987;154 698 262;37;1;2;3;1;0
202000024987;154 698 263;7;1;2;3;13;1
202000024988;154 698 261;7;1;1;1;1;1
202000024989;154 698 260;1;0;0;0;0;5
202000024990;154 698 258;7;0;2;2;1;1
202000024990;154 698 259;1;0;2;4;16;5
202000024991;154 698 255;7;2;0;1;1;1
202000024992;154 698 253;7;0;2;3;1;1
202000024992;154 698 254;17;0;2;3;1;1
202000024993;154 698 251;33;0;2;2;1;0
202000024993;154 698 252;7;0;0;5;15;0
202000024994;154 698 249;2;13;0;4;14;1
202000024995;154 698 248;7;13;0;1;12;1
202000024996;154 698 246;7;7;2;2;17;1
202000024996;154 698 247;7;0;2;6;15;1
202000024997;154 698 244;7;0;2;3;13;1
202000024997;154 698 245;7;0;2;3;0;0
202000024998;154 698 243;2;11;0;7;1;1
202000024999;154 698 241;7;0;2;1;26;1
202000024999;154 698 242;13;0;0;4;0;1
202000025000;154 698 239;33;0;2;3;1;1
202000025000;154 698 240;7;0;2;2;1;1
202000025001;154 698 237;7;1;0;3;15;2
202000025001;154 698 238;50;0;2;1;5;3
202000025002;154 698 235;10;0;2;1;1;1
202000025002;154 698 236;2;0;2;7;19;1
202000025003;154 698 233;30;0;2;1;1;1
202000025003;154 698 234;7;0;2;4;23;1
202000025004;154 698 231;33;0;2;1;1;1
202000025004;154 698 232;7;0;2;4;15;1
202000025005;154 698 230;41;14;0;7;13;0
202000025006;154 698 229;1;0;0;0;1;5
202000025007;154 698 228;7;0;1;2;1;1
202000025008;154 698 227;7;0;0;9;0;1
202000025009;154 698 225;33;0;2;1;1;1
202000025009;154 698 226;7;0;0;3;19;1
202000025010;154 698 224;7;9;0;8;1;1
202000025011;154 698 223;7;0;0;9;0;1
202000025012;154 698 218;7;0;2;1;1;1
202000025012;154 698 219;7;0;0;4;1;1
202000025012;154 698 220;7;4;0;4;1;1
202000025012;154 698 221;7;0;2;1;1;1
202000025012;154 698 222;7;0;2;1;1;1
202000025013;154 698 216;7;0;2;1;0;1
202000025013;154 698 217;7;6;2;1;0;1
202000025014;154 698 213;7;0;2;3;1;1
202000025014;154 698 214;7;0;2;1;1;2
202000025014;154 698 215;7;0;2;1;17;1
202000025015;154 698 211;33;0;0;7;17;1
202000025015;154 698 212;7;0;0;8;17;1
202000025016;154 698 209;31;0;2;3;2;0
202000025016;154 698 210;7;0;2;7;19;0
202000025017;154 698 208;7;0;0;1;2;1
202000025018;154 698 206;7;0;0;8;15;1
202000025018;154 698 207;33;0;2;9;17;1
202000025019;154 698 205;7;0;1;1;1;1
202000025020;154 698 203;7;0;2;5;24;1
202000025020;154 698 204;7;1;0;1;1;1
202000025021;154 698 202;7;13;0;2;1;1
202000025022;154 698 201;1;0;1;1;1;5
202000025023;154 698 199;7;0;2;3;1;1
202000025023;154 698 200;7;0;2;3;5;1
202000025024;154 698 198;7;13;0;2;1;1
202000025025;154 698 196;7;0;2;1;17;1
202000025025;154 698 197;7;0;2;1;1;1
202000025026;154 698 195;2;17;0;1;26;1
202000025027;154 698 194;7;6;0;3;1;1
202000025028;154 698 191;7;0;0;3;1;1
202000025028;154 698 192;7;0;0;3;1;1
202000025028;154 698 193;7;0;9;1;1;1
202000025029;154 698 190;31;0;6;1;1;1
202000025030;154 698 188;7;0;0;4;23;1
202000025030;154 698 189;2;0;2;1;1;1
202000025031;154 698 186;7;0;9;2;2;1
202000025031;154 698 187;1;13;0;4;2;6
202000025032;154 698 185;7;2;0;1;0;0
202000025033;154 698 183;7;0;2;1;1;1
202000025033;154 698 184;33;0;2;4;1;1
202000025034;154 698 180;7;0;0;6;26;1
202000025034;154 698 181;2;0;2;2;21;1
202000025035;154 698 178;31;0;2;1;1;1
202000025035;154 698 179;7;0;2;8;1;1
202000025036;154 698 177;33;2;0;1;1;1
202000025037;154 698 175;33;0;2;1;1;1
202000025037;154 698 176;13;0;2;7;15;1
202000025038;154 698 173;7;0;2;3;5;1
202000025038;154 698 174;7;0;2;8;1;1
202000025039;154 698 172;7;13;0;2;1;1
202000025040;154 698 171;7;7;0;1;1;1
202000025041;154 698 169;2;0;2;1;1;1
202000025041;154 698 170;7;0;2;5;15;1
202000025042;154 698 168;7;2;0;1;1;1
202000025043;154 698 166;7;2;0;1;13;1
202000025044;154 698 165;7;8;0;1;1;1
202000025045;154 698 164;7;13;0;2;14;1
202000025046;154 698 163;7;0;1;3;1;1
202000025047;154 698 161;7;0;2;2;15;1
202000025047;154 698 162;33;0;2;2;1;1
202000025048;154 698 160;7;0;1;8;1;1
202000025049;154 698 158;7;0;0;5;16;1
202000025049;154 698 159;1;0;2;1;1;5
202000025050;154 698 156;7;0;2;6;17;1
202000025050;154 698 157;7;0;2;1;1;1
202000025051;154 698 154;13;0;2;3;2;1
202000025051;154 698 155;7;0;2;1;11;0
202000025052;154 698 153;7;0;1;7;1;0
202000025053;154 698 152;7;13;0;0;17;1
202000025054;154 698 150;7;0;2;2;17;1
202000025054;154 698 151;7;0;0;6;1;1
202000025055;154 698 148;17;0;0;6;1;1
202000025055;154 698 149;7;0;2;2;1;2
202000025056;154 698 147;15;0;1;2;2;1
202000025057;154 698 143;33;0;2;4;16;1
202000025057;154 698 144;7;0;2;2;1;1
202000025058;154 698 141;2;0;2;0;1;1
202000025058;154 698 142;7;0;2;2;17;1
202000025059;154 698 140;2;0;0;0;1;0
202000025060;154 698 137;7;0;2;1;1;0
202000025060;154 698 138;7;0;2;3;1;0
202000025060;154 698 139;7;0;2;1;1;0
202000025061;154 698 135;33;0;2;8;13;1
202000025061;154 698 136;7;0;2;8;1;1
202000025062;154 698 132;7;0;2;5;14;1
202000025062;154 698 133;33;0;2;1;2;1
202000025062;154 698 134;7;0;2;1;2;1
202000025063;154 698 131;7;6;0;1;1;1
202000025064;154 698 129;7;6;0;1;1;1
202000025064;154 698 130;10;0;0;0;1;0
202000025065;154 698 128;1;5;9;2;0;5
202000025066;154 698 125;1;0;2;1;1;5
202000025066;154 698 126;1;0;2;1;1;5
202000025066;154 698 127;7;0;2;2;14;1
202000025067;154 698 123;7;0;2;3;15;1
202000025067;154 698 124;2;0;2;2;17;1
202000025068;154 698 122;7;15;0;1;1;1
202000025069;154 698 119;7;2;0;2;1;1
202000025070;154 698 118;33;3;0;8;0;0
202000025071;154 698 117;7;0;0;2;1;1
202000025072;154 698 115;2;0;2;3;1;1
202000025072;154 698 116;1;0;2;3;1;5
202000025073;154 698 113;7;0;2;2;1;1
202000025073;154 698 114;7;0;2;2;13;1
202000025074;154 698 111;7;0;2;5;15;1
202000025074;154 698 112;31;0;2;1;-1;1
202000025075;154 698 110;7;0;1;1;15;1
202000025076;154 698 108;7;0;2;6;1;1
202000025076;154 698 109;7;0;2;2;1;1
202000025077;154 698 104;10;0;2;1;2;1
202000025077;154 698 105;7;0;2;4;23;1
202000025077;154 698 106;7;0;2;4;23;1
202000025077;154 698 107;7;0;2;4;23;1
202000025078;154 698 102;7;0;2;1;2;1
202000025078;154 698 103;7;0;2;4;1;1
202000025079;154 698 099;33;0;2;1;3;1
202000025079;154 698 100;7;0;2;7;1;1
202000025079;154 698 101;10;0;2;6;11;1
202000025080;154 698 098;7;5;0;1;2;1
202000025081;154 698 096;7;0;2;1;1;1
202000025081;154 698 097;32;0;2;4;2;1
202000025082;154 698 089;7;0;2;1;1;1
202000025082;154 698 090;7;0;2;2;0;1
202000025083;154 698 088;31;0;0;8;0;1
202000025084;154 698 087;7;12;0;1;26;1
202000025085;154 698 085;30;0;9;0;1;0
202000025085;154 698 086;1;0;2;8;0;5
202000025086;154 698 083;33;0;2;7;1;1
202000025086;154 698 084;7;0;2;8;11;1
202000025087;154 698 081;7;0;2;1;2;1
202000025087;154 698 082;7;0;0;4;2;1
202000025088;154 698 079;7;0;2;0;1;1
202000025088;154 698 080;7;0;2;2;15;1
202000025089;154 698 076;7;0;2;5;15;1
202000025089;154 698 077;10;0;2;4;1;1
202000025089;154 698 078;7;0;2;1;1;1
202000025090;154 698 075;7;8;0;1;14;1
202000025091;154 698 073;32;0;2;8;1;1
202000025091;154 698 074;7;0;2;8;1;1
202000025092;154 698 071;1;0;2;1;18;0
202000025092;154 698 072;7;0;1;5;16;1
202000025093;154 698 070;30;12;2;1;2;6
202000025094;154 698 068;7;1;0;3;1;1
202000025094;154 698 069;7;0;2;6;24;1
202000025095;154 698 066;34;0;2;1;1;1
202000025095;154 698 067;7;0;2;3;9;1
202000025096;154 698 064;7;0;2;0;0;0
202000025096;154 698 065;7;0;0;0;0;-1
202000025097;154 698 063;7;1;1;7;17;1
202000025098;154 698 061;33;0;2;1;1;1
202000025098;154 698 062;7;0;2;1;15;1
202000025099;154 698 059;7;0;2;1;9;1
202000025099;154 698 060;2;0;2;1;2;1
202000025100;154 698 057;1;0;2;1;19;5
202000025100;154 698 058;7;0;2;0;0;1
202000025101;154 698 056;7;0;1;2;1;1
202000025102;154 698 055;7;2;0;2;14;1
202000025103;154 698 053;31;0;2;1;2;1
202000025103;154 698 054;7;0;2;4;1;2
202000025104;154 698 051;2;0;2;4;15;1
202000025104;154 698 052;7;0;2;0;9;1
202000025105;154 698 048;7;0;2;0;1;0
202000025105;154 698 050;1;0;2;6;15;5
202000025106;154 698 047;2;0;2;3;1;1
202000025106;154 698 049;7;0;9;7;16;1
202000025107;154 698 044;7;0;2;3;13;1
202000025107;154 698 046;33;0;2;3;0;1
202000025108;154 698 043;7;0;2;1;1;1
202000025108;154 698 045;7;0;2;8;1;1
202000025109;154 698 040;31;0;2;1;1;0
202000025109;154 698 042;7;6;2;2;15;0
202000025110;154 698 039;2;0;2;7;9;1
202000025110;154 698 041;7;0;2;8;1;1
202000025111;154 698 037;50;1;0;7;1;3
202000025111;154 698 038;7;0;2;8;24;6
202000025112;154 698 035;7;0;2;3;1;1
202000025112;154 698 036;7;0;2;1;15;1
202000025113;154 698 032;33;0;2;1;1;1
202000025113;154 698 034;7;0;2;1;15;1
202000025114;154 698 031;7;0;2;3;16;1
202000025114;154 698 033;7;0;2;2;1;1
202000025115;154 698 029;32;0;2;1;1;1
202000025115;154 698 030;3;0;2;4;23;1
202000025116;154 698 027;31;0;2;1;26;1
202000025116;154 698 028;7;0;2;2;15;1
202000025117;154 698 023;7;14;0;1;13;1
202000025117;154 698 025;38;0;2;2;21;1
202000025117;154 698 026;7;14;0;4;23;1
202000025118;154 698 022;7;0;2;8;2;1
202000025118;154 698 024;31;0;2;0;2;1
202000025119;154 698 021;7;0;1;2;16;1
202000025120;154 698 017;7;0;2;4;2;1
202000025120;154 698 018;7;0;2;4;2;1
202000025120;154 698 019;7;0;2;2;2;1
202000025120;154 698 020;2;0;2;4;2;1
202000025121;154 698 015;1;0;2;3;11;5
202000025121;154 698 016;7;0;2;0;0;1
202000025122;154 698 011;7;0;1;4;4;1
202000025123;154 698 010;7;6;0;3;13;1
202000025124;154 698 009;33;0;2;1;1;1
202000025124;154 698 012;7;0;2;4;1;1
202000025125;154 698 004;3;0;2;4;2;1
202000025125;154 698 007;7;0;2;1;2;1
202000025126;154 698 005;7;0;2;3;19;0
202000025126;154 698 008;7;0;2;2;1;0
202000025127;154 698 003;7;0;2;2;15;1
202000025127;154 698 006;33;0;2;2;1;1
202000025128;154 697 999;7;0;2;3;1;1
202000025128;154 698 001;7;0;2;1;9;1
202000025129;154 697 998;7;0;9;3;1;1
202000025129;154 698 002;1;0;2;1;11;5
202000025130;154 697 997;7;1;0;1;13;1
202000025130;154 698 000;7;1;2;3;26;1
202000025131;154 697 995;33;7;0;1;1;1
202000025132;154 697 993;7;14;0;1;26;1
202000025133;154 697 994;7;0;2;1;1;1
202000025133;154 697 996;7;0;2;8;10;1
202000025134;154 697 991;20;0;1;1;19;0
202000025135;154 697 992;10;6;0;1;13;1
202000025136;154 697 990;10;0;1;3;15;0
202000025137;154 697 989;7;2;0;2;14;1
202000025138;154 697 987;33;0;2;1;1;1
202000025138;154 697 988;7;0;2;2;15;1
202000025139;154 697 986;7;0;1;1;15;1
202000025140;154 697 985;7;3;2;1;14;1