Num_Acc;id_vehicule;catv;obs;obsm;choc;manv;motor
202000026934;154 694 875;33;0;0;0;1;1
202000026935;154 694 872;7;0;2;7;15;1
202000026935;154 694 873;2;0;2;1;1;1
202000026936;154 694 871;7;0;1;2;1;1
202000026937;154 694 870;10;13;0;1;0;1
202000026938;154 694 867;33;0;0;7;1;1
202000026939;154 694 866;2;0;0;0;1;1
202000026940;154 694 864;7;0;9;2;1;0
202000026940;154 694 865;7;2;0;8;17;1
202000026941;154 694 862;33;0;2;1;1;1
202000026941;154 694 863;7;0;0;1;15;1
202000026942;154 694 861;2;0;0;0;1;1
202000026943;154 694 859;15;0;2;5;17;1
202000026943;154 694 860;1;0;2;8;1;5
202000026944;154 694 858;7;0;0;1;0;1
202000026945;154 694 855;7;7;0;8;23;1
202000026945;154 694 856;7;7;2;1;1;1
202000026945;154 694 857;7;0;0;1;15;1
202000026946;154 694 854;7;0;1;7;0;1
202000026947;154 694 852;7;2;0;1;1;1
202000026948;154 694 850;7;0;2;3;1;1
202000026948;154 694 851;33;0;2;1;6;1
202000026949;154 694 849;33;0;0;0;1;1
202000026950;154 694 846;7;0;2;1;15;1
202000026950;154 694 847;33;0;2;1;23;1
202000026950;154 694 848;7;0;0;6;23;1
202000026951;154 694 844;33;0;1;4;23;1
202000026951;154 694 845;7;0;2;1;2;1
202000026952;154 694 842;7;0;2;3;0;1
202000026952;154 694 843;7;0;2;3;1;1
202000026953;154 694 841;7;6;0;1;0;1
202000026954;154 694 840;33;0;0;8;16;1
202000026955;154 694 839;7;13;0;1;0;1
202000026956;154 694 838;33;0;0;8;1;1
202000026957;154 694 837;33;13;0;1;1;1
202000026958;154 694 835;7;0;2;8;15;1
202000026958;154 694 836;33;0;2;1;17;1
202000026959;154 694 833;7;0;2;7;1;6
202000026959;154 694 834;17;0;2;0;13;0
202000026960;154 694 832;7;13;0;9;13;1
202000026961;154 694 830;7;0;2;2;1;1
202000026961;154 694 831;7;4;0;6;12;1
202000026962;154 694 827;7;0;0;4;23;1
202000026962;154 694 828;7;1;0;1;2;1
202000026962;154 694 829;7;0;2;1;23;1
202000026963;154 694 825;7;13;2;3;1;1
202000026963;154 694 826;7;12;2;3;1;1
202000026964;154 694 822;7;0;0;2;14;6
202000026964;154 694 823;1;0;0;4;1;5
202000026964;154 694 824;1;0;0;4;1;5
202000026965;154 694 821;2;0;9;3;13;0
202000026966;154 694 818;7;14;2;3;2;1
202000026966;154 694 819;33;0;2;1;1;1
202000026966;154 694 820;2;0;2;3;15;1
202000026967;154 694 817;7;13;0;1;1;1
202000026968;154 694 815;7;0;2;4;1;0
202000026968;154 694 816;32;0;2;1;1;0
202000026969;154 694 813;7;0;2;2;1;1
202000026969;154 694 814;1;0;0;4;1;5
202000026970;154 694 811;7;0;2;1;1;1
202000026970;154 694 812;33;0;2;8;9;1
202000026971;154 694 809;7;0;2;6;10;1
202000026971;154 694 810;7;0;2;3;1;1
202000026972;154 694 805;7;0;2;4;2;1
202000026972;154 694 806;7;0;2;4;2;1
202000026972;154 694 807;7;0;2;4;2;1
202000026972;154 694 808;7;0;2;1;2;1
202000026973;154 694 804;7;1;0;2;14;1
202000026974;154 694 803;1;0;0;1;0;5
202000026975;154 694 801;7;0;2;3;19;2
202000026975;154 694 802;33;0;2;1;1;1
202000026976;154 694 797;7;0;2;1;0;1
202000026976;154 694 798;7;0;2;4;0;1
202000026976;154 694 799;7;0;2;4;0;1
202000026976;154 694 800;10;0;9;4;0;1
202000026977;154 694 795;7;0;9;7;1;1
202000026977;154 694 796;1;0;2;8;1;5
202000026978;154 694 793;1;0;9;1;0;5
202000026978;154 694 794;1;0;9;1;0;5
202000026979;154 694 790;10;3;2;3;2;0
202000026979;154 694 791;7;3;0;5;2;0
202000026979;154 694 792;7;0;2;5;2;0
202000026980;154 694 788;7;0;9;2;1;0
202000026980;154 694 789;1;0;2;3;1;0
202000026981;154 694 786;33;0;2;8;1;1
202000026981;154 694 787;7;0;2;3;1;1
202000026982;154 694 785;7;0;1;5;20;1
202000026983;154 694 784;7;0;1;1;1;1
202000026984;154 694 782;7;0;2;7;1;0
202000026984;154 694 783;7;0;2;1;1;0
202000026985;154 694 780;7;0;2;1;15;1
202000026985;154 694 781;31;0;2;3;1;1
202000026986;154 694 779;7;13;0;1;14;1
202000026987;154 694 776;2;0;2;3;13;1
202000026987;154 694 777;7;0;2;3;1;1
202000026988;154 694 773;33;0;2;1;1;1
202000026988;154 694 774;7;0;2;3;1;1
202000026989;154 694 772;32;0;0;0;16;1
202000026990;154 694 768;7;4;2;4;2;1
202000026990;154 694 769;7;4;2;4;2;1
202000026990;154 694 770;7;4;2;4;2;1
202000026990;154 694 771;7;0;0;0;0;0
202000026991;154 694 766;7;0;0;0;26;1
202000026991;154 694 767;7;4;0;3;21;1
202000026992;154 694 762;7;0;2;1;2;1
202000026992;154 694 764;7;0;2;1;1;1
202000026992;154 694 765;7;0;0;1;2;1
202000026993;154 694 761;14;0;2;3;1;1
202000026993;154 694 763;7;0;2;3;13;1
202000026994;154 694 759;7;0;2;6;1;0
202000026994;154 694 760;31;0;2;1;0;1
202000026995;154 694 758;31;8;0;0;1;1
202000026996;154 694 754;33;0;2;1;1;1
202000026996;154 694 756;3;0;2;0;0;0
202000026997;154 694 753;7;0;2;4;2;1
202000026997;154 694 755;7;0;2;0;18;1
202000026997;154 694 757;10;0;2;1;2;1
202000026998;154 694 750;7;0;2;6;24;1
202000026998;154 694 752;7;1;0;2;1;1
202000026999;154 694 749;7;0;2;0;1;1
202000026999;154 694 751;7;0;2;1;1;1
202000027000;154 694 748;31;0;0;8;17;1
202000027001;154 694 745;7;0;2;4;2;1
202000027001;154 694 747;7;0;2;1;2;1
202000027002;154 694 742;30;0;2;1;1;1
202000027002;154 694 744;7;0;2;2;15;1
202000027003;154 694 741;7;0;2;1;2;1
202000027003;154 694 743;7;0;2;4;2;1
202000027003;154 694 746;7;0;2;4;1;1
202000027004;154 694 736;30;0;2;2;14;1
202000027004;154 694 739;10;0;2;3;1;3
202000027005;154 694 738;7;0;2;1;14;1
202000027005;154 694 740;7;0;2;6;1;2
202000027006;154 694 735;7;0;2;3;11;1
202000027006;154 694 737;33;4;2;2;26;1
202000027007;154 694 734;1;0;1;1;1;5
202000027008;154 694 732;7;0;2;6;1;3
202000027008;154 694 733;15;0;2;2;12;6
202000027009;154 694 730;10;0;2;3;2;1
202000027009;154 694 731;7;3;2;1;13;1
202000027010;154 694 729;10;1;0;1;13;1
202000027011;154 694 727;33;6;0;3;2;1
202000027012;154 694 722;10;0;2;2;16;1
202000027012;154 694 724;30;0;2;3;7;3
202000027013;154 694 723;7;0;2;1;26;1
202000027013;154 694 725;7;14;2;1;26;1
202000027013;154 694 726;7;0;2;8;26;1
202000027013;154 694 728;15;0;0;0;26;1
202000027014;154 694 721;32;14;0;2;1;1
202000027015;154 694 720;10;7;0;5;4;1
202000027016;154 694 718;33;0;2;1;11;1
202000027016;154 694 719;7;0;2;1;15;1
202000027017;154 694 715;17;0;2;2;2;1
202000027017;154 694 717;7;0;2;6;2;1
202000027018;154 694 714;7;0;1;2;26;1
202000027018;154 694 716;10;0;2;3;21;1
202000027019;154 694 710;7;0;2;1;1;1
202000027019;154 694 711;17;0;2;1;1;1
202000027019;154 694 713;7;0;2;4;11;1
202000027020;154 694 708;33;0;2;2;2;1
202000027020;154 694 712;7;0;2;4;1;1
202000027021;154 694 707;7;4;2;6;1;1
202000027021;154 694 709;7;0;2;1;1;0
202000027022;154 694 706;7;0;1;6;20;1
202000027023;154 694 704;0;0;2;0;0;0
202000027023;154 694 705;33;7;0;1;3;1
202000027024;154 694 699;7;0;2;2;1;1
202000027024;154 694 701;7;0;2;8;1;1
202000027025;154 694 700;33;0;2;1;19;1
202000027025;154 694 703;2;0;2;8;1;0
202000027026;154 694 698;7;0;2;2;16;1
202000027026;154 694 702;2;0;2;1;1;1
202000027027;154 694 693;7;0;2;7;15;1
202000027027;154 694 696;30;0;2;0;0;0
202000027028;154 694 694;34;0;2;6;18;0
202000027028;154 694 697;7;0;2;5;16;1
202000027029;154 694 695;10;0;1;2;16;1
202000027030;154 694 691;7;0;2;5;1;1
202000027030;154 694 692;2;0;2;1;21;1
202000027031;154 694 690;13;6;0;1;1;1
202000027032;154 694 687;7;0;1;1;16;1
202000027033;154 694 688;7;0;2;2;10;1
202000027033;154 694 689;31;0;2;1;1;1
202000027034;154 694 686;7;0;1;2;1;1
202000027035;154 694 684;7;12;0;1;26;1
202000027036;154 694 685;7;6;0;1;2;1
202000027037;154 694 679;7;0;2;6;2;1
202000027037;154 694 681;32;0;2;2;2;1
202000027038;154 694 680;13;1;0;1;1;1
202000027038;154 694 683;13;1;0;4;24;1
202000027039;154 694 678;17;0;2;3;1;1
202000027039;154 694 682;7;0;2;1;13;1
202000027040;154 694 672;2;0;2;1;1;1
202000027040;154 694 675;7;0;0;8;1;1
202000027041;154 694 673;7;0;2;2;26;1
202000027041;154 694 676;7;0;2;1;1;1
202000027042;154 694 671;7;13;0;8;13;1
202000027043;154 694 670;7;0;2;3;1;1
202000027043;154 694 674;7;0;2;1;13;1
202000027044;154 694 667;7;0;2;2;9;1
202000027044;154 694 669;31;0;2;7;5;1
202000027045;154 694 668;31;13;0;0;1;1
202000027046;154 694 666;7;0;1;3;17;0
202000027047;154 694 663;7;2;0;3;11;0
202000027048;154 694 664;1;0;2;2;1;5
202000027048;154 694 665;7;0;2;1;9;6
202000027049;154 694 660;7;0;2;8;21;1
202000027049;154 694 661;7;0;2;2;1;1
202000027049;154 694 662;7;0;2;6;1;1
202000027050;154 694 658;7;2;0;7;1;0
202000027051;154 694 657;30;0;2;1;26;1
202000027051;154 694 659;37;0;2;6;23;1
202000027052;154 694 656;7;0;1;5;1;1
202000027053;154 694 655;32;0;0;0;1;1
202000027054;154 694 652;7;13;0;1;1;1
202000027055;154 694 651;1;0;2;4;1;5
202000027055;154 694 654;14;0;2;3;10;1
202000027056;154 694 650;7;0;2;1;15;1
202000027056;154 694 653;2;0;2;1;1;1
202000027057;154 694 649;7;2;0;2;0;0
202000027058;154 694 646;34;0;2;1;17;0
202000027058;154 694 648;7;0;2;0;26;0
202000027059;154 694 645;32;0;2;7;1;1
202000027059;154 694 647;7;0;2;1;1;1
202000027060;154 694 643;7;0;2;3;1;1
202000027060;154 694 644;7;0;0;6;15;1
202000027061;154 694 641;7;0;1;2;1;1
202000027062;154 694 639;7;0;2;1;14;0
202000027062;154 694 640;7;0;2;6;15;0
202000027063;154 694 638;7;0;1;1;0;1
202000027064;154 694 637;7;6;1;1;26;0
202000027065;154 694 634;7;13;2;0;2;1
202000027065;154 694 636;10;12;1;2;17;1
202000027066;154 694 633;7;0;2;7;15;1
202000027066;154 694 635;33;0;2;1;1;1
202000027067;154 694 630;7;0;2;1;1;1
202000027067;154 694 631;10;0;2;2;1;1
202000027068;154 694 629;1;0;0;9;1;5
202000027069;154 694 626;7;0;2;3;0;1
202000027069;154 694 627;33;0;2;1;0;1
202000027070;154 694 625;7;6;0;1;1;1
202000027071;154 694 623;33;0;2;1;1;1
202000027072;154 694 624;7;0;1;8;1;0
202000027073;154 694 622;7;0;1;1;1;0
202000027074;154 694 621;43;0;0;1;1;1
202000027075;154 694 617;7;3;0;3;1;1
202000027076;154 694 616;7;0;2;3;9;1
202000027076;154 694 619;2;0;2;5;1;1
202000027077;154 694 615;7;0;2;6;0;1
202000027077;154 694 618;33;1;2;7;1;1
202000027077;154 694 620;7;0;2;2;17;1
202000027078;154 694 614;32;7;0;1;1;1
202000027079;154 694 610;7;0;2;8;2;1
202000027079;154 694 611;33;0;2;5;2;1
202000027080;154 694 612;10;4;0;9;13;1
202000027081;154 694 613;10;6;0;1;1;1
202000027082;154 694 609;7;0;1;2;1;1
202000027083;154 694 608;30;0;1;1;1;1
202000027084;154 694 607;7;0;1;1;26;1
202000027085;154 694 606;7;14;0;1;1;1
202000027086;154 694 605;7;8;0;1;9;1
202000027087;154 694 604;36;0;0;8;1;1
202000027088;154 694 598;7;0;2;1;16;1
202000027088;154 694 602;7;0;2;3;17;1
202000027089;154 694 600;7;0;2;6;15;1
202000027089;154 694 603;33;0;2;1;13;1
202000027090;154 694 597;31;6;1;2;1;1
202000027091;154 694 599;1;0;2;1;1;5
202000027091;154 694 601;1;0;2;1;17;5
202000027092;154 694 595;7;0;2;1;23;1
202000027092;154 694 596;7;0;2;0;0;1
202000027093;154 694 594;32;8;0;1;14;1
202000027094;154 694 592;7;0;2;1;1;1
202000027094;154 694 593;7;0;2;4;1;1
202000027095;154 694 587;32;0;2;8;15;1
202000027095;154 694 590;33;0;2;1;1;1
202000027096;154 694 589;7;0;2;3;13;0
202000027096;154 694 591;7;0;0;3;1;0
202000027097;154 694 584;32;0;2;0;17;1
202000027097;154 694 585;99;0;0;0;0;0
202000027098;154 694 581;7;0;2;1;2;1
202000027098;154 694 582;7;0;2;4;2;1
202000027098;154 694 583;7;0;2;9;2;1
202000027099;154 694 578;7;0;2;4;1;1
202000027099;154 694 579;7;0;2;4;1;1
202000027099;154 694 580;7;0;2;1;1;1
202000027100;154 694 574;7;0;2;1;2;1
202000027100;154 694 575;7;0;2;1;26;1
202000027101;154 694 573;30;0;0;8;1;1
202000027102;154 694 572;10;0;1;2;9;3
202000027103;154 694 576;7;0;2;1;9;1
202000027103;154 694 577;7;0;2;1;1;1
202000027104;154 694 570;7;0;2;3;10;1
202000027104;154 694 571;30;0;2;1;1;1
202000027105;154 694 567;7;0;0;4;1;1
202000027105;154 694 569;7;0;2;1;1;1
202000027106;154 694 568;7;0;1;1;1;1
202000027107;154 694 586;7;0;2;3;13;1
202000027107;154 694 588;7;0;2;3;13;1
202000027108;154 694 565;7;0;1;1;1;0
202000027109;154 694 564;7;0;2;6;15;0
202000027109;154 694 566;7;0;2;1;1;1
202000027110;154 694 561;1;0;2;0;0;0
202000027110;154 694 563;10;0;2;2;2;1
202000027111;154 694 559;99;0;2;4;0;0
202000027111;154 694 562;7;0;2;0;0;1
202000027112;154 694 560;10;0;1;1;15;0
202000027113;154 694 556;2;0;0;0;15;1
202000027113;154 694 558;7;0;0;9;1;1
202000027114;154 694 555;30;11;0;1;1;1
202000027115;154 694 552;7;0;2;4;1;0
202000027115;154 694 553;15;0;2;1;1;0
202000027116;154 694 551;7;0;2;8;10;1
202000027116;154 694 557;30;0;2;1;1;1
202000027117;154 694 549;7;0;2;2;21;1
202000027117;154 694 550;7;0;0;6;2;1
202000027117;154 694 554;10;0;0;0;23;1
202000027118;154 694 547;7;0;2;2;21;1
202000027118;154 694 548;7;0;2;1;10;1
202000027119;154 694 544;7;3;0;3;1;1
202000027120;154 694 541;33;0;2;8;1;1
202000027120;154 694 542;7;0;2;5;9;1
202000027121;154 694 540;31;14;0;1;1;1
202000027122;154 694 537;15;0;2;3;15;0
202000027122;154 694 539;32;0;2;1;1;1
202000027123;154 694 536;13;0;2;3;15;1
202000027123;154 694 538;7;0;2;1;1;1
202000027124;154 694 546;1;1;0;1;14;5
202000027125;154 694 533;7;0;1;2;1;1
202000027126;154 694 532;10;0;1;5;4;1
202000027127;154 694 531;7;0;1;3;1;1
202000027128;154 694 529;32;0;9;3;26;1
202000027129;154 694 528;7;0;2;6;19;0
202000027129;154 694 530;2;0;2;6;0;0
202000027130;154 694 526;33;1;0;1;17;1
202000027131;154 694 523;7;0;2;3;1;1
202000027131;154 694 524;7;0;2;3;13;0
202000027132;154 694 534;80;0;2;1;1;3
202000027132;154 694 535;1;0;2;1;21;5
202000027133;154 694 525;7;0;2;1;1;1
202000027133;154 694 527;33;0;1;0;1;1
202000027134;154 694 521;7;0;2;7;15;1
202000027134;154 694 522;2;0;2;1;2;1
202000027135;154 694 519;10;0;9;1;0;0
202000027135;154 694 520;1;0;2;1;0;5
202000027136;154 694 518;36;0;1;1;26;0
202000027137;154 694 516;2;0;0;1;5;1
202000027138;154 694 513;7;4;0;1;1;1
202000027139;154 694 511;7;0;2;4;1;1
202000027139;154 694 512;7;0;2;1;1;1
202000027139;154 694 514;7;0;2;4;1;1
202000027139;154 694 515;7;0;2;1;17;1
202000027140;154 694 507;7;0;2;1;1;1
202000027140;154 694 509;10;0;2;8;1;1
202000027141;154 694 517;7;13;0;2;2;1
202000027142;154 694 506;7;0;0;4;1;1
202000027142;154 694 508;1;0;2;1;1;5
202000027143;154 694 504;2;0;2;1;17;1
202000027143;154 694 505;3;0;2;8;15;1
202000027144;154 694 503;30;0;0;0;13;1
202000027145;154 694 501;21;13;0;2;14;1
202000027146;154 694 500;7;0;1;3;1;0
202000027147;154 694 499;7;2;2;2;2;1
202000027147;154 694 502;7;0;2;3;10;1
202000027148;154 694 497;7;0;1;1;15;1
202000027149;154 694 498;7;0;0;1;1;1
202000027150;154 694 495;7;0;2;1;15;1
202000027150;154 694 496;33;0;2;3;1;1
202000027151;154 694 492;31;0;2;1;1;0
202000027151;154 694 493;7;0;2;2;17;0
202000027152;154 694 491;7;13;0;3;1;0
202000027153;154 694 490;3;9;0;3;13;1
202000027154;154 694 488;10;0;2;2;14;1
202000027154;154 694 489;7;0;2;1;1;1
202000027155;154 694 487;7;0;1;4;26;1
202000027156;154 694 486;7;13;0;1;1;1
202000027157;154 694 484;33;0;2;3;3;1
202000027157;154 694 485;33;0;2;7;17;0
202000027158;154 694 483;7;13;0;0;1;1
202000027159;154 694 480;33;0;2;1;11;1
202000027159;154 694 481;33;0;2;4;3;1
202000027159;154 694 482;7;0;2;6;1;1
202000027160;154 694 479;33;0;0;0;1;1
202000027161;154 694 476;7;0;2;3;2;1
202000027161;154 694 478;7;0;1;4;23;1
202000027162;154 694 474;7;0;2;1;15;1
202000027162;154 694 477;33;0;2;1;1;1
202000027163;154 694 472;10;0;1;1;1;1
202000027164;154 694 475;7;8;0;3;1;1
202000027165;154 694 473;7;0;2;4;23;1
202000027166;154 694 470;7;0;2;3;16;1
202000027166;154 694 471;7;0;2;1;17;1
202000027167;154 694 467;7;0;1;3;15;1
202000027168;154 694 466;33;0;0;8;0;1
202000027169;154 694 462;31;0;2;1;0;0
202000027169;154 694 464;0;0;1;4;0;6
202000027170;154 694 463;7;0;2;4;23;1
202000027170;154 694 465;7;0;2;1;1;0
202000027171;154 694 459;17;0;2;4;2;1
202000027171;154 694 460;10;0;2;1;2;1
202000027172;154 694 468;30;0;2;1;1;1
202000027172;154 694 469;10;0;2;1;15;1
202000027173;154 694 458;7;0;2;3;1;1
202000027173;154 694 461;33;0;2;1;1;1
202000027174;154 694 456;10;0;1;2;1;1
202000027175;154 694 455;1;0;2;3;1;5
202000027175;154 694 457;7;0;2;1;19;1
202000027176;154 694 451;10;0;1;4;4;1
202000027177;154 694 452;7;0;2;2;16;1
202000027177;154 694 453;7;0;2;3;15;1
202000027178;154 694 450;10;0;2;3;10;1
202000027178;154 694 454;43;0;2;1;1;1
202000027179;154 694 448;7;0;2;3;1;1
202000027179;154 694 449;33;0;2;1;1;1
202000027180;154 694 446;7;0;2;5;16;1
202000027180;154 694 447;33;0;2;3;16;1
202000027181;154 694 444;7;0;2;2;16;1
202000027181;154 694 445;32;0;2;3;7;1
202000027182;154 694 443;7;9;0;0;0;0
202000027183;154 694 441;7;0;1;1;1;2
202000027184;154 694 440;7;0;2;3;22;1
202000027184;154 694 442;1;0;2;1;1;5
202000027185;154 694 436;33;0;2;3;17;1
202000027185;154 694 438;1;0;2;3;1;5
202000027186;154 694 433;32;0;1;1;1;1
202000027187;154 694 434;33;0;2;8;13;0
202000027187;154 694 439;7;0;2;8;1;0
202000027188;154 694 435;33;0;2;3;1;1
202000027188;154 694 437;7;0;2;8;26;1
202000027189;154 694 432;31;14;0;1;14;1
202000027190;154 694 430;33;0;0;3;2;1
202000027190;154 694 431;33;0;0;5;2;1
202000027191;154 694 429;30;0;0;0;1;1
202000027192;154 694 428;10;0;1;3;15;1
202000027193;154 694 426;33;6;0;1;1;1
202000027194;154 694 423;7;0;2;1;1;1
202000027194;154 694 425;1;0;2;7;1;5
202000027195;154 694 424;7;0;2;2;16;1
202000027195;154 694 427;7;0;2;1;2;1
202000027196;154 694 422;7;4;0;2;0;1
202000027197;154 694 420;7;4;0;1;21;1
202000027198;154 694 419;30;0;2;8;1;0
202000027199;154 694 418;34;0;2;3;0;1
202000027199;154 694 421;7;0;2;3;13;0
202000027200;154 694 417;33;4;0;1;13;1
202000027201;154 694 415;7;0;0;3;1;1
202000027201;154 694 416;33;0;2;3;13;1
202000027202;154 694 410;7;4;0;3;26;1
202000027203;154 694 411;50;0;2;1;0;3
202000027203;154 694 413;7;0;2;1;0;1
202000027204;154 694 412;7;0;2;6;9;1
202000027204;154 694 414;32;0;2;1;14;2
202000027205;154 694 409;10;15;1;1;1;1
202000027206;154 694 406;7;0;2;4;2;1
202000027206;154 694 407;7;0;2;1;2;1
202000027207;154 694 402;7;0;2;4;2;1
202000027207;154 694 408;7;0;2;1;2;2
202000027208;154 694 401;31;11;0;1;26;1
202000027209;154 694 403;7;0;2;5;23;1
202000027209;154 694 405;43;0;2;1;2;1
202000027210;154 694 396;1;0;2;0;1;5
202000027210;154 694 399;50;0;2;1;13;3
202000027211;154 694 398;7;4;0;1;26;1
202000027212;154 694 394;10;0;1;2;20;1
202000027213;154 694 397;1;1;0;2;14;5
202000027214;154 694 400;33;0;2;1;1;1
202000027214;154 694 404;10;0;0;0;0;1
202000027215;154 694 393;10;0;2;1;2;1
202000027215;154 694 395;10;0;2;4;2;1
202000027216;154 694 391;80;1;2;1;1;3
202000027217;154 694 390;7;0;2;2;26;1
202000027217;154 694 392;7;0;2;3;26;1
202000027218;154 694 382;33;0;2;1;1;1
202000027218;154 694 384;7;0;2;2;1;1
202000027218;154 694 386;7;0;2;1;15;1
202000027219;154 694 385;33;0;2;7;1;1
202000027219;154 694 387;7;0;2;1;9;1
202000027220;154 694 388;7;4;0;1;21;2
202000027220;154 694 389;7;4;0;1;9;1
202000027221;154 694 379;0;0;1;3;2;0
202000027222;154 694 381;43;0;2;1;1;1
202000027222;154 694 383;1;0;2;6;19;5
202000027223;154 694 378;7;4;0;1;0;1
202000027224;154 694 377;50;0;0;0;0;3
202000027224;154 694 380;7;0;9;1;9;0
202000027225;154 694 375;2;0;2;1;1;1
202000027225;154 694 376;7;0;2;3;9;1
202000027226;154 694 370;10;0;1;4;20;1
202000027227;154 694 374;1;0;1;1;1;5
202000027228;154 694 369;2;0;2;1;1;0
202000027228;154 694 372;10;0;2;6;1;3
202000027229;154 694 371;7;0;2;2;12;1
202000027229;154 694 373;34;0;2;3;0;1
202000027230;154 694 367;33;0;2;1;0;1
202000027230;154 694 368;2;0;2;1;0;1
202000027231;154 694 366;0;0;0;0;26;0
202000027232;154 694 360;10;0;2;3;15;1
202000027232;154 694 364;32;0;2;3;1;1
202000027233;154 694 362;1;0;0;0;15;5
202000027234;154 694 357;7;0;2;8;1;1
202000027234;154 694 359;7;0;2;3;11;1
202000027235;154 694 358;7;4;0;3;1;1
202000027235;154 694 361;7;4;2;7;1;1
202000027235;154 694 363;7;4;2;3;1;1
202000027235;154 694 365;7;4;0;1;14;1
202000027236;154 694 351;30;0;1;1;25;1
202000027237;154 694 352;50;0;2;1;5;3
202000027237;154 694 356;7;0;2;1;15;1
202000027238;154 694 350;30;0;2;8;19;1
202000027238;154 694 354;7;0;2;8;15;1
202000027239;154 694 353;7;0;2;8;1;1
202000027239;154 694 355;17;0;2;2;1;1
202000027240;154 694 346;1;0;2;6;1;5
202000027240;154 694 348;10;0;2;0;9;1
202000027241;154 694 345;7;1;0;2;14;1
202000027242;154 694 344;7;0;2;3;2;1
202000027242;154 694 349;17;0;2;2;2;1
202000027243;154 694 341;7;0;2;1;1;1
202000027243;154 694 343;7;0;2;1;1;1
202000027243;154 694 347;7;0;2;4;1;1
202000027244;154 694 340;50;1;2;1;1;3
202000027244;154 694 342;1;0;2;8;20;5
202000027245;154 694 337;1;0;2;8;5;5
202000027245;154 694 339;7;0;2;1;9;1
202000027246;154 694 332;7;0;2;3;9;1
202000027246;154 694 335;50;0;2;1;5;3
202000027247;154 694 333;50;0;2;7;1;3
202000027247;154 694 338;7;0;2;3;9;0
202000027248;154 694 334;30;0;2;4;15;1
202000027248;154 694 336;32;0;2;1;1;1
202000027249;154 694 329;33;0;0;8;15;1
202000027250;154 694 330;30;0;2;1;1;1
202000027250;154 694 331;7;0;2;3;15;1
202000027251;154 694 328;7;1;1;1;1;1
202000027252;154 694 326;1;0;2;3;1;5
202000027252;154 694 327;7;0;2;1;5;1
202000027253;154 694 321;33;12;0;1;19;1
202000027254;154 694 322;10;0;2;1;13;1
202000027254;154 694 323;7;0;2;3;1;1
202000027255;154 694 324;50;0;2;3;1;3
202000027255;154 694 325;1;0;2;8;10;5
202000027256;154 694 318;7;0;2;2;16;1
202000027256;154 694 320;2;0;2;1;2;1
202000027257;154 694 317;2;0;0;0;1;1
202000027258;154 694 316;31;0;0;1;17;1
202000027258;154 694 319;7;0;2;2;15;1
202000027259;154 694 314;1;0;2;8;1;5
202000027259;154 694 315;7;0;2;1;15;1
202000027260;154 694 310;7;2;0;1;13;1
202000027261;154 694 311;7;13;0;3;1;1
202000027262;154 694 306;7;0;2;1;1;1
202000027262;154 694 308;37;0;2;4;2;1
202000027263;154 694 309;1;0;1;1;1;5
202000027264;154 694 312;31;0;2;4;15;1
202000027264;154 694 313;7;0;2;2;15;1
202000027265;154 694 305;10;0;0;4;15;1
202000027265;154 694 307;2;0;2;1;1;1
202000027266;154 694 302;7;0;2;3;9;1
202000027266;154 694 304;80;0;2;7;1;3
202000027267;154 694 299;10;0;2;5;15;1
202000027267;154 694 301;10;0;2;1;1;0
202000027268;154 694 297;7;0;2;1;1;1
202000027268;154 694 303;7;0;2;8;1;1
202000027269;154 694 300;7;13;0;1;1;1
202000027270;154 694 296;33;0;2;6;12;1
202000027270;154 694 298;33;0;2;2;12;1
202000027271;154 694 293;80;0;2;7;5;3
202000027271;154 694 295;31;0;2;1;1;1
202000027272;154 694 292;3;0;2;7;15;0
202000027272;154 694 294;2;0;2;8;1;0
202000027273;154 694 289;1;0;2;0;13;5
202000027273;154 694 291;7;0;9;7;17;1
202000027274;154 694 290;32;1;0;3;13;1
202000027275;154 694 287;7;0;0;2;26;1
202000027276;154 694 288;1;0;0;0;1;5
202000027277;154 694 286;7;3;0;1;16;0
202000027278;154 694 285;7;0;1;2;1;0
202000027279;154 694 283;7;0;2;3;1;1
202000027279;154 694 284;7;0;2;3;0;1
202000027280;154 694 281;7;0;2;4;0;1
202000027280;154 694 282;7;0;2;1;26;1
202000027281;154 694 279;33;0;2;7;1;1
202000027281;154 694 280;7;0;2;3;19;1
202000027282;154 694 278;34;11;0;1;13;1
202000027283;154 694 273;7;6;0;1;1;1
202000027284;154 694 274;7;0;2;4;0;1
202000027284;154 694 276;7;0;2;1;2;1
202000027284;154 694 277;7;0;2;4;0;1
202000027285;154 694 272;43;12;0;8;13;1
202000027286;154 694 275;34;0;0;0;1;1
202000027287;154 694 271;7;8;0;1;1;1
202000027288;154 694 270;30;0;1;0;25;1
202000027289;154 694 269;10;0;1;3;15;0
202000027290;154 694 265;32;0;2;3;9;1
202000027290;154 694 266;7;0;2;2;12;1
202000027291;154 694 264;7;9;0;2;14;1
202000027292;154 694 263;30;0;2;1;13;1
202000027292;154 694 268;7;0;2;2;1;1
202000027293;154 694 262;33;0;2;0;1;1
202000027293;154 694 267;7;0;2;8;9;1
202000027294;154 694 261;7;13;0;9;1;1