Num_Acc;id_vehicule;catv;obs;obsm;choc;manv;motor
202000027651;154 693 647;7;0;1;2;16;0
202000027652;154 693 645;14;13;0;5;1;1
202000027653;154 693 643;7;9;2;8;2;1
202000027653;154 693 644;7;0;2;2;15;1
202000027654;154 693 639;7;0;2;1;1;1
202000027654;154 693 640;7;0;2;7;9;1
202000027655;154 693 638;7;0;2;2;15;1
202000027655;154 693 642;7;0;2;3;1;1
202000027656;154 693 637;7;0;0;4;2;6
202000027656;154 693 641;2;0;2;1;26;6
202000027657;154 693 636;7;0;1;5;10;1
202000027658;154 693 634;7;0;0;1;15;1
202000027658;154 693 635;7;0;0;3;1;1
202000027659;154 693 633;30;12;0;1;16;1
202000027660;154 693 632;7;0;1;1;15;0
202000027661;154 693 629;32;0;1;1;25;1
202000027662;154 693 628;7;0;2;3;9;1
202000027662;154 693 630;37;0;2;2;1;1
202000027663;154 693 627;7;0;1;3;2;1
202000027664;154 693 623;7;0;2;6;23;1
202000027664;154 693 625;33;0;2;4;23;1
202000027664;154 693 626;7;0;2;3;2;1
202000027665;154 693 624;43;0;1;1;15;1
202000027666;154 693 622;7;2;0;2;14;1
202000027667;154 693 621;1;0;0;0;1;5
202000027668;154 693 618;7;0;2;8;19;1
202000027668;154 693 620;37;0;2;1;1;0
202000027669;154 693 617;1;0;0;1;7;5
202000027670;154 693 616;10;0;2;2;11;1
202000027670;154 693 619;7;0;2;2;21;1
202000027671;154 693 612;1;0;2;8;17;5
202000027671;154 693 615;10;0;2;3;15;1
202000027672;154 693 613;7;0;2;3;1;1
202000027672;154 693 614;17;0;0;8;16;1
202000027673;154 693 611;7;0;1;1;1;0
202000027674;154 693 609;33;0;2;2;1;1
202000027674;154 693 610;7;0;2;7;12;1
202000027675;154 693 608;32;0;1;1;0;1
202000027676;154 693 602;10;0;2;0;22;1
202000027676;154 693 605;2;0;2;0;1;1
202000027677;154 693 601;7;0;2;1;23;1
202000027677;154 693 604;7;0;2;9;23;1
202000027677;154 693 606;7;0;2;1;23;1
202000027677;154 693 607;14;0;2;3;13;0
202000027678;154 693 598;1;0;1;7;1;5
202000027679;154 693 600;21;0;2;3;15;1
202000027679;154 693 603;7;2;2;7;17;1
202000027680;154 693 597;7;0;1;6;4;1
202000027681;154 693 596;34;0;2;1;17;1
202000027681;154 693 599;7;0;2;1;15;1
202000027682;154 693 594;31;0;2;1;18;1
202000027682;154 693 595;10;0;2;7;16;1
202000027683;154 693 592;15;0;0;3;1;0
202000027683;154 693 593;10;0;2;3;1;0
202000027684;154 693 591;7;1;1;1;2;1
202000027685;154 693 588;31;0;2;3;1;1
202000027685;154 693 590;7;0;2;3;15;1
202000027686;154 693 586;34;0;0;1;1;1
202000027686;154 693 589;7;0;0;3;10;1
202000027687;154 693 585;7;0;2;4;23;1
202000027687;154 693 587;7;0;2;1;1;0
202000027688;154 693 582;7;5;0;1;0;1
202000027689;154 693 583;7;0;2;5;23;1
202000027689;154 693 584;1;0;2;1;1;5
202000027690;154 693 580;50;0;2;7;26;3
202000027690;154 693 581;7;0;2;1;26;1
202000027691;154 693 577;1;0;2;1;1;5
202000027691;154 693 579;7;0;2;2;16;2
202000027692;154 693 576;32;0;2;7;17;1
202000027692;154 693 578;7;0;2;1;9;1
202000027693;154 693 575;7;0;1;3;9;0
202000027694;154 693 574;7;0;1;2;1;1
202000027695;154 693 572;3;1;0;1;1;0
202000027696;154 693 571;7;0;2;1;1;1
202000027696;154 693 573;32;0;2;3;1;1
202000027697;154 693 570;7;0;1;1;1;0
202000027698;154 693 569;7;0;1;2;16;1
202000027699;154 693 567;31;0;2;2;17;0
202000027699;154 693 568;7;0;2;3;11;0
202000027700;154 693 565;7;0;2;6;16;1
202000027700;154 693 566;1;0;2;1;1;5
202000027701;154 693 564;7;0;1;3;1;0
202000027702;154 693 562;7;0;2;3;1;1
202000027702;154 693 563;1;0;2;3;1;5
202000027703;154 693 560;50;14;0;4;1;3
202000027704;154 693 561;7;0;1;3;15;1
202000027705;154 693 558;32;0;0;8;16;1
202000027706;154 693 557;10;0;2;4;1;0
202000027706;154 693 559;2;0;2;1;1;0
202000027707;154 693 555;7;0;2;3;20;1
202000027707;154 693 556;32;0;2;5;1;1
202000027708;154 693 554;7;0;1;1;1;0
202000027709;154 693 551;7;0;2;2;1;1
202000027709;154 693 553;7;0;2;3;15;1
202000027710;154 693 549;7;0;2;4;2;2
202000027710;154 693 550;7;0;2;1;2;1
202000027710;154 693 552;7;0;2;1;2;1
202000027711;154 693 547;10;0;2;8;17;1
202000027711;154 693 548;34;0;2;7;1;1
202000027712;154 693 544;7;0;2;3;1;1
202000027712;154 693 546;7;0;2;1;1;1
202000027713;154 693 543;7;0;2;1;14;1
202000027713;154 693 545;34;0;2;1;13;1
202000027714;154 693 542;30;0;0;8;1;1
202000027715;154 693 540;30;0;2;1;2;1
202000027715;154 693 541;7;0;2;0;23;1
202000027716;154 693 536;7;0;2;1;15;1
202000027716;154 693 538;33;0;2;0;0;0
202000027717;154 693 537;2;0;2;7;1;1
202000027717;154 693 539;7;0;0;0;0;0
202000027718;154 693 534;14;0;2;2;0;6
202000027718;154 693 535;30;0;2;2;1;3
202000027719;154 693 532;0;0;0;0;0;0
202000027719;154 693 533;30;0;2;7;26;1
202000027720;154 693 530;10;0;2;5;15;1
202000027720;154 693 531;32;0;2;1;1;1
202000027721;154 693 527;7;0;2;2;1;1
202000027721;154 693 529;33;0;2;1;1;1
202000027722;154 693 526;7;0;2;3;15;1
202000027722;154 693 528;33;0;2;1;1;1
202000027723;154 693 523;33;0;2;8;1;0
202000027723;154 693 525;7;0;2;2;9;0
202000027724;154 693 522;33;9;2;1;1;1
202000027724;154 693 524;7;9;2;5;15;1
202000027725;154 693 518;7;0;2;7;17;0
202000027725;154 693 520;1;0;2;6;1;5
202000027726;154 693 517;10;0;2;4;1;1
202000027726;154 693 519;10;0;0;1;26;0
202000027726;154 693 521;10;0;2;4;0;1
202000027727;154 693 515;7;0;2;3;15;1
202000027727;154 693 516;7;0;0;3;1;1
202000027728;154 693 513;7;0;2;1;1;1
202000027728;154 693 514;7;0;2;2;1;1
202000027729;154 693 510;37;0;2;3;1;1
202000027729;154 693 511;7;0;2;3;1;1
202000027730;154 693 509;7;0;1;2;1;1
202000027731;154 693 506;13;0;0;2;1;0
202000027731;154 693 508;33;0;2;1;1;1
202000027732;154 693 504;32;0;1;1;17;0
202000027733;154 693 503;7;0;2;1;0;1
202000027733;154 693 505;7;0;2;1;0;1
202000027734;154 693 501;30;0;2;2;17;1
202000027734;154 693 502;7;0;2;3;15;1
202000027735;154 693 499;33;0;2;1;0;1
202000027735;154 693 500;10;0;2;1;1;1
202000027736;154 693 497;7;0;2;8;13;1
202000027736;154 693 498;17;0;2;2;13;1
202000027737;154 693 495;7;0;2;3;1;1
202000027737;154 693 496;7;0;2;3;1;1
202000027738;154 693 494;7;0;1;2;1;1
202000027739;154 693 491;7;0;2;1;1;1
202000027739;154 693 492;7;0;2;1;1;1
202000027739;154 693 493;7;0;2;4;15;1
202000027740;154 693 490;10;0;1;2;1;1
202000027741;154 693 489;33;6;0;0;16;1
202000027742;154 693 486;7;0;2;0;2;1
202000027742;154 693 488;7;0;2;0;17;1
202000027743;154 693 487;10;0;1;2;1;1
202000027744;154 693 485;10;4;0;1;0;1
202000027745;154 693 483;7;0;2;8;1;1
202000027745;154 693 484;1;0;2;4;9;5
202000027746;154 693 482;7;0;1;7;21;1
202000027747;154 693 481;7;0;1;2;1;1
202000027748;154 693 478;1;0;2;3;2;5
202000027748;154 693 480;7;0;9;2;17;0
202000027749;154 693 479;10;0;1;2;1;1
202000027750;154 693 474;10;0;2;2;0;1
202000027750;154 693 476;32;0;2;7;0;1
202000027751;154 693 472;7;0;2;2;13;1
202000027751;154 693 473;7;0;2;7;1;1
202000027752;154 693 469;7;9;0;0;1;1
202000027753;154 693 470;31;0;2;1;0;1
202000027753;154 693 471;7;0;2;1;15;1
202000027754;154 693 468;7;2;0;1;0;1
202000027755;154 693 467;10;1;1;4;20;1
202000027756;154 693 466;7;2;0;1;14;1
202000027757;154 693 464;1;0;2;4;0;5
202000027757;154 693 465;31;0;9;1;1;1
202000027758;154 693 462;7;0;2;7;13;1
202000027758;154 693 463;7;0;2;1;1;1
202000027759;154 693 459;7;2;0;1;0;1
202000027760;154 693 460;7;0;2;3;1;1
202000027760;154 693 461;7;0;2;3;1;1
202000027761;154 693 456;2;0;1;1;0;0
202000027762;154 693 457;7;0;2;7;1;1
202000027762;154 693 458;33;0;2;1;1;1
202000027763;154 693 454;7;2;0;3;5;1
202000027764;154 693 455;7;13;0;2;1;1
202000027765;154 693 453;36;6;0;1;1;1
202000027766;154 693 451;7;2;0;1;1;1
202000027767;154 693 450;7;0;0;7;15;1
202000027767;154 693 452;1;0;0;1;1;5
202000027768;154 693 447;2;0;2;1;13;1
202000027768;154 693 448;7;0;2;1;1;1
202000027768;154 693 449;7;0;2;8;1;1
202000027769;154 693 446;7;0;1;8;0;0
202000027770;154 693 443;7;0;2;1;1;1
202000027770;154 693 445;17;0;2;4;1;1
202000027771;154 693 442;7;0;2;1;1;1
202000027771;154 693 444;60;0;2;1;1;5
202000027772;154 693 441;34;16;0;1;0;1
202000027773;154 693 440;7;13;0;2;14;1
202000027774;154 693 439;33;0;0;1;1;1
202000027775;154 693 437;2;0;0;1;1;1
202000027776;154 693 436;7;13;0;1;0;1
202000027777;154 693 434;7;0;1;2;1;1
202000027778;154 693 433;7;0;9;3;11;6
202000027778;154 693 435;1;0;2;1;1;5
202000027779;154 693 431;2;6;0;1;1;1
202000027780;154 693 430;3;0;2;8;1;1
202000027780;154 693 432;2;0;2;1;1;1
202000027781;154 693 429;7;0;0;8;1;1
202000027782;154 693 428;7;3;0;1;6;1
202000027783;154 693 426;7;0;9;3;26;0
202000027783;154 693 427;1;0;0;4;26;0
202000027784;154 693 424;14;17;0;2;1;1
202000027785;154 693 423;10;2;2;0;5;1
202000027785;154 693 425;7;0;2;7;21;1
202000027786;154 693 422;1;0;0;0;0;6
202000027787;154 693 421;33;0;0;2;1;1
202000027788;154 693 418;7;0;1;1;1;1
202000027789;154 693 414;7;0;2;8;19;1
202000027789;154 693 417;34;0;2;1;1;1
202000027790;154 693 413;7;0;0;1;1;1
202000027790;154 693 415;7;0;0;8;1;1
202000027790;154 693 416;7;0;2;1;17;1
202000027791;154 693 411;2;1;0;1;0;1
202000027792;154 693 410;7;0;0;4;2;1
202000027792;154 693 412;10;0;2;1;2;1
202000027793;154 693 406;7;0;2;2;0;1
202000027793;154 693 408;10;0;2;2;17;1
202000027794;154 693 407;7;0;9;1;1;1
202000027794;154 693 409;1;0;2;1;1;5
202000027795;154 693 402;7;0;2;4;2;1
202000027795;154 693 403;7;0;2;4;2;1
202000027795;154 693 405;7;0;2;1;1;1
202000027796;154 693 399;33;4;2;6;3;1
202000027796;154 693 400;7;0;2;7;12;0
202000027797;154 693 401;7;0;1;3;1;1
202000027798;154 693 397;7;0;2;1;2;1
202000027798;154 693 398;7;0;2;4;2;1
202000027799;154 693 396;2;0;6;1;0;1
202000027800;154 693 395;7;0;2;1;2;0
202000027801;154 693 391;7;0;2;7;12;1
202000027801;154 693 392;33;0;2;8;3;1
202000027802;154 693 388;7;0;2;6;23;1
202000027802;154 693 389;7;0;2;5;23;1
202000027802;154 693 390;7;0;2;1;21;1
202000027803;154 693 393;7;0;2;1;13;1
202000027803;154 693 394;7;0;2;1;1;1
202000027804;154 693 386;17;4;2;7;12;1
202000027804;154 693 387;10;4;2;3;1;1
202000027805;154 693 382;32;0;2;8;3;1
202000027805;154 693 383;7;0;2;2;1;1
202000027806;154 693 380;32;0;2;1;2;1
202000027806;154 693 381;7;0;2;3;11;1
202000027807;154 693 379;17;4;0;7;14;1
202000027808;154 693 377;32;0;2;1;1;1
202000027808;154 693 378;7;0;2;5;12;1
202000027809;154 693 384;7;0;2;2;13;1
202000027809;154 693 385;7;0;2;2;13;1
202000027810;154 693 376;7;16;0;9;1;1
202000027811;154 693 375;2;1;0;1;1;1
202000027812;154 693 374;7;17;0;1;1;1
202000027813;154 693 373;2;6;0;7;2;1
202000027814;154 693 372;7;13;0;1;1;1
202000027815;154 693 371;7;7;0;1;16;1
202000027816;154 693 370;7;2;0;1;1;1
202000027817;154 693 369;7;2;0;1;1;1
202000027818;154 693 367;7;0;9;1;1;1
202000027818;154 693 368;1;0;2;6;9;5
202000027819;154 693 366;7;2;0;3;13;1
202000027820;154 693 363;1;0;2;1;1;5
202000027820;154 693 364;1;0;2;1;1;5
202000027820;154 693 365;1;0;2;3;19;5
202000027821;154 693 362;14;13;9;7;1;1
202000027822;154 693 359;7;0;9;2;15;0
202000027822;154 693 360;1;0;2;1;1;5
202000027822;154 693 361;1;0;2;1;1;5
202000027823;154 693 358;7;0;1;2;1;1
202000027824;154 693 357;7;2;0;0;1;1
202000027825;154 693 355;2;0;2;7;17;1
202000027825;154 693 356;7;0;2;8;17;0
202000027826;154 693 353;7;0;1;7;1;1
202000027826;154 693 354;7;0;1;2;1;0
202000027827;154 693 351;7;0;2;6;15;1
202000027827;154 693 352;31;0;2;1;1;1
202000027828;154 693 350;10;0;1;3;1;1
202000027829;154 693 343;7;0;2;4;1;1
202000027829;154 693 344;7;0;2;4;1;1
202000027829;154 693 345;10;0;2;1;1;1
202000027830;154 693 340;7;0;2;4;1;1
202000027830;154 693 341;10;0;2;4;1;1
202000027830;154 693 342;10;0;2;1;1;1
202000027831;154 693 338;17;0;2;4;1;1
202000027831;154 693 339;7;0;2;3;12;1
202000027832;154 693 336;17;0;2;4;2;1
202000027832;154 693 337;15;0;2;1;2;1
202000027833;154 693 334;7;0;2;3;13;1
202000027833;154 693 335;7;0;2;1;1;1
202000027834;154 693 332;7;4;2;1;11;1
202000027834;154 693 333;7;0;2;1;1;1
202000027835;154 693 329;7;0;2;4;2;1
202000027835;154 693 330;7;0;2;4;2;1
202000027835;154 693 331;10;0;2;1;2;1
202000027836;154 693 327;7;0;2;1;1;1
202000027836;154 693 328;7;0;2;4;1;1
202000027837;154 693 324;10;0;2;4;2;1
202000027837;154 693 325;10;0;2;4;2;1
202000027837;154 693 326;16;0;2;1;2;1
202000027838;154 693 322;7;0;2;6;12;1
202000027838;154 693 323;43;0;2;3;3;1
202000027839;154 693 321;7;4;0;6;12;1
202000027840;154 693 318;7;1;0;3;21;1
202000027840;154 693 319;10;1;0;4;23;1
202000027840;154 693 320;7;0;0;4;23;1
202000027841;154 693 316;7;0;2;4;2;1
202000027841;154 693 317;7;0;2;1;2;4
202000027842;154 693 314;1;0;2;1;9;5
202000027842;154 693 315;7;0;9;5;16;1
202000027843;154 693 311;7;0;2;3;21;1
202000027843;154 693 312;7;0;2;4;0;1
202000027843;154 693 313;7;0;2;4;0;1
202000027844;154 693 309;7;0;2;2;1;1
202000027844;154 693 310;7;0;2;3;1;1
202000027845;154 693 308;7;8;0;1;15;1
202000027846;154 693 306;7;0;2;1;1;1
202000027846;154 693 307;7;0;2;4;1;1
202000027847;154 693 304;7;0;2;1;5;1
202000027847;154 693 305;7;0;2;1;1;1
202000027848;154 693 302;7;1;2;2;15;1
202000027848;154 693 303;7;0;2;1;1;1
202000027849;154 693 301;1;0;9;1;1;5
202000027850;154 693 299;7;14;2;1;1;1
202000027850;154 693 300;7;0;2;4;15;1
202000027851;154 693 297;7;0;2;1;2;1
202000027851;154 693 298;1;0;2;4;1;0
202000027852;154 693 294;7;0;2;6;5;1
202000027852;154 693 295;14;0;2;8;1;1
202000027852;154 693 296;7;0;2;6;1;1
202000027853;154 693 293;7;8;0;1;1;1
202000027854;154 693 291;7;0;2;1;26;1
202000027854;154 693 292;7;0;2;2;15;1
202000027855;154 693 289;30;0;2;3;1;1
202000027855;154 693 290;7;0;2;5;15;1
202000027856;154 693 286;7;0;2;2;2;-1
202000027856;154 693 287;3;0;2;1;2;-1
202000027856;154 693 288;7;0;2;1;1;-1
202000027857;154 693 284;33;0;0;0;1;1
202000027858;154 693 282;1;0;2;1;1;5
202000027858;154 693 283;7;0;2;7;16;1
202000027859;154 693 281;1;0;0;0;26;5
202000027860;154 693 278;7;0;2;1;2;1
202000027860;154 693 279;7;0;2;4;23;1
202000027860;154 693 280;7;1;2;4;23;2
202000027861;154 693 276;10;0;2;1;19;0
202000027861;154 693 277;10;0;2;8;1;0
202000027862;154 693 274;7;0;2;4;2;1
202000027862;154 693 275;7;0;2;2;1;1
202000027863;154 693 273;7;8;0;1;1;1
202000027864;154 693 271;1;0;2;1;1;5
202000027864;154 693 272;7;0;2;3;23;1
202000027865;154 693 268;10;0;2;1;2;1
202000027865;154 693 269;7;0;2;4;2;1
202000027865;154 693 270;7;0;2;4;2;1
202000027866;154 693 266;7;0;2;4;2;1
202000027866;154 693 267;7;0;2;1;2;1
202000027867;154 693 264;7;0;2;1;2;1
202000027867;154 693 265;32;0;2;4;23;1
202000027868;154 693 262;7;0;2;4;1;1
202000027868;154 693 263;7;0;2;1;2;1
202000027869;154 693 260;7;0;2;1;2;1
202000027869;154 693 261;7;0;2;4;26;1
202000027870;154 693 258;33;0;2;1;1;1
202000027870;154 693 259;7;0;2;2;15;1
202000027871;154 693 256;7;0;2;1;0;1
202000027871;154 693 257;1;0;2;1;0;5
202000027872;154 693 252;15;0;2;2;12;1
202000027872;154 693 253;7;0;2;8;0;1
202000027872;154 693 254;7;0;2;3;0;1
202000027872;154 693 255;33;0;2;1;0;1
202000027873;154 693 251;7;0;1;3;1;1
202000027874;154 693 249;7;0;2;3;15;1
202000027874;154 693 250;2;0;2;1;1;1
202000027875;154 693 247;1;0;2;0;0;5
202000027875;154 693 248;7;0;2;4;26;1
202000027876;154 693 245;7;0;2;4;26;1
202000027876;154 693 246;2;0;2;4;1;1
202000027877;154 693 243;7;0;2;1;1;1
202000027877;154 693 244;7;0;2;3;1;1
202000027878;154 693 242;7;1;0;1;1;1
202000027879;154 693 240;32;0;2;1;1;1
202000027879;154 693 241;32;0;2;1;1;1
202000027880;154 693 238;7;0;2;1;1;1
202000027880;154 693 239;32;0;2;4;1;1
202000027881;154 693 237;33;0;1;1;25;1
202000027882;154 693 235;60;0;2;7;9;5
202000027882;154 693 236;7;0;2;2;1;1
202000027883;154 693 233;7;0;2;2;1;1
202000027883;154 693 234;7;0;2;2;19;1
202000027884;154 693 231;1;0;2;8;0;5
202000027884;154 693 232;7;0;9;5;16;1
202000027885;154 693 230;30;0;0;0;26;1
202000027886;154 693 228;2;0;2;7;1;1
202000027886;154 693 229;7;0;2;3;9;1
202000027887;154 693 226;30;0;2;7;14;1
202000027887;154 693 227;37;0;2;8;2;1
202000027888;154 693 224;30;0;2;1;26;0
202000027888;154 693 225;31;0;2;1;1;0
202000027889;154 693 221;7;0;0;4;23;3
202000027889;154 693 222;7;0;2;4;23;0
202000027889;154 693 223;7;0;2;1;2;0
202000027890;154 693 220;31;0;1;7;1;1
202000027891;154 693 219;33;8;0;1;1;1
202000027892;154 693 217;1;0;2;1;1;5
202000027892;154 693 218;7;0;2;2;20;1
202000027893;154 693 216;7;0;1;1;16;1
202000027894;154 693 214;1;0;2;0;0;5
202000027894;154 693 215;38;0;0;0;0;1
202000027895;154 693 213;1;0;0;0;26;5
202000027896;154 693 211;7;8;2;1;2;1
202000027896;154 693 212;7;0;2;4;26;1
202000027897;154 693 209;7;1;0;1;26;1
202000027897;154 693 210;7;0;2;1;1;1
202000027898;154 693 208;7;2;0;3;14;1
202000027899;154 693 207;33;2;0;1;1;1
202000027900;154 693 206;7;0;1;2;1;1
202000027901;154 693 204;10;0;2;3;1;1
202000027901;154 693 205;33;0;2;1;1;1
202000027902;154 693 203;0;0;1;2;1;0
202000027903;154 693 201;7;0;2;4;23;1
202000027903;154 693 202;7;0;2;1;21;1
202000027904;154 693 199;7;0;0;0;0;1
202000027904;154 693 200;7;0;2;3;26;1
202000027905;154 693 198;7;2;0;8;1;1
202000027906;154 693 196;7;0;2;4;2;1
202000027906;154 693 197;7;0;2;1;2;1
202000027907;154 693 195;33;3;0;8;13;1
202000027908;154 693 192;7;0;2;1;1;1
202000027908;154 693 193;17;0;2;3;2;1
202000027908;154 693 194;17;0;2;4;2;1
202000027909;154 693 190;7;0;0;4;1;1
202000027909;154 693 191;7;0;2;0;1;1
202000027910;154 693 189;7;4;0;2;14;1
202000027911;154 693 186;7;0;2;6;1;1
202000027911;154 693 187;7;0;2;6;1;1
202000027911;154 693 188;10;16;0;0;0;1
202000027912;154 693 185;42;0;1;1;17;1
202000027913;154 693 183;7;0;2;2;5;1
202000027913;154 693 184;33;0;2;1;1;1
202000027914;154 693 182;2;14;0;1;1;1
202000027915;154 693 181;30;12;0;3;1;1
202000027916;154 693 179;7;0;2;6;23;1
202000027916;154 693 180;2;0;2;1;2;1
202000027917;154 693 177;2;0;2;1;2;1
202000027917;154 693 178;7;0;2;4;2;1
202000027918;154 693 176;7;13;0;2;1;1
202000027919;154 693 175;7;6;0;3;15;1
202000027920;154 693 174;7;0;1;4;20;1
202000027921;154 693 172;33;0;2;1;1;1
202000027921;154 693 173;7;0;2;3;9;1
202000027922;154 693 171;7;0;9;1;21;1
202000027923;154 693 169;3;0;2;2;2;1
202000027923;154 693 170;7;0;2;4;1;1
202000027924;154 693 167;15;0;2;6;1;1
202000027924;154 693 168;7;0;2;3;1;1
202000027925;154 693 166;7;0;1;2;0;0
202000027926;154 693 165;10;0;1;1;1;1
202000027927;154 693 163;7;0;2;2;0;1
202000027927;154 693 164;34;0;2;5;0;1
202000027928;154 693 162;7;0;1;1;26;1
202000027929;154 693 160;7;0;2;5;15;1
202000027929;154 693 161;7;0;2;1;21;1
202000027930;154 693 159;7;0;1;1;1;0
202000027931;154 693 158;50;8;0;1;1;3
202000027932;154 693 156;7;0;2;3;2;1
202000027932;154 693 157;7;0;2;4;2;1
202000027933;154 693 154;7;0;0;6;9;1
202000027933;154 693 155;7;0;2;1;21;1
202000027934;154 693 152;33;0;2;1;2;1
202000027934;154 693 153;7;0;2;4;2;1
202000027935;154 693 150;32;0;2;1;16;1
202000027935;154 693 151;7;0;2;7;1;1
202000027936;154 693 147;33;0;2;1;18;1
202000027936;154 693 148;7;0;2;3;15;1
202000027936;154 693 149;7;0;2;3;9;1
202000027937;154 693 145;7;0;2;8;26;0
202000027937;154 693 146;7;0;2;2;1;0
202000027938;154 693 144;7;0;1;1;1;0
202000027939;154 693 142;7;0;2;1;15;1
202000027939;154 693 143;7;0;2;7;1;1
202000027940;154 693 141;30;0;1;1;17;1
202000027941;154 693 140;7;0;1;3;26;6
202000027942;154 693 136;20;0;0;9;1;1
202000027943;154 693 135;7;0;1;2;2;1
202000027944;154 693 130;2;0;2;1;1;1
202000027944;154 693 131;7;0;2;2;15;1
202000027945;154 693 128;7;0;2;8;15;1
202000027945;154 693 129;33;0;2;1;1;1
202000027946;154 693 126;7;0;2;2;1;1
202000027946;154 693 127;10;0;2;4;4;1
202000027947;154 693 124;30;0;2;1;25;0
202000027947;154 693 125;7;0;2;2;9;1
202000027948;154 693 121;7;0;2;1;1;1
202000027948;154 693 122;7;1;0;0;20;1
202000027948;154 693 123;50;1;0;1;21;3
202000027949;154 693 120;7;4;0;2;9;1
202000027950;154 693 118;7;0;2;1;1;1
202000027950;154 693 119;7;0;2;1;5;1
202000027951;154 693 117;7;9;1;0;10;1
202000027952;154 693 115;1;0;2;0;0;0
202000027952;154 693 116;7;0;2;7;15;1
202000027953;154 693 111;7;0;2;2;1;1
202000027953;154 693 112;15;0;2;6;9;1
202000027954;154 693 110;7;0;1;3;1;1
202000027955;154 693 109;7;9;0;1;1;1
202000027956;154 693 108;10;0;1;3;15;1
202000027957;154 693 107;7;0;1;1;15;0
202000027958;154 693 105;10;0;2;3;20;1
202000027958;154 693 106;34;0;2;1;2;1
202000027959;154 693 103;7;0;2;1;9;1
202000027959;154 693 104;80;0;2;7;1;3
202000027960;154 693 101;7;0;2;8;15;1
202000027960;154 693 102;7;0;2;1;1;1
202000027961;154 693 099;1;0;2;7;0;5
202000027961;154 693 100;7;0;2;1;0;1
202000027962;154 693 098;80;0;0;0;1;3
202000027963;154 693 097;30;0;0;0;1;1
202000027964;154 693 096;7;0;1;0;1;1
202000027965;154 693 094;7;0;2;1;1;1
202000027965;154 693 095;2;0;2;1;1;1
202000027966;154 693 092;30;0;2;1;1;1
202000027966;154 693 093;7;0;2;0;1;1
202000027967;154 693 090;2;0;2;5;1;1
202000027967;154 693 091;7;0;2;5;1;1
202000027968;154 693 089;7;0;1;1;1;1
202000027969;154 693 087;1;0;2;7;0;5
202000027969;154 693 088;7;0;2;1;1;1
202000027970;154 693 084;2;0;2;1;9;1
202000027970;154 693 085;7;0;2;1;9;1
202000027971;154 693 082;1;0;4;0;0;0
202000027971;154 693 083;40;0;2;0;0;3
202000027972;154 693 081;7;0;1;1;16;1
202000027973;154 693 079;7;0;2;7;19;1
202000027973;154 693 080;7;0;2;3;19;1
202000027974;154 693 077;10;0;2;1;15;1
202000027974;154 693 078;2;0;2;1;1;1
202000027975;154 693 075;10;0;9;1;26;1
202000027975;154 693 076;1;0;2;4;2;0
202000027976;154 693 074;7;0;1;8;1;1
202000027977;154 693 073;7;0;1;0;1;0
202000027978;154 693 071;7;0;2;7;1;1
202000027978;154 693 072;30;0;2;1;15;1
202000027979;154 693 069;7;0;2;1;1;1
202000027979;154 693 070;7;0;2;1;0;0
202000027980;154 693 067;7;0;2;1;2;1
202000027980;154 693 068;7;0;2;4;2;1
202000027981;154 693 065;7;0;2;3;1;1
202000027981;154 693 066;7;0;2;3;1;1
202000027982;154 693 064;2;1;0;1;1;1
202000027983;154 693 062;33;0;2;7;3;1
202000027983;154 693 063;7;0;2;8;17;1
202000027984;154 693 060;7;0;2;1;1;1
202000027984;154 693 061;7;0;2;7;1;0
202000027985;154 693 059;7;0;1;2;16;1
202000027986;154 693 057;33;0;2;1;1;1
202000027986;154 693 058;7;0;2;3;15;1
202000027987;154 693 055;10;0;2;6;11;1
202000027987;154 693 056;32;0;2;7;1;1
202000027988;154 693 053;7;0;1;1;16;1
202000027989;154 693 051;7;0;1;6;1;1
202000027989;154 693 052;10;0;1;3;1;1
202000027990;154 693 049;7;0;2;1;14;1
202000027990;154 693 050;7;0;2;1;13;1
202000027991;154 693 047;7;0;2;1;2;0
202000027991;154 693 048;7;0;2;4;2;0
202000027992;154 693 046;7;0;1;2;15;1
202000027993;154 693 044;32;1;2;1;1;1
202000027993;154 693 045;7;0;2;2;15;1
202000027994;154 693 043;30;0;1;1;17;1
202000027995;154 693 042;7;0;1;1;1;1
202000027996;154 693 040;10;0;2;6;11;1
202000027996;154 693 041;31;0;2;2;3;1
202000027997;154 693 038;30;0;2;3;1;1
202000027997;154 693 039;7;0;2;2;1;1
202000027998;154 693 035;10;0;2;7;1;1
202000027998;154 693 036;32;0;2;7;3;1
202000027998;154 693 037;7;0;2;6;1;1
202000027999;154 693 033;1;0;2;1;1;5
202000027999;154 693 034;50;0;2;1;5;3
202000028000;154 693 032;7;0;1;3;15;2
202000028001;154 693 030;7;0;2;2;1;1
202000028001;154 693 031;32;0;2;8;1;3
202000028002;154 693 028;3;0;2;3;15;1
202000028002;154 693 029;7;0;2;3;23;1
202000028003;154 693 026;7;0;2;3;15;1
202000028003;154 693 027;50;0;2;3;1;3
202000028004;154 693 025;32;0;0;1;1;1
202000028005;154 693 023;7;0;2;8;22;1
202000028005;154 693 024;50;0;2;1;7;3
202000028006;154 693 021;7;0;2;8;10;0
202000028006;154 693 022;32;0;2;1;1;1