Num_Acc;id_vehicule;catv;obs;obsm;choc;manv;motor
202000029434;154 690 528;1;0;1;1;1;5
202000029435;154 690 527;30;0;1;1;1;1
202000029436;154 690 526;7;0;1;2;1;1
202000029437;154 690 525;32;0;1;1;1;1
202000029438;154 690 523;7;0;2;4;23;1
202000029438;154 690 524;7;0;2;1;2;1
202000029439;154 690 522;7;0;1;2;16;1
202000029440;154 690 520;10;0;2;4;23;1
202000029440;154 690 521;80;0;2;1;2;3
202000029441;154 690 518;7;0;2;0;14;0
202000029441;154 690 519;30;1;2;6;18;1
202000029442;154 690 516;33;0;2;1;1;1
202000029442;154 690 517;10;0;2;5;5;3
202000029443;154 690 515;7;8;0;1;1;1
202000029444;154 690 514;10;0;1;2;1;1
202000029445;154 690 512;32;0;2;2;1;1
202000029445;154 690 513;7;0;2;3;15;1
202000029446;154 690 510;7;0;2;1;2;1
202000029446;154 690 511;7;0;2;4;1;1
202000029447;154 690 508;7;0;2;2;16;1
202000029447;154 690 509;1;0;2;1;19;0
202000029448;154 690 507;7;0;1;1;26;1
202000029449;154 690 506;31;0;0;0;0;1
202000029450;154 690 504;32;0;2;1;1;1
202000029450;154 690 505;7;0;2;4;12;1
202000029451;154 690 501;7;0;2;1;1;0
202000029451;154 690 503;7;0;2;2;9;0
202000029452;154 690 500;32;0;2;8;1;1
202000029452;154 690 502;7;0;2;0;0;1
202000029453;154 690 498;7;0;2;2;15;1
202000029453;154 690 499;1;0;2;8;16;5
202000029454;154 690 496;16;0;2;2;1;1
202000029454;154 690 497;7;0;2;3;11;1
202000029455;154 690 493;7;0;2;8;11;1
202000029455;154 690 494;33;0;2;0;3;1
202000029456;154 690 492;32;0;2;1;19;1
202000029456;154 690 495;7;0;0;8;19;1
202000029457;154 690 490;7;0;2;2;2;1
202000029457;154 690 491;2;0;2;6;23;1
202000029458;154 690 488;7;0;1;4;4;1
202000029459;154 690 487;7;0;2;3;0;1
202000029459;154 690 489;7;0;2;1;0;1
202000029460;154 690 485;10;0;2;0;0;1
202000029460;154 690 486;7;0;2;4;1;1
202000029461;154 690 482;7;0;2;1;2;1
202000029461;154 690 483;7;0;2;4;2;1
202000029461;154 690 484;7;0;2;4;2;3
202000029462;154 690 480;7;0;2;1;15;1
202000029462;154 690 481;33;0;2;1;3;1
202000029463;154 690 475;7;0;2;7;23;1
202000029463;154 690 477;7;0;2;1;3;1
202000029463;154 690 478;7;0;2;5;23;1
202000029463;154 690 479;7;0;2;4;23;1
202000029464;154 690 474;7;0;2;7;15;1
202000029464;154 690 476;2;0;2;1;1;0
202000029465;154 690 473;2;0;0;1;1;1
202000029466;154 690 471;7;0;1;1;15;1
202000029467;154 690 470;33;0;2;5;1;1
202000029467;154 690 472;7;0;2;3;19;1
202000029468;154 690 468;7;2;0;7;1;1
202000029469;154 690 467;7;0;2;2;1;1
202000029469;154 690 469;7;0;2;3;1;1
202000029470;154 690 463;7;0;2;3;17;1
202000029470;154 690 464;7;0;2;3;1;1
202000029470;154 690 466;7;0;2;6;1;1
202000029471;154 690 462;1;0;2;0;1;5
202000029471;154 690 465;7;0;2;3;15;1
202000029472;154 690 461;7;9;0;0;1;1
202000029473;154 690 459;7;0;2;6;4;1
202000029473;154 690 460;7;0;2;1;2;1
202000029474;154 690 457;17;0;2;3;1;1
202000029474;154 690 458;7;4;2;3;1;1
202000029475;154 690 455;40;0;2;6;1;3
202000029475;154 690 456;7;0;4;1;1;1
202000029476;154 690 454;7;0;1;1;1;0
202000029477;154 690 451;7;4;0;2;1;6
202000029478;154 690 449;7;0;2;1;2;1
202000029478;154 690 450;7;0;2;4;2;1
202000029478;154 690 452;7;0;2;1;2;1
202000029478;154 690 453;7;0;2;4;2;1
202000029479;154 690 447;13;1;0;4;26;1
202000029480;154 690 445;7;0;1;3;1;1
202000029481;154 690 446;33;0;0;9;0;6
202000029482;154 690 442;7;0;2;4;23;1
202000029482;154 690 444;7;0;2;1;2;1
202000029483;154 690 441;2;0;2;8;26;1
202000029483;154 690 443;7;0;2;7;17;1
202000029484;154 690 437;7;0;2;3;18;1
202000029484;154 690 439;7;0;0;4;19;1
202000029485;154 690 436;33;0;2;2;3;1
202000029485;154 690 438;14;0;2;6;2;1
202000029485;154 690 440;7;0;2;0;26;1
202000029486;154 690 434;7;0;2;1;1;1
202000029486;154 690 435;7;0;2;7;1;1
202000029487;154 690 432;7;0;2;3;15;1
202000029487;154 690 433;33;0;2;1;1;1
202000029488;154 690 430;1;0;2;4;1;5
202000029488;154 690 431;7;0;2;1;2;0
202000029489;154 690 429;33;0;0;0;0;1
202000029490;154 690 426;10;0;2;3;15;1
202000029490;154 690 428;7;0;1;2;1;1
202000029491;154 690 425;7;0;2;3;1;1
202000029491;154 690 427;7;0;2;1;15;1
202000029492;154 690 424;7;0;1;2;1;1
202000029493;154 690 421;2;0;2;1;1;1
202000029493;154 690 422;7;0;2;7;15;1
202000029494;154 690 423;7;0;1;3;1;1
202000029495;154 690 418;2;0;2;1;1;1
202000029495;154 690 420;7;0;2;3;9;1
202000029496;154 690 417;1;0;2;1;1;5
202000029496;154 690 419;7;0;9;2;15;1
202000029497;154 690 415;7;0;2;1;1;1
202000029497;154 690 416;10;0;2;1;13;1
202000029498;154 690 412;33;0;2;1;1;1
202000029498;154 690 414;7;0;2;5;15;1
202000029499;154 690 410;7;0;2;1;19;1
202000029499;154 690 411;7;0;2;3;1;1
202000029500;154 690 409;7;2;0;8;0;1
202000029501;154 690 406;7;0;2;1;5;1
202000029501;154 690 407;13;0;2;1;1;1
202000029502;154 690 404;7;0;2;1;1;1
202000029502;154 690 405;7;0;2;4;1;1
202000029503;154 690 400;1;0;2;6;1;5
202000029503;154 690 403;7;0;0;2;1;1
202000029504;154 690 399;7;0;2;4;1;1
202000029504;154 690 401;7;0;2;1;1;1
202000029504;154 690 402;7;0;2;1;1;1
202000029505;154 690 396;10;0;2;2;9;1
202000029505;154 690 398;50;0;2;8;1;3
202000029506;154 690 395;7;0;2;1;1;0
202000029506;154 690 397;7;0;2;3;16;0
202000029507;154 690 393;2;0;0;0;15;1
202000029508;154 690 392;7;0;9;4;0;1
202000029508;154 690 394;50;1;0;1;1;3
202000029509;154 690 389;50;0;2;0;1;3
202000029509;154 690 390;1;0;2;0;13;5
202000029510;154 690 387;7;0;0;3;1;1
202000029510;154 690 388;7;0;2;2;1;1
202000029511;154 690 385;7;0;2;5;9;1
202000029511;154 690 386;1;0;2;8;1;5
202000029512;154 690 383;31;12;0;3;14;1
202000029513;154 690 382;7;0;2;2;17;1
202000029513;154 690 384;7;0;2;6;1;1
202000029514;154 690 380;2;0;2;7;17;1
202000029514;154 690 381;10;0;2;8;15;1
202000029515;154 690 378;7;0;0;5;1;1
202000029515;154 690 379;2;0;2;1;21;1
202000029516;154 690 376;7;0;2;2;2;1
202000029516;154 690 377;7;0;2;4;2;1
202000029517;154 690 375;33;6;0;7;14;1
202000029518;154 690 373;2;0;2;0;1;1
202000029518;154 690 374;7;0;2;0;1;1
202000029519;154 690 372;99;0;0;9;1;1
202000029520;154 690 370;10;2;0;3;19;1
202000029521;154 690 369;7;0;2;3;15;1
202000029521;154 690 371;30;0;2;1;1;1
202000029522;154 690 367;10;0;2;3;13;0
202000029522;154 690 368;7;0;2;3;1;0
202000029523;154 690 364;7;0;2;1;1;1
202000029523;154 690 366;7;0;2;1;1;1
202000029524;154 690 358;7;0;1;2;1;1
202000029525;154 690 359;7;0;2;7;1;1
202000029525;154 690 360;1;0;2;1;1;5
202000029526;154 690 356;41;0;2;4;26;1
202000029526;154 690 357;7;0;2;4;1;1
202000029527;154 690 355;2;0;0;1;1;1
202000029528;154 690 354;10;0;1;2;2;1
202000029529;154 690 353;7;8;0;1;19;2
202000029530;154 690 352;3;8;0;1;1;1
202000029531;154 690 349;7;0;2;2;2;1
202000029531;154 690 350;60;0;2;4;1;5
202000029532;154 690 348;7;0;2;2;1;1
202000029532;154 690 351;7;0;2;5;1;1
202000029533;154 690 346;10;15;0;1;1;1
202000029534;154 690 345;50;0;2;1;1;3
202000029534;154 690 347;7;0;9;1;1;1
202000029535;154 690 344;7;0;1;2;1;0
202000029536;154 690 342;33;0;2;7;1;1
202000029536;154 690 343;7;0;2;1;15;1
202000029537;154 690 338;7;0;1;1;1;1
202000029538;154 690 336;7;0;2;1;21;1
202000029538;154 690 337;7;0;2;2;21;1
202000029538;154 690 339;7;0;0;4;1;1
202000029538;154 690 340;7;0;2;2;2;1
202000029538;154 690 341;17;0;2;4;26;1
202000029539;154 690 334;34;0;1;1;1;1
202000029540;154 690 335;1;0;0;0;0;5
202000029541;154 690 332;7;0;2;1;1;1
202000029541;154 690 333;1;0;2;0;0;0
202000029542;154 690 331;10;6;1;4;4;1
202000029543;154 690 330;7;0;1;8;1;1
202000029544;154 690 329;7;8;0;1;1;1
202000029545;154 690 327;33;0;2;1;1;1
202000029545;154 690 328;7;0;2;2;9;1
202000029546;154 690 326;7;0;1;2;1;1
202000029547;154 690 324;7;0;2;1;1;1
202000029547;154 690 325;30;0;2;1;21;1
202000029548;154 690 323;13;0;1;1;26;1
202000029549;154 690 320;34;14;2;1;2;0
202000029549;154 690 322;7;0;0;6;23;0
202000029550;154 690 317;33;0;2;1;21;1
202000029550;154 690 319;7;0;0;3;15;1
202000029551;154 690 316;1;0;2;1;1;0
202000029551;154 690 318;15;0;2;0;11;0
202000029552;154 690 313;7;0;2;3;13;1
202000029552;154 690 314;34;0;2;7;17;1
202000029553;154 690 311;7;0;2;2;1;1
202000029553;154 690 312;1;0;2;4;1;5
202000029554;154 690 310;7;6;0;1;1;1
202000029555;154 690 309;7;0;1;1;15;1
202000029556;154 690 305;7;0;2;1;5;1
202000029556;154 690 306;7;0;2;1;1;1
202000029557;154 690 304;33;0;2;3;13;1
202000029557;154 690 315;33;0;2;3;1;1
202000029558;154 690 301;31;0;0;1;1;1
202000029559;154 690 298;7;0;2;4;20;1
202000029559;154 690 300;7;0;2;2;1;1
202000029559;154 690 302;7;0;2;1;1;1
202000029559;154 690 303;7;0;2;1;1;1
202000029560;154 690 297;2;0;2;1;2;1
202000029560;154 690 299;7;0;0;5;2;1
202000029561;154 690 296;7;2;0;5;15;1
202000029562;154 690 294;7;6;0;1;13;1
202000029563;154 690 295;7;5;0;1;1;0
202000029564;154 690 292;30;0;2;1;19;1
202000029564;154 690 293;7;0;2;8;1;1
202000029565;154 690 288;7;0;2;3;24;1
202000029565;154 690 289;2;1;0;1;17;1
202000029566;154 690 290;7;0;2;1;19;1
202000029566;154 690 291;7;0;2;3;1;1
202000029567;154 690 287;2;0;0;7;2;1
202000029568;154 690 284;7;0;1;1;1;1
202000029569;154 690 283;33;0;0;0;1;1
202000029570;154 690 281;33;0;2;1;1;1
202000029570;154 690 282;7;0;2;1;15;1
202000029571;154 690 280;7;1;1;1;1;1
202000029572;154 690 278;7;5;0;1;1;1
202000029573;154 690 277;33;0;2;2;1;1
202000029573;154 690 279;7;0;2;3;1;1
202000029574;154 690 276;10;4;0;1;1;1
202000029575;154 690 274;7;0;2;8;1;1
202000029575;154 690 275;7;0;2;1;1;1
202000029576;154 690 273;7;15;0;1;26;1
202000029577;154 690 270;7;0;2;2;1;1
202000029577;154 690 272;10;0;2;3;1;1
202000029578;154 690 271;7;0;1;1;1;1
202000029579;154 690 267;17;0;2;3;13;1
202000029579;154 690 268;7;0;2;7;2;0
202000029579;154 690 269;7;0;2;8;1;1
202000029580;154 690 266;34;13;0;2;13;1
202000029581;154 690 264;7;14;2;2;1;1
202000029581;154 690 265;7;4;2;3;17;1
202000029582;154 690 262;31;0;2;3;3;1
202000029583;154 690 261;7;0;2;3;11;1
202000029583;154 690 263;31;0;2;2;1;1
202000029584;154 690 260;7;3;0;4;9;1
202000029585;154 690 258;7;0;2;0;0;0
202000029585;154 690 259;33;0;2;1;1;1
202000029586;154 690 257;7;6;0;0;26;1
202000029587;154 690 254;1;0;2;1;1;5
202000029587;154 690 256;7;0;2;3;15;1
202000029588;154 690 253;31;0;2;6;0;1
202000029588;154 690 255;7;0;2;2;0;1
202000029589;154 690 251;7;0;1;0;1;0
202000029590;154 690 250;15;0;2;1;1;1
202000029590;154 690 252;7;0;2;8;11;1
202000029591;154 690 248;30;0;2;7;2;1
202000029591;154 690 249;30;0;2;8;18;1
202000029592;154 690 246;7;0;1;3;1;1
202000029593;154 690 247;33;4;0;8;13;1
202000029594;154 690 244;30;0;2;4;2;1
202000029594;154 690 245;7;0;2;1;2;1
202000029595;154 690 243;10;4;0;3;1;1
202000029596;154 690 239;43;0;2;1;5;1
202000029596;154 690 241;7;0;2;8;23;1
202000029596;154 690 242;34;0;2;8;10;1
202000029597;154 690 238;10;0;2;5;2;1
202000029597;154 690 240;7;3;2;1;2;1
202000029598;154 690 236;13;0;2;1;1;1
202000029598;154 690 237;30;0;2;8;18;1
202000029599;154 690 235;32;0;0;9;3;1
202000029600;154 690 230;7;0;2;7;15;1
202000029600;154 690 231;50;0;2;8;1;3
202000029601;154 690 229;7;0;2;5;2;1
202000029601;154 690 232;31;0;2;1;2;1
202000029602;154 690 227;33;0;0;9;14;1
202000029603;154 690 226;7;0;2;2;16;1
202000029603;154 690 228;50;0;2;1;1;3
202000029604;154 690 223;33;0;2;1;3;1
202000029604;154 690 225;7;0;2;4;12;1
202000029605;154 690 222;33;0;2;1;1;1
202000029605;154 690 224;7;0;2;3;9;1
202000029606;154 690 219;1;0;2;8;1;5
202000029606;154 690 220;7;1;2;1;1;1
202000029607;154 690 218;7;0;2;6;1;1
202000029607;154 690 221;7;0;2;2;12;1
202000029608;154 690 216;32;0;2;1;2;1
202000029608;154 690 217;7;0;2;5;23;1
202000029609;154 690 215;34;0;0;2;1;1
202000029610;154 690 212;7;0;2;8;22;1
202000029610;154 690 214;30;0;2;1;17;1
202000029611;154 690 211;7;0;1;2;15;1
202000029612;154 690 210;7;0;1;2;16;1
202000029613;154 690 208;7;0;2;8;20;1
202000029613;154 690 209;10;0;2;2;1;1
202000029614;154 690 206;10;0;2;3;10;1
202000029614;154 690 207;31;0;2;2;1;1
202000029615;154 690 204;1;0;1;1;1;5
202000029616;154 690 203;32;0;2;1;17;1
202000029616;154 690 205;20;16;0;0;0;1
202000029617;154 690 201;7;0;2;3;10;1
202000029617;154 690 202;32;0;2;1;1;1
202000029618;154 690 199;7;0;2;5;2;0
202000029618;154 690 200;7;0;2;3;2;0
202000029619;154 690 196;7;0;2;5;22;1
202000029619;154 690 198;32;0;2;1;18;1
202000029620;154 690 197;7;0;1;2;1;1
202000029621;154 690 194;37;0;2;1;7;3
202000029621;154 690 195;1;0;2;7;5;5
202000029622;154 690 193;7;0;0;0;26;1
202000029623;154 690 191;10;6;0;1;14;1
202000029624;154 690 192;50;0;0;0;21;3
202000029625;154 690 190;7;0;1;2;1;0
202000029626;154 690 188;32;0;2;0;5;1
202000029626;154 690 189;50;0;2;8;1;3
202000029627;154 690 186;99;0;2;7;19;0
202000029627;154 690 187;7;0;2;2;1;0
202000029628;154 690 183;10;0;2;1;16;6
202000029628;154 690 185;7;0;2;3;7;1
202000029629;154 690 182;7;0;2;7;20;1
202000029629;154 690 184;33;0;2;1;1;1
202000029630;154 690 180;32;0;0;0;21;1
202000029631;154 690 181;7;0;1;7;1;1
202000029632;154 690 176;7;0;2;4;23;1
202000029632;154 690 177;7;0;2;4;23;1
202000029632;154 690 178;7;0;2;1;1;1
202000029633;154 690 174;1;0;2;1;1;5
202000029633;154 690 175;7;0;2;4;1;1
202000029634;154 690 179;7;7;0;1;14;1
202000029635;154 690 173;15;0;1;1;15;1
202000029636;154 690 171;7;8;0;1;26;1
202000029637;154 690 170;7;0;2;2;16;1
202000029637;154 690 172;1;0;2;7;1;5
202000029638;154 690 168;1;0;0;0;1;5
202000029639;154 690 167;32;0;2;7;17;1
202000029639;154 690 169;7;0;2;8;15;0
202000029640;154 690 165;7;0;2;4;1;1
202000029640;154 690 166;7;0;2;1;2;1
202000029641;154 690 164;32;0;0;0;1;1
202000029642;154 690 162;7;0;2;5;26;1
202000029642;154 690 163;7;0;2;0;26;1
202000029643;154 690 160;80;0;0;1;1;3
202000029644;154 690 159;7;1;2;1;15;1
202000029644;154 690 161;31;0;2;0;0;0
202000029645;154 690 158;7;15;0;1;1;1
202000029646;154 690 156;7;0;9;4;1;1
202000029646;154 690 157;31;0;2;1;1;1
202000029647;154 690 155;7;0;1;1;15;1
202000029648;154 690 153;7;0;2;3;0;0
202000029648;154 690 154;7;0;2;2;0;0
202000029649;154 690 151;7;0;2;2;9;1
202000029649;154 690 152;1;0;2;1;25;5
202000029650;154 690 148;7;0;2;6;12;1
202000029650;154 690 149;7;0;2;1;2;1
202000029650;154 690 150;7;0;2;3;2;1
202000029651;154 690 144;7;0;2;7;2;1
202000029651;154 690 146;37;0;2;3;9;1
202000029652;154 690 145;7;0;2;3;1;1
202000029652;154 690 147;30;0;2;1;17;1
202000029653;154 690 143;34;0;1;1;1;1
202000029654;154 690 140;7;0;2;3;1;1
202000029654;154 690 141;7;0;2;1;15;1
202000029655;154 690 138;10;0;2;3;1;1
202000029655;154 690 142;50;0;2;8;1;3
202000029656;154 690 137;7;0;2;2;1;1
202000029656;154 690 139;7;0;2;1;15;1
202000029657;154 690 134;7;0;2;1;1;1
202000029657;154 690 136;10;0;2;7;26;1
202000029658;154 690 135;7;0;1;8;1;1
202000029659;154 690 131;1;0;2;8;0;0
202000029659;154 690 133;7;0;9;2;26;6
202000029660;154 690 130;7;0;2;1;9;1
202000029660;154 690 132;31;0;2;7;13;1
202000029661;154 690 129;7;11;1;1;26;0
202000029662;154 690 125;7;0;0;5;15;0
202000029662;154 690 126;7;0;2;3;18;6
202000029663;154 690 124;3;15;0;1;1;1
202000029664;154 690 122;7;0;9;6;9;1
202000029664;154 690 123;7;0;2;2;9;1
202000029665;154 690 120;7;0;2;8;11;1
202000029665;154 690 121;32;0;2;2;3;1
202000029666;154 690 119;7;0;1;4;20;1
202000029667;154 690 118;40;0;1;5;1;0
202000029668;154 690 116;7;0;1;2;0;1
202000029669;154 690 115;34;0;2;1;2;1
202000029669;154 690 117;7;0;2;5;23;1
202000029670;154 690 113;7;0;2;8;0;1
202000029670;154 690 114;7;0;2;1;0;1
202000029671;154 690 111;7;0;2;4;2;1
202000029671;154 690 112;13;4;0;0;0;0
202000029672;154 690 109;7;0;2;8;0;1
202000029672;154 690 110;2;0;2;1;0;1
202000029673;154 690 107;7;0;2;5;20;1
202000029673;154 690 108;30;0;2;2;14;1
202000029674;154 690 106;7;1;0;7;0;1
202000029675;154 690 105;7;0;1;2;1;1
202000029676;154 690 103;7;0;2;1;0;1
202000029676;154 690 104;7;0;2;5;0;1
202000029677;154 690 099;7;0;2;9;0;1
202000029677;154 690 101;7;0;2;1;0;1
202000029678;154 690 096;1;0;2;8;1;5
202000029678;154 690 097;7;0;2;3;16;1
202000029678;154 690 098;7;0;2;2;16;1
202000029679;154 690 094;32;-1;-1;-1;1;-1
202000029679;154 690 095;7;-1;-1;-1;1;-1
202000029680;154 690 093;7;6;0;1;13;1
202000029681;154 690 091;1;0;2;1;1;5
202000029681;154 690 092;7;0;2;7;15;1
202000029682;154 690 100;31;0;2;1;1;1
202000029682;154 690 102;7;0;2;6;1;1
202000029683;154 690 089;7;0;2;7;15;1
202000029683;154 690 090;32;0;2;1;1;1
202000029684;154 690 087;33;0;2;1;1;1
202000029684;154 690 088;7;0;2;1;15;1
202000029685;154 690 085;7;2;0;1;14;1
202000029686;154 690 084;7;0;2;4;16;1
202000029686;154 690 086;33;0;2;1;1;1
202000029687;154 690 083;7;2;0;1;13;1
202000029688;154 690 081;7;0;9;1;1;1
202000029688;154 690 082;1;0;0;4;23;5
202000029689;154 690 079;37;0;2;3;1;4
202000029689;154 690 080;1;0;2;1;9;5
202000029690;154 690 077;7;0;1;1;19;1
202000029691;154 690 075;7;0;1;1;1;1
202000029692;154 690 074;1;0;2;1;1;5
202000029692;154 690 076;7;0;2;3;26;1
202000029693;154 690 072;7;0;2;1;1;1
202000029693;154 690 073;7;0;2;8;6;1
202000029694;154 690 069;7;0;2;3;13;1
202000029694;154 690 070;7;14;0;3;1;1
202000029694;154 690 071;7;14;2;1;2;1
202000029695;154 690 064;7;0;2;8;1;1
202000029695;154 690 066;10;0;2;3;2;1
202000029696;154 690 062;7;0;0;3;1;1
202000029696;154 690 063;33;0;2;8;5;1
202000029697;154 690 061;7;0;0;0;1;1
202000029698;154 690 059;7;0;2;3;1;1
202000029698;154 690 060;7;0;2;3;13;1
202000029699;154 690 058;7;0;1;1;1;1
202000029700;154 690 057;1;15;0;3;1;0
202000029701;154 690 055;2;0;2;1;17;0
202000029701;154 690 056;7;0;2;3;15;0
202000029702;154 690 054;7;2;0;1;2;1
202000029703;154 690 050;7;0;2;1;1;1
202000029703;154 690 052;7;0;2;1;0;1
202000029704;154 690 051;7;0;2;0;0;1
202000029704;154 690 053;7;2;2;8;17;1
202000029705;154 690 048;14;0;2;3;1;1
202000029705;154 690 049;7;0;2;7;16;1
202000029706;154 690 046;7;0;2;1;15;1
202000029706;154 690 047;33;0;2;3;1;1
202000029707;154 690 043;7;0;2;1;1;1
202000029707;154 690 045;7;0;2;1;1;1
202000029708;154 690 042;32;0;2;1;2;1
202000029708;154 690 044;7;0;2;4;2;1
202000029709;154 690 039;30;0;2;7;17;1
202000029709;154 690 040;7;0;2;8;15;1
202000029710;154 690 038;7;0;2;7;1;1
202000029710;154 690 041;7;0;2;1;1;1
202000029711;154 690 036;7;0;2;1;9;1
202000029711;154 690 037;34;0;2;1;17;1
202000029712;154 690 035;7;0;1;1;1;1
202000029713;154 690 033;33;0;2;7;1;1
202000029713;154 690 034;7;0;2;7;5;1
202000029714;154 690 032;7;13;0;2;1;1
202000029715;154 690 030;33;0;2;4;1;1
202000029715;154 690 031;7;0;2;4;1;1
202000029716;154 690 029;7;13;0;0;1;1
202000029717;154 690 027;7;2;0;1;1;1
202000029718;154 690 026;7;0;2;1;9;1
202000029718;154 690 028;1;0;2;2;19;5
202000029719;154 690 024;10;0;2;2;2;1
202000029719;154 690 025;35;0;2;4;1;1
202000029720;154 690 021;7;0;2;8;11;0
202000029720;154 690 022;7;0;2;2;1;1
202000029720;154 690 023;43;0;2;7;12;1
202000029721;154 690 019;33;0;2;4;11;1
202000029721;154 690 020;10;0;2;2;1;1
202000029722;154 690 017;31;0;0;0;1;1
202000029723;154 690 018;7;2;0;1;1;1
202000029724;154 690 016;33;0;0;0;1;1
202000029725;154 690 015;7;2;0;3;1;1
202000029726;154 690 012;7;0;2;3;13;0
202000029726;154 690 013;10;0;2;3;1;0
202000029726;154 690 014;7;0;0;3;1;0
202000029727;154 690 006;10;0;2;3;1;1
202000029727;154 690 007;7;0;2;3;1;1
202000029728;154 690 005;32;13;0;1;1;1
202000029729;154 690 003;7;0;2;1;2;1
202000029729;154 690 004;7;1;1;4;1;1
202000029730;154 690 000;7;14;2;1;1;3
202000029730;154 690 002;7;1;2;1;1;1
202000029731;154 689 999;33;0;0;7;1;1
202000029732;154 689 997;7;0;2;3;13;1
202000029732;154 689 998;13;0;2;3;0;1
202000029733;154 690 001;1;0;2;7;19;5
202000029733;154 690 008;33;1;2;8;1;1
202000029734;154 689 996;7;13;0;1;1;1
202000029735;154 689 995;7;0;1;1;1;1
202000029736;154 689 994;7;17;0;3;13;1
202000029737;154 689 992;7;0;2;1;1;1
202000029737;154 689 993;7;0;2;4;23;1
202000029738;154 689 991;7;15;0;0;0;6
202000029739;154 689 989;7;0;2;3;1;1
202000029739;154 689 990;30;0;2;2;17;1
202000029740;154 689 988;7;4;0;1;0;1
202000029741;154 689 985;7;0;2;4;23;1
202000029741;154 689 986;7;0;2;4;23;1
202000029741;154 689 987;7;0;2;1;2;1
202000029742;154 689 983;1;0;2;3;1;5
202000029742;154 689 984;33;0;2;2;15;1
202000029743;154 689 981;7;0;9;7;15;0
202000029743;154 689 982;31;0;0;0;1;1
202000029744;154 689 979;31;0;2;7;23;1
202000029744;154 689 980;30;0;2;1;25;0
202000029745;154 689 977;7;0;2;3;1;1
202000029745;154 689 978;7;0;2;3;1;1
202000029746;154 689 975;7;0;2;8;18;0
202000029746;154 689 976;30;0;2;7;1;1
202000029747;154 689 973;7;0;2;2;1;0
202000029747;154 689 974;7;0;2;3;19;0
202000029748;154 689 971;10;0;2;3;15;1
202000029748;154 689 972;2;0;2;1;1;1
202000029749;154 689 968;10;0;2;3;2;1
202000029749;154 689 969;7;0;2;3;15;1
202000029749;154 689 970;10;0;0;6;23;1
202000029750;154 689 966;7;8;0;1;0;1
202000029751;154 689 965;31;0;2;1;1;1
202000029751;154 689 967;1;0;2;8;15;5
202000029752;154 689 963;7;0;2;3;1;1
202000029752;154 689 964;7;0;2;7;1;1
202000029753;154 689 959;7;0;2;2;9;1
202000029753;154 689 961;34;0;2;3;1;1
202000029754;154 689 960;7;0;2;1;1;1
202000029754;154 689 962;7;0;2;1;1;1
202000029755;154 689 955;7;0;2;1;2;0
202000029755;154 689 956;7;0;2;6;23;2
202000029755;154 689 958;31;0;2;4;23;1
202000029756;154 689 954;1;0;2;3;1;5
202000029756;154 689 957;7;0;2;2;15;1
202000029757;154 689 953;1;0;1;1;1;5
202000029758;154 689 951;10;1;0;1;14;1
202000029759;154 689 949;7;0;0;6;23;1
202000029759;154 689 950;7;0;2;2;1;1
202000029759;154 689 952;7;0;2;3;1;1
202000029760;154 689 947;7;0;1;1;1;1
202000029761;154 689 948;1;0;1;8;7;5
202000029762;154 689 946;7;0;1;3;1;1
202000029763;154 689 942;7;0;2;3;0;1
202000029763;154 689 943;7;0;2;3;0;1
202000029764;154 689 940;7;0;2;1;13;1
202000029764;154 689 941;1;0;2;1;1;5
202000029765;154 689 944;1;0;2;8;19;0
202000029765;154 689 945;7;0;9;6;1;0
202000029766;154 689 936;2;0;0;2;1;0
202000029766;154 689 939;7;0;2;1;1;0
202000029767;154 689 934;7;0;2;1;9;1
202000029767;154 689 935;1;0;0;7;1;5
202000029768;154 689 932;38;0;2;1;1;1
202000029768;154 689 933;7;0;2;8;15;1
202000029769;154 689 930;36;0;0;0;15;1
202000029770;154 689 929;33;0;0;0;1;1
202000029771;154 689 928;7;2;0;1;1;1
202000029772;154 689 927;7;13;0;3;16;1
202000029773;154 689 926;7;13;0;9;26;1
202000029774;154 689 923;10;0;2;1;1;0
202000029774;154 689 924;7;0;2;1;1;1
202000029774;154 689 925;7;0;2;5;9;1
202000029775;154 689 931;7;0;2;1;1;1
202000029775;154 689 937;7;0;2;6;1;1
202000029775;154 689 938;7;0;0;1;13;1
202000029776;154 689 922;7;0;1;1;2;1
202000029777;154 689 920;7;4;0;7;2;1
202000029778;154 689 919;7;4;0;8;2;1
202000029779;154 689 918;7;0;2;2;15;1
202000029779;154 689 921;80;0;2;1;1;5
202000029780;154 689 914;10;0;2;3;1;1
202000029780;154 689 915;10;0;2;6;1;1
202000029780;154 689 917;10;0;2;2;1;1
202000029781;154 689 913;7;0;2;2;1;1
202000029781;154 689 916;7;0;2;7;15;1
202000029782;154 689 911;33;0;2;5;3;1
202000029782;154 689 912;7;0;2;5;12;1
202000029783;154 689 909;7;0;0;3;24;1
202000029783;154 689 910;1;1;0;1;1;5
202000029784;154 689 907;7;0;2;4;2;2
202000029784;154 689 908;33;0;2;1;2;1
202000029785;154 689 905;33;0;2;2;15;0
202000029785;154 689 906;7;0;2;3;15;0
202000029786;154 689 903;7;0;2;1;2;1
202000029786;154 689 904;7;0;2;4;2;1
202000029787;154 689 901;7;0;2;6;1;1