Num_Acc;id_vehicule;catv;obs;obsm;choc;manv;motor
202000031251;154 687 425;7;0;0;1;1;1
202000031252;154 687 421;7;0;2;3;1;1
202000031252;154 687 422;7;0;2;3;13;1
202000031253;154 687 420;33;9;0;1;1;1
202000031254;154 687 419;33;0;6;1;1;1
202000031255;154 687 418;7;13;0;1;21;1
202000031256;154 687 415;33;0;2;1;1;1
202000031256;154 687 417;7;0;2;2;11;1
202000031257;154 687 414;33;0;2;2;1;1
202000031257;154 687 416;7;0;2;3;15;1
202000031258;154 687 412;31;0;0;8;1;1
202000031259;154 687 411;7;0;2;1;13;1
202000031259;154 687 413;7;0;2;1;1;1
202000031260;154 687 410;7;6;0;2;0;1
202000031261;154 687 405;7;0;2;3;15;1
202000031261;154 687 407;2;0;2;1;1;1
202000031262;154 687 406;7;0;2;6;23;1
202000031262;154 687 408;33;0;2;1;1;1
202000031262;154 687 409;7;0;2;5;15;1
202000031263;154 687 403;7;0;2;1;5;1
202000031263;154 687 404;1;0;2;5;19;5
202000031264;154 687 402;7;6;0;1;1;1
202000031265;154 687 401;31;13;0;8;13;1
202000031266;154 687 400;7;15;0;0;1;1
202000031267;154 687 398;7;0;2;8;19;1
202000031267;154 687 399;33;0;2;1;1;1
202000031268;154 687 397;7;16;0;9;1;1
202000031269;154 687 396;7;15;0;1;0;1
202000031270;154 687 394;2;0;2;7;17;1
202000031270;154 687 395;7;0;2;8;1;1
202000031271;154 687 392;7;6;2;4;16;1
202000031271;154 687 393;7;8;2;1;2;1
202000031272;154 687 391;7;6;0;1;1;2
202000031273;154 687 389;10;0;2;2;0;1
202000031273;154 687 390;17;0;0;6;1;1
202000031274;154 687 387;15;0;0;0;14;1
202000031274;154 687 388;7;16;0;9;21;1
202000031275;154 687 386;7;3;0;3;17;1
202000031276;154 687 385;7;13;1;3;1;1
202000031277;154 687 384;7;8;0;9;0;0
202000031278;154 687 380;17;0;2;1;1;1
202000031278;154 687 382;7;0;0;3;15;1
202000031279;154 687 381;7;0;9;1;1;1
202000031279;154 687 383;7;3;0;1;1;1
202000031280;154 687 379;17;6;0;1;1;1
202000031281;154 687 377;7;0;2;1;17;1
202000031281;154 687 378;10;0;0;8;15;1
202000031282;154 687 375;33;13;0;1;1;1
202000031283;154 687 374;7;0;2;3;5;1
202000031283;154 687 376;33;0;0;1;1;1
202000031284;154 687 372;7;13;0;3;1;1
202000031285;154 687 373;7;2;0;5;1;1
202000031286;154 687 369;7;0;2;8;5;0
202000031286;154 687 370;7;0;2;1;1;0
202000031287;154 687 368;7;0;1;1;1;1
202000031288;154 687 365;7;0;2;1;13;1
202000031288;154 687 366;7;0;2;1;0;1
202000031289;154 687 364;7;0;2;3;9;1
202000031289;154 687 367;1;0;2;7;16;5
202000031290;154 687 361;7;0;2;1;9;1
202000031290;154 687 363;7;0;2;1;1;1
202000031291;154 687 360;7;0;0;4;23;1
202000031291;154 687 362;7;0;2;1;2;1
202000031292;154 687 359;7;2;0;1;1;1
202000031293;154 687 358;7;2;0;9;16;1
202000031294;154 687 356;7;0;0;9;21;1
202000031295;154 687 355;33;13;0;0;1;1
202000031295;154 687 357;33;0;0;0;21;1
202000031296;154 687 353;7;0;2;2;15;1
202000031296;154 687 354;7;0;2;3;1;1
202000031297;154 687 350;7;0;1;2;1;1
202000031298;154 687 351;7;0;2;7;2;0
202000031298;154 687 352;1;0;0;3;2;5
202000031299;154 687 349;7;0;1;6;26;1
202000031300;154 687 347;7;0;2;1;1;1
202000031300;154 687 348;1;0;2;7;1;6
202000031301;154 687 345;7;0;2;2;1;0
202000031301;154 687 346;33;0;2;3;1;0
202000031302;154 687 344;7;16;0;0;1;1
202000031303;154 687 343;7;15;0;3;13;0
202000031304;154 687 342;33;0;0;0;1;0
202000031305;154 687 341;33;0;0;0;26;1
202000031306;154 687 340;7;0;0;2;0;1
202000031307;154 687 339;2;0;0;7;14;1
202000031308;154 687 335;31;0;2;3;1;1
202000031308;154 687 337;7;0;2;8;19;1
202000031309;154 687 332;7;0;2;3;1;1
202000031309;154 687 333;7;0;2;3;1;1
202000031309;154 687 334;7;0;2;3;17;1
202000031309;154 687 336;7;0;2;3;1;1
202000031309;154 687 338;7;0;2;8;1;1
202000031310;154 687 330;13;0;2;1;1;1
202000031310;154 687 331;7;0;2;7;13;1
202000031311;154 687 328;7;6;0;7;0;1
202000031311;154 687 329;13;1;9;1;23;1
202000031312;154 687 325;7;0;2;8;1;1
202000031312;154 687 326;1;0;2;8;13;5
202000031313;154 687 321;7;0;2;3;2;0
202000031313;154 687 323;7;0;2;3;13;0
202000031314;154 687 320;10;0;2;1;1;0
202000031314;154 687 322;15;0;2;2;12;1
202000031314;154 687 324;7;0;2;8;0;1
202000031315;154 687 319;2;13;0;7;1;1
202000031316;154 687 317;33;0;2;1;2;1
202000031316;154 687 318;7;0;2;5;2;1
202000031317;154 687 314;7;0;2;2;12;1
202000031317;154 687 315;17;0;2;2;12;1
202000031317;154 687 316;7;0;2;8;1;1
202000031318;154 687 310;7;0;2;6;1;1
202000031318;154 687 312;99;0;2;4;1;1
202000031318;154 687 313;99;0;2;2;9;1
202000031319;154 687 306;7;0;2;4;2;1
202000031319;154 687 307;7;0;2;4;2;1
202000031319;154 687 308;7;0;2;4;2;1
202000031319;154 687 309;7;0;2;4;2;1
202000031319;154 687 311;7;0;2;1;2;1
202000031320;154 687 304;34;16;0;8;26;1
202000031321;154 687 303;7;0;2;5;2;1
202000031321;154 687 305;33;0;2;3;2;1
202000031322;154 687 300;7;0;2;1;2;1
202000031322;154 687 302;7;0;2;4;2;1
202000031323;154 687 301;7;3;0;1;14;1
202000031324;154 687 298;10;0;2;3;0;0
202000031324;154 687 299;33;0;2;1;0;0
202000031325;154 687 295;33;0;2;2;3;1
202000031325;154 687 296;7;0;2;8;17;1
202000031325;154 687 297;7;0;2;6;1;1
202000031326;154 687 291;7;0;2;2;14;1
202000031326;154 687 292;17;0;2;6;1;1
202000031327;154 687 293;14;0;2;7;12;1
202000031327;154 687 294;7;0;2;8;1;1
202000031328;154 687 289;7;0;9;0;9;1
202000031328;154 687 290;1;0;2;4;1;5
202000031329;154 687 287;34;0;2;3;3;1
202000031329;154 687 288;7;0;2;7;12;1
202000031330;154 687 285;30;0;2;8;1;1
202000031330;154 687 286;7;0;2;2;1;1
202000031331;154 687 283;50;0;2;1;2;3
202000031331;154 687 284;7;0;9;4;1;1
202000031332;154 687 282;7;14;0;2;1;1
202000031333;154 687 281;32;0;0;8;15;1
202000031334;154 687 277;7;0;2;3;1;1
202000031334;154 687 280;7;0;2;3;13;1
202000031335;154 687 278;14;0;2;1;2;1
202000031335;154 687 279;7;0;2;4;23;1
202000031336;154 687 276;30;0;0;0;0;1
202000031337;154 687 274;7;0;2;7;15;1
202000031337;154 687 275;33;0;2;1;1;1
202000031338;154 687 272;7;0;2;1;15;1
202000031338;154 687 273;33;0;2;0;0;1
202000031339;154 687 271;14;3;0;7;1;1
202000031340;154 687 270;1;6;0;1;14;5
202000031341;154 687 269;7;4;0;2;1;1
202000031342;154 687 265;7;0;2;4;2;1
202000031342;154 687 267;7;0;2;2;2;1
202000031343;154 687 264;7;0;2;4;23;1
202000031343;154 687 266;7;0;2;3;23;1
202000031343;154 687 268;7;0;2;1;2;1
202000031344;154 687 263;30;0;0;7;1;1
202000031345;154 687 261;33;0;2;0;2;1
202000031345;154 687 262;7;0;0;0;15;1
202000031346;154 687 259;7;0;2;2;19;1
202000031346;154 687 260;7;0;2;1;0;1
202000031347;154 687 257;7;0;2;1;26;1
202000031347;154 687 258;7;0;2;4;1;1
202000031348;154 687 256;33;0;0;7;1;1
202000031349;154 687 253;10;0;9;4;1;1
202000031349;154 687 255;10;0;2;1;2;1
202000031350;154 687 252;7;0;2;3;1;1
202000031350;154 687 254;7;0;2;1;17;1
202000031351;154 687 249;10;0;9;3;1;1
202000031351;154 687 251;1;0;2;1;26;0
202000031352;154 687 248;1;0;2;0;1;5
202000031352;154 687 250;7;0;2;1;1;1
202000031353;154 687 246;33;0;2;1;0;1
202000031353;154 687 247;7;0;2;1;0;1
202000031354;154 687 243;33;0;2;8;9;1
202000031354;154 687 245;7;0;2;3;9;1
202000031355;154 687 240;1;0;2;1;25;5
202000031355;154 687 241;7;0;2;1;16;1
202000031356;154 687 238;33;11;0;1;1;1
202000031357;154 687 237;7;0;0;0;0;1
202000031357;154 687 239;2;0;0;0;0;0
202000031358;154 687 234;33;3;0;1;21;1
202000031358;154 687 236;7;0;0;0;9;1
202000031359;154 687 231;7;0;2;3;0;0
202000031359;154 687 232;7;0;2;0;0;0
202000031359;154 687 233;7;0;2;4;21;0
202000031359;154 687 235;7;0;2;1;0;0
202000031360;154 687 230;35;0;0;0;1;1
202000031361;154 687 227;7;0;2;2;0;1
202000031361;154 687 228;80;0;2;2;1;3
202000031362;154 687 226;10;0;2;3;1;1
202000031362;154 687 229;33;0;2;7;14;1
202000031363;154 687 225;33;8;0;2;14;1
202000031364;154 687 224;7;13;0;1;1;1
202000031365;154 687 222;13;0;2;2;26;1
202000031365;154 687 223;7;0;2;5;26;1
202000031366;154 687 219;7;0;2;2;1;1
202000031366;154 687 221;7;0;2;3;1;1
202000031367;154 687 218;33;12;2;0;13;1
202000031367;154 687 220;0;0;0;0;0;0
202000031368;154 687 216;1;0;2;7;9;5
202000031368;154 687 217;10;0;2;3;9;1
202000031369;154 687 214;7;0;2;8;19;1
202000031369;154 687 215;36;0;2;1;1;1
202000031370;154 687 212;7;0;2;1;10;1
202000031370;154 687 213;7;0;2;3;1;1
202000031371;154 687 211;33;0;1;1;1;1
202000031372;154 687 210;7;0;1;1;1;0
202000031373;154 687 208;7;1;0;1;1;1
202000031373;154 687 209;7;0;0;4;23;1
202000031374;154 687 206;10;0;2;0;23;1
202000031374;154 687 207;2;0;2;0;0;1
202000031375;154 687 203;33;3;0;0;13;1
202000031376;154 687 202;7;0;2;1;1;1
202000031376;154 687 204;7;0;2;4;23;1
202000031376;154 687 205;7;0;2;4;23;1
202000031377;154 687 199;7;0;2;1;1;1
202000031377;154 687 201;30;0;0;4;1;1
202000031378;154 687 198;10;0;2;4;4;1
202000031378;154 687 200;1;0;2;7;1;5
202000031379;154 687 196;7;0;1;2;1;1
202000031380;154 687 195;1;0;2;8;19;5
202000031380;154 687 197;7;0;9;1;1;1
202000031381;154 687 192;7;0;2;1;1;1
202000031381;154 687 194;7;0;2;4;1;1
202000031382;154 687 193;7;6;0;1;1;1
202000031383;154 687 191;32;0;0;9;1;1
202000031384;154 687 189;7;0;2;1;1;1
202000031384;154 687 190;7;0;1;1;23;1
202000031385;154 687 187;99;0;2;0;2;0
202000031385;154 687 188;1;0;0;4;11;5
202000031386;154 687 186;7;0;1;4;4;1
202000031387;154 687 185;7;0;1;1;26;6
202000031388;154 687 183;33;0;2;1;1;1
202000031388;154 687 184;10;0;2;3;9;1
202000031389;154 687 182;31;0;0;7;1;1
202000031390;154 687 179;7;0;2;8;11;1
202000031390;154 687 181;33;0;2;7;2;1
202000031391;154 687 178;1;0;2;0;21;5
202000031391;154 687 180;7;0;0;0;24;1
202000031392;154 687 176;1;0;2;1;1;0
202000031392;154 687 177;7;0;2;8;9;1
202000031393;154 687 175;7;1;0;1;13;1
202000031394;154 687 173;7;0;1;1;15;0
202000031395;154 687 172;7;0;2;1;7;1
202000031395;154 687 174;7;0;2;7;16;1
202000031396;154 687 167;7;0;2;1;1;1
202000031396;154 687 169;7;0;2;3;2;1
202000031396;154 687 171;7;0;2;7;19;0
202000031397;154 687 168;32;0;2;7;1;1
202000031397;154 687 170;7;0;2;8;15;0
202000031398;154 687 166;7;0;1;2;1;1
202000031399;154 687 163;34;0;2;1;13;1
202000031399;154 687 165;7;0;2;1;9;1
202000031400;154 687 162;1;0;2;1;1;5
202000031400;154 687 164;7;0;2;7;22;1
202000031401;154 687 161;7;0;1;0;26;1
202000031402;154 687 159;10;0;2;7;15;1
202000031402;154 687 160;31;0;2;1;1;0
202000031403;154 687 157;60;0;2;0;0;5
202000031403;154 687 158;33;0;2;6;26;1
202000031404;154 687 154;50;0;2;3;5;3
202000031404;154 687 155;7;0;2;1;1;0
202000031405;154 687 156;7;0;1;1;9;1
202000031406;154 687 153;10;0;1;3;21;0
202000031407;154 687 151;3;-1;-1;-1;1;-1
202000031407;154 687 152;3;0;-1;-1;1;-1
202000031408;154 687 149;1;0;2;1;13;5
202000031408;154 687 150;7;0;2;4;23;1
202000031409;154 687 147;7;0;2;1;1;1
202000031409;154 687 148;7;6;2;8;19;1
202000031410;154 687 144;30;0;2;6;1;1
202000031410;154 687 146;10;0;2;3;9;1
202000031411;154 687 143;1;0;2;1;1;0
202000031411;154 687 145;7;0;9;1;1;1
202000031412;154 687 141;7;0;1;2;26;1
202000031413;154 687 140;1;0;2;1;1;5
202000031413;154 687 142;50;0;2;1;5;3
202000031414;154 687 138;7;1;0;3;13;1
202000031415;154 687 137;7;0;2;4;2;2
202000031415;154 687 139;7;0;2;1;2;1
202000031416;154 687 136;1;0;0;0;1;5
202000031417;154 687 135;7;0;1;2;1;1
202000031418;154 687 134;99;0;1;1;21;0
202000031419;154 687 133;7;0;1;3;1;1
202000031420;154 687 130;33;0;2;1;2;1
202000031420;154 687 132;7;0;2;3;23;1
202000031421;154 687 129;7;0;2;1;9;1
202000031421;154 687 131;31;0;2;1;1;1
202000031422;154 687 127;7;0;2;3;15;1
202000031422;154 687 128;7;0;2;3;1;1
202000031423;154 687 123;7;0;1;1;1;1
202000031423;154 687 124;7;0;2;3;1;1
202000031424;154 687 125;33;0;2;1;17;1
202000031424;154 687 126;7;0;2;1;1;1
202000031425;154 687 120;34;0;2;8;0;0
202000031425;154 687 122;7;0;2;2;16;0
202000031426;154 687 119;14;0;2;2;0;0
202000031426;154 687 121;10;0;2;5;1;1
202000031427;154 687 118;50;0;0;0;1;3
202000031428;154 687 116;7;0;2;5;16;1
202000031428;154 687 117;32;0;2;7;18;1
202000031429;154 687 112;7;0;2;3;1;1
202000031429;154 687 114;7;0;2;2;19;1
202000031430;154 687 111;7;0;2;1;0;0
202000031430;154 687 113;7;1;0;1;0;0
202000031430;154 687 115;32;0;2;3;0;0
202000031431;154 687 110;7;9;1;1;1;0
202000031432;154 687 109;34;8;0;8;26;1
202000031433;154 687 108;33;0;1;1;17;1
202000031434;154 687 106;7;0;2;1;15;1
202000031434;154 687 107;1;0;2;1;1;5
202000031435;154 687 104;7;0;2;7;11;1
202000031435;154 687 105;7;0;2;2;1;1
202000031436;154 687 102;7;0;2;2;0;1
202000031436;154 687 103;34;0;2;1;1;1
202000031437;154 687 101;7;0;1;1;1;1
202000031438;154 687 099;7;0;0;2;10;1
202000031438;154 687 100;33;0;2;3;1;1
202000031439;154 687 097;7;0;2;1;1;1
202000031439;154 687 098;7;0;2;3;9;1
202000031440;154 687 095;7;0;2;1;0;0
202000031440;154 687 096;32;0;2;2;26;1
202000031441;154 687 093;7;0;1;3;19;1
202000031442;154 687 091;32;0;2;1;10;0
202000031442;154 687 092;7;0;9;8;10;0
202000031443;154 687 090;7;0;2;0;0;0
202000031443;154 687 094;7;0;2;2;17;1
202000031444;154 687 089;7;15;0;2;13;1
202000031445;154 687 088;7;0;1;1;1;1
202000031446;154 687 086;7;7;0;1;1;0
202000031447;154 687 085;7;0;0;1;1;1
202000031447;154 687 087;1;0;2;8;1;5
202000031448;154 687 082;7;0;2;1;19;1
202000031448;154 687 084;7;0;0;8;1;1
202000031449;154 687 081;7;0;2;1;0;1
202000031449;154 687 083;7;0;2;4;2;1
202000031450;154 687 079;7;0;2;0;20;0
202000031450;154 687 080;33;0;1;2;26;0
202000031451;154 687 077;7;4;2;6;2;1
202000031451;154 687 078;7;0;2;2;2;1
202000031452;154 687 075;1;0;2;8;1;0
202000031452;154 687 076;10;0;2;3;15;1
202000031453;154 687 074;7;13;0;2;1;1
202000031454;154 687 071;7;0;2;1;1;1
202000031454;154 687 072;15;0;2;7;1;1
202000031455;154 687 070;10;13;2;2;13;1
202000031455;154 687 073;15;0;2;2;1;1
202000031456;154 687 069;36;16;0;9;14;1
202000031457;154 687 067;7;0;2;2;9;1
202000031457;154 687 068;1;0;2;1;1;5
202000031458;154 687 065;15;0;2;1;1;6
202000031458;154 687 066;7;0;2;1;17;6
202000031459;154 687 064;33;0;0;0;26;1
202000031460;154 687 062;32;1;0;2;1;1
202000031461;154 687 061;7;3;2;2;1;1
202000031461;154 687 063;7;0;2;3;15;1
202000031462;154 687 058;15;0;0;8;13;1
202000031462;154 687 059;7;0;0;9;21;1
202000031463;154 687 057;33;0;2;1;2;1
202000031463;154 687 060;7;0;2;3;9;1
202000031464;154 687 055;33;0;0;0;17;1
202000031465;154 687 054;10;0;2;3;13;0
202000031465;154 687 056;7;0;2;3;1;0
202000031466;154 687 053;2;13;0;0;21;0
202000031467;154 687 051;7;0;2;1;9;1
202000031467;154 687 052;7;0;2;1;2;1
202000031468;154 687 049;33;0;2;1;17;1
202000031468;154 687 050;7;0;2;3;15;1
202000031469;154 687 047;7;0;2;8;11;1
202000031469;154 687 048;33;0;2;2;3;1
202000031470;154 687 046;2;0;0;8;1;1
202000031471;154 687 044;7;0;2;6;1;1
202000031471;154 687 045;33;0;2;2;3;1
202000031472;154 687 041;7;0;1;1;1;1
202000031473;154 687 040;1;8;0;1;1;5
202000031473;154 687 042;1;0;2;1;1;5
202000031473;154 687 043;10;0;2;2;11;0
202000031474;154 687 038;7;0;2;1;2;1
202000031474;154 687 039;42;0;2;1;2;1
202000031475;154 687 036;7;0;0;5;16;1
202000031475;154 687 037;2;0;0;1;1;1
202000031476;154 687 033;33;0;2;2;3;1
202000031476;154 687 034;10;0;2;2;14;1
202000031476;154 687 035;7;0;2;3;1;1
202000031477;154 687 030;7;0;2;1;2;1
202000031477;154 687 032;33;0;0;4;2;1
202000031478;154 687 028;7;1;2;3;5;1
202000031478;154 687 029;10;0;2;3;17;1
202000031478;154 687 031;7;0;2;3;23;1
202000031479;154 687 026;7;0;2;3;13;1
202000031479;154 687 027;7;0;2;3;1;1
202000031480;154 687 024;50;0;2;1;17;3
202000031480;154 687 025;7;0;2;3;15;2
202000031481;154 687 021;7;0;2;8;26;1
202000031481;154 687 022;7;0;0;5;1;1
202000031481;154 687 023;7;0;2;0;2;1
202000031482;154 687 019;30;0;2;1;1;1
202000031482;154 687 020;7;0;2;3;15;0
202000031483;154 687 017;7;0;1;1;1;1
202000031484;154 687 016;7;0;2;8;22;1
202000031484;154 687 018;1;0;2;1;1;5
202000031485;154 687 013;7;0;2;2;15;0
202000031485;154 687 015;7;0;2;1;1;1
202000031486;154 687 012;1;0;2;1;1;5
202000031486;154 687 014;10;0;2;3;22;1
202000031487;154 687 010;7;0;1;0;15;1
202000031488;154 687 009;7;0;2;3;13;1
202000031488;154 687 011;7;0;2;3;1;1
202000031489;154 687 008;7;2;0;1;1;1
202000031490;154 687 007;10;0;1;2;15;1
202000031491;154 687 006;7;2;0;3;1;1
202000031492;154 687 004;1;0;2;1;1;5
202000031492;154 687 005;1;0;2;1;13;5
202000031493;154 687 003;36;0;0;0;1;1
202000031494;154 687 001;33;14;0;1;2;1
202000031495;154 687 000;7;0;2;7;1;1
202000031495;154 687 002;30;0;2;8;1;3
202000031496;154 686 999;36;2;0;3;1;1
202000031497;154 686 997;7;0;0;0;1;1
202000031498;154 686 996;99;1;2;1;0;0
202000031498;154 686 998;7;1;2;1;1;1
202000031499;154 686 992;31;0;0;9;21;1
202000031500;154 686 991;7;0;2;2;1;1
202000031500;154 686 994;7;0;2;1;1;1
202000031501;154 686 990;7;13;0;3;0;1
202000031502;154 686 988;1;0;2;3;26;5
202000031502;154 686 989;7;0;2;2;1;1
202000031503;154 686 986;7;0;2;3;13;1
202000031503;154 686 987;7;0;2;3;1;1
202000031504;154 686 984;10;0;2;8;2;1
202000031504;154 686 985;32;0;2;7;17;1
202000031505;154 686 982;2;0;0;1;18;1
202000031505;154 686 983;7;0;0;2;16;1
202000031506;154 686 981;7;0;1;1;1;1
202000031507;154 686 979;7;0;2;1;1;1
202000031507;154 686 980;33;0;2;9;1;1
202000031508;154 686 978;7;0;1;1;19;1
202000031509;154 686 975;7;0;2;3;1;1
202000031509;154 686 977;10;0;2;1;13;1
202000031510;154 686 974;7;0;2;1;26;0
202000031510;154 686 976;33;0;0;0;0;0
202000031511;154 686 971;2;0;2;1;13;6
202000031511;154 686 973;7;0;2;2;1;0
202000031512;154 686 970;7;0;2;2;1;1
202000031512;154 686 972;10;0;2;1;1;1
202000031513;154 686 968;33;0;2;1;15;1
202000031513;154 686 969;10;0;2;1;2;1
202000031514;154 686 967;99;9;0;0;0;1
202000031515;154 686 965;7;0;2;2;15;1
202000031515;154 686 966;34;0;2;1;1;1
202000031516;154 686 964;33;12;0;0;14;1
202000031517;154 686 962;33;0;2;6;26;1
202000031517;154 686 963;7;0;2;2;15;1
202000031518;154 686 960;10;0;2;2;15;1
202000031518;154 686 961;33;0;2;1;1;3
202000031519;154 686 958;10;0;2;3;1;1
202000031519;154 686 959;10;0;2;2;0;1
202000031520;154 686 957;33;11;0;0;0;1
202000031521;154 686 956;80;0;0;0;1;3
202000031522;154 686 955;35;0;0;0;1;1
202000031523;154 686 952;17;0;0;4;1;1
202000031523;154 686 953;7;0;0;4;1;1
202000031523;154 686 954;17;0;2;1;1;1
202000031524;154 686 949;7;0;0;4;23;1
202000031524;154 686 950;1;1;0;1;1;5
202000031525;154 686 948;33;3;0;0;1;1
202000031526;154 686 946;33;0;2;1;2;1
202000031526;154 686 947;7;0;2;3;9;1
202000031527;154 686 944;7;0;2;1;13;0
202000031527;154 686 945;7;0;2;3;1;0
202000031528;154 686 943;2;0;9;0;1;0
202000031529;154 686 941;1;0;2;1;2;5
202000031529;154 686 942;10;0;9;4;1;1
202000031530;154 686 939;21;0;0;0;1;1
202000031530;154 686 940;2;0;0;0;1;1
202000031531;154 686 938;33;0;0;1;1;1
202000031532;154 686 937;33;15;0;1;1;1
202000031533;154 686 935;2;0;2;4;1;1
202000031533;154 686 936;7;0;2;3;1;1
202000031534;154 686 933;7;0;2;3;15;0
202000031534;154 686 934;2;0;2;8;1;0
202000031535;154 686 931;7;0;2;1;1;1
202000031535;154 686 932;2;0;2;3;19;1
202000031536;154 686 929;7;0;9;3;5;1
202000031536;154 686 930;1;0;2;8;1;6
202000031537;154 686 927;10;0;2;3;1;1
202000031537;154 686 928;7;0;2;1;13;1
202000031538;154 686 926;0;0;1;0;0;0
202000031539;154 686 924;7;0;2;8;1;0
202000031539;154 686 925;7;0;2;6;1;1
202000031540;154 686 922;7;0;2;1;1;1
202000031540;154 686 923;7;0;0;7;19;1
202000031541;154 686 920;1;0;2;6;13;5
202000031541;154 686 921;7;0;2;2;17;1
202000031542;154 686 919;7;0;1;7;1;1
202000031543;154 686 917;7;0;2;3;15;1
202000031543;154 686 918;33;0;2;3;1;1
202000031544;154 686 916;30;0;0;2;1;1
202000031545;154 686 914;7;0;2;3;15;0
202000031545;154 686 915;1;0;2;5;1;5
202000031546;154 686 913;7;2;0;1;1;1
202000031547;154 686 912;10;0;1;2;16;1
202000031548;154 686 911;7;1;0;1;1;1
202000031549;154 686 908;7;3;2;4;2;1
202000031549;154 686 909;15;0;2;4;2;1
202000031549;154 686 910;15;0;2;1;2;1
202000031550;154 686 907;33;0;0;7;1;1
202000031551;154 686 906;7;4;0;3;17;1
202000031552;154 686 905;7;0;0;0;1;0
202000031553;154 686 903;2;0;2;1;0;1
202000031553;154 686 904;7;0;2;3;15;1
202000031554;154 686 901;7;0;2;6;9;1
202000031554;154 686 902;7;0;2;2;12;1
202000031555;154 686 900;33;0;0;4;1;1
202000031556;154 686 898;7;0;2;7;24;0
202000031556;154 686 899;2;0;0;8;1;0
202000031557;154 686 896;7;0;2;2;1;1
202000031557;154 686 897;33;0;2;1;14;1
202000031558;154 686 895;2;0;0;8;1;1
202000031559;154 686 893;7;0;2;1;13;1
202000031559;154 686 894;10;0;2;3;1;1
202000031560;154 686 892;7;0;0;9;1;0
202000031561;154 686 890;7;0;2;1;1;1
202000031561;154 686 891;31;0;2;1;5;1
202000031562;154 686 888;7;0;9;2;15;0
202000031562;154 686 889;1;0;2;0;0;0
202000031563;154 686 886;7;0;2;4;26;1
202000031563;154 686 887;10;0;2;1;2;1
202000031564;154 686 885;31;14;0;1;17;1
202000031565;154 686 884;10;6;0;2;14;1
202000031566;154 686 883;7;0;1;7;1;0
202000031567;154 686 879;10;0;2;0;0;1
202000031567;154 686 880;2;0;2;1;1;1
202000031568;154 686 877;30;0;2;1;1;1
202000031568;154 686 878;21;0;2;3;9;1
202000031569;154 686 875;7;0;2;7;1;1
202000031569;154 686 876;7;0;2;1;9;1
202000031570;154 686 873;7;0;2;1;26;1
202000031570;154 686 874;7;10;2;8;1;1
202000031571;154 686 872;7;0;1;1;1;1
202000031572;154 686 870;50;0;2;1;16;3
202000031572;154 686 871;30;0;2;8;1;1
202000031573;154 686 868;7;0;2;5;20;1
202000031573;154 686 869;2;0;2;1;16;1
202000031574;154 686 866;2;0;2;8;13;1
202000031574;154 686 867;37;0;2;2;17;1
202000031575;154 686 863;7;0;2;2;12;1
202000031575;154 686 864;32;0;2;6;2;1
202000031576;154 686 862;7;0;2;0;9;0
202000031577;154 686 859;7;0;2;1;2;1
202000031577;154 686 860;7;0;2;6;23;1
202000031577;154 686 861;7;0;2;5;23;1
202000031578;154 686 857;7;0;2;1;1;1
202000031578;154 686 858;1;0;2;3;19;5
202000031579;154 686 856;7;0;1;2;1;1
202000031580;154 686 854;1;0;2;7;1;5
202000031580;154 686 855;7;0;2;1;1;1
202000031581;154 686 851;7;0;2;3;13;0
202000031581;154 686 852;7;0;2;1;1;1
202000031581;154 686 853;7;0;2;8;1;1
202000031582;154 686 850;7;0;1;2;1;1
202000031583;154 686 849;7;0;1;6;1;1
202000031584;154 686 847;30;0;2;1;1;1
202000031584;154 686 848;7;0;2;8;1;1
202000031585;154 686 845;1;0;2;1;19;5
202000031585;154 686 846;7;0;9;2;1;1
202000031586;154 686 843;7;0;2;1;19;1
202000031586;154 686 844;1;0;2;7;1;5
202000031587;154 686 842;7;0;1;1;1;1
202000031588;154 686 841;7;0;1;2;15;1
202000031589;154 686 840;2;1;0;1;16;1
202000031590;154 686 838;1;0;2;0;0;5
202000031590;154 686 839;10;0;2;0;0;1
202000031591;154 686 836;7;0;2;1;0;1
202000031591;154 686 837;7;0;2;4;0;1
202000031592;154 686 835;7;0;1;3;1;1
202000031593;154 686 834;7;0;1;2;26;1
202000031594;154 686 832;14;0;2;1;16;1
202000031594;154 686 833;1;0;2;1;1;2
202000031595;154 686 831;7;1;0;2;14;1
202000031596;154 686 830;7;0;1;2;1;1
202000031597;154 686 828;7;0;2;7;12;1
202000031597;154 686 829;33;0;2;8;9;1
202000031598;154 686 826;7;0;2;5;13;1
202000031598;154 686 827;7;0;2;1;1;1
202000031599;154 686 825;7;1;1;3;14;1
202000031600;154 686 824;7;6;0;1;13;1
202000031601;154 686 822;1;0;2;7;19;5
202000031601;154 686 823;7;0;2;1;1;1
202000031602;154 686 821;31;0;0;7;26;1
202000031603;154 686 818;7;0;2;1;0;0
202000031603;154 686 819;7;0;2;4;2;1
202000031603;154 686 820;7;0;2;4;2;1
202000031604;154 686 816;34;0;2;1;1;1
202000031604;154 686 817;10;0;2;4;19;1
202000031605;154 686 814;7;0;2;1;2;0
202000031605;154 686 815;7;0;2;4;2;0
202000031606;154 686 812;30;0;2;1;13;0
202000031606;154 686 813;7;0;2;3;1;0