Num_Acc;id_vehicule;catv;obs;obsm;choc;manv;motor
202000031962;154 686 186;34;0;2;5;17;1
202000031962;154 686 187;7;0;2;5;23;1
202000031963;154 686 185;7;0;1;3;15;1
202000031964;154 686 182;7;0;2;3;22;1
202000031964;154 686 183;1;0;2;1;1;5
202000031964;154 686 184;7;0;2;0;1;0
202000031965;154 686 181;1;0;1;1;1;5
202000031966;154 686 180;80;0;0;0;9;3
202000031967;154 686 179;7;0;1;2;1;1
202000031968;154 686 178;1;0;0;2;1;5
202000031969;154 686 176;7;0;2;2;1;2
202000031969;154 686 177;32;0;2;1;1;1
202000031970;154 686 175;7;0;1;2;15;1
202000031971;154 686 173;32;0;2;0;5;3
202000031971;154 686 174;7;0;2;0;15;1
202000031972;154 686 172;7;14;0;1;9;1
202000031973;154 686 171;32;0;1;2;1;1
202000031974;154 686 170;7;0;1;1;1;1
202000031975;154 686 169;7;0;1;3;15;0
202000031976;154 686 167;1;0;2;1;1;5
202000031976;154 686 168;7;0;2;3;14;1
202000031977;154 686 166;7;0;1;4;2;1
202000031978;154 686 164;7;0;2;1;19;1
202000031978;154 686 165;7;0;2;4;23;1
202000031979;154 686 162;1;0;2;0;26;0
202000031979;154 686 163;7;0;2;1;1;1
202000031980;154 686 160;33;0;2;8;1;0
202000031980;154 686 161;7;0;2;7;12;0
202000031981;154 686 158;14;0;2;1;2;1
202000031981;154 686 159;7;0;2;4;23;1
202000031982;154 686 156;32;0;2;8;9;1
202000031982;154 686 157;10;0;2;1;1;1
202000031983;154 686 154;7;0;2;8;15;0
202000031983;154 686 155;32;0;2;7;17;0
202000031984;154 686 152;30;0;2;0;16;0
202000031984;154 686 153;7;0;2;1;1;1
202000031985;154 686 151;7;0;1;4;4;1
202000031986;154 686 150;30;0;1;1;0;0
202000031987;154 686 149;7;0;1;3;15;1
202000031988;154 686 148;1;0;1;1;5;5
202000031989;154 686 146;17;1;0;1;14;1
202000031989;154 686 147;10;0;1;4;26;1
202000031990;154 686 145;2;13;0;0;1;1
202000031991;154 686 143;17;0;0;6;2;1
202000031991;154 686 144;7;0;2;2;2;1
202000031992;154 686 140;7;13;0;1;1;1
202000031993;154 686 138;2;0;2;1;9;1
202000031993;154 686 139;7;0;2;1;9;1
202000031994;154 686 136;7;0;2;2;15;1
202000031994;154 686 137;2;0;2;1;1;1
202000031995;154 686 134;7;0;2;1;1;1
202000031995;154 686 135;7;0;2;7;19;1
202000031996;154 686 133;15;3;0;1;1;1
202000031997;154 686 131;7;0;2;3;0;1
202000031997;154 686 132;15;0;2;3;1;1
202000031998;154 686 130;7;2;0;1;14;1
202000031999;154 686 129;10;0;1;3;15;1
202000032000;154 686 127;7;0;2;3;13;1
202000032000;154 686 128;7;0;2;3;1;1
202000032001;154 686 126;7;13;0;1;19;1
202000032002;154 686 124;15;0;2;2;2;1
202000032002;154 686 125;15;0;0;6;2;1
202000032003;154 686 123;7;0;1;1;1;1
202000032004;154 686 122;7;3;0;0;0;1
202000032005;154 686 121;7;6;0;1;1;1
202000032006;154 686 119;7;0;2;3;13;1
202000032006;154 686 120;20;0;2;3;1;1
202000032007;154 686 118;7;2;0;8;1;1
202000032008;154 686 117;7;13;0;1;2;1
202000032009;154 686 116;7;0;1;1;1;1
202000032010;154 686 115;7;6;0;1;13;1
202000032011;154 686 114;7;2;0;3;1;1
202000032012;154 686 112;7;0;2;3;9;0
202000032012;154 686 113;1;0;0;5;1;5
202000032013;154 686 111;7;15;0;1;21;1
202000032014;154 686 109;33;8;2;7;17;0
202000032014;154 686 110;7;0;2;3;15;0
202000032015;154 686 107;7;2;2;3;15;0
202000032015;154 686 108;7;0;2;6;1;0
202000032016;154 686 106;7;13;0;2;1;1
202000032017;154 686 104;10;0;2;8;9;1
202000032017;154 686 105;33;0;2;1;1;1
202000032018;154 686 101;7;0;0;4;1;1
202000032018;154 686 102;33;0;2;1;1;1
202000032018;154 686 103;15;0;0;0;1;1
202000032019;154 686 096;14;0;2;3;5;0
202000032019;154 686 097;7;0;2;2;23;1
202000032020;154 686 094;2;0;2;1;1;1
202000032020;154 686 095;7;0;2;3;15;1
202000032021;154 686 092;10;0;2;1;1;1
202000032021;154 686 093;7;0;2;1;13;1
202000032022;154 686 090;2;0;2;1;1;1
202000032022;154 686 091;7;0;2;1;15;1
202000032023;154 686 086;7;0;2;7;1;1
202000032023;154 686 087;7;0;2;1;19;1
202000032024;154 686 085;33;0;0;9;3;0
202000032025;154 686 084;33;12;0;1;17;1
202000032026;154 686 080;7;0;2;4;23;0
202000032026;154 686 081;7;1;0;1;1;1
202000032026;154 686 082;7;0;2;4;23;0
202000032026;154 686 083;7;0;2;4;23;0
202000032027;154 686 079;37;0;1;2;1;1
202000032028;154 686 076;7;0;2;2;17;1
202000032028;154 686 077;15;0;0;3;1;1
202000032028;154 686 078;15;0;0;6;1;1
202000032029;154 686 074;7;0;2;7;15;1
202000032029;154 686 075;33;0;2;1;1;1
202000032030;154 686 070;15;0;2;3;1;1
202000032030;154 686 071;7;4;0;3;1;1
202000032030;154 686 072;7;0;0;4;23;1
202000032030;154 686 073;7;0;2;1;1;1
202000032031;154 686 067;1;0;2;1;5;5
202000032031;154 686 068;7;0;2;1;1;1
202000032031;154 686 069;7;0;2;1;1;1
202000032032;154 686 064;7;0;2;1;2;1
202000032032;154 686 065;7;0;0;4;2;1
202000032032;154 686 066;7;0;2;4;2;1
202000032033;154 686 063;7;3;0;2;1;6
202000032034;154 686 062;7;0;1;1;1;6
202000032035;154 686 061;10;0;6;1;1;1
202000032036;154 686 059;7;0;9;2;1;1
202000032036;154 686 060;1;0;2;0;13;5
202000032037;154 686 057;2;0;2;1;1;1
202000032037;154 686 058;7;0;2;3;15;1
202000032038;154 686 056;7;0;1;1;2;1
202000032039;154 686 055;7;3;0;0;1;1
202000032040;154 686 053;30;0;2;2;1;1
202000032040;154 686 054;7;0;2;3;20;1
202000032041;154 686 051;2;0;2;1;1;1
202000032041;154 686 052;7;0;2;3;17;1
202000032042;154 686 049;7;0;2;4;2;1
202000032042;154 686 050;7;0;2;3;26;0
202000032043;154 686 047;10;0;2;1;1;1
202000032043;154 686 048;17;0;2;4;2;1
202000032044;154 686 046;7;4;0;3;1;1
202000032045;154 686 044;7;0;0;0;0;1
202000032045;154 686 045;7;3;2;2;26;1
202000032046;154 686 042;7;0;2;7;12;1
202000032046;154 686 043;34;0;2;8;3;1
202000032047;154 686 041;7;3;0;1;14;1
202000032048;154 686 039;7;0;2;7;1;1
202000032048;154 686 040;33;0;2;6;3;1
202000032049;154 686 036;7;0;2;8;9;1
202000032049;154 686 037;17;0;2;7;12;1
202000032049;154 686 038;7;0;2;1;1;1
202000032050;154 686 034;33;0;2;7;3;1
202000032050;154 686 035;7;0;2;8;11;1
202000032051;154 686 032;30;0;2;4;1;1
202000032051;154 686 033;7;0;2;1;1;1
202000032052;154 686 031;30;0;1;0;26;0
202000032053;154 686 027;32;0;0;7;24;1
202000032053;154 686 028;7;0;2;3;1;1
202000032053;154 686 029;7;6;1;1;1;1
202000032053;154 686 030;1;0;2;6;19;5
202000032054;154 686 025;7;0;2;1;15;0
202000032054;154 686 026;33;0;2;7;1;0
202000032055;154 686 024;10;0;1;0;21;1
202000032056;154 686 023;7;0;1;2;1;1
202000032057;154 686 022;32;12;0;1;19;1
202000032058;154 686 020;99;0;2;4;23;0
202000032058;154 686 021;7;0;2;1;1;0
202000032059;154 686 018;7;0;2;1;1;1
202000032059;154 686 019;7;0;2;2;15;1
202000032060;154 686 016;7;0;2;4;26;1
202000032060;154 686 017;30;0;2;1;2;1
202000032061;154 686 015;7;4;0;9;1;1
202000032062;154 686 013;7;0;2;3;15;1
202000032062;154 686 014;32;0;2;7;1;1
202000032063;154 686 011;10;0;2;3;1;1
202000032063;154 686 012;32;0;2;1;13;1
202000032064;154 686 009;7;0;2;2;1;1
202000032064;154 686 010;1;0;2;8;1;5
202000032065;154 686 008;7;0;1;1;13;1
202000032066;154 686 006;7;0;2;4;1;1
202000032066;154 686 007;7;1;2;1;1;1
202000032067;154 686 002;10;11;0;3;21;1
202000032067;154 686 003;7;0;2;4;2;1
202000032067;154 686 004;7;0;2;4;2;1
202000032067;154 686 005;10;0;2;1;2;1
202000032068;154 686 001;33;0;0;7;1;1
202000032069;154 686 000;7;0;1;1;9;1
202000032070;154 685 999;2;0;0;7;1;1
202000032071;154 685 997;2;0;2;4;23;1
202000032071;154 685 998;7;0;2;1;1;1
202000032072;154 685 994;7;0;2;4;1;1
202000032072;154 685 995;7;0;2;4;1;1
202000032072;154 685 996;7;0;2;1;2;1
202000032073;154 685 992;7;0;2;4;1;1
202000032073;154 685 993;7;0;2;1;1;2
202000032074;154 685 991;7;0;1;1;20;1
202000032075;154 685 989;7;0;2;2;16;1
202000032075;154 685 990;7;0;2;2;1;1
202000032076;154 685 988;7;0;1;1;1;0
202000032077;154 685 986;14;0;2;2;1;1
202000032077;154 685 987;10;0;2;2;13;1
202000032078;154 685 984;7;0;0;9;1;1
202000032079;154 685 982;10;0;2;6;24;1
202000032079;154 685 983;7;1;0;2;14;1
202000032080;154 685 980;7;0;2;1;1;1
202000032080;154 685 981;1;0;2;7;19;5
202000032081;154 685 979;32;14;0;1;17;1
202000032082;154 685 977;7;0;0;4;2;1
202000032082;154 685 978;7;0;2;1;2;1
202000032083;154 685 976;7;0;1;1;16;1
202000032084;154 685 975;7;9;1;1;1;1
202000032085;154 685 973;7;0;2;3;5;1
202000032085;154 685 974;7;0;2;3;1;1
202000032086;154 685 971;7;0;2;3;9;1
202000032086;154 685 972;7;0;2;2;1;1
202000032087;154 685 969;10;0;2;4;15;4
202000032087;154 685 970;7;0;2;1;2;1
202000032088;154 685 967;3;0;2;3;5;1
202000032088;154 685 968;7;0;2;2;0;1
202000032089;154 685 965;7;0;2;4;1;1
202000032089;154 685 966;7;0;2;1;0;1
202000032090;154 685 963;7;0;2;0;26;0
202000032090;154 685 964;1;0;2;0;26;5
202000032091;154 685 961;7;0;2;4;2;1
202000032091;154 685 962;7;0;2;1;2;1
202000032092;154 685 959;7;0;2;1;15;0
202000032092;154 685 960;1;0;2;1;5;5
202000032093;154 685 957;7;0;9;2;15;1
202000032093;154 685 958;32;0;2;0;1;1
202000032094;154 685 954;10;0;2;1;1;1
202000032094;154 685 955;7;1;2;9;1;1
202000032094;154 685 956;7;0;2;2;26;1
202000032095;154 685 952;7;0;2;7;15;1
202000032095;154 685 953;33;0;2;1;1;1
202000032096;154 685 951;7;0;1;1;15;6
202000032097;154 685 950;7;0;1;2;1;1
202000032098;154 685 949;7;0;1;3;15;1
202000032099;154 685 948;7;0;1;3;15;1
202000032100;154 685 947;7;0;1;3;2;0
202000032101;154 685 945;7;0;2;3;9;1
202000032101;154 685 946;7;0;2;2;1;1
202000032102;154 685 943;7;0;2;2;2;1
202000032102;154 685 944;7;0;2;6;23;1
202000032103;154 685 942;7;0;1;1;1;1
202000032104;154 685 941;7;0;1;0;1;1
202000032105;154 685 940;7;0;1;1;1;1
202000032106;154 685 939;10;0;1;4;4;1
202000032107;154 685 937;37;0;2;2;1;1
202000032107;154 685 938;7;0;2;3;15;1
202000032108;154 685 936;7;0;1;1;1;0
202000032109;154 685 934;7;0;2;2;15;0
202000032109;154 685 935;32;0;2;1;1;0
202000032110;154 685 932;7;0;2;3;15;0
202000032110;154 685 933;7;9;2;1;17;0
202000032111;154 685 931;7;0;1;1;1;1
202000032112;154 685 928;7;0;2;7;15;1
202000032112;154 685 929;7;0;2;1;1;1
202000032112;154 685 930;7;0;2;1;0;1
202000032113;154 685 927;7;0;1;4;20;1
202000032114;154 685 925;7;0;2;3;1;1
202000032114;154 685 926;1;0;2;0;1;5
202000032115;154 685 923;10;0;2;1;2;1
202000032115;154 685 924;33;0;2;4;2;1
202000032116;154 685 922;7;0;1;1;1;1
202000032117;154 685 921;7;2;0;1;14;1
202000032118;154 685 920;7;0;1;0;0;1
202000032119;154 685 919;33;0;1;1;7;1
202000032120;154 685 917;7;0;2;1;1;1
202000032120;154 685 918;7;0;2;1;1;1
202000032121;154 685 916;7;0;1;1;1;1
202000032122;154 685 913;7;0;2;4;2;1
202000032122;154 685 914;7;0;2;4;2;1
202000032122;154 685 915;7;0;2;1;1;1
202000032123;154 685 910;7;0;2;8;1;1
202000032123;154 685 911;7;0;2;0;9;1
202000032123;154 685 912;7;0;2;3;1;1
202000032124;154 685 908;7;0;2;1;1;1
202000032124;154 685 909;7;0;2;1;1;1
202000032125;154 685 906;1;0;2;0;9;5
202000032125;154 685 907;7;0;2;1;15;1
202000032126;154 685 905;7;0;1;1;1;1
202000032127;154 685 903;10;0;2;8;19;1
202000032127;154 685 904;7;0;2;2;1;1
202000032128;154 685 902;7;1;0;1;16;1
202000032129;154 685 901;7;6;0;1;1;1
202000032130;154 685 900;30;0;1;1;26;1
202000032131;154 685 898;30;0;2;8;1;1
202000032131;154 685 899;7;0;2;1;1;1
202000032132;154 685 897;7;15;0;2;15;1
202000032133;154 685 894;7;0;2;1;2;1
202000032133;154 685 895;7;0;2;1;2;1
202000032133;154 685 896;7;0;9;4;2;1
202000032134;154 685 892;7;3;2;4;2;1
202000032134;154 685 893;7;3;2;1;2;1
202000032135;154 685 891;7;0;0;0;1;1
202000032136;154 685 890;30;0;2;0;1;1
202000032137;154 685 889;14;0;1;2;16;1
202000032138;154 685 887;7;0;2;8;10;1
202000032138;154 685 888;10;0;2;1;1;1
202000032139;154 685 885;7;0;2;3;1;0
202000032139;154 685 886;7;0;2;2;1;0
202000032140;154 685 884;15;0;0;3;1;1
202000032141;154 685 883;7;2;0;1;1;1
202000032142;154 685 882;7;4;0;3;1;1
202000032143;154 685 880;7;0;2;2;1;1
202000032143;154 685 881;7;0;2;1;1;1
202000032144;154 685 878;7;0;2;1;17;1
202000032144;154 685 879;1;0;0;4;1;5
202000032145;154 685 877;7;13;0;2;0;4
202000032146;154 685 876;7;7;9;3;1;1
202000032147;154 685 874;33;0;2;1;1;1
202000032147;154 685 875;7;0;2;3;1;1
202000032148;154 685 872;7;0;2;2;1;1
202000032148;154 685 873;7;0;2;2;19;1
202000032149;154 685 871;33;0;0;8;1;0
202000032150;154 685 870;33;0;0;3;1;1
202000032151;154 685 868;7;0;2;1;1;1
202000032151;154 685 869;2;0;2;1;1;1
202000032152;154 685 867;2;0;0;0;1;0
202000032153;154 685 866;7;10;0;2;1;1
202000032154;154 685 864;33;0;2;2;17;0
202000032154;154 685 865;7;0;2;3;13;0
202000032155;154 685 863;34;0;0;0;1;1
202000032156;154 685 862;7;8;0;1;15;1
202000032157;154 685 861;1;14;0;1;2;5
202000032158;154 685 860;7;0;0;0;0;1
202000032159;154 685 859;7;0;1;2;5;1
202000032160;154 685 858;7;0;1;3;9;1
202000032161;154 685 855;15;0;2;3;1;1
202000032161;154 685 856;7;0;2;8;1;1
202000032161;154 685 857;7;0;2;3;13;1
202000032162;154 685 853;7;0;2;1;1;1
202000032162;154 685 854;7;0;2;7;13;1
202000032163;154 685 851;7;0;2;3;1;1
202000032163;154 685 852;7;0;2;3;13;2
202000032164;154 685 850;7;13;0;8;14;0
202000032165;154 685 848;1;0;2;0;0;5
202000032165;154 685 849;7;0;2;0;0;1
202000032166;154 685 846;7;0;2;2;19;1
202000032166;154 685 847;7;0;2;1;1;1
202000032167;154 685 845;33;6;0;8;11;1
202000032168;154 685 843;7;0;2;1;13;0
202000032168;154 685 844;7;0;2;1;1;0
202000032169;154 685 842;15;3;0;7;14;1
202000032170;154 685 841;7;13;0;2;1;1
202000032171;154 685 839;10;0;2;2;1;1
202000032171;154 685 840;7;4;2;5;13;1
202000032172;154 685 837;7;0;2;1;13;1
202000032172;154 685 838;7;0;2;1;1;1
202000032173;154 685 836;33;0;0;0;0;1
202000032174;154 685 835;7;0;1;1;16;1
202000032175;154 685 834;7;0;0;0;1;0
202000032176;154 685 833;7;2;0;1;1;1
202000032177;154 685 831;7;0;2;1;15;1
202000032177;154 685 832;36;0;2;1;1;1
202000032178;154 685 830;7;6;0;7;21;1
202000032179;154 685 828;7;1;0;3;1;0
202000032179;154 685 829;7;0;2;2;0;0
202000032180;154 685 826;14;0;2;8;1;1
202000032180;154 685 827;10;0;2;8;13;1
202000032181;154 685 824;7;0;9;7;1;1
202000032181;154 685 825;1;0;2;1;16;5
202000032182;154 685 823;99;0;0;8;2;1
202000032183;154 685 822;1;6;0;1;0;5
202000032184;154 685 819;99;0;2;1;15;3
202000032184;154 685 820;7;0;2;7;1;1
202000032185;154 685 816;7;0;0;9;1;1
202000032186;154 685 815;7;1;0;2;1;1
202000032187;154 685 814;7;3;0;1;26;1
202000032188;154 685 813;33;0;2;4;26;1
202000032189;154 685 810;7;0;2;4;1;1
202000032189;154 685 811;7;0;2;4;1;1
202000032189;154 685 812;7;0;2;1;1;1
202000032190;154 685 809;7;0;2;0;9;1
202000032191;154 685 807;7;0;2;3;9;1
202000032191;154 685 808;7;0;2;3;1;1
202000032192;154 685 806;7;4;0;7;14;1
202000032193;154 685 803;7;0;2;8;3;1
202000032193;154 685 804;7;0;2;5;1;1
202000032193;154 685 805;7;0;2;8;1;1
202000032194;154 685 802;7;4;0;3;17;1
202000032195;154 685 799;7;0;2;5;1;1
202000032195;154 685 800;33;0;2;1;3;1
202000032195;154 685 801;7;0;2;4;13;1
202000032196;154 685 797;7;0;2;8;11;1
202000032196;154 685 798;7;0;2;7;1;1
202000032197;154 685 796;33;16;0;5;12;1
202000032198;154 685 795;7;8;0;2;1;1
202000032199;154 685 793;30;0;2;1;1;0
202000032199;154 685 794;7;0;2;6;15;1
202000032200;154 685 791;2;0;2;7;1;1
202000032200;154 685 792;7;0;2;1;1;1
202000032201;154 685 789;7;0;2;1;2;1
202000032201;154 685 790;7;0;2;4;1;1
202000032202;154 685 788;10;0;1;1;2;0
202000032203;154 685 787;0;0;1;1;1;0
202000032204;154 685 784;7;0;2;1;15;1
202000032204;154 685 785;7;0;2;1;1;1
202000032204;154 685 786;34;0;2;1;1;1
202000032205;154 685 782;30;0;2;1;26;1
202000032205;154 685 783;7;0;2;1;15;1
202000032206;154 685 780;38;14;0;3;0;0
202000032206;154 685 781;30;14;0;1;26;1
202000032207;154 685 778;30;0;2;1;0;1
202000032207;154 685 779;7;1;0;6;0;1
202000032208;154 685 776;7;0;2;6;16;0
202000032208;154 685 777;33;0;2;1;1;0
202000032209;154 685 775;37;0;1;2;9;1
202000032210;154 685 774;7;6;0;3;13;1
202000032211;154 685 768;7;0;2;8;1;1
202000032211;154 685 769;7;0;2;1;1;1
202000032212;154 685 767;36;15;0;1;14;1
202000032213;154 685 765;7;0;2;1;2;1
202000032213;154 685 766;7;0;2;4;2;1
202000032214;154 685 763;7;0;2;8;15;0
202000032214;154 685 764;33;0;2;1;17;1
202000032215;154 685 762;3;13;0;1;1;1
202000032216;154 685 759;7;0;2;1;2;1
202000032216;154 685 760;7;0;2;4;0;1
202000032216;154 685 761;7;0;2;4;2;1
202000032217;154 685 757;33;0;2;1;1;1
202000032217;154 685 758;7;0;2;2;9;1
202000032218;154 685 756;7;0;9;0;9;1
202000032219;154 685 754;7;6;2;1;13;1
202000032219;154 685 755;7;0;2;1;1;1
202000032220;154 685 752;7;0;2;4;23;1
202000032220;154 685 753;7;0;2;1;1;1
202000032221;154 685 751;7;1;0;3;1;1
202000032222;154 685 749;7;0;2;8;10;1
202000032222;154 685 750;7;0;2;1;1;0
202000032223;154 685 748;30;0;0;1;1;1
202000032224;154 685 747;7;2;0;1;14;1
202000032225;154 685 746;31;12;0;0;1;1
202000032226;154 685 745;0;0;1;0;15;0
202000032227;154 685 741;31;0;2;1;13;0
202000032227;154 685 742;7;0;2;1;0;1
202000032228;154 685 740;7;15;0;8;1;1
202000032229;154 685 738;7;0;2;1;2;1
202000032229;154 685 739;7;0;2;4;1;1
202000032230;154 685 736;7;0;2;0;0;0
202000032230;154 685 737;34;0;2;1;1;1
202000032231;154 685 734;7;6;2;1;13;1
202000032231;154 685 735;7;0;2;4;1;1
202000032232;154 685 733;7;3;0;7;15;1
202000032233;154 685 731;10;0;2;3;1;0
202000032233;154 685 732;10;0;2;2;19;0
202000032234;154 685 728;7;0;2;4;1;1
202000032234;154 685 729;7;0;2;4;1;1
202000032234;154 685 730;7;0;2;1;1;1
202000032235;154 685 727;7;0;1;2;1;1
202000032236;154 685 725;33;0;2;1;1;1
202000032236;154 685 726;7;0;2;3;15;1
202000032237;154 685 722;1;1;2;0;0;5
202000032237;154 685 723;33;0;0;0;0;1
202000032237;154 685 724;33;0;2;1;14;1
202000032238;154 685 720;7;0;2;1;13;1
202000032238;154 685 721;10;0;2;3;1;1
202000032239;154 685 718;7;0;2;1;1;1
202000032239;154 685 719;7;0;2;1;1;1
202000032240;154 685 716;7;0;2;7;12;1
202000032240;154 685 717;43;0;2;3;3;1
202000032241;154 685 715;33;0;0;8;9;1
202000032242;154 685 713;33;0;2;1;1;1
202000032242;154 685 714;7;0;2;8;1;1
202000032243;154 685 711;7;0;2;3;1;1
202000032243;154 685 712;30;0;2;1;1;3
202000032244;154 685 709;7;0;2;1;2;1
202000032244;154 685 710;30;0;2;4;24;1
202000032245;154 685 707;7;0;2;3;1;1
202000032245;154 685 708;1;0;2;1;1;5
202000032246;154 685 705;7;0;2;3;15;1
202000032246;154 685 706;33;0;2;2;17;1
202000032247;154 685 704;50;12;0;1;25;3
202000032248;154 685 703;7;0;1;2;1;1
202000032249;154 685 702;7;9;0;1;13;1
202000032250;154 685 700;7;0;2;3;10;1
202000032250;154 685 701;33;0;2;1;17;1
202000032251;154 685 699;7;0;1;2;1;0
202000032252;154 685 697;7;0;2;2;16;1
202000032252;154 685 698;33;0;2;8;7;1
202000032253;154 685 695;7;0;2;1;15;1
202000032253;154 685 696;33;0;2;3;2;1
202000032254;154 685 693;1;0;2;2;2;5
202000032254;154 685 694;50;0;2;3;2;3
202000032255;154 685 691;7;0;2;8;13;1
202000032255;154 685 692;2;14;2;7;17;1
202000032256;154 685 689;1;0;2;3;1;5
202000032256;154 685 690;7;0;2;7;1;0
202000032257;154 685 688;1;14;0;1;14;5
202000032258;154 685 685;7;0;2;8;1;1
202000032258;154 685 686;7;0;2;1;1;1
202000032259;154 685 683;7;0;2;0;0;1
202000032259;154 685 684;1;0;2;1;15;5
202000032260;154 685 680;7;0;2;3;23;0
202000032260;154 685 681;7;0;2;2;16;1
202000032260;154 685 682;30;0;2;1;16;1
202000032261;154 685 679;7;0;1;2;9;0
202000032262;154 685 677;50;0;2;1;1;3
202000032262;154 685 678;7;16;2;5;4;1
202000032263;154 685 675;10;0;2;7;1;0
202000032263;154 685 676;7;0;2;3;14;1
202000032264;154 685 673;7;0;2;7;0;1
202000032264;154 685 674;30;0;2;1;19;1
202000032265;154 685 672;10;0;1;3;15;0
202000032266;154 685 670;32;0;2;8;1;1
202000032266;154 685 671;7;0;2;1;9;1
202000032267;154 685 669;30;1;0;7;14;3
202000032268;154 685 667;7;8;2;3;19;1
202000032268;154 685 668;7;0;2;2;19;1
202000032269;154 685 665;37;0;2;0;1;1
202000032269;154 685 666;1;0;2;0;5;5
202000032270;154 685 664;32;0;1;2;17;6
202000032271;154 685 662;10;0;2;2;16;1
202000032271;154 685 663;1;0;2;1;2;5
202000032272;154 685 661;7;8;0;1;1;1
202000032273;154 685 659;7;0;9;3;1;1
202000032273;154 685 660;15;0;2;3;1;1
202000032274;154 685 657;7;0;0;0;15;1
202000032274;154 685 658;33;0;0;7;17;1
202000032275;154 685 656;7;13;0;9;1;1
202000032276;154 685 654;7;0;0;6;2;1
202000032276;154 685 655;2;0;2;1;1;1
202000032277;154 685 652;33;0;2;1;13;0
202000032277;154 685 653;7;0;2;1;1;0
202000032278;154 685 650;7;0;2;3;1;1
202000032278;154 685 651;34;0;2;1;13;1
202000032279;154 685 649;10;3;0;4;2;1
202000032280;154 685 647;7;0;2;6;18;1
202000032280;154 685 648;7;0;2;2;2;1
202000032281;154 685 646;33;16;0;0;2;1
202000032282;154 685 644;37;0;2;3;1;1
202000032282;154 685 645;7;0;2;2;19;1
202000032283;154 685 642;7;0;2;1;9;1
202000032283;154 685 643;7;0;0;4;1;1
202000032284;154 685 640;17;0;2;6;2;1
202000032284;154 685 641;7;0;2;2;2;1
202000032285;154 685 639;7;0;1;3;21;1
202000032286;154 685 638;7;8;0;1;1;1
202000032287;154 685 635;1;0;2;1;1;5
202000032287;154 685 636;1;0;0;4;13;5
202000032288;154 685 633;7;0;2;0;12;1
202000032288;154 685 634;43;0;2;8;18;1
202000032289;154 685 632;7;13;0;3;1;1
202000032290;154 685 630;33;0;2;1;13;1
202000032290;154 685 631;7;0;2;7;1;1
202000032291;154 685 628;7;0;2;1;13;1
202000032291;154 685 629;17;0;2;1;1;1
202000032292;154 685 626;7;0;2;3;21;1
202000032292;154 685 627;1;0;2;1;13;5
202000032293;154 685 625;7;6;0;3;13;0
202000032294;154 685 624;33;0;0;0;1;1
202000032295;154 685 623;2;15;0;7;1;0
202000032296;154 685 622;7;2;0;8;1;1
202000032297;154 685 621;7;16;0;9;14;1
202000032298;154 685 620;7;13;0;1;1;1
202000032299;154 685 618;2;0;2;4;9;1
202000032299;154 685 619;7;0;2;1;1;1
202000032300;154 685 617;7;1;1;2;17;1
202000032301;154 685 616;3;13;0;2;1;1
202000032302;154 685 614;7;0;2;2;15;1
202000032302;154 685 615;1;0;2;1;1;5
202000032303;154 685 612;3;0;2;1;1;1
202000032303;154 685 613;7;0;2;7;1;1
202000032304;154 685 610;33;0;2;1;1;1
202000032304;154 685 611;7;0;2;2;1;1
202000032305;154 685 609;33;2;0;0;1;1
202000032306;154 685 608;33;2;0;1;19;1
202000032307;154 685 606;7;0;2;3;15;0
202000032307;154 685 607;33;0;2;1;15;0
202000032308;154 685 604;33;0;2;1;1;1
202000032308;154 685 605;7;0;2;1;15;1
202000032309;154 685 603;1;0;0;0;1;5
202000032310;154 685 602;7;0;0;9;1;1
202000032311;154 685 600;2;0;2;1;21;1
202000032311;154 685 601;2;0;2;0;21;1
202000032312;154 685 599;7;6;0;1;13;1
202000032313;154 685 598;7;0;1;3;1;1
202000032314;154 685 596;7;0;2;2;1;1
202000032314;154 685 597;2;0;2;1;13;1
202000032315;154 685 594;33;6;0;2;13;1
202000032315;154 685 595;10;0;2;2;1;1
202000032316;154 685 593;1;4;0;1;1;6
202000032317;154 685 591;1;0;2;1;13;5
202000032317;154 685 592;7;6;2;3;1;1
202000032318;154 685 589;10;0;2;3;1;1
202000032318;154 685 590;7;0;2;3;13;1
202000032319;154 685 587;33;0;2;1;1;1
202000032319;154 685 588;7;0;2;3;1;1
202000032320;154 685 586;7;0;0;8;1;1
202000032321;154 685 584;7;0;2;6;1;6
202000032321;154 685 585;2;0;2;1;15;1
202000032322;154 685 582;7;0;2;1;1;1
202000032322;154 685 583;7;0;2;3;13;1
202000032323;154 685 580;2;0;2;1;16;1
202000032323;154 685 581;7;0;0;2;23;1
202000032324;154 685 576;7;0;2;3;15;1
202000032324;154 685 577;7;0;2;1;1;1
202000032325;154 685 575;7;4;0;2;21;1
202000032326;154 685 574;7;0;0;1;1;1
202000032327;154 685 573;7;2;0;1;2;0
202000032328;154 685 571;7;0;2;1;1;1
202000032328;154 685 572;7;0;0;4;1;1
202000032329;154 685 570;33;2;0;3;13;1
202000032330;154 685 566;33;11;0;1;1;1
202000032331;154 685 565;7;0;1;2;17;1
202000032332;154 685 563;2;0;0;7;1;0
202000032332;154 685 564;7;0;2;1;15;0
202000032333;154 685 562;7;13;0;1;1;1