Num_Acc;id_vehicule;catv;obs;obsm;choc;manv;motor
202000037295;154 676 838;33;4;0;9;1;1
202000037296;154 676 837;33;12;0;0;1;1
202000037297;154 676 835;7;0;2;8;11;1
202000037297;154 676 836;33;0;2;7;1;1
202000037298;154 676 833;7;0;2;3;1;1
202000037298;154 676 834;2;0;2;1;13;1
202000037299;154 676 829;33;0;2;6;1;1
202000037299;154 676 830;10;0;2;6;17;1
202000037300;154 676 828;13;0;0;1;1;0
202000037301;154 676 831;7;0;2;1;2;1
202000037301;154 676 832;7;0;2;4;2;1
202000037302;154 676 824;33;0;2;3;1;1
202000037302;154 676 827;7;0;2;3;17;1
202000037303;154 676 825;34;0;2;1;3;1
202000037303;154 676 826;7;0;2;4;11;1
202000037304;154 676 823;7;13;0;1;0;1
202000037305;154 676 821;7;0;1;1;1;1
202000037306;154 676 818;16;13;0;1;14;1
202000037307;154 676 819;7;0;2;6;1;1
202000037307;154 676 820;7;0;2;1;1;1
202000037308;154 676 815;14;3;2;3;21;1
202000037308;154 676 817;7;0;2;1;13;1
202000037309;154 676 812;7;0;2;1;13;1
202000037309;154 676 814;17;0;2;1;1;1
202000037310;154 676 813;2;0;9;8;15;1
202000037310;154 676 816;2;0;9;1;17;1
202000037311;154 676 811;7;4;0;3;21;1
202000037312;154 676 810;7;0;1;1;1;1
202000037313;154 676 808;15;0;2;3;1;1
202000037313;154 676 809;10;0;2;5;15;1
202000037314;154 676 807;7;0;0;9;14;1
202000037315;154 676 805;7;0;9;1;1;1
202000037316;154 676 804;7;0;9;0;1;1
202000037316;154 676 806;1;0;2;0;26;5
202000037317;154 676 800;7;2;0;7;1;0
202000037318;154 676 799;30;0;2;1;19;1
202000037318;154 676 801;30;0;2;7;19;1
202000037319;154 676 795;7;0;2;1;14;1
202000037319;154 676 797;2;0;2;4;23;1
202000037320;154 676 796;7;0;0;2;17;1
202000037320;154 676 798;7;0;0;3;15;1
202000037321;154 676 792;1;0;2;4;1;5
202000037321;154 676 794;7;0;2;1;1;1
202000037322;154 676 791;50;0;2;1;1;3
202000037322;154 676 793;7;0;2;2;1;1
202000037323;154 676 789;7;0;2;1;1;1
202000037323;154 676 790;7;0;2;1;17;1
202000037324;154 676 802;7;0;2;2;15;1
202000037324;154 676 803;1;0;2;8;1;5
202000037325;154 676 788;7;0;1;1;1;1
202000037326;154 676 785;7;0;1;8;16;1
202000037327;154 676 782;7;0;2;1;2;1
202000037327;154 676 783;7;0;2;1;2;1
202000037327;154 676 784;7;0;2;4;2;1
202000037328;154 676 780;7;0;2;1;5;1
202000037328;154 676 781;7;0;2;1;1;1
202000037329;154 676 778;7;0;2;7;20;1
202000037329;154 676 787;7;0;2;1;1;1
202000037330;154 676 777;7;0;2;1;5;1
202000037330;154 676 786;7;0;2;3;1;1
202000037331;154 676 776;2;0;0;0;1;1
202000037332;154 676 779;7;0;1;0;1;1
202000037333;154 676 772;7;0;2;1;5;1
202000037333;154 676 774;7;0;2;1;1;1
202000037334;154 676 771;7;0;1;2;25;1
202000037335;154 676 769;7;0;2;1;1;1
202000037335;154 676 770;10;0;2;1;13;1
202000037336;154 676 768;37;0;1;2;16;1
202000037337;154 676 765;7;0;2;1;19;1
202000037337;154 676 767;7;0;0;3;1;1
202000037338;154 676 766;7;13;0;1;1;1
202000037339;154 676 761;7;0;2;1;1;2
202000037339;154 676 762;14;0;2;1;1;1
202000037340;154 676 760;2;0;0;0;1;1
202000037341;154 676 758;2;0;1;1;17;1
202000037342;154 676 756;7;0;1;2;1;1
202000037343;154 676 757;33;0;0;7;1;1
202000037344;154 676 755;7;0;1;2;26;0
202000037345;154 676 754;31;11;0;1;6;1
202000037346;154 676 763;7;0;2;3;19;1
202000037346;154 676 764;30;0;2;1;1;1
202000037347;154 676 751;7;13;0;2;1;1
202000037348;154 676 752;7;0;1;2;13;1
202000037349;154 676 749;7;9;0;2;14;1
202000037350;154 676 748;31;0;1;1;1;1
202000037351;154 676 747;7;0;1;1;1;1
202000037352;154 676 743;7;0;2;3;13;0
202000037352;154 676 745;7;0;2;3;1;0
202000037353;154 676 746;7;0;2;3;1;1
202000037353;154 676 750;21;0;2;3;15;1
202000037354;154 676 741;7;0;1;1;1;1
202000037355;154 676 739;30;0;2;1;19;1
202000037355;154 676 740;7;0;2;2;1;1
202000037356;154 676 738;7;3;0;3;1;1
202000037357;154 676 737;7;0;1;3;1;1
202000037358;154 676 735;7;0;2;3;1;1
202000037358;154 676 736;7;0;2;3;1;1
202000037359;154 676 733;31;0;2;7;1;1
202000037359;154 676 734;7;0;2;8;9;1
202000037360;154 676 732;7;13;0;3;1;1
202000037361;154 676 726;7;0;2;3;1;0
202000037361;154 676 727;7;0;2;3;1;0
202000037361;154 676 728;7;0;2;1;11;0
202000037362;154 676 730;33;0;0;1;1;1
202000037363;154 676 724;7;0;2;1;13;1
202000037363;154 676 725;7;0;2;1;1;1
202000037364;154 676 721;7;10;0;3;1;1
202000037365;154 676 722;10;8;2;3;1;1
202000037365;154 676 723;7;0;2;2;9;1
202000037366;154 676 720;30;0;0;0;9;1
202000037367;154 676 716;7;0;2;3;1;1
202000037367;154 676 718;1;0;2;5;0;5
202000037368;154 676 713;1;0;2;7;6;5
202000037368;154 676 714;7;0;2;3;1;1
202000037369;154 676 712;7;4;0;1;14;1
202000037370;154 676 731;7;0;0;9;1;2
202000037371;154 676 711;7;0;1;8;1;0
202000037372;154 676 707;7;0;2;4;2;1
202000037372;154 676 709;7;0;2;4;2;1
202000037372;154 676 710;7;0;2;1;2;1
202000037373;154 676 705;7;0;2;2;1;1
202000037373;154 676 706;1;0;2;1;1;5
202000037374;154 676 701;7;0;2;1;2;1
202000037374;154 676 708;7;0;2;4;2;0
202000037375;154 676 700;31;0;0;7;1;1
202000037376;154 676 696;7;0;2;3;1;1
202000037376;154 676 698;7;0;2;3;13;1
202000037377;154 676 694;7;0;2;2;2;1
202000037377;154 676 695;1;0;2;4;16;5
202000037378;154 676 697;33;0;0;6;1;1
202000037378;154 676 699;10;0;2;3;1;1
202000037379;154 676 692;7;0;1;0;1;1
202000037380;154 676 702;7;0;2;4;9;1
202000037380;154 676 703;7;0;2;6;2;1
202000037380;154 676 704;7;0;2;2;21;1
202000037381;154 676 693;34;0;0;0;1;6
202000037382;154 676 688;7;0;2;1;2;1
202000037382;154 676 689;7;0;2;4;2;1
202000037382;154 676 690;7;0;2;4;2;1
202000037382;154 676 691;7;0;2;4;2;1
202000037383;154 676 687;10;0;1;3;1;1
202000037384;154 676 683;7;0;0;1;1;1
202000037385;154 676 681;7;0;2;8;1;1
202000037385;154 676 682;33;0;2;2;16;1
202000037386;154 676 686;7;0;1;1;1;1
202000037387;154 676 676;31;0;0;2;1;1
202000037388;154 676 675;7;0;1;3;1;1
202000037389;154 676 671;7;0;1;2;17;1
202000037390;154 676 669;7;6;0;1;1;1
202000037391;154 676 672;7;0;1;2;21;1
202000037392;154 676 673;7;0;2;4;1;1
202000037392;154 676 678;7;0;2;1;1;1
202000037392;154 676 679;14;0;2;4;1;1
202000037392;154 676 680;7;0;2;1;9;1
202000037393;154 676 674;7;0;2;3;1;1
202000037393;154 676 677;33;0;2;3;13;1
202000037394;154 676 670;7;0;1;1;1;1
202000037395;154 676 667;33;0;2;1;1;1
202000037395;154 676 668;7;0;2;2;19;1
202000037396;154 676 662;99;0;2;2;1;3
202000037396;154 676 663;7;0;9;1;1;0
202000037397;154 676 660;7;0;2;0;13;0
202000037397;154 676 661;7;0;2;4;1;0
202000037398;154 676 659;7;0;1;2;1;0
202000037399;154 676 658;7;7;0;8;1;0
202000037400;154 676 656;2;0;2;8;2;1
202000037400;154 676 657;2;0;2;7;17;1
202000037401;154 676 655;7;1;1;1;25;1
202000037402;154 676 653;7;0;2;1;1;1
202000037402;154 676 665;7;0;2;4;1;1
202000037402;154 676 666;16;0;2;1;1;1
202000037403;154 676 651;33;0;0;7;16;1
202000037404;154 676 652;33;0;2;3;17;1
202000037404;154 676 664;7;0;2;8;10;1
202000037405;154 676 649;7;0;2;1;1;1
202000037405;154 676 650;7;0;2;4;1;1
202000037406;154 676 645;10;0;2;1;2;1
202000037406;154 676 648;7;0;2;4;2;1
202000037407;154 676 642;20;0;2;5;1;1
202000037407;154 676 643;33;0;2;1;1;1
202000037408;154 676 644;7;0;9;1;2;1
202000037408;154 676 646;15;3;0;8;2;1
202000037408;154 676 647;7;4;2;8;2;1
202000037409;154 676 640;17;0;2;2;12;1
202000037409;154 676 641;7;0;2;1;1;1
202000037410;154 676 634;17;0;2;6;13;1
202000037410;154 676 639;7;4;2;2;17;1
202000037411;154 676 635;1;0;2;7;19;5
202000037411;154 676 654;7;0;2;1;1;1
202000037412;154 676 636;7;4;0;1;0;1
202000037413;154 676 637;50;0;2;1;1;3
202000037413;154 676 638;37;0;2;2;16;1
202000037414;154 676 632;32;0;2;8;3;1
202000037414;154 676 633;7;0;2;2;12;1
202000037415;154 676 628;7;0;2;1;1;1
202000037415;154 676 630;7;0;2;1;14;1
202000037416;154 676 627;7;0;1;7;1;1
202000037417;154 676 622;7;0;2;8;9;1
202000037417;154 676 624;7;0;2;9;1;1
202000037418;154 676 621;7;0;2;1;1;1
202000037418;154 676 623;7;0;2;1;1;1
202000037419;154 676 625;7;0;2;5;0;1
202000037419;154 676 626;7;0;2;1;21;1
202000037420;154 676 620;1;0;0;9;1;5
202000037421;154 676 618;7;0;2;4;23;1
202000037421;154 676 619;7;0;2;4;2;1
202000037422;154 676 631;33;0;2;2;2;1
202000037423;154 676 615;7;0;2;3;1;1
202000037423;154 676 617;3;0;2;3;13;1
202000037424;154 676 609;33;0;0;1;1;1
202000037425;154 676 613;10;0;2;2;1;1
202000037425;154 676 614;7;0;2;2;1;1
202000037425;154 676 616;10;14;2;7;9;1
202000037426;154 676 607;7;4;0;1;1;1
202000037427;154 676 610;7;0;2;2;2;1
202000037427;154 676 612;7;0;2;6;16;1
202000037428;154 676 606;7;0;0;3;15;1
202000037428;154 676 608;7;8;2;1;1;1
202000037429;154 676 596;7;0;2;6;15;1
202000037429;154 676 599;33;0;2;1;1;1
202000037430;154 676 593;7;0;2;7;19;1
202000037430;154 676 594;33;0;2;1;1;1
202000037431;154 676 591;7;0;2;3;1;6
202000037431;154 676 592;7;0;2;3;1;6
202000037432;154 676 590;7;4;0;1;1;1
202000037433;154 676 588;10;0;2;4;2;1
202000037433;154 676 589;10;0;2;1;2;1
202000037434;154 676 586;15;3;2;7;2;1
202000037434;154 676 587;15;3;2;8;2;1
202000037435;154 676 584;7;0;2;6;1;1
202000037435;154 676 585;33;0;2;1;2;1
202000037436;154 676 583;7;4;2;2;1;1
202000037437;154 676 582;7;4;0;8;1;1
202000037438;154 676 581;7;4;0;1;1;1
202000037439;154 676 579;10;2;0;0;1;1
202000037440;154 676 577;7;0;2;4;26;1
202000037440;154 676 578;7;0;2;1;2;1
202000037441;154 676 575;7;0;2;4;9;1
202000037441;154 676 576;7;0;2;1;9;1
202000037442;154 676 573;10;0;2;4;1;1
202000037442;154 676 574;7;0;2;1;14;1
202000037443;154 676 567;7;0;2;4;1;1
202000037443;154 676 568;7;0;2;4;1;1
202000037443;154 676 569;7;0;2;4;1;1
202000037443;154 676 570;7;0;2;4;1;1
202000037443;154 676 571;7;0;2;4;1;1
202000037443;154 676 572;7;0;2;1;2;1
202000037444;154 676 566;7;3;0;1;13;1
202000037445;154 676 565;7;4;0;1;13;1
202000037446;154 676 564;7;3;0;2;14;1
202000037447;154 676 563;7;0;0;1;1;1
202000037448;154 676 562;7;0;0;1;1;0
202000037449;154 676 595;42;0;2;7;2;1
202000037449;154 676 598;33;0;2;3;18;1
202000037450;154 676 600;1;0;2;1;1;5
202000037450;154 676 603;7;0;2;1;15;1
202000037451;154 676 601;7;0;2;4;1;1
202000037451;154 676 602;7;0;2;4;1;1
202000037451;154 676 605;7;0;2;1;1;1
202000037452;154 676 561;7;4;0;1;0;1
202000037453;154 676 557;7;4;0;2;9;1
202000037454;154 676 556;7;0;2;5;12;1
202000037454;154 676 558;33;0;2;1;3;1
202000037455;154 676 555;7;4;0;1;1;1
202000037456;154 676 551;10;0;2;4;1;1
202000037456;154 676 559;33;0;2;1;3;1
202000037457;154 676 549;50;0;2;8;19;3
202000037457;154 676 552;7;0;2;2;16;1
202000037458;154 676 548;7;3;0;8;1;1
202000037459;154 676 553;1;0;2;1;19;0
202000037459;154 676 560;16;0;2;2;2;1
202000037460;154 676 539;7;0;2;1;2;1
202000037460;154 676 540;2;0;2;4;15;1
202000037461;154 676 537;7;0;1;1;1;1
202000037462;154 676 535;7;0;2;1;2;1
202000037462;154 676 536;7;0;2;2;15;1
202000037463;154 676 538;7;0;2;1;2;1
202000037463;154 676 541;10;0;2;4;2;1
202000037463;154 676 542;10;0;2;4;2;1
202000037464;154 676 547;33;0;2;1;3;1
202000037464;154 676 550;33;0;2;1;5;1
202000037465;154 676 529;10;0;2;2;14;1
202000037465;154 676 532;10;0;2;6;1;1
202000037466;154 676 528;7;0;2;0;1;1
202000037466;154 676 530;32;0;2;0;1;1
202000037466;154 676 531;7;0;2;1;1;1
202000037467;154 676 525;10;0;2;1;2;1
202000037467;154 676 526;10;0;2;1;2;1
202000037467;154 676 527;7;0;2;4;2;1
202000037468;154 676 522;7;0;0;1;14;1
202000037469;154 676 523;7;0;2;3;1;1
202000037469;154 676 524;7;0;2;2;14;1
202000037470;154 676 519;7;0;2;1;2;1
202000037470;154 676 521;7;0;2;4;2;1
202000037471;154 676 516;7;0;2;3;1;1
202000037471;154 676 517;2;0;2;3;5;1
202000037472;154 676 543;7;0;1;2;1;1
202000037473;154 676 544;7;0;2;4;2;1
202000037473;154 676 545;7;0;2;4;2;1
202000037473;154 676 546;7;0;2;4;2;1
202000037473;154 676 554;7;0;2;1;2;1
202000037474;154 676 533;50;0;2;7;1;3
202000037474;154 676 534;7;0;2;1;9;1
202000037475;154 676 518;7;0;2;1;1;1
202000037475;154 676 520;7;0;2;4;2;1
202000037476;154 676 514;7;0;2;3;17;1
202000037476;154 676 515;33;0;2;1;17;1
202000037477;154 676 506;7;0;2;4;1;1
202000037477;154 676 507;7;0;2;3;1;1
202000037477;154 676 509;7;0;2;5;1;1
202000037477;154 676 510;33;0;2;8;3;1
202000037478;154 676 499;31;0;2;0;1;1
202000037478;154 676 500;7;0;2;0;0;1
202000037479;154 676 496;7;0;2;1;2;1
202000037479;154 676 497;7;0;2;1;2;1
202000037479;154 676 498;7;0;2;4;2;1
202000037480;154 676 494;31;0;2;7;3;1
202000037480;154 676 495;7;0;2;3;11;1
202000037481;154 676 492;10;0;2;5;0;1
202000037481;154 676 493;33;0;2;8;0;1
202000037482;154 676 490;7;0;2;4;1;1
202000037482;154 676 491;33;0;2;1;12;1
202000037483;154 676 489;7;3;0;1;0;1
202000037484;154 676 501;3;6;0;1;14;1
202000037485;154 676 504;1;0;2;8;15;5
202000037485;154 676 508;10;0;2;2;1;1
202000037486;154 676 486;7;0;2;4;2;1
202000037486;154 676 487;10;0;2;4;2;1
202000037486;154 676 488;7;0;2;1;2;1
202000037487;154 676 483;1;0;2;1;19;5
202000037487;154 676 484;7;0;9;0;0;1
202000037488;154 676 481;7;0;2;4;2;1
202000037488;154 676 482;10;0;2;1;2;1
202000037489;154 676 478;1;0;2;0;26;5
202000037489;154 676 479;7;0;0;3;1;1
202000037490;154 676 476;17;0;2;4;1;1
202000037490;154 676 477;10;0;2;1;2;1
202000037491;154 676 473;7;0;9;0;16;1
202000037491;154 676 475;80;0;0;0;26;3
202000037492;154 676 503;10;0;2;3;2;1
202000037492;154 676 511;7;0;2;4;2;1
202000037492;154 676 512;7;0;2;6;2;1
202000037492;154 676 513;7;0;2;2;2;1
202000037493;154 676 502;13;1;0;3;26;0
202000037493;154 676 505;50;0;2;3;26;3
202000037494;154 676 480;7;0;1;3;19;1
202000037495;154 676 472;13;0;2;2;1;1
202000037495;154 676 474;33;0;2;3;11;1
202000037496;154 676 470;1;0;2;8;1;0
202000037496;154 676 471;14;0;2;5;14;0
202000037497;154 676 462;2;0;2;7;0;1
202000037497;154 676 465;7;0;2;3;9;1
202000037498;154 676 463;37;0;2;1;1;1
202000037498;154 676 467;7;0;2;8;1;1
202000037499;154 676 464;31;0;2;2;3;1
202000037499;154 676 466;7;0;2;3;11;1
202000037500;154 676 459;10;0;2;1;1;0
202000037500;154 676 468;10;0;2;6;1;0
202000037501;154 676 457;1;0;2;1;9;6
202000037501;154 676 458;7;0;2;3;9;1
202000037502;154 676 453;7;4;0;1;17;1
202000037503;154 676 451;7;0;2;3;1;1
202000037503;154 676 455;7;0;2;1;1;1
202000037503;154 676 456;7;0;2;7;1;1
202000037504;154 676 452;7;0;2;8;1;1
202000037504;154 676 460;7;0;2;8;1;1
202000037504;154 676 461;7;0;2;7;13;1
202000037505;154 676 454;10;0;1;2;1;1
202000037506;154 676 448;33;13;0;0;17;1
202000037507;154 676 447;7;0;1;2;1;1
202000037508;154 676 445;7;0;2;1;1;1
202000037508;154 676 446;2;0;2;1;13;1
202000037509;154 676 443;30;0;2;0;0;1
202000037509;154 676 444;7;0;2;0;0;1
202000037510;154 676 440;2;0;2;0;0;1
202000037511;154 676 441;1;0;2;2;1;5
202000037511;154 676 442;1;0;2;1;1;5
202000037512;154 676 438;7;0;2;2;1;1
202000037512;154 676 439;7;0;2;6;23;1
202000037513;154 676 449;32;0;2;2;3;1
202000037513;154 676 450;7;0;2;6;11;1
202000037514;154 676 437;7;0;1;1;15;2
202000037515;154 676 434;7;0;2;2;2;1
202000037515;154 676 436;2;0;2;6;1;1
202000037516;154 676 433;7;0;2;8;13;1
202000037516;154 676 435;30;0;2;8;0;1
202000037517;154 676 427;32;0;2;0;1;0
202000037517;154 676 432;7;0;2;0;26;0
202000037518;154 676 425;30;0;2;1;2;1
202000037518;154 676 430;7;0;2;4;1;1
202000037519;154 676 423;7;0;2;5;12;0
202000037519;154 676 424;33;0;2;1;1;0
202000037520;154 676 426;7;13;0;1;14;1
202000037521;154 676 428;7;8;0;1;0;1
202000037522;154 676 429;50;0;2;7;19;3
202000037522;154 676 431;7;0;9;1;26;1
202000037523;154 676 420;33;0;2;1;1;0
202000037523;154 676 421;7;0;2;3;13;0
202000037524;154 676 419;7;0;2;3;9;1
202000037524;154 676 422;30;0;2;3;26;1
202000037525;154 676 410;7;0;2;8;0;1
202000037525;154 676 411;2;0;2;1;0;1
202000037526;154 676 408;10;0;2;6;10;1
202000037526;154 676 409;32;4;2;1;3;1
202000037527;154 676 413;1;0;2;1;5;5
202000037527;154 676 415;7;0;2;2;19;1
202000037528;154 676 416;32;0;2;1;19;1
202000037528;154 676 418;10;0;2;7;1;1
202000037529;154 676 402;7;0;1;0;1;1
202000037530;154 676 404;1;1;0;1;1;5
202000037530;154 676 406;7;0;2;4;23;1
202000037531;154 676 400;1;0;2;9;1;5
202000037531;154 676 405;7;0;2;1;1;1
202000037532;154 676 396;7;4;0;1;1;1
202000037533;154 676 397;1;0;2;8;19;5
202000037533;154 676 399;33;0;2;1;1;1
202000037534;154 676 403;7;0;2;2;1;0
202000037534;154 676 412;1;0;2;1;1;6
202000037535;154 676 401;7;0;2;1;26;1
202000037535;154 676 407;7;0;2;1;26;1
202000037536;154 676 395;7;0;2;4;9;1
202000037536;154 676 398;33;0;2;1;26;1
202000037537;154 676 390;7;0;2;3;1;1
202000037537;154 676 392;10;0;2;5;11;1
202000037537;154 676 393;33;0;2;3;21;1
202000037538;154 676 389;10;0;2;8;11;1
202000037538;154 676 391;33;0;2;7;1;1
202000037539;154 676 387;7;0;2;6;19;1
202000037539;154 676 388;2;0;2;1;1;1
202000037540;154 676 385;34;1;2;1;2;1
202000037540;154 676 394;7;0;0;2;0;1
202000037541;154 676 384;7;0;1;1;1;1
202000037542;154 676 378;1;12;0;0;1;5
202000037543;154 676 377;7;0;1;3;1;1
202000037544;154 676 376;7;0;1;1;1;1
202000037545;154 676 375;7;5;0;1;1;1
202000037546;154 676 374;7;0;1;1;1;1
202000037547;154 676 372;7;0;2;7;17;1
202000037547;154 676 373;7;0;2;8;1;1
202000037548;154 676 382;30;0;1;1;1;0
202000037549;154 676 383;7;0;9;2;14;6
202000037550;154 676 370;2;0;1;1;1;1
202000037551;154 676 369;10;0;9;0;9;1
202000037551;154 676 371;1;0;2;0;1;5
202000037552;154 676 367;37;0;2;3;1;1
202000037552;154 676 368;7;0;2;2;1;1
202000037553;154 676 366;7;0;1;2;1;1
202000037554;154 676 364;7;0;1;1;15;1
202000037555;154 676 365;7;9;1;1;16;0
202000037556;154 676 379;7;0;2;3;15;1
202000037556;154 676 386;33;2;2;2;17;1
202000037557;154 676 380;7;0;2;3;15;1
202000037557;154 676 381;34;0;2;1;2;1
202000037558;154 676 361;7;2;2;2;1;1
202000037558;154 676 363;7;0;2;1;1;1
202000037559;154 676 359;7;0;2;3;13;1
202000037559;154 676 360;7;0;2;3;1;1
202000037560;154 676 356;7;0;2;4;2;1
202000037560;154 676 357;7;0;2;4;2;1
202000037560;154 676 358;7;0;2;1;2;1
202000037561;154 676 351;99;0;0;0;26;5
202000037562;154 676 349;7;0;0;0;0;1
202000037562;154 676 352;7;0;1;1;2;1
202000037563;154 676 348;50;0;2;1;1;3
202000037563;154 676 353;7;0;2;3;25;1
202000037564;154 676 347;10;0;1;1;26;0
202000037565;154 676 346;7;0;1;7;17;1
202000037566;154 676 344;2;0;2;1;1;1
202000037566;154 676 345;7;0;2;2;26;1
202000037567;154 676 339;7;0;2;3;0;1
202000037567;154 676 340;7;0;2;3;15;1
202000037568;154 676 338;7;0;2;4;4;1
202000037568;154 676 341;7;0;2;1;1;1
202000037569;154 676 342;31;0;2;3;1;1
202000037569;154 676 343;7;0;2;1;15;1
202000037570;154 676 350;7;0;2;1;15;1
202000037570;154 676 355;2;0;2;2;17;1
202000037571;154 676 354;7;0;2;8;11;1
202000037571;154 676 362;33;0;2;2;2;1
202000037572;154 676 335;10;1;0;6;24;1
202000037572;154 676 337;32;0;2;1;2;1
202000037573;154 676 336;7;0;1;3;1;1
202000037574;154 676 326;7;0;2;4;2;1
202000037574;154 676 328;33;0;2;1;2;1
202000037575;154 676 325;2;0;2;0;0;1
202000037575;154 676 327;7;0;2;1;1;1
202000037576;154 676 329;7;0;2;4;2;1
202000037576;154 676 330;7;0;2;3;2;1
202000037577;154 676 331;7;0;2;6;15;1
202000037577;154 676 332;33;0;2;7;1;1
202000037578;154 676 323;31;0;2;1;1;1
202000037578;154 676 324;10;0;2;3;1;1
202000037579;154 676 322;7;0;1;3;1;1
202000037580;154 676 321;2;0;1;1;25;1
202000037581;154 676 333;15;0;2;3;1;1
202000037581;154 676 334;33;0;2;0;0;1
202000037582;154 676 319;7;0;1;1;1;1
202000037583;154 676 317;32;0;2;1;11;1
202000037583;154 676 318;7;0;2;3;1;1
202000037584;154 676 313;7;0;1;1;15;1
202000037585;154 676 312;7;0;2;4;0;1
202000037585;154 676 314;7;0;2;4;0;1
202000037585;154 676 315;7;0;2;4;0;1
202000037585;154 676 316;7;0;2;1;21;1
202000037586;154 676 310;1;0;2;1;1;5
202000037586;154 676 311;1;0;2;1;1;5
202000037587;154 676 308;32;0;2;1;15;1
202000037587;154 676 309;33;0;2;4;2;1
202000037588;154 676 306;32;0;2;7;17;1
202000037588;154 676 307;7;0;2;3;17;1
202000037589;154 676 303;1;0;0;0;0;5
202000037590;154 676 301;34;0;0;7;26;1
202000037591;154 676 302;7;0;9;2;1;1
202000037591;154 676 320;3;0;2;1;19;0
202000037592;154 676 299;14;0;2;1;1;1
202000037592;154 676 300;15;0;2;2;15;1
202000037593;154 676 296;7;0;2;1;1;1
202000037593;154 676 298;7;0;2;1;13;1
202000037594;154 676 293;7;0;1;3;15;1
202000037595;154 676 291;43;0;2;4;1;1
202000037595;154 676 292;7;0;2;6;2;1
202000037596;154 676 288;7;3;2;1;17;1
202000037596;154 676 289;7;3;2;1;0;1
202000037596;154 676 290;7;0;0;0;0;1
202000037597;154 676 286;7;0;2;2;0;1
202000037597;154 676 287;7;0;2;8;0;1
202000037598;154 676 285;30;0;0;0;23;1
202000037599;154 676 283;31;0;2;0;1;3
202000037599;154 676 284;7;0;0;0;11;1
202000037600;154 676 281;7;0;2;2;2;1
202000037600;154 676 282;33;0;2;1;1;1
202000037601;154 676 280;33;0;0;0;1;1
202000037602;154 676 278;33;0;2;1;3;1
202000037602;154 676 279;10;0;2;8;9;1
202000037603;154 676 276;7;0;2;2;1;1
202000037603;154 676 277;7;3;2;3;1;1
202000037604;154 676 295;7;0;0;0;23;1
202000037604;154 676 297;7;14;0;4;2;1
202000037605;154 676 304;2;8;0;0;0;0
202000037605;154 676 305;7;8;0;6;26;1
202000037606;154 676 273;7;0;2;1;1;1
202000037606;154 676 275;80;0;2;1;1;3
202000037607;154 676 271;32;0;0;0;21;1
202000037608;154 676 270;10;0;2;1;9;1
202000037608;154 676 294;1;0;2;7;1;5
202000037609;154 676 269;50;0;2;1;1;3
202000037609;154 676 274;7;0;2;2;16;1
202000037610;154 676 266;7;0;2;4;23;1
202000037610;154 676 267;7;0;2;1;2;1
202000037611;154 676 268;10;0;2;1;1;1
202000037611;154 676 272;7;0;2;4;1;1
202000037612;154 676 260;7;0;0;3;23;1
202000037612;154 676 261;7;2;2;9;17;1
202000037613;154 676 258;2;0;2;1;1;1
202000037613;154 676 259;7;0;0;7;15;1
202000037614;154 676 257;7;0;0;1;1;1
202000037615;154 676 253;32;0;1;1;1;1
202000037616;154 676 254;7;0;2;1;5;1
202000037616;154 676 256;7;0;2;1;1;1
202000037617;154 676 250;7;0;2;1;1;1
202000037617;154 676 255;7;0;2;5;1;1
202000037618;154 676 251;2;0;2;1;1;1
202000037618;154 676 263;10;0;2;2;16;1
202000037619;154 676 252;2;0;2;3;0;1
202000037619;154 676 262;7;0;2;2;26;1
202000037620;154 676 248;7;0;2;0;15;1
202000037620;154 676 249;30;0;2;0;1;1
202000037621;154 676 244;34;0;2;7;1;1
202000037621;154 676 246;7;0;2;1;26;1
202000037622;154 676 245;10;0;2;4;4;1
202000037622;154 676 247;2;0;2;1;23;1
202000037623;154 676 242;7;0;2;2;1;1
202000037623;154 676 243;7;0;2;3;15;1
202000037624;154 676 241;7;0;1;1;1;1
202000037625;154 676 237;1;0;2;8;1;5
202000037625;154 676 240;7;0;2;1;15;1
202000037626;154 676 236;1;0;2;4;1;5
202000037626;154 676 239;7;0;2;2;1;1
202000037627;154 676 235;7;0;2;8;22;1
202000037627;154 676 238;80;0;2;7;1;3
202000037628;154 676 231;1;0;2;2;1;0
202000037628;154 676 233;7;0;2;1;9;1
202000037629;154 676 230;2;0;2;2;1;1
202000037629;154 676 232;7;0;2;1;1;1
202000037630;154 676 228;33;14;0;7;13;1
202000037631;154 676 226;7;0;1;1;2;1
202000037632;154 676 225;10;0;2;4;1;1
202000037632;154 676 234;1;0;2;1;1;5
202000037633;154 676 224;7;0;2;2;15;1
202000037633;154 676 227;7;0;2;1;2;1
202000037634;154 676 221;7;0;1;8;9;1
202000037635;154 676 219;2;0;2;4;0;3
202000037635;154 676 222;7;0;2;2;9;1
202000037636;154 676 220;7;0;2;3;15;2
202000037636;154 676 223;32;0;2;1;1;1
202000037637;154 676 229;7;0;1;1;1;1
202000037638;154 676 218;7;0;1;3;1;1
202000037639;154 676 212;33;0;2;1;1;1
202000037639;154 676 213;7;0;2;1;15;1
202000037640;154 676 210;31;0;2;1;1;1
202000037640;154 676 211;7;0;2;2;15;1
202000037641;154 676 208;7;0;2;8;1;1
202000037641;154 676 209;10;0;2;1;15;1