Num_Acc;id_vehicule;catv;obs;obsm;choc;manv;motor
202000038696;154 674 350;7;0;2;4;2;1
202000038697;154 674 347;33;0;2;1;3;1
202000038697;154 674 348;10;0;2;5;12;1
202000038698;154 674 346;33;0;2;8;1;1
202000038699;154 674 343;33;0;2;4;1;1
202000038699;154 674 344;33;0;2;3;3;0
202000038699;154 674 345;7;0;2;8;1;1
202000038700;154 674 341;10;0;2;6;1;1
202000038700;154 674 342;34;0;2;2;3;1
202000038701;154 674 338;7;0;2;3;1;1
202000038701;154 674 340;33;0;2;2;3;1
202000038702;154 674 337;1;0;2;1;1;5
202000038702;154 674 339;7;0;2;3;1;1
202000038703;154 674 335;7;0;0;0;12;1
202000038703;154 674 336;32;0;2;3;1;1
202000038704;154 674 333;10;0;2;4;0;1
202000038704;154 674 334;32;0;2;1;0;1
202000038705;154 674 332;31;0;1;1;1;1
202000038706;154 674 330;33;0;2;3;2;1
202000038706;154 674 331;7;0;2;2;12;1
202000038707;154 674 329;7;1;1;1;1;6
202000038708;154 674 328;7;3;0;1;14;1
202000038709;154 674 326;60;0;2;8;19;5
202000038709;154 674 327;7;0;2;1;1;1
202000038710;154 674 325;7;4;0;3;13;1
202000038711;154 674 324;32;1;0;1;13;1
202000038712;154 674 322;10;0;2;5;14;1
202000038712;154 674 323;43;0;2;3;3;1
202000038713;154 674 320;7;0;2;6;23;1
202000038713;154 674 321;7;0;2;2;2;1
202000038714;154 674 316;2;0;2;2;17;1
202000038714;154 674 318;7;0;2;3;13;1
202000038715;154 674 315;7;0;2;3;11;1
202000038715;154 674 317;17;0;2;2;1;1
202000038715;154 674 319;33;0;2;1;1;1
202000038716;154 674 314;37;0;1;2;7;1
202000038717;154 674 313;33;0;0;7;3;1
202000038718;154 674 312;33;0;9;7;1;1
202000038719;154 674 311;32;0;0;7;1;1
202000038720;154 674 309;33;0;2;7;1;1
202000038720;154 674 310;7;0;2;8;11;1
202000038721;154 674 304;10;0;2;7;11;1
202000038721;154 674 305;14;0;2;7;12;1
202000038721;154 674 306;7;0;2;8;1;1
202000038722;154 674 307;7;0;2;3;10;1
202000038722;154 674 308;1;0;2;1;1;5
202000038723;154 674 301;33;0;2;4;1;1
202000038723;154 674 303;7;0;2;6;1;1
202000038724;154 674 300;7;0;2;0;22;1
202000038724;154 674 302;1;0;2;0;1;5
202000038725;154 674 298;7;0;2;8;1;0
202000038725;154 674 299;14;0;2;2;12;0
202000038726;154 674 297;7;0;1;3;15;2
202000038727;154 674 295;33;4;2;8;3;1
202000038727;154 674 296;7;0;2;4;1;1
202000038728;154 674 293;7;11;2;1;17;1
202000038728;154 674 294;32;0;2;6;23;3
202000038729;154 674 290;7;0;2;1;15;1
202000038729;154 674 291;1;0;2;0;0;5
202000038730;154 674 288;7;0;2;2;1;1
202000038730;154 674 289;7;0;2;3;15;1
202000038731;154 674 287;32;0;0;0;26;1
202000038732;154 674 285;1;0;2;1;9;5
202000038732;154 674 286;7;0;2;6;26;1
202000038733;154 674 284;7;0;1;3;1;1
202000038734;154 674 281;7;0;2;3;1;1
202000038734;154 674 283;7;0;2;2;15;1
202000038735;154 674 282;10;12;0;1;1;1
202000038736;154 674 279;80;0;2;1;1;3
202000038736;154 674 280;7;0;2;3;9;1
202000038737;154 674 276;7;0;1;3;1;1
202000038738;154 674 277;7;0;2;7;15;1
202000038738;154 674 278;31;0;2;1;1;1
202000038739;154 674 275;7;0;1;3;17;0
202000038740;154 674 274;7;2;0;1;1;0
202000038741;154 674 272;7;0;2;3;20;1
202000038741;154 674 273;2;0;2;1;1;1
202000038742;154 674 270;7;0;1;2;20;1
202000038743;154 674 266;30;8;0;9;26;1
202000038744;154 674 267;32;11;0;7;1;1
202000038745;154 674 263;32;0;2;0;2;1
202000038745;154 674 265;7;0;2;5;2;1
202000038746;154 674 264;10;0;1;1;1;1
202000038747;154 674 261;32;0;2;1;1;1
202000038747;154 674 262;7;0;2;3;15;1
202000038748;154 674 260;7;0;1;3;26;0
202000038749;154 674 259;3;15;0;1;14;1
202000038750;154 674 257;0;0;2;3;2;0
202000038750;154 674 258;30;0;2;1;2;0
202000038751;154 674 256;7;0;1;2;1;1
202000038752;154 674 252;10;0;2;3;26;1
202000038752;154 674 254;2;0;2;1;1;1
202000038753;154 674 253;7;0;2;1;1;1
202000038753;154 674 255;10;0;2;7;15;1
202000038754;154 674 251;10;0;1;1;1;1
202000038755;154 674 247;33;0;2;7;17;1
202000038755;154 674 249;7;0;2;3;15;1
202000038756;154 674 246;7;0;2;8;1;1
202000038756;154 674 248;33;0;2;0;17;1
202000038756;154 674 250;7;0;2;3;1;1
202000038757;154 674 243;7;0;2;1;2;1
202000038757;154 674 245;7;0;2;4;1;1
202000038758;154 674 244;33;3;0;0;1;1
202000038759;154 674 240;2;0;2;1;13;1
202000038759;154 674 242;7;0;2;3;1;1
202000038760;154 674 239;7;0;2;3;15;1
202000038760;154 674 241;7;0;2;2;1;1
202000038761;154 674 238;7;2;0;1;16;1
202000038762;154 674 236;80;0;2;4;1;3
202000038762;154 674 237;7;0;2;1;9;1
202000038763;154 674 234;2;0;2;3;15;1
202000038763;154 674 235;7;0;2;2;17;1
202000038764;154 674 232;1;0;2;0;26;5
202000038764;154 674 233;7;0;2;3;1;0
202000038765;154 674 228;20;0;2;1;16;6
202000038765;154 674 230;60;0;2;0;0;5
202000038766;154 674 227;7;6;0;4;16;0
202000038766;154 674 229;7;0;2;1;2;0
202000038767;154 674 226;7;0;1;2;1;1
202000038768;154 674 222;7;0;2;8;1;1
202000038768;154 674 224;7;0;2;3;13;1
202000038769;154 674 220;7;0;1;4;23;1
202000038769;154 674 221;7;0;2;1;2;1
202000038770;154 674 219;7;0;2;3;1;0
202000038770;154 674 223;7;11;2;1;6;0
202000038771;154 674 216;7;0;2;8;1;1
202000038771;154 674 218;1;0;2;1;19;2
202000038772;154 674 214;10;0;2;1;1;1
202000038772;154 674 215;7;0;2;3;17;1
202000038772;154 674 217;7;0;2;3;1;1
202000038773;154 674 213;10;0;1;1;1;1
202000038774;154 674 212;7;13;0;1;1;1
202000038775;154 674 210;7;0;2;3;15;1
202000038775;154 674 211;2;0;2;1;1;1
202000038776;154 674 209;7;13;0;1;0;1
202000038777;154 674 208;33;4;0;7;1;0
202000038778;154 674 207;7;0;0;0;1;1
202000038779;154 674 206;7;0;1;1;1;1
202000038780;154 674 203;7;0;2;3;17;0
202000038780;154 674 205;7;0;2;4;26;1
202000038781;154 674 202;10;0;0;2;15;1
202000038781;154 674 204;33;0;2;2;1;1
202000038782;154 674 200;7;0;2;5;15;1
202000038782;154 674 201;2;0;2;3;1;1
202000038783;154 674 198;1;0;2;1;16;5
202000038783;154 674 199;7;0;2;5;15;1
202000038784;154 674 197;7;0;1;1;20;1
202000038785;154 674 196;1;0;1;7;25;5
202000038786;154 674 193;7;8;2;1;17;1
202000038786;154 674 194;7;0;2;6;19;1
202000038787;154 674 192;7;0;1;2;26;1
202000038788;154 674 190;31;0;2;8;26;1
202000038788;154 674 191;7;0;2;6;0;1
202000038789;154 674 188;1;0;2;1;1;5
202000038789;154 674 189;7;0;2;0;15;1
202000038790;154 674 186;1;0;2;1;26;5
202000038790;154 674 187;7;0;2;3;15;1
202000038791;154 674 184;30;0;2;3;18;1
202000038791;154 674 185;7;0;2;2;16;1
202000038792;154 674 182;33;0;2;4;1;1
202000038792;154 674 183;7;0;2;1;1;1
202000038793;154 674 180;7;0;2;1;9;1
202000038793;154 674 181;30;0;2;1;17;0
202000038794;154 674 178;7;0;2;3;13;1
202000038794;154 674 179;10;0;2;3;1;1
202000038795;154 674 177;7;2;0;1;9;1
202000038796;154 674 175;7;9;2;1;13;1
202000038796;154 674 176;30;0;2;1;1;1
202000038797;154 674 173;2;0;2;5;1;1
202000038797;154 674 174;7;0;2;3;9;1
202000038798;154 674 172;10;0;1;3;1;1
202000038799;154 674 171;7;0;1;3;26;1
202000038800;154 674 169;7;0;2;1;1;1
202000038800;154 674 170;7;0;2;4;1;1
202000038801;154 674 167;7;0;2;2;5;0
202000038801;154 674 168;2;0;2;3;1;1
202000038802;154 674 165;31;0;0;0;15;1
202000038802;154 674 166;0;0;0;0;0;0
202000038803;154 674 161;7;0;2;1;2;1
202000038803;154 674 162;7;0;2;1;2;1
202000038803;154 674 163;10;0;2;4;2;1
202000038803;154 674 164;7;0;2;1;2;1
202000038804;154 674 158;7;0;2;8;23;1
202000038804;154 674 159;10;0;2;5;23;1
202000038804;154 674 160;32;1;2;7;3;1
202000038805;154 674 157;32;14;0;0;17;1
202000038806;154 674 155;7;0;2;8;1;1
202000038806;154 674 156;15;0;2;2;12;1
202000038807;154 674 152;7;0;2;5;1;1
202000038807;154 674 153;33;0;2;2;3;1
202000038807;154 674 154;7;0;2;6;1;1
202000038808;154 674 151;10;0;1;1;16;1
202000038809;154 674 149;33;0;2;2;17;1
202000038809;154 674 150;10;0;2;3;13;1
202000038810;154 674 148;30;0;1;1;1;1
202000038811;154 674 146;7;0;2;1;15;1
202000038811;154 674 147;31;0;2;1;1;1
202000038812;154 674 145;33;0;1;1;1;1
202000038813;154 674 144;10;0;1;3;1;3
202000038814;154 674 142;7;0;2;1;10;1
202000038814;154 674 143;7;0;2;1;7;1
202000038815;154 674 141;7;0;1;1;15;1
202000038816;154 674 139;7;0;2;6;15;1
202000038816;154 674 140;1;0;2;1;1;5
202000038817;154 674 137;7;0;2;3;1;1
202000038817;154 674 138;32;0;2;6;17;1
202000038818;154 674 135;1;0;2;1;19;5
202000038818;154 674 136;30;0;2;1;1;1
202000038819;154 674 133;50;0;2;7;1;3
202000038819;154 674 134;7;0;2;2;1;1
202000038820;154 674 131;30;0;2;8;18;1
202000038820;154 674 132;13;0;2;2;16;1
202000038821;154 674 130;7;0;1;3;16;1
202000038822;154 674 128;33;0;2;1;1;1
202000038822;154 674 129;1;0;2;8;19;5
202000038823;154 674 127;50;0;1;1;1;3
202000038824;154 674 125;7;0;2;2;0;0
202000038824;154 674 126;1;0;2;3;1;5
202000038825;154 674 123;7;0;2;1;15;1
202000038825;154 674 124;33;0;2;8;1;1
202000038826;154 674 121;7;0;2;4;0;1
202000038826;154 674 122;31;0;2;1;2;1
202000038827;154 674 120;10;1;0;5;1;1
202000038828;154 674 119;7;0;1;2;15;1
202000038829;154 674 117;3;0;2;2;1;1
202000038829;154 674 118;7;0;2;3;15;1
202000038830;154 674 116;7;0;1;1;15;1
202000038831;154 674 114;7;0;1;2;10;1
202000038831;154 674 115;32;0;2;3;26;0
202000038832;154 674 113;10;0;1;1;1;0
202000038833;154 674 112;7;0;1;3;1;3
202000038834;154 674 111;7;0;1;1;1;0
202000038835;154 674 109;7;0;2;2;9;1
202000038835;154 674 110;7;0;2;1;1;1
202000038836;154 674 107;32;0;2;5;17;1
202000038836;154 674 108;7;0;2;3;15;1
202000038837;154 674 106;7;0;1;0;16;0
202000038838;154 674 101;32;0;2;1;1;1
202000038838;154 674 102;7;0;2;1;10;1
202000038839;154 674 100;7;0;1;3;1;1
202000038840;154 674 099;30;14;0;1;0;1
202000038841;154 674 097;30;0;2;3;21;1
202000038841;154 674 098;7;0;2;3;1;1
202000038842;154 674 096;7;0;1;1;9;1
202000038843;154 674 095;7;0;1;1;16;1
202000038844;154 674 092;7;0;2;1;1;1
202000038844;154 674 093;7;0;2;3;1;1
202000038844;154 674 094;7;0;2;1;19;1
202000038845;154 674 091;7;5;0;3;2;0
202000038846;154 674 089;17;0;2;1;1;1
202000038846;154 674 090;7;0;2;7;13;1
202000038847;154 674 088;33;14;0;1;17;1
202000038848;154 674 086;7;0;2;1;1;1
202000038848;154 674 087;1;0;0;4;15;0
202000038849;154 674 085;7;2;0;3;1;1
202000038850;154 674 083;7;0;2;2;1;1
202000038850;154 674 084;7;0;2;1;1;1
202000038851;154 674 080;7;7;0;9;1;1
202000038852;154 674 079;7;0;1;3;9;1
202000038853;154 674 077;7;0;2;8;19;1
202000038853;154 674 078;7;0;2;1;2;1
202000038854;154 674 074;7;0;2;3;11;1
202000038854;154 674 075;7;0;2;1;2;1
202000038854;154 674 076;15;0;2;3;13;0
202000038855;154 674 073;7;0;1;1;1;0
202000038856;154 674 072;7;2;0;0;1;1
202000038857;154 674 068;10;13;0;7;1;1
202000038857;154 674 069;7;14;0;1;1;1
202000038857;154 674 070;7;0;2;1;1;1
202000038857;154 674 071;10;0;2;3;1;1
202000038858;154 674 067;7;2;0;2;1;1
202000038859;154 674 065;7;0;2;2;2;1
202000038859;154 674 066;7;0;0;6;1;1
202000038860;154 674 064;7;6;0;1;1;0
202000038861;154 674 063;33;0;0;0;17;1
202000038862;154 674 060;10;0;2;1;1;1
202000038862;154 674 061;7;0;2;4;15;1
202000038862;154 674 062;7;0;2;1;1;1
202000038863;154 674 058;7;0;0;3;15;1
202000038863;154 674 059;2;0;0;3;17;1
202000038864;154 674 057;7;2;0;7;1;1
202000038865;154 674 055;7;0;2;1;1;1
202000038865;154 674 056;7;0;0;8;13;1
202000038866;154 674 054;7;0;1;7;1;1
202000038867;154 674 053;7;13;0;0;1;0
202000038868;154 674 051;7;0;2;1;1;6
202000038868;154 674 052;7;0;2;1;13;6
202000038869;154 674 050;7;2;0;1;1;1
202000038870;154 674 049;7;6;0;1;1;1
202000038871;154 674 047;7;3;0;6;1;1
202000038871;154 674 048;7;0;2;2;0;1
202000038872;154 674 044;7;0;2;6;11;1
202000038872;154 674 045;7;0;2;2;1;1
202000038872;154 674 046;17;0;2;8;1;1
202000038873;154 674 042;2;0;2;1;1;1
202000038873;154 674 043;7;0;2;5;15;1
202000038874;154 674 041;7;0;1;2;1;1
202000038875;154 674 040;33;3;0;1;1;1
202000038876;154 674 038;31;0;2;1;13;0
202000038876;154 674 039;7;0;2;1;1;0
202000038877;154 674 034;7;0;2;1;13;1
202000038877;154 674 035;15;0;2;1;1;1
202000038878;154 674 030;10;0;2;3;2;1
202000038878;154 674 031;7;0;2;7;2;1
202000038878;154 674 032;7;0;2;2;1;1
202000038878;154 674 033;15;0;2;6;2;1
202000038879;154 674 028;33;0;2;1;2;1
202000038879;154 674 029;7;0;2;4;2;1
202000038880;154 674 027;34;0;0;3;2;1
202000038881;154 674 025;7;0;2;2;1;1
202000038881;154 674 026;7;0;2;6;9;1
202000038882;154 674 024;7;13;0;1;1;1
202000038883;154 674 021;7;0;2;4;2;1
202000038883;154 674 022;7;0;2;4;2;1
202000038883;154 674 023;7;0;2;1;2;1
202000038884;154 674 019;33;0;2;9;3;1
202000038884;154 674 020;10;0;0;7;12;1
202000038885;154 674 015;7;0;2;7;1;1
202000038885;154 674 016;10;0;2;1;1;1
202000038885;154 674 017;34;0;2;4;2;1
202000038885;154 674 018;7;0;2;4;1;1
202000038886;154 674 012;0;0;2;1;2;0
202000038886;154 674 013;7;0;2;1;2;1
202000038886;154 674 014;33;0;2;4;2;1
202000038887;154 674 010;1;0;2;1;1;5
202000038887;154 674 011;1;0;2;4;1;5
202000038888;154 674 009;30;0;1;1;19;1
202000038889;154 674 007;10;0;2;8;15;1
202000038889;154 674 008;30;0;2;7;17;1
202000038890;154 674 006;31;0;2;8;26;1
202000038891;154 674 005;30;0;9;1;26;1
202000038892;154 674 003;39;0;2;1;1;3
202000038892;154 674 004;31;0;4;7;1;1
202000038893;154 674 002;10;0;1;2;13;1
202000038894;154 674 000;7;0;0;6;0;1
202000038894;154 674 001;1;0;2;1;17;0
202000038895;154 673 998;7;0;2;1;2;1
202000038895;154 673 999;10;0;0;4;1;1
202000038896;154 673 997;99;0;1;1;0;1
202000038897;154 673 995;1;0;2;1;1;5
202000038897;154 673 996;7;0;2;2;16;1
202000038898;154 673 993;1;0;2;4;9;5
202000038898;154 673 994;7;0;2;0;0;0
202000038899;154 673 992;7;1;0;1;1;1
202000038900;154 673 990;7;0;2;1;9;1
202000038900;154 673 991;2;0;2;2;1;1
202000038901;154 673 988;33;0;2;1;1;-1
202000038901;154 673 989;7;0;2;4;1;-1
202000038902;154 673 986;7;0;2;2;15;1
202000038902;154 673 987;7;0;2;1;1;1
202000038903;154 673 984;7;0;2;2;17;1
202000038903;154 673 985;30;0;2;8;13;1
202000038904;154 673 982;1;0;2;5;19;6
202000038904;154 673 983;33;0;2;1;1;1
202000038905;154 673 979;7;0;2;3;1;1
202000038905;154 673 980;31;0;2;1;17;0
202000038905;154 673 981;7;0;0;0;1;0
202000038906;154 673 977;32;0;2;1;26;1
202000038906;154 673 978;7;0;2;2;19;1
202000038907;154 673 976;30;1;0;2;14;1
202000038908;154 673 975;7;4;0;0;1;1
202000038909;154 673 973;33;0;2;1;1;1
202000038909;154 673 974;7;0;2;6;10;1
202000038910;154 673 971;1;0;2;1;1;5
202000038910;154 673 972;7;0;2;3;15;1
202000038911;154 673 969;10;0;9;2;1;1
202000038911;154 673 970;1;0;2;8;13;5
202000038912;154 673 967;7;0;2;5;26;6
202000038912;154 673 968;33;0;2;1;0;6
202000038913;154 673 965;2;0;2;1;1;1
202000038913;154 673 966;7;0;2;2;20;1
202000038914;154 673 963;10;0;2;2;15;1
202000038914;154 673 964;33;0;2;1;2;1
202000038915;154 673 961;7;0;2;2;15;0
202000038915;154 673 962;33;0;2;1;1;1
202000038916;154 673 959;7;0;2;1;13;1
202000038916;154 673 960;7;0;2;1;1;1
202000038917;154 673 957;7;0;2;6;1;1
202000038917;154 673 958;7;0;2;1;0;1
202000038918;154 673 956;7;0;1;3;1;1
202000038919;154 673 954;7;0;2;4;0;1
202000038919;154 673 955;7;0;2;1;0;1
202000038920;154 673 952;7;0;2;3;0;1
202000038920;154 673 953;7;0;2;1;0;1
202000038921;154 673 950;7;0;2;1;1;1
202000038921;154 673 951;7;0;2;1;9;1
202000038922;154 673 949;7;1;0;3;1;1
202000038923;154 673 948;30;12;0;1;1;0
202000038924;154 673 946;7;0;2;8;10;1
202000038924;154 673 947;34;0;2;1;1;1
202000038925;154 673 944;33;0;2;2;11;1
202000038925;154 673 945;10;0;2;8;13;1
202000038926;154 673 942;7;0;2;1;1;1
202000038926;154 673 943;1;0;2;4;1;5
202000038927;154 673 941;7;0;1;1;15;1
202000038928;154 673 939;7;0;2;6;1;1
202000038928;154 673 940;33;0;2;1;14;1
202000038929;154 673 938;7;5;0;1;1;1
202000038930;154 673 936;7;0;2;2;1;1
202000038930;154 673 937;30;0;2;1;1;1
202000038931;154 673 934;1;0;2;1;1;5
202000038931;154 673 935;7;0;2;1;15;1
202000038932;154 673 932;7;0;2;1;1;1
202000038932;154 673 933;7;0;2;4;1;1
202000038933;154 673 931;1;0;1;0;1;5
202000038934;154 673 929;7;0;2;3;1;1
202000038934;154 673 930;7;0;2;3;13;1
202000038935;154 673 928;1;0;0;0;26;5
202000038936;154 673 925;1;0;2;1;1;5
202000038936;154 673 926;7;0;2;1;15;1
202000038937;154 673 923;7;0;2;3;15;0
202000038937;154 673 924;2;8;2;3;1;0
202000038938;154 673 922;7;1;1;1;17;1
202000038939;154 673 920;7;0;2;2;1;1
202000038939;154 673 921;1;0;0;4;1;5
202000038940;154 673 919;37;0;0;0;26;0
202000038941;154 673 918;99;0;0;0;1;5
202000038942;154 673 916;99;0;0;0;0;3
202000038942;154 673 917;7;0;2;0;0;0
202000038943;154 673 914;1;0;2;0;16;0
202000038943;154 673 915;10;0;2;7;15;1
202000038944;154 673 912;10;0;2;2;15;1
202000038944;154 673 913;32;0;2;1;1;1
202000038945;154 673 910;15;0;2;2;9;1
202000038945;154 673 911;7;0;2;8;9;1
202000038946;154 673 908;33;0;2;7;2;1
202000038946;154 673 909;10;0;2;8;2;1
202000038947;154 673 905;10;0;2;4;0;1
202000038947;154 673 906;20;0;9;9;0;1
202000038947;154 673 907;10;0;0;0;0;1
202000038948;154 673 903;7;0;2;2;2;1
202000038948;154 673 904;7;0;2;6;26;1
202000038949;154 673 901;7;0;2;2;17;0
202000038949;154 673 902;7;8;2;9;15;1
202000038950;154 673 900;7;0;1;1;15;1
202000038951;154 673 898;10;9;2;5;23;1
202000038951;154 673 899;30;0;2;1;1;1
202000038952;154 673 897;10;0;1;3;15;1
202000038953;154 673 896;32;0;1;8;17;1
202000038954;154 673 894;1;0;2;1;1;5
202000038954;154 673 895;7;0;2;3;13;0
202000038955;154 673 892;32;0;2;3;1;1
202000038955;154 673 893;7;0;2;1;15;2
202000038956;154 673 891;7;0;1;0;2;1
202000038957;154 673 889;30;0;2;8;15;3
202000038957;154 673 890;7;0;2;2;1;1
202000038958;154 673 887;43;0;2;8;5;1
202000038958;154 673 888;43;0;2;1;1;1
202000038959;154 673 885;7;1;2;3;13;1
202000038959;154 673 886;10;0;2;5;23;1
202000038960;154 673 883;30;0;2;1;5;1
202000038960;154 673 884;7;0;0;8;15;1
202000038961;154 673 881;7;0;2;4;23;1
202000038961;154 673 882;1;0;2;1;7;5
202000038962;154 673 879;7;0;2;8;1;1
202000038962;154 673 880;1;0;2;2;1;5
202000038963;154 673 877;10;0;2;5;15;1
202000038963;154 673 878;1;0;2;0;1;5
202000038964;154 673 875;1;0;2;3;13;5
202000038964;154 673 876;7;0;2;3;1;2
202000038965;154 673 873;43;0;2;3;1;1
202000038965;154 673 874;1;0;2;1;5;5
202000038966;154 673 871;1;0;2;1;13;5
202000038966;154 673 872;1;0;2;1;1;5
202000038967;154 673 869;33;0;2;0;15;0
202000038967;154 673 870;1;0;2;7;1;5
202000038968;154 673 867;1;0;2;4;1;0
202000038968;154 673 868;30;0;2;1;2;1
202000038969;154 673 865;7;0;2;3;15;1
202000038969;154 673 866;32;0;2;2;1;1
202000038970;154 673 861;10;1;0;0;0;1
202000038970;154 673 862;33;0;2;5;1;1
202000038970;154 673 863;33;1;0;2;1;1
202000038970;154 673 864;10;1;0;0;0;0
202000038971;154 673 859;7;0;0;3;1;0
202000038971;154 673 860;31;0;2;1;1;0
202000038972;154 673 857;1;1;2;8;21;5
202000038972;154 673 858;7;0;2;7;17;1
202000038973;154 673 855;7;0;2;0;0;0
202000038973;154 673 856;7;0;1;3;1;0
202000038974;154 673 853;7;0;2;4;1;1
202000038974;154 673 854;32;0;2;1;1;1
202000038975;154 673 851;7;0;2;2;15;1
202000038975;154 673 852;2;0;2;1;1;1
202000038976;154 673 848;7;9;2;1;1;0
202000038976;154 673 849;7;0;0;4;0;0
202000038976;154 673 850;7;0;2;2;0;0
202000038977;154 673 847;7;0;1;1;26;1
202000038978;154 673 845;7;0;2;1;2;1
202000038978;154 673 846;7;0;2;4;23;1
202000038979;154 673 843;99;0;0;8;24;1
202000038979;154 673 844;30;1;0;1;2;1
202000038980;154 673 841;7;0;2;4;23;1
202000038980;154 673 842;7;0;2;1;2;1
202000038981;154 673 840;99;8;9;0;0;0
202000038982;154 673 839;33;0;1;3;1;1
202000038983;154 673 837;10;0;1;2;1;0
202000038984;154 673 835;32;1;2;7;26;1
202000038984;154 673 836;7;0;2;7;15;2
202000038985;154 673 834;7;1;0;8;1;1
202000038986;154 673 832;32;0;2;1;1;1
202000038986;154 673 833;7;0;2;2;15;1
202000038987;154 673 831;7;0;1;3;1;1
202000038988;154 673 829;15;0;0;0;9;1
202000038988;154 673 830;42;0;0;0;1;1
202000038989;154 673 827;7;0;2;7;17;1
202000038989;154 673 828;2;0;2;8;11;1
202000038990;154 673 826;34;12;0;1;0;1
202000038991;154 673 825;7;13;0;0;1;1
202000038992;154 673 823;2;-1;2;1;19;1
202000038992;154 673 824;17;0;2;3;1;1
202000038993;154 673 822;7;6;0;1;14;1
202000038994;154 673 821;2;0;0;8;1;1
202000038995;154 673 818;14;6;0;1;14;1
202000038996;154 673 816;31;0;0;4;1;1
202000038996;154 673 817;7;0;2;1;2;1
202000038997;154 673 815;7;2;0;1;14;1
202000038998;154 673 814;33;13;0;0;0;1
202000038999;154 673 813;7;2;0;7;15;0
202000039000;154 673 812;2;15;0;2;14;1
202000039001;154 673 811;2;7;0;1;1;1
202000039002;154 673 810;33;8;0;1;14;1
202000039003;154 673 808;7;0;2;3;1;1
202000039003;154 673 809;1;0;2;1;1;5
202000039004;154 673 806;7;0;2;9;1;1
202000039004;154 673 807;7;0;2;2;13;1
202000039005;154 673 804;7;0;2;6;23;1
202000039005;154 673 805;31;0;2;1;2;1
202000039006;154 673 803;33;0;0;1;13;4
202000039007;154 673 801;7;0;2;3;20;1
202000039007;154 673 802;7;0;2;1;21;1
202000039008;154 673 800;7;13;0;2;1;1
202000039009;154 673 799;7;0;0;9;1;0
202000039010;154 673 798;7;0;1;2;19;1
202000039011;154 673 797;7;2;0;2;1;0
202000039012;154 673 795;7;0;2;1;1;1
202000039012;154 673 796;7;0;2;1;13;1
202000039013;154 673 793;7;0;2;1;1;1
202000039013;154 673 794;7;0;2;1;13;1
202000039014;154 673 792;31;0;0;0;17;1
202000039015;154 673 791;7;2;0;1;1;1
202000039016;154 673 789;32;0;2;1;1;1
202000039016;154 673 790;10;0;2;7;15;1
202000039017;154 673 788;7;0;1;1;1;1
202000039018;154 673 786;32;0;2;1;1;1
202000039018;154 673 787;7;0;2;3;15;1
202000039019;154 673 784;31;0;2;1;1;1
202000039019;154 673 785;7;4;2;2;13;1
202000039020;154 673 783;13;0;1;1;1;1
202000039021;154 673 781;33;0;2;1;2;1
202000039021;154 673 782;7;0;0;4;1;1
202000039022;154 673 779;80;0;2;8;15;3
202000039022;154 673 780;7;0;9;1;1;1
202000039023;154 673 778;7;0;1;2;1;1
202000039024;154 673 777;7;0;1;2;1;1
202000039025;154 673 775;7;0;2;3;1;1
202000039025;154 673 776;33;0;2;1;17;1
202000039026;154 673 774;50;4;0;1;1;3
202000039027;154 673 772;10;0;0;3;1;1
202000039027;154 673 773;7;4;0;5;17;1
202000039028;154 673 770;7;0;2;4;2;1
202000039028;154 673 771;2;0;2;1;2;1
202000039029;154 673 769;7;0;1;1;1;0
202000039030;154 673 767;34;0;2;1;2;1
202000039030;154 673 768;7;0;2;4;1;1
202000039031;154 673 765;7;4;2;2;21;1
202000039031;154 673 766;33;0;2;3;1;1
202000039032;154 673 764;10;2;0;3;14;1
202000039033;154 673 762;7;4;0;1;14;1
202000039033;154 673 763;7;0;2;4;1;1
202000039034;154 673 760;10;0;2;6;12;1
202000039034;154 673 761;33;0;2;7;3;1
202000039035;154 673 759;7;3;0;1;14;1
202000039036;154 673 756;33;0;2;8;3;1
202000039036;154 673 757;10;0;2;7;14;1
202000039036;154 673 758;7;0;2;5;1;1
202000039037;154 673 755;7;0;1;0;15;1
202000039038;154 673 753;7;0;2;1;15;1
202000039038;154 673 754;7;0;2;1;16;1
202000039039;154 673 751;7;0;2;3;1;1
202000039039;154 673 752;7;0;2;3;13;1
202000039040;154 673 749;7;0;2;4;26;1
202000039040;154 673 750;7;0;2;1;26;1
202000039041;154 673 747;7;0;2;7;15;1
202000039041;154 673 748;1;0;2;0;0;5
202000039042;154 673 746;32;0;1;3;1;1
202000039043;154 673 745;7;8;0;1;26;1
202000039044;154 673 744;7;4;0;3;1;1
202000039045;154 673 743;40;0;1;2;26;3
202000039046;154 673 741;1;0;2;1;19;0
202000039046;154 673 742;7;0;2;3;16;1
202000039047;154 673 739;7;0;2;3;15;1
202000039047;154 673 740;32;0;2;5;17;1
202000039048;154 673 737;33;0;2;3;1;0
202000039048;154 673 738;7;0;2;3;13;0
202000039049;154 673 735;30;0;2;7;9;1
202000039049;154 673 736;33;0;2;3;1;1
202000039050;154 673 733;7;0;2;8;9;1
202000039050;154 673 734;15;0;2;7;1;1
202000039051;154 673 731;2;0;2;1;1;1
202000039051;154 673 732;7;0;2;3;13;1