Num_Acc;id_vehicule;catv;obs;obsm;choc;manv;motor
202000041176;154 669 998;31;0;2;1;1;1
202000041177;154 669 995;1;0;1;1;1;5
202000041178;154 669 992;17;0;2;0;1;1
202000041178;154 669 993;17;0;2;8;1;1
202000041178;154 669 994;17;0;9;3;1;1
202000041178;154 669 996;7;0;9;1;1;1
202000041179;154 669 989;10;0;2;1;16;1
202000041179;154 669 990;30;0;2;1;7;1
202000041180;154 669 987;10;1;0;3;0;1
202000041180;154 669 988;17;0;0;5;0;1
202000041181;154 669 991;33;13;0;0;14;1
202000041182;154 669 986;7;0;1;1;1;1
202000041183;154 669 985;14;0;0;9;1;1
202000041184;154 669 982;2;0;0;8;2;1
202000041185;154 669 983;7;0;2;0;0;0
202000041185;154 669 984;50;0;2;7;19;3
202000041186;154 669 981;33;0;0;7;16;1
202000041187;154 669 977;7;8;0;1;1;1
202000041188;154 669 978;7;0;1;1;1;1
202000041189;154 669 973;7;0;9;3;16;1
202000041189;154 669 974;1;0;1;1;1;5
202000041190;154 669 979;10;0;2;3;15;0
202000041190;154 669 980;31;8;2;2;17;1
202000041191;154 669 972;7;0;1;2;0;1
202000041192;154 669 975;7;0;2;1;2;1
202000041192;154 669 976;7;15;0;4;2;1
202000041193;154 669 968;2;0;2;7;18;1
202000041193;154 669 970;7;0;2;6;16;1
202000041194;154 669 969;33;0;2;2;5;1
202000041194;154 669 971;7;0;2;6;15;1
202000041195;154 669 966;1;1;0;7;0;0
202000041195;154 669 967;7;0;2;8;24;1
202000041196;154 669 963;2;0;2;1;16;1
202000041196;154 669 965;7;0;2;7;15;1
202000041197;154 669 962;3;0;2;4;2;1
202000041197;154 669 964;7;0;2;1;2;1
202000041198;154 669 959;7;0;9;1;2;1
202000041198;154 669 960;1;0;2;4;2;5
202000041199;154 669 961;7;0;1;1;1;1
202000041200;154 669 958;7;2;0;0;1;1
202000041201;154 669 956;7;14;0;1;26;1
202000041202;154 669 957;10;0;1;2;26;0
202000041203;154 669 955;7;8;0;1;0;1
202000041204;154 669 954;2;0;0;1;26;1
202000041205;154 669 952;7;16;0;9;1;0
202000041206;154 669 949;7;0;0;4;2;1
202000041206;154 669 951;7;2;0;6;26;1
202000041207;154 669 950;7;0;2;1;1;1
202000041207;154 669 953;7;0;2;1;1;1
202000041208;154 669 947;10;0;1;4;4;1
202000041209;154 669 946;33;0;2;0;1;0
202000041209;154 669 948;7;0;2;0;12;0
202000041210;154 669 944;33;0;0;8;1;1
202000041211;154 669 943;7;0;0;4;1;0
202000041211;154 669 945;37;0;2;1;1;0
202000041212;154 669 941;7;2;0;1;13;1
202000041213;154 669 940;32;0;2;2;3;1
202000041213;154 669 942;7;0;2;8;1;1
202000041214;154 669 936;33;0;2;6;1;1
202000041214;154 669 938;7;0;2;3;15;1
202000041215;154 669 937;7;0;0;5;16;1
202000041215;154 669 939;7;0;2;1;1;1
202000041216;154 669 935;30;14;0;8;0;1
202000041217;154 669 933;2;0;2;1;2;1
202000041217;154 669 934;7;0;0;4;1;1
202000041218;154 669 931;50;0;2;1;25;3
202000041218;154 669 932;7;0;2;3;9;1
202000041219;154 669 929;16;1;0;2;14;1
202000041219;154 669 930;7;0;2;6;24;1
202000041220;154 669 927;33;0;2;8;1;1
202000041220;154 669 928;7;0;2;3;15;1
202000041221;154 669 924;10;0;2;1;2;1
202000041221;154 669 925;7;0;2;4;1;1
202000041221;154 669 926;7;0;2;4;26;1
202000041222;154 669 923;1;0;0;0;26;5
202000041223;154 669 918;33;0;2;1;3;1
202000041223;154 669 920;7;0;2;1;2;1
202000041223;154 669 922;7;0;2;4;2;1
202000041224;154 669 916;7;0;0;8;0;1
202000041224;154 669 917;7;0;2;1;1;1
202000041225;154 669 919;7;0;2;2;2;1
202000041225;154 669 921;10;0;2;6;23;1
202000041226;154 669 912;10;0;2;2;12;1
202000041226;154 669 913;43;0;2;4;1;1
202000041227;154 669 910;33;0;2;1;2;1
202000041227;154 669 911;7;0;2;4;2;1
202000041228;154 669 908;33;0;2;7;2;1
202000041228;154 669 909;15;0;2;6;11;1
202000041229;154 669 906;15;0;2;2;2;1
202000041229;154 669 907;7;0;2;4;0;1
202000041230;154 669 914;7;0;2;1;1;1
202000041230;154 669 915;7;2;2;2;13;1
202000041231;154 669 905;33;0;0;7;14;1
202000041232;154 669 900;7;0;9;1;15;1
202000041232;154 669 903;1;0;2;7;1;5
202000041233;154 669 901;7;0;2;4;1;1
202000041233;154 669 902;33;0;2;1;3;1
202000041233;154 669 904;7;0;2;5;1;1
202000041234;154 669 899;7;0;1;2;1;0
202000041235;154 669 896;7;0;2;2;2;1
202000041235;154 669 897;7;0;2;3;3;1
202000041235;154 669 898;7;0;2;5;1;1
202000041236;154 669 894;7;0;2;7;13;6
202000041236;154 669 895;7;0;2;1;1;0
202000041237;154 669 889;33;14;0;0;2;0
202000041237;154 669 891;7;0;9;8;2;1
202000041238;154 669 888;7;0;9;1;2;1
202000041238;154 669 890;7;0;2;1;2;0
202000041238;154 669 892;7;0;2;9;2;1
202000041238;154 669 893;15;3;2;2;13;1
202000041239;154 669 886;7;0;2;1;13;1
202000041239;154 669 887;7;0;2;1;1;1
202000041240;154 669 883;10;4;2;7;12;1
202000041240;154 669 884;7;0;2;3;1;1
202000041240;154 669 885;7;0;2;7;14;1
202000041241;154 669 878;7;0;0;2;2;1
202000041241;154 669 880;7;0;2;6;2;1
202000041242;154 669 877;7;2;0;9;1;1
202000041243;154 669 879;7;0;2;4;2;1
202000041243;154 669 881;13;0;2;1;1;1
202000041244;154 669 875;7;0;2;3;5;1
202000041244;154 669 876;17;0;2;3;0;1
202000041245;154 669 871;7;0;0;1;1;1
202000041246;154 669 872;7;0;2;4;2;1
202000041246;154 669 873;7;0;2;4;2;1
202000041246;154 669 874;7;0;2;1;2;1
202000041247;154 669 869;7;0;0;1;1;1
202000041248;154 669 870;7;0;0;9;16;1
202000041249;154 669 865;7;0;2;7;26;1
202000041249;154 669 867;7;0;2;1;1;1
202000041250;154 669 864;7;0;2;2;15;1
202000041250;154 669 866;7;0;2;1;1;1
202000041250;154 669 868;7;0;2;2;1;1
202000041251;154 669 861;7;2;0;2;1;1
202000041252;154 669 859;7;0;2;3;19;1
202000041252;154 669 860;7;0;2;1;1;1
202000041253;154 669 862;1;0;9;6;0;5
202000041253;154 669 863;30;0;9;2;2;0
202000041254;154 669 857;10;0;2;3;1;1
202000041254;154 669 858;15;0;2;3;1;1
202000041255;154 669 854;7;0;2;1;2;0
202000041255;154 669 855;2;0;2;4;23;1
202000041256;154 669 853;7;0;2;3;13;1
202000041256;154 669 856;15;0;2;3;1;1
202000041257;154 669 848;7;0;2;2;17;1
202000041257;154 669 850;7;0;2;1;1;1
202000041257;154 669 852;2;0;2;1;1;1
202000041258;154 669 847;7;2;0;1;2;1
202000041259;154 669 849;7;0;2;1;2;1
202000041259;154 669 851;7;0;2;1;15;1
202000041260;154 669 845;7;0;1;1;2;1
202000041261;154 669 841;7;0;2;3;15;1
202000041261;154 669 842;7;0;2;3;1;1
202000041262;154 669 839;7;12;0;2;14;1
202000041263;154 669 838;2;0;2;1;26;1
202000041263;154 669 840;7;0;2;3;24;6
202000041264;154 669 837;7;0;1;2;1;1
202000041265;154 669 836;7;0;1;2;15;1
202000041266;154 669 835;7;16;0;0;14;1
202000041267;154 669 834;7;15;0;1;1;1
202000041268;154 669 832;7;0;1;3;15;1
202000041269;154 669 831;7;0;2;1;1;1
202000041269;154 669 833;33;0;2;1;17;0
202000041270;154 669 830;38;0;1;0;1;1
202000041271;154 669 828;0;0;2;3;1;0
202000041271;154 669 829;30;0;2;1;26;1
202000041272;154 669 827;7;0;1;2;1;1
202000041273;154 669 826;7;0;1;2;21;1
202000041274;154 669 824;7;0;2;3;1;1
202000041274;154 669 825;2;0;2;1;13;1
202000041275;154 669 821;7;0;2;4;2;1
202000041275;154 669 822;7;0;2;4;2;1
202000041275;154 669 823;7;14;0;1;1;1
202000041276;154 669 819;2;0;2;1;9;1
202000041276;154 669 820;7;0;2;1;1;1
202000041277;154 669 816;7;0;2;4;2;1
202000041277;154 669 817;7;0;2;1;2;1
202000041277;154 669 818;10;0;2;1;2;1
202000041278;154 669 814;10;0;2;2;17;1
202000041278;154 669 815;17;0;2;6;1;1
202000041279;154 669 811;7;0;2;6;0;1
202000041279;154 669 812;7;0;2;8;1;1
202000041279;154 669 813;7;0;2;9;18;1
202000041280;154 669 808;7;0;1;2;1;1
202000041281;154 669 806;7;0;2;8;1;0
202000041281;154 669 807;7;0;2;1;1;0
202000041282;154 669 803;7;4;0;9;0;1
202000041283;154 669 802;7;0;2;3;26;1
202000041283;154 669 804;2;0;2;1;2;1
202000041284;154 669 800;17;3;0;8;6;1
202000041285;154 669 799;33;0;2;2;1;1
202000041285;154 669 801;7;0;2;1;11;1
202000041286;154 669 795;38;0;2;3;1;1
202000041286;154 669 798;7;0;2;3;1;1
202000041287;154 669 796;33;0;2;1;1;1
202000041287;154 669 797;7;0;2;2;10;1
202000041288;154 669 793;10;14;0;2;1;1
202000041289;154 669 792;31;0;2;1;1;1
202000041289;154 669 794;7;0;2;3;10;1
202000041290;154 669 790;1;0;2;1;1;5
202000041290;154 669 791;7;0;2;2;15;1
202000041291;154 669 789;7;2;0;1;13;1
202000041292;154 669 787;7;0;2;3;15;1
202000041292;154 669 788;50;0;2;1;1;3
202000041293;154 669 781;7;1;2;2;17;1
202000041293;154 669 782;17;0;2;6;23;1
202000041294;154 669 783;1;0;2;1;1;5
202000041294;154 669 784;7;0;2;8;9;3
202000041295;154 669 779;1;0;2;1;1;5
202000041295;154 669 780;7;0;9;3;15;1
202000041296;154 669 778;7;0;1;3;26;1
202000041297;154 669 775;7;6;0;3;1;1
202000041297;154 669 777;7;0;0;1;15;1
202000041298;154 669 774;7;0;9;1;2;1
202000041298;154 669 776;1;0;0;0;2;0
202000041299;154 669 771;2;0;2;1;13;1
202000041299;154 669 773;7;0;2;1;1;1
202000041300;154 669 770;1;0;2;1;15;5
202000041300;154 669 772;7;0;2;7;1;1
202000041301;154 669 768;7;0;0;0;1;1
202000041302;154 669 767;1;0;2;1;1;5
202000041302;154 669 769;7;0;2;5;1;1
202000041303;154 669 765;2;0;2;4;1;1
202000041303;154 669 766;7;0;2;1;1;1
202000041304;154 669 761;7;0;2;4;2;1
202000041304;154 669 763;7;0;2;1;2;1
202000041305;154 669 762;50;0;2;5;2;3
202000041305;154 669 764;3;0;2;8;15;1
202000041306;154 669 759;34;0;2;0;17;1
202000041306;154 669 760;7;0;2;0;13;0
202000041307;154 669 756;2;0;2;3;13;1
202000041307;154 669 757;10;0;2;8;21;1
202000041307;154 669 758;7;0;9;3;21;1
202000041308;154 669 753;7;0;0;3;19;2
202000041308;154 669 755;2;0;2;1;1;1
202000041309;154 669 754;7;0;1;2;15;1
202000041310;154 669 751;7;0;1;2;4;1
202000041311;154 669 750;2;0;2;1;2;1
202000041311;154 669 752;7;0;0;5;23;1
202000041312;154 669 749;7;0;1;3;1;1
202000041313;154 669 747;33;0;2;1;18;1
202000041313;154 669 748;7;0;2;2;1;1
202000041314;154 669 746;7;4;0;3;13;1
202000041315;154 669 743;2;0;0;3;9;1
202000041315;154 669 745;7;0;0;2;0;1
202000041316;154 669 742;7;0;0;0;0;0
202000041316;154 669 744;7;0;2;1;26;0
202000041317;154 669 738;7;0;2;4;24;1
202000041317;154 669 739;7;1;2;1;2;1
202000041318;154 669 736;31;0;2;7;17;1
202000041318;154 669 737;7;0;2;8;21;1
202000041319;154 669 734;80;0;2;3;2;3
202000041319;154 669 735;7;0;9;7;2;0
202000041320;154 669 732;7;0;2;3;2;1
202000041320;154 669 733;7;0;2;2;12;0
202000041321;154 669 731;32;0;1;1;1;1
202000041322;154 669 728;7;0;1;1;1;1
202000041322;154 669 730;7;0;1;2;1;1
202000041323;154 669 727;1;0;2;1;1;5
202000041323;154 669 729;7;0;2;2;15;1
202000041324;154 669 723;7;0;2;2;1;1
202000041324;154 669 725;1;0;2;1;15;5
202000041325;154 669 722;10;0;1;2;1;1
202000041326;154 669 719;37;0;1;1;1;1
202000041327;154 669 716;7;0;2;4;1;1
202000041327;154 669 718;7;0;2;4;1;1
202000041327;154 669 720;7;0;2;4;1;1
202000041327;154 669 721;7;0;2;1;14;1
202000041328;154 669 715;7;0;2;2;2;1
202000041328;154 669 717;7;0;2;8;15;1
202000041329;154 669 711;33;0;2;4;2;1
202000041329;154 669 712;7;0;2;3;2;1
202000041330;154 669 709;7;0;2;3;9;1
202000041330;154 669 710;7;0;2;2;26;1
202000041331;154 669 707;30;8;2;1;17;1
202000041331;154 669 708;7;0;2;8;15;1
202000041332;154 669 706;7;15;1;0;0;1
202000041333;154 669 705;1;0;0;1;1;0
202000041334;154 669 703;37;0;0;0;0;1
202000041334;154 669 704;7;0;2;6;15;1
202000041335;154 669 713;31;0;2;5;12;1
202000041335;154 669 714;7;0;2;8;3;1
202000041336;154 669 702;43;0;0;1;1;0
202000041337;154 669 700;33;0;2;0;0;1
202000041337;154 669 701;7;0;2;3;13;1
202000041338;154 669 697;3;0;2;0;0;1
202000041338;154 669 698;32;0;2;2;17;1
202000041339;154 669 696;33;0;2;3;18;1
202000041339;154 669 699;7;0;2;2;1;2
202000041340;154 669 693;7;0;2;8;9;1
202000041340;154 669 695;2;0;2;1;1;1
202000041341;154 669 692;7;0;2;1;2;1
202000041341;154 669 694;14;0;2;4;2;1
202000041342;154 669 688;32;0;0;8;1;1
202000041343;154 669 687;10;0;2;2;2;1
202000041343;154 669 689;7;0;2;6;2;1
202000041343;154 669 690;7;0;2;4;2;1
202000041343;154 669 691;10;0;2;4;2;1
202000041344;154 669 685;7;4;0;3;13;1
202000041345;154 669 684;7;0;2;3;15;1
202000041345;154 669 686;30;0;2;1;17;1
202000041346;154 669 683;33;0;0;9;1;1
202000041347;154 669 681;30;0;2;1;1;1
202000041347;154 669 682;60;0;2;1;1;5
202000041348;154 669 678;7;0;2;4;2;1
202000041348;154 669 679;7;0;2;4;2;1
202000041348;154 669 680;7;0;2;1;2;1
202000041349;154 669 676;7;4;0;1;14;1
202000041350;154 669 674;7;0;2;8;15;1
202000041350;154 669 677;7;0;2;3;1;1
202000041351;154 669 673;33;0;2;1;3;1
202000041351;154 669 675;10;0;2;6;11;1
202000041352;154 669 672;30;9;0;2;1;1
202000041353;154 669 671;33;0;2;0;13;1
202000041354;154 669 669;1;0;2;8;2;5
202000041354;154 669 670;7;0;2;7;1;1
202000041355;154 669 667;7;0;2;4;2;1
202000041355;154 669 668;7;0;2;1;2;1
202000041356;154 669 665;7;0;2;3;1;1
202000041356;154 669 666;7;0;2;1;9;1
202000041357;154 669 663;7;0;9;0;15;0
202000041357;154 669 664;33;0;2;0;1;0
202000041358;154 669 661;7;0;2;8;13;1
202000041358;154 669 662;1;0;2;7;14;5
202000041359;154 669 660;7;0;1;3;15;1
202000041360;154 669 659;7;9;0;0;14;1
202000041361;154 669 657;7;0;2;2;0;1
202000041361;154 669 658;10;0;2;3;9;1
202000041362;154 669 655;10;0;2;4;1;1
202000041362;154 669 656;7;0;2;1;13;1
202000041363;154 669 654;7;0;1;8;1;1
202000041364;154 669 653;7;0;1;1;1;1
202000041365;154 669 651;30;0;2;1;1;1
202000041365;154 669 652;7;0;2;2;1;1
202000041366;154 669 648;7;0;2;1;1;1
202000041366;154 669 650;2;0;2;8;2;0
202000041367;154 669 647;7;0;2;1;1;1
202000041367;154 669 649;34;0;2;7;1;1
202000041368;154 669 645;30;0;2;1;1;1
202000041368;154 669 646;7;0;2;6;1;1
202000041369;154 669 643;33;0;0;1;16;1
202000041370;154 669 642;7;0;2;7;26;1
202000041370;154 669 644;17;0;2;1;1;1
202000041371;154 669 639;7;0;2;1;1;1
202000041371;154 669 641;7;0;2;4;1;1
202000041372;154 669 638;34;0;2;1;15;1
202000041372;154 669 640;34;0;2;1;17;1
202000041373;154 669 637;7;0;1;3;26;1
202000041374;154 669 635;7;0;0;9;1;1
202000041375;154 669 634;10;0;2;7;19;1
202000041375;154 669 636;30;0;2;1;1;1
202000041376;154 669 633;7;0;1;1;0;0
202000041377;154 669 631;2;0;2;1;19;0
202000041377;154 669 632;0;0;2;0;9;0
202000041378;154 669 628;7;0;2;4;26;1
202000041378;154 669 629;7;0;2;0;1;1
202000041378;154 669 630;7;0;9;1;21;1
202000041379;154 669 626;34;0;2;1;1;1
202000041379;154 669 627;7;0;2;4;23;1
202000041380;154 669 624;10;0;2;2;1;1
202000041380;154 669 625;1;0;1;3;13;5
202000041381;154 669 623;7;15;0;2;14;1
202000041382;154 669 620;7;0;2;4;23;1
202000041382;154 669 621;7;0;2;1;1;1
202000041382;154 669 622;7;0;2;4;1;1
202000041383;154 669 618;2;0;2;1;1;1
202000041383;154 669 619;7;0;2;6;1;1
202000041384;154 669 616;34;0;2;1;3;1
202000041384;154 669 617;7;0;2;5;1;1
202000041385;154 669 615;7;4;0;1;14;1
202000041386;154 669 613;7;0;2;1;2;1
202000041386;154 669 614;7;0;2;4;2;1
202000041387;154 669 611;1;0;2;7;1;0
202000041387;154 669 612;7;0;2;1;1;1
202000041388;154 669 609;1;0;2;7;0;5
202000041388;154 669 610;30;0;2;0;26;1
202000041389;154 669 607;2;0;2;1;17;1
202000041389;154 669 608;7;0;0;0;0;1
202000041390;154 669 605;7;0;2;3;1;1
202000041390;154 669 606;7;0;2;1;15;1
202000041391;154 669 603;30;0;2;1;9;1
202000041391;154 669 604;7;0;2;1;1;1
202000041392;154 669 601;1;0;4;4;15;5
202000041392;154 669 602;40;0;2;1;1;3
202000041393;154 669 598;1;0;2;1;1;5
202000041393;154 669 599;7;0;2;3;1;1
202000041393;154 669 600;7;0;2;0;15;1
202000041394;154 669 596;2;0;2;1;1;1
202000041394;154 669 597;7;6;2;7;21;1
202000041395;154 669 594;7;14;0;0;0;0
202000041395;154 669 595;7;0;2;3;1;1
202000041396;154 669 593;33;13;0;1;13;1
202000041397;154 669 591;7;0;2;4;0;1
202000041397;154 669 592;7;0;2;1;2;1
202000041398;154 669 589;30;0;2;8;26;1
202000041398;154 669 590;7;0;2;2;16;1
202000041399;154 669 588;30;0;0;2;15;1
202000041400;154 669 586;7;9;2;7;1;1
202000041400;154 669 587;7;0;2;1;9;1
202000041401;154 669 584;7;0;2;1;15;1
202000041401;154 669 585;7;0;2;1;1;1
202000041402;154 669 582;7;0;2;5;12;1
202000041402;154 669 583;33;0;2;1;1;1
202000041403;154 669 580;7;0;2;1;2;1
202000041403;154 669 581;7;0;0;4;15;1
202000041404;154 669 578;7;1;0;7;24;1
202000041404;154 669 579;7;0;2;7;13;1
202000041405;154 669 573;7;0;2;3;21;1
202000041405;154 669 574;33;0;2;0;1;1
202000041405;154 669 575;7;0;2;1;21;1
202000041405;154 669 576;7;0;2;1;0;1
202000041405;154 669 577;13;0;0;0;0;1
202000041406;154 669 571;38;0;2;3;16;0
202000041406;154 669 572;7;0;2;5;19;0
202000041407;154 669 569;1;1;0;1;16;5
202000041407;154 669 570;7;0;2;8;24;1
202000041408;154 669 567;7;0;2;7;1;1
202000041408;154 669 568;7;0;2;1;1;1
202000041409;154 669 566;7;0;1;2;1;6
202000041410;154 669 563;10;0;2;4;2;1
202000041410;154 669 564;7;0;2;4;2;1
202000041410;154 669 565;7;0;2;1;2;1
202000041411;154 669 561;7;0;2;4;1;1
202000041411;154 669 562;7;0;2;1;1;1
202000041412;154 669 560;32;0;1;0;18;1
202000041413;154 669 558;50;0;2;1;1;3
202000041413;154 669 559;7;0;2;8;9;1
202000041414;154 669 557;80;1;0;7;14;3
202000041415;154 669 555;32;0;2;1;17;1
202000041415;154 669 556;1;0;2;8;15;5
202000041416;154 669 554;30;0;1;1;1;1
202000041417;154 669 553;7;0;1;1;1;1
202000041418;154 669 552;7;0;1;1;1;6
202000041419;154 669 550;7;0;2;5;15;2
202000041419;154 669 551;32;0;2;1;17;1
202000041420;154 669 549;7;0;1;1;1;1
202000041421;154 669 548;1;0;1;4;1;5
202000041422;154 669 546;33;0;2;3;18;1
202000041422;154 669 547;10;0;2;2;17;1
202000041423;154 669 544;7;0;0;0;26;0
202000041423;154 669 545;7;0;0;0;26;0
202000041424;154 669 543;7;0;1;2;1;1
202000041425;154 669 542;7;0;1;1;19;1
202000041426;154 669 540;2;0;2;7;2;0
202000041426;154 669 541;7;0;2;3;15;0
202000041427;154 669 538;33;0;2;1;2;1
202000041427;154 669 539;15;0;2;2;16;1
202000041428;154 669 535;7;0;0;0;0;1
202000041428;154 669 536;7;0;0;0;0;1
202000041428;154 669 537;37;0;2;2;15;1
202000041429;154 669 533;10;0;2;1;1;1
202000041429;154 669 534;7;0;2;4;1;1
202000041430;154 669 531;33;0;2;7;17;0
202000041430;154 669 532;7;0;2;8;13;0
202000041431;154 669 530;32;0;1;1;1;1
202000041432;154 669 528;1;0;2;4;9;5
202000041432;154 669 529;10;0;2;1;2;1
202000041433;154 669 526;32;0;2;1;17;0
202000041433;154 669 527;7;0;2;6;13;1
202000041434;154 669 524;32;0;2;2;17;1
202000041434;154 669 525;7;0;2;6;15;2
202000041435;154 669 523;0;0;1;2;0;0
202000041436;154 669 521;2;0;2;1;1;1
202000041436;154 669 522;10;0;2;7;15;1
202000041437;154 669 520;7;0;1;1;1;1
202000041438;154 669 518;30;0;2;1;1;1
202000041438;154 669 519;7;0;2;4;26;1
202000041439;154 669 516;7;0;2;8;15;1
202000041439;154 669 517;7;0;2;7;1;1
202000041440;154 669 515;7;0;1;2;1;0
202000041441;154 669 514;7;13;0;1;13;1
202000041442;154 669 512;7;0;2;3;13;1
202000041442;154 669 513;7;0;2;5;26;1
202000041443;154 669 510;33;0;2;8;1;0
202000041443;154 669 511;7;0;2;2;15;1
202000041444;154 669 508;7;0;2;1;13;1
202000041444;154 669 509;3;0;2;1;1;1
202000041445;154 669 507;33;12;0;4;1;1
202000041446;154 669 505;7;0;2;1;13;1
202000041446;154 669 506;2;0;2;1;1;1
202000041447;154 669 503;10;13;1;4;23;1
202000041447;154 669 504;15;1;1;1;1;1
202000041448;154 669 501;30;1;0;1;1;1
202000041448;154 669 502;15;0;2;3;24;6
202000041449;154 669 498;7;0;0;1;26;1
202000041449;154 669 499;7;0;2;6;16;1
202000041449;154 669 500;7;0;2;2;9;1
202000041450;154 669 497;7;1;0;1;1;1
202000041451;154 669 495;7;0;2;1;13;1
202000041451;154 669 496;7;0;2;1;1;1
202000041452;154 669 493;7;0;2;1;1;1
202000041452;154 669 494;7;0;2;3;19;1
202000041453;154 669 491;2;0;2;1;17;1
202000041453;154 669 492;7;0;0;3;26;1
202000041454;154 669 489;7;0;2;2;19;1
202000041454;154 669 490;15;0;2;3;1;1
202000041455;154 669 487;7;0;2;3;1;1
202000041455;154 669 488;7;0;2;3;13;1
202000041456;154 669 484;7;13;0;1;1;1
202000041457;154 669 482;10;0;2;1;1;1
202000041457;154 669 483;7;0;2;2;1;1
202000041458;154 669 480;7;0;2;7;1;1
202000041458;154 669 481;33;0;2;1;1;1
202000041459;154 669 479;7;3;0;1;13;1
202000041460;154 669 478;7;0;1;1;1;1
202000041461;154 669 476;36;0;0;1;2;1
202000041461;154 669 477;7;0;2;8;2;1
202000041462;154 669 474;7;0;2;8;1;1
202000041462;154 669 475;7;0;2;1;1;1
202000041463;154 669 473;1;0;0;0;1;5
202000041464;154 669 471;10;0;2;7;19;1
202000041464;154 669 472;10;0;2;1;1;1
202000041465;154 669 470;7;6;0;7;1;1
202000041466;154 669 469;2;14;0;0;1;1
202000041467;154 669 467;7;8;0;4;16;1
202000041467;154 669 468;10;0;2;1;1;1
202000041468;154 669 466;1;0;0;0;0;5
202000041469;154 669 464;7;0;2;3;15;1
202000041469;154 669 465;7;0;2;3;1;1
202000041470;154 669 462;7;0;9;2;15;1
202000041470;154 669 463;1;0;2;1;1;5
202000041471;154 669 461;7;2;0;1;14;1
202000041472;154 669 459;7;0;2;3;1;1
202000041472;154 669 460;33;0;2;1;13;1
202000041473;154 669 457;33;0;2;1;1;1
202000041473;154 669 458;21;0;2;3;26;1
202000041474;154 669 453;33;0;0;8;1;1
202000041475;154 669 452;14;4;0;3;2;1
202000041476;154 669 450;7;0;2;3;1;1
202000041476;154 669 451;10;13;2;3;1;1
202000041477;154 669 445;7;8;2;3;1;1
202000041477;154 669 446;2;0;2;7;15;1
202000041478;154 669 443;10;0;2;3;1;0
202000041478;154 669 444;7;6;2;2;1;0
202000041479;154 669 442;34;0;6;1;1;1
202000041480;154 669 440;7;0;2;1;1;1
202000041480;154 669 441;7;0;2;3;16;1
202000041481;154 669 438;33;0;2;3;1;1
202000041481;154 669 439;33;0;2;3;13;1
202000041482;154 669 437;7;0;1;2;1;1
202000041483;154 669 436;7;13;0;2;0;1
202000041484;154 669 434;33;0;2;1;1;1
202000041484;154 669 435;10;0;2;8;9;0
202000041485;154 669 432;1;0;0;1;1;5
202000041486;154 669 429;7;7;0;5;1;1
202000041486;154 669 430;7;0;2;3;2;1
202000041486;154 669 431;7;0;0;5;15;1
202000041487;154 669 427;7;0;2;1;1;1
202000041487;154 669 428;7;0;2;1;13;1
202000041488;154 669 425;7;0;2;7;1;0
202000041488;154 669 426;7;0;2;1;1;0
202000041489;154 669 424;1;0;1;1;1;5
202000041490;154 669 422;7;0;2;2;17;1
202000041490;154 669 423;1;0;2;8;15;5
202000041491;154 669 421;2;0;0;8;1;6
202000041492;154 669 419;7;0;0;6;15;1
202000041492;154 669 420;7;0;2;1;15;1
202000041493;154 669 417;7;0;2;6;23;1
202000041493;154 669 418;7;0;2;7;21;1
202000041494;154 669 411;7;0;2;8;5;1
202000041494;154 669 412;7;0;2;8;1;1
202000041494;154 669 413;7;0;2;3;1;1
202000041494;154 669 414;7;0;2;7;1;1
202000041494;154 669 415;7;0;2;2;1;1
202000041494;154 669 416;7;0;2;7;1;1
202000041495;154 669 409;7;0;2;4;2;1
202000041495;154 669 410;15;0;2;1;2;1
202000041496;154 669 407;34;0;2;5;1;1
202000041496;154 669 408;7;0;0;5;1;1
202000041497;154 669 406;7;4;0;3;13;1
202000041498;154 669 404;7;0;2;4;2;1
202000041498;154 669 405;15;0;2;1;2;0
202000041499;154 669 403;33;0;0;9;3;1
202000041500;154 669 401;7;0;2;1;2;1
202000041500;154 669 402;10;0;2;4;2;1
202000041501;154 669 400;34;0;1;1;0;1
202000041502;154 669 399;7;0;1;3;15;1
202000041503;154 669 397;10;0;2;1;2;1
202000041503;154 669 398;10;0;2;4;1;1
202000041504;154 669 395;7;0;2;1;2;1
202000041504;154 669 396;2;0;2;4;2;1
202000041505;154 669 393;2;1;2;4;26;1
202000041505;154 669 394;7;1;0;4;26;1
202000041506;154 669 391;10;0;2;7;16;1
202000041506;154 669 392;1;0;2;8;1;0
202000041507;154 669 389;2;0;2;8;1;0
202000041507;154 669 390;7;0;9;2;16;0
202000041508;154 669 387;7;0;9;0;15;1
202000041508;154 669 388;1;0;2;0;1;5
202000041509;154 669 385;1;0;2;1;19;5
202000041509;154 669 386;10;0;0;5;1;1
202000041510;154 669 383;7;0;2;1;15;0
202000041510;154 669 384;7;0;2;1;17;0
202000041511;154 669 381;7;0;2;0;1;0
202000041511;154 669 382;7;0;2;3;1;0
202000041512;154 669 379;33;0;2;1;0;0
202000041512;154 669 380;7;0;2;1;26;0
202000041513;154 669 377;31;0;2;2;17;1
202000041513;154 669 378;7;0;2;3;26;1
202000041514;154 669 376;7;13;0;3;13;1
202000041515;154 669 375;7;0;1;1;17;1
202000041516;154 669 373;33;0;2;3;1;1