Num_Acc;id_vehicule;catv;obs;obsm;choc;manv;motor
202000041516;154 669 374;33;0;2;1;1;1
202000041517;154 669 371;7;0;2;3;14;1
202000041517;154 669 372;7;0;2;7;1;1
202000041518;154 669 369;7;0;2;3;20;1
202000041518;154 669 370;31;0;2;1;1;1
202000041519;154 669 366;1;0;2;8;25;5
202000041519;154 669 367;1;0;2;8;25;5
202000041519;154 669 368;10;0;2;7;1;1
202000041520;154 669 364;7;0;2;6;23;1
202000041520;154 669 365;7;0;2;2;2;2
202000041521;154 669 363;7;6;0;1;14;1
202000041522;154 669 360;7;0;2;1;1;2
202000041522;154 669 361;33;0;2;7;1;1
202000041522;154 669 362;7;0;2;1;9;1
202000041523;154 669 358;7;0;1;3;1;1
202000041524;154 669 357;30;0;1;0;1;1
202000041525;154 669 355;7;0;2;2;25;1
202000041525;154 669 356;50;0;2;1;25;3
202000041526;154 669 353;7;0;2;2;9;1
202000041526;154 669 354;7;1;0;2;1;1
202000041527;154 669 352;7;8;0;1;1;1
202000041528;154 669 351;7;0;1;2;1;1
202000041529;154 669 349;7;0;2;8;1;1
202000041529;154 669 350;33;0;2;1;12;1
202000041530;154 669 348;7;0;1;2;1;1
202000041531;154 669 346;80;1;0;1;1;3
202000041531;154 669 347;7;0;2;8;22;1
202000041532;154 669 343;10;0;2;1;2;1
202000041532;154 669 344;10;0;2;4;2;1
202000041532;154 669 345;10;0;2;1;2;1
202000041533;154 669 342;30;6;0;1;14;1
202000041534;154 669 340;7;0;2;3;1;1
202000041534;154 669 341;7;0;2;3;1;1
202000041535;154 669 338;7;0;2;1;1;0
202000041535;154 669 339;7;0;2;0;0;0
202000041536;154 669 336;7;0;2;7;15;1
202000041536;154 669 337;33;0;2;1;26;1
202000041537;154 669 334;50;0;2;1;1;3
202000041537;154 669 335;7;0;9;2;1;1
202000041538;154 669 332;7;7;0;1;1;1
202000041538;154 669 333;7;0;0;0;15;1
202000041539;154 669 330;7;0;1;4;23;1
202000041539;154 669 331;7;0;2;1;2;1
202000041540;154 669 329;30;1;0;1;2;0
202000041541;154 669 327;10;0;2;5;15;1
202000041541;154 669 328;2;0;2;1;1;1
202000041542;154 669 324;7;0;2;0;0;1
202000041542;154 669 325;7;0;2;1;26;1
202000041542;154 669 326;7;0;2;1;0;1
202000041543;154 669 322;7;0;2;1;26;0
202000041543;154 669 323;7;0;2;4;23;1
202000041544;154 669 320;1;0;2;1;19;5
202000041544;154 669 321;38;0;2;5;1;1
202000041545;154 669 318;33;0;2;1;15;1
202000041545;154 669 319;7;0;2;2;1;1
202000041546;154 669 316;7;0;2;2;1;1
202000041546;154 669 317;30;0;2;8;16;1
202000041547;154 669 314;7;0;2;3;9;1
202000041547;154 669 315;1;0;2;4;1;0
202000041548;154 669 312;30;0;2;1;2;1
202000041548;154 669 313;7;0;0;4;2;1
202000041549;154 669 310;7;0;2;4;23;1
202000041549;154 669 311;7;0;2;1;2;1
202000041550;154 669 307;7;0;1;2;16;1
202000041551;154 669 305;7;0;2;2;1;1
202000041551;154 669 306;7;0;2;9;9;1
202000041552;154 669 303;1;0;2;1;1;5
202000041552;154 669 304;7;0;2;1;15;1
202000041553;154 669 301;7;0;2;1;2;1
202000041553;154 669 302;15;0;0;4;1;1
202000041554;154 669 300;7;0;1;1;7;1
202000041555;154 669 298;7;0;2;3;9;0
202000041555;154 669 299;7;0;2;3;0;0
202000041556;154 669 297;7;0;1;7;1;1
202000041557;154 669 296;7;0;1;3;19;1
202000041558;154 669 294;7;0;2;4;1;1
202000041558;154 669 295;7;14;0;1;1;1
202000041559;154 669 293;33;0;0;2;1;1
202000041560;154 669 292;33;0;1;2;3;1
202000041561;154 669 290;7;0;2;4;1;1
202000041561;154 669 291;7;0;2;1;2;1
202000041562;154 669 288;7;0;2;1;2;1
202000041562;154 669 289;7;1;0;4;23;1
202000041563;154 669 285;33;0;2;4;2;1
202000041563;154 669 286;10;0;2;4;2;1
202000041564;154 669 283;1;0;0;0;0;5
202000041564;154 669 284;1;0;0;0;26;5
202000041565;154 669 280;10;0;1;1;1;1
202000041566;154 669 279;1;0;0;8;1;5
202000041567;154 669 278;7;12;2;2;13;1
202000041568;154 669 276;33;0;2;3;7;1
202000041568;154 669 277;7;0;2;2;12;1
202000041569;154 669 274;1;0;2;1;13;5
202000041569;154 669 275;7;0;2;5;23;1
202000041570;154 669 272;1;0;2;6;7;5
202000041570;154 669 273;7;0;2;3;14;2
202000041571;154 669 270;10;0;2;4;1;1
202000041571;154 669 271;7;0;2;1;1;1
202000041572;154 669 268;33;0;2;1;1;1
202000041572;154 669 269;7;0;2;2;15;1
202000041573;154 669 266;7;0;2;5;12;1
202000041573;154 669 267;1;0;2;3;1;5
202000041574;154 669 264;7;0;2;3;15;1
202000041574;154 669 265;31;0;2;7;17;1
202000041575;154 669 262;10;0;2;1;1;1
202000041575;154 669 263;1;0;2;2;5;5
202000041576;154 669 261;7;0;1;3;1;1
202000041577;154 669 259;2;0;2;2;17;1
202000041577;154 669 260;7;0;2;8;11;1
202000041578;154 669 257;32;0;2;1;1;1
202000041578;154 669 258;10;0;2;3;15;1
202000041579;154 669 255;7;0;2;3;15;1
202000041579;154 669 256;31;0;2;8;17;1
202000041580;154 669 253;7;0;2;1;2;1
202000041580;154 669 254;7;0;1;1;23;0
202000041581;154 669 252;7;6;0;1;1;1
202000041582;154 669 251;30;0;1;1;1;1
202000041583;154 669 249;1;0;2;1;1;0
202000041583;154 669 250;7;0;2;2;15;1
202000041584;154 669 248;7;6;0;1;1;1
202000041585;154 669 246;7;0;2;1;1;1
202000041585;154 669 247;7;0;2;1;13;1
202000041586;154 669 245;7;13;0;1;13;1
202000041587;154 669 244;0;0;1;0;0;0
202000041588;154 669 243;7;12;0;3;17;1
202000041589;154 669 242;34;16;0;1;14;1
202000041590;154 669 240;7;0;2;3;15;1
202000041590;154 669 241;31;0;2;3;0;1
202000041591;154 669 239;7;0;1;2;1;1
202000041592;154 669 237;7;0;2;2;20;1
202000041592;154 669 238;33;0;2;1;1;1
202000041593;154 669 235;10;0;2;1;26;1
202000041593;154 669 236;33;0;2;4;15;1
202000041594;154 669 231;7;0;2;1;13;1
202000041594;154 669 232;7;0;2;1;21;1
202000041594;154 669 233;7;0;2;4;21;1
202000041594;154 669 234;10;0;2;1;1;1
202000041595;154 669 227;7;0;2;7;1;1
202000041595;154 669 228;7;0;2;3;1;0
202000041595;154 669 229;7;0;2;2;12;1
202000041595;154 669 230;7;0;2;5;1;1
202000041596;154 669 225;7;0;2;6;1;1
202000041596;154 669 226;43;0;2;2;3;1
202000041597;154 669 224;7;0;1;1;1;1
202000041598;154 669 223;1;0;0;0;1;5
202000041599;154 669 222;2;0;1;1;16;0
202000041600;154 669 220;7;0;2;3;22;3
202000041600;154 669 221;32;0;2;2;17;1
202000041601;154 669 219;30;1;0;2;14;3
202000041602;154 669 218;7;0;1;1;1;1
202000041603;154 669 217;7;0;1;0;4;1
202000041604;154 669 216;37;0;1;2;1;1
202000041605;154 669 213;7;0;2;3;1;1
202000041605;154 669 214;7;0;2;3;1;1
202000041605;154 669 215;30;0;2;1;17;1
202000041606;154 669 212;50;0;0;0;21;3
202000041607;154 669 211;1;0;1;1;1;5
202000041608;154 669 209;7;0;2;2;1;1
202000041608;154 669 210;50;0;2;4;15;3
202000041609;154 669 207;1;0;0;1;1;5
202000041609;154 669 208;7;0;2;3;22;1
202000041610;154 669 206;37;2;0;1;1;1
202000041611;154 669 203;7;0;2;4;17;1
202000041611;154 669 204;7;0;2;4;2;1
202000041611;154 669 205;7;0;2;4;2;1
202000041612;154 669 202;50;0;0;0;15;3
202000041613;154 669 198;7;0;2;4;23;0
202000041613;154 669 199;7;0;2;4;0;0
202000041613;154 669 200;7;0;2;4;23;0
202000041613;154 669 201;7;0;2;1;1;0
202000041614;154 669 197;7;0;1;1;26;6
202000041615;154 669 195;7;0;0;8;15;1
202000041615;154 669 196;30;0;2;7;17;1
202000041616;154 669 194;1;0;1;1;9;5
202000041617;154 669 193;7;0;1;2;26;3
202000041618;154 669 191;34;0;2;1;17;1
202000041618;154 669 192;10;0;2;3;13;1
202000041619;154 669 189;7;1;1;7;2;1
202000041619;154 669 190;1;1;2;8;3;5
202000041620;154 669 187;7;0;2;1;9;1
202000041620;154 669 188;7;0;2;8;1;1
202000041621;154 669 186;7;0;1;1;1;0
202000041622;154 669 185;7;0;1;1;9;1
202000041623;154 669 183;32;0;2;1;2;0
202000041623;154 669 184;7;0;2;3;15;0
202000041624;154 669 181;37;0;2;1;1;1
202000041624;154 669 182;7;0;2;4;1;2
202000041625;154 669 180;7;0;1;1;1;1
202000041626;154 669 178;1;0;2;1;1;5
202000041626;154 669 179;10;0;2;8;1;1
202000041627;154 669 177;7;0;1;0;0;1
202000041628;154 669 175;7;0;2;1;15;1
202000041628;154 669 176;7;0;2;1;1;1
202000041629;154 669 172;7;0;2;3;15;1
202000041629;154 669 173;31;0;2;1;1;1
202000041629;154 669 174;7;0;9;1;23;1
202000041630;154 669 170;7;0;2;5;15;0
202000041630;154 669 171;33;0;2;1;1;1
202000041631;154 669 169;80;0;0;9;1;3
202000041632;154 669 168;33;3;0;7;1;1
202000041633;154 669 166;7;0;2;3;13;1
202000041633;154 669 167;7;0;2;3;1;1
202000041634;154 669 164;21;0;2;3;15;1
202000041634;154 669 165;7;0;2;2;17;1
202000041635;154 669 162;31;0;2;1;1;1
202000041635;154 669 163;7;0;2;7;15;1
202000041636;154 669 160;7;5;2;2;13;1
202000041636;154 669 161;7;5;2;3;1;1
202000041637;154 669 158;10;13;2;9;2;6
202000041637;154 669 159;7;0;2;2;9;6
202000041638;154 669 157;33;15;0;1;26;1
202000041639;154 669 156;7;0;1;1;1;1
202000041640;154 669 155;7;13;0;0;0;1
202000041641;154 669 154;2;0;0;0;1;0
202000041642;154 669 152;7;0;2;7;1;0
202000041642;154 669 153;1;0;2;1;1;6
202000041643;154 669 151;7;15;0;2;21;1
202000041644;154 669 149;30;0;2;1;2;1
202000041644;154 669 150;7;0;0;4;2;1
202000041645;154 669 147;7;0;0;1;19;1
202000041645;154 669 148;33;0;0;8;1;1
202000041646;154 669 146;7;13;0;1;13;1
202000041647;154 669 145;7;13;0;1;14;1
202000041648;154 669 143;10;0;2;3;15;1
202000041648;154 669 144;33;0;2;1;1;1
202000041649;154 669 142;7;0;1;2;16;1
202000041650;154 669 141;7;14;0;0;0;1
202000041651;154 669 139;7;0;2;3;15;1
202000041651;154 669 140;33;0;2;1;17;1
202000041652;154 669 137;1;0;2;2;26;5
202000041652;154 669 138;7;0;2;2;1;1
202000041653;154 669 136;2;6;0;5;1;1
202000041654;154 669 134;15;0;2;7;1;1
202000041654;154 669 135;7;0;2;8;0;1
202000041655;154 669 132;7;0;2;1;17;1
202000041655;154 669 133;7;0;2;2;1;1
202000041656;154 669 128;7;0;2;4;2;1
202000041656;154 669 129;33;0;2;1;2;1
202000041656;154 669 130;7;0;2;3;1;1
202000041656;154 669 131;7;0;2;4;2;1
202000041657;154 669 125;7;0;2;6;15;1
202000041657;154 669 126;1;0;2;1;17;5
202000041657;154 669 127;1;0;2;1;17;5
202000041658;154 669 124;7;6;0;1;14;1
202000041659;154 669 123;7;1;0;3;0;1
202000041660;154 669 121;7;9;2;1;1;1
202000041660;154 669 122;7;9;2;7;19;1
202000041661;154 669 118;7;0;2;3;9;1
202000041661;154 669 119;1;0;2;2;1;5
202000041662;154 669 117;7;0;1;2;1;1
202000041663;154 669 116;7;15;0;1;14;1
202000041664;154 669 115;33;0;0;8;1;1
202000041665;154 669 114;7;0;1;2;1;1
202000041666;154 669 112;7;0;9;3;0;0
202000041666;154 669 113;2;0;2;3;0;0
202000041667;154 669 110;7;0;9;1;15;1
202000041667;154 669 111;1;0;2;1;1;5
202000041668;154 669 109;43;12;0;7;1;1
202000041669;154 669 108;7;0;1;1;1;1
202000041670;154 669 107;32;0;0;7;2;1
202000041671;154 669 105;1;0;2;1;1;5
202000041671;154 669 106;7;0;9;3;1;1
202000041672;154 669 103;33;0;0;4;2;1
202000041672;154 669 104;17;0;2;2;17;1
202000041673;154 669 101;10;0;2;1;1;1
202000041673;154 669 102;17;0;0;4;1;1
202000041674;154 669 099;15;0;0;6;1;1
202000041674;154 669 100;7;4;2;1;14;1
202000041675;154 669 097;34;0;2;1;1;1
202000041675;154 669 098;7;0;2;1;1;1
202000041676;154 669 096;17;13;0;8;14;1
202000041677;154 669 095;7;16;0;7;1;0
202000041678;154 669 094;7;16;0;3;1;1
202000041679;154 669 093;33;2;0;1;1;1
202000041680;154 669 089;2;12;2;8;10;1
202000041680;154 669 090;7;12;2;2;13;1
202000041681;154 669 088;1;0;0;7;0;5
202000041682;154 669 086;7;0;2;3;13;1
202000041682;154 669 087;33;0;2;8;1;1
202000041683;154 669 085;7;13;0;1;14;1
202000041684;154 669 081;7;0;2;3;1;4
202000041684;154 669 082;36;0;2;3;1;4
202000041685;154 669 079;10;0;1;4;23;1
202000041685;154 669 080;10;0;2;1;1;1
202000041686;154 669 078;7;3;0;0;1;1
202000041687;154 669 077;10;0;1;1;1;0
202000041688;154 669 076;34;12;0;7;0;1
202000041689;154 669 074;7;0;0;7;15;1
202000041689;154 669 075;2;0;2;1;18;1
202000041690;154 669 072;30;0;2;1;1;1
202000041690;154 669 073;7;0;2;7;15;1
202000041691;154 669 071;2;0;0;9;1;1
202000041692;154 669 069;7;0;2;8;19;1
202000041692;154 669 070;33;0;2;1;21;0
202000041693;154 669 067;7;0;0;0;26;1
202000041693;154 669 068;1;0;9;1;17;5
202000041694;154 669 065;7;0;0;4;24;1
202000041694;154 669 066;2;1;0;1;2;1
202000041695;154 669 063;10;0;2;6;15;1
202000041695;154 669 064;33;0;2;1;1;1
202000041696;154 669 061;10;0;0;0;13;1
202000041696;154 669 062;7;17;0;1;21;1
202000041697;154 669 059;7;0;2;1;2;1
202000041697;154 669 060;7;4;2;4;2;1
202000041698;154 669 056;33;0;2;3;3;1
202000041698;154 669 057;17;0;2;0;0;1
202000041698;154 669 058;10;0;2;5;0;1
202000041699;154 669 053;7;0;2;9;2;1
202000041699;154 669 054;7;0;2;9;2;1
202000041699;154 669 055;7;0;2;9;2;1
202000041700;154 669 052;10;0;2;3;1;1
202000041701;154 669 050;31;0;2;1;1;1
202000041701;154 669 051;7;0;0;5;1;1
202000041702;154 669 046;7;0;2;2;1;1
202000041702;154 669 047;33;0;2;2;3;1
202000041702;154 669 048;7;0;2;3;1;1
202000041702;154 669 049;33;0;2;3;3;1
202000041703;154 669 044;7;4;2;6;1;1
202000041703;154 669 045;10;0;2;2;1;1
202000041704;154 669 041;7;13;0;0;1;1
202000041705;154 669 039;7;0;9;2;16;2
202000041705;154 669 040;1;0;2;1;18;5
202000041706;154 669 038;7;4;0;2;15;1
202000041707;154 669 036;34;0;2;1;17;0
202000041707;154 669 037;7;0;2;6;15;0
202000041708;154 669 034;50;0;2;8;25;3
202000041708;154 669 035;10;0;2;1;2;1
202000041709;154 669 032;31;0;2;7;15;0
202000041709;154 669 033;3;0;2;0;1;0
202000041710;154 669 030;7;0;2;1;16;1
202000041710;154 669 031;37;0;2;2;1;1
202000041711;154 669 026;33;0;2;7;1;1
202000041711;154 669 027;14;0;2;6;21;0
202000041712;154 669 025;7;1;0;2;14;1
202000041713;154 669 024;33;0;0;1;1;6
202000041714;154 669 023;30;0;0;0;1;1
202000041715;154 669 021;32;0;2;7;9;1
202000041715;154 669 022;7;0;2;3;9;2
202000041716;154 669 020;33;8;0;2;26;0
202000041717;154 669 018;7;0;2;6;1;1
202000041717;154 669 019;60;0;2;1;19;5
202000041718;154 669 017;7;0;1;2;1;1
202000041719;154 669 016;7;1;0;1;19;1
202000041720;154 669 014;2;0;2;1;1;1
202000041720;154 669 015;7;0;0;3;15;0
202000041721;154 669 012;10;0;2;1;1;1
202000041721;154 669 013;7;0;2;1;5;1
202000041722;154 669 010;7;0;9;2;1;1
202000041722;154 669 011;1;0;2;1;19;5
202000041723;154 669 008;7;0;2;1;19;1
202000041723;154 669 009;7;0;2;7;1;0
202000041724;154 669 006;2;0;0;7;25;1
202000041724;154 669 007;7;0;0;3;20;1
202000041725;154 669 004;40;0;2;2;1;3
202000041725;154 669 005;7;0;4;3;19;1
202000041726;154 669 002;1;1;0;7;1;5
202000041726;154 669 003;7;0;2;8;20;1
202000041727;154 669 000;7;9;2;6;16;1
202000041727;154 669 001;7;1;1;1;1;1
202000041728;154 668 999;7;1;0;2;14;1
202000041729;154 668 996;2;0;2;1;1;1
202000041729;154 668 997;7;0;2;4;1;1
202000041729;154 668 998;7;0;2;0;9;1
202000041730;154 668 994;7;0;2;1;1;2
202000041730;154 668 995;7;0;2;7;26;0
202000041731;154 668 993;30;12;0;2;0;1
202000041732;154 668 992;7;0;0;9;0;0
202000041733;154 668 991;7;0;1;2;26;0
202000041734;154 668 989;7;0;2;2;20;1
202000041734;154 668 990;2;0;2;1;1;1
202000041735;154 668 987;7;0;2;1;1;0
202000041735;154 668 988;7;0;2;8;15;1
202000041736;154 668 986;30;0;0;7;16;1
202000041737;154 668 985;7;4;0;7;14;2
202000041738;154 668 983;7;0;2;5;1;1
202000041738;154 668 984;30;0;2;3;1;1
202000041739;154 668 979;1;0;2;1;1;5
202000041739;154 668 980;1;0;2;1;1;5
202000041739;154 668 981;1;0;2;1;1;5
202000041739;154 668 982;7;7;2;7;5;1
202000041740;154 668 977;1;0;2;1;7;5
202000041740;154 668 978;7;0;2;2;16;1
202000041741;154 668 976;7;9;0;1;5;1
202000041742;154 668 975;7;0;1;1;15;1
202000041743;154 668 974;7;1;0;2;5;1
202000041744;154 668 973;1;0;1;1;1;5
202000041745;154 668 972;7;1;0;1;13;1
202000041746;154 668 970;7;0;2;8;13;1
202000041746;154 668 971;32;0;2;5;1;1
202000041747;154 668 969;30;14;0;1;14;1
202000041748;154 668 967;1;0;2;1;5;1
202000041748;154 668 968;30;0;2;1;1;1
202000041749;154 668 965;43;0;2;0;2;1
202000041749;154 668 966;7;0;0;0;16;0
202000041750;154 668 964;7;0;1;3;19;1
202000041751;154 668 963;14;12;2;1;14;1
202000041752;154 668 962;3;0;1;2;9;0
202000041753;154 668 961;7;9;0;2;1;1
202000041754;154 668 959;7;0;2;1;1;0
202000041754;154 668 960;32;0;2;5;10;0
202000041755;154 668 957;34;0;0;0;2;1
202000041755;154 668 958;34;4;0;0;2;1
202000041756;154 668 955;7;0;2;3;15;1
202000041756;154 668 956;1;0;2;1;17;5
202000041757;154 668 954;33;4;0;7;0;1
202000041758;154 668 952;10;0;2;7;15;1
202000041758;154 668 953;33;0;2;1;1;1
202000041759;154 668 947;33;0;6;1;1;1
202000041760;154 668 946;36;13;0;0;14;1
202000041761;154 668 942;7;0;2;6;2;1
202000041761;154 668 943;7;0;2;3;13;2
202000041761;154 668 944;7;0;2;3;1;1
202000041761;154 668 945;7;0;2;3;2;1
202000041762;154 668 940;7;0;2;3;1;1
202000041762;154 668 941;7;0;2;2;19;1
202000041763;154 668 938;7;0;0;4;15;0
202000041763;154 668 939;33;0;2;1;2;0
202000041764;154 668 937;33;0;0;0;1;1
202000041765;154 668 934;7;0;0;4;1;1
202000041765;154 668 935;7;0;2;1;1;1
202000041765;154 668 936;7;0;2;1;1;1
202000041766;154 668 931;34;9;0;1;1;0
202000041767;154 668 930;1;0;1;1;26;5
202000041768;154 668 928;7;15;0;1;26;1
202000041768;154 668 929;7;15;0;7;2;1
202000041769;154 668 926;7;0;2;1;16;1
202000041769;154 668 927;31;0;2;1;17;1
202000041770;154 668 925;7;0;0;1;1;0
202000041771;154 668 924;10;0;1;2;15;1
202000041772;154 668 921;60;0;2;1;1;5
202000041772;154 668 922;7;0;2;8;26;0
202000041773;154 668 919;33;0;2;1;1;1
202000041773;154 668 920;7;0;2;1;15;1
202000041774;154 668 918;33;0;0;8;15;1
202000041775;154 668 916;7;0;2;8;13;1
202000041775;154 668 917;31;0;2;7;17;1
202000041776;154 668 914;7;0;2;2;26;1
202000041776;154 668 915;7;0;2;3;26;1
202000041777;154 668 912;7;0;2;9;1;1
202000041777;154 668 913;7;0;2;1;1;0
202000041778;154 668 911;7;0;1;2;15;1
202000041779;154 668 910;7;0;1;1;15;1
202000041780;154 668 909;7;13;0;3;14;1
202000041781;154 668 907;40;0;2;7;1;3
202000041781;154 668 908;7;0;4;3;15;1
202000041782;154 668 906;7;4;0;3;1;1
202000041783;154 668 904;7;0;2;4;15;1
202000041783;154 668 905;7;0;2;3;1;1
202000041784;154 668 902;7;0;2;7;0;1
202000041784;154 668 903;33;0;2;1;2;1
202000041785;154 668 901;7;9;0;1;1;1
202000041786;154 668 900;7;1;0;1;2;1
202000041787;154 668 899;7;0;1;1;1;1
202000041788;154 668 897;2;0;2;6;15;3
202000041788;154 668 898;7;0;2;2;17;1
202000041789;154 668 895;1;0;2;0;0;5
202000041789;154 668 896;7;0;9;0;0;1
202000041790;154 668 893;1;12;2;1;9;6
202000041790;154 668 894;7;12;9;1;9;0
202000041791;154 668 891;7;0;2;1;1;1
202000041791;154 668 892;80;0;2;7;1;3
202000041792;154 668 890;7;8;0;8;13;1
202000041793;154 668 888;30;0;2;0;9;1
202000041793;154 668 889;10;0;2;1;1;1
202000041794;154 668 886;7;0;2;1;0;1
202000041794;154 668 887;32;0;2;4;0;1
202000041795;154 668 884;7;0;2;1;1;1
202000041795;154 668 885;7;0;2;0;1;1
202000041796;154 668 883;7;4;0;1;1;1
202000041797;154 668 882;7;0;1;1;1;1
202000041798;154 668 880;33;0;2;1;13;1
202000041798;154 668 881;7;0;2;1;1;3
202000041799;154 668 878;7;0;2;5;15;1
202000041799;154 668 879;33;0;2;8;0;1
202000041800;154 668 875;10;0;2;8;1;1
202000041800;154 668 876;7;0;2;7;12;1
202000041800;154 668 877;33;0;2;1;3;1
202000041801;154 668 874;7;0;1;2;15;1
202000041802;154 668 873;10;0;1;2;20;1
202000041803;154 668 872;7;0;1;1;1;1
202000041804;154 668 871;30;0;1;1;1;1
202000041805;154 668 869;33;0;2;1;1;1
202000041805;154 668 870;30;0;1;1;1;3
202000041806;154 668 867;32;0;2;2;15;1
202000041806;154 668 868;30;0;2;3;1;3
202000041807;154 668 866;7;0;1;0;0;0
202000041808;154 668 865;7;0;1;8;1;1
202000041809;154 668 862;7;0;2;4;23;1
202000041809;154 668 863;7;0;2;9;23;1
202000041809;154 668 864;7;0;2;1;1;1
202000041810;154 668 860;30;0;2;3;1;1
202000041810;154 668 861;43;0;2;2;1;1
202000041811;154 668 858;33;0;2;1;1;0
202000041811;154 668 859;1;0;2;4;11;5
202000041812;154 668 857;7;0;1;8;1;0
202000041813;154 668 855;7;0;2;2;1;1
202000041813;154 668 856;50;0;2;1;19;3
202000041814;154 668 854;30;14;0;1;14;1
202000041815;154 668 852;7;0;2;7;14;1
202000041815;154 668 853;32;0;2;3;1;1
202000041816;154 668 850;1;0;2;1;1;5
202000041816;154 668 851;1;0;2;1;9;5
202000041817;154 668 849;1;0;0;0;21;5
202000041818;154 668 847;33;0;2;1;3;1
202000041818;154 668 848;7;0;2;6;15;1
202000041819;154 668 845;7;0;2;3;15;0
202000041819;154 668 846;32;0;2;1;1;1
202000041820;154 668 843;10;0;2;7;15;1
202000041820;154 668 844;36;0;2;1;1;1
202000041821;154 668 842;1;0;1;1;1;5
202000041822;154 668 840;33;0;2;1;1;1
202000041822;154 668 841;7;0;2;1;19;1
202000041823;154 668 838;7;0;2;1;15;1
202000041823;154 668 839;30;0;0;8;1;0
202000041824;154 668 836;10;0;2;2;16;1
202000041824;154 668 837;34;0;2;3;18;1
202000041825;154 668 834;10;0;2;2;9;1
202000041825;154 668 835;30;0;2;1;2;1
202000041826;154 668 832;10;0;2;1;2;1
202000041826;154 668 833;7;0;9;4;23;1
202000041827;154 668 830;7;0;2;0;1;0
202000041827;154 668 831;32;0;2;1;18;1
202000041828;154 668 828;7;0;2;3;13;1
202000041828;154 668 829;7;0;2;3;1;1
202000041829;154 668 826;7;0;1;3;26;1
202000041830;154 668 825;7;4;0;3;14;1
202000041831;154 668 822;7;0;2;1;15;1
202000041831;154 668 823;7;0;2;1;1;1
202000041832;154 668 820;1;0;2;1;13;5
202000041832;154 668 821;7;0;2;1;1;1
202000041833;154 668 818;7;0;2;3;1;1
202000041833;154 668 819;7;0;2;2;11;1
202000041834;154 668 817;7;8;0;1;13;1
202000041835;154 668 814;7;0;2;1;1;6
202000041835;154 668 815;10;0;2;1;5;6
202000041836;154 668 813;7;11;0;0;0;1
202000041837;154 668 811;10;0;2;3;1;1
202000041837;154 668 812;7;0;2;3;13;1
202000041838;154 668 809;7;0;2;3;13;1
202000041838;154 668 810;7;0;2;3;1;1
202000041839;154 668 807;7;0;2;3;1;1
202000041839;154 668 808;10;0;2;1;13;1
202000041840;154 668 805;7;0;2;2;20;1
202000041840;154 668 806;2;0;2;1;1;1
202000041841;154 668 804;7;1;0;1;1;1
202000041842;154 668 803;2;12;0;7;1;1
202000041843;154 668 802;7;2;0;1;1;1
202000041844;154 668 801;7;17;0;6;0;1
202000041845;154 668 800;36;6;0;1;1;1
202000041846;154 668 798;2;0;2;1;0;1
202000041846;154 668 799;2;0;2;1;0;1
202000041847;154 668 797;7;8;0;1;1;1
202000041848;154 668 795;7;0;2;1;1;1
202000041848;154 668 796;7;0;2;8;1;1
202000041849;154 668 794;2;0;0;8;1;1
202000041850;154 668 793;7;2;0;3;1;1
202000041851;154 668 792;7;13;0;2;1;1
202000041852;154 668 790;7;0;2;1;15;1
202000041852;154 668 791;1;0;2;8;1;5
202000041853;154 668 789;7;1;1;1;13;1
202000041854;154 668 787;7;0;2;1;1;0
202000041854;154 668 788;33;0;2;1;17;0
202000041855;154 668 786;33;0;0;3;1;1
202000041856;154 668 784;10;0;2;3;15;1
202000041856;154 668 785;7;0;2;3;1;1
202000041857;154 668 782;7;9;2;7;19;0
202000041857;154 668 783;7;9;2;1;26;0
202000041858;154 668 781;7;2;0;2;1;1
202000041859;154 668 780;7;0;0;0;1;1
202000041860;154 668 779;7;2;0;6;13;1
202000041861;154 668 777;7;0;2;2;2;0
202000041861;154 668 778;3;2;0;6;1;0
202000041862;154 668 775;33;0;9;3;1;1
202000041862;154 668 776;7;0;9;2;1;0
202000041863;154 668 773;7;0;2;1;17;0
202000041863;154 668 774;7;0;2;1;1;0
202000041864;154 668 772;32;14;0;1;13;1
202000041865;154 668 771;7;2;0;7;1;1
202000041866;154 668 768;7;0;0;4;14;1
202000041866;154 668 769;7;0;2;3;14;1
202000041866;154 668 770;7;1;0;1;17;1
202000041867;154 668 767;7;0;1;2;21;1
202000041868;154 668 765;7;0;9;1;9;1
202000041868;154 668 766;1;0;2;7;1;5
202000041869;154 668 763;7;8;2;6;1;0
202000041869;154 668 764;7;0;2;1;1;0
202000041870;154 668 761;7;0;2;3;1;1
202000041870;154 668 762;33;0;2;1;1;1
202000041871;154 668 759;7;0;2;2;19;1
202000041871;154 668 760;2;0;2;1;1;1
202000041872;154 668 757;1;0;2;0;5;5
202000041872;154 668 758;7;0;9;3;1;1
202000041873;154 668 756;7;13;0;9;1;1
202000041874;154 668 755;7;4;0;3;1;1
202000041875;154 668 753;7;0;2;1;2;1
202000041875;154 668 754;7;0;0;4;1;1
202000041876;154 668 751;7;0;2;1;2;1
202000041876;154 668 752;7;0;2;4;1;1
202000041877;154 668 748;7;0;0;4;1;1
202000041877;154 668 749;31;0;2;5;1;1
202000041877;154 668 750;7;0;2;8;11;1