Num_Acc;id_vehicule;catv;obs;obsm;choc;manv;motor
202000042210;154 668 123;7;0;2;3;11;1
202000042210;154 668 124;2;0;2;7;1;1
202000042211;154 668 121;7;0;2;7;17;1
202000042211;154 668 122;2;0;2;8;2;1
202000042212;154 668 120;30;0;0;0;15;1
202000042213;154 668 119;80;0;1;1;1;3
202000042214;154 668 117;1;0;2;2;1;5
202000042214;154 668 118;10;0;2;2;9;1
202000042215;154 668 115;10;0;2;7;16;1
202000042215;154 668 116;31;0;2;1;18;1
202000042216;154 668 113;7;0;2;2;16;1
202000042216;154 668 114;30;0;2;6;18;3
202000042217;154 668 112;34;0;1;8;1;1
202000042218;154 668 110;1;0;2;7;1;5
202000042218;154 668 111;7;0;2;3;1;1
202000042219;154 668 108;7;0;2;3;15;1
202000042219;154 668 109;2;0;2;2;8;1
202000042220;154 668 106;1;0;2;8;15;5
202000042220;154 668 107;32;0;2;7;2;1
202000042221;154 668 105;33;1;0;1;1;1
202000042222;154 668 103;34;12;2;4;23;1
202000042222;154 668 104;33;0;2;1;1;1
202000042223;154 668 102;30;0;1;3;2;0
202000042224;154 668 100;7;0;2;2;9;1
202000042224;154 668 101;99;0;2;7;1;3
202000042225;154 668 099;32;0;1;1;1;1
202000042226;154 668 097;10;0;2;5;12;0
202000042226;154 668 098;7;0;2;5;23;1
202000042227;154 668 096;7;8;0;1;1;1
202000042228;154 668 094;32;0;2;1;1;1
202000042228;154 668 095;7;0;2;3;15;1
202000042229;154 668 092;7;0;2;4;23;1
202000042229;154 668 093;7;0;2;1;13;1
202000042230;154 668 091;1;1;0;1;1;6
202000042231;154 668 089;7;0;2;2;15;1
202000042231;154 668 090;7;0;2;1;1;1
202000042232;154 668 086;7;0;2;1;2;1
202000042232;154 668 087;7;0;2;1;2;1
202000042232;154 668 088;7;0;2;4;2;1
202000042233;154 668 084;7;0;2;3;15;1
202000042233;154 668 085;32;0;2;1;0;1
202000042234;154 668 082;32;0;2;7;17;1
202000042234;154 668 083;7;0;2;3;15;1
202000042235;154 668 081;10;0;1;3;1;1
202000042236;154 668 079;1;0;2;2;1;5
202000042236;154 668 080;7;0;2;3;15;1
202000042237;154 668 077;7;0;2;3;15;1
202000042237;154 668 078;32;0;2;2;17;1
202000042238;154 668 075;7;0;2;3;20;0
202000042238;154 668 076;31;0;2;2;13;0
202000042239;154 668 072;1;1;0;0;0;5
202000042239;154 668 073;10;0;2;0;22;1
202000042239;154 668 074;7;0;2;3;26;1
202000042240;154 668 070;10;0;2;1;1;1
202000042240;154 668 071;7;0;2;4;1;1
202000042241;154 668 069;33;0;1;2;1;1
202000042242;154 668 068;13;0;1;3;1;1
202000042243;154 668 066;7;0;2;1;1;0
202000042243;154 668 067;7;0;2;4;1;0
202000042244;154 668 065;7;4;0;3;11;1
202000042245;154 668 063;7;0;2;1;1;1
202000042245;154 668 064;2;0;2;1;19;1
202000042246;154 668 062;7;6;0;1;13;1
202000042247;154 668 059;7;0;2;8;21;1
202000042247;154 668 060;7;0;2;3;26;1
202000042247;154 668 061;7;0;2;1;21;1
202000042248;154 668 056;7;0;2;1;1;1
202000042248;154 668 057;7;0;2;4;1;1
202000042248;154 668 058;15;0;2;1;2;1
202000042249;154 668 054;7;0;2;2;13;1
202000042249;154 668 055;7;0;2;1;1;1
202000042250;154 668 052;15;0;2;1;1;1
202000042250;154 668 053;7;0;2;1;13;1
202000042251;154 668 051;33;6;2;2;0;1
202000042252;154 668 049;7;0;2;1;13;1
202000042252;154 668 050;7;0;2;1;1;1
202000042253;154 668 047;7;0;2;1;1;1
202000042253;154 668 048;7;0;2;1;13;1
202000042254;154 668 045;2;0;2;8;16;1
202000042254;154 668 046;7;0;2;2;1;0
202000042255;154 668 042;21;0;2;4;26;0
202000042255;154 668 043;1;0;2;1;25;5
202000042256;154 668 040;2;0;2;1;1;1
202000042256;154 668 041;7;0;2;8;15;1
202000042257;154 668 039;7;8;0;1;1;1
202000042258;154 668 037;7;0;2;1;1;1
202000042258;154 668 038;7;0;2;8;19;1
202000042259;154 668 035;31;0;2;1;17;1
202000042259;154 668 036;21;0;0;6;1;1
202000042260;154 668 033;36;0;2;3;1;1
202000042260;154 668 034;7;0;2;2;1;1
202000042261;154 668 032;10;16;0;0;1;1
202000042262;154 668 030;2;0;2;1;1;1
202000042262;154 668 031;7;0;2;2;16;1
202000042263;154 668 029;33;7;0;1;1;1
202000042264;154 668 027;7;3;2;3;1;1
202000042264;154 668 028;7;0;2;3;13;1
202000042265;154 668 025;7;15;0;1;1;1
202000042265;154 668 026;7;0;2;1;1;1
202000042266;154 668 024;7;2;0;9;1;1
202000042267;154 668 022;7;0;2;3;1;1
202000042267;154 668 023;7;0;2;3;13;1
202000042268;154 668 021;7;0;1;1;1;1
202000042269;154 668 019;15;0;0;2;12;1
202000042269;154 668 020;7;0;0;6;1;1
202000042270;154 668 017;7;0;2;8;1;1
202000042270;154 668 018;38;0;2;3;1;1
202000042271;154 668 016;7;8;0;2;14;1
202000042272;154 668 014;7;0;2;5;23;0
202000042272;154 668 015;31;0;2;1;18;1
202000042273;154 668 012;7;0;2;3;15;1
202000042273;154 668 013;34;0;2;1;1;1
202000042274;154 668 008;7;0;2;3;1;1
202000042274;154 668 009;7;0;2;3;13;0
202000042274;154 668 010;7;0;0;0;1;1
202000042274;154 668 011;10;3;0;8;1;1
202000042275;154 668 004;7;0;2;3;1;1
202000042275;154 668 005;7;0;2;3;1;1
202000042276;154 668 001;33;12;0;1;1;1
202000042277;154 667 998;7;0;2;2;1;1
202000042277;154 667 999;7;3;2;1;5;1
202000042277;154 668 000;99;0;2;1;1;1
202000042278;154 667 997;7;4;0;1;1;1
202000042279;154 667 994;7;0;2;4;2;1
202000042279;154 667 995;7;0;2;4;2;1
202000042279;154 667 996;7;0;2;1;2;1
202000042280;154 667 991;7;0;2;1;2;1
202000042280;154 667 992;7;0;2;1;2;1
202000042280;154 667 993;7;0;2;4;2;1
202000042281;154 667 990;7;4;0;3;21;1
202000042282;154 667 989;7;2;0;1;12;1
202000042283;154 667 987;7;0;2;3;11;1
202000042283;154 667 988;34;0;2;1;1;1
202000042284;154 667 985;7;0;2;1;0;1
202000042284;154 667 986;14;0;0;4;0;1
202000042285;154 667 983;7;0;2;4;1;1
202000042285;154 667 984;7;0;2;1;12;1
202000042286;154 667 981;7;0;2;2;1;1
202000042286;154 667 982;17;0;2;8;11;1
202000042287;154 667 980;10;0;1;1;1;1
202000042288;154 667 978;33;0;2;0;17;1
202000042288;154 667 979;7;0;2;1;15;1
202000042289;154 667 976;7;0;2;2;1;1
202000042289;154 667 977;7;0;2;3;16;1
202000042290;154 667 974;7;0;2;2;0;0
202000042290;154 667 975;7;0;0;0;11;0
202000042291;154 667 970;7;0;2;3;2;1
202000042291;154 667 971;7;0;2;3;26;1
202000042291;154 667 972;7;0;2;3;0;1
202000042291;154 667 973;7;0;2;6;2;1
202000042292;154 667 968;33;0;2;7;2;1
202000042292;154 667 969;7;0;2;1;16;1
202000042293;154 667 967;10;0;1;6;26;1
202000042294;154 667 965;7;0;2;8;9;1
202000042294;154 667 966;7;0;2;3;1;1
202000042295;154 667 963;7;0;2;8;15;1
202000042295;154 667 964;30;0;2;1;1;1
202000042296;154 667 960;7;0;0;1;1;1
202000042296;154 667 961;30;0;2;1;1;1
202000042297;154 667 956;7;0;2;1;2;0
202000042297;154 667 957;2;0;2;4;2;1
202000042298;154 667 954;7;0;2;4;23;1
202000042298;154 667 955;14;0;2;1;2;1
202000042299;154 667 952;7;0;2;8;13;0
202000042299;154 667 953;7;0;2;7;2;0
202000042300;154 667 950;7;0;2;1;2;1
202000042300;154 667 951;7;0;2;4;2;1
202000042301;154 667 948;30;0;2;0;17;1
202000042301;154 667 949;7;0;2;8;15;1
202000042302;154 667 946;7;0;2;1;1;1
202000042302;154 667 947;7;12;2;7;15;1
202000042303;154 667 944;7;0;2;3;1;1
202000042303;154 667 945;32;0;2;3;17;1
202000042304;154 667 942;32;0;2;1;17;1
202000042304;154 667 943;7;0;2;8;15;1
202000042305;154 667 941;7;0;1;2;1;1
202000042306;154 667 938;2;0;2;8;11;1
202000042306;154 667 939;33;0;2;1;1;0
202000042306;154 667 940;7;0;2;1;1;-1
202000042307;154 667 936;7;0;1;3;5;0
202000042308;154 667 934;7;0;2;3;15;1
202000042308;154 667 935;30;0;2;1;17;1
202000042309;154 667 933;30;0;2;0;21;1
202000042310;154 667 931;7;0;2;4;2;1
202000042310;154 667 932;7;0;2;1;2;1
202000042311;154 667 929;13;0;2;2;1;1
202000042311;154 667 930;1;0;2;1;1;5
202000042312;154 667 928;10;8;0;1;17;1
202000042313;154 667 926;10;0;2;1;1;1
202000042313;154 667 927;7;0;2;8;1;1
202000042314;154 667 924;33;0;2;1;17;1
202000042314;154 667 925;7;0;2;4;26;1
202000042315;154 667 923;31;0;1;1;1;1
202000042316;154 667 922;10;0;1;1;1;1
202000042317;154 667 920;7;0;2;2;1;1
202000042317;154 667 921;2;0;2;8;1;1
202000042318;154 667 918;7;0;2;4;2;1
202000042318;154 667 919;7;0;2;1;2;1
202000042319;154 667 917;7;0;1;1;16;1
202000042320;154 667 916;37;0;1;1;1;1
202000042321;154 667 914;7;0;2;1;1;1
202000042321;154 667 915;7;0;2;3;16;1
202000042322;154 667 913;7;0;1;1;1;1
202000042323;154 667 911;30;0;2;3;14;1
202000042323;154 667 912;7;0;2;5;15;0
202000042324;154 667 909;7;0;2;8;15;1
202000042324;154 667 910;7;0;2;1;17;1
202000042325;154 667 908;7;2;0;2;13;1
202000042326;154 667 906;50;0;2;5;26;3
202000042326;154 667 907;7;0;2;1;9;1
202000042327;154 667 903;7;0;2;1;2;1
202000042327;154 667 904;7;0;2;4;2;1
202000042327;154 667 905;7;0;2;1;2;1
202000042328;154 667 901;7;0;2;2;0;1
202000042328;154 667 902;7;0;2;2;0;1
202000042329;154 667 899;1;0;2;0;0;5
202000042329;154 667 900;7;0;2;1;0;1
202000042330;154 667 897;1;0;2;7;1;5
202000042330;154 667 898;7;0;2;1;9;1
202000042331;154 667 896;7;15;0;1;1;1
202000042332;154 667 895;1;0;1;1;1;5
202000042333;154 667 894;7;0;1;2;1;1
202000042334;154 667 893;7;0;1;2;1;1
202000042335;154 667 892;7;0;1;1;2;1
202000042336;154 667 891;7;0;1;1;1;1
202000042337;154 667 889;17;0;2;3;4;0
202000042337;154 667 890;32;0;2;1;1;1
202000042338;154 667 886;1;0;2;7;19;5
202000042338;154 667 887;1;0;2;7;19;5
202000042338;154 667 888;7;0;2;1;1;1
202000042339;154 667 884;1;0;4;6;19;5
202000042339;154 667 885;40;0;2;1;1;3
202000042340;154 667 882;7;0;2;4;1;1
202000042340;154 667 883;7;0;2;1;1;1
202000042341;154 667 881;7;0;1;1;1;1
202000042342;154 667 879;3;0;2;1;9;1
202000042342;154 667 880;7;14;0;4;1;1
202000042343;154 667 878;2;0;0;3;26;1
202000042344;154 667 876;14;0;9;1;9;1
202000042344;154 667 877;1;0;2;4;1;5
202000042345;154 667 874;1;0;2;8;16;5
202000042345;154 667 875;7;0;2;7;16;1
202000042346;154 667 873;7;0;1;1;1;1
202000042347;154 667 871;7;0;2;1;9;1
202000042347;154 667 872;2;0;2;1;17;1
202000042348;154 667 870;7;0;1;1;1;1
202000042349;154 667 868;7;0;2;3;13;1
202000042349;154 667 869;7;0;2;3;1;1
202000042350;154 667 866;7;0;2;5;16;1
202000042350;154 667 867;34;0;2;2;7;1
202000042351;154 667 864;7;0;2;8;15;1
202000042351;154 667 865;10;0;2;1;1;1
202000042352;154 667 862;0;0;2;0;11;0
202000042352;154 667 863;7;0;2;5;1;1
202000042353;154 667 860;7;0;2;4;2;1
202000042353;154 667 861;34;0;2;1;2;1
202000042354;154 667 859;31;16;0;7;0;1
202000042355;154 667 858;7;4;0;1;2;1
202000042356;154 667 856;7;0;2;2;1;1
202000042356;154 667 857;33;0;2;1;9;1
202000042357;154 667 854;31;0;2;1;3;1
202000042357;154 667 855;7;0;2;4;11;1
202000042358;154 667 851;7;0;2;4;2;1
202000042358;154 667 852;17;0;2;4;2;1
202000042358;154 667 853;14;0;2;1;2;1
202000042359;154 667 850;33;0;1;1;0;1
202000042360;154 667 848;7;0;2;3;11;1
202000042360;154 667 849;34;0;2;2;9;1
202000042361;154 667 845;7;1;0;7;12;1
202000042361;154 667 846;15;1;0;3;1;1
202000042361;154 667 847;7;1;0;0;0;1
202000042362;154 667 843;10;1;0;4;24;1
202000042362;154 667 844;33;1;0;1;9;1
202000042363;154 667 841;7;0;0;0;0;1
202000042363;154 667 842;32;0;2;0;26;1
202000042364;154 667 839;7;0;0;8;12;1
202000042364;154 667 840;7;0;2;0;26;1
202000042365;154 667 837;10;0;2;2;12;1
202000042365;154 667 838;43;0;2;8;0;1
202000042366;154 667 835;7;0;2;5;0;1
202000042366;154 667 836;7;0;2;3;2;1
202000042367;154 667 833;7;0;2;4;1;1
202000042367;154 667 834;10;0;2;1;2;1
202000042368;154 667 831;7;0;2;3;11;1
202000042368;154 667 832;7;4;2;4;1;1
202000042369;154 667 829;7;0;2;5;12;1
202000042369;154 667 830;34;0;2;3;3;1
202000042370;154 667 828;33;0;0;9;13;1
202000042371;154 667 826;33;0;2;3;2;1
202000042371;154 667 827;7;0;2;5;2;1
202000042372;154 667 825;7;4;0;1;1;1
202000042373;154 667 823;33;0;2;8;3;1
202000042373;154 667 824;7;0;2;7;12;1
202000042374;154 667 822;33;0;0;9;26;1
202000042375;154 667 819;7;0;2;7;1;1
202000042375;154 667 820;17;0;2;2;12;1
202000042375;154 667 821;7;0;2;4;11;1
202000042376;154 667 817;7;0;2;3;15;1
202000042376;154 667 818;1;0;0;0;0;0
202000042377;154 667 815;7;0;2;1;17;1
202000042377;154 667 816;3;4;2;4;1;1
202000042378;154 667 814;7;0;1;2;1;1
202000042379;154 667 812;7;0;2;3;1;1
202000042379;154 667 813;7;0;2;1;13;1
202000042380;154 667 811;7;0;1;3;16;1
202000042381;154 667 809;31;0;2;1;1;1
202000042381;154 667 810;7;15;0;6;15;1
202000042382;154 667 806;7;0;1;1;1;2
202000042383;154 667 805;7;0;2;2;15;1
202000042383;154 667 807;7;0;2;3;2;1
202000042383;154 667 808;7;0;2;5;0;1
202000042384;154 667 801;1;0;2;1;10;5
202000042384;154 667 803;7;0;2;2;1;1
202000042385;154 667 798;7;0;0;0;1;1
202000042386;154 667 797;7;0;2;3;15;0
202000042386;154 667 799;2;0;2;1;8;3
202000042387;154 667 794;7;0;2;3;2;6
202000042387;154 667 795;50;0;2;1;19;3
202000042388;154 667 796;7;0;1;3;15;1
202000042389;154 667 793;7;15;0;2;15;3
202000042390;154 667 789;7;0;2;1;26;1
202000042390;154 667 791;7;0;2;1;26;1
202000042391;154 667 790;7;0;2;2;2;2
202000042391;154 667 792;7;0;2;7;19;1
202000042392;154 667 785;20;0;2;1;1;0
202000042392;154 667 786;32;0;2;8;1;0
202000042393;154 667 783;31;0;2;8;18;1
202000042393;154 667 788;7;0;2;2;16;1
202000042394;154 667 784;7;0;2;4;15;1
202000042394;154 667 787;7;0;2;1;0;1
202000042395;154 667 779;7;0;2;1;2;1
202000042395;154 667 781;7;0;2;4;2;1
202000042395;154 667 782;7;0;2;4;1;1
202000042396;154 667 780;30;14;0;2;18;1
202000042397;154 667 778;7;0;1;1;1;1
202000042398;154 667 776;7;0;2;3;13;0
202000042398;154 667 777;7;0;2;3;1;0
202000042399;154 667 771;7;0;2;3;15;1
202000042399;154 667 775;2;0;2;1;1;1
202000042400;154 667 772;30;0;2;1;1;1
202000042400;154 667 774;7;0;2;1;15;1
202000042401;154 667 770;50;0;2;6;1;3
202000042401;154 667 773;7;0;2;6;15;1
202000042402;154 667 768;7;16;0;9;14;1
202000042403;154 667 765;7;0;1;3;15;1
202000042404;154 667 763;7;0;1;1;1;1
202000042405;154 667 764;7;0;1;2;16;1
202000042406;154 667 761;37;0;1;2;26;1
202000042407;154 667 760;7;0;2;3;9;1
202000042407;154 667 762;2;0;2;5;9;1
202000042408;154 667 766;7;0;2;5;24;1
202000042408;154 667 767;1;0;2;1;2;5
202000042408;154 667 769;7;0;2;0;13;1
202000042409;154 667 756;7;0;2;4;2;0
202000042409;154 667 758;7;0;2;1;2;1
202000042410;154 667 754;2;12;0;4;2;1
202000042411;154 667 757;10;0;2;1;9;1
202000042411;154 667 759;7;0;2;3;9;1
202000042412;154 667 753;7;15;0;6;1;1
202000042413;154 667 752;7;12;1;2;16;1
202000042414;154 667 751;7;0;2;1;15;1
202000042414;154 667 755;1;0;2;2;1;5
202000042415;154 667 749;7;0;2;1;1;1
202000042415;154 667 750;7;0;2;2;1;1
202000042416;154 667 745;7;0;2;1;1;1
202000042416;154 667 747;7;0;2;2;15;1
202000042417;154 667 746;7;0;2;3;22;1
202000042417;154 667 748;43;0;2;1;1;1
202000042418;154 667 744;7;0;1;1;26;0
202000042419;154 667 740;13;0;2;0;17;1
202000042419;154 667 742;1;12;2;0;14;5
202000042420;154 667 738;7;0;2;4;0;1
202000042420;154 667 741;33;0;2;1;2;1
202000042421;154 667 737;7;0;2;2;15;1
202000042421;154 667 739;2;0;2;1;1;1
202000042422;154 667 736;50;14;0;1;13;3
202000042423;154 667 733;7;0;9;2;9;1
202000042423;154 667 735;1;0;2;8;26;5
202000042424;154 667 734;7;0;1;1;15;1
202000042425;154 667 730;30;0;0;2;1;1
202000042426;154 667 729;7;0;2;3;15;1
202000042426;154 667 731;2;0;2;4;2;6
202000042426;154 667 732;7;0;2;1;1;6
202000042427;154 667 726;99;0;1;1;1;3
202000042428;154 667 728;7;0;1;2;15;1
202000042429;154 667 725;7;0;2;1;2;1
202000042429;154 667 727;7;0;2;4;2;1
202000042430;154 667 720;7;0;2;3;1;1
202000042430;154 667 723;50;0;2;1;15;3
202000042431;154 667 719;7;0;2;8;23;1
202000042431;154 667 721;7;0;2;0;23;2
202000042431;154 667 722;7;0;2;9;1;1
202000042431;154 667 724;7;0;2;1;1;1
202000042432;154 667 713;7;1;0;1;16;1
202000042433;154 667 716;7;0;2;1;1;1
202000042433;154 667 718;7;0;2;1;13;1
202000042434;154 667 711;33;0;2;7;17;1
202000042434;154 667 712;17;0;0;8;15;1
202000042435;154 667 714;32;0;0;7;16;3
202000042436;154 667 709;33;0;2;3;18;1
202000042436;154 667 710;7;0;2;0;0;1
202000042437;154 667 706;7;0;2;5;9;1
202000042437;154 667 708;7;0;2;1;2;1
202000042438;154 667 707;13;0;1;8;16;1
202000042439;154 667 703;1;0;2;0;0;5
202000042439;154 667 704;7;0;2;3;1;1
202000042440;154 667 705;7;0;1;1;9;1
202000042441;154 667 701;7;0;1;1;19;1
202000042442;154 667 700;7;2;0;1;1;1
202000042443;154 667 696;32;0;2;1;1;0
202000042443;154 667 698;7;0;2;6;10;0
202000042444;154 667 699;1;0;2;0;0;5
202000042444;154 667 702;7;0;2;2;16;1
202000042445;154 667 695;31;0;2;7;1;1
202000042445;154 667 697;7;0;2;3;1;1
202000042446;154 667 691;43;0;2;8;1;0
202000042446;154 667 693;10;0;2;7;12;0
202000042447;154 667 692;31;0;2;1;1;1
202000042447;154 667 694;15;0;2;7;15;0
202000042448;154 667 685;33;0;2;0;17;1
202000042448;154 667 689;7;0;2;8;19;1
202000042449;154 667 687;7;0;2;4;23;1
202000042449;154 667 688;7;1;0;4;23;1
202000042449;154 667 690;13;0;2;1;26;1
202000042450;154 667 680;7;0;2;3;16;1
202000042450;154 667 682;2;0;2;8;1;1
202000042451;154 667 681;7;0;2;3;10;1
202000042451;154 667 683;7;0;2;1;1;1
202000042452;154 667 679;30;0;0;0;26;1
202000042453;154 667 676;7;12;2;2;1;1
202000042453;154 667 677;7;12;2;1;9;1
202000042454;154 667 675;7;0;2;2;19;1
202000042454;154 667 678;10;0;2;0;1;1
202000042455;154 667 672;7;0;1;3;17;0
202000042456;154 667 673;7;0;2;4;1;1
202000042456;154 667 674;7;0;2;1;1;1
202000042457;154 667 671;7;0;2;1;15;1
202000042457;154 667 684;1;0;2;4;1;5
202000042458;154 667 669;7;0;2;1;15;0
202000042458;154 667 670;33;0;2;1;1;0
202000042459;154 667 666;7;0;2;1;13;1
202000042459;154 667 667;7;0;2;8;1;1
202000042460;154 667 663;10;0;2;2;15;0
202000042460;154 667 665;31;0;2;1;19;0
202000042461;154 667 661;7;0;2;4;23;1
202000042461;154 667 662;30;0;2;1;1;1
202000042462;154 667 659;37;0;2;2;1;1
202000042462;154 667 660;34;0;2;4;7;0
202000042463;154 667 664;1;0;2;1;1;5
202000042463;154 667 668;7;0;2;1;1;1
202000042464;154 667 657;7;0;2;3;15;1
202000042464;154 667 658;33;0;2;8;16;1
202000042465;154 667 655;7;0;2;1;1;1
202000042465;154 667 656;1;0;2;7;1;5
202000042466;154 667 651;7;0;2;8;15;1
202000042466;154 667 654;7;0;2;1;2;1
202000042467;154 667 652;1;0;2;0;21;5
202000042468;154 667 649;33;0;1;1;1;1
202000042469;154 667 648;33;14;0;1;1;1
202000042470;154 667 650;38;0;2;3;1;1
202000042470;154 667 653;7;0;2;3;15;1
202000042471;154 667 646;30;0;2;8;18;1
202000042471;154 667 647;33;0;2;7;16;1
202000042472;154 667 644;1;0;9;1;1;5
202000042472;154 667 645;50;0;9;1;1;3
202000042473;154 667 641;50;0;9;0;0;3
202000042473;154 667 643;1;0;9;1;26;5
202000042474;154 667 640;7;0;2;1;9;1
202000042474;154 667 642;7;0;2;8;1;1
202000042475;154 667 634;7;0;2;1;16;1
202000042475;154 667 636;33;0;2;3;1;1
202000042476;154 667 633;7;0;2;1;19;1
202000042476;154 667 637;99;0;2;6;20;1
202000042477;154 667 635;7;0;2;2;26;1
202000042477;154 667 638;7;1;2;6;0;1
202000042477;154 667 639;7;0;2;6;1;1
202000042478;154 667 631;31;0;2;1;1;1
202000042478;154 667 632;7;0;2;5;9;1
202000042479;154 667 630;7;16;0;1;13;1
202000042480;154 667 628;1;0;2;7;1;0
202000042480;154 667 629;10;0;2;3;1;1
202000042481;154 667 626;2;0;2;3;21;1
202000042481;154 667 627;1;0;2;3;13;5
202000042482;154 667 623;32;0;2;1;1;0
202000042482;154 667 624;10;0;2;7;20;0
202000042483;154 667 622;33;0;2;1;1;1
202000042483;154 667 625;7;0;2;5;15;1
202000042484;154 667 620;14;0;2;1;1;1
202000042484;154 667 621;7;0;2;1;13;1
202000042485;154 667 618;7;0;1;1;9;1
202000042486;154 667 617;7;0;2;1;1;1
202000042486;154 667 619;7;0;2;7;0;1
202000042487;154 667 612;7;0;1;1;1;1
202000042488;154 667 613;7;0;2;8;17;1
202000042488;154 667 615;10;0;2;3;1;1
202000042488;154 667 616;7;0;2;3;1;1
202000042489;154 667 610;7;0;2;3;11;1
202000042489;154 667 611;32;0;2;2;1;1
202000042490;154 667 608;1;0;0;0;0;5
202000042490;154 667 614;7;0;0;0;0;1
202000042491;154 667 607;7;0;2;3;15;1
202000042491;154 667 609;7;0;2;1;1;1
202000042492;154 667 606;7;0;1;2;1;1
202000042493;154 667 603;30;0;2;1;3;3
202000042493;154 667 604;7;0;2;7;1;1
202000042493;154 667 605;7;0;2;3;22;1
202000042494;154 667 602;30;0;0;3;15;1
202000042495;154 667 601;33;1;0;0;0;1
202000042496;154 667 597;2;4;0;1;1;1
202000042497;154 667 599;7;0;2;8;11;1
202000042497;154 667 600;32;0;2;2;3;1
202000042498;154 667 598;7;0;1;0;2;0
202000042499;154 667 595;7;13;0;2;0;1
202000042500;154 667 593;34;0;1;1;9;1
202000042501;154 667 594;7;0;2;6;2;1
202000042501;154 667 596;7;0;2;1;2;1
202000042502;154 667 592;7;13;0;1;0;1
202000042503;154 667 589;7;4;0;3;1;1
202000042504;154 667 587;1;0;2;1;1;5
202000042504;154 667 590;7;0;2;2;1;1
202000042505;154 667 586;10;0;2;4;2;1
202000042505;154 667 588;7;0;2;1;2;1
202000042505;154 667 591;7;0;2;4;2;1
202000042506;154 667 582;7;9;2;3;1;1
202000042506;154 667 585;7;0;2;3;26;1
202000042507;154 667 581;7;0;2;0;16;1
202000042507;154 667 584;30;0;2;1;1;1
202000042508;154 667 583;7;4;0;3;13;1
202000042509;154 667 580;31;0;0;8;1;1
202000042510;154 667 576;31;0;2;1;17;1
202000042510;154 667 578;7;0;2;8;10;1
202000042511;154 667 574;7;0;2;2;1;1
202000042511;154 667 575;1;0;2;0;0;5
202000042512;154 667 577;31;0;2;9;1;1
202000042512;154 667 579;7;0;2;1;19;1
202000042513;154 667 571;30;0;2;0;1;1
202000042513;154 667 573;7;0;2;5;16;1
202000042514;154 667 572;7;2;0;1;0;1
202000042515;154 667 568;50;0;2;0;1;3
202000042515;154 667 569;10;0;2;2;17;1
202000042516;154 667 567;7;0;2;2;1;1
202000042516;154 667 570;1;0;2;1;25;5
202000042517;154 667 565;33;13;0;1;1;0
202000042518;154 667 564;33;0;2;1;18;1
202000042518;154 667 566;7;0;2;2;22;1
202000042519;154 667 560;7;0;2;7;1;1
202000042519;154 667 561;7;4;2;2;1;1
202000042520;154 667 554;7;0;2;4;1;1
202000042520;154 667 556;7;0;2;9;1;1
202000042520;154 667 562;7;0;2;1;1;1
202000042520;154 667 563;7;0;2;4;26;1
202000042521;154 667 555;7;0;2;4;23;1
202000042521;154 667 557;10;0;2;1;2;1
202000042521;154 667 558;7;0;2;4;23;2
202000042521;154 667 559;7;0;2;4;23;1
202000042522;154 667 553;7;2;0;1;1;1
202000042523;154 667 551;10;0;1;1;15;1
202000042524;154 667 549;7;0;1;1;1;2
202000042525;154 667 548;7;0;2;2;17;1
202000042525;154 667 550;7;0;2;1;1;1
202000042526;154 667 547;37;0;2;1;1;0
202000042526;154 667 552;7;0;2;3;15;1
202000042527;154 667 544;30;0;2;8;1;3
202000042527;154 667 546;7;0;2;5;15;1
202000042528;154 667 543;50;0;2;0;0;3
202000042528;154 667 545;10;0;9;2;1;1
202000042529;154 667 540;10;0;1;1;1;1
202000042530;154 667 539;30;0;0;0;0;1
202000042531;154 667 541;2;0;2;3;13;1
202000042531;154 667 542;7;0;2;1;1;1
202000042532;154 667 537;7;7;1;1;13;1
202000042533;154 667 533;33;0;2;3;1;1
202000042533;154 667 535;14;0;2;3;1;1
202000042534;154 667 532;10;0;1;1;1;1
202000042535;154 667 531;7;0;2;3;13;1
202000042535;154 667 534;50;0;2;2;7;3
202000042536;154 667 530;33;0;0;0;1;1
202000042537;154 667 526;7;0;2;2;12;1
202000042537;154 667 527;30;0;2;3;1;1
202000042538;154 667 524;17;2;0;3;13;1
202000042539;154 667 523;33;16;0;1;1;1
202000042540;154 667 518;32;0;2;0;3;1
202000042540;154 667 522;7;0;2;0;11;1
202000042541;154 667 519;33;16;0;3;17;1
202000042542;154 667 517;1;0;1;2;1;5
202000042543;154 667 513;10;0;2;1;15;1
202000042543;154 667 516;30;0;2;3;1;1
202000042544;154 667 512;2;0;2;1;1;1
202000042544;154 667 515;2;0;2;1;13;1
202000042545;154 667 511;50;0;2;3;18;3
202000042545;154 667 514;7;0;2;6;1;1
202000042546;154 667 510;1;1;0;1;1;5
202000042547;154 667 509;7;13;0;1;1;1
202000042548;154 667 508;10;0;1;7;16;1
202000042549;154 667 506;33;2;0;2;1;1
202000042550;154 667 503;30;0;2;4;9;1
202000042550;154 667 504;34;0;2;1;1;1
202000042551;154 667 501;2;0;2;4;1;0
202000042551;154 667 507;15;0;2;2;1;0
202000042552;154 667 502;10;2;0;1;1;1
202000042553;154 667 498;7;0;1;4;4;0