Num_Acc;id_vehicule;catv;obs;obsm;choc;manv;motor
202000042554;154 667 499;7;0;2;2;1;1
202000042554;154 667 500;32;0;2;6;15;1
202000042555;154 667 497;7;0;1;3;1;1
202000042556;154 667 496;7;8;0;2;1;1
202000042557;154 667 494;7;0;2;7;15;1
202000042557;154 667 495;1;0;2;7;1;5
202000042558;154 667 493;7;5;0;3;1;1
202000042559;154 667 491;34;0;2;4;2;0
202000042559;154 667 492;3;0;2;4;2;0
202000042560;154 667 490;50;0;0;0;1;3
202000042561;154 667 488;10;0;2;4;26;1
202000042561;154 667 489;31;0;2;1;23;1
202000042562;154 667 485;7;0;1;4;20;1
202000042563;154 667 486;1;1;0;1;14;0
202000042563;154 667 487;7;0;0;4;24;0
202000042564;154 667 484;7;0;0;3;13;1
202000042565;154 667 483;7;9;1;1;1;0
202000042566;154 667 481;7;2;0;1;1;1
202000042567;154 667 480;7;0;2;1;2;1
202000042567;154 667 482;7;0;2;4;23;0
202000042568;154 667 476;1;0;2;1;0;5
202000042568;154 667 479;10;0;2;2;0;1
202000042569;154 667 477;7;0;1;1;15;0
202000042570;154 667 475;14;0;2;1;2;1
202000042570;154 667 478;14;0;0;4;26;1
202000042571;154 667 473;7;0;1;1;26;1
202000042572;154 667 474;7;13;0;0;20;0
202000042573;154 667 471;7;0;2;6;21;1
202000042573;154 667 472;7;0;2;3;13;1
202000042574;154 667 467;7;0;2;7;1;1
202000042574;154 667 469;2;1;2;3;18;1
202000042575;154 667 466;7;0;2;3;9;1
202000042575;154 667 470;7;0;9;2;17;1
202000042576;154 667 465;7;0;2;8;15;1
202000042576;154 667 468;33;0;2;1;17;1
202000042577;154 667 460;7;0;0;0;1;1
202000042578;154 667 461;10;0;2;4;2;1
202000042578;154 667 463;10;0;2;1;2;1
202000042579;154 667 462;7;0;2;1;9;1
202000042579;154 667 464;2;0;2;7;15;1
202000042580;154 667 458;31;0;2;2;16;1
202000042580;154 667 459;32;0;2;1;1;1
202000042581;154 667 457;33;10;0;7;1;1
202000042582;154 667 455;7;0;1;1;9;1
202000042583;154 667 454;7;4;2;8;1;1
202000042583;154 667 456;15;0;2;2;14;1
202000042584;154 667 451;7;13;0;1;0;1
202000042585;154 667 449;2;13;0;1;1;1
202000042586;154 667 448;1;0;2;8;1;0
202000042586;154 667 452;7;0;6;2;12;1
202000042587;154 667 447;33;0;2;1;3;1
202000042587;154 667 450;7;0;2;6;1;1
202000042587;154 667 453;7;0;2;7;12;1
202000042588;154 667 443;7;0;1;1;1;0
202000042589;154 667 441;7;0;0;8;0;1
202000042589;154 667 444;7;0;0;7;1;1
202000042589;154 667 445;7;0;0;2;1;1
202000042590;154 667 442;7;0;2;5;26;1
202000042590;154 667 446;10;0;2;1;2;1
202000042591;154 667 439;17;0;1;0;15;1
202000042592;154 667 437;1;0;0;0;0;5
202000042593;154 667 436;2;0;2;5;2;0
202000042593;154 667 438;7;0;2;0;15;0
202000042594;154 667 433;37;0;2;3;1;1
202000042594;154 667 434;2;0;2;1;0;1
202000042595;154 667 435;33;0;6;1;1;0
202000042596;154 667 432;10;0;2;1;1;1
202000042596;154 667 440;7;0;2;7;1;1
202000042597;154 667 430;7;0;1;1;1;1
202000042598;154 667 431;7;13;0;1;1;1
202000042599;154 667 427;7;0;2;2;15;1
202000042599;154 667 429;30;0;2;1;1;1
202000042600;154 667 426;7;0;2;4;23;1
202000042600;154 667 428;7;0;2;1;2;0
202000042601;154 667 425;7;4;0;0;3;1
202000042602;154 667 424;80;0;1;1;1;3
202000042603;154 667 422;7;0;1;1;19;1
202000042604;154 667 421;7;0;2;1;15;0
202000042604;154 667 423;2;0;2;1;1;0
202000042605;154 667 419;1;0;2;1;1;5
202000042605;154 667 420;7;0;2;7;16;1
202000042606;154 667 417;32;0;0;7;9;0
202000042607;154 667 416;7;0;0;0;1;1
202000042607;154 667 418;33;2;0;0;1;1
202000042608;154 667 414;43;0;2;8;1;1
202000042608;154 667 415;7;0;2;1;15;3
202000042609;154 667 410;7;0;2;1;13;1
202000042609;154 667 412;7;0;2;1;1;1
202000042609;154 667 413;7;0;2;1;1;1
202000042610;154 667 409;50;0;2;0;1;3
202000042610;154 667 411;7;0;2;3;1;1
202000042611;154 667 405;31;0;2;1;1;1
202000042611;154 667 406;7;0;2;3;9;1
202000042612;154 667 402;60;12;0;1;14;5
202000042613;154 667 400;7;0;2;3;2;1
202000042613;154 667 403;7;0;2;2;2;1
202000042613;154 667 404;7;0;2;2;14;1
202000042613;154 667 407;15;0;0;3;1;1
202000042614;154 667 399;1;0;0;7;1;5
202000042615;154 667 397;7;0;2;3;1;1
202000042615;154 667 398;7;0;2;1;1;1
202000042616;154 667 393;7;0;2;3;1;1
202000042616;154 667 394;31;0;2;3;13;1
202000042617;154 667 401;33;0;2;1;1;1
202000042617;154 667 408;7;0;2;7;10;1
202000042618;154 667 392;80;0;0;0;0;3
202000042619;154 667 391;7;0;1;2;1;1
202000042620;154 667 390;33;0;2;1;3;1
202000042620;154 667 395;7;0;2;5;1;1
202000042620;154 667 396;7;0;2;6;1;1
202000042621;154 667 389;10;0;1;2;2;1
202000042622;154 667 387;10;0;2;2;9;1
202000042622;154 667 388;2;0;2;6;1;1
202000042623;154 667 386;7;8;0;1;11;1
202000042624;154 667 383;32;14;0;1;1;1
202000042625;154 667 384;33;0;2;1;1;1
202000042625;154 667 385;7;0;2;3;9;1
202000042626;154 667 380;10;0;2;3;1;3
202000042626;154 667 381;43;0;2;1;13;1
202000042627;154 667 378;7;0;1;3;15;1
202000042628;154 667 376;15;0;2;3;21;1
202000042628;154 667 377;21;0;2;6;1;1
202000042628;154 667 382;33;0;2;8;2;1
202000042629;154 667 372;7;3;2;1;11;1
202000042629;154 667 374;7;0;2;1;1;0
202000042630;154 667 373;30;0;0;8;1;1
202000042630;154 667 375;7;0;2;2;15;1
202000042631;154 667 368;1;0;2;2;19;5
202000042631;154 667 371;7;0;9;3;1;1
202000042632;154 667 370;1;0;2;1;1;5
202000042633;154 667 365;32;0;2;1;1;1
202000042633;154 667 367;7;0;2;3;15;1
202000042634;154 667 363;15;0;0;7;2;1
202000042635;154 667 361;7;0;2;1;9;1
202000042635;154 667 362;7;0;2;1;1;1
202000042636;154 667 369;7;0;2;7;21;1
202000042636;154 667 379;34;0;2;1;1;1
202000042637;154 667 360;7;0;1;2;1;1
202000042638;154 667 357;15;0;2;1;1;1
202000042638;154 667 359;7;0;2;1;1;1
202000042639;154 667 354;7;9;2;2;1;0
202000042639;154 667 355;7;0;2;5;1;0
202000042639;154 667 356;7;0;2;1;1;0
202000042640;154 667 352;32;0;2;1;18;1
202000042640;154 667 364;7;0;2;7;16;1
202000042640;154 667 366;7;0;2;5;1;1
202000042641;154 667 350;17;0;0;6;23;1
202000042641;154 667 353;17;1;0;2;1;1
202000042642;154 667 344;10;0;2;2;1;1
202000042642;154 667 345;32;0;2;6;15;1
202000042643;154 667 341;33;0;2;1;9;1
202000042643;154 667 342;30;0;2;1;1;1
202000042644;154 667 340;7;1;0;2;14;1
202000042645;154 667 339;7;0;1;2;1;2
202000042646;154 667 346;10;0;2;4;2;1
202000042646;154 667 347;14;0;2;8;2;1
202000042646;154 667 348;10;0;2;5;2;1
202000042646;154 667 349;10;0;2;3;2;1
202000042646;154 667 351;10;0;2;5;2;1
202000042646;154 667 358;10;0;2;1;2;1
202000042647;154 667 343;7;2;0;1;0;1
202000042648;154 667 337;7;0;2;5;1;1
202000042648;154 667 338;50;0;2;3;11;3
202000042649;154 667 334;7;0;2;4;2;1
202000042649;154 667 335;7;0;2;9;15;1
202000042649;154 667 336;7;0;0;3;1;1
202000042650;154 667 333;15;0;1;3;26;1
202000042651;154 667 330;50;0;2;1;1;3
202000042651;154 667 331;7;0;9;5;1;1
202000042652;154 667 332;1;0;0;7;26;5
202000042653;154 667 328;30;0;2;3;1;1
202000042653;154 667 329;0;0;2;0;14;0
202000042654;154 667 327;7;2;0;8;1;0
202000042655;154 667 325;7;9;0;3;6;1
202000042656;154 667 326;7;0;1;1;0;0
202000042657;154 667 324;17;0;9;4;1;1
202000042658;154 667 320;7;0;2;1;1;1
202000042658;154 667 321;7;0;2;4;1;1
202000042658;154 667 322;7;0;2;4;1;1
202000042659;154 667 319;10;4;0;9;2;1
202000042660;154 667 317;7;0;2;6;1;1
202000042660;154 667 318;15;0;2;2;17;1
202000042661;154 667 316;30;0;0;8;1;3
202000042662;154 667 315;7;0;2;1;2;1
202000042662;154 667 323;2;0;0;4;2;1
202000042663;154 667 310;7;0;1;3;15;1
202000042664;154 667 312;33;0;2;2;1;1
202000042664;154 667 314;7;0;2;6;11;1
202000042665;154 667 311;7;0;2;3;1;1
202000042665;154 667 313;7;0;2;3;17;0
202000042666;154 667 309;10;0;1;2;24;0
202000042667;154 667 307;2;0;1;0;0;1
202000042668;154 667 305;7;0;2;2;15;1
202000042668;154 667 306;31;0;2;1;17;1
202000042669;154 667 303;80;1;2;1;1;3
202000042669;154 667 304;7;1;2;3;9;1
202000042670;154 667 302;32;0;1;1;0;0
202000042671;154 667 297;1;0;2;8;19;5
202000042671;154 667 298;7;0;2;8;5;1
202000042672;154 667 294;7;14;0;2;0;1
202000042673;154 667 301;7;0;2;1;2;1
202000042673;154 667 308;7;0;2;4;2;1
202000042674;154 667 295;7;0;0;4;2;1
202000042674;154 667 296;7;0;2;1;2;1
202000042675;154 667 292;34;0;2;8;26;1
202000042676;154 667 290;1;0;2;1;1;5
202000042676;154 667 291;1;0;2;1;1;5
202000042677;154 667 288;7;0;2;4;23;0
202000042677;154 667 289;7;0;2;1;1;1
202000042678;154 667 287;7;0;1;3;15;0
202000042679;154 667 285;7;0;2;1;1;1
202000042679;154 667 286;2;0;2;1;1;1
202000042680;154 667 283;7;0;2;3;17;1
202000042680;154 667 284;7;0;2;0;0;1
202000042681;154 667 281;7;0;1;1;1;1
202000042682;154 667 280;7;11;2;1;1;1
202000042683;154 667 279;7;15;0;5;26;1
202000042684;154 667 277;7;0;2;6;9;3
202000042684;154 667 278;33;0;2;1;9;1
202000042685;154 667 276;7;0;0;9;0;1
202000042686;154 667 274;30;0;2;1;0;6
202000042686;154 667 275;30;0;2;1;26;6
202000042687;154 667 272;7;2;0;1;14;1
202000042688;154 667 282;7;0;2;1;13;1
202000042688;154 667 293;7;0;2;3;1;1
202000042689;154 667 273;7;0;0;1;1;0
202000042690;154 667 269;7;0;2;8;10;1
202000042690;154 667 270;2;0;2;9;1;1
202000042691;154 667 268;7;0;1;7;0;0
202000042692;154 667 266;33;0;2;1;1;1
202000042692;154 667 267;7;0;2;7;15;1
202000042693;154 667 263;33;0;2;1;1;1
202000042693;154 667 264;7;0;2;2;1;1
202000042694;154 667 261;7;0;2;1;26;6
202000042694;154 667 262;7;0;2;5;19;0
202000042695;154 667 257;7;0;0;4;1;1
202000042695;154 667 258;7;0;2;1;2;1
202000042695;154 667 259;7;0;2;4;2;1
202000042695;154 667 260;15;0;2;3;2;1
202000042696;154 667 256;7;1;0;1;14;1
202000042697;154 667 271;7;8;0;3;13;1
202000042698;154 667 253;7;0;2;1;1;0
202000042698;154 667 254;7;0;2;1;5;0
202000042699;154 667 249;30;0;2;1;9;1
202000042699;154 667 251;37;0;2;1;13;1
202000042700;154 667 248;7;0;2;1;17;1
202000042700;154 667 252;15;0;2;1;1;1
202000042701;154 667 247;33;0;2;1;1;1
202000042701;154 667 250;7;0;2;2;9;1
202000042702;154 667 244;7;0;2;4;2;0
202000042702;154 667 246;7;0;2;1;2;0
202000042703;154 667 243;32;14;0;1;6;0
202000042704;154 667 240;30;0;2;6;15;1
202000042704;154 667 241;32;0;2;6;17;1
202000042705;154 667 238;7;0;2;8;15;1
202000042705;154 667 239;30;0;2;1;1;1
202000042706;154 667 245;7;3;0;1;1;1
202000042707;154 667 237;7;8;0;2;0;1
202000042708;154 667 234;7;0;2;3;23;1
202000042708;154 667 235;7;0;2;2;1;1
202000042708;154 667 236;7;0;2;5;15;1
202000042709;154 667 231;17;0;0;6;23;1
202000042709;154 667 233;14;0;2;2;23;1
202000042710;154 667 230;10;0;2;3;13;1
202000042710;154 667 232;2;0;2;7;15;1
202000042711;154 667 228;2;0;1;1;1;1
202000042712;154 667 227;7;0;2;0;0;1
202000042712;154 667 229;7;0;2;1;1;1
202000042713;154 667 242;32;1;0;1;14;1
202000042714;154 667 225;10;1;1;1;1;1
202000042715;154 667 226;1;0;0;0;0;5
202000042716;154 667 221;33;0;2;1;18;1
202000042716;154 667 222;7;0;2;7;16;1
202000042717;154 667 219;7;0;1;1;1;1
202000042718;154 667 217;7;0;2;5;1;1
202000042718;154 667 218;2;0;2;1;8;1
202000042719;154 667 216;30;0;0;7;15;1
202000042720;154 667 223;1;0;2;2;0;5
202000042720;154 667 224;7;0;9;3;12;1
202000042721;154 667 220;38;3;0;1;1;0
202000042722;154 667 214;7;0;1;1;1;1
202000042723;154 667 213;30;8;0;1;16;1
202000042724;154 667 211;7;13;0;2;2;1
202000042725;154 667 209;30;0;2;1;1;0
202000042725;154 667 212;10;0;2;8;19;0
202000042726;154 667 207;34;1;0;2;1;1
202000042727;154 667 205;1;0;2;1;0;5
202000042727;154 667 206;80;0;2;1;1;3
202000042728;154 667 204;7;0;1;5;20;1
202000042729;154 667 201;32;0;2;5;1;1
202000042729;154 667 202;7;0;2;3;13;1
202000042730;154 667 200;7;0;2;3;15;1
202000042730;154 667 203;2;0;2;1;1;1
202000042731;154 667 199;7;15;0;2;26;1
202000042732;154 667 197;7;0;2;3;19;6
202000042732;154 667 198;7;0;2;1;1;6
202000042733;154 667 195;7;0;2;1;14;1
202000042733;154 667 196;7;0;2;3;1;1
202000042734;154 667 194;7;13;0;9;1;0
202000042735;154 667 193;33;0;1;6;1;1
202000042736;154 667 189;32;1;2;3;17;1
202000042736;154 667 191;7;0;2;3;1;1
202000042736;154 667 192;7;0;2;8;1;1
202000042737;154 667 187;7;0;2;6;26;1
202000042737;154 667 188;33;0;2;1;1;1
202000042738;154 667 183;32;0;1;1;1;1
202000042739;154 667 182;32;0;2;6;13;1
202000042739;154 667 185;32;0;2;2;17;1
202000042740;154 667 184;7;0;2;3;13;1
202000042740;154 667 186;7;0;2;3;1;1
202000042741;154 667 179;7;0;2;8;15;1
202000042741;154 667 181;33;0;2;1;3;1
202000042742;154 667 177;1;0;2;2;1;5
202000042742;154 667 180;7;0;2;3;22;1
202000042743;154 667 175;2;0;2;1;1;1
202000042743;154 667 176;7;0;2;1;17;1
202000042744;154 667 170;33;0;2;7;17;1
202000042744;154 667 173;7;0;2;8;15;1
202000042745;154 667 169;7;0;2;8;11;1
202000042745;154 667 172;31;0;2;7;3;1
202000042746;154 667 167;7;0;2;1;6;1
202000042746;154 667 168;7;0;2;8;1;1
202000042746;154 667 171;7;0;2;3;1;1
202000042747;154 667 164;33;0;2;1;1;1
202000042747;154 667 166;7;0;2;2;15;2
202000042748;154 667 161;7;0;0;6;15;1
202000042748;154 667 163;31;0;0;1;17;1
202000042749;154 667 162;10;0;2;6;2;1
202000042749;154 667 165;32;0;2;2;2;1
202000042750;154 667 160;32;7;0;1;17;1
202000042751;154 667 158;7;2;0;8;14;1
202000042752;154 667 157;34;0;2;3;3;1
202000042752;154 667 159;7;0;2;7;12;1
202000042753;154 667 156;7;0;1;3;1;1
202000042754;154 667 151;30;0;1;1;1;1
202000042755;154 667 148;10;0;2;3;15;1
202000042755;154 667 150;7;0;2;1;23;1
202000042755;154 667 153;7;0;2;1;23;1
202000042756;154 667 149;10;0;2;1;26;1
202000042756;154 667 152;7;0;2;4;2;1
202000042756;154 667 154;7;0;2;4;2;1
202000042756;154 667 155;7;0;2;4;2;1
202000042757;154 667 147;32;0;1;8;1;0
202000042758;154 667 143;33;4;2;8;1;1
202000042758;154 667 145;10;0;2;0;12;1
202000042759;154 667 144;7;0;2;3;21;1
202000042759;154 667 146;7;0;2;3;13;1
202000042760;154 667 141;7;0;2;5;23;1
202000042760;154 667 142;1;0;2;1;2;5
202000042761;154 667 136;20;0;2;8;15;1
202000042761;154 667 138;33;0;2;7;17;1
202000042762;154 667 131;33;0;2;1;1;1
202000042762;154 667 134;7;0;2;5;19;1
202000042763;154 667 133;1;0;2;4;2;5
202000042763;154 667 135;7;0;2;2;2;1
202000042764;154 667 127;7;6;0;8;23;0
202000042764;154 667 129;7;0;2;1;14;0
202000042765;154 667 126;7;0;2;7;22;1
202000042765;154 667 128;33;0;2;8;18;1
202000042766;154 667 125;1;12;0;0;0;5
202000042767;154 667 124;80;11;0;7;12;3
202000042768;154 667 130;7;0;2;4;12;1
202000042768;154 667 132;31;0;2;8;1;1
202000042768;154 667 137;7;0;2;1;2;1
202000042768;154 667 139;7;0;2;1;2;1
202000042768;154 667 140;7;0;2;1;2;1
202000042769;154 667 122;50;0;2;4;1;3
202000042769;154 667 123;7;0;2;3;15;1
202000042770;154 667 121;10;16;0;9;0;1
202000042771;154 667 118;30;0;2;2;1;1
202000042771;154 667 120;7;0;2;3;16;1
202000042772;154 667 117;10;0;2;8;1;1
202000042772;154 667 119;30;0;2;1;1;1
202000042773;154 667 113;7;0;2;2;16;1
202000042773;154 667 116;1;0;0;7;1;5
202000042774;154 667 112;7;0;2;1;11;1
202000042774;154 667 114;1;0;2;4;12;5
202000042775;154 667 111;7;8;0;3;1;1
202000042776;154 667 110;7;3;0;6;17;1
202000042777;154 667 108;7;13;0;1;1;1
202000042778;154 667 107;34;8;0;1;16;1
202000042779;154 667 106;7;2;0;2;26;1
202000042780;154 667 109;30;0;2;1;1;0
202000042780;154 667 115;7;0;2;8;9;0
202000042781;154 667 105;7;1;0;1;1;0
202000042782;154 667 101;7;0;2;0;2;1
202000042782;154 667 103;7;8;2;1;21;1
202000042783;154 667 100;30;0;2;3;1;1
202000042783;154 667 102;7;0;2;1;1;1
202000042784;154 667 097;7;0;2;7;12;1
202000042784;154 667 098;2;0;2;8;1;3
202000042785;154 667 096;7;0;2;1;9;0
202000042785;154 667 099;7;1;2;1;0;0
202000042786;154 667 094;7;0;1;1;0;0
202000042787;154 667 092;30;0;2;5;9;1
202000042787;154 667 093;7;0;2;3;9;1
202000042788;154 667 091;7;2;0;9;14;1
202000042789;154 667 095;7;13;0;1;1;1
202000042790;154 667 084;7;0;2;1;1;1
202000042790;154 667 087;33;0;2;1;5;1
202000042790;154 667 088;33;0;2;1;2;1
202000042791;154 667 089;33;0;2;1;1;1
202000042791;154 667 090;10;0;2;3;15;1
202000042792;154 667 085;7;0;1;2;1;1
202000042793;154 667 081;33;0;2;2;3;1
202000042793;154 667 083;7;0;2;3;1;1
202000042794;154 667 077;7;1;0;0;0;1
202000042794;154 667 079;7;0;2;6;1;1
202000042794;154 667 082;7;0;2;1;9;1
202000042795;154 667 074;7;0;0;9;1;1
202000042796;154 667 070;33;0;2;2;17;1
202000042796;154 667 071;7;0;2;6;15;1
202000042797;154 667 072;7;4;0;1;0;1
202000042797;154 667 076;7;0;2;1;1;1
202000042797;154 667 078;7;0;2;1;1;1
202000042797;154 667 080;7;0;2;3;1;1
202000042798;154 667 069;7;0;1;6;4;1
202000042799;154 667 073;2;0;2;1;2;1
202000042799;154 667 075;7;0;2;3;15;1
202000042800;154 667 068;7;13;0;3;13;1
202000042801;154 667 067;33;0;0;0;1;6
202000042802;154 667 065;33;16;0;1;1;1
202000042803;154 667 062;3;16;0;4;2;1
202000042803;154 667 064;7;0;2;1;2;1
202000042804;154 667 066;7;9;0;1;1;1
202000042805;154 667 060;17;0;9;1;2;1
202000042805;154 667 061;7;0;9;9;2;1
202000042805;154 667 063;17;0;0;0;2;1
202000042806;154 667 059;1;0;0;1;0;5
202000042807;154 667 057;7;13;0;0;1;0
202000042808;154 667 053;33;0;2;1;1;1
202000042808;154 667 056;7;0;2;1;15;1
202000042809;154 667 051;7;0;2;1;17;1
202000042809;154 667 055;7;0;2;1;1;1
202000042810;154 667 052;7;3;0;3;2;1
202000042810;154 667 054;7;0;2;4;2;1
202000042810;154 667 058;10;0;2;4;2;1
202000042811;154 667 048;7;15;0;2;1;6
202000042812;154 667 049;7;13;0;1;1;1
202000042813;154 667 047;7;0;2;1;1;1
202000042813;154 667 050;7;0;2;1;13;1
202000042814;154 667 040;7;0;2;7;15;1
202000042814;154 667 044;10;0;2;1;1;1
202000042815;154 667 042;2;2;0;1;0;1
202000042816;154 667 041;7;0;2;1;1;1
202000042816;154 667 045;7;0;2;7;15;1
202000042817;154 667 043;2;0;2;1;1;0
202000042817;154 667 046;7;0;2;3;21;1
202000042818;154 667 039;7;1;0;3;17;1
202000042819;154 667 038;7;0;1;4;20;1
202000042820;154 667 034;1;0;2;4;18;5
202000042820;154 667 037;17;0;2;2;2;1
202000042821;154 667 033;36;0;2;3;9;1
202000042821;154 667 036;2;0;2;1;1;1
202000042822;154 667 032;7;0;2;4;1;1
202000042822;154 667 035;7;0;2;1;0;1
202000042823;154 667 030;7;13;0;3;0;6
202000042824;154 667 031;7;0;1;1;1;1
202000042825;154 667 029;7;2;0;1;21;1
202000042826;154 667 028;33;0;0;7;1;1
202000042827;154 667 022;7;0;1;1;1;1
202000042828;154 667 024;7;0;2;1;1;1
202000042828;154 667 027;7;0;2;1;13;1
202000042829;154 667 023;30;13;0;7;21;1
202000042829;154 667 026;21;0;0;0;16;1
202000042830;154 667 021;7;0;0;3;26;1
202000042830;154 667 025;1;0;2;1;25;5
202000042831;154 667 017;31;2;0;0;0;1
202000042832;154 667 013;34;14;0;1;1;0
202000042832;154 667 014;7;0;0;6;15;0
202000042833;154 667 015;7;0;2;1;1;0
202000042833;154 667 018;7;0;2;1;0;0
202000042834;154 667 016;7;0;2;4;23;1
202000042834;154 667 019;7;0;2;4;23;1
202000042834;154 667 020;7;0;2;1;1;1
202000042835;154 667 012;7;0;0;8;1;1
202000042836;154 667 008;31;0;2;8;1;1
202000042836;154 667 011;7;0;2;1;1;1
202000042837;154 667 007;43;0;1;1;18;0
202000042837;154 667 010;7;0;0;2;16;0
202000042838;154 667 006;7;17;0;3;13;1
202000042839;154 667 001;37;0;2;3;1;1
202000042839;154 667 009;7;0;2;7;1;1
202000042840;154 666 999;7;9;0;1;1;1
202000042841;154 666 995;7;0;9;3;1;0
202000042841;154 666 996;80;0;0;6;0;3
202000042842;154 666 998;7;4;0;8;21;1
202000042843;154 666 994;10;0;2;3;1;1
202000042843;154 666 997;60;0;2;1;9;5
202000042844;154 666 992;7;0;2;2;2;1
202000042844;154 666 993;1;0;2;4;2;5
202000042845;154 666 988;31;0;2;8;1;1
202000042845;154 666 991;7;0;2;7;12;0
202000042846;154 666 986;30;0;2;1;5;1
202000042846;154 666 989;7;0;2;3;1;1
202000042847;154 666 987;7;0;2;1;2;1
202000042847;154 666 990;15;0;0;6;23;1
202000042848;154 666 984;7;13;0;9;14;1
202000042848;154 666 985;7;0;2;1;1;1
202000042849;154 666 980;32;0;2;8;7;1
202000042849;154 666 982;7;0;2;2;16;1
202000042850;154 666 983;33;17;0;1;1;1
202000042851;154 666 979;7;0;9;0;1;1
202000042851;154 666 981;33;3;0;8;11;1
202000042852;154 666 977;7;0;1;2;1;0
202000042853;154 666 975;36;13;0;2;1;0
202000042854;154 666 976;7;0;2;8;15;1
202000042854;154 666 978;31;0;2;1;17;1
202000042855;154 666 972;10;0;9;8;21;6
202000042855;154 666 973;10;0;2;6;23;6
202000042855;154 666 974;15;0;2;0;21;1
202000042856;154 666 966;7;0;2;8;19;0
202000042856;154 666 967;7;0;2;1;1;0
202000042857;154 666 968;31;0;2;1;1;0
202000042857;154 666 969;7;0;2;8;1;1
202000042857;154 666 970;33;0;2;8;13;0
202000042857;154 666 971;7;0;2;3;1;1
202000042858;154 666 964;33;0;2;1;7;1
202000042858;154 666 965;7;0;2;3;15;1
202000042859;154 666 962;33;0;0;1;2;1
202000042860;154 666 963;7;8;0;2;1;1
202000042861;154 666 958;7;13;0;1;1;1
202000042862;154 666 959;7;0;2;3;2;1
202000042862;154 666 960;30;0;2;4;23;1
202000042863;154 666 956;7;0;2;1;1;1
202000042863;154 666 961;7;0;0;2;15;1
202000042864;154 666 951;31;0;2;8;1;1
202000042864;154 666 955;7;0;2;2;17;1
202000042865;154 666 950;7;0;2;3;1;1
202000042865;154 666 954;7;0;2;2;13;1
202000042866;154 666 949;7;0;2;1;7;1
202000042866;154 666 952;30;0;2;2;1;1
202000042867;154 666 947;10;0;2;3;13;1
202000042867;154 666 948;7;0;2;3;13;1
202000042868;154 666 941;1;0;2;3;15;5
202000042868;154 666 943;7;0;2;2;17;1
202000042869;154 666 942;7;0;1;3;1;1
202000042870;154 666 939;7;2;0;3;1;5
202000042871;154 666 938;7;0;2;3;1;1
202000042871;154 666 944;32;0;2;7;1;1
202000042872;154 666 936;7;0;0;9;1;1
202000042873;154 666 937;2;0;2;1;26;1
202000042873;154 666 940;7;0;2;2;1;1
202000042874;154 666 934;7;0;2;3;1;1
202000042874;154 666 935;10;0;2;3;13;1
202000042875;154 666 929;7;0;2;4;20;1
202000042875;154 666 932;7;1;1;1;2;1
202000042876;154 666 926;7;0;0;4;2;1
202000042876;154 666 927;33;0;2;1;2;1
202000042877;154 666 924;7;0;2;5;1;1
202000042877;154 666 925;7;12;2;3;13;2
202000042878;154 666 931;1;0;0;3;1;5
202000042878;154 666 933;7;0;0;2;19;0
202000042879;154 666 922;7;15;0;2;0;1
202000042880;154 666 921;7;0;2;1;9;1
202000042880;154 666 923;50;0;2;4;1;3
202000042881;154 666 919;7;0;2;3;13;1
202000042881;154 666 920;7;0;2;3;1;1
202000042882;154 666 918;1;6;0;1;5;6
202000042883;154 666 916;1;0;2;1;1;5
202000042883;154 666 917;7;0;2;3;22;1
202000042884;154 666 914;33;2;0;2;1;1
202000042885;154 666 928;7;0;2;1;17;1
202000042885;154 666 930;10;0;2;1;1;1
202000042886;154 666 911;10;0;2;1;1;1
202000042886;154 666 912;33;0;2;1;5;1
202000042887;154 666 909;32;0;2;7;17;1
202000042887;154 666 910;7;0;2;3;17;1
202000042888;154 666 908;2;0;0;7;0;0
202000042889;154 666 906;31;8;0;1;1;1
202000042890;154 666 905;14;0;2;1;14;1
202000042890;154 666 907;15;0;2;4;23;1
202000042891;154 666 913;7;0;2;1;1;1
202000042891;154 666 915;33;0;2;1;13;1
202000042892;154 666 904;1;0;0;0;1;5
202000042893;154 666 898;7;0;2;3;9;1
202000042893;154 666 900;1;0;2;5;1;5
202000042894;154 666 896;1;0;0;4;1;6
202000042894;154 666 897;10;0;2;1;1;1
202000042895;154 666 899;7;0;2;2;16;1
202000042895;154 666 902;50;0;2;7;1;3
202000042896;154 666 901;32;0;2;1;3;1
202000042896;154 666 903;7;0;2;4;1;1
202000042897;154 666 891;15;0;2;5;14;6
202000042897;154 666 895;7;0;2;6;12;1
202000042898;154 666 892;7;0;2;5;17;0
202000042898;154 666 894;21;13;2;1;2;0
202000042899;154 666 887;31;0;1;8;1;1
202000042900;154 666 886;7;0;2;4;23;1
202000042900;154 666 888;7;0;2;4;23;1
202000042900;154 666 889;7;0;2;4;23;1
202000042900;154 666 890;10;3;2;1;2;1
202000042900;154 666 893;7;0;2;4;23;1
202000042901;154 666 884;33;13;0;1;1;1
202000042902;154 666 879;7;0;2;3;15;0
202000042902;154 666 881;33;0;2;2;1;1
202000042903;154 666 882;10;0;2;4;2;1
202000042903;154 666 883;31;0;2;2;2;1
202000042903;154 666 885;7;0;2;1;2;1
202000042904;154 666 877;7;13;9;1;14;1
202000042905;154 666 872;10;3;0;5;14;1