Num_Acc;id_vehicule;catv;obs;obsm;choc;manv;motor
202000042906;154 666 875;7;0;2;1;2;1
202000042906;154 666 876;7;0;2;4;23;1
202000042907;154 666 869;7;0;2;0;0;1
202000042907;154 666 870;7;0;2;4;23;1
202000042907;154 666 871;7;0;2;4;23;1
202000042907;154 666 873;7;0;2;4;23;1
202000042907;154 666 874;10;0;2;1;1;1
202000042908;154 666 868;50;0;0;0;1;3
202000042909;154 666 864;17;4;0;8;13;1
202000042910;154 666 865;34;0;0;9;2;1
202000042911;154 666 878;7;0;2;8;1;1
202000042911;154 666 880;7;0;2;8;1;1
202000042912;154 666 866;30;0;2;1;26;1
202000042912;154 666 867;7;0;2;4;1;1
202000042913;154 666 861;7;0;1;1;1;1
202000042914;154 666 855;7;0;2;6;1;1
202000042914;154 666 857;7;0;2;3;1;0
202000042915;154 666 854;30;0;2;1;0;1
202000042915;154 666 856;7;0;2;1;0;1
202000042916;154 666 848;7;0;2;4;2;1
202000042916;154 666 853;7;0;2;1;2;1
202000042916;154 666 859;7;0;2;4;2;1
202000042916;154 666 860;7;0;2;4;2;1
202000042917;154 666 847;7;0;2;6;18;1
202000042917;154 666 851;7;0;2;2;26;1
202000042918;154 666 849;33;0;2;7;1;1
202000042918;154 666 852;7;0;2;5;9;1
202000042919;154 666 841;7;0;2;3;1;1
202000042919;154 666 843;33;0;2;1;1;1
202000042919;154 666 845;7;0;2;7;15;1
202000042920;154 666 842;7;0;2;0;12;0
202000042920;154 666 844;7;0;2;0;1;0
202000042920;154 666 846;7;0;2;0;1;0
202000042921;154 666 840;33;0;0;1;1;1
202000042922;154 666 850;7;0;2;1;12;1
202000042922;154 666 858;7;0;2;6;1;1
202000042923;154 666 838;7;0;2;1;2;1
202000042923;154 666 839;7;14;0;4;2;0
202000042924;154 666 833;7;0;2;4;2;1
202000042924;154 666 834;7;0;2;4;2;1
202000042924;154 666 835;7;0;2;4;2;0
202000042924;154 666 836;7;0;2;4;2;1
202000042924;154 666 837;10;0;2;1;2;1
202000042925;154 666 832;7;4;0;1;13;1
202000042926;154 666 830;7;0;2;7;15;1
202000042926;154 666 831;7;0;2;8;1;1
202000042927;154 666 828;10;0;2;5;12;1
202000042927;154 666 829;43;0;2;1;3;1
202000042928;154 666 827;31;0;1;0;26;0
202000042929;154 666 825;34;0;2;8;1;1
202000042929;154 666 826;7;0;2;7;12;1
202000042930;154 666 824;7;13;0;2;1;1
202000042931;154 666 822;0;0;2;0;0;0
202000042931;154 666 823;32;0;2;7;1;1
202000042932;154 666 821;2;0;0;9;16;1
202000042933;154 666 816;7;0;2;3;1;1
202000042933;154 666 818;7;0;2;2;15;1
202000042934;154 666 815;7;0;2;1;2;1
202000042934;154 666 817;7;0;2;1;2;1
202000042934;154 666 819;7;0;2;8;1;1
202000042934;154 666 820;17;0;2;2;12;1
202000042935;154 666 813;7;4;0;3;17;1
202000042936;154 666 812;7;0;0;8;19;1
202000042936;154 666 814;15;0;2;1;21;1
202000042937;154 666 810;7;0;2;4;2;1
202000042937;154 666 811;7;0;2;1;2;1
202000042938;154 666 809;33;0;6;1;2;1
202000042939;154 666 807;1;0;2;4;1;5
202000042939;154 666 808;7;0;9;3;9;1
202000042940;154 666 806;7;2;0;1;1;1
202000042941;154 666 803;7;0;2;2;1;1
202000042941;154 666 805;7;0;2;3;1;1
202000042942;154 666 802;7;0;2;3;5;0
202000042942;154 666 804;15;0;2;3;5;0
202000042943;154 666 799;7;6;0;1;13;1
202000042944;154 666 798;7;0;9;2;15;1
202000042944;154 666 801;1;0;2;7;2;5
202000042945;154 666 797;38;13;0;2;1;1
202000042946;154 666 796;7;1;0;3;14;0
202000042947;154 666 794;7;0;2;6;19;1
202000042947;154 666 795;7;0;2;1;1;1
202000042948;154 666 792;2;0;2;8;15;1
202000042948;154 666 793;2;0;2;7;17;1
202000042949;154 666 791;7;2;0;1;13;1
202000042950;154 666 789;33;0;2;2;23;1
202000042950;154 666 790;10;0;2;4;4;1
202000042951;154 666 786;7;0;2;7;19;1
202000042951;154 666 788;7;0;2;1;1;1
202000042952;154 666 785;37;0;9;2;26;1
202000042953;154 666 783;7;0;2;3;15;1
202000042953;154 666 784;7;0;2;3;1;1
202000042954;154 666 782;7;2;0;2;16;0
202000042955;154 666 781;7;0;1;1;1;1
202000042956;154 666 779;7;0;2;1;17;0
202000042956;154 666 780;1;0;2;0;21;5
202000042957;154 666 776;2;0;2;1;2;1
202000042957;154 666 778;7;0;2;7;15;1
202000042958;154 666 775;2;0;2;1;1;1
202000042958;154 666 777;7;0;2;6;10;1
202000042959;154 666 774;30;0;0;1;1;1
202000042960;154 666 773;7;8;0;1;0;0
202000042961;154 666 771;10;6;0;1;1;1
202000042962;154 666 769;7;0;1;2;2;1
202000042963;154 666 770;7;0;2;1;1;1
202000042963;154 666 772;7;0;2;1;10;1
202000042964;154 666 765;7;0;2;1;1;1
202000042964;154 666 766;7;0;2;2;15;1
202000042964;154 666 768;7;0;2;2;1;1
202000042965;154 666 763;33;13;0;7;14;1
202000042966;154 666 762;7;13;0;1;1;1
202000042967;154 666 760;7;0;2;1;1;1
202000042967;154 666 761;7;0;2;1;1;1
202000042968;154 666 759;7;6;0;1;14;1
202000042969;154 666 757;7;0;2;7;0;1
202000042969;154 666 758;7;0;2;2;1;1
202000042970;154 666 764;33;0;2;1;9;1
202000042970;154 666 767;7;1;2;5;1;1
202000042971;154 666 753;7;0;2;6;1;1
202000042971;154 666 754;7;0;2;3;1;1
202000042971;154 666 755;10;0;2;1;13;1
202000042972;154 666 750;7;14;2;3;21;1
202000042972;154 666 751;7;14;2;9;13;1
202000042972;154 666 752;15;14;2;0;1;1
202000042973;154 666 748;2;0;2;1;1;1
202000042973;154 666 749;7;0;2;3;20;1
202000042974;154 666 745;7;0;2;1;2;1
202000042974;154 666 746;7;0;2;1;1;1
202000042974;154 666 747;7;0;2;1;2;1
202000042975;154 666 742;10;0;2;8;15;1
202000042975;154 666 743;43;0;2;7;17;1
202000042976;154 666 741;10;0;1;1;2;4
202000042977;154 666 740;35;0;0;0;0;0
202000042978;154 666 738;7;0;2;1;21;1
202000042978;154 666 739;7;0;2;3;19;1
202000042979;154 666 737;7;13;0;7;21;1
202000042980;154 666 735;7;0;2;3;9;1
202000042980;154 666 736;2;0;2;1;1;1
202000042981;154 666 733;1;0;2;8;13;0
202000042981;154 666 734;7;0;2;3;0;1
202000042982;154 666 731;7;0;2;2;1;1
202000042982;154 666 732;7;0;2;1;1;1
202000042983;154 666 730;7;0;1;1;15;0
202000042984;154 666 729;7;0;1;1;1;1
202000042985;154 666 726;7;0;2;8;19;1
202000042985;154 666 727;7;0;2;1;1;1
202000042986;154 666 723;7;0;2;2;1;1
202000042986;154 666 724;7;0;2;7;1;1
202000042987;154 666 721;7;0;2;2;16;0
202000042987;154 666 722;1;0;2;0;0;0
202000042988;154 666 720;33;0;2;0;21;0
202000042989;154 666 718;10;0;2;1;2;1
202000042989;154 666 719;7;0;2;4;2;1
202000042990;154 666 717;32;0;1;1;1;1
202000042991;154 666 714;10;15;2;3;13;1
202000042991;154 666 715;10;0;2;2;1;1
202000042991;154 666 716;10;0;2;3;1;1
202000042992;154 666 713;7;5;0;1;13;1
202000042993;154 666 711;0;0;2;2;9;0
202000042993;154 666 712;7;0;2;8;23;1
202000042994;154 666 710;7;0;1;1;1;1
202000042995;154 666 709;7;0;1;1;15;1
202000042996;154 666 706;10;0;0;0;26;1
202000042996;154 666 707;7;0;1;3;1;1
202000042996;154 666 708;7;0;2;3;22;1
202000042997;154 666 705;7;0;1;0;16;1
202000042998;154 666 704;37;0;1;2;1;4
202000042999;154 666 702;7;0;2;6;15;1
202000042999;154 666 703;2;0;2;1;1;1
202000043000;154 666 701;7;0;1;1;1;1
202000043001;154 666 699;7;0;2;1;9;1
202000043001;154 666 700;30;0;2;2;1;1
202000043002;154 666 696;7;0;2;3;1;1
202000043002;154 666 697;7;0;2;5;15;1
202000043002;154 666 698;10;0;2;8;1;1
202000043003;154 666 694;7;0;9;0;24;1
202000043003;154 666 695;1;1;0;1;1;5
202000043004;154 666 692;7;0;0;0;0;1
202000043004;154 666 693;34;1;0;1;14;1
202000043005;154 666 690;7;0;2;1;1;1
202000043005;154 666 691;7;15;2;1;21;1
202000043006;154 666 689;7;0;1;3;26;1
202000043007;154 666 685;7;0;2;5;1;1
202000043007;154 666 686;33;0;2;1;9;1
202000043008;154 666 683;1;0;2;8;1;5
202000043008;154 666 684;10;0;2;2;1;1
202000043009;154 666 680;7;0;2;0;1;1
202000043009;154 666 681;7;0;2;6;1;1
202000043009;154 666 682;10;0;2;1;21;1
202000043010;154 666 679;7;0;1;2;0;1
202000043011;154 666 677;7;0;2;3;1;1
202000043011;154 666 678;7;0;2;5;12;1
202000043012;154 666 675;7;0;2;1;15;1
202000043012;154 666 676;1;0;2;7;5;5
202000043013;154 666 674;7;0;1;1;1;1
202000043014;154 666 668;7;0;2;4;2;1
202000043014;154 666 669;7;0;2;4;2;1
202000043014;154 666 670;7;0;2;4;2;1
202000043014;154 666 671;7;0;2;4;2;1
202000043014;154 666 672;7;0;2;1;2;1
202000043014;154 666 673;7;0;2;4;1;1
202000043015;154 666 666;7;0;2;5;2;1
202000043015;154 666 667;34;0;2;1;2;1
202000043016;154 666 664;31;0;2;1;1;1
202000043016;154 666 665;7;0;2;8;11;1
202000043017;154 666 662;7;0;2;1;15;1
202000043017;154 666 663;50;0;2;8;1;3
202000043018;154 666 660;34;0;2;5;17;1
202000043018;154 666 661;7;0;2;0;10;0
202000043019;154 666 658;34;0;2;1;1;1
202000043019;154 666 659;7;0;2;2;15;1
202000043020;154 666 656;1;0;2;4;17;5
202000043020;154 666 657;38;0;2;1;1;1
202000043021;154 666 652;31;0;2;7;17;1
202000043021;154 666 653;7;0;2;8;15;1
202000043022;154 666 650;7;0;2;4;2;1
202000043022;154 666 651;7;0;2;1;2;1
202000043023;154 666 648;7;0;2;1;5;1
202000043023;154 666 649;7;0;2;1;13;1
202000043024;154 666 646;10;0;2;1;2;1
202000043024;154 666 647;7;0;2;4;23;1
202000043025;154 666 645;31;0;1;1;3;1
202000043026;154 666 644;31;0;0;7;1;1
202000043027;154 666 642;10;16;2;3;9;1
202000043027;154 666 643;33;0;2;1;1;1
202000043028;154 666 640;34;0;2;7;1;1
202000043028;154 666 641;7;0;2;1;1;1
202000043029;154 666 638;7;0;2;2;1;1
202000043029;154 666 639;33;0;2;1;0;0
202000043030;154 666 636;3;0;2;4;26;0
202000043030;154 666 637;7;0;2;1;2;0
202000043031;154 666 634;33;0;2;1;0;1
202000043031;154 666 635;7;0;2;2;15;1
202000043032;154 666 633;7;0;1;0;1;1
202000043033;154 666 632;33;1;1;1;17;1
202000043034;154 666 630;7;0;2;1;0;0
202000043034;154 666 631;7;0;2;2;1;1
202000043035;154 666 628;32;0;2;1;1;1
202000043035;154 666 629;7;0;2;4;23;1
202000043036;154 666 626;7;0;2;8;15;1
202000043036;154 666 627;7;0;2;3;15;1
202000043037;154 666 624;7;0;2;1;1;1
202000043037;154 666 625;7;0;2;4;1;1
202000043038;154 666 622;7;0;0;0;26;1
202000043038;154 666 623;7;7;1;2;21;1
202000043039;154 666 619;7;0;2;4;2;0
202000043039;154 666 620;7;0;2;4;2;1
202000043039;154 666 621;7;0;2;1;2;0
202000043040;154 666 617;2;0;2;1;1;0
202000043040;154 666 618;7;0;2;1;15;1
202000043041;154 666 615;7;0;2;8;15;1
202000043041;154 666 616;30;0;2;1;17;1
202000043042;154 666 613;17;0;2;1;5;1
202000043042;154 666 614;7;0;2;7;13;1
202000043043;154 666 611;1;0;2;1;1;5
202000043043;154 666 612;7;0;2;8;22;1
202000043044;154 666 609;7;0;2;4;16;1
202000043044;154 666 610;37;0;2;3;7;1
202000043045;154 666 608;1;0;1;1;1;5
202000043046;154 666 606;33;0;2;2;17;1
202000043046;154 666 607;10;0;2;0;10;1
202000043047;154 666 605;2;0;1;1;18;1
202000043048;154 666 604;7;1;1;1;1;1
202000043049;154 666 602;33;0;2;1;1;1
202000043049;154 666 603;7;0;2;3;10;1
202000043050;154 666 600;7;0;2;4;2;0
202000043050;154 666 601;80;0;2;1;2;3
202000043051;154 666 598;43;0;2;4;23;1
202000043051;154 666 599;30;0;2;1;2;1
202000043052;154 666 596;50;0;2;1;1;3
202000043052;154 666 597;7;0;2;8;22;2
202000043053;154 666 594;7;0;0;3;9;1
202000043053;154 666 595;30;0;2;1;1;1
202000043054;154 666 592;32;0;2;8;1;1
202000043054;154 666 593;7;0;2;7;12;0
202000043055;154 666 590;32;0;2;8;23;1
202000043055;154 666 591;10;0;2;8;14;1
202000043056;154 666 589;50;0;1;1;1;3
202000043057;154 666 588;50;12;0;1;14;3
202000043058;154 666 587;1;0;1;1;16;5
202000043059;154 666 586;10;0;1;5;4;1
202000043060;154 666 585;32;0;2;0;21;1
202000043061;154 666 584;30;14;0;1;13;1
202000043062;154 666 582;50;0;2;3;19;3
202000043062;154 666 583;10;0;2;2;1;1
202000043063;154 666 580;7;0;9;3;1;1
202000043063;154 666 581;1;0;2;1;0;5
202000043064;154 666 578;2;0;2;1;17;1
202000043064;154 666 579;7;0;2;8;19;1
202000043065;154 666 576;50;0;2;0;19;3
202000043065;154 666 577;15;0;2;1;16;1
202000043066;154 666 575;7;0;1;2;1;1
202000043067;154 666 573;10;0;2;1;15;1
202000043067;154 666 574;10;0;2;3;16;0
202000043068;154 666 572;32;0;1;1;1;1
202000043069;154 666 571;0;0;1;0;0;0
202000043070;154 666 570;32;0;1;1;1;1
202000043071;154 666 568;14;0;2;2;1;1
202000043071;154 666 569;7;0;2;3;10;1
202000043072;154 666 567;7;0;1;2;1;1
202000043073;154 666 566;10;0;1;1;1;1
202000043074;154 666 565;30;1;1;1;21;1
202000043075;154 666 564;7;0;1;1;1;1
202000043076;154 666 563;7;0;1;3;1;1
202000043077;154 666 561;7;0;2;1;1;1
202000043077;154 666 562;34;0;2;4;1;1
202000043078;154 666 559;7;0;2;6;2;1
202000043078;154 666 560;33;0;2;1;2;1
202000043079;154 666 557;10;0;2;3;1;1
202000043079;154 666 558;10;0;2;1;1;1
202000043080;154 666 556;7;0;1;1;1;3
202000043081;154 666 554;7;0;2;8;1;1
202000043081;154 666 555;7;0;2;1;15;1
202000043082;154 666 552;32;0;2;1;1;1
202000043082;154 666 553;7;0;0;0;15;1
202000043083;154 666 551;7;0;1;1;1;1
202000043084;154 666 547;2;0;2;1;1;1
202000043084;154 666 548;7;0;2;1;15;1
202000043085;154 666 544;13;0;0;9;1;1
202000043086;154 666 542;7;0;2;2;1;1
202000043086;154 666 543;7;0;2;1;19;1
202000043087;154 666 541;10;0;1;1;1;1
202000043088;154 666 539;7;0;9;1;26;1
202000043088;154 666 540;1;0;0;1;1;5
202000043089;154 666 537;7;0;2;1;19;0
202000043089;154 666 538;7;12;2;7;1;1
202000043090;154 666 536;7;1;0;2;14;1
202000043091;154 666 535;0;0;1;0;1;0
202000043092;154 666 531;7;0;2;6;1;1
202000043092;154 666 532;7;0;2;1;1;1
202000043092;154 666 533;7;0;2;7;1;1
202000043092;154 666 534;7;0;2;2;17;1
202000043093;154 666 529;7;0;2;7;1;1
202000043093;154 666 530;10;0;2;1;1;1
202000043094;154 666 527;7;0;2;1;13;1
202000043094;154 666 528;7;0;2;1;1;1
202000043095;154 666 525;7;8;2;8;13;0
202000043095;154 666 526;7;0;2;1;0;0
202000043096;154 666 523;7;0;2;3;9;1
202000043096;154 666 524;1;0;2;5;1;5
202000043097;154 666 521;7;0;2;2;15;1
202000043097;154 666 522;2;0;2;1;1;1
202000043098;154 666 519;7;0;2;1;1;1
202000043098;154 666 520;7;0;2;1;15;1
202000043099;154 666 518;33;14;0;1;6;1
202000043100;154 666 516;10;0;2;3;1;1
202000043100;154 666 517;7;0;2;3;1;1
202000043101;154 666 514;7;0;2;7;15;1
202000043101;154 666 515;7;0;2;3;1;1
202000043102;154 666 508;10;0;9;2;2;1
202000043102;154 666 509;1;0;0;4;2;5
202000043103;154 666 506;33;0;2;1;1;1
202000043103;154 666 507;7;0;2;3;19;1
202000043104;154 666 504;7;0;2;2;14;0
202000043104;154 666 505;7;0;0;7;11;0
202000043105;154 666 500;33;0;2;1;0;0
202000043105;154 666 501;7;0;2;3;5;0
202000043106;154 666 498;7;0;2;1;19;1
202000043106;154 666 499;7;0;2;7;1;1
202000043107;154 666 496;7;0;2;3;15;1
202000043107;154 666 497;33;0;2;1;1;1
202000043108;154 666 495;7;8;0;1;1;1
202000043109;154 666 493;7;15;0;7;1;1
202000043109;154 666 494;7;0;0;1;1;1
202000043110;154 666 491;2;0;2;1;1;1
202000043110;154 666 492;7;0;2;1;11;1
202000043111;154 666 489;7;0;2;2;0;0
202000043111;154 666 490;7;2;2;7;1;0
202000043112;154 666 488;2;0;0;8;1;1
202000043113;154 666 486;33;0;2;1;1;1
202000043113;154 666 487;7;0;2;2;15;1
202000043114;154 666 484;7;0;2;3;15;1
202000043114;154 666 485;33;0;2;1;1;1
202000043115;154 666 482;33;13;0;0;13;1
202000043115;154 666 483;7;0;0;0;9;1
202000043116;154 666 480;1;0;2;7;1;5
202000043116;154 666 481;33;0;2;3;14;1
202000043117;154 666 479;7;4;0;0;0;1
202000043118;154 666 478;33;0;0;2;9;1
202000043119;154 666 476;15;0;2;3;13;1
202000043119;154 666 477;7;0;2;8;1;1
202000043120;154 666 474;2;0;2;3;15;0
202000043120;154 666 475;7;0;2;3;1;0
202000043121;154 666 473;33;13;0;7;1;1
202000043122;154 666 471;7;13;0;2;1;1
202000043122;154 666 472;7;0;0;0;9;1
202000043123;154 666 470;33;13;0;9;17;1
202000043124;154 666 468;10;0;2;1;1;1
202000043124;154 666 469;2;0;2;1;13;1
202000043125;154 666 467;7;0;0;2;1;1
202000043126;154 666 466;33;0;6;7;1;1
202000043127;154 666 464;33;0;2;6;1;1
202000043127;154 666 465;7;0;2;2;12;1
202000043128;154 666 459;99;0;0;0;2;6
202000043128;154 666 460;15;1;0;2;21;6
202000043128;154 666 461;99;0;0;4;26;6
202000043128;154 666 462;15;0;0;6;26;6
202000043128;154 666 463;14;1;0;2;1;6
202000043129;154 666 457;33;0;2;5;2;1
202000043129;154 666 458;7;0;2;3;2;2
202000043130;154 666 455;7;0;2;1;1;1
202000043130;154 666 456;30;0;2;1;0;1
202000043131;154 666 453;32;0;2;0;17;1
202000043131;154 666 454;7;0;2;2;15;1
202000043132;154 666 451;34;0;2;0;0;0
202000043132;154 666 452;7;0;2;3;0;1
202000043133;154 666 450;10;0;1;7;1;1
202000043134;154 666 448;7;0;2;1;1;1
202000043134;154 666 449;7;0;2;1;13;1
202000043135;154 666 446;7;0;2;3;13;1
202000043135;154 666 447;7;0;2;3;1;1
202000043136;154 666 445;7;2;0;9;1;1
202000043137;154 666 442;33;0;2;3;1;1
202000043137;154 666 443;33;0;2;3;1;1
202000043137;154 666 444;7;0;2;2;20;1
202000043138;154 666 441;7;13;0;2;1;6
202000043139;154 666 439;7;0;2;1;1;1
202000043139;154 666 440;7;0;2;3;19;1
202000043140;154 666 437;7;0;2;3;13;1
202000043140;154 666 438;7;0;2;3;1;1
202000043141;154 666 434;14;0;0;8;1;1
202000043141;154 666 435;34;0;2;1;1;1
202000043141;154 666 436;7;8;2;2;17;1
202000043142;154 666 433;7;8;0;1;17;2
202000043143;154 666 431;33;0;2;1;2;1
202000043143;154 666 432;7;0;2;4;2;1
202000043144;154 666 426;7;1;0;1;1;2
202000043145;154 666 424;2;0;2;1;1;0
202000043145;154 666 425;21;0;2;8;9;0
202000043146;154 666 422;7;0;2;5;15;1
202000043146;154 666 423;33;0;2;8;1;1
202000043147;154 666 421;7;8;0;1;14;1
202000043148;154 666 419;7;0;2;3;15;1
202000043148;154 666 420;1;0;2;1;1;5
202000043149;154 666 418;33;8;0;2;14;1
202000043150;154 666 416;32;0;2;1;1;1
202000043150;154 666 417;7;0;2;7;15;1
202000043151;154 666 415;2;0;0;0;1;1
202000043152;154 666 414;33;6;0;0;1;1
202000043153;154 666 413;1;0;0;0;1;5
202000043154;154 666 412;7;6;0;3;0;0
202000043155;154 666 407;7;1;2;3;19;0
202000043155;154 666 408;7;0;9;1;1;0
202000043155;154 666 409;7;0;9;3;1;1
202000043155;154 666 410;7;0;2;3;1;0
202000043155;154 666 411;7;0;2;3;1;0
202000043156;154 666 405;7;0;2;1;2;1
202000043156;154 666 406;7;6;2;4;1;1
202000043157;154 666 403;7;0;2;1;2;1
202000043157;154 666 404;7;0;2;4;2;1
202000043158;154 666 400;7;0;0;0;0;1
202000043158;154 666 401;10;0;2;1;1;1
202000043158;154 666 402;99;0;2;4;1;1
202000043159;154 666 397;7;0;2;4;1;1
202000043159;154 666 398;7;0;2;4;1;1
202000043159;154 666 399;7;0;2;1;1;1
202000043160;154 666 395;7;0;2;1;2;1
202000043160;154 666 396;7;0;2;4;2;1
202000043161;154 666 393;7;0;2;4;2;1
202000043161;154 666 394;7;0;2;1;2;1
202000043162;154 666 389;7;0;2;4;1;1
202000043162;154 666 390;7;0;2;1;1;1
202000043162;154 666 391;7;0;2;1;1;1
202000043162;154 666 392;7;0;2;4;1;1
202000043163;154 666 387;7;0;2;4;2;0
202000043163;154 666 388;7;0;2;1;2;1
202000043164;154 666 386;7;4;0;1;9;1
202000043165;154 666 384;7;0;2;3;11;0
202000043165;154 666 385;7;0;2;2;1;1
202000043166;154 666 381;7;0;2;6;2;6
202000043166;154 666 382;7;0;2;4;2;1
202000043166;154 666 383;7;0;2;1;2;1
202000043167;154 666 380;7;3;0;1;13;1
202000043168;154 666 377;7;0;2;1;2;1
202000043168;154 666 378;10;0;2;1;2;1
202000043168;154 666 379;7;0;2;4;2;1
202000043169;154 666 376;7;4;0;2;14;1
202000043170;154 666 375;7;0;1;3;4;1
202000043171;154 666 374;0;12;0;0;0;0
202000043172;154 666 372;30;1;0;6;21;1
202000043172;154 666 373;7;0;2;6;20;1
202000043173;154 666 369;7;0;2;6;1;0
202000043173;154 666 370;7;0;2;6;1;0
202000043173;154 666 371;7;0;2;1;11;0
202000043174;154 666 367;7;0;1;2;1;1
202000043175;154 666 365;7;0;0;0;0;0
202000043175;154 666 366;32;0;2;7;1;1
202000043176;154 666 364;99;8;0;8;13;6
202000043177;154 666 362;10;0;2;1;1;0
202000043177;154 666 363;10;0;2;4;1;0
202000043178;154 666 361;7;0;1;1;1;1
202000043179;154 666 359;1;0;2;7;17;5
202000043179;154 666 360;7;0;2;2;9;0
202000043180;154 666 356;7;0;9;2;1;1
202000043180;154 666 357;1;-1;-1;-1;1;-1
202000043181;154 666 355;7;12;0;2;14;1
202000043182;154 666 354;2;0;0;0;1;1
202000043183;154 666 353;7;0;1;3;1;1
202000043184;154 666 351;7;0;2;1;26;1
202000043184;154 666 352;7;0;2;1;15;1
202000043185;154 666 349;32;0;2;1;1;1
202000043185;154 666 350;2;0;2;1;1;1
202000043186;154 666 347;7;0;2;2;1;0
202000043186;154 666 348;32;0;2;3;1;0
202000043187;154 666 346;7;0;1;3;1;1
202000043188;154 666 345;7;16;0;0;2;1
202000043189;154 666 343;1;1;0;2;1;5
202000043189;154 666 344;7;0;2;8;22;1
202000043190;154 666 341;7;0;2;1;2;1
202000043190;154 666 342;33;0;2;4;2;1
202000043191;154 666 339;33;0;2;7;3;1
202000043191;154 666 340;15;0;2;8;1;1
202000043192;154 666 337;34;0;2;1;1;1
202000043192;154 666 338;1;0;2;7;10;5
202000043193;154 666 336;32;0;1;1;1;1
202000043194;154 666 334;7;0;2;8;22;1
202000043194;154 666 335;1;0;2;1;1;5
202000043195;154 666 332;7;0;2;5;23;1
202000043195;154 666 333;34;0;2;3;1;1
202000043196;154 666 330;7;0;2;1;1;1
202000043196;154 666 331;34;0;2;1;1;1
202000043197;154 666 328;7;0;2;8;9;1
202000043197;154 666 329;2;0;2;1;1;1
202000043198;154 666 326;10;0;2;2;16;1
202000043198;154 666 327;33;0;2;3;18;1
202000043199;154 666 324;1;0;2;0;13;5
202000043199;154 666 325;37;0;2;0;17;1
202000043200;154 666 322;34;0;2;1;1;1
202000043200;154 666 323;1;0;2;4;19;5
202000043201;154 666 321;1;12;0;7;14;5
202000043202;154 666 319;7;4;2;2;1;1
202000043202;154 666 320;7;4;2;3;1;1
202000043203;154 666 317;7;0;2;2;16;1
202000043203;154 666 318;33;0;2;3;1;1
202000043204;154 666 316;30;0;2;1;1;1
202000043205;154 666 314;60;0;2;1;19;5
202000043205;154 666 315;7;0;2;1;1;1
202000043206;154 666 312;7;0;2;5;16;1
202000043206;154 666 313;32;0;2;1;1;1
202000043207;154 666 310;7;0;2;1;1;0
202000043207;154 666 311;7;0;2;3;9;1
202000043208;154 666 308;34;0;2;7;1;1
202000043208;154 666 309;7;0;2;7;10;1
202000043209;154 666 305;7;12;0;1;0;1
202000043209;154 666 306;7;0;2;6;0;1
202000043209;154 666 307;7;0;2;1;13;0
202000043210;154 666 303;7;0;2;3;9;1
202000043210;154 666 304;7;0;2;5;1;1
202000043211;154 666 301;7;0;2;5;15;1
202000043211;154 666 302;7;0;2;1;1;3
202000043212;154 666 299;7;0;2;7;15;1
202000043212;154 666 300;34;0;2;1;1;1
202000043213;154 666 298;30;0;1;1;1;1
202000043214;154 666 296;2;0;2;1;1;0
202000043214;154 666 297;7;0;2;2;1;2
202000043215;154 666 295;7;0;1;3;1;1
202000043216;154 666 293;7;0;2;2;16;0
202000043216;154 666 294;30;0;2;1;18;1
202000043217;154 666 292;33;0;0;6;1;1
202000043218;154 666 291;32;0;0;0;15;1
202000043219;154 666 290;7;0;1;8;26;1
202000043220;154 666 288;10;0;2;2;17;0
202000043220;154 666 289;33;0;2;8;26;1
202000043221;154 666 286;32;0;2;2;1;1
202000043221;154 666 287;7;0;2;6;11;1
202000043222;154 666 284;10;0;2;8;10;0
202000043222;154 666 285;10;0;2;1;2;0
202000043223;154 666 281;7;0;2;1;0;1
202000043223;154 666 282;1;0;2;4;1;5
202000043223;154 666 283;1;0;2;4;1;5
202000043224;154 666 280;7;0;0;0;13;1
202000043225;154 666 279;7;14;0;1;0;1
202000043226;154 666 278;7;0;1;1;1;1
202000043227;154 666 277;7;15;0;3;1;1
202000043228;154 666 276;7;16;0;9;13;1
202000043229;154 666 274;7;7;0;4;1;1
202000043229;154 666 275;7;0;2;1;2;1
202000043230;154 666 272;31;0;0;4;2;1
202000043230;154 666 273;33;0;2;1;2;1
202000043231;154 666 271;7;2;0;1;0;1
202000043232;154 666 269;7;0;2;2;17;0
202000043232;154 666 270;21;0;2;6;2;0
202000043233;154 666 267;1;0;2;1;1;5
202000043233;154 666 268;32;0;2;1;5;1
202000043234;154 666 265;7;7;0;1;14;1
202000043235;154 666 264;7;0;0;7;1;1
202000043236;154 666 263;7;2;0;3;16;0
202000043237;154 666 261;1;0;2;1;1;5
202000043237;154 666 262;7;0;2;2;26;1
202000043238;154 666 259;7;0;2;3;20;0
202000043238;154 666 260;33;0;2;7;1;0
202000043239;154 666 258;10;16;0;0;0;1
202000043240;154 666 256;7;13;2;1;1;1
202000043240;154 666 257;7;13;2;7;1;6
202000043241;154 666 251;7;0;2;8;13;1
202000043241;154 666 252;7;0;2;3;1;1
202000043242;154 666 248;7;0;2;3;13;1
202000043242;154 666 249;7;0;2;1;1;1
202000043242;154 666 250;7;0;2;6;1;1
202000043243;154 666 247;33;0;0;7;26;1
202000043244;154 666 246;33;8;0;5;1;1
202000043245;154 666 245;7;12;0;1;19;1
202000043246;154 666 242;31;0;2;1;13;1