Num_Acc;id_vehicule;catv;obs;obsm;choc;manv;motor
202000045015;154 663 128;30;0;2;1;1;1
202000045016;154 663 117;7;0;2;8;10;1
202000045016;154 663 118;50;0;2;1;2;3
202000045017;154 663 122;7;4;2;2;1;1
202000045017;154 663 124;7;0;2;6;11;1
202000045018;154 663 123;7;0;0;9;1;1
202000045019;154 663 116;7;1;0;1;1;1
202000045020;154 663 114;7;4;0;3;13;1
202000045021;154 663 112;7;0;2;1;1;1
202000045021;154 663 115;10;0;2;1;13;1
202000045022;154 663 111;7;0;2;1;1;0
202000045022;154 663 113;7;0;1;2;1;0
202000045023;154 663 110;10;0;1;4;20;1
202000045024;154 663 108;10;0;2;3;1;1
202000045024;154 663 109;31;0;2;3;1;1
202000045025;154 663 106;2;14;0;0;1;1
202000045026;154 663 103;7;0;2;1;1;1
202000045026;154 663 107;7;0;2;1;13;1
202000045027;154 663 101;7;5;0;2;1;1
202000045028;154 663 104;2;12;0;8;1;1
202000045029;154 663 098;7;1;0;9;1;1
202000045030;154 663 097;7;0;0;9;14;1
202000045031;154 663 095;7;0;1;2;1;1
202000045032;154 663 096;7;0;2;0;13;1
202000045032;154 663 099;7;0;2;0;1;1
202000045032;154 663 100;7;0;2;0;1;1
202000045032;154 663 105;7;0;2;0;1;1
202000045033;154 663 102;2;0;2;1;21;1
202000045033;154 663 120;7;0;2;1;15;1
202000045034;154 663 093;30;0;1;1;1;1
202000045035;154 663 090;7;1;0;1;14;1
202000045035;154 663 094;7;0;2;6;23;1
202000045036;154 663 089;7;0;2;2;2;0
202000045036;154 663 092;2;0;2;9;2;0
202000045037;154 663 088;10;0;2;4;1;1
202000045037;154 663 091;33;0;2;1;3;1
202000045038;154 663 084;7;0;2;4;1;1
202000045038;154 663 085;33;0;2;8;3;1
202000045038;154 663 086;7;0;2;2;14;1
202000045039;154 663 083;7;0;1;2;12;1
202000045040;154 663 081;7;0;0;9;1;1
202000045041;154 663 079;7;0;2;4;2;1
202000045041;154 663 082;7;0;2;1;2;1
202000045042;154 663 078;30;0;2;3;1;6
202000045042;154 663 080;7;0;2;2;16;6
202000045043;154 663 076;7;13;2;1;13;1
202000045043;154 663 077;7;0;2;1;1;1
202000045044;154 663 074;7;0;2;2;2;1
202000045044;154 663 075;33;0;2;8;2;1
202000045045;154 663 072;1;0;2;7;15;0
202000045045;154 663 073;7;0;2;1;1;0
202000045046;154 663 069;7;0;2;1;1;1
202000045046;154 663 071;33;0;2;8;16;1
202000045047;154 663 065;7;8;0;9;1;0
202000045048;154 663 064;7;0;2;1;2;1
202000045048;154 663 066;7;0;2;7;2;1
202000045049;154 663 063;50;0;2;0;0;3
202000045049;154 663 067;7;0;2;0;1;0
202000045050;154 663 070;7;0;0;0;1;1
202000045051;154 663 061;7;5;0;1;2;1
202000045052;154 663 058;7;0;2;3;1;0
202000045052;154 663 060;33;0;2;1;9;1
202000045053;154 663 062;7;0;0;0;14;1
202000045054;154 663 059;7;0;2;2;17;1
202000045054;154 663 068;31;0;2;8;2;1
202000045055;154 663 052;7;0;2;6;23;1
202000045055;154 663 054;34;0;2;7;3;1
202000045055;154 663 056;10;0;2;8;11;1
202000045056;154 663 051;7;0;2;1;1;1
202000045056;154 663 053;30;0;2;1;13;1
202000045057;154 663 048;10;0;2;1;17;1
202000045057;154 663 049;10;0;2;3;15;1
202000045058;154 663 044;7;0;2;6;23;1
202000045058;154 663 045;7;0;2;5;1;1
202000045058;154 663 046;7;0;2;3;21;1
202000045059;154 663 047;10;0;1;1;21;1
202000045060;154 663 043;7;0;1;1;16;1
202000045061;154 663 050;1;0;0;0;1;5
202000045062;154 663 041;7;0;2;3;1;1
202000045062;154 663 042;7;0;2;3;13;1
202000045063;154 663 038;7;0;2;7;15;1
202000045063;154 663 040;7;0;2;1;1;1
202000045064;154 663 037;7;3;0;6;1;1
202000045065;154 663 033;33;0;0;0;1;1
202000045066;154 663 034;7;0;1;1;1;1
202000045067;154 663 031;7;16;0;0;17;1
202000045068;154 663 029;7;0;2;8;22;1
202000045068;154 663 030;1;1;0;1;1;5
202000045069;154 663 028;7;2;0;8;13;1
202000045070;154 663 027;30;12;0;2;15;1
202000045071;154 663 025;50;0;4;1;5;3
202000045071;154 663 026;40;0;2;3;1;3
202000045072;154 663 022;33;0;2;7;1;1
202000045072;154 663 023;1;0;2;7;15;5
202000045073;154 663 032;1;0;0;4;2;5
202000045073;154 663 035;7;0;9;2;2;1
202000045074;154 663 019;99;1;0;1;26;0
202000045075;154 663 018;7;3;0;1;1;1
202000045076;154 663 011;99;0;2;1;1;1
202000045076;154 663 014;7;0;2;4;1;0
202000045076;154 663 015;7;0;2;4;1;1
202000045076;154 663 017;7;0;2;4;1;1
202000045077;154 663 010;7;0;0;1;0;0
202000045077;154 663 012;7;0;0;5;0;0
202000045077;154 663 016;7;0;0;4;0;0
202000045078;154 663 008;33;2;0;1;21;1
202000045079;154 663 004;2;0;2;7;26;6
202000045079;154 663 005;7;0;2;1;1;6
202000045080;154 663 006;33;0;2;6;18;1
202000045080;154 663 007;7;0;2;2;16;1
202000045081;154 663 020;7;12;0;2;0;1
202000045082;154 663 002;2;0;2;7;15;6
202000045082;154 663 003;7;0;2;1;16;6
202000045083;154 663 021;7;0;2;1;1;1
202000045083;154 663 024;1;0;2;2;15;5
202000045084;154 663 009;30;0;4;0;19;1
202000045084;154 663 013;40;0;2;1;1;3
202000045085;154 662 996;10;0;4;6;15;1
202000045085;154 662 998;40;0;2;1;1;3
202000045086;154 662 997;7;0;2;1;10;1
202000045086;154 663 000;1;0;2;1;1;5
202000045087;154 662 992;7;0;2;1;1;1
202000045087;154 662 994;7;8;2;8;1;1
202000045088;154 662 985;13;0;2;3;1;1
202000045088;154 662 987;7;0;2;3;13;1
202000045089;154 662 990;7;0;2;1;1;1
202000045089;154 662 993;7;0;2;1;13;1
202000045090;154 662 988;7;0;2;1;1;1
202000045090;154 662 989;7;0;2;2;1;1
202000045091;154 662 986;7;2;0;6;1;1
202000045092;154 662 984;2;8;0;0;0;0
202000045093;154 662 982;30;1;0;0;0;1
202000045094;154 662 983;37;0;2;2;1;0
202000045094;154 662 991;7;0;2;1;9;0
202000045095;154 662 978;33;6;0;3;1;1
202000045096;154 662 973;3;0;0;7;13;3
202000045097;154 662 974;7;0;2;5;15;1
202000045097;154 662 976;7;0;2;2;1;1
202000045098;154 662 971;40;0;2;2;1;3
202000045098;154 662 975;10;7;4;6;19;1
202000045099;154 662 970;7;0;2;6;1;1
202000045099;154 662 972;7;3;2;2;17;1
202000045100;154 662 980;7;0;0;7;1;1
202000045100;154 662 981;7;0;2;1;1;0
202000045101;154 662 967;7;0;2;1;2;1
202000045101;154 662 969;7;0;2;4;15;1
202000045102;154 662 965;33;8;0;1;1;1
202000045103;154 662 968;7;2;0;1;1;0
202000045104;154 662 962;7;0;1;1;1;1
202000045105;154 662 961;33;0;0;2;14;1
202000045106;154 662 958;33;0;2;1;1;1
202000045106;154 662 959;7;0;2;2;15;1
202000045107;154 662 956;1;1;2;1;1;5
202000045107;154 662 957;10;1;9;3;13;1
202000045108;154 662 951;33;0;2;2;1;0
202000045108;154 662 963;7;0;2;6;9;0
202000045109;154 662 954;99;0;2;8;17;0
202000045109;154 662 955;33;9;2;0;0;1
202000045110;154 662 949;7;8;0;1;0;0
202000045111;154 662 952;7;0;2;3;9;0
202000045111;154 662 960;2;0;2;2;2;0
202000045112;154 662 953;7;0;1;1;1;1
202000045113;154 662 948;7;0;2;1;15;1
202000045113;154 662 950;7;0;0;1;1;1
202000045114;154 662 946;30;0;2;4;0;1
202000045114;154 662 947;7;0;2;1;1;1
202000045115;154 662 945;7;15;0;2;19;1
202000045116;154 662 940;7;0;2;1;26;1
202000045116;154 662 941;7;0;2;1;1;1
202000045117;154 662 942;7;0;2;3;13;0
202000045117;154 662 944;7;0;2;3;2;1
202000045118;154 662 943;10;0;1;1;15;0
202000045119;154 662 939;7;0;1;1;15;0
202000045120;154 662 936;7;0;1;1;2;1
202000045121;154 662 933;30;0;2;4;1;1
202000045121;154 662 935;7;0;2;1;1;0
202000045122;154 662 934;7;8;0;1;1;1
202000045123;154 662 931;10;0;2;8;10;1
202000045123;154 662 932;17;0;2;2;1;2
202000045124;154 662 930;32;0;1;1;1;1
202000045125;154 662 925;7;0;2;3;15;1
202000045125;154 662 926;2;0;2;1;1;1
202000045126;154 662 919;2;0;2;1;17;1
202000045126;154 662 922;7;0;0;3;15;1
202000045127;154 662 921;7;0;2;2;1;1
202000045127;154 662 927;7;0;2;2;1;1
202000045128;154 662 923;7;0;2;3;13;1
202000045128;154 662 937;17;0;2;3;1;1
202000045128;154 662 938;7;0;9;0;1;1
202000045129;154 662 924;7;0;2;4;15;1
202000045129;154 662 928;7;0;2;1;1;1
202000045129;154 662 929;10;0;2;1;1;1
202000045130;154 662 918;33;16;0;7;0;1
202000045130;154 662 920;33;10;0;1;14;1
202000045131;154 662 917;7;2;0;8;17;1
202000045132;154 662 910;34;0;2;1;1;0
202000045132;154 662 912;7;0;2;5;15;1
202000045133;154 662 911;7;8;0;2;0;1
202000045134;154 662 914;33;12;0;1;9;1
202000045135;154 662 915;2;0;2;1;2;1
202000045135;154 662 916;10;0;2;4;2;1
202000045136;154 662 905;7;0;2;1;1;1
202000045136;154 662 906;7;0;2;1;1;1
202000045136;154 662 907;7;0;2;4;23;1
202000045136;154 662 909;7;4;0;1;1;1
202000045137;154 662 902;33;0;0;9;21;1
202000045138;154 662 903;7;0;2;1;26;0
202000045138;154 662 908;7;0;2;1;13;0
202000045139;154 662 901;37;0;2;2;7;4
202000045139;154 662 913;30;0;2;1;19;0
202000045140;154 662 898;7;0;2;7;1;1
202000045140;154 662 900;7;0;2;6;1;1
202000045140;154 662 904;33;0;2;1;3;1
202000045141;154 662 896;7;0;1;3;1;0
202000045142;154 662 895;16;0;2;0;2;1
202000045142;154 662 899;33;13;2;0;1;1
202000045143;154 662 894;7;0;2;1;13;1
202000045143;154 662 897;37;0;2;3;1;1
202000045144;154 662 891;7;0;2;7;0;1
202000045144;154 662 893;10;0;2;1;1;1
202000045145;154 662 890;10;0;2;3;21;1
202000045145;154 662 892;7;0;2;3;13;1
202000045146;154 662 888;31;0;0;7;21;0
202000045147;154 662 887;30;0;2;7;17;1
202000045147;154 662 889;7;0;2;1;9;1
202000045148;154 662 886;7;0;1;3;1;1
202000045149;154 662 881;10;0;2;1;1;1
202000045149;154 662 883;7;0;2;4;1;1
202000045149;154 662 885;7;0;2;1;2;1
202000045150;154 662 882;36;0;0;9;1;1
202000045151;154 662 877;7;14;0;1;1;1
202000045151;154 662 879;7;3;2;1;23;1
202000045152;154 662 880;1;0;2;7;1;5
202000045152;154 662 884;7;0;9;1;1;1
202000045153;154 662 875;10;7;0;1;0;1
202000045154;154 662 876;7;0;2;8;1;1
202000045154;154 662 878;31;0;2;8;1;1
202000045155;154 662 869;31;0;6;2;1;1
202000045156;154 662 868;10;0;2;1;1;1
202000045156;154 662 871;10;0;2;4;1;1
202000045156;154 662 872;10;0;2;4;1;1
202000045157;154 662 867;7;13;0;2;1;0
202000045158;154 662 866;7;3;0;1;26;1
202000045159;154 662 863;37;0;1;2;9;0
202000045160;154 662 862;7;0;2;4;2;1
202000045160;154 662 870;7;0;2;4;2;1
202000045160;154 662 873;7;0;2;4;2;1
202000045160;154 662 874;7;0;2;1;2;1
202000045161;154 662 861;7;3;0;9;1;1
202000045162;154 662 858;7;0;2;1;11;1
202000045162;154 662 859;7;0;2;6;1;1
202000045162;154 662 860;7;0;2;3;1;1
202000045163;154 662 856;1;0;2;4;12;5
202000045163;154 662 857;99;0;2;1;18;0
202000045164;154 662 854;7;0;2;3;1;1
202000045164;154 662 855;1;0;2;1;1;5
202000045165;154 662 852;7;0;1;2;1;1
202000045166;154 662 853;99;0;2;4;1;1
202000045166;154 662 864;7;0;2;3;9;1
202000045166;154 662 865;7;0;2;5;9;1
202000045167;154 662 849;7;0;2;3;15;1
202000045167;154 662 850;31;0;2;2;17;1
202000045168;154 662 847;7;0;2;4;23;1
202000045168;154 662 848;10;0;2;1;1;1
202000045169;154 662 851;7;3;0;1;9;1
202000045170;154 662 845;33;0;0;2;14;1
202000045171;154 662 844;33;0;2;1;2;1
202000045171;154 662 846;7;0;2;4;2;1
202000045172;154 662 843;30;0;1;0;1;1
202000045173;154 662 842;7;4;0;1;1;1
202000045174;154 662 837;7;0;2;2;9;1
202000045174;154 662 841;7;0;2;5;1;1
202000045175;154 662 839;7;0;2;8;1;1
202000045175;154 662 840;17;0;2;2;12;1
202000045176;154 662 835;7;0;2;3;9;1
202000045176;154 662 836;33;0;2;1;1;1
202000045177;154 662 833;33;3;0;9;2;1
202000045178;154 662 838;32;0;1;1;25;0
202000045179;154 662 830;7;0;2;1;1;1
202000045179;154 662 832;7;0;2;4;1;1
202000045180;154 662 834;30;0;0;0;1;1
202000045181;154 662 829;7;0;2;4;1;1
202000045181;154 662 831;7;0;2;1;1;1
202000045182;154 662 827;7;0;2;1;23;1
202000045182;154 662 828;33;0;2;1;1;1
202000045183;154 662 822;7;0;0;9;2;1
202000045184;154 662 819;7;0;2;4;1;1
202000045184;154 662 823;7;0;2;2;17;1
202000045184;154 662 825;7;0;0;0;13;1
202000045184;154 662 826;10;0;0;0;9;1
202000045185;154 662 818;7;0;2;2;1;1
202000045185;154 662 821;7;0;2;1;9;1
202000045186;154 662 816;30;0;2;1;17;1
202000045186;154 662 817;10;0;2;3;15;1
202000045187;154 662 812;7;0;2;1;15;1
202000045187;154 662 813;33;0;2;1;1;1
202000045188;154 662 814;10;0;2;6;11;1
202000045188;154 662 815;33;0;2;2;1;1
202000045189;154 662 810;7;0;2;1;14;1
202000045189;154 662 811;7;0;2;8;1;1
202000045190;154 662 807;7;4;0;1;13;1
202000045191;154 662 808;7;0;2;2;19;1
202000045191;154 662 809;33;0;2;3;26;1
202000045192;154 662 820;1;0;2;1;16;5
202000045192;154 662 824;1;0;9;1;1;5
202000045193;154 662 801;7;0;2;1;0;1
202000045193;154 662 804;7;0;2;6;26;1
202000045193;154 662 805;7;0;2;0;26;1
202000045194;154 662 800;33;0;2;3;1;1
202000045194;154 662 806;7;0;2;2;9;1
202000045195;154 662 798;15;0;2;1;0;1
202000045195;154 662 799;7;0;2;6;1;1
202000045196;154 662 797;7;0;1;2;1;0
202000045197;154 662 795;7;0;2;1;2;1
202000045197;154 662 796;32;0;2;4;1;1
202000045198;154 662 794;7;0;1;7;17;1
202000045199;154 662 791;7;0;2;2;13;1
202000045199;154 662 793;34;0;2;2;3;1
202000045200;154 662 802;30;0;0;1;26;0
202000045201;154 662 790;7;0;2;1;26;1
202000045201;154 662 792;32;0;2;4;23;1
202000045202;154 662 787;1;0;2;1;0;0
202000045202;154 662 788;43;0;2;1;0;0
202000045203;154 662 785;7;0;2;6;15;1
202000045203;154 662 786;30;0;2;7;17;1
202000045204;154 662 784;7;0;1;1;1;0
202000045205;154 662 782;33;0;2;8;3;1
202000045205;154 662 789;7;0;2;2;12;1
202000045206;154 662 781;7;0;1;4;4;1
202000045207;154 662 779;7;4;0;8;0;6
202000045208;154 662 776;7;0;2;2;0;1
202000045208;154 662 777;7;0;2;3;16;1
202000045209;154 662 778;7;0;2;1;2;0
202000045209;154 662 780;7;0;2;4;2;0
202000045210;154 662 783;34;0;2;1;17;1
202000045210;154 662 803;7;0;2;3;16;1
202000045211;154 662 771;7;0;2;1;2;1
202000045211;154 662 773;7;0;2;4;1;1
202000045211;154 662 775;7;0;2;4;16;1
202000045212;154 662 772;7;0;2;1;13;1
202000045212;154 662 774;7;0;2;3;1;1
202000045213;154 662 766;7;0;2;1;26;1
202000045213;154 662 767;7;0;2;4;1;1
202000045214;154 662 765;7;0;1;1;26;1
202000045215;154 662 770;15;4;0;9;2;1
202000045216;154 662 768;7;0;2;7;15;1
202000045216;154 662 769;30;0;2;1;1;1
202000045217;154 662 760;10;3;0;1;21;1
202000045218;154 662 763;7;0;2;3;15;1
202000045218;154 662 764;34;0;2;7;1;1
202000045219;154 662 756;50;0;2;1;25;3
202000045219;154 662 759;7;0;9;3;0;0
202000045220;154 662 755;2;0;2;7;1;1
202000045220;154 662 757;1;0;2;1;5;0
202000045221;154 662 754;34;0;2;1;3;1
202000045221;154 662 758;7;0;2;4;11;1
202000045222;154 662 751;10;15;2;1;17;1
202000045222;154 662 761;7;0;2;6;1;1
202000045222;154 662 762;10;0;2;8;1;1
202000045223;154 662 753;33;0;2;0;3;0
202000045224;154 662 749;7;0;2;7;11;1
202000045224;154 662 752;34;0;2;7;5;1
202000045225;154 662 744;34;0;2;1;3;1
202000045225;154 662 748;7;0;2;2;12;1
202000045226;154 662 743;7;0;1;0;15;1
202000045227;154 662 738;7;0;0;6;1;1
202000045227;154 662 739;33;0;2;1;3;1
202000045227;154 662 740;7;0;0;4;1;1
202000045227;154 662 741;7;0;0;7;1;1
202000045228;154 662 742;7;0;2;3;15;1
202000045228;154 662 747;32;0;2;1;1;1
202000045229;154 662 736;7;0;2;4;1;1
202000045229;154 662 737;7;0;2;1;2;1
202000045230;154 662 729;7;0;2;8;15;1
202000045230;154 662 730;37;0;2;2;1;1
202000045231;154 662 732;33;0;2;8;3;1
202000045231;154 662 734;0;0;2;7;12;0
202000045232;154 662 733;2;0;2;1;1;1
202000045232;154 662 735;13;0;2;2;15;1
202000045233;154 662 727;10;0;2;1;15;1
202000045233;154 662 728;7;0;2;2;1;1
202000045234;154 662 724;7;0;2;3;2;1
202000045234;154 662 725;7;0;2;4;1;1
202000045234;154 662 726;33;0;2;1;2;1
202000045235;154 662 723;7;0;1;2;9;0
202000045236;154 662 722;10;0;1;6;25;1
202000045237;154 662 721;7;0;1;2;26;1
202000045238;154 662 720;10;0;1;5;4;1
202000045239;154 662 719;7;0;0;0;13;1
202000045240;154 662 716;7;0;2;1;2;0
202000045240;154 662 718;7;0;2;4;23;1
202000045241;154 662 715;7;0;1;1;1;0
202000045242;154 662 731;32;0;1;2;17;0
202000045243;154 662 714;7;0;2;2;1;1
202000045243;154 662 717;7;0;2;5;12;1
202000045244;154 662 708;7;5;2;3;1;1
202000045244;154 662 710;7;5;2;1;1;1
202000045244;154 662 711;7;7;2;1;13;1
202000045245;154 662 709;30;0;1;1;1;1
202000045246;154 662 705;31;0;2;1;-1;-1
202000045246;154 662 712;7;0;2;3;15;1
202000045247;154 662 701;33;0;2;1;3;1
202000045247;154 662 713;7;0;2;5;12;1
202000045248;154 662 703;7;0;2;2;1;1
202000045248;154 662 707;7;0;2;1;16;1
202000045249;154 662 702;33;0;2;3;0;1
202000045249;154 662 706;7;0;2;4;1;1
202000045250;154 662 698;7;0;2;8;1;1
202000045250;154 662 699;7;0;2;1;1;1
202000045251;154 662 696;99;0;2;1;11;1
202000045251;154 662 697;7;0;2;1;2;1
202000045252;154 662 700;33;0;2;2;3;1
202000045252;154 662 704;7;0;2;3;15;1
202000045253;154 662 692;30;11;0;8;1;1
202000045254;154 662 690;31;0;2;1;1;0
202000045254;154 662 691;7;0;2;2;15;0
202000045255;154 662 693;7;0;2;3;15;1
202000045255;154 662 695;10;0;2;1;1;1
202000045256;154 662 694;7;0;1;5;1;1
202000045257;154 662 688;30;0;2;0;10;1
202000045257;154 662 689;30;0;2;0;1;1
202000045258;154 662 682;7;0;2;1;21;1
202000045258;154 662 684;7;0;2;8;1;1
202000045258;154 662 686;34;0;2;3;0;1
202000045259;154 662 680;41;15;0;0;25;3
202000045260;154 662 679;7;0;1;0;1;1
202000045261;154 662 678;7;0;2;1;15;1
202000045261;154 662 681;1;0;2;7;1;5
202000045262;154 662 676;10;0;1;1;1;1
202000045263;154 662 674;7;0;1;7;0;6
202000045264;154 662 672;33;0;2;1;1;1
202000045264;154 662 673;7;0;2;5;15;1
202000045265;154 662 670;17;6;0;2;1;1
202000045266;154 662 669;30;0;1;1;5;1
202000045267;154 662 668;7;0;2;2;1;1
202000045267;154 662 671;7;0;2;1;5;1
202000045268;154 662 667;2;0;0;8;1;1
202000045269;154 662 664;33;0;2;8;1;1
202000045269;154 662 666;14;0;2;5;10;6
202000045270;154 662 675;38;0;2;1;1;1
202000045270;154 662 677;7;0;2;1;1;1
202000045271;154 662 662;99;0;2;2;2;1
202000045271;154 662 665;99;0;2;3;2;1
202000045272;154 662 660;7;0;0;0;0;1
202000045273;154 662 658;21;0;2;6;2;1
202000045273;154 662 659;7;0;2;2;2;1
202000045274;154 662 657;40;0;1;2;1;3
202000045275;154 662 661;1;14;0;7;14;5
202000045276;154 662 663;33;8;0;1;0;1
202000045277;154 662 655;33;0;0;7;21;1
202000045278;154 662 654;7;0;2;1;9;1
202000045278;154 662 656;31;0;2;7;1;1
202000045279;154 662 650;50;0;2;3;7;3
202000045279;154 662 653;7;0;2;2;16;2
202000045280;154 662 648;7;0;2;8;24;1
202000045280;154 662 649;7;1;0;1;13;1
202000045281;154 662 642;30;0;2;8;18;1
202000045281;154 662 644;7;0;2;2;1;1
202000045282;154 662 641;7;0;1;0;15;1
202000045283;154 662 651;7;0;2;1;1;1
202000045283;154 662 652;7;0;0;5;15;1
202000045284;154 662 643;30;0;2;1;5;1
202000045284;154 662 645;10;0;2;3;1;1
202000045285;154 662 639;2;0;2;1;9;1
202000045285;154 662 640;7;0;2;2;9;1
202000045286;154 662 646;7;0;2;2;9;1
202000045286;154 662 647;2;0;2;6;23;1
202000045287;154 662 636;7;2;0;3;1;1
202000045288;154 662 635;32;0;1;1;26;1
202000045289;154 662 634;7;0;2;7;17;1
202000045289;154 662 638;7;0;2;7;17;1
202000045290;154 662 633;7;0;2;1;1;1
202000045290;154 662 637;7;0;2;2;15;1
202000045291;154 662 630;7;0;9;2;2;1
202000045291;154 662 631;60;0;2;8;19;5
202000045292;154 662 627;7;1;0;3;5;0
202000045293;154 662 625;7;0;2;1;15;1
202000045293;154 662 626;7;0;2;3;15;1
202000045294;154 662 623;7;0;2;4;2;1
202000045294;154 662 624;10;0;2;1;2;1
202000045295;154 662 621;7;0;2;2;2;1
202000045295;154 662 622;50;0;2;1;11;3
202000045296;154 662 620;2;0;0;0;1;1
202000045297;154 662 618;7;0;0;4;23;1
202000045297;154 662 619;7;0;2;1;2;1
202000045298;154 662 632;33;0;0;7;1;1
202000045299;154 662 628;32;0;2;0;17;1
202000045299;154 662 629;10;0;2;0;15;1
202000045300;154 662 615;7;0;2;3;1;1
202000045300;154 662 617;7;0;2;2;1;1
202000045301;154 662 612;21;6;0;1;1;1
202000045302;154 662 614;7;13;0;0;13;1
202000045303;154 662 610;7;0;1;1;1;1
202000045304;154 662 609;2;0;0;0;1;1
202000045305;154 662 608;10;8;0;2;14;1
202000045306;154 662 607;1;0;0;0;1;5
202000045307;154 662 606;7;1;0;1;14;1
202000045308;154 662 604;33;14;0;2;2;1
202000045308;154 662 605;33;0;0;6;23;1
202000045309;154 662 611;7;0;2;9;2;1
202000045309;154 662 613;7;0;2;6;1;1
202000045310;154 662 601;10;0;0;2;19;1
202000045310;154 662 616;10;0;0;3;9;1
202000045311;154 662 603;10;0;1;4;4;1
202000045312;154 662 600;33;13;9;1;16;1
202000045313;154 662 598;7;0;9;2;1;1
202000045313;154 662 599;1;0;2;1;9;5
202000045314;154 662 597;10;13;0;3;13;1
202000045315;154 662 595;10;0;1;3;26;1
202000045316;154 662 592;7;0;0;9;13;1
202000045317;154 662 591;7;0;1;2;1;1
202000045318;154 662 594;7;0;2;1;1;1
202000045318;154 662 602;15;0;2;1;0;0
202000045319;154 662 589;7;2;0;1;1;0
202000045320;154 662 587;7;0;1;1;1;1
202000045321;154 662 585;32;0;1;1;25;0
202000045322;154 662 584;33;3;0;1;26;1
202000045322;154 662 586;7;3;0;1;1;1
202000045323;154 662 593;7;2;0;8;13;0
202000045324;154 662 581;50;0;2;8;0;3
202000045324;154 662 582;7;0;2;3;15;1
202000045325;154 662 580;7;13;0;0;14;1
202000045326;154 662 583;7;0;2;6;2;1
202000045326;154 662 588;33;0;2;1;2;1
202000045327;154 662 579;7;4;0;2;14;1
202000045328;154 662 577;33;6;2;1;1;1
202000045328;154 662 578;7;0;2;2;1;1
202000045329;154 662 576;7;0;1;8;1;1
202000045330;154 662 575;7;13;0;3;1;1
202000045331;154 662 569;33;0;0;9;1;1
202000045332;154 662 570;7;0;2;1;2;1
202000045332;154 662 571;7;0;2;4;2;1
202000045332;154 662 572;10;0;2;4;2;0
202000045333;154 662 573;7;2;0;9;1;1
202000045334;154 662 574;7;9;0;1;1;1
202000045335;154 662 565;7;3;5;1;21;1
202000045336;154 662 564;7;0;2;2;9;1
202000045336;154 662 567;1;0;2;3;1;5
202000045337;154 662 560;7;0;9;3;16;1
202000045337;154 662 562;7;14;0;2;2;1
202000045337;154 662 563;1;0;2;4;2;5
202000045338;154 662 558;7;0;2;3;1;1
202000045338;154 662 559;7;0;2;2;12;1
202000045339;154 662 557;7;0;1;2;1;1
202000045340;154 662 561;33;0;6;1;1;1
202000045341;154 662 553;7;0;2;0;16;1
202000045341;154 662 556;7;12;2;3;1;1
202000045342;154 662 552;7;0;2;1;1;1
202000045342;154 662 555;32;0;2;1;15;1
202000045343;154 662 549;7;8;0;1;0;1
202000045344;154 662 550;7;0;2;3;1;1
202000045344;154 662 554;7;0;2;3;13;1
202000045345;154 662 544;7;0;2;8;11;1
202000045345;154 662 547;31;0;2;7;3;1
202000045346;154 662 540;43;0;2;8;3;1
202000045346;154 662 542;7;0;2;7;12;1
202000045347;154 662 538;2;0;2;1;1;1
202000045347;154 662 545;2;0;0;4;1;1
202000045348;154 662 534;7;0;2;2;15;1
202000045348;154 662 536;80;0;2;1;19;3
202000045349;154 662 535;1;0;2;1;1;5
202000045349;154 662 537;10;0;2;8;22;1
202000045350;154 662 551;7;0;1;1;1;0
202000045351;154 662 530;2;0;2;1;1;1
202000045351;154 662 531;7;0;2;7;9;1
202000045352;154 662 528;7;0;2;1;2;1
202000045352;154 662 529;7;0;0;4;2;1
202000045353;154 662 526;10;0;2;3;26;1
202000045353;154 662 527;7;0;2;1;1;1
202000045354;154 662 525;1;0;0;0;1;5
202000045355;154 662 521;7;14;0;1;1;1
202000045356;154 662 520;7;0;0;1;1;1
202000045357;154 662 517;7;5;0;1;0;0
202000045358;154 662 518;7;0;2;7;13;1
202000045358;154 662 519;7;0;2;1;2;1
202000045359;154 662 516;7;0;1;2;1;1
202000045360;154 662 523;7;0;2;4;2;1
202000045360;154 662 532;7;0;2;1;2;1
202000045361;154 662 511;10;0;2;2;1;1
202000045361;154 662 512;10;0;2;3;13;1
202000045362;154 662 510;32;0;1;1;17;1
202000045363;154 662 509;50;0;0;7;25;3
202000045364;154 662 514;7;0;1;1;1;1
202000045365;154 662 513;7;0;0;5;2;1
202000045365;154 662 515;31;0;2;1;2;1
202000045366;154 662 524;7;3;2;2;13;1
202000045366;154 662 533;7;0;2;3;1;1
202000045367;154 662 508;33;0;1;1;17;1
202000045368;154 662 504;17;0;2;1;2;1
202000045368;154 662 505;7;0;2;4;2;0
202000045369;154 662 502;99;0;0;0;0;0
202000045369;154 662 507;7;0;2;4;1;0
202000045370;154 662 503;1;0;2;1;9;5
202000045370;154 662 506;1;0;2;7;1;5
202000045371;154 662 501;7;0;1;1;2;1
202000045372;154 662 500;7;0;1;2;16;1
202000045373;154 662 497;7;0;1;3;1;1
202000045374;154 662 494;1;0;2;8;16;5
202000045374;154 662 496;10;0;2;7;16;1
202000045375;154 662 492;33;0;2;1;1;1
202000045375;154 662 493;7;0;2;8;15;1
202000045376;154 662 491;7;2;0;7;0;0