Num_Acc;id_vehicule;catv;obs;obsm;choc;manv;motor
202000046098;154 661 250;7;0;2;7;15;1
202000046098;154 661 251;50;0;2;2;2;3
202000046099;154 661 249;7;0;1;1;1;1
202000046100;154 661 247;2;0;2;4;23;1
202000046100;154 661 248;7;0;2;1;1;1
202000046101;154 661 245;7;0;2;4;15;1
202000046101;154 661 246;50;0;2;1;1;3
202000046102;154 661 243;7;0;2;3;15;1
202000046102;154 661 244;31;0;2;1;1;1
202000046103;154 661 241;7;0;2;8;22;1
202000046103;154 661 242;1;0;2;7;1;5
202000046104;154 661 239;30;0;2;1;1;1
202000046104;154 661 240;7;0;2;3;1;1
202000046105;154 661 238;1;0;1;1;1;5
202000046106;154 661 236;31;0;2;7;1;1
202000046106;154 661 237;1;0;2;8;13;5
202000046107;154 661 234;7;0;2;2;9;0
202000046107;154 661 235;7;0;2;1;9;0
202000046108;154 661 233;7;0;1;1;1;1
202000046109;154 661 231;34;0;2;1;1;1
202000046109;154 661 232;7;0;2;2;19;1
202000046110;154 661 229;7;0;2;1;1;1
202000046110;154 661 230;7;0;2;6;1;1
202000046111;154 661 227;16;0;2;8;1;1
202000046111;154 661 228;32;0;2;3;1;1
202000046112;154 661 226;7;0;1;2;1;0
202000046113;154 661 224;10;0;2;2;14;1
202000046113;154 661 225;15;0;2;6;1;1
202000046114;154 661 218;10;0;2;2;2;1
202000046114;154 661 219;15;0;0;6;23;1
202000046115;154 661 215;7;5;0;3;1;1
202000046115;154 661 216;7;0;2;1;2;1
202000046115;154 661 217;7;0;2;1;2;1
202000046116;154 661 213;7;0;2;3;1;1
202000046116;154 661 214;7;0;2;3;13;1
202000046117;154 661 211;7;0;2;7;15;0
202000046117;154 661 212;2;0;2;1;0;1
202000046118;154 661 210;7;13;0;2;1;1
202000046119;154 661 208;7;0;2;1;1;0
202000046119;154 661 209;15;0;0;4;1;0
202000046120;154 661 206;7;0;0;7;1;0
202000046120;154 661 207;7;0;2;1;0;0
202000046121;154 661 204;7;0;2;1;1;1
202000046121;154 661 205;7;0;2;1;1;1
202000046122;154 661 203;3;1;0;3;13;1
202000046123;154 661 201;7;7;0;7;1;1
202000046123;154 661 202;7;7;0;1;1;1
202000046124;154 661 199;7;0;2;3;15;1
202000046124;154 661 200;7;0;2;2;1;1
202000046125;154 661 197;7;0;0;4;15;1
202000046125;154 661 198;7;0;2;1;2;1
202000046126;154 661 196;7;15;0;1;1;1
202000046127;154 661 195;7;0;1;0;1;0
202000046128;154 661 193;7;0;2;2;21;1
202000046128;154 661 194;7;13;2;3;0;1
202000046129;154 661 192;7;6;0;1;1;1
202000046130;154 661 191;7;2;0;8;0;1
202000046131;154 661 190;7;2;0;3;1;1
202000046132;154 661 188;7;0;2;3;1;0
202000046132;154 661 189;7;0;2;3;17;0
202000046133;154 661 186;7;0;2;2;1;1
202000046133;154 661 187;7;0;2;3;16;1
202000046134;154 661 183;7;0;2;3;1;1
202000046134;154 661 184;7;0;2;3;13;1
202000046135;154 661 181;7;0;2;1;17;1
202000046135;154 661 182;7;0;2;1;1;1
202000046136;154 661 179;7;0;2;3;1;0
202000046136;154 661 180;3;0;0;5;15;0
202000046137;154 661 177;7;2;0;1;14;1
202000046138;154 661 176;7;2;0;1;1;0
202000046139;154 661 173;7;0;2;8;13;1
202000046139;154 661 174;7;0;2;1;1;1
202000046139;154 661 175;7;0;2;2;1;1
202000046140;154 661 171;7;0;2;1;13;1
202000046140;154 661 172;7;0;2;1;1;1
202000046141;154 661 170;7;0;1;3;19;1
202000046142;154 661 168;10;0;2;1;1;1
202000046142;154 661 169;10;0;0;4;1;1
202000046143;154 661 167;33;10;0;7;15;1
202000046144;154 661 165;33;0;2;3;1;1
202000046144;154 661 166;7;0;2;3;1;1
202000046145;154 661 163;15;0;0;4;1;1
202000046145;154 661 164;7;0;2;1;1;1
202000046146;154 661 162;7;3;0;1;12;1
202000046147;154 661 159;7;0;0;0;2;1
202000046147;154 661 160;10;0;1;0;2;1
202000046147;154 661 161;7;0;1;2;2;1
202000046148;154 661 158;7;0;1;3;1;6
202000046149;154 661 154;7;0;2;0;1;1
202000046149;154 661 155;7;0;2;8;15;2
202000046149;154 661 156;33;0;2;1;17;1
202000046149;154 661 157;33;0;2;1;17;1
202000046150;154 661 152;7;3;0;4;2;1
202000046150;154 661 153;7;0;2;1;2;1
202000046151;154 661 150;15;0;2;3;1;1
202000046151;154 661 151;7;0;2;3;13;1
202000046152;154 661 149;7;0;0;1;26;1
202000046153;154 661 147;7;0;2;1;13;1
202000046153;154 661 148;7;0;2;3;1;1
202000046154;154 661 146;33;12;0;0;1;6
202000046155;154 661 145;7;0;1;2;12;1
202000046156;154 661 143;7;0;2;1;1;1
202000046156;154 661 144;7;0;2;7;13;1
202000046157;154 661 138;7;0;2;1;1;1
202000046157;154 661 139;7;0;2;8;1;1
202000046157;154 661 140;10;0;2;1;13;1
202000046158;154 661 136;1;1;0;2;1;5
202000046158;154 661 137;7;0;9;8;22;1
202000046159;154 661 134;33;0;2;7;17;1
202000046159;154 661 135;7;0;2;8;15;1
202000046160;154 661 133;7;0;1;2;16;1
202000046161;154 661 131;7;0;0;4;23;1
202000046161;154 661 132;7;0;2;1;2;1
202000046162;154 661 130;3;6;0;1;1;1
202000046163;154 661 128;30;0;2;1;1;1
202000046163;154 661 129;7;0;2;3;13;1
202000046164;154 661 126;15;0;2;2;1;1
202000046164;154 661 127;7;13;2;2;11;1
202000046165;154 661 124;7;1;0;1;1;1
202000046165;154 661 125;7;6;0;8;21;1
202000046166;154 661 123;2;0;1;1;17;1
202000046167;154 661 121;33;0;2;8;1;1
202000046167;154 661 122;7;0;2;7;12;1
202000046168;154 661 119;7;0;2;2;1;1
202000046168;154 661 120;7;0;2;3;11;1
202000046169;154 661 117;7;0;2;0;0;0
202000046169;154 661 118;7;0;2;0;1;1
202000046170;154 661 116;7;0;0;9;1;1
202000046171;154 661 113;7;0;2;4;2;1
202000046171;154 661 114;7;0;2;4;2;1
202000046171;154 661 115;7;0;2;1;2;1
202000046172;154 661 111;7;0;0;1;18;1
202000046172;154 661 112;7;0;0;2;0;1
202000046173;154 661 109;7;0;2;8;18;1
202000046173;154 661 110;14;0;2;6;0;1
202000046174;154 661 107;7;0;2;1;5;1
202000046174;154 661 108;7;0;2;7;1;1
202000046175;154 661 104;7;0;2;1;2;1
202000046175;154 661 105;7;0;2;4;2;1
202000046175;154 661 106;7;0;2;4;2;1
202000046176;154 661 101;7;6;2;2;21;1
202000046176;154 661 102;7;4;2;8;1;1
202000046176;154 661 103;7;0;2;3;1;1
202000046177;154 661 099;7;4;2;4;0;0
202000046177;154 661 100;7;0;2;1;1;1
202000046178;154 661 096;7;0;2;4;1;1
202000046178;154 661 097;7;0;2;4;1;1
202000046178;154 661 098;7;0;2;1;2;1
202000046179;154 661 094;7;0;2;7;1;1
202000046179;154 661 095;7;0;2;8;9;1
202000046180;154 661 092;33;0;2;1;3;1
202000046180;154 661 093;7;0;2;6;11;1
202000046181;154 661 090;7;0;2;6;2;1
202000046181;154 661 091;7;0;2;2;2;1
202000046182;154 661 088;7;0;2;4;11;1
202000046182;154 661 089;7;0;2;1;1;1
202000046183;154 661 087;7;13;0;1;1;1
202000046184;154 661 084;7;0;0;1;1;1
202000046184;154 661 085;7;0;2;4;1;1
202000046184;154 661 086;7;16;0;4;1;1
202000046185;154 661 082;7;0;2;1;1;1
202000046185;154 661 083;7;0;2;3;15;1
202000046186;154 661 080;3;0;2;1;1;1
202000046186;154 661 081;13;0;2;1;1;1
202000046187;154 661 078;2;0;2;3;1;1
202000046187;154 661 079;7;0;2;1;1;1
202000046188;154 661 076;33;4;2;1;1;1
202000046188;154 661 077;7;0;2;5;1;1
202000046189;154 661 075;31;12;0;1;7;1
202000046190;154 661 073;0;0;2;6;1;0
202000046190;154 661 074;10;0;2;2;17;1
202000046191;154 661 071;34;0;2;1;1;1
202000046191;154 661 072;7;0;2;2;15;0
202000046192;154 661 069;7;0;2;1;15;0
202000046192;154 661 070;7;0;2;1;1;0
202000046193;154 661 067;31;0;2;5;1;1
202000046193;154 661 068;7;0;2;2;9;1
202000046194;154 661 065;7;0;2;5;1;1
202000046194;154 661 066;7;0;2;5;1;1
202000046195;154 661 063;7;0;2;3;1;1
202000046195;154 661 064;10;0;2;3;13;1
202000046196;154 661 061;7;0;2;1;1;1
202000046196;154 661 062;32;0;2;4;1;0
202000046197;154 661 059;7;0;2;2;23;1
202000046197;154 661 060;7;0;2;1;2;1
202000046198;154 661 057;7;0;2;1;1;1
202000046198;154 661 058;7;0;2;8;19;1
202000046199;154 661 055;30;0;2;8;9;3
202000046199;154 661 056;7;0;2;1;9;1
202000046200;154 661 052;99;0;9;2;26;1
202000046200;154 661 053;1;0;2;1;5;5
202000046200;154 661 054;1;0;2;1;5;5
202000046201;154 661 050;7;0;2;1;2;1
202000046201;154 661 051;1;0;2;4;1;5
202000046202;154 661 048;1;0;2;1;19;5
202000046202;154 661 049;7;0;2;0;1;1
202000046203;154 661 047;7;0;1;2;0;1
202000046204;154 661 045;7;0;0;0;1;1
202000046204;154 661 046;33;0;0;0;2;1
202000046205;154 661 043;7;0;2;1;19;1
202000046205;154 661 044;7;0;2;8;1;1
202000046206;154 661 041;7;0;2;1;9;1
202000046206;154 661 042;33;0;2;7;16;1
202000046207;154 661 040;7;6;0;2;1;1
202000046208;154 661 038;7;0;2;6;0;1
202000046208;154 661 039;33;0;2;9;0;1
202000046209;154 661 034;1;0;9;2;0;5
202000046209;154 661 035;7;0;2;3;24;1
202000046209;154 661 036;7;0;2;1;0;1
202000046209;154 661 037;7;0;2;7;0;1
202000046210;154 661 033;7;0;1;4;4;1
202000046211;154 661 032;10;0;1;4;20;1
202000046212;154 661 031;7;0;1;2;1;1
202000046213;154 661 030;7;0;1;2;1;1
202000046214;154 661 029;80;0;1;8;25;3
202000046215;154 661 027;10;0;2;2;15;1
202000046215;154 661 028;1;0;2;8;1;5
202000046216;154 661 025;7;0;2;4;2;1
202000046216;154 661 026;2;0;2;1;2;1
202000046217;154 661 024;7;6;0;3;13;1
202000046218;154 661 022;1;0;2;1;1;6
202000046218;154 661 023;13;0;2;3;16;1
202000046219;154 661 021;7;0;1;2;26;1
202000046220;154 661 019;7;0;2;4;1;1
202000046220;154 661 020;7;0;2;1;1;1
202000046221;154 661 017;50;0;2;1;1;3
202000046221;154 661 018;7;0;2;2;16;1
202000046222;154 661 016;7;0;1;2;1;1
202000046223;154 661 014;2;0;2;1;1;1
202000046223;154 661 015;7;0;2;7;14;1
202000046224;154 661 012;33;0;2;1;1;1
202000046224;154 661 013;7;0;2;7;15;1
202000046225;154 661 011;20;0;1;3;15;3
202000046226;154 661 009;7;0;2;1;13;1
202000046226;154 661 010;7;0;2;1;1;1
202000046227;154 661 007;7;0;2;2;13;1
202000046227;154 661 008;7;0;2;2;1;1
202000046228;154 661 005;7;0;2;3;1;1
202000046228;154 661 006;7;0;2;2;15;1
202000046229;154 661 003;2;0;2;4;18;1
202000046229;154 661 004;7;0;2;3;9;1
202000046230;154 661 002;7;8;0;1;26;1
202000046231;154 661 000;7;0;2;4;2;1
202000046231;154 661 001;7;0;2;1;2;1
202000046232;154 660 998;32;0;2;3;26;1
202000046232;154 660 999;7;0;2;2;9;1
202000046233;154 660 996;33;0;2;1;1;1
202000046233;154 660 997;7;0;2;4;23;0
202000046234;154 660 995;33;0;1;1;1;1
202000046235;154 660 993;15;0;2;3;9;1
202000046235;154 660 994;7;0;2;7;15;1
202000046236;154 660 991;7;0;2;1;1;1
202000046236;154 660 992;7;0;2;1;13;1
202000046237;154 660 989;7;0;2;3;13;1
202000046237;154 660 990;7;0;2;3;1;1
202000046238;154 660 986;7;0;2;4;1;1
202000046238;154 660 987;7;0;2;4;1;1
202000046238;154 660 988;7;0;2;1;21;1
202000046239;154 660 985;32;0;1;1;3;1
202000046240;154 660 983;14;0;2;1;2;0
202000046240;154 660 984;7;0;2;4;23;0
202000046241;154 660 982;7;4;0;7;13;1
202000046242;154 660 980;30;0;2;1;13;1
202000046242;154 660 981;1;0;2;1;1;5
202000046243;154 660 978;1;0;2;8;19;5
202000046243;154 660 979;33;7;2;1;1;1
202000046244;154 660 976;43;0;2;2;1;1
202000046244;154 660 977;10;0;2;3;11;1
202000046245;154 660 974;32;0;2;2;1;1
202000046245;154 660 975;30;0;2;3;11;1
202000046246;154 660 973;7;0;1;1;1;0
202000046247;154 660 971;1;0;2;7;1;5
202000046247;154 660 972;10;0;2;1;1;1
202000046248;154 660 969;7;0;2;3;1;2
202000046248;154 660 970;1;0;2;1;5;5
202000046249;154 660 967;7;0;2;3;1;1
202000046249;154 660 968;7;0;2;2;1;1
202000046250;154 660 965;1;0;2;2;7;5
202000046250;154 660 966;43;0;2;1;9;1
202000046251;154 660 963;10;0;2;1;2;1
202000046251;154 660 964;33;0;2;4;23;1
202000046252;154 660 961;1;0;2;8;9;5
202000046252;154 660 962;7;0;2;2;1;1
202000046253;154 660 960;50;12;0;7;14;3
202000046254;154 660 958;1;0;2;3;17;5
202000046254;154 660 959;1;0;2;3;1;5
202000046255;154 660 957;1;0;1;1;1;5
202000046256;154 660 956;20;0;1;1;19;1
202000046257;154 660 954;7;0;2;8;22;1
202000046257;154 660 955;1;1;0;7;1;5
202000046258;154 660 952;30;0;2;8;25;1
202000046258;154 660 953;7;0;2;2;1;1
202000046259;154 660 951;7;3;0;7;0;1
202000046260;154 660 949;7;0;2;2;19;1
202000046260;154 660 950;7;0;2;2;1;1
202000046261;154 660 948;7;0;1;1;1;1
202000046262;154 660 946;7;0;2;6;2;1
202000046262;154 660 947;14;0;2;2;14;1
202000046263;154 660 945;33;0;1;1;1;1
202000046264;154 660 944;7;2;1;2;26;1
202000046265;154 660 943;30;0;1;1;26;6
202000046266;154 660 941;7;0;2;5;15;1
202000046266;154 660 942;7;0;2;3;15;1
202000046267;154 660 939;34;12;2;4;1;0
202000046267;154 660 940;10;0;2;1;1;0
202000046268;154 660 937;7;0;2;1;1;0
202000046268;154 660 938;30;0;2;1;5;0
202000046269;154 660 935;33;0;2;5;16;0
202000046269;154 660 936;7;0;2;3;1;0
202000046270;154 660 933;7;0;0;5;16;0
202000046270;154 660 934;33;0;2;1;18;0
202000046271;154 660 932;33;0;1;3;1;1
202000046272;154 660 930;7;0;2;2;2;1
202000046272;154 660 931;33;0;0;4;2;1
202000046273;154 660 928;33;0;2;1;1;1
202000046273;154 660 929;7;0;2;1;15;1
202000046274;154 660 927;2;0;0;7;1;1
202000046275;154 660 926;7;4;0;1;1;0
202000046276;154 660 925;7;2;0;3;13;1
202000046277;154 660 924;33;0;0;8;1;1
202000046278;154 660 922;2;0;2;3;15;1
202000046278;154 660 923;7;0;2;5;17;1
202000046279;154 660 919;7;0;2;1;11;1
202000046279;154 660 920;7;14;2;1;1;1
202000046279;154 660 921;7;0;0;6;15;2
202000046280;154 660 917;17;0;0;4;2;0
202000046280;154 660 918;7;0;2;1;2;6
202000046281;154 660 915;7;0;2;1;13;1
202000046281;154 660 916;7;0;2;1;1;1
202000046282;154 660 913;7;0;2;3;1;1
202000046282;154 660 914;7;0;2;2;1;1
202000046283;154 660 912;7;10;0;3;0;1
202000046284;154 660 910;15;0;0;7;15;1
202000046284;154 660 911;33;0;2;1;1;1
202000046285;154 660 908;10;0;2;3;1;1
202000046285;154 660 909;7;0;0;3;1;1
202000046286;154 660 905;31;0;2;1;1;0
202000046286;154 660 906;7;0;9;3;15;0
202000046286;154 660 907;7;0;9;1;23;0
202000046287;154 660 903;1;0;0;0;2;5
202000046287;154 660 904;7;0;9;0;0;0
202000046288;154 660 902;7;0;1;0;1;1
202000046289;154 660 901;31;0;6;0;0;1
202000046290;154 660 899;7;0;2;1;13;1
202000046290;154 660 900;7;0;2;1;1;1
202000046291;154 660 898;7;0;1;5;4;1
202000046292;154 660 896;7;0;2;1;1;0
202000046292;154 660 897;7;0;2;1;0;0
202000046293;154 660 894;21;0;2;4;19;1
202000046293;154 660 895;33;0;2;1;1;1
202000046294;154 660 892;10;0;2;2;15;1
202000046294;154 660 893;7;0;2;1;1;1
202000046295;154 660 890;10;0;2;2;9;1
202000046295;154 660 891;1;0;2;8;1;5
202000046296;154 660 888;7;0;9;4;15;1
202000046296;154 660 889;1;0;2;1;1;5
202000046297;154 660 885;7;0;0;1;1;1
202000046297;154 660 886;10;0;2;1;2;1
202000046297;154 660 887;15;0;0;4;2;1
202000046298;154 660 883;7;0;2;2;15;1
202000046298;154 660 884;7;0;2;3;1;1
202000046299;154 660 881;10;0;2;2;17;1
202000046299;154 660 882;1;0;0;3;15;5
202000046300;154 660 879;7;0;2;3;13;1
202000046300;154 660 880;7;0;2;3;1;1
202000046301;154 660 877;7;0;2;3;13;1
202000046301;154 660 878;38;0;2;1;1;1
202000046302;154 660 875;10;0;0;6;2;1
202000046302;154 660 876;1;0;2;1;2;5
202000046303;154 660 874;7;13;0;0;14;0
202000046304;154 660 872;7;0;2;1;1;1
202000046304;154 660 873;7;13;2;4;16;1
202000046305;154 660 871;33;6;0;1;14;1
202000046306;154 660 870;7;2;0;3;1;1
202000046307;154 660 869;3;0;0;7;0;1
202000046308;154 660 867;7;0;0;7;15;1
202000046308;154 660 868;10;0;2;3;1;1
202000046309;154 660 866;2;15;0;1;1;1
202000046310;154 660 864;2;0;2;1;1;1
202000046310;154 660 865;7;0;2;2;15;1
202000046311;154 660 862;7;0;2;8;15;1
202000046311;154 660 863;2;0;2;1;17;1
202000046312;154 660 861;21;8;0;1;14;1
202000046313;154 660 859;10;0;2;3;15;1
202000046313;154 660 860;1;0;2;1;1;5
202000046314;154 660 858;2;0;0;0;1;1
202000046315;154 660 856;7;0;2;0;1;1
202000046315;154 660 857;7;0;2;9;17;1
202000046316;154 660 854;7;0;2;3;1;1
202000046316;154 660 855;7;0;2;3;1;1
202000046317;154 660 853;39;0;1;3;19;1
202000046318;154 660 851;7;0;9;2;2;1
202000046318;154 660 852;33;0;0;4;2;1
202000046319;154 660 850;15;0;1;2;1;1
202000046320;154 660 849;7;13;0;9;13;1
202000046321;154 660 847;7;0;2;1;17;1
202000046321;154 660 848;7;0;2;6;1;1
202000046322;154 660 845;1;0;2;1;1;5
202000046322;154 660 846;7;0;9;2;15;1
202000046323;154 660 844;33;13;0;2;1;1
202000046324;154 660 843;7;8;0;8;1;1
202000046325;154 660 841;7;0;2;5;0;1
202000046325;154 660 842;7;0;2;1;0;1
202000046326;154 660 839;33;0;2;1;1;1
202000046326;154 660 840;7;0;2;7;15;1
202000046327;154 660 837;7;0;2;2;10;1
202000046327;154 660 838;7;0;2;1;1;1
202000046328;154 660 834;7;0;1;1;1;1
202000046329;154 660 831;7;0;0;4;23;1
202000046329;154 660 832;14;0;2;1;23;1
202000046329;154 660 833;7;0;2;4;23;1
202000046330;154 660 830;33;0;0;6;1;1
202000046331;154 660 829;17;6;0;1;1;1
202000046332;154 660 827;15;0;2;8;1;0
202000046332;154 660 828;7;0;2;7;12;0
202000046333;154 660 825;7;4;0;8;19;1
202000046334;154 660 823;33;4;0;1;2;1
202000046334;154 660 824;7;14;2;1;1;1
202000046335;154 660 822;43;0;0;0;0;1
202000046336;154 660 821;32;0;0;7;1;1
202000046337;154 660 819;33;0;2;1;2;1
202000046337;154 660 820;7;0;2;2;14;1
202000046338;154 660 816;13;0;2;2;2;1
202000046338;154 660 817;7;0;2;8;9;1
202000046338;154 660 818;7;0;2;1;2;1
202000046339;154 660 815;33;0;0;0;17;1
202000046340;154 660 811;7;0;2;0;0;1
202000046340;154 660 812;7;0;2;0;0;1
202000046340;154 660 813;10;0;2;0;0;1
202000046340;154 660 814;7;0;2;1;1;1
202000046341;154 660 808;10;0;2;4;2;1
202000046341;154 660 809;7;0;2;4;2;1
202000046341;154 660 810;17;0;2;1;11;1
202000046342;154 660 806;7;0;2;5;1;1
202000046342;154 660 807;7;0;2;3;14;1
202000046343;154 660 804;7;0;2;8;1;1
202000046343;154 660 805;14;0;2;2;12;1
202000046344;154 660 802;10;0;2;4;2;1
202000046344;154 660 803;33;0;2;1;2;1
202000046345;154 660 797;15;0;2;1;2;1
202000046345;154 660 798;15;0;2;8;2;1
202000046345;154 660 799;7;0;2;1;2;1
202000046345;154 660 800;7;0;2;7;2;1
202000046345;154 660 801;7;0;2;3;26;1
202000046346;154 660 796;33;0;0;9;3;1
202000046347;154 660 795;7;4;0;1;14;1
202000046348;154 660 793;7;0;2;8;17;1
202000046348;154 660 794;43;0;2;8;3;1
202000046349;154 660 791;7;0;2;7;12;1
202000046349;154 660 792;33;0;2;8;11;1
202000046350;154 660 789;7;0;2;7;17;1
202000046350;154 660 790;7;0;2;4;1;1
202000046351;154 660 787;33;0;2;1;0;0
202000046351;154 660 788;10;0;2;4;0;0
202000046352;154 660 784;33;0;2;1;2;1
202000046352;154 660 785;7;0;2;4;11;1
202000046352;154 660 786;7;0;2;4;1;1
202000046353;154 660 782;7;0;2;4;2;1
202000046353;154 660 783;7;0;2;1;2;1
202000046354;154 660 780;43;0;2;3;3;1
202000046354;154 660 781;7;0;2;5;12;1
202000046355;154 660 777;31;0;2;4;1;1
202000046355;154 660 778;7;0;2;1;21;1
202000046355;154 660 779;7;0;2;4;9;1
202000046356;154 660 775;7;0;2;8;11;1
202000046356;154 660 776;33;0;2;7;3;1
202000046357;154 660 773;7;0;2;4;0;1
202000046357;154 660 774;14;0;2;1;12;1
202000046358;154 660 771;2;0;1;1;26;0
202000046358;154 660 772;7;0;2;2;19;0
202000046359;154 660 769;7;0;2;2;9;1
202000046359;154 660 770;33;0;2;1;2;1
202000046360;154 660 766;15;0;2;0;0;0
202000046360;154 660 767;7;0;2;1;26;0
202000046360;154 660 768;7;0;2;0;0;0
202000046361;154 660 764;0;0;2;1;1;0
202000046361;154 660 765;14;0;2;3;15;1
202000046362;154 660 762;13;0;2;7;2;1
202000046362;154 660 763;1;0;2;8;2;5
202000046363;154 660 760;7;0;2;8;15;0
202000046363;154 660 761;2;0;2;1;26;1
202000046364;154 660 759;30;3;0;1;19;1
202000046365;154 660 757;7;0;2;1;1;0
202000046365;154 660 758;7;0;2;8;19;0
202000046366;154 660 755;7;0;2;2;15;1
202000046366;154 660 756;32;0;2;1;1;1
202000046367;154 660 753;7;0;2;0;15;1
202000046367;154 660 754;7;0;2;2;1;1
202000046368;154 660 752;30;0;0;0;15;1
202000046369;154 660 750;7;0;2;3;15;0
202000046369;154 660 751;31;8;2;9;17;6
202000046370;154 660 749;7;0;1;8;26;1
202000046371;154 660 748;10;0;1;4;4;1
202000046372;154 660 746;7;0;2;1;1;1
202000046372;154 660 747;30;0;2;1;15;1
202000046373;154 660 745;7;0;1;2;21;1
202000046374;154 660 744;33;0;1;1;1;1
202000046375;154 660 742;7;0;2;1;9;1
202000046375;154 660 743;7;0;2;5;9;1
202000046376;154 660 741;7;12;0;5;20;1
202000046377;154 660 739;1;1;0;2;26;5
202000046377;154 660 740;7;0;0;0;0;0
202000046378;154 660 738;30;0;0;8;15;1
202000046379;154 660 736;33;0;2;1;1;1
202000046379;154 660 737;10;0;2;3;15;1
202000046380;154 660 733;7;0;2;4;1;1
202000046380;154 660 734;7;0;2;1;26;1
202000046380;154 660 735;7;0;2;4;1;1
202000046381;154 660 731;31;0;2;1;2;1
202000046381;154 660 732;1;1;2;8;19;5
202000046382;154 660 729;7;0;2;0;0;0
202000046382;154 660 730;1;0;2;1;1;5
202000046383;154 660 727;33;0;2;1;1;1
202000046383;154 660 728;0;0;2;0;0;0
202000046384;154 660 725;7;0;2;5;13;1
202000046384;154 660 726;31;0;2;1;17;1
202000046385;154 660 724;80;0;0;1;1;3
202000046386;154 660 722;2;0;2;7;1;1
202000046386;154 660 723;7;0;2;2;20;1
202000046387;154 660 721;30;12;0;7;16;1
202000046388;154 660 720;30;0;0;1;1;1
202000046389;154 660 718;7;0;2;6;23;1
202000046389;154 660 719;7;0;2;1;2;1
202000046390;154 660 716;1;0;2;2;0;5
202000046390;154 660 717;7;0;2;6;0;1
202000046391;154 660 715;1;13;0;0;0;5
202000046392;154 660 714;1;13;0;1;15;5
202000046393;154 660 713;7;0;0;9;0;1
202000046394;154 660 711;7;2;0;1;1;1
202000046395;154 660 709;7;0;2;7;2;1
202000046395;154 660 710;1;0;2;8;2;5
202000046396;154 660 708;2;0;0;0;1;1
202000046397;154 660 705;2;8;0;1;1;1
202000046398;154 660 704;7;0;2;1;1;1
202000046398;154 660 706;99;0;2;1;13;1
202000046398;154 660 707;7;0;2;0;17;1
202000046399;154 660 700;7;1;2;1;17;1
202000046399;154 660 703;7;0;2;1;1;1
202000046400;154 660 701;50;0;2;8;1;3
202000046400;154 660 702;10;0;2;7;17;0
202000046401;154 660 698;7;0;0;1;1;1
202000046401;154 660 699;7;0;0;1;13;1
202000046402;154 660 694;15;0;0;4;2;1
202000046402;154 660 695;7;0;2;1;2;1
202000046403;154 660 693;7;14;0;1;1;1
202000046404;154 660 692;33;5;0;0;1;1
202000046405;154 660 690;99;0;2;2;1;1
202000046405;154 660 691;7;0;2;4;1;1
202000046406;154 660 688;7;0;0;2;15;2
202000046406;154 660 689;33;0;2;1;1;1
202000046407;154 660 685;7;0;2;1;13;1
202000046407;154 660 687;7;0;2;3;1;1
202000046408;154 660 686;7;0;1;8;19;1
202000046409;154 660 682;7;0;2;3;13;1
202000046409;154 660 684;7;0;2;3;1;1
202000046410;154 660 679;7;0;1;2;2;6
202000046411;154 660 678;7;0;2;3;1;1
202000046411;154 660 681;7;0;2;2;1;1
202000046412;154 660 677;7;13;0;1;1;1
202000046413;154 660 673;7;0;0;4;23;1
202000046413;154 660 675;7;0;2;1;1;1
202000046414;154 660 670;7;0;2;1;2;1
202000046414;154 660 671;7;0;2;4;2;1
202000046414;154 660 672;7;1;0;1;1;1
202000046415;154 660 669;7;0;2;2;0;1
202000046415;154 660 674;7;0;2;1;1;1
202000046416;154 660 666;30;0;0;9;21;1
202000046416;154 660 667;7;0;0;-1;12;0
202000046417;154 660 665;7;0;1;2;1;1
202000046418;154 660 663;10;0;2;7;15;1
202000046418;154 660 664;7;0;2;1;1;1
202000046419;154 660 661;7;0;2;4;2;1
202000046419;154 660 662;7;0;2;1;2;1
202000046420;154 660 668;7;4;0;1;11;1
202000046421;154 660 659;7;0;2;1;15;1
202000046421;154 660 660;33;0;2;7;1;1
202000046422;154 660 657;7;0;2;3;15;1
202000046422;154 660 658;2;0;2;2;0;1
202000046423;154 660 656;30;0;0;7;2;1
202000046424;154 660 654;2;0;2;1;1;1
202000046424;154 660 655;7;0;2;5;16;1
202000046425;154 660 653;7;0;1;7;1;1
202000046426;154 660 650;7;0;9;5;2;4
202000046426;154 660 652;1;0;2;3;2;5
202000046427;154 660 649;7;0;1;1;9;1
202000046428;154 660 648;37;0;1;2;1;1
202000046429;154 660 646;7;0;2;1;1;1
202000046429;154 660 647;7;0;2;8;1;1
202000046430;154 660 645;7;0;1;3;15;1
202000046431;154 660 644;7;0;1;1;1;1
202000046432;154 660 642;1;0;2;1;0;5
202000046432;154 660 643;7;0;2;4;0;1
202000046433;154 660 640;33;0;2;1;1;1
202000046433;154 660 641;99;0;2;2;17;1
202000046434;154 660 651;7;3;0;1;2;1
202000046435;154 660 638;13;0;2;1;12;1
202000046435;154 660 639;7;0;2;8;1;1
202000046436;154 660 635;7;0;1;1;1;1
202000046437;154 660 631;7;12;2;4;2;1
202000046437;154 660 632;7;0;2;4;2;1
202000046437;154 660 633;7;12;2;1;2;1
202000046438;154 660 629;7;0;2;2;15;1
202000046438;154 660 630;7;0;2;5;0;1