Num_Acc;id_vehicule;catv;obs;obsm;choc;manv;motor
202100005297;192 319;7;0;2;8;26;1
202100005297;192 320;7;0;2;1;26;1
202100005298;192 318;7;0;1;1;1;1
202100005299;192 317;7;8;0;9;21;1
202100005300;192 316;32;0;0;0;15;1
202100005301;192 314;7;0;9;3;9;1
202100005301;192 315;1;0;2;2;1;5
202100005302;192 312;33;0;2;7;1;1
202100005302;192 313;7;0;2;5;15;1
202100005303;192 309;3;0;2;1;13;1
202100005303;192 310;7;0;2;1;1;1
202100005303;192 311;7;0;2;8;1;1
202100005304;192 307;2;0;2;1;1;1
202100005304;192 308;7;0;2;3;19;1
202100005305;192 305;7;0;2;8;5;1
202100005305;192 306;7;0;2;1;1;1
202100005306;192 303;7;0;2;3;16;1
202100005306;192 304;32;0;2;1;1;1
202100005307;192 301;15;1;0;1;14;1
202100005307;192 302;7;0;2;8;23;1
202100005308;192 300;7;1;0;1;0;1
202100005309;192 299;7;15;0;2;14;1
202100005310;192 298;1;14;0;1;1;5
202100005311;192 296;7;0;2;2;15;1
202100005311;192 297;2;0;2;1;1;1
202100005312;192 294;2;0;2;4;2;1
202100005312;192 295;7;0;2;1;2;1
202100005313;192 292;2;0;2;1;1;1
202100005313;192 293;7;0;2;7;15;1
202100005314;192 290;33;0;2;8;1;1
202100005314;192 291;7;0;2;3;15;1
202100005315;192 288;7;0;2;1;1;1
202100005315;192 289;7;0;2;5;1;1
202100005316;192 287;37;0;1;2;16;1
202100005317;192 285;7;0;2;1;2;1
202100005317;192 286;7;0;1;1;1;1
202100005318;192 283;7;0;2;5;20;1
202100005318;192 284;1;0;2;5;1;5
202100005319;192 281;1;0;2;2;15;5
202100005319;192 282;7;0;2;1;2;1
202100005320;192 279;10;0;2;1;1;1
202100005320;192 280;38;0;0;4;2;1
202100005321;192 276;7;0;2;4;1;1
202100005321;192 277;7;0;2;4;1;1
202100005321;192 278;37;0;2;1;1;1
202100005322;192 275;7;0;1;1;26;1
202100005323;192 273;7;0;2;8;2;1
202100005323;192 274;31;0;2;8;17;1
202100005324;192 272;3;0;1;1;1;3
202100005325;192 270;80;0;2;7;1;3
202100005325;192 271;7;0;2;1;9;1
202100005326;192 269;30;8;0;1;26;1
202100005327;192 267;7;0;2;5;15;1
202100005327;192 268;1;0;2;0;0;0
202100005328;192 266;7;17;0;1;13;1
202100005329;192 264;7;0;2;3;17;1
202100005329;192 265;17;0;2;6;1;1
202100005330;192 262;7;0;2;3;1;1
202100005330;192 263;7;0;2;3;13;1
202100005331;192 261;31;4;0;1;13;1
202100005332;192 259;7;0;2;2;15;1
202100005332;192 260;33;0;2;1;1;1
202100005333;192 257;30;0;2;2;1;3
202100005333;192 258;7;0;2;4;4;1
202100005334;192 256;30;0;0;2;1;1
202100005335;192 255;1;12;0;1;1;5
202100005336;192 254;33;0;0;2;1;1
202100005337;192 253;7;8;0;2;16;1
202100005338;192 249;7;0;2;2;13;1
202100005338;192 250;7;0;2;1;1;1
202100005339;192 247;7;0;2;7;1;1
202100005339;192 248;7;0;2;1;9;1
202100005340;192 245;7;0;1;3;1;1
202100005340;192 246;7;0;1;3;1;2
202100005341;192 243;50;0;2;1;21;3
202100005341;192 244;13;0;2;5;16;1
202100005342;192 239;30;0;2;1;17;1
202100005342;192 240;7;0;2;1;15;1
202100005343;192 237;2;0;2;1;1;1
202100005343;192 238;7;0;2;2;11;1
202100005344;192 235;2;0;2;7;1;1
202100005344;192 236;7;0;2;8;13;1
202100005345;192 233;7;0;2;3;1;1
202100005345;192 234;7;0;2;2;19;1
202100005346;192 231;7;0;2;8;10;1
202100005346;192 232;43;0;2;1;1;1
202100005347;192 229;7;0;2;2;20;1
202100005347;192 230;7;0;2;2;1;1
202100005348;192 226;30;0;2;1;17;1
202100005348;192 227;7;0;0;3;1;1
202100005348;192 228;7;0;0;3;0;1
202100005349;192 225;7;0;1;1;26;0
202100005350;192 224;7;6;0;3;1;1
202100005351;192 222;7;8;2;1;1;1
202100005351;192 223;7;0;2;3;19;1
202100005352;192 220;31;0;2;1;0;1
202100005352;192 221;7;0;2;4;23;1
202100005353;192 218;7;0;2;4;1;1
202100005353;192 219;33;0;2;1;1;1
202100005354;192 217;0;0;1;3;1;0
202100005355;192 215;50;0;2;0;5;3
202100005355;192 216;7;0;9;0;1;1
202100005356;192 211;15;0;2;1;2;1
202100005356;192 212;7;0;2;4;2;1
202100005356;192 213;7;0;2;4;2;1
202100005356;192 214;7;0;2;4;2;1
202100005357;192 209;80;0;2;1;17;3
202100005357;192 210;7;0;2;3;15;1
202100005358;192 207;7;1;2;3;16;1
202100005358;192 208;2;0;2;1;1;1
202100005359;192 205;80;0;2;7;15;3
202100005359;192 206;7;0;2;0;15;0
202100005360;192 204;7;2;0;1;13;1
202100005361;192 202;10;0;2;1;1;1
202100005361;192 203;10;0;2;7;15;0
202100005362;192 200;50;0;0;7;2;3
202100005362;192 201;1;0;0;6;2;5
202100005363;192 199;7;0;1;0;1;1
202100005364;192 197;7;0;0;0;0;1
202100005364;192 198;2;0;2;1;2;1
202100005365;192 195;34;1;2;1;1;1
202100005365;192 196;13;0;2;4;4;1
202100005366;192 194;7;0;1;1;15;1
202100005367;192 192;7;0;2;1;1;1
202100005367;192 193;80;0;2;7;1;5
202100005368;192 188;7;0;2;0;15;1
202100005368;192 189;10;0;2;3;1;1
202100005368;192 190;7;0;2;6;23;1
202100005368;192 191;7;0;2;2;21;1
202100005369;192 187;7;0;1;1;0;1
202100005370;192 186;10;0;1;3;15;1
202100005371;192 185;7;0;1;1;1;2
202100005372;192 184;7;0;1;7;1;1
202100005373;192 182;32;0;2;1;1;1
202100005373;192 183;1;0;2;8;1;5
202100005374;192 180;30;0;2;1;2;1
202100005374;192 181;7;0;2;4;23;2
202100005375;192 179;30;0;1;2;15;1
202100005376;192 178;30;0;0;8;1;1
202100005377;192 177;32;0;0;8;1;1
202100005378;192 176;30;0;0;2;1;1
202100005379;192 174;30;0;2;7;1;1
202100005379;192 175;7;0;2;1;1;1
202100005380;192 173;50;0;1;8;1;3
202100005381;192 171;7;0;2;5;16;1
202100005381;192 172;50;0;2;1;1;3
202100005382;192 170;10;0;1;2;5;1
202100005383;192 168;1;0;2;1;17;5
202100005383;192 169;80;0;2;6;1;3
202100005384;192 167;32;0;1;8;1;1
202100005385;192 165;33;0;2;1;1;1
202100005385;192 166;7;0;2;6;15;1
202100005386;192 163;33;0;2;1;5;1
202100005386;192 164;7;0;2;8;10;1
202100005387;192 162;31;0;0;7;1;1
202100005388;192 161;7;0;1;2;1;1
202100005389;192 159;7;0;2;5;1;1
202100005389;192 160;34;0;2;2;9;1
202100005390;192 156;10;0;1;1;16;0
202100005391;192 155;7;0;1;3;2;1
202100005392;192 153;7;0;2;7;0;0
202100005392;192 154;32;0;2;1;0;0
202100005393;192 152;10;0;1;3;15;1
202100005394;192 151;10;0;1;2;1;1
202100005395;192 149;7;2;0;4;23;1
202100005395;192 150;3;0;2;1;1;1
202100005396;192 148;34;0;0;1;17;1
202100005397;192 146;33;0;2;1;1;1
202100005397;192 147;7;0;2;6;15;1
202100005398;192 145;7;0;1;8;22;1
202100005399;192 143;33;12;2;1;5;1
202100005399;192 144;10;0;0;3;1;1
202100005400;192 141;2;0;2;3;1;1
202100005400;192 142;10;0;2;3;13;1
202100005401;192 139;10;0;2;8;1;1
202100005401;192 140;30;0;2;7;1;1
202100005402;192 137;30;0;0;0;0;1
202100005402;192 138;50;0;2;1;1;3
202100005403;192 136;32;0;0;0;1;1
202100005404;192 134;2;0;2;7;9;1
202100005404;192 135;7;0;2;2;9;1
202100005405;192 133;7;13;0;2;2;1
202100005406;192 132;7;0;1;1;1;1
202100005407;192 130;14;0;0;4;1;1
202100005407;192 131;10;0;2;1;2;1
202100005408;192 129;7;0;0;3;16;1
202100005409;192 127;2;0;2;7;1;1
202100005409;192 128;7;0;2;2;19;1
202100005410;192 125;7;2;0;2;0;1
202100005411;192 121;7;0;2;4;2;1
202100005411;192 122;7;0;2;1;2;1
202100005412;192 120;7;2;0;3;1;1
202100005413;192 118;7;0;2;1;1;1
202100005413;192 119;7;7;2;9;13;1
202100005414;192 116;15;13;2;3;1;1
202100005414;192 117;7;13;2;3;13;1
202100005415;192 115;7;9;0;2;1;1
202100005416;192 113;7;0;9;8;9;1
202100005416;192 114;80;0;2;1;26;3
202100005417;192 112;7;2;0;7;14;1
202100005418;192 111;10;0;1;2;23;1
202100005419;192 110;7;0;0;1;1;1
202100005420;192 108;7;0;2;3;1;1
202100005420;192 109;7;0;2;3;11;1
202100005421;192 106;7;0;2;1;0;1
202100005421;192 107;7;0;2;1;0;1
202100005422;192 104;3;6;0;3;1;1
202100005423;192 102;7;0;2;2;13;1
202100005423;192 103;7;0;2;1;1;1
202100005424;192 101;7;13;0;1;1;1
202100005425;192 100;33;10;0;2;1;1
202100005426;192 098;7;0;9;3;1;1
202100005426;192 099;2;0;2;1;0;1
202100005427;192 095;7;0;2;1;1;1
202100005427;192 096;7;14;2;1;1;1
202100005427;192 097;7;0;2;4;1;1
202100005428;192 091;7;7;2;1;17;1
202100005428;192 092;7;0;2;1;1;1
202100005428;192 093;15;0;0;8;2;1
202100005429;192 090;10;10;0;1;1;1
202100005430;192 088;7;0;2;6;1;1
202100005430;192 089;7;0;2;3;13;1
202100005431;192 087;7;2;0;7;13;1
202100005432;192 086;3;0;1;1;1;1
202100005433;192 085;7;0;1;1;1;1
202100005434;192 084;7;13;0;1;14;1
202100005435;192 082;7;0;2;3;1;1
202100005435;192 083;32;0;2;1;0;1
202100005436;192 080;15;0;2;1;13;1
202100005436;192 081;10;0;2;1;1;1
202100005437;192 078;7;0;2;1;13;1
202100005437;192 079;7;0;2;1;13;1
202100005438;192 076;10;0;2;1;1;1
202100005438;192 077;7;0;2;1;1;1
202100005439;192 073;20;12;0;0;1;1
202100005440;192 071;7;0;2;2;15;1
202100005440;192 072;50;0;2;1;17;3
202100005441;192 069;15;0;0;6;24;1
202100005441;192 070;15;1;0;2;1;1
202100005442;192 067;14;0;2;5;10;1
202100005442;192 068;38;0;2;1;21;1
202100005443;192 065;7;0;2;8;2;1
202100005443;192 066;15;0;2;2;17;1
202100005444;192 061;7;0;2;1;2;1
202100005444;192 062;7;0;2;2;2;1
202100005444;192 063;7;0;2;4;2;1
202100005444;192 064;7;0;2;5;2;1
202100005445;192 060;7;0;1;1;1;1
202100005446;192 059;7;16;0;0;1;0
202100005447;192 058;7;0;0;1;0;1
202100005448;192 056;33;9;2;7;1;1
202100005448;192 057;7;0;2;8;17;1
202100005449;192 054;7;0;2;7;0;1
202100005449;192 055;7;0;2;1;1;1
202100005450;192 052;7;0;2;6;15;1
202100005450;192 053;33;0;2;1;1;1
202100005451;192 050;7;0;2;1;1;1
202100005451;192 051;7;0;2;1;13;1
202100005452;192 046;7;0;2;4;1;1
202100005452;192 047;7;0;2;1;1;1
202100005452;192 048;7;0;2;1;1;1
202100005452;192 049;7;0;2;1;1;1
202100005453;192 042;7;0;2;1;5;1
202100005453;192 043;15;0;2;3;1;1
202100005454;192 040;2;0;2;0;0;1
202100005454;192 041;10;0;2;1;1;1
202100005455;192 039;7;15;0;1;13;1
202100005456;192 037;7;0;2;1;15;1
202100005456;192 038;7;0;2;1;1;1
202100005457;192 036;7;0;1;2;1;1
202100005458;192 034;1;0;2;1;25;5
202100005458;192 035;10;0;2;2;1;1
202100005459;192 032;7;0;2;3;9;1
202100005459;192 033;10;0;2;1;1;1
202100005460;192 029;10;0;2;4;2;1
202100005460;192 030;7;0;2;4;2;1
202100005460;192 031;10;0;2;1;1;1
202100005461;192 027;7;0;2;6;1;1
202100005461;192 028;7;0;2;2;12;1
202100005462;192 026;34;4;0;7;21;1
202100005463;192 021;10;0;2;1;2;1
202100005463;192 022;7;0;2;1;2;1
202100005463;192 023;7;0;2;4;2;1
202100005463;192 024;10;0;2;1;0;1
202100005463;192 025;7;0;2;1;2;1
202100005464;192 018;7;0;2;3;11;2
202100005464;192 019;7;0;2;7;1;0
202100005464;192 020;33;0;2;1;3;1
202100005465;192 017;7;4;0;1;1;1
202100005466;192 015;33;0;2;1;1;1
202100005466;192 016;7;0;2;6;13;1
202100005467;192 014;7;1;0;1;1;1
202100005468;192 012;1;0;2;1;1;0
202100005468;192 013;7;0;9;3;1;1
202100005469;192 010;31;0;2;7;0;1
202100005469;192 011;7;0;2;2;23;1
202100005470;192 009;7;0;1;2;1;1
202100005471;192 007;33;0;6;1;1;1
202100005471;192 008;7;0;2;1;1;1
202100005472;192 006;7;1;2;7;26;1
202100005473;192 004;10;0;9;4;20;1
202100005473;192 005;80;0;2;1;1;3
202100005474;192 003;2;0;0;2;26;1
202100005475;192 001;1;0;2;1;1;5
202100005475;192 002;10;0;1;8;0;0
202100005476;192 000;7;0;1;3;15;1
202100005477;191 998;34;0;2;1;17;1
202100005477;191 999;7;0;9;1;26;1
202100005478;191 997;7;0;2;7;19;1
202100005479;191 996;30;0;1;5;17;1
202100005480;191 994;10;0;2;8;11;1
202100005480;191 995;15;0;2;5;1;1
202100005481;191 993;7;8;1;2;16;1
202100005482;191 992;7;4;0;1;19;1
202100005483;191 990;1;12;0;1;2;5
202100005483;191 991;10;0;0;2;16;1
202100005484;191 989;7;8;0;1;14;1
202100005485;191 987;7;0;2;1;1;1
202100005485;191 988;7;0;2;1;15;1
202100005486;191 986;7;6;0;2;21;1
202100005487;191 985;7;0;1;2;15;1
202100005488;191 983;7;9;2;1;1;1
202100005488;191 984;7;0;2;3;1;1
202100005489;191 982;2;0;0;0;15;1
202100005490;191 980;7;0;2;1;1;1
202100005490;191 981;7;0;2;1;1;1
202100005491;191 978;7;8;0;1;0;1
202100005492;191 976;0;0;2;1;0;0
202100005492;191 977;2;0;2;4;1;1
202100005493;191 973;7;0;2;1;1;1
202100005493;191 974;7;0;2;4;1;1
202100005493;191 975;7;0;2;1;2;1
202100005494;191 971;10;0;2;1;16;1
202100005494;191 972;1;0;2;3;5;5
202100005495;191 969;34;0;2;1;1;1
202100005495;191 970;7;0;2;2;15;1
202100005496;191 967;10;0;2;1;1;1
202100005496;191 968;7;0;2;1;13;1
202100005497;191 965;2;0;2;2;1;1
202100005497;191 966;7;0;2;3;9;1
202100005498;191 964;7;0;1;1;1;1
202100005499;191 962;37;0;2;1;1;1
202100005499;191 963;7;0;2;3;15;1
202100005500;191 961;7;0;1;8;26;1
202100005501;191 960;7;0;1;7;1;1
202100005502;191 958;7;0;2;7;1;1
202100005502;191 959;1;0;2;8;9;0
202100005503;191 957;7;15;0;1;1;1
202100005504;191 955;2;0;2;1;2;1
202100005504;191 956;7;0;2;4;2;0
202100005505;191 954;7;0;1;4;4;1
202100005506;191 952;7;0;1;3;1;1
202100005507;191 950;7;0;2;4;2;1
202100005507;191 951;7;0;2;2;2;1
202100005508;191 949;7;0;1;3;15;1
202100005509;191 948;7;3;0;2;1;1
202100005510;191 946;60;0;0;8;1;5
202100005510;191 947;1;0;9;2;1;5
202100005511;191 945;7;0;1;2;1;1
202100005512;191 943;31;0;2;1;26;1
202100005512;191 944;7;0;2;3;10;1
202100005513;191 940;7;0;2;6;1;1
202100005513;191 941;7;0;2;6;1;1
202100005513;191 942;7;0;2;9;26;1
202100005514;191 938;7;0;2;4;2;1
202100005514;191 939;30;0;2;1;2;1
202100005515;191 936;7;0;1;2;1;1
202100005516;191 934;1;0;2;1;1;5
202100005516;191 935;10;0;2;8;9;1
202100005517;191 933;7;4;0;2;26;1
202100005518;191 931;7;0;2;4;1;1
202100005518;191 932;10;0;2;1;1;0
202100005519;191 930;32;14;0;8;17;1
202100005520;191 928;7;0;2;1;15;0
202100005520;191 929;7;0;2;1;1;0
202100005521;191 927;34;0;0;0;1;1
202100005522;191 925;7;0;2;0;1;1
202100005522;191 926;2;0;2;1;1;1
202100005523;191 923;7;0;2;7;9;1
202100005523;191 924;7;0;2;1;1;0
202100005524;191 921;10;0;-1;1;1;1
202100005524;191 922;10;0;2;4;2;0
202100005525;191 919;33;12;0;1;1;1
202100005525;191 920;7;0;2;1;1;1
202100005526;191 918;33;12;0;7;0;0
202100005527;191 916;7;0;2;0;1;1
202100005527;191 917;7;0;2;0;1;1
202100005528;191 915;7;7;0;9;1;1
202100005529;191 913;7;0;2;1;2;1
202100005529;191 914;7;0;2;4;2;2
202100005530;191 912;7;0;1;2;1;1
202100005531;191 911;1;0;1;7;17;5
202100005532;191 909;7;0;2;5;15;1
202100005532;191 910;32;0;2;1;1;1
202100005533;191 907;10;0;2;1;2;1
202100005533;191 908;10;0;2;4;2;1
202100005534;191 905;7;0;2;2;15;1
202100005534;191 906;33;0;2;1;1;1
202100005535;191 904;34;0;1;2;1;1
202100005536;191 902;80;0;2;0;1;3
202100005536;191 903;7;0;2;0;15;1
202100005537;191 901;7;0;1;1;15;1
202100005538;191 900;10;0;1;5;1;1
202100005539;191 899;7;0;1;2;16;1
202100005540;191 898;7;0;1;4;4;1
202100005541;191 896;7;1;0;3;24;1
202100005541;191 897;7;0;2;2;15;2
202100005542;191 894;7;0;2;3;1;2
202100005542;191 895;33;0;2;2;1;1
202100005543;191 893;33;0;2;0;1;1
202100005544;191 891;7;0;2;3;13;1
202100005544;191 892;32;0;2;1;17;1
202100005545;191 890;1;0;0;0;1;5
202100005546;191 888;10;0;2;1;1;1
202100005546;191 889;7;0;2;5;1;1
202100005547;191 886;34;12;2;6;15;1
202100005547;191 887;7;0;2;1;1;1
202100005548;191 884;7;0;2;3;15;1
202100005548;191 885;2;0;2;7;17;1
202100005549;191 883;7;1;0;2;1;1
202100005550;191 881;7;0;2;8;1;1
202100005550;191 882;30;0;2;1;1;1
202100005551;191 879;31;0;2;7;2;1
202100005551;191 880;37;0;2;8;24;2
202100005552;191 878;10;0;1;2;13;1
202100005553;191 874;7;0;2;5;23;1
202100005553;191 875;1;0;2;1;2;5
202100005554;191 872;33;0;2;1;1;1
202100005554;191 873;7;0;2;2;15;2
202100005555;191 870;1;1;0;1;1;5
202100005555;191 871;7;0;0;6;22;1
202100005556;191 866;7;0;1;3;19;1
202100005557;191 865;7;1;0;3;14;1
202100005558;191 863;7;0;2;7;1;1
202100005558;191 864;7;0;2;1;1;1
202100005559;191 861;7;0;2;1;1;1
202100005559;191 862;7;0;2;2;1;1
202100005560;191 859;7;0;2;8;1;0
202100005560;191 860;7;0;2;1;15;0
202100005561;191 857;7;0;2;1;1;2
202100005561;191 858;7;0;2;8;20;1
202100005562;191 856;10;0;1;2;1;1
202100005563;191 854;7;0;2;3;9;0
202100005563;191 855;7;0;2;2;2;1
202100005564;191 853;80;0;1;1;1;3
202100005565;191 851;7;0;2;3;26;0
202100005565;191 852;1;0;2;3;15;0
202100005566;191 849;37;0;2;7;1;1
202100005566;191 850;50;0;2;0;0;3
202100005567;191 848;1;0;0;0;0;0
202100005568;191 847;50;0;0;7;19;3
202100005569;191 846;32;0;1;1;26;1
202100005570;191 844;50;0;2;7;19;3
202100005570;191 845;7;0;9;2;1;3
202100005571;191 842;7;1;0;6;24;1
202100005571;191 843;1;1;0;1;14;5
202100005572;191 841;10;0;1;1;16;1
202100005573;191 839;1;0;2;7;15;5
202100005573;191 840;7;0;2;1;1;1
202100005574;191 837;10;0;2;1;1;1
202100005574;191 838;7;3;2;8;13;6
202100005575;191 836;7;0;1;1;1;1
202100005576;191 835;7;0;1;2;1;1
202100005577;191 834;7;0;1;3;1;1
202100005578;191 832;1;0;2;7;1;5
202100005578;191 833;7;0;2;1;17;1
202100005579;191 830;7;0;2;7;15;1
202100005579;191 831;33;0;2;1;1;1
202100005580;191 828;7;8;2;1;6;1
202100005580;191 829;10;0;2;1;1;1
202100005581;191 827;31;13;0;7;1;1
202100005582;191 825;7;0;0;2;1;1
202100005582;191 826;7;0;2;1;1;1
202100005583;191 824;7;0;1;1;1;1
202100005584;191 820;7;0;2;1;13;1
202100005584;191 821;30;0;0;1;1;3
202100005585;191 819;1;0;0;0;1;5
202100005586;191 818;31;0;6;1;1;1
202100005587;191 817;7;0;1;1;1;1
202100005588;191 815;2;0;2;8;15;1
202100005588;191 816;7;0;2;2;17;1
202100005589;191 813;30;0;2;1;16;1
202100005589;191 814;7;0;2;3;1;1
202100005590;191 812;2;11;0;3;1;1
202100005591;191 811;7;0;1;1;9;1
202100005592;191 810;7;0;0;9;1;1
202100005593;191 808;33;0;2;1;1;1
202100005593;191 809;7;0;0;4;15;1
202100005594;191 807;7;16;0;0;1;2
202100005595;191 806;7;0;1;1;1;1
202100005596;191 805;7;0;1;1;1;1
202100005597;191 803;2;0;2;0;0;1
202100005597;191 804;7;0;2;7;0;1
202100005598;191 801;10;2;2;7;0;1
202100005598;191 802;7;0;2;3;19;1
202100005599;191 799;1;0;2;3;19;5
202100005599;191 800;21;0;2;7;1;1
202100005600;191 798;7;0;1;2;0;0
202100005601;191 794;7;0;2;9;2;1
202100005601;191 795;33;0;2;9;2;1
202100005601;191 796;7;0;2;1;2;1
202100005601;191 797;7;0;2;4;2;1
202100005602;191 792;15;0;2;4;17;1
202100005602;191 793;10;0;2;1;1;1
202100005603;191 788;15;0;2;6;11;1
202100005603;191 789;17;0;0;0;11;1
202100005603;191 790;7;1;0;1;2;1
202100005603;191 791;7;3;0;1;11;1
202100005604;191 786;10;0;0;3;1;1
202100005604;191 787;2;0;2;6;1;1
202100005605;191 784;7;0;2;3;1;1
202100005605;191 785;80;0;2;7;14;3
202100005606;191 782;7;0;2;1;5;1
202100005606;191 783;7;0;0;1;1;1
202100005607;191 781;10;0;1;1;1;1
202100005608;191 780;3;0;1;1;1;1
202100005609;191 778;7;3;2;1;13;1
202100005609;191 779;3;0;0;4;1;1
202100005610;191 776;15;0;0;4;2;1
202100005610;191 777;14;0;2;1;2;1
202100005611;191 772;7;0;2;8;1;3
202100005611;191 773;7;0;2;8;1;1
202100005611;191 774;7;0;0;8;2;1
202100005611;191 775;7;0;2;7;17;1
202100005612;191 771;7;0;1;3;1;2
202100005613;191 766;7;0;2;4;2;1
202100005613;191 767;7;0;2;4;2;1
202100005613;191 768;7;0;2;4;2;1
202100005613;191 769;7;0;2;4;2;1
202100005613;191 770;7;0;2;1;1;1
202100005614;191 763;7;4;2;1;2;1
202100005614;191 764;7;4;2;4;2;1
202100005614;191 765;7;4;2;4;2;1
202100005615;191 761;7;0;2;1;0;1
202100005615;191 762;10;0;2;4;23;1
202100005616;191 757;7;0;2;1;2;1
202100005616;191 758;7;0;2;4;2;1
202100005616;191 759;7;0;2;4;2;1
202100005616;191 760;7;0;2;4;2;1
202100005617;191 749;7;0;9;8;1;1
202100005617;191 750;7;0;2;2;1;1
202100005617;191 751;7;0;2;8;2;1
202100005617;191 752;7;0;2;4;1;1
202100005617;191 753;7;0;9;6;1;1
202100005617;191 754;10;0;2;7;11;1
202100005617;191 755;7;0;2;1;2;2
202100005617;191 756;7;0;2;4;2;1
202100005618;191 748;7;5;0;1;0;1
202100005619;191 746;7;0;2;4;1;1
202100005619;191 747;33;0;2;1;3;1
202100005620;191 743;10;0;2;1;2;1
202100005620;191 744;7;0;2;4;2;1
202100005620;191 745;7;0;2;4;2;1
202100005621;191 741;7;0;2;5;11;0
202100005621;191 742;43;0;2;3;3;1
202100005622;191 740;31;0;0;0;3;1
202100005623;191 737;7;0;2;4;2;1
202100005623;191 738;7;0;2;4;2;1
202100005623;191 739;7;0;2;1;1;1
202100005624;191 735;7;0;2;2;1;1
202100005624;191 736;2;0;2;3;6;0
202100005625;191 733;31;0;2;1;2;1
202100005625;191 734;7;0;0;6;11;2
202100005626;191 729;32;0;2;2;3;1
202100005626;191 730;10;0;2;4;1;1
202100005626;191 731;10;0;2;4;11;1
202100005626;191 732;7;0;2;4;1;1
202100005627;191 727;7;0;2;1;11;1
202100005627;191 728;33;0;2;1;3;1
202100005628;191 724;7;0;2;1;1;3
202100005628;191 725;7;0;2;4;1;1
202100005628;191 726;7;0;2;4;2;1
202100005629;191 723;33;0;0;0;21;1
202100005630;191 721;7;0;2;5;1;1
202100005630;191 722;10;0;2;3;9;1
202100005631;191 720;7;0;1;1;16;1
202100005632;191 719;50;0;0;0;5;3
202100005633;191 718;32;0;0;8;3;1
202100005634;191 717;50;14;0;1;13;3
202100005635;191 715;10;0;2;7;16;1
202100005635;191 716;1;0;2;3;18;5
202100005636;191 714;50;0;0;0;21;3
202100005637;191 713;30;0;1;1;1;1
202100005638;191 711;33;0;2;2;1;1
202100005638;191 712;1;0;2;3;9;5
202100005639;191 710;1;0;1;2;1;5
202100005640;191 708;7;0;2;2;16;1
202100005640;191 709;80;0;2;3;1;3
202100005641;191 706;30;0;2;1;1;1
202100005641;191 707;7;0;2;7;9;2
202100005642;191 704;1;0;2;8;19;5
202100005642;191 705;30;0;2;1;1;1
202100005643;191 702;30;0;2;8;1;1
202100005643;191 703;7;0;2;5;12;1
202100005644;191 700;80;0;2;1;1;3
202100005644;191 701;7;0;2;5;15;1
202100005645;191 698;7;0;2;8;1;1
202100005645;191 699;7;0;2;1;5;1
202100005646;191 696;80;0;2;8;19;3
202100005646;191 697;7;0;2;2;16;1
202100005647;191 694;50;0;2;1;1;3
202100005647;191 695;10;0;2;3;1;1
202100005648;191 692;1;0;2;8;19;5
202100005648;191 693;30;0;2;1;7;1
202100005649;191 690;30;0;2;2;17;1
202100005649;191 691;7;0;2;3;15;1
202100005650;191 689;7;1;1;3;18;1
202100005651;191 687;1;0;2;0;1;5
202100005651;191 688;32;0;2;3;1;1
202100005652;191 686;7;14;0;9;1;1
202100005653;191 685;30;0;1;1;5;1
202100005654;191 684;7;1;0;1;1;1
202100005655;191 682;37;0;2;3;2;1
202100005655;191 683;37;0;2;5;0;1
202100005656;191 680;7;0;2;6;11;1
202100005656;191 681;33;0;2;0;0;1
202100005657;191 679;7;0;1;3;15;1
202100005658;191 677;2;0;2;4;1;1
202100005658;191 678;7;0;2;2;17;1
202100005659;191 676;7;0;1;2;16;1
202100005660;191 675;7;1;2;2;2;1
202100005661;191 674;15;0;1;1;1;1
202100005662;191 673;33;16;0;8;15;1
202100005663;191 672;30;0;1;1;19;1
202100005664;191 671;99;0;1;8;1;6
202100005665;191 669;33;0;2;0;3;1
202100005665;191 670;7;0;0;0;14;1
202100005666;191 668;10;3;2;1;14;1
202100005667;191 666;7;0;2;8;1;1
202100005667;191 667;7;0;2;3;15;1
202100005668;191 665;7;0;1;3;15;1
202100005669;191 663;7;0;2;1;1;0
202100005669;191 664;99;0;2;7;19;0
202100005670;191 662;7;0;1;1;1;1
202100005671;191 660;7;0;0;4;24;1
202100005671;191 661;7;1;0;1;3;1
202100005672;191 659;7;2;0;1;0;1
202100005673;191 658;7;9;1;1;1;2
202100005674;191 656;34;0;2;7;1;1
202100005674;191 657;7;0;2;1;1;1
202100005675;191 653;7;0;9;4;2;1
202100005675;191 654;7;0;2;1;1;1
202100005675;191 655;15;0;2;1;1;1
202100005676;191 652;7;0;1;2;1;1
202100005677;191 650;7;0;2;1;13;1
202100005677;191 651;7;0;2;1;1;1
202100005678;191 648;7;0;2;3;2;0
202100005678;191 649;33;0;2;6;1;1
202100005679;191 646;7;0;2;2;1;1
202100005679;191 647;7;0;2;1;19;1
202100005680;191 645;10;0;1;5;4;1
202100005681;191 643;7;0;1;2;1;1
202100005681;191 644;7;0;2;3;1;1
202100005682;191 642;7;13;0;3;13;1
202100005683;191 639;7;0;2;2;5;0
202100005683;191 640;7;0;2;1;1;1
202100005683;191 641;7;0;2;8;1;1
202100005684;191 637;10;0;2;2;1;1
202100005684;191 638;1;0;0;4;1;5
202100005685;191 635;7;0;2;2;13;1
202100005685;191 636;7;0;2;3;1;1
202100005686;191 634;7;0;1;1;1;1
202100005687;191 632;7;13;0;0;1;1
202100005688;191 630;7;0;2;3;13;1
202100005688;191 631;15;0;2;3;1;1
202100005689;191 628;7;13;2;3;11;1
202100005689;191 629;7;0;2;3;1;1
202100005690;191 627;7;0;1;3;1;1
202100005691;191 626;34;6;0;7;1;1
202100005692;191 624;7;0;2;6;1;1
202100005692;191 625;1;0;2;2;15;5
202100005693;191 623;2;13;0;1;1;1
202100005694;191 621;7;0;2;3;1;1