Num_Acc;id_vehicule;catv;obs;obsm;choc;manv;motor
202100007251;188 793;80;0;2;7;19;3
202100007251;188 794;7;0;2;1;1;1
202100007252;188 792;30;0;0;1;1;1
202100007253;188 791;7;3;0;1;1;1
202100007254;188 790;7;0;1;3;1;1
202100007255;188 788;33;0;2;8;1;1
202100007255;188 789;7;0;2;7;1;1
202100007256;188 787;30;0;0;7;1;1
202100007257;188 784;10;0;2;8;20;1
202100007257;188 785;3;0;2;2;1;1
202100007257;188 786;33;0;2;1;1;-1
202100007258;188 783;7;0;1;1;1;1
202100007259;188 781;7;0;2;8;1;1
202100007259;188 782;7;0;2;3;13;1
202100007260;188 779;7;0;2;3;15;1
202100007260;188 780;32;0;2;1;1;1
202100007261;188 777;2;0;2;1;1;1
202100007261;188 778;7;0;2;1;19;1
202100007262;188 775;7;0;2;1;1;1
202100007262;188 776;30;0;2;1;1;0
202100007263;188 773;7;0;2;1;15;1
202100007263;188 774;7;0;2;3;1;1
202100007264;188 771;7;0;2;1;1;1
202100007264;188 772;7;0;2;4;2;1
202100007265;188 770;7;0;1;2;2;1
202100007266;188 768;7;0;2;1;2;1
202100007266;188 769;7;0;2;4;2;1
202100007267;188 766;7;0;2;8;22;1
202100007267;188 767;80;1;0;1;1;3
202100007268;188 764;7;0;2;3;9;1
202100007268;188 765;1;0;2;1;1;5
202100007269;188 762;7;0;2;2;19;1
202100007269;188 763;7;8;2;1;1;1
202100007270;188 759;33;0;2;3;17;1
202100007270;188 760;7;0;2;3;15;1
202100007270;188 761;7;0;2;6;1;1
202100007271;188 757;7;0;2;1;2;1
202100007271;188 758;7;0;2;4;23;1
202100007272;188 755;10;0;2;1;19;1
202100007272;188 756;32;0;2;7;1;1
202100007273;188 753;7;0;2;1;1;1
202100007273;188 754;30;0;2;4;1;1
202100007274;188 751;20;0;2;4;1;1
202100007274;188 752;7;0;2;1;1;1
202100007275;188 748;7;0;2;6;1;1
202100007275;188 749;7;0;2;8;1;1
202100007275;188 750;7;0;2;0;0;1
202100007276;188 744;7;0;2;4;23;1
202100007276;188 745;7;0;2;1;23;1
202100007276;188 746;7;0;2;1;23;1
202100007276;188 747;7;0;2;1;9;1
202100007277;188 742;7;0;2;3;15;1
202100007277;188 743;33;0;2;2;15;1
202100007278;188 740;7;0;2;2;15;1
202100007278;188 741;32;0;2;1;17;1
202100007279;188 739;7;4;0;3;26;1
202100007280;188 738;10;0;1;8;15;1
202100007281;188 736;7;0;2;8;0;1
202100007281;188 737;7;0;2;3;17;1
202100007282;188 734;1;0;2;4;1;5
202100007282;188 735;7;0;2;1;9;1
202100007283;188 732;40;0;2;1;1;3
202100007283;188 733;1;0;4;1;19;5
202100007284;188 729;10;0;1;2;17;1
202100007285;188 726;7;0;2;1;0;1
202100007285;188 727;7;0;2;1;1;1
202100007285;188 728;7;0;2;1;2;1
202100007286;188 724;7;0;2;1;1;1
202100007286;188 725;15;0;2;1;1;1
202100007287;188 720;7;0;2;7;1;0
202100007287;188 721;14;0;2;1;1;0
202100007288;188 718;33;0;2;1;1;1
202100007288;188 719;7;0;2;7;15;1
202100007289;188 716;1;0;2;8;2;0
202100007289;188 717;7;0;2;7;16;1
202100007290;188 715;7;7;0;1;1;1
202100007291;188 714;7;13;0;1;1;1
202100007292;188 712;31;0;2;7;1;1
202100007292;188 713;7;0;2;3;9;1
202100007293;188 711;7;0;1;4;4;1
202100007294;188 709;7;0;2;1;1;1
202100007294;188 710;7;0;2;7;15;1
202100007295;188 705;13;0;2;1;0;1
202100007295;188 706;7;0;2;4;0;1
202100007295;188 707;7;0;2;4;2;1
202100007295;188 708;7;0;2;4;1;1
202100007296;188 704;7;4;0;1;2;1
202100007297;188 702;33;0;2;4;23;1
202100007297;188 703;33;0;2;1;1;1
202100007298;188 701;7;0;1;2;1;1
202100007299;188 699;34;0;2;1;2;1
202100007299;188 700;7;0;2;6;1;1
202100007300;188 698;7;0;1;2;1;0
202100007301;188 697;33;1;0;1;13;1
202100007302;188 695;32;0;2;1;1;1
202100007302;188 696;10;15;0;3;10;1
202100007303;188 693;7;0;2;7;15;1
202100007303;188 694;34;0;2;1;1;1
202100007304;188 692;7;0;1;3;1;1
202100007305;188 690;7;0;2;4;2;1
202100007305;188 691;37;0;2;1;2;1
202100007306;188 689;7;0;1;2;1;1
202100007307;188 687;2;0;2;1;0;3
202100007307;188 688;7;0;0;3;1;1
202100007308;188 686;17;11;0;1;6;1
202100007309;188 684;7;0;2;2;15;1
202100007309;188 685;30;0;2;1;1;1
202100007310;188 683;7;6;0;1;16;1
202100007311;188 681;7;0;2;3;15;1
202100007311;188 682;7;0;2;3;1;1
202100007312;188 680;7;0;1;4;4;1
202100007313;188 679;7;2;0;1;1;1
202100007314;188 677;33;0;2;3;1;1
202100007314;188 678;7;0;2;5;12;1
202100007315;188 676;7;0;1;1;1;1
202100007316;188 674;7;0;2;3;0;1
202100007316;188 675;7;0;2;3;26;1
202100007317;188 672;50;0;2;1;1;2
202100007317;188 673;1;0;2;0;19;5
202100007318;188 670;10;0;2;5;15;1
202100007318;188 671;33;0;2;1;1;1
202100007319;188 667;30;0;2;7;26;1
202100007319;188 668;7;0;0;8;26;1
202100007319;188 669;7;0;2;3;1;1
202100007320;188 666;7;0;1;1;9;1
202100007321;188 664;33;0;2;1;2;1
202100007321;188 665;32;0;2;1;2;3
202100007322;188 662;7;0;2;1;13;1
202100007322;188 663;7;0;2;3;1;1
202100007323;188 661;10;15;0;1;0;1
202100007324;188 659;32;0;2;1;17;1
202100007324;188 660;7;0;2;6;13;1
202100007325;188 658;30;0;1;2;1;1
202100007326;188 656;7;0;2;3;21;1
202100007326;188 657;3;0;2;1;13;1
202100007327;188 654;7;0;2;1;1;1
202100007327;188 655;14;0;2;2;0;1
202100007328;188 652;33;0;2;1;1;1
202100007328;188 653;7;6;0;7;15;1
202100007329;188 651;32;0;9;0;3;1
202100007330;188 649;7;0;2;5;12;1
202100007330;188 650;31;0;2;3;3;1
202100007331;188 647;10;0;2;2;12;1
202100007331;188 648;43;0;2;8;21;1
202100007332;188 646;80;0;0;0;21;3
202100007333;188 645;14;0;1;2;1;1
202100007334;188 643;1;0;2;1;1;5
202100007334;188 644;30;0;2;4;17;1
202100007335;188 641;32;0;2;1;17;1
202100007335;188 642;32;0;2;1;13;1
202100007336;188 639;7;0;2;8;11;1
202100007336;188 640;32;0;2;7;15;1
202100007337;188 637;10;0;2;1;15;1
202100007337;188 638;50;0;2;1;16;3
202100007338;188 636;7;7;0;1;13;3
202100007339;188 634;33;0;2;0;1;1
202100007339;188 635;1;0;2;0;15;5
202100007340;188 633;7;0;1;7;1;1
202100007341;188 631;7;0;2;0;9;1
202100007341;188 632;80;0;2;0;21;3
202100007342;188 629;7;0;2;5;22;3
202100007342;188 630;1;0;2;5;18;5
202100007343;188 627;7;0;2;3;22;2
202100007343;188 628;1;0;2;1;1;5
202100007344;188 625;10;0;2;1;13;1
202100007344;188 626;50;0;2;0;1;3
202100007345;188 624;32;12;0;1;14;1
202100007346;188 622;10;0;2;7;2;1
202100007346;188 623;1;0;2;8;1;5
202100007347;188 620;50;0;2;1;1;3
202100007347;188 621;10;0;2;3;15;1
202100007348;188 618;7;0;2;3;1;2
202100007348;188 619;30;0;2;1;1;1
202100007349;188 616;30;0;2;2;2;1
202100007349;188 617;7;1;2;3;13;1
202100007350;188 614;50;0;2;8;19;3
202100007350;188 615;7;0;9;1;15;1
202100007351;188 612;3;0;2;3;12;1
202100007351;188 613;32;0;2;1;1;1
202100007352;188 610;7;0;2;1;1;1
202100007352;188 611;1;0;2;0;0;5
202100007353;188 609;17;0;1;1;2;1
202100007354;188 607;7;0;2;3;15;1
202100007354;188 608;31;0;2;2;21;1
202100007355;188 605;37;0;2;2;1;1
202100007355;188 606;7;0;2;6;9;1
202100007356;188 603;7;1;0;3;5;1
202100007356;188 604;7;1;0;6;24;1
202100007357;188 601;7;1;2;3;9;1
202100007357;188 602;60;1;2;7;1;5
202100007358;188 600;7;0;1;2;1;1
202100007359;188 599;7;8;0;1;15;1
202100007360;188 597;7;0;2;4;2;1
202100007360;188 598;37;0;2;1;2;2
202100007361;188 595;60;0;2;0;0;5
202100007361;188 596;0;0;9;0;0;0
202100007362;188 593;7;14;2;1;13;0
202100007362;188 594;7;0;2;1;16;1
202100007363;188 592;7;0;1;4;4;1
202100007364;188 590;50;0;2;1;1;3
202100007364;188 591;7;0;9;3;10;0
202100007365;188 589;2;0;1;1;17;1
202100007366;188 587;32;0;2;1;18;1
202100007366;188 588;2;0;2;7;16;3
202100007367;188 585;33;0;2;3;1;1
202100007367;188 586;7;0;2;7;9;1
202100007368;188 583;32;0;2;6;19;1
202100007368;188 584;7;0;2;3;1;1
202100007369;188 582;10;0;1;6;20;1
202100007370;188 580;1;0;2;1;19;5
202100007370;188 581;7;0;2;0;0;1
202100007371;188 578;10;0;2;3;15;1
202100007371;188 579;1;0;2;1;1;5
202100007372;188 576;7;0;2;2;24;1
202100007372;188 577;1;1;0;2;13;5
202100007373;188 575;32;0;0;7;26;1
202100007374;188 574;7;8;0;2;0;1
202100007375;188 573;7;13;0;0;0;1
202100007376;188 572;10;0;1;4;4;1
202100007377;188 571;7;2;0;1;1;1
202100007378;188 569;7;0;2;1;1;1
202100007378;188 570;7;0;2;5;13;1
202100007379;188 567;17;0;0;4;1;1
202100007379;188 568;10;0;2;1;2;1
202100007380;188 565;1;0;2;8;1;5
202100007380;188 566;10;0;9;7;17;1
202100007381;188 564;7;0;1;7;1;1
202100007382;188 563;7;16;0;0;17;1
202100007383;188 561;7;0;0;8;19;1
202100007383;188 562;2;0;2;1;1;1
202100007384;188 558;3;0;2;8;1;1
202100007384;188 559;10;0;2;8;23;1
202100007384;188 560;7;0;2;1;9;1
202100007385;188 556;7;0;2;5;1;1
202100007385;188 557;31;0;2;1;1;1
202100007386;188 555;10;0;1;1;19;1
202100007387;188 553;10;0;2;3;0;1
202100007387;188 554;7;0;2;3;1;1
202100007388;188 550;7;1;0;2;14;1
202100007388;188 551;17;0;0;6;24;1
202100007388;188 552;7;14;1;1;1;1
202100007389;188 549;10;2;0;1;1;1
202100007390;188 547;7;0;2;3;15;1
202100007390;188 548;33;0;2;3;17;1
202100007391;188 546;7;0;1;1;1;1
202100007392;188 544;7;0;2;1;1;1
202100007392;188 545;7;0;2;3;19;1
202100007393;188 543;7;0;0;0;17;1
202100007394;188 542;7;6;0;1;1;1
202100007395;188 539;10;13;2;3;0;1
202100007395;188 540;7;0;2;1;1;1
202100007396;188 537;7;0;0;4;23;1
202100007396;188 538;7;0;2;1;2;1
202100007397;188 536;7;13;0;2;1;1
202100007398;188 534;7;0;0;4;2;1
202100007398;188 535;7;0;2;1;2;1
202100007399;188 532;21;0;0;4;1;1
202100007399;188 533;10;0;2;2;0;1
202100007400;188 529;7;0;0;3;15;1
202100007400;188 530;33;0;2;1;1;1
202100007401;188 526;2;0;2;2;17;1
202100007401;188 527;7;0;2;3;1;1
202100007401;188 528;10;0;2;3;15;1
202100007402;188 524;7;13;2;3;13;1
202100007402;188 525;7;13;2;3;1;1
202100007403;188 523;7;13;0;0;13;1
202100007404;188 521;7;0;2;1;1;1
202100007404;188 522;10;0;2;4;1;1
202100007405;188 519;7;0;2;3;17;1
202100007405;188 520;1;0;2;1;13;0
202100007406;188 518;7;2;0;8;17;1
202100007407;188 516;7;0;2;1;1;1
202100007407;188 517;7;0;2;3;13;1
202100007408;188 514;31;0;2;1;13;1
202100007408;188 515;7;0;2;8;1;1
202100007409;188 513;7;16;0;2;1;1
202100007410;188 511;7;0;2;1;2;1
202100007410;188 512;7;7;0;8;19;1
202100007411;188 509;7;0;2;2;1;1
202100007411;188 510;7;0;0;2;1;1
202100007412;188 508;7;2;0;1;26;1
202100007413;188 507;10;0;1;8;1;1
202100007414;188 505;32;13;0;0;1;1
202100007414;188 506;10;0;0;0;13;1
202100007415;188 504;7;2;0;3;1;1
202100007416;188 502;7;0;2;3;17;1
202100007416;188 503;2;0;2;1;1;1
202100007417;188 500;7;0;2;3;17;1
202100007417;188 501;50;0;2;1;1;3
202100007418;188 499;33;0;0;0;2;1
202100007419;188 498;7;0;0;3;1;1
202100007420;188 496;7;0;2;1;2;3
202100007420;188 497;7;0;2;4;2;1
202100007421;188 492;7;0;2;7;1;1
202100007421;188 493;7;0;2;4;2;1
202100007421;188 494;7;0;2;5;2;1
202100007421;188 495;7;0;2;3;2;1
202100007422;188 490;15;0;2;6;1;1
202100007422;188 491;7;0;2;1;2;0
202100007423;188 488;43;0;2;3;1;1
202100007423;188 489;7;0;2;7;15;1
202100007424;188 486;10;0;2;5;2;1
202100007424;188 487;7;0;2;1;2;1
202100007425;188 484;10;0;2;7;1;1
202100007425;188 485;33;4;2;7;16;1
202100007426;188 482;7;0;2;8;26;1
202100007426;188 483;32;0;2;8;26;1
202100007427;188 480;32;0;2;1;3;1
202100007427;188 481;3;0;2;7;12;3
202100007428;188 477;7;14;0;0;0;1
202100007428;188 478;10;1;0;1;1;1
202100007428;188 479;7;0;2;4;23;1
202100007429;188 472;7;0;2;4;1;2
202100007429;188 473;7;0;2;4;1;2
202100007429;188 474;7;0;2;4;1;1
202100007429;188 475;7;0;2;4;1;1
202100007429;188 476;43;0;2;1;1;1
202100007430;188 468;7;0;2;4;2;1
202100007430;188 469;7;0;2;4;2;1
202100007430;188 470;7;0;2;4;2;1
202100007430;188 471;7;0;2;1;2;1
202100007431;188 466;32;0;2;0;0;0
202100007431;188 467;50;0;2;2;19;3
202100007432;188 464;10;0;2;6;11;1
202100007432;188 465;32;0;2;2;1;1
202100007433;188 462;1;0;2;1;13;5
202100007433;188 463;1;0;2;1;1;5
202100007434;188 460;80;0;2;1;1;3
202100007434;188 461;7;0;2;5;22;2
202100007435;188 459;34;0;1;1;3;1
202100007436;188 458;30;0;1;0;1;0
202100007437;188 456;1;0;2;1;1;5
202100007437;188 457;1;0;2;1;13;5
202100007438;188 454;7;0;2;8;15;1
202100007438;188 455;43;0;2;1;1;1
202100007439;188 453;7;0;1;4;4;1
202100007440;188 452;1;0;1;7;1;5
202100007441;188 450;50;0;2;7;19;3
202100007441;188 451;33;0;2;1;1;1
202100007442;188 448;10;0;2;4;23;1
202100007442;188 449;1;0;2;1;1;5
202100007443;188 446;7;0;2;4;23;1
202100007443;188 447;7;0;2;1;1;1
202100007444;188 445;33;0;0;0;1;1
202100007445;188 444;7;1;0;1;13;1
202100007446;188 443;7;0;1;2;15;1
202100007447;188 442;1;0;1;1;1;5
202100007448;188 440;10;0;2;3;15;1
202100007448;188 441;32;0;2;2;1;1
202100007449;188 438;7;0;2;1;1;1
202100007449;188 439;1;0;2;3;0;5
202100007450;188 437;7;4;0;1;1;1
202100007451;188 435;7;0;2;1;15;1
202100007451;188 436;2;0;2;8;1;1
202100007452;188 432;50;0;2;4;1;3
202100007452;188 433;7;0;2;1;9;1
202100007453;188 430;7;0;2;2;1;1
202100007453;188 431;7;0;2;3;1;1
202100007454;188 428;7;8;2;2;23;1
202100007454;188 429;7;0;0;0;0;1
202100007455;188 426;32;0;2;3;1;1
202100007455;188 427;7;0;2;2;16;1
202100007456;188 424;1;0;2;1;2;0
202100007456;188 425;7;0;2;8;13;1
202100007457;188 422;7;1;0;6;26;1
202100007457;188 423;7;0;2;2;21;1
202100007458;188 421;7;0;1;1;14;0
202100007459;188 419;7;0;0;0;0;1
202100007459;188 420;7;0;2;1;13;1
202100007460;188 416;7;0;2;6;1;1
202100007460;188 417;32;0;2;8;3;1
202100007460;188 418;10;0;2;2;22;1
202100007461;188 413;10;0;2;1;2;1
202100007461;188 414;10;0;2;4;1;1
202100007461;188 415;7;0;2;4;1;1
202100007462;188 411;7;0;1;1;1;1
202100007462;188 412;0;0;0;0;0;0
202100007463;188 409;33;0;2;1;1;1
202100007463;188 410;7;0;2;0;10;1
202100007464;188 407;1;0;2;1;1;5
202100007464;188 408;10;0;2;3;9;1
202100007465;188 405;7;0;2;7;15;1
202100007465;188 406;1;0;2;1;1;0
202100007466;188 404;33;8;2;0;23;0
202100007467;188 403;33;14;0;1;1;1
202100007468;188 401;30;0;2;2;0;1
202100007468;188 402;30;0;2;2;26;1
202100007469;188 399;7;0;2;5;20;1
202100007469;188 400;32;0;2;1;1;1
202100007470;188 397;34;9;2;7;15;1
202100007470;188 398;7;9;2;1;1;1
202100007471;188 395;37;0;2;0;1;1
202100007471;188 396;7;0;2;0;16;1
202100007472;188 394;7;1;0;1;13;2
202100007473;188 393;7;0;2;3;18;1
202100007474;188 392;7;13;0;3;5;1
202100007475;188 391;7;0;1;1;16;1
202100007476;188 389;10;0;2;3;13;1
202100007476;188 390;7;14;2;3;1;3
202100007477;188 388;7;1;0;6;21;1
202100007478;188 386;16;0;2;1;1;1
202100007478;188 387;7;0;2;1;13;1
202100007479;188 385;33;0;0;8;1;1
202100007480;188 383;7;0;2;3;11;1
202100007480;188 384;7;0;2;2;1;1
202100007481;188 381;15;0;2;3;1;1
202100007481;188 382;7;0;2;3;5;1
202100007482;188 380;7;2;0;1;1;1
202100007483;188 378;7;0;2;1;1;1
202100007483;188 379;7;0;2;1;13;1
202100007484;188 377;7;13;0;2;0;1
202100007485;188 376;2;13;0;1;1;1
202100007486;188 375;33;0;0;9;1;1
202100007487;188 372;10;0;2;3;23;1
202100007487;188 373;7;0;2;1;1;1
202100007487;188 374;7;0;2;7;15;1
202100007488;188 371;7;0;1;3;1;1
202100007489;188 369;7;0;0;8;1;1
202100007489;188 370;10;0;2;1;15;1
202100007490;188 367;7;0;2;1;2;1
202100007490;188 368;7;0;0;4;23;1
202100007491;188 365;32;0;2;1;1;1
202100007491;188 366;7;0;2;2;9;1
202100007492;188 364;10;0;0;1;14;1
202100007493;188 362;1;0;2;0;1;5
202100007493;188 363;7;0;9;1;9;1
202100007494;188 360;2;0;2;1;1;1
202100007494;188 361;7;0;2;2;1;1
202100007495;188 359;33;15;0;1;15;1
202100007496;188 358;7;2;0;1;1;1
202100007497;188 356;33;0;0;0;1;1
202100007498;188 354;2;0;2;1;1;1
202100007498;188 355;7;0;2;1;15;1
202100007499;188 352;32;0;2;8;1;1
202100007499;188 353;7;0;2;3;15;1
202100007500;188 350;7;0;2;1;1;1
202100007500;188 351;7;0;2;1;13;1
202100007501;188 349;33;7;0;1;14;1
202100007502;188 348;7;13;0;1;2;1
202100007503;188 346;7;0;0;7;0;1
202100007503;188 347;7;0;2;1;19;1
202100007504;188 345;21;0;0;3;1;1
202100007505;188 343;7;0;2;1;11;1
202100007505;188 344;32;0;0;4;1;1
202100007506;188 341;14;0;2;1;1;1
202100007506;188 342;7;0;2;6;1;1
202100007507;188 339;7;1;0;1;1;1
202100007507;188 340;7;0;0;4;1;1
202100007508;188 337;99;3;0;8;0;6
202100007508;188 338;7;0;9;2;17;1
202100007509;188 335;15;0;2;1;23;1
202100007509;188 336;7;0;2;1;5;2
202100007510;188 334;33;0;0;0;3;1
202100007511;188 331;7;0;0;4;9;1
202100007511;188 332;7;0;2;1;1;1
202100007511;188 333;33;0;2;1;23;1
202100007512;188 330;7;0;1;1;1;0
202100007513;188 329;7;2;0;1;14;1
202100007514;188 327;7;0;9;2;15;1
202100007514;188 328;30;0;2;0;5;1
202100007515;188 325;7;0;9;0;15;0
202100007515;188 326;1;0;2;0;1;5
202100007516;188 323;7;0;2;1;17;1
202100007516;188 324;7;0;2;1;26;1
202100007517;188 322;7;13;0;9;1;1
202100007518;188 318;7;0;2;0;0;1
202100007518;188 319;7;0;2;0;0;1
202100007518;188 320;7;0;2;0;0;1
202100007518;188 321;15;1;1;1;26;1
202100007519;188 316;10;8;2;1;1;1
202100007519;188 317;7;8;2;1;1;1
202100007520;188 312;7;0;0;1;23;2
202100007520;188 313;7;0;0;6;23;1
202100007520;188 314;17;0;0;6;16;1
202100007520;188 315;7;0;2;3;1;1
202100007521;188 310;7;0;2;3;17;1
202100007521;188 311;33;0;2;3;1;1
202100007522;188 308;10;0;0;1;1;1
202100007522;188 309;7;0;0;4;23;1
202100007523;188 301;7;2;0;1;1;1
202100007524;188 300;7;13;0;1;1;1
202100007525;188 298;7;0;2;3;15;1
202100007525;188 299;7;6;2;6;1;1
202100007526;188 297;7;0;1;2;1;1
202100007527;188 295;7;0;2;2;1;1
202100007527;188 296;1;0;2;3;16;5
202100007528;188 293;7;0;2;3;13;1
202100007528;188 294;7;0;2;1;1;1
202100007529;188 292;1;6;0;1;1;5
202100007530;188 289;7;0;0;4;23;1
202100007530;188 290;7;0;2;4;23;1
202100007530;188 291;7;0;2;1;2;1
202100007531;188 288;10;13;0;1;1;1
202100007532;188 287;7;0;6;1;1;1
202100007533;188 283;17;0;2;6;1;1
202100007533;188 284;10;0;2;1;17;1
202100007533;188 285;7;0;2;1;1;1
202100007533;188 286;7;0;2;3;1;1
202100007534;188 282;31;0;0;0;16;1
202100007535;188 279;10;0;0;0;0;1
202100007535;188 280;7;0;2;8;1;1
202100007535;188 281;7;0;2;4;1;1
202100007536;188 277;7;0;2;2;2;1
202100007536;188 278;7;0;2;4;2;1
202100007537;188 274;7;0;2;1;1;1
202100007537;188 275;7;0;2;4;1;1
202100007537;188 276;10;0;2;4;1;1
202100007538;188 272;7;0;2;4;14;1
202100007538;188 273;34;0;2;1;1;1
202100007539;188 269;7;0;2;2;12;1
202100007539;188 270;7;0;2;6;1;1
202100007539;188 271;10;0;2;5;23;1
202100007540;188 268;7;4;0;2;2;1
202100007541;188 265;10;0;2;6;2;1
202100007541;188 266;33;0;2;2;3;1
202100007541;188 267;10;0;2;5;2;1
202100007542;188 263;10;0;2;1;2;1
202100007542;188 264;17;0;2;4;2;1
202100007543;188 260;15;0;2;0;0;1
202100007543;188 261;7;0;2;0;0;1
202100007543;188 262;10;0;0;0;0;1
202100007544;188 258;7;0;2;6;1;1
202100007544;188 259;7;0;2;1;12;1
202100007545;188 256;7;0;2;0;12;1
202100007545;188 257;33;0;2;3;1;1
202100007546;188 254;0;0;2;7;0;0
202100007546;188 255;33;0;2;8;3;1
202100007547;188 252;10;0;2;7;12;1
202100007547;188 253;31;0;2;8;1;1
202100007548;188 250;7;0;2;6;9;1
202100007548;188 251;15;0;2;7;1;1
202100007549;188 247;0;0;2;1;0;0
202100007549;188 248;7;0;2;4;2;1
202100007549;188 249;7;0;2;4;2;1
202100007550;188 245;10;0;2;5;14;1
202100007550;188 246;32;0;2;8;2;1
202100007551;188 243;7;0;2;8;1;0
202100007551;188 244;15;0;2;2;12;0
202100007552;188 242;33;0;2;1;1;1
202100007553;188 240;7;0;2;4;1;1
202100007553;188 241;33;0;2;1;1;1
202100007554;188 238;7;0;2;4;2;1
202100007554;188 239;10;0;2;1;2;1
202100007555;188 237;7;4;0;1;1;1
202100007556;188 235;33;0;2;3;3;1
202100007556;188 236;7;0;2;2;12;1
202100007557;188 234;7;13;0;3;1;1
202100007558;188 233;7;8;0;9;1;1
202100007559;188 232;21;0;1;4;4;1
202100007560;188 229;10;0;2;1;1;1
202100007560;188 230;13;0;2;3;1;1
202100007560;188 231;36;0;2;4;15;1
202100007561;188 227;7;0;2;1;1;1
202100007561;188 228;7;0;2;1;13;1
202100007562;188 225;7;0;2;4;2;1
202100007562;188 226;7;0;2;6;15;1
202100007563;188 223;31;0;2;8;15;1
202100007563;188 224;99;0;2;3;17;0
202100007564;188 221;7;0;2;7;15;1
202100007564;188 222;2;0;2;1;1;1
202100007565;188 219;3;0;2;2;1;0
202100007565;188 220;7;0;2;7;15;1
202100007566;188 217;7;0;2;7;16;1
202100007566;188 218;33;0;2;1;1;1
202100007567;188 215;31;0;2;2;1;1
202100007567;188 216;7;0;2;3;1;1
202100007568;188 214;7;0;0;9;1;1
202100007569;188 212;7;0;2;4;2;1
202100007569;188 213;34;0;2;1;2;1
202100007570;188 210;7;0;2;2;2;1
202100007570;188 211;32;0;2;8;3;1
202100007571;188 208;37;0;2;2;2;1
202100007571;188 209;7;0;2;6;1;1
202100007572;188 207;7;0;1;1;1;1
202100007573;188 205;7;0;2;3;1;1
202100007573;188 206;14;0;2;5;23;1
202100007574;188 203;7;0;2;2;23;1
202100007574;188 204;43;0;2;1;1;1
202100007575;188 202;7;0;1;1;15;1
202100007576;188 200;10;0;2;5;1;1
202100007576;188 201;33;0;2;1;18;1
202100007577;188 199;7;0;1;1;1;1
202100007578;188 197;37;0;2;3;7;1
202100007578;188 198;7;0;2;5;16;1
202100007579;188 193;33;0;2;4;2;1
202100007579;188 194;2;0;2;1;2;1
202100007580;188 190;7;0;2;1;2;1
202100007580;188 191;7;0;2;4;2;1
202100007581;188 187;7;0;2;1;2;1
202100007581;188 188;7;0;2;4;2;1
202100007581;188 189;7;0;5;4;2;1
202100007582;188 185;30;0;2;1;1;1
202100007582;188 186;7;0;2;6;1;1
202100007583;188 183;7;0;2;1;1;1
202100007583;188 184;7;0;2;4;1;1
202100007584;188 182;7;12;0;1;1;1
202100007585;188 180;7;0;2;5;14;1
202100007585;188 181;1;0;2;1;1;5
202100007586;188 178;7;0;2;1;2;1
202100007586;188 179;7;0;2;4;23;1
202100007587;188 177;50;0;1;1;1;3
202100007588;188 175;32;0;0;2;15;1
202100007588;188 176;7;0;0;1;1;1
202100007589;188 173;7;0;2;1;16;1
202100007589;188 174;50;0;2;1;1;3
202100007590;188 172;30;0;0;7;1;1
202100007591;188 170;7;0;2;8;15;1
202100007591;188 171;33;0;2;7;17;1
202100007592;188 168;2;0;2;3;1;1
202100007592;188 169;7;0;2;7;19;1
202100007593;188 166;2;0;2;1;1;1
202100007593;188 167;7;0;2;1;15;2
202100007594;188 164;7;0;2;4;15;1
202100007594;188 165;7;0;2;3;0;1
202100007595;188 162;7;0;2;1;2;1
202100007595;188 163;7;0;2;4;2;1
202100007596;188 161;7;0;1;1;16;1
202100007597;188 160;2;1;0;1;14;1
202100007598;188 157;7;0;2;4;1;1
202100007598;188 158;7;0;2;4;1;1
202100007598;188 159;7;0;2;3;1;1
202100007599;188 155;7;0;2;1;13;1
202100007599;188 156;7;0;2;1;1;1
202100007600;188 154;7;0;1;1;1;1
202100007601;188 152;50;0;2;5;9;3
202100007601;188 153;10;0;2;7;26;1
202100007602;188 150;3;1;9;3;16;1
202100007602;188 151;50;0;2;0;0;3
202100007603;188 149;7;0;1;2;1;0
202100007604;188 147;30;0;2;3;0;1
202100007604;188 148;7;0;2;2;9;1
202100007605;188 145;7;0;2;3;5;1
202100007605;188 146;7;0;2;3;1;1
202100007606;188 144;7;1;0;9;1;1
202100007607;188 143;7;0;1;1;0;1
202100007608;188 141;30;0;2;1;2;1
202100007608;188 142;7;0;2;4;15;1
202100007609;188 140;7;0;1;8;1;1
202100007610;188 139;7;0;1;1;1;1
202100007611;188 138;38;0;1;7;16;1
202100007612;188 136;10;0;2;3;15;1
202100007612;188 137;10;0;2;1;0;1
202100007613;188 135;7;8;0;3;1;1
202100007614;188 134;7;1;0;1;13;1
202100007615;188 133;7;0;1;2;15;1
202100007616;188 132;7;0;1;1;21;1
202100007617;188 128;7;0;2;1;1;1
202100007617;188 129;7;0;2;1;1;1
202100007617;188 130;7;0;2;1;1;1
202100007617;188 131;7;0;2;1;1;1
202100007618;188 126;7;0;2;3;1;1
202100007618;188 127;1;0;2;1;1;5
202100007619;188 125;7;1;0;2;14;1
202100007620;188 123;7;0;2;2;26;1
202100007620;188 124;1;0;2;8;26;5
202100007621;188 122;7;0;1;2;1;1
202100007622;188 120;7;0;2;8;15;1
202100007622;188 121;2;0;2;1;1;1
202100007623;188 119;7;0;1;2;1;1
202100007624;188 117;31;0;2;8;1;1
202100007624;188 118;7;0;2;1;15;1
202100007625;188 115;7;0;2;1;0;1
202100007625;188 116;1;0;2;1;0;5
202100007626;188 113;31;0;2;1;1;1
202100007626;188 114;7;0;2;5;15;1
202100007627;188 111;43;0;2;1;9;1
202100007627;188 112;14;0;2;6;10;1
202100007628;188 109;7;0;2;3;13;1
202100007628;188 110;7;2;2;6;1;1
202100007629;188 108;7;0;1;2;15;1
202100007630;188 105;7;16;0;4;26;1
202100007631;188 104;7;4;0;3;1;1
202100007632;188 102;7;0;2;1;16;1