Num_Acc;id_vehicule;catv;obs;obsm;choc;manv;motor
202100008021;187 395;50;0;2;3;19;3
202100008022;187 393;7;0;1;2;1;1
202100008023;187 390;7;0;2;1;2;1
202100008023;187 391;7;0;2;4;2;1
202100008023;187 392;7;0;2;4;2;1
202100008024;187 386;7;0;2;4;2;1
202100008024;187 387;7;0;2;4;2;1
202100008024;187 388;7;0;2;4;2;1
202100008024;187 389;7;0;2;1;2;1
202100008025;187 384;7;0;2;1;2;1
202100008025;187 385;7;0;2;4;1;2
202100008026;187 383;7;7;0;1;1;1
202100008027;187 382;32;1;0;1;1;1
202100008028;187 380;32;0;2;1;18;1
202100008028;187 381;60;0;2;0;1;5
202100008029;187 377;99;0;2;1;2;1
202100008029;187 378;7;0;0;4;2;1
202100008029;187 379;7;0;2;4;23;1
202100008030;187 375;7;0;2;3;16;1
202100008030;187 376;31;1;2;1;1;1
202100008031;187 373;7;0;2;2;19;1
202100008031;187 374;33;0;2;1;1;1
202100008032;187 372;7;0;1;2;1;1
202100008033;187 370;2;0;2;1;1;1
202100008033;187 371;7;0;2;1;1;1
202100008034;187 368;1;0;2;3;1;5
202100008034;187 369;7;0;2;3;15;1
202100008035;187 366;1;0;2;4;1;5
202100008035;187 367;7;0;2;2;2;1
202100008036;187 364;7;0;2;4;23;1
202100008036;187 365;30;0;2;1;1;1
202100008037;187 363;32;0;1;1;1;1
202100008038;187 362;7;0;1;0;1;1
202100008039;187 360;7;0;2;2;1;1
202100008039;187 361;1;0;2;4;0;5
202100008040;187 358;7;1;2;3;19;1
202100008040;187 359;7;0;2;1;19;1
202100008041;187 356;32;0;2;1;1;1
202100008041;187 357;7;0;2;2;19;1
202100008042;187 354;33;0;2;8;3;1
202100008042;187 355;7;0;2;5;12;0
202100008043;187 353;7;4;0;1;11;1
202100008044;187 351;34;0;2;2;3;1
202100008044;187 352;7;0;2;6;1;1
202100008045;187 349;10;0;2;8;10;1
202100008045;187 350;34;0;2;1;1;1
202100008046;187 347;7;0;2;8;22;1
202100008046;187 348;1;0;2;1;1;5
202100008047;187 346;50;0;0;1;1;3
202100008048;187 345;7;0;1;6;4;1
202100008049;187 343;7;0;2;6;1;1
202100008049;187 344;32;0;2;1;14;1
202100008050;187 341;7;0;2;8;22;1
202100008050;187 342;1;0;2;1;1;5
202100008051;187 340;7;7;0;1;12;1
202100008052;187 339;1;0;1;1;5;5
202100008053;187 337;32;0;2;8;1;1
202100008053;187 338;7;0;2;2;15;1
202100008054;187 335;7;0;2;2;16;1
202100008054;187 336;1;0;2;1;1;5
202100008055;187 333;1;0;2;8;13;5
202100008055;187 334;37;0;2;2;7;2
202100008056;187 332;10;0;1;2;16;0
202100008057;187 330;7;0;2;8;15;1
202100008057;187 331;2;0;2;1;1;0
202100008058;187 328;33;0;2;1;1;1
202100008058;187 329;7;0;2;8;1;1
202100008059;187 327;10;0;1;1;1;1
202100008060;187 325;7;0;2;3;15;1
202100008060;187 326;33;0;2;2;5;1
202100008061;187 324;7;0;1;3;1;1
202100008062;187 320;7;0;2;2;16;1
202100008062;187 321;32;0;2;2;16;1
202100008063;187 317;99;0;2;1;2;0
202100008063;187 318;99;0;2;4;2;1
202100008063;187 319;99;0;2;4;2;1
202100008064;187 316;2;0;1;1;1;0
202100008065;187 315;10;0;1;1;1;1
202100008066;187 314;7;0;1;1;1;1
202100008067;187 312;37;0;2;8;1;1
202100008067;187 313;7;0;2;3;16;1
202100008068;187 311;7;0;1;1;16;2
202100008069;187 309;7;0;2;4;20;6
202100008069;187 310;1;0;2;1;0;0
202100008070;187 307;7;0;2;6;15;1
202100008070;187 308;34;0;2;1;13;1
202100008071;187 306;30;0;0;1;15;1
202100008072;187 304;32;0;2;1;1;1
202100008072;187 305;7;0;2;8;19;1
202100008073;187 303;31;0;0;0;13;0
202100008074;187 301;10;0;2;3;17;1
202100008074;187 302;1;0;2;3;1;5
202100008075;187 299;3;0;2;1;1;1
202100008075;187 300;7;0;2;4;23;1
202100008076;187 297;7;0;9;1;0;1
202100008076;187 298;33;0;2;1;17;1
202100008077;187 296;3;0;1;1;16;3
202100008078;187 294;7;0;2;2;5;1
202100008078;187 295;14;0;2;2;1;1
202100008079;187 293;7;0;0;7;1;1
202100008080;187 291;33;0;2;1;1;1
202100008080;187 292;7;0;2;6;9;1
202100008081;187 289;7;0;2;1;13;2
202100008081;187 290;7;0;2;1;1;1
202100008082;187 288;10;10;0;2;0;1
202100008083;187 286;7;0;2;2;1;1
202100008083;187 287;7;8;2;3;1;1
202100008084;187 284;7;0;2;3;13;2
202100008084;187 285;7;0;2;1;1;1
202100008085;187 282;10;0;2;2;15;1
202100008085;187 283;2;0;2;1;1;1
202100008086;187 280;10;0;2;1;1;1
202100008086;187 281;7;0;2;7;1;1
202100008087;187 278;10;13;2;7;19;1
202100008087;187 279;17;0;2;3;1;1
202100008088;187 276;10;0;2;1;2;1
202100008088;187 277;7;0;2;3;13;1
202100008089;187 274;7;4;0;4;2;1
202100008089;187 275;7;0;2;3;2;1
202100008090;187 272;7;0;2;1;13;1
202100008090;187 273;7;0;2;1;1;1
202100008091;187 271;7;2;0;1;15;1
202100008092;187 270;2;0;0;0;1;1
202100008093;187 269;7;2;0;3;1;1
202100008094;187 268;7;6;0;1;1;2
202100008095;187 266;7;0;0;7;15;1
202100008095;187 267;33;0;2;1;1;1
202100008096;187 265;7;16;0;9;1;1
202100008097;187 263;14;0;0;6;1;1
202100008097;187 264;10;3;2;2;2;1
202100008098;187 261;7;0;2;2;1;1
202100008098;187 262;7;0;2;3;9;1
202100008099;187 259;7;0;2;1;15;1
202100008099;187 260;7;15;2;8;1;1
202100008100;187 258;7;0;6;3;1;1
202100008101;187 256;17;0;2;2;2;1
202100008101;187 257;17;0;2;6;2;1
202100008102;187 255;32;13;0;2;1;1
202100008103;187 254;2;2;0;1;1;1
202100008104;187 252;10;0;2;3;1;1
202100008104;187 253;7;0;2;3;1;1
202100008105;187 250;7;0;2;1;1;1
202100008105;187 251;7;0;2;1;17;1
202100008106;187 248;38;0;2;0;20;1
202100008106;187 249;30;0;0;0;0;1
202100008107;187 245;7;0;2;0;13;1
202100008107;187 246;7;0;2;1;1;1
202100008107;187 247;10;0;2;6;1;1
202100008108;187 243;32;0;2;8;1;1
202100008108;187 244;7;0;2;3;13;1
202100008109;187 236;7;0;0;4;2;1
202100008109;187 237;7;0;2;1;1;1
202100008109;187 238;7;0;2;1;2;1
202100008110;187 235;7;0;1;1;1;1
202100008111;187 234;33;0;6;3;21;1
202100008112;187 230;7;13;0;1;14;1
202100008113;187 227;33;0;2;7;3;1
202100008113;187 228;7;0;2;7;1;1
202100008113;187 229;33;0;2;3;11;1
202100008114;187 226;7;3;0;9;2;1
202100008115;187 225;7;13;0;1;1;1
202100008116;187 221;7;0;2;4;2;1
202100008116;187 222;7;0;2;4;2;1
202100008116;187 223;10;0;2;1;2;1
202100008116;187 224;7;0;2;4;2;1
202100008117;187 219;10;0;2;8;11;1
202100008117;187 220;31;0;2;1;3;1
202100008118;187 217;7;0;2;1;2;1
202100008118;187 218;7;0;2;4;2;1
202100008119;187 215;7;0;2;3;11;1
202100008119;187 216;34;0;2;2;3;1
202100008120;187 214;7;4;0;1;13;1
202100008121;187 212;7;0;2;4;2;1
202100008121;187 213;33;0;2;1;3;1
202100008122;187 210;7;0;2;3;11;1
202100008122;187 211;15;0;2;2;1;0
202100008123;187 206;33;0;2;7;3;1
202100008123;187 207;7;0;2;8;1;1
202100008123;187 208;7;0;2;7;0;1
202100008123;187 209;7;0;2;4;1;1
202100008124;187 205;33;0;0;9;26;1
202100008125;187 203;7;0;9;2;1;1
202100008125;187 204;7;0;9;1;1;1
202100008126;187 201;7;0;2;1;1;1
202100008126;187 202;7;0;2;4;12;1
202100008127;187 197;7;0;2;1;2;1
202100008127;187 198;7;0;2;4;2;2
202100008127;187 199;7;0;2;4;2;1
202100008127;187 200;7;0;2;4;1;1
202100008128;187 193;7;0;2;4;2;1
202100008128;187 194;7;0;2;4;1;1
202100008128;187 195;7;0;2;4;2;1
202100008128;187 196;7;0;2;1;2;1
202100008129;187 190;17;1;0;2;1;0
202100008129;187 191;10;0;0;6;24;0
202100008129;187 192;10;0;0;8;23;1
202100008130;187 188;7;0;2;7;12;1
202100008130;187 189;43;0;2;8;1;1
202100008131;187 186;7;0;2;6;1;1
202100008131;187 187;15;0;2;2;14;1
202100008132;187 184;7;1;0;2;1;1
202100008132;187 185;15;0;2;6;23;1
202100008133;187 183;33;0;2;8;3;1
202100008134;187 181;7;0;2;7;12;1
202100008134;187 182;31;0;2;8;3;1
202100008135;187 179;33;0;2;1;3;1
202100008135;187 180;7;0;2;4;3;1
202100008136;187 176;30;0;2;7;1;1
202100008136;187 177;7;0;2;1;15;1
202100008137;187 175;80;1;0;1;0;3
202100008138;187 171;7;0;2;1;1;1
202100008138;187 172;7;0;2;8;19;1
202100008139;187 170;7;0;1;1;1;1
202100008140;187 168;7;0;2;3;9;1
202100008140;187 169;33;0;2;6;1;1
202100008141;187 165;7;0;2;1;1;1
202100008141;187 166;7;0;2;3;18;1
202100008141;187 167;7;0;2;7;1;1
202100008142;187 163;7;0;2;7;12;1
202100008142;187 164;32;0;2;8;1;1
202100008143;187 161;7;0;2;0;15;0
202100008143;187 162;30;0;2;4;1;1
202100008144;187 159;7;0;2;2;1;1
202100008144;187 160;7;0;2;5;4;1
202100008145;187 157;1;0;2;4;1;5
202100008145;187 158;7;0;2;1;1;1
202100008146;187 155;7;0;2;3;9;1
202100008146;187 156;7;0;2;5;1;1
202100008147;187 154;30;0;1;1;1;1
202100008148;187 153;50;0;0;0;1;3
202100008149;187 152;80;0;1;1;1;3
202100008150;187 150;7;0;2;4;23;1
202100008150;187 151;30;0;2;1;1;3
202100008151;187 148;2;0;2;1;1;1
202100008151;187 149;7;0;2;2;1;1
202100008152;187 147;7;0;1;2;16;1
202100008153;187 146;40;0;1;0;0;3
202100008154;187 144;7;0;2;1;1;1
202100008154;187 145;7;9;2;7;15;1
202100008155;187 142;7;0;2;4;2;1
202100008155;187 143;7;0;2;1;2;1
202100008156;187 140;2;0;2;1;1;1
202100008156;187 141;7;0;0;8;10;1
202100008157;187 139;32;0;0;0;23;1
202100008158;187 137;30;0;2;7;1;3
202100008158;187 138;30;0;2;8;13;0
202100008159;187 136;7;0;0;-1;1;1
202100008160;187 135;2;9;0;0;1;1
202100008161;187 133;7;0;0;6;9;1
202100008161;187 134;7;0;2;1;1;1
202100008162;187 131;2;0;2;1;1;1
202100008162;187 132;7;0;2;1;26;1
202100008163;187 128;7;0;2;1;0;1
202100008163;187 129;7;0;2;1;1;1
202100008163;187 130;7;0;2;4;1;1
202100008164;187 127;80;0;0;0;0;3
202100008165;187 125;7;13;2;3;11;1
202100008165;187 126;7;3;2;3;1;1
202100008166;187 124;7;0;1;2;1;1
202100008167;187 122;10;0;2;1;1;1
202100008167;187 123;7;0;2;1;13;1
202100008168;187 120;7;0;2;1;1;1
202100008168;187 121;7;0;2;2;1;1
202100008169;187 118;7;7;2;1;1;1
202100008169;187 119;7;0;0;8;1;1
202100008170;187 117;2;13;0;0;0;1
202100008171;187 115;7;0;2;1;11;1
202100008171;187 116;10;0;2;2;1;1
202100008172;187 113;7;0;2;1;13;1
202100008172;187 114;7;0;2;8;1;1
202100008173;187 111;7;0;2;7;1;1
202100008173;187 112;1;0;2;8;15;5
202100008174;187 110;7;8;0;1;1;1
202100008175;187 108;7;0;2;3;1;1
202100008175;187 109;7;0;2;3;13;1
202100008176;187 107;7;0;1;4;4;1
202100008177;187 106;7;14;0;1;1;1
202100008178;187 105;7;6;0;1;15;1
202100008179;187 104;2;0;0;0;1;1
202100008180;187 103;7;2;0;3;1;1
202100008181;187 102;7;2;0;1;1;1
202100008182;187 100;7;0;2;3;1;1
202100008182;187 101;7;0;2;3;13;1
202100008183;187 098;15;0;2;3;1;1
202100008183;187 099;7;0;2;8;1;1
202100008184;187 097;36;0;0;0;1;1
202100008185;187 096;7;2;0;3;1;1
202100008186;187 094;7;0;2;6;1;1
202100008186;187 095;7;0;0;3;1;1
202100008187;187 091;7;0;2;4;2;1
202100008187;187 092;7;0;2;1;2;1
202100008187;187 093;7;0;2;1;1;1
202100008188;187 088;7;0;2;7;26;1
202100008188;187 089;7;0;2;1;1;1
202100008188;187 090;10;0;2;1;13;1
202100008189;187 084;7;0;2;2;13;1
202100008189;187 085;7;0;2;1;2;1
202100008189;187 086;7;0;2;4;15;1
202100008189;187 087;7;0;2;3;1;1
202100008190;187 082;7;0;2;3;15;1
202100008190;187 083;7;0;2;2;1;1
202100008191;187 079;7;17;0;2;1;1
202100008192;187 077;7;0;2;1;15;1
202100008192;187 078;7;0;2;1;1;1
202100008193;187 076;7;15;0;2;1;1
202100008194;187 075;7;0;0;0;0;1
202100008195;187 073;7;0;0;5;15;1
202100008195;187 074;33;0;2;1;1;1
202100008196;187 071;2;0;2;8;1;1
202100008196;187 072;7;0;2;1;19;1
202100008197;187 069;7;0;2;3;13;1
202100008197;187 070;7;0;2;1;1;1
202100008198;187 067;7;0;2;1;13;1
202100008198;187 068;7;0;2;3;1;1
202100008199;187 065;7;2;2;1;1;1
202100008199;187 066;7;0;2;4;15;1
202100008200;187 063;7;0;2;3;9;1
202100008200;187 064;34;0;2;7;1;1
202100008201;187 061;7;3;0;4;2;1
202100008201;187 062;10;0;2;1;2;1
202100008202;187 059;38;0;2;7;15;1
202100008202;187 060;2;0;2;1;1;1
202100008203;187 056;7;0;2;3;13;1
202100008203;187 057;17;0;2;3;1;1
202100008203;187 058;7;0;2;3;1;1
202100008204;187 055;7;0;1;1;0;1
202100008205;187 054;7;0;1;3;1;1
202100008206;187 052;7;0;2;1;1;1
202100008206;187 053;7;0;0;4;2;1
202100008207;187 049;33;0;2;1;21;1
202100008207;187 050;33;0;2;1;21;1
202100008207;187 051;7;0;2;1;13;1
202100008208;187 047;33;0;2;1;2;1
202100008208;187 048;7;0;0;4;2;1
202100008209;187 046;7;0;1;1;1;3
202100008210;187 045;37;0;1;2;1;1
202100008211;187 043;7;0;2;3;13;1
202100008211;187 044;7;0;2;3;1;1
202100008212;187 041;33;0;2;2;17;1
202100008212;187 042;7;0;2;3;15;1
202100008213;187 039;7;0;2;1;1;1
202100008213;187 040;7;0;2;1;0;1
202100008214;187 033;7;0;2;1;1;1
202100008214;187 034;7;0;2;1;1;1
202100008214;187 035;7;0;2;1;1;1
202100008214;187 036;7;0;2;2;1;1
202100008215;187 031;10;0;2;4;1;1
202100008215;187 032;7;0;2;1;21;1
202100008216;187 028;7;0;2;2;0;1
202100008216;187 029;7;0;2;1;0;1
202100008216;187 030;10;0;2;4;0;1
202100008217;187 027;7;4;0;1;13;1
202100008218;187 026;7;0;0;2;14;1
202100008219;187 025;7;4;0;8;2;1
202100008220;187 022;7;0;2;4;2;1
202100008220;187 023;7;0;2;6;0;1
202100008220;187 024;7;0;2;1;2;1
202100008221;187 020;10;0;2;1;2;1
202100008221;187 021;10;0;2;4;2;1
202100008222;187 016;7;0;2;3;2;2
202100008222;187 017;10;0;2;5;2;1
202100008222;187 018;7;0;2;8;2;1
202100008222;187 019;7;0;2;4;2;1
202100008223;187 015;7;3;0;4;9;1
202100008224;187 012;7;0;2;1;1;2
202100008224;187 013;7;0;2;4;2;1
202100008224;187 014;7;0;0;4;2;2
202100008225;187 010;7;0;2;1;1;1
202100008225;187 011;7;0;2;4;2;1
202100008226;187 008;7;0;2;3;1;0
202100008226;187 009;7;0;2;2;1;1
202100008227;187 006;7;0;2;4;2;1
202100008227;187 007;7;0;2;1;1;1
202100008228;187 004;7;0;2;3;1;1
202100008228;187 005;7;0;2;2;12;1
202100008229;187 001;7;0;2;1;2;1
202100008229;187 002;7;0;2;4;1;1
202100008229;187 003;7;0;2;1;1;1
202100008230;186 999;7;0;2;6;11;1
202100008230;187 000;32;0;2;2;3;1
202100008231;186 996;7;0;2;1;2;1
202100008231;186 997;10;0;2;1;2;1
202100008231;186 998;7;0;2;4;2;1
202100008232;186 995;7;0;1;1;26;0
202100008233;186 993;7;0;2;0;17;0
202100008233;186 994;7;0;2;0;15;1
202100008234;186 991;10;0;2;4;23;1
202100008234;186 992;32;0;2;1;1;1
202100008235;186 990;10;0;1;1;2;1
202100008236;186 989;33;0;1;1;1;1
202100008237;186 988;33;0;0;0;16;-1
202100008238;186 987;2;0;1;1;1;1
202100008239;186 986;30;14;0;1;2;1
202100008240;186 984;7;0;2;1;1;1
202100008240;186 985;7;0;2;4;23;1
202100008241;186 983;7;1;0;1;16;1
202100008242;186 980;7;0;2;4;2;1
202100008242;186 981;7;0;2;1;2;1
202100008242;186 982;7;0;2;1;2;1
202100008243;186 979;80;0;0;0;2;3
202100008244;186 977;7;0;2;3;15;1
202100008244;186 978;30;0;2;2;1;1
202100008245;186 975;2;0;2;1;1;1
202100008245;186 976;7;0;2;2;15;1
202100008246;186 974;7;2;0;1;13;1
202100008247;186 972;7;0;2;3;10;1
202100008247;186 973;33;0;2;1;1;1
202100008248;186 971;7;1;0;2;1;1
202100008249;186 969;7;0;2;2;17;1
202100008249;186 970;30;0;2;6;1;1
202100008250;186 967;2;0;2;8;1;3
202100008250;186 968;7;0;2;1;13;1
202100008251;186 964;33;0;2;1;3;1
202100008251;186 965;10;0;2;6;1;1
202100008251;186 966;7;0;2;7;1;1
202100008252;186 962;32;0;2;1;17;1
202100008252;186 963;7;0;2;3;15;1
202100008253;186 960;33;0;2;7;17;1
202100008253;186 961;7;0;2;3;10;1
202100008254;186 959;33;6;0;1;1;1
202100008255;186 958;7;0;1;1;1;0
202100008256;186 957;80;0;1;1;17;3
202100008257;186 954;30;0;2;2;1;1
202100008257;186 955;7;0;2;3;7;1
202100008257;186 956;7;0;2;6;1;1
202100008258;186 951;7;0;2;3;15;1
202100008258;186 952;7;0;2;2;16;1
202100008258;186 953;31;1;2;1;18;1
202100008259;186 949;30;0;2;8;1;1
202100008259;186 950;7;0;2;1;15;1
202100008260;186 947;30;0;2;3;1;1
202100008260;186 948;7;0;2;5;13;1
202100008261;186 945;7;0;2;6;2;2
202100008261;186 946;10;0;2;2;2;1
202100008262;186 944;33;0;1;3;1;3
202100008263;186 943;33;0;1;3;1;1
202100008264;186 941;7;0;2;2;1;2
202100008264;186 942;30;0;2;8;18;1
202100008265;186 938;7;0;2;4;2;1
202100008265;186 939;7;0;2;3;2;2
202100008265;186 940;33;0;2;1;3;1
202100008266;186 937;10;0;1;7;16;1
202100008267;186 935;7;0;2;6;1;1
202100008267;186 936;7;0;2;1;2;1
202100008268;186 934;32;12;0;1;17;1
202100008269;186 933;7;12;0;1;14;1
202100008270;186 931;7;0;2;3;15;1
202100008270;186 932;7;0;2;3;1;1
202100008271;186 929;10;0;2;7;15;1
202100008271;186 930;7;0;2;1;1;1
202100008272;186 926;7;0;2;2;5;1
202100008272;186 927;7;0;2;2;1;1
202100008272;186 928;7;0;2;6;1;1
202100008273;186 925;10;0;0;7;14;1
202100008274;186 923;34;0;2;1;21;1
202100008274;186 924;7;0;2;0;0;1
202100008275;186 921;7;0;2;3;15;1
202100008275;186 922;2;0;2;1;1;1
202100008276;186 919;7;0;2;4;12;1
202100008276;186 920;7;0;2;1;12;1
202100008277;186 917;99;0;2;0;16;0
202100008277;186 918;31;0;2;2;2;1
202100008278;186 916;7;0;1;3;1;1
202100008279;186 915;7;1;0;2;14;1
202100008280;186 914;7;13;0;3;1;1
202100008281;186 913;10;0;1;2;1;1
202100008282;186 912;33;0;6;8;1;1
202100008283;186 910;7;13;0;1;5;2
202100008283;186 911;7;13;2;2;1;1
202100008284;186 908;30;0;2;1;1;1
202100008284;186 909;7;0;2;3;26;1
202100008285;186 907;33;0;0;0;1;1
202100008286;186 906;7;12;0;0;1;1
202100008287;186 904;7;1;0;1;1;1
202100008287;186 905;10;0;2;4;23;1
202100008288;186 903;7;17;0;3;13;1
202100008289;186 901;10;0;2;2;2;1
202100008289;186 902;21;0;0;6;2;1
202100008290;186 900;7;0;1;1;2;1
202100008291;186 899;2;0;1;1;1;1
202100008292;186 897;7;0;2;1;1;1
202100008292;186 898;7;12;2;1;13;1
202100008293;186 895;7;0;2;1;1;1
202100008293;186 896;7;0;2;7;17;1
202100008294;186 894;7;13;0;1;1;1
202100008295;186 893;7;13;0;7;1;1
202100008296;186 892;7;6;0;1;1;1
202100008297;186 891;7;13;0;8;1;1
202100008298;186 888;7;0;2;3;1;1
202100008298;186 889;7;0;2;3;1;2
202100008298;186 890;7;0;2;3;13;1
202100008299;186 887;7;6;0;3;1;1
202100008300;186 885;33;0;2;1;26;1
202100008300;186 886;7;0;0;2;9;1
202100008301;186 883;7;0;2;3;1;1
202100008301;186 884;7;0;2;3;1;1
202100008302;186 882;33;4;0;1;0;1
202100008303;186 881;7;15;0;1;0;1
202100008304;186 880;7;13;0;1;21;1
202100008305;186 879;7;6;0;1;0;1
202100008306;186 876;7;0;2;1;5;1
202100008306;186 877;7;0;2;8;1;1
202100008306;186 878;7;0;2;1;1;1
202100008307;186 875;7;13;0;2;17;1
202100008308;186 872;7;0;2;1;0;1
202100008308;186 873;7;16;2;4;0;1
202100008309;186 871;7;13;0;2;14;1
202100008310;186 870;33;13;0;0;1;1
202100008311;186 869;7;2;0;2;2;1
202100008312;186 868;7;13;0;2;0;1
202100008313;186 866;10;0;2;3;2;1
202100008313;186 867;7;0;2;6;2;2
202100008314;186 865;2;2;0;3;1;1
202100008315;186 864;0;0;0;0;1;0
202100008316;186 863;7;3;0;2;0;1
202100008317;186 860;7;0;0;6;1;1
202100008317;186 861;7;0;0;6;1;1
202100008317;186 862;7;0;2;3;1;1
202100008318;186 858;7;12;0;9;13;1
202100008319;186 856;7;0;2;3;1;1
202100008319;186 857;7;0;2;3;13;1
202100008320;186 855;7;13;0;0;14;1
202100008321;186 853;7;0;2;8;15;1
202100008321;186 854;33;0;2;1;17;1
202100008322;186 850;7;0;2;1;0;1
202100008322;186 851;7;0;2;1;2;1
202100008322;186 852;7;0;0;4;15;1
202100008323;186 848;2;0;2;3;1;1
202100008323;186 849;7;0;2;3;15;1
202100008324;186 846;7;0;2;3;17;1
202100008324;186 847;7;0;0;8;16;1
202100008325;186 845;7;2;0;1;1;1
202100008326;186 844;3;6;0;1;14;1
202100008327;186 842;30;0;2;1;1;1
202100008327;186 843;7;0;2;2;9;2
202100008328;186 840;33;0;0;0;17;1
202100008329;186 839;7;16;0;7;1;1
202100008330;186 837;33;0;2;1;1;1
202100008330;186 838;7;0;0;5;15;1
202100008331;186 836;7;13;0;1;21;1
202100008332;186 834;7;0;2;2;15;1
202100008332;186 835;2;0;2;1;1;1
202100008333;186 832;7;0;2;1;1;1
202100008333;186 833;7;9;2;1;13;1
202100008334;186 831;7;0;1;2;4;1
202100008335;186 828;10;0;2;4;2;1
202100008335;186 829;7;0;2;4;2;1
202100008335;186 830;7;0;2;1;2;1
202100008336;186 826;7;0;2;4;2;1
202100008336;186 827;7;0;2;1;2;1
202100008337;186 824;7;2;2;1;2;1
202100008337;186 825;15;0;2;4;2;1
202100008338;186 823;14;4;0;1;0;1
202100008339;186 819;7;0;2;1;0;1
202100008339;186 820;7;0;2;2;0;1
202100008339;186 821;7;0;2;3;2;1
202100008339;186 822;17;0;2;6;13;1
202100008340;186 817;7;0;2;6;9;1
202100008340;186 818;7;0;2;2;0;1
202100008341;186 815;7;3;2;1;2;1
202100008341;186 816;7;3;2;4;2;3
202100008342;186 813;7;0;2;1;1;1
202100008342;186 814;7;0;2;4;2;1
202100008343;186 812;7;3;0;2;14;1
202100008344;186 809;33;0;2;2;17;1
202100008344;186 810;7;0;2;3;11;1
202100008344;186 811;7;0;2;6;1;3
202100008345;186 807;2;0;2;3;19;1
202100008345;186 808;2;0;2;1;1;1
202100008346;186 806;7;0;1;1;15;1
202100008347;186 805;7;0;0;1;0;1
202100008348;186 804;7;0;1;3;15;1
202100008349;186 802;7;0;9;4;1;1
202100008349;186 803;80;0;2;4;1;3
202100008350;186 801;7;0;1;3;1;1
202100008351;186 799;2;0;2;8;16;1
202100008351;186 800;7;0;2;2;16;1
202100008352;186 798;7;0;1;2;1;1
202100008353;186 796;2;0;2;0;21;1
202100008353;186 797;7;0;9;0;9;1
202100008354;186 795;1;0;2;0;26;0
202100008355;186 794;7;11;0;2;1;1
202100008356;186 792;7;0;2;2;16;0
202100008356;186 793;1;0;2;3;1;0
202100008357;186 791;99;0;1;2;26;0
202100008358;186 789;31;0;2;3;3;1
202100008358;186 790;7;0;2;2;12;1
202100008359;186 788;33;4;0;7;21;1
202100008360;186 787;10;0;1;2;1;1
202100008361;186 785;7;0;2;2;16;1
202100008361;186 786;1;0;2;1;1;5
202100008362;186 783;7;0;2;3;15;1
202100008362;186 784;33;0;2;8;1;1
202100008363;186 782;1;0;1;1;1;5
202100008364;186 781;7;0;1;4;4;1
202100008365;186 779;7;0;2;1;15;1
202100008365;186 780;7;0;2;8;1;3
202100008366;186 778;7;0;1;1;1;1
202100008367;186 776;7;0;2;3;9;2
202100008367;186 777;2;0;2;7;1;1
202100008368;186 774;7;0;2;3;1;1
202100008368;186 775;33;0;2;8;5;1
202100008369;186 772;30;0;2;1;17;0
202100008369;186 773;1;0;2;4;13;5
202100008370;186 770;2;0;2;1;18;1
202100008370;186 771;7;0;2;5;22;2
202100008371;186 768;7;0;2;3;9;1
202100008371;186 769;32;0;2;1;1;1
202100008372;186 766;2;0;2;1;1;1
202100008372;186 767;7;0;2;5;15;1
202100008373;186 765;7;0;1;1;9;1
202100008374;186 763;1;1;0;8;2;0
202100008374;186 764;7;0;9;7;24;0
202100008375;186 761;2;0;2;7;18;1
202100008375;186 762;10;0;2;7;16;1
202100008376;186 759;50;4;2;0;5;3
202100008376;186 760;7;4;9;1;1;1
202100008377;186 757;7;0;2;3;0;2
202100008377;186 758;7;9;2;1;0;1
202100008378;186 755;7;3;0;3;11;0
202100008378;186 756;32;0;2;0;0;0
202100008379;186 753;7;0;2;3;1;1
202100008379;186 754;1;0;2;1;1;5
202100008380;186 751;7;0;2;3;1;0
202100008380;186 752;7;0;2;0;0;0
202100008381;186 749;7;0;2;3;1;1
202100008381;186 750;2;0;2;1;1;1
202100008382;186 748;1;0;0;0;1;5
202100008383;186 747;1;1;0;2;14;5
202100008384;186 745;7;0;0;1;1;1
202100008384;186 746;7;0;2;1;1;1
202100008385;186 743;7;0;2;7;15;0
202100008385;186 744;7;0;2;1;1;1
202100008386;186 741;10;0;9;3;11;1
202100008386;186 742;1;0;2;6;1;5
202100008387;186 740;7;4;0;3;11;1
202100008388;186 736;7;0;9;0;1;1
202100008388;186 737;7;0;2;1;1;1
202100008388;186 738;7;0;2;8;1;1
202100008388;186 739;7;0;2;1;17;1
202100008389;186 735;2;11;0;9;0;1
202100008390;186 734;7;3;0;0;1;1
202100008391;186 733;7;0;0;9;1;1
202100008392;186 731;7;0;2;1;2;2
202100008392;186 732;2;0;2;4;1;1
202100008393;186 730;7;8;0;9;1;6
202100008394;186 729;1;0;0;9;1;5
202100008395;186 728;7;2;0;9;13;1
202100008396;186 722;7;0;2;3;15;1
202100008396;186 723;2;0;2;1;2;1
202100008397;186 721;7;8;0;1;1;1
202100008398;186 719;7;0;2;6;1;1
202100008398;186 720;2;0;2;1;1;1
202100008399;186 718;7;16;0;3;1;1
202100008400;186 717;7;2;0;1;13;1
202100008401;186 715;7;0;2;2;1;1
202100008401;186 716;7;0;2;3;1;1
202100008402;186 714;7;2;0;1;0;1
202100008403;186 713;33;3;0;8;12;1
202100008404;186 711;7;0;2;2;2;1
202100008404;186 712;30;0;0;6;1;1
202100008405;186 709;17;0;2;3;1;1
202100008405;186 710;7;10;2;3;13;1
202100008406;186 707;7;0;0;4;2;1
202100008406;186 708;7;0;2;1;2;1
202100008407;186 705;33;14;2;1;1;1
202100008407;186 706;7;0;2;2;15;1
202100008408;186 704;7;8;0;9;13;1
202100008409;186 702;7;0;0;3;1;1
202100008409;186 703;7;13;0;2;1;1
202100008410;186 701;7;2;0;3;1;1
202100008411;186 700;7;15;0;2;1;1
202100008412;186 698;33;0;2;1;1;1
202100008412;186 699;10;0;2;7;15;1