Num_Acc;id_vehicule;catv;obs;obsm;choc;manv;motor
202100008413;186 697;7;0;1;1;1;1
202100008414;186 696;7;0;1;2;20;1
202100008415;186 694;17;0;0;1;21;1
202100008415;186 695;7;0;0;8;0;1
202100008416;186 693;7;6;0;1;14;1
202100008417;186 691;7;0;2;1;1;1
202100008417;186 692;7;0;2;7;15;1
202100008418;186 690;7;15;1;1;0;1
202100008419;186 689;10;0;1;6;4;1
202100008420;186 688;7;13;0;1;1;1
202100008421;186 687;7;13;0;9;1;1
202100008422;186 685;7;0;2;3;16;1
202100008422;186 686;7;0;2;3;16;1
202100008423;186 684;2;0;0;0;2;1
202100008424;186 683;7;0;1;1;11;1
202100008425;186 682;7;0;0;1;1;1
202100008426;186 681;10;15;0;1;1;1
202100008427;186 679;1;0;2;1;1;5
202100008427;186 680;7;0;2;3;1;1
202100008428;186 677;7;0;2;7;14;1
202100008428;186 678;7;0;2;3;1;1
202100008429;186 675;7;0;2;7;12;1
202100008429;186 676;33;0;2;8;0;1
202100008430;186 668;7;0;2;4;23;1
202100008430;186 669;7;0;2;4;23;1
202100008430;186 670;10;0;2;1;12;1
202100008430;186 671;7;0;2;4;23;1
202100008430;186 672;10;0;2;4;23;1
202100008430;186 673;7;0;2;4;23;1
202100008430;186 674;7;0;2;4;23;2
202100008431;186 667;7;2;0;1;1;2
202100008432;186 665;13;0;2;2;1;1
202100008432;186 666;7;0;2;8;2;1
202100008433;186 664;10;0;1;1;1;1
202100008434;186 663;7;0;1;2;1;1
202100008435;186 661;33;0;2;7;1;1
202100008435;186 662;7;0;2;8;13;1
202100008436;186 659;7;0;2;1;15;1
202100008436;186 660;31;0;2;7;1;1
202100008437;186 657;2;0;2;4;23;6
202100008437;186 658;10;0;2;2;2;0
202100008438;186 655;7;0;2;3;1;1
202100008438;186 656;7;0;2;2;15;0
202100008439;186 651;0;5;2;0;0;0
202100008439;186 652;7;0;2;2;1;1
202100008439;186 653;7;0;2;9;0;1
202100008439;186 654;7;0;2;4;0;1
202100008440;186 650;7;0;1;2;1;1
202100008441;186 649;34;0;1;8;26;1
202100008442;186 647;7;0;2;1;1;1
202100008442;186 648;7;0;2;4;1;1
202100008443;186 646;7;4;0;2;26;1
202100008444;186 644;7;0;2;7;10;1
202100008444;186 645;7;0;2;1;1;1
202100008445;186 643;10;0;1;4;20;1
202100008446;186 642;7;0;1;1;1;1
202100008447;186 640;7;1;2;1;1;1
202100008447;186 641;7;0;2;8;1;1
202100008448;186 638;7;0;2;1;1;2
202100008448;186 639;7;0;2;6;1;1
202100008449;186 636;7;0;2;3;9;1
202100008449;186 637;1;0;2;7;1;0
202100008450;186 634;10;0;2;1;2;1
202100008450;186 635;7;0;2;4;1;1
202100008451;186 632;7;0;2;1;1;0
202100008451;186 633;10;0;2;4;23;0
202100008452;186 631;39;0;1;1;26;3
202100008453;186 629;2;15;0;1;1;1
202100008454;186 627;1;0;2;4;9;6
202100008454;186 628;7;0;2;1;1;1
202100008455;186 625;7;0;2;3;13;1
202100008455;186 626;80;0;2;1;1;3
202100008456;186 623;7;0;2;0;0;0
202100008456;186 624;1;0;2;0;26;5
202100008457;186 621;50;0;2;1;19;3
202100008457;186 622;7;0;2;1;5;1
202100008458;186 620;2;1;0;0;14;1
202100008459;186 618;7;0;2;8;8;1
202100008459;186 619;37;0;2;0;1;3
202100008460;186 616;7;0;2;4;20;1
202100008460;186 617;7;0;2;1;1;1
202100008461;186 614;1;0;2;1;2;5
202100008461;186 615;7;0;2;1;15;1
202100008462;186 613;7;0;2;1;13;0
202100008463;186 611;2;0;2;0;0;1
202100008463;186 612;7;0;2;0;0;1
202100008464;186 609;7;0;9;1;1;1
202100008464;186 610;1;0;2;1;1;5
202100008465;186 607;7;0;2;1;2;1
202100008465;186 608;7;0;2;4;2;1
202100008466;186 605;1;0;2;8;1;5
202100008466;186 606;7;0;9;7;17;1
202100008467;186 603;2;0;2;7;1;1
202100008467;186 604;7;0;2;6;10;1
202100008468;186 601;30;0;2;2;17;1
202100008468;186 602;7;0;2;8;1;1
202100008469;186 599;7;0;2;7;1;0
202100008469;186 600;1;0;2;8;1;5
202100008470;186 597;7;0;2;3;9;1
202100008470;186 598;7;0;2;2;1;1
202100008471;186 595;30;0;2;1;1;1
202100008471;186 596;7;0;2;2;15;1
202100008472;186 594;1;12;0;0;13;5
202100008473;186 592;10;11;2;1;2;1
202100008473;186 593;7;11;2;3;15;1
202100008474;186 590;7;0;2;1;1;1
202100008474;186 591;7;0;2;4;1;1
202100008475;186 588;31;0;2;0;1;1
202100008475;186 589;7;0;2;0;9;1
202100008476;186 586;50;0;2;1;1;3
202100008476;186 587;7;1;0;1;1;1
202100008477;186 584;7;0;2;1;1;1
202100008477;186 585;1;0;2;8;19;5
202100008478;186 582;7;0;2;4;20;1
202100008478;186 583;7;1;2;1;1;1
202100008479;186 580;7;14;2;1;1;1
202100008479;186 581;1;0;2;8;19;5
202100008480;186 578;7;0;2;2;20;1
202100008480;186 579;30;0;2;1;18;1
202100008481;186 576;99;0;2;2;0;1
202100008481;186 577;7;0;2;3;15;1
202100008482;186 574;7;0;2;3;17;1
202100008482;186 575;80;0;2;1;0;3
202100008483;186 572;7;0;2;1;9;1
202100008483;186 573;2;0;2;1;1;1
202100008484;186 570;7;0;2;3;1;1
202100008484;186 571;7;0;2;3;9;1
202100008485;186 568;30;0;2;4;1;1
202100008485;186 569;7;0;2;2;1;1
202100008486;186 566;7;0;2;1;1;1
202100008486;186 567;7;0;0;4;15;1
202100008487;186 564;2;0;2;1;9;1
202100008487;186 565;7;0;2;4;1;1
202100008488;186 557;7;0;2;9;17;1
202100008488;186 558;7;0;2;8;17;1
202100008489;186 556;7;0;1;2;1;0
202100008490;186 554;1;0;2;3;1;5
202100008490;186 555;7;0;2;2;15;1
202100008491;186 553;7;0;1;3;1;1
202100008492;186 551;7;1;0;1;2;1
202100008492;186 552;7;9;2;4;24;0
202100008493;186 550;10;8;0;1;1;1
202100008494;186 548;10;0;2;1;1;1
202100008494;186 549;7;0;2;1;1;1
202100008495;186 547;7;0;1;3;1;1
202100008496;186 545;7;0;2;1;1;1
202100008496;186 546;30;0;2;4;23;1
202100008497;186 544;34;0;1;1;2;1
202100008498;186 543;7;0;1;1;9;1
202100008499;186 541;7;0;1;2;5;1
202100008499;186 542;7;0;2;2;1;2
202100008500;186 540;7;0;1;1;16;1
202100008501;186 539;1;12;0;0;14;5
202100008502;186 537;7;0;2;1;1;2
202100008502;186 538;1;0;2;7;1;5
202100008503;186 535;50;0;2;1;1;3
202100008503;186 536;7;0;2;2;15;0
202100008504;186 533;30;0;2;1;7;1
202100008504;186 534;7;0;2;5;22;1
202100008505;186 532;7;1;0;2;14;3
202100008506;186 531;33;11;0;3;1;1
202100008507;186 529;2;0;2;2;14;1
202100008507;186 530;7;0;2;3;1;1
202100008508;186 527;7;0;0;4;23;1
202100008508;186 528;7;0;2;1;2;1
202100008509;186 525;7;0;2;1;2;1
202100008509;186 526;50;0;2;4;2;3
202100008510;186 523;7;0;2;1;2;1
202100008510;186 524;7;0;2;4;2;1
202100008511;186 521;7;0;2;3;26;1
202100008511;186 522;7;1;0;0;0;1
202100008512;186 519;7;0;0;4;2;2
202100008512;186 520;7;1;2;1;2;1
202100008513;186 517;7;0;2;2;9;1
202100008513;186 518;10;0;2;7;1;1
202100008514;186 515;33;0;2;4;23;1
202100008514;186 516;33;0;2;1;26;1
202100008515;186 512;7;0;2;2;1;1
202100008515;186 513;7;0;2;1;1;2
202100008515;186 514;7;0;2;5;1;1
202100008516;186 510;33;0;2;1;2;1
202100008516;186 511;7;0;2;4;1;3
202100008517;186 509;10;0;1;3;20;0
202100008518;186 507;7;0;2;8;13;1
202100008518;186 508;7;0;2;8;13;1
202100008519;186 506;7;0;1;1;1;1
202100008520;186 504;7;0;0;4;23;1
202100008520;186 505;99;0;2;1;1;6
202100008521;186 503;7;6;0;2;1;1
202100008522;186 501;7;0;2;2;1;1
202100008522;186 502;7;0;2;1;1;1
202100008523;186 499;10;0;2;2;2;1
202100008523;186 500;7;0;0;4;23;1
202100008524;186 497;31;0;2;1;17;1
202100008524;186 498;7;0;9;3;1;1
202100008525;186 492;7;0;2;1;13;1
202100008525;186 493;15;0;2;3;1;1
202100008526;186 491;7;2;0;2;1;1
202100008527;186 490;15;0;0;0;1;1
202100008528;186 489;7;2;0;1;1;1
202100008529;186 488;10;7;0;0;1;1
202100008530;186 487;7;0;1;1;1;1
202100008531;186 486;21;0;0;9;1;1
202100008532;186 484;7;0;2;1;1;1
202100008532;186 485;10;0;2;2;13;1
202100008533;186 483;7;2;0;2;1;1
202100008534;186 481;14;0;2;1;1;1
202100008534;186 482;7;0;2;8;10;1
202100008535;186 480;7;10;0;3;19;1
202100008536;186 478;10;0;2;1;1;0
202100008536;186 479;7;0;2;7;19;0
202100008537;186 476;7;0;1;0;0;1
202100008537;186 477;2;0;1;1;1;1
202100008538;186 474;80;0;2;5;1;3
202100008538;186 475;7;0;2;3;2;1
202100008539;186 472;10;0;2;1;1;1
202100008539;186 473;7;0;2;5;13;1
202100008540;186 471;7;6;0;1;6;1
202100008541;186 470;7;1;0;2;26;1
202100008542;186 469;7;0;1;0;1;1
202100008543;186 468;10;0;1;2;1;1
202100008544;186 465;7;0;2;3;1;1
202100008544;186 466;10;0;2;1;1;1
202100008544;186 467;10;0;2;3;13;1
202100008545;186 463;7;0;2;2;13;1
202100008545;186 464;10;0;2;1;1;1
202100008546;186 461;7;0;2;2;5;1
202100008546;186 462;7;0;2;7;1;1
202100008547;186 459;10;0;2;3;13;1
202100008547;186 460;7;6;2;3;1;1
202100008548;186 457;7;1;0;2;17;1
202100008548;186 458;15;0;2;6;24;1
202100008549;186 454;7;0;0;4;26;1
202100008549;186 455;7;0;2;1;1;1
202100008549;186 456;10;1;0;2;21;1
202100008550;186 453;36;8;0;1;1;1
202100008551;186 450;7;0;1;5;21;1
202100008552;186 448;10;0;2;1;1;1
202100008552;186 449;7;0;2;1;5;1
202100008553;186 446;7;0;2;1;1;1
202100008553;186 447;7;0;2;1;5;1
202100008554;186 444;7;13;0;4;2;1
202100008554;186 445;7;0;2;1;2;1
202100008555;186 443;7;2;0;1;14;1
202100008556;186 442;31;0;0;7;1;1
202100008557;186 440;33;0;2;1;2;1
202100008557;186 441;7;0;2;1;15;1
202100008558;186 438;7;0;2;6;4;1
202100008558;186 439;2;0;0;1;1;1
202100008559;186 436;7;0;2;3;1;1
202100008559;186 437;31;0;2;1;16;1
202100008560;186 434;7;0;2;2;5;1
202100008560;186 435;7;15;2;1;1;1
202100008561;186 432;7;3;2;1;1;1
202100008561;186 433;7;0;2;1;13;1
202100008562;186 430;7;0;2;8;15;1
202100008562;186 431;2;3;2;8;19;1
202100008563;186 428;31;0;2;1;19;1
202100008563;186 429;7;0;2;7;1;1
202100008564;186 427;7;2;0;0;0;1
202100008565;186 426;33;3;0;1;2;1
202100008566;186 424;7;1;0;1;1;1
202100008566;186 425;7;0;2;2;24;1
202100008567;186 423;33;2;0;1;0;1
202100008568;186 421;7;0;2;1;1;0
202100008568;186 422;7;0;2;2;15;1
202100008569;186 419;2;0;2;1;1;1
202100008569;186 420;7;0;2;3;1;1
202100008570;186 417;1;0;2;4;15;5
202100008570;186 418;7;0;2;1;15;1
202100008571;186 416;33;15;0;0;1;1
202100008572;186 415;7;0;0;9;2;1
202100008573;186 414;7;12;0;1;0;1
202100008574;186 411;15;0;2;2;14;1
202100008574;186 412;7;0;2;6;11;1
202100008575;186 409;7;0;2;6;1;1
202100008575;186 410;7;0;2;1;2;1
202100008576;186 407;7;0;2;2;26;1
202100008576;186 408;7;0;2;6;23;1
202100008577;186 404;7;0;2;6;1;1
202100008577;186 405;7;0;2;2;1;1
202100008577;186 406;10;0;2;8;1;1
202100008578;186 403;7;3;0;1;17;1
202100008579;186 402;7;4;0;1;16;1
202100008580;186 399;33;0;2;0;0;1
202100008580;186 400;33;0;2;5;1;1
202100008580;186 401;33;0;2;3;3;0
202100008581;186 395;7;14;0;4;2;2
202100008581;186 396;7;0;2;4;1;1
202100008581;186 397;7;0;2;4;2;1
202100008581;186 398;7;0;2;1;1;1
202100008582;186 393;7;0;2;1;17;1
202100008582;186 394;7;0;2;4;2;1
202100008583;186 392;7;13;0;1;17;1
202100008584;186 388;7;0;2;4;2;1
202100008584;186 389;7;0;2;4;2;1
202100008584;186 390;7;0;2;4;2;1
202100008584;186 391;7;0;2;1;1;1
202100008585;186 386;10;0;2;4;1;1
202100008585;186 387;7;0;2;1;2;1
202100008586;186 384;10;0;2;8;1;1
202100008586;186 385;33;0;2;3;3;1
202100008587;186 382;10;0;2;7;1;1
202100008587;186 383;33;0;2;8;3;1
202100008588;186 379;33;0;2;3;3;1
202100008588;186 380;7;0;2;5;1;1
202100008588;186 381;7;0;2;3;1;1
202100008589;186 377;10;0;2;7;12;1
202100008589;186 378;43;0;2;3;3;1
202100008590;186 375;32;0;2;1;1;1
202100008590;186 376;7;0;2;5;11;1
202100008591;186 374;32;0;0;7;3;1
202100008592;186 373;33;12;0;3;13;1
202100008593;186 371;7;0;1;4;23;1
202100008593;186 372;7;0;2;1;1;1
202100008594;186 370;33;0;1;1;1;1
202100008595;186 369;7;0;1;1;15;1
202100008596;186 368;33;12;0;3;13;1
202100008597;186 367;1;0;0;1;1;5
202100008598;186 365;7;0;2;7;15;1
202100008598;186 366;50;0;2;1;19;3
202100008599;186 364;1;0;1;1;25;5
202100008600;186 363;43;0;1;2;17;1
202100008601;186 362;30;0;2;8;21;1
202100008602;186 361;7;0;1;3;1;1
202100008603;186 359;7;0;2;3;13;1
202100008603;186 360;2;0;2;7;17;1
202100008604;186 358;43;9;0;2;1;1
202100008605;186 356;1;0;2;5;19;5
202100008605;186 357;32;0;2;1;1;0
202100008606;186 355;2;0;0;7;1;1
202100008607;186 353;7;0;2;3;1;1
202100008607;186 354;50;0;2;1;5;3
202100008608;186 352;10;0;1;2;16;1
202100008609;186 350;50;8;2;1;1;3
202100008609;186 351;7;14;2;2;2;1
202100008610;186 349;37;0;1;7;16;1
202100008611;186 347;7;0;0;0;0;1
202100008611;186 348;1;0;2;0;0;5
202100008612;186 345;34;0;2;1;1;1
202100008612;186 346;7;0;2;3;10;1
202100008613;186 344;7;0;1;3;26;1
202100008614;186 342;7;0;2;3;9;1
202100008614;186 343;32;0;2;1;5;1
202100008615;186 341;3;0;1;2;9;0
202100008616;186 339;7;0;2;3;19;1
202100008616;186 340;7;0;2;1;19;1
202100008617;186 337;2;4;0;3;7;1
202100008617;186 338;15;4;0;2;1;1
202100008618;186 335;7;0;9;3;0;1
202100008618;186 336;30;1;2;1;9;1
202100008619;186 334;33;0;0;8;1;1
202100008620;186 333;7;0;1;3;1;0
202100008621;186 332;7;0;1;1;15;1
202100008622;186 329;7;0;2;3;1;1
202100008622;186 330;7;0;2;7;15;1
202100008622;186 331;32;0;2;2;21;1
202100008623;186 327;7;0;2;4;1;1
202100008623;186 328;1;0;2;4;1;5
202100008624;186 326;7;0;1;3;1;1
202100008625;186 325;50;0;0;0;0;3
202100008626;186 321;7;0;2;3;13;1
202100008626;186 322;7;0;2;3;23;1
202100008626;186 323;7;0;2;6;23;2
202100008626;186 324;7;0;2;1;23;1
202100008627;186 319;50;0;2;3;1;3
202100008627;186 320;7;0;2;1;11;0
202100008628;186 317;7;0;2;7;17;1
202100008628;186 318;2;0;2;1;26;0
202100008629;186 315;7;0;2;3;1;1
202100008629;186 316;3;0;2;3;13;1
202100008630;186 314;21;0;0;0;0;1
202100008631;186 313;1;0;0;0;1;6
202100008632;186 311;33;0;2;5;17;1
202100008632;186 312;7;0;2;3;1;1
202100008633;186 310;7;2;0;1;13;1
202100008634;186 308;14;0;2;8;1;1
202100008634;186 309;7;0;2;1;15;0
202100008635;186 307;7;13;0;2;1;0
202100008636;186 306;7;0;1;6;4;1
202100008637;186 305;10;0;1;1;1;1
202100008638;186 304;7;13;0;3;13;1
202100008639;186 302;7;0;0;8;15;1
202100008639;186 303;7;0;2;1;1;1
202100008640;186 301;33;0;0;1;1;1
202100008641;186 299;7;0;2;1;1;1
202100008641;186 300;21;0;0;4;1;1
202100008642;186 298;7;13;0;9;1;1
202100008643;186 296;7;0;2;1;1;1
202100008643;186 297;21;0;2;1;1;1
202100008644;186 294;7;0;0;1;1;1
202100008644;186 295;7;0;0;2;5;1
202100008645;186 293;7;13;0;9;17;1
202100008646;186 292;7;2;0;0;0;1
202100008647;186 290;7;0;2;3;0;1
202100008647;186 291;7;0;2;3;0;1
202100008648;186 288;7;0;2;2;15;1
202100008648;186 289;15;0;2;1;1;1
202100008649;186 286;10;0;2;1;13;1
202100008649;186 287;7;0;2;1;21;1
202100008650;186 285;7;0;0;9;12;1
202100008651;186 283;7;3;2;8;17;1
202100008651;186 284;7;3;2;1;21;1
202100008652;186 282;7;0;0;0;0;1
202100008653;186 278;7;0;0;4;1;1
202100008653;186 279;10;0;2;4;1;1
202100008653;186 280;7;0;2;1;1;1
202100008653;186 281;7;0;2;1;1;1
202100008654;186 276;7;0;2;1;1;1
202100008654;186 277;7;0;2;1;13;1
202100008655;186 274;7;0;2;3;5;1
202100008655;186 275;2;0;2;1;1;1
202100008656;186 272;2;0;2;3;1;1
202100008656;186 273;7;0;2;3;15;1
202100008657;186 270;7;0;2;2;21;1
202100008657;186 271;10;0;2;2;1;1
202100008658;186 267;7;0;2;1;9;0
202100008658;186 268;7;0;2;7;1;1
202100008659;186 265;7;0;2;3;1;1
202100008659;186 266;3;0;2;1;13;0
202100008660;186 264;7;0;0;1;1;1
202100008661;186 262;33;0;2;1;1;1
202100008661;186 263;7;0;2;7;15;2
202100008662;186 260;7;3;2;4;2;2
202100008662;186 261;7;3;2;1;2;1
202100008663;186 255;7;0;2;1;2;1
202100008663;186 256;7;0;2;4;1;1
202100008663;186 257;7;0;2;4;1;1
202100008663;186 258;7;0;2;4;1;1
202100008663;186 259;7;0;2;4;1;1
202100008664;186 254;7;13;0;2;2;1
202100008665;186 252;7;0;2;4;2;1
202100008665;186 253;7;0;2;1;2;1
202100008666;186 251;10;0;2;8;12;1
202100008667;186 248;10;0;2;1;1;1
202100008667;186 249;7;0;2;4;1;1
202100008667;186 250;7;0;2;4;1;1
202100008668;186 246;33;0;2;2;1;1
202100008668;186 247;7;0;2;6;11;1
202100008669;186 243;7;0;2;4;1;1
202100008669;186 244;14;0;2;1;2;1
202100008669;186 245;7;0;2;4;2;1
202100008670;186 241;33;0;2;7;3;1
202100008670;186 242;7;0;2;8;11;2
202100008671;186 239;7;0;2;3;1;1
202100008671;186 240;2;0;2;3;13;1
202100008672;186 237;7;0;2;2;21;1
202100008672;186 238;7;0;2;2;11;1
202100008673;186 236;31;0;1;1;1;1
202100008674;186 234;0;0;2;0;21;0
202100008674;186 235;33;0;2;0;21;1
202100008675;186 232;7;0;9;6;10;1
202100008675;186 233;34;0;2;1;3;1
202100008676;186 230;2;0;2;3;9;1
202100008676;186 231;15;0;2;5;9;1
202100008677;186 228;7;0;2;3;10;1
202100008677;186 229;31;0;2;7;2;1
202100008678;186 226;33;0;2;1;18;1
202100008678;186 227;7;0;2;7;16;1
202100008679;186 225;34;0;1;1;26;-1
202100008680;186 223;37;0;2;2;16;1
202100008680;186 224;1;0;2;3;1;5
202100008681;186 221;7;0;2;1;1;1
202100008681;186 222;7;8;2;1;5;1
202100008682;186 218;32;1;2;1;3;1
202100008682;186 219;7;0;2;6;24;1
202100008682;186 220;10;0;2;5;1;1
202100008683;186 217;10;0;1;3;1;1
202100008684;186 214;37;0;2;4;23;1
202100008684;186 215;7;0;2;4;23;1
202100008684;186 216;7;0;2;1;1;1
202100008685;186 212;7;0;2;3;1;2
202100008685;186 213;7;0;2;2;12;1
202100008686;186 210;32;0;2;1;1;1
202100008686;186 211;3;0;2;3;15;1
202100008687;186 208;7;0;2;1;5;1
202100008687;186 209;43;0;2;1;1;1
202100008688;186 205;7;0;2;4;2;0
202100008688;186 206;30;0;2;1;0;1
202100008688;186 207;33;0;2;7;26;1
202100008689;186 203;7;0;2;2;15;1
202100008689;186 204;1;0;2;1;1;5
202100008690;186 201;33;0;2;8;1;1
202100008690;186 202;7;0;2;2;14;1
202100008691;186 200;7;12;0;7;14;1
202100008692;186 198;7;3;2;1;5;1
202100008692;186 199;7;0;2;1;1;1
202100008693;186 197;7;0;1;3;20;1
202100008694;186 195;7;0;2;1;2;1
202100008694;186 196;10;0;2;4;2;1
202100008695;186 193;7;0;2;3;9;1
202100008695;186 194;50;0;2;0;0;3
202100008696;186 192;7;1;0;3;14;1
202100008697;186 191;7;0;1;1;26;1
202100008698;186 190;7;3;0;2;1;1
202100008699;186 189;39;0;1;1;1;3
202100008700;186 187;30;0;2;1;0;1
202100008700;186 188;30;0;2;3;0;1
202100008701;186 184;7;9;0;1;1;1
202100008702;186 182;50;0;2;1;15;3
202100008702;186 183;14;0;2;3;15;1
202100008703;186 180;7;0;2;2;1;1
202100008703;186 181;7;0;2;5;15;0
202100008704;186 179;1;0;1;3;1;5
202100008705;186 177;31;0;2;0;17;1
202100008705;186 178;7;0;2;3;15;1
202100008706;186 174;7;0;2;1;15;1
202100008706;186 175;7;0;2;3;1;1
202100008706;186 176;2;0;2;1;1;1
202100008707;186 172;10;0;2;1;1;1
202100008707;186 173;7;0;2;4;1;1
202100008708;186 169;7;0;2;4;15;1
202100008708;186 170;31;0;2;1;1;1
202100008709;186 167;7;0;2;1;1;1
202100008709;186 168;33;0;2;1;13;1
202100008710;186 165;32;0;2;1;1;1
202100008710;186 166;7;0;2;1;9;1
202100008711;186 163;7;0;2;1;1;1
202100008711;186 164;7;0;2;2;9;1
202100008712;186 161;31;0;2;1;17;1
202100008712;186 162;7;0;2;8;15;1
202100008713;186 159;7;0;2;1;2;1
202100008713;186 160;1;0;2;1;1;-1
202100008714;186 158;50;0;2;0;2;3
202100008715;186 156;33;0;2;1;26;1
202100008715;186 157;7;0;2;8;19;1
202100008716;186 153;7;0;2;4;1;1
202100008716;186 154;7;0;2;1;1;1
202100008716;186 155;7;0;2;1;1;1
202100008717;186 151;7;0;2;1;1;1
202100008717;186 152;50;0;2;8;0;3
202100008718;186 150;7;0;1;2;1;1
202100008719;186 148;7;0;2;1;1;1
202100008719;186 149;1;0;2;4;1;5
202100008720;186 146;2;15;2;8;1;1
202100008720;186 147;7;0;2;1;15;1
202100008721;186 144;7;0;2;1;1;1
202100008721;186 145;1;0;2;3;26;5
202100008722;186 143;33;0;0;0;1;1
202100008723;186 142;1;0;2;1;19;5
202100008724;186 140;7;0;2;7;15;1
202100008724;186 141;33;0;2;1;1;1
202100008725;186 136;7;0;2;4;2;1
202100008725;186 137;7;0;2;4;2;1
202100008725;186 138;7;0;2;1;2;1
202100008725;186 139;7;0;2;1;2;1
202100008726;186 134;7;0;2;2;23;1
202100008726;186 135;80;14;0;0;1;3
202100008727;186 133;7;0;1;1;16;1
202100008728;186 132;7;0;1;1;1;1
202100008729;186 130;7;15;2;1;15;1
202100008729;186 131;7;0;2;1;1;1
202100008730;186 129;7;6;0;1;14;1
202100008731;186 127;33;0;2;8;1;1
202100008731;186 128;7;0;2;2;15;1
202100008732;186 126;7;0;1;1;9;1
202100008733;186 124;32;1;2;3;9;1
202100008733;186 125;7;0;2;4;24;1
202100008734;186 122;1;0;2;1;1;5
202100008734;186 123;21;0;9;7;15;1
202100008735;186 120;7;0;2;3;1;1
202100008735;186 121;10;0;2;3;5;1
202100008736;186 118;7;0;2;3;15;1
202100008736;186 119;32;0;2;8;1;1
202100008737;186 116;99;0;2;3;10;1
202100008737;186 117;31;0;2;3;1;1
202100008738;186 115;7;0;1;1;2;1
202100008739;186 114;7;0;1;1;1;1
202100008740;186 112;7;0;2;1;16;1
202100008740;186 113;1;0;2;1;5;0
202100008741;186 110;31;0;2;0;1;1
202100008741;186 111;10;0;2;3;15;0
202100008742;186 108;2;0;2;3;11;1
202100008742;186 109;7;0;2;7;1;1
202100008743;186 106;7;0;2;8;1;1
202100008743;186 107;33;0;2;2;3;1
202100008744;186 105;33;4;0;7;3;1
202100008745;186 103;7;0;2;2;15;1
202100008745;186 104;30;0;2;1;1;1
202100008746;186 101;7;0;2;8;22;1
202100008746;186 102;50;0;2;7;1;3
202100008747;186 099;32;0;2;2;1;1
202100008747;186 100;30;0;2;8;7;1
202100008748;186 098;7;0;1;1;1;1
202100008749;186 096;1;0;2;4;15;5
202100008749;186 097;32;0;2;1;14;1
202100008750;186 095;43;0;2;8;21;1
202100008751;186 093;30;0;2;0;1;0
202100008751;186 094;50;0;2;7;19;3
202100008752;186 091;50;0;2;8;19;3
202100008752;186 092;33;0;2;1;8;1
202100008753;186 090;7;0;1;1;16;1
202100008754;186 089;7;0;1;1;1;1
202100008755;186 088;30;0;0;0;1;3
202100008756;186 086;10;0;2;6;1;1
202100008756;186 087;32;0;2;6;11;1
202100008757;186 084;7;0;2;0;17;0
202100008757;186 085;1;0;2;8;13;5
202100008758;186 083;1;0;1;5;1;5
202100008759;186 081;80;0;2;1;1;3
202100008759;186 082;50;0;2;1;5;3
202100008760;186 079;33;0;2;1;16;1
202100008760;186 080;7;0;2;7;14;1
202100008761;186 077;1;0;2;7;5;5
202100008761;186 078;7;0;2;3;15;2
202100008762;186 075;7;0;2;2;9;1
202100008762;186 076;7;0;2;1;1;1
202100008763;186 073;43;0;9;3;18;1
202100008763;186 074;13;0;9;2;0;1
202100008764;186 071;43;0;2;1;19;1
202100008764;186 072;7;0;2;3;15;1
202100008765;186 070;7;0;2;8;1;1
202100008766;186 069;50;15;0;1;25;3
202100008767;186 067;7;0;2;2;15;1
202100008767;186 068;34;0;2;1;1;1
202100008768;186 065;13;0;2;4;1;0
202100008768;186 066;7;0;2;1;1;1
202100008769;186 064;7;6;0;1;2;1
202100008770;186 063;30;1;0;8;1;1
202100008771;186 062;20;6;0;1;1;1
202100008772;186 060;40;0;2;1;26;3
202100008772;186 061;60;0;-1;4;26;5
202100008773;186 058;99;0;2;1;2;0
202100008773;186 059;37;0;2;4;1;1
202100008774;186 056;7;0;2;0;0;0
202100008774;186 057;33;0;2;1;17;0
202100008775;186 055;7;0;1;2;1;1
202100008776;186 054;32;1;0;7;21;1
202100008777;186 053;7;9;1;3;26;1
202100008778;186 052;7;0;1;2;15;2
202100008779;186 051;7;0;1;1;15;1
202100008780;186 050;7;0;1;1;1;3
202100008781;186 049;7;0;1;6;4;2
202100008782;186 048;30;0;0;0;1;1
202100008783;186 046;7;0;0;8;15;1
202100008783;186 047;31;0;2;2;17;1
202100008784;186 044;7;0;2;3;15;1
202100008784;186 045;2;0;2;1;1;1
202100008785;186 042;33;0;0;0;21;1
202100008785;186 043;7;0;0;0;5;1
202100008786;186 039;7;0;2;1;5;0
202100008786;186 040;7;0;2;1;1;0
202100008786;186 041;38;0;2;8;1;1
202100008787;186 038;7;13;0;1;16;1
202100008788;186 036;2;0;2;1;1;1
202100008788;186 037;7;0;2;3;5;1
202100008789;186 035;33;0;1;2;1;1
202100008790;186 034;7;13;0;2;1;1
202100008791;186 033;7;6;2;2;1;1
202100008792;186 031;21;0;2;3;13;1
202100008792;186 032;7;0;2;1;1;1
202100008793;186 030;7;6;0;1;1;1
202100008794;186 029;7;2;0;1;1;0
202100008795;186 027;3;0;2;1;1;1
202100008795;186 028;7;0;2;1;13;1
202100008796;186 026;2;9;0;1;1;1
202100008797;186 024;7;0;0;1;1;1
202100008797;186 025;14;0;0;7;16;1
202100008798;186 023;2;0;1;1;1;1
202100008799;186 020;7;0;2;1;1;1
202100008799;186 021;15;0;2;8;1;1
202100008799;186 022;33;0;2;8;13;1
202100008800;186 017;7;4;0;3;0;1
202100008801;186 013;7;6;0;2;1;1
202100008802;186 010;7;0;0;5;15;1
202100008802;186 011;32;0;2;1;17;1
202100008803;186 009;7;0;1;8;1;1
202100008804;186 008;7;1;0;3;13;1
202100008805;186 006;7;0;2;1;15;1
202100008805;186 007;33;0;2;1;2;1
202100008806;186 004;7;0;2;1;1;1
202100008806;186 005;7;0;2;7;19;1
202100008807;186 003;10;0;1;2;1;1