Num_Acc;id_vehicule;catv;obs;obsm;choc;manv;motor
202100009571;184 600;0;0;2;7;1;0
202100009572;184 597;7;0;2;5;15;1
202100009572;184 598;7;0;2;2;1;1
202100009573;184 595;7;0;2;3;15;1
202100009573;184 596;32;0;2;0;0;1
202100009574;184 592;10;0;2;4;1;1
202100009574;184 593;7;0;2;1;2;1
202100009574;184 594;7;0;2;4;2;1
202100009575;184 591;34;0;1;1;17;1
202100009576;184 589;34;0;2;2;1;1
202100009576;184 590;7;0;2;2;15;1
202100009577;184 587;99;0;2;1;1;3
202100009577;184 588;7;0;2;3;1;1
202100009578;184 585;7;15;2;1;1;1
202100009578;184 586;7;0;2;4;1;1
202100009579;184 583;31;0;2;1;9;1
202100009579;184 584;7;0;2;7;1;1
202100009580;184 581;10;0;9;3;9;1
202100009580;184 582;50;0;2;1;1;3
202100009581;184 580;7;0;1;1;9;1
202100009582;184 579;2;0;0;0;1;1
202100009583;184 578;7;0;1;3;26;1
202100009584;184 576;3;0;2;1;15;1
202100009584;184 577;50;0;2;7;19;3
202100009585;184 573;10;1;0;2;9;1
202100009585;184 574;7;0;2;2;1;1
202100009585;184 575;10;0;2;8;22;1
202100009586;184 571;2;0;2;2;1;3
202100009586;184 572;7;0;2;3;15;1
202100009587;184 569;2;0;2;1;1;1
202100009587;184 570;7;0;2;8;9;1
202100009588;184 568;30;0;9;1;1;1
202100009589;184 566;7;0;2;8;22;1
202100009589;184 567;1;1;0;1;1;5
202100009590;184 565;7;0;1;2;1;1
202100009591;184 563;7;0;2;2;15;1
202100009591;184 564;33;0;2;1;17;1
202100009592;184 560;7;0;1;3;1;1
202100009593;184 559;37;0;1;1;1;1
202100009594;184 557;7;0;2;3;9;1
202100009594;184 558;50;0;0;0;0;3
202100009595;184 555;7;0;2;3;13;1
202100009595;184 556;10;0;2;3;0;1
202100009596;184 553;7;0;2;4;1;1
202100009596;184 554;13;0;2;1;1;0
202100009597;184 552;3;4;0;3;26;1
202100009598;184 551;43;0;0;8;0;1
202100009599;184 549;7;0;2;0;1;1
202100009599;184 550;7;0;2;2;1;1
202100009600;184 548;7;15;0;1;14;1
202100009601;184 547;7;4;0;3;0;1
202100009602;184 543;7;0;2;1;1;1
202100009602;184 544;7;0;2;1;1;1
202100009602;184 545;7;0;2;1;1;1
202100009602;184 546;7;0;2;1;0;1
202100009603;184 542;7;1;0;1;13;1
202100009604;184 539;7;0;2;4;1;1
202100009604;184 540;7;0;2;1;1;1
202100009604;184 541;7;0;2;1;9;1
202100009605;184 537;7;0;2;3;2;1
202100009605;184 538;80;0;2;8;19;3
202100009606;184 535;2;0;2;1;1;1
202100009606;184 536;7;0;2;5;15;1
202100009607;184 532;7;0;2;2;15;1
202100009607;184 533;2;0;2;1;26;1
202100009608;184 530;7;0;2;2;1;1
202100009608;184 531;2;0;2;8;1;1
202100009609;184 529;7;0;1;1;1;1
202100009610;184 527;1;0;2;7;1;0
202100009610;184 528;7;0;2;1;9;1
202100009611;184 525;7;0;2;8;10;1
202100009611;184 526;33;0;2;1;1;1
202100009612;184 523;30;0;2;1;1;1
202100009612;184 524;7;0;2;7;15;2
202100009613;184 521;32;0;2;2;17;1
202100009613;184 522;1;0;2;8;13;5
202100009614;184 518;7;0;2;8;1;1
202100009614;184 519;33;0;2;7;12;1
202100009614;184 520;33;0;2;8;3;1
202100009615;184 515;7;0;2;1;13;1
202100009615;184 516;7;0;2;8;1;1
202100009615;184 517;32;0;2;8;7;1
202100009616;184 513;80;0;2;2;1;3
202100009616;184 514;30;0;2;0;13;1
202100009617;184 512;32;0;1;1;1;1
202100009618;184 511;43;12;0;1;13;1
202100009619;184 509;7;0;2;4;23;1
202100009619;184 510;30;0;2;1;2;1
202100009620;184 508;7;0;1;1;15;1
202100009621;184 506;7;0;2;2;1;1
202100009621;184 507;2;0;2;8;1;1
202100009622;184 504;7;0;2;3;1;1
202100009622;184 505;7;0;2;2;15;1
202100009623;184 503;10;0;1;3;15;1
202100009624;184 502;1;0;0;1;21;5
202100009625;184 501;31;0;1;1;1;3
202100009626;184 499;32;0;2;2;16;1
202100009626;184 500;1;0;2;8;7;5
202100009627;184 497;7;0;2;1;1;2
202100009627;184 498;7;0;2;5;1;3
202100009628;184 495;7;0;2;0;1;1
202100009628;184 496;33;0;2;0;1;1
202100009629;184 494;30;1;1;1;14;1
202100009630;184 493;32;0;0;0;1;1
202100009631;184 492;7;1;0;1;16;1
202100009632;184 490;14;0;2;3;15;1
202100009632;184 491;43;0;2;2;17;1
202100009633;184 489;10;0;1;2;16;1
202100009634;184 487;7;0;2;4;1;1
202100009634;184 488;7;0;2;1;1;1
202100009635;184 485;33;0;2;1;1;1
202100009635;184 486;7;0;2;2;15;1
202100009636;184 483;7;0;2;0;0;1
202100009636;184 484;7;0;2;0;9;1
202100009637;184 481;7;0;0;4;23;2
202100009637;184 482;7;0;2;1;1;1
202100009638;184 479;7;1;0;7;1;1
202100009638;184 480;15;0;2;7;22;1
202100009639;184 477;7;0;0;5;19;0
202100009639;184 478;7;0;2;1;19;1
202100009640;184 475;32;0;2;1;18;1
202100009640;184 476;7;0;2;2;16;1
202100009641;184 473;10;1;2;1;5;0
202100009641;184 474;7;0;2;2;1;0
202100009642;184 471;10;14;0;8;13;1
202100009642;184 472;2;14;0;2;17;1
202100009643;184 469;7;0;2;2;15;1
202100009643;184 470;31;0;2;1;1;1
202100009644;184 467;32;0;2;1;18;1
202100009644;184 468;7;0;2;2;16;1
202100009645;184 466;7;0;1;1;9;1
202100009646;184 464;10;0;2;3;16;0
202100009646;184 465;10;14;2;3;9;0
202100009647;184 462;99;0;2;7;15;0
202100009647;184 463;33;0;9;7;0;0
202100009648;184 460;32;0;2;7;17;6
202100009648;184 461;99;0;0;8;1;6
202100009649;184 459;7;0;1;1;2;0
202100009650;184 458;7;0;1;2;2;1
202100009651;184 456;7;0;2;0;0;0
202100009651;184 457;7;0;2;3;15;1
202100009652;184 454;7;0;9;2;1;1
202100009652;184 455;2;0;0;8;10;1
202100009653;184 451;7;0;2;1;23;1
202100009653;184 452;7;0;2;3;1;1
202100009653;184 453;7;0;2;3;13;1
202100009654;184 449;7;0;0;8;17;1
202100009654;184 450;1;0;0;7;11;5
202100009655;184 448;33;0;0;7;1;1
202100009656;184 447;2;0;1;0;2;1
202100009657;184 444;7;0;2;3;1;0
202100009657;184 445;7;0;2;8;1;0
202100009657;184 446;7;0;2;3;15;0
202100009658;184 442;7;0;9;2;1;1
202100009658;184 443;1;0;2;7;1;5
202100009659;184 441;7;0;1;2;1;1
202100009660;184 440;7;6;0;1;1;1
202100009661;184 439;7;0;1;2;1;1
202100009662;184 438;33;0;0;3;1;1
202100009663;184 437;7;5;0;8;13;1
202100009664;184 435;33;0;2;1;1;1
202100009664;184 436;7;0;2;1;16;1
202100009665;184 434;7;0;1;1;1;1
202100009666;184 431;7;0;2;1;1;1
202100009666;184 432;7;0;0;3;1;1
202100009666;184 433;7;0;2;0;13;1
202100009667;184 429;7;0;2;0;1;1
202100009667;184 430;7;0;2;0;16;1
202100009668;184 428;7;0;1;1;1;1
202100009669;184 426;10;0;2;1;9;1
202100009669;184 427;10;11;2;1;1;1
202100009670;184 424;7;4;2;3;0;1
202100009670;184 425;15;0;0;8;1;1
202100009671;184 423;7;3;0;0;1;1
202100009672;184 421;2;0;2;0;1;1
202100009672;184 422;0;0;2;0;15;1
202100009673;184 420;7;13;0;7;1;1
202100009674;184 416;7;0;2;1;0;1
202100009674;184 417;7;0;2;4;0;1
202100009674;184 418;10;0;2;1;0;1
202100009674;184 419;7;0;2;4;0;1
202100009675;184 415;7;0;0;0;1;1
202100009676;184 413;7;0;2;2;9;1
202100009676;184 414;7;0;2;6;1;1
202100009677;184 411;7;0;2;1;1;1
202100009677;184 412;7;0;2;1;1;1
202100009678;184 409;10;0;2;2;2;1
202100009678;184 410;15;0;0;6;1;1
202100009679;184 408;7;13;0;9;26;1
202100009680;184 404;7;0;2;4;1;1
202100009680;184 405;7;0;2;5;1;1
202100009680;184 406;7;3;2;5;1;1
202100009680;184 407;99;0;2;3;1;1
202100009681;184 402;7;0;0;4;2;1
202100009681;184 403;14;0;2;1;2;1
202100009682;184 399;10;0;2;4;2;1
202100009682;184 400;2;0;2;1;2;1
202100009683;184 397;2;0;2;3;13;1
202100009683;184 398;10;0;2;3;21;1
202100009684;184 395;7;0;2;3;1;1
202100009684;184 396;7;0;2;3;13;1
202100009685;184 393;7;0;2;1;17;1
202100009685;184 394;13;0;2;1;26;1
202100009686;184 391;7;0;2;3;1;1
202100009686;184 392;7;0;2;3;13;1
202100009687;184 389;99;0;2;3;1;1
202100009687;184 390;7;0;2;1;1;1
202100009688;184 388;7;0;1;1;19;1
202100009689;184 387;7;2;0;1;1;2
202100009690;184 382;7;0;2;1;13;1
202100009690;184 383;7;0;2;1;0;1
202100009690;184 384;7;0;2;1;21;1
202100009690;184 385;7;0;0;3;0;2
202100009690;184 386;7;14;0;1;2;1
202100009691;184 381;7;8;0;1;0;1
202100009692;184 380;2;0;6;3;0;1
202100009693;184 378;7;0;2;3;15;1
202100009693;184 379;7;0;2;1;1;1
202100009694;184 375;7;13;2;7;1;1
202100009694;184 376;7;0;0;6;1;1
202100009694;184 377;10;0;2;2;1;1
202100009695;184 373;1;0;2;7;1;5
202100009695;184 374;7;0;2;2;1;2
202100009696;184 372;7;0;0;1;0;1
202100009697;184 370;7;0;9;3;15;1
202100009697;184 371;1;0;2;7;1;5
202100009698;184 368;7;0;2;8;1;1
202100009698;184 369;7;0;2;1;19;1
202100009699;184 367;7;13;0;9;13;1
202100009700;184 366;7;4;0;8;19;1
202100009701;184 364;7;0;2;4;2;1
202100009701;184 365;7;0;2;1;2;1
202100009702;184 361;17;0;2;1;1;1
202100009702;184 362;7;0;2;3;1;1
202100009702;184 363;10;0;2;5;11;1
202100009703;184 357;99;0;0;0;23;1
202100009703;184 358;15;1;0;3;21;1
202100009703;184 359;7;1;0;0;22;1
202100009703;184 360;10;1;0;1;21;1
202100009704;184 356;7;3;0;0;1;1
202100009705;184 354;7;0;2;0;0;1
202100009705;184 355;7;0;2;0;0;1
202100009706;184 352;7;0;2;0;0;1
202100009706;184 353;33;0;2;0;0;1
202100009707;184 350;7;0;2;5;12;1
202100009707;184 351;33;0;2;3;3;1
202100009708;184 348;7;0;2;6;1;1
202100009708;184 349;15;0;2;2;14;1
202100009709;184 346;7;0;2;4;13;1
202100009709;184 347;33;0;2;1;3;1
202100009710;184 344;7;0;2;4;2;1
202100009710;184 345;7;0;2;1;2;1
202100009711;184 343;33;0;0;0;21;1
202100009712;184 341;32;0;2;1;3;1
202100009712;184 342;7;0;2;2;12;1
202100009713;184 339;32;0;2;3;1;1
202100009713;184 340;7;0;2;5;12;1
202100009714;184 337;33;0;2;2;3;1
202100009714;184 338;7;0;2;8;11;2
202100009715;184 333;7;0;2;2;14;1
202100009715;184 334;7;0;2;3;1;1
202100009715;184 335;7;0;2;1;1;1
202100009715;184 336;14;0;2;2;1;1
202100009716;184 332;32;0;0;7;21;1
202100009717;184 330;10;0;2;3;15;1
202100009717;184 331;2;0;2;1;2;1
202100009718;184 329;7;0;1;2;1;2
202100009719;184 328;7;0;1;2;9;1
202100009720;184 326;30;0;2;1;19;1
202100009720;184 327;7;0;2;8;1;1
202100009721;184 325;7;0;1;1;9;1
202100009722;184 324;7;0;1;1;1;1
202100009723;184 322;7;0;9;6;15;1
202100009723;184 323;2;0;2;0;15;1
202100009724;184 320;2;0;2;1;15;1
202100009724;184 321;7;0;2;3;15;1
202100009725;184 318;2;0;2;7;1;1
202100009725;184 319;7;0;2;1;15;1
202100009726;184 316;7;0;2;4;1;1
202100009726;184 317;7;0;2;1;26;1
202100009727;184 315;10;0;1;6;15;1
202100009728;184 314;99;8;0;1;15;3
202100009729;184 312;33;0;2;4;2;1
202100009729;184 313;7;0;2;2;26;4
202100009730;184 310;99;0;2;1;1;0
202100009730;184 311;99;0;2;8;15;0
202100009731;184 308;7;0;2;4;23;1
202100009731;184 309;7;0;2;1;2;1
202100009732;184 306;43;13;2;7;14;1
202100009732;184 307;7;0;2;1;9;1
202100009733;184 305;7;0;1;2;19;1
202100009734;184 304;10;0;1;3;26;1
202100009735;184 302;1;1;0;1;1;5
202100009735;184 303;7;0;0;0;0;1
202100009736;184 300;7;0;2;1;1;1
202100009736;184 301;7;0;2;3;0;1
202100009737;184 298;10;0;2;1;1;1
202100009737;184 299;7;0;2;4;4;1
202100009738;184 297;7;13;0;1;14;1
202100009739;184 294;7;0;2;4;2;1
202100009739;184 295;7;0;2;4;2;1
202100009739;184 296;7;0;2;1;2;1
202100009740;184 293;50;0;0;8;1;3
202100009741;184 291;7;3;2;4;2;1
202100009741;184 292;7;3;2;1;2;1
202100009742;184 287;7;0;1;0;1;1
202100009742;184 288;7;0;2;1;2;1
202100009743;184 286;7;0;1;1;1;1
202100009744;184 285;10;0;1;6;15;1
202100009745;184 277;3;0;2;3;1;1
202100009745;184 278;7;0;2;1;15;1
202100009746;184 276;32;6;0;7;14;1
202100009747;184 275;7;0;1;7;26;1
202100009748;184 274;7;0;0;2;9;1
202100009749;184 273;7;0;1;2;26;1
202100009750;184 272;7;0;1;2;1;1
202100009751;184 270;7;0;2;2;0;1
202100009751;184 271;7;1;2;3;0;1
202100009752;184 269;7;0;2;3;15;1
202100009753;184 267;7;0;2;3;1;1
202100009753;184 268;1;0;2;1;19;5
202100009754;184 265;7;0;2;5;16;1
202100009754;184 266;1;0;2;1;19;5
202100009755;184 263;7;0;2;6;9;1
202100009755;184 264;7;0;2;2;1;0
202100009756;184 262;43;0;1;1;1;1
202100009757;184 259;10;0;2;1;1;1
202100009757;184 260;7;0;2;4;1;1
202100009757;184 261;7;0;2;4;1;1
202100009758;184 256;7;0;2;1;1;1
202100009758;184 257;7;0;2;1;1;1
202100009758;184 258;7;0;2;2;15;1
202100009759;184 253;7;1;0;1;2;1
202100009759;184 254;7;1;0;4;23;1
202100009759;184 255;7;0;2;4;23;1
202100009760;184 251;7;0;2;4;15;1
202100009760;184 252;7;0;2;3;17;1
202100009761;184 250;14;0;1;5;26;1
202100009762;184 248;30;0;2;1;1;0
202100009762;184 249;7;0;2;3;15;1
202100009763;184 246;7;0;9;8;11;1
202100009763;184 247;31;0;2;7;1;1
202100009764;184 244;7;0;2;4;1;1
202100009764;184 245;7;0;2;1;16;1
202100009765;184 240;7;0;2;4;20;1
202100009765;184 241;7;0;2;1;24;1
202100009766;184 239;10;0;1;2;1;1
202100009767;184 238;7;6;0;9;1;1
202100009768;184 236;7;0;2;1;2;1
202100009768;184 237;7;6;2;5;19;1
202100009769;184 234;7;0;2;1;1;1
202100009769;184 235;7;0;2;1;1;1
202100009770;184 232;7;0;2;3;2;3
202100009770;184 233;7;0;2;4;2;1
202100009771;184 229;7;0;2;6;1;2
202100009771;184 230;10;1;0;0;24;1
202100009771;184 231;2;0;2;1;1;1
202100009772;184 227;7;0;2;6;1;1
202100009772;184 228;7;0;2;1;1;1
202100009773;184 225;7;0;2;0;1;-1
202100009773;184 226;7;0;2;1;1;1
202100009774;184 223;10;0;2;2;15;1
202100009774;184 224;7;0;2;3;1;1
202100009775;184 221;7;0;2;1;19;1
202100009775;184 222;7;0;2;8;19;1
202100009776;184 220;7;6;0;3;14;1
202100009777;184 218;7;0;2;2;16;1
202100009777;184 219;30;0;2;1;18;1
202100009778;184 216;7;0;2;4;2;1
202100009778;184 217;1;0;2;1;1;5
202100009779;184 215;14;0;1;2;1;1
202100009780;184 214;7;0;1;1;0;1
202100009781;184 213;7;1;0;2;2;1
202100009782;184 212;7;4;0;1;1;1
202100009783;184 211;7;13;0;1;16;1
202100009784;184 210;7;0;0;3;16;0
202100009785;184 205;7;0;2;3;1;0
202100009785;184 206;7;0;2;3;1;1
202100009786;184 203;7;0;2;2;15;1
202100009786;184 204;33;0;2;1;1;1
202100009787;184 201;7;0;2;1;1;1
202100009787;184 202;30;0;2;1;1;1
202100009788;184 199;1;0;2;1;0;0
202100009788;184 200;30;0;2;1;2;1
202100009789;184 196;7;0;2;1;1;1
202100009789;184 197;7;0;2;4;1;1
202100009790;184 192;7;0;2;1;2;1
202100009790;184 193;7;0;2;4;2;1
202100009790;184 194;7;0;2;4;2;1
202100009790;184 195;7;0;2;1;2;1
202100009791;184 190;7;0;2;4;2;1
202100009791;184 191;7;0;2;1;1;1
202100009792;184 188;7;0;2;1;15;1
202100009792;184 189;31;0;2;1;1;1
202100009793;184 187;7;8;0;8;1;1
202100009794;184 185;14;0;2;7;16;1
202100009794;184 186;32;0;2;1;21;1
202100009795;184 184;30;0;1;2;3;1
202100009796;184 183;7;1;0;2;1;1
202100009797;184 181;10;0;2;4;1;1
202100009797;184 182;33;0;2;1;1;1
202100009798;184 180;2;12;0;1;12;1
202100009799;184 178;7;4;2;4;2;1
202100009799;184 179;7;4;2;1;11;1
202100009800;184 176;32;0;2;7;12;1
202100009800;184 177;7;0;2;8;1;1
202100009801;184 174;7;0;2;6;11;1
202100009801;184 175;32;0;2;1;3;1
202100009802;184 173;7;6;1;2;14;1
202100009803;184 172;32;0;1;0;1;0
202100009804;184 171;2;0;0;0;21;1
202100009805;184 170;30;0;1;1;7;0
202100009806;184 169;30;0;1;2;1;1
202100009807;184 166;7;0;2;8;13;0
202100009807;184 167;33;0;2;7;3;1
202100009807;184 168;14;0;2;2;1;1
202100009808;184 164;7;0;2;2;1;1
202100009808;184 165;34;0;2;3;1;1
202100009809;184 162;30;0;2;3;3;1
202100009809;184 163;10;0;2;2;14;0
202100009810;184 160;32;0;2;1;17;1
202100009810;184 161;7;0;2;3;15;1
202100009811;184 159;30;0;0;1;1;1
202100009812;184 157;7;0;2;4;1;1
202100009812;184 158;7;0;2;1;1;1
202100009813;184 155;7;0;2;2;10;1
202100009813;184 156;33;0;2;1;1;1
202100009814;184 154;7;3;0;3;16;1
202100009815;184 152;1;0;2;8;0;0
202100009815;184 153;7;0;2;1;15;1
202100009816;184 150;0;0;2;1;19;0
202100009816;184 151;33;0;2;7;9;0
202100009817;184 147;7;0;1;2;1;1
202100009818;184 145;2;0;2;1;1;1
202100009818;184 146;7;0;0;2;15;1
202100009819;184 143;31;0;2;3;18;0
202100009819;184 144;3;0;2;5;1;0
202100009820;184 141;31;0;2;0;0;0
202100009820;184 142;7;0;2;3;0;1
202100009821;184 139;30;0;2;1;1;1
202100009821;184 140;7;0;2;2;15;1
202100009822;184 138;7;0;1;7;26;1
202100009823;184 137;33;6;0;8;1;1
202100009824;184 136;7;13;0;9;1;1
202100009825;184 134;1;0;2;3;1;5
202100009825;184 135;37;0;9;5;17;0
202100009826;184 133;7;0;1;1;1;1
202100009827;184 130;7;0;2;2;14;1
202100009827;184 131;7;1;0;2;1;1
202100009827;184 132;15;0;2;6;1;1
202100009828;184 128;7;0;2;1;17;1
202100009828;184 129;2;0;2;1;1;1
202100009829;184 127;7;2;0;1;26;1
202100009830;184 125;38;0;1;2;7;1
202100009831;184 123;7;0;2;3;17;1
202100009831;184 124;15;0;2;3;1;1
202100009832;184 120;7;0;2;1;15;2
202100009832;184 121;33;0;2;1;1;1
202100009833;184 119;7;8;0;1;1;1
202100009834;184 118;7;0;1;2;2;1
202100009835;184 116;2;0;2;1;1;1
202100009835;184 117;7;0;2;3;26;1
202100009836;184 114;7;0;2;3;1;1
202100009836;184 115;7;0;0;6;1;1
202100009837;184 112;7;0;0;3;19;1
202100009837;184 113;7;0;2;3;1;1
202100009838;184 111;7;6;0;2;1;1
202100009839;184 110;7;13;0;2;1;1
202100009840;184 108;10;0;2;8;15;1
202100009840;184 109;32;0;2;7;2;1
202100009841;184 106;7;0;2;3;15;1
202100009841;184 107;7;0;2;1;1;1
202100009842;184 104;7;0;0;4;23;1
202100009842;184 105;7;0;0;1;2;1
202100009843;184 103;7;13;0;1;1;1
202100009844;184 101;7;0;0;3;1;1
202100009844;184 102;15;0;0;3;1;1
202100009845;184 100;1;13;0;0;13;5
202100009846;184 098;7;0;1;2;2;1
202100009846;184 099;7;0;0;4;23;1
202100009847;184 096;10;0;2;3;1;1
202100009847;184 097;7;0;2;3;19;1
202100009848;184 095;7;2;0;1;0;1
202100009849;184 093;21;0;2;3;1;1
202100009849;184 094;7;0;2;3;13;1
202100009850;184 092;7;13;0;3;1;1
202100009851;184 089;17;3;0;1;0;1
202100009852;184 088;31;0;0;0;26;1
202100009853;184 086;7;0;2;3;5;1
202100009853;184 087;31;0;2;1;1;1
202100009854;184 085;15;0;0;0;1;1
202100009855;184 084;7;6;0;2;1;1
202100009856;184 082;99;0;0;4;1;1
202100009856;184 083;99;0;2;1;1;1
202100009857;184 081;7;2;0;2;17;1
202100009858;184 079;7;0;2;1;1;1
202100009858;184 080;7;0;0;4;2;1
202100009859;184 077;7;0;2;1;15;1
202100009859;184 078;2;0;2;1;1;1
202100009860;184 076;33;12;0;1;2;1
202100009861;184 074;33;0;2;1;1;1
202100009861;184 075;7;0;2;7;15;1
202100009862;184 073;10;0;1;1;1;1
202100009863;184 071;7;0;0;6;19;1
202100009863;184 072;15;0;2;3;21;1
202100009864;184 070;7;0;1;1;16;1
202100009865;184 069;10;0;1;4;20;1
202100009866;184 067;7;0;2;1;5;1
202100009866;184 068;7;0;2;1;1;1
202100009867;184 065;10;0;2;3;11;1
202100009867;184 066;7;0;2;2;1;1
202100009868;184 064;7;4;0;2;1;1
202100009869;184 063;33;0;0;1;26;1
202100009870;184 062;33;0;0;0;0;1
202100009871;184 060;7;0;2;6;11;1
202100009871;184 061;33;0;2;1;3;1
202100009872;184 057;7;0;2;1;1;1
202100009872;184 058;7;0;2;4;2;1
202100009872;184 059;7;0;2;4;2;1
202100009873;184 056;7;0;0;0;2;1
202100009874;184 054;10;0;2;1;2;1
202100009874;184 055;7;0;2;4;2;0
202100009875;184 052;7;0;2;1;1;1
202100009875;184 053;14;0;2;1;1;1
202100009876;184 050;7;0;2;3;1;2
202100009876;184 051;7;4;2;3;5;2
202100009877;184 048;7;0;2;4;12;1
202100009877;184 049;33;0;2;1;3;1
202100009878;184 046;7;0;2;8;11;1
202100009878;184 047;31;0;2;1;3;1
202100009879;184 044;7;0;2;1;11;1
202100009879;184 045;7;0;2;4;1;1
202100009880;184 043;3;4;0;9;13;3
202100009881;184 041;17;0;2;6;1;1
202100009881;184 042;7;0;2;2;1;1
202100009882;184 040;3;0;2;1;17;3
202100009883;184 036;7;0;2;1;2;0
202100009883;184 037;7;0;2;4;23;0
202100009883;184 038;7;0;2;1;2;1
202100009883;184 039;7;0;2;4;2;0
202100009884;184 035;7;4;0;3;13;1
202100009885;184 031;7;0;2;4;2;0
202100009885;184 032;7;0;2;4;2;1
202100009885;184 033;7;0;2;1;2;1
202100009885;184 034;7;0;2;1;2;1
202100009886;184 027;7;0;2;1;2;1
202100009886;184 028;7;0;2;4;2;1
202100009886;184 029;10;0;2;4;2;1
202100009886;184 030;7;0;2;4;2;1
202100009887;184 025;32;0;2;1;3;1
202100009887;184 026;7;0;2;5;11;1
202100009888;184 021;7;0;2;1;2;1
202100009888;184 022;7;0;2;1;2;1
202100009888;184 023;7;0;2;4;2;1
202100009888;184 024;7;0;2;4;0;1
202100009889;184 020;7;0;0;1;1;1
202100009890;184 019;30;9;0;1;1;1
202100009891;184 015;7;0;2;1;1;1
202100009891;184 016;7;6;2;7;1;3
202100009892;184 014;7;0;4;7;2;1
202100009893;184 012;7;0;2;4;23;1
202100009893;184 013;7;0;2;1;2;1
202100009894;184 009;14;0;2;3;0;1
202100009894;184 010;7;14;2;5;15;1
202100009894;184 011;7;12;2;2;1;1
202100009895;184 007;10;0;2;1;1;1
202100009895;184 008;7;0;2;1;17;1
202100009896;184 006;7;0;1;2;1;1
202100009897;184 003;7;0;2;4;23;1
202100009897;184 004;7;14;0;4;23;1
202100009897;184 005;7;14;0;1;26;1
202100009898;184 000;7;0;2;1;1;1
202100009898;184 001;7;0;2;4;1;1
202100009898;184 002;7;0;2;1;5;1
202100009899;183 999;7;0;1;1;1;0
202100009900;183 995;7;6;0;3;1;1
202100009901;183 994;7;13;0;1;1;1
202100009902;183 992;7;14;0;1;1;1
202100009902;183 993;33;0;0;4;23;1
202100009903;183 990;7;0;2;5;1;1
202100009903;183 991;7;0;2;3;1;1
202100009904;183 989;33;0;0;7;1;1
202100009905;183 987;7;0;2;1;1;1
202100009905;183 988;10;0;2;0;0;1
202100009906;183 986;7;13;0;9;1;1
202100009907;183 984;7;0;2;4;1;1
202100009907;183 985;33;0;2;1;1;1
202100009908;183 982;7;9;2;4;23;1
202100009908;183 983;7;0;2;2;14;1
202100009909;183 981;7;13;0;1;26;1
202100009910;183 979;7;0;2;3;1;1
202100009910;183 980;7;0;2;3;1;1
202100009911;183 975;33;0;2;1;1;1
202100009911;183 976;7;0;2;5;15;1
202100009912;183 974;7;1;0;2;14;0
202100009913;183 970;36;0;2;1;2;1
202100009913;183 971;10;0;2;6;11;1
202100009914;183 969;39;0;1;8;26;2
202100009915;183 967;3;0;2;7;1;1
202100009915;183 968;7;0;2;1;1;1
202100009916;183 965;7;0;2;5;2;1
202100009916;183 966;7;0;2;3;2;0
202100009917;183 964;34;4;0;1;1;1
202100009918;183 962;7;9;2;3;13;1
202100009918;183 963;31;1;2;1;1;1
202100009919;183 961;50;0;0;0;1;3
202100009920;183 959;7;0;2;4;2;1
202100009920;183 960;7;0;2;4;2;1
202100009921;183 958;7;0;1;7;1;1
202100009922;183 956;7;0;2;5;16;1
202100009922;183 957;50;0;2;4;1;3
202100009923;183 954;32;0;2;1;1;1
202100009923;183 955;7;0;2;7;1;1
202100009924;183 952;7;0;2;1;7;1
202100009924;183 953;10;0;2;3;16;1
202100009925;183 950;34;0;2;3;1;1
202100009925;183 951;30;0;2;1;1;3
202100009926;183 948;34;0;2;8;18;1
202100009926;183 949;7;0;2;2;16;1
202100009927;183 947;33;0;1;3;1;1
202100009928;183 945;7;0;2;4;15;1
202100009928;183 946;7;0;2;1;1;1
202100009929;183 944;50;1;0;0;13;3
202100009930;183 943;30;0;0;3;1;1
202100009931;183 942;50;11;0;1;13;3
202100009932;183 940;7;0;2;2;1;1
202100009932;183 941;7;0;2;3;1;1
202100009933;183 938;15;0;2;1;1;6
202100009933;183 939;7;0;2;4;1;1
202100009934;183 937;99;1;1;2;1;1
202100009935;183 935;7;0;2;3;9;0
202100009935;183 936;7;0;2;5;26;0
202100009936;183 932;99;1;0;6;23;1
202100009936;183 933;7;1;0;2;17;1
202100009936;183 934;7;0;2;7;1;1
202100009937;183 930;10;12;2;3;1;1
202100009937;183 931;10;12;2;2;9;1
202100009938;183 929;7;0;1;1;1;2
202100009939;183 927;30;0;2;1;1;0
202100009939;183 928;7;0;2;7;1;0
202100009940;183 925;50;0;2;0;0;3
202100009940;183 926;30;0;2;3;9;1
202100009941;183 924;30;0;0;0;1;1
202100009942;183 923;7;4;0;3;1;1
202100009943;183 921;7;0;2;1;14;1
202100009943;183 922;17;0;0;4;2;1
202100009944;183 919;7;0;2;3;26;1
202100009944;183 920;2;0;2;1;1;1
202100009945;183 918;10;2;0;3;0;1
202100009946;183 917;2;0;0;0;16;1
202100009947;183 916;7;13;0;1;1;1
202100009948;183 914;13;0;9;0;2;1
202100009948;183 915;1;0;2;0;2;5
202100009949;183 912;7;0;2;1;19;1
202100009949;183 913;7;13;0;5;1;1
202100009950;183 911;7;2;0;1;13;1
202100009951;183 909;10;13;2;6;1;1
202100009951;183 910;7;13;2;2;17;1
202100009952;183 906;7;0;2;3;13;1
202100009952;183 907;7;0;2;1;1;1
202100009952;183 908;7;0;2;3;1;1
202100009953;183 905;7;1;1;7;1;1
202100009954;183 904;7;13;0;2;1;1
202100009955;183 903;7;2;0;2;14;1
202100009956;183 902;7;13;0;2;1;1
202100009957;183 901;33;8;0;1;14;1
202100009958;183 897;10;0;2;1;1;1
202100009958;183 898;7;0;2;1;5;1
202100009959;183 895;10;0;2;4;2;1
202100009959;183 896;33;0;2;1;2;1
202100009960;183 894;2;0;1;1;1;1
202100009961;183 893;7;0;1;3;1;1
202100009962;183 891;7;1;0;2;1;1