Num_Acc;id_vehicule;catv;obs;obsm;choc;manv;motor
202100015029;174 844;7;0;2;1;1;1
202100015029;174 845;1;0;2;7;19;5
202100015030;174 841;7;0;2;1;13;1
202100015030;174 842;7;0;2;1;1;1
202100015030;174 843;10;0;2;1;1;1
202100015031;174 839;7;1;2;2;1;1
202100015031;174 840;7;0;2;1;1;1
202100015032;174 837;30;0;2;1;2;1
202100015032;174 838;7;0;2;4;15;1
202100015033;174 836;33;3;0;8;13;1
202100015034;174 834;7;0;2;5;1;1
202100015034;174 835;7;0;2;1;9;3
202100015035;174 833;7;13;0;1;14;1
202100015036;174 832;7;0;1;1;16;1
202100015037;174 830;7;0;2;1;26;1
202100015037;174 831;7;0;2;1;1;1
202100015038;174 829;7;3;0;2;1;1
202100015039;174 827;7;0;0;3;0;1
202100015039;174 828;30;0;2;1;13;1
202100015040;174 826;7;0;1;3;15;1
202100015041;174 824;7;0;2;2;15;1
202100015041;174 825;7;0;2;1;1;1
202100015042;174 822;33;3;2;1;2;1
202100015042;174 823;7;0;2;6;1;1
202100015043;174 821;7;1;0;1;2;1
202100015044;174 819;1;0;2;8;1;5
202100015044;174 820;7;0;2;7;17;1
202100015045;174 817;7;0;2;1;13;1
202100015045;174 818;7;0;2;1;1;1
202100015046;174 815;7;0;2;1;1;1
202100015046;174 816;10;0;2;3;1;1
202100015047;174 813;7;0;2;1;0;1
202100015047;174 814;10;0;2;5;0;1
202100015048;174 811;2;0;2;8;17;1
202100015048;174 812;7;0;2;8;1;1
202100015049;174 809;7;0;2;8;15;0
202100015049;174 810;32;0;2;7;1;1
202100015050;174 808;7;0;1;1;1;1
202100015051;174 807;7;0;1;1;1;1
202100015052;174 805;30;0;2;4;15;1
202100015052;174 806;7;0;2;2;1;1
202100015053;174 802;7;0;2;1;2;1
202100015053;174 803;7;0;2;4;23;1
202100015053;174 804;7;0;0;4;23;1
202100015054;174 799;10;0;2;1;2;1
202100015054;174 800;7;0;2;4;2;1
202100015054;174 801;7;0;2;4;2;1
202100015055;174 795;7;0;1;2;15;1
202100015056;174 794;1;0;0;2;1;5
202100015057;174 793;7;0;1;2;1;2
202100015058;174 791;7;0;2;4;2;1
202100015058;174 792;7;0;2;1;2;1
202100015059;174 790;7;12;0;2;14;1
202100015060;174 789;7;0;1;3;20;1
202100015061;174 785;7;0;2;4;1;1
202100015061;174 786;7;0;2;1;2;1
202100015061;174 787;7;0;2;1;2;1
202100015061;174 788;7;0;2;1;2;1
202100015062;174 783;34;0;2;5;17;1
202100015062;174 784;30;0;2;2;15;1
202100015063;174 782;7;0;1;1;15;1
202100015064;174 780;1;0;2;1;1;5
202100015064;174 781;7;0;0;0;9;1
202100015065;174 778;7;3;2;3;14;1
202100015065;174 779;7;0;2;6;1;1
202100015066;174 776;1;0;2;1;1;5
202100015066;174 777;7;0;2;1;19;1
202100015067;174 774;10;0;2;2;1;1
202100015067;174 775;1;0;2;8;19;5
202100015068;174 772;32;0;2;8;1;1
202100015068;174 773;7;0;2;2;13;1
202100015069;174 770;7;8;2;6;2;2
202100015069;174 771;7;6;2;1;15;1
202100015070;174 768;33;12;2;6;3;1
202100015070;174 769;7;0;2;3;15;1
202100015071;174 766;7;0;2;0;15;1
202100015071;174 767;33;0;2;7;17;1
202100015072;174 764;7;0;2;8;0;1
202100015072;174 765;7;0;2;1;1;1
202100015073;174 762;7;0;2;3;9;1
202100015073;174 763;50;0;2;7;0;3
202100015074;174 761;7;0;1;3;26;1
202100015075;174 760;7;1;0;1;1;1
202100015076;174 758;7;0;2;1;19;1
202100015076;174 759;7;0;2;8;1;1
202100015077;174 756;14;0;2;1;1;1
202100015077;174 757;10;0;2;4;23;1
202100015078;174 754;7;0;1;1;26;0
202100015079;174 752;2;0;2;1;1;1
202100015079;174 753;7;0;2;8;1;1
202100015080;174 750;50;0;0;0;0;3
202100015081;174 749;7;0;1;1;1;1
202100015082;174 748;7;16;0;9;1;1
202100015083;174 745;7;0;2;4;2;1
202100015083;174 746;7;0;2;4;2;1
202100015083;174 747;10;0;2;1;2;1
202100015084;174 744;30;0;1;1;7;1
202100015085;174 742;33;0;2;8;2;1
202100015085;174 743;34;0;2;2;12;1
202100015086;174 741;7;4;0;1;1;1
202100015087;174 740;30;12;0;1;1;1
202100015088;174 738;7;0;2;8;23;1
202100015088;174 739;7;0;2;1;19;1
202100015089;174 736;7;0;2;1;2;1
202100015089;174 737;7;0;2;4;2;1
202100015090;174 732;7;0;2;3;13;1
202100015090;174 733;2;0;2;3;1;1
202100015091;174 730;1;0;2;1;1;5
202100015091;174 731;7;0;2;7;15;1
202100015092;174 728;7;0;2;1;2;2
202100015092;174 729;1;0;2;1;2;5
202100015093;174 727;7;3;0;1;21;1
202100015094;174 725;10;0;2;1;1;1
202100015094;174 726;7;0;2;3;1;1
202100015095;174 723;1;0;2;3;21;5
202100015095;174 724;10;0;2;3;21;1
202100015096;174 721;7;0;2;2;15;1
202100015096;174 722;1;0;2;1;1;5
202100015097;174 720;7;0;1;1;1;1
202100015098;174 718;7;0;2;1;1;1
202100015098;174 719;37;0;2;3;1;1
202100015099;174 717;7;0;1;2;1;1
202100015100;174 716;7;15;0;2;14;1
202100015101;174 715;43;0;0;0;14;1
202100015102;174 712;10;0;2;6;1;1
202100015102;174 713;7;0;2;7;1;2
202100015102;174 714;33;0;2;3;3;1
202100015103;174 710;33;0;2;8;11;1
202100015103;174 711;7;0;2;4;1;1
202100015104;174 708;10;0;2;6;1;1
202100015104;174 709;7;0;2;5;18;1
202100015105;174 706;7;0;2;1;2;1
202100015105;174 707;10;0;2;4;23;1
202100015106;174 704;32;0;2;3;15;1
202100015106;174 705;10;0;2;2;17;1
202100015107;174 702;7;0;2;1;16;1
202100015107;174 703;80;0;2;8;1;3
202100015108;174 700;7;0;2;2;15;2
202100015108;174 701;2;0;2;1;1;3
202100015109;174 699;7;0;1;2;1;1
202100015110;174 698;30;0;0;0;21;3
202100015111;174 697;34;0;1;8;1;1
202100015112;174 695;1;0;2;7;16;5
202100015112;174 696;1;0;2;7;1;5
202100015113;174 693;7;0;2;3;9;1
202100015113;174 694;32;0;2;1;1;1
202100015114;174 691;7;0;2;8;22;1
202100015114;174 692;1;0;2;2;1;5
202100015115;174 690;1;0;1;7;1;5
202100015116;174 688;30;0;2;1;16;1
202100015116;174 689;7;0;2;3;1;1
202100015117;174 686;31;0;2;7;2;3
202100015117;174 687;32;0;2;7;23;1
202100015118;174 685;30;0;1;3;21;1
202100015119;174 684;1;0;0;0;1;5
202100015120;174 682;32;9;2;1;18;1
202100015120;174 683;7;0;2;5;22;2
202100015121;174 681;7;0;1;3;1;1
202100015122;174 679;50;0;2;2;14;3
202100015122;174 680;7;0;9;8;1;1
202100015123;174 677;31;0;2;1;2;1
202100015123;174 678;7;0;2;1;15;1
202100015124;174 676;2;1;0;0;1;1
202100015125;174 674;33;0;2;0;1;1
202100015125;174 675;17;0;2;6;1;1
202100015126;174 672;33;0;2;8;1;1
202100015126;174 673;7;0;2;3;15;3
202100015127;174 670;33;0;2;8;2;1
202100015127;174 671;10;0;2;3;13;1
202100015128;174 668;7;0;2;1;0;0
202100015128;174 669;32;0;2;7;3;1
202100015129;174 666;7;0;2;6;2;1
202100015129;174 667;7;0;2;1;2;1
202100015130;174 665;7;0;1;1;1;1
202100015131;174 663;7;0;2;2;12;1
202100015131;174 664;33;0;2;3;2;1
202100015132;174 662;7;0;1;3;15;1
202100015133;174 660;7;0;9;8;15;1
202100015133;174 661;1;0;2;7;1;5
202100015134;174 658;37;0;2;3;1;1
202100015134;174 659;7;0;2;2;12;1
202100015135;174 656;7;0;0;3;1;1
202100015135;174 657;7;0;0;2;1;1
202100015136;174 654;10;1;0;7;1;1
202100015136;174 655;7;1;2;1;26;1
202100015137;174 652;50;0;2;8;25;3
202100015137;174 653;10;0;9;1;15;1
202100015138;174 651;1;0;0;8;14;5
202100015139;174 649;32;0;2;1;0;1
202100015139;174 650;7;0;2;3;11;1
202100015140;174 647;7;0;2;3;15;1
202100015140;174 648;32;0;2;8;1;1
202100015141;174 646;7;0;1;7;1;1
202100015142;174 644;7;0;2;8;22;1
202100015142;174 645;1;1;0;1;1;5
202100015143;174 642;10;0;2;2;15;1
202100015143;174 643;30;0;2;2;1;1
202100015144;174 640;7;0;2;4;23;1
202100015144;174 641;14;0;2;1;2;1
202100015145;174 638;10;0;2;1;15;1
202100015145;174 639;7;0;2;3;19;1
202100015146;174 636;7;0;2;5;16;1
202100015146;174 637;30;0;2;1;16;1
202100015147;174 634;7;0;2;1;1;1
202100015147;174 635;2;0;2;1;23;1
202100015148;174 632;7;0;2;1;1;1
202100015148;174 633;7;0;2;1;17;1
202100015149;174 630;7;0;2;1;1;1
202100015149;174 631;7;0;0;8;2;1
202100015150;174 629;7;0;0;1;1;1
202100015151;174 627;10;0;2;1;1;1
202100015151;174 628;10;0;2;1;17;1
202100015152;174 626;33;0;0;0;1;1
202100015153;174 624;7;0;2;3;1;1
202100015153;174 625;7;0;2;3;13;1
202100015154;174 622;7;0;2;1;9;1
202100015154;174 623;50;0;0;7;1;3
202100015155;174 621;33;0;0;7;1;1
202100015156;174 620;7;8;0;3;0;1
202100015157;174 619;33;13;0;0;1;1
202100015158;174 617;2;0;2;1;1;1
202100015158;174 618;7;0;2;3;17;1
202100015159;174 615;7;0;2;1;1;1
202100015159;174 616;7;0;2;8;19;1
202100015160;174 613;33;0;9;1;1;1
202100015160;174 614;7;8;0;0;13;1
202100015161;174 611;7;0;2;1;17;1
202100015161;174 612;7;0;2;3;15;1
202100015162;174 609;7;0;0;6;23;1
202100015162;174 610;7;1;9;5;19;1
202100015163;174 607;2;0;2;7;1;1
202100015163;174 608;7;0;2;1;19;1
202100015164;174 605;7;0;2;0;0;0
202100015164;174 606;2;0;0;6;23;1
202100015165;174 603;31;0;0;7;1;1
202100015165;174 604;7;0;9;1;1;1
202100015166;174 600;7;0;2;3;1;1
202100015166;174 601;7;0;2;3;1;1
202100015166;174 602;7;0;2;3;13;1
202100015167;174 598;33;0;2;1;1;1
202100015167;174 599;7;0;2;8;15;1
202100015168;174 595;7;3;0;1;1;1
202100015168;174 596;7;0;0;1;1;1
202100015168;174 597;7;0;0;1;13;2
202100015169;174 593;14;0;2;3;21;1
202100015169;174 594;2;0;2;1;21;1
202100015170;174 591;7;0;2;2;2;1
202100015170;174 592;13;0;2;6;2;1
202100015171;174 590;7;0;1;3;1;1
202100015172;174 588;10;0;2;1;1;1
202100015172;174 589;2;0;2;1;13;1
202100015173;174 587;33;16;0;7;1;1
202100015174;174 585;10;0;2;1;15;1
202100015174;174 586;2;0;2;1;15;1
202100015175;174 583;7;0;2;1;1;1
202100015175;174 584;31;0;2;1;13;1
202100015176;174 582;10;0;1;3;0;1
202100015177;174 580;33;0;2;1;1;1
202100015177;174 581;7;0;2;2;15;1
202100015178;174 579;31;0;1;0;1;1
202100015179;174 578;7;8;0;2;14;1
202100015180;174 577;7;2;0;1;14;1
202100015181;174 575;15;0;0;4;1;1
202100015181;174 576;7;0;2;1;12;2
202100015182;174 572;7;0;2;2;3;1
202100015182;174 573;7;0;5;3;2;1
202100015182;174 574;7;0;2;2;21;1
202100015183;174 571;1;0;0;0;2;5
202100015184;174 570;37;0;1;5;1;1
202100015185;174 566;7;0;2;3;16;0
202100015185;174 567;2;0;2;1;17;1
202100015186;174 565;7;6;0;0;6;1
202100015187;174 563;13;0;2;2;0;1
202100015187;174 564;1;0;0;4;0;5
202100015188;174 561;7;0;2;2;1;1
202100015188;174 562;7;0;2;3;1;1
202100015189;174 559;7;12;0;2;26;1
202100015189;174 560;2;0;0;0;0;1
202100015190;174 557;7;0;0;7;1;2
202100015190;174 558;7;0;0;2;15;1
202100015191;174 555;7;0;2;4;1;1
202100015191;174 556;7;0;2;1;1;1
202100015192;174 553;7;0;2;1;2;1
202100015192;174 554;7;0;2;4;1;1
202100015193;174 551;7;0;2;4;2;1
202100015193;174 552;7;0;2;1;2;1
202100015194;174 549;7;0;2;8;26;1
202100015194;174 550;7;0;2;1;26;0
202100015195;174 547;7;0;2;4;26;1
202100015195;174 548;0;0;2;0;0;0
202100015196;174 544;7;0;2;5;1;1
202100015196;174 545;7;0;2;4;2;1
202100015196;174 546;43;0;2;1;3;1
202100015197;174 542;7;0;2;1;2;1
202100015197;174 543;7;0;2;4;1;1
202100015198;174 540;33;0;2;1;1;1
202100015198;174 541;7;0;2;4;2;1
202100015199;174 538;33;0;2;1;3;1
202100015199;174 539;7;0;2;8;11;1
202100015200;174 536;7;3;2;3;1;1
202100015200;174 537;7;4;2;3;5;1
202100015201;174 534;7;0;2;6;11;1
202100015201;174 535;34;0;2;7;3;1
202100015202;174 531;10;0;2;1;1;1
202100015202;174 532;10;0;2;4;1;1
202100015202;174 533;7;0;2;4;23;1
202100015203;174 528;7;0;2;1;2;1
202100015203;174 529;7;0;2;4;2;1
202100015203;174 530;7;0;2;4;2;1
202100015204;174 525;7;0;2;4;2;1
202100015204;174 526;7;0;2;4;2;1
202100015204;174 527;13;0;2;1;2;1
202100015205;174 523;33;0;2;3;2;1
202100015205;174 524;7;0;2;5;1;2
202100015206;174 521;7;0;2;4;2;1
202100015206;174 522;7;0;2;1;2;1
202100015207;174 518;7;0;2;1;2;1
202100015207;174 519;7;0;2;1;2;1
202100015207;174 520;7;0;2;4;2;3
202100015208;174 517;7;0;0;1;2;1
202100015209;174 514;15;0;2;1;2;1
202100015209;174 515;7;0;2;4;2;1
202100015209;174 516;7;0;2;1;2;1
202100015210;174 512;7;4;0;2;0;1
202100015210;174 513;10;0;2;1;0;1
202100015211;174 510;7;0;2;4;1;1
202100015211;174 511;31;0;2;1;3;1
202100015212;174 508;10;0;2;1;0;0
202100015212;174 509;7;0;2;4;21;1
202100015213;174 507;10;0;1;2;1;1
202100015214;174 506;33;3;0;3;1;1
202100015215;174 503;31;0;2;2;3;1
202100015215;174 504;17;0;9;7;1;1
202100015215;174 505;7;0;2;6;1;1
202100015216;174 501;7;0;2;1;1;1
202100015216;174 502;7;0;2;4;26;1
202100015217;174 499;7;0;0;5;9;1
202100015217;174 500;33;0;0;1;17;1
202100015218;174 498;7;4;0;3;1;1
202100015219;174 496;43;0;2;1;1;1
202100015219;174 497;32;0;2;1;1;1
202100015220;174 495;7;1;0;1;14;1
202100015221;174 493;7;0;2;1;15;1
202100015221;174 494;30;0;2;7;17;1
202100015222;174 492;33;1;0;1;1;1
202100015223;174 490;7;2;2;4;5;1
202100015223;174 491;7;0;2;1;5;1
202100015224;174 488;1;0;2;1;17;5
202100015224;174 489;1;0;2;4;13;5
202100015225;174 486;7;0;2;2;10;2
202100015225;174 487;33;0;2;8;1;1
202100015226;174 485;1;0;1;1;1;5
202100015227;174 484;1;0;0;1;16;5
202100015228;174 482;7;0;2;1;1;1
202100015228;174 483;7;0;2;8;1;1
202100015229;174 480;7;0;2;1;23;1
202100015229;174 481;2;0;2;1;17;1
202100015230;174 479;7;0;1;2;1;1
202100015231;174 478;1;0;0;0;1;5
202100015232;174 476;7;0;2;2;1;1
202100015232;174 477;10;0;2;3;1;1
202100015233;174 475;50;8;0;7;16;3
202100015234;174 473;1;0;2;1;1;5
202100015234;174 474;7;0;9;1;15;1
202100015235;174 472;7;0;1;1;1;1
202100015236;174 470;7;0;2;3;1;1
202100015236;174 471;7;1;2;3;13;1
202100015237;174 468;1;0;2;8;19;5
202100015237;174 469;7;0;2;1;15;1
202100015238;174 466;40;0;9;1;26;3
202100015238;174 467;1;0;-1;2;26;5
202100015239;174 465;50;0;1;1;0;3
202100015240;174 463;2;0;2;1;5;1
202100015240;174 464;7;0;2;3;10;1
202100015241;174 461;30;0;2;3;13;1
202100015241;174 462;7;0;2;2;15;1
202100015242;174 460;7;0;1;0;16;1
202100015243;174 458;7;0;2;3;15;1
202100015243;174 459;50;0;2;3;1;3
202100015244;174 457;30;0;1;1;7;1
202100015245;174 456;31;0;0;1;1;1
202100015246;174 455;7;0;1;2;1;0
202100015247;174 453;7;0;2;1;1;1
202100015247;174 454;33;0;2;8;1;1
202100015248;174 452;33;0;1;7;1;1
202100015249;174 451;7;0;1;3;15;1
202100015250;174 450;7;6;0;1;0;1
202100015251;174 448;2;0;2;1;2;1
202100015251;174 449;7;0;0;4;1;1
202100015252;174 446;7;4;0;4;2;1
202100015252;174 447;7;0;0;1;11;1
202100015253;174 445;7;13;0;2;1;1
202100015254;174 444;7;0;1;2;1;0
202100015255;174 443;7;0;1;1;1;1
202100015256;174 441;31;0;2;1;13;1
202100015256;174 442;7;0;0;1;1;1
202100015257;174 438;7;0;0;0;12;0
202100015257;174 439;7;3;2;1;1;1
202100015257;174 440;7;0;2;3;21;1
202100015258;174 437;7;5;0;0;17;1
202100015259;174 436;7;13;0;9;1;1
202100015260;174 434;7;0;2;2;1;1
202100015260;174 435;7;15;2;1;1;1
202100015261;174 432;7;0;0;3;0;1
202100015262;174 430;7;0;2;3;23;1
202100015262;174 431;7;0;2;3;15;1
202100015263;174 429;1;1;0;1;2;5
202100015264;174 427;7;0;2;1;1;1
202100015264;174 428;7;0;2;1;13;1
202100015265;174 426;2;0;0;0;1;1
202100015266;174 424;7;0;2;1;19;1
202100015266;174 425;33;0;2;8;1;1
202100015267;174 423;2;0;0;0;17;1
202100015268;174 422;2;0;0;2;2;0
202100015269;174 420;33;2;0;2;1;1
202100015270;174 418;7;0;2;5;17;1
202100015270;174 419;36;0;2;3;15;1
202100015271;174 416;7;12;2;1;1;1
202100015271;174 417;7;12;2;3;19;1
202100015272;174 414;7;0;2;3;13;1
202100015272;174 415;15;0;2;3;1;1
202100015273;174 412;33;0;2;1;1;1
202100015273;174 413;21;0;0;4;15;1
202100015274;174 410;7;2;0;3;0;0
202100015275;174 409;14;0;0;0;1;0
202100015276;174 407;7;0;2;1;1;1
202100015276;174 408;7;0;2;3;15;1
202100015277;174 406;7;6;0;1;1;1
202100015278;174 404;2;0;2;1;1;1
202100015278;174 405;10;0;9;6;1;1
202100015279;174 403;33;12;0;1;1;1
202100015280;174 401;17;0;2;6;1;1
202100015280;174 402;10;0;2;2;1;1
202100015281;174 399;17;0;2;3;1;1
202100015281;174 400;7;0;2;3;5;1
202100015282;174 398;7;3;0;1;0;1
202100015283;174 394;7;0;2;2;1;1
202100015283;174 395;7;5;2;1;0;1
202100015283;174 396;7;0;2;4;1;1
202100015283;174 397;7;0;2;1;0;1
202100015284;174 391;7;0;2;1;2;1
202100015284;174 392;7;0;2;4;1;1
202100015284;174 393;7;0;0;3;9;1
202100015285;174 390;7;9;0;3;0;1
202100015286;174 388;7;0;2;3;15;2
202100015286;174 389;33;0;2;8;1;1
202100015287;174 386;7;0;0;2;15;1
202100015287;174 387;33;0;0;1;0;1
202100015288;174 384;1;0;0;4;2;5
202100015288;174 385;7;0;9;1;2;1
202100015289;174 382;1;0;2;4;1;5
202100015289;174 383;31;0;2;1;1;1
202100015290;174 381;7;2;0;1;14;1
202100015291;174 379;7;0;2;1;2;1
202100015291;174 380;7;0;0;4;23;1
202100015292;174 378;33;0;6;3;1;1
202100015293;174 377;7;13;0;1;2;1
202100015294;174 376;7;2;0;0;0;1
202100015295;174 374;7;0;0;2;1;1
202100015295;174 375;7;0;0;2;1;1
202100015296;174 371;33;0;2;7;12;1
202100015296;174 372;7;0;2;8;18;1
202100015297;174 368;7;0;2;4;1;1
202100015297;174 369;7;0;2;6;1;1
202100015297;174 370;7;3;2;2;14;1
202100015298;174 366;7;0;2;4;2;1
202100015298;174 367;7;0;2;1;2;1
202100015299;174 364;7;0;2;5;12;1
202100015299;174 365;33;0;2;1;0;1
202100015300;174 362;10;0;2;6;26;1
202100015300;174 363;32;0;0;1;14;1
202100015301;174 360;7;1;0;1;1;2
202100015301;174 361;7;0;0;4;23;1
202100015302;174 358;7;0;2;6;11;1
202100015302;174 359;31;0;2;2;1;0
202100015303;174 356;7;0;2;3;11;1
202100015303;174 357;33;0;2;7;3;1
202100015304;174 354;7;0;2;4;0;1
202100015304;174 355;7;0;2;1;2;1
202100015305;174 349;7;0;2;1;0;1
202100015305;174 350;7;0;2;0;0;1
202100015305;174 351;7;0;2;1;0;1
202100015305;174 352;7;0;2;1;0;1
202100015305;174 353;7;0;2;1;0;1
202100015306;174 347;10;0;2;4;2;1
202100015306;174 348;10;0;2;1;1;1
202100015307;174 345;7;0;2;1;1;1
202100015307;174 346;7;0;2;4;2;1
202100015308;174 343;7;0;2;3;11;1
202100015308;174 344;33;0;2;2;3;1
202100015309;174 340;7;0;2;8;13;1
202100015309;174 341;7;0;2;7;1;1
202100015309;174 342;7;0;2;1;1;2
202100015310;174 339;7;0;0;8;2;1
202100015311;174 338;7;12;0;2;1;1
202100015312;174 336;10;0;2;0;19;0
202100015312;174 337;60;0;2;0;19;5
202100015313;174 335;7;0;1;0;15;1
202100015314;174 333;7;0;2;8;1;1
202100015314;174 334;7;1;2;9;0;1
202100015315;174 331;7;0;2;4;0;1
202100015315;174 332;7;0;2;4;26;1
202100015316;174 329;7;0;2;1;1;1
202100015316;174 330;1;0;2;7;1;5
202100015317;174 327;1;0;2;3;2;5
202100015317;174 328;7;0;9;2;2;1
202100015318;174 326;7;0;0;1;0;1
202100015319;174 321;7;0;2;3;13;1
202100015319;174 322;7;0;2;3;1;1
202100015320;174 319;31;0;2;1;1;1
202100015320;174 320;7;0;2;3;1;1
202100015321;174 317;7;0;2;1;1;1
202100015321;174 318;7;0;2;1;1;1
202100015322;174 315;7;0;2;2;1;2
202100015322;174 316;7;0;2;7;15;1
202100015323;174 313;7;0;2;1;1;1
202100015323;174 314;7;0;2;3;15;1
202100015324;174 312;10;0;1;3;15;0
202100015325;174 310;7;0;2;1;13;1
202100015325;174 311;7;0;2;1;1;1
202100015326;174 309;7;8;0;2;14;1
202100015327;174 308;7;0;1;8;1;1
202100015328;174 307;3;1;0;8;1;1
202100015329;174 306;7;0;1;0;1;1
202100015330;174 305;7;15;2;1;21;1
202100015331;174 304;30;0;0;0;26;1
202100015332;174 302;7;0;2;6;2;1
202100015332;174 303;7;0;2;2;9;1
202100015333;174 301;7;0;0;0;26;1
202100015334;174 300;7;13;0;1;26;1
202100015335;174 298;7;0;2;0;2;1
202100015335;174 299;50;0;2;4;1;3
202100015336;174 296;7;0;2;4;0;1
202100015336;174 297;7;0;2;8;1;1
202100015337;174 295;30;1;0;7;1;1
202100015338;174 293;30;0;2;3;2;1
202100015338;174 294;7;0;2;4;1;1
202100015339;174 292;7;2;0;8;1;1
202100015340;174 290;13;0;2;2;17;1
202100015340;174 291;10;0;2;1;1;1
202100015341;174 288;37;0;2;3;1;1
202100015341;174 289;7;0;2;5;7;1
202100015342;174 287;32;0;0;6;15;1
202100015343;174 285;7;0;2;1;26;1
202100015343;174 286;10;0;2;3;0;1
202100015344;174 283;31;0;2;3;1;1
202100015344;174 284;7;0;2;3;20;1
202100015345;174 282;34;0;1;1;26;1
202100015346;174 280;7;0;2;3;9;1
202100015346;174 281;50;0;2;1;1;3
202100015347;174 278;7;0;2;6;1;2
202100015347;174 279;10;0;2;1;13;1
202100015348;174 277;50;12;0;0;0;3
202100015349;174 275;7;0;2;0;1;1
202100015349;174 276;7;0;2;0;1;1
202100015350;174 274;34;0;1;1;1;1
202100015351;174 272;2;0;2;7;1;1
202100015351;174 273;7;0;2;2;9;1
202100015352;174 270;7;0;2;4;2;1
202100015352;174 271;7;0;2;1;2;1
202100015353;174 268;7;0;2;4;23;1
202100015353;174 269;7;0;2;1;1;1
202100015354;174 266;30;0;2;8;18;1
202100015354;174 267;38;0;2;7;2;1
202100015355;174 265;7;0;1;1;1;2
202100015356;174 263;7;0;2;4;23;0
202100015356;174 264;1;0;2;1;1;5
202100015357;174 261;33;0;2;1;1;1
202100015357;174 262;33;0;2;7;15;1
202100015358;174 260;38;6;0;1;1;1
202100015359;174 257;7;1;2;1;2;1
202100015359;174 258;7;0;2;4;2;1
202100015359;174 259;7;0;2;4;2;1
202100015360;174 256;7;0;1;2;1;1
202100015361;174 254;31;0;2;8;2;1
202100015361;174 255;7;0;2;6;2;1
202100015362;174 251;7;0;2;1;2;1
202100015362;174 252;7;0;2;4;23;1
202100015362;174 253;7;0;2;4;23;1
202100015363;174 249;7;0;2;2;15;1
202100015363;174 250;31;0;2;8;0;1
202100015364;174 248;7;3;0;7;9;1
202100015365;174 244;2;0;2;3;2;1
202100015365;174 245;7;9;2;2;26;1
202100015366;174 240;7;0;2;5;4;1
202100015366;174 241;30;0;2;1;21;1
202100015367;174 239;33;7;0;1;26;1
202100015368;174 237;7;0;2;4;23;0
202100015368;174 238;7;0;2;1;2;0
202100015369;174 235;1;1;0;1;1;0
202100015369;174 236;7;0;2;8;22;1
202100015370;174 233;40;0;2;1;19;0
202100015370;174 234;33;0;-1;1;1;3
202100015371;174 231;7;0;2;4;1;1
202100015371;174 232;31;14;2;1;16;1
202100015372;174 230;7;13;0;0;14;1
202100015373;174 228;33;0;2;2;17;1
202100015373;174 229;7;0;2;8;15;1
202100015374;174 226;7;13;2;2;12;1
202100015374;174 227;14;0;2;3;1;1
202100015375;174 225;33;0;0;1;0;1
202100015376;174 223;2;0;2;1;17;1
202100015376;174 224;7;0;2;3;1;1
202100015377;174 222;7;3;0;7;1;1
202100015378;174 219;2;0;2;1;13;1
202100015378;174 220;7;0;2;1;1;1
202100015378;174 221;7;0;2;1;1;1
202100015379;174 217;7;10;2;4;11;1
202100015379;174 218;10;0;2;1;17;1
202100015380;174 216;2;0;0;0;0;1
202100015381;174 214;7;0;2;1;9;1
202100015381;174 215;33;0;2;7;9;1
202100015382;174 213;7;6;0;3;13;1
202100015383;174 211;10;0;2;2;19;1
202100015383;174 212;50;0;2;1;1;3
202100015384;174 209;33;0;2;1;1;1
202100015384;174 210;7;0;2;8;10;1
202100015385;174 207;7;0;2;1;1;1
202100015385;174 208;7;0;2;1;1;1
202100015386;174 205;7;0;2;1;15;1
202100015386;174 206;43;0;2;1;1;1
202100015387;174 202;7;0;2;6;23;1
202100015387;174 203;7;0;2;4;23;1
202100015387;174 204;7;6;2;2;1;1
202100015388;174 201;7;0;1;2;1;1
202100015389;174 199;2;0;2;1;1;1
202100015389;174 200;7;0;0;3;23;1
202100015390;174 197;1;0;2;4;1;5
202100015390;174 198;7;0;2;2;1;1
202100015391;174 196;7;6;0;1;1;1
202100015392;174 194;7;0;2;7;19;1
202100015392;174 195;7;0;2;1;1;1
202100015393;174 192;10;0;2;1;2;1
202100015393;174 193;7;0;2;1;0;0
202100015394;174 189;30;0;2;8;15;1
202100015394;174 190;7;0;2;1;2;1
202100015394;174 191;7;0;2;1;1;1
202100015395;174 188;1;0;0;0;0;5
202100015396;174 186;7;0;2;1;1;1
202100015396;174 187;7;0;2;4;26;1
202100015397;174 184;2;0;2;1;13;1
202100015397;174 185;1;0;2;3;1;5
202100015398;174 181;7;0;2;1;2;1
202100015398;174 182;7;0;2;1;1;1
202100015398;174 183;7;0;2;7;1;1
202100015399;174 180;7;0;1;1;26;2
202100015400;174 179;20;2;0;8;1;1
202100015401;174 175;7;0;2;1;19;1
202100015401;174 176;10;0;2;8;1;1
202100015402;174 173;7;0;2;7;1;1
202100015402;174 174;10;0;2;1;1;1
202100015403;174 171;7;0;2;1;26;1
202100015403;174 172;7;0;2;2;1;1
202100015404;174 169;7;0;2;2;1;1
202100015404;174 170;7;0;2;3;15;0
202100015405;174 167;2;0;2;1;1;1
202100015405;174 168;7;0;2;6;15;1
202100015406;174 165;7;0;2;2;15;1
202100015406;174 166;33;0;2;1;1;1
202100015407;174 163;10;0;2;7;19;1
202100015407;174 164;33;0;2;3;1;1
202100015408;174 161;7;3;0;0;1;1
202100015408;174 162;7;3;2;3;1;1
202100015409;174 160;32;0;6;1;0;0
202100015410;174 159;7;3;0;2;1;1
202100015411;174 158;10;13;0;3;26;1
202100015412;174 156;7;6;0;1;17;1
202100015412;174 157;33;0;0;1;0;1
202100015413;174 155;7;5;0;1;0;3
202100015414;174 153;7;0;2;1;9;1
202100015414;174 154;50;0;0;7;1;3
202100015415;174 151;10;0;2;1;2;1
202100015415;174 152;7;0;0;4;2;1
202100015416;174 150;7;0;0;9;1;0