Num_Acc;id_vehicule;catv;obs;obsm;choc;manv;motor
202100015417;174 148;7;0;2;1;1;1
202100015417;174 149;10;0;2;6;19;1
202100015418;174 146;2;0;2;1;15;1
202100015418;174 147;7;0;2;1;1;1
202100015419;174 144;2;0;2;1;1;1
202100015419;174 145;7;0;2;3;9;1
202100015420;174 143;7;0;1;2;1;1
202100015421;174 141;33;0;2;2;13;1
202100015421;174 142;10;0;2;2;26;1
202100015422;174 139;7;8;0;2;1;1
202100015422;174 140;7;1;0;2;1;1
202100015423;174 138;7;7;0;7;13;1
202100015424;174 137;7;0;1;7;1;1
202100015425;174 135;33;0;2;1;17;1
202100015425;174 136;7;0;2;3;15;3
202100015426;174 134;21;2;0;1;1;1
202100015427;174 132;7;0;2;1;13;1
202100015427;174 133;7;0;0;3;1;1
202100015428;174 128;10;0;0;1;1;1
202100015428;174 129;7;0;0;4;1;1
202100015428;174 130;7;0;0;9;1;1
202100015428;174 131;7;0;0;1;1;1
202100015429;174 127;7;0;0;1;21;1
202100015430;174 126;1;0;0;0;17;5
202100015431;174 124;1;0;2;7;1;5
202100015431;174 125;7;0;9;2;15;1
202100015432;174 123;7;0;1;1;1;1
202100015433;174 122;7;4;0;8;1;1
202100015434;174 121;7;4;0;2;0;1
202100015435;174 119;7;0;2;1;2;1
202100015435;174 120;7;0;2;3;1;1
202100015436;174 117;7;0;2;6;23;1
202100015436;174 118;7;0;2;2;13;1
202100015437;174 115;10;0;2;1;1;1
202100015437;174 116;10;0;2;4;1;1
202100015438;174 113;7;0;2;9;1;1
202100015438;174 114;7;0;2;8;1;1
202100015439;174 111;7;0;2;3;26;1
202100015439;174 112;33;0;2;7;1;1
202100015440;174 109;15;0;2;2;0;1
202100015440;174 110;7;0;2;6;0;1
202100015441;174 105;10;3;2;4;2;1
202100015441;174 106;10;0;2;3;11;1
202100015441;174 107;10;0;2;1;1;1
202100015441;174 108;10;3;0;1;2;1
202100015442;174 103;10;0;2;1;2;1
202100015442;174 104;10;0;2;4;2;2
202100015443;174 101;10;0;2;1;1;1
202100015443;174 102;7;0;2;4;1;1
202100015444;174 100;7;0;0;0;26;1
202100015445;174 098;7;0;2;1;26;1
202100015445;174 099;7;0;2;1;1;1
202100015446;174 096;10;0;2;4;0;1
202100015446;174 097;7;0;2;1;21;1
202100015447;174 094;7;0;2;1;0;1
202100015447;174 095;7;0;2;6;1;1
202100015448;174 093;7;4;0;4;1;1
202100015449;174 090;10;0;2;5;21;1
202100015449;174 091;7;0;2;3;1;1
202100015449;174 092;7;0;2;2;1;1
202100015450;174 089;7;4;0;1;13;1
202100015451;174 088;7;0;9;9;1;1
202100015452;174 086;7;0;2;4;1;1
202100015452;174 087;7;0;2;1;1;1
202100015453;174 084;10;0;2;4;1;0
202100015453;174 085;7;0;2;1;1;1
202100015454;174 082;7;1;0;1;1;1
202100015454;174 083;7;0;2;4;24;1
202100015455;174 081;7;4;0;1;1;1
202100015456;174 077;7;0;2;4;1;1
202100015456;174 078;7;0;2;6;1;1
202100015456;174 079;7;0;2;4;1;1
202100015456;174 080;7;0;2;1;9;1
202100015457;174 074;7;0;2;6;2;1
202100015457;174 075;7;0;2;7;1;1
202100015457;174 076;33;0;2;3;1;1
202100015458;174 071;10;0;2;7;1;1
202100015458;174 072;7;0;2;3;11;1
202100015458;174 073;33;0;2;2;3;1
202100015459;174 067;7;0;2;5;1;1
202100015459;174 068;7;0;2;6;17;1
202100015459;174 069;7;0;2;8;1;1
202100015459;174 070;7;0;2;3;1;1
202100015460;174 064;7;0;2;1;1;1
202100015460;174 065;7;14;2;1;1;1
202100015460;174 066;7;0;2;4;24;1
202100015461;174 062;33;0;2;1;3;1
202100015461;174 063;7;0;2;7;12;1
202100015462;174 060;7;0;2;2;1;1
202100015462;174 061;7;0;2;1;15;1
202100015463;174 059;7;0;0;9;1;0
202100015464;174 057;7;0;2;4;1;1
202100015464;174 058;7;0;2;1;1;1
202100015465;174 055;7;0;2;1;26;1
202100015465;174 056;7;0;2;4;26;1
202100015466;174 054;7;0;1;1;1;1
202100015467;174 052;7;0;2;4;13;1
202100015467;174 053;30;0;2;1;2;1
202100015468;174 051;30;0;0;1;26;1
202100015469;174 049;7;0;2;4;2;1
202100015469;174 050;7;0;2;4;2;1
202100015470;174 048;7;0;1;3;15;1
202100015471;174 047;1;0;0;0;26;0
202100015472;174 045;1;0;2;7;19;5
202100015472;174 046;30;0;9;1;19;1
202100015473;174 044;2;0;2;1;1;1
202100015474;174 042;2;0;2;7;1;1
202100015474;174 043;7;0;2;3;26;1
202100015475;174 041;7;0;1;3;15;1
202100015476;174 039;7;0;2;1;2;0
202100015476;174 040;7;0;2;4;23;1
202100015477;174 037;37;0;2;5;1;1
202100015477;174 038;7;0;2;3;15;1
202100015478;174 035;60;0;2;8;1;5
202100015478;174 036;7;0;2;2;16;1
202100015479;174 034;7;1;0;2;1;3
202100015480;174 032;32;0;2;1;1;1
202100015480;174 033;7;0;2;3;1;1
202100015481;174 030;10;0;2;3;13;1
202100015481;174 031;33;0;2;5;15;1
202100015482;174 029;7;6;0;7;1;1
202100015483;174 028;32;0;1;0;25;1
202100015484;174 026;30;8;2;1;5;1
202100015484;174 027;7;0;2;3;9;1
202100015485;174 025;7;0;1;3;17;1
202100015486;174 023;2;0;2;1;1;1
202100015486;174 024;7;0;2;1;15;1
202100015487;174 021;7;0;2;3;1;1
202100015487;174 022;7;0;2;1;14;1
202100015488;174 019;2;0;2;2;9;1
202100015488;174 020;10;0;2;2;1;1
202100015489;174 016;7;4;2;1;14;1
202100015489;174 017;7;0;2;4;14;1
202100015489;174 018;7;0;2;4;2;1
202100015490;174 014;7;0;2;2;10;1
202100015490;174 015;43;0;2;1;1;1
202100015491;174 012;80;0;2;4;2;3
202100015491;174 013;7;0;2;2;1;1
202100015492;174 011;7;2;0;1;26;1
202100015493;174 008;7;0;2;1;0;1
202100015493;174 009;7;14;2;5;15;1
202100015493;174 010;7;14;2;2;13;1
202100015494;174 007;7;1;0;2;1;1
202100015495;174 005;37;0;2;3;1;1
202100015495;174 006;7;0;2;5;16;1
202100015496;174 004;7;8;0;1;26;1
202100015497;174 003;7;0;1;0;1;1
202100015498;174 001;7;0;2;1;1;1
202100015498;174 002;7;0;2;4;1;1
202100015499;173 999;10;0;2;3;1;1
202100015499;174 000;7;0;2;3;9;2
202100015500;173 997;7;0;2;4;1;1
202100015500;173 998;7;0;2;1;1;1
202100015501;173 993;50;0;2;1;2;3
202100015501;173 994;7;0;9;4;2;1
202100015502;173 992;7;0;1;0;21;1
202100015503;173 990;7;0;2;1;1;1
202100015503;173 991;7;0;2;2;15;1
202100015504;173 988;7;0;2;4;2;1
202100015504;173 989;7;0;2;1;2;1
202100015505;173 986;7;0;9;2;16;1
202100015505;173 987;50;0;2;8;1;3
202100015506;173 984;7;0;2;2;17;1
202100015506;173 985;7;0;2;3;13;2
202100015507;173 983;7;0;1;1;1;1
202100015508;173 981;33;0;9;1;2;1
202100015508;173 982;1;0;2;4;2;5
202100015509;173 978;7;0;2;1;1;1
202100015509;173 979;10;0;2;3;23;1
202100015509;173 980;7;0;2;8;9;2
202100015510;173 976;7;14;0;4;2;1
202100015510;173 977;7;14;0;1;2;1
202100015511;173 974;7;2;2;7;1;1
202100015511;173 975;7;0;2;8;11;1
202100015512;173 971;7;0;2;4;23;1
202100015512;173 972;7;0;2;4;23;1
202100015512;173 973;7;0;2;1;1;1
202100015513;173 969;7;1;1;1;1;1
202100015513;173 970;7;0;1;8;23;1
202100015514;173 961;7;0;2;1;2;1
202100015514;173 962;3;0;2;4;2;1
202100015515;173 957;7;0;0;4;2;1
202100015515;173 958;31;0;2;1;2;1
202100015516;173 955;7;0;2;2;1;1
202100015516;173 956;33;0;2;3;1;1
202100015517;173 952;3;0;2;1;0;1
202100015517;173 953;3;0;2;9;2;1
202100015517;173 954;3;0;2;4;0;1
202100015518;173 951;33;6;0;1;26;1
202100015519;173 950;33;11;0;0;0;1
202100015520;173 946;33;0;2;1;1;1
202100015520;173 947;10;0;2;1;15;1
202100015521;173 944;7;0;2;4;1;1
202100015521;173 945;33;0;2;1;1;1
202100015522;173 940;7;0;2;8;18;1
202100015522;173 941;7;0;2;4;2;1
202100015522;173 942;7;0;2;4;2;1
202100015522;173 943;7;0;2;1;1;1
202100015523;173 938;7;0;2;1;1;1
202100015523;173 939;50;0;2;7;9;3
202100015524;173 936;7;0;2;1;15;1
202100015524;173 937;33;0;2;8;1;1
202100015525;173 935;10;0;1;3;7;1
202100015526;173 933;7;0;9;5;26;1
202100015526;173 934;1;0;2;5;9;5
202100015527;173 932;7;8;0;3;13;1
202100015528;173 931;7;0;1;1;1;1
202100015529;173 929;7;0;2;2;1;1
202100015529;173 930;7;0;2;3;1;1
202100015530;173 927;10;0;2;3;9;1
202100015530;173 928;33;0;2;7;1;1
202100015531;173 925;10;0;2;6;15;1
202100015531;173 926;31;0;2;1;1;1
202100015532;173 922;7;0;2;1;2;1
202100015532;173 923;7;0;2;4;2;1
202100015532;173 924;7;0;2;4;2;1
202100015533;173 920;7;0;2;3;1;1
202100015533;173 921;7;0;2;3;15;1
202100015534;173 918;2;0;2;1;17;1
202100015534;173 919;7;0;2;8;15;1
202100015535;173 916;33;0;2;1;17;1
202100015535;173 917;7;0;2;6;15;1
202100015536;173 913;7;0;2;1;1;1
202100015536;173 914;7;0;2;4;23;2
202100015536;173 915;7;0;2;4;23;1
202100015537;173 911;7;0;2;3;9;1
202100015537;173 912;33;0;2;8;9;1
202100015538;173 909;7;0;2;6;1;1
202100015538;173 910;33;0;2;7;12;1
202100015539;173 907;32;0;2;2;17;1
202100015539;173 908;7;0;2;3;15;1
202100015540;173 905;7;0;2;5;1;1
202100015540;173 906;30;0;2;1;1;1
202100015541;173 903;10;0;2;6;23;1
202100015541;173 904;2;0;2;1;1;1
202100015542;173 901;7;0;2;8;14;1
202100015542;173 902;33;0;2;2;14;1
202100015543;173 899;30;0;2;1;1;1
202100015543;173 900;7;0;2;2;15;1
202100015544;173 897;7;9;2;1;1;1
202100015544;173 898;7;0;2;7;1;1
202100015545;173 896;7;9;0;1;26;1
202100015546;173 894;7;0;2;3;21;1
202100015546;173 895;60;0;2;0;26;5
202100015547;173 892;50;0;2;7;26;3
202100015547;173 893;7;0;9;0;0;1
202100015548;173 891;99;0;1;1;26;5
202100015549;173 889;7;0;2;1;9;1
202100015549;173 890;2;0;2;1;1;1
202100015550;173 887;7;6;9;4;1;1
202100015550;173 888;7;0;2;2;1;1
202100015551;173 885;7;0;2;3;16;1
202100015551;173 886;30;0;2;1;1;1
202100015552;173 884;10;0;1;1;1;1
202100015553;173 883;7;0;1;2;1;1
202100015554;173 881;7;0;2;8;22;1
202100015554;173 882;1;1;0;1;1;5
202100015555;173 880;7;0;1;7;1;1
202100015556;173 878;7;0;2;6;15;1
202100015556;173 879;33;0;2;7;1;1
202100015557;173 876;1;0;2;1;1;5
202100015557;173 877;7;0;9;3;1;1
202100015558;173 871;1;0;2;1;21;5
202100015558;173 872;7;0;2;7;1;1
202100015559;173 869;50;0;2;8;16;3
202100015559;173 870;7;0;2;2;16;1
202100015560;173 868;7;0;0;1;16;1
202100015561;173 867;7;0;0;0;26;1
202100015562;173 866;30;0;0;0;26;3
202100015563;173 865;7;0;1;2;26;1
202100015564;173 864;15;0;1;0;26;1
202100015565;173 863;10;0;1;4;4;1
202100015566;173 862;7;1;0;1;1;1
202100015567;173 860;1;0;2;1;1;5
202100015567;173 861;3;0;2;2;15;1
202100015568;173 858;7;0;2;3;9;1
202100015568;173 859;33;0;0;4;1;1
202100015569;173 856;7;1;0;3;1;6
202100015569;173 857;7;0;2;5;24;6
202100015570;173 853;7;0;2;5;1;1
202100015570;173 854;15;0;2;8;1;1
202100015570;173 855;33;0;2;9;17;1
202100015571;173 851;7;0;2;3;1;1
202100015571;173 852;7;0;2;3;1;1
202100015572;173 850;7;8;0;3;13;1
202100015573;173 848;7;0;2;3;0;1
202100015573;173 849;7;0;2;0;0;1
202100015574;173 845;10;0;2;5;0;1
202100015574;173 846;10;0;2;6;0;1
202100015574;173 847;10;0;2;3;9;1
202100015575;173 843;7;0;2;1;1;1
202100015575;173 844;1;0;2;4;15;5
202100015576;173 841;33;0;2;1;1;0
202100015576;173 842;7;0;2;3;15;0
202100015577;173 840;7;15;0;2;14;1
202100015578;173 839;30;0;0;0;21;1
202100015579;173 837;7;0;2;3;1;1
202100015579;173 838;7;0;2;2;1;1
202100015580;173 834;7;0;2;4;2;1
202100015580;173 835;7;0;2;4;2;1
202100015580;173 836;7;0;2;1;2;1
202100015581;173 831;7;0;2;1;1;1
202100015581;173 832;7;0;2;1;1;1
202100015581;173 833;7;0;2;4;1;1
202100015582;173 828;7;0;2;1;2;1
202100015582;173 829;7;0;2;4;2;1
202100015582;173 830;7;0;2;4;2;1
202100015583;173 827;7;0;1;2;15;1
202100015584;173 826;7;3;0;0;0;1
202100015585;173 825;7;0;1;3;1;1
202100015586;173 821;7;0;0;0;0;1
202100015586;173 822;30;14;0;0;0;1
202100015587;173 819;7;0;9;2;1;1
202100015587;173 820;50;0;2;8;19;3
202100015588;173 817;7;0;2;1;2;1
202100015588;173 818;7;0;2;7;15;1
202100015589;173 815;7;0;2;2;16;1
202100015589;173 816;32;0;2;8;7;1
202100015590;173 812;10;0;2;1;1;1
202100015590;173 813;10;0;2;4;26;1
202100015590;173 814;33;0;2;8;1;2
202100015591;173 810;32;0;2;1;1;1
202100015591;173 811;7;0;2;3;15;1
202100015592;173 808;7;0;2;2;9;0
202100015592;173 809;7;0;2;1;1;1
202100015593;173 807;32;0;0;0;0;1
202100015594;173 806;20;4;0;3;16;1
202100015595;173 805;7;0;1;0;26;1
202100015596;173 804;7;0;1;2;1;1
202100015597;173 803;7;13;0;1;13;1
202100015598;173 802;7;3;0;2;1;1
202100015599;173 801;7;13;0;9;26;1
202100015600;173 799;30;0;2;8;1;1
202100015600;173 800;14;0;2;6;15;1
202100015601;173 797;1;0;2;1;1;0
202100015601;173 798;7;0;2;3;9;1
202100015602;173 795;33;0;2;7;17;1
202100015602;173 796;7;0;2;3;15;1
202100015603;173 793;7;0;2;3;1;1
202100015603;173 794;7;0;2;3;1;1
202100015604;173 789;1;0;2;7;1;5
202100015604;173 790;37;0;2;5;16;1
202100015605;173 787;7;1;2;1;12;1
202100015605;173 788;1;0;2;8;0;5
202100015606;173 784;1;0;0;4;1;5
202100015606;173 785;7;0;2;1;5;1
202100015606;173 786;7;0;2;3;1;1
202100015607;173 779;30;0;2;7;16;1
202100015608;173 778;7;0;1;2;9;1
202100015609;173 777;7;0;1;1;1;1
202100015610;173 773;30;0;0;7;16;1
202100015611;173 771;7;0;2;3;1;1
202100015611;173 772;7;0;2;1;13;1
202100015612;173 770;7;12;0;1;1;1
202100015613;173 768;7;8;2;5;1;1
202100015613;173 769;7;0;2;1;1;0
202100015614;173 767;3;8;0;1;1;1
202100015615;173 765;7;0;2;3;15;1
202100015615;173 766;33;0;2;2;3;1
202100015616;173 763;33;0;2;7;1;1
202100015616;173 764;7;0;2;3;15;1
202100015617;173 761;33;0;2;8;1;1
202100015617;173 762;7;0;2;1;15;1
202100015618;173 759;7;0;2;8;15;1
202100015618;173 760;33;0;2;1;1;1
202100015619;173 756;7;0;2;1;1;1
202100015619;173 757;7;0;2;4;21;1
202100015619;173 758;7;0;2;4;0;1
202100015620;173 754;50;0;2;1;1;3
202100015620;173 755;7;0;2;2;15;1
202100015621;173 752;33;0;2;7;1;1
202100015621;173 753;33;0;2;1;2;1
202100015622;173 750;7;0;2;4;1;1
202100015622;173 751;7;0;2;1;1;1
202100015623;173 746;99;3;0;0;14;1
202100015623;173 747;10;4;4;1;1;1
202100015623;173 748;7;0;4;1;1;1
202100015623;173 749;7;0;4;1;1;1
202100015624;173 744;33;0;2;7;2;1
202100015624;173 745;7;0;2;6;15;1
202100015625;173 742;7;0;2;1;1;1
202100015625;173 743;33;0;2;7;15;1
202100015626;173 741;7;15;0;0;26;0
202100015627;173 740;7;0;1;2;0;0
202100015628;173 736;7;14;0;4;23;1
202100015628;173 737;7;14;0;4;23;1
202100015628;173 738;7;0;2;9;23;1
202100015628;173 739;10;14;0;1;2;1
202100015629;173 734;1;0;2;8;2;5
202100015629;173 735;10;0;9;7;17;1
202100015630;173 733;1;0;1;9;13;0
202100015631;173 732;7;0;1;7;1;1
202100015632;173 730;30;0;2;1;17;1
202100015632;173 731;3;0;2;8;15;1
202100015633;173 728;7;0;9;0;14;0
202100015633;173 729;1;0;2;7;26;5
202100015634;173 726;7;0;2;2;12;1
202100015634;173 727;10;0;2;6;21;1
202100015635;173 724;43;0;2;1;13;1
202100015635;173 725;7;0;2;4;1;1
202100015636;173 722;10;0;2;4;16;3
202100015636;173 723;2;0;2;2;16;1
202100015637;173 721;7;0;1;3;15;2
202100015638;173 720;32;0;0;0;19;1
202100015639;173 718;7;0;2;6;1;1
202100015639;173 719;30;0;2;1;2;1
202100015640;173 716;30;0;2;7;1;3
202100015640;173 717;7;0;2;1;1;1
202100015641;173 714;33;0;2;6;13;1
202100015641;173 715;7;0;2;6;1;2
202100015642;173 712;7;0;2;6;22;1
202100015642;173 713;32;0;2;1;1;1
202100015643;173 710;7;0;2;8;22;1
202100015643;173 711;2;0;2;1;1;1
202100015644;173 708;7;0;2;0;1;1
202100015644;173 709;30;0;2;0;1;1
202100015645;173 706;7;0;2;1;1;1
202100015645;173 707;30;0;2;1;17;1
202100015646;173 703;7;0;2;4;15;1
202100015646;173 704;31;0;2;4;15;1
202100015646;173 705;7;0;2;1;15;1
202100015647;173 702;1;12;0;1;0;5
202100015648;173 701;7;0;1;7;1;1
202100015649;173 697;2;0;2;1;18;1
202100015649;173 698;7;0;2;2;16;1
202100015650;173 696;7;4;0;1;9;1
202100015651;173 693;7;0;2;2;17;1
202100015651;173 694;1;0;2;8;2;5
202100015651;173 695;7;0;2;0;0;1
202100015652;173 691;7;0;2;3;16;1
202100015652;173 692;30;0;2;7;16;1
202100015653;173 689;10;0;2;0;0;0
202100015653;173 690;7;0;2;0;0;1
202100015654;173 687;7;0;2;2;2;1
202100015654;173 688;1;0;2;3;2;5
202100015655;173 685;7;0;2;1;1;1
202100015655;173 686;30;0;2;8;1;1
202100015656;173 683;1;0;2;7;9;0
202100015656;173 684;7;0;2;3;9;1
202100015657;173 681;7;0;0;0;0;1
202100015657;173 682;2;0;2;2;17;1
202100015658;173 679;7;0;2;3;17;1
202100015658;173 680;2;0;2;1;1;1
202100015659;173 678;2;1;0;1;1;1
202100015660;173 676;3;0;2;5;16;0
202100015660;173 677;50;0;2;1;1;3
202100015661;173 674;7;6;2;1;1;1
202100015661;173 675;7;0;2;4;1;1
202100015662;173 672;7;9;2;7;1;1
202100015662;173 673;7;9;2;1;1;1
202100015663;173 670;7;0;2;5;12;1
202100015663;173 671;30;0;2;8;1;1
202100015664;173 668;7;0;2;3;21;1
202100015664;173 669;10;0;2;7;21;1
202100015665;173 666;30;0;2;3;1;1
202100015665;173 667;7;0;2;2;1;1
202100015666;173 665;10;0;0;1;1;1
202100015667;173 663;17;0;2;1;2;1
202100015667;173 664;7;0;0;4;15;1
202100015668;173 661;7;0;2;5;1;1
202100015668;173 662;7;0;2;3;19;0
202100015669;173 659;2;0;0;7;26;1
202100015669;173 660;7;0;2;3;9;1
202100015670;173 658;7;16;0;9;17;1
202100015671;173 656;7;0;9;2;17;1
202100015671;173 657;1;0;2;8;2;5
202100015672;173 655;7;0;1;1;20;1
202100015673;173 653;33;0;2;1;13;1
202100015673;173 654;7;0;2;2;1;1
202100015674;173 650;10;0;2;2;2;1
202100015674;173 651;7;0;2;4;15;1
202100015675;173 648;7;0;2;1;13;1
202100015675;173 649;7;0;2;1;1;3
202100015676;173 647;1;13;0;1;26;0
202100015677;173 646;7;13;0;3;0;1
202100015678;173 645;33;3;0;7;1;1
202100015679;173 643;7;0;2;1;1;1
202100015679;173 644;7;0;2;2;15;1
202100015680;173 642;31;8;0;1;20;1
202100015681;173 641;7;0;0;2;1;0
202100015682;173 639;7;0;2;3;1;1
202100015682;173 640;7;0;2;3;13;1
202100015683;173 638;7;2;0;3;14;1
202100015684;173 636;7;0;2;3;19;1
202100015684;173 637;33;0;2;1;17;1
202100015685;173 630;7;2;0;1;1;1
202100015686;173 629;33;3;0;0;13;1
202100015687;173 627;7;0;9;3;1;1
202100015687;173 628;1;0;2;8;19;5
202100015688;173 626;15;13;0;9;1;1
202100015689;173 625;7;0;0;9;1;1
202100015690;173 624;33;13;0;0;0;1
202100015691;173 622;7;0;2;1;1;1
202100015691;173 623;7;0;2;4;1;1
202100015692;173 619;7;3;0;4;1;1
202100015692;173 620;7;0;2;1;2;1
202100015693;173 616;7;0;0;5;15;1
202100015693;173 617;32;0;2;1;1;1
202100015694;173 614;2;0;2;1;1;1
202100015694;173 615;7;0;2;2;15;1
202100015695;173 612;33;8;2;2;1;1
202100015695;173 613;7;0;2;3;19;1
202100015696;173 611;7;15;0;1;26;1
202100015697;173 610;2;6;0;1;0;1
202100015698;173 609;7;2;0;8;1;1
202100015699;173 608;33;2;0;2;1;1
202100015700;173 607;7;15;0;1;0;1
202100015701;173 606;7;0;1;1;2;1
202100015702;173 605;7;2;0;1;1;1
202100015703;173 604;7;6;0;1;1;1
202100015704;173 601;7;0;2;1;23;1
202100015704;173 602;1;0;2;8;19;5
202100015704;173 603;33;0;2;1;17;1
202100015705;173 599;33;0;2;2;1;1
202100015705;173 600;7;0;2;3;15;1
202100015706;173 597;2;0;2;1;1;1
202100015706;173 598;7;0;2;2;19;1
202100015707;173 593;7;0;2;8;1;1
202100015707;173 594;7;0;0;0;0;0
202100015708;173 589;7;0;2;4;1;1
202100015708;173 590;7;0;2;4;0;1
202100015708;173 591;7;0;2;1;1;1
202100015708;173 592;7;0;0;4;1;1
202100015709;173 586;7;0;2;4;2;3
202100015709;173 587;7;0;2;3;2;1
202100015709;173 588;7;0;1;1;2;1
202100015710;173 584;7;0;2;1;2;1
202100015710;173 585;7;0;2;4;2;1
202100015711;173 582;0;0;2;0;26;0
202100015711;173 583;7;0;2;1;26;1
202100015712;173 581;33;3;0;2;14;1
202100015713;173 579;80;0;2;4;2;3
202100015713;173 580;7;0;2;1;2;1
202100015714;173 577;7;0;2;2;1;1
202100015714;173 578;7;4;2;2;12;1
202100015715;173 576;7;4;0;1;16;1
202100015716;173 574;7;0;2;4;1;1
202100015716;173 575;10;0;2;1;2;1
202100015717;173 572;7;0;2;7;17;1
202100015717;173 573;7;3;2;3;1;1
202100015718;173 571;7;4;2;1;1;1
202100015719;173 569;7;0;2;1;2;1
202100015719;173 570;7;0;2;4;2;2
202100015720;173 568;10;4;0;6;1;1
202100015721;173 567;33;0;0;7;16;1
202100015722;173 565;7;0;2;1;1;1
202100015722;173 566;15;0;2;6;2;1
202100015723;173 563;7;0;2;1;1;1
202100015723;173 564;15;0;2;4;1;0
202100015724;173 562;7;14;0;1;26;1
202100015725;173 557;7;0;2;1;21;1
202100015725;173 558;7;0;2;8;1;1
202100015725;173 559;7;0;2;8;1;1
202100015725;173 560;7;0;2;8;1;1
202100015725;173 561;10;4;2;3;1;1
202100015726;173 555;7;0;2;1;2;1
202100015726;173 556;7;0;2;4;2;1
202100015727;173 554;7;0;1;0;1;0
202100015728;173 551;7;0;2;6;1;1
202100015728;173 552;7;0;2;5;1;1
202100015728;173 553;7;3;2;1;2;1
202100015729;173 550;7;0;2;1;1;1
202100015730;173 547;10;0;2;1;1;1
202100015730;173 548;7;0;2;6;2;1
202100015730;173 549;14;0;2;4;2;1
202100015731;173 546;7;3;0;3;0;1
202100015732;173 544;7;0;2;4;2;1
202100015732;173 545;7;0;2;1;2;1
202100015733;173 542;10;6;0;9;0;1
202100015733;173 543;7;0;0;1;1;1
202100015734;173 541;7;4;0;9;2;1
202100015735;173 538;7;0;2;5;2;1
202100015735;173 539;7;15;2;2;15;1
202100015735;173 540;7;0;2;6;2;1
202100015736;173 536;7;4;2;8;9;1
202100015736;173 537;15;0;2;7;1;0
202100015737;173 534;34;1;2;1;18;1
202100015737;173 535;10;0;0;0;22;1
202100015738;173 533;7;0;1;1;16;1
202100015739;173 532;7;0;1;3;16;1
202100015740;173 530;14;0;2;2;16;1
202100015740;173 531;32;0;2;3;18;1
202100015741;173 529;10;0;1;2;1;1
202100015742;173 527;33;0;2;3;1;1
202100015742;173 528;30;0;2;1;1;1
202100015743;173 526;7;0;1;3;7;2
202100015744;173 525;1;0;0;3;1;5
202100015745;173 524;2;12;0;0;14;1
202100015746;173 522;30;0;2;1;1;1
202100015746;173 523;1;0;2;8;1;5
202100015747;173 520;32;0;2;7;1;1
202100015747;173 521;15;0;2;2;15;1
202100015748;173 519;7;0;1;3;1;2
202100015749;173 518;1;2;1;4;25;5
202100015750;173 516;33;0;2;1;2;1
202100015750;173 517;10;0;2;0;2;3
202100015751;173 515;37;0;1;2;7;2
202100015752;173 513;7;0;2;4;23;1
202100015752;173 514;10;0;2;1;2;1
202100015753;173 511;32;0;2;2;16;1
202100015753;173 512;80;0;2;8;1;3
202100015754;173 509;7;0;0;3;23;1
202100015754;173 510;7;1;0;2;26;2
202100015755;173 507;32;0;2;1;17;1
202100015755;173 508;10;0;2;8;15;1
202100015756;173 505;7;0;2;5;15;1
202100015756;173 506;30;0;2;1;2;1
202100015757;173 503;2;0;2;1;1;1
202100015757;173 504;7;0;2;3;26;1
202100015758;173 501;34;0;2;1;16;1
202100015758;173 502;1;0;2;1;15;5
202100015759;173 500;7;1;0;2;1;1
202100015760;173 499;33;0;1;1;1;1
202100015761;173 497;7;0;2;5;15;2
202100015761;173 498;34;0;2;1;1;3
202100015762;173 495;7;0;2;1;9;1
202100015762;173 496;2;0;2;1;26;1
202100015763;173 493;50;0;2;8;1;3
202100015763;173 494;10;0;2;7;17;0
202100015764;173 490;7;0;2;0;0;1
202100015764;173 491;7;0;2;9;1;1
202100015764;173 492;7;0;2;1;9;1
202100015765;173 488;7;0;2;1;2;1
202100015765;173 489;33;0;2;2;0;1
202100015766;173 486;7;0;2;1;2;1
202100015766;173 487;7;0;2;4;23;1
202100015767;173 484;7;0;2;1;1;1
202100015767;173 485;7;0;2;1;11;1
202100015768;173 483;7;0;1;2;1;1
202100015769;173 481;7;0;9;3;9;1
202100015769;173 482;1;0;2;1;1;0
202100015770;173 479;7;0;2;1;0;1
202100015770;173 480;7;0;2;0;0;1
202100015771;173 477;7;0;2;1;26;1
202100015771;173 478;32;0;2;7;1;1
202100015772;173 476;30;0;1;1;1;0
202100015773;173 475;7;0;1;1;15;0
202100015774;173 473;7;0;2;2;16;1
202100015774;173 474;80;0;2;8;1;3
202100015775;173 471;1;0;2;8;13;5
202100015775;173 472;10;0;2;0;0;1
202100015776;173 469;32;1;2;0;0;0
202100015776;173 470;20;0;2;0;13;0
202100015777;173 468;7;0;1;1;1;1
202100015778;173 466;7;0;2;8;1;1
202100015778;173 467;7;0;2;1;1;1
202100015779;173 464;33;0;2;1;2;1
202100015779;173 465;7;0;2;1;15;3
202100015780;173 462;7;0;2;3;15;1
202100015780;173 463;32;0;2;8;0;1
202100015781;173 461;7;0;1;4;4;1
202100015782;173 460;7;0;1;3;1;0
202100015783;173 459;10;0;1;1;15;1
202100015784;173 457;7;0;2;5;16;1
202100015784;173 458;1;0;2;1;18;5
202100015785;173 455;7;0;2;2;15;1
202100015785;173 456;7;0;2;1;1;1
202100015786;173 453;7;0;2;3;1;1
202100015786;173 454;7;0;2;3;1;1
202100015787;173 451;7;0;2;1;1;1
202100015787;173 452;13;0;0;5;1;1
202100015788;173 450;33;2;0;1;0;1
202100015789;173 447;7;0;2;6;1;1
202100015789;173 448;7;0;0;3;23;1
202100015789;173 449;33;1;2;0;0;1
202100015790;173 445;33;0;2;1;13;1
202100015790;173 446;7;0;2;8;15;1
202100015791;173 444;2;13;0;3;0;1
202100015792;173 442;10;0;2;3;1;1
202100015792;173 443;7;0;2;5;12;1
202100015793;173 440;7;0;2;1;1;1
202100015793;173 441;7;1;0;6;15;1
202100015794;173 438;1;0;2;4;2;5