Num_Acc;id_vehicule;catv;obs;obsm;choc;manv;motor
202100016945;171 334;10;0;2;4;1;1
202100016945;171 335;7;0;2;1;1;1
202100016946;171 333;7;0;1;1;0;0
202100016947;171 331;33;0;2;3;18;1
202100016947;171 332;7;0;2;2;16;1
202100016948;171 328;17;0;2;2;9;1
202100016948;171 329;7;0;2;8;1;1
202100016948;171 330;7;0;2;1;1;1
202100016949;171 327;10;1;0;3;15;0
202100016950;171 326;32;0;0;0;26;1
202100016951;171 324;7;0;2;3;15;1
202100016951;171 325;33;0;2;3;1;1
202100016952;171 323;7;1;0;1;14;1
202100016953;171 322;7;15;0;2;14;1
202100016954;171 321;7;0;2;1;1;0
202100016955;171 319;40;0;2;1;1;3
202100016955;171 320;7;0;4;3;15;1
202100016956;171 317;80;0;2;8;1;3
202100016956;171 318;10;0;2;7;1;1
202100016957;171 314;7;0;1;1;14;1
202100016958;171 312;7;0;2;1;24;1
202100016958;171 313;7;1;0;1;5;1
202100016959;171 310;7;0;2;1;1;1
202100016959;171 311;7;0;2;4;1;1
202100016960;171 307;7;0;2;4;1;1
202100016960;171 308;7;0;2;4;1;1
202100016960;171 309;7;0;2;1;1;1
202100016961;171 306;14;0;0;2;14;1
202100016962;171 304;7;0;2;1;26;1
202100016962;171 305;1;0;2;8;26;5
202100016963;171 303;10;0;1;1;1;1
202100016964;171 301;7;0;2;2;22;1
202100016964;171 302;1;1;0;1;26;5
202100016965;171 299;1;0;2;8;26;5
202100016965;171 300;7;0;9;8;26;3
202100016966;171 295;1;0;2;8;1;0
202100016966;171 296;7;0;2;7;17;1
202100016967;171 293;30;0;2;1;1;1
202100016967;171 294;7;0;2;7;0;1
202100016968;171 291;1;0;2;7;25;0
202100016968;171 292;7;0;2;3;19;1
202100016969;171 289;7;0;2;3;13;1
202100016969;171 290;33;0;2;7;3;1
202100016970;171 287;10;0;2;2;17;1
202100016970;171 288;7;0;2;3;11;1
202100016971;171 284;7;0;2;0;0;1
202100016971;171 285;7;0;2;9;1;1
202100016971;171 286;7;0;2;4;1;1
202100016972;171 282;1;0;2;1;5;5
202100016972;171 283;7;0;2;3;16;1
202100016973;171 281;7;0;0;0;26;1
202100016974;171 279;7;0;2;8;15;1
202100016974;171 280;37;0;2;1;1;1
202100016975;171 278;7;0;1;3;26;1
202100016976;171 276;33;2;2;1;11;1
202100016976;171 277;7;0;2;8;15;1
202100016977;171 274;7;0;2;1;1;1
202100016977;171 275;7;0;2;1;15;1
202100016978;171 272;34;0;2;7;17;1
202100016978;171 273;7;0;2;3;15;1
202100016979;171 270;7;0;2;3;16;1
202100016979;171 271;34;0;2;2;1;1
202100016980;171 268;7;0;2;7;19;1
202100016980;171 269;7;0;2;1;1;0
202100016981;171 266;7;0;2;2;19;1
202100016981;171 267;7;0;2;2;15;1
202100016982;171 264;7;0;2;9;17;1
202100016982;171 265;7;0;2;1;1;1
202100016983;171 262;7;0;2;1;15;1
202100016983;171 263;31;0;2;4;15;0
202100016984;171 261;10;0;1;8;9;1
202100016985;171 259;43;0;2;1;2;1
202100016985;171 260;30;0;2;3;15;1
202100016986;171 257;7;0;2;2;19;1
202100016986;171 258;34;0;2;1;1;1
202100016987;171 256;7;0;1;0;0;1
202100016988;171 254;7;0;2;0;13;1
202100016988;171 255;33;0;2;8;2;1
202100016989;171 253;7;0;1;1;15;1
202100016990;171 251;7;0;2;1;1;1
202100016990;171 252;10;0;2;4;1;1
202100016991;171 249;2;0;2;1;26;1
202100016991;171 250;7;0;0;4;1;1
202100016992;171 247;37;0;2;2;1;1
202100016992;171 248;7;0;2;4;4;1
202100016993;171 246;7;0;1;2;16;1
202100016994;171 244;7;0;2;4;2;1
202100016994;171 245;33;0;2;1;0;1
202100016995;171 242;30;0;2;7;18;1
202100016995;171 243;7;0;2;7;14;1
202100016996;171 241;30;0;0;1;1;1
202100016997;171 239;2;0;2;1;3;1
202100016997;171 240;7;0;2;1;1;1
202100016998;171 237;30;0;2;1;1;1
202100016998;171 238;7;0;2;6;1;1
202100016999;171 236;30;12;0;1;14;1
202100017000;171 234;7;0;2;1;2;1
202100017000;171 235;7;0;2;4;1;1
202100017001;171 232;43;0;2;3;13;1
202100017001;171 233;7;0;2;5;1;1
202100017002;171 230;7;0;2;7;12;1
202100017002;171 231;31;0;2;8;3;1
202100017003;171 228;7;0;2;8;11;1
202100017003;171 229;33;0;2;7;1;1
202100017004;171 226;7;0;2;1;2;1
202100017004;171 227;10;0;2;4;2;1
202100017005;171 224;10;0;2;6;1;1
202100017005;171 225;33;0;2;1;12;1
202100017006;171 222;32;0;2;2;11;1
202100017006;171 223;10;0;2;5;1;1
202100017007;171 219;7;0;2;1;2;1
202100017007;171 220;7;0;2;4;2;1
202100017007;171 221;7;0;2;6;2;1
202100017008;171 218;33;3;0;1;21;1
202100017009;171 216;34;0;2;8;18;1
202100017009;171 217;7;0;2;7;1;1
202100017010;171 212;32;0;2;6;3;1
202100017010;171 213;10;0;2;8;1;1
202100017010;171 214;10;0;2;5;1;1
202100017010;171 215;7;0;2;2;12;1
202100017011;171 210;7;0;2;6;12;0
202100017011;171 211;33;0;2;2;3;1
202100017012;171 207;7;0;2;6;1;1
202100017012;171 208;7;0;2;6;1;1
202100017012;171 209;7;0;2;2;11;1
202100017013;171 205;7;0;2;8;1;1
202100017013;171 206;7;0;2;2;14;1
202100017014;171 203;7;0;2;4;1;1
202100017014;171 204;33;0;2;0;16;1
202100017015;171 202;32;0;0;0;1;1
202100017016;171 199;31;0;2;1;15;1
202100017016;171 200;1;0;2;1;1;5
202100017017;171 198;7;11;1;0;13;1
202100017018;171 197;30;12;0;7;14;1
202100017019;171 196;7;7;0;1;13;2
202100017020;171 195;1;0;0;1;1;5
202100017021;171 193;33;0;2;1;1;1
202100017021;171 194;1;0;2;6;1;5
202100017022;171 191;33;0;2;0;9;1
202100017022;171 192;32;0;2;7;17;1
202100017023;171 189;33;0;2;3;2;1
202100017023;171 190;7;0;2;5;23;1
202100017024;171 188;7;1;0;2;14;1
202100017025;171 186;32;0;2;8;1;1
202100017025;171 187;7;0;2;2;15;1
202100017026;171 184;50;0;2;1;1;3
202100017026;171 185;7;0;2;5;16;1
202100017027;171 182;10;0;2;8;13;1
202100017027;171 183;32;0;2;7;1;1
202100017028;171 180;10;0;2;2;16;1
202100017028;171 181;50;0;2;3;1;3
202100017029;171 179;10;0;1;3;15;1
202100017030;171 178;7;0;1;4;4;1
202100017031;171 176;43;0;2;5;17;1
202100017031;171 177;7;0;2;3;15;1
202100017032;171 174;30;0;2;1;17;1
202100017032;171 175;7;0;2;3;15;1
202100017033;171 172;33;0;2;1;1;1
202100017033;171 173;7;0;2;7;1;1
202100017034;171 171;7;0;1;1;9;1
202100017035;171 170;7;0;1;1;1;1
202100017036;171 169;7;0;1;2;1;1
202100017037;171 168;34;0;0;0;21;1
202100017038;171 166;1;0;1;1;1;5
202100017039;171 165;33;0;0;0;17;1
202100017040;171 164;7;0;1;2;1;1
202100017041;171 163;33;12;0;1;13;1
202100017042;171 162;7;0;1;1;15;1
202100017043;171 160;7;0;2;4;12;2
202100017043;171 161;34;0;2;1;1;1
202100017044;171 159;1;0;1;1;1;5
202100017045;171 157;50;0;2;8;1;3
202100017045;171 158;7;0;2;5;16;1
202100017046;171 155;33;0;2;5;13;1
202100017046;171 156;7;0;2;3;23;1
202100017047;171 153;1;0;2;1;13;5
202100017047;171 154;50;0;2;1;1;3
202100017048;171 152;50;0;1;1;1;3
202100017049;171 150;15;0;2;5;14;0
202100017049;171 151;34;0;2;3;1;1
202100017050;171 148;7;0;2;6;9;2
202100017050;171 149;30;0;2;2;1;1
202100017051;171 146;7;0;2;3;22;1
202100017051;171 147;80;0;2;1;1;3
202100017052;171 145;30;0;1;3;17;3
202100017053;171 143;30;0;2;1;1;1
202100017053;171 144;7;0;2;2;1;1
202100017054;171 142;7;0;1;7;1;1
202100017055;171 140;2;0;2;1;8;3
202100017055;171 141;50;0;2;1;15;3
202100017056;171 138;1;0;2;5;19;5
202100017056;171 139;30;0;2;1;1;1
202100017057;171 136;7;0;2;2;16;1
202100017057;171 137;50;0;2;1;1;3
202100017058;171 134;7;0;2;3;15;1
202100017058;171 135;1;0;2;1;5;5
202100017059;171 132;1;0;2;1;1;5
202100017059;171 133;7;0;2;1;5;2
202100017060;171 130;10;0;2;3;22;1
202100017060;171 131;1;0;2;1;1;5
202100017061;171 129;32;0;0;0;15;1
202100017062;171 126;7;0;2;1;2;3
202100017062;171 127;7;0;2;4;23;2
202100017062;171 128;7;0;2;4;23;1
202100017063;171 124;32;0;2;2;1;1
202100017063;171 125;7;0;2;3;9;1
202100017064;171 122;30;0;2;5;17;3
202100017064;171 123;7;0;2;0;15;0
202100017065;171 121;10;0;1;4;4;1
202100017066;171 119;30;0;2;2;1;1
202100017066;171 120;7;0;2;3;9;1
202100017067;171 118;1;0;1;1;1;5
202100017068;171 117;10;0;1;1;15;1
202100017069;171 115;10;0;2;8;22;1
202100017069;171 116;1;0;2;1;1;5
202100017070;171 113;30;0;2;3;1;3
202100017070;171 114;7;0;2;2;12;1
202100017071;171 112;7;11;0;3;13;1
202100017072;171 111;80;12;2;1;13;3
202100017073;171 109;7;0;2;7;16;1
202100017073;171 110;31;0;2;1;1;1
202100017074;171 107;7;0;2;1;10;1
202100017074;171 108;43;0;2;6;1;1
202100017075;171 106;80;0;1;3;1;3
202100017076;171 104;1;0;2;7;9;5
202100017076;171 105;80;0;2;7;1;3
202100017077;171 102;1;0;2;0;1;5
202100017077;171 103;7;0;2;0;14;0
202100017078;171 100;10;0;2;2;16;1
202100017078;171 101;32;0;2;3;18;1
202100017079;171 099;10;0;1;3;15;1
202100017080;171 098;32;1;2;1;13;1
202100017081;171 097;32;4;0;2;14;1
202100017082;171 096;1;0;1;1;1;5
202100017083;171 094;7;0;2;1;1;1
202100017083;171 095;7;0;9;4;23;1
202100017084;171 092;7;0;2;3;20;1
202100017084;171 093;7;0;0;2;1;1
202100017085;171 090;33;0;2;0;0;0
202100017085;171 091;10;0;2;0;0;0
202100017086;171 088;7;0;2;1;1;1
202100017086;171 089;60;0;2;1;19;5
202100017087;171 086;7;0;2;6;26;0
202100017087;171 087;32;0;2;1;26;1
202100017088;171 084;10;0;2;6;10;1
202100017088;171 085;33;0;2;6;1;1
202100017089;171 083;10;0;1;2;17;1
202100017090;171 081;10;0;2;7;15;1
202100017090;171 082;43;0;2;1;1;1
202100017091;171 079;10;0;2;1;2;1
202100017091;171 080;43;0;2;8;2;1
202100017092;171 077;7;0;2;3;15;1
202100017092;171 078;32;0;2;2;17;1
202100017093;171 075;30;0;2;6;18;1
202100017093;171 076;7;0;2;5;1;1
202100017094;171 074;7;12;-1;2;1;1
202100017095;171 072;30;0;2;1;1;1
202100017095;171 073;7;0;2;3;15;1
202100017096;171 070;7;0;2;2;17;1
202100017096;171 071;33;0;2;8;15;1
202100017097;171 069;13;0;1;7;2;1
202100017098;171 067;37;0;2;1;2;6
202100017098;171 068;33;14;2;1;17;1
202100017099;171 066;7;12;0;3;19;1
202100017100;171 064;30;0;2;1;1;1
202100017100;171 065;7;0;2;1;15;1
202100017101;171 062;7;0;2;8;1;0
202100017101;171 063;7;0;2;1;1;0
202100017102;171 060;7;0;2;1;2;1
202100017102;171 061;7;0;2;7;15;1
202100017103;171 058;10;0;2;3;2;0
202100017103;171 059;1;0;2;4;2;5
202100017104;171 057;10;0;1;4;26;1
202100017105;171 055;2;0;2;7;2;1
202100017105;171 056;7;0;2;6;15;1
202100017106;171 053;7;8;2;1;15;1
202100017106;171 054;31;0;2;8;1;1
202100017107;171 051;7;0;2;7;1;1
202100017107;171 052;1;0;2;1;13;5
202100017108;171 050;7;0;1;7;1;1
202100017109;171 048;7;0;2;0;2;1
202100017109;171 049;7;0;2;1;2;1
202100017110;171 047;7;0;1;2;1;1
202100017111;171 045;34;0;2;7;1;1
202100017111;171 046;7;0;2;3;13;1
202100017112;171 043;7;0;2;3;15;1
202100017112;171 044;1;0;2;8;0;5
202100017113;171 041;7;0;2;1;1;1
202100017113;171 042;7;0;2;8;15;1
202100017114;171 040;7;0;1;2;26;1
202100017115;171 039;7;0;1;4;24;1
202100017116;171 038;13;0;9;3;16;1
202100017117;171 036;7;0;2;1;15;1
202100017117;171 037;33;8;0;3;1;1
202100017118;171 034;7;0;2;1;9;1
202100017118;171 035;7;0;2;8;1;1
202100017119;171 033;7;0;1;1;1;1
202100017120;171 032;7;0;1;2;1;1
202100017121;171 031;7;0;1;3;1;1
202100017122;171 029;33;0;2;1;1;0
202100017122;171 030;7;0;2;0;0;1
202100017123;171 028;7;0;1;1;15;1
202100017124;171 027;32;3;0;2;1;1
202100017125;171 025;7;0;2;6;10;1
202100017125;171 026;50;0;2;1;1;3
202100017126;171 024;7;0;1;1;1;1
202100017127;171 022;80;0;2;7;1;3
202100017127;171 023;13;3;0;7;26;1
202100017128;171 020;33;0;2;8;1;1
202100017128;171 021;10;0;2;0;0;0
202100017129;171 018;30;0;2;1;1;1
202100017129;171 019;7;0;2;3;1;1
202100017130;171 016;2;0;0;0;0;0
202100017130;171 017;7;0;0;1;15;1
202100017131;171 014;7;1;2;2;17;1
202100017131;171 015;7;0;2;2;1;1
202100017132;171 012;7;0;2;3;9;1
202100017132;171 013;32;0;2;1;17;1
202100017133;171 010;7;12;0;1;14;1
202100017133;171 011;31;12;0;8;2;1
202100017134;171 009;7;0;1;1;1;0
202100017135;171 008;50;15;0;7;26;3
202100017136;171 006;34;0;2;3;26;0
202100017136;171 007;7;0;2;2;15;2
202100017137;171 005;7;0;1;0;9;0
202100017138;171 003;1;0;2;4;11;0
202100017138;171 004;32;0;2;1;1;1
202100017139;171 001;33;0;2;3;3;1
202100017139;171 002;10;0;2;5;1;1
202100017140;171 000;7;0;1;0;9;0
202100017141;170 998;2;0;0;0;0;1
202100017141;170 999;7;0;2;2;14;1
202100017142;170 996;7;0;2;3;15;1
202100017142;170 997;7;0;2;2;15;1
202100017143;170 994;1;0;9;7;26;5
202100017143;170 995;1;0;9;1;26;5
202100017144;170 992;30;0;2;2;9;1
202100017144;170 993;7;0;2;2;9;1
202100017145;170 990;7;0;2;3;9;1
202100017145;170 991;2;0;2;1;1;1
202100017146;170 989;7;0;1;1;26;1
202100017147;170 988;43;0;1;3;1;1
202100017148;170 987;10;0;1;4;4;1
202100017149;170 985;30;0;2;1;1;1
202100017149;170 986;99;0;2;3;15;0
202100017150;170 984;37;1;1;2;26;6
202100017151;170 982;33;0;2;1;17;1
202100017151;170 983;7;0;2;4;15;1
202100017152;170 981;33;8;0;0;1;1
202100017153;170 980;21;0;0;8;1;1
202100017154;170 979;3;13;0;2;1;1
202100017155;170 977;2;0;2;1;13;1
202100017155;170 978;10;0;2;2;1;1
202100017156;170 976;7;7;0;3;13;1
202100017157;170 975;31;14;0;1;1;1
202100017158;170 971;33;0;2;1;13;1
202100017158;170 972;7;0;9;8;1;1
202100017159;170 969;7;1;0;1;14;1
202100017159;170 970;13;1;2;4;24;1
202100017160;170 968;33;13;0;1;13;1
202100017161;170 966;7;0;2;2;15;1
202100017161;170 967;7;0;2;3;1;1
202100017162;170 964;7;0;2;1;2;1
202100017162;170 965;2;0;2;4;23;1
202100017163;170 960;7;0;0;7;15;1
202100017163;170 961;34;0;2;8;1;1
202100017164;170 958;1;0;2;8;1;5
202100017164;170 959;7;0;2;7;21;1
202100017165;170 957;7;3;0;2;1;1
202100017166;170 955;7;0;2;3;15;1
202100017166;170 956;10;0;2;3;1;1
202100017167;170 953;33;0;2;3;1;1
202100017167;170 954;7;0;2;3;17;1
202100017168;170 944;7;0;2;2;17;1
202100017168;170 945;1;0;2;1;1;5
202100017168;170 946;1;0;0;0;1;5
202100017168;170 947;1;0;0;0;1;5
202100017168;170 948;1;0;2;1;1;5
202100017168;170 949;1;0;0;0;1;5
202100017168;170 950;1;0;0;0;1;5
202100017168;170 951;1;0;0;0;1;5
202100017168;170 952;7;0;0;0;1;1
202100017169;170 943;7;3;0;7;1;1
202100017170;170 942;33;0;0;2;1;1
202100017171;170 941;2;8;0;1;1;1
202100017172;170 939;14;0;2;0;1;-1
202100017172;170 940;2;0;2;3;1;1
202100017173;170 937;0;0;0;0;2;0
202100017174;170 935;7;0;2;8;15;1
202100017174;170 936;33;0;2;7;17;1
202100017175;170 933;7;0;2;2;15;1
202100017175;170 934;34;0;2;1;1;1
202100017176;170 932;2;0;0;3;2;1
202100017177;170 931;7;8;0;7;1;1
202100017178;170 929;7;0;2;1;13;1
202100017178;170 930;2;0;2;1;1;1
202100017179;170 927;7;0;2;3;1;1
202100017179;170 928;7;0;0;6;9;1
202100017180;170 925;2;14;2;8;1;1
202100017181;170 924;7;0;1;2;1;1
202100017182;170 922;7;0;9;3;9;0
202100017182;170 923;2;0;2;2;1;1
202100017183;170 920;7;0;2;6;1;1
202100017183;170 921;33;0;2;8;13;1
202100017184;170 918;10;0;2;2;17;1
202100017184;170 919;21;0;2;6;26;1
202100017185;170 917;21;0;0;7;1;1
202100017186;170 913;7;0;2;8;1;3
202100017186;170 914;7;0;2;1;1;1
202100017186;170 915;7;0;2;3;1;1
202100017186;170 916;7;0;2;3;17;1
202100017187;170 911;7;0;2;8;15;0
202100017187;170 912;33;0;2;9;17;1
202100017188;170 910;7;4;0;2;0;1
202100017189;170 908;7;0;2;1;1;1
202100017189;170 909;7;0;2;1;1;1
202100017190;170 907;7;8;0;2;14;1
202100017191;170 905;7;0;2;6;19;1
202100017191;170 906;2;0;2;1;1;1
202100017192;170 903;1;0;2;8;1;5
202100017192;170 904;7;0;9;1;1;1
202100017193;170 902;10;0;1;3;1;1
202100017194;170 900;7;0;2;3;1;1
202100017194;170 901;7;0;2;3;1;1
202100017195;170 899;10;0;6;2;1;1
202100017196;170 897;21;0;2;6;1;1
202100017196;170 898;2;0;2;1;16;1
202100017197;170 896;7;2;0;1;1;1
202100017198;170 895;7;6;0;1;1;1
202100017199;170 891;7;0;2;3;1;1
202100017199;170 892;7;0;2;3;17;1
202100017200;170 890;7;13;0;1;13;1
202100017201;170 889;7;13;0;1;13;1
202100017202;170 888;7;13;0;1;14;1
202100017203;170 886;99;0;0;4;2;5
202100017203;170 887;7;0;9;2;2;1
202100017204;170 885;10;0;1;1;1;1
202100017205;170 884;7;6;0;1;1;1
202100017206;170 883;7;0;0;1;14;1
202100017207;170 881;7;0;2;8;15;1
202100017207;170 882;7;0;2;3;1;1
202100017208;170 880;2;0;0;0;1;1
202100017209;170 879;7;0;1;6;1;1
202100017210;170 878;7;2;0;1;13;1
202100017211;170 877;7;2;0;2;13;1
202100017212;170 876;33;9;0;3;14;1
202100017213;170 874;7;0;2;3;1;1
202100017213;170 875;7;0;2;3;13;1
202100017214;170 873;7;0;1;3;1;1
202100017215;170 872;7;2;0;3;14;1
202100017216;170 871;7;13;0;1;1;1
202100017217;170 870;7;13;0;2;14;1
202100017218;170 869;33;0;0;9;2;1
202100017219;170 868;7;0;1;1;1;1
202100017220;170 867;2;0;0;7;1;1
202100017221;170 866;7;0;1;2;1;1
202100017222;170 864;2;0;2;1;1;1
202100017222;170 865;10;0;2;2;1;1
202100017223;170 862;7;0;2;6;15;1
202100017223;170 863;2;0;2;1;9;1
202100017224;170 858;80;0;2;3;1;3
202100017224;170 859;7;0;2;3;1;1
202100017225;170 856;2;0;2;1;1;1
202100017225;170 857;10;0;2;7;15;1
202100017226;170 854;80;0;2;2;1;3
202100017226;170 855;7;0;2;3;9;1
202100017227;170 852;1;0;2;7;1;5
202100017227;170 853;7;0;2;1;1;1
202100017228;170 851;7;7;0;0;1;1
202100017229;170 849;7;0;2;1;15;1
202100017229;170 850;2;0;2;8;2;1
202100017230;170 847;7;12;0;3;15;1
202100017230;170 848;7;8;0;2;1;1
202100017231;170 846;30;0;6;2;1;1
202100017232;170 844;7;0;2;3;9;0
202100017232;170 845;33;0;2;2;17;1
202100017233;170 842;7;0;2;1;1;1
202100017233;170 843;7;0;2;0;13;1
202100017234;170 841;31;0;0;1;13;1
202100017235;170 838;7;8;2;2;5;1
202100017235;170 839;7;0;2;1;1;1
202100017236;170 836;21;0;2;7;15;1
202100017236;170 837;7;0;2;1;1;1
202100017237;170 835;80;0;0;0;0;3
202100017238;170 834;7;13;0;9;1;1
202100017239;170 832;7;0;0;3;1;1
202100017239;170 833;21;0;0;3;19;0
202100017240;170 831;31;8;0;2;1;1
202100017241;170 829;21;0;2;6;1;1
202100017241;170 830;33;0;2;0;13;1
202100017242;170 827;80;0;2;1;1;3
202100017242;170 828;10;0;2;3;9;1
202100017243;170 826;7;16;0;0;0;1
202100017244;170 824;7;0;0;6;19;1
202100017244;170 825;7;0;2;1;1;1
202100017245;170 823;3;0;1;0;26;3
202100017246;170 822;31;0;5;1;1;1
202100017247;170 821;1;0;0;0;0;0
202100017248;170 820;33;13;0;1;1;1
202100017249;170 819;7;2;0;1;1;2
202100017250;170 818;7;5;0;2;21;1
202100017251;170 817;2;0;6;1;1;1
202100017252;170 815;10;0;2;1;1;1
202100017252;170 816;7;0;2;8;9;1
202100017253;170 810;7;0;4;7;1;1
202100017253;170 811;39;0;2;1;1;3
202100017254;170 808;7;0;2;1;1;0
202100017254;170 809;7;0;0;8;19;0
202100017255;170 806;10;0;2;2;2;1
202100017255;170 807;33;0;0;4;2;1
202100017256;170 805;33;0;0;7;1;1
202100017257;170 802;1;0;9;1;2;0
202100017257;170 803;1;0;2;8;2;0
202100017257;170 804;99;0;9;5;2;0
202100017258;170 801;7;13;0;3;1;1
202100017259;170 799;7;7;2;3;1;1
202100017259;170 800;7;0;2;3;19;1
202100017260;170 798;7;0;0;0;1;1
202100017261;170 796;0;0;2;0;2;0
202100017261;170 797;1;0;2;4;1;5
202100017262;170 794;7;0;2;1;0;1
202100017262;170 795;7;0;2;3;1;1
202100017263;170 793;33;3;0;1;17;1
202100017264;170 792;31;2;0;3;1;1
202100017265;170 791;7;2;0;1;1;1
202100017266;170 790;7;0;1;1;0;1
202100017267;170 788;7;0;2;8;1;1
202100017267;170 789;10;0;2;2;9;1
202100017268;170 786;10;9;2;3;14;1
202100017268;170 787;7;0;2;3;17;1
202100017269;170 785;7;13;0;1;1;1
202100017270;170 784;7;0;0;0;5;1
202100017271;170 783;7;0;0;9;1;1
202100017272;170 781;33;0;2;2;21;1
202100017272;170 782;21;0;2;8;26;1
202100017273;170 779;33;0;2;1;1;1
202100017273;170 780;7;0;2;5;15;1
202100017274;170 777;33;0;2;1;13;1
202100017274;170 778;33;0;2;3;13;1
202100017275;170 776;7;13;0;1;14;1
202100017276;170 774;2;0;2;2;1;1
202100017276;170 775;7;0;2;3;0;1
202100017277;170 770;7;0;2;2;1;1
202100017277;170 771;7;0;2;6;1;1
202100017278;170 769;7;0;9;0;0;0
202100017279;170 766;7;0;0;3;2;1
202100017279;170 767;7;0;2;2;1;1
202100017279;170 768;7;0;2;2;1;1
202100017280;170 764;7;0;2;1;2;1
202100017280;170 765;7;3;2;4;2;1
202100017281;170 762;33;4;0;3;2;1
202100017281;170 763;33;4;0;0;2;1
202100017282;170 760;37;0;2;3;5;1
202100017282;170 761;7;0;2;3;5;1
202100017283;170 759;7;13;0;3;1;1
202100017284;170 756;7;0;2;1;2;1
202100017284;170 757;7;0;2;4;2;1
202100017284;170 758;7;0;2;4;2;1
202100017285;170 754;7;0;2;1;13;0
202100017285;170 755;15;0;2;1;1;1
202100017286;170 752;14;0;2;7;19;1
202100017286;170 753;33;0;2;1;1;1
202100017287;170 751;7;13;0;8;17;1
202100017288;170 750;7;6;1;1;15;1
202100017289;170 747;7;0;2;1;2;1
202100017289;170 748;7;0;2;4;2;1
202100017289;170 749;7;0;0;4;2;1
202100017290;170 745;2;0;2;1;17;1
202100017290;170 746;7;0;0;3;15;1
202100017291;170 743;7;0;2;6;1;1
202100017291;170 744;30;0;2;1;13;1
202100017292;170 741;7;0;2;2;1;1
202100017292;170 742;2;0;2;1;13;1
202100017293;170 739;7;0;2;2;13;1
202100017293;170 740;2;0;2;1;1;1
202100017294;170 737;32;0;2;3;23;1
202100017294;170 738;7;0;2;2;14;1
202100017295;170 735;7;0;0;6;15;1
202100017295;170 736;33;0;2;1;17;1
202100017296;170 734;7;8;0;9;1;0
202100017297;170 733;7;0;0;9;1;1
202100017298;170 731;43;0;2;4;1;1
202100017298;170 732;7;3;2;1;0;1
202100017299;170 729;7;0;2;3;5;1
202100017299;170 730;7;0;2;3;1;1
202100017300;170 727;7;0;2;3;13;1
202100017300;170 728;7;0;2;3;1;1
202100017301;170 725;7;0;2;1;2;1
202100017301;170 726;31;0;2;4;2;1
202100017302;170 723;10;0;2;3;1;1
202100017302;170 724;2;0;2;1;1;1
202100017303;170 722;7;15;0;1;14;1
202100017304;170 721;33;10;0;1;1;1
202100017305;170 719;33;0;2;0;0;1
202100017305;170 720;99;0;2;0;19;0
202100017306;170 718;33;2;0;3;1;1
202100017307;170 716;7;0;2;2;17;1
202100017307;170 717;7;0;2;2;1;1
202100017308;170 713;7;0;2;1;1;1
202100017308;170 714;14;0;2;8;1;1
202100017308;170 715;7;0;2;1;1;1
202100017309;170 711;7;0;2;1;1;1
202100017309;170 712;7;0;2;7;15;1
202100017310;170 709;7;0;2;8;19;1
202100017310;170 710;7;0;2;1;1;1
202100017311;170 708;7;3;0;1;14;1
202100017312;170 704;7;0;2;3;13;1
202100017312;170 705;7;0;2;0;0;1
202100017312;170 706;7;0;2;1;0;1
202100017312;170 707;7;1;0;8;0;1
202100017313;170 703;33;0;0;8;1;1
202100017314;170 702;31;12;0;0;1;1
202100017315;170 700;7;0;0;6;17;1
202100017315;170 701;33;2;2;1;17;1
202100017316;170 699;7;0;1;2;2;1
202100017317;170 698;7;2;0;1;1;1
202100017318;170 697;7;0;1;1;26;0
202100017319;170 693;1;0;2;7;1;5
202100017319;170 694;7;0;9;2;15;1
202100017320;170 692;2;0;0;0;26;1
202100017321;170 690;7;0;2;2;1;1
202100017321;170 691;7;0;2;3;1;1
202100017322;170 688;7;0;0;8;1;1
202100017322;170 689;7;0;2;1;19;1
202100017323;170 686;7;0;2;3;1;1
202100017323;170 687;7;0;2;2;15;1
202100017324;170 682;7;0;2;8;19;1
202100017324;170 683;33;0;2;1;1;1
202100017325;170 680;7;0;9;3;1;1
202100017325;170 681;1;0;2;1;19;5
202100017326;170 679;7;13;0;1;17;1
202100017327;170 678;7;0;1;2;1;1
202100017328;170 676;7;0;2;1;17;1
202100017328;170 677;33;0;2;1;1;1
202100017329;170 674;7;13;0;3;0;1
202100017329;170 675;10;13;0;5;0;0
202100017330;170 672;15;0;2;1;1;1
202100017330;170 673;10;0;0;4;15;1
202100017331;170 671;7;0;0;2;1;1
202100017332;170 670;7;6;0;1;1;1
202100017333;170 669;7;8;0;9;13;1
202100017334;170 668;7;0;1;2;1;1
202100017335;170 666;7;0;2;3;13;1
202100017335;170 667;7;0;2;6;13;1
202100017336;170 664;7;0;2;6;2;1
202100017336;170 665;2;0;2;1;9;1
202100017337;170 660;1;0;0;0;1;5
202100017337;170 661;1;0;9;0;1;5
202100017337;170 662;1;0;0;0;1;5
202100017337;170 663;1;0;0;0;1;5
202100017338;170 658;33;0;2;3;13;1
202100017338;170 659;7;0;2;0;1;1
202100017339;170 654;7;0;2;5;26;1
202100017339;170 655;33;0;2;1;1;1
202100017340;170 652;2;0;2;7;17;1
202100017340;170 653;7;0;2;3;15;2
202100017341;170 650;1;0;2;1;16;5
202100017341;170 651;7;0;9;2;1;1
202100017342;170 649;7;4;0;6;1;1
202100017343;170 647;7;0;2;1;2;1
202100017343;170 648;7;0;2;4;2;1
202100017344;170 645;10;14;0;8;12;1
202100017344;170 646;10;0;2;4;1;1
202100017345;170 643;7;0;2;1;14;1
202100017345;170 644;10;0;2;6;26;1
202100017346;170 642;7;7;0;1;1;1
202100017347;170 638;7;0;2;1;1;2
202100017347;170 639;15;1;2;1;1;1
202100017347;170 640;7;0;2;4;23;1
202100017347;170 641;7;0;2;5;17;1
202100017348;170 636;7;0;2;4;1;1