Num_Acc;id_vehicule;catv;obs;obsm;choc;manv;motor
202100017348;170 637;7;0;2;0;0;0
202100017349;170 634;33;0;2;1;3;1
202100017349;170 635;7;0;2;5;1;1
202100017350;170 632;7;0;2;4;2;1
202100017350;170 633;7;0;2;1;2;1
202100017351;170 630;32;4;0;0;13;1
202100017351;170 631;7;0;9;3;1;1
202100017352;170 628;7;0;2;1;26;1
202100017352;170 629;33;0;2;8;15;1
202100017353;170 626;13;0;2;5;12;1
202100017353;170 627;10;4;2;6;1;1
202100017354;170 623;7;0;2;1;2;1
202100017354;170 624;7;0;2;5;2;1
202100017354;170 625;7;0;2;4;2;1
202100017355;170 621;17;0;2;4;2;1
202100017355;170 622;10;0;2;1;2;1
202100017356;170 618;7;0;2;1;2;1
202100017356;170 619;99;0;2;1;2;1
202100017356;170 620;99;0;2;4;2;1
202100017357;170 616;7;3;2;1;12;2
202100017357;170 617;10;0;2;3;1;1
202100017358;170 614;7;3;0;1;13;1
202100017358;170 615;7;14;0;0;1;1
202100017359;170 612;7;0;2;1;2;1
202100017359;170 613;7;3;2;4;1;1
202100017360;170 608;7;0;0;6;0;1
202100017360;170 609;7;0;2;8;1;1
202100017360;170 610;33;0;2;3;3;1
202100017360;170 611;7;0;2;7;12;1
202100017361;170 606;33;0;2;3;3;1
202100017361;170 607;7;0;2;5;12;1
202100017362;170 604;15;0;2;2;14;1
202100017362;170 605;7;0;2;8;1;1
202100017363;170 602;7;0;2;7;12;1
202100017363;170 603;33;0;2;6;1;1
202100017364;170 600;33;0;2;3;3;1
202100017364;170 601;7;0;2;7;12;1
202100017365;170 598;7;0;2;7;12;1
202100017365;170 599;33;0;2;8;1;1
202100017366;170 596;43;0;2;8;3;1
202100017366;170 597;7;0;2;7;12;1
202100017367;170 595;33;0;0;0;3;1
202100017368;170 593;7;0;2;4;2;1
202100017368;170 594;7;0;2;1;2;1
202100017369;170 591;7;0;2;6;9;1
202100017369;170 592;0;0;2;0;21;0
202100017370;170 590;7;6;0;1;21;1
202100017371;170 588;7;0;2;3;1;1
202100017371;170 589;33;0;2;5;9;1
202100017372;170 587;33;3;0;3;1;1
202100017373;170 585;7;0;2;4;26;1
202100017373;170 586;7;0;2;1;26;1
202100017374;170 583;32;0;2;2;3;1
202100017374;170 584;7;0;2;3;11;1
202100017375;170 581;7;0;2;4;12;2
202100017375;170 582;33;0;2;1;3;1
202100017376;170 579;7;0;2;0;18;1
202100017376;170 580;7;0;2;2;1;1
202100017377;170 576;33;0;0;2;0;1
202100017377;170 577;7;0;2;0;13;1
202100017377;170 578;7;0;2;0;14;1
202100017378;170 574;7;0;2;6;2;0
202100017378;170 575;31;0;2;1;2;1
202100017379;170 571;7;0;2;4;2;1
202100017379;170 572;7;0;2;4;2;1
202100017379;170 573;7;0;2;1;2;1
202100017380;170 569;33;0;2;1;2;1
202100017380;170 570;10;0;2;5;23;1
202100017381;170 568;7;4;0;3;1;1
202100017382;170 566;7;0;2;2;12;1
202100017382;170 567;33;0;2;1;3;1
202100017383;170 564;7;0;2;4;1;1
202100017383;170 565;33;0;2;1;20;1
202100017384;170 561;10;0;2;4;1;1
202100017384;170 562;7;0;2;7;12;1
202100017384;170 563;33;0;2;1;3;1
202100017385;170 559;31;0;2;1;26;1
202100017385;170 560;7;0;2;5;26;1
202100017386;170 557;33;0;2;1;3;1
202100017386;170 558;7;0;2;8;11;1
202100017387;170 555;10;0;2;1;1;1
202100017387;170 556;10;0;2;4;2;1
202100017388;170 554;33;0;2;1;12;1
202100017389;170 551;7;0;2;5;1;1
202100017389;170 552;7;0;2;1;1;1
202100017389;170 553;33;0;2;1;14;1
202100017390;170 549;7;0;2;4;1;1
202100017390;170 550;7;0;2;4;1;1
202100017391;170 547;7;0;2;4;2;1
202100017391;170 548;33;0;2;1;2;1
202100017392;170 545;7;0;2;4;26;1
202100017392;170 546;7;0;2;1;2;1
202100017393;170 544;7;16;0;1;12;1
202100017394;170 542;33;0;2;1;3;1
202100017394;170 543;7;0;0;7;12;1
202100017395;170 541;32;16;0;8;15;1
202100017396;170 537;17;0;2;1;2;1
202100017396;170 538;7;0;2;4;23;1
202100017397;170 535;7;0;2;3;11;1
202100017397;170 536;33;0;2;1;1;1
202100017398;170 533;33;0;2;7;1;1
202100017398;170 534;7;0;2;8;11;1
202100017399;170 531;7;0;2;3;1;1
202100017399;170 532;7;0;2;2;14;1
202100017400;170 525;7;0;2;1;15;1
202100017400;170 526;7;0;2;1;15;1
202100017401;170 524;50;9;0;0;0;3
202100017402;170 522;30;15;2;7;1;1
202100017402;170 523;7;15;2;1;19;1
202100017403;170 520;32;0;2;7;26;1
202100017403;170 521;7;0;2;5;4;1
202100017404;170 517;7;0;2;4;26;1
202100017404;170 518;7;0;2;4;2;1
202100017404;170 519;7;0;2;1;2;1
202100017405;170 515;7;0;9;1;0;1
202100017405;170 516;1;0;2;8;19;5
202100017406;170 514;7;1;0;2;2;1
202100017407;170 513;30;0;1;1;1;1
202100017408;170 512;33;1;9;1;0;1
202100017409;170 509;10;0;2;2;15;1
202100017409;170 510;7;0;2;4;1;1
202100017409;170 511;7;0;2;1;1;1
202100017410;170 507;32;0;2;3;13;0
202100017410;170 508;10;0;2;3;13;1
202100017411;170 505;10;0;2;2;15;1
202100017411;170 506;7;0;2;6;1;1
202100017412;170 504;7;0;1;1;1;0
202100017413;170 502;7;0;9;0;26;1
202100017413;170 503;1;0;2;0;0;0
202100017414;170 501;7;0;1;4;9;0
202100017415;170 498;7;0;2;2;21;1
202100017415;170 499;7;0;2;7;19;1
202100017415;170 500;7;0;2;3;2;0
202100017416;170 496;7;0;2;2;1;1
202100017416;170 497;31;0;2;1;1;1
202100017417;170 495;7;0;1;0;1;0
202100017418;170 493;7;0;2;1;9;1
202100017418;170 494;33;0;2;5;1;1
202100017419;170 491;21;0;2;4;1;1
202100017419;170 492;10;0;2;1;1;1
202100017420;170 489;37;0;2;7;1;1
202100017420;170 490;7;0;2;1;19;1
202100017421;170 487;7;0;2;8;11;0
202100017421;170 488;7;0;2;2;1;0
202100017422;170 483;7;0;2;4;0;0
202100017422;170 484;10;0;2;1;2;1
202100017423;170 481;2;0;0;0;0;1
202100017423;170 482;7;0;2;1;1;1
202100017424;170 480;7;0;1;2;3;1
202100017425;170 479;7;1;0;3;13;1
202100017426;170 477;7;0;2;1;15;1
202100017426;170 478;32;0;2;1;1;1
202100017427;170 475;7;0;2;1;1;1
202100017427;170 476;7;0;2;1;15;1
202100017428;170 473;7;0;2;3;19;1
202100017428;170 474;10;0;2;1;1;1
202100017429;170 471;7;0;2;3;15;1
202100017429;170 472;30;0;2;1;1;1
202100017430;170 469;33;0;2;1;17;1
202100017430;170 470;7;0;2;3;1;1
202100017431;170 467;7;0;2;1;15;1
202100017431;170 468;10;0;2;7;1;1
202100017432;170 465;34;1;0;3;0;1
202100017432;170 466;7;1;0;1;19;0
202100017433;170 463;7;0;2;1;1;1
202100017433;170 464;7;0;2;1;15;1
202100017434;170 461;30;0;2;1;1;1
202100017434;170 462;7;0;2;4;23;1
202100017435;170 460;7;0;1;4;4;0
202100017436;170 458;7;0;9;1;0;1
202100017436;170 459;1;14;0;7;1;5
202100017437;170 456;7;0;2;4;1;1
202100017437;170 457;2;0;2;1;9;1
202100017438;170 454;10;0;2;2;15;1
202100017438;170 455;7;0;9;7;1;1
202100017439;170 452;7;0;2;8;22;1
202100017439;170 453;1;1;0;2;1;5
202100017440;170 451;33;0;0;7;1;1
202100017441;170 450;7;3;0;3;1;1
202100017442;170 448;7;0;2;6;2;1
202100017442;170 449;7;14;2;1;21;1
202100017443;170 446;7;0;2;3;15;1
202100017443;170 447;33;0;2;1;1;1
202100017444;170 444;7;0;2;2;15;1
202100017444;170 445;33;0;2;1;21;1
202100017445;170 442;7;0;2;6;1;1
202100017445;170 443;33;0;2;1;1;1
202100017446;170 440;7;0;2;1;1;1
202100017446;170 441;31;0;2;7;15;1
202100017447;170 438;17;0;2;6;1;1
202100017447;170 439;7;0;2;8;15;1
202100017448;170 437;30;0;2;8;9;1
202100017449;170 435;7;0;2;1;2;1
202100017449;170 436;7;0;2;4;2;0
202100017450;170 434;14;9;0;0;1;1
202100017451;170 432;7;0;2;1;1;1
202100017451;170 433;33;0;2;1;17;1
202100017452;170 431;7;1;0;2;14;1
202100017453;170 429;7;0;2;3;9;1
202100017453;170 430;32;0;2;4;1;1
202100017454;170 427;7;0;2;3;19;1
202100017454;170 428;50;0;2;1;1;3
202100017455;170 425;7;0;2;3;1;1
202100017455;170 426;3;0;2;3;1;1
202100017456;170 423;7;0;2;1;15;1
202100017456;170 424;1;0;2;8;1;5
202100017457;170 421;33;0;2;7;1;1
202100017457;170 422;7;0;2;1;1;1
202100017458;170 420;50;0;1;0;26;3
202100017459;170 418;7;0;2;8;1;1
202100017459;170 419;7;0;2;1;1;1
202100017460;170 417;7;0;1;1;1;1
202100017461;170 416;7;2;0;3;1;1
202100017462;170 412;7;0;2;4;1;1
202100017462;170 413;7;0;2;4;1;1
202100017462;170 414;7;0;2;1;1;1
202100017462;170 415;7;0;2;4;1;2
202100017463;170 410;7;0;2;2;15;1
202100017463;170 411;33;0;2;1;8;1
202100017464;170 408;7;0;2;3;9;1
202100017464;170 409;1;0;2;1;1;5
202100017465;170 406;30;0;2;1;18;1
202100017465;170 407;31;0;2;7;16;1
202100017466;170 404;50;0;2;0;1;3
202100017466;170 405;7;0;2;1;1;1
202100017467;170 402;7;0;2;6;19;1
202100017467;170 403;33;0;2;1;1;1
202100017468;170 401;7;1;1;3;2;1
202100017469;170 398;7;0;2;1;13;1
202100017469;170 399;7;0;2;8;1;1
202100017469;170 400;7;0;2;8;1;1
202100017470;170 397;7;0;1;8;1;1
202100017471;170 395;7;0;2;3;1;1
202100017471;170 396;33;0;2;0;1;1
202100017472;170 391;33;0;2;1;1;1
202100017472;170 392;7;0;2;3;10;1
202100017473;170 388;7;0;2;1;17;1
202100017473;170 389;7;0;2;8;2;1
202100017473;170 390;7;0;2;8;2;1
202100017474;170 386;34;0;2;1;1;1
202100017474;170 387;7;0;2;1;15;1
202100017475;170 384;33;0;2;2;1;1
202100017475;170 385;7;0;2;1;15;1
202100017476;170 383;7;0;1;1;1;1
202100017477;170 382;10;0;2;1;26;1
202100017478;170 380;7;8;2;1;1;1
202100017478;170 381;7;1;2;2;1;1
202100017479;170 379;7;14;0;3;2;1
202100017480;170 377;7;0;2;1;1;0
202100017480;170 378;50;0;2;2;1;3
202100017481;170 376;7;0;1;1;18;0
202100017482;170 374;7;0;2;7;19;1
202100017482;170 375;33;0;2;3;1;1
202100017483;170 373;80;0;1;1;16;3
202100017484;170 371;33;0;2;8;3;1
202100017484;170 372;7;0;2;7;1;1
202100017485;170 369;33;0;2;7;3;1
202100017485;170 370;7;0;2;8;13;1
202100017486;170 367;7;0;2;5;2;1
202100017486;170 368;31;0;2;1;12;1
202100017487;170 365;32;0;2;1;7;1
202100017487;170 366;10;0;2;2;14;1
202100017488;170 364;7;0;1;1;16;1
202100017489;170 362;1;0;2;1;1;5
202100017489;170 363;10;0;2;7;1;1
202100017490;170 361;30;0;1;1;18;1
202100017491;170 359;32;0;2;1;2;1
202100017491;170 360;10;0;2;4;23;1
202100017492;170 357;33;0;2;2;1;1
202100017492;170 358;7;0;2;3;9;1
202100017493;170 355;30;0;2;4;23;1
202100017493;170 356;14;0;2;1;2;1
202100017494;170 353;50;0;2;7;15;3
202100017494;170 354;30;0;2;1;8;1
202100017495;170 351;80;0;2;3;9;3
202100017495;170 352;33;0;2;1;1;1
202100017496;170 350;30;0;1;0;1;0
202100017497;170 349;80;0;1;7;1;3
202100017498;170 347;14;0;2;1;1;1
202100017498;170 348;7;0;2;8;1;1
202100017499;170 346;7;0;1;1;1;1
202100017500;170 344;7;0;2;1;2;1
202100017500;170 345;7;0;1;4;23;1
202100017501;170 342;10;0;2;2;15;1
202100017501;170 343;1;0;2;8;1;5
202100017502;170 340;33;0;2;1;12;1
202100017502;170 341;43;0;2;4;1;1
202100017503;170 338;1;0;2;4;1;5
202100017503;170 339;30;0;2;1;5;1
202100017504;170 336;34;0;2;2;17;1
202100017504;170 337;33;0;2;3;15;1
202100017505;170 334;33;0;2;1;1;1
202100017505;170 335;3;0;2;3;15;3
202100017506;170 332;33;0;2;8;1;1
202100017506;170 333;7;0;2;1;15;1
202100017507;170 328;1;0;2;1;1;5
202100017507;170 329;1;0;2;1;1;5
202100017508;170 326;7;0;2;4;2;1
202100017508;170 327;7;0;2;1;2;1
202100017509;170 325;7;0;1;1;15;0
202100017510;170 323;7;0;2;1;9;2
202100017510;170 324;7;0;2;3;19;2
202100017511;170 321;33;0;2;3;2;1
202100017511;170 322;7;0;2;2;2;1
202100017512;170 319;33;0;2;1;17;1
202100017512;170 320;7;0;2;6;15;1
202100017513;170 317;7;0;2;0;16;1
202100017513;170 318;7;0;2;0;1;1
202100017514;170 315;7;0;2;6;1;1
202100017514;170 316;7;0;2;1;9;1
202100017515;170 314;7;0;1;1;26;2
202100017516;170 313;7;0;1;1;1;1
202100017517;170 310;3;0;0;2;15;1
202100017517;170 311;2;0;2;1;1;1
202100017518;170 308;7;8;2;1;1;1
202100017518;170 309;7;8;2;2;15;1
202100017519;170 306;99;1;2;0;0;1
202100017519;170 307;10;0;2;7;2;1
202100017520;170 304;33;0;2;1;1;1
202100017520;170 305;7;0;2;1;15;1
202100017521;170 302;50;0;2;1;19;3
202100017521;170 303;7;0;2;6;16;1
202100017522;170 301;30;0;0;3;26;1
202100017523;170 299;7;0;2;2;6;1
202100017523;170 300;31;0;2;1;1;1
202100017524;170 297;33;0;2;1;2;1
202100017524;170 298;33;16;0;4;1;1
202100017525;170 295;1;0;2;4;1;0
202100017525;170 296;7;0;2;1;2;1
202100017526;170 293;7;0;2;1;16;1
202100017526;170 294;30;0;2;7;1;1
202100017527;170 292;10;0;0;6;4;1
202100017528;170 289;7;0;0;4;2;1
202100017528;170 290;7;0;0;4;2;1
202100017528;170 291;7;0;2;1;2;1
202100017529;170 287;7;0;2;3;13;1
202100017529;170 288;7;0;2;3;1;1
202100017530;170 285;15;0;2;6;1;1
202100017530;170 286;10;0;2;2;17;1
202100017531;170 284;7;3;1;3;1;1
202100017532;170 282;60;0;2;4;1;5
202100017532;170 283;7;0;2;3;9;1
202100017533;170 281;7;0;1;1;1;1
202100017534;170 278;7;4;0;0;0;1
202100017534;170 279;15;0;2;2;1;1
202100017534;170 280;15;0;2;2;1;1
202100017535;170 276;80;0;0;0;0;3
202100017535;170 277;7;0;2;2;0;1
202100017536;170 275;7;0;1;2;1;1
202100017537;170 274;7;0;1;1;19;1
202100017538;170 272;7;0;2;1;9;1
202100017538;170 273;31;0;2;1;17;0
202100017539;170 271;7;6;0;1;1;1
202100017540;170 270;7;8;0;1;1;1
202100017541;170 268;7;0;2;2;11;1
202100017541;170 269;15;0;0;6;1;1
202100017542;170 267;7;6;0;2;1;1
202100017543;170 266;2;0;0;1;1;1
202100017544;170 265;2;1;0;2;1;1
202100017545;170 263;33;0;2;1;21;1
202100017545;170 264;14;0;2;1;15;1
202100017546;170 261;33;0;2;1;1;1
202100017546;170 262;10;0;2;2;15;1
202100017547;170 259;1;0;0;4;2;5
202100017547;170 260;10;0;9;2;2;1
202100017548;170 257;33;13;0;1;1;1
202100017549;170 256;7;0;1;1;9;1
202100017550;170 254;7;0;2;1;5;1
202100017550;170 255;7;0;2;3;1;1
202100017551;170 252;7;0;2;7;13;1
202100017551;170 253;7;0;2;1;1;1
202100017552;170 251;7;13;0;3;0;1
202100017553;170 250;33;0;0;0;1;1
202100017554;170 248;33;0;2;0;1;1
202100017554;170 249;7;0;2;3;1;1
202100017555;170 247;7;0;1;2;1;1
202100017556;170 245;7;0;2;3;15;1
202100017556;170 246;43;0;2;2;17;1
202100017557;170 244;33;13;0;2;1;1
202100017558;170 242;7;0;2;3;17;1
202100017558;170 243;2;0;2;1;1;1
202100017559;170 239;99;0;2;0;1;1
202100017559;170 240;10;0;0;6;2;1
202100017559;170 241;33;0;2;1;2;1
202100017560;170 238;33;3;0;1;13;1
202100017561;170 237;2;8;0;3;21;1
202100017562;170 236;7;0;1;3;1;1
202100017563;170 233;15;0;0;8;23;1
202100017563;170 234;17;0;2;1;1;1
202100017563;170 235;7;1;2;7;19;1
202100017564;170 229;10;0;0;3;1;1
202100017564;170 230;7;0;2;5;15;1
202100017564;170 231;13;0;2;3;1;1
202100017565;170 227;2;0;2;1;1;1
202100017565;170 228;7;0;2;3;9;1
202100017566;170 225;34;0;2;3;17;1
202100017566;170 226;7;0;0;4;15;1
202100017567;170 222;30;4;0;0;1;1
202100017568;170 220;7;0;2;2;1;1
202100017568;170 221;7;0;2;3;1;1
202100017569;170 219;1;0;0;0;26;5
202100017570;170 217;7;0;2;2;15;1
202100017570;170 218;1;0;2;1;1;5
202100017571;170 216;32;13;0;1;26;1
202100017572;170 214;33;0;2;1;1;1
202100017572;170 215;7;0;2;4;15;1
202100017573;170 212;7;0;2;3;26;1
202100017573;170 213;7;0;2;1;26;1
202100017574;170 210;2;0;2;1;1;1
202100017574;170 211;7;0;2;5;15;1
202100017575;170 208;31;0;2;2;17;1
202100017575;170 209;7;0;2;3;15;1
202100017576;170 206;10;0;0;6;15;3
202100017576;170 207;33;0;2;1;17;1
202100017577;170 204;7;0;2;2;15;1
202100017577;170 205;33;0;2;1;1;1
202100017578;170 203;1;0;0;1;1;5
202100017579;170 201;50;0;2;7;19;3
202100017579;170 202;7;0;2;2;16;1
202100017580;170 200;7;2;0;2;1;1
202100017581;170 198;7;0;2;3;15;1
202100017581;170 199;33;0;2;1;1;1
202100017582;170 196;7;0;2;1;13;1
202100017582;170 197;7;0;2;1;1;1
202100017583;170 194;1;0;0;6;9;5
202100017583;170 195;7;0;0;1;1;1
202100017584;170 193;16;12;0;8;2;1
202100017585;170 191;1;0;2;8;1;5
202100017585;170 192;7;0;2;7;17;1
202100017586;170 189;7;0;2;5;1;2
202100017586;170 190;33;0;2;3;1;1
202100017587;170 187;7;0;2;1;2;1
202100017587;170 188;7;0;2;4;1;1
202100017588;170 184;7;0;2;0;14;2
202100017588;170 185;10;0;2;3;2;1
202100017588;170 186;32;0;2;2;2;1
202100017589;170 183;33;0;0;8;3;1
202100017590;170 180;7;0;2;4;2;1
202100017590;170 181;13;0;2;1;2;1
202100017590;170 182;10;0;0;4;2;1
202100017591;170 178;7;0;2;2;1;1
202100017591;170 179;7;0;2;9;1;1
202100017592;170 177;30;0;0;0;26;1
202100017593;170 174;33;0;0;0;3;1
202100017593;170 175;7;0;0;0;11;1
202100017593;170 176;7;0;0;0;2;1
202100017594;170 172;7;0;0;0;26;1
202100017594;170 173;33;0;0;0;0;1
202100017595;170 168;10;0;2;1;1;1
202100017595;170 169;7;0;2;4;2;1
202100017595;170 170;7;0;2;4;2;1
202100017595;170 171;7;0;2;4;1;1
202100017596;170 167;43;-1;-1;1;1;1
202100017597;170 165;7;0;2;7;12;1
202100017597;170 166;33;0;2;8;3;1
202100017598;170 164;7;0;1;1;17;1
202100017599;170 163;30;0;1;1;17;1
202100017600;170 161;1;0;2;0;2;5
202100017600;170 162;10;0;2;7;2;1
202100017601;170 160;33;0;0;0;1;0
202100017602;170 158;7;0;2;3;15;0
202100017602;170 159;31;0;2;1;23;0
202100017603;170 156;10;0;2;3;1;1
202100017603;170 157;30;0;2;7;17;1
202100017604;170 154;7;1;2;4;24;1
202100017604;170 155;7;1;2;1;23;1
202100017605;170 152;7;0;2;1;17;1
202100017605;170 153;10;0;2;4;2;1
202100017606;170 150;10;0;2;5;19;1
202100017606;170 151;7;0;2;1;1;1
202100017607;170 147;33;0;2;3;3;1
202100017607;170 148;7;0;2;3;11;1
202100017607;170 149;7;0;2;2;1;1
202100017608;170 146;30;0;0;1;1;1
202100017609;170 144;30;0;2;1;2;1
202100017609;170 145;10;0;2;6;1;1
202100017610;170 142;1;0;0;0;7;5
202100017610;170 143;37;0;0;0;7;1
202100017611;170 140;50;0;2;1;1;3
202100017611;170 141;7;0;2;3;16;1
202100017612;170 136;32;0;2;8;1;1
202100017612;170 137;10;0;2;1;15;1
202100017612;170 138;50;0;2;8;1;3
202100017612;170 139;7;0;2;3;1;1
202100017613;170 135;7;0;1;3;15;1
202100017614;170 134;31;1;0;0;21;1
202100017615;170 132;10;0;2;6;0;1
202100017615;170 133;7;0;2;6;13;1
202100017616;170 130;32;0;2;2;1;0
202100017616;170 131;7;0;2;3;15;1
202100017617;170 128;33;0;2;1;26;1
202100017617;170 129;7;0;2;5;26;1
202100017618;170 127;7;0;1;1;1;1
202100017619;170 125;7;0;2;3;15;1
202100017619;170 126;7;1;2;2;17;1
202100017620;170 124;33;8;0;1;0;1
202100017621;170 122;32;0;2;0;0;1
202100017621;170 123;30;0;2;0;0;3
202100017622;170 120;7;0;2;1;1;1
202100017622;170 121;7;0;2;2;15;1
202100017623;170 119;7;0;1;0;0;0
202100017624;170 117;7;0;2;3;16;1
202100017624;170 118;2;0;2;1;15;1
202100017625;170 115;40;0;2;1;1;3
202100017625;170 116;7;8;4;5;1;1
202100017626;170 113;7;0;2;3;9;0
202100017626;170 114;7;0;2;8;1;1
202100017627;170 111;1;0;4;7;19;5
202100017627;170 112;40;0;2;1;1;3
202100017628;170 109;2;0;2;1;1;1
202100017628;170 110;7;0;2;6;15;1
202100017629;170 108;30;0;1;1;1;1
202100017630;170 106;50;0;2;1;25;3
202100017630;170 107;7;0;2;2;26;1
202100017631;170 104;7;0;2;1;13;1
202100017631;170 105;7;0;2;1;1;1
202100017632;170 102;1;0;0;7;19;5
202100017632;170 103;7;0;2;2;16;1
202100017633;170 100;60;0;2;0;19;5
202100017633;170 101;7;0;2;2;9;1
202100017634;170 098;7;0;0;0;0;1
202100017634;170 099;21;0;2;7;26;1
202100017635;170 097;33;8;0;1;17;1
202100017636;170 096;7;0;1;2;1;1
202100017637;170 095;7;6;0;3;13;1
202100017638;170 091;7;0;2;4;2;1
202100017638;170 092;7;0;2;1;2;1
202100017638;170 093;7;0;2;4;2;1
202100017638;170 094;7;0;2;1;2;1
202100017639;170 089;7;0;2;1;1;1
202100017639;170 090;7;0;2;8;1;1
202100017640;170 087;7;6;2;1;1;1
202100017640;170 088;7;0;2;2;1;1
202100017641;170 085;1;0;2;8;0;5
202100017641;170 086;7;0;2;5;26;1
202100017642;170 083;7;0;2;1;0;1
202100017642;170 084;7;0;2;1;5;1
202100017643;170 081;7;0;2;1;1;1
202100017643;170 082;7;0;2;7;15;1
202100017644;170 080;7;0;1;1;1;1
202100017645;170 079;7;0;1;1;9;1
202100017646;170 077;7;0;2;2;15;1
202100017646;170 078;43;0;0;0;0;1
202100017647;170 076;7;0;1;3;1;1
202100017648;170 075;7;4;0;3;26;1
202100017649;170 073;7;8;2;5;1;1
202100017649;170 074;7;0;2;1;1;1
202100017650;170 071;7;0;2;7;0;1
202100017650;170 072;7;8;2;3;26;1
202100017651;170 069;7;0;2;1;0;1
202100017651;170 070;7;0;2;1;13;1
202100017652;170 067;7;0;2;8;1;1
202100017652;170 068;7;0;2;1;1;1
202100017653;170 065;7;0;9;2;0;1
202100017653;170 066;20;0;2;1;1;1
202100017654;170 063;7;0;2;6;9;1
202100017654;170 064;2;0;0;0;1;1
202100017655;170 061;2;0;2;2;17;1
202100017655;170 062;7;0;2;3;15;1
202100017656;170 060;30;0;0;8;1;1
202100017657;170 058;7;0;2;8;1;1
202100017657;170 059;7;0;2;1;19;1
202100017658;170 056;7;0;2;1;0;1
202100017658;170 057;10;0;2;3;15;1
202100017659;170 055;30;0;5;8;1;1
202100017660;170 054;2;0;1;1;18;1
202100017661;170 053;32;5;0;1;14;1
202100017662;170 052;7;0;1;1;1;1
202100017663;170 050;7;0;2;3;15;1
202100017663;170 051;33;0;2;2;1;1
202100017664;170 049;7;0;1;3;0;6
202100017665;170 047;37;0;2;2;1;1
202100017665;170 048;10;0;2;3;1;1
202100017666;170 045;1;0;2;4;1;5
202100017666;170 046;7;0;2;1;1;1
202100017667;170 044;50;12;9;1;1;3
202100017668;170 042;10;16;0;2;21;1
202100017668;170 043;7;1;0;2;24;1
202100017669;170 038;7;0;2;4;1;1
202100017669;170 039;7;0;2;1;1;1
202100017669;170 040;7;0;2;4;1;1
202100017669;170 041;33;0;2;1;1;1
202100017670;170 036;33;0;2;2;2;1
202100017670;170 037;10;0;2;6;23;1
202100017671;170 034;30;0;2;3;15;3
202100017671;170 035;1;0;2;1;1;5
202100017672;170 032;1;0;2;2;1;5
202100017672;170 033;10;0;2;3;22;1
202100017673;170 030;43;0;2;1;16;1
202100017673;170 031;1;0;2;8;1;5
202100017674;170 028;33;0;2;4;23;1
202100017674;170 029;7;0;2;2;2;1
202100017675;170 026;33;0;2;3;1;1
202100017675;170 027;1;0;2;3;12;5
202100017676;170 024;10;0;2;2;16;3
202100017676;170 025;1;0;2;1;1;5
202100017677;170 023;7;0;1;1;1;1
202100017678;170 022;30;0;0;0;1;1
202100017679;170 020;43;0;2;3;1;1
202100017679;170 021;10;0;2;1;10;1
202100017680;170 019;33;14;0;3;13;1
202100017681;170 018;50;0;1;1;16;3
202100017682;170 016;80;0;2;8;1;3
202100017682;170 017;1;0;2;1;9;5
202100017683;170 014;7;0;9;8;0;1
202100017683;170 015;1;1;0;1;1;5
202100017684;170 012;33;0;2;1;26;1
202100017684;170 013;10;0;2;1;15;1
202100017685;170 009;7;0;2;4;15;1
202100017685;170 010;7;0;2;8;26;0
202100017685;170 011;36;0;2;0;11;1
202100017686;170 007;31;0;2;1;9;1
202100017686;170 008;7;0;2;5;1;1
202100017687;170 005;32;15;2;2;25;1
202100017687;170 006;7;0;2;3;5;1
202100017688;170 003;7;0;2;2;12;2
202100017688;170 004;33;0;2;8;3;1
202100017689;170 002;0;0;1;1;1;0
202100017690;170 000;7;0;2;2;15;1
202100017690;170 001;33;0;2;1;2;1
202100017691;169 997;7;0;2;1;9;1
202100017691;169 998;7;0;2;4;23;1
202100017691;169 999;7;0;2;4;0;1
202100017692;169 996;7;0;1;3;1;1
202100017693;169 994;2;0;2;1;12;1
202100017693;169 995;7;0;2;5;12;1
202100017694;169 992;7;0;2;2;1;1
202100017694;169 993;32;0;2;1;1;1
202100017695;169 991;10;0;1;4;26;1
202100017696;169 990;7;0;1;3;1;2
202100017697;169 988;7;0;2;1;0;1
202100017697;169 989;10;0;2;7;15;1
202100017698;169 986;30;0;2;1;1;1
202100017698;169 987;7;0;2;1;15;1
202100017699;169 985;7;0;1;3;2;1
202100017700;169 983;30;0;2;7;1;1
202100017700;169 984;7;0;2;1;1;1
202100017701;169 982;7;0;1;2;1;1
202100017702;169 981;30;0;0;1;1;1
202100017703;169 979;10;0;2;8;13;1
202100017703;169 980;32;0;2;2;1;1
202100017704;169 976;7;0;2;1;2;1
202100017704;169 977;32;0;2;4;2;1
202100017704;169 978;7;0;2;6;2;1
202100017705;169 973;7;0;2;5;26;1
202100017705;169 974;7;0;2;4;26;1
202100017705;169 975;7;0;2;1;26;1
202100017706;169 971;1;0;1;2;15;5
202100017706;169 972;60;0;2;1;25;5
202100017707;169 970;30;0;0;0;0;1
202100017708;169 968;2;0;2;1;1;1
202100017708;169 969;10;0;2;3;1;1
202100017709;169 967;7;2;0;1;1;1
202100017710;169 965;33;0;2;1;26;1
202100017710;169 966;7;0;2;8;9;1
202100017711;169 964;7;8;0;2;1;1
202100017712;169 963;7;7;0;1;1;1
202100017713;169 962;7;6;0;1;0;1
202100017714;169 960;33;0;0;4;2;1
202100017714;169 961;33;0;2;1;2;1
202100017715;169 959;7;13;0;9;1;1
202100017716;169 958;33;0;6;1;1;1
202100017717;169 957;7;8;0;1;14;1
202100017718;169 956;7;2;0;1;1;1
202100017719;169 954;2;0;2;1;17;1
202100017719;169 955;7;0;2;3;1;1
202100017720;169 952;7;0;2;2;1;1
202100017720;169 953;7;0;2;1;5;1
202100017721;169 950;33;0;2;7;1;1
202100017721;169 951;7;0;2;3;9;1
202100017722;169 948;1;0;2;8;13;5
202100017722;169 949;7;0;2;3;17;1