Num_Acc;id_vehicule;catv;obs;obsm;choc;manv;motor
202100019278;167 176;7;0;0;4;1;1
202100019279;167 174;7;2;0;1;1;1
202100019280;167 172;10;0;2;1;1;1
202100019280;167 173;31;0;2;4;2;1
202100019281;167 170;7;0;0;8;0;1
202100019281;167 171;33;0;2;1;5;1
202100019282;167 168;2;0;2;1;17;1
202100019282;167 169;7;0;0;6;15;1
202100019283;167 166;7;0;2;1;1;1
202100019283;167 167;33;4;2;0;1;1
202100019284;167 165;7;0;1;2;1;1
202100019285;167 163;10;0;2;2;0;1
202100019285;167 164;33;3;0;4;0;1
202100019286;167 162;7;13;0;1;1;1
202100019287;167 160;33;0;2;2;17;1
202100019287;167 161;7;0;0;3;1;1
202100019288;167 159;7;13;0;1;16;1
202100019289;167 157;2;0;2;1;2;1
202100019289;167 158;7;0;2;4;2;1
202100019290;167 156;2;13;0;7;14;1
202100019291;167 154;7;0;2;1;5;1
202100019291;167 155;17;0;2;1;1;1
202100019292;167 153;7;2;0;1;13;1
202100019293;167 150;7;0;0;1;1;1
202100019294;167 147;7;3;0;9;14;1
202100019295;167 145;7;0;2;3;15;1
202100019295;167 146;7;0;2;1;0;1
202100019296;167 142;7;0;2;1;1;1
202100019296;167 143;7;0;2;4;1;1
202100019296;167 144;7;0;2;1;2;1
202100019297;167 141;17;13;0;9;26;1
202100019298;167 139;7;0;2;1;2;1
202100019298;167 140;7;0;2;4;2;1
202100019299;167 137;7;0;2;1;2;1
202100019299;167 138;7;0;2;4;2;1
202100019300;167 135;7;0;2;4;2;1
202100019300;167 136;7;0;2;1;2;1
202100019301;167 134;7;0;2;9;2;1
202100019302;167 131;7;0;2;4;23;1
202100019302;167 132;7;0;2;6;23;1
202100019302;167 133;7;0;2;1;9;1
202100019303;167 128;7;0;2;1;2;1
202100019303;167 129;7;0;2;5;1;1
202100019303;167 130;7;0;2;8;11;1
202100019304;167 125;7;0;2;1;2;1
202100019304;167 126;10;0;2;4;2;1
202100019304;167 127;7;0;2;4;2;1
202100019305;167 123;33;0;2;8;1;1
202100019305;167 124;10;0;2;5;12;1
202100019306;167 121;7;0;2;7;12;1
202100019306;167 122;32;0;2;8;26;1
202100019307;167 118;10;0;2;1;2;1
202100019307;167 119;10;0;2;4;2;1
202100019307;167 120;7;0;2;4;2;1
202100019308;167 115;7;0;2;4;0;2
202100019308;167 116;7;0;2;4;0;1
202100019308;167 117;20;0;2;1;26;1
202100019309;167 111;7;0;2;1;1;0
202100019309;167 112;7;0;2;4;1;0
202100019309;167 113;7;0;2;4;1;0
202100019309;167 114;7;0;2;4;1;0
202100019310;167 110;7;3;0;8;1;1
202100019311;167 108;10;0;2;1;2;1
202100019311;167 109;7;0;2;4;2;1
202100019312;167 107;7;0;1;7;26;1
202100019313;167 104;3;0;2;1;1;1
202100019313;167 105;10;0;2;2;15;1
202100019314;167 102;30;0;2;1;21;1
202100019314;167 103;14;0;2;1;1;1
202100019315;167 101;33;6;0;1;16;1
202100019316;167 099;7;0;2;6;15;1
202100019316;167 100;2;0;2;1;3;1
202100019317;167 097;1;0;2;1;26;0
202100019317;167 098;10;0;2;0;22;1
202100019318;167 095;7;0;2;2;5;1
202100019318;167 096;7;0;2;2;2;1
202100019319;167 093;50;0;2;7;5;3
202100019319;167 094;7;0;2;1;1;2
202100019320;167 091;33;0;2;1;1;1
202100019320;167 092;10;0;2;2;15;3
202100019321;167 090;7;15;0;3;13;1
202100019322;167 088;31;0;2;1;1;1
202100019322;167 089;7;0;9;1;20;1
202100019323;167 087;7;0;1;2;9;1
202100019324;167 084;1;0;1;2;0;0
202100019324;167 085;7;0;2;3;0;1
202100019324;167 086;7;0;1;2;0;1
202100019325;167 082;7;1;0;6;20;1
202100019325;167 083;7;0;2;1;2;1
202100019326;167 080;7;0;2;8;1;1
202100019326;167 081;7;15;2;1;19;2
202100019327;167 078;7;0;2;2;15;1
202100019327;167 079;7;0;2;3;1;1
202100019328;167 076;7;0;2;8;5;1
202100019328;167 077;33;0;2;9;0;1
202100019329;167 075;7;0;1;1;2;-1
202100019330;167 074;7;0;1;1;1;1
202100019331;167 072;7;0;2;2;19;1
202100019331;167 073;7;0;2;3;0;1
202100019332;167 070;7;0;2;1;15;1
202100019332;167 071;30;0;2;1;1;1
202100019333;167 069;7;0;1;7;26;1
202100019334;167 067;7;0;2;7;26;1
202100019334;167 068;7;0;2;3;9;1
202100019335;167 065;7;9;0;6;2;1
202100019335;167 066;1;0;2;1;2;5
202100019336;167 063;2;0;2;1;1;1
202100019336;167 064;7;0;2;1;19;1
202100019337;167 061;7;0;2;1;1;1
202100019337;167 062;7;0;2;5;9;1
202100019338;167 060;1;0;0;0;26;5
202100019339;167 059;7;0;0;0;26;1
202100019340;167 058;7;14;0;1;1;1
202100019341;167 056;7;0;2;4;2;1
202100019341;167 057;7;0;2;1;2;1
202100019342;167 055;7;1;0;8;1;1
202100019343;167 054;7;13;0;9;6;1
202100019344;167 053;7;0;1;2;1;1
202100019345;167 052;30;11;0;1;19;1
202100019346;167 050;7;0;2;1;1;1
202100019346;167 051;7;0;2;7;1;1
202100019347;167 049;7;1;0;1;1;1
202100019348;167 047;33;0;2;2;1;1
202100019348;167 048;7;0;2;3;1;1
202100019349;167 045;10;0;2;1;1;1
202100019349;167 046;7;0;2;1;13;1
202100019350;167 043;7;0;2;1;9;1
202100019350;167 044;7;0;2;9;19;1
202100019351;167 041;32;0;2;1;2;1
202100019351;167 042;7;14;0;6;26;1
202100019352;167 038;7;0;2;4;23;1
202100019352;167 039;3;0;2;4;2;1
202100019352;167 040;10;0;2;1;2;1
202100019353;167 036;7;0;2;6;11;1
202100019353;167 037;32;0;2;1;1;1
202100019354;167 034;7;0;2;3;1;1
202100019354;167 035;7;0;2;0;1;1
202100019355;167 032;7;0;2;1;9;1
202100019355;167 033;7;0;2;0;1;0
202100019356;167 030;7;0;2;3;15;1
202100019356;167 031;7;0;2;6;2;1
202100019357;167 028;7;0;2;2;5;1
202100019357;167 029;7;0;2;1;1;1
202100019358;167 026;33;0;2;1;1;1
202100019358;167 027;7;0;2;8;26;1
202100019359;167 025;7;8;0;3;1;1
202100019360;167 023;7;0;2;2;1;1
202100019360;167 024;7;0;2;3;9;1
202100019361;167 021;7;0;2;1;1;1
202100019361;167 022;7;0;2;7;15;1
202100019362;167 019;7;0;2;3;9;1
202100019362;167 020;1;0;2;7;26;0
202100019363;167 017;7;0;2;1;9;1
202100019363;167 018;1;0;2;1;1;5
202100019364;167 016;33;-1;-1;-1;-1;-1
202100019365;167 014;33;0;2;2;3;1
202100019365;167 015;7;0;2;8;11;1
202100019366;167 012;7;0;2;6;24;1
202100019366;167 013;30;0;2;0;15;0
202100019367;167 011;1;0;1;1;1;5
202100019368;167 010;7;0;1;3;1;2
202100019369;167 008;30;0;2;4;23;1
202100019369;167 009;32;0;2;1;2;1
202100019370;167 007;7;0;1;2;1;1
202100019371;167 005;7;0;2;4;2;1
202100019371;167 006;33;0;2;1;2;1
202100019372;167 003;7;0;2;1;14;3
202100019372;167 004;7;0;2;6;24;2
202100019373;167 002;80;12;0;1;14;3
202100019374;167 000;7;0;2;3;15;1
202100019374;167 001;32;0;2;7;17;3
202100019375;166 999;1;12;0;7;14;5
202100019376;166 997;32;0;0;2;21;1
202100019377;166 995;7;0;2;8;22;1
202100019377;166 996;1;1;2;7;1;5
202100019378;166 993;31;0;2;8;16;1
202100019378;166 994;7;0;2;1;1;1
202100019379;166 991;30;0;2;7;21;1
202100019379;166 992;7;0;2;1;23;1
202100019380;166 989;7;0;2;1;1;1
202100019380;166 990;7;0;2;7;1;1
202100019381;166 987;7;0;2;1;2;1
202100019381;166 988;7;0;2;4;2;1
202100019382;166 986;50;0;1;4;25;3
202100019383;166 984;99;0;2;1;2;0
202100019383;166 985;7;0;2;4;2;1
202100019384;166 982;33;0;2;1;26;1
202100019384;166 983;10;0;0;7;1;1
202100019385;166 981;7;4;0;1;13;0
202100019386;166 979;7;0;2;5;2;0
202100019386;166 980;32;0;2;3;2;1
202100019387;166 977;33;0;2;8;1;1
202100019387;166 978;7;0;2;3;15;1
202100019388;166 975;33;0;2;3;1;1
202100019388;166 976;33;0;2;1;5;1
202100019389;166 973;37;0;0;6;23;1
202100019389;166 974;7;0;0;1;2;1
202100019390;166 968;33;0;2;1;2;1
202100019390;166 969;7;0;0;5;2;1
202100019391;166 966;2;0;2;7;1;1
202100019391;166 967;7;0;2;1;16;1
202100019392;166 965;7;13;0;3;14;1
202100019393;166 963;7;0;2;2;19;1
202100019393;166 964;7;0;2;1;1;1
202100019394;166 961;7;0;2;1;1;1
202100019394;166 962;7;0;2;2;1;1
202100019395;166 960;7;0;1;3;1;1
202100019396;166 959;7;2;0;1;13;1
202100019397;166 957;31;0;0;1;15;1
202100019397;166 958;7;7;2;3;1;1
202100019398;166 956;33;13;0;1;2;1
202100019399;166 954;33;0;2;1;1;1
202100019399;166 955;7;0;2;1;15;1
202100019400;166 952;1;0;9;3;21;5
202100019400;166 953;37;0;9;8;1;1
202100019401;166 950;7;0;2;3;13;1
202100019401;166 951;7;0;2;3;1;1
202100019402;166 949;7;3;0;0;14;1
202100019403;166 947;7;0;2;3;13;1
202100019403;166 948;7;0;2;3;1;1
202100019404;166 946;7;2;0;3;13;1
202100019405;166 945;33;16;0;0;1;1
202100019406;166 944;33;0;0;0;17;1
202100019407;166 942;10;0;0;4;15;1
202100019407;166 943;34;0;2;1;2;1
202100019408;166 941;35;1;0;1;16;1
202100019409;166 938;7;0;2;1;1;1
202100019409;166 939;7;0;2;7;19;1
202100019409;166 940;7;0;0;8;23;1
202100019410;166 937;50;13;0;0;13;3
202100019411;166 934;7;0;2;3;17;2
202100019411;166 935;15;0;2;3;21;1
202100019411;166 936;7;0;0;0;9;1
202100019412;166 932;7;0;0;6;19;1
202100019412;166 933;33;0;2;1;1;1
202100019413;166 931;7;2;0;1;1;1
202100019414;166 930;33;14;0;7;1;1
202100019415;166 929;33;0;0;0;1;1
202100019416;166 927;7;2;2;9;13;1
202100019416;166 928;7;0;2;3;1;1
202100019417;166 924;7;0;2;3;15;1
202100019417;166 925;2;0;2;1;1;1
202100019418;166 923;33;8;0;2;1;1
202100019419;166 922;7;2;0;1;1;1
202100019420;166 920;7;0;2;2;2;1
202100019420;166 921;1;0;2;4;2;5
202100019421;166 918;7;0;2;1;0;0
202100019421;166 919;7;0;0;3;16;1
202100019422;166 917;2;8;0;2;1;3
202100019423;166 915;2;0;2;1;1;1
202100019423;166 916;10;0;2;3;17;1
202100019424;166 913;7;0;2;5;1;1
202100019424;166 914;7;0;2;3;9;1
202100019425;166 912;33;0;0;2;1;1
202100019426;166 911;33;0;0;0;1;1
202100019427;166 909;7;0;2;3;13;1
202100019427;166 910;10;0;2;3;1;1
202100019428;166 907;7;0;9;2;1;1
202100019428;166 908;80;0;2;4;26;3
202100019429;166 906;7;6;0;1;14;1
202100019430;166 905;2;0;0;7;15;1
202100019431;166 904;33;0;0;8;1;1
202100019432;166 903;31;0;6;1;1;1
202100019433;166 901;7;0;2;7;19;1
202100019433;166 902;2;0;2;8;1;1
202100019434;166 899;7;0;2;1;1;1
202100019434;166 900;7;0;2;1;16;1
202100019435;166 896;7;0;2;1;13;1
202100019435;166 897;7;0;2;3;1;1
202100019435;166 898;7;0;2;3;1;1
202100019436;166 894;1;0;2;1;1;5
202100019436;166 895;7;0;2;2;15;1
202100019437;166 892;7;0;2;3;13;1
202100019437;166 893;7;0;2;3;0;1
202100019438;166 891;7;0;1;3;1;1
202100019439;166 890;7;6;0;1;1;1
202100019440;166 888;10;0;2;2;1;1
202100019440;166 889;7;8;2;1;15;1
202100019441;166 886;7;0;2;4;2;1
202100019441;166 887;7;0;2;1;2;1
202100019442;166 885;31;14;0;1;21;1
202100019443;166 883;7;0;2;4;2;1
202100019443;166 884;7;0;2;1;2;1
202100019444;166 882;33;0;0;0;21;1
202100019445;166 880;33;0;2;7;1;1
202100019445;166 881;7;0;2;8;9;1
202100019446;166 878;33;0;2;1;3;1
202100019446;166 879;7;0;2;6;12;1
202100019447;166 875;7;0;2;1;2;1
202100019447;166 876;7;0;2;4;2;1
202100019447;166 877;7;0;2;4;2;2
202100019448;166 873;0;0;2;4;0;0
202100019448;166 874;33;0;2;1;1;1
202100019449;166 871;7;0;2;1;2;1
202100019449;166 872;32;0;2;4;2;1
202100019450;166 869;7;14;2;1;1;1
202100019450;166 870;7;0;2;4;1;1
202100019451;166 868;7;6;9;1;15;1
202100019452;166 866;1;0;2;1;19;5
202100019452;166 867;32;0;2;8;1;1
202100019453;166 864;2;0;0;1;1;-1
202100019453;166 865;7;0;0;1;1;-1
202100019454;166 863;31;6;0;0;0;1
202100019455;166 862;33;0;0;0;1;1
202100019456;166 861;7;0;1;1;1;1
202100019457;166 860;30;0;0;7;1;1
202100019458;166 858;10;0;2;1;17;1
202100019458;166 859;15;0;0;4;15;1
202100019459;166 856;7;0;2;1;21;1
202100019459;166 857;2;0;2;1;5;1
202100019460;166 853;7;0;1;1;0;1
202100019461;166 852;7;0;1;1;15;1
202100019462;166 851;7;0;1;2;1;1
202100019463;166 849;7;0;2;7;19;1
202100019463;166 850;32;0;2;1;19;1
202100019464;166 848;7;0;1;1;19;0
202100019465;166 847;7;0;1;1;21;1
202100019466;166 843;7;0;2;1;15;1
202100019466;166 844;7;0;2;1;1;1
202100019467;166 841;7;0;2;3;9;1
202100019467;166 842;43;0;2;1;3;1
202100019468;166 839;1;0;2;1;5;5
202100019468;166 840;7;0;2;3;1;1
202100019469;166 836;7;0;0;0;0;0
202100019469;166 837;50;0;0;0;0;3
202100019470;166 834;7;0;2;5;16;1
202100019470;166 835;7;0;2;2;9;1
202100019471;166 832;7;0;2;1;1;1
202100019471;166 833;7;0;2;8;16;1
202100019472;166 830;2;0;2;1;1;1
202100019472;166 831;7;0;2;2;15;1
202100019473;166 828;7;0;2;3;1;1
202100019473;166 829;32;0;2;1;6;1
202100019474;166 826;7;0;2;4;23;2
202100019474;166 827;7;0;2;1;1;1
202100019475;166 824;7;0;2;1;17;1
202100019475;166 825;7;0;0;6;15;1
202100019476;166 822;7;0;2;3;15;1
202100019476;166 823;30;0;2;1;13;1
202100019477;166 819;31;0;2;8;1;1
202100019477;166 820;7;0;2;3;15;1
202100019477;166 821;7;0;2;1;23;1
202100019478;166 817;7;0;2;1;9;1
202100019478;166 818;7;0;2;1;21;1
202100019479;166 816;34;12;0;8;13;1
202100019480;166 815;7;9;0;3;16;1
202100019481;166 814;7;0;1;1;1;1
202100019482;166 813;1;0;1;1;25;5
202100019483;166 811;32;0;2;1;1;1
202100019483;166 812;7;0;9;4;23;1
202100019484;166 809;7;0;2;1;15;1
202100019484;166 810;32;0;2;1;1;1
202100019485;166 807;30;0;0;0;0;1
202100019485;166 808;0;0;2;0;0;-1
202100019486;166 805;50;0;2;1;1;3
202100019486;166 806;7;0;0;4;26;1
202100019487;166 803;7;0;2;4;26;1
202100019487;166 804;7;0;2;2;26;3
202100019488;166 801;7;0;2;5;2;1
202100019488;166 802;1;0;2;2;2;5
202100019489;166 799;7;0;2;8;26;1
202100019489;166 800;2;0;2;3;0;1
202100019490;166 795;7;0;2;3;9;1
202100019490;166 796;7;0;2;1;26;1
202100019491;166 793;43;0;2;1;1;1
202100019491;166 794;10;0;2;3;15;1
202100019492;166 791;7;0;2;1;1;1
202100019492;166 792;7;0;2;4;1;1
202100019493;166 788;7;0;2;2;1;1
202100019493;166 789;7;0;2;3;15;1
202100019493;166 790;7;0;2;2;15;1
202100019494;166 786;7;0;2;7;0;1
202100019494;166 787;30;0;2;1;12;1
202100019495;166 784;7;0;2;4;23;1
202100019495;166 785;7;0;2;1;2;1
202100019496;166 782;7;0;2;7;1;1
202100019496;166 783;30;0;2;1;1;1
202100019497;166 780;30;0;2;1;1;1
202100019497;166 781;7;0;2;8;15;1
202100019498;166 778;7;0;2;1;1;1
202100019498;166 779;7;0;2;1;13;1
202100019499;166 777;30;0;2;8;19;0
202100019500;166 775;33;0;2;1;13;1
202100019500;166 776;7;0;2;1;23;1
202100019501;166 773;33;0;2;1;1;1
202100019501;166 774;7;0;2;2;1;1
202100019502;166 771;7;0;2;1;9;1
202100019502;166 772;7;0;2;4;2;1
202100019503;166 770;7;0;1;1;1;1
202100019504;166 768;1;0;2;7;19;6
202100019504;166 769;7;0;2;2;0;1
202100019505;166 767;33;3;0;2;1;1
202100019506;166 765;7;0;2;1;1;1
202100019506;166 766;7;0;2;8;10;1
202100019507;166 761;7;0;2;4;2;1
202100019507;166 762;7;0;2;4;2;1
202100019507;166 763;7;0;2;4;2;1
202100019507;166 764;7;0;2;1;2;1
202100019508;166 759;33;0;2;7;1;1
202100019508;166 760;7;0;2;8;11;1
202100019509;166 757;10;0;2;1;24;1
202100019509;166 758;32;0;2;1;1;1
202100019510;166 756;7;0;1;5;4;1
202100019511;166 754;7;0;2;1;10;1
202100019511;166 755;30;0;2;7;1;1
202100019512;166 752;1;0;2;8;9;5
202100019512;166 753;31;0;2;1;1;1
202100019513;166 750;7;0;2;6;24;1
202100019513;166 751;7;0;1;3;1;1
202100019514;166 749;10;0;1;2;1;1
202100019515;166 748;1;0;1;1;1;5
202100019516;166 747;7;11;0;2;13;1
202100019517;166 746;30;0;1;1;1;3
202100019518;166 744;7;0;2;5;2;1
202100019518;166 745;32;0;2;1;2;1
202100019519;166 742;7;0;2;2;1;1
202100019519;166 743;30;0;2;8;1;1
202100019520;166 741;32;0;1;5;26;1
202100019521;166 739;7;0;2;3;1;1
202100019521;166 740;7;0;2;2;15;1
202100019522;166 737;33;0;2;1;17;0
202100019522;166 738;50;0;2;1;17;3
202100019523;166 735;7;0;0;1;1;1
202100019523;166 736;7;0;0;1;15;1
202100019524;166 733;7;0;0;5;1;1
202100019524;166 734;7;0;2;3;2;1
202100019525;166 729;7;0;0;0;23;1
202100019525;166 730;99;0;2;1;26;1
202100019525;166 731;7;0;2;1;26;1
202100019525;166 732;7;0;2;4;26;1
202100019526;166 728;10;0;1;2;26;1
202100019527;166 727;32;0;1;8;17;0
202100019528;166 725;1;0;2;1;1;5
202100019528;166 726;1;0;2;8;19;5
202100019529;166 723;7;0;2;4;1;1
202100019529;166 724;7;0;2;1;2;1
202100019530;166 721;7;0;2;7;10;1
202100019530;166 722;43;0;2;1;1;1
202100019531;166 719;7;0;2;1;16;1
202100019531;166 720;7;0;2;3;1;1
202100019532;166 718;2;0;0;2;1;1
202100019533;166 717;2;0;0;0;10;1
202100019534;166 715;7;0;2;1;1;1
202100019534;166 716;7;0;2;4;1;1
202100019535;166 713;7;0;2;7;16;1
202100019535;166 714;33;0;2;2;1;1
202100019536;166 711;31;0;9;1;1;1
202100019536;166 712;1;0;2;7;1;5
202100019537;166 710;33;0;0;1;0;1
202100019538;166 708;7;0;2;1;1;1
202100019538;166 709;7;0;2;4;2;1
202100019539;166 706;7;0;2;7;17;1
202100019539;166 707;1;0;2;8;2;5
202100019540;166 704;10;0;2;2;21;1
202100019540;166 705;17;0;2;6;2;1
202100019541;166 702;33;0;2;1;17;1
202100019541;166 703;7;0;2;6;15;1
202100019542;166 700;1;0;2;8;1;5
202100019542;166 701;7;0;9;1;15;1
202100019543;166 699;7;3;0;3;0;1
202100019544;166 698;7;2;0;1;0;1
202100019545;166 696;7;0;0;4;1;1
202100019545;166 697;7;0;2;1;2;1
202100019546;166 694;33;0;2;1;1;0
202100019546;166 695;7;0;2;3;10;0
202100019547;166 692;7;0;0;1;2;0
202100019547;166 693;7;0;0;4;2;1
202100019548;166 691;7;0;0;0;1;1
202100019549;166 690;7;8;0;0;1;1
202100019550;166 688;33;0;2;1;1;1
202100019550;166 689;7;0;0;6;15;1
202100019551;166 685;7;0;2;6;5;1
202100019551;166 686;7;0;2;8;1;1
202100019551;166 687;7;0;2;1;1;1
202100019552;166 683;7;0;2;5;1;1
202100019552;166 684;33;0;2;1;1;1
202100019553;166 682;7;2;0;1;1;1
202100019554;166 680;7;0;2;3;15;1
202100019554;166 681;33;0;2;1;1;1
202100019555;166 678;2;0;2;1;17;1
202100019555;166 679;1;0;2;4;1;5
202100019556;166 674;30;0;2;1;13;1
202100019556;166 675;7;0;2;3;1;1
202100019557;166 673;1;0;0;0;0;5
202100019558;166 672;7;13;0;9;13;1
202100019559;166 670;7;0;2;7;5;1
202100019559;166 671;7;0;2;1;1;1
202100019560;166 669;7;3;0;3;1;1
202100019561;166 667;7;0;2;2;13;1
202100019561;166 668;2;0;2;1;1;1
202100019562;166 665;7;0;2;0;2;0
202100019562;166 666;1;0;0;6;1;5
202100019563;166 662;21;0;0;4;24;1
202100019563;166 663;7;0;2;2;19;1
202100019563;166 664;7;0;2;3;1;1
202100019564;166 660;7;0;2;7;5;1
202100019564;166 661;7;0;2;1;1;1
202100019565;166 658;10;0;2;3;1;1
202100019565;166 659;7;0;2;1;1;1
202100019566;166 656;7;6;0;1;1;1
202100019567;166 655;7;13;0;3;0;1
202100019568;166 653;7;0;2;3;1;1
202100019568;166 654;7;0;2;3;13;1
202100019569;166 651;2;0;2;1;1;1
202100019569;166 652;1;0;0;5;19;5
202100019570;166 649;33;0;2;1;1;1
202100019570;166 650;7;0;2;2;15;1
202100019571;166 648;33;0;0;1;1;1
202100019572;166 647;21;13;0;1;0;1
202100019573;166 645;7;0;2;3;15;1
202100019573;166 646;7;0;2;3;1;1
202100019574;166 644;7;14;0;1;1;1
202100019575;166 642;1;0;2;1;0;5
202100019575;166 643;7;0;2;3;0;1
202100019576;166 641;7;13;0;2;1;1
202100019577;166 640;36;0;0;8;10;1
202100019578;166 639;7;11;0;1;1;1
202100019579;166 637;7;0;2;1;1;0
202100019579;166 638;50;0;2;1;1;3
202100019580;166 636;33;0;0;0;1;1
202100019581;166 634;33;0;2;1;17;1
202100019581;166 635;7;0;0;8;15;1
202100019582;166 631;7;0;2;1;2;1
202100019582;166 632;7;0;0;4;1;1
202100019582;166 633;10;0;0;4;1;1
202100019583;166 628;7;0;2;1;1;1
202100019583;166 629;7;0;2;1;13;1
202100019584;166 625;7;1;0;2;15;1
202100019584;166 626;7;0;0;1;1;1
202100019584;166 627;7;0;0;3;23;1
202100019585;166 623;34;0;2;1;1;1
202100019585;166 624;7;0;2;1;1;1
202100019586;166 622;7;2;0;1;14;1
202100019587;166 620;33;0;2;3;1;1
202100019587;166 621;33;0;2;3;5;1
202100019588;166 617;2;0;2;1;2;1
202100019588;166 618;2;0;0;6;15;1
202100019588;166 619;2;0;0;6;15;1
202100019589;166 615;7;0;0;4;2;1
202100019589;166 616;7;0;2;8;0;1
202100019590;166 614;7;13;0;2;1;1
202100019591;166 613;7;2;0;1;13;1
202100019592;166 611;7;0;2;8;15;1
202100019592;166 612;33;0;2;1;1;1
202100019593;166 610;2;2;0;2;1;1
202100019594;166 608;7;0;2;1;1;1
202100019594;166 609;7;0;2;2;15;1
202100019595;166 607;1;13;0;1;1;5
202100019596;166 606;7;4;0;9;1;1
202100019597;166 604;33;0;2;1;1;1
202100019597;166 605;7;0;2;1;1;1
202100019598;166 603;2;14;0;0;0;1
202100019599;166 602;21;0;0;0;0;1
202100019600;166 600;15;0;0;3;15;1
202100019600;166 601;7;0;2;1;1;1
202100019601;166 598;7;0;2;1;2;1
202100019601;166 599;7;3;0;3;2;1
202100019602;166 596;7;3;2;3;1;1
202100019602;166 597;17;0;2;2;12;1
202100019603;166 594;33;0;2;4;2;1
202100019603;166 595;7;0;2;1;2;1
202100019604;166 592;7;0;2;4;2;1
202100019604;166 593;7;0;2;1;2;1
202100019605;166 590;7;0;2;9;18;1
202100019605;166 591;7;0;2;4;13;1
202100019606;166 588;33;0;2;8;3;1
202100019606;166 589;7;0;2;0;0;0
202100019607;166 587;3;0;1;1;15;1
202100019608;166 586;7;0;1;1;26;0
202100019609;166 585;7;0;1;3;1;1
202100019610;166 584;7;15;1;1;1;1
202100019611;166 583;7;0;1;0;1;-1
202100019612;166 581;7;0;2;3;15;1
202100019612;166 582;2;0;0;0;0;1
202100019613;166 580;2;0;0;0;13;1
202100019614;166 579;1;0;1;1;0;0
202100019615;166 577;2;0;2;1;1;1
202100019615;166 578;7;0;2;2;15;1
202100019616;166 575;2;0;2;1;1;1
202100019616;166 576;7;0;2;2;15;1
202100019617;166 573;7;0;2;4;1;1
202100019617;166 574;7;0;2;1;1;1
202100019618;166 571;7;0;2;1;1;0
202100019618;166 572;7;8;2;5;1;1
202100019619;166 569;37;0;2;1;1;1
202100019619;166 570;7;0;2;7;15;1
202100019620;166 568;7;12;2;6;1;1
202100019621;166 566;33;0;2;1;1;1
202100019621;166 567;7;0;2;8;1;1
202100019622;166 564;10;0;2;8;11;1
202100019622;166 565;30;0;2;1;1;1
202100019623;166 563;7;0;1;1;2;1
202100019624;166 561;33;0;2;1;1;1
202100019624;166 562;10;0;2;2;15;1
202100019625;166 560;7;4;0;1;26;1
202100019626;166 558;10;0;2;1;1;1
202100019626;166 559;10;3;2;4;2;1
202100019627;166 556;7;0;2;5;14;1
202100019627;166 557;7;0;2;8;1;1
202100019628;166 554;7;0;2;9;23;1
202100019628;166 555;7;0;2;3;0;1
202100019629;166 552;1;0;2;8;1;0
202100019629;166 553;7;0;2;1;15;1
202100019630;166 551;2;0;0;7;1;3
202100019631;166 549;99;0;2;1;1;1
202100019631;166 550;7;0;2;1;13;1
202100019632;166 547;2;0;2;1;1;1
202100019632;166 548;7;0;2;1;17;1
202100019633;166 546;30;0;1;1;21;1
202100019634;166 545;80;0;1;1;26;3
202100019635;166 544;7;0;1;1;1;1
202100019636;166 543;7;0;1;4;10;0
202100019637;166 542;1;0;1;1;1;5
202100019638;166 540;7;0;2;3;1;1
202100019638;166 541;7;1;2;3;1;1
202100019639;166 538;50;0;2;3;19;3
202100019639;166 539;7;0;9;2;16;1
202100019640;166 537;7;0;1;3;15;1
202100019641;166 536;33;0;1;1;1;1
202100019642;166 535;7;0;1;1;21;1
202100019643;166 533;7;0;2;3;15;1
202100019643;166 534;7;0;2;3;1;1
202100019644;166 531;17;0;2;2;0;1
202100019644;166 532;7;0;2;8;1;1
202100019645;166 529;7;13;2;1;17;1
202100019645;166 530;7;0;2;2;15;1
202100019646;166 527;14;0;2;7;10;1
202100019646;166 528;14;0;2;1;1;1
202100019647;166 525;7;0;0;0;0;1
202100019647;166 526;2;0;0;0;0;1
202100019648;166 524;30;3;0;8;1;1
202100019649;166 522;7;0;2;1;1;1
202100019649;166 523;7;0;2;4;1;1
202100019650;166 521;1;0;0;7;1;5
202100019651;166 518;7;0;2;2;1;1
202100019651;166 519;50;0;2;1;9;3
202100019652;166 516;7;0;2;3;20;1
202100019652;166 517;7;0;2;2;1;1
202100019653;166 514;34;0;2;7;16;1
202100019653;166 515;7;0;2;1;2;1
202100019654;166 512;10;0;2;3;1;1
202100019654;166 513;7;1;2;6;13;1
202100019655;166 510;50;0;2;1;19;3
202100019655;166 511;7;0;2;7;1;1
202100019656;166 509;7;0;1;1;1;0
202100019657;166 507;7;0;2;1;5;1
202100019657;166 508;7;0;2;1;17;1
202100019658;166 505;32;0;2;1;17;1
202100019658;166 506;7;0;2;8;10;1
202100019659;166 504;30;0;2;1;21;1
202100019660;166 503;7;0;1;1;1;1
202100019661;166 502;7;0;1;1;1;1
202100019662;166 501;7;8;0;1;1;1
202100019663;166 499;7;0;0;2;20;1
202100019663;166 500;1;0;0;1;1;5
202100019664;166 498;10;0;9;3;1;1
202100019665;166 497;7;0;1;2;1;1
202100019666;166 495;7;0;2;1;15;1
202100019666;166 496;7;0;2;1;1;1
202100019667;166 494;3;9;0;1;1;1
202100019668;166 493;7;0;1;1;1;1
202100019669;166 491;7;0;2;0;15;1
202100019669;166 492;30;0;2;2;2;3
202100019670;166 489;7;0;2;2;12;1
202100019670;166 490;50;0;2;3;1;3
202100019671;166 487;7;0;2;8;11;1
202100019671;166 488;31;0;2;2;1;1
202100019672;166 485;1;14;2;2;19;5
202100019672;166 486;10;0;2;1;1;0
202100019673;166 484;7;0;1;1;16;1
202100019674;166 480;7;0;2;7;1;1
202100019674;166 481;80;0;2;1;15;3
202100019675;166 479;7;1;0;1;13;1
202100019676;166 477;33;0;2;7;1;1