Num_Acc;id_vehicule;catv;obs;obsm;choc;manv;motor
202100021226;163 719;7;1;0;2;14;1
202100021227;163 718;7;12;0;9;1;1
202100021228;163 716;7;0;2;4;23;1
202100021228;163 717;7;0;0;1;2;1
202100021229;163 714;7;0;2;4;2;2
202100021229;163 715;7;0;2;1;2;1
202100021230;163 709;15;0;1;7;4;1
202100021231;163 707;33;0;2;1;1;1
202100021231;163 708;7;0;2;1;1;1
202100021232;163 704;7;0;2;0;0;0
202100021232;163 705;10;0;2;3;1;0
202100021232;163 706;7;0;2;3;17;1
202100021233;163 702;7;0;2;1;26;1
202100021233;163 703;7;0;2;4;2;1
202100021234;163 700;7;0;2;3;16;1
202100021234;163 701;7;0;2;2;1;1
202100021235;163 699;10;0;2;2;16;1
202100021236;163 698;30;16;0;8;2;1
202100021237;163 696;2;0;2;1;17;1
202100021237;163 697;7;0;2;6;1;1
202100021238;163 695;40;0;0;0;26;1
202100021239;163 693;10;0;2;1;19;1
202100021239;163 694;30;0;2;1;26;1
202100021240;163 691;1;0;2;6;2;5
202100021240;163 692;7;0;2;2;2;1
202100021241;163 689;10;0;9;1;9;1
202100021241;163 690;1;0;2;3;19;5
202100021242;163 687;1;0;2;1;1;5
202100021242;163 688;7;0;2;1;16;1
202100021243;163 685;7;8;2;7;1;1
202100021243;163 686;7;0;2;1;1;1
202100021244;163 684;7;0;1;7;1;1
202100021245;163 683;1;0;0;0;1;5
202100021246;163 681;30;0;2;3;17;1
202100021246;163 682;7;0;2;8;23;1
202100021247;163 679;7;0;2;8;1;1
202100021247;163 680;7;0;2;1;1;1
202100021248;163 678;7;12;0;2;0;1
202100021249;163 676;1;0;2;1;1;5
202100021249;163 677;7;0;9;8;1;1
202100021250;163 675;7;0;1;2;1;1
202100021251;163 673;50;0;2;0;0;3
202100021251;163 674;15;0;0;0;0;1
202100021252;163 671;2;0;2;2;14;1
202100021252;163 672;7;0;2;3;1;1
202100021253;163 669;7;0;2;3;2;1
202100021253;163 670;33;0;2;4;2;1
202100021254;163 667;7;0;2;3;15;1
202100021254;163 668;7;8;2;2;17;1
202100021255;163 665;7;0;2;6;26;1
202100021255;163 666;32;0;2;1;1;1
202100021256;163 663;7;0;2;1;17;1
202100021256;163 664;7;0;2;4;1;1
202100021257;163 662;7;14;0;2;15;1
202100021258;163 660;7;0;2;3;15;1
202100021258;163 661;2;0;2;1;1;1
202100021259;163 658;2;0;2;8;8;3
202100021259;163 659;37;0;2;3;1;1
202100021260;163 657;7;0;1;7;1;1
202100021261;163 655;1;0;2;2;9;5
202100021261;163 656;7;0;2;3;9;0
202100021262;163 652;7;0;2;1;5;1
202100021262;163 653;7;0;2;1;1;1
202100021262;163 654;7;0;2;8;1;1
202100021263;163 650;33;0;2;4;23;1
202100021263;163 651;7;0;2;1;1;1
202100021264;163 648;7;0;2;2;15;1
202100021264;163 649;33;0;2;2;1;1
202100021265;163 646;7;0;2;2;13;1
202100021265;163 647;2;0;2;2;1;1
202100021266;163 644;7;0;2;3;15;2
202100021266;163 645;2;0;2;1;1;1
202100021267;163 642;7;0;2;1;0;1
202100021267;163 643;33;0;2;1;2;1
202100021268;163 640;7;0;2;1;2;1
202100021268;163 641;7;0;2;4;2;1
202100021269;163 637;7;0;1;2;1;1
202100021270;163 636;37;0;1;1;1;1
202100021271;163 635;7;8;0;1;1;1
202100021272;163 632;33;0;2;1;17;0
202100021272;163 633;7;0;2;1;1;1
202100021272;163 634;7;0;2;8;1;1
202100021273;163 630;7;0;2;3;1;1
202100021273;163 631;32;0;0;0;0;0
202100021274;163 627;7;0;1;3;15;1
202100021275;163 626;7;14;0;2;14;1
202100021276;163 624;7;0;2;3;1;1
202100021276;163 625;7;0;2;1;9;0
202100021277;163 622;1;0;2;8;19;5
202100021277;163 623;7;0;2;1;1;1
202100021278;163 620;33;0;2;8;1;1
202100021278;163 621;7;0;2;8;16;1
202100021279;163 619;7;0;1;2;1;1
202100021280;163 617;1;0;2;1;1;5
202100021280;163 618;1;0;2;1;1;5
202100021281;163 615;13;0;9;1;26;1
202100021281;163 616;31;14;0;4;23;1
202100021282;163 613;7;0;2;1;2;1
202100021282;163 614;7;0;2;4;2;1
202100021283;163 610;7;0;2;4;2;1
202100021283;163 611;7;0;2;4;2;1
202100021283;163 612;7;0;2;1;2;1
202100021284;163 608;32;0;2;8;11;1
202100021284;163 609;7;0;2;2;5;1
202100021285;163 607;34;14;0;8;13;1
202100021286;163 606;50;0;1;3;1;3
202100021287;163 605;10;0;1;2;1;1
202100021288;163 603;37;0;2;8;16;1
202100021288;163 604;7;0;2;2;1;1
202100021289;163 601;7;0;2;3;15;1
202100021289;163 602;33;0;2;7;1;1
202100021290;163 599;32;0;2;2;5;1
202100021290;163 600;7;0;2;8;15;2
202100021291;163 597;34;0;2;1;2;3
202100021291;163 598;7;0;2;5;16;0
202100021292;163 595;7;0;2;3;22;1
202100021292;163 596;80;0;2;1;7;3
202100021293;163 593;50;0;2;7;1;3
202100021293;163 594;7;0;2;1;16;0
202100021294;163 591;7;0;2;1;1;1
202100021294;163 592;30;0;2;1;17;1
202100021295;163 589;1;0;2;6;1;5
202100021295;163 590;7;0;2;3;15;1
202100021296;163 587;7;0;2;3;16;2
202100021296;163 588;50;0;2;1;7;3
202100021297;163 585;7;0;2;8;9;1
202100021297;163 586;50;0;2;8;25;3
202100021298;163 583;31;0;2;1;1;1
202100021298;163 584;1;0;2;7;15;5
202100021299;163 581;7;0;2;8;22;2
202100021299;163 582;1;0;2;1;17;5
202100021300;163 580;30;0;1;2;1;1
202100021301;163 579;80;0;0;0;1;3
202100021302;163 577;50;0;2;0;0;3
202100021302;163 578;7;0;2;7;1;1
202100021303;163 576;7;0;1;1;1;2
202100021304;163 574;60;0;2;1;1;5
202100021304;163 575;7;0;9;2;16;1
202100021305;163 570;14;0;2;2;1;1
202100021305;163 571;7;0;2;8;2;1
202100021306;163 568;10;0;2;1;19;1
202100021306;163 569;10;0;2;8;2;1
202100021307;163 566;34;0;2;1;26;1
202100021307;163 567;7;0;2;1;26;0
202100021308;163 564;7;0;2;6;1;1
202100021308;163 565;10;0;2;2;15;1
202100021309;163 562;7;0;2;4;1;1
202100021309;163 563;7;0;2;3;1;1
202100021310;163 560;50;0;0;1;26;3
202100021310;163 561;41;0;0;0;0;0
202100021311;163 558;7;0;2;1;2;1
202100021311;163 559;3;0;2;1;2;1
202100021312;163 557;10;0;1;3;26;1
202100021313;163 556;7;0;1;1;1;1
202100021314;163 554;7;0;2;2;14;1
202100021314;163 555;7;0;2;6;2;2
202100021315;163 552;50;0;2;3;0;3
202100021315;163 553;10;0;2;6;16;0
202100021316;163 551;7;1;0;1;14;1
202100021317;163 549;7;0;2;3;15;0
202100021317;163 550;32;0;2;7;1;1
202100021318;163 547;30;0;2;2;1;1
202100021318;163 548;7;0;2;3;15;0
202100021319;163 546;7;0;1;7;1;1
202100021320;163 544;1;0;2;8;1;0
202100021320;163 545;7;0;2;7;14;1
202100021321;163 542;7;0;2;4;23;1
202100021321;163 543;2;0;2;1;2;1
202100021322;163 540;10;0;2;3;1;1
202100021322;163 541;2;0;2;1;17;1
202100021323;163 538;33;0;2;1;1;1
202100021323;163 539;7;0;2;8;19;1
202100021324;163 536;7;0;2;7;1;1
202100021324;163 537;33;0;2;1;1;1
202100021325;163 534;15;0;0;3;2;1
202100021325;163 535;7;0;0;3;5;1
202100021326;163 532;31;12;0;0;1;1
202100021327;163 531;7;13;0;2;1;1
202100021328;163 530;7;0;1;1;1;1
202100021329;163 528;33;0;2;1;17;1
202100021329;163 529;7;0;2;3;15;1
202100021330;163 526;7;0;2;1;19;1
202100021330;163 527;10;0;2;2;1;1
202100021331;163 524;1;0;2;1;19;5
202100021331;163 525;7;0;9;2;1;1
202100021332;163 522;7;0;2;3;1;1
202100021332;163 523;7;0;0;2;15;1
202100021333;163 520;7;3;2;1;17;1
202100021333;163 521;7;0;0;4;1;1
202100021334;163 518;15;0;2;7;15;1
202100021334;163 519;33;0;2;1;1;1
202100021335;163 517;33;17;0;8;1;1
202100021336;163 515;7;0;2;7;17;1
202100021336;163 516;33;0;2;3;1;1
202100021337;163 513;7;0;2;3;19;1
202100021337;163 514;7;0;0;1;1;1
202100021338;163 511;7;0;0;8;11;1
202100021338;163 512;10;2;2;2;13;1
202100021339;163 509;7;0;2;6;19;1
202100021339;163 510;7;0;2;3;1;1
202100021340;163 507;7;0;2;3;2;1
202100021340;163 508;1;0;2;8;2;5
202100021341;163 505;2;0;2;1;1;1
202100021341;163 506;7;0;2;5;6;1
202100021342;163 503;50;0;2;6;1;3
202100021342;163 504;7;0;2;2;1;1
202100021343;163 502;7;13;0;0;1;1
202100021344;163 501;33;16;0;0;1;1
202100021345;163 499;7;0;2;3;2;1
202100021345;163 500;7;0;2;5;15;1
202100021346;163 497;7;0;2;3;15;1
202100021346;163 498;1;0;2;1;1;5
202100021347;163 495;2;0;0;6;9;1
202100021347;163 496;7;0;0;2;1;1
202100021348;163 493;33;0;2;1;17;1
202100021348;163 494;7;0;2;6;10;1
202100021349;163 492;7;7;0;1;0;1
202100021350;163 490;10;0;9;2;1;1
202100021350;163 491;1;0;0;4;1;5
202100021351;163 488;7;0;0;4;23;1
202100021351;163 489;2;0;2;1;2;1
202100021352;163 487;33;0;0;0;1;1
202100021353;163 485;7;2;0;1;14;1
202100021354;163 483;7;0;2;3;1;1
202100021354;163 484;21;0;2;2;1;1
202100021355;163 482;7;0;6;7;21;1
202100021356;163 480;99;0;0;4;2;6
202100021356;163 481;7;0;5;1;2;1
202100021357;163 479;10;0;1;5;2;0
202100021358;163 476;7;0;2;1;9;1
202100021359;163 474;7;0;2;1;15;1
202100021359;163 475;7;0;2;1;1;1
202100021360;163 471;7;0;2;4;23;1
202100021360;163 472;7;0;2;4;23;1
202100021360;163 473;7;14;0;1;1;1
202100021361;163 469;33;0;2;1;1;1
202100021361;163 470;7;0;2;2;1;1
202100021362;163 467;7;3;2;3;1;1
202100021362;163 468;7;3;2;1;13;1
202100021363;163 466;7;6;0;1;14;1
202100021364;163 464;1;0;2;0;1;5
202100021364;163 465;7;0;2;3;9;1
202100021365;163 462;2;0;2;1;1;1
202100021365;163 463;10;0;2;3;15;1
202100021366;163 460;7;0;0;2;2;1
202100021366;163 461;1;0;2;3;1;5
202100021367;163 458;7;0;2;2;15;1
202100021367;163 459;33;0;2;1;1;1
202100021368;163 456;7;0;2;3;1;1
202100021368;163 457;33;0;2;1;13;1
202100021369;163 451;10;0;2;3;1;1
202100021369;163 452;7;0;2;3;13;1
202100021370;163 449;2;0;2;3;23;1
202100021370;163 450;7;0;2;3;15;0
202100021371;163 448;7;4;0;0;1;1
202100021372;163 447;7;11;0;9;1;1
202100021373;163 444;7;0;2;3;1;1
202100021373;163 445;7;0;2;1;1;1
202100021373;163 446;2;0;2;8;9;1
202100021374;163 442;2;0;2;1;2;3
202100021374;163 443;7;0;9;6;2;1
202100021375;163 440;32;0;2;1;2;1
202100021375;163 441;7;0;0;6;15;1
202100021376;163 436;7;0;0;4;23;1
202100021376;163 437;7;0;2;4;23;1
202100021376;163 438;7;0;2;4;23;1
202100021376;163 439;7;0;2;1;1;1
202100021377;163 434;10;0;0;0;25;1
202100021377;163 435;33;7;0;0;21;1
202100021378;163 431;7;0;9;2;2;1
202100021378;163 432;1;0;2;4;2;5
202100021378;163 433;1;0;0;0;2;5
202100021379;163 430;7;0;1;2;1;1
202100021380;163 428;30;0;2;8;10;1
202100021380;163 429;15;0;2;1;1;1
202100021381;163 427;7;1;0;2;14;1
202100021382;163 426;7;13;0;2;1;1
202100021383;163 424;2;0;2;7;5;1
202100021383;163 425;7;0;2;1;15;1
202100021384;163 422;33;0;2;1;1;1
202100021384;163 423;33;0;2;2;0;1
202100021385;163 420;7;0;2;2;1;1
202100021385;163 421;7;7;2;7;19;1
202100021386;163 418;1;0;0;3;1;5
202100021386;163 419;7;0;9;3;1;1
202100021387;163 416;7;0;2;3;1;1
202100021387;163 417;33;0;2;1;1;1
202100021388;163 414;7;0;0;5;2;1
202100021388;163 415;10;0;2;3;2;1
202100021389;163 412;7;0;2;2;15;1
202100021389;163 413;33;0;2;1;1;1
202100021390;163 410;7;0;2;4;1;1
202100021390;163 411;7;0;2;1;2;1
202100021391;163 409;7;0;1;1;1;1
202100021392;163 408;33;0;0;8;26;1
202100021393;163 407;7;0;0;9;1;1
202100021394;163 405;7;3;0;1;2;1
202100021394;163 406;15;0;2;7;2;0
202100021395;163 404;7;4;0;6;1;1
202100021396;163 402;32;0;2;2;3;1
202100021396;163 403;7;0;2;8;11;1
202100021397;163 400;33;0;2;1;1;1
202100021397;163 401;7;0;2;4;2;1
202100021398;163 398;33;0;2;1;3;1
202100021398;163 399;7;0;2;6;1;1
202100021399;163 397;33;4;0;1;26;1
202100021400;163 395;33;0;2;1;3;1
202100021400;163 396;7;0;2;7;14;1
202100021401;163 393;7;0;2;1;1;1
202100021401;163 394;7;0;2;4;2;1
202100021402;163 392;10;14;0;1;2;1
202100021403;163 389;7;0;2;4;0;1
202100021403;163 390;7;0;2;4;0;1
202100021403;163 391;10;0;2;1;0;1
202100021404;163 387;7;0;2;5;2;1
202100021404;163 388;33;0;2;3;3;1
202100021405;163 385;33;0;2;1;26;1
202100021405;163 386;21;0;0;6;26;1
202100021406;163 384;10;1;1;1;16;3
202100021407;163 383;7;0;1;2;1;1
202100021408;163 382;32;0;1;1;1;1
202100021409;163 381;7;0;1;1;1;1
202100021410;163 380;7;14;1;1;1;1
202100021411;163 379;13;0;1;4;26;1
202100021412;163 377;7;0;2;8;0;1
202100021412;163 378;7;0;2;7;1;1
202100021413;163 375;10;1;2;7;1;1
202100021413;163 376;1;0;2;1;9;0
202100021414;163 373;7;0;2;2;9;1
202100021414;163 374;7;0;2;3;1;1
202100021415;163 372;7;0;1;4;20;2
202100021416;163 371;50;0;1;1;1;3
202100021417;163 369;34;0;2;7;9;1
202100021417;163 370;7;0;2;3;1;1
202100021418;163 368;7;8;0;2;1;1
202100021419;163 367;7;0;1;3;16;1
202100021420;163 365;7;1;0;4;2;0
202100021420;163 366;32;0;2;1;26;1
202100021421;163 363;50;0;2;1;1;3
202100021421;163 364;7;0;2;7;16;1
202100021422;163 361;7;0;2;8;15;1
202100021422;163 362;80;0;2;1;1;3
202100021423;163 360;7;4;0;1;0;1
202100021424;163 358;10;0;2;1;2;0
202100021424;163 359;10;0;2;4;2;0
202100021425;163 356;7;0;2;1;13;1
202100021425;163 357;7;0;2;1;1;1
202100021426;163 353;10;0;2;4;23;1
202100021426;163 354;7;0;2;4;23;1
202100021426;163 355;7;0;2;1;1;1
202100021427;163 351;33;0;2;1;1;1
202100021427;163 352;7;0;2;3;15;1
202100021428;163 349;33;0;2;2;1;1
202100021428;163 350;7;0;2;1;26;1
202100021429;163 347;7;0;2;5;0;1
202100021429;163 348;2;0;2;1;1;1
202100021430;163 346;7;0;1;1;15;1
202100021431;163 336;10;0;2;4;2;1
202100021431;163 337;1;0;2;1;2;5
202100021432;163 335;7;15;0;1;1;1
202100021433;163 333;7;0;2;1;16;0
202100021433;163 334;1;0;2;8;1;5
202100021434;163 332;7;0;1;1;1;1
202100021435;163 331;1;0;1;1;25;5
202100021436;163 329;7;0;2;1;1;1
202100021436;163 330;50;0;2;8;19;3
202100021437;163 325;7;0;2;4;15;2
202100021437;163 326;7;0;2;1;1;1
202100021437;163 327;7;0;2;1;1;1
202100021437;163 328;7;0;2;1;1;1
202100021438;163 323;80;0;2;8;1;3
202100021438;163 324;7;0;2;2;1;1
202100021439;163 321;33;0;2;8;1;1
202100021439;163 322;7;0;2;3;15;1
202100021440;163 319;33;0;2;1;9;1
202100021440;163 320;1;0;2;8;1;5
202100021441;163 318;30;0;1;1;17;1
202100021442;163 317;30;1;0;1;2;1
202100021443;163 316;1;0;1;1;26;5
202100021444;163 314;7;0;9;1;1;1
202100021444;163 315;1;0;2;8;0;5
202100021445;163 312;7;1;2;3;9;1
202100021445;163 313;2;0;2;2;0;1
202100021446;163 311;3;0;1;1;1;3
202100021447;163 309;1;0;2;4;15;5
202100021447;163 310;7;0;2;1;17;1
202100021448;163 306;7;0;2;4;1;1
202100021448;163 307;7;0;2;4;2;1
202100021448;163 308;7;0;2;1;2;1
202100021449;163 305;7;0;6;1;1;1
202100021450;163 303;34;0;2;7;1;1
202100021450;163 304;7;0;2;1;9;1
202100021451;163 302;7;0;1;2;1;1
202100021452;163 300;7;0;2;1;1;1
202100021452;163 301;3;0;2;4;1;1
202100021453;163 298;50;0;2;3;10;3
202100021453;163 299;7;0;2;2;1;1
202100021454;163 296;1;0;0;0;0;5
202100021454;163 297;7;0;2;8;26;1
202100021455;163 294;7;0;2;7;15;1
202100021455;163 295;33;0;2;1;1;1
202100021456;163 292;7;0;2;1;1;1
202100021456;163 293;7;6;2;7;1;1
202100021457;163 290;1;0;2;0;2;5
202100021457;163 291;7;0;2;0;0;1
202100021458;163 287;7;0;2;1;18;1
202100021458;163 288;7;0;2;4;1;1
202100021458;163 289;7;0;2;4;1;1
202100021459;163 285;7;0;2;1;1;1
202100021459;163 286;1;0;2;8;1;6
202100021460;163 283;32;0;0;0;0;1
202100021460;163 284;7;0;2;1;15;1
202100021461;163 281;80;0;2;0;0;3
202100021461;163 282;7;0;2;0;9;1
202100021462;163 277;30;0;2;7;1;1
202100021462;163 278;7;0;2;7;20;1
202100021463;163 275;7;0;2;3;9;1
202100021463;163 276;1;0;2;0;0;5
202100021464;163 274;7;0;1;2;1;1
202100021465;163 273;43;0;1;2;1;1
202100021466;163 271;33;0;2;1;1;1
202100021466;163 272;7;0;0;7;15;1
202100021467;163 270;7;0;1;1;1;1
202100021468;163 268;14;0;2;1;11;1
202100021468;163 269;37;0;2;6;20;1
202100021469;163 266;7;0;2;3;0;1
202100021469;163 267;2;0;2;1;0;1
202100021470;163 264;37;0;2;2;1;1
202100021470;163 265;7;0;2;9;9;1
202100021471;163 262;7;0;2;0;9;1
202100021471;163 263;1;0;2;0;1;5
202100021472;163 260;7;0;2;2;1;1
202100021472;163 261;7;0;2;8;10;1
202100021473;163 258;1;0;2;8;1;5
202100021473;163 259;7;0;2;2;15;1
202100021474;163 256;7;1;0;0;4;1
202100021474;163 257;7;1;0;7;24;1
202100021475;163 254;33;0;2;2;1;1
202100021475;163 255;10;0;2;3;15;1
202100021476;163 252;10;0;2;2;10;3
202100021476;163 253;33;0;2;8;1;1
202100021477;163 250;10;0;2;5;15;3
202100021477;163 251;1;0;2;1;1;5
202100021478;163 248;30;0;2;1;1;1
202100021478;163 249;7;0;2;7;15;0
202100021479;163 246;1;0;2;8;17;5
202100021479;163 247;80;0;2;8;1;3
202100021480;163 245;10;0;1;3;1;0
202100021481;163 244;1;0;0;1;1;5
202100021482;163 242;7;0;2;8;22;1
202100021482;163 243;50;0;2;2;1;3
202100021483;163 240;30;0;2;3;15;1
202100021483;163 241;34;0;2;1;2;1
202100021484;163 238;30;0;2;3;19;3
202100021484;163 239;33;1;2;3;1;1
202100021485;163 236;7;0;2;2;1;1
202100021485;163 237;30;0;2;1;1;1
202100021486;163 234;80;0;2;2;1;3
202100021486;163 235;7;0;2;3;9;1
202100021487;163 232;30;0;2;1;1;1
202100021487;163 233;14;0;2;3;16;6
202100021488;163 230;50;0;2;3;1;3
202100021488;163 231;7;0;2;2;15;1
202100021489;163 227;7;0;0;0;0;2
202100021489;163 228;7;0;2;1;26;1
202100021489;163 229;7;0;2;2;15;2
202100021490;163 225;31;0;2;1;1;1
202100021490;163 226;7;0;2;7;13;1
202100021491;163 222;10;1;0;1;1;1
202100021491;163 223;7;1;0;4;23;1
202100021491;163 224;7;1;0;4;23;1
202100021492;163 220;1;0;2;7;15;5
202100021492;163 221;7;0;2;2;1;1
202100021493;163 217;7;0;2;1;26;1
202100021493;163 218;7;0;2;4;2;1
202100021493;163 219;10;0;2;1;2;1
202100021494;163 215;32;0;2;4;1;1
202100021494;163 216;3;0;2;1;13;1
202100021495;163 213;7;0;2;3;23;0
202100021495;163 214;1;1;2;1;2;0
202100021496;163 211;10;0;2;7;6;0
202100021496;163 212;43;0;2;1;0;0
202100021497;163 209;7;0;2;2;16;1
202100021497;163 210;32;12;2;8;18;1
202100021498;163 207;33;0;2;0;15;1
202100021498;163 208;34;0;2;0;1;1
202100021499;163 205;7;0;2;6;26;1
202100021499;163 206;2;0;2;1;26;1
202100021500;163 203;13;0;2;3;1;1
202100021500;163 204;7;0;2;2;17;1
202100021501;163 202;33;1;0;2;14;1
202100021502;163 201;1;0;1;1;9;5
202100021503;163 200;80;0;1;0;1;3
202100021504;163 199;80;1;0;7;26;3
202100021505;163 198;32;1;0;1;13;1
202100021506;163 197;33;0;0;2;2;1
202100021507;163 195;1;0;2;4;1;5
202100021507;163 196;7;0;2;2;17;1
202100021508;163 194;2;9;0;1;26;1
202100021509;163 193;7;2;0;1;1;1
202100021510;163 191;7;0;2;1;1;1
202100021510;163 192;33;0;2;1;5;1
202100021511;163 190;7;2;0;1;0;1
202100021512;163 187;7;0;2;2;1;1
202100021512;163 188;7;0;2;3;1;1
202100021512;163 189;7;0;2;3;13;1
202100021513;163 186;7;2;0;1;14;1
202100021514;163 184;10;0;2;3;1;1
202100021514;163 185;10;0;2;3;5;1
202100021515;163 182;10;0;0;8;1;1
202100021515;163 183;2;0;2;1;9;1
202100021516;163 180;10;0;2;3;1;1
202100021516;163 181;7;0;2;7;1;1
202100021517;163 178;80;0;2;7;1;3
202100021517;163 179;7;0;9;3;9;1
202100021518;163 176;33;0;2;2;17;1
202100021518;163 177;7;0;2;2;19;2
202100021519;163 174;33;0;2;1;1;1
202100021519;163 175;10;0;2;1;1;1
202100021520;163 173;7;2;0;3;0;1
202100021521;163 172;32;0;0;1;14;1
202100021522;163 170;1;0;2;1;1;5
202100021522;163 171;7;0;0;2;15;1
202100021523;163 169;7;2;0;1;1;3
202100021524;163 167;7;0;2;2;1;1
202100021524;163 168;1;0;2;2;19;5
202100021525;163 166;33;16;0;9;1;1
202100021526;163 165;7;4;0;1;10;1
202100021527;163 163;21;0;0;6;15;1
202100021527;163 164;33;0;0;7;21;1
202100021528;163 161;2;0;2;1;17;1
202100021528;163 162;7;0;2;3;11;1
202100021529;163 160;7;16;0;0;1;1
202100021530;163 159;7;0;1;1;23;1
202100021531;163 156;10;0;2;6;1;1
202100021531;163 157;7;0;2;3;1;1
202100021531;163 158;31;0;2;0;17;1
202100021532;163 154;7;13;2;3;13;1
202100021532;163 155;14;3;2;3;1;1
202100021533;163 152;7;13;2;6;17;1
202100021533;163 153;15;0;2;2;17;1
202100021534;163 151;7;13;0;1;1;1
202100021535;163 148;7;0;2;3;13;1
202100021535;163 149;15;0;2;3;1;1
202100021535;163 150;7;0;2;1;1;1
202100021536;163 147;7;6;0;1;15;1
202100021537;163 144;17;0;2;6;1;1
202100021537;163 145;17;0;2;2;1;1
202100021537;163 146;7;0;2;1;5;1
202100021538;163 142;7;0;2;1;5;1
202100021538;163 143;33;0;2;1;21;1
202100021539;163 140;7;3;2;3;13;1
202100021539;163 141;15;0;0;5;1;1
202100021540;163 139;7;1;0;1;1;1
202100021541;163 135;7;0;2;3;1;1
202100021541;163 136;7;0;2;5;23;1
202100021542;163 133;7;0;2;8;1;1
202100021542;163 134;15;0;0;6;1;1
202100021543;163 131;7;0;2;7;15;1
202100021543;163 132;2;0;2;1;15;1
202100021544;163 130;31;8;0;1;1;1
202100021545;163 128;7;0;2;1;13;1
202100021545;163 129;7;0;2;1;1;1
202100021546;163 127;33;0;9;1;1;1
202100021547;163 123;7;0;0;2;26;1
202100021547;163 124;32;0;2;1;25;1
202100021548;163 122;7;0;1;7;0;1
202100021549;163 121;7;13;0;9;14;1
202100021550;163 118;31;0;0;3;1;1
202100021551;163 115;31;0;0;7;1;1
202100021552;163 113;2;0;2;1;5;1
202100021552;163 114;7;0;2;1;1;1
202100021553;163 112;15;7;0;1;26;1
202100021554;163 110;33;0;2;8;1;1
202100021554;163 111;7;0;2;7;12;1
202100021555;163 108;15;0;2;1;2;1
202100021555;163 109;10;0;2;4;2;1
202100021556;163 105;10;0;2;4;2;1
202100021556;163 106;7;0;2;4;2;1
202100021556;163 107;7;0;2;1;2;1
202100021557;163 104;17;0;0;0;1;1
202100021558;163 102;33;0;2;1;3;1
202100021558;163 103;7;0;2;4;11;1
202100021559;163 101;33;0;0;5;1;1
202100021560;163 099;7;0;2;8;1;1
202100021560;163 100;13;0;2;7;9;0
202100021561;163 097;7;0;2;1;2;1
202100021561;163 098;10;0;2;5;2;1
202100021562;163 095;15;1;2;4;24;1
202100021562;163 096;33;1;0;1;2;1
202100021563;163 093;10;4;2;5;1;1
202100021563;163 094;32;4;2;1;3;1
202100021564;163 090;7;0;2;4;23;1
202100021564;163 091;7;0;2;0;0;1
202100021564;163 092;7;0;2;0;26;1
202100021565;163 088;31;0;2;0;2;1
202100021565;163 089;7;0;2;5;2;1
202100021566;163 086;7;0;2;4;2;1
202100021566;163 087;33;0;2;1;2;1
202100021567;163 084;7;0;2;1;2;1
202100021567;163 085;7;0;2;4;2;0
202100021568;163 082;10;0;2;3;1;1
202100021568;163 083;13;0;2;2;14;1
202100021569;163 080;7;0;2;0;1;1
202100021569;163 081;7;0;2;5;1;1
202100021570;163 079;3;0;9;9;9;1
202100021571;163 077;7;0;2;2;12;1
202100021571;163 078;33;0;2;3;3;1
202100021572;163 075;7;0;2;3;1;1
202100021572;163 076;1;4;2;1;1;5
202100021573;163 073;7;0;2;2;9;1
202100021573;163 074;1;0;2;1;15;5
202100021574;163 072;7;1;0;2;20;1
202100021575;163 067;7;0;2;3;16;1
202100021575;163 068;7;8;2;1;19;1
202100021576;163 065;7;0;2;7;12;1
202100021576;163 066;34;0;2;1;2;1
202100021577;163 064;7;0;1;1;1;1
202100021578;163 062;1;0;2;8;19;0
202100021578;163 063;30;0;2;1;18;1
202100021579;163 060;7;0;2;2;16;1
202100021579;163 061;50;0;2;1;1;3
202100021580;163 058;33;0;2;7;1;1
202100021580;163 059;7;0;2;1;1;1
202100021581;163 057;7;9;0;2;21;1
202100021582;163 054;33;1;2;1;2;1
202100021582;163 055;7;1;2;1;2;1
202100021582;163 056;7;4;2;4;23;1
202100021583;163 053;21;0;0;8;0;1
202100021584;163 051;34;0;2;1;15;1
202100021584;163 052;7;0;2;2;1;1
202100021585;163 049;38;0;2;2;19;1
202100021585;163 050;31;0;2;3;1;1
202100021586;163 047;7;0;2;1;1;1
202100021586;163 048;7;0;2;5;15;1
202100021587;163 045;33;0;2;1;1;1
202100021587;163 046;7;0;2;3;10;1
202100021588;163 043;2;0;2;6;17;1
202100021588;163 044;7;0;0;6;26;1
202100021589;163 042;10;1;0;2;1;1
202100021590;163 040;10;0;9;3;15;1
202100021590;163 041;1;0;2;1;1;5
202100021591;163 038;7;0;2;6;13;1
202100021591;163 039;33;0;2;1;13;1
202100021592;163 036;7;0;9;3;1;2
202100021592;163 037;50;0;2;3;5;3
202100021593;163 034;7;0;2;1;1;1
202100021593;163 035;7;0;2;1;13;1
202100021594;163 033;7;1;0;1;1;1
202100021595;163 030;7;0;2;4;23;1
202100021595;163 031;1;0;2;1;2;5
202100021596;163 028;1;0;2;1;1;0
202100021596;163 029;7;0;9;2;15;1
202100021597;163 026;7;0;2;6;1;1
202100021597;163 027;7;1;2;2;13;1
202100021598;163 024;7;0;2;1;2;1
202100021598;163 025;7;0;2;4;2;1
202100021599;163 022;7;0;0;4;2;1
202100021599;163 023;7;0;2;1;2;1
202100021600;163 020;7;0;2;8;15;1
202100021600;163 021;50;0;2;1;1;3
202100021601;163 018;7;4;2;1;17;1
202100021601;163 019;7;0;2;1;5;1
202100021602;163 016;7;0;2;5;2;1
202100021602;163 017;2;1;2;1;2;1
202100021603;163 014;33;0;2;1;17;1
202100021603;163 015;7;0;2;6;15;1
202100021604;163 013;7;0;1;1;1;1
202100021605;163 012;7;1;0;9;1;1
202100021606;163 010;7;0;2;5;15;1
202100021606;163 011;33;0;2;1;2;1
202100021607;163 009;7;0;1;4;26;3
202100021608;163 008;43;0;0;0;1;1