Num_Acc;id_vehicule;catv;obs;obsm;choc;manv;motor
202100021609;163 007;10;0;1;1;1;1
202100021610;163 005;1;0;2;4;1;5
202100021610;163 006;7;0;2;1;2;1
202100021611;163 003;17;0;2;1;17;1
202100021611;163 004;7;0;2;4;9;1
202100021612;163 001;10;0;2;1;15;1
202100021612;163 002;1;0;2;7;1;5
202100021613;163 000;1;0;0;7;26;5
202100021614;162 998;7;0;2;4;2;1
202100021614;162 999;10;0;2;1;2;1
202100021615;162 996;7;0;2;3;1;1
202100021615;162 997;7;0;2;1;13;1
202100021616;162 994;33;0;2;1;2;1
202100021616;162 995;7;0;2;3;15;1
202100021617;162 992;7;0;2;1;1;1
202100021617;162 993;50;0;2;7;19;3
202100021618;162 990;7;0;2;1;1;1
202100021618;162 991;7;0;2;7;1;1
202100021619;162 987;7;0;2;1;1;1
202100021619;162 988;7;0;2;4;1;1
202100021619;162 989;7;0;2;1;1;0
202100021620;162 985;33;0;2;1;1;1
202100021620;162 986;10;0;2;8;1;1
202100021621;162 983;7;0;2;2;16;1
202100021621;162 984;50;0;2;1;1;3
202100021622;162 981;1;0;2;8;15;5
202100021622;162 982;7;0;2;2;17;1
202100021623;162 979;32;0;2;1;15;1
202100021623;162 980;7;0;2;3;1;1
202100021624;162 977;7;6;1;1;19;3
202100021624;162 978;7;0;0;6;2;1
202100021625;162 973;7;0;2;4;2;1
202100021625;162 974;7;0;2;4;2;1
202100021625;162 975;7;0;2;4;2;1
202100021625;162 976;10;0;2;1;2;1
202100021626;162 972;7;-1;-1;-1;1;-1
202100021627;162 969;7;0;2;4;2;1
202100021627;162 970;7;0;2;1;2;1
202100021628;162 965;10;0;2;1;2;1
202100021628;162 966;7;3;2;4;2;1
202100021628;162 967;7;0;2;4;2;1
202100021628;162 968;7;0;2;4;0;1
202100021629;162 963;33;0;2;1;1;1
202100021629;162 964;7;0;2;1;9;1
202100021630;162 962;33;0;0;8;21;1
202100021631;162 960;7;1;0;1;0;1
202100021631;162 961;7;12;0;6;0;1
202100021632;162 958;32;0;0;1;2;1
202100021632;162 959;7;0;0;3;10;1
202100021633;162 957;32;0;1;1;1;1
202100021634;162 955;7;0;2;7;1;1
202100021634;162 956;1;0;2;8;0;0
202100021635;162 953;33;0;2;1;1;1
202100021635;162 954;7;0;2;5;15;1
202100021636;162 951;7;0;2;2;15;1
202100021636;162 952;2;0;2;1;1;1
202100021637;162 949;1;0;2;8;19;0
202100021637;162 950;7;0;2;1;17;1
202100021638;162 948;7;0;1;4;20;2
202100021639;162 947;7;0;1;2;1;1
202100021640;162 946;7;2;0;2;14;1
202100021641;162 945;7;0;1;3;1;1
202100021642;162 943;32;0;2;7;13;1
202100021642;162 944;7;0;2;8;9;1
202100021643;162 941;33;0;2;1;3;-1
202100021643;162 942;7;12;2;3;15;1
202100021644;162 939;7;0;2;5;2;1
202100021644;162 940;31;0;2;3;2;1
202100021645;162 938;7;0;1;1;1;1
202100021646;162 936;7;0;2;3;1;1
202100021646;162 937;30;0;2;1;1;1
202100021647;162 935;30;14;0;1;17;1
202100021648;162 933;7;0;2;4;23;1
202100021648;162 934;7;0;2;1;1;1
202100021649;162 932;32;0;1;1;1;1
202100021650;162 930;30;0;2;8;1;1
202100021650;162 931;10;0;2;1;1;1
202100021651;162 929;50;0;0;0;1;3
202100021652;162 927;7;0;2;1;16;1
202100021652;162 928;50;0;2;3;1;3
202100021653;162 925;50;0;2;1;1;3
202100021653;162 926;7;0;2;2;1;1
202100021654;162 923;7;0;2;1;14;0
202100021654;162 924;31;0;2;4;16;1
202100021655;162 922;50;0;1;7;25;3
202100021656;162 921;7;0;1;3;15;1
202100021657;162 919;32;0;2;2;1;1
202100021657;162 920;10;0;2;3;10;1
202100021658;162 918;30;0;0;1;1;1
202100021659;162 916;7;0;2;4;2;1
202100021659;162 917;7;0;2;0;0;1
202100021660;162 914;33;0;2;1;1;1
202100021660;162 915;10;0;2;2;15;1
202100021661;162 912;32;0;2;4;23;1
202100021661;162 913;7;0;2;1;2;1
202100021662;162 910;7;0;2;1;26;1
202100021662;162 911;7;0;2;4;26;1
202100021663;162 908;99;0;2;3;9;1
202100021663;162 909;2;0;2;1;26;1
202100021664;162 907;50;15;0;1;25;3
202100021665;162 906;7;0;1;1;15;1
202100021666;162 904;7;0;2;1;21;1
202100021666;162 905;7;0;2;8;9;1
202100021667;162 902;7;0;2;1;15;1
202100021667;162 903;7;2;2;6;1;1
202100021668;162 901;7;0;1;8;0;1
202100021669;162 899;7;1;2;3;13;1
202100021669;162 900;37;0;2;3;1;2
202100021670;162 897;1;0;2;1;1;5
202100021670;162 898;7;0;2;5;15;2
202100021671;162 895;7;0;2;0;0;1
202100021671;162 896;1;0;2;1;1;5
202100021672;162 894;7;0;1;3;15;1
202100021673;162 892;7;0;2;7;17;1
202100021673;162 893;2;0;2;8;15;1
202100021674;162 890;33;0;2;1;1;1
202100021674;162 891;7;0;2;3;19;1
202100021675;162 888;7;0;2;3;26;1
202100021675;162 889;7;0;2;2;1;1
202100021676;162 887;17;0;0;9;1;1
202100021677;162 886;32;0;1;0;26;1
202100021678;162 884;7;0;2;1;1;1
202100021678;162 885;7;0;2;2;15;1
202100021679;162 883;7;7;0;1;1;1
202100021680;162 881;7;4;2;3;1;1
202100021680;162 882;7;0;2;1;1;1
202100021681;162 879;7;0;2;1;2;1
202100021681;162 880;15;0;0;4;2;1
202100021682;162 877;7;0;2;1;0;1
202100021682;162 878;33;0;2;5;9;1
202100021683;162 875;10;0;0;8;15;1
202100021683;162 876;33;0;2;1;17;1
202100021684;162 872;7;0;2;6;13;1
202100021684;162 873;33;0;2;3;21;1
202100021684;162 874;7;0;2;1;26;2
202100021685;162 871;1;0;0;0;0;5
202100021686;162 870;7;3;0;8;1;1
202100021687;162 869;33;4;0;1;1;1
202100021688;162 868;7;3;0;9;14;1
202100021689;162 866;7;0;2;3;16;0
202100021689;162 867;7;0;2;2;1;1
202100021690;162 864;33;0;2;1;1;1
202100021690;162 865;7;0;2;3;13;1
202100021691;162 862;7;0;2;1;1;1
202100021691;162 863;7;0;2;3;13;1
202100021692;162 861;33;16;0;1;1;1
202100021693;162 859;7;0;2;8;1;1
202100021693;162 860;33;0;2;3;13;1
202100021694;162 857;7;0;2;1;5;1
202100021694;162 858;7;0;2;1;1;1
202100021695;162 855;15;0;0;7;15;1
202100021695;162 856;2;0;2;1;1;1
202100021696;162 854;10;2;0;1;1;1
202100021697;162 853;33;0;0;8;1;1
202100021698;162 851;7;0;2;2;17;1
202100021698;162 852;7;0;0;6;1;1
202100021699;162 850;7;13;0;1;0;1
202100021700;162 848;33;0;2;1;1;1
202100021700;162 849;7;0;2;8;9;1
202100021701;162 847;21;3;0;8;2;1
202100021702;162 846;33;0;0;1;1;1
202100021703;162 845;32;12;0;1;17;1
202100021704;162 843;7;13;0;1;14;2
202100021705;162 842;7;0;1;1;1;1
202100021706;162 840;7;0;2;1;1;1
202100021706;162 841;7;0;2;1;3;1
202100021707;162 838;7;0;2;1;1;1
202100021707;162 839;7;0;2;3;13;1
202100021708;162 836;2;0;0;8;16;1
202100021708;162 837;7;0;2;2;1;1
202100021709;162 834;7;0;2;7;19;1
202100021709;162 835;7;0;2;1;15;1
202100021710;162 832;33;0;2;1;1;1
202100021710;162 833;7;0;0;2;15;1
202100021711;162 831;33;15;0;1;1;1
202100021712;162 830;33;16;0;7;16;1
202100021713;162 825;33;0;2;1;1;1
202100021713;162 826;10;5;2;3;13;1
202100021713;162 827;33;3;2;3;1;1
202100021713;162 828;33;0;2;1;1;1
202100021713;162 829;33;0;2;2;1;1
202100021714;162 823;7;0;9;3;1;2
202100021714;162 824;17;6;0;3;6;1
202100021715;162 822;2;6;0;7;1;1
202100021716;162 820;7;0;2;3;17;2
202100021716;162 821;31;0;2;1;1;1
202100021717;162 818;17;0;0;4;2;1
202100021717;162 819;10;0;2;1;2;1
202100021718;162 817;7;0;1;3;15;1
202100021719;162 815;7;0;2;2;15;1
202100021719;162 816;33;0;0;7;21;1
202100021720;162 813;33;0;2;1;1;1
202100021720;162 814;7;0;9;8;15;1
202100021721;162 812;33;9;0;1;0;1
202100021722;162 811;33;6;0;1;1;1
202100021723;162 810;33;14;0;1;2;1
202100021724;162 808;80;0;2;1;19;3
202100021724;162 809;7;0;9;2;19;1
202100021725;162 805;7;0;2;3;1;1
202100021725;162 806;7;0;2;4;15;1
202100021725;162 807;10;0;2;1;1;1
202100021726;162 803;10;0;0;8;15;1
202100021726;162 804;33;1;2;7;17;1
202100021727;162 801;7;0;0;5;1;1
202100021727;162 802;33;0;2;1;1;1
202100021728;162 799;7;0;2;3;1;1
202100021728;162 800;7;13;2;2;1;1
202100021729;162 796;10;0;2;3;13;1
202100021729;162 797;33;0;2;1;1;1
202100021729;162 798;33;0;2;1;1;1
202100021730;162 795;7;2;0;3;0;1
202100021731;162 793;7;0;2;2;19;1
202100021731;162 794;50;0;2;1;1;3
202100021732;162 791;33;0;2;3;0;1
202100021732;162 792;7;0;2;4;2;1
202100021733;162 789;7;0;2;6;1;1
202100021733;162 790;7;0;2;2;12;1
202100021734;162 788;32;0;9;7;2;1
202100021735;162 785;43;0;2;2;1;1
202100021735;162 786;7;0;2;6;1;1
202100021735;162 787;7;0;2;6;1;1
202100021736;162 782;10;0;2;1;2;1
202100021736;162 783;7;0;2;4;2;1
202100021736;162 784;7;0;2;3;26;1
202100021737;162 779;7;3;2;1;2;1
202100021737;162 780;7;3;2;4;1;1
202100021737;162 781;17;0;2;8;1;1
202100021738;162 777;14;0;2;3;13;1
202100021738;162 778;7;0;2;2;1;1
202100021739;162 774;14;0;2;3;2;1
202100021739;162 775;7;0;2;1;2;1
202100021739;162 776;15;1;2;4;2;1
202100021740;162 772;33;0;2;1;3;1
202100021740;162 773;7;0;2;4;1;1
202100021741;162 770;7;0;2;5;1;1
202100021741;162 771;33;0;2;5;3;1
202100021742;162 768;7;0;2;1;1;1
202100021742;162 769;7;0;2;4;2;1
202100021743;162 766;10;0;2;4;1;1
202100021743;162 767;7;0;2;1;1;1
202100021744;162 763;7;0;2;2;1;1
202100021744;162 764;13;0;2;0;14;1
202100021744;162 765;0;0;2;0;12;0
202100021745;162 761;7;0;2;8;1;1
202100021745;162 762;31;0;2;1;3;1
202100021746;162 760;7;0;0;1;12;1
202100021747;162 758;7;0;2;4;0;1
202100021747;162 759;7;0;2;1;0;1
202100021748;162 756;31;0;2;1;3;1
202100021748;162 757;7;0;2;5;1;1
202100021749;162 755;33;0;1;0;1;1
202100021750;162 754;7;0;1;1;1;1
202100021751;162 753;7;0;1;1;1;1
202100021752;162 747;7;0;1;2;19;1
202100021753;162 745;30;0;2;1;1;1
202100021753;162 746;7;0;2;5;1;0
202100021754;162 743;7;0;2;4;2;1
202100021754;162 744;7;0;0;1;2;1
202100021755;162 741;7;0;2;8;15;1
202100021755;162 742;7;0;2;1;1;1
202100021756;162 739;1;0;2;1;1;5
202100021756;162 740;7;1;0;4;23;1
202100021757;162 736;7;0;2;1;1;1
202100021757;162 737;7;0;2;1;2;1
202100021757;162 738;10;0;2;1;2;1
202100021758;162 734;17;0;0;8;1;0
202100021758;162 735;7;0;0;3;13;1
202100021759;162 732;3;0;2;1;2;1
202100021759;162 733;7;0;2;4;1;1
202100021760;162 730;7;0;2;1;13;1
202100021760;162 731;7;0;2;1;1;1
202100021761;162 729;7;0;1;1;1;1
202100021762;162 727;30;0;2;1;2;1
202100021762;162 728;7;16;0;2;2;1
202100021763;162 725;7;0;2;1;1;1
202100021763;162 726;7;0;9;4;1;1
202100021764;162 723;33;0;2;1;3;1
202100021764;162 724;7;0;2;2;15;1
202100021765;162 721;7;0;2;3;16;1
202100021765;162 722;7;0;2;3;26;1
202100021766;162 720;7;0;1;3;1;1
202100021767;162 718;7;0;2;1;15;1
202100021767;162 719;50;0;2;1;1;3
202100021768;162 717;7;9;0;8;1;1
202100021769;162 715;10;0;2;8;15;1
202100021769;162 716;2;0;2;7;17;1
202100021770;162 714;7;0;1;1;1;1
202100021771;162 712;30;0;2;1;1;1
202100021771;162 713;7;0;2;3;1;1
202100021772;162 709;7;0;9;2;15;1
202100021772;162 710;7;0;2;0;23;1
202100021772;162 711;1;0;2;1;1;5
202100021773;162 707;13;0;2;1;17;1
202100021773;162 708;50;0;2;4;15;3
202100021774;162 702;7;0;2;4;1;1
202100021774;162 703;7;0;2;4;2;1
202100021774;162 704;7;0;2;4;2;1
202100021774;162 705;7;0;2;4;2;1
202100021774;162 706;10;0;2;1;2;1
202100021775;162 701;7;6;0;2;14;1
202100021776;162 700;7;0;1;1;26;1
202100021777;162 698;7;0;2;8;15;1
202100021777;162 699;7;0;2;1;5;1
202100021778;162 696;7;0;2;7;1;1
202100021778;162 697;60;0;2;8;1;5
202100021779;162 694;7;0;2;3;1;1
202100021779;162 695;7;1;2;1;1;1
202100021780;162 692;7;0;2;7;9;1
202100021780;162 693;17;0;2;3;9;1
202100021781;162 691;33;0;0;7;1;1
202100021782;162 690;50;0;0;1;26;3
202100021783;162 689;10;0;1;1;19;1
202100021784;162 687;7;0;2;4;23;1
202100021784;162 688;7;0;2;1;2;0
202100021785;162 685;7;0;2;6;19;1
202100021785;162 686;10;0;2;1;1;1
202100021786;162 683;7;0;2;7;9;1
202100021786;162 684;31;0;2;1;1;1
202100021787;162 681;7;0;2;1;1;1
202100021787;162 682;7;0;2;4;1;1
202100021788;162 679;10;1;0;2;1;1
202100021788;162 680;7;0;2;8;22;1
202100021789;162 677;7;0;2;4;1;0
202100021789;162 678;31;0;2;1;1;1
202100021790;162 675;31;0;2;1;17;1
202100021790;162 676;7;0;2;8;15;1
202100021791;162 674;33;6;0;0;26;0
202100021792;162 673;7;4;0;1;1;1
202100021793;162 672;7;0;1;4;26;1
202100021794;162 670;7;0;2;1;1;1
202100021794;162 671;10;0;2;8;1;1
202100021795;162 667;7;0;2;2;2;1
202100021795;162 668;7;0;2;6;2;1
202100021795;162 669;7;0;2;4;2;1
202100021796;162 664;10;0;2;1;2;1
202100021796;162 665;10;0;2;1;2;1
202100021796;162 666;10;0;2;1;2;1
202100021797;162 662;60;0;2;1;19;5
202100021797;162 663;7;0;2;3;1;1
202100021798;162 658;7;0;2;1;12;2
202100021798;162 659;7;0;2;4;1;1
202100021798;162 660;7;0;2;4;1;1
202100021798;162 661;7;0;2;4;1;1
202100021799;162 656;7;0;2;4;2;1
202100021799;162 657;10;0;2;1;2;0
202100021800;162 653;30;0;2;4;1;1
202100021800;162 654;7;0;2;2;15;1
202100021800;162 655;7;0;2;3;1;1
202100021801;162 651;1;0;2;1;1;5
202100021801;162 652;7;0;2;8;22;1
202100021802;162 649;10;0;2;1;1;1
202100021802;162 650;7;0;2;4;1;1
202100021803;162 648;7;0;1;3;15;2
202100021804;162 646;50;0;2;8;1;3
202100021804;162 647;7;0;2;8;16;1
202100021805;162 644;34;0;2;7;17;1
202100021805;162 645;7;0;2;0;1;1
202100021806;162 643;7;1;0;3;14;1
202100021807;162 641;50;0;2;1;13;3
202100021807;162 642;50;0;2;1;1;3
202100021808;162 639;7;0;2;5;1;1
202100021808;162 640;7;0;2;3;13;1
202100021809;162 637;7;0;2;8;5;1
202100021809;162 638;7;0;2;1;1;1
202100021810;162 635;7;0;2;3;1;1
202100021810;162 636;50;0;2;2;1;3
202100021811;162 634;37;0;1;7;1;0
202100021812;162 633;7;1;1;2;17;1
202100021813;162 631;32;0;2;7;26;1
202100021813;162 632;7;14;2;7;5;1
202100021814;162 630;1;8;0;1;1;0
202100021815;162 628;7;0;2;6;15;1
202100021815;162 629;32;0;2;1;13;1
202100021816;162 627;33;1;0;1;1;1
202100021817;162 626;7;12;0;1;16;1
202100021818;162 624;7;0;2;1;9;1
202100021818;162 625;7;0;2;3;19;1
202100021819;162 623;7;9;0;9;0;1
202100021820;162 621;7;0;0;8;15;1
202100021820;162 622;50;0;2;1;1;3
202100021821;162 619;7;1;0;2;9;1
202100021821;162 620;31;0;2;7;1;1
202100021822;162 617;33;1;0;7;2;1
202100021822;162 618;7;16;0;3;26;1
202100021823;162 616;1;0;0;1;1;5
202100021824;162 614;7;0;2;5;15;1
202100021824;162 615;34;0;2;1;1;1
202100021825;162 613;30;0;0;8;26;1
202100021826;162 612;7;0;1;1;1;1
202100021827;162 610;7;0;2;1;0;1
202100021827;162 611;7;0;2;1;1;1
202100021828;162 608;7;9;2;0;11;1
202100021828;162 609;2;0;2;0;21;1
202100021829;162 607;80;0;0;3;0;3
202100021830;162 605;7;0;2;2;17;1
202100021830;162 606;7;16;2;6;1;1
202100021831;162 604;7;13;0;1;1;1
202100021832;162 603;7;4;0;1;0;1
202100021833;162 601;7;0;2;7;17;1
202100021833;162 602;7;0;2;8;13;1
202100021834;162 599;2;0;2;1;18;1
202100021834;162 600;7;0;2;2;16;1
202100021835;162 597;2;0;2;1;1;1
202100021835;162 598;7;0;0;3;15;1
202100021836;162 595;7;0;2;8;15;1
202100021836;162 596;30;0;2;8;0;1
202100021837;162 593;33;0;2;1;1;1
202100021837;162 594;7;0;2;2;19;2
202100021838;162 591;7;3;2;1;2;1
202100021838;162 592;7;3;0;4;12;1
202100021839;162 590;2;0;6;2;2;1
202100021840;162 589;7;13;0;2;0;1
202100021841;162 587;7;0;2;2;19;1
202100021841;162 588;33;0;2;1;1;1
202100021842;162 586;7;8;0;6;1;1
202100021843;162 584;10;0;2;2;15;1
202100021843;162 585;99;0;0;8;1;5
202100021844;162 583;7;13;0;2;14;1
202100021845;162 581;7;0;2;1;13;1
202100021845;162 582;7;0;2;1;1;1
202100021846;162 579;33;0;2;2;17;1
202100021846;162 580;7;0;0;3;15;1
202100021847;162 578;33;0;0;2;1;1
202100021848;162 576;7;0;2;3;1;1
202100021848;162 577;33;0;2;3;1;1
202100021849;162 574;7;0;2;1;1;1
202100021849;162 575;7;0;2;7;15;1
202100021850;162 573;7;2;0;8;13;1
202100021851;162 571;33;0;2;6;15;1
202100021851;162 572;7;0;2;2;2;1
202100021852;162 570;33;13;0;0;1;1
202100021853;162 568;33;0;2;1;1;1
202100021853;162 569;7;0;2;1;15;1
202100021854;162 567;7;13;0;1;13;1
202100021855;162 566;7;13;0;1;1;1
202100021856;162 565;10;0;1;5;0;0
202100021857;162 564;33;9;0;9;2;1
202100021858;162 562;10;0;0;6;2;1
202100021858;162 563;33;0;0;1;2;1
202100021859;162 560;7;0;2;1;1;1
202100021859;162 561;7;0;2;7;13;1
202100021860;162 559;33;0;0;0;1;1
202100021861;162 557;7;3;2;3;5;2
202100021861;162 558;15;0;2;3;21;1
202100021862;162 556;7;0;1;4;20;1
202100021863;162 554;36;0;2;3;1;1
202100021863;162 555;21;0;2;1;1;1
202100021864;162 552;10;0;0;4;11;1
202100021864;162 553;33;0;2;1;2;1
202100021865;162 551;7;15;0;1;0;1
202100021866;162 549;7;0;2;2;17;1
202100021866;162 550;1;0;2;1;15;5
202100021867;162 546;7;0;2;8;9;1
202100021867;162 547;33;0;2;1;1;1
202100021868;162 544;7;0;2;3;26;1
202100021868;162 545;7;0;2;6;1;1
202100021869;162 542;7;0;2;1;19;1
202100021869;162 543;7;0;2;8;1;1
202100021870;162 540;7;0;2;3;9;1
202100021870;162 541;33;0;2;5;1;1
202100021871;162 539;7;6;0;1;1;2
202100021872;162 538;7;0;0;1;1;1
202100021873;162 533;7;0;0;6;15;1
202100021873;162 534;7;0;0;2;1;1
202100021873;162 535;33;0;2;1;13;1
202100021874;162 531;7;0;2;3;13;1
202100021874;162 532;7;0;2;3;1;1
202100021875;162 530;7;13;0;2;2;1
202100021876;162 528;1;0;0;3;2;5
202100021876;162 529;31;0;9;2;17;1
202100021877;162 526;7;0;0;1;15;1
202100021877;162 527;33;0;2;1;1;1
202100021878;162 524;7;0;2;3;1;1
202100021878;162 525;30;0;2;1;1;1
202100021879;162 523;7;13;0;1;1;1
202100021880;162 522;7;0;1;2;1;1
202100021881;162 521;7;0;1;2;1;1
202100021882;162 519;32;0;2;1;26;1
202100021882;162 520;7;0;2;7;15;2
202100021883;162 518;2;12;0;8;11;1
202100021884;162 517;7;13;0;1;19;1
202100021885;162 516;33;0;5;1;1;1
202100021886;162 513;7;0;2;7;15;1
202100021886;162 514;7;0;2;1;10;2
202100021887;162 510;7;0;2;1;0;1
202100021887;162 511;33;0;2;7;2;1
202100021888;162 508;7;0;2;3;1;1
202100021888;162 509;7;0;2;3;0;1
202100021889;162 506;80;0;2;1;13;3
202100021889;162 507;99;0;9;6;1;3
202100021890;162 505;31;12;0;7;1;1
202100021891;162 503;7;0;2;8;1;1
202100021891;162 504;7;3;2;0;14;1
202100021892;162 500;7;0;2;4;2;1
202100021892;162 501;7;0;2;4;2;1
202100021892;162 502;7;0;2;1;2;1
202100021893;162 497;7;0;-1;4;0;1
202100021893;162 498;7;0;2;4;0;1
202100021893;162 499;10;0;2;4;0;1
202100021894;162 496;7;2;0;9;14;1
202100021895;162 494;15;0;2;0;0;0
202100021895;162 495;33;0;2;7;1;1
202100021896;162 492;15;0;2;1;2;1
202100021896;162 493;15;0;2;4;2;1
202100021897;162 489;7;0;2;4;2;1
202100021897;162 490;7;0;2;4;2;1
202100021897;162 491;7;0;2;1;2;1
202100021898;162 486;7;0;2;1;5;1
202100021898;162 487;7;0;2;2;1;1
202100021898;162 488;7;0;2;0;1;1
202100021899;162 485;7;0;1;1;1;1
202100021900;162 483;33;0;2;1;21;1
202100021900;162 484;7;0;2;6;1;1
202100021901;162 481;7;0;2;4;0;0
202100021901;162 482;7;0;2;2;2;1
202100021902;162 478;7;0;2;1;1;1
202100021902;162 479;43;0;2;4;3;1
202100021902;162 480;7;0;2;3;1;1
202100021903;162 476;33;0;2;1;3;1
202100021903;162 477;7;0;2;4;2;1
202100021904;162 474;34;0;2;1;2;1
202100021904;162 475;7;0;2;4;2;1
202100021905;162 472;7;0;2;4;2;2
202100021905;162 473;7;0;2;1;2;1
202100021906;162 471;7;13;0;9;0;1
202100021907;162 469;7;0;2;2;12;1
202100021907;162 470;7;0;2;8;1;1
202100021908;162 468;7;16;2;1;3;1
202100021909;162 466;1;0;2;0;1;5
202100021909;162 467;15;0;2;7;17;1
202100021910;162 465;31;1;0;1;26;0
202100021911;162 463;34;1;2;7;1;1
202100021911;162 464;7;1;2;2;15;1
202100021912;162 461;7;0;2;2;1;1
202100021912;162 462;30;0;2;1;5;1
202100021913;162 459;7;0;2;2;12;1
202100021913;162 460;7;0;2;9;1;1
202100021914;162 458;7;0;1;1;1;1
202100021915;162 456;30;0;2;1;3;1
202100021915;162 457;7;0;2;6;1;1
202100021916;162 455;7;6;0;1;26;1
202100021917;162 454;7;0;1;1;26;1
202100021918;162 447;7;0;2;1;1;1
202100021918;162 448;7;0;2;3;15;1
202100021919;162 445;2;0;2;8;2;1
202100021919;162 446;10;0;2;3;5;1
202100021920;162 443;50;0;2;1;1;3
202100021920;162 444;37;0;2;3;15;1
202100021921;162 441;10;0;2;1;17;1
202100021921;162 442;1;0;2;4;1;5
202100021922;162 440;1;0;0;0;1;5
202100021923;162 438;7;0;2;1;11;1
202100021923;162 439;1;0;2;1;15;5
202100021924;162 436;7;0;2;3;15;2
202100021924;162 437;7;0;2;3;19;1
202100021925;162 434;1;0;2;1;0;5
202100021925;162 435;7;0;2;1;15;1
202100021926;162 432;30;0;9;1;1;1
202100021926;162 433;1;0;2;1;14;5
202100021927;162 430;32;0;2;1;1;1
202100021927;162 431;7;0;2;8;15;1
202100021928;162 427;7;0;2;1;2;1
202100021928;162 428;7;0;2;1;2;1
202100021928;162 429;7;0;2;5;1;1
202100021929;162 426;7;0;1;2;16;1
202100021930;162 424;2;0;0;8;1;1
202100021931;162 423;7;1;0;1;2;1
202100021932;162 422;7;0;1;1;26;0
202100021933;162 421;7;13;0;2;1;1
202100021934;162 420;7;2;0;1;1;1
202100021935;162 416;1;0;2;1;1;5
202100021935;162 417;7;0;2;8;1;1
202100021936;162 415;7;13;0;0;0;1
202100021937;162 413;7;0;2;3;13;1
202100021937;162 414;7;0;2;6;1;1
202100021938;162 412;7;0;1;4;20;1
202100021939;162 410;31;0;2;8;9;6
202100021939;162 411;7;0;2;7;0;6
202100021940;162 408;7;0;2;1;13;1
202100021940;162 409;7;0;2;1;1;1
202100021941;162 406;2;0;2;7;0;1
202100021941;162 407;7;0;2;8;9;1
202100021942;162 404;7;0;2;2;1;1
202100021942;162 405;7;0;2;8;10;1
202100021943;162 402;7;0;2;1;15;1
202100021943;162 403;31;0;2;0;0;1
202100021944;162 400;7;0;0;3;0;1
202100021944;162 401;7;0;0;3;11;1
202100021945;162 397;7;0;2;4;2;2
202100021945;162 398;7;0;2;4;2;1
202100021945;162 399;7;4;2;1;13;6
202100021946;162 395;7;0;2;6;10;1
202100021946;162 396;33;0;2;1;1;1
202100021947;162 394;30;11;0;6;13;1
202100021948;162 393;32;1;1;1;5;1
202100021949;162 391;43;0;2;7;1;1
202100021949;162 392;30;0;2;2;1;1
202100021950;162 389;30;0;2;1;13;3
202100021950;162 390;7;0;2;1;1;1
202100021951;162 388;32;0;1;1;1;1
202100021952;162 387;50;0;1;1;1;3
202100021953;162 386;7;0;1;5;20;1
202100021954;162 384;30;0;2;4;11;3
202100021954;162 385;7;0;2;2;1;0
202100021955;162 383;50;14;0;3;11;3
202100021956;162 382;30;8;0;1;9;1
202100021957;162 380;7;0;2;1;2;1
202100021957;162 381;7;0;2;4;1;1
202100021958;162 378;7;15;2;3;16;1
202100021958;162 379;7;0;2;2;2;1
202100021959;162 376;32;0;2;4;1;1
202100021959;162 377;7;0;2;1;13;1
202100021960;162 375;10;0;1;4;26;1
202100021961;162 373;7;0;2;2;15;1
202100021961;162 374;2;0;2;3;1;1
202100021962;162 371;7;4;0;4;11;1
202100021962;162 372;7;4;2;1;13;1
202100021963;162 370;7;1;0;3;13;2
202100021964;162 368;1;0;2;3;13;5
202100021964;162 369;7;0;2;3;1;2
202100021965;162 366;7;0;2;3;1;1
202100021965;162 367;7;0;2;3;13;1
202100021966;162 365;7;2;0;9;14;1
202100021967;162 363;33;0;2;8;1;1
202100021967;162 364;10;0;2;4;17;1
202100021968;162 362;7;13;0;9;14;1
202100021969;162 360;10;0;2;1;1;1
202100021969;162 361;7;0;2;3;5;1
202100021970;162 358;1;0;2;1;1;5
202100021970;162 359;7;0;9;8;15;1
202100021971;162 356;2;0;2;3;15;1
202100021971;162 357;7;0;2;2;17;1
202100021972;162 353;7;0;9;1;1;1
202100021972;162 354;7;0;2;3;2;1
202100021972;162 355;7;0;2;7;19;1
202100021973;162 351;7;0;2;3;1;1
202100021973;162 352;33;0;2;3;14;1
202100021974;162 349;7;0;2;2;15;1
202100021974;162 350;2;0;2;1;1;1
202100021975;162 348;7;2;0;1;1;1
202100021976;162 347;10;2;0;1;6;1
202100021977;162 346;7;13;0;2;0;1
202100021978;162 345;33;12;0;3;15;1
202100021979;162 344;36;0;0;0;1;1
202100021980;162 343;1;0;0;0;1;5
202100021981;162 341;2;0;2;1;5;1
202100021981;162 342;7;0;2;3;1;1
202100021982;162 338;33;0;2;1;17;1
202100021982;162 339;33;0;2;1;17;1
202100021982;162 340;7;0;2;3;19;2
202100021983;162 336;7;0;2;2;1;1
202100021983;162 337;30;0;0;4;2;1
202100021984;162 334;99;0;2;8;1;1
202100021984;162 335;7;0;2;8;13;1
202100021985;162 333;33;13;0;0;1;1
202100021986;162 331;3;0;9;1;9;1
202100021986;162 332;80;0;2;7;1;3
202100021987;162 330;7;16;0;0;14;1
202100021988;162 329;7;0;1;1;0;1
202100021989;162 328;31;13;0;0;21;1
202100021990;162 327;3;13;0;9;0;1
202100021991;162 326;7;13;0;3;16;1
202100021992;162 325;2;2;0;0;1;1
202100021993;162 322;7;16;0;1;1;1
202100021994;162 320;33;0;2;1;17;1
202100021994;162 321;33;0;2;1;1;1
202100021995;162 318;15;0;2;2;1;1
202100021995;162 319;7;0;2;2;13;1
202100021996;162 317;33;0;0;2;1;1
202100021997;162 316;1;0;0;0;0;5
202100021998;162 314;7;0;9;2;11;1
202100021998;162 315;80;0;2;7;19;3