Num_Acc;id_vehicule;catv;obs;obsm;choc;manv;motor
202100022754;160 927;99;0;0;0;1;3
202100022755;160 926;7;0;1;2;1;1
202100022756;160 924;10;0;2;1;0;1
202100022756;160 925;7;0;2;1;0;1
202100022757;160 923;7;0;1;1;19;1
202100022758;160 921;10;0;2;1;17;1
202100022758;160 922;7;0;2;8;15;1
202100022759;160 919;7;0;2;3;2;2
202100022759;160 920;30;0;2;6;1;1
202100022760;160 917;1;0;2;1;2;5
202100022760;160 918;7;0;2;5;20;1
202100022761;160 915;7;0;9;2;16;1
202100022761;160 916;50;0;2;0;0;3
202100022762;160 913;3;0;2;3;20;6
202100022762;160 914;2;0;2;1;17;0
202100022763;160 909;33;0;2;1;1;1
202100022763;160 910;7;0;2;1;1;1
202100022763;160 911;7;0;2;4;1;1
202100022763;160 912;7;0;2;4;1;1
202100022764;160 907;7;0;2;6;2;1
202100022764;160 908;7;0;2;2;2;1
202100022765;160 906;7;4;0;9;26;1
202100022766;160 904;7;4;0;1;1;1
202100022766;160 905;10;0;2;2;23;1
202100022767;160 903;10;1;0;2;14;1
202100022768;160 900;7;3;0;5;0;1
202100022768;160 901;7;0;2;1;1;1
202100022768;160 902;7;3;0;3;1;1
202100022769;160 899;7;2;0;1;26;1
202100022770;160 898;33;4;2;1;9;1
202100022771;160 896;7;0;2;7;12;1
202100022771;160 897;31;0;2;6;11;1
202100022772;160 894;7;0;2;4;1;1
202100022772;160 895;7;0;2;1;9;1
202100022773;160 892;7;0;2;4;1;1
202100022773;160 893;10;0;2;1;1;1
202100022774;160 890;7;0;2;3;2;1
202100022774;160 891;7;0;2;5;2;2
202100022775;160 889;7;3;0;3;1;1
202100022776;160 888;33;0;0;7;15;1
202100022777;160 887;7;0;1;1;1;1
202100022778;160 885;7;0;2;1;12;0
202100022778;160 886;43;0;2;3;9;1
202100022779;160 883;30;0;2;1;21;1
202100022779;160 884;32;0;2;8;17;1
202100022780;160 882;7;0;0;1;14;1
202100022781;160 880;43;0;2;2;17;1
202100022781;160 881;7;0;2;8;15;1
202100022782;160 878;7;0;2;1;1;1
202100022782;160 879;2;0;2;4;1;1
202100022783;160 876;7;0;2;1;26;0
202100022783;160 877;2;0;2;0;0;1
202100022784;160 874;7;0;2;2;1;1
202100022784;160 875;32;0;2;1;13;1
202100022785;160 873;7;0;1;5;20;1
202100022786;160 872;30;8;0;1;1;1
202100022787;160 871;17;2;0;2;14;1
202100022788;160 870;41;0;0;0;26;1
202100022789;160 869;7;3;0;2;9;1
202100022790;160 867;7;0;2;8;10;1
202100022790;160 868;33;0;2;2;17;1
202100022791;160 865;7;0;2;6;15;1
202100022791;160 866;32;0;2;2;17;1
202100022792;160 863;33;0;2;1;1;1
202100022792;160 864;7;0;2;6;10;1
202100022793;160 861;1;0;2;1;1;5
202100022793;160 862;7;0;2;5;26;2
202100022794;160 860;10;0;1;4;4;1
202100022795;160 859;7;0;1;3;1;1
202100022796;160 857;7;0;2;1;1;1
202100022796;160 858;7;0;2;0;15;1
202100022797;160 855;7;0;2;0;20;1
202100022797;160 856;30;0;2;0;1;1
202100022798;160 853;1;0;2;5;19;5
202100022798;160 854;30;0;2;1;18;1
202100022799;160 851;10;6;2;6;1;1
202100022799;160 852;7;6;2;3;19;1
202100022800;160 849;2;0;2;1;19;1
202100022800;160 850;7;0;2;2;15;1
202100022801;160 848;3;0;0;9;26;1
202100022802;160 846;30;0;2;1;1;1
202100022802;160 847;7;0;2;2;1;1
202100022803;160 845;7;2;0;1;14;1
202100022804;160 843;7;0;2;1;1;1
202100022804;160 844;7;0;2;1;13;1
202100022805;160 842;7;12;0;0;13;1
202100022806;160 841;33;0;0;1;26;1
202100022807;160 839;30;0;2;1;18;1
202100022807;160 840;7;0;0;7;16;1
202100022808;160 837;7;1;2;1;26;1
202100022808;160 838;30;0;0;0;0;3
202100022809;160 836;33;0;0;0;1;1
202100022810;160 834;7;0;2;7;15;1
202100022810;160 835;2;0;2;1;1;1
202100022811;160 832;7;0;2;8;26;1
202100022811;160 833;33;0;2;7;1;1
202100022812;160 831;7;0;1;1;26;1
202100022813;160 830;7;13;0;1;0;1
202100022814;160 828;32;0;2;1;1;1
202100022814;160 829;7;0;2;5;10;1
202100022815;160 826;7;0;2;2;15;1
202100022815;160 827;33;0;2;3;1;1
202100022816;160 824;7;0;2;1;1;1
202100022816;160 825;10;0;2;3;1;1
202100022817;160 823;32;0;1;1;1;1
202100022818;160 821;50;0;2;0;0;3
202100022818;160 822;7;0;2;1;26;1
202100022819;160 819;7;0;9;8;1;1
202100022819;160 820;50;0;2;3;13;3
202100022820;160 817;30;0;2;4;1;1
202100022820;160 818;7;0;2;1;14;0
202100022821;160 816;7;4;0;1;14;1
202100022822;160 815;7;4;0;1;12;1
202100022823;160 814;1;0;1;1;1;5
202100022824;160 812;7;0;2;5;2;1
202100022824;160 813;33;0;2;1;2;1
202100022825;160 811;7;14;0;1;13;1
202100022826;160 809;2;0;2;2;19;1
202100022826;160 810;7;0;2;3;15;1
202100022827;160 808;7;9;0;1;21;1
202100022828;160 806;7;0;2;7;11;1
202100022828;160 807;10;0;2;1;1;1
202100022829;160 804;7;1;0;0;0;0
202100022829;160 805;7;1;2;4;24;1
202100022830;160 802;7;0;2;1;1;1
202100022830;160 803;30;0;2;1;1;1
202100022831;160 801;30;2;0;0;21;3
202100022832;160 799;30;0;2;1;1;1
202100022832;160 800;7;0;2;1;1;1
202100022833;160 798;14;0;1;4;20;1
202100022834;160 797;2;0;0;7;1;1
202100022835;160 794;33;1;2;3;1;1
202100022835;160 795;7;0;2;3;15;1
202100022835;160 796;7;0;9;3;23;1
202100022836;160 792;7;3;2;2;17;1
202100022836;160 793;7;3;2;6;1;1
202100022837;160 790;7;0;2;1;1;1
202100022837;160 791;7;13;2;2;14;1
202100022838;160 788;7;0;2;3;1;1
202100022838;160 789;7;0;2;3;1;1
202100022839;160 787;15;0;1;2;26;1
202100022840;160 786;33;5;0;8;1;1
202100022841;160 784;7;0;2;3;1;1
202100022841;160 785;7;0;2;5;16;1
202100022842;160 783;33;3;0;8;0;1
202100022843;160 782;7;13;0;1;1;1
202100022844;160 781;33;6;0;1;15;1
202100022845;160 780;33;2;0;1;13;1
202100022846;160 779;36;0;6;2;1;1
202100022847;160 778;7;6;0;3;13;1
202100022848;160 777;7;2;0;3;17;1
202100022849;160 775;33;0;2;3;13;1
202100022849;160 776;7;0;9;3;13;1
202100022850;160 771;7;0;2;6;1;1
202100022850;160 772;33;0;2;8;13;1
202100022851;160 769;7;0;2;2;1;1
202100022851;160 770;1;0;0;4;1;5
202100022852;160 767;7;0;2;4;23;1
202100022852;160 768;3;0;2;1;2;1
202100022853;160 766;33;0;0;8;1;1
202100022854;160 764;7;13;0;3;15;1
202100022854;160 765;7;15;0;2;2;1
202100022855;160 763;7;2;0;2;1;2
202100022856;160 761;33;0;2;1;1;1
202100022856;160 762;99;0;2;3;19;1
202100022857;160 760;1;6;0;1;2;5
202100022858;160 758;14;0;2;3;21;1
202100022858;160 759;14;0;2;3;13;1
202100022859;160 756;7;0;0;3;15;1
202100022859;160 757;33;0;2;1;17;1
202100022860;160 754;7;0;2;9;11;1
202100022860;160 755;7;0;2;1;2;1
202100022861;160 753;14;6;0;1;13;1
202100022862;160 751;15;3;2;2;13;1
202100022862;160 752;7;0;2;7;2;1
202100022863;160 750;7;0;1;2;26;1
202100022864;160 749;7;0;1;2;21;1
202100022865;160 748;0;0;1;0;0;0
202100022866;160 746;1;0;2;6;1;5
202100022866;160 747;7;0;9;1;15;1
202100022867;160 744;33;0;2;1;17;1
202100022867;160 745;7;0;2;8;15;1
202100022868;160 742;10;0;2;3;5;1
202100022868;160 743;14;0;2;3;1;0
202100022869;160 741;10;8;0;3;14;1
202100022870;160 739;7;0;2;6;1;1
202100022870;160 740;7;0;2;2;1;1
202100022871;160 735;2;0;2;8;1;1
202100022871;160 736;7;0;2;3;15;1
202100022872;160 734;31;0;0;7;1;1
202100022873;160 731;7;6;0;1;17;1
202100022874;160 729;1;0;2;1;0;5
202100022874;160 730;13;0;9;3;13;1
202100022875;160 728;7;2;0;3;1;1
202100022876;160 726;15;0;2;1;1;1
202100022876;160 727;7;0;2;1;13;1
202100022877;160 725;10;0;1;1;1;1
202100022878;160 724;7;0;0;9;1;1
202100022879;160 722;7;0;2;3;1;1
202100022879;160 723;1;0;2;3;5;5
202100022880;160 721;2;0;0;7;0;1
202100022881;160 720;7;0;2;8;1;1
202100022882;160 718;32;0;2;1;12;1
202100022882;160 719;7;0;2;6;1;1
202100022883;160 716;99;0;2;0;1;1
202100022883;160 717;10;0;2;8;1;1
202100022884;160 715;7;13;5;1;1;1
202100022885;160 714;34;0;0;0;1;1
202100022886;160 712;7;0;2;4;2;1
202100022886;160 713;7;0;2;1;2;1
202100022887;160 710;7;0;2;2;1;1
202100022887;160 711;7;4;2;3;1;1
202100022888;160 708;7;0;2;3;1;1
202100022888;160 709;14;0;2;2;14;1
202100022889;160 706;43;0;2;8;3;1
202100022889;160 707;7;0;2;7;1;1
202100022890;160 704;7;0;2;4;2;1
202100022890;160 705;7;0;2;1;1;1
202100022891;160 702;7;0;2;1;9;1
202100022891;160 703;32;0;2;7;1;1
202100022892;160 700;1;0;2;8;1;5
202100022892;160 701;7;0;2;1;15;1
202100022893;160 699;7;0;1;3;1;1
202100022894;160 697;7;0;2;8;24;1
202100022894;160 698;7;1;0;1;1;3
202100022895;160 696;0;0;1;1;25;0
202100022896;160 695;2;1;0;4;1;1
202100022897;160 694;7;2;0;1;1;1
202100022898;160 692;7;0;2;3;1;1
202100022898;160 693;7;0;2;2;1;1
202100022899;160 691;7;8;9;1;26;1
202100022900;160 690;7;0;1;3;1;1
202100022901;160 688;7;0;2;5;1;1
202100022901;160 689;33;0;2;1;1;1
202100022902;160 686;1;0;2;7;1;5
202100022902;160 687;7;0;2;3;1;1
202100022903;160 684;7;0;2;6;15;1
202100022903;160 685;2;0;2;1;2;1
202100022904;160 683;99;0;9;7;17;0
202100022905;160 680;7;9;0;1;1;1
202100022906;160 678;7;0;2;6;15;1
202100022906;160 679;2;0;2;1;17;1
202100022907;160 676;33;0;2;1;1;1
202100022907;160 677;7;0;2;2;9;1
202100022908;160 674;10;0;9;4;1;1
202100022908;160 675;1;0;2;1;1;0
202100022909;160 671;7;0;2;3;13;0
202100022909;160 672;1;0;2;1;1;5
202100022909;160 673;1;0;2;1;1;5
202100022910;160 669;80;0;2;1;1;3
202100022910;160 670;7;0;2;3;15;1
202100022911;160 667;31;0;2;8;18;1
202100022911;160 668;7;0;2;2;1;1
202100022912;160 665;30;0;2;1;18;1
202100022912;160 666;7;0;2;2;16;1
202100022913;160 664;7;0;1;2;26;1
202100022914;160 663;7;8;1;1;15;1
202100022915;160 661;1;0;2;0;2;2
202100022915;160 662;1;0;2;0;1;5
202100022916;160 660;7;0;1;1;1;1
202100022917;160 659;31;0;1;2;26;1
202100022918;160 657;7;1;0;5;26;1
202100022918;160 658;7;0;2;2;0;1
202100022919;160 655;7;0;2;0;13;1
202100022919;160 656;31;0;2;8;1;1
202100022920;160 654;33;0;1;1;17;1
202100022921;160 653;10;0;1;4;26;1
202100022922;160 649;7;0;2;1;2;1
202100022922;160 650;10;0;2;1;2;1
202100022922;160 651;7;0;2;4;2;2
202100022922;160 652;7;0;2;1;2;1
202100022923;160 647;32;0;2;1;1;1
202100022923;160 648;7;0;2;2;15;2
202100022924;160 646;7;0;1;8;1;1
202100022925;160 645;7;0;1;2;4;1
202100022926;160 643;32;0;2;1;5;1
202100022926;160 644;7;0;2;8;1;1
202100022927;160 641;7;0;2;2;15;1
202100022927;160 642;7;0;2;3;9;1
202100022928;160 639;7;0;2;2;11;2
202100022928;160 640;1;0;2;1;1;5
202100022929;160 637;7;0;0;5;10;0
202100022929;160 638;33;0;2;1;1;0
202100022930;160 635;7;0;2;3;19;1
202100022930;160 636;7;0;2;3;15;1
202100022931;160 634;10;0;0;8;26;1
202100022932;160 632;30;0;2;4;1;1
202100022932;160 633;30;0;2;2;0;1
202100022933;160 630;30;9;2;1;1;1
202100022933;160 631;7;0;2;1;16;1
202100022934;160 628;7;0;1;1;25;1
202100022935;160 626;10;13;2;3;13;1
202100022935;160 627;7;0;2;8;1;1
202100022936;160 624;1;0;0;4;0;5
202100022936;160 625;10;0;9;1;2;1
202100022937;160 622;33;13;2;3;1;1
202100022937;160 623;7;0;2;3;0;0
202100022938;160 620;7;0;2;1;19;1
202100022938;160 621;31;0;2;8;1;1
202100022939;160 618;7;0;2;1;1;2
202100022939;160 619;7;0;2;1;13;1
202100022940;160 616;33;0;2;1;1;1
202100022940;160 617;7;0;0;7;26;1
202100022941;160 614;7;0;0;3;1;1
202100022941;160 615;7;12;0;2;1;1
202100022942;160 613;33;0;0;0;1;1
202100022943;160 612;33;0;0;8;1;1
202100022944;160 611;7;0;0;1;1;1
202100022945;160 609;33;12;2;0;1;1
202100022945;160 610;7;0;2;3;13;1
202100022946;160 607;7;0;0;0;0;1
202100022946;160 608;31;0;9;0;1;1
202100022947;160 606;2;3;0;0;0;1
202100022948;160 605;7;8;0;1;14;1
202100022949;160 603;33;0;2;2;1;1
202100022949;160 604;7;0;2;8;19;1
202100022950;160 601;31;0;2;8;11;1
202100022950;160 602;7;0;2;1;1;1
202100022951;160 598;7;0;2;3;13;1
202100022951;160 599;7;0;2;8;1;1
202100022952;160 596;30;16;0;0;0;1
202100022953;160 595;7;2;0;2;1;1
202100022954;160 593;7;0;2;3;13;1
202100022954;160 594;37;0;2;2;1;1
202100022955;160 591;2;0;2;6;15;1
202100022955;160 592;7;0;2;2;1;1
202100022956;160 589;10;0;2;1;13;1
202100022956;160 590;7;0;2;1;5;1
202100022957;160 588;1;0;9;1;1;5
202100022958;160 587;7;13;0;1;13;1
202100022959;160 586;7;13;0;0;0;1
202100022960;160 584;1;0;2;7;17;5
202100022960;160 585;7;0;2;3;2;1
202100022961;160 583;33;8;0;0;1;1
202100022962;160 581;7;0;2;1;2;1
202100022962;160 582;7;0;0;4;1;1
202100022963;160 579;7;0;2;3;2;1
202100022963;160 580;80;0;2;4;2;3
202100022964;160 578;7;14;0;1;1;1
202100022965;160 576;33;0;2;1;17;1
202100022965;160 577;21;0;2;3;15;1
202100022966;160 575;7;13;0;1;14;1
202100022967;160 573;33;0;2;8;1;1
202100022967;160 574;33;0;2;8;17;1
202100022968;160 572;36;0;0;7;15;1
202100022969;160 571;7;6;9;1;26;1
202100022970;160 569;7;0;2;1;19;1
202100022970;160 570;7;7;2;8;1;1
202100022971;160 567;99;0;2;3;1;1
202100022971;160 568;7;0;2;3;13;1
202100022972;160 565;39;0;4;2;1;3
202100022972;160 566;7;13;4;0;0;1
202100022973;160 564;7;16;0;0;1;1
202100022974;160 563;7;0;1;1;1;1
202100022975;160 561;7;15;2;7;1;1
202100022975;160 562;7;15;0;8;1;1
202100022976;160 559;15;0;2;6;1;1
202100022976;160 560;10;0;2;1;2;1
202100022977;160 558;7;4;0;1;2;1
202100022978;160 556;34;0;2;1;1;1
202100022978;160 557;7;0;2;2;9;1
202100022979;160 552;7;0;9;1;1;1
202100022979;160 553;7;0;2;1;1;1
202100022979;160 554;7;0;2;3;17;1
202100022979;160 555;15;6;2;3;1;6
202100022980;160 550;7;0;2;3;13;1
202100022980;160 551;7;0;2;6;1;1
202100022981;160 549;7;0;1;3;1;1
202100022982;160 547;7;0;2;3;19;1
202100022982;160 548;33;0;2;1;1;1
202100022983;160 545;7;0;2;2;13;1
202100022983;160 546;7;0;2;1;1;1
202100022984;160 543;39;0;2;2;1;3
202100022984;160 544;7;0;4;3;1;1
202100022985;160 542;7;7;0;6;0;1
202100022986;160 541;7;0;1;0;1;1
202100022987;160 539;7;2;0;6;1;1
202100022987;160 540;15;0;2;2;17;0
202100022988;160 537;1;0;0;4;1;5
202100022988;160 538;1;0;2;1;2;5
202100022989;160 535;33;12;2;7;1;1
202100022989;160 536;7;0;2;3;9;1
202100022990;160 534;7;0;1;2;14;1
202100022991;160 533;7;1;0;1;0;1
202100022992;160 531;7;0;2;6;23;1
202100022992;160 532;43;6;0;3;0;1
202100022993;160 529;7;4;2;5;17;1
202100022993;160 530;10;0;2;1;3;1
202100022994;160 528;7;0;0;1;12;1
202100022995;160 526;2;0;2;2;12;1
202100022995;160 527;99;0;2;6;1;1
202100022996;160 524;7;0;2;5;12;1
202100022996;160 525;7;0;2;3;1;1
202100022997;160 523;7;3;2;1;1;2
202100022998;160 520;7;1;0;1;1;1
202100022998;160 521;33;0;2;4;1;1
202100022998;160 522;7;0;2;1;1;1
202100022999;160 517;7;0;2;1;9;1
202100022999;160 518;7;0;2;7;1;1
202100023000;160 515;1;0;2;0;1;5
202100023000;160 516;7;0;2;7;22;1
202100023001;160 513;50;0;2;1;9;3
202100023001;160 514;7;0;2;3;9;1
202100023002;160 511;33;0;2;1;1;1
202100023002;160 512;13;0;2;6;9;1
202100023003;160 509;7;0;2;8;19;1
202100023003;160 510;7;0;2;1;1;1
202100023004;160 507;7;0;2;5;15;1
202100023004;160 508;80;0;2;0;1;5
202100023005;160 505;7;0;2;1;21;1
202100023005;160 506;7;0;2;1;13;1
202100023006;160 503;7;0;2;4;20;1
202100023006;160 504;1;0;2;1;21;5
202100023007;160 501;30;0;2;1;21;1
202100023007;160 502;7;0;2;6;0;1
202100023008;160 499;7;0;2;-1;2;-1
202100023008;160 500;30;15;2;8;16;1
202100023009;160 498;10;0;1;1;1;1
202100023010;160 496;10;0;2;8;1;1
202100023010;160 497;7;0;2;1;15;1
202100023011;160 494;7;0;0;0;12;1
202100023011;160 495;33;0;2;7;18;1
202100023012;160 492;7;0;2;6;1;1
202100023012;160 493;7;4;2;2;17;1
202100023013;160 490;31;14;0;1;3;1
202100023013;160 491;7;0;2;6;23;1
202100023014;160 489;7;0;1;2;1;1
202100023015;160 488;37;0;1;8;15;1
202100023016;160 487;7;0;0;1;0;1
202100023017;160 486;7;0;0;2;1;1
202100023018;160 484;7;0;2;1;1;1
202100023018;160 485;7;0;2;0;0;1
202100023019;160 482;10;0;2;7;15;1
202100023019;160 483;80;0;0;1;1;3
202100023020;160 480;30;0;2;1;1;1
202100023020;160 481;7;0;2;3;15;1
202100023021;160 479;30;12;0;1;26;1
202100023022;160 477;7;0;2;7;20;2
202100023022;160 478;2;0;2;1;18;3
202100023023;160 475;7;0;2;1;1;1
202100023023;160 476;7;0;2;3;1;1
202100023024;160 473;7;0;2;6;0;1
202100023024;160 474;7;0;2;2;0;1
202100023025;160 472;7;0;1;1;9;1
202100023026;160 470;7;0;2;1;9;1
202100023026;160 471;7;0;2;7;9;1
202100023027;160 467;7;0;2;4;2;1
202100023027;160 468;7;0;2;1;2;1
202100023027;160 469;7;0;2;4;2;1
202100023028;160 465;7;0;2;8;9;1
202100023028;160 466;33;0;2;1;1;1
202100023029;160 463;1;0;2;1;1;5
202100023029;160 464;7;0;2;3;15;1
202100023030;160 461;2;0;2;0;1;1
202100023030;160 462;7;0;2;0;15;1
202100023031;160 459;7;0;2;1;1;6
202100023031;160 460;7;0;2;1;17;0
202100023032;160 457;7;1;0;1;26;1
202100023032;160 458;7;0;0;4;23;1
202100023033;160 455;1;0;2;1;13;5
202100023033;160 456;7;0;9;1;1;1
202100023034;160 453;7;0;2;1;9;1
202100023034;160 454;7;0;2;2;1;1
202100023035;160 452;7;14;0;1;1;1
202100023036;160 451;7;0;1;3;15;1
202100023037;160 449;50;0;2;1;19;3
202100023037;160 450;7;0;2;2;1;1
202100023038;160 444;33;12;0;1;16;1
202100023039;160 440;30;0;2;1;9;1
202100023039;160 441;7;0;2;7;15;1
202100023040;160 438;50;0;2;1;1;3
202100023040;160 439;10;0;2;8;1;0
202100023041;160 436;7;0;1;3;1;1
202100023042;160 434;1;0;2;1;2;5
202100023042;160 435;10;0;0;8;1;1
202100023043;160 431;7;0;2;4;1;1
202100023043;160 432;7;0;2;4;1;1
202100023043;160 433;10;0;2;1;1;1
202100023044;160 430;30;14;0;1;13;1
202100023045;160 428;7;0;2;5;15;1
202100023045;160 429;50;0;2;1;8;3
202100023046;160 426;7;0;2;1;1;0
202100023046;160 427;50;0;2;1;19;3
202100023047;160 424;7;0;2;5;2;1
202100023047;160 425;7;0;2;2;2;1
202100023048;160 422;7;0;2;3;15;0
202100023048;160 423;2;0;2;1;2;0
202100023049;160 420;7;0;2;5;15;1
202100023049;160 421;1;0;2;1;1;5
202100023050;160 418;7;0;2;1;2;1
202100023050;160 419;7;0;2;4;23;1
202100023051;160 416;7;0;0;7;1;1
202100023051;160 417;7;0;0;1;19;1
202100023052;160 414;7;0;2;0;21;1
202100023052;160 415;1;0;2;4;0;5
202100023053;160 412;33;0;2;9;1;1
202100023053;160 413;7;0;2;8;1;1
202100023054;160 410;50;0;2;2;1;2
202100023054;160 411;7;0;2;2;1;1
202100023055;160 408;7;0;2;1;1;1
202100023055;160 409;7;0;2;8;9;1
202100023056;160 407;30;0;0;7;1;1
202100023057;160 406;1;12;0;2;14;5
202100023058;160 404;1;0;2;1;13;5
202100023058;160 405;7;0;2;6;1;1
202100023059;160 401;7;0;2;4;0;1
202100023059;160 402;7;0;2;1;2;1
202100023059;160 403;7;0;2;4;2;1
202100023060;160 399;50;0;2;3;1;3
202100023060;160 400;30;0;2;1;12;1
202100023061;160 398;7;0;1;3;1;1
202100023062;160 397;10;0;1;8;1;1
202100023063;160 394;7;0;2;8;0;1
202100023063;160 395;7;0;2;7;1;1
202100023063;160 396;7;0;2;1;1;1
202100023064;160 393;7;1;0;2;1;1
202100023065;160 391;7;0;2;1;1;1
202100023065;160 392;7;0;2;6;15;1
202100023066;160 389;7;0;2;2;15;1
202100023066;160 390;33;0;2;1;1;1
202100023067;160 387;7;6;2;2;1;1
202100023067;160 388;7;6;2;1;1;1
202100023068;160 386;7;0;1;3;1;1
202100023069;160 385;33;13;0;0;1;1
202100023070;160 381;7;14;0;1;1;0
202100023071;160 379;7;0;2;8;1;1
202100023071;160 380;80;0;2;0;5;3
202100023072;160 378;99;0;1;3;15;0
202100023073;160 377;7;14;0;1;9;1
202100023074;160 375;10;0;2;5;0;1
202100023074;160 376;31;0;2;2;18;1
202100023075;160 372;2;16;0;8;1;1
202100023076;160 370;7;0;0;8;10;-1
202100023076;160 371;33;0;2;1;26;1
202100023077;160 367;10;12;2;1;2;1
202100023077;160 368;7;0;2;4;2;1
202100023077;160 369;7;0;2;1;23;1
202100023078;160 364;7;0;2;3;23;3
202100023078;160 365;7;0;2;1;1;1
202100023078;160 366;7;0;2;9;13;1
202100023079;160 362;1;0;2;8;19;0
202100023079;160 363;7;0;2;1;0;1
202100023080;160 360;7;0;2;1;1;1
202100023080;160 361;7;0;2;4;1;1
202100023081;160 359;7;0;1;1;26;0
202100023082;160 357;30;0;2;0;19;0
202100023082;160 358;31;0;2;0;1;1
202100023083;160 353;7;0;2;1;0;1
202100023083;160 354;7;0;2;1;0;3
202100023084;160 351;30;0;2;0;9;1
202100023084;160 352;7;0;2;2;1;1
202100023085;160 349;14;0;2;1;1;1
202100023085;160 350;7;0;2;8;0;1
202100023086;160 346;7;0;2;1;2;1
202100023086;160 347;10;0;2;1;2;3
202100023086;160 348;7;0;2;4;2;1
202100023087;160 344;33;0;2;2;1;1
202100023087;160 345;7;0;2;8;15;1
202100023088;160 343;32;1;0;2;1;1
202100023089;160 341;7;0;2;4;1;1
202100023089;160 342;7;0;2;1;2;1
202100023090;160 340;33;0;0;7;1;1
202100023091;160 338;30;0;2;8;1;1
202100023091;160 339;99;0;2;1;5;5
202100023092;160 337;1;0;0;0;0;0
202100023093;160 335;7;0;2;2;2;0
202100023093;160 336;31;0;2;4;23;1
202100023094;160 334;33;0;0;9;26;1
202100023095;160 332;7;0;2;5;1;1
202100023095;160 333;7;0;2;1;1;1
202100023096;160 331;7;16;0;9;1;1
202100023097;160 329;33;0;2;1;17;1
202100023097;160 330;7;0;0;3;15;1
202100023098;160 328;7;12;0;1;16;1
202100023099;160 326;10;16;0;6;15;1
202100023099;160 327;32;0;2;1;2;1
202100023100;160 324;7;0;2;6;1;1
202100023100;160 325;33;0;2;1;1;1
202100023101;160 320;10;0;2;3;15;1
202100023101;160 321;7;0;2;1;17;1
202100023102;160 318;7;0;2;1;1;1
202100023102;160 319;7;0;2;1;21;3
202100023103;160 316;7;0;1;0;1;1
202100023104;160 313;33;0;2;2;2;1
202100023104;160 314;7;0;2;6;2;1
202100023105;160 312;7;6;1;1;1;0
202100023106;160 311;50;0;0;9;1;3
202100023107;160 309;7;0;2;1;3;1
202100023107;160 310;1;0;2;4;1;5
202100023108;160 307;7;0;2;7;1;1
202100023108;160 308;7;0;2;1;1;1
202100023109;160 304;7;0;2;3;1;1
202100023109;160 305;7;0;2;3;1;2
202100023109;160 306;33;0;2;1;17;1
202100023110;160 302;7;0;2;1;19;1
202100023110;160 303;7;0;2;6;19;1
202100023111;160 300;7;0;2;1;15;1
202100023111;160 301;33;0;2;1;1;1
202100023112;160 298;21;0;2;5;1;6
202100023112;160 299;21;0;2;3;1;1
202100023113;160 296;7;0;2;3;15;1
202100023113;160 297;33;0;2;2;1;1
202100023114;160 294;33;0;2;1;26;1
202100023114;160 295;7;0;2;4;15;1
202100023115;160 293;30;6;0;0;0;0
202100023116;160 292;7;12;1;2;1;1
202100023117;160 290;7;0;2;3;1;1
202100023117;160 291;30;0;2;7;16;1
202100023118;160 289;7;9;0;1;1;1
202100023119;160 288;7;0;1;1;1;1
202100023120;160 287;30;12;0;1;15;1
202100023121;160 285;7;0;2;2;15;1
202100023121;160 286;1;0;2;1;0;5
202100023122;160 283;7;0;2;3;1;1
202100023122;160 284;7;0;2;2;14;1
202100023123;160 282;30;0;0;8;1;1
202100023124;160 280;10;0;2;1;2;1
202100023124;160 281;7;0;2;4;23;1
202100023125;160 278;33;0;2;1;24;1
202100023125;160 279;7;0;9;4;1;1
202100023126;160 277;7;0;1;3;1;1
202100023127;160 275;7;0;2;7;1;1
202100023127;160 276;7;0;2;1;19;1
202100023128;160 273;14;1;0;5;23;1
202100023128;160 274;30;1;0;1;2;1
202100023129;160 271;30;0;2;2;5;1
202100023129;160 272;7;0;2;3;1;1
202100023130;160 270;7;0;1;1;1;0
202100023131;160 268;7;0;2;0;1;1
202100023131;160 269;30;0;2;2;15;1
202100023132;160 267;30;0;0;8;15;3
202100023133;160 266;43;0;1;7;17;1
202100023134;160 264;7;0;2;3;9;1
202100023134;160 265;30;0;2;7;17;1
202100023135;160 262;33;0;2;3;1;1
202100023135;160 263;7;0;2;0;1;2
202100023136;160 261;50;0;0;0;1;3
202100023137;160 259;50;0;2;1;19;3
202100023137;160 260;7;0;2;2;1;1
202100023138;160 257;7;0;2;5;22;2
202100023138;160 258;50;0;2;5;18;3
202100023139;160 255;7;0;2;5;9;0
202100023139;160 256;2;0;2;5;0;1
202100023140;160 253;7;0;2;0;0;1
202100023140;160 254;7;0;2;1;2;1
202100023141;160 251;7;0;2;1;15;1
202100023141;160 252;7;0;2;8;1;1
202100023142;160 249;50;0;2;1;1;3
202100023142;160 250;7;0;2;5;15;1
202100023143;160 247;33;0;2;1;1;1
202100023143;160 248;7;0;2;4;1;1
202100023144;160 245;7;0;2;2;0;1
202100023144;160 246;7;0;2;1;0;1
202100023145;160 244;1;0;1;1;1;5
202100023146;160 243;7;8;0;2;14;1
202100023147;160 242;7;0;2;1;1;1
202100023148;160 241;7;0;1;2;16;1
202100023149;160 239;2;0;2;4;15;1
202100023149;160 240;7;0;2;1;2;1
202100023150;160 238;10;0;1;1;1;1
202100023151;160 236;10;0;2;2;26;0
202100023151;160 237;50;0;2;3;25;3
202100023152;160 235;7;11;0;1;1;1
202100023153;160 233;7;6;2;2;19;1
202100023153;160 234;7;0;2;3;21;1
202100023154;160 231;33;0;2;1;13;1
202100023154;160 232;7;0;2;1;1;1
202100023155;160 229;7;0;0;2;0;1
202100023155;160 230;7;0;0;2;1;1
202100023156;160 228;34;4;0;1;1;1
202100023157;160 226;7;0;2;1;2;1
202100023157;160 227;7;0;0;4;2;1