Num_Acc;id_vehicule;catv;obs;obsm;choc;manv;motor
202100027107;153 259;7;0;0;2;12;1
202100027108;153 258;7;1;1;3;14;1
202100027109;153 256;7;0;2;5;19;1
202100027109;153 257;7;0;2;1;1;1
202100027110;153 255;7;6;0;2;1;1
202100027111;153 253;7;4;2;1;17;1
202100027111;153 254;7;0;2;6;1;1
202100027112;153 251;7;0;2;3;0;1
202100027112;153 252;7;0;2;3;0;1
202100027113;153 250;7;0;1;2;9;1
202100027114;153 248;7;0;2;1;15;1
202100027114;153 249;33;0;2;8;1;1
202100027115;153 246;2;0;2;7;0;1
202100027115;153 247;7;0;2;3;1;1
202100027116;153 245;31;0;0;7;16;1
202100027117;153 243;7;0;2;1;1;1
202100027117;153 244;7;0;2;1;5;1
202100027118;153 241;7;0;2;3;1;1
202100027118;153 242;7;0;2;3;1;1
202100027119;153 240;7;2;0;9;1;1
202100027120;153 239;1;0;0;1;1;5
202100027121;153 238;36;0;0;0;1;1
202100027122;153 235;7;0;2;3;19;1
202100027122;153 236;10;15;0;1;1;1
202100027122;153 237;7;0;2;2;1;1
202100027123;153 233;7;0;0;3;15;1
202100027123;153 234;33;0;2;1;1;1
202100027124;153 231;1;0;0;1;1;5
202100027124;153 232;7;0;9;0;9;1
202100027125;153 229;7;0;2;2;15;1
202100027125;153 230;2;0;2;1;1;1
202100027126;153 217;14;0;2;1;1;1
202100027126;153 218;7;0;0;0;23;1
202100027126;153 219;7;0;0;4;23;1
202100027126;153 220;10;0;0;4;23;1
202100027126;153 221;7;0;2;4;23;1
202100027126;153 222;7;0;0;4;23;1
202100027126;153 223;7;0;0;0;23;1
202100027126;153 224;7;0;0;4;23;1
202100027126;153 225;7;0;0;0;23;1
202100027126;153 226;7;0;0;4;23;1
202100027126;153 227;10;0;0;4;23;1
202100027126;153 228;7;0;0;4;23;3
202100027127;153 216;7;13;0;7;1;1
202100027128;153 214;7;0;2;1;1;1
202100027128;153 215;7;0;2;3;1;1
202100027129;153 212;7;0;2;1;1;1
202100027129;153 213;13;0;2;1;13;1
202100027130;153 211;33;0;0;8;16;1
202100027131;153 210;33;8;0;1;1;1
202100027132;153 209;7;0;1;3;1;1
202100027133;153 208;7;4;0;1;1;1
202100027134;153 206;15;0;2;3;1;1
202100027134;153 207;7;0;2;7;19;1
202100027135;153 205;7;15;0;1;2;1
202100027136;153 204;7;13;0;1;13;1
202100027137;153 202;7;0;2;2;2;1
202100027137;153 203;1;0;2;4;2;5
202100027138;153 201;7;0;1;3;16;1
202100027139;153 199;7;0;0;5;26;1
202100027139;153 200;43;0;2;1;1;1
202100027140;153 197;7;0;2;1;1;1
202100027140;153 198;3;0;2;1;1;1
202100027141;153 196;7;0;0;9;1;1
202100027142;153 195;7;0;1;3;1;1
202100027143;153 194;33;0;0;7;1;1
202100027144;153 193;10;4;0;3;9;1
202100027145;153 191;33;0;2;4;2;1
202100027145;153 192;33;0;2;1;2;1
202100027146;153 188;7;14;0;3;1;0
202100027147;153 186;7;0;2;3;1;1
202100027147;153 187;31;0;2;1;0;1
202100027148;153 185;10;0;1;2;1;1
202100027149;153 184;20;2;0;9;1;1
202100027150;153 183;33;0;0;0;1;1
202100027151;153 182;2;0;0;1;1;1
202100027152;153 180;7;15;2;1;13;1
202100027152;153 181;7;0;2;1;1;1
202100027153;153 179;7;13;0;1;1;1
202100027154;153 178;7;2;0;1;1;1
202100027155;153 177;7;0;1;3;21;1
202100027156;153 175;33;0;2;2;2;1
202100027156;153 176;7;0;0;4;2;1
202100027157;153 173;30;0;2;8;19;1
202100027157;153 174;10;0;2;1;21;1
202100027158;153 172;7;2;0;1;1;1
202100027159;153 171;7;2;0;1;1;1
202100027160;153 170;7;0;1;6;1;1
202100027161;153 168;7;0;0;6;19;2
202100027161;153 169;7;0;2;1;1;1
202100027162;153 167;33;0;6;1;1;6
202100027163;153 164;7;0;0;4;1;1
202100027163;153 165;7;0;2;4;1;1
202100027163;153 166;7;0;2;1;1;1
202100027164;153 162;7;0;0;4;1;1
202100027164;153 163;33;0;2;1;17;1
202100027165;153 160;10;0;2;3;1;1
202100027165;153 161;7;0;2;3;13;1
202100027166;153 159;7;3;0;3;2;1
202100027167;153 157;33;0;2;2;3;1
202100027167;153 158;7;0;2;8;2;1
202100027168;153 151;7;0;2;4;0;1
202100027168;153 152;7;0;2;1;0;1
202100027168;153 153;7;0;2;4;0;1
202100027168;153 154;7;0;2;7;0;1
202100027168;153 155;7;0;2;4;0;3
202100027168;153 156;7;0;2;4;0;1
202100027169;153 148;7;0;2;1;2;1
202100027169;153 149;7;0;2;1;2;1
202100027169;153 150;7;0;2;4;23;1
202100027170;153 147;7;3;0;1;16;1
202100027171;153 145;10;0;2;1;2;1
202100027171;153 146;7;0;2;4;2;1
202100027172;153 143;7;0;2;2;2;1
202100027172;153 144;7;0;2;6;2;1
202100027173;153 142;7;6;0;1;2;1
202100027174;153 140;10;0;2;5;2;1
202100027174;153 141;10;0;2;8;13;1
202100027175;153 137;7;0;2;4;2;1
202100027175;153 138;7;4;2;4;2;1
202100027175;153 139;7;4;2;1;1;2
202100027176;153 136;7;3;0;1;13;1
202100027177;153 134;7;4;2;1;1;1
202100027177;153 135;7;4;2;4;1;1
202100027178;153 133;43;0;2;7;1;1
202100027179;153 132;7;4;0;2;14;1
202100027180;153 131;7;3;0;1;2;1
202100027181;153 129;34;0;2;3;3;1
202100027181;153 130;7;0;2;2;1;1
202100027182;153 128;15;13;0;7;14;1
202100027183;153 127;7;0;1;4;24;1
202100027184;153 126;7;0;1;1;15;1
202100027185;153 125;50;0;1;1;1;3
202100027186;153 123;7;0;0;1;16;1
202100027186;153 124;33;0;2;1;1;1
202100027187;153 121;34;0;2;1;1;1
202100027187;153 122;7;0;9;3;19;1
202100027188;153 119;7;0;2;4;2;1
202100027188;153 120;2;0;2;1;2;1
202100027189;153 117;7;0;2;4;2;1
202100027189;153 118;7;0;2;1;2;1
202100027190;153 115;7;0;2;2;19;1
202100027190;153 116;7;0;2;1;2;1
202100027191;153 113;7;0;2;1;1;1
202100027191;153 114;7;0;2;7;9;1
202100027192;153 111;7;0;2;7;1;1
202100027192;153 112;7;0;2;1;9;1
202100027193;153 109;7;1;0;2;1;2
202100027193;153 110;7;0;2;2;24;1
202100027194;153 108;7;9;0;1;26;0
202100027195;153 107;33;15;0;1;13;1
202100027196;153 106;7;0;1;2;1;1
202100027197;153 104;7;8;0;6;15;1
202100027197;153 105;34;0;2;0;17;0
202100027198;153 101;1;0;2;0;0;0
202100027198;153 102;1;0;2;1;26;5
202100027199;153 100;31;8;0;1;26;1
202100027200;153 098;7;1;2;2;21;6
202100027200;153 099;7;0;2;7;2;1
202100027201;153 097;7;6;0;1;26;1
202100027202;153 092;7;0;2;7;26;1
202100027202;153 093;30;0;2;7;11;1
202100027203;153 090;7;0;2;3;19;1
202100027203;153 091;33;0;2;1;21;1
202100027204;153 087;7;0;2;8;1;1
202100027204;153 088;7;0;2;6;1;1
202100027204;153 089;2;0;2;8;1;1
202100027205;153 085;7;0;2;1;1;1
202100027205;153 086;7;0;2;2;15;1
202100027206;153 083;7;0;2;5;15;1
202100027206;153 084;1;0;2;1;1;5
202100027207;153 082;30;0;0;2;1;1
202100027208;153 081;7;2;0;4;11;1
202100027209;153 079;31;0;2;6;16;1
202100027209;153 080;7;0;2;2;16;1
202100027210;153 078;7;9;0;1;1;1
202100027211;153 076;7;0;2;1;1;1
202100027211;153 077;7;0;2;2;15;1
202100027212;153 074;1;0;9;1;1;5
202100027212;153 075;37;0;9;2;1;1
202100027213;153 073;7;13;0;1;19;1
202100027214;153 070;30;0;0;0;0;1
202100027215;153 068;1;0;2;1;1;5
202100027215;153 069;7;0;2;3;9;1
202100027216;153 067;7;0;1;4;20;2
202100027217;153 065;30;0;2;1;1;1
202100027217;153 066;7;0;2;3;1;2
202100027218;153 064;3;0;0;1;2;1
202100027219;153 063;10;0;1;1;15;0
202100027220;153 061;7;0;2;6;15;1
202100027220;153 062;7;0;2;2;17;1
202100027221;153 060;7;6;0;1;15;1
202100027222;153 058;7;0;2;2;15;1
202100027222;153 059;32;0;2;1;1;1
202100027223;153 057;30;8;0;3;14;1
202100027224;153 056;33;12;0;1;14;1
202100027225;153 055;10;14;0;3;15;1
202100027226;153 053;32;0;2;1;1;1
202100027226;153 054;7;0;2;8;15;2
202100027227;153 051;50;0;2;5;1;3
202100027227;153 052;7;0;2;7;5;1
202100027228;153 049;7;0;2;5;1;1
202100027228;153 050;32;0;2;1;1;1
202100027229;153 047;50;0;2;1;2;3
202100027229;153 048;7;0;2;4;2;1
202100027230;153 046;7;1;0;3;1;1
202100027231;153 044;7;0;2;1;1;1
202100027231;153 045;7;0;2;2;1;1
202100027232;153 042;7;0;2;7;24;1
202100027232;153 043;7;0;2;4;20;1
202100027233;153 040;7;0;2;1;1;1
202100027233;153 041;33;0;0;4;16;0
202100027234;153 038;7;0;2;0;1;1
202100027234;153 039;60;0;2;4;21;5
202100027235;153 036;7;0;2;3;5;1
202100027235;153 037;7;2;2;8;0;0
202100027236;153 034;7;0;2;2;1;1
202100027236;153 035;7;2;2;3;16;1
202100027237;153 033;37;9;0;2;14;2
202100027238;153 029;13;0;2;1;26;0
202100027238;153 030;99;0;2;3;21;1
202100027239;153 028;7;12;0;2;14;1
202100027240;153 026;10;0;2;7;10;1
202100027240;153 027;33;0;2;1;1;1
202100027241;153 025;60;2;0;1;14;5
202100027242;153 023;7;0;2;2;1;1
202100027242;153 024;10;0;2;1;1;1
202100027243;153 022;33;0;1;3;9;1
202100027244;153 020;1;0;2;3;6;5
202100027244;153 021;7;0;9;2;1;1
202100027245;153 018;7;4;0;3;1;1
202100027245;153 019;10;3;2;2;1;1
202100027246;153 015;7;0;2;4;2;1
202100027246;153 016;7;0;0;4;2;1
202100027246;153 017;7;0;2;1;2;1
202100027247;153 013;7;0;2;3;9;1
202100027247;153 014;7;0;2;1;1;1
202100027248;153 012;2;15;0;7;1;1
202100027249;153 011;1;8;0;0;1;5
202100027250;153 009;7;0;2;6;19;1
202100027250;153 010;7;0;2;3;1;1
202100027251;153 008;7;15;0;1;1;1
202100027252;153 006;7;0;1;0;0;1
202100027252;153 007;30;0;0;0;0;3
202100027253;153 005;33;0;0;0;1;1
202100027254;153 004;33;0;0;1;1;1
202100027255;153 001;7;0;0;6;2;1
202100027255;153 002;7;0;2;1;1;3
202100027255;153 003;7;0;2;1;17;1
202100027256;153 000;7;6;0;1;13;1
202100027257;152 997;7;0;2;4;1;1
202100027257;152 998;7;0;2;1;1;1
202100027257;152 999;7;0;2;1;17;1
202100027258;152 995;10;2;2;1;1;1
202100027258;152 996;7;0;2;2;9;1
202100027259;152 994;3;8;0;2;0;1
202100027260;152 993;7;0;0;2;14;1
202100027261;152 992;33;15;0;4;1;1
202100027262;152 991;7;16;0;2;0;1
202100027263;152 990;7;16;0;0;0;1
202100027264;152 988;33;0;2;3;13;1
202100027264;152 989;21;0;2;8;1;1
202100027265;152 987;15;0;9;1;1;1
202100027266;152 986;32;16;0;5;10;1
202100027267;152 984;7;0;2;1;1;1
202100027267;152 985;7;0;2;1;13;1
202100027268;152 983;7;5;0;1;1;1
202100027269;152 981;33;0;1;0;1;1
202100027269;152 982;7;0;2;3;13;1
202100027270;152 979;30;0;2;1;2;1
202100027270;152 980;7;0;0;4;15;1
202100027271;152 977;31;0;2;7;13;1
202100027271;152 978;10;0;2;3;1;1
202100027272;152 976;33;14;0;0;1;1
202100027273;152 973;33;0;2;2;17;1
202100027273;152 974;33;5;9;7;26;1
202100027273;152 975;7;0;2;6;1;1
202100027274;152 971;7;0;2;3;1;0
202100027274;152 972;7;0;2;3;1;1
202100027275;152 970;31;2;0;0;0;1
202100027276;152 969;36;6;0;1;1;1
202100027277;152 968;31;8;0;1;17;1
202100027278;152 967;7;8;0;8;14;1
202100027279;152 966;7;8;0;1;21;1
202100027280;152 964;7;3;2;3;1;1
202100027280;152 965;7;0;2;3;13;1
202100027281;152 963;33;0;0;0;2;1
202100027282;152 962;7;13;0;7;14;1
202100027283;152 961;33;2;0;0;0;1
202100027284;152 958;7;0;2;1;17;1
202100027284;152 959;7;2;2;1;17;1
202100027284;152 960;7;0;2;1;1;1
202100027285;152 957;35;6;0;2;0;1
202100027286;152 955;7;0;0;8;15;1
202100027286;152 956;33;0;0;2;17;1
202100027287;152 954;7;3;0;1;1;1
202100027288;152 953;14;0;0;7;1;1
202100027289;152 950;33;0;0;8;1;1
202100027290;152 948;7;0;2;3;1;1
202100027290;152 949;7;0;2;1;1;1
202100027291;152 946;7;0;2;1;9;1
202100027291;152 947;31;0;0;4;23;1
202100027292;152 945;7;8;0;3;13;1
202100027293;152 943;7;0;2;1;1;1
202100027293;152 944;7;0;2;8;16;1
202100027294;152 940;7;0;2;3;13;1
202100027294;152 941;7;0;2;3;1;1
202100027295;152 939;7;8;0;3;0;1
202100027296;152 937;7;0;2;2;26;1
202100027296;152 938;2;0;0;8;9;1
202100027297;152 936;7;6;0;2;0;1
202100027298;152 935;7;13;0;3;1;1
202100027299;152 932;7;1;0;2;2;1
202100027299;152 933;7;0;0;4;23;1
202100027300;152 931;7;13;0;2;1;1
202100027301;152 930;7;6;0;2;14;1
202100027302;152 928;1;0;2;1;1;5
202100027302;152 929;7;0;9;3;1;1
202100027303;152 927;33;12;0;1;14;1
202100027304;152 925;15;0;2;1;1;1
202100027304;152 926;7;0;2;1;13;2
202100027305;152 920;7;0;2;4;2;1
202100027305;152 921;7;0;2;1;2;1
202100027305;152 922;7;0;2;1;2;1
202100027305;152 923;7;0;2;1;2;1
202100027306;152 919;33;0;0;7;1;1
202100027307;152 916;7;0;2;0;18;0
202100027307;152 917;7;0;2;5;1;2
202100027307;152 918;7;0;2;7;1;1
202100027308;152 914;7;0;2;5;1;1
202100027308;152 915;32;0;2;1;9;1
202100027309;152 911;7;0;2;6;1;1
202100027309;152 912;15;0;2;2;12;1
202100027309;152 913;7;0;2;5;1;1
202100027310;152 910;33;3;0;4;0;1
202100027311;152 907;7;1;0;2;12;1
202100027311;152 908;10;0;2;4;23;1
202100027311;152 909;10;1;0;1;26;1
202100027312;152 905;7;0;2;4;2;1
202100027312;152 906;7;0;2;1;1;1
202100027313;152 903;7;0;2;4;2;1
202100027313;152 904;7;0;2;1;1;1
202100027314;152 901;37;0;2;6;23;1
202100027314;152 902;7;0;2;2;1;1
202100027315;152 898;7;0;2;7;1;1
202100027315;152 899;7;0;2;8;0;1
202100027315;152 900;16;0;2;1;11;1
202100027316;152 897;7;0;1;2;17;1
202100027317;152 895;7;0;2;2;15;1
202100027317;152 896;33;0;2;3;1;1
202100027318;152 892;7;0;2;4;1;0
202100027318;152 893;7;0;2;9;1;1
202100027318;152 894;10;0;2;1;1;1
202100027319;152 890;7;0;2;1;9;1
202100027319;152 891;30;0;2;7;1;1
202100027320;152 888;37;0;2;3;1;1
202100027320;152 889;7;0;2;3;1;1
202100027321;152 886;7;0;2;1;1;2
202100027321;152 887;50;0;2;1;19;3
202100027322;152 884;7;0;2;1;1;1
202100027322;152 885;7;0;2;5;1;1
202100027323;152 882;7;0;2;8;19;0
202100027323;152 883;10;0;2;1;1;1
202100027324;152 881;7;15;0;2;14;1
202100027325;152 879;7;0;2;3;1;1
202100027325;152 880;2;0;2;1;0;1
202100027326;152 877;32;0;2;7;17;1
202100027326;152 878;7;0;0;8;0;1
202100027327;152 874;7;0;2;1;13;1
202100027327;152 875;7;0;2;3;1;1
202100027327;152 876;7;0;2;7;1;1
202100027328;152 872;10;0;2;3;1;1
202100027328;152 873;32;0;2;7;1;1
202100027329;152 871;7;6;0;1;14;1
202100027330;152 869;3;0;2;7;17;0
202100027330;152 870;1;0;2;8;2;5
202100027331;152 867;7;0;2;3;9;1
202100027331;152 868;2;0;2;1;15;1
202100027332;152 865;7;0;2;1;13;1
202100027332;152 866;7;0;2;1;1;2
202100027333;152 864;7;0;1;4;4;1
202100027334;152 863;7;8;0;1;21;1
202100027335;152 862;10;0;1;3;1;1
202100027336;152 859;10;0;2;1;0;1
202100027336;152 860;7;0;2;2;0;2
202100027336;152 861;7;0;2;4;1;1
202100027337;152 857;7;0;2;5;2;1
202100027337;152 858;34;0;2;1;2;1
202100027338;152 855;7;0;2;8;26;1
202100027338;152 856;34;0;2;7;16;1
202100027339;152 853;10;0;2;2;1;1
202100027339;152 854;7;0;2;2;13;1
202100027340;152 851;7;0;0;3;23;1
202100027340;152 852;30;0;2;3;0;6
202100027341;152 849;7;0;2;1;1;1
202100027341;152 850;14;3;2;1;13;1
202100027342;152 847;31;1;2;8;2;1
202100027342;152 848;7;0;2;2;15;0
202100027343;152 846;32;0;0;7;1;1
202100027344;152 845;7;1;0;1;1;1
202100027345;152 843;7;0;2;2;2;1
202100027345;152 844;30;0;2;1;2;0
202100027346;152 841;30;0;2;1;1;1
202100027346;152 842;7;0;2;4;0;1
202100027347;152 839;32;0;2;1;1;1
202100027347;152 840;10;0;2;3;15;1
202100027348;152 837;7;0;2;6;1;1
202100027348;152 838;7;0;2;1;1;1
202100027349;152 835;33;0;2;1;1;1
202100027349;152 836;7;0;2;8;9;1
202100027350;152 834;99;15;0;1;16;1
202100027351;152 832;7;0;2;7;1;1
202100027351;152 833;50;0;2;1;9;3
202100027352;152 831;33;16;0;0;0;1
202100027353;152 829;7;0;2;6;26;1
202100027353;152 830;7;0;2;1;26;1
202100027354;152 827;7;0;9;8;19;1
202100027354;152 828;1;0;2;7;19;5
202100027355;152 825;7;0;2;4;26;1
202100027355;152 826;30;0;2;2;26;1
202100027356;152 821;7;0;2;1;2;1
202100027356;152 822;7;0;2;4;2;1
202100027357;152 819;7;0;2;1;9;1
202100027357;152 820;1;0;2;5;26;5
202100027358;152 817;7;0;2;7;1;1
202100027358;152 818;2;0;2;1;1;1
202100027359;152 815;30;0;2;1;2;1
202100027359;152 816;2;0;2;4;2;1
202100027360;152 813;10;0;0;5;23;1
202100027360;152 814;2;0;2;1;1;1
202100027361;152 812;7;0;1;2;1;1
202100027362;152 811;10;3;0;1;17;1
202100027363;152 809;7;0;2;3;26;1
202100027363;152 810;50;0;2;1;1;3
202100027364;152 804;7;0;2;3;1;1
202100027364;152 805;7;0;2;1;15;1
202100027365;152 802;2;12;2;6;1;1
202100027365;152 803;7;0;2;1;1;1
202100027366;152 800;7;0;2;0;2;1
202100027366;152 801;1;0;2;4;15;5
202100027367;152 798;1;0;2;4;26;6
202100027367;152 799;7;0;2;1;1;1
202100027368;152 796;7;0;0;8;23;1
202100027368;152 797;30;1;0;2;21;1
202100027369;152 794;7;0;2;3;1;1
202100027369;152 795;7;0;2;2;15;1
202100027370;152 791;7;0;2;1;2;1
202100027370;152 792;7;0;2;4;23;1
202100027370;152 793;7;0;2;4;23;1
202100027371;152 790;7;0;1;1;15;1
202100027372;152 788;7;0;2;2;15;1
202100027372;152 789;33;0;2;1;1;1
202100027373;152 787;32;0;1;0;26;1
202100027374;152 784;7;0;2;4;16;1
202100027374;152 785;7;0;0;0;0;0
202100027374;152 786;7;0;2;6;16;1
202100027375;152 783;7;1;0;3;1;1
202100027376;152 782;7;0;1;2;26;1
202100027377;152 780;7;0;2;3;1;1
202100027377;152 781;10;0;2;3;0;1
202100027378;152 778;7;0;2;2;9;1
202100027378;152 779;33;0;2;0;17;1
202100027379;152 776;33;0;2;1;3;3
202100027379;152 777;7;0;2;5;2;1
202100027380;152 774;13;0;2;7;12;1
202100027380;152 775;7;0;2;8;1;1
202100027381;152 772;1;0;2;1;1;5
202100027381;152 773;1;0;2;1;9;5
202100027382;152 770;1;0;2;3;1;5
202100027382;152 771;7;0;2;3;15;1
202100027383;152 769;80;0;1;3;1;3
202100027384;152 768;43;0;1;2;1;1
202100027385;152 765;7;0;2;6;23;1
202100027385;152 766;33;0;2;1;23;1
202100027385;152 767;7;0;2;3;2;1
202100027386;152 763;7;0;2;2;15;3
202100027386;152 764;30;0;2;1;7;1
202100027387;152 761;7;0;2;1;15;1
202100027387;152 762;1;0;2;7;1;5
202100027388;152 759;7;0;2;3;15;1
202100027388;152 760;31;0;2;7;17;1
202100027389;152 757;1;0;9;4;17;5
202100027389;152 758;1;0;0;0;13;5
202100027390;152 754;50;0;2;0;1;3
202100027390;152 755;7;0;2;0;1;0
202100027391;152 752;30;0;2;1;0;1
202100027391;152 753;14;0;0;6;16;1
202100027392;152 750;10;0;2;2;1;1
202100027392;152 751;31;0;2;8;1;1
202100027393;152 748;32;0;2;3;1;1
202100027393;152 749;7;0;2;2;1;1
202100027394;152 746;7;0;2;7;1;2
202100027394;152 747;7;0;2;1;1;1
202100027395;152 744;7;0;2;7;1;1
202100027395;152 745;2;0;2;1;1;1
202100027396;152 742;7;0;2;1;19;1
202100027396;152 743;7;0;2;8;1;1
202100027397;152 740;7;0;2;1;1;1
202100027397;152 741;7;0;2;7;15;1
202100027398;152 738;1;0;2;3;19;5
202100027398;152 739;33;0;2;1;9;1
202100027399;152 736;34;0;2;1;16;1
202100027399;152 737;7;0;2;7;15;1
202100027400;152 735;7;12;0;1;1;1
202100027401;152 733;7;0;2;3;11;1
202100027401;152 734;7;0;2;3;1;1
202100027402;152 731;7;0;2;1;2;2
202100027402;152 732;7;4;2;4;1;1
202100027403;152 729;7;0;2;1;26;0
202100027403;152 730;33;9;2;1;1;1
202100027404;152 728;7;0;1;1;15;1
202100027405;152 726;7;0;2;2;15;1
202100027405;152 727;33;0;2;1;1;1
202100027406;152 724;10;0;2;1;5;1
202100027406;152 725;7;0;2;1;26;1
202100027407;152 723;10;1;0;3;1;1
202100027408;152 721;10;0;2;8;22;1
202100027408;152 722;1;1;0;1;1;0
202100027409;152 720;33;0;0;7;2;1
202100027410;152 719;21;6;0;9;2;1
202100027411;152 718;7;16;0;0;26;1
202100027412;152 716;7;0;0;5;12;0
202100027412;152 717;33;0;0;3;1;1
202100027413;152 712;33;0;0;4;23;1
202100027413;152 713;7;3;2;2;17;1
202100027413;152 714;7;0;0;6;23;1
202100027414;152 710;2;0;2;0;15;1
202100027414;152 711;7;0;2;0;16;1
202100027415;152 708;10;0;2;1;9;0
202100027415;152 709;7;0;2;2;1;1
202100027416;152 706;1;0;2;1;1;5
202100027416;152 707;7;0;2;3;1;1
202100027417;152 705;7;8;0;3;1;1
202100027418;152 704;7;2;0;1;1;1
202100027419;152 703;7;0;1;6;4;1
202100027420;152 702;7;2;0;3;14;1
202100027421;152 701;7;1;1;3;1;1
202100027422;152 700;10;14;0;8;2;1
202100027423;152 698;7;0;2;1;13;1
202100027423;152 699;2;0;2;1;1;1
202100027424;152 696;7;0;2;1;23;1
202100027424;152 697;7;0;2;8;1;1
202100027425;152 695;7;0;1;3;1;1
202100027426;152 694;7;13;0;1;0;1
202100027427;152 693;33;0;0;3;9;1
202100027428;152 692;10;0;0;1;14;0
202100027429;152 690;33;0;2;1;1;1
202100027429;152 691;7;0;0;5;1;1
202100027430;152 688;7;0;2;3;1;1
202100027430;152 689;7;0;2;3;19;1
202100027431;152 686;1;0;2;1;1;5
202100027431;152 687;7;0;2;3;15;1
202100027432;152 685;7;2;0;1;1;1
202100027433;152 684;7;6;0;2;1;1
202100027434;152 683;7;2;0;1;1;1
202100027435;152 682;33;0;0;0;0;1
202100027436;152 680;7;0;0;7;15;1
202100027436;152 681;33;0;2;1;1;1
202100027437;152 679;7;13;0;2;16;0
202100027438;152 678;7;2;0;1;15;2
202100027439;152 676;1;0;2;1;13;5
202100027439;152 677;7;0;9;1;1;1
202100027440;152 674;33;0;2;1;1;1
202100027440;152 675;7;0;2;6;19;1
202100027441;152 673;7;2;0;1;1;1
202100027442;152 672;7;0;0;9;0;1
202100027443;152 671;7;8;0;3;1;1
202100027444;152 670;7;0;1;0;1;1
202100027445;152 668;7;0;2;3;1;1
202100027445;152 669;7;0;2;3;1;1
202100027446;152 667;1;0;0;1;1;5
202100027447;152 665;7;0;2;1;1;1
202100027447;152 666;7;6;2;7;15;1
202100027448;152 663;2;0;2;0;2;1
202100027448;152 664;2;0;2;0;2;1
202100027449;152 661;7;0;2;1;1;1
202100027449;152 662;7;0;2;5;19;1
202100027450;152 660;7;6;0;9;1;1
202100027451;152 658;7;0;2;1;15;1
202100027451;152 659;7;0;2;3;9;1
202100027452;152 656;7;0;2;1;1;1
202100027452;152 657;10;0;2;1;13;1
202100027453;152 655;7;2;0;1;1;1
202100027454;152 653;33;0;2;2;17;1
202100027454;152 654;10;0;2;3;15;1
202100027455;152 651;7;0;2;3;1;1
202100027455;152 652;7;0;2;3;9;1
202100027456;152 649;7;0;2;1;1;1
202100027456;152 650;7;0;0;4;1;1
202100027457;152 648;7;0;1;1;1;1
202100027458;152 647;10;16;0;9;26;1
202100027459;152 646;7;10;0;2;1;1
202100027460;152 644;7;0;2;3;1;1
202100027460;152 645;7;0;2;1;14;1
202100027461;152 642;7;0;0;0;13;1
202100027461;152 643;33;16;0;0;14;1
202100027462;152 640;33;13;0;7;1;1
202100027462;152 641;33;13;0;7;1;1
202100027463;152 638;7;0;2;3;1;1
202100027463;152 639;2;0;2;1;17;1
202100027464;152 637;7;0;1;3;1;1
202100027465;152 635;2;0;2;1;17;1
202100027465;152 636;7;0;2;3;1;1
202100027466;152 633;33;0;2;1;17;1
202100027466;152 634;7;0;2;3;15;1
202100027467;152 631;7;4;0;9;1;1
202100027468;152 630;33;0;0;1;1;1
202100027469;152 628;7;0;2;6;1;1
202100027469;152 629;7;0;2;3;1;1
202100027470;152 626;33;0;2;1;19;1
202100027470;152 627;7;0;2;8;26;1
202100027471;152 625;7;6;0;3;1;6
202100027472;152 623;2;0;2;8;13;1
202100027472;152 624;7;0;2;7;1;1
202100027473;152 621;7;0;2;3;15;1
202100027473;152 622;33;0;2;1;17;1
202100027474;152 619;33;0;2;2;17;1
202100027474;152 620;7;0;2;8;15;1
202100027475;152 616;7;0;9;8;1;1
202100027475;152 617;7;0;2;3;1;1
202100027475;152 618;7;0;2;3;17;1
202100027476;152 614;2;0;2;1;13;1
202100027476;152 615;7;0;2;3;1;1
202100027477;152 610;7;0;2;4;23;1
202100027477;152 611;31;0;2;1;2;1
202100027478;152 608;7;0;2;4;1;1
202100027478;152 609;33;0;2;1;2;1
202100027479;152 607;7;2;0;9;26;1
202100027480;152 606;32;16;0;4;26;1
202100027481;152 603;7;0;2;4;2;1
202100027481;152 604;7;0;2;4;2;1
202100027481;152 605;7;0;2;1;2;1
202100027482;152 600;33;0;2;4;2;1
202100027482;152 601;7;0;2;1;2;1
202100027482;152 602;7;0;2;4;2;1
202100027483;152 599;7;0;9;1;12;1
202100027484;152 597;7;0;2;1;2;1
202100027484;152 598;7;0;2;4;2;1
202100027485;152 595;34;0;2;3;3;1
202100027485;152 596;7;0;2;2;1;1
202100027486;152 594;7;4;0;1;2;1
202100027487;152 593;33;0;0;4;1;1
202100027488;152 591;10;0;2;2;14;0
202100027488;152 592;1;0;2;2;1;5
202100027489;152 589;7;0;0;4;2;1
202100027489;152 590;7;0;2;1;2;1
202100027490;152 588;7;0;1;1;1;1
202100027491;152 586;7;0;2;0;15;1
202100027491;152 587;2;0;2;0;1;0
202100027492;152 584;31;0;2;7;1;1
202100027492;152 585;7;0;2;3;15;1
202100027493;152 583;33;0;0;0;0;1
202100027494;152 581;34;0;2;1;5;1
202100027494;152 582;7;0;2;2;1;1
202100027495;152 580;50;0;1;1;25;3
202100027496;152 579;1;0;1;1;5;5
202100027497;152 576;7;0;2;1;1;1
202100027497;152 577;7;0;2;4;1;1
202100027497;152 578;7;0;2;4;1;1
202100027498;152 574;7;0;2;3;1;1
202100027498;152 575;7;0;2;2;1;1
202100027499;152 573;7;0;1;2;1;1
202100027500;152 571;7;0;2;6;15;1
202100027500;152 572;33;0;2;1;1;1
202100027501;152 569;7;0;2;3;21;1
202100027501;152 570;7;0;2;2;13;1
202100027502;152 567;31;0;2;1;7;1
202100027502;152 568;7;0;2;2;16;1
202100027503;152 565;1;0;2;1;21;5
202100027503;152 566;7;0;2;2;15;1
202100027504;152 563;30;0;2;1;5;1
202100027504;152 564;7;0;2;3;1;1
202100027505;152 560;7;0;2;8;13;1