Num_Acc;id_vehicule;catv;obs;obsm;choc;manv;motor
202100028270;151 164;7;4;0;1;1;1
202100028271;151 163;7;0;1;1;0;1
202100028272;151 161;0;0;2;8;2;0
202100028272;151 162;2;0;2;7;17;1
202100028273;151 159;30;0;2;1;1;1
202100028273;151 160;7;0;2;7;0;1
202100028274;151 157;7;0;2;7;1;1
202100028274;151 158;2;0;2;0;15;1
202100028275;151 155;1;0;2;1;1;0
202100028275;151 156;7;0;2;0;16;1
202100028276;151 153;7;0;9;1;1;2
202100028276;151 154;7;0;0;0;1;1
202100028277;151 151;7;0;2;3;15;1
202100028277;151 152;32;0;2;4;17;1
202100028278;151 149;7;0;2;1;2;1
202100028278;151 150;7;0;2;1;15;1
202100028279;151 147;1;0;2;8;1;5
202100028279;151 148;7;0;2;2;26;1
202100028280;151 145;7;0;2;3;13;1
202100028280;151 146;7;0;2;6;2;1
202100028281;151 143;7;0;2;3;13;1
202100028281;151 144;32;0;2;7;1;1
202100028282;151 141;7;0;2;1;1;1
202100028282;151 142;30;0;2;1;19;1
202100028283;151 139;7;1;0;4;1;0
202100028283;151 140;7;0;2;1;2;0
202100028284;151 134;7;0;2;4;0;1
202100028284;151 135;7;0;2;1;0;0
202100028285;151 133;31;1;0;1;13;1
202100028286;151 131;7;0;2;3;1;1
202100028286;151 132;50;0;2;4;15;3
202100028287;151 130;33;14;0;0;26;0
202100028288;151 129;7;0;2;0;26;1
202100028289;151 128;7;0;1;2;25;1
202100028290;151 126;7;0;2;7;16;1
202100028290;151 127;32;0;2;3;18;1
202100028291;151 124;7;0;2;3;9;1
202100028291;151 125;1;0;2;4;1;5
202100028292;151 122;7;0;2;1;26;1
202100028292;151 123;37;0;2;7;26;1
202100028293;151 120;7;0;2;3;15;1
202100028293;151 121;33;0;2;3;1;1
202100028294;151 119;7;1;0;3;13;1
202100028295;151 118;30;11;0;1;16;1
202100028296;151 117;7;8;0;3;13;1
202100028297;151 115;7;0;2;1;26;1
202100028297;151 116;7;0;2;4;26;1
202100028298;151 112;7;0;2;8;1;1
202100028298;151 113;7;0;2;4;1;1
202100028298;151 114;7;0;2;1;1;1
202100028299;151 110;7;0;2;0;2;1
202100028299;151 111;80;0;2;4;9;3
202100028300;151 108;7;0;2;2;1;1
202100028300;151 109;2;0;2;1;19;1
202100028301;151 106;7;0;2;1;13;1
202100028301;151 107;7;0;2;3;13;1
202100028302;151 104;7;0;2;1;13;1
202100028302;151 105;14;0;2;3;1;1
202100028303;151 102;7;0;2;3;9;1
202100028303;151 103;7;0;2;7;2;1
202100028304;151 100;7;0;2;1;0;1
202100028304;151 101;7;0;2;1;0;1
202100028305;151 098;7;0;2;1;1;1
202100028305;151 099;7;0;2;4;0;1
202100028306;151 097;7;0;1;1;1;0
202100028307;151 095;7;0;2;4;2;1
202100028307;151 096;43;0;2;1;2;1
202100028308;151 093;7;1;2;9;24;1
202100028308;151 094;7;0;2;7;26;1
202100028309;151 091;7;0;9;3;26;1
202100028309;151 092;1;0;2;1;26;0
202100028310;151 090;32;0;1;1;0;1
202100028311;151 088;7;1;2;8;1;1
202100028311;151 089;7;0;2;2;16;1
202100028312;151 086;7;0;2;1;5;1
202100028312;151 087;7;0;2;1;17;1
202100028313;151 084;34;0;2;1;16;1
202100028313;151 085;1;0;2;1;19;5
202100028314;151 083;30;0;2;4;1;1
202100028315;151 081;33;0;2;2;17;1
202100028315;151 082;7;0;2;3;15;1
202100028316;151 079;7;0;2;3;1;1
202100028316;151 080;30;0;2;2;1;1
202100028317;151 078;30;14;0;7;14;1
202100028318;151 077;50;0;0;0;1;3
202100028319;151 075;37;0;2;3;1;2
202100028319;151 076;7;0;2;2;15;1
202100028320;151 074;7;0;1;2;1;2
202100028321;151 072;30;0;2;2;1;1
202100028321;151 073;7;0;2;3;9;2
202100028322;151 070;1;0;2;1;5;5
202100028322;151 071;7;0;2;1;1;1
202100028323;151 068;50;0;2;1;13;3
202100028323;151 069;33;0;2;1;1;1
202100028324;151 067;50;8;0;0;25;3
202100028325;151 065;7;0;0;0;22;1
202100028325;151 066;1;0;0;0;0;5
202100028326;151 063;7;0;2;3;1;1
202100028326;151 064;7;0;2;1;1;1
202100028327;151 061;50;0;2;3;19;3
202100028327;151 062;7;0;2;2;1;1
202100028328;151 059;7;0;2;5;23;1
202100028328;151 060;7;0;2;3;2;1
202100028329;151 058;7;14;0;3;26;1
202100028330;151 057;7;0;1;1;1;1
202100028331;151 054;7;0;2;4;2;1
202100028331;151 055;7;0;2;9;2;1
202100028331;151 056;7;0;2;1;2;1
202100028332;151 052;7;0;2;0;10;1
202100028332;151 053;30;0;2;2;1;1
202100028333;151 051;7;0;1;4;20;1
202100028334;151 049;31;0;0;0;0;0
202100028334;151 050;7;0;2;3;15;1
202100028335;151 048;7;0;1;3;15;1
202100028336;151 046;2;0;2;4;1;1
202100028336;151 047;7;0;2;1;26;1
202100028337;151 045;7;13;0;7;21;1
202100028338;151 044;33;0;0;9;2;1
202100028339;151 043;7;0;1;2;1;1
202100028340;151 041;2;0;2;1;1;1
202100028340;151 042;7;0;2;3;1;1
202100028341;151 039;7;0;2;2;1;1
202100028341;151 040;7;0;2;3;1;1
202100028342;151 037;33;0;2;2;1;1
202100028342;151 038;7;0;2;3;9;1
202100028343;151 036;33;6;0;1;0;1
202100028344;151 035;7;2;0;1;1;1
202100028345;151 034;36;9;0;0;1;1
202100028346;151 033;7;8;0;7;1;1
202100028347;151 031;7;0;2;1;1;1
202100028347;151 032;10;0;2;1;17;1
202100028348;151 029;7;0;2;3;16;1
202100028348;151 030;7;0;2;8;15;1
202100028349;151 028;31;0;0;7;1;1
202100028350;151 027;7;4;0;3;1;1
202100028351;151 025;1;0;2;4;13;5
202100028351;151 026;7;0;2;2;17;1
202100028352;151 023;7;0;2;3;1;1
202100028352;151 024;7;0;2;3;1;1
202100028353;151 021;7;0;2;5;15;1
202100028353;151 022;2;0;2;1;1;1
202100028354;151 020;7;13;0;1;1;1
202100028355;151 017;7;0;2;1;2;1
202100028355;151 018;7;0;2;4;2;1
202100028355;151 019;7;0;2;4;2;1
202100028356;151 015;3;13;2;3;1;1
202100028356;151 016;7;0;2;3;1;1
202100028357;151 014;33;0;0;0;1;1
202100028358;151 013;2;8;0;1;1;1
202100028359;151 012;32;0;0;0;1;1
202100028360;151 010;7;0;0;1;19;1
202100028360;151 011;7;0;0;5;1;1
202100028361;151 008;7;2;2;3;13;1
202100028361;151 009;7;0;2;8;21;1
202100028362;151 006;7;0;0;0;2;1
202100028362;151 007;2;0;0;0;1;1
202100028363;151 005;7;13;0;0;0;1
202100028364;151 003;7;0;2;3;1;1
202100028364;151 004;7;0;2;3;13;1
202100028365;151 002;10;13;0;7;1;1
202100028366;151 001;33;13;0;8;1;1
202100028367;150 999;2;0;2;1;5;1
202100028367;151 000;10;0;2;2;1;1
202100028368;150 998;35;13;0;2;2;1
202100028369;150 997;7;6;0;3;1;1
202100028370;150 996;7;2;0;1;1;1
202100028371;150 994;7;0;2;3;13;1
202100028371;150 995;7;0;2;3;21;1
202100028372;150 992;2;0;2;0;1;1
202100028372;150 993;7;0;2;0;0;1
202100028373;150 991;1;12;0;7;13;5
202100028374;150 989;10;0;2;3;13;1
202100028374;150 990;1;0;0;6;15;5
202100028375;150 988;33;0;0;0;26;1
202100028376;150 986;7;0;0;0;1;1
202100028377;150 985;7;0;1;2;1;1
202100028378;150 984;2;16;0;0;1;1
202100028379;150 980;31;0;2;7;1;1
202100028379;150 981;7;0;2;3;9;1
202100028380;150 979;33;13;0;1;1;1
202100028381;150 978;33;0;0;0;1;1
202100028382;150 977;33;0;0;0;1;1
202100028383;150 976;7;2;0;1;1;1
202100028384;150 975;7;0;0;9;0;1
202100028385;150 974;7;2;0;1;1;1
202100028386;150 973;17;13;0;7;1;1
202100028387;150 971;21;0;2;3;1;1
202100028387;150 972;30;0;2;8;1;1
202100028388;150 969;7;0;2;2;0;1
202100028388;150 970;7;0;2;3;2;1
202100028389;150 967;1;0;0;2;19;5
202100028389;150 968;17;0;0;1;1;1
202100028390;150 966;17;0;1;3;16;1
202100028391;150 964;7;0;2;2;1;1
202100028391;150 965;7;0;0;6;1;1
202100028392;150 962;30;0;2;1;7;1
202100028392;150 963;7;0;2;5;1;1
202100028393;150 960;7;0;2;3;1;1
202100028393;150 961;14;0;2;3;13;1
202100028394;150 958;1;0;2;1;1;5
202100028394;150 959;7;0;9;3;9;1
202100028395;150 956;7;7;2;8;1;1
202100028395;150 957;7;0;2;3;17;1
202100028396;150 955;7;2;0;1;1;1
202100028397;150 953;7;0;2;1;1;1
202100028397;150 954;7;0;0;4;1;1
202100028398;150 950;7;0;2;1;2;1
202100028398;150 951;7;0;2;4;23;1
202100028398;150 952;10;0;0;4;23;1
202100028399;150 949;33;4;0;1;1;1
202100028400;150 948;33;4;0;1;1;0
202100028401;150 947;10;16;0;9;14;1
202100028402;150 945;32;0;2;6;1;1
202100028402;150 946;34;0;2;1;19;1
202100028403;150 944;7;0;1;1;26;1
202100028404;150 943;33;12;0;1;1;1
202100028405;150 942;33;0;0;0;1;1
202100028406;150 939;7;0;0;1;13;1
202100028406;150 940;7;0;0;1;1;1
202100028406;150 941;33;5;0;1;1;1
202100028407;150 937;35;0;2;1;0;1
202100028407;150 938;7;0;2;2;1;1
202100028408;150 935;2;0;2;1;5;1
202100028408;150 936;7;0;2;5;2;1
202100028409;150 934;7;3;0;2;0;1
202100028410;150 932;7;0;2;3;1;1
202100028410;150 933;7;0;2;3;13;1
202100028411;150 930;10;0;2;3;1;1
202100028411;150 931;14;0;2;8;1;1
202100028412;150 928;7;0;2;1;1;1
202100028412;150 929;33;0;2;1;13;1
202100028413;150 927;33;0;0;0;1;1
202100028414;150 926;33;14;0;1;1;1
202100028415;150 924;7;0;2;1;1;1
202100028415;150 925;1;0;2;1;0;5
202100028416;150 922;7;3;2;1;1;1
202100028416;150 923;7;0;2;3;5;1
202100028417;150 920;33;0;2;4;2;1
202100028417;150 921;33;0;2;1;2;1
202100028418;150 919;14;13;0;2;1;1
202100028419;150 916;1;0;2;1;1;5
202100028419;150 917;1;0;2;1;1;5
202100028419;150 918;1;0;2;0;19;5
202100028420;150 915;33;6;0;1;13;1
202100028421;150 913;7;0;2;1;1;1
202100028421;150 914;1;0;2;0;0;0
202100028422;150 912;33;8;0;1;1;1
202100028423;150 910;7;0;2;2;1;1
202100028423;150 911;1;0;2;3;9;5
202100028424;150 909;31;12;0;7;1;1
202100028425;150 908;2;0;1;1;1;1
202100028426;150 906;7;4;0;3;17;1
202100028427;150 904;33;0;2;1;1;1
202100028427;150 905;7;0;0;7;26;1
202100028428;150 902;7;0;2;6;24;1
202100028428;150 903;33;1;0;1;12;1
202100028429;150 900;7;0;2;4;1;1
202100028429;150 901;7;0;2;1;1;1
202100028430;150 898;7;0;2;2;1;1
202100028430;150 899;10;0;2;6;11;1
202100028431;150 896;7;3;2;4;1;1
202100028431;150 897;7;0;2;1;2;1
202100028432;150 894;7;0;2;4;1;1
202100028432;150 895;7;0;2;3;0;1
202100028433;150 892;7;0;2;4;1;1
202100028433;150 893;7;0;2;4;1;1
202100028434;150 891;33;0;2;7;0;1
202100028435;150 889;7;0;2;0;0;1
202100028435;150 890;10;0;2;1;1;1
202100028436;150 886;7;4;2;1;2;1
202100028436;150 887;7;4;2;4;2;1
202100028436;150 888;10;4;2;4;2;1
202100028437;150 884;7;0;2;6;2;1
202100028437;150 885;32;0;2;1;2;1
202100028438;150 881;7;0;2;4;2;1
202100028438;150 882;7;0;2;1;2;1
202100028438;150 883;7;0;2;1;2;1
202100028439;150 879;7;0;2;3;17;1
202100028439;150 880;7;0;2;5;0;1
202100028440;150 877;7;0;2;1;1;1
202100028440;150 878;31;0;2;4;1;1
202100028441;150 875;7;14;2;6;1;1
202100028441;150 876;7;0;2;2;26;1
202100028442;150 874;7;3;0;1;9;1
202100028443;150 872;7;0;2;1;1;1
202100028443;150 873;7;0;2;4;1;1
202100028444;150 870;7;0;2;8;1;1
202100028444;150 871;15;0;2;2;12;1
202100028445;150 869;7;0;1;2;1;1
202100028446;150 868;7;0;1;2;1;1
202100028447;150 866;33;0;2;3;18;1
202100028447;150 867;7;0;2;5;16;1
202100028448;150 864;7;0;2;2;15;1
202100028448;150 865;30;0;2;5;1;1
202100028449;150 862;7;0;2;1;1;1
202100028449;150 863;7;0;2;3;16;1
202100028450;150 860;7;4;2;3;14;1
202100028450;150 861;33;0;2;4;1;1
202100028451;150 858;30;0;2;1;19;1
202100028451;150 859;7;0;2;5;1;1
202100028452;150 857;7;0;1;8;1;1
202100028453;150 855;50;0;2;4;1;3
202100028453;150 856;7;0;9;1;1;0
202100028454;150 852;7;0;2;4;23;1
202100028454;150 853;7;0;2;1;2;1
202100028454;150 854;7;0;2;4;23;0
202100028455;150 851;7;16;0;9;15;1
202100028456;150 849;7;0;2;1;0;1
202100028456;150 850;7;8;2;5;26;1
202100028457;150 848;7;0;1;1;9;1
202100028458;150 847;7;0;1;2;14;1
202100028459;150 845;10;0;2;2;19;1
202100028459;150 846;1;0;2;8;1;5
202100028460;150 843;33;0;2;1;1;1
202100028460;150 844;7;0;2;3;20;1
202100028461;150 842;33;9;0;1;26;1
202100028462;150 840;7;0;2;4;2;1
202100028462;150 841;7;0;2;1;2;0
202100028463;150 839;40;0;1;2;1;3
202100028464;150 838;7;0;1;2;15;1
202100028465;150 836;33;0;2;1;1;0
202100028465;150 837;7;0;2;2;0;0
202100028466;150 834;7;0;2;0;0;1
202100028466;150 835;33;0;2;1;19;1
202100028467;150 832;7;5;2;1;9;1
202100028467;150 833;1;0;2;3;26;5
202100028468;150 830;7;0;2;1;5;1
202100028468;150 831;7;0;2;1;1;1
202100028469;150 828;7;0;2;3;1;1
202100028469;150 829;80;0;2;4;1;3
202100028470;150 825;7;0;2;1;2;1
202100028470;150 826;7;0;2;4;1;1
202100028470;150 827;7;0;2;4;1;1
202100028471;150 824;7;0;1;1;1;1
202100028472;150 822;7;0;2;5;0;1
202100028472;150 823;7;0;2;1;12;1
202100028473;150 821;30;9;0;1;14;1
202100028474;150 820;7;0;1;4;4;1
202100028475;150 818;7;8;0;5;23;1
202100028475;150 819;7;0;2;3;13;1
202100028476;150 816;7;0;2;1;1;1
202100028476;150 817;7;0;2;7;1;1
202100028477;150 811;7;0;2;1;26;1
202100028477;150 812;7;0;2;1;2;1
202100028477;150 813;7;0;2;1;2;0
202100028478;150 809;7;0;2;7;1;1
202100028478;150 810;10;0;2;1;1;1
202100028479;150 807;32;0;2;1;1;1
202100028479;150 808;7;0;2;8;10;1
202100028480;150 806;7;0;2;1;1;1
202100028481;150 804;33;0;2;7;1;1
202100028481;150 805;7;0;2;0;15;1
202100028482;150 803;7;13;5;9;21;1
202100028483;150 802;7;10;0;1;19;1
202100028484;150 800;7;0;2;1;1;1
202100028484;150 801;7;0;2;9;13;1
202100028485;150 799;7;0;1;2;1;1
202100028486;150 798;7;8;0;1;1;1
202100028487;150 796;7;0;2;6;10;1
202100028487;150 797;30;0;2;1;17;1
202100028488;150 795;7;1;0;7;1;1
202100028489;150 793;33;0;2;1;1;1
202100028489;150 794;10;0;2;7;15;1
202100028490;150 791;30;0;2;1;17;1
202100028490;150 792;7;0;2;6;15;1
202100028491;150 789;33;0;2;1;13;1
202100028491;150 790;7;0;2;3;16;1
202100028492;150 787;43;0;2;3;11;1
202100028492;150 788;7;0;2;7;1;1
202100028493;150 784;7;0;2;4;2;1
202100028493;150 785;7;0;2;4;2;1
202100028493;150 786;7;0;2;1;2;1
202100028494;150 783;30;0;0;1;1;1
202100028495;150 781;7;0;2;1;1;2
202100028495;150 782;60;0;2;7;19;5
202100028496;150 779;32;0;2;4;2;1
202100028496;150 780;7;0;2;1;2;0
202100028497;150 777;1;0;2;1;15;5
202100028497;150 778;7;0;2;3;1;3
202100028498;150 773;34;0;2;9;17;1
202100028498;150 774;7;0;2;6;2;1
202100028498;150 775;10;0;2;7;2;1
202100028498;150 776;7;0;2;6;2;1
202100028499;150 771;7;0;2;3;1;2
202100028499;150 772;30;0;2;2;5;1
202100028500;150 769;7;0;2;0;22;1
202100028500;150 770;80;0;2;0;1;3
202100028501;150 767;7;0;2;5;1;0
202100028501;150 768;7;0;2;1;1;1
202100028502;150 766;7;0;1;8;15;1
202100028503;150 765;32;0;1;0;0;1
202100028504;150 763;7;0;2;4;1;1
202100028504;150 764;7;0;2;1;2;1
202100028505;150 761;30;0;2;0;17;1
202100028505;150 762;30;0;2;8;15;1
202100028506;150 760;7;0;1;2;1;1
202100028507;150 758;10;0;2;3;1;1
202100028507;150 759;7;0;2;3;2;1
202100028508;150 756;7;0;2;1;1;1
202100028508;150 757;7;0;2;7;0;1
202100028509;150 754;2;0;2;0;2;1
202100028509;150 755;7;0;0;0;15;1
202100028510;150 752;7;0;2;2;9;1
202100028510;150 753;31;0;2;3;0;1
202100028511;150 751;80;0;0;0;0;3
202100028512;150 749;7;0;2;0;15;2
202100028512;150 750;33;0;2;3;21;1
202100028513;150 747;30;0;2;7;1;1
202100028513;150 748;7;0;2;1;1;1
202100028514;150 745;7;0;2;8;1;1
202100028514;150 746;33;0;2;1;13;1
202100028515;150 743;33;0;2;7;17;1
202100028515;150 744;7;0;2;8;1;1
202100028516;150 740;7;13;0;0;1;1
202100028517;150 739;7;7;0;1;19;1
202100028518;150 738;33;0;0;0;1;1
202100028519;150 737;33;0;0;1;1;1
202100028520;150 736;7;3;0;0;1;1
202100028521;150 735;7;13;0;1;1;1
202100028522;150 733;7;0;2;3;10;1
202100028522;150 734;33;0;0;7;21;1
202100028523;150 732;7;1;1;1;13;1
202100028524;150 730;33;0;2;0;1;1
202100028524;150 731;7;0;2;1;9;2
202100028525;150 729;32;15;0;2;1;1
202100028526;150 727;7;0;2;2;17;1
202100028526;150 728;7;0;0;3;15;1
202100028527;150 725;7;5;2;1;1;1
202100028527;150 726;7;0;2;3;13;1
202100028528;150 723;33;0;0;7;17;1
202100028528;150 724;7;0;2;3;15;1
202100028529;150 722;2;0;0;1;1;1
202100028530;150 721;2;0;0;8;1;1
202100028531;150 720;33;0;0;7;1;1
202100028532;150 718;7;0;2;2;9;1
202100028532;150 719;7;0;2;1;1;1
202100028533;150 716;33;0;2;3;26;0
202100028533;150 717;10;0;2;2;1;1
202100028534;150 714;7;0;2;3;15;1
202100028534;150 715;2;0;2;3;1;1
202100028535;150 713;7;13;0;9;14;1
202100028536;150 711;17;0;2;1;1;1
202100028536;150 712;7;0;2;1;13;1
202100028537;150 709;1;0;2;4;1;5
202100028537;150 710;7;0;2;2;1;1
202100028538;150 708;7;6;0;2;1;1
202100028539;150 706;1;0;2;1;13;5
202100028539;150 707;7;0;9;3;1;1
202100028540;150 704;7;0;2;3;1;1
202100028540;150 705;7;0;2;3;1;1
202100028541;150 703;7;2;0;9;14;1
202100028542;150 702;7;13;0;2;1;1
202100028543;150 700;7;0;2;1;13;1
202100028543;150 701;7;0;2;1;1;1
202100028544;150 698;33;1;0;3;26;1
202100028544;150 699;7;0;0;2;26;1
202100028545;150 696;43;0;2;1;6;1
202100028545;150 697;10;0;2;1;1;1
202100028546;150 694;7;0;2;1;0;1
202100028546;150 695;7;0;2;1;0;1
202100028547;150 693;7;13;6;2;21;1
202100028548;150 689;7;0;2;8;1;1
202100028548;150 690;2;0;2;8;17;1
202100028549;150 688;2;16;0;8;0;1
202100028550;150 686;33;11;0;1;17;1
202100028550;150 687;7;0;0;3;15;1
202100028551;150 685;7;6;0;3;1;1
202100028552;150 683;7;0;2;3;1;1
202100028552;150 684;10;0;2;2;15;1
202100028553;150 682;7;15;0;1;5;1
202100028554;150 680;1;0;2;8;1;5
202100028554;150 681;7;0;9;5;1;1
202100028555;150 678;7;2;0;3;2;1
202100028556;150 675;7;3;0;1;1;1
202100028556;150 676;7;0;2;1;2;1
202100028556;150 677;7;3;2;1;2;1
202100028557;150 673;7;0;9;1;1;1
202100028557;150 674;1;0;2;2;1;5
202100028558;150 672;7;4;0;1;1;1
202100028559;150 670;2;0;0;0;9;0
202100028559;150 671;7;0;0;0;1;1
202100028560;150 668;7;0;2;2;17;1
202100028560;150 669;15;0;2;8;15;1
202100028561;150 666;7;0;2;1;2;1
202100028561;150 667;7;3;0;4;2;1
202100028562;150 664;33;16;0;9;1;1
202100028563;150 662;7;0;2;7;17;0
202100028563;150 663;2;13;2;8;1;1
202100028564;150 661;7;6;0;1;1;1
202100028565;150 659;7;0;2;3;1;1
202100028565;150 660;7;0;2;8;1;1
202100028566;150 658;2;5;0;7;17;1
202100028567;150 656;7;0;0;4;2;1
202100028567;150 657;7;3;2;1;2;1
202100028568;150 655;2;13;0;0;1;1
202100028569;150 653;7;0;2;1;13;1
202100028569;150 654;7;0;2;1;21;1
202100028570;150 651;33;0;2;1;13;1
202100028570;150 652;7;0;2;3;1;1
202100028571;150 649;1;0;2;1;1;5
202100028571;150 650;7;0;2;3;1;2
202100028572;150 646;7;0;2;3;5;1
202100028572;150 647;7;0;2;3;1;1
202100028572;150 648;7;0;2;1;1;1
202100028573;150 645;7;2;0;1;1;1
202100028574;150 643;7;0;2;2;13;1
202100028574;150 644;7;0;2;2;1;1
202100028575;150 641;7;0;2;7;15;1
202100028575;150 642;2;0;2;1;1;1
202100028576;150 639;1;0;2;8;26;5
202100028576;150 640;7;0;9;1;1;1
202100028577;150 638;36;6;0;7;1;1
202100028578;150 636;7;0;2;1;15;1
202100028578;150 637;7;0;0;1;1;1
202100028579;150 634;33;0;2;1;1;1
202100028579;150 635;7;0;2;5;19;1
202100028580;150 632;7;0;2;4;23;1
202100028580;150 633;7;14;0;1;2;1
202100028581;150 630;7;0;2;2;15;1
202100028581;150 631;34;0;2;1;1;1
202100028582;150 628;7;8;2;2;2;1
202100028582;150 629;7;14;0;6;2;1
202100028583;150 627;7;6;0;1;0;1
202100028584;150 626;31;13;0;1;19;1
202100028585;150 624;7;7;0;8;19;1
202100028585;150 625;17;0;2;2;1;1
202100028586;150 622;7;0;2;8;23;1
202100028586;150 623;7;0;2;1;1;1
202100028587;150 618;7;0;2;4;2;1
202100028587;150 619;10;0;2;4;2;1
202100028587;150 620;7;0;2;1;1;1
202100028587;150 621;7;0;2;4;0;1
202100028588;150 616;7;1;0;4;23;1
202100028588;150 617;7;0;2;1;26;1
202100028589;150 615;7;4;0;3;2;1
202100028590;150 613;7;0;2;6;1;1
202100028590;150 614;33;0;2;2;1;1
202100028591;150 611;33;0;2;1;11;1
202100028591;150 612;7;0;2;4;1;1
202100028592;150 610;7;4;0;1;1;1
202100028593;150 608;7;0;2;8;13;1
202100028593;150 609;7;0;2;7;1;1
202100028594;150 606;7;0;2;7;1;1
202100028594;150 607;7;0;2;3;11;1
202100028595;150 604;7;4;0;4;21;1
202100028595;150 605;7;0;0;0;0;0
202100028596;150 601;7;0;2;1;1;1
202100028596;150 602;7;0;2;1;1;1
202100028596;150 603;7;0;2;4;1;1
202100028597;150 599;7;0;2;1;1;1
202100028597;150 600;7;0;2;4;1;1
202100028598;150 597;10;0;9;3;1;1
202100028598;150 598;1;0;2;1;5;5
202100028599;150 596;7;0;1;1;1;1
202100028600;150 594;7;0;0;0;0;1
202100028600;150 595;30;0;0;0;0;1
202100028601;150 592;7;0;2;1;26;1
202100028601;150 593;30;0;2;7;1;1
202100028602;150 590;7;0;2;8;15;1
202100028602;150 591;31;0;2;1;17;1
202100028603;150 588;7;0;2;3;9;1
202100028603;150 589;2;0;2;1;1;1
202100028604;150 586;7;0;2;1;1;1
202100028604;150 587;7;0;2;7;1;1
202100028605;150 584;7;4;2;4;2;1
202100028605;150 585;7;0;2;2;2;1
202100028606;150 582;7;0;2;5;12;1
202100028606;150 583;33;0;2;1;1;1
202100028607;150 579;7;14;0;4;23;1
202100028607;150 580;7;0;2;1;2;1
202100028607;150 581;10;0;2;1;2;1
202100028608;150 578;7;0;1;1;17;1
202100028609;150 576;99;0;2;1;1;3
202100028609;150 577;7;0;2;3;16;1
202100028610;150 575;30;0;1;1;1;1
202100028611;150 573;7;0;2;3;1;1
202100028611;150 574;30;0;2;1;5;1
202100028612;150 571;7;0;2;3;15;1
202100028612;150 572;10;0;2;3;15;1
202100028613;150 570;2;0;1;1;1;1
202100028614;150 569;7;1;0;7;1;1
202100028615;150 567;10;0;2;1;1;1
202100028615;150 568;50;0;2;4;1;3
202100028616;150 565;7;0;2;1;1;1
202100028616;150 566;7;0;2;1;15;1
202100028617;150 563;7;0;2;6;15;1
202100028617;150 564;7;0;2;3;1;1
202100028618;150 559;7;0;2;2;15;1
202100028618;150 560;7;0;2;3;0;1
202100028619;150 558;50;0;2;2;2;3
202100028620;150 556;10;0;2;4;2;1
202100028620;150 557;33;0;2;1;2;0
202100028621;150 554;31;0;2;4;1;1
202100028621;150 555;7;0;2;1;1;1
202100028622;150 553;7;13;0;1;0;1
202100028623;150 551;80;0;2;1;1;3
202100028623;150 552;7;0;2;5;16;1
202100028624;150 550;33;14;0;1;14;1
202100028625;150 548;10;0;2;1;9;1
202100028625;150 549;33;0;2;5;1;1
202100028626;150 546;1;0;2;2;9;5
202100028626;150 547;7;0;2;6;9;1
202100028627;150 544;7;0;2;4;23;1
202100028627;150 545;7;0;2;1;2;1
202100028628;150 541;7;0;2;4;23;1
202100028628;150 542;7;0;2;4;23;1
202100028628;150 543;7;0;2;1;2;1
202100028629;150 539;33;0;2;6;1;1
202100028629;150 540;7;0;2;6;10;1
202100028630;150 537;7;0;2;1;1;1
202100028630;150 538;31;0;2;1;1;1
202100028631;150 535;7;0;2;1;1;1
202100028631;150 536;1;0;2;8;19;5
202100028632;150 533;7;0;2;3;16;1
202100028632;150 534;1;0;2;1;1;5
202100028633;150 532;7;1;0;2;14;1
202100028634;150 530;7;0;2;4;26;1
202100028634;150 531;7;0;2;2;26;1
202100028635;150 528;10;1;0;7;1;1
202100028635;150 529;10;0;2;8;24;1
202100028636;150 526;10;0;9;2;9;1
202100028636;150 527;1;0;2;2;9;2
202100028637;150 524;7;0;2;4;2;1
202100028637;150 525;33;0;2;1;2;1
202100028638;150 523;30;0;0;0;1;1
202100028639;150 522;7;0;0;1;9;1
202100028640;150 520;60;5;2;1;9;5
202100028640;150 521;7;12;2;3;9;1
202100028641;150 519;7;3;0;1;9;1
202100028642;150 517;7;0;2;3;15;1
202100028642;150 518;7;0;2;8;1;1
202100028643;150 515;7;1;2;2;1;1
202100028643;150 516;7;6;2;1;1;1
202100028644;150 514;7;8;0;1;1;1
202100028645;150 512;60;0;2;8;19;5
202100028645;150 513;7;0;2;1;1;1
202100028646;150 510;7;0;2;1;15;0
202100028646;150 511;7;0;2;0;0;1
202100028647;150 507;7;0;2;3;1;1
202100028647;150 508;10;13;0;2;1;1
202100028647;150 509;7;0;2;3;13;1
202100028648;150 505;1;0;2;1;1;5
202100028648;150 506;1;0;2;1;1;5
202100028649;150 503;7;0;2;0;0;0
202100028649;150 504;33;0;2;4;1;1
202100028650;150 501;7;0;2;1;12;1
202100028650;150 502;1;0;2;1;8;0
202100028651;150 499;7;0;2;3;1;1
202100028651;150 500;7;0;2;1;0;0
202100028652;150 498;7;6;0;1;26;1
202100028653;150 496;31;0;2;1;1;1
202100028653;150 497;7;0;2;0;10;1
202100028654;150 495;1;0;1;1;25;5
202100028655;150 494;7;0;1;0;0;0
202100028656;150 493;7;1;0;4;4;1
202100028657;150 491;7;0;2;1;1;1
202100028657;150 492;7;0;2;1;5;1
202100028658;150 490;7;0;1;1;1;1
202100028659;150 488;1;0;2;5;1;5
202100028659;150 489;7;0;2;1;9;1
202100028660;150 487;7;4;0;2;1;1
202100028661;150 486;30;0;0;7;26;1
202100028662;150 484;7;0;2;1;2;1
202100028662;150 485;7;0;2;4;1;1
202100028663;150 481;7;0;2;4;2;1
202100028663;150 482;7;0;2;4;1;1
202100028663;150 483;7;0;2;1;2;1
202100028664;150 480;32;9;0;1;1;1
202100028665;150 477;7;0;0;3;0;1
202100028665;150 478;7;0;2;3;0;1
202100028665;150 479;7;0;2;3;0;1
202100028666;150 475;32;0;2;1;1;1
202100028666;150 476;30;0;2;3;9;1
202100028667;150 473;7;0;2;4;4;1
202100028667;150 474;33;0;2;1;26;1