Num_Acc;id_vehicule;catv;obs;obsm;choc;manv;motor
202100029889;148 371;7;5;0;2;1;1
202100029890;148 370;2;0;0;3;1;1
202100029891;148 368;7;0;2;3;1;1
202100029891;148 369;7;0;2;3;13;1
202100029892;148 367;17;0;0;7;2;1
202100029893;148 365;10;0;2;2;19;0
202100029893;148 366;7;13;2;8;1;1
202100029894;148 364;7;2;0;1;1;1
202100029895;148 363;7;4;0;3;9;1
202100029896;148 362;7;3;0;3;14;1
202100029897;148 360;31;0;2;1;1;1
202100029897;148 361;7;0;2;3;9;1
202100029898;148 359;2;12;0;1;1;6
202100029899;148 357;14;6;2;3;1;1
202100029899;148 358;7;0;2;1;1;1
202100029900;148 355;10;0;0;1;2;1
202100029900;148 356;15;0;0;4;2;1
202100029901;148 354;7;7;0;3;13;1
202100029902;148 352;7;0;0;8;1;1
202100029902;148 353;34;0;2;1;2;1
202100029903;148 351;7;0;1;2;1;1
202100029904;148 349;10;0;2;3;15;1
202100029904;148 350;31;0;2;1;1;1
202100029905;148 347;7;0;2;3;1;1
202100029905;148 348;7;0;2;1;13;1
202100029906;148 346;33;7;0;1;13;1
202100029907;148 345;7;12;0;1;1;1
202100029908;148 343;80;0;2;8;15;3
202100029908;148 344;7;0;2;1;1;2
202100029909;148 342;7;2;0;7;0;1
202100029910;148 341;31;3;0;7;17;1
202100029911;148 340;33;6;0;2;1;1
202100029912;148 338;33;0;2;2;17;1
202100029912;148 339;7;0;2;2;1;1
202100029913;148 336;15;0;2;3;1;1
202100029913;148 337;7;0;2;1;13;1
202100029914;148 334;7;0;2;2;1;1
202100029914;148 335;1;0;2;4;1;5
202100029915;148 333;31;3;0;1;1;1
202100029916;148 331;7;0;2;3;13;1
202100029916;148 332;33;0;2;3;0;1
202100029917;148 330;7;13;0;2;1;1
202100029918;148 328;7;0;0;6;1;1
202100029918;148 329;7;0;2;2;17;1
202100029919;148 327;7;6;0;2;15;1
202100029920;148 325;1;0;2;2;1;5
202100029920;148 326;7;0;9;3;9;1
202100029921;148 324;7;13;0;3;1;1
202100029922;148 319;7;0;2;8;23;1
202100029922;148 320;17;1;2;1;1;1
202100029923;148 317;7;0;2;4;1;1
202100029923;148 318;7;0;2;1;1;1
202100029924;148 313;7;4;2;3;2;1
202100029924;148 314;7;4;2;4;2;1
202100029924;148 315;7;4;2;0;2;1
202100029924;148 316;7;4;2;5;2;1
202100029925;148 311;7;0;2;8;11;1
202100029925;148 312;34;0;2;7;1;1
202100029926;148 310;7;0;2;1;14;1
202100029927;148 306;15;0;2;1;2;1
202100029927;148 307;7;0;2;4;2;1
202100029928;148 304;7;0;2;1;2;1
202100029928;148 305;14;0;2;2;12;1
202100029929;148 303;14;0;1;1;2;0
202100029930;148 301;7;0;2;4;2;1
202100029930;148 302;7;0;2;1;2;1
202100029931;148 298;7;0;2;4;2;0
202100029931;148 299;7;0;2;1;2;3
202100029931;148 300;7;0;2;0;0;1
202100029932;148 296;7;0;2;7;12;1
202100029932;148 297;33;0;2;3;3;1
202100029933;148 294;7;1;0;2;21;1
202100029933;148 295;7;0;2;2;1;1
202100029934;148 292;33;0;2;1;21;1
202100029934;148 293;7;0;2;5;2;1
202100029935;148 290;31;0;2;1;2;1
202100029935;148 291;33;0;0;4;2;1
202100029936;148 289;7;0;2;2;9;1
202100029937;148 288;30;0;1;1;1;1
202100029938;148 286;7;0;2;7;2;0
202100029938;148 287;30;0;2;8;2;1
202100029939;148 284;10;0;2;1;1;1
202100029939;148 285;14;1;2;7;1;1
202100029940;148 283;7;0;1;2;1;1
202100029941;148 281;7;1;2;4;24;1
202100029941;148 282;7;0;2;1;20;1
202100029942;148 279;1;0;2;8;13;5
202100029942;148 280;33;0;2;1;1;1
202100029943;148 278;99;0;1;1;0;0
202100029944;148 276;7;0;2;2;15;1
202100029944;148 277;33;0;2;1;17;1
202100029945;148 275;1;0;1;1;1;5
202100029946;148 274;7;8;0;1;1;1
202100029947;148 272;7;12;0;4;0;1
202100029947;148 273;99;0;2;1;26;6
202100029948;148 271;21;0;0;7;26;1
202100029949;148 268;7;0;0;3;13;1
202100029949;148 269;33;0;2;9;1;1
202100029949;148 270;33;0;2;1;1;1
202100029950;148 266;7;0;2;8;15;1
202100029950;148 267;34;0;2;2;2;1
202100029951;148 265;7;4;0;9;1;1
202100029952;148 263;30;0;2;7;17;1
202100029952;148 264;7;0;2;3;15;1
202100029953;148 261;7;0;2;2;15;1
202100029953;148 262;33;0;2;1;1;1
202100029954;148 259;7;0;2;1;1;1
202100029954;148 260;30;0;2;1;13;1
202100029955;148 257;7;0;2;5;23;1
202100029955;148 258;7;0;2;1;16;1
202100029956;148 255;7;0;2;1;1;1
202100029956;148 256;7;0;2;8;1;1
202100029957;148 253;7;0;2;6;15;0
202100029957;148 254;30;0;2;1;2;1
202100029958;148 248;7;0;2;3;9;1
202100029958;148 249;1;0;2;1;1;5
202100029959;148 245;7;0;2;1;1;1
202100029959;148 246;7;0;2;4;1;1
202100029959;148 247;7;0;2;4;1;1
202100029960;148 244;7;0;1;1;1;1
202100029961;148 242;10;0;2;1;2;1
202100029961;148 243;7;0;2;4;2;1
202100029962;148 240;33;0;2;2;1;1
202100029962;148 241;7;0;2;6;11;1
202100029963;148 239;7;1;0;2;1;1
202100029964;148 237;13;0;2;0;0;0
202100029964;148 238;7;0;2;1;0;1
202100029965;148 234;7;0;2;1;12;1
202100029965;148 235;7;0;2;4;23;1
202100029965;148 236;10;0;2;5;23;1
202100029966;148 233;1;0;1;1;0;5
202100029967;148 232;7;0;1;1;1;1
202100029968;148 230;7;0;2;3;15;1
202100029968;148 231;1;0;2;8;1;5
202100029969;148 229;7;9;0;3;26;1
202100029970;148 227;1;0;2;7;1;5
202100029970;148 228;7;0;2;1;26;0
202100029971;148 225;7;0;2;8;23;1
202100029971;148 226;7;0;2;2;2;1
202100029972;148 223;1;0;2;8;9;6
202100029972;148 224;33;0;9;1;1;1
202100029973;148 221;7;8;2;1;1;1
202100029973;148 222;7;0;2;2;1;2
202100029974;148 219;7;0;2;3;1;1
202100029974;148 220;7;0;2;1;1;-1
202100029975;148 217;50;0;9;3;5;3
202100029975;148 218;7;0;9;3;15;1
202100029976;148 214;7;0;2;1;0;1
202100029976;148 215;7;0;2;1;0;1
202100029977;148 212;7;0;2;1;1;1
202100029977;148 213;7;0;2;1;13;1
202100029978;148 210;50;0;2;8;1;3
202100029978;148 211;7;0;9;8;1;1
202100029979;148 207;30;0;0;1;14;3
202100029980;148 206;7;0;1;1;1;1
202100029981;148 205;7;2;0;9;1;1
202100029982;148 203;34;0;2;1;1;1
202100029982;148 204;33;0;2;1;1;1
202100029983;148 201;30;0;2;1;1;1
202100029983;148 202;7;0;2;4;1;3
202100029984;148 200;7;6;0;1;1;1
202100029985;148 198;7;0;2;6;1;1
202100029985;148 199;7;3;2;2;21;1
202100029986;148 196;30;0;2;1;2;1
202100029986;148 197;7;0;2;4;23;1
202100029987;148 194;1;0;2;4;1;5
202100029987;148 195;7;0;2;1;1;1
202100029988;148 192;7;0;2;2;10;1
202100029988;148 193;31;1;2;1;1;1
202100029989;148 189;7;0;2;1;15;1
202100029989;148 190;7;0;2;1;1;1
202100029989;148 191;7;0;2;4;24;1
202100029990;148 188;33;4;0;8;0;1
202100029991;148 186;7;0;2;1;2;1
202100029991;148 187;7;0;2;4;2;1
202100029992;148 184;7;0;2;2;15;1
202100029992;148 185;7;0;2;3;1;1
202100029993;148 182;33;0;2;1;2;1
202100029993;148 183;7;0;2;4;1;1
202100029994;148 180;7;0;2;3;1;1
202100029994;148 181;30;0;2;3;17;1
202100029995;148 178;7;0;2;3;11;1
202100029995;148 179;33;0;2;1;1;1
202100029996;148 176;7;0;2;3;15;1
202100029996;148 177;32;0;2;1;1;1
202100029997;148 175;7;12;0;1;0;1
202100029998;148 173;7;0;2;3;1;1
202100029998;148 174;33;0;2;1;1;1
202100029999;148 171;31;0;2;1;2;1
202100029999;148 172;7;0;2;6;15;1
202100030000;148 169;7;0;2;4;0;1
202100030000;148 170;7;0;2;1;23;1
202100030001;148 167;7;0;2;2;1;1
202100030001;148 168;1;0;2;1;19;5
202100030002;148 166;33;3;0;9;17;1
202100030003;148 164;32;0;2;1;11;1
202100030003;148 165;7;0;2;3;1;1
202100030004;148 163;7;0;1;1;1;1
202100030005;148 160;7;0;2;4;23;1
202100030005;148 161;7;0;2;4;23;1
202100030005;148 162;7;0;2;1;2;1
202100030006;148 158;7;0;2;5;1;1
202100030006;148 159;43;0;2;3;3;1
202100030007;148 156;7;0;2;6;22;1
202100030007;148 157;1;0;2;1;18;5
202100030008;148 154;1;0;2;1;13;5
202100030008;148 155;50;0;2;1;1;3
202100030009;148 152;1;0;2;2;1;5
202100030009;148 153;7;0;2;3;22;1
202100030010;148 150;33;0;2;3;18;1
202100030010;148 151;7;0;2;2;16;2
202100030011;148 148;2;0;2;1;1;1
202100030011;148 149;7;0;2;7;15;1
202100030012;148 146;15;0;2;6;9;1
202100030012;148 147;33;0;2;7;9;1
202100030013;148 144;43;0;2;8;1;1
202100030013;148 145;7;0;2;8;1;0
202100030014;148 142;7;0;2;3;17;1
202100030014;148 143;2;0;2;1;5;1
202100030015;148 140;1;0;2;3;1;5
202100030015;148 141;10;0;2;2;12;1
202100030016;148 138;1;0;2;2;1;5
202100030016;148 139;10;0;2;3;22;1
202100030017;148 136;7;0;2;2;16;1
202100030017;148 137;1;0;2;1;1;5
202100030018;148 134;10;0;2;7;16;1
202100030018;148 135;1;0;2;8;1;5
202100030019;148 132;1;0;2;1;1;5
202100030019;148 133;10;0;2;8;22;1
202100030020;148 130;1;0;2;8;19;5
202100030020;148 131;7;0;2;1;1;3
202100030021;148 128;7;0;2;2;16;1
202100030021;148 129;1;0;2;1;1;5
202100030022;148 126;7;0;2;4;23;1
202100030022;148 127;30;0;2;1;18;1
202100030023;148 123;10;0;2;2;1;1
202100030023;148 124;7;0;2;2;2;2
202100030023;148 125;7;0;2;3;1;1
202100030024;148 121;7;0;2;2;15;1
202100030024;148 122;1;0;2;3;1;5
202100030025;148 120;32;0;1;1;17;1
202100030026;148 119;30;0;2;8;1;1
202100030027;148 117;80;0;2;3;1;3
202100030027;148 118;32;0;2;1;15;1
202100030028;148 115;32;0;2;1;15;1
202100030028;148 116;30;0;2;3;1;1
202100030029;148 113;1;0;2;7;15;5
202100030029;148 114;50;0;2;1;1;3
202100030030;148 111;33;0;2;3;1;1
202100030030;148 112;50;0;2;3;15;3
202100030031;148 110;13;0;1;0;1;1
202100030032;148 108;50;1;0;1;17;3
202100030032;148 109;7;1;0;3;22;1
202100030033;148 107;7;0;1;1;1;1
202100030034;148 105;7;0;2;1;22;1
202100030034;148 106;1;1;0;0;0;5
202100030035;148 100;7;0;2;0;0;1
202100030035;148 101;7;0;2;1;1;1
202100030035;148 102;7;0;2;1;1;1
202100030035;148 103;7;0;2;4;1;1
202100030035;148 104;7;0;2;1;2;1
202100030036;148 098;7;0;2;1;9;1
202100030036;148 099;7;0;2;7;9;2
202100030037;148 096;7;1;0;6;9;1
202100030037;148 097;7;1;0;6;24;1
202100030038;148 094;10;0;2;2;1;1
202100030038;148 095;7;0;2;2;9;1
202100030039;148 092;7;0;2;4;26;1
202100030039;148 093;7;0;2;1;26;1
202100030040;148 090;7;0;2;4;2;1
202100030040;148 091;14;0;2;1;2;1
202100030041;148 088;7;0;2;7;19;2
202100030041;148 089;7;0;2;1;1;2
202100030042;148 086;32;0;2;3;1;1
202100030042;148 087;7;0;2;7;14;1
202100030043;148 084;0;0;2;0;0;0
202100030043;148 085;7;0;2;3;19;1
202100030044;148 081;7;0;2;1;2;1
202100030044;148 082;7;0;2;4;0;1
202100030044;148 083;7;0;2;4;0;1
202100030045;148 079;7;0;2;3;11;1
202100030045;148 080;34;0;2;1;2;1
202100030046;148 077;30;0;2;2;17;1
202100030046;148 078;7;0;2;3;1;1
202100030047;148 075;32;0;2;1;1;1
202100030047;148 076;7;0;2;2;16;1
202100030048;148 073;7;0;2;2;15;1
202100030048;148 074;43;0;2;0;1;1
202100030049;148 071;33;0;2;1;2;1
202100030049;148 072;7;0;2;2;15;1
202100030050;148 069;7;0;2;4;1;1
202100030050;148 070;10;0;2;1;2;1
202100030051;148 067;2;0;2;2;1;1
202100030051;148 068;7;0;2;3;1;1
202100030052;148 065;7;0;2;2;16;1
202100030052;148 066;32;0;2;1;18;1
202100030053;148 064;32;14;0;2;1;1
202100030054;148 063;10;8;0;2;1;1
202100030055;148 061;7;0;2;1;0;1
202100030055;148 062;7;0;2;1;13;1
202100030056;148 058;1;0;2;8;1;5
202100030056;148 059;1;0;2;8;1;5
202100030056;148 060;7;0;9;1;13;1
202100030057;148 056;7;0;2;3;1;1
202100030057;148 057;2;0;2;1;1;1
202100030058;148 055;10;4;0;3;2;1
202100030059;148 054;34;4;0;7;16;1
202100030060;148 052;33;0;2;1;17;1
202100030060;148 053;10;0;2;3;1;1
202100030061;148 051;7;3;9;0;1;1
202100030062;148 049;1;0;5;1;0;5
202100030063;148 047;7;0;0;4;1;1
202100030063;148 048;7;0;2;1;2;1
202100030064;148 045;7;0;0;4;1;1
202100030064;148 046;33;0;2;1;1;1
202100030065;148 043;10;0;2;7;17;1
202100030065;148 044;1;0;2;8;1;5
202100030066;148 042;2;0;0;0;14;1
202100030067;148 040;13;0;0;0;15;1
202100030067;148 041;7;8;0;1;26;6
202100030068;148 038;7;0;2;1;15;1
202100030068;148 039;33;0;2;3;1;1
202100030069;148 037;1;0;0;0;1;0
202100030070;148 035;7;0;2;3;15;1
202100030070;148 036;7;0;2;3;1;2
202100030071;148 033;17;0;2;1;2;1
202100030071;148 034;7;0;0;4;2;1
202100030072;148 032;7;7;0;9;1;0
202100030073;148 030;7;0;2;1;1;1
202100030073;148 031;15;0;2;3;15;1
202100030074;148 029;33;0;1;1;1;1
202100030075;148 027;7;0;2;3;1;1
202100030075;148 028;30;0;2;1;1;1
202100030076;148 025;2;0;2;2;17;1
202100030076;148 026;7;0;2;6;13;1
202100030077;148 023;7;0;2;8;9;1
202100030077;148 024;33;0;2;7;1;1
202100030078;148 021;1;0;2;4;1;5
202100030078;148 022;7;0;2;1;17;0
202100030079;148 018;7;0;9;3;1;0
202100030079;148 019;1;0;2;3;1;5
202100030079;148 020;1;0;9;1;1;5
202100030080;148 016;2;0;2;1;1;1
202100030080;148 017;10;0;2;2;15;1
202100030081;148 014;33;0;2;1;13;1
202100030081;148 015;7;0;2;3;1;1
202100030082;148 012;7;0;2;3;1;1
202100030082;148 013;7;6;2;8;19;1
202100030083;148 011;7;8;0;1;1;1
202100030084;148 008;7;0;2;1;1;1
202100030084;148 009;7;13;2;1;1;1
202100030084;148 010;7;4;2;1;1;1
202100030085;148 003;33;6;0;2;0;1
202100030086;148 001;33;0;2;7;1;1
202100030086;148 002;10;0;2;3;19;1
202100030087;147 999;1;0;2;1;0;5
202100030087;148 000;7;0;9;1;15;1
202100030088;147 998;7;6;9;1;2;1
202100030089;147 996;10;16;2;6;1;1
202100030089;147 997;7;13;2;2;17;1
202100030090;147 994;1;0;0;8;1;5
202100030090;147 995;10;0;9;1;15;1
202100030091;147 992;33;0;2;2;1;1
202100030091;147 993;10;4;2;2;1;1
202100030092;147 991;7;2;0;1;1;1
202100030093;147 988;14;0;2;6;1;1
202100030093;147 989;7;0;2;5;1;1
202100030093;147 990;7;4;2;8;11;1
202100030094;147 986;33;0;0;0;2;1
202100030094;147 987;7;0;2;0;0;0
202100030095;147 985;7;13;0;3;26;1
202100030096;147 983;7;0;2;1;1;1
202100030096;147 984;2;0;0;7;1;1
202100030097;147 980;7;0;2;1;0;1
202100030097;147 981;7;0;2;3;0;1
202100030097;147 982;7;0;2;3;5;1
202100030098;147 979;33;4;0;8;1;1
202100030099;147 977;7;0;0;6;1;1
202100030099;147 978;7;4;2;2;17;1
202100030100;147 976;31;16;0;9;21;1
202100030101;147 972;7;0;2;3;17;1
202100030101;147 973;7;0;2;3;1;1
202100030101;147 974;10;0;2;8;1;1
202100030101;147 975;7;0;2;1;23;1
202100030102;147 971;7;0;1;2;1;1
202100030103;147 969;1;0;2;7;12;5
202100030103;147 970;7;0;2;3;0;1
202100030104;147 968;7;13;0;2;0;1
202100030105;147 967;2;0;0;0;0;1
202100030106;147 966;7;13;0;3;0;1
202100030107;147 964;33;0;2;2;17;1
202100030107;147 965;7;0;9;3;26;1
202100030108;147 962;7;0;2;1;2;1
202100030108;147 963;7;0;2;4;1;1
202100030109;147 958;7;0;2;1;2;1
202100030109;147 959;7;0;2;4;2;1
202100030109;147 960;7;0;2;4;2;1
202100030109;147 961;7;0;2;3;1;2
202100030110;147 956;7;0;2;1;13;1
202100030110;147 957;7;0;2;8;1;1
202100030111;147 954;15;0;2;1;13;1
202100030111;147 955;7;0;2;1;1;1
202100030112;147 953;7;0;1;2;1;1
202100030113;147 951;80;0;2;7;0;3
202100030113;147 952;10;0;9;1;0;1
202100030114;147 950;33;7;0;1;1;1
202100030115;147 948;3;0;2;1;13;1
202100030115;147 949;7;0;2;1;1;1
202100030116;147 946;7;0;0;4;1;1
202100030116;147 947;7;0;2;1;1;1
202100030117;147 944;7;0;2;2;15;1
202100030117;147 945;7;0;2;3;9;1
202100030118;147 942;32;0;2;7;1;1
202100030118;147 943;33;0;2;8;19;1
202100030119;147 940;10;0;2;1;2;1
202100030119;147 941;7;0;2;4;2;1
202100030120;147 938;7;0;2;4;1;1
202100030120;147 939;7;0;2;1;1;1
202100030121;147 937;7;4;0;9;1;1
202100030122;147 935;7;0;2;5;1;1
202100030122;147 936;7;0;2;3;21;1
202100030123;147 933;17;0;2;2;12;1
202100030123;147 934;7;4;2;6;2;1
202100030124;147 931;7;0;2;1;1;1
202100030124;147 932;7;0;2;4;2;1
202100030125;147 929;33;0;2;1;2;1
202100030125;147 930;7;0;2;4;2;1
202100030126;147 927;7;0;2;7;12;1
202100030126;147 928;33;0;2;8;2;1
202100030127;147 926;7;12;0;1;14;1
202100030128;147 924;31;0;2;2;3;1
202100030128;147 925;7;0;2;3;11;1
202100030129;147 922;7;0;2;6;1;1
202100030129;147 923;17;0;2;2;12;1
202100030130;147 920;7;0;2;1;2;1
202100030130;147 921;33;0;2;8;18;1
202100030131;147 918;10;0;2;1;1;1
202100030131;147 919;7;5;2;1;13;1
202100030132;147 916;99;0;2;2;0;0
202100030132;147 917;10;0;2;5;26;1
202100030133;147 914;10;0;2;7;12;1
202100030133;147 915;34;0;2;8;3;1
202100030134;147 912;7;0;2;5;12;1
202100030134;147 913;33;0;2;1;0;1
202100030135;147 908;33;0;2;1;1;1
202100030135;147 909;33;0;2;4;2;1
202100030135;147 910;33;0;2;4;2;1
202100030135;147 911;7;0;2;6;2;1
202100030136;147 906;7;0;2;2;1;1
202100030136;147 907;15;0;2;8;11;1
202100030137;147 904;10;0;2;1;21;1
202100030137;147 905;7;0;2;4;23;1
202100030138;147 902;7;0;2;1;1;1
202100030138;147 903;7;0;2;4;2;1
202100030139;147 900;14;0;2;1;1;1
202100030139;147 901;17;0;2;4;1;1
202100030140;147 898;7;0;1;3;1;1
202100030141;147 897;3;15;1;4;25;1
202100030142;147 896;7;0;1;3;15;1
202100030143;147 895;7;0;1;3;1;1
202100030144;147 890;34;0;2;1;1;1
202100030144;147 891;7;0;2;3;15;1
202100030145;147 888;7;0;2;4;2;1
202100030145;147 889;7;0;2;1;2;1
202100030146;147 886;1;0;2;1;19;5
202100030146;147 887;7;0;9;0;1;1
202100030147;147 884;2;0;2;8;1;1
202100030147;147 885;7;0;2;7;16;1
202100030148;147 883;7;6;0;1;26;1
202100030149;147 881;3;0;9;1;1;1
202100030149;147 882;1;0;2;8;1;0
202100030150;147 880;33;0;0;7;21;1
202100030151;147 878;2;0;2;2;17;1
202100030151;147 879;7;0;2;3;10;1
202100030152;147 875;7;0;2;1;15;1
202100030152;147 876;7;0;2;2;1;1
202100030153;147 873;7;0;2;5;10;1
202100030153;147 874;33;0;2;0;1;1
202100030154;147 868;7;0;1;1;15;1
202100030155;147 866;7;0;2;7;1;1
202100030155;147 867;1;0;2;1;1;5
202100030156;147 864;2;0;2;7;1;1
202100030156;147 865;7;0;2;3;1;1
202100030157;147 862;7;0;2;7;16;1
202100030157;147 863;1;0;2;1;1;5
202100030158;147 860;7;0;2;8;15;1
202100030158;147 861;50;0;2;1;5;3
202100030159;147 859;7;3;0;1;1;1
202100030160;147 857;7;0;1;4;5;1
202100030161;147 855;7;4;2;6;11;1
202100030161;147 856;14;0;2;7;1;1
202100030162;147 854;7;0;1;1;9;1
202100030163;147 851;7;0;2;4;2;1
202100030163;147 852;7;0;2;4;2;1
202100030163;147 853;7;0;2;1;2;1
202100030164;147 849;7;1;2;1;1;1
202100030164;147 850;1;0;2;0;19;0
202100030165;147 848;37;16;0;1;26;1
202100030166;147 846;50;0;2;1;1;3
202100030166;147 847;7;0;2;1;15;1
202100030167;147 844;30;0;2;1;1;3
202100030167;147 845;1;0;2;2;19;5
202100030168;147 842;7;0;2;1;2;1
202100030168;147 843;10;0;2;5;2;1
202100030169;147 841;7;0;1;1;1;3
202100030170;147 840;33;16;0;8;1;1
202100030171;147 838;10;0;2;3;17;1
202100030171;147 839;2;0;2;3;1;1
202100030172;147 836;30;0;2;1;1;1
202100030172;147 837;7;0;2;3;15;1
202100030173;147 834;7;0;2;1;26;1
202100030173;147 835;7;0;2;2;1;1
202100030174;147 832;7;0;2;1;2;1
202100030174;147 833;7;0;2;4;2;1
202100030175;147 830;7;0;2;1;26;1
202100030175;147 831;50;0;2;1;26;3
202100030176;147 828;10;0;2;6;1;1
202100030176;147 829;7;0;2;3;13;1
202100030177;147 826;7;0;2;7;15;1
202100030177;147 827;7;0;2;1;1;1
202100030178;147 825;7;14;0;0;20;1
202100030179;147 824;33;0;0;4;9;1
202100030180;147 822;7;0;2;4;2;2
202100030180;147 823;7;0;2;0;9;1
202100030181;147 821;1;0;2;0;9;5
202100030182;147 819;1;0;2;1;2;5
202100030182;147 820;7;0;2;6;9;1
202100030183;147 818;30;0;0;0;1;1
202100030184;147 816;10;0;2;1;1;1
202100030184;147 817;7;0;2;4;1;3
202100030185;147 814;7;0;2;3;16;1
202100030185;147 815;1;0;2;3;1;5
202100030186;147 812;7;0;2;1;2;1
202100030186;147 813;7;0;2;4;1;1
202100030187;147 810;10;0;2;2;15;1
202100030187;147 811;37;0;2;1;1;1
202100030188;147 808;7;0;2;3;15;1
202100030188;147 809;33;0;2;1;7;1
202100030189;147 806;13;0;2;8;1;1
202100030189;147 807;2;0;2;7;0;1
202100030190;147 804;33;0;2;1;17;1
202100030190;147 805;7;0;2;3;1;1
202100030191;147 803;7;0;1;2;1;1
202100030192;147 802;7;13;0;1;26;1
202100030193;147 800;7;0;2;9;19;1
202100030193;147 801;7;0;2;1;19;1
202100030194;147 799;7;0;1;2;1;1
202100030195;147 797;7;0;2;1;1;1
202100030195;147 798;7;0;2;3;1;1
202100030196;147 795;7;0;2;1;2;1
202100030196;147 796;7;0;2;2;1;1
202100030197;147 792;7;0;2;3;17;1
202100030197;147 793;7;0;2;3;2;1
202100030197;147 794;7;0;2;6;1;1
202100030198;147 791;10;0;1;2;21;1
202100030199;147 789;30;0;2;5;11;1
202100030199;147 790;7;0;2;7;1;1
202100030200;147 786;10;0;2;4;2;0
202100030200;147 787;10;0;2;4;2;0
202100030200;147 788;10;0;2;1;2;1
202100030201;147 784;30;0;0;1;3;1
202100030201;147 785;7;0;2;2;19;1
202100030202;147 782;7;0;2;1;9;3
202100030202;147 783;1;0;2;7;1;5
202100030203;147 780;34;1;0;2;26;0
202100030203;147 781;7;0;2;6;23;1
202100030204;147 778;7;0;2;3;1;1
202100030204;147 779;50;0;2;1;5;3
202100030205;147 777;17;0;1;8;9;1
202100030206;147 775;7;0;2;1;5;1
202100030206;147 776;7;0;2;1;1;1
202100030207;147 773;33;0;2;8;1;1
202100030207;147 774;7;0;2;2;10;1
202100030208;147 771;7;0;2;0;15;6
202100030208;147 772;32;0;2;7;26;1
202100030209;147 769;33;0;2;1;1;1
202100030209;147 770;7;0;2;1;1;1
202100030210;147 767;7;0;2;2;16;0
202100030210;147 768;7;0;2;3;1;0
202100030211;147 765;1;0;2;6;2;5
202100030211;147 766;7;0;2;2;16;0
202100030212;147 763;30;0;2;1;18;1
202100030212;147 764;2;0;2;7;1;1
202100030213;147 761;7;0;2;1;1;1
202100030213;147 762;7;0;2;1;13;1
202100030214;147 759;7;16;0;1;1;1
202100030214;147 760;7;16;0;2;19;1
202100030215;147 757;31;0;2;3;3;1
202100030215;147 758;7;0;2;2;12;1
202100030216;147 755;7;0;2;8;13;1
202100030216;147 756;33;0;2;7;1;3
202100030217;147 753;32;0;2;2;2;1
202100030217;147 754;7;0;2;6;2;1
202100030218;147 750;7;0;2;4;2;2
202100030218;147 751;7;0;2;4;2;1
202100030218;147 752;13;0;2;2;2;1
202100030219;147 747;7;0;2;1;12;1
202100030219;147 748;33;0;2;4;1;1
202100030219;147 749;50;0;2;8;19;3
202100030220;147 745;7;0;2;2;12;1
202100030220;147 746;33;0;2;8;1;1
202100030221;147 743;7;0;2;3;15;1
202100030221;147 744;33;4;2;2;17;1
202100030222;147 742;30;0;1;1;1;1
202100030223;147 741;31;0;2;8;1;1
202100030224;147 739;10;0;2;2;15;1
202100030224;147 740;30;0;2;8;1;1
202100030225;147 737;7;0;2;3;1;1
202100030225;147 738;10;0;2;6;15;1
202100030226;147 735;7;0;2;1;2;1
202100030226;147 736;7;0;2;4;23;1
202100030227;147 733;32;0;2;1;1;1
202100030227;147 734;10;0;2;2;15;0
202100030228;147 731;10;0;2;3;15;1
202100030228;147 732;33;0;2;2;17;1
202100030229;147 729;50;0;2;3;17;3
202100030229;147 730;7;0;2;3;1;1
202100030230;147 728;1;0;1;1;5;5
202100030231;147 727;7;0;1;3;1;2
202100030232;147 724;50;0;2;8;25;3
202100030232;147 725;10;0;2;2;22;1
202100030232;147 726;10;0;2;0;24;1
202100030233;147 722;7;0;2;7;9;1
202100030233;147 723;1;0;2;1;1;5
202100030234;147 720;1;0;2;1;13;5
202100030234;147 721;10;0;2;5;22;1
202100030235;147 718;7;0;2;2;2;1
202100030235;147 719;1;0;2;4;23;5
202100030236;147 716;7;0;2;3;15;1
202100030236;147 717;50;0;2;7;5;3
202100030237;147 714;30;0;2;0;17;1
202100030237;147 715;7;0;2;0;10;1
202100030238;147 712;32;0;2;1;2;1
202100030238;147 713;7;0;2;4;23;1
202100030239;147 711;1;0;0;7;7;5
202100030240;147 709;1;0;2;2;7;5
202100030240;147 710;10;0;2;3;22;1
202100030241;147 708;7;0;1;7;1;1
202100030242;147 707;33;0;1;1;1;3
202100030243;147 706;17;0;1;1;1;1
202100030244;147 704;7;0;2;6;15;1
202100030244;147 705;2;0;2;1;17;1
202100030245;147 702;7;0;2;3;15;1
202100030245;147 703;30;0;2;2;17;3
202100030246;147 701;7;0;1;0;1;1
202100030247;147 699;7;0;2;3;15;1
202100030247;147 700;33;0;2;1;1;1
202100030248;147 697;7;15;2;1;19;1
202100030248;147 698;7;0;2;8;1;1
202100030249;147 696;7;0;1;1;15;1
202100030250;147 694;32;0;2;3;1;1
202100030250;147 695;7;0;2;3;15;1
202100030251;147 692;30;0;2;1;2;1
202100030251;147 693;1;0;2;4;1;5
202100030252;147 690;13;0;2;3;11;1
202100030252;147 691;30;0;2;1;1;1
202100030253;147 688;43;0;2;8;1;1
202100030253;147 689;7;0;2;3;1;0
202100030254;147 686;43;0;2;3;2;1
202100030254;147 687;7;0;2;2;16;1
202100030255;147 684;7;0;2;6;1;2
202100030255;147 685;30;0;2;1;1;1
202100030256;147 683;7;0;1;2;1;2
202100030257;147 681;10;0;2;1;2;0
202100030257;147 682;7;0;2;4;23;1
202100030258;147 679;7;4;0;1;1;1
202100030259;147 677;7;0;9;3;13;1
202100030259;147 678;1;0;2;1;1;5
202100030260;147 675;7;0;2;5;13;1
202100030260;147 676;7;0;2;1;1;1
202100030261;147 673;7;0;2;1;1;1
202100030261;147 674;7;0;2;1;5;1
202100030262;147 672;10;2;0;3;1;1