Num_Acc;id_vehicule;catv;obs;obsm;choc;manv;motor
202100032202;144 200;7;0;2;3;15;1
202100032203;144 198;7;0;1;2;1;1
202100032204;144 197;33;15;0;0;0;0
202100032205;144 195;1;0;0;8;2;5
202100032205;144 196;7;6;0;7;17;1
202100032206;144 194;7;6;0;2;14;1
202100032207;144 192;36;0;2;1;1;1
202100032207;144 193;7;0;2;1;1;1
202100032208;144 190;7;0;2;1;13;1
202100032208;144 191;10;0;2;1;1;1
202100032209;144 188;33;0;2;1;1;1
202100032209;144 189;7;0;2;2;10;1
202100032210;144 186;33;0;2;1;1;1
202100032210;144 187;7;0;2;6;26;1
202100032211;144 185;2;0;0;0;26;1
202100032212;144 183;10;0;2;1;1;1
202100032212;144 184;30;0;2;4;9;1
202100032213;144 182;33;2;0;9;13;1
202100032214;144 180;7;6;0;1;1;1
202100032215;144 178;7;0;2;3;2;2
202100032215;144 179;1;0;2;4;2;5
202100032216;144 175;7;6;2;1;13;1
202100032216;144 176;7;0;2;3;19;0
202100032216;144 177;7;0;0;8;1;1
202100032217;144 172;7;0;2;1;1;1
202100032217;144 173;7;0;2;3;1;1
202100032217;144 174;7;0;2;1;13;1
202100032218;144 171;7;0;0;9;1;1
202100032219;144 169;33;0;2;2;1;1
202100032219;144 170;10;0;2;3;1;1
202100032220;144 166;10;0;2;4;1;1
202100032220;144 167;7;0;2;4;2;1
202100032220;144 168;7;0;2;1;2;1
202100032221;144 164;7;0;2;4;1;1
202100032221;144 165;7;0;2;1;2;1
202100032222;144 162;7;0;2;1;2;1
202100032222;144 163;7;0;2;4;2;1
202100032223;144 160;7;0;2;4;1;0
202100032223;144 161;7;0;2;1;2;1
202100032224;144 159;33;0;0;0;1;1
202100032225;144 158;7;4;0;1;13;1
202100032226;144 156;10;0;2;1;2;1
202100032226;144 157;7;0;2;4;2;1
202100032227;144 154;33;0;2;7;1;1
202100032227;144 155;50;0;2;7;9;3
202100032228;144 151;7;0;2;2;12;1
202100032228;144 152;7;0;2;6;1;1
202100032228;144 153;7;0;2;3;1;1
202100032229;144 150;7;0;0;9;1;1
202100032230;144 149;7;0;0;9;16;1
202100032231;144 148;7;4;0;4;0;1
202100032232;144 147;7;3;0;8;1;1
202100032233;144 146;14;0;1;2;1;1
202100032234;144 145;7;0;1;1;1;3
202100032235;144 144;7;0;1;1;1;1
202100032236;144 142;38;0;1;2;15;1
202100032237;144 140;2;0;2;1;1;1
202100032237;144 141;10;0;2;7;15;1
202100032238;144 138;7;0;2;3;10;1
202100032238;144 139;30;0;2;1;13;1
202100032239;144 136;7;0;2;2;10;1
202100032239;144 137;2;0;2;1;1;1
202100032240;144 135;10;0;1;4;4;1
202100032241;144 133;10;0;2;1;2;1
202100032241;144 134;7;0;2;1;7;1
202100032242;144 132;0;0;0;0;26;0
202100032243;144 130;7;0;2;2;2;1
202100032243;144 131;10;0;2;6;2;1
202100032244;144 128;7;0;2;2;1;1
202100032244;144 129;7;0;2;4;20;1
202100032245;144 127;7;4;0;1;21;1
202100032246;144 124;7;0;2;1;11;1
202100032246;144 125;7;0;0;4;0;1
202100032246;144 126;7;0;0;0;0;1
202100032247;144 122;32;0;2;7;17;1
202100032247;144 123;7;0;2;8;13;0
202100032248;144 121;7;1;0;1;1;1
202100032249;144 117;7;6;0;3;2;0
202100032249;144 118;7;8;2;1;2;0
202100032250;144 115;1;0;0;0;1;0
202100032250;144 116;7;0;2;0;17;0
202100032251;144 113;7;0;1;1;1;1
202100032252;144 112;1;0;1;7;0;5
202100032253;144 110;1;0;2;2;1;6
202100032253;144 111;7;0;2;1;1;0
202100032254;144 109;33;4;0;1;16;1
202100032255;144 108;7;0;1;8;16;1
202100032256;144 107;10;0;1;3;1;1
202100032257;144 105;1;0;2;2;0;0
202100032257;144 106;7;0;2;3;9;1
202100032258;144 103;10;0;2;2;0;1
202100032258;144 104;7;15;2;1;11;1
202100032259;144 102;7;0;1;3;15;1
202100032260;144 100;80;0;2;0;0;3
202100032260;144 101;10;0;2;1;1;1
202100032261;144 098;1;0;2;1;1;5
202100032261;144 099;7;0;2;3;9;2
202100032262;144 096;7;0;2;1;15;1
202100032262;144 097;2;0;2;1;13;1
202100032263;144 094;3;0;2;7;1;0
202100032263;144 095;3;0;2;1;1;0
202100032264;144 092;7;0;2;8;1;1
202100032264;144 093;7;0;2;2;21;1
202100032265;144 089;1;0;0;0;1;5
202100032265;144 090;1;0;2;4;1;5
202100032265;144 091;7;0;2;1;17;1
202100032266;144 086;7;0;2;1;13;1
202100032266;144 087;7;0;2;1;1;1
202100032266;144 088;7;0;2;1;23;1
202100032267;144 084;1;0;2;1;1;5
202100032267;144 085;7;0;2;5;16;1
202100032268;144 082;10;0;1;3;20;1
202100032269;144 080;1;0;2;4;1;5
202100032269;144 081;7;0;2;1;2;1
202100032270;144 078;7;0;2;1;2;1
202100032270;144 079;7;0;2;4;1;1
202100032271;144 076;7;0;2;4;2;1
202100032271;144 077;7;0;2;1;2;1
202100032272;144 074;7;0;2;3;26;1
202100032272;144 075;7;0;2;8;26;1
202100032273;144 072;10;0;2;7;26;1
202100032273;144 073;30;0;2;8;26;1
202100032274;144 070;7;0;2;1;26;1
202100032274;144 071;30;0;2;1;26;1
202100032275;144 068;33;0;2;2;26;1
202100032275;144 069;7;0;2;6;26;1
202100032276;144 067;7;0;1;1;1;1
202100032277;144 066;30;0;1;1;1;1
202100032278;144 065;7;0;1;4;26;1
202100032279;144 063;10;0;2;3;9;1
202100032279;144 064;7;0;2;7;1;1
202100032280;144 061;60;0;2;1;25;5
202100032280;144 062;10;0;2;5;1;1
202100032281;144 058;7;0;2;1;15;1
202100032281;144 059;10;0;2;0;0;1
202100032281;144 060;7;0;2;1;1;1
202100032282;144 056;7;0;2;0;1;1
202100032282;144 057;2;0;2;6;1;1
202100032283;144 054;7;0;2;3;15;1
202100032283;144 055;1;0;2;1;1;5
202100032284;144 052;2;0;2;1;1;1
202100032284;144 053;7;0;2;2;1;1
202100032285;144 050;7;0;2;4;1;1
202100032285;144 051;31;0;2;1;1;1
202100032286;144 049;7;1;0;1;1;1
202100032287;144 047;7;0;2;1;2;1
202100032287;144 048;7;0;2;4;1;1
202100032288;144 045;7;0;2;2;16;1
202100032288;144 046;50;0;2;2;5;3
202100032289;144 043;7;0;2;6;1;1
202100032289;144 044;1;0;2;1;25;5
202100032290;144 042;7;0;1;1;1;0
202100032291;144 040;7;0;9;2;17;1
202100032291;144 041;1;0;0;0;0;0
202100032292;144 038;7;7;2;1;1;1
202100032292;144 039;7;0;2;1;1;1
202100032293;144 037;7;1;0;1;13;1
202100032294;144 035;7;0;2;1;13;1
202100032294;144 036;7;0;2;1;1;1
202100032295;144 031;31;0;2;3;26;1
202100032295;144 032;31;0;2;3;26;1
202100032295;144 033;7;0;2;3;26;1
202100032295;144 034;7;0;2;2;26;1
202100032296;144 029;7;0;2;3;10;0
202100032296;144 030;33;0;2;1;0;0
202100032297;144 027;7;0;2;7;15;1
202100032297;144 028;2;0;2;1;26;0
202100032298;144 025;2;0;2;4;23;1
202100032298;144 026;3;0;2;1;2;1
202100032299;144 023;7;0;2;4;2;1
202100032299;144 024;7;0;2;1;2;1
202100032300;144 021;1;0;2;0;0;5
202100032300;144 022;7;0;2;1;15;1
202100032301;144 019;7;0;2;7;15;1
202100032301;144 020;33;0;2;1;21;1
202100032302;144 017;7;0;2;2;2;2
202100032302;144 018;1;0;2;4;2;0
202100032303;144 016;10;9;0;3;1;1
202100032304;144 014;14;0;2;1;24;1
202100032304;144 015;7;1;0;0;13;1
202100032305;144 013;13;0;1;1;1;1
202100032306;144 012;33;0;6;1;26;1
202100032307;144 009;7;0;2;4;23;2
202100032307;144 010;7;0;2;4;23;1
202100032307;144 011;7;0;2;1;2;1
202100032308;144 007;7;0;2;6;11;1
202100032308;144 008;31;0;2;7;1;1
202100032309;144 005;43;0;2;2;1;1
202100032309;144 006;7;0;2;6;11;1
202100032310;144 003;33;0;2;1;2;1
202100032310;144 004;7;0;2;5;2;1
202100032311;144 002;1;1;0;1;14;5
202100032312;144 000;32;0;2;1;1;0
202100032312;144 001;32;12;2;2;9;1
202100032313;143 999;33;0;0;0;1;1
202100032314;143 997;7;0;2;3;15;1
202100032314;143 998;30;0;2;2;1;1
202100032315;143 995;7;0;2;2;15;1
202100032315;143 996;30;0;2;1;7;1
202100032316;143 994;32;0;1;3;7;1
202100032317;143 992;37;0;2;2;7;1
202100032317;143 993;1;0;2;3;13;5
202100032318;143 990;30;0;2;2;17;1
202100032318;143 991;7;0;2;3;15;1
202100032319;143 988;2;0;2;1;1;1
202100032319;143 989;7;0;2;8;10;1
202100032320;143 986;7;0;2;1;15;0
202100032320;143 987;30;0;2;7;1;1
202100032321;143 984;7;0;2;1;1;2
202100032321;143 985;7;0;2;7;1;2
202100032322;143 983;1;0;1;1;1;5
202100032323;143 982;50;0;0;1;25;3
202100032324;143 980;31;0;2;3;3;1
202100032324;143 981;10;0;2;5;1;1
202100032325;143 978;33;0;2;2;1;1
202100032325;143 979;50;0;2;8;15;3
202100032326;143 976;7;0;2;6;22;1
202100032326;143 977;1;0;2;2;1;5
202100032327;143 973;7;0;2;8;1;2
202100032327;143 974;7;0;2;2;1;2
202100032327;143 975;43;0;2;9;1;1
202100032328;143 970;34;0;2;0;2;1
202100032328;143 971;31;0;2;0;2;1
202100032328;143 972;43;0;2;0;2;1
202100032329;143 969;7;0;1;2;1;0
202100032330;143 968;30;0;0;0;1;1
202100032331;143 967;10;0;1;6;1;1
202100032332;143 965;33;0;2;7;17;1
202100032332;143 966;7;0;2;0;10;1
202100032333;143 963;32;0;2;1;1;1
202100032333;143 964;50;0;2;5;19;3
202100032334;143 961;31;0;2;5;18;1
202100032334;143 962;10;0;2;8;18;1
202100032335;143 959;7;0;2;5;1;1
202100032335;143 960;7;0;2;2;1;1
202100032336;143 957;37;0;2;2;2;1
202100032336;143 958;7;0;2;8;15;1
202100032337;143 956;7;1;0;3;5;1
202100032338;143 954;7;0;2;2;2;1
202100032338;143 955;7;0;2;4;16;0
202100032339;143 952;32;0;2;1;1;3
202100032339;143 953;7;0;2;8;1;1
202100032340;143 951;7;0;1;2;1;1
202100032341;143 950;7;0;1;2;1;1
202100032342;143 948;7;0;0;0;0;1
202100032342;143 949;7;0;2;3;1;1
202100032343;143 947;7;0;1;2;19;1
202100032344;143 945;32;0;2;1;1;1
202100032344;143 946;10;0;2;6;11;1
202100032345;143 944;34;14;0;0;5;1
202100032346;143 942;7;1;0;3;0;1
202100032346;143 943;30;1;2;7;17;1
202100032347;143 941;33;0;1;1;1;1
202100032348;143 939;10;0;2;1;1;1
202100032348;143 940;7;1;0;7;1;1
202100032349;143 938;0;0;1;1;1;0
202100032350;143 936;33;0;2;7;9;6
202100032350;143 937;7;0;2;1;9;1
202100032351;143 935;7;0;1;3;1;1
202100032352;143 933;34;0;9;7;16;1
202100032352;143 934;50;0;2;8;7;3
202100032353;143 931;33;0;2;1;2;1
202100032353;143 932;7;0;2;2;9;1
202100032354;143 929;50;0;2;8;1;3
202100032354;143 930;7;0;2;2;16;1
202100032355;143 928;7;0;1;3;19;1
202100032356;143 926;30;0;2;2;1;3
202100032356;143 927;30;0;2;3;15;1
202100032357;143 924;7;0;2;6;2;1
202100032357;143 925;7;0;2;1;1;1
202100032358;143 922;7;0;2;5;12;1
202100032358;143 923;37;0;2;3;1;1
202100032359;143 921;10;0;1;2;1;1
202100032360;143 919;30;0;2;7;17;1
202100032360;143 920;37;1;2;8;15;1
202100032361;143 918;7;2;0;3;1;1
202100032362;143 916;34;0;2;1;2;1
202100032362;143 917;7;0;0;6;10;1
202100032363;143 915;7;16;0;0;17;1
202100032364;143 914;10;0;1;0;0;1
202100032365;143 912;7;0;9;3;9;1
202100032365;143 913;2;0;0;7;1;0
202100032366;143 911;80;0;0;0;15;3
202100032367;143 909;1;0;2;8;16;5
202100032367;143 910;10;0;9;1;1;1
202100032368;143 908;7;13;0;3;12;1
202100032369;143 905;7;13;0;2;17;1
202100032370;143 902;33;0;2;1;21;1
202100032370;143 903;33;0;2;1;13;1
202100032370;143 904;7;0;2;1;1;1
202100032371;143 900;7;0;2;3;15;0
202100032371;143 901;7;0;2;9;1;0
202100032372;143 899;21;0;1;8;23;6
202100032373;143 898;7;12;0;0;1;1
202100032374;143 897;7;6;0;1;1;1
202100032375;143 896;7;8;0;2;1;1
202100032376;143 895;7;0;0;0;14;1
202100032377;143 892;7;0;2;6;1;1
202100032377;143 893;31;0;2;1;1;1
202100032378;143 891;10;0;6;1;1;1
202100032379;143 890;7;2;0;1;13;1
202100032380;143 888;34;0;2;1;5;1
202100032380;143 889;7;0;2;1;1;1
202100032381;143 887;7;7;0;1;16;1
202100032382;143 886;1;0;5;0;21;5
202100032383;143 885;7;16;0;1;0;1
202100032384;143 883;7;0;2;3;1;1
202100032384;143 884;7;0;2;3;1;1
202100032385;143 881;7;0;2;1;17;1
202100032385;143 882;1;0;0;4;1;5
202100032386;143 880;33;0;6;1;1;1
202100032387;143 879;1;0;0;7;1;5
202100032388;143 877;7;0;2;3;1;1
202100032388;143 878;7;0;2;3;1;1
202100032389;143 876;2;0;0;0;1;1
202100032390;143 874;7;0;2;1;1;1
202100032390;143 875;33;0;2;1;13;1
202100032391;143 873;33;0;0;9;1;1
202100032392;143 872;34;15;0;3;1;1
202100032393;143 871;1;0;0;0;1;5
202100032394;143 870;7;6;0;2;1;0
202100032395;143 868;31;0;0;3;14;1
202100032395;143 869;7;0;0;1;13;1
202100032396;143 865;7;7;2;7;19;1
202100032396;143 866;7;0;2;1;1;1
202100032397;143 864;32;0;0;0;1;1
202100032398;143 862;7;0;2;3;10;1
202100032398;143 863;33;0;2;1;1;1
202100032399;143 860;7;0;2;1;17;1
202100032399;143 861;1;0;2;4;15;5
202100032400;143 858;7;0;2;7;17;1
202100032400;143 859;7;4;2;3;1;1
202100032401;143 857;33;0;0;0;10;1
202100032402;143 855;7;0;2;7;19;1
202100032402;143 856;7;0;2;1;1;1
202100032403;143 853;7;0;2;1;16;1
202100032403;143 854;50;0;0;8;1;3
202100032404;143 851;30;0;2;1;17;1
202100032404;143 852;7;0;0;8;15;1
202100032405;143 849;17;0;2;4;2;1
202100032405;143 850;7;0;2;1;2;1
202100032406;143 848;10;4;0;9;1;1
202100032407;143 846;1;0;2;1;16;5
202100032407;143 847;7;0;9;3;1;1
202100032408;143 844;10;0;0;1;1;1
202100032408;143 845;7;0;2;1;5;1
202100032409;143 842;7;0;2;3;21;1
202100032409;143 843;1;0;2;4;26;5
202100032410;143 840;33;0;2;1;1;1
202100032410;143 841;7;0;2;2;15;1
202100032411;143 838;7;0;2;1;1;1
202100032411;143 839;7;0;2;3;15;1
202100032412;143 837;2;0;0;0;1;1
202100032413;143 836;2;12;0;1;1;1
202100032414;143 835;33;4;0;0;17;1
202100032415;143 833;1;0;2;8;15;5
202100032415;143 834;7;0;9;3;17;0
202100032416;143 830;7;0;2;1;1;1
202100032416;143 831;7;0;0;4;23;1
202100032416;143 832;1;0;2;2;1;5
202100032417;143 828;7;0;2;1;19;1
202100032417;143 829;7;0;2;2;1;1
202100032418;143 827;7;0;1;2;1;1
202100032419;143 825;7;0;2;2;1;1
202100032419;143 826;7;0;2;1;19;1
202100032420;143 824;7;0;0;9;0;1
202100032421;143 823;43;0;0;0;2;1
202100032422;143 821;7;0;2;1;2;1
202100032422;143 822;10;0;2;4;2;1
202100032423;143 819;7;1;0;2;14;1
202100032423;143 820;7;0;2;6;24;1
202100032424;143 816;7;0;2;4;2;1
202100032424;143 817;7;0;2;4;2;1
202100032424;143 818;7;0;2;1;2;1
202100032425;143 815;33;14;0;1;21;1
202100032426;143 813;17;0;2;6;11;1
202100032426;143 814;7;0;2;2;1;1
202100032427;143 811;7;0;2;1;2;1
202100032427;143 812;7;0;2;4;2;1
202100032428;143 808;17;0;2;4;0;1
202100032428;143 809;7;0;2;4;2;1
202100032428;143 810;17;0;2;1;2;1
202100032429;143 806;7;0;2;2;1;1
202100032429;143 807;7;0;2;6;1;1
202100032430;143 804;7;0;2;4;1;1
202100032430;143 805;15;0;0;0;0;0
202100032431;143 802;7;0;2;6;11;1
202100032431;143 803;33;0;2;2;3;1
202100032432;143 800;7;0;2;6;1;0
202100032432;143 801;33;0;2;2;12;1
202100032433;143 799;33;0;0;9;1;1
202100032434;143 798;7;1;0;9;1;1
202100032435;143 796;33;0;2;1;1;1
202100032435;143 797;10;0;2;3;15;1
202100032436;143 795;10;0;1;2;2;1
202100032437;143 793;7;0;2;2;1;1
202100032437;143 794;10;0;2;3;1;1
202100032438;143 792;7;0;1;1;1;1
202100032439;143 791;7;0;1;3;1;1
202100032440;143 789;50;0;2;1;19;3
202100032440;143 790;7;0;2;3;1;1
202100032441;143 787;1;0;2;1;1;5
202100032441;143 788;10;0;9;0;1;1
202100032442;143 785;2;0;2;8;1;1
202100032442;143 786;7;0;2;7;16;1
202100032443;143 784;7;0;1;1;26;1
202100032444;143 783;7;4;0;1;13;1
202100032445;143 782;7;0;1;3;19;1
202100032446;143 780;7;0;2;6;15;1
202100032446;143 781;80;0;2;1;1;3
202100032447;143 779;7;0;1;1;1;1
202100032448;143 777;7;0;2;6;1;1
202100032448;143 778;33;0;2;2;0;1
202100032449;143 776;20;0;1;1;1;0
202100032450;143 775;7;0;1;3;1;1
202100032451;143 774;14;12;0;3;13;1
202100032452;143 772;7;0;2;4;2;1
202100032452;143 773;7;0;2;1;2;1
202100032453;143 768;7;0;2;4;1;1
202100032453;143 769;7;0;2;3;1;2
202100032453;143 770;7;0;2;1;2;1
202100032453;143 771;7;0;2;2;1;1
202100032454;143 766;7;0;2;4;1;1
202100032454;143 767;7;0;2;1;9;1
202100032455;143 764;33;0;2;1;1;1
202100032455;143 765;7;0;2;4;4;1
202100032456;143 762;1;0;2;8;1;5
202100032456;143 763;7;0;2;1;16;1
202100032457;143 761;7;0;1;2;2;1
202100032458;143 760;7;0;1;2;19;1
202100032459;143 759;1;0;1;1;2;5
202100032460;143 758;37;0;1;1;26;2
202100032461;143 756;7;0;2;1;2;1
202100032461;143 757;7;0;2;4;2;1
202100032462;143 754;7;6;0;1;16;1
202100032463;143 752;7;0;2;2;15;1
202100032463;143 753;7;0;2;3;1;1
202100032464;143 750;7;0;2;3;10;1
202100032464;143 751;7;0;2;3;1;0
202100032465;143 749;7;0;1;4;4;1
202100032466;143 746;1;0;2;7;25;5
202100032466;143 747;7;0;2;7;9;1
202100032467;143 741;33;0;2;2;17;1
202100032467;143 742;7;0;2;6;2;1
202100032468;143 737;1;1;0;1;1;5
202100032468;143 738;7;0;2;3;22;1
202100032469;143 735;7;0;2;1;15;1
202100032469;143 736;7;0;2;1;1;1
202100032470;143 733;7;0;2;3;1;1
202100032470;143 734;32;0;2;1;1;1
202100032471;143 731;1;2;4;1;19;5
202100032471;143 732;40;0;2;2;1;3
202100032472;143 730;10;0;1;1;26;1
202100032473;143 728;31;0;2;0;1;1
202100032473;143 729;7;0;2;2;15;1
202100032474;143 725;7;0;2;4;2;1
202100032474;143 726;7;0;2;1;2;1
202100032474;143 727;10;0;2;4;2;1
202100032475;143 724;3;15;0;1;14;0
202100032476;143 722;7;0;0;1;1;1
202100032476;143 723;1;0;2;4;1;5
202100032477;143 720;99;0;2;3;0;3
202100032477;143 721;20;0;0;0;0;0
202100032478;143 719;7;0;2;3;1;1
202100032479;143 717;33;0;2;1;2;1
202100032479;143 718;7;0;2;4;1;1
202100032480;143 716;1;0;1;2;25;5
202100032481;143 711;7;0;9;1;1;1
202100032481;143 712;1;0;2;8;9;6
202100032482;143 709;7;0;2;3;10;1
202100032482;143 710;31;0;2;9;1;1
202100032483;143 705;7;0;2;8;1;1
202100032483;143 706;2;0;2;1;1;1
202100032484;143 704;7;0;1;2;1;1
202100032485;143 702;7;0;2;1;15;1
202100032485;143 703;7;0;2;1;1;1
202100032486;143 701;7;0;1;3;15;1
202100032487;143 700;7;14;0;1;13;1
202100032488;143 698;10;0;2;2;15;1
202100032488;143 699;34;0;2;1;1;1
202100032489;143 696;30;0;2;7;19;1
202100032489;143 697;7;0;2;1;1;1
202100032490;143 693;32;0;1;1;1;1
202100032491;143 691;10;0;2;3;9;1
202100032491;143 692;7;0;2;1;1;1
202100032492;143 689;33;0;2;1;18;1
202100032492;143 690;17;0;2;2;16;1
202100032493;143 688;7;0;1;4;4;1
202100032494;143 686;30;0;2;3;1;1
202100032494;143 687;7;0;2;3;13;1
202100032495;143 684;1;0;2;1;1;5
202100032495;143 685;7;0;2;7;26;1
202100032496;143 682;33;0;2;1;0;1
202100032496;143 683;7;0;2;3;1;1
202100032497;143 680;1;0;2;6;19;5
202100032497;143 681;7;0;2;1;1;1
202100032498;143 678;1;0;2;8;0;5
202100032498;143 679;7;0;2;1;19;1
202100032499;143 676;7;0;2;3;9;1
202100032499;143 677;1;0;2;7;2;5
202100032500;143 671;7;0;2;3;9;1
202100032500;143 672;7;0;0;3;19;1
202100032501;143 670;7;0;1;3;1;1
202100032502;143 668;7;0;2;4;1;1
202100032502;143 669;7;0;2;1;2;1
202100032503;143 667;7;0;9;3;17;1
202100032504;143 664;31;0;2;1;1;1
202100032504;143 665;7;0;2;8;19;1
202100032505;143 663;10;0;1;5;16;1
202100032506;143 662;30;0;1;1;17;1
202100032507;143 660;30;0;2;2;3;3
202100032507;143 661;7;0;2;3;15;1
202100032508;143 659;1;0;0;0;21;5
202100032509;143 657;10;0;2;2;15;1
202100032509;143 658;43;0;2;3;1;1
202100032510;143 656;30;0;1;1;16;1
202100032511;143 654;7;0;2;5;16;1
202100032511;143 655;1;0;2;6;7;5
202100032512;143 652;33;0;2;2;15;1
202100032512;143 653;7;0;2;6;15;1
202100032513;143 650;7;0;2;4;1;2
202100032513;143 651;33;0;2;1;1;1
202100032514;143 647;14;0;2;4;23;1
202100032514;143 648;30;0;2;4;23;1
202100032514;143 649;10;0;2;1;1;1
202100032515;143 645;33;0;2;1;2;1
202100032515;143 646;7;0;2;4;2;1
202100032516;143 643;32;0;2;1;1;1
202100032516;143 644;50;0;2;2;19;3
202100032517;143 641;1;0;2;2;17;5
202100032517;143 642;1;0;2;3;13;5
202100032518;143 640;34;14;0;1;14;1
202100032519;143 638;1;0;2;1;1;5
202100032519;143 639;1;0;2;0;10;5
202100032520;143 636;43;0;2;1;1;1
202100032520;143 637;1;0;2;4;1;5
202100032521;143 634;31;0;2;1;1;1
202100032521;143 635;7;0;2;4;18;1
202100032522;143 633;7;0;1;3;1;2
202100032523;143 631;7;0;2;5;16;1
202100032523;143 632;33;0;2;3;18;1
202100032524;143 630;50;8;0;1;1;3
202100032525;143 629;7;0;1;5;4;1
202100032526;143 627;7;0;2;3;19;1
202100032526;143 628;1;0;0;0;0;5
202100032527;143 626;7;0;2;2;1;1
202100032528;143 625;7;0;1;3;1;1
202100032529;143 624;50;0;1;1;3;3
202100032530;143 622;7;1;0;1;14;2
202100032530;143 623;7;0;0;4;23;1
202100032531;143 621;32;0;1;0;26;0
202100032532;143 620;7;1;1;1;26;1
202100032533;143 618;30;0;0;0;0;1
202100032533;143 619;7;0;0;0;0;1
202100032534;143 616;7;0;2;3;2;1
202100032534;143 617;50;0;2;0;0;3
202100032535;143 614;50;0;2;1;1;3
202100032535;143 615;7;0;2;7;20;1
202100032536;143 612;30;0;1;1;1;0
202100032536;143 613;50;0;2;8;19;3
202100032537;143 611;7;0;1;3;21;1
202100032538;143 609;32;0;2;3;26;1
202100032538;143 610;50;0;2;1;25;3
202100032539;143 606;10;0;2;1;26;1
202100032539;143 607;13;0;2;0;0;0
202100032539;143 608;7;0;2;4;26;1
202100032540;143 604;7;0;2;1;17;1
202100032540;143 605;1;0;2;8;19;0
202100032541;143 602;32;0;2;8;1;1
202100032541;143 603;15;0;2;5;1;1
202100032542;143 600;2;0;2;3;1;1
202100032542;143 601;7;0;2;2;15;1
202100032543;143 598;7;0;2;3;1;1
202100032543;143 599;7;0;2;3;1;1
202100032544;143 596;33;0;2;7;1;1
202100032544;143 597;7;0;2;1;19;1
202100032545;143 595;2;0;0;0;1;1
202100032546;143 593;1;3;0;0;1;5
202100032546;143 594;15;0;0;0;1;1
202100032547;143 590;7;1;0;2;2;1
202100032547;143 591;7;1;0;0;2;1
202100032548;143 588;15;0;0;6;0;1
202100032548;143 589;10;0;2;2;1;1
202100032549;143 587;2;0;0;0;2;1
202100032550;143 586;10;0;1;2;1;1
202100032551;143 585;10;13;0;2;1;1
202100032552;143 583;33;0;2;7;2;1
202100032552;143 584;7;0;2;6;26;1
202100032553;143 580;7;11;0;1;1;1
202100032554;143 579;33;7;0;1;1;1
202100032555;143 578;2;2;0;0;0;1
202100032556;143 577;32;0;0;0;0;1
202100032557;143 575;7;0;2;2;17;3
202100032557;143 576;7;0;2;3;15;1
202100032558;143 571;7;0;2;1;1;1
202100032558;143 572;7;8;2;7;19;1
202100032559;143 570;33;0;0;3;1;1
202100032560;143 569;7;8;0;2;1;1
202100032561;143 567;13;0;2;2;15;1
202100032561;143 568;7;0;2;3;1;1
202100032562;143 565;7;0;2;3;22;1
202100032562;143 566;80;1;0;1;22;3
202100032563;143 564;33;0;6;1;2;1
202100032564;143 562;7;0;2;3;1;1
202100032564;143 563;7;0;2;3;13;1
202100032565;143 560;10;0;2;5;19;1
202100032565;143 561;33;0;2;8;1;1
202100032566;143 558;7;0;2;1;5;1
202100032566;143 559;10;0;2;1;1;1
202100032567;143 556;7;0;0;2;1;1
202100032567;143 557;1;0;2;2;9;5
202100032568;143 555;7;0;1;0;0;1
202100032569;143 553;31;0;2;1;13;1
202100032569;143 554;7;0;2;1;1;1
202100032570;143 551;7;0;9;8;9;1
202100032570;143 552;1;0;2;1;26;5
202100032571;143 549;7;0;2;2;2;1
202100032571;143 550;33;0;2;4;2;1
202100032572;143 547;10;0;2;3;5;1
202100032572;143 548;7;0;2;3;1;1
202100032573;143 545;7;0;2;2;1;1
202100032573;143 546;10;3;0;5;0;1
202100032574;143 544;17;0;0;0;0;1
202100032575;143 543;7;6;0;3;13;1
202100032576;143 542;7;13;0;1;1;1
202100032577;143 541;7;13;0;7;1;1
202100032578;143 539;7;0;0;0;15;1
202100032578;143 540;33;0;0;0;17;1
202100032579;143 538;7;8;0;1;13;1
202100032580;143 537;7;0;1;3;1;1
202100032581;143 535;7;0;2;1;1;1
202100032581;143 536;2;0;2;3;1;1
202100032582;143 533;2;0;2;3;1;1
202100032582;143 534;7;0;2;3;1;1
202100032583;143 531;7;0;9;1;1;0
202100032583;143 532;2;0;2;8;19;1
202100032584;143 529;7;0;2;8;15;1
202100032584;143 530;33;0;2;0;15;1
202100032585;143 527;33;0;2;1;1;1
202100032585;143 528;10;0;2;3;19;1
202100032586;143 525;33;0;2;1;21;1
202100032586;143 526;15;0;0;6;26;1
202100032587;143 524;2;6;0;1;1;1
202100032588;143 523;7;0;1;3;26;1
202100032589;143 521;7;0;0;4;1;1
202100032589;143 522;7;0;2;1;1;1
202100032590;143 519;7;0;2;2;9;1
202100032590;143 520;7;7;2;1;2;1
202100032591;143 518;20;0;1;8;26;0
202100032592;143 516;7;0;2;2;15;1
202100032592;143 517;33;0;2;1;1;0
202100032593;143 515;7;0;0;0;14;1
202100032594;143 514;17;0;1;0;0;1
202100032595;143 512;10;3;2;8;1;1
202100032595;143 513;7;17;0;3;1;1
202100032596;143 509;7;0;2;0;0;1
202100032596;143 510;7;0;2;7;1;1
202100032596;143 511;15;0;0;8;1;1
202100032597;143 507;7;0;0;4;2;1
202100032597;143 508;7;0;2;1;2;1
202100032598;143 504;10;0;2;1;2;1
202100032598;143 505;10;0;2;4;23;1
202100032598;143 506;17;0;0;4;23;1
202100032599;143 502;7;0;2;1;1;1
202100032599;143 503;1;0;2;8;19;5
202100032600;143 500;7;0;2;1;1;1
202100032600;143 501;7;0;2;3;1;1
202100032601;143 498;7;6;2;2;26;1
202100032601;143 499;7;0;2;1;1;1
202100032602;143 497;2;0;0;0;0;0
202100032603;143 496;7;13;9;9;1;1
202100032604;143 495;33;7;0;1;1;1