Num_Acc;id_vehicule;catv;obs;obsm;choc;manv;motor
202100032605;143 494;33;10;0;1;1;1
202100032606;143 493;33;6;0;1;0;1
202100032607;143 491;7;0;2;1;15;1
202100032607;143 492;2;0;2;2;17;1
202100032608;143 490;7;15;0;2;1;1
202100032609;143 488;2;0;0;8;1;1
202100032609;143 489;7;0;0;0;17;2
202100032610;143 486;7;0;2;7;1;1
202100032610;143 487;7;0;2;1;1;1
202100032611;143 484;7;0;2;1;2;1
202100032611;143 485;1;0;0;4;1;5
202100032612;143 482;17;7;2;1;1;1
202100032612;143 483;7;0;2;1;13;1
202100032613;143 477;7;0;2;4;1;1
202100032613;143 478;7;0;2;6;1;1
202100032613;143 479;7;0;2;2;2;1
202100032614;143 473;7;0;2;4;1;1
202100032614;143 474;7;0;2;4;1;1
202100032614;143 475;7;0;2;4;1;1
202100032614;143 476;10;0;2;1;1;1
202100032615;143 472;7;3;0;3;1;1
202100032616;143 470;7;0;2;6;1;1
202100032616;143 471;7;0;2;2;12;1
202100032617;143 469;7;0;0;0;2;1
202100032618;143 465;7;0;2;7;14;1
202100032618;143 466;33;0;2;7;1;1
202100032618;143 467;7;0;2;6;2;1
202100032618;143 468;7;0;2;7;2;1
202100032619;143 463;7;0;2;8;11;1
202100032619;143 464;43;0;2;7;1;1
202100032620;143 457;7;0;2;1;2;0
202100032620;143 458;10;0;2;1;2;1
202100032620;143 459;10;0;2;1;2;1
202100032620;143 460;7;0;2;1;2;1
202100032620;143 461;7;0;2;1;2;1
202100032620;143 462;10;0;2;1;2;1
202100032621;143 454;0;0;1;0;26;0
202100032621;143 455;7;14;0;1;9;2
202100032621;143 456;7;14;0;1;9;1
202100032622;143 452;34;0;2;0;0;1
202100032622;143 453;7;0;2;0;2;1
202100032623;143 449;7;0;2;4;0;3
202100032623;143 450;15;0;2;1;0;1
202100032623;143 451;7;0;2;4;26;1
202100032624;143 447;7;0;2;3;2;1
202100032624;143 448;33;0;2;7;2;1
202100032625;143 446;7;9;0;1;12;1
202100032626;143 444;14;0;2;1;2;1
202100032626;143 445;7;0;2;4;2;1
202100032627;143 441;7;0;2;2;16;1
202100032627;143 442;31;0;2;8;3;1
202100032627;143 443;7;0;2;3;1;1
202100032628;143 440;33;0;0;8;26;1
202100032629;143 438;7;0;2;3;1;1
202100032629;143 439;7;0;2;8;5;1
202100032630;143 437;30;0;1;1;1;1
202100032631;143 436;10;0;1;1;1;1
202100032632;143 435;7;0;1;4;20;0
202100032633;143 434;7;0;1;1;1;1
202100032634;143 432;10;0;2;1;13;1
202100032634;143 433;7;0;2;1;1;1
202100032635;143 430;7;0;2;4;2;1
202100032635;143 431;7;0;2;1;2;1
202100032636;143 428;33;0;2;1;21;0
202100032636;143 429;7;0;2;1;15;1
202100032637;143 426;1;0;2;4;2;0
202100032637;143 427;7;0;2;1;16;1
202100032638;143 424;7;0;0;1;1;1
202100032638;143 425;1;0;2;7;5;5
202100032639;143 423;7;14;0;1;26;1
202100032640;143 422;99;0;0;8;25;5
202100032641;143 421;50;0;1;3;1;3
202100032642;143 419;7;0;2;2;1;1
202100032642;143 420;30;0;2;2;9;1
202100032643;143 418;7;0;1;1;16;1
202100032644;143 417;17;4;0;9;13;1
202100032645;143 415;7;0;2;8;1;1
202100032645;143 416;7;8;2;1;1;1
202100032646;143 413;7;0;2;6;19;1
202100032646;143 414;7;0;2;1;1;1
202100032647;143 412;7;0;0;9;1;1
202100032648;143 410;50;0;2;1;1;3
202100032648;143 411;7;0;2;4;1;1
202100032649;143 408;7;0;2;7;15;1
202100032649;143 409;7;0;2;3;1;1
202100032650;143 407;7;0;0;1;15;1
202100032651;143 405;7;0;2;4;1;1
202100032651;143 406;7;0;2;1;1;1
202100032652;143 404;7;0;1;3;1;1
202100032653;143 400;33;0;2;4;2;1
202100032653;143 401;7;0;2;2;1;1
202100032654;143 398;7;0;2;0;0;0
202100032654;143 399;33;0;2;4;2;1
202100032655;143 396;1;0;2;8;2;5
202100032655;143 397;10;0;2;7;2;1
202100032656;143 394;7;0;2;1;19;1
202100032656;143 395;7;0;2;1;1;1
202100032657;143 392;10;0;2;3;1;1
202100032657;143 393;7;0;2;3;15;1
202100032658;143 391;7;0;1;7;21;1
202100032659;143 389;7;8;4;3;13;1
202100032659;143 390;40;0;2;8;1;3
202100032660;143 388;32;0;9;8;15;1
202100032661;143 386;7;0;2;3;15;1
202100032661;143 387;7;0;2;3;1;1
202100032662;143 385;7;0;1;2;1;1
202100032663;143 383;7;0;2;3;15;1
202100032663;143 384;2;0;2;1;1;1
202100032664;143 380;7;0;2;6;16;1
202100032664;143 381;7;0;2;2;1;1
202100032665;143 378;7;0;2;8;1;1
202100032665;143 379;2;0;2;1;1;1
202100032666;143 377;15;0;1;5;16;0
202100032667;143 371;7;3;0;1;13;1
202100032668;143 370;32;0;0;8;26;1
202100032669;143 369;10;9;1;1;14;1
202100032670;143 367;7;0;2;2;15;1
202100032670;143 368;7;0;2;3;1;1
202100032671;143 365;7;0;2;3;15;1
202100032671;143 366;32;0;2;1;17;1
202100032672;143 364;10;0;1;4;20;1
202100032673;143 363;7;13;0;1;1;1
202100032674;143 361;7;0;2;2;1;1
202100032674;143 362;7;0;2;1;9;1
202100032675;143 360;7;0;1;1;2;1
202100032676;143 358;7;0;2;0;1;1
202100032676;143 359;1;0;2;0;1;5
202100032677;143 356;7;0;2;8;10;1
202100032677;143 357;33;0;2;1;1;1
202100032678;143 355;7;0;1;1;1;1
202100032679;143 354;7;2;0;3;13;1
202100032680;143 352;7;0;2;8;9;1
202100032680;143 353;30;0;0;0;0;1
202100032681;143 351;7;0;1;0;0;2
202100032682;143 349;7;0;2;5;17;1
202100032682;143 350;31;0;2;1;1;1
202100032683;143 347;10;9;0;1;26;0
202100032683;143 348;7;0;2;0;23;1
202100032684;143 345;7;0;2;1;17;1
202100032684;143 346;10;0;2;3;15;1
202100032685;143 343;30;0;2;2;15;1
202100032685;143 344;33;0;2;1;1;1
202100032686;143 342;32;4;0;1;0;1
202100032687;143 340;7;0;2;1;1;1
202100032687;143 341;34;0;2;4;9;1
202100032688;143 338;7;0;2;4;26;1
202100032688;143 339;7;0;2;1;16;1
202100032689;143 337;50;0;0;9;1;3
202100032690;143 336;7;0;1;1;1;1
202100032691;143 334;32;0;2;2;3;1
202100032691;143 335;7;0;2;3;11;1
202100032692;143 332;32;0;2;2;1;1
202100032692;143 333;7;0;2;6;11;2
202100032693;143 330;7;0;2;8;13;1
202100032693;143 331;43;0;2;2;3;1
202100032694;143 327;7;0;2;1;2;1
202100032694;143 328;7;0;2;4;2;1
202100032694;143 329;7;0;2;4;2;1
202100032695;143 325;43;0;2;5;2;1
202100032695;143 326;30;0;2;2;2;1
202100032696;143 324;32;0;1;1;25;1
202100032697;143 322;7;0;2;3;22;1
202100032697;143 323;50;0;2;1;1;3
202100032698;143 320;1;0;2;1;2;5
202100032698;143 321;10;0;2;4;23;1
202100032699;143 318;7;0;2;1;1;1
202100032699;143 319;43;0;2;4;23;1
202100032700;143 316;7;0;2;7;1;1
202100032700;143 317;80;0;2;1;1;3
202100032701;143 314;1;0;2;1;1;5
202100032701;143 315;14;0;2;7;16;1
202100032702;143 312;30;0;2;1;1;1
202100032702;143 313;7;0;2;2;1;1
202100032703;143 310;1;0;2;1;1;5
202100032703;143 311;7;0;2;4;23;1
202100032704;143 308;7;0;2;3;15;1
202100032704;143 309;31;0;2;2;1;1
202100032705;143 307;50;0;0;0;21;3
202100032706;143 305;1;0;2;2;15;5
202100032706;143 306;33;0;2;3;1;1
202100032707;143 304;80;12;0;7;14;3
202100032708;143 302;10;0;2;2;17;3
202100032708;143 303;50;0;2;8;2;3
202100032709;143 300;99;0;2;3;10;3
202100032709;143 301;7;0;2;1;26;1
202100032710;143 298;7;0;2;1;1;1
202100032710;143 299;7;0;2;2;9;1
202100032711;143 297;7;1;0;3;1;1
202100032712;143 296;7;0;1;2;26;0
202100032713;143 294;7;0;2;4;7;1
202100032713;143 295;37;0;2;1;2;1
202100032714;143 292;7;0;2;1;2;1
202100032714;143 293;7;0;2;4;2;1
202100032715;143 291;7;9;0;1;1;1
202100032716;143 289;1;0;2;8;1;5
202100032716;143 290;7;0;9;2;1;1
202100032717;143 287;7;0;2;3;15;1
202100032717;143 288;34;0;2;2;17;1
202100032718;143 285;7;0;0;3;15;1
202100032718;143 286;30;0;2;1;17;1
202100032719;143 283;7;0;0;2;1;1
202100032719;143 284;7;0;0;2;1;1
202100032720;143 282;10;9;0;3;1;1
202100032721;143 281;32;1;0;8;13;1
202100032722;143 279;7;0;2;2;14;1
202100032722;143 280;30;0;2;6;0;1
202100032723;143 277;16;0;2;3;1;1
202100032723;143 278;37;0;2;5;15;1
202100032724;143 276;1;0;1;1;1;5
202100032725;143 275;7;9;0;1;0;1
202100032726;143 273;31;0;2;7;17;1
202100032726;143 274;7;0;2;3;15;1
202100032727;143 271;7;0;2;5;16;1
202100032727;143 272;2;0;2;3;18;3
202100032728;143 269;32;0;2;9;21;1
202100032728;143 270;14;0;2;1;13;1
202100032729;143 267;7;0;2;0;13;0
202100032729;143 268;33;13;0;0;1;1
202100032730;143 266;7;8;0;3;13;1
202100032731;143 264;7;15;0;0;0;1
202100032732;143 263;7;8;0;7;1;1
202100032733;143 261;7;0;2;3;1;1
202100032733;143 262;14;0;2;3;1;1
202100032734;143 260;31;4;0;0;2;1
202100032735;143 258;7;0;2;1;13;1
202100032735;143 259;15;5;2;3;1;1
202100032736;143 256;33;0;2;1;2;1
202100032736;143 257;7;0;2;4;2;1
202100032737;143 254;30;0;2;6;0;1
202100032737;143 255;7;13;2;3;0;1
202100032738;143 253;7;0;0;0;1;1
202100032739;143 251;10;0;2;1;1;1
202100032739;143 252;33;0;2;1;13;1
202100032740;143 248;17;0;2;1;1;1
202100032740;143 249;7;16;2;4;15;1
202100032740;143 250;7;0;2;1;1;1
202100032741;143 247;33;15;0;1;1;1
202100032742;143 244;7;0;2;3;1;1
202100032742;143 245;7;0;2;8;1;1
202100032742;143 246;7;0;2;3;13;1
202100032743;143 243;33;6;0;1;1;1
202100032744;143 242;7;6;0;1;1;1
202100032745;143 241;7;6;0;1;13;1
202100032746;143 239;14;0;2;1;1;1
202100032746;143 240;33;1;0;6;1;1
202100032747;143 237;3;0;2;3;13;1
202100032747;143 238;7;0;2;3;1;1
202100032748;143 234;10;0;2;8;23;1
202100032748;143 235;7;0;2;1;1;1
202100032748;143 236;2;0;2;1;6;1
202100032749;143 232;1;0;2;1;0;5
202100032749;143 233;7;0;9;2;15;1
202100032750;143 231;1;0;0;0;2;5
202100032751;143 230;7;0;0;9;15;1
202100032752;143 228;15;0;2;8;1;1
202100032752;143 229;7;0;2;3;13;1
202100032753;143 227;7;1;0;1;1;1
202100032754;143 226;7;13;0;3;13;1
202100032755;143 224;7;0;0;3;1;1
202100032755;143 225;2;0;2;1;1;1
202100032756;143 222;10;0;9;1;17;1
202100032756;143 223;1;0;2;4;1;5
202100032757;143 221;7;0;1;2;1;1
202100032758;143 218;7;6;0;1;1;1
202100032759;143 217;7;8;0;1;1;1
202100032760;143 215;14;0;2;3;21;1
202100032760;143 216;33;0;2;8;21;1
202100032761;143 213;80;0;2;0;13;3
202100032761;143 214;10;0;2;7;17;1
202100032762;143 211;30;0;2;7;1;1
202100032762;143 212;15;0;2;7;17;1
202100032763;143 210;33;13;0;1;1;1
202100032764;143 209;7;13;0;7;0;1
202100032765;143 207;7;0;2;3;1;1
202100032765;143 208;7;0;2;3;13;1
202100032766;143 205;3;0;2;1;17;1
202100032766;143 206;10;0;2;3;10;1
202100032767;143 203;7;0;2;7;19;1
202100032767;143 204;3;0;2;1;1;1
202100032768;143 202;2;0;0;8;15;1
202100032769;143 201;7;0;0;0;14;1
202100032770;143 199;17;0;2;2;14;1
202100032770;143 200;14;3;0;6;23;1
202100032771;143 197;7;0;2;1;17;1
202100032771;143 198;2;0;2;4;15;1
202100032772;143 196;7;13;9;1;21;1
202100032773;143 194;7;0;0;3;15;1
202100032773;143 195;2;0;0;2;1;1
202100032774;143 192;10;0;0;5;11;1
202100032774;143 193;33;0;2;1;3;1
202100032775;143 190;33;4;0;3;6;1
202100032775;143 191;7;0;0;0;12;1
202100032776;143 187;10;0;2;4;1;1
202100032776;143 188;7;1;2;1;3;1
202100032776;143 189;10;0;2;6;23;1
202100032777;143 185;31;0;2;7;1;1
202100032777;143 186;7;0;2;3;15;1
202100032778;143 184;7;0;1;1;1;1
202100032779;143 183;60;0;0;0;5;5
202100032780;143 181;7;0;2;3;1;1
202100032780;143 182;7;0;2;3;17;1
202100032781;143 180;7;0;1;7;1;1
202100032782;143 179;33;5;0;7;15;1
202100032783;143 177;7;0;2;1;1;1
202100032783;143 178;7;0;2;1;13;1
202100032784;143 175;33;0;2;1;17;1
202100032784;143 176;21;0;0;8;15;1
202100032785;143 173;7;0;2;3;9;1
202100032785;143 174;2;0;2;1;1;1
202100032786;143 171;7;0;2;7;1;1
202100032786;143 172;7;0;2;2;1;1
202100032787;143 169;33;10;0;0;0;1
202100032787;143 170;33;0;0;0;0;1
202100032788;143 167;7;0;2;7;15;1
202100032788;143 168;1;0;2;1;1;5
202100032789;143 165;7;0;2;3;1;1
202100032789;143 166;7;0;2;3;13;1
202100032790;143 164;1;0;0;0;0;5
202100032791;143 162;7;0;9;0;2;1
202100032791;143 163;1;0;2;8;2;5
202100032792;143 161;7;1;0;1;1;1
202100032793;143 159;7;0;2;2;5;1
202100032793;143 160;15;0;2;2;21;1
202100032794;143 158;32;3;0;2;1;1
202100032795;143 157;33;13;0;1;1;1
202100032796;143 155;7;0;2;4;2;1
202100032796;143 156;15;0;2;1;2;1
202100032797;143 154;7;4;0;7;14;1
202100032798;143 149;7;0;2;4;2;3
202100032798;143 150;7;0;2;7;0;1
202100032798;143 151;7;0;2;7;2;1
202100032798;143 152;7;0;2;4;2;1
202100032798;143 153;10;0;2;1;2;1
202100032799;143 147;7;0;2;2;1;1
202100032799;143 148;7;0;2;6;11;1
202100032800;143 145;17;0;2;6;1;1
202100032800;143 146;7;0;2;2;14;1
202100032801;143 144;7;3;0;2;21;1
202100032802;143 142;43;0;2;4;11;1
202100032802;143 143;7;0;2;1;12;1
202100032803;143 140;7;0;2;2;1;1
202100032803;143 141;2;0;2;3;15;1
202100032804;143 138;20;0;2;4;23;1
202100032804;143 139;20;0;2;1;0;1
202100032805;143 137;30;0;1;1;17;1
202100032806;143 136;3;0;1;1;1;1
202100032807;143 134;7;1;0;0;2;0
202100032807;143 135;7;0;2;0;1;0
202100032808;143 133;10;0;1;3;1;1
202100032809;143 131;10;0;2;3;1;1
202100032809;143 132;7;0;2;6;15;1
202100032810;143 129;7;0;2;3;9;1
202100032810;143 130;30;0;2;1;1;1
202100032811;143 128;31;0;1;1;1;1
202100032812;143 125;10;0;0;3;1;1
202100032812;143 126;30;0;2;6;17;1
202100032812;143 127;10;0;2;6;0;1
202100032813;143 124;33;0;0;0;26;1
202100032814;143 122;30;0;2;7;9;1
202100032814;143 123;33;0;2;1;1;1
202100032815;143 120;2;0;2;4;26;1
202100032815;143 121;7;0;2;0;0;0
202100032816;143 119;10;4;0;2;16;1
202100032817;143 117;30;0;2;1;9;1
202100032817;143 118;7;0;2;2;1;1
202100032818;143 115;7;0;2;1;15;2
202100032818;143 116;60;0;2;1;1;5
202100032819;143 114;7;0;1;1;1;3
202100032820;143 112;7;0;2;1;1;1
202100032820;143 113;7;0;2;4;23;1
202100032821;143 111;7;0;1;3;1;1
202100032822;143 110;7;0;1;1;12;1
202100032823;143 107;10;0;9;3;16;1
202100032823;143 108;1;0;2;1;1;0
202100032824;143 105;7;0;2;1;19;1
202100032824;143 106;50;0;2;8;1;3
202100032825;143 103;7;0;2;2;1;2
202100032825;143 104;7;0;2;1;9;1
202100032826;143 101;7;0;2;4;2;1
202100032826;143 102;7;0;2;1;2;1
202100032827;143 100;30;13;0;7;14;1
202100032828;143 099;7;13;0;3;13;1
202100032829;143 097;7;1;2;8;9;1
202100032829;143 098;7;0;2;1;1;1
202100032830;143 095;33;0;2;1;17;1
202100032830;143 096;7;0;2;3;21;2
202100032831;143 093;34;0;2;4;2;1
202100032831;143 094;7;0;2;1;2;1
202100032832;143 090;7;0;2;1;1;1
202100032832;143 091;7;0;2;6;1;1
202100032832;143 092;7;0;2;1;1;1
202100032833;143 088;7;0;2;3;11;1
202100032833;143 089;7;0;2;1;1;1
202100032834;143 086;37;0;2;2;1;3
202100032834;143 087;7;0;2;8;15;1
202100032835;143 084;7;0;2;2;1;1
202100032835;143 085;7;0;2;3;15;2
202100032836;143 082;33;0;2;1;2;1
202100032836;143 083;7;0;2;6;2;1
202100032837;143 081;7;0;1;1;1;1
202100032838;143 079;7;1;2;8;1;1
202100032838;143 080;37;0;2;1;1;1
202100032839;143 077;38;0;2;7;1;1
202100032839;143 078;30;0;2;1;9;1
202100032840;143 076;7;0;1;2;1;1
202100032841;143 073;7;0;2;2;0;1
202100032841;143 074;7;0;2;8;0;1
202100032841;143 075;7;0;2;3;13;1
202100032842;143 068;7;0;2;8;23;1
202100032842;143 069;7;0;2;3;15;2
202100032842;143 070;7;0;2;1;1;1
202100032843;143 063;10;0;2;1;2;1
202100032843;143 064;7;0;2;4;23;1
202100032843;143 065;7;0;2;5;23;1
202100032843;143 066;7;0;2;4;23;1
202100032843;143 067;7;0;2;6;23;1
202100032844;143 061;7;0;2;2;16;1
202100032844;143 062;1;0;2;1;1;5
202100032845;143 059;7;0;2;1;9;1
202100032845;143 060;1;0;2;2;1;5
202100032846;143 057;7;0;2;0;16;1
202100032846;143 058;1;0;2;7;1;5
202100032847;143 055;7;0;2;5;1;1
202100032847;143 056;31;0;2;1;13;1
202100032848;143 052;7;0;2;1;2;1
202100032848;143 053;7;0;2;4;2;1
202100032848;143 054;7;0;2;4;2;1
202100032849;143 050;7;0;2;4;2;1
202100032849;143 051;34;0;2;1;1;1
202100032850;143 049;7;0;1;1;1;1
202100032851;143 048;7;0;1;3;1;1
202100032852;143 046;7;0;2;7;1;1
202100032852;143 047;33;0;2;1;18;1
202100032853;143 044;1;0;2;7;1;5
202100032853;143 045;7;0;2;3;1;1
202100032854;143 042;7;0;2;5;2;1
202100032854;143 043;2;0;2;1;1;1
202100032855;143 040;7;0;2;2;15;1
202100032855;143 041;1;0;2;8;1;0
202100032856;143 038;7;0;2;3;15;1
202100032856;143 039;33;0;2;1;13;1
202100032857;143 037;30;0;0;1;2;1
202100032858;143 035;7;0;2;1;1;1
202100032858;143 036;7;0;2;1;9;1
202100032859;143 032;7;0;2;4;2;1
202100032859;143 033;10;0;2;1;2;1
202100032859;143 034;7;0;2;1;2;1
202100032860;143 030;7;0;2;2;15;1
202100032860;143 031;7;0;2;1;1;1
202100032861;143 028;7;0;2;1;16;1
202100032861;143 029;1;0;2;8;9;5
202100032862;143 026;30;0;2;1;17;1
202100032862;143 027;7;0;2;3;1;1
202100032863;143 024;7;0;2;2;1;1
202100032863;143 025;1;0;2;1;25;5
202100032864;143 023;7;11;0;3;13;1
202100032865;143 022;7;0;1;1;1;1
202100032866;143 021;7;0;1;5;1;1
202100032867;143 018;3;0;2;4;2;1
202100032867;143 019;37;0;2;3;2;1
202100032867;143 020;7;0;2;1;2;1
202100032868;143 016;1;0;2;8;1;5
202100032868;143 017;10;0;9;1;1;1
202100032869;143 014;7;0;9;1;2;1
202100032869;143 015;2;0;2;4;2;1
202100032870;143 012;7;0;9;3;22;1
202100032870;143 013;1;0;2;2;1;5
202100032871;143 011;7;0;1;2;26;0
202100032872;143 007;30;0;0;2;16;1
202100032873;143 006;7;2;0;3;1;1
202100032874;143 004;7;0;2;3;15;1
202100032874;143 005;7;0;2;5;2;1
202100032875;143 002;31;0;2;3;26;1
202100032875;143 003;7;0;2;1;1;3
202100032876;143 000;7;0;2;1;1;1
202100032876;143 001;7;0;2;8;19;1
202100032877;142 998;7;0;2;1;1;1
202100032877;142 999;7;0;2;4;0;1
202100032878;142 995;10;0;2;1;1;1
202100032878;142 996;10;0;2;9;1;1
202100032878;142 997;7;0;2;3;18;1
202100032879;142 993;7;0;2;1;2;1
202100032879;142 994;7;0;2;4;23;1
202100032880;142 992;7;0;1;1;21;1
202100032881;142 991;7;9;0;1;15;1
202100032882;142 989;7;0;2;4;26;1
202100032882;142 990;2;0;2;1;1;1
202100032883;142 986;7;0;2;1;17;1
202100032883;142 987;7;0;2;3;1;1
202100032883;142 988;7;0;2;6;1;1
202100032884;142 984;33;0;2;2;17;1
202100032884;142 985;10;0;2;3;15;1
202100032885;142 983;33;0;1;7;21;1
202100032886;142 981;7;0;2;1;1;0
202100032886;142 982;50;0;2;8;1;3
202100032887;142 979;7;0;2;1;15;1
202100032887;142 980;1;0;2;1;1;5
202100032888;142 975;7;0;2;1;1;1
202100032888;142 976;2;0;2;7;1;1
202100032889;142 971;7;0;2;2;1;1
202100032889;142 972;1;0;2;5;1;5
202100032890;142 970;32;0;1;1;1;1
202100032891;142 968;7;0;2;6;10;1
202100032891;142 969;7;0;2;1;2;1
202100032892;142 965;7;1;0;7;14;1
202100032892;142 966;7;0;2;0;0;1
202100032892;142 967;7;0;2;0;0;1
202100032893;142 963;10;0;2;1;1;1
202100032893;142 964;7;0;2;5;23;1
202100032894;142 961;30;1;2;1;14;1
202100032894;142 962;7;1;0;4;23;1
202100032895;142 960;7;0;1;1;15;1
202100032896;142 959;7;6;0;1;15;1
202100032897;142 957;7;0;2;3;11;1
202100032897;142 958;32;0;2;2;3;1
202100032898;142 956;7;4;0;9;13;1
202100032899;142 955;7;0;1;3;16;1
202100032900;142 954;34;0;1;1;1;0
202100032901;142 952;30;0;2;1;2;1
202100032901;142 953;7;0;2;4;2;1
202100032902;142 950;7;0;2;7;9;1
202100032902;142 951;33;0;2;3;1;1
202100032903;142 948;30;0;2;2;1;1
202100032903;142 949;7;0;2;2;1;1
202100032904;142 946;31;0;2;8;2;1
202100032904;142 947;7;1;2;1;12;1
202100032905;142 944;80;0;2;1;1;3
202100032905;142 945;1;0;2;3;13;0
202100032906;142 942;30;0;2;1;18;1
202100032906;142 943;38;0;2;7;16;1
202100032907;142 940;7;0;2;3;9;1
202100032907;142 941;32;0;2;2;1;1
202100032908;142 938;33;1;2;3;1;1
202100032908;142 939;7;1;2;2;9;1
202100032909;142 936;99;0;2;1;15;0
202100032909;142 937;50;0;2;1;1;3
202100032910;142 934;30;0;2;7;17;0
202100032910;142 935;80;0;2;8;1;3
202100032911;142 933;10;0;1;4;4;1
202100032912;142 931;1;0;2;2;1;5
202100032912;142 932;33;0;2;3;1;1
202100032913;142 929;7;0;2;7;15;1
202100032913;142 930;7;0;2;2;1;1
202100032914;142 927;7;0;4;3;15;1
202100032914;142 928;40;0;2;1;1;3
202100032915;142 925;7;0;2;2;16;1
202100032915;142 926;1;0;2;1;1;5
202100032916;142 923;1;0;2;1;25;5
202100032916;142 924;50;0;2;1;26;3
202100032917;142 921;31;0;2;1;16;1
202100032917;142 922;7;0;2;5;10;1
202100032918;142 919;7;0;2;1;1;1
202100032918;142 920;7;0;2;4;1;1
202100032919;142 917;7;0;2;8;9;1
202100032919;142 918;33;0;2;2;1;1
202100032920;142 915;7;0;0;8;15;3
202100032920;142 916;7;0;2;2;17;1
202100032921;142 913;7;3;0;7;10;1
202100032921;142 914;7;3;2;1;1;1
202100032922;142 910;7;0;0;4;2;1
202100032922;142 911;7;0;2;1;0;1
202100032922;142 912;7;0;2;1;2;1
202100032923;142 908;31;0;2;3;0;1
202100032923;142 909;3;0;2;2;18;1
202100032924;142 907;7;7;0;1;0;1
202100032925;142 906;10;0;1;1;16;1
202100032926;142 905;15;0;1;1;1;1
202100032927;142 903;7;0;2;2;2;1
202100032927;142 904;99;0;2;3;15;1
202100032928;142 901;7;0;2;1;1;1
202100032928;142 902;32;0;2;4;1;1
202100032929;142 900;33;0;1;5;16;1
202100032930;142 899;32;0;1;2;17;1
202100032931;142 898;7;0;1;1;1;1
202100032932;142 897;7;4;0;2;11;0
202100032933;142 895;7;0;2;1;1;1
202100032933;142 896;7;0;2;4;4;1
202100032934;142 892;7;0;2;1;1;1
202100032934;142 893;7;0;2;4;23;1
202100032934;142 894;7;0;2;4;23;1
202100032935;142 890;7;0;2;4;1;1
202100032935;142 891;32;0;2;1;1;1
202100032936;142 887;7;0;2;0;0;0
202100032936;142 888;7;0;2;0;0;0
202100032936;142 889;32;0;2;0;9;0
202100032937;142 886;10;0;1;4;20;3
202100032938;142 883;3;0;2;0;0;0
202100032938;142 884;7;0;2;0;0;1
202100032938;142 885;30;0;2;1;1;1
202100032939;142 881;7;0;2;3;1;1
202100032939;142 882;1;0;2;3;13;5
202100032940;142 876;13;0;2;6;0;1
202100032940;142 877;7;0;2;4;0;1
202100032940;142 878;7;1;2;3;9;1
202100032940;142 879;7;0;2;6;1;1
202100032940;142 880;7;1;2;5;12;1
202100032941;142 874;50;0;2;8;1;3
202100032941;142 875;7;0;9;2;1;1
202100032942;142 872;50;0;2;1;1;3
202100032942;142 873;7;0;2;3;15;1
202100032943;142 870;7;0;2;8;13;0
202100032943;142 871;30;0;2;5;1;1
202100032944;142 868;30;0;2;3;1;0
202100032944;142 869;7;0;2;2;15;1
202100032945;142 866;7;0;2;3;1;1
202100032945;142 867;31;0;2;2;17;1
202100032946;142 865;33;9;1;1;1;1
202100032947;142 863;7;8;2;2;17;1
202100032947;142 864;3;13;2;3;15;1
202100032948;142 862;7;0;1;2;15;1
202100032949;142 860;2;0;0;4;0;1
202100032949;142 861;7;0;2;1;2;1
202100032950;142 859;33;8;0;0;13;1
202100032951;142 857;33;0;2;1;1;1
202100032951;142 858;7;0;2;8;15;1
202100032952;142 855;2;0;2;4;1;1
202100032952;142 856;10;0;2;3;1;1
202100032953;142 853;7;0;2;3;1;1
202100032953;142 854;2;0;2;1;1;1
202100032954;142 851;33;0;2;2;17;1
202100032954;142 852;7;0;2;3;20;1
202100032955;142 850;7;17;0;2;1;1
202100032956;142 849;7;0;1;2;13;1
202100032957;142 848;7;0;1;3;15;1
202100032958;142 846;30;0;2;1;1;1
202100032958;142 847;7;0;2;1;1;1
202100032959;142 844;2;0;2;1;1;1
202100032959;142 845;7;0;2;2;16;1
202100032960;142 841;7;0;2;3;1;1
202100032960;142 842;7;0;2;5;15;1
202100032960;142 843;7;0;2;3;1;1
202100032961;142 840;7;13;0;1;1;1
202100032962;142 838;33;0;2;3;1;1
202100032962;142 839;10;0;2;1;19;1
202100032963;142 837;7;13;0;9;1;1
202100032964;142 834;7;0;2;7;15;1
202100032964;142 835;7;0;2;1;5;1
202100032964;142 836;7;0;2;9;2;1
202100032965;142 833;7;13;0;1;0;1
202100032966;142 831;7;0;2;3;1;1
202100032966;142 832;7;0;2;1;1;1
202100032967;142 829;7;0;2;2;1;1
202100032967;142 830;7;0;2;2;13;1
202100032968;142 828;7;2;0;7;1;1
202100032969;142 825;7;0;2;1;17;1
202100032969;142 826;33;0;2;1;1;1
202100032969;142 827;10;0;9;0;1;1
202100032970;142 824;2;0;0;0;1;1
202100032971;142 822;7;0;2;8;15;1
202100032971;142 823;34;0;2;7;13;1
202100032972;142 820;7;0;2;1;1;1
202100032972;142 821;1;0;2;8;11;0
202100032973;142 818;33;0;2;1;17;1
202100032973;142 819;7;0;2;3;15;1
202100032974;142 817;31;16;0;0;1;1
202100032975;142 816;33;0;0;8;1;1
202100032976;142 814;2;0;2;0;1;1
202100032976;142 815;7;0;2;8;9;1
202100032977;142 810;7;0;2;4;2;1
202100032977;142 811;10;0;2;4;2;1
202100032977;142 812;7;0;2;4;2;1
202100032977;142 813;10;0;2;1;2;1
202100032978;142 807;7;0;2;4;2;1
202100032978;142 808;7;0;0;0;0;1
202100032978;142 809;7;0;2;1;2;1
202100032979;142 805;7;0;0;0;0;0
202100032979;142 806;7;0;2;4;0;1
202100032980;142 804;32;0;9;8;1;1
202100032981;142 799;7;3;2;1;21;1
202100032981;142 800;7;3;0;2;21;1
202100032981;142 801;3;3;2;1;21;1
202100032981;142 802;7;3;0;1;21;1
202100032981;142 803;7;3;0;1;6;1