Num_Acc;id_vehicule;catv;obs;obsm;choc;manv;motor
202100032982;142 797;7;0;2;1;0;1
202100032982;142 798;7;0;2;4;0;1
202100032983;142 793;10;0;2;4;1;1
202100032983;142 794;7;0;2;4;1;1
202100032983;142 795;7;0;2;4;0;1
202100032983;142 796;7;0;2;1;1;1
202100032984;142 791;7;0;2;6;1;1
202100032984;142 792;17;0;2;2;12;1
202100032985;142 787;7;0;2;1;21;1
202100032985;142 788;7;0;2;1;21;1
202100032985;142 789;7;0;2;3;1;1
202100032985;142 790;0;0;0;0;0;0
202100032986;142 786;7;7;0;3;14;1
202100032987;142 784;7;0;2;3;12;1
202100032987;142 785;7;0;2;5;23;1
202100032988;142 782;7;0;2;3;11;1
202100032988;142 783;33;0;2;6;3;1
202100032989;142 781;7;3;0;9;2;1
202100032990;142 780;7;0;0;0;26;1
202100032991;142 778;3;0;2;4;12;1
202100032991;142 779;33;0;2;1;3;1
202100032992;142 775;7;0;2;6;18;1
202100032992;142 776;7;0;2;2;1;1
202100032992;142 777;7;0;2;8;1;1
202100032993;142 774;7;3;0;9;1;1
202100032994;142 771;33;0;2;9;3;1
202100032994;142 772;7;0;2;7;12;1
202100032994;142 773;7;0;2;8;1;2
202100032995;142 769;7;0;2;4;24;1
202100032995;142 770;37;0;2;1;1;1
202100032996;142 767;43;0;2;5;1;1
202100032996;142 768;7;0;2;3;11;1
202100032997;142 764;7;0;2;4;2;1
202100032997;142 765;7;0;2;1;1;1
202100032997;142 766;7;0;2;1;2;1
202100032998;142 761;7;0;2;1;2;1
202100032998;142 762;7;0;2;4;2;1
202100032998;142 763;7;0;2;4;2;1
202100032999;142 760;7;3;0;1;1;1
202100033000;142 759;7;4;0;1;1;1
202100033001;142 758;7;3;0;2;0;1
202100033002;142 756;7;0;2;4;12;1
202100033002;142 757;33;0;2;1;3;1
202100033003;142 751;10;0;2;4;2;1
202100033003;142 752;7;0;2;1;2;1
202100033003;142 753;7;0;2;1;1;1
202100033003;142 754;7;0;2;4;2;1
202100033003;142 755;7;0;2;4;2;1
202100033004;142 750;7;0;1;2;1;1
202100033005;142 749;30;0;1;0;26;1
202100033006;142 748;7;0;1;2;1;1
202100033007;142 746;10;0;9;3;15;1
202100033007;142 747;1;0;2;0;0;0
202100033008;142 744;2;0;2;1;1;1
202100033008;142 745;7;0;2;7;15;1
202100033009;142 742;33;0;2;1;1;1
202100033009;142 743;7;0;2;3;15;2
202100033010;142 739;7;1;0;8;21;1
202100033010;142 740;7;0;2;7;23;1
202100033010;142 741;13;0;2;5;23;1
202100033011;142 737;1;0;2;8;1;5
202100033011;142 738;50;0;2;3;13;3
202100033012;142 734;7;0;2;4;2;1
202100033012;142 735;7;0;2;4;2;1
202100033012;142 736;7;0;2;1;2;1
202100033013;142 732;2;0;2;4;14;1
202100033013;142 733;7;0;2;1;1;1
202100033014;142 729;7;0;2;2;1;1
202100033014;142 730;7;0;2;6;23;1
202100033014;142 731;7;0;2;0;0;1
202100033015;142 728;7;0;1;2;25;1
202100033016;142 725;7;0;2;1;1;1
202100033016;142 726;7;0;2;4;1;1
202100033016;142 727;7;1;2;4;1;1
202100033017;142 723;10;0;0;4;2;1
202100033017;142 724;10;0;2;1;2;1
202100033018;142 722;7;3;0;1;14;1
202100033019;142 721;31;0;0;7;14;1
202100033020;142 718;7;0;2;6;1;1
202100033020;142 719;7;0;2;3;1;1
202100033020;142 720;33;0;2;1;16;1
202100033021;142 717;1;0;1;1;1;5
202100033022;142 715;7;0;2;4;1;1
202100033022;142 716;33;0;2;1;2;1
202100033023;142 712;7;0;2;4;1;0
202100033023;142 713;7;0;2;1;1;1
202100033023;142 714;7;0;2;1;1;1
202100033024;142 710;1;0;2;8;1;5
202100033024;142 711;10;0;9;5;17;1
202100033025;142 708;7;0;2;1;1;1
202100033025;142 709;2;0;2;1;20;1
202100033026;142 707;7;0;1;5;1;1
202100033027;142 705;33;8;0;4;23;1
202100033027;142 706;14;0;2;2;1;0
202100033028;142 703;7;0;2;5;15;1
202100033028;142 704;7;0;0;1;0;1
202100033029;142 702;7;0;1;1;1;1
202100033030;142 701;43;12;0;2;1;1
202100033031;142 700;7;0;1;7;1;1
202100033032;142 699;7;0;1;1;0;1
202100033033;142 697;7;8;2;3;18;1
202100033033;142 698;7;0;2;3;15;1
202100033034;142 695;1;0;2;3;1;5
202100033034;142 696;7;0;9;2;16;0
202100033035;142 694;3;0;1;3;9;1
202100033036;142 691;7;0;2;1;1;1
202100033036;142 692;7;0;2;1;17;1
202100033036;142 693;7;0;0;0;1;1
202100033037;142 690;7;0;1;1;1;2
202100033038;142 688;50;0;2;1;2;3
202100033038;142 689;7;0;2;2;15;1
202100033039;142 686;7;0;2;4;1;1
202100033039;142 687;7;0;2;3;0;1
202100033040;142 683;7;0;2;4;23;1
202100033040;142 684;7;0;2;1;1;1
202100033040;142 685;7;0;2;8;1;1
202100033041;142 681;7;0;2;1;0;1
202100033041;142 682;7;0;2;1;0;1
202100033042;142 680;7;5;0;1;1;1
202100033043;142 677;7;0;2;1;9;1
202100033043;142 678;7;0;2;1;1;1
202100033043;142 679;7;0;2;2;0;1
202100033044;142 676;7;0;1;1;26;1
202100033045;142 674;7;0;2;1;1;1
202100033045;142 675;30;0;2;7;1;1
202100033046;142 672;7;0;2;4;23;2
202100033046;142 673;7;0;2;1;2;1
202100033047;142 670;7;0;2;8;1;1
202100033047;142 671;7;0;2;1;16;1
202100033048;142 668;3;0;2;4;1;1
202100033048;142 669;7;0;2;1;21;1
202100033049;142 666;1;0;2;1;25;5
202100033049;142 667;7;0;2;2;16;1
202100033050;142 665;7;3;0;1;14;1
202100033051;142 664;20;0;0;0;21;1
202100033052;142 662;80;0;2;7;1;3
202100033052;142 663;7;0;2;1;19;1
202100033053;142 660;7;0;2;3;11;1
202100033053;142 661;7;0;2;1;17;1
202100033054;142 658;7;0;2;1;13;1
202100033054;142 659;31;0;2;1;1;1
202100033055;142 657;7;0;1;1;1;1
202100033056;142 655;7;0;2;3;15;1
202100033056;142 656;30;0;2;3;1;1
202100033057;142 653;31;0;2;1;1;1
202100033057;142 654;7;0;2;1;1;1
202100033058;142 652;7;0;1;0;0;1
202100033059;142 650;7;0;2;1;2;1
202100033059;142 651;7;0;2;4;2;1
202100033060;142 649;7;0;1;3;26;1
202100033061;142 647;7;0;2;7;17;1
202100033061;142 648;31;0;2;8;0;1
202100033062;142 643;7;0;2;1;15;0
202100033062;142 644;7;0;2;3;1;1
202100033062;142 645;10;0;2;3;23;1
202100033062;142 646;7;0;2;1;23;0
202100033063;142 639;7;0;2;7;23;1
202100033063;142 640;7;0;2;1;18;0
202100033063;142 641;32;0;2;0;1;1
202100033063;142 642;33;0;2;4;1;1
202100033064;142 637;7;0;2;1;1;1
202100033064;142 638;7;0;2;3;19;1
202100033065;142 636;7;2;0;1;26;1
202100033066;142 635;7;0;2;1;5;1
202100033067;142 634;7;0;1;1;1;1
202100033068;142 632;7;0;2;1;13;1
202100033068;142 633;7;0;2;1;1;1
202100033069;142 631;33;0;0;7;1;1
202100033070;142 629;43;0;2;7;1;1
202100033070;142 630;7;0;2;8;11;1
202100033071;142 627;7;0;2;1;1;1
202100033071;142 628;31;0;2;8;1;1
202100033072;142 626;33;0;1;1;1;1
202100033073;142 624;1;0;2;4;10;5
202100033073;142 625;33;0;2;1;17;1
202100033074;142 623;60;0;1;6;25;5
202100033075;142 621;7;0;2;7;17;0
202100033075;142 622;1;0;2;8;1;5
202100033076;142 619;7;0;2;3;9;1
202100033076;142 620;30;0;2;1;7;3
202100033077;142 618;34;0;1;1;1;1
202100033078;142 616;10;0;2;7;16;1
202100033078;142 617;33;0;2;8;18;1
202100033079;142 614;1;0;2;1;5;5
202100033079;142 615;10;0;2;3;1;1
202100033080;142 613;30;14;0;1;13;1
202100033081;142 611;7;0;2;3;2;1
202100033081;142 612;30;0;2;4;23;1
202100033082;142 609;10;0;2;3;22;1
202100033082;142 610;80;0;2;7;1;3
202100033083;142 607;32;0;2;2;15;1
202100033083;142 608;80;0;2;1;1;3
202100033084;142 606;10;0;1;2;1;1
202100033085;142 605;30;0;1;1;7;3
202100033086;142 604;30;0;0;0;16;3
202100033087;142 601;7;0;0;6;2;1
202100033087;142 602;2;0;2;1;15;1
202100033087;142 603;7;0;0;8;5;1
202100033088;142 600;7;0;0;7;1;2
202100033089;142 598;33;0;2;8;1;1
202100033089;142 599;10;0;2;7;21;1
202100033090;142 596;33;0;2;1;1;1
202100033090;142 597;7;0;2;5;15;0
202100033091;142 595;7;0;1;3;1;1
202100033092;142 594;7;9;0;2;2;1
202100033093;142 592;7;0;2;3;1;1
202100033093;142 593;10;0;2;1;15;2
202100033094;142 591;7;6;0;3;1;1
202100033095;142 588;7;0;2;1;2;1
202100033095;142 589;7;0;2;4;16;1
202100033095;142 590;7;0;2;1;26;1
202100033096;142 587;7;0;1;0;20;1
202100033097;142 586;34;0;0;0;17;0
202100033098;142 584;7;0;2;1;0;1
202100033098;142 585;38;0;2;1;0;1
202100033099;142 583;7;0;1;7;1;1
202100033100;142 581;10;0;2;4;23;1
202100033100;142 582;50;0;2;1;2;3
202100033101;142 580;7;8;0;1;6;1
202100033102;142 579;7;0;1;3;1;1
202100033103;142 577;7;0;2;5;1;0
202100033103;142 578;1;0;2;5;1;5
202100033104;142 575;7;0;2;7;16;1
202100033104;142 576;1;0;2;1;16;5
202100033105;142 574;2;0;0;7;1;1
202100033106;142 572;33;0;0;1;1;1
202100033106;142 573;7;0;0;2;15;1
202100033107;142 571;33;3;9;2;26;1
202100033108;142 570;7;0;0;9;0;1
202100033109;142 568;7;0;2;3;5;1
202100033109;142 569;7;0;2;3;1;1
202100033110;142 567;7;2;0;3;13;1
202100033111;142 566;10;2;0;2;1;1
202100033112;142 564;7;0;0;4;1;1
202100033112;142 565;10;0;2;1;2;1
202100033113;142 563;7;16;0;9;17;1
202100033114;142 562;7;6;0;1;1;1
202100033115;142 561;31;6;0;1;1;1
202100033116;142 560;2;0;0;9;1;1
202100033117;142 559;7;2;0;3;0;1
202100033118;142 557;2;0;2;3;15;1
202100033118;142 558;7;0;2;3;16;1
202100033119;142 555;10;0;9;7;2;1
202100033119;142 556;1;0;2;4;2;5
202100033120;142 554;33;0;6;1;1;1
202100033121;142 553;2;1;0;1;1;1
202100033122;142 552;7;0;1;3;1;1
202100033123;142 549;7;0;2;3;1;1
202100033123;142 550;7;0;2;2;0;1
202100033124;142 547;7;12;2;1;1;1
202100033124;142 548;7;0;2;1;1;1
202100033125;142 545;7;0;2;1;1;1
202100033125;142 546;7;0;2;1;1;0
202100033126;142 542;7;0;2;1;1;1
202100033126;142 543;36;0;0;4;1;1
202100033127;142 540;7;6;0;3;1;1
202100033127;142 541;7;6;0;3;1;2
202100033128;142 539;31;0;0;7;13;1
202100033129;142 538;7;0;0;1;1;1
202100033130;142 537;33;16;0;0;1;1
202100033131;142 536;31;0;0;0;0;1
202100033132;142 534;7;0;2;3;1;1
202100033132;142 535;7;0;2;3;13;1
202100033133;142 531;7;0;0;4;1;1
202100033133;142 532;7;0;0;4;1;1
202100033133;142 533;13;0;0;1;1;1
202100033134;142 529;2;0;2;3;9;1
202100033134;142 530;7;0;2;1;1;1
202100033135;142 528;7;8;0;1;1;1
202100033136;142 526;31;0;2;1;1;1
202100033136;142 527;10;0;0;6;23;1
202100033137;142 524;7;3;2;1;1;1
202100033137;142 525;15;0;0;4;1;1
202100033138;142 522;7;0;0;4;0;1
202100033138;142 523;13;0;2;1;2;1
202100033139;142 520;15;0;2;6;1;1
202100033139;142 521;10;4;2;2;17;1
202100033140;142 519;33;0;0;7;21;1
202100033141;142 518;32;4;0;8;1;1
202100033142;142 516;7;0;2;3;1;1
202100033142;142 517;7;0;0;4;12;0
202100033143;142 515;7;4;0;7;21;1
202100033144;142 513;7;13;2;1;17;1
202100033144;142 514;7;13;2;4;1;1
202100033145;142 512;43;4;0;0;0;1
202100033146;142 511;7;0;1;1;26;0
202100033147;142 510;31;7;0;0;1;1
202100033148;142 509;7;13;0;1;1;1
202100033149;142 508;33;4;0;7;1;1
202100033150;142 507;7;0;1;1;15;1
202100033151;142 505;7;3;2;8;1;1
202100033151;142 506;7;0;2;2;1;1
202100033152;142 504;7;0;1;1;1;1
202100033153;142 502;7;0;2;3;1;1
202100033153;142 503;7;0;2;3;13;1
202100033154;142 501;43;3;0;2;1;1
202100033155;142 499;33;0;2;1;13;1
202100033155;142 500;7;0;2;3;19;1
202100033156;142 498;7;0;0;3;1;1
202100033157;142 495;7;0;2;1;2;1
202100033157;142 496;7;0;2;4;2;1
202100033157;142 497;7;0;2;5;2;1
202100033158;142 493;17;0;2;0;1;1
202100033158;142 494;7;0;2;1;1;1
202100033159;142 491;33;0;2;1;2;1
202100033159;142 492;7;0;2;4;2;1
202100033160;142 490;7;4;0;1;11;1
202100033161;142 488;10;4;2;7;12;1
202100033161;142 489;10;4;2;8;1;1
202100033162;142 486;34;0;2;8;3;1
202100033162;142 487;7;0;2;2;12;1
202100033163;142 485;7;3;0;1;21;1
202100033164;142 483;10;0;2;4;23;1
202100033164;142 484;7;1;0;1;2;1
202100033165;142 481;7;0;2;7;1;1
202100033165;142 482;31;0;2;8;3;1
202100033166;142 480;7;3;0;3;26;1
202100033167;142 479;7;0;1;1;1;1
202100033168;142 476;7;0;1;1;1;1
202100033169;142 474;7;0;2;3;1;1
202100033169;142 475;30;0;2;1;2;1
202100033170;142 471;7;0;2;1;1;0
202100033170;142 472;7;0;2;1;2;1
202100033170;142 473;7;0;2;3;17;1
202100033171;142 470;32;0;2;9;26;1
202100033172;142 468;7;0;2;2;0;1
202100033172;142 469;7;0;2;3;1;1
202100033173;142 467;7;1;0;0;0;1
202100033174;142 465;10;0;2;1;1;1
202100033174;142 466;7;0;2;4;23;1
202100033175;142 464;30;0;2;0;21;1
202100033176;142 462;7;0;2;2;19;1
202100033176;142 463;7;0;2;3;1;1
202100033177;142 461;7;10;0;8;15;1
202100033178;142 459;50;0;2;1;19;3
202100033178;142 460;7;0;2;8;1;1
202100033179;142 458;32;0;1;1;9;1
202100033180;142 456;7;0;2;2;1;1
202100033180;142 457;1;0;2;4;2;5
202100033181;142 454;1;0;0;0;0;0
202100033181;142 455;7;0;9;0;26;1
202100033182;142 452;30;0;2;1;15;1
202100033182;142 453;7;0;2;3;2;1
202100033183;142 450;7;0;2;3;10;1
202100033183;142 451;32;0;2;1;1;1
202100033184;142 448;7;0;2;4;1;1
202100033184;142 449;31;0;2;1;1;1
202100033185;142 446;7;0;2;3;19;1
202100033185;142 447;2;0;2;1;1;1
202100033186;142 444;7;0;2;7;1;1
202100033186;142 445;50;0;2;1;1;3
202100033187;142 442;7;0;2;8;15;1
202100033187;142 443;80;0;2;1;1;3
202100033188;142 440;60;0;2;8;19;5
202100033188;142 441;7;0;2;1;26;1
202100033189;142 438;7;0;2;1;16;1
202100033189;142 439;10;0;2;2;1;1
202100033190;142 436;33;0;2;1;1;1
202100033190;142 437;7;0;2;8;16;1
202100033191;142 434;50;0;2;1;9;3
202100033191;142 435;7;0;2;2;26;1
202100033192;142 433;1;9;0;1;26;5
202100033193;142 431;1;0;2;0;0;5
202100033193;142 432;7;0;2;5;14;1
202100033194;142 430;7;6;0;1;1;1
202100033195;142 428;1;0;2;7;1;5
202100033195;142 429;7;0;2;7;17;1
202100033196;142 427;7;6;0;1;1;1
202100033197;142 423;7;8;2;2;0;1
202100033197;142 424;7;0;2;6;2;1
202100033197;142 425;7;1;0;4;26;1
202100033197;142 426;7;2;0;4;0;1
202100033198;142 421;7;0;2;1;1;1
202100033198;142 422;3;0;2;1;15;1
202100033199;142 420;7;9;0;1;19;1
202100033200;142 419;7;0;0;9;1;1
202100033201;142 417;33;0;2;4;12;1
202100033201;142 418;7;0;0;0;0;1
202100033202;142 416;30;0;1;1;26;1
202100033203;142 415;32;0;0;1;26;1
202100033204;142 411;7;0;2;6;1;1
202100033204;142 412;7;0;2;3;14;1
202100033205;142 409;7;0;2;1;2;1
202100033205;142 410;7;0;2;4;2;1
202100033206;142 407;7;0;2;1;15;1
202100033206;142 408;31;0;2;8;1;1
202100033207;142 406;50;0;1;0;1;3
202100033208;142 404;32;0;2;3;18;1
202100033208;142 405;7;0;2;2;1;1
202100033209;142 402;1;0;2;1;1;5
202100033209;142 403;1;0;2;1;13;0
202100033210;142 400;10;0;2;3;22;1
202100033210;142 401;2;0;2;1;1;1
202100033211;142 397;1;0;2;1;1;5
202100033211;142 398;7;0;2;8;5;1
202100033212;142 396;1;0;1;1;5;5
202100033213;142 394;1;0;2;2;1;5
202100033213;142 395;32;0;2;3;1;1
202100033214;142 393;32;0;1;1;17;1
202100033215;142 391;2;0;2;1;2;3
202100033215;142 392;7;0;0;5;23;1
202100033216;142 389;1;0;2;7;1;5
202100033216;142 390;7;0;2;8;22;1
202100033217;142 388;1;12;0;2;14;5
202100033218;142 386;1;0;2;2;1;5
202100033218;142 387;50;0;2;0;19;3
202100033219;142 385;80;0;5;8;1;3
202100033220;142 383;7;0;2;1;1;1
202100033220;142 384;7;15;2;3;1;1
202100033221;142 381;31;0;2;7;1;1
202100033221;142 382;7;0;2;3;15;1
202100033222;142 380;7;1;2;8;13;1
202100033223;142 378;7;0;2;1;16;1
202100033223;142 379;7;0;9;4;16;1
202100033224;142 377;7;1;0;2;1;1
202100033225;142 374;7;0;2;2;0;1
202100033225;142 375;7;0;2;6;23;1
202100033225;142 376;7;0;2;4;23;1
202100033226;142 372;7;0;2;2;15;0
202100033226;142 373;7;0;2;1;1;0
202100033227;142 371;7;9;0;1;15;2
202100033228;142 370;7;0;1;1;1;2
202100033229;142 368;7;0;2;7;15;1
202100033229;142 369;2;0;2;1;1;1
202100033230;142 367;33;8;0;1;1;1
202100033231;142 366;33;13;0;1;1;1
202100033232;142 365;7;13;0;1;1;1
202100033233;142 364;7;0;1;2;1;1
202100033234;142 362;7;0;2;2;19;1
202100033234;142 363;7;0;2;2;1;1
202100033235;142 361;7;2;0;1;1;1
202100033236;142 360;1;0;0;9;13;5
202100033237;142 358;7;0;2;3;3;1
202100033237;142 359;7;0;2;3;1;1
202100033238;142 357;7;13;0;1;1;1
202100033239;142 353;10;0;2;8;19;1
202100033239;142 354;2;0;2;1;19;1
202100033240;142 351;2;0;9;1;1;1
202100033241;142 350;7;2;0;1;1;1
202100033242;142 348;14;0;2;7;16;1
202100033242;142 349;31;0;2;8;23;1
202100033243;142 346;7;0;2;3;19;1
202100033243;142 347;31;0;2;1;21;1
202100033244;142 345;7;1;1;2;1;1
202100033245;142 344;7;0;0;3;0;0
202100033246;142 343;7;2;0;1;14;1
202100033247;142 342;33;0;0;6;1;1
202100033248;142 341;7;0;0;9;14;1
202100033249;142 339;33;0;2;2;17;1
202100033249;142 340;7;0;2;6;17;1
202100033250;142 337;7;0;2;1;1;1
202100033250;142 338;21;0;2;3;1;1
202100033251;142 336;33;0;0;7;1;1
202100033252;142 335;7;4;0;2;1;1
202100033253;142 333;7;0;2;1;15;1
202100033253;142 334;1;0;2;8;1;5
202100033254;142 331;7;0;2;1;1;1
202100033254;142 332;10;0;2;7;1;1
202100033255;142 330;7;2;0;1;1;1
202100033256;142 329;2;8;0;1;0;1
202100033257;142 325;32;0;0;0;15;1
202100033257;142 326;33;0;2;1;17;1
202100033258;142 323;7;0;2;1;13;1
202100033258;142 324;7;3;2;3;1;1
202100033259;142 321;7;0;2;8;19;1
202100033259;142 322;7;0;2;1;1;1
202100033260;142 318;33;16;0;3;1;1
202100033261;142 316;7;0;2;7;17;1
202100033261;142 317;30;0;2;8;15;1
202100033262;142 315;7;13;0;1;1;1
202100033263;142 314;7;13;0;1;1;1
202100033264;142 313;33;0;0;1;1;1
202100033265;142 312;7;15;0;3;0;1
202100033266;142 310;7;0;2;3;1;1
202100033266;142 311;7;0;2;2;1;1
202100033267;142 308;17;1;0;2;14;1
202100033267;142 309;7;0;0;6;24;1
202100033268;142 305;17;0;0;7;1;1
202100033268;142 306;7;13;2;1;13;1
202100033269;142 304;2;12;0;8;15;0
202100033270;142 302;7;0;2;1;5;3
202100033270;142 303;30;0;2;1;5;1
202100033271;142 299;7;0;2;3;21;1
202100033271;142 300;10;0;0;6;2;1
202100033271;142 301;33;0;2;1;2;1
202100033272;142 297;7;0;2;1;13;1
202100033272;142 298;7;0;2;1;1;1
202100033273;142 296;7;13;0;3;13;1
202100033274;142 294;36;1;0;1;1;1
202100033274;142 295;7;0;0;3;24;1
202100033275;142 292;7;0;2;1;13;1
202100033275;142 293;7;0;2;1;1;1
202100033276;142 291;7;0;9;1;14;1
202100033277;142 289;10;0;2;2;19;1
202100033277;142 290;1;0;2;3;19;5
202100033278;142 288;7;2;0;3;1;1
202100033279;142 287;7;12;0;1;0;1
202100033280;142 286;7;3;0;3;0;1
202100033281;142 282;7;0;2;6;11;1
202100033281;142 283;7;0;2;2;1;1
202100033282;142 280;7;0;2;7;12;1
202100033282;142 281;31;0;2;1;3;1
202100033283;142 278;7;0;2;2;1;1
202100033283;142 279;32;0;2;1;10;1
202100033284;142 276;7;0;2;4;2;1
202100033284;142 277;7;0;2;1;2;1
202100033285;142 271;7;0;2;4;23;1
202100033285;142 272;7;0;2;4;23;1
202100033285;142 273;7;0;2;1;1;1
202100033285;142 274;7;0;2;4;23;1
202100033285;142 275;7;0;2;4;23;1
202100033286;142 268;7;0;2;4;1;1
202100033286;142 269;10;0;2;1;1;1
202100033286;142 270;7;0;2;4;1;1
202100033287;142 266;7;0;2;1;2;1
202100033287;142 267;7;0;2;4;1;1
202100033288;142 262;7;0;2;4;2;1
202100033288;142 263;7;0;2;1;1;1
202100033288;142 264;7;0;2;4;2;1
202100033288;142 265;7;0;2;4;2;1
202100033289;142 261;7;4;0;1;1;1
202100033290;142 260;7;4;0;1;13;1
202100033291;142 258;7;0;2;4;1;1
202100033291;142 259;7;0;2;1;1;1
202100033292;142 257;7;0;0;9;1;1
202100033293;142 255;7;3;2;1;1;1
202100033293;142 256;7;0;2;6;1;1
202100033294;142 253;43;0;2;1;1;1
202100033294;142 254;7;0;2;4;1;3
202100033295;142 252;43;0;0;0;2;1
202100033296;142 251;7;0;1;1;1;1
202100033297;142 250;1;0;1;1;1;5
202100033298;142 249;7;0;1;6;4;1
202100033299;142 248;33;0;1;1;1;1
202100033300;142 246;7;0;2;3;13;1
202100033300;142 247;2;0;2;1;1;1
202100033301;142 244;1;0;2;1;5;5
202100033301;142 245;10;0;2;2;15;1
202100033302;142 243;7;0;1;8;0;1
202100033303;142 241;7;0;2;3;1;1
202100033303;142 242;10;0;2;2;9;1
202100033304;142 239;1;0;2;1;1;5
202100033304;142 240;7;0;2;2;19;1
202100033305;142 238;50;0;0;0;1;3
202100033306;142 236;7;8;2;1;19;1
202100033306;142 237;7;8;2;2;1;1
202100033307;142 232;7;0;2;0;2;1
202100033307;142 233;7;1;0;4;2;2
202100033307;142 234;33;0;2;1;2;1
202100033307;142 235;0;0;0;0;0;0
202100033308;142 231;7;0;1;1;1;1
202100033309;142 229;3;0;2;1;13;1
202100033309;142 230;7;0;2;6;1;1
202100033310;142 227;7;6;2;4;16;1
202100033310;142 228;7;0;2;1;1;1
202100033311;142 225;7;0;2;1;1;1
202100033311;142 226;7;0;2;1;15;1
202100033312;142 224;7;0;1;1;26;1
202100033313;142 222;1;12;2;1;1;5
202100033313;142 223;10;0;2;3;17;1
202100033314;142 220;7;0;2;1;15;1
202100033314;142 221;7;0;2;1;9;1
202100033315;142 219;33;0;0;7;1;1
202100033316;142 218;7;11;0;1;1;1
202100033317;142 215;50;0;0;8;1;3
202100033317;142 216;7;0;2;2;14;1
202100033317;142 217;50;0;2;4;1;3
202100033318;142 213;34;0;2;2;2;1
202100033318;142 214;7;0;2;3;20;1
202100033319;142 211;2;0;2;1;1;1
202100033319;142 212;7;0;2;4;23;1
202100033320;142 209;99;0;2;1;19;1
202100033320;142 210;7;0;0;0;1;0
202100033321;142 202;7;0;2;0;1;1
202100033321;142 203;33;0;2;1;1;1
202100033321;142 204;7;0;2;1;19;1
202100033322;142 201;1;4;0;0;13;5
202100033323;142 197;17;0;2;1;13;1
202100033323;142 198;17;0;2;8;21;1
202100033324;142 195;10;0;2;8;15;1
202100033324;142 196;32;0;2;2;2;1
202100033325;142 193;34;0;2;1;17;1
202100033325;142 194;7;0;2;3;23;1
202100033326;142 191;10;0;2;0;20;1
202100033326;142 192;50;0;2;0;1;3
202100033327;142 189;50;0;2;1;1;3
202100033327;142 190;7;0;2;2;1;1
202100033328;142 187;7;0;2;2;1;1
202100033328;142 188;32;0;2;4;1;1
202100033329;142 186;7;0;0;9;9;1
202100033330;142 184;7;0;2;4;1;1
202100033330;142 185;7;0;2;1;1;1
202100033331;142 183;34;17;0;9;1;1
202100033332;142 182;7;13;0;3;0;1
202100033333;142 181;33;11;0;1;1;1
202100033334;142 180;7;0;1;2;16;1
202100033335;142 178;7;0;2;3;15;1
202100033335;142 179;1;0;2;8;1;5
202100033336;142 177;7;2;0;1;14;1
202100033337;142 176;10;0;1;5;15;0
202100033338;142 175;30;12;0;2;14;1
202100033339;142 174;1;2;0;1;14;5
202100033340;142 173;7;0;1;4;4;1
202100033341;142 169;7;0;2;4;23;1
202100033341;142 170;7;0;2;1;2;1
202100033342;142 167;1;0;2;8;15;5
202100033342;142 168;33;0;2;1;1;1
202100033343;142 166;7;0;1;1;2;1
202100033344;142 165;7;0;1;3;1;1
202100033345;142 164;10;0;1;2;16;1
202100033346;142 162;15;0;2;2;17;0
202100033346;142 163;7;3;2;3;18;0
202100033347;142 159;7;0;2;1;1;0
202100033347;142 160;7;0;2;1;1;1
202100033347;142 161;7;0;2;4;1;1
202100033348;142 157;7;0;2;6;1;1
202100033348;142 158;7;0;2;3;5;1
202100033349;142 155;10;0;2;1;21;1
202100033349;142 156;7;0;2;5;2;1
202100033350;142 153;1;0;2;1;1;5
202100033350;142 154;7;0;2;6;15;1
202100033351;142 152;7;14;0;1;1;1
202100033352;142 150;7;0;2;7;1;1
202100033352;142 151;7;0;2;1;9;1
202100033353;142 149;7;1;0;2;1;1
202100033354;142 147;2;0;2;8;26;0
202100033354;142 148;7;0;2;2;15;1
202100033355;142 146;7;2;0;1;13;1
202100033356;142 144;34;0;2;1;15;1
202100033356;142 145;7;0;2;1;15;1
202100033357;142 143;7;0;1;3;26;1
202100033358;142 141;7;0;2;1;2;0
202100033358;142 142;7;0;2;4;2;1
202100033359;142 139;50;0;2;1;1;3
202100033359;142 140;7;0;2;3;1;1
202100033360;142 137;2;0;2;1;9;1
202100033360;142 138;7;0;2;2;1;1
202100033361;142 135;33;2;0;1;13;1
202100033361;142 136;33;0;0;0;14;1
202100033362;142 134;50;0;1;1;1;3
202100033363;142 133;33;0;1;1;17;1
202100033364;142 131;32;0;2;1;21;1
202100033364;142 132;7;0;2;3;15;1
202100033365;142 129;1;0;2;1;2;5
202100033365;142 130;7;0;9;3;24;1
202100033366;142 126;7;0;0;4;1;1
202100033366;142 127;7;0;2;9;2;1
202100033366;142 128;7;0;2;1;2;1
202100033367;142 124;2;0;2;4;0;1
202100033367;142 125;7;0;2;1;2;1
202100033368;142 123;7;4;0;1;13;1
202100033369;142 122;31;0;2;7;1;1
202100033370;142 120;10;0;2;3;1;1
202100033370;142 121;7;0;2;1;13;1
202100033371;142 116;7;0;1;1;26;1
202100033372;142 115;7;0;1;7;1;1
202100033373;142 113;1;0;2;4;1;5
202100033373;142 114;10;0;2;2;1;1
202100033374;142 112;30;0;0;0;26;1
202100033375;142 110;7;0;2;1;1;1
202100033375;142 111;7;0;2;4;1;1
202100033376;142 108;7;0;2;3;1;0
202100033376;142 109;1;0;2;2;19;5
202100033377;142 106;7;0;2;2;1;1
202100033377;142 107;50;0;2;8;11;3
202100033378;142 104;7;0;2;1;1;1
202100033378;142 105;1;0;2;8;1;5
202100033379;142 102;7;0;2;1;2;1
202100033379;142 103;7;0;2;1;5;1
202100033380;142 100;7;0;2;1;15;1
202100033380;142 101;7;0;2;1;1;1
202100033381;142 099;7;0;1;1;1;1
202100033382;142 097;7;0;2;1;1;1
202100033382;142 098;7;0;2;4;23;1