Num_Acc;id_vehicule;catv;obs;obsm;choc;manv;motor
202100034525;140 016;7;0;2;2;2;1
202100034525;140 017;1;0;2;4;2;5
202100034526;140 015;7;0;1;8;1;0
202100034527;140 013;33;0;2;1;16;1
202100034527;140 014;10;0;2;3;13;0
202100034528;140 011;21;0;2;3;1;1
202100034528;140 012;7;0;2;3;15;1
202100034529;140 009;33;0;2;1;3;1
202100034529;140 010;7;0;2;8;10;1
202100034530;140 007;7;0;2;1;5;1
202100034530;140 008;15;0;2;1;1;1
202100034531;140 006;7;2;0;3;17;1
202100034532;140 005;7;1;0;2;1;1
202100034533;140 003;7;1;0;1;1;1
202100034534;140 002;33;9;0;3;1;1
202100034535;140 001;33;4;0;3;0;1
202100034536;139 998;10;3;2;2;14;1
202100034536;139 999;7;0;2;6;1;1
202100034536;140 000;10;0;2;5;1;1
202100034537;139 995;15;0;2;2;0;1
202100034537;139 996;7;0;2;5;0;1
202100034537;139 997;7;0;2;1;0;1
202100034538;139 993;7;0;2;8;1;1
202100034538;139 994;17;0;2;2;12;1
202100034539;139 992;7;3;0;9;2;1
202100034540;139 990;7;0;2;1;2;1
202100034540;139 991;10;0;2;4;2;1
202100034541;139 987;7;0;2;1;2;1
202100034541;139 988;10;0;2;4;2;1
202100034541;139 989;10;0;2;4;2;1
202100034542;139 984;7;0;2;4;2;1
202100034542;139 985;7;0;2;1;2;1
202100034542;139 986;10;0;2;0;0;1
202100034543;139 982;7;0;2;4;2;1
202100034543;139 983;17;0;2;1;2;1
202100034544;139 979;7;0;2;1;2;1
202100034544;139 980;10;0;2;4;2;1
202100034544;139 981;14;0;2;4;2;1
202100034545;139 977;7;0;2;1;2;1
202100034545;139 978;7;0;2;4;1;1
202100034546;139 975;7;0;2;1;1;1
202100034546;139 976;7;0;2;5;11;1
202100034547;139 973;7;0;2;8;2;1
202100034547;139 974;33;0;2;7;14;1
202100034548;139 967;7;0;1;2;1;1
202100034549;139 966;7;0;1;2;1;2
202100034550;139 965;50;0;1;1;1;3
202100034551;139 964;7;0;1;1;1;1
202100034552;139 962;31;0;2;8;17;1
202100034552;139 963;7;0;2;8;15;1
202100034553;139 960;7;0;2;1;1;1
202100034553;139 961;1;0;2;8;1;5
202100034554;139 958;30;8;2;3;1;1
202100034554;139 959;7;0;2;1;1;1
202100034555;139 956;34;0;2;1;1;1
202100034555;139 957;7;0;2;2;15;1
202100034556;139 954;33;8;2;1;1;1
202100034556;139 955;7;0;2;5;15;1
202100034557;139 951;7;0;2;0;0;1
202100034557;139 952;33;0;2;0;0;1
202100034557;139 953;43;0;2;3;18;1
202100034558;139 950;7;0;1;4;4;1
202100034559;139 948;7;0;2;4;23;1
202100034559;139 949;2;0;2;1;2;1
202100034560;139 945;7;0;2;4;2;1
202100034560;139 946;7;0;2;4;2;1
202100034560;139 947;7;0;2;2;2;1
202100034561;139 941;7;0;2;3;1;1
202100034561;139 942;43;0;2;1;17;1
202100034562;139 938;10;0;2;3;1;1
202100034562;139 939;7;0;2;7;1;1
202100034562;139 940;7;0;2;1;16;1
202100034563;139 936;50;0;2;1;1;3
202100034563;139 937;33;0;9;7;1;1
202100034564;139 934;7;0;2;7;16;1
202100034564;139 935;1;0;2;8;1;5
202100034565;139 933;50;0;0;0;0;3
202100034566;139 932;7;8;0;0;1;1
202100034567;139 930;1;0;2;4;1;5
202100034567;139 931;32;0;2;1;1;1
202100034568;139 928;7;0;2;1;1;1
202100034568;139 929;7;0;2;7;15;1
202100034569;139 926;7;0;2;6;15;1
202100034569;139 927;7;0;2;1;1;1
202100034570;139 924;7;0;2;1;1;1
202100034570;139 925;7;0;2;2;19;1
202100034571;139 923;10;6;0;0;2;1
202100034572;139 921;1;0;2;1;1;2
202100034572;139 922;7;0;2;8;9;1
202100034573;139 920;30;0;0;0;1;1
202100034574;139 918;7;0;2;1;16;1
202100034574;139 919;7;0;2;7;1;1
202100034575;139 914;7;0;2;4;2;1
202100034575;139 915;7;0;0;4;2;1
202100034575;139 916;7;0;2;1;12;1
202100034575;139 917;7;0;0;4;23;1
202100034576;139 913;7;0;1;3;1;1
202100034577;139 911;7;0;0;5;0;1
202100034577;139 912;1;0;0;1;0;5
202100034578;139 909;50;0;2;1;19;3
202100034578;139 910;7;0;2;1;2;1
202100034579;139 906;0;0;2;1;26;0
202100034579;139 907;1;0;2;4;1;0
202100034579;139 908;1;0;2;4;1;0
202100034580;139 904;80;1;0;1;1;3
202100034580;139 905;7;0;2;8;23;1
202100034581;139 902;2;8;0;6;1;1
202100034581;139 903;7;0;2;3;15;1
202100034582;139 901;7;0;1;3;26;1
202100034583;139 899;32;0;2;1;1;1
202100034583;139 900;7;0;2;7;15;1
202100034584;139 897;7;0;2;6;10;1
202100034584;139 898;33;0;2;1;15;1
202100034585;139 896;20;8;0;1;1;1
202100034586;139 894;7;0;2;1;13;1
202100034586;139 895;7;0;2;2;13;1
202100034587;139 891;7;0;2;8;9;1
202100034587;139 892;30;0;2;1;18;1
202100034587;139 893;7;0;2;0;1;1
202100034588;139 889;1;0;2;1;1;5
202100034588;139 890;7;0;2;3;15;1
202100034589;139 887;7;0;2;7;15;1
202100034589;139 888;7;0;2;2;1;1
202100034590;139 884;33;0;0;7;26;1
202100034591;139 882;1;0;2;7;1;5
202100034591;139 883;7;0;2;1;9;1
202100034592;139 879;7;0;2;1;1;1
202100034592;139 880;7;0;2;4;1;1
202100034592;139 881;7;0;2;1;2;3
202100034593;139 878;34;8;1;1;1;1
202100034594;139 876;32;14;2;2;17;1
202100034594;139 877;3;0;0;3;15;0
202100034595;139 874;7;0;2;1;2;1
202100034595;139 875;2;0;2;7;15;1
202100034596;139 872;7;0;2;3;3;1
202100034596;139 873;10;0;2;3;1;1
202100034597;139 871;1;0;1;8;1;5
202100034598;139 869;33;0;2;1;13;1
202100034598;139 870;7;0;2;8;10;1
202100034599;139 867;7;0;2;5;12;1
202100034599;139 868;1;0;2;1;1;0
202100034600;139 866;7;0;1;1;1;1
202100034601;139 864;33;0;0;4;0;1
202100034601;139 865;7;0;2;1;1;1
202100034602;139 862;7;0;0;0;11;1
202100034602;139 863;33;12;0;3;21;1
202100034603;139 861;30;16;0;0;1;1
202100034604;139 858;7;0;2;1;2;1
202100034604;139 859;10;0;2;4;2;1
202100034604;139 860;7;0;2;4;2;1
202100034605;139 856;32;0;2;7;3;1
202100034605;139 857;7;0;2;8;11;1
202100034606;139 855;33;1;1;1;1;1
202100034607;139 853;7;0;2;0;1;0
202100034607;139 854;30;0;2;0;1;1
202100034608;139 851;7;0;2;1;16;1
202100034608;139 852;50;0;2;0;19;3
202100034609;139 850;1;0;2;1;1;5
202100034610;139 848;30;0;2;7;14;1
202100034610;139 849;30;0;2;8;1;1
202100034611;139 846;7;0;2;6;9;1
202100034611;139 847;30;0;2;1;1;1
202100034612;139 845;34;12;0;1;14;1
202100034613;139 844;32;0;0;0;21;1
202100034614;139 842;30;0;2;1;1;0
202100034614;139 843;1;0;2;2;1;5
202100034615;139 840;30;0;2;1;2;1
202100034615;139 841;7;0;2;4;23;1
202100034616;139 837;7;0;2;4;2;3
202100034616;139 838;7;0;2;1;2;1
202100034616;139 839;7;0;2;4;23;1
202100034617;139 835;33;0;2;8;7;1
202100034617;139 836;7;0;2;2;16;2
202100034618;139 834;30;0;0;1;7;3
202100034619;139 832;50;0;2;8;5;3
202100034619;139 833;7;0;2;3;1;1
202100034620;139 831;7;0;1;1;1;1
202100034621;139 830;33;0;1;3;0;1
202100034622;139 828;7;0;2;1;1;1
202100034622;139 829;7;0;2;3;1;6
202100034623;139 826;7;0;2;2;1;1
202100034623;139 827;60;0;2;7;19;5
202100034624;139 824;7;0;2;1;9;1
202100034624;139 825;31;0;2;1;0;1
202100034625;139 822;50;0;0;8;0;3
202100034625;139 823;7;0;2;1;1;1
202100034626;139 820;7;0;0;0;0;0
202100034626;139 821;1;0;2;1;1;0
202100034627;139 818;1;0;2;1;1;0
202100034627;139 819;7;0;9;7;15;1
202100034628;139 815;7;0;2;6;1;1
202100034628;139 816;7;0;2;2;1;1
202100034628;139 817;33;0;2;3;3;1
202100034629;139 814;7;0;1;3;1;1
202100034630;139 812;32;0;2;3;15;1
202100034630;139 813;3;0;0;0;0;0
202100034631;139 811;7;0;1;1;1;2
202100034632;139 810;33;0;1;3;1;1
202100034633;139 809;7;2;0;1;14;1
202100034634;139 808;33;15;9;1;14;1
202100034635;139 807;7;2;0;2;0;1
202100034636;139 805;7;0;9;1;2;1
202100034636;139 806;1;0;0;4;2;5
202100034637;139 803;7;0;2;3;1;1
202100034637;139 804;7;0;2;1;13;1
202100034638;139 801;1;0;2;1;1;5
202100034638;139 802;7;0;2;2;15;1
202100034639;139 799;1;0;2;4;2;5
202100034639;139 800;7;0;2;2;17;1
202100034640;139 798;7;2;0;1;0;1
202100034641;139 797;7;0;0;9;0;1
202100034642;139 796;7;8;0;2;1;1
202100034643;139 794;2;0;0;4;2;1
202100034643;139 795;7;0;2;1;2;2
202100034644;139 792;7;0;2;3;1;1
202100034644;139 793;7;0;2;3;13;1
202100034645;139 790;10;0;2;2;12;1
202100034645;139 791;7;0;2;4;1;1
202100034646;139 789;2;3;0;1;1;1
202100034647;139 788;7;0;1;7;1;1
202100034648;139 786;7;0;9;2;1;1
202100034648;139 787;50;0;2;2;15;3
202100034649;139 784;1;0;2;0;1;5
202100034649;139 785;7;0;2;1;1;1
202100034650;139 783;7;8;0;1;14;1
202100034651;139 782;33;0;0;0;0;0
202100034652;139 781;2;0;0;8;1;1
202100034653;139 780;50;0;0;0;1;3
202100034654;139 776;7;0;0;0;1;1
202100034654;139 777;1;0;2;0;1;6
202100034655;139 775;7;13;0;1;1;1
202100034656;139 772;1;0;2;1;9;5
202100034656;139 773;7;0;2;7;1;1
202100034657;139 771;33;0;0;1;1;1
202100034658;139 769;7;13;2;1;15;1
202100034658;139 770;7;0;2;1;1;1
202100034659;139 767;33;0;2;1;1;1
202100034659;139 768;7;0;2;8;19;1
202100034660;139 765;13;0;2;3;1;1
202100034660;139 766;7;0;2;3;13;1
202100034661;139 764;33;8;0;1;1;1
202100034662;139 763;7;2;0;0;13;1
202100034663;139 761;7;0;2;3;1;1
202100034663;139 762;1;0;2;1;13;5
202100034664;139 760;60;0;0;0;1;5
202100034665;139 759;1;0;0;1;1;5
202100034666;139 757;7;0;2;3;13;1
202100034666;139 758;7;0;2;3;1;1
202100034667;139 755;7;0;2;1;5;1
202100034667;139 756;1;0;2;1;1;5
202100034668;139 754;7;8;0;9;1;1
202100034669;139 753;1;0;5;1;1;5
202100034670;139 751;7;0;2;1;1;1
202100034670;139 752;7;0;2;1;5;1
202100034671;139 750;7;0;1;4;26;0
202100034672;139 749;2;2;0;1;0;1
202100034673;139 748;7;2;0;1;1;1
202100034674;139 745;7;0;9;6;23;1
202100034674;139 746;10;0;2;2;1;1
202100034674;139 747;50;0;0;8;19;3
202100034675;139 744;2;9;0;1;1;1
202100034676;139 743;33;0;0;2;1;1
202100034677;139 741;10;0;2;2;17;1
202100034677;139 742;1;0;2;8;0;5
202100034678;139 739;7;0;2;5;17;1
202100034678;139 740;1;0;2;3;1;6
202100034679;139 737;7;12;2;1;5;1
202100034679;139 738;7;12;2;1;1;1
202100034680;139 736;31;0;0;8;1;1
202100034681;139 734;36;0;2;2;1;1
202100034681;139 735;31;0;2;1;1;1
202100034682;139 732;7;0;2;9;0;1
202100034682;139 733;7;7;2;2;9;1
202100034683;139 730;7;0;2;1;26;1
202100034683;139 731;7;0;2;2;1;1
202100034684;139 728;30;0;2;4;2;1
202100034684;139 729;7;0;2;1;2;0
202100034685;139 726;2;0;2;4;15;1
202100034685;139 727;10;0;2;2;17;1
202100034686;139 724;10;0;2;3;1;1
202100034686;139 725;30;0;2;1;1;1
202100034687;139 723;17;13;0;3;1;1
202100034688;139 721;10;1;0;2;1;1
202100034688;139 722;7;0;2;8;24;1
202100034689;139 719;7;0;2;1;2;1
202100034689;139 720;7;0;0;4;23;1
202100034690;139 718;15;0;1;2;1;1
202100034691;139 716;7;0;9;3;9;1
202100034691;139 717;1;0;2;1;1;5
202100034692;139 714;10;0;0;4;2;1
202100034692;139 715;7;4;2;1;2;1
202100034693;139 713;10;0;0;3;1;1
202100034694;139 711;2;0;2;8;15;1
202100034694;139 712;7;0;2;2;1;1
202100034695;139 708;15;1;0;2;1;1
202100034695;139 709;7;0;2;1;1;1
202100034695;139 710;10;0;0;4;23;1
202100034696;139 706;7;0;2;6;1;1
202100034696;139 707;7;0;2;3;16;1
202100034697;139 704;33;0;2;1;1;1
202100034697;139 705;7;0;2;1;1;1
202100034698;139 702;7;0;0;2;15;1
202100034698;139 703;33;0;0;3;1;1
202100034699;139 700;38;0;2;3;1;1
202100034699;139 701;14;0;2;3;1;1
202100034700;139 699;7;10;0;2;14;1
202100034701;139 697;33;0;2;2;5;1
202100034701;139 698;15;0;2;1;1;1
202100034702;139 695;1;0;0;7;1;5
202100034702;139 696;7;0;2;1;9;1
202100034703;139 693;7;0;2;7;1;1
202100034703;139 694;1;0;2;8;1;5
202100034704;139 692;7;13;0;9;1;1
202100034705;139 690;10;0;2;3;15;1
202100034705;139 691;33;0;2;1;17;1
202100034706;139 688;2;0;2;1;13;1
202100034706;139 689;10;0;2;1;1;1
202100034707;139 686;7;0;2;1;1;1
202100034707;139 687;7;0;2;1;1;1
202100034708;139 684;7;0;2;7;1;1
202100034708;139 685;7;0;2;1;19;1
202100034709;139 683;33;14;0;1;0;1
202100034710;139 680;7;0;2;4;2;1
202100034710;139 681;7;0;2;1;2;1
202100034710;139 682;7;0;2;1;2;1
202100034711;139 678;43;0;2;1;1;1
202100034711;139 679;7;0;2;5;2;1
202100034712;139 676;7;0;2;4;2;1
202100034712;139 677;7;0;2;1;2;1
202100034713;139 674;34;0;2;4;1;1
202100034713;139 675;7;0;2;1;1;1
202100034714;139 672;7;0;2;5;1;1
202100034714;139 673;43;0;2;3;3;1
202100034715;139 668;7;0;0;0;2;1
202100034715;139 669;7;0;9;1;1;1
202100034715;139 670;7;0;2;1;18;1
202100034715;139 671;7;0;2;5;12;1
202100034716;139 666;7;4;2;2;14;1
202100034716;139 667;7;0;9;1;1;1
202100034717;139 662;7;0;2;1;2;1
202100034717;139 663;7;0;2;4;2;1
202100034717;139 664;7;0;2;4;2;1
202100034717;139 665;7;0;2;4;2;1
202100034718;139 660;7;0;2;3;11;1
202100034718;139 661;43;0;2;1;3;1
202100034719;139 658;7;0;2;2;1;1
202100034719;139 659;7;0;2;6;1;1
202100034720;139 655;33;0;2;1;3;1
202100034720;139 656;7;0;2;6;1;1
202100034720;139 657;7;0;2;5;1;1
202100034721;139 652;7;0;2;1;11;1
202100034721;139 653;7;0;2;1;2;1
202100034721;139 654;7;0;2;4;2;1
202100034722;139 650;7;0;2;0;26;1
202100034722;139 651;7;0;2;0;26;1
202100034723;139 647;7;0;2;0;0;1
202100034723;139 648;7;0;2;1;26;1
202100034723;139 649;7;0;2;4;26;1
202100034724;139 646;7;4;0;9;0;1
202100034725;139 643;7;0;2;1;1;1
202100034725;139 644;7;0;2;4;2;1
202100034725;139 645;7;0;2;4;2;1
202100034726;139 640;7;0;2;1;1;1
202100034726;139 641;7;0;2;4;2;1
202100034726;139 642;7;0;2;4;2;1
202100034727;139 639;7;4;0;9;14;1
202100034728;139 637;7;0;2;1;2;2
202100034728;139 638;33;0;2;4;2;1
202100034729;139 634;34;0;2;1;1;1
202100034729;139 635;7;0;2;6;1;2
202100034729;139 636;15;0;2;5;12;1
202100034730;139 633;7;4;0;3;13;1
202100034731;139 632;33;0;2;2;1;1
202100034732;139 630;10;0;2;4;11;1
202100034732;139 631;33;0;2;1;9;1
202100034733;139 628;7;0;9;7;1;1
202100034733;139 629;2;0;9;1;1;1
202100034734;139 626;7;0;2;0;16;1
202100034734;139 627;1;0;2;0;0;5
202100034735;139 623;7;9;2;1;1;1
202100034735;139 624;1;0;2;8;1;0
202100034735;139 625;32;0;2;8;1;1
202100034736;139 621;7;0;2;1;1;1
202100034736;139 622;80;0;2;8;1;3
202100034737;139 620;30;0;0;0;1;1
202100034738;139 618;30;0;2;1;17;1
202100034738;139 619;7;0;2;8;15;1
202100034739;139 616;1;0;2;0;0;5
202100034739;139 617;10;0;2;7;16;1
202100034740;139 615;33;0;0;7;14;1
202100034741;139 613;7;0;1;1;1;1
202100034742;139 611;7;0;2;3;2;1
202100034742;139 612;7;1;2;4;2;1
202100034743;139 609;30;0;2;1;15;1
202100034743;139 610;7;0;2;0;0;0
202100034744;139 607;32;0;2;2;1;1
202100034744;139 608;7;0;2;3;9;0
202100034745;139 605;33;0;2;4;1;1
202100034745;139 606;7;0;2;3;9;1
202100034746;139 601;30;0;1;1;1;1
202100034747;139 600;7;0;1;2;0;1
202100034748;139 598;1;0;2;1;1;0
202100034748;139 599;10;0;2;8;15;1
202100034749;139 597;2;12;0;0;1;1
202100034750;139 593;7;0;2;1;2;1
202100034750;139 594;7;0;2;4;2;1
202100034750;139 595;7;0;2;4;2;1
202100034750;139 596;7;14;0;4;2;1
202100034751;139 592;7;0;1;1;2;1
202100034752;139 591;7;0;1;1;26;2
202100034753;139 590;10;0;1;3;1;1
202100034754;139 588;7;0;2;8;10;-1
202100034754;139 589;7;0;2;1;1;-1
202100034755;139 587;33;0;0;0;1;1
202100034756;139 585;30;0;2;7;19;1
202100034756;139 586;7;0;2;8;1;1
202100034757;139 583;32;0;2;6;21;1
202100034757;139 584;7;0;2;2;12;1
202100034758;139 582;7;1;0;2;2;1
202100034759;139 580;7;0;2;3;10;1
202100034759;139 581;33;0;2;2;2;1
202100034760;139 578;7;15;2;4;26;1
202100034760;139 579;7;0;2;2;26;1
202100034761;139 577;7;16;0;1;14;1
202100034762;139 575;7;0;0;0;0;1
202100034762;139 576;34;0;2;3;17;1
202100034763;139 573;31;0;2;8;1;1
202100034763;139 574;7;0;2;1;15;0
202100034764;139 571;7;0;2;8;0;1
202100034764;139 572;7;0;2;1;13;1
202100034765;139 570;31;1;0;1;1;1
202100034766;139 568;7;0;2;1;1;1
202100034766;139 569;1;0;2;5;1;5
202100034767;139 567;7;0;1;3;1;1
202100034768;139 566;33;8;0;1;14;1
202100034769;139 564;33;0;2;1;1;0
202100034769;139 565;7;0;2;8;15;1
202100034770;139 563;7;0;1;3;9;1
202100034771;139 561;7;0;2;3;2;1
202100034771;139 562;32;0;2;2;17;1
202100034772;139 560;7;1;0;3;13;1
202100034773;139 558;7;0;2;4;2;1
202100034773;139 559;7;0;2;1;2;1
202100034774;139 554;7;0;2;2;13;2
202100034774;139 555;7;0;2;1;9;1
202100034774;139 556;7;1;0;6;0;1
202100034774;139 557;7;1;0;0;0;1
202100034775;139 552;7;0;2;1;9;1
202100034775;139 553;33;0;2;2;26;1
202100034776;139 550;33;0;2;3;2;1
202100034776;139 551;7;0;2;5;2;1
202100034777;139 548;7;0;2;3;11;1
202100034777;139 549;33;0;2;2;3;1
202100034778;139 547;7;0;1;3;1;2
202100034779;139 544;7;0;2;8;7;1
202100034779;139 545;7;0;2;5;1;2
202100034779;139 546;33;0;2;3;18;1
202100034780;139 543;30;0;1;1;5;1
202100034781;139 541;7;0;2;2;9;1
202100034781;139 542;80;0;2;1;1;3
202100034782;139 539;34;0;2;2;17;1
202100034782;139 540;7;0;2;3;15;1
202100034783;139 537;7;0;2;3;1;1
202100034783;139 538;1;0;2;7;15;5
202100034784;139 536;50;1;0;0;14;3
202100034785;139 534;32;0;2;4;2;1
202100034785;139 535;7;0;2;1;2;0
202100034786;139 532;1;0;2;1;1;5
202100034786;139 533;34;0;2;3;1;1
202100034787;139 531;50;0;1;1;1;3
202100034788;139 530;32;0;1;4;25;1
202100034789;139 528;1;0;2;1;1;5
202100034789;139 529;50;0;2;1;5;3
202100034790;139 526;50;0;2;2;5;3
202100034790;139 527;33;0;2;2;1;1
202100034791;139 524;1;0;2;1;1;5
202100034791;139 525;10;0;2;7;1;1
202100034792;139 522;1;0;2;1;1;5
202100034792;139 523;7;0;2;6;15;1
202100034793;139 521;10;0;1;1;15;1
202100034794;139 520;7;0;1;8;15;1
202100034795;139 516;7;0;0;3;0;1
202100034795;139 517;7;1;2;2;0;1
202100034795;139 518;7;0;0;3;0;1
202100034795;139 519;7;0;0;0;0;1
202100034796;139 515;10;0;2;3;15;1
202100034797;139 513;7;0;9;3;19;1
202100034797;139 514;50;0;2;1;1;3
202100034798;139 511;50;0;2;3;1;3
202100034798;139 512;7;0;2;6;1;1
202100034799;139 509;7;0;2;3;1;0
202100034799;139 510;33;0;2;1;2;0
202100034800;139 507;60;0;2;1;1;5
202100034800;139 508;10;0;2;1;16;1
202100034801;139 506;30;0;2;1;17;1
202100034802;139 503;10;0;2;4;1;1
202100034802;139 504;7;0;2;4;1;1
202100034802;139 505;7;0;2;1;1;1
202100034803;139 501;7;0;0;0;0;1
202100034803;139 502;7;0;0;0;0;1
202100034804;139 498;1;0;2;2;5;5
202100034804;139 499;2;0;9;1;18;1
202100034805;139 496;7;0;2;2;9;0
202100034805;139 497;99;0;2;1;3;0
202100034806;139 494;7;0;2;3;15;1
202100034806;139 495;7;0;2;1;0;1
202100034807;139 492;1;0;2;1;1;5
202100034807;139 493;7;0;2;4;23;1
202100034808;139 490;2;0;2;1;1;1
202100034808;139 491;7;0;2;8;10;1
202100034809;139 489;34;0;1;1;5;1
202100034810;139 488;43;8;0;9;26;1
202100034811;139 486;7;0;2;3;15;2
202100034811;139 487;37;0;2;2;1;1
202100034812;139 484;7;0;2;3;15;1
202100034812;139 485;2;0;2;1;1;1
202100034813;139 482;43;0;2;1;1;1
202100034813;139 483;3;0;2;4;0;1
202100034814;139 481;32;0;0;1;13;1
202100034815;139 480;60;0;1;1;1;5
202100034816;139 478;7;0;2;2;11;1
202100034816;139 479;7;0;2;2;1;1
202100034817;139 477;7;13;0;1;1;1
202100034818;139 475;2;0;2;1;19;1
202100034818;139 476;7;0;2;8;19;1
202100034819;139 473;7;0;2;3;1;1
202100034819;139 474;7;0;2;6;26;1
202100034820;139 472;33;0;0;0;9;1
202100034821;139 471;36;0;0;0;0;1
202100034822;139 469;7;0;2;6;2;1
202100034822;139 470;33;0;2;1;2;1
202100034823;139 467;7;0;2;3;15;1
202100034823;139 468;7;0;2;1;1;1
202100034824;139 466;7;13;0;2;14;1
202100034825;139 463;33;0;2;1;1;1
202100034825;139 464;33;0;2;1;1;1
202100034825;139 465;7;0;2;1;17;1
202100034826;139 461;10;0;2;7;17;1
202100034826;139 462;21;0;2;3;15;1
202100034827;139 457;7;0;2;3;1;1
202100034827;139 458;33;0;2;0;17;1
202100034828;139 456;33;0;0;0;1;1
202100034829;139 455;7;2;0;8;1;1
202100034830;139 454;7;2;0;1;13;1
202100034831;139 450;7;0;0;0;1;1
202100034831;139 451;33;0;2;3;1;1
202100034831;139 452;7;0;2;1;1;1
202100034831;139 453;7;0;2;3;1;2
202100034832;139 448;33;0;2;5;2;1
202100034832;139 449;33;0;2;1;2;1
202100034833;139 446;33;0;2;1;1;1
202100034833;139 447;7;0;2;1;1;1
202100034834;139 444;7;0;2;2;15;1
202100034834;139 445;33;0;2;1;1;1
202100034835;139 443;2;0;0;0;1;1
202100034836;139 441;10;0;2;2;1;1
202100034836;139 442;30;0;2;4;1;1
202100034837;139 440;7;7;0;9;1;1
202100034838;139 438;31;0;2;1;1;1
202100034838;139 439;50;0;2;8;15;3
202100034839;139 435;33;0;0;4;0;1
202100034839;139 436;33;0;0;4;0;1
202100034839;139 437;33;0;2;1;0;1
202100034840;139 433;33;0;2;1;1;1
202100034840;139 434;7;0;2;8;1;1
202100034841;139 432;33;5;0;1;1;1
202100034842;139 430;2;13;0;4;15;1
202100034842;139 431;7;0;2;1;17;1
202100034843;139 428;7;0;2;5;2;1
202100034843;139 429;33;0;2;1;2;1
202100034844;139 427;33;5;0;1;13;1
202100034845;139 423;33;0;2;1;17;1
202100034845;139 424;7;0;2;6;15;1
202100034846;139 422;33;3;0;7;1;1
202100034847;139 421;7;13;0;1;1;1
202100034848;139 419;33;0;2;1;1;6
202100034848;139 420;7;0;2;7;15;6
202100034849;139 418;7;2;0;3;1;1
202100034850;139 416;33;0;2;1;1;1
202100034850;139 417;7;0;2;4;15;1
202100034851;139 414;33;0;0;8;0;1
202100034852;139 412;7;0;0;1;1;1
202100034853;139 411;3;16;0;1;1;1
202100034854;139 409;7;0;2;1;0;1
202100034854;139 410;7;0;2;1;0;1
202100034855;139 407;7;0;2;3;1;1
202100034855;139 408;7;0;2;3;13;1
202100034856;139 402;7;0;9;8;15;1
202100034856;139 403;1;0;2;1;17;5
202100034856;139 404;1;0;2;1;17;5
202100034856;139 405;1;0;2;1;17;5
202100034856;139 406;1;0;2;1;17;5
202100034857;139 401;7;2;0;7;1;1
202100034858;139 399;2;0;2;8;13;1
202100034858;139 400;7;0;2;3;1;1
202100034859;139 398;7;0;0;1;13;1
202100034860;139 397;33;0;0;0;1;1
202100034861;139 395;1;0;2;8;1;5
202100034861;139 396;7;0;2;3;15;1
202100034862;139 393;7;0;2;1;1;1
202100034862;139 394;7;0;2;8;19;1
202100034863;139 392;7;13;0;1;0;1
202100034864;139 391;7;6;0;1;13;1
202100034865;139 389;60;0;2;3;0;5
202100034865;139 390;7;0;9;2;1;1
202100034866;139 387;10;0;2;1;13;1
202100034866;139 388;7;0;2;1;0;1
202100034867;139 386;33;13;0;1;1;1
202100034868;139 385;33;0;0;1;2;1
202100034869;139 384;7;16;0;2;26;1
202100034870;139 383;33;2;0;1;14;1
202100034871;139 381;33;0;2;1;2;1
202100034871;139 382;7;0;0;4;23;1
202100034872;139 380;7;4;0;8;19;1
202100034873;139 379;7;13;0;2;0;1
202100034874;139 378;7;13;0;9;14;1
202100034875;139 376;33;0;2;1;13;1
202100034875;139 377;7;0;2;7;9;1
202100034876;139 374;10;0;1;2;1;1
202100034877;139 372;7;0;2;1;2;1
202100034877;139 373;7;0;2;1;13;0
202100034878;139 371;7;8;0;2;1;1
202100034879;139 369;7;0;2;1;1;1
202100034879;139 370;30;0;2;1;1;1
202100034880;139 368;10;0;1;1;1;1
202100034881;139 366;7;0;2;3;20;1
202100034881;139 367;2;0;2;0;26;0
202100034882;139 365;7;0;1;3;1;1
202100034883;139 364;33;6;0;1;26;1
202100034884;139 363;33;5;0;1;14;1
202100034885;139 358;2;0;2;7;1;1
202100034885;139 359;7;0;2;8;15;1
202100034886;139 356;7;0;2;3;1;1
202100034886;139 357;7;0;0;8;1;1
202100034887;139 355;2;3;0;0;1;1
202100034888;139 353;7;0;2;3;15;1
202100034888;139 354;33;0;2;2;17;1
202100034889;139 352;33;0;0;8;1;1
202100034890;139 351;1;0;0;1;1;5
202100034891;139 349;33;0;2;1;13;1
202100034891;139 350;33;0;0;1;1;1
202100034892;139 348;7;0;1;3;1;1
202100034893;139 344;2;0;2;3;1;1
202100034893;139 345;21;0;2;3;1;1
202100034894;139 342;7;0;2;3;1;1
202100034894;139 343;7;0;2;3;1;1
202100034895;139 339;33;0;2;3;1;1
202100034895;139 340;7;0;0;4;23;1
202100034895;139 341;33;0;2;1;5;1
202100034896;139 337;33;0;2;1;1;1
202100034896;139 338;7;0;2;3;26;1
202100034897;139 336;31;8;0;8;17;1
202100034898;139 334;7;0;2;1;1;1
202100034898;139 335;7;0;2;1;13;1
202100034899;139 332;7;0;2;4;2;1
202100034899;139 333;7;0;2;1;2;1
202100034900;139 329;33;0;2;1;1;1
202100034900;139 330;7;0;2;1;13;1
202100034900;139 331;7;0;2;8;1;1
202100034901;139 328;7;13;0;0;0;1
202100034902;139 326;0;0;2;5;15;1
202100034902;139 327;2;1;2;3;1;1
202100034903;139 325;2;0;0;0;0;1
202100034904;139 322;7;4;2;4;11;1
202100034904;139 323;7;0;2;1;2;1
202100034904;139 324;7;4;2;4;2;1
202100034905;139 319;7;0;2;4;2;1
202100034905;139 320;7;0;2;4;2;1
202100034905;139 321;7;0;2;1;2;1
202100034906;139 317;7;0;2;1;1;1
202100034906;139 318;7;0;2;1;11;1
202100034907;139 314;33;0;2;1;3;1
202100034907;139 315;7;0;2;3;2;1
202100034907;139 316;7;0;2;5;1;1