Num_Acc;id_vehicule;catv;obs;obsm;choc;manv;motor
202100038374;133 045;7;1;0;3;1;1
202100038375;133 044;7;0;1;3;1;0
202100038376;133 043;7;0;1;1;1;1
202100038377;133 041;7;0;2;1;1;1
202100038377;133 042;7;0;2;0;1;1
202100038378;133 040;7;9;0;3;1;1
202100038379;133 038;30;0;2;1;2;1
202100038379;133 039;7;0;2;4;1;1
202100038380;133 034;7;0;1;8;1;2
202100038381;133 032;1;0;2;7;1;0
202100038381;133 033;10;0;2;7;10;1
202100038382;133 030;33;0;2;1;1;1
202100038382;133 031;10;0;2;3;15;1
202100038383;133 029;30;0;1;1;26;1
202100038384;133 028;3;0;1;1;15;0
202100038385;133 026;7;0;2;9;2;1
202100038385;133 027;30;0;2;7;1;1
202100038386;133 023;7;0;9;6;1;1
202100038386;133 024;33;0;9;1;1;0
202100038386;133 025;1;0;2;1;19;5
202100038387;133 021;30;0;2;1;9;1
202100038387;133 022;7;0;2;0;0;0
202100038388;133 019;33;0;2;1;0;1
202100038388;133 020;7;0;2;2;16;1
202100038389;133 017;7;0;2;3;0;1
202100038389;133 018;10;0;2;2;0;1
202100038390;133 015;43;0;2;3;3;1
202100038390;133 016;7;0;2;5;1;1
202100038391;133 012;10;0;2;4;2;0
202100038391;133 013;7;0;2;1;2;1
202100038391;133 014;10;0;2;1;2;1
202100038392;133 011;1;0;1;1;1;5
202100038393;133 010;7;0;1;2;1;1
202100038394;133 008;30;0;2;3;18;1
202100038394;133 009;14;0;2;7;16;1
202100038395;133 007;7;0;1;1;7;2
202100038396;133 005;7;0;2;4;2;1
202100038396;133 006;7;0;2;4;23;1
202100038397;133 003;34;0;2;1;2;1
202100038397;133 004;7;0;2;2;15;1
202100038398;133 002;80;0;1;1;1;3
202100038399;133 000;31;0;2;2;17;1
202100038399;133 001;7;0;2;3;15;1
202100038400;132 998;30;0;2;8;10;1
202100038400;132 999;34;0;2;1;1;1
202100038401;132 997;1;0;1;1;1;5
202100038402;132 995;7;0;2;5;14;1
202100038402;132 996;43;0;2;3;1;1
202100038403;132 993;7;0;2;4;2;1
202100038403;132 994;10;0;2;1;2;1
202100038404;132 992;7;0;1;2;16;2
202100038405;132 990;99;0;2;1;26;3
202100038405;132 991;7;0;2;4;1;1
202100038406;132 989;30;0;1;1;1;1
202100038407;132 988;7;12;0;0;21;1
202100038408;132 986;31;0;2;1;13;1
202100038408;132 987;10;0;2;8;1;1
202100038409;132 984;2;0;2;8;15;1
202100038409;132 985;3;0;2;5;1;1
202100038410;132 982;31;0;2;2;1;0
202100038410;132 983;0;1;2;3;15;0
202100038411;132 981;7;0;1;1;9;1
202100038412;132 979;34;0;2;7;1;1
202100038412;132 980;10;0;2;3;11;1
202100038413;132 977;32;0;2;1;1;1
202100038413;132 978;7;0;2;0;15;1
202100038414;132 975;7;0;2;4;16;1
202100038414;132 976;3;0;2;1;16;4
202100038415;132 974;30;0;0;0;21;1
202100038416;132 973;7;0;1;2;1;1
202100038417;132 972;50;0;0;0;26;3
202100038418;132 971;33;0;0;8;23;1
202100038419;132 970;50;9;0;0;1;3
202100038420;132 968;30;0;2;1;18;1
202100038420;132 969;7;0;2;2;16;1
202100038421;132 966;7;0;2;2;16;1
202100038421;132 967;1;0;2;1;1;5
202100038422;132 964;32;0;2;3;1;1
202100038422;132 965;7;0;2;2;16;1
202100038423;132 963;32;15;0;1;13;1
202100038424;132 962;7;1;0;1;15;1
202100038425;132 961;17;0;0;7;1;1
202100038426;132 959;10;0;0;6;1;1
202100038426;132 960;17;0;0;6;2;1
202100038427;132 958;31;3;0;6;3;1
202100038428;132 955;1;0;2;1;1;5
202100038428;132 956;1;0;2;1;1;5
202100038428;132 957;7;2;2;1;14;1
202100038429;132 952;7;0;2;5;2;1
202100038429;132 953;7;0;2;3;2;1
202100038429;132 954;7;0;2;2;2;1
202100038430;132 950;17;0;0;0;13;1
202100038430;132 951;7;0;2;2;1;1
202100038431;132 948;7;0;2;3;1;1
202100038431;132 949;2;0;2;1;13;1
202100038432;132 946;7;0;0;4;2;1
202100038432;132 947;7;0;2;1;2;1
202100038433;132 944;2;0;2;1;1;1
202100038433;132 945;7;0;2;3;15;0
202100038434;132 943;7;0;1;1;0;1
202100038435;132 942;33;13;0;1;14;1
202100038436;132 941;10;0;1;1;1;1
202100038437;132 940;7;13;0;1;1;1
202100038438;132 938;7;6;0;1;2;1
202100038439;132 936;7;0;2;1;1;1
202100038439;132 937;33;0;0;4;1;1
202100038440;132 935;7;13;0;1;1;1
202100038441;132 933;7;0;2;2;15;1
202100038441;132 934;33;0;2;1;1;1
202100038442;132 931;7;0;2;2;1;1
202100038442;132 932;1;0;2;1;1;5
202100038443;132 929;10;0;2;1;2;1
202100038443;132 930;17;0;0;4;2;1
202100038444;132 927;7;0;0;1;1;1
202100038444;132 928;7;0;0;3;9;1
202100038445;132 924;7;0;2;1;1;1
202100038445;132 925;7;0;2;1;1;1
202100038445;132 926;7;0;2;3;17;1
202100038446;132 923;1;0;0;0;0;5
202100038447;132 921;7;0;2;8;1;1
202100038447;132 922;7;0;2;3;13;1
202100038448;132 920;33;0;0;9;1;1
202100038449;132 919;7;0;0;1;21;1
202100038450;132 916;7;0;2;1;1;1
202100038450;132 917;7;0;2;7;13;1
202100038450;132 918;17;0;2;1;1;1
202100038451;132 914;1;0;0;1;13;5
202100038451;132 915;7;0;2;3;1;1
202100038452;132 912;7;0;2;2;1;1
202100038452;132 913;2;3;2;1;13;1
202100038453;132 911;33;0;6;1;1;1
202100038454;132 909;7;0;2;3;16;0
202100038454;132 910;1;0;2;1;9;5
202100038455;132 907;7;0;2;8;1;1
202100038455;132 908;7;0;2;1;19;1
202100038456;132 905;7;0;2;5;15;1
202100038456;132 906;33;0;2;1;1;1
202100038457;132 904;38;0;1;2;1;0
202100038458;132 902;7;0;0;0;17;1
202100038458;132 903;33;13;0;3;17;3
202100038459;132 900;7;0;2;3;10;1
202100038459;132 901;2;0;2;1;17;1
202100038460;132 898;31;0;2;1;17;1
202100038460;132 899;7;0;2;1;2;1
202100038461;132 897;7;2;0;7;1;1
202100038462;132 895;7;0;0;4;1;1
202100038462;132 896;7;0;2;1;1;1
202100038463;132 894;7;0;1;1;1;1
202100038464;132 892;7;0;2;6;10;1
202100038464;132 893;33;0;2;1;1;1
202100038465;132 890;7;0;2;3;19;1
202100038465;132 891;33;0;2;1;1;1
202100038466;132 889;7;2;0;1;13;1
202100038467;132 887;7;0;2;2;17;1
202100038467;132 888;7;0;2;8;15;1
202100038468;132 885;15;0;0;6;24;1
202100038468;132 886;2;1;0;1;0;1
202100038469;132 884;2;0;1;1;19;1
202100038470;132 882;7;0;2;2;1;1
202100038470;132 883;1;0;2;6;0;5
202100038471;132 881;3;0;1;1;19;0
202100038472;132 880;10;9;1;2;14;1
202100038473;132 879;7;13;0;0;0;1
202100038474;132 877;7;0;2;3;15;1
202100038474;132 878;2;0;2;8;15;1
202100038475;132 876;7;13;0;6;1;1
202100038476;132 875;7;0;1;1;1;1
202100038477;132 873;2;0;2;1;2;1
202100038477;132 874;7;0;2;5;10;1
202100038478;132 871;7;0;2;4;15;1
202100038478;132 872;7;0;2;1;2;1
202100038479;132 869;7;0;2;3;1;1
202100038479;132 870;7;0;2;2;19;1
202100038480;132 865;7;0;0;4;1;1
202100038480;132 866;7;3;2;4;1;1
202100038480;132 867;7;0;2;4;1;1
202100038480;132 868;7;0;2;1;11;1
202100038481;132 864;7;16;0;0;1;1
202100038482;132 861;7;0;0;4;23;1
202100038482;132 862;7;0;2;4;23;1
202100038482;132 863;13;0;2;1;2;1
202100038483;132 859;7;0;2;4;1;1
202100038483;132 860;7;0;2;1;2;1
202100038484;132 857;7;0;2;5;0;1
202100038484;132 858;7;0;2;2;2;1
202100038485;132 855;7;0;2;1;2;1
202100038485;132 856;10;0;2;4;1;1
202100038486;132 850;7;0;2;1;2;1
202100038486;132 851;10;0;2;5;1;1
202100038486;132 852;7;0;2;3;2;1
202100038486;132 853;10;0;2;4;1;1
202100038486;132 854;7;0;2;4;2;1
202100038487;132 847;7;0;2;4;2;1
202100038487;132 848;7;14;2;4;2;1
202100038487;132 849;7;0;2;1;2;1
202100038488;132 846;7;0;0;7;1;1
202100038489;132 844;7;0;2;4;2;1
202100038489;132 845;7;0;2;1;2;1
202100038490;132 842;7;0;2;7;1;1
202100038490;132 843;33;0;2;3;11;1
202100038491;132 839;7;0;2;1;2;1
202100038491;132 840;7;0;2;4;2;1
202100038491;132 841;10;0;2;4;2;1
202100038492;132 838;32;0;0;0;15;1
202100038493;132 836;7;14;0;0;0;0
202100038493;132 837;7;0;2;0;24;1
202100038494;132 834;7;0;2;4;1;1
202100038494;132 835;33;0;2;1;1;1
202100038495;132 833;10;4;0;8;13;1
202100038496;132 832;7;3;0;1;1;1
202100038497;132 829;10;0;2;1;1;1
202100038497;132 830;10;0;2;4;1;1
202100038497;132 831;7;0;2;4;1;1
202100038498;132 828;10;4;2;1;1;1
202100038499;132 826;7;0;0;4;1;1
202100038499;132 827;7;0;2;8;1;1
202100038500;132 825;7;3;0;1;15;1
202100038501;132 822;7;0;2;4;2;1
202100038501;132 823;7;0;2;4;2;1
202100038501;132 824;7;0;2;1;2;1
202100038502;132 821;33;14;0;9;3;1
202100038503;132 818;7;0;2;7;1;1
202100038503;132 819;80;0;2;2;11;3
202100038504;132 817;7;5;0;1;14;1
202100038505;132 815;10;0;2;2;26;1
202100038505;132 816;7;0;2;3;1;1
202100038506;132 814;2;0;1;7;0;1
202100038507;132 811;7;0;2;1;1;1
202100038507;132 812;7;0;2;3;21;1
202100038507;132 813;7;0;2;1;5;1
202100038508;132 810;30;12;0;0;0;0
202100038509;132 808;7;0;2;8;15;1
202100038509;132 809;7;0;2;1;17;1
202100038510;132 807;7;0;1;4;20;1
202100038511;132 806;7;0;1;1;25;1
202100038512;132 804;30;0;2;2;1;1
202100038512;132 805;7;0;2;3;15;1
202100038513;132 802;1;0;2;8;1;5
202100038513;132 803;10;0;2;2;17;0
202100038514;132 799;7;0;2;1;2;1
202100038514;132 800;7;0;2;4;2;1
202100038514;132 801;7;0;0;4;2;1
202100038515;132 797;7;0;2;1;26;1
202100038515;132 798;7;0;2;1;26;0
202100038516;132 795;7;0;2;3;15;1
202100038516;132 796;34;0;2;7;1;1
202100038517;132 793;7;0;2;3;1;1
202100038517;132 794;7;0;2;7;1;1
202100038518;132 791;7;0;2;0;1;1
202100038518;132 792;7;0;2;1;13;1
202100038519;132 788;7;0;2;4;2;1
202100038519;132 789;7;0;2;4;2;1
202100038519;132 790;7;0;2;1;2;1
202100038520;132 787;10;0;5;9;21;1
202100038521;132 785;7;1;2;1;17;0
202100038521;132 786;7;1;2;1;17;0
202100038522;132 783;99;0;0;0;25;0
202100038522;132 784;40;0;1;7;23;3
202100038523;132 781;7;0;2;1;1;1
202100038523;132 782;7;0;2;1;13;1
202100038524;132 779;7;0;2;7;12;1
202100038524;132 780;7;0;2;8;1;1
202100038525;132 777;10;0;2;2;13;1
202100038525;132 778;7;0;2;6;1;1
202100038526;132 775;7;0;2;4;23;1
202100038526;132 776;7;0;2;3;2;1
202100038527;132 773;32;0;2;0;1;1
202100038527;132 774;7;0;2;3;1;1
202100038528;132 771;30;0;2;1;17;1
202100038528;132 772;7;0;2;8;15;1
202100038529;132 769;7;0;2;6;22;1
202100038529;132 770;7;0;2;7;1;1
202100038530;132 767;7;0;2;2;15;1
202100038530;132 768;1;0;2;1;1;5
202100038531;132 765;1;0;2;7;1;5
202100038531;132 766;7;0;2;8;22;1
202100038532;132 763;50;0;2;1;2;3
202100038532;132 764;50;0;2;4;2;3
202100038533;132 762;7;0;1;2;15;2
202100038534;132 761;7;0;1;1;15;1
202100038535;132 759;10;1;2;3;20;1
202100038535;132 760;30;0;2;1;15;1
202100038536;132 757;7;1;2;1;2;1
202100038536;132 758;7;0;2;4;23;1
202100038537;132 755;31;0;2;1;2;1
202100038537;132 756;30;0;0;2;15;1
202100038538;132 753;34;0;2;1;3;1
202100038538;132 754;7;0;2;3;1;1
202100038539;132 752;50;0;0;0;0;3
202100038540;132 751;7;0;1;2;26;1
202100038541;132 750;7;0;1;1;1;0
202100038542;132 749;7;1;0;1;13;1
202100038543;132 748;37;0;1;3;16;1
202100038544;132 746;1;0;2;1;9;5
202100038544;132 747;60;0;2;2;25;5
202100038545;132 744;7;0;2;1;15;1
202100038545;132 745;2;0;2;8;1;1
202100038546;132 743;30;0;0;0;1;1
202100038547;132 740;34;0;2;2;17;1
202100038547;132 741;7;0;2;8;15;1
202100038547;132 742;7;0;2;2;23;1
202100038548;132 738;33;0;2;1;0;1
202100038548;132 739;7;0;2;5;1;1
202100038549;132 737;7;4;0;8;1;1
202100038550;132 735;7;0;1;4;1;1
202100038550;132 736;7;0;2;1;1;1
202100038551;132 733;7;0;2;3;26;1
202100038551;132 734;7;0;2;1;1;1
202100038552;132 731;7;0;2;1;2;1
202100038552;132 732;7;0;2;4;1;1
202100038553;132 730;2;6;0;1;2;1
202100038554;132 729;33;0;0;1;14;1
202100038555;132 728;7;2;0;9;1;1
202100038556;132 726;34;3;2;9;1;1
202100038556;132 727;7;0;2;4;15;0
202100038557;132 724;7;0;2;2;1;1
202100038557;132 725;2;0;2;1;19;1
202100038558;132 723;33;6;0;1;19;1
202100038559;132 721;7;0;2;3;13;1
202100038559;132 722;2;12;2;3;1;1
202100038560;132 720;7;13;0;1;14;1
202100038561;132 719;14;0;0;9;0;1
202100038562;132 717;99;1;2;1;17;0
202100038562;132 718;7;0;2;2;1;1
202100038563;132 715;7;0;2;5;1;1
202100038563;132 716;7;0;2;3;1;1
202100038564;132 714;1;0;1;1;0;5
202100038565;132 712;7;0;2;3;1;1
202100038565;132 713;17;0;2;3;1;1
202100038566;132 711;7;0;0;0;0;1
202100038567;132 708;7;0;2;3;13;1
202100038567;132 709;7;3;2;3;1;1
202100038567;132 710;7;0;2;1;1;1
202100038568;132 706;7;0;2;3;16;1
202100038568;132 707;7;0;2;1;1;1
202100038569;132 705;36;6;0;3;0;1
202100038570;132 704;33;0;0;0;0;1
202100038571;132 701;15;0;2;6;1;1
202100038571;132 702;7;0;2;3;1;1
202100038572;132 700;33;13;0;7;1;1
202100038573;132 698;7;0;2;1;1;1
202100038573;132 699;7;0;2;3;1;1
202100038574;132 697;7;0;0;1;13;1
202100038575;132 695;31;0;2;8;0;1
202100038575;132 696;2;0;2;1;0;1
202100038576;132 689;7;0;0;4;23;0
202100038576;132 690;7;0;0;4;23;0
202100038576;132 691;7;0;2;4;2;0
202100038576;132 692;7;0;2;4;2;0
202100038576;132 693;7;0;2;1;2;6
202100038576;132 694;7;0;2;4;2;0
202100038577;132 688;7;13;0;1;13;1
202100038578;132 686;7;0;0;6;1;1
202100038578;132 687;7;0;2;2;1;1
202100038579;132 684;7;0;2;8;10;1
202100038579;132 685;7;0;2;1;1;1
202100038580;132 683;7;1;1;3;26;1
202100038581;132 682;7;0;0;9;1;1
202100038582;132 680;7;0;2;8;15;1
202100038582;132 681;33;0;2;1;13;1
202100038583;132 679;33;16;0;1;0;1
202100038584;132 677;10;0;2;3;15;1
202100038584;132 678;7;0;2;1;17;1
202100038585;132 676;7;13;0;2;1;1
202100038586;132 675;7;0;1;3;15;1
202100038587;132 673;33;0;2;1;1;1
202100038587;132 674;7;0;2;4;9;1
202100038588;132 670;33;0;2;1;13;1
202100038588;132 671;7;0;2;3;1;1
202100038589;132 658;99;0;2;4;1;1
202100038589;132 659;7;3;0;1;1;1
202100038589;132 660;7;0;2;1;1;1
202100038589;132 661;7;1;2;2;1;1
202100038589;132 662;7;0;0;7;1;1
202100038589;132 663;10;0;0;6;26;1
202100038589;132 664;7;0;2;0;2;1
202100038589;132 665;7;0;9;4;2;1
202100038589;132 666;7;0;9;1;2;1
202100038589;132 667;7;0;2;8;1;1
202100038589;132 668;7;0;2;8;1;2
202100038589;132 669;7;0;0;8;1;1
202100038590;132 656;7;0;0;1;0;1
202100038590;132 657;7;1;0;1;1;1
202100038591;132 654;7;0;2;1;12;1
202100038591;132 655;7;4;2;4;1;1
202100038592;132 653;7;3;0;1;21;1
202100038593;132 652;7;3;0;1;1;1
202100038594;132 650;7;0;2;4;1;1
202100038594;132 651;7;0;2;1;1;1
202100038595;132 649;7;6;0;1;1;1
202100038596;132 648;7;0;1;3;1;1
202100038597;132 647;10;6;0;1;16;1
202100038598;132 645;7;0;2;3;19;1
202100038598;132 646;34;0;2;1;1;1
202100038599;132 643;31;0;2;3;13;1
202100038599;132 644;7;0;2;8;1;1
202100038600;132 641;7;0;9;2;9;1
202100038600;132 642;1;0;2;1;1;5
202100038601;132 639;7;0;2;6;1;1
202100038601;132 640;30;0;2;1;1;1
202100038602;132 637;7;9;2;6;14;1
202100038602;132 638;7;0;2;1;0;0
202100038603;132 635;7;0;2;2;15;1
202100038603;132 636;7;0;2;8;2;1
202100038604;132 633;7;0;2;1;1;1
202100038604;132 634;1;0;2;7;1;0
202100038605;132 631;99;0;2;1;1;0
202100038605;132 632;7;0;2;2;16;1
202100038606;132 630;43;0;1;2;1;1
202100038607;132 628;7;0;2;4;23;1
202100038607;132 629;30;0;2;1;2;1
202100038608;132 626;7;0;2;3;9;1
202100038608;132 627;7;0;2;5;16;1
202100038609;132 623;37;0;2;3;1;1
202100038609;132 624;7;0;2;3;1;1
202100038610;132 621;38;0;2;0;0;1
202100038610;132 622;7;0;2;1;0;1
202100038611;132 619;32;0;2;1;1;1
202100038611;132 620;7;0;2;3;16;1
202100038612;132 617;30;0;2;1;1;1
202100038612;132 618;7;0;2;3;15;1
202100038613;132 616;7;0;1;1;2;1
202100038614;132 615;36;0;0;0;0;1
202100038615;132 614;7;4;0;1;21;1
202100038616;132 612;7;0;2;2;16;1
202100038616;132 613;2;1;2;8;1;1
202100038617;132 611;7;0;0;1;13;1
202100038618;132 609;1;0;2;1;1;5
202100038618;132 610;7;0;9;7;1;1
202100038619;132 607;7;0;2;4;23;1
202100038619;132 608;33;0;2;3;21;1
202100038620;132 606;7;8;0;8;1;1
202100038621;132 605;7;8;0;7;1;1
202100038622;132 602;7;3;0;2;14;1
202100038623;132 600;7;0;2;3;1;1
202100038623;132 601;7;0;2;3;13;1
202100038624;132 598;7;0;2;1;1;1
202100038624;132 599;7;0;2;7;15;1
202100038625;132 596;3;0;1;1;1;0
202100038626;132 594;7;0;2;3;1;1
202100038626;132 595;7;0;2;4;15;1
202100038627;132 592;7;0;2;8;26;1
202100038627;132 593;7;0;2;1;26;1
202100038628;132 591;7;0;1;1;15;1
202100038629;132 589;7;6;0;1;1;1
202100038630;132 587;7;0;2;1;1;1
202100038630;132 588;7;0;2;8;15;1
202100038631;132 585;33;0;2;1;1;1
202100038631;132 586;7;0;2;2;11;1
202100038632;132 584;0;0;1;0;0;0
202100038633;132 582;7;0;2;2;18;1
202100038633;132 583;7;0;2;6;0;1
202100038634;132 580;7;0;2;1;0;0
202100038634;132 581;2;0;2;4;0;1
202100038635;132 578;33;0;2;8;1;1
202100038635;132 579;7;0;2;1;9;1
202100038636;132 574;7;0;2;6;19;0
202100038636;132 575;33;0;2;1;19;1
202100038637;132 572;33;0;2;1;1;1
202100038637;132 573;7;0;2;4;1;1
202100038638;132 571;7;0;1;4;26;0
202100038639;132 569;7;0;2;1;11;1
202100038639;132 570;13;0;2;4;0;1
202100038640;132 566;7;1;0;2;0;1
202100038640;132 567;7;0;2;2;0;0
202100038640;132 568;7;0;2;0;0;0
202100038641;132 564;7;0;2;7;19;1
202100038641;132 565;33;0;2;1;1;1
202100038642;132 563;33;0;0;7;16;1
202100038643;132 562;2;1;0;0;14;1
202100038644;132 560;7;0;0;4;26;1
202100038644;132 561;7;0;2;1;2;1
202100038645;132 558;7;0;2;2;1;1
202100038645;132 559;7;0;2;8;1;2
202100038646;132 556;7;0;2;6;23;1
202100038646;132 557;80;0;2;1;2;3
202100038647;132 554;33;1;2;1;20;1
202100038647;132 555;1;0;2;1;1;5
202100038648;132 552;7;0;2;2;12;1
202100038648;132 553;32;0;2;8;1;1
202100038649;132 550;32;0;2;2;16;1
202100038649;132 551;7;0;2;3;1;1
202100038650;132 548;7;0;2;8;11;1
202100038650;132 549;33;0;2;1;1;1
202100038651;132 546;7;0;2;8;1;3
202100038651;132 547;30;0;2;1;1;1
202100038652;132 544;7;8;2;0;21;1
202100038652;132 545;7;0;2;0;1;0
202100038653;132 542;2;0;2;1;17;1
202100038653;132 543;7;0;2;3;15;1
202100038654;132 540;7;0;2;2;15;1
202100038654;132 541;2;0;2;1;1;3
202100038655;132 538;7;0;2;8;1;1
202100038655;132 539;7;0;2;0;15;1
202100038656;132 536;32;0;2;1;2;1
202100038656;132 537;7;0;2;4;2;1
202100038657;132 534;7;0;2;2;2;1
202100038657;132 535;7;0;2;3;0;1
202100038658;132 533;7;9;0;3;13;1
202100038659;132 531;10;0;2;8;10;1
202100038659;132 532;32;0;2;1;13;1
202100038660;132 529;7;9;2;1;26;1
202100038660;132 530;7;0;2;3;15;1
202100038661;132 528;7;0;1;1;9;1
202100038662;132 526;33;0;2;1;26;1
202100038662;132 527;7;0;2;4;1;1
202100038663;132 525;30;14;0;1;2;1
202100038664;132 524;60;1;0;6;1;5
202100038665;132 523;33;0;0;7;1;1
202100038666;132 522;32;0;1;1;2;0
202100038667;132 521;99;13;0;7;26;1
202100038668;132 519;33;0;2;0;1;1
202100038668;132 520;7;0;2;0;1;1
202100038669;132 518;7;0;0;1;1;1
202100038670;132 516;7;8;2;1;14;1
202100038670;132 517;7;0;2;1;1;1
202100038671;132 514;7;0;2;3;13;1
202100038671;132 515;7;2;2;2;1;1
202100038672;132 513;2;2;0;0;21;1
202100038673;132 508;7;0;0;4;1;1
202100038673;132 509;7;0;2;9;2;1
202100038673;132 510;7;0;2;1;2;1
202100038673;132 511;7;0;2;9;2;1
202100038673;132 512;7;0;2;1;2;1
202100038674;132 506;7;0;2;2;1;1
202100038674;132 507;7;0;2;3;21;1
202100038675;132 505;33;13;0;1;1;1
202100038676;132 503;7;0;2;3;9;1
202100038676;132 504;2;0;2;7;1;1
202100038677;132 502;7;0;0;0;17;1
202100038678;132 501;7;13;0;9;1;1
202100038679;132 499;7;0;2;3;13;1
202100038679;132 500;7;0;2;3;1;1
202100038680;132 498;3;0;0;3;1;1
202100038681;132 497;7;2;0;2;14;1
202100038682;132 495;7;13;2;2;1;1
202100038682;132 496;7;7;0;1;1;0
202100038683;132 494;33;16;0;0;5;1
202100038684;132 492;7;0;2;1;15;2
202100038684;132 493;7;0;2;1;1;1
202100038685;132 487;7;0;2;2;23;1
202100038685;132 488;7;1;2;1;1;1
202100038685;132 489;7;0;2;1;15;1
202100038686;132 485;10;0;2;7;17;1
202100038686;132 486;2;0;2;8;15;1
202100038687;132 483;7;0;2;3;1;1
202100038687;132 484;31;0;2;3;5;1
202100038688;132 482;1;0;0;0;1;0
202100038689;132 479;7;0;2;3;13;1
202100038689;132 480;21;0;2;8;1;1
202100038689;132 481;7;0;2;3;1;1
202100038690;132 475;7;0;0;1;1;1
202100038690;132 476;7;0;0;4;1;1
202100038690;132 477;7;0;0;5;11;1
202100038690;132 478;7;0;2;2;0;1
202100038691;132 473;7;0;0;4;16;1
202100038691;132 474;7;0;2;1;2;1
202100038692;132 468;7;0;2;1;21;1
202100038692;132 469;33;0;2;3;1;1
202100038692;132 470;7;0;2;4;23;1
202100038692;132 471;7;0;0;4;23;1
202100038692;132 472;7;0;2;4;23;1
202100038693;132 466;7;0;2;3;16;1
202100038693;132 467;7;0;2;1;1;1
202100038694;132 464;36;0;2;7;0;0
202100038694;132 465;31;1;0;8;0;0
202100038695;132 463;7;2;0;2;1;1
202100038696;132 461;7;0;2;3;1;1
202100038696;132 462;7;0;2;2;19;1
202100038697;132 460;7;13;0;3;1;1
202100038698;132 458;60;0;2;2;19;5
202100038698;132 459;7;0;2;2;1;1
202100038699;132 457;10;2;0;1;6;1
202100038700;132 456;1;0;1;1;1;5
202100038701;132 455;7;3;0;3;0;1
202100038702;132 454;7;0;0;0;13;1
202100038703;132 453;7;6;0;1;0;1
202100038704;132 452;33;6;0;1;1;1
202100038705;132 451;33;7;0;1;0;0
202100038706;132 450;33;0;0;0;1;1
202100038707;132 448;7;0;9;1;1;1
202100038707;132 449;33;2;0;9;1;1
202100038708;132 446;7;0;2;2;1;1
202100038708;132 447;7;0;2;2;13;1
202100038709;132 443;7;0;2;3;1;1
202100038709;132 444;7;0;2;5;15;1
202100038709;132 445;7;13;2;3;18;1
202100038710;132 441;33;0;2;1;13;1
202100038710;132 442;7;0;2;3;21;1
202100038711;132 439;7;0;9;0;2;1
202100038711;132 440;1;0;0;4;2;0
202100038712;132 437;7;0;2;3;13;1
202100038712;132 438;7;3;2;3;21;1
202100038713;132 435;7;0;2;1;1;1
202100038713;132 436;1;0;2;5;1;5
202100038714;132 433;7;0;2;1;1;3
202100038714;132 434;7;0;2;1;15;1
202100038715;132 431;7;0;2;3;15;1
202100038715;132 432;1;0;2;1;16;5
202100038716;132 430;7;13;0;2;15;1
202100038717;132 427;7;8;0;3;14;1
202100038718;132 424;7;0;2;2;12;1
202100038718;132 425;32;0;0;7;1;1
202100038719;132 421;7;0;2;1;2;1
202100038719;132 422;7;0;2;1;2;0
202100038719;132 423;7;0;2;4;1;1
202100038720;132 419;7;0;2;8;1;1
202100038720;132 420;7;0;2;8;1;1
202100038721;132 417;7;0;2;4;2;1
202100038721;132 418;7;0;2;2;2;1
202100038722;132 416;7;0;0;9;2;1
202100038723;132 412;7;0;2;4;2;1
202100038723;132 413;7;0;2;8;2;1
202100038723;132 414;7;0;2;1;2;1
202100038723;132 415;7;0;2;2;2;0
202100038724;132 411;7;4;0;0;1;1
202100038725;132 409;33;0;2;1;1;1
202100038725;132 410;7;0;2;5;1;1
202100038726;132 408;7;4;0;3;13;1
202100038727;132 405;7;4;0;1;1;1
202100038727;132 406;10;0;2;1;1;1
202100038727;132 407;7;0;2;2;1;1
202100038728;132 400;7;0;2;1;1;1
202100038728;132 401;7;0;2;1;1;1
202100038728;132 402;7;0;2;4;1;1
202100038728;132 403;7;0;2;9;1;1
202100038728;132 404;7;0;2;9;1;1
202100038729;132 398;7;0;2;6;11;1
202100038729;132 399;33;0;2;7;1;1
202100038730;132 397;33;4;0;7;1;1
202100038731;132 395;7;0;2;4;2;1
202100038731;132 396;7;0;2;1;0;1
202100038732;132 392;7;0;2;1;1;1
202100038732;132 393;7;0;2;4;1;1
202100038732;132 394;7;0;2;4;1;1
202100038733;132 391;1;0;0;0;19;6
202100038734;132 390;7;1;0;7;2;1
202100038735;132 388;7;0;2;1;0;1
202100038735;132 389;7;0;2;1;13;1
202100038736;132 385;7;0;2;8;1;1
202100038736;132 386;7;0;2;1;2;1
202100038736;132 387;7;0;2;1;21;1
202100038737;132 383;32;0;2;1;17;1
202100038737;132 384;7;0;2;3;15;1
202100038738;132 380;7;0;2;3;16;1
202100038738;132 381;7;0;2;3;15;1
202100038739;132 378;7;0;2;4;1;1
202100038739;132 379;10;0;2;1;1;1
202100038740;132 376;7;0;2;3;9;1
202100038740;132 377;33;0;2;1;19;1
202100038741;132 375;7;0;1;1;9;1
202100038742;132 370;7;8;0;8;0;1
202100038743;132 364;7;0;2;2;2;1
202100038743;132 365;7;0;2;6;2;1
202100038743;132 366;7;0;2;4;2;1
202100038744;132 362;7;0;2;8;13;1
202100038744;132 363;33;0;2;3;1;1
202100038745;132 360;7;9;2;3;16;1
202100038745;132 361;33;0;2;1;1;1
202100038746;132 358;7;0;2;2;15;1
202100038746;132 359;7;0;2;1;1;1
202100038747;132 356;7;0;2;1;17;1
202100038747;132 357;7;0;2;1;2;1
202100038748;132 354;7;0;9;2;19;1
202100038748;132 355;50;0;2;1;1;3
202100038749;132 352;7;0;2;6;3;2
202100038749;132 353;7;0;2;2;2;1
202100038750;132 349;7;0;2;8;1;1
202100038750;132 350;7;0;2;2;1;1
202100038750;132 351;2;0;2;1;19;1
202100038751;132 347;3;1;2;1;2;1
202100038751;132 348;7;0;2;4;2;1
202100038752;132 345;7;0;2;3;1;1
202100038752;132 346;3;0;2;3;15;1
202100038753;132 342;7;0;2;1;2;1