Num_Acc;id_vehicule;catv;obs;obsm;choc;manv;motor
202100038753;132 343;7;0;2;5;2;1
202100038753;132 344;7;0;2;1;23;1
202100038754;132 340;32;0;2;7;0;1
202100038754;132 341;7;0;2;3;0;1
202100038755;132 339;7;8;0;1;16;1
202100038756;132 337;30;0;2;2;17;1
202100038756;132 338;7;0;2;0;15;1
202100038757;132 335;7;0;2;1;2;1
202100038757;132 336;7;0;2;4;1;1
202100038758;132 333;7;6;2;1;1;1
202100038758;132 334;15;0;2;7;1;1
202100038759;132 331;7;0;2;3;15;1
202100038759;132 332;7;0;2;1;1;1
202100038760;132 329;7;0;9;1;1;1
202100038760;132 330;1;0;2;1;5;5
202100038761;132 328;7;0;1;1;1;1
202100038762;132 326;7;0;9;2;16;1
202100038762;132 327;1;0;2;1;16;5
202100038763;132 325;7;0;1;4;20;1
202100038764;132 323;15;0;2;5;1;1
202100038764;132 324;1;0;2;3;1;5
202100038765;132 322;7;0;1;1;2;1
202100038766;132 321;31;0;1;1;17;1
202100038767;132 319;33;0;2;1;17;1
202100038767;132 320;10;0;2;4;15;1
202100038768;132 318;30;2;0;1;1;1
202100038769;132 316;2;0;2;1;17;1
202100038769;132 317;7;0;2;3;15;0
202100038770;132 314;7;1;0;1;26;1
202100038770;132 315;7;0;2;4;23;1
202100038771;132 312;31;0;2;2;3;1
202100038771;132 313;7;4;2;6;1;1
202100038772;132 310;80;0;2;1;2;3
202100038772;132 311;7;0;2;4;23;1
202100038773;132 309;32;0;1;3;9;3
202100038774;132 307;2;0;2;7;17;1
202100038774;132 308;7;0;2;3;15;1
202100038775;132 305;7;0;2;8;15;1
202100038775;132 306;30;0;2;2;17;1
202100038776;132 304;7;12;0;9;13;1
202100038777;132 302;2;0;2;4;2;1
202100038777;132 303;7;0;2;1;2;3
202100038778;132 300;32;0;2;2;17;1
202100038778;132 301;7;0;2;3;15;1
202100038779;132 298;10;0;2;8;22;1
202100038779;132 299;1;0;2;1;1;5
202100038780;132 296;7;0;2;1;1;1
202100038780;132 297;7;1;2;8;1;2
202100038781;132 294;7;0;2;8;22;1
202100038781;132 295;2;0;2;1;1;1
202100038782;132 293;31;0;0;7;1;3
202100038783;132 291;7;3;0;1;1;1
202100038783;132 292;2;0;2;4;24;1
202100038784;132 289;1;0;2;5;14;5
202100038784;132 290;80;0;2;3;18;3
202100038785;132 287;10;0;2;1;2;1
202100038785;132 288;7;0;2;4;23;1
202100038786;132 285;1;0;2;1;25;5
202100038786;132 286;7;0;2;8;9;1
202100038787;132 284;33;12;0;1;0;1
202100038788;132 282;99;0;2;1;15;1
202100038788;132 283;99;0;2;1;1;1
202100038789;132 280;7;0;2;2;14;1
202100038789;132 281;31;0;2;8;1;1
202100038790;132 278;2;0;2;3;1;0
202100038790;132 279;10;0;2;2;10;0
202100038791;132 275;7;0;2;1;2;1
202100038791;132 276;7;0;2;4;2;0
202100038791;132 277;7;0;2;4;15;1
202100038792;132 274;7;0;1;3;2;1
202100038793;132 272;7;0;2;1;15;1
202100038793;132 273;32;0;2;6;21;1
202100038794;132 270;7;0;2;4;0;1
202100038794;132 271;7;0;2;1;1;1
202100038795;132 267;10;0;2;1;15;1
202100038795;132 268;7;0;2;1;16;1
202100038796;132 265;7;0;2;2;9;1
202100038796;132 266;3;1;0;0;11;0
202100038797;132 264;32;1;0;1;1;1
202100038798;132 263;33;8;0;1;0;1
202100038799;132 262;7;13;0;8;1;1
202100038800;132 261;33;0;0;6;1;1
202100038801;132 259;7;0;2;8;15;1
202100038801;132 260;32;0;2;1;17;1
202100038802;132 257;33;0;2;1;1;1
202100038802;132 258;7;0;2;1;9;1
202100038803;132 255;33;0;2;1;13;1
202100038803;132 256;7;0;2;3;1;3
202100038804;132 253;7;0;2;5;16;0
202100038804;132 254;33;0;2;3;1;1
202100038805;132 251;7;0;2;2;21;1
202100038805;132 252;7;0;2;6;11;3
202100038806;132 248;20;0;2;6;1;1
202100038806;132 249;31;0;2;8;1;1
202100038806;132 250;10;0;2;3;1;1
202100038807;132 246;2;0;2;2;19;1
202100038807;132 247;7;0;2;2;0;1
202100038808;132 245;33;0;0;9;1;1
202100038809;132 244;33;0;0;0;0;1
202100038810;132 243;2;0;0;1;1;1
202100038811;132 241;1;0;0;4;1;5
202100038811;132 242;7;0;2;2;1;1
202100038812;132 240;36;3;0;2;1;1
202100038813;132 239;7;13;0;1;5;1
202100038814;132 238;80;0;0;0;1;3
202100038815;132 236;7;0;2;3;13;1
202100038815;132 237;43;0;2;3;1;1
202100038816;132 235;33;2;0;1;1;1
202100038817;132 234;7;6;0;2;1;1
202100038818;132 233;2;0;1;1;1;1
202100038819;132 231;33;0;0;8;26;1
202100038820;132 230;2;14;0;1;1;1
202100038821;132 229;7;13;0;9;15;1
202100038822;132 228;7;3;0;8;1;1
202100038823;132 227;10;6;0;3;13;1
202100038824;132 226;34;0;0;7;1;1
202100038825;132 224;1;0;2;8;1;5
202100038825;132 225;7;0;2;7;17;0
202100038826;132 223;21;13;0;2;16;1
202100038827;132 222;7;2;0;7;13;1
202100038828;132 221;33;0;6;1;1;1
202100038829;132 220;10;0;1;2;21;1
202100038830;132 218;7;0;2;3;1;1
202100038830;132 219;33;0;2;1;17;1
202100038831;132 216;7;0;0;0;1;1
202100038831;132 217;1;6;0;0;1;5
202100038832;132 215;33;3;0;7;2;1
202100038833;132 213;7;0;2;7;15;1
202100038833;132 214;33;0;2;1;1;1
202100038834;132 210;7;0;2;2;5;1
202100038834;132 211;33;0;2;1;21;1
202100038835;132 209;33;11;0;1;6;1
202100038836;132 205;7;8;2;1;17;1
202100038836;132 206;7;0;2;3;15;1
202100038837;132 204;34;0;0;8;1;1
202100038838;132 203;7;3;0;1;14;1
202100038839;132 201;33;12;2;3;6;1
202100038839;132 202;7;0;2;1;1;1
202100038840;132 200;31;8;0;1;13;1
202100038841;132 199;7;0;0;1;0;1
202100038842;132 198;10;8;0;1;14;1
202100038843;132 196;7;0;2;3;1;1
202100038843;132 197;32;0;2;1;1;1
202100038844;132 194;7;0;2;1;1;1
202100038844;132 195;7;0;2;1;15;1
202100038845;132 193;7;0;0;9;17;1
202100038846;132 191;7;0;2;3;1;1
202100038846;132 192;7;0;2;3;15;1
202100038847;132 189;7;0;2;6;9;1
202100038847;132 190;33;0;2;1;1;1
202100038848;132 187;7;0;0;1;9;1
202100038848;132 188;30;0;0;8;9;1
202100038849;132 186;50;10;0;1;0;3
202100038850;132 185;7;0;0;0;1;1
202100038851;132 184;1;0;0;0;19;5
202100038852;132 182;2;0;2;1;1;1
202100038852;132 183;7;0;2;6;11;1
202100038853;132 180;7;0;2;1;13;1
202100038853;132 181;33;0;2;1;1;1
202100038854;132 179;7;13;0;3;15;1
202100038855;132 178;33;2;0;0;0;1
202100038856;132 176;1;0;2;1;1;5
202100038856;132 177;7;0;9;2;15;1
202100038857;132 174;2;0;2;1;1;1
202100038857;132 175;7;0;2;3;15;1
202100038858;132 173;7;0;1;1;1;1
202100038859;132 171;7;0;2;1;2;1
202100038859;132 172;33;0;2;4;1;2
202100038860;132 167;7;13;0;1;1;1
202100038861;132 165;7;0;2;2;1;1
202100038861;132 166;7;0;2;6;1;1
202100038862;132 163;7;0;2;4;1;1
202100038862;132 164;31;0;2;1;1;1
202100038863;132 161;33;0;2;8;1;1
202100038863;132 162;7;0;2;6;1;1
202100038864;132 158;7;0;2;1;1;1
202100038864;132 159;7;0;2;4;2;1
202100038864;132 160;7;0;2;4;2;1
202100038865;132 155;7;0;2;4;1;1
202100038865;132 156;7;0;2;4;0;1
202100038865;132 157;7;0;2;1;1;1
202100038866;132 153;7;0;2;1;1;1
202100038866;132 154;7;0;2;4;1;1
202100038867;132 150;7;0;2;1;1;1
202100038867;132 151;7;0;2;4;1;1
202100038867;132 152;7;0;2;4;1;1
202100038868;132 148;7;0;2;1;1;1
202100038868;132 149;7;0;2;4;1;1
202100038869;132 146;7;0;1;1;1;1
202100038870;132 144;7;2;2;3;7;6
202100038870;132 145;7;0;2;2;1;0
202100038871;132 143;33;0;1;2;17;1
202100038872;132 142;7;1;0;3;1;1
202100038873;132 141;7;0;1;4;20;1
202100038874;132 140;10;0;1;2;1;1
202100038875;132 138;33;1;0;1;14;0
202100038875;132 139;7;0;2;3;14;1
202100038876;132 136;10;0;2;3;9;1
202100038876;132 137;1;0;2;7;1;5
202100038877;132 134;2;0;2;1;17;1
202100038877;132 135;7;0;2;6;15;1
202100038878;132 132;7;0;2;8;15;1
202100038878;132 133;7;0;2;6;1;1
202100038879;132 131;7;0;1;1;18;1
202100038880;132 129;1;0;2;7;1;5
202100038880;132 130;7;0;2;7;9;1
202100038881;132 128;30;12;0;1;1;1
202100038882;132 127;30;16;0;0;13;1
202100038883;132 126;7;14;0;2;1;1
202100038884;132 125;30;0;0;7;1;1
202100038885;132 124;7;0;1;4;20;1
202100038886;132 122;7;0;0;6;16;1
202100038886;132 123;7;0;2;2;12;1
202100038887;132 121;7;6;0;3;26;1
202100038888;132 119;33;0;2;1;17;1
202100038888;132 120;7;0;2;8;15;1
202100038889;132 117;7;0;2;3;15;1
202100038889;132 118;33;0;2;1;1;1
202100038890;132 116;7;0;1;2;26;1
202100038891;132 114;7;0;2;1;0;1
202100038891;132 115;7;0;2;1;1;1
202100038892;132 112;10;13;2;1;14;1
202100038892;132 113;7;0;2;5;2;1
202100038893;132 109;7;0;2;4;2;2
202100038893;132 110;7;0;2;4;2;1
202100038893;132 111;7;0;2;1;2;1
202100038894;132 108;7;0;1;7;1;1
202100038895;132 107;7;8;0;1;14;1
202100038896;132 105;7;0;2;0;15;1
202100038896;132 106;32;0;2;0;1;1
202100038897;132 102;7;0;2;3;13;1
202100038897;132 103;7;0;2;1;1;1
202100038897;132 104;37;0;2;3;1;1
202100038898;132 101;7;0;0;2;1;1
202100038899;132 099;15;0;2;1;0;0
202100038899;132 100;34;0;2;1;26;0
202100038900;132 098;31;0;0;1;2;1
202100038901;132 096;7;0;2;7;1;1
202100038901;132 097;1;0;2;1;1;5
202100038902;132 094;33;0;2;8;9;1
202100038902;132 095;7;0;2;7;9;1
202100038903;132 091;7;0;1;1;16;1
202100038904;132 089;1;0;2;1;1;5
202100038904;132 090;7;0;2;5;16;1
202100038905;132 087;7;0;2;1;1;1
202100038905;132 088;7;0;2;4;23;1
202100038906;132 085;7;8;2;1;13;1
202100038906;132 086;7;0;2;2;1;1
202100038907;132 084;30;12;0;8;13;1
202100038908;132 082;33;0;2;1;26;1
202100038908;132 083;7;0;2;7;15;1
202100038909;132 080;1;0;2;1;1;1
202100038909;132 081;7;0;2;7;15;1
202100038910;132 078;7;9;2;1;1;1
202100038910;132 079;7;9;2;3;19;1
202100038911;132 076;3;0;0;0;0;1
202100038911;132 077;7;0;2;7;19;1
202100038912;132 075;7;0;1;1;1;1
202100038913;132 074;14;0;1;1;1;1
202100038914;132 072;99;0;2;1;1;6
202100038914;132 073;99;0;0;3;23;1
202100038915;132 070;7;15;0;1;13;1
202100038916;132 069;3;0;0;1;26;3
202100038917;132 068;7;13;0;1;14;1
202100038918;132 066;7;0;2;2;1;1
202100038918;132 067;1;0;2;1;1;5
202100038919;132 064;30;0;2;1;21;1
202100038919;132 065;7;0;2;3;11;1
202100038920;132 062;7;0;2;8;15;1
202100038920;132 063;32;0;2;1;1;1
202100038921;132 061;33;1;0;4;14;1
202100038922;132 060;1;0;1;1;1;5
202100038923;132 058;7;0;2;1;2;1
202100038923;132 059;7;0;2;4;1;1
202100038924;132 056;7;0;2;3;9;1
202100038924;132 057;32;0;2;2;1;1
202100038925;132 054;7;0;2;7;15;1
202100038925;132 055;7;0;2;1;1;1
202100038926;132 052;7;0;2;7;15;1
202100038926;132 053;32;0;2;1;0;1
202100038927;132 050;7;0;2;1;0;1
202100038927;132 051;7;0;2;1;11;1
202100038928;132 048;10;0;2;6;16;1
202100038928;132 049;2;0;2;1;19;1
202100038929;132 044;37;0;2;1;1;1
202100038929;132 045;7;0;2;2;16;1
202100038930;132 042;7;0;2;6;2;1
202100038930;132 043;33;14;0;1;2;1
202100038931;132 040;7;0;2;1;9;1
202100038931;132 041;30;0;2;4;0;1
202100038932;132 038;2;1;2;4;24;1
202100038932;132 039;7;1;0;1;24;1
202100038933;132 036;7;0;2;3;9;1
202100038933;132 037;7;0;2;1;1;1
202100038934;132 034;7;0;2;7;1;1
202100038934;132 035;7;0;2;8;10;1
202100038935;132 033;7;1;0;1;1;1
202100038936;132 032;7;0;1;1;1;1
202100038937;132 030;1;0;0;0;0;0
202100038937;132 031;33;12;2;2;14;1
202100038938;132 028;30;0;2;8;19;1
202100038938;132 029;32;0;2;1;3;1
202100038939;132 027;32;11;0;1;2;1
202100038940;132 024;31;0;2;1;5;1
202100038940;132 025;7;0;2;3;13;1
202100038940;132 026;7;0;0;3;16;1
202100038941;132 023;7;0;1;1;9;1
202100038942;132 022;7;0;1;1;1;1
202100038943;132 020;7;0;2;1;1;1
202100038943;132 021;7;0;2;4;1;1
202100038944;132 019;7;2;0;1;1;1
202100038945;132 018;7;6;0;1;9;1
202100038946;132 017;31;1;0;7;21;1
202100038947;132 016;30;0;0;3;1;1
202100038948;132 015;10;0;1;2;1;1
202100038949;132 014;34;0;0;8;26;1
202100038950;132 013;7;0;1;2;16;1
202100038951;132 011;7;0;2;4;23;1
202100038951;132 012;30;0;2;1;1;0
202100038952;132 010;7;0;1;1;0;1
202100038953;132 008;15;0;2;6;1;1
202100038953;132 009;7;0;2;2;11;1
202100038954;132 007;33;0;0;7;3;1
202100038955;132 005;50;0;2;7;25;3
202100038955;132 006;60;0;2;1;25;5
202100038956;132 004;30;0;1;7;1;3
202100038957;132 003;34;0;1;0;1;1
202100038958;132 001;1;0;2;5;1;5
202100038958;132 002;10;0;2;5;16;1
202100038959;131 999;32;0;2;7;17;1
202100038959;132 000;10;0;2;3;15;1
202100038960;131 998;32;0;1;8;15;1
202100038961;131 996;32;0;2;4;1;1
202100038961;131 997;7;0;2;3;13;0
202100038962;131 993;32;0;2;9;3;1
202100038962;131 994;13;0;2;5;23;1
202100038962;131 995;37;0;2;6;23;3
202100038963;131 992;7;0;1;1;1;2
202100038964;131 990;33;0;2;1;1;1
202100038964;131 991;7;0;2;1;15;2
202100038965;131 988;14;0;2;1;2;6
202100038965;131 989;7;0;2;4;2;1
202100038966;131 987;1;0;0;0;1;5
202100038967;131 985;7;0;2;7;1;3
202100038967;131 986;30;0;2;2;20;1
202100038968;131 984;30;0;1;1;1;1
202100038969;131 983;43;0;1;1;1;1
202100038970;131 981;1;0;2;7;5;5
202100038970;131 982;1;0;2;1;1;5
202100038971;131 979;50;0;2;1;1;3
202100038971;131 980;10;0;2;8;22;1
202100038972;131 977;7;0;2;2;1;1
202100038972;131 978;32;0;2;1;1;1
202100038973;131 976;1;0;0;1;26;5
202100038974;131 975;32;0;1;1;1;1
202100038975;131 973;10;0;9;2;12;1
202100038975;131 974;1;0;2;0;1;5
202100038976;131 972;7;0;1;7;1;1
202100038977;131 970;7;0;2;5;1;1
202100038977;131 971;2;0;2;3;11;1
202100038978;131 968;33;0;2;1;2;1
202100038978;131 969;7;0;9;7;20;1
202100038979;131 967;30;15;0;0;1;1
202100038980;131 966;7;0;1;1;1;1
202100038981;131 964;7;0;2;4;0;1
202100038981;131 965;7;0;2;1;2;1
202100038982;131 962;7;0;2;1;16;1
202100038982;131 963;7;0;2;7;1;1
202100038983;131 960;7;0;2;3;15;1
202100038983;131 961;7;0;2;2;5;1
202100038984;131 958;34;0;2;1;1;1
202100038984;131 959;7;0;2;3;15;0
202100038985;131 956;80;0;2;7;0;3
202100038985;131 957;7;0;2;3;26;1
202100038986;131 954;7;0;2;8;13;1
202100038986;131 955;33;0;2;7;17;1
202100038987;131 952;7;0;2;6;2;1
202100038987;131 953;7;0;2;2;2;1
202100038988;131 949;7;0;1;2;1;1
202100038989;131 946;10;1;2;2;0;0
202100038989;131 947;7;0;2;0;0;1
202100038989;131 948;33;0;2;2;13;1
202100038990;131 943;7;1;0;1;2;1
202100038991;131 942;7;0;1;1;19;1
202100038992;131 940;7;0;2;8;1;1
202100038992;131 941;7;0;2;8;1;2
202100038993;131 939;7;0;1;1;9;1
202100038994;131 937;1;0;0;0;0;0
202100038994;131 938;30;0;0;0;0;0
202100038995;131 935;1;0;2;1;17;0
202100038995;131 936;7;0;2;3;9;1
202100038996;131 934;7;0;1;4;26;1
202100038997;131 933;32;0;2;1;1;1
202100038998;131 931;43;0;2;2;17;1
202100038998;131 932;1;0;2;6;13;5
202100038999;131 930;1;0;0;8;1;5
202100039000;131 928;33;0;2;1;1;1
202100039000;131 929;7;0;2;5;1;1
202100039001;131 926;7;0;2;8;23;1
202100039001;131 927;50;0;2;3;17;3
202100039002;131 924;1;0;2;3;19;5
202100039002;131 925;7;0;2;2;1;1
202100039003;131 921;7;0;2;0;0;1
202100039003;131 922;7;0;2;1;1;1
202100039003;131 923;7;0;2;1;2;1
202100039004;131 919;33;0;2;1;1;1
202100039004;131 920;33;0;2;4;1;1
202100039005;131 918;7;8;0;3;0;1
202100039006;131 916;7;0;2;8;15;1
202100039006;131 917;31;0;2;1;17;1
202100039007;131 915;7;8;0;3;0;1
202100039008;131 914;7;15;0;1;20;1
202100039009;131 912;10;0;2;8;17;0
202100039009;131 913;33;0;2;7;17;1
202100039010;131 910;7;0;2;1;17;1
202100039010;131 911;7;0;0;4;15;1
202100039011;131 908;10;0;2;3;15;1
202100039011;131 909;33;0;2;1;1;1
202100039012;131 907;7;2;0;3;0;1
202100039013;131 905;7;0;2;1;17;1
202100039013;131 906;7;0;2;1;1;1
202100039014;131 904;34;0;0;1;1;0
202100039015;131 902;7;0;2;3;13;1
202100039015;131 903;37;0;2;3;1;1
202100039016;131 900;7;0;2;3;1;1
202100039016;131 901;7;0;2;3;5;1
202100039017;131 899;7;2;0;4;1;1
202100039018;131 898;7;15;0;2;1;1
202100039019;131 897;7;2;0;1;0;1
202100039020;131 896;36;2;0;1;1;1
202100039021;131 894;7;9;2;7;1;1
202100039021;131 895;7;0;2;1;1;1
202100039022;131 892;7;0;9;6;15;0
202100039022;131 893;1;0;2;4;16;6
202100039023;131 891;7;2;0;1;14;6
202100039024;131 890;7;6;0;1;1;1
202100039025;131 888;7;0;2;3;17;1
202100039025;131 889;7;0;2;3;21;1
202100039026;131 886;33;0;2;1;1;1
202100039026;131 887;7;0;2;8;15;1
202100039027;131 885;7;13;0;1;1;1
202100039028;131 883;7;0;9;3;1;1
202100039028;131 884;1;0;2;7;12;0
202100039029;131 882;33;0;0;0;1;1
202100039030;131 881;7;7;0;1;1;1
202100039031;131 879;7;0;0;2;0;1
202100039031;131 880;1;0;2;1;0;5
202100039032;131 877;7;6;2;3;13;1
202100039032;131 878;33;0;2;1;13;1
202100039033;131 876;7;1;0;3;1;1
202100039034;131 874;7;0;2;7;16;1
202100039034;131 875;33;0;2;1;18;1
202100039035;131 873;33;13;0;0;21;1
202100039036;131 871;7;0;2;2;19;1
202100039036;131 872;7;0;2;3;1;1
202100039037;131 869;7;0;2;6;19;1
202100039037;131 870;33;0;2;8;19;1
202100039038;131 865;7;0;0;0;1;1
202100039039;131 863;33;1;0;3;13;1
202100039040;131 859;7;0;2;4;1;1
202100039040;131 860;7;0;2;4;1;1
202100039040;131 861;7;0;2;1;1;1
202100039040;131 862;7;0;2;4;1;1
202100039041;131 857;10;0;2;1;2;1
202100039041;131 858;7;0;2;4;2;1
202100039042;131 850;7;0;2;2;0;1
202100039042;131 851;7;0;2;6;0;1
202100039042;131 852;7;0;2;4;1;1
202100039042;131 853;15;0;2;8;1;1
202100039043;131 848;7;0;2;8;11;1
202100039043;131 849;33;0;2;1;3;1
202100039044;131 845;7;0;2;0;12;1
202100039044;131 846;33;0;2;1;21;1
202100039044;131 847;15;0;2;4;1;1
202100039045;131 842;33;0;2;3;3;1
202100039045;131 843;7;0;2;2;12;1
202100039045;131 844;7;0;2;6;1;2
202100039046;131 840;7;0;2;1;1;1
202100039046;131 841;7;4;2;8;12;1
202100039047;131 838;7;0;2;5;12;1
202100039047;131 839;33;0;2;8;3;1
202100039048;131 836;10;0;2;4;1;1
202100039048;131 837;33;0;2;1;1;1
202100039049;131 834;7;0;2;1;26;1
202100039049;131 835;7;0;2;4;0;1
202100039050;131 832;33;4;2;1;3;1
202100039050;131 833;7;4;2;6;11;1
202100039051;131 830;14;0;2;1;2;1
202100039051;131 831;17;0;2;4;2;1
202100039052;131 829;7;4;0;1;9;1
202100039053;131 826;7;0;2;1;9;1
202100039053;131 827;7;0;2;3;15;1
202100039054;131 824;7;0;1;2;1;1
202100039055;131 822;7;0;2;2;16;1
202100039055;131 823;1;12;2;8;1;5
202100039056;131 821;7;0;1;2;9;1
202100039057;131 820;7;0;1;1;1;1
202100039058;131 819;37;0;0;0;26;1
202100039059;131 817;7;0;2;3;15;1
202100039059;131 818;7;8;2;2;17;1
202100039060;131 815;31;0;2;3;1;3
202100039060;131 816;7;0;2;1;19;1
202100039061;131 813;1;0;2;8;15;5
202100039061;131 814;7;0;9;4;4;3
202100039062;131 811;1;0;4;1;19;5
202100039062;131 812;40;0;2;2;1;0
202100039063;131 810;7;0;1;2;2;1
202100039064;131 808;7;1;0;1;2;1
202100039064;131 809;7;1;0;4;2;1
202100039065;131 807;7;1;0;2;1;1
202100039066;131 805;10;0;2;1;16;0
202100039066;131 806;1;0;2;8;19;5
202100039067;131 804;10;0;1;3;26;1
202100039068;131 803;7;8;0;1;14;1
202100039069;131 802;7;0;1;2;1;1
202100039070;131 800;7;0;2;1;0;1
202100039070;131 801;33;0;2;4;16;1
202100039071;131 798;1;0;2;1;1;5
202100039071;131 799;7;0;9;7;1;1
202100039072;131 796;10;0;2;5;1;1
202100039072;131 797;80;0;2;1;1;3
202100039073;131 794;10;0;2;2;12;1
202100039073;131 795;33;0;2;1;3;1
202100039074;131 792;7;0;2;3;1;1
202100039074;131 793;50;0;2;1;19;3
202100039075;131 791;32;12;0;1;14;1
202100039076;131 789;7;0;2;2;15;1
202100039076;131 790;7;0;2;2;1;1
202100039077;131 788;7;0;1;1;19;1
202100039078;131 785;7;0;2;4;2;1
202100039078;131 786;7;0;2;1;2;1
202100039078;131 787;10;0;2;4;2;1
202100039079;131 782;7;0;2;4;2;1
202100039079;131 783;7;0;2;4;1;1
202100039079;131 784;7;0;2;1;2;1
202100039080;131 779;7;0;1;0;1;1
202100039081;131 778;7;2;0;3;13;1
202100039082;131 776;30;0;2;1;5;1
202100039082;131 777;7;0;2;3;1;1
202100039083;131 774;30;0;2;2;1;1
202100039083;131 775;7;0;2;8;9;1
202100039084;131 773;7;0;1;1;1;1
202100039085;131 769;7;0;2;5;23;1
202100039085;131 770;30;0;2;1;1;0
202100039086;131 767;7;0;2;1;15;1
202100039086;131 768;1;0;2;7;19;5
202100039087;131 765;7;0;2;1;1;1
202100039087;131 766;7;0;2;4;1;1
202100039088;131 763;7;0;2;1;1;1
202100039088;131 764;7;0;2;1;13;1
202100039089;131 761;7;0;2;4;1;1
202100039089;131 762;32;0;2;1;1;1
202100039090;131 759;7;0;2;1;1;1
202100039090;131 760;1;0;2;6;19;5
202100039091;131 757;7;0;2;6;1;1
202100039091;131 758;7;0;2;1;10;1
202100039092;131 755;31;0;2;1;17;1
202100039092;131 756;7;0;2;3;15;1
202100039093;131 753;7;0;2;3;19;1
202100039093;131 754;31;0;2;1;17;1
202100039094;131 752;30;14;0;8;11;1
202100039095;131 750;7;0;2;3;1;1
202100039095;131 751;30;0;2;1;15;1
202100039096;131 748;7;0;2;2;15;1
202100039096;131 749;31;0;2;1;1;1
202100039097;131 746;7;0;2;4;23;1
202100039097;131 747;10;0;2;1;2;1
202100039098;131 745;7;0;1;1;1;1
202100039099;131 743;7;0;2;2;1;1
202100039099;131 744;50;0;2;1;16;3
202100039100;131 741;7;0;2;1;1;1
202100039100;131 742;7;0;2;7;1;1
202100039101;131 740;7;1;0;1;1;1
202100039102;131 739;7;0;1;3;0;1
202100039103;131 737;34;0;2;2;1;1
202100039103;131 738;7;0;2;3;15;1
202100039104;131 736;7;0;1;1;1;1
202100039105;131 734;7;0;2;8;10;1
202100039105;131 735;2;0;2;1;1;1
202100039106;131 731;7;0;2;3;5;1
202100039106;131 732;7;0;2;3;1;1
202100039106;131 733;7;0;2;3;1;1
202100039107;131 729;7;0;2;2;12;1
202100039107;131 730;7;0;2;3;16;1
202100039108;131 726;7;0;2;8;1;1
202100039108;131 727;7;0;2;8;1;1
202100039108;131 728;7;0;2;3;21;1
202100039109;131 723;7;0;1;1;1;1
202100039110;131 721;1;0;2;3;1;5
202100039110;131 722;7;0;2;3;23;1
202100039111;131 720;13;0;1;2;15;1
202100039112;131 718;30;0;4;7;19;1
202100039112;131 719;40;0;2;3;1;3
202100039113;131 716;0;0;1;0;2;0
202100039114;131 714;33;0;2;1;1;1
202100039114;131 715;7;0;2;2;15;1
202100039115;131 713;7;0;5;1;1;1
202100039116;131 712;7;8;0;3;13;1
202100039117;131 708;10;0;1;3;15;1
202100039118;131 704;1;0;2;1;0;5
202100039118;131 705;7;0;2;1;1;1
202100039119;131 702;7;0;2;3;1;1
202100039119;131 703;1;0;2;1;15;5
202100039120;131 701;33;0;0;2;26;1
202100039121;131 699;7;0;2;7;1;1
202100039121;131 700;7;0;2;1;9;1
202100039122;131 697;7;0;2;1;1;1
202100039122;131 698;2;0;2;1;13;1
202100039123;131 696;30;0;0;3;1;1
202100039124;131 694;7;0;0;0;0;0
202100039124;131 695;60;0;0;0;0;5
202100039125;131 692;7;0;9;3;15;1
202100039125;131 693;1;0;2;3;1;6
202100039126;131 690;7;0;2;1;2;1
202100039126;131 691;50;0;2;8;16;3
202100039127;131 688;7;0;2;0;0;1
202100039127;131 689;1;0;2;0;1;5
202100039128;131 687;7;0;1;2;2;1
202100039129;131 685;99;0;2;6;1;1
202100039129;131 686;7;0;2;1;19;1
202100039130;131 683;7;1;9;1;13;1
202100039130;131 684;7;0;9;0;26;1
202100039131;131 681;7;0;2;1;1;3
202100039131;131 682;43;0;2;7;1;1
202100039132;131 680;7;0;1;0;26;0
202100039133;131 677;33;0;2;3;3;1
202100039133;131 678;7;0;2;3;1;2
202100039133;131 679;10;0;2;5;1;1
202100039134;131 675;10;0;2;7;12;1
202100039134;131 676;33;0;2;3;3;1
202100039135;131 673;32;0;2;1;2;1
202100039135;131 674;7;0;2;4;2;1
202100039136;131 671;34;0;2;3;3;1
202100039136;131 672;7;0;2;5;14;1
202100039137;131 669;33;0;2;1;5;1
202100039137;131 670;32;0;2;8;15;1
202100039138;131 666;7;0;2;5;15;1
202100039138;131 667;7;0;2;1;21;1
202100039138;131 668;2;0;2;1;1;1
202100039139;131 664;30;0;2;1;2;1
202100039139;131 665;7;0;2;5;23;1
202100039140;131 662;2;0;2;2;17;1
202100039140;131 663;1;0;2;6;15;5
202100039141;131 660;1;0;2;5;15;5
202100039141;131 661;2;0;2;1;1;1
202100039142;131 659;7;1;1;1;1;2
202100039143;131 657;34;0;2;1;17;1
202100039143;131 658;32;0;2;3;15;1
202100039144;131 655;60;0;2;8;19;5
202100039144;131 656;7;0;2;1;16;1
202100039145;131 653;10;0;2;4;2;1
202100039145;131 654;1;0;2;1;2;5
202100039146;131 651;32;0;2;7;1;1
202100039146;131 652;10;0;2;3;22;1
202100039147;131 649;10;0;2;2;1;3
202100039147;131 650;1;0;2;0;13;5
202100039148;131 648;1;0;1;8;1;5
202100039149;131 646;7;0;2;1;1;1
202100039149;131 647;10;0;2;4;20;1
202100039150;131 644;33;0;2;1;17;1
202100039150;131 645;10;0;2;6;15;1
202100039151;131 642;7;0;2;0;0;1
202100039151;131 643;2;0;2;1;11;1
202100039152;131 641;7;0;2;4;16;1
202100039153;131 638;7;0;2;4;1;1
202100039153;131 639;7;0;2;4;1;1
202100039153;131 640;7;0;2;1;1;1
202100039154;131 636;7;0;2;3;0;1
202100039154;131 637;7;0;2;3;13;1
202100039155;131 634;32;0;2;1;2;1
202100039155;131 635;7;0;2;6;10;1
202100039156;131 633;7;0;1;1;1;0