Num_Acc;id_vehicule;catv;obs;obsm;choc;manv;motor
202100039917;130 237;7;0;1;5;23;1
202100039918;130 235;7;0;2;8;1;1
202100039918;130 236;7;0;2;1;1;1
202100039919;130 233;2;0;2;1;16;1
202100039919;130 234;7;0;2;0;5;1
202100039920;130 232;7;0;1;2;16;1
202100039921;130 230;7;0;2;2;1;1
202100039921;130 231;7;11;2;1;6;1
202100039922;130 227;7;0;1;0;19;0
202100039923;130 225;1;0;2;4;1;5
202100039923;130 226;7;0;2;1;9;1
202100039924;130 223;7;0;2;1;9;1
202100039924;130 224;7;0;2;5;1;1
202100039925;130 220;7;0;2;1;0;1
202100039925;130 221;7;0;2;4;23;1
202100039925;130 222;7;0;2;9;0;1
202100039926;130 218;7;0;2;2;1;1
202100039926;130 219;1;0;2;0;19;5
202100039927;130 216;7;0;2;1;15;1
202100039927;130 217;7;0;2;3;2;1
202100039928;130 214;7;0;2;1;1;1
202100039928;130 215;10;0;2;6;23;1
202100039929;130 213;30;0;0;3;1;1
202100039930;130 211;7;0;0;-1;1;1
202100039930;130 212;7;0;9;1;1;1
202100039931;130 209;40;0;0;7;24;3
202100039931;130 210;1;0;4;0;2;5
202100039932;130 207;33;0;2;9;2;1
202100039932;130 208;7;0;2;1;15;1
202100039933;130 205;7;0;2;1;9;1
202100039933;130 206;1;0;2;7;1;5
202100039934;130 204;7;0;1;2;15;1
202100039935;130 203;7;15;0;1;0;1
202100039936;130 201;10;0;2;8;19;1
202100039936;130 202;7;0;2;1;19;1
202100039937;130 200;7;6;0;1;16;1
202100039938;130 199;7;0;1;1;19;1
202100039939;130 197;7;0;2;1;9;1
202100039939;130 198;7;0;2;3;1;1
202100039940;130 195;1;1;0;1;17;5
202100039940;130 196;7;1;0;3;22;1
202100039941;130 194;7;0;1;2;26;1
202100039942;130 192;7;0;2;3;9;1
202100039942;130 193;2;0;2;7;1;1
202100039943;130 190;7;0;2;3;1;1
202100039943;130 191;1;0;2;1;1;5
202100039944;130 188;7;0;2;8;1;1
202100039944;130 189;7;0;2;3;1;1
202100039945;130 187;7;0;1;2;1;1
202100039946;130 184;7;0;2;3;1;1
202100039946;130 185;7;0;2;5;2;1
202100039946;130 186;7;0;2;3;2;2
202100039947;130 182;37;0;2;0;1;1
202100039947;130 183;30;0;2;0;0;1
202100039948;130 180;1;0;2;1;1;5
202100039948;130 181;7;0;2;6;9;1
202100039949;130 178;7;0;2;2;1;1
202100039949;130 179;31;0;2;3;1;1
202100039950;130 177;7;6;2;1;14;1
202100039951;130 175;7;0;2;1;1;1
202100039951;130 176;7;0;2;1;1;1
202100039952;130 173;7;0;2;1;2;1
202100039952;130 174;7;0;2;4;1;1
202100039953;130 172;33;0;1;1;0;1
202100039954;130 170;33;0;2;1;17;1
202100039954;130 171;7;0;2;6;13;1
202100039955;130 169;7;2;0;2;14;1
202100039956;130 168;30;6;0;1;15;1
202100039957;130 166;7;0;2;1;1;1
202100039957;130 167;7;0;2;1;15;1
202100039958;130 164;33;0;2;1;17;1
202100039958;130 165;7;0;2;8;10;1
202100039959;130 163;1;4;0;1;1;5
202100039960;130 161;43;0;2;2;1;1
202100039960;130 162;7;0;2;8;22;2
202100039961;130 159;7;0;2;5;12;1
202100039961;130 160;32;0;2;1;3;1
202100039962;130 158;32;14;0;1;15;1
202100039963;130 156;7;0;2;6;19;1
202100039963;130 157;2;0;2;1;1;1
202100039964;130 154;7;0;2;3;16;1
202100039964;130 155;7;0;2;2;1;1
202100039965;130 152;7;0;2;8;1;1
202100039965;130 153;14;0;2;3;1;1
202100039966;130 150;33;0;2;4;2;1
202100039966;130 151;7;0;2;1;1;1
202100039967;130 148;10;0;2;4;23;1
202100039967;130 149;7;0;2;1;2;1
202100039968;130 147;33;0;0;0;26;1
202100039969;130 145;32;0;2;2;5;1
202100039969;130 146;7;0;2;3;15;1
202100039970;130 143;30;0;2;0;0;1
202100039970;130 144;7;0;0;0;0;1
202100039971;130 142;7;0;1;2;1;1
202100039972;130 140;7;0;2;3;15;1
202100039972;130 141;33;0;2;2;1;1
202100039973;130 139;7;1;0;3;5;0
202100039974;130 137;37;0;2;6;1;1
202100039974;130 138;30;0;2;1;1;1
202100039975;130 136;10;0;1;1;7;1
202100039976;130 135;2;0;0;8;1;1
202100039977;130 134;30;14;0;1;19;1
202100039978;130 133;15;0;0;2;0;1
202100039979;130 131;7;3;2;5;5;1
202100039979;130 132;7;0;2;2;1;1
202100039980;130 129;7;0;0;4;2;1
202100039980;130 130;17;0;2;1;2;1
202100039981;130 127;33;0;2;1;2;1
202100039981;130 128;33;0;0;4;2;1
202100039982;130 125;7;2;0;3;13;1
202100039982;130 126;2;0;2;1;1;1
202100039983;130 124;7;15;9;1;16;1
202100039984;130 123;33;12;0;1;1;1
202100039985;130 121;3;0;2;3;15;1
202100039985;130 122;33;0;2;2;17;1
202100039986;130 120;36;0;0;0;14;1
202100039987;130 118;7;0;2;1;1;1
202100039987;130 119;7;0;2;2;1;1
202100039988;130 116;7;0;2;3;1;1
202100039988;130 117;7;0;2;3;1;1
202100039989;130 114;2;0;2;1;0;1
202100039989;130 115;7;0;2;2;16;1
202100039990;130 112;2;0;2;0;1;1
202100039990;130 113;7;0;2;3;9;1
202100039991;130 110;7;15;2;7;1;1
202100039991;130 111;7;15;2;1;1;1
202100039992;130 108;1;0;2;1;1;6
202100039992;130 109;7;0;9;6;15;1
202100039993;130 107;31;0;0;0;17;1
202100039994;130 105;7;0;0;1;1;1
202100039995;130 103;33;0;2;8;15;1
202100039995;130 104;33;0;2;7;1;1
202100039996;130 101;10;0;0;6;2;1
202100039996;130 102;1;0;2;1;2;5
202100039997;130 100;7;13;0;2;1;1
202100039998;130 096;7;0;2;2;1;1
202100039998;130 097;7;0;2;1;19;1
202100039999;130 095;36;0;0;0;0;1
202100040000;130 094;33;14;6;1;1;1
202100040001;130 092;7;0;2;3;10;1
202100040001;130 093;43;0;2;2;1;1
202100040002;130 090;1;0;2;8;2;0
202100040002;130 091;7;0;2;7;17;0
202100040003;130 089;33;0;0;7;1;1
202100040004;130 088;7;3;0;9;1;1
202100040005;130 086;7;0;2;3;1;1
202100040005;130 087;7;0;2;3;1;1
202100040006;130 083;7;0;2;1;1;0
202100040006;130 084;7;0;2;8;19;1
202100040007;130 082;33;2;0;1;2;1
202100040008;130 080;10;1;0;1;0;1
202100040008;130 081;7;0;0;4;23;1
202100040009;130 077;7;2;0;1;13;1
202100040010;130 076;7;0;1;2;16;1
202100040011;130 074;7;0;0;6;1;1
202100040011;130 075;7;0;2;3;13;1
202100040012;130 073;10;0;1;2;15;1
202100040013;130 070;2;0;0;1;0;1
202100040014;130 068;7;0;2;1;1;1
202100040014;130 069;7;0;0;7;1;1
202100040015;130 067;7;4;0;2;14;1
202100040016;130 066;7;3;0;2;1;1
202100040017;130 064;33;0;2;1;2;1
202100040017;130 065;7;0;2;4;2;1
202100040018;130 063;10;4;0;3;2;1
202100040019;130 062;7;4;0;3;13;1
202100040020;130 061;7;3;0;2;12;1
202100040021;130 060;31;0;0;0;21;1
202100040022;130 058;7;0;2;8;1;3
202100040022;130 059;7;0;2;1;12;1
202100040023;130 057;7;0;1;0;1;1
202100040024;130 056;7;0;1;5;20;2
202100040025;130 055;7;16;0;9;14;1
202100040026;130 053;30;0;2;1;13;1
202100040026;130 054;7;0;2;1;1;1
202100040027;130 051;10;0;2;3;10;1
202100040027;130 052;31;0;2;1;1;1
202100040028;130 049;30;0;2;1;1;1
202100040028;130 050;7;0;2;4;15;0
202100040029;130 047;7;8;2;1;1;1
202100040029;130 048;7;0;2;8;1;1
202100040030;130 045;7;0;2;8;15;1
202100040030;130 046;2;0;2;8;18;1
202100040031;130 043;2;0;2;1;10;1
202100040031;130 044;7;0;2;1;1;1
202100040032;130 041;7;0;2;0;0;0
202100040032;130 042;1;0;2;0;0;0
202100040033;130 039;7;0;2;1;9;1
202100040033;130 040;7;0;2;5;1;1
202100040034;130 038;10;0;1;8;15;1
202100040035;130 036;1;0;2;4;1;-1
202100040035;130 037;7;0;2;2;13;4
202100040036;130 035;32;0;0;0;0;0
202100040037;130 033;30;0;9;1;14;3
202100040037;130 034;1;0;2;8;0;0
202100040038;130 031;10;0;2;5;23;1
202100040038;130 032;30;0;2;1;3;0
202100040039;130 029;7;14;0;3;14;1
202100040039;130 030;7;0;2;3;23;2
202100040040;130 026;7;0;9;0;2;1
202100040040;130 027;7;0;9;1;2;1
202100040040;130 028;7;0;9;1;2;1
202100040041;130 024;7;0;2;2;1;1
202100040041;130 025;7;0;2;1;15;1
202100040042;130 023;7;0;9;2;14;1
202100040043;130 021;10;0;2;6;15;1
202100040043;130 022;7;0;2;1;17;1
202100040044;130 020;30;8;2;7;21;1
202100040045;130 018;30;0;2;1;1;1
202100040045;130 019;7;0;2;3;15;1
202100040046;130 016;7;0;2;1;1;1
202100040046;130 017;7;0;2;7;15;1
202100040047;130 015;7;0;9;1;26;1
202100040048;130 013;7;0;2;1;26;1
202100040048;130 014;10;10;2;1;13;1
202100040049;130 011;7;0;2;1;1;1
202100040049;130 012;30;0;2;3;16;1
202100040050;130 010;30;0;0;2;26;6
202100040051;130 006;7;0;2;1;1;1
202100040051;130 007;7;0;2;4;1;1
202100040051;130 008;7;0;2;4;1;1
202100040051;130 009;7;0;2;4;2;1
202100040052;130 005;30;0;0;8;2;1
202100040053;130 003;1;0;2;7;19;5
202100040053;130 004;7;0;2;1;1;1
202100040054;130 001;33;0;2;2;1;1
202100040054;130 002;7;0;2;3;20;1
202100040055;129 999;2;0;2;2;14;1
202100040055;130 000;7;0;2;3;1;1
202100040056;129 997;7;0;2;8;1;1
202100040056;129 998;1;0;2;8;26;5
202100040057;129 995;7;0;2;3;15;1
202100040057;129 996;2;0;2;1;17;1
202100040058;129 993;30;0;2;1;17;1
202100040058;129 994;7;0;2;3;15;1
202100040059;129 992;33;0;0;0;21;1
202100040060;129 990;7;0;2;9;1;1
202100040060;129 991;7;0;2;1;1;1
202100040061;129 989;99;0;1;1;1;3
202100040062;129 987;10;0;2;3;9;0
202100040062;129 988;10;0;2;1;0;0
202100040063;129 985;10;0;2;8;10;1
202100040063;129 986;7;0;2;1;1;1
202100040064;129 983;33;0;2;3;1;1
202100040064;129 984;7;0;2;3;15;0
202100040065;129 981;7;0;2;7;1;6
202100040065;129 982;15;0;2;2;19;6
202100040066;129 980;30;0;0;0;1;1
202100040067;129 978;7;1;0;6;20;2
202100040067;129 979;30;0;2;1;24;1
202100040068;129 976;32;0;2;1;1;1
202100040068;129 977;3;0;2;3;10;3
202100040069;129 974;7;0;2;6;15;1
202100040069;129 975;34;0;2;1;8;1
202100040070;129 973;99;0;1;3;16;3
202100040071;129 970;2;0;2;1;17;1
202100040071;129 971;7;0;2;4;23;1
202100040071;129 972;33;0;2;4;2;1
202100040072;129 968;7;0;2;4;23;2
202100040072;129 969;7;0;2;1;2;1
202100040073;129 966;7;0;2;2;12;1
202100040073;129 967;30;0;2;1;1;1
202100040074;129 964;1;0;2;1;1;5
202100040074;129 965;7;0;2;2;26;1
202100040075;129 962;7;0;2;1;0;1
202100040075;129 963;30;0;2;1;0;1
202100040076;129 961;7;12;0;3;21;1
202100040077;129 959;10;14;2;2;21;1
202100040077;129 960;7;0;0;6;23;1
202100040078;129 957;2;0;2;8;1;1
202100040078;129 958;7;0;2;2;16;1
202100040079;129 955;7;0;2;4;1;0
202100040079;129 956;1;0;2;1;1;5
202100040080;129 953;7;0;2;1;15;3
202100040080;129 954;30;0;2;8;1;1
202100040081;129 951;7;0;2;1;1;1
202100040081;129 952;32;0;2;3;1;1
202100040082;129 949;2;0;2;4;1;1
202100040082;129 950;34;0;2;1;2;1
202100040083;129 947;7;0;2;2;9;1
202100040083;129 948;2;0;2;1;1;1
202100040084;129 945;34;0;2;1;15;1
202100040084;129 946;7;0;2;3;1;1
202100040085;129 942;7;0;2;1;2;1
202100040085;129 943;7;0;2;4;2;1
202100040085;129 944;7;0;0;4;26;1
202100040086;129 941;7;2;0;2;0;2
202100040087;129 939;7;0;2;1;2;1
202100040087;129 940;7;0;2;4;1;1
202100040088;129 937;7;0;2;1;13;1
202100040088;129 938;1;0;2;1;1;6
202100040089;129 934;7;13;0;9;14;1
202100040090;129 932;7;0;2;3;5;1
202100040090;129 933;7;0;2;3;5;1
202100040091;129 930;7;0;2;1;13;1
202100040091;129 931;7;0;2;1;1;1
202100040092;129 929;21;16;0;2;1;1
202100040093;129 927;7;0;0;8;21;1
202100040093;129 928;7;0;0;8;13;1
202100040094;129 926;1;0;0;2;1;5
202100040095;129 925;7;2;0;0;0;1
202100040096;129 924;7;6;0;1;1;1
202100040097;129 923;7;12;0;6;1;1
202100040098;129 921;43;0;2;7;17;1
202100040098;129 922;7;0;2;8;20;1
202100040099;129 920;7;15;0;1;1;1
202100040100;129 918;7;0;2;1;19;1
202100040100;129 919;7;3;2;3;1;1
202100040101;129 917;7;0;1;1;1;1
202100040102;129 916;7;0;1;2;18;1
202100040103;129 913;7;0;2;3;2;1
202100040103;129 914;33;0;2;4;2;1
202100040103;129 915;7;0;0;4;2;1
202100040104;129 911;7;0;2;2;0;1
202100040104;129 912;1;0;2;1;1;5
202100040105;129 909;30;0;2;1;1;1
202100040105;129 910;10;0;2;3;13;1
202100040106;129 908;7;13;0;3;1;1
202100040107;129 907;21;13;0;1;1;1
202100040108;129 905;10;0;2;2;13;1
202100040108;129 906;7;0;2;2;21;1
202100040109;129 904;7;6;0;2;13;1
202100040110;129 903;7;9;0;1;1;1
202100040111;129 901;2;0;2;1;15;1
202100040111;129 902;7;0;2;3;1;1
202100040112;129 899;7;0;2;2;2;1
202100040112;129 900;17;0;2;6;2;0
202100040113;129 897;3;0;2;6;2;1
202100040113;129 898;10;0;2;2;2;1
202100040114;129 895;7;3;2;1;2;1
202100040114;129 896;15;0;0;6;2;1
202100040115;129 894;33;13;0;1;0;1
202100040116;129 892;7;0;2;1;13;1
202100040116;129 893;7;0;2;1;15;1
202100040117;129 891;32;12;0;8;1;1
202100040118;129 889;7;0;2;2;1;1
202100040118;129 890;1;0;2;4;1;5
202100040119;129 888;33;13;0;1;1;1
202100040120;129 886;7;0;0;5;15;1
202100040120;129 887;2;0;0;1;18;1
202100040121;129 884;2;0;2;2;17;1
202100040121;129 885;15;0;2;3;15;1
202100040122;129 883;1;14;0;0;1;5
202100040123;129 882;7;13;0;1;1;1
202100040124;129 881;7;0;1;3;9;1
202100040125;129 879;15;0;2;7;1;1
202100040125;129 880;2;0;2;8;20;1
202100040126;129 877;2;0;2;1;1;1
202100040126;129 878;10;0;2;3;19;1
202100040127;129 875;7;0;2;6;19;1
202100040127;129 876;33;0;2;1;1;1
202100040128;129 874;1;8;0;1;0;5
202100040129;129 870;7;0;2;4;1;1
202100040129;129 871;7;0;2;4;2;1
202100040129;129 872;7;0;2;1;2;1
202100040129;129 873;7;0;2;1;2;1
202100040130;129 865;7;0;2;1;13;1
202100040130;129 866;7;0;2;9;2;1
202100040130;129 867;10;0;2;6;1;1
202100040130;129 868;7;0;2;4;1;1
202100040130;129 869;17;0;2;4;1;1
202100040131;129 864;33;7;0;3;12;1
202100040132;129 861;7;0;2;1;2;1
202100040132;129 862;7;0;2;4;2;1
202100040132;129 863;7;0;2;4;2;1
202100040133;129 860;7;3;0;2;14;1
202100040134;129 859;33;0;0;9;1;1
202100040135;129 858;33;0;2;1;12;1
202100040136;129 854;1;0;2;2;1;5
202100040136;129 855;1;0;2;6;1;5
202100040137;129 852;10;0;2;1;2;1
202100040137;129 853;7;0;2;4;2;1
202100040138;129 850;33;0;2;8;17;1
202100040138;129 851;13;0;2;1;2;1
202100040139;129 849;2;0;0;1;1;1
202100040140;129 847;30;0;2;1;1;0
202100040140;129 848;50;0;2;0;0;3
202100040141;129 845;7;0;9;2;1;1
202100040141;129 846;80;0;2;1;0;3
202100040142;129 843;7;0;2;3;0;0
202100040142;129 844;7;0;2;2;0;1
202100040143;129 841;7;0;2;1;0;1
202100040143;129 842;10;0;2;4;4;1
202100040144;129 840;7;9;0;1;15;1
202100040145;129 838;10;0;2;0;9;1
202100040145;129 839;43;0;2;1;1;1
202100040146;129 837;30;8;0;3;15;1
202100040147;129 835;7;0;2;6;15;1
202100040147;129 836;32;0;2;1;1;0
202100040148;129 833;2;0;2;1;17;1
202100040148;129 834;7;0;2;3;10;1
202100040149;129 832;1;0;2;8;1;5
202100040150;129 830;7;0;2;1;1;1
202100040150;129 831;7;0;2;2;17;1
202100040151;129 829;7;0;1;1;1;1
202100040152;129 828;50;0;1;1;14;3
202100040153;129 827;7;0;0;1;1;1
202100040154;129 824;7;0;0;4;15;1
202100040154;129 825;7;0;2;1;1;1
202100040155;129 822;7;0;2;1;1;1
202100040155;129 823;10;0;2;1;1;1
202100040156;129 820;7;0;2;2;19;1
202100040156;129 821;7;0;2;8;1;1
202100040157;129 819;30;0;0;0;14;1
202100040158;129 817;33;0;2;1;1;1
202100040158;129 818;7;0;2;6;1;0
202100040159;129 815;7;0;2;3;10;1
202100040159;129 816;2;0;2;7;1;1
202100040160;129 813;2;0;2;1;2;0
202100040160;129 814;7;0;2;6;15;1
202100040161;129 811;30;0;2;2;1;1
202100040161;129 812;10;0;2;6;1;0
202100040162;129 809;7;0;2;2;16;1
202100040162;129 810;1;0;2;3;1;5
202100040163;129 808;7;0;1;5;20;3
202100040164;129 807;7;6;0;1;14;1
202100040165;129 806;7;7;0;2;16;-1
202100040166;129 804;7;0;2;2;1;1
202100040166;129 805;7;0;2;3;1;1
202100040167;129 803;37;0;1;1;1;-1
202100040168;129 802;30;15;0;1;14;1
202100040169;129 801;7;0;1;2;16;1
202100040170;129 799;7;0;2;3;9;1
202100040170;129 800;33;0;2;5;1;1
202100040171;129 797;2;0;2;1;1;1
202100040171;129 798;7;0;2;2;12;1
202100040172;129 794;7;6;0;2;14;1
202100040173;129 790;7;0;2;1;2;1
202100040173;129 791;7;0;2;4;1;1
202100040173;129 792;7;0;2;4;1;1
202100040173;129 793;7;0;2;4;1;1
202100040174;129 788;1;0;2;1;1;5
202100040174;129 789;7;0;2;2;15;1
202100040175;129 786;7;0;9;1;1;1
202100040175;129 787;2;0;2;1;1;1
202100040176;129 784;7;1;0;2;14;1
202100040176;129 785;14;0;2;6;23;1
202100040177;129 782;10;0;9;3;20;1
202100040177;129 783;1;1;0;1;0;5
202100040178;129 781;1;0;0;0;26;0
202100040179;129 780;7;0;4;1;26;1
202100040180;129 778;1;0;2;3;0;6
202100040180;129 779;7;0;9;2;26;1
202100040181;129 776;7;0;2;2;1;1
202100040181;129 777;7;0;2;8;14;1
202100040182;129 774;42;0;2;1;1;1
202100040182;129 775;7;0;2;4;1;1
202100040183;129 773;33;13;0;1;26;0
202100040184;129 771;7;0;2;8;15;1
202100040184;129 772;37;0;2;1;1;1
202100040185;129 769;7;0;2;4;1;1
202100040185;129 770;7;0;2;1;1;1
202100040186;129 768;30;0;0;7;26;1
202100040187;129 767;7;0;1;1;1;1
202100040188;129 765;7;0;2;4;26;1
202100040188;129 766;7;0;2;1;26;1
202100040189;129 763;1;1;2;7;17;5
202100040189;129 764;17;0;2;8;22;1
202100040190;129 762;7;0;1;1;16;1
202100040191;129 760;30;0;4;8;19;1
202100040191;129 761;40;0;2;1;1;3
202100040192;129 758;7;0;2;2;2;1
202100040192;129 759;7;0;2;6;1;1
202100040193;129 756;7;0;2;3;1;1
202100040193;129 757;1;0;2;7;25;5
202100040194;129 754;2;0;2;2;1;1
202100040194;129 755;7;0;2;5;16;1
202100040195;129 752;7;0;2;1;1;1
202100040195;129 753;7;0;2;2;15;1
202100040196;129 750;7;0;2;4;2;1
202100040196;129 751;7;0;2;1;2;1
202100040197;129 748;7;0;2;2;15;1
202100040197;129 749;2;0;2;8;21;1
202100040198;129 746;1;0;2;3;1;5
202100040198;129 747;37;0;2;2;1;1
202100040199;129 745;7;0;1;1;9;1
202100040200;129 743;7;0;2;4;2;1
202100040200;129 744;7;0;2;1;2;1
202100040201;129 740;2;0;2;9;17;1
202100040201;129 741;7;0;9;8;2;1
202100040201;129 742;10;0;9;8;0;1
202100040202;129 738;1;0;2;7;3;5
202100040202;129 739;7;0;2;1;1;1
202100040203;129 735;7;0;2;1;0;1
202100040203;129 736;7;0;2;7;1;1
202100040203;129 737;7;0;2;1;17;1
202100040204;129 732;7;0;2;3;23;1
202100040204;129 733;34;0;2;1;1;1
202100040204;129 734;32;0;2;1;2;1
202100040205;129 730;31;0;2;2;12;1
202100040205;129 731;7;0;2;3;1;1
202100040206;129 729;7;0;1;5;20;1
202100040207;129 728;7;0;1;2;1;1
202100040208;129 726;10;0;2;1;0;0
202100040208;129 727;10;0;2;4;0;6
202100040209;129 724;7;-1;2;8;1;1
202100040209;129 725;7;-1;2;6;10;1
202100040210;129 723;7;0;1;1;1;1
202100040211;129 722;7;6;0;1;14;1
202100040212;129 720;7;0;2;8;10;1
202100040212;129 721;10;0;2;2;17;1
202100040213;129 718;7;0;2;4;9;1
202100040213;129 719;7;0;2;1;9;1
202100040214;129 716;33;0;2;8;12;1
202100040214;129 717;10;0;2;5;1;1
202100040215;129 714;32;0;2;3;3;1
202100040215;129 715;7;0;2;7;12;1
202100040216;129 710;7;0;2;1;2;1
202100040216;129 711;7;0;2;4;2;1
202100040216;129 712;7;0;2;6;1;1
202100040216;129 713;7;0;2;5;2;1
202100040217;129 709;7;0;1;2;1;1
202100040218;129 707;30;0;2;1;3;1
202100040218;129 708;7;0;2;2;9;1
202100040219;129 705;2;0;2;7;2;1
202100040219;129 706;30;0;2;7;13;0
202100040220;129 704;50;0;1;1;5;3
202100040221;129 702;7;0;2;6;22;1
202100040221;129 703;30;0;2;0;18;1
202100040222;129 701;7;0;1;1;1;1
202100040223;129 699;34;0;2;4;2;1
202100040223;129 700;7;0;2;0;2;0
202100040224;129 697;7;0;2;4;2;1
202100040224;129 698;1;0;2;1;2;5
202100040225;129 696;50;0;0;0;15;3
202100040226;129 694;7;0;2;1;1;1
202100040226;129 695;1;0;2;7;7;5
202100040227;129 692;7;0;2;1;1;0
202100040227;129 693;7;0;2;4;1;2
202100040228;129 691;43;0;1;1;1;1
202100040229;129 689;30;0;2;0;0;0
202100040229;129 690;30;0;2;3;13;1
202100040230;129 687;2;0;2;1;2;1
202100040230;129 688;7;0;2;6;23;1
202100040231;129 686;7;15;0;1;16;1
202100040232;129 684;7;0;2;0;0;1
202100040232;129 685;31;0;2;0;0;1
202100040233;129 682;7;0;2;8;15;1
202100040233;129 683;32;0;2;1;1;1
202100040234;129 680;7;0;0;1;1;1
202100040234;129 681;3;0;0;4;1;1
202100040235;129 678;31;0;2;3;3;1
202100040235;129 679;7;0;2;2;12;1
202100040236;129 677;14;0;1;5;1;0
202100040237;129 675;1;1;0;1;1;5
202100040237;129 676;7;0;2;3;22;1
202100040238;129 673;1;0;2;3;0;0
202100040238;129 674;7;0;2;3;15;1
202100040239;129 672;30;0;0;0;0;1
202100040240;129 670;7;0;2;0;15;0
202100040240;129 671;1;0;2;0;1;5
202100040241;129 669;7;11;0;1;13;1
202100040242;129 667;7;0;2;3;15;1
202100040242;129 668;31;0;2;1;3;1
202100040243;129 665;7;0;0;4;1;1
202100040243;129 666;7;0;2;1;2;1
202100040244;129 663;7;0;2;1;16;1
202100040244;129 664;1;0;2;1;15;5
202100040245;129 662;7;0;0;0;0;1
202100040246;129 661;7;13;0;9;1;1
202100040247;129 660;33;4;0;8;1;1
202100040248;129 659;7;2;0;1;1;1
202100040249;129 657;33;0;0;7;1;1
202100040250;129 656;7;13;0;2;1;1
202100040251;129 655;7;0;1;2;1;1
202100040252;129 654;7;10;0;8;1;1
202100040253;129 649;7;0;9;1;17;1
202100040253;129 650;1;0;9;4;15;0
202100040254;129 648;33;16;0;1;1;1
202100040255;129 647;7;13;0;1;1;1
202100040256;129 645;7;0;0;3;1;1
202100040256;129 646;7;0;2;3;13;1
202100040257;129 644;32;14;0;0;0;1
202100040258;129 643;33;0;0;0;1;1
202100040259;129 641;7;0;2;2;21;1
202100040259;129 642;7;0;2;1;9;1
202100040260;129 639;30;0;2;1;1;1
202100040260;129 640;10;0;2;3;15;1
202100040261;129 638;7;6;0;3;1;1
202100040262;129 636;1;0;2;1;1;5
202100040262;129 637;2;0;9;1;1;1
202100040263;129 635;2;12;0;9;1;1
202100040264;129 633;2;0;2;1;1;1
202100040264;129 634;7;0;2;1;15;1
202100040265;129 631;10;0;2;1;0;1
202100040265;129 632;50;0;2;4;0;3
202100040266;129 630;33;0;6;1;1;1
202100040267;129 629;2;0;0;7;1;1
202100040268;129 627;7;0;0;8;15;1
202100040268;129 628;7;0;2;3;1;1
202100040269;129 625;7;8;0;1;13;1
202100040270;129 622;15;0;2;1;1;1
202100040270;129 623;7;0;2;1;1;1
202100040270;129 624;7;0;2;1;13;0
202100040271;129 620;7;0;0;3;2;1
202100040271;129 621;2;0;2;2;2;1
202100040272;129 618;33;0;2;1;17;1
202100040272;129 619;7;0;2;3;15;1
202100040273;129 616;33;0;2;1;2;1
202100040273;129 617;7;0;0;4;2;1
202100040274;129 615;33;0;0;7;1;1
202100040275;129 614;2;0;0;1;6;1
202100040276;129 613;10;0;1;3;0;1
202100040277;129 612;33;2;0;8;1;1
202100040278;129 611;7;8;0;1;1;1
202100040279;129 609;7;0;2;3;19;1
202100040279;129 610;33;0;2;2;1;1
202100040280;129 606;7;0;2;2;13;2
202100040280;129 607;2;0;2;1;1;1
202100040281;129 604;33;0;2;2;2;1
202100040281;129 605;7;0;0;6;2;1
202100040282;129 603;7;4;0;2;2;1
202100040283;129 602;33;0;0;0;0;1
202100040284;129 601;7;13;0;1;1;1
202100040285;129 599;7;0;2;3;1;1
202100040285;129 600;7;0;2;3;1;1
202100040286;129 594;15;0;2;3;1;1
202100040286;129 595;7;0;2;1;1;1
202100040286;129 596;7;0;2;1;1;1
202100040286;129 597;7;0;2;1;13;1
202100040287;129 593;7;4;0;2;13;1
202100040288;129 590;7;0;2;4;1;1
202100040288;129 591;10;0;2;1;2;1
202100040288;129 592;10;0;2;1;2;1
202100040289;129 588;7;0;2;5;14;1
202100040289;129 589;33;0;2;0;1;1
202100040290;129 584;14;0;0;2;1;0
202100040291;129 582;32;0;2;1;12;1
202100040291;129 583;7;0;0;4;1;1
202100040292;129 579;7;0;1;3;2;1
202100040292;129 580;7;0;2;5;2;1
202100040292;129 581;32;0;2;1;3;1
202100040293;129 576;15;0;2;4;2;1
202100040293;129 577;15;0;2;1;2;1
202100040293;129 578;7;0;2;4;2;1
202100040294;129 574;7;0;2;6;12;1
202100040294;129 575;33;0;2;1;3;1
202100040295;129 573;2;0;1;1;17;1
202100040296;129 571;32;0;2;2;21;1
202100040296;129 572;32;0;2;1;0;1
202100040297;129 570;7;0;1;0;26;0
202100040298;129 569;10;0;1;1;1;1
202100040299;129 568;7;1;1;7;1;1
202100040300;129 567;7;0;1;2;1;1
202100040301;129 565;33;0;2;1;1;1
202100040301;129 566;7;0;2;1;15;1
202100040302;129 563;33;0;2;7;17;1
202100040302;129 564;7;0;2;8;1;1
202100040303;129 561;7;0;2;1;1;1
202100040303;129 562;7;0;2;1;13;1
202100040304;129 560;33;0;2;0;21;1
202100040305;129 558;30;0;2;1;2;1
202100040305;129 559;7;0;2;4;0;1
202100040306;129 556;7;0;2;4;16;1
202100040306;129 557;7;0;2;1;1;1
202100040307;129 555;50;4;0;1;1;3
202100040308;129 553;2;0;2;1;0;1
202100040308;129 554;7;0;2;7;16;2
202100040309;129 551;7;0;2;2;1;1
202100040309;129 552;7;0;2;7;15;1
202100040310;129 549;31;0;2;1;1;1
202100040310;129 550;7;0;2;8;15;1
202100040311;129 547;1;0;2;7;1;5
202100040311;129 548;7;0;2;1;1;1
202100040312;129 545;33;0;2;9;3;1
202100040312;129 546;7;0;2;3;11;1
202100040313;129 544;1;15;0;1;16;5
202100040314;129 542;7;0;2;7;1;1
202100040314;129 543;7;0;2;1;1;1
202100040315;129 540;7;0;1;2;1;1
202100040316;129 538;7;0;2;1;1;1
202100040316;129 539;7;0;2;4;23;1
202100040317;129 537;7;6;0;9;1;1