Num_Acc;id_vehicule;catv;obs;obsm;choc;manv;motor
202100040711;128 843;7;0;2;4;2;1
202100040711;128 844;7;0;2;1;2;1
202100040712;128 842;33;0;0;7;1;1
202100040713;128 839;7;0;2;5;1;1
202100040713;128 840;43;0;2;2;3;1
202100040713;128 841;7;0;2;3;11;1
202100040714;128 837;7;0;2;4;2;1
202100040714;128 838;7;4;2;1;14;1
202100040715;128 834;7;0;2;1;2;1
202100040715;128 835;7;0;2;1;26;1
202100040715;128 836;7;0;2;4;23;1
202100040716;128 833;33;13;0;9;14;1
202100040717;128 830;7;0;2;8;17;1
202100040717;128 831;33;0;2;7;3;1
202100040717;128 832;7;0;2;4;1;1
202100040718;128 828;33;0;2;1;13;1
202100040718;128 829;7;0;2;6;1;1
202100040719;128 826;10;0;2;3;1;1
202100040719;128 827;7;0;2;2;19;1
202100040720;128 824;33;0;2;1;1;1
202100040720;128 825;7;0;2;7;15;1
202100040721;128 823;34;9;0;1;1;1
202100040722;128 821;7;0;2;1;15;1
202100040722;128 822;1;0;2;1;7;5
202100040723;128 820;30;12;0;3;16;1
202100040724;128 819;7;6;0;1;13;1
202100040725;128 817;37;0;2;3;26;1
202100040725;128 818;7;0;2;2;0;0
202100040726;128 816;7;0;1;2;19;1
202100040727;128 815;7;0;1;4;26;1
202100040728;128 811;33;0;2;5;5;0
202100040728;128 812;7;0;2;1;1;0
202100040729;128 804;7;0;2;2;17;1
202100040729;128 805;7;0;0;6;2;1
202100040729;128 806;7;0;2;8;5;1
202100040730;128 803;33;14;0;1;0;1
202100040731;128 802;7;6;0;1;13;1
202100040732;128 801;7;0;0;0;1;1
202100040733;128 799;7;0;2;1;1;1
202100040733;128 800;7;0;2;8;1;1
202100040734;128 798;30;0;1;1;25;0
202100040735;128 797;7;0;1;1;1;1
202100040736;128 796;7;0;1;2;16;1
202100040737;128 794;7;0;2;3;0;1
202100040737;128 795;7;0;2;3;16;1
202100040738;128 792;30;0;2;8;5;1
202100040738;128 793;30;0;2;7;5;1
202100040739;128 790;7;0;2;3;15;1
202100040739;128 791;31;0;2;1;17;1
202100040740;128 789;7;0;1;2;1;1
202100040741;128 788;7;0;1;2;19;1
202100040742;128 786;7;0;0;0;0;1
202100040742;128 787;2;0;0;0;0;1
202100040743;128 784;7;0;2;8;15;2
202100040743;128 785;30;0;2;1;1;1
202100040744;128 782;7;0;2;1;1;1
202100040744;128 783;7;0;2;2;15;1
202100040745;128 780;7;0;2;4;23;1
202100040745;128 781;2;0;2;7;2;1
202100040746;128 776;7;0;2;2;15;1
202100040746;128 777;1;0;2;1;1;5
202100040747;128 774;7;0;2;1;0;0
202100040747;128 775;1;0;2;1;26;5
202100040748;128 772;7;0;2;1;2;1
202100040748;128 773;7;0;2;4;23;1
202100040749;128 771;7;1;0;4;4;1
202100040750;128 769;33;0;2;1;1;1
202100040750;128 770;7;0;2;8;15;1
202100040751;128 767;7;0;2;1;1;1
202100040751;128 768;10;0;2;5;9;0
202100040752;128 766;33;1;0;1;5;1
202100040753;128 764;31;0;2;4;2;1
202100040753;128 765;7;0;2;1;2;1
202100040754;128 762;37;0;2;1;1;1
202100040754;128 763;14;0;2;7;19;1
202100040755;128 761;7;1;0;1;1;1
202100040756;128 759;7;14;0;1;1;1
202100040756;128 760;7;11;0;1;1;1
202100040757;128 757;7;0;2;3;2;1
202100040757;128 758;33;0;2;1;2;1
202100040758;128 756;7;2;0;0;26;1
202100040759;128 755;7;0;1;2;26;1
202100040760;128 754;7;4;0;3;26;1
202100040761;128 751;43;0;2;3;3;1
202100040761;128 752;7;0;2;4;2;3
202100040761;128 753;7;0;2;1;2;1
202100040762;128 749;7;0;2;4;23;1
202100040762;128 750;10;0;2;1;2;1
202100040763;128 747;7;0;1;2;2;1
202100040763;128 748;7;0;2;1;2;1
202100040764;128 746;7;0;1;2;1;1
202100040765;128 744;30;0;2;4;13;1
202100040765;128 745;32;0;2;8;21;1
202100040766;128 743;33;0;0;0;1;1
202100040767;128 741;10;0;2;1;1;1
202100040767;128 742;30;0;2;9;1;1
202100040768;128 739;1;0;2;7;1;5
202100040768;128 740;10;0;2;8;15;1
202100040769;128 738;10;15;0;1;13;1
202100040770;128 736;32;0;2;6;9;1
202100040770;128 737;7;0;2;1;1;1
202100040771;128 733;7;0;2;3;22;1
202100040771;128 734;7;0;2;2;1;2
202100040771;128 735;32;0;2;1;18;1
202100040772;128 732;1;0;0;0;21;5
202100040773;128 730;7;0;2;6;15;1
202100040773;128 731;1;0;2;1;1;5
202100040774;128 728;7;0;2;3;13;1
202100040774;128 729;33;0;2;2;1;1
202100040775;128 727;1;0;1;2;1;5
202100040776;128 726;33;0;1;1;26;1
202100040777;128 725;7;0;1;6;20;1
202100040778;128 723;30;0;2;1;15;1
202100040778;128 724;1;0;2;2;1;5
202100040779;128 721;10;0;2;1;1;1
202100040779;128 722;33;0;2;8;1;1
202100040780;128 719;7;0;2;5;22;1
202100040780;128 720;1;1;0;1;1;5
202100040781;128 717;36;0;2;8;26;1
202100040781;128 718;7;0;2;1;1;1
202100040782;128 715;33;0;2;8;17;1
202100040782;128 716;7;0;2;7;17;1
202100040783;128 714;33;0;0;0;14;1
202100040784;128 713;7;13;0;2;1;1
202100040785;128 712;7;0;0;1;13;1
202100040786;128 710;1;0;2;1;26;5
202100040786;128 711;2;15;9;1;26;1
202100040787;128 708;7;0;2;6;11;1
202100040787;128 709;7;0;2;2;1;1
202100040788;128 706;7;0;2;1;2;1
202100040788;128 707;7;0;0;4;1;1
202100040789;128 705;7;2;0;1;15;1
202100040790;128 704;33;13;0;2;2;1
202100040791;128 700;7;0;0;6;1;1
202100040791;128 701;7;0;0;0;21;1
202100040791;128 702;7;0;2;1;1;1
202100040791;128 703;7;0;2;3;17;1
202100040792;128 698;7;9;0;5;9;1
202100040792;128 699;7;0;0;1;1;1
202100040793;128 696;7;0;2;1;1;1
202100040793;128 697;1;0;2;1;5;5
202100040794;128 695;7;8;0;1;1;1
202100040795;128 694;33;0;0;0;1;1
202100040796;128 693;33;13;0;1;17;1
202100040797;128 692;33;15;0;1;15;1
202100040798;128 691;33;0;0;0;1;1
202100040799;128 689;43;13;0;1;13;1
202100040800;128 687;7;0;2;1;16;0
202100040800;128 688;33;0;2;8;1;0
202100040801;128 686;33;0;0;1;2;1
202100040802;128 684;2;0;2;6;15;1
202100040802;128 685;2;0;2;1;1;1
202100040803;128 683;7;13;0;9;2;1
202100040804;128 682;7;15;0;9;13;1
202100040805;128 681;7;0;0;1;1;1
202100040806;128 680;33;14;0;1;1;1
202100040807;128 679;33;3;0;2;2;1
202100040808;128 677;2;0;2;1;5;1
202100040808;128 678;7;0;2;5;1;1
202100040809;128 676;7;6;0;5;0;1
202100040810;128 674;7;3;2;0;0;1
202100040810;128 675;7;3;2;0;0;1
202100040811;128 672;43;0;2;1;16;1
202100040811;128 673;7;0;0;4;1;1
202100040812;128 670;31;13;0;0;1;1
202100040813;128 669;1;0;0;8;0;5
202100040814;128 668;7;13;0;3;13;1
202100040815;128 667;7;16;0;1;1;1
202100040816;128 665;2;0;2;1;13;1
202100040816;128 666;7;0;2;1;5;1
202100040817;128 664;1;0;0;0;1;5
202100040818;128 663;7;0;1;1;1;1
202100040819;128 661;33;0;2;1;2;1
202100040819;128 662;7;0;0;6;2;1
202100040820;128 660;7;13;0;7;1;1
202100040821;128 659;31;13;0;8;1;1
202100040822;128 657;7;0;2;3;16;1
202100040822;128 658;1;0;2;1;1;5
202100040823;128 656;33;13;0;0;1;1
202100040824;128 655;1;0;0;0;21;6
202100040825;128 654;7;2;0;1;1;1
202100040826;128 653;34;0;9;9;1;1
202100040827;128 652;7;13;0;1;1;1
202100040828;128 650;7;0;1;1;16;1
202100040829;128 648;7;4;2;3;1;0
202100040829;128 649;7;0;2;2;1;1
202100040830;128 647;10;13;0;2;14;1
202100040831;128 646;2;8;0;1;14;1
202100040832;128 645;7;16;1;2;1;1
202100040833;128 643;7;0;2;2;1;1
202100040833;128 644;33;0;2;1;13;1
202100040834;128 642;31;6;0;1;1;1
202100040835;128 641;1;1;0;1;26;5
202100040836;128 639;33;2;0;1;14;1
202100040836;128 640;33;13;0;0;14;1
202100040837;128 638;7;5;0;2;1;1
202100040838;128 637;33;8;0;1;1;1
202100040839;128 636;7;3;0;1;0;1
202100040840;128 634;7;0;2;2;15;1
202100040840;128 635;34;0;2;1;18;1
202100040841;128 632;33;0;2;2;1;1
202100040841;128 633;7;0;2;3;16;1
202100040842;128 631;32;13;0;1;0;1
202100040843;128 629;33;0;2;1;1;1
202100040843;128 630;33;0;2;8;15;1
202100040844;128 628;33;0;0;9;1;1
202100040845;128 626;33;0;2;1;26;1
202100040845;128 627;7;0;0;3;9;1
202100040846;128 623;7;0;2;6;1;1
202100040846;128 624;10;0;2;6;1;1
202100040846;128 625;33;0;2;0;13;1
202100040847;128 621;2;0;9;2;14;1
202100040847;128 622;1;0;2;8;1;5
202100040848;128 619;7;0;2;8;10;1
202100040848;128 620;7;0;2;2;17;1
202100040849;128 617;1;0;0;4;0;5
202100040849;128 618;33;0;2;1;0;1
202100040850;128 615;7;0;2;1;15;1
202100040850;128 616;31;0;2;1;1;1
202100040851;128 614;7;6;0;3;21;1
202100040852;128 611;7;0;2;4;1;1
202100040852;128 612;7;0;2;4;1;1
202100040852;128 613;10;0;2;1;12;1
202100040853;128 608;7;0;2;1;2;1
202100040853;128 609;7;0;2;1;1;1
202100040853;128 610;7;0;2;4;1;1
202100040854;128 606;7;0;2;7;12;1
202100040854;128 607;34;0;2;8;1;1
202100040855;128 604;7;4;2;3;1;1
202100040855;128 605;14;0;2;7;12;1
202100040856;128 602;7;0;2;1;1;1
202100040856;128 603;7;0;2;4;11;1
202100040857;128 600;7;0;2;8;11;1
202100040857;128 601;32;0;2;7;17;1
202100040858;128 598;7;0;2;4;2;1
202100040858;128 599;7;0;2;1;2;1
202100040859;128 595;31;0;2;7;3;1
202100040859;128 596;7;0;2;8;1;1
202100040859;128 597;7;0;2;7;1;1
202100040860;128 593;33;0;2;1;3;1
202100040860;128 594;31;0;2;6;3;1
202100040861;128 590;33;0;2;2;3;1
202100040861;128 591;7;0;2;6;1;1
202100040861;128 592;7;0;2;5;1;1
202100040862;128 588;7;0;2;1;2;1
202100040862;128 589;7;0;2;4;2;0
202100040863;128 586;33;0;2;1;1;1
202100040863;128 587;7;0;2;7;15;1
202100040864;128 583;7;0;1;3;1;1
202100040865;128 581;1;0;2;1;1;5
202100040865;128 582;1;0;2;1;13;5
202100040866;128 579;2;0;2;2;1;1
202100040866;128 580;7;0;2;3;15;1
202100040867;128 577;7;0;2;2;2;1
202100040867;128 578;30;0;2;5;2;1
202100040868;128 575;2;0;2;0;1;0
202100040868;128 576;7;0;2;7;16;1
202100040869;128 573;7;0;2;8;1;1
202100040869;128 574;2;0;2;1;5;1
202100040870;128 571;30;0;2;0;0;0
202100040870;128 572;50;0;2;3;1;3
202100040871;128 568;7;1;0;2;14;0
202100040871;128 569;7;1;0;6;0;0
202100040871;128 570;7;1;2;4;0;1
202100040872;128 567;7;8;0;1;16;1
202100040873;128 565;7;0;2;1;15;1
202100040873;128 566;7;0;2;2;1;1
202100040874;128 563;99;0;2;4;13;3
202100040874;128 564;30;0;2;4;17;1
202100040875;128 561;43;0;2;0;0;1
202100040875;128 562;32;0;2;0;26;1
202100040876;128 559;7;0;0;3;1;0
202100040876;128 560;7;15;0;1;1;0
202100040877;128 557;7;4;0;1;19;1
202100040878;128 555;1;0;2;1;0;0
202100040878;128 556;7;0;9;3;26;1
202100040879;128 554;7;0;1;1;1;2
202100040880;128 552;7;0;2;1;2;1
202100040880;128 553;7;0;2;4;2;1
202100040881;128 551;7;1;0;1;1;1
202100040882;128 550;3;0;1;3;1;1
202100040883;128 548;31;0;2;1;17;1
202100040883;128 549;7;0;2;3;9;1
202100040884;128 546;7;0;2;1;2;1
202100040884;128 547;7;0;2;4;2;1
202100040885;128 544;7;0;2;1;2;1
202100040885;128 545;7;0;2;4;2;1
202100040886;128 543;7;0;1;2;1;1
202100040887;128 541;7;0;2;3;15;1
202100040887;128 542;7;0;2;0;0;0
202100040888;128 539;7;0;9;3;2;1
202100040888;128 540;1;0;2;8;19;5
202100040889;128 538;31;0;2;8;1;1
202100040890;128 537;7;0;1;2;1;1
202100040891;128 535;60;0;2;7;1;5
202100040891;128 536;7;0;2;2;1;1
202100040892;128 534;7;0;1;1;1;1
202100040893;128 533;10;0;1;4;20;6
202100040894;128 531;7;0;2;2;10;1
202100040894;128 532;1;0;2;1;1;5
202100040895;128 529;7;0;2;5;16;1
202100040895;128 530;1;0;2;1;1;5
202100040896;128 527;10;0;2;1;9;1
202100040896;128 528;1;0;2;7;1;5
202100040897;128 526;7;0;1;1;1;1
202100040898;128 524;7;0;2;8;1;1
202100040898;128 525;33;0;2;0;0;0
202100040899;128 523;7;0;1;3;1;1
202100040900;128 519;33;0;2;7;1;1
202100040900;128 520;7;0;2;1;15;1
202100040901;128 517;80;0;2;7;1;3
202100040901;128 518;7;0;2;1;9;1
202100040902;128 515;7;0;9;7;17;1
202100040902;128 516;1;0;2;8;2;5
202100040903;128 513;7;0;9;8;10;1
202100040903;128 514;33;0;2;1;1;1
202100040904;128 511;7;0;2;8;1;1
202100040904;128 512;10;0;2;1;1;1
202100040905;128 509;7;0;2;8;1;1
202100040905;128 510;7;0;2;1;1;1
202100040906;128 506;10;0;1;1;1;1
202100040907;128 504;7;0;2;8;9;1
202100040907;128 505;1;0;2;7;1;5
202100040908;128 503;7;1;0;1;14;1
202100040909;128 501;7;0;2;1;1;1
202100040909;128 502;1;0;2;1;19;5
202100040910;128 499;7;0;2;1;15;1
202100040910;128 500;30;0;2;1;26;1
202100040911;128 497;7;0;2;8;15;1
202100040911;128 498;2;0;2;1;1;1
202100040912;128 495;1;0;2;9;18;5
202100040912;128 496;14;0;2;7;16;1
202100040913;128 492;30;0;2;1;2;1
202100040913;128 493;7;0;2;4;2;1
202100040914;128 490;7;0;2;1;1;1
202100040914;128 491;7;8;2;5;1;1
202100040915;128 488;7;0;2;8;15;1
202100040915;128 489;7;0;2;1;1;1
202100040916;128 487;37;0;1;2;16;1
202100040917;128 485;14;0;2;2;1;1
202100040917;128 486;7;0;2;5;15;1
202100040918;128 483;7;0;2;1;2;1
202100040918;128 484;7;0;2;4;1;1
202100040919;128 481;2;0;2;7;1;3
202100040919;128 482;7;0;2;8;9;1
202100040920;128 477;7;0;2;1;19;1
202100040920;128 478;7;0;2;4;1;1
202100040920;128 479;7;0;2;4;1;1
202100040920;128 480;7;0;2;0;0;0
202100040921;128 475;10;0;2;1;2;1
202100040921;128 476;7;0;2;6;23;1
202100040922;128 473;50;0;2;1;1;3
202100040922;128 474;10;0;2;3;1;1
202100040923;128 472;7;1;0;3;5;1
202100040924;128 470;2;0;2;1;17;1
202100040924;128 471;7;0;2;3;10;1
202100040925;128 468;2;0;2;1;1;1
202100040925;128 469;7;0;2;1;15;1
202100040926;128 466;7;0;2;0;15;0
202100040926;128 467;30;0;2;0;1;1
202100040927;128 464;10;0;2;5;15;1
202100040927;128 465;1;0;2;2;1;5
202100040928;128 463;7;0;1;4;20;1
202100040929;128 461;31;0;2;1;1;1
202100040929;128 462;7;0;2;8;15;1
202100040930;128 460;7;0;1;3;1;1
202100040931;128 458;30;0;2;1;26;1
202100040931;128 459;7;0;2;3;9;1
202100040932;128 456;7;0;2;8;15;1
202100040932;128 457;7;0;2;2;17;1
202100040933;128 454;0;0;2;9;26;-1
202100040933;128 455;31;0;2;1;1;1
202100040934;128 452;2;0;2;0;1;1
202100040934;128 453;7;0;2;0;0;0
202100040935;128 450;30;0;2;4;12;1
202100040935;128 451;7;0;2;1;0;1
202100040936;128 448;2;0;2;2;3;1
202100040936;128 449;7;0;2;3;15;2
202100040937;128 447;0;0;1;1;26;1
202100040938;128 445;7;0;2;3;1;1
202100040938;128 446;7;0;2;2;14;1
202100040939;128 443;33;0;2;1;2;1
202100040939;128 444;30;0;2;1;17;1
202100040940;128 441;10;0;2;2;1;1
202100040940;128 442;10;0;2;6;1;1
202100040941;128 439;1;0;2;7;1;5
202100040941;128 440;7;0;2;1;1;1
202100040942;128 437;7;0;2;2;21;1
202100040942;128 438;7;0;2;6;1;1
202100040943;128 434;7;0;2;6;13;1
202100040943;128 435;33;0;2;8;1;1
202100040943;128 436;33;4;0;3;13;1
202100040944;128 432;1;0;2;8;2;6
202100040944;128 433;7;0;2;2;2;2
202100040945;128 430;30;0;2;0;0;0
202100040945;128 431;7;0;9;0;0;0
202100040946;128 428;7;0;2;2;22;1
202100040946;128 429;80;0;2;8;18;3
202100040947;128 426;7;0;2;1;1;1
202100040947;128 427;33;0;2;3;1;1
202100040948;128 424;10;0;2;6;10;1
202100040948;128 425;80;0;2;1;1;3
202100040949;128 422;14;0;2;8;10;1
202100040949;128 423;32;0;2;2;1;1
202100040950;128 420;7;0;2;6;23;3
202100040950;128 421;34;0;2;2;9;1
202100040951;128 418;7;0;2;2;9;3
202100040951;128 419;30;0;2;1;1;1
202100040952;128 417;10;0;1;2;16;3
202100040953;128 415;33;0;2;6;1;1
202100040953;128 416;7;0;2;0;12;0
202100040954;128 413;1;0;2;8;13;5
202100040954;128 414;7;0;2;7;1;2
202100040955;128 411;80;0;2;5;1;3
202100040955;128 412;7;0;2;1;1;1
202100040956;128 410;1;0;0;1;1;5
202100040957;128 409;32;0;0;0;1;3
202100040958;128 407;30;8;0;1;16;1
202100040958;128 408;7;8;0;7;1;1
202100040959;128 405;7;0;2;3;15;1
202100040959;128 406;1;0;2;1;1;5
202100040960;128 403;7;0;2;2;1;1
202100040960;128 404;7;0;2;0;0;1
202100040961;128 401;32;8;2;3;18;1
202100040961;128 402;7;0;2;2;16;1
202100040962;128 399;30;0;2;1;1;1
202100040962;128 400;7;0;2;2;16;1
202100040963;128 397;7;0;2;3;15;1
202100040963;128 398;31;0;2;3;1;1
202100040964;128 394;7;0;2;7;12;1
202100040964;128 395;10;0;2;5;1;0
202100040964;128 396;32;0;2;8;1;1
202100040965;128 392;7;0;2;2;1;2
202100040965;128 393;15;0;0;6;1;1
202100040966;128 390;7;0;2;2;16;1
202100040966;128 391;33;0;2;3;16;1
202100040967;128 388;99;0;0;4;0;3
202100040967;128 389;7;0;2;1;17;1
202100040968;128 387;7;9;0;8;9;1
202100040969;128 385;30;0;2;2;15;1
202100040969;128 386;7;0;2;2;16;2
202100040970;128 383;7;1;2;1;13;1
202100040970;128 384;7;0;2;8;13;1
202100040971;128 382;7;0;1;2;2;1
202100040972;128 380;7;0;2;5;15;1
202100040972;128 381;7;0;2;3;1;1
202100040973;128 379;7;1;0;0;0;1
202100040974;128 377;7;0;1;0;0;0
202100040975;128 376;10;0;1;4;26;1
202100040976;128 374;43;0;2;1;2;1
202100040976;128 375;7;0;2;5;15;1
202100040977;128 373;7;8;0;1;26;1
202100040978;128 372;7;0;1;8;26;1
202100040979;128 370;32;0;2;2;21;1
202100040979;128 371;7;0;2;3;10;1
202100040980;128 368;50;0;2;1;5;3
202100040980;128 369;1;0;2;1;1;5
202100040981;128 366;1;0;2;0;17;5
202100040981;128 367;1;0;2;0;21;5
202100040982;128 364;7;0;2;3;11;1
202100040982;128 365;7;0;2;3;1;1
202100040983;128 363;33;13;0;1;1;1
202100040984;128 361;1;0;2;1;1;5
202100040984;128 362;7;13;2;3;21;1
202100040985;128 359;33;0;2;8;1;1
202100040985;128 360;7;0;2;3;1;1
202100040986;128 358;2;0;0;3;1;1
202100040987;128 356;33;0;2;1;2;1
202100040987;128 357;7;0;2;5;2;1
202100040988;128 354;7;2;9;3;1;1
202100040988;128 355;1;15;2;4;2;5
202100040989;128 353;7;0;1;4;20;1
202100040990;128 351;7;0;9;1;15;1
202100040990;128 352;1;0;2;4;1;5
202100040991;128 349;10;0;2;3;1;1
202100040991;128 350;2;0;2;3;1;1
202100040992;128 347;7;0;2;3;1;1
202100040992;128 348;7;0;2;3;1;1
202100040993;128 345;33;0;2;7;17;1
202100040993;128 346;10;0;2;3;15;1
202100040994;128 344;7;2;0;1;1;1
202100040995;128 341;33;0;2;1;1;1
202100040995;128 342;7;0;0;3;1;1
202100040995;128 343;7;0;2;4;1;1
202100040996;128 340;35;0;0;0;1;1
202100040997;128 336;7;0;2;1;2;1
202100040997;128 337;7;0;2;4;1;1
202100040997;128 338;7;0;2;8;1;1
202100040998;128 335;31;0;0;0;1;1
202100040999;128 333;15;0;9;0;1;1
202100040999;128 334;1;0;9;3;1;5
202100041000;128 331;10;0;2;7;5;1
202100041000;128 332;33;0;2;7;1;1
202100041001;128 329;21;0;2;1;9;1
202100041001;128 330;10;0;2;7;1;1
202100041002;128 327;7;0;2;3;1;1
202100041002;128 328;33;0;2;1;1;1
202100041003;128 325;33;0;2;3;1;1
202100041003;128 326;33;0;2;3;13;1
202100041004;128 324;33;0;0;2;1;1
202100041005;128 323;36;0;0;1;0;1
202100041006;128 321;7;0;2;1;0;1
202100041006;128 322;10;0;2;3;16;1
202100041007;128 319;7;6;0;3;1;1
202100041008;128 318;7;0;1;8;21;1
202100041009;128 316;7;0;0;8;1;1
202100041009;128 317;7;0;2;2;14;1
202100041010;128 313;7;0;2;1;23;1
202100041010;128 314;2;0;2;2;1;1
202100041010;128 315;7;0;2;1;16;1
202100041011;128 311;7;0;2;8;1;1
202100041011;128 312;7;0;2;1;1;1
202100041012;128 309;7;0;2;7;17;1
202100041012;128 310;7;3;2;8;13;1
202100041013;128 307;7;0;0;3;2;0
202100041013;128 308;7;0;0;6;2;0
202100041014;128 305;1;0;0;0;2;5
202100041014;128 306;7;0;9;0;1;0
202100041015;128 303;10;0;2;3;13;1
202100041015;128 304;7;0;2;3;1;1
202100041016;128 302;7;12;0;9;1;1
202100041017;128 300;7;0;2;3;1;1
202100041017;128 301;34;0;2;1;1;1
202100041018;128 298;7;0;2;1;1;2
202100041018;128 299;7;0;2;3;19;1
202100041019;128 296;7;0;2;9;1;1
202100041019;128 297;7;0;2;1;19;1
202100041020;128 294;7;0;2;1;2;1
202100041020;128 295;33;0;2;1;5;1
202100041021;128 292;33;0;0;0;1;1
202100041021;128 293;33;0;0;1;1;1
202100041022;128 291;33;13;0;1;1;1
202100041023;128 289;2;0;2;3;1;1
202100041023;128 290;1;0;2;5;19;5
202100041024;128 288;7;0;0;3;1;1
202100041025;128 286;7;0;2;5;17;1
202100041025;128 287;1;0;2;8;0;0
202100041026;128 284;7;0;2;1;1;1
202100041026;128 285;7;0;2;3;5;1
202100041027;128 282;7;13;0;2;14;1
202100041028;128 281;2;3;0;7;1;1
202100041029;128 280;7;3;0;2;1;1
202100041030;128 278;10;0;2;3;13;1
202100041030;128 279;7;0;2;3;1;1
202100041031;128 277;7;13;0;1;1;1
202100041032;128 272;7;0;2;4;1;1
202100041032;128 273;10;0;2;1;2;1
202100041032;128 274;7;0;2;4;2;1
202100041032;128 275;7;0;2;5;2;1
202100041033;128 270;15;0;2;2;1;1
202100041033;128 271;7;0;2;8;11;1
202100041034;128 268;7;0;2;1;2;1
202100041034;128 269;7;0;2;4;1;1
202100041035;128 265;7;0;2;1;2;1
202100041035;128 266;10;0;2;4;2;1
202100041035;128 267;7;0;2;4;1;1
202100041036;128 263;7;0;2;1;1;1
202100041036;128 264;7;0;2;4;1;1
202100041037;128 260;10;0;2;0;1;0
202100041037;128 261;7;0;2;4;2;1
202100041037;128 262;33;0;2;1;2;1
202100041038;128 258;7;0;2;2;2;1
202100041038;128 259;32;0;2;4;1;1
202100041039;128 256;7;4;2;9;1;1
202100041039;128 257;10;0;2;0;0;1
202100041040;128 254;7;0;2;4;2;1
202100041040;128 255;33;0;2;1;2;1
202100041041;128 252;7;0;2;4;1;1
202100041041;128 253;7;0;2;1;2;1
202100041042;128 250;7;0;2;1;2;1
202100041042;128 251;7;0;2;4;2;1
202100041043;128 248;10;0;2;1;2;1
202100041043;128 249;7;0;2;4;2;1
202100041044;128 246;33;0;2;1;3;1
202100041044;128 247;7;0;2;4;1;1
202100041045;128 242;30;0;2;1;1;1
202100041045;128 243;7;0;2;5;26;1
202100041046;128 241;7;0;1;1;1;1
202100041047;128 240;33;4;0;7;18;1
202100041048;128 238;7;0;9;5;1;1
202100041048;128 239;2;0;2;0;1;1
202100041049;128 236;7;0;2;1;1;1
202100041049;128 237;7;0;2;4;1;1
202100041050;128 235;2;0;2;1;1;1
202100041051;128 233;7;0;2;1;1;1
202100041051;128 234;3;0;2;1;5;1
202100041052;128 231;7;0;2;1;1;1
202100041052;128 232;7;0;2;6;1;1
202100041053;128 230;36;12;0;0;0;1
202100041054;128 226;7;0;2;5;1;1
202100041054;128 227;7;0;2;7;1;0
202100041054;128 228;7;0;2;8;22;1
202100041054;128 229;2;1;2;1;1;1
202100041055;128 224;10;0;9;1;1;1
202100041055;128 225;1;0;2;7;19;5
202100041056;128 223;20;0;1;3;1;1
202100041057;128 221;7;0;2;1;1;1
202100041057;128 222;32;0;2;1;21;1
202100041058;128 219;7;1;2;7;20;1
202100041058;128 220;7;1;2;1;1;1
202100041059;128 215;7;0;2;1;26;1
202100041059;128 216;10;0;2;1;26;1
202100041059;128 217;10;0;2;4;2;1
202100041059;128 218;7;0;2;4;2;1
202100041060;128 213;7;0;2;7;15;1
202100041060;128 214;1;0;2;1;0;5
202100041061;128 211;2;0;2;1;1;1
202100041061;128 212;7;0;2;3;15;1
202100041062;128 210;7;0;1;2;16;0
202100041063;128 207;7;0;2;3;5;1
202100041063;128 208;7;0;2;3;26;1
202100041063;128 209;7;9;2;5;15;1
202100041064;128 205;7;0;2;4;2;1
202100041064;128 206;7;0;2;1;2;0
202100041065;128 204;7;9;0;1;26;1
202100041066;128 203;7;15;0;2;26;1
202100041067;128 201;7;0;2;3;13;1
202100041067;128 202;7;0;2;1;1;1
202100041068;128 199;7;0;2;1;15;1
202100041068;128 200;7;0;2;1;1;1
202100041069;128 198;7;13;0;7;14;1
202100041070;128 196;7;0;2;3;13;1
202100041070;128 197;7;0;2;3;1;1
202100041071;128 194;10;16;9;1;9;1
202100041071;128 195;33;0;2;1;5;1
202100041072;128 191;7;0;1;3;15;1
202100041073;128 190;33;14;0;3;13;0
202100041074;128 188;7;0;2;1;13;0
202100041074;128 189;7;0;2;1;1;0
202100041075;128 187;7;0;1;1;15;1
202100041076;128 186;7;13;0;2;17;1
202100041077;128 185;7;2;0;0;19;1
202100041078;128 183;1;0;2;8;15;5
202100041078;128 184;7;0;9;2;21;1
202100041079;128 182;7;6;0;0;1;1
202100041080;128 180;30;0;2;3;9;1
202100041080;128 181;99;0;2;1;1;1
202100041081;128 179;7;0;1;1;21;1
202100041082;128 178;7;0;1;7;1;1
202100041083;128 176;1;0;2;1;1;5
202100041083;128 177;7;0;2;1;16;1
202100041084;128 174;7;0;2;3;15;1
202100041084;128 175;30;0;2;1;1;1
202100041085;128 171;33;0;2;1;2;1
202100041085;128 172;99;0;0;0;2;-1
202100041085;128 173;7;0;2;4;2;1
202100041086;128 169;7;0;2;4;2;1
202100041086;128 170;7;0;2;1;1;1
202100041087;128 168;7;0;1;1;1;1
202100041088;128 166;7;0;2;1;16;1
202100041088;128 167;50;0;2;1;25;3
202100041089;128 165;7;0;1;2;15;1
202100041090;128 163;7;0;2;3;13;1
202100041090;128 164;36;0;2;2;13;1
202100041091;128 161;33;0;2;2;1;1
202100041091;128 162;7;0;2;3;15;1
202100041092;128 159;7;0;2;1;2;1
202100041092;128 160;7;0;2;4;1;1
202100041093;128 158;7;0;1;1;1;1
202100041094;128 157;33;0;0;0;26;1
202100041095;128 155;10;0;2;1;2;1
202100041095;128 156;7;0;2;4;2;1
202100041096;128 153;7;0;2;1;2;1
202100041096;128 154;7;0;2;4;2;1
202100041097;128 151;7;0;2;2;22;1
202100041097;128 152;1;0;9;1;1;5
202100041098;128 149;33;0;2;1;2;1
202100041098;128 150;7;0;2;6;15;2
202100041099;128 148;7;6;0;1;1;1
202100041100;128 146;7;0;2;1;1;1
202100041100;128 147;7;0;2;1;15;1
202100041101;128 144;30;0;2;0;1;1
202100041101;128 145;7;0;2;0;0;1