Num_Acc;id_vehicule;catv;obs;obsm;choc;manv;motor
202100041102;128 143;7;0;1;1;26;1
202100041103;128 141;10;14;2;4;23;1
202100041103;128 142;7;0;2;1;1;1
202100041104;128 140;1;0;0;0;1;5
202100041105;128 139;30;0;0;8;1;1
202100041106;128 137;1;0;2;1;21;5
202100041106;128 138;7;0;9;2;17;1
202100041107;128 133;7;0;2;1;2;1
202100041107;128 134;7;0;2;4;23;1
202100041107;128 135;7;0;2;4;23;1
202100041107;128 136;7;0;2;4;23;1
202100041108;128 131;2;0;2;1;1;1
202100041108;128 132;7;0;2;4;15;1
202100041109;128 130;10;0;0;2;0;1
202100041110;128 129;7;0;1;1;1;1
202100041111;128 127;7;0;2;2;1;1
202100041111;128 128;2;0;2;1;1;1
202100041112;128 125;34;1;2;1;7;1
202100041112;128 126;7;0;2;7;12;6
202100041113;128 123;99;0;2;3;10;3
202100041113;128 124;99;0;2;2;1;3
202100041114;128 121;10;0;2;3;26;1
202100041114;128 122;1;0;2;1;1;5
202100041115;128 119;7;0;2;8;9;1
202100041115;128 120;1;0;2;7;1;5
202100041116;128 117;17;0;2;6;1;1
202100041116;128 118;7;0;2;1;1;1
202100041117;128 115;7;0;2;1;9;1
202100041117;128 116;1;0;2;0;1;0
202100041118;128 111;7;1;0;7;1;1
202100041118;128 112;7;1;2;8;24;1
202100041119;128 110;7;0;1;2;1;1
202100041120;128 108;33;0;2;1;1;1
202100041120;128 109;10;0;2;6;15;1
202100041121;128 106;7;0;2;1;1;1
202100041121;128 107;7;0;2;1;1;1
202100041122;128 105;30;0;1;1;21;0
202100041123;128 102;34;0;2;1;1;1
202100041123;128 103;7;0;2;5;15;1
202100041123;128 104;7;0;2;0;23;1
202100041124;128 101;33;0;1;1;17;0
202100041125;128 099;7;0;2;2;1;1
202100041125;128 100;50;0;2;1;1;3
202100041126;128 097;7;0;2;7;15;1
202100041126;128 098;2;0;2;1;1;1
202100041127;128 095;7;0;2;5;2;1
202100041127;128 096;7;0;2;3;2;1
202100041128;128 094;33;0;1;3;3;1
202100041129;128 093;7;0;1;1;9;1
202100041130;128 089;37;0;2;6;23;1
202100041130;128 090;2;1;2;1;21;1
202100041130;128 091;7;0;2;5;23;1
202100041131;128 086;10;8;2;5;19;1
202100041131;128 087;7;0;2;1;23;1
202100041131;128 088;10;8;2;1;1;1
202100041132;128 084;1;0;2;1;19;5
202100041132;128 085;7;0;2;8;1;1
202100041133;128 082;7;0;2;4;2;1
202100041133;128 083;32;0;2;1;1;1
202100041134;128 081;2;0;1;1;1;1
202100041135;128 079;30;0;2;1;17;3
202100041135;128 080;7;0;2;6;23;1
202100041136;128 077;31;0;2;1;1;1
202100041136;128 078;7;0;2;2;15;1
202100041137;128 075;30;0;2;7;17;1
202100041137;128 076;14;0;2;6;23;1
202100041138;128 073;1;0;2;7;19;5
202100041138;128 074;7;0;2;1;1;1
202100041139;128 071;7;0;2;4;9;1
202100041139;128 072;30;0;2;7;1;1
202100041140;128 069;7;0;2;3;9;1
202100041140;128 070;32;0;2;3;1;1
202100041141;128 067;14;0;2;2;14;1
202100041141;128 068;7;0;2;6;1;1
202100041142;128 065;10;0;2;1;2;1
202100041142;128 066;7;0;2;4;2;1
202100041143;128 063;13;0;2;2;2;1
202100041143;128 064;31;0;2;4;2;1
202100041144;128 061;7;0;2;8;15;1
202100041144;128 062;7;0;2;1;1;1
202100041145;128 059;1;0;2;1;18;5
202100041145;128 060;7;0;2;5;22;1
202100041146;128 056;7;0;2;1;2;1
202100041146;128 057;7;0;2;4;2;1
202100041146;128 058;7;0;2;4;2;1
202100041147;128 054;7;0;2;2;1;1
202100041147;128 055;1;0;2;8;1;5
202100041148;128 052;30;0;2;1;1;1
202100041148;128 053;13;0;2;8;1;1
202100041149;128 050;50;0;0;0;1;3
202100041149;128 051;37;0;0;0;1;0
202100041150;128 048;7;0;2;6;26;1
202100041150;128 049;10;0;2;2;1;1
202100041151;128 046;2;0;2;1;1;1
202100041151;128 047;7;0;2;2;19;1
202100041152;128 043;37;0;2;4;1;1
202100041152;128 044;7;0;2;4;1;1
202100041152;128 045;7;0;2;1;21;0
202100041153;128 041;30;0;2;2;14;1
202100041153;128 042;10;0;2;6;26;1
202100041154;128 039;7;0;2;7;1;2
202100041154;128 040;3;0;2;1;26;1
202100041155;128 037;7;0;2;3;1;1
202100041155;128 038;7;0;2;1;15;1
202100041156;128 035;34;0;2;1;17;1
202100041156;128 036;7;0;2;3;10;1
202100041157;128 033;30;0;2;1;1;1
202100041157;128 034;7;0;2;1;15;1
202100041158;128 031;7;0;0;0;0;0
202100041158;128 032;34;1;0;2;26;1
202100041159;128 029;50;0;2;1;1;3
202100041159;128 030;7;0;2;3;15;1
202100041160;128 028;80;12;0;1;19;3
202100041161;128 026;1;0;2;1;1;5
202100041161;128 027;1;0;2;1;26;5
202100041162;128 025;1;0;0;0;16;5
202100041163;128 023;33;0;2;3;1;1
202100041163;128 024;7;0;2;2;16;1
202100041164;128 021;7;0;2;1;2;1
202100041164;128 022;7;15;2;1;9;1
202100041165;128 018;14;0;2;3;22;1
202100041165;128 019;7;0;2;2;1;1
202100041165;128 020;30;0;2;2;18;1
202100041166;128 017;14;0;1;7;16;1
202100041167;128 015;10;0;2;5;23;1
202100041167;128 016;30;0;2;7;2;1
202100041168;128 013;7;0;2;2;10;1
202100041168;128 014;2;0;2;1;9;1
202100041169;128 011;14;0;2;3;1;1
202100041169;128 012;7;0;2;2;15;1
202100041170;128 010;7;16;0;0;0;1
202100041171;128 007;16;1;0;1;12;1
202100041171;128 008;16;0;0;7;24;1
202100041171;128 009;16;0;0;4;24;1
202100041172;128 004;7;0;2;8;1;1
202100041172;128 005;1;1;0;2;1;5
202100041173;128 002;1;0;9;1;15;5
202100041173;128 003;1;0;9;1;1;5
202100041174;128 000;10;0;2;8;15;1
202100041174;128 001;2;0;2;1;11;1
202100041175;127 998;32;0;2;1;18;1
202100041175;127 999;7;0;0;5;23;1
202100041176;127 996;21;0;2;6;14;1
202100041176;127 997;33;0;2;1;0;1
202100041177;127 995;7;2;0;8;17;1
202100041178;127 993;7;0;0;4;15;1
202100041178;127 994;7;0;2;1;1;1
202100041179;127 991;2;0;2;7;17;1
202100041179;127 992;7;0;2;8;15;1
202100041180;127 990;7;0;1;0;1;1
202100041181;127 988;34;0;2;1;1;1
202100041181;127 989;7;0;0;2;15;1
202100041182;127 987;7;2;0;2;1;1
202100041183;127 984;7;0;2;2;1;1
202100041183;127 985;7;0;2;1;13;1
202100041183;127 986;7;0;2;1;1;1
202100041184;127 982;7;13;0;0;16;1
202100041184;127 983;7;13;0;7;19;1
202100041185;127 981;2;6;0;1;21;1
202100041186;127 979;7;0;2;1;1;1
202100041186;127 980;7;0;2;1;5;2
202100041187;127 978;7;2;0;0;1;1
202100041188;127 976;7;0;2;2;19;1
202100041188;127 977;7;0;2;1;1;1
202100041189;127 974;33;0;2;1;9;1
202100041189;127 975;7;0;2;2;9;1
202100041190;127 973;7;0;1;2;1;1
202100041191;127 971;7;0;2;1;1;1
202100041191;127 972;21;0;2;4;15;1
202100041192;127 969;33;0;2;1;1;1
202100041192;127 970;7;0;2;7;15;1
202100041193;127 968;7;8;0;1;1;1
202100041194;127 967;10;6;0;1;14;1
202100041195;127 965;7;0;2;3;15;1
202100041195;127 966;7;0;2;2;1;1
202100041196;127 964;31;13;0;1;1;1
202100041197;127 963;7;13;0;2;1;1
202100041198;127 961;1;0;2;1;26;5
202100041198;127 962;7;0;2;3;9;1
202100041199;127 960;10;8;0;2;1;1
202100041200;127 959;7;2;0;2;1;1
202100041201;127 958;10;0;1;4;20;1
202100041202;127 957;10;0;1;0;0;1
202100041203;127 956;7;3;0;1;1;1
202100041204;127 954;10;0;2;3;15;1
202100041204;127 955;2;0;2;1;17;1
202100041205;127 952;10;0;0;2;9;1
202100041205;127 953;7;8;0;3;1;1
202100041206;127 951;7;2;0;1;1;1
202100041207;127 949;7;0;9;3;15;1
202100041207;127 950;33;0;0;7;17;1
202100041208;127 947;10;0;0;6;12;1
202100041208;127 948;33;0;2;1;3;1
202100041209;127 945;15;0;2;3;1;0
202100041209;127 946;7;0;2;3;13;1
202100041210;127 943;1;0;2;8;1;5
202100041210;127 944;7;0;9;1;19;1
202100041211;127 941;7;0;2;1;1;2
202100041211;127 942;7;0;2;1;13;1
202100041212;127 940;7;0;0;3;1;1
202100041213;127 938;31;0;2;0;1;0
202100041213;127 939;7;0;2;3;1;1
202100041214;127 936;38;0;2;4;23;1
202100041214;127 937;2;1;2;1;26;1
202100041215;127 934;7;0;2;1;1;1
202100041215;127 935;7;0;2;1;1;1
202100041216;127 932;7;0;2;1;26;1
202100041216;127 933;7;0;2;2;1;1
202100041217;127 931;1;6;0;3;0;5
202100041218;127 927;15;0;2;1;1;1
202100041218;127 928;7;0;2;1;13;1
202100041219;127 925;15;0;2;1;2;1
202100041219;127 926;7;0;2;4;2;1
202100041220;127 923;2;0;2;1;9;0
202100041220;127 924;7;0;2;3;9;1
202100041221;127 920;7;0;2;4;1;1
202100041221;127 921;7;0;2;4;1;3
202100041221;127 922;7;0;2;1;1;1
202100041222;127 918;7;0;2;4;2;1
202100041222;127 919;7;0;2;1;2;1
202100041223;127 915;17;0;2;1;2;1
202100041223;127 916;7;0;2;4;2;1
202100041223;127 917;7;0;2;4;2;1
202100041224;127 914;7;0;0;9;13;1
202100041225;127 912;31;0;2;1;2;1
202100041225;127 913;10;0;2;6;2;1
202100041226;127 910;10;0;2;7;1;1
202100041226;127 911;10;0;2;3;1;1
202100041227;127 909;33;0;0;4;1;1
202100041228;127 908;7;4;0;9;1;1
202100041229;127 907;10;3;0;1;1;1
202100041230;127 905;7;0;2;0;11;1
202100041230;127 906;7;0;2;0;0;1
202100041231;127 904;33;0;2;0;26;1
202100041232;127 902;7;0;2;4;2;1
202100041232;127 903;10;0;2;1;2;1
202100041233;127 898;7;0;2;2;1;1
202100041233;127 899;33;0;2;6;2;1
202100041233;127 900;33;0;2;2;2;1
202100041233;127 901;32;0;2;3;9;1
202100041234;127 895;7;0;2;9;9;1
202100041234;127 896;14;0;2;5;1;1
202100041234;127 897;7;0;2;1;1;1
202100041235;127 893;31;0;2;1;2;1
202100041235;127 894;7;0;2;5;2;1
202100041236;127 892;7;4;0;3;26;1
202100041237;127 889;7;0;2;4;2;1
202100041237;127 890;7;0;2;4;1;1
202100041237;127 891;7;0;2;1;26;1
202100041238;127 888;7;4;0;1;1;1
202100041239;127 886;7;0;2;5;12;1
202100041239;127 887;33;0;2;6;3;1
202100041240;127 885;7;0;1;7;1;1
202100041241;127 883;7;0;2;7;17;1
202100041241;127 884;1;0;0;8;13;5
202100041242;127 881;7;0;1;1;1;1
202100041243;127 880;30;0;1;1;26;1
202100041244;127 878;30;0;2;1;1;1
202100041244;127 879;1;0;2;1;1;5
202100041245;127 876;30;12;2;1;1;1
202100041245;127 877;30;12;2;1;26;1
202100041246;127 875;7;8;0;1;13;1
202100041247;127 873;2;0;2;1;1;1
202100041247;127 874;7;0;2;8;9;1
202100041248;127 871;32;0;2;1;1;1
202100041248;127 872;7;0;2;2;16;1
202100041249;127 869;7;0;2;3;15;2
202100041249;127 870;1;0;2;1;1;5
202100041250;127 865;7;0;2;1;1;1
202100041250;127 866;7;0;2;4;1;1
202100041250;127 867;7;0;2;4;1;1
202100041250;127 868;7;0;2;4;1;1
202100041251;127 864;7;1;0;1;16;1
202100041252;127 862;7;0;2;3;26;1
202100041252;127 863;41;0;0;1;1;1
202100041253;127 860;7;0;2;2;1;2
202100041253;127 861;10;0;2;5;15;1
202100041254;127 858;7;0;2;7;26;1
202100041254;127 859;7;0;2;1;1;1
202100041255;127 856;7;0;2;4;1;1
202100041255;127 857;34;0;2;2;17;1
202100041256;127 853;7;0;2;6;2;1
202100041256;127 854;30;0;2;1;12;1
202100041257;127 851;7;0;2;4;2;1
202100041257;127 852;7;0;2;1;2;1
202100041258;127 850;7;0;1;3;15;1
202100041259;127 849;99;8;0;1;1;1
202100041260;127 848;7;0;1;1;15;3
202100041261;127 845;50;0;2;1;1;3
202100041261;127 846;10;0;2;4;4;1
202100041262;127 843;7;0;2;8;0;1
202100041262;127 844;33;0;2;7;10;1
202100041263;127 842;7;0;1;1;1;1
202100041264;127 841;7;0;1;1;9;1
202100041265;127 840;7;0;1;1;2;1
202100041266;127 839;7;0;1;7;9;1
202100041267;127 837;1;0;2;1;9;5
202100041267;127 838;7;0;2;3;23;1
202100041268;127 835;7;0;2;2;9;1
202100041268;127 836;34;0;2;2;1;1
202100041269;127 834;30;0;0;8;2;1
202100041270;127 833;33;0;0;8;21;1
202100041271;127 831;7;0;2;3;13;1
202100041271;127 832;33;0;2;2;17;1
202100041272;127 830;7;8;0;1;13;1
202100041273;127 828;2;0;2;3;5;1
202100041273;127 829;7;0;2;3;15;1
202100041274;127 826;7;0;2;1;1;1
202100041274;127 827;7;0;2;8;15;1
202100041275;127 824;33;0;2;1;26;1
202100041275;127 825;7;0;2;6;2;1
202100041276;127 823;31;0;0;7;1;1
202100041277;127 822;7;15;1;4;20;1
202100041278;127 821;7;12;0;2;14;1
202100041279;127 819;7;0;2;1;2;1
202100041279;127 820;7;0;2;4;2;1
202100041280;127 817;7;0;2;3;13;1
202100041280;127 818;30;0;2;1;13;3
202100041281;127 815;7;0;2;3;16;1
202100041281;127 816;7;0;2;7;1;1
202100041282;127 814;7;9;0;1;26;1
202100041283;127 813;2;0;0;8;1;3
202100041284;127 812;7;0;1;2;1;1
202100041285;127 811;7;0;1;3;1;1
202100041286;127 809;7;0;2;2;1;1
202100041286;127 810;1;0;2;8;0;5
202100041287;127 807;7;0;2;1;1;1
202100041287;127 808;1;0;2;8;19;5
202100041288;127 806;7;0;1;1;16;1
202100041289;127 804;33;0;2;1;1;0
202100041289;127 805;7;0;2;4;23;1
202100041290;127 803;7;0;1;2;1;1
202100041291;127 802;33;2;0;2;2;1
202100041292;127 800;7;0;2;1;6;1
202100041292;127 801;7;0;2;1;1;1
202100041293;127 799;7;0;1;1;1;1
202100041294;127 797;7;0;2;7;16;0
202100041294;127 798;1;0;2;3;1;5
202100041295;127 796;7;6;0;1;1;1
202100041296;127 793;7;0;2;3;13;1
202100041296;127 794;7;0;2;6;1;1
202100041296;127 795;10;0;2;6;1;1
202100041297;127 791;32;0;2;1;1;1
202100041297;127 792;30;0;2;6;13;1
202100041298;127 789;7;0;2;3;15;1
202100041298;127 790;32;0;2;1;1;1
202100041299;127 787;7;0;2;6;0;1
202100041299;127 788;7;0;2;1;21;1
202100041300;127 785;30;0;2;1;17;1
202100041300;127 786;30;0;2;8;15;1
202100041301;127 782;7;0;2;4;1;1
202100041301;127 783;7;0;2;4;1;1
202100041301;127 784;7;0;2;1;1;1
202100041302;127 781;7;0;1;2;1;1
202100041303;127 780;7;0;1;1;16;1
202100041304;127 779;37;0;1;2;21;1
202100041305;127 777;33;0;2;1;1;1
202100041305;127 778;7;0;2;2;15;1
202100041306;127 774;32;0;2;8;11;1
202100041306;127 775;33;0;2;2;3;1
202100041306;127 776;7;0;2;6;1;1
202100041307;127 772;33;0;2;4;9;1
202100041307;127 773;7;0;2;1;1;1
202100041308;127 770;30;0;2;8;18;1
202100041308;127 771;7;0;2;2;12;2
202100041309;127 767;7;0;2;4;2;1
202100041309;127 768;7;0;2;4;2;2
202100041309;127 769;7;0;2;1;2;1
202100041310;127 766;7;0;1;7;15;1
202100041311;127 765;30;0;1;1;17;1
202100041312;127 763;32;0;2;7;1;1
202100041312;127 764;10;0;2;1;1;1
202100041313;127 760;10;0;2;3;15;1
202100041313;127 761;33;0;2;2;17;1
202100041313;127 762;10;0;2;3;23;1
202100041314;127 759;31;0;1;1;1;1
202100041315;127 758;32;0;0;7;16;1
202100041316;127 757;7;0;1;1;1;1
202100041317;127 755;7;0;2;5;15;1
202100041317;127 756;32;0;2;3;1;1
202100041318;127 753;2;0;2;1;2;3
202100041318;127 754;7;0;2;4;23;1
202100041319;127 751;7;0;2;1;2;1
202100041319;127 752;1;0;2;4;2;5
202100041320;127 750;33;0;1;2;1;1
202100041321;127 748;30;0;2;1;1;1
202100041321;127 749;30;0;2;1;10;1
202100041322;127 746;30;0;2;2;18;1
202100041322;127 747;7;0;2;7;1;1
202100041323;127 743;7;0;2;3;22;1
202100041323;127 744;33;0;2;2;3;1
202100041323;127 745;7;0;2;1;1;1
202100041324;127 741;80;0;2;7;1;3
202100041324;127 742;7;0;2;1;1;1
202100041325;127 739;2;0;2;2;2;1
202100041325;127 740;7;0;0;1;9;1
202100041326;127 737;1;0;2;1;5;5
202100041326;127 738;7;0;2;1;15;1
202100041327;127 735;10;0;2;3;1;0
202100041327;127 736;14;0;2;2;16;0
202100041328;127 733;50;0;2;8;25;3
202100041328;127 734;7;0;2;1;9;1
202100041329;127 731;31;0;2;1;1;1
202100041329;127 732;7;0;2;4;1;1
202100041330;127 728;7;0;2;3;2;1
202100041330;127 729;7;0;2;4;23;1
202100041330;127 730;7;0;2;4;23;2
202100041331;127 727;1;0;1;1;1;5
202100041332;127 726;37;0;1;2;15;1
202100041333;127 725;30;0;0;1;1;1
202100041334;127 723;10;0;2;0;0;0
202100041334;127 724;33;1;2;8;1;0
202100041335;127 722;7;0;1;1;1;1
202100041336;127 720;32;0;2;3;1;1
202100041336;127 721;7;0;2;7;16;1
202100041337;127 719;1;0;1;1;1;5
202100041338;127 717;7;0;2;4;1;1
202100041338;127 718;7;0;2;1;2;0
202100041339;127 716;7;0;1;8;1;1
202100041340;127 714;32;0;2;2;16;3
202100041340;127 715;7;0;2;6;16;1
202100041341;127 712;7;0;2;1;1;1
202100041341;127 713;7;0;2;1;13;1
202100041342;127 710;7;0;2;3;1;1
202100041342;127 711;7;0;2;3;1;1
202100041343;127 709;7;0;1;1;9;1
202100041344;127 707;31;0;2;3;1;1
202100041344;127 708;14;0;2;8;13;1
202100041345;127 706;33;5;0;1;1;1
202100041346;127 704;7;0;2;3;16;1
202100041346;127 705;30;0;2;1;1;1
202100041347;127 702;7;5;0;8;15;1
202100041347;127 703;10;15;2;1;1;1
202100041348;127 700;7;0;2;8;15;1
202100041348;127 701;10;0;2;1;0;1
202100041349;127 699;7;0;0;1;1;1
202100041350;127 697;7;0;2;1;1;1
202100041350;127 698;14;0;2;7;19;1
202100041351;127 696;1;14;9;1;1;5
202100041352;127 694;7;0;2;1;15;1
202100041352;127 695;7;7;2;1;1;1
202100041353;127 692;7;0;2;1;1;1
202100041353;127 693;7;0;2;3;16;3
202100041354;127 690;7;0;2;8;2;1
202100041354;127 691;33;0;2;2;17;1
202100041355;127 689;7;0;1;3;1;3
202100041356;127 686;10;0;2;1;17;1
202100041356;127 687;7;0;2;1;1;1
202100041356;127 688;7;0;2;6;23;1
202100041357;127 684;2;0;2;7;1;1
202100041357;127 685;7;0;2;1;1;1
202100041358;127 682;7;0;2;2;19;1
202100041358;127 683;1;0;2;1;1;5
202100041359;127 680;7;0;2;1;1;1
202100041359;127 681;7;0;2;1;26;1
202100041360;127 676;7;0;2;3;13;1
202100041360;127 677;7;0;2;8;1;1
202100041360;127 678;7;0;2;8;1;1
202100041360;127 679;13;0;9;1;1;1
202100041361;127 674;7;0;2;4;2;1
202100041361;127 675;33;0;2;1;2;1
202100041362;127 673;7;0;1;3;15;1
202100041363;127 671;7;0;2;8;1;1
202100041363;127 672;33;0;2;8;1;1
202100041364;127 669;7;0;2;2;17;1
202100041364;127 670;7;0;2;3;15;1
202100041365;127 668;7;0;0;9;1;1
202100041366;127 667;7;8;0;1;13;1
202100041367;127 665;33;0;2;1;1;1
202100041367;127 666;7;0;2;2;15;1
202100041368;127 663;38;0;2;2;1;1
202100041368;127 664;7;0;2;1;19;1
202100041369;127 661;10;0;2;6;9;1
202100041369;127 662;7;0;2;5;17;1
202100041370;127 658;7;0;2;1;1;1
202100041370;127 659;33;0;2;1;1;1
202100041370;127 660;7;0;2;1;5;1
202100041371;127 656;15;0;2;1;1;1
202100041371;127 657;7;13;2;8;19;1
202100041372;127 654;7;0;2;1;11;1
202100041372;127 655;7;0;2;1;1;1
202100041373;127 652;7;0;2;1;1;1
202100041373;127 653;10;0;2;1;13;1
202100041374;127 650;20;16;2;9;1;1
202100041374;127 651;7;0;9;8;1;1
202100041375;127 649;7;0;1;1;0;1
202100041376;127 647;15;0;2;8;9;1
202100041376;127 648;34;4;2;2;1;1
202100041377;127 645;7;0;2;1;13;1
202100041377;127 646;7;0;2;1;1;1
202100041378;127 644;7;2;0;8;17;1
202100041379;127 643;7;0;1;4;4;1
202100041380;127 642;7;13;0;2;1;1
202100041381;127 640;7;0;2;1;15;1
202100041381;127 641;7;0;2;8;1;1
202100041382;127 638;13;0;2;4;1;1
202100041382;127 639;7;6;2;3;0;1
202100041383;127 636;7;0;2;3;15;1
202100041383;127 637;2;0;2;1;17;1
202100041384;127 635;33;4;0;3;13;1
202100041385;127 634;7;0;0;0;26;1
202100041386;127 631;15;0;2;4;23;1
202100041386;127 632;15;0;2;4;23;1
202100041386;127 633;15;0;2;1;2;1
202100041387;127 629;10;0;2;2;11;1
202100041387;127 630;33;0;2;8;1;1
202100041388;127 625;7;0;2;4;2;1
202100041388;127 626;7;0;2;1;2;1
202100041388;127 627;7;0;2;4;2;1
202100041388;127 628;7;0;2;1;2;1
202100041389;127 624;33;0;0;0;1;1
202100041390;127 622;7;0;2;5;2;1
202100041390;127 623;7;0;2;3;2;1
202100041391;127 620;34;0;2;3;1;1
202100041391;127 621;7;0;2;5;12;1
202100041392;127 618;14;0;2;4;1;1
202100041392;127 619;7;0;2;1;1;1
202100041393;127 616;33;0;2;4;3;1
202100041393;127 617;7;0;2;2;14;1
202100041394;127 613;33;0;2;1;3;1
202100041394;127 614;7;0;2;4;1;1
202100041394;127 615;7;0;2;4;1;1
202100041395;127 611;7;0;2;1;26;1
202100041395;127 612;7;0;2;5;1;1
202100041396;127 610;7;4;0;8;1;1
202100041397;127 607;7;0;2;4;2;1
202100041397;127 608;7;0;2;4;2;1
202100041397;127 609;7;0;2;1;0;1
202100041398;127 605;7;0;0;0;0;1
202100041398;127 606;7;4;9;1;18;1
202100041399;127 601;14;0;2;1;1;6
202100041399;127 602;7;0;2;4;23;6
202100041399;127 603;7;0;2;4;23;1
202100041399;127 604;7;0;0;4;23;0
202100041400;127 599;14;0;2;2;16;1
202100041400;127 600;2;0;2;8;18;1
202100041401;127 597;33;0;2;4;17;1
202100041401;127 598;7;0;2;3;15;0
202100041402;127 595;30;0;2;3;9;1
202100041402;127 596;7;0;2;7;13;1
202100041403;127 594;37;0;1;5;1;1
202100041404;127 593;7;0;1;4;4;1
202100041405;127 592;7;0;1;0;1;0
202100041406;127 590;30;0;2;1;1;1
202100041406;127 591;7;0;2;5;15;3
202100041407;127 588;7;0;2;5;16;1
202100041407;127 589;2;0;2;8;1;1
202100041408;127 586;30;0;2;1;1;3
202100041408;127 587;7;0;2;8;15;1
202100041409;127 584;33;0;2;1;1;1
202100041409;127 585;7;0;2;5;12;1
202100041410;127 582;1;0;2;0;18;5
202100041410;127 583;7;0;2;2;14;1
202100041411;127 580;32;1;2;1;1;1
202100041411;127 581;10;0;2;8;22;1
202100041412;127 578;33;0;2;1;1;1
202100041412;127 579;10;0;2;5;14;1
202100041413;127 577;80;14;0;2;12;3
202100041414;127 576;33;0;0;0;1;1
202100041415;127 574;7;0;2;1;2;1
202100041415;127 575;7;0;2;4;2;1
202100041416;127 572;7;0;2;8;15;1
202100041416;127 573;33;0;2;1;17;1
202100041417;127 571;7;9;0;1;26;1
202100041418;127 569;7;0;2;3;1;1
202100041418;127 570;2;0;2;0;16;1
202100041419;127 567;7;0;2;2;1;1
202100041419;127 568;7;0;2;0;1;1
202100041420;127 565;10;0;2;6;4;1
202100041420;127 566;30;0;2;1;1;1
202100041421;127 564;31;0;1;5;26;0
202100041422;127 563;7;0;1;2;1;2
202100041423;127 561;33;0;2;2;21;1
202100041423;127 562;1;0;2;3;9;5
202100041424;127 560;7;0;1;4;20;1
202100041425;127 558;31;0;2;1;3;3
202100041425;127 559;7;0;2;3;0;1
202100041426;127 556;43;0;2;7;1;1
202100041426;127 557;7;0;2;1;9;1
202100041427;127 554;13;0;2;3;15;0
202100041427;127 555;2;0;2;2;17;1
202100041428;127 552;33;0;2;2;17;1
202100041428;127 553;7;0;2;3;15;1
202100041429;127 550;7;0;2;8;10;1
202100041429;127 551;34;0;2;2;3;1
202100041430;127 548;7;0;2;7;1;1
202100041430;127 549;2;0;2;1;1;1
202100041431;127 546;10;0;2;3;15;1
202100041431;127 547;33;0;2;6;15;1
202100041432;127 543;33;0;2;5;3;1
202100041432;127 544;10;0;2;5;1;1
202100041432;127 545;14;0;2;6;1;1
202100041433;127 541;32;0;0;4;1;1
202100041433;127 542;7;0;2;1;2;1
202100041434;127 539;7;0;2;2;19;1
202100041434;127 540;7;0;2;3;1;1
202100041435;127 537;7;0;2;3;1;1
202100041435;127 538;33;0;2;1;0;1
202100041436;127 536;17;1;1;2;2;1
202100041437;127 533;10;0;2;1;2;1
202100041437;127 534;10;0;0;4;2;1
202100041437;127 535;10;0;2;9;2;1
202100041438;127 532;7;13;0;9;1;2
202100041439;127 530;2;0;2;1;1;1
202100041439;127 531;7;0;2;2;15;1
202100041440;127 528;7;0;9;3;1;1
202100041440;127 529;2;0;2;1;13;1
202100041441;127 527;33;13;0;0;1;1
202100041442;127 525;33;0;2;8;9;1
202100041442;127 526;7;0;2;1;1;1
202100041443;127 523;7;0;2;1;5;1
202100041443;127 524;7;0;2;1;1;1
202100041444;127 522;33;15;0;1;1;1
202100041445;127 521;33;14;0;9;1;1
202100041446;127 519;7;0;2;1;13;1
202100041446;127 520;7;0;2;1;1;1
202100041447;127 517;15;0;2;3;1;1
202100041447;127 518;7;0;2;3;13;1
202100041448;127 516;33;8;0;3;14;1
202100041449;127 515;7;13;0;3;1;1
202100041450;127 514;7;10;0;1;1;1
202100041451;127 513;7;13;0;9;16;1
202100041452;127 512;10;11;0;1;1;1
202100041453;127 511;15;16;0;0;1;1
202100041454;127 509;33;0;2;3;1;1
202100041454;127 510;7;0;2;3;13;1
202100041455;127 507;10;0;2;2;17;1
202100041455;127 508;7;0;0;6;1;1
202100041456;127 505;1;0;2;4;15;5
202100041456;127 506;7;0;2;2;1;1
202100041457;127 503;7;0;2;1;15;1
202100041457;127 504;7;0;2;9;1;1
202100041458;127 501;7;0;2;3;11;1
202100041458;127 502;7;6;2;3;13;1
202100041459;127 499;1;0;2;7;19;5
202100041459;127 500;7;0;2;1;1;1
202100041460;127 498;31;7;0;1;17;1
202100041461;127 496;14;0;2;2;12;1
202100041461;127 497;7;4;2;6;2;1
202100041462;127 495;7;13;0;1;1;1
202100041463;127 492;7;0;2;2;17;1
202100041463;127 493;20;0;2;8;1;1
202100041463;127 494;17;0;2;6;17;1
202100041464;127 491;10;0;0;0;1;1
202100041465;127 489;2;0;2;1;2;1
202100041465;127 490;2;0;0;4;23;1
202100041466;127 487;33;0;0;1;2;1
202100041466;127 488;10;0;0;8;2;1
202100041467;127 485;33;0;2;1;1;1
202100041467;127 486;7;0;2;7;15;1
202100041468;127 484;7;0;1;8;1;1
202100041469;127 483;7;13;0;7;1;1
202100041470;127 480;7;0;2;4;1;1
202100041470;127 481;7;0;2;4;1;1
202100041470;127 482;7;0;2;1;1;1
202100041471;127 476;33;0;2;5;1;1
202100041471;127 477;33;0;2;1;2;1
202100041471;127 478;10;0;2;0;1;1
202100041471;127 479;7;0;2;1;1;1
202100041472;127 474;33;0;2;1;2;1
202100041472;127 475;7;0;2;4;1;1
202100041473;127 473;7;4;0;0;0;1
202100041474;127 472;7;0;2;8;2;1
202100041475;127 471;7;4;0;1;2;1
202100041476;127 470;33;4;0;8;1;1
202100041477;127 468;7;0;2;1;2;1
202100041477;127 469;7;0;2;4;2;1
202100041478;127 466;33;0;2;3;3;1
202100041478;127 467;7;0;2;7;0;1
202100041479;127 464;13;0;2;1;2;1
202100041479;127 465;13;0;2;4;2;1
202100041480;127 459;7;0;2;6;2;1