Num_Acc;id_vehicule;catv;obs;obsm;choc;manv;motor
202100042276;126 064;7;0;2;3;11;1
202100042277;126 059;33;0;2;8;2;1
202100042277;126 060;7;0;2;4;2;1
202100042277;126 061;7;0;2;8;2;1
202100042277;126 062;7;0;2;7;1;1
202100042278;126 054;14;0;2;2;2;1
202100042278;126 055;10;0;2;4;2;1
202100042278;126 056;7;0;2;4;2;1
202100042278;126 057;37;0;2;2;1;1
202100042278;126 058;7;0;2;4;2;1
202100042279;126 052;7;0;2;1;1;1
202100042279;126 053;7;0;2;4;1;1
202100042280;126 051;7;0;1;1;1;1
202100042281;126 049;7;0;2;0;0;1
202100042281;126 050;15;0;2;3;0;1
202100042282;126 047;7;0;2;5;26;1
202100042282;126 048;7;1;0;2;26;1
202100042283;126 046;30;0;0;8;1;1
202100042284;126 045;0;0;2;1;1;6
202100042285;126 044;7;0;1;1;1;1
202100042286;126 042;7;0;2;1;13;0
202100042286;126 043;2;0;2;1;1;1
202100042287;126 040;7;0;2;6;15;1
202100042287;126 041;33;0;2;1;17;1
202100042288;126 036;7;0;2;1;2;1
202100042288;126 037;7;0;2;3;2;1
202100042288;126 038;7;0;2;6;2;1
202100042289;126 035;7;1;0;3;13;1
202100042290;126 033;7;0;2;1;2;1
202100042290;126 034;14;0;2;4;23;1
202100042291;126 031;32;0;2;1;1;1
202100042291;126 032;7;0;2;3;20;1
202100042292;126 030;10;12;0;1;13;1
202100042293;126 027;99;0;2;1;2;1
202100042293;126 028;10;0;9;4;23;1
202100042294;126 025;2;0;2;3;1;1
202100042294;126 026;7;0;2;3;1;1
202100042295;126 022;7;0;2;0;0;0
202100042295;126 023;7;0;2;4;23;1
202100042295;126 024;7;0;2;4;23;1
202100042296;126 021;7;0;1;5;1;1
202100042297;126 020;10;0;1;1;15;1
202100042298;126 018;2;0;2;8;1;1
202100042298;126 019;2;0;2;1;1;1
202100042299;126 016;7;0;2;1;1;1
202100042299;126 017;10;0;2;1;1;1
202100042300;126 015;7;0;1;0;21;1
202100042301;126 013;30;0;2;1;26;1
202100042301;126 014;7;0;2;4;2;1
202100042302;126 011;7;0;2;1;2;1
202100042302;126 012;10;0;2;4;23;1
202100042303;126 009;7;0;2;2;1;1
202100042303;126 010;7;0;2;3;1;1
202100042304;126 007;7;2;2;1;1;1
202100042304;126 008;7;0;2;3;15;1
202100042305;126 005;15;0;2;4;24;1
202100042305;126 006;7;1;0;1;1;1
202100042306;126 003;7;0;0;0;1;1
202100042306;126 004;33;0;0;1;1;1
202100042307;126 001;32;0;2;7;17;1
202100042307;126 002;7;0;2;3;15;2
202100042308;125 999;7;0;2;2;15;1
202100042308;126 000;10;0;2;1;9;1
202100042309;125 998;7;13;0;3;1;1
202100042310;125 997;7;0;1;4;4;1
202100042311;125 995;7;0;9;7;16;1
202100042311;125 996;50;0;2;1;1;3
202100042312;125 993;7;0;2;1;15;1
202100042312;125 994;7;0;2;3;1;1
202100042313;125 989;7;0;2;1;2;1
202100042313;125 990;7;0;2;4;2;1
202100042313;125 991;7;0;2;4;2;1
202100042313;125 992;7;0;2;4;2;1
202100042314;125 988;7;0;1;2;1;1
202100042315;125 986;1;0;2;1;15;5
202100042315;125 987;7;0;2;1;15;1
202100042316;125 984;32;0;2;1;17;1
202100042316;125 985;7;0;2;8;15;1
202100042317;125 982;13;0;2;8;1;1
202100042317;125 983;7;0;2;3;1;1
202100042318;125 980;7;0;2;2;15;1
202100042318;125 981;2;0;2;1;18;1
202100042319;125 978;7;0;2;2;15;1
202100042319;125 979;33;0;0;0;0;1
202100042320;125 977;7;0;1;3;15;1
202100042321;125 975;2;0;2;1;1;1
202100042321;125 976;7;0;2;3;9;1
202100042322;125 973;7;0;2;1;2;1
202100042322;125 974;7;0;2;1;0;1
202100042323;125 971;1;0;2;7;17;5
202100042323;125 972;7;0;2;3;15;1
202100042324;125 970;14;0;1;4;4;1
202100042325;125 969;31;3;0;7;21;1
202100042326;125 968;7;0;1;7;1;1
202100042327;125 965;7;0;1;2;1;1
202100042328;125 962;7;0;2;0;0;3
202100042328;125 963;7;0;2;4;2;1
202100042328;125 964;7;0;2;2;2;1
202100042329;125 960;7;0;2;1;1;1
202100042329;125 961;7;0;2;1;1;1
202100042330;125 959;34;0;1;1;1;1
202100042331;125 957;7;0;2;0;0;1
202100042331;125 958;50;0;2;1;26;3
202100042332;125 955;7;0;2;8;1;1
202100042332;125 956;30;0;2;8;13;1
202100042333;125 954;7;1;1;2;9;1
202100042334;125 952;7;0;2;7;1;1
202100042334;125 953;7;0;2;1;1;1
202100042335;125 951;3;0;1;3;15;1
202100042336;125 949;7;0;2;8;13;1
202100042336;125 950;10;0;2;0;0;1
202100042337;125 947;50;0;-1;1;15;3
202100042337;125 948;40;0;2;3;1;3
202100042338;125 945;7;0;2;1;2;1
202100042338;125 946;7;0;2;4;2;1
202100042339;125 941;7;0;2;7;14;1
202100042339;125 942;7;1;2;6;1;1
202100042339;125 943;7;0;2;3;24;1
202100042339;125 944;7;0;2;1;24;1
202100042340;125 940;7;4;0;1;1;1
202100042341;125 938;7;0;2;3;1;1
202100042341;125 939;7;0;2;3;9;1
202100042342;125 937;31;14;0;8;1;1
202100042343;125 935;32;0;2;1;15;1
202100042343;125 936;31;0;2;8;1;3
202100042344;125 933;1;0;2;4;17;5
202100042344;125 934;7;0;2;1;1;1
202100042345;125 932;50;0;0;0;21;3
202100042346;125 930;32;0;2;7;1;1
202100042346;125 931;7;0;2;7;11;0
202100042347;125 928;33;0;2;1;1;1
202100042347;125 929;1;0;2;8;1;5
202100042348;125 927;30;0;0;3;15;1
202100042349;125 925;33;0;2;7;14;1
202100042349;125 926;7;0;2;8;1;1
202100042350;125 923;7;0;2;5;1;1
202100042350;125 924;43;0;2;1;1;1
202100042351;125 921;7;0;2;3;16;1
202100042351;125 922;2;0;2;2;17;1
202100042352;125 919;1;0;2;7;1;5
202100042352;125 920;7;0;0;8;1;1
202100042353;125 918;50;0;1;1;21;3
202100042354;125 916;7;0;2;3;1;1
202100042354;125 917;32;0;2;1;1;1
202100042355;125 914;43;0;2;5;17;1
202100042355;125 915;1;0;2;1;15;5
202100042356;125 912;30;0;2;8;13;1
202100042356;125 913;7;0;2;5;2;1
202100042357;125 911;31;0;1;1;1;1
202100042358;125 910;50;0;0;0;7;3
202100042359;125 909;1;0;0;0;1;5
202100042360;125 908;31;0;1;1;1;0
202100042361;125 907;50;0;1;1;25;3
202100042362;125 906;14;0;1;4;4;1
202100042363;125 905;37;0;1;0;1;0
202100042364;125 903;32;0;2;1;1;1
202100042364;125 904;30;0;2;2;1;1
202100042365;125 901;50;14;0;7;2;3
202100042365;125 902;7;14;0;1;2;1
202100042366;125 899;34;0;2;7;0;1
202100042366;125 900;50;0;2;7;1;3
202100042367;125 897;7;0;2;7;9;1
202100042367;125 898;7;0;2;2;1;1
202100042368;125 895;2;14;0;1;17;1
202100042368;125 896;1;0;2;8;1;5
202100042369;125 893;0;0;2;0;0;0
202100042369;125 894;10;0;1;0;20;1
202100042370;125 891;10;0;9;8;23;1
202100042370;125 892;1;0;2;1;25;5
202100042371;125 889;7;0;2;3;15;1
202100042371;125 890;2;0;2;7;1;1
202100042372;125 887;7;12;2;3;14;0
202100042372;125 888;7;0;2;3;26;1
202100042373;125 886;7;0;1;2;15;1
202100042374;125 884;2;0;2;1;17;1
202100042374;125 885;7;0;2;3;13;1
202100042375;125 882;32;0;2;1;0;1
202100042375;125 883;7;0;2;4;1;1
202100042376;125 881;34;1;1;1;1;1
202100042377;125 880;7;0;1;6;19;1
202100042378;125 879;31;15;0;1;13;1
202100042379;125 878;1;0;1;1;1;5
202100042380;125 876;7;0;2;5;16;1
202100042380;125 877;1;0;2;1;1;5
202100042381;125 874;50;0;2;0;26;3
202100042381;125 875;7;0;2;2;1;2
202100042382;125 872;2;0;2;1;16;1
202100042382;125 873;7;0;2;1;1;1
202100042383;125 870;21;0;0;2;1;1
202100042383;125 871;33;0;2;1;1;1
202100042384;125 868;7;0;2;6;15;1
202100042384;125 869;33;8;2;1;1;1
202100042385;125 867;33;0;0;1;1;1
202100042386;125 866;10;2;0;1;1;1
202100042387;125 864;7;0;2;1;1;1
202100042387;125 865;7;0;2;3;15;1
202100042388;125 863;10;9;0;2;1;1
202100042389;125 861;10;0;2;3;15;1
202100042389;125 862;33;0;2;8;1;1
202100042390;125 860;7;2;0;1;0;1
202100042391;125 857;7;0;2;1;1;1
202100042391;125 858;13;0;2;2;1;1
202100042391;125 859;20;0;0;6;1;1
202100042392;125 855;7;7;2;1;1;1
202100042392;125 856;7;0;2;8;1;1
202100042393;125 853;2;0;2;1;1;1
202100042393;125 854;10;0;2;2;6;1
202100042394;125 852;2;0;0;8;1;1
202100042395;125 850;7;0;2;3;1;1
202100042395;125 851;7;0;2;8;9;1
202100042396;125 847;7;0;0;5;17;1
202100042396;125 848;7;0;2;3;2;1
202100042397;125 845;7;0;2;1;1;1
202100042397;125 846;7;0;2;3;15;1
202100042398;125 844;33;13;0;1;17;1
202100042399;125 843;7;2;0;2;1;1
202100042400;125 841;33;0;2;8;1;1
202100042400;125 842;7;0;2;1;19;1
202100042401;125 839;30;0;2;1;1;1
202100042401;125 840;7;0;2;4;26;1
202100042402;125 838;2;0;1;1;1;1
202100042403;125 837;7;0;0;2;1;1
202100042404;125 835;33;0;0;0;1;1
202100042404;125 836;33;0;0;0;1;1
202100042405;125 833;2;0;2;1;1;1
202100042405;125 834;7;0;2;3;1;1
202100042406;125 832;33;0;0;0;1;1
202100042407;125 830;15;0;2;3;1;1
202100042407;125 831;7;0;2;1;13;1
202100042408;125 828;50;0;2;1;17;3
202100042408;125 829;7;0;9;6;15;1
202100042409;125 827;7;0;1;3;1;1
202100042410;125 821;7;3;2;7;13;1
202100042410;125 822;17;0;2;3;1;1
202100042411;125 819;32;0;2;3;1;1
202100042411;125 820;7;0;2;1;15;1
202100042412;125 818;33;0;0;1;1;1
202100042413;125 815;7;6;2;9;0;1
202100042413;125 816;7;6;2;1;0;1
202100042414;125 811;7;0;2;1;2;1
202100042414;125 812;7;0;2;4;2;1
202100042414;125 813;7;0;2;4;2;1
202100042414;125 814;7;0;2;4;2;1
202100042415;125 808;7;0;0;0;0;0
202100042415;125 809;34;0;2;1;2;1
202100042415;125 810;33;4;2;2;3;1
202100042416;125 805;7;0;2;4;23;3
202100042416;125 806;7;0;2;1;1;1
202100042416;125 807;7;0;2;1;1;1
202100042417;125 804;7;4;0;8;1;1
202100042418;125 802;7;0;2;6;11;1
202100042418;125 803;14;0;2;2;1;1
202100042419;125 800;7;0;2;5;26;1
202100042419;125 801;15;0;2;3;21;1
202100042420;125 798;7;0;2;5;2;1
202100042420;125 799;15;0;2;3;2;1
202100042421;125 797;7;3;2;2;1;1
202100042422;125 795;7;0;2;6;23;1
202100042422;125 796;33;0;2;1;12;1
202100042423;125 790;7;9;2;1;2;1
202100042423;125 791;7;0;2;6;2;1
202100042424;125 788;7;0;2;4;23;1
202100042424;125 789;10;0;2;2;2;1
202100042425;125 786;7;0;2;2;0;1
202100042425;125 787;7;0;2;4;4;1
202100042426;125 784;7;0;2;1;9;1
202100042426;125 785;1;0;2;0;26;5
202100042427;125 782;30;0;2;4;26;1
202100042427;125 783;7;0;0;4;23;1
202100042428;125 780;1;0;2;8;1;5
202100042428;125 781;7;0;2;1;1;1
202100042429;125 779;7;3;0;1;1;1
202100042430;125 778;99;9;0;0;2;6
202100042431;125 775;7;0;0;4;1;1
202100042431;125 776;7;0;2;1;1;1
202100042431;125 777;7;0;2;1;21;1
202100042432;125 774;33;0;9;8;21;1
202100042433;125 772;1;0;2;1;2;5
202100042433;125 773;7;0;1;4;23;1
202100042434;125 770;7;1;2;5;1;1
202100042434;125 771;31;0;2;1;1;1
202100042435;125 769;7;0;1;2;1;1
202100042436;125 768;30;0;0;7;1;1
202100042437;125 766;43;0;2;1;1;1
202100042437;125 767;7;0;2;4;23;1
202100042438;125 765;2;0;0;8;21;1
202100042439;125 764;32;0;0;0;1;1
202100042440;125 762;7;0;2;6;1;1
202100042440;125 763;50;0;2;1;5;3
202100042441;125 760;32;0;2;0;1;0
202100042441;125 761;10;0;2;4;4;0
202100042442;125 756;7;3;2;2;1;1
202100042442;125 757;7;8;2;1;19;1
202100042443;125 753;7;0;2;1;1;1
202100042443;125 754;99;0;0;0;0;0
202100042444;125 748;7;0;2;2;12;1
202100042444;125 749;7;0;2;4;1;1
202100042444;125 750;7;0;2;4;1;1
202100042444;125 751;7;0;2;4;1;1
202100042444;125 752;7;0;2;1;1;1
202100042445;125 746;7;0;2;2;15;1
202100042445;125 747;7;0;2;1;1;1
202100042446;125 745;33;1;0;1;14;1
202100042447;125 744;2;12;0;2;1;1
202100042448;125 743;1;0;0;0;1;5
202100042449;125 742;33;0;1;0;1;0
202100042450;125 740;10;0;2;2;17;1
202100042450;125 741;7;0;2;3;9;1
202100042451;125 738;7;0;9;3;1;1
202100042451;125 739;1;0;2;1;1;5
202100042452;125 736;32;0;2;1;12;1
202100042452;125 737;7;0;2;1;0;1
202100042453;125 734;1;0;2;2;1;5
202100042453;125 735;7;0;2;4;20;1
202100042454;125 732;1;0;2;5;1;5
202100042454;125 733;30;0;2;1;1;3
202100042455;125 730;7;0;2;1;26;1
202100042455;125 731;31;0;2;2;15;1
202100042456;125 728;10;0;2;1;2;1
202100042456;125 729;7;0;2;7;15;1
202100042457;125 726;7;0;2;0;9;1
202100042457;125 727;1;0;2;0;1;5
202100042458;125 725;30;11;0;8;1;1
202100042459;125 723;30;0;2;0;0;-1
202100042459;125 724;7;0;2;0;0;-1
202100042460;125 722;2;6;0;1;0;1
202100042461;125 720;7;0;2;8;24;1
202100042461;125 721;1;1;0;1;1;5
202100042462;125 718;1;0;4;7;21;5
202100042462;125 719;39;0;2;3;1;3
202100042463;125 716;1;0;2;7;1;5
202100042463;125 717;7;0;0;1;15;0
202100042464;125 715;7;6;0;1;1;1
202100042465;125 713;50;0;0;0;0;3
202100042465;125 714;7;0;2;7;1;1
202100042466;125 712;2;0;0;7;1;1
202100042467;125 710;50;0;2;1;1;3
202100042467;125 711;7;0;2;2;16;1
202100042468;125 708;7;0;2;1;9;1
202100042468;125 709;1;0;2;1;1;5
202100042469;125 706;7;0;2;0;0;1
202100042469;125 707;7;0;2;7;26;1
202100042470;125 705;40;0;1;1;9;3
202100042471;125 703;7;0;2;1;1;1
202100042471;125 704;32;0;2;1;1;1
202100042472;125 701;80;0;2;3;0;3
202100042472;125 702;7;0;2;3;15;1
202100042473;125 699;7;0;2;7;16;1
202100042473;125 700;1;0;2;0;1;5
202100042474;125 698;7;0;1;1;1;1
202100042475;125 696;7;0;2;2;20;1
202100042475;125 697;33;0;2;8;1;1
202100042476;125 695;7;0;1;2;1;1
202100042477;125 694;30;14;0;1;1;1
202100042478;125 692;1;0;2;8;0;0
202100042478;125 693;7;0;9;1;1;1
202100042479;125 691;33;0;0;8;15;1
202100042480;125 689;10;0;2;2;2;1
202100042480;125 690;3;0;2;6;2;1
202100042481;125 687;7;0;2;1;1;0
202100042481;125 688;7;0;2;4;23;0
202100042482;125 685;7;0;2;3;16;1
202100042482;125 686;34;0;2;7;1;1
202100042483;125 684;7;0;1;3;1;1
202100042484;125 682;10;0;2;1;1;1
202100042484;125 683;30;0;2;1;1;1
202100042485;125 679;31;0;2;1;2;1
202100042485;125 680;7;0;2;6;23;1
202100042485;125 681;33;0;2;1;1;1
202100042486;125 677;7;0;2;0;20;0
202100042486;125 678;2;0;2;1;2;1
202100042487;125 675;37;0;2;5;1;1
202100042487;125 676;7;0;2;1;1;1
202100042488;125 674;7;0;1;1;16;0
202100042489;125 672;10;0;2;2;1;1
202100042489;125 673;10;0;2;3;0;1
202100042490;125 670;7;0;2;1;15;1
202100042490;125 671;7;8;2;2;1;2
202100042491;125 669;33;3;0;7;1;1
202100042492;125 666;7;0;2;2;10;1
202100042492;125 667;7;0;0;5;24;1
202100042492;125 668;33;1;0;3;1;1
202100042493;125 664;32;0;2;1;18;1
202100042493;125 665;33;0;2;7;16;1
202100042494;125 662;1;0;2;3;1;5
202100042494;125 663;10;0;2;4;4;1
202100042495;125 661;30;0;1;1;1;1
202100042496;125 660;14;0;1;1;1;1
202100042497;125 658;7;0;2;8;15;2
202100042497;125 659;34;1;2;9;17;1
202100042498;125 657;32;0;0;7;16;1
202100042499;125 654;34;1;2;4;2;1
202100042499;125 655;7;0;2;4;23;0
202100042499;125 656;10;0;2;5;24;1
202100042500;125 652;30;0;2;8;13;1
202100042500;125 653;7;0;2;7;1;0
202100042501;125 650;33;0;2;6;18;1
202100042501;125 651;10;0;2;2;1;1
202100042502;125 648;7;0;2;7;1;1
202100042502;125 649;30;0;2;8;13;1
202100042503;125 646;7;0;2;3;15;1
202100042503;125 647;33;0;2;8;1;1
202100042504;125 645;34;0;1;1;1;1
202100042505;125 643;32;0;2;3;1;1
202100042505;125 644;10;0;2;5;4;1
202100042506;125 640;7;0;2;1;2;1
202100042506;125 641;7;0;2;2;2;1
202100042506;125 642;30;0;2;4;23;1
202100042507;125 639;1;0;0;0;1;5
202100042508;125 637;1;0;2;1;1;5
202100042508;125 638;7;0;2;2;16;1
202100042509;125 635;7;0;2;8;1;1
202100042509;125 636;1;0;2;1;1;1
202100042510;125 634;7;14;0;1;14;1
202100042511;125 633;3;0;1;7;1;1
202100042512;125 631;7;0;2;7;1;1
202100042512;125 632;7;0;2;1;26;1
202100042513;125 629;3;14;9;3;13;1
202100042513;125 630;3;0;2;3;26;1
202100042514;125 627;34;0;2;2;1;1
202100042514;125 628;7;0;2;3;9;1
202100042515;125 626;37;0;1;7;9;2
202100042516;125 624;30;0;2;1;18;1
202100042516;125 625;7;0;2;2;16;1
202100042517;125 622;2;0;2;6;15;1
202100042517;125 623;7;0;2;6;15;1
202100042518;125 620;7;0;2;3;13;1
202100042518;125 621;38;0;2;3;21;1
202100042519;125 619;7;13;0;3;1;1
202100042520;125 618;7;15;0;1;13;1
202100042521;125 616;33;0;2;8;15;1
202100042521;125 617;7;0;0;2;2;0
202100042522;125 615;2;6;9;0;13;1
202100042523;125 613;1;0;0;1;1;5
202100042523;125 614;21;0;0;6;1;0
202100042524;125 611;14;0;0;5;15;1
202100042524;125 612;10;0;2;1;13;1
202100042525;125 610;7;2;0;3;0;1
202100042526;125 609;7;0;1;3;1;1
202100042527;125 608;1;13;0;1;19;5
202100042528;125 606;1;0;2;1;19;5
202100042528;125 607;7;0;2;7;1;1
202100042529;125 605;2;6;0;1;13;1
202100042530;125 604;3;0;1;1;1;0
202100042531;125 602;7;0;0;7;15;1
202100042531;125 603;1;0;2;1;1;5
202100042532;125 600;7;0;2;1;19;1
202100042532;125 601;7;0;2;2;1;1
202100042533;125 598;10;0;2;3;1;1
202100042533;125 599;2;0;2;1;1;1
202100042534;125 596;2;0;2;1;1;1
202100042534;125 597;7;0;2;2;19;1
202100042535;125 594;7;0;2;3;13;1
202100042535;125 595;7;0;2;3;1;1
202100042536;125 593;7;13;0;9;17;1
202100042537;125 592;1;0;0;7;2;5
202100042538;125 591;7;0;0;0;1;1
202100042539;125 589;7;0;2;3;1;1
202100042539;125 590;21;0;2;4;1;1
202100042540;125 588;7;0;1;5;15;1
202100042541;125 586;7;0;2;2;15;1
202100042541;125 587;33;0;2;1;1;1
202100042542;125 584;7;0;0;8;24;1
202100042542;125 585;7;1;0;5;4;1
202100042543;125 582;7;0;2;3;15;1
202100042543;125 583;2;0;2;1;17;1
202100042544;125 580;10;0;9;2;20;1
202100042544;125 581;1;0;2;1;0;5
202100042545;125 579;17;3;0;1;1;1
202100042546;125 578;33;0;0;9;26;1
202100042547;125 577;17;3;0;7;14;1
202100042548;125 575;10;0;2;3;11;1
202100042548;125 576;15;0;2;3;1;1
202100042549;125 573;7;0;0;1;17;1
202100042549;125 574;7;0;0;1;0;1
202100042550;125 571;7;0;0;3;15;1
202100042550;125 572;31;0;0;2;17;1
202100042551;125 569;7;0;2;8;9;1
202100042551;125 570;1;0;2;7;1;5
202100042552;125 568;7;2;0;3;1;3
202100042553;125 567;10;0;1;3;1;1
202100042554;125 565;2;0;2;3;2;1
202100042554;125 566;7;0;2;2;17;1
202100042555;125 564;1;0;0;1;18;5
202100042556;125 561;7;0;0;4;2;1
202100042556;125 562;7;0;2;4;2;1
202100042556;125 563;10;0;2;1;2;1
202100042557;125 557;7;0;2;1;1;2
202100042557;125 558;1;0;2;0;9;5
202100042558;125 555;21;0;2;3;15;1
202100042558;125 556;2;0;2;1;17;1
202100042559;125 553;33;0;2;2;1;1
202100042559;125 554;7;0;2;3;19;1
202100042560;125 551;7;0;9;7;17;1
202100042560;125 552;1;0;2;3;1;5
202100042561;125 550;99;0;1;4;4;1
202100042562;125 548;7;0;0;4;1;1
202100042562;125 549;7;0;2;1;1;1
202100042563;125 546;7;0;2;1;2;1
202100042563;125 547;10;13;2;4;1;1
202100042564;125 544;14;0;2;1;2;1
202100042564;125 545;15;0;2;4;1;1
202100042565;125 543;33;3;0;9;2;1
202100042566;125 541;7;0;2;4;2;1
202100042566;125 542;7;0;2;1;2;1
202100042567;125 539;10;0;2;5;14;1
202100042567;125 540;33;0;2;3;3;1
202100042568;125 536;7;0;2;1;2;1
202100042568;125 537;7;0;2;4;2;1
202100042568;125 538;7;0;2;1;2;1
202100042569;125 534;33;0;2;1;1;1
202100042569;125 535;7;0;2;2;12;1
202100042570;125 530;7;4;2;1;5;1
202100042570;125 531;10;0;2;8;1;1
202100042570;125 532;10;0;2;6;12;1
202100042570;125 533;7;4;2;2;17;1
202100042571;125 528;7;0;2;1;13;1
202100042571;125 529;7;0;2;8;1;1
202100042572;125 526;7;0;2;4;23;1
202100042572;125 527;7;0;2;1;23;1
202100042573;125 524;30;0;0;0;2;1
202100042573;125 525;10;0;0;0;18;1
202100042574;125 523;7;10;0;2;14;1
202100042575;125 521;7;0;2;1;1;1
202100042575;125 522;60;0;2;3;19;5
202100042576;125 519;33;0;2;3;13;1
202100042576;125 520;7;0;2;8;1;1
202100042577;125 518;7;0;1;0;26;1
202100042578;125 516;7;0;2;4;0;1
202100042578;125 517;7;0;2;1;0;1
202100042579;125 514;10;0;2;4;9;1
202100042579;125 515;7;0;2;2;14;1
202100042580;125 513;7;0;1;1;19;1
202100042581;125 511;7;0;2;1;15;1
202100042581;125 512;33;0;2;1;1;1
202100042582;125 509;60;0;2;8;7;5
202100042582;125 510;20;0;2;8;1;1
202100042583;125 507;7;0;2;1;1;1
202100042583;125 508;7;0;2;4;1;1
202100042584;125 504;50;12;1;8;13;3
202100042585;125 502;2;0;2;0;1;1
202100042585;125 503;2;0;2;1;1;1
202100042586;125 500;31;0;2;1;1;1
202100042586;125 501;7;0;2;8;15;1
202100042587;125 499;32;0;1;0;0;1
202100042588;125 497;7;0;2;1;15;1
202100042588;125 498;7;0;2;1;1;1
202100042589;125 495;7;0;2;3;15;1
202100042589;125 496;33;0;2;1;1;1
202100042590;125 493;7;0;2;3;15;1
202100042590;125 494;33;0;2;1;17;1
202100042591;125 492;7;3;0;1;13;1
202100042592;125 490;7;0;2;1;1;1
202100042592;125 491;7;0;2;3;1;1
202100042593;125 488;7;0;2;1;1;1
202100042593;125 489;7;0;2;3;15;1
202100042594;125 486;7;0;2;1;1;1
202100042594;125 487;2;0;2;3;1;1
202100042595;125 484;7;0;2;1;1;1
202100042595;125 485;1;0;2;1;13;5
202100042596;125 483;31;0;0;0;9;1
202100042597;125 481;31;0;2;1;2;1
202100042597;125 482;1;0;0;4;15;0
202100042598;125 480;32;0;0;0;0;1
202100042599;125 478;1;0;1;4;25;5
202100042600;125 476;7;0;9;5;16;1
202100042600;125 477;1;0;0;0;0;0
202100042601;125 474;7;0;2;3;1;2
202100042601;125 475;1;0;2;1;1;5
202100042602;125 472;7;0;2;8;15;1
202100042602;125 473;33;0;2;1;17;1
202100042603;125 470;7;0;2;5;16;1
202100042603;125 471;1;0;2;1;1;5
202100042604;125 469;7;4;0;2;14;1
202100042605;125 467;34;0;2;2;17;1
202100042605;125 468;7;0;2;3;10;1
202100042606;125 465;7;0;2;3;1;1
202100042606;125 466;1;0;2;1;1;5
202100042607;125 463;7;0;2;4;2;1
202100042607;125 464;7;0;2;1;2;1
202100042608;125 461;7;0;9;1;15;2
202100042608;125 462;60;0;2;8;1;5
202100042609;125 459;7;0;2;7;1;1
202100042609;125 460;7;0;2;1;1;1
202100042610;125 458;32;0;1;2;19;1
202100042611;125 457;7;0;1;3;1;1
202100042612;125 456;1;0;0;0;1;5
202100042613;125 455;1;0;0;1;1;5
202100042614;125 454;32;0;0;8;16;1
202100042615;125 452;7;0;2;1;2;1
202100042615;125 453;43;0;2;1;2;1
202100042616;125 450;7;0;2;2;15;1
202100042616;125 451;7;0;2;5;1;1
202100042617;125 446;7;0;2;9;13;1
202100042617;125 447;43;0;2;4;1;1
202100042617;125 448;7;0;2;4;1;1
202100042617;125 449;7;0;2;6;1;2
202100042618;125 444;7;0;2;3;1;1
202100042618;125 445;2;0;2;3;1;1
202100042619;125 443;33;0;0;0;1;1
202100042620;125 441;33;0;2;1;17;1
202100042620;125 442;7;0;2;3;15;1
202100042621;125 440;7;2;0;3;1;1
202100042622;125 439;7;3;6;1;21;1
202100042623;125 438;2;6;0;1;26;1
202100042624;125 435;33;0;2;1;11;1
202100042624;125 436;7;6;2;6;15;1
202100042624;125 437;33;0;2;1;1;1
202100042625;125 433;31;0;2;8;1;1
202100042625;125 434;7;0;2;9;1;1
202100042626;125 431;7;0;2;2;1;1
202100042626;125 432;1;0;0;3;1;0
202100042627;125 429;7;0;2;8;10;1
202100042627;125 430;33;0;2;0;0;1
202100042628;125 428;14;4;0;1;1;1
202100042629;125 427;36;0;0;0;26;1
202100042630;125 425;7;0;2;3;1;1
202100042630;125 426;1;0;2;1;15;-1
202100042631;125 424;33;7;0;1;1;1
202100042632;125 423;33;6;0;1;0;1
202100042633;125 422;15;0;1;1;1;1
202100042634;125 421;7;15;0;1;14;1
202100042635;125 420;7;8;0;9;1;1
202100042636;125 419;7;13;0;1;13;1
202100042637;125 418;36;0;0;3;1;1
202100042638;125 416;2;0;0;0;21;1
202100042638;125 417;7;0;0;0;5;0
202100042639;125 413;7;14;2;6;1;0
202100042639;125 414;7;0;2;4;15;0
202100042639;125 415;15;0;2;3;1;0
202100042640;125 409;1;0;2;3;1;5
202100042640;125 410;7;0;2;8;16;1
202100042641;125 407;7;0;2;1;15;1
202100042641;125 408;2;0;2;1;1;1
202100042642;125 406;36;0;0;0;16;1
202100042643;125 404;37;0;2;6;1;1
202100042643;125 405;1;11;2;8;17;5
202100042644;125 402;7;0;0;8;1;1
202100042644;125 403;2;0;0;8;1;1
202100042645;125 401;7;13;0;1;1;1
202100042646;125 400;7;4;0;3;2;1
202100042647;125 399;7;1;0;2;0;1
202100042648;125 398;7;5;0;1;1;1
202100042649;125 397;33;0;0;8;0;1
202100042650;125 395;7;0;2;1;13;1
202100042650;125 396;7;0;2;1;1;1
202100042651;125 393;7;0;2;3;1;1
202100042651;125 394;2;0;2;1;13;1
202100042652;125 392;7;8;0;1;1;1
202100042653;125 391;7;2;0;7;0;1
202100042654;125 389;7;0;2;6;1;3
202100042654;125 390;10;0;2;2;12;1
202100042655;125 385;7;1;0;1;1;1
202100042655;125 386;10;1;0;3;13;1
202100042655;125 387;7;0;2;0;1;1
202100042655;125 388;7;4;0;2;11;1
202100042656;125 383;7;0;2;1;26;1
202100042656;125 384;7;0;2;4;0;1
202100042657;125 380;7;0;2;4;26;1
202100042657;125 381;7;0;2;1;26;1
202100042657;125 382;7;0;2;4;17;1
202100042658;125 379;33;3;0;0;13;1
202100042659;125 378;33;0;2;1;2;1
202100042660;125 376;7;0;2;8;11;1
202100042660;125 377;33;0;2;7;2;1
202100042661;125 375;33;4;0;3;1;1
202100042662;125 374;33;3;0;3;1;1
202100042663;125 373;7;8;0;4;0;1
202100042664;125 371;7;0;2;1;2;1
202100042664;125 372;7;0;2;4;23;1
202100042665;125 369;10;0;2;3;1;1
202100042665;125 370;7;0;2;2;15;1
202100042666;125 367;33;0;2;1;2;1