Num_Acc;id_vehicule;catv;obs;obsm;choc;manv;motor
202100044247;122 577;10;0;9;2;26;1
202100044247;122 578;1;0;2;7;26;5
202100044248;122 576;7;0;1;1;16;1
202100044249;122 574;7;0;2;7;0;1
202100044249;122 575;7;0;2;7;1;1
202100044250;122 572;7;0;2;6;22;1
202100044250;122 573;50;0;2;1;1;3
202100044251;122 570;7;0;2;8;1;1
202100044251;122 571;50;0;2;1;19;3
202100044252;122 568;10;0;2;1;9;1
202100044252;122 569;33;0;2;2;1;1
202100044253;122 566;7;0;2;8;19;1
202100044253;122 567;7;0;2;1;19;1
202100044254;122 563;7;0;2;1;2;1
202100044254;122 564;7;0;2;4;23;1
202100044254;122 565;7;0;2;4;23;1
202100044255;122 562;7;15;0;2;14;1
202100044256;122 560;7;0;2;3;1;1
202100044256;122 561;7;0;2;2;1;1
202100044257;122 558;7;0;2;7;1;1
202100044257;122 559;2;0;2;1;19;1
202100044258;122 555;7;0;2;1;2;1
202100044258;122 556;7;0;2;4;2;1
202100044258;122 557;7;0;2;4;15;1
202100044259;122 553;1;0;2;1;19;5
202100044259;122 554;7;0;2;1;1;1
202100044260;122 551;1;1;0;1;1;5
202100044260;122 552;10;0;2;8;22;1
202100044261;122 549;7;1;2;1;2;1
202100044261;122 550;7;0;2;4;2;1
202100044262;122 548;2;0;0;7;26;3
202100044263;122 546;80;0;2;1;1;3
202100044263;122 547;7;0;2;2;15;1
202100044264;122 545;7;8;0;3;5;1
202100044265;122 544;33;1;0;1;26;0
202100044266;122 542;50;0;2;1;1;3
202100044266;122 543;7;0;2;3;1;1
202100044267;122 540;7;0;9;1;1;1
202100044267;122 541;1;0;2;8;1;5
202100044268;122 538;10;0;2;1;1;1
202100044268;122 539;7;0;2;5;1;1
202100044269;122 536;7;0;2;1;1;1
202100044269;122 537;7;0;2;1;13;0
202100044270;122 534;2;0;2;0;0;1
202100044270;122 535;7;0;2;1;15;1
202100044271;122 532;7;0;2;2;15;1
202100044271;122 533;33;0;2;1;1;1
202100044272;122 530;7;0;2;4;23;1
202100044272;122 531;7;0;2;1;2;1
202100044273;122 529;10;3;0;7;14;1
202100044274;122 527;31;0;2;1;1;1
202100044274;122 528;7;0;2;7;1;1
202100044275;122 525;7;0;2;1;2;1
202100044275;122 526;7;0;2;4;23;1
202100044276;122 524;7;8;0;1;1;1
202100044277;122 522;7;0;2;5;16;1
202100044277;122 523;31;0;2;1;7;1
202100044278;122 520;7;0;2;2;15;1
202100044278;122 521;32;0;2;1;1;1
202100044279;122 518;33;0;0;0;0;1
202100044279;122 519;7;0;0;0;0;1
202100044280;122 517;7;0;1;4;4;1
202100044281;122 515;1;0;2;1;19;5
202100044281;122 516;7;0;2;7;1;1
202100044282;122 512;7;0;2;2;12;1
202100044282;122 513;7;0;2;7;1;1
202100044282;122 514;38;0;2;3;1;1
202100044283;122 511;7;0;1;6;4;1
202100044284;122 509;7;0;2;1;2;1
202100044284;122 510;7;0;2;4;23;1
202100044285;122 507;30;0;2;9;0;1
202100044285;122 508;7;0;2;1;1;1
202100044286;122 504;7;0;2;1;26;1
202100044286;122 505;7;0;2;2;24;1
202100044286;122 506;7;0;2;7;1;1
202100044287;122 502;7;0;2;3;15;1
202100044287;122 503;30;0;2;7;17;1
202100044288;122 501;10;0;1;1;1;1
202100044289;122 499;2;0;2;1;1;1
202100044289;122 500;7;0;2;5;15;1
202100044290;122 497;60;0;2;1;19;5
202100044290;122 498;7;0;2;2;1;1
202100044291;122 494;43;0;2;4;3;1
202100044291;122 495;7;0;2;8;1;1
202100044291;122 496;33;0;2;1;3;1
202100044292;122 492;7;0;2;1;2;2
202100044292;122 493;7;0;2;4;2;1
202100044293;122 490;33;0;2;0;1;1
202100044293;122 491;1;0;2;3;1;5
202100044294;122 488;1;0;2;8;19;5
202100044294;122 489;7;0;2;3;15;1
202100044295;122 486;2;0;2;5;1;1
202100044295;122 487;7;0;2;3;10;1
202100044296;122 484;7;0;2;8;22;1
202100044296;122 485;1;0;2;1;1;5
202100044297;122 482;30;0;2;1;17;1
202100044297;122 483;80;0;2;8;19;3
202100044298;122 480;7;0;2;3;2;1
202100044298;122 481;32;0;2;5;2;1
202100044299;122 479;50;0;1;1;5;3
202100044300;122 477;7;0;2;2;16;1
202100044300;122 478;32;0;2;3;18;1
202100044301;122 475;33;0;2;8;1;1
202100044301;122 476;7;0;2;3;15;1
202100044302;122 474;50;0;1;1;25;3
202100044303;122 473;1;0;1;1;1;5
202100044304;122 471;30;0;2;4;23;1
202100044304;122 472;7;0;2;1;2;1
202100044305;122 470;7;0;1;4;4;1
202100044306;122 469;7;0;1;3;1;1
202100044307;122 467;7;0;2;0;0;1
202100044307;122 468;7;0;2;0;19;1
202100044308;122 466;7;0;1;3;1;1
202100044309;122 463;7;0;2;0;0;1
202100044309;122 464;7;0;2;8;1;1
202100044309;122 465;32;0;2;1;1;3
202100044310;122 462;10;0;1;3;11;0
202100044311;122 461;7;0;1;0;11;0
202100044312;122 459;7;0;2;3;15;1
202100044312;122 460;43;0;2;1;17;1
202100044313;122 458;7;0;1;2;1;1
202100044314;122 457;1;0;1;1;1;5
202100044315;122 456;7;1;0;2;26;1
202100044316;122 454;30;0;2;1;1;1
202100044316;122 455;10;0;2;3;19;1
202100044317;122 453;33;0;1;1;1;1
202100044318;122 451;7;0;2;3;9;1
202100044318;122 452;1;0;2;7;1;5
202100044319;122 449;7;0;2;7;15;1
202100044319;122 450;37;0;2;2;1;1
202100044320;122 447;3;0;2;1;1;1
202100044320;122 448;1;0;2;4;15;5
202100044321;122 445;7;0;2;3;19;1
202100044321;122 446;2;0;0;8;1;1
202100044322;122 443;7;0;2;2;1;1
202100044322;122 444;2;0;2;3;1;1
202100044323;122 442;2;0;0;8;15;1
202100044324;122 440;21;0;2;2;16;1
202100044324;122 441;2;0;2;1;18;1
202100044325;122 436;10;0;2;1;2;1
202100044325;122 437;7;0;2;3;1;1
202100044325;122 438;7;0;2;1;2;1
202100044325;122 439;7;0;2;3;13;1
202100044326;122 434;7;0;2;7;1;1
202100044326;122 435;7;0;2;1;19;1
202100044327;122 433;7;2;0;1;1;1
202100044328;122 431;0;0;2;0;0;0
202100044328;122 432;1;0;0;4;1;5
202100044329;122 429;7;1;2;7;13;1
202100044329;122 430;7;0;2;1;1;1
202100044330;122 428;7;13;0;1;14;1
202100044331;122 426;17;0;2;1;17;1
202100044331;122 427;7;0;2;8;26;1
202100044332;122 425;2;2;0;2;1;1
202100044333;122 423;7;0;2;1;1;1
202100044333;122 424;7;0;2;8;14;1
202100044334;122 422;7;2;0;3;13;1
202100044335;122 420;7;0;9;4;2;1
202100044335;122 421;1;0;0;4;1;5
202100044336;122 418;7;0;0;8;19;1
202100044336;122 419;31;0;2;3;21;1
202100044337;122 416;10;0;2;2;0;1
202100044337;122 417;10;0;2;6;0;0
202100044338;122 414;10;0;9;1;17;1
202100044338;122 415;17;0;2;0;1;1
202100044339;122 413;7;16;0;9;26;1
202100044340;122 412;21;0;1;5;17;1
202100044341;122 411;7;13;0;1;5;1
202100044342;122 410;7;13;0;1;1;1
202100044343;122 409;7;5;0;0;2;1
202100044344;122 407;7;0;2;1;1;1
202100044344;122 408;7;0;2;1;13;1
202100044345;122 406;7;0;0;1;1;1
202100044346;122 405;14;3;0;7;14;1
202100044347;122 403;10;0;2;8;21;1
202100044347;122 404;7;0;2;3;13;1
202100044348;122 400;7;0;2;7;2;1
202100044349;122 398;10;0;2;6;2;1
202100044349;122 399;33;0;2;1;2;1
202100044350;122 396;10;0;2;1;1;1
202100044350;122 397;15;0;2;4;2;1
202100044351;122 394;7;4;2;1;5;1
202100044351;122 395;7;4;2;1;1;1
202100044352;122 393;7;12;0;2;0;1
202100044353;122 392;2;9;0;0;1;3
202100044354;122 390;7;0;2;1;15;1
202100044354;122 391;7;8;2;3;1;2
202100044355;122 388;7;12;2;7;21;1
202100044355;122 389;7;0;1;1;9;1
202100044356;122 386;7;0;2;4;1;1
202100044356;122 387;2;0;2;2;1;1
202100044357;122 385;30;16;0;1;1;1
202100044358;122 382;7;0;2;1;16;1
202100044358;122 383;7;1;2;2;1;1
202100044359;122 381;7;3;0;1;16;0
202100044360;122 379;7;9;2;2;1;1
202100044360;122 380;7;0;2;2;15;1
202100044361;122 378;7;0;1;2;16;1
202100044362;122 377;10;2;0;3;1;1
202100044363;122 373;7;0;2;1;1;1
202100044363;122 374;33;3;2;1;1;1
202100044363;122 375;7;3;0;1;1;1
202100044363;122 376;7;0;2;3;1;1
202100044364;122 371;7;0;2;3;15;0
202100044364;122 372;7;0;2;3;1;0
202100044365;122 369;7;0;2;1;1;1
202100044365;122 370;1;0;2;8;15;1
202100044366;122 367;7;0;2;2;15;1
202100044366;122 368;7;0;2;3;1;2
202100044367;122 363;10;0;1;7;23;1
202100044367;122 364;10;0;2;1;2;1
202100044368;122 362;30;0;0;0;1;1
202100044369;122 360;30;0;2;1;1;1
202100044369;122 361;30;0;2;2;15;1
202100044370;122 358;7;0;2;2;1;1
202100044370;122 359;37;0;2;1;1;1
202100044371;122 356;30;0;2;1;2;1
202100044371;122 357;31;0;2;4;23;1
202100044372;122 355;0;0;1;6;20;0
202100044373;122 354;7;1;0;2;14;1
202100044374;122 352;7;0;2;2;26;1
202100044374;122 353;30;0;2;2;26;0
202100044375;122 350;10;0;2;1;9;1
202100044375;122 351;10;0;2;8;1;1
202100044376;122 349;7;1;0;1;1;1
202100044377;122 347;1;0;2;1;1;5
202100044377;122 348;3;0;2;3;9;1
202100044378;122 346;7;8;0;3;13;1
202100044379;122 344;7;0;2;1;1;1
202100044379;122 345;7;0;2;6;13;1
202100044380;122 343;7;2;0;3;13;1
202100044381;122 342;7;4;0;6;1;1
202100044382;122 341;7;13;0;1;14;1
202100044383;122 339;2;0;2;8;13;1
202100044383;122 340;10;0;2;8;14;1
202100044384;122 338;2;0;0;0;1;1
202100044385;122 337;7;8;0;2;1;1
202100044386;122 336;2;6;0;2;1;1
202100044387;122 335;7;3;0;1;0;1
202100044388;122 333;7;0;2;3;15;1
202100044388;122 334;33;0;2;1;17;1
202100044389;122 332;7;0;1;1;16;1
202100044390;122 330;7;0;2;1;15;1
202100044390;122 331;7;0;2;1;1;1
202100044391;122 329;7;13;0;9;13;1
202100044392;122 328;7;12;0;1;2;1
202100044393;122 327;1;0;0;9;1;5
202100044394;122 326;7;13;0;2;0;1
202100044395;122 325;7;8;0;2;1;1
202100044396;122 321;7;13;0;7;1;1
202100044396;122 322;7;13;0;1;1;1
202100044396;122 323;10;0;2;3;1;1
202100044396;122 324;10;0;2;3;5;1
202100044397;122 319;7;0;2;1;1;1
202100044397;122 320;7;0;2;2;15;1
202100044398;122 318;33;0;0;0;1;1
202100044399;122 316;33;0;2;8;1;1
202100044399;122 317;7;0;2;8;0;1
202100044400;122 315;33;0;0;9;14;1
202100044401;122 313;7;13;2;1;1;1
202100044401;122 314;7;0;2;1;1;1
202100044402;122 311;7;0;2;3;13;1
202100044402;122 312;7;13;2;3;1;1
202100044403;122 309;7;2;0;2;1;1
202100044404;122 308;7;0;1;2;16;1
202100044405;122 306;37;0;0;3;1;1
202100044405;122 307;7;0;0;1;15;1
202100044406;122 305;7;0;1;1;2;1
202100044407;122 304;7;2;0;1;14;1
202100044408;122 303;7;0;1;1;16;1
202100044409;122 301;10;0;2;3;0;1
202100044409;122 302;10;0;2;3;0;1
202100044410;122 300;17;13;0;8;1;0
202100044411;122 299;7;2;0;4;4;1
202100044412;122 297;7;13;2;7;13;1
202100044412;122 298;7;0;2;1;1;1
202100044413;122 295;10;0;2;5;23;1
202100044413;122 296;30;0;2;1;2;1
202100044414;122 294;15;3;0;3;2;1
202100044415;122 292;7;0;2;3;15;1
202100044415;122 293;7;13;2;2;17;1
202100044416;122 290;7;0;2;1;1;1
202100044416;122 291;2;0;2;4;2;1
202100044417;122 289;7;17;0;1;1;1
202100044418;122 287;10;0;2;3;1;1
202100044418;122 288;7;0;2;3;13;1
202100044419;122 286;33;0;0;9;1;1
202100044420;122 284;7;0;0;6;15;1
202100044420;122 285;2;0;2;3;1;1
202100044421;122 283;2;1;0;3;1;1
202100044422;122 281;17;0;0;3;1;1
202100044423;122 279;7;0;2;3;1;1
202100044423;122 280;7;0;2;7;4;1
202100044424;122 278;7;5;0;0;1;1
202100044425;122 276;7;0;2;1;0;0
202100044425;122 277;7;0;2;4;1;1
202100044426;122 273;7;0;2;3;1;1
202100044426;122 274;7;0;2;1;17;1
202100044426;122 275;7;0;2;4;1;1
202100044427;122 271;7;0;2;2;1;1
202100044427;122 272;33;0;2;9;26;1
202100044428;122 270;7;0;0;3;13;1
202100044429;122 269;7;4;0;2;1;1
202100044430;122 266;7;0;2;6;2;1
202100044430;122 267;7;0;2;1;1;1
202100044430;122 268;7;0;2;1;1;1
202100044431;122 265;7;4;0;1;1;1
202100044432;122 264;7;0;0;9;1;1
202100044433;122 262;7;0;2;1;1;1
202100044433;122 263;7;0;2;4;2;1
202100044434;122 261;7;4;0;1;1;1
202100044435;122 260;7;4;0;1;1;1
202100044436;122 258;7;3;0;9;11;1
202100044436;122 259;7;0;9;0;0;1
202100044437;122 255;7;0;2;4;1;1
202100044437;122 256;7;0;2;4;1;1
202100044437;122 257;7;1;2;1;1;1
202100044438;122 254;7;3;0;9;1;1
202100044439;122 253;7;0;1;2;15;1
202100044440;122 250;7;0;2;3;15;1
202100044440;122 251;2;0;2;1;1;1
202100044441;122 249;30;1;0;2;26;1
202100044442;122 247;7;0;0;0;0;1
202100044442;122 248;32;0;0;0;0;1
202100044443;122 246;10;16;0;1;1;1
202100044444;122 244;2;0;2;8;1;1
202100044444;122 245;7;0;2;0;0;1
202100044445;122 243;7;4;0;1;1;1
202100044446;122 242;7;0;1;2;1;0
202100044447;122 240;7;0;2;7;2;1
202100044447;122 241;7;0;2;9;16;1
202100044448;122 239;50;12;0;8;26;3
202100044449;122 238;7;1;0;2;1;1
202100044450;122 237;7;0;1;0;1;1
202100044451;122 235;7;0;2;3;15;1
202100044451;122 236;33;0;2;1;1;1
202100044452;122 233;7;0;2;0;23;1
202100044452;122 234;1;1;0;7;1;5
202100044453;122 232;7;6;0;1;15;1
202100044454;122 231;3;8;0;3;14;1
202100044455;122 229;2;0;2;7;23;1
202100044455;122 230;7;0;2;5;20;6
202100044456;122 227;7;0;2;3;13;1
202100044456;122 228;17;0;2;3;21;0
202100044457;122 225;1;0;2;1;16;5
202100044457;122 226;7;0;9;8;1;1
202100044458;122 224;2;0;0;0;1;1
202100044459;122 223;7;3;0;6;15;1
202100044460;122 221;7;0;2;1;9;1
202100044460;122 222;33;0;2;7;1;1
202100044461;122 219;33;12;0;4;1;1
202100044461;122 220;7;0;2;2;2;1
202100044462;122 217;7;0;2;2;26;1
202100044462;122 218;34;0;2;1;1;1
202100044463;122 215;7;0;2;1;15;1
202100044463;122 216;7;0;2;3;0;1
202100044464;122 213;1;0;2;1;25;5
202100044464;122 214;37;0;2;2;1;2
202100044465;122 211;7;0;2;4;1;1
202100044465;122 212;10;0;2;1;1;1
202100044466;122 210;7;7;0;3;1;1
202100044467;122 208;7;0;2;1;2;1
202100044467;122 209;7;0;2;4;2;1
202100044468;122 207;7;0;1;1;1;1
202100044469;122 205;7;0;2;3;15;1
202100044469;122 206;32;0;2;1;14;1
202100044470;122 203;7;0;2;3;15;1
202100044470;122 204;30;0;2;1;17;1
202100044471;122 202;31;12;0;3;14;1
202100044472;122 201;33;6;0;7;1;1
202100044473;122 199;33;0;2;3;3;1
202100044473;122 200;10;0;2;5;14;0
202100044474;122 198;32;0;2;8;21;1
202100044475;122 195;7;0;2;4;23;1
202100044475;122 196;7;0;2;4;2;1
202100044475;122 197;10;0;2;1;2;1
202100044476;122 193;33;0;2;4;2;1
202100044476;122 194;33;0;2;1;2;1
202100044477;122 192;7;0;1;1;1;1
202100044478;122 191;7;0;1;1;1;2
202100044479;122 189;50;0;2;1;18;3
202100044479;122 190;7;0;2;2;22;0
202100044480;122 187;7;0;2;0;10;0
202100044480;122 188;30;0;2;1;1;1
202100044481;122 186;80;0;1;7;1;3
202100044482;122 184;1;0;2;1;1;5
202100044482;122 185;7;0;2;3;9;2
202100044483;122 182;7;0;2;7;16;1
202100044483;122 183;1;0;2;1;1;5
202100044484;122 180;7;0;2;2;15;1
202100044484;122 181;32;0;2;1;1;1
202100044485;122 178;7;0;2;3;15;1
202100044485;122 179;30;0;2;2;17;1
202100044486;122 177;7;7;0;1;1;1
202100044487;122 176;1;0;0;0;1;5
202100044488;122 174;7;0;2;1;1;2
202100044488;122 175;2;0;2;2;7;1
202100044489;122 172;7;0;9;7;16;1
202100044489;122 173;1;0;2;8;1;0
202100044490;122 171;30;4;0;3;17;1
202100044491;122 169;7;0;2;8;22;1
202100044491;122 170;2;14;2;1;17;1
202100044492;122 168;31;0;0;7;1;3
202100044493;122 166;1;14;2;3;1;5
202100044493;122 167;7;0;2;5;4;1
202100044494;122 164;10;0;2;5;23;1
202100044494;122 165;30;0;2;1;1;1
202100044495;122 163;36;0;0;2;0;1
202100044496;122 162;7;8;0;1;1;1
202100044497;122 161;33;0;0;0;1;1
202100044498;122 160;7;4;0;2;1;1
202100044499;122 158;7;0;2;1;1;1
202100044499;122 159;7;0;2;1;5;1
202100044500;122 157;7;2;0;1;1;1
202100044501;122 156;7;13;0;0;1;1
202100044502;122 155;7;0;0;9;0;1
202100044503;122 154;7;0;0;0;0;1
202100044504;122 153;7;17;0;1;1;1
202100044505;122 152;7;13;0;1;1;1
202100044506;122 150;1;0;2;7;2;5
202100044506;122 151;1;0;2;1;2;5
202100044507;122 149;7;0;5;1;1;1
202100044508;122 148;2;12;0;7;1;1
202100044509;122 147;7;2;0;1;1;1
202100044510;122 146;7;0;0;0;1;1
202100044511;122 145;7;2;0;2;13;1
202100044512;122 143;10;0;2;5;1;1
202100044512;122 144;30;0;2;8;9;1
202100044513;122 142;7;3;0;0;1;1
202100044514;122 141;10;13;0;1;0;1
202100044515;122 139;30;0;2;1;1;1
202100044515;122 140;31;0;2;1;5;1
202100044516;122 138;7;0;1;2;20;1
202100044517;122 136;7;0;2;3;13;1
202100044517;122 137;7;0;2;1;1;1
202100044518;122 135;7;0;1;4;4;1
202100044519;122 134;7;2;0;3;0;1
202100044520;122 133;33;12;0;8;1;1
202100044521;122 132;7;15;0;0;1;1
202100044522;122 131;7;0;1;3;11;1
202100044523;122 130;7;16;0;1;1;1
202100044524;122 129;7;13;0;9;1;1
202100044525;122 128;2;9;0;0;0;1
202100044526;122 126;7;14;0;1;1;1
202100044527;122 125;7;4;0;1;1;1
202100044528;122 124;7;4;2;9;1;2
202100044529;122 123;7;4;0;8;13;1
202100044530;122 122;7;4;0;0;0;1
202100044531;122 120;7;0;2;0;1;3
202100044531;122 121;7;0;2;3;1;1
202100044532;122 119;33;0;0;9;16;1
202100044533;122 117;7;0;2;2;1;1
202100044533;122 118;7;0;2;4;2;1
202100044534;122 116;7;13;0;9;26;1
202100044535;122 115;30;0;1;1;25;1
202100044536;122 113;7;0;2;2;1;1
202100044536;122 114;7;0;2;3;1;1
202100044537;122 112;1;0;1;1;1;5
202100044538;122 110;33;0;2;1;17;1
202100044538;122 111;7;0;2;3;10;1
202100044539;122 108;32;0;2;8;1;1
202100044539;122 109;7;0;2;2;15;1
202100044540;122 105;33;0;2;1;2;1
202100044540;122 106;7;0;2;9;2;1
202100044540;122 107;13;0;2;4;2;1
202100044541;122 103;7;0;2;1;2;1
202100044541;122 104;7;0;2;4;23;1
202100044542;122 101;43;0;2;1;2;1
202100044542;122 102;7;0;9;4;26;1
202100044543;122 099;7;0;2;2;1;1
202100044543;122 100;7;0;2;4;24;1
202100044544;122 097;7;0;2;1;1;1
202100044544;122 098;7;0;2;1;17;1
202100044545;122 095;60;0;2;3;13;5
202100044545;122 096;7;0;2;2;2;1
202100044546;122 094;31;14;0;7;1;1
202100044547;122 088;7;0;2;4;2;1
202100044547;122 089;7;0;2;4;2;1
202100044547;122 090;7;0;2;4;2;1
202100044547;122 091;7;0;2;1;2;1
202100044548;122 087;7;0;1;2;1;1
202100044549;122 085;33;0;2;1;1;1
202100044549;122 086;2;0;2;5;9;1
202100044550;122 083;14;0;2;3;1;1
202100044550;122 084;7;0;2;3;1;1
202100044551;122 081;33;0;2;1;25;1
202100044551;122 082;7;0;2;2;15;1
202100044552;122 079;7;0;1;1;1;1
202100044553;122 078;7;12;0;1;12;1
202100044554;122 076;7;0;2;1;1;1
202100044554;122 077;10;0;2;3;0;1
202100044555;122 074;7;0;2;8;22;1
202100044555;122 075;1;0;2;1;1;0
202100044556;122 073;10;0;1;1;0;1
202100044557;122 071;7;0;2;3;15;1
202100044557;122 072;31;0;2;8;1;1
202100044558;122 070;10;0;1;1;13;0
202100044559;122 068;7;0;2;6;1;1
202100044559;122 069;1;0;2;1;19;5
202100044560;122 066;7;0;2;1;2;1
202100044560;122 067;7;0;2;4;2;1
202100044561;122 064;7;0;2;9;1;1
202100044561;122 065;7;0;2;1;1;1
202100044562;122 062;7;0;2;1;1;1
202100044562;122 063;7;0;2;7;1;1
202100044563;122 060;7;0;2;3;16;1
202100044563;122 061;7;0;2;1;1;1
202100044564;122 059;7;0;1;1;1;1
202100044565;122 057;7;0;1;4;1;1
202100044565;122 058;7;0;2;1;1;1
202100044566;122 055;1;0;2;3;19;5
202100044566;122 056;0;0;2;0;18;0
202100044567;122 053;7;0;2;4;2;1
202100044567;122 054;7;0;2;1;2;1
202100044568;122 052;2;0;0;0;1;1
202100044569;122 050;1;0;2;1;2;6
202100044569;122 051;7;0;9;4;23;1
202100044570;122 048;7;0;2;1;1;1
202100044570;122 049;13;0;0;5;1;1
202100044571;122 047;31;8;0;1;26;1
202100044572;122 046;7;2;0;1;1;1
202100044573;122 044;7;0;2;3;1;1
202100044573;122 045;7;0;2;1;15;1
202100044574;122 043;7;13;0;2;15;1
202100044575;122 041;7;0;2;4;2;1
202100044575;122 042;7;0;2;1;2;1
202100044576;122 039;50;0;2;1;15;3
202100044576;122 040;7;0;2;2;1;1
202100044577;122 037;7;0;2;1;2;0
202100044577;122 038;2;0;2;4;0;1
202100044578;122 035;33;1;2;1;1;-1
202100044578;122 036;7;0;2;3;13;1
202100044579;122 033;7;0;2;3;2;0
202100044579;122 034;15;0;2;1;14;1
202100044580;122 031;7;0;2;1;26;1
202100044580;122 032;7;0;2;2;16;0
202100044581;122 029;7;0;2;1;15;1
202100044581;122 030;10;0;2;8;1;1
202100044582;122 027;7;0;2;6;19;1
202100044582;122 028;50;0;2;1;1;3
202100044583;122 026;1;5;0;1;1;5
202100044584;122 024;7;0;2;8;1;1
202100044584;122 025;7;0;2;1;1;1
202100044585;122 022;10;0;2;1;1;1
202100044585;122 023;30;0;2;1;17;0
202100044586;122 020;7;15;2;8;19;1
202100044586;122 021;7;0;2;1;21;1
202100044587;122 019;7;8;0;1;25;1
202100044588;122 017;7;0;2;2;9;1
202100044588;122 018;30;0;2;1;2;1
202100044589;122 016;2;0;1;1;1;0
202100044590;122 015;50;0;1;1;1;3
202100044591;122 014;43;0;1;1;3;1
202100044592;122 011;60;0;2;8;16;5
202100044592;122 012;1;0;2;8;16;5
202100044592;122 013;14;0;2;2;16;1
202100044593;122 009;10;0;2;1;1;1
202100044593;122 010;7;0;2;4;23;1
202100044594;122 007;2;0;2;6;9;1
202100044594;122 008;1;0;2;1;1;5
202100044595;122 006;7;0;1;1;1;1
202100044596;122 005;31;0;0;3;15;3
202100044597;122 003;10;0;2;0;9;1
202100044597;122 004;33;0;2;0;21;1
202100044598;122 001;7;0;2;2;15;1
202100044598;122 002;2;0;2;1;1;1
202100044599;121 999;31;0;2;3;1;1
202100044599;122 000;7;0;2;1;15;1
202100044600;121 997;7;0;2;3;15;1
202100044600;121 998;37;0;2;2;1;1
202100044601;121 995;7;0;2;3;15;1
202100044601;121 996;31;1;2;1;1;1
202100044602;121 993;30;0;2;1;2;1
202100044602;121 994;7;0;2;6;2;1
202100044603;121 991;43;0;2;1;1;1
202100044603;121 992;7;0;2;4;26;1
202100044604;121 989;7;0;2;1;2;1
202100044604;121 990;7;0;2;4;23;1
202100044605;121 987;7;0;1;1;1;1
202100044605;121 988;7;0;2;2;1;1
202100044606;121 986;50;0;1;1;0;3
202100044607;121 984;33;0;2;5;15;1
202100044607;121 985;7;0;2;4;26;1
202100044608;121 983;7;0;1;4;20;1
202100044609;121 981;32;0;2;1;1;1
202100044609;121 982;10;0;0;0;0;0
202100044610;121 979;7;0;9;1;1;1
202100044610;121 980;99;0;2;8;0;3
202100044611;121 977;7;1;2;1;26;1
202100044611;121 978;30;0;2;2;1;1
202100044612;121 975;10;0;2;3;15;1
202100044612;121 976;32;0;2;1;17;1
202100044613;121 974;1;0;1;8;1;0
202100044614;121 973;1;8;0;1;1;0
202100044615;121 971;7;0;2;1;9;0
202100044615;121 972;50;0;2;7;1;3
202100044616;121 969;32;0;2;3;1;1
202100044616;121 970;1;0;2;2;12;5
202100044617;121 967;7;0;2;1;1;1
202100044617;121 968;34;0;2;1;1;1
202100044618;121 966;7;6;0;1;1;1
202100044619;121 965;7;15;0;2;14;1
202100044620;121 964;7;0;1;2;1;1
202100044621;121 963;1;0;0;0;0;5
202100044622;121 961;7;0;2;1;1;1
202100044622;121 962;2;0;2;1;13;1
202100044623;121 959;7;0;2;5;19;1
202100044623;121 960;1;0;2;3;1;5
202100044624;121 958;2;2;0;3;15;1
202100044625;121 956;7;0;0;0;19;0
202100044625;121 957;33;0;0;0;1;0
202100044626;121 954;7;0;2;1;1;1
202100044626;121 955;7;0;2;1;1;1
202100044627;121 952;1;0;0;8;15;5
202100044627;121 953;2;0;2;1;15;1
202100044628;121 950;7;8;2;3;13;1
202100044628;121 951;7;0;2;3;15;1
202100044629;121 949;7;2;0;1;1;1
202100044630;121 948;7;0;1;4;4;1
202100044631;121 946;10;0;0;1;1;1
202100044631;121 947;7;0;2;7;13;1
202100044632;121 944;33;0;2;3;17;1
202100044632;121 945;7;0;2;8;1;1
202100044633;121 943;10;0;1;2;1;1
202100044634;121 941;7;0;2;3;15;1
202100044634;121 942;33;0;2;1;17;1
202100044635;121 938;7;2;2;8;13;1
202100044635;121 939;7;2;2;8;1;1
202100044636;121 937;33;2;0;1;1;1
202100044637;121 935;33;0;2;2;17;1
202100044637;121 936;21;0;2;3;15;1
202100044638;121 933;7;2;0;1;2;1
202100044638;121 934;7;2;2;4;2;1
202100044639;121 931;31;2;2;1;0;0
202100044639;121 932;33;2;2;4;2;0
202100044640;121 929;7;0;9;8;1;1
202100044640;121 930;1;0;2;3;1;5
202100044641;121 927;7;0;0;3;13;1
202100044641;121 928;7;0;2;3;1;1
202100044642;121 925;17;0;2;2;1;1
202100044642;121 926;13;0;2;6;1;1
202100044643;121 923;7;0;2;6;1;1
202100044643;121 924;7;0;2;2;26;1
202100044644;121 920;7;0;2;8;2;1
202100044644;121 921;7;0;2;4;2;1
202100044644;121 922;34;0;2;1;2;1
202100044645;121 918;7;0;2;1;26;1
202100044645;121 919;17;0;2;4;0;1
202100044646;121 914;7;0;2;3;2;2
202100044646;121 915;33;0;2;0;3;1
202100044646;121 916;7;0;2;4;2;1
202100044646;121 917;7;0;2;2;2;1
202100044647;121 912;7;0;2;4;0;1
202100044647;121 913;15;0;2;2;0;1
202100044648;121 908;10;0;2;1;1;1
202100044648;121 909;7;0;2;4;1;1
202100044648;121 910;7;0;2;4;1;1
202100044648;121 911;7;0;2;4;1;1
202100044649;121 906;14;0;2;1;1;1
202100044649;121 907;7;0;2;4;1;1
202100044650;121 903;7;0;2;1;1;1
202100044650;121 904;7;0;2;0;0;1
202100044651;121 901;7;0;2;3;1;1
202100044651;121 902;7;0;2;7;16;1
202100044652;121 899;7;0;2;0;19;1
202100044652;121 900;33;0;2;7;1;1
202100044653;121 897;7;0;2;1;26;1
202100044653;121 898;7;0;2;1;0;1
202100044654;121 895;2;0;2;1;1;1
202100044654;121 896;2;0;2;1;1;1
202100044655;121 893;2;0;2;0;1;1
202100044655;121 894;7;0;2;0;1;1
202100044656;121 891;1;0;2;1;19;5
202100044656;121 892;7;0;2;2;1;1