Num_Acc;id_vehicule;catv;obs;obsm;choc;manv;motor
202100045845;119 809;1;0;2;1;1;5
202100045846;119 806;2;0;2;1;0;1
202100045846;119 807;7;0;2;3;19;1
202100045847;119 804;7;0;2;1;15;1
202100045847;119 805;10;13;2;3;1;1
202100045848;119 802;7;0;2;3;9;0
202100045848;119 803;80;0;2;7;15;3
202100045849;119 801;33;0;0;1;13;1
202100045850;119 799;2;0;2;3;9;1
202100045850;119 800;7;0;2;2;20;1
202100045851;119 798;10;6;0;3;13;1
202100045852;119 796;1;0;2;1;1;5
202100045852;119 797;7;0;2;2;19;1
202100045853;119 794;7;0;0;4;1;1
202100045853;119 795;7;0;2;1;1;1
202100045854;119 791;7;0;9;1;5;1
202100045854;119 792;50;0;2;1;1;3
202100045855;119 789;7;15;2;1;1;1
202100045855;119 790;7;0;0;7;23;1
202100045856;119 786;1;0;2;4;2;5
202100045856;119 787;7;0;9;3;2;1
202100045857;119 785;2;1;0;1;0;1
202100045858;119 783;7;0;2;8;9;1
202100045858;119 784;1;0;2;2;26;5
202100045859;119 782;7;2;0;1;1;1
202100045860;119 780;7;0;0;2;1;1
202100045860;119 781;35;0;0;8;19;0
202100045861;119 778;2;0;0;0;2;1
202100045861;119 779;7;0;0;0;0;1
202100045862;119 776;1;0;2;4;2;5
202100045862;119 777;7;0;2;5;2;1
202100045863;119 774;7;0;2;3;1;1
202100045863;119 775;7;0;2;3;17;1
202100045864;119 772;14;0;2;3;2;1
202100045864;119 773;31;0;2;0;21;1
202100045865;119 771;7;8;0;1;21;1
202100045866;119 770;33;0;0;0;1;1
202100045867;119 769;7;0;1;2;1;1
202100045868;119 767;7;0;2;7;9;1
202100045868;119 768;33;0;2;7;15;1
202100045869;119 766;37;0;1;2;1;1
202100045870;119 764;80;0;2;7;17;3
202100045870;119 765;1;0;2;8;13;5
202100045871;119 762;33;17;2;1;14;1
202100045871;119 763;7;0;2;3;1;1
202100045872;119 760;30;0;2;3;1;1
202100045872;119 761;7;0;2;2;15;1
202100045873;119 758;10;0;2;3;13;1
202100045873;119 759;7;0;2;2;1;1
202100045874;119 757;7;8;0;1;0;1
202100045875;119 756;7;0;1;2;1;1
202100045876;119 754;7;0;0;7;15;1
202100045876;119 755;1;0;0;1;1;5
202100045877;119 753;7;13;0;1;13;1
202100045878;119 751;7;0;2;2;15;1
202100045878;119 752;2;0;2;1;1;1
202100045879;119 750;1;0;0;0;1;5
202100045880;119 749;7;0;0;1;1;1
202100045881;119 746;7;0;2;6;11;1
202100045881;119 747;10;0;2;2;1;1
202100045881;119 748;7;0;2;6;1;1
202100045882;119 745;31;4;0;8;2;1
202100045883;119 743;33;0;2;3;1;1
202100045883;119 744;7;0;2;5;9;1
202100045884;119 740;10;0;2;1;2;1
202100045884;119 741;7;0;2;4;2;1
202100045884;119 742;7;0;2;4;2;1
202100045885;119 738;7;0;2;1;21;1
202100045885;119 739;7;0;2;4;21;1
202100045886;119 733;33;0;2;7;17;1
202100045886;119 734;7;1;2;2;13;1
202100045886;119 735;7;0;2;6;23;1
202100045887;119 732;7;0;1;1;1;1
202100045888;119 731;7;0;1;8;19;6
202100045889;119 730;10;0;0;6;20;0
202100045890;119 729;7;0;1;2;1;6
202100045891;119 728;7;0;1;1;1;0
202100045892;119 727;7;0;1;1;1;1
202100045893;119 726;33;0;1;1;1;1
202100045894;119 725;34;0;1;1;1;1
202100045895;119 723;10;0;2;4;1;1
202100045895;119 724;10;0;2;1;1;1
202100045896;119 721;33;0;2;0;21;1
202100045896;119 722;10;0;0;0;14;1
202100045897;119 719;7;0;0;4;0;1
202100045897;119 720;7;0;2;1;1;0
202100045898;119 716;7;0;1;2;14;1
202100045899;119 711;7;0;2;1;1;1
202100045899;119 712;7;0;2;8;1;1
202100045899;119 713;7;0;2;2;12;0
202100045900;119 710;1;0;1;1;25;5
202100045901;119 708;7;1;0;0;23;1
202100045901;119 709;43;0;1;1;1;1
202100045902;119 706;7;0;2;3;9;1
202100045902;119 707;30;0;2;1;2;1
202100045903;119 704;33;0;2;1;15;1
202100045903;119 705;7;0;2;3;0;0
202100045904;119 703;33;0;0;0;3;1
202100045905;119 701;7;0;2;4;23;0
202100045905;119 702;7;0;2;1;1;1
202100045906;119 699;37;0;2;5;23;1
202100045906;119 700;99;0;2;3;2;1
202100045907;119 697;31;0;2;2;0;1
202100045907;119 698;7;1;0;1;15;1
202100045908;119 695;20;0;2;2;19;1
202100045908;119 696;10;0;2;1;1;1
202100045909;119 694;32;0;9;0;15;1
202100045910;119 692;7;0;2;1;14;1
202100045910;119 693;10;0;0;1;0;0
202100045911;119 690;7;0;2;1;2;1
202100045911;119 691;99;0;2;4;23;1
202100045912;119 688;7;0;2;1;1;1
202100045912;119 689;7;0;2;7;15;1
202100045913;119 687;30;14;0;0;0;1
202100045914;119 686;33;0;1;2;1;1
202100045915;119 684;30;0;2;4;23;1
202100045915;119 685;7;0;2;1;26;1
202100045916;119 683;7;0;1;3;1;2
202100045917;119 682;7;0;1;3;1;1
202100045918;119 680;7;0;2;2;1;1
202100045918;119 681;7;0;2;3;16;1
202100045919;119 679;7;0;1;2;1;1
202100045920;119 677;2;0;2;2;18;1
202100045920;119 678;7;0;0;2;1;1
202100045921;119 675;7;0;2;8;1;1
202100045921;119 676;2;0;2;7;17;1
202100045922;119 673;7;0;2;3;16;1
202100045922;119 674;7;0;2;3;15;1
202100045923;119 671;33;0;2;3;1;1
202100045923;119 672;7;0;2;6;15;1
202100045924;119 669;1;0;2;0;0;5
202100045924;119 670;34;0;2;0;0;1
202100045925;119 665;7;0;2;3;1;1
202100045925;119 666;10;0;2;7;1;1
202100045926;119 663;7;0;2;3;9;2
202100045926;119 664;1;0;2;7;1;5
202100045927;119 661;1;0;2;1;1;5
202100045927;119 662;7;0;2;1;9;1
202100045928;119 659;1;0;0;0;0;5
202100045928;119 660;7;0;2;0;0;1
202100045929;119 657;7;0;2;0;0;0
202100045929;119 658;33;0;2;1;0;1
202100045930;119 655;1;0;2;1;19;5
202100045930;119 656;7;0;2;3;1;2
202100045931;119 653;7;0;2;1;1;1
202100045931;119 654;10;0;2;8;15;1
202100045932;119 650;7;0;2;1;26;1
202100045932;119 651;34;0;2;4;1;1
202100045932;119 652;7;0;2;4;26;1
202100045933;119 648;7;0;2;5;15;1
202100045933;119 649;33;0;2;1;1;1
202100045934;119 647;7;0;1;1;1;1
202100045935;119 646;7;15;0;1;16;0
202100045936;119 643;7;0;2;3;0;1
202100045936;119 644;33;0;2;8;9;1
202100045936;119 645;7;0;2;3;9;1
202100045937;119 641;10;0;9;8;1;1
202100045937;119 642;30;0;2;8;1;3
202100045938;119 640;7;15;1;1;26;1
202100045939;119 638;7;0;2;7;1;1
202100045939;119 639;7;0;2;1;1;1
202100045940;119 636;2;0;2;3;1;1
202100045940;119 637;7;0;2;2;1;1
202100045941;119 635;7;0;1;2;1;1
202100045942;119 633;1;0;2;1;1;5
202100045942;119 634;7;0;2;2;16;1
202100045943;119 632;7;15;0;1;14;1
202100045944;119 630;1;0;2;7;19;5
202100045944;119 631;7;0;2;1;16;1
202100045945;119 629;30;0;0;0;1;3
202100045946;119 627;1;0;2;1;1;5
202100045946;119 628;7;0;2;5;16;1
202100045947;119 625;7;0;2;1;15;1
202100045947;119 626;33;0;2;1;1;1
202100045948;119 622;7;0;2;7;16;1
202100045948;119 623;7;0;0;0;0;1
202100045948;119 624;7;1;2;1;18;1
202100045949;119 620;7;0;2;3;1;1
202100045949;119 621;10;0;2;1;19;1
202100045950;119 618;7;0;2;1;2;1
202100045950;119 619;7;0;2;4;1;1
202100045951;119 616;14;0;2;5;12;1
202100045951;119 617;7;0;2;3;1;1
202100045952;119 615;7;3;0;2;14;1
202100045953;119 614;7;0;5;0;21;1
202100045954;119 612;7;0;9;0;1;1
202100045954;119 613;1;0;2;0;15;5
202100045955;119 611;31;0;1;2;21;1
202100045956;119 609;32;0;2;8;1;1
202100045956;119 610;7;0;2;8;15;1
202100045957;119 605;7;0;1;0;0;1
202100045958;119 603;32;0;2;1;1;1
202100045958;119 604;7;0;2;3;16;1
202100045959;119 601;7;0;2;8;1;1
202100045959;119 602;7;0;2;1;13;1
202100045960;119 600;7;0;1;1;1;1
202100045961;119 598;7;0;2;2;9;1
202100045961;119 599;33;1;2;3;1;1
202100045962;119 596;7;0;2;4;15;1
202100045962;119 597;33;0;2;1;2;1
202100045963;119 594;2;0;2;1;1;1
202100045963;119 595;7;0;2;2;15;1
202100045964;119 592;7;0;2;5;16;1
202100045964;119 593;30;0;2;1;1;1
202100045965;119 591;10;0;1;1;1;1
202100045966;119 589;7;0;2;1;2;1
202100045966;119 590;7;0;2;5;2;1
202100045967;119 587;7;0;2;6;9;1
202100045967;119 588;33;0;2;1;17;1
202100045968;119 585;7;0;2;3;11;1
202100045968;119 586;33;0;2;2;3;1
202100045969;119 584;14;0;1;1;1;1
202100045970;119 582;1;0;2;7;16;5
202100045970;119 583;33;0;2;1;7;1
202100045971;119 581;7;0;1;4;1;1
202100045972;119 579;32;0;2;1;15;1
202100045972;119 580;33;0;2;1;1;1
202100045973;119 577;2;0;2;1;17;1
202100045973;119 578;7;0;2;3;9;1
202100045974;119 575;34;0;2;6;18;1
202100045974;119 576;10;0;2;7;16;0
202100045975;119 574;7;6;0;1;15;1
202100045976;119 572;7;0;2;2;17;1
202100045976;119 573;50;0;2;6;1;3
202100045977;119 570;33;0;2;1;1;1
202100045977;119 571;7;0;2;8;10;2
202100045978;119 568;1;0;2;3;15;5
202100045978;119 569;7;0;2;2;1;1
202100045979;119 566;1;0;2;3;15;5
202100045979;119 567;37;0;2;2;13;2
202100045980;119 564;7;0;2;4;23;1
202100045980;119 565;33;0;2;1;1;1
202100045981;119 562;1;0;2;7;1;5
202100045981;119 563;1;0;2;8;18;5
202100045982;119 561;10;0;1;1;15;1
202100045983;119 560;1;12;0;0;14;5
202100045984;119 559;7;0;1;8;1;1
202100045985;119 558;1;0;0;0;1;5
202100045986;119 557;2;0;1;1;1;1
202100045987;119 556;50;0;0;0;1;3
202100045988;119 555;7;0;1;3;1;1
202100045989;119 553;7;0;2;3;9;1
202100045989;119 554;30;0;2;1;21;1
202100045990;119 551;7;0;2;3;26;0
202100045990;119 552;43;0;2;1;1;1
202100045991;119 549;10;0;2;1;0;0
202100045991;119 550;7;0;2;1;0;0
202100045992;119 547;33;0;2;8;2;1
202100045992;119 548;7;0;2;3;0;1
202100045993;119 545;7;1;2;2;9;1
202100045993;119 546;33;1;2;3;2;1
202100045994;119 543;10;0;2;1;19;1
202100045994;119 544;1;0;2;1;19;5
202100045995;119 541;7;0;2;7;15;1
202100045995;119 542;33;0;2;1;1;1
202100045996;119 539;33;0;2;3;1;1
202100045996;119 540;7;0;0;2;10;1
202100045997;119 537;1;1;0;1;1;5
202100045997;119 538;7;0;2;8;24;1
202100045998;119 535;7;0;2;1;15;1
202100045998;119 536;32;0;2;1;1;1
202100045999;119 534;7;0;1;2;1;1
202100046000;119 530;7;1;0;4;24;2
202100046000;119 531;33;0;2;1;1;1
202100046000;119 532;7;1;0;8;24;1
202100046000;119 533;7;1;2;3;16;1
202100046001;119 528;2;0;2;1;23;1
202100046001;119 529;2;0;2;4;1;3
202100046002;119 526;32;0;2;2;1;1
202100046002;119 527;50;0;2;1;25;3
202100046003;119 525;7;2;0;8;26;1
202100046004;119 524;7;1;0;1;1;1
202100046005;119 522;10;3;0;2;11;1
202100046006;119 521;7;0;1;3;1;0
202100046007;119 519;7;0;0;4;1;1
202100046007;119 520;33;0;2;1;2;1
202100046008;119 518;7;0;1;1;1;1
202100046009;119 517;1;14;0;0;1;5
202100046010;119 515;2;0;2;1;1;1
202100046010;119 516;7;0;2;3;14;1
202100046011;119 513;10;3;2;1;0;1
202100046011;119 514;15;0;2;7;1;1
202100046012;119 511;7;0;6;4;1;1
202100046012;119 512;37;0;2;1;1;1
202100046013;119 509;10;0;2;1;1;1
202100046013;119 510;7;0;2;1;13;1
202100046014;119 508;7;8;0;1;1;1
202100046015;119 506;7;0;0;2;1;1
202100046015;119 507;7;0;0;3;15;1
202100046016;119 505;33;0;0;9;1;1
202100046017;119 503;1;0;2;8;1;5
202100046017;119 504;7;0;9;1;15;1
202100046018;119 501;1;0;2;8;13;5
202100046018;119 502;7;0;9;7;17;1
202100046019;119 499;7;0;2;3;9;1
202100046019;119 500;33;0;0;7;1;1
202100046020;119 498;33;0;0;0;1;1
202100046021;119 497;7;0;1;0;19;1
202100046022;119 496;7;2;0;8;1;1
202100046023;119 494;2;0;2;1;2;1
202100046023;119 495;7;0;0;4;2;1
202100046024;119 492;10;0;2;3;1;1
202100046024;119 493;31;0;2;1;13;1
202100046025;119 490;7;9;0;1;9;1
202100046025;119 491;7;0;0;3;1;2
202100046026;119 488;33;0;0;4;23;1
202100046026;119 489;33;0;2;1;2;1
202100046027;119 486;2;0;2;3;1;1
202100046027;119 487;7;0;2;3;15;1
202100046028;119 484;2;0;2;1;1;1
202100046028;119 485;7;0;2;6;26;1
202100046029;119 483;43;0;1;0;1;1
202100046030;119 481;7;0;0;0;9;0
202100046030;119 482;33;0;0;8;1;1
202100046031;119 478;10;0;2;2;2;4
202100046031;119 479;17;0;0;6;2;1
202100046032;119 476;33;0;2;2;1;1
202100046032;119 477;7;0;2;3;16;1
202100046033;119 474;7;0;2;3;15;1
202100046033;119 475;2;0;2;1;1;0
202100046034;119 473;7;6;0;1;16;1
202100046035;119 471;1;0;0;2;1;5
202100046035;119 472;1;0;0;4;1;5
202100046036;119 470;10;0;1;3;26;1
202100046037;119 468;32;0;2;1;17;1
202100046037;119 469;7;0;0;6;13;1
202100046038;119 466;10;0;2;2;21;1
202100046038;119 467;1;0;2;8;19;5
202100046039;119 465;7;8;0;8;19;1
202100046040;119 463;7;0;2;2;15;1
202100046040;119 464;2;0;2;3;1;1
202100046041;119 461;7;0;0;4;23;1
202100046041;119 462;7;0;2;1;2;2
202100046042;119 459;7;0;2;3;15;1
202100046042;119 460;31;0;2;1;17;1
202100046043;119 457;7;0;9;6;4;1
202100046043;119 458;1;0;0;1;2;5
202100046044;119 453;7;0;0;6;1;1
202100046044;119 454;7;4;0;5;1;1
202100046044;119 455;7;3;2;7;1;1
202100046044;119 456;7;0;0;8;1;1
202100046045;119 451;7;0;2;3;1;1
202100046045;119 452;7;0;2;1;15;1
202100046046;119 448;1;0;0;0;0;5
202100046047;119 447;32;0;0;0;2;1
202100046048;119 445;33;0;2;3;1;1
202100046048;119 446;7;0;2;7;12;1
202100046049;119 444;7;0;0;1;1;1
202100046050;119 441;17;0;2;6;1;1
202100046050;119 442;10;0;2;1;1;1
202100046050;119 443;7;0;2;4;23;1
202100046051;119 440;7;11;0;1;13;1
202100046052;119 438;7;0;2;0;0;0
202100046052;119 439;2;0;2;4;2;1
202100046053;119 435;17;0;2;6;23;1
202100046053;119 436;10;0;2;6;23;1
202100046053;119 437;7;0;2;2;2;1
202100046054;119 433;7;0;2;2;12;1
202100046054;119 434;7;0;2;6;1;1
202100046055;119 431;7;0;2;7;14;1
202100046055;119 432;31;0;2;1;18;1
202100046056;119 427;10;0;2;1;2;1
202100046056;119 428;7;0;2;4;2;1
202100046056;119 429;7;0;2;4;2;1
202100046056;119 430;10;0;2;4;2;1
202100046057;119 424;7;0;2;5;23;1
202100046057;119 425;7;0;2;1;1;1
202100046057;119 426;33;0;2;1;3;1
202100046058;119 421;10;0;1;1;1;1
202100046059;119 420;7;0;1;2;15;1
202100046060;119 419;31;0;1;8;1;1
202100046061;119 417;43;0;0;6;9;1
202100046061;119 418;15;0;2;3;15;1
202100046062;119 415;33;0;2;1;1;1
202100046062;119 416;7;0;2;3;15;1
202100046063;119 413;7;0;2;7;19;1
202100046063;119 414;7;0;2;2;1;1
202100046064;119 411;33;0;2;3;9;1
202100046064;119 412;7;0;2;5;12;1
202100046065;119 409;32;0;2;5;1;1
202100046065;119 410;7;0;2;5;0;1
202100046066;119 408;7;1;0;1;1;2
202100046067;119 407;7;1;1;1;1;1
202100046068;119 405;7;0;0;3;13;1
202100046068;119 406;7;0;2;6;1;1
202100046069;119 403;7;0;2;1;1;1
202100046069;119 404;33;0;2;4;2;1
202100046070;119 401;33;0;2;8;17;1
202100046070;119 402;10;0;2;7;17;1
202100046071;119 399;7;0;1;3;26;1
202100046072;119 398;3;6;0;1;13;1
202100046073;119 396;34;0;2;1;17;1
202100046073;119 397;7;0;2;8;15;1
202100046074;119 395;7;0;1;1;1;1
202100046075;119 393;30;0;2;7;2;1
202100046075;119 394;7;0;2;3;15;1
202100046076;119 391;7;0;2;2;15;1
202100046076;119 392;7;0;2;1;1;1
202100046077;119 389;1;0;2;7;0;5
202100046077;119 390;7;0;2;1;9;1
202100046078;119 387;7;0;2;4;2;1
202100046078;119 388;7;0;2;1;2;1
202100046079;119 386;30;14;0;8;26;1
202100046080;119 385;7;0;1;1;1;1
202100046081;119 384;10;8;0;2;26;1
202100046082;119 382;7;0;2;2;1;1
202100046082;119 383;7;0;2;1;9;1
202100046083;119 380;7;0;2;7;17;1
202100046083;119 381;7;0;2;8;15;1
202100046084;119 379;7;0;1;2;21;1
202100046085;119 377;7;0;2;3;1;1
202100046085;119 378;30;0;2;2;1;1
202100046086;119 376;7;0;1;1;1;1
202100046087;119 375;31;13;0;1;1;1
202100046088;119 373;7;1;2;2;15;1
202100046088;119 374;1;0;2;1;1;5
202100046089;119 372;2;1;0;1;14;3
202100046090;119 370;7;0;2;8;16;1
202100046090;119 371;2;0;2;1;1;1
202100046091;119 368;7;0;2;3;15;1
202100046091;119 369;31;0;2;1;1;1
202100046092;119 366;1;0;2;3;1;5
202100046092;119 367;10;0;2;3;16;1
202100046093;119 365;7;8;0;2;1;3
202100046094;119 364;7;1;0;2;16;1
202100046095;119 362;7;0;2;8;1;1
202100046095;119 363;1;0;2;1;1;5
202100046096;119 361;7;6;0;2;1;1
202100046097;119 360;7;13;0;1;14;1
202100046098;119 358;33;0;2;1;26;1
202100046098;119 359;7;0;9;8;9;1
202100046099;119 357;33;12;0;1;13;1
202100046100;119 356;7;2;0;1;26;1
202100046101;119 353;7;0;2;4;1;2
202100046101;119 354;7;0;2;1;1;1
202100046101;119 355;7;0;2;9;1;1
202100046102;119 352;1;0;9;0;1;5
202100046103;119 351;7;13;0;1;16;1
202100046104;119 349;7;0;2;8;23;1
202100046104;119 350;7;0;2;1;21;1
202100046105;119 348;7;0;1;5;1;1
202100046106;119 346;33;0;2;1;1;1
202100046106;119 347;7;0;2;2;15;1
202100046107;119 344;1;0;2;1;1;5
202100046107;119 345;7;0;2;5;15;1
202100046108;119 343;7;0;1;3;1;1
202100046109;119 342;99;0;1;1;26;0
202100046110;119 340;7;0;2;3;16;1
202100046110;119 341;33;0;2;2;1;1
202100046111;119 339;7;0;1;4;4;1
202100046112;119 337;7;0;2;7;15;1
202100046112;119 338;34;0;2;1;1;1
202100046113;119 336;7;2;0;1;1;1
202100046114;119 334;7;0;2;1;15;1
202100046114;119 335;7;0;2;3;1;1
202100046115;119 332;7;0;2;1;1;1
202100046115;119 333;7;0;2;7;9;1
202100046116;119 331;7;0;1;2;15;1
202100046117;119 330;7;15;0;1;14;1
202100046118;119 329;7;0;1;2;1;0
202100046119;119 327;33;0;2;1;1;1
202100046119;119 328;7;0;2;3;5;0
202100046120;119 325;7;0;0;5;2;1
202100046120;119 326;7;1;2;1;2;1
202100046121;119 323;7;0;2;1;16;1
202100046121;119 324;2;0;2;1;1;1
202100046122;119 321;34;0;2;1;1;1
202100046122;119 322;7;0;2;7;15;1
202100046123;119 319;32;0;2;1;13;1
202100046123;119 320;7;0;0;3;0;1
202100046124;119 318;34;0;1;1;1;1
202100046125;119 316;7;0;2;1;0;0
202100046125;119 317;7;0;2;4;1;0
202100046126;119 315;7;1;0;1;13;1
202100046127;119 312;30;0;2;4;1;1
202100046127;119 313;7;0;2;4;0;1
202100046127;119 314;7;0;2;1;2;0
202100046128;119 310;7;0;2;3;9;2
202100046128;119 311;1;0;2;5;15;0
202100046129;119 308;7;0;2;1;1;1
202100046129;119 309;1;0;2;4;19;6
202100046130;119 306;7;0;2;7;15;1
202100046130;119 307;33;0;2;1;1;1
202100046131;119 305;3;9;0;1;14;1
202100046132;119 302;7;0;2;2;15;1
202100046132;119 303;7;0;2;6;26;0
202100046132;119 304;7;0;2;3;1;1
202100046133;119 300;7;0;2;6;1;1
202100046133;119 301;7;0;2;8;13;1
202100046134;119 298;33;0;2;7;1;1
202100046134;119 299;7;0;2;6;11;1
202100046135;119 296;7;0;2;4;23;1
202100046135;119 297;7;0;2;1;2;1
202100046136;119 294;1;0;2;7;9;5
202100046136;119 295;1;0;2;1;1;5
202100046137;119 292;33;1;2;2;17;1
202100046137;119 293;7;0;2;3;13;1
202100046138;119 290;7;0;2;2;1;1
202100046138;119 291;1;0;2;1;19;5
202100046139;119 288;7;0;2;4;2;1
202100046139;119 289;7;0;2;1;2;1
202100046140;119 286;34;0;2;1;2;1
202100046140;119 287;43;0;2;4;2;1
202100046141;119 285;7;1;0;1;13;1
202100046142;119 283;7;0;2;8;22;1
202100046142;119 284;1;0;2;1;1;5
202100046143;119 281;7;0;2;1;1;1
202100046143;119 282;1;0;2;8;19;5
202100046144;119 279;10;0;2;2;5;1
202100046144;119 280;1;0;2;8;26;5
202100046145;119 278;7;0;1;7;1;1
202100046146;119 276;7;0;2;7;1;1
202100046146;119 277;10;0;2;3;1;1
202100046147;119 274;10;0;2;2;9;1
202100046147;119 275;2;0;2;8;1;1
202100046148;119 273;36;0;0;0;26;0
202100046149;119 272;7;0;1;0;26;0
202100046150;119 271;10;1;0;1;17;1
202100046151;119 269;7;0;2;1;1;1
202100046151;119 270;7;0;2;1;20;1
202100046152;119 268;7;0;1;0;0;-1
202100046153;119 266;34;0;2;7;1;1
202100046153;119 267;30;0;2;1;10;1
202100046154;119 265;32;0;0;0;26;1
202100046155;119 264;7;1;0;2;16;2
202100046156;119 263;30;0;0;0;0;1
202100046157;119 261;30;0;2;1;5;1
202100046157;119 262;7;0;2;3;19;1
202100046158;119 260;1;0;0;0;5;6
202100046159;119 258;60;0;2;8;19;5
202100046159;119 259;33;0;1;1;1;1
202100046160;119 257;7;0;1;2;1;1
202100046161;119 254;10;0;2;3;1;1
202100046161;119 255;1;0;2;8;19;5
202100046162;119 253;7;8;0;1;5;1
202100046163;119 251;31;0;2;3;11;0
202100046163;119 252;7;0;2;5;1;1
202100046164;119 249;33;0;2;1;17;1
202100046164;119 250;7;0;2;3;1;1
202100046165;119 248;7;13;0;2;14;1
202100046166;119 246;7;0;0;5;23;1
202100046166;119 247;7;0;2;3;1;1
202100046167;119 244;2;13;0;1;1;1
202100046168;119 243;7;0;1;2;1;1
202100046169;119 241;7;0;2;1;1;1
202100046169;119 242;7;0;0;4;1;1
202100046170;119 239;7;0;2;2;15;1
202100046170;119 240;7;0;2;1;1;1
202100046171;119 237;7;0;0;8;15;1
202100046171;119 238;33;0;2;1;17;1
202100046172;119 235;2;0;2;1;17;1
202100046172;119 236;7;0;2;6;15;1
202100046173;119 234;7;6;0;7;1;1
202100046174;119 232;7;0;0;4;23;1
202100046174;119 233;2;0;2;1;1;1
202100046175;119 231;7;2;0;8;1;1
202100046176;119 230;7;13;0;2;0;1
202100046177;119 228;7;0;2;3;19;1
202100046177;119 229;10;6;2;8;1;1
202100046178;119 227;7;0;1;3;1;1
202100046179;119 225;15;0;2;3;1;1
202100046179;119 226;7;0;2;3;13;6
202100046180;119 223;14;0;2;0;17;1
202100046180;119 224;1;0;2;0;2;5
202100046181;119 221;2;0;2;1;1;1
202100046181;119 222;7;0;2;3;15;1
202100046182;119 220;7;0;1;7;1;1
202100046183;119 219;33;0;6;1;1;1
202100046184;119 218;7;1;0;1;12;1
202100046185;119 217;2;0;0;0;0;1
202100046186;119 216;33;0;0;0;0;1
202100046187;119 214;7;0;2;3;21;1
202100046187;119 215;7;0;2;3;17;1
202100046188;119 213;7;2;0;2;13;1
202100046189;119 209;7;0;1;3;2;1
202100046190;119 207;15;0;0;4;1;1
202100046190;119 208;14;0;2;1;2;1
202100046191;119 205;7;0;0;1;19;1
202100046191;119 206;1;0;0;7;1;5
202100046192;119 202;99;0;0;0;1;6
202100046193;119 201;31;11;0;2;1;1
202100046194;119 199;10;15;0;5;15;1
202100046194;119 200;7;0;0;2;1;1
202100046195;119 197;33;0;2;1;17;1
202100046195;119 198;2;0;0;4;15;1
202100046196;119 194;10;0;2;2;11;1
202100046196;119 195;33;0;2;1;1;1
202100046197;119 193;7;0;0;3;0;1
202100046198;119 192;36;8;0;2;26;1
202100046199;119 190;1;0;0;0;14;5
202100046199;119 191;7;0;0;0;21;1
202100046200;119 188;7;0;2;1;2;1
202100046200;119 189;7;0;2;4;2;1
202100046201;119 184;10;3;2;6;0;1
202100046201;119 185;7;0;2;1;2;1
202100046202;119 182;7;0;2;3;13;1
202100046202;119 183;10;0;2;5;1;1
202100046203;119 180;7;0;2;2;21;1
202100046203;119 181;7;0;2;1;13;1
202100046204;119 178;15;0;2;6;2;1
202100046204;119 179;7;0;2;1;2;1
202100046205;119 177;33;0;0;0;15;1
202100046206;119 175;7;0;2;1;1;1
202100046206;119 176;7;3;2;3;19;1
202100046207;119 174;7;0;2;1;26;1
202100046208;119 171;7;0;2;8;17;1
202100046208;119 172;7;0;2;8;17;1
202100046209;119 169;7;0;2;2;14;1
202100046209;119 170;7;0;2;3;16;1
202100046210;119 167;7;0;2;1;13;1
202100046210;119 168;7;0;2;3;1;1
202100046211;119 165;7;14;0;6;1;1
202100046211;119 166;32;14;0;1;11;1
202100046212;119 163;7;0;2;1;15;1
202100046212;119 164;7;0;2;2;1;1
202100046213;119 162;7;6;0;2;1;1
202100046214;119 160;13;0;2;1;2;1
202100046214;119 161;7;0;9;4;2;1
202100046215;119 158;7;0;2;7;9;1
202100046215;119 159;31;0;2;6;1;1
202100046216;119 157;30;0;1;1;1;1
202100046217;119 155;99;0;2;4;9;2
202100046217;119 156;10;0;9;0;2;1
202100046218;119 154;7;0;1;1;9;1
202100046219;119 153;33;1;0;3;13;1
202100046220;119 152;7;0;1;3;9;1
202100046221;119 151;99;0;0;0;16;0
202100046222;119 149;7;0;2;1;2;1
202100046222;119 150;34;0;2;8;2;1
202100046223;119 147;7;0;2;1;15;1
202100046223;119 148;33;0;2;1;1;1
202100046224;119 146;7;0;1;2;1;1
202100046225;119 145;7;0;1;4;20;1
202100046226;119 143;7;0;2;3;26;1
202100046226;119 144;7;0;2;1;26;1
202100046227;119 141;7;0;2;4;9;1
202100046227;119 142;7;0;2;1;1;1
202100046228;119 140;7;12;0;3;13;1
202100046229;119 139;33;0;0;7;17;1
202100046230;119 137;7;0;2;4;15;0
202100046230;119 138;2;0;2;1;18;0
202100046231;119 135;7;0;2;3;23;1
202100046231;119 136;30;0;2;1;5;1
202100046232;119 133;7;0;2;1;14;1
202100046232;119 134;34;0;2;4;13;1
202100046233;119 131;32;0;2;1;1;1
202100046233;119 132;7;0;2;5;15;1
202100046234;119 129;33;0;2;1;2;1
202100046234;119 130;2;0;2;6;15;1
202100046235;119 127;10;0;2;1;2;1
202100046235;119 128;7;0;2;4;2;1
202100046236;119 125;7;0;2;1;10;1
202100046236;119 126;2;0;2;1;1;0
202100046237;119 124;7;5;0;0;0;1
202100046238;119 122;30;0;2;0;0;1
202100046238;119 123;7;0;2;3;9;1
202100046239;119 119;43;0;9;4;0;1
202100046239;119 120;7;0;2;3;26;1
202100046239;119 121;7;0;2;1;26;0
202100046240;119 118;33;6;0;1;1;1
202100046241;119 116;7;0;2;4;2;1
202100046241;119 117;7;0;2;1;2;1
202100046242;119 115;33;0;0;0;1;1
202100046243;119 114;7;1;0;1;13;1
202100046244;119 113;1;12;0;1;14;5
202100046245;119 111;2;0;2;1;1;1
202100046245;119 112;7;0;2;1;15;1
202100046246;119 109;7;0;2;6;1;1
202100046246;119 110;30;0;2;1;1;1
202100046247;119 107;37;0;2;4;23;1
202100046247;119 108;7;14;0;1;2;1
202100046248;119 105;7;0;2;3;1;1