Num_Acc;id_vehicule;catv;obs;obsm;choc;manv;motor
202100046248;119 106;31;0;2;2;15;1
202100046249;119 103;50;0;2;7;0;3
202100046249;119 104;7;0;2;6;20;1
202100046250;119 102;7;1;0;1;1;1
202100046251;119 100;7;0;0;1;9;1
202100046251;119 101;7;0;0;8;1;1
202100046252;119 099;1;12;0;1;1;5
202100046253;119 098;32;0;1;1;1;0
202100046254;119 097;7;0;1;1;1;1
202100046255;119 095;50;0;2;1;1;3
202100046255;119 096;7;0;0;4;9;1
202100046256;119 093;33;0;2;1;1;1
202100046256;119 094;37;0;2;8;1;2
202100046257;119 091;7;0;2;8;1;1
202100046257;119 092;33;0;2;7;17;1
202100046258;119 090;33;3;0;2;1;1
202100046259;119 088;10;0;0;7;15;1
202100046259;119 089;33;0;2;1;1;1
202100046260;119 087;7;0;1;2;1;1
202100046261;119 086;36;2;0;1;0;0
202100046262;119 082;7;0;2;4;1;1
202100046262;119 083;7;0;2;1;2;1
202100046263;119 080;7;0;2;3;1;1
202100046263;119 081;7;0;2;3;13;1
202100046264;119 079;33;0;0;1;1;1
202100046265;119 077;7;0;2;1;13;1
202100046265;119 078;7;0;2;1;1;1
202100046266;119 075;7;3;2;2;13;1
202100046266;119 076;7;0;2;1;1;1
202100046267;119 072;2;0;0;5;0;1
202100046267;119 073;2;0;2;2;2;1
202100046268;119 070;7;0;2;1;15;1
202100046268;119 071;7;12;2;3;1;1
202100046269;119 069;7;13;0;1;1;2
202100046270;119 067;7;0;0;0;0;-1
202100046270;119 068;30;16;0;4;1;1
202100046271;119 066;31;0;0;0;1;1
202100046272;119 064;31;0;2;7;17;3
202100046272;119 065;7;0;2;8;17;1
202100046273;119 062;7;0;2;1;13;1
202100046273;119 063;7;0;2;1;1;1
202100046274;119 061;31;13;0;3;1;1
202100046275;119 060;2;0;0;0;1;1
202100046276;119 059;7;17;0;9;1;1
202100046277;119 057;33;0;2;1;17;1
202100046277;119 058;1;0;2;4;15;5
202100046278;119 054;7;13;2;1;1;1
202100046278;119 055;7;13;2;2;19;1
202100046279;119 052;7;0;9;2;2;1
202100046279;119 053;1;0;0;4;1;5
202100046280;119 051;7;2;0;1;14;1
202100046281;119 050;7;13;0;1;0;0
202100046282;119 049;7;0;1;3;1;1
202100046283;119 048;7;2;0;1;13;1
202100046284;119 046;7;0;2;1;1;1
202100046284;119 047;7;0;2;3;15;1
202100046285;119 045;7;13;0;2;21;1
202100046286;119 040;7;0;2;1;13;1
202100046286;119 041;33;0;2;1;1;1
202100046286;119 042;33;0;2;1;1;1
202100046286;119 043;33;0;2;1;1;1
202100046286;119 044;33;0;9;1;1;1
202100046287;119 039;2;13;0;0;1;1
202100046288;119 038;7;13;0;3;1;1
202100046289;119 037;33;0;0;0;1;1
202100046290;119 035;33;0;2;1;1;1
202100046290;119 036;17;0;2;3;15;1
202100046291;119 034;7;0;1;1;1;1
202100046292;119 033;33;0;0;7;1;1
202100046293;119 031;7;0;2;1;1;1
202100046293;119 032;7;0;2;3;15;1
202100046294;119 030;10;4;0;0;0;1
202100046295;119 028;33;0;2;7;17;1
202100046295;119 029;7;0;2;8;11;1
202100046296;119 027;7;4;0;1;1;1
202100046297;119 025;10;0;0;4;15;1
202100046297;119 026;31;0;2;1;17;1
202100046298;119 023;7;0;0;8;15;1
202100046298;119 024;2;0;2;2;17;1
202100046299;119 022;7;7;9;1;1;1
202100046300;119 020;7;0;2;3;1;1
202100046300;119 021;7;0;2;1;17;1
202100046301;119 018;33;0;2;1;1;1
202100046301;119 019;7;0;2;3;15;1
202100046302;119 015;31;0;2;2;17;1
202100046302;119 016;7;0;0;8;15;1
202100046303;119 013;7;0;2;3;1;1
202100046303;119 014;7;0;2;3;1;1
202100046304;119 011;10;0;2;1;1;1
202100046304;119 012;33;0;2;1;13;1
202100046305;119 008;33;0;2;3;0;1
202100046305;119 009;33;0;2;1;0;1
202100046305;119 010;33;0;2;1;17;1
202100046306;119 006;33;0;2;7;1;1
202100046306;119 007;10;0;2;2;19;1
202100046307;119 005;10;0;0;1;26;1
202100046308;119 003;2;0;2;1;17;1
202100046308;119 004;21;0;2;3;15;1
202100046309;119 001;7;0;2;3;1;1
202100046309;119 002;1;0;2;1;19;5
202100046310;118 999;10;0;2;3;0;1
202100046310;119 000;7;0;2;2;19;1
202100046311;118 997;32;0;2;7;3;1
202100046311;118 998;7;0;2;8;13;1
202100046312;118 995;1;0;2;1;15;5
202100046312;118 996;7;0;2;3;1;1
202100046313;118 994;2;13;0;1;14;1
202100046314;118 992;43;3;2;1;1;1
202100046314;118 993;10;0;2;3;1;1
202100046315;118 990;2;0;2;1;1;1
202100046315;118 991;7;0;0;5;20;1
202100046316;118 988;33;0;2;1;2;1
202100046316;118 989;7;0;2;4;1;1
202100046317;118 986;7;0;1;1;26;1
202100046317;118 987;7;15;0;0;1;1
202100046318;118 984;7;0;2;1;2;1
202100046318;118 985;7;0;2;4;9;1
202100046319;118 983;33;3;0;1;18;1
202100046320;118 981;7;0;2;2;12;1
202100046320;118 982;7;0;2;8;1;1
202100046321;118 979;7;4;2;3;1;1
202100046321;118 980;7;0;2;4;1;1
202100046322;118 974;10;0;2;4;23;1
202100046322;118 975;7;0;2;1;2;1
202100046322;118 976;10;0;2;4;23;1
202100046322;118 977;7;0;2;4;23;1
202100046322;118 978;13;0;2;4;23;1
202100046323;118 970;7;0;2;1;2;1
202100046323;118 971;7;0;2;4;23;1
202100046323;118 972;7;0;2;4;23;1
202100046323;118 973;7;0;2;4;23;1
202100046324;118 969;7;5;0;2;14;1
202100046325;118 968;7;0;0;0;1;1
202100046326;118 964;7;0;2;1;0;1
202100046326;118 965;10;0;2;2;0;1
202100046326;118 966;10;0;2;8;0;1
202100046326;118 967;7;0;2;2;3;1
202100046327;118 962;7;0;2;4;2;1
202100046327;118 963;7;0;2;1;1;1
202100046328;118 960;7;0;2;3;1;1
202100046328;118 961;7;0;2;5;2;1
202100046329;118 957;7;15;0;7;1;1
202100046330;118 955;7;0;2;2;15;1
202100046330;118 956;7;0;2;1;1;1
202100046331;118 954;30;0;2;7;1;1
202100046332;118 952;7;14;0;1;1;1
202100046332;118 953;7;0;2;1;26;1
202100046333;118 951;7;4;0;1;1;1
202100046334;118 949;7;0;2;8;10;1
202100046334;118 950;33;0;2;1;1;1
202100046335;118 948;13;0;1;1;15;1
202100046336;118 947;10;12;0;1;14;1
202100046337;118 945;7;0;2;2;16;1
202100046337;118 946;30;0;2;1;1;1
202100046338;118 944;30;9;0;1;1;1
202100046339;118 942;7;6;2;1;13;1
202100046339;118 943;7;6;2;3;1;1
202100046340;118 940;7;0;2;8;15;1
202100046340;118 941;7;0;2;1;17;1
202100046341;118 939;34;0;0;8;9;1
202100046342;118 938;50;0;0;0;25;3
202100046343;118 936;7;0;2;1;1;1
202100046343;118 937;7;0;2;4;0;1
202100046344;118 934;7;0;2;4;4;1
202100046344;118 935;7;0;2;1;1;1
202100046345;118 931;7;0;2;0;0;1
202100046345;118 932;7;0;2;8;0;1
202100046345;118 933;7;0;2;2;21;1
202100046346;118 929;7;0;2;8;1;1
202100046346;118 930;7;0;2;2;1;1
202100046347;118 927;30;0;2;1;1;1
202100046347;118 928;7;0;2;4;1;1
202100046348;118 925;7;0;2;2;1;1
202100046348;118 926;7;9;2;3;1;1
202100046349;118 923;7;0;2;3;1;1
202100046349;118 924;30;0;2;3;17;1
202100046350;118 921;7;16;2;3;10;1
202100046350;118 922;7;0;2;1;1;1
202100046351;118 919;33;0;2;4;1;1
202100046351;118 920;7;0;2;3;2;1
202100046352;118 917;7;0;2;3;2;1
202100046352;118 918;7;0;2;6;15;1
202100046353;118 915;7;0;2;5;15;1
202100046353;118 916;30;0;2;8;1;1
202100046354;118 913;7;0;2;4;2;1
202100046354;118 914;7;0;2;1;2;0
202100046355;118 909;33;0;0;0;2;1
202100046356;118 908;7;1;0;2;15;1
202100046357;118 906;32;1;2;1;6;1
202100046357;118 907;7;0;2;3;9;1
202100046358;118 904;31;0;2;2;1;1
202100046358;118 905;7;0;2;3;11;1
202100046359;118 902;30;0;2;1;1;1
202100046359;118 903;30;0;2;8;19;1
202100046360;118 900;33;0;2;7;17;1
202100046360;118 901;7;0;2;2;15;1
202100046361;118 899;32;0;1;1;1;1
202100046362;118 897;7;1;0;4;23;1
202100046362;118 898;7;14;2;1;1;1
202100046363;118 895;34;0;2;7;17;1
202100046363;118 896;10;0;2;8;9;1
202100046364;118 893;7;0;2;1;1;1
202100046364;118 894;32;0;2;8;1;1
202100046365;118 891;30;0;2;1;2;1
202100046365;118 892;1;0;2;4;2;5
202100046366;118 890;34;0;0;8;1;1
202100046367;118 887;80;0;2;1;1;3
202100046367;118 888;80;0;2;1;1;3
202100046367;118 889;80;0;2;1;5;3
202100046368;118 886;30;0;0;0;1;1
202100046369;118 885;43;0;0;8;1;1
202100046370;118 883;30;0;2;1;9;1
202100046370;118 884;32;0;2;3;7;1
202100046371;118 881;7;0;2;2;22;1
202100046371;118 882;1;0;2;8;1;5
202100046372;118 879;2;0;2;8;11;1
202100046372;118 880;7;0;2;2;1;1
202100046373;118 878;7;1;0;7;14;1
202100046374;118 877;7;11;0;9;1;1
202100046375;118 875;1;0;2;1;1;5
202100046375;118 876;1;0;2;1;14;5
202100046376;118 874;50;0;0;0;26;3
202100046377;118 872;32;0;2;1;1;1
202100046377;118 873;1;0;2;5;1;5
202100046378;118 869;32;0;2;1;7;1
202100046378;118 870;31;0;2;5;7;3
202100046378;118 871;32;0;2;5;23;1
202100046379;118 867;1;0;2;7;1;5
202100046379;118 868;10;0;2;3;22;1
202100046380;118 865;50;0;2;0;21;3
202100046380;118 866;10;0;2;0;22;1
202100046381;118 864;33;1;0;1;14;1
202100046382;118 863;34;0;1;1;1;1
202100046383;118 861;1;0;2;1;1;5
202100046383;118 862;7;0;2;3;22;1
202100046384;118 859;7;0;2;2;1;2
202100046384;118 860;33;0;2;1;16;1
202100046385;118 857;50;0;2;8;7;3
202100046385;118 858;37;0;2;7;14;2
202100046386;118 855;33;0;2;3;15;1
202100046386;118 856;50;0;2;2;1;3
202100046387;118 854;1;0;1;1;1;5
202100046388;118 853;7;1;0;2;14;1
202100046389;118 851;3;0;2;3;1;1
202100046389;118 852;1;0;2;1;2;5
202100046390;118 849;7;0;2;2;15;1
202100046390;118 850;31;0;2;0;0;1
202100046391;118 848;32;0;2;8;1;1
202100046392;118 847;7;0;1;3;1;1
202100046393;118 845;1;0;2;7;15;5
202100046393;118 846;7;0;2;3;1;1
202100046394;118 843;33;0;2;1;1;1
202100046394;118 844;7;0;2;3;0;1
202100046395;118 841;7;8;2;3;26;1
202100046395;118 842;30;8;2;7;17;0
202100046396;118 840;7;0;1;8;1;1
202100046397;118 838;7;0;2;3;15;1
202100046397;118 839;34;0;2;7;17;1
202100046398;118 836;7;0;2;3;15;0
202100046398;118 837;7;8;2;3;1;1
202100046399;118 834;7;0;2;1;0;0
202100046399;118 835;30;0;2;4;1;1
202100046400;118 833;7;8;0;2;15;0
202100046401;118 831;7;0;0;4;1;0
202100046401;118 832;0;0;2;1;1;0
202100046402;118 829;2;0;2;2;1;1
202100046402;118 830;7;0;2;3;19;1
202100046403;118 828;32;1;0;1;26;1
202100046404;118 826;7;0;2;8;15;1
202100046404;118 827;2;0;2;1;1;1
202100046405;118 824;31;0;2;1;1;1
202100046405;118 825;7;0;2;3;1;1
202100046406;118 822;7;0;2;3;14;1
202100046406;118 823;33;0;2;1;17;1
202100046407;118 820;7;0;2;3;0;1
202100046407;118 821;7;0;2;1;0;1
202100046408;118 819;7;0;1;1;1;1
202100046409;118 818;7;6;0;0;0;3
202100046410;118 817;33;3;6;1;1;1
202100046411;118 816;7;13;0;1;1;1
202100046412;118 815;7;2;0;0;1;1
202100046413;118 813;10;0;2;5;15;1
202100046413;118 814;33;0;2;1;1;0
202100046414;118 811;7;0;0;3;2;1
202100046414;118 812;7;4;2;3;11;1
202100046415;118 809;33;0;2;1;1;1
202100046415;118 810;10;0;0;8;11;1
202100046416;118 808;7;2;0;3;1;1
202100046417;118 806;7;0;2;3;1;1
202100046417;118 807;33;0;2;4;1;1
202100046418;118 805;7;2;0;4;13;1
202100046419;118 803;7;0;2;1;13;1
202100046419;118 804;37;0;2;3;21;1
202100046420;118 802;2;0;0;0;0;0
202100046421;118 800;2;0;2;1;1;1
202100046421;118 801;7;0;0;8;1;1
202100046422;118 799;7;13;0;0;1;1
202100046423;118 797;36;0;2;1;1;1
202100046423;118 798;33;0;2;1;1;1
202100046424;118 795;1;0;2;4;2;5
202100046424;118 796;7;0;2;1;2;1
202100046425;118 792;7;0;2;3;2;1
202100046425;118 793;7;0;0;8;1;1
202100046425;118 794;7;0;2;1;1;1
202100046426;118 791;7;2;0;2;1;1
202100046427;118 790;33;3;0;1;1;1
202100046428;118 789;33;0;0;1;1;1
202100046429;118 788;32;0;0;7;16;1
202100046430;118 787;7;0;0;2;1;1
202100046431;118 785;7;0;2;1;13;1
202100046431;118 786;7;0;2;1;1;1
202100046432;118 783;7;0;2;7;2;1
202100046432;118 784;1;0;2;8;2;0
202100046433;118 781;7;0;2;3;0;1
202100046433;118 782;2;0;2;2;0;1
202100046434;118 779;7;0;9;3;1;1
202100046434;118 780;31;0;2;0;13;1
202100046435;118 778;33;10;0;7;14;1
202100046436;118 776;10;0;0;7;19;0
202100046436;118 777;33;0;2;1;1;1
202100046437;118 775;7;2;0;2;14;1
202100046438;118 774;1;0;2;1;1;5
202100046439;118 772;7;0;2;3;1;1
202100046439;118 773;7;0;2;1;17;1
202100046440;118 771;33;13;0;1;1;1
202100046441;118 769;31;0;2;1;1;1
202100046441;118 770;7;0;2;3;15;1
202100046442;118 768;7;13;0;1;1;1
202100046443;118 767;7;6;0;0;1;1
202100046444;118 765;7;0;2;3;26;1
202100046444;118 766;2;0;2;3;16;1
202100046445;118 764;36;5;0;3;1;1
202100046446;118 763;33;0;1;1;13;1
202100046447;118 760;2;13;0;1;0;1
202100046448;118 756;1;0;2;7;1;5
202100046448;118 757;1;0;2;2;1;5
202100046448;118 758;10;0;2;6;4;1
202100046449;118 754;1;0;2;1;1;5
202100046449;118 755;7;0;0;7;15;1
202100046450;118 753;2;0;0;0;1;1
202100046451;118 752;7;0;1;3;1;1
202100046452;118 750;7;0;2;3;15;1
202100046452;118 751;2;0;2;1;1;1
202100046453;118 749;7;0;0;9;13;1
202100046454;118 747;7;0;2;3;9;1
202100046454;118 748;31;0;2;1;2;1
202100046455;118 746;2;0;6;1;1;1
202100046456;118 745;7;16;0;9;1;1
202100046457;118 743;7;0;2;1;2;1
202100046457;118 744;7;0;0;4;1;1
202100046458;118 741;7;0;2;1;1;1
202100046458;118 742;7;0;2;3;19;1
202100046459;118 739;15;0;0;3;1;1
202100046459;118 740;7;0;2;1;13;1
202100046460;118 737;7;0;0;4;15;1
202100046460;118 738;2;0;2;1;2;1
202100046461;118 735;34;0;2;1;17;1
202100046461;118 736;7;0;2;2;1;1
202100046462;118 733;1;0;2;1;17;5
202100046462;118 734;33;0;9;1;0;1
202100046463;118 730;7;0;2;1;1;1
202100046463;118 731;7;0;2;3;1;1
202100046463;118 732;7;0;0;1;1;1
202100046464;118 729;7;13;0;1;0;1
202100046465;118 727;7;15;0;1;0;0
202100046466;118 726;1;0;0;0;1;5
202100046467;118 725;31;11;0;8;1;0
202100046468;118 724;7;6;0;3;13;1
202100046469;118 723;7;2;0;0;0;1
202100046470;118 721;7;0;0;4;23;1
202100046470;118 722;7;0;2;1;23;1
202100046471;118 719;33;0;2;1;1;1
202100046471;118 720;30;0;2;4;15;1
202100046472;118 718;1;13;0;1;1;5
202100046473;118 717;2;6;0;8;19;1
202100046474;118 716;7;2;0;2;1;1
202100046475;118 714;7;5;2;8;1;1
202100046475;118 715;17;0;2;2;12;1
202100046476;118 711;7;3;0;1;13;1
202100046476;118 712;10;3;0;1;2;1
202100046476;118 713;7;14;0;3;21;1
202100046477;118 708;7;0;2;0;0;1
202100046477;118 709;7;0;2;0;0;1
202100046477;118 710;7;0;2;0;0;1
202100046478;118 706;7;0;2;1;1;1
202100046478;118 707;10;0;2;4;1;1
202100046479;118 704;7;0;2;2;2;1
202100046479;118 705;10;4;2;6;11;1
202100046480;118 701;7;0;2;4;2;1
202100046480;118 702;7;0;2;1;1;1
202100046480;118 703;7;0;2;4;2;1
202100046481;118 698;33;0;2;1;1;1
202100046481;118 699;7;0;2;4;2;1
202100046481;118 700;7;4;2;1;2;1
202100046482;118 697;7;3;0;1;11;1
202100046483;118 696;33;0;2;3;14;1
202100046484;118 695;7;4;0;1;21;1
202100046485;118 694;7;0;1;4;26;1
202100046486;118 693;7;0;1;2;1;1
202100046487;118 692;32;0;1;1;26;0
202100046488;118 691;33;0;0;1;1;1
202100046489;118 690;7;0;1;2;1;1
202100046490;118 688;7;0;2;1;2;1
202100046490;118 689;10;0;2;4;1;1
202100046491;118 686;50;0;2;1;19;3
202100046491;118 687;7;0;2;3;15;1
202100046492;118 684;7;0;2;1;23;1
202100046492;118 685;3;0;2;1;13;1
202100046493;118 682;7;0;2;2;15;1
202100046493;118 683;30;0;2;1;1;1
202100046494;118 679;7;0;2;1;1;1
202100046494;118 680;7;0;2;4;1;1
202100046494;118 681;7;0;2;4;1;1
202100046495;118 678;1;0;0;0;1;5
202100046496;118 677;7;10;0;1;1;1
202100046497;118 675;50;0;2;4;15;3
202100046497;118 676;7;0;9;3;15;1
202100046498;118 674;7;0;1;1;26;1
202100046499;118 672;7;0;2;7;15;1
202100046499;118 673;33;0;2;1;1;1
202100046500;118 668;7;0;2;8;1;0
202100046500;118 669;7;0;2;1;17;0
202100046501;118 666;7;0;2;5;1;1
202100046501;118 667;1;0;2;1;1;5
202100046502;118 665;7;0;1;0;1;1
202100046503;118 663;7;0;2;1;26;1
202100046503;118 664;7;0;2;7;15;1
202100046504;118 662;7;0;1;2;1;1
202100046505;118 659;7;0;2;8;1;1
202100046505;118 660;10;0;2;6;23;1
202100046505;118 661;30;0;2;1;1;1
202100046506;118 656;7;0;2;1;1;1
202100046506;118 657;33;0;2;7;17;1
202100046506;118 658;7;0;2;3;15;1
202100046507;118 654;32;0;2;6;1;1
202100046507;118 655;7;0;2;2;12;1
202100046508;118 653;30;0;0;7;26;1
202100046509;118 651;33;0;2;1;21;1
202100046509;118 652;1;0;2;6;2;5
202100046510;118 649;7;0;2;6;1;1
202100046510;118 650;2;0;2;1;1;1
202100046511;118 647;7;0;2;7;15;1
202100046511;118 648;32;0;2;7;1;1
202100046512;118 645;7;0;2;2;0;1
202100046512;118 646;1;0;2;7;26;5
202100046513;118 643;1;0;2;7;1;5
202100046513;118 644;7;0;2;1;26;1
202100046514;118 641;32;0;2;1;21;1
202100046514;118 642;7;0;2;1;1;1
202100046515;118 640;7;0;1;1;1;1
202100046516;118 638;1;0;2;1;13;6
202100046516;118 639;7;0;2;3;0;1
202100046517;118 637;7;14;0;1;1;1
202100046518;118 634;17;0;9;1;1;1
202100046518;118 635;10;0;9;6;1;1
202100046518;118 636;33;0;2;1;1;1
202100046519;118 633;10;0;1;4;20;1
202100046520;118 631;37;0;2;4;1;1
202100046520;118 632;7;0;2;1;1;1
202100046521;118 629;7;0;2;1;1;1
202100046521;118 630;7;0;2;7;15;1
202100046522;118 627;50;0;2;2;15;3
202100046522;118 628;7;0;2;8;0;1
202100046523;118 625;30;0;2;1;0;1
202100046523;118 626;7;0;2;8;1;1
202100046524;118 623;7;0;2;1;1;1
202100046524;118 624;2;0;2;1;1;1
202100046525;118 621;7;0;2;1;1;1
202100046525;118 622;10;0;2;1;1;1
202100046526;118 619;33;0;2;1;1;1
202100046526;118 620;10;0;2;4;1;1
202100046527;118 618;50;0;0;0;1;3
202100046528;118 616;7;0;2;3;1;1
202100046528;118 617;7;6;2;2;1;1
202100046529;118 615;7;0;1;2;16;1
202100046530;118 614;7;0;1;4;4;1
202100046531;118 612;60;0;2;8;19;5
202100046531;118 613;43;0;2;1;1;1
202100046532;118 609;10;0;2;1;1;1
202100046532;118 610;7;0;2;4;23;1
202100046532;118 611;7;0;2;4;23;1
202100046533;118 607;32;0;2;2;15;1
202100046533;118 608;2;0;2;1;7;1
202100046534;118 605;7;0;2;2;1;1
202100046534;118 606;7;0;2;1;16;1
202100046535;118 603;7;0;2;3;15;1
202100046535;118 604;2;0;2;0;2;1
202100046536;118 601;31;0;2;1;2;1
202100046536;118 602;17;6;0;4;2;1
202100046537;118 599;7;0;2;2;15;1
202100046537;118 600;2;0;2;1;1;1
202100046538;118 597;7;0;2;4;15;1
202100046538;118 598;7;0;2;1;1;1
202100046539;118 594;10;0;2;3;1;1
202100046539;118 595;33;0;2;2;1;1
202100046539;118 596;10;0;2;7;15;1
202100046540;118 592;60;0;2;4;1;5
202100046540;118 593;7;0;9;1;2;0
202100046541;118 590;7;0;2;1;9;1
202100046541;118 591;1;0;2;3;25;5
202100046542;118 586;34;0;2;1;1;1
202100046542;118 587;10;0;2;6;0;1
202100046543;118 583;33;0;2;6;23;1
202100046543;118 584;32;0;2;1;1;1
202100046543;118 585;7;0;2;2;15;0
202100046544;118 581;7;0;2;8;1;1
202100046544;118 582;7;0;2;1;19;1
202100046545;118 580;14;0;1;1;26;1
202100046546;118 578;7;0;0;4;2;1
202100046546;118 579;7;0;2;1;1;1
202100046547;118 577;10;0;1;3;15;1
202100046548;118 575;7;0;2;2;15;1
202100046548;118 576;33;0;2;1;26;1
202100046549;118 571;7;0;2;4;1;1
202100046549;118 572;10;0;2;0;0;1
202100046549;118 573;7;0;2;0;0;1
202100046549;118 574;7;0;2;0;0;1
202100046550;118 568;7;0;2;1;2;1
202100046550;118 569;7;0;2;4;2;1
202100046550;118 570;7;0;2;4;2;1
202100046551;118 561;7;0;2;4;1;1
202100046551;118 562;7;0;2;9;1;1
202100046551;118 563;7;0;2;9;1;1
202100046551;118 564;10;0;2;1;1;1
202100046551;118 565;7;0;2;9;1;1
202100046551;118 566;7;0;2;5;1;2
202100046551;118 567;15;0;2;6;1;1
202100046552;118 558;7;0;2;4;23;1
202100046552;118 559;7;0;2;2;2;1
202100046552;118 560;10;0;2;1;2;1
202100046553;118 555;10;0;2;7;12;1
202100046553;118 556;15;0;2;4;24;1
202100046553;118 557;7;0;2;8;1;1
202100046554;118 554;17;3;0;1;13;1
202100046555;118 552;33;0;2;1;0;1
202100046555;118 553;7;0;2;5;0;1
202100046556;118 551;7;4;0;2;1;1
202100046557;118 550;7;0;9;1;9;1
202100046558;118 547;7;0;2;1;2;1
202100046558;118 548;7;0;2;1;1;0
202100046558;118 549;7;0;2;0;1;0
202100046559;118 546;7;0;1;1;25;1
202100046560;118 544;30;0;2;7;1;1
202100046560;118 545;7;0;2;1;1;1
202100046561;118 542;14;0;2;2;1;1
202100046561;118 543;50;13;2;8;1;3
202100046562;118 540;7;0;0;0;16;1
202100046562;118 541;2;0;2;0;1;1
202100046563;118 538;2;0;2;8;1;1
202100046563;118 539;7;0;9;8;1;1
202100046564;118 536;7;0;2;1;21;0
202100046564;118 537;30;0;2;4;1;1
202100046565;118 535;33;0;2;0;1;0
202100046566;118 534;7;0;1;1;2;1
202100046567;118 531;7;0;2;1;1;1
202100046567;118 532;7;0;2;4;23;1
202100046567;118 533;7;0;2;6;15;1
202100046568;118 529;1;0;2;1;0;0
202100046568;118 530;7;0;2;3;26;1
202100046569;118 528;30;0;0;0;9;1
202100046570;118 526;7;0;9;8;1;1
202100046570;118 527;50;0;2;7;0;3
202100046571;118 525;10;0;1;1;1;1
202100046572;118 523;7;0;2;1;2;1
202100046572;118 524;7;0;2;6;2;1
202100046573;118 521;33;0;2;0;14;1
202100046573;118 522;33;0;2;0;0;1
202100046574;118 519;7;0;2;2;9;1
202100046574;118 520;7;0;2;1;1;1
202100046575;118 517;2;0;2;8;18;1
202100046575;118 518;2;0;2;5;23;1
202100046576;118 516;7;2;0;1;26;6
202100046577;118 515;7;0;1;1;16;1
202100046578;118 514;7;0;1;1;1;1
202100046579;118 512;10;0;2;4;20;1
202100046579;118 513;30;0;2;1;21;1
202100046580;118 510;1;0;0;0;0;5
202100046580;118 511;7;0;2;7;22;1
202100046581;118 508;7;0;0;0;0;1
202100046581;118 509;7;0;2;3;1;1
202100046582;118 507;7;0;1;1;1;1
202100046583;118 506;7;0;1;1;21;1
202100046584;118 503;33;6;0;0;26;1
202100046585;118 501;7;0;2;4;2;1
202100046585;118 502;7;0;2;4;1;1
202100046586;118 499;1;0;2;1;15;5
202100046586;118 500;7;0;2;3;16;1
202100046587;118 495;7;0;2;4;1;1
202100046587;118 496;7;0;2;1;1;1
202100046587;118 497;7;0;2;1;2;1
202100046587;118 498;7;0;2;1;1;1
202100046588;118 493;7;0;2;3;9;1
202100046588;118 494;2;0;2;1;16;1
202100046589;118 491;10;0;2;1;15;1
202100046589;118 492;7;0;2;2;1;1
202100046590;118 489;7;0;2;2;9;1
202100046590;118 490;1;0;2;1;1;6
202100046591;118 487;50;0;2;1;15;3
202100046591;118 488;7;0;2;1;1;1
202100046592;118 485;7;0;2;8;1;1
202100046592;118 486;7;0;2;2;1;1
202100046593;118 483;7;0;2;4;2;1
202100046593;118 484;7;0;2;1;2;1
202100046594;118 481;7;0;2;3;19;1
202100046594;118 482;32;0;2;7;19;1
202100046595;118 479;10;0;2;3;26;1
202100046595;118 480;33;0;2;5;16;1
202100046596;118 477;7;0;2;2;1;1
202100046596;118 478;1;0;0;0;0;5
202100046597;118 475;7;0;2;1;9;1
202100046597;118 476;7;0;2;2;1;1
202100046598;118 473;60;0;2;8;19;5
202100046598;118 474;7;0;2;1;1;1
202100046599;118 472;7;0;1;1;1;1
202100046600;118 471;3;0;1;1;16;1
202100046601;118 470;7;1;0;1;1;1
202100046602;118 469;1;0;1;1;1;5
202100046603;118 468;7;0;1;3;13;1
202100046604;118 464;7;0;2;1;1;1
202100046604;118 465;10;0;2;1;0;1
202100046604;118 466;10;0;2;0;0;1
202100046604;118 467;10;0;2;0;0;1
202100046605;118 463;7;0;1;1;15;1
202100046606;118 461;40;0;2;1;1;3
202100046606;118 462;34;0;4;7;19;1
202100046607;118 459;1;0;2;8;0;5
202100046607;118 460;14;0;2;7;16;1
202100046608;118 458;7;6;0;1;1;1
202100046609;118 455;7;0;2;4;23;1
202100046609;118 456;10;0;2;4;23;1
202100046609;118 457;7;0;2;1;1;1
202100046610;118 453;15;0;2;4;9;1
202100046610;118 454;7;0;2;7;1;1
202100046611;118 451;31;0;2;1;1;1
202100046611;118 452;7;0;2;3;20;1
202100046612;118 449;7;0;2;6;2;3
202100046612;118 450;32;0;2;7;17;6
202100046613;118 447;30;0;2;1;19;1
202100046613;118 448;7;0;2;2;1;1
202100046614;118 446;7;0;1;1;16;1
202100046615;118 443;7;0;1;1;1;1
202100046616;118 441;10;0;2;3;15;1
202100046616;118 442;1;0;2;2;1;5
202100046617;118 439;7;0;2;5;16;1
202100046617;118 440;1;0;2;0;0;5
202100046618;118 438;7;3;0;7;1;1
202100046619;118 436;32;0;2;1;1;1
202100046619;118 437;7;0;2;7;15;1
202100046620;118 434;7;0;2;3;6;1
202100046620;118 435;7;0;2;2;1;1
202100046621;118 432;7;0;2;7;15;1
202100046621;118 433;33;0;2;1;1;1
202100046622;118 430;7;0;9;1;1;1
202100046622;118 431;31;0;2;1;13;1
202100046623;118 428;10;0;2;3;1;1
202100046623;118 429;33;0;2;1;1;1
202100046624;118 427;7;0;1;3;1;6
202100046625;118 425;7;0;9;4;23;1
202100046625;118 426;7;0;2;1;2;1
202100046626;118 423;1;0;9;4;21;5
202100046626;118 424;1;0;9;1;1;5
202100046627;118 422;7;0;1;2;1;1
202100046628;118 420;31;0;2;4;23;1
202100046628;118 421;7;0;2;3;1;1
202100046629;118 417;7;0;2;6;1;1
202100046629;118 418;7;0;2;1;1;2
202100046629;118 419;15;0;2;2;12;1
202100046630;118 415;7;0;2;5;12;1
202100046630;118 416;43;0;2;1;1;1
202100046631;118 413;43;0;2;1;3;1
202100046631;118 414;7;0;2;5;1;1
202100046632;118 411;50;0;2;1;1;3
202100046632;118 412;31;0;2;2;15;1