Num_Acc;id_vehicule;catv;obs;obsm;choc;manv;motor
202100047021;117 725;31;0;2;1;2;1
202100047022;117 722;34;8;0;1;1;1
202100047022;117 723;33;0;0;4;2;1
202100047023;117 720;7;0;2;3;15;1
202100047023;117 721;34;0;2;2;2;1
202100047024;117 718;7;0;2;3;15;1
202100047024;117 719;33;0;2;1;17;1
202100047025;117 717;7;15;0;2;1;1
202100047026;117 714;7;0;0;-1;1;-1
202100047026;117 715;33;0;2;1;9;1
202100047026;117 716;7;0;2;3;15;1
202100047027;117 713;60;0;0;7;1;5
202100047028;117 711;7;0;1;1;1;1
202100047029;117 709;1;0;2;1;25;5
202100047029;117 710;7;0;2;1;5;1
202100047030;117 707;30;0;2;1;1;1
202100047030;117 708;2;0;2;7;-1;1
202100047031;117 705;10;0;2;7;10;1
202100047031;117 706;7;0;2;1;1;1
202100047032;117 703;37;0;9;4;1;1
202100047032;117 704;80;0;2;1;16;3
202100047033;117 701;7;0;2;1;15;1
202100047033;117 702;2;0;2;3;1;1
202100047034;117 699;33;0;2;7;1;1
202100047034;117 700;7;0;2;5;15;1
202100047035;117 698;7;0;1;0;0;0
202100047036;117 695;7;0;1;1;26;1
202100047037;117 694;33;16;0;3;13;1
202100047038;117 692;10;0;0;1;0;1
202100047038;117 693;7;0;0;4;0;1
202100047039;117 690;7;0;2;1;0;1
202100047039;117 691;2;0;2;1;1;1
202100047040;117 689;99;0;1;4;26;1
202100047041;117 687;7;0;2;2;15;1
202100047041;117 688;33;0;2;7;1;1
202100047042;117 685;7;0;2;2;1;0
202100047042;117 686;7;0;2;2;1;1
202100047043;117 683;7;0;2;5;1;1
202100047043;117 684;3;0;2;2;1;1
202100047044;117 681;33;0;2;4;1;1
202100047044;117 682;10;0;2;2;1;1
202100047045;117 678;7;0;2;4;2;2
202100047045;117 679;7;0;0;4;2;1
202100047045;117 680;7;0;2;1;1;1
202100047046;117 677;7;0;1;1;1;1
202100047047;117 676;7;0;1;3;26;1
202100047048;117 674;7;12;2;7;15;1
202100047048;117 675;7;12;2;1;1;1
202100047049;117 673;7;0;1;2;1;1
202100047050;117 671;50;0;2;8;19;3
202100047050;117 672;7;0;2;1;1;1
202100047051;117 669;7;0;2;1;1;1
202100047051;117 670;7;0;2;4;1;1
202100047052;117 667;33;1;0;8;26;1
202100047052;117 668;10;0;0;4;23;1
202100047053;117 666;30;0;0;7;15;1
202100047054;117 664;1;0;2;1;1;5
202100047054;117 665;1;0;2;2;15;5
202100047055;117 660;30;0;2;2;12;1
202100047055;117 661;7;0;2;3;1;1
202100047056;117 658;10;0;2;1;9;1
202100047056;117 659;7;0;2;2;1;1
202100047057;117 655;7;0;2;4;23;1
202100047057;117 656;7;0;2;4;23;1
202100047057;117 657;7;0;2;1;2;1
202100047058;117 654;7;0;1;1;1;1
202100047059;117 652;10;0;2;2;15;1
202100047059;117 653;1;0;2;2;1;5
202100047060;117 651;1;0;1;1;1;5
202100047061;117 649;33;0;2;0;1;1
202100047061;117 650;7;0;2;0;0;1
202100047062;117 647;7;0;2;2;9;1
202100047062;117 648;50;0;2;1;9;3
202100047063;117 645;7;0;2;7;1;1
202100047063;117 646;30;0;2;8;3;0
202100047064;117 643;7;0;2;2;1;0
202100047064;117 644;7;0;2;1;1;0
202100047065;117 642;7;0;1;4;26;1
202100047066;117 641;2;0;0;0;1;1
202100047067;117 638;7;1;2;2;14;1
202100047067;117 639;7;0;2;6;0;1
202100047067;117 640;7;0;2;1;1;1
202100047068;117 636;2;0;2;2;17;1
202100047068;117 637;7;0;2;6;15;1
202100047069;117 634;7;0;2;1;1;1
202100047069;117 635;7;0;6;1;13;1
202100047070;117 633;7;7;0;1;0;1
202100047071;117 631;7;0;2;8;1;1
202100047071;117 632;7;0;2;3;1;2
202100047072;117 630;1;0;0;1;0;5
202100047073;117 628;7;0;0;3;0;1
202100047073;117 629;7;0;2;2;0;1
202100047074;117 626;3;0;2;1;1;1
202100047074;117 627;10;0;2;7;1;1
202100047075;117 624;33;0;2;1;2;1
202100047075;117 625;99;0;0;4;2;1
202100047076;117 623;7;0;1;1;1;1
202100047077;117 620;7;0;0;3;1;1
202100047077;117 621;31;0;2;1;21;1
202100047077;117 622;7;0;0;6;1;1
202100047078;117 619;10;0;1;2;1;1
202100047079;117 617;10;0;2;6;1;1
202100047079;117 618;7;0;2;2;14;2
202100047080;117 615;7;0;2;1;15;1
202100047080;117 616;33;0;2;1;1;1
202100047081;117 613;1;0;2;4;2;5
202100047081;117 614;7;0;9;1;2;1
202100047082;117 611;7;0;2;3;11;1
202100047082;117 612;7;0;2;7;12;1
202100047083;117 609;7;0;0;3;16;1
202100047083;117 610;7;0;2;2;9;1
202100047084;117 608;7;6;0;1;13;1
202100047085;117 606;2;0;2;1;1;1
202100047085;117 607;7;0;2;3;16;1
202100047086;117 605;7;0;1;2;1;1
202100047087;117 604;1;0;0;0;0;5
202100047088;117 600;17;0;2;1;1;1
202100047088;117 601;7;0;0;4;1;1
202100047088;117 602;7;0;2;4;1;1
202100047088;117 603;7;0;2;4;1;1
202100047089;117 598;7;13;2;1;19;1
202100047089;117 599;7;13;2;8;1;1
202100047090;117 597;7;0;1;2;16;1
202100047091;117 595;7;0;2;3;5;1
202100047091;117 596;7;0;2;8;1;1
202100047092;117 594;2;0;0;0;21;0
202100047093;117 592;7;0;2;3;15;1
202100047093;117 593;33;0;2;7;1;1
202100047094;117 591;7;2;0;8;13;1
202100047095;117 590;2;0;0;0;1;1
202100047096;117 588;7;16;2;2;9;1
202100047096;117 589;2;16;2;1;1;1
202100047097;117 586;33;0;2;1;3;1
202100047097;117 587;7;0;2;8;15;1
202100047098;117 584;7;0;2;1;26;1
202100047098;117 585;33;0;2;1;13;1
202100047099;117 583;2;0;1;1;25;1
202100047100;117 581;10;0;2;3;1;1
202100047100;117 582;3;0;2;3;13;1
202100047101;117 579;38;0;2;8;9;1
202100047101;117 580;33;0;2;1;1;1
202100047102;117 577;7;0;0;6;1;1
202100047102;117 578;7;0;2;2;15;1
202100047103;117 576;31;0;0;3;15;1
202100047104;117 572;7;0;0;4;2;1
202100047104;117 573;7;0;2;1;2;1
202100047105;117 570;7;0;2;9;1;1
202100047105;117 571;15;0;2;5;12;1
202100047106;117 567;7;0;2;1;2;1
202100047106;117 568;7;0;2;1;2;1
202100047106;117 569;33;0;2;4;2;1
202100047107;117 566;7;3;0;1;2;1
202100047108;117 564;17;0;2;1;2;1
202100047108;117 565;7;0;2;0;0;1
202100047109;117 563;32;0;0;9;9;1
202100047110;117 562;7;3;0;1;13;1
202100047111;117 560;7;0;2;4;2;1
202100047111;117 561;7;0;2;1;1;1
202100047112;117 558;7;0;2;4;2;1
202100047112;117 559;10;0;2;1;2;2
202100047113;117 556;7;0;2;8;11;2
202100047113;117 557;33;0;2;7;1;1
202100047114;117 553;7;0;2;4;1;2
202100047114;117 554;7;0;2;4;1;3
202100047114;117 555;7;0;2;1;1;1
202100047115;117 551;7;0;2;2;1;1
202100047115;117 552;7;0;2;9;11;3
202100047116;117 549;1;0;2;7;1;5
202100047116;117 550;7;0;2;1;1;1
202100047117;117 548;7;0;1;3;1;1
202100047118;117 546;33;12;0;0;14;1
202100047119;117 544;1;0;2;4;1;5
202100047119;117 545;7;0;9;3;9;1
202100047120;117 542;1;0;2;7;26;5
202100047120;117 543;7;0;2;1;9;1
202100047121;117 540;7;6;2;7;1;1
202100047121;117 541;7;0;2;1;1;1
202100047122;117 538;33;0;2;5;9;0
202100047122;117 539;7;0;2;3;2;0
202100047123;117 536;7;0;2;2;1;1
202100047123;117 537;7;0;2;8;15;1
202100047124;117 534;31;0;2;1;1;1
202100047124;117 535;7;0;2;6;15;1
202100047125;117 532;7;0;9;7;14;1
202100047125;117 533;1;0;2;0;0;0
202100047126;117 530;7;0;2;4;23;1
202100047126;117 531;7;14;0;1;2;1
202100047127;117 528;2;0;2;1;16;1
202100047127;117 529;10;0;2;1;9;1
202100047128;117 527;7;1;0;2;14;1
202100047129;117 525;2;0;0;8;1;0
202100047129;117 526;7;0;2;1;1;1
202100047130;117 523;2;1;2;3;15;1
202100047130;117 524;10;1;2;2;1;1
202100047131;117 521;33;0;2;1;26;0
202100047131;117 522;31;0;2;1;1;1
202100047132;117 519;32;0;2;2;17;1
202100047132;117 520;10;0;2;3;13;1
202100047133;117 518;7;0;1;1;1;1
202100047134;117 516;7;0;2;3;15;1
202100047134;117 517;7;0;2;2;1;1
202100047135;117 514;31;0;2;7;9;1
202100047135;117 515;7;8;2;1;9;1
202100047136;117 513;30;0;1;1;1;1
202100047137;117 511;33;0;2;1;1;1
202100047137;117 512;7;0;2;1;15;1
202100047138;117 509;7;0;2;0;9;0
202100047138;117 510;1;0;2;0;25;5
202100047139;117 507;7;0;2;2;22;1
202100047139;117 508;1;0;2;1;1;5
202100047140;117 505;30;0;2;1;2;1
202100047140;117 506;7;0;2;5;2;1
202100047141;117 504;1;0;0;0;1;5
202100047142;117 502;30;0;2;7;5;1
202100047142;117 503;7;0;2;1;9;1
202100047143;117 500;7;0;2;3;13;1
202100047143;117 501;33;0;2;1;17;1
202100047144;117 498;7;0;2;7;10;2
202100047144;117 499;50;0;2;3;1;3
202100047145;117 497;7;0;1;1;1;1
202100047146;117 495;2;0;2;4;1;1
202100047146;117 496;7;0;2;1;2;1
202100047147;117 494;1;0;0;0;26;5
202100047148;117 491;7;0;2;3;5;1
202100047148;117 492;33;0;2;3;5;1
202100047149;117 490;7;4;0;9;17;1
202100047150;117 488;7;3;0;1;26;1
202100047150;117 489;10;3;0;1;1;1
202100047151;117 486;1;0;2;3;1;5
202100047151;117 487;33;0;9;2;1;1
202100047152;117 484;7;0;2;1;1;1
202100047152;117 485;7;0;2;1;17;1
202100047153;117 482;1;0;0;0;1;5
202100047154;117 481;7;0;1;2;1;1
202100047155;117 478;7;0;2;1;21;1
202100047155;117 479;7;0;2;6;21;1
202100047155;117 480;7;0;2;1;5;1
202100047156;117 476;7;0;0;8;1;1
202100047156;117 477;7;0;2;1;1;1
202100047157;117 474;21;0;1;5;24;1
202100047157;117 475;7;0;9;2;17;1
202100047158;117 472;15;0;4;7;23;1
202100047158;117 473;39;1;0;3;1;0
202100047159;117 470;1;2;2;8;1;5
202100047159;117 471;10;0;9;2;17;1
202100047160;117 469;10;0;1;1;23;1
202100047161;117 468;7;17;0;3;0;1
202100047162;117 467;7;8;0;4;1;1
202100047163;117 466;10;0;1;8;18;0
202100047164;117 464;7;12;0;3;2;1
202100047165;117 462;7;0;2;3;1;1
202100047165;117 463;1;0;2;1;5;5
202100047166;117 460;7;0;0;8;15;1
202100047166;117 461;7;0;2;2;2;1
202100047167;117 459;36;1;0;1;1;1
202100047168;117 457;7;0;2;3;1;1
202100047168;117 458;7;0;2;3;13;1
202100047169;117 454;7;0;2;3;9;1
202100047169;117 455;2;0;2;1;1;1
202100047170;117 453;17;0;1;6;20;1
202100047171;117 451;7;0;2;5;15;1
202100047171;117 452;34;0;2;1;17;1
202100047172;117 449;7;0;2;2;1;1
202100047172;117 450;7;0;2;3;15;1
202100047173;117 447;7;0;2;3;1;1
202100047173;117 448;37;0;2;3;21;1
202100047174;117 444;14;0;2;1;1;1
202100047174;117 445;33;0;2;1;17;1
202100047175;117 442;7;0;0;4;1;1
202100047175;117 443;10;0;2;1;1;1
202100047176;117 440;10;0;2;1;1;1
202100047176;117 441;7;0;2;1;13;1
202100047177;117 438;7;0;2;4;2;1
202100047177;117 439;7;4;2;1;17;1
202100047178;117 435;7;0;2;1;1;1
202100047178;117 436;7;0;2;3;1;2
202100047178;117 437;7;0;2;1;13;1
202100047179;117 434;34;12;0;0;1;1
202100047180;117 432;10;0;2;7;15;1
202100047180;117 433;33;0;2;1;1;1
202100047181;117 431;7;0;0;9;17;1
202100047182;117 425;33;0;2;1;2;1
202100047182;117 426;7;0;0;4;2;1
202100047182;117 427;7;0;2;3;1;1
202100047183;117 424;7;0;1;1;1;1
202100047184;117 423;35;7;0;1;1;1
202100047185;117 422;33;17;0;1;1;1
202100047186;117 421;7;0;1;1;1;1
202100047187;117 420;10;0;1;1;15;1
202100047188;117 418;7;0;9;9;1;1
202100047188;117 419;10;0;2;2;1;1
202100047189;117 416;7;0;2;4;1;3
202100047189;117 417;33;0;2;1;2;1
202100047190;117 414;10;0;2;3;11;1
202100047190;117 415;33;0;2;1;1;1
202100047191;117 412;7;0;2;3;13;1
202100047191;117 413;7;0;2;7;1;1
202100047192;117 411;7;4;0;3;26;1
202100047193;117 409;7;0;2;2;14;1
202100047193;117 410;10;0;2;3;1;1
202100047194;117 407;7;0;2;1;2;1
202100047194;117 408;7;0;2;4;2;1
202100047195;117 406;7;4;0;3;26;1
202100047196;117 404;7;0;2;4;2;1
202100047196;117 405;33;0;2;1;2;1
202100047197;117 402;17;0;2;8;13;1
202100047197;117 403;7;0;2;7;2;1
202100047198;117 401;7;8;0;1;18;1
202100047199;117 399;7;0;2;3;9;1
202100047199;117 400;2;0;2;1;1;1
202100047200;117 397;7;0;2;3;9;1
202100047200;117 398;1;0;2;1;5;6
202100047201;117 395;7;0;2;0;1;1
202100047201;117 396;7;0;2;0;9;0
202100047202;117 393;7;0;9;1;1;1
202100047202;117 394;7;0;2;3;1;1
202100047203;117 391;7;0;2;3;1;1
202100047203;117 392;7;0;2;2;15;1
202100047204;117 389;7;0;2;8;24;1
202100047204;117 390;80;1;0;2;1;3
202100047205;117 388;7;0;1;2;1;1
202100047206;117 385;7;0;2;4;26;1
202100047206;117 386;7;3;0;4;26;1
202100047206;117 387;7;0;2;1;26;1
202100047207;117 384;7;0;1;1;15;1
202100047208;117 382;14;0;2;2;1;1
202100047208;117 383;7;0;2;3;1;1
202100047209;117 380;7;0;2;4;23;1
202100047209;117 381;7;0;2;1;2;1
202100047210;117 378;7;0;2;3;15;0
202100047210;117 379;30;0;2;7;17;0
202100047211;117 376;7;0;2;2;1;1
202100047211;117 377;7;0;2;3;9;1
202100047212;117 374;30;0;2;1;7;1
202100047212;117 375;7;0;2;7;16;1
202100047213;117 372;30;0;2;1;17;1
202100047213;117 373;7;0;2;1;1;1
202100047214;117 370;33;0;2;1;1;1
202100047214;117 371;33;0;2;4;23;1
202100047215;117 368;7;0;2;7;1;1
202100047215;117 369;2;0;2;1;1;3
202100047216;117 365;7;0;2;1;1;-1
202100047216;117 366;7;0;2;6;0;1
202100047216;117 367;33;0;2;1;26;0
202100047217;117 364;7;0;1;3;16;1
202100047218;117 362;32;0;2;1;2;1
202100047218;117 363;7;0;2;8;10;1
202100047219;117 361;7;8;0;1;1;1
202100047220;117 359;30;0;2;1;1;1
202100047220;117 360;7;0;2;3;15;1
202100047221;117 357;7;0;2;2;15;1
202100047221;117 358;33;0;0;0;0;1
202100047222;117 355;33;0;2;2;1;1
202100047222;117 356;7;0;2;3;9;3
202100047223;117 354;7;12;0;1;1;1
202100047224;117 352;7;0;2;1;19;1
202100047224;117 353;60;0;2;8;19;5
202100047225;117 349;32;0;2;3;2;1
202100047225;117 350;7;0;2;3;1;1
202100047225;117 351;7;0;2;6;1;1
202100047226;117 345;7;0;2;8;1;1
202100047226;117 346;7;0;2;1;1;1
202100047226;117 347;33;0;2;9;17;1
202100047226;117 348;7;0;2;3;17;1
202100047227;117 343;7;0;2;3;0;1
202100047227;117 344;7;0;2;1;19;1
202100047228;117 341;7;0;2;2;26;1
202100047228;117 342;2;0;2;1;1;1
202100047229;117 340;7;3;0;3;21;1
202100047230;117 339;7;1;0;7;1;1
202100047231;117 337;7;0;2;6;0;1
202100047231;117 338;7;0;2;3;2;1
202100047232;117 335;33;0;2;8;0;1
202100047232;117 336;7;0;2;2;15;1
202100047233;117 334;7;0;1;0;1;1
202100047234;117 332;7;0;2;0;19;0
202100047234;117 333;7;0;2;2;1;1
202100047235;117 330;2;0;2;4;26;1
202100047235;117 331;7;0;9;1;26;1
202100047236;117 328;7;0;2;3;9;1
202100047236;117 329;32;0;2;3;1;1
202100047237;117 325;7;0;2;1;23;1
202100047237;117 326;7;0;2;0;23;1
202100047237;117 327;7;14;2;1;1;1
202100047238;117 323;7;0;2;3;1;1
202100047238;117 324;7;0;2;2;11;1
202100047239;117 321;7;0;2;3;15;0
202100047239;117 322;33;0;2;8;1;1
202100047240;117 317;7;0;9;1;1;1
202100047240;117 318;7;0;2;3;1;1
202100047240;117 319;7;0;2;6;1;1
202100047240;117 320;33;0;2;3;21;1
202100047241;117 316;31;8;0;1;6;1
202100047242;117 314;7;0;2;8;0;1
202100047242;117 315;7;0;2;1;0;1
202100047243;117 313;37;2;0;1;14;3
202100047244;117 312;10;0;1;2;1;1
202100047245;117 310;50;0;2;1;1;3
202100047245;117 311;1;0;2;8;19;5
202100047246;117 309;1;0;1;1;1;5
202100047247;117 307;80;0;2;4;19;3
202100047247;117 308;37;0;2;6;1;1
202100047248;117 306;7;11;0;1;1;1
202100047249;117 304;32;0;2;1;7;1
202100047249;117 305;1;0;2;1;5;5
202100047250;117 302;7;0;2;5;10;1
202100047250;117 303;33;0;2;1;1;1
202100047251;117 300;1;0;2;1;1;5
202100047251;117 301;7;0;2;5;1;1
202100047252;117 298;7;0;2;6;23;1
202100047252;117 299;32;0;2;2;1;1
202100047253;117 296;32;0;2;5;17;1
202100047253;117 297;7;0;2;3;15;1
202100047254;117 295;1;0;9;1;1;5
202100047255;117 293;10;15;0;4;2;1
202100047255;117 294;33;0;2;1;26;1
202100047256;117 291;80;1;0;1;1;3
202100047256;117 292;7;0;2;4;24;0
202100047257;117 290;7;0;1;0;0;1
202100047258;117 288;30;0;2;1;2;1
202100047258;117 289;7;0;2;0;0;1
202100047259;117 287;7;0;1;1;2;1
202100047260;117 285;1;0;2;1;26;6
202100047260;117 286;7;0;2;7;16;1
202100047261;117 283;7;0;2;4;0;1
202100047261;117 284;7;14;2;1;26;1
202100047262;117 281;7;1;2;2;1;1
202100047262;117 282;10;0;2;3;26;1
202100047263;117 279;10;0;2;3;1;1
202100047263;117 280;7;0;2;1;1;1
202100047264;117 277;30;0;2;8;1;1
202100047264;117 278;7;0;2;2;9;0
202100047265;117 276;7;0;1;2;19;1
202100047266;117 275;7;0;1;3;1;1
202100047267;117 273;32;0;2;1;17;1
202100047267;117 274;7;0;2;3;15;1
202100047268;117 271;1;0;2;1;2;5
202100047268;117 272;10;0;0;5;1;1
202100047269;117 269;1;0;2;1;1;5
202100047269;117 270;7;0;2;3;15;2
202100047270;117 267;32;0;2;7;25;1
202100047270;117 268;7;0;2;2;9;1
202100047271;117 265;7;9;2;1;1;1
202100047271;117 266;7;0;2;1;1;1
202100047272;117 264;33;0;0;8;1;1
202100047273;117 262;2;0;0;8;15;1
202100047273;117 263;7;15;2;5;17;1
202100047274;117 261;7;8;0;9;14;1
202100047275;117 259;2;0;2;1;1;1
202100047275;117 260;10;0;2;7;15;1
202100047276;117 257;7;0;2;3;15;1
202100047276;117 258;33;0;2;1;1;1
202100047277;117 254;7;0;2;3;9;1
202100047277;117 255;33;0;2;1;17;1
202100047278;117 252;7;0;2;5;2;1
202100047278;117 253;2;0;2;1;2;1
202100047279;117 250;7;0;2;3;1;1
202100047279;117 251;10;0;2;3;1;1
202100047280;117 248;7;0;2;8;1;1
202100047280;117 249;33;0;2;8;1;1
202100047281;117 247;7;0;0;0;1;1
202100047282;117 246;7;0;1;1;0;1
202100047283;117 245;7;1;0;1;13;1
202100047284;117 243;2;0;0;6;20;1
202100047284;117 244;2;0;2;1;1;1
202100047285;117 242;1;0;0;9;1;2
202100047286;117 240;2;0;2;1;2;1
202100047286;117 241;7;0;0;4;2;1
202100047287;117 238;7;0;2;3;13;1
202100047287;117 239;7;0;2;2;21;1
202100047288;117 236;7;0;2;1;0;1
202100047288;117 237;7;0;2;1;0;1
202100047289;117 234;7;0;2;2;1;1
202100047289;117 235;33;0;2;1;13;1
202100047290;117 232;7;0;9;3;1;1
202100047290;117 233;1;0;2;8;16;5
202100047291;117 231;7;13;0;2;1;1
202100047292;117 230;7;13;0;3;1;1
202100047293;117 229;2;0;0;0;1;1
202100047294;117 227;7;0;2;8;1;1
202100047294;117 228;7;0;2;1;1;1
202100047295;117 226;7;5;0;2;15;1
202100047296;117 225;7;2;0;2;1;1
202100047297;117 223;2;6;2;7;1;1
202100047297;117 224;7;0;2;2;15;1
202100047298;117 221;17;8;2;2;21;1
202100047298;117 222;7;6;0;8;15;1
202100047299;117 220;7;0;0;9;1;1
202100047300;117 219;7;0;1;3;21;1
202100047301;117 217;32;0;2;8;10;1
202100047301;117 218;31;0;2;1;21;1
202100047302;117 216;31;12;0;1;15;1
202100047303;117 214;33;0;2;1;1;1
202100047303;117 215;7;0;2;4;1;1
202100047304;117 212;33;0;2;1;1;1
202100047304;117 213;7;0;2;5;15;1
202100047305;117 211;7;9;0;1;0;1
202100047306;117 210;7;0;1;1;1;1
202100047307;117 206;7;0;2;2;1;1
202100047307;117 207;31;0;2;1;1;1
202100047307;117 208;2;0;2;1;1;1
202100047307;117 209;7;0;0;6;24;1
202100047308;117 205;7;8;0;0;1;1
202100047309;117 203;7;0;0;8;15;1
202100047309;117 204;33;13;2;9;17;1
202100047310;117 202;7;9;0;1;1;1
202100047311;117 200;33;0;2;6;1;1
202100047311;117 201;7;0;2;7;12;1
202100047312;117 198;7;0;2;1;1;1
202100047312;117 199;7;0;2;4;1;1
202100047313;117 197;7;0;9;9;1;1
202100047314;117 194;7;0;2;4;1;1
202100047314;117 195;7;0;2;4;2;1
202100047314;117 196;14;0;2;3;2;1
202100047315;117 192;14;0;2;4;1;1
202100047315;117 193;7;0;2;1;13;1
202100047316;117 190;10;0;2;2;14;1
202100047316;117 191;7;0;2;6;1;1
202100047317;117 188;7;3;2;4;26;1
202100047317;117 189;7;0;2;1;1;1
202100047318;117 186;7;0;2;0;0;0
202100047318;117 187;33;0;2;7;26;1
202100047319;117 184;7;0;2;4;0;1
202100047319;117 185;7;0;2;1;0;1
202100047320;117 183;31;0;0;9;26;1
202100047321;117 181;2;0;2;8;1;1
202100047321;117 182;7;0;2;3;1;1
202100047322;117 179;7;2;0;0;14;1
202100047322;117 180;30;14;0;0;13;1
202100047323;117 178;7;0;1;1;19;1
202100047324;117 176;7;8;2;4;4;1
202100047324;117 177;10;0;2;1;1;1
202100047325;117 174;14;0;2;2;1;1
202100047325;117 175;7;0;2;3;1;1
202100047326;117 173;37;0;1;3;1;1
202100047327;117 172;32;8;0;1;2;1
202100047328;117 171;30;1;0;7;16;3
202100047329;117 166;7;0;2;1;1;1
202100047329;117 167;7;0;2;2;1;1
202100047330;117 164;7;0;2;1;19;1
202100047330;117 165;7;0;2;8;15;1
202100047331;117 162;7;0;2;4;23;1
202100047331;117 163;7;0;2;1;2;1
202100047332;117 161;7;0;1;1;1;1
202100047333;117 159;32;0;2;1;2;1
202100047333;117 160;7;0;2;4;2;1
202100047334;117 156;7;0;2;4;1;1
202100047334;117 157;17;0;2;4;1;1
202100047334;117 158;10;0;2;1;2;1
202100047335;117 155;7;0;1;1;15;1
202100047336;117 153;30;0;2;1;2;1
202100047336;117 154;7;0;2;4;0;1
202100047337;117 151;33;0;2;1;2;1
202100047337;117 152;7;0;2;4;2;1
202100047338;117 149;7;0;2;1;9;1
202100047338;117 150;2;0;2;8;0;1
202100047339;117 148;7;0;1;1;26;1
202100047340;117 147;7;1;1;1;20;1
202100047341;117 146;1;12;0;1;16;5
202100047342;117 144;7;0;2;7;1;1
202100047342;117 145;7;0;2;8;1;1
202100047343;117 142;7;0;9;1;1;1
202100047343;117 143;1;0;2;8;19;5
202100047344;117 141;7;0;2;7;1;1
202100047345;117 140;1;0;1;1;25;5
202100047346;117 138;7;0;0;0;14;0
202100047346;117 139;2;12;0;1;1;1
202100047347;117 137;7;0;1;4;26;1
202100047348;117 135;7;0;2;1;1;1
202100047348;117 136;1;0;2;4;2;5
202100047349;117 134;7;14;0;0;1;-1
202100047350;117 133;7;0;1;1;1;1
202100047351;117 131;10;0;2;4;23;0
202100047351;117 132;10;0;2;1;1;0
202100047352;117 130;7;6;0;1;22;1
202100047353;117 129;33;0;0;0;21;1
202100047354;117 127;14;0;2;1;26;1
202100047354;117 128;7;0;2;4;26;1
202100047355;117 125;7;0;2;3;9;1
202100047355;117 126;30;0;2;7;9;1
202100047356;117 123;7;0;2;2;9;1
202100047356;117 124;2;0;2;8;17;1
202100047357;117 121;7;0;2;7;1;1
202100047357;117 122;2;0;2;8;9;1
202100047358;117 120;10;14;1;5;16;1
202100047359;117 119;7;0;1;2;17;1
202100047360;117 117;7;0;2;2;16;1
202100047360;117 118;2;0;2;3;1;1
202100047361;117 116;7;0;1;2;1;3
202100047362;117 114;15;0;2;2;16;1
202100047362;117 115;80;0;2;3;1;3
202100047363;117 112;1;0;2;1;1;5
202100047363;117 113;7;0;9;5;16;1
202100047364;117 110;1;0;0;0;0;5
202100047364;117 111;7;0;2;5;2;1
202100047365;117 108;1;0;2;4;16;5
202100047365;117 109;7;0;2;2;16;1
202100047366;117 107;2;0;0;0;16;1
202100047367;117 106;7;1;0;1;1;1
202100047368;117 104;7;0;2;1;1;2
202100047368;117 105;33;0;2;7;15;1
202100047369;117 102;7;0;2;1;13;1
202100047369;117 103;7;0;2;1;1;1
202100047370;117 100;7;0;2;6;26;0
202100047370;117 101;7;8;2;3;2;0
202100047371;117 099;0;0;1;1;26;0
202100047372;117 097;7;0;2;7;15;1
202100047372;117 098;32;0;2;1;1;1
202100047373;117 095;33;1;2;6;1;1
202100047373;117 096;7;0;2;1;19;1
202100047374;117 093;34;0;2;0;0;1
202100047374;117 094;7;0;2;3;20;1
202100047375;117 091;10;0;2;1;1;1
202100047375;117 092;7;0;2;8;19;1
202100047376;117 089;32;0;2;2;2;1
202100047376;117 090;7;0;2;3;9;1
202100047377;117 087;32;0;2;2;17;3
202100047377;117 088;7;0;2;3;10;1
202100047378;117 085;50;1;0;1;26;3
202100047378;117 086;38;0;2;7;24;1
202100047379;117 082;7;0;2;1;2;1
202100047379;117 083;7;0;2;4;2;1
202100047379;117 084;7;0;2;6;2;1
202100047380;117 080;7;0;2;1;16;1
202100047380;117 081;7;0;2;5;1;1
202100047381;117 078;7;0;2;1;0;2
202100047381;117 079;7;0;2;5;0;1
202100047382;117 076;7;0;2;4;23;1
202100047382;117 077;30;0;2;1;2;1
202100047383;117 073;10;0;2;6;23;1
202100047383;117 074;7;0;2;7;1;1
202100047383;117 075;33;0;2;3;3;1
202100047384;117 071;7;0;2;1;1;1
202100047384;117 072;17;0;2;5;1;1
202100047385;117 069;7;0;2;3;1;1
202100047385;117 070;10;0;2;2;1;1
202100047386;117 067;80;0;2;7;1;3
202100047386;117 068;10;0;2;8;22;1
202100047387;117 065;7;1;2;2;9;1
202100047387;117 066;43;0;2;3;3;1
202100047388;117 064;7;0;1;3;1;1
202100047389;117 063;10;0;1;3;15;1
202100047390;117 061;7;0;2;5;15;2
202100047390;117 062;33;0;2;3;1;1
202100047391;117 059;7;0;2;5;2;1
202100047391;117 060;34;0;2;3;2;1
202100047392;117 058;1;0;1;1;1;0
202100047393;117 056;50;0;2;7;1;3
202100047393;117 057;10;0;2;1;1;1
202100047394;117 054;10;0;2;8;2;1
202100047394;117 055;33;0;2;7;3;1
202100047395;117 052;43;0;2;7;5;1
202100047395;117 053;7;0;2;3;10;1
202100047396;117 051;1;0;0;0;21;5
202100047397;117 049;7;0;2;3;10;1
202100047397;117 050;30;0;2;1;1;1
202100047398;117 047;32;0;2;1;1;1
202100047398;117 048;7;0;2;3;15;1
202100047399;117 045;34;0;2;5;1;1
202100047399;117 046;7;0;0;1;0;1
202100047400;117 043;7;0;2;7;1;1
202100047400;117 044;1;0;2;8;1;5
202100047401;117 041;33;0;2;4;2;1
202100047401;117 042;7;0;2;1;2;1
202100047402;117 039;30;0;2;4;0;1
202100047402;117 040;7;0;2;1;0;1
202100047403;117 037;7;0;2;3;15;1
202100047403;117 038;33;0;2;1;11;1
202100047404;117 036;7;0;1;6;20;1
202100047405;117 034;7;1;2;0;13;1
202100047405;117 035;7;0;2;1;23;1
202100047406;117 032;34;0;2;1;1;1
202100047406;117 033;7;0;2;5;9;1