Num_Acc;id_vehicule;catv;obs;obsm;choc;manv;motor
202100047407;117 030;33;0;2;1;2;1
202100047407;117 031;10;0;2;1;11;0
202100047408;117 028;32;0;2;1;2;1
202100047408;117 029;7;0;2;6;26;2
202100047409;117 027;32;12;0;7;1;1
202100047410;117 025;30;0;2;1;17;1
202100047410;117 026;10;0;2;8;15;1
202100047411;117 024;10;0;1;4;20;1
202100047412;117 022;32;0;2;2;21;1
202100047412;117 023;7;0;2;4;4;1
202100047413;117 021;7;0;1;1;20;1
202100047414;117 020;1;0;1;1;25;5
202100047415;117 017;31;0;2;1;1;1
202100047415;117 018;7;0;2;0;1;1
202100047415;117 019;7;0;2;0;1;1
202100047416;117 015;31;0;2;8;19;1
202100047416;117 016;31;0;2;1;1;1
202100047417;117 014;33;2;0;1;6;1
202100047418;117 012;33;8;2;1;17;1
202100047418;117 013;7;0;2;3;15;1
202100047419;117 010;7;0;2;1;2;1
202100047419;117 011;17;0;0;4;2;1
202100047420;117 008;7;0;2;1;1;1
202100047420;117 009;7;0;0;8;9;1
202100047421;117 006;31;0;2;8;1;1
202100047421;117 007;33;0;2;1;19;1
202100047422;117 004;7;0;2;3;1;1
202100047422;117 005;2;0;2;1;15;1
202100047423;117 003;7;0;0;9;1;1
202100047424;117 002;2;2;0;1;1;1
202100047425;117 000;7;0;2;3;13;1
202100047425;117 001;7;0;2;8;1;1
202100047426;116 995;21;0;2;3;1;1
202100047426;116 996;7;0;9;9;17;1
202100047427;116 994;7;2;0;1;14;1
202100047428;116 992;1;0;0;0;0;5
202100047428;116 993;7;0;9;1;1;0
202100047429;116 990;7;0;2;1;1;1
202100047429;116 991;7;0;2;8;15;1
202100047430;116 988;99;6;2;4;17;1
202100047430;116 989;99;0;2;0;2;1
202100047431;116 987;7;0;0;9;1;1
202100047432;116 982;7;0;9;1;23;1
202100047432;116 983;33;0;2;1;1;1
202100047433;116 981;7;0;0;9;5;1
202100047434;116 978;7;0;2;1;16;1
202100047434;116 979;1;0;2;6;9;5
202100047435;116 977;7;3;0;3;6;1
202100047436;116 976;7;13;0;1;1;1
202100047437;116 974;7;0;9;8;26;1
202100047437;116 975;50;0;2;1;1;3
202100047438;116 973;7;14;0;5;1;1
202100047439;116 970;7;0;2;4;2;1
202100047439;116 971;7;0;0;4;2;1
202100047439;116 972;7;0;2;1;2;1
202100047440;116 968;10;0;2;1;1;1
202100047440;116 969;7;0;2;1;5;1
202100047441;116 966;7;0;2;2;2;1
202100047441;116 967;7;0;0;4;2;1
202100047442;116 965;7;13;0;3;14;1
202100047443;116 963;36;15;0;3;17;1
202100047443;116 964;2;0;0;8;13;1
202100047444;116 961;7;0;2;2;2;1
202100047444;116 962;7;0;1;3;11;1
202100047445;116 959;7;0;2;2;1;1
202100047445;116 960;50;0;2;8;15;3
202100047446;116 957;7;0;2;1;1;1
202100047446;116 958;7;0;2;7;13;1
202100047447;116 956;7;9;0;1;0;1
202100047448;116 954;31;0;2;3;2;1
202100047448;116 955;7;0;0;5;15;0
202100047449;116 952;7;0;2;4;2;1
202100047449;116 953;2;0;2;1;2;1
202100047450;116 950;7;0;2;2;13;1
202100047450;116 951;7;0;2;3;1;1
202100047451;116 948;10;0;2;8;1;1
202100047451;116 949;14;0;2;1;1;1
202100047452;116 945;2;0;0;8;1;1
202100047453;116 943;7;0;2;1;19;1
202100047453;116 944;33;0;2;8;1;1
202100047454;116 942;7;6;0;1;1;1
202100047455;116 941;33;13;0;0;0;1
202100047456;116 939;7;0;2;4;0;1
202100047456;116 940;7;0;2;1;26;1
202100047457;116 937;15;0;2;2;12;1
202100047457;116 938;7;0;2;6;1;1
202100047458;116 935;7;0;2;2;3;1
202100047458;116 936;7;0;2;6;1;1
202100047459;116 932;7;0;2;4;1;1
202100047459;116 933;7;0;2;4;2;1
202100047459;116 934;7;0;2;1;2;1
202100047460;116 931;33;16;0;8;0;1
202100047461;116 929;43;0;2;1;2;1
202100047461;116 930;7;0;2;4;2;1
202100047462;116 927;7;0;2;4;11;1
202100047462;116 928;33;0;2;1;3;1
202100047463;116 925;7;0;2;4;2;1
202100047463;116 926;7;0;2;1;1;1
202100047464;116 924;7;3;0;3;1;1
202100047465;116 922;43;0;2;1;2;1
202100047465;116 923;7;0;2;6;1;2
202100047466;116 919;43;0;2;1;3;1
202100047466;116 920;10;0;2;7;23;1
202100047466;116 921;7;0;2;7;12;1
202100047467;116 917;2;0;2;1;1;1
202100047467;116 918;7;0;2;4;1;1
202100047468;116 915;2;0;2;1;1;1
202100047468;116 916;7;0;9;2;17;1
202100047469;116 913;7;0;2;1;13;1
202100047469;116 914;7;0;2;1;1;1
202100047470;116 911;7;0;9;8;16;1
202100047470;116 912;2;0;2;8;18;1
202100047471;116 909;7;0;2;2;15;1
202100047471;116 910;50;0;2;1;1;3
202100047472;116 908;7;0;1;4;4;1
202100047473;116 906;7;0;2;7;16;1
202100047473;116 907;2;0;2;1;18;1
202100047474;116 905;33;12;0;8;15;1
202100047475;116 903;30;0;2;1;17;1
202100047475;116 904;7;0;2;8;15;1
202100047476;116 902;7;0;1;3;1;1
202100047477;116 900;7;0;2;3;17;1
202100047477;116 901;7;0;2;3;1;1
202100047478;116 897;7;0;2;2;1;1
202100047478;116 898;7;0;2;1;13;1
202100047478;116 899;7;0;2;3;0;1
202100047479;116 895;10;0;4;2;16;1
202100047479;116 896;39;0;2;3;19;3
202100047480;116 893;7;0;2;2;10;1
202100047480;116 894;33;0;2;1;1;1
202100047481;116 892;10;0;1;7;1;1
202100047482;116 890;7;0;2;1;0;1
202100047482;116 891;7;0;2;2;1;1
202100047483;116 889;7;0;1;4;20;1
202100047484;116 887;1;0;2;1;19;5
202100047484;116 888;7;0;2;2;16;1
202100047485;116 885;7;0;2;1;1;1
202100047485;116 886;7;0;2;4;2;1
202100047486;116 883;7;0;2;3;1;1
202100047486;116 884;7;0;2;1;13;1
202100047487;116 881;7;0;2;1;5;1
202100047487;116 882;7;0;2;5;1;1
202100047488;116 879;7;0;2;4;23;2
202100047488;116 880;2;0;2;1;1;1
202100047489;116 877;34;0;2;1;1;1
202100047489;116 878;7;0;2;5;19;1
202100047490;116 876;30;0;0;3;17;1
202100047491;116 874;7;0;2;2;15;1
202100047491;116 875;7;0;2;1;1;1
202100047492;116 872;32;0;2;6;15;1
202100047492;116 873;7;0;2;1;2;1
202100047493;116 870;7;0;2;2;15;1
202100047493;116 871;1;0;2;2;1;5
202100047494;116 868;10;0;2;1;26;1
202100047494;116 869;2;0;2;1;26;1
202100047495;116 864;7;0;2;3;1;1
202100047495;116 865;7;0;2;6;1;1
202100047495;116 866;7;0;2;8;1;1
202100047495;116 867;7;0;2;1;17;1
202100047496;116 863;33;16;0;8;15;1
202100047497;116 860;7;0;2;1;1;1
202100047497;116 861;7;0;2;1;1;1
202100047497;116 862;7;0;2;9;1;1
202100047498;116 859;7;0;0;0;14;1
202100047499;116 857;7;0;2;2;19;1
202100047499;116 858;1;1;2;1;1;0
202100047500;116 856;7;0;1;1;1;1
202100047501;116 854;33;0;2;1;1;1
202100047501;116 855;7;0;2;1;15;1
202100047502;116 852;7;0;2;5;15;1
202100047502;116 853;43;0;2;1;18;1
202100047503;116 850;7;0;2;2;1;1
202100047503;116 851;99;0;2;4;26;1
202100047504;116 848;34;0;2;1;17;1
202100047504;116 849;10;0;2;4;15;1
202100047505;116 847;7;0;1;2;20;1
202100047506;116 845;10;0;2;4;26;1
202100047506;116 846;21;0;2;7;0;0
202100047507;116 843;30;0;2;7;15;1
202100047507;116 844;7;0;2;2;1;0
202100047508;116 841;7;0;2;7;19;1
202100047508;116 842;7;0;2;3;1;1
202100047509;116 839;7;0;2;7;14;1
202100047509;116 840;30;0;2;8;1;1
202100047510;116 837;7;0;2;1;1;1
202100047510;116 838;7;0;2;4;23;0
202100047511;116 836;10;0;1;3;1;1
202100047512;116 834;1;0;2;8;19;5
202100047512;116 835;34;0;2;1;1;1
202100047513;116 832;7;0;2;4;1;1
202100047513;116 833;1;0;2;1;2;5
202100047514;116 831;10;0;1;2;26;1
202100047515;116 830;7;0;1;5;1;1
202100047516;116 828;7;0;2;8;9;1
202100047516;116 829;32;0;2;8;1;1
202100047517;116 827;10;0;1;2;1;1
202100047518;116 825;7;0;2;4;2;1
202100047518;116 826;7;8;2;1;2;1
202100047519;116 824;33;0;0;8;3;1
202100047520;116 823;7;0;1;2;1;1
202100047521;116 821;2;0;2;0;17;3
202100047521;116 822;7;0;2;3;15;1
202100047522;116 820;7;0;1;5;1;1
202100047523;116 818;7;0;2;5;12;1
202100047523;116 819;33;0;2;1;1;1
202100047524;116 817;7;0;1;3;15;1
202100047525;116 815;1;0;2;1;1;5
202100047525;116 816;7;0;2;3;22;1
202100047526;116 813;2;0;2;1;1;1
202100047526;116 814;7;0;2;3;22;2
202100047527;116 811;10;0;2;3;10;1
202100047527;116 812;33;0;2;2;1;1
202100047528;116 809;7;0;2;1;15;1
202100047528;116 810;33;0;2;8;1;1
202100047529;116 807;10;0;2;2;1;1
202100047529;116 808;7;0;2;3;11;1
202100047530;116 805;7;0;2;7;16;2
202100047530;116 806;1;0;2;1;1;5
202100047531;116 803;33;0;2;1;15;1
202100047531;116 804;1;0;2;3;1;5
202100047532;116 801;34;0;2;1;1;1
202100047532;116 802;7;0;2;2;16;1
202100047533;116 799;10;0;2;2;16;1
202100047533;116 800;30;0;2;8;18;1
202100047534;116 798;10;0;1;1;1;3
202100047535;116 797;33;0;1;1;1;1
202100047536;116 795;50;0;2;1;2;3
202100047536;116 796;1;0;2;1;5;5
202100047537;116 793;32;0;2;4;17;1
202100047537;116 794;10;0;2;3;15;1
202100047538;116 792;10;0;1;2;10;0
202100047539;116 791;14;0;1;7;16;1
202100047540;116 789;7;7;2;1;1;2
202100047540;116 790;7;0;2;2;15;1
202100047541;116 787;2;0;0;2;1;1
202100047541;116 788;3;0;2;0;15;0
202100047542;116 785;7;0;2;1;15;0
202100047542;116 786;30;0;2;3;1;1
202100047543;116 783;7;0;2;3;15;2
202100047543;116 784;7;1;2;5;1;0
202100047544;116 782;34;0;1;2;21;1
202100047545;116 781;1;0;0;0;1;5
202100047546;116 779;1;0;2;3;19;0
202100047546;116 780;60;0;2;1;1;5
202100047547;116 777;7;0;2;7;13;1
202100047547;116 778;17;0;2;1;1;1
202100047548;116 776;7;13;0;1;2;1
202100047549;116 775;7;2;0;9;21;1
202100047550;116 774;7;2;0;3;1;1
202100047551;116 773;7;2;0;1;1;1
202100047552;116 768;7;0;2;1;17;1
202100047552;116 769;7;0;2;3;1;1
202100047552;116 770;7;0;2;1;1;1
202100047553;116 767;33;6;0;0;1;1
202100047554;116 765;7;0;2;1;5;1
202100047554;116 766;33;0;2;3;1;1
202100047555;116 764;7;16;0;2;1;1
202100047556;116 762;7;13;0;3;13;1
202100047557;116 761;7;0;1;3;1;1
202100047558;116 758;7;0;0;4;23;1
202100047558;116 759;7;0;2;4;23;1
202100047558;116 760;7;0;2;1;1;1
202100047559;116 757;7;13;0;1;1;1
202100047560;116 754;7;0;2;1;2;1
202100047560;116 755;7;15;2;4;1;1
202100047560;116 756;7;0;2;1;1;1
202100047561;116 752;2;0;2;1;1;1
202100047561;116 753;7;0;2;3;1;1
202100047562;116 750;7;0;2;8;19;1
202100047562;116 751;33;0;2;1;1;1
202100047563;116 748;7;0;2;1;1;1
202100047563;116 749;14;0;2;1;1;1
202100047564;116 747;7;7;0;3;26;1
202100047565;116 746;7;0;5;1;1;1
202100047566;116 744;7;0;2;1;17;1
202100047566;116 745;7;0;2;1;1;1
202100047567;116 742;7;0;2;1;1;1
202100047567;116 743;2;0;1;1;17;1
202100047568;116 741;15;6;0;2;1;1
202100047569;116 739;7;0;2;6;11;1
202100047569;116 740;7;0;2;2;1;1
202100047570;116 737;10;0;2;2;24;1
202100047570;116 738;10;1;1;3;13;1
202100047571;116 734;7;0;0;4;1;1
202100047571;116 735;7;0;0;1;1;1
202100047571;116 736;7;0;0;4;1;1
202100047572;116 732;33;0;2;1;17;1
202100047572;116 733;7;0;2;3;13;1
202100047573;116 728;10;0;0;3;15;1
202100047573;116 729;2;0;0;1;0;1
202100047574;116 726;2;0;2;7;0;1
202100047574;116 727;7;0;2;0;0;1
202100047575;116 724;7;6;0;1;1;1
202100047576;116 722;7;0;2;3;1;1
202100047576;116 723;33;0;2;1;13;1
202100047577;116 720;13;0;2;1;1;1
202100047577;116 721;14;0;2;1;1;1
202100047578;116 718;7;0;2;3;1;1
202100047578;116 719;7;0;2;3;13;1
202100047579;116 717;7;13;0;2;1;1
202100047580;116 716;10;0;1;4;4;1
202100047581;116 713;7;0;2;3;17;1
202100047581;116 714;37;0;2;8;1;1
202100047581;116 715;7;0;2;3;1;1
202100047582;116 711;7;0;2;4;1;1
202100047582;116 712;7;0;2;1;11;1
202100047583;116 709;7;0;2;4;1;1
202100047583;116 710;7;0;2;1;2;1
202100047584;116 707;7;0;2;7;17;1
202100047584;116 708;37;0;2;8;1;1
202100047585;116 705;7;0;2;4;1;1
202100047585;116 706;7;0;2;3;12;1
202100047586;116 702;7;0;2;4;23;1
202100047586;116 703;7;0;2;4;23;1
202100047586;116 704;7;0;2;1;2;1
202100047587;116 700;7;0;2;2;1;3
202100047587;116 701;7;0;2;1;1;1
202100047588;116 697;33;0;2;9;3;1
202100047588;116 698;7;0;2;7;12;1
202100047588;116 699;10;0;2;6;1;1
202100047589;116 693;7;0;2;4;2;1
202100047589;116 694;7;0;2;4;2;1
202100047589;116 695;7;0;2;4;2;1
202100047589;116 696;10;0;2;1;2;1
202100047590;116 690;15;0;0;0;0;1
202100047590;116 691;7;0;2;0;1;1
202100047590;116 692;7;0;2;7;1;1
202100047591;116 689;7;0;0;1;2;1
202100047592;116 688;7;4;0;1;2;1
202100047593;116 686;7;0;2;1;2;1
202100047593;116 687;7;0;2;4;23;1
202100047594;116 682;7;0;2;1;12;1
202100047594;116 683;7;0;2;9;12;1
202100047594;116 684;15;0;2;4;1;1
202100047594;116 685;7;0;2;9;1;2
202100047595;116 680;7;0;2;1;1;1
202100047595;116 681;7;0;2;4;1;1
202100047596;116 676;7;0;2;6;15;1
202100047596;116 677;7;0;2;3;1;1
202100047597;116 674;7;0;2;2;1;1
202100047597;116 675;30;0;2;1;13;1
202100047598;116 672;50;0;2;8;1;3
202100047598;116 673;7;0;2;1;15;1
202100047599;116 671;7;0;1;3;1;1
202100047600;116 669;7;0;2;1;1;1
202100047600;116 670;7;0;2;7;10;1
202100047601;116 667;7;8;2;1;1;1
202100047601;116 668;7;0;2;6;1;1
202100047602;116 665;30;1;0;1;2;1
202100047602;116 666;7;1;0;4;20;1
202100047603;116 663;7;0;2;3;10;1
202100047603;116 664;2;0;2;2;17;1
202100047604;116 662;7;12;9;1;14;1
202100047605;116 660;7;0;2;1;17;1
202100047605;116 661;7;0;2;1;26;1
202100047606;116 658;7;0;2;3;1;1
202100047606;116 659;10;0;2;8;15;1
202100047607;116 656;7;0;2;1;1;1
202100047607;116 657;7;0;2;8;1;1
202100047608;116 654;7;0;2;7;15;1
202100047608;116 655;30;0;2;2;1;1
202100047609;116 653;80;0;0;0;0;3
202100047610;116 652;1;0;0;8;1;5
202100047611;116 650;7;0;2;1;1;1
202100047611;116 651;7;0;2;1;15;1
202100047612;116 649;7;0;1;1;16;1
202100047613;116 647;7;0;2;1;1;1
202100047613;116 648;7;0;2;1;15;1
202100047614;116 645;31;0;2;3;17;1
202100047614;116 646;7;0;2;8;15;1
202100047615;116 642;10;0;2;8;19;1
202100047615;116 643;7;0;2;1;13;1
202100047616;116 641;7;0;1;2;1;1
202100047617;116 639;7;0;2;7;1;1
202100047617;116 640;7;0;2;1;9;1
202100047618;116 637;7;0;2;1;1;1
202100047618;116 638;7;0;2;7;15;1
202100047619;116 636;30;0;1;1;17;1
202100047620;116 635;7;0;1;2;15;1
202100047621;116 633;7;0;2;8;15;1
202100047621;116 634;2;0;2;1;17;1
202100047622;116 631;33;0;2;7;15;1
202100047622;116 632;99;0;2;1;15;0
202100047623;116 629;50;0;2;8;1;3
202100047623;116 630;7;0;2;1;16;1
202100047624;116 627;7;0;2;1;1;1
202100047624;116 628;7;0;2;2;15;1
202100047625;116 626;7;0;1;2;1;1
202100047626;116 624;30;0;2;-1;-1;-1
202100047626;116 625;7;0;2;3;1;1
202100047627;116 623;7;0;1;8;1;1
202100047628;116 619;7;0;2;3;0;1
202100047628;116 620;7;0;2;2;12;0
202100047628;116 621;32;0;2;3;9;1
202100047628;116 622;7;0;2;4;0;1
202100047629;116 617;10;0;2;3;9;1
202100047629;116 618;1;0;2;1;1;5
202100047630;116 615;7;0;2;3;1;1
202100047630;116 616;1;0;2;1;1;5
202100047631;116 614;7;0;1;3;14;1
202100047632;116 612;7;0;2;3;1;1
202100047632;116 613;7;0;2;1;13;1
202100047633;116 611;7;0;1;1;1;1
202100047634;116 609;7;13;0;0;1;1
202100047635;116 607;7;0;2;1;1;1
202100047635;116 608;7;0;2;4;1;1
202100047636;116 606;0;0;0;0;26;0
202100047637;116 604;30;0;2;1;17;1
202100047637;116 605;7;0;2;8;15;1
202100047638;116 602;7;0;2;5;16;1
202100047638;116 603;3;0;2;3;1;1
202100047639;116 600;7;0;2;6;13;1
202100047639;116 601;7;0;2;3;26;1
202100047640;116 598;33;0;2;8;11;1
202100047640;116 599;7;0;2;7;1;1
202100047641;116 597;32;0;1;1;1;1
202100047642;116 596;1;0;0;0;0;5
202100047643;116 593;7;0;0;6;1;1
202100047643;116 594;7;0;2;9;1;1
202100047643;116 595;7;0;2;1;1;1
202100047644;116 591;7;0;2;2;10;1
202100047644;116 592;34;0;2;1;1;1
202100047645;116 589;7;0;2;2;15;1
202100047645;116 590;33;0;2;1;1;1
202100047646;116 587;43;0;2;1;3;1
202100047646;116 588;7;0;2;5;12;3
202100047647;116 585;7;0;2;4;1;1
202100047647;116 586;7;0;2;1;1;1
202100047648;116 583;17;0;2;6;13;1
202100047648;116 584;33;0;2;7;3;1
202100047649;116 581;10;0;2;5;15;1
202100047649;116 582;33;0;2;8;1;1
202100047650;116 580;7;0;1;1;15;1
202100047651;116 578;7;0;2;8;10;1
202100047651;116 579;33;0;2;2;17;1
202100047652;116 577;1;0;0;3;15;5
202100047653;116 575;1;0;2;5;1;5
202100047653;116 576;7;0;2;7;14;1
202100047654;116 573;33;0;2;0;23;1
202100047654;116 574;7;0;2;2;1;1
202100047655;116 571;7;1;2;2;1;1
202100047655;116 572;7;1;2;3;1;2
202100047656;116 569;7;0;2;5;1;1
202100047656;116 570;1;0;2;5;2;0
202100047657;116 567;10;0;2;1;15;1
202100047657;116 568;31;0;2;8;1;1
202100047658;116 564;7;0;2;0;0;1
202100047658;116 565;7;0;2;1;15;1
202100047658;116 566;7;0;2;1;2;1
202100047659;116 562;7;1;2;1;20;1
202100047659;116 563;34;1;2;1;1;1
202100047660;116 560;7;0;2;1;10;1
202100047660;116 561;1;0;2;1;13;5
202100047661;116 558;7;0;2;3;1;1
202100047661;116 559;7;0;2;3;15;1
202100047662;116 556;30;0;2;7;26;1
202100047662;116 557;13;0;2;1;16;1
202100047663;116 554;7;0;2;6;9;1
202100047663;116 555;34;0;2;8;1;1
202100047664;116 552;32;0;2;0;9;0
202100047664;116 553;31;0;2;0;9;1
202100047665;116 550;30;0;2;0;0;1
202100047665;116 551;10;0;2;3;10;1
202100047666;116 549;7;0;1;1;16;1
202100047667;116 547;33;0;2;2;1;1
202100047667;116 548;1;0;2;3;11;6
202100047668;116 546;7;0;1;1;9;1
202100047669;116 545;10;0;1;4;4;1
202100047670;116 544;33;0;0;0;1;1
202100047671;116 542;10;0;9;8;1;1
202100047671;116 543;15;0;1;0;1;1
202100047672;116 539;17;3;0;2;1;1
202100047673;116 537;7;0;2;3;15;1
202100047673;116 538;2;0;2;1;3;1
202100047674;116 536;7;13;0;0;13;1
202100047675;116 534;7;6;2;2;17;1
202100047675;116 535;32;0;2;1;1;1
202100047676;116 533;7;0;0;6;4;1
202100047677;116 531;33;0;0;1;23;1
202100047677;116 532;7;0;2;3;17;1
202100047678;116 530;7;17;0;1;1;2
202100047679;116 529;10;13;0;2;1;1
202100047680;116 527;2;0;0;1;1;1
202100047680;116 528;7;0;0;5;23;1
202100047681;116 525;10;0;2;3;1;1
202100047681;116 526;7;0;2;3;13;1
202100047682;116 524;7;2;0;2;21;1
202100047683;116 523;7;0;1;1;15;1
202100047684;116 520;7;0;2;3;2;1
202100047684;116 521;7;0;2;6;2;6
202100047684;116 522;7;0;2;1;13;1
202100047685;116 519;7;13;0;1;1;1
202100047686;116 517;7;0;2;3;1;1
202100047686;116 518;50;0;2;2;19;3
202100047687;116 515;10;0;2;6;4;1
202100047687;116 516;7;0;0;2;23;1
202100047688;116 514;7;16;0;1;26;1
202100047689;116 513;7;6;0;2;0;0
202100047690;116 511;1;0;2;0;26;5
202100047690;116 512;1;0;2;0;1;5
202100047691;116 510;32;14;0;1;14;1
202100047692;116 507;7;3;2;6;9;1
202100047692;116 508;14;0;2;2;1;1
202100047692;116 509;34;0;2;7;17;1
202100047693;116 506;7;0;0;1;13;1
202100047694;116 502;15;0;2;4;23;1
202100047694;116 503;10;0;2;1;1;1
202100047694;116 504;10;1;2;1;1;1
202100047694;116 505;7;0;2;1;1;1
202100047695;116 499;7;0;2;4;1;1
202100047695;116 500;10;0;2;4;1;1
202100047695;116 501;10;0;2;1;1;1
202100047696;116 496;7;0;2;4;1;1
202100047696;116 497;7;0;2;1;1;1
202100047696;116 498;7;0;2;4;1;1
202100047697;116 493;7;0;2;3;1;0
202100047697;116 494;7;0;2;4;1;0
202100047697;116 495;33;0;2;1;1;0
202100047698;116 491;7;0;2;4;0;1
202100047698;116 492;10;0;2;1;2;1
202100047699;116 487;17;0;2;1;11;1
202100047699;116 488;7;0;2;0;2;1
202100047699;116 489;7;0;2;1;2;1
202100047699;116 490;10;0;2;1;2;1
202100047700;116 485;7;0;2;7;2;1
202100047700;116 486;7;0;2;7;1;1
202100047701;116 483;7;0;2;5;2;2
202100047701;116 484;10;0;2;3;1;1
202100047702;116 480;7;0;2;4;2;1
202100047702;116 481;33;0;2;1;3;1
202100047702;116 482;10;0;2;2;12;1
202100047703;116 478;7;0;2;2;2;1
202100047703;116 479;32;0;2;8;0;1
202100047704;116 476;1;0;2;4;13;5
202100047704;116 477;10;0;2;1;2;1
202100047705;116 475;7;0;1;1;1;1
202100047706;116 473;7;0;9;7;2;6
202100047706;116 474;2;0;2;1;26;6
202100047707;116 471;2;0;2;7;1;1
202100047707;116 472;7;0;2;1;15;2
202100047708;116 469;10;0;2;8;15;1
202100047708;116 470;2;0;2;1;3;1
202100047709;116 467;1;0;2;3;1;5
202100047709;116 468;7;0;2;2;9;0
202100047710;116 465;7;0;2;2;15;1
202100047710;116 466;32;0;2;1;1;1
202100047711;116 463;7;0;2;0;1;1
202100047711;116 464;1;0;2;0;7;0
202100047712;116 461;10;0;2;3;15;1
202100047712;116 462;43;0;2;2;17;1
202100047713;116 459;7;2;2;9;17;1
202100047713;116 460;14;0;2;3;15;1
202100047714;116 457;7;0;2;7;15;1
202100047714;116 458;33;0;2;1;1;1
202100047715;116 456;7;1;0;2;1;1
202100047716;116 454;2;0;2;1;2;1
202100047716;116 455;7;0;2;4;2;1
202100047717;116 452;3;0;0;4;23;1
202100047717;116 453;7;0;2;1;16;1
202100047718;116 450;7;0;2;0;1;1
202100047718;116 451;7;0;2;0;0;1
202100047719;116 448;7;0;2;1;1;1
202100047719;116 449;1;0;2;1;15;5
202100047720;116 447;7;0;1;2;2;1
202100047721;116 446;7;0;1;2;16;1
202100047722;116 444;10;0;2;1;2;0
202100047722;116 445;7;0;2;6;2;1
202100047723;116 443;10;0;1;1;1;1
202100047724;116 441;1;0;2;1;1;5
202100047724;116 442;7;0;2;7;16;1
202100047725;116 439;30;0;2;1;2;1
202100047725;116 440;7;0;2;4;2;1
202100047726;116 437;1;0;2;4;2;5
202100047726;116 438;7;0;2;2;9;1
202100047727;116 435;7;0;2;2;15;1
202100047727;116 436;7;0;2;1;1;1
202100047728;116 434;7;0;1;1;1;1
202100047729;116 432;32;0;2;1;17;1
202100047729;116 433;10;0;2;8;23;1
202100047730;116 430;7;0;2;2;15;1
202100047730;116 431;7;0;2;1;1;1
202100047731;116 429;7;0;1;2;14;1
202100047732;116 428;30;0;0;3;26;1
202100047733;116 426;7;0;2;1;1;1
202100047733;116 427;10;0;2;8;13;1
202100047734;116 424;43;0;2;3;1;1
202100047734;116 425;10;0;2;1;19;1
202100047735;116 423;33;0;0;8;1;1
202100047736;116 422;7;6;0;1;19;1
202100047737;116 420;7;0;2;3;15;1
202100047737;116 421;80;0;2;1;0;3
202100047738;116 418;7;0;2;1;9;1
202100047738;116 419;1;0;0;0;0;5
202100047739;116 417;7;0;1;3;1;1
202100047740;116 415;7;0;2;1;1;1
202100047740;116 416;7;0;2;7;1;1
202100047741;116 413;7;0;1;2;1;1
202100047741;116 414;1;0;0;0;0;5
202100047742;116 411;7;0;2;4;1;1
202100047742;116 412;7;0;2;1;2;1
202100047743;116 409;1;0;2;1;1;5
202100047743;116 410;7;0;2;7;16;1
202100047744;116 408;7;4;0;1;1;1
202100047745;116 406;7;0;2;3;9;1
202100047745;116 407;33;0;2;7;1;1
202100047746;116 405;7;15;0;1;14;1
202100047747;116 404;7;0;1;1;1;1
202100047748;116 402;32;0;2;1;1;1
202100047748;116 403;7;0;2;5;15;1
202100047749;116 398;32;0;2;0;1;1
202100047749;116 399;30;0;2;0;0;1
202100047750;116 396;7;0;2;1;2;1
202100047750;116 397;7;0;2;4;2;1
202100047751;116 393;7;0;2;1;1;1
202100047751;116 394;7;0;2;4;1;1
202100047751;116 395;7;0;2;4;1;1
202100047752;116 392;7;0;1;3;1;0
202100047753;116 389;33;0;2;1;1;1
202100047753;116 390;10;0;2;7;10;1
202100047754;116 387;7;0;2;4;9;1
202100047754;116 388;7;0;2;1;2;1
202100047755;116 386;7;0;1;1;0;1
202100047756;116 384;7;3;2;2;2;1
202100047756;116 385;7;3;2;8;11;1
202100047757;116 382;7;0;2;6;15;1
202100047757;116 383;2;0;2;1;1;1
202100047758;116 380;30;0;2;1;17;1
202100047758;116 381;7;0;2;4;1;1
202100047759;116 379;1;0;1;0;0;5
202100047760;116 377;7;0;2;1;1;1
202100047760;116 378;7;0;2;7;1;1
202100047761;116 375;7;0;2;1;1;0
202100047761;116 376;7;1;2;7;1;1
202100047762;116 373;15;0;2;3;1;0
202100047762;116 374;7;0;2;4;19;1
202100047763;116 371;7;0;2;2;11;1
202100047763;116 372;10;0;2;6;11;1
202100047764;116 368;7;0;2;6;1;1
202100047764;116 369;33;0;2;1;1;1
202100047765;116 367;10;0;1;1;1;1
202100047766;116 365;10;0;2;1;2;1
202100047766;116 366;7;0;2;8;10;1
202100047767;116 364;7;0;1;2;16;1
202100047768;116 362;2;0;2;1;1;1
202100047768;116 363;7;0;2;3;16;1
202100047769;116 361;7;1;0;1;14;0
202100047770;116 360;1;0;0;0;0;5
202100047771;116 359;7;8;0;2;1;1
202100047772;116 358;7;0;1;3;1;1
202100047773;116 356;7;0;2;1;15;1
202100047773;116 357;7;0;2;1;1;1
202100047774;116 355;7;9;0;1;1;1
202100047775;116 353;30;0;2;1;1;1
202100047775;116 354;7;0;2;3;15;1
202100047776;116 352;32;0;2;1;1;1
202100047777;116 351;7;0;1;2;1;1
202100047778;116 348;14;0;2;2;1;1
202100047778;116 349;7;0;2;0;0;1
202100047778;116 350;3;0;2;3;15;1
202100047779;116 346;7;0;2;1;16;1
202100047779;116 347;1;0;2;2;1;5
202100047780;116 344;7;0;2;0;21;1
202100047780;116 345;2;0;2;0;25;1
202100047781;116 342;7;0;2;3;15;1
202100047781;116 343;2;0;2;1;1;1
202100047782;116 340;7;0;2;1;1;1
202100047782;116 341;7;0;2;4;1;1
202100047783;116 338;7;0;2;2;1;1
202100047783;116 339;7;0;2;1;1;1
202100047784;116 336;2;0;2;1;1;1
202100047784;116 337;7;0;2;3;9;1
202100047785;116 334;7;0;2;1;1;1
202100047785;116 335;7;0;2;4;2;1