Num_Acc;id_vehicule;catv;obs;obsm;choc;manv;motor
202100047786;116 333;7;0;1;2;0;1
202100047787;116 331;7;0;2;1;15;1
202100047787;116 332;14;0;2;3;1;1
202100047788;116 330;30;14;0;1;13;3
202100047789;116 328;7;0;9;2;16;1
202100047789;116 329;50;0;2;1;26;3
202100047790;116 327;7;0;1;6;26;1
202100047791;116 325;7;0;2;1;1;1
202100047791;116 326;33;0;2;2;1;1
202100047792;116 324;33;0;0;0;14;1
202100047793;116 323;7;0;1;2;1;1
202100047794;116 322;17;0;1;4;20;1
202100047795;116 321;7;0;1;1;15;1
202100047796;116 319;7;0;2;7;15;1
202100047796;116 320;7;0;2;1;1;1
202100047797;116 318;1;12;0;0;0;5
202100047798;116 316;31;0;2;7;1;1
202100047798;116 317;10;0;2;2;19;1
202100047799;116 314;7;0;2;1;1;1
202100047799;116 315;7;0;2;1;15;1
202100047800;116 312;7;0;2;3;24;1
202100047800;116 313;7;1;0;2;1;1
202100047801;116 311;10;0;1;8;17;1
202100047802;116 309;7;0;2;0;2;1
202100047802;116 310;7;0;2;2;2;1
202100047803;116 308;30;0;1;1;1;1
202100047804;116 306;1;0;2;8;1;0
202100047804;116 307;7;0;2;2;15;1
202100047805;116 303;7;0;2;1;24;1
202100047805;116 304;7;0;2;1;1;1
202100047805;116 305;7;0;2;2;15;1
202100047806;116 301;7;0;2;2;9;1
202100047806;116 302;2;0;2;7;1;1
202100047807;116 300;7;0;1;7;1;1
202100047808;116 298;10;0;2;1;1;1
202100047808;116 299;7;0;2;4;1;1
202100047809;116 296;7;0;2;2;1;1
202100047809;116 297;30;0;2;0;5;1
202100047810;116 295;7;0;1;4;4;1
202100047811;116 293;7;1;2;6;9;1
202100047811;116 294;10;1;2;1;17;0
202100047812;116 291;32;0;2;1;1;1
202100047812;116 292;7;0;2;3;15;1
202100047813;116 289;43;0;2;1;1;1
202100047813;116 290;7;0;2;3;15;1
202100047814;116 287;7;0;2;3;1;1
202100047814;116 288;7;0;2;3;13;1
202100047815;116 286;7;2;0;1;14;1
202100047816;116 284;7;0;2;1;1;0
202100047816;116 285;7;0;2;1;1;1
202100047817;116 282;43;0;2;1;1;1
202100047817;116 283;7;0;2;2;15;1
202100047818;116 281;7;0;1;3;1;1
202100047819;116 279;7;0;2;3;15;1
202100047819;116 280;2;0;2;1;15;1
202100047820;116 277;7;0;2;3;15;1
202100047820;116 278;43;0;2;1;17;1
202100047821;116 276;7;0;1;2;2;1
202100047822;116 274;30;1;2;1;18;1
202100047822;116 275;7;0;2;1;20;0
202100047823;116 271;7;0;2;3;1;1
202100047823;116 272;7;0;2;6;16;1
202100047823;116 273;30;0;2;1;17;1
202100047824;116 269;10;0;2;1;2;1
202100047824;116 270;7;0;2;4;23;1
202100047825;116 267;33;0;2;1;1;1
202100047825;116 268;7;0;2;6;11;1
202100047826;116 266;7;0;1;3;15;1
202100047827;116 265;30;0;0;0;1;1
202100047828;116 263;7;0;2;1;1;1
202100047828;116 264;43;0;2;8;9;1
202100047829;116 262;10;0;1;1;15;1
202100047830;116 260;32;0;2;1;1;1
202100047830;116 261;7;0;2;5;10;1
202100047831;116 259;7;0;1;2;1;1
202100047832;116 258;33;0;1;1;1;1
202100047833;116 257;60;12;0;1;14;5
202100047834;116 255;7;14;2;6;17;1
202100047834;116 256;7;1;2;1;15;1
202100047835;116 253;7;0;2;4;2;1
202100047835;116 254;7;0;2;1;2;0
202100047836;116 252;32;0;1;1;13;0
202100047837;116 250;30;0;2;1;0;1
202100047837;116 251;10;0;2;4;26;1
202100047838;116 249;7;0;1;1;15;1
202100047839;116 248;0;0;1;7;0;1
202100047840;116 246;7;0;2;8;1;1
202100047840;116 247;30;0;2;2;3;1
202100047841;116 244;7;0;2;8;15;1
202100047841;116 245;10;0;2;2;1;1
202100047842;116 242;7;0;2;1;23;1
202100047842;116 243;7;0;2;3;1;1
202100047843;116 240;33;0;2;1;1;1
202100047843;116 241;7;0;2;2;15;1
202100047844;116 238;1;0;2;1;1;5
202100047844;116 239;7;0;9;7;1;1
202100047845;116 236;80;0;2;1;1;3
202100047845;116 237;7;0;2;3;15;1
202100047846;116 234;30;0;2;7;17;1
202100047846;116 235;7;0;2;8;15;1
202100047847;116 232;33;0;2;1;1;1
202100047847;116 233;7;0;2;5;10;1
202100047848;116 230;2;0;2;1;2;1
202100047848;116 231;33;0;2;4;1;1
202100047849;116 228;7;0;2;3;9;1
202100047849;116 229;50;0;2;2;9;3
202100047850;116 227;7;0;1;1;9;1
202100047851;116 225;99;0;2;1;19;0
202100047851;116 226;7;0;2;1;1;1
202100047852;116 224;7;10;0;2;6;1
202100047853;116 223;31;0;0;0;2;1
202100047854;116 220;7;0;2;3;1;1
202100047854;116 221;7;0;2;1;1;1
202100047854;116 222;7;0;2;1;5;1
202100047855;116 219;2;1;0;1;1;1
202100047856;116 218;31;0;0;0;21;1
202100047857;116 216;7;0;2;1;1;1
202100047857;116 217;7;0;2;7;19;1
202100047858;116 214;7;0;2;2;11;1
202100047858;116 215;7;0;2;2;1;1
202100047859;116 213;32;0;0;0;1;1
202100047860;116 211;7;15;0;8;1;1
202100047860;116 212;7;0;2;7;1;1
202100047861;116 210;7;0;0;9;1;1
202100047862;116 208;7;0;2;1;13;1
202100047862;116 209;10;0;2;1;1;1
202100047863;116 206;7;0;0;6;0;1
202100047863;116 207;33;0;2;1;0;1
202100047864;116 204;34;0;2;8;1;1
202100047864;116 205;10;0;2;6;9;1
202100047865;116 202;10;0;2;3;13;1
202100047865;116 203;37;0;2;3;26;1
202100047866;116 200;7;0;2;1;1;1
202100047866;116 201;7;0;2;3;5;1
202100047867;116 199;7;0;1;7;1;1
202100047868;116 197;14;0;2;1;1;1
202100047868;116 198;7;0;2;1;0;1
202100047869;116 195;1;0;2;1;1;5
202100047869;116 196;1;0;2;4;1;5
202100047870;116 193;1;0;2;1;1;5
202100047870;116 194;7;0;0;7;15;1
202100047871;116 190;15;0;0;0;1;0
202100047871;116 191;7;0;9;1;1;0
202100047871;116 192;7;0;9;6;1;1
202100047872;116 170;7;0;0;0;17;1
202100047872;116 171;7;3;9;3;13;1
202100047872;116 172;1;0;2;0;1;5
202100047872;116 173;1;0;9;0;1;5
202100047872;116 174;1;0;9;0;1;5
202100047872;116 175;1;0;9;0;1;5
202100047872;116 176;1;0;0;0;1;5
202100047872;116 177;1;0;9;0;1;5
202100047872;116 178;1;0;0;0;1;5
202100047872;116 179;1;0;0;0;1;5
202100047872;116 180;1;0;0;0;1;5
202100047872;116 181;1;0;0;0;1;5
202100047872;116 182;1;0;2;0;1;5
202100047872;116 183;1;0;2;0;1;5
202100047872;116 184;1;0;2;0;1;5
202100047872;116 185;1;0;2;0;1;5
202100047872;116 186;1;0;2;1;1;5
202100047872;116 187;1;0;2;1;0;5
202100047872;116 188;1;0;2;1;0;5
202100047872;116 189;1;0;9;0;1;5
202100047873;116 169;7;1;0;1;2;1
202100047874;116 167;7;0;2;2;0;1
202100047874;116 168;7;0;2;2;13;1
202100047875;116 166;33;0;0;8;1;1
202100047876;116 164;7;3;2;2;17;1
202100047876;116 165;7;0;2;2;1;1
202100047877;116 162;2;0;2;3;1;1
202100047877;116 163;7;0;2;2;15;1
202100047878;116 161;7;2;0;1;14;1
202100047879;116 160;33;8;0;1;1;1
202100047880;116 158;7;7;2;3;2;1
202100047880;116 159;7;7;2;2;2;1
202100047881;116 156;2;0;2;1;13;1
202100047881;116 157;7;0;2;3;1;1
202100047882;116 154;34;0;0;2;2;1
202100047882;116 155;7;0;2;1;9;1
202100047883;116 149;7;0;2;1;13;1
202100047883;116 150;7;0;2;1;1;1
202100047884;116 147;10;0;2;4;1;1
202100047884;116 148;7;0;2;1;2;1
202100047885;116 146;31;14;0;3;1;1
202100047886;116 143;43;0;0;0;26;1
202100047886;116 144;7;0;0;0;0;1
202100047886;116 145;7;0;0;0;0;1
202100047887;116 142;7;4;0;1;14;1
202100047888;116 140;7;0;2;8;11;1
202100047888;116 141;15;0;2;2;1;1
202100047889;116 137;10;0;2;1;2;1
202100047889;116 138;34;0;2;1;2;1
202100047889;116 139;7;0;2;4;2;1
202100047890;116 135;7;0;2;1;1;1
202100047890;116 136;7;0;2;4;2;1
202100047891;116 134;7;3;0;1;13;1
202100047892;116 132;7;0;2;2;17;1
202100047892;116 133;7;0;2;3;26;1
202100047893;116 128;7;0;2;3;2;1
202100047893;116 129;33;0;2;1;2;1
202100047893;116 130;7;0;2;6;13;2
202100047893;116 131;14;0;2;2;2;1
202100047894;116 125;31;0;1;7;1;1
202100047895;116 124;30;0;1;1;1;1
202100047896;116 122;7;0;2;5;1;1
202100047896;116 123;7;0;2;1;1;1
202100047897;116 120;2;0;2;1;2;1
202100047897;116 121;7;0;2;4;15;1
202100047898;116 118;7;0;2;7;16;1
202100047898;116 119;2;0;2;1;9;1
202100047899;116 115;7;1;0;1;1;1
202100047899;116 116;7;1;2;4;0;1
202100047899;116 117;7;0;2;0;0;1
202100047900;116 113;13;0;2;1;1;1
202100047900;116 114;7;0;2;3;16;1
202100047901;116 112;7;8;0;1;1;1
202100047902;116 111;7;8;0;3;17;1
202100047903;116 110;7;4;0;1;13;1
202100047904;116 108;7;0;2;3;1;1
202100047904;116 109;7;0;2;6;19;0
202100047905;116 106;7;0;2;3;9;1
202100047905;116 107;33;0;2;7;2;1
202100047906;116 105;2;0;0;0;0;1
202100047907;116 103;7;0;2;1;1;1
202100047907;116 104;7;0;2;4;9;1
202100047908;116 101;7;0;2;4;23;0
202100047908;116 102;7;0;2;1;1;1
202100047909;116 098;7;0;9;3;23;1
202100047909;116 099;7;0;2;3;15;1
202100047909;116 100;34;14;2;1;1;1
202100047910;116 097;7;0;1;2;1;1
202100047911;116 096;7;0;1;4;4;1
202100047912;116 095;7;0;1;1;15;1
202100047913;116 093;7;0;2;2;17;1
202100047913;116 094;15;0;2;3;1;1
202100047914;116 087;7;0;2;1;2;1
202100047914;116 088;7;0;2;4;2;1
202100047914;116 089;7;0;2;4;2;1
202100047914;116 090;7;0;2;4;2;1
202100047914;116 091;7;0;2;4;2;1
202100047915;116 085;17;0;2;7;0;1
202100047915;116 086;7;0;2;8;0;1
202100047916;116 083;7;0;2;1;9;1
202100047916;116 084;7;0;2;8;1;1
202100047917;116 081;7;0;2;1;19;1
202100047917;116 082;7;0;2;8;1;1
202100047918;116 080;7;0;1;1;1;1
202100047919;116 079;7;6;0;2;14;1
202100047920;116 078;7;8;0;1;13;2
202100047921;116 076;7;0;2;1;1;1
202100047921;116 077;30;0;0;4;23;1
202100047922;116 075;7;0;1;8;1;1
202100047923;116 073;7;0;2;1;26;1
202100047923;116 074;37;0;2;4;2;1
202100047924;116 072;33;13;0;1;1;1
202100047925;116 070;7;0;2;6;1;1
202100047925;116 071;33;0;2;1;2;1
202100047926;116 069;7;13;0;3;1;1
202100047927;116 067;7;0;2;4;2;1
202100047927;116 068;7;0;2;1;2;1
202100047928;116 065;7;0;2;6;10;1
202100047928;116 066;7;0;2;1;1;1
202100047929;116 063;7;0;2;3;1;1
202100047929;116 064;14;13;2;3;1;1
202100047930;116 061;1;0;2;1;1;5
202100047930;116 062;7;0;9;3;15;1
202100047931;116 060;7;0;1;2;1;1
202100047932;116 059;7;2;0;1;1;1
202100047933;116 058;7;3;0;8;1;1
202100047934;116 056;7;0;2;6;1;1
202100047934;116 057;7;0;2;1;2;1
202100047935;116 054;7;0;2;1;17;1
202100047935;116 055;7;0;2;1;1;1
202100047936;116 052;7;9;2;1;1;1
202100047936;116 053;7;9;2;1;1;1
202100047937;116 051;7;0;1;1;1;1
202100047938;116 049;7;0;2;8;0;2
202100047938;116 050;7;0;2;1;13;1
202100047939;116 047;31;0;2;1;2;1
202100047939;116 048;7;0;2;1;10;1
202100047940;116 046;33;4;0;1;1;1
202100047941;116 044;31;0;2;1;2;1
202100047941;116 045;7;0;2;4;2;1
202100047942;116 042;80;0;2;7;1;3
202100047942;116 043;7;0;2;6;9;1
202100047943;116 041;2;0;0;7;1;1
202100047944;116 038;10;0;2;2;2;3
202100047944;116 039;7;0;2;6;21;1
202100047945;116 036;7;0;2;1;26;1
202100047945;116 037;2;0;2;4;1;1
202100047946;116 034;7;0;2;3;15;1
202100047946;116 035;32;0;2;1;3;1
202100047947;116 032;32;0;2;2;3;1
202100047947;116 033;7;0;2;3;15;1
202100047948;116 030;10;0;2;1;26;1
202100047948;116 031;7;0;2;4;26;1
202100047949;116 029;7;8;0;2;1;1
202100047950;116 027;31;0;2;1;1;1
202100047950;116 028;7;0;0;8;15;1
202100047951;116 025;7;0;2;8;15;1
202100047951;116 026;2;0;2;1;1;1
202100047952;116 023;31;0;2;2;3;1
202100047952;116 024;7;0;2;6;11;1
202100047953;116 022;31;1;0;2;14;1
202100047954;116 021;7;0;1;2;1;1
202100047955;116 019;7;0;2;3;22;1
202100047955;116 020;50;0;2;1;1;3
202100047956;116 017;33;0;2;3;1;1
202100047956;116 018;7;0;2;2;1;1
202100047957;116 015;1;0;2;1;5;5
202100047957;116 016;7;0;2;3;1;1
202100047958;116 014;7;0;1;1;1;1
202100047959;116 012;1;0;2;5;1;5
202100047959;116 013;7;0;2;1;1;1
202100047960;116 010;37;0;2;2;1;1
202100047960;116 011;33;0;2;1;13;1
202100047961;116 008;37;0;2;6;16;2
202100047961;116 009;37;1;0;5;24;1
202100047962;116 007;7;0;1;2;1;1
202100047963;116 006;7;0;1;7;1;1
202100047964;116 005;7;0;1;3;1;1
202100047965;116 003;7;0;9;6;23;1
202100047965;116 004;33;14;0;2;17;0
202100047966;116 001;7;0;2;2;17;1
202100047966;116 002;7;0;2;4;15;1
202100047967;116 000;33;1;0;1;26;1
202100047968;115 998;7;0;2;2;15;1
202100047968;115 999;2;0;2;1;1;1
202100047969;115 996;30;0;2;7;16;1
202100047969;115 997;7;0;2;3;16;1
202100047970;115 993;7;0;2;4;23;1
202100047970;115 994;7;1;2;1;23;1
202100047970;115 995;10;0;2;1;2;1
202100047971;115 992;7;1;0;2;26;1
202100047972;115 990;37;0;2;4;1;1
202100047972;115 991;14;0;2;1;2;1
202100047973;115 988;7;0;2;3;2;1
202100047973;115 989;33;0;2;2;2;1
202100047974;115 987;7;1;0;3;1;1
202100047975;115 986;1;0;2;1;1;0
202100047976;115 985;43;0;0;0;1;1
202100047977;115 983;10;4;2;1;2;1
202100047977;115 984;7;4;0;5;2;1
202100047978;115 981;7;6;2;2;17;1
202100047978;115 982;7;0;2;3;1;1
202100047979;115 979;7;0;9;3;1;1
202100047979;115 980;1;0;2;7;1;5
202100047980;115 977;1;15;2;1;1;6
202100047980;115 978;7;0;9;1;1;1
202100047981;115 975;33;0;2;1;2;1
202100047981;115 976;10;0;2;6;10;1
202100047982;115 974;7;0;9;2;0;1
202100047983;115 973;33;0;0;1;13;1
202100047984;115 971;7;9;2;3;1;1
202100047984;115 972;7;0;2;2;15;1
202100047985;115 968;33;0;2;1;0;1
202100047985;115 969;7;6;2;3;1;1
202100047986;115 966;10;0;2;1;1;1
202100047986;115 967;7;0;2;1;13;1
202100047987;115 963;1;0;2;8;18;5
202100047987;115 964;7;0;2;3;1;1
202100047987;115 965;7;0;2;2;15;1
202100047988;115 962;7;6;0;0;13;1
202100047989;115 960;7;0;2;7;19;1
202100047989;115 961;7;0;2;1;1;1
202100047990;115 958;14;0;2;2;1;1
202100047990;115 959;1;0;2;8;19;5
202100047991;115 956;7;17;0;2;14;1
202100047992;115 955;33;4;0;8;13;1
202100047993;115 954;33;0;0;0;0;1
202100047994;115 952;1;0;2;8;16;0
202100047994;115 953;7;0;2;8;1;1
202100047995;115 950;7;0;2;3;13;1
202100047995;115 951;7;0;2;3;1;1
202100047996;115 948;2;1;0;2;2;1
202100047996;115 949;7;0;0;6;24;1
202100047997;115 946;7;0;2;1;1;1
202100047997;115 947;7;0;2;8;19;1
202100047998;115 939;7;2;0;0;1;1
202100047999;115 938;7;0;1;2;15;1
202100048000;115 937;7;3;0;1;13;1
202100048001;115 936;7;15;0;1;21;1
202100048002;115 935;7;6;0;6;1;1
202100048003;115 933;7;0;2;1;2;1
202100048003;115 934;7;0;2;4;2;1
202100048004;115 932;7;10;0;1;14;1
202100048005;115 931;33;0;0;7;1;1
202100048006;115 930;7;4;0;3;1;1
202100048007;115 928;33;0;2;3;1;1
202100048007;115 929;10;0;2;2;12;1
202100048008;115 927;7;3;0;1;1;1
202100048009;115 925;7;0;2;1;2;1
202100048009;115 926;43;3;2;4;2;1
202100048010;115 923;7;0;2;1;14;1
202100048010;115 924;7;0;2;4;1;1
202100048011;115 922;7;3;0;9;0;1
202100048012;115 921;7;17;0;1;13;1
202100048013;115 919;7;0;2;3;9;1
202100048013;115 920;33;0;2;2;1;1
202100048014;115 918;40;0;1;2;1;3
202100048015;115 917;32;0;1;1;2;1
202100048016;115 915;7;0;2;1;2;1
202100048016;115 916;7;0;2;4;2;1
202100048017;115 913;30;0;2;1;1;1
202100048017;115 914;7;0;2;7;15;1
202100048018;115 911;1;1;0;5;1;5
202100048018;115 912;7;1;2;5;24;1
202100048019;115 910;7;0;1;7;16;1
202100048020;115 909;7;0;1;1;1;1
202100048021;115 908;30;16;0;1;26;0
202100048022;115 907;31;0;1;1;1;1
202100048023;115 904;7;1;0;1;23;2
202100048023;115 905;7;0;0;4;24;1
202100048023;115 906;7;1;0;4;23;1
202100048024;115 900;1;0;2;8;1;5
202100048024;115 901;10;0;2;1;1;1
202100048025;115 898;33;0;2;3;1;1
202100048025;115 899;7;0;2;3;15;1
202100048026;115 896;7;0;2;3;20;1
202100048026;115 897;7;0;2;5;20;0
202100048027;115 895;7;0;1;0;9;1
202100048028;115 893;7;0;2;3;1;1
202100048028;115 894;7;0;2;6;15;1
202100048029;115 890;7;0;2;2;19;1
202100048029;115 891;1;0;2;1;1;5
202100048029;115 892;1;0;2;1;1;5
202100048030;115 889;7;4;0;1;14;1
202100048031;115 888;32;8;0;1;25;1
202100048032;115 886;30;0;2;3;11;1
202100048032;115 887;7;0;2;2;1;1
202100048033;115 884;7;0;2;2;1;1
202100048033;115 885;50;0;2;3;1;3
202100048034;115 882;32;0;2;3;1;1
202100048034;115 883;10;0;2;5;16;1
202100048035;115 880;30;0;2;2;1;1
202100048035;115 881;33;0;2;8;1;1
202100048036;115 878;7;0;2;2;16;1
202100048036;115 879;32;0;2;3;18;1
202100048037;115 876;30;0;2;8;17;3
202100048037;115 877;7;0;2;8;22;1
202100048038;115 874;1;0;2;0;13;5
202100048038;115 875;50;1;2;1;21;3
202100048039;115 873;30;1;0;7;14;1
202100048040;115 871;30;0;2;0;1;0
202100048040;115 872;30;0;2;7;1;1
202100048041;115 870;43;1;0;7;21;1
202100048042;115 868;7;0;2;5;23;1
202100048042;115 869;31;0;2;1;2;1
202100048043;115 867;30;0;0;0;1;1
202100048044;115 865;7;0;2;0;0;1
202100048044;115 866;7;11;0;4;26;1
202100048045;115 864;1;0;1;1;1;5
202100048046;115 863;10;8;0;1;26;0
202100048047;115 861;7;0;2;2;12;2
202100048047;115 862;99;0;2;3;26;1
202100048048;115 859;7;1;2;8;20;1
202100048048;115 860;7;1;2;1;1;1
202100048049;115 857;7;7;0;4;2;1
202100048049;115 858;7;7;2;1;2;1
202100048050;115 855;7;0;9;4;1;0
202100048050;115 856;32;0;2;1;2;1
202100048051;115 853;7;0;2;3;15;1
202100048051;115 854;7;6;1;1;1;1
202100048052;115 851;7;0;2;1;13;1
202100048052;115 852;37;0;2;1;1;1
202100048053;115 849;33;0;2;6;26;1
202100048053;115 850;7;0;2;2;12;1
202100048054;115 847;7;0;2;2;1;2
202100048054;115 848;7;13;2;1;1;1
202100048055;115 846;7;4;0;8;2;2
202100048056;115 843;7;0;2;2;15;1
202100048056;115 844;7;0;2;1;1;1
202100048056;115 845;7;0;2;3;1;1
202100048057;115 841;15;0;0;8;1;1
202100048057;115 842;7;4;2;8;1;1
202100048058;115 840;7;13;0;3;0;1
202100048059;115 839;10;13;0;9;1;1
202100048060;115 836;7;0;0;4;23;1
202100048060;115 837;7;0;2;4;23;1
202100048060;115 838;33;1;0;1;2;1
202100048061;115 835;7;13;0;1;0;1
202100048062;115 833;7;0;2;5;5;1
202100048062;115 834;14;0;2;1;1;1
202100048063;115 831;7;0;2;3;13;1
202100048063;115 832;10;0;2;3;1;1
202100048064;115 830;10;0;1;3;15;1
202100048065;115 829;36;0;0;0;1;1
202100048066;115 828;7;6;0;1;1;1
202100048067;115 827;7;13;0;2;19;1
202100048068;115 825;7;0;0;0;17;1
202100048068;115 826;33;0;0;0;17;1
202100048069;115 823;7;0;2;3;13;1
202100048069;115 824;7;0;2;3;1;1
202100048070;115 822;7;6;0;3;0;1
202100048071;115 821;33;2;0;2;2;1
202100048072;115 818;33;13;0;9;17;1
202100048073;115 817;7;6;0;2;1;1
202100048074;115 816;7;0;0;0;1;0
202100048075;115 813;7;0;2;7;15;1
202100048075;115 814;7;0;2;1;1;1
202100048075;115 815;2;0;2;1;1;1
202100048076;115 811;1;0;0;4;1;5
202100048076;115 812;7;0;2;1;1;1
202100048077;115 810;7;13;0;2;1;1
202100048078;115 808;32;0;2;1;13;1
202100048078;115 809;7;0;2;2;1;1
202100048079;115 807;7;16;0;1;2;1
202100048080;115 806;7;13;0;0;1;1
202100048081;115 804;7;0;0;4;2;1
202100048081;115 805;7;0;2;1;2;1
202100048082;115 802;7;0;2;3;1;1
202100048082;115 803;34;0;2;0;13;0
202100048083;115 801;7;0;1;2;1;1
202100048084;115 800;7;15;0;1;1;1
202100048085;115 798;32;0;2;1;1;1
202100048085;115 799;30;0;2;4;1;1
202100048086;115 796;7;0;2;4;26;1
202100048086;115 797;7;0;2;1;2;1
202100048087;115 795;33;0;0;0;13;1
202100048088;115 793;1;0;0;4;19;5
202100048088;115 794;7;0;2;2;1;1
202100048089;115 792;17;1;0;2;2;1
202100048090;115 791;20;0;1;2;16;1
202100048091;115 790;33;15;0;7;1;1
202100048092;115 789;7;13;0;1;1;1
202100048093;115 787;14;6;2;2;13;1
202100048093;115 788;7;0;2;7;13;1
202100048094;115 785;7;0;2;1;1;1
202100048094;115 786;7;0;0;8;15;1
202100048095;115 784;7;2;0;1;0;1
202100048096;115 782;7;0;2;2;1;1
202100048096;115 783;7;0;0;3;19;1
202100048097;115 781;10;0;1;3;1;1
202100048098;115 779;7;0;2;1;19;1
202100048098;115 780;17;0;2;1;2;1
202100048099;115 776;7;3;2;1;5;1
202100048099;115 777;7;3;2;2;3;1
202100048099;115 778;7;3;2;8;2;1
202100048100;115 773;7;0;2;5;1;1
202100048100;115 774;7;0;2;4;1;2
202100048100;115 775;7;0;2;3;21;2
202100048101;115 772;7;4;0;2;14;1
202100048102;115 770;10;0;2;1;2;1
202100048102;115 771;10;0;2;4;1;1
202100048103;115 767;7;0;2;4;9;1
202100048103;115 768;7;0;0;4;2;1
202100048103;115 769;7;1;0;1;1;1
202100048104;115 765;7;0;2;3;2;1
202100048104;115 766;10;0;2;5;2;1
202100048105;115 763;33;0;2;1;2;1
202100048105;115 764;7;0;2;5;23;1
202100048106;115 760;10;0;2;1;9;1
202100048106;115 761;10;0;2;4;9;1
202100048106;115 762;10;0;2;4;23;1
202100048107;115 759;10;0;0;2;1;1
202100048108;115 758;7;3;0;6;1;1
202100048109;115 756;33;0;2;1;1;1
202100048109;115 757;7;0;2;6;11;1
202100048110;115 755;10;4;0;3;13;1
202100048111;115 753;7;0;2;1;1;1
202100048111;115 754;7;0;2;4;1;1
202100048112;115 751;7;0;2;4;23;1
202100048112;115 752;10;1;0;1;1;1
202100048113;115 749;7;0;2;4;1;1
202100048113;115 750;7;0;2;1;1;1
202100048114;115 747;10;0;2;1;2;1
202100048114;115 748;7;0;2;4;0;1
202100048115;115 744;7;1;0;7;1;0
202100048115;115 745;7;0;2;6;23;1
202100048115;115 746;7;3;0;1;1;1
202100048116;115 741;7;0;2;1;23;1
202100048116;115 742;7;0;0;1;23;1
202100048116;115 743;7;0;2;4;4;1
202100048117;115 736;37;0;2;2;0;1
202100048117;115 737;10;0;2;8;2;1
202100048117;115 738;10;0;2;3;2;1
202100048117;115 739;10;0;2;3;2;1
202100048117;115 740;10;0;2;1;2;1
202100048118;115 735;7;0;1;7;0;1
202100048119;115 733;30;0;2;1;26;1
202100048119;115 734;7;0;2;3;0;1
202100048120;115 731;7;0;9;2;16;1
202100048120;115 732;1;0;2;1;19;5
202100048121;115 729;7;0;2;3;15;1
202100048121;115 730;7;0;2;3;19;1
202100048122;115 727;1;0;2;3;9;5
202100048122;115 728;7;0;2;2;26;1
202100048123;115 726;7;0;1;1;26;1
202100048124;115 725;7;0;1;2;1;1
202100048125;115 722;7;0;2;4;1;1
202100048125;115 723;7;0;2;9;1;1
202100048125;115 724;7;0;2;1;1;1
202100048126;115 721;7;0;1;1;15;1
202100048127;115 717;7;0;2;3;9;1
202100048127;115 718;33;0;2;7;16;1
202100048128;115 715;10;0;2;1;15;1
202100048128;115 716;7;0;2;7;1;1
202100048129;115 713;31;0;2;1;2;0
202100048129;115 714;7;0;2;4;1;0
202100048130;115 710;30;0;0;8;1;1
202100048131;115 709;7;11;0;1;1;1
202100048132;115 708;3;12;0;9;10;1
202100048133;115 707;7;2;0;7;1;1
202100048134;115 706;7;8;0;9;14;1
202100048135;115 705;30;0;0;0;1;1
202100048136;115 703;2;0;2;1;1;1
202100048136;115 704;10;0;2;2;15;1
202100048137;115 702;7;0;1;1;1;1
202100048138;115 700;7;13;0;1;18;1
202100048139;115 699;7;8;0;8;13;1
202100048140;115 698;7;2;0;1;1;1
202100048141;115 696;34;0;2;2;17;1
202100048141;115 697;7;0;2;3;15;1
202100048142;115 694;7;0;2;1;2;1
202100048142;115 695;7;0;2;4;2;1
202100048143;115 692;2;0;2;0;0;1
202100048143;115 693;7;0;2;3;9;1
202100048144;115 690;40;0;9;3;26;3
202100048144;115 691;99;0;2;7;0;3
202100048145;115 689;33;0;1;1;1;1
202100048146;115 687;7;0;2;2;9;1
202100048146;115 688;1;0;2;1;1;5
202100048147;115 685;30;0;2;2;1;3
202100048147;115 686;10;0;2;3;1;1
202100048148;115 683;7;0;2;1;15;1
202100048148;115 684;1;0;2;8;1;5
202100048149;115 681;2;0;2;1;1;1
202100048149;115 682;7;0;2;3;10;2
202100048150;115 679;1;0;2;1;1;5
202100048150;115 680;7;0;2;3;1;1
202100048151;115 678;30;0;0;0;21;1
202100048152;115 676;30;0;2;1;13;1
202100048152;115 677;30;0;2;1;23;1
202100048153;115 675;10;0;1;4;20;1
202100048154;115 673;10;0;2;6;10;1
202100048154;115 674;32;0;2;6;1;1
202100048155;115 671;1;0;2;8;10;5
202100048155;115 672;33;0;2;1;1;1
202100048156;115 669;2;0;2;1;1;1
202100048156;115 670;7;0;2;5;16;3
202100048157;115 667;10;0;2;1;26;0
202100048157;115 668;10;0;2;4;0;0
202100048158;115 666;30;15;0;0;1;3
202100048159;115 664;7;0;2;3;1;1
202100048159;115 665;7;0;2;1;1;2
202100048160;115 662;7;0;2;1;2;1
202100048160;115 663;10;3;0;4;2;1
202100048161;115 661;2;0;2;1;13;6
202100048162;115 659;10;0;2;8;15;1
202100048162;115 660;32;0;2;2;2;1
202100048163;115 657;7;0;2;1;1;1
202100048163;115 658;7;0;2;6;1;1
202100048164;115 656;7;0;1;1;1;1
202100048165;115 654;7;0;2;4;1;1
202100048165;115 655;30;0;2;1;2;1
202100048166;115 652;2;0;2;4;23;1
202100048166;115 653;7;0;2;1;9;1
202100048167;115 650;7;0;0;5;1;1
202100048167;115 651;10;0;2;1;2;1
202100048168;115 648;2;0;2;3;15;1
202100048168;115 649;7;0;2;2;1;1
202100048169;115 646;31;0;2;3;1;0
202100048169;115 647;10;0;2;3;15;1
202100048170;115 645;34;0;0;2;1;1
202100048171;115 644;50;0;0;1;26;3
202100048172;115 639;7;0;0;3;23;1
202100048172;115 640;7;0;2;1;1;1
202100048172;115 641;7;0;0;4;23;1
202100048172;115 642;7;0;2;1;1;1
202100048172;115 643;7;0;2;1;1;2
202100048173;115 637;7;0;2;3;1;1
202100048173;115 638;33;0;2;1;17;1