Num_Acc;id_vehicule;catv;obs;obsm;choc;manv;motor
202100048565;114 944;7;0;2;2;1;1
202100048566;114 941;7;0;2;3;1;1
202100048566;114 942;32;1;2;1;1;1
202100048567;114 939;30;0;2;7;1;1
202100048567;114 940;10;0;2;1;15;1
202100048568;114 938;1;0;0;0;1;5
202100048569;114 936;32;0;2;1;1;1
202100048569;114 937;7;0;2;6;10;1
202100048570;114 934;2;0;2;2;17;1
202100048570;114 935;7;0;2;3;1;1
202100048571;114 932;14;0;2;3;13;1
202100048571;114 933;34;0;2;2;17;1
202100048572;114 930;7;0;2;3;9;1
202100048572;114 931;30;0;2;2;1;1
202100048573;114 929;10;0;1;4;20;1
202100048574;114 927;7;0;2;1;1;1
202100048574;114 928;7;0;2;4;24;1
202100048575;114 926;10;0;1;2;16;1
202100048576;114 924;10;0;2;1;1;1
202100048576;114 925;14;0;2;0;1;1
202100048577;114 922;32;0;2;1;2;1
202100048577;114 923;32;0;2;4;23;1
202100048578;114 920;7;0;2;3;1;1
202100048578;114 921;7;0;2;1;15;1
202100048579;114 919;80;0;1;1;21;3
202100048580;114 917;10;0;2;8;1;1
202100048580;114 918;7;0;2;1;1;1
202100048581;114 915;10;0;2;0;19;1
202100048581;114 916;50;0;2;6;1;3
202100048582;114 914;7;0;1;3;21;1
202100048583;114 913;30;0;0;1;1;1
202100048584;114 912;2;0;0;8;0;1
202100048585;114 911;7;0;1;2;1;1
202100048586;114 910;43;0;1;7;2;1
202100048587;114 909;34;0;2;2;17;1
202100048588;114 908;10;0;1;4;4;3
202100048589;114 906;7;0;2;5;15;1
202100048589;114 907;33;0;2;3;21;1
202100048590;114 904;32;0;2;8;1;1
202100048590;114 905;7;0;2;1;15;1
202100048591;114 902;1;0;2;1;26;0
202100048591;114 903;7;0;0;3;9;2
202100048592;114 900;7;0;2;0;0;0
202100048592;114 901;7;0;2;3;9;1
202100048593;114 899;7;1;0;2;1;1
202100048594;114 897;7;0;2;3;15;1
202100048594;114 898;31;0;2;3;1;1
202100048595;114 895;7;0;2;1;0;0
202100048595;114 896;30;0;2;4;23;1
202100048596;114 893;7;0;2;2;15;1
202100048596;114 894;33;0;2;1;1;1
202100048597;114 892;15;0;1;3;13;1
202100048598;114 891;7;2;0;8;0;1
202100048599;114 890;10;0;1;1;1;1
202100048600;114 889;7;16;0;0;14;1
202100048601;114 887;31;0;2;1;1;1
202100048601;114 888;7;0;2;3;10;1
202100048602;114 885;7;0;2;2;16;1
202100048602;114 886;50;0;0;6;1;3
202100048603;114 881;7;0;2;2;1;1
202100048603;114 882;80;0;2;1;1;3
202100048604;114 879;7;0;2;1;1;1
202100048604;114 880;31;0;2;1;13;1
202100048605;114 878;7;10;0;1;19;1
202100048606;114 877;14;0;1;2;15;1
202100048607;114 873;1;1;0;1;2;5
202100048607;114 874;14;0;0;6;0;0
202100048608;114 872;7;0;1;3;15;1
202100048609;114 871;2;0;0;0;1;1
202100048610;114 870;7;10;0;2;1;1
202100048611;114 868;7;15;2;3;1;1
202100048611;114 869;7;7;2;7;1;1
202100048612;114 867;7;2;0;1;1;1
202100048613;114 866;7;2;0;1;19;1
202100048614;114 865;10;0;1;7;1;1
202100048615;114 864;2;0;0;0;1;1
202100048616;114 863;33;0;0;2;1;1
202100048617;114 860;2;0;0;6;2;1
202100048618;114 858;7;0;2;4;15;1
202100048618;114 859;7;0;2;1;1;1
202100048619;114 856;7;0;2;3;1;1
202100048619;114 857;7;0;2;3;0;1
202100048620;114 855;7;8;0;7;0;1
202100048621;114 854;7;0;1;3;17;2
202100048622;114 852;7;0;2;1;1;1
202100048622;114 853;1;0;2;4;14;5
202100048623;114 850;7;0;0;4;2;1
202100048623;114 851;7;0;0;1;2;1
202100048624;114 849;7;8;0;1;1;1
202100048625;114 844;17;0;0;4;1;1
202100048625;114 845;17;0;2;2;11;1
202100048625;114 846;7;0;2;4;1;1
202100048625;114 847;7;0;2;4;1;1
202100048625;114 848;7;0;2;4;1;1
202100048626;114 842;17;0;2;1;1;1
202100048626;114 843;7;0;2;2;1;1
202100048627;114 841;33;5;0;7;14;1
202100048628;114 838;2;0;2;1;18;1
202100048628;114 839;7;0;2;7;16;1
202100048629;114 836;7;0;2;2;2;1
202100048629;114 837;10;0;2;6;1;1
202100048630;114 834;7;0;2;3;19;1
202100048630;114 835;7;0;2;2;1;1
202100048631;114 832;31;0;2;1;1;1
202100048631;114 833;7;0;2;3;15;1
202100048632;114 830;10;0;2;3;1;1
202100048632;114 831;7;0;2;1;1;1
202100048633;114 829;7;2;0;8;13;1
202100048634;114 827;33;0;2;2;2;1
202100048634;114 828;7;0;2;3;1;1
202100048635;114 823;10;0;2;1;2;1
202100048635;114 824;7;0;2;4;2;3
202100048636;114 820;7;0;2;4;2;1
202100048636;114 821;7;0;2;4;2;1
202100048636;114 822;10;0;2;1;2;1
202100048637;114 817;7;0;2;5;1;0
202100048637;114 818;7;0;2;4;1;1
202100048637;114 819;7;0;2;1;11;1
202100048638;114 816;7;4;0;9;0;1
202100048639;114 813;7;0;2;4;2;1
202100048639;114 814;7;0;2;1;2;1
202100048639;114 815;7;0;2;4;2;1
202100048640;114 810;7;0;2;1;2;1
202100048640;114 811;7;0;2;4;2;1
202100048640;114 812;7;0;2;4;2;1
202100048641;114 809;7;4;0;2;0;1
202100048642;114 807;33;4;2;3;9;1
202100048642;114 808;17;0;2;7;1;1
202100048643;114 805;7;0;2;4;1;1
202100048643;114 806;32;0;2;1;0;1
202100048644;114 804;7;0;1;2;0;1
202100048645;114 802;7;0;2;5;15;1
202100048645;114 803;32;0;2;1;3;1
202100048646;114 801;7;0;1;1;1;1
202100048647;114 799;7;0;2;1;1;1
202100048647;114 800;7;0;2;2;1;1
202100048648;114 798;7;0;1;0;0;0
202100048649;114 797;32;0;1;1;0;1
202100048650;114 795;7;0;2;8;15;1
202100048650;114 796;1;0;2;1;17;5
202100048651;114 794;2;14;0;1;1;1
202100048652;114 791;7;0;2;1;2;1
202100048652;114 792;7;0;2;6;2;1
202100048652;114 793;7;0;2;4;21;1
202100048653;114 789;33;0;2;1;1;1
202100048653;114 790;14;0;2;2;15;1
202100048654;114 788;37;1;1;5;16;1
202100048655;114 784;7;0;2;3;15;1
202100048655;114 785;7;0;2;1;1;1
202100048655;114 786;7;0;2;9;1;1
202100048655;114 787;7;1;0;4;24;1
202100048656;114 783;7;0;0;1;9;1
202100048657;114 781;34;0;2;1;1;1
202100048657;114 782;7;0;2;3;15;1
202100048658;114 778;32;0;2;7;1;1
202100048658;114 779;7;0;2;1;9;1
202100048659;114 776;1;0;2;1;26;5
202100048659;114 777;7;0;2;3;26;1
202100048660;114 775;7;0;1;2;1;1
202100048661;114 773;33;0;2;1;1;0
202100048661;114 774;7;0;2;2;17;0
202100048662;114 771;7;0;2;1;2;1
202100048662;114 772;13;0;2;4;23;1
202100048663;114 770;32;0;0;0;0;1
202100048664;114 768;50;0;2;1;1;3
202100048664;114 769;10;0;2;0;10;3
202100048665;114 766;7;0;2;3;9;1
202100048665;114 767;7;0;2;1;9;1
202100048666;114 764;1;0;2;1;15;5
202100048666;114 765;7;0;2;1;1;1
202100048667;114 762;7;0;2;1;20;1
202100048667;114 763;7;0;2;3;1;1
202100048668;114 761;33;15;0;1;14;1
202100048669;114 759;7;0;2;1;19;1
202100048669;114 760;7;0;2;7;1;1
202100048670;114 758;2;0;2;0;1;3
202100048671;114 757;7;0;1;3;9;0
202100048672;114 755;2;0;2;8;9;1
202100048672;114 756;7;0;2;1;26;0
202100048673;114 754;31;0;0;0;23;1
202100048674;114 752;33;0;2;2;12;1
202100048674;114 753;7;0;2;3;13;1
202100048675;114 749;99;0;1;0;17;6
202100048676;114 747;7;0;2;8;1;1
202100048676;114 748;7;0;2;1;1;1
202100048677;114 745;7;0;2;1;2;1
202100048677;114 746;13;0;2;4;2;1
202100048678;114 743;15;0;2;5;14;1
202100048678;114 744;80;0;2;1;7;3
202100048679;114 741;33;0;2;2;1;1
202100048679;114 742;7;0;2;3;11;1
202100048680;114 739;33;14;0;3;12;1
202100048680;114 740;7;0;2;3;9;1
202100048681;114 737;15;0;2;7;17;1
202100048681;114 738;3;0;2;3;15;1
202100048682;114 735;7;0;2;2;1;0
202100048682;114 736;7;0;2;1;1;1
202100048683;114 733;7;0;2;2;1;1
202100048683;114 734;30;0;2;8;26;1
202100048684;114 732;32;0;1;2;17;1
202100048685;114 730;7;0;2;3;15;1
202100048685;114 731;1;0;2;1;1;5
202100048686;114 728;7;0;2;3;1;0
202100048686;114 729;7;0;2;0;0;0
202100048687;114 726;34;0;2;1;1;1
202100048687;114 727;7;0;2;6;0;1
202100048688;114 724;7;0;2;0;0;1
202100048688;114 725;3;0;2;0;24;3
202100048689;114 721;7;0;2;8;1;1
202100048689;114 722;30;0;2;1;1;1
202100048689;114 723;32;0;2;1;1;1
202100048690;114 720;34;0;1;2;2;1
202100048691;114 718;32;1;0;1;2;1
202100048691;114 719;15;0;2;6;24;1
202100048692;114 717;30;0;0;0;1;1
202100048693;114 716;10;0;1;2;1;1
202100048694;114 715;30;1;1;1;1;3
202100048695;114 713;7;0;2;6;15;1
202100048695;114 714;32;0;2;7;17;1
202100048696;114 711;50;0;2;1;1;3
202100048696;114 712;7;0;2;5;15;2
202100048697;114 709;34;0;2;1;17;1
202100048697;114 710;7;0;2;8;10;1
202100048698;114 707;7;1;1;0;23;1
202100048698;114 708;7;0;2;1;1;2
202100048699;114 706;7;0;1;2;1;1
202100048700;114 705;1;0;1;1;21;5
202100048701;114 703;1;0;2;1;19;5
202100048701;114 704;7;0;2;6;15;1
202100048702;114 701;7;0;2;8;22;1
202100048702;114 702;1;0;2;1;1;5
202100048703;114 699;7;0;2;1;1;1
202100048703;114 700;7;0;2;1;11;1
202100048704;114 698;7;0;1;3;1;1
202100048705;114 697;7;1;1;3;1;1
202100048706;114 695;33;0;2;1;5;1
202100048706;114 696;7;0;2;1;1;1
202100048707;114 693;10;1;0;1;0;1
202100048707;114 694;7;1;0;0;0;2
202100048708;114 692;7;1;2;7;2;1
202100048709;114 691;7;0;1;2;2;0
202100048710;114 689;30;0;2;3;19;6
202100048710;114 690;32;0;2;5;9;6
202100048711;114 687;10;0;2;2;1;1
202100048711;114 688;99;0;2;3;9;0
202100048712;114 686;34;0;1;0;17;0
202100048713;114 685;7;1;1;3;17;1
202100048714;114 683;30;0;0;0;0;1
202100048714;114 684;7;0;0;1;15;1
202100048715;114 682;7;0;1;2;9;1
202100048716;114 681;7;15;2;1;13;1
202100048717;114 679;60;0;2;7;19;5
202100048717;114 680;30;0;2;1;18;1
202100048718;114 677;7;0;2;1;15;1
202100048718;114 678;1;0;2;1;1;5
202100048719;114 675;17;0;2;8;16;1
202100048719;114 676;33;0;0;0;1;1
202100048720;114 674;7;0;1;0;1;0
202100048721;114 671;32;0;2;1;1;1
202100048721;114 672;7;0;2;7;14;1
202100048721;114 673;7;0;2;1;15;0
202100048722;114 669;7;0;2;1;15;1
202100048722;114 670;10;0;2;2;1;1
202100048723;114 667;7;0;2;5;1;1
202100048723;114 668;7;0;2;1;1;1
202100048724;114 666;2;13;0;1;1;1
202100048725;114 665;10;0;0;0;13;1
202100048726;114 663;1;0;2;8;2;5
202100048726;114 664;7;0;2;7;2;1
202100048727;114 661;7;0;2;1;1;1
202100048727;114 662;7;7;0;7;19;1
202100048728;114 659;7;0;0;2;1;1
202100048728;114 660;33;0;2;3;11;1
202100048729;114 657;1;0;2;8;1;5
202100048729;114 658;7;0;9;1;15;1
202100048730;114 655;7;0;2;4;2;1
202100048730;114 656;7;0;2;1;2;1
202100048731;114 654;33;0;0;1;1;1
202100048732;114 653;10;2;0;3;0;1
202100048733;114 651;10;0;2;3;15;1
202100048733;114 652;33;0;2;1;1;1
202100048734;114 649;7;0;2;4;1;1
202100048734;114 650;33;0;2;1;1;1
202100048735;114 648;7;6;0;8;1;1
202100048736;114 646;7;0;2;4;1;1
202100048736;114 647;7;0;2;2;1;1
202100048737;114 644;7;0;2;3;1;1
202100048737;114 645;7;0;2;1;19;1
202100048738;114 643;7;2;0;1;1;1
202100048739;114 642;2;13;0;0;1;1
202100048740;114 641;7;8;0;1;0;1
202100048741;114 639;7;0;2;3;1;1
202100048741;114 640;7;0;2;3;13;1
202100048742;114 637;7;0;2;7;1;1
202100048742;114 638;7;0;2;1;1;1
202100048743;114 635;7;0;2;8;19;1
202100048743;114 636;7;0;2;1;1;1
202100048744;114 633;10;3;2;4;11;1
202100048744;114 634;7;0;2;1;17;1
202100048745;114 631;33;0;2;1;1;1
202100048745;114 632;7;0;2;3;10;1
202100048746;114 630;50;14;0;1;1;3
202100048747;114 628;1;0;2;3;2;0
202100048747;114 629;7;0;9;2;0;1
202100048748;114 626;7;0;2;6;15;1
202100048748;114 627;7;0;2;1;1;1
202100048749;114 624;7;0;2;2;13;1
202100048749;114 625;31;0;2;1;0;1
202100048750;114 623;1;0;0;0;0;5
202100048751;114 621;7;0;2;2;19;1
202100048751;114 622;7;0;2;3;1;1
202100048752;114 619;2;0;2;1;1;1
202100048752;114 620;7;0;0;4;1;1
202100048753;114 618;2;17;0;1;1;1
202100048754;114 617;7;13;0;3;13;1
202100048755;114 616;7;0;1;2;2;1
202100048756;114 615;7;0;1;3;15;1
202100048757;114 614;33;0;0;0;0;1
202100048758;114 612;7;14;0;3;1;1
202100048758;114 613;15;0;2;5;23;1
202100048759;114 609;7;0;2;1;2;1
202100048759;114 610;7;0;2;4;21;1
202100048759;114 611;7;0;2;4;2;1
202100048760;114 607;15;0;2;2;12;1
202100048760;114 608;7;0;2;6;1;1
202100048761;114 606;33;0;0;0;0;1
202100048762;114 604;7;0;2;6;11;1
202100048762;114 605;7;0;2;2;1;1
202100048763;114 603;13;3;2;4;2;1
202100048764;114 602;33;0;0;2;1;1
202100048765;114 600;7;0;2;4;2;1
202100048765;114 601;10;0;2;1;2;1
202100048766;114 598;7;4;2;7;1;1
202100048766;114 599;17;0;2;8;11;1
202100048767;114 596;7;0;2;8;11;1
202100048767;114 597;34;0;2;7;1;1
202100048768;114 594;32;0;2;1;3;1
202100048768;114 595;7;0;2;2;12;1
202100048769;114 591;10;0;2;4;2;1
202100048769;114 592;10;0;2;1;2;1
202100048769;114 593;7;0;2;4;2;1
202100048770;114 589;7;0;2;1;1;1
202100048770;114 590;10;0;2;4;1;1
202100048771;114 588;7;5;0;1;14;1
202100048772;114 586;31;0;2;7;1;1
202100048772;114 587;7;0;2;1;9;1
202100048773;114 585;7;0;1;1;15;1
202100048774;114 584;40;0;1;7;1;3
202100048775;114 582;7;0;2;2;16;1
202100048775;114 583;33;0;2;0;1;1
202100048776;114 580;7;0;2;3;10;1
202100048776;114 581;32;0;2;7;17;1
202100048777;114 578;32;0;2;3;1;1
202100048777;114 579;10;0;2;2;12;1
202100048778;114 576;7;0;2;3;9;1
202100048778;114 577;7;0;2;2;1;1
202100048779;114 575;1;0;1;1;16;5
202100048780;114 573;1;0;2;4;23;5
202100048780;114 574;1;0;2;1;1;5
202100048781;114 571;1;0;2;6;1;5
202100048781;114 572;7;0;2;0;14;0
202100048782;114 570;2;0;0;7;1;1
202100048783;114 568;7;0;2;3;1;1
202100048783;114 569;33;0;2;1;1;1
202100048784;114 567;32;0;1;1;1;1
202100048785;114 566;30;0;0;3;1;1
202100048786;114 564;1;0;2;1;1;5
202100048786;114 565;50;0;2;1;13;3
202100048787;114 563;7;0;1;2;1;0
202100048788;114 562;7;8;0;4;20;1
202100048789;114 560;34;0;2;7;1;1
202100048789;114 561;7;0;2;2;15;1
202100048790;114 558;7;0;2;1;19;1
202100048790;114 559;7;0;2;1;0;1
202100048791;114 555;10;0;2;1;1;1
202100048791;114 556;7;0;2;8;10;1
202100048791;114 557;7;0;2;2;1;1
202100048792;114 554;7;15;1;1;1;1
202100048793;114 553;7;0;1;1;1;0
202100048794;114 551;7;0;2;2;17;1
202100048794;114 552;99;0;2;8;2;0
202100048795;114 549;31;0;2;2;16;1
202100048795;114 550;30;0;2;3;26;1
202100048796;114 548;10;0;1;1;0;1
202100048797;114 547;50;0;0;0;0;3
202100048798;114 545;1;0;2;8;26;0
202100048798;114 546;7;0;2;2;13;0
202100048799;114 544;2;0;0;8;26;1
202100048800;114 542;7;0;2;1;2;1
202100048800;114 543;7;0;2;4;23;1
202100048801;114 541;7;15;0;1;1;1
202100048802;114 539;7;0;0;0;0;1
202100048802;114 540;80;0;0;0;13;2
202100048803;114 537;7;3;2;1;1;1
202100048803;114 538;7;0;2;1;1;1
202100048804;114 532;7;0;9;3;26;1
202100048804;114 533;1;0;2;7;1;0
202100048805;114 531;7;8;0;1;0;1
202100048806;114 529;33;0;2;1;1;1
202100048806;114 530;3;0;2;3;15;1
202100048807;114 527;7;0;2;1;1;1
202100048807;114 528;7;0;2;8;1;1
202100048808;114 526;7;9;0;3;1;1
202100048809;114 524;7;0;2;8;1;1
202100048809;114 525;7;0;2;1;1;1
202100048810;114 522;7;0;2;1;19;1
202100048810;114 523;7;7;2;8;19;1
202100048811;114 518;14;0;2;8;17;1
202100048811;114 519;17;0;0;0;24;1
202100048811;114 520;31;0;2;1;2;1
202100048811;114 521;10;0;2;6;1;1
202100048812;114 517;1;3;9;1;16;5
202100048813;114 515;7;0;2;3;1;1
202100048813;114 516;10;0;2;3;15;1
202100048814;114 512;30;0;2;1;5;1
202100048814;114 513;2;0;2;1;1;1
202100048814;114 514;7;0;2;8;1;1
202100048815;114 509;7;0;2;3;1;1
202100048815;114 510;7;0;2;1;1;1
202100048815;114 511;7;0;2;1;18;1
202100048816;114 507;7;0;2;1;1;1
202100048816;114 508;7;0;2;1;13;1
202100048817;114 506;2;0;1;1;1;1
202100048818;114 504;80;0;2;8;15;3
202100048818;114 505;7;0;2;2;17;1
202100048819;114 502;10;0;2;2;2;1
202100048819;114 503;80;0;2;4;1;3
202100048820;114 500;13;0;2;5;2;1
202100048820;114 501;10;0;2;1;2;1
202100048821;114 499;7;7;0;2;2;1
202100048822;114 498;7;0;0;0;1;1
202100048823;114 495;7;0;2;3;13;1
202100048823;114 496;7;0;0;5;1;1
202100048824;114 493;7;0;2;7;10;1
202100048824;114 494;33;0;2;1;1;1
202100048825;114 491;7;0;2;2;12;1
202100048825;114 492;15;0;0;6;1;1
202100048826;114 490;7;2;0;0;1;1
202100048827;114 488;14;0;0;6;15;1
202100048827;114 489;7;0;2;2;17;1
202100048828;114 486;1;0;0;7;1;5
202100048828;114 487;7;0;2;1;15;1
202100048829;114 483;7;0;2;7;17;1
202100048829;114 484;1;0;2;8;1;5
202100048829;114 485;1;0;2;8;1;5
202100048830;114 477;7;0;2;3;1;1
202100048830;114 478;15;0;2;2;14;1
202100048831;114 475;14;0;2;8;11;1
202100048831;114 476;33;0;0;7;2;1
202100048832;114 473;7;0;2;4;2;1
202100048832;114 474;7;0;2;1;2;1
202100048833;114 471;7;0;2;4;2;2
202100048833;114 472;7;0;2;1;2;2
202100048834;114 470;33;0;0;7;11;1
202100048835;114 468;7;0;2;8;2;1
202100048835;114 469;13;0;2;2;14;1
202100048836;114 467;7;4;0;1;1;1
202100048837;114 465;7;0;2;7;26;1
202100048837;114 466;33;0;2;3;18;1
202100048838;114 463;7;0;2;4;2;1
202100048838;114 464;7;0;2;9;1;1
202100048839;114 461;7;0;2;0;0;1
202100048839;114 462;33;0;2;0;0;1
202100048840;114 459;7;0;2;2;1;1
202100048840;114 460;7;0;2;6;23;1
202100048841;114 458;7;0;1;1;19;1
202100048842;114 457;7;0;1;3;1;1
202100048843;114 455;32;0;2;1;26;1
202100048843;114 456;37;0;2;2;15;1
202100048844;114 453;7;0;2;3;9;1
202100048844;114 454;2;0;2;2;0;1
202100048845;114 452;30;1;0;2;13;1
202100048846;114 450;31;0;2;1;2;1
202100048846;114 451;7;0;2;4;23;1
202100048847;114 449;1;0;1;1;1;5
202100048848;114 448;7;8;0;2;26;1
202100048849;114 445;33;0;2;4;2;0
202100048849;114 446;7;0;2;1;1;1
202100048849;114 447;33;0;2;1;2;0
202100048850;114 443;7;0;2;4;23;1
202100048850;114 444;7;0;2;1;2;1
202100048851;114 441;7;0;2;8;15;1
202100048851;114 442;33;0;2;2;17;1
202100048852;114 438;7;1;0;1;1;1
202100048852;114 439;7;0;0;0;0;1
202100048852;114 440;7;0;0;0;0;1
202100048853;114 436;7;0;0;4;15;1
202100048853;114 437;2;0;2;1;15;1
202100048854;114 435;31;0;0;3;1;1
202100048855;114 433;7;0;2;1;1;1
202100048855;114 434;2;0;2;6;15;1
202100048856;114 431;40;0;2;3;1;3
202100048856;114 432;7;0;4;1;1;1
202100048857;114 429;1;1;0;1;1;5
202100048857;114 430;7;0;2;8;22;1
202100048858;114 427;7;0;2;1;7;1
202100048858;114 428;7;0;2;2;0;1
202100048859;114 426;7;1;0;2;1;1
202100048860;114 424;32;0;2;3;1;1
202100048860;114 425;30;0;2;1;1;1
202100048861;114 422;7;0;2;3;1;1
202100048861;114 423;32;0;2;1;1;1
202100048862;114 420;32;0;2;1;17;1
202100048862;114 421;7;0;2;3;15;1
202100048863;114 419;1;0;0;0;1;5
202100048864;114 418;7;0;1;5;20;1
202100048865;114 415;33;0;2;3;3;1
202100048865;114 416;7;0;2;7;12;1
202100048865;114 417;7;0;2;1;1;1
202100048866;114 413;7;0;2;5;2;2
202100048866;114 414;33;0;2;1;2;1
202100048867;114 411;10;0;2;5;1;1
202100048867;114 412;7;0;2;3;11;3
202100048868;114 406;33;0;2;7;3;1
202100048868;114 407;7;0;2;8;11;1
202100048868;114 408;10;0;2;3;1;1
202100048868;114 409;10;0;2;5;1;1
202100048868;114 410;10;0;2;5;1;1
202100048869;114 404;7;0;2;7;16;1
202100048869;114 405;30;0;2;8;18;1
202100048870;114 403;7;0;1;2;1;1
202100048871;114 401;3;0;2;3;26;1
202100048871;114 402;43;0;2;1;17;1
202100048872;114 399;10;0;9;2;15;1
202100048872;114 400;50;0;2;8;1;3
202100048873;114 397;30;0;2;1;16;1
202100048873;114 398;7;0;2;2;1;1
202100048874;114 395;7;0;2;3;15;1
202100048874;114 396;33;0;2;7;17;1
202100048875;114 393;2;0;2;8;5;1
202100048875;114 394;7;0;2;1;1;1
202100048876;114 391;7;0;2;1;1;1
202100048876;114 392;7;0;0;7;19;1
202100048877;114 389;7;0;2;1;21;1
202100048877;114 390;7;0;2;1;13;1
202100048878;114 387;7;13;0;0;21;1
202100048879;114 386;7;0;0;0;1;1
202100048880;114 385;14;0;0;7;15;1
202100048881;114 384;17;15;0;2;1;1
202100048882;114 383;7;2;0;3;1;1
202100048883;114 381;7;7;2;3;1;1
202100048883;114 382;7;0;2;1;15;1
202100048884;114 380;33;0;1;1;21;1
202100048885;114 378;10;0;0;0;0;1
202100048886;114 375;7;0;2;2;19;1
202100048886;114 376;7;0;2;8;23;1
202100048886;114 377;7;0;2;3;1;1
202100048887;114 373;7;0;2;3;1;1
202100048887;114 374;13;0;2;3;1;1
202100048888;114 372;7;0;0;9;0;1
202100048889;114 370;7;0;2;7;1;1
202100048889;114 371;7;0;2;3;15;1
202100048890;114 368;34;0;2;2;17;1
202100048890;114 369;7;0;2;8;15;1
202100048891;114 366;3;0;0;4;2;1
202100048891;114 367;38;0;2;1;2;1
202100048892;114 365;7;15;0;1;1;1
202100048893;114 364;7;6;0;1;0;1
202100048894;114 362;7;0;2;4;2;1
202100048894;114 363;33;0;2;1;2;1
202100048895;114 360;7;0;2;1;5;1
202100048895;114 361;7;0;0;1;23;1
202100048896;114 358;7;0;2;1;2;1
202100048896;114 359;99;0;2;3;9;1
202100048897;114 356;15;0;2;1;1;1
202100048897;114 357;7;0;2;1;11;1
202100048898;114 354;7;0;2;8;15;1
202100048898;114 355;37;0;2;2;7;1
202100048899;114 352;1;0;2;1;1;5
202100048899;114 353;7;0;2;1;15;1
202100048900;114 350;17;0;2;1;1;1
202100048900;114 351;7;0;2;3;15;1
202100048901;114 348;7;0;2;4;2;1
202100048901;114 349;7;0;2;1;2;1
202100048902;114 346;7;0;0;4;1;1
202100048902;114 347;33;0;2;1;2;1
202100048903;114 344;7;0;2;4;1;1
202100048903;114 345;7;0;2;1;1;1
202100048904;114 343;7;6;0;1;13;1
202100048905;114 341;10;0;2;3;1;1
202100048905;114 342;50;0;2;4;0;3
202100048906;114 339;99;0;2;8;11;1
202100048906;114 340;7;0;2;1;17;1
202100048907;114 337;7;0;2;3;15;1
202100048907;114 338;7;15;2;3;21;1
202100048908;114 336;7;6;0;1;1;1
202100048909;114 334;7;0;2;3;17;1
202100048909;114 335;7;0;2;3;1;1
202100048910;114 332;7;0;0;1;1;1
202100048910;114 333;7;0;0;3;0;1
202100048911;114 331;7;0;1;2;2;1
202100048912;114 329;7;0;2;2;1;1
202100048912;114 330;7;0;2;3;19;1
202100048913;114 328;7;2;0;1;14;1
202100048914;114 326;43;0;2;2;3;1
202100048914;114 327;7;0;2;3;1;1
202100048915;114 325;7;0;0;9;12;1
202100048916;114 323;7;0;2;1;1;1
202100048916;114 324;7;0;2;4;23;1
202100048917;114 320;7;0;0;4;2;1
202100048917;114 321;7;0;2;1;2;1
202100048917;114 322;7;0;2;3;2;1
202100048918;114 317;10;0;0;0;0;0
202100048918;114 318;33;0;2;0;12;1
202100048918;114 319;7;0;2;3;1;1
202100048919;114 314;33;0;2;6;2;1
202100048919;114 315;7;0;2;5;2;2
202100048919;114 316;32;0;2;3;3;1
202100048920;114 312;7;1;0;1;12;1
202100048920;114 313;7;0;2;4;23;2
202100048921;114 311;7;13;2;6;1;1
202100048922;114 308;7;0;2;6;0;1
202100048922;114 309;7;0;2;8;1;1
202100048922;114 310;7;0;2;1;26;1
202100048923;114 306;30;0;2;1;13;1
202100048923;114 307;7;0;2;3;1;1
202100048924;114 304;7;0;2;3;1;1
202100048924;114 305;1;0;2;7;1;5
202100048925;114 303;7;0;1;3;1;1
202100048926;114 301;7;0;2;3;13;1
202100048926;114 302;7;0;2;3;5;1
202100048927;114 298;10;0;2;3;23;1
202100048927;114 299;7;0;2;3;23;1
202100048927;114 300;7;0;2;1;19;1
202100048928;114 296;10;0;2;3;15;1
202100048928;114 297;33;0;2;7;17;1
202100048929;114 294;7;0;2;3;16;1
202100048929;114 295;33;0;2;1;1;1
202100048930;114 292;30;0;2;1;13;1
202100048930;114 293;7;0;2;2;1;1
202100048931;114 289;7;0;1;2;16;1
202100048932;114 284;30;0;2;1;26;1
202100048932;114 285;7;0;2;3;1;1
202100048933;114 282;7;0;2;6;15;1
202100048933;114 283;33;0;2;1;1;1
202100048934;114 280;7;0;2;2;21;1
202100048934;114 281;80;0;2;1;15;3
202100048935;114 279;33;0;0;0;17;1
202100048936;114 276;7;0;2;2;14;1
202100048936;114 277;7;0;0;4;23;1
202100048936;114 278;7;0;0;6;1;1
202100048937;114 274;7;0;2;3;19;1
202100048937;114 275;1;0;2;2;1;5
202100048938;114 272;31;0;2;1;19;0
202100048938;114 273;7;0;2;1;2;1
202100048939;114 271;33;12;0;1;1;1
202100048940;114 270;7;13;0;1;1;1
202100048941;114 267;7;0;2;2;15;1
202100048941;114 268;7;2;2;1;2;1
202100048942;114 266;7;2;0;8;1;1
202100048943;114 265;7;8;0;1;26;1
202100048944;114 263;50;0;2;1;19;3
202100048944;114 264;7;0;2;4;4;1
202100048945;114 261;15;0;2;0;1;1
202100048945;114 262;7;0;2;3;13;1
202100048946;114 260;7;12;0;2;15;1
202100048947;114 258;1;0;2;9;2;0
202100048947;114 259;7;0;2;2;2;1
202100048948;114 256;30;0;2;1;3;1
202100048948;114 257;7;0;2;6;1;1
202100048949;114 255;7;0;1;0;0;0
202100048950;114 253;7;0;2;7;15;1
202100048950;114 254;33;0;2;1;1;1
202100048951;114 251;7;0;2;2;17;1
202100048951;114 252;1;0;2;8;1;5
202100048952;114 249;33;0;2;1;17;1
202100048952;114 250;7;0;2;8;15;1
202100048953;114 247;30;0;2;2;3;1
202100048953;114 248;7;0;2;3;11;1
202100048954;114 244;32;0;2;0;1;1
202100048954;114 245;7;0;2;0;23;1
202100048954;114 246;7;0;2;0;23;1