Num_Acc;id_vehicule;catv;obs;obsm;choc;manv;motor
202100048955;114 242;50;0;2;2;7;3
202100048955;114 243;7;0;2;2;15;1
202100048956;114 240;37;0;2;1;9;2
202100048956;114 241;1;0;2;1;1;5
202100048957;114 238;32;9;2;8;1;1
202100048957;114 239;7;0;2;1;1;1
202100048958;114 236;2;0;2;3;1;1
202100048958;114 237;7;0;2;3;15;1
202100048959;114 235;7;0;1;2;1;2
202100048960;114 233;50;0;2;0;5;3
202100048960;114 234;7;0;2;2;9;1
202100048961;114 232;7;11;0;1;1;1
202100048962;114 231;7;0;1;2;7;1
202100048963;114 229;7;0;2;1;15;1
202100048963;114 230;43;0;2;3;1;1
202100048964;114 227;7;0;2;2;15;1
202100048964;114 228;2;0;2;8;1;1
202100048965;114 225;7;0;2;7;16;1
202100048965;114 226;2;0;2;1;18;1
202100048966;114 223;7;0;2;7;15;1
202100048966;114 224;7;0;2;1;1;0
202100048967;114 222;10;1;2;4;4;1
202100048968;114 219;7;0;2;1;2;1
202100048968;114 220;7;0;2;4;1;1
202100048968;114 221;7;0;2;4;2;1
202100048969;114 217;32;8;0;8;17;1
202100048969;114 218;7;0;2;0;15;1
202100048970;114 215;7;0;2;5;2;1
202100048970;114 216;7;0;2;1;2;1
202100048971;114 213;33;0;9;7;1;1
202100048971;114 214;3;0;2;3;9;0
202100048972;114 211;7;0;2;1;15;1
202100048972;114 212;1;0;2;1;16;0
202100048973;114 209;7;0;2;4;1;1
202100048973;114 210;7;0;2;1;1;1
202100048974;114 208;13;0;1;4;4;0
202100048975;114 206;7;0;2;5;1;1
202100048975;114 207;7;0;2;2;1;1
202100048976;114 205;7;0;1;1;9;1
202100048977;114 203;34;0;2;1;1;1
202100048977;114 204;7;0;2;3;15;1
202100048978;114 201;1;0;2;4;19;5
202100048978;114 202;10;0;2;3;1;1
202100048979;114 198;34;1;0;3;1;1
202100048980;114 197;31;0;1;2;1;1
202100048981;114 195;32;0;2;1;5;1
202100048981;114 196;7;0;2;3;15;1
202100048982;114 193;7;0;2;3;15;1
202100048982;114 194;1;0;2;1;1;5
202100048983;114 191;7;0;2;8;15;1
202100048983;114 192;2;0;2;1;17;1
202100048984;114 190;31;0;0;8;1;1
202100048985;114 188;7;0;2;1;1;1
202100048985;114 189;7;0;2;1;13;1
202100048986;114 187;7;0;1;7;1;1
202100048987;114 186;2;0;0;0;2;1
202100048988;114 185;7;13;0;2;1;1
202100048989;114 184;7;3;0;1;14;1
202100048990;114 182;7;3;2;5;13;1
202100048990;114 183;7;0;2;1;1;1
202100048991;114 181;31;0;0;8;1;1
202100048992;114 180;7;6;0;1;19;1
202100048993;114 178;33;0;2;1;1;1
202100048993;114 179;7;0;2;5;15;2
202100048994;114 176;31;0;2;1;2;1
202100048994;114 177;33;0;2;4;2;1
202100048995;114 175;1;0;0;1;13;5
202100048996;114 173;7;6;2;1;1;1
202100048996;114 174;7;2;2;1;1;1
202100048997;114 172;7;1;0;1;1;1
202100048998;114 170;10;0;2;3;1;1
202100048998;114 171;1;0;2;4;11;5
202100048999;114 168;21;0;2;3;1;1
202100048999;114 169;7;0;2;3;13;1
202100049000;114 166;7;0;0;5;15;1
202100049000;114 167;1;0;2;1;1;5
202100049001;114 165;33;14;0;7;1;1
202100049002;114 164;7;8;0;3;13;1
202100049003;114 163;7;6;0;2;1;1
202100049004;114 161;7;0;0;5;9;1
202100049004;114 162;33;0;2;1;1;1
202100049005;114 160;7;7;0;0;1;1
202100049006;114 158;7;0;2;3;13;1
202100049006;114 159;7;8;2;3;1;1
202100049007;114 155;7;13;0;9;1;1
202100049008;114 154;7;15;0;0;26;1
202100049009;114 153;2;14;0;1;1;1
202100049010;114 152;7;8;0;1;1;1
202100049011;114 150;7;0;2;1;1;1
202100049011;114 151;30;0;2;1;1;1
202100049012;114 149;7;2;0;5;1;1
202100049013;114 148;1;0;0;1;1;5
202100049014;114 147;33;2;0;1;0;1
202100049015;114 146;10;13;0;1;26;1
202100049016;114 145;7;2;0;3;1;1
202100049017;114 143;7;0;2;4;23;1
202100049017;114 144;7;6;2;2;2;1
202100049018;114 142;7;8;0;1;0;1
202100049019;114 141;7;8;0;3;13;1
202100049020;114 138;7;0;2;3;1;1
202100049020;114 139;7;0;2;1;23;1
202100049020;114 140;7;0;2;2;10;1
202100049021;114 135;2;2;0;1;1;1
202100049022;114 134;7;17;0;1;1;1
202100049023;114 132;7;0;2;1;13;1
202100049023;114 133;7;0;2;1;2;1
202100049024;114 131;7;13;0;1;14;1
202100049025;114 130;33;0;0;0;2;1
202100049026;114 127;7;0;2;1;13;1
202100049026;114 128;7;0;2;5;21;1
202100049026;114 129;33;0;2;1;0;1
202100049027;114 125;7;0;2;3;1;1
202100049027;114 126;7;0;2;3;1;1
202100049028;114 124;7;10;0;3;1;1
202100049029;114 123;7;0;0;0;5;1
202100049030;114 121;33;0;2;1;2;1
202100049030;114 122;7;0;0;4;2;1
202100049031;114 116;7;0;2;8;1;1
202100049032;114 113;7;0;2;1;1;1
202100049032;114 114;7;0;2;4;1;1
202100049032;114 115;7;0;2;4;1;1
202100049033;114 111;7;0;2;4;2;1
202100049033;114 112;10;0;2;1;2;1
202100049034;114 108;7;0;2;4;2;1
202100049034;114 109;7;0;2;1;2;1
202100049034;114 110;7;0;2;4;2;1
202100049035;114 107;33;0;0;9;26;1
202100049036;114 106;33;0;0;9;14;1
202100049037;114 104;10;0;2;4;1;1
202100049037;114 105;7;0;2;1;2;1
202100049038;114 101;7;4;0;4;2;1
202100049038;114 102;7;4;0;4;2;1
202100049038;114 103;7;4;0;1;2;1
202100049039;114 099;15;0;2;3;1;0
202100049039;114 100;7;0;2;2;14;1
202100049040;114 097;7;0;2;4;1;1
202100049040;114 098;7;0;2;1;2;1
202100049041;114 095;33;0;2;8;3;1
202100049041;114 096;7;0;2;7;12;1
202100049042;114 092;7;0;2;4;2;1
202100049042;114 093;10;0;2;1;2;4
202100049042;114 094;13;0;2;4;2;4
202100049043;114 090;7;0;2;1;1;1
202100049043;114 091;7;0;2;7;19;1
202100049044;114 087;7;0;0;4;2;1
202100049044;114 088;7;0;2;4;2;1
202100049044;114 089;7;0;2;1;9;1
202100049045;114 086;7;0;1;1;15;1
202100049046;114 085;10;0;1;3;9;1
202100049047;114 083;7;0;2;8;24;1
202100049047;114 084;10;1;0;9;21;1
202100049048;114 082;3;0;1;4;20;1
202100049049;114 080;7;0;2;3;1;1
202100049049;114 081;7;0;2;3;13;1
202100049050;114 079;7;0;1;2;1;2
202100049051;114 077;7;0;2;6;1;1
202100049051;114 078;33;0;1;1;17;1
202100049052;114 076;7;0;1;2;1;1
202100049053;114 074;33;0;2;1;1;1
202100049053;114 075;7;0;2;2;19;1
202100049054;114 073;31;0;0;0;26;0
202100049055;114 072;34;10;0;7;26;1
202100049056;114 070;80;0;2;8;19;3
202100049056;114 071;7;0;2;2;1;1
202100049057;114 068;10;0;2;8;2;1
202100049057;114 069;33;0;2;7;2;1
202100049058;114 067;10;0;1;4;26;1
202100049059;114 065;7;0;2;3;15;1
202100049059;114 066;2;0;2;7;17;1
202100049060;114 063;7;0;2;1;1;2
202100049060;114 064;30;0;2;7;16;1
202100049061;114 061;34;0;2;5;2;0
202100049061;114 062;7;0;2;2;1;1
202100049062;114 060;7;6;0;1;15;1
202100049063;114 059;30;14;2;3;1;1
202100049064;114 058;7;0;1;3;16;1
202100049065;114 056;1;0;2;8;19;5
202100049065;114 057;7;0;2;1;1;1
202100049066;114 054;30;0;2;1;1;1
202100049066;114 055;7;0;2;4;1;1
202100049067;114 052;7;0;2;1;1;1
202100049067;114 053;7;0;2;3;15;1
202100049068;114 050;10;0;2;0;0;1
202100049068;114 051;3;0;2;1;0;1
202100049069;114 048;7;1;0;1;16;1
202100049069;114 049;37;0;2;3;24;1
202100049070;114 047;7;5;0;0;1;1
202100049071;114 045;7;0;2;2;15;1
202100049071;114 046;33;0;2;1;1;1
202100049072;114 044;33;15;0;1;1;1
202100049073;114 042;7;0;2;2;1;1
202100049073;114 043;7;0;2;1;15;1
202100049074;114 041;7;0;1;3;26;1
202100049075;114 038;7;0;2;1;2;1
202100049075;114 039;7;0;2;4;2;1
202100049075;114 040;7;0;2;4;2;1
202100049076;114 037;60;0;1;1;1;5
202100049077;114 035;7;1;2;1;16;1
202100049077;114 036;33;1;2;7;1;1
202100049078;114 034;7;13;0;0;14;1
202100049079;114 033;7;0;1;4;4;1
202100049080;114 030;10;0;2;1;2;1
202100049080;114 031;7;0;2;4;2;1
202100049080;114 032;7;0;2;4;2;1
202100049081;114 028;10;0;2;3;1;1
202100049081;114 029;7;0;2;7;12;1
202100049082;114 027;31;15;0;8;1;1
202100049083;114 023;7;0;2;4;15;1
202100049083;114 024;7;9;2;1;9;2
202100049083;114 025;7;0;2;7;10;1
202100049083;114 026;10;0;2;3;1;1
202100049084;114 021;7;0;2;2;16;1
202100049084;114 022;1;0;2;1;1;5
202100049085;114 017;7;0;2;3;26;1
202100049085;114 018;7;0;2;2;1;1
202100049086;114 015;1;0;2;7;1;5
202100049086;114 016;7;0;2;1;1;1
202100049087;114 013;10;0;0;7;0;1
202100049087;114 014;60;0;2;0;0;5
202100049088;114 011;7;1;2;9;16;1
202100049088;114 012;7;0;2;1;0;1
202100049089;114 009;7;0;2;1;15;1
202100049089;114 010;31;0;2;1;1;1
202100049090;114 008;7;0;1;1;15;1
202100049091;114 005;7;1;0;3;9;1
202100049091;114 006;10;1;0;0;0;1
202100049091;114 007;2;1;2;1;1;1
202100049092;114 003;7;0;2;4;23;2
202100049092;114 004;31;0;2;1;2;1
202100049093;114 001;7;0;2;1;13;2
202100049093;114 002;17;0;2;1;1;6
202100049094;113 999;7;0;2;3;1;1
202100049094;114 000;7;0;2;3;1;1
202100049095;113 997;7;0;2;2;1;1
202100049095;113 998;2;0;2;1;1;1
202100049096;113 996;2;0;0;1;1;1
202100049097;113 993;7;12;2;1;9;1
202100049097;113 994;7;0;2;1;1;1
202100049097;113 995;7;0;2;8;1;1
202100049098;113 991;30;0;2;1;18;1
202100049098;113 992;7;0;2;2;16;1
202100049099;113 990;7;0;1;1;1;1
202100049100;113 989;7;0;1;1;21;1
202100049101;113 987;3;0;2;7;15;1
202100049101;113 988;33;0;2;1;1;1
202100049102;113 985;33;0;2;1;2;1
202100049102;113 986;7;0;2;6;23;1
202100049103;113 984;7;6;0;2;14;1
202100049104;113 983;32;0;1;1;1;0
202100049105;113 981;7;0;9;3;15;1
202100049105;113 982;1;0;2;1;1;5
202100049106;113 979;7;0;2;4;2;1
202100049106;113 980;7;0;2;1;2;1
202100049107;113 977;1;0;2;7;26;5
202100049107;113 978;7;0;9;2;9;1
202100049108;113 975;7;0;2;4;4;1
202100049108;113 976;2;0;2;1;1;1
202100049109;113 974;7;0;1;7;1;1
202100049110;113 970;7;0;2;3;14;1
202100049110;113 971;7;0;2;3;11;1
202100049110;113 972;7;0;2;5;1;1
202100049110;113 973;7;0;0;4;1;1
202100049111;113 969;99;0;9;0;26;0
202100049112;113 967;80;0;2;8;19;3
202100049112;113 968;7;0;2;2;26;1
202100049113;113 965;1;0;2;1;1;0
202100049113;113 966;10;0;2;3;15;1
202100049114;113 963;2;1;2;1;18;1
202100049114;113 964;7;0;2;0;0;0
202100049115;113 961;7;0;2;2;15;1
202100049115;113 962;33;0;2;1;1;1
202100049116;113 959;7;0;2;2;1;1
202100049116;113 960;31;0;2;1;5;0
202100049117;113 957;7;0;2;3;15;1
202100049117;113 958;33;0;2;1;13;1
202100049118;113 955;36;0;2;1;2;1
202100049118;113 956;32;0;2;4;23;1
202100049119;113 953;32;14;2;0;0;1
202100049119;113 954;7;14;2;0;0;1
202100049120;113 952;7;1;0;1;26;1
202100049121;113 950;33;0;2;2;1;1
202100049121;113 951;7;0;2;3;15;1
202100049122;113 948;7;0;2;3;15;1
202100049122;113 949;7;1;0;7;1;1
202100049123;113 945;7;0;2;2;21;1
202100049123;113 946;7;0;2;3;13;1
202100049123;113 947;7;0;2;5;26;1
202100049124;113 943;7;0;2;1;2;1
202100049124;113 944;7;0;2;4;2;1
202100049125;113 941;32;0;2;8;11;1
202100049125;113 942;32;0;2;7;1;1
202100049126;113 939;33;0;2;7;3;1
202100049126;113 940;10;0;2;8;11;1
202100049127;113 938;32;0;1;1;1;1
202100049128;113 937;1;0;1;1;1;5
202100049129;113 935;7;0;2;7;16;1
202100049129;113 936;33;0;2;0;18;1
202100049130;113 934;1;0;0;0;21;5
202100049131;113 932;2;0;2;6;18;1
202100049131;113 933;7;0;2;0;1;1
202100049132;113 930;7;0;2;2;1;1
202100049132;113 931;37;0;2;3;9;1
202100049133;113 928;43;0;2;2;15;1
202100049133;113 929;30;0;2;3;13;3
202100049134;113 927;7;0;1;1;1;1
202100049135;113 926;1;1;0;1;14;5
202100049136;113 925;7;0;1;2;15;1
202100049137;113 923;7;12;2;1;1;1
202100049137;113 924;7;12;2;8;1;1
202100049138;113 921;7;0;2;3;1;2
202100049138;113 922;30;0;2;1;1;1
202100049139;113 919;10;0;2;8;22;1
202100049139;113 920;60;0;2;1;1;5
202100049140;113 917;7;0;2;1;2;1
202100049140;113 918;7;0;2;6;2;1
202100049141;113 916;1;0;0;0;1;5
202100049142;113 915;7;0;1;1;15;1
202100049143;113 914;10;0;1;3;2;1
202100049144;113 913;32;0;2;1;17;1
202100049145;113 912;10;0;1;1;1;0
202100049146;113 909;7;0;2;2;14;1
202100049146;113 910;7;0;2;4;0;1
202100049146;113 911;32;0;2;1;3;1
202100049147;113 907;30;0;2;3;3;1
202100049147;113 908;7;0;0;5;26;1
202100049148;113 903;10;1;2;4;23;1
202100049148;113 904;7;1;2;1;26;1
202100049148;113 905;7;0;2;4;23;1
202100049148;113 906;7;0;2;4;23;1
202100049149;113 901;7;0;2;0;0;0
202100049149;113 902;7;0;2;0;0;1
202100049150;113 899;7;1;0;2;1;1
202100049150;113 900;2;1;0;1;1;1
202100049151;113 898;10;0;1;1;17;0
202100049152;113 896;33;0;2;1;1;1
202100049152;113 897;7;0;2;2;10;0
202100049153;113 894;7;0;2;2;1;1
202100049153;113 895;34;0;2;1;1;1
202100049154;113 892;0;0;2;1;25;0
202100049154;113 893;32;0;2;7;25;1
202100049155;113 891;7;0;1;1;15;1
202100049156;113 889;32;0;2;1;1;1
202100049156;113 890;7;0;2;5;15;1
202100049157;113 888;7;0;1;2;1;1
202100049158;113 887;7;0;1;8;1;1
202100049159;113 885;10;0;2;7;16;1
202100049159;113 886;32;0;2;8;1;1
202100049160;113 883;50;0;2;8;1;3
202100049160;113 884;7;0;2;7;1;1
202100049161;113 881;7;2;2;4;0;1
202100049161;113 882;7;0;2;1;14;1
202100049162;113 879;15;0;2;1;2;1
202100049162;113 880;15;0;0;4;2;1
202100049163;113 878;7;13;0;3;1;1
202100049164;113 875;7;0;2;1;1;1
202100049164;113 876;7;0;2;1;1;1
202100049164;113 877;15;0;2;8;10;1
202100049165;113 873;7;0;2;2;2;1
202100049165;113 874;10;3;1;1;21;1
202100049166;113 871;2;1;0;1;2;1
202100049166;113 872;7;0;0;6;23;1
202100049167;113 869;7;0;2;1;1;1
202100049167;113 870;1;0;2;7;19;5
202100049168;113 865;33;0;2;1;13;1
202100049168;113 866;7;0;2;3;1;1
202100049168;113 867;7;0;2;3;0;1
202100049168;113 868;33;0;2;0;13;0
202100049169;113 864;7;2;0;3;13;1
202100049170;113 863;33;3;0;8;13;1
202100049171;113 861;7;0;0;8;9;1
202100049171;113 862;7;0;0;3;1;1
202100049172;113 859;7;8;2;3;1;1
202100049172;113 860;7;0;2;2;0;1
202100049173;113 857;7;0;2;3;5;1
202100049173;113 858;7;0;2;3;1;1
202100049174;113 855;33;0;2;1;1;1
202100049174;113 856;7;0;2;8;9;1
202100049175;113 853;7;8;2;3;1;1
202100049175;113 854;7;0;2;2;0;1
202100049176;113 851;7;0;2;5;15;1
202100049176;113 852;7;0;2;3;2;1
202100049177;113 849;7;0;2;3;15;1
202100049177;113 850;2;0;2;1;17;1
202100049178;113 848;33;0;0;0;1;1
202100049179;113 846;7;0;2;3;16;1
202100049179;113 847;33;0;2;1;1;0
202100049180;113 844;1;0;9;4;0;5
202100049180;113 845;1;0;2;1;0;5
202100049181;113 843;7;6;0;2;1;1
202100049182;113 841;30;0;2;1;1;1
202100049182;113 842;33;0;0;0;1;1
202100049183;113 839;7;0;2;1;23;1
202100049183;113 840;7;0;0;4;23;1
202100049184;113 838;7;0;1;2;1;1
202100049185;113 836;33;0;2;8;1;1
202100049185;113 837;3;0;2;1;26;1
202100049186;113 835;31;0;0;0;26;1
202100049187;113 834;10;13;0;9;1;1
202100049188;113 833;10;16;0;9;14;1
202100049189;113 832;7;0;1;1;1;1
202100049190;113 831;33;16;0;1;14;1
202100049191;113 829;7;0;2;3;1;1
202100049191;113 830;7;0;2;3;15;1
202100049192;113 828;7;0;1;1;1;1
202100049193;113 825;7;0;2;3;15;1
202100049193;113 826;34;0;2;1;1;1
202100049193;113 827;7;0;2;3;23;1
202100049194;113 824;7;0;1;1;1;1
202100049195;113 823;7;0;1;4;20;0
202100049196;113 822;2;0;0;1;1;1
202100049197;113 821;7;0;1;2;1;1
202100049198;113 819;2;0;2;1;9;1
202100049198;113 820;7;0;2;1;13;0
202100049199;113 817;21;0;2;1;1;1
202100049199;113 818;7;0;2;1;17;1
202100049200;113 815;7;13;2;1;14;1
202100049200;113 816;7;0;0;8;1;2
202100049201;113 813;7;0;2;5;1;1
202100049201;113 814;7;0;2;5;18;1
202100049202;113 811;10;0;2;1;1;1
202100049202;113 812;33;0;2;4;1;1
202100049203;113 810;7;3;0;1;0;1
202100049204;113 805;7;0;2;4;2;0
202100049204;113 806;7;0;2;4;2;0
202100049204;113 807;7;0;2;1;2;0
202100049204;113 808;7;0;2;4;2;0
202100049204;113 809;7;0;2;4;2;0
202100049205;113 803;7;0;2;4;12;1
202100049205;113 804;7;0;2;1;1;1
202100049206;113 801;7;0;2;5;2;3
202100049206;113 802;7;0;2;3;11;1
202100049207;113 798;7;0;2;4;1;1
202100049207;113 799;10;0;2;1;1;1
202100049207;113 800;10;0;2;5;17;1
202100049208;113 796;7;1;0;1;2;1
202100049208;113 797;7;0;2;4;23;1
202100049209;113 793;7;0;2;2;23;1
202100049209;113 794;43;0;2;3;12;1
202100049209;113 795;7;0;2;2;23;1
202100049210;113 792;7;4;0;3;13;1
202100049211;113 790;80;0;2;3;1;3
202100049211;113 791;7;0;2;7;19;1
202100049212;113 788;2;0;2;1;17;1
202100049212;113 789;7;0;2;3;15;1
202100049213;113 786;31;0;2;1;1;1
202100049213;113 787;7;0;2;5;9;1
202100049214;113 784;33;0;2;1;3;1
202100049214;113 785;7;0;2;5;0;1
202100049215;113 782;2;0;2;7;1;1
202100049215;113 783;7;0;9;3;9;1
202100049216;113 780;32;0;2;1;1;1
202100049216;113 781;7;0;2;8;15;1
202100049217;113 778;10;0;2;0;0;1
202100049217;113 779;7;8;0;1;21;1
202100049218;113 776;7;0;2;1;10;1
202100049218;113 777;7;0;2;8;1;1
202100049219;113 775;38;0;1;2;20;1
202100049220;113 773;10;0;2;2;16;1
202100049220;113 774;1;0;2;8;1;5
202100049221;113 771;10;0;2;0;0;1
202100049221;113 772;7;0;2;1;2;1
202100049222;113 769;33;0;2;1;1;1
202100049222;113 770;7;0;2;5;15;1
202100049223;113 768;7;8;0;2;14;1
202100049224;113 766;7;0;2;8;1;1
202100049224;113 767;33;0;2;1;19;1
202100049225;113 764;33;0;2;1;1;1
202100049225;113 765;7;11;2;1;21;0
202100049226;113 763;17;0;1;5;1;1
202100049227;113 761;33;0;0;0;0;0
202100049227;113 762;7;0;2;3;10;1
202100049228;113 760;7;0;1;2;1;1
202100049229;113 759;7;8;0;1;13;1
202100049230;113 757;7;0;2;1;2;1
202100049230;113 758;7;0;2;4;2;1
202100049231;113 755;2;0;2;1;1;1
202100049231;113 756;7;0;2;3;15;1
202100049232;113 754;2;0;1;1;1;0
202100049233;113 752;7;0;2;3;21;1
202100049233;113 753;30;0;2;1;17;1
202100049234;113 750;10;0;2;3;15;1
202100049234;113 751;34;8;2;1;17;1
202100049235;113 749;60;0;1;1;21;5
202100049236;113 747;7;3;2;1;1;1
202100049236;113 748;7;3;2;4;2;1
202100049237;113 745;32;0;2;7;17;1
202100049237;113 746;7;0;2;3;15;3
202100049238;113 744;7;0;1;1;1;1
202100049239;113 743;30;0;1;1;0;1
202100049240;113 741;7;0;2;2;1;1
202100049240;113 742;7;0;2;1;26;2
202100049241;113 739;7;11;2;2;2;1
202100049241;113 740;10;0;2;5;15;1
202100049242;113 737;7;0;2;4;1;1
202100049242;113 738;30;0;2;2;2;1
202100049243;113 735;2;0;2;1;7;1
202100049243;113 736;7;0;2;3;15;1
202100049244;113 733;33;0;2;1;17;1
202100049244;113 734;7;0;2;3;1;1
202100049245;113 731;7;0;2;2;15;1
202100049245;113 732;80;0;2;1;0;3
202100049246;113 729;7;0;2;5;15;1
202100049246;113 730;31;0;2;3;1;1
202100049247;113 728;7;15;0;1;1;1
202100049248;113 726;7;0;2;3;26;1
202100049248;113 727;7;0;2;6;26;1
202100049249;113 725;7;0;1;1;1;1
202100049250;113 724;7;8;0;1;1;1
202100049251;113 723;33;12;0;0;1;1
202100049252;113 722;31;0;9;0;20;1
202100049253;113 721;7;0;1;1;5;1
202100049254;113 719;7;0;2;1;1;1
202100049254;113 720;10;0;2;2;15;1
202100049255;113 717;2;0;2;8;1;1
202100049255;113 718;7;0;2;2;26;1
202100049256;113 715;7;0;2;6;1;1
202100049256;113 716;1;0;2;1;1;5
202100049257;113 713;7;0;2;2;17;1
202100049257;113 714;33;0;2;2;2;1
202100049258;113 711;1;0;2;1;15;5
202100049258;113 712;7;0;2;7;16;1
202100049259;113 710;7;0;1;1;1;1
202100049260;113 708;30;0;2;1;1;1
202100049260;113 709;7;0;2;2;15;1
202100049261;113 706;7;0;2;4;1;1
202100049261;113 707;7;0;2;1;26;1
202100049262;113 703;32;1;0;1;18;1
202100049263;113 701;7;0;2;1;2;1
202100049263;113 702;7;0;0;4;2;1
202100049264;113 700;7;12;1;2;2;1
202100049265;113 698;32;9;2;1;11;1
202100049265;113 699;7;9;2;4;0;1
202100049266;113 697;99;9;2;0;26;0
202100049267;113 695;33;0;2;1;17;1
202100049267;113 696;7;0;2;8;15;1
202100049268;113 693;33;11;2;1;1;1
202100049268;113 694;7;11;2;2;16;1
202100049269;113 691;33;0;2;6;11;1
202100049269;113 692;7;0;2;2;1;2
202100049270;113 689;7;0;2;3;11;1
202100049270;113 690;32;0;2;2;1;1
202100049271;113 687;7;0;2;4;15;1
202100049271;113 688;2;0;2;1;17;1
202100049272;113 685;32;0;2;1;23;1
202100049272;113 686;7;0;2;4;4;1
202100049273;113 683;7;0;2;2;1;1
202100049273;113 684;1;0;2;8;1;5
202100049274;113 682;1;2;0;1;1;5
202100049275;113 680;30;0;2;2;17;1
202100049275;113 681;7;0;2;3;15;1
202100049276;113 678;7;0;2;1;1;0
202100049276;113 679;1;0;2;4;1;5
202100049277;113 677;10;11;0;1;1;1
202100049278;113 675;10;0;2;8;22;1
202100049278;113 676;1;0;2;1;1;5
202100049279;113 673;50;0;2;1;1;3
202100049279;113 674;7;0;2;2;1;1
202100049280;113 672;7;0;1;3;1;1
202100049281;113 670;50;0;2;1;1;3
202100049281;113 671;7;0;2;5;15;1
202100049282;113 669;10;0;1;2;1;1
202100049283;113 668;1;0;1;4;1;5
202100049284;113 666;30;0;2;8;18;1
202100049284;113 667;10;0;2;2;16;1
202100049285;113 663;10;0;2;1;23;1
202100049285;113 664;10;0;2;4;23;1
202100049285;113 665;7;0;2;4;1;1
202100049286;113 662;1;0;0;0;1;5
202100049287;113 660;2;0;0;1;1;1
202100049287;113 661;1;0;2;1;5;5
202100049288;113 659;1;0;0;0;13;5
202100049289;113 657;33;0;2;1;1;1
202100049289;113 658;7;0;2;6;11;1
202100049290;113 655;7;8;0;5;2;1
202100049290;113 656;7;0;2;1;2;1
202100049291;113 652;3;0;2;1;26;1
202100049291;113 653;30;0;2;5;2;1
202100049291;113 654;30;0;2;0;0;1
202100049292;113 650;7;0;2;3;15;1
202100049292;113 651;1;0;2;1;1;5
202100049293;113 648;7;0;2;1;2;0
202100049293;113 649;7;0;0;4;2;0
202100049294;113 646;1;0;2;0;9;5
202100049294;113 647;7;0;9;0;0;0
202100049295;113 645;7;0;1;3;1;0
202100049296;113 644;32;14;0;1;1;1
202100049297;113 642;37;0;2;1;2;1
202100049297;113 643;7;0;2;4;1;1
202100049298;113 640;15;0;2;0;0;1
202100049298;113 641;2;0;2;8;19;1
202100049299;113 638;32;0;2;5;3;1
202100049299;113 639;7;0;2;3;15;1
202100049300;113 636;33;0;2;4;1;1
202100049300;113 637;33;0;2;1;2;1
202100049301;113 634;2;0;2;4;1;1
202100049301;113 635;7;0;2;0;0;1
202100049302;113 632;7;0;2;3;1;1
202100049302;113 633;7;0;2;1;16;1
202100049303;113 630;32;0;2;1;1;1
202100049303;113 631;33;0;2;1;5;1
202100049304;113 628;15;0;2;2;1;1
202100049304;113 629;7;0;2;7;15;1
202100049305;113 627;33;0;0;0;17;1
202100049306;113 625;7;0;2;8;15;1
202100049306;113 626;7;0;2;1;1;1
202100049307;113 624;7;2;0;1;1;1
202100049308;113 623;7;13;0;3;13;1
202100049309;113 621;7;0;2;3;15;1
202100049309;113 622;7;0;2;1;1;1
202100049310;113 619;1;0;2;1;0;5
202100049310;113 620;7;0;2;1;1;1
202100049311;113 617;1;0;0;1;1;5
202100049311;113 618;21;0;0;3;1;1
202100049312;113 615;7;0;2;3;0;0
202100049312;113 616;30;0;2;3;1;1
202100049313;113 614;10;13;0;1;1;1
202100049314;113 613;7;0;0;9;1;1
202100049315;113 612;7;0;1;2;14;1
202100049316;113 611;7;0;1;4;4;1
202100049317;113 609;7;0;2;3;1;1
202100049317;113 610;7;0;2;3;13;1
202100049318;113 608;1;0;1;1;1;5
202100049319;113 607;7;8;0;0;1;1
202100049320;113 605;31;0;2;1;17;1
202100049320;113 606;10;0;2;3;15;1
202100049321;113 603;7;0;2;6;12;1
202100049321;113 604;10;0;0;3;1;1
202100049322;113 601;7;0;2;1;17;1
202100049322;113 602;32;0;2;1;1;1
202100049323;113 599;33;0;0;1;1;1
202100049323;113 600;7;0;0;8;15;1
202100049324;113 598;7;2;0;7;21;1
202100049325;113 596;7;0;0;4;1;1
202100049325;113 597;7;0;2;1;0;0
202100049326;113 594;10;0;2;1;17;1
202100049326;113 595;7;0;2;1;1;1
202100049327;113 592;32;0;2;1;13;1
202100049327;113 593;7;0;2;3;1;1
202100049328;113 590;10;0;2;1;1;1
202100049328;113 591;10;0;2;3;5;1
202100049329;113 588;33;0;2;1;17;1
202100049329;113 589;33;0;2;1;1;1
202100049330;113 585;7;0;2;1;1;1
202100049330;113 586;31;0;2;1;1;1
202100049330;113 587;7;0;2;6;15;1
202100049331;113 583;7;0;2;3;13;1
202100049331;113 584;7;0;2;3;1;1
202100049332;113 581;2;0;2;1;1;1
202100049332;113 582;7;0;2;4;1;1
202100049333;113 579;7;0;2;3;1;1
202100049333;113 580;3;0;2;8;9;1
202100049334;113 578;7;0;1;3;15;1
202100049335;113 577;7;0;0;0;0;1
202100049336;113 573;15;0;2;2;12;1
202100049336;113 574;7;0;2;8;1;1
202100049337;113 571;7;0;2;1;1;1
202100049337;113 572;7;0;2;4;2;1
202100049338;113 569;7;0;2;4;2;1
202100049338;113 570;7;0;2;1;1;1
202100049339;113 567;7;3;0;3;1;1
202100049339;113 568;15;0;2;0;0;1
202100049340;113 565;32;0;2;8;1;1
202100049340;113 566;7;0;2;7;12;1
202100049341;113 563;7;0;2;1;2;1
202100049341;113 564;13;0;2;4;2;0
202100049342;113 562;17;4;2;0;26;1
202100049343;113 561;7;0;0;9;12;1
202100049344;113 558;7;0;2;3;1;1
202100049344;113 559;15;0;2;5;1;1
202100049344;113 560;10;4;2;7;1;1
202100049345;113 556;7;0;2;1;1;1
202100049345;113 557;7;0;2;4;1;1
202100049346;113 554;33;4;2;7;0;1