Num_Acc;id_vehicule;catv;obs;obsm;choc;manv;motor
202100049723;112 868;2;0;1;1;1;1
202100049724;112 867;7;13;0;1;13;1
202100049725;112 865;1;0;2;1;1;5
202100049725;112 866;7;0;9;2;15;1
202100049726;112 863;7;15;2;3;1;1
202100049726;112 864;7;15;2;3;1;1
202100049727;112 861;7;7;2;7;19;1
202100049727;112 862;10;0;2;1;1;1
202100049728;112 860;7;0;1;3;15;1
202100049729;112 859;39;0;1;1;1;3
202100049730;112 856;7;0;2;1;2;1
202100049730;112 857;7;0;2;4;1;1
202100049730;112 858;7;0;2;4;1;1
202100049731;112 854;7;0;2;5;14;1
202100049731;112 855;33;0;2;3;3;1
202100049732;112 852;7;0;2;6;1;0
202100049732;112 853;7;0;2;2;14;1
202100049733;112 850;33;0;2;1;2;1
202100049733;112 851;7;0;2;6;1;1
202100049734;112 848;7;0;2;4;2;1
202100049734;112 849;34;0;2;1;3;1
202100049735;112 846;32;0;0;4;26;1
202100049735;112 847;10;0;2;1;26;1
202100049736;112 843;7;0;2;0;10;0
202100049736;112 844;7;0;2;1;1;1
202100049736;112 845;7;0;2;3;1;1
202100049737;112 841;32;0;2;1;1;1
202100049737;112 842;7;0;2;2;19;1
202100049738;112 839;30;0;2;2;1;1
202100049738;112 840;7;0;2;8;1;1
202100049739;112 837;7;0;2;3;1;1
202100049739;112 838;7;0;2;2;1;1
202100049740;112 835;7;0;2;3;15;1
202100049740;112 836;50;0;2;2;1;3
202100049741;112 833;7;0;2;8;1;1
202100049741;112 834;50;0;2;1;5;3
202100049742;112 832;7;0;1;1;16;1
202100049743;112 830;10;0;2;1;9;1
202100049743;112 831;7;0;2;0;0;1
202100049744;112 826;10;0;2;4;2;1
202100049744;112 827;7;0;2;8;1;1
202100049744;112 828;7;0;2;4;2;2
202100049744;112 829;7;0;2;1;2;1
202100049745;112 824;7;0;2;4;2;1
202100049745;112 825;30;14;0;1;2;1
202100049746;112 822;31;0;2;2;1;0
202100049746;112 823;1;0;2;0;0;5
202100049747;112 819;50;0;2;1;18;3
202100049747;112 820;7;0;2;7;22;1
202100049748;112 816;7;0;2;2;1;1
202100049748;112 817;7;0;2;3;1;1
202100049748;112 818;7;0;2;1;1;1
202100049749;112 814;7;0;2;5;2;1
202100049749;112 815;7;0;2;2;2;1
202100049750;112 813;33;8;0;8;13;1
202100049751;112 812;7;8;0;3;1;1
202100049752;112 811;33;0;0;8;1;1
202100049753;112 810;7;0;1;1;1;1
202100049754;112 808;7;0;2;2;26;1
202100049754;112 809;7;0;2;1;1;1
202100049755;112 806;1;16;9;3;2;5
202100049755;112 807;7;16;0;2;2;1
202100049756;112 804;99;0;2;6;2;1
202100049756;112 805;31;0;2;1;2;1
202100049757;112 802;7;0;2;1;1;1
202100049757;112 803;7;0;2;4;15;1
202100049758;112 800;7;0;2;3;9;1
202100049758;112 801;33;0;2;1;1;1
202100049759;112 799;1;1;0;2;0;0
202100049760;112 798;7;15;0;2;15;1
202100049761;112 794;7;0;1;3;1;1
202100049762;112 793;10;0;1;1;1;1
202100049763;112 791;7;0;2;6;1;1
202100049763;112 792;31;0;2;1;1;1
202100049764;112 787;50;0;2;1;1;3
202100049764;112 788;7;0;2;3;1;1
202100049765;112 785;7;0;2;4;1;1
202100049765;112 786;7;0;2;1;1;1
202100049766;112 783;30;0;2;8;1;1
202100049766;112 784;7;0;2;1;15;1
202100049767;112 781;7;0;2;2;1;1
202100049767;112 782;80;0;2;7;19;3
202100049768;112 780;7;0;1;2;16;1
202100049769;112 778;30;0;2;1;1;1
202100049769;112 779;30;0;2;8;10;1
202100049770;112 776;1;0;2;4;7;5
202100049770;112 777;37;0;2;2;7;2
202100049771;112 774;7;0;2;5;1;1
202100049771;112 775;32;0;2;1;1;1
202100049772;112 772;30;0;2;3;7;3
202100049772;112 773;3;0;2;7;16;1
202100049773;112 771;1;0;0;0;1;5
202100049774;112 769;30;0;2;0;17;1
202100049774;112 770;10;0;2;0;15;1
202100049775;112 768;33;7;0;1;21;1
202100049776;112 767;1;11;0;1;1;5
202100049777;112 766;1;0;1;5;1;5
202100049778;112 765;50;0;0;0;1;3
202100049779;112 762;7;0;2;2;2;1
202100049779;112 763;7;0;2;1;2;1
202100049779;112 764;7;0;2;3;16;1
202100049780;112 761;7;4;0;1;1;1
202100049781;112 760;7;0;1;1;1;0
202100049782;112 759;7;6;0;1;19;1
202100049783;112 757;30;0;2;0;0;1
202100049783;112 758;10;0;2;8;1;1
202100049784;112 755;7;0;2;3;16;1
202100049784;112 756;7;0;2;2;1;1
202100049785;112 754;7;0;1;1;1;1
202100049786;112 752;32;0;2;1;0;1
202100049786;112 753;7;0;2;1;15;1
202100049787;112 751;10;2;0;3;1;3
202100049788;112 750;7;5;0;1;1;1
202100049789;112 748;10;0;9;2;1;1
202100049789;112 749;1;0;2;1;15;6
202100049790;112 747;33;0;0;8;1;1
202100049791;112 745;7;0;2;1;9;1
202100049791;112 746;33;0;0;7;1;1
202100049792;112 743;15;0;2;4;1;1
202100049792;112 744;10;0;2;1;12;1
202100049793;112 742;7;4;0;1;13;1
202100049794;112 740;7;0;0;3;0;1
202100049794;112 741;7;8;2;1;13;1
202100049795;112 738;7;0;0;6;15;1
202100049795;112 739;33;0;2;1;1;0
202100049796;112 736;7;0;2;1;19;1
202100049796;112 737;33;0;2;7;1;1
202100049797;112 733;7;0;0;4;2;1
202100049797;112 734;7;0;0;4;2;1
202100049797;112 735;7;0;2;1;2;1
202100049798;112 732;7;2;0;1;0;1
202100049799;112 731;7;0;1;3;1;1
202100049800;112 730;7;2;0;3;19;1
202100049801;112 727;7;0;2;9;15;1
202100049801;112 728;7;2;2;3;1;1
202100049801;112 729;7;0;2;1;1;1
202100049802;112 726;32;9;0;1;1;1
202100049803;112 724;10;0;2;7;17;1
202100049803;112 725;1;0;0;8;1;5
202100049804;112 722;10;0;2;7;1;1
202100049804;112 723;7;0;0;1;1;1
202100049805;112 721;7;0;0;9;1;1
202100049806;112 719;1;0;2;1;2;5
202100049806;112 720;7;0;2;4;2;1
202100049807;112 718;33;7;0;8;1;1
202100049808;112 716;2;0;2;8;2;3
202100049808;112 717;10;0;2;7;17;0
202100049809;112 714;1;0;2;8;15;0
202100049809;112 715;7;0;9;7;17;1
202100049810;112 713;7;13;0;3;0;1
202100049811;112 712;7;0;1;1;1;1
202100049812;112 711;3;0;0;9;1;1
202100049813;112 710;7;13;0;1;1;1
202100049814;112 708;2;0;2;0;16;1
202100049814;112 709;7;0;2;1;0;1
202100049815;112 707;7;2;0;8;1;1
202100049816;112 706;10;8;0;1;13;1
202100049817;112 704;33;0;2;1;1;1
202100049817;112 705;7;0;0;4;1;1
202100049818;112 703;7;2;0;2;1;1
202100049819;112 701;33;0;2;8;3;0
202100049819;112 702;7;0;2;8;15;1
202100049820;112 699;7;0;2;2;26;1
202100049820;112 700;43;0;2;7;1;1
202100049821;112 697;17;0;0;0;2;1
202100049821;112 698;7;0;2;5;2;1
202100049822;112 690;7;0;2;1;2;1
202100049822;112 691;7;0;2;4;2;1
202100049822;112 692;10;0;2;1;2;1
202100049822;112 693;7;0;2;0;1;1
202100049822;112 694;7;0;2;4;1;1
202100049822;112 695;10;0;2;4;1;1
202100049822;112 696;7;0;2;4;1;1
202100049823;112 689;33;3;0;8;17;1
202100049824;112 687;7;0;2;3;9;1
202100049824;112 688;33;0;2;1;1;1
202100049825;112 685;33;0;0;7;16;1
202100049825;112 686;7;0;2;3;16;1
202100049826;112 683;7;0;2;2;1;1
202100049826;112 684;7;0;2;2;15;2
202100049827;112 682;31;2;0;1;0;1
202100049828;112 680;7;0;2;1;17;1
202100049828;112 681;7;0;2;1;1;1
202100049829;112 677;36;17;0;1;1;1
202100049830;112 676;21;0;0;8;1;1
202100049831;112 674;7;0;0;7;19;1
202100049831;112 675;33;0;0;0;1;1
202100049832;112 672;7;0;2;1;9;1
202100049832;112 673;2;0;2;7;21;1
202100049833;112 670;33;0;2;1;1;1
202100049833;112 671;7;0;2;2;19;1
202100049834;112 668;2;0;2;1;1;1
202100049834;112 669;7;0;0;3;9;1
202100049835;112 667;17;0;1;2;2;6
202100049836;112 664;7;0;2;1;1;1
202100049836;112 665;7;0;2;1;2;1
202100049836;112 666;7;0;2;4;23;1
202100049837;112 660;7;0;2;1;2;1
202100049837;112 661;7;0;2;4;2;1
202100049837;112 662;7;0;2;4;2;1
202100049837;112 663;7;0;2;4;1;1
202100049838;112 658;7;0;2;4;2;1
202100049838;112 659;7;0;2;1;2;1
202100049839;112 656;7;0;2;4;1;1
202100049839;112 657;7;0;2;1;2;1
202100049840;112 654;7;0;2;4;1;1
202100049840;112 655;10;0;2;3;2;1
202100049841;112 650;7;0;2;1;1;1
202100049841;112 651;10;0;2;4;2;1
202100049841;112 652;7;0;2;4;1;1
202100049841;112 653;7;0;2;4;1;1
202100049842;112 649;7;4;0;1;1;1
202100049843;112 645;7;0;2;4;23;1
202100049843;112 646;99;0;2;1;2;1
202100049843;112 647;7;0;2;4;23;1
202100049843;112 648;7;0;2;4;23;2
202100049844;112 643;7;0;2;4;2;1
202100049844;112 644;33;0;2;1;2;1
202100049845;112 642;10;4;0;3;2;1
202100049846;112 639;7;0;2;5;13;1
202100049846;112 640;7;0;2;3;18;1
202100049846;112 641;7;0;2;5;3;1
202100049847;112 637;7;0;2;2;1;1
202100049847;112 638;7;0;2;6;1;1
202100049848;112 636;7;3;0;1;9;1
202100049849;112 634;7;0;2;2;11;1
202100049849;112 635;7;0;2;3;1;1
202100049850;112 631;7;0;2;4;2;1
202100049850;112 632;7;0;2;1;2;1
202100049850;112 633;7;0;2;1;2;1
202100049851;112 629;33;0;2;9;3;1
202100049851;112 630;7;0;2;8;11;1
202100049852;112 626;7;0;2;1;1;1
202100049852;112 627;7;0;2;4;1;1
202100049852;112 628;7;0;2;4;1;1
202100049853;112 624;7;3;2;5;17;1
202100049853;112 625;33;0;2;1;17;1
202100049854;112 622;10;0;2;4;23;1
202100049854;112 623;7;0;2;1;2;1
202100049855;112 620;7;0;2;3;23;1
202100049855;112 621;10;0;2;6;20;1
202100049856;112 618;33;0;2;0;17;1
202100049856;112 619;7;0;2;0;11;1
202100049857;112 615;7;1;0;4;0;0
202100049857;112 616;7;16;0;6;0;1
202100049857;112 617;7;1;0;1;0;1
202100049858;112 613;7;0;2;5;13;1
202100049858;112 614;7;0;2;6;1;1
202100049859;112 612;32;0;1;8;26;1
202100049860;112 611;33;0;0;0;26;1
202100049861;112 610;33;0;0;0;1;1
202100049862;112 608;43;0;2;1;1;1
202100049862;112 609;7;0;2;2;15;1
202100049863;112 606;7;0;2;3;15;1
202100049863;112 607;2;0;2;1;17;0
202100049864;112 605;7;12;0;2;20;1
202100049865;112 604;10;15;0;1;1;1
202100049866;112 603;7;0;1;2;1;1
202100049867;112 601;60;0;2;7;1;5
202100049867;112 602;7;0;9;2;16;1
202100049868;112 600;7;0;1;1;1;1
202100049869;112 598;7;0;2;1;13;1
202100049869;112 599;21;0;0;0;0;1
202100049870;112 596;7;0;2;1;19;1
202100049870;112 597;7;0;2;4;1;1
202100049871;112 594;7;0;2;7;1;0
202100049871;112 595;7;0;2;1;16;1
202100049872;112 592;7;0;2;2;0;1
202100049872;112 593;1;0;2;1;1;5
202100049873;112 590;7;0;2;2;15;1
202100049873;112 591;33;0;2;1;1;1
202100049874;112 588;7;0;2;3;15;1
202100049874;112 589;2;0;2;8;17;1
202100049875;112 587;7;0;1;3;16;1
202100049876;112 584;7;0;2;6;15;1
202100049876;112 585;33;0;2;1;17;1
202100049877;112 582;7;0;2;7;15;1
202100049877;112 583;33;0;2;1;1;1
202100049878;112 580;1;0;2;1;2;5
202100049878;112 581;10;0;2;5;2;1
202100049879;112 578;7;0;2;2;20;1
202100049879;112 579;2;0;2;2;1;1
202100049880;112 576;2;0;2;2;1;1
202100049880;112 577;7;0;2;3;1;1
202100049881;112 575;33;0;0;0;1;1
202100049882;112 574;7;9;0;1;13;1
202100049883;112 573;7;0;0;9;14;1
202100049884;112 571;32;0;2;1;1;1
202100049884;112 572;10;0;2;2;15;1
202100049885;112 569;33;0;2;1;2;1
202100049885;112 570;7;0;2;6;2;1
202100049886;112 568;7;0;1;0;1;1
202100049887;112 566;7;0;2;3;1;1
202100049887;112 567;32;0;2;1;25;1
202100049888;112 565;33;13;0;1;13;1
202100049889;112 563;7;0;2;4;2;1
202100049889;112 564;7;0;2;1;2;1
202100049890;112 562;10;0;1;2;1;1
202100049891;112 560;7;0;2;8;16;0
202100049891;112 561;7;0;2;1;16;0
202100049892;112 558;7;0;2;8;15;1
202100049892;112 559;2;0;2;1;17;1
202100049893;112 555;7;0;0;8;0;1
202100049893;112 556;7;0;0;3;21;1
202100049893;112 557;33;0;0;1;17;1
202100049894;112 554;30;0;0;7;2;3
202100049895;112 550;7;0;0;0;0;1
202100049895;112 551;7;0;2;3;0;1
202100049896;112 548;7;0;2;4;1;0
202100049896;112 549;2;0;2;1;1;1
202100049897;112 546;31;0;2;1;1;1
202100049897;112 547;7;0;2;3;15;1
202100049898;112 544;33;0;2;3;3;1
202100049898;112 545;7;0;2;1;12;1
202100049899;112 542;7;0;2;4;23;1
202100049899;112 543;7;0;2;1;14;1
202100049900;112 541;10;7;0;1;1;1
202100049901;112 539;7;0;2;3;15;1
202100049901;112 540;30;0;2;7;1;1
202100049902;112 537;33;0;2;8;1;1
202100049902;112 538;7;0;2;0;23;1
202100049903;112 536;10;0;1;4;4;1
202100049904;112 535;7;0;1;1;20;1
202100049905;112 533;1;0;2;6;1;5
202100049905;112 534;7;0;2;1;1;1
202100049906;112 531;7;0;2;6;2;1
202100049906;112 532;7;0;2;4;23;1
202100049907;112 529;7;0;2;8;15;1
202100049907;112 530;1;0;2;8;19;0
202100049908;112 527;7;0;2;1;0;1
202100049908;112 528;7;0;2;1;26;1
202100049909;112 526;32;11;0;1;13;1
202100049910;112 524;32;0;2;5;1;1
202100049910;112 525;7;0;2;2;15;1
202100049911;112 521;7;0;2;4;1;1
202100049911;112 522;7;0;2;1;2;1
202100049911;112 523;10;0;2;1;2;1
202100049912;112 520;33;10;0;1;1;1
202100049913;112 519;7;0;1;2;1;1
202100049914;112 517;7;0;2;1;2;0
202100049914;112 518;7;0;2;4;2;0
202100049915;112 516;7;4;0;3;1;1
202100049916;112 514;2;0;2;2;9;1
202100049916;112 515;7;0;2;1;1;0
202100049917;112 512;7;0;2;1;0;1
202100049917;112 513;7;0;2;1;11;1
202100049918;112 511;7;6;0;2;1;1
202100049919;112 510;33;15;0;1;16;1
202100049920;112 509;7;0;1;2;1;1
202100049921;112 507;7;0;2;2;1;1
202100049921;112 508;1;0;0;4;1;5
202100049922;112 506;33;0;5;1;1;1
202100049923;112 503;33;0;2;8;13;1
202100049923;112 504;33;0;0;0;1;1
202100049923;112 505;7;0;2;3;1;1
202100049924;112 501;33;0;2;1;1;1
202100049924;112 502;7;0;2;5;15;1
202100049925;112 500;7;13;0;1;15;1
202100049926;112 499;33;16;0;1;1;1
202100049927;112 497;33;0;2;7;13;1
202100049927;112 498;7;0;2;3;15;1
202100049928;112 495;1;0;2;8;1;5
202100049928;112 496;2;0;9;1;15;1
202100049929;112 494;10;13;0;9;1;1
202100049930;112 493;10;13;0;1;1;1
202100049931;112 492;7;2;0;1;1;1
202100049932;112 490;7;0;2;2;15;1
202100049932;112 491;7;0;2;3;1;1
202100049933;112 488;7;0;2;1;1;1
202100049933;112 489;7;0;2;7;13;1
202100049934;112 486;10;0;0;2;1;1
202100049934;112 487;7;0;0;8;19;1
202100049935;112 484;7;0;2;8;1;1
202100049935;112 485;7;0;2;1;13;1
202100049936;112 483;31;8;0;2;1;1
202100049937;112 481;31;0;2;1;1;1
202100049937;112 482;31;0;0;4;1;1
202100049938;112 480;7;13;0;3;13;1
202100049939;112 479;7;5;0;2;2;1
202100049940;112 478;10;0;1;2;15;1
202100049941;112 476;7;0;2;3;15;1
202100049941;112 477;33;0;2;2;17;1
202100049942;112 475;33;0;0;1;1;1
202100049943;112 473;7;0;0;7;26;1
202100049943;112 474;7;13;2;1;2;1
202100049944;112 472;33;3;0;0;1;1
202100049945;112 470;7;0;0;1;1;1
202100049945;112 471;7;0;0;3;15;1
202100049946;112 469;7;6;0;1;0;1
202100049947;112 468;33;0;0;8;1;1
202100049948;112 466;7;0;2;1;1;1
202100049948;112 467;7;0;2;1;15;1
202100049949;112 465;2;15;0;2;1;1
202100049950;112 464;33;14;0;1;1;1
202100049951;112 463;7;0;1;1;1;1
202100049952;112 461;7;0;2;1;1;1
202100049952;112 462;13;0;0;4;1;1
202100049953;112 459;7;0;0;4;1;1
202100049953;112 460;7;0;2;1;1;1
202100049954;112 458;7;3;0;9;14;1
202100049955;112 456;7;0;2;2;21;1
202100049955;112 457;2;0;2;1;13;1
202100049956;112 454;35;0;2;8;19;1
202100049956;112 455;7;0;2;2;1;1
202100049957;112 453;32;6;0;1;1;1
202100049958;112 451;7;0;2;3;13;1
202100049958;112 452;33;0;2;1;1;1
202100049959;112 449;7;0;2;1;5;1
202100049959;112 450;7;0;2;1;1;1
202100049960;112 447;7;0;0;7;19;1
202100049960;112 448;33;0;2;8;1;1
202100049961;112 446;7;9;0;1;12;1
202100049962;112 444;7;0;2;3;2;1
202100049962;112 445;7;0;2;3;13;1
202100049963;112 443;7;13;0;2;1;1
202100049964;112 441;7;1;2;1;2;1
202100049964;112 442;7;0;0;5;2;1
202100049965;112 438;7;0;2;1;13;1
202100049965;112 439;7;0;2;1;1;1
202100049966;112 436;1;0;2;3;15;5
202100049966;112 437;1;0;2;1;1;5
202100049967;112 435;7;4;0;1;0;1
202100049968;112 433;7;0;2;3;1;1
202100049968;112 434;1;0;2;3;17;5
202100049969;112 432;7;2;0;1;13;1
202100049970;112 431;2;0;0;0;2;1
202100049971;112 430;7;6;0;1;1;1
202100049972;112 425;7;0;2;1;2;1
202100049972;112 426;7;0;2;1;1;1
202100049972;112 427;7;0;2;4;23;1
202100049972;112 428;7;0;2;2;21;1
202100049972;112 429;7;0;2;6;26;1
202100049973;112 423;33;0;2;1;2;1
202100049973;112 424;7;0;2;5;1;1
202100049974;112 419;7;0;2;4;2;1
202100049974;112 420;7;0;2;4;2;1
202100049974;112 421;7;0;2;4;2;1
202100049974;112 422;7;0;2;1;2;1
202100049975;112 417;7;0;2;7;12;1
202100049975;112 418;33;0;2;8;3;1
202100049976;112 411;7;0;2;4;2;1
202100049976;112 412;7;0;2;4;2;1
202100049976;112 413;7;0;2;4;2;1
202100049976;112 414;7;0;2;1;2;1
202100049976;112 415;7;0;2;4;2;1
202100049976;112 416;7;0;2;4;2;1
202100049977;112 409;7;0;2;1;1;1
202100049977;112 410;7;0;2;2;21;1
202100049978;112 407;7;0;2;4;2;1
202100049978;112 408;7;0;2;1;1;1
202100049979;112 405;10;0;2;4;1;1
202100049979;112 406;7;0;2;1;1;1
202100049980;112 403;7;0;2;4;2;1
202100049980;112 404;7;0;2;1;2;1
202100049981;112 401;10;0;2;3;13;1
202100049981;112 402;7;0;2;3;1;1
202100049982;112 400;30;12;0;1;14;1
202100049983;112 398;30;0;2;5;13;1
202100049983;112 399;10;0;2;5;1;1
202100049984;112 395;7;0;2;1;1;1
202100049984;112 396;7;0;2;3;15;1
202100049984;112 397;7;0;2;1;0;1
202100049985;112 393;7;0;2;1;1;1
202100049985;112 394;7;0;2;2;1;1
202100049986;112 391;7;0;2;2;17;1
202100049986;112 392;7;0;2;3;10;1
202100049987;112 390;10;1;0;1;1;1
202100049988;112 389;0;0;1;0;1;0
202100049989;112 388;7;15;0;7;9;1
202100049990;112 387;7;0;1;1;15;1
202100049991;112 386;7;0;1;3;15;1
202100049992;112 384;32;0;2;4;2;1
202100049992;112 385;7;0;2;1;2;1
202100049993;112 382;7;1;2;5;1;1
202100049993;112 383;10;0;1;2;1;1
202100049994;112 380;7;0;2;3;15;1
202100049994;112 381;99;0;2;0;0;0
202100049995;112 379;38;1;0;2;24;1
202100049996;112 376;10;0;0;0;0;0
202100049996;112 377;7;0;2;3;13;1
202100049996;112 378;7;0;2;0;0;2
202100049997;112 374;7;0;2;1;2;1
202100049997;112 375;7;0;2;4;2;1
202100049998;112 373;7;0;1;1;2;1
202100049999;112 371;30;0;2;2;17;1
202100049999;112 372;7;0;2;3;15;1
202100050000;112 369;7;0;2;1;2;1
202100050000;112 370;7;0;2;4;2;1
202100050001;112 368;7;0;1;2;0;1
202100050002;112 367;32;12;0;7;1;1
202100050003;112 365;7;0;2;1;15;1
202100050003;112 366;7;0;2;3;1;1
202100050004;112 363;7;0;2;7;15;0
202100050004;112 364;33;0;2;1;1;1
202100050005;112 360;7;0;2;3;9;1
202100050005;112 361;1;0;2;1;1;5
202100050006;112 359;7;0;1;1;1;1
202100050007;112 358;7;0;0;1;1;1
202100050008;112 356;10;0;2;3;9;1
202100050008;112 357;2;0;2;1;17;1
202100050009;112 354;30;0;2;0;0;0
202100050009;112 355;30;0;2;0;0;0
202100050010;112 352;32;0;2;3;1;1
202100050010;112 353;7;0;2;7;9;1
202100050011;112 350;7;0;2;1;9;1
202100050011;112 351;1;0;2;1;25;5
202100050012;112 348;7;0;2;3;16;1
202100050012;112 349;30;0;2;1;1;1
202100050013;112 345;2;1;2;1;17;1
202100050013;112 346;7;0;2;8;20;1
202100050013;112 347;7;0;2;7;24;1
202100050014;112 344;7;0;1;3;19;1
202100050015;112 342;50;0;2;0;0;3
202100050015;112 343;7;0;2;0;26;2
202100050016;112 340;10;0;2;2;16;1
202100050016;112 341;1;0;2;1;1;5
202100050017;112 338;7;0;2;4;2;0
202100050017;112 339;7;0;2;1;2;0
202100050018;112 336;7;0;2;3;9;1
202100050018;112 337;7;0;2;2;1;1
202100050019;112 335;7;0;1;7;1;1
202100050020;112 333;7;0;2;4;2;1
202100050020;112 334;7;0;2;1;2;1
202100050021;112 332;7;0;1;3;26;1
202100050022;112 330;7;0;2;3;9;1
202100050022;112 331;7;0;2;1;1;1
202100050023;112 328;7;0;2;5;1;1
202100050023;112 329;7;0;2;1;1;1
202100050024;112 326;10;0;2;2;15;1
202100050024;112 327;33;0;2;7;1;1
202100050025;112 324;7;0;2;1;15;1
202100050025;112 325;7;0;2;1;1;1
202100050026;112 322;7;0;2;7;12;1
202100050026;112 323;32;0;2;7;1;1
202100050027;112 319;33;0;2;1;3;1
202100050027;112 320;7;0;2;1;15;1
202100050027;112 321;7;0;2;8;1;1
202100050028;112 317;7;0;2;1;15;1
202100050028;112 318;10;0;2;2;1;1
202100050029;112 316;7;0;1;2;1;1
202100050030;112 315;31;0;2;9;26;1
202100050031;112 313;10;0;2;8;1;1
202100050031;112 314;33;0;2;3;1;1
202100050032;112 311;7;0;2;3;1;1
202100050032;112 312;2;0;2;1;1;1
202100050033;112 309;30;0;2;8;17;1
202100050033;112 310;7;0;2;8;1;1
202100050034;112 308;7;0;1;2;1;1
202100050035;112 306;33;0;2;7;17;1
202100050035;112 307;7;0;2;3;15;6
202100050036;112 303;7;0;2;1;1;1
202100050036;112 304;7;0;2;4;1;1
202100050036;112 305;7;0;2;4;1;1
202100050037;112 302;99;6;0;1;16;3
202100050038;112 299;10;0;2;2;15;1
202100050038;112 300;7;0;2;1;1;1
202100050038;112 301;7;0;2;1;0;1
202100050039;112 297;7;0;2;3;1;1
202100050039;112 298;30;0;2;1;1;1
202100050040;112 293;7;0;2;1;18;1
202100050040;112 294;7;0;2;5;2;1
202100050041;112 291;7;0;2;1;0;0
202100050041;112 292;31;0;2;1;17;1
202100050042;112 289;7;0;2;1;15;1
202100050042;112 290;33;0;2;1;2;1
202100050043;112 288;7;8;0;1;14;1
202100050044;112 286;7;0;2;8;9;1
202100050044;112 287;3;0;2;7;15;1
202100050045;112 285;7;0;1;1;26;1
202100050046;112 283;7;0;2;3;15;1
202100050046;112 284;7;0;2;0;0;0
202100050047;112 281;30;0;2;1;1;1
202100050047;112 282;7;0;0;0;0;1
202100050048;112 279;7;0;2;3;1;1
202100050048;112 280;7;0;2;1;1;1
202100050049;112 277;7;0;2;1;2;1
202100050049;112 278;7;0;2;4;2;1
202100050050;112 275;1;0;2;4;14;5
202100050050;112 276;7;0;2;3;26;1
202100050051;112 273;2;0;2;1;1;1
202100050051;112 274;7;0;2;2;19;1
202100050052;112 272;10;4;0;1;14;1
202100050053;112 270;7;0;2;3;11;1
202100050053;112 271;33;0;2;7;3;1
202100050054;112 269;33;0;1;1;1;1
202100050055;112 268;7;0;1;1;1;1
202100050056;112 266;33;0;2;2;17;1
202100050056;112 267;7;0;2;3;15;2
202100050057;112 264;50;8;2;7;17;3
202100050057;112 265;1;0;2;8;13;5
202100050058;112 262;1;0;2;1;1;5
202100050058;112 263;7;0;2;5;23;1
202100050059;112 261;31;0;1;1;1;1
202100050060;112 259;7;0;2;0;15;1
202100050060;112 260;1;0;0;0;1;5
202100050061;112 258;7;0;1;1;10;2
202100050062;112 256;7;0;2;2;17;0
202100050062;112 257;30;0;2;3;13;3
202100050063;112 255;50;12;0;1;9;3
202100050064;112 253;10;0;2;8;10;3
202100050064;112 254;2;0;2;1;1;1
202100050065;112 249;10;0;2;2;22;1
202100050065;112 250;1;0;2;7;1;5
202100050066;112 248;33;15;0;1;1;1
202100050067;112 246;1;0;2;8;1;0
202100050067;112 247;7;0;2;7;2;1
202100050068;112 245;7;0;1;2;15;1
202100050069;112 244;30;12;0;3;18;1
202100050070;112 242;33;0;2;3;1;1
202100050070;112 243;7;0;2;1;17;1
202100050071;112 238;7;0;2;3;16;3
202100050071;112 239;7;0;2;9;1;1
202100050071;112 240;7;0;2;9;1;1
202100050071;112 241;10;0;2;1;1;1
202100050072;112 236;33;0;2;1;1;1
202100050072;112 237;7;0;2;6;15;1
202100050073;112 234;30;0;2;1;1;0
202100050073;112 235;7;0;2;5;1;0
202100050074;112 232;2;4;0;0;7;1
202100050074;112 233;7;0;2;0;16;1
202100050075;112 227;10;0;2;0;0;1
202100050075;112 228;7;0;2;4;1;1
202100050075;112 229;10;0;2;4;1;1
202100050075;112 230;7;0;2;1;0;1
202100050075;112 231;10;0;2;4;1;1
202100050076;112 225;7;1;0;3;15;1
202100050076;112 226;2;0;2;1;0;1
202100050077;112 224;32;0;1;1;1;1
202100050078;112 222;10;0;2;3;0;1
202100050078;112 223;7;0;2;2;0;2
202100050079;112 221;7;0;1;2;20;1
202100050080;112 218;33;0;0;0;23;1
202100050080;112 219;7;0;2;1;1;1
202100050080;112 220;7;0;2;1;2;1
202100050081;112 217;37;0;1;2;16;0
202100050082;112 216;7;0;1;1;21;0
202100050083;112 215;30;12;0;3;21;1
202100050084;112 213;7;0;2;8;22;0
202100050084;112 214;1;1;0;1;1;5
202100050085;112 211;32;0;2;1;1;1
202100050085;112 212;7;0;2;3;9;1
202100050086;112 209;7;0;2;6;1;1
202100050086;112 210;30;0;2;1;2;1
202100050087;112 207;7;0;2;4;1;1
202100050087;112 208;10;0;2;1;2;1
202100050088;112 205;30;0;2;3;1;1
202100050088;112 206;30;0;2;1;1;1
202100050089;112 203;60;0;2;1;25;5
202100050089;112 204;7;0;2;3;23;1
202100050090;112 202;99;16;0;0;1;1
202100050091;112 200;33;0;2;1;1;1
202100050091;112 201;7;0;2;5;23;1
202100050092;112 198;33;12;0;1;17;1
202100050092;112 199;80;12;0;4;15;3
202100050093;112 196;7;0;2;8;2;2
202100050093;112 197;33;0;2;7;2;1
202100050094;112 195;7;0;1;2;1;1
202100050095;112 193;2;0;2;1;1;1
202100050095;112 194;7;0;2;7;1;1
202100050096;112 192;7;7;0;2;0;1
202100050097;112 191;36;15;0;3;1;1
202100050098;112 189;7;2;2;3;1;1
202100050098;112 190;7;0;2;3;1;1
202100050099;112 187;33;0;2;7;1;1
202100050099;112 188;7;0;2;2;15;1
202100050100;112 185;31;0;2;1;1;1
202100050100;112 186;2;0;2;4;15;1
202100050101;112 183;7;6;2;1;13;1
202100050101;112 184;10;3;2;1;1;1
202100050102;112 181;10;0;0;6;2;1
202100050102;112 182;32;0;2;1;2;1
202100050103;112 179;2;0;2;2;17;1
202100050103;112 180;7;0;2;3;15;1