Num_Acc;id_vehicule;catv;obs;obsm;choc;manv;motor
202100050469;111 484;1;0;2;5;1;5
202100050469;111 485;7;0;9;3;9;1
202100050470;111 482;14;0;2;2;16;0
202100050470;111 483;1;0;2;3;0;5
202100050471;111 477;7;0;2;1;2;1
202100050471;111 478;7;0;2;6;2;1
202100050471;111 479;7;0;2;1;13;1
202100050472;111 475;7;0;2;1;1;0
202100050472;111 476;50;0;2;7;1;3
202100050473;111 473;2;0;2;8;1;1
202100050473;111 474;10;0;2;2;1;-1
202100050474;111 472;7;0;1;1;1;1
202100050475;111 470;7;0;2;3;15;1
202100050475;111 471;7;0;2;2;1;1
202100050476;111 469;43;0;1;1;1;1
202100050477;111 467;7;0;2;2;26;1
202100050477;111 468;7;0;2;1;9;1
202100050478;111 466;7;6;0;1;1;1
202100050479;111 464;7;0;2;1;1;1
202100050479;111 465;7;0;2;5;1;1
202100050480;111 463;30;0;0;0;16;1
202100050481;111 461;1;0;2;8;7;5
202100050481;111 462;7;0;2;2;15;1
202100050482;111 459;33;0;2;1;1;1
202100050482;111 460;32;0;2;3;1;1
202100050483;111 458;1;0;1;3;1;5
202100050484;111 456;30;0;2;3;15;3
202100050484;111 457;30;0;2;1;17;1
202100050485;111 454;10;0;2;8;20;1
202100050485;111 455;33;1;2;2;1;1
202100050486;111 452;10;0;2;4;23;1
202100050486;111 453;7;0;2;1;2;1
202100050487;111 450;50;0;2;1;1;3
202100050487;111 451;10;0;2;7;22;1
202100050488;111 449;37;0;1;2;26;1
202100050489;111 448;7;0;1;1;19;1
202100050490;111 447;7;0;1;3;26;1
202100050491;111 445;7;0;2;2;1;1
202100050491;111 446;7;9;2;8;1;1
202100050492;111 443;7;6;2;2;1;1
202100050492;111 444;7;0;2;3;15;1
202100050493;111 441;43;0;2;1;26;1
202100050493;111 442;7;0;0;5;11;1
202100050494;111 440;7;0;1;1;1;3
202100050495;111 438;7;0;0;1;10;1
202100050495;111 439;2;0;0;1;1;1
202100050496;111 437;7;0;1;1;1;0
202100050497;111 435;7;0;2;1;9;1
202100050497;111 436;1;0;2;8;1;5
202100050498;111 433;50;0;2;4;19;3
202100050498;111 434;10;0;1;1;19;1
202100050499;111 432;30;9;1;1;25;1
202100050500;111 430;7;0;2;1;1;1
202100050500;111 431;30;0;2;7;5;1
202100050501;111 429;30;12;0;8;14;3
202100050502;111 428;30;0;1;1;18;1
202100050503;111 426;10;0;2;1;0;1
202100050503;111 427;7;6;2;1;0;1
202100050504;111 425;7;8;0;1;1;1
202100050505;111 423;17;0;2;2;1;1
202100050505;111 424;7;0;0;4;23;1
202100050506;111 421;10;0;2;1;1;1
202100050506;111 422;7;0;0;4;1;1
202100050507;111 420;17;3;0;3;6;1
202100050508;111 418;1;0;2;1;5;5
202100050508;111 419;7;0;9;1;1;1
202100050509;111 417;7;0;1;2;16;1
202100050510;111 413;7;0;2;3;1;1
202100050510;111 414;10;0;2;2;15;1
202100050511;111 412;33;13;0;9;14;1
202100050512;111 410;7;0;2;1;1;1
202100050512;111 411;7;0;2;1;15;0
202100050513;111 408;1;0;2;1;1;5
202100050513;111 409;7;0;0;1;15;1
202100050514;111 405;7;0;2;1;19;1
202100050514;111 406;7;0;2;6;1;1
202100050515;111 404;33;0;0;0;1;1
202100050516;111 402;1;0;2;1;1;0
202100050516;111 403;7;0;9;7;1;1
202100050517;111 400;33;0;0;1;1;1
202100050517;111 401;10;0;0;5;15;1
202100050518;111 397;1;0;0;0;16;5
202100050519;111 395;33;0;2;1;1;1
202100050519;111 396;14;0;2;7;15;1
202100050520;111 393;7;0;2;8;3;1
202100050520;111 394;33;0;2;8;1;1
202100050521;111 391;7;0;9;6;0;1
202100050521;111 392;31;0;2;3;0;1
202100050522;111 389;7;0;2;5;19;1
202100050522;111 390;10;0;2;1;2;1
202100050523;111 387;7;0;2;1;1;1
202100050523;111 388;21;0;2;6;1;1
202100050524;111 386;1;0;0;0;1;5
202100050525;111 384;2;0;2;8;15;1
202100050525;111 385;7;0;2;1;1;1
202100050526;111 383;43;6;0;2;1;1
202100050527;111 382;31;12;0;1;1;1
202100050528;111 379;33;9;0;1;1;1
202100050529;111 377;17;0;2;8;9;1
202100050529;111 378;10;0;2;2;2;1
202100050530;111 376;7;0;0;9;1;1
202100050531;111 374;1;0;2;7;26;6
202100050531;111 375;7;0;9;3;9;1
202100050532;111 373;7;0;1;2;1;1
202100050533;111 371;33;0;2;1;2;1
202100050533;111 372;7;0;2;5;2;1
202100050534;111 369;7;0;2;2;21;1
202100050534;111 370;7;8;2;8;15;1
202100050535;111 367;2;0;2;2;21;1
202100050535;111 368;7;0;2;6;16;1
202100050536;111 364;10;0;2;1;2;1
202100050536;111 365;7;0;0;4;23;1
202100050536;111 366;7;0;2;4;23;1
202100050537;111 363;7;0;1;2;1;1
202100050538;111 360;7;0;2;4;1;1
202100050538;111 361;7;0;2;1;2;1
202100050539;111 357;13;0;2;4;23;1
202100050539;111 358;7;0;2;1;2;2
202100050539;111 359;7;0;2;4;2;1
202100050540;111 355;7;0;2;1;2;1
202100050540;111 356;7;0;2;4;2;1
202100050541;111 352;10;0;2;7;2;1
202100050541;111 353;43;0;2;7;1;1
202100050541;111 354;7;0;2;8;2;1
202100050542;111 351;7;3;5;1;1;1
202100050543;111 350;7;0;5;1;12;1
202100050544;111 348;15;0;2;6;1;1
202100050544;111 349;32;0;2;1;3;1
202100050545;111 346;7;0;2;4;2;1
202100050545;111 347;33;0;2;1;2;1
202100050546;111 344;7;4;2;7;1;1
202100050546;111 345;14;0;2;3;11;1
202100050547;111 342;7;1;0;5;12;1
202100050547;111 343;7;0;2;3;23;1
202100050548;111 338;7;0;2;4;2;1
202100050548;111 339;10;0;2;1;0;1
202100050548;111 340;10;0;2;4;2;1
202100050548;111 341;7;0;2;4;2;1
202100050549;111 335;10;0;2;1;2;1
202100050549;111 336;7;0;2;6;2;1
202100050549;111 337;7;0;2;1;2;1
202100050550;111 330;7;0;0;0;0;1
202100050550;111 331;10;0;2;3;1;1
202100050550;111 332;7;0;2;4;1;1
202100050550;111 333;7;0;2;1;1;1
202100050550;111 334;7;0;2;4;2;0
202100050551;111 328;7;0;2;6;1;1
202100050551;111 329;7;0;2;1;3;0
202100050552;111 327;7;6;0;1;13;1
202100050553;111 326;33;0;6;1;1;1
202100050554;111 324;2;0;2;7;1;1
202100050554;111 325;7;0;2;3;9;1
202100050555;111 323;7;0;1;2;1;1
202100050556;111 321;2;0;2;1;17;1
202100050556;111 322;7;0;2;3;15;1
202100050557;111 320;2;0;0;0;9;1
202100050558;111 319;7;0;1;3;15;1
202100050559;111 317;50;0;2;3;26;3
202100050559;111 318;7;0;9;1;26;0
202100050560;111 316;7;6;1;6;14;1
202100050561;111 315;33;14;0;1;26;1
202100050562;111 313;30;0;2;3;1;1
202100050562;111 314;10;0;2;0;26;0
202100050563;111 312;7;0;1;3;20;1
202100050564;111 310;80;0;2;8;19;3
202100050564;111 311;30;0;2;1;0;1
202100050565;111 308;14;0;2;1;2;1
202100050565;111 309;13;0;1;4;1;1
202100050566;111 307;7;13;0;2;15;1
202100050567;111 301;7;0;2;5;2;1
202100050567;111 302;33;0;2;1;2;1
202100050568;111 299;34;0;2;1;1;1
202100050568;111 300;7;0;2;7;15;1
202100050569;111 297;7;0;2;1;2;1
202100050569;111 298;1;0;2;4;2;5
202100050570;111 293;7;0;2;3;20;2
202100050570;111 294;50;0;2;1;5;3
202100050571;111 291;1;0;2;1;1;5
202100050571;111 292;7;0;2;2;15;1
202100050572;111 289;1;0;2;7;1;5
202100050572;111 290;37;0;2;6;1;1
202100050573;111 287;7;0;2;3;1;1
202100050573;111 288;2;0;2;1;1;1
202100050574;111 285;7;0;2;3;16;1
202100050574;111 286;1;0;2;7;16;5
202100050575;111 284;7;0;1;2;16;1
202100050576;111 282;33;0;2;1;1;1
202100050576;111 283;7;0;2;6;12;1
202100050577;111 281;7;2;0;1;1;1
202100050578;111 279;1;0;2;1;19;5
202100050578;111 280;7;0;2;5;15;0
202100050579;111 277;31;15;2;1;17;1
202100050579;111 278;10;0;2;8;15;1
202100050580;111 276;7;9;1;2;9;1
202100050581;111 273;7;0;2;1;1;1
202100050581;111 274;7;2;0;9;13;1
202100050581;111 275;7;0;2;1;13;1
202100050582;111 272;7;0;1;1;9;2
202100050583;111 270;7;0;2;2;17;1
202100050583;111 271;1;0;2;4;15;5
202100050584;111 268;7;3;2;1;5;1
202100050584;111 269;7;0;2;1;1;1
202100050585;111 266;7;0;2;8;0;0
202100050585;111 267;7;6;2;8;17;0
202100050586;111 264;7;0;2;3;15;1
202100050586;111 265;31;0;2;1;1;1
202100050587;111 262;33;0;2;9;26;1
202100050587;111 263;7;0;2;7;15;1
202100050588;111 260;7;0;2;1;15;1
202100050588;111 261;2;0;2;1;1;1
202100050589;111 259;7;0;1;1;1;1
202100050590;111 256;7;0;2;1;17;1
202100050590;111 257;7;0;2;4;1;1
202100050590;111 258;7;0;2;1;1;2
202100050591;111 254;7;0;2;0;0;1
202100050591;111 255;7;0;0;0;0;1
202100050592;111 253;7;0;1;1;1;1
202100050593;111 251;10;0;2;3;15;1
202100050593;111 252;30;0;2;0;17;1
202100050594;111 250;0;0;1;0;0;0
202100050595;111 249;7;0;1;6;20;0
202100050596;111 247;10;0;2;2;2;1
202100050596;111 248;7;0;2;3;1;1
202100050597;111 246;37;0;1;3;15;0
202100050598;111 245;33;8;0;3;13;1
202100050599;111 243;7;0;0;0;0;1
202100050599;111 244;10;12;0;0;0;1
202100050600;111 241;7;0;2;1;2;1
202100050600;111 242;7;0;2;4;26;1
202100050601;111 239;7;0;0;4;1;1
202100050601;111 240;7;0;2;1;2;1
202100050602;111 238;3;0;1;1;1;0
202100050603;111 236;50;0;2;1;0;3
202100050603;111 237;7;0;2;6;15;1
202100050604;111 235;7;0;1;2;1;1
202100050605;111 234;7;0;1;1;1;1
202100050606;111 231;7;0;2;6;23;2
202100050606;111 232;7;0;2;4;23;0
202100050606;111 233;7;0;2;2;2;0
202100050607;111 229;30;0;2;7;1;1
202100050607;111 230;7;0;2;1;9;1
202100050608;111 228;30;0;1;7;1;1
202100050609;111 226;7;0;2;2;16;1
202100050609;111 227;2;0;2;3;18;1
202100050610;111 224;7;0;2;2;1;1
202100050610;111 225;7;0;2;1;13;1
202100050611;111 223;7;8;0;1;1;1
202100050612;111 221;7;0;2;3;1;1
202100050612;111 222;33;0;2;3;11;1
202100050613;111 219;10;0;2;1;14;1
202100050613;111 220;10;0;0;4;1;1
202100050614;111 218;7;0;1;1;0;1
202100050615;111 217;33;13;0;9;1;1
202100050616;111 216;1;0;0;0;16;5
202100050617;111 214;2;1;0;1;1;1
202100050617;111 215;7;0;0;4;0;1
202100050618;111 213;7;0;1;1;19;1
202100050619;111 211;2;0;2;1;1;1
202100050619;111 212;15;0;0;4;15;1
202100050620;111 209;7;8;2;3;1;1
202100050620;111 210;7;0;2;2;1;1
202100050621;111 207;7;0;2;2;1;1
202100050621;111 208;1;0;0;4;1;5
202100050622;111 205;7;0;0;7;19;1
202100050622;111 206;33;0;2;3;0;1
202100050623;111 203;33;0;2;1;1;1
202100050623;111 204;10;0;2;7;15;1
202100050624;111 199;7;0;2;3;0;1
202100050624;111 200;7;0;2;2;15;1
202100050625;111 198;7;0;1;1;1;1
202100050626;111 196;33;0;2;1;17;1
202100050626;111 197;7;0;2;6;15;1
202100050627;111 194;10;0;2;8;13;1
202100050627;111 195;7;0;2;7;17;1
202100050628;111 192;7;0;2;5;15;1
202100050628;111 193;33;0;2;1;1;1
202100050629;111 190;7;0;0;5;11;1
202100050629;111 191;33;0;2;1;1;1
202100050630;111 189;33;0;0;0;0;1
202100050631;111 187;7;0;9;1;16;1
202100050631;111 188;1;0;2;0;19;5
202100050632;111 185;1;0;2;8;1;5
202100050632;111 186;7;0;2;7;17;0
202100050633;111 183;33;0;2;1;1;1
202100050633;111 184;7;0;2;1;15;1
202100050634;111 181;33;0;0;1;0;1
202100050634;111 182;7;0;9;3;1;1
202100050635;111 180;7;8;0;6;1;1
202100050636;111 177;17;3;0;5;1;1
202100050636;111 178;7;0;2;1;1;1
202100050636;111 179;10;0;2;1;2;1
202100050637;111 176;7;0;1;1;16;1
202100050638;111 172;7;0;2;5;1;1
202100050638;111 173;7;0;2;3;1;1
202100050638;111 174;7;0;2;6;1;1
202100050638;111 175;33;0;2;1;1;1
202100050639;111 170;15;0;2;3;15;1
202100050639;111 171;33;0;2;8;1;1
202100050640;111 168;1;0;2;1;1;6
202100050640;111 169;7;0;0;2;1;1
202100050641;111 166;7;0;0;5;16;1
202100050641;111 167;7;0;2;1;26;1
202100050642;111 164;33;15;9;1;1;1
202100050642;111 165;7;0;0;2;26;1
202100050643;111 162;7;0;2;1;1;1
202100050643;111 163;1;0;2;7;26;5
202100050644;111 161;7;2;0;2;1;1
202100050645;111 159;7;0;2;2;1;1
202100050645;111 160;1;0;2;3;9;5
202100050646;111 157;7;0;2;3;13;1
202100050646;111 158;7;0;2;3;1;1
202100050647;111 156;10;0;1;3;1;1
202100050648;111 154;7;3;2;1;2;1
202100050648;111 155;7;4;0;4;1;1
202100050649;111 151;7;0;2;1;1;1
202100050649;111 152;7;0;2;9;2;1
202100050649;111 153;7;0;2;4;2;1
202100050650;111 150;7;4;0;2;2;1
202100050651;111 148;7;0;2;4;2;1
202100050651;111 149;7;0;2;1;2;1
202100050652;111 146;17;0;2;1;2;1
202100050652;111 147;7;0;2;4;2;1
202100050653;111 143;7;0;2;4;0;1
202100050653;111 144;7;0;2;3;13;1
202100050653;111 145;10;0;2;1;2;1
202100050654;111 142;7;4;0;1;1;1
202100050655;111 141;7;6;0;1;0;1
202100050656;111 138;37;0;2;7;1;1
202100050656;111 139;30;0;2;1;16;1
202100050657;111 136;7;0;2;2;1;1
202100050657;111 137;10;8;2;3;1;1
202100050658;111 134;7;0;2;2;16;2
202100050658;111 135;1;0;2;3;1;5
202100050659;111 133;3;8;0;1;1;1
202100050660;111 131;7;0;2;1;1;1
202100050660;111 132;7;0;2;3;15;1
202100050661;111 129;30;0;2;1;1;1
202100050661;111 130;7;0;2;2;1;1
202100050662;111 127;33;0;0;0;1;1
202100050663;111 126;7;0;1;1;1;1
202100050664;111 124;2;0;2;1;1;1
202100050664;111 125;7;0;0;4;16;1
202100050665;111 123;7;17;0;2;1;1
202100050666;111 122;7;0;0;1;0;1
202100050667;111 120;1;0;2;4;2;5
202100050667;111 121;7;0;9;2;2;1
202100050668;111 118;33;0;2;1;1;1
202100050668;111 119;7;0;2;2;15;1
202100050669;111 117;7;3;0;3;17;1
202100050670;111 115;7;0;2;1;5;1
202100050670;111 116;10;0;2;2;1;1
202100050671;111 113;7;0;2;3;1;1
202100050671;111 114;2;0;2;1;1;1
202100050672;111 112;33;0;0;8;15;1
202100050673;111 111;7;13;0;2;1;1
202100050674;111 109;7;0;2;2;1;1
202100050674;111 110;1;0;0;1;2;5
202100050675;111 107;7;0;0;8;15;1
202100050675;111 108;33;0;2;1;17;1
202100050676;111 106;7;13;0;8;1;0
202100050677;111 103;7;0;2;3;13;1
202100050677;111 104;17;0;2;3;1;1
202100050677;111 105;7;13;2;8;1;1
202100050678;111 102;7;2;0;3;13;1
202100050679;111 101;33;14;0;1;1;1
202100050680;111 100;1;15;0;0;21;5
202100050681;111 099;7;13;0;3;1;1
202100050682;111 098;7;0;9;1;0;1
202100050683;111 096;7;0;2;1;1;1
202100050683;111 097;7;0;2;4;1;1
202100050684;111 094;2;0;2;0;21;1
202100050684;111 095;21;0;2;0;21;1
202100050685;111 092;10;0;2;1;1;1
202100050685;111 093;7;0;0;4;23;1
202100050686;111 090;30;0;2;7;1;1
202100050686;111 091;7;0;2;3;9;1
202100050687;111 089;7;0;1;3;1;1
202100050688;111 087;7;0;2;2;9;1
202100050688;111 088;33;0;2;1;1;1
202100050689;111 085;7;0;0;1;1;1
202100050689;111 086;7;0;0;1;1;1
202100050690;111 083;20;0;2;3;1;1
202100050690;111 084;10;0;2;3;13;1
202100050691;111 081;7;0;2;3;1;1
202100050691;111 082;7;0;2;3;13;1
202100050692;111 079;7;0;0;1;1;1
202100050692;111 080;7;0;2;1;1;1
202100050693;111 077;33;0;2;1;2;1
202100050693;111 078;33;0;2;4;2;1
202100050694;111 075;10;0;2;8;1;1
202100050694;111 076;33;0;2;8;13;1
202100050695;111 073;33;0;2;1;1;1
202100050695;111 074;7;0;2;6;10;1
202100050696;111 071;10;0;2;1;1;1
202100050696;111 072;7;0;2;1;1;1
202100050697;111 069;33;0;2;1;1;1
202100050697;111 070;7;0;2;8;19;1
202100050698;111 068;32;13;0;7;1;1
202100050699;111 066;7;0;0;4;2;1
202100050699;111 067;7;0;2;1;2;1
202100050700;111 065;10;9;0;1;14;1
202100050701;111 063;33;0;2;3;1;1
202100050701;111 064;7;0;2;2;15;2
202100050702;111 062;7;13;0;1;1;1
202100050703;111 060;33;0;2;1;1;1
202100050703;111 061;7;0;2;2;15;1
202100050704;111 058;7;0;2;3;15;1
202100050704;111 059;32;0;2;1;17;1
202100050705;111 056;33;0;2;1;1;1
202100050705;111 057;7;0;2;3;9;1
202100050706;111 055;2;0;0;9;1;1
202100050707;111 053;7;0;0;6;9;1
202100050707;111 054;33;0;2;1;2;1
202100050708;111 051;38;0;2;3;1;1
202100050708;111 052;7;0;2;3;5;1
202100050709;111 049;7;0;0;5;1;1
202100050709;111 050;2;0;2;1;2;1
202100050710;111 048;36;0;0;6;1;1
202100050711;111 047;36;0;0;1;26;1
202100050712;111 045;33;0;2;1;17;1
202100050712;111 046;7;0;9;6;17;1
202100050713;111 040;10;0;2;0;2;1
202100050713;111 041;7;0;2;1;2;1
202100050713;111 042;7;0;2;4;2;1
202100050713;111 043;7;0;2;4;2;1
202100050713;111 044;7;0;2;4;2;1
202100050714;111 038;10;0;2;9;14;1
202100050714;111 039;13;0;2;6;1;1
202100050715;111 035;7;0;2;7;17;1
202100050715;111 036;7;0;2;2;1;1
202100050715;111 037;7;0;2;3;18;1
202100050716;111 030;10;0;2;1;1;1
202100050716;111 031;7;0;2;1;11;1
202100050716;111 032;7;4;2;7;1;1
202100050716;111 033;7;3;2;8;11;1
202100050716;111 034;7;0;2;6;1;1
202100050717;111 028;7;0;2;1;26;1
202100050717;111 029;7;0;2;4;26;1
202100050718;111 026;7;0;2;8;13;1
202100050718;111 027;7;4;2;2;1;1
202100050719;111 025;7;4;0;3;13;1
202100050720;111 024;32;0;0;0;2;1
202100050721;111 022;20;0;0;0;26;0
202100050721;111 023;31;0;0;0;26;1
202100050722;111 019;7;0;2;4;2;1
202100050722;111 020;7;0;2;1;9;1
202100050722;111 021;7;0;2;4;2;2
202100050723;111 018;32;4;0;8;1;1
202100050724;111 017;7;3;0;1;21;1
202100050725;111 015;7;0;2;1;2;1
202100050725;111 016;7;0;2;4;2;1
202100050726;111 014;7;6;0;0;13;1
202100050727;111 012;31;0;2;7;1;1
202100050727;111 013;7;0;9;8;15;1
202100050728;111 010;33;0;2;2;1;1
202100050728;111 011;7;0;2;8;26;1
202100050729;111 008;7;0;2;1;14;1
202100050729;111 009;30;0;2;1;25;0
202100050730;111 006;7;0;2;1;2;1
202100050730;111 007;7;0;2;4;23;1
202100050731;111 005;37;0;1;5;16;1
202100050732;111 002;7;0;2;4;1;1
202100050732;111 003;7;0;2;2;1;1
202100050732;111 004;7;0;2;6;1;1
202100050733;111 000;7;0;2;8;1;1
202100050733;111 001;7;0;2;1;1;1
202100050734;110 998;33;0;2;4;1;1
202100050734;110 999;7;0;2;3;26;1
202100050735;110 996;7;0;2;3;1;1
202100050735;110 997;30;0;2;4;9;1
202100050736;110 994;2;1;0;1;13;1
202100050736;110 995;7;0;9;2;26;1
202100050737;110 992;7;0;2;6;2;0
202100050737;110 993;32;0;2;0;0;0
202100050738;110 991;33;0;0;1;1;1
202100050739;110 989;14;0;2;6;1;1
202100050739;110 990;30;0;2;0;3;1
202100050740;110 985;33;0;2;1;2;1
202100050740;110 986;7;0;2;3;10;1
202100050741;110 983;7;0;2;3;1;1
202100050741;110 984;2;0;2;3;19;1
202100050742;110 982;7;0;1;4;20;1
202100050743;110 981;7;14;0;3;1;1
202100050744;110 979;2;0;2;1;9;1
202100050744;110 980;7;0;2;5;16;1
202100050745;110 978;33;6;0;3;16;1
202100050746;110 976;1;0;2;1;1;0
202100050746;110 977;7;0;2;3;15;1
202100050747;110 974;99;0;2;2;19;0
202100050747;110 975;99;0;2;1;19;0
202100050748;110 972;30;0;2;7;9;1
202100050748;110 973;7;0;2;3;9;1
202100050749;110 970;7;0;2;4;15;1
202100050749;110 971;30;0;2;1;2;1
202100050750;110 969;7;0;1;2;1;1
202100050751;110 965;33;0;2;1;1;1
202100050751;110 966;7;0;2;3;15;1
202100050752;110 964;7;0;1;1;15;1
202100050753;110 962;7;0;2;3;9;1
202100050753;110 963;1;0;2;1;1;0
202100050754;110 960;7;12;2;2;2;1
202100050754;110 961;7;12;2;6;1;1
202100050755;110 959;7;13;0;1;1;1
202100050756;110 955;7;0;2;6;0;1
202100050756;110 956;31;1;0;1;13;0
202100050756;110 957;7;0;2;6;26;1
202100050756;110 958;7;1;0;2;2;1
202100050757;110 954;36;8;0;5;14;1
202100050758;110 952;7;0;2;2;1;1
202100050758;110 953;31;0;2;7;20;1
202100050759;110 950;32;8;2;1;17;1
202100050759;110 951;10;0;2;3;15;1
202100050760;110 948;7;0;2;0;0;0
202100050760;110 949;2;0;2;3;15;1
202100050761;110 945;32;0;2;1;3;1
202100050761;110 946;7;0;2;6;1;2
202100050761;110 947;7;0;2;2;1;2
202100050762;110 942;10;0;2;4;2;1
202100050762;110 943;10;0;2;4;2;1
202100050762;110 944;7;0;2;1;2;1
202100050763;110 941;7;0;1;2;1;1
202100050764;110 939;50;0;2;1;1;3
202100050764;110 940;10;0;2;2;16;1
202100050765;110 938;1;0;0;0;21;5
202100050766;110 937;60;0;0;0;25;5
202100050767;110 934;7;0;2;2;15;1
202100050767;110 935;33;0;2;3;1;1
202100050767;110 936;7;0;2;5;23;2
202100050768;110 932;7;0;2;2;15;1
202100050768;110 933;1;0;2;8;1;5
202100050769;110 930;43;0;2;1;2;1
202100050769;110 931;33;0;2;4;2;1
202100050770;110 929;1;0;1;0;1;5
202100050771;110 927;30;0;2;4;23;1
202100050771;110 928;30;0;2;1;1;3
202100050772;110 926;33;0;0;4;1;1
202100050773;110 924;7;0;2;3;22;1
202100050773;110 925;80;0;2;0;1;3
202100050774;110 923;7;0;1;4;4;1
202100050775;110 921;7;0;2;2;1;1
202100050775;110 922;7;0;2;3;1;1
202100050776;110 919;33;16;0;5;20;1
202100050776;110 920;2;0;2;3;2;1
202100050777;110 918;32;12;0;1;26;1
202100050778;110 917;33;0;0;0;1;1
202100050779;110 916;7;0;1;5;1;1
202100050780;110 915;7;0;1;1;1;1
202100050781;110 913;7;0;2;5;12;1
202100050781;110 914;33;0;2;3;1;1
202100050782;110 911;7;0;2;2;16;1
202100050782;110 912;34;0;2;5;16;1
202100050783;110 909;33;0;2;6;15;1
202100050783;110 910;7;0;2;0;1;1
202100050784;110 907;2;0;2;8;15;1
202100050784;110 908;32;0;2;7;17;1
202100050785;110 904;7;0;2;2;15;1
202100050785;110 905;7;0;2;1;1;1
202100050785;110 906;7;0;2;6;1;1
202100050786;110 903;2;1;0;0;1;1
202100050787;110 902;7;17;0;2;14;1
202100050788;110 900;7;0;2;1;1;1
202100050788;110 901;7;0;2;4;2;1
202100050789;110 898;17;0;0;4;1;1
202100050789;110 899;7;0;2;1;2;1
202100050790;110 896;7;4;2;3;11;1
202100050790;110 897;7;0;2;3;17;1
202100050791;110 894;2;0;2;1;21;1
202100050791;110 895;10;0;0;8;1;0
202100050792;110 893;7;13;0;1;1;1
202100050793;110 891;33;0;2;1;1;1
202100050793;110 892;7;0;2;3;16;1
202100050794;110 888;7;0;2;8;1;1
202100050794;110 889;7;0;2;8;1;1
202100050794;110 890;32;0;2;8;1;1
202100050795;110 886;7;0;0;1;1;1
202100050795;110 887;1;0;2;1;1;5
202100050796;110 884;2;0;2;3;13;1
202100050796;110 885;7;0;2;6;1;1
202100050797;110 882;1;0;2;4;2;5
202100050797;110 883;7;0;2;1;1;1
202100050798;110 880;7;15;2;1;1;1
202100050798;110 881;7;0;0;3;15;1
202100050799;110 878;7;0;2;3;13;1
202100050799;110 879;2;0;2;3;1;1
202100050800;110 876;7;0;2;1;1;1
202100050800;110 877;7;0;2;1;13;1
202100050801;110 873;7;8;0;1;1;1
202100050802;110 871;1;0;2;8;1;5
202100050802;110 872;7;0;2;1;15;1
202100050803;110 869;33;0;2;1;1;1
202100050803;110 870;7;0;2;3;19;1
202100050804;110 868;7;6;0;3;13;1
202100050805;110 867;7;0;1;1;1;1
202100050806;110 865;33;0;2;7;5;1
202100050806;110 866;7;0;2;1;1;1
202100050807;110 861;7;0;2;1;15;1
202100050807;110 862;7;14;0;1;1;1
202100050807;110 863;7;0;2;2;1;1
202100050808;110 860;2;0;0;0;1;3
202100050809;110 858;7;0;2;1;9;0
202100050809;110 859;1;0;2;7;1;5
202100050810;110 857;33;0;0;8;1;1
202100050811;110 856;31;15;0;1;1;1
202100050812;110 854;33;0;2;3;13;1
202100050812;110 855;7;0;2;8;1;1
202100050813;110 852;33;0;9;1;21;1
202100050813;110 853;33;0;0;0;1;1
202100050814;110 850;1;0;0;0;2;5
202100050814;110 851;1;0;0;0;1;5
202100050815;110 849;7;13;0;1;1;1
202100050816;110 847;33;0;2;1;0;1
202100050816;110 848;7;0;2;3;0;1
202100050817;110 846;7;16;0;3;1;1
202100050818;110 844;7;0;9;2;13;1
202100050818;110 845;80;0;0;4;13;3
202100050819;110 842;31;0;2;1;2;1
202100050819;110 843;7;0;2;6;15;1
202100050820;110 841;3;0;0;0;1;1
202100050821;110 839;1;12;2;7;2;5
202100050821;110 840;1;12;2;8;2;5
202100050822;110 837;1;0;2;8;1;5
202100050822;110 838;7;0;2;3;15;1
202100050823;110 835;32;15;0;1;14;1
202100050824;110 834;7;2;0;1;0;1
202100050825;110 832;7;0;2;3;15;1
202100050825;110 833;7;0;2;1;1;1
202100050826;110 831;30;1;0;0;0;1
202100050827;110 829;7;0;2;0;1;1
202100050827;110 830;7;0;2;8;19;1
202100050828;110 827;7;0;2;1;13;1
202100050828;110 828;7;0;2;2;1;1
202100050829;110 825;33;5;0;1;21;1
202100050829;110 826;33;5;0;1;21;1
202100050830;110 823;15;0;0;4;2;1
202100050830;110 824;7;3;2;1;2;1
202100050831;110 821;1;0;2;4;2;5
202100050831;110 822;7;0;9;2;1;1
202100050832;110 820;33;0;6;1;1;1
202100050833;110 819;33;0;0;3;1;1
202100050834;110 818;7;13;0;2;14;1
202100050835;110 816;7;0;9;1;15;1
202100050835;110 817;50;0;2;1;16;3
202100050836;110 815;1;0;1;1;1;5
202100050837;110 813;7;0;2;3;1;1
202100050837;110 814;0;0;2;0;5;0
202100050838;110 812;33;0;5;1;26;1
202100050839;110 811;7;2;0;1;1;1
202100050840;110 809;33;0;2;2;1;1
202100050840;110 810;7;0;2;2;1;1
202100050841;110 808;7;13;9;1;13;1
202100050842;110 806;7;0;2;8;2;1
202100050842;110 807;15;0;2;2;12;1
202100050843;110 805;33;4;0;1;1;1
202100050844;110 803;7;0;2;4;2;1
202100050844;110 804;32;0;2;1;2;1
202100050845;110 800;7;0;2;4;1;3
202100050845;110 801;7;0;2;1;14;1
202100050845;110 802;7;0;2;4;1;1
202100050846;110 798;7;0;2;6;1;1
202100050846;110 799;7;0;2;2;12;1
202100050847;110 796;33;0;2;0;0;1
202100050847;110 797;10;0;2;0;9;1
202100050848;110 794;7;0;2;6;1;2
202100050848;110 795;7;0;2;1;26;1
202100050849;110 792;0;0;2;0;0;0
202100050849;110 793;32;0;2;8;13;1
202100050850;110 790;7;0;2;6;2;1
202100050850;110 791;14;0;2;2;12;1
202100050851;110 787;10;0;2;6;1;1
202100050851;110 788;7;0;2;4;1;1
202100050851;110 789;17;0;2;1;1;1
202100050852;110 784;7;0;2;4;2;0
202100050852;110 785;7;0;2;4;2;1