Num_Acc;id_vehicule;catv;obs;obsm;choc;manv;motor
202100050852;110 786;7;0;2;1;2;1
202100050853;110 780;7;0;2;4;23;1
202100050853;110 781;7;0;2;4;23;1
202100050853;110 782;7;0;2;1;2;1
202100050853;110 783;7;0;2;4;23;1
202100050854;110 778;2;0;2;1;1;1
202100050854;110 779;10;0;2;5;15;1
202100050855;110 776;33;0;2;1;1;1
202100050855;110 777;7;0;2;3;15;1
202100050856;110 774;7;0;2;2;1;1
202100050856;110 775;1;0;2;7;19;5
202100050857;110 773;7;6;0;1;26;1
202100050858;110 771;10;0;2;4;23;1
202100050858;110 772;7;0;2;1;2;1
202100050859;110 770;30;14;0;1;5;1
202100050860;110 767;7;0;2;2;1;1
202100050860;110 768;7;0;2;8;1;1
202100050860;110 769;7;0;2;6;9;1
202100050861;110 765;33;0;2;8;0;1
202100050861;110 766;7;0;2;3;9;1
202100050862;110 763;7;0;2;4;2;1
202100050862;110 764;7;0;2;1;2;1
202100050863;110 762;7;0;1;1;1;3
202100050864;110 761;30;0;9;1;26;1
202100050865;110 760;10;1;1;4;26;1
202100050866;110 759;7;0;0;4;4;1
202100050867;110 757;2;0;2;1;17;1
202100050867;110 758;7;0;2;3;1;1
202100050868;110 755;2;0;2;7;1;1
202100050868;110 756;7;0;2;2;9;1
202100050869;110 753;7;0;2;4;16;1
202100050869;110 754;33;0;2;1;2;1
202100050870;110 751;7;0;9;0;15;1
202100050870;110 752;50;0;2;8;1;3
202100050871;110 750;7;0;1;1;1;1
202100050872;110 748;7;0;2;1;15;1
202100050872;110 749;33;0;2;8;16;1
202100050873;110 743;7;12;0;1;26;1
202100050874;110 741;2;0;2;7;0;1
202100050874;110 742;10;0;2;8;0;1
202100050875;110 739;3;0;2;4;23;1
202100050875;110 740;7;0;2;1;1;1
202100050876;110 736;7;0;2;1;2;1
202100050876;110 737;7;0;2;4;2;1
202100050876;110 738;7;0;2;4;2;1
202100050877;110 734;50;0;2;2;19;3
202100050877;110 735;7;0;2;0;0;0
202100050878;110 732;32;0;2;8;1;1
202100050878;110 733;7;0;2;3;9;1
202100050879;110 730;2;0;2;0;2;0
202100050879;110 731;7;0;9;3;9;1
202100050880;110 729;7;0;1;1;9;1
202100050881;110 727;7;0;2;3;1;1
202100050881;110 728;30;0;2;1;1;1
202100050882;110 725;7;0;2;1;15;1
202100050882;110 726;30;0;2;1;1;1
202100050883;110 723;7;0;2;2;1;1
202100050883;110 724;1;0;2;8;13;5
202100050884;110 722;10;0;1;1;1;1
202100050885;110 720;7;0;2;3;16;1
202100050885;110 721;7;0;2;2;1;1
202100050886;110 718;7;0;2;1;1;1
202100050886;110 719;7;0;2;4;1;1
202100050887;110 716;7;0;9;0;0;1
202100050887;110 717;1;0;2;7;1;5
202100050888;110 715;7;0;1;1;1;1
202100050889;110 714;7;0;1;7;1;1
202100050890;110 713;10;0;1;1;1;1
202100050891;110 711;7;0;2;3;15;1
202100050891;110 712;34;0;2;1;1;1
202100050892;110 709;7;0;2;1;16;2
202100050892;110 710;1;0;2;4;15;5
202100050893;110 708;7;0;1;1;1;1
202100050894;110 706;10;0;2;3;9;1
202100050894;110 707;2;0;2;1;1;1
202100050895;110 705;2;0;0;1;1;1
202100050896;110 704;7;0;1;5;26;1
202100050897;110 701;1;0;2;7;19;5
202100050897;110 702;7;0;2;4;23;1
202100050897;110 703;7;0;2;1;2;1
202100050898;110 700;7;0;1;0;15;0
202100050899;110 698;1;0;2;1;26;5
202100050899;110 699;7;0;2;3;9;1
202100050900;110 696;7;0;2;1;17;1
202100050900;110 697;7;0;2;1;1;1
202100050901;110 695;1;0;0;0;1;5
202100050902;110 693;7;0;2;1;1;1
202100050902;110 694;10;0;2;8;19;1
202100050903;110 691;7;0;2;2;1;1
202100050903;110 692;7;0;2;1;9;1
202100050904;110 689;7;0;2;4;1;1
202100050904;110 690;7;0;2;1;2;1
202100050905;110 687;30;0;2;2;15;1
202100050905;110 688;30;0;2;1;1;1
202100050906;110 685;7;0;2;1;1;1
202100050906;110 686;30;0;2;4;1;1
202100050907;110 683;33;0;2;9;1;1
202100050907;110 684;33;15;0;1;1;1
202100050908;110 681;33;0;2;1;16;1
202100050908;110 682;7;0;2;8;1;1
202100050909;110 679;1;0;2;8;1;0
202100050909;110 680;7;0;2;2;15;0
202100050910;110 677;1;0;2;4;1;5
202100050910;110 678;7;0;2;1;1;1
202100050911;110 675;30;0;2;2;1;1
202100050911;110 676;7;0;2;3;20;1
202100050912;110 673;15;0;2;4;23;1
202100050912;110 674;7;0;2;3;21;1
202100050913;110 671;32;0;2;1;1;1
202100050913;110 672;99;0;2;0;0;0
202100050914;110 669;34;0;2;7;17;1
202100050914;110 670;7;0;2;3;17;1
202100050915;110 667;7;0;2;8;2;1
202100050915;110 668;7;0;2;0;26;1
202100050916;110 665;34;0;2;1;1;1
202100050916;110 666;7;0;2;2;15;1
202100050917;110 663;34;0;2;1;1;1
202100050917;110 664;7;0;2;4;2;1
202100050918;110 661;7;1;0;3;26;0
202100050918;110 662;7;0;2;3;23;1
202100050919;110 660;33;0;0;0;1;1
202100050920;110 658;7;0;2;1;2;1
202100050920;110 659;7;0;0;4;2;1
202100050921;110 657;30;0;0;0;1;1
202100050922;110 654;7;0;2;3;23;1
202100050922;110 655;33;0;2;1;2;1
202100050922;110 656;7;0;2;4;2;1
202100050923;110 652;1;0;2;1;16;5
202100050923;110 653;37;0;2;6;7;2
202100050924;110 650;43;0;2;0;15;1
202100050924;110 651;32;0;2;0;2;1
202100050925;110 648;30;0;2;3;1;1
202100050925;110 649;7;0;2;0;16;0
202100050926;110 646;7;0;2;6;15;1
202100050926;110 647;50;0;2;1;1;3
202100050927;110 645;32;0;0;0;1;1
202100050928;110 643;7;0;2;1;15;1
202100050928;110 644;30;0;2;7;1;3
202100050929;110 641;1;0;2;2;17;5
202100050929;110 642;10;0;2;6;4;0
202100050930;110 639;33;0;2;2;1;1
202100050930;110 640;7;0;2;3;1;1
202100050931;110 637;7;0;2;3;16;1
202100050931;110 638;32;0;2;2;18;1
202100050932;110 635;10;0;2;2;16;1
202100050932;110 636;33;0;2;3;7;1
202100050933;110 633;7;0;2;3;22;1
202100050933;110 634;1;0;2;0;1;5
202100050934;110 632;50;12;0;7;1;3
202100050935;110 631;15;1;1;4;20;1
202100050936;110 630;80;0;0;7;1;3
202100050937;110 628;30;0;2;0;15;0
202100050937;110 629;30;0;2;3;1;1
202100050938;110 627;1;0;1;1;1;5
202100050939;110 626;50;15;0;1;25;3
202100050940;110 625;1;0;2;1;1;5
202100050941;110 624;7;0;1;1;16;0
202100050942;110 622;7;14;2;8;13;1
202100050942;110 623;7;0;2;1;21;1
202100050943;110 620;7;1;2;2;16;1
202100050943;110 621;2;1;2;1;21;1
202100050944;110 618;30;0;2;0;1;1
202100050944;110 619;7;0;2;5;15;1
202100050945;110 615;7;0;2;5;2;1
202100050945;110 616;7;0;0;0;23;1
202100050945;110 617;7;0;2;1;2;1
202100050946;110 613;33;0;2;8;2;1
202100050946;110 614;7;0;2;3;15;1
202100050947;110 611;7;0;2;1;15;1
202100050947;110 612;7;0;2;2;21;1
202100050948;110 609;7;0;2;1;1;1
202100050948;110 610;7;0;2;1;1;1
202100050949;110 608;7;0;0;2;26;0
202100050950;110 606;7;0;2;0;0;1
202100050950;110 607;30;0;2;1;0;1
202100050951;110 604;7;0;2;0;16;0
202100050951;110 605;50;0;2;0;5;3
202100050952;110 603;33;0;1;1;1;1
202100050953;110 601;7;0;2;2;9;1
202100050953;110 602;31;0;2;3;1;1
202100050954;110 599;7;12;2;1;2;1
202100050954;110 600;10;12;2;4;1;1
202100050955;110 597;1;0;2;8;15;5
202100050955;110 598;30;0;2;2;18;0
202100050956;110 596;33;13;0;8;1;1
202100050957;110 594;7;0;2;5;9;1
202100050957;110 595;7;0;2;3;1;1
202100050958;110 591;7;0;2;1;13;0
202100050958;110 592;7;0;2;1;1;1
202100050958;110 593;7;0;2;3;1;1
202100050959;110 589;2;0;2;1;1;1
202100050959;110 590;7;0;2;3;1;1
202100050960;110 587;31;0;2;1;2;1
202100050960;110 588;33;0;0;6;1;1
202100050961;110 585;7;0;2;2;2;1
202100050961;110 586;1;0;2;4;2;5
202100050962;110 583;7;0;2;1;13;1
202100050962;110 584;7;0;2;1;1;1
202100050963;110 582;7;0;1;3;13;1
202100050964;110 580;33;13;0;1;1;1
202100050964;110 581;33;15;0;1;1;1
202100050965;110 579;2;13;0;0;1;1
202100050966;110 578;7;15;0;0;1;1
202100050967;110 577;33;0;0;0;1;1
202100050968;110 575;7;0;2;6;15;3
202100050968;110 576;10;0;2;3;1;1
202100050969;110 574;7;13;0;7;1;1
202100050970;110 573;7;13;0;1;19;1
202100050971;110 571;7;0;2;3;1;1
202100050971;110 572;33;0;2;1;1;1
202100050972;110 570;33;6;0;7;1;1
202100050973;110 569;1;0;1;1;1;5
202100050974;110 567;7;0;2;3;1;1
202100050974;110 568;7;0;2;1;0;1
202100050975;110 566;2;13;0;1;1;1
202100050976;110 565;31;2;0;1;1;1
202100050977;110 563;7;0;2;8;15;1
202100050977;110 564;7;0;2;1;1;0
202100050978;110 562;7;2;0;1;1;1
202100050979;110 560;1;0;2;8;1;5
202100050979;110 561;7;0;2;7;1;1
202100050980;110 558;2;0;0;4;15;1
202100050980;110 559;34;0;2;1;17;1
202100050981;110 556;7;0;0;1;13;1
202100050981;110 557;10;0;0;1;21;1
202100050982;110 554;7;0;2;1;17;1
202100050982;110 555;10;0;2;1;1;1
202100050983;110 551;7;3;2;2;17;1
202100050983;110 552;15;0;0;6;1;0
202100050984;110 549;32;0;2;2;17;1
202100050984;110 550;10;0;2;3;15;1
202100050985;110 548;7;0;1;4;4;1
202100050986;110 547;10;11;0;3;1;1
202100050987;110 542;7;1;2;3;1;1
202100050987;110 543;7;0;2;2;2;1
202100050987;110 544;7;1;0;2;2;1
202100050987;110 545;7;1;2;3;2;1
202100050987;110 546;7;4;0;5;0;1
202100050988;110 540;2;0;2;3;10;1
202100050988;110 541;7;0;2;1;1;1
202100050989;110 538;7;0;2;1;13;1
202100050989;110 539;14;0;2;3;1;1
202100050990;110 531;15;0;2;0;0;1
202100050990;110 532;15;0;2;4;0;1
202100050990;110 533;7;0;0;4;0;1
202100050990;110 534;7;0;2;4;0;1
202100050990;110 535;15;0;2;4;0;1
202100050990;110 536;15;0;2;1;2;1
202100050990;110 537;15;0;2;3;0;1
202100050991;110 529;7;0;2;1;1;1
202100050991;110 530;7;12;2;1;1;1
202100050992;110 527;33;0;2;1;2;1
202100050992;110 528;7;0;2;6;9;1
202100050993;110 525;1;0;2;4;12;5
202100050993;110 526;7;0;2;1;1;2
202100050994;110 524;7;2;0;3;17;1
202100050995;110 521;7;3;0;8;1;1
202100050995;110 522;7;0;2;8;13;2
202100050995;110 523;7;3;2;1;1;1
202100050996;110 520;33;0;0;0;1;1
202100050997;110 518;1;0;0;0;1;5
202100050997;110 519;7;0;0;0;15;1
202100050998;110 516;7;6;2;1;1;1
202100050998;110 517;7;6;2;7;15;1
202100050999;110 514;7;0;2;1;13;1
202100050999;110 515;7;0;2;1;1;1
202100051000;110 511;7;0;2;1;13;1
202100051000;110 512;7;0;0;8;1;1
202100051000;110 513;7;0;2;3;1;1
202100051001;110 510;10;15;0;1;1;1
202100051002;110 506;2;0;2;6;5;1
202100051002;110 507;7;0;2;3;1;1
202100051003;110 504;15;0;2;2;1;1
202100051003;110 505;7;0;2;8;11;1
202100051004;110 502;10;0;0;4;2;1
202100051004;110 503;7;0;0;4;2;1
202100051005;110 500;7;0;0;8;23;1
202100051005;110 501;32;0;2;7;21;1
202100051006;110 498;7;0;2;1;2;1
202100051006;110 499;15;0;2;4;2;1
202100051007;110 496;33;0;2;1;1;1
202100051007;110 497;7;0;2;4;2;1
202100051008;110 495;17;3;0;9;2;1
202100051009;110 493;7;0;2;4;2;1
202100051009;110 494;7;0;2;1;2;1
202100051010;110 489;7;0;2;0;26;1
202100051010;110 490;31;0;2;0;26;1
202100051011;110 488;7;4;0;3;2;1
202100051012;110 486;10;0;2;1;0;1
202100051012;110 487;7;0;2;4;0;1
202100051013;110 484;7;0;2;4;2;1
202100051013;110 485;7;0;2;1;2;1
202100051014;110 483;7;4;0;1;12;1
202100051015;110 480;7;0;2;1;26;1
202100051015;110 481;7;0;2;1;26;1
202100051015;110 482;7;0;2;2;0;1
202100051016;110 478;7;0;2;3;15;1
202100051016;110 479;33;0;2;7;1;1
202100051017;110 477;7;0;1;2;9;0
202100051018;110 476;31;1;0;2;15;1
202100051019;110 474;1;0;2;8;1;5
202100051019;110 475;7;0;2;2;1;1
202100051020;110 473;7;0;0;0;14;1
202100051021;110 472;7;0;1;0;1;1
202100051022;110 470;7;0;2;1;1;1
202100051022;110 471;34;0;2;4;1;1
202100051023;110 468;15;0;2;2;2;1
202100051023;110 469;7;0;2;6;23;1
202100051024;110 467;7;0;1;2;16;1
202100051025;110 465;2;1;2;7;1;1
202100051025;110 466;7;1;2;7;20;1
202100051026;110 463;7;0;2;8;1;1
202100051026;110 464;7;0;2;3;1;1
202100051027;110 462;7;7;0;1;14;1
202100051028;110 460;7;0;2;5;15;6
202100051028;110 461;33;0;2;1;13;6
202100051029;110 456;7;0;2;1;1;1
202100051029;110 457;7;0;2;4;1;1
202100051029;110 458;7;0;2;9;0;1
202100051029;110 459;7;0;2;4;1;1
202100051030;110 455;10;0;1;4;4;1
202100051031;110 454;7;0;1;1;1;1
202100051032;110 452;7;0;2;1;1;1
202100051032;110 453;37;0;2;1;15;1
202100051033;110 447;7;0;2;1;2;1
202100051033;110 448;10;0;2;4;23;1
202100051034;110 446;7;8;0;1;14;1
202100051035;110 444;7;0;2;4;1;1
202100051035;110 445;7;0;2;1;26;1
202100051036;110 443;30;0;0;9;9;1
202100051037;110 441;7;0;0;0;0;0
202100051037;110 442;7;0;2;0;0;0
202100051038;110 440;7;1;0;8;24;1
202100051039;110 438;7;0;2;1;0;1
202100051039;110 439;7;0;2;5;19;1
202100051040;110 437;7;0;1;2;1;1
202100051041;110 435;7;0;2;6;15;2
202100051041;110 436;2;0;2;1;2;1
202100051042;110 434;7;0;1;7;1;1
202100051043;110 432;7;1;2;6;22;1
202100051043;110 433;33;0;2;6;17;1
202100051044;110 431;7;9;0;3;1;1
202100051045;110 429;7;0;2;1;9;1
202100051045;110 430;2;0;2;1;1;1
202100051046;110 427;10;0;2;2;1;1
202100051046;110 428;7;0;2;3;1;1
202100051047;110 426;7;0;1;1;14;1
202100051048;110 425;2;13;0;1;1;1
202100051049;110 424;7;0;1;2;1;1
202100051050;110 422;50;0;2;3;19;3
202100051050;110 423;7;0;2;1;1;1
202100051051;110 421;7;0;1;4;20;1
202100051052;110 419;7;0;2;3;11;1
202100051052;110 420;7;0;2;2;1;1
202100051053;110 417;7;0;2;8;9;2
202100051053;110 418;33;0;2;8;9;1
202100051054;110 415;10;0;2;2;15;1
202100051054;110 416;33;0;2;3;1;1
202100051055;110 414;7;0;1;1;9;1
202100051056;110 412;1;0;2;1;25;5
202100051056;110 413;7;0;2;7;9;1
202100051057;110 411;10;0;1;3;15;1
202100051058;110 409;7;0;2;2;1;1
202100051058;110 410;7;7;2;2;1;1
202100051059;110 407;37;0;2;2;1;4
202100051059;110 408;1;0;2;8;19;5
202100051060;110 405;32;0;2;8;1;1
202100051060;110 406;3;0;2;3;15;1
202100051061;110 403;7;0;2;3;9;1
202100051061;110 404;2;0;2;2;1;1
202100051062;110 401;7;0;2;2;15;1
202100051062;110 402;7;0;2;1;1;1
202100051063;110 399;10;0;2;1;1;1
202100051063;110 400;7;0;2;2;1;1
202100051064;110 397;7;0;2;1;26;1
202100051064;110 398;10;0;2;0;9;1
202100051065;110 395;7;0;2;1;1;1
202100051065;110 396;1;0;2;7;1;5
202100051066;110 394;7;0;1;1;16;1
202100051067;110 392;99;0;2;1;19;3
202100051067;110 393;7;0;9;2;1;2
202100051068;110 390;33;0;2;4;2;1
202100051068;110 391;7;0;2;1;2;1
202100051069;110 389;30;0;1;1;3;1
202100051070;110 387;7;0;2;1;9;1
202100051070;110 388;2;0;2;7;16;1
202100051071;110 385;7;0;2;3;15;1
202100051071;110 386;33;0;2;1;17;1
202100051072;110 383;33;0;2;1;1;1
202100051072;110 384;7;0;2;3;15;1
202100051073;110 381;7;0;2;1;1;1
202100051073;110 382;7;0;2;1;15;1
202100051074;110 380;32;0;0;0;26;1
202100051075;110 379;7;0;1;2;1;1
202100051076;110 377;34;0;2;7;17;1
202100051076;110 378;7;0;2;8;15;1
202100051077;110 376;31;0;0;1;2;1
202100051078;110 374;30;0;2;0;1;1
202100051078;110 375;32;0;2;0;1;1
202100051079;110 372;30;0;2;7;1;1
202100051079;110 373;30;0;2;3;9;1
202100051080;110 371;30;0;0;0;21;1
202100051081;110 369;10;0;2;1;1;1
202100051081;110 370;7;0;2;4;23;1
202100051082;110 367;10;0;2;2;1;1
202100051082;110 368;7;0;2;3;1;1
202100051083;110 366;7;0;1;1;1;1
202100051084;110 365;50;0;1;7;1;3
202100051085;110 363;50;0;2;1;18;3
202100051085;110 364;7;0;2;5;22;1
202100051086;110 362;1;0;1;1;1;5
202100051087;110 360;7;0;2;1;1;2
202100051087;110 361;1;8;2;3;15;5
202100051088;110 358;10;0;2;1;1;1
202100051088;110 359;7;0;0;4;1;0
202100051089;110 356;7;0;2;3;15;1
202100051089;110 357;2;0;2;0;0;1
202100051090;110 355;7;0;1;2;1;1
202100051091;110 353;7;8;2;7;6;1
202100051091;110 354;7;0;2;1;6;1
202100051092;110 351;7;0;2;2;15;1
202100051092;110 352;1;0;2;6;19;5
202100051093;110 348;10;0;2;1;0;1
202100051093;110 349;13;1;2;0;12;1
202100051093;110 350;7;0;2;1;1;1
202100051094;110 346;7;0;2;2;1;1
202100051094;110 347;50;0;2;7;0;3
202100051095;110 345;7;0;1;3;1;1
202100051096;110 343;7;0;2;8;15;1
202100051096;110 344;7;0;2;1;1;1
202100051097;110 341;2;0;2;1;1;1
202100051097;110 342;7;0;2;1;9;1
202100051098;110 339;7;0;2;1;1;1
202100051098;110 340;7;15;2;2;1;1
202100051099;110 337;30;0;2;2;26;1
202100051099;110 338;7;0;2;1;19;1
202100051100;110 335;2;0;2;1;1;1
202100051100;110 336;7;0;2;2;1;1
202100051101;110 333;7;0;2;5;1;1
202100051101;110 334;30;0;2;1;2;1
202100051102;110 332;7;0;1;0;24;1
202100051103;110 330;10;0;2;3;15;1
202100051103;110 331;33;0;2;1;17;1
202100051104;110 328;3;0;2;2;1;3
202100051104;110 329;7;0;2;3;15;1
202100051105;110 325;10;0;2;1;2;1
202100051105;110 326;10;0;2;4;2;1
202100051105;110 327;7;0;2;4;1;1
202100051106;110 323;7;0;2;1;1;1
202100051106;110 324;7;0;0;7;19;1
202100051107;110 321;15;0;2;3;1;1
202100051107;110 322;7;0;2;1;5;1
202100051108;110 319;21;0;9;6;1;1
202100051108;110 320;33;0;0;0;0;1
202100051109;110 317;0;0;9;2;21;1
202100051109;110 318;1;0;2;4;2;5
202100051110;110 315;7;0;2;3;1;1
202100051110;110 316;7;0;2;3;17;1
202100051111;110 312;7;0;2;8;1;1
202100051111;110 313;33;0;2;8;17;6
202100051111;110 314;38;0;2;3;1;1
202100051112;110 311;7;0;9;2;1;1
202100051113;110 309;17;0;2;1;1;1
202100051113;110 310;7;0;2;8;16;1
202100051114;110 307;7;0;2;3;26;1
202100051114;110 308;30;0;2;1;1;1
202100051115;110 306;38;0;1;7;1;1
202100051116;110 304;7;0;2;3;15;1
202100051116;110 305;35;7;2;1;17;1
202100051117;110 302;33;0;2;1;1;1
202100051117;110 303;7;0;2;1;11;1
202100051118;110 301;33;0;0;0;14;1
202100051119;110 300;7;13;0;8;1;1
202100051120;110 298;7;0;2;3;1;1
202100051120;110 299;7;0;2;2;15;1
202100051121;110 296;7;0;2;3;1;1
202100051121;110 297;7;0;2;3;13;1
202100051122;110 295;7;0;1;3;1;1
202100051123;110 294;33;13;0;1;14;1
202100051124;110 293;7;0;1;2;1;1
202100051125;110 291;33;0;2;8;1;1
202100051125;110 292;14;0;2;8;1;0
202100051126;110 290;15;0;1;3;19;1
202100051127;110 289;7;3;0;8;1;1
202100051128;110 287;10;0;2;7;1;1
202100051128;110 288;7;3;2;2;14;1
202100051129;110 285;7;0;2;3;17;1
202100051129;110 286;2;0;2;3;1;1
202100051130;110 283;7;0;2;1;1;1
202100051130;110 284;10;0;2;1;17;1
202100051131;110 282;33;0;0;9;1;1
202100051132;110 279;7;0;2;1;17;2
202100051132;110 280;10;6;2;3;1;1
202100051132;110 281;7;6;2;1;16;1
202100051133;110 277;33;0;2;1;1;1
202100051133;110 278;7;0;2;5;15;1
202100051134;110 275;7;0;0;1;1;1
202100051134;110 276;7;0;0;1;15;1
202100051135;110 273;10;0;0;7;9;1
202100051135;110 274;33;0;2;1;1;1
202100051136;110 271;80;0;0;2;16;3
202100051137;110 268;7;0;2;1;1;1
202100051137;110 269;7;0;2;1;1;1
202100051138;110 265;0;0;2;1;1;6
202100051138;110 266;10;0;2;4;1;1
202100051138;110 267;7;0;2;4;1;1
202100051139;110 263;7;0;0;0;1;1
202100051139;110 264;15;3;0;3;6;1
202100051140;110 261;15;0;2;2;12;1
202100051140;110 262;7;0;2;3;1;1
202100051141;110 260;33;0;0;0;1;1
202100051142;110 259;7;4;0;0;0;1
202100051143;110 257;10;0;2;4;2;1
202100051143;110 258;7;0;2;1;2;1
202100051144;110 253;7;0;2;1;2;3
202100051144;110 254;7;0;2;1;2;1
202100051144;110 255;7;0;2;1;2;1
202100051144;110 256;7;0;2;1;2;1
202100051145;110 250;7;0;2;1;1;1
202100051145;110 251;7;0;2;4;2;1
202100051145;110 252;7;0;2;1;2;1
202100051146;110 248;33;0;2;8;1;1
202100051146;110 249;7;0;2;7;17;1
202100051147;110 246;7;0;2;8;15;1
202100051147;110 247;30;0;2;1;17;1
202100051148;110 245;30;0;0;0;1;1
202100051149;110 243;50;0;2;0;0;3
202100051149;110 244;7;0;2;2;16;1
202100051150;110 242;7;0;1;2;2;1
202100051151;110 241;33;9;0;1;0;1
202100051152;110 240;33;0;0;7;1;1
202100051153;110 239;7;0;0;7;1;1
202100051154;110 238;99;0;0;1;26;1
202100051155;110 236;7;0;2;1;2;1
202100051155;110 237;7;0;2;4;23;1
202100051156;110 235;7;0;1;1;15;1
202100051157;110 234;15;0;0;0;26;1
202100051158;110 232;7;0;2;4;1;1
202100051158;110 233;7;0;2;1;2;1
202100051159;110 228;7;0;2;0;0;1
202100051159;110 229;7;0;2;2;1;1
202100051159;110 230;7;0;2;8;0;1
202100051159;110 231;7;0;2;3;1;1
202100051160;110 226;30;0;2;4;1;1
202100051160;110 227;7;0;2;1;9;1
202100051161;110 224;30;0;2;7;1;1
202100051161;110 225;7;0;2;1;1;1
202100051162;110 222;7;0;0;0;24;1
202100051162;110 223;1;1;0;8;21;0
202100051163;110 221;33;0;2;7;21;1
202100051164;110 220;7;0;1;1;1;1
202100051165;110 218;7;0;2;2;16;1
202100051165;110 219;1;0;2;4;1;5
202100051166;110 216;2;0;2;8;1;1
202100051166;110 217;7;0;2;0;9;0
202100051167;110 214;7;0;2;0;9;1
202100051167;110 215;1;0;2;0;0;0
202100051168;110 213;31;6;0;1;26;1
202100051169;110 211;7;0;2;7;1;1
202100051169;110 212;7;0;2;2;13;1
202100051170;110 210;30;0;0;0;0;1
202100051171;110 208;30;0;2;1;1;3
202100051171;110 209;7;0;2;3;1;1
202100051172;110 206;7;0;2;3;15;1
202100051172;110 207;43;0;2;1;17;1
202100051173;110 204;15;0;2;6;24;1
202100051173;110 205;7;1;0;2;2;1
202100051174;110 200;7;0;2;1;1;1
202100051174;110 201;10;0;2;8;15;1
202100051175;110 198;7;0;2;8;19;1
202100051175;110 199;34;0;2;1;17;1
202100051176;110 196;10;0;2;6;2;1
202100051176;110 197;33;0;2;1;2;1
202100051177;110 193;7;0;2;1;13;1
202100051177;110 194;7;0;2;8;1;1
202100051177;110 195;7;0;2;1;1;1
202100051178;110 190;7;0;2;1;1;1
202100051178;110 191;33;0;2;4;1;1
202100051178;110 192;7;0;2;3;1;1
202100051179;110 188;7;0;2;2;15;1
202100051179;110 189;2;0;2;1;1;1
202100051180;110 185;7;0;2;4;2;1
202100051180;110 186;7;0;2;4;2;1
202100051180;110 187;10;0;2;1;2;1
202100051181;110 184;1;0;1;7;1;5
202100051182;110 183;7;0;1;8;1;2
202100051183;110 181;7;0;2;3;10;1
202100051183;110 182;33;0;2;2;17;1
202100051184;110 180;7;0;1;1;17;1
202100051185;110 179;50;0;1;8;1;3
202100051186;110 177;10;0;2;1;15;1
202100051186;110 178;33;0;2;1;1;1
202100051187;110 175;1;0;2;3;19;5
202100051187;110 176;1;0;2;1;1;5
202100051188;110 174;30;0;1;1;1;1
202100051189;110 172;7;0;2;3;15;2
202100051189;110 173;33;0;2;2;17;1
202100051190;110 171;32;0;1;1;1;1
202100051191;110 169;1;0;2;7;15;5
202100051191;110 170;32;0;2;1;1;1
202100051192;110 167;50;0;2;1;16;3
202100051192;110 168;10;0;2;0;1;1
202100051193;110 166;30;12;0;2;14;3
202100051194;110 165;33;0;0;0;15;1
202100051195;110 163;7;1;0;4;23;1
202100051195;110 164;7;0;2;1;1;1
202100051196;110 162;13;0;1;1;9;0
202100051197;110 161;7;0;1;4;4;1
202100051198;110 159;7;0;2;3;15;1
202100051198;110 160;30;0;2;1;1;1
202100051199;110 157;7;0;2;8;15;1
202100051199;110 158;2;0;2;7;17;1
202100051200;110 155;2;0;2;1;2;1
202100051200;110 156;7;14;0;5;23;2
202100051201;110 152;33;1;2;2;17;1
202100051201;110 153;7;0;2;2;9;1
202100051201;110 154;7;0;0;3;0;1
202100051202;110 151;7;0;1;2;1;1
202100051203;110 150;50;0;0;1;19;3
202100051204;110 148;7;0;2;1;19;1
202100051204;110 149;10;0;2;1;19;1
202100051205;110 147;30;0;1;1;1;1
202100051206;110 146;7;13;0;7;14;1
202100051207;110 144;7;3;2;1;14;1
202100051207;110 145;7;0;2;4;23;1
202100051208;110 143;7;0;0;7;2;1
202100051209;110 142;7;2;0;1;1;1
202100051210;110 141;7;0;1;1;1;1
202100051211;110 139;31;0;2;1;13;1
202100051211;110 140;13;0;2;1;1;1
202100051212;110 137;7;0;0;4;1;1
202100051212;110 138;7;0;2;1;0;1
202100051213;110 135;33;0;2;7;1;1
202100051213;110 136;7;0;2;8;11;1
202100051214;110 134;7;13;0;1;1;1
202100051215;110 132;7;0;0;1;13;1
202100051215;110 133;7;0;2;1;1;0
202100051216;110 129;7;0;2;3;1;1
202100051216;110 130;10;0;2;1;21;1
202100051216;110 131;10;0;2;6;1;1
202100051217;110 127;7;0;2;1;1;1
202100051217;110 128;7;0;2;8;17;1
202100051218;110 124;7;0;2;1;1;1
202100051218;110 125;7;0;2;1;13;1
202100051218;110 126;7;0;0;0;17;0
202100051219;110 122;32;0;2;1;1;1
202100051219;110 123;7;0;2;2;15;1
202100051220;110 121;10;0;0;9;1;1
202100051221;110 120;36;0;0;0;0;1
202100051222;110 118;7;0;2;3;2;1
202100051222;110 119;7;0;2;5;15;1
202100051223;110 116;7;0;2;2;2;1
202100051223;110 117;7;0;2;4;2;1
202100051224;110 115;2;12;0;1;1;1
202100051225;110 114;20;2;0;0;21;1
202100051226;110 113;7;2;0;2;1;1
202100051227;110 111;10;0;2;2;15;1
202100051227;110 112;33;0;2;8;2;1
202100051228;110 109;1;0;2;4;1;5
202100051228;110 110;7;0;9;1;16;1
202100051229;110 108;14;0;0;5;0;0
202100051230;110 107;2;0;0;0;0;1
202100051231;110 106;7;13;0;3;13;1
202100051232;110 105;33;12;0;1;9;0
202100051233;110 104;7;15;0;9;1;1
202100051234;110 103;2;0;0;8;26;1
202100051235;110 102;7;0;1;2;16;1
202100051236;110 100;80;12;2;0;2;3
202100051236;110 101;37;0;9;0;2;1
202100051237;110 098;80;0;0;4;2;3
202100051237;110 099;10;6;2;1;1;1
202100051238;110 096;7;0;2;1;1;1