Num_Acc;id_vehicule;catv;obs;obsm;choc;manv;motor
202100051238;110 097;7;0;2;2;15;1
202100051239;110 094;7;0;2;1;17;2
202100051239;110 095;7;0;2;1;1;1
202100051240;110 092;2;0;2;1;1;1
202100051240;110 093;7;0;2;3;15;1
202100051241;110 091;10;0;1;4;4;1
202100051242;110 089;7;0;2;0;26;1
202100051242;110 090;1;0;2;0;1;5
202100051243;110 088;33;15;0;1;1;1
202100051244;110 086;7;0;2;2;1;1
202100051244;110 087;7;0;2;3;15;1
202100051245;110 084;3;0;2;7;19;1
202100051245;110 085;33;0;2;1;1;1
202100051246;110 083;7;16;0;2;21;1
202100051247;110 081;50;0;2;4;2;3
202100051247;110 082;7;0;9;2;2;1
202100051248;110 079;1;0;2;5;1;5
202100051248;110 080;10;0;2;1;9;1
202100051249;110 077;7;0;2;8;19;1
202100051249;110 078;33;0;2;1;1;1
202100051250;110 075;7;0;2;3;9;1
202100051250;110 076;7;0;2;2;1;1
202100051251;110 072;33;0;2;1;2;1
202100051251;110 073;7;0;2;5;2;1
202100051252;110 068;7;0;2;4;1;1
202100051252;110 069;7;0;2;1;2;1
202100051252;110 070;10;0;2;4;1;1
202100051252;110 071;7;0;2;4;1;1
202100051253;110 066;7;0;2;5;1;1
202100051253;110 067;32;0;2;3;3;1
202100051254;110 065;7;1;0;2;15;1
202100051255;110 063;2;0;2;1;1;1
202100051255;110 064;7;0;2;7;1;1
202100051256;110 061;2;0;2;2;1;1
202100051256;110 062;7;0;2;1;3;1
202100051257;110 059;7;0;2;7;1;1
202100051257;110 060;7;0;2;1;1;1
202100051258;110 057;50;0;2;3;1;3
202100051258;110 058;7;0;2;2;1;1
202100051259;110 056;17;0;1;1;1;1
202100051260;110 055;7;4;0;3;13;1
202100051261;110 053;2;0;2;1;1;1
202100051261;110 054;7;0;2;3;15;1
202100051262;110 052;7;0;1;3;1;1
202100051263;110 050;7;0;2;4;23;1
202100051263;110 051;7;0;2;1;1;1
202100051264;110 048;7;0;2;2;1;1
202100051264;110 049;50;0;2;1;1;3
202100051265;110 043;32;0;2;7;1;1
202100051265;110 044;7;0;2;3;9;1
202100051266;110 042;7;0;1;1;16;1
202100051267;110 040;34;0;2;1;17;1
202100051267;110 041;7;0;2;3;15;1
202100051268;110 039;1;1;0;1;9;5
202100051269;110 037;7;0;2;3;1;1
202100051269;110 038;30;0;2;1;1;1
202100051270;110 034;7;0;2;4;23;1
202100051270;110 035;7;0;2;1;2;1
202100051270;110 036;7;0;2;4;23;1
202100051271;110 032;33;0;2;1;17;0
202100051271;110 033;10;0;2;6;15;0
202100051272;110 025;30;0;2;1;1;1
202100051272;110 026;7;0;2;7;15;1
202100051272;110 027;7;0;2;1;21;1
202100051273;110 023;7;4;2;3;26;1
202100051273;110 024;7;0;2;8;1;1
202100051274;110 022;7;0;1;1;15;1
202100051275;110 021;3;9;0;2;1;1
202100051276;110 020;7;0;1;3;15;1
202100051277;110 019;30;0;5;0;21;1
202100051278;110 017;7;0;2;2;1;1
202100051278;110 018;7;0;2;3;19;1
202100051279;110 015;7;0;2;6;23;1
202100051279;110 016;1;0;2;0;19;5
202100051280;110 013;7;0;2;1;1;1
202100051280;110 014;10;0;2;4;23;1
202100051281;110 012;7;0;1;1;1;1
202100051282;110 010;7;0;2;8;1;1
202100051282;110 011;7;0;2;1;15;1
202100051283;110 009;30;0;0;3;1;1
202100051284;110 007;7;0;2;8;1;1
202100051284;110 008;30;0;2;1;1;1
202100051285;110 005;33;0;2;2;1;1
202100051285;110 006;7;0;2;3;15;2
202100051286;110 003;10;0;2;2;2;1
202100051286;110 004;7;0;2;6;23;1
202100051287;110 002;7;0;1;1;1;1
202100051288;109 999;7;0;2;2;23;1
202100051288;110 000;7;0;2;3;1;1
202100051288;110 001;7;1;2;3;19;1
202100051289;109 998;7;0;1;3;1;1
202100051290;109 995;7;0;2;4;1;1
202100051290;109 996;7;0;2;1;2;1
202100051290;109 997;7;0;2;6;2;1
202100051291;109 994;30;0;0;7;1;1
202100051292;109 993;7;0;1;3;15;1
202100051293;109 991;1;0;2;7;1;6
202100051293;109 992;7;0;2;3;9;1
202100051294;109 989;33;0;2;2;1;1
202100051294;109 990;10;0;2;8;11;1
202100051295;109 987;7;0;2;2;1;1
202100051295;109 988;60;0;2;3;19;5
202100051296;109 986;7;0;1;1;1;1
202100051297;109 985;7;0;1;3;13;1
202100051298;109 981;7;0;2;3;1;1
202100051298;109 982;7;0;2;3;13;1
202100051299;109 979;33;0;2;1;2;1
202100051299;109 980;7;0;2;1;13;1
202100051300;109 977;7;0;2;3;0;1
202100051300;109 978;7;0;2;3;1;1
202100051301;109 975;31;0;2;2;17;1
202100051301;109 976;60;0;2;8;1;5
202100051302;109 972;33;3;2;3;1;1
202100051302;109 973;7;0;2;2;26;1
202100051302;109 974;7;0;0;0;1;1
202100051303;109 970;10;0;2;7;1;1
202100051303;109 971;7;0;2;1;1;1
202100051304;109 968;31;0;2;1;1;1
202100051304;109 969;7;0;2;6;23;1
202100051305;109 966;7;0;2;4;2;1
202100051305;109 967;30;0;2;1;2;1
202100051306;109 964;1;0;2;1;1;6
202100051306;109 965;7;0;2;4;1;1
202100051307;109 962;7;0;2;3;13;1
202100051307;109 963;7;0;2;8;1;2
202100051308;109 960;2;0;2;1;26;1
202100051308;109 961;7;0;9;2;15;1
202100051309;109 957;7;0;2;2;1;1
202100051309;109 958;14;0;2;2;12;0
202100051309;109 959;7;0;2;6;1;1
202100051310;109 955;14;0;2;2;12;1
202100051310;109 956;7;0;2;3;1;1
202100051311;109 953;10;0;2;1;2;1
202100051311;109 954;7;0;2;4;23;1
202100051312;109 951;10;0;2;2;1;1
202100051312;109 952;43;0;2;5;1;1
202100051313;109 950;7;1;0;1;13;1
202100051314;109 949;7;0;1;1;1;1
202100051315;109 945;7;0;2;1;2;1
202100051315;109 946;7;0;2;4;2;1
202100051315;109 947;7;0;2;4;23;1
202100051315;109 948;7;0;2;5;23;1
202100051316;109 943;7;0;2;2;15;1
202100051316;109 944;31;0;2;3;1;1
202100051317;109 941;1;0;2;7;1;5
202100051317;109 942;32;0;2;1;1;1
202100051318;109 940;7;0;1;2;1;1
202100051319;109 938;30;0;2;1;1;1
202100051319;109 939;30;0;2;8;16;1
202100051320;109 936;7;0;2;2;1;1
202100051320;109 937;30;0;2;3;18;1
202100051321;109 935;10;1;0;1;7;1
202100051322;109 933;2;0;2;8;1;1
202100051322;109 934;0;0;2;3;15;0
202100051323;109 932;7;12;0;2;1;1
202100051324;109 930;2;0;2;8;2;1
202100051324;109 931;10;0;2;3;11;1
202100051325;109 928;7;0;2;3;9;1
202100051325;109 929;7;0;2;2;1;1
202100051326;109 927;7;6;0;1;14;1
202100051327;109 925;10;0;2;7;16;1
202100051327;109 926;30;0;2;7;1;1
202100051328;109 924;33;0;1;2;2;1
202100051329;109 922;7;0;1;1;1;1
202100051330;109 920;7;0;2;4;1;1
202100051330;109 921;3;0;2;1;1;1
202100051331;109 917;7;0;2;1;23;1
202100051331;109 918;10;11;2;1;6;1
202100051331;109 919;7;0;2;1;23;1
202100051332;109 916;10;0;1;4;4;1
202100051333;109 914;30;0;2;2;1;1
202100051333;109 915;7;0;2;3;1;1
202100051334;109 913;7;0;1;3;15;1
202100051335;109 912;7;7;0;1;1;1
202100051336;109 910;3;0;2;2;1;1
202100051336;109 911;7;0;2;1;13;1
202100051337;109 909;7;0;0;2;1;1
202100051338;109 906;17;0;2;4;2;1
202100051338;109 907;7;0;2;1;2;1
202100051339;109 904;7;0;2;1;1;1
202100051339;109 905;7;0;2;7;1;2
202100051340;109 903;7;2;0;7;14;1
202100051341;109 901;7;9;0;7;15;1
202100051341;109 902;13;0;0;3;1;1
202100051342;109 899;7;0;0;5;10;3
202100051342;109 900;33;0;2;1;1;1
202100051343;109 897;7;0;0;4;23;1
202100051343;109 898;2;0;2;1;2;1
202100051344;109 896;2;7;0;2;1;1
202100051345;109 894;21;0;2;6;15;1
202100051345;109 895;33;0;2;1;17;1
202100051346;109 892;2;0;0;4;1;1
202100051346;109 893;7;0;2;1;1;1
202100051347;109 890;7;0;0;1;0;2
202100051347;109 891;7;0;0;1;0;1
202100051348;109 889;7;0;1;2;1;1
202100051349;109 888;7;16;0;0;13;1
202100051350;109 887;36;11;0;0;1;1
202100051351;109 885;7;0;2;3;1;1
202100051351;109 886;2;0;2;0;1;1
202100051352;109 884;1;0;1;1;1;5
202100051353;109 883;14;10;0;2;14;1
202100051354;109 882;33;0;0;8;1;1
202100051355;109 881;33;13;0;1;1;1
202100051356;109 879;7;0;2;1;1;1
202100051356;109 880;7;0;2;1;1;1
202100051357;109 878;7;16;0;2;14;1
202100051358;109 877;7;6;0;3;1;1
202100051359;109 876;10;12;0;2;21;1
202100051360;109 874;7;0;2;3;1;1
202100051360;109 875;7;0;2;3;1;1
202100051361;109 870;10;0;2;3;2;1
202100051361;109 871;7;0;2;4;2;1
202100051361;109 872;7;0;0;4;1;1
202100051361;109 873;31;0;2;4;2;1
202100051362;109 868;7;0;2;1;17;1
202100051362;109 869;7;0;2;1;1;1
202100051363;109 867;33;0;0;0;2;1
202100051364;109 865;14;0;2;3;1;1
202100051364;109 866;7;0;2;1;1;1
202100051365;109 864;7;2;0;1;1;1
202100051366;109 862;14;0;2;0;15;1
202100051366;109 863;33;0;2;1;1;1
202100051367;109 861;7;13;0;4;2;1
202100051368;109 860;31;0;0;0;1;1
202100051369;109 858;7;0;2;6;11;1
202100051369;109 859;32;0;2;1;3;1
202100051370;109 857;33;0;0;7;1;1
202100051371;109 855;7;0;2;4;23;1
202100051371;109 856;10;0;2;1;1;1
202100051372;109 853;7;14;0;4;2;1
202100051372;109 854;7;14;2;1;9;1
202100051373;109 851;15;0;2;6;26;1
202100051373;109 852;7;0;2;2;2;1
202100051374;109 850;7;0;1;1;2;1
202100051375;109 847;7;0;2;4;2;1
202100051375;109 848;7;0;2;4;2;1
202100051375;109 849;10;0;2;1;2;1
202100051376;109 846;33;0;0;7;9;1
202100051377;109 844;33;0;2;1;3;1
202100051377;109 845;7;0;2;5;1;1
202100051378;109 842;17;0;2;6;2;1
202100051378;109 843;10;0;2;2;2;1
202100051379;109 841;7;4;0;5;1;1
202100051380;109 839;14;0;2;4;1;1
202100051380;109 840;14;0;2;2;12;1
202100051381;109 838;33;4;0;0;11;1
202100051382;109 836;7;0;2;1;26;1
202100051382;109 837;17;0;2;4;2;1
202100051383;109 835;7;0;1;8;16;2
202100051384;109 833;30;0;2;1;1;1
202100051384;109 834;7;0;2;4;1;1
202100051385;109 831;31;0;2;1;13;1
202100051385;109 832;7;0;2;1;1;1
202100051386;109 830;30;0;0;0;2;1
202100051387;109 829;33;14;0;0;1;1
202100051388;109 827;33;0;2;7;13;1
202100051388;109 828;7;0;2;8;5;1
202100051389;109 826;7;4;0;3;13;1
202100051390;109 824;7;0;2;2;2;1
202100051390;109 825;7;0;2;6;2;1
202100051391;109 822;7;0;2;4;20;1
202100051391;109 823;7;0;2;2;1;1
202100051392;109 820;7;0;2;7;1;1
202100051392;109 821;7;0;2;2;15;1
202100051393;109 819;7;0;1;1;1;1
202100051394;109 818;7;0;1;2;1;1
202100051395;109 816;7;0;2;2;9;1
202100051395;109 817;7;0;2;5;1;1
202100051396;109 814;10;0;2;1;5;1
202100051396;109 815;7;0;2;1;1;1
202100051397;109 812;7;0;2;7;15;1
202100051397;109 813;33;0;2;1;1;1
202100051398;109 811;7;11;0;1;13;1
202100051399;109 810;80;12;0;7;1;3
202100051400;109 809;7;0;1;2;9;1
202100051401;109 807;1;0;9;1;26;5
202100051401;109 808;30;0;9;1;26;1
202100051402;109 806;7;13;0;0;1;1
202100051403;109 805;7;0;1;2;16;1
202100051404;109 803;31;0;2;1;1;1
202100051404;109 804;7;0;2;8;15;1
202100051405;109 801;7;0;2;6;1;1
202100051405;109 802;2;0;2;1;1;1
202100051406;109 799;7;0;2;4;1;1
202100051406;109 800;10;0;2;1;1;1
202100051407;109 797;7;0;2;5;15;1
202100051407;109 798;10;0;2;2;1;1
202100051408;109 795;7;0;2;8;19;1
202100051408;109 796;7;0;2;1;1;1
202100051409;109 794;7;0;0;0;26;1
202100051410;109 793;1;0;1;1;1;5
202100051411;109 791;7;0;2;1;1;1
202100051411;109 792;7;0;2;3;20;1
202100051412;109 790;7;9;0;3;1;1
202100051413;109 789;7;2;0;3;25;1
202100051414;109 787;7;0;2;7;1;1
202100051414;109 788;7;0;2;1;1;1
202100051415;109 785;7;0;2;4;1;1
202100051415;109 786;7;0;2;4;23;1
202100051416;109 784;7;13;0;3;13;1
202100051417;109 783;7;0;1;1;1;1
202100051418;109 782;2;12;0;7;1;1
202100051419;109 780;7;0;2;8;15;1
202100051419;109 781;7;8;2;1;0;1
202100051420;109 778;33;0;2;1;1;1
202100051420;109 779;7;0;2;8;26;1
202100051421;109 776;1;0;2;1;1;5
202100051421;109 777;7;0;2;3;15;0
202100051422;109 774;80;0;2;7;1;3
202100051422;109 775;7;0;2;1;16;1
202100051423;109 773;32;0;0;8;2;1
202100051424;109 772;7;0;1;5;23;1
202100051425;109 771;7;1;0;1;13;1
202100051426;109 770;7;0;1;3;1;1
202100051427;109 769;30;16;0;8;1;1
202100051428;109 767;1;0;2;7;1;5
202100051428;109 768;7;0;9;8;1;1
202100051429;109 766;7;0;1;2;1;1
202100051430;109 765;7;1;0;1;1;1
202100051431;109 764;7;0;1;3;1;3
202100051432;109 762;7;0;2;1;1;1
202100051432;109 763;33;0;2;7;5;1
202100051433;109 761;17;13;0;7;1;1
202100051434;109 760;10;0;1;1;1;1
202100051435;109 758;7;0;2;4;23;1
202100051435;109 759;3;0;2;1;1;1
202100051436;109 756;7;0;2;1;1;1
202100051436;109 757;7;0;2;1;9;1
202100051437;109 754;7;0;2;3;15;1
202100051437;109 755;2;0;2;3;1;1
202100051438;109 753;7;0;1;1;1;1
202100051439;109 752;33;0;0;6;1;1
202100051440;109 751;7;13;0;0;0;1
202100051441;109 749;33;0;2;7;12;1
202100051441;109 750;7;0;2;6;23;1
202100051442;109 747;7;0;2;7;15;1
202100051442;109 748;32;0;2;1;19;1
202100051443;109 743;7;0;9;1;1;1
202100051443;109 744;1;0;2;1;0;0
202100051444;109 741;7;0;2;8;1;1
202100051444;109 742;15;0;2;2;9;1
202100051445;109 740;20;0;1;3;26;1
202100051446;109 738;10;0;2;1;2;1
202100051446;109 739;7;0;2;4;2;1
202100051447;109 736;34;0;2;1;3;1
202100051447;109 737;7;0;2;4;12;1
202100051448;109 732;7;0;2;4;2;1
202100051448;109 733;7;0;2;4;0;1
202100051448;109 734;7;0;2;4;2;1
202100051448;109 735;7;0;2;1;2;1
202100051449;109 731;10;0;1;1;14;3
202100051450;109 730;50;0;1;1;1;3
202100051451;109 728;1;0;2;0;21;5
202100051451;109 729;7;0;2;0;15;1
202100051452;109 726;7;0;2;0;16;1
202100051452;109 727;30;0;2;0;1;1
202100051453;109 725;43;0;0;0;21;1
202100051454;109 724;7;8;1;1;13;3
202100051455;109 722;7;0;2;2;1;1
202100051455;109 723;33;0;2;1;1;1
202100051456;109 721;34;0;0;7;23;1
202100051457;109 720;7;1;0;1;1;1
202100051458;109 718;7;0;2;1;1;2
202100051458;109 719;33;0;2;7;0;1
202100051459;109 717;7;1;1;2;17;1
202100051460;109 716;7;0;1;3;15;1
202100051461;109 714;7;1;2;1;1;1
202100051461;109 715;14;0;2;5;1;1
202100051462;109 712;10;0;2;3;1;1
202100051462;109 713;2;0;2;1;15;1
202100051463;109 711;32;7;0;2;2;1
202100051464;109 710;7;6;0;3;13;1
202100051465;109 708;7;0;9;7;1;1
202100051465;109 709;50;0;2;3;0;3
202100051466;109 706;2;0;0;6;1;1
202100051466;109 707;0;0;2;2;2;0
202100051467;109 704;7;0;0;8;1;1
202100051467;109 705;30;0;2;1;6;1
202100051468;109 702;7;0;2;3;1;1
202100051468;109 703;7;0;2;3;1;1
202100051469;109 700;7;6;2;3;1;1
202100051469;109 701;7;0;0;7;15;1
202100051470;109 698;7;0;0;1;1;1
202100051470;109 699;7;0;2;1;1;1
202100051471;109 697;36;13;0;1;14;1
202100051472;109 696;2;0;0;1;0;1
202100051473;109 695;1;0;0;0;0;5
202100051474;109 694;7;1;0;1;1;1
202100051475;109 693;7;13;0;3;1;1
202100051476;109 691;7;16;0;1;1;1
202100051477;109 690;17;16;0;2;1;1
202100051478;109 689;33;7;0;0;1;1
202100051479;109 688;7;3;0;3;17;1
202100051480;109 686;1;0;2;4;2;0
202100051480;109 687;7;4;2;1;1;1
202100051481;109 685;10;0;1;3;1;1
202100051482;109 683;17;1;0;2;0;1
202100051482;109 684;7;0;0;6;23;1
202100051483;109 681;30;0;2;1;3;1
202100051483;109 682;7;0;2;3;15;1
202100051484;109 680;7;2;0;9;21;1
202100051485;109 675;7;0;2;3;1;1
202100051485;109 676;7;0;2;2;1;1
202100051485;109 677;7;0;2;6;1;1
202100051485;109 678;7;4;0;3;13;1
202100051485;109 679;7;0;2;2;14;0
202100051486;109 673;32;0;2;4;1;1
202100051486;109 674;7;0;0;1;1;1
202100051487;109 671;7;0;2;1;13;1
202100051487;109 672;10;0;2;1;1;1
202100051488;109 670;7;0;1;2;1;1
202100051489;109 668;10;0;2;7;1;6
202100051489;109 669;38;0;2;3;1;1
202100051490;109 667;2;0;0;9;26;1
202100051491;109 666;7;15;0;1;13;1
202100051492;109 665;7;0;1;3;1;1
202100051493;109 664;7;0;1;3;1;1
202100051494;109 663;1;2;0;1;11;5
202100051495;109 661;33;0;2;1;1;1
202100051495;109 662;7;0;2;5;15;1
202100051496;109 659;7;0;0;4;23;1
202100051496;109 660;7;0;0;1;2;1
202100051497;109 655;7;6;0;2;1;1
202100051498;109 654;7;3;0;3;0;1
202100051499;109 645;7;0;2;0;0;1
202100051499;109 646;10;0;0;0;0;1
202100051499;109 647;7;0;0;0;0;1
202100051499;109 648;7;0;2;4;0;1
202100051499;109 649;7;3;0;0;0;1
202100051499;109 650;10;0;2;1;1;1
202100051500;109 643;7;1;0;1;2;1
202100051500;109 644;7;0;2;4;2;1
202100051501;109 641;32;4;2;2;1;1
202100051501;109 642;10;0;2;3;13;1
202100051502;109 639;20;0;9;4;23;1
202100051502;109 640;50;0;2;1;2;3
202100051503;109 636;7;14;0;4;0;1
202100051503;109 637;7;0;2;1;1;1
202100051503;109 638;7;14;0;1;1;1
202100051504;109 634;7;0;2;3;13;1
202100051504;109 635;33;0;2;1;1;1
202100051505;109 632;10;0;2;8;13;1
202100051505;109 633;10;0;2;3;23;2
202100051506;109 629;30;0;2;7;2;1
202100051506;109 630;37;0;2;3;15;1
202100051507;109 627;7;0;2;2;1;2
202100051507;109 628;7;0;2;3;19;1
202100051508;109 626;7;0;1;1;1;1
202100051509;109 624;7;0;2;1;2;1
202100051509;109 625;7;0;2;4;2;1
202100051510;109 622;7;0;2;2;1;1
202100051510;109 623;7;8;2;3;13;1
202100051511;109 621;30;0;1;1;17;1
202100051512;109 620;7;8;0;8;0;1
202100051513;109 618;7;0;2;5;15;1
202100051513;109 619;33;0;2;1;1;1
202100051514;109 616;2;0;2;1;1;1
202100051514;109 617;1;0;2;1;1;0
202100051515;109 614;7;0;2;2;1;1
202100051515;109 615;3;0;2;8;9;1
202100051516;109 612;31;0;2;1;2;1
202100051516;109 613;7;0;2;3;19;1
202100051517;109 609;1;0;2;1;1;5
202100051517;109 610;7;0;2;1;15;1
202100051517;109 611;7;0;2;3;1;1
202100051518;109 607;7;0;2;1;1;1
202100051518;109 608;7;0;2;1;1;1
202100051519;109 605;1;0;2;1;15;5
202100051519;109 606;30;0;2;1;1;1
202100051520;109 603;10;0;2;5;15;1
202100051520;109 604;2;0;2;1;1;1
202100051521;109 601;7;0;2;3;1;2
202100051521;109 602;1;0;2;1;5;5
202100051522;109 600;10;2;0;1;1;1
202100051523;109 598;31;0;2;1;1;0
202100051523;109 599;33;6;0;8;1;1
202100051524;109 596;33;0;2;3;21;0
202100051524;109 597;99;0;2;2;14;0
202100051525;109 594;7;0;0;4;23;1
202100051525;109 595;0;0;0;0;0;0
202100051526;109 592;7;0;2;7;1;1
202100051526;109 593;37;0;2;1;1;2
202100051527;109 590;32;0;2;1;15;1
202100051527;109 591;7;0;2;5;1;1
202100051528;109 589;7;6;0;1;14;1
202100051529;109 588;33;0;9;0;1;1
202100051530;109 587;7;13;0;9;1;1
202100051531;109 586;7;0;6;2;21;1
202100051532;109 583;7;0;0;4;1;1
202100051532;109 584;7;0;2;1;2;1
202100051532;109 585;7;0;2;1;2;1
202100051533;109 581;10;0;2;6;4;1
202100051533;109 582;33;0;2;8;21;1
202100051534;109 580;33;0;0;8;1;1
202100051535;109 579;7;15;0;0;1;1
202100051536;109 577;33;0;2;8;5;1
202100051536;109 578;31;0;2;3;3;1
202100051537;109 575;7;0;2;1;1;1
202100051537;109 576;7;0;2;1;13;1
202100051538;109 573;17;0;2;6;1;1
202100051538;109 574;7;0;2;3;1;1
202100051539;109 571;7;0;2;1;1;1
202100051539;109 572;7;0;2;1;13;1
202100051540;109 568;7;0;2;6;15;1
202100051540;109 569;10;0;2;1;17;1
202100051540;109 570;7;0;2;3;1;1
202100051541;109 566;7;0;2;8;6;0
202100051541;109 567;33;0;2;1;1;1
202100051542;109 565;7;12;0;1;1;1
202100051543;109 564;7;13;0;2;1;1
202100051544;109 563;7;2;0;1;1;1
202100051545;109 562;7;8;0;3;13;1
202100051546;109 561;7;6;0;8;0;0
202100051547;109 559;10;0;2;1;1;1
202100051547;109 560;7;13;0;2;1;1
202100051548;109 556;7;0;2;1;1;1
202100051548;109 557;7;0;2;3;1;1
202100051548;109 558;10;0;2;1;13;1
202100051549;109 555;7;10;0;3;1;1
202100051550;109 553;14;0;0;6;2;1
202100051550;109 554;7;0;2;1;2;1
202100051551;109 551;7;0;2;1;2;1
202100051551;109 552;7;0;2;4;2;1
202100051552;109 548;7;4;0;1;1;1
202100051552;109 549;7;0;0;4;23;1
202100051552;109 550;7;1;0;1;2;1
202100051553;109 546;10;0;2;2;1;1
202100051553;109 547;33;0;2;0;1;1
202100051554;109 543;7;0;2;3;1;1
202100051554;109 544;21;0;2;6;1;0
202100051554;109 545;7;0;2;1;13;1
202100051555;109 542;33;2;0;1;13;1
202100051556;109 540;1;0;2;6;1;5
202100051556;109 541;7;0;2;7;1;0
202100051557;109 539;2;0;0;7;1;1
202100051558;109 536;7;0;2;3;0;1
202100051558;109 537;7;0;2;3;17;1
202100051558;109 538;15;0;0;8;1;1
202100051559;109 534;33;0;9;0;2;1
202100051559;109 535;0;0;2;-1;1;-1
202100051560;109 533;7;13;0;1;11;1
202100051561;109 532;7;3;0;1;11;1
202100051562;109 529;7;0;2;1;1;1
202100051562;109 530;7;0;2;4;2;1
202100051562;109 531;7;0;2;4;2;1
202100051563;109 526;10;0;2;5;12;1
202100051563;109 527;7;0;2;8;1;1
202100051563;109 528;43;0;2;1;3;1
202100051564;109 525;7;13;0;1;14;1
202100051565;109 524;7;0;1;3;9;1
202100051566;109 523;7;0;1;1;1;1
202100051567;109 521;2;0;2;1;1;3
202100051567;109 522;7;0;2;0;1;0
202100051568;109 520;7;6;0;2;1;1
202100051569;109 519;7;0;1;7;19;1
202100051570;109 517;7;0;2;1;2;0
202100051570;109 518;7;0;2;1;11;0
202100051571;109 516;7;0;1;3;1;1
202100051572;109 515;7;6;0;1;26;1
202100051573;109 511;7;0;2;1;9;1
202100051573;109 512;7;0;2;1;1;1
202100051574;109 509;7;0;2;1;10;1
202100051574;109 510;7;0;2;7;21;1
202100051575;109 507;7;0;2;1;2;1
202100051575;109 508;7;0;2;4;2;1
202100051576;109 504;7;0;0;6;1;1
202100051576;109 505;30;0;2;1;1;1
202100051576;109 506;30;0;2;1;1;1
202100051577;109 502;7;0;2;1;1;1
202100051577;109 503;7;0;2;8;1;1
202100051578;109 500;7;0;2;2;15;2
202100051578;109 501;7;0;2;3;1;1
202100051579;109 497;7;0;2;1;1;1
202100051579;109 498;7;0;2;4;1;1
202100051579;109 499;7;0;2;4;1;1
202100051580;109 495;7;0;2;6;19;1
202100051580;109 496;10;0;2;1;1;1
202100051581;109 494;30;0;1;7;2;0
202100051582;109 493;2;6;0;1;14;1
202100051583;109 491;7;0;2;3;15;1
202100051583;109 492;33;0;2;1;2;1
202100051584;109 490;37;4;0;1;1;1
202100051585;109 486;2;0;2;8;26;1
202100051585;109 487;7;0;2;1;16;0
202100051586;109 485;7;3;0;3;1;1
202100051587;109 483;7;0;2;3;9;1
202100051587;109 484;31;0;2;1;3;1
202100051588;109 481;7;0;2;2;1;1
202100051588;109 482;30;0;2;1;9;1
202100051589;109 479;30;0;2;2;1;1
202100051589;109 480;7;0;2;0;0;0
202100051590;109 477;7;0;2;1;26;1
202100051590;109 478;32;0;2;1;26;1
202100051591;109 475;7;0;2;0;1;1
202100051591;109 476;30;1;2;2;17;1
202100051592;109 473;2;0;2;2;17;3
202100051592;109 474;7;0;2;3;15;1
202100051593;109 472;7;0;1;1;1;1
202100051594;109 470;7;0;2;3;22;1
202100051594;109 471;1;0;2;1;1;5
202100051595;109 468;10;0;2;5;15;1
202100051595;109 469;50;0;2;5;7;3
202100051596;109 466;7;0;2;7;16;1
202100051596;109 467;33;0;2;1;18;1
202100051597;109 465;31;0;0;0;26;1
202100051598;109 463;1;0;2;2;1;5
202100051598;109 464;7;0;2;3;1;2
202100051599;109 461;7;0;2;2;2;1
202100051599;109 462;50;0;2;1;25;3
202100051600;109 459;7;0;2;3;1;1
202100051600;109 460;7;0;2;8;1;1
202100051601;109 458;34;0;0;8;1;0
202100051602;109 454;10;0;2;1;2;1
202100051602;109 455;7;0;2;4;2;1
202100051602;109 456;7;0;2;4;2;1
202100051602;109 457;7;0;2;4;2;1
202100051603;109 451;3;0;2;5;1;1
202100051603;109 452;7;0;2;4;0;1
202100051603;109 453;7;0;2;1;1;1
202100051604;109 450;7;0;1;1;21;1
202100051605;109 448;7;0;2;8;19;1
202100051605;109 449;30;0;2;7;21;1
202100051606;109 446;7;0;2;2;2;1
202100051606;109 447;10;0;2;6;15;1
202100051607;109 443;7;0;2;4;2;1
202100051607;109 444;7;0;2;4;2;1
202100051607;109 445;7;0;2;1;2;1
202100051608;109 440;10;0;2;4;2;1
202100051608;109 441;7;0;2;1;2;1
202100051608;109 442;7;0;2;1;2;1
202100051609;109 439;30;9;0;3;13;1
202100051610;109 437;7;9;2;2;1;1
202100051610;109 438;7;0;2;3;1;1
202100051611;109 435;1;0;2;4;1;5
202100051611;109 436;3;0;9;2;17;1
202100051612;109 434;7;6;0;3;1;1
202100051613;109 433;32;0;1;1;1;1
202100051614;109 432;7;8;0;2;1;1
202100051615;109 431;7;9;0;1;1;1
202100051616;109 430;7;0;0;9;13;1
202100051617;109 427;7;2;0;1;1;0
202100051618;109 426;7;8;0;1;1;1
202100051619;109 425;7;6;0;1;1;1
202100051620;109 423;7;0;2;2;1;1
202100051620;109 424;10;0;2;3;9;1
202100051621;109 422;7;8;0;1;1;1
202100051622;109 420;7;0;2;6;15;1
202100051622;109 421;33;0;2;2;2;1
202100051623;109 418;7;1;1;8;20;1
202100051624;109 417;33;0;0;0;13;1
202100051625;109 415;33;0;2;1;18;1
202100051625;109 416;7;0;2;7;16;1
202100051626;109 411;7;13;0;1;1;1
202100051627;109 409;7;13;0;3;1;1
202100051627;109 410;7;0;0;1;19;1
202100051628;109 408;33;7;0;0;1;1
202100051629;109 406;7;0;2;1;1;1
202100051629;109 407;7;0;2;4;15;1
202100051630;109 405;7;2;0;1;1;1
202100051631;109 404;99;0;0;0;1;1
202100051632;109 402;10;0;2;3;1;1
202100051632;109 403;7;0;2;3;1;1
202100051633;109 401;33;0;0;0;1;1
202100051634;109 400;7;4;0;1;1;1
202100051635;109 398;7;0;2;1;2;1
202100051635;109 399;7;0;2;4;2;1
202100051636;109 394;7;0;2;4;1;1
202100051636;109 395;7;0;2;1;1;1
202100051636;109 396;7;0;2;4;1;1
202100051636;109 397;7;0;2;4;1;1
202100051637;109 392;7;0;2;1;2;1
202100051637;109 393;10;0;2;4;2;1
202100051638;109 388;10;0;2;4;2;1