Num_Acc;id_vehicule;catv;obs;obsm;choc;manv;motor
202100052035;108 701;7;0;2;3;1;1
202100052035;108 702;7;0;2;2;1;2
202100052036;108 699;7;0;2;1;1;1
202100052036;108 700;32;0;2;4;23;1
202100052037;108 698;7;0;1;8;1;1
202100052038;108 696;7;0;2;8;15;1
202100052038;108 697;34;0;2;7;17;1
202100052039;108 694;30;0;2;1;5;1
202100052039;108 695;30;0;2;1;1;1
202100052040;108 693;2;0;1;0;1;0
202100052041;108 691;7;0;2;0;9;1
202100052041;108 692;30;0;2;7;5;1
202100052042;108 690;33;0;0;0;1;1
202100052043;108 689;43;2;0;1;1;1
202100052044;108 687;7;0;0;0;15;1
202100052044;108 688;33;0;2;0;1;1
202100052045;108 685;7;0;2;1;1;1
202100052045;108 686;7;0;2;1;1;1
202100052046;108 684;7;0;1;4;20;1
202100052047;108 682;1;0;2;1;1;5
202100052047;108 683;7;0;9;8;15;1
202100052048;108 680;34;0;2;7;2;1
202100052048;108 681;7;0;2;1;16;1
202100052049;108 678;32;0;2;8;13;1
202100052049;108 679;7;0;2;1;9;0
202100052050;108 677;7;0;1;5;4;2
202100052051;108 676;10;0;1;3;1;1
202100052052;108 675;7;0;1;1;26;1
202100052053;108 673;7;0;2;5;15;1
202100052053;108 674;7;0;2;3;2;1
202100052054;108 671;7;0;2;3;19;1
202100052054;108 672;32;0;2;5;26;1
202100052055;108 669;7;0;2;8;1;1
202100052055;108 670;7;0;2;1;1;1
202100052056;108 667;32;12;2;2;17;1
202100052056;108 668;7;0;2;0;20;1
202100052057;108 666;7;0;1;2;1;1
202100052058;108 663;7;0;1;2;1;1
202100052059;108 662;7;0;1;1;0;1
202100052060;108 660;7;0;2;1;12;1
202100052060;108 661;7;0;0;6;1;1
202100052061;108 659;7;0;1;1;1;1
202100052062;108 657;7;0;2;2;19;1
202100052062;108 658;7;0;2;3;1;1
202100052063;108 655;10;0;2;1;2;1
202100052063;108 656;7;0;0;4;2;1
202100052064;108 653;39;0;2;1;19;3
202100052064;108 654;7;0;4;3;26;1
202100052065;108 652;7;13;0;1;2;1
202100052066;108 649;14;0;2;1;1;1
202100052066;108 650;7;0;2;2;13;1
202100052066;108 651;7;0;2;1;1;1
202100052067;108 648;1;0;0;0;25;5
202100052068;108 647;7;0;0;0;1;1
202100052069;108 646;7;6;0;1;1;2
202100052070;108 645;7;2;0;7;1;1
202100052071;108 641;7;0;9;1;2;1
202100052071;108 642;1;0;0;4;2;5
202100052072;108 640;7;0;0;3;13;1
202100052073;108 639;7;0;1;4;4;1
202100052074;108 636;10;0;2;1;13;1
202100052074;108 637;7;0;2;3;1;1
202100052074;108 638;7;0;2;1;1;1
202100052075;108 635;7;10;0;1;14;1
202100052076;108 633;7;0;2;2;13;1
202100052076;108 634;10;0;2;6;1;1
202100052077;108 630;7;3;2;1;17;1
202100052077;108 631;7;0;2;2;17;1
202100052077;108 632;17;0;2;3;1;1
202100052078;108 629;7;0;0;0;26;1
202100052079;108 628;10;0;0;9;1;1
202100052080;108 626;7;4;2;1;1;1
202100052080;108 627;15;0;0;8;1;1
202100052081;108 625;7;2;0;1;1;1
202100052082;108 623;7;0;2;1;1;1
202100052082;108 624;10;0;2;1;13;1
202100052083;108 621;7;0;2;1;26;1
202100052083;108 622;15;0;2;2;1;1
202100052084;108 620;2;6;0;1;1;1
202100052085;108 619;7;0;0;3;2;1
202100052086;108 617;7;0;2;8;1;1
202100052086;108 618;10;0;2;3;1;1
202100052087;108 613;7;0;2;1;17;1
202100052087;108 614;7;0;2;1;1;1
202100052087;108 615;7;0;2;0;1;1
202100052087;108 616;7;0;2;0;0;1
202100052088;108 610;7;0;0;4;1;1
202100052088;108 611;7;0;2;4;2;1
202100052088;108 612;7;0;2;1;2;1
202100052089;108 608;1;0;2;4;1;5
202100052089;108 609;7;0;2;1;1;1
202100052090;108 603;7;0;2;0;1;1
202100052090;108 604;7;0;2;0;0;1
202100052090;108 605;7;0;2;1;1;1
202100052090;108 606;7;0;2;4;1;1
202100052090;108 607;7;0;2;0;1;1
202100052091;108 600;10;0;2;1;2;1
202100052091;108 601;7;0;2;4;2;1
202100052091;108 602;7;0;2;4;2;1
202100052092;108 597;7;0;2;1;1;1
202100052092;108 598;10;0;2;4;1;1
202100052092;108 599;7;0;2;4;1;1
202100052093;108 594;7;0;2;1;2;1
202100052093;108 595;7;0;2;4;2;1
202100052093;108 596;7;0;2;4;2;1
202100052094;108 591;10;4;9;4;1;1
202100052094;108 592;15;4;2;1;2;1
202100052094;108 593;10;4;0;4;1;1
202100052095;108 590;7;0;5;1;1;1
202100052096;108 587;7;0;2;3;1;1
202100052096;108 588;7;0;2;4;2;1
202100052096;108 589;10;0;2;1;2;1
202100052097;108 585;7;0;2;6;1;1
202100052097;108 586;17;0;2;3;11;1
202100052098;108 584;33;0;0;7;1;1
202100052099;108 582;2;0;2;3;13;1
202100052099;108 583;7;0;2;3;26;1
202100052100;108 580;7;0;2;3;20;2
202100052100;108 581;33;0;2;1;17;1
202100052101;108 578;7;0;9;7;16;1
202100052101;108 579;2;0;2;8;2;1
202100052102;108 576;1;0;2;6;1;5
202100052102;108 577;7;0;2;3;1;1
202100052103;108 575;33;0;0;1;2;1
202100052104;108 573;7;8;2;0;1;1
202100052104;108 574;7;0;2;0;15;1
202100052105;108 572;7;0;1;2;1;1
202100052106;108 571;33;0;1;7;21;1
202100052107;108 569;7;0;2;1;1;1
202100052107;108 570;7;0;2;2;15;1
202100052108;108 567;7;0;2;3;10;1
202100052108;108 568;7;0;2;7;1;1
202100052109;108 565;7;0;2;1;24;1
202100052109;108 566;30;1;0;7;14;1
202100052110;108 563;37;0;2;1;23;1
202100052110;108 564;30;14;0;1;26;1
202100052111;108 561;7;0;2;1;1;1
202100052111;108 562;7;0;2;5;9;1
202100052112;108 560;32;0;1;1;1;1
202100052113;108 559;7;0;1;1;26;1
202100052114;108 555;7;0;2;1;1;1
202100052114;108 556;7;0;2;6;1;1
202100052115;108 553;7;0;2;4;23;1
202100052115;108 554;7;0;2;1;1;1
202100052116;108 551;7;0;2;1;15;1
202100052116;108 552;1;0;2;7;1;5
202100052117;108 549;7;0;2;1;9;1
202100052117;108 550;31;0;2;7;1;1
202100052118;108 548;7;0;1;1;26;0
202100052119;108 546;7;0;2;2;1;1
202100052119;108 547;7;0;2;5;1;1
202100052120;108 544;2;0;2;3;18;1
202100052120;108 545;7;0;2;5;16;1
202100052121;108 542;80;0;2;8;0;3
202100052121;108 543;7;0;2;7;15;1
202100052122;108 541;50;0;0;0;0;3
202100052123;108 540;1;0;0;1;0;5
202100052124;108 539;0;0;0;0;0;0
202100052125;108 535;10;0;2;1;1;1
202100052125;108 536;7;0;2;4;1;1
202100052125;108 537;7;0;2;4;1;1
202100052125;108 538;7;0;2;4;1;1
202100052126;108 534;7;4;0;3;1;1
202100052127;108 532;7;0;2;1;1;3
202100052127;108 533;7;0;2;1;13;1
202100052128;108 531;30;0;2;7;2;1
202100052129;108 529;7;0;1;2;1;0
202100052129;108 530;7;0;2;1;2;1
202100052130;108 528;7;0;1;3;1;1
202100052131;108 527;7;0;1;1;1;1
202100052132;108 525;7;0;2;1;1;1
202100052132;108 526;7;0;2;4;0;1
202100052133;108 524;7;0;1;1;1;1
202100052134;108 521;30;0;0;0;1;1
202100052135;108 520;33;0;0;7;1;1
202100052136;108 519;7;4;0;1;13;1
202100052137;108 516;7;0;2;4;23;1
202100052137;108 517;7;0;2;4;23;1
202100052137;108 518;7;0;2;1;1;1
202100052138;108 514;7;0;2;3;16;2
202100052138;108 515;31;0;2;1;1;1
202100052139;108 512;1;0;2;8;19;5
202100052139;108 513;1;0;2;1;1;5
202100052140;108 510;7;0;2;3;15;1
202100052140;108 511;30;0;2;1;17;1
202100052141;108 509;34;0;0;3;21;1
202100052142;108 507;7;0;2;3;15;1
202100052142;108 508;32;0;2;3;1;1
202100052143;108 505;30;0;2;1;1;1
202100052143;108 506;1;0;2;3;1;5
202100052144;108 504;1;0;1;1;1;5
202100052145;108 503;32;0;1;7;1;1
202100052146;108 501;50;0;2;0;1;3
202100052146;108 502;7;0;2;0;15;1
202100052147;108 500;7;0;1;1;1;1
202100052148;108 499;7;0;1;5;26;1
202100052149;108 497;33;1;2;1;1;1
202100052149;108 498;7;0;2;3;9;1
202100052150;108 495;7;0;2;1;11;1
202100052150;108 496;32;0;2;1;1;1
202100052151;108 493;7;0;2;3;1;1
202100052151;108 494;33;0;2;1;1;1
202100052152;108 491;60;0;2;7;19;5
202100052152;108 492;7;0;1;3;9;1
202100052153;108 490;7;1;1;0;0;0
202100052154;108 488;33;0;2;2;17;1
202100052154;108 489;7;0;2;3;15;1
202100052155;108 487;7;0;1;4;26;1
202100052156;108 485;10;0;2;0;15;0
202100052156;108 486;7;9;1;1;1;1
202100052157;108 483;7;0;2;1;1;1
202100052157;108 484;7;0;2;1;13;1
202100052158;108 481;50;0;2;1;25;3
202100052158;108 482;7;0;0;2;2;1
202100052159;108 479;7;0;9;6;1;1
202100052159;108 480;7;0;2;0;1;1
202100052160;108 477;7;0;2;2;1;1
202100052160;108 478;2;0;2;3;15;1
202100052161;108 475;7;0;2;1;13;1
202100052161;108 476;14;0;2;3;1;1
202100052162;108 473;38;0;2;2;1;1
202100052162;108 474;7;0;2;3;15;1
202100052163;108 471;7;0;2;3;1;1
202100052163;108 472;7;0;2;3;1;1
202100052164;108 469;7;0;2;3;16;1
202100052164;108 470;1;0;2;7;1;5
202100052165;108 468;7;0;1;2;26;1
202100052166;108 466;7;0;2;7;15;1
202100052166;108 467;33;0;2;1;1;1
202100052167;108 465;33;6;0;3;1;1
202100052168;108 462;7;0;9;1;2;1
202100052168;108 463;7;0;2;3;1;1
202100052168;108 464;7;0;2;1;1;1
202100052169;108 460;7;0;2;6;15;1
202100052169;108 461;7;0;2;2;17;1
202100052170;108 457;7;0;2;3;1;1
202100052170;108 458;7;0;2;3;1;1
202100052171;108 455;7;0;2;1;13;1
202100052171;108 456;14;0;2;1;1;1
202100052172;108 453;7;0;2;1;1;1
202100052172;108 454;7;0;0;1;1;1
202100052173;108 450;7;0;2;1;2;1
202100052173;108 451;7;0;2;4;23;1
202100052173;108 452;7;0;2;4;23;1
202100052174;108 448;7;8;0;3;1;1
202100052174;108 449;7;0;2;1;2;1
202100052175;108 447;7;2;0;1;1;1
202100052176;108 445;7;0;2;1;2;1
202100052176;108 446;2;0;2;6;1;1
202100052177;108 444;7;2;0;1;1;1
202100052178;108 443;7;10;0;3;1;1
202100052179;108 441;13;0;9;2;16;0
202100052179;108 442;1;0;2;1;26;5
202100052180;108 439;7;0;2;1;1;1
202100052180;108 440;7;0;2;7;15;1
202100052181;108 436;2;0;2;3;2;1
202100052181;108 437;10;0;2;5;1;1
202100052182;108 434;7;0;0;3;1;1
202100052182;108 435;7;0;2;3;1;1
202100052183;108 433;7;4;0;3;1;1
202100052184;108 432;17;0;0;7;1;1
202100052185;108 431;7;0;1;1;1;1
202100052186;108 429;33;0;2;1;5;1
202100052186;108 430;7;0;2;3;26;1
202100052187;108 428;7;2;1;2;14;1
202100052188;108 426;2;0;2;1;1;1
202100052188;108 427;7;0;0;5;26;1
202100052189;108 425;99;1;0;0;14;0
202100052190;108 422;7;0;2;3;17;1
202100052190;108 423;7;3;2;3;1;1
202100052190;108 424;15;0;2;6;1;1
202100052191;108 421;7;0;1;3;1;0
202100052192;108 419;7;0;2;3;9;1
202100052192;108 420;30;0;2;7;1;1
202100052193;108 417;7;0;2;2;5;1
202100052193;108 418;7;0;2;3;1;1
202100052194;108 415;10;0;0;5;1;1
202100052194;108 416;7;2;2;1;2;1
202100052195;108 413;7;0;2;6;15;1
202100052195;108 414;7;0;2;1;1;1
202100052196;108 411;7;0;0;4;1;1
202100052196;108 412;7;0;2;1;1;1
202100052197;108 408;15;0;2;3;1;1
202100052197;108 409;15;0;2;0;1;1
202100052198;108 407;7;12;0;3;26;1
202100052199;108 405;7;0;2;4;2;1
202100052199;108 406;33;0;2;1;2;1
202100052200;108 402;7;0;2;1;2;1
202100052200;108 403;15;0;2;1;2;1
202100052200;108 404;7;0;2;4;2;1
202100052201;108 400;7;0;2;8;9;1
202100052201;108 401;33;0;2;7;1;1
202100052202;108 399;7;4;0;1;1;1
202100052203;108 397;7;0;9;8;19;1
202100052203;108 398;2;0;2;1;1;1
202100052204;108 394;2;0;2;1;1;1
202100052204;108 395;2;0;2;1;26;1
202100052204;108 396;7;0;2;3;1;1
202100052205;108 393;7;8;0;1;16;1
202100052206;108 391;7;0;2;1;1;1
202100052206;108 392;7;0;2;4;1;1
202100052207;108 390;7;7;0;1;13;1
202100052208;108 388;7;0;2;8;19;1
202100052208;108 389;33;0;2;1;1;1
202100052209;108 387;7;0;1;1;1;1
202100052210;108 384;7;12;2;1;1;1
202100052210;108 385;10;12;2;1;1;1
202100052211;108 382;7;0;2;7;20;1
202100052211;108 383;2;0;2;3;7;1
202100052212;108 380;7;0;2;1;1;1
202100052212;108 381;10;0;2;4;23;1
202100052213;108 379;7;8;0;1;1;1
202100052214;108 377;7;4;0;1;1;1
202100052214;108 378;7;0;2;2;1;1
202100052215;108 375;7;0;2;2;20;1
202100052215;108 376;1;0;2;1;1;5
202100052216;108 373;33;0;2;1;2;1
202100052216;108 374;7;0;9;4;1;1
202100052217;108 371;33;0;2;8;1;1
202100052217;108 372;7;0;2;1;19;1
202100052218;108 368;7;6;0;1;14;1
202100052219;108 365;7;0;2;2;15;1
202100052219;108 366;7;0;2;0;2;1
202100052219;108 367;7;0;2;8;2;1
202100052220;108 364;32;0;0;0;1;1
202100052221;108 362;7;0;2;3;1;1
202100052221;108 363;7;0;2;3;15;1
202100052222;108 361;7;6;0;1;2;1
202100052223;108 357;7;0;2;4;2;1
202100052223;108 358;7;0;2;1;2;1
202100052223;108 359;7;0;2;4;2;1
202100052223;108 360;7;0;2;4;2;1
202100052224;108 355;7;0;2;2;1;1
202100052224;108 356;30;0;2;1;1;1
202100052225;108 352;7;0;2;4;1;1
202100052225;108 353;7;0;2;4;1;1
202100052225;108 354;7;0;2;1;1;1
202100052226;108 350;7;0;9;6;13;1
202100052226;108 351;33;0;2;1;1;1
202100052227;108 348;10;0;2;1;2;0
202100052227;108 349;7;0;2;5;2;1
202100052228;108 347;32;0;1;1;1;1
202100052229;108 345;30;0;2;8;12;1
202100052229;108 346;7;0;2;5;12;1
202100052230;108 344;80;0;1;0;1;3
202100052231;108 342;7;0;2;2;15;1
202100052231;108 343;30;0;2;1;1;1
202100052232;108 341;1;0;0;0;1;5
202100052233;108 339;7;0;2;3;15;1
202100052233;108 340;2;0;2;1;1;1
202100052234;108 337;7;0;2;8;1;0
202100052234;108 338;30;0;2;1;1;1
202100052235;108 336;2;1;0;2;14;1
202100052236;108 333;7;0;2;4;2;1
202100052236;108 334;7;0;2;4;2;1
202100052236;108 335;7;0;2;2;2;1
202100052237;108 331;7;0;2;4;1;1
202100052237;108 332;33;0;2;1;14;1
202100052238;108 330;7;4;0;6;1;1
202100052239;108 327;7;0;2;4;2;1
202100052239;108 328;7;0;2;4;2;1
202100052239;108 329;7;0;2;1;2;1
202100052240;108 326;7;4;0;6;2;1
202100052241;108 324;7;0;2;3;13;1
202100052241;108 325;7;0;2;3;1;1
202100052242;108 323;7;0;9;3;1;1
202100052243;108 320;7;3;2;6;2;1
202100052243;108 321;7;0;2;4;2;1
202100052243;108 322;10;0;2;3;2;1
202100052244;108 318;31;0;2;1;2;1
202100052244;108 319;7;0;2;6;2;1
202100052245;108 316;7;0;2;1;26;1
202100052245;108 317;7;0;2;8;0;1
202100052246;108 315;7;4;0;6;1;1
202100052247;108 314;7;4;0;0;26;1
202100052248;108 312;7;0;2;4;2;1
202100052248;108 313;7;0;2;1;1;1
202100052249;108 311;10;4;0;1;1;1
202100052250;108 308;7;0;2;1;6;1
202100052250;108 309;7;0;2;1;1;1
202100052250;108 310;7;0;2;4;1;1
202100052251;108 307;7;3;0;1;14;1
202100052252;108 306;10;4;0;6;13;1
202100052253;108 304;7;4;2;4;12;1
202100052253;108 305;10;0;0;2;2;1
202100052254;108 303;7;2;0;2;1;1
202100052255;108 302;7;13;0;1;1;1
202100052256;108 300;7;0;2;1;13;1
202100052256;108 301;7;0;2;3;1;1
202100052257;108 296;7;0;2;5;17;1
202100052257;108 297;7;0;2;4;2;1
202100052257;108 298;7;0;0;4;1;1
202100052257;108 299;15;0;2;3;1;1
202100052258;108 295;7;2;0;6;0;1
202100052259;108 294;36;2;0;1;13;1
202100052260;108 292;10;0;2;1;1;1
202100052260;108 293;7;0;2;8;10;1
202100052261;108 291;7;6;0;2;0;1
202100052262;108 290;7;0;1;3;1;1
202100052263;108 288;10;0;2;6;23;1
202100052263;108 289;2;1;0;1;2;1
202100052264;108 286;7;0;2;7;1;1
202100052264;108 287;7;0;2;7;26;1
202100052265;108 284;10;0;9;1;1;1
202100052265;108 285;1;0;2;1;15;5
202100052266;108 283;2;0;0;0;14;1
202100052267;108 281;7;8;2;0;17;1
202100052267;108 282;21;0;2;3;15;1
202100052268;108 278;7;0;2;3;1;1
202100052268;108 279;7;0;2;1;13;1
202100052269;108 277;10;5;0;1;0;1
202100052270;108 276;7;2;0;1;1;1
202100052271;108 274;7;0;2;3;1;1
202100052271;108 275;10;0;2;3;17;1
202100052272;108 273;7;3;0;0;0;1
202100052273;108 272;2;12;0;0;1;1
202100052274;108 270;7;0;0;3;1;1
202100052274;108 271;7;0;2;3;13;1
202100052275;108 266;33;0;2;1;17;1
202100052275;108 267;7;0;2;3;23;1
202100052275;108 268;7;0;2;3;1;1
202100052276;108 265;7;0;1;1;14;1
202100052277;108 263;15;0;2;1;1;1
202100052277;108 264;10;0;0;8;15;1
202100052278;108 261;36;0;2;1;1;1
202100052278;108 262;7;0;2;3;23;1
202100052279;108 260;7;15;0;0;0;1
202100052280;108 259;7;0;1;2;1;1
202100052281;108 257;7;0;2;1;2;1
202100052281;108 258;7;3;0;4;2;1
202100052282;108 255;7;0;2;3;1;1
202100052282;108 256;15;0;2;3;13;1
202100052283;108 253;10;0;2;3;14;1
202100052283;108 254;15;0;2;2;1;1
202100052284;108 252;7;8;0;1;1;1
202100052285;108 250;7;0;0;5;1;1
202100052285;108 251;7;0;0;2;13;1
202100052286;108 249;30;0;0;0;1;1
202100052287;108 248;7;12;1;1;14;0
202100052288;108 246;7;0;2;1;1;1
202100052288;108 247;7;0;2;3;1;1
202100052289;108 245;7;12;0;3;0;1
202100052290;108 243;7;0;2;6;15;1
202100052290;108 244;7;0;2;6;1;1
202100052291;108 241;7;0;2;1;2;1
202100052291;108 242;7;0;2;1;9;1
202100052292;108 239;7;0;2;5;17;1
202100052292;108 240;1;0;2;8;2;5
202100052293;108 238;7;0;1;2;26;1
202100052294;108 236;7;0;9;6;9;1
202100052294;108 237;10;0;9;1;9;1
202100052295;108 234;7;0;2;4;1;1
202100052295;108 235;10;0;2;0;0;0
202100052296;108 233;7;0;1;3;1;1
202100052297;108 231;99;0;2;8;15;0
202100052297;108 232;31;0;2;1;1;0
202100052298;108 229;1;0;2;7;0;6
202100052298;108 230;7;0;2;1;1;1
202100052299;108 228;10;0;1;4;26;1
202100052300;108 227;7;0;1;1;26;1
202100052301;108 225;1;0;2;1;1;5
202100052301;108 226;7;0;2;2;15;1
202100052302;108 224;7;0;1;1;1;1
202100052303;108 222;2;0;2;1;26;1
202100052303;108 223;7;0;2;2;11;1
202100052304;108 221;7;0;1;1;1;1
202100052305;108 220;33;0;0;8;26;1
202100052306;108 219;7;0;1;1;1;1
202100052307;108 218;7;1;2;0;1;1
202100052308;108 217;7;0;1;7;1;1
202100052309;108 215;7;0;2;1;1;1
202100052309;108 216;7;0;2;1;13;1
202100052310;108 213;40;0;2;3;0;3
202100052310;108 214;1;0;4;1;13;5
202100052311;108 211;7;0;2;1;2;1
202100052311;108 212;7;0;0;4;1;1
202100052312;108 210;7;0;1;3;20;1
202100052313;108 208;7;0;2;1;1;1
202100052313;108 209;7;0;2;2;15;1
202100052314;108 206;2;0;2;1;15;1
202100052314;108 207;7;0;2;8;1;1
202100052315;108 204;7;0;2;1;15;1
202100052315;108 205;1;0;2;1;19;5
202100052316;108 202;30;0;2;1;1;1
202100052316;108 203;7;0;2;6;1;1
202100052317;108 201;7;0;1;2;26;1
202100052318;108 198;7;0;2;1;1;1
202100052318;108 199;7;0;2;7;19;1
202100052318;108 200;7;0;2;6;0;1
202100052319;108 196;34;0;2;2;1;1
202100052319;108 197;10;0;2;0;10;1
202100052320;108 194;7;0;2;3;1;1
202100052320;108 195;2;0;2;1;17;1
202100052321;108 192;7;0;2;8;10;1
202100052321;108 193;2;0;2;1;1;1
202100052322;108 190;1;0;2;7;1;5
202100052322;108 191;7;0;2;1;9;2
202100052323;108 188;2;0;2;1;2;1
202100052323;108 189;10;0;2;4;2;1
202100052324;108 187;7;0;1;7;1;1
202100052325;108 186;2;0;1;0;1;1
202100052326;108 184;7;0;2;8;1;1
202100052326;108 185;2;0;2;1;5;1
202100052327;108 183;10;1;0;1;17;1
202100052328;108 182;10;0;1;3;1;1
202100052329;108 181;40;0;1;2;1;3
202100052330;108 179;10;0;2;5;12;1
202100052330;108 180;7;0;2;3;1;1
202100052331;108 177;30;0;2;1;1;1
202100052331;108 178;7;0;2;4;23;1
202100052332;108 175;31;0;2;1;1;1
202100052332;108 176;7;0;2;3;9;1
202100052333;108 173;43;0;2;1;1;1
202100052333;108 174;7;0;2;5;15;1
202100052334;108 172;7;0;1;1;0;2
202100052335;108 170;0;0;2;1;19;0
202100052335;108 171;7;0;1;1;2;1
202100052336;108 168;7;0;2;2;1;1
202100052336;108 169;7;0;2;1;1;1
202100052337;108 167;10;1;0;2;1;0
202100052338;108 165;7;15;2;3;26;1
202100052338;108 166;7;0;2;3;1;0
202100052339;108 163;7;0;2;3;15;1
202100052339;108 164;7;0;2;2;1;1
202100052340;108 161;7;0;2;3;2;1
202100052340;108 162;7;0;0;4;15;1
202100052341;108 159;7;0;1;2;1;1
202100052341;108 160;7;0;2;2;17;1
202100052342;108 157;7;0;2;2;1;1
202100052342;108 158;10;0;2;2;1;1
202100052343;108 152;7;0;2;1;15;1
202100052343;108 153;7;0;2;2;1;1
202100052344;108 150;7;0;2;3;1;1
202100052344;108 151;31;0;2;1;13;1
202100052345;108 148;1;0;2;7;1;5
202100052345;108 149;7;0;2;8;9;1
202100052346;108 145;7;12;0;9;1;1
202100052347;108 144;7;2;0;8;1;1
202100052348;108 142;7;0;2;3;0;1
202100052348;108 143;7;0;2;1;5;1
202100052349;108 141;7;13;0;9;13;1
202100052350;108 140;2;13;0;8;2;1
202100052351;108 139;7;3;0;9;1;1
202100052352;108 138;10;0;1;7;1;1
202100052353;108 137;7;2;0;0;1;1
202100052354;108 136;7;7;0;1;1;1
202100052355;108 135;7;2;0;1;1;1
202100052356;108 134;33;8;0;0;1;1
202100052357;108 132;7;0;2;3;1;1
202100052357;108 133;7;0;2;3;1;1
202100052358;108 131;7;6;0;3;13;1
202100052359;108 129;7;0;2;1;15;1
202100052359;108 130;7;0;2;1;1;1
202100052360;108 121;7;0;2;2;2;1
202100052360;108 122;7;0;2;1;2;0
202100052360;108 123;7;8;0;4;2;1
202100052360;108 124;7;0;2;4;2;1
202100052360;108 125;7;0;2;1;2;1
202100052360;108 126;7;0;2;1;2;1
202100052360;108 127;7;0;2;1;2;1
202100052360;108 128;7;0;2;1;2;1
202100052361;108 119;7;0;2;3;1;1
202100052361;108 120;2;0;2;0;17;1
202100052362;108 117;7;0;0;4;2;1
202100052362;108 118;7;0;2;1;2;1
202100052363;108 115;10;0;2;1;1;1
202100052363;108 116;7;0;2;4;1;1
202100052364;108 113;7;0;2;6;1;1
202100052364;108 114;7;0;2;1;14;1
202100052365;108 110;7;0;2;3;18;1
202100052365;108 111;15;0;2;2;1;1
202100052365;108 112;7;0;2;4;1;1
202100052366;108 108;7;0;2;4;2;1
202100052366;108 109;7;0;2;1;2;1
202100052367;108 107;7;4;0;1;1;1
202100052368;108 106;7;4;0;8;1;1
202100052369;108 105;7;4;0;3;14;1
202100052370;108 103;7;0;2;1;0;-1
202100052370;108 104;32;0;2;0;0;-1
202100052371;108 101;33;0;2;5;23;1
202100052371;108 102;7;0;2;1;1;1
202100052372;108 099;7;0;2;1;15;1
202100052372;108 100;31;0;2;2;1;1
202100052373;108 097;7;8;2;2;1;1
202100052373;108 098;7;0;2;1;15;1
202100052374;108 095;1;0;2;1;1;5
202100052374;108 096;7;0;9;2;1;1
202100052375;108 094;7;0;5;1;13;1
202100052376;108 093;7;0;1;7;1;1
202100052377;108 091;2;0;0;0;0;0
202100052377;108 092;7;0;9;8;15;6
202100052378;108 089;7;0;2;2;15;1
202100052378;108 090;1;0;2;1;7;0
202100052379;108 087;7;8;2;1;1;1
202100052379;108 088;7;0;2;1;1;1
202100052380;108 085;7;0;2;3;1;0
202100052380;108 086;7;0;2;1;1;1
202100052381;108 083;7;0;2;2;9;1
202100052381;108 084;7;0;2;6;2;1
202100052382;108 081;7;0;2;3;9;1
202100052382;108 082;14;0;2;5;1;1
202100052383;108 078;7;0;2;4;2;0
202100052383;108 079;7;0;2;4;2;0
202100052383;108 080;7;0;2;2;2;0
202100052384;108 075;7;0;2;1;1;1
202100052384;108 076;7;0;2;4;1;1
202100052384;108 077;7;0;2;3;1;1
202100052385;108 074;7;0;1;2;15;1
202100052386;108 071;7;0;2;3;13;1
202100052386;108 072;7;0;2;8;1;1
202100052386;108 073;7;1;2;6;0;1
202100052387;108 070;30;1;1;0;21;0
202100052388;108 069;7;0;1;2;19;1
202100052389;108 067;7;0;2;1;2;1
202100052389;108 068;7;0;2;4;2;2
202100052390;108 065;50;0;2;8;26;3
202100052390;108 066;7;0;9;8;1;1
202100052391;108 063;7;0;2;1;2;1
202100052391;108 064;10;0;2;1;15;1
202100052392;108 060;7;0;2;1;1;1
202100052392;108 061;7;0;2;4;1;1
202100052392;108 062;7;0;2;4;1;1
202100052393;108 058;1;0;2;8;19;5
202100052393;108 059;7;0;2;1;1;2
202100052394;108 056;7;0;2;2;26;1
202100052394;108 057;1;0;2;1;5;0
202100052395;108 054;7;0;2;2;17;1
202100052395;108 055;7;0;2;8;15;1
202100052396;108 052;7;0;2;2;15;1
202100052396;108 053;34;0;2;1;18;1
202100052397;108 051;10;0;1;4;4;1
202100052398;108 050;7;0;1;1;1;1
202100052399;108 048;7;0;2;3;20;1
202100052399;108 049;50;0;2;5;1;3
202100052400;108 046;7;0;2;1;1;1
202100052400;108 047;7;0;2;4;1;1
202100052401;108 045;7;1;0;2;9;1
202100052402;108 044;7;0;1;1;1;1
202100052403;108 042;30;0;2;1;2;1
202100052403;108 043;7;0;2;4;23;1
202100052404;108 040;7;0;2;3;15;1
202100052404;108 041;7;0;2;2;1;1
202100052405;108 038;7;0;2;1;2;1
202100052405;108 039;10;0;2;4;23;1
202100052406;108 037;99;6;0;9;1;1
202100052407;108 035;7;0;2;3;19;1
202100052407;108 036;7;0;2;1;19;1
202100052408;108 033;30;0;2;1;1;1
202100052408;108 034;7;0;2;6;19;1
202100052409;108 031;1;0;2;1;15;5
202100052409;108 032;7;0;2;2;26;1
202100052410;108 030;7;0;1;1;26;1
202100052411;108 028;33;0;2;3;2;1
202100052411;108 029;10;0;2;6;2;1
202100052412;108 026;7;0;2;6;20;1
202100052412;108 027;1;0;2;1;1;5
202100052413;108 025;30;0;1;2;1;1
202100052414;108 023;7;0;2;7;1;1
202100052414;108 024;7;0;2;8;9;1
202100052415;108 020;7;0;2;4;2;1
202100052415;108 021;7;0;2;4;2;1
202100052415;108 022;7;0;2;1;2;1
202100052416;108 018;50;0;2;2;1;3
202100052416;108 019;7;0;2;3;1;1
202100052417;108 017;1;0;1;1;1;5
202100052418;108 016;7;0;1;2;1;1
202100052419;108 013;10;0;2;1;5;1
202100052419;108 014;7;0;2;6;2;1
202100052419;108 015;30;0;2;1;26;1
202100052420;108 011;7;0;2;1;1;1
202100052420;108 012;1;0;2;8;19;5
202100052421;108 010;7;13;0;2;14;1
202100052422;108 009;2;0;1;7;1;1
202100052423;108 007;7;0;9;8;16;1
202100052423;108 008;50;0;2;1;25;3
202100052424;108 005;7;0;9;0;1;0