Num_Acc;id_vehicule;catv;obs;obsm;choc;manv;motor
202100052424;108 006;1;0;2;4;1;5
202100052425;108 004;7;0;1;8;1;1
202100052426;108 002;50;0;2;1;26;3
202100052426;108 003;7;0;9;1;15;1
202100052427;108 001;33;0;0;7;16;1
202100052428;107 999;2;0;2;1;17;1
202100052428;108 000;7;0;2;6;15;1
202100052429;107 997;7;0;2;2;23;1
202100052429;107 998;30;0;2;1;18;1
202100052430;107 995;2;0;2;1;15;1
202100052430;107 996;7;0;2;3;1;2
202100052431;107 993;33;0;2;1;1;1
202100052431;107 994;10;0;2;4;4;1
202100052432;107 992;7;0;1;1;1;1
202100052433;107 990;34;0;2;1;1;1
202100052433;107 991;7;0;2;2;15;1
202100052434;107 988;7;0;2;1;1;1
202100052434;107 989;7;0;2;7;26;1
202100052435;107 987;7;8;0;3;0;1
202100052436;107 986;99;0;1;5;1;1
202100052437;107 983;7;0;2;2;15;1
202100052437;107 984;7;0;2;8;1;1
202100052437;107 985;7;0;2;3;1;1
202100052438;107 981;33;0;2;1;1;1
202100052438;107 982;10;0;2;3;15;1
202100052439;107 979;33;0;2;1;17;1
202100052439;107 980;31;0;2;3;9;1
202100052440;107 977;7;0;1;1;1;1
202100052440;107 978;7;0;1;1;1;1
202100052441;107 974;7;0;2;4;0;1
202100052441;107 975;7;0;2;4;15;1
202100052441;107 976;7;0;0;1;0;1
202100052442;107 972;7;0;2;1;1;1
202100052442;107 973;7;0;2;6;1;1
202100052443;107 971;33;0;0;8;1;1
202100052444;107 970;7;0;1;2;1;1
202100052445;107 968;34;0;2;1;1;1
202100052445;107 969;10;0;2;2;15;1
202100052446;107 966;7;0;2;1;1;1
202100052446;107 967;7;0;2;1;17;1
202100052447;107 964;7;0;2;7;26;1
202100052447;107 965;7;0;2;1;26;1
202100052448;107 962;7;0;2;2;1;1
202100052448;107 963;7;0;2;1;15;1
202100052449;107 960;1;0;2;5;9;5
202100052449;107 961;7;0;9;5;9;0
202100052450;107 959;2;0;0;7;23;1
202100052451;107 958;7;10;0;3;1;1
202100052452;107 956;10;0;2;3;15;1
202100052452;107 957;33;0;2;1;17;1
202100052453;107 954;7;0;2;4;23;1
202100052453;107 955;10;0;2;1;1;1
202100052454;107 953;33;0;1;1;17;1
202100052455;107 951;7;0;2;7;16;1
202100052455;107 952;32;0;2;1;1;1
202100052456;107 950;7;8;0;1;21;1
202100052457;107 948;7;0;2;2;15;1
202100052457;107 949;31;0;2;1;1;1
202100052458;107 947;7;0;1;1;1;1
202100052459;107 945;30;0;2;1;1;1
202100052459;107 946;30;0;2;8;1;3
202100052460;107 944;7;0;1;1;1;1
202100052461;107 942;33;0;2;3;1;1
202100052461;107 943;7;0;2;7;15;1
202100052462;107 940;31;0;2;1;1;3
202100052462;107 941;1;0;2;7;15;5
202100052463;107 938;1;0;2;7;10;5
202100052463;107 939;30;0;2;0;0;0
202100052464;107 936;7;0;2;2;1;1
202100052464;107 937;7;0;2;1;1;1
202100052465;107 934;7;0;2;3;1;1
202100052465;107 935;50;0;2;0;19;3
202100052466;107 932;2;0;2;2;2;1
202100052466;107 933;10;0;2;6;18;1
202100052467;107 930;10;0;2;2;12;1
202100052467;107 931;1;0;2;4;1;0
202100052468;107 928;7;0;2;7;12;1
202100052468;107 929;1;0;2;8;26;5
202100052469;107 927;37;0;1;7;26;0
202100052470;107 926;7;0;1;3;15;2
202100052471;107 924;1;0;2;0;0;0
202100052471;107 925;7;0;9;5;12;0
202100052472;107 922;32;0;2;8;18;1
202100052472;107 923;7;0;2;7;19;1
202100052473;107 920;7;0;9;1;1;1
202100052473;107 921;1;0;2;1;1;0
202100052474;107 919;3;0;1;1;1;1
202100052475;107 918;7;0;1;2;1;1
202100052476;107 917;10;0;1;7;1;1
202100052477;107 915;7;0;2;4;1;2
202100052477;107 916;7;0;2;1;2;1
202100052478;107 914;7;0;1;1;16;1
202100052479;107 913;7;0;1;8;22;1
202100052480;107 912;7;15;0;1;14;1
202100052481;107 910;7;0;2;7;15;1
202100052481;107 911;7;0;2;2;1;1
202100052482;107 909;7;13;0;1;15;1
202100052483;107 907;7;0;2;3;1;1
202100052483;107 908;7;0;2;3;1;1
202100052484;107 906;7;15;0;1;1;1
202100052485;107 905;7;0;0;0;2;1
202100052486;107 903;7;0;2;1;1;1
202100052486;107 904;7;0;2;1;3;1
202100052487;107 902;7;0;1;2;1;1
202100052488;107 901;7;4;0;3;2;1
202100052489;107 900;7;2;0;8;12;0
202100052490;107 899;7;0;1;2;11;1
202100052491;107 897;7;0;2;2;1;1
202100052491;107 898;7;0;2;8;15;1
202100052492;107 895;10;0;2;3;13;1
202100052492;107 896;7;0;2;1;1;1
202100052493;107 893;7;0;2;3;15;0
202100052493;107 894;7;0;2;2;1;0
202100052494;107 891;7;0;2;2;17;1
202100052494;107 892;1;0;0;4;2;5
202100052495;107 889;7;0;2;1;5;1
202100052495;107 890;7;0;2;1;1;1
202100052496;107 887;7;0;2;1;9;1
202100052496;107 888;7;3;2;3;1;1
202100052497;107 886;7;0;0;2;1;1
202100052498;107 884;10;0;2;1;1;1
202100052498;107 885;7;0;2;1;13;1
202100052499;107 882;50;0;2;1;5;3
202100052499;107 883;7;0;2;1;1;1
202100052500;107 880;10;0;2;1;2;1
202100052500;107 881;7;0;0;4;2;1
202100052501;107 878;32;0;2;4;2;1
202100052501;107 879;7;0;9;1;2;1
202100052502;107 876;7;0;2;3;1;1
202100052502;107 877;7;0;2;3;1;1
202100052503;107 874;7;0;2;5;1;1
202100052503;107 875;7;2;2;3;1;1
202100052504;107 872;10;0;2;3;9;0
202100052504;107 873;33;0;2;1;1;1
202100052505;107 868;7;0;2;1;15;1
202100052505;107 869;7;0;2;3;1;1
202100052506;107 867;7;8;0;2;1;1
202100052507;107 865;33;0;2;1;17;1
202100052507;107 866;7;0;2;3;15;1
202100052508;107 864;7;6;0;1;16;1
202100052509;107 862;7;0;2;6;26;3
202100052509;107 863;7;0;2;2;2;1
202100052510;107 858;7;0;2;4;1;1
202100052510;107 859;7;0;2;4;1;1
202100052510;107 860;10;0;2;1;12;1
202100052510;107 861;7;3;2;4;1;1
202100052511;107 856;7;0;2;6;11;1
202100052511;107 857;32;0;2;2;3;1
202100052512;107 854;7;0;2;8;1;1
202100052512;107 855;7;0;2;8;15;1
202100052513;107 852;7;0;2;8;15;1
202100052513;107 853;2;0;2;3;1;1
202100052514;107 850;32;0;2;1;1;1
202100052514;107 851;1;0;2;1;1;5
202100052515;107 849;7;0;0;1;14;1
202100052516;107 848;31;0;1;0;1;1
202100052517;107 846;7;0;2;2;12;1
202100052517;107 847;33;0;2;3;3;1
202100052518;107 844;1;0;2;1;13;5
202100052518;107 845;7;0;2;2;15;1
202100052519;107 843;7;0;1;3;1;1
202100052520;107 842;1;0;1;1;18;5
202100052521;107 840;37;0;2;7;1;1
202100052521;107 841;7;0;2;1;9;1
202100052522;107 838;7;0;2;5;0;1
202100052522;107 839;2;0;2;8;13;1
202100052523;107 837;7;0;1;2;1;1
202100052524;107 835;50;0;2;1;15;3
202100052524;107 836;7;0;2;0;17;1
202100052525;107 833;7;0;2;3;15;1
202100052525;107 834;1;0;2;1;1;6
202100052526;107 830;10;0;1;2;1;1
202100052527;107 825;7;0;2;5;0;1
202100052527;107 826;7;0;2;3;0;1
202100052528;107 824;40;0;0;0;9;3
202100052529;107 822;30;0;2;1;1;1
202100052529;107 823;7;0;2;2;15;1
202100052530;107 821;7;13;0;1;14;1
202100052531;107 819;3;0;2;1;1;1
202100052531;107 820;7;0;2;3;1;1
202100052532;107 818;7;0;0;1;1;1
202100052533;107 816;7;8;2;8;1;1
202100052533;107 817;7;8;2;1;1;1
202100052534;107 814;33;0;2;1;1;1
202100052534;107 815;7;0;2;7;1;1
202100052535;107 813;10;0;1;1;26;1
202100052536;107 812;7;0;1;3;1;1
202100052537;107 810;7;0;2;1;13;1
202100052537;107 811;7;0;2;1;1;1
202100052538;107 808;7;0;2;1;15;2
202100052538;107 809;2;0;2;7;0;1
202100052539;107 806;1;0;2;1;26;5
202100052539;107 807;7;0;2;0;1;1
202100052540;107 804;7;0;9;1;16;1
202100052540;107 805;1;0;2;7;1;5
202100052541;107 803;7;15;0;1;1;1
202100052542;107 801;7;0;2;2;10;1
202100052542;107 802;33;0;2;1;1;1
202100052543;107 800;80;0;0;0;0;3
202100052544;107 798;7;0;2;3;9;1
202100052544;107 799;1;0;2;7;0;5
202100052545;107 797;7;0;1;2;1;1
202100052546;107 795;7;0;2;1;15;1
202100052546;107 796;80;0;2;8;1;3
202100052547;107 792;15;0;2;1;2;1
202100052547;107 793;7;0;2;4;1;1
202100052547;107 794;15;0;2;4;1;1
202100052548;107 790;7;0;0;4;2;1
202100052548;107 791;7;0;2;1;2;1
202100052549;107 788;7;0;0;0;0;1
202100052549;107 789;1;0;2;0;13;0
202100052550;107 787;7;0;1;3;9;1
202100052551;107 786;7;3;0;2;1;1
202100052552;107 784;7;0;2;2;16;1
202100052552;107 785;30;0;2;1;18;1
202100052553;107 783;15;0;1;0;26;1
202100052554;107 781;10;0;2;8;13;1
202100052554;107 782;33;0;2;7;1;1
202100052555;107 779;7;0;2;7;1;1
202100052555;107 780;7;0;2;1;9;1
202100052556;107 778;32;0;1;0;1;0
202100052557;107 776;7;0;2;6;15;1
202100052557;107 777;30;0;2;1;17;1
202100052558;107 774;32;0;2;1;1;1
202100052558;107 775;7;0;2;2;10;1
202100052559;107 773;7;0;1;1;2;1
202100052560;107 771;7;0;2;1;1;1
202100052560;107 772;30;0;2;7;1;1
202100052561;107 769;10;0;2;1;2;1
202100052561;107 770;7;0;2;4;23;1
202100052562;107 767;7;0;2;1;9;1
202100052562;107 768;33;0;2;1;8;1
202100052563;107 765;7;0;2;7;20;1
202100052563;107 766;30;1;2;1;1;1
202100052564;107 763;33;0;2;1;17;1
202100052564;107 764;10;0;2;3;15;1
202100052565;107 762;10;0;1;5;1;1
202100052566;107 760;37;0;2;5;21;2
202100052566;107 761;7;0;2;8;22;1
202100052567;107 759;33;0;1;1;1;1
202100052568;107 758;7;0;1;2;1;1
202100052569;107 757;1;0;1;1;1;5
202100052570;107 755;1;0;2;1;13;5
202100052570;107 756;2;0;2;1;1;1
202100052571;107 754;1;0;1;7;1;5
202100052572;107 752;30;0;2;1;3;1
202100052572;107 753;32;0;2;8;11;1
202100052573;107 750;7;0;2;6;23;1
202100052573;107 751;30;0;2;2;1;1
202100052574;107 748;33;0;2;6;1;1
202100052574;107 749;1;0;2;6;15;5
202100052575;107 746;30;0;2;3;13;1
202100052575;107 747;33;0;2;2;1;1
202100052576;107 745;1;0;1;2;1;5
202100052577;107 744;2;14;0;7;1;1
202100052578;107 743;30;0;0;7;1;1
202100052579;107 741;7;0;2;2;16;1
202100052579;107 742;1;0;2;1;1;5
202100052580;107 739;7;0;1;1;1;1
202100052580;107 740;2;0;1;0;0;0
202100052581;107 738;1;0;1;7;1;5
202100052582;107 736;7;0;2;8;15;1
202100052582;107 737;31;0;2;7;15;1
202100052583;107 735;7;1;2;2;1;1
202100052584;107 733;7;0;2;3;15;1
202100052584;107 734;2;0;2;1;17;1
202100052585;107 731;7;15;0;2;13;1
202100052585;107 732;1;0;0;0;0;5
202100052586;107 730;33;3;0;1;17;1
202100052587;107 728;7;15;0;4;2;1
202100052587;107 729;7;15;0;1;2;1
202100052588;107 725;50;0;2;9;16;3
202100052588;107 726;10;0;2;3;9;1
202100052588;107 727;7;0;2;6;2;1
202100052589;107 723;7;0;0;8;15;1
202100052589;107 724;7;0;2;1;1;1
202100052590;107 721;7;0;0;0;0;1
202100052590;107 722;20;0;0;0;0;0
202100052591;107 719;7;0;2;5;15;1
202100052591;107 720;7;0;2;7;1;2
202100052592;107 717;7;0;2;1;2;1
202100052592;107 718;7;0;2;4;2;1
202100052593;107 715;10;0;2;3;10;1
202100052593;107 716;7;0;2;2;1;1
202100052594;107 713;7;0;2;2;16;1
202100052594;107 714;7;0;2;3;0;0
202100052595;107 711;7;0;2;3;15;1
202100052595;107 712;32;0;2;1;1;1
202100052596;107 709;7;0;2;6;15;1
202100052596;107 710;2;0;2;2;0;1
202100052597;107 707;7;0;2;1;15;1
202100052597;107 708;32;0;2;1;1;1
202100052598;107 705;10;0;2;2;10;1
202100052598;107 706;31;0;2;1;1;1
202100052599;107 703;33;0;2;1;1;1
202100052599;107 704;21;0;2;4;19;1
202100052600;107 701;7;6;2;7;1;1
202100052600;107 702;7;6;2;1;19;1
202100052601;107 700;7;0;1;2;1;1
202100052602;107 698;17;0;0;6;24;1
202100052602;107 699;17;1;0;2;26;1
202100052603;107 696;7;0;0;1;1;1
202100052603;107 697;7;4;0;1;1;1
202100052604;107 694;33;0;2;1;1;1
202100052604;107 695;21;0;2;7;15;1
202100052605;107 692;1;0;2;1;1;5
202100052605;107 693;10;0;9;8;1;1
202100052606;107 686;7;0;2;1;2;1
202100052606;107 687;7;0;2;4;2;1
202100052606;107 688;7;0;2;4;2;1
202100052606;107 689;7;0;2;4;2;1
202100052606;107 690;7;0;2;4;2;1
202100052606;107 691;7;0;2;4;2;1
202100052607;107 685;31;8;0;1;1;1
202100052608;107 683;3;0;2;7;2;3
202100052608;107 684;1;0;2;8;2;5
202100052609;107 682;7;2;0;1;14;1
202100052610;107 680;2;0;2;4;1;1
202100052610;107 681;7;0;2;1;1;1
202100052611;107 678;10;0;2;8;15;1
202100052611;107 679;2;0;2;1;1;1
202100052612;107 677;7;2;6;1;1;1
202100052613;107 676;7;13;0;2;1;1
202100052614;107 675;7;0;1;3;1;1
202100052615;107 674;7;12;0;2;1;0
202100052616;107 673;7;0;1;7;2;0
202100052617;107 672;7;6;0;2;14;1
202100052618;107 670;7;0;2;8;15;1
202100052618;107 671;1;0;2;1;1;5
202100052619;107 668;7;0;2;1;1;1
202100052619;107 669;1;0;0;4;1;5
202100052620;107 666;10;0;0;3;17;1
202100052620;107 667;7;0;0;3;14;1
202100052621;107 665;33;13;0;7;13;1
202100052622;107 661;1;0;2;8;9;5
202100052622;107 662;7;0;2;2;1;1
202100052623;107 659;7;0;0;5;1;1
202100052623;107 660;7;9;2;1;12;1
202100052624;107 658;7;3;0;3;17;1
202100052625;107 657;20;0;0;0;0;6
202100052626;107 656;7;16;0;2;1;1
202100052627;107 655;7;0;1;1;1;1
202100052628;107 654;7;6;0;1;16;1
202100052629;107 653;7;0;1;1;1;1
202100052630;107 652;31;8;0;0;1;1
202100052631;107 649;32;0;2;8;2;1
202100052631;107 650;7;0;2;1;2;0
202100052631;107 651;7;0;0;8;2;2
202100052632;107 648;7;13;0;1;1;1
202100052633;107 646;10;0;2;2;1;1
202100052633;107 647;14;0;2;1;1;1
202100052634;107 644;1;0;2;1;1;5
202100052634;107 645;10;0;0;7;1;1
202100052635;107 642;7;0;2;4;2;1
202100052635;107 643;7;0;2;1;1;1
202100052636;107 640;7;0;2;1;9;1
202100052636;107 641;7;0;2;4;9;1
202100052637;107 638;7;0;2;1;26;1
202100052637;107 639;7;0;0;4;2;1
202100052638;107 636;17;0;2;1;12;1
202100052638;107 637;7;0;2;6;1;1
202100052639;107 634;7;0;2;4;23;1
202100052639;107 635;7;0;2;1;1;1
202100052640;107 633;33;1;0;9;1;1
202100052641;107 631;7;0;2;4;2;1
202100052641;107 632;7;0;2;1;2;1
202100052642;107 629;7;0;2;6;11;1
202100052642;107 630;33;0;2;2;3;1
202100052643;107 628;7;4;0;1;1;1
202100052644;107 625;10;0;2;4;1;1
202100052644;107 626;10;0;2;4;1;1
202100052644;107 627;7;0;2;1;21;1
202100052645;107 623;7;0;2;1;1;1
202100052645;107 624;32;0;2;1;1;1
202100052646;107 622;7;14;0;1;15;1
202100052647;107 620;7;0;0;4;2;1
202100052647;107 621;7;0;2;1;2;2
202100052648;107 618;7;0;2;1;1;1
202100052648;107 619;30;0;2;1;21;1
202100052649;107 616;7;0;2;3;1;1
202100052649;107 617;33;0;2;1;1;0
202100052650;107 614;50;0;2;1;25;3
202100052650;107 615;7;0;2;1;26;1
202100052651;107 612;32;0;2;7;1;1
202100052651;107 613;7;0;2;3;10;0
202100052652;107 610;3;0;2;1;13;1
202100052652;107 611;37;0;2;3;1;1
202100052653;107 608;1;0;2;4;1;5
202100052653;107 609;7;0;2;1;9;0
202100052654;107 606;31;0;2;1;15;0
202100052654;107 607;7;0;2;6;11;1
202100052655;107 605;7;0;1;3;1;1
202100052656;107 604;37;0;1;2;16;1
202100052657;107 601;7;0;2;1;1;1
202100052657;107 602;7;0;2;1;1;1
202100052657;107 603;7;0;2;1;1;1
202100052658;107 599;7;0;2;1;1;1
202100052658;107 600;7;0;2;6;23;1
202100052659;107 597;7;0;2;3;1;0
202100052659;107 598;30;0;2;1;1;0
202100052660;107 595;7;0;2;8;9;1
202100052660;107 596;43;0;2;1;1;1
202100052661;107 594;7;8;0;1;14;1
202100052662;107 593;7;0;1;1;1;1
202100052663;107 591;7;0;2;3;1;1
202100052663;107 592;10;0;2;1;1;1
202100052664;107 590;1;15;0;3;21;5
202100052665;107 588;31;0;2;7;1;1
202100052665;107 589;10;0;2;1;9;1
202100052666;107 586;7;0;2;8;19;1
202100052666;107 587;30;0;2;1;1;1
202100052667;107 584;30;0;2;1;26;1
202100052667;107 585;7;0;0;4;2;0
202100052668;107 583;1;0;0;0;26;5
202100052669;107 582;10;8;0;1;13;1
202100052670;107 580;7;0;2;3;23;1
202100052670;107 581;1;0;2;1;16;5
202100052671;107 579;10;0;1;4;4;1
202100052672;107 578;50;0;0;0;0;3
202100052673;107 577;10;0;1;7;16;1
202100052674;107 576;7;2;0;1;14;1
202100052675;107 574;7;0;0;1;1;-1
202100052675;107 575;1;0;2;1;1;5
202100052676;107 572;1;0;2;1;1;5
202100052676;107 573;7;0;2;8;1;1
202100052677;107 570;7;6;2;1;1;1
202100052677;107 571;7;0;2;5;1;2
202100052678;107 569;7;0;1;2;1;1
202100052679;107 567;7;0;2;3;17;1
202100052679;107 568;31;0;2;1;1;1
202100052680;107 565;7;0;1;1;1;1
202100052680;107 566;7;0;2;1;1;1
202100052681;107 564;1;6;0;1;17;5
202100052682;107 562;33;0;2;1;17;1
202100052682;107 563;7;0;2;8;15;1
202100052683;107 561;33;0;1;1;1;1
202100052684;107 559;10;0;2;2;15;1
202100052684;107 560;7;0;2;1;1;1
202100052685;107 557;7;0;2;2;12;1
202100052685;107 558;31;0;2;3;1;1
202100052686;107 555;7;0;2;4;2;1
202100052686;107 556;7;0;2;1;2;1
202100052687;107 553;32;0;2;2;3;1
202100052687;107 554;7;0;2;8;11;1
202100052688;107 551;10;0;2;1;1;1
202100052688;107 552;30;0;2;8;1;1
202100052689;107 549;7;0;2;5;10;1
202100052689;107 550;30;0;2;1;1;1
202100052690;107 545;50;0;2;1;5;3
202100052690;107 546;7;0;2;2;15;1
202100052691;107 543;33;0;2;7;5;1
202100052691;107 544;7;0;2;3;15;1
202100052692;107 541;7;0;2;1;1;1
202100052692;107 542;1;0;2;7;1;5
202100052693;107 539;7;0;2;5;23;1
202100052693;107 540;30;0;2;1;2;1
202100052694;107 538;10;0;1;2;15;1
202100052695;107 537;10;0;1;0;1;0
202100052696;107 535;1;0;2;1;1;5
202100052696;107 536;7;0;9;3;1;1
202100052697;107 534;7;0;1;0;1;2
202100052698;107 533;7;0;1;3;1;1
202100052699;107 531;7;0;2;4;9;1
202100052699;107 532;7;0;2;1;0;1
202100052700;107 529;7;0;2;3;23;1
202100052700;107 530;7;0;2;2;1;1
202100052701;107 527;10;0;2;3;13;1
202100052701;107 528;37;0;2;1;26;1
202100052702;107 526;7;0;1;1;0;1
202100052703;107 525;7;0;1;2;1;1
202100052704;107 523;7;0;2;2;10;1
202100052704;107 524;34;0;2;3;1;1
202100052705;107 521;7;0;2;3;2;1
202100052705;107 522;33;0;2;4;23;1
202100052706;107 520;7;0;1;3;15;1
202100052707;107 518;50;0;2;1;1;3
202100052707;107 519;7;0;2;2;15;2
202100052708;107 517;7;0;1;1;1;2
202100052709;107 516;7;0;1;5;1;1
202100052710;107 514;7;0;2;4;2;0
202100052710;107 515;30;0;2;4;1;1
202100052711;107 512;34;0;2;1;1;1
202100052711;107 513;7;0;2;1;1;1
202100052712;107 511;14;0;0;8;14;1
202100052713;107 509;10;0;2;2;1;1
202100052713;107 510;7;3;0;6;11;1
202100052714;107 507;7;13;2;3;13;1
202100052714;107 508;7;0;2;8;1;1
202100052715;107 506;7;0;1;2;1;1
202100052716;107 505;7;15;0;9;0;1
202100052717;107 504;7;0;0;1;2;1
202100052718;107 501;7;0;9;3;17;1
202100052718;107 502;1;0;2;1;1;5
202100052718;107 503;1;0;2;1;1;5
202100052719;107 499;10;0;2;2;15;1
202100052719;107 500;7;6;2;1;1;1
202100052720;107 498;7;2;0;9;1;1
202100052721;107 496;7;13;0;1;1;1
202100052722;107 494;2;0;2;1;1;1
202100052722;107 495;7;0;2;3;15;1
202100052723;107 492;33;7;2;4;2;1
202100052723;107 493;10;0;2;7;15;1
202100052724;107 491;7;0;1;2;1;1
202100052725;107 490;33;13;0;0;2;1
202100052726;107 488;38;0;2;3;1;1
202100052726;107 489;7;0;2;3;9;1
202100052727;107 486;7;0;2;3;0;1
202100052727;107 487;7;0;2;3;1;1
202100052728;107 484;7;0;2;1;1;1
202100052728;107 485;7;0;2;1;5;1
202100052729;107 483;15;16;0;1;1;1
202100052730;107 480;7;0;2;1;2;1
202100052730;107 481;7;0;0;4;1;1
202100052730;107 482;7;0;2;4;2;1
202100052731;107 478;7;0;2;1;13;1
202100052731;107 479;17;0;2;2;1;1
202100052732;107 477;7;2;9;1;14;0
202100052733;107 474;7;0;1;1;1;1
202100052733;107 475;7;0;2;1;2;1
202100052733;107 476;7;0;0;4;1;1
202100052734;107 471;7;0;2;1;5;1
202100052734;107 472;7;0;2;1;2;1
202100052734;107 473;7;0;2;2;21;1
202100052735;107 469;7;1;0;1;1;1
202100052735;107 470;7;0;0;7;24;1
202100052736;107 467;7;0;2;3;1;1
202100052736;107 468;7;8;2;3;1;1
202100052737;107 466;7;0;1;2;1;1
202100052738;107 465;10;15;1;4;26;1
202100052739;107 463;17;0;2;2;12;1
202100052739;107 464;10;0;2;3;1;0
202100052740;107 460;7;0;2;4;9;1
202100052740;107 461;17;0;2;3;1;1
202100052740;107 462;7;0;2;7;1;1
202100052741;107 455;7;4;0;1;13;1
202100052742;107 453;31;0;2;1;1;1
202100052742;107 454;7;0;2;3;15;1
202100052743;107 451;7;0;2;1;1;1
202100052743;107 452;7;0;2;1;1;1
202100052744;107 449;50;0;2;7;1;3
202100052744;107 450;7;0;2;1;1;1
202100052745;107 447;7;0;2;5;22;1
202100052745;107 448;80;1;0;1;18;3
202100052746;107 445;7;0;2;6;15;1
202100052746;107 446;7;0;2;1;2;1
202100052747;107 444;7;0;1;1;1;1
202100052748;107 441;7;0;2;3;1;1
202100052748;107 442;7;0;2;3;1;1
202100052748;107 443;7;0;2;3;0;1
202100052749;107 437;7;0;2;1;1;1
202100052749;107 438;7;0;2;1;1;1
202100052749;107 439;10;0;2;1;1;1
202100052749;107 440;7;0;2;1;13;1
202100052750;107 436;7;6;0;1;1;1
202100052751;107 435;7;0;0;1;14;1
202100052752;107 434;7;0;1;2;15;1
202100052753;107 432;30;0;2;3;15;1
202100052753;107 433;7;0;2;1;1;1
202100052754;107 430;7;0;2;1;13;1
202100052754;107 431;10;0;2;1;1;1
202100052755;107 428;7;0;2;0;0;1
202100052755;107 429;30;0;2;0;0;1
202100052756;107 426;7;0;2;3;9;1
202100052756;107 427;7;0;2;2;1;1
202100052757;107 424;7;0;2;1;1;1
202100052757;107 425;7;0;2;4;1;1
202100052758;107 423;10;0;1;1;1;1
202100052759;107 421;30;0;2;7;1;1
202100052759;107 422;7;0;2;1;15;1
202100052760;107 420;7;0;1;1;1;1
202100052761;107 417;7;0;2;3;11;0
202100052761;107 418;7;0;2;0;1;1
202100052761;107 419;99;0;2;5;1;0
202100052762;107 416;7;7;0;3;14;1
202100052763;107 414;7;0;2;3;19;1
202100052763;107 415;1;0;2;7;1;0
202100052764;107 412;7;0;2;1;2;1
202100052764;107 413;7;0;2;4;1;1
202100052765;107 411;7;0;1;1;1;1
202100052766;107 410;0;0;1;0;2;-1
202100052767;107 409;7;0;1;5;4;1
202100052768;107 406;7;1;0;1;14;1
202100052769;107 404;7;0;2;1;1;1
202100052769;107 405;7;0;2;5;19;1
202100052770;107 402;7;0;2;1;13;1
202100052770;107 403;7;0;2;1;1;1
202100052771;107 400;32;0;2;7;1;1
202100052771;107 401;80;0;2;6;1;3
202100052772;107 399;7;0;1;1;1;1
202100052773;107 398;7;13;0;1;14;1
202100052774;107 394;10;1;2;8;0;1
202100052774;107 395;7;0;2;3;13;1
202100052774;107 396;3;0;2;3;13;1
202100052774;107 397;7;1;2;8;0;1
202100052775;107 393;10;0;1;2;16;1
202100052776;107 392;7;0;1;3;1;1
202100052777;107 390;1;0;2;2;1;5
202100052777;107 391;7;0;2;1;1;1
202100052778;107 388;7;0;2;3;15;1
202100052778;107 389;33;0;2;8;1;1
202100052779;107 386;7;0;2;1;9;1
202100052779;107 387;1;0;2;2;9;6
202100052780;107 384;7;14;0;1;6;1
202100052780;107 385;7;0;2;1;1;1
202100052781;107 382;7;0;0;2;19;1
202100052781;107 383;32;0;9;1;19;1
202100052782;107 381;7;0;1;3;1;1
202100052783;107 379;10;0;0;0;1;1
202100052783;107 380;7;0;0;1;13;1
202100052784;107 377;7;0;2;4;2;1
202100052784;107 378;7;0;2;1;2;1
202100052785;107 374;7;0;2;4;2;1
202100052785;107 375;7;0;2;1;1;1
202100052785;107 376;7;0;2;4;2;1
202100052786;107 372;2;0;2;1;1;1
202100052786;107 373;7;0;2;2;1;1
202100052787;107 367;7;0;2;1;9;1
202100052787;107 368;7;0;2;3;1;1
202100052787;107 369;7;0;2;2;1;1
202100052788;107 365;10;0;0;0;0;1
202100052788;107 366;31;0;2;1;5;1
202100052789;107 363;7;0;2;2;15;1
202100052789;107 364;30;0;2;1;1;1
202100052790;107 362;32;0;1;1;1;1
202100052791;107 360;43;0;2;1;1;1
202100052791;107 361;10;0;2;4;1;1
202100052792;107 359;2;0;0;0;1;1
202100052793;107 358;7;16;0;1;19;1
202100052794;107 355;7;0;2;1;0;0
202100052794;107 356;7;0;2;1;0;0
202100052794;107 357;7;0;2;6;0;0
202100052795;107 353;7;0;2;3;16;1
202100052795;107 354;2;0;2;1;1;1
202100052796;107 352;7;0;1;1;1;1
202100052797;107 351;2;14;0;9;2;1
202100052798;107 349;30;0;2;1;19;1
202100052798;107 350;7;0;2;6;1;1
202100052799;107 347;7;0;9;8;1;1
202100052799;107 348;1;0;2;3;19;5
202100052800;107 343;7;0;2;1;11;1
202100052800;107 344;10;0;2;2;23;1
202100052800;107 345;7;0;2;4;23;1
202100052800;107 346;7;0;2;4;23;1
202100052801;107 341;33;0;2;8;1;1
202100052801;107 342;7;0;2;5;1;0
202100052802;107 339;32;0;2;1;1;1
202100052802;107 340;7;0;2;5;15;1
202100052803;107 338;7;0;1;8;1;1
202100052804;107 336;30;0;2;7;15;1
202100052804;107 337;7;0;2;2;1;1
202100052805;107 334;33;0;2;3;2;1
202100052805;107 335;1;0;2;3;15;5
202100052806;107 332;1;0;2;8;15;5
202100052806;107 333;1;0;2;7;17;5
202100052807;107 330;30;0;2;3;17;1
202100052807;107 331;7;0;2;2;16;1
202100052808;107 329;10;0;1;1;1;0
202100052809;107 328;7;1;2;2;1;1
202100052810;107 327;7;14;1;1;1;1
202100052811;107 323;1;0;2;2;1;5
202100052811;107 324;7;0;0;3;9;1
202100052812;107 321;7;0;2;2;9;1
202100052812;107 322;2;0;2;3;1;1
202100052813;107 319;32;0;2;1;1;1
202100052813;107 320;7;0;2;2;15;1
202100052814;107 317;99;0;2;1;3;3
202100052814;107 318;7;0;9;3;1;1
202100052815;107 315;7;0;2;4;23;1
202100052815;107 316;30;0;2;2;2;1
202100052816;107 314;30;14;0;1;14;1
202100052817;107 313;1;0;1;1;1;5
202100052818;107 311;2;0;2;8;1;1
202100052818;107 312;7;0;2;1;15;1
202100052819;107 310;7;0;1;1;1;1