Num_Acc;id_vehicule;catv;obs;obsm;choc;manv;motor
202100052820;107 308;7;0;0;1;1;1
202100052820;107 309;7;0;0;7;13;1
202100052821;107 307;7;2;0;2;1;1
202100052822;107 306;10;4;0;7;1;1
202100052823;107 304;7;0;2;1;1;1
202100052823;107 305;14;0;2;3;1;1
202100052824;107 303;20;6;0;1;1;1
202100052825;107 301;15;0;2;1;1;1
202100052825;107 302;7;0;2;2;19;1
202100052826;107 299;10;0;2;1;1;1
202100052826;107 300;7;0;2;7;21;1
202100052827;107 298;7;13;0;1;1;1
202100052828;107 295;21;17;0;2;14;1
202100052829;107 291;2;0;2;1;13;1
202100052829;107 292;7;0;2;1;1;1
202100052830;107 290;7;2;0;7;1;1
202100052831;107 289;14;0;0;7;2;1
202100052832;107 287;37;0;2;3;23;1
202100052832;107 288;17;0;2;3;1;1
202100052833;107 285;7;0;2;5;15;1
202100052833;107 286;2;0;2;8;1;1
202100052834;107 281;7;0;2;7;1;1
202100052834;107 282;7;0;2;1;2;1
202100052834;107 283;7;0;2;1;2;1
202100052834;107 284;15;3;0;0;1;1
202100052835;107 279;7;0;2;1;1;1
202100052835;107 280;7;0;2;8;11;1
202100052836;107 277;21;14;1;5;4;1
202100052836;107 278;17;0;1;1;23;1
202100052837;107 275;15;3;2;1;6;1
202100052837;107 276;10;0;2;8;1;1
202100052838;107 274;10;3;2;1;14;1
202100052839;107 272;7;0;2;3;1;1
202100052839;107 273;7;0;2;1;13;1
202100052840;107 270;7;0;2;3;13;1
202100052840;107 271;7;0;2;3;0;1
202100052841;107 269;2;2;0;3;2;0
202100052842;107 267;1;0;2;8;1;5
202100052842;107 268;7;0;2;8;15;1
202100052843;107 263;7;0;0;4;2;1
202100052843;107 264;7;0;2;4;2;1
202100052843;107 265;7;0;2;1;2;1
202100052843;107 266;7;0;2;4;2;0
202100052844;107 262;7;13;0;1;1;1
202100052845;107 260;14;0;2;3;15;1
202100052845;107 261;7;2;2;7;17;1
202100052846;107 255;7;0;0;7;2;1
202100052846;107 256;7;0;0;7;2;1
202100052846;107 257;7;0;0;6;2;1
202100052846;107 258;15;0;2;6;1;1
202100052846;107 259;7;0;2;9;3;1
202100052847;107 254;34;0;0;8;1;1
202100052848;107 252;17;0;2;2;2;1
202100052848;107 253;7;0;2;4;23;1
202100052849;107 249;15;0;2;2;14;1
202100052849;107 250;7;0;2;1;2;1
202100052849;107 251;34;0;2;1;2;1
202100052850;107 247;10;0;2;5;1;1
202100052850;107 248;7;0;2;3;0;3
202100052851;107 245;7;0;2;0;0;1
202100052851;107 246;31;0;2;3;1;1
202100052852;107 243;43;0;2;1;3;1
202100052852;107 244;7;0;2;4;1;1
202100052853;107 242;33;12;0;1;1;1
202100052854;107 240;7;0;2;4;2;1
202100052854;107 241;7;3;2;1;1;1
202100052855;107 239;31;0;0;8;1;1
202100052856;107 237;13;0;2;6;2;1
202100052856;107 238;7;3;2;3;2;1
202100052857;107 236;2;0;0;0;26;1
202100052858;107 234;7;0;2;1;15;1
202100052858;107 235;2;0;2;1;1;1
202100052859;107 232;7;0;2;1;1;1
202100052859;107 233;7;0;2;4;1;1
202100052860;107 230;7;0;2;1;10;1
202100052860;107 231;33;0;2;8;1;1
202100052861;107 228;15;0;2;1;2;1
202100052861;107 229;7;0;9;4;2;1
202100052862;107 227;7;0;1;1;1;1
202100052863;107 225;2;0;2;1;1;1
202100052863;107 226;7;0;2;1;15;1
202100052864;107 223;7;0;2;3;16;1
202100052864;107 224;1;0;2;1;15;5
202100052865;107 221;7;0;2;4;23;1
202100052865;107 222;10;0;2;1;2;1
202100052866;107 217;7;4;2;2;19;1
202100052866;107 218;7;0;2;1;1;1
202100052867;107 216;7;8;0;2;0;1
202100052868;107 214;1;0;2;1;1;5
202100052868;107 215;10;0;2;1;15;1
202100052869;107 212;10;0;2;1;2;1
202100052869;107 213;7;0;2;5;1;1
202100052870;107 207;7;0;2;1;1;1
202100052870;107 208;7;0;2;4;23;1
202100052870;107 209;7;0;2;4;23;1
202100052871;107 205;7;0;2;1;1;1
202100052871;107 206;7;0;2;1;1;1
202100052872;107 203;30;0;0;0;0;1
202100052873;107 201;7;0;2;1;1;1
202100052873;107 202;7;0;2;6;1;1
202100052874;107 200;7;2;0;2;13;1
202100052875;107 199;7;0;0;0;14;1
202100052876;107 198;7;0;1;7;1;1
202100052877;107 196;7;0;2;1;19;1
202100052877;107 197;1;0;2;8;1;5
202100052878;107 195;7;0;1;1;1;1
202100052879;107 194;7;0;1;1;15;1
202100052880;107 193;10;0;1;7;1;1
202100052881;107 191;7;0;2;4;2;1
202100052881;107 192;7;0;2;1;2;1
202100052882;107 190;30;14;0;1;1;3
202100052883;107 189;1;0;2;7;1;0
202100052884;107 187;7;0;2;1;1;1
202100052884;107 188;7;0;2;4;23;1
202100052885;107 186;30;0;0;8;15;1
202100052886;107 185;7;15;0;1;1;1
202100052887;107 183;7;0;2;3;1;1
202100052887;107 184;7;0;2;1;15;1
202100052888;107 182;7;0;1;7;1;1
202100052889;107 179;10;0;2;1;2;1
202100052889;107 180;7;0;0;4;2;1
202100052889;107 181;7;0;2;1;2;1
202100052890;107 177;7;0;2;8;15;1
202100052890;107 178;33;0;2;1;17;1
202100052891;107 175;7;0;2;2;15;1
202100052891;107 176;31;0;2;2;17;1
202100052892;107 174;7;0;1;1;21;1
202100052893;107 172;1;0;2;4;1;5
202100052893;107 173;7;0;2;1;1;1
202100052894;107 171;7;0;0;2;14;1
202100052895;107 170;7;0;1;1;1;1
202100052896;107 168;30;0;2;4;1;1
202100052896;107 169;30;0;2;1;1;1
202100052897;107 166;7;0;2;1;1;1
202100052897;107 167;7;0;2;8;1;1
202100052898;107 164;7;0;2;2;15;1
202100052898;107 165;7;0;2;3;1;1
202100052899;107 162;33;0;2;7;1;1
202100052899;107 163;7;0;2;6;26;1
202100052900;107 159;10;0;2;3;1;1
202100052900;107 160;7;0;2;0;0;1
202100052900;107 161;10;0;2;3;0;1
202100052901;107 158;32;14;0;3;26;1
202100052902;107 157;43;0;1;1;1;1
202100052903;107 155;7;0;2;2;2;2
202100052903;107 156;7;0;2;6;15;1
202100052904;107 153;7;8;0;2;1;0
202100052905;107 151;7;0;2;1;2;1
202100052905;107 152;7;4;2;4;2;1
202100052906;107 148;30;0;2;2;11;3
202100052906;107 149;7;0;2;2;21;3
202100052906;107 150;33;9;2;3;7;1
202100052907;107 146;7;0;2;1;1;1
202100052907;107 147;7;0;2;3;1;1
202100052908;107 145;7;0;1;2;1;1
202100052909;107 143;7;0;2;2;15;2
202100052909;107 144;50;0;2;1;1;3
202100052910;107 142;7;11;0;1;13;2
202100052911;107 140;33;0;2;1;1;1
202100052911;107 141;7;0;2;1;15;1
202100052912;107 139;7;1;0;1;15;1
202100052913;107 138;32;0;2;0;1;1
202100052914;107 136;7;0;2;8;15;1
202100052914;107 137;33;0;2;7;17;1
202100052915;107 134;7;0;2;3;22;1
202100052915;107 135;1;0;2;1;1;5
202100052916;107 133;50;8;0;1;14;3
202100052917;107 132;34;0;1;1;1;3
202100052918;107 130;7;0;2;1;19;1
202100052918;107 131;33;0;2;0;0;0
202100052919;107 128;7;0;0;0;16;1
202100052919;107 129;2;0;0;0;21;1
202100052920;107 126;7;0;2;3;9;2
202100052920;107 127;2;0;2;1;9;1
202100052921;107 124;30;0;2;1;15;1
202100052921;107 125;30;0;2;8;1;1
202100052922;107 123;10;0;1;1;26;1
202100052923;107 121;20;0;2;3;26;1
202100052923;107 122;7;0;2;3;26;1
202100052924;107 120;7;0;1;0;-1;-1
202100052925;107 118;33;0;2;2;17;1
202100052925;107 119;13;0;2;3;2;1
202100052926;107 116;7;0;2;5;1;2
202100052926;107 117;2;0;2;3;11;1
202100052927;107 114;7;0;2;3;1;1
202100052927;107 115;7;0;2;1;1;1
202100052928;107 112;7;0;9;3;1;1
202100052928;107 113;1;0;2;1;15;5
202100052929;107 110;10;0;2;3;1;1
202100052929;107 111;10;0;2;3;13;1
202100052930;107 109;7;0;0;0;1;1
202100052931;107 107;10;0;1;7;1;1
202100052932;107 105;7;0;0;4;2;1
202100052932;107 106;7;0;2;1;2;1
202100052933;107 102;7;0;0;4;1;0
202100052933;107 103;7;0;2;1;1;0
202100052933;107 104;7;0;2;1;1;1
202100052934;107 100;34;0;2;1;17;1
202100052934;107 101;7;0;2;3;9;1
202100052935;107 098;33;0;2;7;0;1
202100052935;107 099;7;0;2;1;0;1
202100052936;107 097;7;15;0;3;0;1
202100052937;107 096;7;0;1;3;0;0
202100052938;107 095;33;3;0;2;1;1
202100052939;107 094;17;0;1;2;1;1
202100052940;107 091;7;0;2;3;1;1
202100052940;107 092;7;0;2;3;1;1
202100052940;107 093;99;0;2;1;1;1
202100052941;107 090;7;0;1;0;1;6
202100052942;107 089;15;3;0;7;14;1
202100052943;107 088;7;4;0;3;26;1
202100052944;107 086;15;0;2;4;2;1
202100052944;107 087;15;0;2;1;2;1
202100052945;107 084;38;0;2;2;19;1
202100052945;107 085;10;0;2;5;21;1
202100052946;107 082;7;0;2;2;0;1
202100052946;107 083;7;0;2;3;0;1
202100052947;107 078;7;0;2;1;2;1
202100052947;107 079;7;0;2;1;2;1
202100052947;107 080;7;0;0;4;1;1
202100052947;107 081;10;0;2;4;2;1
202100052948;107 076;17;0;2;2;2;1
202100052948;107 077;7;0;0;4;2;1
202100052949;107 074;7;0;2;2;1;1
202100052949;107 075;1;0;2;6;1;5
202100052950;107 072;2;0;2;1;13;1
202100052950;107 073;38;0;2;3;1;1
202100052951;107 071;7;13;0;7;1;1
202100052952;107 067;1;0;0;4;2;5
202100052952;107 068;1;0;9;1;2;5
202100052953;107 066;7;0;0;2;1;1
202100052954;107 064;7;0;2;2;1;1
202100052954;107 065;10;0;0;2;1;1
202100052955;107 063;7;6;0;1;1;1
202100052956;107 062;10;0;1;3;1;1
202100052957;107 060;7;0;2;9;1;1
202100052957;107 061;17;0;2;1;0;1
202100052958;107 059;7;2;0;1;1;1
202100052959;107 057;7;0;2;1;1;1
202100052959;107 058;7;7;2;6;15;1
202100052960;107 053;14;0;0;6;1;1
202100052960;107 054;10;0;2;2;17;1
202100052961;107 051;7;0;2;3;18;0
202100052961;107 052;7;0;2;5;1;1
202100052962;107 049;7;0;2;1;2;1
202100052962;107 050;7;0;2;4;2;1
202100052963;107 047;17;0;2;2;12;1
202100052963;107 048;7;0;2;4;1;1
202100052964;107 046;7;0;0;9;1;1
202100052965;107 044;30;0;2;8;1;1
202100052965;107 045;7;0;2;3;13;1
202100052966;107 041;1;0;2;8;19;5
202100052966;107 042;7;0;2;1;2;1
202100052966;107 043;7;0;0;0;0;1
202100052967;107 040;2;0;2;4;15;1
202100052968;107 038;7;0;2;6;2;1
202100052968;107 039;10;0;2;1;2;1
202100052969;107 034;7;0;2;5;15;1
202100052969;107 035;1;0;2;1;1;6
202100052970;107 032;3;0;2;0;0;1
202100052970;107 033;7;8;2;8;1;1
202100052971;107 030;7;6;1;1;26;1
202100052971;107 031;7;0;2;7;15;1
202100052972;107 028;7;0;2;4;23;1
202100052972;107 029;10;0;2;1;1;1
202100052973;107 027;37;0;1;1;1;1
202100052974;107 025;7;0;2;1;1;1
202100052974;107 026;7;0;2;8;1;1
202100052975;107 023;30;0;2;1;1;1
202100052975;107 024;7;0;2;1;15;1
202100052976;107 022;7;0;1;2;26;1
202100052977;107 021;7;0;1;1;1;1
202100052978;107 019;7;0;2;2;17;1
202100052978;107 020;7;0;2;3;15;1
202100052979;107 018;30;0;1;1;14;1
202100052980;107 017;7;0;1;1;1;1
202100052981;107 015;10;0;2;7;1;1
202100052981;107 016;7;0;2;3;15;1
202100052982;107 011;7;0;2;0;0;1
202100052982;107 012;7;0;2;0;1;1
202100052982;107 013;7;0;2;4;1;1
202100052982;107 014;7;0;2;9;26;1
202100052983;107 009;34;0;2;1;1;1
202100052983;107 010;7;0;2;6;26;1
202100052984;107 008;7;0;1;5;1;1
202100052985;107 007;7;0;1;1;1;1
202100052986;107 005;2;0;2;3;1;1
202100052986;107 006;7;0;2;5;23;1
202100052987;107 003;7;0;2;1;2;1
202100052987;107 004;99;0;2;4;23;1
202100052988;107 001;30;0;2;8;1;1
202100052988;107 002;30;0;2;1;1;3
202100052989;107 000;50;0;1;8;1;3
202100052990;106 999;1;0;2;4;1;5
202100052991;106 998;30;0;1;3;17;1
202100052992;106 997;10;0;1;2;16;1
202100052993;106 995;10;0;2;0;26;0
202100052993;106 996;2;0;2;6;0;1
202100052994;106 993;32;0;2;0;15;1
202100052994;106 994;37;0;2;8;15;1
202100052995;106 991;7;16;2;6;9;1
202100052995;106 992;7;0;2;1;1;1
202100052996;106 989;7;0;2;0;0;0
202100052996;106 990;7;0;2;1;26;0
202100052997;106 987;30;0;2;1;5;1
202100052997;106 988;7;0;2;3;10;1
202100052998;106 985;7;0;0;3;1;1
202100052998;106 986;7;0;0;3;1;1
202100052999;106 984;7;0;1;1;1;1
202100053000;106 983;7;13;0;2;14;1
202100053001;106 981;7;0;2;1;0;1
202100053001;106 982;7;0;2;8;0;1
202100053002;106 977;7;0;2;1;13;1
202100053002;106 978;7;0;0;8;1;1
202100053002;106 979;7;0;0;3;1;1
202100053002;106 980;7;14;0;1;1;1
202100053003;106 976;7;0;1;6;4;1
202100053004;106 975;7;13;0;9;1;1
202100053005;106 973;7;0;2;1;1;1
202100053005;106 974;7;0;2;2;26;1
202100053006;106 972;33;15;0;7;1;1
202100053007;106 970;7;0;2;1;2;1
202100053007;106 971;7;0;2;6;1;1
202100053008;106 968;7;0;2;1;13;1
202100053008;106 969;7;0;2;1;1;1
202100053009;106 967;7;6;0;0;1;0
202100053010;106 963;7;0;2;1;1;1
202100053010;106 964;7;0;2;8;19;1
202100053011;106 962;31;0;0;0;21;1
202100053012;106 961;7;4;0;8;9;1
202100053013;106 959;7;0;2;1;1;1
202100053013;106 960;7;0;2;1;17;1
202100053014;106 958;7;7;0;1;14;1
202100053015;106 957;7;6;0;3;1;1
202100053016;106 955;7;0;2;3;1;1
202100053016;106 956;7;0;2;3;1;1
202100053017;106 952;10;0;2;1;2;1
202100053017;106 953;7;0;2;4;2;1
202100053017;106 954;7;0;2;4;2;1
202100053018;106 950;7;0;2;2;1;2
202100053018;106 951;2;0;2;3;2;1
202100053019;106 949;7;6;0;4;0;1
202100053020;106 948;2;8;0;2;9;1
202100053021;106 947;7;13;0;2;0;1
202100053022;106 946;7;8;0;1;1;1
202100053023;106 945;7;13;0;1;15;1
202100053024;106 943;2;0;2;1;1;1
202100053024;106 944;7;0;2;7;19;1
202100053025;106 941;7;0;2;1;1;1
202100053025;106 942;7;0;2;3;26;1
202100053026;106 939;7;0;2;4;1;1
202100053026;106 940;7;0;2;1;2;1
202100053027;106 937;7;0;2;3;12;1
202100053027;106 938;7;0;2;4;1;1
202100053028;106 935;7;0;2;4;2;1
202100053028;106 936;7;0;2;1;2;1
202100053029;106 934;7;16;0;9;13;1
202100053030;106 932;7;0;2;2;2;0
202100053030;106 933;7;4;2;6;1;1
202100053031;106 931;7;4;0;1;18;1
202100053032;106 927;7;0;2;3;1;1
202100053032;106 928;7;0;2;9;21;1
202100053032;106 929;7;0;2;6;1;1
202100053032;106 930;7;0;2;3;5;1
202100053033;106 925;7;0;2;1;2;1
202100053033;106 926;7;0;2;4;2;1
202100053034;106 924;7;4;0;1;14;1
202100053035;106 922;7;0;2;4;2;1
202100053035;106 923;7;0;2;1;1;1
202100053036;106 921;7;3;0;1;1;1
202100053037;106 919;7;0;0;5;1;1
202100053037;106 920;33;0;0;0;0;1
202100053038;106 917;7;0;2;4;1;1
202100053038;106 918;7;0;2;9;1;1
202100053039;106 916;33;0;0;9;1;1
202100053040;106 914;7;0;2;3;13;1
202100053040;106 915;7;0;2;2;1;1
202100053041;106 912;1;0;2;4;1;5
202100053041;106 913;7;0;2;2;1;1
202100053042;106 910;33;0;2;1;3;1
202100053042;106 911;7;0;2;3;9;1
202100053043;106 908;7;0;2;5;23;1
202100053043;106 909;1;0;2;1;1;5
202100053044;106 906;7;0;2;5;1;1
202100053044;106 907;7;0;2;1;1;1
202100053045;106 904;10;0;2;3;1;1
202100053045;106 905;33;0;2;0;16;1
202100053046;106 902;7;0;2;1;15;1
202100053046;106 903;2;0;2;1;26;3
202100053047;106 900;7;0;2;1;2;1
202100053047;106 901;7;0;0;4;2;1
202100053048;106 899;33;12;0;3;1;1
202100053049;106 898;7;1;0;1;1;1
202100053050;106 897;7;8;0;1;15;1
202100053051;106 896;10;0;1;6;26;0
202100053052;106 894;50;0;2;1;25;3
202100053052;106 895;7;0;2;1;16;1
202100053053;106 892;2;0;2;1;1;1
202100053053;106 893;7;0;0;4;2;1
202100053054;106 890;80;0;2;1;1;3
202100053054;106 891;7;0;2;3;1;1
202100053055;106 888;1;0;2;4;1;5
202100053055;106 889;10;0;2;1;9;1
202100053056;106 886;7;0;2;6;15;2
202100053056;106 887;33;0;2;1;17;1
202100053057;106 884;30;0;2;4;1;1
202100053057;106 885;7;14;0;1;9;1
202100053058;106 883;7;13;0;1;13;1
202100053059;106 882;7;13;0;1;14;1
202100053060;106 881;2;14;0;1;1;1
202100053061;106 879;7;0;2;8;1;1
202100053061;106 880;7;0;2;3;1;1
202100053062;106 877;30;0;2;1;9;1
202100053062;106 878;7;0;2;2;1;1
202100053063;106 873;7;0;2;9;1;1
202100053063;106 874;7;0;2;3;15;1
202100053063;106 875;7;0;2;7;1;1
202100053063;106 876;7;0;2;1;1;1
202100053064;106 869;1;0;2;1;2;5
202100053064;106 870;14;0;2;0;1;1
202100053065;106 868;7;7;0;7;1;1
202100053066;106 867;7;0;1;2;1;1
202100053067;106 864;7;0;2;1;0;0
202100053067;106 865;7;0;2;3;0;0
202100053067;106 866;7;0;2;1;19;0
202100053068;106 863;7;0;1;3;1;1
202100053069;106 862;7;0;1;1;19;1
202100053070;106 860;7;9;2;7;2;1
202100053070;106 861;7;9;2;1;13;1
202100053071;106 859;7;8;0;1;1;1
202100053072;106 857;7;0;2;3;10;1
202100053072;106 858;2;0;2;1;2;1
202100053073;106 855;2;0;2;8;2;1
202100053073;106 856;7;0;2;7;12;1
202100053074;106 854;32;0;0;3;11;1
202100053075;106 853;32;0;2;1;1;1
202100053076;106 851;13;0;2;2;12;1
202100053076;106 852;7;0;2;3;1;1
202100053077;106 850;7;1;0;2;14;1
202100053078;106 848;7;0;2;1;1;1
202100053078;106 849;30;0;2;1;15;1
202100053079;106 847;7;0;1;7;16;1
202100053080;106 845;31;0;2;0;1;1
202100053080;106 846;7;0;2;0;9;0
202100053081;106 844;30;0;1;3;1;1
202100053082;106 843;1;0;1;0;1;5
202100053083;106 842;32;12;0;1;13;1
202100053084;106 840;7;0;2;7;13;1
202100053084;106 841;33;0;2;7;17;1
202100053085;106 838;30;0;2;3;1;1
202100053085;106 839;7;0;2;3;15;2
202100053086;106 837;7;0;1;1;1;1
202100053087;106 835;2;0;0;0;0;1
202100053087;106 836;7;0;2;1;2;0
202100053088;106 833;7;0;2;8;15;1
202100053088;106 834;7;0;2;1;1;1
202100053089;106 832;7;0;1;3;18;0
202100053090;106 831;1;12;0;1;1;5
202100053091;106 830;7;8;0;1;18;1
202100053092;106 829;7;3;0;1;1;1
202100053093;106 826;7;1;0;9;23;1
202100053093;106 827;7;1;0;1;16;1
202100053093;106 828;7;0;2;6;23;1
202100053094;106 825;7;1;1;4;4;1
202100053095;106 824;32;14;0;3;13;1
202100053096;106 823;32;0;0;1;26;1
202100053097;106 821;7;0;2;5;16;1
202100053097;106 822;7;0;2;0;9;0
202100053098;106 820;7;0;1;7;1;1
202100053099;106 818;30;0;2;1;14;1
202100053099;106 819;7;1;2;3;17;1
202100053100;106 816;7;0;2;6;15;1
202100053100;106 817;31;0;2;1;1;1
202100053101;106 814;2;0;2;8;15;1
202100053101;106 815;7;0;2;7;15;1
202100053102;106 813;7;0;1;1;1;1
202100053103;106 812;33;3;0;0;1;1
202100053104;106 810;7;0;2;1;1;1
202100053104;106 811;7;0;2;1;13;1
202100053105;106 808;7;0;2;3;1;1
202100053105;106 809;7;0;2;2;5;1
202100053106;106 806;7;0;1;2;1;1
202100053106;106 807;15;0;1;2;1;1
202100053107;106 805;31;8;0;1;1;1
202100053108;106 802;33;0;2;1;13;1
202100053108;106 803;7;0;2;6;1;1
202100053108;106 804;7;0;2;8;1;1
202100053109;106 801;7;13;0;2;13;1
202100053110;106 799;7;0;2;1;15;1
202100053110;106 800;7;0;2;6;19;1
202100053111;106 797;7;0;2;1;1;1
202100053111;106 798;10;0;2;1;1;1
202100053112;106 796;7;13;0;1;1;1
202100053113;106 795;10;8;0;0;0;1
202100053114;106 793;7;0;2;8;15;1
202100053114;106 794;7;0;2;1;17;6
202100053115;106 792;7;2;0;2;1;1
202100053116;106 789;7;0;2;3;13;1
202100053116;106 790;7;0;2;3;1;1
202100053116;106 791;7;0;2;7;1;1
202100053117;106 788;7;13;0;3;13;1
202100053118;106 787;2;14;9;1;1;1
202100053119;106 786;7;0;0;1;1;1
202100053120;106 784;2;0;2;1;5;1
202100053120;106 785;7;0;2;2;1;1
202100053121;106 782;7;0;0;8;1;1
202100053121;106 783;34;0;2;7;17;1
202100053122;106 781;7;3;0;8;1;1
202100053123;106 780;33;0;0;0;0;1
202100053124;106 778;32;0;2;7;17;1
202100053124;106 779;1;0;2;8;1;1
202100053125;106 777;7;2;0;1;0;1
202100053126;106 776;7;6;0;2;14;1
202100053127;106 774;7;0;9;1;19;1
202100053127;106 775;1;0;2;7;19;5
202100053128;106 773;10;0;1;4;4;1
202100053129;106 772;7;13;0;2;14;1
202100053130;106 770;10;1;0;6;1;1
202100053131;106 769;7;2;0;1;21;1
202100053132;106 768;33;0;0;8;16;1
202100053133;106 767;2;0;0;0;0;1
202100053134;106 765;7;16;2;8;1;1
202100053134;106 766;7;0;2;8;17;1
202100053135;106 763;7;0;0;1;1;1
202100053135;106 764;7;0;0;1;15;1
202100053136;106 762;7;6;0;1;6;1
202100053137;106 761;36;6;0;2;0;1
202100053138;106 760;7;6;0;1;0;1
202100053139;106 757;7;3;2;4;2;1
202100053139;106 758;7;3;2;4;2;1
202100053139;106 759;7;3;2;1;2;1
202100053140;106 755;7;0;2;2;1;1
202100053140;106 756;7;0;2;6;1;1
202100053141;106 752;7;0;2;4;2;1
202100053141;106 753;7;0;2;1;2;1
202100053141;106 754;7;0;2;4;0;2
202100053142;106 751;7;2;0;2;1;1
202100053143;106 750;33;0;0;8;26;1
202100053144;106 749;7;0;0;0;1;1
202100053145;106 747;33;0;2;2;3;1
202100053145;106 748;7;0;2;3;11;1
202100053146;106 744;7;0;2;1;21;1
202100053146;106 745;7;0;2;5;2;1
202100053146;106 746;7;0;2;4;0;1
202100053147;106 743;7;0;0;9;1;1
202100053148;106 740;7;0;2;1;1;1
202100053148;106 741;10;0;2;2;1;1
202100053148;106 742;10;0;2;4;1;1
202100053149;106 737;7;0;2;6;23;1
202100053149;106 738;10;0;2;2;21;1
202100053149;106 739;7;0;2;4;0;1
202100053150;106 735;10;0;2;6;23;1
202100053150;106 736;33;1;0;1;2;1
202100053151;106 732;7;0;2;1;2;1
202100053151;106 733;7;0;2;1;2;1
202100053151;106 734;7;0;2;4;23;1
202100053152;106 730;10;0;0;0;0;1
202100053152;106 731;33;2;2;1;17;1
202100053153;106 729;7;1;1;3;13;1
202100053154;106 726;7;0;2;4;1;1
202100053154;106 727;7;0;2;4;1;1
202100053154;106 728;14;0;2;1;1;1
202100053155;106 724;7;0;2;8;15;1
202100053155;106 725;33;0;2;7;17;1
202100053156;106 722;7;0;2;8;16;1
202100053156;106 723;7;0;2;2;1;1
202100053157;106 721;7;0;1;8;2;1
202100053158;106 718;7;0;2;6;2;1
202100053158;106 719;7;0;2;4;2;1
202100053158;106 720;10;0;2;1;2;1
202100053159;106 716;7;0;2;8;1;1
202100053159;106 717;32;0;2;1;1;1
202100053160;106 714;7;0;2;3;2;1
202100053160;106 715;7;0;2;5;1;1
202100053161;106 712;7;0;0;0;14;1
202100053161;106 713;1;0;0;0;21;5
202100053162;106 710;30;0;2;1;1;1
202100053162;106 711;7;0;2;8;15;1
202100053163;106 708;32;0;2;3;0;1
202100053163;106 709;7;1;2;3;15;1
202100053164;106 706;50;0;2;2;15;3
202100053164;106 707;32;0;2;1;1;1
202100053165;106 704;7;0;2;1;1;1
202100053165;106 705;7;0;2;7;19;1
202100053166;106 702;7;0;2;2;15;1
202100053166;106 703;7;0;2;1;1;1
202100053167;106 699;37;0;9;7;1;0
202100053167;106 700;2;0;2;8;26;1
202100053168;106 696;7;0;2;1;1;1
202100053168;106 697;7;0;2;1;24;2
202100053168;106 698;7;0;2;1;15;1
202100053169;106 695;30;0;0;7;9;1
202100053170;106 694;7;4;0;9;13;1
202100053171;106 692;7;0;2;3;1;1
202100053171;106 693;7;0;2;2;1;1
202100053172;106 690;32;0;2;1;1;1
202100053172;106 691;10;0;2;7;15;1
202100053173;106 688;7;0;2;5;1;1
202100053173;106 689;7;0;2;1;1;1
202100053174;106 687;7;0;1;2;16;1
202100053175;106 684;7;0;2;1;15;1
202100053175;106 685;1;0;2;1;1;5
202100053176;106 683;7;0;1;7;11;1
202100053177;106 681;2;0;2;3;12;1
202100053177;106 682;7;0;2;5;1;1
202100053178;106 679;7;0;2;0;1;0
202100053178;106 680;1;0;2;4;15;5
202100053179;106 678;32;0;0;0;16;1
202100053180;106 677;7;0;2;1;1;1
202100053181;106 674;7;0;2;1;13;1
202100053181;106 675;7;0;2;8;1;1
202100053181;106 676;7;0;2;1;1;1
202100053182;106 673;7;0;1;1;1;1
202100053183;106 671;7;0;2;3;7;1
202100053183;106 672;37;0;2;2;1;1
202100053184;106 667;7;0;2;4;2;1
202100053184;106 668;7;0;2;1;2;1
202100053185;106 665;7;0;2;2;15;1
202100053185;106 666;7;0;2;2;1;1
202100053186;106 663;7;0;9;1;1;0
202100053186;106 664;1;0;2;7;19;5
202100053187;106 662;7;13;0;1;14;1
202100053188;106 661;40;0;1;6;1;3
202100053189;106 659;7;1;2;5;1;1
202100053189;106 660;7;0;2;2;9;1
202100053190;106 658;7;0;1;1;1;1
202100053191;106 656;50;0;2;1;5;3
202100053191;106 657;7;0;9;3;16;1
202100053192;106 654;7;0;2;2;1;1
202100053192;106 655;7;0;2;3;15;1
202100053193;106 652;7;14;0;1;9;1
202100053193;106 653;2;0;2;0;9;1
202100053194;106 651;10;0;1;1;15;1
202100053195;106 649;10;0;2;2;17;0
202100053195;106 650;10;0;2;8;15;0
202100053196;106 647;7;0;9;3;0;3
202100053196;106 648;50;0;2;7;19;3
202100053197;106 645;7;0;2;6;11;1
202100053197;106 646;32;0;2;2;2;1
202100053198;106 643;7;0;2;1;2;1
202100053198;106 644;7;0;2;4;1;1
202100053199;106 642;3;0;1;3;0;1
202100053200;106 641;7;2;0;1;1;1
202100053201;106 640;7;0;1;3;15;1
202100053202;106 639;7;5;0;5;1;1
202100053203;106 637;2;15;0;1;1;1
202100053203;106 638;7;0;2;2;15;1
202100053204;106 635;1;0;2;7;1;5
202100053204;106 636;7;0;2;8;15;1
202100053205;106 633;7;0;2;2;16;1
202100053205;106 634;7;0;2;3;7;1
202100053206;106 631;7;0;2;1;15;1
202100053206;106 632;30;0;2;4;15;1
202100053207;106 629;7;0;2;3;15;1
202100053207;106 630;7;0;2;3;1;1
202100053208;106 627;33;0;2;2;1;1
202100053208;106 628;7;0;2;3;9;2
202100053209;106 626;7;4;0;3;1;1
202100053210;106 624;7;0;2;7;1;1
202100053210;106 625;7;0;2;0;12;1
202100053211;106 623;7;0;1;1;1;1
202100053212;106 621;10;0;2;3;15;1
202100053212;106 622;32;0;2;1;1;1
202100053213;106 620;50;0;0;0;1;3
202100053214;106 619;7;0;1;1;1;1
202100053215;106 617;31;0;2;7;1;1
202100053215;106 618;10;0;2;6;15;1
202100053216;106 615;33;12;2;2;17;1
202100053216;106 616;7;0;2;3;15;1
202100053217;106 613;2;0;1;0;16;1
202100053217;106 614;31;0;1;0;15;0
202100053218;106 610;1;0;2;0;1;5
202100053218;106 611;15;0;2;5;16;1
202100053219;106 608;7;0;2;1;1;1