Num_Acc;id_vehicule;catv;obs;obsm;choc;manv;motor
202100053600;105 910;7;0;2;1;1;1
202100053600;105 911;7;0;2;1;1;1
202100053601;105 908;30;0;0;1;1;1
202100053602;105 907;30;0;0;8;1;1
202100053603;105 905;10;0;2;5;1;0
202100053603;105 906;7;0;2;1;9;1
202100053604;105 904;7;4;0;1;1;1
202100053605;105 902;7;0;1;1;26;1
202100053605;105 903;60;0;2;1;15;5
202100053606;105 899;7;0;2;1;2;1
202100053606;105 900;7;0;2;4;23;1
202100053606;105 901;10;0;2;4;1;1
202100053607;105 897;10;0;2;3;9;1
202100053607;105 898;2;0;2;2;1;1
202100053608;105 896;7;15;0;3;9;1
202100053609;105 894;7;0;2;1;9;1
202100053609;105 895;7;0;2;4;9;0
202100053610;105 892;7;0;2;1;15;1
202100053610;105 893;7;0;2;5;1;1
202100053611;105 890;7;0;2;4;26;0
202100053611;105 891;7;0;2;1;1;1
202100053612;105 888;7;0;9;1;1;1
202100053612;105 889;14;0;2;0;1;1
202100053613;105 887;7;0;1;1;15;1
202100053614;105 886;33;0;1;1;17;1
202100053615;105 885;33;0;0;0;9;1
202100053616;105 883;7;0;2;1;1;1
202100053616;105 884;7;0;2;3;16;1
202100053617;105 881;7;0;2;1;1;1
202100053617;105 882;7;0;2;3;26;1
202100053618;105 880;7;0;1;1;1;1
202100053619;105 879;7;0;1;0;0;1
202100053620;105 878;31;0;0;8;26;1
202100053621;105 876;7;9;2;2;15;1
202100053621;105 877;7;0;2;1;1;1
202100053622;105 875;30;0;0;9;1;1
202100053623;105 874;7;1;0;1;1;1
202100053624;105 872;13;0;2;2;12;1
202100053624;105 873;7;0;2;6;1;1
202100053625;105 870;31;0;2;1;2;1
202100053625;105 871;33;0;2;4;23;1
202100053626;105 869;30;0;0;1;1;1
202100053627;105 867;32;0;2;1;1;1
202100053627;105 868;10;0;2;2;9;1
202100053628;105 865;7;0;2;2;16;0
202100053628;105 866;1;0;2;8;1;5
202100053629;105 864;1;0;2;0;21;5
202100053630;105 863;1;12;0;8;12;5
202100053631;105 862;1;0;1;1;1;5
202100053632;105 861;30;0;1;1;1;1
202100053633;105 859;7;0;2;2;9;1
202100053633;105 860;33;0;2;8;1;1
202100053634;105 857;10;0;1;4;2;1
202100053634;105 858;7;0;2;1;2;1
202100053635;105 856;7;0;1;1;2;0
202100053636;105 855;33;0;0;0;26;1
202100053637;105 854;10;0;1;1;1;1
202100053638;105 852;99;0;0;0;15;0
202100053638;105 853;33;0;2;0;1;0
202100053639;105 850;13;0;2;1;23;1
202100053639;105 851;7;0;2;4;23;1
202100053640;105 848;7;0;2;2;14;1
202100053640;105 849;0;0;0;6;1;3
202100053641;105 847;3;0;1;3;26;0
202100053642;105 845;7;0;2;2;1;1
202100053642;105 846;2;0;2;1;15;1
202100053643;105 843;7;0;2;8;13;1
202100053643;105 844;7;0;2;3;13;1
202100053644;105 842;32;3;1;7;21;1
202100053645;105 840;32;0;2;1;1;0
202100053645;105 841;50;0;2;1;5;3
202100053646;105 839;7;13;0;0;9;1
202100053647;105 837;10;0;2;1;13;1
202100053647;105 838;7;0;2;1;1;1
202100053648;105 836;7;2;0;2;11;1
202100053649;105 835;7;0;0;8;1;1
202100053650;105 833;7;0;2;1;1;1
202100053650;105 834;50;0;2;2;19;3
202100053651;105 832;7;0;0;2;0;1
202100053652;105 830;7;0;2;5;15;1
202100053652;105 831;7;0;2;2;1;1
202100053653;105 829;7;8;0;1;1;1
202100053654;105 827;7;13;1;2;1;1
202100053654;105 828;7;13;0;7;1;1
202100053655;105 825;3;0;2;1;1;1
202100053655;105 826;7;0;2;1;5;1
202100053656;105 824;31;0;6;1;1;1
202100053657;105 822;7;0;2;1;1;1
202100053657;105 823;7;0;2;3;13;1
202100053658;105 821;7;6;0;9;13;1
202100053659;105 819;2;0;2;1;1;1
202100053659;105 820;7;0;2;3;15;1
202100053660;105 818;7;2;0;1;1;1
202100053661;105 816;15;0;2;1;1;1
202100053661;105 817;7;0;2;3;13;1
202100053662;105 813;7;0;2;6;13;1
202100053662;105 814;7;0;2;6;1;1
202100053662;105 815;33;0;2;3;1;1
202100053663;105 812;7;17;0;1;14;1
202100053664;105 811;7;0;1;1;1;1
202100053665;105 809;7;0;2;8;1;1
202100053665;105 810;7;0;2;1;1;1
202100053666;105 807;10;0;2;1;1;1
202100053666;105 808;10;0;2;2;0;1
202100053667;105 806;7;0;1;2;1;1
202100053668;105 804;7;0;2;1;13;1
202100053668;105 805;7;0;2;3;1;1
202100053669;105 803;17;3;0;3;1;1
202100053670;105 801;7;0;0;4;1;1
202100053670;105 802;10;0;2;1;2;1
202100053671;105 799;33;0;2;1;2;1
202100053671;105 800;7;0;0;4;2;1
202100053672;105 797;15;0;2;6;1;1
202100053672;105 798;7;0;2;2;1;1
202100053673;105 796;7;0;1;4;4;1
202100053674;105 793;7;0;9;3;1;1
202100053674;105 794;33;0;2;3;13;1
202100053674;105 795;7;0;2;3;1;1
202100053675;105 791;7;0;0;3;1;1
202100053675;105 792;7;0;0;2;13;1
202100053676;105 790;7;4;0;0;1;1
202100053677;105 789;7;15;0;1;1;1
202100053678;105 788;7;0;1;2;15;0
202100053679;105 783;7;0;2;6;1;2
202100053679;105 784;7;6;2;7;1;1
202100053679;105 785;7;0;2;5;2;1
202100053679;105 786;7;0;2;8;1;1
202100053679;105 787;7;0;0;7;2;1
202100053680;105 782;7;0;1;3;16;1
202100053681;105 781;7;0;1;3;1;1
202100053682;105 779;15;0;2;1;1;1
202100053682;105 780;10;0;2;3;9;1
202100053683;105 777;2;0;2;1;1;1
202100053683;105 778;7;0;2;3;9;1
202100053684;105 775;7;0;2;8;1;1
202100053684;105 776;15;0;2;6;13;1
202100053685;105 774;7;17;0;1;21;1
202100053686;105 772;7;0;2;3;12;0
202100053686;105 773;7;0;2;5;1;1
202100053687;105 770;33;0;2;1;3;1
202100053687;105 771;7;0;2;6;11;1
202100053688;105 767;7;0;2;6;2;1
202100053688;105 768;7;0;2;6;9;1
202100053688;105 769;7;0;2;2;1;1
202100053689;105 764;7;0;2;4;2;0
202100053689;105 765;7;0;2;4;2;1
202100053689;105 766;7;0;2;1;2;1
202100053690;105 763;7;9;0;1;21;1
202100053691;105 761;33;0;2;1;3;1
202100053691;105 762;7;0;2;4;11;1
202100053692;105 759;10;0;2;6;0;1
202100053692;105 760;33;0;2;1;3;1
202100053693;105 757;32;0;2;2;3;1
202100053693;105 758;7;0;2;6;11;1
202100053694;105 756;7;0;9;1;1;1
202100053695;105 753;7;0;2;0;2;1
202100053695;105 754;33;0;2;1;3;1
202100053695;105 755;10;0;2;6;1;1
202100053696;105 751;7;0;2;5;12;1
202100053696;105 752;33;0;2;1;3;1
202100053697;105 749;7;0;2;4;1;1
202100053697;105 750;7;0;2;1;2;1
202100053698;105 747;7;0;2;4;2;1
202100053698;105 748;37;0;2;1;9;1
202100053699;105 745;7;0;2;1;2;1
202100053699;105 746;7;0;2;4;2;1
202100053700;105 744;7;0;1;3;15;1
202100053701;105 742;7;0;2;4;2;1
202100053701;105 743;34;0;2;1;2;1
202100053702;105 740;7;1;2;8;1;1
202100053702;105 741;31;0;2;1;1;1
202100053703;105 739;7;0;1;1;19;1
202100053704;105 738;7;0;1;2;1;0
202100053705;105 737;10;9;1;2;2;1
202100053706;105 735;7;0;2;7;1;1
202100053706;105 736;7;0;2;1;1;1
202100053707;105 733;7;0;2;3;1;1
202100053707;105 734;1;0;2;1;1;5
202100053708;105 732;7;0;1;2;1;1
202100053709;105 731;7;0;1;7;26;1
202100053710;105 729;7;0;2;3;15;1
202100053710;105 730;7;2;0;8;1;1
202100053711;105 728;7;0;1;1;1;1
202100053712;105 725;10;0;2;0;17;1
202100053712;105 726;7;0;2;6;12;1
202100053713;105 723;10;0;2;3;15;1
202100053713;105 724;7;0;2;2;1;1
202100053714;105 721;7;0;2;1;1;1
202100053714;105 722;7;0;2;8;1;1
202100053715;105 719;7;0;2;8;15;1
202100053715;105 720;7;0;2;1;1;1
202100053716;105 717;7;0;2;1;1;1
202100053716;105 718;7;5;2;4;13;1
202100053717;105 715;7;0;2;0;1;0
202100053717;105 716;7;0;2;1;1;1
202100053718;105 714;7;0;1;1;16;1
202100053719;105 713;15;0;0;0;14;1
202100053720;105 711;7;0;2;1;1;1
202100053720;105 712;1;0;2;5;1;5
202100053721;105 709;33;0;2;1;1;1
202100053721;105 710;7;0;2;1;15;1
202100053722;105 708;7;8;0;1;1;1
202100053723;105 707;30;0;0;7;9;1
202100053724;105 706;7;0;1;1;26;1
202100053725;105 704;7;0;2;3;1;1
202100053725;105 705;32;0;2;3;1;1
202100053726;105 703;99;0;1;1;26;1
202100053727;105 702;7;0;1;7;19;1
202100053728;105 701;7;0;9;1;15;1
202100053729;105 700;30;2;0;1;1;1
202100053730;105 698;7;0;2;4;1;1
202100053730;105 699;7;0;2;1;2;0
202100053731;105 697;7;0;1;2;1;1
202100053732;105 695;7;0;2;6;15;1
202100053732;105 696;2;0;2;7;17;1
202100053733;105 694;7;8;0;2;1;1
202100053734;105 693;30;0;0;7;0;1
202100053735;105 692;7;0;1;8;16;1
202100053736;105 691;99;0;1;1;1;1
202100053737;105 689;1;0;2;7;26;5
202100053737;105 690;7;0;2;7;9;1
202100053738;105 687;7;0;2;2;15;1
202100053738;105 688;7;0;2;1;1;1
202100053739;105 686;7;0;0;9;26;1
202100053740;105 683;7;0;2;3;17;1
202100053740;105 684;33;0;2;1;1;1
202100053740;105 685;7;0;2;4;1;1
202100053741;105 676;7;0;2;1;13;1
202100053741;105 677;7;0;2;1;1;1
202100053742;105 674;7;0;2;0;26;1
202100053742;105 675;30;0;2;0;0;6
202100053743;105 672;7;0;2;2;10;1
202100053743;105 673;34;0;2;1;26;1
202100053744;105 671;37;0;0;0;7;1
202100053745;105 669;7;0;2;8;1;1
202100053745;105 670;10;0;2;1;1;1
202100053746;105 668;10;0;1;5;4;3
202100053747;105 666;30;0;2;7;15;1
202100053747;105 667;30;0;2;1;1;3
202100053748;105 665;7;0;1;1;16;1
202100053749;105 664;32;0;1;1;1;1
202100053750;105 662;7;0;2;1;16;1
202100053750;105 663;1;0;2;4;1;5
202100053751;105 660;1;0;2;7;1;5
202100053751;105 661;10;0;2;3;1;1
202100053752;105 658;33;0;2;1;1;1
202100053752;105 659;32;0;2;7;15;1
202100053753;105 657;2;0;1;1;1;1
202100053754;105 656;7;8;0;0;1;1
202100053755;105 654;7;0;2;7;15;1
202100053755;105 655;32;0;2;1;1;1
202100053756;105 653;37;0;1;7;26;1
202100053757;105 652;7;0;1;3;0;0
202100053758;105 650;7;0;2;1;1;1
202100053758;105 651;34;0;2;4;23;1
202100053759;105 648;7;0;2;2;16;2
202100053759;105 649;2;0;2;1;18;0
202100053760;105 646;7;0;2;1;17;0
202100053760;105 647;13;0;0;4;1;0
202100053761;105 645;7;0;1;2;1;1
202100053762;105 643;7;0;2;1;15;0
202100053762;105 644;30;0;2;8;1;0
202100053763;105 641;7;0;2;3;1;0
202100053763;105 642;7;0;2;1;15;0
202100053764;105 640;30;0;1;1;9;1
202100053765;105 638;33;0;2;2;1;1
202100053765;105 639;7;0;2;1;15;2
202100053766;105 637;15;0;1;7;1;1
202100053767;105 635;50;0;0;0;0;3
202100053767;105 636;7;0;1;1;17;1
202100053768;105 633;33;0;2;6;1;1
202100053768;105 634;7;0;2;1;2;1
202100053769;105 632;7;0;1;1;1;2
202100053770;105 631;1;0;0;0;26;5
202100053771;105 630;7;0;1;2;1;1
202100053772;105 628;7;0;1;2;15;1
202100053773;105 627;3;0;0;0;2;1
202100053774;105 625;7;0;9;2;15;1
202100053774;105 626;1;0;2;1;1;5
202100053775;105 624;7;2;0;0;1;1
202100053776;105 622;7;0;2;1;1;2
202100053776;105 623;7;0;2;1;17;1
202100053777;105 621;7;4;0;3;1;1
202100053778;105 619;7;0;2;1;1;1
202100053778;105 620;7;0;2;1;13;1
202100053779;105 618;7;8;0;1;1;1
202100053780;105 616;17;0;2;8;1;1
202100053780;105 617;10;6;2;3;13;1
202100053781;105 615;17;1;1;2;1;1
202100053782;105 613;7;1;0;7;2;1
202100053782;105 614;7;3;0;7;1;1
202100053783;105 612;7;15;9;1;21;1
202100053784;105 610;7;0;2;3;1;1
202100053784;105 611;7;0;2;3;1;1
202100053785;105 608;7;0;2;1;2;1
202100053785;105 609;7;0;2;8;2;1
202100053786;105 606;21;0;0;4;2;1
202100053786;105 607;10;0;2;1;2;1
202100053787;105 605;7;14;0;1;1;1
202100053788;105 604;7;0;1;3;1;1
202100053789;105 603;33;0;0;0;1;1
202100053790;105 599;10;0;2;1;1;1
202100053790;105 600;7;0;2;1;1;1
202100053790;105 601;31;0;2;1;17;1
202100053790;105 602;7;0;2;1;1;1
202100053791;105 598;7;2;0;1;14;1
202100053792;105 597;7;0;1;3;15;1
202100053793;105 596;7;0;1;2;20;1
202100053794;105 595;7;0;0;7;1;1
202100053795;105 594;7;0;0;2;2;1
202100053796;105 591;7;17;0;2;21;1
202100053797;105 590;15;3;0;9;6;1
202100053798;105 589;7;0;1;2;1;1
202100053799;105 588;7;0;1;1;1;1
202100053800;105 586;7;0;2;2;1;1
202100053800;105 587;7;0;2;1;1;1
202100053801;105 584;7;0;2;2;17;1
202100053801;105 585;15;0;2;6;13;1
202100053802;105 581;7;0;2;1;2;1
202100053802;105 582;10;0;2;4;2;1
202100053802;105 583;7;0;2;8;9;1
202100053803;105 579;7;0;0;5;15;1
202100053803;105 580;1;0;2;2;1;5
202100053804;105 577;7;0;2;2;15;1
202100053804;105 578;2;0;2;1;1;1
202100053805;105 575;7;0;0;2;13;1
202100053805;105 576;7;0;0;2;21;1
202100053806;105 574;7;2;0;3;13;1
202100053807;105 573;7;4;0;0;1;1
202100053808;105 572;7;0;1;1;1;1
202100053809;105 570;15;0;2;8;1;1
202100053809;105 571;7;0;2;1;5;1
202100053810;105 568;31;0;2;1;1;1
202100053810;105 569;7;0;2;2;19;1
202100053811;105 566;7;0;2;3;9;1
202100053811;105 567;2;0;2;1;1;1
202100053812;105 565;7;0;1;1;15;1
202100053813;105 563;7;0;2;3;1;1
202100053813;105 564;10;0;2;3;1;1
202100053814;105 560;7;0;2;1;1;1
202100053814;105 561;7;0;2;3;1;1
202100053814;105 562;7;0;2;1;13;1
202100053815;105 559;7;3;0;1;13;1
202100053816;105 556;7;0;2;4;2;1
202100053816;105 557;7;0;2;1;2;1
202100053817;105 553;7;0;2;1;2;1
202100053817;105 554;7;0;2;4;2;1
202100053817;105 555;7;0;2;4;2;1
202100053818;105 552;33;0;0;8;1;1
202100053819;105 550;7;4;0;4;2;1
202100053819;105 551;7;0;2;1;2;1
202100053820;105 546;7;0;2;4;12;1
202100053820;105 547;10;0;2;1;2;1
202100053820;105 548;7;0;2;5;1;1
202100053820;105 549;7;0;2;1;1;1
202100053821;105 545;7;3;0;0;1;1
202100053822;105 543;30;0;2;1;1;1
202100053822;105 544;10;0;2;4;1;1
202100053823;105 541;30;0;2;1;1;1
202100053823;105 542;7;0;2;1;1;1
202100053824;105 539;7;0;2;6;2;1
202100053824;105 540;7;0;2;2;2;1
202100053825;105 537;7;0;2;1;1;1
202100053825;105 538;7;0;2;4;1;1
202100053826;105 535;7;0;2;2;16;1
202100053826;105 536;36;0;2;8;18;1
202100053827;105 533;7;0;2;1;16;1
202100053827;105 534;7;0;2;7;1;1
202100053828;105 531;7;0;2;1;16;1
202100053828;105 532;7;0;2;1;5;1
202100053829;105 530;7;3;0;3;2;1
202100053830;105 528;1;0;2;6;1;0
202100053830;105 529;7;0;1;3;15;1
202100053831;105 526;30;0;2;1;2;1
202100053831;105 527;7;0;2;6;2;1
202100053832;105 524;7;9;0;2;1;1
202100053832;105 525;7;2;0;0;0;1
202100053833;105 523;7;2;0;7;1;1
202100053834;105 522;7;0;1;2;26;1
202100053835;105 520;3;0;2;1;1;1
202100053835;105 521;3;0;2;7;1;1
202100053836;105 518;7;0;9;3;15;1
202100053836;105 519;50;0;2;1;1;3
202100053837;105 516;7;0;2;1;1;1
202100053837;105 517;7;1;2;8;9;1
202100053838;105 515;2;11;0;1;1;1
202100053839;105 513;7;0;2;2;1;1
202100053839;105 514;7;0;2;3;1;2
202100053840;105 511;7;0;2;2;2;1
202100053840;105 512;7;0;2;6;1;1
202100053841;105 509;7;0;2;1;1;1
202100053841;105 510;7;0;2;2;15;1
202100053842;105 507;33;0;2;8;1;1
202100053842;105 508;7;0;2;1;19;1
202100053843;105 506;7;0;1;3;1;1
202100053844;105 504;7;8;2;7;1;1
202100053844;105 505;7;0;2;2;15;1
202100053845;105 503;7;0;0;2;14;1
202100053846;105 501;7;13;2;8;1;1
202100053846;105 502;7;0;2;1;19;1
202100053847;105 497;33;0;2;1;1;1
202100053847;105 498;7;0;2;1;15;1
202100053848;105 495;7;0;2;2;3;1
202100053848;105 496;7;0;2;6;1;1
202100053849;105 493;7;0;2;2;1;1
202100053849;105 494;7;0;2;8;2;1
202100053850;105 489;7;0;2;0;26;1
202100053850;105 490;7;0;2;3;26;1
202100053850;105 491;34;0;2;1;13;1
202100053851;105 487;7;0;9;4;26;1
202100053851;105 488;7;0;2;1;2;1
202100053852;105 486;7;0;1;3;16;1
202100053853;105 484;33;0;2;1;3;1
202100053853;105 485;7;0;2;5;12;1
202100053854;105 482;7;0;2;1;1;2
202100053854;105 483;30;0;2;5;1;1
202100053855;105 480;7;0;2;2;15;1
202100053855;105 481;34;0;2;1;1;1
202100053856;105 479;1;0;0;0;16;5
202100053857;105 478;0;0;1;0;0;0
202100053858;105 476;2;0;2;1;26;1
202100053858;105 477;7;0;2;8;9;1
202100053859;105 474;7;0;2;1;17;1
202100053859;105 475;7;0;2;1;1;1
202100053860;105 472;7;0;2;1;1;1
202100053860;105 473;7;0;2;8;1;1
202100053861;105 470;7;0;2;5;15;1
202100053861;105 471;7;0;2;3;1;1
202100053862;105 469;7;0;1;3;15;1
202100053863;105 467;7;0;2;2;1;1
202100053863;105 468;7;0;2;1;1;1
202100053864;105 465;2;0;0;0;0;0
202100053864;105 466;3;0;0;0;0;0
202100053865;105 464;32;1;0;1;1;1
202100053866;105 462;7;0;2;7;12;1
202100053866;105 463;33;0;2;8;3;1
202100053867;105 460;7;0;2;3;1;1
202100053867;105 461;7;0;2;3;1;1
202100053868;105 457;7;0;0;6;15;1
202100053868;105 458;7;0;2;4;23;1
202100053868;105 459;7;0;2;1;1;1
202100053869;105 455;7;0;2;1;1;1
202100053869;105 456;7;0;2;7;13;1
202100053870;105 454;7;0;1;1;1;1
202100053871;105 451;17;0;2;3;1;1
202100053871;105 452;10;0;2;8;13;1
202100053871;105 453;7;0;2;1;1;1
202100053872;105 449;7;0;2;3;13;1
202100053872;105 450;7;0;2;3;1;1
202100053873;105 447;13;0;2;6;2;1
202100053873;105 448;10;0;2;1;11;1
202100053874;105 446;7;0;1;1;1;1
202100053875;105 444;7;0;2;1;1;1
202100053875;105 445;7;0;2;1;11;1
202100053876;105 443;1;16;0;0;0;5
202100053877;105 442;2;0;0;8;1;1
202100053878;105 440;7;0;2;3;17;1
202100053878;105 441;7;0;2;1;15;1
202100053879;105 438;7;0;2;3;15;1
202100053879;105 439;10;0;2;2;1;1
202100053880;105 437;7;13;0;1;1;1
202100053881;105 435;7;0;0;7;1;1
202100053881;105 436;7;0;2;1;19;1
202100053882;105 433;7;0;2;3;15;1
202100053882;105 434;1;0;0;4;1;5
202100053883;105 431;7;0;2;6;17;1
202100053883;105 432;1;0;2;1;1;5
202100053884;105 430;7;0;0;2;1;1
202100053885;105 428;7;0;0;4;2;1
202100053885;105 429;7;0;2;1;2;1
202100053886;105 427;20;6;0;2;2;1
202100053887;105 425;7;0;2;1;1;1
202100053887;105 426;33;0;2;1;1;1
202100053888;105 422;33;0;2;1;1;1
202100053888;105 423;7;0;9;1;1;1
202100053888;105 424;7;0;2;3;1;1
202100053889;105 420;7;0;2;3;15;1
202100053889;105 421;7;0;2;1;1;1
202100053890;105 419;7;8;0;6;17;1
202100053891;105 418;7;3;0;0;0;1
202100053892;105 416;7;0;2;6;13;1
202100053892;105 417;7;0;2;2;1;1
202100053893;105 414;7;0;2;1;1;1
202100053893;105 415;33;0;0;4;1;1
202100053894;105 413;99;13;9;1;1;1
202100053895;105 412;7;13;9;1;1;1
202100053896;105 411;7;2;0;7;13;1
202100053897;105 409;7;2;2;3;1;1
202100053897;105 410;7;0;2;1;13;1
202100053898;105 407;7;0;2;1;1;1
202100053898;105 408;7;0;2;1;13;1
202100053899;105 406;7;0;1;2;1;1
202100053900;105 404;2;0;2;1;1;1
202100053900;105 405;7;0;2;1;17;1
202100053901;105 403;7;13;0;9;26;1
202100053902;105 402;7;16;0;1;1;1
202100053903;105 400;33;0;2;8;15;1
202100053903;105 401;33;0;2;1;1;1
202100053904;105 398;7;0;2;2;1;0
202100053904;105 399;7;0;2;1;9;1
202100053905;105 396;7;0;2;1;15;1
202100053905;105 397;2;0;2;1;1;1
202100053906;105 394;7;0;9;2;15;1
202100053906;105 395;1;0;2;1;1;6
202100053907;105 393;7;13;0;1;1;1
202100053908;105 389;7;0;2;3;1;1
202100053908;105 390;7;0;2;3;13;1
202100053909;105 386;7;0;2;4;1;1
202100053909;105 387;7;0;2;1;2;1
202100053909;105 388;7;0;2;2;23;1
202100053910;105 384;7;0;2;4;23;1
202100053910;105 385;7;1;0;1;1;1
202100053911;105 383;32;0;0;0;26;1
202100053912;105 381;7;0;2;4;2;1
202100053912;105 382;7;4;2;1;1;1
202100053913;105 380;7;4;0;2;26;1
202100053914;105 375;7;0;2;4;12;1
202100053914;105 376;7;0;2;2;2;1
202100053914;105 377;7;3;2;9;2;1
202100053914;105 378;7;0;2;0;0;1
202100053914;105 379;7;0;2;1;2;1
202100053915;105 373;7;0;2;5;2;1
202100053915;105 374;7;0;2;1;9;1
202100053916;105 372;7;4;0;1;1;1
202100053917;105 370;7;3;2;1;1;1
202100053917;105 371;10;3;2;1;21;1
202100053918;105 368;2;0;2;1;1;1
202100053918;105 369;32;0;2;4;1;1
202100053919;105 366;7;0;2;1;9;1
202100053919;105 367;7;16;0;4;2;1
202100053920;105 364;10;0;2;1;1;1
202100053920;105 365;7;0;2;7;1;1
202100053921;105 363;33;0;0;0;26;1
202100053922;105 361;7;0;2;3;15;1
202100053922;105 362;37;0;2;2;1;2
202100053923;105 358;7;0;2;1;12;1
202100053923;105 359;7;0;2;4;23;1
202100053923;105 360;7;0;2;4;23;1
202100053924;105 357;7;9;0;3;13;1
202100053925;105 356;7;4;0;0;14;1
202100053926;105 355;7;0;1;2;1;1
202100053927;105 353;7;0;2;2;1;1
202100053927;105 354;7;0;2;8;9;1
202100053928;105 351;7;0;2;2;15;1
202100053928;105 352;7;0;2;1;1;1
202100053929;105 349;7;0;2;1;0;1
202100053929;105 350;7;0;2;2;1;1
202100053930;105 347;7;0;2;3;1;1
202100053930;105 348;10;0;2;3;15;1
202100053931;105 346;7;0;1;1;1;1
202100053932;105 345;10;0;1;1;1;1
202100053933;105 343;7;0;2;1;1;1
202100053933;105 344;7;0;2;1;5;1
202100053934;105 342;7;0;1;1;1;1
202100053935;105 340;7;0;2;1;1;1
202100053935;105 341;7;0;2;8;1;1
202100053936;105 339;7;0;1;4;26;1
202100053937;105 338;2;0;1;1;2;1
202100053938;105 336;7;0;2;2;19;1
202100053938;105 337;7;0;2;3;1;1
202100053939;105 334;7;0;2;2;13;0
202100053939;105 335;31;0;2;8;15;1
202100053940;105 333;7;0;1;0;1;1
202100053941;105 331;7;0;2;1;1;1
202100053941;105 332;1;0;2;8;1;5
202100053942;105 329;7;0;2;1;1;1
202100053942;105 330;1;0;2;8;19;5
202100053943;105 328;7;0;1;4;4;1
202100053944;105 327;7;0;1;3;17;1
202100053945;105 325;7;0;0;4;26;1
202100053945;105 326;14;0;2;1;26;1
202100053946;105 323;7;0;2;2;1;1
202100053946;105 324;7;0;2;3;9;1
202100053947;105 321;30;0;2;1;1;1
202100053947;105 322;7;0;2;7;15;1
202100053948;105 320;3;0;1;0;26;0
202100053949;105 318;7;0;2;3;1;1
202100053949;105 319;7;0;2;1;9;1
202100053950;105 316;7;0;2;1;7;1
202100053950;105 317;10;0;2;7;15;1
202100053951;105 315;7;0;0;9;1;1
202100053952;105 313;7;0;2;1;9;1
202100053952;105 314;7;15;2;5;1;1
202100053953;105 312;7;0;1;2;15;1
202100053954;105 309;7;0;2;6;23;1
202100053954;105 310;7;0;2;5;23;1
202100053954;105 311;32;0;2;1;3;1
202100053955;105 308;10;0;1;1;15;1
202100053956;105 306;43;0;2;3;15;1
202100053956;105 307;43;0;2;1;17;1
202100053957;105 305;7;0;1;6;4;1
202100053958;105 303;30;0;2;5;1;3
202100053958;105 304;30;0;2;1;16;1
202100053959;105 301;33;0;2;1;1;1
202100053959;105 302;7;0;2;2;15;1
202100053960;105 299;1;0;2;1;17;5
202100053960;105 300;7;0;2;8;10;1
202100053961;105 298;32;0;0;0;0;1
202100053962;105 296;7;0;2;4;1;1
202100053962;105 297;7;0;2;1;1;1
202100053963;105 294;2;0;2;1;1;1
202100053963;105 295;7;0;2;2;15;1
202100053964;105 293;10;0;1;2;16;1
202100053965;105 292;30;0;1;0;1;0
202100053966;105 290;7;0;2;1;1;1
202100053966;105 291;7;0;2;3;1;1
202100053967;105 288;30;0;2;2;1;1
202100053967;105 289;7;0;2;3;11;1
202100053968;105 286;32;0;2;1;1;1
202100053968;105 287;7;0;2;3;1;1
202100053969;105 284;7;0;2;1;9;0
202100053969;105 285;7;0;2;1;1;1
202100053970;105 281;7;0;2;1;26;0
202100053970;105 282;7;0;2;3;23;0
202100053970;105 283;7;0;2;4;0;1
202100053971;105 279;7;1;0;6;23;1
202100053971;105 280;10;0;2;1;1;1
202100053972;105 277;7;12;0;2;0;1
202100053972;105 278;7;0;2;4;1;1
202100053973;105 274;7;0;2;1;26;1
202100053973;105 275;7;0;2;1;1;1
202100053973;105 276;7;0;2;7;1;1
202100053974;105 271;7;0;2;1;1;1
202100053974;105 272;7;0;2;4;23;1
202100053974;105 273;7;0;2;4;23;0
202100053975;105 269;32;0;2;9;1;1
202100053975;105 270;7;0;2;7;19;0
202100053976;105 268;7;0;1;1;26;1
202100053977;105 267;99;15;0;9;14;1
202100053978;105 265;7;8;2;1;1;0
202100053978;105 266;7;0;0;2;9;0
202100053979;105 263;7;0;2;2;1;1
202100053979;105 264;10;0;2;3;9;0
202100053980;105 262;30;0;0;0;1;1
202100053981;105 260;37;0;2;2;1;0
202100053981;105 261;1;0;2;1;16;0
202100053982;105 256;7;0;2;2;1;1
202100053982;105 257;7;3;0;3;1;1
202100053982;105 258;7;1;0;6;23;1
202100053983;105 255;10;4;0;3;2;1
202100053984;105 253;7;0;1;3;1;2
202100053985;105 252;2;0;0;7;1;1
202100053986;105 250;7;0;2;1;1;1
202100053986;105 251;10;0;2;2;13;1
202100053987;105 249;3;6;0;8;13;1
202100053988;105 247;1;0;2;1;15;5
202100053988;105 248;7;0;2;3;1;1
202100053989;105 246;10;0;0;2;0;1
202100053990;105 244;7;0;2;2;2;1
202100053990;105 245;1;0;2;4;2;5
202100053991;105 243;7;2;0;7;0;1
202100053992;105 242;33;13;0;1;1;1
202100053993;105 241;7;0;0;9;1;1
202100053994;105 238;7;0;2;3;15;1
202100053994;105 239;33;0;2;8;1;1
202100053995;105 235;7;0;0;0;0;1
202100053996;105 234;7;0;1;0;1;0
202100053997;105 232;33;0;2;7;13;1
202100053997;105 233;10;0;9;1;21;1
202100053998;105 228;7;0;2;3;15;1
202100053998;105 229;33;0;2;1;17;1
202100053999;105 226;7;0;2;3;13;1
202100053999;105 227;7;0;2;3;21;1
202100054000;105 225;7;2;0;9;1;1
202100054001;105 223;33;0;2;3;1;0
202100054001;105 224;7;0;2;3;1;0
202100054002;105 221;34;0;2;1;1;1
202100054002;105 222;7;0;2;3;17;1
202100054003;105 220;7;0;0;2;26;1
202100054004;105 219;2;9;0;1;1;1
202100054005;105 218;20;0;1;2;16;1
202100054006;105 216;7;0;1;2;1;2
202100054007;105 213;7;0;2;1;5;1
202100054007;105 214;7;0;2;3;23;1
202100054007;105 215;7;0;2;3;1;1