Num_Acc;id_vehicule;catv;obs;obsm;choc;manv;motor
202100054405;104 514;7;0;2;4;1;1
202100054406;104 506;7;0;2;8;1;1
202100054406;104 507;7;0;2;4;2;1
202100054406;104 508;7;0;2;1;2;1
202100054406;104 509;7;0;2;1;1;1
202100054406;104 510;33;0;2;7;3;1
202100054407;104 504;34;0;2;1;1;1
202100054407;104 505;17;0;2;4;1;1
202100054408;104 502;7;0;2;5;0;1
202100054408;104 503;33;0;2;1;1;1
202100054409;104 499;10;0;2;1;1;1
202100054409;104 500;7;0;2;1;1;1
202100054409;104 501;7;0;2;4;23;1
202100054410;104 497;10;0;2;1;1;1
202100054410;104 498;7;1;2;4;26;1
202100054411;104 495;7;0;2;6;2;1
202100054411;104 496;10;0;2;1;2;1
202100054412;104 494;10;9;0;1;15;1
202100054413;104 492;2;0;2;1;0;1
202100054413;104 493;7;0;2;2;15;1
202100054414;104 490;7;0;2;1;1;1
202100054414;104 491;7;0;2;3;1;1
202100054415;104 489;7;0;1;1;26;0
202100054416;104 487;7;0;2;1;2;1
202100054416;104 488;7;0;2;4;2;1
202100054417;104 486;7;0;1;1;4;1
202100054418;104 482;7;0;2;0;1;1
202100054418;104 483;7;0;2;1;5;1
202100054418;104 484;7;0;2;8;1;1
202100054418;104 485;7;0;2;0;1;1
202100054419;104 480;30;0;2;1;19;1
202100054419;104 481;7;0;2;2;0;1
202100054420;104 478;7;0;2;1;13;1
202100054420;104 479;7;0;2;1;1;1
202100054421;104 476;7;0;2;1;1;1
202100054421;104 477;7;0;2;2;17;1
202100054422;104 474;7;0;2;1;1;1
202100054422;104 475;33;0;2;7;0;1
202100054423;104 473;7;0;1;1;1;1
202100054424;104 471;7;0;2;4;2;1
202100054424;104 472;7;0;2;1;2;1
202100054425;104 470;7;0;1;2;1;1
202100054426;104 468;7;0;2;8;15;1
202100054426;104 469;33;0;2;2;1;1
202100054427;104 466;30;0;2;1;13;1
202100054427;104 467;7;0;2;1;1;1
202100054428;104 465;7;0;1;2;26;1
202100054429;104 463;15;0;2;3;21;1
202100054429;104 464;7;0;2;3;13;1
202100054430;104 462;10;0;1;3;1;1
202100054431;104 461;1;0;1;1;16;5
202100054432;104 459;7;0;2;3;1;1
202100054432;104 460;7;0;2;2;15;1
202100054433;104 457;7;0;2;2;1;1
202100054433;104 458;7;0;2;1;1;1
202100054434;104 456;7;2;0;1;13;1
202100054435;104 455;10;0;1;0;1;1
202100054436;104 454;7;0;1;3;11;1
202100054437;104 453;40;0;1;1;1;5
202100054438;104 451;30;0;2;8;15;1
202100054438;104 452;7;0;2;1;1;1
202100054439;104 450;7;0;1;0;16;1
202100054440;104 449;7;0;1;2;1;1
202100054441;104 448;7;0;1;1;15;1
202100054442;104 446;7;0;2;3;1;1
202100054442;104 447;1;0;2;1;1;5
202100054443;104 445;7;0;1;3;1;1
202100054444;104 444;7;0;1;8;1;1
202100054445;104 443;30;0;1;1;0;0
202100054446;104 442;7;0;1;3;1;1
202100054447;104 440;7;0;2;1;13;1
202100054447;104 441;10;0;2;3;1;1
202100054448;104 438;10;0;2;1;15;1
202100054448;104 439;1;0;2;1;25;5
202100054449;104 436;2;0;2;2;3;1
202100054449;104 437;7;0;2;3;11;1
202100054450;104 433;33;0;2;9;1;1
202100054450;104 434;7;0;2;3;1;1
202100054450;104 435;7;0;2;2;1;1
202100054451;104 432;7;0;1;3;1;1
202100054452;104 430;7;0;0;1;1;1
202100054452;104 431;7;0;2;1;0;1
202100054453;104 427;7;0;2;1;1;1
202100054453;104 428;7;0;2;6;13;1
202100054453;104 429;7;0;2;1;1;1
202100054454;104 425;10;0;2;2;1;1
202100054454;104 426;1;0;2;4;15;5
202100054455;104 423;1;0;2;0;17;5
202100054455;104 424;7;0;2;3;15;1
202100054456;104 421;33;0;2;3;2;1
202100054456;104 422;7;0;2;2;15;1
202100054457;104 419;37;0;2;5;15;1
202100054457;104 420;33;0;2;1;17;1
202100054458;104 417;10;0;2;8;15;1
202100054458;104 418;34;0;2;1;1;1
202100054459;104 416;3;0;1;1;0;1
202100054460;104 415;2;12;0;1;2;1
202100054461;104 413;7;0;2;1;2;0
202100054461;104 414;2;0;2;4;1;1
202100054462;104 411;10;0;2;2;1;1
202100054462;104 412;7;0;2;6;1;1
202100054463;104 410;30;0;2;7;1;1
202100054464;104 408;31;0;0;0;0;1
202100054464;104 409;7;0;0;0;1;1
202100054465;104 406;10;0;2;3;15;1
202100054465;104 407;31;0;2;1;15;1
202100054466;104 404;7;12;2;3;13;1
202100054466;104 405;7;0;2;8;1;1
202100054467;104 403;32;0;1;1;1;1
202100054468;104 402;7;0;1;3;21;1
202100054469;104 401;34;0;1;3;3;1
202100054470;104 399;7;0;2;2;16;1
202100054470;104 400;1;0;2;2;1;5
202100054471;104 397;10;0;2;3;22;1
202100054471;104 398;80;0;2;7;17;3
202100054472;104 396;7;0;1;1;1;1
202100054473;104 394;7;0;2;2;9;1
202100054473;104 395;30;0;2;3;1;1
202100054474;104 392;7;0;2;1;1;1
202100054474;104 393;7;0;2;5;1;1
202100054475;104 391;7;1;0;1;14;1
202100054476;104 389;32;0;2;1;1;1
202100054476;104 390;7;0;2;7;16;1
202100054477;104 388;7;0;1;1;2;1
202100054478;104 386;31;0;2;7;17;1
202100054478;104 387;10;0;2;3;15;1
202100054479;104 384;7;0;2;7;1;1
202100054479;104 385;1;0;2;8;1;5
202100054480;104 383;30;0;0;0;1;1
202100054481;104 381;33;0;2;7;1;1
202100054481;104 382;7;0;2;1;9;1
202100054482;104 379;7;1;2;1;14;1
202100054482;104 380;7;0;2;3;2;1
202100054483;104 378;30;0;1;1;19;1
202100054484;104 376;7;0;2;8;15;1
202100054484;104 377;7;1;2;1;1;1
202100054485;104 375;32;0;1;1;19;1
202100054486;104 374;7;0;1;2;1;1
202100054487;104 372;10;0;2;2;16;1
202100054487;104 373;33;0;2;1;15;1
202100054488;104 370;7;0;2;3;15;1
202100054488;104 371;1;0;2;6;1;5
202100054489;104 369;10;0;1;1;1;0
202100054490;104 367;37;0;2;2;2;1
202100054490;104 368;7;0;2;4;1;1
202100054491;104 366;7;0;1;1;1;1
202100054492;104 364;30;0;2;0;1;3
202100054492;104 365;7;0;2;8;15;2
202100054493;104 363;7;0;1;5;4;1
202100054494;104 362;7;0;1;1;1;0
202100054495;104 361;1;0;1;1;1;5
202100054496;104 360;1;0;1;1;1;5
202100054497;104 359;7;0;1;6;15;1
202100054498;104 358;3;0;1;2;1;1
202100054499;104 356;33;0;2;8;1;1
202100054499;104 357;7;0;2;1;15;1
202100054500;104 354;7;0;2;3;1;1
202100054500;104 355;1;0;2;7;19;5
202100054501;104 352;32;0;2;1;2;1
202100054501;104 353;7;0;0;5;9;1
202100054502;104 350;7;0;2;3;1;1
202100054502;104 351;33;0;2;1;1;1
202100054503;104 349;17;13;0;2;1;1
202100054504;104 348;7;2;0;1;1;1
202100054505;104 346;7;0;2;2;1;1
202100054505;104 347;7;0;2;3;13;1
202100054506;104 345;7;7;0;0;13;1
202100054507;104 343;7;0;1;1;1;0
202100054507;104 344;7;0;1;3;1;0
202100054508;104 341;7;0;2;3;13;1
202100054508;104 342;7;0;2;3;1;1
202100054509;104 340;7;13;0;2;14;1
202100054510;104 338;7;0;2;3;13;1
202100054510;104 339;7;0;2;3;1;1
202100054511;104 337;7;0;1;5;1;1
202100054512;104 336;7;6;0;2;1;1
202100054513;104 334;10;0;2;2;17;1
202100054513;104 335;80;0;2;4;11;2
202100054514;104 332;7;0;2;3;1;1
202100054514;104 333;7;0;2;2;19;1
202100054515;104 330;7;0;2;2;19;1
202100054515;104 331;32;0;2;6;1;1
202100054516;104 326;7;4;2;6;1;1
202100054516;104 327;15;0;2;7;12;1
202100054517;104 324;7;0;2;1;1;1
202100054517;104 325;7;0;2;3;15;1
202100054518;104 322;7;0;2;1;2;1
202100054518;104 323;7;0;2;4;1;1
202100054519;104 321;7;0;1;2;1;1
202100054520;104 320;10;13;0;1;13;1
202100054521;104 318;20;0;2;4;1;1
202100054521;104 319;17;0;2;1;2;1
202100054522;104 317;99;0;0;3;1;1
202100054523;104 316;2;0;1;1;1;1
202100054524;104 314;7;0;2;8;1;1
202100054524;104 315;7;0;2;1;1;1
202100054525;104 312;33;0;2;2;8;1
202100054525;104 313;7;0;2;7;15;1
202100054526;104 311;7;0;1;1;1;1
202100054527;104 310;7;0;1;2;1;1
202100054528;104 306;2;0;2;1;17;1
202100054528;104 307;7;0;2;3;15;1
202100054529;104 305;13;0;1;1;1;1
202100054530;104 303;2;0;2;1;23;1
202100054530;104 304;7;0;0;5;15;1
202100054531;104 301;15;0;2;2;14;1
202100054531;104 302;7;0;2;8;1;1
202100054532;104 299;7;0;2;7;14;1
202100054532;104 300;34;0;2;3;13;1
202100054533;104 298;7;14;0;9;1;1
202100054534;104 295;10;0;2;4;2;1
202100054534;104 296;7;0;2;4;2;1
202100054534;104 297;7;0;2;1;1;1
202100054535;104 293;14;0;2;4;23;1
202100054535;104 294;14;1;0;1;1;1
202100054536;104 289;7;0;2;1;0;1
202100054536;104 290;7;0;2;4;1;1
202100054536;104 291;7;0;2;8;1;1
202100054536;104 292;15;0;2;6;1;1
202100054537;104 287;7;4;2;6;1;1
202100054537;104 288;14;0;2;2;12;1
202100054538;104 286;7;2;0;1;14;1
202100054539;104 285;10;4;0;1;15;1
202100054540;104 283;13;0;2;1;2;1
202100054540;104 284;7;0;2;4;0;1
202100054541;104 282;7;3;0;3;9;1
202100054542;104 280;7;0;2;6;12;1
202100054542;104 281;33;0;2;2;2;1
202100054543;104 278;33;0;0;0;0;1
202100054543;104 279;7;0;0;0;13;1
202100054544;104 277;32;0;2;8;1;1
202100054545;104 275;10;1;0;1;2;1
202100054545;104 276;7;0;2;4;23;1
202100054546;104 273;10;0;2;5;1;1
202100054546;104 274;43;0;2;1;3;1
202100054547;104 271;7;0;2;5;0;1
202100054547;104 272;33;0;2;3;0;1
202100054548;104 270;43;0;1;1;1;1
202100054549;104 268;7;0;9;2;14;1
202100054549;104 269;37;0;2;8;1;1
202100054550;104 266;7;0;2;4;2;1
202100054550;104 267;7;0;2;1;2;1
202100054551;104 264;32;1;0;1;2;1
202100054551;104 265;10;0;2;4;23;1
202100054552;104 262;30;0;2;1;1;1
202100054552;104 263;7;14;2;4;1;1
202100054553;104 261;10;0;1;1;19;1
202100054554;104 260;10;0;0;3;1;0
202100054555;104 257;7;0;2;1;15;1
202100054555;104 258;7;0;2;2;1;1
202100054556;104 256;7;0;1;3;1;1
202100054557;104 254;7;0;2;6;1;1
202100054557;104 255;17;0;2;2;12;1
202100054558;104 253;1;0;0;0;1;5
202100054559;104 251;7;0;2;3;1;1
202100054559;104 252;7;0;2;2;9;1
202100054560;104 250;33;0;0;7;1;1
202100054561;104 248;7;0;2;2;1;1
202100054561;104 249;7;0;2;1;11;1
202100054562;104 247;10;0;1;1;19;1
202100054563;104 245;7;0;2;3;1;1
202100054563;104 246;7;0;2;1;13;1
202100054564;104 244;7;0;1;1;1;1
202100054565;104 242;1;0;2;1;5;5
202100054565;104 243;7;0;2;3;1;1
202100054566;104 241;7;0;1;1;1;1
202100054567;104 238;10;0;2;2;2;1
202100054568;104 233;7;0;2;4;1;1
202100054568;104 234;7;0;2;4;1;1
202100054568;104 235;7;0;2;1;1;1
202100054569;104 232;7;0;1;2;1;1
202100054570;104 231;7;16;0;8;14;1
202100054571;104 230;7;0;1;4;4;1
202100054572;104 229;10;1;0;2;14;1
202100054573;104 227;31;0;2;1;1;1
202100054573;104 228;14;0;2;3;19;1
202100054574;104 225;7;0;0;2;2;1
202100054574;104 226;7;0;0;1;10;1
202100054575;104 223;7;0;2;1;1;1
202100054575;104 224;7;0;2;7;9;1
202100054576;104 221;7;0;2;2;26;1
202100054576;104 222;3;0;2;4;2;2
202100054577;104 219;7;1;2;3;1;1
202100054577;104 220;7;1;2;3;20;1
202100054578;104 218;7;0;1;1;1;1
202100054579;104 217;7;6;0;1;26;1
202100054580;104 216;7;1;0;3;0;1
202100054581;104 214;7;0;2;1;1;1
202100054581;104 215;7;12;0;8;9;1
202100054582;104 213;33;12;0;1;13;1
202100054583;104 212;7;14;0;1;13;1
202100054584;104 211;7;0;1;1;1;1
202100054585;104 210;7;0;1;2;1;1
202100054586;104 208;7;0;2;3;9;1
202100054586;104 209;1;0;2;7;1;5
202100054587;104 206;2;0;2;1;1;1
202100054587;104 207;7;0;2;3;1;1
202100054588;104 205;34;0;2;0;0;1
202100054589;104 204;7;2;0;1;21;1
202100054590;104 202;33;0;2;1;26;1
202100054590;104 203;7;0;2;4;23;-1
202100054591;104 200;10;0;2;4;1;1
202100054591;104 201;7;0;2;1;1;1
202100054592;104 198;7;0;2;8;22;1
202100054592;104 199;1;1;0;1;1;0
202100054593;104 196;7;15;2;1;13;1
202100054593;104 197;7;0;2;8;1;1
202100054594;104 194;32;0;2;3;1;1
202100054594;104 195;7;0;2;3;5;1
202100054595;104 193;7;0;1;2;16;1
202100054596;104 191;7;0;2;7;1;1
202100054596;104 192;1;0;2;8;13;0
202100054597;104 190;7;0;1;3;15;1
202100054598;104 188;7;0;2;3;15;1
202100054598;104 189;7;0;2;3;1;1
202100054599;104 187;7;0;1;0;0;0
202100054600;104 185;7;1;2;3;1;1
202100054600;104 186;7;0;2;1;13;1
202100054601;104 183;32;0;2;7;3;1
202100054601;104 184;7;0;2;6;13;1
202100054602;104 182;1;0;1;1;1;5
202100054603;104 181;7;0;1;4;4;1
202100054604;104 179;2;0;2;3;17;1
202100054604;104 180;10;0;2;8;15;1
202100054605;104 177;60;0;2;1;19;5
202100054605;104 178;7;0;2;2;15;1
202100054606;104 175;1;0;2;2;19;5
202100054606;104 176;34;0;2;3;1;1
202100054607;104 174;30;0;9;2;1;1
202100054608;104 173;7;0;1;2;1;1
202100054609;104 171;7;0;2;8;15;1
202100054609;104 172;30;0;2;2;17;1
202100054610;104 170;7;0;1;2;26;1
202100054611;104 168;7;0;0;0;15;1
202100054611;104 169;30;0;2;0;17;1
202100054612;104 167;7;0;1;1;26;0
202100054613;104 164;7;14;0;1;2;1
202100054613;104 165;7;14;0;1;23;1
202100054613;104 166;7;14;0;4;23;1
202100054614;104 162;7;0;2;7;1;1
202100054614;104 163;30;0;2;0;1;1
202100054615;104 161;1;0;0;0;1;5
202100054616;104 160;10;0;1;1;0;1
202100054617;104 158;30;0;2;1;1;1
202100054617;104 159;7;0;2;8;1;1
202100054618;104 156;7;0;2;6;1;1
202100054618;104 157;33;0;2;2;18;1
202100054619;104 155;14;0;1;5;16;1
202100054620;104 153;7;0;2;4;0;1
202100054620;104 154;7;0;2;1;26;1
202100054621;104 151;33;0;2;3;17;1
202100054621;104 152;7;0;2;8;15;1
202100054622;104 150;7;13;6;1;1;1
202100054623;104 149;7;15;9;1;1;1
202100054624;104 147;7;1;0;1;2;1
202100054624;104 148;7;0;0;4;23;1
202100054625;104 145;7;0;2;1;1;1
202100054625;104 146;7;0;2;1;1;1
202100054626;104 144;7;8;0;5;1;1
202100054627;104 142;10;0;2;3;19;1
202100054627;104 143;15;0;2;2;1;1
202100054628;104 141;36;13;0;0;1;1
202100054629;104 140;2;0;0;9;1;1
202100054630;104 138;7;0;2;6;19;1
202100054630;104 139;2;0;2;1;1;1
202100054631;104 136;33;0;2;1;1;1
202100054631;104 137;7;0;2;3;15;1
202100054632;104 135;33;0;0;7;1;1
202100054633;104 133;15;0;2;3;13;1
202100054633;104 134;7;0;2;3;1;1
202100054634;104 131;7;0;2;4;23;1
202100054634;104 132;31;0;2;1;2;1
202100054635;104 128;7;0;2;1;2;1
202100054635;104 129;10;0;2;1;1;1
202100054635;104 130;7;0;2;1;1;1
202100054636;104 127;7;0;1;1;0;0
202100054637;104 126;7;7;0;3;1;1
202100054638;104 124;7;0;2;1;15;1
202100054638;104 125;7;0;2;1;1;1
202100054639;104 123;7;1;1;2;1;1
202100054640;104 122;7;0;1;1;1;1
202100054641;104 120;7;0;2;2;2;1
202100054641;104 121;7;0;0;6;2;1
202100054642;104 119;7;16;0;2;1;1
202100054643;104 118;7;13;0;1;1;1
202100054644;104 117;31;12;0;6;1;1
202100054645;104 115;2;0;2;3;13;1
202100054645;104 116;14;0;2;3;1;1
202100054646;104 113;10;0;2;1;9;1
202100054646;104 114;50;0;2;7;1;3
202100054647;104 111;7;0;2;4;2;1
202100054647;104 112;7;3;2;2;1;1
202100054648;104 109;7;0;2;1;13;1
202100054648;104 110;7;0;2;1;1;1
202100054649;104 107;7;0;2;7;13;1
202100054649;104 108;7;0;2;1;1;1
202100054650;104 106;2;12;0;1;1;1
202100054651;104 104;7;0;2;1;17;1
202100054651;104 105;1;0;2;8;15;5
202100054652;104 102;7;0;0;4;16;1
202100054652;104 103;7;0;2;1;2;1
202100054653;104 101;10;3;0;0;14;1
202100054654;104 099;7;0;2;3;9;1
202100054654;104 100;2;0;0;7;16;1
202100054655;104 098;7;13;0;1;19;0
202100054656;104 094;7;0;2;4;2;1
202100054656;104 095;7;0;2;1;2;1
202100054656;104 096;33;0;2;1;2;1
202100054656;104 097;7;0;2;1;2;1
202100054657;104 092;7;0;2;5;11;1
202100054657;104 093;33;0;2;1;3;1
202100054658;104 091;7;3;0;1;26;1
202100054659;104 079;7;0;2;1;2;1
202100054659;104 080;7;0;2;4;2;1
202100054659;104 081;10;0;2;1;2;1
202100054659;104 082;7;0;2;1;2;1
202100054659;104 083;7;0;2;0;1;1
202100054659;104 084;7;0;2;1;1;1
202100054659;104 085;7;0;2;1;1;1
202100054659;104 086;7;0;2;1;1;1
202100054659;104 087;7;0;2;4;2;1
202100054659;104 088;7;0;2;4;2;1
202100054659;104 089;7;0;2;1;1;1
202100054659;104 090;7;0;2;1;1;1
202100054660;104 077;7;0;2;2;12;1
202100054660;104 078;7;0;2;6;12;1
202100054661;104 075;7;0;2;5;1;1
202100054661;104 076;7;0;2;3;13;1
202100054662;104 073;7;0;2;4;2;1
202100054662;104 074;33;0;2;1;2;1
202100054663;104 071;7;0;2;1;13;1
202100054663;104 072;2;0;2;1;1;1
202100054664;104 070;7;0;0;0;26;1
202100054665;104 069;7;12;0;2;14;1
202100054666;104 067;7;0;2;4;2;1
202100054666;104 068;7;0;2;1;2;1
202100054667;104 065;7;0;2;2;1;1
202100054667;104 066;1;0;2;4;2;5
202100054668;104 064;10;9;0;1;16;1
202100054669;104 062;10;0;2;1;13;1
202100054669;104 063;7;0;2;1;26;1
202100054670;104 061;7;0;1;7;1;0
202100054671;104 060;7;1;1;3;5;1
202100054672;104 058;7;0;1;3;1;1
202100054672;104 059;7;0;1;3;1;1
202100054673;104 057;10;0;1;2;1;1
202100054674;104 055;7;0;2;6;23;1
202100054674;104 056;7;0;2;1;11;1
202100054675;104 054;10;0;1;3;1;1
202100054676;104 052;7;0;2;1;1;1
202100054676;104 053;7;0;2;8;15;1
202100054677;104 049;7;0;2;6;1;1
202100054677;104 050;7;0;2;1;1;1
202100054677;104 051;7;0;2;1;16;1
202100054678;104 048;7;2;0;1;14;1
202100054679;104 046;30;0;2;1;18;1
202100054679;104 047;7;0;2;2;15;1
202100054680;104 044;7;0;2;3;15;1
202100054680;104 045;7;0;2;2;1;1
202100054681;104 042;7;0;2;2;1;1
202100054681;104 043;7;0;2;6;9;1
202100054682;104 041;7;0;1;1;1;1
202100054683;104 040;7;2;0;0;0;1
202100054684;104 039;7;0;1;2;17;1
202100054685;104 038;7;0;1;0;10;1
202100054686;104 036;2;0;2;8;1;1
202100054686;104 037;7;0;2;0;22;2
202100054687;104 034;7;0;2;1;1;1
202100054687;104 035;7;0;2;2;15;1
202100054688;104 032;2;0;2;3;1;1
202100054688;104 033;7;0;2;2;1;1
202100054689;104 031;7;0;1;1;1;1
202100054690;104 029;7;0;0;3;1;0
202100054690;104 030;30;0;2;2;17;1
202100054691;104 027;2;0;2;7;17;1
202100054691;104 028;7;0;2;3;15;2
202100054692;104 026;32;0;0;2;21;1
202100054693;104 024;7;0;2;3;5;1
202100054693;104 025;7;0;2;3;1;1
202100054694;104 023;7;0;1;1;16;1
202100054695;104 021;7;0;2;1;23;1
202100054695;104 022;7;0;2;4;23;1
202100054696;104 019;7;0;2;2;1;1
202100054696;104 020;7;0;2;1;9;1
202100054697;104 017;7;0;2;4;23;1
202100054697;104 018;7;0;2;1;1;1
202100054698;104 015;7;0;2;4;1;1
202100054698;104 016;7;0;2;1;15;1
202100054699;104 013;10;0;2;1;2;1
202100054699;104 014;10;0;2;1;2;1
202100054700;104 011;30;0;2;4;0;1
202100054700;104 012;7;0;2;1;1;1
202100054701;104 009;7;0;2;1;1;1
202100054701;104 010;50;0;2;1;1;3
202100054702;104 007;7;0;2;3;26;1
202100054702;104 008;30;0;2;2;1;1
202100054703;104 006;7;2;0;1;2;1
202100054704;104 005;33;6;0;1;14;1
202100054705;104 004;10;0;1;6;4;1
202100054706;104 003;7;3;6;1;0;1
202100054707;104 001;7;0;2;2;2;1
202100054707;104 002;1;0;2;4;2;5
202100054708;104 000;36;6;0;3;1;1
202100054709;103 998;7;3;9;3;2;1
202100054709;103 999;7;0;0;0;12;1
202100054710;103 996;7;8;0;1;1;1
202100054710;103 997;7;15;1;1;2;1
202100054711;103 995;7;15;1;1;1;1
202100054712;103 994;10;0;1;6;4;1
202100054713;103 992;7;0;2;3;1;1
202100054713;103 993;7;0;2;3;1;1
202100054714;103 990;7;0;2;3;1;1
202100054714;103 991;7;0;2;3;1;1
202100054715;103 988;7;0;2;1;1;1
202100054715;103 989;33;0;0;4;0;1
202100054716;103 987;1;0;0;0;1;2
202100054717;103 985;10;0;2;2;19;1
202100054717;103 986;7;0;2;3;2;1
202100054718;103 983;7;0;2;3;2;1
202100054718;103 984;7;0;0;5;23;1
202100054719;103 981;7;0;2;3;1;1
202100054719;103 982;7;0;2;3;13;1
202100054720;103 980;10;0;5;2;1;1
202100054721;103 978;10;0;2;1;1;1
202100054721;103 979;7;0;2;1;15;1
202100054722;103 976;2;0;0;1;26;1
202100054723;103 975;15;0;0;6;9;1
202100054724;103 973;14;0;2;3;1;1
202100054724;103 974;7;0;2;3;13;1
202100054725;103 971;7;9;0;1;1;1
202100054725;103 972;7;0;9;1;2;1
202100054726;103 969;33;0;9;1;3;1
202100054727;103 967;32;12;0;8;17;1
202100054727;103 968;7;0;0;0;1;1
202100054728;103 965;7;0;2;3;6;1
202100054728;103 966;31;0;2;1;1;1
202100054729;103 964;7;15;0;1;16;1
202100054730;103 963;7;2;0;2;13;1
202100054731;103 961;33;0;2;4;1;1
202100054731;103 962;33;0;2;1;1;1
202100054732;103 959;7;0;2;5;2;1
202100054732;103 960;33;0;2;1;2;1
202100054733;103 957;7;0;2;1;1;1
202100054733;103 958;7;0;0;4;1;1
202100054734;103 956;31;0;0;0;1;1
202100054735;103 955;7;0;1;3;1;1
202100054736;103 953;7;0;2;1;1;1
202100054736;103 954;7;0;2;1;1;1
202100054737;103 952;7;0;1;1;1;1
202100054738;103 951;7;0;1;1;2;1
202100054739;103 950;7;15;0;1;1;0
202100054740;103 949;7;3;0;1;1;1
202100054741;103 947;7;0;2;7;21;1
202100054741;103 948;10;4;0;1;1;1
202100054742;103 945;7;0;2;1;1;1
202100054742;103 946;7;0;2;7;1;1
202100054743;103 943;7;0;2;4;2;3
202100054743;103 944;7;0;2;1;2;1
202100054744;103 942;7;4;0;1;21;1
202100054745;103 941;7;4;0;1;1;1
202100054746;103 940;7;4;0;1;26;1
202100054747;103 939;7;4;0;2;21;1
202100054748;103 938;7;1;1;2;26;1
202100054749;103 936;7;0;2;1;2;1
202100054749;103 937;7;0;2;4;2;2
202100054750;103 935;7;0;1;1;2;1
202100054751;103 933;33;0;2;1;5;1
202100054751;103 934;7;0;2;2;15;1
202100054752;103 931;7;0;2;2;0;1
202100054752;103 932;7;0;2;3;1;1
202100054753;103 930;33;1;0;2;14;1
202100054754;103 928;33;0;1;1;1;1
202100054755;103 926;32;0;2;7;17;1
202100054755;103 927;30;0;2;8;1;1
202100054756;103 924;7;0;2;1;2;1
202100054756;103 925;7;0;2;4;2;1
202100054757;103 919;14;0;2;2;12;1
202100054757;103 920;1;0;2;8;1;5
202100054758;103 917;7;0;2;6;15;1
202100054758;103 918;7;6;2;1;26;1
202100054759;103 916;33;12;0;7;1;1
202100054760;103 915;33;0;0;0;26;1
202100054761;103 914;7;0;1;1;25;1
202100054762;103 912;7;0;2;4;1;1
202100054762;103 913;30;0;2;1;1;1
202100054763;103 911;7;1;0;3;13;1
202100054764;103 909;30;0;0;0;0;1
202100054764;103 910;7;0;2;1;15;1
202100054765;103 908;40;0;1;7;1;6
202100054766;103 907;7;9;0;1;1;1
202100054767;103 905;37;0;0;6;1;1
202100054767;103 906;1;0;2;1;1;5
202100054768;103 904;7;0;1;2;1;1
202100054769;103 902;7;0;2;1;9;1
202100054769;103 903;7;0;0;4;2;1
202100054770;103 899;7;0;2;4;23;1
202100054770;103 900;7;0;2;1;2;1
202100054770;103 901;7;0;2;4;23;1
202100054771;103 898;33;0;0;2;16;1
202100054772;103 896;7;0;2;4;1;1
202100054772;103 897;7;0;2;1;1;1
202100054773;103 889;1;0;2;1;1;5
202100054773;103 890;7;0;2;3;9;1
202100054774;103 886;31;0;0;0;1;1
202100054775;103 883;10;0;2;1;1;1
202100054775;103 884;7;0;2;4;1;1
202100054775;103 885;7;0;2;4;1;2
202100054776;103 880;7;0;2;5;1;1
202100054776;103 881;7;0;2;8;1;1
202100054776;103 882;17;0;2;2;12;1
202100054777;103 879;7;11;0;3;13;1
202100054778;103 878;2;12;0;1;13;1
202100054779;103 877;37;0;1;2;21;1
202100054780;103 876;7;0;1;7;1;2
202100054781;103 875;7;0;1;2;1;1
202100054782;103 874;1;0;1;1;1;5
202100054783;103 872;7;0;2;6;13;1
202100054783;103 873;43;0;2;2;1;1
202100054784;103 871;1;12;0;1;1;5
202100054785;103 869;30;0;2;1;1;1
202100054785;103 870;7;0;2;2;1;1
202100054786;103 868;10;11;0;3;13;1
202100054787;103 866;7;0;2;3;22;1
202100054787;103 867;1;0;2;3;1;5
202100054788;103 864;7;0;2;1;1;0
202100054788;103 865;7;0;2;4;23;1
202100054789;103 862;32;0;2;8;1;1
202100054789;103 863;7;0;2;2;9;1
202100054790;103 860;7;1;2;8;22;1
202100054790;103 861;1;1;0;0;1;5
202100054791;103 858;7;0;2;1;13;1
202100054791;103 859;7;12;2;3;21;1
202100054792;103 856;7;0;2;3;16;1
202100054792;103 857;7;0;2;3;15;1
202100054793;103 854;7;0;2;3;24;0
202100054793;103 855;31;0;2;0;0;0
202100054794;103 852;37;0;2;1;2;1
202100054794;103 853;7;0;0;4;2;1
202100054795;103 850;7;0;2;2;26;0
202100054795;103 851;7;0;2;3;15;1
202100054796;103 848;32;0;2;2;1;1
202100054796;103 849;10;0;0;1;2;0
202100054797;103 846;7;0;2;1;2;1
202100054797;103 847;7;0;2;4;1;1
202100054798;103 844;7;0;2;8;15;1
202100054798;103 845;7;0;2;1;1;1
202100054799;103 842;7;0;2;1;2;1
202100054799;103 843;7;0;2;4;23;1
202100054800;103 841;7;0;1;8;1;1
202100054801;103 838;7;0;2;1;0;1
202100054801;103 839;7;0;2;8;0;0
202100054801;103 840;7;0;2;3;13;1
202100054802;103 836;10;0;2;3;1;1
202100054802;103 837;7;13;2;3;26;1
202100054803;103 835;32;13;0;1;0;1
202100054804;103 834;7;2;0;1;13;1
202100054805;103 832;7;0;2;3;1;1
202100054805;103 833;10;0;2;1;1;1
202100054806;103 830;1;0;2;1;1;5
202100054806;103 831;7;0;9;2;15;1
202100054807;103 829;7;13;9;9;1;1
202100054808;103 827;7;0;2;1;1;1
202100054808;103 828;7;0;2;1;15;1
202100054809;103 826;7;2;0;8;14;1
202100054810;103 825;7;15;0;2;1;1
202100054811;103 824;32;0;1;0;21;1
202100054812;103 823;7;0;0;9;1;1
202100054813;103 820;10;0;0;6;1;1
202100054813;103 821;7;0;2;1;13;1
202100054813;103 822;2;0;0;1;1;1
202100054814;103 819;7;2;0;1;1;1
202100054815;103 816;7;0;2;1;2;1
202100054815;103 817;7;0;2;6;2;1
202100054815;103 818;7;0;2;1;2;1