Num_Acc;id_vehicule;catv;obs;obsm;choc;manv;motor
202100054816;103 815;7;2;0;8;2;1
202100054817;103 813;7;0;2;7;1;1
202100054817;103 814;2;0;2;1;19;1
202100054818;103 811;33;0;2;1;1;1
202100054818;103 812;7;0;2;3;15;1
202100054819;103 810;10;0;1;3;1;1
202100054820;103 808;7;0;2;7;2;1
202100054820;103 809;50;0;2;8;2;3
202100054821;103 807;10;3;0;1;14;1
202100054822;103 805;7;0;2;5;13;1
202100054822;103 806;7;0;2;1;1;1
202100054823;103 804;7;0;0;2;1;1
202100054824;103 803;7;0;1;2;1;1
202100054825;103 800;7;0;2;1;1;1
202100054825;103 801;7;0;2;7;1;1
202100054825;103 802;7;0;2;1;1;1
202100054826;103 799;31;3;0;0;21;1
202100054827;103 798;7;0;1;2;1;1
202100054828;103 795;33;0;2;1;2;1
202100054828;103 796;33;0;2;1;2;1
202100054828;103 797;7;0;2;4;1;1
202100054829;103 793;7;0;2;7;1;1
202100054829;103 794;7;0;2;1;1;1
202100054830;103 792;33;0;0;0;0;1
202100054831;103 790;7;6;2;2;19;1
202100054831;103 791;7;6;2;1;1;1
202100054832;103 789;7;2;0;3;0;1
202100054833;103 788;7;15;0;9;13;1
202100054834;103 786;7;2;0;3;13;1
202100054835;103 784;7;0;2;4;1;1
202100054835;103 785;7;0;2;1;14;2
202100054836;103 783;7;3;0;3;2;1
202100054837;103 782;7;3;0;2;26;2
202100054838;103 780;15;0;2;2;12;1
202100054838;103 781;7;0;0;8;1;1
202100054839;103 778;7;0;0;0;11;1
202100054839;103 779;33;0;0;0;3;1
202100054840;103 776;7;0;2;1;2;1
202100054840;103 777;7;0;2;4;2;0
202100054841;103 774;30;0;2;1;26;1
202100054841;103 775;7;0;2;2;1;1
202100054842;103 773;7;0;1;1;1;1
202100054843;103 772;7;0;1;1;1;1
202100054844;103 770;31;0;2;1;1;1
202100054844;103 771;7;0;2;2;15;1
202100054845;103 768;10;0;2;2;1;1
202100054845;103 769;7;0;2;8;10;1
202100054846;103 766;30;0;2;8;17;1
202100054846;103 767;7;0;2;1;15;1
202100054847;103 764;7;0;2;0;0;1
202100054847;103 765;50;0;2;8;1;3
202100054848;103 763;7;0;1;1;1;1
202100054849;103 762;7;1;0;6;14;1
202100054850;103 760;7;0;0;4;23;1
202100054850;103 761;33;0;2;1;1;1
202100054851;103 757;10;0;2;2;1;1
202100054851;103 758;7;0;2;4;1;1
202100054851;103 759;7;0;2;4;1;1
202100054852;103 755;40;0;2;1;1;3
202100054852;103 756;7;0;4;7;1;1
202100054853;103 753;32;0;2;7;1;1
202100054853;103 754;7;0;2;1;1;1
202100054854;103 752;7;0;0;9;1;1
202100054855;103 750;7;0;2;8;26;1
202100054855;103 751;2;0;2;1;1;1
202100054856;103 749;7;0;1;2;16;1
202100054857;103 748;7;8;0;2;1;1
202100054858;103 746;7;0;2;2;15;1
202100054858;103 747;7;0;2;2;15;1
202100054859;103 744;32;0;2;1;1;1
202100054859;103 745;7;0;2;3;15;1
202100054860;103 743;37;0;0;6;9;1
202100054861;103 741;7;0;2;3;15;1
202100054861;103 742;30;0;2;1;1;1
202100054862;103 739;33;0;2;1;1;1
202100054862;103 740;7;0;2;3;23;1
202100054863;103 737;30;0;2;1;1;1
202100054863;103 738;7;0;2;6;20;1
202100054864;103 736;7;13;0;8;16;1
202100054865;103 734;7;0;2;7;1;1
202100054865;103 735;30;0;2;1;1;1
202100054866;103 733;7;0;1;1;26;1
202100054867;103 731;33;1;2;8;1;1
202100054867;103 732;7;0;2;1;15;1
202100054868;103 729;7;0;2;8;17;1
202100054868;103 730;15;0;2;7;1;1
202100054869;103 728;7;0;0;9;1;1
202100054870;103 726;7;0;2;7;0;1
202100054870;103 727;7;0;2;1;6;1
202100054871;103 724;7;0;2;4;23;1
202100054871;103 725;7;0;0;0;0;0
202100054872;103 723;7;0;1;1;1;1
202100054873;103 722;7;0;1;2;15;1
202100054874;103 721;7;13;0;3;13;1
202100054875;103 719;1;0;2;1;1;5
202100054875;103 720;7;0;2;3;15;1
202100054876;103 718;7;0;1;3;1;1
202100054877;103 716;7;0;2;8;1;1
202100054877;103 717;7;0;2;1;1;1
202100054878;103 714;1;0;2;1;21;5
202100054878;103 715;7;0;2;2;16;1
202100054879;103 712;7;0;2;4;1;1
202100054879;103 713;7;0;2;1;2;1
202100054880;103 710;7;0;2;1;1;1
202100054880;103 711;50;0;2;7;19;3
202100054881;103 709;99;0;1;0;1;0
202100054882;103 707;7;0;2;1;9;0
202100054882;103 708;1;0;2;8;1;5
202100054883;103 704;7;0;2;1;2;1
202100054883;103 705;7;0;2;4;2;1
202100054883;103 706;7;0;2;4;2;1
202100054884;103 703;30;0;0;0;1;1
202100054885;103 702;7;6;0;1;20;1
202100054886;103 700;7;0;2;2;19;1
202100054886;103 701;7;0;2;3;1;1
202100054887;103 699;10;0;1;2;21;1
202100054888;103 698;7;0;1;3;15;1
202100054889;103 696;7;0;2;2;2;1
202100054889;103 697;7;0;2;6;2;1
202100054890;103 694;33;0;2;1;1;1
202100054890;103 695;7;0;2;2;15;1
202100054891;103 692;1;0;2;1;1;5
202100054891;103 693;7;0;2;3;9;1
202100054892;103 691;7;0;1;1;16;1
202100054893;103 689;7;0;2;8;11;1
202100054893;103 690;7;0;2;2;1;1
202100054894;103 688;7;0;1;2;15;1
202100054895;103 687;7;0;1;2;1;1
202100054896;103 685;30;0;2;1;1;1
202100054896;103 686;7;0;2;3;26;1
202100054897;103 683;7;0;2;1;1;1
202100054897;103 684;7;0;2;1;15;1
202100054898;103 679;10;0;2;1;1;1
202100054898;103 680;10;0;2;4;1;1
202100054898;103 681;7;0;2;4;1;1
202100054898;103 682;7;0;2;5;1;1
202100054899;103 677;7;0;2;2;1;1
202100054899;103 678;50;0;2;1;19;3
202100054900;103 676;7;0;1;1;1;0
202100054901;103 674;7;0;2;2;1;1
202100054901;103 675;7;0;2;3;11;1
202100054902;103 672;31;0;2;8;1;1
202100054902;103 673;7;0;2;1;15;1
202100054903;103 670;10;0;2;3;1;1
202100054903;103 671;7;0;2;7;1;1
202100054904;103 668;7;0;2;1;1;1
202100054904;103 669;7;0;2;4;1;1
202100054905;103 667;7;0;1;1;1;1
202100054906;103 665;7;0;2;1;13;1
202100054906;103 666;30;0;2;1;1;1
202100054907;103 664;7;0;1;1;1;1
202100054908;103 662;10;0;2;0;15;0
202100054908;103 663;2;0;2;1;1;1
202100054909;103 660;10;0;0;4;1;1
202100054909;103 661;7;0;2;1;16;1
202100054910;103 659;10;0;1;1;1;1
202100054911;103 657;7;0;2;3;15;1
202100054911;103 658;1;0;2;3;1;5
202100054912;103 655;2;0;2;8;1;1
202100054912;103 656;7;0;2;3;15;1
202100054913;103 654;7;0;1;1;9;1
202100054914;103 652;7;0;2;4;1;1
202100054914;103 653;7;0;2;1;2;1
202100054915;103 650;39;0;2;1;26;1
202100054915;103 651;7;6;4;3;19;1
202100054916;103 648;32;0;2;1;2;1
202100054916;103 649;10;0;2;4;2;1
202100054917;103 646;14;0;2;1;1;1
202100054917;103 647;10;0;2;4;1;1
202100054918;103 644;1;0;2;8;13;5
202100054918;103 645;1;0;2;7;17;5
202100054919;103 642;7;0;2;3;22;1
202100054919;103 643;1;0;2;1;1;5
202100054920;103 641;30;0;0;0;1;1
202100054921;103 639;30;0;2;8;15;1
202100054921;103 640;37;0;2;1;1;1
202100054922;103 637;7;0;2;3;1;1
202100054922;103 638;7;0;2;1;1;1
202100054923;103 636;10;0;1;6;4;1
202100054924;103 634;1;0;2;3;18;5
202100054924;103 635;7;0;2;2;16;1
202100054925;103 633;1;0;1;1;1;5
202100054926;103 631;31;0;2;3;1;0
202100054926;103 632;1;0;2;3;15;5
202100054927;103 630;1;0;0;1;7;5
202100054928;103 628;1;0;2;1;17;5
202100054928;103 629;10;0;2;8;22;1
202100054929;103 626;7;0;2;1;2;1
202100054929;103 627;7;0;2;4;2;1
202100054930;103 625;1;0;1;8;1;0
202100054931;103 623;7;0;2;4;4;1
202100054931;103 624;1;0;2;8;19;0
202100054932;103 622;7;0;1;3;1;1
202100054933;103 621;7;0;1;1;15;1
202100054934;103 618;7;0;2;2;9;1
202100054934;103 619;7;0;2;3;1;1
202100054934;103 620;10;0;2;8;0;0
202100054935;103 616;7;0;2;3;15;1
202100054935;103 617;33;0;2;1;1;1
202100054936;103 614;30;0;2;1;1;0
202100054936;103 615;7;0;2;1;15;0
202100054937;103 613;32;0;1;0;17;0
202100054938;103 611;10;0;2;0;15;0
202100054938;103 612;50;0;2;3;1;3
202100054939;103 608;7;0;0;0;1;1
202100054939;103 609;7;0;2;2;10;1
202100054939;103 610;32;0;2;1;1;1
202100054940;103 606;7;0;2;1;1;1
202100054940;103 607;7;0;2;4;15;3
202100054941;103 604;7;0;2;3;1;1
202100054941;103 605;30;0;2;2;1;1
202100054942;103 602;30;1;2;1;1;1
202100054942;103 603;30;0;0;4;20;1
202100054943;103 600;99;8;2;5;19;1
202100054943;103 601;7;0;2;1;19;1
202100054944;103 599;30;0;2;0;1;1
202100054945;103 596;7;1;0;3;0;1
202100054945;103 597;7;0;2;1;17;0
202100054945;103 598;7;0;2;3;15;1
202100054946;103 595;7;0;0;3;26;1
202100054947;103 594;7;0;1;1;1;1
202100054948;103 592;34;0;2;1;26;1
202100054948;103 593;1;0;2;7;19;5
202100054949;103 590;7;0;2;3;1;1
202100054949;103 591;30;0;2;1;19;1
202100054950;103 589;2;0;0;0;0;1
202100054951;103 587;2;0;0;4;1;1
202100054951;103 588;2;0;0;1;2;1
202100054952;103 584;7;0;2;1;15;1
202100054952;103 585;7;0;2;1;1;1
202100054952;103 586;7;0;2;2;1;1
202100054953;103 583;7;0;1;3;1;0
202100054954;103 581;36;2;0;0;0;1
202100054955;103 580;7;0;0;0;0;1
202100054956;103 578;7;0;2;3;1;1
202100054956;103 579;7;0;2;3;13;1
202100054957;103 577;7;8;0;1;6;1
202100054958;103 576;7;16;0;0;19;1
202100054959;103 574;2;0;0;4;2;1
202100054959;103 575;7;0;2;2;2;1
202100054960;103 572;7;0;2;9;21;1
202100054960;103 573;7;0;2;6;9;1
202100054961;103 570;7;0;2;1;1;1
202100054961;103 571;7;0;2;2;1;1
202100054962;103 568;7;6;2;3;17;1
202100054962;103 569;7;0;2;3;1;1
202100054963;103 567;7;0;0;9;1;1
202100054964;103 566;7;6;0;1;0;1
202100054965;103 565;7;16;0;0;14;1
202100054966;103 563;2;0;2;1;1;1
202100054966;103 564;7;0;2;1;15;1
202100054967;103 560;7;0;1;3;0;1
202100054968;103 558;10;0;2;1;1;1
202100054968;103 559;7;0;2;2;26;1
202100054969;103 556;7;0;0;4;2;1
202100054969;103 557;7;0;2;1;2;1
202100054970;103 554;7;0;2;2;1;1
202100054970;103 555;7;0;2;3;26;1
202100054971;103 553;7;2;0;7;14;1
202100054972;103 551;17;0;0;4;2;1
202100054972;103 552;7;0;2;1;2;1
202100054973;103 550;7;0;1;0;17;1
202100054974;103 548;7;0;2;2;15;1
202100054974;103 549;32;0;2;1;1;1
202100054975;103 547;7;0;1;3;1;1
202100054976;103 545;7;0;2;1;1;1
202100054976;103 546;10;0;2;1;13;1
202100054977;103 544;7;0;1;3;1;1
202100054978;103 542;7;0;2;3;17;1
202100054978;103 543;2;0;2;8;15;3
202100054979;103 540;2;0;2;2;17;1
202100054979;103 541;2;0;0;8;15;1
202100054980;103 538;7;0;2;1;1;3
202100054980;103 539;2;0;2;1;11;1
202100054981;103 537;7;4;0;1;26;1
202100054982;103 536;7;4;9;1;16;1
202100054983;103 534;7;0;0;6;20;1
202100054984;103 532;7;0;2;1;2;1
202100054984;103 533;7;0;2;4;2;1
202100054985;103 530;33;7;2;8;1;1
202100054985;103 531;7;0;2;7;14;1
202100054986;103 529;7;13;0;2;14;1
202100054987;103 527;7;0;2;6;9;1
202100054987;103 528;15;0;2;2;1;1
202100054988;103 523;7;0;2;0;23;1
202100054988;103 524;7;0;2;0;23;1
202100054988;103 525;7;0;2;5;23;1
202100054988;103 526;7;0;2;1;11;1
202100054989;103 520;7;0;2;4;2;1
202100054989;103 521;7;0;2;1;2;1
202100054989;103 522;7;0;2;4;2;1
202100054990;103 518;7;0;2;0;26;1
202100054990;103 519;10;0;2;4;26;1
202100054991;103 516;14;0;2;1;2;1
202100054991;103 517;7;12;0;4;1;1
202100054992;103 514;7;0;2;4;1;1
202100054992;103 515;7;0;2;1;2;1
202100054993;103 513;7;1;0;2;2;1
202100054994;103 511;7;0;2;4;2;1
202100054994;103 512;10;0;2;1;2;1
202100054995;103 509;10;0;2;5;12;1
202100054995;103 510;33;0;2;5;3;1
202100054996;103 508;7;0;0;0;2;1
202100054997;103 505;10;0;2;4;2;1
202100054997;103 506;7;0;2;4;2;1
202100054997;103 507;10;0;2;1;2;1
202100054998;103 502;17;0;2;1;1;1
202100054998;103 503;7;0;2;3;1;1
202100054998;103 504;17;0;2;7;12;1
202100054999;103 499;7;0;2;7;12;1
202100054999;103 500;7;4;2;4;2;1
202100054999;103 501;7;0;2;1;2;1
202100055000;103 498;7;4;0;2;1;1
202100055001;103 496;7;0;2;2;1;1
202100055001;103 497;7;0;2;3;9;1
202100055002;103 494;7;0;2;4;2;1
202100055002;103 495;7;0;2;1;26;1
202100055003;103 493;17;16;0;1;26;1
202100055004;103 492;7;3;0;1;21;1
202100055005;103 489;7;0;2;3;2;1
202100055005;103 490;10;0;2;6;2;1
202100055005;103 491;32;0;2;1;3;1
202100055006;103 488;7;0;1;3;1;1
202100055007;103 486;32;0;2;1;1;1
202100055007;103 487;7;0;2;3;26;1
202100055008;103 484;37;0;9;5;1;1
202100055008;103 485;1;0;2;1;15;5
202100055009;103 482;7;0;2;2;2;1
202100055009;103 483;7;0;2;4;12;2
202100055010;103 480;10;0;2;3;1;1
202100055010;103 481;32;0;2;1;1;1
202100055011;103 476;7;0;2;0;0;1
202100055011;103 477;7;0;2;0;0;1
202100055011;103 478;33;3;0;1;3;1
202100055011;103 479;7;0;2;0;0;1
202100055012;103 475;1;0;0;0;26;5
202100055013;103 474;7;0;1;2;1;1
202100055014;103 473;30;0;0;9;1;1
202100055015;103 471;7;0;9;2;9;1
202100055015;103 472;1;0;2;4;18;5
202100055016;103 469;17;0;2;1;2;1
202100055016;103 470;1;0;2;4;1;5
202100055017;103 468;7;0;1;1;2;2
202100055018;103 466;17;0;2;1;1;1
202100055018;103 467;7;0;2;9;5;1
202100055019;103 465;30;0;0;8;1;1
202100055020;103 463;10;0;2;0;0;0
202100055020;103 464;1;0;2;4;2;0
202100055021;103 461;7;0;2;1;15;1
202100055021;103 462;7;0;2;1;2;1
202100055022;103 459;30;0;2;1;17;1
202100055022;103 460;7;0;2;3;15;1
202100055023;103 458;7;0;1;0;1;0
202100055024;103 456;7;0;2;7;15;2
202100055024;103 457;14;0;2;1;1;1
202100055025;103 454;7;0;2;3;9;1
202100055025;103 455;7;0;2;1;17;1
202100055026;103 452;7;0;9;1;26;1
202100055026;103 453;99;12;2;1;26;1
202100055027;103 451;7;0;1;1;1;1
202100055028;103 450;7;0;1;3;15;1
202100055029;103 448;50;0;1;3;26;3
202100055030;103 447;7;0;1;1;1;1
202100055031;103 445;40;0;2;2;1;3
202100055031;103 446;7;0;4;1;18;1
202100055032;103 443;7;0;2;1;2;1
202100055032;103 444;7;0;2;4;2;1
202100055033;103 442;7;0;1;3;15;1
202100055034;103 440;7;0;2;3;9;1
202100055034;103 441;7;0;2;2;1;1
202100055035;103 438;1;0;2;1;0;5
202100055035;103 439;7;0;9;2;15;1
202100055036;103 436;10;0;2;1;1;1
202100055036;103 437;7;0;2;4;23;1
202100055037;103 435;7;0;1;1;1;1
202100055038;103 434;7;0;1;2;1;1
202100055039;103 433;10;0;1;3;15;1
202100055040;103 431;30;0;2;1;1;1
202100055040;103 432;7;0;2;8;1;1
202100055041;103 429;10;0;2;2;15;1
202100055041;103 430;7;0;2;1;1;1
202100055042;103 427;31;0;2;1;1;1
202100055042;103 428;30;0;2;4;1;1
202100055043;103 426;33;0;1;9;1;1
202100055044;103 424;7;0;2;1;26;1
202100055044;103 425;37;0;2;7;2;1
202100055045;103 422;30;0;2;1;17;1
202100055045;103 423;7;0;2;3;15;1
202100055046;103 419;7;0;2;6;1;1
202100055046;103 420;7;0;2;4;1;1
202100055046;103 421;7;0;2;1;1;1
202100055047;103 417;7;0;2;4;23;1
202100055047;103 418;10;0;2;1;1;1
202100055048;103 414;7;0;1;2;15;1
202100055049;103 413;7;0;1;8;1;1
202100055050;103 411;7;0;2;1;15;1
202100055050;103 412;7;0;2;1;1;1
202100055051;103 410;30;0;0;0;26;1
202100055052;103 407;7;0;2;1;1;1
202100055052;103 408;10;0;2;1;1;1
202100055052;103 409;7;0;2;3;13;1
202100055053;103 405;2;0;2;1;1;1
202100055053;103 406;7;0;2;1;1;1
202100055054;103 404;7;0;1;1;1;1
202100055055;103 402;32;10;2;1;1;1
202100055055;103 403;7;0;0;0;0;0
202100055056;103 399;7;0;2;1;0;1
202100055056;103 400;7;0;2;6;0;1
202100055056;103 401;7;0;2;1;9;1
202100055057;103 398;7;0;1;3;26;1
202100055058;103 396;2;0;2;7;1;1
202100055058;103 397;7;0;2;0;0;1
202100055059;103 394;30;0;2;1;1;1
202100055059;103 395;1;0;2;1;19;5
202100055060;103 392;7;0;2;1;26;1
202100055060;103 393;7;0;2;0;0;1
202100055061;103 390;7;0;9;8;1;1
202100055061;103 391;80;0;2;3;17;3
202100055062;103 388;14;0;2;8;1;1
202100055062;103 389;7;0;2;3;1;1
202100055063;103 386;13;0;2;5;1;1
202100055063;103 387;1;0;2;1;2;6
202100055064;103 385;7;0;1;1;26;1
202100055065;103 383;10;0;2;5;1;1
202100055065;103 384;32;0;2;1;1;1
202100055066;103 380;60;0;2;8;19;5
202100055066;103 381;1;0;2;8;19;5
202100055066;103 382;7;0;2;3;1;2
202100055067;103 379;7;0;1;6;1;1
202100055068;103 377;7;8;2;1;1;1
202100055068;103 378;7;8;2;1;1;1
202100055069;103 375;7;0;2;2;16;1
202100055069;103 376;60;0;2;8;19;5
202100055070;103 373;1;0;2;1;1;5
202100055070;103 374;10;0;2;8;22;1
202100055071;103 372;7;0;1;3;1;1
202100055072;103 370;30;0;2;7;10;1
202100055072;103 371;7;0;2;1;1;1
202100055073;103 369;10;0;1;2;1;1
202100055074;103 367;7;0;2;1;1;1
202100055074;103 368;7;0;2;4;1;1
202100055075;103 366;7;0;1;1;2;1
202100055076;103 365;7;0;1;1;16;1
202100055077;103 364;37;0;1;2;1;1
202100055078;103 362;2;0;2;0;1;1
202100055078;103 363;7;0;0;0;15;2
202100055079;103 360;7;0;2;2;26;2
202100055079;103 361;7;0;2;3;26;2
202100055080;103 358;7;0;2;3;20;1
202100055080;103 359;2;0;2;1;1;1
202100055081;103 356;7;0;9;8;15;1
202100055081;103 357;50;0;2;2;18;3
202100055082;103 355;20;0;1;1;1;1
202100055083;103 354;7;0;1;2;1;1
202100055084;103 352;7;0;0;1;1;1
202100055084;103 353;7;14;1;1;1;1
202100055085;103 350;30;0;2;3;9;1
202100055085;103 351;33;0;2;1;1;1
202100055086;103 349;7;12;0;1;9;1
202100055087;103 347;30;0;2;1;2;0
202100055087;103 348;7;0;0;6;2;0
202100055088;103 345;7;0;2;1;2;1
202100055088;103 346;7;8;0;4;2;1
202100055089;103 344;7;0;1;2;1;1
202100055090;103 342;37;0;2;4;4;1
202100055090;103 343;7;0;2;1;2;1
202100055091;103 340;7;0;2;2;15;2
202100055091;103 341;60;0;2;1;19;5
202100055092;103 338;1;0;2;1;2;5
202100055092;103 339;10;0;2;1;9;1
202100055093;103 337;20;0;1;6;26;1
202100055094;103 334;7;4;9;9;2;1
202100055094;103 335;7;0;2;1;2;1
202100055094;103 336;17;0;0;0;2;1
202100055095;103 333;7;8;0;1;14;1
202100055096;103 331;7;0;2;1;19;1
202100055096;103 332;7;0;2;1;2;1
202100055097;103 329;10;0;2;2;2;1
202100055097;103 330;1;0;2;4;2;5
202100055098;103 327;7;0;2;1;1;1
202100055098;103 328;38;0;2;7;19;1
202100055099;103 326;7;0;1;6;26;3
202100055100;103 324;7;0;2;3;19;1
202100055100;103 325;7;0;2;1;1;1
202100055101;103 322;7;0;2;2;15;1
202100055101;103 323;2;0;2;7;1;1
202100055102;103 320;17;0;2;3;13;1
202100055102;103 321;7;0;2;3;1;1
202100055103;103 319;7;0;1;2;1;1
202100055104;103 316;7;3;2;2;1;1
202100055104;103 317;7;0;2;6;1;2
202100055104;103 318;15;0;2;2;1;1
202100055105;103 314;7;0;2;1;1;1
202100055105;103 315;7;0;2;8;5;1
202100055106;103 312;7;0;2;1;13;1
202100055106;103 313;7;0;2;6;1;1
202100055107;103 310;31;0;2;8;1;1
202100055107;103 311;10;0;2;3;1;1
202100055108;103 309;1;0;0;0;0;5
202100055109;103 307;7;0;2;3;15;1
202100055109;103 308;7;0;2;1;16;1
202100055110;103 305;7;0;2;2;1;1
202100055110;103 306;1;0;2;5;1;5
202100055111;103 303;7;0;2;1;1;1
202100055111;103 304;7;0;2;7;19;1
202100055112;103 301;7;0;2;2;1;1
202100055112;103 302;15;0;2;3;13;1
202100055113;103 299;10;0;2;1;2;1
202100055113;103 300;16;0;0;4;2;1
202100055114;103 298;2;1;0;8;1;1
202100055115;103 297;10;13;0;3;13;1
202100055116;103 293;17;0;2;6;1;1
202100055116;103 294;7;0;2;2;2;1
202100055117;103 290;14;0;2;1;1;1
202100055117;103 291;7;0;0;6;1;1
202100055117;103 292;10;0;2;1;17;1
202100055118;103 289;7;0;1;3;15;1
202100055119;103 287;7;0;2;0;1;1
202100055119;103 288;7;0;2;3;1;1
202100055120;103 285;10;0;2;2;1;1
202100055120;103 286;50;0;2;3;1;3
202100055121;103 283;7;0;0;8;19;1
202100055121;103 284;2;0;2;1;19;3
202100055122;103 282;10;0;1;1;1;1
202100055123;103 280;31;0;2;1;5;1
202100055123;103 281;7;0;2;3;1;1
202100055124;103 278;7;0;2;3;1;1
202100055124;103 279;7;0;2;1;1;1
202100055125;103 277;7;14;0;1;1;1
202100055126;103 276;7;0;1;3;16;1
202100055127;103 274;7;0;2;3;1;1
202100055127;103 275;10;0;2;8;17;1
202100055128;103 273;7;6;0;7;1;1
202100055129;103 271;7;0;2;1;1;1
202100055129;103 272;10;0;2;8;23;1
202100055130;103 270;7;0;1;2;1;1
202100055131;103 268;7;0;2;1;1;1
202100055131;103 269;7;0;2;8;19;1
202100055132;103 267;7;6;0;2;1;1
202100055133;103 266;7;6;0;3;1;1
202100055134;103 264;7;0;2;1;1;1
202100055134;103 265;7;6;2;7;1;1
202100055135;103 262;7;0;2;1;9;1
202100055135;103 263;7;0;2;4;1;1
202100055136;103 258;7;0;2;4;2;1
202100055136;103 259;15;0;2;4;2;1
202100055136;103 260;15;0;2;1;2;1
202100055136;103 261;10;0;2;4;2;1
202100055137;103 257;33;4;0;8;1;1
202100055138;103 255;7;0;2;5;1;1
202100055138;103 256;7;0;2;3;1;1
202100055139;103 253;32;1;2;3;3;1
202100055139;103 254;7;0;2;7;12;1
202100055140;103 251;7;0;2;1;1;1
202100055140;103 252;7;0;2;4;23;1
202100055141;103 250;7;4;0;2;14;1
202100055142;103 248;7;0;2;1;0;1
202100055142;103 249;7;0;2;1;1;1
202100055143;103 247;7;0;0;9;16;1
202100055144;103 245;34;0;2;3;3;1
202100055144;103 246;14;0;0;0;0;1
202100055145;103 242;10;0;2;1;2;1
202100055145;103 243;33;0;2;1;2;1
202100055145;103 244;7;0;2;4;2;1
202100055146;103 241;7;0;1;7;2;1
202100055147;103 239;7;0;2;3;15;1
202100055147;103 240;2;0;2;1;1;1
202100055148;103 238;7;0;1;3;1;1
202100055149;103 236;7;0;2;4;5;0
202100055149;103 237;7;0;2;3;1;0
202100055150;103 234;7;0;2;6;1;1
202100055150;103 235;7;0;2;2;9;1
202100055151;103 233;7;14;0;1;14;1
202100055152;103 232;10;9;2;1;14;1
202100055153;103 231;32;0;0;3;15;1
202100055154;103 229;7;0;2;3;9;1
202100055154;103 230;7;0;2;7;1;1
202100055155;103 228;7;0;1;2;1;1
202100055156;103 226;7;0;2;1;1;1
202100055156;103 227;33;0;2;4;1;1
202100055157;103 224;7;0;2;1;1;1
202100055157;103 225;7;0;2;7;13;1
202100055158;103 223;7;0;1;1;1;1
202100055159;103 221;7;0;2;3;1;1
202100055159;103 222;7;1;2;1;19;1
202100055160;103 217;7;0;2;3;0;1
202100055160;103 218;7;0;2;5;2;1
202100055160;103 219;33;0;2;4;2;1
202100055160;103 220;33;0;9;1;2;1
202100055161;103 215;7;0;2;1;1;1
202100055161;103 216;7;0;2;7;15;1
202100055162;103 214;7;0;1;1;16;1
202100055163;103 211;7;0;2;4;1;1
202100055163;103 212;7;0;2;1;1;1
202100055163;103 213;7;0;2;1;1;1
202100055164;103 210;7;15;0;1;1;1
202100055165;103 208;1;0;2;7;1;0
202100055165;103 209;10;0;2;1;9;1
202100055166;103 207;7;2;0;1;13;1
202100055167;103 204;7;0;2;7;1;1
202100055167;103 205;7;0;2;1;1;1
202100055167;103 206;7;0;2;1;1;1
202100055168;103 203;7;0;1;2;15;1
202100055169;103 202;7;0;1;1;9;3
202100055170;103 200;7;0;2;2;1;1
202100055170;103 201;10;0;2;1;15;1
202100055171;103 198;30;0;2;1;1;1
202100055171;103 199;7;0;2;5;15;1
202100055172;103 196;1;0;2;1;1;0
202100055172;103 197;7;0;9;3;16;1
202100055173;103 194;7;0;2;2;15;1
202100055173;103 195;7;0;2;3;1;1
202100055174;103 192;2;0;2;1;1;1
202100055174;103 193;7;0;2;1;13;1
202100055175;103 190;7;0;2;2;19;1
202100055175;103 191;7;0;2;3;2;1
202100055176;103 189;50;0;0;0;1;3
202100055177;103 188;1;0;0;0;1;5
202100055178;103 187;7;0;1;1;1;1
202100055179;103 184;15;0;2;6;1;1
202100055179;103 185;7;0;2;2;1;1
202100055179;103 186;7;0;2;3;1;1
202100055180;103 183;7;0;1;1;1;1
202100055181;103 182;7;0;1;1;1;1
202100055182;103 181;7;14;0;1;1;1
202100055183;103 179;7;0;1;1;1;1
202100055183;103 180;7;0;1;3;2;1
202100055184;103 177;30;0;2;4;2;1
202100055184;103 178;10;0;2;1;2;1
202100055185;103 175;7;0;2;4;2;1
202100055185;103 176;7;0;2;1;2;1
202100055186;103 173;7;0;2;1;15;1
202100055186;103 174;80;0;2;8;1;3
202100055187;103 171;15;0;2;3;16;1
202100055187;103 172;32;0;2;1;16;1
202100055188;103 167;7;0;2;1;1;3
202100055188;103 168;7;0;2;9;14;1
202100055188;103 169;7;0;2;6;1;1
202100055188;103 170;7;0;2;0;0;0
202100055189;103 166;3;0;1;2;1;1
202100055190;103 164;30;0;2;1;17;1
202100055190;103 165;7;0;2;3;15;1
202100055191;103 163;10;0;1;0;1;1
202100055192;103 161;43;0;2;1;1;1
202100055192;103 162;7;0;2;1;9;1
202100055193;103 159;7;0;2;8;15;1
202100055193;103 160;2;0;2;1;17;1
202100055194;103 158;7;0;1;1;1;1
202100055195;103 156;7;0;2;3;16;1
202100055195;103 157;7;0;2;5;1;1
202100055196;103 154;10;0;2;1;1;1
202100055196;103 155;7;0;2;1;1;1
202100055197;103 152;7;0;2;4;2;1
202100055197;103 153;7;0;2;1;2;1
202100055198;103 150;7;0;2;1;2;1
202100055198;103 151;10;0;2;4;23;0
202100055199;103 149;7;4;0;1;13;1
202100055200;103 147;7;0;2;1;1;1
202100055200;103 148;7;0;2;7;26;1
202100055201;103 145;7;0;2;2;1;1
202100055201;103 146;7;0;2;1;1;1
202100055202;103 143;10;0;2;2;17;1
202100055202;103 144;7;0;2;8;15;1
202100055203;103 141;7;0;2;1;1;1
202100055203;103 142;1;0;2;1;11;5
202100055204;103 139;7;0;2;1;7;2
202100055204;103 140;2;0;2;8;15;1
202100055205;103 138;31;0;0;8;1;1
202100055206;103 136;1;0;2;1;1;5
202100055206;103 137;30;0;2;8;5;1
202100055207;103 134;7;0;2;3;9;2
202100055207;103 135;30;0;2;1;1;3
202100055208;103 132;10;0;2;1;1;1
202100055208;103 133;7;0;2;4;1;1
202100055209;103 130;10;0;2;7;12;1