Num_Acc;id_vehicule;catv;obs;obsm;choc;manv;motor
202100055209;103 131;43;0;2;8;7;1
202100055210;103 128;7;0;2;2;15;1
202100055210;103 129;33;0;2;2;1;1
202100055211;103 127;37;0;0;0;1;1
202100055212;103 125;7;0;2;1;15;1
202100055212;103 126;1;0;2;8;1;5
202100055213;103 124;7;0;1;3;1;1
202100055214;103 123;32;0;1;3;1;1
202100055215;103 121;7;0;2;0;15;1
202100055215;103 122;1;0;2;0;1;5
202100055216;103 119;43;0;2;1;1;1
202100055216;103 120;30;0;2;8;9;1
202100055217;103 118;10;0;1;4;4;1
202100055218;103 117;37;0;1;1;15;3
202100055219;103 115;34;0;2;1;13;1
202100055219;103 116;7;0;2;6;15;1
202100055220;103 114;7;0;1;1;1;1
202100055221;103 112;1;0;0;0;15;5
202100055221;103 113;34;0;2;3;17;1
202100055222;103 111;7;12;0;2;1;1
202100055223;103 109;80;1;2;7;1;3
202100055223;103 110;7;0;2;8;24;3
202100055224;103 107;2;0;2;2;17;1
202100055224;103 108;7;0;2;6;17;1
202100055225;103 106;7;0;1;1;1;0
202100055226;103 105;7;8;0;1;13;1
202100055227;103 103;7;1;0;7;1;1
202100055227;103 104;7;1;0;1;9;1
202100055228;103 101;32;0;2;4;1;1
202100055228;103 102;7;0;2;1;1;1
202100055229;103 099;2;0;2;1;2;1
202100055229;103 100;7;1;0;3;26;1
202100055230;103 097;7;0;2;8;13;1
202100055230;103 098;37;0;2;2;1;1
202100055231;103 096;30;0;1;1;21;1
202100055232;103 093;10;0;2;1;1;1
202100055232;103 094;7;0;2;4;23;1
202100055232;103 095;7;0;2;4;23;1
202100055233;103 091;7;0;2;8;15;1
202100055233;103 092;32;0;2;2;17;1
202100055234;103 090;32;0;1;1;1;1
202100055235;103 089;10;0;1;8;1;1
202100055236;103 087;7;0;2;3;15;1
202100055236;103 088;7;0;2;1;1;1
202100055237;103 086;7;0;1;3;15;1
202100055238;103 085;7;13;0;1;1;1
202100055239;103 083;7;0;2;3;1;1
202100055239;103 084;1;0;2;1;19;5
202100055240;103 081;7;0;2;1;1;1
202100055240;103 082;1;0;0;1;1;5
202100055241;103 080;7;2;0;2;1;0
202100055242;103 078;2;0;2;1;1;1
202100055242;103 079;7;0;2;6;9;1
202100055243;103 077;15;0;0;0;1;1
202100055244;103 073;7;0;2;1;1;1
202100055244;103 074;10;0;2;4;1;1
202100055244;103 075;10;0;0;6;1;1
202100055245;103 072;7;2;0;0;1;1
202100055246;103 071;7;0;1;1;1;1
202100055247;103 070;7;13;0;2;1;1
202100055248;103 069;7;0;1;2;1;0
202100055249;103 065;10;0;2;1;2;1
202100055249;103 066;7;0;2;4;2;1
202100055249;103 067;7;0;2;4;0;1
202100055249;103 068;7;0;0;4;1;1
202100055250;103 064;15;3;0;3;13;1
202100055251;103 062;7;6;0;8;15;3
202100055251;103 063;7;0;2;2;13;1
202100055252;103 061;7;0;1;3;0;1
202100055253;103 059;7;0;2;3;1;1
202100055253;103 060;7;0;2;3;17;1
202100055254;103 057;2;0;2;1;15;1
202100055254;103 058;7;0;2;3;1;1
202100055255;103 056;32;0;0;0;1;1
202100055256;103 054;7;0;2;1;1;1
202100055256;103 055;7;0;2;1;1;1
202100055257;103 052;7;0;2;1;0;1
202100055257;103 053;7;0;2;1;1;1
202100055258;103 051;7;0;1;1;1;1
202100055259;103 049;99;0;0;4;0;1
202100055259;103 050;10;0;0;1;17;1
202100055260;103 047;7;0;6;1;1;1
202100055261;103 045;7;0;2;5;0;1
202100055261;103 046;7;0;2;1;0;1
202100055262;103 043;7;7;0;7;1;1
202100055262;103 044;7;0;2;1;1;1
202100055263;103 041;7;0;2;1;26;1
202100055263;103 042;7;0;2;4;26;1
202100055264;103 039;7;4;0;4;2;2
202100055264;103 040;15;0;2;1;2;1
202100055265;103 037;10;0;2;7;12;1
202100055265;103 038;33;0;2;1;3;1
202100055266;103 034;33;0;2;1;1;1
202100055266;103 035;7;0;2;1;1;1
202100055266;103 036;7;0;2;4;1;1
202100055267;103 029;10;0;2;4;2;1
202100055267;103 030;7;0;2;1;2;1
202100055267;103 031;7;0;2;1;2;1
202100055267;103 032;7;0;2;1;2;1
202100055267;103 033;7;0;2;1;2;1
202100055268;103 027;32;0;2;1;19;1
202100055268;103 028;10;0;2;7;19;1
202100055269;103 025;7;0;2;2;15;1
202100055269;103 026;2;0;2;1;2;1
202100055270;103 023;1;0;2;7;19;0
202100055270;103 024;7;0;2;1;1;1
202100055271;103 021;7;0;2;2;9;1
202100055271;103 022;32;0;2;2;26;1
202100055272;103 020;7;0;1;1;1;1
202100055273;103 019;7;0;1;7;1;1
202100055274;103 018;13;0;1;1;1;1
202100055275;103 017;32;1;0;1;13;1
202100055276;103 016;7;0;2;2;17;1
202100055277;103 013;7;0;2;3;15;1
202100055277;103 014;1;0;2;8;16;5
202100055278;103 012;7;0;1;1;1;1
202100055279;103 010;7;0;2;4;2;2
202100055279;103 011;7;0;2;1;2;1
202100055280;103 008;30;0;2;0;0;1
202100055280;103 009;37;0;2;1;15;1
202100055281;103 005;33;0;2;1;2;1
202100055281;103 006;7;0;2;4;2;1
202100055281;103 007;7;0;2;4;2;1
202100055282;103 003;7;0;2;5;15;0
202100055282;103 004;2;0;2;1;1;1
202100055283;103 001;2;0;2;6;1;1
202100055283;103 002;7;0;2;8;10;1
202100055284;103 000;7;0;1;2;26;1
202100055285;102 998;7;0;2;8;10;1
202100055285;102 999;7;0;2;1;2;1
202100055286;102 997;7;0;1;1;1;1
202100055287;102 996;7;0;1;1;1;1
202100055288;102 994;7;0;2;4;0;1
202100055288;102 995;37;0;2;1;1;1
202100055289;102 992;7;0;2;1;1;1
202100055289;102 993;7;0;2;7;1;1
202100055290;102 990;7;1;0;4;2;1
202100055290;102 991;7;0;2;1;26;1
202100055291;102 988;32;0;2;1;1;1
202100055291;102 989;10;0;2;2;19;1
202100055292;102 987;7;0;1;1;16;1
202100055293;102 985;7;0;2;2;17;1
202100055293;102 986;7;0;2;6;23;1
202100055294;102 983;2;0;2;1;1;1
202100055294;102 984;7;0;2;3;15;1
202100055295;102 981;32;0;2;5;23;1
202100055295;102 982;13;0;2;1;1;0
202100055296;102 980;20;0;1;3;10;1
202100055297;102 978;7;0;2;1;1;1
202100055297;102 979;7;0;2;1;0;1
202100055298;102 977;7;0;1;3;1;1
202100055299;102 976;7;0;1;2;1;1
202100055300;102 975;7;0;1;8;1;1
202100055301;102 974;7;0;1;1;16;1
202100055302;102 973;7;0;1;1;1;1
202100055303;102 972;7;0;1;1;1;1
202100055304;102 971;7;0;1;2;15;1
202100055305;102 968;7;0;2;4;23;1
202100055305;102 969;10;0;2;1;1;1
202100055305;102 970;7;0;0;4;23;1
202100055306;102 967;7;0;1;1;15;1
202100055307;102 966;3;0;1;1;1;1
202100055308;102 965;3;6;0;1;9;1
202100055309;102 964;7;13;0;6;1;1
202100055310;102 963;7;8;0;1;1;1
202100055311;102 961;7;0;2;1;1;1
202100055311;102 962;7;0;2;3;15;1
202100055312;102 959;1;0;2;0;1;5
202100055312;102 960;7;0;2;1;17;1
202100055313;102 957;7;0;2;2;19;1
202100055313;102 958;99;0;2;3;19;1
202100055314;102 955;7;0;2;7;1;1
202100055314;102 956;7;0;2;3;0;1
202100055315;102 954;60;0;2;1;1;5
202100055316;102 953;30;0;0;8;15;3
202100055317;102 952;7;0;1;1;1;1
202100055318;102 950;7;0;2;2;1;1
202100055318;102 951;30;0;2;1;18;1
202100055319;102 948;30;0;2;1;1;1
202100055319;102 949;7;0;2;3;15;1
202100055320;102 946;7;0;2;4;2;1
202100055320;102 947;7;0;2;1;2;1
202100055321;102 944;1;0;2;1;1;0
202100055321;102 945;7;0;2;5;16;2
202100055322;102 942;7;1;1;1;1;1
202100055322;102 943;13;0;0;7;24;0
202100055323;102 940;37;0;2;3;1;0
202100055323;102 941;7;0;2;7;16;1
202100055324;102 939;7;0;1;2;1;1
202100055325;102 937;7;0;2;2;15;1
202100055325;102 938;32;0;2;1;1;1
202100055326;102 935;33;0;2;7;17;1
202100055326;102 936;7;0;2;8;1;1
202100055327;102 933;7;0;2;1;1;1
202100055327;102 934;7;0;2;6;9;1
202100055328;102 932;7;0;1;2;16;6
202100055329;102 931;7;0;1;2;15;1
202100055330;102 929;1;0;2;3;1;5
202100055330;102 930;7;0;2;2;21;1
202100055331;102 928;7;0;1;1;1;1
202100055332;102 926;7;0;2;4;23;1
202100055332;102 927;7;0;2;2;26;1
202100055333;102 924;1;0;0;0;0;5
202100055333;102 925;7;0;2;4;4;1
202100055334;102 923;7;0;0;0;1;1
202100055335;102 922;7;0;1;1;1;1
202100055336;102 920;30;0;2;1;17;1
202100055336;102 921;7;0;2;3;15;1
202100055337;102 919;32;0;1;0;1;1
202100055338;102 916;7;0;2;1;1;1
202100055338;102 917;7;0;2;8;1;1
202100055338;102 918;10;0;2;1;15;1
202100055339;102 914;7;0;2;1;15;1
202100055339;102 915;2;1;2;1;1;1
202100055340;102 912;30;8;2;8;1;1
202100055340;102 913;7;0;2;2;1;1
202100055341;102 911;33;12;0;1;1;1
202100055342;102 910;7;0;1;1;15;1
202100055343;102 909;7;0;1;3;15;1
202100055344;102 908;7;0;1;1;1;0
202100055345;102 906;10;0;2;8;11;1
202100055345;102 907;31;0;2;2;3;1
202100055346;102 905;32;4;2;8;13;1
202100055347;102 904;7;0;1;2;1;1
202100055348;102 902;7;0;2;7;1;1
202100055348;102 903;34;0;2;8;17;1
202100055349;102 901;43;12;0;1;13;1
202100055350;102 900;33;0;1;1;17;1
202100055351;102 898;7;0;2;4;23;1
202100055351;102 899;14;0;2;1;1;1
202100055352;102 896;7;0;2;6;4;1
202100055352;102 897;2;0;2;1;17;1
202100055353;102 894;10;1;2;6;1;1
202100055353;102 895;7;0;2;1;1;1
202100055354;102 892;50;0;2;3;1;3
202100055354;102 893;7;0;2;8;15;1
202100055355;102 890;10;0;2;1;1;0
202100055355;102 891;30;0;2;0;1;1
202100055356;102 888;10;0;2;6;15;1
202100055356;102 889;30;0;2;2;17;1
202100055357;102 887;7;0;1;1;1;1
202100055358;102 885;10;0;2;2;15;1
202100055358;102 886;30;0;2;3;1;1
202100055359;102 884;7;0;1;2;1;1
202100055360;102 883;7;0;1;3;15;2
202100055361;102 882;10;0;1;1;9;1
202100055362;102 880;7;0;2;4;4;1
202100055362;102 881;10;0;2;7;21;1
202100055363;102 879;1;0;0;0;1;5
202100055364;102 875;10;0;2;1;9;3
202100055364;102 876;7;0;2;5;1;3
202100055364;102 877;7;0;2;5;2;1
202100055364;102 878;7;0;2;2;2;1
202100055365;102 874;10;1;1;2;1;1
202100055366;102 873;7;0;1;8;15;1
202100055367;102 871;7;0;2;1;2;1
202100055367;102 872;1;0;2;8;19;5
202100055368;102 870;33;0;1;1;1;1
202100055369;102 867;7;0;2;3;15;1
202100055369;102 868;7;0;2;1;1;1
202100055369;102 869;7;0;2;4;1;1
202100055370;102 866;7;0;1;3;15;1
202100055371;102 864;7;0;2;1;15;1
202100055371;102 865;7;0;2;8;1;1
202100055372;102 862;7;0;2;1;26;1
202100055372;102 863;99;0;0;0;25;0
202100055373;102 861;7;12;0;9;2;0
202100055374;102 860;7;0;1;3;15;1
202100055375;102 859;30;0;0;8;1;1
202100055376;102 858;7;0;1;1;15;1
202100055377;102 857;30;0;1;2;1;1
202100055378;102 856;10;0;1;4;4;1
202100055379;102 854;7;0;2;4;0;1
202100055379;102 855;7;0;2;1;0;1
202100055380;102 853;7;0;1;1;16;0
202100055381;102 851;7;0;2;6;1;2
202100055381;102 852;30;0;2;6;12;3
202100055382;102 849;7;0;2;1;1;1
202100055382;102 850;30;0;2;4;18;1
202100055383;102 848;32;0;0;0;0;1
202100055384;102 846;7;0;0;9;14;1
202100055385;102 845;7;0;1;2;1;1
202100055386;102 844;7;2;0;1;1;1
202100055387;102 843;7;6;0;3;1;1
202100055388;102 841;7;0;2;3;19;1
202100055388;102 842;7;0;2;2;1;1
202100055389;102 839;2;0;2;3;1;1
202100055389;102 840;2;0;2;3;13;1
202100055390;102 837;33;0;2;1;17;1
202100055390;102 838;10;0;2;3;19;1
202100055391;102 836;7;0;1;4;4;1
202100055392;102 834;7;0;2;1;1;1
202100055392;102 835;7;0;2;1;13;1
202100055393;102 832;2;0;2;8;1;1
202100055393;102 833;7;0;2;1;1;1
202100055394;102 831;7;0;1;2;1;1
202100055395;102 830;10;0;1;4;4;1
202100055396;102 827;15;0;0;4;1;1
202100055396;102 828;7;0;2;1;1;1
202100055396;102 829;7;0;2;1;1;1
202100055397;102 825;10;0;2;8;17;1
202100055397;102 826;30;0;2;3;1;1
202100055398;102 824;7;7;0;9;1;1
202100055399;102 822;7;0;2;1;11;1
202100055399;102 823;7;0;2;1;1;1
202100055400;102 821;7;6;0;1;1;1
202100055401;102 820;7;13;0;4;1;0
202100055402;102 816;7;0;2;6;1;1
202100055402;102 817;7;0;2;3;1;1
202100055402;102 818;7;0;2;8;1;1
202100055402;102 819;7;0;2;3;13;1
202100055403;102 814;7;0;2;1;17;1
202100055403;102 815;7;13;0;4;13;1
202100055404;102 810;17;0;2;1;1;1
202100055404;102 811;14;0;2;1;13;1
202100055405;102 809;7;0;1;1;1;1
202100055406;102 808;7;3;0;2;14;1
202100055407;102 807;10;3;0;2;0;1
202100055408;102 806;32;6;0;1;1;1
202100055409;102 805;7;9;0;1;1;1
202100055410;102 803;7;0;2;3;23;1
202100055410;102 804;7;0;2;3;16;1
202100055411;102 802;7;8;0;1;1;1
202100055412;102 800;7;0;2;3;1;1
202100055412;102 801;7;0;2;1;13;1
202100055413;102 798;7;0;2;3;13;1
202100055413;102 799;7;0;2;3;1;1
202100055414;102 797;7;0;1;3;1;1
202100055415;102 796;33;3;0;7;17;1
202100055416;102 795;7;0;9;0;1;1
202100055417;102 793;7;0;2;4;2;1
202100055417;102 794;7;0;2;1;2;1
202100055418;102 790;7;1;2;1;2;1
202100055418;102 791;7;3;0;1;2;1
202100055418;102 792;7;0;2;4;23;1
202100055419;102 789;7;4;0;3;1;1
202100055420;102 787;7;0;2;3;9;1
202100055420;102 788;14;0;2;2;26;1
202100055421;102 784;10;0;2;4;2;1
202100055421;102 785;99;0;2;1;2;1
202100055421;102 786;7;0;2;4;2;1
202100055422;102 782;7;0;2;3;12;1
202100055422;102 783;10;0;2;5;2;1
202100055423;102 781;7;4;0;8;2;1
202100055424;102 780;7;4;0;2;14;1
202100055425;102 779;7;3;0;3;2;1
202100055426;102 778;7;4;0;3;13;1
202100055427;102 774;33;0;2;8;3;1
202100055427;102 775;7;0;2;2;12;1
202100055427;102 776;7;0;2;7;1;1
202100055427;102 777;7;0;2;6;1;1
202100055428;102 773;33;0;0;0;2;1
202100055429;102 771;7;0;2;1;1;1
202100055429;102 772;10;0;2;4;1;1
202100055430;102 769;7;0;2;0;11;1
202100055430;102 770;7;0;2;0;2;1
202100055431;102 768;10;0;1;1;21;1
202100055432;102 767;30;14;0;0;26;1
202100055433;102 766;10;4;0;1;15;1
202100055434;102 765;7;0;1;1;1;1
202100055435;102 764;7;1;0;2;1;1
202100055436;102 763;7;1;0;2;14;1
202100055437;102 762;30;14;0;1;17;1
202100055438;102 760;7;0;9;0;1;1
202100055438;102 761;1;0;2;0;15;0
202100055439;102 758;10;0;2;2;13;1
202100055439;102 759;7;0;2;2;1;1
202100055440;102 757;7;0;1;3;1;1
202100055441;102 755;33;0;2;0;26;1
202100055441;102 756;10;0;2;2;0;1
202100055442;102 753;31;0;2;0;26;0
202100055442;102 754;7;5;2;3;1;6
202100055443;102 751;33;0;2;7;3;1
202100055443;102 752;7;0;2;8;11;1
202100055444;102 750;7;15;0;1;19;1
202100055445;102 748;7;0;2;8;1;1
202100055445;102 749;7;0;2;1;1;1
202100055446;102 746;33;0;2;3;1;1
202100055446;102 747;7;0;2;3;15;1
202100055447;102 744;2;0;2;1;1;1
202100055447;102 745;7;0;2;2;15;1
202100055448;102 742;7;0;2;1;5;1
202100055448;102 743;7;0;2;1;0;1
202100055449;102 741;7;0;1;1;1;1
202100055450;102 738;7;11;0;0;6;1
202100055450;102 739;7;0;2;1;1;1
202100055450;102 740;7;0;2;3;1;1
202100055451;102 736;30;0;2;1;1;3
202100055451;102 737;7;0;2;3;23;1
202100055452;102 734;2;0;2;1;1;1
202100055452;102 735;7;0;2;2;1;1
202100055453;102 733;33;0;0;8;1;1
202100055454;102 732;7;13;0;1;13;1
202100055455;102 726;10;0;2;1;1;1
202100055455;102 727;7;0;2;4;23;1
202100055455;102 728;7;0;2;4;23;1
202100055455;102 729;7;0;2;4;23;1
202100055455;102 730;7;0;2;4;23;1
202100055456;102 724;7;0;2;1;1;1
202100055456;102 725;2;0;2;1;1;1
202100055457;102 722;7;0;2;1;2;1
202100055457;102 723;80;0;2;4;1;3
202100055458;102 720;33;0;2;1;13;1
202100055458;102 721;7;0;2;3;1;1
202100055459;102 718;7;0;2;8;1;1
202100055459;102 719;80;0;2;1;1;3
202100055460;102 716;7;0;2;3;1;1
202100055460;102 717;7;0;2;0;9;0
202100055461;102 714;10;0;2;1;2;1
202100055461;102 715;43;0;2;4;23;1
202100055462;102 712;1;0;2;0;1;5
202100055462;102 713;15;0;2;0;16;1
202100055463;102 710;7;2;0;3;26;1
202100055464;102 705;37;0;2;1;1;1
202100055464;102 706;7;0;2;3;9;1
202100055464;102 707;34;0;2;1;1;1
202100055465;102 703;7;0;2;1;1;1
202100055465;102 704;10;0;2;1;15;1
202100055466;102 699;7;0;2;1;1;1
202100055466;102 700;7;0;2;8;26;1
202100055467;102 698;7;0;1;1;26;1
202100055468;102 697;7;0;1;2;21;1
202100055469;102 695;10;0;2;3;15;1
202100055469;102 696;50;0;2;1;1;3
202100055470;102 694;7;0;1;3;1;1
202100055471;102 692;7;6;0;2;1;1
202100055472;102 691;7;6;0;1;1;1
202100055473;102 689;7;0;2;7;1;1
202100055473;102 690;14;0;2;1;1;1
202100055474;102 688;7;0;1;3;11;1
202100055475;102 687;99;0;1;3;15;1
202100055476;102 686;7;8;0;1;13;1
202100055477;102 684;7;0;2;4;23;1
202100055477;102 685;7;0;2;1;1;1
202100055478;102 683;7;0;1;2;1;2
202100055479;102 682;7;0;1;3;1;1
202100055480;102 680;7;0;2;3;0;1
202100055480;102 681;50;0;2;0;0;3
202100055481;102 679;30;0;0;0;1;1
202100055482;102 678;30;0;0;0;1;1
202100055483;102 677;7;3;0;1;1;1
202100055484;102 675;7;0;2;7;1;1
202100055484;102 676;60;0;2;1;1;5
202100055485;102 672;7;0;2;4;1;1
202100055485;102 673;7;0;2;1;1;1
202100055485;102 674;7;0;2;9;1;1
202100055486;102 671;7;14;0;9;1;1
202100055487;102 669;40;0;2;1;1;3
202100055487;102 670;7;0;4;1;1;1
202100055488;102 667;7;0;2;4;1;1
202100055488;102 668;7;0;2;1;1;1
202100055489;102 665;7;0;2;3;1;1
202100055489;102 666;7;0;2;2;10;1
202100055490;102 663;1;0;2;1;5;5
202100055490;102 664;7;0;2;0;1;1
202100055491;102 661;7;0;2;4;1;1
202100055491;102 662;7;0;2;1;2;1
202100055492;102 658;7;0;2;4;2;1
202100055492;102 659;7;0;2;4;1;1
202100055492;102 660;10;0;2;1;2;1
202100055493;102 656;7;0;2;3;9;1
202100055493;102 657;1;0;2;7;1;5
202100055494;102 654;30;0;2;0;1;1
202100055494;102 655;7;0;2;2;1;1
202100055495;102 652;7;0;2;1;1;2
202100055495;102 653;10;0;2;8;9;1
202100055496;102 651;7;0;1;1;1;1
202100055497;102 649;7;0;2;4;1;1
202100055497;102 650;10;0;2;1;1;1
202100055498;102 648;7;0;1;3;1;1
202100055499;102 645;7;0;2;1;16;1
202100055499;102 646;10;0;2;4;16;1
202100055499;102 647;7;0;2;4;9;1
202100055500;102 643;2;0;2;2;1;1
202100055500;102 644;7;0;2;0;15;1
202100055501;102 638;7;0;2;4;15;1
202100055501;102 639;7;0;2;1;1;1
202100055501;102 640;7;0;0;1;1;1
202100055501;102 641;7;0;0;4;0;1
202100055501;102 642;7;0;2;0;0;1
202100055502;102 636;7;0;2;4;16;1
202100055502;102 637;2;0;2;1;26;1
202100055503;102 634;10;0;2;2;15;1
202100055503;102 635;32;0;2;1;1;1
202100055504;102 632;10;0;2;1;1;1
202100055504;102 633;7;0;2;1;9;1
202100055505;102 630;7;0;2;3;1;1
202100055505;102 631;7;0;2;3;19;1
202100055506;102 628;7;4;2;0;0;1
202100055506;102 629;7;4;2;3;23;1
202100055507;102 626;7;0;2;2;1;1
202100055507;102 627;7;0;2;3;9;1
202100055508;102 625;7;5;0;1;1;1
202100055509;102 623;33;0;2;1;13;1
202100055509;102 624;10;0;2;1;1;1
202100055510;102 621;7;1;2;1;1;1
202100055510;102 622;7;1;2;2;15;1
202100055511;102 619;7;0;2;4;0;1
202100055511;102 620;7;0;2;1;21;1
202100055512;102 618;7;0;1;1;1;1
202100055513;102 617;7;6;0;1;1;1
202100055514;102 615;7;0;2;1;1;1
202100055514;102 616;7;0;2;4;1;1
202100055515;102 614;7;2;0;8;1;1
202100055516;102 611;43;0;2;2;3;1
202100055516;102 612;7;0;2;8;1;1
202100055516;102 613;7;0;2;7;1;1
202100055517;102 609;7;0;2;7;12;1
202100055517;102 610;33;0;2;8;1;1
202100055518;102 608;37;0;1;2;1;1
202100055519;102 607;7;9;1;1;14;1
202100055520;102 605;32;0;2;1;7;1
202100055520;102 606;7;0;2;2;16;1
202100055521;102 603;37;0;2;3;9;2
202100055521;102 604;30;0;2;1;1;1
202100055522;102 601;7;0;2;1;2;1
202100055522;102 602;7;0;2;4;1;1
202100055523;102 600;7;0;1;7;1;1
202100055524;102 598;2;0;2;8;18;1
202100055524;102 599;7;0;2;7;16;0
202100055525;102 597;7;0;1;3;1;1
202100055526;102 596;2;8;0;1;25;1
202100055527;102 594;30;0;2;3;18;1
202100055527;102 595;10;0;2;7;14;1
202100055528;102 593;34;1;0;3;13;1
202100055529;102 592;1;0;1;1;1;5
202100055530;102 590;1;0;2;3;1;5
202100055530;102 591;7;0;2;2;16;1
202100055531;102 588;2;0;2;1;11;1
202100055531;102 589;7;0;2;4;1;2
202100055532;102 587;1;14;0;0;1;5
202100055533;102 585;1;0;2;8;1;5
202100055533;102 586;14;0;2;2;2;1
202100055534;102 584;1;9;0;1;19;5
202100055535;102 583;1;0;0;0;21;5
202100055536;102 582;1;0;1;1;1;5
202100055537;102 581;50;8;0;1;25;3
202100055538;102 580;7;0;1;2;9;0
202100055539;102 579;30;0;0;8;1;1
202100055540;102 578;34;0;0;0;1;1
202100055541;102 576;32;0;2;1;1;1
202100055541;102 577;7;0;2;5;19;1
202100055542;102 575;7;0;0;1;21;1
202100055543;102 573;32;0;2;1;1;1
202100055543;102 574;7;0;2;5;15;1
202100055544;102 572;7;0;1;2;20;1
202100055545;102 570;30;0;2;2;1;1
202100055545;102 571;7;0;2;2;1;1
202100055546;102 568;30;0;0;3;0;0
202100055546;102 569;7;0;0;0;2;2
202100055547;102 566;43;0;2;7;2;1
202100055547;102 567;7;0;2;8;13;1
202100055548;102 565;7;0;1;1;26;1
202100055549;102 563;30;0;2;8;17;1
202100055549;102 564;7;0;2;8;15;1
202100055550;102 561;7;0;2;2;15;1
202100055550;102 562;33;0;2;7;1;1
202100055551;102 559;10;2;0;7;26;1
202100055551;102 560;10;0;2;1;16;1
202100055552;102 555;30;0;2;3;26;1
202100055552;102 556;7;0;0;0;0;0
202100055553;102 554;7;7;0;3;1;1
202100055554;102 552;32;0;2;8;16;1
202100055554;102 553;7;0;2;2;1;1
202100055555;102 551;7;0;1;1;1;1
202100055556;102 550;33;12;0;3;18;1
202100055557;102 549;34;5;0;1;19;1
202100055558;102 546;7;0;2;3;15;1
202100055558;102 547;7;0;2;0;0;0
202100055559;102 544;7;0;2;2;20;1
202100055559;102 545;2;0;2;1;1;1
202100055560;102 542;7;0;2;1;1;1
202100055560;102 543;7;0;2;7;1;1
202100055561;102 540;14;0;2;1;1;1
202100055561;102 541;10;0;2;1;5;1
202100055562;102 538;7;0;2;3;15;1
202100055562;102 539;33;0;2;1;21;1
202100055563;102 536;2;5;2;1;1;1
202100055563;102 537;10;0;2;3;15;0
202100055564;102 533;7;0;2;1;17;1
202100055564;102 534;7;0;2;1;1;2
202100055565;102 532;17;13;0;2;1;1
202100055566;102 530;2;0;2;5;19;1
202100055566;102 531;7;0;2;1;1;1
202100055567;102 527;7;0;0;4;2;1
202100055567;102 528;7;0;0;6;2;1
202100055567;102 529;10;0;2;1;1;1
202100055568;102 525;7;0;2;5;17;1
202100055568;102 526;7;0;2;3;1;1
202100055569;102 523;3;0;2;3;1;1
202100055569;102 524;7;0;2;3;13;1
202100055570;102 522;7;0;0;9;1;1
202100055571;102 521;33;0;0;8;1;1
202100055572;102 519;2;0;2;1;1;1
202100055572;102 520;7;0;2;2;15;1
202100055573;102 518;7;0;0;1;1;1
202100055574;102 517;33;0;0;0;1;1
202100055575;102 516;7;13;0;2;1;1
202100055576;102 514;21;0;2;1;1;1
202100055576;102 515;7;0;2;7;26;1
202100055577;102 512;13;0;2;1;0;1
202100055577;102 513;7;0;2;7;13;1
202100055578;102 511;7;10;0;2;1;1
202100055579;102 510;7;3;0;1;16;1
202100055580;102 509;7;13;0;1;0;1
202100055581;102 507;7;0;2;3;1;1
202100055581;102 508;10;0;2;3;13;1
202100055582;102 505;7;13;0;1;1;1
202100055583;102 503;7;0;2;1;1;1
202100055583;102 504;10;0;2;1;1;1
202100055584;102 502;7;0;1;3;20;2
202100055585;102 500;7;2;2;3;17;1
202100055585;102 501;7;0;2;3;1;1
202100055586;102 499;7;13;0;3;1;1
202100055587;102 497;7;0;2;3;1;1
202100055587;102 498;7;0;2;3;1;1
202100055588;102 495;7;0;2;3;13;1
202100055588;102 496;10;0;2;3;1;1
202100055589;102 493;7;0;2;2;13;1
202100055589;102 494;7;0;2;2;1;1
202100055590;102 490;33;0;0;4;1;1
202100055590;102 491;14;0;0;3;9;1
202100055591;102 488;7;0;1;1;0;1
202100055592;102 486;7;0;2;3;1;1
202100055592;102 487;7;0;2;3;1;1
202100055593;102 484;7;0;2;1;1;1
202100055593;102 485;7;0;2;1;13;1
202100055594;102 482;7;0;2;1;0;1
202100055594;102 483;1;0;0;4;0;0
202100055595;102 480;7;0;2;2;1;1
202100055595;102 481;30;0;2;1;19;1
202100055596;102 478;7;0;2;3;19;1
202100055596;102 479;7;0;2;3;21;1
202100055597;102 477;33;0;0;7;1;1
202100055598;102 476;7;13;0;2;1;1
202100055599;102 475;7;15;1;7;2;0
202100055600;102 474;33;0;0;9;14;1
202100055601;102 473;7;6;0;3;15;1
202100055602;102 471;7;0;2;7;15;1
202100055602;102 472;33;0;2;1;1;1
202100055603;102 468;7;0;2;3;17;1
202100055603;102 469;7;0;2;3;1;1
202100055603;102 470;15;0;2;6;1;1
202100055604;102 466;7;6;1;2;1;1
202100055604;102 467;7;0;2;1;1;1
202100055605;102 464;10;0;2;2;13;1
202100055605;102 465;7;0;2;2;13;1
202100055606;102 462;7;0;1;3;1;0
202100055606;102 463;10;0;1;3;1;1
202100055607;102 460;21;0;2;1;1;1
202100055607;102 461;7;0;2;1;17;1
202100055608;102 458;20;0;2;1;9;1
202100055608;102 459;38;14;2;1;2;1
202100055609;102 452;10;0;2;4;2;1
202100055609;102 453;7;0;2;4;1;1
202100055609;102 454;7;0;2;4;1;1
202100055609;102 455;10;0;2;1;1;1
202100055609;102 456;10;0;2;4;2;1
202100055609;102 457;7;0;2;4;2;1
202100055610;102 450;14;0;2;7;1;1
202100055610;102 451;7;0;2;1;1;1
202100055611;102 447;7;0;2;6;1;2
202100055611;102 448;7;0;2;7;12;1
202100055611;102 449;33;0;2;1;3;1
202100055612;102 446;10;16;0;1;15;1
202100055613;102 443;10;0;2;1;1;1
202100055613;102 444;7;0;2;4;2;1
202100055613;102 445;7;0;2;0;0;1
202100055614;102 441;7;0;2;8;1;1
202100055614;102 442;7;0;2;2;1;1
202100055615;102 438;7;0;2;4;2;1
202100055615;102 439;7;0;2;1;2;1
202100055615;102 440;7;0;2;1;1;1
202100055616;102 437;7;4;0;1;21;1