Num_Acc;id_vehicule;catv;obs;obsm;choc;manv;motor
202100056026;101 738;7;4;2;4;13;1
202100056026;101 739;7;0;2;3;15;1
202100056027;101 736;7;0;2;8;10;1
202100056027;101 737;7;0;2;1;1;1
202100056028;101 735;10;0;1;2;16;1
202100056029;101 733;7;0;2;6;0;1
202100056029;101 734;7;0;2;3;16;1
202100056030;101 732;60;0;0;1;1;5
202100056031;101 731;7;0;0;7;13;1
202100056032;101 730;33;0;0;0;1;1
202100056033;101 728;7;0;2;2;15;1
202100056033;101 729;32;0;2;1;1;1
202100056034;101 726;7;0;2;1;16;1
202100056034;101 727;7;0;2;2;1;1
202100056035;101 724;7;0;2;1;1;1
202100056035;101 725;7;1;2;4;23;1
202100056036;101 722;7;0;2;8;9;1
202100056036;101 723;7;0;2;1;9;2
202100056037;101 721;7;0;1;2;1;1
202100056038;101 720;10;0;1;2;1;1
202100056039;101 719;7;0;1;2;17;0
202100056040;101 717;7;7;2;1;2;1
202100056040;101 718;7;9;0;4;2;1
202100056041;101 715;7;0;2;2;15;1
202100056041;101 716;7;0;2;3;1;1
202100056042;101 713;7;0;2;1;1;1
202100056042;101 714;7;0;2;1;13;1
202100056043;101 711;7;0;2;1;1;1
202100056043;101 712;7;0;2;4;1;1
202100056044;101 707;7;0;2;1;1;1
202100056044;101 708;7;0;2;4;1;1
202100056044;101 709;7;0;2;4;1;1
202100056044;101 710;7;0;2;1;1;1
202100056045;101 705;7;0;2;1;1;1
202100056045;101 706;2;0;2;1;1;1
202100056046;101 703;7;0;2;4;1;1
202100056046;101 704;7;0;2;1;1;1
202100056047;101 702;7;0;1;2;1;1
202100056048;101 700;7;0;2;2;15;1
202100056048;101 701;7;0;2;1;1;0
202100056049;101 698;7;0;2;3;9;1
202100056049;101 699;1;0;2;1;1;5
202100056050;101 697;7;15;0;1;26;1
202100056051;101 695;7;0;2;3;15;1
202100056051;101 696;1;0;2;3;1;5
202100056052;101 694;7;0;1;3;1;1
202100056053;101 693;7;0;1;2;1;1
202100056054;101 690;10;0;2;0;19;0
202100056054;101 691;7;0;2;6;1;1
202100056054;101 692;7;0;2;8;1;1
202100056055;101 687;7;0;2;1;17;1
202100056055;101 688;7;0;2;1;1;1
202100056055;101 689;7;0;2;3;1;1
202100056056;101 685;34;0;2;1;1;1
202100056056;101 686;7;0;0;0;0;1
202100056057;101 684;7;0;1;1;1;1
202100056058;101 683;7;0;1;1;1;1
202100056059;101 682;30;0;0;1;0;1
202100056060;101 681;7;4;0;2;1;1
202100056061;101 678;10;0;2;0;2;1
202100056061;101 679;10;0;2;4;23;1
202100056061;101 680;7;0;2;4;23;1
202100056062;101 676;7;0;2;6;2;1
202100056062;101 677;32;0;2;1;2;1
202100056063;101 674;32;7;2;1;1;1
202100056063;101 675;32;0;2;8;1;1
202100056064;101 671;7;0;2;3;5;1
202100056064;101 672;7;0;2;2;12;1
202100056064;101 673;7;0;2;3;7;1
202100056065;101 670;30;0;0;0;1;1
202100056066;101 668;7;0;2;6;23;1
202100056066;101 669;1;0;2;1;1;5
202100056067;101 666;33;0;2;8;1;1
202100056067;101 667;10;0;2;2;16;1
202100056068;101 663;7;0;2;3;15;1
202100056068;101 664;33;0;2;3;1;1
202100056068;101 665;32;0;2;3;1;1
202100056069;101 661;1;0;2;8;1;5
202100056069;101 662;7;0;2;2;14;1
202100056070;101 659;32;0;2;2;7;1
202100056070;101 660;7;0;2;8;22;1
202100056071;101 658;32;0;1;1;1;1
202100056072;101 656;34;0;2;8;1;1
202100056072;101 657;7;0;2;8;1;1
202100056073;101 652;7;0;2;2;1;1
202100056073;101 653;30;0;2;1;1;3
202100056074;101 650;7;0;2;1;15;1
202100056074;101 651;1;0;2;1;1;5
202100056075;101 648;1;0;2;1;19;5
202100056075;101 649;7;0;2;2;16;1
202100056076;101 646;33;0;2;1;2;1
202100056076;101 647;7;15;0;5;23;1
202100056077;101 644;7;0;2;1;1;1
202100056077;101 645;7;0;2;8;15;1
202100056078;101 642;7;0;2;3;9;2
202100056078;101 643;50;0;2;7;2;3
202100056079;101 640;30;0;0;0;26;1
202100056080;101 638;7;0;2;8;15;1
202100056080;101 639;7;0;2;1;1;1
202100056081;101 636;30;0;2;2;1;1
202100056081;101 637;10;0;2;0;9;0
202100056082;101 635;30;0;0;0;16;1
202100056083;101 633;2;0;2;1;1;1
202100056083;101 634;7;0;2;6;9;1
202100056084;101 630;7;0;2;3;13;0
202100056084;101 631;7;0;2;7;1;0
202100056084;101 632;31;0;2;9;3;0
202100056085;101 629;7;0;1;2;26;1
202100056086;101 628;15;0;1;2;1;1
202100056087;101 625;2;0;2;1;0;1
202100056087;101 626;10;0;2;8;1;1
202100056088;101 623;7;0;0;0;15;1
202100056088;101 624;1;12;0;0;1;5
202100056089;101 621;7;0;2;8;15;1
202100056089;101 622;2;0;2;1;1;1
202100056090;101 619;2;0;2;1;1;1
202100056090;101 620;7;0;2;3;9;1
202100056091;101 618;10;0;1;2;1;1
202100056092;101 617;7;2;0;3;0;1
202100056093;101 615;7;0;2;1;13;1
202100056093;101 616;10;0;2;1;1;1
202100056094;101 614;7;0;1;1;1;1
202100056095;101 613;10;0;1;7;1;1
202100056096;101 611;7;0;2;3;1;1
202100056096;101 612;7;0;2;3;16;1
202100056097;101 609;7;0;2;3;1;1
202100056097;101 610;17;0;2;6;1;1
202100056098;101 608;7;0;1;3;16;1
202100056099;101 606;7;0;2;8;19;1
202100056099;101 607;7;0;2;1;2;1
202100056100;101 604;7;1;0;2;2;1
202100056100;101 605;21;0;0;6;23;1
202100056101;101 603;10;0;1;2;1;1
202100056102;101 602;7;0;1;1;1;1
202100056103;101 601;7;13;0;2;1;1
202100056104;101 599;7;3;0;4;26;1
202100056104;101 600;7;0;2;1;2;3
202100056105;101 597;10;0;2;1;12;1
202100056105;101 598;15;0;0;4;1;1
202100056106;101 595;15;0;2;3;1;1
202100056106;101 596;7;0;2;3;13;1
202100056107;101 591;7;0;2;3;2;1
202100056107;101 592;7;4;2;3;13;1
202100056108;101 590;7;8;0;0;1;1
202100056109;101 588;7;0;2;2;19;1
202100056109;101 589;7;0;2;7;15;1
202100056110;101 584;7;0;0;3;5;1
202100056110;101 585;14;0;0;3;0;0
202100056111;101 583;7;3;0;3;1;1
202100056112;101 582;7;1;1;7;1;0
202100056113;101 580;7;0;2;3;0;1
202100056113;101 581;7;0;2;3;1;1
202100056114;101 578;2;0;0;0;1;1
202100056114;101 579;13;0;0;0;16;1
202100056115;101 577;7;0;1;3;1;1
202100056116;101 576;7;2;0;1;1;1
202100056117;101 574;30;9;2;8;1;1
202100056117;101 575;7;0;2;3;1;1
202100056118;101 572;7;6;2;8;17;1
202100056118;101 573;7;0;2;1;1;1
202100056119;101 571;7;4;0;1;1;1
202100056120;101 570;7;4;0;0;17;1
202100056121;101 567;10;0;2;1;2;1
202100056121;101 568;7;0;2;4;2;1
202100056121;101 569;7;0;2;4;1;1
202100056122;101 565;7;0;0;0;21;1
202100056122;101 566;7;0;0;1;0;0
202100056123;101 563;7;1;0;1;2;1
202100056123;101 564;7;0;2;4;23;1
202100056124;101 561;7;0;2;5;1;1
202100056124;101 562;34;0;2;1;21;1
202100056125;101 559;15;0;2;1;2;1
202100056125;101 560;7;0;2;4;2;1
202100056126;101 557;7;0;2;2;12;1
202100056126;101 558;32;0;2;3;3;1
202100056127;101 556;7;4;0;3;13;1
202100056128;101 555;7;8;0;1;14;1
202100056129;101 551;43;0;2;2;3;1
202100056129;101 552;7;0;2;6;1;2
202100056129;101 553;99;0;2;8;11;1
202100056129;101 554;7;0;2;7;1;1
202100056130;101 550;7;4;2;6;14;1
202100056131;101 549;7;0;1;1;1;1
202100056132;101 547;7;0;2;1;0;1
202100056132;101 548;7;0;2;1;0;1
202100056133;101 545;7;0;2;7;1;2
202100056133;101 546;7;0;2;1;26;1
202100056134;101 543;2;0;2;8;1;1
202100056134;101 544;7;0;2;1;15;1
202100056135;101 542;1;0;1;0;1;5
202100056136;101 539;7;0;0;2;1;1
202100056136;101 540;7;0;2;3;1;1
202100056136;101 541;34;0;2;1;15;1
202100056137;101 537;7;0;2;1;1;1
202100056137;101 538;7;0;2;5;9;2
202100056138;101 535;7;0;2;1;17;1
202100056138;101 536;7;3;0;6;1;1
202100056139;101 533;7;0;2;3;1;1
202100056139;101 534;7;0;2;3;13;1
202100056140;101 531;33;0;2;1;2;1
202100056140;101 532;7;0;2;3;15;3
202100056141;101 530;7;1;0;5;1;1
202100056142;101 528;7;0;2;2;15;1
202100056142;101 529;2;0;2;3;1;1
202100056143;101 526;7;0;2;1;1;1
202100056143;101 527;7;0;2;2;9;1
202100056144;101 525;7;0;1;1;15;1
202100056145;101 524;40;0;1;3;1;3
202100056146;101 522;7;0;2;3;1;1
202100056146;101 523;7;0;2;2;1;1
202100056147;101 521;30;0;0;8;26;1
202100056148;101 519;2;0;2;0;0;1
202100056148;101 520;7;0;2;3;9;1
202100056149;101 518;7;0;1;1;17;1
202100056150;101 516;33;0;2;1;1;1
202100056150;101 517;7;0;2;8;15;1
202100056151;101 514;7;0;2;3;0;1
202100056151;101 515;1;0;2;1;1;5
202100056152;101 512;7;0;2;6;2;1
202100056152;101 513;7;0;2;3;2;1
202100056153;101 511;7;0;1;1;1;1
202100056154;101 509;7;0;2;3;15;1
202100056154;101 510;33;0;2;1;2;1
202100056155;101 508;7;0;1;3;15;1
202100056156;101 507;7;0;1;7;1;1
202100056157;101 506;7;0;1;1;1;1
202100056158;101 505;7;0;1;2;1;1
202100056159;101 504;7;12;0;1;1;1
202100056160;101 502;7;0;2;2;15;1
202100056160;101 503;7;0;2;8;2;1
202100056161;101 500;2;0;2;1;19;1
202100056161;101 501;7;0;2;1;15;1
202100056162;101 499;7;8;0;1;1;1
202100056163;101 497;7;0;2;7;15;1
202100056163;101 498;50;0;2;5;1;3
202100056164;101 496;30;0;0;0;1;1
202100056165;101 495;30;2;0;1;14;1
202100056166;101 494;7;0;1;3;1;1
202100056167;101 491;10;0;2;3;1;1
202100056167;101 492;7;0;2;5;9;1
202100056168;101 489;2;0;2;2;2;1
202100056168;101 490;7;0;2;3;15;1
202100056169;101 487;1;0;1;1;1;5
202100056170;101 485;7;0;2;1;1;1
202100056170;101 486;7;0;2;4;23;1
202100056171;101 484;7;6;0;1;9;1
202100056172;101 482;7;0;2;7;1;1
202100056172;101 483;7;0;2;1;19;1
202100056173;101 481;43;0;1;1;26;1
202100056174;101 479;7;0;2;4;2;1
202100056174;101 480;7;0;2;1;2;1
202100056175;101 476;7;0;2;4;2;1
202100056175;101 477;7;0;2;4;2;1
202100056175;101 478;7;0;2;1;2;1
202100056176;101 475;33;0;1;2;17;1
202100056177;101 474;30;0;0;7;21;1
202100056178;101 472;10;0;2;0;22;1
202100056178;101 473;32;0;2;0;1;1
202100056179;101 470;10;0;2;7;12;0
202100056179;101 471;30;0;2;8;7;3
202100056180;101 469;7;0;1;4;4;1
202100056181;101 468;33;0;1;1;21;1
202100056182;101 466;7;0;2;3;13;1
202100056182;101 467;2;1;2;2;17;3
202100056183;101 463;10;0;2;8;22;1
202100056183;101 464;80;0;2;1;1;3
202100056184;101 462;1;0;0;1;21;5
202100056185;101 460;7;0;2;1;1;1
202100056185;101 461;1;0;2;8;19;5
202100056186;101 459;14;0;1;5;24;1
202100056187;101 458;14;0;1;1;16;1
202100056188;101 456;7;0;2;5;1;1
202100056188;101 457;7;0;2;3;13;1
202100056189;101 454;1;0;4;8;19;5
202100056189;101 455;40;0;9;1;1;3
202100056190;101 452;7;0;2;3;26;1
202100056190;101 453;7;0;2;1;9;1
202100056191;101 450;7;0;0;0;0;0
202100056191;101 451;33;0;0;0;0;0
202100056192;101 449;7;0;1;1;1;1
202100056193;101 448;30;0;0;8;1;1
202100056194;101 446;10;0;2;3;15;1
202100056194;101 447;50;0;2;1;1;3
202100056195;101 444;7;0;2;5;16;1
202100056195;101 445;7;0;2;2;16;2
202100056196;101 443;7;0;1;1;1;1
202100056197;101 441;7;0;2;7;12;1
202100056197;101 442;32;0;2;1;1;1
202100056198;101 440;10;13;0;3;1;1
202100056199;101 438;15;0;0;4;2;1
202100056199;101 439;7;0;2;1;2;1
202100056200;101 437;14;13;0;3;1;1
202100056201;101 432;7;0;1;2;0;2
202100056202;101 431;7;13;0;1;13;1
202100056203;101 430;7;17;0;2;13;1
202100056204;101 429;7;0;1;2;1;1
202100056205;101 427;10;0;2;8;1;1
202100056205;101 428;7;0;2;1;1;1
202100056206;101 425;7;0;2;2;15;1
202100056206;101 426;33;0;2;7;21;1
202100056207;101 424;7;2;0;1;1;1
202100056208;101 423;7;1;0;1;5;1
202100056209;101 422;7;13;0;2;1;1
202100056210;101 420;7;0;2;1;1;1
202100056210;101 421;7;0;2;1;13;1
202100056211;101 418;2;0;2;7;1;1
202100056211;101 419;7;0;2;1;15;1
202100056212;101 416;33;0;2;1;1;1
202100056212;101 417;7;0;2;3;17;1
202100056213;101 413;7;0;2;4;1;1
202100056213;101 414;7;0;2;1;2;1
202100056214;101 411;2;0;2;1;1;1
202100056214;101 412;2;0;2;1;13;1
202100056215;101 410;1;0;0;3;1;5
202100056216;101 409;7;0;1;2;1;1
202100056217;101 408;7;2;0;3;13;1
202100056218;101 407;7;0;0;9;1;1
202100056219;101 405;10;0;2;5;15;1
202100056219;101 406;33;0;2;2;1;1
202100056220;101 403;7;0;0;3;1;1
202100056220;101 404;7;0;0;1;15;1
202100056221;101 402;7;0;1;7;1;1
202100056222;101 400;2;0;2;3;15;1
202100056222;101 401;7;0;2;3;15;1
202100056223;101 399;33;1;0;1;21;1
202100056224;101 397;7;0;2;4;1;1
202100056224;101 398;7;0;2;2;2;1
202100056225;101 396;34;0;9;1;1;1
202100056226;101 394;7;0;2;4;1;1
202100056226;101 395;7;0;2;1;1;1
202100056227;101 391;17;0;2;3;0;1
202100056227;101 392;7;0;2;0;0;0
202100056227;101 393;7;0;2;0;0;1
202100056228;101 389;7;0;2;3;1;1
202100056228;101 390;15;0;2;2;12;1
202100056229;101 388;7;0;0;1;1;1
202100056230;101 385;10;0;2;4;2;1
202100056230;101 386;33;0;2;1;2;1
202100056230;101 387;7;0;2;1;2;1
202100056231;101 380;7;0;2;2;15;1
202100056231;101 381;33;0;2;5;16;1
202100056232;101 379;33;0;0;0;9;1
202100056233;101 377;7;0;2;3;13;1
202100056233;101 378;33;0;2;1;7;1
202100056234;101 376;7;0;1;1;1;1
202100056235;101 375;50;0;0;8;1;3
202100056236;101 373;7;0;2;3;1;1
202100056236;101 374;7;0;2;6;1;1
202100056237;101 372;7;0;1;2;1;1
202100056238;101 370;7;0;2;3;2;1
202100056238;101 371;7;0;2;5;2;1
202100056239;101 368;7;0;2;5;26;1
202100056239;101 369;7;0;2;3;9;1
202100056240;101 367;7;0;1;1;1;0
202100056241;101 365;7;0;2;1;1;1
202100056241;101 366;7;0;2;2;15;1
202100056242;101 364;2;12;0;1;19;1
202100056243;101 362;7;0;2;7;1;1
202100056243;101 363;7;0;2;8;15;1
202100056244;101 361;7;2;0;1;1;1
202100056245;101 357;7;0;2;4;23;1
202100056245;101 358;7;0;2;4;23;1
202100056245;101 359;7;0;0;0;0;0
202100056245;101 360;7;0;2;1;1;1
202100056246;101 355;7;0;2;1;5;1
202100056246;101 356;2;0;2;1;15;1
202100056247;101 351;7;0;2;3;15;3
202100056247;101 352;34;0;2;1;1;1
202100056248;101 349;1;0;2;7;1;5
202100056248;101 350;7;0;2;3;9;1
202100056249;101 348;30;0;0;0;1;1
202100056250;101 347;7;1;0;8;1;1
202100056251;101 346;7;0;1;3;26;1
202100056252;101 345;7;0;1;2;1;1
202100056253;101 344;0;0;1;1;19;0
202100056254;101 343;7;7;0;2;14;1
202100056255;101 342;7;7;0;3;13;1
202100056256;101 340;7;0;2;1;15;1
202100056256;101 341;33;0;2;1;1;1
202100056257;101 339;7;0;1;2;1;1
202100056258;101 338;7;7;0;2;14;1
202100056259;101 335;10;0;1;3;15;1
202100056260;101 333;2;0;2;1;1;1
202100056260;101 334;7;0;2;6;23;1
202100056261;101 331;7;0;2;4;16;1
202100056261;101 332;7;0;2;1;16;1
202100056262;101 329;7;0;2;2;23;1
202100056262;101 330;2;14;0;1;18;1
202100056263;101 327;37;0;2;2;1;1
202100056263;101 328;7;3;2;5;1;1
202100056264;101 325;30;0;2;8;1;1
202100056264;101 326;7;0;2;1;15;1
202100056265;101 323;7;0;2;0;9;0
202100056265;101 324;2;0;2;1;1;1
202100056266;101 321;10;0;0;6;23;1
202100056266;101 322;7;0;2;2;21;1
202100056267;101 320;7;0;1;0;26;0
202100056268;101 319;7;0;1;1;13;1
202100056269;101 317;43;0;2;1;1;1
202100056269;101 318;7;0;2;5;16;0
202100056270;101 316;7;0;1;3;1;1
202100056271;101 315;7;0;1;1;21;2
202100056272;101 311;15;0;2;1;1;1
202100056272;101 312;10;0;2;4;15;1
202100056272;101 313;7;13;0;0;0;1
202100056272;101 314;7;0;2;3;1;1
202100056273;101 309;7;0;2;2;21;1
202100056273;101 310;7;0;2;2;9;1
202100056274;101 307;7;0;2;1;1;1
202100056274;101 308;7;0;2;2;1;1
202100056275;101 305;30;0;2;8;1;1
202100056275;101 306;7;0;2;3;15;1
202100056276;101 303;1;0;2;3;1;5
202100056276;101 304;7;0;2;2;17;2
202100056277;101 301;10;0;2;8;22;1
202100056277;101 302;30;0;2;7;1;1
202100056278;101 299;7;0;2;3;1;1
202100056278;101 300;7;0;2;1;1;1
202100056279;101 297;32;0;2;1;13;1
202100056279;101 298;7;0;2;4;1;1
202100056280;101 296;30;0;0;0;16;1
202100056281;101 294;80;0;0;0;1;3
202100056282;101 293;80;12;0;1;13;3
202100056283;101 292;1;0;1;1;1;5
202100056284;101 291;1;0;1;1;5;5
202100056285;101 289;1;0;9;8;19;5
202100056285;101 290;2;0;9;1;1;0
202100056286;101 286;7;0;2;6;24;1
202100056286;101 287;7;0;2;2;19;1
202100056286;101 288;7;1;2;8;1;1
202100056287;101 284;50;0;2;0;19;3
202100056287;101 285;7;0;2;0;0;0
202100056288;101 282;7;0;2;3;15;1
202100056288;101 283;7;0;2;1;1;1
202100056289;101 280;7;0;2;1;2;0
202100056289;101 281;7;0;2;4;2;1
202100056290;101 278;10;0;2;3;15;1
202100056290;101 279;1;0;2;1;1;5
202100056291;101 276;43;0;2;7;13;1
202100056291;101 277;7;1;0;3;13;1
202100056292;101 275;7;14;0;3;13;1
202100056293;101 273;10;0;2;3;1;3
202100056293;101 274;7;0;2;3;15;1
202100056294;101 272;10;0;1;1;1;1
202100056295;101 271;7;0;1;4;26;1
202100056296;101 269;7;0;2;1;1;1
202100056296;101 270;7;0;2;1;5;1
202100056297;101 267;7;0;2;8;1;1
202100056297;101 268;10;0;2;1;1;1
202100056298;101 265;50;1;0;1;1;3
202100056298;101 266;7;0;2;7;22;0
202100056299;101 261;10;0;2;2;1;1
202100056299;101 262;14;0;2;6;1;1
202100056299;101 263;7;0;2;3;13;1
202100056299;101 264;17;0;2;3;1;1
202100056300;101 259;1;0;2;1;25;5
202100056300;101 260;7;0;2;7;9;1
202100056301;101 258;33;0;1;1;1;1
202100056302;101 257;31;0;0;7;1;1
202100056303;101 255;10;0;2;3;1;1
202100056303;101 256;7;0;2;3;1;1
202100056304;101 254;7;0;0;7;0;1
202100056305;101 253;38;3;0;7;0;1
202100056306;101 252;7;0;1;1;11;1
202100056307;101 250;1;9;0;4;1;5
202100056307;101 251;7;0;9;2;1;1
202100056308;101 249;7;2;0;1;1;1
202100056309;101 248;10;0;1;1;1;1
202100056310;101 247;7;0;1;3;1;1
202100056311;101 245;7;0;2;2;1;1
202100056311;101 246;7;0;2;1;13;1
202100056312;101 243;17;0;2;5;1;1
202100056312;101 244;1;0;2;3;25;5
202100056313;101 241;7;0;2;2;1;1
202100056313;101 242;7;1;2;3;2;1
202100056314;101 240;7;3;0;1;1;2
202100056315;101 236;15;0;2;1;2;0
202100056315;101 237;7;0;2;4;2;1
202100056315;101 238;7;0;2;4;2;1
202100056315;101 239;15;0;0;4;2;1
202100056316;101 234;7;0;2;1;13;1
202100056316;101 235;10;0;2;4;17;1
202100056317;101 232;1;0;0;8;1;5
202100056317;101 233;7;0;2;7;14;0
202100056318;101 231;2;0;1;1;5;1
202100056319;101 229;7;0;2;2;13;1
202100056319;101 230;7;0;2;3;1;1
202100056320;101 228;7;4;0;3;11;1
202100056321;101 225;7;0;2;4;2;1
202100056321;101 226;7;0;2;1;2;0
202100056321;101 227;7;0;2;4;2;0
202100056322;101 222;7;4;0;1;1;1
202100056322;101 223;15;0;2;4;2;1
202100056322;101 224;7;0;2;1;2;1
202100056323;101 221;7;1;1;1;1;1
202100056324;101 219;31;0;2;1;1;1
202100056324;101 220;7;0;2;6;15;1
202100056325;101 217;33;1;2;8;1;1
202100056325;101 218;7;1;2;2;1;1
202100056326;101 215;2;0;2;0;0;1
202100056326;101 216;7;0;2;5;26;1
202100056327;101 214;30;0;1;1;21;0
202100056328;101 213;7;0;0;1;14;1
202100056329;101 212;43;0;9;1;1;1
202100056330;101 211;7;4;0;9;26;1
202100056331;101 209;7;0;2;1;1;1
202100056331;101 210;7;0;2;1;10;1
202100056332;101 207;7;0;2;4;2;1
202100056332;101 208;7;0;2;2;2;1
202100056333;101 205;7;0;2;3;26;1
202100056333;101 206;2;0;2;1;26;1
202100056334;101 203;7;2;2;2;24;1
202100056334;101 204;7;1;0;2;1;1
202100056335;101 201;7;0;2;1;1;1
202100056335;101 202;7;0;2;7;1;1
202100056336;101 199;7;0;2;1;19;1
202100056336;101 200;7;0;2;3;15;1
202100056337;101 198;7;1;0;0;0;1
202100056338;101 196;7;0;2;1;2;0
202100056338;101 197;33;0;2;1;17;1
202100056339;101 195;36;12;0;9;10;1
202100056340;101 191;7;0;2;3;19;1
202100056340;101 192;31;0;2;1;1;1
202100056341;101 189;7;0;2;2;2;1
202100056341;101 190;2;0;2;8;2;1
202100056342;101 187;30;0;2;1;15;1
202100056342;101 188;32;0;2;1;1;1
202100056343;101 185;7;8;2;5;1;1
202100056343;101 186;7;0;2;1;1;1
202100056344;101 183;31;0;2;0;0;1
202100056344;101 184;7;0;2;0;0;2
202100056345;101 182;32;0;0;0;1;1
202100056346;101 181;1;0;1;1;13;0
202100056347;101 180;7;8;0;1;0;1
202100056348;101 178;32;0;2;2;1;1
202100056348;101 179;7;0;2;3;10;1
202100056349;101 177;7;1;0;1;26;1
202100056350;101 176;7;1;0;2;13;1
202100056351;101 174;2;0;2;1;1;1
202100056351;101 175;7;0;2;6;1;1
202100056352;101 173;7;8;0;3;1;1
202100056353;101 171;7;0;2;1;1;1
202100056353;101 172;7;0;0;8;9;1
202100056354;101 168;10;0;2;7;1;1
202100056354;101 169;7;0;2;1;1;1
202100056354;101 170;7;0;2;1;13;1
202100056355;101 167;7;2;0;1;1;1
202100056356;101 166;7;2;0;1;1;1
202100056357;101 164;7;0;2;3;15;1
202100056357;101 165;7;0;2;3;1;1
202100056358;101 163;7;15;0;1;1;1
202100056359;101 161;7;0;2;3;1;1
202100056359;101 162;2;0;2;7;15;1
202100056360;101 160;7;2;0;1;1;1
202100056361;101 159;7;2;0;3;0;1
202100056362;101 157;1;0;2;0;1;5
202100056362;101 158;7;0;2;1;15;1
202100056363;101 156;7;2;0;2;1;1
202100056364;101 151;7;3;2;1;1;1
202100056364;101 152;7;3;2;2;1;1
202100056364;101 153;7;3;2;2;1;1
202100056364;101 154;7;3;2;3;1;1
202100056364;101 155;7;3;2;2;1;1
202100056365;101 149;7;0;0;4;23;1
202100056365;101 150;7;1;0;1;2;1
202100056366;101 147;7;0;0;4;17;1
202100056366;101 148;7;0;2;1;2;1
202100056367;101 145;7;0;0;4;1;1
202100056367;101 146;10;0;2;1;1;1
202100056368;101 143;7;0;2;2;2;1
202100056368;101 144;7;0;2;4;1;1
202100056369;101 142;7;8;0;1;1;1
202100056370;101 141;10;16;0;9;14;1
202100056371;101 140;7;16;0;0;13;1
202100056372;101 138;2;0;2;1;1;1
202100056372;101 139;7;0;2;1;1;1
202100056373;101 136;7;0;9;1;1;1
202100056373;101 137;2;0;2;7;19;3
202100056374;101 134;7;0;0;3;23;1
202100056374;101 135;7;1;0;3;13;1
202100056375;101 133;7;13;0;3;1;1
202100056376;101 132;36;0;0;0;1;1
202100056377;101 130;7;0;2;2;23;1
202100056377;101 131;7;0;2;0;0;1
202100056378;101 128;7;1;0;7;2;0
202100056378;101 129;7;4;0;2;1;0
202100056379;101 126;7;0;2;1;2;1
202100056379;101 127;7;0;2;4;1;1
202100056380;101 123;7;0;2;4;2;1
202100056380;101 124;7;0;2;4;2;1
202100056380;101 125;7;0;2;1;2;1
202100056381;101 121;7;0;0;0;0;0
202100056381;101 122;2;0;2;1;0;1
202100056382;101 119;7;0;2;1;2;1
202100056382;101 120;7;0;2;4;23;1
202100056383;101 118;7;4;0;2;0;1
202100056384;101 116;7;0;2;1;2;1
202100056384;101 117;7;0;2;4;2;1
202100056385;101 115;33;0;2;1;1;1
202100056386;101 113;7;0;2;3;1;1
202100056386;101 114;7;0;2;3;15;1
202100056387;101 111;32;0;2;4;23;1
202100056387;101 112;2;0;2;1;1;1
202100056388;101 109;7;0;2;1;15;1
202100056388;101 110;7;0;2;5;1;1
202100056389;101 107;31;0;2;4;2;1
202100056389;101 108;7;0;2;1;0;0
202100056390;101 104;7;0;2;1;15;1
202100056390;101 105;7;0;2;1;2;1
202100056390;101 106;7;0;2;1;1;1
202100056391;101 102;2;0;2;2;26;1
202100056391;101 103;7;0;2;3;1;1
202100056392;101 100;2;0;2;1;0;1
202100056392;101 101;7;0;2;2;1;1
202100056393;101 098;7;0;2;7;1;1
202100056393;101 099;7;0;2;1;15;1
202100056394;101 097;7;11;0;2;12;2
202100056395;101 096;7;6;0;1;13;1
202100056396;101 094;7;0;2;3;21;1
202100056396;101 095;7;0;2;2;21;0
202100056397;101 092;30;0;2;1;1;1
202100056397;101 093;7;0;2;3;1;1
202100056398;101 090;7;0;0;4;2;1
202100056398;101 091;7;0;2;1;2;1
202100056399;101 089;7;0;1;2;1;1
202100056400;101 086;7;0;2;4;1;1
202100056400;101 087;7;0;2;4;1;1
202100056400;101 088;7;0;2;1;1;1
202100056401;101 085;7;1;1;1;21;1
202100056402;101 083;7;15;2;3;19;1
202100056402;101 084;7;15;2;2;19;1
202100056403;101 081;7;0;2;1;1;1
202100056403;101 082;7;0;2;4;1;1
202100056404;101 079;1;0;2;1;25;5
202100056404;101 080;7;0;2;1;1;1
202100056405;101 078;7;14;0;1;26;1
202100056406;101 077;7;2;0;1;1;1
202100056407;101 074;7;0;2;3;1;1
202100056407;101 075;33;0;2;1;17;1
202100056407;101 076;7;0;2;3;1;1
202100056408;101 071;7;0;2;1;1;1
202100056408;101 072;7;0;2;1;9;1
202100056408;101 073;7;0;2;1;13;1
202100056409;101 070;7;16;0;1;14;1
202100056410;101 068;7;0;2;7;9;0
202100056410;101 069;30;0;2;1;1;0
202100056411;101 067;10;0;1;7;26;1
202100056412;101 065;7;0;2;1;0;1
202100056412;101 066;7;0;2;2;1;1
202100056413;101 063;7;0;2;3;15;1
202100056413;101 064;32;0;2;1;2;1
202100056414;101 061;2;0;2;7;1;1
202100056414;101 062;7;0;2;1;0;1
202100056415;101 059;32;0;2;2;0;1
202100056415;101 060;3;0;2;6;0;1
202100056416;101 058;7;6;0;1;1;1
202100056417;101 055;7;0;2;1;2;1
202100056417;101 056;7;0;2;4;2;1
202100056417;101 057;10;0;2;4;2;1
202100056418;101 053;7;0;2;0;1;0
202100056418;101 054;30;0;2;1;1;1
202100056419;101 048;7;0;2;4;23;1
202100056419;101 049;7;0;2;4;23;1
202100056419;101 050;7;0;2;4;23;1
202100056419;101 051;7;0;2;4;23;1
202100056419;101 052;7;0;2;1;1;1
202100056420;101 047;7;1;2;2;16;1
202100056421;101 046;10;0;1;2;1;1
202100056422;101 044;7;1;2;3;13;1
202100056422;101 045;2;0;2;7;17;3
202100056423;101 042;33;0;2;1;1;1
202100056423;101 043;7;0;2;8;10;1
202100056424;101 040;7;0;2;2;9;1
202100056424;101 041;1;0;2;1;1;5
202100056425;101 038;7;0;2;2;16;1