Num_Acc;id_vehicule;catv;obs;obsm;choc;manv;motor
202200000308;813 417;17;0;2;1;2;1
202200000309;813 414;2;0;2;1;19;1
202200000309;813 415;7;0;2;8;1;1
202200000310;813 412;33;0;2;1;2;1
202200000310;813 413;7;0;2;5;1;1
202200000311;813 411;33;0;0;0;1;1
202200000312;813 410;7;1;0;1;14;1
202200000313;813 406;7;0;2;1;1;1
202200000313;813 408;7;0;2;2;1;1
202200000314;813 405;7;0;2;4;1;1
202200000314;813 407;7;0;2;1;1;1
202200000314;813 409;7;0;2;4;1;1
202200000315;813 402;32;0;2;1;1;1
202200000315;813 404;7;0;2;3;21;2
202200000316;813 403;7;4;0;2;1;1
202200000317;813 401;7;0;1;2;1;1
202200000318;813 399;33;0;2;3;3;1
202200000318;813 400;10;0;2;2;12;1
202200000319;813 398;1;15;0;1;26;5
202200000320;813 395;10;0;2;7;15;1
202200000320;813 397;7;0;2;2;1;1
202200000321;813 394;33;0;2;8;3;1
202200000321;813 396;7;0;2;7;1;1
202200000322;813 390;80;0;2;8;25;3
202200000322;813 393;7;0;2;1;19;1
202200000323;813 388;10;9;0;1;1;1
202200000324;813 389;7;0;2;8;11;1
202200000324;813 391;15;0;2;2;1;1
202200000324;813 392;7;0;2;7;1;1
202200000325;813 387;7;0;1;3;7;1
202200000326;813 383;7;0;2;8;2;1
202200000326;813 384;7;0;2;4;2;1
202200000326;813 385;7;0;2;9;2;1
202200000326;813 386;10;0;2;1;2;1
202200000327;813 380;10;0;2;4;1;1
202200000327;813 381;31;0;2;1;21;1
202200000328;813 377;7;0;2;4;2;1
202200000328;813 378;32;0;2;1;2;1
202200000329;813 379;10;0;2;1;1;1
202200000329;813 382;7;8;0;3;2;1
202200000330;813 375;7;13;0;3;13;1
202200000331;813 374;7;0;2;1;1;1
202200000331;813 376;7;0;2;4;2;1
202200000332;813 371;37;0;2;5;17;1
202200000332;813 373;1;0;2;8;1;5
202200000333;813 370;7;0;2;2;9;1
202200000333;813 372;7;0;2;6;1;2
202200000334;813 365;7;0;0;4;2;1
202200000334;813 367;10;0;0;4;2;1
202200000334;813 369;7;0;2;1;2;1
202200000335;813 364;14;0;2;2;12;1
202200000335;813 366;7;1;2;6;1;1
202200000335;813 368;7;0;2;1;1;2
202200000336;813 363;7;3;0;1;14;1
202200000337;813 362;7;2;0;1;1;1
202200000338;813 361;7;0;1;1;1;1
202200000339;813 360;30;16;0;1;2;3
202200000340;813 358;7;0;2;0;11;1
202200000340;813 359;7;0;2;2;1;1
202200000341;813 355;7;0;2;7;15;1
202200000341;813 357;7;0;2;1;9;1
202200000342;813 354;7;0;2;1;15;1
202200000342;813 356;1;0;2;7;19;5
202200000343;813 351;15;0;2;2;12;1
202200000343;813 352;7;0;2;6;1;1
202200000344;813 350;7;0;2;5;15;1
202200000344;813 353;7;0;2;1;16;1
202200000345;813 346;7;0;2;3;1;1
202200000345;813 348;32;0;2;8;1;1
202200000345;813 349;33;0;2;0;0;0
202200000346;813 345;7;0;2;4;23;1
202200000346;813 347;7;0;2;1;1;1
202200000347;813 344;7;1;0;6;14;1
202200000348;813 341;7;8;0;2;13;1
202200000349;813 340;0;0;1;1;1;0
202200000350;813 338;33;0;2;1;26;1
202200000350;813 339;7;0;2;2;15;1
202200000351;813 336;10;0;2;8;15;1
202200000351;813 337;7;0;2;1;1;1
202200000352;813 334;7;0;2;7;9;1
202200000352;813 335;7;0;2;1;1;1
202200000353;813 333;7;6;0;1;15;1
202200000354;813 331;14;0;0;0;1;1
202200000354;813 332;10;0;0;0;0;0
202200000355;813 329;7;0;2;8;1;1
202200000355;813 330;7;0;2;3;13;1
202200000356;813 328;7;0;1;2;15;1
202200000357;813 325;10;0;2;1;2;1
202200000357;813 326;7;0;2;4;2;1
202200000357;813 327;7;0;2;4;2;1
202200000358;813 323;7;0;2;1;1;2
202200000358;813 324;7;0;2;2;1;1
202200000359;813 321;7;0;2;4;2;1
202200000359;813 322;7;0;2;2;2;1
202200000360;813 319;2;0;2;8;9;1
202200000360;813 320;7;0;2;7;1;1
202200000361;813 317;7;0;2;4;16;1
202200000361;813 318;33;0;2;1;1;1
202200000362;813 315;1;0;2;2;1;5
202200000362;813 316;7;0;2;1;15;1
202200000363;813 313;7;0;2;2;1;1
202200000363;813 314;80;0;2;3;15;3
202200000364;813 311;7;0;2;1;15;1
202200000364;813 312;31;0;2;8;1;1
202200000365;813 309;7;0;2;3;10;1
202200000365;813 310;33;0;2;1;2;1
202200000366;813 308;7;0;1;1;15;1
202200000367;813 306;32;0;2;8;1;1
202200000367;813 307;7;0;2;3;15;1
202200000368;813 303;30;0;2;1;1;1
202200000368;813 304;7;0;2;6;23;1
202200000368;813 305;7;0;2;3;1;1
202200000369;813 301;33;0;2;3;1;1
202200000369;813 302;7;0;2;1;15;1
202200000370;813 300;10;6;0;1;26;1
202200000371;813 296;7;0;2;1;1;1
202200000371;813 297;50;0;2;8;1;3
202200000372;813 293;7;0;2;4;2;1
202200000372;813 294;7;0;2;4;2;1
202200000372;813 295;7;0;2;1;2;1
202200000373;813 292;37;0;0;0;1;1
202200000374;813 290;7;0;2;2;15;1
202200000374;813 291;32;0;2;1;1;1
202200000375;813 288;7;4;2;1;1;1
202200000375;813 289;10;0;2;8;1;1
202200000376;813 287;7;0;1;8;1;1
202200000377;813 285;1;0;2;8;9;5
202200000377;813 286;7;0;2;2;1;1
202200000378;813 284;7;0;2;2;19;1
202200000379;813 283;7;9;0;1;1;1
202200000380;813 281;1;0;2;1;15;5
202200000380;813 282;7;0;9;5;16;1
202200000381;813 280;1;0;1;2;1;5
202200000382;813 278;7;0;2;3;0;1
202200000382;813 279;7;0;2;1;15;1
202200000383;813 276;1;0;2;1;1;5
202200000383;813 277;38;0;2;4;4;0
202200000384;813 274;7;0;2;8;9;1
202200000384;813 275;41;0;2;2;1;3
202200000385;813 273;33;0;1;2;1;1
202200000386;813 271;30;0;2;2;17;3
202200000386;813 272;10;0;2;3;2;1
202200000387;813 270;7;0;0;0;1;1
202200000388;813 268;7;0;2;4;1;1
202200000388;813 269;7;0;2;1;1;1
202200000389;813 267;10;14;0;1;14;1
202200000390;813 266;10;2;0;1;14;1
202200000391;813 264;43;0;2;3;2;1
202200000391;813 265;7;0;2;5;2;1
202200000392;813 262;1;0;2;4;2;5
202200000392;813 263;7;0;2;1;2;0
202200000393;813 260;10;10;2;5;1;1
202200000393;813 261;32;0;2;2;1;1
202200000394;813 258;1;0;2;0;13;5
202200000394;813 259;1;0;2;0;1;5
202200000395;813 255;7;0;2;4;2;1
202200000395;813 256;7;0;2;1;2;3
202200000395;813 257;7;0;2;1;2;1
202200000396;813 253;43;0;2;8;17;1
202200000396;813 254;37;0;2;8;15;1
202200000397;813 251;30;0;2;0;1;1
202200000397;813 252;7;0;2;0;1;0
202200000398;813 250;1;0;1;0;1;5
202200000399;813 249;7;14;2;2;12;1
202200000400;813 248;32;12;0;9;15;1
202200000401;813 246;32;0;2;3;1;1
202200000401;813 247;31;0;2;1;1;1
202200000402;813 244;7;0;2;3;15;1
202200000402;813 245;1;0;2;2;1;5
202200000403;813 243;1;0;0;1;1;5
202200000404;813 241;80;0;2;8;5;3
202200000404;813 242;7;0;2;3;1;2
202200000405;813 239;7;0;2;2;15;2
202200000405;813 240;1;0;2;1;1;5
202200000406;813 238;43;14;0;1;12;1
202200000407;813 237;1;0;0;5;1;5
202200000408;813 235;2;0;2;1;17;1
202200000408;813 236;7;0;2;3;26;1
202200000409;813 233;1;0;2;4;1;5
202200000409;813 234;32;0;2;1;2;1
202200000410;813 231;7;0;2;1;2;1
202200000410;813 232;7;0;2;4;2;2
202200000411;813 230;1;0;0;0;15;5
202200000412;813 228;7;0;2;2;1;1
202200000412;813 229;50;0;2;1;1;3
202200000413;813 227;37;0;1;5;1;6
202200000414;813 225;1;0;2;1;2;5
202200000414;813 226;7;0;2;2;16;1
202200000415;813 224;33;0;1;1;15;1
202200000416;813 222;7;0;2;1;2;1
202200000416;813 223;7;0;2;4;9;1
202200000417;813 220;7;0;2;1;1;1
202200000417;813 221;60;0;2;1;19;5
202200000418;813 219;7;0;1;3;1;1
202200000419;813 218;50;0;1;1;1;3
202200000420;813 217;7;0;1;3;1;1
202200000421;813 216;0;0;1;0;1;0
202200000422;813 214;30;0;2;1;5;0
202200000422;813 215;34;0;2;1;1;0
202200000423;813 212;7;0;2;8;10;1
202200000423;813 213;7;0;2;4;26;1
202200000424;813 210;10;0;2;3;0;0
202200000424;813 211;1;1;2;1;0;5
202200000425;813 208;7;0;2;3;2;1
202200000425;813 209;32;0;2;7;26;1
202200000426;813 206;50;1;0;3;1;3
202200000426;813 207;7;1;0;1;24;0
202200000427;813 204;1;0;2;1;1;5
202200000427;813 205;1;0;2;4;1;5
202200000428;813 202;7;0;2;1;1;1
202200000428;813 203;7;0;2;8;15;1
202200000429;813 200;7;0;2;3;16;3
202200000429;813 201;33;11;0;2;1;1
202200000430;813 198;33;0;2;3;1;1
202200000430;813 199;7;0;2;7;15;1
202200000431;813 194;7;0;2;1;13;1
202200000431;813 196;7;0;2;1;1;1
202200000432;813 195;7;4;2;1;21;1
202200000432;813 197;17;0;0;6;26;1
202200000433;813 191;34;0;2;1;13;1
202200000433;813 193;7;0;2;1;1;1
202200000434;813 189;7;0;2;4;2;1
202200000434;813 190;7;1;2;1;2;1
202200000435;813 188;31;0;2;2;2;1
202200000435;813 192;7;0;2;3;15;1
202200000436;813 187;7;0;0;9;17;1
202200000437;813 182;7;14;2;1;2;1
202200000437;813 184;7;0;1;0;23;1
202200000438;813 183;7;0;2;1;10;1
202200000438;813 185;2;0;2;3;1;1
202200000439;813 181;7;17;0;1;14;1
202200000440;813 178;7;0;2;1;13;1
202200000440;813 179;7;0;0;1;1;1
202200000441;813 177;7;0;2;3;15;1
202200000441;813 180;33;0;2;2;17;1
202200000442;813 176;33;16;0;1;0;1
202200000443;813 174;50;0;2;8;2;3
202200000443;813 175;7;0;2;5;13;1
202200000444;813 173;33;0;0;1;1;1
202200000445;813 171;7;0;2;3;1;1
202200000445;813 172;33;0;2;1;5;1
202200000446;813 170;1;0;0;0;1;5
202200000447;813 169;7;0;1;2;1;1
202200000448;813 167;7;2;2;1;1;1
202200000448;813 168;7;0;2;2;14;1
202200000449;813 166;7;13;0;9;0;1
202200000450;813 165;7;0;1;3;13;0
202200000451;813 163;3;2;0;1;13;1
202200000452;813 162;1;0;2;1;1;5
202200000452;813 164;60;0;2;7;19;5
202200000453;813 160;33;0;0;1;21;1
202200000454;813 159;7;0;2;1;1;1
202200000454;813 161;7;0;2;2;15;1
202200000455;813 157;33;15;0;1;1;1
202200000456;813 156;7;0;2;2;0;1
202200000456;813 158;33;0;2;7;0;1
202200000457;813 154;1;0;2;1;1;5
202200000457;813 155;7;0;0;7;15;1
202200000458;813 153;7;0;0;8;1;1
202200000459;813 149;10;0;2;1;1;1
202200000459;813 150;7;0;2;4;23;2
202200000459;813 152;7;0;2;4;23;1
202200000460;813 148;7;13;0;1;13;1
202200000461;813 147;7;0;2;2;15;1
202200000461;813 151;3;6;0;3;1;1
202200000462;813 145;7;0;0;3;1;1
202200000463;813 144;1;0;2;8;1;5
202200000463;813 146;10;0;2;8;1;1
202200000464;813 141;7;0;2;9;2;1
202200000464;813 142;7;0;2;1;1;1
202200000464;813 143;7;0;2;3;21;1
202200000465;813 138;7;0;2;1;1;1
202200000465;813 140;7;0;2;0;0;0
202200000466;813 136;7;0;0;7;1;1
202200000466;813 139;7;0;2;1;9;1
202200000467;813 135;7;0;2;8;15;1
202200000467;813 137;30;0;2;8;1;1
202200000468;813 131;7;0;2;3;1;1
202200000468;813 133;7;0;2;3;13;2
202200000469;813 132;7;0;2;2;15;1
202200000469;813 134;7;0;2;1;1;0
202200000470;813 129;7;0;2;1;1;1
202200000470;813 130;7;0;2;9;1;1
202200000471;813 127;7;0;2;1;2;1
202200000471;813 128;7;15;2;4;16;0
202200000472;813 126;10;13;0;3;1;1
202200000473;813 125;7;0;1;5;1;1
202200000474;813 121;99;0;2;1;2;0
202200000474;813 123;7;0;2;7;16;1
202200000475;813 119;7;0;2;1;1;1
202200000475;813 124;7;0;2;1;26;1
202200000476;813 120;7;0;2;1;13;1
202200000476;813 122;7;0;2;1;1;1
202200000477;813 117;7;8;0;9;21;1
202200000478;813 116;7;10;0;1;1;1
202200000479;813 113;7;15;2;1;17;1
202200000479;813 115;37;0;2;3;1;1
202200000479;813 118;7;0;2;4;1;1
202200000480;813 111;7;0;9;2;1;1
202200000480;813 114;1;0;2;8;13;5
202200000481;813 110;30;0;2;1;5;1
202200000481;813 112;38;0;2;1;1;1
202200000482;813 108;7;0;1;2;16;1
202200000483;813 107;7;0;0;1;0;1
202200000484;813 109;7;0;1;1;1;0
202200000485;813 105;10;0;0;0;1;1
202200000486;813 106;7;8;0;1;1;1
202200000487;813 103;7;0;2;2;1;2
202200000487;813 104;1;0;2;3;19;5
202200000488;813 100;10;0;2;2;19;1
202200000488;813 102;33;0;2;1;1;1
202200000489;813 098;7;0;2;2;16;1
202200000489;813 099;50;0;0;3;16;3
202200000490;813 096;33;0;2;1;13;1
202200000490;813 097;7;0;2;1;1;1
202200000491;813 095;10;0;1;0;1;1
202200000492;813 094;7;0;1;1;1;1
202200000493;813 092;30;0;2;1;1;1
202200000493;813 093;33;0;2;1;1;1
202200000494;813 091;7;0;1;7;2;2
202200000495;813 090;7;0;1;4;4;1
202200000496;813 086;7;0;2;4;2;1
202200000496;813 088;1;0;2;1;2;5
202200000497;813 087;1;0;2;5;1;5
202200000497;813 089;7;0;2;3;9;1
202200000498;813 084;2;0;0;0;1;1
202200000499;813 085;7;13;0;3;0;1
202200000500;813 083;7;0;1;1;1;1
202200000501;813 082;7;15;0;3;1;1
202200000502;813 080;7;13;0;1;26;1
202200000503;813 079;7;0;0;4;19;1
202200000503;813 081;33;0;2;7;21;1
202200000504;813 077;50;0;2;1;9;3
202200000504;813 078;7;0;2;2;1;1
202200000505;813 076;7;0;1;1;1;1
202200000506;813 075;7;2;0;3;13;1
202200000507;813 072;1;0;0;8;19;5
202200000507;813 073;7;0;9;2;1;1
202200000508;813 071;10;0;0;4;2;1
202200000508;813 074;7;0;2;4;2;1
202200000509;813 068;7;0;2;1;1;1
202200000509;813 070;15;0;2;6;1;1
202200000510;813 067;2;0;2;1;5;1
202200000510;813 069;7;0;2;3;0;1
202200000511;813 063;7;0;2;2;7;2
202200000511;813 066;7;0;2;3;9;1
202200000512;813 064;-1;0;1;0;0;0
202200000513;813 062;15;0;2;4;2;1
202200000513;813 065;10;0;2;1;2;1
202200000514;813 061;36;12;0;3;1;1
202200000515;813 060;7;0;1;2;15;1
202200000516;813 058;7;16;0;0;14;1
202200000517;813 057;7;0;1;2;1;1
202200000518;813 055;80;0;2;1;1;3
202200000518;813 059;7;0;2;3;16;1
202200000519;813 054;7;0;2;1;2;1
202200000519;813 056;2;0;0;4;2;0
202200000520;813 051;7;0;2;2;1;1
202200000520;813 053;7;0;2;2;1;1
202200000521;813 050;32;1;0;2;1;1
202200000522;813 049;2;0;2;1;1;1
202200000522;813 052;10;0;0;6;15;1
202200000523;813 048;7;0;0;1;1;1
202200000524;813 045;7;0;2;4;23;1
202200000524;813 046;10;0;2;1;1;1
202200000525;813 041;10;0;2;6;0;1
202200000525;813 044;33;0;2;1;0;1
202200000526;813 042;7;4;0;3;21;1
202200000527;813 039;7;0;2;1;1;1
202200000527;813 040;99;0;2;1;19;5
202200000528;813 038;7;0;0;9;1;1
202200000529;813 036;7;0;1;7;1;1
202200000530;813 033;2;-1;2;4;2;1
202200000530;813 034;7;0;2;1;1;1
202200000531;813 031;7;0;2;8;15;1
202200000531;813 035;14;0;2;1;1;1
202200000532;813 030;7;0;2;1;1;1
202200000532;813 043;7;0;2;1;5;1
202200000533;813 032;7;0;2;3;15;1
202200000533;813 037;7;0;2;1;1;1
202200000534;813 027;33;0;0;1;21;1
202200000535;813 024;7;0;2;4;2;1
202200000535;813 026;7;0;2;4;2;1
202200000535;813 028;7;0;2;4;2;1
202200000535;813 029;7;0;2;1;2;1
202200000536;813 022;7;0;2;2;15;1
202200000536;813 025;33;0;2;1;1;1
202200000537;813 020;7;0;2;1;5;1
202200000537;813 023;7;0;2;1;0;1
202200000538;813 019;7;0;2;1;1;1
202200000538;813 021;7;0;2;1;1;1
202200000539;813 018;7;3;0;3;0;1
202200000540;813 014;7;0;2;3;15;1
202200000540;813 016;34;0;2;8;0;1
202200000541;813 015;2;0;0;8;1;1
202200000542;813 012;7;0;1;1;0;1
202200000543;813 011;33;0;2;9;17;1
202200000543;813 013;7;0;2;1;1;1
202200000543;813 017;7;0;2;6;1;1
202200000544;813 006;33;10;0;8;1;1
202200000545;813 007;7;1;2;1;2;1
202200000545;813 010;7;0;0;4;23;1
202200000546;813 005;7;0;0;4;-1;-1
202200000546;813 009;43;-1;2;1;17;-1
202200000547;813 004;7;0;2;8;13;1
202200000547;813 008;7;0;2;8;1;1
202200000548;813 002;7;16;0;0;13;1
202200000549;813 000;7;14;2;1;1;1
202200000549;813 001;7;1;2;4;23;1
202200000550;812 999;10;0;0;3;1;1
202200000550;813 003;33;2;2;3;17;1
202200000551;812 994;7;13;0;1;1;1
202200000552;812 993;7;0;2;3;15;1
202200000552;812 997;32;0;2;2;17;1
202200000553;812 995;7;0;2;6;2;1
202200000553;812 998;7;0;2;1;2;1
202200000554;812 992;14;0;2;2;1;1
202200000554;812 996;33;4;2;1;5;1
202200000555;812 991;7;0;1;4;4;1
202200000556;812 990;7;7;1;1;1;1
202200000557;812 987;7;0;2;1;13;1
202200000557;812 989;7;0;2;1;1;1
202200000558;812 988;7;6;0;2;0;1
202200000559;812 985;36;13;0;3;1;1
202200000560;812 982;7;0;2;1;13;1
202200000560;812 986;7;0;0;1;1;1
202200000561;812 984;2;0;0;8;1;1
202200000562;812 981;43;0;2;1;1;1
202200000562;812 983;7;0;2;8;15;1
202200000563;812 980;10;0;1;2;2;1
202200000564;812 977;7;0;2;3;10;1
202200000564;812 979;32;0;2;3;21;1
202200000565;812 975;33;0;2;3;1;1
202200000565;812 978;10;0;2;8;17;1
202200000566;812 973;7;0;2;1;1;1
202200000566;812 976;7;0;2;3;9;1
202200000567;812 972;10;0;0;1;14;1
202200000568;812 971;7;0;2;3;15;1
202200000568;812 974;33;0;2;1;17;1
202200000569;812 968;50;0;0;0;0;3
202200000570;812 967;10;0;2;1;1;1
202200000570;812 970;7;0;2;1;1;1
202200000571;812 966;7;0;1;2;19;1
202200000572;812 965;7;13;0;2;1;1
202200000572;812 969;7;0;0;0;17;0
202200000573;812 964;10;0;1;1;1;3
202200000574;812 963;2;15;0;7;0;1
202200000575;812 960;2;0;2;0;5;1
202200000575;812 962;7;0;2;0;17;0
202200000576;812 961;7;2;0;1;1;1
202200000577;812 957;7;0;2;2;1;1
202200000577;812 959;33;0;2;1;1;1
202200000578;812 954;10;0;2;2;2;1
202200000578;812 956;1;0;2;6;1;5
202200000579;812 953;50;0;0;1;1;3
202200000580;812 949;7;16;0;2;14;1
202200000581;812 948;7;0;2;1;5;1
202200000581;812 951;7;0;2;1;2;1
202200000581;812 952;7;0;2;1;2;1
202200000582;812 944;2;0;2;1;2;1
202200000582;812 947;7;0;2;8;15;1
202200000583;812 941;7;0;2;4;23;1
202200000583;812 942;7;0;2;4;2;1
202200000583;812 945;7;0;2;1;2;1
202200000584;812 940;7;3;0;2;14;1
202200000585;812 939;7;0;0;4;2;1
202200000585;812 943;7;0;2;4;2;1
202200000585;812 946;7;13;2;5;2;1
202200000585;812 950;10;0;2;1;2;1
202200000586;812 937;34;0;0;0;1;1
202200000587;812 936;10;0;2;3;13;1
202200000587;812 938;10;0;2;7;1;1
202200000588;812 933;7;0;2;8;1;1
202200000588;812 934;32;0;2;7;13;1
202200000589;812 930;0;0;2;1;0;0
202200000589;812 931;10;0;2;4;1;1
202200000590;812 932;80;0;0;8;2;3
202200000590;812 935;7;0;2;7;17;1
202200000591;812 927;7;0;2;1;2;1
202200000591;812 929;7;0;2;4;2;1
202200000592;812 926;7;0;0;4;23;1
202200000592;812 928;1;0;2;1;1;5
202200000593;812 921;20;0;1;2;1;1
202200000594;812 920;7;0;2;5;2;1
202200000594;812 922;10;0;2;1;2;1
202200000594;812 924;7;0;2;1;2;1
202200000595;812 923;7;0;2;3;11;1
202200000595;812 925;33;0;2;2;3;1
202200000596;812 915;7;0;0;1;1;1
202200000596;812 918;33;0;2;1;1;1
202200000597;812 917;33;0;2;7;17;1
202200000597;812 919;7;0;2;8;3;2
202200000598;812 914;7;0;2;1;1;1
202200000598;812 916;13;0;2;4;1;1
202200000599;812 911;7;0;2;8;1;1
202200000599;812 913;15;0;2;7;12;1
202200000600;812 906;7;0;2;3;1;1
202200000600;812 910;7;0;2;3;1;1
202200000601;812 905;7;14;2;1;1;1
202200000601;812 907;7;0;2;4;11;1
202200000602;812 904;33;0;0;7;13;1
202200000603;812 903;7;9;1;7;1;1
202200000604;812 902;33;0;0;7;2;1
202200000605;812 896;7;-1;2;1;13;1
202200000605;812 898;7;-1;2;1;1;2
202200000605;812 900;7;-1;2;2;21;1
202200000606;812 895;7;0;2;8;1;1
202200000606;812 897;15;0;2;2;14;1
202200000607;812 899;10;0;0;6;1;1
202200000607;812 901;32;0;2;1;1;1
202200000608;812 891;33;14;0;1;2;1
202200000609;812 889;7;0;2;1;2;1
202200000609;812 890;7;0;2;4;2;1
202200000610;812 888;7;4;0;8;1;1
202200000611;812 884;7;0;2;1;12;1
202200000611;812 885;7;0;2;4;0;1
202200000612;812 883;7;4;2;5;1;1
202200000612;812 886;7;0;2;3;9;1
202200000613;812 882;7;0;1;4;23;1
202200000614;812 881;7;4;0;3;1;1
202200000615;812 877;7;0;2;0;26;1
202200000615;812 880;1;0;2;1;0;5
202200000616;812 879;10;0;1;4;4;1
202200000617;812 875;7;0;2;3;1;1
202200000617;812 876;7;0;2;5;1;2
202200000617;812 878;7;0;2;3;0;1
202200000618;812 872;7;0;2;1;13;1
202200000618;812 874;7;0;2;1;13;1
202200000619;812 870;7;0;2;1;12;1
202200000619;812 871;7;0;2;5;1;1
202200000620;812 869;17;0;0;4;1;1
202200000620;812 873;7;3;2;1;14;1
202200000621;812 868;14;6;0;1;13;1
202200000622;812 864;30;0;2;1;17;1
202200000622;812 866;7;0;2;6;15;1
202200000623;812 865;7;0;2;1;2;1
202200000623;812 867;7;0;2;4;2;1
202200000624;812 863;7;0;1;2;0;1
202200000625;812 858;7;0;2;6;1;1
202200000625;812 860;10;0;2;1;1;1
202200000625;812 862;7;0;2;1;9;1
202200000626;812 859;7;4;2;2;12;1
202200000626;812 861;33;4;2;1;3;1
202200000627;812 857;7;2;0;1;1;1
202200000628;812 854;33;0;2;1;1;1
202200000628;812 855;7;0;2;6;11;1
202200000629;812 852;7;0;2;3;1;1
202200000629;812 853;7;0;2;3;23;1
202200000630;812 848;7;0;2;4;2;0
202200000630;812 849;7;0;2;4;2;0
202200000630;812 850;7;0;2;1;2;0
202200000631;812 847;33;13;0;2;1;1
202200000632;812 846;34;0;0;8;1;1
202200000633;812 851;7;0;2;1;1;2
202200000633;812 856;33;0;2;1;2;1
202200000634;812 844;7;0;2;4;23;1
202200000634;812 845;1;0;2;1;1;5
202200000635;812 843;33;0;2;7;1;1
202200000636;812 839;7;0;0;8;1;1
202200000636;812 841;7;0;0;8;1;1
202200000637;812 837;7;0;2;1;2;1
202200000637;812 840;7;0;2;4;2;1
202200000638;812 835;7;0;2;1;0;1
202200000638;812 836;7;0;2;1;5;1
202200000639;812 834;17;0;1;4;1;1
202200000640;812 838;30;0;2;3;1;1
202200000640;812 842;7;0;2;1;15;1
202200000641;812 832;7;8;0;1;13;1
202200000642;812 831;7;0;1;3;1;1
202200000643;812 828;34;0;0;0;0;1
202200000643;812 829;14;0;2;8;2;1
202200000644;812 827;10;0;1;3;1;1
202200000645;812 826;7;0;1;2;26;1
202200000646;812 825;7;1;0;3;13;2
202200000647;812 824;7;0;1;2;26;1
202200000648;812 821;30;0;2;1;17;1
202200000648;812 822;32;0;2;8;17;1
202200000649;812 820;7;8;0;3;1;1
202200000650;812 817;7;0;2;3;13;1
202200000650;812 819;7;0;2;8;1;1
202200000650;812 823;7;0;2;6;1;1
202200000651;812 815;0;0;2;0;2;0
202200000651;812 818;30;0;2;4;2;1
202200000652;812 814;33;0;2;8;1;1
202200000652;812 816;7;0;2;3;15;2
202200000653;812 811;7;16;0;1;0;1
202200000654;812 812;33;0;2;1;17;1
202200000654;812 813;7;0;2;3;1;1
202200000655;812 809;7;0;2;1;2;1
202200000655;812 810;7;0;2;4;1;1
202200000656;812 807;7;3;0;3;13;1
202200000657;812 805;1;0;2;8;19;5
202200000657;812 808;7;0;2;1;19;1
202200000658;812 804;1;0;0;0;0;5
202200000658;812 806;7;0;9;0;26;0
202200000659;812 803;32;0;0;0;21;1
202200000660;812 799;7;0;2;4;2;1
202200000660;812 801;10;0;2;1;2;1
202200000661;812 800;7;0;2;3;1;1
202200000661;812 802;7;0;2;3;1;1
202200000662;812 797;7;0;0;6;1;1
202200000662;812 798;31;0;2;2;1;1
202200000663;812 796;7;0;1;3;1;1
202200000664;812 793;50;0;2;4;0;3
202200000664;812 795;7;0;2;7;9;1
202200000665;812 792;7;2;0;1;1;1
202200000666;812 791;7;0;2;1;1;-1
202200000666;812 794;7;0;2;1;1;-1
202200000667;812 788;7;0;2;1;1;1
202200000667;812 790;7;0;2;1;13;1
202200000668;812 787;1;12;2;8;19;5
202200000668;812 789;32;12;2;1;1;1
202200000669;812 786;99;13;0;1;1;1
202200000670;812 783;1;0;2;1;1;5
202200000670;812 785;7;0;2;4;1;1
202200000671;812 782;2;0;2;1;1;0
202200000671;812 784;7;0;2;3;13;1
202200000672;812 779;1;0;2;1;8;5
202200000672;812 781;7;0;2;2;15;0
202200000673;812 778;7;0;2;1;1;1
202200000673;812 780;7;0;2;1;1;1
202200000674;812 777;7;0;1;1;19;1
202200000675;812 775;7;0;1;2;15;1
202200000676;812 773;7;0;2;0;2;1
202200000676;812 774;7;0;2;3;15;1
202200000677;812 772;36;6;0;1;1;1
202200000678;812 771;1;0;2;1;19;5
202200000678;812 776;7;0;2;8;1;1
202200000679;812 770;7;15;0;1;1;1
202200000680;812 768;32;0;2;7;17;1
202200000680;812 769;7;0;2;6;1;1
202200000681;812 765;10;0;2;3;9;1
202200000681;812 767;7;0;2;1;1;1
202200000682;812 764;7;0;2;2;19;1
202200000682;812 766;7;0;2;2;21;1
202200000683;812 763;7;0;1;8;1;1
202200000684;812 761;1;0;0;1;1;5
202200000685;812 760;50;0;2;2;19;3
202200000685;812 762;7;0;2;3;1;2
202200000686;812 756;7;0;2;1;1;1
202200000686;812 759;7;0;2;1;1;1
202200000687;812 755;7;0;2;5;15;1
202200000687;812 758;37;0;0;2;1;0
202200000688;812 753;7;0;2;1;1;1
202200000689;812 752;7;0;2;5;0;1
202200000689;812 754;1;0;2;1;1;5
202200000690;812 751;0;0;1;8;1;0
202200000691;812 748;7;0;9;3;15;1
202200000691;812 750;1;0;2;1;0;5
202200000692;812 745;1;0;2;1;1;5
202200000692;812 746;7;0;2;2;16;1
202200000693;812 743;1;12;0;0;0;5
202200000693;812 744;7;0;9;1;26;1
202200000694;812 747;7;0;2;4;9;1
202200000694;812 749;32;0;2;2;1;1
202200000695;812 740;7;0;2;1;1;1
202200000695;812 741;10;0;2;1;9;1
202200000696;812 737;7;0;2;1;2;1
202200000696;812 739;7;0;2;4;1;1
202200000697;812 738;7;8;0;1;1;1
202200000698;812 736;7;0;1;3;4;1
202200000699;812 734;7;0;1;1;26;2
202200000700;812 730;7;1;2;6;24;-1
202200000700;812 731;10;1;2;6;1;-1
202200000701;812 727;30;0;2;1;1;1
202200000701;812 729;7;0;2;4;1;1
202200000702;812 724;7;0;2;4;2;1
202200000702;812 726;7;0;2;4;2;1
202200000702;812 728;7;0;2;4;2;1
202200000702;812 735;10;0;2;1;1;1
202200000703;812 722;7;0;2;4;26;1
202200000703;812 725;7;0;2;1;26;1
202200000704;812 721;7;0;2;2;15;1
202200000704;812 723;7;0;2;2;1;1