Num_Acc;id_vehicule;catv;obs;obsm;choc;manv;motor
202200002308;809 869;7;0;2;2;15;1
202200002308;809 872;7;0;2;1;1;1
202200002309;809 866;7;0;0;2;9;1
202200002309;809 868;2;0;2;1;9;1
202200002310;809 864;30;10;0;1;1;1
202200002311;809 865;7;0;2;2;17;1
202200002311;809 867;80;0;2;6;1;3
202200002312;809 863;10;0;1;1;26;0
202200002313;809 862;7;0;5;1;6;1
202200002314;809 859;7;0;9;8;1;1
202200002314;809 860;1;0;2;1;1;5
202200002315;809 857;99;0;2;2;13;0
202200002315;809 861;7;0;2;2;13;0
202200002316;809 858;0;0;1;0;0;0
202200002317;809 852;10;0;2;1;1;1
202200002317;809 856;7;0;2;9;6;1
202200002318;809 851;7;0;2;7;15;1
202200002318;809 854;32;0;2;1;1;1
202200002319;809 850;1;0;0;7;19;5
202200002319;809 853;10;0;2;1;1;1
202200002320;809 846;7;0;1;1;1;1
202200002321;809 844;33;0;2;1;21;1
202200002321;809 847;10;0;0;6;10;1
202200002322;809 840;1;0;2;3;1;5
202200002322;809 841;10;0;2;5;14;0
202200002323;809 837;3;0;2;2;15;1
202200002323;809 839;7;0;2;1;1;1
202200002324;809 845;7;0;2;4;2;1
202200002324;809 849;7;0;2;1;2;1
202200002325;809 838;32;0;2;1;17;1
202200002325;809 842;7;0;2;8;9;1
202200002326;809 833;7;0;2;1;23;1
202200002326;809 835;1;0;2;8;15;5
202200002326;809 836;7;0;2;1;1;1
202200002327;809 830;7;11;2;1;9;1
202200002327;809 834;33;0;0;2;21;1
202200002328;809 828;7;0;2;4;23;1
202200002328;809 829;7;0;2;4;23;1
202200002328;809 832;7;0;2;1;1;1
202200002329;809 826;7;0;2;1;1;1
202200002329;809 827;7;0;2;8;19;1
202200002330;809 825;7;2;0;1;1;1
202200002331;809 820;10;0;2;1;1;1
202200002331;809 824;7;0;2;4;2;1
202200002332;809 819;7;0;2;6;9;1
202200002332;809 822;7;0;2;3;1;1
202200002333;809 817;7;0;2;2;22;1
202200002333;809 818;1;0;2;3;0;5
202200002334;809 815;33;6;0;5;1;1
202200002335;809 814;15;0;2;0;12;0
202200002335;809 816;7;0;2;6;1;1
202200002336;809 812;2;0;2;1;1;1
202200002336;809 813;7;0;2;2;15;1
202200002337;809 810;7;0;2;4;1;1
202200002337;809 811;7;0;2;1;1;1
202200002338;809 808;99;1;-1;1;1;3
202200002339;809 807;7;0;2;4;2;1
202200002339;809 809;10;0;2;1;2;0
202200002340;809 804;10;0;0;0;0;0
202200002340;809 831;10;0;0;0;0;0
202200002341;809 803;7;0;2;3;1;2
202200002341;809 806;7;0;2;3;13;1
202200002342;809 801;7;0;0;0;22;1
202200002342;809 802;7;0;2;3;1;1
202200002342;809 805;30;0;2;2;1;1
202200002343;809 800;31;0;1;1;21;1
202200002344;809 797;7;0;9;7;16;1
202200002344;809 799;1;0;2;1;2;5
202200002345;809 795;7;0;1;1;1;1
202200002346;809 796;50;0;2;8;2;3
202200002346;809 798;7;0;2;1;15;1
202200002347;809 793;7;15;0;3;1;1
202200002348;809 792;10;0;2;1;1;1
202200002348;809 794;2;0;2;1;15;1
202200002349;809 789;30;0;2;1;13;1
202200002349;809 791;33;0;2;1;1;1
202200002350;809 788;7;0;2;2;23;1
202200002350;809 790;32;0;2;3;2;1
202200002351;809 786;7;0;2;3;16;1
202200002351;809 787;7;0;2;3;15;1
202200002352;809 785;7;0;1;1;1;1
202200002353;809 782;2;12;0;1;0;0
202200002354;809 781;43;0;2;3;2;1
202200002354;809 783;7;0;2;5;2;1
202200002355;809 780;3;0;4;3;1;1
202200002355;809 784;40;0;2;2;1;0
202200002356;809 778;33;13;0;8;1;1
202200002357;809 776;2;0;1;1;1;1
202200002358;809 777;99;0;2;7;26;0
202200002358;809 779;60;0;1;1;26;5
202200002359;809 774;80;0;2;8;15;3
202200002359;809 775;10;0;2;3;10;1
202200002360;809 770;7;0;1;1;9;1
202200002361;809 772;7;0;2;3;15;1
202200002361;809 773;33;0;2;1;1;1
202200002362;809 769;7;0;2;2;0;0
202200002362;809 771;1;0;2;8;0;5
202200002363;809 766;7;0;1;2;1;1
202200002364;809 767;43;0;2;1;16;1
202200002364;809 768;43;0;2;1;5;1
202200002365;809 765;7;0;0;3;1;1
202200002366;809 762;7;0;1;3;1;1
202200002367;809 760;10;2;0;3;1;1
202200002368;809 761;2;0;2;7;19;1
202200002368;809 764;7;0;2;1;1;1
202200002369;809 759;50;0;2;2;1;3
202200002369;809 763;7;0;2;6;1;2
202200002370;809 758;7;0;1;1;1;1
202200002371;809 754;7;13;0;1;1;1
202200002372;809 752;7;0;2;1;1;1
202200002372;809 757;7;0;2;7;16;1
202200002373;809 750;7;0;2;5;15;1
202200002373;809 753;33;0;2;1;1;1
202200002373;809 756;7;0;2;6;1;1
202200002374;809 751;7;0;2;1;15;1
202200002374;809 755;43;0;2;1;1;1
202200002375;809 748;10;0;2;3;9;1
202200002375;809 749;50;0;2;1;2;3
202200002376;809 747;7;2;0;1;1;1
202200002377;809 746;7;0;1;3;1;1
202200002378;809 744;7;2;0;1;13;1
202200002379;809 745;50;0;0;0;1;3
202200002380;809 742;7;3;0;9;1;1
202200002381;809 743;33;6;0;1;0;1
202200002382;809 741;7;2;0;0;0;1
202200002383;809 739;7;2;0;2;14;1
202200002384;809 737;7;0;2;1;1;1
202200002384;809 740;7;0;2;1;1;1
202200002385;809 736;33;0;2;1;1;1
202200002385;809 738;7;0;2;2;15;1
202200002386;809 733;7;0;1;1;1;1
202200002387;809 734;10;0;2;8;1;1
202200002387;809 735;34;0;2;8;1;1
202200002388;809 730;50;0;2;1;5;3
202200002388;809 732;7;0;2;2;1;1
202200002389;809 729;7;0;0;-1;23;1
202200002390;809 728;43;0;2;7;1;1
202200002390;809 731;7;0;2;8;13;1
202200002391;809 727;50;0;0;1;1;3
202200002392;809 726;34;1;2;8;15;1
202200002393;809 722;7;0;2;1;2;1
202200002393;809 724;7;0;2;5;2;1
202200002394;809 721;50;0;2;1;2;3
202200002394;809 725;7;0;2;6;2;1
202200002395;809 720;7;0;2;3;19;1
202200002395;809 723;33;0;2;1;1;1
202200002396;809 715;50;0;2;6;19;3
202200002396;809 718;7;0;1;1;1;1
202200002397;809 716;33;0;2;1;15;1
202200002397;809 719;34;0;0;0;0;1
202200002398;809 713;7;0;2;2;2;1
202200002398;809 714;43;0;2;4;1;1
202200002399;809 712;7;0;2;3;16;1
202200002399;809 717;15;0;2;3;1;1
202200002400;809 709;7;0;2;1;1;1
202200002400;809 711;33;0;2;5;1;1
202200002401;809 707;7;0;2;2;1;1
202200002401;809 710;7;0;2;1;5;1
202200002402;809 705;33;3;0;8;1;1
202200002402;809 708;7;0;0;3;1;1
202200002403;809 703;33;0;2;1;2;1
202200002403;809 706;7;0;2;3;10;1
202200002404;809 702;7;1;2;0;9;1
202200002404;809 704;31;0;2;3;13;6
202200002405;809 699;7;2;0;2;1;1
202200002406;809 700;14;0;2;3;13;1
202200002406;809 701;33;0;2;1;1;1
202200002407;809 696;7;6;0;6;1;1
202200002408;809 695;7;0;2;8;17;1
202200002408;809 697;1;0;0;0;0;5
202200002409;809 690;7;0;2;1;13;1
202200002409;809 693;7;0;2;1;1;1
202200002410;809 688;33;0;2;1;1;1
202200002410;809 694;7;0;0;3;15;1
202200002411;809 687;7;0;2;4;1;2
202200002411;809 691;7;0;2;1;2;1
202200002412;809 686;7;0;2;4;2;1
202200002412;809 689;7;2;2;4;2;1
202200002412;809 692;14;0;2;1;2;1
202200002413;809 685;7;8;0;1;13;1
202200002414;809 684;7;13;0;3;1;1
202200002415;809 680;33;0;2;8;15;1
202200002415;809 683;7;0;2;1;1;1
202200002416;809 681;7;0;1;1;16;1
202200002417;809 678;7;0;2;8;11;1
202200002417;809 682;33;0;2;7;1;1
202200002418;809 677;7;0;2;3;1;1
202200002418;809 679;7;0;2;3;13;1
202200002419;809 670;7;0;2;3;15;1
202200002419;809 676;7;0;2;2;1;1
202200002420;809 671;7;1;2;7;20;1
202200002420;809 675;7;1;2;7;24;1
202200002421;809 672;2;0;0;8;9;1
202200002421;809 674;10;0;0;0;0;0
202200002422;809 669;2;0;2;1;1;1
202200002422;809 673;7;0;2;2;15;1
202200002423;809 668;32;0;0;7;1;1
202200002424;809 664;33;0;2;2;1;1
202200002424;809 667;10;0;2;1;1;1
202200002425;809 662;7;0;2;2;1;1
202200002425;809 666;7;0;2;2;15;1
202200002426;809 660;33;13;0;7;14;1
202200002427;809 659;13;0;2;6;1;1
202200002427;809 661;7;0;2;2;14;1
202200002428;809 658;7;0;1;1;0;1
202200002429;809 657;7;0;1;1;2;1
202200002430;809 652;7;0;1;1;16;1
202200002431;809 650;7;0;0;4;2;1
202200002431;809 653;7;0;2;4;2;1
202200002431;809 655;7;0;2;1;2;1
202200002432;809 649;40;0;2;2;2;3
202200002432;809 654;7;0;4;8;2;1
202200002433;809 651;2;0;2;6;16;1
202200002433;809 656;7;0;2;1;1;1
202200002434;809 647;2;0;0;0;1;1
202200002435;809 645;7;0;2;3;1;1
202200002435;809 648;7;0;2;3;1;1
202200002436;809 644;7;0;1;7;1;1
202200002437;809 642;31;0;0;0;0;1
202200002438;809 641;7;10;0;1;1;1
202200002439;809 639;7;0;9;2;9;1
202200002439;809 640;1;0;2;1;25;5
202200002440;809 637;7;13;0;1;5;1
202200002441;809 636;7;0;2;3;2;3
202200002441;809 638;7;0;2;2;1;1
202200002442;809 634;7;0;2;1;13;1
202200002442;809 643;7;3;2;3;1;1
202200002442;809 646;7;0;2;1;1;1
202200002443;809 631;7;0;9;2;20;1
202200002443;809 635;1;0;2;1;1;5
202200002444;809 630;7;0;2;1;1;1
202200002444;809 633;7;0;2;1;5;1
202200002445;809 629;3;0;2;1;19;1
202200002445;809 632;7;0;2;3;26;2
202200002446;809 623;7;0;2;3;1;1
202200002446;809 625;7;0;2;3;1;1
202200002446;809 628;33;0;2;4;1;1
202200002447;809 621;7;0;2;1;1;1
202200002447;809 624;2;0;2;1;1;1
202200002448;809 620;1;0;0;8;1;5
202200002448;809 622;10;0;2;1;1;1
202200002449;809 617;7;0;1;2;1;1
202200002450;809 618;7;0;2;2;1;1
202200002450;809 619;7;0;2;3;1;1
202200002451;809 615;7;0;2;1;5;1
202200002451;809 616;7;0;2;1;1;1
202200002452;809 614;7;8;0;1;14;1
202200002453;809 613;33;0;0;8;16;1
202200002454;809 612;7;3;0;1;1;1
202200002455;809 610;7;17;0;2;2;1
202200002456;809 609;7;6;0;1;1;1
202200002457;809 608;7;0;2;1;18;1
202200002457;809 611;7;0;2;2;1;1
202200002458;809 605;7;0;0;3;15;1
202200002458;809 606;1;0;2;1;0;5
202200002459;809 603;2;0;2;1;1;1
202200002459;809 604;80;0;2;7;19;3
202200002460;809 602;2;0;2;8;1;1
202200002460;809 607;7;0;2;3;1;1
202200002461;809 600;7;0;0;4;2;1
202200002461;809 601;33;0;2;1;2;1
202200002462;809 598;7;0;2;3;0;1
202200002462;809 599;7;0;2;3;0;1
202200002463;809 597;7;13;0;0;0;1
202200002464;809 595;7;2;0;1;1;1
202200002465;809 594;32;0;2;1;1;1
202200002465;809 596;7;0;2;2;1;1
202200002466;809 590;1;0;2;1;2;5
202200002466;809 592;7;0;2;4;2;1
202200002467;809 591;2;0;2;1;5;1
202200002467;809 593;10;0;2;1;1;1
202200002468;809 588;7;2;0;1;1;1
202200002469;809 587;7;0;2;6;1;1
202200002469;809 589;1;0;2;7;19;5
202200002470;809 583;50;0;0;0;0;3
202200002470;809 585;37;0;0;0;0;0
202200002471;809 582;7;0;2;3;23;1
202200002471;809 584;7;0;2;3;1;2
202200002471;809 586;7;0;2;2;19;1
202200002472;809 580;2;2;0;1;1;1
202200002473;809 581;7;0;1;0;0;1
202200002474;809 577;10;0;2;7;14;0
202200002474;809 578;7;3;2;8;1;1
202200002475;809 576;10;0;2;3;1;1
202200002475;809 579;3;0;2;1;19;1
202200002476;809 575;10;0;1;0;2;1
202200002477;809 573;33;0;0;4;23;0
202200002477;809 574;7;0;2;1;26;1
202200002478;809 572;33;0;0;3;1;1
202200002479;809 571;33;0;6;1;1;1
202200002480;809 569;7;4;0;3;0;1
202200002481;809 568;1;0;2;0;15;5
202200002481;809 570;7;0;2;0;15;1
202200002482;809 567;10;13;0;3;13;1
202200002483;809 566;37;0;1;0;16;1
202200002484;809 564;30;0;2;3;0;1
202200002484;809 565;7;0;2;7;0;2
202200002485;809 563;2;5;0;0;0;1
202200002486;809 560;7;0;9;2;2;1
202200002486;809 562;80;0;0;4;2;3
202200002487;809 559;50;0;4;1;1;3
202200002487;809 561;40;0;9;1;1;0
202200002488;809 557;7;0;2;1;1;1
202200002488;809 558;7;0;2;2;13;1
202200002489;809 556;7;13;0;1;14;1
202200002490;809 554;7;8;0;3;13;1
202200002491;809 553;7;8;2;1;1;1
202200002491;809 555;7;0;2;1;1;1
202200002492;809 550;10;0;2;3;1;1
202200002492;809 552;80;0;2;1;1;3
202200002493;809 551;7;0;1;2;16;0
202200002494;809 546;1;0;2;1;16;5
202200002494;809 549;15;0;2;2;1;1
202200002495;809 547;10;0;2;1;1;1
202200002495;809 548;7;0;2;1;15;1
202200002496;809 545;7;8;0;1;1;1
202200002497;809 544;3;0;1;1;15;1
202200002498;809 543;2;0;0;8;1;1
202200002499;809 541;7;0;2;8;15;1
202200002499;809 542;33;0;2;1;17;1
202200002500;809 539;7;0;2;2;19;1
202200002500;809 540;33;0;2;1;19;1
202200002501;809 537;1;0;2;1;2;5
202200002501;809 538;7;0;0;5;16;1
202200002502;809 533;30;0;2;8;1;1
202200002502;809 535;7;0;2;1;15;1
202200002503;809 531;30;0;2;8;11;1
202200002503;809 532;7;0;2;7;1;1
202200002504;809 534;7;0;0;2;19;1
202200002504;809 536;7;0;0;3;1;2
202200002505;809 530;7;6;0;1;2;1
202200002506;809 528;33;0;2;8;1;1
202200002506;809 529;1;0;2;7;9;5
202200002507;809 526;33;0;2;2;17;1
202200002507;809 527;10;0;2;6;1;1
202200002508;809 524;7;0;0;6;0;1
202200002508;809 525;32;0;2;1;5;1
202200002509;809 522;7;0;2;3;9;1
202200002509;809 523;2;0;2;1;1;1
202200002510;809 520;7;0;2;3;9;1
202200002510;809 521;2;0;2;1;15;1
202200002511;809 518;7;0;2;0;0;1
202200002511;809 519;32;0;2;1;16;1
202200002512;809 516;31;0;2;7;1;1
202200002512;809 517;2;0;2;1;16;1
202200002513;809 514;7;0;2;3;15;1
202200002513;809 515;31;0;2;7;17;1
202200002514;809 512;7;0;2;1;1;1
202200002514;809 513;10;3;2;7;15;1
202200002515;809 510;7;0;2;1;1;1
202200002515;809 511;7;0;2;4;1;1
202200002516;809 506;7;0;2;1;1;1
202200002516;809 507;7;0;2;1;1;1
202200002516;809 508;15;0;2;1;1;1
202200002516;809 509;7;3;0;1;9;1
202200002517;809 504;7;0;2;1;16;1
202200002517;809 505;7;0;2;6;9;1
202200002518;809 503;7;0;0;3;1;1
202200002519;809 501;7;0;0;3;9;1
202200002519;809 502;1;0;2;8;9;5
202200002520;809 499;2;0;2;1;2;1
202200002520;809 500;7;0;2;3;15;1
202200002521;809 497;10;2;2;1;1;1
202200002521;809 498;7;2;2;7;15;1
202200002522;809 493;10;0;2;7;15;1
202200002522;809 494;1;0;2;1;26;5
202200002523;809 491;99;0;2;8;9;1
202200002523;809 492;7;0;2;2;1;1
202200002524;809 489;7;0;2;8;1;1
202200002524;809 490;15;0;2;2;12;1
202200002525;809 487;33;0;2;1;17;1
202200002525;809 488;7;0;2;6;15;2
202200002526;809 485;99;0;2;0;17;0
202200002526;809 486;7;0;2;3;13;1
202200002527;809 482;7;1;0;2;1;1
202200002528;809 480;2;0;2;1;1;1
202200002528;809 481;7;0;2;4;1;1
202200002529;809 479;7;0;0;2;26;2
202200002530;809 478;0;0;1;0;26;1
202200002531;809 476;7;0;2;2;15;1
202200002531;809 477;30;0;2;8;1;1
202200002532;809 475;10;0;2;1;1;1
202200002533;809 474;10;0;1;3;25;1
202200002534;809 473;7;0;1;1;1;1
202200002535;809 472;7;0;1;3;1;1
202200002536;809 471;1;0;0;0;0;5
202200002537;809 470;1;0;0;0;25;5
202200002538;809 468;33;0;0;8;19;1
202200002538;809 469;1;0;2;1;7;5
202200002539;809 466;33;0;2;1;17;1
202200002539;809 467;7;0;2;8;15;1
202200002540;809 465;2;0;0;8;1;1
202200002541;809 464;7;8;1;1;1;1
202200002542;809 462;7;0;2;1;19;1
202200002542;809 463;7;0;2;3;23;1
202200002543;809 461;7;2;0;2;1;1
202200002544;809 459;7;7;0;3;1;1
202200002544;809 460;7;0;2;2;15;1
202200002545;809 458;7;2;0;9;13;1
202200002546;809 457;33;0;0;0;1;1
202200002547;809 456;7;6;0;2;2;1
202200002548;809 454;33;0;2;1;0;1
202200002548;809 455;33;0;2;5;12;1
202200002549;809 453;33;4;0;9;1;1
202200002550;809 452;7;3;0;1;0;1
202200002551;809 450;7;0;2;3;1;1
202200002551;809 451;7;0;2;3;1;1
202200002552;809 448;7;0;2;3;9;1
202200002552;809 449;32;0;2;1;1;1
202200002553;809 446;0;0;2;3;1;0
202200002553;809 447;80;0;0;4;2;3
202200002554;809 445;7;13;0;3;1;1
202200002555;809 444;7;2;0;7;2;1
202200002556;809 443;33;13;0;1;16;1
202200002557;809 442;2;8;0;1;1;1
202200002558;809 440;33;0;2;1;13;1
202200002558;809 441;33;0;2;3;1;1
202200002559;809 438;7;0;2;6;19;1
202200002559;809 439;33;0;2;1;1;1
202200002560;809 437;7;2;0;7;1;1
202200002561;809 435;21;0;2;3;1;1
202200002561;809 436;2;0;2;1;13;1
202200002562;809 433;7;0;2;2;1;1
202200002562;809 434;1;0;2;1;1;5
202200002563;809 432;7;0;1;1;15;1
202200002564;809 431;2;0;0;0;0;4
202200002565;809 430;7;13;0;2;1;1
202200002566;809 429;7;2;0;3;13;1
202200002567;809 428;7;15;0;9;0;1
202200002568;809 427;2;7;0;1;0;1
202200002569;809 426;2;12;0;0;1;1
202200002570;809 425;7;0;1;2;1;1
202200002571;809 424;7;0;0;2;1;1
202200002572;809 423;33;3;0;2;1;1
202200002573;809 421;10;0;2;1;1;1
202200002573;809 422;7;0;2;1;13;1
202200002574;809 420;10;2;0;1;0;1
202200002575;809 418;7;0;2;1;1;1
202200002575;809 419;33;0;2;1;21;1
202200002576;809 416;30;0;2;3;10;1
202200002576;809 417;7;0;2;2;17;1
202200002577;809 415;7;2;0;1;1;1
202200002578;809 413;33;3;2;1;17;1
202200002578;809 414;7;13;2;3;1;1
202200002579;809 411;7;0;2;1;2;1
202200002579;809 412;7;0;0;4;2;0
202200002580;809 410;7;7;0;2;1;1
202200002581;809 409;7;0;0;1;1;0
202200002582;809 407;15;3;0;7;0;1
202200002582;809 408;33;0;0;0;1;1
202200002583;809 405;7;0;2;3;13;1
202200002583;809 406;7;4;2;3;1;1
202200002584;809 403;7;0;2;3;9;1
202200002584;809 404;2;0;2;5;16;1
202200002585;809 399;7;0;2;3;15;3
202200002585;809 400;33;0;2;1;2;1
202200002586;809 398;33;0;0;0;17;1
202200002587;809 397;7;8;0;0;1;1
202200002588;809 395;7;0;2;3;9;1
202200002588;809 396;33;0;2;1;1;1
202200002589;809 392;33;0;0;9;1;1
202200002590;809 390;2;0;2;1;13;1
202200002590;809 391;7;0;2;3;1;1
202200002591;809 389;34;8;0;9;1;3
202200002592;809 386;7;0;2;1;13;1
202200002592;809 387;7;0;2;0;26;1
202200002592;809 388;7;0;2;3;1;1
202200002593;809 384;7;0;2;1;1;1
202200002593;809 385;7;7;0;7;19;1
202200002594;809 382;31;0;2;2;1;1
202200002594;809 383;7;0;2;3;15;1
202200002595;809 380;31;0;2;8;1;1
202200002595;809 381;7;0;2;8;1;1
202200002596;809 378;7;0;2;8;26;1
202200002596;809 379;7;0;2;1;1;1
202200002597;809 377;7;0;1;3;1;1
202200002598;809 376;7;1;0;2;26;1
202200002599;809 375;21;0;0;8;12;1
202200002600;809 373;7;0;2;3;20;1
202200002600;809 374;2;0;2;1;1;1
202200002601;809 372;7;0;1;8;1;1
202200002602;809 369;10;0;2;3;2;1
202200002602;809 370;17;0;2;6;2;1
202200002603;809 367;7;0;2;5;2;1
202200002603;809 368;0;0;0;0;0;0
202200002604;809 366;7;13;2;1;0;1
202200002605;809 363;7;4;2;1;2;1
202200002605;809 364;7;4;2;4;2;3
202200002605;809 365;7;4;2;6;0;1
202200002606;809 360;10;0;2;1;2;1
202200002606;809 361;7;0;2;4;2;1
202200002606;809 362;7;0;2;4;2;1
202200002607;809 359;7;3;0;1;0;1
202200002608;809 356;33;0;2;1;2;1
202200002608;809 357;7;0;2;4;1;1
202200002608;809 358;7;0;2;4;1;3
202200002609;809 355;1;0;2;1;16;5
202200002610;809 353;50;0;2;7;21;3
202200002610;809 354;1;0;9;1;1;5
202200002611;809 351;31;0;2;1;11;1
202200002611;809 352;7;0;2;1;1;1
202200002612;809 350;30;0;0;0;16;1
202200002613;809 347;7;0;2;6;0;1
202200002613;809 348;7;0;2;0;0;0
202200002613;809 349;7;0;2;2;26;1
202200002614;809 343;7;0;2;1;2;1
202200002614;809 344;7;0;2;1;2;1
202200002614;809 345;7;0;2;4;2;1
202200002614;809 346;7;0;2;4;2;1
202200002615;809 341;7;0;2;4;23;1
202200002615;809 342;7;0;2;1;2;1
202200002616;809 339;7;0;2;3;1;1
202200002616;809 340;7;0;2;3;5;1
202200002617;809 338;7;0;1;2;1;1
202200002618;809 337;33;4;0;1;17;1
202200002619;809 334;10;0;2;1;1;1
202200002619;809 335;7;0;2;4;1;1
202200002619;809 336;7;0;2;6;16;1
202200002620;809 333;33;0;0;7;9;1
202200002621;809 331;7;0;2;3;13;1
202200002621;809 332;7;0;2;3;1;1
202200002622;809 330;32;15;0;3;0;1
202200002623;809 327;10;0;2;2;21;1
202200002623;809 328;7;0;2;6;14;1
202200002623;809 329;7;0;2;0;0;1
202200002624;809 325;7;0;1;1;1;1
202200002625;809 323;7;0;2;1;2;1
202200002625;809 324;7;0;2;4;2;1
202200002626;809 320;7;0;2;1;1;1
202200002626;809 321;7;0;2;4;1;1
202200002626;809 322;7;0;2;4;1;1
202200002627;809 319;50;0;0;0;1;3
202200002628;809 317;7;0;2;1;15;1
202200002628;809 318;1;0;2;1;0;5
202200002629;809 316;3;0;1;1;1;1
202200002630;809 314;7;0;2;3;1;1
202200002630;809 315;50;0;2;7;1;3
202200002631;809 312;33;0;2;1;13;1
202200002631;809 313;7;0;2;2;15;1
202200002632;809 310;10;0;2;2;1;1
202200002632;809 311;2;0;2;4;1;1
202200002633;809 309;7;0;1;1;9;1
202200002634;809 307;7;0;2;1;2;1
202200002634;809 308;7;0;2;4;2;1
202200002635;809 304;7;0;2;1;16;1
202200002635;809 305;7;0;2;8;23;1
202200002635;809 306;7;0;2;8;23;1
202200002636;809 302;13;0;2;4;23;1
202200002636;809 303;1;1;0;1;1;5
202200002637;809 300;2;0;2;1;17;1
202200002637;809 301;7;0;2;3;1;1
202200002638;809 298;1;0;2;3;9;5
202200002638;809 299;7;0;2;2;9;1
202200002639;809 297;7;0;1;7;26;0
202200002640;809 296;7;0;1;1;1;1
202200002641;809 293;10;0;0;1;0;0
202200002641;809 294;10;0;0;6;2;0
202200002641;809 295;10;0;2;4;23;0
202200002642;809 291;80;0;2;1;21;3
202200002642;809 292;15;0;2;5;1;1
202200002643;809 289;7;0;2;6;15;1
202200002643;809 290;33;0;2;6;1;1
202200002644;809 288;37;0;1;1;1;1
202200002645;809 286;1;0;2;7;1;5
202200002645;809 287;7;0;2;3;9;1
202200002646;809 284;33;0;2;7;1;1
202200002646;809 285;7;0;2;6;1;1
202200002647;809 283;10;1;0;3;21;1
202200002648;809 280;10;0;2;4;1;1
202200002648;809 281;7;0;2;4;1;1
202200002648;809 282;7;0;2;1;1;1
202200002649;809 278;7;0;2;1;1;1
202200002649;809 279;7;0;2;1;15;1
202200002650;809 276;50;0;2;8;7;3
202200002650;809 277;37;0;2;5;17;1
202200002651;809 274;30;0;2;0;2;1
202200002651;809 275;7;0;2;8;15;1
202200002652;809 272;7;0;2;4;26;1
202200002652;809 273;7;0;2;1;26;1
202200002653;809 271;2;0;1;1;26;1
202200002654;809 269;7;0;2;1;2;2
202200002654;809 270;50;0;2;0;19;3
202200002655;809 267;10;0;2;3;9;1
202200002655;809 268;2;0;2;1;1;1
202200002656;809 265;7;0;2;4;23;1
202200002656;809 266;1;0;2;1;1;5
202200002657;809 263;1;0;2;8;1;5
202200002657;809 264;7;0;2;1;1;1
202200002658;809 261;7;0;2;1;1;1
202200002658;809 262;7;0;2;4;23;1
202200002659;809 258;7;0;1;2;1;1
202200002660;809 257;33;0;0;8;1;1
202200002661;809 256;31;0;0;0;1;1
202200002662;809 254;7;0;2;1;2;1
202200002662;809 255;7;0;2;4;1;1
202200002663;809 252;1;0;2;5;16;5
202200002663;809 253;2;0;2;1;1;1
202200002664;809 250;34;0;2;1;1;1
202200002664;809 251;7;0;2;1;17;1
202200002665;809 249;7;0;1;1;1;1
202200002666;809 247;7;0;2;3;15;1
202200002666;809 248;30;0;2;2;17;1
202200002667;809 245;32;0;2;3;1;1
202200002667;809 246;7;0;2;6;9;1
202200002668;809 243;10;0;4;8;19;1
202200002668;809 244;39;0;2;1;0;0
202200002669;809 242;7;0;1;3;2;1
202200002670;809 240;7;0;2;0;0;1
202200002670;809 241;33;0;2;5;3;0
202200002671;809 239;30;0;0;6;14;1
202200002672;809 237;7;0;2;5;1;1
202200002672;809 238;7;0;2;2;9;1
202200002673;809 236;30;0;0;8;0;1
202200002674;809 235;7;4;0;2;14;1
202200002675;809 232;33;0;2;1;2;1
202200002675;809 233;7;0;2;4;2;1
202200002675;809 234;7;0;2;4;2;1
202200002676;809 230;10;0;2;8;13;1
202200002676;809 231;7;0;2;8;1;1
202200002677;809 229;7;1;0;2;1;1
202200002678;809 227;1;0;2;1;15;5
202200002678;809 228;30;0;2;1;1;3
202200002679;809 226;7;0;1;1;15;1
202200002680;809 224;7;8;2;1;26;1
202200002680;809 225;32;0;2;1;1;1
202200002681;809 222;32;0;2;3;1;1
202200002681;809 223;7;0;2;3;15;1
202200002682;809 221;3;0;1;1;1;0
202200002683;809 220;7;0;1;1;9;0
202200002684;809 218;7;0;2;2;1;1
202200002684;809 219;1;0;2;0;0;5
202200002685;809 214;7;0;2;2;0;1
202200002685;809 215;7;0;2;4;0;1
202200002685;809 216;7;0;2;4;2;2
202200002685;809 217;7;0;2;3;11;1
202200002686;809 212;7;0;2;1;21;1
202200002686;809 213;7;1;0;1;13;1
202200002687;809 210;7;0;2;3;19;1
202200002687;809 211;33;0;2;1;1;0
202200002688;809 208;7;0;2;2;12;0
202200002688;809 209;33;0;2;3;3;1
202200002689;809 206;30;0;2;8;17;3
202200002689;809 207;7;0;2;2;1;1
202200002690;809 204;7;0;2;6;11;1
202200002690;809 205;31;0;2;1;3;1
202200002691;809 202;30;0;2;2;17;1
202200002691;809 203;7;0;2;3;10;1
202200002692;809 200;7;0;2;4;2;1
202200002692;809 201;7;0;2;1;2;1
202200002693;809 199;30;6;1;1;13;3
202200002694;809 197;50;0;2;1;1;3
202200002694;809 198;7;0;2;2;16;2
202200002695;809 196;7;0;1;4;4;1
202200002696;809 195;80;0;1;2;1;3
202200002697;809 193;33;0;2;3;1;1
202200002697;809 194;7;0;2;2;1;1
202200002698;809 192;1;0;0;0;13;5
202200002699;809 190;7;0;2;1;1;1
202200002699;809 191;7;0;2;8;1;1
202200002700;809 189;1;0;1;1;1;5
202200002701;809 188;1;0;1;1;5;5
202200002702;809 187;7;0;1;1;16;1
202200002703;809 185;7;0;2;1;1;2
202200002703;809 186;1;0;2;8;19;5
202200002704;809 184;7;0;1;2;9;1
202200002705;809 182;10;0;2;0;0;1
202200002705;809 183;30;0;2;0;0;1
202200002706;809 181;32;0;1;1;1;1
202200002707;809 180;50;0;0;0;1;3
202200002708;809 179;7;8;0;1;1;1
202200002709;809 177;7;0;2;1;1;1
202200002709;809 178;7;0;2;3;1;1
202200002710;809 176;7;0;1;1;1;0
202200002711;809 174;50;0;2;1;1;3