Num_Acc;id_vehicule;catv;obs;obsm;choc;manv;motor
202200003111;808 464;7;17;0;1;1;1
202200003112;808 463;7;0;2;0;11;0
202200003112;808 465;7;0;2;7;1;1
202200003112;808 466;7;0;2;4;1;1
202200003113;808 461;31;4;0;8;2;1
202200003114;808 462;7;0;1;3;15;1
202200003115;808 457;33;0;2;8;3;1
202200003115;808 459;7;0;2;5;14;1
202200003116;808 456;10;0;2;3;1;1
202200003116;808 460;7;16;2;3;1;1
202200003117;808 455;7;0;0;1;1;1
202200003118;808 448;7;0;2;7;15;1
202200003118;808 452;2;0;2;1;1;1
202200003119;808 449;7;0;2;1;2;1
202200003119;808 451;7;0;2;2;17;1
202200003119;808 453;7;0;2;6;2;1
202200003119;808 454;7;0;2;8;2;1
202200003120;808 447;7;0;2;1;1;1
202200003120;808 450;7;0;2;1;13;1
202200003121;808 446;7;8;0;1;1;3
202200003122;808 445;33;0;2;0;1;1
202200003123;808 441;7;0;2;2;1;1
202200003123;808 444;7;0;2;3;1;1
202200003124;808 440;7;0;9;6;23;1
202200003124;808 443;7;1;0;2;14;1
202200003125;808 439;7;0;2;7;26;1
202200003125;808 442;7;0;2;1;2;1
202200003126;808 438;7;0;1;4;4;1
202200003127;808 436;33;15;0;1;2;1
202200003128;808 433;7;4;2;4;1;1
202200003128;808 435;7;0;2;4;1;1
202200003128;808 437;10;0;2;1;1;1
202200003129;808 431;7;0;2;2;1;1
202200003129;808 434;7;0;2;1;15;1
202200003130;808 430;10;0;2;4;2;1
202200003130;808 432;32;0;2;1;2;1
202200003131;808 427;7;0;2;6;15;1
202200003131;808 429;7;0;2;1;1;2
202200003132;808 425;33;0;2;7;9;1
202200003132;808 428;7;0;2;8;1;1
202200003133;808 424;7;2;0;3;1;1
202200003134;808 421;0;0;1;0;1;0
202200003135;808 422;33;0;2;1;1;1
202200003135;808 423;7;0;2;4;0;1
202200003136;808 420;7;0;2;1;2;1
202200003136;808 426;7;0;2;6;2;1
202200003137;808 417;7;0;2;0;0;1
202200003137;808 419;33;0;2;1;1;1
202200003138;808 414;33;0;2;0;0;1
202200003138;808 415;7;0;2;3;20;1
202200003139;808 411;10;0;2;3;1;1
202200003139;808 412;2;0;2;1;1;1
202200003139;808 416;10;0;2;7;15;1
202200003140;808 406;21;0;2;6;15;1
202200003140;808 408;33;0;2;1;1;1
202200003141;808 405;10;0;0;1;0;1
202200003141;808 407;7;0;0;0;0;1
202200003141;808 409;7;0;2;1;9;6
202200003142;808 402;10;16;0;7;14;1
202200003143;808 399;33;0;2;1;1;1
202200003143;808 400;7;0;2;2;15;1
202200003144;808 398;7;0;2;1;1;1
202200003144;808 401;7;0;2;1;17;1
202200003145;808 395;7;0;2;0;0;0
202200003145;808 397;7;0;2;0;0;0
202200003146;808 394;10;0;2;1;17;1
202200003147;808 393;7;0;9;8;19;1
202200003147;808 396;1;0;2;8;1;5
202200003148;808 392;7;17;0;1;2;1
202200003149;808 387;7;0;2;7;1;1
202200003149;808 390;7;0;2;1;1;1
202200003150;808 386;7;0;2;1;2;1
202200003150;808 389;7;0;2;9;23;1
202200003150;808 391;7;0;2;4;23;1
202200003151;808 383;1;0;2;1;21;5
202200003151;808 385;7;0;9;1;21;1
202200003151;808 388;37;0;2;2;21;1
202200003152;808 384;7;6;0;8;26;1
202200003153;808 379;2;0;0;0;1;0
202200003154;808 380;2;0;2;1;0;1
202200003154;808 382;7;0;2;8;15;1
202200003155;808 378;7;0;2;4;1;1
202200003155;808 381;33;0;2;1;1;1
202200003156;808 377;2;8;0;1;1;1
202200003157;808 372;7;0;2;1;2;1
202200003157;808 374;7;0;2;4;2;1
202200003157;808 376;7;0;0;5;2;1
202200003158;808 373;32;0;2;1;3;1
202200003158;808 375;7;0;2;3;10;1
202200003159;808 368;31;0;2;8;1;1
202200003159;808 370;7;0;2;1;1;1
202200003160;808 369;7;0;2;3;9;1
202200003160;808 371;7;0;2;3;9;1
202200003161;808 364;30;0;1;1;17;1
202200003162;808 365;7;4;2;1;1;1
202200003162;808 367;7;4;0;4;1;1
202200003163;808 363;7;0;2;0;15;1
202200003163;808 366;1;0;2;0;1;5
202200003164;808 359;30;0;1;0;0;1
202200003165;808 360;99;0;2;0;0;0
202200003165;808 362;33;0;2;1;0;0
202200003166;808 361;7;8;0;1;0;1
202200003167;808 358;7;0;0;9;0;1
202200003168;808 355;7;12;2;1;18;1
202200003168;808 357;7;0;2;5;16;1
202200003169;808 356;10;0;1;1;1;1
202200003170;808 353;2;0;2;1;1;1
202200003170;808 354;7;0;2;3;16;1
202200003171;808 351;7;0;2;1;9;1
202200003171;808 352;50;0;2;8;1;3
202200003172;808 348;10;0;2;2;1;1
202200003172;808 350;7;0;2;6;26;1
202200003173;808 349;7;2;0;2;1;1
202200003174;808 346;7;0;2;1;26;1
202200003174;808 347;7;0;2;4;0;2
202200003175;808 344;7;0;2;4;1;1
202200003175;808 345;10;0;2;1;1;1
202200003176;808 341;50;1;2;1;2;3
202200003176;808 342;7;0;2;5;23;1
202200003177;808 340;7;0;2;3;1;1
202200003177;808 343;7;0;2;3;13;1
202200003178;808 338;7;9;2;6;2;1
202200003178;808 339;7;9;2;2;21;1
202200003179;808 333;7;0;2;4;2;1
202200003179;808 334;7;0;2;1;2;1
202200003179;808 336;7;0;2;1;2;1
202200003179;808 337;7;0;2;1;2;1
202200003180;808 332;33;0;2;1;1;1
202200003181;808 331;33;0;2;1;3;1
202200003181;808 335;7;0;2;5;12;1
202200003182;808 329;7;0;2;1;1;1
202200003182;808 330;14;0;2;1;26;1
202200003183;808 327;7;8;0;1;13;2
202200003184;808 326;31;0;2;2;1;1
202200003184;808 328;7;0;2;2;9;1
202200003185;808 325;7;0;1;3;1;1
202200003186;808 324;7;13;0;9;1;1
202200003187;808 323;7;0;0;9;1;1
202200003188;808 321;32;0;2;2;1;1
202200003188;808 322;7;0;2;7;13;1
202200003189;808 318;30;0;2;3;1;1
202200003189;808 319;7;0;2;4;1;1
202200003190;808 314;7;13;0;1;13;1
202200003190;808 317;7;0;2;1;1;2
202200003190;808 320;10;0;2;1;1;1
202200003191;808 315;7;0;2;8;1;0
202200003191;808 316;7;0;2;1;1;1
202200003192;808 311;7;0;2;1;2;1
202200003192;808 312;7;0;2;4;2;1
202200003192;808 313;7;0;2;4;2;1
202200003193;808 310;7;0;1;2;1;1
202200003194;808 309;7;2;0;3;13;1
202200003195;808 306;7;0;1;2;26;0
202200003196;808 303;7;0;2;4;26;1
202200003196;808 305;7;0;2;4;1;1
202200003196;808 307;7;0;2;1;1;1
202200003196;808 308;7;0;2;1;1;1
202200003197;808 302;10;0;2;3;1;1
202200003197;808 304;7;0;2;3;6;1
202200003198;808 299;7;0;2;2;1;1
202200003198;808 301;50;0;2;3;15;3
202200003199;808 298;7;1;0;3;9;1
202200003199;808 300;7;0;2;5;24;1
202200003200;808 295;7;0;2;7;15;1
202200003200;808 297;7;0;2;1;1;1
202200003201;808 292;7;0;2;7;15;1
202200003201;808 294;60;0;2;1;1;3
202200003202;808 288;7;0;2;7;1;1
202200003202;808 291;7;0;2;1;15;1
202200003203;808 287;7;0;2;5;15;1
202200003203;808 289;1;0;2;1;1;0
202200003204;808 285;80;0;2;8;0;3
202200003204;808 286;7;0;9;0;0;1
202200003205;808 290;7;1;0;1;1;1
202200003205;808 293;7;0;2;1;2;1
202200003205;808 296;7;0;2;7;21;1
202200003206;808 283;7;0;2;1;2;1
202200003206;808 284;7;0;2;6;2;1
202200003207;808 282;7;0;1;1;14;1
202200003208;808 281;32;0;1;3;1;1
202200003209;808 278;34;0;2;1;18;1
202200003209;808 280;7;0;2;7;16;1
202200003210;808 279;7;5;0;2;0;3
202200003211;808 275;7;0;2;1;2;1
202200003211;808 276;7;0;2;4;2;1
202200003211;808 277;7;0;2;1;2;1
202200003212;808 273;32;0;2;1;2;1
202200003212;808 274;7;0;9;4;2;1
202200003213;808 269;7;2;2;1;1;1
202200003213;808 272;10;0;2;5;19;1
202200003214;808 266;7;0;2;4;2;1
202200003214;808 268;7;0;2;4;2;1
202200003214;808 270;7;0;2;4;2;1
202200003214;808 271;7;0;2;1;2;1
202200003215;808 262;7;0;2;2;15;2
202200003215;808 264;1;0;2;9;19;5
202200003216;808 263;7;0;2;1;2;1
202200003216;808 265;7;0;2;4;2;1
202200003216;808 267;7;0;2;4;2;1
202200003217;808 261;32;12;0;1;2;1
202200003218;808 258;1;0;1;1;5;5
202200003219;808 260;7;0;1;1;19;1
202200003220;808 256;33;0;2;2;17;1
202200003220;808 257;7;0;2;3;15;1
202200003220;808 259;7;0;2;3;1;1
202200003221;808 252;33;0;2;3;3;1
202200003221;808 254;7;0;2;5;1;1
202200003222;808 250;3;0;2;1;9;1
202200003222;808 253;2;0;2;7;1;1
202200003223;808 251;30;0;2;7;1;1
202200003223;808 255;7;0;2;2;1;1
202200003224;808 248;31;0;2;1;2;1
202200003224;808 249;7;0;2;5;1;1
202200003225;808 246;32;10;0;1;1;1
202200003226;808 245;7;0;2;5;2;1
202200003226;808 247;7;0;2;3;2;1
202200003227;808 243;15;0;2;4;2;1
202200003227;808 244;7;0;2;1;2;1
202200003228;808 238;7;0;2;8;11;1
202200003228;808 240;32;0;2;7;1;1
202200003229;808 239;7;0;2;1;19;1
202200003229;808 242;7;0;2;5;1;2
202200003230;808 241;7;12;0;2;0;1
202200003231;808 236;7;0;2;4;2;1
202200003231;808 237;7;0;2;4;1;1
202200003232;808 232;7;0;2;3;1;1
202200003232;808 233;7;0;2;0;26;1
202200003233;808 231;33;0;2;1;1;1
202200003233;808 235;7;0;0;6;26;1
202200003234;808 228;33;0;2;3;3;1
202200003234;808 229;7;0;2;7;14;1
202200003235;808 227;7;0;2;1;1;1
202200003235;808 230;7;0;2;7;15;1
202200003235;808 234;7;0;2;1;23;1
202200003236;808 224;7;0;2;4;2;2
202200003236;808 226;7;0;2;1;1;1
202200003237;808 225;3;0;1;1;26;1
202200003238;808 223;3;0;1;1;1;2
202200003239;808 222;7;0;1;2;2;1
202200003240;808 221;7;0;1;3;15;1
202200003241;808 220;50;0;0;0;0;3
202200003242;808 218;7;0;2;5;23;6
202200003242;808 219;7;0;2;1;1;1
202200003243;808 217;33;0;2;3;26;1
202200003244;808 213;1;0;2;1;25;5
202200003244;808 215;7;0;2;3;20;1
202200003245;808 211;31;0;2;1;3;1
202200003245;808 212;10;0;2;2;12;1
202200003246;808 214;7;0;2;2;15;1
202200003246;808 216;1;0;2;1;1;5
202200003247;808 209;7;0;1;1;9;1
202200003248;808 206;33;0;2;1;3;1
202200003248;808 208;42;0;2;5;12;1
202200003248;808 210;7;0;2;4;1;3
202200003249;808 203;1;0;2;7;1;5
202200003249;808 205;7;0;2;1;9;1
202200003250;808 202;80;0;2;8;1;3
202200003250;808 207;80;0;2;1;1;3
202200003251;808 200;7;0;2;6;1;1
202200003251;808 201;31;0;2;6;13;1
202200003251;808 204;43;0;2;1;3;1
202200003252;808 197;1;1;0;1;1;5
202200003252;808 198;7;0;2;2;22;1
202200003253;808 196;0;8;2;1;1;3
202200003253;808 199;7;0;2;2;1;1
202200003254;808 192;34;0;2;2;1;1
202200003254;808 194;1;0;2;3;1;5
202200003255;808 193;7;0;2;1;1;1
202200003255;808 195;7;0;2;3;15;1
202200003256;808 190;31;0;2;0;0;1
202200003256;808 191;10;0;2;3;9;1
202200003257;808 188;30;0;2;1;18;1
202200003257;808 189;14;0;2;7;16;1
202200003258;808 187;7;8;0;1;13;1
202200003259;808 184;7;0;2;2;16;1
202200003259;808 186;1;0;2;0;0;5
202200003260;808 183;10;0;2;2;1;1
202200003260;808 185;7;0;2;3;16;1
202200003261;808 181;33;16;0;8;12;1
202200003261;808 182;10;0;2;8;2;1
202200003262;808 180;7;0;1;3;1;1
202200003263;808 178;1;1;0;1;1;5
202200003263;808 179;14;0;2;5;24;1
202200003264;808 177;7;0;1;2;1;1
202200003265;808 175;10;0;1;0;1;1
202200003266;808 176;33;4;0;0;1;1
202200003267;808 172;7;0;2;3;15;1
202200003267;808 174;33;0;2;7;17;1
202200003268;808 171;1;0;2;1;1;5
202200003268;808 173;7;0;2;2;15;1
202200003269;808 170;10;0;1;1;2;1
202200003270;808 164;7;0;2;3;26;1
202200003270;808 168;33;0;2;1;1;0
202200003271;808 165;30;0;2;4;1;1
202200003271;808 167;1;0;2;4;15;5
202200003272;808 163;37;0;1;2;16;1
202200003273;808 159;2;0;2;1;16;1
202200003273;808 162;7;0;2;3;1;1
202200003274;808 161;1;1;0;1;1;5
202200003275;808 157;7;6;0;1;15;1
202200003276;808 153;32;0;2;0;7;1
202200003276;808 156;7;0;2;2;16;2
202200003277;808 152;7;6;0;3;1;1
202200003278;808 151;1;0;2;1;26;5
202200003278;808 154;30;0;2;3;9;1
202200003279;808 150;37;0;0;0;19;6
202200003279;808 155;7;0;0;0;26;1
202200003280;808 149;50;0;0;0;1;3
202200003281;808 148;33;2;0;1;1;1
202200003282;808 145;1;12;0;1;1;5
202200003283;808 144;7;0;9;4;4;1
202200003284;808 142;80;0;2;1;1;3
202200003284;808 143;1;0;2;4;1;5
202200003285;808 141;7;0;2;5;15;1
202200003285;808 147;33;0;2;1;1;1
202200003286;808 139;10;0;2;0;1;1
202200003286;808 146;30;0;2;1;1;3
202200003287;808 136;7;0;2;4;2;1
202200003287;808 137;30;0;2;1;2;3
202200003288;808 132;7;0;9;3;19;1
202200003288;808 135;50;0;0;0;1;3
202200003289;808 133;14;0;1;4;4;1
202200003290;808 130;32;0;1;1;25;0
202200003291;808 131;43;0;2;1;2;1
202200003291;808 134;7;0;2;4;2;1
202200003292;808 128;7;13;0;1;1;1
202200003293;808 127;10;0;0;0;0;1
202200003294;808 124;1;0;0;2;20;5
202200003295;808 121;7;0;1;7;1;1
202200003296;808 123;50;0;2;1;19;3
202200003296;808 125;7;0;9;3;19;1
202200003297;808 122;7;0;2;1;1;2
202200003297;808 126;7;0;2;7;19;1
202200003298;808 120;43;13;0;0;1;1
202200003299;808 117;10;0;0;1;26;1
202200003300;808 116;7;0;2;1;15;1
202200003300;808 119;32;0;2;8;1;1
202200003301;808 114;7;0;1;2;1;1
202200003302;808 115;10;0;9;0;0;1
202200003302;808 118;50;0;2;7;9;3
202200003303;808 113;99;0;0;9;14;1
202200003304;808 112;7;0;1;0;16;2
202200003305;808 110;7;0;1;2;26;1
202200003306;808 107;32;0;2;1;1;1
202200003306;808 109;7;0;0;3;9;1
202200003307;808 106;7;0;2;8;10;1
202200003307;808 111;33;0;2;1;1;6
202200003308;808 105;7;1;2;1;1;1
202200003308;808 108;7;0;2;8;1;1
202200003309;808 102;7;0;2;1;9;1
202200003309;808 104;34;0;2;2;1;1
202200003310;808 100;7;0;9;4;0;1
202200003310;808 103;7;0;2;1;0;1
202200003311;808 099;7;0;2;5;17;1
202200003311;808 101;7;0;2;3;13;1
202200003312;808 097;10;12;0;2;16;1
202200003313;808 095;7;0;2;3;15;1
202200003313;808 096;32;0;2;1;1;1
202200003314;808 094;30;0;2;1;1;1
202200003314;808 098;7;0;2;7;1;1
202200003315;808 092;7;0;2;8;1;1
202200003315;808 093;10;0;2;1;1;1
202200003316;808 090;2;0;1;1;1;1
202200003317;808 088;7;0;2;1;2;1
202200003317;808 089;7;0;2;1;23;1
202200003317;808 091;10;0;0;4;23;1
202200003318;808 087;7;0;1;1;1;0
202200003319;808 084;33;0;2;1;1;1
202200003319;808 086;7;0;2;3;16;1
202200003320;808 083;32;0;1;8;0;0
202200003321;808 082;10;0;2;1;2;1
202200003321;808 085;33;0;0;4;1;1
202200003322;808 078;10;0;2;4;1;1
202200003322;808 080;7;0;2;1;1;1
202200003323;808 074;7;0;1;1;15;1
202200003324;808 075;2;0;2;2;17;1
202200003324;808 077;7;0;2;3;1;1
202200003324;808 079;7;0;2;6;1;1
202200003325;808 076;7;0;2;4;2;2
202200003325;808 081;10;0;2;1;2;1
202200003326;808 072;7;0;2;1;1;1
202200003326;808 073;14;0;2;5;15;0
202200003327;808 066;7;0;2;1;26;0
202200003327;808 068;7;0;0;7;0;0
202200003328;808 069;1;0;1;1;1;5
202200003329;808 064;7;0;2;3;17;1
202200003329;808 067;1;0;2;3;16;5
202200003330;808 065;7;2;0;1;0;1
202200003331;808 062;50;0;2;8;19;3
202200003331;808 063;7;0;2;1;1;0
202200003332;808 059;30;12;0;7;14;3
202200003333;808 058;7;0;2;1;15;1
202200003333;808 061;2;0;2;1;1;1
202200003334;808 057;7;8;2;5;1;1
202200003334;808 060;7;0;2;2;19;1
202200003335;808 056;30;8;0;1;5;1
202200003336;808 054;7;14;1;1;16;1
202200003337;808 055;7;0;1;2;1;1
202200003338;808 052;7;4;2;1;17;1
202200003338;808 053;1;4;0;4;26;5
202200003339;808 049;10;0;2;2;16;1
202200003339;808 050;50;0;2;7;1;3
202200003340;808 048;1;0;2;1;1;5
202200003340;808 051;34;0;2;7;15;1
202200003341;808 046;7;0;2;7;1;1
202200003341;808 047;10;6;2;1;16;1
202200003342;808 044;7;0;2;3;13;1
202200003342;808 045;7;0;2;8;1;0
202200003343;808 043;15;0;1;2;1;0
202200003344;808 041;32;0;0;1;17;1
202200003345;808 042;33;14;0;3;13;1
202200003346;808 038;7;0;0;8;23;1
202200003346;808 040;32;0;2;8;17;1
202200003347;808 035;7;1;0;2;1;1
202200003348;808 033;7;0;2;6;23;1
202200003348;808 036;33;1;0;2;17;1
202200003348;808 039;7;0;2;3;1;1
202200003349;808 034;7;8;0;1;17;1
202200003349;808 037;7;8;0;8;15;1
202200003350;808 028;32;0;2;4;1;1
202200003350;808 031;7;0;2;1;1;0
202200003351;808 026;7;0;2;3;15;1
202200003351;808 030;1;0;2;1;1;5
202200003352;808 027;10;0;1;6;2;1
202200003353;808 022;10;0;1;3;1;0
202200003354;808 020;33;1;0;8;13;1
202200003354;808 024;7;0;2;7;1;1
202200003355;808 019;33;0;2;7;17;1
202200003355;808 021;1;0;2;8;13;5
202200003356;808 018;32;0;0;0;16;1
202200003357;808 014;7;0;2;6;2;1
202200003357;808 016;10;0;2;6;2;1
202200003358;808 017;10;0;1;1;15;1
202200003359;808 013;2;0;2;1;1;1
202200003359;808 015;7;0;2;7;19;1
202200003360;808 011;10;0;2;2;15;1
202200003360;808 012;7;0;2;1;1;1
202200003361;808 008;7;0;1;5;19;1
202200003362;808 009;33;16;0;3;14;1
202200003363;808 006;7;0;1;0;0;1
202200003364;808 005;33;0;5;3;1;1
202200003365;807 997;10;4;2;6;2;1
202200003365;808 000;7;0;2;1;1;1
202200003366;808 001;7;0;2;1;1;1
202200003366;808 003;15;0;2;2;15;1
202200003367;807 995;10;0;2;8;1;1
202200003367;807 998;7;0;2;3;13;1
202200003368;807 992;17;0;0;6;23;1
202200003368;807 994;7;0;0;2;1;1
202200003369;807 993;50;0;0;1;15;3
202200003370;807 989;7;0;2;1;13;1
202200003370;807 991;10;0;2;1;1;1
202200003371;807 988;15;0;2;8;2;1
202200003371;807 990;7;3;2;7;17;1
202200003372;807 987;7;0;1;3;19;1
202200003373;807 985;7;0;1;2;1;1
202200003374;807 984;7;0;1;1;1;1
202200003375;807 983;7;7;0;1;1;1
202200003376;807 982;10;0;2;8;15;1
202200003376;807 986;32;0;2;7;2;1
202200003377;807 977;7;0;2;1;1;1
202200003377;807 980;7;0;2;4;1;1
202200003378;807 975;32;13;0;1;16;1
202200003379;807 970;60;0;2;8;19;5
202200003379;807 971;7;0;2;1;1;1
202200003380;807 972;34;0;2;8;18;1
202200003380;807 974;7;0;2;7;26;1
202200003381;807 967;10;0;0;4;23;1
202200003381;807 969;7;0;2;1;2;1
202200003382;807 966;33;15;0;4;25;1
202200003383;807 964;7;0;2;4;12;1
202200003383;807 968;7;0;2;1;12;1
202200003384;807 963;7;2;0;2;1;1
202200003385;807 965;7;8;0;3;13;1
202200003386;807 960;2;0;0;7;1;1
202200003387;807 961;7;8;0;1;14;1
202200003388;807 959;7;4;2;4;2;1
202200003388;807 962;34;4;2;1;2;1
202200003389;807 958;2;0;0;0;1;1
202200003390;807 957;7;13;0;1;1;1
202200003391;807 956;7;4;0;2;1;0
202200003392;807 951;17;0;2;4;2;1
202200003392;807 953;7;0;2;1;1;1
202200003393;807 949;7;0;1;1;1;1
202200003394;807 950;1;0;2;1;1;5
202200003394;807 954;7;0;2;2;19;1
202200003395;807 948;7;0;2;1;15;1
202200003395;807 952;7;0;2;1;1;1
202200003395;807 955;7;0;2;8;0;1
202200003396;807 947;15;13;0;2;14;1
202200003397;807 943;7;0;0;3;1;2
202200003397;807 946;10;0;2;7;1;1
202200003398;807 945;7;8;0;9;1;1
202200003399;807 944;7;0;1;1;1;2
202200003400;807 941;1;0;0;0;1;5
202200003401;807 940;14;0;4;5;26;1
202200003401;807 942;39;0;4;1;1;3
202200003402;807 938;7;0;1;2;2;1
202200003403;807 935;1;0;2;8;2;5
202200003403;807 937;7;0;2;7;2;1
202200003404;807 936;7;0;2;3;15;1
202200003404;807 939;10;0;2;1;1;1
202200003405;807 934;2;0;0;0;0;1
202200003406;807 933;15;5;0;1;1;1
202200003407;807 932;99;0;1;5;20;1
202200003408;807 927;7;0;2;0;10;1
202200003408;807 930;7;6;2;1;13;1
202200003409;807 925;7;0;2;2;13;1
202200003409;807 928;7;0;2;1;1;1
202200003410;807 929;7;0;2;3;15;1
202200003410;807 931;1;0;2;1;1;5
202200003411;807 924;10;0;2;3;15;1
202200003411;807 926;31;0;2;7;17;1
202200003412;807 922;33;8;0;0;0;1
202200003413;807 921;7;0;9;2;1;1
202200003413;807 923;1;0;0;1;1;5
202200003414;807 919;7;0;0;2;13;1
202200003414;807 920;7;0;0;3;1;1
202200003415;807 917;38;0;1;8;15;1
202200003416;807 918;30;0;1;3;26;1
202200003417;807 916;7;0;1;7;1;1
202200003418;807 913;15;0;2;1;1;1
202200003418;807 915;3;1;2;1;1;1
202200003419;807 914;33;13;0;1;14;1
202200003420;807 909;7;0;2;1;1;1
202200003420;807 911;7;0;2;3;9;1
202200003421;807 912;30;1;0;1;13;1
202200003422;807 908;7;0;1;7;17;1
202200003423;807 910;7;2;0;2;1;1
202200003424;807 907;7;0;1;1;16;1
202200003425;807 904;32;0;2;7;7;1
202200003425;807 906;37;0;2;1;1;1
202200003426;807 903;7;0;1;2;1;1
202200003427;807 901;1;0;2;1;25;5
202200003427;807 905;99;0;2;5;1;0
202200003428;807 900;7;0;2;1;1;1
202200003428;807 902;7;0;2;1;26;1
202200003429;807 898;7;0;2;1;1;1
202200003429;807 899;2;0;2;1;1;1
202200003430;807 896;7;0;1;2;21;1
202200003431;807 894;7;0;2;0;16;1
202200003431;807 897;37;0;2;0;1;1
202200003432;807 893;7;0;2;3;5;1
202200003432;807 895;7;0;2;3;5;1
202200003433;807 891;7;0;1;2;20;1
202200003434;807 888;7;0;1;4;4;1
202200003435;807 889;33;0;2;8;15;1
202200003435;807 892;7;0;2;1;1;2
202200003436;807 887;7;0;2;7;16;1
202200003436;807 890;1;0;2;1;1;5
202200003437;807 884;1;0;2;4;1;5
202200003437;807 886;7;0;2;1;2;1
202200003438;807 883;7;6;0;1;1;1
202200003439;807 882;2;0;2;1;1;1
202200003440;807 881;7;0;2;2;2;1
202200003440;807 885;41;0;2;4;1;1
202200003441;807 879;7;0;2;2;19;1
202200003441;807 880;1;0;2;1;1;5
202200003442;807 877;33;0;0;8;13;1
202200003443;807 875;7;0;0;4;26;1
202200003443;807 876;7;0;2;1;9;1
202200003444;807 873;7;0;2;1;2;1
202200003444;807 878;21;0;0;4;15;1
202200003445;807 871;7;0;2;6;26;1
202200003445;807 872;32;0;2;1;6;1
202200003446;807 868;7;0;2;1;13;1
202200003446;807 870;7;0;2;3;1;1
202200003447;807 866;30;0;2;3;1;1
202200003447;807 869;7;0;2;1;1;1
202200003448;807 865;2;0;2;3;13;3
202200003448;807 867;10;0;2;3;1;1
202200003449;807 861;1;0;2;6;15;5
202200003449;807 863;7;0;9;6;17;1
202200003450;807 860;7;0;2;8;1;1
202200003450;807 864;7;0;2;1;1;1
202200003451;807 859;32;0;2;8;1;1
202200003451;807 862;7;0;2;1;9;1
202200003452;807 856;10;0;2;1;1;1
202200003452;807 858;3;0;2;4;2;1
202200003453;807 853;7;0;2;3;16;1
202200003453;807 857;1;0;2;7;1;5
202200003454;807 852;80;0;2;1;1;3
202200003454;807 855;7;0;9;2;16;1
202200003455;807 851;7;0;2;7;1;1
202200003455;807 854;7;0;2;7;1;1
202200003456;807 849;33;0;2;1;1;1
202200003456;807 850;7;0;2;2;15;1
202200003457;807 845;7;0;2;5;20;1
202200003457;807 848;50;0;2;1;25;3
202200003458;807 844;7;0;2;3;1;1
202200003458;807 847;7;2;2;3;1;3
202200003459;807 843;50;0;2;7;1;3
202200003459;807 846;7;0;2;1;1;0
202200003460;807 840;7;0;2;3;13;1
202200003460;807 842;7;0;2;3;1;1
202200003461;807 839;7;6;0;2;1;1
202200003462;807 837;7;0;2;1;1;2
202200003462;807 841;7;0;2;7;1;1
202200003463;807 835;7;0;2;1;1;1
202200003463;807 838;99;0;2;0;26;1
202200003464;807 834;7;0;2;7;17;1
202200003464;807 836;2;13;2;8;1;1
202200003465;807 830;17;0;0;6;9;1
202200003465;807 833;10;0;2;1;1;1
202200003466;807 827;10;0;2;2;2;1
202200003466;807 831;1;0;2;4;1;5
202200003467;807 826;7;0;2;2;0;1
202200003467;807 828;7;0;2;3;15;1
202200003468;807 823;7;4;0;1;0;1
202200003469;807 821;7;0;0;5;1;1
202200003469;807 824;33;0;2;3;1;1
202200003470;807 819;7;0;2;1;1;1
202200003470;807 822;7;0;2;6;1;1
202200003470;807 825;7;0;2;2;2;1
202200003471;807 818;7;10;0;1;13;1
202200003472;807 816;7;0;2;3;23;2
202200003472;807 817;7;0;2;3;1;1
202200003472;807 820;7;0;2;3;1;1
202200003473;807 814;7;12;0;2;0;1
202200003474;807 815;7;13;0;1;1;1
202200003475;807 812;7;0;2;3;15;1
202200003475;807 813;32;0;2;1;1;1
202200003476;807 807;7;0;2;2;9;1
202200003476;807 810;2;0;2;1;9;1
202200003477;807 806;7;0;2;1;1;1
202200003477;807 808;7;0;2;4;23;1
202200003477;807 811;7;0;2;4;23;1
202200003478;807 805;34;0;2;2;17;1
202200003479;807 803;7;15;0;2;14;1
202200003480;807 799;7;0;2;2;15;1
202200003480;807 802;1;0;2;1;1;5
202200003481;807 800;7;8;1;1;16;1
202200003482;807 795;7;8;2;3;1;1
202200003482;807 797;7;0;2;1;1;1
202200003483;807 790;10;0;2;4;2;1
202200003483;807 793;7;0;2;4;2;1
202200003483;807 796;7;0;2;4;2;1
202200003483;807 798;7;0;2;4;2;1
202200003483;807 801;7;0;2;4;2;1
202200003483;807 804;15;0;2;1;2;1
202200003484;807 788;30;0;2;3;1;1
202200003484;807 792;7;0;2;3;15;1
202200003485;807 786;15;0;2;3;21;1
202200003485;807 789;7;0;2;2;5;1
202200003486;807 787;7;0;2;2;15;1
202200003486;807 791;10;0;2;0;1;1
202200003486;807 794;31;0;2;2;1;1
202200003487;807 783;80;0;9;7;19;3
202200003487;807 785;33;0;9;3;1;1
202200003488;807 782;7;0;1;1;1;1
202200003489;807 780;1;0;2;1;1;5
202200003489;807 784;10;0;2;2;16;1
202200003490;807 777;10;0;2;1;2;3
202200003490;807 779;7;0;2;1;1;1
202200003490;807 781;7;0;2;1;5;1
202200003491;807 778;7;0;0;0;1;0
202200003492;807 775;7;9;0;1;13;1
202200003493;807 773;7;0;1;1;1;1
202200003494;807 769;7;0;0;3;1;1
202200003494;807 770;7;0;2;3;0;1
202200003495;807 771;30;0;0;7;1;1
202200003496;807 774;1;0;2;8;1;5
202200003496;807 776;7;0;2;1;15;0
202200003497;807 765;7;0;2;1;2;1
202200003497;807 768;33;0;2;4;23;1
202200003498;807 764;1;0;2;6;15;5
202200003498;807 767;3;0;2;2;2;1
202200003499;807 772;7;13;0;3;1;1
202200003500;807 763;1;0;2;7;1;5
202200003500;807 766;7;0;2;2;15;1
202200003501;807 762;7;0;1;1;1;1
202200003502;807 760;7;14;0;9;26;1
202200003503;807 761;7;0;1;1;1;0