Num_Acc;id_vehicule;catv;obs;obsm;choc;manv;motor
202200003504;807 759;7;2;0;3;13;1
202200003505;807 756;7;0;2;3;1;1
202200003506;807 754;7;0;2;4;16;1
202200003506;807 757;1;0;2;1;2;5
202200003507;807 758;7;13;0;1;14;1
202200003508;807 753;33;0;2;1;1;1
202200003508;807 755;7;0;0;5;26;1
202200003509;807 748;7;0;2;1;1;1
202200003509;807 752;7;0;2;8;1;1
202200003510;807 750;7;0;1;3;1;1
202200003511;807 745;50;12;0;1;1;3
202200003512;807 744;7;0;2;4;2;1
202200003512;807 749;7;0;2;1;2;1
202200003512;807 751;7;0;2;1;2;1
202200003513;807 741;7;3;2;1;2;1
202200003513;807 742;7;3;2;4;2;1
202200003514;807 740;7;9;1;2;16;1
202200003515;807 743;7;0;2;8;2;1
202200003515;807 746;10;0;2;8;1;1
202200003515;807 747;10;0;2;1;13;1
202200003516;807 739;7;0;1;2;16;1
202200003517;807 737;10;0;1;1;1;1
202200003518;807 736;7;0;2;2;9;1
202200003518;807 738;1;0;2;8;9;5
202200003519;807 733;7;0;2;4;2;1
202200003519;807 735;10;0;2;1;2;1
202200003520;807 727;33;0;2;2;18;1
202200003520;807 731;7;0;2;3;1;1
202200003521;807 732;7;0;2;1;1;1
202200003521;807 734;21;0;0;8;9;1
202200003522;807 726;7;0;2;1;2;1
202200003522;807 728;3;0;2;4;2;1
202200003522;807 730;7;0;1;4;2;1
202200003523;807 729;7;0;1;1;26;1
202200003524;807 724;2;1;0;1;1;1
202200003525;807 725;43;8;0;3;1;1
202200003526;807 722;2;0;2;2;17;1
202200003526;807 723;7;0;2;8;15;1
202200003527;807 720;7;0;2;1;2;1
202200003527;807 721;7;0;2;4;1;1
202200003528;807 716;1;0;2;5;1;5
202200003528;807 718;7;0;9;3;9;1
202200003529;807 714;2;0;2;2;26;1
202200003529;807 717;7;0;2;6;26;1
202200003530;807 711;33;13;0;1;13;1
202200003531;807 708;37;0;2;1;1;3
202200003531;807 713;7;0;2;3;5;1
202200003532;807 710;37;0;2;5;17;1
202200003532;807 712;1;0;2;3;14;5
202200003533;807 706;7;0;0;9;1;1
202200003534;807 703;7;0;1;1;1;1
202200003535;807 700;7;14;0;1;12;1
202200003535;807 702;15;0;0;5;23;1
202200003536;807 701;10;0;2;2;2;1
202200003536;807 704;7;0;2;9;2;1
202200003536;807 707;7;0;2;9;2;1
202200003536;807 709;14;0;0;4;2;1
202200003537;807 699;10;0;9;8;15;1
202200003537;807 705;50;0;2;8;1;3
202200003538;807 696;7;0;2;1;26;1
202200003538;807 698;7;0;2;4;1;1
202200003539;807 694;7;0;2;5;2;1
202200003539;807 697;31;0;2;1;2;1
202200003540;807 693;33;0;2;1;2;0
202200003540;807 695;7;0;2;4;23;1
202200003541;807 692;7;0;1;1;16;1
202200003542;807 690;7;8;0;1;14;1
202200003543;807 689;7;0;2;4;1;1
202200003544;807 688;7;0;2;1;13;1
202200003544;807 691;10;0;2;1;2;1
202200003545;807 687;7;0;1;3;1;1
202200003546;807 685;43;14;0;7;21;1
202200003547;807 682;33;0;2;1;26;1
202200003547;807 683;7;0;2;5;23;1
202200003548;807 679;7;0;2;7;1;1
202200003548;807 681;2;0;2;1;15;1
202200003549;807 678;7;0;2;5;2;1
202200003549;807 680;10;0;2;3;2;1
202200003550;807 677;50;0;1;1;1;3
202200003551;807 675;7;0;2;6;10;1
202200003551;807 676;33;0;2;1;1;1
202200003552;807 671;30;6;0;8;13;1
202200003553;807 670;7;0;2;1;13;1
202200003553;807 672;7;2;0;8;1;1
202200003553;807 674;10;0;2;3;1;1
202200003554;807 668;32;0;2;1;3;1
202200003554;807 673;7;0;2;6;12;1
202200003555;807 664;7;0;2;3;13;1
202200003555;807 666;7;0;2;3;1;1
202200003556;807 663;10;0;2;0;0;1
202200003556;807 667;10;0;0;0;0;1
202200003556;807 669;10;0;0;0;0;1
202200003557;807 659;33;0;0;1;2;1
202200003558;807 658;7;8;0;3;1;1
202200003559;807 657;10;0;2;1;19;1
202200003559;807 662;7;0;2;3;19;1
202200003560;807 656;7;0;2;7;12;1
202200003560;807 660;43;0;2;1;3;1
202200003560;807 661;7;0;2;5;23;1
202200003560;807 665;7;0;2;6;23;1
202200003561;807 655;7;2;0;1;0;1
202200003562;807 653;7;0;0;5;15;1
202200003562;807 654;33;0;2;7;21;1
202200003563;807 650;43;0;2;1;3;1
202200003563;807 651;7;0;2;7;12;1
202200003564;807 647;33;0;0;8;1;1
202200003565;807 648;7;0;2;1;2;1
202200003565;807 652;10;0;2;4;1;1
202200003566;807 646;7;0;2;3;15;1
202200003566;807 649;30;0;2;1;1;1
202200003567;807 643;1;0;0;0;0;5
202200003567;807 645;7;2;0;1;15;1
202200003568;807 640;7;0;2;4;1;2
202200003568;807 644;7;0;2;1;2;1
202200003569;807 638;7;0;2;3;1;1
202200003569;807 642;33;0;2;3;13;1
202200003570;807 635;7;0;2;2;1;1
202200003570;807 637;13;0;2;6;23;1
202200003571;807 632;7;0;2;4;11;1
202200003571;807 636;33;0;2;1;3;1
202200003572;807 630;33;0;2;1;1;1
202200003572;807 633;7;0;2;8;15;1
202200003573;807 629;7;0;2;8;0;3
202200003573;807 634;10;0;2;2;1;1
202200003574;807 628;7;0;2;3;1;1
202200003574;807 631;7;0;2;3;13;1
202200003575;807 624;3;0;9;2;2;1
202200003575;807 625;1;0;0;4;2;5
202200003576;807 623;10;0;2;4;2;1
202200003576;807 626;10;0;2;1;2;1
202200003577;807 622;7;0;2;7;1;1
202200003577;807 627;7;0;2;1;19;1
202200003578;807 621;7;0;1;4;20;1
202200003579;807 617;7;0;2;3;13;1
202200003579;807 619;2;0;2;3;1;1
202200003580;807 616;33;0;2;1;1;1
202200003580;807 620;7;0;2;3;16;1
202200003581;807 615;7;0;2;8;0;3
202200003581;807 618;33;0;2;8;1;1
202200003582;807 613;40;0;1;2;1;3
202200003583;807 612;7;13;0;8;1;1
202200003584;807 609;7;0;2;3;9;1
202200003584;807 614;33;0;2;5;1;1
202200003585;807 605;10;0;2;1;2;1
202200003585;807 610;7;0;0;5;2;1
202200003586;807 603;33;0;2;1;13;1
202200003586;807 607;30;0;2;1;1;3
202200003587;807 604;10;0;2;8;1;1
202200003587;807 608;33;0;2;2;3;1
202200003587;807 611;33;0;2;2;9;1
202200003588;807 602;1;0;2;1;25;5
202200003588;807 606;10;0;2;2;9;1
202200003589;807 599;34;0;0;0;1;1
202200003590;807 600;33;0;0;0;1;1
202200003591;807 598;7;0;2;3;15;1
202200003591;807 601;1;0;2;1;1;5
202200003592;807 595;32;4;2;3;2;1
202200003593;807 596;7;0;2;1;2;1
202200003593;807 597;7;0;2;0;2;1
202200003594;807 594;7;11;0;3;1;1
202200003595;807 590;7;0;9;8;20;1
202200003595;807 592;30;0;2;1;1;1
202200003596;807 588;7;0;2;1;1;1
202200003596;807 591;7;0;2;8;15;1
202200003597;807 589;1;0;1;1;1;5
202200003598;807 586;7;4;0;3;1;1
202200003599;807 584;31;0;2;1;1;1
202200003599;807 587;10;0;2;1;15;1
202200003600;807 582;7;0;2;3;13;1
202200003600;807 583;7;0;2;3;15;1
202200003601;807 581;7;8;0;1;1;2
202200003602;807 579;7;0;1;7;21;1
202200003603;807 574;10;0;2;3;1;1
202200003603;807 577;1;0;2;1;1;5
202200003604;807 575;7;0;1;1;26;1
202200003605;807 576;7;0;2;7;7;1
202200003605;807 580;7;0;2;3;11;1
202200003606;807 571;3;5;0;9;1;1
202200003607;807 570;2;0;2;4;0;1
202200003607;807 572;7;0;2;4;23;1
202200003608;807 568;99;0;1;0;0;0
202200003609;807 566;1;0;0;3;1;5
202200003610;807 565;7;3;0;3;9;1
202200003611;807 562;7;0;2;1;1;0
202200003611;807 564;1;0;2;4;1;5
202200003612;807 561;7;0;1;1;15;0
202200003613;807 559;50;1;0;1;17;3
202200003614;807 558;37;0;2;7;1;1
202200003614;807 563;7;0;2;1;26;1
202200003615;807 554;1;0;9;1;0;5
202200003616;807 553;7;0;2;4;4;1
202200003616;807 555;1;0;2;1;1;5
202200003617;807 550;7;0;2;4;2;1
202200003617;807 556;7;0;2;4;2;1
202200003617;807 557;7;0;2;4;2;1
202200003617;807 560;17;0;2;1;2;1
202200003618;807 549;7;0;2;8;22;1
202200003618;807 552;1;1;0;1;1;5
202200003619;807 547;13;0;2;1;1;1
202200003619;807 548;7;0;2;2;13;1
202200003620;807 546;30;0;2;3;1;1
202200003620;807 551;7;0;2;3;15;1
202200003621;807 544;33;0;0;8;1;1
202200003622;807 540;7;0;1;2;1;1
202200003623;807 542;7;0;1;3;26;1
202200003624;807 539;7;0;2;4;1;2
202200003624;807 541;7;0;2;1;1;1
202200003625;807 534;10;0;2;6;1;1
202200003625;807 537;33;0;2;1;21;1
202200003626;807 533;7;0;2;3;23;1
202200003626;807 536;7;0;2;3;21;1
202200003627;807 532;2;0;2;1;2;1
202200003627;807 538;7;0;2;4;2;1
202200003628;807 529;7;0;2;2;1;1
202200003628;807 531;7;0;2;1;1;1
202200003629;807 530;50;0;2;7;1;3
202200003629;807 535;7;0;2;1;9;1
202200003630;807 525;1;0;2;5;1;5
202200003630;807 528;7;0;2;1;9;1
202200003631;807 523;7;4;2;5;0;1
202200003631;807 526;7;4;2;3;17;1
202200003632;807 522;7;0;2;0;17;1
202200003632;807 527;1;0;2;0;2;5
202200003633;807 516;34;0;2;3;9;0
202200003633;807 519;1;0;2;1;9;5
202200003634;807 517;7;0;2;1;1;1
202200003634;807 520;33;0;2;2;17;1
202200003634;807 524;7;0;2;8;13;1
202200003635;807 518;50;0;2;1;2;3
202200003635;807 521;7;0;2;8;1;1
202200003636;807 514;10;1;0;2;0;1
202200003636;807 515;14;1;0;6;23;1
202200003637;807 513;7;13;0;8;15;1
202200003638;807 511;2;0;1;1;25;1
202200003639;807 510;30;0;0;7;14;1
202200003640;807 509;7;0;1;2;26;1
202200003641;807 504;7;0;2;1;2;2
202200003641;807 506;7;0;2;4;2;1
202200003641;807 512;7;0;2;4;2;1
202200003642;807 501;7;0;2;2;9;1
202200003642;807 508;7;0;2;1;1;1
202200003643;807 498;1;0;2;0;26;5
202200003643;807 502;32;0;9;0;26;1
202200003644;807 497;33;0;9;1;1;1
202200003645;807 500;7;0;2;2;15;1
202200003645;807 503;1;0;2;1;0;5
202200003646;807 495;1;0;2;8;19;5
202200003646;807 496;7;0;2;1;1;1
202200003647;807 492;32;0;0;1;1;1
202200003648;807 490;7;7;0;8;1;1
202200003648;807 493;16;0;2;0;0;0
202200003649;807 489;15;0;0;7;26;1
202200003650;807 488;10;0;2;3;1;1
202200003650;807 491;7;0;2;1;1;1
202200003651;807 484;7;3;0;1;0;1
202200003652;807 483;7;0;2;8;17;2
202200003652;807 486;7;0;2;2;9;1
202200003653;807 480;33;1;0;1;2;1
202200003653;807 485;7;-1;-1;-1;0;-1
202200003654;807 479;7;0;2;4;1;1
202200003654;807 482;2;0;2;1;1;1
202200003655;807 477;7;0;2;3;15;0
202200003655;807 481;60;0;2;1;2;5
202200003656;807 475;15;0;2;0;1;6
202200003656;807 476;7;0;2;1;1;1
202200003657;807 472;7;0;2;4;2;1
202200003657;807 478;7;0;2;1;2;1
202200003658;807 474;7;13;0;1;13;6
202200003659;807 469;7;0;2;7;15;1
202200003659;807 473;7;0;2;2;1;1
202200003660;807 466;7;0;2;1;2;1
202200003660;807 471;7;0;2;7;2;1
202200003661;807 463;7;0;2;1;1;1
202200003661;807 467;7;0;2;4;1;1
202200003662;807 462;2;0;2;1;17;1
202200003662;807 465;10;0;2;1;15;1
202200003663;807 458;7;0;2;0;26;1
202200003663;807 461;3;0;2;7;0;3
202200003664;807 453;50;0;2;7;1;3
202200003664;807 456;7;0;2;3;20;-1
202200003665;807 455;7;0;2;8;11;1
202200003665;807 459;80;0;2;1;1;3
202200003666;807 452;7;0;1;2;1;1
202200003667;807 447;7;0;1;2;1;2
202200003668;807 448;7;0;2;3;1;1
202200003668;807 450;50;0;2;0;26;3
202200003669;807 445;7;0;1;3;1;1
202200003670;807 442;7;0;2;3;16;1
202200003670;807 446;10;0;2;1;26;0
202200003671;807 437;7;0;2;1;1;1
202200003671;807 443;7;0;2;4;1;1
202200003671;807 444;7;0;2;4;0;1
202200003672;807 438;7;0;2;1;15;1
202200003672;807 441;7;0;2;8;1;1
202200003673;807 436;7;0;2;0;1;1
202200003673;807 439;7;0;2;0;1;1
202200003673;807 440;7;0;2;8;1;1
202200003673;807 449;7;0;2;2;1;1
202200003673;807 451;14;4;2;3;1;1
202200003673;807 454;7;0;2;0;0;1
202200003673;807 457;7;0;2;0;0;1
202200003674;807 434;7;1;0;9;13;1
202200003675;807 432;7;15;0;3;21;1
202200003676;807 433;2;0;2;7;15;1
202200003676;807 435;7;0;2;1;1;1
202200003677;807 430;30;16;0;3;15;1
202200003678;807 429;1;0;2;7;1;5
202200003678;807 431;7;0;2;8;19;1
202200003679;807 427;7;0;1;2;21;1
202200003680;807 425;7;0;2;5;20;1
202200003680;807 428;50;0;2;1;1;3
202200003681;807 422;7;0;2;4;1;1
202200003681;807 426;7;0;2;1;1;1
202200003682;807 421;7;0;2;3;11;1
202200003682;807 424;31;0;2;8;1;1
202200003683;807 420;32;0;2;1;1;1
202200003683;807 423;7;0;2;3;15;1
202200003684;807 417;10;0;1;1;1;1
202200003685;807 419;7;1;0;3;16;1
202200003686;807 414;7;0;2;1;1;0
202200003686;807 418;2;0;2;3;16;1
202200003687;807 413;30;0;2;8;18;1
202200003687;807 416;7;0;9;7;1;1
202200003688;807 411;7;0;2;1;1;1
202200003688;807 412;7;0;2;4;1;2
202200003689;807 407;2;0;2;1;1;1
202200003689;807 408;7;0;2;3;23;1
202200003690;807 404;30;0;2;1;9;1
202200003690;807 410;7;0;2;2;1;1
202200003691;807 405;32;0;2;8;18;1
202200003691;807 409;7;0;2;7;1;1
202200003692;807 401;10;0;0;8;10;1
202200003692;807 402;50;0;2;1;1;3
202200003693;807 398;7;1;0;4;20;1
202200003693;807 400;7;0;2;1;2;1
202200003694;807 396;7;0;2;3;1;1
202200003694;807 397;7;0;2;3;13;1
202200003695;807 406;34;0;2;1;17;1
202200003695;807 415;7;0;2;3;15;1
202200003696;807 394;7;0;2;1;1;1
202200003696;807 395;7;0;2;4;23;1
202200003696;807 399;7;0;2;4;23;1
202200003697;807 393;33;0;0;0;1;1
202200003698;807 392;80;0;0;0;0;3
202200003699;807 403;10;0;1;1;21;1
202200003700;807 388;1;0;2;3;1;5
202200003700;807 391;10;0;2;2;1;-1
202200003701;807 390;7;0;1;7;1;1
202200003702;807 389;7;0;1;1;1;1
202200003703;807 386;7;0;1;1;1;0
202200003704;807 382;7;4;0;2;1;-1
202200003705;807 383;33;0;2;1;15;1
202200003705;807 385;7;0;2;1;1;1
202200003706;807 381;99;0;2;2;1;1
202200003706;807 384;7;0;2;3;1;1
202200003707;807 377;7;0;2;1;1;1
202200003707;807 379;7;3;2;1;4;-1
202200003708;807 375;32;0;2;7;1;1
202200003708;807 378;38;0;2;8;1;1
202200003709;807 371;7;0;2;3;2;1
202200003709;807 373;7;0;2;1;2;1
202200003710;807 372;33;0;2;7;17;1
202200003710;807 374;7;0;2;8;15;1
202200003711;807 380;7;0;2;6;1;1
202200003711;807 387;43;0;2;1;3;1
202200003712;807 370;7;3;0;9;0;1
202200003713;807 365;7;0;9;2;17;1
202200003713;807 368;1;0;2;4;2;5
202200003714;807 366;7;0;2;1;15;1
202200003714;807 369;7;0;2;6;2;1
202200003715;807 367;7;0;2;1;1;1
202200003715;807 376;7;0;1;1;1;1
202200003716;807 362;1;0;0;3;0;5
202200003716;807 364;7;0;9;2;16;1
202200003717;807 359;7;4;0;8;13;1
202200003718;807 360;7;0;1;1;16;1
202200003719;807 357;7;8;0;1;7;0
202200003720;807 355;7;1;0;2;21;1
202200003721;807 354;1;0;2;4;15;5
202200003721;807 356;7;0;9;1;2;1
202200003722;807 361;33;0;2;1;12;1
202200003722;807 363;7;0;2;6;1;1
202200003723;807 350;7;8;0;7;13;1
202200003724;807 351;7;0;2;1;1;1
202200003724;807 353;32;0;2;7;1;1
202200003725;807 349;7;2;0;2;1;1
202200003726;807 347;37;0;2;3;1;4
202200003726;807 348;7;0;2;8;1;1
202200003727;807 352;7;0;2;1;2;1
202200003727;807 358;2;0;2;4;2;1
202200003728;807 344;7;0;2;2;18;1
202200003728;807 346;7;0;2;4;0;1
202200003729;807 345;7;0;1;1;1;1
202200003730;807 342;1;0;2;4;0;5
202200003730;807 343;7;0;2;4;0;1
202200003731;807 338;7;0;2;3;1;1
202200003731;807 339;7;0;2;1;15;1
202200003732;807 336;7;0;1;3;1;1
202200003733;807 335;7;1;0;2;1;1
202200003734;807 333;7;0;2;3;15;1
202200003734;807 340;33;0;2;1;1;1
202200003735;807 334;33;0;0;0;1;1
202200003736;807 330;33;0;2;4;2;1
202200003736;807 337;33;0;2;4;2;1
202200003736;807 341;7;14;0;4;2;1
202200003737;807 329;33;0;2;2;17;1
202200003737;807 332;7;0;2;3;10;1
202200003738;807 328;33;0;2;1;2;1
202200003738;807 331;33;0;2;4;2;1
202200003739;807 327;32;8;0;1;1;1
202200003740;807 325;7;0;1;2;16;1
202200003741;807 326;7;0;1;2;2;1
202200003742;807 324;80;0;1;8;1;3
202200003743;807 323;33;3;0;0;26;1
202200003744;807 321;32;13;0;7;14;3
202200003745;807 318;1;0;2;2;1;5
202200003745;807 319;50;0;2;2;1;3
202200003745;807 322;10;0;2;3;1;1
202200003746;807 313;7;0;1;2;16;1
202200003747;807 314;1;0;2;8;1;5
202200003747;807 317;14;0;2;2;16;1
202200003748;807 311;7;0;2;3;1;1
202200003748;807 316;30;0;2;1;1;1
202200003749;807 315;10;0;2;1;2;1
202200003749;807 320;7;0;2;4;2;1
202200003750;807 310;10;0;2;2;1;1
202200003750;807 312;30;0;2;8;15;1
202200003751;807 309;7;0;1;3;1;1
202200003752;807 308;7;0;1;0;1;0
202200003753;807 306;17;13;0;1;19;1
202200003754;807 304;1;0;2;7;19;5
202200003754;807 307;7;0;2;1;16;1
202200003755;807 303;7;0;1;3;1;1
202200003756;807 302;34;0;1;1;1;1
202200003757;807 299;7;0;1;2;14;1
202200003758;807 300;7;10;0;4;1;0
202200003758;807 301;10;0;2;4;1;1
202200003758;807 305;7;5;2;1;26;1
202200003759;807 298;7;9;0;1;13;0
202200003760;807 297;50;0;0;0;5;3
202200003761;807 295;7;0;1;3;15;1
202200003762;807 290;2;0;2;1;17;1
202200003762;807 292;7;0;2;3;1;1
202200003762;807 296;7;0;2;3;9;1
202200003763;807 288;7;0;2;3;9;1
202200003763;807 294;33;0;2;1;1;1
202200003764;807 289;30;0;1;1;1;1
202200003765;807 286;33;0;6;2;1;1
202200003766;807 284;1;0;0;0;0;5
202200003766;807 287;7;0;2;7;20;1
202200003767;807 283;7;0;2;2;15;1
202200003767;807 285;7;0;2;3;1;1
202200003768;807 280;10;0;1;1;1;1
202200003769;807 279;32;0;2;8;18;1
202200003769;807 281;7;0;2;7;16;1
202200003770;807 277;7;0;1;1;1;2
202200003771;807 274;10;0;2;1;13;1
202200003771;807 275;10;0;2;1;1;1
202200003772;807 272;99;0;2;1;6;3
202200003772;807 276;7;0;2;1;9;1
202200003773;807 269;7;0;1;2;1;1
202200003774;807 268;7;0;2;4;2;1
202200003774;807 271;7;0;2;1;2;1
202200003774;807 273;7;0;2;4;2;1
202200003774;807 278;7;0;2;1;2;1
202200003775;807 266;1;10;0;1;1;5
202200003776;807 265;7;0;0;4;1;1
202200003776;807 267;7;0;2;4;1;1
202200003776;807 270;7;0;2;1;2;1
202200003777;807 263;33;0;6;1;21;1
202200003778;807 262;7;1;0;9;9;1
202200003779;807 261;30;0;2;1;1;3
202200003779;807 264;1;0;1;8;1;5
202200003780;807 260;0;9;0;1;1;-1
202200003781;807 257;7;0;1;1;19;0
202200003782;807 258;7;3;0;7;14;1
202200003783;807 256;7;1;2;3;17;1
202200003783;807 259;60;0;2;0;0;5
202200003784;807 255;43;3;0;1;1;1
202200003785;807 253;37;0;1;3;15;2
202200003786;807 252;7;0;2;1;2;1
202200003786;807 254;7;0;2;4;1;1
202200003787;807 246;7;0;1;1;1;1
202200003788;807 245;7;0;2;1;1;1
202200003788;807 250;7;0;2;2;1;1
202200003789;807 248;7;0;1;2;1;1
202200003790;807 247;7;0;2;1;1;1
202200003790;807 249;99;0;2;7;1;3
202200003791;807 244;43;14;0;1;6;1
202200003792;807 241;33;0;2;2;17;1
202200003792;807 243;7;0;2;3;15;1
202200003793;807 239;7;13;0;1;0;1
202200003794;807 236;7;0;2;1;1;1
202200003794;807 240;32;0;2;7;1;1
202200003795;807 233;7;0;2;2;14;1
202200003795;807 238;7;0;2;6;1;1
202200003795;807 242;7;0;2;1;1;1
202200003796;807 234;2;0;2;1;17;1
202200003796;807 237;7;0;2;8;15;1
202200003797;807 232;7;0;2;1;1;1
202200003797;807 235;7;0;2;8;9;1
202200003798;807 227;10;0;2;4;1;1
202200003798;807 230;33;0;2;1;1;1
202200003799;807 229;1;0;2;4;15;5
202200003799;807 231;34;0;2;1;17;1
202200003800;807 226;32;0;2;3;1;1
202200003800;807 228;7;0;2;1;15;1
202200003801;807 224;10;0;2;3;9;1
202200003801;807 225;3;0;2;3;1;1
202200003802;807 222;32;8;0;0;0;1
202200003803;807 223;7;0;1;2;0;0
202200003804;807 221;10;0;1;3;15;1
202200003805;807 219;10;8;2;3;15;1
202200003805;807 220;32;0;2;1;11;1
202200003806;807 217;50;1;0;1;14;3
202200003807;807 213;7;0;2;1;0;1
202200003807;807 216;10;0;2;1;23;1
202200003808;807 214;33;0;2;1;1;1
202200003808;807 218;7;0;2;6;11;1
202200003809;807 212;7;0;2;2;2;1
202200003809;807 215;7;0;0;4;23;1
202200003810;807 210;7;15;0;1;1;1
202200003811;807 208;7;0;2;1;1;1
202200003811;807 211;7;0;2;7;1;1
202200003812;807 207;1;0;2;1;1;5
202200003812;807 209;10;0;2;7;23;1
202200003813;807 203;7;1;0;3;24;1
202200003813;807 206;33;0;2;1;21;1
202200003814;807 199;1;1;0;1;1;5
202200003814;807 201;7;0;2;8;22;1
202200003815;807 200;32;0;2;2;1;1
202200003815;807 202;10;0;2;8;15;1
202200003816;807 195;7;0;2;1;1;1
202200003816;807 197;7;0;2;3;9;1
202200003817;807 196;33;0;2;3;1;1
202200003817;807 198;38;0;2;2;12;1
202200003818;807 192;10;0;2;7;1;1
202200003818;807 194;50;0;2;8;15;3
202200003819;807 191;7;0;2;6;2;2
202200003819;807 193;1;0;2;6;2;5
202200003820;807 188;7;0;2;0;15;1
202200003820;807 190;1;0;2;0;1;5
202200003821;807 187;7;0;1;7;1;1
202200003822;807 186;30;0;2;1;1;1
202200003822;807 189;7;0;2;8;1;1
202200003823;807 180;7;0;2;0;0;1
202200003823;807 183;7;0;2;3;1;1
202200003824;807 179;30;0;2;8;2;3
202200003824;807 181;7;0;2;2;2;3
202200003825;807 176;7;0;2;3;15;1
202200003825;807 184;1;0;2;2;9;5
202200003826;807 182;7;0;2;2;16;1
202200003826;807 185;1;0;2;1;1;5
202200003827;807 175;7;9;2;5;1;1
202200003827;807 178;7;0;2;1;1;1
202200003828;807 173;7;0;2;7;1;1
202200003828;807 177;7;0;2;1;1;1
202200003829;807 172;7;0;2;3;19;1
202200003829;807 174;10;0;2;2;1;1
202200003830;807 169;30;0;2;1;2;3
202200003830;807 171;7;0;2;4;23;2
202200003831;807 166;50;0;2;4;1;3
202200003831;807 170;7;0;9;1;1;1
202200003832;807 165;7;0;2;1;1;1
202200003832;807 167;1;0;2;1;1;5
202200003833;807 164;7;0;1;3;1;1
202200003834;807 163;33;0;1;1;1;1
202200003835;807 159;32;15;0;1;1;1
202200003836;807 160;20;0;2;4;1;1
202200003836;807 161;33;0;2;1;1;1
202200003837;807 157;50;1;0;1;14;3
202200003838;807 158;1;0;2;3;25;5
202200003838;807 162;7;0;2;2;1;1
202200003839;807 155;7;0;1;2;16;1
202200003840;807 151;1;0;2;8;19;5
202200003840;807 154;7;0;2;1;1;1
202200003841;807 150;10;0;2;4;2;1
202200003841;807 152;33;0;2;1;2;1
202200003842;807 145;2;0;2;1;1;1
202200003842;807 147;7;0;2;1;15;1
202200003843;807 144;7;0;1;1;1;1
202200003844;807 141;14;0;2;2;2;1
202200003844;807 142;7;0;2;4;2;1
202200003845;807 143;7;0;4;7;16;1
202200003845;807 146;40;0;2;8;1;3
202200003846;807 138;7;13;0;1;13;1
202200003847;807 140;33;0;9;0;0;1
202200003848;807 137;1;16;0;1;1;5
202200003849;807 135;7;2;0;1;13;0
202200003850;807 136;99;9;0;0;0;3
202200003850;807 139;7;0;2;1;2;1
202200003851;807 134;7;0;1;0;1;0
202200003852;807 132;31;11;0;1;1;1
202200003853;807 131;7;0;2;3;9;1
202200003853;807 133;7;0;2;2;1;1
202200003854;807 130;7;0;1;7;16;1
202200003855;807 128;37;0;2;2;7;1
202200003855;807 129;7;0;2;8;8;1
202200003856;807 126;7;0;1;2;1;1
202200003857;807 124;7;0;9;2;2;1
202200003857;807 127;1;0;0;4;2;5
202200003858;807 123;7;0;2;3;9;2
202200003858;807 125;34;0;2;1;17;1
202200003859;807 121;33;0;0;2;1;1
202200003860;807 120;7;0;1;2;1;3
202200003861;807 119;43;0;2;8;2;1
202200003861;807 122;30;0;2;0;0;1
202200003862;807 118;7;5;0;2;14;1
202200003863;807 115;7;0;2;3;11;1
202200003863;807 117;7;0;2;1;1;1
202200003864;807 113;7;0;2;3;15;1
202200003864;807 116;30;0;2;1;25;1
202200003865;807 110;10;0;2;8;1;1
202200003865;807 111;7;0;2;6;23;1
202200003865;807 114;7;0;2;1;1;1
202200003866;807 108;10;0;1;3;1;1
202200003867;807 106;7;0;2;3;15;1
202200003867;807 109;7;6;2;4;17;1
202200003868;807 105;7;0;2;1;1;1
202200003868;807 107;7;0;2;5;15;1
202200003868;807 112;7;0;2;3;1;1
202200003869;807 103;7;0;1;1;26;0
202200003870;807 100;7;0;2;1;0;1
202200003870;807 102;30;0;2;1;1;1
202200003871;807 097;7;0;1;1;15;1
202200003872;807 098;7;0;2;4;2;1
202200003872;807 099;7;0;2;1;2;1
202200003873;807 096;7;6;0;2;26;1
202200003874;807 101;7;0;0;0;1;2
202200003874;807 104;50;0;2;1;25;3
202200003875;807 091;33;0;2;8;1;1
202200003875;807 092;7;0;2;1;13;1
202200003876;807 093;33;0;2;1;2;1
202200003876;807 095;7;0;2;2;10;1
202200003877;807 088;1;0;0;0;1;5
202200003878;807 085;33;0;2;2;17;1
202200003878;807 086;7;0;2;3;15;1
202200003879;807 084;7;6;0;1;19;1
202200003880;807 087;7;0;2;4;2;1
202200003880;807 090;7;0;2;4;2;1
202200003880;807 094;7;0;2;1;2;1
202200003881;807 082;50;0;0;0;1;3
202200003882;807 081;7;0;2;2;2;1
202200003882;807 089;2;0;2;7;2;1
202200003883;807 080;1;12;2;8;1;5
202200003883;807 083;14;0;2;7;20;1
202200003884;807 077;1;0;2;3;1;5
202200003884;807 078;7;0;9;2;9;1
202200003885;807 076;7;0;1;7;12;1
202200003886;807 075;33;0;2;1;14;1
202200003886;807 079;7;0;2;4;1;1
202200003887;807 073;7;0;1;1;1;1
202200003888;807 072;2;0;2;2;2;1
202200003888;807 074;7;0;2;3;15;1
202200003889;807 070;7;2;1;3;19;1
202200003890;807 069;32;0;2;3;1;1
202200003890;807 071;7;0;2;5;16;1
202200003891;807 067;7;1;0;2;1;1
202200003892;807 066;33;0;2;8;16;1
202200003892;807 068;7;0;2;2;2;1
202200003893;807 064;7;0;2;3;1;1
202200003893;807 065;7;0;2;1;15;1
202200003894;807 062;7;0;2;3;24;1
202200003894;807 063;1;1;0;1;15;5
202200003895;807 061;30;1;0;7;14;3
202200003896;807 058;50;0;2;1;1;3
202200003896;807 060;7;0;2;6;9;1
202200003897;807 053;7;0;2;0;1;0
202200003897;807 055;2;0;2;4;1;1
202200003898;807 052;7;0;2;4;2;1
202200003898;807 054;7;0;2;4;2;1
202200003898;807 057;7;0;2;4;2;1
202200003898;807 059;10;0;2;1;2;1
202200003899;807 051;33;0;2;2;1;1