Num_Acc;id_vehicule;catv;obs;obsm;choc;manv;motor
202200004283;806 358;7;0;2;1;2;1
202200004284;806 354;7;0;2;2;9;1
202200004284;806 356;50;0;2;0;1;3
202200004285;806 351;7;0;2;8;1;1
202200004285;806 353;7;0;2;2;19;1
202200004286;806 347;50;0;2;3;1;3
202200004286;806 349;10;0;9;7;10;1
202200004287;806 348;1;0;0;0;1;5
202200004288;806 345;1;0;2;8;19;5
202200004288;806 346;7;0;2;2;9;1
202200004289;806 343;7;0;2;3;0;1
202200004289;806 344;7;0;2;0;0;0
202200004290;806 341;33;0;2;1;1;1
202200004290;806 342;7;0;2;5;15;1
202200004291;806 340;80;0;1;1;17;3
202200004292;806 337;7;0;2;0;0;1
202200004292;806 338;30;0;2;1;1;1
202200004292;806 339;7;0;2;2;17;1
202200004293;806 334;80;12;0;1;14;3
202200004294;806 335;1;0;2;0;0;0
202200004294;806 336;7;0;2;3;15;1
202200004295;806 330;7;0;2;4;1;1
202200004295;806 331;7;0;2;4;1;1
202200004295;806 333;7;0;2;1;1;1
202200004296;806 329;7;14;4;8;10;1
202200004296;806 332;40;0;2;2;1;0
202200004297;806 327;7;0;2;4;1;2
202200004297;806 328;30;0;2;1;1;1
202200004298;806 325;1;0;2;7;1;5
202200004298;806 326;7;0;2;1;15;1
202200004299;806 323;7;0;2;1;1;1
202200004299;806 324;30;0;2;1;1;1
202200004300;806 321;7;1;1;4;20;1
202200004301;806 319;7;0;2;7;15;1
202200004301;806 320;7;0;2;1;1;1
202200004301;806 322;7;0;2;1;1;1
202200004302;806 314;7;0;2;2;1;1
202200004302;806 316;50;0;2;8;18;3
202200004303;806 315;7;0;2;4;2;1
202200004303;806 317;30;0;2;1;2;1
202200004304;806 311;31;0;2;1;1;1
202200004304;806 313;7;0;2;5;15;1
202200004305;806 310;31;0;2;1;1;1
202200004305;806 312;7;0;2;3;26;1
202200004306;806 306;7;0;2;1;26;1
202200004306;806 308;31;0;2;8;1;1
202200004307;806 303;7;0;2;8;1;1
202200004307;806 304;30;0;2;1;9;1
202200004308;806 302;7;3;0;1;19;1
202200004309;806 293;10;0;2;2;2;1
202200004309;806 295;7;0;2;4;2;1
202200004309;806 296;7;0;2;2;2;1
202200004309;806 297;10;0;2;1;2;1
202200004310;806 288;34;0;2;1;2;1
202200004310;806 290;7;0;2;1;2;1
202200004310;806 291;10;0;2;1;13;1
202200004311;806 286;50;0;2;1;1;3
202200004311;806 289;7;0;2;3;15;1
202200004312;806 285;33;0;2;7;1;1
202200004312;806 287;7;0;2;8;11;1
202200004313;806 284;7;2;0;1;14;1
202200004314;806 282;33;0;2;7;1;1
202200004314;806 283;7;0;2;1;16;1
202200004315;806 280;7;0;2;1;2;2
202200004315;806 281;7;0;2;4;1;1
202200004316;806 279;7;0;1;1;16;1
202200004317;806 276;1;0;2;7;1;0
202200004317;806 277;7;0;2;1;9;1
202200004318;806 275;1;0;2;1;1;5
202200004318;806 278;10;0;2;3;9;1
202200004319;806 274;7;0;1;0;16;1
202200004320;806 273;7;0;1;1;13;1
202200004321;806 271;7;14;2;5;1;1
202200004321;806 272;1;1;2;8;11;5
202200004322;806 267;31;0;2;1;13;1
202200004322;806 269;7;0;2;3;1;0
202200004323;806 268;1;0;2;0;1;5
202200004323;806 270;7;0;2;0;1;1
202200004324;806 264;10;0;2;1;15;1
202200004324;806 266;99;0;2;1;1;0
202200004325;806 265;7;0;1;5;17;1
202200004326;806 263;7;1;0;2;1;1
202200004327;806 260;7;9;2;4;23;1
202200004327;806 261;7;9;2;1;1;1
202200004328;806 259;1;0;0;0;0;5
202200004328;806 262;7;0;9;0;0;0
202200004329;806 257;7;0;1;1;1;1
202200004330;806 256;7;0;2;3;15;1
202200004330;806 258;2;0;2;3;13;1
202200004331;806 252;7;0;0;0;9;1
202200004332;806 248;10;0;1;2;1;1
202200004333;806 247;7;0;2;0;1;1
202200004333;806 249;7;14;2;0;1;1
202200004333;806 250;7;14;2;5;1;1
202200004333;806 251;7;0;2;0;0;1
202200004333;806 253;7;0;2;0;1;1
202200004333;806 254;10;0;2;0;1;1
202200004333;806 255;15;14;0;1;1;1
202200004334;806 244;7;0;2;6;1;1
202200004334;806 246;2;0;2;2;1;1
202200004335;806 243;7;0;2;3;1;1
202200004335;806 245;7;0;2;5;17;1
202200004336;806 242;7;0;1;1;1;1
202200004337;806 241;7;6;0;1;15;0
202200004338;806 240;7;1;1;1;1;1
202200004339;806 238;2;6;0;1;13;1
202200004340;806 235;10;0;2;3;26;1
202200004340;806 237;33;0;2;3;25;1
202200004341;806 236;10;0;2;1;1;1
202200004341;806 239;7;0;2;2;19;1
202200004342;806 232;32;0;2;7;17;1
202200004342;806 234;7;0;2;1;15;1
202200004343;806 233;7;0;1;3;2;1
202200004344;806 231;7;0;1;1;1;1
202200004345;806 230;7;8;1;2;14;1
202200004346;806 228;10;0;2;3;1;1
202200004346;806 229;7;0;2;3;1;1
202200004347;806 227;7;0;1;7;1;1
202200004348;806 223;7;0;2;4;4;1
202200004348;806 226;1;0;2;7;1;5
202200004349;806 224;14;0;0;2;14;1
202200004349;806 225;32;0;0;3;1;1
202200004350;806 221;13;0;1;1;1;1
202200004351;806 220;1;0;2;7;1;5
202200004351;806 222;7;0;2;1;9;1
202200004352;806 218;40;0;1;3;1;0
202200004353;806 217;33;16;2;1;12;1
202200004353;806 219;10;0;2;1;9;1
202200004354;806 216;7;0;1;2;1;1
202200004355;806 213;7;0;2;1;1;1
202200004355;806 215;50;0;2;7;1;3
202200004356;806 212;30;0;2;1;1;1
202200004356;806 214;7;0;2;1;15;3
202200004357;806 208;30;0;2;0;0;1
202200004357;806 210;7;0;2;7;22;1
202200004358;806 209;1;0;2;1;1;5
202200004358;806 211;7;0;2;1;15;1
202200004359;806 206;7;0;2;3;2;1
202200004359;806 207;7;0;2;1;2;1
202200004360;806 205;0;0;1;0;0;0
202200004361;806 203;33;0;0;8;21;1
202200004361;806 204;7;0;0;0;12;0
202200004362;806 201;31;0;2;1;1;1
202200004362;806 202;7;0;2;5;15;1
202200004363;806 200;50;0;0;1;21;3
202200004364;806 197;50;0;2;0;1;3
202200004364;806 198;1;12;2;7;17;5
202200004365;806 195;7;0;2;1;0;1
202200004365;806 196;7;0;2;4;2;1
202200004365;806 199;7;0;2;1;2;1
202200004366;806 194;50;0;1;1;1;3
202200004367;806 190;7;0;2;3;1;2
202200004367;806 192;1;0;2;0;1;5
202200004368;806 191;7;0;2;1;1;1
202200004368;806 193;7;0;2;2;15;1
202200004369;806 187;7;0;2;3;23;1
202200004369;806 188;1;0;2;1;1;5
202200004370;806 186;37;0;2;1;0;1
202200004370;806 189;7;0;9;8;1;1
202200004371;806 185;10;0;1;4;4;6
202200004372;806 184;7;8;0;1;13;1
202200004373;806 182;38;10;0;2;14;1
202200004374;806 181;1;0;2;1;22;5
202200004374;806 183;7;0;0;7;1;1
202200004375;806 177;7;0;2;1;2;1
202200004375;806 179;1;0;2;4;2;5
202200004376;806 176;7;1;0;0;0;1
202200004376;806 178;37;0;2;2;0;1
202200004376;806 180;30;0;2;3;9;1
202200004377;806 175;30;0;1;1;1;1
202200004378;806 171;1;0;2;2;1;5
202200004378;806 173;7;0;9;6;11;1
202200004379;806 170;1;0;2;8;12;5
202200004379;806 172;43;0;2;2;16;1
202200004380;806 169;1;0;0;0;9;5
202200004381;806 168;7;2;0;7;1;1
202200004382;806 165;30;0;2;1;17;3
202200004382;806 167;31;0;2;3;23;1
202200004383;806 166;7;13;0;0;16;1
202200004384;806 162;7;0;2;5;17;2
202200004384;806 164;50;0;2;3;13;3
202200004385;806 161;7;0;2;1;1;1
202200004385;806 163;7;0;2;1;5;1
202200004386;806 160;50;0;0;0;1;3
202200004387;806 158;7;0;2;1;1;1
202200004387;806 159;7;0;2;1;15;1
202200004388;806 157;34;0;0;1;1;1
202200004389;806 155;3;0;2;1;1;1
202200004389;806 156;7;0;2;1;1;1
202200004390;806 153;1;0;9;8;13;5
202200004390;806 154;80;0;9;7;2;3
202200004391;806 151;7;0;2;4;23;1
202200004391;806 152;7;0;2;1;2;1
202200004392;806 149;2;0;2;2;17;1
202200004392;806 150;7;0;2;6;10;1
202200004393;806 147;7;0;2;1;2;1
202200004393;806 148;7;0;2;4;23;1
202200004394;806 146;7;0;1;4;4;1
202200004395;806 144;7;0;2;6;15;1
202200004395;806 145;33;0;2;1;1;1
202200004396;806 142;10;0;9;4;2;1
202200004396;806 143;10;0;0;0;0;1
202200004397;806 141;7;2;0;8;1;1
202200004398;806 139;7;1;2;2;0;1
202200004398;806 140;10;6;2;3;2;1
202200004399;806 137;80;0;2;8;15;3
202200004399;806 138;7;0;2;3;9;1
202200004400;806 135;2;0;2;1;8;1
202200004400;806 136;7;0;2;1;1;1
202200004401;806 133;33;0;2;1;1;1
202200004401;806 134;10;0;2;2;9;1
202200004402;806 132;7;0;1;1;1;0
202200004403;806 130;7;0;2;3;1;1
202200004403;806 131;7;0;2;3;1;1
202200004404;806 128;33;0;2;4;23;1
202200004404;806 129;7;0;2;3;2;1
202200004405;806 126;17;0;2;2;16;1
202200004405;806 127;1;0;2;8;2;5
202200004406;806 124;0;0;0;0;0;0
202200004406;806 125;50;0;0;4;1;3
202200004407;806 122;7;0;2;4;2;1
202200004407;806 123;10;0;2;1;2;1
202200004408;806 120;32;0;2;7;1;1
202200004408;806 121;7;0;2;8;15;1
202200004409;806 119;7;0;1;7;1;1
202200004410;806 116;43;0;2;2;1;1
202200004410;806 118;7;0;2;3;9;1
202200004411;806 115;1;0;2;1;2;5
202200004411;806 117;7;0;2;5;23;1
202200004412;806 112;7;0;2;1;1;1
202200004412;806 113;7;0;2;1;13;1
202200004413;806 114;1;0;0;2;1;5
202200004414;806 110;7;0;1;3;2;1
202200004415;806 109;1;0;2;6;1;5
202200004415;806 111;7;0;2;2;2;1
202200004416;806 106;7;0;2;1;1;1
202200004416;806 107;7;0;2;1;1;1
202200004417;806 104;34;0;0;2;2;0
202200004417;806 108;3;0;2;3;15;1
202200004418;806 102;99;0;0;1;1;3
202200004419;806 100;7;0;2;5;2;1
202200004419;806 101;10;15;2;3;2;1
202200004420;806 103;7;0;2;3;1;1
202200004420;806 105;10;0;2;3;15;1
202200004421;806 099;7;0;0;0;1;0
202200004422;806 097;21;0;2;1;1;1
202200004422;806 098;30;0;2;1;1;1
202200004423;806 094;7;0;2;1;1;1
202200004423;806 095;10;0;2;6;15;1
202200004423;806 096;7;0;2;1;2;1
202200004424;806 092;16;0;2;3;19;1
202200004424;806 093;7;0;2;6;1;1
202200004425;806 091;1;1;0;2;1;5
202200004426;806 088;7;0;2;3;13;1
202200004426;806 089;7;15;2;1;1;1
202200004426;806 090;7;0;2;1;1;1
202200004427;806 085;17;0;2;3;13;1
202200004427;806 086;7;0;2;7;1;1
202200004427;806 087;7;4;2;2;1;1
202200004428;806 083;7;0;2;8;1;1
202200004428;806 084;7;0;2;3;13;1
202200004429;806 082;1;0;1;1;1;5
202200004430;806 081;7;3;0;2;14;1
202200004431;806 078;7;0;2;4;2;1
202200004431;806 079;7;0;2;1;2;1
202200004432;806 076;7;0;2;1;13;1
202200004432;806 077;7;0;2;1;1;1
202200004433;806 075;7;0;0;0;1;1
202200004434;806 074;7;13;0;1;13;1
202200004435;806 072;7;0;2;3;1;1
202200004435;806 073;33;0;2;3;0;0
202200004436;806 070;21;0;0;3;1;1
202200004436;806 071;7;0;0;3;1;1
202200004437;806 069;7;0;1;3;1;1
202200004438;806 068;7;13;0;1;1;1
202200004439;806 066;7;0;2;3;1;1
202200004439;806 067;3;0;2;1;13;1
202200004440;806 064;33;0;2;5;17;1
202200004440;806 065;7;0;2;3;15;2
202200004441;806 062;10;0;2;3;1;1
202200004441;806 063;7;0;2;3;13;1
202200004442;806 059;7;0;2;6;1;1
202200004442;806 060;10;0;2;1;1;1
202200004442;806 061;7;0;2;1;13;1
202200004443;806 058;33;0;0;8;0;1
202200004444;806 057;7;2;0;1;1;1
202200004445;806 055;10;0;2;1;1;1
202200004445;806 056;7;13;2;2;17;1
202200004446;806 051;7;0;2;0;0;1
202200004446;806 052;7;4;2;1;13;1
202200004446;806 053;7;0;2;4;0;1
202200004447;806 049;7;0;2;2;1;1
202200004447;806 050;2;0;2;3;11;1
202200004448;806 047;21;0;2;2;9;1
202200004448;806 048;33;13;2;1;1;1
202200004449;806 046;7;0;0;3;1;1
202200004450;806 043;31;0;2;2;1;1
202200004450;806 044;7;0;2;6;1;1
202200004450;806 045;7;0;0;4;1;1
202200004451;806 040;7;13;2;0;13;1
202200004451;806 041;33;0;0;1;1;1
202200004452;806 039;31;8;0;9;1;1
202200004453;806 037;7;0;2;3;13;1
202200004453;806 038;7;0;2;3;1;1
202200004454;806 036;7;0;1;2;1;1
202200004455;806 033;1;0;2;0;21;5
202200004455;806 034;1;0;2;1;21;5
202200004455;806 035;1;12;0;1;1;5
202200004456;806 031;7;0;1;5;20;1
202200004457;806 030;7;6;0;1;14;1
202200004458;806 029;7;13;0;1;13;1
202200004459;806 027;7;0;0;8;9;1
202200004459;806 028;80;0;2;1;9;3
202200004460;806 025;10;0;0;3;1;1
202200004460;806 026;10;9;0;1;1;1
202200004461;806 024;33;0;0;7;23;1
202200004462;806 022;7;12;2;1;9;1
202200004462;806 023;7;0;2;1;15;1
202200004463;806 021;2;1;1;1;13;1
202200004464;806 020;7;0;0;9;1;1
202200004465;806 019;7;13;0;3;2;1
202200004466;806 015;7;0;2;8;17;1
202200004466;806 016;1;0;2;8;1;5
202200004467;806 014;7;3;0;1;1;0
202200004468;806 012;99;0;2;7;19;1
202200004468;806 013;7;0;2;1;1;1
202200004469;806 011;10;0;1;2;0;0
202200004470;806 009;7;0;1;2;1;0
202200004471;806 007;33;0;2;1;17;1
202200004471;806 008;14;0;2;8;15;1
202200004472;806 006;7;2;0;1;1;1
202200004473;806 004;7;0;2;7;19;1
202200004473;806 005;7;0;2;1;19;1
202200004474;805 999;7;0;2;1;2;1
202200004474;806 000;7;0;0;4;2;1
202200004474;806 001;7;0;0;4;2;1
202200004475;805 998;10;4;0;3;13;1
202200004476;805 996;10;0;2;1;13;1
202200004476;805 997;7;0;2;1;1;1
202200004477;805 995;2;0;9;1;1;1
202200004478;805 993;7;0;2;2;1;1
202200004478;805 994;50;0;2;2;23;3
202200004479;805 991;7;0;2;2;13;1
202200004479;805 992;7;0;2;3;1;1
202200004480;805 989;2;0;0;6;15;1
202200004480;805 990;7;0;0;2;17;1
202200004481;805 988;33;8;0;2;0;1
202200004482;805 987;1;0;0;0;0;5
202200004483;805 985;2;0;2;3;1;1
202200004483;805 986;7;0;2;8;13;0
202200004484;805 983;7;0;9;3;26;1
202200004484;805 984;1;0;2;1;1;5
202200004485;805 981;7;0;2;2;15;1
202200004485;805 982;2;0;2;1;1;1
202200004486;805 978;7;0;2;1;2;1
202200004486;805 979;7;0;2;4;23;1
202200004486;805 980;7;0;0;4;23;1
202200004487;805 977;31;13;0;1;1;1
202200004488;805 975;7;0;2;1;1;1
202200004488;805 976;1;0;2;8;1;5
202200004489;805 974;7;13;0;1;1;1
202200004490;805 973;33;13;0;3;13;1
202200004491;805 971;2;0;2;7;9;1
202200004491;805 972;7;0;2;1;1;1
202200004492;805 969;33;0;2;2;2;1
202200004492;805 970;33;0;2;3;2;1
202200004493;805 968;7;1;0;1;1;1
202200004494;805 967;7;7;0;2;21;1
202200004495;805 966;7;15;0;1;13;1
202200004496;805 964;1;0;2;8;19;5
202200004496;805 965;10;0;9;2;19;1
202200004497;805 962;7;0;2;2;13;1
202200004497;805 963;17;0;2;2;1;1
202200004498;805 960;7;0;2;4;2;1
202200004498;805 961;7;0;2;1;2;1
202200004499;805 959;32;0;0;0;0;1
202200004500;805 958;33;0;0;0;1;1
202200004501;805 956;17;0;2;7;12;1
202200004501;805 957;10;0;2;3;2;1
202200004502;805 954;10;0;2;8;11;1
202200004502;805 955;33;0;2;7;3;1
202200004503;805 951;7;0;2;4;23;1
202200004503;805 952;7;0;2;4;23;1
202200004503;805 953;7;0;2;1;2;1
202200004504;805 950;15;3;0;2;1;1
202200004505;805 948;33;0;2;1;1;1
202200004505;805 949;7;0;2;5;12;1
202200004506;805 947;10;0;0;2;1;1
202200004507;805 945;7;0;2;7;17;1
202200004507;805 946;2;0;2;0;0;1
202200004508;805 943;7;0;2;1;1;0
202200004508;805 944;7;12;2;1;13;0
202200004509;805 941;30;0;2;1;1;1
202200004509;805 942;7;0;2;3;19;1
202200004510;805 939;7;13;2;3;1;1
202200004510;805 940;7;0;2;1;11;1
202200004511;805 937;7;0;2;6;1;1
202200004511;805 938;10;1;2;1;1;1
202200004512;805 935;33;0;2;1;2;1
202200004512;805 936;7;0;2;2;2;1
202200004513;805 933;2;0;2;1;1;1
202200004513;805 934;7;0;2;1;1;1
202200004514;805 932;2;0;0;3;1;1
202200004515;805 931;7;6;0;1;9;1
202200004516;805 929;3;0;2;2;1;-1
202200004516;805 930;10;0;2;3;9;1
202200004517;805 925;50;0;2;3;2;3
202200004517;805 926;7;0;2;7;26;1
202200004518;805 923;7;0;2;4;21;1
202200004518;805 924;7;0;2;1;2;1
202200004519;805 921;7;0;2;3;1;1
202200004519;805 922;33;0;2;1;6;1
202200004520;805 919;7;0;2;1;0;1
202200004520;805 920;33;0;2;1;13;1
202200004521;805 917;7;0;2;2;1;1
202200004521;805 918;1;0;2;1;9;5
202200004522;805 915;3;0;1;1;1;0
202200004522;805 916;3;0;2;4;1;0
202200004523;805 912;7;0;2;3;13;1
202200004523;805 913;17;0;2;3;1;1
202200004523;805 914;7;0;2;0;26;1
202200004524;805 910;7;0;0;5;0;1
202200004524;805 911;2;0;2;1;15;1
202200004525;805 909;7;1;0;2;14;1
202200004526;805 907;7;0;2;3;1;2
202200004526;805 908;7;0;2;2;15;2
202200004527;805 906;7;8;0;1;1;1
202200004528;805 903;7;0;2;3;23;1
202200004528;805 904;7;0;2;3;15;1
202200004528;805 905;33;0;2;1;1;1
202200004529;805 902;10;16;0;1;24;1
202200004530;805 900;1;0;2;8;1;5
202200004530;805 901;7;0;2;7;26;1
202200004531;805 898;7;0;2;8;1;0
202200004531;805 899;7;0;2;1;1;0
202200004532;805 895;7;0;2;3;1;1
202200004532;805 896;32;0;2;4;2;1
202200004532;805 897;7;0;2;3;2;1
202200004533;805 894;7;1;0;3;1;2
202200004534;805 893;50;0;1;1;1;3
202200004535;805 892;30;0;0;0;21;1
202200004536;805 890;33;0;2;2;17;1
202200004536;805 891;7;0;2;1;15;1
202200004537;805 889;7;1;0;1;14;1
202200004538;805 887;41;0;2;3;23;1
202200004538;805 888;7;0;2;6;23;1
202200004539;805 886;7;0;1;1;1;1
202200004540;805 884;30;0;2;1;17;1
202200004540;805 885;10;0;2;8;15;1
202200004541;805 882;7;0;0;0;26;1
202200004541;805 883;30;0;0;3;15;1
202200004542;805 881;7;0;1;1;26;1
202200004543;805 879;7;0;2;1;1;1
202200004543;805 880;32;0;2;1;1;1
202200004544;805 877;7;0;2;2;15;2
202200004544;805 878;10;0;2;1;1;1
202200004545;805 875;7;0;2;2;12;1
202200004545;805 876;43;0;2;1;1;1
202200004546;805 874;1;1;0;1;14;5
202200004547;805 872;7;0;2;3;9;1
202200004547;805 873;2;0;2;2;1;1
202200004548;805 870;15;0;2;6;24;1
202200004548;805 871;1;0;2;1;1;5
202200004549;805 868;7;0;2;3;10;1
202200004549;805 869;30;0;2;1;17;1
202200004550;805 866;80;0;2;1;1;3
202200004550;805 867;50;0;2;1;13;3
202200004551;805 864;1;0;0;0;1;5
202200004551;805 865;1;0;0;1;13;5
202200004552;805 862;7;0;2;1;1;1
202200004552;805 863;34;0;2;3;5;1
202200004553;805 860;1;0;2;6;19;5
202200004553;805 861;7;0;2;3;2;1
202200004554;805 859;10;0;1;2;1;0
202200004555;805 857;31;0;2;0;0;1
202200004555;805 858;7;0;2;0;0;1
202200004556;805 856;7;1;1;1;21;1
202200004557;805 855;7;12;2;9;14;1
202200004558;805 853;7;0;2;2;1;1
202200004558;805 854;1;0;2;7;19;5
202200004559;805 851;10;0;0;8;23;0
202200004559;805 852;50;0;2;0;2;3
202200004560;805 850;1;0;0;0;0;5
202200004561;805 848;7;0;2;3;13;1
202200004561;805 849;33;0;2;7;17;1
202200004562;805 847;7;0;1;2;2;1
202200004563;805 845;30;0;2;1;1;1
202200004563;805 846;34;0;2;4;1;1
202200004564;805 843;7;0;2;7;1;1
202200004564;805 844;32;16;2;3;11;1
202200004565;805 841;7;0;0;4;2;1
202200004565;805 842;14;0;2;2;1;1
202200004566;805 840;7;14;0;2;21;1
202200004567;805 837;7;13;0;1;1;1
202200004568;805 835;33;0;2;3;17;1
202200004568;805 836;1;0;2;8;0;5
202200004569;805 834;7;3;0;0;1;1
202200004570;805 830;7;0;9;5;1;0
202200004570;805 831;7;0;9;6;1;0
202200004570;805 832;7;0;9;6;1;0
202200004570;805 833;7;3;0;2;0;0
202200004571;805 829;33;8;0;1;1;1
202200004572;805 828;33;0;0;8;21;1
202200004573;805 824;7;0;2;2;2;1
202200004573;805 825;7;0;0;6;2;1
202200004573;805 826;7;0;0;5;17;1
202200004574;805 822;33;0;2;1;1;1
202200004574;805 823;7;0;2;1;17;1
202200004575;805 821;7;8;0;1;0;1
202200004576;805 819;7;0;2;1;1;1
202200004576;805 820;7;0;2;1;16;1
202200004577;805 817;7;0;0;1;1;1
202200004577;805 818;7;0;0;4;2;1
202200004578;805 816;7;13;0;9;1;1
202200004579;805 815;7;14;2;2;17;1
202200004580;805 812;7;13;0;1;1;1
202200004581;805 810;31;0;2;1;1;1
202200004581;805 811;7;0;2;7;15;1
202200004582;805 809;7;0;1;3;16;1
202200004583;805 808;33;16;0;2;1;0
202200004584;805 807;2;7;0;1;1;1
202200004585;805 806;33;0;0;8;1;1
202200004586;805 804;7;2;0;1;1;1
202200004587;805 803;7;0;1;1;1;1
202200004588;805 802;2;0;0;3;15;1
202200004589;805 800;7;0;2;7;1;1
202200004589;805 801;7;0;2;3;15;1
202200004590;805 798;10;0;2;8;9;1
202200004590;805 799;30;0;0;1;1;1
202200004591;805 797;7;2;0;8;1;1
202200004592;805 796;33;0;0;0;1;1
202200004593;805 794;7;0;2;1;23;1
202200004593;805 795;7;1;0;8;1;1
202200004594;805 793;7;13;0;2;1;1
202200004595;805 790;1;0;0;0;1;5
202200004596;805 789;31;0;0;9;1;1
202200004597;805 788;31;0;0;0;17;1
202200004598;805 787;7;2;0;2;1;1
202200004599;805 786;33;13;0;1;1;1
202200004600;805 784;33;0;2;8;1;1
202200004600;805 785;7;0;2;3;15;1
202200004601;805 783;7;0;1;2;1;1
202200004602;805 781;1;0;2;2;0;5
202200004602;805 782;7;0;2;3;1;1
202200004603;805 779;7;0;2;1;2;1
202200004603;805 780;33;0;0;4;1;1
202200004604;805 778;7;0;1;2;1;1
202200004605;805 776;7;0;9;2;2;1
202200004605;805 777;1;0;2;4;2;5
202200004606;805 774;7;0;2;3;9;1
202200004606;805 775;33;0;2;1;1;1
202200004607;805 773;7;13;0;0;12;1
202200004608;805 771;7;0;2;8;19;1
202200004608;805 772;2;0;2;7;1;1
202200004609;805 768;7;0;0;6;2;1
202200004609;805 769;7;0;2;1;2;1
202200004609;805 770;10;0;2;1;2;1
202200004610;805 767;17;2;0;7;1;1
202200004611;805 765;33;4;2;1;1;1
202200004611;805 766;7;0;2;1;1;1
202200004612;805 763;7;4;2;2;2;1
202200004612;805 764;7;4;2;6;2;1
202200004613;805 761;7;0;2;3;1;1
202200004613;805 762;10;0;2;3;1;1
202200004614;805 759;33;0;2;1;2;1
202200004614;805 760;7;0;0;5;2;1
202200004615;805 757;10;0;2;8;1;1
202200004615;805 758;2;0;2;8;13;1
202200004616;805 755;1;0;2;1;5;5
202200004616;805 756;7;0;2;3;1;1
202200004617;805 754;7;0;1;4;4;1
202200004618;805 752;10;0;2;3;2;1
202200004618;805 753;33;0;2;1;0;1
202200004619;805 750;33;0;2;1;17;1
202200004619;805 751;10;0;2;6;17;1
202200004620;805 748;7;0;2;2;21;1
202200004620;805 749;7;0;0;6;9;1
202200004621;805 746;7;0;0;0;17;0
202200004621;805 747;7;13;0;1;17;1
202200004622;805 744;1;0;2;7;1;5
202200004622;805 745;17;8;2;3;1;1
202200004623;805 743;31;0;0;3;1;1
202200004624;805 742;33;0;6;1;1;1
202200004625;805 740;1;0;0;1;1;5
202200004625;805 741;33;0;2;1;1;1
202200004626;805 738;7;0;2;1;5;1
202200004626;805 739;17;0;2;3;21;1
202200004627;805 736;7;0;0;4;23;1
202200004627;805 737;33;0;2;1;1;1
202200004628;805 734;7;0;2;2;1;1
202200004628;805 735;7;0;2;1;15;1
202200004629;805 732;2;0;2;3;15;1
202200004629;805 733;38;0;2;2;2;1
202200004630;805 730;33;0;2;1;1;1
202200004630;805 731;7;0;0;7;15;1
202200004631;805 729;7;15;0;0;0;1
202200004632;805 728;7;12;0;9;14;1
202200004633;805 726;1;0;2;1;26;5
202200004633;805 727;7;0;2;2;1;1
202200004634;805 724;10;0;2;2;19;1
202200004634;805 725;2;0;2;1;2;3
202200004635;805 722;7;0;2;1;15;1
202200004635;805 723;80;0;2;8;1;3
202200004636;805 720;7;0;2;3;1;1
202200004636;805 721;7;0;2;3;5;1
202200004637;805 719;32;0;0;1;1;1
202200004638;805 717;7;0;2;5;2;1
202200004638;805 718;7;0;2;1;9;1
202200004639;805 716;7;0;1;1;1;1
202200004640;805 714;10;0;2;3;15;1
202200004640;805 715;31;0;2;1;17;1
202200004641;805 713;32;14;2;1;17;1
202200004642;805 712;32;11;0;1;13;1
202200004643;805 711;7;0;1;1;16;0
202200004644;805 708;10;0;2;4;23;1
202200004644;805 709;7;0;2;4;0;1
202200004644;805 710;7;0;2;1;2;1
202200004645;805 705;7;0;0;0;0;1
202200004645;805 706;7;0;2;4;2;1
202200004645;805 707;7;0;2;1;2;1
202200004646;805 704;7;13;0;1;13;1
202200004647;805 702;7;8;2;1;1;1
202200004647;805 703;7;0;2;8;1;1
202200004648;805 700;7;0;2;3;1;1
202200004648;805 701;7;0;2;3;1;1
202200004649;805 698;7;0;2;1;2;0
202200004649;805 699;7;0;2;4;1;1
202200004650;805 696;7;0;2;6;15;1
202200004650;805 697;1;0;2;1;1;5
202200004651;805 694;7;0;2;0;24;1
202200004651;805 695;80;0;0;0;0;3
202200004652;805 693;7;8;0;3;26;1
202200004653;805 691;33;0;2;7;1;1
202200004653;805 692;7;0;2;2;16;1
202200004654;805 690;7;0;1;1;1;1
202200004655;805 688;10;0;2;7;10;1
202200004655;805 689;1;0;2;3;0;5
202200004656;805 687;7;9;0;1;14;1
202200004657;805 686;7;0;1;1;1;1
202200004658;805 685;33;0;0;1;26;1
202200004659;805 683;1;0;2;3;19;5
202200004659;805 684;7;0;2;1;1;1
202200004660;805 681;7;0;2;1;1;1
202200004660;805 682;7;0;2;8;1;1
202200004661;805 679;7;0;2;1;15;1
202200004661;805 680;7;0;2;5;1;1
202200004662;805 678;7;0;1;3;1;1
202200004663;805 676;10;0;2;7;1;1
202200004663;805 677;7;0;2;1;0;1
202200004664;805 675;7;0;1;1;1;1
202200004665;805 674;7;17;0;2;21;1
202200004666;805 673;7;0;1;1;15;1
202200004667;805 671;1;0;2;1;9;5
202200004667;805 672;7;0;2;1;9;1
202200004668;805 669;7;0;2;3;1;1
202200004668;805 670;33;0;2;3;13;1
202200004669;805 667;7;0;2;8;1;1
202200004669;805 668;31;0;2;8;17;1
202200004670;805 665;7;0;2;4;2;1
202200004670;805 666;7;0;2;1;1;1
202200004671;805 663;7;0;2;2;15;1
202200004671;805 664;7;0;2;1;1;1
202200004672;805 661;7;0;2;1;16;1
202200004672;805 662;14;0;2;1;5;1
202200004673;805 657;33;0;2;1;3;1
202200004673;805 658;7;0;2;6;23;1
202200004674;805 656;50;0;0;1;0;3
202200004675;805 654;7;0;2;2;16;1
202200004675;805 655;1;0;2;8;1;5
202200004676;805 653;37;0;1;0;1;6
202200004677;805 651;7;0;2;1;1;1
202200004677;805 652;7;0;2;8;15;1
202200004678;805 650;7;16;0;1;16;1