Num_Acc;id_vehicule;catv;obs;obsm;choc;manv;motor
202200004679;805 646;7;0;2;1;1;0
202200004679;805 647;33;0;2;2;1;1
202200004680;805 645;7;0;1;2;15;2
202200004681;805 643;7;0;9;1;26;1
202200004681;805 644;1;0;2;1;19;5
202200004682;805 641;32;0;2;8;19;1
202200004682;805 642;7;0;2;1;19;1
202200004683;805 639;7;0;2;3;5;1
202200004683;805 640;14;0;2;3;1;1
202200004684;805 637;7;0;0;1;1;1
202200004684;805 638;7;0;0;7;15;1
202200004685;805 635;7;0;2;1;1;1
202200004685;805 636;33;0;2;9;1;1
202200004686;805 633;1;0;2;3;1;5
202200004686;805 634;7;0;2;3;1;1
202200004687;805 632;7;0;1;7;2;3
202200004688;805 630;7;0;2;1;15;2
202200004688;805 631;7;0;2;5;1;1
202200004689;805 627;33;0;2;2;3;1
202200004689;805 628;7;0;2;3;11;1
202200004689;805 629;10;0;2;8;1;1
202200004690;805 625;43;0;2;3;3;1
202200004690;805 626;7;0;2;7;1;1
202200004691;805 623;7;0;2;2;12;1
202200004691;805 624;33;0;2;1;18;1
202200004692;805 621;7;0;2;2;14;1
202200004692;805 622;32;0;2;8;1;1
202200004693;805 619;7;0;2;3;1;1
202200004693;805 620;7;0;2;5;23;1
202200004694;805 618;30;0;0;0;1;1
202200004695;805 616;1;0;2;8;9;5
202200004695;805 617;7;0;2;3;15;3
202200004696;805 614;7;0;2;1;1;1
202200004696;805 615;7;0;2;4;23;1
202200004697;805 613;80;0;1;1;5;3
202200004698;805 612;37;0;2;0;21;1
202200004699;805 610;32;0;2;2;17;1
202200004699;805 611;30;0;2;6;15;1
202200004700;805 608;7;0;2;1;23;1
202200004700;805 609;33;0;2;6;1;1
202200004701;805 606;7;0;2;2;2;1
202200004701;805 607;32;0;2;4;2;1
202200004702;805 605;43;0;0;1;1;1
202200004703;805 603;10;0;2;7;10;1
202200004703;805 604;10;0;-1;1;1;1
202200004704;805 601;30;0;2;1;1;1
202200004704;805 602;7;0;2;1;20;1
202200004705;805 599;32;0;2;1;1;1
202200004705;805 600;10;0;2;0;1;1
202200004706;805 597;7;0;2;3;9;1
202200004706;805 598;33;0;2;1;1;1
202200004707;805 596;33;8;2;1;7;1
202200004708;805 594;33;0;2;7;16;1
202200004708;805 595;7;0;2;3;2;2
202200004709;805 593;7;0;1;1;1;1
202200004710;805 592;7;8;1;0;0;1
202200004711;805 590;33;1;0;3;2;1
202200004711;805 591;7;0;2;5;23;1
202200004712;805 589;7;9;0;1;2;1
202200004713;805 587;7;0;2;3;15;1
202200004713;805 588;30;0;2;1;1;1
202200004714;805 586;13;0;1;0;9;0
202200004715;805 584;7;0;2;0;2;0
202200004715;805 585;30;0;2;0;2;1
202200004716;805 582;10;0;2;3;1;1
202200004716;805 583;7;0;2;2;1;1
202200004717;805 580;34;0;2;1;17;1
202200004717;805 581;10;0;2;8;15;1
202200004718;805 578;7;0;2;1;15;1
202200004718;805 579;7;0;0;8;1;1
202200004719;805 577;7;0;1;2;1;1
202200004720;805 575;43;8;0;5;17;1
202200004720;805 576;7;8;0;3;1;1
202200004721;805 573;33;0;2;1;1;1
202200004721;805 574;7;0;2;2;15;1
202200004722;805 571;10;0;2;3;15;1
202200004722;805 572;33;0;2;1;17;1
202200004723;805 569;15;0;2;6;2;1
202200004723;805 570;7;0;2;2;2;1
202200004724;805 568;1;12;0;1;14;5
202200004725;805 567;31;0;0;9;1;1
202200004726;805 564;7;0;0;9;0;1
202200004727;805 562;7;0;2;3;1;1
202200004727;805 563;7;13;0;8;14;1
202200004728;805 560;10;0;2;1;1;1
202200004728;805 561;7;3;0;8;19;1
202200004729;805 559;2;9;0;1;1;1
202200004730;805 558;7;2;0;8;1;1
202200004731;805 556;7;0;2;1;1;1
202200004731;805 557;7;4;2;4;1;1
202200004732;805 554;50;0;2;1;13;3
202200004732;805 555;7;0;2;8;1;1
202200004733;805 553;7;13;0;1;15;1
202200004734;805 551;7;0;2;2;17;1
202200004734;805 552;7;0;0;3;15;1
202200004735;805 549;7;0;1;1;1;1
202200004736;805 548;10;0;2;2;1;1
202200004736;805 550;10;0;2;1;1;1
202200004737;805 544;7;0;2;3;1;1
202200004737;805 547;7;0;2;1;1;1
202200004738;805 540;7;0;0;3;1;1
202200004738;805 542;33;0;2;1;1;1
202200004739;805 541;7;0;1;1;15;1
202200004740;805 538;7;0;2;3;1;1
202200004740;805 539;21;2;2;3;1;1
202200004741;805 536;7;13;0;7;1;1
202200004742;805 535;7;0;2;1;15;1
202200004742;805 537;31;0;2;1;1;1
202200004743;805 534;7;0;1;1;1;1
202200004744;805 531;7;0;1;1;1;1
202200004745;805 532;7;0;2;6;1;1
202200004745;805 533;7;0;2;7;15;1
202200004746;805 530;33;13;0;9;1;1
202200004747;805 527;10;0;2;6;26;1
202200004747;805 528;7;0;2;2;21;1
202200004748;805 526;7;0;4;9;19;1
202200004748;805 529;40;0;2;2;19;3
202200004749;805 525;33;3;0;7;1;1
202200004750;805 522;7;0;2;8;15;1
202200004750;805 524;33;0;2;1;1;1
202200004751;805 521;10;2;0;1;0;1
202200004752;805 518;7;0;2;7;16;1
202200004752;805 520;2;0;2;1;18;1
202200004753;805 517;7;0;1;3;13;1
202200004754;805 515;33;0;2;1;1;1
202200004754;805 516;7;0;0;5;15;1
202200004755;805 513;1;0;2;4;1;5
202200004755;805 514;7;0;2;1;2;1
202200004756;805 510;30;0;2;8;3;1
202200004756;805 512;7;0;2;1;15;1
202200004757;805 508;7;0;2;2;19;1
202200004757;805 511;33;0;2;1;1;1
202200004758;805 507;37;0;2;3;24;1
202200004758;805 509;7;1;0;3;9;1
202200004759;805 505;7;0;0;9;1;1
202200004760;805 504;7;3;2;2;9;1
202200004760;805 506;7;0;2;6;2;1
202200004761;805 502;36;8;0;3;1;1
202200004762;805 501;7;0;2;3;9;2
202200004762;805 503;31;0;2;1;1;1
202200004763;805 499;7;0;9;1;1;1
202200004763;805 500;50;0;2;2;1;3
202200004764;805 498;7;0;1;3;0;1
202200004765;805 495;7;0;2;1;19;1
202200004765;805 497;7;0;2;3;15;1
202200004766;805 494;2;0;6;1;1;1
202200004767;805 493;0;0;2;8;2;0
202200004767;805 496;33;4;2;7;2;0
202200004768;805 488;50;0;2;1;25;3
202200004768;805 491;7;0;2;7;16;1
202200004769;805 489;32;0;2;1;1;1
202200004769;805 492;7;0;2;4;0;0
202200004770;805 487;7;6;0;7;0;1
202200004771;805 485;7;0;1;3;1;1
202200004772;805 482;1;0;2;4;1;5
202200004772;805 484;7;0;2;7;1;1
202200004773;805 483;7;1;0;1;1;1
202200004774;805 481;7;2;0;1;1;1
202200004775;805 480;7;16;0;9;14;1
202200004776;805 477;7;0;2;3;2;1
202200004776;805 479;7;0;2;1;15;1
202200004777;805 476;7;0;9;2;16;1
202200004777;805 478;1;0;2;0;2;5
202200004778;805 475;33;7;0;1;1;1
202200004779;805 471;7;0;2;7;10;0
202200004779;805 474;34;0;2;1;1;1
202200004780;805 470;7;0;2;1;1;1
202200004780;805 472;7;0;2;8;0;1
202200004781;805 469;7;2;2;8;13;1
202200004781;805 473;7;0;2;5;1;1
202200004782;805 467;32;0;0;4;23;1
202200004782;805 468;30;0;2;1;1;1
202200004783;805 465;7;6;0;1;17;1
202200004784;805 458;99;16;2;1;2;1
202200004784;805 463;99;10;2;1;26;1
202200004785;805 460;1;0;2;1;1;5
202200004785;805 461;7;0;2;8;1;1
202200004786;805 457;7;0;2;1;1;1
202200004786;805 459;7;0;2;3;10;1
202200004787;805 455;7;0;0;0;1;1
202200004788;805 453;7;0;2;1;1;1
202200004788;805 456;1;0;2;8;19;5
202200004789;805 452;32;0;2;1;1;1
202200004789;805 454;7;0;2;3;15;1
202200004790;805 451;7;0;1;1;26;1
202200004791;805 450;2;1;0;1;1;1
202200004792;805 449;7;0;1;3;15;1
202200004793;805 447;7;0;1;3;1;1
202200004794;805 445;7;0;2;1;1;1
202200004794;805 448;14;0;0;4;1;1
202200004795;805 444;10;0;2;1;2;1
202200004795;805 446;7;0;2;4;2;1
202200004796;805 441;31;0;2;1;15;1
202200004796;805 442;7;0;2;1;1;1
202200004797;805 440;10;3;0;3;14;1
202200004798;805 439;2;0;2;1;14;1
202200004798;805 443;7;0;2;3;23;1
202200004799;805 438;15;3;0;2;2;1
202200004800;805 435;7;0;2;3;18;1
202200004800;805 436;7;0;2;7;16;1
202200004801;805 434;31;0;2;8;1;1
202200004801;805 437;10;0;2;8;15;1
202200004802;805 431;32;0;0;1;1;1
202200004803;805 432;7;0;0;2;21;1
202200004804;805 427;7;0;1;8;1;1
202200004805;805 426;7;0;2;3;15;1
202200004805;805 428;32;0;2;1;17;1
202200004806;805 425;7;16;0;9;1;1
202200004807;805 423;30;0;2;1;2;1
202200004807;805 424;7;0;2;6;23;2
202200004808;805 420;7;0;2;1;1;1
202200004808;805 422;7;0;2;2;15;1
202200004809;805 418;7;1;0;1;13;1
202200004810;805 417;7;0;2;2;10;1
202200004810;805 419;43;0;2;1;1;1
202200004811;805 414;1;0;2;3;1;5
202200004811;805 416;7;0;2;5;1;1
202200004812;805 413;7;0;2;3;0;1
202200004812;805 415;31;0;2;1;13;1
202200004813;805 412;7;0;1;1;1;1
202200004814;805 411;7;2;0;1;0;1
202200004815;805 409;7;0;1;4;4;2
202200004816;805 408;7;0;0;1;16;2
202200004816;805 410;7;0;0;1;15;1
202200004817;805 405;32;14;0;0;0;1
202200004818;805 404;32;0;2;1;13;1
202200004818;805 406;30;0;2;1;1;1
202200004819;805 402;7;0;2;4;21;1
202200004819;805 403;7;0;2;4;1;1
202200004819;805 407;7;0;2;1;2;1
202200004820;805 399;7;0;1;3;1;2
202200004821;805 398;33;0;2;3;17;1
202200004821;805 401;7;0;2;3;15;1
202200004822;805 397;7;0;2;4;1;1
202200004822;805 400;7;0;2;1;1;1
202200004823;805 394;2;0;1;1;1;0
202200004824;805 392;7;0;2;1;1;1
202200004824;805 396;7;0;2;2;1;1
202200004825;805 393;1;0;2;1;1;5
202200004825;805 395;7;0;2;6;23;1
202200004826;805 389;7;0;1;1;1;1
202200004827;805 390;37;0;1;1;7;1
202200004828;805 386;7;1;0;2;14;1
202200004828;805 388;7;0;2;1;1;1
202200004828;805 391;15;0;0;6;24;1
202200004829;805 385;32;0;1;3;21;1
202200004830;805 384;7;0;2;1;9;-1
202200004830;805 387;1;0;2;1;1;5
202200004831;805 382;7;1;2;1;1;1
202200004832;805 380;33;3;0;1;0;1
202200004833;805 379;40;0;2;1;1;2
202200004833;805 381;7;0;4;8;1;1
202200004834;805 377;7;0;2;7;16;0
202200004834;805 378;2;0;2;2;7;3
202200004835;805 373;33;15;0;1;1;1
202200004836;805 375;38;0;1;1;1;1
202200004837;805 372;7;0;2;5;22;1
202200004837;805 374;50;0;2;1;18;3
202200004838;805 371;50;0;0;0;0;3
202200004839;805 368;7;13;0;0;1;1
202200004840;805 366;7;0;2;1;9;1
202200004840;805 370;7;0;2;3;1;1
202200004841;805 367;30;0;2;1;1;1
202200004841;805 369;7;0;2;7;15;2
202200004842;805 364;7;0;0;8;15;1
202200004842;805 365;7;0;2;3;17;1
202200004843;805 363;7;0;1;6;1;2
202200004844;805 360;7;0;0;6;1;1
202200004844;805 361;33;0;2;1;1;1
202200004845;805 359;7;0;2;3;1;1
202200004845;805 362;7;0;2;1;1;1
202200004846;805 358;50;0;1;1;25;3
202200004847;805 355;14;0;2;8;1;1
202200004847;805 357;43;0;2;1;13;1
202200004848;805 354;7;0;1;3;1;1
202200004849;805 353;10;0;2;2;1;1
202200004849;805 356;7;0;2;3;0;1
202200004850;805 352;7;13;0;0;0;1
202200004851;805 350;7;1;0;2;1;1
202200004852;805 349;32;0;2;1;1;1
202200004852;805 351;7;2;2;1;13;1
202200004853;805 345;7;0;2;5;15;1
202200004853;805 348;33;0;2;1;1;1
202200004854;805 344;7;0;2;1;1;1
202200004854;805 347;7;0;2;8;19;1
202200004855;805 343;7;0;2;1;10;1
202200004855;805 346;7;1;2;1;1;1
202200004856;805 342;7;0;1;1;1;1
202200004857;805 341;33;6;0;0;0;0
202200004858;805 339;7;1;0;3;0;1
202200004859;805 338;7;0;2;4;10;1
202200004859;805 340;31;0;2;1;1;1
202200004860;805 337;7;0;1;1;1;1
202200004861;805 334;1;0;2;7;1;5
202200004861;805 336;7;0;2;3;0;0
202200004862;805 331;33;0;2;1;1;1
202200004862;805 333;7;0;2;8;15;0
202200004863;805 330;10;0;2;4;1;1
202200004863;805 332;7;0;2;1;12;1
202200004864;805 329;7;0;1;1;1;1
202200004865;805 325;10;0;2;1;1;1
202200004865;805 327;7;0;2;4;2;1
202200004866;805 324;7;0;2;4;23;1
202200004866;805 326;10;0;2;1;1;1
202200004867;805 323;7;0;2;3;15;1
202200004867;805 328;2;0;2;1;1;1
202200004868;805 320;7;0;2;1;2;1
202200004868;805 322;7;0;2;4;2;1
202200004869;805 319;7;0;1;3;1;1
202200004870;805 318;7;0;0;3;1;1
202200004870;805 321;1;0;0;0;19;5
202200004871;805 316;7;0;2;4;2;1
202200004871;805 317;10;0;2;1;2;1
202200004872;805 314;7;0;1;1;16;1
202200004873;805 313;7;0;2;1;15;1
202200004873;805 315;37;0;2;2;1;1
202200004874;805 311;7;0;2;7;1;1
202200004874;805 312;7;0;2;2;1;0
202200004875;805 309;7;0;1;1;1;1
202200004876;805 308;7;0;9;1;16;1
202200004876;805 310;1;0;2;8;1;5
202200004877;805 306;7;0;0;4;2;1
202200004877;805 307;7;0;2;1;2;1
202200004878;805 305;7;0;1;3;26;1
202200004879;805 304;7;4;0;1;12;1
202200004880;805 302;7;0;2;1;1;1
202200004881;805 300;10;0;2;1;1;1
202200004881;805 303;7;0;2;4;3;1
202200004882;805 299;33;0;2;1;2;1
202200004882;805 301;7;0;2;4;2;1
202200004883;805 297;15;0;2;0;0;0
202200004883;805 298;33;0;2;5;3;1
202200004884;805 295;7;0;2;8;10;1
202200004884;805 296;33;0;2;1;1;0
202200004885;805 292;33;15;9;1;1;1
202200004885;805 294;7;0;2;4;15;1
202200004886;805 288;7;0;0;2;15;1
202200004886;805 290;33;0;2;0;1;1
202200004887;805 289;7;0;2;0;0;0
202200004887;805 291;7;0;2;4;1;0
202200004887;805 293;10;0;2;2;11;0
202200004888;805 286;7;0;1;6;4;1
202200004889;805 285;15;3;0;1;1;1
202200004890;805 284;2;0;2;7;1;1
202200004890;805 287;15;0;2;1;15;1
202200004891;805 280;7;0;2;6;2;1
202200004891;805 282;17;0;2;1;12;1
202200004892;805 278;3;12;0;4;16;1
202200004892;805 283;3;1;2;1;2;1
202200004893;805 279;7;0;2;1;2;1
202200004893;805 281;7;0;2;4;2;1
202200004894;805 275;7;15;0;2;16;1
202200004895;805 274;7;5;0;1;0;1
202200004896;805 276;50;0;2;1;1;3
202200004896;805 277;50;0;2;1;1;3
202200004897;805 271;7;0;1;0;1;0
202200004898;805 270;7;0;2;8;1;1
202200004898;805 272;7;0;2;1;1;1
202200004899;805 269;33;0;2;1;2;1
202200004899;805 273;21;0;0;5;1;1
202200004900;805 266;7;0;2;3;1;1
202200004900;805 268;7;0;2;1;1;1
202200004901;805 265;80;0;2;1;9;3
202200004901;805 267;7;0;2;2;1;1
202200004902;805 263;7;0;1;1;15;1
202200004903;805 261;7;4;0;2;1;1
202200004904;805 260;7;0;2;4;2;1
202200004904;805 262;7;0;2;4;2;1
202200004904;805 264;7;0;2;1;2;1
202200004905;805 258;7;0;9;2;9;2
202200004905;805 259;1;0;2;8;5;5
202200004906;805 257;7;13;0;9;13;1
202200004907;805 255;7;0;2;7;1;1
202200004907;805 256;1;0;2;1;26;5
202200004908;805 253;7;0;1;1;1;1
202200004909;805 251;7;4;2;9;1;1
202200004909;805 254;7;0;2;8;1;2
202200004910;805 250;33;0;2;1;17;1
202200004910;805 252;7;0;2;3;15;1
202200004911;805 248;7;0;1;6;4;1
202200004912;805 249;7;0;1;0;1;1
202200004913;805 246;7;0;2;1;1;1
202200004913;805 247;1;0;2;7;1;5
202200004914;805 243;7;0;9;3;22;1
202200004914;805 245;1;1;0;7;1;5
202200004915;805 242;33;0;2;2;1;1
202200004915;805 244;7;0;2;3;9;2
202200004916;805 240;7;0;2;2;1;1
202200004916;805 241;33;0;2;0;16;0
202200004917;805 238;7;0;0;2;1;1
202200004918;805 239;7;8;0;1;26;0
202200004919;805 237;33;0;0;8;1;1
202200004920;805 235;7;0;1;0;0;1
202200004921;805 234;7;0;9;0;1;1
202200004921;805 236;30;0;2;0;1;1
202200004922;805 231;32;0;2;1;3;1
202200004922;805 233;7;0;2;6;11;1
202200004923;805 229;7;0;2;3;16;1
202200004923;805 232;31;0;2;1;1;1
202200004924;805 224;7;0;1;3;1;1
202200004925;805 225;7;0;2;1;2;1
202200004925;805 227;7;0;2;4;2;1
202200004926;805 223;7;0;2;4;23;1
202200004926;805 226;7;0;2;1;23;1
202200004926;805 228;7;0;2;1;23;1
202200004926;805 230;37;0;2;1;1;1
202200004927;805 219;7;12;0;1;15;1
202200004928;805 220;7;0;2;3;22;1
202200004928;805 222;1;0;2;1;1;5
202200004929;805 218;7;3;2;1;1;1
202200004929;805 221;7;2;2;1;13;1
202200004930;805 215;7;0;2;1;2;1
202200004930;805 217;7;0;2;4;23;1
202200004931;805 216;7;0;1;7;1;0
202200004932;805 214;33;11;0;1;1;1
202200004933;805 211;7;0;2;8;22;1
202200004933;805 213;80;0;2;1;1;3
202200004934;805 208;7;0;2;3;1;1
202200004934;805 210;7;0;2;1;1;1
202200004934;805 212;7;0;2;1;13;1
202200004935;805 207;1;0;0;8;1;5
202200004935;805 209;7;0;0;0;15;1
202200004936;805 205;7;14;0;1;13;1
202200004937;805 204;7;0;2;3;3;1
202200004937;805 206;7;0;2;3;0;1
202200004938;805 203;7;0;1;7;14;1
202200004939;805 202;2;15;0;1;0;1
202200004940;805 200;33;0;0;0;1;1
202200004941;805 199;32;1;2;2;17;1
202200004941;805 201;7;0;2;3;9;1
202200004942;805 198;7;0;1;1;2;1
202200004943;805 194;7;0;2;1;1;1
202200004943;805 197;7;0;2;4;11;1
202200004944;805 193;7;8;0;8;13;1
202200004945;805 195;10;0;2;7;14;1
202200004945;805 196;1;0;2;8;1;5
202200004946;805 191;33;0;0;3;1;1
202200004947;805 189;7;0;2;2;15;1
202200004947;805 192;32;0;2;1;1;1
202200004948;805 187;7;0;2;2;1;1
202200004948;805 190;50;0;2;7;19;3
202200004949;805 186;33;0;2;5;21;1
202200004949;805 188;10;0;2;3;15;1
202200004950;805 185;7;0;0;9;1;1
202200004951;805 184;7;0;1;2;1;1
202200004952;805 183;7;3;0;8;1;1
202200004953;805 182;7;0;1;3;1;1
202200004954;805 180;7;0;0;3;26;1
202200004955;805 178;7;0;2;8;15;2
202200004955;805 181;32;0;2;1;17;1
202200004956;805 174;7;0;1;1;1;1
202200004957;805 175;33;0;2;7;1;1
202200004957;805 177;7;0;2;3;15;1
202200004958;805 173;7;0;0;4;2;1
202200004958;805 176;2;14;0;1;2;1
202200004959;805 171;7;0;2;0;15;1
202200004959;805 172;31;0;2;7;17;1
202200004960;805 168;30;0;2;1;9;1
202200004960;805 170;7;0;2;3;9;1
202200004961;805 169;7;2;0;8;1;1
202200004962;805 166;7;0;2;3;17;1
202200004962;805 167;31;0;2;7;15;1
202200004963;805 162;7;0;0;6;2;1
202200004963;805 164;33;1;2;1;2;1
202200004964;805 163;7;0;2;3;13;1
202200004964;805 165;1;0;2;1;13;5
202200004965;805 160;10;0;2;1;2;1
202200004965;805 161;7;0;2;4;23;1
202200004966;805 159;7;17;0;3;13;1
202200004967;805 157;7;0;2;1;1;1
202200004967;805 158;7;0;2;4;1;1
202200004968;805 154;33;0;2;1;17;1
202200004968;805 155;7;0;2;3;15;1
202200004969;805 153;10;0;2;8;1;1
202200004969;805 156;32;0;2;1;1;1
202200004970;805 152;50;0;0;0;0;3
202200004971;805 150;14;0;1;6;15;1
202200004972;805 149;7;0;2;4;20;1
202200004972;805 151;7;0;2;1;1;1
202200004973;805 147;7;0;2;1;1;1
202200004973;805 148;7;0;2;7;13;1
202200004974;805 144;7;0;2;1;19;1
202200004974;805 145;7;0;2;8;19;1
202200004975;805 142;7;0;2;0;0;1
202200004975;805 143;7;0;2;2;1;1
202200004976;805 140;7;0;0;6;2;1
202200004976;805 141;7;0;2;2;2;1
202200004977;805 138;7;3;0;8;1;1
202200004978;805 137;33;0;2;1;2;1
202200004978;805 139;7;0;2;4;1;1
202200004979;805 135;7;0;0;9;13;1
202200004980;805 134;50;0;2;1;2;3
202200004980;805 136;7;0;2;3;16;1
202200004981;805 133;34;11;0;0;1;1
202200004982;805 131;7;0;2;1;16;1
202200004982;805 132;7;0;2;7;15;3
202200004983;805 130;33;0;0;0;23;1
202200004984;805 126;99;0;2;2;12;0
202200004984;805 128;1;0;2;3;1;5
202200004985;805 127;10;0;2;3;2;1
202200004985;805 129;32;0;2;2;1;1
202200004986;805 124;7;0;1;1;1;1
202200004987;805 122;33;0;2;8;1;1
202200004987;805 123;7;0;2;3;15;1
202200004987;805 125;7;0;0;8;23;1
202200004988;805 121;14;0;1;7;0;0
202200004989;805 119;21;0;2;4;1;1
202200004989;805 120;10;0;2;1;2;1
202200004990;805 116;7;0;0;0;0;0
202200004990;805 118;30;0;2;1;1;1
202200004991;805 115;10;0;2;3;13;1
202200004991;805 117;7;0;2;3;1;1
202200004992;805 113;2;6;0;1;0;1
202200004993;805 112;7;0;2;4;2;2
202200004993;805 114;10;0;2;1;2;1
202200004994;805 111;7;0;1;4;24;1
202200004995;805 110;7;0;1;7;1;2
202200004996;805 109;2;11;0;1;1;1
202200004997;805 107;33;3;0;0;1;1
202200004998;805 106;99;0;2;1;1;3
202200004998;805 108;7;0;2;5;1;2
202200004999;805 104;1;0;2;8;1;5
202200004999;805 105;7;0;2;2;17;1
202200005000;805 101;32;0;2;0;0;1
202200005000;805 103;7;0;2;3;1;1
202200005001;805 100;33;0;2;1;1;1
202200005001;805 102;33;0;2;1;17;1
202200005002;805 098;50;0;2;1;2;3
202200005002;805 099;34;0;2;8;15;1
202200005003;805 097;7;0;1;0;15;1
202200005004;805 096;7;0;1;1;1;1
202200005005;805 095;32;0;1;2;1;3
202200005006;805 094;2;0;6;1;1;1
202200005007;805 092;30;0;2;1;2;1
202200005007;805 093;7;0;0;4;2;1
202200005008;805 091;7;0;9;1;2;1
202200005009;805 088;7;15;0;7;14;1
202200005010;805 089;10;0;2;7;6;1
202200005010;805 090;30;0;2;1;3;1
202200005011;805 086;7;0;1;2;1;1
202200005012;805 085;7;0;2;4;1;1
202200005012;805 087;7;0;2;4;1;1
202200005013;805 081;7;0;0;1;1;1
202200005013;805 084;7;1;2;1;5;1
202200005014;805 078;7;0;2;0;0;1
202200005014;805 079;10;0;2;4;1;1
202200005014;805 080;7;0;2;4;2;1
202200005014;805 082;7;0;2;4;2;1
202200005014;805 083;7;0;2;1;1;1
202200005015;805 077;7;0;1;1;1;1
202200005016;805 075;33;0;1;0;17;1
202200005017;805 072;7;0;2;5;2;2
202200005017;805 073;33;0;2;1;2;1
202200005017;805 074;33;0;2;1;2;0
202200005017;805 076;10;0;2;7;2;1
202200005018;805 071;2;0;0;0;0;1
202200005019;805 069;7;2;0;1;1;1
202200005020;805 068;7;0;2;4;2;1
202200005020;805 070;7;0;2;1;2;1
202200005021;805 066;33;0;0;9;9;1
202200005022;805 065;7;0;2;3;14;1
202200005022;805 067;7;0;2;6;2;1
202200005023;805 064;7;13;0;2;14;1
202200005024;805 059;7;0;2;4;2;1
202200005024;805 061;7;0;2;4;2;1
202200005024;805 062;7;0;2;1;2;1
202200005024;805 063;7;0;2;1;2;1
202200005025;805 057;7;0;2;3;1;1
202200005025;805 058;7;0;2;3;21;2
202200005025;805 060;7;0;2;3;9;1
202200005026;805 056;33;16;0;7;1;1
202200005027;805 055;7;8;0;1;1;1
202200005028;805 053;7;0;2;0;0;1
202200005028;805 054;7;0;2;0;0;1
202200005029;805 050;7;0;2;3;1;1
202200005029;805 052;20;0;0;6;1;1
202200005030;805 049;7;0;2;6;1;1
202200005030;805 051;7;0;2;1;1;1
202200005031;805 047;7;4;0;1;1;1
202200005032;805 048;3;8;0;2;1;1
202200005033;805 042;7;0;2;4;1;1
202200005033;805 045;7;0;2;1;1;1
202200005034;805 043;7;0;2;5;9;1
202200005034;805 046;33;0;2;1;1;1
202200005035;805 041;7;1;0;1;2;1
202200005035;805 044;7;0;0;4;23;1
202200005036;805 040;7;3;0;3;1;2
202200005037;805 038;2;0;0;0;0;1
202200005038;805 034;33;0;2;1;7;1
202200005038;805 037;7;0;2;7;16;1
202200005039;805 036;10;0;2;6;1;1
202200005039;805 039;7;0;2;1;13;1
202200005040;805 033;33;0;2;1;1;1
202200005040;805 035;7;0;2;8;15;1
202200005041;805 028;7;0;2;3;1;1
202200005041;805 030;50;0;2;1;1;3
202200005042;805 025;10;0;2;1;1;1
202200005042;805 027;7;13;2;6;1;1
202200005042;805 029;7;0;2;1;1;1
202200005043;805 024;7;0;2;1;15;1
202200005043;805 026;31;0;2;7;1;1
202200005044;805 023;7;12;0;2;21;1
202200005045;805 019;2;0;2;1;3;1
202200005045;805 021;7;0;2;3;15;1
202200005046;805 018;7;3;2;3;1;1
202200005046;805 020;14;1;0;4;1;1
202200005046;805 022;7;14;0;1;1;1
202200005047;805 017;7;0;2;1;15;1
202200005048;805 015;7;0;2;1;19;1
202200005048;805 016;1;0;2;7;1;5
202200005049;805 013;15;0;2;1;1;1
202200005049;805 014;7;0;2;1;13;1
202200005050;805 010;0;0;2;0;0;0
202200005050;805 011;10;0;2;3;15;1
202200005051;805 005;7;8;0;2;1;1
202200005052;805 004;7;0;2;4;2;1
202200005052;805 006;7;0;2;4;2;1
202200005052;805 008;7;0;2;4;26;1
202200005052;805 012;7;1;0;1;26;1
202200005053;804 999;32;0;2;8;1;1
202200005053;805 002;7;0;2;3;15;1
202200005054;804 998;7;0;2;1;5;1
202200005054;805 001;7;0;2;1;1;1
202200005054;805 003;7;0;2;1;1;1
202200005055;804 997;30;0;2;1;9;1
202200005055;805 000;7;16;0;0;0;0
202200005056;804 996;7;0;1;3;1;1
202200005057;804 991;2;0;0;1;1;1
202200005057;804 994;7;0;2;1;15;1
202200005058;804 990;3;0;2;1;2;1
202200005058;804 993;3;0;2;5;16;1
202200005059;804 988;2;0;0;6;5;1
202200005059;804 989;7;0;2;3;1;1
202200005060;804 987;7;0;1;2;1;1
202200005061;804 985;1;0;2;4;16;5
202200005061;804 986;7;0;2;2;14;1
202200005062;804 983;7;0;1;1;1;1
202200005063;804 982;7;0;2;2;19;1
202200005063;804 984;31;0;2;1;1;1
202200005064;804 981;7;0;0;0;1;1
202200005065;804 979;7;2;9;1;1;1
202200005066;804 978;7;0;0;1;1;1
202200005067;804 977;7;0;2;1;1;1
202200005067;804 980;7;0;2;2;9;1
202200005068;804 975;1;0;2;7;1;5
202200005068;804 976;7;0;9;1;9;1
202200005069;804 974;7;15;0;1;14;1
202200005070;804 972;10;4;0;3;1;1
202200005071;804 967;7;0;2;1;2;1
202200005071;804 969;7;10;2;3;1;1
202200005071;804 970;7;0;2;3;13;1
202200005072;804 965;30;0;2;8;15;1
202200005072;804 968;7;0;2;1;1;1
202200005073;804 963;7;4;2;2;14;1
202200005073;804 966;10;0;2;9;1;1
202200005074;804 962;2;7;0;1;14;1
202200005075;804 958;50;0;2;1;1;3
202200005075;804 960;7;0;2;1;9;1
202200005076;804 957;7;0;2;1;2;1
202200005076;804 959;7;0;2;4;1;1
202200005077;804 955;7;0;1;2;1;1
202200005078;804 951;2;0;0;0;1;1
202200005079;804 949;7;13;0;1;0;1
202200005080;804 948;33;0;2;8;1;1
202200005080;804 952;7;0;2;1;12;1
202200005081;804 946;7;2;0;1;1;1
202200005082;804 945;7;0;2;1;1;1
202200005082;804 947;7;0;2;4;0;3
202200005083;804 942;31;0;2;1;21;1
202200005083;804 944;80;0;2;4;10;3
202200005084;804 940;7;0;2;1;2;2
202200005084;804 941;7;0;2;4;2;1
202200005084;804 943;7;0;2;4;1;2