Num_Acc;id_vehicule;catv;obs;obsm;choc;manv;motor
202200005874;803 538;10;0;2;7;15;1
202200005874;803 540;33;0;2;1;1;1
202200005875;803 537;7;2;0;9;14;1
202200005876;803 535;33;0;2;1;17;1
202200005876;803 536;7;0;0;6;17;1
202200005877;803 533;31;0;2;1;1;1
202200005877;803 534;7;0;2;7;1;1
202200005878;803 529;7;0;2;3;5;1
202200005878;803 530;7;0;2;0;1;1
202200005878;803 532;15;0;2;3;1;1
202200005879;803 531;7;0;1;3;15;1
202200005880;803 528;7;0;1;1;1;2
202200005881;803 527;7;13;0;9;1;1
202200005882;803 524;7;0;9;0;0;1
202200005882;803 526;7;0;2;1;2;1
202200005883;803 523;35;0;0;0;0;0
202200005884;803 525;7;2;0;2;14;1
202200005885;803 522;7;16;0;9;1;1
202200005886;803 520;7;13;0;3;0;1
202200005887;803 519;7;0;2;2;1;1
202200005887;803 521;7;0;2;3;15;1
202200005888;803 518;31;6;0;3;0;1
202200005889;803 517;33;13;0;0;0;1
202200005890;803 515;7;0;1;8;0;1
202200005891;803 514;34;0;0;0;1;1
202200005892;803 513;10;0;1;1;1;1
202200005893;803 511;37;0;1;2;15;1
202200005894;803 510;10;0;2;3;1;1
202200005894;803 512;7;0;2;3;13;1
202200005895;803 509;2;14;0;1;0;1
202200005896;803 508;7;0;1;5;1;1
202200005897;803 506;7;15;0;3;0;1
202200005898;803 505;7;0;2;4;1;1
202200005898;803 507;7;0;2;1;1;1
202200005899;803 504;7;0;1;3;1;1
202200005900;803 502;7;0;2;1;2;1
202200005900;803 503;7;0;2;4;2;1
202200005901;803 500;7;15;1;1;1;1
202200005902;803 498;17;0;0;4;23;1
202200005902;803 499;10;1;0;1;1;1
202200005902;803 501;7;0;0;8;21;1
202200005903;803 495;7;0;2;1;1;1
202200005903;803 497;7;0;2;1;1;1
202200005904;803 494;33;0;2;5;2;1
202200005904;803 496;33;0;2;3;21;1
202200005905;803 493;7;16;0;1;14;1
202200005906;803 489;7;0;2;0;1;1
202200005906;803 491;7;0;2;3;1;1
202200005906;803 492;7;0;2;1;5;1
202200005907;803 487;50;0;0;4;23;3
202200005907;803 488;2;0;2;1;1;1
202200005908;803 486;7;0;1;1;26;1
202200005909;803 485;7;2;0;9;1;2
202200005910;803 481;7;8;0;8;15;1
202200005910;803 482;33;0;2;2;17;1
202200005911;803 483;1;2;2;1;13;5
202200005911;803 484;7;0;2;2;1;1
202200005912;803 478;10;3;2;3;0;1
202200005912;803 480;7;0;2;3;0;1
202200005913;803 477;7;1;0;8;26;1
202200005913;803 479;7;0;2;1;1;1
202200005914;803 474;32;0;2;1;1;1
202200005914;803 476;7;0;0;8;19;1
202200005915;803 473;33;0;2;1;1;1
202200005915;803 475;7;0;2;3;5;1
202200005916;803 472;2;13;0;0;1;1
202200005917;803 469;7;0;2;4;23;1
202200005917;803 470;7;0;2;1;1;1
202200005918;803 468;2;0;2;8;1;1
202200005918;803 471;7;0;2;1;15;1
202200005919;803 466;50;0;2;1;26;3
202200005919;803 467;15;0;2;7;26;1
202200005920;803 465;7;0;1;1;15;0
202200005921;803 463;7;0;2;7;15;1
202200005921;803 464;2;0;2;1;1;1
202200005922;803 460;7;13;0;4;16;0
202200005922;803 462;10;0;0;1;1;0
202200005923;803 459;31;0;2;1;13;1
202200005923;803 461;7;0;2;1;1;1
202200005924;803 456;7;0;2;3;1;1
202200005924;803 458;2;0;2;1;26;1
202200005925;803 455;7;0;2;1;1;1
202200005925;803 457;7;0;2;1;13;1
202200005926;803 452;33;0;0;1;2;1
202200005926;803 453;7;0;0;4;23;1
202200005927;803 454;7;0;1;5;20;1
202200005928;803 451;33;13;0;1;1;1
202200005929;803 450;31;0;0;3;1;1
202200005930;803 448;21;15;0;9;1;1
202200005931;803 445;16;0;2;7;12;1
202200005931;803 446;7;0;2;8;1;1
202200005932;803 443;7;0;2;1;2;1
202200005932;803 444;7;0;2;4;1;1
202200005933;803 439;30;0;2;1;1;0
202200005933;803 441;30;0;2;6;19;0
202200005934;803 436;7;0;2;7;1;1
202200005934;803 437;2;0;2;1;9;0
202200005935;803 435;7;0;2;1;2;1
202200005935;803 438;7;0;2;6;1;1
202200005935;803 440;7;0;2;7;1;1
202200005935;803 442;7;0;2;7;1;1
202200005936;803 432;10;0;2;5;1;1
202200005936;803 434;7;4;2;1;14;1
202200005937;803 431;7;0;2;6;15;1
202200005937;803 433;31;0;2;1;1;1
202200005938;803 428;31;0;2;0;0;1
202200005938;803 430;7;0;2;0;11;1
202200005939;803 427;30;0;2;1;1;1
202200005939;803 429;7;0;2;1;13;0
202200005940;803 425;7;0;2;1;2;1
202200005940;803 426;7;0;2;4;2;1
202200005941;803 424;7;2;0;2;1;1
202200005942;803 422;33;0;2;3;17;1
202200005942;803 423;7;0;2;3;17;1
202200005943;803 420;7;0;2;3;1;0
202200005943;803 421;7;0;2;6;9;1
202200005944;803 419;7;12;0;1;16;1
202200005945;803 417;7;0;2;6;2;1
202200005945;803 418;7;0;2;7;17;1
202200005946;803 416;7;17;0;1;13;1
202200005947;803 415;80;12;0;0;13;3
202200005948;803 414;32;0;0;7;1;3
202200005949;803 412;30;0;2;1;2;3
202200005949;803 413;10;0;2;6;4;1
202200005950;803 411;7;9;1;1;21;2
202200005951;803 409;7;0;2;3;1;3
202200005951;803 410;50;0;2;1;9;3
202200005952;803 407;7;0;2;3;15;1
202200005952;803 408;30;0;2;2;17;3
202200005953;803 405;14;0;2;4;1;1
202200005953;803 406;31;0;2;1;1;1
202200005954;803 404;30;0;1;1;1;3
202200005955;803 402;7;0;2;3;1;1
202200005955;803 403;10;0;2;8;1;1
202200005956;803 401;1;12;0;0;14;5
202200005957;803 399;30;0;2;1;1;1
202200005957;803 400;7;0;2;3;1;1
202200005958;803 397;7;0;2;3;13;2
202200005958;803 398;30;0;2;2;1;3
202200005959;803 396;1;0;2;0;1;5
202200005960;803 394;15;0;2;7;1;1
202200005960;803 395;7;0;2;6;23;1
202200005961;803 392;7;0;9;0;0;1
202200005961;803 393;33;0;2;2;0;1
202200005962;803 390;10;0;9;3;1;1
202200005962;803 391;99;0;2;2;1;3
202200005963;803 388;7;0;2;3;1;2
202200005963;803 389;30;0;2;1;15;1
202200005964;803 386;7;0;2;4;1;1
202200005964;803 387;0;0;2;0;0;-1
202200005965;803 384;1;0;2;1;1;5
202200005965;803 385;7;0;2;5;4;1
202200005966;803 382;10;0;2;7;16;1
202200005966;803 383;1;0;2;1;1;5
202200005967;803 380;33;0;2;6;26;1
202200005967;803 381;7;0;0;6;2;1
202200005968;803 379;50;0;1;1;1;3
202200005969;803 377;7;0;2;3;15;1
202200005969;803 378;34;0;2;3;1;1
202200005970;803 375;7;0;1;3;1;2
202200005971;803 373;1;0;2;1;2;5
202200005971;803 374;10;0;0;4;23;1
202200005972;803 372;33;13;0;2;1;1
202200005973;803 371;7;0;1;2;1;1
202200005974;803 370;7;13;0;1;1;1
202200005975;803 367;7;0;1;1;1;1
202200005976;803 368;1;0;2;1;1;5
202200005976;803 369;10;0;9;7;1;1
202200005977;803 364;43;0;2;1;2;1
202200005977;803 366;7;0;0;4;15;1
202200005978;803 363;7;0;2;3;5;1
202200005978;803 365;2;0;2;1;1;3
202200005979;803 361;7;0;2;6;1;1
202200005979;803 362;7;9;2;3;1;1
202200005980;803 357;7;0;2;7;17;1
202200005980;803 359;1;0;2;3;13;5
202200005981;803 358;1;0;2;0;2;5
202200005981;803 360;7;0;2;4;23;0
202200005982;803 354;15;0;2;3;13;1
202200005982;803 356;7;0;2;1;1;1
202200005983;803 353;32;0;2;1;18;1
202200005983;803 355;7;0;2;5;16;1
202200005984;803 351;7;0;0;6;15;1
202200005984;803 352;2;0;2;1;2;1
202200005985;803 349;7;0;0;2;21;6
202200005985;803 350;2;0;2;1;19;1
202200005986;803 345;7;2;0;3;14;1
202200005987;803 344;7;0;2;4;1;1
202200005987;803 346;7;0;2;1;2;1
202200005987;803 347;7;0;0;4;2;1
202200005987;803 348;15;0;2;3;1;1
202200005988;803 341;33;0;0;2;1;1
202200005988;803 343;14;0;9;0;1;1
202200005989;803 340;7;0;1;1;1;1
202200005990;803 338;7;0;1;1;1;1
202200005991;803 337;7;0;2;2;15;1
202200005991;803 339;2;0;2;1;1;1
202200005992;803 336;33;5;0;1;1;1
202200005993;803 333;31;0;2;1;5;1
202200005993;803 335;7;0;2;1;0;1
202200005994;803 331;31;0;0;0;1;1
202200005995;803 328;16;0;0;0;1;1
202200005995;803 330;7;1;2;2;14;1
202200005996;803 327;10;0;2;1;1;1
202200005996;803 329;10;0;2;7;1;1
202200005997;803 325;33;12;0;8;1;1
202200005998;803 324;7;0;2;1;1;1
202200005998;803 326;10;0;2;1;1;1
202200005999;803 322;2;0;0;9;14;1
202200006000;803 321;15;0;9;5;1;1
202200006000;803 323;1;0;2;1;9;5
202200006001;803 318;7;0;0;1;1;1
202200006001;803 320;7;0;0;6;13;1
202200006002;803 317;10;0;2;1;2;1
202200006002;803 319;7;0;2;4;2;1
202200006003;803 316;33;0;0;7;2;1
202200006004;803 314;7;0;2;1;2;1
202200006004;803 315;7;0;2;4;2;1
202200006005;803 312;33;0;1;1;18;1
202200006006;803 310;7;0;2;6;9;1
202200006006;803 311;7;0;2;1;1;1
202200006006;803 313;15;0;2;2;1;1
202200006007;803 309;3;0;1;1;1;1
202200006008;803 307;33;0;2;3;3;1
202200006008;803 308;10;0;2;0;0;0
202200006009;803 305;10;0;1;1;1;1
202200006010;803 303;7;0;2;1;1;1
202200006010;803 304;7;0;0;0;0;1
202200006010;803 306;7;0;0;0;0;1
202200006011;803 301;7;0;0;9;1;1
202200006012;803 300;7;0;2;3;1;1
202200006012;803 302;7;0;2;7;15;1
202200006013;803 299;7;0;9;1;1;1
202200006014;803 296;31;0;2;3;3;1
202200006014;803 297;7;0;2;5;12;1
202200006014;803 298;10;0;2;0;1;1
202200006015;803 294;7;0;0;2;17;1
202200006015;803 295;7;0;2;3;13;1
202200006016;803 290;7;0;0;6;1;1
202200006016;803 291;7;0;0;6;1;1
202200006016;803 292;7;0;0;1;1;1
202200006016;803 293;7;0;2;1;11;1
202200006017;803 289;7;2;0;1;1;0
202200006018;803 285;33;0;2;8;3;1
202200006018;803 287;17;0;2;7;2;1
202200006018;803 288;7;0;2;6;1;1
202200006019;803 286;7;13;0;1;1;1
202200006020;803 283;7;2;0;1;13;1
202200006021;803 281;7;0;2;1;1;1
202200006021;803 282;7;0;2;6;1;1
202200006021;803 284;7;0;2;2;1;1
202200006022;803 280;10;8;0;3;13;1
202200006023;803 279;7;3;0;2;14;1
202200006024;803 276;10;0;2;4;2;1
202200006024;803 278;10;0;2;1;2;1
202200006025;803 277;7;2;0;2;1;1
202200006026;803 273;15;0;2;2;1;1
202200006026;803 275;7;0;2;8;11;1
202200006027;803 272;7;0;2;1;1;1
202200006027;803 274;7;0;2;3;13;1
202200006028;803 270;7;0;2;8;11;1
202200006028;803 271;33;0;2;7;3;1
202200006029;803 268;7;0;2;1;5;1
202200006029;803 269;37;4;2;3;1;6
202200006030;803 267;1;0;0;0;1;5
202200006031;803 264;33;0;2;0;0;1
202200006031;803 266;7;0;2;8;20;1
202200006032;803 263;7;0;2;1;0;1
202200006032;803 265;7;0;2;1;13;1
202200006033;803 262;3;0;0;9;13;1
202200006034;803 257;34;0;2;3;1;1
202200006034;803 259;50;0;2;7;19;3
202200006035;803 258;7;0;2;1;2;1
202200006035;803 260;7;0;2;4;2;1
202200006035;803 261;7;0;2;4;2;1
202200006036;803 255;33;13;0;2;1;1
202200006037;803 254;7;0;2;6;1;1
202200006037;803 256;30;0;1;1;16;1
202200006038;803 252;7;0;2;3;13;1
202200006038;803 253;7;0;2;3;0;1
202200006039;803 250;7;1;1;1;1;1
202200006040;803 247;38;0;2;1;1;1
202200006040;803 249;7;0;2;1;13;1
202200006041;803 245;33;0;2;7;17;1
202200006041;803 246;7;0;2;3;10;1
202200006042;803 242;10;0;2;1;19;1
202200006042;803 244;7;3;2;1;1;1
202200006043;803 241;33;0;2;0;0;1
202200006043;803 243;7;0;2;0;0;1
202200006044;803 238;7;7;0;0;0;1
202200006045;803 239;7;13;2;1;2;1
202200006045;803 240;7;0;0;6;2;1
202200006046;803 236;2;0;2;2;1;1
202200006046;803 237;7;0;2;2;1;1
202200006047;803 234;10;0;2;1;2;1
202200006047;803 235;7;3;2;4;2;1
202200006048;803 232;7;0;2;0;15;1
202200006048;803 233;2;0;2;1;17;1
202200006049;803 231;7;2;0;5;17;1
202200006050;803 230;7;0;1;1;1;1
202200006051;803 229;10;0;1;1;19;1
202200006052;803 228;1;0;1;1;1;5
202200006053;803 225;33;0;2;1;1;1
202200006053;803 227;7;0;0;6;1;3
202200006054;803 224;7;0;2;8;0;1
202200006054;803 226;7;0;2;1;1;2
202200006055;803 221;7;0;2;1;1;1
202200006055;803 223;7;0;2;7;26;1
202200006056;803 219;7;0;2;1;1;1
202200006056;803 220;7;0;2;4;23;1
202200006056;803 222;7;0;0;4;23;1
202200006057;803 216;10;0;2;1;0;1
202200006057;803 217;10;0;2;4;0;1
202200006057;803 218;7;0;2;1;2;1
202200006058;803 212;7;0;9;1;1;1
202200006058;803 213;50;0;2;8;19;3
202200006059;803 214;33;0;0;1;1;1
202200006059;803 215;7;0;0;7;15;1
202200006060;803 209;7;0;2;1;1;1
202200006060;803 211;10;0;2;6;1;1
202200006061;803 210;7;16;0;0;21;1
202200006062;803 207;33;0;2;3;18;1
202200006062;803 208;15;0;2;2;16;1
202200006063;803 206;7;0;1;3;1;1
202200006064;803 204;7;2;0;2;1;1
202200006065;803 203;7;0;2;2;19;1
202200006065;803 205;7;0;2;8;1;1
202200006066;803 202;7;13;0;2;26;1
202200006067;803 199;7;0;2;1;9;1
202200006067;803 201;7;0;2;5;1;1
202200006068;803 197;7;0;1;1;15;1
202200006069;803 195;7;0;2;1;2;1
202200006069;803 196;99;0;9;4;1;0
202200006070;803 193;7;0;2;3;1;0
202200006070;803 194;7;0;2;3;5;1
202200006071;803 192;7;15;0;1;14;1
202200006072;803 191;7;0;1;3;1;1
202200006073;803 190;7;3;0;1;1;1
202200006074;803 189;7;0;1;3;15;1
202200006075;803 186;7;0;2;1;2;1
202200006075;803 187;7;0;2;4;2;1
202200006076;803 185;7;0;1;2;1;1
202200006077;803 181;7;0;2;1;1;1
202200006077;803 182;7;0;2;4;1;1
202200006078;803 180;7;1;2;2;1;2
202200006078;803 183;17;0;2;6;24;0
202200006078;803 184;10;0;2;1;1;1
202200006079;803 177;2;0;2;6;9;1
202200006079;803 179;2;0;2;6;1;1
202200006080;803 178;7;4;0;3;1;1
202200006081;803 173;7;0;2;1;1;1
202200006081;803 175;7;0;2;4;1;1
202200006082;803 174;50;0;2;1;1;3
202200006082;803 176;7;0;2;6;15;1
202200006083;803 171;7;0;1;2;1;1
202200006084;803 170;7;0;2;5;2;1
202200006084;803 172;43;0;2;1;3;1
202200006085;803 169;7;0;1;1;1;0
202200006086;803 165;39;0;1;1;1;3
202200006087;803 166;15;0;2;8;1;1
202200006087;803 167;7;0;2;5;1;1
202200006087;803 168;33;0;2;8;3;1
202200006088;803 162;7;0;2;8;15;1
202200006088;803 164;33;0;2;1;1;1
202200006089;803 161;7;0;2;1;1;1
202200006089;803 163;7;0;2;4;1;2
202200006090;803 159;7;0;1;6;1;1
202200006091;803 160;7;4;0;8;13;1
202200006092;803 158;7;0;1;1;1;1
202200006093;803 156;7;0;2;4;2;1
202200006093;803 157;7;0;2;1;2;1
202200006094;803 154;10;0;2;2;1;1
202200006094;803 155;31;0;2;2;1;1
202200006095;803 153;7;0;2;9;1;1
202200006096;803 148;7;0;2;1;1;1
202200006096;803 150;7;0;2;3;1;1
202200006096;803 152;7;0;2;1;13;1
202200006097;803 146;7;0;2;4;1;1
202200006097;803 147;7;0;2;4;1;1
202200006097;803 149;10;0;2;4;1;1
202200006097;803 151;14;0;2;1;1;1
202200006098;803 145;50;0;9;1;1;3
202200006099;803 144;7;0;9;3;2;1
202200006100;803 143;7;0;0;1;1;1
202200006101;803 141;7;0;2;2;2;1
202200006101;803 142;1;0;2;4;2;5
202200006102;803 140;32;1;0;5;1;1
202200006103;803 139;33;0;0;1;11;1
202200006104;803 137;7;0;2;9;16;1
202200006104;803 138;7;0;2;9;1;1
202200006105;803 135;7;0;2;0;23;0
202200006105;803 136;7;0;2;1;1;0
202200006106;803 133;7;0;2;8;19;1
202200006106;803 134;30;0;2;7;1;1
202200006107;803 131;10;0;9;1;15;1
202200006107;803 132;50;0;9;1;15;3
202200006108;803 129;7;0;2;3;15;1
202200006108;803 130;7;1;2;2;1;1
202200006109;803 127;7;0;1;2;0;1
202200006110;803 126;7;1;2;7;22;1
202200006110;803 128;60;1;2;1;26;5
202200006111;803 124;7;0;2;1;1;1
202200006111;803 125;7;8;2;1;1;1
202200006112;803 122;50;0;2;0;0;3
202200006112;803 123;7;0;2;1;15;1
202200006113;803 121;7;0;1;2;15;1
202200006114;803 119;1;0;2;4;17;5
202200006114;803 120;80;0;2;1;17;3
202200006115;803 117;31;0;2;7;1;3
202200006115;803 118;7;0;2;8;15;1
202200006116;803 114;7;0;2;1;2;1
202200006116;803 115;7;0;2;4;15;1
202200006117;803 112;7;6;0;3;1;1
202200006118;803 111;7;0;2;4;2;1
202200006118;803 113;7;0;2;1;2;1
202200006119;803 108;7;0;2;1;18;1
202200006119;803 110;1;0;2;4;1;5
202200006120;803 104;7;0;2;1;13;1
202200006120;803 106;10;0;2;1;1;1
202200006121;803 103;7;0;2;4;23;1
202200006121;803 105;7;0;2;4;23;1
202200006121;803 107;7;0;2;4;23;1
202200006121;803 109;7;0;2;1;2;1
202200006122;803 101;33;0;2;4;1;1
202200006122;803 102;7;0;2;1;1;1
202200006123;803 099;33;0;2;1;2;1
202200006123;803 100;33;0;2;4;2;1
202200006124;803 098;2;0;0;0;0;1
202200006125;803 094;80;0;2;1;1;3
202200006125;803 097;7;0;2;1;15;1
202200006126;803 093;7;0;2;5;15;1
202200006126;803 095;7;0;2;1;5;1
202200006126;803 096;33;0;2;1;21;1
202200006127;803 091;7;1;0;3;9;1
202200006128;803 092;30;0;1;1;1;1
202200006129;803 090;7;0;1;1;20;1
202200006130;803 088;32;0;2;8;1;1
202200006130;803 089;7;0;2;3;15;0
202200006131;803 086;33;0;2;1;15;1
202200006131;803 087;33;0;2;1;1;1
202200006132;803 084;30;0;2;2;1;3
202200006132;803 085;7;0;2;2;15;2
202200006133;803 082;2;0;2;1;2;1
202200006133;803 083;7;0;2;3;15;1
202200006134;803 080;1;0;2;8;1;5
202200006134;803 081;7;0;2;1;15;1
202200006135;803 079;30;0;0;7;15;1
202200006136;803 075;7;0;2;8;9;1
202200006136;803 077;50;0;2;1;1;3
202200006137;803 076;7;0;2;3;10;1
202200006137;803 078;33;0;2;1;17;1
202200006138;803 074;7;2;0;9;1;1
202200006139;803 072;43;0;2;1;1;1
202200006139;803 073;30;0;2;7;16;1
202200006140;803 069;7;0;2;8;1;1
202200006140;803 070;7;0;2;8;11;1
202200006140;803 071;33;0;2;7;17;1
202200006141;803 065;7;0;2;3;15;1
202200006141;803 067;33;0;2;1;1;1
202200006142;803 066;2;0;2;1;1;1
202200006142;803 068;7;0;2;6;15;1
202200006143;803 061;7;0;2;3;15;1
202200006143;803 064;1;0;2;1;1;5
202200006144;803 062;10;0;2;2;1;0
202200006144;803 063;1;0;2;3;1;5
202200006145;803 060;10;1;0;1;1;1
202200006146;803 058;10;0;2;2;1;3
202200006146;803 059;30;0;2;1;1;3
202200006147;803 057;10;-1;1;-1;-1;-1
202200006148;803 055;1;0;2;4;1;5
202200006148;803 056;33;0;2;1;1;1
202200006149;803 052;10;0;2;1;15;1
202200006149;803 054;7;0;2;8;1;1
202200006150;803 051;50;0;0;8;16;3
202200006151;803 049;37;0;2;8;1;1
202200006151;803 050;7;0;2;0;17;0
202200006152;803 048;7;0;1;2;1;1
202200006153;803 045;10;0;2;1;1;1
202200006153;803 047;7;0;2;7;1;1
202200006154;803 044;32;0;2;1;1;3
202200006154;803 046;2;0;2;4;23;3
202200006155;803 043;7;6;0;1;1;1
202200006156;803 041;50;0;2;2;15;3
202200006156;803 042;33;0;2;1;1;1
202200006157;803 038;31;0;2;1;1;1
202200006157;803 040;7;0;2;3;13;1
202200006158;803 037;50;0;2;8;1;3
202200006158;803 039;10;0;2;7;16;1
202200006159;803 036;32;0;0;8;1;1
202200006160;803 033;7;0;2;6;24;2
202200006160;803 035;30;0;2;1;18;3
202200006161;803 032;7;0;2;7;13;1
202200006161;803 034;32;0;2;1;1;1
202200006162;803 029;7;0;2;3;15;1
202200006162;803 030;32;0;2;1;17;1
202200006163;803 028;7;0;2;3;1;1
202200006163;803 031;7;0;2;3;1;1
202200006164;803 025;37;0;2;5;1;2
202200006164;803 027;50;14;2;8;16;3
202200006165;803 024;7;0;2;8;15;1
202200006165;803 026;7;0;2;1;1;1
202200006166;803 023;60;14;1;1;1;5
202200006167;803 022;36;8;0;2;1;1
202200006168;803 020;7;0;0;1;1;1
202200006169;803 019;7;0;2;1;21;1
202200006169;803 021;31;0;2;0;17;0
202200006170;803 018;50;0;0;0;26;3
202200006171;803 014;7;0;2;0;0;1
202200006171;803 015;10;0;2;0;0;1
202200006171;803 016;7;0;2;3;0;2
202200006171;803 017;7;0;2;1;0;2
202200006172;803 012;1;0;2;1;1;5
202200006172;803 013;7;0;2;2;15;1
202200006173;803 010;1;0;2;8;1;5
202200006173;803 011;7;0;9;0;0;0
202200006174;803 007;7;0;2;3;1;1
202200006174;803 009;7;0;2;3;13;1
202200006175;803 006;60;0;2;0;13;5
202200006175;803 008;7;0;2;7;1;1
202200006176;803 003;7;4;0;2;1;1
202200006177;803 001;7;1;0;3;1;1
202200006177;803 002;7;12;2;3;21;3
202200006178;802 999;17;0;2;8;0;1
202200006178;803 000;7;0;2;3;5;1
202200006179;802 997;7;0;2;2;16;1
202200006179;802 998;33;0;2;8;18;1
202200006180;802 995;7;1;1;7;0;0
202200006181;802 994;1;0;2;3;1;5
202200006181;802 996;7;0;2;1;15;1
202200006182;802 993;7;0;1;1;20;1
202200006183;802 990;7;0;2;8;1;1
202200006183;802 991;10;0;2;3;1;1
202200006183;802 992;10;0;2;2;1;1
202200006184;802 989;7;0;1;1;2;3
202200006185;802 987;7;14;-1;1;1;1
202200006186;802 986;50;0;2;1;15;3
202200006186;802 988;7;0;9;3;0;0
202200006187;802 984;17;0;2;3;26;1
202200006187;802 985;17;0;2;3;1;1
202200006188;802 983;7;5;0;1;1;0
202200006189;802 979;7;0;2;2;1;1
202200006189;802 981;33;0;2;1;16;1
202200006190;802 980;7;0;2;7;13;1
202200006190;802 982;10;0;2;1;1;1
202200006191;802 978;7;0;1;1;1;1
202200006192;802 976;7;0;1;2;1;1
202200006193;802 974;7;0;2;3;24;1
202200006193;802 975;1;0;0;0;0;5
202200006194;802 977;7;0;0;9;0;2
202200006195;802 973;33;0;0;7;1;1
202200006196;802 972;37;0;1;2;16;0
202200006197;802 971;1;8;0;1;13;5
202200006198;802 969;7;0;2;7;10;1
202200006198;802 970;2;0;2;8;1;1
202200006199;802 968;7;0;1;2;2;1
202200006200;802 964;10;0;2;1;2;1
202200006200;802 967;14;0;2;4;2;1
202200006201;802 963;30;0;0;7;0;1
202200006202;802 961;7;0;2;1;9;1
202200006202;802 962;1;0;2;1;19;5
202200006203;802 959;7;0;2;3;1;1
202200006203;802 960;7;0;2;1;1;1
202200006203;802 965;7;0;2;4;15;1
202200006203;802 966;15;0;2;8;1;0
202200006204;802 958;7;0;0;0;1;1
202200006205;802 956;7;0;9;3;16;1
202200006205;802 957;1;0;2;1;19;5
202200006206;802 955;33;3;5;1;0;1
202200006207;802 952;50;0;2;1;26;3
202200006207;802 953;34;0;9;2;0;1
202200006207;802 954;7;0;9;3;0;1
202200006208;802 950;15;0;2;7;1;1
202200006208;802 951;7;0;2;1;1;0
202200006209;802 949;7;0;1;0;0;1
202200006210;802 948;33;0;9;2;1;1
202200006211;802 946;7;13;2;6;15;1
202200006211;802 947;17;0;2;1;1;1
202200006212;802 945;7;15;0;7;1;1
202200006213;802 943;1;0;2;9;1;5
202200006213;802 944;7;0;0;3;15;0
202200006214;802 942;31;12;0;7;9;1
202200006215;802 940;15;0;0;4;2;1
202200006215;802 941;10;0;2;1;2;1
202200006216;802 939;7;2;0;0;13;1
202200006217;802 938;2;0;0;8;26;1
202200006218;802 937;7;6;0;1;13;1
202200006219;802 936;7;13;0;2;1;1
202200006220;802 934;7;0;1;3;1;1
202200006221;802 933;10;0;2;3;1;1
202200006221;802 935;7;13;2;3;1;1
202200006222;802 932;7;3;0;0;1;1
202200006223;802 931;7;14;0;3;2;1
202200006224;802 928;10;0;0;6;2;1
202200006224;802 930;33;3;2;2;17;1
202200006225;802 927;7;0;2;1;1;1
202200006225;802 929;7;0;2;7;1;1
202200006226;802 925;7;0;2;1;2;1
202200006226;802 926;7;0;0;4;1;1
202200006227;802 924;7;8;0;2;0;0
202200006228;802 923;7;0;6;8;1;1
202200006229;802 921;7;13;0;1;1;1
202200006230;802 920;7;4;0;1;0;1
202200006230;802 922;7;0;2;2;0;1
202200006231;802 919;2;6;0;1;1;1
202200006232;802 918;7;9;0;1;1;1
202200006233;802 916;7;0;2;2;1;1
202200006233;802 917;7;0;2;3;15;1
202200006234;802 913;7;0;2;2;15;1
202200006234;802 914;7;0;2;2;1;1
202200006234;802 915;2;0;2;1;17;1
202200006235;802 911;7;0;0;0;9;1
202200006235;802 912;33;0;0;0;1;1
202200006236;802 910;10;0;1;2;2;1
202200006237;802 909;7;2;0;1;13;1
202200006238;802 908;10;0;1;2;1;1
202200006239;802 905;1;0;0;0;26;5
202200006239;802 906;1;0;0;4;1;5
202200006239;802 907;7;0;9;3;26;1
202200006240;802 903;7;0;2;3;1;1
202200006240;802 904;80;0;2;1;1;3
202200006241;802 902;7;2;0;7;1;1
202200006242;802 901;2;13;0;7;1;1
202200006243;802 899;37;0;2;1;2;1
202200006243;802 900;7;0;2;4;26;1
202200006244;802 897;33;0;2;1;1;1
202200006244;802 898;7;0;2;2;15;1
202200006245;802 895;7;0;2;1;1;1
202200006245;802 896;2;0;2;8;15;1
202200006246;802 893;99;0;2;8;15;1
202200006246;802 894;33;0;2;2;17;1
202200006247;802 891;7;0;2;3;10;1
202200006247;802 892;32;0;2;1;17;1
202200006248;802 888;30;0;2;1;2;1
202200006248;802 889;7;0;0;6;4;1
202200006249;802 886;1;0;2;1;1;5
202200006249;802 887;7;0;9;2;1;1
202200006250;802 883;7;0;2;3;13;1
202200006250;802 884;7;7;2;3;1;1
202200006251;802 882;7;2;0;1;14;1
202200006252;802 881;7;13;0;9;1;1
202200006253;802 880;7;0;0;9;21;1
202200006254;802 879;7;13;0;2;1;1
202200006255;802 876;7;0;2;3;9;1
202200006255;802 877;50;0;2;2;1;3
202200006256;802 875;7;0;2;3;1;1
202200006256;802 878;7;0;2;1;1;1
202200006257;802 872;7;0;2;1;2;1
202200006257;802 873;7;0;0;4;1;1
202200006258;802 869;7;0;2;1;1;1
202200006258;802 871;14;15;2;1;1;1
202200006259;802 866;7;0;2;2;15;3
202200006259;802 870;7;0;2;1;1;1
202200006259;802 874;7;0;2;3;23;1
202200006260;802 865;7;0;2;3;1;1
202200006260;802 867;7;0;2;3;1;1
202200006260;802 868;7;0;2;3;17;1
202200006261;802 864;33;7;0;9;2;1
202200006262;802 863;7;8;9;2;1;1
202200006263;802 862;7;0;1;8;1;3
202200006264;802 860;7;0;2;2;2;1
202200006264;802 861;1;0;2;8;2;5
202200006265;802 854;7;0;2;1;2;1
202200006265;802 855;7;0;2;4;2;1
202200006265;802 857;7;0;0;4;1;1
202200006266;802 853;7;0;9;7;5;1
202200006266;802 856;33;0;2;1;1;1
202200006267;802 850;7;0;2;1;13;1
202200006267;802 851;38;0;2;3;1;1
202200006268;802 846;10;0;0;6;23;1
202200006268;802 848;13;0;2;2;13;1
202200006269;802 845;10;0;2;3;15;1
202200006269;802 847;1;0;2;8;1;5
202200006270;802 843;10;0;2;2;2;1