Num_Acc;id_vehicule;catv;obs;obsm;choc;manv;motor
202200006270;802 844;7;0;2;4;1;1
202200006271;802 840;7;13;0;1;1;1
202200006272;802 838;7;2;0;1;0;1
202200006273;802 835;7;15;1;1;1;1
202200006274;802 834;33;0;2;4;2;1
202200006274;802 836;7;0;2;6;2;3
202200006274;802 837;7;0;2;1;2;1
202200006274;802 839;7;0;2;1;2;1
202200006274;802 841;7;0;2;1;2;1
202200006274;802 842;7;0;0;0;26;1
202200006275;802 833;7;2;0;1;14;1
202200006276;802 826;7;0;2;2;14;1
202200006276;802 828;33;0;2;8;23;1
202200006276;802 830;7;0;2;6;23;1
202200006276;802 832;33;0;2;4;23;1
202200006277;802 825;10;0;2;1;2;1
202200006277;802 827;15;0;2;6;2;1
202200006277;802 829;7;0;2;1;2;1
202200006277;802 831;14;0;2;6;2;1
202200006278;802 821;7;0;1;3;1;2
202200006278;802 823;7;0;2;1;23;1
202200006279;802 820;10;4;2;9;13;1
202200006279;802 822;7;0;2;1;1;2
202200006279;802 824;10;0;2;1;2;1
202200006280;802 818;7;0;2;1;13;1
202200006280;802 819;10;0;2;3;1;1
202200006281;802 816;7;0;2;1;2;1
202200006281;802 817;32;0;2;4;2;1
202200006282;802 814;7;0;2;1;15;1
202200006282;802 815;7;0;2;3;1;1
202200006283;802 811;7;0;2;1;1;1
202200006283;802 813;7;0;2;4;23;1
202200006284;802 810;7;0;2;4;23;1
202200006284;802 812;7;0;2;2;2;1
202200006285;802 807;1;0;2;3;1;5
202200006285;802 808;7;0;9;3;1;1
202200006286;802 806;7;0;2;1;21;1
202200006286;802 809;7;0;2;4;12;1
202200006287;802 804;7;16;0;0;14;1
202200006288;802 803;10;0;2;1;15;1
202200006288;802 805;2;0;2;1;1;1
202200006289;802 801;32;0;0;0;1;1
202200006290;802 800;7;0;2;6;23;1
202200006290;802 802;7;0;2;1;2;1
202200006291;802 798;34;0;0;7;1;1
202200006292;802 796;10;0;0;4;1;1
202200006292;802 797;10;0;2;4;1;1
202200006292;802 799;10;0;2;1;1;1
202200006293;802 794;7;0;2;4;23;1
202200006293;802 795;2;1;0;1;2;1
202200006294;802 792;7;1;1;1;21;1
202200006295;802 791;7;0;2;4;1;1
202200006295;802 793;7;0;2;1;1;1
202200006296;802 790;15;3;0;2;14;1
202200006297;802 789;7;4;0;1;1;1
202200006298;802 785;7;4;2;1;21;1
202200006298;802 787;7;0;2;8;2;1
202200006299;802 786;10;0;2;1;2;1
202200006299;802 788;15;0;2;4;2;1
202200006300;802 783;7;9;0;1;6;1
202200006301;802 778;7;0;2;4;2;1
202200006301;802 781;7;0;2;4;2;1
202200006301;802 784;15;0;2;1;2;0
202200006302;802 777;10;4;0;1;1;1
202200006303;802 775;7;0;2;1;2;1
202200006303;802 776;7;0;2;1;2;1
202200006303;802 779;7;0;2;4;2;1
202200006303;802 780;7;0;2;4;2;1
202200006303;802 782;7;0;2;4;2;1
202200006304;802 772;7;0;0;6;10;2
202200006304;802 774;33;0;2;3;1;1
202200006305;802 771;10;4;2;0;0;1
202200006305;802 773;34;0;2;1;3;1
202200006306;802 765;33;0;2;1;0;1
202200006306;802 768;21;0;2;3;1;1
202200006307;802 764;7;0;2;6;11;1
202200006307;802 767;43;0;2;1;3;1
202200006308;802 762;7;0;2;4;1;1
202200006308;802 763;10;0;2;4;0;1
202200006308;802 766;7;0;2;4;1;1
202200006308;802 769;10;0;2;1;1;1
202200006308;802 770;7;14;0;1;1;1
202200006309;802 759;7;0;2;8;0;1
202200006309;802 760;43;0;2;2;3;1
202200006310;802 757;7;0;2;6;1;1
202200006310;802 758;10;0;2;1;2;1
202200006310;802 761;7;0;2;4;1;1
202200006311;802 753;14;0;2;2;1;1
202200006311;802 755;7;0;2;6;9;1
202200006312;802 754;10;0;2;3;1;1
202200006312;802 756;1;0;2;1;1;5
202200006313;802 751;7;3;0;2;2;1
202200006314;802 750;7;13;0;2;1;1
202200006315;802 749;7;0;2;2;2;1
202200006315;802 752;30;0;2;4;2;1
202200006316;802 745;7;0;2;7;12;1
202200006316;802 748;33;0;2;8;3;1
202200006317;802 744;7;0;2;1;2;1
202200006317;802 746;7;0;2;4;2;1
202200006318;802 739;7;0;2;5;15;0
202200006318;802 743;30;0;2;1;1;3
202200006319;802 738;33;0;2;8;1;1
202200006319;802 741;7;0;2;6;1;1
202200006320;802 737;7;3;2;1;2;1
202200006320;802 740;7;0;2;4;2;1
202200006320;802 742;7;0;2;6;2;1
202200006321;802 731;7;4;2;1;1;1
202200006321;802 734;10;0;2;3;2;1
202200006322;802 732;7;0;2;1;1;0
202200006322;802 733;7;0;2;9;23;1
202200006322;802 736;7;0;2;4;23;1
202200006323;802 729;7;0;2;7;16;1
202200006323;802 730;30;0;2;0;1;1
202200006324;802 725;7;0;2;8;1;1
202200006324;802 727;14;0;2;2;14;1
202200006325;802 724;7;0;2;4;1;1
202200006325;802 728;33;0;2;1;3;1
202200006326;802 723;7;0;2;3;15;1
202200006326;802 726;1;0;2;8;1;5
202200006327;802 722;7;15;0;2;14;1
202200006328;802 720;30;0;2;1;17;3
202200006328;802 721;7;0;2;3;15;1
202200006329;802 719;30;16;0;8;1;3
202200006330;802 715;7;0;2;1;19;1
202200006330;802 717;7;0;2;1;1;1
202200006331;802 714;7;3;2;5;1;1
202200006331;802 716;7;3;2;6;11;1
202200006331;802 718;34;3;2;2;3;1
202200006332;802 713;33;0;2;1;2;1
202200006333;802 712;7;0;1;2;1;1
202200006334;802 708;7;0;2;1;1;1
202200006334;802 710;7;0;2;4;1;1
202200006334;802 711;7;0;2;4;1;1
202200006335;802 709;7;0;1;3;1;1
202200006336;802 707;37;0;1;3;1;1
202200006337;802 705;2;0;2;2;15;1
202200006337;802 706;7;0;2;2;1;1
202200006338;802 704;32;0;1;1;15;1
202200006339;802 703;7;0;1;2;16;1
202200006340;802 700;7;0;2;5;2;1
202200006340;802 701;7;0;2;5;21;1
202200006340;802 702;33;0;2;1;3;1
202200006341;802 699;7;1;0;1;13;1
202200006342;802 697;2;0;2;1;10;1
202200006342;802 698;7;0;2;1;1;1
202200006343;802 692;7;0;2;1;2;1
202200006343;802 693;10;0;2;4;2;1
202200006343;802 694;7;0;2;4;2;1
202200006343;802 695;7;0;2;4;2;1
202200006343;802 696;7;0;0;0;2;1
202200006344;802 691;30;0;2;7;15;1
202200006345;802 689;34;0;2;0;0;0
202200006345;802 690;30;0;2;4;14;1
202200006346;802 687;7;0;2;6;24;1
202200006346;802 688;50;1;2;1;2;3
202200006347;802 685;7;0;2;2;19;1
202200006347;802 686;80;0;2;7;0;3
202200006348;802 683;7;0;2;3;9;1
202200006348;802 684;33;0;2;1;1;1
202200006349;802 682;7;1;0;1;1;1
202200006350;802 681;7;0;1;1;1;1
202200006351;802 675;7;-1;-1;-1;0;-1
202200006351;802 676;1;-1;-1;-1;-1;5
202200006352;802 674;7;1;0;1;1;1
202200006353;802 672;7;0;2;2;1;1
202200006353;802 673;50;0;2;6;1;3
202200006354;802 670;7;0;2;5;1;1
202200006354;802 671;80;0;2;1;1;3
202200006355;802 668;33;0;2;1;1;1
202200006355;802 669;10;0;2;4;10;1
202200006356;802 667;7;8;0;2;26;1
202200006357;802 665;7;0;2;4;2;1
202200006357;802 666;7;0;2;1;2;4
202200006358;802 663;7;2;2;8;11;1
202200006358;802 664;7;2;2;1;17;1
202200006359;802 661;30;0;2;8;2;1
202200006359;802 662;7;0;2;3;9;1
202200006360;802 659;7;0;2;4;2;1
202200006360;802 660;1;0;2;1;2;5
202200006361;802 657;7;0;2;3;26;1
202200006361;802 658;33;0;2;1;17;1
202200006362;802 655;7;0;2;1;1;1
202200006362;802 656;1;0;2;8;19;5
202200006363;802 654;7;0;1;3;9;1
202200006364;802 652;7;0;2;8;10;1
202200006364;802 653;33;0;2;1;1;1
202200006365;802 650;7;0;2;3;15;1
202200006365;802 651;7;0;2;3;16;1
202200006366;802 648;7;0;2;8;24;1
202200006366;802 649;7;1;1;8;26;1
202200006367;802 647;7;0;1;8;0;2
202200006368;802 646;7;15;0;3;14;1
202200006369;802 644;7;0;2;7;1;1
202200006369;802 645;7;0;2;1;16;1
202200006370;802 642;7;0;2;1;2;1
202200006370;802 643;31;0;2;0;0;1
202200006371;802 641;10;0;1;1;16;1
202200006372;802 639;1;0;2;1;15;5
202200006372;802 640;7;0;9;4;15;1
202200006373;802 637;7;0;2;1;1;2
202200006373;802 638;80;0;2;4;1;3
202200006374;802 636;7;0;1;3;1;1
202200006375;802 633;7;0;2;4;23;1
202200006375;802 634;7;0;2;1;2;1
202200006375;802 635;7;0;2;4;23;1
202200006376;802 630;7;0;2;4;2;1
202200006376;802 631;7;0;2;1;2;1
202200006376;802 632;7;0;2;1;2;1
202200006377;802 629;30;6;0;1;16;1
202200006378;802 627;7;0;0;7;2;2
202200006378;802 628;1;0;2;7;26;5
202200006379;802 625;33;0;2;4;15;1
202200006379;802 626;31;0;2;1;13;1
202200006380;802 623;1;0;2;2;19;5
202200006380;802 624;7;0;2;3;1;1
202200006381;802 618;7;0;2;4;2;1
202200006381;802 619;7;0;2;4;2;1
202200006381;802 620;7;0;2;1;2;1
202200006382;802 617;7;0;1;1;1;1
202200006383;802 615;7;0;2;2;1;1
202200006383;802 616;80;0;2;8;0;3
202200006384;802 614;2;6;0;1;26;1
202200006385;802 612;7;0;2;1;1;1
202200006385;802 613;7;0;2;7;19;1
202200006386;802 609;7;0;2;3;12;1
202200006386;802 610;7;0;2;4;1;1
202200006386;802 611;15;0;2;3;1;1
202200006387;802 607;7;0;2;6;22;2
202200006387;802 608;1;0;2;1;1;5
202200006388;802 605;33;0;2;8;1;1
202200006388;802 606;7;0;2;1;15;1
202200006389;802 604;7;0;1;1;1;1
202200006390;802 602;7;0;2;6;13;1
202200006390;802 603;34;0;2;2;14;1
202200006391;802 600;1;0;2;1;5;5
202200006391;802 601;7;0;2;2;1;1
202200006392;802 598;7;0;2;3;1;1
202200006392;802 599;32;0;2;4;1;1
202200006393;802 597;10;0;1;6;15;1
202200006394;802 596;7;0;1;0;1;1
202200006395;802 595;50;12;0;7;14;3
202200006396;802 594;50;12;0;7;14;3
202200006397;802 592;2;0;2;4;1;1
202200006397;802 593;0;-1;2;8;13;0
202200006398;802 590;31;0;2;1;18;1
202200006398;802 591;7;0;2;3;17;1
202200006399;802 588;7;8;2;4;18;1
202200006399;802 589;1;8;2;4;2;5
202200006400;802 586;7;0;2;3;10;1
202200006400;802 587;32;0;2;2;2;1
202200006401;802 585;37;0;1;2;1;1
202200006402;802 583;2;0;0;0;5;1
202200006402;802 584;7;0;0;0;0;1
202200006403;802 581;50;0;2;4;11;3
202200006403;802 582;7;0;9;3;1;1
202200006404;802 579;7;0;2;1;15;1
202200006404;802 580;33;0;2;1;1;1
202200006405;802 577;7;0;2;2;21;1
202200006405;802 578;33;0;2;8;18;1
202200006406;802 573;30;0;2;1;13;1
202200006406;802 574;7;0;2;3;1;1
202200006407;802 571;7;0;2;5;23;2
202200006407;802 572;7;0;2;3;2;1
202200006408;802 570;7;0;1;1;1;1
202200006409;802 568;7;0;2;2;1;1
202200006409;802 569;37;0;2;3;1;1
202200006410;802 566;10;0;2;2;16;0
202200006410;802 567;2;0;2;6;2;1
202200006411;802 565;33;0;1;0;0;1
202200006412;802 563;10;0;2;1;1;1
202200006412;802 564;10;0;2;8;9;0
202200006413;802 562;7;15;0;1;15;1
202200006414;802 561;7;11;0;1;3;0
202200006415;802 560;7;2;0;1;13;1
202200006416;802 558;1;1;0;1;1;5
202200006416;802 559;7;0;2;8;22;0
202200006417;802 555;14;0;2;3;1;1
202200006417;802 556;7;0;2;1;24;0
202200006417;802 557;7;0;2;1;26;1
202200006418;802 553;7;0;9;3;22;1
202200006418;802 554;99;1;0;1;1;3
202200006419;802 551;7;0;2;4;2;1
202200006419;802 552;7;0;2;1;2;1
202200006420;802 550;7;13;0;1;1;1
202200006421;802 549;7;0;1;1;1;1
202200006422;802 547;7;0;2;1;15;1
202200006422;802 548;2;0;2;3;13;1
202200006423;802 546;7;0;0;1;1;1
202200006424;802 545;7;2;0;7;0;1
202200006425;802 544;7;2;0;1;1;1
202200006426;802 543;7;5;0;1;1;1
202200006427;802 541;7;0;2;1;13;1
202200006427;802 542;7;0;2;1;13;1
202200006428;802 539;7;0;2;3;1;1
202200006428;802 540;7;0;2;3;1;1
202200006429;802 537;10;0;2;7;17;1
202200006429;802 538;99;0;2;3;1;1
202200006430;802 535;7;3;0;4;2;1
202200006430;802 536;10;0;2;1;2;1
202200006431;802 533;7;0;0;4;2;1
202200006431;802 534;7;0;2;1;2;1
202200006432;802 531;33;0;2;1;1;1
202200006432;802 532;7;0;2;5;15;2
202200006433;802 530;7;6;0;1;19;1
202200006434;802 529;7;0;0;1;0;1
202200006435;802 527;7;0;0;5;15;1
202200006435;802 528;13;0;2;1;1;1
202200006436;802 525;33;0;0;4;16;1
202200006436;802 526;7;0;2;1;1;1
202200006437;802 524;7;7;0;1;1;1
202200006438;802 523;7;0;0;9;17;1
202200006439;802 521;7;0;2;1;1;1
202200006439;802 522;7;0;2;1;13;1
202200006440;802 520;33;0;0;3;1;1
202200006441;802 519;21;0;1;4;24;1
202200006442;802 518;80;0;0;0;0;3
202200006443;802 517;3;0;1;2;1;1
202200006444;802 516;7;0;0;0;1;1
202200006445;802 515;7;6;0;1;1;1
202200006446;802 514;34;13;0;7;1;1
202200006447;802 512;30;0;2;1;1;1
202200006447;802 513;7;0;2;7;15;1
202200006448;802 510;7;0;2;3;1;1
202200006448;802 511;7;0;2;1;1;1
202200006449;802 509;7;0;0;0;1;1
202200006450;802 507;7;7;2;7;9;1
202200006450;802 508;7;0;2;1;1;1
202200006451;802 505;2;0;2;1;1;1
202200006451;802 506;7;0;2;6;15;1
202200006452;802 501;7;0;2;2;13;1
202200006452;802 502;7;0;2;2;1;1
202200006453;802 500;33;13;0;2;1;1
202200006454;802 499;7;2;0;0;1;1
202200006455;802 498;2;2;0;2;1;1
202200006456;802 496;7;0;2;3;9;1
202200006456;802 497;7;0;2;3;17;1
202200006457;802 494;7;0;2;2;0;1
202200006457;802 495;7;0;2;1;0;1
202200006458;802 492;7;0;0;8;1;1
202200006458;802 493;7;4;0;3;5;1
202200006459;802 491;1;0;0;1;1;5
202200006460;802 490;7;13;0;2;14;1
202200006461;802 487;10;2;0;1;1;1
202200006462;802 486;7;13;0;3;1;1
202200006463;802 485;7;13;0;1;1;1
202200006464;802 484;32;8;0;8;14;1
202200006465;802 482;7;0;2;8;16;1
202200006465;802 483;7;0;2;1;1;1
202200006466;802 480;7;0;2;2;2;1
202200006466;802 481;2;0;0;4;2;1
202200006467;802 478;1;0;2;0;1;5
202200006467;802 479;7;0;9;3;9;1
202200006468;802 477;33;13;0;1;1;1
202200006469;802 476;33;4;0;2;1;1
202200006470;802 475;43;15;0;2;0;1
202200006471;802 474;2;8;0;1;1;1
202200006472;802 473;31;4;0;8;13;1
202200006473;802 472;7;7;0;1;1;0
202200006474;802 471;7;4;0;1;26;1
202200006475;802 469;7;0;2;1;1;1
202200006475;802 470;10;0;2;1;13;1
202200006476;802 468;33;0;0;0;1;1
202200006477;802 467;7;0;9;1;1;1
202200006478;802 465;33;0;2;1;1;1
202200006478;802 466;7;0;2;2;15;1
202200006479;802 464;36;3;0;1;0;1
202200006480;802 462;7;0;2;2;13;1
202200006480;802 463;7;0;2;2;21;1
202200006481;802 460;7;0;2;1;1;1
202200006481;802 461;7;0;0;4;1;1
202200006482;802 459;7;2;0;1;14;1
202200006483;802 458;33;0;0;3;17;1
202200006484;802 456;7;0;0;4;1;1
202200006484;802 457;7;0;2;1;2;1
202200006485;802 454;7;0;0;4;2;1
202200006485;802 455;33;0;2;1;2;1
202200006486;802 453;33;0;0;2;1;1
202200006487;802 452;7;6;0;2;1;1
202200006488;802 450;7;0;2;1;1;1
202200006488;802 451;7;0;2;1;1;1
202200006489;802 449;7;15;0;1;0;1
202200006490;802 448;33;12;0;1;26;1
202200006491;802 447;7;6;0;2;1;1
202200006492;802 446;7;0;1;1;15;1
202200006493;802 443;7;13;0;0;1;1
202200006494;802 442;7;3;0;2;1;1
202200006495;802 440;7;0;2;4;2;1
202200006495;802 441;7;0;2;1;1;2
202200006496;802 438;7;0;2;6;1;1
202200006496;802 439;7;0;2;2;0;1
202200006497;802 437;33;9;0;1;26;1
202200006498;802 432;7;0;2;4;1;1
202200006498;802 433;7;0;2;4;1;1
202200006498;802 434;7;0;2;4;1;2
202200006498;802 435;7;0;2;4;2;1
202200006498;802 436;7;0;2;1;2;1
202200006499;802 429;7;0;2;3;1;1
202200006499;802 430;38;0;2;1;1;1
202200006499;802 431;7;0;2;4;1;1
202200006500;802 426;7;0;2;1;2;1
202200006500;802 427;10;0;2;4;2;1
202200006500;802 428;7;0;2;7;2;1
202200006501;802 424;7;0;2;1;2;1
202200006501;802 425;7;0;2;4;2;1
202200006502;802 423;7;0;1;1;19;1
202200006503;802 422;7;0;1;3;15;1
202200006504;802 421;10;0;1;2;1;1
202200006505;802 417;1;0;2;8;19;5
202200006505;802 418;10;0;2;1;1;1
202200006506;802 415;7;0;2;2;9;0
202200006506;802 416;50;0;2;2;1;3
202200006507;802 411;10;0;2;2;1;1
202200006507;802 412;7;0;2;6;10;1
202200006508;802 409;80;0;2;2;19;3
202200006508;802 410;10;0;2;1;1;1
202200006509;802 408;7;0;1;1;1;1
202200006510;802 406;7;0;2;2;16;1
202200006510;802 407;2;0;2;1;1;1
202200006511;802 405;30;0;0;0;26;1
202200006512;802 403;7;0;2;1;9;1
202200006512;802 404;50;0;2;3;1;3
202200006513;802 402;32;9;0;1;26;1
202200006514;802 400;7;0;2;7;15;1
202200006514;802 401;32;0;2;1;1;1
202200006515;802 398;7;0;0;0;15;1
202200006515;802 399;33;0;0;0;1;1
202200006516;802 396;2;0;2;1;1;1
202200006516;802 397;7;0;2;1;15;1
202200006517;802 394;15;0;2;2;16;1
202200006517;802 395;7;0;2;3;1;1
202200006518;802 393;10;0;1;3;1;1
202200006519;802 392;3;12;0;9;13;1
202200006520;802 391;7;0;1;1;1;1
202200006521;802 389;7;0;2;1;2;1
202200006521;802 390;7;0;2;4;2;1
202200006522;802 386;7;0;2;1;1;1
202200006522;802 387;7;0;2;5;15;1
202200006522;802 388;7;0;2;1;1;1
202200006523;802 384;2;0;2;2;0;3
202200006523;802 385;7;0;2;3;15;0
202200006524;802 381;7;0;2;1;1;1
202200006524;802 382;7;0;2;1;19;1
202200006524;802 383;7;0;9;6;1;1
202200006525;802 379;30;0;2;1;15;1
202200006525;802 380;7;0;2;1;19;1
202200006526;802 377;32;0;2;1;1;1
202200006526;802 378;7;0;2;2;15;1
202200006527;802 375;33;0;2;3;1;1
202200006527;802 376;30;0;2;3;15;1
202200006528;802 373;34;0;9;1;1;1
202200006528;802 374;1;0;2;8;19;5
202200006529;802 370;7;12;2;1;5;1
202200006529;802 371;7;0;2;1;0;1
202200006529;802 372;7;0;2;2;17;1
202200006530;802 369;7;0;1;1;26;1
202200006531;802 363;7;0;2;1;2;1
202200006531;802 364;7;0;2;4;2;1
202200006531;802 365;7;0;2;4;2;1
202200006531;802 366;7;0;2;4;2;1
202200006532;802 361;7;0;2;3;1;1
202200006532;802 362;10;0;2;3;1;1
202200006533;802 360;7;0;1;8;15;1
202200006534;802 358;7;0;9;8;10;1
202200006534;802 359;60;0;2;1;2;5
202200006535;802 357;3;0;1;3;1;3
202200006536;802 356;7;0;1;1;9;0
202200006537;802 353;7;0;2;3;15;1
202200006537;802 354;33;0;2;1;1;1
202200006537;802 355;7;0;2;1;1;1
202200006538;802 352;33;0;1;5;17;1
202200006539;802 350;7;0;2;2;2;1
202200006539;802 351;7;0;2;3;12;1
202200006540;802 348;7;0;2;1;2;1
202200006540;802 349;7;0;2;5;1;1
202200006541;802 346;31;0;2;3;3;1
202200006541;802 347;7;0;2;4;12;1
202200006542;802 344;7;0;2;2;12;0
202200006542;802 345;33;0;2;8;1;1
202200006543;802 342;7;7;2;3;1;2
202200006543;802 343;13;0;2;7;1;1
202200006544;802 340;10;0;2;3;22;1
202200006544;802 341;1;0;2;3;1;5
202200006545;802 338;7;0;2;3;9;1
202200006545;802 339;1;0;2;2;1;5
202200006546;802 336;10;0;2;3;22;1
202200006546;802 337;32;0;2;1;1;1
202200006547;802 334;7;0;2;6;23;1
202200006547;802 335;30;0;2;7;17;1
202200006548;802 333;32;0;1;1;1;1
202200006549;802 331;32;0;2;7;18;1
202200006549;802 332;10;0;2;7;16;1
202200006550;802 329;1;0;2;8;5;5
202200006550;802 330;33;0;2;1;1;1
202200006551;802 328;31;0;1;1;1;1
202200006552;802 327;3;0;1;1;15;3
202200006553;802 325;50;0;2;3;1;3
202200006553;802 326;10;0;2;2;17;1
202200006554;802 323;33;0;2;1;1;1
202200006554;802 324;10;0;2;2;12;1
202200006555;802 321;30;0;2;2;17;1
202200006555;802 322;10;0;2;3;15;1
202200006556;802 319;7;0;2;3;9;1
202200006556;802 320;30;0;2;1;1;1
202200006557;802 317;15;0;2;2;1;1
202200006557;802 318;32;0;2;8;18;1
202200006558;802 316;1;0;1;1;1;5
202200006559;802 314;30;0;2;2;17;0
202200006559;802 315;7;0;2;3;9;1
202200006560;802 312;7;0;2;1;15;1
202200006560;802 313;2;0;2;1;1;1
202200006561;802 310;31;0;2;4;1;3
202200006561;802 311;7;0;2;3;15;1
202200006562;802 309;34;0;1;1;19;1
202200006563;802 308;7;0;1;2;9;0
202200006564;802 306;7;0;2;1;2;2
202200006564;802 307;7;0;9;4;1;1
202200006565;802 304;7;0;2;3;1;1
202200006565;802 305;7;0;2;2;13;1
202200006566;802 302;7;0;2;1;1;3
202200006566;802 303;7;0;2;8;0;1
202200006567;802 301;37;0;1;2;1;1
202200006568;802 299;7;0;2;8;13;1
202200006568;802 300;43;0;2;7;14;1
202200006569;802 298;2;0;2;7;26;3
202200006570;802 297;33;0;0;0;9;1
202200006571;802 296;7;0;1;1;19;1
202200006572;802 295;0;0;1;0;26;0
202200006573;802 293;2;0;2;3;18;1
202200006573;802 294;7;0;2;2;14;1
202200006574;802 291;7;0;2;3;11;0
202200006574;802 292;33;0;2;2;13;0
202200006575;802 289;7;0;0;0;0;1
202200006575;802 290;7;0;2;4;1;1
202200006576;802 287;99;0;2;8;2;0
202200006576;802 288;99;6;2;7;1;0
202200006577;802 285;7;0;2;1;26;1
202200006577;802 286;7;1;2;3;5;1
202200006578;802 284;40;0;1;2;1;3
202200006579;802 283;10;0;0;1;15;3
202200006580;802 281;99;0;2;3;1;1
202200006580;802 282;30;0;2;1;19;1
202200006581;802 280;10;0;1;1;16;1
202200006582;802 279;43;0;0;0;1;1
202200006583;802 278;31;9;0;1;16;1
202200006584;802 276;7;0;2;8;24;1
202200006584;802 277;30;0;2;1;1;1
202200006585;802 274;33;0;2;1;17;1
202200006585;802 275;7;0;2;3;9;1
202200006586;802 272;7;1;2;2;10;1
202200006586;802 273;31;0;2;1;1;1
202200006587;802 268;10;0;2;1;1;1
202200006587;802 269;10;0;2;1;1;1
202200006587;802 270;7;0;2;4;1;1
202200006587;802 271;7;0;2;4;1;1
202200006588;802 267;7;1;0;1;14;1
202200006589;802 265;1;0;2;4;1;5
202200006589;802 266;7;0;2;7;15;1
202200006590;802 263;7;9;2;2;15;1
202200006590;802 264;7;9;2;1;1;1
202200006591;802 262;33;14;0;8;1;1
202200006592;802 261;7;2;0;1;16;1
202200006593;802 260;7;8;0;1;14;1
202200006594;802 258;7;0;9;1;1;1
202200006594;802 259;33;0;2;1;5;1
202200006595;802 256;1;0;2;8;1;5
202200006595;802 257;7;0;9;2;16;1
202200006596;802 254;1;0;2;8;15;5
202200006596;802 255;7;0;2;1;16;1
202200006597;802 253;7;16;0;1;14;1
202200006598;802 251;7;0;0;4;1;1
202200006598;802 252;2;0;2;1;3;1
202200006599;802 248;33;0;2;3;24;1
202200006599;802 249;33;0;2;1;24;1
202200006599;802 250;7;1;0;2;12;1
202200006600;802 246;7;0;2;3;9;1
202200006600;802 247;33;0;2;7;14;1
202200006601;802 244;7;0;2;1;15;1
202200006601;802 245;1;0;2;8;1;5
202200006602;802 242;7;0;2;3;13;1
202200006602;802 243;33;0;2;1;1;1
202200006603;802 240;33;0;2;7;13;1
202200006603;802 241;7;0;2;1;1;1
202200006604;802 238;7;0;1;2;1;1
202200006605;802 237;2;11;0;0;0;1
202200006606;802 235;7;0;2;2;1;1
202200006606;802 236;10;0;2;1;0;1
202200006607;802 233;7;1;0;2;26;1
202200006607;802 234;7;0;0;2;24;1
202200006608;802 230;80;0;2;4;2;3
202200006608;802 231;7;0;9;2;2;1
202200006609;802 228;7;0;2;3;1;1
202200006609;802 229;7;0;2;3;17;1
202200006610;802 226;7;10;0;1;13;1
202200006611;802 227;10;0;2;1;19;1
202200006611;802 232;7;0;2;8;19;1
202200006612;802 225;10;0;1;2;2;1
202200006613;802 222;7;0;2;2;1;1
202200006613;802 223;7;0;2;3;15;1
202200006614;802 220;7;0;2;4;23;1
202200006614;802 224;7;0;2;1;2;1
202200006615;802 219;7;0;2;3;15;1
202200006615;802 221;2;0;2;1;1;1
202200006616;802 216;33;0;2;1;2;1
202200006616;802 217;7;0;0;4;9;0
202200006617;802 215;15;0;1;2;1;1
202200006618;802 213;1;0;0;1;1;5
202200006619;802 214;7;14;0;2;13;1
202200006619;802 218;15;0;2;3;1;1
202200006620;802 211;7;0;2;2;9;1
202200006620;802 212;80;0;2;8;1;3
202200006621;802 209;33;2;0;1;1;1
202200006622;802 206;10;0;2;1;9;1
202200006622;802 208;7;0;2;2;1;1
202200006623;802 204;7;0;2;1;13;1
202200006623;802 205;7;0;2;1;1;1
202200006624;802 207;30;0;2;4;1;3
202200006624;802 210;30;0;2;1;1;1
202200006625;802 200;15;0;0;4;2;1
202200006625;802 201;7;3;0;0;1;1
202200006625;802 202;7;3;2;0;1;1
202200006625;802 203;7;0;2;1;2;1
202200006626;802 199;17;4;0;2;1;1
202200006627;802 197;7;3;0;1;1;1
202200006628;802 195;7;2;0;1;14;1
202200006629;802 193;7;0;2;1;13;1
202200006629;802 194;13;0;2;3;21;1
202200006630;802 196;7;0;2;7;12;1
202200006630;802 198;7;0;2;1;1;1
202200006631;802 191;7;0;2;1;0;1
202200006631;802 192;7;0;2;1;0;1
202200006632;802 188;7;0;2;3;15;1
202200006632;802 190;2;0;2;1;1;1
202200006633;802 187;7;12;0;1;5;1
202200006633;802 189;7;0;2;8;1;1
202200006634;802 182;14;0;0;4;21;1
202200006634;802 183;7;0;2;4;23;1
202200006634;802 184;7;0;2;4;23;1
202200006634;802 186;15;0;2;1;1;1
202200006635;802 185;15;3;0;7;2;1
202200006636;802 181;7;0;1;2;1;1
202200006637;802 177;7;14;0;1;21;1
202200006637;802 180;7;0;2;4;23;1
202200006638;802 176;7;13;0;1;1;1
202200006639;802 173;7;0;9;3;17;1
202200006639;802 175;1;0;2;3;15;5
202200006640;802 174;7;0;1;1;1;1
202200006641;802 172;33;2;0;1;14;1
202200006642;802 171;31;12;0;2;14;1
202200006643;802 166;10;0;2;2;1;1
202200006643;802 168;33;0;2;1;13;1
202200006644;802 167;7;0;2;2;11;1
202200006644;802 169;31;0;2;1;1;1
202200006645;802 164;10;0;0;2;15;1
202200006645;802 165;33;0;0;1;1;1
202200006646;802 163;7;0;1;2;26;1
202200006647;802 160;7;0;2;3;19;1
202200006647;802 162;7;0;2;8;1;1
202200006648;802 159;7;0;2;1;1;1
202200006648;802 161;43;0;2;8;1;1
202200006649;802 157;31;0;0;4;1;1
202200006649;802 158;7;0;0;1;0;0
202200006650;802 155;7;0;0;9;1;1
202200006651;802 154;10;0;2;1;2;1
202200006651;802 156;7;0;2;0;0;1
202200006652;802 151;7;0;0;4;23;1
202200006652;802 152;7;0;2;1;1;1
202200006653;802 150;7;0;2;2;15;1
202200006653;802 153;7;0;2;1;1;2
202200006654;802 148;33;0;2;7;3;1
202200006654;802 149;7;0;2;3;11;1
202200006655;802 146;7;4;0;1;14;1
202200006656;802 144;37;0;2;1;2;1
202200006656;802 145;7;0;2;4;2;1