Num_Acc;id_vehicule;catv;obs;obsm;choc;manv;motor
202200006657;802 143;7;0;2;1;1;1
202200006657;802 147;7;0;2;8;1;1
202200006658;802 142;7;4;0;1;0;1
202200006659;802 141;7;13;0;0;1;1
202200006660;802 140;7;3;0;0;26;1
202200006661;802 139;32;0;0;6;12;1
202200006662;802 135;7;13;2;2;26;1
202200006662;802 136;31;13;0;4;2;1
202200006663;802 131;7;0;1;0;15;1
202200006664;802 128;14;0;0;0;0;0
202200006664;802 129;7;0;0;0;0;0
202200006664;802 130;33;0;2;1;3;0
202200006664;802 132;10;0;2;2;22;0
202200006664;802 133;7;0;2;7;1;0
202200006665;802 125;7;0;2;4;2;1
202200006665;802 126;7;0;2;1;1;1
202200006666;802 124;7;0;2;4;2;1
202200006666;802 127;7;0;2;1;2;1
202200006667;802 122;31;0;2;8;3;3
202200006667;802 123;7;0;2;5;2;1
202200006668;802 120;13;0;2;0;0;1
202200006668;802 121;7;0;2;0;0;1
202200006669;802 118;7;0;2;1;13;1
202200006669;802 119;7;0;2;3;1;1
202200006670;802 116;32;0;2;7;1;1
202200006670;802 117;10;0;2;3;11;1
202200006671;802 113;30;0;2;0;0;1
202200006671;802 115;7;0;2;7;0;2
202200006672;802 112;7;0;9;3;0;1
202200006672;802 114;1;0;2;2;25;5
202200006673;802 109;37;0;0;6;24;1
202200006673;802 110;7;0;2;2;17;0
202200006673;802 111;7;0;0;0;0;0
202200006674;802 108;7;0;1;2;16;1
202200006675;802 105;7;0;1;2;16;1
202200006676;802 104;32;0;2;1;13;1
202200006676;802 106;7;0;2;1;1;1
202200006676;802 107;10;0;2;6;2;1
202200006677;802 103;7;8;0;2;21;2
202200006678;802 101;7;0;2;4;1;1
202200006678;802 102;2;0;2;1;2;1
202200006679;802 099;7;0;2;8;10;1
202200006679;802 100;33;0;2;0;8;1
202200006680;802 097;7;0;9;1;26;1
202200006680;802 098;50;0;2;8;1;3
202200006681;802 096;37;0;1;5;1;1
202200006682;802 093;50;0;2;7;0;3
202200006682;802 095;7;0;9;2;16;1
202200006683;802 091;7;0;2;1;2;1
202200006683;802 092;7;0;2;4;2;1
202200006683;802 094;10;0;2;1;2;1
202200006684;802 089;7;0;2;3;2;1
202200006684;802 090;32;0;2;1;5;1
202200006685;802 088;7;0;1;1;1;1
202200006686;802 086;33;14;0;1;13;1
202200006687;802 085;7;0;2;1;1;1
202200006687;802 087;33;12;2;5;17;1
202200006688;802 084;43;0;0;9;26;1
202200006689;802 082;7;0;2;3;1;3
202200006689;802 083;50;0;2;1;15;3
202200006690;802 081;7;0;1;2;16;1
202200006691;802 080;33;0;1;1;1;1
202200006692;802 078;7;0;2;2;16;1
202200006692;802 079;30;0;2;1;15;1
202200006693;802 076;7;0;2;4;2;1
202200006693;802 077;13;0;2;1;2;1
202200006694;802 074;7;0;2;6;2;1
202200006694;802 075;31;0;2;1;21;1
202200006695;802 072;34;0;1;1;1;1
202200006696;802 071;1;1;0;1;1;5
202200006696;802 073;7;0;2;8;22;2
202200006697;802 070;7;0;1;3;14;1
202200006698;802 068;7;0;2;7;16;2
202200006698;802 069;32;0;2;8;18;1
202200006699;802 066;7;0;2;3;9;1
202200006699;802 067;32;0;2;7;16;1
202200006700;802 065;32;0;0;7;21;1
202200006701;802 060;7;0;1;2;1;1
202200006702;802 061;43;0;2;1;17;1
202200006702;802 062;7;0;2;3;15;1
202200006703;802 057;34;0;2;1;1;1
202200006703;802 059;7;0;2;2;15;1
202200006704;802 056;50;0;2;1;1;3
202200006704;802 058;7;0;2;5;1;1
202200006705;802 054;33;0;2;1;1;1
202200006705;802 055;13;0;2;2;15;1
202200006706;802 052;1;0;2;3;11;5
202200006706;802 053;10;0;2;7;1;3
202200006707;802 050;7;0;2;2;2;1
202200006707;802 051;7;0;9;6;23;1
202200006708;802 048;7;6;0;1;1;1
202200006709;802 047;7;0;2;8;1;1
202200006709;802 049;50;0;2;1;1;3
202200006710;802 044;10;0;1;4;4;1
202200006711;802 043;7;0;1;2;1;1
202200006712;802 039;7;0;2;3;26;1
202200006712;802 040;33;0;2;1;26;1
202200006712;802 041;7;0;2;3;15;1
202200006713;802 038;7;0;2;2;0;1
202200006713;802 042;7;0;2;1;0;1
202200006714;802 037;7;0;1;1;15;1
202200006715;802 036;10;0;1;1;1;1
202200006716;802 034;7;0;2;3;16;1
202200006716;802 035;34;1;2;1;1;1
202200006717;802 031;7;0;0;9;1;1
202200006718;802 032;33;0;2;1;1;1
202200006718;802 033;7;0;2;2;0;1
202200006719;802 028;7;0;2;3;2;1
202200006719;802 030;1;0;2;2;15;5
202200006720;802 026;7;0;2;4;16;1
202200006720;802 027;34;0;2;0;1;1
202200006721;802 023;50;0;2;1;25;3
202200006721;802 025;1;15;2;1;25;5
202200006722;802 022;7;0;2;8;6;1
202200006722;802 024;7;0;2;1;1;2
202200006723;802 018;7;0;1;1;1;1
202200006724;802 017;7;0;2;2;15;1
202200006724;802 019;7;1;2;3;1;1
202200006724;802 020;7;1;2;6;24;1
202200006725;802 015;7;0;2;7;15;1
202200006725;802 016;7;0;2;3;1;1
202200006726;802 014;7;4;0;1;1;1
202200006727;802 011;7;0;2;7;14;1
202200006727;802 013;30;0;2;8;2;1
202200006728;802 010;14;0;2;8;1;0
202200006728;802 012;30;0;2;1;1;0
202200006729;802 006;7;0;2;3;1;1
202200006729;802 008;7;0;2;6;1;1
202200006729;802 009;7;0;2;3;13;1
202200006730;802 005;7;0;2;1;16;0
202200006730;802 007;7;0;2;1;15;1
202200006731;802 002;7;0;2;2;0;0
202200006731;802 003;50;0;2;4;0;3
202200006732;802 001;1;0;2;1;1;5
202200006732;802 004;7;0;9;5;15;1
202200006733;801 999;7;0;1;1;1;1
202200006734;801 998;33;0;2;1;18;1
202200006734;802 000;10;0;2;2;16;1
202200006735;801 995;7;8;2;3;23;1
202200006735;801 997;7;0;2;1;19;1
202200006736;801 994;32;0;2;0;0;1
202200006736;801 996;7;0;2;0;9;1
202200006737;801 991;30;0;2;1;2;1
202200006737;801 993;7;0;2;2;15;1
202200006738;801 990;10;0;2;1;1;1
202200006738;801 992;33;0;2;7;1;1
202200006739;801 987;3;0;2;1;15;1
202200006739;801 989;50;0;2;8;19;3
202200006740;801 985;10;13;0;1;15;1
202200006741;801 983;7;0;2;4;23;1
202200006741;801 984;7;0;2;1;1;1
202200006742;801 986;7;0;2;3;1;1
202200006742;801 988;7;0;2;2;0;1
202200006743;801 982;7;0;1;3;15;1
202200006744;801 980;7;2;0;1;2;1
202200006745;801 978;7;0;2;1;15;1
202200006745;801 979;2;0;2;1;1;1
202200006746;801 981;50;0;0;0;0;3
202200006747;801 977;7;0;1;7;1;1
202200006748;801 975;3;0;2;3;1;1
202200006748;801 976;7;0;2;7;1;1
202200006749;801 973;33;0;1;2;3;1
202200006750;801 974;7;0;1;1;1;1
202200006751;801 972;7;0;1;2;16;1
202200006752;801 971;30;0;0;0;15;1
202200006753;801 968;7;0;2;6;1;1
202200006753;801 970;7;0;2;1;1;1
202200006754;801 967;1;0;2;1;0;5
202200006754;801 969;17;0;9;3;0;1
202200006755;801 964;7;0;2;1;2;1
202200006755;801 965;7;0;2;4;2;1
202200006756;801 961;33;0;2;1;1;1
202200006756;801 962;7;0;2;8;9;1
202200006757;801 959;7;0;1;0;1;1
202200006758;801 957;7;0;2;1;16;1
202200006758;801 958;2;0;2;5;1;1
202200006759;801 960;33;0;2;1;1;1
202200006759;801 963;7;0;2;2;15;0
202200006760;801 955;2;0;1;1;1;1
202200006761;801 953;7;0;2;1;19;1
202200006761;801 954;7;0;2;2;1;1
202200006761;801 956;30;0;2;3;1;1
202200006762;801 951;7;0;2;1;1;1
202200006762;801 952;7;0;2;1;13;1
202200006763;801 947;10;0;2;1;1;1
202200006763;801 948;7;0;2;4;2;1
202200006764;801 946;7;2;0;1;1;1
202200006765;801 945;30;15;0;1;0;1
202200006766;801 944;7;3;0;8;17;1
202200006767;801 943;34;12;0;1;5;1
202200006768;801 942;2;0;0;0;1;1
202200006769;801 940;3;0;2;4;1;1
202200006769;801 941;7;0;2;1;2;1
202200006770;801 939;7;0;0;0;0;1
202200006771;801 938;20;0;1;8;16;1
202200006772;801 936;7;8;2;3;9;1
202200006772;801 937;2;0;2;1;1;1
202200006773;801 934;10;0;5;2;1;1
202200006774;801 935;7;0;1;1;15;1
202200006775;801 930;33;2;0;1;17;1
202200006776;801 929;7;0;2;3;1;1
202200006776;801 931;7;0;2;6;1;1
202200006776;801 932;7;0;2;3;15;1
202200006777;801 928;7;15;0;1;1;1
202200006778;801 927;7;0;1;1;1;1
202200006779;801 924;10;0;2;1;1;1
202200006779;801 926;10;0;0;4;1;1
202200006780;801 923;7;0;2;7;15;1
202200006780;801 925;7;0;2;1;1;1
202200006781;801 921;7;2;0;1;1;1
202200006782;801 920;7;6;2;6;1;1
202200006782;801 922;7;6;2;2;0;1
202200006783;801 919;7;0;1;8;1;1
202200006784;801 918;2;6;0;1;13;1
202200006785;801 917;7;0;1;1;0;1
202200006786;801 916;7;13;9;1;1;0
202200006787;801 914;33;0;0;7;1;1
202200006788;801 913;7;0;2;3;1;1
202200006788;801 915;3;0;2;3;19;1
202200006789;801 912;7;1;0;1;1;1
202200006790;801 910;99;0;2;6;16;1
202200006790;801 911;1;0;2;1;2;5
202200006791;801 908;7;0;2;1;15;1
202200006791;801 909;7;0;2;1;17;1
202200006792;801 907;32;0;0;8;1;1
202200006793;801 905;2;12;0;1;1;1
202200006794;801 901;7;0;2;1;1;1
202200006794;801 902;7;0;2;1;1;1
202200006795;801 900;7;0;1;2;20;1
202200006796;801 897;7;0;2;1;13;1
202200006796;801 899;7;0;2;1;1;1
202200006797;801 893;7;0;2;8;17;1
202200006797;801 895;33;13;0;7;17;1
202200006798;801 891;7;0;2;0;0;1
202200006798;801 892;10;0;-1;0;0;1
202200006798;801 894;31;0;2;0;0;1
202200006799;801 890;3;0;0;0;0;1
202200006800;801 885;33;0;2;1;1;1
202200006800;801 888;7;0;2;1;19;1
202200006801;801 883;33;0;2;0;2;1
202200006801;801 884;0;0;0;4;2;0
202200006802;801 879;2;0;0;0;1;1
202200006803;801 880;37;0;2;4;1;1
202200006803;801 881;7;0;2;4;1;1
202200006803;801 882;7;0;2;1;1;1
202200006804;801 875;7;0;2;2;10;1
202200006804;801 877;33;0;2;1;1;1
202200006805;801 874;7;0;2;1;1;1
202200006805;801 876;10;0;2;3;0;1
202200006805;801 878;7;0;2;1;2;1
202200006806;801 871;14;0;0;6;1;1
202200006806;801 872;33;0;2;3;1;1
202200006807;801 869;2;8;0;1;1;1
202200006808;801 865;7;0;2;3;1;1
202200006808;801 866;7;0;2;2;19;1
202200006809;801 862;32;0;0;0;9;1
202200006810;801 861;7;13;0;7;1;0
202200006811;801 858;7;0;2;1;1;1
202200006811;801 859;1;0;2;4;1;5
202200006812;801 857;7;0;2;8;9;1
202200006812;801 860;7;0;2;1;1;1
202200006813;801 855;7;0;1;1;1;1
202200006814;801 851;7;0;2;6;11;1
202200006814;801 853;33;0;2;2;1;1
202200006815;801 850;7;0;2;1;1;1
202200006815;801 852;7;13;2;8;19;1
202200006816;801 849;15;0;1;3;1;1
202200006817;801 848;7;3;0;1;1;1
202200006818;801 846;2;0;2;1;26;1
202200006818;801 847;7;0;2;1;26;2
202200006819;801 842;7;0;2;4;1;1
202200006819;801 844;7;0;2;1;0;1
202200006820;801 839;15;0;0;6;24;1
202200006820;801 840;33;0;2;1;2;1
202200006820;801 841;7;1;2;2;14;2
202200006821;801 838;7;0;1;2;1;1
202200006822;801 837;2;0;0;8;15;1
202200006823;801 836;7;0;0;9;13;1
202200006824;801 833;1;0;2;7;1;5
202200006824;801 834;7;0;9;3;9;1
202200006825;801 832;7;2;2;3;1;1
202200006825;801 835;7;0;2;3;15;1
202200006826;801 829;7;3;2;0;1;1
202200006826;801 831;7;3;2;9;1;1
202200006827;801 830;10;0;1;1;1;1
202200006828;801 826;7;14;2;3;13;1
202200006828;801 828;7;0;2;3;1;1
202200006829;801 825;34;0;2;0;0;1
202200006829;801 827;7;0;2;0;0;1
202200006830;801 823;31;15;0;0;26;1
202200006831;801 822;10;0;2;3;1;1
202200006831;801 824;32;0;2;1;1;1
202200006832;801 820;7;17;0;1;13;1
202200006833;801 819;7;0;2;1;2;1
202200006833;801 821;7;0;2;1;15;1
202200006834;801 818;7;8;0;1;1;1
202200006835;801 814;7;0;2;1;13;1
202200006835;801 816;7;0;2;1;1;1
202200006836;801 815;30;0;2;7;15;1
202200006836;801 817;7;0;2;8;1;1
202200006837;801 812;7;0;1;1;1;1
202200006838;801 811;10;0;9;6;10;1
202200006838;801 813;1;0;2;1;1;5
202200006839;801 809;10;0;0;9;1;1
202200006840;801 808;7;0;2;1;1;1
202200006840;801 810;7;0;2;1;15;1
202200006841;801 807;1;0;1;1;5;5
202200006842;801 806;7;0;1;1;1;1
202200006843;801 804;15;0;2;3;1;1
202200006843;801 805;7;0;2;3;1;1
202200006844;801 802;7;0;2;1;5;1
202200006844;801 803;7;0;2;1;1;1
202200006845;801 801;33;16;0;1;1;1
202200006846;801 799;2;0;0;0;0;1
202200006847;801 798;7;0;2;3;1;1
202200006847;801 800;7;0;2;2;1;1
202200006848;801 797;33;8;0;1;1;1
202200006849;801 795;7;0;1;2;1;1
202200006850;801 794;7;0;2;4;2;1
202200006850;801 796;7;0;2;1;2;1
202200006851;801 792;2;0;2;1;2;1
202200006851;801 793;7;0;2;4;2;1
202200006852;801 790;7;0;2;1;2;1
202200006852;801 791;7;0;2;4;1;1
202200006853;801 786;7;0;2;1;1;1
202200006853;801 788;7;0;2;4;1;1
202200006854;801 785;7;0;2;4;2;1
202200006854;801 787;7;0;2;4;2;1
202200006854;801 789;7;0;2;1;2;1
202200006855;801 783;7;0;1;1;1;1
202200006856;801 782;7;0;2;3;1;1
202200006856;801 784;7;0;2;3;5;1
202200006857;801 781;30;9;0;0;13;1
202200006858;801 779;7;0;2;4;23;1
202200006858;801 780;14;0;2;1;2;1
202200006859;801 778;30;0;0;0;1;1
202200006860;801 776;2;0;0;1;1;1
202200006861;801 775;7;0;2;6;1;1
202200006861;801 777;7;0;2;2;2;1
202200006862;801 773;7;0;2;5;1;1
202200006862;801 774;7;0;2;1;12;1
202200006863;801 772;7;2;0;1;1;1
202200006864;801 771;32;0;0;0;26;1
202200006865;801 770;30;0;2;7;5;1
202200006866;801 768;7;0;2;3;2;1
202200006866;801 769;10;0;0;0;0;0
202200006867;801 767;7;0;1;2;1;1
202200006868;801 765;14;0;2;1;1;1
202200006868;801 766;13;0;2;4;2;1
202200006869;801 762;1;0;2;0;0;5
202200006869;801 764;15;0;9;7;1;1
202200006870;801 761;7;0;2;4;1;1
202200006870;801 763;7;0;2;1;1;1
202200006871;801 758;1;0;2;1;25;5
202200006871;801 760;7;0;2;1;1;1
202200006872;801 756;15;0;2;1;1;1
202200006872;801 757;7;0;2;4;1;1
202200006872;801 759;7;0;0;4;1;1
202200006873;801 754;33;0;0;8;1;1
202200006874;801 755;7;0;1;1;1;1
202200006875;801 753;7;0;1;1;0;0
202200006876;801 752;7;0;1;2;1;1
202200006877;801 751;7;6;0;1;26;1
202200006878;801 750;7;0;1;3;1;1
202200006879;801 749;7;0;1;1;1;1
202200006880;801 748;7;0;1;2;16;1
202200006881;801 746;0;0;2;0;0;0
202200006881;801 747;1;0;2;0;1;5
202200006882;801 745;1;0;0;8;1;5
202200006883;801 743;7;0;2;7;15;1
202200006883;801 744;99;14;2;1;1;1
202200006884;801 741;7;0;2;4;1;1
202200006884;801 742;10;0;2;3;2;1
202200006885;801 739;0;0;0;1;26;3
202200006886;801 738;7;0;2;4;13;1
202200006886;801 740;7;0;2;1;1;1
202200006887;801 737;7;12;0;9;1;1
202200006888;801 734;7;0;2;8;1;1
202200006888;801 736;7;0;2;1;17;1
202200006889;801 731;7;8;2;1;1;1
202200006889;801 732;7;2;2;6;1;1
202200006889;801 733;7;0;2;2;18;1
202200006889;801 735;7;2;2;9;1;1
202200006890;801 730;7;0;1;1;1;1
202200006891;801 729;7;1;0;1;9;1
202200006892;801 728;10;0;1;1;1;1
202200006893;801 727;33;0;0;0;1;1
202200006894;801 726;10;0;1;1;1;1
202200006895;801 725;7;0;1;1;15;1
202200006896;801 723;7;0;1;1;1;0
202200006897;801 722;7;0;2;1;9;1
202200006897;801 724;1;0;2;2;1;5
202200006898;801 718;33;0;2;1;1;1
202200006898;801 721;7;0;2;3;15;1
202200006899;801 715;7;0;1;3;1;2
202200006900;801 714;7;0;2;1;1;1
202200006900;801 716;7;0;2;8;15;1
202200006901;801 711;2;0;2;1;1;1
202200006901;801 713;7;0;2;5;15;1
202200006902;801 710;33;0;2;4;9;1
202200006902;801 712;7;0;2;1;1;1
202200006903;801 708;7;0;1;1;2;1
202200006904;801 707;7;0;2;8;15;1
202200006904;801 709;2;0;2;1;1;1
202200006905;801 705;7;4;0;3;13;1
202200006906;801 704;2;0;2;1;1;1
202200006906;801 706;7;0;2;4;1;1
202200006907;801 702;10;0;2;2;1;1
202200006907;801 703;1;0;2;8;19;5
202200006908;801 698;7;0;2;1;1;1
202200006908;801 700;7;0;2;4;1;1
202200006908;801 701;7;0;2;4;1;1
202200006909;801 697;7;0;2;2;1;1
202200006909;801 699;7;0;2;1;9;1
202200006910;801 696;7;3;0;1;1;1
202200006911;801 694;7;0;2;1;5;1
202200006911;801 695;7;0;2;1;1;1
202200006912;801 690;10;0;2;1;1;1
202200006912;801 692;14;0;2;4;26;1
202200006912;801 693;10;0;2;1;1;1
202200006913;801 689;50;0;2;1;1;3
202200006913;801 691;7;0;2;1;9;1
202200006914;801 687;7;0;2;2;9;1
202200006914;801 688;50;0;2;1;25;3
202200006915;801 686;31;10;0;8;1;1
202200006916;801 683;10;0;2;1;2;1
202200006916;801 685;7;0;2;4;2;1
202200006917;801 681;7;0;0;2;1;1
202200006918;801 679;7;2;0;1;1;1
202200006919;801 675;1;0;2;1;19;5
202200006919;801 677;7;0;2;2;1;1
202200006920;801 674;7;0;2;2;15;1
202200006920;801 676;7;0;2;3;1;1
202200006921;801 673;7;12;2;3;1;1
202200006922;801 670;7;0;2;4;1;1
202200006922;801 672;7;0;2;1;1;1
202200006923;801 671;7;0;1;2;1;1
202200006924;801 666;7;0;2;7;16;1
202200006924;801 668;80;0;2;8;1;3
202200006925;801 667;2;0;2;1;1;1
202200006925;801 669;7;0;2;2;15;1
202200006926;801 663;7;0;2;0;1;1
202200006926;801 665;50;0;2;0;19;3
202200006927;801 662;30;0;2;3;9;1
202200006927;801 664;7;0;2;1;1;1
202200006928;801 660;7;0;9;1;26;1
202200006928;801 661;50;0;2;1;1;3
202200006929;801 658;32;0;2;7;1;1
202200006929;801 659;7;0;2;3;1;1
202200006930;801 657;7;1;0;1;26;1
202200006931;801 656;7;1;0;7;14;1
202200006932;801 653;32;16;2;8;1;1
202200006932;801 655;7;16;2;1;16;1
202200006933;801 652;10;0;2;3;9;1
202200006933;801 654;32;0;2;1;3;1
202200006934;801 650;7;8;0;1;1;1
202200006935;801 649;33;0;2;8;15;1
202200006935;801 651;7;0;2;2;1;1
202200006936;801 648;33;12;0;1;14;1
202200006937;801 644;30;0;0;0;0;0
202200006937;801 646;7;0;2;6;4;1
202200006938;801 645;7;0;2;1;1;1
202200006938;801 647;2;0;2;0;1;3
202200006939;801 642;7;0;2;3;15;1
202200006939;801 643;7;0;2;3;1;1
202200006940;801 640;7;0;2;1;16;1
202200006940;801 641;80;0;2;1;1;3
202200006941;801 638;7;0;2;1;15;1
202200006941;801 639;1;0;2;1;1;5
202200006942;801 636;37;0;2;7;15;1
202200006942;801 637;50;0;2;1;1;3
202200006943;801 634;7;0;2;5;16;1
202200006943;801 635;50;0;2;1;1;3
202200006944;801 629;2;0;2;1;1;1
202200006944;801 631;7;0;2;5;1;1
202200006945;801 628;7;0;2;1;1;1
202200006945;801 630;7;0;2;4;1;1
202200006945;801 632;7;0;2;4;1;1
202200006945;801 633;7;0;2;4;1;1
202200006946;801 626;31;1;0;3;1;1
202200006947;801 624;7;0;2;1;0;2
202200006947;801 625;30;0;2;2;0;1
202200006947;801 627;7;0;2;1;0;1
202200006948;801 620;30;0;2;4;1;1
202200006948;801 621;7;0;2;1;1;1
202200006949;801 622;7;0;2;1;19;1
202200006949;801 623;7;0;2;1;15;1
202200006950;801 618;7;0;2;3;11;1
202200006950;801 619;13;0;2;2;1;0
202200006951;801 616;7;0;2;5;15;1
202200006951;801 617;33;0;2;1;1;1
202200006952;801 614;7;0;2;3;9;1
202200006952;801 615;7;0;2;7;9;1
202200006953;801 613;10;0;1;1;1;1
202200006954;801 610;7;9;2;6;2;1
202200006954;801 611;7;0;2;0;0;1
202200006954;801 612;7;0;2;1;2;1
202200006955;801 608;1;0;2;1;1;5
202200006955;801 609;7;0;2;7;16;1
202200006956;801 607;7;0;1;3;15;1
202200006957;801 606;10;0;1;2;1;3
202200006958;801 604;7;0;2;1;1;1
202200006958;801 605;7;0;2;5;1;1
202200006959;801 601;7;0;2;8;1;1
202200006959;801 603;7;0;2;1;1;1
202200006960;801 600;7;0;2;1;1;1
202200006960;801 602;50;0;2;1;19;3
202200006961;801 597;1;0;2;8;26;5
202200006961;801 599;7;0;2;1;2;1
202200006962;801 596;7;0;2;7;15;1
202200006962;801 598;7;0;2;1;1;1
202200006963;801 595;7;0;1;1;1;1
202200006964;801 593;7;0;2;2;15;1
202200006964;801 594;50;0;2;1;0;3
202200006965;801 592;7;0;1;2;15;1
202200006966;801 591;31;0;1;4;1;1
202200006967;801 590;7;0;1;0;1;1
202200006968;801 588;10;0;2;4;2;1
202200006968;801 589;7;0;2;1;2;1
202200006969;801 586;7;0;9;8;1;1
202200006969;801 587;1;0;2;1;1;5
202200006970;801 583;10;0;2;8;9;1
202200006970;801 584;33;0;2;8;9;1
202200006971;801 582;33;0;0;0;0;1
202200006971;801 585;7;0;0;3;1;1
202200006972;801 579;1;0;2;6;19;5
202200006972;801 580;7;0;2;2;1;1
202200006972;801 581;7;0;2;1;1;1
202200006973;801 577;7;0;2;3;9;0
202200006973;801 578;7;0;2;1;1;0
202200006974;801 575;7;0;2;2;15;1
202200006974;801 576;50;0;2;1;1;3
202200006975;801 572;7;0;2;7;1;1
202200006975;801 574;1;0;2;3;26;5
202200006976;801 571;30;0;2;1;15;1
202200006976;801 573;7;0;2;3;1;1
202200006977;801 569;7;0;2;2;1;1
202200006977;801 570;99;0;2;1;1;1
202200006978;801 567;33;0;2;8;3;1
202200006978;801 568;10;0;2;2;17;1
202200006979;801 566;7;0;1;1;1;3
202200006980;801 565;7;13;0;2;1;1
202200006981;801 563;1;16;0;9;1;5
202200006982;801 562;13;0;2;4;15;1
202200006982;801 564;7;0;2;1;2;1
202200006983;801 560;7;0;2;6;9;1
202200006983;801 561;1;0;2;2;2;5
202200006984;801 559;7;0;1;1;1;1
202200006985;801 558;2;15;0;0;26;3
202200006986;801 554;33;0;2;1;17;1
202200006986;801 555;7;0;2;8;9;1
202200006987;801 556;7;0;2;1;15;1
202200006987;801 557;7;0;2;0;0;1
202200006988;801 552;33;0;2;2;1;1
202200006988;801 553;7;0;2;3;1;0
202200006989;801 548;1;0;0;4;1;5
202200006989;801 549;7;0;2;1;26;0
202200006990;801 550;7;0;9;0;0;1
202200006990;801 551;1;0;2;0;0;5
202200006991;801 546;33;0;2;4;17;1
202200006991;801 547;3;0;2;4;1;1
202200006992;801 544;7;0;2;1;1;1
202200006992;801 545;7;0;2;1;21;1
202200006993;801 541;7;11;1;1;14;1
202200006994;801 535;1;3;2;7;2;5
202200006994;801 539;7;3;2;1;13;1
202200006995;801 536;7;0;2;3;15;1
202200006995;801 538;32;0;2;2;17;1
202200006996;801 534;7;0;2;3;16;1
202200006996;801 537;1;0;2;1;1;5
202200006997;801 533;30;0;0;0;0;1
202200006998;801 531;32;0;2;1;17;1
202200006998;801 532;7;0;2;3;15;2
202200006999;801 528;7;2;0;1;1;1
202200007000;801 527;7;0;2;1;2;1
202200007000;801 529;10;0;2;4;23;1
202200007000;801 530;7;0;2;4;23;1
202200007001;801 524;2;0;2;1;1;1
202200007001;801 526;7;0;2;6;20;1
202200007002;801 521;10;0;2;6;1;0
202200007002;801 522;32;0;2;1;1;1
202200007003;801 517;7;14;0;4;2;1
202200007003;801 519;7;14;0;1;2;1
202200007003;801 520;7;14;0;1;2;1
202200007004;801 518;7;6;0;1;14;1
202200007005;801 515;7;2;0;1;1;1
202200007006;801 514;2;1;1;1;17;1
202200007007;801 510;43;0;2;3;3;1
202200007007;801 511;7;0;2;2;2;1
202200007007;801 513;7;0;2;4;2;1
202200007008;801 509;7;0;0;4;1;1
202200007008;801 512;7;0;2;4;23;1
202200007008;801 516;7;0;2;1;2;1
202200007009;801 505;30;0;2;1;1;1
202200007009;801 507;7;0;2;1;1;1
202200007010;801 504;7;0;2;3;1;1
202200007010;801 508;33;0;2;2;3;1
202200007011;801 503;1;0;2;1;1;5
202200007011;801 506;13;0;2;3;22;0
202200007012;801 501;7;0;1;1;1;1
202200007013;801 499;7;0;2;3;10;1
202200007013;801 502;2;0;2;2;1;1
202200007014;801 497;33;0;2;1;1;1
202200007014;801 498;7;0;2;4;14;2
202200007014;801 500;43;0;2;1;3;1
202200007015;801 495;10;0;1;1;10;1
202200007016;801 496;7;2;0;2;16;2
202200007017;801 494;7;4;0;2;1;1
202200007018;801 491;30;0;0;1;13;1
202200007019;801 492;33;0;2;8;1;1
202200007019;801 493;7;0;2;0;1;0
202200007020;801 487;10;0;2;3;15;1
202200007020;801 490;50;0;2;3;1;3
202200007021;801 488;7;0;2;3;15;1
202200007021;801 489;30;0;2;2;17;1
202200007022;801 483;7;0;2;2;15;1
202200007022;801 485;33;0;2;1;1;3
202200007023;801 482;7;0;2;1;1;1
202200007023;801 484;7;0;2;4;1;1
202200007023;801 486;30;0;2;0;1;1
202200007024;801 480;7;0;0;6;15;1
202200007024;801 481;50;0;2;1;17;3
202200007025;801 478;34;0;2;8;1;1
202200007025;801 479;7;0;2;7;12;2
202200007026;801 476;2;0;2;1;1;1
202200007026;801 477;31;0;2;1;13;1
202200007027;801 474;50;0;2;1;1;3
202200007027;801 475;7;0;2;2;16;1
202200007028;801 472;13;0;2;5;4;6
202200007028;801 473;2;0;2;8;23;6
202200007029;801 468;1;0;0;7;0;5
202200007029;801 469;10;2;0;3;15;0
202200007030;801 470;33;0;2;8;5;1
202200007030;801 471;80;0;2;1;1;3
202200007031;801 465;30;0;2;1;1;3
202200007031;801 467;7;0;2;7;1;1
202200007032;801 464;31;0;2;1;0;1
202200007032;801 466;10;9;2;1;26;1
202200007033;801 463;7;0;1;3;1;1
202200007034;801 462;7;0;1;2;1;1
202200007035;801 460;2;0;2;1;3;1
202200007035;801 461;7;0;2;3;9;1
202200007036;801 458;7;0;2;2;14;1
202200007036;801 459;1;0;2;2;1;5
202200007037;801 457;7;0;1;1;1;1
202200007038;801 456;50;0;0;1;1;3
202200007039;801 454;10;0;9;3;11;1
202200007039;801 455;1;0;9;4;11;5
202200007040;801 451;7;0;2;5;2;1
202200007040;801 453;1;0;2;8;2;5
202200007041;801 450;33;0;2;8;1;1
202200007041;801 452;7;0;2;3;15;1
202200007042;801 448;32;0;2;8;1;1
202200007042;801 449;7;0;2;7;16;2
202200007043;801 446;7;0;2;3;20;2
202200007043;801 447;43;0;2;2;2;1
202200007044;801 445;7;0;1;3;15;0
202200007045;801 442;7;0;2;2;1;1
202200007045;801 444;7;0;2;3;1;1
202200007046;801 439;7;0;2;5;1;1
202200007046;801 441;33;0;2;1;1;1
202200007047;801 440;10;0;2;5;1;1
202200007047;801 443;1;0;2;3;1;5
202200007048;801 437;7;0;2;8;15;1
202200007048;801 438;30;0;0;0;0;1
202200007049;801 434;43;0;2;1;17;1
202200007049;801 435;7;0;2;3;15;1
202200007050;801 433;33;0;2;1;1;1
202200007050;801 436;7;0;2;1;17;1
202200007051;801 431;7;0;2;5;2;1
202200007051;801 432;7;0;2;1;2;1
202200007052;801 430;7;0;1;1;15;1
202200007053;801 428;3;0;1;2;1;1
202200007054;801 429;7;0;1;1;15;1