Num_Acc;id_vehicule;catv;obs;obsm;choc;manv;motor
202200007055;801 426;7;0;2;3;1;1
202200007055;801 427;10;0;2;3;5;1
202200007056;801 422;33;0;2;0;1;0
202200007056;801 424;7;0;2;0;9;1
202200007057;801 423;7;0;2;6;19;1
202200007057;801 425;34;0;2;1;1;1
202200007058;801 421;7;1;1;1;26;1
202200007059;801 419;1;0;9;7;1;5
202200007059;801 420;1;0;9;8;1;5
202200007060;801 418;7;0;1;1;1;0
202200007061;801 416;7;0;2;8;9;1
202200007061;801 417;32;0;2;1;1;1
202200007062;801 415;7;0;1;2;9;1
202200007063;801 412;32;0;2;3;1;1
202200007063;801 414;13;0;2;7;1;1
202200007064;801 410;10;0;1;1;1;1
202200007065;801 411;36;13;0;2;1;1
202200007066;801 408;7;0;0;7;16;1
202200007066;801 409;50;0;0;1;19;3
202200007067;801 407;7;0;2;0;1;1
202200007068;801 406;7;13;0;1;13;1
202200007069;801 403;1;0;2;3;19;5
202200007069;801 405;7;0;2;2;1;0
202200007070;801 399;7;0;2;1;1;1
202200007070;801 400;7;0;2;1;13;1
202200007071;801 397;7;0;2;1;1;1
202200007071;801 398;7;0;2;1;1;1
202200007071;801 401;3;0;2;1;1;0
202200007071;801 402;7;0;2;4;1;3
202200007071;801 404;7;0;2;4;1;1
202200007072;801 392;31;0;2;1;2;1
202200007072;801 393;7;0;0;6;2;1
202200007073;801 388;7;0;2;1;1;1
202200007073;801 390;7;0;2;1;13;1
202200007074;801 389;7;0;2;4;2;1
202200007074;801 391;7;0;2;4;2;1
202200007074;801 394;10;0;2;1;1;1
202200007075;801 387;14;0;1;3;15;1
202200007076;801 385;7;2;0;8;1;1
202200007077;801 383;10;0;2;4;1;1
202200007077;801 386;7;0;2;1;1;1
202200007078;801 382;7;2;0;3;13;1
202200007079;801 379;7;13;0;2;14;1
202200007080;801 378;7;0;0;4;1;1
202200007080;801 380;7;0;2;1;0;1
202200007081;801 376;2;14;0;1;1;1
202200007082;801 374;33;4;0;3;13;1
202200007083;801 370;2;0;2;1;5;1
202200007083;801 372;2;0;2;1;1;1
202200007084;801 371;7;0;2;8;10;1
202200007084;801 373;33;0;2;1;17;1
202200007085;801 367;7;4;0;9;1;1
202200007086;801 366;7;4;0;1;1;1
202200007087;801 364;7;0;2;1;1;1
202200007087;801 365;7;0;2;4;1;1
202200007087;801 368;7;0;2;4;1;1
202200007087;801 369;7;0;0;4;1;1
202200007088;801 362;7;4;0;2;1;1
202200007089;801 360;10;0;2;1;1;1
202200007089;801 361;10;0;2;4;1;1
202200007089;801 363;7;0;0;5;1;3
202200007090;801 357;7;0;2;1;1;1
202200007090;801 359;7;0;2;4;23;1
202200007091;801 355;1;0;0;7;1;5
202200007091;801 356;7;0;2;1;9;1
202200007092;801 354;7;0;2;1;1;3
202200007092;801 358;7;0;2;2;13;1
202200007093;801 353;7;2;0;9;14;1
202200007094;801 352;7;3;0;2;14;1
202200007095;801 350;1;0;2;1;1;5
202200007095;801 351;7;0;2;8;9;1
202200007096;801 348;7;4;0;9;26;1
202200007097;801 340;7;17;0;1;0;1
202200007098;801 341;7;0;2;4;1;1
202200007098;801 343;7;0;2;1;1;1
202200007099;801 339;7;0;2;6;1;1
202200007099;801 342;32;0;2;7;0;1
202200007100;801 337;7;4;0;2;14;1
202200007101;801 336;7;0;0;0;0;1
202200007102;801 335;7;0;2;2;1;1
202200007102;801 338;1;0;2;1;1;5
202200007103;801 333;7;0;1;2;1;1
202200007104;801 332;2;0;2;1;1;1
202200007104;801 334;1;0;2;3;19;5
202200007105;801 329;7;0;2;1;2;1
202200007105;801 331;7;0;2;4;2;1
202200007106;801 328;30;0;2;8;1;1
202200007106;801 330;7;0;2;3;13;1
202200007107;801 327;7;0;1;3;1;1
202200007108;801 322;7;0;2;3;0;1
202200007108;801 325;16;0;2;2;0;1
202200007109;801 320;7;0;2;0;1;1
202200007109;801 321;7;0;0;4;23;1
202200007109;801 324;7;0;2;4;23;1
202200007109;801 326;7;0;2;1;1;1
202200007110;801 323;1;0;0;0;1;5
202200007111;801 319;7;13;0;7;1;1
202200007112;801 317;33;0;0;0;1;1
202200007113;801 316;7;0;2;1;5;1
202200007113;801 318;2;0;2;1;1;1
202200007114;801 315;7;4;0;9;15;1
202200007115;801 313;43;0;0;5;1;1
202200007115;801 314;7;0;2;3;16;1
202200007116;801 308;7;0;2;2;1;1
202200007116;801 311;80;0;2;4;1;3
202200007117;801 306;7;0;-1;1;9;1
202200007117;801 309;7;0;2;1;21;1
202200007118;801 304;1;0;2;3;3;5
202200007118;801 307;1;0;2;3;1;5
202200007119;801 303;7;0;2;6;1;1
202200007119;801 305;7;0;2;9;1;1
202200007119;801 310;7;0;2;9;1;1
202200007119;801 312;99;0;2;1;1;0
202200007120;801 302;7;0;1;2;1;3
202200007121;801 301;7;4;0;3;13;1
202200007122;801 299;7;4;0;1;13;1
202200007123;801 297;7;0;2;1;1;1
202200007123;801 300;7;0;2;4;1;1
202200007124;801 296;1;0;2;1;13;5
202200007124;801 298;7;0;2;1;1;1
202200007125;801 292;43;0;2;3;3;1
202200007125;801 294;7;0;2;7;2;1
202200007126;801 293;7;0;2;3;17;1
202200007126;801 295;33;0;0;8;1;1
202200007127;801 288;7;0;2;0;0;1
202200007127;801 291;7;0;2;0;0;1
202200007128;801 289;7;0;0;6;0;1
202200007128;801 290;32;0;2;1;0;1
202200007129;801 285;1;0;0;7;1;5
202200007129;801 287;7;0;9;1;0;1
202200007130;801 282;10;0;2;4;2;1
202200007130;801 284;10;0;2;1;2;1
202200007130;801 286;7;0;2;1;2;1
202200007131;801 280;33;0;6;1;1;1
202200007132;801 278;10;0;2;1;2;1
202200007132;801 281;10;0;2;4;2;1
202200007132;801 283;7;0;2;1;2;1
202200007133;801 275;7;0;2;8;15;1
202200007133;801 279;33;0;2;8;1;1
202200007134;801 273;7;0;2;4;1;1
202200007134;801 276;7;0;2;1;1;1
202200007135;801 272;7;0;2;1;2;1
202200007135;801 274;10;0;2;1;2;1
202200007135;801 277;7;0;2;1;2;1
202200007136;801 265;7;4;2;8;1;1
202200007136;801 269;7;0;2;2;12;1
202200007137;801 268;7;0;0;6;2;1
202200007137;801 270;31;0;2;1;2;1
202200007138;801 264;33;0;2;3;1;1
202200007138;801 266;7;0;2;2;15;0
202200007139;801 263;7;13;0;9;14;1
202200007140;801 262;7;0;2;5;12;2
202200007140;801 267;33;0;2;1;3;1
202200007141;801 261;7;0;1;1;15;1
202200007142;801 257;7;0;2;1;2;1
202200007142;801 260;7;0;2;4;2;1
202200007143;801 255;10;0;9;1;9;1
202200007143;801 259;1;0;2;2;9;5
202200007144;801 254;7;0;2;1;2;1
202200007144;801 256;7;0;2;4;2;1
202200007144;801 258;7;0;2;4;2;1
202200007145;801 253;7;0;1;3;15;1
202200007146;801 250;7;0;1;1;1;1
202200007147;801 249;7;0;2;6;1;1
202200007147;801 252;33;0;2;7;12;1
202200007148;801 248;10;0;0;0;0;1
202200007148;801 251;10;0;2;1;2;1
202200007149;801 247;7;0;1;1;1;1
202200007150;801 244;33;4;0;7;14;1
202200007151;801 245;30;0;2;4;1;0
202200007152;801 243;7;4;2;2;17;1
202200007152;801 246;7;4;2;8;1;1
202200007153;801 238;7;0;1;2;9;1
202200007154;801 239;7;0;2;6;2;1
202200007154;801 240;7;0;2;1;2;1
202200007155;801 236;7;0;2;1;12;1
202200007155;801 241;7;0;2;6;1;1
202200007156;801 235;7;0;2;8;10;1
202200007156;801 237;2;0;2;1;3;1
202200007157;801 233;7;0;1;0;7;0
202200007158;801 232;10;3;0;9;14;1
202200007159;801 229;7;0;2;1;2;1
202200007159;801 231;7;0;2;1;2;1
202200007159;801 234;7;0;2;1;2;1
202200007160;801 228;31;0;2;7;17;1
202200007160;801 230;7;0;2;3;1;1
202200007161;801 224;33;0;2;1;3;1
202200007161;801 227;7;0;2;4;11;1
202200007162;801 222;7;0;2;8;15;1
202200007162;801 226;32;0;2;1;7;1
202200007163;801 223;33;3;2;4;1;0
202200007163;801 225;0;0;2;0;0;0
202200007164;801 221;7;0;1;3;1;1
202200007165;801 219;1;0;0;1;14;5
202200007166;801 216;7;0;2;4;12;1
202200007166;801 218;33;0;2;1;3;1
202200007167;801 217;7;0;2;2;1;1
202200007167;801 220;33;0;2;6;15;1
202200007168;801 214;7;0;2;8;19;1
202200007168;801 215;7;8;2;2;1;1
202200007169;801 210;7;12;0;3;1;1
202200007170;801 212;7;0;2;4;23;2
202200007170;801 213;3;1;2;1;2;1
202200007171;801 208;7;0;2;1;2;1
202200007171;801 209;7;0;2;4;23;1
202200007171;801 211;7;0;2;4;23;1
202200007172;801 203;32;0;2;0;21;1
202200007172;801 206;34;0;2;3;1;1
202200007173;801 202;7;0;2;1;1;1
202200007173;801 205;7;4;0;4;1;1
202200007173;801 207;7;4;0;3;1;1
202200007174;801 200;7;0;2;1;1;1
202200007174;801 204;50;0;2;7;15;3
202200007175;801 198;33;0;2;1;2;1
202200007175;801 201;7;0;2;4;1;2
202200007176;801 197;50;0;2;1;1;3
202200007176;801 199;10;0;2;3;16;1
202200007177;801 190;7;4;2;1;2;2
202200007177;801 194;7;0;2;4;2;1
202200007177;801 196;7;0;2;4;2;1
202200007178;801 188;7;0;2;2;15;1
202200007178;801 191;31;0;2;2;1;1
202200007179;801 187;7;0;2;1;2;1
202200007179;801 192;7;0;2;4;23;1
202200007180;801 186;7;0;2;1;2;1
202200007180;801 189;7;0;2;4;2;1
202200007180;801 193;7;0;2;4;2;1
202200007180;801 195;10;0;2;4;2;1
202200007181;801 184;10;0;2;1;1;1
202200007181;801 185;7;0;2;1;13;1
202200007182;801 183;32;12;0;0;14;1
202200007183;801 180;10;0;2;6;13;1
202200007183;801 181;7;0;2;2;1;1
202200007184;801 179;7;0;2;3;1;1
202200007184;801 182;7;12;2;6;15;1
202200007185;801 178;2;0;0;1;0;1
202200007186;801 177;1;0;1;1;1;5
202200007187;801 172;7;0;1;4;20;1
202200007188;801 171;33;0;2;1;1;1
202200007188;801 175;7;0;2;2;15;1
202200007189;801 169;33;0;2;1;2;1
202200007189;801 173;7;0;2;4;2;2
202200007189;801 176;7;0;2;4;23;1
202200007190;801 167;14;0;2;3;15;1
202200007190;801 168;33;0;2;2;13;1
202200007191;801 166;7;0;2;2;1;1
202200007191;801 170;7;0;2;5;1;1
202200007191;801 174;7;0;2;1;2;1
202200007192;801 163;7;0;2;2;1;1
202200007192;801 165;37;0;2;1;1;1
202200007193;801 159;2;0;2;1;1;0
202200007193;801 162;7;0;2;2;15;1
202200007194;801 157;33;0;2;1;2;1
202200007194;801 161;10;0;2;4;2;1
202200007194;801 164;7;0;2;4;1;1
202200007195;801 156;2;12;0;7;14;1
202200007196;801 155;7;0;2;1;2;1
202200007196;801 158;10;0;2;1;2;1
202200007196;801 160;7;0;2;4;2;1
202200007197;801 153;30;0;2;6;11;1
202200007197;801 154;7;0;2;2;14;1
202200007198;801 149;7;0;2;1;9;2
202200007198;801 150;7;0;2;7;1;1
202200007199;801 147;7;1;1;7;1;1
202200007200;801 145;7;0;2;5;2;1
202200007200;801 152;7;0;2;1;2;1
202200007201;801 144;33;0;9;0;0;1
202200007202;801 141;7;0;1;3;15;1
202200007203;801 136;7;0;2;1;1;1
202200007203;801 139;7;0;2;8;1;1
202200007204;801 134;7;0;1;1;3;1
202200007205;801 135;14;0;2;3;1;1
202200007205;801 138;7;0;2;5;12;1
202200007205;801 140;33;0;2;1;3;1
202200007206;801 133;7;14;0;0;0;1
202200007206;801 137;10;14;0;0;0;0
202200007206;801 142;7;14;0;0;0;1
202200007206;801 143;10;0;0;0;2;1
202200007206;801 146;7;14;0;0;2;1
202200007206;801 148;7;14;0;0;2;1
202200007206;801 151;10;0;0;0;1;1
202200007207;801 132;7;0;1;2;0;2
202200007208;801 128;7;0;2;5;12;1
202200007208;801 130;31;0;2;8;3;1
202200007209;801 126;7;2;0;1;1;1
202200007210;801 127;7;0;2;2;9;1
202200007210;801 131;7;0;2;8;16;1
202200007211;801 125;7;0;2;4;1;1
202200007211;801 129;0;0;2;0;0;0
202200007212;801 124;2;0;0;2;1;1
202200007213;801 121;10;3;0;2;14;1
202200007214;801 120;33;0;2;1;1;1
202200007214;801 122;7;0;2;3;15;1
202200007215;801 119;7;0;2;4;2;1
202200007215;801 123;7;0;2;1;2;1
202200007216;801 116;7;0;2;1;13;1
202200007216;801 118;7;0;2;1;1;1
202200007217;801 115;10;0;2;6;1;1
202200007217;801 117;7;0;2;1;14;1
202200007218;801 113;7;0;2;2;15;1
202200007218;801 114;7;12;2;1;2;1
202200007219;801 110;7;0;2;1;14;1
202200007219;801 111;7;3;0;4;1;1
202200007220;801 109;7;0;2;1;1;1
202200007220;801 112;7;0;2;4;1;1
202200007221;801 106;7;10;0;1;16;1
202200007222;801 103;10;0;2;1;2;1
202200007222;801 105;7;0;2;4;2;1
202200007222;801 107;15;0;2;6;2;1
202200007223;801 101;7;1;0;1;1;1
202200007223;801 104;10;0;0;4;24;-1
202200007224;801 100;2;0;2;1;1;1
202200007224;801 102;7;0;2;5;9;1
202200007225;801 099;7;6;0;3;1;1
202200007226;801 098;7;0;1;2;1;1
202200007227;801 094;7;0;2;1;2;1
202200007227;801 096;7;0;0;4;1;1
202200007228;801 095;1;0;2;1;1;5
202200007228;801 097;7;0;2;1;1;0
202200007229;801 092;7;0;1;3;15;2
202200007230;801 091;7;0;2;8;9;1
202200007230;801 093;7;0;2;2;1;1
202200007231;801 090;7;1;1;2;1;1
202200007232;801 089;10;0;1;1;1;1
202200007233;801 088;33;12;0;0;21;1
202200007234;801 085;7;0;1;1;9;1
202200007235;801 084;7;0;2;1;13;1
202200007235;801 087;7;0;2;2;1;1
202200007236;801 083;10;0;2;1;15;1
202200007236;801 086;30;0;2;1;1;1
202200007237;801 080;7;0;1;1;1;1
202200007238;801 079;33;0;2;1;1;1
202200007238;801 081;7;0;2;3;15;1
202200007239;801 077;7;0;2;3;21;1
202200007239;801 082;7;0;2;3;13;1
202200007240;801 075;7;0;2;6;1;1
202200007240;801 078;7;0;2;0;17;1
202200007241;801 074;7;16;0;0;1;1
202200007242;801 071;15;0;2;1;2;1
202200007242;801 073;7;0;2;4;2;1
202200007242;801 076;15;0;0;4;2;1
202200007243;801 070;7;0;2;3;1;1
202200007243;801 072;7;1;2;3;13;1
202200007244;801 067;7;0;2;3;10;1
202200007244;801 069;33;0;2;7;2;1
202200007245;801 068;7;2;0;3;14;1
202200007246;801 066;7;13;0;2;26;1
202200007247;801 065;40;0;1;2;1;3
202200007248;801 064;7;2;0;1;1;1
202200007249;801 062;7;13;0;3;26;1
202200007250;801 063;7;0;1;1;16;1
202200007251;801 060;33;0;5;1;1;1
202200007252;801 059;17;0;2;1;1;1
202200007252;801 061;7;0;2;1;13;1
202200007253;801 058;31;9;0;2;14;1
202200007254;801 056;17;0;2;8;1;1
202200007254;801 057;32;0;2;3;16;1
202200007255;801 054;14;13;0;3;13;1
202200007256;801 053;7;13;0;2;1;1
202200007257;801 052;1;0;2;4;15;5
202200007257;801 055;32;0;2;0;2;0
202200007258;801 051;7;2;0;1;1;1
202200007259;801 049;7;6;0;1;1;1
202200007260;801 048;7;4;0;3;1;1
202200007261;801 047;7;0;2;8;17;1
202200007261;801 050;7;0;2;6;15;1
202200007262;801 045;7;9;0;1;1;1
202200007263;801 044;7;0;2;5;1;1
202200007263;801 046;7;0;2;1;9;1
202200007264;801 042;7;0;1;3;15;1
202200007265;801 041;7;13;0;1;13;1
202200007266;801 039;7;0;2;1;1;1
202200007266;801 043;7;0;2;7;15;1
202200007267;801 038;2;0;2;1;1;1
202200007267;801 040;7;0;2;3;17;1
202200007268;801 036;7;2;0;9;14;1
202200007269;801 032;7;0;2;3;13;1
202200007269;801 035;7;0;2;2;1;1
202200007270;801 034;80;0;2;1;13;3
202200007270;801 037;1;0;2;1;1;5
202200007271;801 031;7;0;2;6;12;1
202200007271;801 033;33;0;2;1;12;1
202200007272;801 028;7;0;1;3;1;1
202200007273;801 029;2;0;2;7;21;1
202200007273;801 030;7;0;2;7;21;1
202200007274;801 027;7;0;1;4;4;1
202200007275;801 024;10;17;0;1;1;1
202200007276;801 025;7;2;0;8;1;1
202200007277;801 023;50;0;2;2;1;3
202200007277;801 026;7;0;2;2;1;1
202200007278;801 021;7;0;1;1;1;1
202200007279;801 015;7;0;2;3;23;1
202200007279;801 017;7;0;2;3;21;1
202200007279;801 020;7;0;2;8;1;0
202200007279;801 022;7;0;2;1;9;1
202200007280;801 016;31;0;2;8;1;1
202200007280;801 019;7;2;2;1;15;1
202200007281;801 013;7;0;1;1;1;1
202200007282;801 014;50;0;2;1;25;3
202200007282;801 018;7;0;0;2;16;1
202200007283;801 011;7;0;2;1;2;2
202200007283;801 012;7;0;2;4;2;1
202200007284;801 010;33;0;0;9;17;1
202200007285;801 008;7;0;1;2;19;1
202200007286;801 007;33;0;2;7;1;1
202200007286;801 009;7;0;2;3;13;1
202200007287;801 004;7;11;0;1;14;1
202200007288;801 003;7;0;2;1;17;1
202200007288;801 005;7;0;2;4;1;1
202200007289;801 002;33;0;2;2;1;1
202200007289;801 006;7;0;2;8;9;1
202200007290;800 999;33;0;2;2;17;1
202200007290;801 001;7;0;2;3;2;1
202200007291;800 996;10;0;2;2;15;1
202200007291;801 000;32;0;2;3;3;1
202200007292;800 994;7;0;2;3;13;1
202200007292;800 997;7;3;2;1;1;1
202200007293;800 995;7;0;2;3;1;1
202200007293;800 998;7;0;2;2;15;1
202200007294;800 992;33;13;0;8;0;1
202200007295;800 990;7;0;1;1;21;1
202200007296;800 987;7;2;2;7;3;1
202200007296;800 991;7;2;2;3;1;1
202200007297;800 988;7;0;2;3;1;1
202200007297;800 993;1;0;2;3;25;5
202200007298;800 985;30;0;0;0;26;0
202200007299;800 986;7;0;2;1;1;1
202200007299;800 989;7;0;2;3;1;1
202200007300;800 983;7;8;0;2;1;1
202200007301;800 981;7;0;2;1;15;0
202200007301;800 984;7;0;2;4;1;1
202200007302;800 979;10;0;1;1;1;1
202200007303;800 980;7;0;2;8;15;1
202200007303;800 982;30;14;2;7;17;1
202200007304;800 976;2;6;0;3;1;1
202200007305;800 975;7;0;2;3;1;1
202200007305;800 977;7;0;2;3;13;1
202200007306;800 974;7;0;2;1;1;1
202200007306;800 978;7;0;2;7;1;2
202200007307;800 973;7;6;0;0;15;1
202200007308;800 972;7;0;1;2;1;1
202200007309;800 970;7;8;0;1;1;1
202200007310;800 969;31;0;0;0;1;1
202200007311;800 967;7;0;2;1;2;1
202200007311;800 971;2;0;2;4;1;1
202200007312;800 966;21;0;2;4;2;1
202200007312;800 968;33;0;2;1;12;1
202200007313;800 963;10;0;2;1;15;1
202200007313;800 965;7;0;2;1;1;2
202200007314;800 962;33;13;0;1;13;1
202200007315;800 957;7;9;2;1;9;1
202200007315;800 960;7;0;2;1;15;1
202200007315;800 961;7;0;2;3;9;1
202200007316;800 958;7;8;0;1;1;1
202200007317;800 955;33;0;0;0;1;1
202200007318;800 954;7;0;2;1;1;1
202200007318;800 956;7;0;2;6;1;1
202200007318;800 964;7;0;2;4;1;1
202200007319;800 949;7;0;2;1;19;1
202200007319;800 953;7;0;2;7;1;1
202200007320;800 951;33;0;2;4;1;1
202200007320;800 952;17;0;2;2;1;1
202200007321;800 947;7;0;2;4;2;1
202200007321;800 950;7;0;2;1;2;1
202200007322;800 946;7;0;2;3;6;1
202200007322;800 948;7;0;2;3;1;1
202200007323;800 943;7;0;0;2;0;1
202200007324;800 942;7;8;0;7;0;1
202200007325;800 941;7;0;2;1;2;1
202200007325;800 944;7;0;2;4;2;1
202200007326;800 940;7;0;2;1;15;1
202200007326;800 945;1;0;2;7;1;5
202200007327;800 939;7;13;0;1;2;1
202200007328;800 935;43;0;2;8;1;1
202200007328;800 937;7;0;2;7;12;1
202200007329;800 936;33;0;2;1;15;1
202200007329;800 938;7;0;2;1;5;1
202200007330;800 933;7;1;0;1;14;1
202200007331;800 932;7;0;2;7;15;1
202200007331;800 934;7;0;2;1;1;1
202200007332;800 930;33;13;0;1;1;1
202200007333;800 929;7;8;0;2;0;1
202200007334;800 928;7;0;2;1;1;1
202200007334;800 931;7;0;2;4;1;1
202200007335;800 926;7;0;2;3;1;1
202200007335;800 927;33;0;2;1;9;1
202200007336;800 923;7;13;0;1;15;1
202200007337;800 922;7;2;0;8;1;1
202200007338;800 921;7;0;2;1;1;1
202200007338;800 925;7;0;2;3;9;1
202200007339;800 920;7;0;2;1;2;1
202200007339;800 924;7;0;2;4;1;1
202200007340;800 919;7;14;0;3;1;1
202200007341;800 917;7;1;0;2;1;1
202200007342;800 911;34;0;0;8;1;1
202200007343;800 910;15;0;2;8;11;1
202200007343;800 914;7;0;2;7;2;1
202200007344;800 909;10;0;2;6;2;1
202200007344;800 913;33;0;2;1;2;1
202200007344;800 915;14;0;0;0;0;1
202200007345;800 908;7;0;2;8;15;1
202200007345;800 912;30;0;2;1;17;1
202200007346;800 906;33;0;2;7;1;1
202200007346;800 907;7;0;2;2;1;1
202200007347;800 903;33;0;0;3;13;1
202200007348;800 904;7;4;0;3;26;1
202200007349;800 902;32;0;2;3;1;1
202200007349;800 905;30;0;2;7;9;1
202200007350;800 900;7;3;2;9;13;1
202200007350;800 901;7;0;2;2;21;1
202200007351;800 896;17;1;0;2;14;1
202200007351;800 898;10;3;0;6;0;1
202200007352;800 895;10;15;2;1;1;1
202200007352;800 899;7;0;2;6;15;3
202200007353;800 894;99;0;2;2;5;0
202200007353;800 897;33;0;2;0;13;1
202200007354;800 892;7;4;2;1;2;1
202200007354;800 893;7;4;2;4;2;1
202200007355;800 888;31;0;0;0;0;1
202200007356;800 887;7;4;0;2;14;1
202200007357;800 885;30;0;2;1;1;1
202200007357;800 889;7;0;2;3;26;1
202200007358;800 882;33;0;0;0;1;1
202200007359;800 879;7;9;0;1;9;1
202200007360;800 878;7;0;2;4;1;1
202200007360;800 881;7;0;2;1;2;1
202200007361;800 875;7;0;2;8;11;1
202200007361;800 876;31;0;2;7;3;1
202200007362;800 871;7;0;2;2;2;1
202200007362;800 874;7;0;2;1;9;1
202200007363;800 869;7;0;5;2;1;1
202200007364;800 870;1;0;2;2;26;5
202200007364;800 873;7;0;9;3;9;1
202200007365;800 868;7;0;2;1;2;1
202200007365;800 872;7;0;2;4;2;1
202200007366;800 864;7;8;0;1;15;1
202200007367;800 863;7;0;0;2;17;1
202200007367;800 866;7;4;2;6;2;1
202200007368;800 862;7;0;2;3;1;1
202200007368;800 867;60;0;2;7;26;5
202200007369;800 861;7;0;2;4;2;1
202200007369;800 865;7;0;2;1;2;1
202200007370;800 858;17;0;2;8;1;1
202200007370;800 860;31;0;2;1;11;1
202200007371;800 855;33;0;2;1;1;1
202200007371;800 857;10;0;2;7;15;1
202200007372;800 856;1;0;2;1;1;5
202200007372;800 859;7;0;9;3;15;1
202200007373;800 853;7;0;2;4;2;1
202200007373;800 854;7;0;2;1;2;1
202200007374;800 851;34;0;0;0;3;1
202200007375;800 847;7;0;2;1;1;1
202200007375;800 852;10;0;2;5;2;1
202200007376;800 846;33;0;2;2;1;1
202200007376;800 849;7;0;2;6;11;1
202200007377;800 840;1;0;9;3;1;5
202200007377;800 844;1;0;9;1;0;5
202200007378;800 842;15;0;2;5;1;1
202200007378;800 845;31;0;2;3;9;1
202200007379;800 838;10;0;2;1;1;1
202200007379;800 841;10;0;2;4;2;1
202200007379;800 843;10;0;2;4;2;1
202200007380;800 837;17;0;0;1;0;1
202200007380;800 839;7;0;0;9;9;1
202200007381;800 835;7;0;0;0;1;1
202200007382;800 834;10;3;0;3;1;1
202200007383;800 827;7;0;2;8;26;1
202200007383;800 830;7;0;2;1;1;1
202200007384;800 828;33;0;2;1;18;1
202200007384;800 832;7;0;2;4;12;2
202200007385;800 825;7;0;2;1;1;1
202200007385;800 829;7;0;2;4;1;1
202200007385;800 831;7;0;2;4;23;1
202200007385;800 833;7;0;2;4;23;1
202200007385;800 836;7;0;2;4;23;2
202200007386;800 823;10;0;2;8;23;1
202200007386;800 826;33;14;0;7;26;1
202200007387;800 820;7;2;0;1;0;1
202200007388;800 819;7;0;2;8;11;1
202200007388;800 822;33;0;2;1;3;1
202200007388;800 824;7;0;2;5;1;0
202200007389;800 817;14;3;0;1;13;1
202200007390;800 818;7;0;2;2;1;2
202200007390;800 821;30;0;2;1;5;3
202200007391;800 814;33;0;2;1;1;1
202200007391;800 816;10;0;0;5;10;1
202200007392;800 812;15;0;2;4;1;1
202200007392;800 815;15;0;2;1;1;1
202200007393;800 813;7;15;0;2;19;1
202200007394;800 810;7;0;1;1;15;1
202200007395;800 808;10;0;1;2;20;1
202200007396;800 807;38;0;2;3;15;1
202200007396;800 811;30;0;2;3;1;1
202200007397;800 806;31;0;2;1;3;1
202200007397;800 809;7;0;2;3;13;1
202200007398;800 800;30;0;2;1;1;1
202200007398;800 805;7;0;2;3;1;1
202200007399;800 802;33;0;2;0;17;1
202200007399;800 804;7;0;2;0;15;2
202200007400;800 797;7;0;2;2;26;1
202200007400;800 801;2;0;2;1;1;1
202200007401;800 796;7;0;2;8;1;1
202200007401;800 798;7;0;2;8;1;2
202200007401;800 799;10;0;2;7;12;1
202200007401;800 803;31;0;2;2;3;1
202200007402;800 794;7;0;2;8;13;1
202200007402;800 795;7;1;2;8;1;1
202200007403;800 793;1;0;0;0;0;5
202200007404;800 788;7;14;0;1;0;1
202200007405;800 790;33;0;2;3;7;1
202200007405;800 792;10;0;2;1;15;1
202200007406;800 787;7;0;2;4;2;1
202200007406;800 789;7;0;2;1;2;1
202200007406;800 791;7;0;2;1;1;1
202200007407;800 784;7;0;1;0;1;0
202200007408;800 785;7;0;2;1;2;1
202200007408;800 786;7;0;2;4;2;1
202200007409;800 783;7;0;1;1;15;1
202200007410;800 782;33;0;0;3;3;1
202200007411;800 780;7;3;0;2;2;1
202200007412;800 775;7;0;1;1;2;1
202200007412;800 779;7;0;2;4;23;1
202200007413;800 774;33;0;2;4;23;1
202200007413;800 777;30;0;2;1;2;1
202200007414;800 771;7;0;2;6;13;1
202200007414;800 772;33;0;2;7;1;1
202200007414;800 776;33;0;2;0;0;1
202200007414;800 778;33;0;2;0;0;1
202200007414;800 781;33;0;2;0;1;1
202200007415;800 769;10;0;2;1;11;1
202200007415;800 773;17;0;2;1;1;1
202200007416;800 768;30;0;2;0;0;1
202200007416;800 770;7;0;2;0;0;1
202200007417;800 766;7;0;2;3;15;1
202200007417;800 767;30;1;2;7;5;1
202200007418;800 761;7;0;2;4;1;1
202200007418;800 764;33;0;2;1;26;1
202200007419;800 760;33;0;2;1;1;1
202200007419;800 762;7;0;2;3;15;1
202200007420;800 759;7;0;2;1;2;2
202200007420;800 763;7;0;2;4;2;1
202200007420;800 765;10;0;2;4;2;1
202200007421;800 755;7;0;2;2;16;1
202200007421;800 758;32;0;2;8;18;1
202200007422;800 754;7;4;2;4;1;1
202200007422;800 757;34;4;2;1;3;1
202200007423;800 753;33;3;0;2;14;1
202200007424;800 752;7;0;2;1;1;3
202200007424;800 756;33;0;2;7;1;1
202200007425;800 748;10;0;2;4;1;0
202200007425;800 750;33;0;2;1;11;1
202200007426;800 747;7;0;0;0;14;1
202200007427;800 749;7;0;2;3;15;1
202200007427;800 751;31;0;2;2;17;1
202200007428;800 746;7;0;1;1;1;1
202200007429;800 744;7;5;2;1;21;1
202200007430;800 743;7;4;0;1;19;1
202200007431;800 742;7;0;2;5;11;1
202200007431;800 745;33;0;2;1;1;1
202200007432;800 740;14;0;2;4;23;1
202200007432;800 741;10;0;2;1;2;1
202200007433;800 737;7;0;2;2;1;1
202200007433;800 739;7;0;2;6;1;1
202200007434;800 735;7;13;0;1;1;1
202200007435;800 734;80;0;1;1;5;3
202200007436;800 731;7;0;2;4;1;2
202200007436;800 733;7;1;0;4;1;1
202200007436;800 736;7;1;0;4;23;1
202200007436;800 738;10;1;0;1;1;1
202200007437;800 730;7;0;2;3;0;1
202200007437;800 732;10;0;0;4;0;1
202200007438;800 726;7;0;2;1;1;2
202200007438;800 728;7;0;2;1;1;1
202200007438;800 729;7;0;2;4;1;0