Num_Acc;id_vehicule;catv;obs;obsm;choc;manv;motor
202200008614;798 640;7;0;1;2;1;1
202200008615;798 638;7;0;2;8;22;1
202200008615;798 639;50;1;0;1;1;3
202200008616;798 636;7;0;2;1;16;1
202200008616;798 637;37;0;2;1;1;1
202200008617;798 635;7;0;1;2;1;1
202200008618;798 633;33;9;2;8;1;1
202200008618;798 634;7;0;2;2;10;1
202200008619;798 632;7;0;1;5;1;1
202200008620;798 631;30;1;0;1;11;1
202200008621;798 630;1;0;0;0;18;5
202200008622;798 626;7;0;2;7;1;1
202200008622;798 627;7;0;2;1;1;1
202200008622;798 628;7;0;2;1;1;2
202200008622;798 629;7;0;2;1;1;1
202200008623;798 624;7;0;2;0;0;1
202200008623;798 625;34;0;2;2;0;1
202200008624;798 623;60;0;0;0;25;5
202200008625;798 620;33;0;2;1;2;1
202200008625;798 621;7;0;2;4;2;1
202200008625;798 622;30;0;2;4;2;1
202200008626;798 617;13;0;2;3;1;1
202200008626;798 618;10;0;2;5;1;1
202200008626;798 619;33;0;2;8;3;1
202200008627;798 616;50;12;0;1;1;3
202200008628;798 614;15;0;2;0;15;0
202200008628;798 615;10;0;2;7;10;1
202200008629;798 612;32;0;2;3;1;1
202200008629;798 613;7;0;2;3;10;1
202200008630;798 610;7;0;2;7;17;2
202200008630;798 611;1;1;2;8;13;5
202200008631;798 608;33;0;2;1;2;1
202200008631;798 609;1;0;2;4;15;5
202200008632;798 607;1;14;0;3;13;5
202200008633;798 605;1;0;2;1;1;5
202200008633;798 606;7;0;2;2;1;2
202200008634;798 602;10;0;2;5;26;1
202200008634;798 603;7;0;2;4;26;1
202200008634;798 604;7;0;2;1;26;1
202200008635;798 600;7;0;2;3;11;1
202200008635;798 601;33;1;2;1;17;1
202200008636;798 598;7;0;9;8;20;1
202200008636;798 599;60;5;0;0;0;5
202200008637;798 596;10;0;2;8;10;1
202200008637;798 597;33;0;2;7;17;3
202200008638;798 594;10;0;0;7;15;1
202200008638;798 595;33;0;2;1;1;1
202200008639;798 592;50;0;0;0;0;3
202200008639;798 593;7;0;2;1;15;0
202200008640;798 590;7;0;2;1;1;0
202200008640;798 591;7;0;2;5;1;0
202200008641;798 588;7;0;2;1;1;1
202200008641;798 589;7;0;2;2;15;1
202200008642;798 586;7;0;0;2;1;1
202200008642;798 587;30;0;2;1;26;1
202200008643;798 585;7;0;1;1;0;1
202200008644;798 583;7;0;2;0;0;1
202200008644;798 584;30;0;2;3;1;1
202200008645;798 581;99;0;2;3;1;1
202200008645;798 582;7;0;2;2;16;1
202200008646;798 579;3;0;2;1;15;0
202200008646;798 580;3;0;2;2;1;0
202200008647;798 577;33;0;2;1;1;1
202200008647;798 578;7;0;2;8;9;1
202200008648;798 575;17;0;2;3;15;1
202200008648;798 576;30;0;2;1;1;1
202200008649;798 574;10;12;0;2;1;1
202200008650;798 573;1;0;1;1;16;5
202200008651;798 571;7;0;2;1;1;1
202200008651;798 572;34;0;2;6;1;1
202200008652;798 569;7;0;2;3;2;1
202200008652;798 570;1;0;2;1;0;5
202200008653;798 566;80;0;2;2;5;3
202200008653;798 567;7;0;2;6;1;1
202200008654;798 564;1;0;0;4;1;5
202200008654;798 565;7;0;2;2;1;1
202200008655;798 562;1;0;2;0;2;5
202200008655;798 563;7;0;2;7;2;1
202200008656;798 561;7;3;0;3;13;1
202200008657;798 560;7;13;0;1;19;1
202200008658;798 559;14;1;0;2;2;1
202200008659;798 558;7;13;0;0;1;1
202200008660;798 556;7;0;2;1;15;1
202200008660;798 557;33;0;2;1;1;0
202200008661;798 555;7;13;0;2;0;1
202200008662;798 554;7;0;0;1;1;1
202200008663;798 552;17;0;2;3;21;1
202200008663;798 553;10;0;2;3;13;1
202200008664;798 551;7;0;1;1;0;1
202200008665;798 550;7;0;0;8;0;1
202200008666;798 549;33;13;0;2;1;1
202200008667;798 548;7;0;0;2;1;1
202200008668;798 546;33;0;2;1;26;1
202200008668;798 547;7;0;2;3;0;1
202200008669;798 545;2;0;0;7;1;1
202200008670;798 543;33;0;2;1;1;1
202200008670;798 544;7;0;2;8;9;1
202200008671;798 542;21;0;1;8;1;1
202200008672;798 540;1;0;0;4;1;5
202200008672;798 541;7;0;2;2;2;1
202200008673;798 539;7;0;0;0;1;1
202200008674;798 537;2;16;0;0;2;1
202200008675;798 536;2;0;0;1;1;1
202200008676;798 534;7;0;2;3;1;0
202200008676;798 535;2;0;2;8;1;1
202200008677;798 532;10;0;0;4;15;1
202200008677;798 533;7;0;2;1;2;1
202200008678;798 531;7;13;0;8;1;0
202200008679;798 528;7;0;2;3;1;1
202200008679;798 529;7;0;2;3;13;1
202200008679;798 530;7;0;2;8;1;1
202200008680;798 527;2;5;0;1;0;1
202200008681;798 526;7;13;0;2;14;1
202200008682;798 524;33;0;0;0;21;1
202200008682;798 525;7;0;0;0;15;1
202200008683;798 523;33;6;0;1;17;1
202200008684;798 522;1;0;0;0;1;5
202200008685;798 521;7;2;0;1;1;1
202200008686;798 520;31;0;0;0;1;1
202200008687;798 518;33;0;2;1;1;1
202200008687;798 519;7;0;2;8;1;1
202200008688;798 517;7;13;0;3;1;1
202200008689;798 516;7;13;0;2;1;1
202200008690;798 515;7;7;0;2;14;1
202200008691;798 514;14;0;0;7;1;1
202200008692;798 512;80;0;2;1;1;3
202200008692;798 513;7;0;9;6;20;1
202200008693;798 511;7;2;0;3;1;1
202200008694;798 509;7;0;9;1;15;2
202200008694;798 510;1;0;2;8;26;5
202200008695;798 507;2;0;2;1;1;1
202200008695;798 508;7;0;2;3;26;1
202200008696;798 505;7;0;2;2;9;1
202200008696;798 506;1;0;2;1;1;5
202200008697;798 504;33;0;6;1;0;1
202200008698;798 503;7;0;0;0;1;1
202200008699;798 502;34;5;0;1;18;1
202200008700;798 501;33;3;0;3;17;1
202200008701;798 499;7;0;2;1;13;1
202200008701;798 500;7;0;2;1;1;1
202200008702;798 497;10;0;2;1;13;1
202200008702;798 498;7;0;2;1;1;1
202200008703;798 495;15;3;0;3;1;1
202200008704;798 493;15;0;2;2;1;1
202200008704;798 494;7;0;2;3;11;1
202200008705;798 490;10;3;2;5;2;1
202200008705;798 491;33;3;2;4;2;1
202200008705;798 492;7;3;2;2;2;1
202200008706;798 486;7;0;2;1;1;1
202200008706;798 487;10;0;2;4;0;1
202200008706;798 488;7;0;2;3;1;1
202200008706;798 489;7;0;2;4;1;1
202200008707;798 484;7;0;2;8;1;1
202200008707;798 485;17;0;2;7;12;1
202200008708;798 481;1;0;9;1;1;5
202200008709;798 480;7;0;1;1;1;1
202200008710;798 478;99;0;2;6;23;1
202200008710;798 479;7;0;2;5;13;1
202200008711;798 476;33;0;2;1;2;1
202200008711;798 477;7;0;2;4;20;1
202200008712;798 474;2;0;2;1;21;1
202200008712;798 475;7;0;2;7;21;1
202200008713;798 472;30;0;2;3;13;1
202200008713;798 473;30;0;2;8;1;1
202200008714;798 471;80;0;1;1;1;3
202200008715;798 469;37;0;2;2;17;1
202200008715;798 470;1;0;2;6;2;5
202200008716;798 466;7;0;2;1;19;2
202200008716;798 467;10;0;2;1;23;1
202200008716;798 468;7;0;2;4;23;1
202200008717;798 465;7;0;1;3;15;1
202200008718;798 463;1;0;2;4;26;5
202200008718;798 464;30;0;2;1;26;1
202200008719;798 461;10;0;2;4;2;1
202200008719;798 462;43;0;2;1;2;1
202200008720;798 459;33;0;2;8;1;1
202200008720;798 460;7;0;2;3;15;1
202200008721;798 458;13;0;1;4;2;1
202200008722;798 456;50;0;2;0;0;3
202200008722;798 457;7;0;9;2;1;2
202200008723;798 454;31;0;2;1;0;1
202200008723;798 455;7;0;2;5;1;1
202200008724;798 452;7;0;0;0;9;1
202200008724;798 453;1;0;0;0;1;5
202200008725;798 450;50;0;2;2;7;3
202200008725;798 451;7;0;2;8;1;1
202200008726;798 448;10;0;2;4;26;1
202200008726;798 449;1;0;2;1;25;5
202200008727;798 446;7;0;2;7;19;1
202200008727;798 447;33;0;2;8;1;1
202200008728;798 444;7;0;2;1;9;1
202200008728;798 445;33;0;2;7;17;1
202200008729;798 442;7;0;2;7;26;1
202200008729;798 443;33;0;2;8;1;1
202200008730;798 440;2;0;0;0;0;0
202200008730;798 441;1;0;2;2;2;5
202200008731;798 437;7;0;2;4;2;1
202200008731;798 438;7;0;2;4;2;1
202200008731;798 439;7;0;2;1;2;1
202200008732;798 436;99;0;0;0;1;5
202200008733;798 434;7;0;0;4;23;1
202200008733;798 435;7;0;2;1;2;1
202200008734;798 433;7;0;0;2;15;1
202200008735;798 431;10;0;2;1;15;0
202200008735;798 432;50;0;2;7;1;3
202200008736;798 429;30;0;2;1;1;1
202200008736;798 430;7;0;2;7;15;1
202200008737;798 427;7;0;2;1;2;1
202200008737;798 428;7;0;2;4;2;1
202200008738;798 425;1;0;2;8;19;5
202200008738;798 426;7;0;2;3;17;1
202200008739;798 423;7;0;2;4;1;1
202200008739;798 424;7;0;2;1;1;1
202200008740;798 421;1;0;2;7;1;5
202200008740;798 422;7;0;2;1;9;1
202200008741;798 419;7;0;2;7;19;1
202200008741;798 420;33;0;2;1;1;1
202200008742;798 417;50;0;2;1;2;3
202200008742;798 418;7;0;2;7;2;1
202200008743;798 416;7;0;1;1;1;1
202200008744;798 414;30;0;2;3;19;1
202200008744;798 415;17;0;2;1;26;1
202200008745;798 412;31;0;2;1;1;1
202200008745;798 413;7;0;2;7;15;1
202200008746;798 410;7;0;0;6;23;1
202200008746;798 411;1;0;0;1;21;5
202200008747;798 409;34;12;0;1;0;1
202200008748;798 408;7;0;1;1;1;0
202200008749;798 406;7;0;2;1;9;1
202200008749;798 407;2;0;2;1;1;1
202200008750;798 405;7;13;0;1;14;1
202200008751;798 403;7;0;2;1;2;1
202200008751;798 404;7;0;0;4;2;1
202200008752;798 401;7;0;2;1;1;1
202200008752;798 402;50;0;2;7;15;3
202200008753;798 400;7;16;0;1;1;1
202200008754;798 398;7;0;2;3;1;1
202200008754;798 399;3;0;2;1;1;3
202200008755;798 397;7;0;1;1;1;1
202200008756;798 396;7;3;0;0;13;1
202200008757;798 394;1;0;2;1;1;5
202200008757;798 395;7;0;9;1;15;1
202200008758;798 393;1;12;0;3;21;5
202200008759;798 392;10;0;1;1;1;1
202200008760;798 389;7;0;2;1;2;1
202200008760;798 390;7;0;2;4;2;1
202200008760;798 391;7;0;2;4;2;1
202200008761;798 387;7;0;2;3;1;1
202200008761;798 388;7;0;2;1;1;1
202200008762;798 385;7;0;2;1;13;1
202200008762;798 386;7;0;2;1;1;1
202200008763;798 384;30;0;0;1;1;1
202200008764;798 382;7;0;1;1;1;1
202200008765;798 380;7;0;2;2;1;1
202200008765;798 381;50;0;2;1;19;3
202200008766;798 378;33;0;2;8;18;1
202200008766;798 379;7;0;2;1;26;1
202200008767;798 377;7;0;1;0;0;0
202200008768;798 374;7;0;2;4;2;1
202200008768;798 375;34;0;2;5;2;1
202200008768;798 376;7;0;2;3;2;1
202200008769;798 372;50;0;2;7;1;3
202200008769;798 373;30;0;2;1;15;1
202200008770;798 371;31;0;1;1;1;1
202200008771;798 369;7;0;2;6;15;1
202200008771;798 370;30;0;2;1;1;1
202200008772;798 367;33;0;2;1;1;1
202200008772;798 368;3;0;2;2;10;1
202200008773;798 365;2;0;2;3;9;3
202200008773;798 366;10;0;2;2;1;1
202200008774;798 363;7;0;2;1;1;3
202200008774;798 364;7;0;2;1;1;1
202200008775;798 361;7;0;2;1;1;1
202200008775;798 362;7;0;2;3;1;1
202200008776;798 360;2;0;0;0;17;1
202200008777;798 359;7;0;1;1;5;1
202200008778;798 358;10;0;1;1;15;1
202200008779;798 357;7;0;1;1;1;1
202200008780;798 355;34;0;2;2;1;1
202200008780;798 356;10;0;2;3;9;1
202200008781;798 353;7;0;2;4;1;1
202200008781;798 354;7;0;2;1;1;1
202200008782;798 351;2;0;2;2;16;3
202200008782;798 352;7;0;2;2;16;1
202200008783;798 349;7;0;2;1;1;0
202200008783;798 350;32;0;2;8;1;1
202200008784;798 348;7;0;1;1;1;1
202200008785;798 346;1;0;2;7;1;5
202200008785;798 347;7;0;2;3;1;1
202200008786;798 344;7;3;0;1;1;1
202200008786;798 345;15;0;2;2;1;1
202200008787;798 342;1;0;2;1;13;5
202200008787;798 343;50;0;2;1;1;3
202200008788;798 341;7;4;0;7;1;1
202200008789;798 339;7;0;2;3;15;1
202200008789;798 340;33;0;2;7;1;1
202200008790;798 336;33;0;2;7;1;1
202200008790;798 338;7;0;2;8;13;1
202200008791;798 337;50;0;0;0;1;3
202200008792;798 334;1;0;0;1;1;5
202200008793;798 331;14;0;2;4;2;1
202200008793;798 333;7;0;2;4;2;1
202200008793;798 335;7;0;2;1;1;1
202200008794;798 330;43;0;2;3;0;1
202200008794;798 332;1;0;2;0;0;5
202200008795;798 327;43;0;2;1;3;1
202200008795;798 329;7;0;2;5;1;2
202200008796;798 326;13;0;2;7;2;1
202200008796;798 328;33;0;2;1;15;1
202200008797;798 322;7;0;2;2;1;1
202200008797;798 323;1;2;2;1;16;5
202200008798;798 321;7;0;2;4;2;1
202200008798;798 324;7;0;2;4;2;1
202200008798;798 325;7;0;2;1;2;1
202200008799;798 319;7;15;0;1;16;1
202200008800;798 318;33;0;2;1;2;1
202200008800;798 320;10;0;2;5;1;1
202200008801;798 316;43;0;0;7;26;1
202200008802;798 315;7;0;2;3;0;1
202200008802;798 317;30;0;2;7;0;1
202200008803;798 314;31;0;0;7;1;3
202200008804;798 312;7;0;0;5;11;1
202200008804;798 313;34;0;0;3;3;1
202200008805;798 309;7;0;2;3;14;1
202200008805;798 310;7;0;2;5;14;1
202200008805;798 311;7;0;2;1;2;1
202200008806;798 307;7;0;2;8;1;1
202200008806;798 308;7;0;2;3;1;2
202200008807;798 306;7;3;0;1;21;1
202200008808;798 304;7;0;2;3;1;0
202200008808;798 305;50;0;2;1;15;3
202200008809;798 302;17;0;2;2;13;1
202200008809;798 303;7;0;2;0;0;1
202200008810;798 300;10;9;0;2;13;1
202200008810;798 301;7;9;0;1;1;1
202200008811;798 297;7;0;2;1;1;1
202200008811;798 299;7;0;2;4;2;1
202200008812;798 296;60;0;2;7;9;5
202200008812;798 298;7;0;2;1;1;1
202200008813;798 293;7;0;0;4;2;1
202200008813;798 295;7;0;2;1;2;1
202200008814;798 292;7;0;2;3;0;1
202200008814;798 294;7;0;2;2;16;1
202200008815;798 288;33;0;2;4;0;1
202200008815;798 290;7;0;2;1;0;0
202200008816;798 289;10;0;2;1;2;1
202200008816;798 291;7;0;2;4;2;2
202200008817;798 286;33;0;2;1;1;1
202200008817;798 287;7;0;2;5;1;1
202200008818;798 284;7;0;2;4;1;1
202200008818;798 285;32;0;2;1;1;1
202200008819;798 283;7;1;0;2;14;1
202200008820;798 281;7;0;0;4;24;1
202200008820;798 282;99;1;0;1;2;0
202200008821;798 280;50;0;1;1;1;3
202200008822;798 278;32;0;2;8;17;1
202200008822;798 279;7;0;2;0;15;2
202200008823;798 277;7;0;1;2;15;2
202200008824;798 276;0;0;0;0;16;0
202200008825;798 273;1;0;2;4;1;5
202200008825;798 275;50;12;2;1;18;3
202200008826;798 272;50;0;2;1;1;3
202200008826;798 274;30;0;9;8;1;1
202200008827;798 271;7;0;1;3;0;1
202200008828;798 270;10;0;1;4;20;1
202200008829;798 269;7;3;0;3;12;1
202200008830;798 267;7;13;2;3;1;1
202200008830;798 268;7;0;2;3;19;1
202200008831;798 266;1;0;1;1;1;5
202200008832;798 263;32;0;2;1;17;1
202200008832;798 265;7;0;2;8;15;1
202200008833;798 262;7;0;2;7;15;1
202200008833;798 264;32;0;2;1;1;1
202200008834;798 260;14;0;2;1;0;1
202200008834;798 261;7;0;2;1;5;1
202200008835;798 259;2;0;1;0;1;0
202200008836;798 257;7;0;1;6;20;1
202200008837;798 256;30;0;2;1;1;3
202200008837;798 258;80;0;2;3;1;3
202200008838;798 254;1;0;1;1;1;5
202200008839;798 252;7;0;2;1;1;1
202200008839;798 255;33;0;2;7;1;1
202200008840;798 250;1;0;2;0;11;5
202200008840;798 253;30;1;2;1;1;3
202200008841;798 249;7;0;2;2;0;1
202200008841;798 251;50;0;2;3;11;3
202200008842;798 248;17;3;0;7;14;1
202200008843;798 244;7;0;2;1;1;1
202200008843;798 246;7;0;2;1;1;1
202200008844;798 243;7;0;2;1;2;1
202200008844;798 247;7;0;2;4;4;1
202200008845;798 241;7;0;1;1;1;1
202200008846;798 242;50;0;1;0;25;3
202200008847;798 237;13;0;2;3;1;1
202200008847;798 238;10;0;2;3;13;1
202200008848;798 239;7;0;2;7;15;1
202200008848;798 240;30;0;2;3;1;1
202200008849;798 235;30;0;2;1;1;1
202200008849;798 236;50;0;2;7;1;3
202200008850;798 233;10;0;2;8;1;1
202200008850;798 234;31;0;2;2;15;1
202200008851;798 232;7;0;1;1;26;1
202200008852;798 231;33;2;0;7;13;1
202200008853;798 230;50;0;1;1;1;3
202200008854;798 228;31;0;2;3;26;1
202200008854;798 229;10;0;2;3;26;1
202200008855;798 225;32;0;0;8;1;1
202200008856;798 226;7;0;2;2;16;1
202200008856;798 227;34;0;2;3;18;1
202200008857;798 218;7;0;2;3;22;1
202200008857;798 219;1;0;2;1;1;5
202200008858;798 216;1;0;2;5;1;5
202200008858;798 217;7;0;2;3;9;1
202200008859;798 214;30;0;2;3;13;1
202200008860;798 212;7;0;2;4;26;1
202200008860;798 213;7;0;2;4;26;2
202200008860;798 215;14;0;2;1;26;1
202200008861;798 209;34;0;2;1;1;1
202200008861;798 210;10;0;2;2;1;1
202200008862;798 208;43;0;2;1;1;1
202200008862;798 211;7;0;2;2;15;2
202200008863;798 205;7;0;0;4;1;1
202200008863;798 206;7;0;2;4;1;1
202200008863;798 207;7;0;2;1;1;1
202200008864;798 203;30;9;2;3;1;0
202200008864;798 204;1;0;2;6;11;5
202200008865;798 201;7;0;2;2;15;1
202200008865;798 202;32;0;2;7;1;1
202200008866;798 198;34;0;2;1;1;1
202200008866;798 199;7;0;2;3;15;1
202200008867;798 195;0;0;2;0;26;0
202200008867;798 196;7;0;2;3;1;1
202200008868;798 193;30;0;2;2;1;1
202200008868;798 194;7;0;2;3;11;1
202200008869;798 190;37;0;1;1;1;1
202200008870;798 186;7;0;1;7;15;1
202200008871;798 185;7;0;1;1;1;1
202200008872;798 183;7;0;2;3;16;1
202200008872;798 184;7;0;2;1;1;1
202200008873;798 181;7;0;1;3;1;1
202200008874;798 180;1;0;2;2;1;5
202200008874;798 182;7;12;2;3;9;1
202200008875;798 177;7;0;2;0;0;1
202200008875;798 179;7;0;2;0;0;1
202200008876;798 176;7;0;2;3;15;6
202200008876;798 178;30;0;2;1;0;6
202200008877;798 172;2;0;2;1;1;1
202200008877;798 174;7;0;2;1;19;1
202200008878;798 171;7;0;2;1;2;1
202200008878;798 173;7;0;2;1;2;1
202200008878;798 175;7;0;2;4;2;1
202200008879;798 168;33;0;2;1;17;1
202200008879;798 169;7;0;2;8;10;1
202200008880;798 167;7;0;2;3;1;1
202200008880;798 170;7;0;2;8;2;1
202200008881;798 165;50;0;2;8;19;3
202200008881;798 166;10;0;2;1;16;0
202200008882;798 162;7;0;2;4;2;2
202200008882;798 164;7;0;2;1;2;1
202200008883;798 161;7;0;2;0;17;1
202200008883;798 163;3;0;0;3;1;1
202200008884;798 159;1;0;2;1;1;5
202200008884;798 160;7;0;2;6;9;1
202200008885;798 158;7;-1;-1;-1;-1;-1
202200008886;798 156;2;0;2;4;2;1
202200008886;798 157;7;0;2;1;9;1
202200008887;798 155;7;0;1;1;1;1
202200008888;798 152;1;0;2;2;1;5
202200008888;798 153;1;0;2;1;9;5
202200008888;798 154;7;0;2;1;1;1
202200008889;798 151;7;0;1;1;2;2
202200008890;798 149;7;0;2;2;1;1
202200008890;798 150;7;0;2;6;2;1
202200008891;798 148;7;1;0;1;14;1
202200008892;798 146;7;0;2;1;15;1
202200008892;798 147;7;0;2;3;1;1
202200008893;798 144;33;0;2;1;1;1
202200008893;798 145;10;0;2;6;19;1
202200008894;798 141;7;0;1;1;1;1
202200008895;798 140;7;0;2;1;1;2
202200008895;798 142;7;0;2;1;1;1
202200008895;798 143;7;0;2;6;1;1
202200008896;798 138;1;0;2;4;2;5
202200008896;798 139;14;0;2;1;2;1
202200008897;798 136;10;0;2;3;1;1
202200008897;798 137;1;0;2;3;14;5
202200008898;798 133;37;0;2;3;1;1
202200008898;798 134;7;0;2;8;1;1
202200008898;798 135;7;0;2;4;15;1
202200008899;798 129;1;0;2;9;2;5
202200008899;798 131;7;0;2;2;17;1
202200008900;798 130;7;0;2;1;1;1
202200008900;798 132;7;0;2;8;16;1
202200008901;798 127;7;0;9;4;15;1
202200008901;798 128;1;0;2;1;1;5
202200008902;798 125;1;0;2;8;15;5
202200008902;798 126;34;0;2;3;21;1
202200008903;798 123;80;0;2;2;26;3
202200008903;798 124;7;0;2;2;9;1
202200008904;798 121;2;0;2;1;0;1
202200008904;798 122;7;0;2;2;9;1
202200008905;798 118;30;0;2;1;2;3
202200008905;798 119;7;0;2;1;2;1
202200008906;798 117;7;0;2;1;9;1
202200008906;798 120;7;0;2;7;1;1
202200008907;798 116;7;0;1;8;9;1
202200008908;798 113;7;0;2;5;16;1
202200008908;798 115;1;0;2;1;1;5
202200008909;798 112;7;0;2;2;15;1
202200008909;798 114;43;0;2;3;16;1
202200008910;798 110;33;3;2;4;2;1
202200008910;798 111;7;3;2;2;2;1
202200008911;798 108;7;0;2;1;1;1
202200008911;798 109;7;0;2;0;1;1
202200008912;798 105;10;0;2;1;0;1
202200008912;798 107;7;0;2;1;11;1
202200008913;798 103;7;0;2;1;16;1
202200008913;798 104;7;0;2;2;1;1
202200008913;798 106;7;0;2;1;1;1
202200008914;798 102;7;0;0;1;1;1
202200008915;798 100;7;0;2;3;13;1
202200008915;798 101;2;0;2;1;1;1
202200008916;798 097;37;0;2;4;2;1
202200008916;798 099;30;0;2;1;2;1
202200008917;798 096;1;0;2;8;1;5
202200008917;798 098;7;0;2;1;15;1
202200008918;798 093;7;0;2;1;19;1
202200008918;798 095;50;0;2;1;1;3
202200008919;798 092;7;0;2;8;1;1
202200008919;798 094;2;0;2;1;1;1
202200008920;798 091;1;0;0;0;1;5
202200008921;798 086;7;0;2;4;2;1
202200008921;798 088;7;0;2;4;2;1
202200008921;798 089;7;0;2;1;2;1
202200008922;798 085;7;0;2;1;1;1
202200008922;798 090;7;0;2;0;0;1
202200008923;798 084;17;0;2;1;1;1
202200008923;798 087;33;0;2;1;5;1
202200008924;798 081;10;0;1;0;5;1
202200008925;798 082;14;0;1;0;23;0
202200008926;798 080;7;0;2;1;13;1
202200008926;798 083;10;0;2;1;1;1
202200008927;798 076;7;0;2;2;1;1
202200008927;798 079;7;0;0;6;9;1
202200008928;798 074;31;0;2;1;2;1
202200008928;798 077;7;0;2;4;2;1
202200008929;798 075;2;0;2;1;1;0
202200008929;798 078;7;0;2;3;9;1
202200008930;798 072;7;2;0;1;13;1
202200008931;798 071;10;8;0;1;21;1
202200008932;798 070;7;0;2;1;2;1
202200008932;798 073;7;0;2;3;16;1
202200008933;798 068;10;0;2;3;1;1
202200008933;798 069;30;0;2;1;13;1
202200008934;798 066;1;14;0;0;26;5
202200008935;798 065;7;0;0;0;19;1
202200008935;798 067;7;0;0;0;1;1
202200008936;798 063;7;0;1;1;1;1
202200008937;798 062;7;0;2;1;1;1
202200008937;798 064;7;0;2;3;15;1
202200008938;798 059;50;0;2;1;1;3
202200008938;798 060;7;0;0;6;16;1
202200008939;798 057;14;0;2;1;15;1
202200008939;798 061;33;0;2;1;1;1
202200008940;798 055;10;0;2;1;1;1
202200008940;798 056;7;0;2;1;13;2
202200008941;798 054;7;0;2;1;1;1
202200008941;798 058;30;8;2;8;19;1
202200008942;798 052;7;0;2;3;15;1
202200008942;798 053;33;0;2;1;1;1
202200008943;798 051;7;0;1;2;1;1
202200008944;798 050;7;0;1;1;1;1
202200008945;798 048;33;16;0;0;17;1
202200008946;798 046;7;0;2;4;2;1
202200008946;798 047;7;0;2;4;2;1
202200008946;798 049;7;0;2;1;2;1
202200008947;798 041;7;0;2;4;2;1
202200008947;798 043;7;0;2;4;2;1
202200008947;798 044;7;0;2;1;2;1
202200008948;798 040;7;0;1;1;15;1
202200008948;798 045;7;0;2;3;1;1
202200008949;798 038;38;0;1;7;1;1
202200008950;798 037;7;0;2;3;15;1
202200008950;798 039;33;0;2;1;1;1
202200008951;798 036;7;0;1;1;1;1
202200008952;798 035;33;0;0;0;1;1
202200008953;798 032;38;0;2;3;0;1
202200008953;798 034;33;0;2;1;1;1
202200008954;798 030;2;0;2;1;1;1
202200008954;798 033;7;0;2;1;9;1
202200008955;798 026;7;0;0;4;1;1
202200008955;798 027;7;0;2;4;1;3
202200008955;798 029;7;0;2;4;1;2
202200008955;798 031;13;0;2;1;1;1
202200008956;798 024;7;0;2;1;9;1
202200008956;798 025;1;0;2;4;1;5
202200008957;798 022;33;0;0;9;1;1
202200008958;798 023;7;13;0;8;2;1
202200008959;798 018;7;13;0;2;1;1
202200008960;798 016;7;0;2;1;1;1
202200008960;798 019;7;0;2;6;1;1
202200008960;798 020;7;0;2;1;1;1
202200008961;798 017;7;0;2;1;1;1
202200008961;798 021;7;0;2;3;15;1
202200008962;798 014;7;0;1;2;17;1
202200008963;798 015;10;13;0;3;1;1
202200008964;798 011;7;0;1;1;1;1
202200008965;798 009;7;0;9;3;9;1
202200008965;798 012;50;0;2;1;1;3
202200008966;798 005;1;0;2;1;19;5
202200008966;798 007;7;0;9;1;1;1
202200008967;798 006;7;0;0;0;1;1
202200008968;798 008;14;0;2;1;1;1
202200008968;798 010;37;0;2;4;1;1
202200008968;798 013;7;0;0;0;0;1
202200008969;797 999;32;0;2;1;1;1
202200008969;798 003;7;0;2;2;15;1
202200008970;797 998;7;0;2;7;1;1
202200008970;798 000;7;0;2;1;1;1
202200008970;798 002;7;0;2;4;1;1
202200008970;798 004;7;3;0;3;1;1
202200008971;797 997;0;0;2;1;14;0
202200008971;798 001;33;0;2;4;1;1
202200008972;797 992;10;0;2;1;2;1
202200008972;797 993;7;0;2;6;2;1
202200008972;797 996;17;0;0;0;2;1
202200008973;797 991;30;0;2;2;1;1
202200008973;797 995;32;0;2;1;1;1
202200008974;797 988;7;0;2;1;0;1
202200008974;797 990;7;3;0;0;0;1
202200008975;797 985;7;4;0;1;0;1
202200008976;797 986;33;0;0;7;0;1
202200008977;797 989;7;15;0;1;1;1
202200008978;797 984;7;4;0;9;0;1
202200008979;797 987;7;0;2;2;6;1
202200008979;797 994;7;0;2;3;21;1
202200008980;797 982;33;4;0;3;1;1
202200008981;797 981;3;0;2;1;2;1
202200008981;797 983;7;1;0;4;2;1
202200008982;797 980;7;0;1;1;1;1
202200008983;797 979;33;0;0;5;26;1
202200008984;797 977;37;0;1;2;7;1
202200008985;797 976;7;0;2;1;15;1
202200008985;797 978;1;0;2;1;1;5
202200008986;797 972;7;0;2;4;1;1
202200008986;797 975;7;0;2;1;1;1
202200008987;797 969;7;0;2;8;19;1
202200008987;797 973;10;0;2;1;1;1
202200008988;797 970;7;0;2;1;2;1
202200008988;797 974;7;0;0;4;1;1
202200008989;797 968;31;5;0;2;1;1
202200008990;797 971;7;0;0;9;1;1
202200008991;797 963;7;0;1;6;1;1
202200008991;797 966;7;0;2;2;13;1
202200008992;797 962;2;0;2;6;23;1
202200008992;797 965;7;0;2;1;1;1
202200008993;797 964;50;0;2;8;19;3
202200008993;797 967;7;0;2;1;1;1
202200008994;797 959;7;1;0;1;19;1
202200008995;797 957;7;8;2;7;15;1
202200008995;797 960;7;0;2;1;1;1
202200008996;797 954;7;0;1;1;1;1
202200008997;797 955;10;0;2;4;26;1
202200008997;797 961;1;0;0;0;0;5
202200008998;797 951;7;0;2;5;2;1
202200008998;797 956;7;0;2;4;2;1
202200008998;797 958;7;0;2;1;2;1
202200008999;797 950;7;0;2;1;0;1
202200008999;797 953;33;0;2;1;13;1
202200009000;797 942;7;0;2;1;15;1
202200009000;797 947;80;0;2;1;1;3
202200009001;797 941;7;0;2;1;1;1
202200009001;797 945;7;4;2;7;1;1
202200009002;797 943;7;0;2;7;15;1