Num_Acc;id_vehicule;catv;obs;obsm;choc;manv;motor
202200009002;797 948;33;0;2;1;17;1
202200009003;797 940;7;4;2;2;1;1
202200009003;797 946;7;0;2;6;1;1
202200009004;797 939;33;0;2;1;0;1
202200009004;797 944;7;0;0;4;17;1
202200009005;797 935;7;0;1;7;1;1
202200009006;797 934;7;12;0;1;9;1
202200009007;797 932;7;0;2;1;1;1
202200009007;797 937;7;0;2;1;5;1
202200009008;797 931;7;0;2;2;2;1
202200009008;797 936;1;0;2;0;0;5
202200009009;797 930;7;0;2;1;13;1
202200009009;797 933;7;0;2;3;1;1
202200009009;797 938;7;0;2;1;1;1
202200009010;797 928;7;0;1;1;1;1
202200009011;797 929;7;6;0;9;0;1
202200009012;797 926;30;0;2;0;21;1
202200009013;797 925;31;0;2;1;2;1
202200009013;797 927;7;0;2;5;15;1
202200009014;797 923;7;1;0;1;1;1
202200009015;797 924;7;0;1;2;0;0
202200009016;797 922;7;15;0;1;21;1
202200009017;797 920;10;0;2;1;2;1
202200009017;797 921;3;0;2;4;20;1
202200009018;797 919;33;0;1;2;1;1
202200009019;797 918;7;6;0;1;13;1
202200009020;797 917;33;13;0;1;0;1
202200009021;797 912;7;8;0;2;1;1
202200009022;797 914;10;0;1;1;15;3
202200009023;797 910;7;0;2;1;2;1
202200009023;797 913;7;0;2;4;1;1
202200009023;797 916;7;0;2;4;2;1
202200009024;797 909;7;0;2;8;16;1
202200009024;797 915;1;0;2;7;19;5
202200009025;797 905;2;0;2;4;2;1
202200009025;797 907;10;0;2;2;2;1
202200009026;797 903;7;0;2;1;1;1
202200009026;797 908;7;0;2;1;26;1
202200009027;797 900;7;0;2;3;13;1
202200009027;797 904;7;0;2;1;1;1
202200009028;797 899;1;0;2;7;1;5
202200009028;797 901;7;0;2;1;16;1
202200009029;797 898;1;0;0;8;1;5
202200009030;797 895;7;0;1;1;1;1
202200009031;797 894;7;1;0;3;1;1
202200009031;797 897;10;1;0;3;1;0
202200009032;797 893;7;0;1;2;15;1
202200009033;797 888;7;3;0;3;13;1
202200009034;797 889;7;0;0;3;0;1
202200009034;797 892;7;0;2;5;15;1
202200009034;797 896;7;0;2;3;1;1
202200009035;797 884;7;0;2;3;23;1
202200009035;797 887;7;0;2;1;1;1
202200009035;797 890;7;0;2;1;15;1
202200009036;797 882;7;0;2;4;2;1
202200009036;797 886;7;0;2;1;0;1
202200009037;797 881;7;0;2;8;22;2
202200009037;797 885;32;0;2;7;1;1
202200009038;797 877;7;6;0;3;1;1
202200009039;797 878;7;0;2;2;16;1
202200009039;797 879;30;0;2;8;1;1
202200009040;797 876;7;2;0;5;1;1
202200009041;797 874;7;0;1;2;1;1
202200009042;797 875;80;0;0;0;1;3
202200009043;797 871;7;0;2;8;1;2
202200009044;797 868;14;0;2;8;1;1
202200009044;797 870;15;0;2;1;14;1
202200009044;797 873;7;0;2;1;13;1
202200009045;797 869;1;0;2;8;1;5
202200009045;797 872;7;0;2;7;17;1
202200009046;797 866;7;0;1;0;0;0
202200009047;797 863;10;0;2;3;13;1
202200009047;797 867;1;0;2;0;1;5
202200009048;797 861;15;0;2;5;9;0
202200009048;797 864;30;0;2;8;1;1
202200009049;797 860;31;0;1;1;1;1
202200009050;797 858;7;0;1;3;1;1
202200009051;797 857;7;0;2;1;2;1
202200009051;797 859;7;0;2;3;2;1
202200009051;797 862;10;0;2;5;2;1
202200009051;797 865;7;0;2;5;2;1
202200009052;797 855;7;8;0;1;1;1
202200009053;797 856;50;0;0;0;1;3
202200009054;797 852;7;0;2;1;2;0
202200009054;797 854;7;0;2;3;23;1
202200009055;797 851;7;6;0;1;1;1
202200009056;797 850;32;14;0;2;17;1
202200009056;797 853;7;0;2;4;23;1
202200009057;797 849;7;6;0;1;1;1
202200009058;797 847;7;0;2;3;10;2
202200009058;797 848;1;0;2;3;1;5
202200009059;797 845;7;0;1;1;1;1
202200009060;797 841;7;0;2;6;1;1
202200009060;797 844;15;0;2;2;12;1
202200009061;797 840;7;0;2;1;9;1
202200009061;797 843;7;0;2;9;1;1
202200009062;797 835;7;0;2;1;0;0
202200009062;797 838;7;0;2;4;2;1
202200009063;797 832;7;0;2;1;2;1
202200009063;797 836;7;0;2;4;2;2
202200009063;797 839;7;0;2;1;2;1
202200009063;797 842;7;0;2;1;2;1
202200009063;797 846;10;0;2;0;0;0
202200009064;797 834;34;0;2;1;1;1
202200009064;797 837;50;0;2;8;19;3
202200009065;797 829;7;0;2;4;2;1
202200009065;797 833;7;0;2;1;2;1
202200009066;797 830;7;0;2;0;0;1
202200009066;797 831;7;0;2;1;1;1
202200009067;797 828;7;0;1;2;2;1
202200009068;797 826;32;14;0;0;3;1
202200009069;797 825;7;3;0;1;1;1
202200009070;797 822;7;0;2;0;26;0
202200009071;797 823;50;0;2;1;17;3
202200009071;797 827;1;0;2;6;13;5
202200009072;797 816;7;0;2;1;2;1
202200009072;797 819;7;0;2;4;2;2
202200009073;797 813;14;0;2;1;1;1
202200009073;797 818;7;0;2;8;1;1
202200009073;797 820;17;0;2;8;12;1
202200009074;797 815;7;0;2;3;1;1
202200009074;797 817;7;0;2;6;19;1
202200009075;797 810;7;0;2;2;1;1
202200009075;797 812;99;0;2;0;0;0
202200009076;797 809;10;0;2;1;1;1
202200009077;797 806;7;0;2;1;0;1
202200009077;797 808;10;0;2;1;0;1
202200009078;797 811;10;0;2;8;22;1
202200009078;797 814;80;0;2;1;1;3
202200009079;797 805;7;0;2;3;0;3
202200009079;797 807;7;0;2;3;13;1
202200009080;797 802;30;0;2;4;2;1
202200009080;797 803;7;0;2;0;0;1
202200009081;797 800;7;0;2;1;2;2
202200009081;797 804;10;0;2;4;2;1
202200009082;797 799;7;0;2;4;23;2
202200009082;797 801;7;0;2;1;26;1
202200009083;797 798;7;1;0;2;1;1
202200009084;797 796;7;0;1;2;1;1
202200009085;797 792;7;0;2;4;1;1
202200009085;797 793;7;0;2;9;1;1
202200009085;797 797;10;0;2;1;1;1
202200009086;797 790;7;0;2;4;1;1
202200009086;797 795;7;0;2;1;12;1
202200009087;797 789;7;0;1;3;15;1
202200009088;797 788;7;0;1;1;1;1
202200009089;797 791;32;0;2;2;1;1
202200009089;797 794;1;0;2;6;11;5
202200009090;797 786;31;12;0;1;1;1
202200009091;797 785;33;0;2;8;1;1
202200009091;797 787;7;0;2;0;0;1
202200009092;797 780;2;0;2;1;1;1
202200009092;797 784;7;0;2;0;0;1
202200009093;797 781;34;0;2;7;2;1
202200009093;797 783;7;0;2;6;2;1
202200009094;797 779;0;0;1;0;0;6
202200009095;797 778;7;0;0;1;0;1
202200009096;797 777;80;0;2;7;1;3
202200009096;797 782;7;0;2;1;1;1
202200009097;797 776;3;8;9;1;0;3
202200009098;797 774;7;3;0;1;0;1
202200009099;797 772;7;8;0;3;9;1
202200009100;797 771;7;0;2;7;12;1
202200009100;797 775;33;0;2;3;26;1
202200009101;797 770;33;0;2;1;1;1
202200009101;797 773;50;0;2;3;1;3
202200009102;797 769;7;0;1;2;1;1
202200009103;797 766;17;0;2;5;23;1
202200009103;797 768;10;0;2;2;1;1
202200009104;797 765;7;0;2;3;11;1
202200009104;797 767;33;0;2;1;3;1
202200009105;797 764;7;0;1;2;1;2
202200009106;797 761;7;0;2;1;1;1
202200009106;797 763;50;0;2;1;1;3
202200009107;797 760;34;0;2;1;1;1
202200009107;797 762;7;0;2;2;10;1
202200009108;797 758;7;0;1;1;1;1
202200009109;797 756;33;0;2;7;3;1
202200009109;797 759;7;0;2;8;11;1
202200009110;797 757;7;0;1;1;1;1
202200009111;797 754;10;0;2;1;1;1
202200009111;797 755;7;0;2;1;1;1
202200009112;797 751;7;0;1;4;4;3
202200009113;797 749;10;0;2;4;2;1
202200009113;797 752;10;0;2;4;2;1
202200009114;797 753;1;0;1;8;1;5
202200009115;797 743;7;0;2;2;1;1
202200009115;797 748;7;0;2;3;16;1
202200009116;797 746;7;8;2;7;1;1
202200009116;797 750;7;0;2;3;9;1
202200009117;797 740;7;0;1;4;0;1
202200009117;797 747;7;0;2;1;0;1
202200009118;797 739;7;0;2;4;23;1
202200009118;797 742;7;14;0;1;1;1
202200009118;797 745;7;0;2;1;1;1
202200009119;797 741;7;0;2;4;2;0
202200009119;797 744;1;0;2;1;2;5
202200009120;797 735;7;0;2;2;1;1
202200009120;797 738;80;0;2;7;19;3
202200009121;797 733;7;0;2;3;13;1
202200009121;797 737;7;0;2;0;0;1
202200009122;797 731;33;0;2;2;17;1
202200009122;797 734;7;0;2;3;1;1
202200009123;797 728;80;0;2;5;1;3
202200009123;797 732;1;0;2;1;1;5
202200009124;797 729;7;1;1;2;20;1
202200009125;797 730;7;0;2;3;15;1
202200009125;797 736;7;0;2;1;1;1
202200009126;797 726;2;6;0;1;14;1
202200009127;797 724;7;0;2;1;1;1
202200009127;797 727;33;0;2;1;13;1
202200009128;797 725;30;0;0;7;21;1
202200009129;797 722;30;0;1;2;19;1
202200009130;797 721;1;0;0;0;26;5
202200009131;797 720;2;0;2;1;1;1
202200009131;797 723;7;0;2;2;15;1
202200009132;797 715;7;0;2;8;11;1
202200009132;797 719;33;0;2;2;3;1
202200009133;797 714;30;0;2;1;0;0
202200009133;797 718;1;0;2;0;0;5
202200009134;797 710;7;0;2;1;1;1
202200009134;797 713;7;0;2;4;11;1
202200009134;797 716;7;0;2;4;11;1
202200009135;797 709;7;0;2;7;17;1
202200009135;797 712;37;0;2;1;1;1
202200009136;797 711;7;0;2;4;0;1
202200009136;797 717;7;0;2;2;0;1
202200009137;797 708;2;0;0;0;1;1
202200009138;797 707;7;0;1;1;1;0
202200009139;797 706;37;0;1;2;1;6
202200009140;797 703;7;0;2;2;2;1
202200009140;797 705;1;0;2;4;1;5
202200009141;797 702;30;14;0;0;2;1
202200009142;797 699;30;0;1;3;1;1
202200009143;797 697;7;0;2;1;0;1
202200009143;797 701;7;0;2;4;26;1
202200009143;797 704;7;0;2;4;0;1
202200009144;797 698;10;0;2;2;2;1
202200009144;797 700;1;0;2;4;2;5
202200009145;797 695;7;0;2;4;1;1
202200009145;797 696;7;0;2;1;1;1
202200009146;797 694;7;0;1;0;15;1
202200009147;797 691;1;1;0;1;1;5
202200009147;797 693;7;0;2;8;24;1
202200009148;797 687;7;0;2;8;1;1
202200009148;797 688;50;0;2;1;1;3
202200009149;797 686;7;0;2;7;9;1
202200009149;797 689;50;0;2;0;1;3
202200009150;797 685;7;0;2;2;15;2
202200009150;797 690;1;0;2;3;1;5
202200009151;797 682;7;8;0;1;20;1
202200009152;797 683;80;0;1;1;25;3
202200009153;797 681;1;0;1;1;1;5
202200009154;797 680;33;0;2;1;1;1
202200009154;797 684;7;0;2;8;0;1
202200009155;797 676;7;0;2;7;1;1
202200009155;797 679;30;0;2;8;1;3
202200009156;797 673;7;0;2;6;2;1
202200009156;797 675;7;0;2;1;2;1
202200009157;797 672;7;0;2;3;9;1
202200009157;797 678;33;0;2;5;1;1
202200009158;797 671;7;0;2;5;23;1
202200009158;797 674;50;0;2;1;13;3
202200009159;797 670;1;0;0;5;1;5
202200009159;797 677;7;0;0;0;0;0
202200009160;797 664;7;12;0;9;1;1
202200009161;797 666;33;0;2;4;2;1
202200009161;797 669;32;0;2;1;2;1
202200009162;797 662;7;0;2;5;23;1
202200009162;797 667;30;1;2;3;2;1
202200009163;797 661;30;0;2;7;1;1
202200009163;797 665;7;1;2;1;1;1
202200009164;797 659;7;0;1;1;1;1
202200009165;797 656;30;0;2;1;2;1
202200009165;797 658;7;0;2;4;2;0
202200009166;797 653;7;8;2;2;0;1
202200009166;797 660;7;0;2;1;0;1
202200009167;797 652;7;0;2;8;15;1
202200009167;797 654;33;0;2;2;17;1
202200009168;797 655;33;0;2;4;2;1
202200009168;797 657;7;0;2;1;2;1
202200009169;797 649;2;0;2;1;1;1
202200009169;797 651;7;0;2;7;15;1
202200009170;797 650;7;0;2;3;1;1
202200009171;797 647;10;0;1;5;4;1
202200009172;797 648;7;8;0;2;11;1
202200009173;797 645;1;0;2;4;7;0
202200009173;797 646;7;0;2;2;7;1
202200009174;797 642;10;0;1;1;1;1
202200009175;797 640;7;0;2;2;9;1
202200009175;797 643;1;0;2;1;25;5
202200009176;797 639;7;9;0;4;23;1
202200009176;797 644;7;9;2;1;2;1
202200009177;797 638;50;0;2;1;1;3
202200009177;797 641;7;0;2;3;1;1
202200009178;797 636;7;0;1;1;1;1
202200009179;797 635;34;0;0;0;21;1
202200009180;797 637;10;0;1;2;15;1
202200009181;797 632;7;4;0;0;15;1
202200009182;797 629;0;-1;-1;-1;-1;-1
202200009182;797 630;0;-1;-1;-1;-1;-1
202200009182;797 633;0;-1;-1;-1;-1;-1
202200009182;797 634;7;0;2;9;1;1
202200009183;797 628;7;0;2;1;1;1
202200009183;797 631;7;0;2;8;15;1
202200009184;797 625;31;0;2;1;1;1
202200009184;797 627;7;0;2;1;15;1
202200009185;797 621;1;0;2;0;1;5
202200009185;797 623;7;0;2;3;2;0
202200009186;797 619;7;0;2;4;1;1
202200009186;797 622;7;0;2;4;1;1
202200009186;797 624;7;0;2;1;1;1
202200009187;797 620;7;0;1;1;9;1
202200009188;797 626;10;0;0;0;1;1
202200009189;797 618;7;0;0;0;14;1
202200009190;797 616;7;0;1;1;1;1
202200009191;797 613;7;0;0;0;0;0
202200009191;797 615;50;0;9;0;1;3
202200009192;797 612;1;0;2;1;1;5
202200009192;797 614;7;0;2;5;10;1
202200009193;797 611;7;0;2;1;1;1
202200009193;797 617;7;0;2;1;1;1
202200009194;797 606;33;1;1;1;26;1
202200009194;797 609;7;0;2;0;23;1
202200009194;797 610;7;0;2;6;23;1
202200009195;797 605;10;0;1;2;1;1
202200009196;797 602;7;0;1;8;18;3
202200009197;797 604;7;0;2;2;17;1
202200009197;797 608;13;0;2;6;16;6
202200009198;797 597;7;0;2;2;12;1
202200009198;797 600;7;0;2;6;23;1
202200009198;797 603;7;0;2;6;23;1
202200009198;797 607;7;0;2;2;26;1
202200009199;797 593;7;9;0;3;1;1
202200009200;797 590;7;0;9;7;1;1
202200009200;797 595;50;0;2;7;1;3
202200009201;797 592;50;0;2;1;1;3
202200009201;797 596;7;0;2;1;1;1
202200009202;797 591;7;0;2;3;15;1
202200009202;797 594;33;0;2;2;2;1
202200009203;797 587;30;0;2;1;1;1
202200009203;797 589;7;0;2;2;15;1
202200009204;797 584;30;0;1;1;1;1
202200009205;797 582;30;0;2;3;1;1
202200009205;797 586;1;0;2;5;15;5
202200009206;797 581;1;0;2;1;1;5
202200009206;797 585;7;0;2;3;15;1
202200009207;797 579;7;0;2;8;26;6
202200009207;797 583;7;14;2;2;17;1
202200009207;797 588;7;0;2;8;26;6
202200009208;797 578;33;0;2;7;1;1
202200009208;797 580;7;0;2;1;1;1
202200009209;797 576;7;11;0;3;1;1
202200009210;797 573;34;0;2;7;1;1
202200009210;797 577;7;1;2;1;26;2
202200009211;797 572;10;0;2;3;15;1
202200009211;797 575;7;0;2;2;1;1
202200009212;797 574;50;0;1;1;25;3
202200009213;797 568;7;0;2;1;15;1
202200009213;797 570;1;0;2;8;1;5
202200009214;797 563;7;0;2;1;1;1
202200009214;797 567;33;0;2;4;1;1
202200009214;797 569;7;0;2;4;1;1
202200009215;797 560;1;0;2;7;1;5
202200009215;797 566;7;0;2;1;1;1
202200009216;797 562;1;12;2;1;1;5
202200009216;797 565;50;0;2;1;13;3
202200009217;797 561;7;0;2;7;10;1
202200009217;797 564;2;0;2;1;1;1
202200009218;797 558;33;0;1;1;1;1
202200009219;797 557;7;12;0;2;1;1
202200009220;797 555;33;0;2;2;26;1
202200009220;797 559;10;1;0;0;0;1
202200009221;797 553;7;0;2;0;17;1
202200009221;797 556;1;0;2;8;7;5
202200009222;797 550;7;0;1;2;1;1
202200009223;797 552;14;0;2;2;15;1
202200009223;797 554;33;0;2;1;1;1
202200009224;797 549;10;9;0;1;1;1
202200009225;797 548;7;0;2;7;23;1
202200009225;797 551;1;0;2;3;1;5
202200009226;797 547;1;12;0;7;13;5
202200009227;797 546;7;0;1;2;1;1
202200009228;797 545;43;8;0;1;14;1
202200009229;797 543;14;0;2;7;16;1
202200009229;797 544;30;15;2;8;18;1
202200009230;797 542;50;0;1;1;5;3
202200009231;797 538;3;0;1;0;1;1
202200009232;797 537;14;0;2;3;20;1
202200009232;797 540;32;0;2;1;1;1
202200009233;797 539;34;0;2;1;1;0
202200009233;797 541;7;0;2;4;23;1
202200009234;797 531;7;0;2;7;15;0
202200009234;797 535;1;0;2;8;1;5
202200009235;797 532;10;0;1;0;1;1
202200009236;797 530;7;0;2;1;13;6
202200009236;797 534;7;0;2;1;21;1
202200009236;797 536;32;0;2;1;23;1
202200009237;797 528;10;0;2;1;2;1
202200009237;797 529;7;0;2;4;2;1
202200009238;797 527;7;0;2;2;1;1
202200009238;797 533;7;0;2;3;1;1
202200009239;797 526;7;14;0;3;26;3
202200009240;797 524;7;0;2;1;9;1
202200009241;797 523;7;0;2;2;15;1
202200009241;797 525;1;0;2;1;1;5
202200009242;797 517;7;0;2;2;1;1
202200009242;797 521;99;0;2;1;9;1
202200009243;797 516;15;0;2;1;1;1
202200009243;797 520;33;0;2;4;1;1
202200009244;797 514;7;0;2;1;9;1
202200009244;797 519;50;0;2;7;1;3
202200009245;797 513;7;0;2;1;1;1
202200009245;797 515;7;0;2;3;1;1
202200009246;797 508;31;0;2;2;0;1
202200009246;797 511;7;0;2;3;2;1
202200009247;797 506;10;0;2;4;1;1
202200009247;797 509;1;0;2;1;1;5
202200009248;797 504;7;13;0;2;14;1
202200009249;797 505;33;0;2;1;11;1
202200009249;797 507;10;0;2;4;11;1
202200009250;797 500;7;0;2;2;16;1
202200009250;797 502;1;0;2;2;19;5
202200009251;797 495;7;0;2;3;1;1
202200009251;797 499;33;0;2;0;13;1
202200009252;797 496;7;0;2;7;15;1
202200009252;797 501;33;0;2;1;1;1
202200009253;797 494;7;0;2;1;2;1
202200009253;797 497;7;0;2;4;2;1
202200009254;797 491;7;0;1;4;4;1
202200009255;797 492;2;0;2;0;3;1
202200009255;797 493;7;0;2;3;2;1
202200009256;797 490;7;0;1;1;1;2
202200009257;797 489;7;0;1;1;1;1
202200009258;797 487;10;4;0;7;16;1
202200009259;797 483;7;0;2;4;0;1
202200009259;797 486;7;0;2;1;0;1
202200009260;797 484;31;0;0;8;1;1
202200009260;797 488;7;0;0;0;19;1
202200009261;797 481;7;0;2;3;13;1
202200009261;797 485;7;0;2;1;16;1
202200009262;797 480;32;0;2;1;18;1
202200009262;797 482;7;0;2;5;16;1
202200009263;797 477;7;0;2;4;23;1
202200009263;797 479;7;0;2;2;2;1
202200009264;797 475;7;0;2;1;1;1
202200009264;797 478;7;0;2;1;15;1
202200009265;797 474;7;13;0;9;1;1
202200009266;797 473;33;0;2;1;2;1
202200009266;797 476;33;0;0;1;2;1
202200009267;797 471;7;0;2;1;1;1
202200009267;797 472;1;0;2;8;19;5
202200009268;797 467;10;0;1;8;26;1
202200009269;797 466;10;0;2;6;1;1
202200009269;797 469;32;0;2;7;17;1
202200009270;797 465;33;0;2;1;1;1
202200009270;797 468;10;0;2;4;1;1
202200009271;797 463;50;0;2;7;1;3
202200009271;797 470;7;0;2;0;0;1
202200009272;797 462;80;0;2;1;7;3
202200009272;797 464;7;0;2;2;19;1
202200009273;797 459;32;0;0;3;1;3
202200009274;797 455;7;0;2;3;1;1
202200009274;797 458;7;0;2;4;4;1
202200009275;797 454;33;0;2;7;17;1
202200009275;797 460;7;0;2;8;1;1
202200009276;797 453;7;0;2;8;1;1
202200009276;797 457;7;0;2;1;1;2
202200009276;797 461;7;0;2;1;17;1
202200009277;797 451;7;0;2;3;1;1
202200009277;797 456;10;0;2;5;15;1
202200009278;797 450;7;0;2;8;22;1
202200009278;797 452;50;1;0;1;1;3
202200009279;797 446;3;1;0;2;14;1
202200009280;797 442;7;0;2;4;1;1
202200009280;797 449;14;0;2;1;1;1
202200009281;797 445;32;0;2;3;1;1
202200009281;797 447;7;0;2;8;15;1
202200009282;797 441;7;0;2;6;15;1
202200009282;797 443;30;0;2;1;2;1
202200009283;797 444;7;0;2;1;1;1
202200009283;797 448;7;0;2;0;1;1
202200009284;797 439;2;0;1;1;1;3
202200009285;797 435;7;0;2;0;1;1
202200009285;797 440;1;0;2;0;1;5
202200009286;797 437;7;0;1;1;15;1
202200009287;797 434;50;0;0;4;2;3
202200009287;797 438;2;0;2;2;2;1
202200009288;797 432;7;0;2;4;4;1
202200009288;797 436;2;0;2;1;23;1
202200009289;797 427;7;1;2;8;0;1
202200009289;797 431;34;0;2;7;13;1
202200009289;797 433;7;0;2;1;9;1
202200009290;797 424;33;0;2;1;1;1
202200009290;797 430;7;0;2;0;0;1
202200009291;797 422;7;0;2;3;1;1
202200009291;797 426;1;0;0;4;1;5
202200009292;797 423;7;0;2;4;23;1
202200009292;797 429;7;0;2;1;2;1
202200009293;797 425;32;0;2;1;3;1
202200009293;797 428;7;0;2;5;1;1
202200009294;797 420;7;8;0;1;14;1
202200009295;797 419;30;0;0;0;14;3
202200009296;797 417;7;0;2;3;24;1
202200009296;797 421;50;1;0;1;1;3
202200009297;797 414;7;0;2;3;16;1
202200009297;797 418;2;0;2;8;1;1
202200009298;797 411;2;0;0;0;1;1
202200009299;797 412;7;4;2;8;1;1
202200009299;797 416;15;0;2;2;12;1
202200009300;797 410;10;0;2;2;1;1
202200009300;797 415;10;0;2;1;1;1
202200009301;797 409;7;0;2;1;16;3
202200009301;797 413;2;0;2;1;1;1
202200009302;797 404;10;0;2;7;14;1
202200009302;797 406;33;9;2;1;18;1
202200009303;797 403;10;0;2;1;2;1
202200009303;797 407;7;0;2;4;2;2
202200009304;797 401;7;0;2;9;5;1
202200009304;797 408;7;0;2;1;15;1
202200009305;797 402;2;1;2;3;1;1
202200009305;797 405;7;1;0;1;15;3
202200009306;797 400;7;0;1;4;4;1
202200009307;797 395;7;9;2;1;1;1
202200009307;797 399;7;9;2;4;1;1
202200009308;797 394;7;0;2;1;2;1
202200009308;797 398;7;0;2;4;2;1
202200009309;797 393;7;0;9;8;22;1
202200009309;797 397;1;1;0;1;1;5
202200009310;797 392;7;0;2;1;10;1
202200009310;797 396;30;0;2;0;0;1
202200009311;797 389;1;0;2;1;1;5
202200009311;797 391;15;0;2;3;22;1
202200009312;797 386;37;0;2;6;1;1
202200009312;797 390;50;9;2;1;1;3
202200009313;797 384;33;0;2;1;2;1
202200009313;797 388;7;0;2;4;11;1
202200009314;797 382;10;0;2;3;1;1
202200009314;797 387;50;0;2;7;1;3
202200009315;797 383;33;0;0;6;2;1
202200009315;797 385;30;0;0;6;2;1
202200009316;797 380;7;0;9;3;1;1
202200009316;797 381;1;0;2;1;5;5
202200009317;797 376;7;0;0;2;15;1
202200009317;797 379;31;0;2;1;1;1
202200009318;797 375;43;0;2;1;21;1
202200009318;797 377;7;0;9;3;15;1
202200009319;797 374;7;0;1;1;20;1
202200009320;797 373;7;0;2;1;1;1
202200009320;797 378;10;0;2;4;11;1
202200009321;797 371;7;0;2;8;1;1
202200009321;797 372;32;0;2;1;1;1
202200009322;797 367;7;0;1;2;1;1
202200009323;797 366;7;0;2;1;2;1
202200009323;797 369;7;0;0;4;2;1
202200009324;797 365;10;0;2;7;12;1
202200009324;797 368;34;0;2;1;3;1
202200009325;797 362;10;0;2;1;2;1
202200009325;797 364;7;0;0;4;15;1
202200009326;797 360;7;0;2;5;23;1
202200009326;797 363;50;0;2;1;1;3
202200009327;797 359;7;4;0;3;13;1
202200009328;797 358;33;0;2;8;3;1
202200009329;797 357;30;0;2;1;1;1
202200009329;797 361;10;0;2;8;19;1
202200009330;797 356;30;0;0;8;1;3
202200009331;797 353;7;0;2;3;9;1
202200009331;797 354;50;0;2;2;1;3
202200009332;797 350;1;0;0;7;1;5
202200009332;797 355;7;0;2;1;15;1
202200009333;797 348;33;0;2;1;21;1
202200009333;797 351;7;0;2;1;19;2
202200009334;797 349;32;0;2;1;3;1
202200009334;797 352;7;0;2;3;11;1
202200009335;797 345;7;0;2;3;22;1
202200009335;797 347;80;0;2;2;1;3
202200009336;797 346;7;0;9;1;26;2
202200009337;797 343;7;13;2;5;13;1
202200009337;797 344;7;13;0;2;21;0
202200009338;797 341;10;0;2;6;2;1
202200009338;797 342;33;0;2;1;2;1
202200009339;797 339;10;1;0;2;2;1
202200009340;797 337;3;7;0;3;13;1
202200009341;797 336;7;0;2;1;1;1
202200009341;797 340;2;0;2;5;1;1
202200009342;797 335;7;0;2;3;11;1
202200009342;797 338;2;0;2;2;17;1
202200009343;797 330;7;0;2;2;1;0
202200009343;797 333;33;0;2;1;2;1
202200009344;797 324;10;0;2;3;13;1
202200009344;797 326;7;0;2;1;2;1
202200009344;797 329;7;0;2;3;1;1
202200009345;797 327;7;0;2;4;2;2
202200009345;797 331;7;0;2;4;2;1
202200009345;797 334;10;0;2;1;2;1
202200009346;797 319;7;0;0;1;2;1
202200009347;797 317;7;15;0;3;1;1
202200009348;797 321;37;0;2;2;1;1
202200009348;797 328;7;0;2;3;1;1
202200009349;797 318;33;0;0;9;1;1
202200009350;797 320;7;0;2;2;17;1
202200009350;797 323;7;0;2;3;23;1
202200009350;797 325;7;0;2;6;23;0
202200009350;797 332;7;0;2;5;0;1
202200009351;797 316;7;0;2;2;1;1
202200009351;797 322;1;0;0;4;1;5
202200009352;797 315;7;0;0;0;1;1
202200009353;797 313;7;3;0;7;1;1
202200009354;797 308;7;0;2;8;15;1
202200009354;797 312;7;0;2;2;17;1
202200009355;797 310;1;0;2;7;0;5
202200009355;797 314;7;0;2;3;1;1
202200009356;797 307;7;2;0;1;1;1
202200009357;797 306;10;15;2;7;1;1
202200009357;797 311;10;0;2;1;1;1
202200009358;797 305;31;0;2;1;1;1
202200009358;797 309;10;0;2;5;15;1
202200009359;797 302;7;0;1;1;1;1
202200009360;797 299;7;1;0;2;1;1
202200009361;797 298;7;0;2;8;23;1
202200009361;797 300;33;11;2;5;0;1
202200009361;797 303;10;0;2;1;9;1
202200009362;797 296;7;3;0;2;1;1
202200009363;797 297;30;0;2;1;1;1
202200009363;797 304;7;0;2;2;1;1
202200009364;797 295;7;0;2;8;16;1
202200009364;797 301;7;0;2;1;1;1
202200009365;797 293;34;0;0;8;1;1
202200009366;797 292;10;0;2;0;3;0
202200009366;797 294;2;0;2;8;3;0
202200009367;797 291;7;0;1;2;1;1
202200009368;797 287;7;0;2;1;1;1
202200009368;797 289;7;0;2;1;1;1
202200009369;797 290;7;0;1;3;1;1
202200009370;797 286;50;0;0;0;26;3
202200009371;797 283;10;0;1;3;1;1
202200009372;797 282;1;1;0;1;1;5
202200009372;797 285;7;0;9;8;22;1
202200009373;797 281;1;1;0;5;21;5
202200009374;797 278;7;0;2;3;13;1
202200009374;797 280;30;0;2;1;1;1
202200009375;797 279;36;12;0;2;14;1
202200009376;797 276;7;9;0;9;0;1
202200009377;797 275;7;0;2;7;1;1
202200009377;797 277;14;0;2;2;1;1
202200009378;797 274;7;1;0;9;2;1
202200009379;797 270;7;0;1;3;1;1
202200009380;797 269;7;0;2;4;23;1
202200009380;797 272;7;1;0;1;2;1
202200009381;797 266;33;0;2;1;1;1
202200009381;797 273;80;0;2;2;1;3
202200009382;797 268;7;0;2;1;1;1
202200009382;797 271;7;0;2;2;15;1
202200009383;797 265;7;0;1;3;1;1
202200009383;797 267;7;0;1;3;1;1
202200009384;797 262;32;0;2;2;1;1
202200009384;797 264;7;0;2;3;15;1
202200009385;797 261;1;0;0;1;12;5
202200009386;797 258;7;0;2;3;1;1
202200009386;797 263;7;0;2;3;15;1
202200009387;797 256;2;1;1;1;0;1
202200009388;797 257;7;0;9;2;15;1
202200009388;797 259;1;0;0;4;15;5
202200009389;797 254;10;3;0;1;13;1
202200009389;797 260;7;3;0;1;1;1
202200009390;797 255;7;0;1;3;1;1
202200009391;797 250;7;8;2;1;1;1
202200009391;797 253;10;0;2;3;1;0
202200009392;797 248;7;6;0;2;15;1
202200009392;797 252;7;0;0;2;1;2
202200009393;797 246;7;0;2;1;13;1
202200009393;797 251;7;0;2;1;1;1
202200009394;797 247;33;0;0;2;17;1