Num_Acc;id_vehicule;catv;obs;obsm;choc;manv;motor
202200009801;796 521;7;1;0;1;14;1
202200009802;796 520;40;0;1;7;1;0
202200009803;796 518;32;0;2;7;17;1
202200009803;796 519;7;0;2;8;13;0
202200009804;796 517;7;0;1;1;1;0
202200009805;796 516;14;0;1;1;1;1
202200009806;796 514;50;0;2;8;15;3
202200009806;796 515;7;0;0;8;16;1
202200009807;796 512;30;0;2;2;16;1
202200009807;796 513;7;0;2;2;2;1
202200009808;796 510;7;0;2;2;19;1
202200009808;796 511;7;0;2;1;1;1
202200009809;796 509;7;0;1;1;1;1
202200009810;796 507;37;0;2;7;17;1
202200009810;796 508;1;0;2;8;2;5
202200009811;796 505;1;0;2;1;1;5
202200009811;796 506;7;0;2;7;15;1
202200009812;796 504;7;0;0;1;1;1
202200009813;796 502;7;0;2;3;13;1
202200009813;796 503;33;0;2;7;17;1
202200009814;796 499;38;0;2;6;1;1
202200009814;796 500;10;4;2;2;1;1
202200009814;796 501;15;0;2;6;11;1
202200009815;796 497;1;0;0;4;2;5
202200009815;796 498;10;0;9;2;2;1
202200009816;796 495;33;0;2;1;1;1
202200009816;796 496;10;0;2;3;15;1
202200009817;796 494;33;13;0;9;1;1
202200009818;796 492;1;0;2;4;1;5
202200009818;796 493;7;0;2;0;15;1
202200009819;796 491;7;0;1;3;16;1
202200009820;796 490;7;6;0;1;17;1
202200009821;796 489;31;10;0;7;1;1
202200009822;796 488;7;13;0;1;1;1
202200009823;796 487;7;15;0;2;15;1
202200009824;796 485;33;0;2;1;17;1
202200009824;796 486;10;0;2;6;15;1
202200009825;796 483;21;0;0;4;23;1
202200009825;796 484;21;1;0;1;1;1
202200009826;796 482;7;17;0;2;14;1
202200009827;796 481;33;14;0;1;1;1
202200009828;796 479;7;0;2;3;1;1
202200009828;796 480;7;0;2;1;13;1
202200009829;796 477;33;0;2;1;1;1
202200009829;796 478;7;0;2;1;5;1
202200009830;796 476;2;0;0;1;2;1
202200009831;796 474;7;0;2;1;13;2
202200009831;796 475;7;0;2;1;1;1
202200009832;796 473;7;2;0;7;17;1
202200009833;796 471;7;0;2;1;1;1
202200009833;796 472;7;0;2;8;1;0
202200009834;796 470;33;3;0;8;1;1
202200009835;796 469;31;8;0;1;1;1
202200009836;796 466;10;0;2;3;5;1
202200009836;796 467;7;0;2;3;1;1
202200009836;796 468;14;0;2;3;1;1
202200009837;796 465;7;13;0;3;-1;1
202200009838;796 463;10;0;9;5;1;0
202200009838;796 464;1;0;2;1;1;5
202200009839;796 462;33;0;0;0;0;1
202200009840;796 461;33;0;0;2;14;1
202200009841;796 459;7;0;0;3;15;1
202200009841;796 460;7;0;2;1;11;1
202200009842;796 458;33;0;0;8;2;1
202200009843;796 455;7;0;2;3;13;1
202200009843;796 456;13;0;2;3;1;1
202200009843;796 457;7;0;2;1;2;1
202200009844;796 453;15;0;2;4;1;1
202200009844;796 454;7;0;2;1;1;1
202200009845;796 452;7;1;0;1;2;1
202200009846;796 449;38;0;1;2;16;1
202200009847;796 448;7;13;0;3;1;1
202200009848;796 447;2;15;0;1;1;1
202200009849;796 446;7;2;0;3;17;1
202200009850;796 444;80;0;2;1;1;3
202200009850;796 445;80;0;2;1;1;3
202200009851;796 442;31;0;2;2;17;1
202200009851;796 443;7;0;0;8;15;1
202200009852;796 440;7;0;2;0;16;1
202200009852;796 441;50;0;2;7;19;3
202200009853;796 439;1;0;0;0;0;5
202200009854;796 437;1;0;2;1;1;5
202200009854;796 438;7;0;9;0;15;1
202200009855;796 435;10;0;9;3;1;1
202200009855;796 436;1;0;2;1;1;5
202200009856;796 434;43;8;0;1;0;1
202200009857;796 432;14;0;2;1;1;1
202200009857;796 433;7;0;2;3;13;1
202200009858;796 428;31;0;2;1;1;1
202200009858;796 429;7;0;2;3;1;1
202200009859;796 427;7;16;0;9;0;1
202200009860;796 426;2;0;0;0;26;1
202200009861;796 424;7;0;2;3;13;1
202200009861;796 425;14;4;2;3;1;1
202200009862;796 423;7;12;0;1;1;1
202200009863;796 422;7;0;1;1;1;1
202200009864;796 421;7;13;0;2;0;1
202200009865;796 419;1;0;2;5;1;5
202200009865;796 420;7;0;9;2;1;1
202200009866;796 418;37;15;0;8;15;1
202200009867;796 417;7;5;0;1;1;1
202200009868;796 415;34;0;2;3;1;1
202200009868;796 416;7;0;2;0;0;0
202200009869;796 413;15;0;2;4;2;1
202200009869;796 414;7;0;2;1;2;1
202200009870;796 410;7;0;2;4;2;1
202200009870;796 411;7;0;2;4;2;1
202200009870;796 412;7;0;2;1;2;1
202200009871;796 407;10;0;2;4;2;1
202200009871;796 408;7;0;2;4;2;1
202200009871;796 409;14;0;2;1;2;1
202200009872;796 405;7;0;2;3;11;2
202200009872;796 406;34;0;2;2;3;1
202200009873;796 403;33;0;2;1;3;1
202200009873;796 404;10;0;2;5;1;1
202200009874;796 400;32;0;2;1;3;1
202200009874;796 401;7;0;2;8;1;1
202200009874;796 402;7;0;2;4;1;1
202200009875;796 399;10;3;0;1;1;1
202200009876;796 397;7;0;2;1;18;1
202200009876;796 398;7;0;2;4;0;2
202200009877;796 395;10;0;2;3;15;1
202200009877;796 396;32;0;2;8;1;1
202200009878;796 394;1;0;0;1;2;5
202200009879;796 393;7;0;1;1;1;-1
202200009880;796 392;7;8;0;1;26;1
202200009881;796 391;14;13;0;9;1;1
202200009882;796 389;7;0;2;8;15;1
202200009882;796 390;30;0;2;1;1;1
202200009883;796 387;33;0;2;1;1;1
202200009883;796 388;7;0;2;7;15;3
202200009884;796 385;1;1;0;1;13;5
202200009884;796 386;7;0;2;3;24;1
202200009885;796 384;7;8;0;5;1;1
202200009886;796 383;7;0;1;2;1;1
202200009887;796 381;2;0;2;2;17;1
202200009887;796 382;7;0;2;3;15;1
202200009888;796 379;7;0;2;3;15;1
202200009888;796 380;50;0;2;1;15;3
202200009889;796 377;7;0;2;4;1;1
202200009889;796 378;7;0;2;1;2;1
202200009890;796 374;32;0;2;0;1;0
202200009890;796 375;2;0;2;0;1;0
202200009890;796 376;7;0;2;8;15;1
202200009891;796 372;30;0;2;1;1;0
202200009891;796 373;7;0;2;3;15;1
202200009892;796 371;7;0;1;2;1;1
202200009893;796 369;7;1;0;2;0;1
202200009893;796 370;7;1;0;6;0;1
202200009894;796 367;7;0;2;3;13;1
202200009894;796 368;7;0;2;3;5;1
202200009895;796 365;32;0;2;1;17;1
202200009895;796 366;7;0;2;1;19;1
202200009896;796 364;7;0;1;1;1;1
202200009897;796 362;7;0;2;0;0;2
202200009897;796 363;1;0;0;1;0;5
202200009898;796 361;7;0;1;3;1;1
202200009899;796 358;33;0;9;1;1;1
202200009899;796 359;33;0;2;1;1;1
202200009899;796 360;7;0;2;6;15;1
202200009900;796 356;7;0;2;1;9;1
202200009900;796 357;7;0;2;7;1;1
202200009901;796 355;7;1;0;1;14;1
202200009902;796 353;31;0;2;1;26;1
202200009902;796 354;1;0;2;1;1;5
202200009903;796 351;10;0;1;2;1;1
202200009904;796 350;7;0;2;1;0;2
202200009904;796 352;7;0;2;2;1;1
202200009905;796 349;7;0;9;1;2;1
202200009906;796 348;7;0;1;2;1;1
202200009907;796 347;7;1;0;2;1;1
202200009908;796 345;7;0;1;4;20;1
202200009909;796 344;7;0;2;1;1;1
202200009909;796 346;7;0;2;1;5;1
202200009910;796 341;7;3;2;1;2;1
202200009910;796 343;15;4;2;6;2;1
202200009911;796 340;7;0;2;8;15;1
202200009911;796 342;31;0;2;2;17;1
202200009912;796 337;7;0;2;3;1;1
202200009912;796 339;7;0;2;1;15;1
202200009913;796 336;7;0;2;8;15;1
202200009913;796 338;7;0;2;1;1;1
202200009914;796 333;33;0;2;1;1;1
202200009914;796 334;7;0;2;6;10;1
202200009915;796 332;7;0;2;3;15;1
202200009915;796 335;1;0;2;1;1;5
202200009916;796 330;7;0;2;1;1;1
202200009916;796 331;7;0;2;4;1;1
202200009917;796 329;7;2;0;1;14;2
202200009918;796 328;7;0;1;1;16;0
202200009919;796 326;7;0;4;8;23;1
202200009919;796 327;39;0;2;2;26;3
202200009920;796 325;30;0;0;1;1;1
202200009921;796 324;7;15;1;1;16;1
202200009922;796 321;7;0;2;1;1;1
202200009922;796 323;50;0;2;0;0;3
202200009923;796 322;7;9;1;7;16;1
202200009924;796 319;7;0;1;0;1;1
202200009925;796 314;7;0;2;1;1;1
202200009925;796 317;2;0;2;7;1;1
202200009926;796 313;7;0;2;8;1;1
202200009926;796 315;7;0;2;2;1;1
202200009926;796 316;7;0;2;3;9;1
202200009927;796 310;31;0;2;1;19;1
202200009927;796 311;7;0;2;2;1;1
202200009928;796 309;34;0;2;1;5;1
202200009928;796 312;7;0;2;8;15;1
202200009929;796 308;10;0;1;2;1;1
202200009930;796 304;1;0;2;6;1;5
202200009930;796 306;7;0;9;2;16;1
202200009931;796 305;7;0;2;7;15;1
202200009931;796 307;1;0;2;1;1;5
202200009932;796 303;33;0;0;7;1;1
202200009933;796 301;1;0;2;1;1;5
202200009933;796 302;2;0;2;1;13;1
202200009934;796 300;7;0;1;2;0;1
202200009935;796 299;7;6;0;1;21;1
202200009936;796 297;7;0;0;1;1;1
202200009936;796 298;7;0;2;2;16;1
202200009937;796 296;0;0;1;1;1;0
202200009938;796 293;10;0;1;3;1;1
202200009939;796 292;13;0;2;8;1;1
202200009939;796 294;7;0;2;2;15;1
202200009939;796 295;7;0;2;1;1;1
202200009940;796 290;7;9;2;3;6;1
202200009940;796 291;7;0;0;6;1;1
202200009941;796 289;7;0;1;1;26;1
202200009942;796 288;7;1;0;2;14;1
202200009943;796 286;7;0;2;1;26;1
202200009943;796 287;1;0;2;1;1;5
202200009944;796 284;7;0;2;1;1;1
202200009944;796 285;32;0;2;2;1;1
202200009945;796 283;30;1;0;1;26;1
202200009946;796 281;1;0;2;1;1;5
202200009946;796 282;7;0;2;3;9;1
202200009947;796 280;7;0;1;1;1;1
202200009948;796 278;43;0;2;7;1;1
202200009948;796 279;7;0;2;8;11;1
202200009949;796 277;31;12;0;1;1;1
202200009950;796 276;7;4;0;9;14;1
202200009951;796 275;7;0;1;1;1;1
202200009952;796 274;30;0;0;1;1;1
202200009953;796 271;7;0;2;3;10;1
202200009953;796 273;50;0;2;7;1;3
202200009954;796 270;50;0;2;0;0;3
202200009954;796 272;15;0;9;1;2;0
202200009955;796 267;7;0;2;3;1;1
202200009955;796 269;7;0;2;8;1;1
202200009956;796 266;7;0;2;3;15;1
202200009956;796 268;7;0;2;7;17;1
202200009957;796 264;2;0;0;0;26;1
202200009958;796 262;7;0;2;5;2;1
202200009958;796 263;34;0;2;5;2;1
202200009958;796 265;7;0;2;4;4;1
202200009959;796 260;7;2;0;1;14;1
202200009959;796 261;7;0;0;0;15;0
202200009960;796 258;7;0;2;5;23;1
202200009960;796 259;34;0;2;1;2;3
202200009961;796 256;1;0;2;8;15;5
202200009961;796 257;7;0;2;2;1;1
202200009962;796 254;7;0;2;1;15;2
202200009962;796 255;1;0;2;8;1;5
202200009963;796 251;1;0;2;1;1;5
202200009963;796 253;7;0;2;8;22;1
202200009964;796 250;1;0;2;8;2;5
202200009964;796 252;7;0;2;7;1;1
202200009965;796 249;7;0;2;2;2;1
202200009966;796 247;7;0;2;8;19;1
202200009966;796 248;33;0;2;1;1;1
202200009967;796 246;7;0;1;8;15;2
202200009968;796 244;34;0;2;1;1;1
202200009968;796 245;7;0;2;1;15;1
202200009969;796 243;7;0;1;2;1;1
202200009970;796 240;7;0;1;1;26;1
202200009971;796 241;33;0;2;1;2;1
202200009971;796 242;7;0;2;6;15;1
202200009972;796 238;10;0;1;1;26;1
202200009973;796 237;7;0;2;4;1;0
202200009973;796 239;7;0;2;1;1;1
202200009974;796 234;7;0;2;1;2;1
202200009974;796 236;7;0;2;4;2;1
202200009975;796 233;7;0;2;3;26;1
202200009975;796 235;60;0;2;1;16;5
202200009976;796 231;7;1;2;1;14;1
202200009977;796 229;7;0;1;1;1;0
202200009978;796 226;10;0;2;1;2;1
202200009978;796 228;7;0;2;4;2;1
202200009978;796 230;7;0;2;4;2;1
202200009978;796 232;7;0;2;1;2;3
202200009979;796 225;7;0;2;1;1;1
202200009979;796 227;43;0;2;3;1;1
202200009980;796 224;7;4;0;3;13;1
202200009981;796 222;7;0;1;1;1;1
202200009982;796 218;7;0;2;5;2;2
202200009982;796 220;7;0;2;4;2;1
202200009982;796 221;7;0;2;4;2;1
202200009982;796 223;14;0;2;1;2;1
202200009983;796 217;2;8;0;1;0;1
202200009983;796 219;7;0;0;0;2;3
202200009984;796 215;80;0;2;1;1;3
202200009984;796 216;14;0;2;7;16;1
202200009985;796 214;7;0;1;2;1;1
202200009986;796 211;7;12;2;0;11;2
202200009986;796 212;30;0;2;8;1;3
202200009987;796 210;32;0;2;8;1;1
202200009987;796 213;7;0;2;7;20;1
202200009988;796 209;10;0;1;2;2;1
202200009989;796 208;32;0;1;3;1;3
202200009990;796 207;7;13;0;1;2;1
202200009991;796 206;34;0;1;1;1;1
202200009992;796 205;7;2;0;8;0;1
202200009993;796 204;7;0;1;0;1;1
202200009994;796 203;7;2;0;7;13;1
202200009995;796 200;30;0;2;7;1;1
202200009995;796 202;1;0;2;8;13;5
202200009996;796 199;7;0;2;2;1;1
202200009996;796 201;1;0;2;1;1;5
202200009997;796 197;7;0;1;2;1;1
202200009998;796 196;7;0;2;1;1;1
202200009998;796 198;7;0;2;1;15;1
202200009999;796 194;10;0;1;4;4;1
202200010000;796 193;17;0;2;3;0;1
202200010000;796 195;7;0;2;2;19;0
202200010001;796 191;33;0;0;0;1;1
202200010002;796 190;30;0;2;1;1;3
202200010002;796 192;33;0;2;7;16;1
202200010003;796 188;7;0;0;1;9;1
202200010003;796 189;10;0;0;7;26;1
202200010004;796 186;30;0;2;1;1;3
202200010004;796 187;50;0;2;7;16;3
202200010005;796 185;33;0;0;0;1;1
202200010006;796 183;7;0;2;2;19;1
202200010006;796 184;7;0;2;3;1;1
202200010007;796 181;33;0;0;1;17;1
202200010007;796 182;7;0;0;8;10;1
202200010008;796 179;7;0;2;1;2;1
202200010008;796 180;7;0;2;0;23;1
202200010009;796 178;7;0;1;2;1;1
202200010010;796 175;7;0;2;2;1;1
202200010010;796 177;7;0;2;7;1;1
202200010011;796 174;10;0;2;3;1;1
202200010011;796 176;7;0;0;8;15;1
202200010012;796 172;7;0;1;6;16;1
202200010013;796 171;32;0;2;2;17;1
202200010013;796 173;10;0;2;3;15;1
202200010014;796 170;7;16;0;2;1;1
202200010015;796 169;7;0;1;8;16;1
202200010016;796 168;7;0;1;2;15;1
202200010017;796 166;43;0;9;4;26;1
202200010017;796 167;7;0;2;1;1;1
202200010018;796 165;33;0;0;8;1;1
202200010019;796 163;32;0;2;1;1;1
202200010019;796 164;7;0;2;8;13;1
202200010020;796 161;7;0;2;8;15;1
202200010020;796 162;33;0;2;1;1;1
202200010021;796 160;1;6;0;0;16;5
202200010022;796 159;30;0;1;1;2;1
202200010023;796 157;7;0;2;7;10;1
202200010023;796 158;43;0;2;8;1;1
202200010024;796 155;30;0;2;7;0;1
202200010024;796 156;7;0;2;7;11;1
202200010025;796 153;7;0;1;1;1;1
202200010025;796 154;7;0;2;2;2;1
202200010026;796 151;43;0;2;1;2;1
202200010026;796 152;33;0;2;5;16;1
202200010027;796 150;7;2;0;1;21;1
202200010028;796 149;37;0;1;2;16;1
202200010029;796 148;10;1;1;1;1;0
202200010030;796 147;10;0;1;7;1;1
202200010031;796 145;7;0;0;4;23;1
202200010031;796 146;7;0;2;4;26;1
202200010032;796 143;7;0;2;1;13;1
202200010032;796 144;7;0;2;3;1;1
202200010033;796 141;7;0;2;3;19;1
202200010033;796 142;50;0;2;7;0;3
202200010034;796 140;30;0;1;0;0;1
202200010035;796 138;7;1;0;7;15;1
202200010035;796 139;7;0;2;3;1;1
202200010036;796 136;32;0;2;2;0;0
202200010036;796 137;7;0;2;0;0;0
202200010037;796 134;7;0;2;2;15;1
202200010037;796 135;1;0;2;1;15;5
202200010038;796 132;3;0;2;5;0;1
202200010038;796 133;7;0;2;4;0;1
202200010039;796 130;7;0;0;8;22;2
202200010039;796 131;1;1;0;1;17;5
202200010040;796 128;7;0;2;2;15;1
202200010040;796 129;33;0;2;1;1;1
202200010041;796 126;7;0;2;3;15;1
202200010041;796 127;32;0;2;1;1;1
202200010042;796 125;2;1;2;3;1;3
202200010043;796 123;7;0;2;7;16;1
202200010043;796 124;34;0;2;8;2;1
202200010044;796 122;10;0;1;1;15;1
202200010045;796 121;33;0;0;0;1;1
202200010046;796 120;7;0;1;1;1;1
202200010047;796 118;30;0;2;7;1;3
202200010047;796 119;33;0;2;6;13;1
202200010048;796 117;7;0;0;9;2;1
202200010049;796 115;7;0;2;1;15;1
202200010049;796 116;2;0;2;1;1;1
202200010050;796 113;7;0;9;1;1;1
202200010050;796 114;14;0;0;0;1;1
202200010051;796 110;7;0;2;1;0;1
202200010051;796 112;7;0;2;3;1;1
202200010052;796 109;50;0;2;1;0;3
202200010052;796 111;7;0;2;2;20;1
202200010053;796 108;1;0;0;0;1;5
202200010054;796 107;10;0;1;3;1;1
202200010055;796 106;7;0;1;1;2;1
202200010056;796 105;7;0;1;1;1;1
202200010057;796 103;7;0;2;3;17;1
202200010057;796 104;1;0;2;1;1;5
202200010058;796 101;7;1;0;1;1;1
202200010058;796 102;38;0;2;6;24;1
202200010059;796 098;21;0;2;4;1;1
202200010059;796 099;7;0;2;4;11;1
202200010059;796 100;17;1;2;1;17;1
202200010060;796 096;7;12;0;2;21;1
202200010060;796 097;7;0;0;0;1;1
202200010061;796 094;7;0;1;1;19;1
202200010062;796 095;7;0;0;1;1;1
202200010063;796 092;7;13;1;2;1;1
202200010063;796 093;7;3;0;8;1;1
202200010064;796 090;7;0;2;2;15;1
202200010064;796 091;34;0;2;1;1;1
202200010065;796 087;2;0;2;3;1;1
202200010065;796 088;7;0;2;2;15;1
202200010066;796 085;7;0;2;1;2;1
202200010066;796 086;21;16;0;4;2;1
202200010067;796 084;7;7;0;1;13;1
202200010068;796 082;7;0;1;1;1;1
202200010069;796 080;7;0;2;1;1;1
202200010069;796 081;7;0;2;1;1;1
202200010070;796 078;7;0;2;1;9;1
202200010070;796 079;33;0;2;8;1;1
202200010071;796 076;10;0;2;3;1;1
202200010071;796 077;3;0;2;3;13;1
202200010072;796 074;7;10;0;1;2;1
202200010073;796 072;7;0;2;2;17;1
202200010073;796 073;21;0;2;3;15;1
202200010074;796 069;7;0;2;2;1;1
202200010074;796 071;7;0;2;1;9;1
202200010075;796 070;99;0;0;4;1;0
202200010075;796 075;99;0;2;1;1;0
202200010076;796 067;7;0;2;3;1;0
202200010076;796 068;10;0;2;3;1;0
202200010077;796 065;7;12;0;1;1;1
202200010078;796 064;7;0;2;1;1;1
202200010078;796 066;7;0;2;1;11;1
202200010079;796 063;10;6;0;2;1;1
202200010080;796 062;7;2;0;1;1;1
202200010081;796 061;2;0;0;8;1;1
202200010082;796 060;7;2;0;7;1;1
202200010083;796 058;1;0;2;1;1;5
202200010083;796 059;7;0;9;1;1;1
202200010084;796 054;10;0;2;3;9;1
202200010084;796 056;1;0;2;1;2;5
202200010085;796 051;7;0;2;2;15;1
202200010085;796 052;33;0;2;1;1;1
202200010086;796 050;10;0;1;1;1;1
202200010087;796 048;33;0;2;1;2;1
202200010087;796 049;7;0;2;3;15;1
202200010088;796 053;7;0;2;1;1;1
202200010088;796 055;7;0;2;1;1;1
202200010088;796 057;7;0;2;1;13;1
202200010089;796 047;7;0;1;2;1;1
202200010090;796 045;15;0;2;1;1;1
202200010090;796 046;7;0;2;1;5;1
202200010091;796 042;14;0;0;6;0;1
202200010091;796 043;7;0;2;1;0;1
202200010092;796 041;38;6;0;8;13;1
202200010093;796 044;7;13;0;3;1;1
202200010094;796 039;7;0;2;1;17;1
202200010094;796 040;7;0;2;1;1;1
202200010095;796 037;33;0;2;1;1;1
202200010095;796 038;7;0;2;2;19;1
202200010096;796 036;2;12;0;2;2;1
202200010097;796 034;7;0;2;3;2;1
202200010097;796 035;7;0;2;1;13;1
202200010098;796 031;7;13;2;9;2;1
202200010098;796 032;7;0;2;4;2;1
202200010099;796 028;7;0;2;3;15;1
202200010099;796 029;2;0;2;1;17;1
202200010100;796 026;1;0;2;1;1;5
202200010100;796 027;7;0;9;1;15;1
202200010101;796 030;7;0;2;1;1;1
202200010101;796 033;7;0;2;1;13;1
202200010102;796 025;10;0;0;0;1;1
202200010103;796 023;7;0;2;6;26;1
202200010103;796 024;33;0;2;2;1;1
202200010104;796 018;33;3;0;1;2;1
202200010104;796 020;33;3;0;1;2;1
202200010105;796 017;10;0;2;6;11;1
202200010105;796 019;33;0;2;2;1;1
202200010106;796 016;7;15;0;1;1;1
202200010107;796 012;43;0;2;1;2;1
202200010107;796 015;7;0;2;4;2;1
202200010108;796 010;33;0;2;1;21;1
202200010108;796 014;7;0;2;6;1;1
202200010109;796 007;10;0;2;7;1;1
202200010109;796 008;0;0;0;0;0;0
202200010110;796 006;7;0;1;3;1;1
202200010111;796 001;7;0;2;3;0;1
202200010111;796 002;7;0;2;1;2;1
202200010111;796 004;7;0;2;6;2;1
202200010112;796 003;7;0;2;2;2;1
202200010112;796 005;10;0;2;3;19;1
202200010113;796 000;10;13;0;1;1;1
202200010114;795 998;33;13;0;9;1;1
202200010115;795 997;7;0;2;1;23;1
202200010115;795 999;7;0;2;1;1;1
202200010116;795 994;31;0;9;8;18;1
202200010117;795 993;7;0;6;1;1;1
202200010117;795 995;7;0;2;1;1;1
202200010117;795 996;7;0;2;1;1;1
202200010118;795 991;7;0;2;5;15;1
202200010118;795 992;7;0;2;1;1;1
202200010119;795 987;7;0;2;4;1;1
202200010119;795 989;7;0;2;1;2;1
202200010119;795 990;7;0;0;0;0;0
202200010120;795 988;31;13;0;0;15;1
202200010121;795 985;31;0;2;1;2;1
202200010121;795 986;7;0;2;5;1;1
202200010122;795 983;33;0;2;1;2;1
202200010122;795 984;0;0;0;4;1;-1
202200010123;795 982;7;0;1;3;1;1
202200010124;795 981;7;3;0;0;1;1
202200010125;795 977;10;0;2;1;1;1
202200010125;795 979;10;0;2;4;1;1
202200010126;795 975;7;0;2;1;1;1
202200010126;795 980;7;9;2;7;19;1
202200010127;795 974;7;0;2;4;2;1
202200010127;795 976;7;0;2;4;2;1
202200010127;795 978;7;0;2;1;2;1
202200010128;795 972;7;0;2;0;2;1
202200010128;795 973;33;0;2;6;2;1
202200010129;795 971;7;6;0;0;1;1
202200010130;795 968;33;0;2;7;3;1
202200010130;795 970;7;0;2;6;11;1
202200010131;795 967;7;0;2;4;2;1
202200010131;795 969;7;0;2;1;2;1
202200010132;795 965;7;0;2;5;1;1
202200010132;795 966;10;0;2;1;1;1
202200010133;795 962;7;0;2;0;0;2
202200010133;795 964;7;0;2;1;2;1
202200010134;795 961;33;0;2;7;1;1
202200010134;795 963;7;0;2;3;11;1
202200010135;795 957;10;8;2;1;1;1
202200010135;795 960;7;0;2;1;1;1
202200010136;795 956;33;0;2;1;1;1
202200010136;795 958;7;0;2;4;11;1
202200010137;795 955;7;0;2;3;1;3
202200010137;795 959;14;0;2;2;12;1
202200010138;795 954;7;15;0;1;17;1
202200010139;795 951;33;0;2;1;9;1
202200010139;795 953;10;16;0;5;9;0
202200010140;795 948;7;3;2;4;23;1
202200010140;795 952;15;0;2;1;1;1
202200010141;795 949;2;0;2;8;19;1
202200010141;795 950;10;0;2;3;26;1
202200010142;795 945;43;0;1;-1;0;-1
202200010143;795 944;10;0;2;2;5;1
202200010143;795 946;7;0;2;5;4;1
202200010144;795 943;7;4;2;4;1;1
202200010144;795 947;7;0;2;3;9;1
202200010145;795 940;7;0;1;2;2;1
202200010146;795 939;7;0;2;2;12;1
202200010146;795 941;33;0;2;8;3;1
202200010147;795 935;10;0;1;2;1;1
202200010148;795 933;40;0;1;2;1;1
202200010149;795 934;31;0;2;3;1;1
202200010149;795 936;7;0;2;3;13;1
202200010150;795 929;7;0;0;4;1;1
202200010150;795 931;33;0;2;1;1;1
202200010151;795 926;10;0;2;2;15;1
202200010151;795 928;33;0;2;2;21;1
202200010152;795 925;0;0;2;6;17;0
202200010152;795 927;7;0;2;6;1;1
202200010153;795 922;7;0;2;1;21;1
202200010153;795 924;7;6;2;5;19;1
202200010154;795 921;10;0;9;7;16;1
202200010154;795 923;1;0;2;7;19;5
202200010155;795 920;30;9;2;1;26;0
202200010156;795 919;30;0;0;0;0;0
202200010157;795 916;33;0;2;8;1;1
202200010157;795 918;7;0;2;3;15;1
202200010158;795 915;7;0;2;1;9;2
202200010158;795 917;7;0;2;7;1;0
202200010159;795 911;7;10;2;4;2;1
202200010159;795 913;7;0;2;1;1;1
202200010159;795 914;7;0;2;1;2;1
202200010160;795 910;7;0;2;7;1;1
202200010160;795 912;30;0;2;1;0;1
202200010161;795 906;7;0;2;4;2;1
202200010161;795 908;7;0;2;1;2;1
202200010162;795 904;1;1;2;0;0;5
202200010162;795 907;7;0;2;8;1;1
202200010163;795 902;7;3;0;1;0;1
202200010163;795 903;7;0;2;2;2;0
202200010163;795 905;7;0;2;1;2;1
202200010164;795 901;1;0;9;4;1;5
202200010165;795 899;7;0;2;8;1;1
202200010165;795 900;33;0;2;7;1;1
202200010166;795 897;7;0;1;2;1;1
202200010167;795 895;60;0;2;7;25;5
202200010167;795 896;7;0;2;2;1;1
202200010168;795 893;7;4;0;1;1;1
202200010168;795 894;7;14;0;1;2;1
202200010168;795 898;7;14;0;1;2;1
202200010169;795 890;7;0;2;6;1;1
202200010169;795 892;7;0;2;3;13;1
202200010170;795 888;1;0;2;3;1;6
202200010170;795 891;13;0;2;7;16;0
202200010171;795 887;7;4;2;1;9;1
202200010171;795 889;7;4;2;4;1;1
202200010172;795 886;30;4;0;8;0;1
202200010173;795 882;7;0;2;7;15;1
202200010173;795 885;50;0;2;1;2;3
202200010174;795 880;7;0;2;1;15;1
202200010174;795 881;2;0;2;7;17;1
202200010174;795 883;7;0;2;2;23;1
202200010175;795 884;7;2;0;1;14;1
202200010176;795 878;37;12;1;2;1;1
202200010177;795 879;7;0;1;0;0;0
202200010178;795 877;10;0;1;2;1;1
202200010179;795 875;7;0;2;4;2;1
202200010179;795 876;7;0;2;1;2;1
202200010180;795 873;7;0;2;2;26;2
202200010180;795 874;31;0;2;4;23;1
202200010181;795 869;7;0;2;1;21;1
202200010181;795 872;7;0;2;1;21;1
202200010182;795 868;7;0;2;3;23;1
202200010182;795 870;34;0;2;3;13;1
202200010183;795 867;7;0;2;1;1;1
202200010183;795 871;7;0;2;3;15;1
202200010184;795 866;7;7;0;1;1;1
202200010185;795 863;7;0;2;2;1;1
202200010185;795 865;7;0;2;3;1;1
202200010186;795 862;7;0;2;3;13;1
202200010186;795 864;7;0;2;1;1;1
202200010187;795 860;10;2;0;9;1;1
202200010188;795 859;7;0;2;3;5;1
202200010188;795 861;7;0;2;3;14;2
202200010189;795 855;7;0;2;2;1;1
202200010189;795 857;7;0;2;6;1;1
202200010189;795 858;14;0;2;2;12;1
202200010190;795 852;7;0;2;1;26;1
202200010190;795 854;7;0;2;1;1;1
202200010190;795 856;7;0;2;1;1;1
202200010191;795 851;10;0;1;5;26;1
202200010192;795 849;7;0;2;1;5;1
202200010192;795 850;7;0;2;2;1;1
202200010192;795 853;7;5;2;1;1;1
202200010193;795 848;34;0;1;1;1;1
202200010194;795 844;15;0;2;2;1;0
202200010194;795 847;7;0;2;1;1;1
202200010195;795 843;7;0;2;3;1;1
202200010195;795 846;7;0;2;3;1;1
202200010196;795 845;7;6;0;2;16;1
202200010197;795 842;7;2;0;9;14;1
202200010198;795 840;33;0;1;7;3;1
202200010199;795 839;33;0;0;1;2;1
202200010199;795 841;7;0;0;8;10;0
202200010200;795 836;32;0;2;1;1;0
202200010200;795 837;7;0;2;8;15;1
202200010201;795 834;7;0;2;2;2;1
202200010201;795 835;1;0;2;1;2;5
202200010202;795 833;7;0;2;3;1;1
202200010202;795 838;7;0;2;1;26;1
202200010203;795 830;7;0;2;7;16;1
202200010203;795 832;37;0;2;3;1;3
202200010204;795 829;7;0;2;3;1;1