Num_Acc;id_vehicule;catv;obs;obsm;choc;manv;motor
202200010204;795 831;7;13;2;3;13;1
202200010205;795 828;7;0;1;3;1;1
202200010206;795 826;33;0;2;1;2;1
202200010206;795 827;10;0;2;4;1;1
202200010207;795 822;7;0;2;2;0;1
202200010207;795 825;7;0;2;3;1;1
202200010208;795 820;7;0;2;2;15;1
202200010208;795 823;7;0;2;2;1;1
202200010209;795 816;7;0;1;5;2;1
202200010209;795 819;13;0;2;3;2;1
202200010210;795 815;13;14;0;7;1;1
202200010210;795 818;7;0;1;1;1;1
202200010211;795 814;7;0;2;2;16;1
202200010211;795 817;1;0;2;1;2;5
202200010212;795 811;33;15;0;8;1;1
202200010213;795 812;2;0;2;3;15;1
202200010214;795 810;7;0;2;2;17;1
202200010214;795 813;7;0;2;3;1;1
202200010215;795 808;2;3;0;1;1;1
202200010216;795 807;7;0;2;3;13;1
202200010216;795 809;7;0;0;3;1;1
202200010217;795 806;7;9;0;1;6;1
202200010218;795 804;7;0;2;5;1;1
202200010218;795 805;7;16;2;8;17;1
202200010219;795 800;1;0;0;5;16;5
202200010219;795 802;7;0;9;1;9;1
202200010220;795 801;7;0;2;3;15;1
202200010220;795 803;33;0;2;1;1;1
202200010221;795 796;7;0;2;5;1;1
202200010221;795 797;7;0;2;3;1;1
202200010221;795 799;7;13;2;1;15;1
202200010222;795 794;7;0;0;3;15;1
202200010222;795 798;7;0;0;1;1;1
202200010223;795 793;7;0;2;1;15;0
202200010223;795 795;7;0;2;3;15;2
202200010224;795 790;7;0;9;2;1;2
202200010224;795 792;50;0;2;0;0;3
202200010225;795 789;31;0;2;1;2;1
202200010225;795 791;10;0;0;6;23;1
202200010226;795 787;1;0;2;8;1;5
202200010226;795 788;7;0;2;3;15;1
202200010227;795 784;7;0;2;2;15;1
202200010227;795 786;1;0;2;1;1;5
202200010228;795 783;7;0;2;4;1;1
202200010228;795 785;7;0;2;1;1;1
202200010229;795 779;50;0;2;1;1;3
202200010229;795 780;7;0;2;7;16;1
202200010230;795 778;7;3;2;2;26;1
202200010230;795 781;7;0;2;1;2;1
202200010231;795 777;7;0;1;1;16;1
202200010232;795 774;2;14;0;1;1;1
202200010233;795 773;7;0;2;7;1;1
202200010233;795 776;2;0;2;8;1;1
202200010234;795 772;7;0;2;4;1;1
202200010234;795 775;7;0;2;1;0;1
202200010235;795 769;33;0;2;1;1;1
202200010235;795 771;30;0;2;1;5;1
202200010236;795 767;1;0;2;8;1;5
202200010236;795 770;7;0;2;6;16;1
202200010237;795 766;17;0;2;4;2;1
202200010237;795 768;10;0;2;1;2;1
202200010238;795 765;7;0;1;1;9;1
202200010239;795 763;7;14;0;1;1;1
202200010240;795 762;7;0;2;3;0;1
202200010240;795 764;30;0;2;1;2;1
202200010241;795 760;1;0;2;7;26;5
202200010241;795 761;7;0;2;1;26;1
202200010242;795 758;1;0;1;3;16;5
202200010243;795 757;7;0;2;1;17;1
202200010243;795 759;7;0;2;4;1;2
202200010244;795 755;30;0;2;1;17;1
202200010244;795 756;7;0;2;8;10;1
202200010245;795 753;7;0;1;3;15;1
202200010246;795 752;43;0;2;3;3;1
202200010246;795 754;7;0;2;7;1;1
202200010247;795 750;7;8;0;2;1;1
202200010248;795 749;33;0;2;1;18;1
202200010248;795 751;7;0;2;5;16;1
202200010249;795 748;7;4;0;0;0;1
202200010250;795 747;7;0;1;1;0;1
202200010251;795 744;7;9;2;1;2;1
202200010251;795 746;7;9;0;4;1;1
202200010252;795 743;15;0;2;6;2;1
202200010252;795 745;32;3;0;9;1;1
202200010253;795 742;7;1;0;9;1;1
202200010254;795 739;10;0;2;3;15;1
202200010254;795 741;33;0;2;1;1;1
202200010255;795 736;10;0;2;3;14;1
202200010255;795 738;10;0;2;5;23;1
202200010255;795 740;7;1;2;4;1;2
202200010256;795 735;7;0;1;1;1;1
202200010257;795 734;7;0;2;3;15;1
202200010257;795 737;33;0;2;1;17;1
202200010258;795 730;30;1;0;1;1;1
202200010259;795 729;32;0;2;4;1;1
202200010259;795 732;7;0;2;1;1;1
202200010260;795 726;7;1;0;1;9;1
202200010260;795 727;7;0;2;4;23;1
202200010260;795 728;7;0;2;4;23;1
202200010260;795 731;7;0;2;4;23;1
202200010260;795 733;7;0;2;4;23;1
202200010261;795 723;50;0;2;0;2;3
202200010261;795 725;7;0;2;2;19;1
202200010262;795 722;7;0;2;1;1;1
202200010262;795 724;7;0;2;4;0;1
202200010263;795 718;10;0;1;1;1;1
202200010264;795 716;7;0;2;3;1;1
202200010264;795 719;7;0;2;1;1;1
202200010264;795 720;7;0;2;1;21;1
202200010264;795 721;7;0;0;4;14;1
202200010265;795 715;7;0;2;8;9;1
202200010265;795 717;2;0;2;2;1;1
202200010266;795 714;7;5;0;1;1;1
202200010267;795 713;7;0;0;0;26;1
202200010268;795 709;10;0;2;3;1;0
202200010268;795 712;2;0;2;4;1;1
202200010269;795 707;2;0;0;8;1;1
202200010270;795 706;7;0;1;2;1;1
202200010271;795 705;10;0;1;4;0;1
202200010272;795 704;7;0;1;4;26;1
202200010273;795 702;10;0;2;3;5;1
202200010273;795 703;33;0;2;1;0;1
202200010274;795 701;7;0;1;1;1;1
202200010275;795 700;7;0;1;1;9;1
202200010276;795 696;1;0;2;1;2;5
202200010276;795 699;7;0;2;4;1;1
202200010277;795 697;10;0;1;7;15;1
202200010278;795 695;1;0;2;1;1;5
202200010278;795 698;17;0;2;3;9;1
202200010279;795 693;7;0;1;1;15;1
202200010280;795 694;7;0;1;3;9;1
202200010281;795 692;10;0;1;1;15;1
202200010282;795 689;10;0;2;1;2;1
202200010282;795 691;7;0;2;4;2;1
202200010283;795 688;2;0;2;1;1;1
202200010283;795 690;7;0;2;3;15;1
202200010284;795 686;7;0;2;3;9;1
202200010284;795 687;33;0;2;1;15;1
202200010285;795 685;7;0;9;1;6;1
202200010286;795 684;1;0;1;1;1;5
202200010287;795 683;35;6;0;1;13;1
202200010288;795 680;1;0;2;4;2;5
202200010288;795 682;7;0;2;1;2;1
202200010289;795 678;1;2;0;0;0;5
202200010289;795 681;7;2;2;3;15;1
202200010290;795 679;7;0;1;2;1;1
202200010291;795 672;7;0;2;1;2;1
202200010291;795 677;7;0;2;4;2;1
202200010292;795 674;1;0;2;0;0;5
202200010292;795 675;1;0;2;0;0;5
202200010292;795 676;7;0;9;1;1;1
202200010293;795 670;7;0;9;1;9;1
202200010293;795 671;1;0;2;7;1;5
202200010294;795 669;7;0;2;3;13;1
202200010294;795 673;30;0;2;1;1;1
202200010295;795 666;7;0;2;5;0;1
202200010295;795 668;30;0;2;1;3;1
202200010296;795 663;33;0;2;1;1;1
202200010296;795 667;7;0;2;2;15;1
202200010297;795 664;7;0;2;1;16;1
202200010297;795 665;17;0;2;1;9;1
202200010298;795 662;7;0;1;2;20;1
202200010299;795 659;1;0;2;7;5;5
202200010299;795 661;7;0;2;1;1;1
202200010300;795 658;7;0;2;1;16;1
202200010300;795 660;50;0;2;1;1;3
202200010301;795 656;34;0;2;4;0;0
202200010301;795 657;34;0;2;1;2;1
202200010302;795 652;7;0;2;1;1;1
202200010302;795 654;7;0;0;4;1;1
202200010303;795 653;31;0;2;1;1;1
202200010303;795 655;7;0;2;1;5;1
202200010304;795 650;7;0;2;6;1;1
202200010304;795 651;7;13;2;3;13;1
202200010305;795 647;7;0;2;8;15;1
202200010305;795 648;32;0;2;1;17;1
202200010306;795 645;1;0;2;1;1;5
202200010306;795 649;7;0;2;2;16;1
202200010307;795 644;7;0;2;7;14;0
202200010307;795 646;43;0;2;5;1;1
202200010308;795 642;7;0;2;7;0;1
202200010308;795 643;7;1;0;1;15;1
202200010309;795 635;7;0;0;5;2;1
202200010309;795 637;7;0;2;4;2;1
202200010309;795 639;7;0;2;1;1;1
202200010309;795 641;7;0;2;1;1;1
202200010310;795 636;7;0;2;2;26;1
202200010310;795 638;7;0;2;1;16;1
202200010310;795 640;1;0;2;8;19;0
202200010311;795 633;15;3;2;3;1;1
202200010311;795 634;7;0;2;1;13;1
202200010312;795 632;7;0;1;1;1;1
202200010313;795 631;31;0;0;8;3;1
202200010314;795 628;10;0;1;2;21;1
202200010315;795 626;7;0;2;2;12;1
202200010315;795 629;43;0;2;3;3;1
202200010316;795 627;7;9;2;1;1;1
202200010316;795 630;7;9;2;4;1;1
202200010317;795 625;7;2;0;1;1;1
202200010318;795 623;7;0;1;2;9;1
202200010319;795 620;7;0;2;7;2;1
202200010319;795 621;7;0;2;7;2;1
202200010319;795 622;7;4;2;6;2;1
202200010319;795 624;10;4;2;2;11;1
202200010320;795 619;7;0;1;0;15;1
202200010321;795 618;7;0;1;1;0;1
202200010322;795 615;10;0;2;6;1;1
202200010322;795 617;32;0;2;1;3;1
202200010323;795 613;7;1;0;4;24;1
202200010323;795 614;7;1;0;3;1;1
202200010324;795 612;2;0;2;7;19;1
202200010324;795 616;7;0;2;1;19;1
202200010325;795 610;7;0;1;1;17;1
202200010326;795 608;80;0;2;4;1;3
202200010326;795 611;7;0;2;1;9;1
202200010327;795 607;33;0;2;1;13;1
202200010327;795 609;7;0;2;3;10;1
202200010328;795 604;7;0;2;6;26;1
202200010329;795 603;10;0;2;8;1;1
202200010329;795 605;30;0;2;8;9;1
202200010330;795 601;32;0;2;8;3;1
202200010330;795 602;7;0;2;2;12;1
202200010331;795 599;7;0;1;4;25;1
202200010332;795 598;7;0;2;8;19;1
202200010332;795 600;31;0;2;1;1;1
202200010333;795 597;30;0;0;0;1;1
202200010334;795 594;7;0;1;2;1;1
202200010335;795 593;2;0;2;1;18;1
202200010335;795 596;7;0;2;7;16;1
202200010336;795 592;7;0;2;3;1;1
202200010336;795 595;7;0;2;2;1;1
202200010337;795 589;7;0;2;8;21;1
202200010337;795 591;7;0;2;1;13;1
202200010338;795 588;7;0;2;1;1;1
202200010338;795 590;7;0;1;4;23;1
202200010339;795 587;7;0;1;1;16;1
202200010340;795 586;31;3;0;7;1;1
202200010341;795 585;10;0;1;1;16;1
202200010342;795 583;32;0;2;2;0;1
202200010342;795 584;7;0;2;8;1;1
202200010343;795 581;10;2;0;3;13;1
202200010344;795 580;10;0;2;2;1;1
202200010344;795 582;1;0;2;2;9;5
202200010345;795 579;7;0;1;5;20;1
202200010346;795 574;30;0;2;2;17;1
202200010346;795 577;7;0;2;8;15;1
202200010347;795 573;14;0;9;6;9;1
202200010347;795 575;1;0;2;1;2;5
202200010348;795 569;33;0;2;1;21;1
202200010348;795 571;7;0;2;4;23;1
202200010349;795 568;1;0;9;0;1;5
202200010350;795 566;7;2;0;3;21;1
202200010351;795 561;10;0;2;3;10;1
202200010351;795 564;33;0;2;1;1;1
202200010352;795 559;10;0;2;6;1;1
202200010352;795 560;33;0;2;3;3;1
202200010352;795 562;7;0;2;2;12;1
202200010353;795 558;10;3;0;2;14;1
202200010354;795 557;10;0;2;5;9;0
202200010355;795 551;34;1;2;1;17;1
202200010355;795 554;7;0;2;8;10;1
202200010356;795 550;7;0;2;1;2;1
202200010356;795 553;7;0;2;4;2;1
202200010356;795 555;7;0;2;7;1;1
202200010357;795 549;50;0;2;7;19;3
202200010357;795 552;7;0;2;1;1;3
202200010358;795 544;99;0;2;0;16;0
202200010358;795 546;10;0;9;8;1;0
202200010359;795 543;7;0;1;6;4;1
202200010360;795 542;34;0;0;0;0;0
202200010360;795 545;32;0;2;0;0;1
202200010360;795 547;7;0;2;0;0;1
202200010360;795 548;34;0;2;1;3;1
202200010361;795 538;10;0;2;4;20;3
202200010361;795 540;2;0;2;1;1;1
202200010362;795 539;37;0;2;6;9;1
202200010362;795 541;1;0;2;7;1;5
202200010363;795 536;7;9;2;2;1;1
202200010363;795 537;7;0;2;1;15;1
202200010364;795 535;10;0;1;4;4;1
202200010365;795 531;1;0;2;0;0;5
202200010365;795 533;7;0;2;2;14;0
202200010366;795 532;7;0;2;1;1;1
202200010366;795 534;1;0;2;3;1;5
202200010367;795 529;7;0;2;5;1;1
202200010367;795 530;30;0;2;1;1;3
202200010368;795 526;7;0;2;3;10;1
202200010368;795 528;32;0;2;2;3;1
202200010369;795 524;7;0;2;3;15;1
202200010369;795 527;1;0;2;2;1;5
202200010370;795 522;7;8;0;3;1;1
202200010371;795 523;2;0;2;2;1;1
202200010371;795 525;33;0;2;8;9;1
202200010372;795 521;1;0;1;1;1;5
202200010373;795 520;30;0;1;1;17;1
202200010374;795 519;10;8;1;1;19;1
202200010375;795 517;0;0;1;8;15;0
202200010376;795 515;30;0;2;1;1;3
202200010376;795 518;7;0;2;3;15;3
202200010377;795 514;7;0;2;1;14;1
202200010377;795 516;1;0;2;7;1;5
202200010378;795 513;7;0;1;2;16;1
202200010379;795 512;7;1;0;2;14;3
202200010380;795 509;14;0;2;2;1;1
202200010380;795 511;1;0;2;8;1;5
202200010381;795 506;7;0;2;4;0;1
202200010381;795 508;99;0;2;6;0;1
202200010381;795 510;7;0;2;1;2;1
202200010382;795 504;10;0;2;4;23;1
202200010382;795 505;7;0;2;4;23;1
202200010382;795 507;7;0;2;1;1;1
202200010383;795 500;32;0;2;2;12;1
202200010383;795 502;10;0;0;6;1;1
202200010384;795 501;7;0;2;3;2;1
202200010384;795 503;32;0;2;2;15;1
202200010385;795 497;37;0;0;7;1;1
202200010386;795 498;43;12;2;8;21;1
202200010386;795 499;7;0;2;0;18;0
202200010387;795 496;1;0;1;1;19;5
202200010388;795 493;30;0;2;5;14;1
202200010388;795 495;10;0;2;3;1;1
202200010389;795 492;32;0;2;0;1;1
202200010389;795 494;30;0;2;5;16;0
202200010390;795 488;10;0;2;7;16;1
202200010390;795 490;50;0;2;3;1;3
202200010391;795 487;7;4;2;4;1;1
202200010391;795 489;10;0;2;1;1;1
202200010391;795 491;7;0;2;9;1;1
202200010392;795 485;7;0;2;6;10;3
202200010392;795 486;50;0;2;1;17;3
202200010393;795 483;7;0;1;1;1;1
202200010394;795 481;30;0;0;0;1;0
202200010394;795 484;7;0;0;2;16;1
202200010395;795 480;10;0;2;3;1;1
202200010395;795 482;7;0;2;1;15;1
202200010396;795 479;37;0;1;2;7;1
202200010397;795 478;7;0;1;1;1;1
202200010398;795 476;2;0;2;0;1;3
202200010398;795 477;7;0;2;0;22;0
202200010399;795 472;7;0;2;1;2;1
202200010399;795 475;7;0;1;4;23;1
202200010400;795 470;7;0;2;3;1;1
202200010400;795 473;7;1;2;2;1;1
202200010401;795 471;32;0;2;5;1;1
202200010401;795 474;7;0;2;3;9;1
202200010402;795 469;1;0;0;0;21;5
202200010403;795 468;30;0;1;1;1;3
202200010404;795 467;15;0;1;1;1;1
202200010405;795 466;30;0;1;1;1;3
202200010406;795 465;7;0;1;1;1;1
202200010407;795 463;33;0;0;0;17;1
202200010408;795 461;10;0;2;3;1;1
202200010408;795 462;7;0;2;3;13;0
202200010409;795 458;7;0;2;3;1;1
202200010409;795 459;7;0;2;3;13;1
202200010410;795 457;7;0;2;8;1;1
202200010410;795 460;7;0;2;1;1;1
202200010411;795 464;7;0;1;3;15;1
202200010412;795 453;7;0;2;1;2;1
202200010412;795 455;7;0;2;4;2;1
202200010413;795 451;7;0;2;1;2;1
202200010413;795 452;7;0;2;1;2;1
202200010413;795 454;7;0;2;1;2;1
202200010413;795 456;7;0;0;4;1;1
202200010414;795 447;43;0;2;1;17;1
202200010414;795 449;7;0;2;3;10;1
202200010414;795 450;33;0;2;1;17;1
202200010415;795 446;7;0;0;1;15;1
202200010415;795 448;33;0;2;1;1;1
202200010416;795 445;32;0;0;0;2;1
202200010417;795 443;7;0;2;5;19;1
202200010417;795 444;7;0;2;1;1;1
202200010418;795 442;10;8;0;1;2;1
202200010419;795 439;7;0;0;4;1;1
202200010419;795 440;30;0;2;1;1;1
202200010420;795 437;7;0;2;4;15;1
202200010420;795 438;7;0;2;3;1;1
202200010420;795 441;10;0;2;3;1;1
202200010421;795 436;7;0;9;1;1;1
202200010422;795 435;7;0;1;2;1;1
202200010423;795 433;7;0;2;8;15;1
202200010423;795 434;34;0;2;1;1;1
202200010424;795 431;7;0;2;8;0;1
202200010424;795 432;7;0;2;8;0;1
202200010425;795 429;40;0;2;1;1;3
202200010425;795 430;7;0;4;3;1;2
202200010426;795 428;7;0;1;3;2;1
202200010427;795 426;7;0;1;2;1;1
202200010428;795 425;2;0;0;0;26;3
202200010428;795 427;7;0;2;7;13;1
202200010429;795 424;7;2;0;1;1;1
202200010430;795 423;7;0;1;2;2;1
202200010431;795 422;38;0;1;2;1;0
202200010432;795 421;2;0;0;3;1;1
202200010433;795 419;10;0;2;7;15;1
202200010433;795 420;43;0;2;1;1;1
202200010434;795 416;7;0;1;1;1;1
202200010435;795 414;7;0;2;1;15;1
202200010435;795 415;7;0;2;3;1;1
202200010436;795 412;7;0;2;2;15;1
202200010436;795 413;2;0;2;1;1;1
202200010437;795 410;7;0;0;8;17;1
202200010437;795 411;1;0;2;1;1;5
202200010438;795 409;1;0;0;0;0;5
202200010439;795 408;7;2;0;1;21;1
202200010440;795 407;32;0;1;1;1;1
202200010441;795 406;15;15;0;1;24;1
202200010442;795 404;7;2;0;3;1;1
202200010443;795 403;32;0;2;1;1;1
202200010443;795 405;7;0;2;2;3;1
202200010444;795 401;7;0;2;1;13;1
202200010444;795 402;7;0;2;1;1;1
202200010445;795 399;7;0;9;2;1;1
202200010445;795 400;50;0;2;2;5;3
202200010446;795 397;7;0;2;0;1;1
202200010446;795 398;7;0;2;2;14;1
202200010447;795 395;10;16;2;2;1;1
202200010447;795 396;7;13;2;3;9;1
202200010448;795 394;7;0;1;2;17;1
202200010449;795 390;7;0;0;1;1;1
202200010449;795 393;30;0;0;8;19;1
202200010450;795 391;10;0;2;2;14;1
202200010450;795 392;15;0;2;6;1;1
202200010451;795 388;33;12;0;8;1;0
202200010452;795 387;7;0;2;8;16;1
202200010452;795 389;7;0;2;1;1;1
202200010453;795 384;7;0;2;1;1;1
202200010453;795 386;33;0;2;8;1;1
202200010454;795 383;15;0;2;1;1;1
202200010454;795 385;7;0;2;1;17;1
202200010455;795 382;15;0;0;1;0;1
202200010456;795 380;7;0;2;3;15;1
202200010456;795 381;7;0;2;1;5;1
202200010457;795 378;7;0;9;8;5;0
202200010457;795 379;33;8;0;3;2;1
202200010458;795 376;33;0;2;1;1;1
202200010458;795 377;7;0;2;1;13;1
202200010459;795 374;33;0;2;1;17;1
202200010459;795 375;7;0;2;3;1;1
202200010460;795 373;13;0;9;2;1;1
202200010461;795 371;7;0;2;3;1;1
202200010461;795 372;33;0;2;1;13;1
202200010462;795 370;7;0;1;2;9;1
202200010463;795 367;33;0;2;1;1;1
202200010463;795 369;7;0;2;3;15;1
202200010464;795 366;7;0;2;1;1;1
202200010464;795 368;7;0;2;3;17;1
202200010465;795 362;7;6;2;2;1;0
202200010465;795 364;7;0;2;1;1;2
202200010466;795 363;17;0;0;3;22;1
202200010466;795 365;1;1;0;1;17;5
202200010467;795 359;15;0;0;8;1;1
202200010467;795 361;7;4;2;3;17;1
202200010468;795 358;36;6;0;1;1;1
202200010469;795 357;33;2;0;0;1;1
202200010470;795 355;7;0;1;2;1;1
202200010471;795 354;34;0;2;1;1;1
202200010471;795 356;7;0;0;3;15;1
202200010472;795 353;7;0;1;1;2;1
202200010473;795 350;10;0;2;3;1;1
202200010473;795 351;10;0;2;3;1;1
202200010473;795 352;7;0;2;3;5;3
202200010474;795 346;7;0;2;1;0;1
202200010474;795 349;7;0;2;5;26;1
202200010475;795 347;7;0;2;1;13;1
202200010475;795 348;7;0;2;1;1;1
202200010476;795 344;7;0;1;1;23;1
202200010477;795 343;7;0;2;3;13;1
202200010477;795 345;7;1;2;3;1;1
202200010478;795 341;7;0;2;4;1;1
202200010478;795 342;7;0;2;1;1;1
202200010479;795 339;1;0;2;1;2;5
202200010479;795 340;7;0;2;3;9;1
202200010480;795 337;7;0;2;1;2;1
202200010480;795 338;7;0;2;4;2;1
202200010481;795 335;7;2;0;1;1;1
202200010482;795 332;7;0;2;1;1;1
202200010482;795 333;7;0;0;4;23;1
202200010482;795 334;7;0;0;4;23;1
202200010482;795 336;7;0;0;4;23;1
202200010483;795 330;7;0;2;4;2;1
202200010483;795 331;33;0;2;1;2;1
202200010484;795 329;80;12;0;0;1;3
202200010485;795 327;7;0;2;2;1;1
202200010485;795 328;7;0;2;8;9;1
202200010486;795 326;7;2;0;3;26;1
202200010487;795 324;7;0;2;1;2;1
202200010487;795 325;7;0;2;4;2;1
202200010488;795 322;7;0;2;4;1;1
202200010488;795 323;7;0;2;1;26;1
202200010489;795 321;7;1;0;2;1;1
202200010490;795 319;7;0;2;1;0;1
202200010490;795 320;7;0;2;6;0;1
202200010491;795 316;33;0;2;1;2;1
202200010491;795 318;7;0;2;2;2;1
202200010492;795 317;7;2;0;3;1;0
202200010493;795 315;10;5;0;1;14;3
202200010494;795 312;1;0;2;1;5;5
202200010494;795 314;7;0;0;2;1;1
202200010495;795 311;33;0;2;1;3;1
202200010495;795 313;7;0;2;4;13;1
202200010496;795 310;7;6;0;1;1;1
202200010497;795 309;17;1;0;2;1;1
202200010498;795 307;7;0;2;1;1;1
202200010498;795 308;7;0;2;1;1;1
202200010499;795 303;10;0;2;4;23;1
202200010499;795 305;7;0;2;1;1;2
202200010499;795 306;7;0;2;1;1;2
202200010500;795 302;7;0;2;3;0;1
202200010500;795 304;7;0;2;3;0;1
202200010501;795 299;7;0;2;1;1;1
202200010501;795 301;7;0;2;4;2;1
202200010502;795 298;7;0;2;3;26;1
202200010502;795 300;33;0;2;1;1;1
202200010503;795 297;32;0;0;0;1;1
202200010504;795 296;36;13;0;2;15;1
202200010505;795 292;33;1;2;1;1;1
202200010505;795 293;7;0;2;5;2;1
202200010505;795 294;7;0;2;4;2;1
202200010506;795 291;7;0;2;3;2;1
202200010506;795 295;33;0;2;5;16;1
202200010507;795 288;33;0;2;1;2;1
202200010507;795 290;7;1;0;4;2;1
202200010508;795 286;7;2;0;3;1;1
202200010509;795 287;7;0;2;1;2;1
202200010509;795 289;7;0;2;4;2;1
202200010510;795 283;7;0;2;3;1;1
202200010510;795 284;7;0;2;3;1;1
202200010510;795 285;33;0;2;3;17;1
202200010511;795 281;7;0;2;2;9;1
202200010511;795 282;31;0;2;1;2;1
202200010512;795 279;7;0;2;8;10;1
202200010512;795 280;7;0;2;1;2;1
202200010513;795 276;7;0;2;1;13;1
202200010513;795 277;7;0;2;1;1;1
202200010514;795 275;7;2;0;1;1;1
202200010515;795 274;10;17;0;9;1;1
202200010516;795 272;15;0;0;2;1;1
202200010516;795 273;7;0;2;2;5;1
202200010517;795 270;31;0;2;1;1;1
202200010517;795 271;99;0;2;5;15;1
202200010518;795 268;1;0;2;8;15;5
202200010518;795 269;7;0;9;1;1;1
202200010519;795 266;31;15;2;1;1;1
202200010519;795 267;10;0;2;3;15;1
202200010520;795 264;21;0;2;8;1;1
202200010520;795 265;33;0;2;1;1;1
202200010521;795 262;7;0;0;3;16;1
202200010521;795 263;33;0;2;2;2;1
202200010522;795 261;10;11;0;3;5;1
202200010523;795 259;7;0;2;3;5;1
202200010523;795 260;10;0;2;3;1;1
202200010524;795 257;7;0;0;1;2;1
202200010524;795 258;7;0;2;4;2;1
202200010525;795 255;32;0;2;1;17;1
202200010525;795 256;2;0;2;1;1;1
202200010526;795 254;2;0;0;8;1;1
202200010527;795 253;32;14;0;8;2;1
202200010528;795 251;7;0;2;1;2;1
202200010528;795 252;17;0;2;4;23;1
202200010529;795 247;7;0;2;1;1;1
202200010529;795 248;7;0;2;1;0;1
202200010529;795 249;7;0;0;4;1;1
202200010529;795 250;7;0;0;8;1;1
202200010530;795 246;33;4;0;3;2;1
202200010531;795 244;7;0;2;8;15;1
202200010531;795 245;7;0;2;1;17;1
202200010532;795 241;7;0;2;2;15;1
202200010532;795 242;7;0;2;9;1;1
202200010532;795 243;15;0;2;2;23;1
202200010533;795 239;7;0;0;4;23;1
202200010533;795 240;7;0;2;1;1;1
202200010534;795 237;33;0;2;2;17;1
202200010534;795 238;7;13;2;8;15;1
202200010535;795 236;43;13;0;1;1;1
202200010536;795 234;7;0;9;1;1;1
202200010536;795 235;1;0;0;4;1;5
202200010537;795 232;7;0;2;1;19;1
202200010537;795 233;7;0;2;1;1;1
202200010538;795 231;7;8;0;0;14;1
202200010539;795 230;1;16;0;9;1;5
202200010540;795 229;10;2;0;1;0;1
202200010541;795 227;31;0;0;4;23;1
202200010541;795 228;7;0;2;1;26;1
202200010542;795 225;80;0;2;3;1;3
202200010542;795 226;7;0;2;7;2;1
202200010543;795 223;2;0;2;1;1;1
202200010543;795 224;15;0;2;1;15;1
202200010544;795 222;33;3;0;1;0;1
202200010545;795 221;7;0;1;2;1;1
202200010546;795 220;31;0;6;1;0;1
202200010547;795 219;7;4;0;8;13;1
202200010548;795 218;7;13;0;2;1;1
202200010549;795 217;2;0;0;1;13;1
202200010550;795 216;7;0;1;1;23;1
202200010551;795 214;1;0;2;1;1;5
202200010551;795 215;99;0;2;8;1;1
202200010552;795 212;14;0;2;4;4;1
202200010552;795 213;7;0;2;3;1;1
202200010553;795 209;7;0;2;1;1;1
202200010553;795 210;2;0;2;3;19;1
202200010554;795 208;7;13;0;1;13;1
202200010555;795 207;1;0;0;0;1;5
202200010556;795 206;7;14;0;3;1;1
202200010557;795 205;7;6;0;3;0;1
202200010558;795 203;15;0;0;7;15;1
202200010558;795 204;7;7;2;1;1;1
202200010559;795 201;33;0;2;8;26;1
202200010559;795 202;7;0;2;1;0;1
202200010560;795 199;10;0;2;3;2;1
202200010560;795 200;21;0;2;6;15;1
202200010561;795 197;7;0;2;5;23;1
202200010561;795 198;7;0;2;2;1;1
202200010562;795 195;33;0;2;1;1;1
202200010562;795 196;7;0;2;2;15;1
202200010563;795 194;2;8;0;1;0;1
202200010564;795 193;7;13;1;3;14;1
202200010565;795 192;7;13;0;2;1;1
202200010566;795 191;7;0;0;0;1;1
202200010567;795 190;2;16;0;0;0;1
202200010568;795 188;7;0;2;2;2;1
202200010568;795 189;30;0;2;4;2;1
202200010569;795 187;7;13;0;1;14;1
202200010570;795 185;10;0;2;3;17;1
202200010570;795 186;1;0;2;1;1;5
202200010571;795 184;7;3;0;1;14;1
202200010572;795 182;34;0;2;1;17;1
202200010572;795 183;7;0;2;3;1;1
202200010573;795 180;7;0;2;8;17;1
202200010573;795 181;33;0;2;7;17;1
202200010574;795 178;7;0;2;2;1;1
202200010574;795 179;7;0;2;8;19;1
202200010575;795 177;7;0;1;1;1;1
202200010576;795 176;7;0;1;1;9;1
202200010577;795 175;13;13;0;2;1;1
202200010578;795 173;33;15;0;1;0;1
202200010579;795 171;10;1;0;2;1;1
202200010579;795 172;10;0;0;6;23;1
202200010580;795 170;7;4;0;2;1;1
202200010581;795 168;10;0;2;3;1;1
202200010581;795 169;7;0;0;5;1;1
202200010582;795 166;7;0;0;5;1;1
202200010582;795 167;31;0;2;3;1;1
202200010583;795 165;36;0;0;0;26;1
202200010584;795 163;7;0;9;6;15;1
202200010584;795 164;2;0;2;1;1;1
202200010585;795 161;7;3;2;1;1;1
202200010585;795 162;7;0;0;6;1;1
202200010586;795 160;33;11;0;1;1;1
202200010587;795 158;10;6;2;3;1;1
202200010587;795 159;7;0;2;3;1;2
202200010588;795 155;7;3;2;3;5;1
202200010588;795 156;7;3;2;3;1;1
202200010588;795 157;7;3;2;1;1;1
202200010589;795 153;1;0;0;4;2;5
202200010589;795 154;13;0;2;2;2;0
202200010590;795 152;7;15;0;0;0;1
202200010591;795 150;1;0;2;8;15;5
202200010591;795 151;7;0;2;7;17;1
202200010592;795 148;1;0;2;7;21;5
202200010592;795 149;7;0;2;3;23;0
202200010593;795 147;7;0;1;1;1;1
202200010594;795 146;33;0;0;4;11;1
202200010595;795 144;7;9;2;6;16;1
202200010595;795 145;7;1;2;3;1;2
202200010596;795 142;31;0;2;1;1;0
202200010596;795 143;2;0;2;6;15;1
202200010597;795 140;7;0;2;1;10;1
202200010597;795 141;33;12;2;2;1;1
202200010598;795 138;7;0;2;1;17;1
202200010598;795 139;21;0;2;4;15;1
202200010599;795 137;7;0;1;1;15;1
202200010600;795 134;7;0;2;3;5;1