Num_Acc;id_vehicule;catv;obs;obsm;choc;manv;motor
202200010600;795 135;7;0;2;3;2;1
202200010600;795 136;15;0;2;2;1;1
202200010601;795 132;2;0;2;1;2;1
202200010601;795 133;7;0;0;4;1;1
202200010602;795 131;33;13;0;1;1;1
202200010603;795 130;7;4;0;3;0;1
202200010604;795 129;10;0;1;3;1;1
202200010605;795 126;7;0;2;1;2;1
202200010605;795 127;7;0;2;4;2;1
202200010605;795 128;7;0;2;4;2;1
202200010606;795 124;7;0;2;1;1;1
202200010606;795 125;7;0;2;4;1;1
202200010607;795 122;7;0;2;1;2;1
202200010607;795 123;7;0;2;4;1;3
202200010608;795 121;33;11;0;1;14;0
202200010609;795 120;7;6;0;8;1;1
202200010610;795 118;7;0;2;1;1;1
202200010610;795 119;7;0;2;4;2;1
202200010611;795 117;7;4;0;3;1;1
202200010612;795 115;7;0;2;4;1;0
202200010612;795 116;33;0;2;1;2;1
202200010613;795 114;33;0;0;7;16;1
202200010614;795 110;7;0;2;5;23;1
202200010614;795 111;7;0;2;7;23;1
202200010614;795 112;33;0;2;1;3;1
202200010614;795 113;7;0;2;3;11;1
202200010615;795 098;33;16;2;7;0;1
202200010615;795 099;1;12;2;7;2;5
202200010616;795 097;30;0;1;1;1;0
202200010617;795 095;7;0;2;3;0;1
202200010617;795 096;30;0;2;5;0;1
202200010618;795 092;7;0;2;1;1;1
202200010618;795 093;7;0;2;4;1;1
202200010618;795 094;7;0;2;4;1;0
202200010619;795 091;34;0;0;0;0;1
202200010620;795 090;7;1;0;1;14;1
202200010621;795 089;33;14;0;8;15;1
202200010622;795 087;7;0;2;5;1;2
202200010622;795 088;7;0;2;1;1;1
202200010623;795 085;34;0;2;1;3;1
202200010623;795 086;7;0;2;3;15;1
202200010624;795 083;7;0;2;4;1;1
202200010624;795 084;13;0;2;1;1;1
202200010625;795 082;7;8;0;1;14;1
202200010626;795 080;7;0;2;1;2;1
202200010626;795 081;7;0;2;4;2;1
202200010627;795 078;7;0;1;4;20;1
202200010628;795 076;7;0;2;1;15;1
202200010628;795 077;33;0;2;4;2;1
202200010629;795 074;7;0;2;3;15;1
202200010629;795 075;30;0;2;1;1;1
202200010630;795 072;15;1;2;1;13;0
202200010630;795 073;10;0;2;3;1;0
202200010631;795 070;33;0;2;1;1;1
202200010631;795 071;7;0;2;7;15;1
202200010632;795 069;7;1;0;1;13;1
202200010633;795 067;1;12;0;4;2;5
202200010633;795 068;7;12;0;1;2;1
202200010634;795 065;10;0;1;3;15;1
202200010635;795 063;1;0;2;1;0;5
202200010635;795 064;7;0;2;1;15;1
202200010636;795 061;7;0;2;2;1;1
202200010636;795 062;2;8;2;8;9;3
202200010637;795 060;7;0;1;1;1;1
202200010638;795 059;7;1;0;1;13;1
202200010639;795 057;1;0;2;1;15;5
202200010639;795 058;7;0;2;7;16;1
202200010640;795 055;10;0;2;3;9;1
202200010640;795 056;30;0;2;1;1;1
202200010641;795 054;7;17;0;9;17;1
202200010642;795 052;33;0;2;8;18;1
202200010642;795 053;7;0;2;7;16;1
202200010643;795 050;1;0;2;1;1;5
202200010643;795 051;7;0;2;4;4;1
202200010644;795 048;7;0;2;4;23;0
202200010644;795 049;80;0;2;1;1;3
202200010645;795 046;1;0;2;1;1;5
202200010645;795 047;7;0;9;3;16;1
202200010646;795 043;7;0;2;6;9;1
202200010646;795 044;7;0;2;3;13;1
202200010647;795 042;7;13;0;0;2;1
202200010648;795 041;0;0;1;2;26;0
202200010649;795 040;3;14;0;3;15;0
202200010650;795 038;7;0;2;1;1;1
202200010650;795 039;7;0;2;1;17;1
202200010651;795 036;7;0;2;4;1;1
202200010651;795 037;10;0;2;1;1;1
202200010652;795 033;17;0;2;6;2;1
202200010652;795 034;7;0;2;4;2;1
202200010652;795 035;7;0;2;1;2;1
202200010653;795 031;32;0;2;3;1;1
202200010653;795 032;10;0;2;3;13;1
202200010654;795 029;7;0;2;1;15;1
202200010654;795 030;7;0;2;8;1;1
202200010655;795 027;15;0;2;1;16;1
202200010655;795 028;1;0;2;8;1;5
202200010656;795 025;7;0;1;6;2;2
202200010656;795 026;7;0;2;1;2;2
202200010657;795 022;34;0;2;4;2;1
202200010657;795 023;33;0;2;5;2;1
202200010657;795 024;33;0;2;3;13;1
202200010658;795 021;43;0;0;2;1;1
202200010659;795 020;33;4;0;3;14;1
202200010660;795 017;34;0;2;4;1;1
202200010660;795 018;7;0;2;2;1;1
202200010660;795 019;7;0;2;8;11;1
202200010661;795 016;32;1;2;7;21;1
202200010662;795 015;1;12;0;1;14;5
202200010663;795 014;7;9;0;1;1;1
202200010664;795 012;7;0;2;5;22;3
202200010664;795 013;1;1;0;0;1;5
202200010665;795 010;99;16;2;1;1;3
202200010665;795 011;10;16;0;5;15;3
202200010666;795 008;7;0;2;2;2;2
202200010666;795 009;2;0;0;0;0;0
202200010667;795 007;37;0;1;3;1;1
202200010668;795 005;7;0;2;3;1;1
202200010668;795 006;10;0;2;2;19;1
202200010669;795 003;7;0;2;0;0;0
202200010669;795 004;34;0;2;0;0;0
202200010670;795 001;99;0;2;3;1;0
202200010670;795 002;10;0;9;7;16;1
202200010671;795 000;7;0;1;2;16;2
202200010672;794 998;7;0;2;1;1;0
202200010672;794 999;30;0;2;1;1;1
202200010673;794 996;31;0;2;1;1;1
202200010673;794 997;10;0;2;5;19;1
202200010674;794 994;7;0;2;3;1;1
202200010674;794 995;33;0;2;3;17;1
202200010675;794 992;1;0;2;8;15;5
202200010675;794 993;7;0;9;2;0;1
202200010676;794 990;7;0;2;2;2;1
202200010676;794 991;7;3;0;6;2;1
202200010677;794 988;7;3;2;3;18;1
202200010677;794 989;7;0;2;2;12;1
202200010678;794 986;7;6;0;8;13;1
202200010679;794 983;15;0;0;1;1;1
202200010679;794 984;7;0;0;1;1;1
202200010680;794 985;7;0;2;3;15;1
202200010680;794 987;10;0;2;1;1;0
202200010681;794 981;10;0;2;3;0;1
202200010681;794 982;7;3;2;1;0;1
202200010682;794 979;31;0;2;7;1;1
202200010682;794 980;7;0;2;1;19;1
202200010683;794 978;10;0;1;3;1;1
202200010684;794 976;31;0;2;1;1;1
202200010684;794 977;7;0;2;3;15;1
202200010685;794 974;17;13;0;1;2;1
202200010686;794 971;7;2;0;2;1;1
202200010686;794 972;7;2;2;0;17;1
202200010687;794 967;7;0;2;4;15;1
202200010687;794 968;33;0;2;4;1;1
202200010687;794 969;33;0;2;1;1;1
202200010688;794 965;7;0;2;3;17;1
202200010688;794 966;7;0;2;3;1;2
202200010688;794 970;10;0;2;8;1;1
202200010688;794 973;7;0;2;3;1;1
202200010688;794 975;7;0;2;1;1;1
202200010689;794 962;7;0;2;4;2;1
202200010689;794 963;33;0;2;9;2;1
202200010689;794 964;7;0;2;1;2;1
202200010690;794 960;7;3;0;1;1;1
202200010691;794 959;2;0;2;1;1;1
202200010691;794 961;1;0;2;6;15;5
202200010692;794 957;14;0;0;8;1;1
202200010693;794 955;7;0;2;5;11;1
202200010693;794 956;33;0;2;1;1;1
202200010693;794 958;7;0;2;1;1;3
202200010694;794 953;10;0;1;7;14;1
202200010695;794 952;7;0;1;4;23;1
202200010695;794 954;7;1;2;1;2;1
202200010696;794 948;10;0;2;3;1;1
202200010696;794 950;7;0;2;3;13;1
202200010697;794 949;1;0;2;8;0;5
202200010697;794 951;37;0;2;7;1;1
202200010698;794 946;7;3;0;1;2;1
202200010699;794 945;7;0;2;1;1;1
202200010699;794 947;7;0;2;3;16;1
202200010700;794 943;2;0;0;0;1;1
202200010701;794 942;7;0;2;1;1;1
202200010701;794 944;2;0;2;5;1;1
202200010702;794 941;33;13;0;8;1;1
202200010703;794 938;15;0;2;1;2;1
202200010703;794 939;80;0;2;4;15;3
202200010704;794 937;7;0;2;2;16;1
202200010704;794 940;50;0;2;1;25;3
202200010705;794 934;7;0;2;1;1;1
202200010705;794 936;33;0;2;1;26;1
202200010706;794 932;43;0;2;1;0;1
202200010706;794 933;7;3;2;3;0;1
202200010706;794 935;10;4;2;1;0;1
202200010707;794 930;7;0;2;2;19;1
202200010707;794 931;31;0;2;1;1;1
202200010708;794 929;7;4;0;9;1;1
202200010709;794 927;7;0;2;3;15;1
202200010709;794 928;15;0;2;1;1;1
202200010710;794 926;15;1;0;2;14;1
202200010711;794 925;7;13;0;9;13;1
202200010712;794 924;7;13;0;1;1;1
202200010713;794 923;7;13;0;9;1;1
202200010714;794 921;7;0;2;1;17;1
202200010714;794 922;7;0;2;1;1;1
202200010715;794 919;7;0;2;4;1;2
202200010715;794 920;30;0;2;1;1;1
202200010716;794 917;7;0;2;3;9;1
202200010716;794 918;33;0;2;4;1;1
202200010717;794 912;7;0;2;1;13;1
202200010717;794 914;7;0;2;1;1;1
202200010718;794 911;7;0;2;4;1;1
202200010718;794 913;7;0;2;4;1;1
202200010718;794 915;7;0;2;4;1;1
202200010718;794 916;10;0;2;1;1;1
202200010719;794 910;7;0;0;1;14;1
202200010720;794 908;7;13;0;2;0;1
202200010721;794 907;7;8;2;8;1;1
202200010721;794 909;33;0;2;7;1;1
202200010722;794 906;7;0;0;9;1;1
202200010723;794 903;33;3;0;8;13;1
202200010724;794 904;7;0;2;3;1;1
202200010724;794 905;7;0;2;3;1;1
202200010725;794 902;10;17;0;2;14;1
202200010726;794 899;7;0;2;1;1;1
202200010726;794 900;7;0;2;1;13;1
202200010727;794 897;7;13;0;1;13;1
202200010728;794 893;33;0;2;1;1;1
202200010728;794 895;7;0;2;7;15;2
202200010729;794 890;7;0;1;1;1;1
202200010730;794 891;7;0;2;3;1;1
202200010730;794 892;7;0;2;2;1;1
202200010730;794 894;7;0;2;3;20;1
202200010731;794 889;2;0;0;1;0;1
202200010732;794 886;7;0;9;2;2;1
202200010732;794 887;1;0;9;4;1;5
202200010733;794 885;7;0;2;1;13;2
202200010733;794 888;7;0;2;1;1;1
202200010734;794 883;7;0;2;3;9;1
202200010734;794 884;1;0;2;1;2;5
202200010735;794 881;7;0;2;1;1;1
202200010735;794 882;7;0;2;1;13;1
202200010736;794 879;17;0;2;1;2;1
202200010736;794 880;7;4;0;2;1;1
202200010737;794 877;7;0;2;3;1;1
202200010737;794 878;7;0;2;3;13;1
202200010738;794 874;7;0;2;1;1;1
202200010738;794 876;7;3;2;8;1;1
202200010739;794 872;7;6;0;1;1;1
202200010740;794 869;33;0;2;3;13;1
202200010740;794 871;10;0;2;3;13;1
202200010741;794 870;7;13;0;1;26;1
202200010742;794 867;33;0;2;7;1;1
202200010742;794 868;7;0;2;1;9;1
202200010743;794 865;7;0;2;1;1;1
202200010743;794 866;7;1;2;4;23;1
202200010744;794 863;7;0;2;3;1;1
202200010744;794 864;33;0;2;2;1;1
202200010745;794 859;7;2;0;1;19;1
202200010746;794 860;33;0;2;1;1;1
202200010746;794 862;7;0;2;3;19;1
202200010747;794 858;7;0;2;1;1;0
202200010747;794 861;7;4;2;4;1;1
202200010748;794 856;7;0;2;1;17;1
202200010748;794 857;7;0;2;1;13;1
202200010749;794 855;7;0;1;1;1;1
202200010750;794 851;33;1;2;4;1;1
202200010750;794 852;7;0;2;3;9;1
202200010751;794 849;7;0;2;1;15;1
202200010751;794 850;32;0;0;8;1;1
202200010752;794 846;15;0;2;0;1;1
202200010752;794 848;1;0;2;0;23;5
202200010753;794 843;15;0;2;3;13;1
202200010753;794 845;32;0;2;1;13;3
202200010754;794 840;1;0;2;8;19;5
202200010754;794 841;7;0;9;3;1;1
202200010755;794 839;17;0;2;1;17;1
202200010755;794 842;17;0;2;4;2;1
202200010755;794 844;10;0;2;4;1;1
202200010755;794 847;7;0;2;4;1;1
202200010755;794 853;7;0;2;4;0;1
202200010755;794 854;99;0;2;4;1;1
202200010756;794 838;7;0;1;2;1;1
202200010757;794 836;7;6;0;2;1;1
202200010758;794 833;14;0;2;1;2;1
202200010758;794 834;7;0;2;4;2;1
202200010759;794 832;7;0;2;2;10;1
202200010759;794 835;31;0;2;1;1;1
202200010760;794 829;33;0;0;0;2;1
202200010761;794 831;7;6;0;1;1;1
202200010762;794 825;7;0;2;1;1;1
202200010762;794 827;7;0;2;6;12;1
202200010762;794 828;7;0;2;4;1;1
202200010762;794 830;10;0;2;6;1;1
202200010763;794 824;2;0;0;7;1;1
202200010763;794 826;7;0;2;3;9;1
202200010764;794 820;7;0;2;1;2;1
202200010764;794 823;7;0;2;4;2;1
202200010765;794 821;34;0;0;0;21;1
202200010766;794 818;7;0;2;1;2;1
202200010766;794 822;7;0;2;4;2;1
202200010767;794 817;7;0;2;3;11;1
202200010767;794 819;33;0;2;1;3;1
202200010768;794 813;7;0;2;1;19;1
202200010768;794 816;30;0;2;7;17;1
202200010769;794 809;33;0;2;8;11;1
202200010769;794 811;7;0;2;7;1;1
202200010769;794 814;7;0;2;0;0;1
202200010770;794 805;7;4;0;3;1;1
202200010771;794 804;7;0;2;3;13;1
202200010771;794 807;7;0;2;8;1;1
202200010771;794 810;10;0;2;3;1;1
202200010772;794 806;7;0;2;2;1;1
202200010772;794 808;31;0;2;3;17;1
202200010773;794 803;7;4;0;8;9;1
202200010774;794 802;7;4;0;1;1;1
202200010775;794 801;33;4;0;2;3;1
202200010776;794 799;1;0;2;8;0;5
202200010776;794 800;50;0;2;0;26;3
202200010777;794 798;7;4;0;9;1;1
202200010778;794 797;7;8;0;1;1;1
202200010779;794 794;7;0;2;4;12;2
202200010779;794 796;33;0;2;1;3;1
202200010780;794 793;80;0;2;6;1;3
202200010780;794 795;1;0;2;7;17;0
202200010781;794 791;80;1;1;1;1;3
202200010782;794 790;33;0;2;1;1;1
202200010782;794 792;10;0;2;4;21;1
202200010783;794 788;7;0;1;1;1;1
202200010784;794 787;7;0;2;8;1;1
202200010784;794 789;7;12;2;3;13;1
202200010785;794 786;7;0;1;1;1;1
202200010786;794 782;7;0;2;1;2;1
202200010786;794 784;7;0;2;4;2;1
202200010786;794 785;7;0;2;4;2;1
202200010787;794 781;99;0;2;4;1;3
202200010787;794 783;7;0;2;3;1;1
202200010788;794 778;7;0;2;3;15;1
202200010788;794 780;33;0;2;5;1;1
202200010789;794 777;7;0;2;1;1;1
202200010789;794 779;7;0;2;4;1;2
202200010790;794 776;7;0;1;1;26;1
202200010791;794 774;32;0;2;2;1;1
202200010791;794 775;7;0;2;1;10;1
202200010792;794 772;30;0;2;1;1;1
202200010792;794 773;7;0;2;3;1;1
202200010793;794 770;10;0;2;2;1;1
202200010793;794 771;7;0;2;7;15;1
202200010794;794 767;7;0;1;1;13;1
202200010795;794 766;10;0;2;2;1;1
202200010795;794 769;37;0;2;3;1;1
202200010796;794 765;7;0;0;0;0;1
202200010796;794 768;7;3;2;1;1;1
202200010797;794 763;33;0;2;7;17;1
202200010797;794 764;10;0;2;8;15;1
202200010798;794 760;7;0;2;2;15;1
202200010798;794 762;7;0;2;1;1;1
202200010799;794 759;30;0;0;2;1;1
202200010800;794 761;10;0;1;1;15;0
202200010801;794 757;1;0;0;0;0;5
202200010801;794 758;7;0;2;3;2;1
202200010802;794 756;7;0;1;1;20;1
202200010803;794 754;31;0;0;9;1;1
202200010804;794 755;7;0;1;1;9;1
202200010805;794 751;43;0;2;7;1;1
202200010805;794 753;7;0;2;6;11;1
202200010806;794 749;32;0;2;2;1;1
202200010806;794 750;7;0;2;2;9;1
202200010807;794 745;7;0;0;7;14;1
202200010808;794 747;1;0;2;1;1;5
202200010808;794 748;7;12;0;2;26;1
202200010809;794 744;2;0;2;1;1;1
202200010809;794 746;7;0;0;0;0;0
202200010810;794 741;32;0;1;0;0;1
202200010811;794 742;50;0;2;2;16;3
202200010811;794 743;7;0;2;3;13;1
202200010812;794 740;10;0;1;2;1;1
202200010813;794 738;1;0;0;8;13;5
202200010814;794 737;7;0;2;1;1;1
202200010814;794 739;7;0;2;1;13;1
202200010815;794 736;10;0;1;1;15;1
202200010816;794 735;7;0;1;3;19;0
202200010817;794 732;7;0;4;8;15;1
202200010817;794 734;40;0;2;1;1;0
202200010818;794 731;33;0;2;7;1;1
202200010818;794 733;7;0;2;3;9;0
202200010819;794 725;13;0;2;1;26;1
202200010819;794 727;13;0;2;5;26;1
202200010820;794 724;7;0;2;1;1;1
202200010820;794 726;7;0;2;9;1;1
202200010820;794 729;7;0;2;1;1;1
202200010821;794 723;7;0;1;1;19;1
202200010822;794 721;7;0;1;3;1;2
202200010823;794 719;7;0;2;4;23;1
202200010823;794 720;7;0;2;4;23;1
202200010823;794 722;37;0;2;1;2;1
202200010824;794 716;33;0;2;0;2;1
202200010824;794 717;7;0;0;0;1;0
202200010825;794 714;7;1;2;2;17;0
202200010825;794 718;7;1;2;3;1;1
202200010826;794 712;40;0;2;1;2;3
202200010826;794 715;7;0;4;8;19;0
202200010827;794 710;7;0;1;1;1;1
202200010828;794 711;7;0;2;3;15;1
202200010828;794 713;1;0;2;9;1;5
202200010829;794 704;7;0;1;3;1;1
202200010830;794 707;7;0;2;5;16;2
202200010830;794 709;33;0;2;1;7;1
202200010831;794 705;7;0;2;3;15;1
202200010831;794 708;50;0;2;1;17;3
202200010832;794 703;30;0;2;1;1;1
202200010832;794 706;1;0;2;8;1;5
202200010833;794 697;14;0;2;8;1;1
202200010833;794 701;7;0;2;1;1;1
202200010834;794 695;7;0;2;5;1;1
202200010834;794 699;7;0;2;2;1;1
202200010835;794 692;7;0;2;4;1;1
202200010835;794 696;7;0;2;4;1;1
202200010835;794 698;7;0;2;1;1;1
202200010836;794 691;7;0;2;4;26;1
202200010836;794 693;7;0;2;1;2;1
202200010837;794 682;7;4;2;3;21;1
202200010837;794 686;7;0;2;6;1;1
202200010838;794 685;2;0;2;5;2;1
202200010838;794 689;7;0;2;3;15;1
202200010839;794 683;10;0;2;2;2;1
202200010839;794 687;15;0;2;6;1;0
202200010840;794 680;7;0;2;4;1;1
202200010840;794 681;10;0;2;1;1;1
202200010841;794 678;7;0;1;3;15;1
202200010842;794 677;33;0;2;1;17;1
202200010842;794 679;7;0;2;8;15;1
202200010843;794 676;7;0;1;4;4;1
202200010844;794 674;7;0;2;1;1;1
202200010844;794 675;7;0;2;4;1;1
202200010845;794 672;7;0;1;3;15;1
202200010846;794 670;7;0;2;8;19;1
202200010846;794 673;7;0;2;3;19;1
202200010847;794 668;7;0;2;2;2;2
202200010847;794 671;1;0;2;8;1;0
202200010848;794 667;7;0;2;3;0;0
202200010848;794 669;37;0;2;3;0;1
202200010849;794 664;7;0;2;8;15;1
202200010849;794 665;30;0;2;2;17;1
202200010850;794 663;7;0;2;2;1;1
202200010850;794 666;7;0;2;7;9;1
202200010851;794 661;30;0;0;8;21;1
202200010852;794 660;7;0;2;1;2;1
202200010852;794 662;7;0;2;4;2;1
202200010853;794 655;10;0;2;1;2;1
202200010853;794 658;7;0;2;4;2;1
202200010854;794 654;7;0;2;1;2;1
202200010854;794 656;7;0;0;4;2;1
202200010855;794 653;7;0;2;0;0;1
202200010855;794 657;30;0;2;4;26;1
202200010856;794 651;7;0;1;6;4;1
202200010857;794 650;30;0;2;7;15;1
202200010857;794 652;1;0;2;8;1;0
202200010858;794 649;7;0;2;3;1;1
202200010858;794 659;7;0;2;1;1;2
202200010859;794 647;7;0;2;1;2;1
202200010859;794 648;30;0;2;4;23;3
202200010860;794 639;7;0;2;1;1;2
202200010860;794 645;7;0;2;8;1;1
202200010861;794 640;31;0;2;1;17;1
202200010861;794 641;10;0;2;8;15;1
202200010862;794 638;30;0;2;1;1;1
202200010862;794 643;7;0;2;3;1;1
202200010863;794 635;7;0;2;3;1;1
202200010863;794 637;7;0;2;2;15;2
202200010864;794 632;15;0;2;2;2;0
202200010864;794 636;10;0;2;2;15;1
202200010865;794 627;7;0;2;1;2;1
202200010865;794 630;7;0;2;4;2;1
202200010865;794 633;7;0;2;4;2;1
202200010866;794 629;7;0;2;7;1;1
202200010866;794 631;7;0;2;8;1;1
202200010866;794 634;7;8;2;2;17;1
202200010867;794 625;7;0;2;3;9;1
202200010867;794 628;31;0;2;7;0;1
202200010868;794 624;7;0;2;4;2;1
202200010868;794 626;17;0;2;1;1;1
202200010869;794 616;7;0;2;4;2;0
202200010869;794 619;33;0;2;1;2;1
202200010870;794 614;7;0;2;4;0;1
202200010870;794 620;7;0;2;1;26;1
202200010871;794 613;7;0;2;6;1;1
202200010871;794 617;7;0;9;3;2;1
202200010871;794 621;7;0;2;9;21;1
202200010872;794 612;7;0;2;6;23;2
202200010872;794 615;7;0;2;9;23;1
202200010872;794 618;7;0;2;4;23;1
202200010872;794 622;10;0;2;6;23;1
202200010872;794 623;10;0;2;1;2;1
202200010873;794 608;7;0;9;1;1;1
202200010873;794 611;50;0;2;1;1;3
202200010874;794 609;7;0;1;1;1;1
202200010875;794 607;7;0;2;3;1;1
202200010875;794 610;7;0;2;3;1;1
202200010876;794 605;7;0;2;2;2;1
202200010876;794 606;34;0;2;6;2;1
202200010877;794 601;7;0;2;1;1;1
202200010877;794 604;7;0;2;1;17;1
202200010878;794 599;7;0;2;8;21;1
202200010878;794 602;31;11;2;1;17;1
202200010879;794 598;7;0;2;5;26;1
202200010879;794 603;7;0;2;3;26;1
202200010880;794 597;7;0;2;5;1;2
202200010880;794 600;7;0;2;1;1;1
202200010881;794 596;50;0;0;0;25;3
202200010882;794 593;7;0;1;7;21;1
202200010883;794 591;30;0;2;4;2;3
202200010883;794 595;7;0;2;1;2;2
202200010884;794 594;7;0;1;1;1;1
202200010885;794 590;7;0;2;4;1;0
202200010885;794 592;1;0;2;1;1;5
202200010886;794 587;10;0;1;2;1;1
202200010887;794 585;7;0;2;7;15;1
202200010887;794 588;1;0;2;0;0;5
202200010887;794 589;7;0;2;0;24;1
202200010888;794 586;50;0;0;0;1;3
202200010889;794 584;7;0;1;5;4;1
202200010890;794 582;7;0;1;3;1;1
202200010891;794 581;7;0;1;7;16;1
202200010892;794 579;7;0;2;3;11;1
202200010892;794 583;33;12;2;7;2;1
202200010893;794 578;50;0;2;4;1;3
202200010893;794 580;7;0;2;0;17;0
202200010894;794 574;7;0;1;2;1;1
202200010895;794 575;7;0;9;1;15;1
202200010895;794 576;99;0;2;3;1;3
202200010896;794 571;33;0;2;1;15;1
202200010896;794 572;7;0;2;2;1;1
202200010897;794 570;30;0;2;1;2;1
202200010897;794 573;7;0;2;2;1;1
202200010898;794 568;7;15;0;3;13;1
202200010899;794 565;7;0;2;1;1;1
202200010899;794 569;7;0;2;8;9;1
202200010900;794 564;7;0;2;3;15;1
202200010900;794 567;7;0;2;1;1;1
202200010901;794 563;7;0;2;1;10;1
202200010901;794 566;7;0;2;3;9;1
202200010902;794 562;7;6;1;1;16;1
202200010903;794 559;7;0;2;8;16;1
202200010903;794 561;7;9;2;1;1;1
202200010904;794 560;7;0;1;3;2;1
202200010905;794 556;7;9;0;1;6;1
202200010906;794 553;7;0;2;8;15;1
202200010906;794 555;33;0;2;1;1;0
202200010907;794 554;7;1;0;7;1;1
202200010908;794 552;7;0;2;4;2;1
202200010908;794 557;10;1;2;9;2;1
202200010908;794 558;10;0;2;1;1;1
202200010909;794 550;7;0;1;2;16;1
202200010910;794 547;7;0;1;1;1;1
202200010911;794 549;10;0;2;4;1;1
202200010911;794 551;7;0;2;1;1;1
202200010912;794 546;2;0;2;7;17;3
202200010912;794 548;7;0;2;3;15;1
202200010913;794 543;7;0;1;6;1;1
202200010914;794 540;7;0;2;3;10;1
202200010914;794 544;33;0;2;7;1;1
202200010915;794 542;50;0;2;1;1;3
202200010915;794 545;10;0;2;3;1;1
202200010916;794 539;7;0;2;5;17;1
202200010916;794 541;7;0;2;1;1;1
202200010917;794 534;2;0;2;3;0;1
202200010917;794 537;7;0;2;2;0;0
202200010918;794 536;7;0;2;2;0;2
202200010918;794 538;30;0;2;7;15;1
202200010919;794 533;10;0;1;4;4;1
202200010920;794 532;7;0;2;1;2;2
202200010920;794 535;7;0;2;4;2;1
202200010921;794 528;17;0;2;1;2;1
202200010921;794 530;17;0;2;4;23;1
202200010922;794 524;7;0;2;1;9;1
202200010922;794 527;50;0;2;7;19;3
202200010923;794 526;7;5;0;1;2;1
202200010923;794 529;33;5;0;4;2;1
202200010924;794 525;7;0;2;1;1;1
202200010924;794 531;7;16;0;4;16;1
202200010925;794 523;10;15;0;1;21;3
202200010926;794 522;33;0;1;1;9;1
202200010927;794 518;7;0;2;2;1;2
202200010927;794 519;7;0;2;1;9;1
202200010928;794 517;7;0;2;1;2;1
202200010928;794 520;7;0;2;4;2;1
202200010929;794 516;7;0;1;2;9;3
202200010930;794 514;7;0;2;3;15;1
202200010930;794 515;7;0;2;3;1;1
202200010931;794 513;16;3;0;1;13;1
202200010932;794 510;7;0;2;2;2;1
202200010932;794 512;7;0;0;6;2;1
202200010933;794 508;10;0;2;6;1;1
202200010933;794 511;7;0;2;2;1;1
202200010934;794 506;50;0;2;1;25;3
202200010934;794 509;7;0;2;1;15;1
202200010935;794 507;7;0;0;9;1;1
202200010936;794 500;7;0;2;6;1;1
202200010936;794 504;7;0;2;2;1;2
202200010936;794 505;7;0;2;1;1;1
202200010937;794 499;7;0;2;3;26;1
202200010937;794 502;1;0;2;7;26;5
202200010938;794 501;7;0;1;3;2;1
202200010939;794 498;7;0;2;4;23;2
202200010939;794 503;7;0;2;1;1;1
202200010940;794 495;7;2;0;2;0;1
202200010941;794 494;13;0;1;4;20;1
202200010942;794 492;7;0;2;1;2;1
202200010942;794 497;7;0;2;4;2;1
202200010943;794 491;7;4;2;7;11;1
202200010943;794 493;7;1;2;2;1;1
202200010943;794 496;17;0;0;6;26;1
202200010944;794 489;7;1;0;1;13;2
202200010945;794 488;7;0;1;2;1;1
202200010946;794 487;7;0;2;2;15;1
202200010946;794 490;2;0;2;1;1;3
202200010947;794 486;7;2;0;5;26;1
202200010948;794 484;7;1;0;1;26;1
202200010949;794 483;7;0;2;4;2;1
202200010949;794 485;33;0;2;1;2;1
202200010950;794 481;7;5;0;3;13;1
202200010951;794 482;30;0;0;8;15;1
202200010952;794 476;7;0;2;1;2;1
202200010952;794 480;7;0;2;3;1;1
202200010953;794 475;7;0;2;1;15;1
202200010953;794 479;1;0;2;6;19;5
202200010954;794 478;10;2;0;1;0;1
202200010955;794 474;1;0;2;7;1;5
202200010955;794 477;7;0;2;3;1;1
202200010956;794 472;7;0;2;8;0;1
202200010956;794 473;33;0;2;1;26;1
202200010957;794 471;10;12;1;2;26;1
202200010958;794 469;7;0;2;8;1;1
202200010958;794 470;7;0;2;3;5;1
202200010959;794 465;14;0;2;1;15;1
202200010959;794 468;31;0;2;1;1;1
202200010960;794 463;10;0;2;4;1;1
202200010960;794 466;7;0;2;4;1;1
202200010960;794 467;7;0;2;1;1;1
202200010961;794 462;7;16;0;2;1;1
202200010962;794 461;1;0;2;0;0;5
202200010962;794 464;7;0;2;2;17;0
202200010963;794 460;7;0;1;4;4;0
202200010964;794 456;7;0;1;2;1;0
202200010965;794 455;7;0;2;1;1;1
202200010965;794 457;7;0;2;4;1;1
202200010965;794 459;7;0;2;4;1;1
202200010966;794 449;7;0;1;1;1;1
202200010967;794 450;10;0;2;3;19;1
202200010967;794 452;7;0;2;3;16;1
202200010968;794 448;80;0;2;1;19;3
202200010968;794 454;7;0;2;6;15;1
202200010969;794 447;1;0;-1;4;1;5
202200010970;794 443;7;8;1;1;14;1
202200010971;794 445;7;0;1;5;20;1
202200010972;794 444;7;0;2;2;1;1
202200010972;794 446;1;0;2;3;0;5
202200010973;794 441;7;2;0;8;14;1
202200010974;794 439;31;0;2;7;1;1
202200010974;794 442;7;0;2;3;9;1
202200010975;794 438;7;0;2;1;15;1
202200010975;794 440;7;0;2;8;1;1
202200010976;794 433;7;0;0;3;15;1
202200010976;794 437;7;0;0;2;26;1
202200010977;794 434;38;0;1;2;16;0
202200010978;794 432;2;0;2;8;1;1
202200010978;794 435;3;0;2;8;1;1
202200010979;794 430;7;0;2;5;17;1
202200010979;794 431;33;0;2;2;21;1
202200010979;794 436;7;0;2;8;0;1
202200010980;794 427;7;14;1;1;1;1
202200010981;794 425;7;0;2;1;1;1
202200010981;794 428;43;0;2;1;1;1
202200010982;794 424;33;0;0;9;26;1
202200010983;794 421;7;0;2;6;15;1
202200010983;794 423;33;0;2;1;1;1