Num_Acc;id_vehicule;catv;obs;obsm;choc;manv;motor
202200010984;794 419;7;13;0;1;14;1
202200010985;794 418;7;0;2;3;13;1
202200010985;794 420;7;0;2;1;1;1
202200010986;794 415;32;13;0;7;1;1
202200010987;794 414;3;0;2;1;2;1
202200010987;794 416;7;0;0;4;23;1
202200010988;794 413;7;0;2;7;16;1
202200010988;794 417;16;0;2;3;1;1
202200010989;794 411;7;0;2;3;1;1
202200010989;794 412;7;0;2;3;13;1
202200010990;794 407;7;6;0;8;26;1
202200010991;794 408;10;8;1;1;16;3
202200010992;794 406;7;0;2;8;1;1
202200010992;794 410;7;0;2;7;19;1
202200010993;794 402;7;0;1;2;1;1
202200010994;794 400;50;0;2;7;1;3
202200010994;794 403;30;0;2;3;9;1
202200010995;794 398;7;0;2;4;1;1
202200010995;794 404;21;0;2;1;1;1
202200010996;794 397;7;0;1;3;1;1
202200010997;794 396;10;12;0;1;1;1
202200010998;794 393;7;0;2;2;1;0
202200010998;794 394;1;0;2;1;1;5
202200010999;794 390;10;0;1;1;1;1
202200011000;794 391;1;0;2;0;0;5
202200011000;794 395;7;0;9;8;19;2
202200011001;794 389;7;0;2;3;2;1
202200011001;794 392;17;0;0;4;2;1
202200011002;794 386;7;0;1;2;1;1
202200011003;794 385;7;0;2;4;1;2
202200011003;794 388;7;0;2;1;2;1
202200011004;794 383;7;0;1;3;1;1
202200011005;794 382;7;0;2;1;2;1
202200011005;794 384;7;0;2;4;2;1
202200011005;794 387;7;0;2;4;2;1
202200011006;794 379;7;0;2;3;13;1
202200011006;794 381;7;0;2;8;1;1
202200011007;794 375;7;0;2;2;1;1
202200011007;794 378;7;0;0;4;1;2
202200011008;794 374;7;0;2;3;0;0
202200011008;794 380;50;0;2;1;0;3
202200011009;794 372;50;0;2;0;1;3
202200011009;794 376;7;0;2;2;15;1
202200011010;794 373;1;0;2;1;2;5
202200011010;794 377;7;0;2;5;16;1
202200011011;794 370;7;0;1;1;1;1
202200011012;794 368;7;0;2;3;11;0
202200011012;794 371;7;3;2;5;1;1
202200011013;794 365;7;0;2;3;9;1
202200011013;794 369;7;0;2;1;1;1
202200011014;794 361;32;0;2;1;1;1
202200011014;794 363;1;0;2;1;13;5
202200011015;794 360;7;0;2;2;16;1
202200011015;794 362;50;0;2;0;1;3
202200011016;794 357;7;0;2;1;15;2
202200011016;794 359;32;0;2;1;3;1
202200011017;794 355;7;1;0;0;1;1
202200011018;794 356;2;0;1;8;2;1
202200011019;794 354;50;0;2;1;25;3
202200011019;794 358;7;0;2;1;9;2
202200011020;794 349;1;0;2;1;1;5
202200011020;794 352;10;0;2;3;9;1
202200011021;794 348;1;0;2;1;13;5
202200011021;794 351;7;0;2;3;1;1
202200011022;794 350;7;0;2;5;15;0
202200011022;794 353;34;0;2;0;0;0
202200011023;794 347;7;0;1;1;26;0
202200011024;794 344;1;0;0;0;0;5
202200011024;794 346;7;0;2;1;0;1
202200011025;794 341;7;0;2;2;2;1
202200011025;794 345;1;0;0;4;2;5
202200011026;794 338;14;0;1;3;1;1
202200011027;794 339;7;0;2;8;9;1
202200011027;794 342;33;0;2;1;1;1
202200011028;794 340;7;0;2;8;1;1
202200011028;794 343;7;0;2;1;19;1
202200011029;794 334;2;0;2;1;5;1
202200011029;794 337;7;0;2;3;1;1
202200011030;794 330;7;0;2;2;15;1
202200011030;794 333;2;0;2;1;1;1
202200011031;794 325;7;0;2;3;1;1
202200011031;794 328;7;0;2;3;13;1
202200011032;794 323;7;6;2;1;0;1
202200011032;794 327;7;0;2;7;0;1
202200011033;794 321;7;0;2;1;0;1
202200011033;794 324;7;0;2;1;26;1
202200011034;794 319;7;0;2;1;15;1
202200011034;794 322;80;0;2;1;1;3
202200011035;794 320;2;0;0;8;15;1
202200011036;794 317;7;0;2;1;1;1
202200011036;794 318;7;13;2;1;6;1
202200011037;794 314;7;0;1;2;1;1
202200011038;794 315;7;4;2;6;23;1
202200011038;794 316;7;0;2;2;0;1
202200011039;794 312;7;13;0;2;1;1
202200011040;794 311;33;0;0;8;1;1
202200011041;794 310;7;0;2;1;1;1
202200011041;794 313;7;0;2;1;1;1
202200011042;794 309;7;0;1;3;9;1
202200011043;794 300;7;0;2;7;15;1
202200011043;794 308;31;0;2;1;1;1
202200011044;794 301;7;0;2;3;0;1
202200011044;794 305;7;0;2;3;13;1
202200011045;794 299;7;0;2;4;2;1
202200011045;794 303;7;0;2;4;2;1
202200011045;794 304;7;0;2;4;2;1
202200011045;794 306;7;0;2;4;2;2
202200011045;794 307;13;0;2;1;2;1
202200011046;794 298;7;0;2;7;15;1
202200011046;794 302;33;0;2;1;18;1
202200011047;794 297;7;17;0;1;1;1
202200011048;794 295;33;6;0;8;13;1
202200011049;794 293;31;0;2;1;1;1
202200011049;794 296;7;0;2;3;15;1
202200011050;794 292;1;1;2;1;2;0
202200011050;794 294;7;1;0;3;24;1
202200011051;794 289;7;0;2;1;1;1
202200011051;794 291;7;0;2;1;13;1
202200011052;794 288;7;0;2;6;1;1
202200011052;794 290;7;0;2;2;12;0
202200011053;794 285;7;0;2;3;15;2
202200011053;794 287;43;0;2;2;1;1
202200011054;794 283;7;0;2;1;15;1
202200011054;794 286;50;0;2;1;1;3
202200011055;794 278;30;0;2;4;1;3
202200011055;794 280;7;0;2;1;1;1
202200011056;794 275;7;0;1;7;14;1
202200011057;794 281;7;8;2;8;15;1
202200011057;794 284;7;13;2;1;1;1
202200011058;794 277;7;0;2;0;12;0
202200011058;794 279;10;0;2;5;1;1
202200011058;794 282;32;0;2;8;3;1
202200011059;794 274;1;0;2;3;19;5
202200011059;794 276;7;0;2;1;16;1
202200011060;794 271;7;0;2;2;15;1
202200011060;794 273;2;0;2;1;1;1
202200011061;794 268;7;0;2;5;2;2
202200011061;794 270;31;5;2;3;2;1
202200011062;794 267;13;0;2;1;2;1
202200011062;794 269;7;0;2;4;2;1
202200011063;794 266;7;0;1;1;1;1
202200011064;794 262;7;0;2;1;1;1
202200011064;794 272;10;0;2;3;13;1
202200011065;794 263;7;9;0;2;1;1
202200011066;794 259;7;0;2;3;1;1
202200011066;794 261;32;0;2;1;21;1
202200011066;794 265;10;12;2;2;15;1
202200011067;794 258;7;0;2;4;1;1
202200011067;794 260;7;0;2;2;1;1
202200011067;794 264;7;1;1;1;2;1
202200011068;794 252;7;0;2;6;15;1
202200011068;794 254;32;0;2;8;17;1
202200011069;794 251;7;0;2;3;5;1
202200011069;794 255;7;0;2;8;1;1
202200011070;794 253;15;12;2;8;1;1
202200011070;794 256;7;0;2;3;1;1
202200011070;794 257;7;0;2;3;17;1
202200011071;794 247;1;0;2;1;1;5
202200011071;794 250;7;0;2;2;15;1
202200011072;794 246;7;0;2;3;1;1
202200011072;794 248;7;0;2;2;1;1
202200011073;794 245;10;0;2;1;2;1
202200011073;794 249;7;0;2;4;2;1
202200011074;794 243;7;0;2;1;1;1
202200011074;794 244;7;0;2;1;10;0
202200011075;794 242;7;4;0;3;1;1
202200011076;794 238;7;0;2;3;5;1
202200011076;794 239;7;0;2;3;1;1
202200011076;794 241;7;0;2;1;1;1
202200011077;794 237;7;0;2;8;13;0
202200011077;794 240;31;0;2;7;1;3
202200011078;794 235;37;0;2;1;19;1
202200011078;794 236;7;0;2;2;19;0
202200011079;794 234;7;0;2;8;0;1
202200011080;794 233;7;0;1;1;15;1
202200011081;794 227;7;0;2;1;23;1
202200011081;794 231;2;1;0;1;1;1
202200011082;794 226;7;0;2;8;9;1
202200011082;794 228;33;0;2;1;1;1
202200011083;794 225;1;0;2;8;1;5
202200011083;794 230;10;0;2;2;17;1
202200011084;794 221;7;4;0;3;1;1
202200011084;794 224;7;1;0;1;1;1
202200011084;794 229;7;1;0;1;1;1
202200011085;794 222;7;0;1;1;1;0
202200011086;794 220;33;0;2;1;18;1
202200011086;794 223;21;0;2;6;0;0
202200011087;794 217;7;4;0;9;26;1
202200011088;794 218;10;0;2;2;15;1
202200011088;794 219;30;0;2;3;1;1
202200011089;794 213;7;4;0;2;26;1
202200011090;794 212;7;0;2;1;1;1
202200011090;794 214;7;0;2;4;0;1
202200011090;794 216;7;0;2;1;1;1
202200011091;794 211;10;0;2;1;1;1
202200011091;794 215;7;0;2;8;1;1
202200011092;794 210;1;0;0;0;1;5
202200011093;794 207;7;0;2;3;26;1
202200011093;794 209;7;0;2;4;0;1
202200011094;794 202;7;4;0;1;1;1
202200011095;794 203;7;0;1;3;1;1
202200011096;794 200;7;0;2;3;11;1
202200011096;794 204;7;0;2;7;1;1
202200011096;794 206;10;0;2;8;1;1
202200011097;794 197;33;0;2;5;2;1
202200011097;794 198;7;0;2;8;11;1
202200011098;794 193;1;0;2;1;1;5
202200011098;794 195;7;0;9;8;16;1
202200011099;794 192;1;0;1;1;1;5
202200011100;794 190;2;6;0;8;1;1
202200011101;794 189;7;0;2;1;2;1
202200011101;794 191;7;0;2;4;2;1
202200011102;794 186;7;0;2;3;1;1
202200011102;794 188;7;0;2;3;1;1
202200011103;794 185;7;4;0;1;1;1
202200011104;794 183;7;0;2;1;2;1
202200011104;794 187;32;0;2;4;23;1
202200011105;794 182;7;3;0;1;0;0
202200011106;794 181;10;0;2;5;15;1
202200011106;794 184;31;0;2;1;1;1
202200011107;794 180;7;0;1;0;20;0
202200011108;794 177;43;0;2;3;17;1
202200011108;794 179;7;0;2;3;15;1
202200011109;794 173;7;0;2;4;2;1
202200011109;794 176;7;0;2;1;2;1
202200011110;794 171;7;0;2;1;2;1
202200011110;794 174;7;0;2;4;2;1
202200011110;794 178;7;0;2;0;0;1
202200011111;794 172;7;0;9;2;1;1
202200011111;794 175;50;0;2;1;1;3
202200011112;794 170;33;1;0;2;21;1
202200011113;794 168;7;0;1;1;1;1
202200011114;794 167;7;0;2;4;26;1
202200011114;794 169;7;0;2;1;2;1
202200011115;794 165;7;0;2;1;15;1
202200011115;794 166;33;0;2;3;1;1
202200011116;794 161;10;0;2;8;13;1
202200011116;794 164;33;0;2;7;17;1
202200011117;794 162;7;0;2;1;2;1
202200011117;794 163;7;0;0;0;0;1
202200011118;794 158;7;0;1;1;1;1
202200011119;794 156;1;0;1;1;1;5
202200011120;794 153;10;0;1;2;2;1
202200011121;794 151;7;0;2;1;1;1
202200011121;794 155;7;0;2;1;13;1
202200011122;794 149;7;0;2;1;1;1
202200011122;794 150;33;0;2;1;13;1
202200011123;794 148;1;0;2;7;1;5
202200011123;794 152;7;0;2;8;13;1
202200011124;794 146;15;0;1;2;1;6
202200011125;794 145;10;0;2;6;15;1
202200011125;794 147;7;0;2;1;1;1
202200011126;794 142;7;0;2;1;15;1
202200011126;794 144;33;0;2;1;1;1
202200011127;794 139;10;0;2;3;1;1
202200011127;794 143;33;0;2;7;1;1
202200011128;794 140;7;0;1;1;16;1
202200011129;794 138;7;0;2;4;1;1
202200011129;794 141;7;0;2;1;1;1
202200011130;794 136;7;1;2;1;1;1
202200011130;794 137;7;0;2;3;1;1
202200011131;794 132;30;0;9;0;1;1
202200011132;794 131;7;0;1;3;1;1
202200011133;794 130;30;0;2;6;2;1
202200011133;794 133;7;0;2;2;2;1
202200011134;794 125;7;0;2;3;15;1
202200011134;794 129;7;0;2;3;1;1
202200011135;794 128;30;0;2;0;17;1
202200011136;794 127;7;1;1;2;1;2
202200011137;794 126;1;1;0;1;18;5
202200011138;794 123;7;3;0;1;2;1
202200011139;794 122;7;1;0;2;1;1
202200011140;794 120;7;0;2;0;0;0
202200011140;794 124;7;0;2;4;1;1
202200011141;794 118;7;0;2;3;1;1
202200011141;794 121;7;0;2;1;19;1
202200011142;794 114;33;0;2;1;1;1
202200011142;794 119;1;0;2;3;15;5
202200011143;794 115;7;0;2;4;2;1
202200011143;794 117;7;0;2;1;2;1
202200011144;794 113;7;0;2;2;16;1
202200011144;794 116;1;0;2;3;1;5
202200011145;794 109;7;0;2;8;15;1
202200011145;794 112;30;0;2;1;17;1
202200011146;794 108;3;0;1;1;9;1
202200011147;794 106;32;0;2;1;1;1
202200011147;794 111;7;0;2;2;1;1
202200011148;794 102;7;0;2;3;15;1
202200011148;794 107;33;0;2;1;26;1
202200011148;794 110;33;0;2;1;26;1
202200011149;794 104;34;0;2;1;1;1
202200011149;794 105;7;0;2;5;19;1
202200011150;794 101;7;0;2;7;26;1
202200011150;794 103;1;0;2;6;2;5
202200011151;794 099;7;0;2;8;15;2
202200011151;794 100;7;0;2;3;16;1
202200011152;794 096;7;0;0;0;1;1
202200011153;794 095;7;0;2;1;1;1
202200011153;794 097;7;0;2;1;1;1
202200011154;794 091;50;1;2;1;14;3
202200011154;794 093;10;0;2;1;1;1
202200011155;794 090;7;0;2;1;19;1
202200011155;794 092;7;0;2;5;19;1
202200011155;794 094;7;0;2;1;19;1
202200011155;794 098;7;0;2;2;1;1
202200011156;794 089;43;0;0;0;15;1
202200011157;794 084;7;0;2;1;2;1
202200011157;794 088;7;10;2;3;21;1
202200011158;794 087;30;0;0;1;1;1
202200011159;794 083;7;0;2;6;2;1
202200011159;794 086;31;0;2;1;2;1
202200011160;794 082;7;0;2;3;1;1
202200011160;794 085;33;0;2;1;5;1
202200011161;794 081;7;8;0;1;0;1
202200011162;794 078;7;0;1;0;0;0
202200011163;794 077;1;0;2;8;26;5
202200011163;794 080;7;0;2;1;26;1
202200011164;794 076;10;0;2;6;15;1
202200011164;794 079;30;0;2;2;17;1
202200011165;794 074;7;0;2;7;13;1
202200011165;794 075;7;0;2;1;1;1
202200011166;794 072;31;0;2;1;1;1
202200011166;794 073;7;0;2;5;15;1
202200011167;794 070;7;0;1;3;1;1
202200011168;794 071;7;0;0;9;13;1
202200011169;794 065;2;0;2;7;26;1
202200011169;794 068;7;0;2;3;26;1
202200011170;794 062;7;0;1;1;1;1
202200011171;794 063;7;0;2;3;15;1
202200011171;794 066;2;0;2;1;1;1
202200011172;794 057;31;0;2;1;14;3
202200011172;794 059;10;0;2;6;1;1
202200011173;794 058;7;0;1;1;1;2
202200011174;794 055;7;0;1;3;1;1
202200011175;794 054;7;0;2;3;1;1
202200011175;794 056;7;0;2;3;1;3
202200011176;794 051;7;0;2;6;11;1
202200011176;794 053;33;0;2;7;1;1
202200011177;794 049;7;0;1;3;1;1
202200011178;794 050;7;1;0;2;1;1
202200011178;794 052;7;0;2;8;22;1
202200011179;794 048;7;6;0;0;14;1
202200011180;794 046;10;0;2;8;23;1
202200011180;794 047;33;0;2;1;13;1
202200011181;794 043;7;0;0;9;1;1
202200011182;794 041;7;0;2;1;13;1
202200011182;794 044;7;0;2;1;1;1
202200011183;794 040;7;0;2;1;1;1
202200011183;794 042;7;0;2;4;23;1
202200011183;794 045;7;0;2;4;23;1
202200011184;794 038;1;0;0;0;1;5
202200011185;794 037;32;0;2;2;11;1
202200011185;794 039;7;0;2;6;1;0
202200011186;794 034;7;5;0;2;14;1
202200011187;794 032;7;0;2;1;2;1
202200011187;794 035;7;0;2;0;1;1
202200011188;794 030;33;0;2;8;3;1
202200011188;794 033;7;0;2;0;11;0
202200011189;794 031;1;0;2;7;1;5
202200011189;794 036;7;0;2;1;9;1
202200011190;794 028;7;0;2;3;13;1
202200011190;794 029;7;0;2;3;1;1
202200011191;794 025;50;0;0;0;1;3
202200011192;794 024;7;0;1;7;4;1
202200011192;794 027;7;0;2;8;1;1
202200011193;794 022;7;0;2;1;15;1
202200011193;794 026;1;0;2;2;1;5
202200011194;794 020;7;0;2;1;13;1
202200011194;794 023;7;0;2;1;1;1
202200011195;794 017;32;0;2;2;1;1
202200011195;794 021;7;0;2;5;1;2
202200011196;794 016;7;0;2;2;15;0
202200011196;794 019;1;0;2;1;1;5
202200011197;794 013;10;0;2;3;13;1
202200011197;794 015;7;0;2;3;1;1
202200011198;794 014;33;0;2;2;1;1
202200011198;794 018;7;0;2;3;1;1
202200011199;794 012;50;2;0;1;25;3
202200011200;794 010;7;0;1;3;9;1
202200011201;794 007;7;0;2;1;1;1
202200011201;794 011;7;0;2;1;5;1
202200011202;794 006;30;0;2;1;1;1
202200011202;794 009;10;0;2;2;15;1
202200011203;794 003;7;0;2;1;1;1
202200011203;794 005;7;0;9;4;1;1
202200011203;794 008;1;0;2;4;1;5
202200011204;794 001;7;0;2;3;13;1
202200011204;794 002;7;0;2;3;1;1
202200011205;794 000;1;0;9;1;21;5
202200011206;793 999;7;0;2;8;15;1
202200011206;794 004;30;0;2;0;0;1
202200011207;793 997;7;2;0;1;1;1
202200011208;793 998;10;0;1;1;15;3
202200011209;793 994;80;1;0;1;1;3
202200011209;793 996;7;0;2;8;22;1
202200011210;793 992;7;15;0;1;1;1
202200011211;793 989;7;0;2;3;1;1
202200011211;793 991;7;2;2;3;1;1
202200011212;793 990;2;0;2;1;2;1
202200011212;793 993;7;0;2;5;15;1
202200011212;793 995;7;0;2;3;2;1
202200011213;793 986;2;0;0;7;1;1
202200011214;793 987;50;0;2;1;1;3
202200011214;793 988;1;0;2;7;15;5
202200011215;793 985;7;0;0;9;14;1
202200011216;793 983;10;0;2;3;15;1
202200011216;793 984;1;0;2;2;1;5
202200011217;793 981;50;0;0;0;15;3
202200011218;793 979;31;0;2;0;17;1
202200011218;793 980;7;0;2;0;15;1
202200011219;793 975;7;0;2;1;2;1
202200011219;793 978;33;0;0;4;2;1
202200011220;793 974;7;0;0;0;0;1
202200011220;793 977;32;0;0;0;0;1
202200011221;793 973;7;0;2;1;1;2
202200011221;793 976;7;0;2;1;13;1
202200011222;793 970;7;6;2;1;14;1
202200011222;793 972;7;0;2;1;2;1
202200011223;793 968;7;0;2;1;15;1
202200011223;793 971;31;0;2;1;1;1
202200011224;793 966;7;0;2;2;19;1
202200011224;793 969;7;0;2;3;1;1
202200011225;793 965;7;0;2;1;1;1
202200011225;793 967;7;0;2;7;19;1
202200011226;793 962;80;0;2;8;19;3
202200011226;793 964;7;0;2;1;16;1
202200011227;793 960;7;3;0;1;1;1
202200011228;793 961;10;0;9;5;22;1
202200011228;793 963;80;1;0;1;1;3
202200011229;793 955;10;0;2;2;1;1
202200011229;793 958;33;0;2;1;9;1
202200011230;793 953;7;0;2;1;1;1
202200011230;793 956;7;0;2;7;11;1
202200011231;793 952;10;0;2;4;1;1
202200011231;793 954;30;0;2;1;1;1
202200011232;793 950;7;0;2;3;13;1
202200011232;793 951;7;0;2;3;1;1
202200011233;793 946;7;0;2;2;20;1
202200011233;793 949;1;0;2;3;1;5
202200011234;793 945;0;0;2;0;0;-1
202200011234;793 948;2;0;2;0;2;1
202200011235;793 944;7;0;2;1;16;1
202200011235;793 947;31;0;2;1;1;1
202200011236;793 942;7;0;2;1;1;1
202200011236;793 943;7;0;2;2;1;1
202200011237;793 939;30;0;2;1;2;1
202200011237;793 941;7;0;2;6;15;3
202200011238;793 936;30;15;0;8;1;1
202200011239;793 938;7;0;2;3;15;2
202200011240;793 935;7;0;2;4;16;1
202200011240;793 940;7;0;2;1;2;1
202200011241;793 933;7;0;9;2;1;1
202200011241;793 934;1;0;0;4;1;5
202200011241;793 937;1;0;0;4;1;5
202200011242;793 930;33;0;2;8;1;1
202200011242;793 932;7;0;2;7;0;1
202200011243;793 928;7;5;0;4;2;1
202200011244;793 926;7;0;2;2;1;1
202200011244;793 929;32;0;2;1;1;1
202200011245;793 925;1;0;2;0;0;5
202200011245;793 927;15;0;9;3;9;1
202200011246;793 923;7;13;0;3;21;1
202200011247;793 921;7;0;1;3;15;3
202200011248;793 918;7;0;2;1;2;1
202200011248;793 920;7;0;2;4;1;2
202200011248;793 922;7;0;2;4;1;1
202200011248;793 924;7;0;2;4;1;1
202200011249;793 917;30;0;2;1;1;1
202200011249;793 919;7;0;2;1;15;1
202200011250;793 912;7;0;2;8;1;1
202200011250;793 916;7;0;2;1;1;1
202200011251;793 914;33;0;0;0;1;1
202200011252;793 910;7;0;2;1;1;1
202200011252;793 911;7;0;2;1;1;1
202200011253;793 909;7;0;2;6;1;1
202200011253;793 913;10;0;2;1;9;1
202200011253;793 915;7;0;2;1;1;1
202200011254;793 907;1;0;2;1;7;5
202200011254;793 908;7;0;2;2;16;1
202200011255;793 906;7;4;0;0;1;1
202200011256;793 903;30;0;2;1;15;1
202200011256;793 905;7;0;2;8;1;1
202200011257;793 901;7;0;2;2;24;1
202200011257;793 902;1;0;0;0;26;5
202200011258;793 899;1;0;2;1;1;5
202200011258;793 904;7;0;9;1;15;1
202200011259;793 898;7;0;2;6;11;1
202200011259;793 900;33;0;2;2;1;1
202200011260;793 895;43;0;2;3;1;1
202200011260;793 896;7;0;2;3;11;2
202200011261;793 894;7;0;2;1;1;1
202200011261;793 897;7;0;2;7;9;1
202200011262;793 890;7;0;2;6;2;2
202200011262;793 893;7;0;2;1;2;1
202200011263;793 888;7;0;1;3;1;2
202200011264;793 889;7;0;2;1;1;1
202200011264;793 891;10;0;2;2;1;1
202200011265;793 887;33;0;2;1;1;1
202200011265;793 892;10;0;2;7;19;1
202200011266;793 883;7;0;2;1;2;1
202200011266;793 886;17;0;2;4;2;1
202200011267;793 882;7;0;2;6;21;1
202200011267;793 885;33;0;2;2;17;1
202200011268;793 881;7;0;2;3;15;1
202200011268;793 884;2;0;2;1;17;1
202200011269;793 879;7;0;0;4;1;1
202200011269;793 880;7;0;2;1;1;1
202200011270;793 877;7;6;0;2;14;1
202200011271;793 876;7;0;2;5;1;1
202200011271;793 878;10;0;2;3;11;1
202200011272;793 874;7;0;2;6;1;1
202200011272;793 875;10;0;2;3;1;1
202200011273;793 871;7;2;2;1;1;1
202200011273;793 873;7;0;2;8;1;1
202200011274;793 872;2;12;0;0;19;1
202200011275;793 870;7;4;0;1;1;1
202200011276;793 869;7;2;0;9;26;1
202200011277;793 867;7;6;0;3;26;1
202200011278;793 864;7;0;0;1;1;1
202200011279;793 859;7;6;0;1;1;1
202200011280;793 865;7;13;0;2;13;1
202200011281;793 861;7;0;2;1;2;1
202200011281;793 863;10;0;2;4;0;1
202200011281;793 866;7;0;0;4;2;1
202200011281;793 868;15;0;2;1;2;1
202200011282;793 853;7;0;2;1;2;1
202200011282;793 856;7;0;0;4;2;1
202200011282;793 858;0;0;2;2;2;6
202200011283;793 852;7;0;2;1;9;1
202200011283;793 857;1;0;2;5;15;5
202200011284;793 851;7;2;0;1;0;1
202200011285;793 850;10;0;2;4;1;1
202200011285;793 854;10;0;2;4;1;1
202200011285;793 855;10;0;2;1;1;1
202200011286;793 847;7;0;2;2;5;1
202200011286;793 849;15;0;2;2;1;1
202200011287;793 848;7;8;0;6;0;1
202200011288;793 846;7;9;0;1;6;1
202200011289;793 844;14;0;2;5;1;1
202200011289;793 845;10;0;2;3;1;1
202200011290;793 841;1;0;2;1;1;5
202200011290;793 843;7;0;2;2;15;1
202200011291;793 840;7;6;0;1;1;1
202200011292;793 839;7;0;2;1;2;1
202200011292;793 842;7;0;2;4;0;1
202200011293;793 834;1;0;2;1;0;5
202200011293;793 836;7;0;9;6;0;1
202200011294;793 835;7;13;0;1;1;1
202200011295;793 828;7;0;2;3;1;1
202200011295;793 831;7;0;0;5;16;1
202200011296;793 826;7;0;2;1;1;1
202200011296;793 827;7;0;2;3;15;1
202200011296;793 830;33;0;2;1;17;1
202200011297;793 821;7;0;2;1;13;1
202200011297;793 823;10;0;2;1;1;1
202200011298;793 820;7;0;2;1;2;2
202200011298;793 822;7;0;2;4;2;1
202200011298;793 825;7;0;2;4;2;1
202200011298;793 829;7;0;2;4;2;1
202200011298;793 833;10;0;2;4;2;1
202200011298;793 837;7;0;2;4;2;1
202200011298;793 838;10;0;2;1;2;1
202200011299;793 824;30;0;2;1;17;1
202200011299;793 832;7;0;2;8;2;1
202200011300;793 818;7;0;2;3;1;1
202200011300;793 819;7;0;2;3;1;1
202200011301;793 815;33;0;2;1;1;1
202200011301;793 817;10;0;2;3;10;1
202200011302;793 814;7;0;1;1;1;1
202200011303;793 812;33;0;2;1;3;1
202200011303;793 816;7;0;2;6;12;1
202200011304;793 811;7;6;0;2;1;1
202200011305;793 813;1;0;0;1;26;5
202200011306;793 807;7;0;2;6;1;1
202200011306;793 810;7;2;2;1;1;1
202200011307;793 805;7;0;2;3;19;1
202200011307;793 808;7;0;2;2;1;1
202200011308;793 803;7;16;0;9;17;1
202200011309;793 800;7;13;0;1;1;1
202200011310;793 801;7;0;2;3;1;1
202200011310;793 804;7;0;2;3;15;1
202200011311;793 799;10;0;2;8;1;1
202200011311;793 802;33;0;2;1;1;1
202200011312;793 798;7;0;1;1;1;1
202200011313;793 795;7;3;2;0;1;1
202200011313;793 797;7;0;2;1;21;1
202200011314;793 793;33;0;2;1;17;1
202200011314;793 794;3;0;2;3;15;1
202200011315;793 792;7;0;2;1;2;0
202200011315;793 796;13;0;2;4;23;0
202200011316;793 791;7;6;0;2;0;1
202200011317;793 785;7;0;2;3;1;1
202200011317;793 788;7;0;2;1;1;1
202200011317;793 789;7;0;2;5;1;1
202200011317;793 790;7;0;2;0;1;1
202200011318;793 782;7;0;1;1;1;1
202200011319;793 783;7;0;2;1;21;1
202200011319;793 787;33;0;2;1;19;1
202200011320;793 784;7;15;2;1;15;0
202200011320;793 786;33;12;2;4;16;1
202200011321;793 780;10;0;2;1;2;1
202200011321;793 781;7;0;2;4;2;1
202200011322;793 779;7;0;1;1;1;1
202200011323;793 777;7;0;2;0;0;0
202200011323;793 778;30;0;2;4;1;1
202200011324;793 775;7;0;1;5;4;2
202200011325;793 774;7;0;2;5;12;1
202200011325;793 776;7;0;2;2;1;1
202200011326;793 769;7;0;2;1;2;1
202200011326;793 771;10;0;2;1;2;1
202200011326;793 773;7;0;2;4;2;1
202200011327;793 768;7;0;2;5;16;1
202200011327;793 772;33;0;2;8;15;1
202200011328;793 770;34;0;1;3;1;1
202200011329;793 764;33;0;2;3;2;1
202200011329;793 766;33;0;2;5;23;1
202200011330;793 763;7;0;2;3;2;1
202200011330;793 767;7;0;2;5;2;2
202200011331;793 765;10;9;0;1;0;1
202200011332;793 760;7;0;2;3;1;1
202200011332;793 762;7;0;2;3;13;1
202200011333;793 757;7;0;1;1;1;1
202200011334;793 755;7;0;2;6;17;1
202200011334;793 756;2;0;2;1;0;1
202200011335;793 754;7;0;2;4;1;3
202200011335;793 758;7;0;2;1;1;1
202200011335;793 759;7;0;2;4;1;1
202200011335;793 761;7;0;2;1;1;1
202200011336;793 751;7;4;0;2;14;1
202200011337;793 749;7;0;2;1;1;1
202200011337;793 752;7;0;2;3;1;1
202200011338;793 750;32;0;2;0;0;0
202200011338;793 753;7;0;2;0;0;6
202200011339;793 748;7;3;0;1;1;2
202200011340;793 747;7;8;0;3;19;1
202200011341;793 745;7;4;0;3;1;1
202200011342;793 744;2;0;2;1;1;1
202200011342;793 746;7;0;2;3;26;1
202200011343;793 743;7;8;0;8;1;1
202200011344;793 742;10;14;0;1;1;1
202200011345;793 741;33;12;0;0;0;1
202200011346;793 740;7;8;0;1;14;1
202200011347;793 739;7;3;0;1;14;1
202200011348;793 736;32;0;2;1;1;1
202200011348;793 737;7;0;2;2;15;1
202200011349;793 735;7;0;2;7;1;1
202200011349;793 738;2;0;2;1;1;1
202200011350;793 733;10;4;2;6;11;1
202200011350;793 734;7;4;2;2;1;1
202200011351;793 730;7;1;0;1;1;1
202200011352;793 729;7;8;2;9;16;1
202200011352;793 732;7;0;2;2;14;1
202200011353;793 728;7;0;0;0;26;1
202200011353;793 731;15;0;0;0;0;0
202200011354;793 727;7;0;1;1;0;0
202200011355;793 724;7;0;2;1;19;1
202200011355;793 726;7;0;2;1;1;1
202200011356;793 722;30;0;2;3;1;1
202200011356;793 723;7;0;2;1;9;1
202200011357;793 725;7;0;1;3;15;2
202200011358;793 719;7;2;0;1;1;1
202200011358;793 720;7;0;0;0;0;0
202200011359;793 717;7;0;2;1;1;1
202200011359;793 718;7;0;2;4;2;1
202200011359;793 721;17;0;2;4;1;1
202200011360;793 716;32;0;0;1;16;1
202200011361;793 715;7;6;0;1;1;1
202200011362;793 713;1;0;2;1;25;5
202200011362;793 714;7;0;9;2;16;0
202200011363;793 711;7;0;1;1;13;1
202200011364;793 710;7;0;2;1;2;1
202200011364;793 712;1;0;2;4;1;5
202200011365;793 708;7;0;2;1;1;2
202200011365;793 709;7;0;2;2;1;1
202200011366;793 707;7;0;1;2;1;1