Num_Acc;id_vehicule;catv;obs;obsm;choc;manv;motor
202200013779;789 539;7;6;0;2;2;1
202200013780;789 536;10;0;2;2;0;1
202200013780;789 538;7;0;2;3;1;1
202200013781;789 535;7;0;2;6;11;1
202200013781;789 537;33;0;2;1;3;1
202200013781;789 540;7;0;2;6;1;1
202200013782;789 533;33;0;2;1;3;1
202200013782;789 534;7;0;2;4;1;1
202200013783;789 532;7;13;0;3;1;1
202200013784;789 530;7;0;2;7;12;1
202200013784;789 531;33;0;2;8;3;1
202200013785;789 528;7;0;1;1;16;1
202200013786;789 529;7;0;1;2;1;1
202200013787;789 525;7;0;1;2;0;1
202200013788;789 526;10;0;1;2;17;0
202200013789;789 522;7;0;2;1;1;1
202200013789;789 524;7;0;2;4;23;1
202200013790;789 521;31;0;2;3;13;1
202200013790;789 523;7;0;2;2;1;1
202200013791;789 520;7;0;1;1;1;1
202200013792;789 516;10;0;2;8;9;1
202200013792;789 518;34;0;2;8;1;1
202200013793;789 517;7;0;2;8;15;1
202200013793;789 519;31;0;2;1;17;1
202200013794;789 514;1;0;2;4;1;5
202200013794;789 515;7;0;2;1;1;1
202200013795;789 510;7;0;2;1;2;1
202200013795;789 512;3;0;2;4;2;1
202200013796;789 511;7;0;2;3;1;1
202200013796;789 513;7;0;2;2;14;1
202200013797;789 508;7;0;2;1;1;1
202200013797;789 509;7;0;2;4;1;2
202200013798;789 506;33;0;2;1;17;1
202200013798;789 507;7;0;2;3;10;1
202200013799;789 504;7;0;2;1;13;1
202200013799;789 505;7;0;2;1;1;1
202200013800;789 501;7;0;2;5;26;1
202200013800;789 503;7;0;2;3;21;1
202200013801;789 499;7;0;1;1;26;1
202200013802;789 500;37;0;2;1;7;2
202200013802;789 502;1;0;2;4;14;5
202200013803;789 496;7;0;1;1;17;1
202200013804;789 495;80;0;2;5;13;3
202200013804;789 497;30;1;2;2;17;3
202200013805;789 492;7;0;2;4;24;1
202200013805;789 494;30;0;2;1;13;3
202200013806;789 493;7;6;0;1;26;1
202200013807;789 490;7;8;0;7;0;1
202200013808;789 488;33;1;0;2;17;1
202200013809;789 489;7;0;2;3;15;1
202200013809;789 491;1;0;2;1;1;5
202200013810;789 483;7;0;2;3;1;2
202200013810;789 485;1;0;2;2;1;5
202200013811;789 482;10;0;0;5;2;1
202200013811;789 484;1;0;2;1;2;5
202200013812;789 481;30;0;1;7;1;1
202200013813;789 479;7;0;2;3;1;1
202200013813;789 480;31;0;2;3;16;1
202200013814;789 478;7;8;0;1;0;1
202200013815;789 475;7;0;2;3;1;1
202200013815;789 477;2;0;2;1;1;1
202200013816;789 472;7;0;2;6;15;1
202200013816;789 473;2;0;2;1;17;1
202200013817;789 474;7;0;2;1;15;1
202200013817;789 476;30;0;2;3;1;0
202200013818;789 471;32;13;0;2;15;1
202200013819;789 470;2;0;9;1;21;1
202200013820;789 468;33;3;2;2;18;1
202200013820;789 469;7;0;2;2;16;1
202200013821;789 467;7;0;1;3;16;1
202200013822;789 464;33;0;2;1;21;1
202200013822;789 466;7;0;2;4;1;1
202200013823;789 462;10;0;1;1;15;1
202200013824;789 463;7;0;2;4;24;1
202200013824;789 465;7;1;2;1;21;1
202200013825;789 460;1;0;2;7;1;5
202200013825;789 461;7;0;2;1;9;3
202200013826;789 455;7;0;2;1;2;1
202200013826;789 456;10;0;2;4;1;1
202200013826;789 457;7;0;2;4;1;1
202200013826;789 458;7;4;2;4;1;1
202200013827;789 452;37;0;2;7;1;1
202200013827;789 453;7;0;1;1;5;1
202200013828;789 454;7;6;2;2;0;1
202200013828;789 459;7;0;2;3;2;1
202200013829;789 451;3;0;1;1;16;1
202200013830;789 448;7;0;2;6;26;1
202200013830;789 449;1;0;2;1;26;5
202200013831;789 450;7;0;1;2;1;1
202200013832;789 445;7;0;2;1;1;1
202200013832;789 447;7;0;2;1;23;1
202200013833;789 442;30;0;2;2;1;1
202200013833;789 444;7;0;2;6;16;1
202200013834;789 443;10;0;2;2;17;0
202200013834;789 446;7;1;0;8;12;1
202200013835;789 440;1;0;2;4;1;5
202200013835;789 441;7;0;2;1;1;1
202200013836;789 437;7;0;2;1;1;1
202200013836;789 438;7;0;2;6;1;2
202200013837;789 435;7;0;2;3;1;1
202200013837;789 436;7;0;2;2;10;1
202200013838;789 439;2;0;1;1;2;0
202200013839;789 433;50;0;2;1;5;3
202200013839;789 434;7;0;2;3;15;1
202200013840;789 430;32;0;2;1;1;1
202200013840;789 432;10;0;2;8;1;1
202200013841;789 427;7;0;2;3;15;1
202200013841;789 429;33;0;2;1;1;1
202200013842;789 428;14;0;2;2;14;1
202200013842;789 431;7;0;2;6;1;1
202200013843;789 424;34;0;2;1;1;1
202200013843;789 426;7;0;2;7;1;1
202200013844;789 421;30;0;2;7;1;1
202200013844;789 423;7;0;2;1;19;1
202200013845;789 422;2;0;2;2;3;1
202200013845;789 425;7;0;2;6;0;0
202200013846;789 420;32;16;0;0;1;1
202200013847;789 416;2;0;2;1;0;1
202200013847;789 419;7;0;2;1;0;1
202200013848;789 414;7;0;2;3;0;1
202200013848;789 415;7;0;2;2;1;1
202200013848;789 417;7;0;2;2;2;1
202200013848;789 418;7;0;0;0;2;1
202200013849;789 411;7;15;2;3;16;1
202200013849;789 413;7;0;2;1;1;1
202200013850;789 410;7;0;2;8;15;1
202200013850;789 412;33;0;2;1;17;1
202200013851;789 406;7;0;2;0;17;0
202200013851;789 407;7;0;2;5;1;1
202200013851;789 409;7;0;2;2;1;1
202200013852;789 405;7;0;2;6;24;1
202200013852;789 408;2;1;0;1;26;3
202200013853;789 403;7;0;2;1;17;1
202200013853;789 404;33;0;2;1;1;1
202200013854;789 402;7;1;0;1;14;1
202200013855;789 400;10;0;2;1;9;1
202200013855;789 401;7;0;2;4;9;1
202200013856;789 398;7;0;1;2;1;1
202200013857;789 395;7;0;2;8;26;0
202200013857;789 396;30;0;2;7;0;0
202200013858;789 397;7;0;2;2;2;1
202200013858;789 399;7;0;2;1;19;1
202200013859;789 393;17;15;0;5;1;1
202200013860;789 392;30;0;2;1;1;1
202200013860;789 394;7;0;2;2;0;1
202200013861;789 390;7;-1;2;8;0;-1
202200013861;789 391;2;0;2;8;26;1
202200013862;789 388;7;0;2;4;1;1
202200013862;789 389;33;0;2;1;1;1
202200013863;789 386;10;0;1;2;1;1
202200013864;789 385;33;0;2;2;1;1
202200013864;789 387;7;0;2;2;15;1
202200013865;789 383;7;0;2;1;2;1
202200013865;789 384;7;0;2;4;2;1
202200013866;789 380;7;0;2;3;13;1
202200013866;789 381;37;0;2;6;23;2
202200013867;789 378;7;0;1;2;1;1
202200013868;789 377;7;0;1;1;1;0
202200013869;789 379;7;0;2;1;1;1
202200013869;789 382;15;0;2;4;2;1
202200013870;789 375;7;0;2;4;23;1
202200013870;789 376;7;0;2;2;2;1
202200013871;789 373;1;0;2;1;1;5
202200013871;789 374;10;0;2;6;24;1
202200013872;789 372;80;1;0;1;1;3
202200013873;789 368;33;0;2;1;1;1
202200013873;789 370;7;0;2;1;15;1
202200013874;789 369;7;0;2;3;19;1
202200013874;789 371;10;0;2;2;1;1
202200013875;789 366;7;0;2;6;23;2
202200013875;789 367;30;0;2;2;2;3
202200013876;789 364;80;0;1;1;1;3
202200013877;789 362;32;0;2;2;1;1
202200013877;789 363;7;0;2;0;0;1
202200013878;789 365;1;0;0;0;2;5
202200013879;789 360;32;1;2;1;1;1
202200013879;789 361;7;1;2;1;1;1
202200013880;789 357;33;4;2;1;2;1
202200013880;789 358;10;4;0;4;23;1
202200013881;789 359;80;14;0;0;1;3
202200013882;789 355;7;0;2;1;1;1
202200013882;789 356;30;0;2;8;1;1
202200013883;789 354;42;0;1;1;1;1
202200013884;789 352;33;0;2;7;2;1
202200013884;789 353;10;0;2;3;10;1
202200013885;789 350;37;0;2;1;1;1
202200013885;789 351;7;0;2;8;26;1
202200013886;789 349;7;1;0;1;1;1
202200013887;789 347;7;0;2;1;1;1
202200013887;789 348;7;0;2;7;15;1
202200013888;789 345;7;0;2;5;23;1
202200013888;789 346;30;0;2;3;2;1
202200013889;789 342;7;0;2;1;1;1
202200013889;789 344;7;0;2;1;16;1
202200013890;789 339;10;0;2;3;15;1
202200013890;789 340;32;0;2;1;17;1
202200013891;789 341;7;0;2;1;1;1
202200013891;789 343;13;0;2;2;1;1
202200013892;789 337;7;0;2;7;16;1
202200013892;789 338;33;0;2;1;26;1
202200013893;789 335;7;0;9;3;13;0
202200013893;789 336;1;0;2;7;17;5
202200013894;789 334;7;0;0;9;1;1
202200013895;789 332;7;0;0;4;2;1
202200013895;789 333;7;0;2;1;2;1
202200013896;789 331;7;0;1;4;26;1
202200013897;789 329;30;0;2;7;1;1
202200013897;789 330;10;0;0;0;0;6
202200013898;789 326;7;0;2;1;2;2
202200013898;789 327;33;0;2;4;23;1
202200013899;789 325;7;0;0;0;26;1
202200013899;789 328;7;4;0;9;21;1
202200013900;789 323;7;0;2;3;26;0
202200013900;789 324;33;0;2;5;0;1
202200013901;789 318;7;0;0;6;15;1
202200013901;789 320;33;0;2;1;17;1
202200013902;789 314;7;0;2;1;2;1
202200013902;789 315;7;0;0;4;2;1
202200013902;789 316;7;0;2;2;17;1
202200013902;789 317;7;3;2;6;13;1
202200013902;789 319;7;0;2;1;2;1
202200013902;789 321;7;0;0;4;23;1
202200013902;789 322;7;0;2;1;2;1
202200013903;789 311;2;0;2;1;15;1
202200013903;789 312;7;0;2;1;1;1
202200013904;789 310;7;0;1;2;2;1
202200013905;789 309;1;0;2;8;15;5
202200013905;789 313;7;0;2;2;15;1
202200013906;789 307;1;0;2;1;13;5
202200013906;789 308;7;0;9;3;1;1
202200013907;789 306;7;0;1;2;1;1
202200013908;789 305;7;0;1;1;1;1
202200013909;789 304;7;0;1;1;1;1
202200013910;789 302;7;13;0;1;1;1
202200013911;789 299;7;0;2;3;9;1
202200013911;789 300;1;0;2;1;21;5
202200013912;789 301;3;0;2;3;5;1
202200013912;789 303;7;0;2;3;1;1
202200013913;789 297;7;0;2;1;1;1
202200013913;789 298;7;0;0;4;15;1
202200013914;789 294;7;0;2;1;13;1
202200013914;789 295;7;0;2;3;1;1
202200013915;789 293;7;2;0;1;1;1
202200013916;789 292;7;0;0;1;0;1
202200013917;789 290;7;0;2;1;1;1
202200013917;789 296;3;0;2;3;16;1
202200013918;789 289;15;0;2;1;1;1
202200013918;789 291;7;0;2;8;1;1
202200013919;789 287;7;2;0;1;1;1
202200013920;789 288;7;13;0;1;13;1
202200013921;789 286;33;0;1;8;1;1
202200013922;789 285;7;0;1;1;0;1
202200013923;789 283;2;0;2;1;1;1
202200013923;789 284;7;0;2;5;26;1
202200013924;789 282;33;0;0;2;0;1
202200013925;789 280;7;13;0;3;1;1
202200013926;789 281;7;2;0;3;13;1
202200013927;789 278;7;0;2;1;2;1
202200013927;789 279;1;0;2;4;2;5
202200013928;789 276;1;0;2;1;1;5
202200013928;789 277;13;0;2;3;15;1
202200013929;789 274;2;0;2;7;1;1
202200013929;789 275;7;0;2;1;19;1
202200013930;789 273;7;13;0;1;13;1
202200013931;789 272;7;9;1;3;1;1
202200013932;789 271;7;1;0;1;13;2
202200013933;789 270;7;0;1;2;1;1
202200013934;789 269;7;2;0;1;16;1
202200013935;789 267;7;0;1;3;1;1
202200013936;789 266;7;0;2;3;15;3
202200013936;789 268;33;0;2;1;1;1
202200013937;789 265;7;3;0;1;1;1
202200013938;789 262;7;0;2;1;23;3
202200013938;789 264;15;1;0;5;26;1
202200013939;789 261;10;0;9;1;1;1
202200013939;789 263;1;0;2;1;1;5
202200013940;789 260;10;8;0;1;1;1
202200013941;789 258;2;0;2;1;1;1
202200013941;789 259;10;0;2;4;23;1
202200013942;789 256;7;0;2;1;1;1
202200013942;789 257;7;0;2;2;13;1
202200013943;789 255;7;2;0;1;1;1
202200013944;789 254;10;4;0;3;1;1
202200013945;789 252;1;0;2;8;2;5
202200013945;789 253;7;0;2;7;13;1
202200013946;789 250;80;0;2;1;1;3
202200013946;789 251;7;0;9;2;9;1
202200013947;789 249;36;6;0;1;1;0
202200013948;789 246;10;0;0;6;1;1
202200013948;789 247;33;0;2;1;1;1
202200013949;789 245;33;6;0;8;0;1
202200013950;789 244;17;0;2;5;24;1
202200013950;789 248;7;1;0;1;1;1
202200013951;789 242;7;0;2;1;1;1
202200013951;789 243;2;0;2;1;13;1
202200013952;789 239;7;14;9;1;1;6
202200013953;789 237;7;0;2;6;11;1
202200013953;789 241;33;0;2;2;1;1
202200013954;789 234;7;0;2;6;21;3
202200013954;789 235;7;4;2;4;1;1
202200013954;789 236;7;4;2;4;0;1
202200013954;789 238;10;0;2;4;2;1
202200013954;789 240;10;0;2;1;0;1
202200013955;789 232;7;13;0;3;13;1
202200013956;789 230;7;0;2;1;1;1
202200013956;789 233;7;15;0;3;1;1
202200013957;789 227;7;0;2;1;2;2
202200013957;789 228;7;0;2;4;2;1
202200013957;789 229;10;0;2;1;2;1
202200013957;789 231;7;0;2;1;2;1
202200013958;789 224;7;0;2;1;1;1
202200013958;789 226;7;0;2;4;2;1
202200013959;789 222;7;0;0;4;26;1
202200013960;789 219;32;0;2;7;3;1
202200013960;789 221;33;0;2;8;11;1
202200013961;789 220;33;0;6;1;1;1
202200013962;789 217;33;0;2;7;3;1
202200013962;789 218;7;0;2;8;17;1
202200013963;789 216;7;0;1;2;1;1
202200013964;789 215;80;0;1;5;2;3
202200013965;789 214;33;17;0;1;1;1
202200013966;789 211;33;0;2;1;19;1
202200013966;789 212;15;0;2;2;19;1
202200013967;789 209;7;0;2;3;1;1
202200013967;789 213;7;0;2;3;15;1
202200013968;789 210;10;3;0;7;14;1
202200013969;789 207;31;0;2;1;0;0
202200013969;789 208;50;0;2;1;0;3
202200013970;789 204;7;0;2;1;9;1
202200013970;789 206;37;0;2;7;1;1
202200013971;789 203;17;0;0;6;1;1
202200013971;789 205;7;0;2;2;3;1
202200013972;789 202;0;0;1;0;1;0
202200013973;789 199;14;0;0;6;1;1
202200013973;789 201;7;3;1;1;1;1
202200013974;789 198;7;0;2;3;1;1
202200013974;789 200;32;0;2;1;0;1
202200013975;789 197;7;0;0;0;0;1
202200013976;789 194;7;0;2;1;2;1
202200013976;789 195;7;0;2;4;2;1
202200013976;789 196;7;0;2;4;2;1
202200013977;789 191;7;0;2;8;9;1
202200013977;789 193;37;0;2;3;1;1
202200013978;789 192;37;0;1;2;14;1
202200013979;789 189;7;16;0;6;11;1
202200013979;789 190;7;0;2;2;17;1
202200013980;789 186;1;14;2;4;2;5
202200013980;789 188;7;0;9;1;2;1
202200013981;789 185;7;0;2;3;26;3
202200013981;789 187;50;0;2;0;6;3
202200013982;789 183;99;0;0;0;2;6
202200013983;789 180;31;5;0;1;13;1
202200013984;789 179;7;0;2;2;7;2
202200013984;789 182;7;0;2;3;9;1
202200013985;789 181;7;0;1;2;15;1
202200013986;789 174;30;0;2;7;17;1
202200013986;789 177;7;0;2;8;19;1
202200013987;789 175;33;0;2;1;1;1
202200013987;789 178;7;0;2;2;19;1
202200013988;789 173;10;0;2;1;1;1
202200013988;789 176;7;0;2;3;15;1
202200013989;789 171;7;0;1;1;1;0
202200013990;789 168;1;0;0;0;0;5
202200013991;789 167;10;0;2;4;23;1
202200013991;789 169;7;0;2;6;23;1
202200013991;789 172;7;0;2;2;17;1
202200013992;789 165;7;0;2;1;11;1
202200013992;789 166;3;0;2;3;1;1
202200013992;789 170;15;0;2;3;1;1
202200013993;789 161;7;0;1;2;16;1
202200013994;789 160;50;1;2;8;19;3
202200013994;789 163;7;1;2;1;1;1
202200013995;789 159;7;13;0;1;1;2
202200013996;789 158;7;0;1;1;26;1
202200013997;789 155;14;0;2;7;0;1
202200013997;789 157;7;0;2;8;0;1
202200013998;789 156;7;0;1;2;16;1
202200013999;789 153;7;0;1;3;1;1
202200014000;789 152;7;0;2;1;2;1
202200014000;789 154;7;0;2;4;1;1
202200014001;789 149;7;4;0;2;1;1
202200014002;789 150;7;0;1;1;1;1
202200014003;789 148;2;0;2;8;1;1
202200014003;789 151;2;0;2;7;14;0
202200014004;789 147;7;0;1;1;1;1
202200014005;789 144;7;0;2;2;1;1
202200014005;789 146;7;0;2;3;1;3
202200014006;789 143;7;0;2;3;15;1
202200014006;789 145;1;0;2;1;1;5
202200014007;789 141;33;0;2;2;15;1
202200014007;789 142;32;0;2;1;1;0
202200014008;789 139;7;0;2;4;2;1
202200014008;789 140;33;0;2;1;2;1
202200014009;789 136;50;0;2;1;25;3
202200014009;789 138;10;0;2;1;16;1
202200014010;789 133;7;0;2;1;2;1
202200014010;789 135;7;0;2;4;2;1
202200014010;789 137;7;0;2;4;2;1
202200014011;789 128;10;0;2;0;0;0
202200014011;789 131;7;0;2;6;11;1
202200014011;789 134;7;0;2;7;1;1
202200014012;789 129;7;0;0;1;1;1
202200014012;789 132;1;0;2;1;15;5
202200014013;789 127;7;0;2;3;26;1
202200014013;789 130;33;0;2;3;1;1
202200014014;789 126;7;0;0;1;13;1
202200014015;789 123;30;0;2;1;0;1
202200014015;789 125;7;0;2;3;15;1
202200014016;789 122;7;0;2;4;2;1
202200014016;789 124;31;0;2;4;2;1
202200014017;789 118;7;0;2;4;2;1
202200014017;789 119;7;0;2;1;2;1
202200014017;789 121;7;0;2;1;2;1
202200014018;789 117;32;0;2;2;2;1
202200014018;789 120;7;0;2;6;0;2
202200014019;789 111;43;0;2;1;1;1
202200014019;789 114;7;0;2;1;1;1
202200014020;789 112;7;0;2;1;2;1
202200014020;789 113;7;0;2;4;2;1
202200014020;789 116;7;0;2;4;2;1
202200014021;789 109;7;0;2;1;1;1
202200014021;789 110;7;0;2;4;0;1
202200014021;789 115;7;0;2;4;1;1
202200014022;789 107;7;0;2;4;23;1
202200014022;789 108;7;0;2;1;2;1
202200014023;789 104;7;0;2;4;2;1
202200014023;789 105;7;0;2;1;2;1
202200014024;789 103;7;0;2;8;1;1
202200014024;789 106;7;0;2;1;1;1
202200014025;789 101;7;3;0;2;14;1
202200014026;789 100;7;0;0;2;2;1
202200014026;789 102;1;1;0;4;2;5
202200014027;789 094;1;0;2;0;16;5
202200014027;789 098;7;0;2;0;9;1
202200014028;789 093;7;6;0;2;1;1
202200014029;789 089;7;13;0;2;1;1
202200014030;789 088;7;0;1;3;1;1
202200014031;789 085;33;13;0;1;1;1
202200014032;789 084;1;0;2;3;1;5
202200014032;789 086;7;0;2;1;15;1
202200014033;789 083;7;0;2;1;1;1
202200014033;789 087;7;0;2;7;15;2
202200014034;789 077;7;4;2;5;1;1
202200014034;789 080;7;0;2;8;1;1
202200014034;789 082;7;4;2;3;12;1
202200014035;789 076;7;0;2;1;1;1
202200014035;789 079;7;0;2;2;26;1
202200014036;789 075;7;0;2;1;2;1
202200014036;789 078;7;0;0;4;23;1
202200014036;789 081;7;0;2;4;23;1
202200014037;789 072;7;0;1;1;15;1
202200014038;789 071;7;0;0;3;15;1
202200014038;789 073;2;0;2;1;17;1
202200014039;789 069;7;13;0;1;1;1
202200014040;789 067;7;0;2;8;15;1
202200014040;789 070;33;0;2;1;1;0
202200014041;789 063;7;12;0;1;26;1
202200014042;789 062;7;16;0;3;23;1
202200014042;789 065;33;16;2;8;1;1
202200014043;789 061;1;0;2;1;16;5
202200014043;789 064;10;0;2;3;1;1
202200014044;789 059;7;14;0;1;2;1
202200014045;789 058;7;0;2;5;0;1
202200014045;789 060;30;1;2;1;1;1
202200014046;789 055;7;0;1;2;26;1
202200014046;789 057;7;0;2;1;1;0
202200014047;789 053;7;0;2;8;19;1
202200014047;789 056;33;0;2;1;1;1
202200014048;789 052;7;0;2;3;15;1
202200014048;789 054;7;0;2;2;1;1
202200014049;789 049;10;0;2;1;0;6
202200014049;789 051;7;0;2;1;26;0
202200014050;789 047;33;0;2;3;9;1
202200014050;789 050;7;1;0;3;0;0
202200014051;789 048;33;0;0;8;15;1
202200014052;789 046;7;9;0;1;1;1
202200014053;789 041;7;9;2;7;1;2
202200014053;789 044;7;9;2;1;1;1
202200014054;789 042;7;0;2;1;1;2
202200014054;789 043;10;0;2;8;9;1
202200014055;789 037;1;0;2;1;19;5
202200014055;789 038;7;0;2;7;1;1
202200014056;789 035;2;0;1;1;1;1
202200014057;789 034;2;12;0;2;14;1
202200014058;789 033;7;0;2;2;1;1
202200014058;789 036;2;0;2;1;26;1
202200014059;789 030;30;0;2;4;2;1
202200014059;789 032;30;0;2;1;2;1
202200014060;789 028;32;0;1;0;16;0
202200014061;789 029;1;0;2;0;19;5
202200014061;789 031;7;0;2;4;4;1
202200014062;789 023;30;0;2;8;18;1
202200014062;789 027;7;0;9;2;9;1
202200014063;789 022;7;0;2;1;1;1
202200014063;789 024;7;0;2;4;1;1
202200014063;789 026;7;0;2;4;1;1
202200014064;789 021;7;0;2;7;15;1
202200014064;789 025;33;0;2;1;1;1
202200014065;789 017;33;12;0;1;1;1
202200014066;789 019;30;0;2;7;1;1
202200014066;789 020;7;0;2;3;11;1
202200014067;789 016;10;0;2;8;9;1
202200014067;789 018;33;0;2;1;1;0
202200014068;789 015;30;0;0;0;0;1
202200014069;789 013;10;1;0;4;2;1
202200014069;789 014;33;1;0;4;9;1
202200014070;789 011;7;0;1;1;1;1
202200014071;789 009;7;0;2;7;2;1
202200014071;789 012;7;0;2;1;9;1
202200014072;789 007;7;0;2;6;9;3
202200014072;789 010;33;0;2;1;0;1
202200014073;789 006;10;0;2;3;0;1
202200014073;789 008;30;0;2;3;17;1
202200014074;789 003;7;0;2;2;15;1
202200014074;789 005;32;0;2;1;1;1
202200014075;789 000;7;0;2;3;1;1
202200014075;789 001;7;0;2;3;13;1
202200014076;789 002;7;0;2;6;1;1
202200014076;789 004;30;0;2;1;13;1
202200014077;788 998;3;0;2;3;1;0
202200014077;788 999;3;0;2;3;1;0
202200014078;788 996;33;12;2;1;1;1
202200014078;788 997;7;12;2;2;15;1
202200014079;788 995;37;0;1;2;16;0
202200014080;788 993;7;0;2;1;15;1
202200014080;788 994;7;0;2;1;1;1
202200014081;788 990;7;0;9;1;9;1
202200014081;788 992;1;0;2;7;1;5
202200014082;788 991;99;3;5;1;14;1
202200014083;788 988;7;0;2;6;19;1
202200014083;788 989;7;0;2;1;0;1
202200014084;788 986;30;5;0;3;13;1
202200014085;788 983;33;0;2;3;2;1
202200014085;788 985;7;0;2;3;1;1
202200014085;788 987;7;0;2;3;17;1
202200014086;788 982;7;0;2;7;1;1
202200014086;788 984;50;0;2;2;1;3
202200014087;788 981;1;0;1;9;21;5
202200014088;788 977;7;0;1;1;23;1
202200014088;788 979;7;0;2;1;2;1
202200014089;788 976;7;0;2;4;23;3
202200014089;788 978;7;0;2;1;2;1
202200014090;788 973;7;0;2;1;17;1
202200014090;788 975;7;0;2;1;1;1
202200014091;788 972;7;0;2;1;14;3
202200014091;788 974;1;0;2;4;1;5
202200014092;788 970;7;8;0;9;1;1
202200014093;788 969;33;0;2;1;1;1
202200014093;788 971;1;0;2;7;19;5
202200014094;788 967;30;0;2;1;2;3
202200014094;788 968;7;0;2;5;4;2
202200014095;788 965;7;0;1;1;9;1
202200014096;788 962;7;0;2;1;2;1
202200014096;788 964;7;0;2;4;2;1
202200014096;788 966;7;0;2;4;2;2
202200014097;788 960;50;0;2;8;1;3
202200014097;788 963;7;0;2;3;1;1
202200014098;788 956;7;8;0;1;13;1
202200014099;788 954;7;0;0;0;0;1
202200014099;788 957;1;0;2;0;21;5
202200014100;788 953;7;0;2;5;23;1
202200014100;788 955;7;0;2;3;21;1
202200014100;788 958;7;0;2;1;2;1
202200014101;788 949;50;0;2;0;1;3
202200014101;788 951;7;0;2;8;1;1
202200014102;788 952;80;0;0;1;1;3
202200014103;788 948;32;0;2;1;1;1
202200014103;788 950;10;0;2;3;15;1
202200014104;788 945;7;0;2;4;2;1
202200014104;788 947;7;0;2;1;2;1
202200014105;788 943;1;0;1;2;1;5
202200014106;788 944;1;0;2;4;2;5
202200014106;788 946;1;0;2;1;2;5
202200014107;788 941;7;0;2;3;15;1
202200014107;788 942;33;0;2;7;17;1
202200014108;788 939;34;0;2;1;1;1
202200014108;788 940;1;0;2;8;1;5
202200014109;788 937;7;0;2;8;9;1
202200014109;788 938;33;0;2;7;1;1
202200014110;788 936;7;0;1;2;1;1
202200014111;788 934;7;0;2;6;19;1
202200014111;788 935;2;0;2;1;1;1
202200014112;788 932;32;0;2;1;1;1
202200014112;788 933;10;0;2;8;1;1
202200014113;788 930;31;12;0;0;26;1
202200014113;788 931;7;0;0;2;26;1
202200014114;788 927;7;0;2;4;23;2
202200014114;788 929;7;0;2;4;2;1
202200014115;788 926;32;0;2;5;26;1
202200014115;788 928;7;0;2;3;15;1
202200014116;788 923;2;0;2;8;1;1
202200014116;788 925;7;0;2;3;15;1
202200014117;788 922;2;0;2;7;1;1
202200014117;788 924;7;0;2;1;15;1
202200014118;788 921;7;0;1;3;12;2
202200014119;788 919;7;0;2;1;2;1
202200014119;788 920;7;0;2;4;2;1
202200014120;788 918;7;0;1;1;1;3
202200014121;788 917;31;0;1;1;1;1
202200014122;788 915;7;0;2;1;9;1
202200014122;788 916;1;0;2;0;1;5
202200014123;788 913;7;0;2;1;16;1
202200014123;788 914;1;0;2;7;1;5
202200014124;788 911;7;0;2;1;13;1
202200014124;788 912;7;0;2;1;1;1
202200014125;788 910;1;8;0;7;25;5
202200014126;788 908;7;0;2;1;15;1
202200014126;788 909;33;0;2;0;0;1
202200014127;788 906;1;0;2;1;2;5
202200014127;788 907;1;0;2;4;2;5
202200014128;788 904;7;0;2;3;13;1
202200014128;788 905;7;0;2;3;1;1
202200014129;788 901;1;0;2;7;23;5
202200014129;788 903;1;0;2;8;14;5
202200014130;788 900;7;0;2;8;1;1
202200014130;788 902;7;0;2;1;15;1
202200014131;788 899;1;0;0;0;5;5
202200014132;788 898;7;0;1;4;26;1
202200014133;788 897;7;0;1;1;1;1
202200014134;788 895;7;0;2;1;1;1
202200014134;788 896;31;0;2;0;1;1
202200014135;788 894;7;0;1;2;19;1
202200014136;788 891;2;0;2;2;17;1
202200014136;788 892;7;0;2;0;0;1
202200014137;788 890;32;0;2;1;1;1
202200014137;788 893;7;0;2;5;15;1
202200014138;788 887;7;0;2;3;20;1
202200014138;788 889;50;0;2;1;1;3
202200014139;788 886;7;0;2;1;1;1
202200014139;788 888;33;0;2;3;1;1
202200014140;788 884;7;6;0;0;26;1
202200014141;788 883;7;0;2;2;2;1
202200014141;788 885;7;0;2;5;20;1
202200014142;788 881;31;0;0;3;18;1
202200014143;788 880;33;0;2;0;1;1
202200014143;788 882;7;0;0;0;15;1
202200014144;788 877;50;9;2;1;19;3
202200014144;788 879;7;0;2;1;0;1
202200014145;788 873;10;1;0;6;14;1
202200014145;788 875;7;1;0;2;14;1
202200014146;788 874;7;0;1;3;1;1
202200014147;788 872;31;8;0;9;1;1
202200014148;788 870;7;0;2;0;0;1
202200014148;788 871;33;0;2;0;0;1
202200014149;788 868;7;0;2;3;1;1
202200014149;788 869;7;-1;2;-1;0;-1
202200014150;788 867;43;0;1;1;1;1
202200014151;788 865;10;0;2;1;19;1
202200014151;788 866;1;0;2;8;19;5
202200014152;788 864;7;0;1;3;1;1
202200014153;788 863;7;0;1;8;1;1
202200014154;788 862;7;0;1;0;26;1
202200014155;788 860;7;0;2;3;15;1
202200014155;788 861;34;0;2;3;1;1
202200014156;788 859;31;0;0;7;1;1
202200014157;788 856;7;0;2;1;1;1
202200014157;788 858;7;0;2;4;1;1
202200014158;788 855;7;0;2;3;19;0
202200014158;788 857;7;0;2;1;26;1
202200014159;788 853;30;0;2;8;1;3
202200014159;788 854;7;0;2;1;1;2
202200014160;788 850;1;0;9;7;1;5
202200014160;788 852;50;0;9;1;9;3
202200014161;788 851;43;0;1;1;1;1
202200014162;788 847;7;0;2;2;1;1
202200014162;788 849;31;0;2;1;9;1
202200014163;788 848;7;0;1;4;4;2
202200014164;788 844;32;0;2;2;1;1
202200014164;788 846;7;0;2;3;10;1
202200014165;788 843;10;0;2;7;15;1
202200014165;788 845;80;0;2;1;1;3
202200014166;788 841;32;0;2;1;1;1
202200014166;788 842;10;0;2;4;1;1