Num_Acc;id_vehicule;catv;obs;obsm;choc;manv;motor
202200015741;786 034;1;0;2;1;1;5
202200015741;786 035;10;0;2;5;16;1
202200015742;786 031;7;0;2;1;1;1
202200015742;786 033;7;0;2;5;1;1
202200015743;786 029;7;0;2;1;2;1
202200015743;786 030;7;0;2;5;2;1
202200015743;786 032;10;0;2;9;12;1
202200015744;786 028;7;0;1;1;1;1
202200015745;786 027;7;1;0;2;1;1
202200015746;786 026;7;0;0;0;26;1
202200015747;786 023;37;0;0;7;1;2
202200015747;786 025;7;0;2;1;26;1
202200015748;786 022;10;0;2;6;1;1
202200015748;786 024;7;0;2;1;1;1
202200015749;786 020;7;0;2;1;2;1
202200015749;786 021;7;0;2;4;26;1
202200015750;786 019;50;0;0;0;1;3
202200015751;786 017;7;0;2;5;16;2
202200015751;786 018;1;0;2;1;1;5
202200015752;786 016;7;0;0;9;0;1
202200015753;786 014;33;0;2;3;1;1
202200015753;786 015;17;0;2;3;13;1
202200015754;786 013;17;3;0;2;14;1
202200015755;786 011;7;0;2;3;1;1
202200015755;786 012;2;0;2;1;15;1
202200015756;786 010;10;8;0;1;15;1
202200015757;786 009;7;13;0;9;14;1
202200015758;786 006;1;0;2;1;2;5
202200015758;786 007;1;0;2;1;2;5
202200015758;786 008;7;0;9;6;1;1
202200015759;786 005;21;2;0;1;1;0
202200015760;786 004;33;15;0;1;1;1
202200015761;786 001;7;0;0;4;15;1
202200015761;786 002;33;0;2;4;1;1
202200015761;786 003;7;0;2;1;2;1
202200015762;786 000;7;2;0;1;14;1
202200015763;785 998;1;0;2;7;21;5
202200015763;785 999;7;0;2;3;19;1
202200015764;785 996;7;0;0;3;10;1
202200015764;785 997;7;0;2;1;1;1
202200015765;785 994;7;0;2;8;15;1
202200015765;785 995;31;0;2;8;1;1
202200015766;785 991;7;0;2;3;1;1
202200015766;785 992;33;0;2;1;1;1
202200015766;785 993;7;0;2;8;9;1
202200015767;785 990;7;16;0;1;1;1
202200015768;785 989;7;0;1;2;1;1
202200015769;785 987;33;0;2;1;1;1
202200015769;785 988;7;0;2;3;16;1
202200015770;785 986;33;17;0;1;13;1
202200015771;785 984;7;0;2;3;1;1
202200015771;785 985;7;0;2;3;13;1
202200015772;785 982;21;0;2;8;15;1
202200015772;785 983;33;0;2;7;17;1
202200015773;785 978;7;2;0;1;1;1
202200015774;785 979;7;0;2;2;17;1
202200015774;785 980;2;0;0;4;15;1
202200015775;785 977;7;7;0;1;13;1
202200015776;785 975;7;0;0;4;15;0
202200015776;785 976;33;0;2;1;1;1
202200015777;785 974;7;0;1;1;15;1
202200015778;785 973;7;0;1;1;1;1
202200015779;785 970;32;0;2;2;5;1
202200015779;785 972;7;0;2;1;1;1
202200015780;785 969;31;0;2;3;17;1
202200015780;785 971;7;0;2;3;15;1
202200015781;785 966;2;0;2;2;15;1
202200015781;785 968;7;0;2;3;9;1
202200015782;785 965;7;0;2;2;1;1
202200015782;785 967;7;0;2;1;19;1
202200015783;785 963;7;0;2;1;1;1
202200015783;785 964;7;2;2;1;15;1
202200015784;785 962;31;0;6;2;1;1
202200015785;785 961;7;0;1;3;15;1
202200015786;785 960;33;13;0;3;0;1
202200015787;785 958;30;0;2;1;1;1
202200015787;785 959;10;0;2;3;15;1
202200015788;785 956;1;0;0;0;1;5
202200015788;785 957;50;0;0;0;17;3
202200015789;785 955;7;0;1;1;15;1
202200015790;785 953;7;0;2;8;15;1
202200015790;785 954;2;0;2;1;1;1
202200015791;785 952;7;0;1;1;15;1
202200015792;785 951;38;8;0;1;14;1
202200015793;785 949;7;0;2;7;15;1
202200015793;785 950;32;0;2;1;1;1
202200015794;785 948;7;4;0;5;2;1
202200015795;785 946;7;0;2;1;15;1
202200015795;785 947;32;0;2;3;1;1
202200015796;785 943;33;0;2;8;1;1
202200015796;785 945;7;0;2;6;14;1
202200015797;785 942;7;0;2;1;1;1
202200015797;785 944;7;0;2;6;1;1
202200015798;785 940;10;0;2;7;0;1
202200015798;785 941;31;0;2;3;9;1
202200015799;785 939;38;0;1;5;15;1
202200015800;785 936;7;0;0;0;0;1
202200015801;785 935;7;0;1;1;16;1
202200015802;785 933;7;0;2;1;13;1
202200015802;785 934;7;0;2;1;1;1
202200015803;785 931;7;0;2;2;1;3
202200015803;785 932;10;0;2;1;0;1
202200015804;785 929;7;0;2;1;1;1
202200015804;785 930;31;0;2;1;13;1
202200015805;785 928;33;11;0;0;0;1
202200015806;785 926;7;9;0;2;16;1
202200015807;785 925;7;0;2;2;1;1
202200015807;785 927;7;0;0;6;12;1
202200015808;785 922;2;0;0;0;1;1
202200015809;785 918;80;0;0;4;26;3
202200015809;785 919;7;0;9;3;26;1
202200015810;785 916;1;0;2;3;19;5
202200015810;785 917;1;0;2;1;1;5
202200015811;785 914;7;0;2;3;15;1
202200015811;785 915;7;0;2;1;1;1
202200015812;785 912;1;0;2;1;1;5
202200015812;785 913;7;0;2;5;15;1
202200015813;785 911;34;1;0;1;1;0
202200015814;785 907;7;0;2;6;1;1
202200015814;785 909;7;0;2;3;1;1
202200015814;785 910;7;0;2;2;1;1
202200015815;785 905;7;0;2;1;1;1
202200015815;785 906;7;0;2;1;1;1
202200015815;785 908;7;0;2;4;1;1
202200015816;785 904;7;4;0;1;1;1
202200015817;785 902;7;0;2;2;19;1
202200015817;785 903;99;0;2;1;1;3
202200015818;785 899;10;0;2;2;2;1
202200015818;785 901;7;0;2;6;1;1
202200015819;785 898;33;0;2;1;1;1
202200015819;785 900;7;0;2;2;1;1
202200015820;785 896;7;6;0;4;26;1
202200015821;785 895;7;1;0;0;24;1
202200015821;785 897;7;0;1;2;1;1
202200015822;785 893;7;14;2;4;2;1
202200015822;785 894;7;0;2;1;2;1
202200015823;785 891;7;0;2;4;2;2
202200015823;785 892;7;0;2;1;2;1
202200015824;785 888;7;0;2;3;1;1
202200015824;785 890;37;0;2;3;1;4
202200015825;785 887;33;0;2;1;2;1
202200015825;785 889;7;0;2;4;2;1
202200015826;785 884;7;0;2;1;1;1
202200015826;785 885;7;0;2;4;2;1
202200015827;785 882;32;0;2;1;1;1
202200015827;785 883;10;0;2;3;10;1
202200015828;785 880;10;0;2;7;1;1
202200015828;785 881;33;0;2;8;3;1
202200015829;785 878;31;0;2;7;1;1
202200015829;785 879;7;0;2;2;15;1
202200015830;785 876;7;0;2;3;9;1
202200015830;785 877;7;0;2;2;1;1
202200015831;785 874;30;0;0;7;1;1
202200015832;785 873;50;0;2;8;9;3
202200015832;785 875;7;0;2;1;9;1
202200015833;785 872;33;8;0;1;18;1
202200015834;785 869;1;0;0;8;26;5
202200015835;785 870;7;0;9;2;1;1
202200015835;785 871;1;0;2;8;1;5
202200015836;785 866;7;0;2;1;15;1
202200015836;785 867;33;0;2;8;16;1
202200015837;785 865;30;0;2;8;5;1
202200015837;785 868;7;0;2;2;1;1
202200015838;785 864;7;3;0;7;2;1
202200015839;785 863;7;0;1;1;0;0
202200015840;785 861;7;0;2;2;1;2
202200015840;785 862;7;0;2;6;0;1
202200015841;785 859;7;0;1;3;16;1
202200015842;785 857;7;0;2;8;1;1
202200015842;785 858;7;0;2;1;1;1
202200015842;785 860;7;0;2;1;23;1
202200015843;785 855;33;0;2;1;21;1
202200015843;785 856;7;0;2;4;2;1
202200015844;785 853;7;0;2;7;1;1
202200015844;785 854;7;0;2;8;20;1
202200015845;785 852;7;10;0;2;14;1
202200015846;785 850;33;0;2;7;17;1
202200015846;785 851;7;0;2;8;15;1
202200015847;785 849;7;13;2;1;17;1
202200015848;785 847;7;0;2;1;1;1
202200015848;785 848;7;0;2;8;9;1
202200015849;785 844;7;0;1;2;16;1
202200015850;785 845;7;0;9;7;1;1
202200015850;785 846;7;0;2;7;0;1
202200015851;785 841;7;0;0;0;0;1
202200015851;785 843;7;0;2;1;1;1
202200015852;785 840;7;0;2;3;20;1
202200015852;785 842;30;2;2;2;17;1
202200015853;785 839;7;6;0;1;1;1
202200015854;785 835;1;0;2;9;26;5
202200015854;785 837;7;0;2;3;15;2
202200015855;785 834;10;0;2;3;1;1
202200015855;785 836;7;0;2;1;1;1
202200015855;785 838;7;0;2;4;23;1
202200015856;785 830;7;0;2;8;15;1
202200015856;785 832;7;0;2;1;2;1
202200015857;785 831;30;0;2;1;1;1
202200015857;785 833;10;0;2;5;23;1
202200015858;785 827;7;0;2;3;2;1
202200015858;785 829;30;0;2;2;12;1
202200015859;785 826;7;0;2;3;1;1
202200015859;785 828;7;0;2;3;13;1
202200015860;785 824;1;0;2;1;1;5
202200015860;785 825;7;0;2;8;22;1
202200015861;785 820;31;0;2;1;1;1
202200015861;785 822;7;0;2;1;1;1
202200015862;785 821;99;0;2;1;1;0
202200015862;785 823;7;0;2;3;1;1
202200015863;785 818;50;0;2;8;15;3
202200015863;785 819;7;0;2;1;15;1
202200015864;785 817;38;10;0;0;0;1
202200015865;785 816;32;16;0;1;1;1
202200015866;785 815;33;8;0;1;1;1
202200015867;785 813;7;0;2;1;17;1
202200015867;785 814;7;3;0;4;1;1
202200015868;785 810;50;0;2;8;1;3
202200015868;785 812;7;0;2;2;16;1
202200015869;785 808;7;0;2;2;0;1
202200015869;785 809;30;0;2;2;17;1
202200015869;785 811;7;0;2;1;0;1
202200015870;785 806;7;-1;-1;-1;-1;-1
202200015871;785 805;7;0;2;5;16;1
202200015871;785 807;1;0;2;8;16;5
202200015872;785 803;7;0;1;1;1;1
202200015873;785 802;7;0;2;6;15;1
202200015873;785 804;31;0;2;1;17;1
202200015874;785 798;80;0;2;8;1;3
202200015874;785 800;80;0;2;1;1;3
202200015874;785 801;7;0;2;3;13;1
202200015875;785 797;31;0;2;1;1;1
202200015875;785 799;7;0;2;1;1;1
202200015876;785 796;7;2;0;1;26;1
202200015877;785 793;32;0;2;1;2;0
202200015877;785 795;7;0;2;4;20;0
202200015878;785 792;7;0;2;1;15;1
202200015878;785 794;1;0;2;8;1;5
202200015879;785 790;10;0;1;1;1;1
202200015880;785 789;1;0;2;1;1;5
202200015880;785 791;99;0;2;2;15;1
202200015881;785 786;31;0;2;0;0;1
202200015881;785 787;34;0;2;1;13;1
202200015882;785 784;32;1;0;2;1;1
202200015883;785 783;10;0;2;4;2;1
202200015883;785 785;7;0;2;4;2;1
202200015883;785 788;7;0;2;1;2;1
202200015884;785 781;7;0;0;3;0;1
202200015884;785 782;7;0;2;1;15;1
202200015885;785 780;7;12;0;1;1;1
202200015886;785 779;7;12;0;1;15;1
202200015887;785 777;10;2;0;1;1;1
202200015888;785 776;7;0;2;1;1;1
202200015888;785 778;10;0;2;1;1;1
202200015889;785 773;33;0;2;3;13;1
202200015889;785 774;7;0;2;6;1;3
202200015889;785 775;7;0;2;5;1;1
202200015890;785 771;1;0;2;4;15;5
202200015890;785 772;1;0;2;1;1;5
202200015891;785 769;7;0;2;1;2;1
202200015891;785 770;37;0;2;4;23;1
202200015892;785 767;7;0;2;3;9;1
202200015892;785 768;1;0;2;1;25;5
202200015893;785 766;38;6;0;1;13;1
202200015894;785 764;43;0;1;1;1;1
202200015895;785 763;1;0;2;1;2;5
202200015895;785 765;7;0;2;4;2;1
202200015896;785 762;7;0;1;1;1;2
202200015897;785 761;7;0;1;1;1;2
202200015898;785 759;1;0;1;1;7;5
202200015899;785 760;7;0;1;2;15;1
202200015900;785 757;1;0;2;1;1;5
202200015900;785 758;7;0;2;8;22;1
202200015901;785 755;1;0;2;3;1;5
202200015901;785 756;7;0;2;2;15;2
202200015902;785 753;43;0;2;1;1;1
202200015902;785 754;7;0;2;3;1;1
202200015903;785 751;10;0;1;8;1;3
202200015904;785 750;33;0;2;1;1;1
202200015904;785 752;7;0;2;5;15;1
202200015905;785 749;10;0;1;1;15;1
202200015906;785 748;33;0;1;1;1;1
202200015907;785 746;1;0;2;1;1;5
202200015907;785 747;7;0;2;3;15;1
202200015908;785 744;7;0;2;8;4;1
202200015908;785 745;7;0;2;2;1;1
202200015909;785 742;60;0;2;7;19;5
202200015909;785 743;7;0;2;1;16;2
202200015910;785 738;80;0;2;2;9;3
202200015910;785 740;7;0;2;1;1;0
202200015911;785 739;7;0;2;3;15;1
202200015911;785 741;30;0;2;5;1;3
202200015912;785 735;7;0;2;3;9;1
202200015912;785 736;7;0;2;2;1;1
202200015912;785 737;2;0;2;7;2;1
202200015913;785 734;50;0;2;0;1;3
202200015914;785 731;7;0;2;5;23;1
202200015914;785 733;50;0;2;1;1;3
202200015915;785 730;32;0;2;1;1;1
202200015915;785 732;7;0;2;4;1;1
202200015916;785 729;10;0;1;6;20;1
202200015917;785 725;33;0;2;1;17;1
202200015917;785 727;7;0;2;3;13;1
202200015918;785 726;7;0;0;0;0;0
202200015918;785 728;30;0;2;0;1;1
202200015919;785 722;1;0;2;2;1;5
202200015919;785 724;32;0;2;1;1;1
202200015920;785 721;7;0;0;6;2;2
202200015920;785 723;43;0;2;1;2;1
202200015921;785 720;1;1;0;1;16;5
202200015922;785 716;7;0;2;0;9;1
202200015922;785 717;30;0;2;2;1;1
202200015923;785 713;33;0;1;3;17;1
202200015924;785 712;7;0;2;3;19;1
202200015924;785 714;7;0;2;2;1;1
202200015925;785 710;7;0;2;3;15;1
202200015925;785 711;32;0;2;1;17;1
202200015926;785 709;7;6;0;1;15;1
202200015927;785 707;7;0;2;1;15;1
202200015927;785 708;33;0;2;8;1;1
202200015928;785 706;33;2;0;0;26;1
202200015929;785 704;99;0;1;2;1;0
202200015930;785 703;7;0;2;1;1;1
202200015930;785 705;7;0;2;3;1;1
202200015931;785 701;7;8;0;3;1;1
202200015931;785 702;7;0;2;1;15;0
202200015932;785 700;7;12;0;2;15;1
202200015933;785 698;7;0;1;2;21;1
202200015934;785 697;7;0;2;1;1;0
202200015934;785 699;37;0;2;3;0;0
202200015935;785 694;7;0;2;0;0;1
202200015935;785 695;7;0;2;0;0;1
202200015935;785 696;7;0;0;0;0;1
202200015936;785 691;7;0;0;4;1;1
202200015936;785 693;43;0;2;1;1;1
202200015937;785 690;7;0;2;3;15;2
202200015937;785 692;10;0;2;4;1;1
202200015938;785 687;42;1;2;1;17;1
202200015938;785 689;7;0;2;3;15;1
202200015939;785 686;7;0;2;3;15;1
202200015939;785 688;33;9;2;1;17;1
202200015940;785 683;10;0;0;4;1;1
202200015940;785 684;7;0;2;1;1;1
202200015941;785 682;1;0;2;1;1;5
202200015941;785 685;7;0;9;1;15;1
202200015942;785 680;7;0;2;1;13;1
202200015942;785 681;7;0;2;3;1;1
202200015943;785 679;7;0;1;3;1;2
202200015944;785 678;7;0;1;1;0;0
202200015945;785 676;7;0;1;2;1;1
202200015946;785 675;50;0;2;0;0;3
202200015946;785 677;7;0;2;6;2;1
202200015947;785 673;1;0;1;8;16;5
202200015948;785 672;10;0;2;7;15;1
202200015948;785 674;7;0;0;3;1;1
202200015949;785 671;50;1;1;1;0;3
202200015950;785 670;10;0;1;6;4;1
202200015951;785 669;7;9;1;1;15;1
202200015952;785 667;7;9;0;1;1;1
202200015953;785 668;7;13;0;1;14;2
202200015954;785 663;32;0;2;1;17;1
202200015954;785 665;7;0;2;8;1;1
202200015954;785 666;7;0;2;3;1;1
202200015955;785 662;7;0;2;3;1;1
202200015955;785 664;7;0;2;3;13;1
202200015956;785 660;7;6;0;8;1;0
202200015956;785 661;7;0;2;1;1;0
202200015957;785 657;7;0;2;3;9;1
202200015957;785 658;50;0;2;7;1;3
202200015958;785 656;7;4;0;0;0;1
202200015959;785 655;33;15;0;7;2;1
202200015960;785 654;7;2;0;3;1;3
202200015961;785 653;7;0;1;1;1;1
202200015962;785 651;10;0;2;1;0;1
202200015962;785 652;2;0;2;1;0;1
202200015963;785 649;2;0;0;0;1;1
202200015964;785 648;1;0;2;1;1;5
202200015964;785 650;7;0;2;2;19;1
202200015965;785 646;7;0;2;8;19;1
202200015965;785 647;7;0;2;1;1;1
202200015966;785 643;21;0;0;4;2;1
202200015966;785 644;7;0;2;1;2;1
202200015967;785 642;7;0;2;3;6;1
202200015967;785 645;33;0;2;1;1;1
202200015968;785 641;7;0;1;2;2;1
202200015969;785 640;7;2;0;3;0;1
202200015970;785 638;33;0;2;1;1;1
202200015970;785 639;7;0;2;3;10;1
202200015971;785 636;7;3;0;3;1;1
202200015972;785 634;2;0;0;0;1;1
202200015973;785 630;10;0;2;3;17;1
202200015973;785 632;1;0;2;1;1;5
202200015974;785 631;7;0;2;1;1;1
202200015974;785 633;7;0;2;1;23;1
202200015974;785 635;7;0;2;2;23;1
202200015974;785 637;7;0;2;3;19;1
202200015975;785 628;7;0;2;3;19;1
202200015975;785 629;10;0;2;1;1;1
202200015976;785 627;7;13;0;2;18;1
202200015977;785 623;7;0;2;1;13;1
202200015977;785 625;7;0;2;2;1;1
202200015977;785 626;7;0;2;8;1;1
202200015978;785 621;2;6;0;2;14;1
202200015979;785 619;7;13;0;0;1;1
202200015980;785 616;33;0;2;3;0;1
202200015980;785 618;7;0;2;3;13;1
202200015981;785 617;7;0;1;3;1;1
202200015982;785 614;7;0;2;3;15;1
202200015982;785 615;33;0;2;1;1;1
202200015983;785 612;7;0;2;3;1;1
202200015983;785 613;7;0;2;3;1;1
202200015984;785 611;2;0;0;0;0;1
202200015985;785 608;33;0;2;1;2;1
202200015985;785 610;7;0;2;4;2;1
202200015986;785 606;10;13;1;1;13;1
202200015987;785 605;7;13;0;3;0;1
202200015988;785 603;31;0;2;1;1;1
202200015988;785 604;2;0;2;1;13;1
202200015989;785 600;7;0;2;1;1;1
202200015989;785 602;33;0;2;1;1;1
202200015990;785 599;15;0;9;2;12;1
202200015990;785 601;80;0;2;6;18;3
202200015991;785 598;33;8;0;7;1;1
202200015992;785 597;7;7;0;1;1;1
202200015993;785 596;1;0;9;0;0;5
202200015994;785 595;7;8;0;2;14;1
202200015995;785 591;7;0;2;1;0;1
202200015995;785 593;7;0;2;1;1;1
202200015996;785 592;33;0;2;1;17;1
202200015996;785 594;7;0;2;3;15;1
202200015997;785 589;31;0;2;3;13;1
202200015997;785 590;21;0;2;3;1;1
202200015998;785 588;7;13;0;1;1;1
202200015999;785 586;33;0;0;0;1;1
202200016000;785 585;7;7;0;7;1;1
202200016000;785 587;7;0;0;1;1;1
202200016001;785 584;7;0;1;2;2;1
202200016002;785 581;7;0;2;2;1;1
202200016002;785 583;7;0;2;3;1;1
202200016003;785 580;7;0;0;7;1;1
202200016003;785 582;7;0;2;1;9;1
202200016004;785 578;7;10;0;1;19;1
202200016005;785 576;7;3;2;4;9;1
202200016005;785 577;15;0;2;1;1;1
202200016005;785 579;33;0;2;1;2;1
202200016006;785 573;7;0;2;1;2;1
202200016006;785 575;34;0;2;4;2;1
202200016007;785 572;7;3;2;0;0;1
202200016007;785 574;7;3;2;3;0;1
202200016008;785 570;7;6;0;1;1;1
202200016009;785 571;2;0;0;0;1;1
202200016010;785 567;15;1;0;1;2;1
202200016010;785 569;10;0;0;4;1;1
202200016011;785 568;1;0;1;1;1;5
202200016012;785 563;10;0;2;1;2;1
202200016012;785 564;14;3;0;9;2;1
202200016013;785 561;10;0;2;3;5;1
202200016013;785 565;7;0;2;3;1;1
202200016013;785 566;7;0;2;3;1;1
202200016014;785 560;7;13;0;1;1;1
202200016015;785 559;7;0;2;2;15;1
202200016015;785 562;32;0;2;1;1;3
202200016016;785 557;7;0;0;6;17;1
202200016016;785 558;34;0;2;2;17;1
202200016017;785 554;32;3;0;9;1;1
202200016018;785 553;7;0;2;7;15;1
202200016018;785 555;32;0;2;1;1;1
202200016019;785 548;10;0;2;1;1;1
202200016019;785 551;7;0;2;8;1;1
202200016020;785 550;7;0;2;3;0;1
202200016020;785 552;7;0;2;3;0;1
202200016021;785 547;1;0;2;1;14;5
202200016021;785 549;10;0;2;2;1;1
202200016022;785 543;7;0;2;1;1;1
202200016022;785 545;7;0;2;8;15;1
202200016023;785 540;7;0;2;1;11;1
202200016023;785 544;33;0;2;1;1;1
202200016023;785 546;10;0;0;1;23;1
202200016024;785 541;1;0;2;3;1;5
202200016024;785 542;10;0;2;3;15;1
202200016025;785 536;50;0;1;1;1;3
202200016026;785 537;7;0;2;5;15;1
202200016026;785 539;33;0;2;1;0;1
202200016027;785 534;50;0;1;1;1;3
202200016028;785 535;33;0;2;1;1;1
202200016028;785 538;7;0;2;2;15;1
202200016029;785 532;7;0;1;1;1;1
202200016030;785 531;37;0;2;2;11;2
202200016030;785 533;7;0;2;3;13;1
202200016031;785 530;7;13;0;2;14;1
202200016032;785 529;33;0;5;1;1;1
202200016033;785 526;33;0;2;1;1;1
202200016033;785 528;7;0;2;3;13;1
202200016034;785 523;7;0;2;4;23;1
202200016034;785 525;7;0;2;9;2;1
202200016034;785 527;10;0;2;1;2;1
202200016035;785 521;33;0;2;7;17;1
202200016035;785 522;20;0;2;8;15;0
202200016036;785 520;7;0;2;3;1;1
202200016036;785 524;7;0;2;3;13;1
202200016037;785 519;7;16;0;9;1;1
202200016038;785 517;33;3;0;7;1;1
202200016039;785 516;32;0;2;1;1;1
202200016039;785 518;7;0;2;3;15;1
202200016040;785 513;50;0;1;1;1;3
202200016041;785 512;7;0;2;1;13;1
202200016041;785 514;7;0;2;1;1;1
202200016042;785 511;7;0;2;2;19;1
202200016042;785 515;7;0;2;1;1;1
202200016043;785 507;7;0;2;3;15;1
202200016043;785 510;1;0;2;1;9;5
202200016044;785 505;7;0;0;4;26;1
202200016044;785 509;31;0;2;1;2;1
202200016045;785 506;50;0;2;7;1;3
202200016045;785 508;2;0;2;3;13;0
202200016046;785 503;7;0;2;1;2;0
202200016046;785 504;50;8;0;4;1;3
202200016047;785 502;33;0;0;7;1;1
202200016048;785 500;33;0;0;9;17;1
202200016049;785 501;1;0;0;0;1;5
202200016050;785 497;2;0;2;2;1;1
202200016050;785 498;10;0;0;8;20;1
202200016051;785 495;7;0;2;3;22;1
202200016051;785 496;1;0;2;0;1;5
202200016052;785 493;33;0;0;2;1;1
202200016053;785 492;7;0;2;3;1;1
202200016053;785 494;2;0;2;7;1;1
202200016054;785 489;15;0;2;3;15;1
202200016054;785 491;33;0;0;7;16;1
202200016055;785 490;10;0;1;2;1;0
202200016056;785 487;43;7;0;1;0;1
202200016057;785 483;7;0;2;2;12;1
202200016057;785 485;43;0;2;1;3;1
202200016058;785 479;10;0;2;8;9;1
202200016058;785 481;1;0;2;2;1;5
202200016059;785 478;10;0;2;4;2;1
202200016059;785 480;10;0;2;1;2;1
202200016060;785 477;10;0;1;6;26;1
202200016061;785 474;1;0;0;4;2;5
202200016061;785 476;10;0;9;0;0;0
202200016062;785 472;7;0;1;2;1;3
202200016063;785 473;7;0;2;2;1;1
202200016063;785 475;10;0;2;3;1;1
202200016064;785 469;7;0;2;4;2;1
202200016064;785 470;7;0;2;1;2;1
202200016065;785 466;7;0;2;2;2;1
202200016065;785 468;7;0;2;1;12;1
202200016066;785 465;32;4;9;3;1;1
202200016067;785 460;10;0;2;2;1;1
202200016067;785 463;10;4;2;6;11;1
202200016068;785 459;7;0;2;1;2;1
202200016068;785 461;7;0;2;4;1;2
202200016069;785 462;2;0;2;1;2;1
202200016069;785 464;7;0;2;4;15;1
202200016070;785 457;7;0;2;1;1;1
202200016071;785 455;7;3;2;2;14;1
202200016071;785 458;14;0;2;4;1;1
202200016072;785 451;33;0;2;8;3;1
202200016072;785 453;7;0;2;0;12;1
202200016073;785 449;43;0;2;7;17;1
202200016073;785 452;7;0;2;0;1;1
202200016074;785 450;10;0;2;1;1;1
202200016074;785 454;7;0;2;4;23;1
202200016074;785 456;7;0;2;4;23;1
202200016075;785 448;33;0;0;0;1;1
202200016076;785 445;7;0;2;5;12;1
202200016076;785 447;34;0;2;1;3;1
202200016077;785 441;7;0;2;1;2;1
202200016077;785 443;7;0;2;4;2;1
202200016078;785 442;7;0;2;1;23;1
202200016078;785 444;7;0;2;9;23;1
202200016078;785 446;7;10;2;9;1;1
202200016079;785 438;32;0;2;1;3;1
202200016079;785 440;7;0;2;3;11;1
202200016080;785 434;60;0;2;1;0;5
202200016080;785 436;7;0;2;1;19;1
202200016081;785 431;33;0;2;1;3;1
202200016081;785 433;10;0;2;5;14;1
202200016082;785 427;10;4;2;2;2;1
202200016082;785 429;7;4;2;4;2;1
202200016082;785 430;7;4;2;1;1;1
202200016082;785 432;7;4;2;1;1;1
202200016082;785 435;7;4;2;1;2;1
202200016082;785 437;7;4;2;0;21;1
202200016082;785 439;7;4;2;1;21;1
202200016083;785 426;34;0;1;7;1;1
202200016084;785 423;10;0;2;5;12;1
202200016084;785 425;10;0;2;1;1;1
202200016085;785 424;7;0;2;1;2;1
202200016085;785 428;1;0;2;7;19;5
202200016086;785 421;7;0;2;1;2;1
202200016086;785 422;10;0;2;4;2;1
202200016087;785 418;7;0;2;7;21;1
202200016087;785 420;7;4;2;0;0;1
202200016088;785 419;30;0;1;1;26;0
202200016089;785 416;1;0;2;2;1;5
202200016089;785 417;7;0;2;1;26;1
202200016090;785 413;10;0;2;1;2;1
202200016090;785 415;7;0;2;4;2;1
202200016091;785 411;32;0;2;8;17;1
202200016091;785 412;7;0;2;8;15;1
202200016092;785 410;7;0;2;2;19;0
202200016092;785 414;33;0;2;1;1;1
202200016093;785 406;7;0;2;4;2;1
202200016093;785 408;15;0;2;6;1;1
202200016093;785 409;7;0;2;2;2;1
202200016094;785 405;7;0;2;8;1;1
202200016094;785 407;50;0;2;1;1;3
202200016095;785 404;7;0;1;1;1;1
202200016096;785 402;99;0;0;0;26;0
202200016097;785 401;15;1;2;1;1;1
202200016097;785 403;7;0;2;4;1;1
202200016098;785 399;10;4;0;8;13;1
202200016099;785 398;2;0;2;8;1;1
202200016099;785 400;32;0;2;1;1;1
202200016100;785 395;17;0;2;6;24;1
202200016100;785 397;7;3;2;1;14;1
202200016101;785 394;7;0;2;6;23;1
202200016101;785 396;7;0;2;1;1;1
202200016102;785 393;7;0;1;1;16;0
202200016103;785 390;7;0;2;5;1;1
202200016103;785 392;7;0;0;6;23;1
202200016104;785 389;7;0;2;2;15;1
202200016104;785 391;1;0;2;1;1;5
202200016105;785 385;7;0;2;1;0;1
202200016105;785 387;50;0;2;4;19;3
202200016106;785 386;7;0;2;5;0;1
202200016106;785 388;30;0;2;1;2;3
202200016107;785 381;7;0;2;1;2;1
202200016107;785 382;7;0;2;4;2;1
202200016107;785 384;10;0;0;8;1;1
202200016108;785 380;7;0;2;3;1;2
202200016108;785 383;33;0;2;1;1;1
202200016109;785 378;10;0;2;3;0;3
202200016109;785 379;2;0;2;2;0;1
202200016110;785 377;7;1;0;2;14;1
202200016111;785 372;10;4;2;2;11;1
202200016111;785 376;7;3;0;6;1;1
202200016112;785 373;33;0;2;2;2;1
202200016112;785 375;7;0;2;2;15;1
202200016113;785 371;33;0;2;0;26;1
202200016113;785 374;10;0;2;6;15;1
202200016114;785 370;7;1;0;1;0;1
202200016115;785 367;1;0;2;8;1;5
202200016115;785 368;10;0;2;7;17;1
202200016116;785 365;7;13;0;7;1;1
202200016116;785 369;0;0;0;0;5;0
202200016117;785 364;7;0;2;5;1;1
202200016117;785 366;30;0;2;1;9;1
202200016118;785 363;7;0;1;3;26;1
202200016119;785 359;32;0;0;0;0;1
202200016120;785 360;7;0;2;7;1;1
202200016120;785 362;2;0;2;1;1;1
202200016121;785 357;38;0;2;3;0;1
202200016121;785 361;7;0;2;3;0;1
202200016122;785 356;7;0;2;1;1;1
202200016122;785 358;7;0;2;1;1;1
202200016123;785 354;13;0;2;6;24;1
202200016123;785 355;2;1;0;1;1;1
202200016124;785 351;7;0;2;5;9;1
202200016124;785 353;33;0;2;1;2;1
202200016125;785 350;7;0;2;8;16;1
202200016125;785 352;7;0;2;1;1;1
202200016126;785 348;7;0;1;1;9;1
202200016127;785 347;33;0;2;1;2;1
202200016127;785 349;7;0;2;4;2;1
202200016128;785 345;7;0;2;3;15;1
202200016128;785 346;33;1;2;1;17;1
202200016129;785 341;7;0;2;1;1;1
202200016129;785 344;33;0;2;0;1;1
202200016130;785 340;99;3;0;4;2;1
202200016130;785 343;15;0;2;2;2;1
202200016131;785 339;50;0;2;8;19;3
202200016131;785 342;7;0;2;1;1;1
202200016132;785 337;7;8;0;7;0;1