Num_Acc;id_vehicule;catv;obs;obsm;choc;manv;motor
202200016912;783 944;7;0;2;1;1;6
202200016912;783 945;7;0;2;2;13;1
202200016913;783 940;7;0;2;3;1;1
202200016913;783 943;7;0;2;2;16;1
202200016914;783 939;30;8;2;1;1;1
202200016914;783 941;7;0;2;2;1;1
202200016915;783 937;7;0;2;3;0;1
202200016915;783 938;7;0;2;3;1;1
202200016916;783 932;7;0;2;4;0;1
202200016916;783 935;7;0;2;4;2;1
202200016916;783 936;7;0;2;1;2;1
202200016917;783 933;1;0;2;4;21;5
202200016917;783 942;33;0;2;1;2;1
202200016918;783 930;50;0;0;0;26;3
202200016919;783 929;7;0;2;2;1;1
202200016919;783 931;7;0;2;1;1;2
202200016919;783 934;32;0;2;1;16;1
202200016920;783 928;7;0;1;1;18;1
202200016921;783 925;2;3;0;7;1;1
202200016922;783 924;7;0;2;1;0;1
202200016922;783 927;7;0;1;2;0;1
202200016923;783 921;2;0;2;1;2;1
202200016923;783 922;7;0;2;4;20;1
202200016924;783 919;7;0;0;3;1;1
202200016924;783 923;7;0;0;3;1;1
202200016925;783 920;33;0;2;1;1;1
202200016925;783 926;10;0;2;3;15;1
202200016926;783 918;33;0;0;8;1;1
202200016927;783 915;7;0;2;1;1;1
202200016927;783 917;1;0;2;3;15;5
202200016928;783 914;7;6;0;2;1;1
202200016929;783 910;10;0;2;1;15;1
202200016929;783 913;10;0;2;3;2;1
202200016930;783 912;1;0;2;1;0;5
202200016930;783 916;7;0;2;4;1;1
202200016931;783 908;7;0;1;1;1;1
202200016932;783 907;33;0;0;4;2;1
202200016932;783 909;33;0;2;1;2;1
202200016933;783 904;7;2;0;1;1;1
202200016934;783 902;33;0;2;1;1;1
202200016934;783 903;7;0;2;6;10;1
202200016935;783 901;7;0;2;3;7;1
202200016935;783 905;33;0;2;2;1;1
202200016935;783 906;7;0;2;4;1;1
202200016936;783 899;32;0;2;7;1;1
202200016936;783 900;1;0;2;3;11;5
202200016937;783 897;1;0;2;1;19;5
202200016937;783 898;7;0;2;7;1;1
202200016938;783 894;10;0;2;4;2;1
202200016938;783 896;7;0;2;4;2;0
202200016939;783 891;7;0;2;3;13;1
202200016939;783 892;7;0;2;3;13;1
202200016940;783 888;80;0;2;2;2;3
202200016940;783 890;7;0;2;8;9;1
202200016941;783 886;7;0;2;5;12;1
202200016941;783 887;1;0;2;3;15;5
202200016942;783 885;3;0;2;4;19;0
202200016942;783 889;3;0;2;1;19;0
202200016943;783 884;7;15;0;1;6;1
202200016944;783 883;1;0;5;1;1;5
202200016945;783 882;7;2;0;8;19;1
202200016946;783 879;7;0;2;3;1;1
202200016946;783 881;7;0;2;3;1;1
202200016947;783 878;2;1;0;1;1;3
202200016948;783 875;7;0;2;1;1;1
202200016948;783 877;7;0;2;1;1;1
202200016949;783 874;33;8;0;1;14;1
202200016950;783 876;33;0;2;3;0;1
202200016950;783 880;7;0;2;7;16;1
202200016951;783 873;7;8;0;9;1;1
202200016952;783 872;3;0;1;1;15;1
202200016953;783 868;10;0;2;3;20;1
202200016953;783 870;32;0;2;2;2;1
202200016954;783 866;7;0;2;3;13;1
202200016954;783 867;2;0;2;2;0;1
202200016955;783 865;31;0;0;7;1;1
202200016955;783 869;7;0;0;0;9;1
202200016956;783 864;2;0;2;2;1;1
202200016956;783 871;7;0;2;3;1;1
202200016957;783 861;10;0;2;1;1;1
202200016957;783 863;34;0;0;4;0;1
202200016958;783 860;33;6;0;2;1;1
202200016959;783 859;7;0;2;1;11;1
202200016959;783 862;7;0;2;8;1;1
202200016960;783 857;7;13;0;3;1;1
202200016961;783 855;7;0;2;3;15;1
202200016961;783 858;33;0;2;3;0;1
202200016962;783 852;7;0;2;3;1;1
202200016962;783 856;7;0;2;1;1;1
202200016963;783 853;2;1;0;1;15;1
202200016964;783 851;7;0;2;1;19;1
202200016964;783 854;7;0;2;8;1;1
202200016965;783 850;7;0;1;2;1;1
202200016966;783 847;7;0;1;0;0;1
202200016967;783 844;99;0;2;1;1;0
202200016967;783 849;7;0;2;1;15;2
202200016968;783 845;1;1;0;2;21;5
202200016968;783 848;7;0;2;3;22;1
202200016969;783 843;7;0;2;1;26;1
202200016969;783 846;7;0;0;0;0;1
202200016970;783 841;7;0;2;2;12;1
202200016970;783 842;32;0;0;6;1;1
202200016971;783 840;10;0;1;2;15;1
202200016972;783 838;31;4;0;3;26;1
202200016973;783 837;7;0;0;9;1;1
202200016974;783 839;7;0;9;3;1;1
202200016975;783 835;34;0;2;7;17;1
202200016975;783 836;37;0;2;3;1;0
202200016976;783 834;7;8;0;4;20;1
202200016977;783 831;7;0;2;1;1;1
202200016977;783 833;7;0;2;3;9;1
202200016978;783 830;7;2;0;1;14;1
202200016979;783 829;7;0;9;1;1;1
202200016979;783 832;30;0;0;8;1;1
202200016980;783 828;7;3;0;9;17;1
202200016981;783 826;33;0;1;2;16;1
202200016982;783 821;7;0;2;0;13;0
202200016982;783 824;1;0;2;1;1;5
202200016983;783 822;10;10;0;1;1;1
202200016984;783 819;1;0;2;4;1;5
202200016984;783 820;7;1;2;1;9;1
202200016984;783 823;7;0;2;4;1;1
202200016984;783 825;7;0;2;4;1;1
202200016984;783 827;1;0;2;4;1;5
202200016985;783 813;7;0;2;3;1;1
202200016985;783 817;30;0;2;8;1;1
202200016986;783 816;32;0;2;8;26;1
202200016986;783 818;7;0;2;0;0;0
202200016987;783 812;7;0;2;1;1;1
202200016987;783 814;7;0;2;3;9;1
202200016988;783 811;7;0;2;5;1;1
202200016988;783 815;30;0;2;3;15;1
202200016989;783 807;34;0;2;1;1;1
202200016989;783 809;7;0;2;3;15;1
202200016990;783 805;7;0;2;1;17;0
202200016990;783 806;7;0;2;8;15;1
202200016991;783 801;7;0;2;1;26;1
202200016991;783 804;7;0;2;0;0;1
202200016992;783 800;1;0;2;1;1;5
202200016992;783 803;7;0;2;2;15;1
202200016993;783 795;7;0;1;1;1;1
202200016994;783 796;7;0;9;3;1;1
202200016994;783 799;50;0;2;1;1;3
202200016995;783 798;2;0;2;1;19;1
202200016995;783 802;32;0;2;7;1;1
202200016996;783 794;7;0;2;1;13;1
202200016996;783 797;7;0;2;3;1;1
202200016997;783 793;30;0;0;0;0;1
202200016998;783 792;7;0;1;1;1;1
202200016999;783 789;7;3;0;4;23;1
202200016999;783 791;17;0;2;1;2;1
202200017000;783 788;7;0;1;1;15;3
202200017001;783 783;7;13;0;1;1;1
202200017002;783 782;7;0;2;1;2;1
202200017002;783 785;7;4;0;4;2;1
202200017002;783 786;7;3;0;4;2;1
202200017002;783 790;7;0;0;6;0;1
202200017003;783 784;7;0;0;5;15;1
202200017003;783 787;10;0;2;2;1;1
202200017004;783 781;33;0;0;0;1;1
202200017005;783 778;7;0;2;1;13;1
202200017005;783 779;7;0;2;1;1;1
202200017006;783 776;3;0;1;2;26;1
202200017007;783 777;7;0;2;8;20;1
202200017007;783 780;32;0;2;7;1;1
202200017008;783 775;17;1;1;2;1;1
202200017009;783 773;7;0;2;3;1;1
202200017009;783 774;7;0;2;2;19;1
202200017010;783 771;7;8;0;3;11;1
202200017011;783 770;31;0;2;3;1;1
202200017011;783 772;7;0;2;3;15;1
202200017012;783 768;7;0;2;2;1;1
202200017012;783 769;1;0;2;4;19;5
202200017013;783 767;30;1;0;1;20;1
202200017014;783 765;10;8;0;1;14;1
202200017015;783 764;7;0;1;1;1;1
202200017016;783 761;7;0;0;4;2;1
202200017016;783 763;7;0;0;2;1;1
202200017017;783 760;13;0;2;6;16;1
202200017017;783 762;33;0;2;1;1;1
202200017018;783 757;7;1;0;2;2;1
202200017018;783 758;7;0;0;6;24;1
202200017019;783 754;7;13;0;1;16;1
202200017020;783 753;10;0;2;9;19;1
202200017020;783 759;7;0;2;1;1;1
202200017021;783 748;7;0;2;3;1;1
202200017021;783 751;7;0;2;3;1;1
202200017022;783 747;7;0;2;2;10;1
202200017022;783 750;7;0;2;1;1;1
202200017023;783 742;7;0;2;1;0;1
202200017023;783 745;7;0;2;1;0;1
202200017024;783 744;7;0;2;4;15;1
202200017024;783 746;7;0;2;1;14;0
202200017025;783 740;7;0;1;1;1;1
202200017026;783 739;7;3;0;1;14;1
202200017027;783 737;10;0;2;3;2;1
202200017027;783 738;1;0;2;1;26;5
202200017028;783 735;10;3;0;9;14;1
202200017029;783 732;7;0;2;1;13;1
202200017029;783 734;7;0;2;1;1;1
202200017029;783 736;7;0;2;1;1;1
202200017030;783 730;7;0;9;2;1;0
202200017030;783 733;1;0;2;8;1;5
202200017031;783 729;30;0;2;2;17;1
202200017031;783 731;7;0;2;3;1;1
202200017032;783 727;7;0;1;5;2;1
202200017033;783 728;7;2;0;9;1;1
202200017034;783 726;7;14;0;1;17;1
202200017035;783 725;7;4;9;1;16;1
202200017036;783 724;7;13;0;1;14;1
202200017037;783 723;7;3;0;1;1;1
202200017038;783 722;7;1;0;2;1;1
202200017039;783 720;7;0;2;4;23;1
202200017039;783 721;7;0;2;1;1;1
202200017040;783 717;7;0;1;1;1;1
202200017041;783 716;7;0;2;2;1;1
202200017041;783 718;7;0;2;7;1;1
202200017042;783 715;7;0;1;1;5;1
202200017042;783 719;7;0;2;1;1;1
202200017043;783 712;7;0;2;1;1;1
202200017043;783 714;7;0;1;1;17;1
202200017044;783 708;7;0;2;1;1;1
202200017044;783 711;7;0;2;4;1;1
202200017045;783 706;7;0;2;3;1;1
202200017045;783 710;7;0;0;3;5;1
202200017046;783 705;7;0;2;1;16;2
202200017046;783 709;1;0;2;0;1;5
202200017047;783 704;7;0;2;1;1;2
202200017047;783 707;99;0;2;7;1;1
202200017048;783 703;7;8;0;9;1;1
202200017049;783 701;10;13;0;1;1;1
202200017050;783 700;7;0;2;1;9;1
202200017050;783 702;50;0;2;2;0;3
202200017051;783 697;17;0;2;3;2;1
202200017051;783 699;10;0;2;6;23;1
202200017052;783 696;7;0;1;2;1;2
202200017053;783 695;30;0;2;6;10;1
202200017053;783 698;32;0;2;1;1;1
202200017054;783 692;7;0;2;4;1;1
202200017054;783 693;7;0;2;2;2;1
202200017055;783 691;30;0;2;1;1;1
202200017055;783 694;7;0;2;8;1;1
202200017056;783 688;7;0;2;1;2;1
202200017056;783 690;7;0;2;4;2;1
202200017057;783 685;7;0;2;3;1;1
202200017057;783 689;50;0;2;2;15;3
202200017058;783 683;7;0;2;1;0;1
202200017058;783 687;7;0;2;2;1;1
202200017059;783 684;7;0;1;1;16;1
202200017060;783 682;34;0;2;1;2;0
202200017060;783 686;7;0;2;4;2;1
202200017061;783 681;7;1;0;1;1;1
202200017062;783 679;7;0;1;7;1;1
202200017063;783 678;7;0;0;0;0;0
202200017063;783 680;7;8;2;5;17;1
202200017064;783 675;10;0;2;5;12;1
202200017064;783 677;33;0;2;3;1;1
202200017065;783 673;7;0;2;1;1;1
202200017065;783 676;7;0;2;4;23;1
202200017066;783 671;33;0;1;1;19;1
202200017067;783 669;36;13;0;2;17;1
202200017068;783 668;7;1;0;1;12;1
202200017068;783 670;7;4;2;4;24;1
202200017069;783 666;7;0;1;2;1;1
202200017070;783 664;21;8;0;2;1;1
202200017071;783 665;7;0;2;1;15;0
202200017071;783 667;30;0;2;1;0;1
202200017072;783 659;7;0;2;3;15;1
202200017072;783 662;30;0;2;6;1;1
202200017073;783 658;7;0;2;4;2;1
202200017073;783 661;10;0;2;1;2;1
202200017074;783 657;7;0;2;3;17;1
202200017074;783 663;7;0;2;3;0;1
202200017075;783 655;7;0;2;7;1;1
202200017075;783 660;7;0;2;1;1;1
202200017076;783 652;7;0;2;1;5;1
202200017076;783 654;7;0;2;1;1;1
202200017077;783 651;10;0;2;3;17;1
202200017077;783 653;7;0;2;5;17;1
202200017077;783 656;10;0;2;8;1;1
202200017078;783 647;34;0;2;3;1;1
202200017078;783 650;7;0;2;2;16;1
202200017079;783 649;7;15;0;3;13;1
202200017080;783 645;7;15;9;1;0;1
202200017081;783 641;7;0;1;2;1;1
202200017082;783 639;1;0;2;1;17;5
202200017082;783 642;7;0;2;1;1;1
202200017083;783 638;10;12;2;2;26;1
202200017083;783 644;30;12;2;3;18;1
202200017084;783 636;2;0;2;1;17;1
202200017084;783 637;7;0;2;6;15;1
202200017085;783 634;32;0;0;2;15;1
202200017086;783 633;1;0;2;4;15;5
202200017086;783 635;7;0;9;1;1;1
202200017087;783 630;2;0;0;7;26;1
202200017087;783 632;7;0;2;1;1;1
202200017088;783 625;10;0;2;2;1;1
202200017088;783 631;7;0;2;8;1;1
202200017089;783 624;3;0;2;8;26;1
202200017089;783 628;7;0;2;1;1;1
202200017090;783 627;7;0;2;3;15;1
202200017090;783 629;32;0;2;1;1;1
202200017091;783 622;7;0;2;1;21;1
202200017091;783 623;10;0;2;6;12;1
202200017092;783 616;7;1;0;0;14;0
202200017092;783 620;7;0;2;9;24;1
202200017092;783 621;7;0;2;8;24;1
202200017093;783 618;7;0;1;1;16;1
202200017094;783 619;7;1;0;1;0;2
202200017095;783 610;7;0;2;2;13;1
202200017095;783 614;2;0;2;1;1;1
202200017096;783 609;7;0;2;1;15;1
202200017096;783 612;30;0;2;8;1;1
202200017097;783 605;7;0;2;7;9;2
202200017097;783 608;99;0;2;1;2;5
202200017098;783 607;7;0;1;1;1;1
202200017099;783 602;2;0;2;1;1;1
202200017099;783 603;13;0;2;1;15;1
202200017100;783 601;33;0;5;2;21;1
202200017101;783 596;33;0;2;7;1;1
202200017101;783 599;7;0;2;1;15;3
202200017102;783 597;7;0;2;1;2;1
202200017102;783 598;7;0;2;1;17;1
202200017103;783 595;7;15;0;1;1;1
202200017104;783 594;7;0;1;3;15;1
202200017105;783 591;7;0;2;2;1;1
202200017105;783 592;7;8;2;2;15;1
202200017106;783 586;7;0;9;7;15;1
202200017106;783 588;1;0;2;1;1;5
202200017107;783 584;7;0;2;1;0;2
202200017107;783 587;7;0;2;4;1;1
202200017108;783 585;7;0;2;8;9;1
202200017108;783 590;1;0;2;3;2;5
202200017109;783 582;7;6;0;1;1;1
202200017110;783 581;7;11;0;7;13;1
202200017111;783 580;10;0;1;1;1;1
202200017112;783 577;1;0;2;2;1;5
202200017112;783 579;7;0;2;5;15;1
202200017113;783 576;7;7;2;6;19;1
202200017113;783 578;7;13;2;1;1;2
202200017114;783 572;7;0;2;3;13;1
202200017114;783 574;13;0;2;3;1;1
202200017115;783 571;31;0;2;2;1;1
202200017115;783 575;7;0;2;8;19;1
202200017116;783 567;7;13;0;1;1;1
202200017117;783 566;7;0;2;3;1;1
202200017117;783 569;7;0;2;2;1;1
202200017117;783 573;7;0;2;2;13;1
202200017118;783 565;7;0;2;1;1;1
202200017118;783 568;7;0;0;1;1;1
202200017118;783 570;7;0;2;3;19;1
202200017119;783 563;31;0;2;6;17;1
202200017119;783 564;7;0;0;6;15;1
202200017120;783 562;7;0;9;9;1;1
202200017121;783 560;37;0;1;1;15;1
202200017122;783 557;2;0;2;1;1;1
202200017122;783 561;7;0;2;2;15;1
202200017123;783 555;7;0;2;3;9;1
202200017123;783 558;80;0;2;2;1;3
202200017124;783 556;30;0;2;1;15;1
202200017124;783 559;10;0;2;7;1;1
202200017125;783 554;10;0;1;1;1;1
202200017126;783 552;3;0;1;3;0;1
202200017127;783 551;10;0;9;2;19;1
202200017127;783 553;1;0;2;1;1;5
202200017128;783 546;7;0;2;1;9;1
202200017128;783 548;1;0;2;8;19;5
202200017129;783 545;7;0;1;2;17;1
202200017130;783 544;7;0;2;8;10;1
202200017130;783 549;7;0;2;1;1;1
202200017131;783 540;7;0;2;1;1;1
202200017131;783 543;7;0;2;1;1;1
202200017132;783 542;10;0;1;0;1;1
202200017133;783 541;10;6;0;1;2;1
202200017134;783 538;32;0;2;3;26;1
202200017134;783 539;7;0;0;6;0;0
202200017135;783 535;1;0;2;7;2;5
202200017135;783 537;7;0;2;8;2;1
202200017136;783 534;30;11;0;0;0;1
202200017137;783 533;33;0;2;8;3;1
202200017137;783 536;7;0;2;7;14;1
202200017138;783 529;15;0;2;1;1;1
202200017138;783 531;7;13;0;4;1;1
202200017139;783 528;7;0;1;2;15;1
202200017140;783 524;7;0;2;5;2;1
202200017140;783 525;10;0;2;2;2;1
202200017140;783 527;7;0;2;4;2;1
202200017140;783 530;7;0;2;1;2;1
202200017141;783 526;7;0;2;1;11;1
202200017141;783 532;1;0;2;4;1;5
202200017142;783 521;7;0;2;3;15;1
202200017142;783 523;31;0;2;1;1;1
202200017143;783 519;7;0;2;1;16;3
202200017143;783 522;1;0;2;4;19;5
202200017144;783 517;7;0;2;8;0;1
202200017144;783 520;14;0;2;2;0;1
202200017145;783 515;7;2;0;1;14;1
202200017146;783 516;15;0;2;4;26;1
202200017146;783 518;30;0;2;1;1;3
202200017147;783 513;33;0;0;7;1;1
202200017148;783 511;10;1;0;1;2;1
202200017148;783 514;7;0;2;4;23;1
202200017149;783 510;33;0;2;1;3;1
202200017149;783 512;7;0;2;4;23;1
202200017150;783 509;30;6;0;3;13;1
202200017151;783 507;7;0;0;4;2;1
202200017151;783 508;10;0;2;1;2;1
202200017152;783 505;7;0;2;4;2;1
202200017152;783 506;10;0;2;2;2;1
202200017153;783 503;7;6;0;1;0;1
202200017154;783 501;7;0;2;5;1;1
202200017154;783 504;33;0;2;1;26;1
202200017155;783 497;13;0;2;1;2;1
202200017155;783 500;7;0;2;4;1;1
202200017156;783 495;1;0;2;8;19;5
202200017156;783 498;7;0;2;2;1;1
202200017157;783 490;7;8;0;2;1;1
202200017158;783 491;7;0;2;7;15;1
202200017158;783 502;7;0;2;2;1;1
202200017159;783 488;10;0;2;4;1;1
202200017159;783 492;7;0;2;5;2;1
202200017159;783 493;7;0;2;1;2;1
202200017160;783 487;7;0;2;1;1;1
202200017160;783 494;7;1;2;2;13;1
202200017161;783 486;1;0;2;1;1;5
202200017161;783 489;7;0;2;3;1;1
202200017162;783 483;7;0;1;1;1;1
202200017163;783 482;7;0;2;3;1;1
202200017163;783 485;7;0;2;3;13;1
202200017164;783 480;7;0;2;1;1;1
202200017164;783 484;7;0;2;4;21;1
202200017165;783 477;7;0;2;6;1;1
202200017165;783 481;7;0;2;3;1;1
202200017166;783 476;7;0;2;1;2;1
202200017166;783 478;7;0;2;4;2;1
202200017166;783 479;7;0;2;4;2;1
202200017167;783 475;7;0;1;1;1;1
202200017168;783 474;7;3;0;9;1;1
202200017169;783 472;60;0;2;5;0;5
202200017169;783 473;7;0;9;3;0;1
202200017170;783 470;7;8;0;1;14;1
202200017171;783 469;7;0;2;3;1;1
202200017171;783 471;50;0;2;1;19;3
202200017172;783 468;2;0;1;8;17;1
202200017173;783 467;10;0;0;7;26;1
202200017174;783 464;10;0;9;2;1;1
202200017174;783 466;50;0;2;1;1;3
202200017175;783 463;7;4;0;9;1;1
202200017176;783 462;7;2;0;7;13;1
202200017177;783 461;2;0;0;0;26;1
202200017178;783 460;1;0;2;1;1;5
202200017178;783 465;7;0;2;8;9;1
202200017179;783 456;37;0;2;2;1;0
202200017179;783 459;7;0;2;3;16;0
202200017180;783 455;30;0;2;3;9;1
202200017180;783 457;10;0;2;2;9;1
202200017181;783 453;10;0;2;3;11;1
202200017181;783 458;33;0;2;7;17;1
202200017182;783 450;31;0;0;0;26;1
202200017183;783 448;7;0;2;1;9;0
202200017183;783 452;31;0;2;1;1;0
202200017184;783 449;30;12;0;0;0;1
202200017185;783 447;7;0;2;3;1;1
202200017185;783 451;7;0;2;1;1;1
202200017186;783 446;7;0;2;6;19;1
202200017186;783 454;7;0;2;1;1;0
202200017187;783 443;7;0;2;3;15;1
202200017187;783 445;31;0;2;1;17;1
202200017188;783 442;1;0;2;1;1;5
202200017188;783 444;7;0;2;3;9;1
202200017189;783 440;7;0;1;2;1;1
202200017190;783 438;3;0;2;3;23;1
202200017190;783 441;0;0;2;3;16;0
202200017191;783 434;10;0;2;1;1;1
202200017191;783 437;7;0;2;9;1;1
202200017191;783 439;7;0;0;4;1;1
202200017192;783 436;7;6;0;1;1;1
202200017193;783 433;7;0;2;3;16;1
202200017193;783 435;50;0;2;7;1;3
202200017194;783 431;1;0;0;0;0;5
202200017195;783 430;17;1;2;2;1;1
202200017196;783 427;7;0;2;3;15;1
202200017196;783 432;7;0;2;2;1;1
202200017197;783 426;7;0;2;1;19;1
202200017197;783 429;33;0;2;3;1;1
202200017198;783 425;2;0;2;7;17;1
202200017198;783 428;7;0;2;6;15;1
202200017199;783 424;7;8;0;7;1;1
202200017200;783 422;1;0;0;0;0;5
202200017201;783 421;10;0;1;1;15;1
202200017202;783 420;7;0;2;5;15;1
202200017202;783 423;32;0;2;1;1;1
202200017203;783 416;33;0;2;3;18;1
202200017203;783 419;7;0;2;2;16;1
202200017204;783 417;31;0;2;3;17;1
202200017204;783 418;7;0;2;7;15;1
202200017205;783 412;1;0;2;4;1;5
202200017205;783 414;7;0;2;3;0;1
202200017206;783 411;7;0;2;2;1;1
202200017206;783 415;1;0;2;7;19;5
202200017207;783 409;7;0;2;1;1;1
202200017207;783 413;7;0;2;4;23;1
202200017208;783 407;32;0;2;7;1;1
202200017208;783 410;7;0;2;8;9;1
202200017209;783 406;2;13;2;7;2;1
202200017209;783 408;7;0;0;8;15;1
202200017210;783 401;7;0;2;6;12;1
202200017210;783 404;7;0;2;3;1;1
202200017211;783 402;10;0;2;3;1;1
202200017211;783 405;7;0;2;2;15;1
202200017212;783 400;15;0;2;6;13;1
202200017212;783 403;7;0;2;2;1;1
202200017213;783 397;7;0;2;1;13;1
202200017213;783 399;14;0;2;1;1;1
202200017214;783 394;7;0;2;2;26;1
202200017214;783 398;30;0;2;1;9;1
202200017215;783 396;7;0;1;1;15;1
202200017216;783 391;1;0;2;1;25;5
202200017216;783 395;37;0;2;7;23;1
202200017217;783 390;80;0;2;6;1;3
202200017217;783 393;7;0;2;1;23;1
202200017218;783 392;7;0;1;3;1;1
202200017219;783 386;1;0;9;1;1;5
202200017219;783 389;7;0;2;1;1;1
202200017220;783 385;7;13;0;7;1;1
202200017221;783 387;7;0;1;2;21;1
202200017222;783 382;33;0;0;0;1;1
202200017223;783 383;7;0;2;2;1;0
202200017223;783 388;7;0;2;8;16;0
202200017224;783 380;7;0;0;4;26;1
202200017225;783 379;7;0;2;2;19;1
202200017225;783 381;7;0;0;0;0;1
202200017226;783 378;36;0;0;0;1;1
202200017227;783 377;7;12;0;1;19;1
202200017228;783 371;33;0;2;1;1;1
202200017228;783 374;7;0;2;3;15;1
202200017229;783 370;7;0;9;1;2;1
202200017229;783 375;50;0;2;7;19;3
202200017230;783 372;7;0;2;5;1;1
202200017230;783 376;14;0;2;2;9;1
202200017231;783 368;32;0;2;1;9;1
202200017231;783 373;7;1;2;2;9;1
202200017232;783 367;7;0;2;4;2;1
202200017232;783 369;7;0;2;1;2;1
202200017233;783 366;7;0;1;1;1;1
202200017234;783 362;33;0;2;7;1;1
202200017234;783 365;7;0;2;1;19;1
202200017235;783 361;7;0;2;1;12;1
202200017235;783 363;7;0;2;9;1;2
202200017236;783 359;7;0;2;1;0;0
202200017236;783 364;7;0;2;1;26;0
202200017237;783 360;2;0;0;8;21;1
202200017238;783 355;7;0;2;6;15;1
202200017238;783 358;50;0;2;1;1;3
202200017239;783 354;50;8;0;0;2;3
202200017239;783 357;1;8;0;0;2;5
202200017240;783 352;7;0;2;4;23;1
202200017240;783 356;7;0;2;1;2;1
202200017241;783 349;10;0;2;1;1;1
202200017241;783 353;10;0;2;1;1;1
202200017242;783 348;7;0;0;0;1;2
202200017242;783 350;50;0;2;0;21;3
202200017243;783 344;7;16;0;9;1;1
202200017244;783 339;7;0;2;4;2;1
202200017244;783 342;10;0;2;4;2;1
202200017244;783 345;7;0;2;4;2;1
202200017244;783 347;7;0;2;1;2;1
202200017245;783 341;7;0;2;1;15;1
202200017245;783 346;7;0;2;1;1;1
202200017246;783 338;1;0;2;2;16;5
202200017246;783 343;7;0;2;3;1;1
202200017247;783 337;7;0;2;1;15;1
202200017247;783 340;2;0;2;1;1;1
202200017248;783 331;7;0;2;6;11;1
202200017248;783 335;7;0;2;2;1;1
202200017249;783 333;7;0;2;4;2;1
202200017249;783 336;7;0;2;1;2;1
202200017250;783 332;1;0;2;1;13;5
202200017250;783 334;2;9;2;1;13;1
202200017251;783 330;30;0;1;1;1;1
202200017252;783 328;7;3;0;1;9;0
202200017253;783 326;33;0;2;1;1;1
202200017253;783 329;38;0;2;1;15;1
202200017254;783 324;7;0;1;2;1;1
202200017255;783 321;7;0;2;4;2;1
202200017255;783 325;7;0;2;1;21;1
202200017255;783 327;7;0;2;1;21;1
202200017256;783 319;2;0;2;1;15;1
202200017256;783 323;2;0;2;1;1;1
202200017257;783 318;7;0;2;4;2;1
202200017257;783 320;7;0;2;1;2;1
202200017257;783 322;7;0;2;1;2;1
202200017258;783 314;10;4;0;3;1;0
202200017259;783 315;7;0;2;2;16;1
202200017259;783 317;32;0;2;1;7;1
202200017260;783 312;7;4;0;1;2;1
202200017261;783 313;7;1;0;1;26;1
202200017262;783 311;33;0;2;1;1;1
202200017262;783 316;7;0;2;1;15;1
202200017263;783 306;7;0;2;2;3;0
202200017263;783 310;1;0;2;4;1;5
202200017264;783 305;7;3;2;4;1;1
202200017264;783 309;7;3;2;1;1;1
202200017265;783 303;1;0;2;2;6;5
202200017265;783 307;7;0;2;1;1;1
202200017266;783 304;10;0;2;2;16;1
202200017266;783 308;2;0;2;1;1;1
202200017267;783 302;7;4;0;3;0;1
202200017268;783 301;7;0;1;1;1;1
202200017269;783 298;7;0;2;5;23;1
202200017269;783 300;30;0;2;1;2;1
202200017270;783 299;33;14;0;8;17;1
202200017271;783 295;7;4;2;9;1;1
202200017271;783 297;7;0;2;1;1;0
202200017272;783 293;7;6;2;1;1;1
202200017272;783 296;7;0;2;3;15;1
202200017273;783 292;7;0;0;0;16;1
202200017274;783 291;7;3;0;7;14;1
202200017275;783 290;33;0;2;8;19;1
202200017275;783 294;7;0;2;2;19;1
202200017276;783 289;10;0;1;1;1;3
202200017277;783 288;7;0;0;9;1;1
202200017278;783 285;7;0;2;7;1;1
202200017278;783 287;7;0;2;1;19;1
202200017279;783 284;7;8;0;1;1;1
202200017280;783 283;7;0;9;2;15;1
202200017280;783 286;1;0;2;1;1;5
202200017281;783 277;7;0;2;3;19;1
202200017281;783 281;7;0;2;2;1;1
202200017282;783 274;30;0;2;1;9;1
202200017282;783 279;7;0;2;3;1;1
202200017283;783 267;10;0;2;1;15;1
202200017283;783 271;1;0;2;1;1;5
202200017284;783 269;7;0;1;1;2;1
202200017285;783 270;7;8;0;1;13;1
202200017286;783 266;31;0;2;1;1;1
202200017286;783 268;7;0;2;7;15;1
202200017287;783 262;32;0;2;2;1;1
202200017287;783 264;7;0;2;1;2;1
202200017288;783 259;7;0;2;6;15;1
202200017288;783 265;7;0;2;1;2;1
202200017289;783 261;32;0;2;4;0;0
202200017289;783 263;33;0;2;1;0;1
202200017290;783 258;30;0;2;1;15;1
202200017290;783 260;30;0;2;1;1;1
202200017291;783 257;2;6;0;1;14;1
202200017292;783 254;7;0;2;1;1;1
202200017292;783 255;2;0;2;1;15;0
202200017293;783 253;7;0;2;3;1;1
202200017293;783 256;7;0;2;3;13;1
202200017294;783 247;7;0;2;1;1;2
202200017294;783 250;7;0;2;1;5;1
202200017295;783 246;1;0;2;1;0;5
202200017295;783 248;7;0;2;3;13;3
202200017296;783 245;1;0;2;8;2;5
202200017296;783 249;14;0;2;2;9;1
202200017297;783 244;7;0;2;1;1;1
202200017297;783 251;7;0;2;5;15;1
202200017298;783 240;0;0;1;1;26;1
202200017299;783 242;1;0;2;1;2;5
202200017299;783 243;7;0;9;4;23;1
202200017300;783 238;7;0;2;8;15;1
202200017300;783 241;32;0;2;1;1;1
202200017301;783 237;7;0;2;9;23;1
202200017301;783 239;7;0;2;6;26;1
202200017302;783 232;7;0;2;3;1;1
202200017302;783 234;30;0;2;1;16;1
202200017303;783 231;7;2;0;1;6;1
202200017304;783 229;7;0;2;3;23;1
202200017304;783 230;7;0;2;9;1;1
202200017304;783 235;7;0;2;7;15;2
202200017305;783 228;7;0;2;8;13;1
202200017305;783 233;7;0;2;8;1;1
202200017305;783 236;7;0;2;1;1;1