Num_Acc;id_vehicule;catv;obs;obsm;choc;manv;motor
202200017702;782 522;1;0;2;8;1;5
202200017703;782 520;1;0;1;1;1;5
202200017704;782 518;7;0;2;5;12;1
202200017704;782 519;1;0;2;1;7;5
202200017705;782 517;1;0;0;0;21;5
202200017706;782 515;80;0;2;1;1;3
202200017706;782 516;7;0;2;3;15;2
202200017707;782 512;7;0;2;2;10;1
202200017707;782 513;43;0;2;1;1;1
202200017708;782 511;7;0;2;0;1;0
202200017708;782 514;33;0;2;3;9;1
202200017709;782 508;50;0;2;4;1;3
202200017709;782 510;10;0;2;1;1;1
202200017710;782 507;1;0;2;0;1;5
202200017710;782 509;7;0;2;7;16;1
202200017711;782 506;7;0;1;1;1;1
202200017712;782 504;33;0;2;1;1;1
202200017712;782 505;1;0;2;8;15;5
202200017713;782 500;1;0;1;1;1;5
202200017714;782 501;7;16;0;4;23;1
202200017714;782 502;7;16;0;3;1;3
202200017714;782 503;32;0;2;1;3;1
202200017715;782 497;7;0;2;3;17;1
202200017715;782 499;7;0;2;2;1;1
202200017716;782 496;7;0;2;4;2;1
202200017716;782 498;7;0;2;1;2;1
202200017717;782 495;7;0;1;1;2;1
202200017718;782 493;33;0;2;2;17;1
202200017718;782 494;3;0;2;3;2;1
202200017719;782 490;7;0;2;6;9;1
202200017719;782 492;33;0;2;1;1;1
202200017720;782 487;7;8;0;1;26;1
202200017721;782 486;7;0;2;1;16;1
202200017721;782 488;30;0;2;1;5;1
202200017722;782 485;7;12;0;3;1;1
202200017723;782 484;7;0;1;8;15;1
202200017724;782 482;33;0;2;1;1;1
202200017724;782 483;2;0;0;2;1;1
202200017725;782 481;7;4;0;1;1;1
202200017726;782 480;32;0;1;1;0;1
202200017727;782 478;31;0;0;3;1;1
202200017727;782 479;7;0;2;2;12;1
202200017728;782 477;32;12;0;3;15;1
202200017729;782 475;7;0;2;5;15;1
202200017729;782 476;32;0;2;1;18;1
202200017730;782 473;7;0;2;3;1;0
202200017730;782 474;60;0;2;2;1;5
202200017731;782 470;7;1;2;1;1;0
202200017731;782 472;50;0;2;8;0;3
202200017732;782 471;7;0;1;1;15;1
202200017733;782 467;33;0;2;7;0;1
202200017733;782 469;7;0;2;3;19;1
202200017734;782 465;7;0;0;4;2;2
202200017734;782 466;10;0;2;0;0;6
202200017734;782 468;10;0;2;4;23;1
202200017735;782 464;7;0;1;1;1;2
202200017736;782 461;7;0;0;5;0;1
202200017736;782 463;30;0;2;5;18;1
202200017737;782 462;7;0;1;1;9;1
202200017738;782 454;7;0;2;3;10;1
202200017738;782 455;7;0;2;2;1;1
202200017739;782 452;7;0;2;3;13;0
202200017739;782 453;7;0;2;6;1;0
202200017740;782 449;2;0;0;7;0;1
202200017741;782 450;34;0;2;1;17;1
202200017741;782 451;7;0;2;3;15;1
202200017742;782 448;7;0;1;2;1;2
202200017743;782 446;7;0;2;1;1;1
202200017743;782 447;7;0;2;1;13;1
202200017744;782 444;10;0;2;3;15;1
202200017744;782 445;33;0;2;3;3;1
202200017745;782 442;7;2;0;9;0;1
202200017746;782 443;7;0;1;1;1;1
202200017747;782 440;10;0;2;8;13;1
202200017747;782 441;32;0;2;7;17;1
202200017748;782 439;50;0;1;1;25;3
202200017749;782 437;10;0;1;4;4;1
202200017750;782 436;10;0;2;3;1;1
202200017750;782 438;1;0;2;1;13;5
202200017751;782 434;7;0;2;6;1;1
202200017751;782 435;10;0;2;1;15;1
202200017752;782 433;7;2;0;1;13;1
202200017753;782 432;7;9;0;4;26;1
202200017754;782 428;7;0;2;1;9;1
202200017754;782 431;7;0;2;1;1;1
202200017755;782 429;7;0;0;1;13;1
202200017755;782 430;7;0;0;1;1;1
202200017756;782 425;7;0;9;2;1;1
202200017756;782 427;1;0;2;1;0;5
202200017757;782 424;7;0;2;6;1;1
202200017757;782 426;15;0;2;2;14;1
202200017758;782 422;1;0;2;3;2;5
202200017758;782 423;2;0;9;5;2;1
202200017759;782 421;7;4;0;2;14;1
202200017760;782 419;7;4;0;3;21;1
202200017761;782 418;33;8;2;3;21;1
202200017761;782 420;7;0;2;3;13;1
202200017762;782 417;13;13;0;2;1;1
202200017763;782 413;15;0;2;3;1;1
202200017763;782 415;13;0;2;3;13;1
202200017764;782 412;7;1;0;1;1;1
202200017764;782 414;10;0;2;2;24;1
202200017765;782 411;33;0;0;0;2;1
202200017766;782 409;7;0;0;0;1;1
202200017767;782 406;7;0;2;2;13;0
202200017767;782 407;7;0;0;6;1;1
202200017768;782 405;7;0;2;1;15;1
202200017768;782 408;7;0;2;2;1;1
202200017768;782 410;7;0;2;6;19;1
202200017769;782 404;7;13;0;0;0;1
202200017770;782 401;7;0;2;7;2;1
202200017770;782 402;13;0;0;6;2;1
202200017770;782 403;1;0;2;3;2;5
202200017771;782 393;7;14;0;1;1;1
202200017771;782 395;15;0;0;0;1;1
202200017772;782 392;2;0;2;1;1;0
202200017772;782 394;7;0;2;2;15;1
202200017773;782 391;10;2;0;8;13;1
202200017774;782 390;2;7;0;1;1;1
202200017775;782 388;7;2;0;1;1;1
202200017776;782 387;7;0;2;1;1;1
202200017776;782 389;7;5;2;1;13;1
202200017777;782 386;7;8;0;1;0;1
202200017778;782 384;7;0;2;2;1;1
202200017778;782 385;7;0;2;3;1;1
202200017779;782 382;7;0;2;3;14;1
202200017779;782 383;33;0;2;3;13;1
202200017780;782 381;7;0;1;2;1;1
202200017781;782 380;2;9;0;1;1;1
202200017782;782 376;7;0;2;3;0;1
202200017782;782 377;2;0;2;3;13;1
202200017783;782 373;7;0;2;7;17;1
202200017783;782 375;1;0;2;8;2;5
202200017784;782 372;7;0;0;4;2;1
202200017784;782 374;60;0;2;1;2;5
202200017785;782 371;21;13;0;9;1;1
202200017786;782 370;7;13;0;3;13;1
202200017787;782 369;33;12;0;7;1;1
202200017788;782 367;7;0;0;9;1;1
202200017789;782 366;7;0;2;1;19;1
202200017789;782 368;33;0;2;7;1;1
202200017790;782 364;31;0;2;1;1;1
202200017790;782 365;7;0;2;8;16;1
202200017791;782 362;7;0;2;3;15;1
202200017791;782 363;2;0;2;1;1;1
202200017792;782 360;7;0;2;1;13;1
202200017792;782 361;7;0;2;1;1;1
202200017793;782 357;35;0;2;5;1;1
202200017793;782 359;10;0;2;1;9;1
202200017794;782 356;7;0;2;8;1;1
202200017794;782 358;7;0;2;8;1;1
202200017795;782 354;7;0;2;2;19;1
202200017795;782 355;2;0;2;1;1;1
202200017796;782 350;7;0;2;8;1;1
202200017796;782 351;7;0;2;3;17;1
202200017796;782 352;7;0;2;3;1;1
202200017797;782 347;7;0;2;3;15;1
202200017797;782 348;7;0;2;2;1;1
202200017798;782 346;7;13;0;2;14;1
202200017799;782 343;33;2;2;1;17;1
202200017799;782 345;7;0;2;3;15;1
202200017800;782 342;7;0;2;1;13;1
202200017800;782 344;7;0;2;1;1;1
202200017801;782 340;2;0;0;8;15;1
202200017802;782 339;7;3;2;1;17;1
202200017802;782 341;7;3;2;4;17;1
202200017803;782 335;7;0;2;1;13;0
202200017803;782 336;7;0;2;1;1;1
202200017804;782 334;7;6;0;1;13;1
202200017805;782 333;7;13;0;1;1;1
202200017806;782 332;33;13;0;0;0;1
202200017807;782 331;7;2;0;8;1;1
202200017808;782 329;7;13;0;2;1;1
202200017809;782 328;7;0;0;8;13;1
202200017810;782 324;7;7;2;7;1;1
202200017810;782 327;10;0;2;1;1;1
202200017811;782 325;2;0;2;1;1;1
202200017811;782 326;10;0;0;4;1;1
202200017812;782 320;33;0;2;7;17;1
202200017812;782 322;7;0;2;8;1;1
202200017813;782 319;7;0;0;1;1;1
202200017814;782 318;33;0;5;0;1;1
202200017815;782 314;7;16;2;1;1;1
202200017815;782 316;7;0;2;1;5;1
202200017816;782 313;17;0;2;6;13;1
202200017816;782 315;7;0;2;3;1;1
202200017816;782 317;7;3;2;3;1;1
202200017817;782 312;7;2;0;1;17;1
202200017818;782 311;7;0;1;0;26;1
202200017819;782 308;7;0;2;1;2;1
202200017819;782 309;7;0;0;4;2;1
202200017820;782 307;7;3;2;2;17;1
202200017820;782 310;7;0;0;6;1;1
202200017821;782 305;7;0;0;4;2;1
202200017821;782 306;7;0;2;1;2;3
202200017822;782 304;7;0;1;1;1;1
202200017823;782 303;7;3;0;9;1;1
202200017824;782 299;10;0;2;1;2;1
202200017824;782 301;15;0;0;4;1;1
202200017825;782 298;7;0;2;4;1;1
202200017825;782 300;7;0;2;1;2;1
202200017826;782 297;7;8;0;2;1;1
202200017827;782 295;7;0;2;1;2;1
202200017827;782 296;7;0;0;4;2;2
202200017828;782 292;7;0;2;4;24;1
202200017828;782 294;7;1;0;1;1;1
202200017829;782 290;7;0;2;8;1;2
202200017829;782 291;17;0;2;2;12;1
202200017829;782 293;33;0;2;1;1;0
202200017830;782 288;7;3;0;1;1;1
202200017831;782 287;7;0;2;1;15;1
202200017831;782 289;7;0;2;3;1;1
202200017832;782 284;7;15;0;3;1;1
202200017833;782 283;7;0;2;4;2;1
202200017833;782 285;33;0;2;4;2;1
202200017833;782 286;33;0;2;1;2;1
202200017834;782 281;7;4;0;3;13;1
202200017835;782 280;33;0;2;1;1;1
202200017835;782 282;7;0;2;8;19;1
202200017836;782 278;33;0;0;8;26;1
202200017837;782 277;7;0;2;1;26;1
202200017837;782 279;7;0;2;1;0;1
202200017838;782 275;7;2;0;9;1;1
202200017839;782 274;2;0;2;1;1;1
202200017839;782 276;10;0;2;2;15;1
202200017840;782 271;2;0;2;3;1;1
202200017840;782 273;7;0;2;2;9;1
202200017841;782 270;33;1;2;1;17;1
202200017841;782 272;7;1;2;3;19;1
202200017842;782 267;33;0;2;2;17;1
202200017842;782 269;7;0;2;3;15;1
202200017843;782 266;33;0;2;6;1;1
202200017843;782 268;33;0;2;0;13;1
202200017844;782 264;7;0;0;9;17;1
202200017845;782 263;7;0;2;8;10;3
202200017845;782 265;10;0;2;1;1;1
202200017846;782 262;33;0;0;0;19;1
202200017847;782 260;2;0;0;0;0;0
202200017847;782 261;7;0;2;2;1;1
202200017848;782 259;7;0;0;0;1;1
202200017849;782 256;34;0;9;0;18;1
202200017849;782 258;80;0;2;0;16;3
202200017850;782 257;50;0;2;0;0;3
202200017851;782 253;1;0;1;1;1;5
202200017852;782 252;7;0;2;1;1;1
202200017852;782 254;7;0;2;5;1;1
202200017853;782 250;7;13;2;3;15;1
202200017853;782 251;7;13;2;2;1;1
202200017854;782 249;7;0;1;1;15;1
202200017855;782 247;7;0;9;1;15;1
202200017855;782 248;1;0;2;3;1;5
202200017856;782 246;7;0;1;7;15;1
202200017857;782 244;33;0;2;1;1;1
202200017857;782 245;10;0;2;7;15;1
202200017858;782 242;7;0;2;3;1;1
202200017858;782 243;37;0;2;8;1;0
202200017859;782 241;7;0;0;9;0;1
202200017860;782 238;10;0;2;3;15;1
202200017860;782 240;33;0;2;2;17;1
202200017861;782 237;7;0;2;1;19;1
202200017861;782 239;7;0;0;8;1;1
202200017862;782 234;15;0;2;1;1;1
202200017862;782 236;7;0;2;1;13;1
202200017863;782 232;7;0;2;3;0;1
202200017863;782 233;7;0;2;3;1;1
202200017863;782 235;7;0;2;2;14;1
202200017864;782 231;10;0;1;3;1;1
202200017865;782 228;43;0;0;9;1;1
202200017866;782 226;7;0;2;4;2;1
202200017866;782 227;7;0;2;4;2;1
202200017866;782 229;7;0;2;4;2;2
202200017866;782 230;7;0;2;1;2;1
202200017867;782 223;7;1;0;2;5;1
202200017868;782 219;7;0;2;2;15;1
202200017868;782 220;33;0;2;1;1;1
202200017869;782 221;7;0;2;4;2;1
202200017869;782 222;7;0;0;0;0;0
202200017869;782 224;7;0;0;0;0;0
202200017869;782 225;34;0;0;0;0;0
202200017870;782 217;33;1;2;8;13;1
202200017870;782 218;7;0;2;3;1;1
202200017871;782 216;32;15;0;8;1;1
202200017872;782 213;33;0;2;7;1;1
202200017872;782 214;10;0;2;8;11;1
202200017873;782 210;7;0;2;2;2;1
202200017873;782 212;7;0;2;6;2;1
202200017874;782 209;7;0;2;3;1;1
202200017874;782 211;7;0;2;1;15;1
202200017875;782 208;7;16;0;0;1;1
202200017876;782 205;32;0;2;3;1;1
202200017876;782 207;7;0;2;2;12;1
202200017877;782 206;0;0;2;0;0;0
202200017878;782 202;7;0;2;3;1;1
202200017878;782 204;7;0;2;2;12;1
202200017879;782 201;7;0;2;7;15;1
202200017879;782 203;32;0;2;1;1;1
202200017880;782 198;7;0;2;4;2;1
202200017880;782 200;7;0;2;1;2;1
202200017881;782 197;7;4;0;1;1;1
202200017882;782 196;7;0;2;2;15;1
202200017882;782 199;33;0;2;1;1;1
202200017883;782 193;7;0;2;3;15;1
202200017883;782 195;7;0;2;1;17;1
202200017884;782 192;2;0;2;2;1;1
202200017884;782 194;7;0;2;1;1;1
202200017885;782 190;7;0;2;6;24;1
202200017885;782 191;7;1;0;1;9;1
202200017886;782 188;31;0;2;1;1;1
202200017886;782 189;7;0;2;8;10;1
202200017887;782 186;1;0;2;7;1;5
202200017887;782 187;7;0;2;8;5;0
202200017888;782 184;7;0;2;7;16;1
202200017888;782 185;50;0;2;7;1;3
202200017889;782 183;10;0;1;1;9;1
202200017890;782 179;31;0;2;7;1;1
202200017890;782 182;10;0;2;1;15;1
202200017891;782 178;1;0;2;1;1;5
202200017891;782 180;7;0;9;2;16;1
202200017891;782 181;1;0;2;1;1;5
202200017892;782 176;7;0;2;2;2;1
202200017892;782 177;2;0;2;6;2;1
202200017893;782 175;7;0;1;1;15;1
202200017894;782 173;7;0;2;3;0;1
202200017894;782 174;50;0;2;3;5;3
202200017895;782 172;7;16;0;0;20;1
202200017896;782 171;7;10;0;1;15;1
202200017897;782 169;7;0;2;2;17;1
202200017897;782 170;7;0;2;0;0;1
202200017898;782 166;3;0;2;8;15;1
202200017898;782 168;7;0;2;1;1;1
202200017899;782 165;2;13;0;9;1;1
202200017899;782 167;7;0;2;2;0;1
202200017900;782 164;7;0;1;1;16;1
202200017901;782 162;7;0;2;2;1;1
202200017901;782 163;2;0;2;8;1;1
202200017902;782 159;7;0;2;1;9;1
202200017902;782 161;1;0;2;5;1;5
202200017903;782 158;7;0;2;8;15;2
202200017903;782 160;32;0;2;7;1;1
202200017904;782 155;50;0;2;7;26;3
202200017904;782 156;7;0;2;1;1;1
202200017905;782 154;7;0;2;3;1;1
202200017905;782 157;50;0;2;1;26;3
202200017906;782 152;37;0;2;1;19;2
202200017906;782 153;7;0;2;8;8;1
202200017907;782 151;7;16;0;4;26;1
202200017908;782 147;31;0;2;1;2;1
202200017908;782 149;10;0;2;5;1;1
202200017909;782 146;33;0;2;9;18;1
202200017909;782 148;7;0;2;2;12;1
202200017909;782 150;7;0;2;5;2;1
202200017910;782 143;33;0;2;8;1;1
202200017910;782 145;50;0;0;1;15;3
202200017911;782 142;10;1;2;3;15;1
202200017911;782 144;7;1;2;2;1;1
202200017912;782 140;10;0;2;1;13;1
202200017912;782 141;7;0;2;2;0;1
202200017913;782 139;7;2;0;1;1;1
202200017914;782 135;1;0;2;7;0;5
202200017914;782 138;7;0;2;0;1;1
202200017915;782 136;7;0;2;4;23;1
202200017915;782 137;7;0;2;1;2;1
202200017916;782 134;7;0;1;3;20;1
202200017917;782 133;10;0;1;0;26;1
202200017918;782 132;7;9;0;2;1;1
202200017919;782 131;7;1;0;4;20;2
202200017920;782 130;7;13;0;1;13;1
202200017921;782 129;7;0;1;2;1;1
202200017922;782 127;7;0;2;1;1;1
202200017922;782 128;7;0;2;4;1;1
202200017923;782 126;7;0;0;9;26;1
202200017924;782 124;13;0;2;5;1;1
202200017924;782 125;7;0;2;3;13;5
202200017925;782 119;7;0;2;3;1;1
202200017925;782 121;31;0;2;1;13;1
202200017926;782 118;7;0;2;1;1;1
202200017926;782 120;7;0;2;4;23;1
202200017926;782 122;7;0;2;4;23;1
202200017926;782 123;7;0;2;4;23;3
202200017927;782 115;37;0;2;0;0;1
202200017927;782 116;2;0;0;0;0;1
202200017928;782 110;31;0;2;7;17;1
202200017928;782 112;10;0;2;3;15;1
202200017929;782 108;7;0;2;6;23;1
202200017929;782 109;14;0;2;2;1;1
202200017930;782 106;7;0;2;3;26;0
202200017930;782 107;7;0;2;3;26;0
202200017931;782 103;7;0;2;3;1;1
202200017931;782 104;7;0;2;3;15;1
202200017931;782 105;7;0;2;1;17;1
202200017932;782 102;7;13;0;1;1;1
202200017933;782 100;30;4;0;1;2;1
202200017934;782 099;7;0;2;2;15;1
202200017934;782 101;33;0;2;1;1;1
202200017935;782 096;10;0;2;7;1;1
202200017935;782 098;50;0;2;1;9;3
202200017936;782 093;10;0;2;1;1;1
202200017936;782 094;7;0;2;1;1;1
202200017936;782 095;7;0;2;4;1;1
202200017936;782 097;7;0;2;4;23;1
202200017937;782 092;7;2;0;1;9;1
202200017938;782 089;2;0;2;3;2;1
202200017938;782 091;7;0;2;1;15;1
202200017939;782 088;7;0;2;3;1;1
202200017939;782 090;7;0;2;2;14;1
202200017940;782 086;7;0;2;1;1;1
202200017940;782 087;7;0;2;4;1;1
202200017941;782 082;32;0;1;1;19;1
202200017942;782 081;7;2;0;0;1;1
202200017943;782 080;3;0;1;0;26;1
202200017944;782 077;7;0;2;8;1;1
202200017944;782 079;7;0;2;1;1;1
202200017945;782 075;7;0;2;4;15;1
202200017945;782 076;7;0;2;1;2;1
202200017945;782 078;10;0;2;1;2;1
202200017946;782 074;7;6;0;8;0;1
202200017947;782 072;7;14;0;2;18;1
202200017947;782 073;7;14;0;2;16;1
202200017948;782 071;2;0;0;0;0;1
202200017949;782 070;30;16;0;0;1;1
202200017950;782 068;7;0;2;2;16;1
202200017950;782 069;2;0;2;1;12;2
202200017951;782 067;2;0;0;9;1;1
202200017952;782 062;7;0;2;1;1;1
202200017952;782 064;7;0;2;1;9;1
202200017952;782 066;31;9;2;0;9;1
202200017953;782 063;7;2;2;1;13;1
202200017953;782 065;7;0;2;1;1;3
202200017954;782 059;10;0;2;1;2;1
202200017954;782 060;7;0;2;4;2;1
202200017954;782 061;33;0;2;8;3;1
202200017955;782 056;10;0;2;6;11;1
202200017955;782 058;33;0;2;2;3;1
202200017956;782 055;7;0;2;2;1;1
202200017956;782 057;7;0;2;3;16;2
202200017957;782 054;33;4;0;1;13;1
202200017958;782 052;7;0;2;1;1;1
202200017958;782 053;7;0;2;6;26;1
202200017959;782 049;7;0;2;7;1;1
202200017959;782 050;7;0;2;2;1;1
202200017959;782 051;7;0;2;3;13;1
202200017960;782 048;7;3;0;1;1;1
202200017961;782 044;7;0;2;8;15;1
202200017961;782 047;7;0;2;1;1;1
202200017962;782 043;7;0;2;1;1;1
202200017962;782 045;33;0;2;8;1;1
202200017962;782 046;7;0;2;2;14;1
202200017963;782 042;35;0;1;0;0;-1
202200017964;782 040;7;0;2;1;9;2
202200017964;782 041;31;0;2;7;1;1
202200017965;782 038;7;0;2;4;0;1
202200017965;782 039;33;0;2;7;1;1
202200017966;782 037;7;0;1;3;1;1
202200017967;782 034;7;0;2;8;9;1
202200017967;782 036;7;0;2;1;1;1
202200017968;782 033;32;0;2;1;2;1
202200017968;782 035;10;0;2;4;4;1
202200017969;782 030;33;0;2;1;17;1
202200017969;782 031;7;0;2;6;15;1
202200017970;782 029;7;0;2;1;9;1
202200017970;782 032;30;0;2;7;1;1
202200017971;782 026;32;0;2;4;23;1
202200017971;782 028;7;0;2;1;2;2
202200017972;782 025;7;0;2;2;19;0
202200017972;782 027;30;0;2;3;1;1
202200017973;782 022;33;0;2;1;1;1
202200017973;782 024;7;0;2;2;15;1
202200017974;782 021;50;0;2;0;0;3
202200017974;782 023;7;0;2;1;0;1
202200017975;782 019;10;0;2;6;10;3
202200017975;782 020;30;0;2;3;1;1
202200017976;782 015;7;0;2;1;1;1
202200017976;782 017;30;0;2;3;1;1
202200017977;782 016;7;0;2;2;15;0
202200017977;782 018;7;0;2;1;1;1
202200017978;782 013;33;11;0;1;2;1
202200017979;782 014;50;0;1;1;1;3
202200017980;782 012;7;2;0;1;2;1
202200017981;782 011;7;0;1;1;1;2
202200017982;782 010;32;14;0;1;13;1
202200017983;782 008;50;0;2;1;1;3
202200017983;782 009;10;0;2;2;16;1
202200017984;782 004;7;0;2;3;2;1
202200017984;782 006;30;0;2;4;23;3
202200017985;782 003;3;4;0;0;0;1
202200017985;782 005;3;4;0;4;0;1
202200017985;782 007;7;4;2;1;9;1
202200017986;782 001;1;0;2;3;13;5
202200017986;782 002;43;0;2;1;1;1
202200017987;782 000;7;0;1;1;1;1
202200017988;781 998;1;0;2;1;15;5
202200017988;781 999;30;0;2;8;1;3
202200017989;781 997;7;0;1;1;1;1
202200017990;781 995;10;0;2;1;1;3
202200017990;781 996;10;8;2;2;1;1
202200017991;781 993;10;0;2;3;1;1
202200017991;781 994;7;0;2;2;1;1
202200017992;781 991;7;1;2;2;1;1
202200017993;781 988;33;0;2;1;17;1
202200017993;781 990;7;0;2;8;15;1
202200017994;781 984;7;0;2;5;4;1
202200017994;781 985;7;0;2;2;1;1
202200017995;781 986;7;0;2;5;14;1
202200017995;781 987;33;0;2;8;3;1
202200017995;781 989;7;0;2;3;1;1
202200017996;781 982;7;0;2;2;12;1
202200017996;781 983;32;0;2;0;2;1
202200017997;781 981;1;0;1;1;7;5
202200017998;781 979;1;0;2;5;15;5
202200017998;781 980;99;0;2;5;2;0
202200017999;781 977;7;0;2;3;10;1
202200017999;781 978;31;0;2;1;1;3
202200018000;781 976;7;0;1;1;1;1
202200018001;781 975;31;0;1;1;1;1
202200018002;781 973;10;0;9;2;16;1
202200018002;781 974;1;0;2;6;1;5
202200018003;781 972;37;12;0;2;20;1
202200018004;781 969;7;0;2;2;15;1
202200018004;781 970;30;0;2;8;24;1
202200018004;781 971;7;1;0;8;1;1
202200018005;781 968;7;9;0;1;1;1
202200018006;781 966;43;0;2;1;1;1
202200018006;781 967;7;0;2;2;15;1
202200018007;781 964;30;0;2;1;17;1
202200018007;781 965;7;0;2;3;9;1
202200018008;781 963;7;0;1;4;14;2
202200018009;781 962;2;0;0;7;1;3
202200018010;781 960;33;0;2;4;16;3
202200018010;781 961;7;0;2;1;2;1
202200018011;781 959;50;14;0;1;14;3
202200018012;781 956;10;14;2;1;26;1
202200018012;781 958;7;0;9;4;26;0
202200018013;781 955;33;0;2;7;1;1
202200018013;781 957;7;0;2;0;18;0
202200018014;781 952;32;0;2;1;1;1
202200018014;781 954;7;0;2;2;15;2
202200018015;781 951;7;0;2;3;1;2
202200018015;781 953;1;0;2;1;7;5
202200018016;781 950;7;0;1;2;1;1
202200018017;781 948;30;0;2;0;13;3
202200018017;781 949;7;0;2;2;17;0
202200018018;781 947;7;0;1;2;15;0
202200018019;781 946;50;0;0;1;21;3
202200018020;781 944;2;0;2;8;2;1
202200018020;781 945;7;0;2;7;12;1
202200018021;781 942;34;0;1;1;1;1
202200018022;781 943;33;0;1;1;17;1
202200018023;781 939;7;0;2;0;2;1
202200018023;781 941;7;0;2;0;1;1
202200018024;781 938;7;0;2;1;1;1
202200018024;781 940;7;0;2;1;1;1
202200018025;781 936;7;0;2;1;1;1
202200018025;781 937;7;0;2;1;1;1
202200018026;781 933;10;0;2;7;1;1
202200018026;781 935;7;0;2;1;0;1
202200018027;781 932;7;0;2;1;1;1
202200018027;781 934;7;0;2;1;13;1
202200018028;781 928;7;0;2;1;1;1
202200018028;781 930;7;0;2;1;13;1
202200018029;781 929;7;0;0;2;2;1
202200018029;781 931;99;0;2;1;15;0
202200018030;781 925;21;0;0;6;2;1
202200018030;781 927;31;0;2;2;2;0
202200018031;781 923;7;13;0;7;1;1
202200018032;781 924;7;0;2;4;2;1
202200018032;781 926;7;0;2;1;2;1
202200018033;781 922;7;2;9;1;1;1
202200018034;781 920;7;0;2;3;1;1
202200018034;781 921;33;0;2;1;13;1
202200018035;781 918;30;0;2;1;17;1
202200018035;781 919;30;0;2;1;17;0
202200018036;781 916;2;0;2;0;0;1
202200018036;781 917;7;0;2;3;1;1
202200018037;781 915;7;0;1;2;17;1
202200018038;781 913;30;0;2;1;2;1
202200018038;781 914;7;0;2;8;15;2
202200018039;781 912;10;0;0;9;1;1
202200018040;781 910;7;0;2;1;1;1
202200018040;781 911;7;0;2;1;13;1
202200018041;781 908;32;0;2;1;17;1
202200018041;781 909;7;0;2;1;15;1
202200018042;781 906;33;0;2;1;1;1
202200018042;781 907;7;0;2;2;10;1
202200018043;781 904;30;0;2;1;1;1
202200018043;781 905;10;0;2;3;1;1
202200018044;781 902;7;0;2;6;23;1
202200018044;781 903;7;0;2;2;23;1
202200018045;781 900;7;0;2;8;23;1
202200018045;781 901;7;0;2;1;16;1
202200018046;781 899;7;0;1;8;4;0
202200018047;781 896;7;0;2;4;23;1
202200018047;781 897;7;0;2;4;23;1
202200018047;781 898;7;0;2;1;2;1
202200018048;781 894;7;0;2;3;15;1
202200018048;781 895;2;0;2;1;1;1
202200018049;781 887;7;0;2;6;23;1
202200018049;781 888;7;0;2;3;1;1
202200018049;781 889;7;0;2;3;2;1
202200018050;781 886;10;0;1;6;4;1
202200018051;781 884;7;0;2;1;17;1
202200018051;781 885;7;0;2;6;15;1
202200018052;781 882;30;0;2;1;1;1
202200018052;781 883;7;0;2;8;15;1
202200018053;781 881;7;0;1;7;1;1
202200018054;781 879;2;0;2;8;2;1
202200018054;781 880;30;0;2;7;2;1
202200018055;781 877;7;0;2;8;1;1
202200018055;781 878;7;0;2;1;1;1
202200018056;781 876;2;0;2;6;12;1
202200018057;781 875;7;0;1;2;1;1
202200018058;781 873;7;0;2;3;15;1
202200018058;781 874;43;0;2;3;17;1
202200018059;781 869;7;1;0;1;9;1
202200018060;781 867;7;0;2;5;16;1
202200018060;781 868;80;0;2;1;26;3
202200018061;781 865;7;0;2;2;1;1
202200018061;781 866;1;0;2;8;15;5
202200018062;781 864;7;0;1;1;9;1
202200018063;781 862;2;0;2;8;1;1
202200018063;781 863;7;0;2;1;15;1
202200018064;781 861;30;8;0;1;14;1
202200018065;781 860;10;0;1;4;4;1
202200018066;781 858;7;0;2;2;1;1
202200018066;781 859;7;0;2;3;1;1
202200018067;781 856;3;1;0;0;2;1
202200018067;781 857;3;0;2;3;20;1
202200018068;781 854;7;1;0;3;1;0
202200018069;781 852;33;0;2;1;1;0
202200018069;781 853;7;0;2;1;11;1
202200018070;781 851;7;1;0;3;1;1
202200018071;781 850;7;0;1;3;1;1
202200018072;781 848;33;0;2;3;2;1
202200018072;781 849;7;0;2;3;15;1
202200018073;781 844;7;0;9;0;2;1
202200018073;781 845;2;0;0;0;0;1
202200018073;781 846;7;0;2;1;2;6
202200018073;781 847;10;0;2;1;2;6
202200018074;781 842;7;0;2;5;2;2
202200018074;781 843;34;0;2;1;2;1
202200018075;781 840;7;0;2;4;2;1
202200018075;781 841;7;0;2;1;2;1
202200018076;781 838;7;0;2;4;2;1
202200018076;781 839;31;0;2;1;2;1
202200018077;781 837;14;0;1;6;20;1
202200018078;781 835;7;0;2;0;2;2
202200018078;781 836;30;0;2;4;2;3
202200018079;781 834;7;0;1;4;4;1
202200018080;781 832;1;0;2;2;1;5
202200018080;781 833;7;0;2;3;1;1
202200018081;781 830;7;0;2;8;22;0
202200018081;781 831;2;0;2;1;1;1
202200018082;781 828;7;0;0;0;2;1
202200018082;781 829;33;0;0;0;2;1
202200018083;781 827;7;0;1;1;5;1
202200018084;781 825;1;0;2;1;1;5
202200018084;781 826;7;0;2;7;15;0
202200018085;781 823;7;0;2;4;1;2
202200018085;781 824;33;0;2;1;11;1
202200018086;781 821;1;0;2;3;21;5
202200018086;781 822;80;0;2;1;1;3
202200018087;781 817;7;0;2;1;1;1
202200018087;781 818;1;0;2;7;1;5
202200018088;781 816;33;0;1;1;17;1
202200018089;781 815;7;0;1;7;16;1
202200018090;781 813;7;0;2;4;2;1
202200018090;781 814;1;0;2;1;2;5
202200018091;781 811;7;0;2;3;0;1
202200018091;781 812;34;0;2;6;0;1
202200018092;781 809;1;0;2;8;1;5
202200018092;781 810;7;0;2;1;26;0
202200018093;781 807;7;0;2;2;15;1
202200018093;781 808;7;0;2;3;1;1
202200018094;781 805;7;0;2;1;16;0