Num_Acc;id_vehicule;catv;obs;obsm;choc;manv;motor
202200019663;779 014;1;0;2;1;1;5
202200019663;779 015;7;0;0;3;17;1
202200019664;779 011;7;0;1;4;4;1
202200019665;779 010;7;3;0;1;13;1
202200019666;779 008;7;0;2;1;1;1
202200019666;779 009;7;0;2;2;13;1
202200019667;779 006;7;0;1;2;1;1
202200019668;779 005;7;8;0;2;1;1
202200019669;779 002;7;0;0;4;23;1
202200019669;779 004;7;0;2;1;1;1
202200019670;779 003;31;12;0;0;1;1
202200019671;779 001;7;0;1;1;15;1
202200019672;779 000;7;0;1;0;0;0
202200019673;778 998;7;0;2;1;1;1
202200019673;778 999;10;0;2;4;1;1
202200019674;778 997;17;3;0;8;6;1
202200019675;778 994;31;12;0;1;1;1
202200019676;778 992;7;0;2;4;1;1
202200019676;778 993;7;0;2;4;1;1
202200019676;778 995;7;0;2;4;1;1
202200019676;778 996;7;0;2;3;2;2
202200019677;778 991;33;12;0;1;1;1
202200019678;778 989;17;0;2;8;0;1
202200019678;778 990;7;0;2;7;0;1
202200019679;778 986;10;0;2;3;15;1
202200019679;778 987;34;3;2;1;1;1
202200019680;778 984;33;0;2;0;3;1
202200019680;778 985;7;0;2;0;0;1
202200019680;778 988;7;0;2;0;0;1
202200019681;778 981;7;0;2;1;15;1
202200019681;778 983;7;0;2;1;1;1
202200019682;778 982;7;4;0;3;1;1
202200019683;778 980;7;2;0;1;14;1
202200019684;778 978;10;0;2;3;9;1
202200019684;778 979;15;0;2;2;1;1
202200019685;778 975;31;0;0;2;3;1
202200019686;778 971;33;0;2;3;1;1
202200019686;778 973;7;0;2;5;14;1
202200019687;778 968;1;0;2;2;1;5
202200019687;778 969;7;0;2;3;19;1
202200019688;778 967;7;0;2;1;1;1
202200019688;778 970;7;0;2;3;11;1
202200019689;778 966;33;7;0;1;12;1
202200019690;778 964;7;0;2;0;14;0
202200019690;778 965;7;0;2;6;1;1
202200019691;778 962;7;0;2;1;26;1
202200019691;778 963;7;0;2;5;1;0
202200019692;778 958;10;0;2;6;2;1
202200019692;778 960;7;0;2;4;2;1
202200019692;778 961;7;0;2;1;1;1
202200019693;778 957;10;0;2;5;1;1
202200019693;778 959;7;0;2;3;2;1
202200019694;778 954;7;2;0;1;13;1
202200019695;778 953;7;0;2;3;11;1
202200019695;778 955;33;0;2;7;1;1
202200019695;778 956;7;0;2;8;1;1
202200019696;778 952;7;3;2;2;1;1
202200019697;778 950;7;0;2;2;12;1
202200019697;778 951;32;0;2;3;3;1
202200019698;778 947;7;0;2;4;11;1
202200019698;778 949;33;0;2;1;3;1
202200019699;778 946;33;0;2;3;1;1
202200019699;778 948;7;0;2;0;0;1
202200019700;778 944;7;0;2;1;15;1
202200019700;778 945;1;0;2;2;1;5
202200019701;778 943;7;2;0;1;1;2
202200019702;778 941;32;0;2;2;1;1
202200019702;778 942;2;0;2;5;15;1
202200019703;778 938;7;0;2;1;2;1
202200019703;778 940;7;0;2;4;2;1
202200019704;778 937;7;0;2;5;17;1
202200019704;778 939;7;0;2;3;26;1
202200019705;778 936;80;12;0;8;1;3
202200019706;778 934;10;0;1;2;16;1
202200019707;778 933;7;4;0;4;1;1
202200019707;778 935;7;4;2;1;1;1
202200019708;778 930;7;0;2;1;0;1
202200019708;778 932;7;0;0;4;0;1
202200019709;778 927;7;0;2;3;1;1
202200019709;778 929;7;0;2;1;1;1
202200019709;778 931;7;0;2;4;26;1
202200019710;778 926;7;0;2;1;2;1
202200019710;778 928;30;0;2;4;13;1
202200019711;778 925;7;8;0;1;13;1
202200019712;778 920;33;0;2;2;17;1
202200019712;778 922;7;0;2;3;15;1
202200019713;778 921;10;0;2;1;1;1
202200019713;778 923;10;0;2;4;2;1
202200019713;778 924;10;0;2;3;2;1
202200019714;778 917;7;0;2;3;15;1
202200019714;778 919;7;0;2;1;1;2
202200019715;778 916;7;0;2;7;12;1
202200019715;778 918;33;0;2;8;2;1
202200019716;778 914;7;1;0;1;14;1
202200019716;778 915;7;0;2;5;26;1
202200019717;778 910;33;0;0;8;17;1
202200019718;778 911;7;0;2;1;2;1
202200019718;778 912;7;0;2;4;2;1
202200019718;778 913;10;0;2;4;2;1
202200019719;778 907;7;0;1;1;1;1
202200019720;778 908;7;0;2;3;15;1
202200019720;778 909;7;0;2;2;17;1
202200019721;778 905;7;0;1;2;1;0
202200019722;778 904;1;0;2;3;1;5
202200019722;778 906;7;0;9;4;4;1
202200019723;778 901;50;0;2;0;0;3
202200019723;778 903;7;0;9;3;2;1
202200019724;778 902;7;0;1;1;16;1
202200019725;778 899;50;1;0;1;1;3
202200019725;778 900;7;0;2;8;24;1
202200019726;778 897;7;13;0;3;16;1
202200019727;778 896;7;0;2;6;26;1
202200019727;778 898;32;0;2;1;1;1
202200019728;778 894;7;0;2;1;16;1
202200019728;778 895;7;0;2;2;1;1
202200019729;778 891;1;12;0;1;26;5
202200019730;778 892;31;0;2;1;1;1
202200019730;778 893;7;0;2;7;15;1
202200019731;778 889;7;0;2;1;1;1
202200019731;778 890;7;1;2;3;0;1
202200019732;778 887;34;6;0;2;15;0
202200019733;778 885;7;0;1;7;1;1
202200019734;778 886;7;0;2;3;16;1
202200019734;778 888;50;0;2;1;1;3
202200019735;778 882;7;0;2;2;19;1
202200019735;778 884;7;0;2;1;2;1
202200019736;778 883;10;0;2;1;26;0
202200019737;778 879;7;0;2;3;1;1
202200019737;778 881;7;0;2;2;9;1
202200019738;778 878;7;0;2;8;1;1
202200019738;778 880;7;0;2;1;19;1
202200019739;778 876;1;0;2;1;1;5
202200019739;778 877;7;0;2;3;9;1
202200019740;778 875;7;0;1;4;1;3
202200019741;778 874;7;8;0;5;4;1
202200019742;778 872;7;0;2;6;2;1
202200019742;778 873;33;0;2;1;2;1
202200019743;778 871;7;9;0;1;1;1
202200019744;778 870;33;0;0;0;1;1
202200019745;778 868;99;0;9;0;26;0
202200019745;778 869;1;0;0;0;0;5
202200019746;778 866;7;0;2;4;21;1
202200019746;778 867;7;0;2;1;1;1
202200019747;778 865;7;6;0;1;1;1
202200019748;778 863;10;0;2;1;1;1
202200019748;778 864;7;0;2;8;0;1
202200019749;778 861;33;0;0;0;2;1
202200019750;778 862;7;0;1;4;4;0
202200019751;778 859;7;0;2;6;15;1
202200019751;778 860;33;0;2;1;1;1
202200019752;778 857;7;15;0;1;14;1
202200019753;778 858;7;9;0;1;26;1
202200019754;778 855;1;0;2;3;15;5
202200019754;778 856;7;0;2;2;1;1
202200019755;778 851;7;0;2;3;13;1
202200019755;778 852;7;0;2;3;0;1
202200019755;778 853;7;0;2;1;1;1
202200019756;778 854;7;1;0;2;1;1
202200019757;778 849;30;0;0;3;1;1
202200019758;778 850;7;0;1;1;15;1
202200019759;778 848;31;11;0;1;17;1
202200019760;778 846;7;0;1;0;16;2
202200019761;778 845;7;9;2;3;16;1
202200019761;778 847;7;0;2;1;1;1
202200019762;778 843;7;0;2;1;16;1
202200019762;778 844;7;0;1;1;13;1
202200019763;778 840;30;0;2;3;2;1
202200019763;778 841;7;0;2;2;15;0
202200019764;778 839;33;3;2;3;1;1
202200019764;778 842;7;3;2;6;13;1
202200019765;778 835;7;0;2;1;1;1
202200019765;778 837;7;0;2;4;1;1
202200019765;778 838;7;0;0;4;15;1
202200019766;778 834;33;0;0;4;0;1
202200019766;778 836;7;0;2;0;0;1
202200019767;778 832;7;2;0;7;13;1
202200019768;778 831;7;0;0;0;0;1
202200019768;778 833;33;0;2;1;17;1
202200019769;778 827;34;0;2;1;9;1
202200019769;778 829;7;0;2;1;9;1
202200019770;778 824;7;0;2;5;26;1
202200019770;778 826;30;0;2;1;1;1
202200019771;778 825;7;0;2;1;1;1
202200019771;778 828;7;0;2;1;1;1
202200019771;778 830;7;0;2;4;23;1
202200019772;778 821;33;0;2;1;0;1
202200019772;778 822;7;0;2;6;1;1
202200019772;778 823;7;0;2;3;17;1
202200019773;778 820;7;15;0;2;14;1
202200019774;778 816;7;0;2;7;9;1
202200019774;778 818;32;0;2;8;9;1
202200019775;778 817;7;0;2;2;9;1
202200019775;778 819;33;0;2;1;1;1
202200019776;778 813;43;0;2;8;3;1
202200019776;778 814;10;0;2;7;1;1
202200019776;778 815;7;0;2;8;1;1
202200019777;778 812;30;12;0;1;14;1
202200019778;778 809;7;0;2;1;2;1
202200019778;778 810;7;0;2;1;2;1
202200019778;778 811;10;0;2;7;2;1
202200019779;778 806;34;4;0;7;14;1
202200019780;778 807;34;0;2;2;17;1
202200019780;778 808;37;0;2;3;15;1
202200019781;778 804;7;0;2;3;2;1
202200019781;778 805;7;0;2;6;2;1
202200019782;778 803;10;13;0;1;1;1
202200019783;778 801;7;0;2;7;7;2
202200019783;778 802;7;0;2;1;5;0
202200019784;778 798;1;0;0;1;1;5
202200019785;778 799;7;0;2;4;2;3
202200019785;778 800;7;0;2;1;21;1
202200019786;778 795;7;0;2;0;13;0
202200019786;778 797;32;0;2;2;17;1
202200019787;778 793;32;0;1;1;1;0
202200019788;778 791;30;0;2;7;16;1
202200019788;778 792;7;0;2;3;16;1
202200019789;778 787;7;0;2;0;2;0
202200019789;778 789;32;0;2;1;2;1
202200019790;778 788;7;0;2;2;15;1
202200019790;778 790;7;0;2;3;1;1
202200019791;778 784;1;0;0;1;0;5
202200019792;778 785;7;0;2;3;15;2
202200019792;778 786;32;0;2;7;17;1
202200019793;778 782;7;0;1;2;1;1
202200019794;778 781;7;0;2;1;7;1
202200019794;778 783;32;0;2;4;16;3
202200019795;778 777;30;0;2;8;16;1
202200019795;778 779;7;0;2;0;18;1
202200019796;778 778;1;0;2;1;19;5
202200019796;778 780;7;0;9;1;1;1
202200019797;778 775;10;0;2;1;1;1
202200019797;778 776;1;0;2;8;19;5
202200019798;778 772;30;0;2;3;10;1
202200019798;778 773;33;0;2;2;1;1
202200019799;778 771;7;0;2;1;1;1
202200019799;778 774;7;0;2;4;1;1
202200019800;778 769;13;0;2;8;14;1
202200019800;778 770;1;0;2;8;18;5
202200019801;778 766;7;0;2;3;13;1
202200019801;778 768;7;0;2;3;1;1
202200019802;778 764;50;0;2;1;1;3
202200019802;778 767;7;0;2;3;1;1
202200019803;778 761;1;0;1;7;1;5
202200019804;778 762;7;0;2;1;13;1
202200019804;778 763;7;0;2;3;1;1
202200019804;778 765;7;0;2;0;0;1
202200019805;778 759;1;0;2;1;1;5
202200019805;778 760;7;0;2;1;15;2
202200019806;778 757;7;0;2;3;2;1
202200019806;778 758;1;0;2;5;2;5
202200019807;778 754;7;0;1;3;15;2
202200019808;778 755;7;0;2;1;2;1
202200019808;778 756;7;0;2;4;1;1
202200019809;778 751;1;0;2;8;7;5
202200019809;778 752;7;0;2;7;17;2
202200019810;778 750;1;0;2;1;25;5
202200019810;778 753;7;0;9;2;1;1
202200019811;778 746;7;0;2;1;1;1
202200019811;778 748;7;0;2;5;23;1
202200019811;778 749;7;0;2;6;23;1
202200019812;778 745;7;0;2;3;1;1
202200019812;778 747;7;0;2;3;1;1
202200019813;778 741;0;0;2;1;9;0
202200019813;778 743;30;4;2;7;17;1
202200019814;778 742;32;0;2;1;18;1
202200019814;778 744;10;0;2;1;16;1
202200019815;778 738;7;0;2;2;2;1
202200019815;778 739;7;0;2;4;1;1
202200019816;778 737;7;0;2;1;15;1
202200019816;778 740;1;0;2;8;16;5
202200019817;778 735;7;1;2;6;2;1
202200019817;778 736;33;0;2;6;17;1
202200019818;778 731;7;14;9;2;11;1
202200019818;778 733;1;14;2;3;0;5
202200019819;778 730;7;0;2;2;9;1
202200019819;778 732;7;0;2;6;1;1
202200019819;778 734;7;0;2;4;1;1
202200019820;778 729;7;0;1;1;16;1
202200019821;778 727;7;0;2;2;26;1
202200019821;778 728;1;0;2;1;1;5
202200019822;778 726;7;0;1;0;16;0
202200019823;778 725;32;15;0;2;14;1
202200019824;778 723;33;0;2;1;1;1
202200019824;778 724;30;0;2;0;0;1
202200019825;778 722;7;0;1;7;1;1
202200019826;778 719;7;0;2;1;1;1
202200019826;778 721;7;0;2;1;13;1
202200019827;778 718;43;0;2;1;1;1
202200019827;778 720;7;0;2;2;9;1
202200019828;778 717;7;4;0;1;1;1
202200019829;778 714;33;0;2;7;1;1
202200019829;778 716;13;0;2;8;10;1
202200019830;778 715;2;0;0;0;0;1
202200019831;778 712;14;0;1;6;26;6
202200019832;778 713;7;3;0;1;1;1
202200019833;778 711;7;13;0;8;1;1
202200019834;778 709;15;0;2;6;15;1
202200019834;778 710;33;0;2;1;1;1
202200019835;778 708;37;0;1;1;15;1
202200019836;778 705;7;0;2;4;9;0
202200019836;778 706;7;0;2;1;9;6
202200019837;778 704;7;0;1;8;19;3
202200019838;778 701;33;0;2;1;1;1
202200019838;778 702;7;0;2;2;15;1
202200019839;778 699;7;0;0;4;1;1
202200019839;778 703;7;0;2;1;1;1
202200019840;778 696;7;0;2;8;19;1
202200019840;778 700;7;0;2;1;1;1
202200019841;778 695;10;0;2;1;1;0
202200019841;778 697;7;0;2;4;1;1
202200019841;778 698;7;0;2;4;23;1
202200019842;778 692;7;0;2;3;1;1
202200019842;778 694;7;0;2;3;13;1
202200019843;778 691;7;0;2;4;1;3
202200019843;778 693;7;0;2;1;1;1
202200019844;778 690;7;0;1;1;16;2
202200019845;778 687;7;0;2;2;15;1
202200019845;778 689;32;0;2;1;0;0
202200019846;778 686;50;0;0;0;2;3
202200019847;778 685;7;0;2;1;15;1
202200019847;778 688;32;0;2;1;0;1
202200019848;778 682;33;0;2;1;1;1
202200019848;778 684;7;0;2;3;15;1
202200019849;778 683;7;2;0;1;1;1
202200019850;778 680;7;0;1;4;4;1
202200019851;778 678;33;0;2;1;1;1
202200019851;778 681;7;0;2;3;9;1
202200019852;778 679;33;2;0;3;1;1
202200019853;778 674;50;0;2;1;1;3
202200019853;778 675;7;0;2;2;15;1
202200019854;778 673;7;0;0;0;0;1
202200019854;778 676;7;0;0;0;0;1
202200019855;778 677;40;0;1;2;1;3
202200019856;778 672;43;8;0;1;1;1
202200019857;778 671;7;6;0;6;1;1
202200019858;778 670;80;0;1;1;1;3
202200019859;778 664;7;0;0;3;9;1
202200019859;778 668;2;0;0;1;1;1
202200019860;778 665;7;0;9;3;0;1
202200019860;778 667;2;0;2;8;13;1
202200019861;778 666;30;0;1;1;1;3
202200019862;778 659;7;0;2;1;1;1
202200019862;778 661;7;0;2;1;13;2
202200019863;778 660;2;0;0;4;1;1
202200019863;778 663;7;0;2;2;1;1
202200019864;778 656;1;0;0;1;1;5
202200019865;778 654;33;0;2;1;1;1
202200019865;778 657;7;0;2;8;15;1
202200019866;778 655;10;0;2;3;1;1
202200019866;778 658;7;0;2;7;9;1
202200019866;778 662;7;0;2;3;23;1
202200019867;778 653;7;2;0;1;1;1
202200019868;778 650;1;0;2;1;1;5
202200019868;778 651;7;0;2;2;15;1
202200019869;778 648;7;0;2;1;5;1
202200019869;778 649;7;0;2;1;1;1
202200019870;778 647;7;0;2;1;1;1
202200019870;778 652;7;0;2;3;19;1
202200019871;778 644;7;2;0;1;1;1
202200019872;778 643;2;0;6;1;1;1
202200019873;778 642;7;17;0;1;13;1
202200019874;778 640;2;8;0;2;0;1
202200019875;778 639;7;0;2;1;5;1
202200019875;778 641;7;0;2;2;1;1
202200019876;778 636;7;0;2;3;16;1
202200019876;778 638;33;0;2;1;1;1
202200019877;778 635;7;6;2;1;1;1
202200019877;778 637;13;0;2;3;1;1
202200019878;778 633;7;2;0;1;6;1
202200019879;778 630;2;0;0;1;21;1
202200019879;778 632;7;0;0;3;21;1
202200019880;778 631;7;0;2;3;15;1
202200019880;778 634;30;0;2;1;1;1
202200019881;778 629;2;8;0;1;1;1
202200019882;778 626;7;0;2;3;1;1
202200019882;778 628;7;0;2;3;9;1
202200019883;778 624;7;0;2;1;1;1
202200019883;778 627;14;0;2;2;1;1
202200019884;778 623;7;0;2;3;1;1
202200019884;778 625;7;0;2;3;13;1
202200019885;778 622;7;2;0;8;14;1
202200019886;778 619;7;13;0;3;1;1
202200019887;778 620;7;0;2;1;5;1
202200019887;778 621;7;0;2;1;1;1
202200019888;778 617;32;0;2;3;13;1
202200019888;778 618;7;0;2;3;0;1
202200019889;778 615;17;0;1;1;1;1
202200019890;778 614;7;0;9;1;2;1
202200019890;778 616;1;0;2;4;2;5
202200019891;778 613;7;13;0;1;1;1
202200019892;778 610;7;0;2;5;15;1
202200019892;778 612;32;0;2;1;26;1
202200019893;778 609;31;0;2;1;1;1
202200019893;778 611;7;0;2;1;1;1
202200019894;778 608;7;0;0;0;2;1
202200019895;778 606;7;13;0;2;1;1
202200019896;778 605;32;0;1;1;26;1
202200019897;778 607;33;0;0;8;1;1
202200019898;778 602;7;0;2;1;21;1
202200019898;778 604;7;0;2;1;5;1
202200019899;778 603;2;0;0;1;2;1
202200019900;778 601;7;-1;1;-1;0;-1
202200019901;778 599;7;6;1;2;14;1
202200019902;778 600;33;2;0;1;1;1
202200019903;778 597;33;0;5;1;1;1
202200019904;778 596;7;0;2;3;9;1
202200019904;778 598;33;0;2;1;17;1
202200019905;778 590;7;0;1;1;1;1
202200019906;778 589;1;0;0;0;1;5
202200019907;778 588;7;0;2;1;1;1
202200019907;778 591;10;0;2;3;13;1
202200019907;778 593;10;0;2;3;1;0
202200019907;778 595;7;15;0;1;1;1
202200019908;778 586;7;6;0;1;1;1
202200019909;778 582;7;0;2;4;2;2
202200019909;778 585;7;0;2;1;2;1
202200019909;778 587;7;0;2;4;2;1
202200019910;778 580;7;0;2;1;1;1
202200019910;778 583;7;0;2;1;1;1
202200019911;778 577;7;0;2;1;16;1
202200019911;778 579;7;0;2;5;1;1
202200019912;778 576;36;0;0;7;15;1
202200019913;778 575;7;3;0;4;1;1
202200019913;778 578;7;0;2;1;1;1
202200019914;778 573;2;6;0;0;0;1
202200019915;778 569;33;12;0;7;1;1
202200019916;778 568;10;0;2;1;1;1
202200019916;778 571;7;0;2;4;0;1
202200019916;778 574;7;0;2;1;0;0
202200019917;778 567;7;0;2;8;1;1
202200019917;778 570;7;0;2;8;13;1
202200019917;778 572;2;0;2;0;1;1
202200019918;778 566;7;0;0;1;0;1
202200019919;778 564;33;0;0;7;1;1
202200019920;778 563;7;0;2;1;13;1
202200019920;778 565;7;0;2;3;1;1
202200019921;778 561;31;0;2;1;3;1
202200019921;778 562;7;0;2;3;1;1
202200019922;778 560;7;15;0;9;1;1
202200019923;778 556;7;0;2;1;2;1
202200019923;778 558;7;0;1;4;23;0
202200019924;778 557;1;0;2;3;1;5
202200019924;778 559;21;0;2;3;1;1
202200019925;778 555;7;13;0;9;1;1
202200019926;778 554;33;0;0;7;1;1
202200019927;778 553;1;0;0;0;1;5
202200019928;778 551;33;7;0;7;15;1
202200019929;778 548;17;0;2;7;12;1
202200019929;778 550;7;0;2;8;1;1
202200019930;778 547;7;0;2;1;17;1
202200019930;778 549;7;0;2;1;1;1
202200019930;778 552;10;0;2;3;1;1
202200019931;778 545;7;0;2;6;20;1
202200019931;778 546;10;0;2;7;1;1
202200019932;778 542;32;0;2;1;11;1
202200019932;778 544;30;0;2;1;3;0
202200019933;778 541;33;0;2;1;5;1
202200019933;778 543;7;0;2;3;5;1
202200019934;778 540;7;0;1;1;15;1
202200019935;778 536;2;0;0;0;1;1
202200019936;778 535;7;0;2;6;1;1
202200019936;778 538;32;0;2;7;3;1
202200019936;778 539;7;0;2;2;12;1
202200019937;778 533;7;0;2;3;1;1
202200019937;778 537;7;0;2;3;13;1
202200019938;778 532;13;0;2;7;10;1
202200019938;778 534;33;0;2;1;1;1
202200019939;778 528;10;0;2;1;1;1
202200019939;778 530;1;0;2;4;1;5
202200019940;778 527;43;0;2;2;2;1
202200019940;778 529;7;0;2;3;11;2
202200019940;778 531;33;0;2;4;2;1
202200019941;778 525;1;0;0;0;1;5
202200019942;778 524;7;0;2;1;1;1
202200019942;778 526;7;0;2;1;13;1
202200019943;778 523;7;0;1;4;1;2
202200019944;778 521;33;13;0;2;1;1
202200019945;778 520;7;0;2;4;1;1
202200019945;778 522;31;0;2;1;2;1
202200019946;778 518;80;0;2;8;19;3
202200019946;778 519;50;0;2;1;1;3
202200019947;778 515;7;0;2;4;2;1
202200019947;778 517;7;0;2;1;2;1
202200019948;778 514;32;0;2;8;3;1
202200019948;778 516;7;0;2;2;1;1
202200019949;778 513;2;5;0;3;13;1
202200019950;778 510;7;0;2;4;2;1
202200019950;778 512;7;0;2;1;2;1
202200019951;778 509;7;0;2;1;15;1
202200019951;778 511;1;0;2;1;1;5
202200019952;778 507;7;3;0;2;12;1
202200019953;778 504;10;0;1;6;22;1
202200019954;778 503;7;0;2;9;9;1
202200019954;778 505;7;0;2;9;9;1
202200019954;778 506;7;0;2;1;9;1
202200019954;778 508;7;0;2;9;1;1
202200019955;778 501;10;0;2;4;21;1
202200019955;778 502;7;0;2;1;1;1
202200019956;778 500;32;12;0;3;16;1
202200019957;778 499;7;0;1;3;15;1
202200019958;778 497;30;0;2;1;2;1
202200019958;778 498;31;0;2;4;2;1
202200019959;778 496;7;0;1;1;16;2
202200019960;778 495;7;13;0;1;1;1
202200019961;778 493;7;0;9;3;1;1
202200019961;778 494;1;0;2;8;9;5
202200019962;778 491;7;0;1;2;14;1
202200019963;778 490;32;0;2;1;1;1
202200019963;778 492;7;0;2;6;10;1
202200019964;778 488;7;0;2;7;2;1
202200019964;778 489;30;0;2;1;2;1
202200019965;778 487;7;0;1;1;1;1
202200019966;778 486;1;0;0;0;1;5
202200019967;778 483;2;0;2;1;3;1
202200019967;778 485;7;0;9;8;19;1
202200019968;778 481;7;0;2;4;2;1
202200019968;778 484;7;0;2;1;2;1
202200019969;778 479;10;0;2;1;1;3
202200019969;778 482;1;0;2;4;11;5
202200019970;778 478;10;0;2;1;1;1
202200019970;778 480;34;0;2;7;19;1
202200019971;778 475;7;0;2;2;15;1
202200019971;778 477;7;0;2;1;1;1
202200019972;778 476;33;0;1;1;1;1
202200019973;778 473;7;0;2;1;26;1
202200019973;778 474;7;0;2;4;26;0
202200019974;778 471;7;6;1;7;1;1
202200019975;778 469;31;0;2;0;0;1
202200019976;778 470;30;0;2;7;1;1
202200019976;778 472;7;0;2;3;20;1
202200019977;778 465;7;0;2;7;19;1
202200019977;778 468;31;0;2;1;2;1
202200019978;778 463;7;0;2;8;15;1
202200019978;778 467;34;0;2;2;17;1
202200019979;778 464;30;0;2;0;18;0
202200019979;778 466;50;0;2;7;5;3
202200019980;778 456;7;0;2;1;17;3
202200019980;778 459;33;0;2;7;17;1
202200019980;778 462;7;0;2;6;23;1
202200019981;778 455;7;0;2;4;23;1
202200019981;778 458;33;0;2;9;23;1
202200019981;778 461;7;0;2;1;2;1
202200019982;778 457;32;0;2;0;2;1
202200019982;778 460;10;0;2;0;2;1
202200019983;778 453;7;0;2;3;5;1
202200019983;778 454;7;0;0;3;1;1
202200019984;778 449;7;0;2;4;2;1
202200019984;778 451;7;0;2;1;2;1
202200019985;778 450;40;0;2;2;1;3
202200019985;778 452;10;0;4;3;15;1
202200019986;778 447;31;0;2;0;21;1
202200019986;778 448;7;0;2;2;0;1
202200019987;778 444;43;0;2;1;5;1
202200019987;778 446;7;0;2;2;2;2
202200019988;778 443;10;0;2;3;9;1
202200019988;778 445;7;0;2;1;1;1
202200019989;778 442;7;0;1;2;17;1
202200019990;778 438;10;0;2;1;2;1
202200019990;778 439;7;0;2;4;2;1
202200019991;778 437;33;3;0;1;1;1
202200019992;778 436;7;0;1;1;15;1
202200019993;778 434;7;0;1;1;1;1
202200019994;778 433;7;0;2;3;13;1
202200019994;778 435;7;0;2;1;1;1
202200019995;778 431;7;0;2;2;10;1
202200019995;778 432;34;0;2;1;1;1
202200019996;778 429;7;0;2;1;1;1
202200019996;778 430;7;0;2;3;19;1
202200019997;778 428;7;12;0;2;1;0
202200019998;778 426;7;0;2;1;2;1
202200019998;778 427;7;0;2;4;2;1
202200019999;778 424;32;0;2;1;1;1
202200019999;778 425;7;0;2;5;15;1
202200020000;778 423;34;3;0;3;16;1
202200020001;778 419;7;0;2;8;22;1
202200020001;778 421;2;1;0;2;17;3
202200020002;778 418;7;0;2;0;0;1
202200020002;778 420;7;0;2;0;0;1
202200020002;778 422;37;0;2;0;26;1
202200020003;778 416;60;0;0;1;2;5
202200020004;778 415;7;0;2;5;15;1
202200020004;778 417;33;0;2;1;1;1
202200020005;778 414;7;0;0;0;14;1
202200020006;778 413;32;0;1;0;0;0
202200020007;778 409;7;0;2;3;1;1
202200020007;778 410;7;0;2;3;1;1
202200020007;778 412;7;0;2;3;1;1
202200020008;778 408;7;0;0;0;1;0
202200020008;778 411;10;0;2;1;1;1
202200020009;778 405;7;0;2;1;2;1
202200020009;778 406;1;0;0;0;0;5
202200020010;778 404;7;0;2;1;1;1
202200020010;778 407;7;3;2;1;5;1
202200020011;778 401;7;0;2;3;13;1
202200020011;778 402;7;0;2;3;1;1
202200020012;778 400;7;2;0;1;1;1
202200020013;778 399;80;0;1;1;1;3
202200020014;778 396;7;0;2;1;2;1
202200020014;778 397;7;0;2;4;2;1
202200020014;778 398;7;0;2;4;23;1
202200020015;778 395;7;12;0;4;15;1
202200020016;778 392;7;0;2;4;1;1
202200020016;778 393;10;0;2;1;1;1
202200020016;778 394;7;0;2;1;1;1
202200020017;778 390;7;0;2;8;20;1
202200020017;778 391;32;0;2;1;1;1
202200020018;778 388;50;0;2;3;19;3
202200020018;778 389;7;0;2;2;1;1
202200020019;778 386;7;0;1;7;1;1
202200020020;778 385;7;0;2;9;1;1
202200020020;778 387;7;0;2;7;12;1
202200020021;778 383;10;0;2;8;12;1
202200020021;778 384;33;0;2;3;2;1
202200020022;778 382;7;0;1;3;1;1
202200020023;778 380;33;0;2;1;2;1
202200020023;778 381;10;0;2;5;2;1
202200020024;778 378;32;3;0;7;14;1
202200020025;778 377;7;0;2;2;0;2
202200020025;778 379;7;1;2;2;13;1
202200020026;778 375;7;0;2;4;0;1
202200020026;778 376;7;0;2;1;2;1
202200020027;778 373;7;0;2;8;15;1
202200020027;778 374;34;0;2;1;17;1
202200020028;778 368;7;0;1;2;1;1
202200020029;778 366;7;0;2;6;1;1
202200020029;778 367;10;0;2;4;1;1
202200020029;778 369;7;0;2;4;1;1
202200020029;778 370;7;0;2;4;1;1
202200020029;778 371;7;0;2;4;1;1
202200020029;778 372;7;0;2;1;1;1
202200020030;778 364;33;0;2;5;21;1
202200020030;778 365;7;0;2;5;11;1
202200020031;778 362;7;0;2;1;1;1
202200020031;778 363;7;0;2;4;0;1
202200020032;778 359;7;0;1;1;26;1
202200020033;778 358;7;0;1;1;15;1
202200020034;778 354;7;0;2;0;17;1
202200020034;778 355;50;0;2;0;1;3
202200020035;778 353;7;0;1;4;20;1
202200020036;778 350;10;0;2;4;16;0
202200020036;778 351;2;0;2;4;1;1
202200020037;778 349;50;0;1;1;5;3
202200020038;778 348;7;0;1;2;16;0
202200020039;778 346;50;0;2;8;15;3
202200020039;778 347;37;0;2;2;26;1
202200020040;778 345;10;0;1;2;1;1
202200020041;778 343;2;0;2;7;17;1
202200020041;778 344;7;0;2;3;15;1
202200020042;778 342;7;0;1;1;1;1
202200020043;778 340;7;0;2;1;1;1
202200020043;778 341;50;0;2;8;9;3
202200020044;778 339;7;0;1;2;1;1
202200020045;778 337;33;0;1;1;1;1
202200020046;778 336;7;0;1;2;1;1
202200020047;778 335;7;0;1;8;15;1
202200020048;778 334;7;0;1;1;19;1
202200020049;778 333;7;0;1;3;1;1
202200020050;778 330;7;0;2;1;26;1
202200020050;778 331;7;0;2;1;1;1
202200020050;778 332;7;0;2;1;9;0
202200020051;778 329;7;0;1;1;20;2
202200020052;778 328;10;0;1;1;15;1
202200020053;778 327;7;2;0;1;13;1
202200020054;778 326;7;0;2;0;21;1
202200020055;778 325;7;0;1;2;1;1
202200020056;778 322;50;0;1;1;1;3
202200020057;778 319;3;0;2;2;19;1
202200020057;778 320;7;0;2;1;1;1
202200020058;778 317;7;0;2;3;15;1
202200020058;778 318;32;0;2;3;1;1
202200020059;778 316;7;0;1;3;1;1
202200020060;778 314;1;0;2;0;0;5
202200020060;778 315;1;0;2;0;0;5
202200020061;778 313;50;0;0;0;1;3