Num_Acc;id_vehicule;catv;obs;obsm;choc;manv;motor
202200020454;777 594;7;0;2;1;2;1
202200020454;777 596;7;0;2;4;2;1
202200020454;777 597;7;0;2;4;2;1
202200020454;777 599;7;0;2;2;2;1
202200020455;777 593;7;8;0;1;1;1
202200020456;777 589;7;0;2;1;2;1
202200020456;777 591;10;0;2;1;2;1
202200020457;777 590;7;0;2;1;1;1
202200020457;777 592;7;0;2;4;1;1
202200020458;777 587;33;12;0;4;16;1
202200020459;777 586;7;0;2;4;2;1
202200020459;777 588;0;0;2;1;2;0
202200020460;777 585;7;10;0;1;1;1
202200020461;777 581;7;0;2;4;1;1
202200020461;777 582;7;0;2;1;1;1
202200020461;777 583;7;0;2;4;1;1
202200020461;777 584;7;0;2;1;1;1
202200020462;777 579;7;0;1;1;1;1
202200020463;777 578;33;0;2;2;1;1
202200020463;777 580;7;0;2;3;13;1
202200020464;777 577;7;0;0;9;1;1
202200020465;777 576;7;4;0;1;14;1
202200020466;777 573;7;4;2;7;21;1
202200020466;777 574;7;4;2;6;1;1
202200020466;777 575;17;4;2;2;12;1
202200020467;777 571;7;0;2;1;1;1
202200020467;777 572;34;0;2;4;23;1
202200020468;777 569;31;4;2;1;2;1
202200020468;777 570;7;4;2;4;2;1
202200020469;777 566;7;9;2;8;1;1
202200020469;777 568;7;9;2;3;1;1
202200020470;777 563;7;0;2;4;2;1
202200020470;777 564;31;0;2;4;2;1
202200020470;777 565;33;0;2;4;2;1
202200020470;777 567;33;0;2;1;1;1
202200020471;777 562;34;4;2;1;1;1
202200020472;777 560;7;0;2;1;1;1
202200020472;777 561;7;0;2;4;1;1
202200020473;777 555;7;4;2;8;2;1
202200020473;777 556;7;4;2;4;2;1
202200020473;777 558;33;4;2;4;2;1
202200020473;777 559;7;4;2;1;1;1
202200020474;777 554;7;0;2;3;1;1
202200020474;777 557;50;0;2;1;1;3
202200020475;777 551;7;4;2;4;2;1
202200020475;777 552;10;4;2;4;2;1
202200020475;777 553;7;4;2;1;2;1
202200020476;777 548;7;0;2;6;12;1
202200020476;777 549;7;0;2;2;12;1
202200020477;777 547;20;0;2;4;1;1
202200020477;777 550;20;0;2;1;2;1
202200020478;777 544;31;0;2;8;3;1
202200020478;777 545;7;0;2;6;2;1
202200020478;777 546;7;0;2;2;14;1
202200020479;777 541;1;0;2;8;1;5
202200020479;777 542;80;0;0;7;17;3
202200020480;777 538;7;0;2;0;11;1
202200020480;777 539;30;0;2;0;1;1
202200020481;777 540;7;0;2;1;26;1
202200020481;777 543;7;0;2;1;1;1
202200020482;777 536;1;0;2;4;9;5
202200020482;777 537;33;0;2;1;1;1
202200020483;777 533;30;0;2;8;1;1
202200020483;777 534;10;0;2;7;16;1
202200020484;777 531;10;0;1;1;15;1
202200020485;777 530;50;0;1;1;19;3
202200020486;777 532;10;0;2;1;9;1
202200020486;777 535;7;0;2;8;1;1
202200020487;777 528;7;0;2;2;10;1
202200020487;777 529;30;0;2;3;1;1
202200020488;777 527;33;0;0;0;26;1
202200020489;777 526;7;6;0;1;26;1
202200020490;777 523;7;0;2;3;1;1
202200020490;777 525;2;0;2;3;17;1
202200020491;777 522;2;0;2;8;15;1
202200020491;777 524;7;0;2;7;2;1
202200020492;777 519;37;1;0;4;26;0
202200020492;777 521;7;1;0;1;2;1
202200020493;777 516;7;0;2;1;1;1
202200020493;777 517;7;0;2;5;15;1
202200020494;777 518;7;0;2;2;15;1
202200020494;777 520;1;0;2;1;1;5
202200020495;777 514;7;0;2;3;15;1
202200020495;777 515;2;0;2;2;0;1
202200020496;777 511;33;1;2;1;17;1
202200020496;777 512;7;1;2;3;19;1
202200020497;777 510;1;0;2;1;2;5
202200020497;777 513;7;0;2;4;23;1
202200020498;777 509;37;1;0;8;1;1
202200020499;777 506;1;0;2;7;0;5
202200020499;777 508;7;0;2;3;15;1
202200020500;777 505;1;0;2;1;1;5
202200020500;777 507;7;0;2;1;1;1
202200020501;777 502;7;0;2;2;1;0
202200020501;777 503;7;0;2;3;1;0
202200020501;777 504;32;0;2;0;9;0
202200020502;777 500;7;0;2;7;15;1
202200020502;777 501;32;0;2;1;1;1
202200020503;777 497;7;0;1;1;1;2
202200020504;777 496;7;0;2;3;1;1
202200020504;777 498;7;0;2;5;15;1
202200020504;777 499;7;0;2;2;1;1
202200020505;777 493;7;0;2;4;23;1
202200020505;777 495;10;0;2;1;1;0
202200020506;777 492;10;0;1;2;1;1
202200020507;777 490;10;16;0;9;1;1
202200020508;777 491;7;0;2;4;2;1
202200020508;777 494;7;0;2;1;2;1
202200020509;777 488;7;0;2;3;1;1
202200020509;777 489;31;0;2;3;17;1
202200020510;777 487;7;0;1;3;1;1
202200020511;777 485;10;0;2;3;1;1
202200020511;777 486;7;0;2;3;13;1
202200020512;777 484;7;14;0;2;1;1
202200020513;777 481;33;0;0;1;1;1
202200020514;777 482;32;0;2;3;0;0
202200020514;777 483;7;0;2;3;1;0
202200020515;777 480;7;3;0;0;1;1
202200020516;777 477;7;0;2;5;2;1
202200020516;777 479;15;0;2;3;2;1
202200020517;777 475;7;2;0;8;17;1
202200020518;777 473;7;6;2;3;1;1
202200020518;777 474;7;0;2;1;1;1
202200020519;777 468;7;6;0;3;1;1
202200020520;777 466;33;0;2;1;1;1
202200020520;777 467;7;0;2;3;20;1
202200020521;777 464;21;0;2;3;15;1
202200020521;777 465;7;0;2;2;17;1
202200020522;777 460;10;0;2;3;1;1
202200020522;777 461;7;0;2;3;13;1
202200020522;777 463;7;0;2;1;1;1
202200020523;777 457;15;13;2;1;2;1
202200020523;777 458;7;3;2;4;9;1
202200020524;777 456;7;6;0;3;1;1
202200020525;777 454;7;0;2;3;1;1
202200020525;777 455;7;9;2;7;9;1
202200020526;777 453;31;16;0;9;1;1
202200020527;777 452;7;0;1;3;1;1
202200020528;777 449;7;0;2;3;1;1
202200020528;777 451;7;0;2;3;1;1
202200020529;777 447;7;0;2;0;0;1
202200020529;777 450;33;0;2;0;0;1
202200020530;777 446;10;0;2;1;1;1
202200020530;777 448;7;0;2;1;5;1
202200020531;777 445;7;13;0;0;21;1
202200020532;777 441;7;0;2;3;13;1
202200020532;777 443;7;1;2;3;1;1
202200020532;777 444;7;0;2;6;24;1
202200020533;777 440;15;0;2;1;1;1
202200020533;777 442;7;0;0;4;1;1
202200020534;777 435;15;0;0;5;2;1
202200020534;777 438;10;3;2;2;2;1
202200020535;777 436;33;0;2;1;1;1
202200020535;777 439;7;0;2;2;15;1
202200020536;777 433;2;0;2;8;1;1
202200020536;777 437;7;0;2;2;16;1
202200020537;777 431;31;0;2;1;2;1
202200020537;777 434;2;0;2;8;2;1
202200020538;777 432;33;1;0;1;2;1
202200020539;777 429;7;0;1;2;1;1
202200020540;777 427;7;0;2;6;1;1
202200020540;777 430;7;1;2;1;1;0
202200020541;777 426;2;0;2;1;1;1
202200020541;777 428;7;0;9;3;13;1
202200020542;777 424;10;0;2;7;17;1
202200020542;777 425;1;0;2;8;1;5
202200020543;777 422;7;0;2;8;10;1
202200020543;777 423;1;0;2;1;1;5
202200020544;777 420;1;0;2;1;1;5
202200020544;777 421;50;0;2;1;1;3
202200020545;777 419;40;0;1;1;1;3
202200020546;777 416;33;0;2;1;13;1
202200020546;777 418;7;0;2;3;1;1
202200020547;777 414;32;0;2;2;17;0
202200020547;777 415;7;0;2;8;15;0
202200020548;777 417;7;6;0;2;13;1
202200020549;777 413;7;13;0;3;1;1
202200020550;777 411;50;0;2;2;2;3
202200020550;777 412;7;0;2;3;18;1
202200020551;777 406;7;0;1;1;1;1
202200020552;777 407;10;0;2;3;14;1
202200020552;777 409;7;0;2;1;21;1
202200020553;777 408;7;0;9;1;15;1
202200020553;777 410;1;0;2;3;1;5
202200020554;777 405;7;6;0;1;16;1
202200020555;777 402;7;1;0;2;1;1
202200020556;777 401;7;0;2;5;17;1
202200020556;777 403;30;0;2;3;15;1
202200020557;777 398;33;0;2;1;26;1
202200020557;777 399;10;0;2;6;10;1
202200020558;777 400;33;0;2;1;2;1
202200020558;777 404;7;0;2;4;2;1
202200020559;777 396;32;0;2;1;0;1
202200020559;777 397;32;0;2;1;0;1
202200020560;777 394;7;0;2;1;15;1
202200020560;777 395;50;0;2;1;1;3
202200020561;777 392;7;0;1;2;1;1
202200020562;777 393;10;0;1;3;16;1
202200020563;777 391;7;0;0;0;26;1
202200020564;777 390;50;0;0;0;1;3
202200020565;777 388;7;4;0;3;1;1
202200020566;777 389;2;0;0;0;14;1
202200020567;777 387;10;2;0;2;1;1
202200020568;777 385;33;6;0;1;13;1
202200020569;777 384;7;0;2;3;17;1
202200020569;777 386;33;0;2;1;1;1
202200020570;777 382;7;2;0;2;0;1
202200020571;777 381;1;0;2;1;19;5
202200020571;777 383;7;0;2;3;16;1
202200020572;777 380;2;13;0;0;13;1
202200020573;777 379;37;1;0;1;1;1
202200020574;777 376;7;4;0;1;17;1
202200020575;777 377;7;2;0;7;14;1
202200020576;777 375;31;0;0;8;1;1
202200020576;777 378;7;0;2;1;1;1
202200020577;777 374;7;0;1;1;1;1
202200020578;777 373;7;0;1;3;1;1
202200020579;777 370;10;0;2;1;1;1
202200020579;777 372;7;0;2;4;1;1
202200020580;777 369;21;0;0;7;14;1
202200020581;777 371;7;0;1;6;1;2
202200020582;777 367;7;0;2;2;11;1
202200020582;777 368;7;0;2;1;1;1
202200020583;777 364;7;0;2;4;2;1
202200020583;777 365;1;0;2;1;2;5
202200020584;777 362;7;0;2;3;13;1
202200020584;777 366;7;13;2;8;1;1
202200020585;777 360;7;0;0;0;1;1
202200020586;777 361;7;0;2;1;2;1
202200020586;777 363;2;0;2;4;2;1
202200020587;777 358;7;2;0;1;1;1
202200020588;777 355;10;0;2;1;13;1
202200020588;777 357;7;0;2;1;1;1
202200020589;777 356;7;0;2;2;17;1
202200020589;777 359;1;0;2;8;1;5
202200020590;777 353;7;0;1;1;1;1
202200020591;777 354;15;9;0;1;1;1
202200020592;777 352;33;0;0;0;0;1
202200020593;777 348;10;0;0;4;15;1
202200020593;777 351;2;0;2;1;17;1
202200020594;777 347;7;0;2;3;14;2
202200020594;777 350;33;0;2;1;1;1
202200020595;777 346;7;0;2;7;17;0
202200020595;777 349;31;0;2;8;2;1
202200020596;777 341;30;0;2;1;17;1
202200020596;777 344;10;0;2;3;9;1
202200020597;777 342;7;0;2;8;19;1
202200020597;777 345;7;0;2;1;19;1
202200020598;777 340;21;0;0;7;15;1
202200020598;777 343;33;0;2;0;1;1
202200020599;777 337;30;0;2;2;17;1
202200020599;777 339;7;0;2;3;2;1
202200020600;777 335;33;0;2;1;1;1
202200020600;777 338;7;0;2;3;20;3
202200020601;777 333;7;0;1;1;16;1
202200020602;777 334;7;0;2;1;1;1
202200020602;777 336;7;0;2;7;19;1
202200020603;777 331;33;0;2;1;13;1
202200020603;777 332;7;0;2;3;1;1
202200020604;777 327;7;0;2;1;1;1
202200020604;777 329;7;4;2;4;1;1
202200020604;777 330;7;0;2;4;1;1
202200020605;777 325;7;0;2;2;1;1
202200020605;777 328;1;0;2;1;15;5
202200020606;777 324;7;0;2;1;2;1
202200020606;777 326;7;0;2;4;2;1
202200020607;777 323;32;0;1;1;1;1
202200020608;777 320;33;0;2;2;1;1
202200020608;777 322;7;0;2;7;19;1
202200020609;777 319;7;4;0;1;2;1
202200020610;777 318;7;0;2;1;1;1
202200020610;777 321;7;0;2;8;1;1
202200020611;777 316;1;0;2;7;11;5
202200020611;777 317;7;0;2;1;1;1
202200020612;777 314;7;0;1;3;1;1
202200020613;777 313;14;0;2;0;0;1
202200020613;777 315;7;4;2;0;21;1
202200020614;777 312;7;15;0;9;1;1
202200020615;777 309;7;0;2;5;1;1
202200020615;777 311;33;0;2;1;21;1
202200020616;777 310;7;0;0;3;14;1
202200020617;777 308;7;0;6;2;1;1
202200020618;777 306;1;0;0;7;1;5
202200020619;777 305;7;0;2;5;1;1
202200020619;777 307;7;0;2;3;11;1
202200020620;777 303;50;0;0;0;1;3
202200020621;777 301;10;0;2;1;21;1
202200020621;777 304;7;3;2;2;0;1
202200020622;777 300;31;0;2;1;13;1
202200020622;777 302;7;0;9;3;1;1
202200020623;777 297;7;0;2;8;15;1
202200020623;777 299;10;0;2;1;1;1
202200020624;777 295;32;0;2;6;1;1
202200020624;777 296;32;16;2;2;1;1
202200020625;777 291;14;0;0;5;23;1
202200020625;777 292;7;0;2;3;13;1
202200020626;777 293;7;4;2;3;11;1
202200020626;777 294;33;4;2;3;1;1
202200020627;777 289;33;0;2;1;1;1
202200020627;777 290;7;0;2;2;10;1
202200020628;777 287;7;0;1;3;1;1
202200020629;777 284;7;0;2;3;13;1
202200020629;777 286;38;0;2;3;1;1
202200020629;777 298;7;0;2;1;1;1
202200020630;777 281;33;0;2;1;17;1
202200020630;777 283;7;0;2;6;15;1
202200020631;777 282;7;4;0;2;11;1
202200020631;777 285;15;0;2;1;1;1
202200020631;777 288;13;0;2;5;1;1
202200020632;777 278;33;0;2;4;1;1
202200020632;777 279;33;0;2;1;1;1
202200020633;777 277;7;0;0;4;15;1
202200020633;777 280;7;0;2;1;2;1
202200020634;777 276;7;0;9;2;14;1
202200020635;777 274;50;0;1;1;1;3
202200020636;777 275;7;0;1;0;0;-1
202200020637;777 272;7;13;0;1;1;1
202200020638;777 273;1;0;1;1;5;5
202200020639;777 267;7;0;2;0;2;0
202200020639;777 268;2;0;2;4;2;1
202200020640;777 269;7;13;2;3;13;1
202200020640;777 271;7;13;2;3;1;1
202200020641;777 266;7;0;2;3;9;0
202200020641;777 270;33;0;2;2;1;1
202200020642;777 264;33;0;2;7;1;1
202200020642;777 265;7;0;2;7;1;1
202200020643;777 262;33;0;2;1;1;1
202200020643;777 263;7;0;2;3;13;1
202200020644;777 259;32;0;2;2;7;1
202200020644;777 261;10;0;2;3;16;1
202200020645;777 258;36;0;6;1;19;1
202200020646;777 260;7;14;0;1;1;1
202200020647;777 257;80;12;0;7;14;3
202200020648;777 256;7;13;0;2;1;1
202200020649;777 253;2;0;2;0;21;1
202200020649;777 255;10;0;2;0;17;1
202200020650;777 252;2;7;0;1;1;1
202200020651;777 250;7;1;0;2;1;1
202200020652;777 246;7;8;0;2;0;0
202200020653;777 247;7;0;2;3;1;1
202200020653;777 248;7;0;2;1;19;1
202200020654;777 245;7;0;2;8;1;1
202200020654;777 249;7;0;2;1;1;1
202200020654;777 251;7;0;2;8;1;1
202200020654;777 254;7;0;2;8;13;1
202200020655;777 242;10;0;2;8;1;1
202200020655;777 244;7;0;2;1;1;1
202200020656;777 240;7;0;2;1;21;1
202200020656;777 243;7;0;2;1;13;1
202200020657;777 238;32;0;1;0;1;0
202200020658;777 239;7;0;2;3;1;1
202200020658;777 241;32;0;2;7;14;1
202200020659;777 237;7;15;1;2;1;1
202200020660;777 235;7;12;0;0;1;1
202200020661;777 234;7;0;2;1;11;1
202200020661;777 236;7;0;2;1;1;1
202200020662;777 232;43;0;2;7;16;1
202200020662;777 233;2;0;2;0;18;1
202200020663;777 230;15;0;2;8;1;1
202200020663;777 231;7;0;2;7;17;1
202200020664;777 228;50;0;2;1;1;3
202200020664;777 229;7;0;2;2;16;1
202200020665;777 226;7;0;2;1;1;1
202200020665;777 227;7;0;2;1;0;1
202200020666;777 223;10;0;0;1;1;1
202200020666;777 225;1;0;0;7;26;5
202200020667;777 222;7;0;0;9;1;1
202200020668;777 220;7;0;9;1;2;0
202200020668;777 221;1;0;2;4;1;5
202200020669;777 218;33;13;0;0;0;1
202200020670;777 217;2;0;2;8;16;1
202200020670;777 219;7;0;2;2;1;1
202200020671;777 216;7;13;0;1;0;1
202200020672;777 214;7;13;0;0;13;1
202200020673;777 213;7;0;2;3;1;1
202200020673;777 215;7;0;2;3;13;1
202200020674;777 211;1;1;0;1;1;5
202200020674;777 212;7;0;0;4;23;1
202200020675;777 209;15;0;2;2;1;1
202200020675;777 210;7;0;2;8;19;1
202200020676;777 208;2;0;0;0;1;1
202200020677;777 207;7;2;0;1;19;1
202200020678;777 206;33;14;0;1;0;1
202200020679;777 204;7;6;2;3;1;1
202200020679;777 205;7;0;2;1;1;1
202200020680;777 202;7;0;9;3;1;1
202200020680;777 203;7;0;0;6;1;1
202200020681;777 199;7;13;0;3;1;1
202200020682;777 200;2;0;2;8;15;1
202200020682;777 201;7;0;2;3;1;1
202200020683;777 197;7;0;2;3;13;1
202200020683;777 198;7;0;2;1;1;1
202200020684;777 194;7;0;2;1;2;1
202200020684;777 196;7;0;0;4;1;1
202200020685;777 191;15;0;0;4;2;1
202200020685;777 193;7;0;2;1;0;1
202200020686;777 190;7;0;2;3;13;1
202200020686;777 192;33;0;2;3;1;1
202200020687;777 188;33;0;0;0;0;1
202200020688;777 187;33;2;2;1;17;1
202200020688;777 189;7;0;0;4;17;1
202200020689;777 184;33;0;2;1;23;1
202200020689;777 186;17;0;2;4;4;1
202200020690;777 183;14;0;2;1;5;1
202200020690;777 185;7;0;2;2;1;1
202200020691;777 182;2;0;0;0;1;1
202200020692;777 180;50;0;2;3;19;3
202200020692;777 181;7;0;2;2;1;1
202200020693;777 178;32;0;2;2;17;1
202200020693;777 179;7;0;2;1;9;1
202200020694;777 175;7;0;2;2;1;1
202200020694;777 177;7;0;2;5;1;1
202200020695;777 176;2;6;0;8;26;1
202200020696;777 174;7;3;0;1;1;1
202200020697;777 173;7;4;0;1;1;1
202200020698;777 171;1;0;0;0;2;5
202200020699;777 168;7;0;2;1;1;1
202200020699;777 169;7;0;2;1;1;1
202200020699;777 170;7;0;2;4;1;1
202200020699;777 172;7;0;2;1;1;0
202200020700;777 166;7;0;2;3;1;1
202200020700;777 167;1;0;2;1;1;5
202200020701;777 164;36;14;0;1;1;1
202200020702;777 161;33;0;2;0;21;1
202200020702;777 162;1;0;2;0;9;5
202200020703;777 163;31;0;0;8;1;1
202200020703;777 165;7;0;2;3;15;1
202200020704;777 159;1;0;2;1;19;5
202200020704;777 160;7;0;0;7;1;1
202200020705;777 156;7;0;2;3;1;1
202200020705;777 158;7;0;2;3;17;1
202200020706;777 155;33;0;2;1;1;1
202200020706;777 157;7;0;2;3;15;1
202200020707;777 153;7;0;2;3;13;1
202200020707;777 154;32;0;2;1;1;1
202200020708;777 151;7;0;2;1;9;1
202200020708;777 152;1;0;2;7;1;5
202200020709;777 148;7;0;1;3;1;0
202200020710;777 147;7;0;2;1;2;1
202200020710;777 149;7;0;2;4;1;1
202200020710;777 150;7;0;2;3;1;1
202200020711;777 145;7;0;2;3;15;1
202200020711;777 146;10;8;2;6;17;1
202200020712;777 144;15;0;0;7;1;1
202200020713;777 143;3;6;0;1;13;1
202200020714;777 141;1;0;0;6;1;5
202200020714;777 142;7;0;0;2;1;1
202200020715;777 140;7;0;1;6;15;0
202200020716;777 139;1;0;0;0;1;5
202200020717;777 137;7;0;2;1;1;1
202200020717;777 138;7;0;2;7;0;0
202200020718;777 135;33;13;0;0;0;1
202200020718;777 136;7;0;0;0;5;3
202200020719;777 133;7;0;2;3;1;2
202200020719;777 134;3;0;2;3;13;0
202200020720;777 132;7;2;0;1;1;2
202200020721;777 131;7;2;0;1;1;2
202200020722;777 128;10;0;9;2;2;1
202200020722;777 129;1;0;2;3;2;5
202200020723;777 127;7;0;0;3;13;1
202200020723;777 130;7;0;0;3;1;1
202200020724;777 125;10;2;0;2;1;1
202200020725;777 122;7;0;0;8;15;1
202200020725;777 124;33;0;2;2;17;0
202200020726;777 121;7;0;0;2;19;1
202200020726;777 123;36;0;0;1;1;1
202200020727;777 119;7;13;0;3;1;1
202200020728;777 118;7;0;2;1;0;1
202200020728;777 120;7;0;2;1;0;1
202200020729;777 115;33;0;2;1;21;1
202200020729;777 117;7;0;2;6;15;1
202200020730;777 114;7;0;2;2;1;1
202200020730;777 116;15;0;2;6;1;1
202200020731;777 111;33;0;2;8;2;1
202200020731;777 113;7;0;2;2;12;1
202200020732;777 110;13;0;2;2;26;1
202200020732;777 112;2;0;2;1;1;1
202200020733;777 109;17;3;0;2;0;1
202200020734;777 108;3;8;0;1;14;1
202200020735;777 107;7;2;0;1;17;1
202200020736;777 106;2;0;0;3;21;1
202200020737;777 105;10;0;1;2;1;1
202200020738;777 101;7;0;2;3;19;1
202200020738;777 103;7;0;2;1;1;1
202200020739;777 100;2;0;2;1;1;1
202200020739;777 102;38;0;2;3;9;1
202200020740;777 099;2;0;0;0;13;1
202200020741;777 098;10;0;1;2;1;1
202200020742;777 097;17;2;0;7;1;1
202200020743;777 096;7;0;1;1;1;1
202200020744;777 095;7;8;0;0;0;1
202200020745;777 092;7;0;2;3;13;1
202200020745;777 094;7;0;2;1;1;1
202200020746;777 091;7;0;2;1;1;1
202200020746;777 093;80;0;2;1;1;3
202200020747;777 088;14;0;2;1;1;1
202200020747;777 089;7;0;2;1;1;1
202200020748;777 087;33;0;2;5;17;1
202200020748;777 090;20;0;2;3;15;1
202200020749;777 086;1;0;0;3;0;5
202200020750;777 084;7;0;2;3;15;1
202200020750;777 085;7;0;2;1;1;1
202200020751;777 079;7;0;2;2;15;1
202200020751;777 080;33;0;2;1;1;1
202200020752;777 076;99;0;2;8;1;3
202200020752;777 077;10;0;9;8;13;1
202200020753;777 075;7;0;1;7;21;1
202200020754;777 073;33;0;2;8;1;1
202200020754;777 074;14;0;2;6;23;1
202200020755;777 072;2;0;0;1;1;1
202200020756;777 070;2;0;0;0;1;0
202200020757;777 068;32;0;2;1;2;1
202200020757;777 069;7;0;2;8;1;1
202200020757;777 071;7;0;2;3;13;1
202200020758;777 066;33;0;0;0;21;1
202200020759;777 065;7;0;2;1;2;1
202200020759;777 067;7;0;2;4;2;1
202200020760;777 063;7;3;0;1;0;1
202200020761;777 062;10;0;2;0;15;1
202200020761;777 064;2;0;2;1;1;1
202200020762;777 060;7;0;2;4;2;1
202200020762;777 061;7;0;2;1;1;1
202200020763;777 058;7;0;2;3;19;1
202200020763;777 059;2;0;2;1;1;1
202200020764;777 057;10;13;0;1;14;1
202200020765;777 054;33;0;2;1;3;1
202200020765;777 055;7;0;2;3;11;1
202200020766;777 053;7;0;2;5;19;1
202200020766;777 056;7;0;2;1;1;1
202200020767;777 052;34;0;9;1;1;1
202200020768;777 049;33;0;2;1;1;1
202200020768;777 051;7;0;2;3;19;1
202200020769;777 048;7;0;2;1;12;1
202200020769;777 050;10;0;2;6;1;1
202200020770;777 045;7;0;2;1;1;1
202200020770;777 047;7;0;2;4;26;1
202200020771;777 042;7;0;2;1;2;1
202200020771;777 043;10;0;2;4;2;1
202200020771;777 044;7;0;2;4;2;1
202200020771;777 046;7;0;2;4;2;1
202200020772;777 040;7;4;0;3;2;1
202200020773;777 039;7;0;2;1;0;1
202200020773;777 041;7;1;2;7;1;1
202200020774;777 038;34;5;0;1;0;1
202200020775;777 035;33;0;2;1;3;1
202200020775;777 037;1;0;2;7;5;5
202200020776;777 033;31;0;2;0;0;1
202200020776;777 034;15;0;2;0;0;0
202200020776;777 036;7;0;2;2;12;1
202200020777;777 032;1;0;0;0;1;5
202200020778;777 030;3;0;2;2;14;1
202200020778;777 031;32;0;2;2;2;1
202200020779;777 029;7;4;0;3;1;1
202200020780;777 027;7;0;2;0;14;0
202200020780;777 028;7;0;2;0;1;0
202200020781;777 025;7;0;2;3;13;1
202200020781;777 026;7;13;0;8;1;1
202200020782;777 024;2;0;0;0;26;1
202200020783;777 023;7;0;1;1;1;1
202200020784;777 021;33;0;2;2;17;1
202200020784;777 022;7;0;2;3;21;1
202200020785;777 018;31;6;0;1;14;1
202200020786;777 019;7;0;2;2;21;1
202200020786;777 020;7;0;2;9;15;1
202200020787;777 015;7;0;2;1;19;1
202200020787;777 017;7;0;2;8;1;1
202200020788;777 014;7;0;2;1;5;2
202200020788;777 016;2;0;2;8;2;1
202200020789;777 012;7;0;9;0;16;1
202200020789;777 013;1;0;2;0;0;5
202200020790;777 010;7;0;2;1;1;1
202200020790;777 011;7;0;2;1;13;1
202200020791;777 008;7;0;2;6;11;1
202200020791;777 009;33;0;2;1;3;1
202200020792;777 004;32;0;2;3;1;1
202200020792;777 007;7;0;2;1;1;1
202200020793;777 005;7;0;2;3;1;1
202200020793;777 006;7;0;2;2;15;1
202200020794;777 003;32;0;0;7;0;1
202200020795;777 002;7;0;1;1;16;1
202200020796;777 000;7;0;2;3;21;1
202200020796;777 001;7;0;2;1;13;1
202200020797;776 998;10;0;2;3;15;1
202200020797;776 999;32;0;2;1;0;1
202200020798;776 996;7;4;2;8;12;1
202200020798;776 997;34;0;2;1;1;1
202200020799;776 995;1;0;2;0;1;5
202200020800;776 993;7;0;2;5;1;1
202200020800;776 994;30;0;2;1;1;1
202200020801;776 991;33;0;2;1;2;1
202200020801;776 992;7;0;2;6;2;1
202200020802;776 989;7;0;2;1;1;1
202200020802;776 990;7;0;2;6;1;1
202200020803;776 988;7;3;0;1;1;1
202200020804;776 986;7;0;2;3;1;1
202200020804;776 987;7;0;2;1;15;1
202200020805;776 984;7;0;2;2;16;1
202200020805;776 985;50;0;2;4;26;3
202200020806;776 982;7;1;0;1;2;1
202200020807;776 980;37;0;2;1;15;1
202200020807;776 981;33;0;2;8;1;1
202200020808;776 978;7;0;2;1;2;1
202200020808;776 979;14;0;2;4;26;1
202200020809;776 975;50;0;2;1;1;3
202200020809;776 977;7;0;2;3;9;1
202200020810;776 974;50;0;2;1;1;3
202200020810;776 976;7;0;2;1;1;1
202200020811;776 970;7;0;2;8;0;1
202200020811;776 973;7;0;2;3;13;1
202200020812;776 967;33;0;2;8;1;1
202200020812;776 969;10;0;0;0;0;0
202200020813;776 966;10;0;2;1;15;1
202200020813;776 968;33;0;2;0;0;1
202200020814;776 964;7;0;2;2;16;1
202200020814;776 965;1;0;2;8;0;5
202200020815;776 963;7;0;1;3;15;1
202200020816;776 961;7;1;0;1;13;1
202200020816;776 962;10;1;2;8;24;1
202200020817;776 958;7;0;2;1;5;1
202200020817;776 960;7;0;2;1;1;2
202200020818;776 954;30;0;2;1;1;1
202200020818;776 956;7;0;2;1;15;1
202200020819;776 953;33;0;2;1;26;0
202200020819;776 955;7;0;0;3;19;0
202200020820;776 949;1;0;2;8;1;5
202200020820;776 952;14;0;2;1;16;1
202200020821;776 948;7;0;2;4;1;2
202200020821;776 950;7;0;2;4;1;1
202200020821;776 951;7;0;2;1;1;1
202200020822;776 946;2;0;2;1;2;1
202200020822;776 947;7;0;2;6;20;1
202200020823;776 942;30;0;2;8;11;1
202200020823;776 943;7;0;2;8;1;1
202200020824;776 938;7;0;2;1;1;1
202200020824;776 940;2;0;2;3;5;1
202200020825;776 939;33;0;9;1;0;1
202200020825;776 941;33;0;2;1;0;0
202200020826;776 937;33;3;0;1;9;1
202200020827;776 935;7;1;0;2;17;1
202200020827;776 936;10;0;9;6;24;1
202200020828;776 933;1;0;2;8;19;5
202200020828;776 934;10;0;2;1;9;1
202200020829;776 932;50;0;0;0;0;3
202200020830;776 930;7;0;2;7;19;1
202200020830;776 931;7;0;2;1;19;1
202200020831;776 929;7;0;1;2;1;1
202200020832;776 927;1;0;2;4;1;5
202200020832;776 928;7;0;2;1;2;1
202200020833;776 925;7;0;1;2;1;1
202200020834;776 924;7;0;2;1;0;2
202200020834;776 926;80;0;2;2;0;3
202200020835;776 922;7;0;9;2;26;1
202200020835;776 923;80;0;2;1;1;3
202200020836;776 918;7;0;2;6;1;1
202200020836;776 919;2;0;2;5;17;1
202200020837;776 916;7;0;2;6;1;1
202200020837;776 917;7;0;2;2;19;1
202200020838;776 915;7;0;1;2;1;1
202200020839;776 913;7;0;2;3;10;1
202200020839;776 914;7;0;2;2;1;1
202200020840;776 912;7;0;1;3;1;1
202200020841;776 910;7;0;2;4;23;1
202200020841;776 911;1;1;2;1;1;5
202200020842;776 908;7;0;2;8;26;1
202200020842;776 909;33;0;2;1;1;1
202200020843;776 907;7;0;1;7;1;1
202200020844;776 905;7;0;2;8;23;1
202200020844;776 906;7;0;2;3;13;1
202200020845;776 903;33;0;2;1;1;1
202200020845;776 904;1;0;2;5;19;5
202200020846;776 902;10;1;0;2;14;1
202200020847;776 901;33;0;0;0;1;1
202200020848;776 899;7;0;2;7;1;1