Num_Acc;id_vehicule;catv;obs;obsm;choc;manv;motor
202200021243;776 203;7;0;2;3;15;1
202200021243;776 204;33;0;2;7;17;1
202200021244;776 200;10;0;2;1;1;1
202200021244;776 201;10;0;2;3;1;1
202200021244;776 202;7;0;2;3;13;1
202200021245;776 198;7;0;0;1;21;1
202200021246;776 197;7;0;2;1;26;1
202200021246;776 199;7;0;2;1;1;2
202200021247;776 194;15;3;0;2;1;1
202200021248;776 195;7;0;2;3;15;1
202200021248;776 196;1;0;2;2;1;5
202200021249;776 192;33;3;0;7;1;1
202200021250;776 193;33;2;0;0;1;1
202200021251;776 191;31;13;0;3;14;1
202200021252;776 188;1;0;2;1;15;5
202200021252;776 190;7;0;2;7;15;1
202200021253;776 187;7;0;2;2;9;1
202200021253;776 189;33;0;0;7;1;1
202200021254;776 186;1;0;0;0;0;5
202200021255;776 184;37;0;2;1;1;1
202200021255;776 185;30;0;2;1;1;1
202200021256;776 183;7;2;0;3;1;3
202200021257;776 181;7;16;0;7;1;1
202200021258;776 180;7;0;2;1;1;1
202200021258;776 182;50;0;2;1;9;3
202200021259;776 179;33;13;0;1;1;1
202200021260;776 177;7;0;2;3;15;1
202200021260;776 178;33;0;2;1;17;1
202200021261;776 176;7;6;0;1;14;1
202200021262;776 173;7;0;0;7;15;1
202200021262;776 175;37;0;2;1;1;1
202200021263;776 172;1;0;2;1;5;5
202200021263;776 174;33;0;9;1;1;1
202200021264;776 171;7;0;0;7;15;1
202200021265;776 169;7;0;2;3;1;1
202200021265;776 170;32;0;2;1;17;1
202200021266;776 167;33;0;0;7;9;1
202200021267;776 165;33;0;0;0;1;1
202200021268;776 164;7;1;0;1;25;1
202200021269;776 161;33;0;2;1;1;1
202200021269;776 162;7;0;2;8;15;2
202200021270;776 160;7;0;2;3;5;1
202200021270;776 163;7;0;2;3;2;1
202200021271;776 159;1;0;1;1;18;5
202200021272;776 158;31;13;0;0;1;1
202200021273;776 156;33;15;0;7;14;1
202200021274;776 155;2;0;2;6;1;1
202200021274;776 157;7;0;2;3;11;1
202200021275;776 153;7;0;2;1;17;1
202200021275;776 154;7;0;2;1;1;1
202200021276;776 151;7;0;2;8;1;1
202200021276;776 152;33;0;2;8;17;1
202200021277;776 149;7;2;0;3;1;1
202200021278;776 148;7;0;0;4;1;3
202200021278;776 150;7;0;2;1;2;1
202200021279;776 147;7;0;1;2;1;1
202200021280;776 145;33;0;0;8;2;1
202200021280;776 146;7;0;2;1;2;1
202200021281;776 141;99;0;2;1;16;5
202200021281;776 142;7;0;1;2;15;1
202200021282;776 139;2;0;2;1;1;1
202200021282;776 140;7;0;2;3;16;1
202200021283;776 138;3;0;1;3;1;1
202200021284;776 136;33;0;2;1;17;1
202200021284;776 137;7;0;2;6;15;1
202200021285;776 135;33;5;0;8;1;1
202200021286;776 133;33;0;0;0;23;1
202200021286;776 134;7;0;0;0;21;1
202200021287;776 131;1;0;2;1;1;5
202200021287;776 132;7;0;9;1;15;1
202200021288;776 127;7;0;2;8;15;1
202200021288;776 128;33;15;2;7;17;1
202200021289;776 125;31;0;2;1;17;1
202200021289;776 126;21;0;2;3;1;1
202200021290;776 123;7;0;0;3;15;1
202200021290;776 124;33;0;2;9;1;1
202200021291;776 122;7;0;0;9;1;1
202200021292;776 121;7;2;0;1;0;1
202200021293;776 120;7;0;1;1;1;1
202200021294;776 119;2;11;0;0;6;1
202200021295;776 117;31;0;0;4;15;1
202200021295;776 118;7;0;0;3;1;1
202200021296;776 115;7;0;2;1;21;1
202200021296;776 116;7;0;2;1;24;1
202200021297;776 113;7;0;2;3;2;1
202200021297;776 114;2;0;2;8;13;1
202200021298;776 111;7;0;2;3;1;1
202200021298;776 112;7;0;2;1;15;1
202200021299;776 110;31;2;0;1;1;3
202200021300;776 109;7;2;0;1;13;1
202200021301;776 108;7;3;0;2;21;1
202200021302;776 107;7;13;0;9;13;1
202200021303;776 105;20;0;0;4;1;1
202200021303;776 106;10;0;2;1;1;1
202200021304;776 101;7;12;2;1;1;1
202200021304;776 103;7;0;2;2;19;1
202200021305;776 099;21;0;2;3;1;1
202200021305;776 100;7;0;2;3;1;1
202200021306;776 098;14;13;0;7;14;1
202200021307;776 094;33;0;2;1;1;1
202200021307;776 095;7;0;2;5;15;1
202200021308;776 092;7;0;2;1;1;1
202200021308;776 093;7;0;2;4;0;1
202200021308;776 096;7;0;0;4;1;1
202200021308;776 097;7;0;2;4;1;1
202200021309;776 089;10;0;2;3;1;1
202200021309;776 091;7;3;2;5;17;1
202200021310;776 087;7;0;2;1;1;1
202200021310;776 088;7;0;2;3;2;1
202200021310;776 090;7;16;0;5;23;1
202200021311;776 084;7;3;0;3;0;1
202200021312;776 083;17;0;2;1;1;1
202200021312;776 085;7;0;2;4;1;1
202200021312;776 086;7;0;0;4;15;1
202200021313;776 082;33;0;0;0;16;1
202200021314;776 081;15;6;0;7;14;1
202200021315;776 079;33;0;0;2;1;1
202200021316;776 078;7;0;2;1;2;1
202200021316;776 080;7;0;2;4;2;2
202200021317;776 074;17;1;0;2;1;1
202200021317;776 076;17;0;2;8;23;1
202200021318;776 075;32;0;2;3;3;1
202200021318;776 077;7;0;2;5;12;1
202200021319;776 072;7;0;0;9;0;1
202200021320;776 071;7;1;0;1;14;1
202200021320;776 073;7;0;2;4;23;1
202200021321;776 070;7;13;0;9;1;1
202200021322;776 068;7;0;0;9;1;1
202200021323;776 067;33;0;2;1;1;1
202200021323;776 069;7;0;2;5;12;1
202200021324;776 065;7;0;1;4;4;1
202200021325;776 064;33;0;2;6;3;1
202200021325;776 066;7;0;2;7;12;1
202200021326;776 063;2;6;0;1;0;0
202200021327;776 061;7;13;0;0;1;1
202200021328;776 060;7;0;2;3;2;1
202200021328;776 062;7;0;2;2;1;1
202200021329;776 057;7;0;2;2;17;1
202200021329;776 059;7;0;2;3;11;0
202200021330;776 056;33;0;2;1;3;1
202200021330;776 058;7;0;2;7;12;1
202200021331;776 054;33;0;0;0;0;1
202200021332;776 053;7;0;0;1;1;1
202200021332;776 055;7;0;2;1;1;1
202200021333;776 052;33;17;0;1;1;1
202200021334;776 048;60;0;2;1;1;5
202200021334;776 049;7;0;2;0;16;1
202200021335;776 045;7;0;2;8;10;1
202200021335;776 046;33;0;2;1;8;1
202200021336;776 044;7;0;1;1;1;1
202200021337;776 041;1;0;2;3;19;5
202200021337;776 043;7;0;2;1;16;0
202200021338;776 040;31;0;2;1;0;1
202200021338;776 042;7;0;2;0;13;0
202200021339;776 039;1;0;5;1;21;5
202200021340;776 037;7;12;2;3;21;1
202200021340;776 038;7;16;2;3;1;1
202200021341;776 035;7;0;0;6;15;1
202200021341;776 036;33;0;2;1;0;1
202200021342;776 032;3;0;2;2;26;1
202200021342;776 034;99;0;2;0;0;0
202200021343;776 029;7;0;2;4;2;1
202200021343;776 030;10;0;2;4;1;1
202200021343;776 031;7;0;2;4;1;1
202200021343;776 033;7;0;2;1;1;1
202200021344;776 024;7;0;2;6;1;1
202200021344;776 026;7;0;2;6;0;1
202200021344;776 028;7;0;2;7;1;1
202200021345;776 022;7;0;2;4;1;1
202200021345;776 023;7;0;2;1;1;1
202200021345;776 025;7;0;2;1;1;1
202200021345;776 027;7;0;2;1;1;1
202200021346;776 019;7;0;2;7;12;1
202200021346;776 021;33;0;2;3;3;1
202200021347;776 018;7;0;0;3;1;1
202200021347;776 020;32;0;2;7;1;1
202200021348;776 016;33;0;2;3;3;1
202200021348;776 017;10;0;2;2;12;1
202200021349;776 012;7;0;2;1;2;1
202200021349;776 014;7;0;2;4;2;1
202200021350;776 013;33;0;2;1;1;1
202200021350;776 015;7;0;0;7;15;1
202200021351;776 011;33;4;2;8;1;1
202200021352;776 010;7;0;1;2;1;1
202200021353;776 007;7;4;2;4;1;1
202200021353;776 008;33;4;2;4;1;1
202200021353;776 009;33;4;2;1;1;1
202200021354;776 006;7;13;0;1;1;1
202200021355;776 003;33;0;2;3;3;1
202200021355;776 005;7;0;2;5;12;1
202200021356;776 004;7;2;0;3;0;1
202200021357;775 999;7;0;2;8;26;1
202200021357;776 000;7;0;2;0;26;0
202200021357;776 002;7;0;2;7;26;1
202200021358;775 998;7;8;1;1;6;1
202200021359;775 996;7;0;2;4;2;1
202200021359;775 997;33;0;2;1;2;1
202200021360;775 995;7;9;0;1;6;1
202200021361;775 993;33;0;2;1;2;1
202200021361;775 994;7;0;2;4;2;1
202200021362;775 992;33;12;0;2;2;1
202200021363;775 990;31;1;0;7;14;1
202200021363;775 991;13;0;2;8;23;1
202200021364;775 988;7;0;1;1;1;1
202200021365;775 987;7;0;2;3;0;1
202200021365;775 989;7;0;2;3;0;1
202200021366;775 986;7;0;1;1;19;1
202200021367;775 985;7;0;1;1;1;1
202200021368;775 984;7;7;0;1;14;1
202200021369;775 983;7;0;1;1;1;1
202200021370;775 980;7;3;0;7;1;1
202200021371;775 979;7;0;2;1;2;1
202200021371;775 981;7;0;2;1;13;1
202200021371;775 982;7;0;2;1;1;1
202200021372;775 978;38;0;2;2;11;1
202200021373;775 976;7;0;2;3;9;1
202200021373;775 977;33;0;2;1;1;1
202200021374;775 974;7;0;2;0;0;1
202200021374;775 975;1;0;2;0;11;0
202200021375;775 973;7;0;0;9;14;1
202200021376;775 972;33;0;1;1;1;1
202200021377;775 970;7;0;2;3;1;1
202200021377;775 971;7;14;2;3;16;1
202200021378;775 969;7;0;1;3;1;1
202200021379;775 967;33;0;0;7;21;1
202200021380;775 966;37;0;2;1;1;6
202200021380;775 968;7;0;2;8;10;1
202200021381;775 965;7;2;0;1;1;1
202200021382;775 962;33;0;2;1;15;1
202200021382;775 963;2;0;2;1;1;1
202200021382;775 964;7;0;2;1;1;1
202200021383;775 961;7;0;1;1;25;0
202200021384;775 959;50;0;2;3;1;3
202200021384;775 960;7;0;9;3;1;1
202200021385;775 958;7;15;1;9;1;1
202200021386;775 957;7;0;2;1;1;1
202200021387;775 955;7;0;2;3;1;1
202200021387;775 956;30;0;2;1;1;1
202200021388;775 954;7;6;0;2;1;1
202200021389;775 953;1;1;0;1;14;5
202200021390;775 951;34;0;2;2;3;1
202200021390;775 952;7;0;2;3;15;2
202200021391;775 949;10;0;2;2;0;1
202200021391;775 950;50;0;2;3;1;3
202200021392;775 947;7;0;2;1;2;1
202200021392;775 948;7;0;2;4;23;1
202200021393;775 943;7;0;0;0;0;1
202200021393;775 944;7;1;0;1;1;1
202200021394;775 941;10;0;2;2;1;1
202200021394;775 942;7;0;2;6;16;1
202200021395;775 940;7;11;0;1;1;1
202200021396;775 937;7;2;2;1;2;1
202200021396;775 938;1;0;2;4;2;5
202200021396;775 939;7;0;2;6;2;1
202200021397;775 935;7;0;2;2;12;1
202200021397;775 936;34;0;2;8;3;1
202200021398;775 933;33;0;2;8;3;1
202200021398;775 934;7;0;2;7;12;1
202200021399;775 931;7;0;2;1;16;1
202200021399;775 932;50;0;2;8;19;3
202200021400;775 929;7;0;2;4;23;0
202200021400;775 930;7;1;1;1;1;1
202200021401;775 928;80;0;1;7;1;3
202200021402;775 926;7;0;2;1;10;2
202200021402;775 927;1;0;2;1;1;5
202200021403;775 925;30;0;1;8;1;1
202200021404;775 924;7;0;1;1;19;1
202200021405;775 922;31;0;2;1;1;1
202200021405;775 923;7;0;2;3;15;1
202200021406;775 920;10;0;2;1;17;1
202200021406;775 921;7;0;2;1;17;1
202200021407;775 919;7;1;0;1;0;0
202200021408;775 918;3;0;1;3;15;1
202200021409;775 916;30;0;2;1;1;1
202200021409;775 917;7;0;2;3;10;1
202200021410;775 914;7;0;2;3;1;1
202200021410;775 915;2;0;2;1;13;1
202200021411;775 912;30;0;2;1;0;1
202200021411;775 913;7;0;2;7;15;1
202200021412;775 911;33;0;0;0;1;1
202200021413;775 909;7;0;2;1;14;1
202200021413;775 910;7;0;2;1;1;1
202200021414;775 907;7;0;2;8;10;1
202200021414;775 908;33;0;2;0;17;0
202200021415;775 906;7;2;0;3;1;1
202200021416;775 904;10;0;2;3;0;1
202200021416;775 905;7;0;2;3;0;1
202200021417;775 900;7;0;2;3;15;1
202200021417;775 901;7;0;2;1;1;1
202200021417;775 902;33;0;2;1;1;1
202200021418;775 898;7;0;2;1;1;1
202200021418;775 899;7;0;2;8;1;1
202200021419;775 897;7;2;0;8;1;1
202200021420;775 894;33;0;2;8;13;1
202200021420;775 895;7;0;2;8;1;1
202200021420;775 896;7;0;2;3;2;1
202200021421;775 893;1;9;0;3;1;5
202200021422;775 891;7;0;9;2;2;1
202200021422;775 892;1;0;0;4;2;5
202200021423;775 889;1;0;2;1;1;5
202200021423;775 890;7;0;9;2;15;1
202200021424;775 887;7;0;0;6;1;1
202200021424;775 888;33;0;2;1;17;1
202200021425;775 886;36;13;0;9;1;1
202200021426;775 885;33;13;0;9;1;1
202200021427;775 883;7;0;2;8;15;1
202200021427;775 884;33;0;2;2;1;1
202200021428;775 881;7;0;2;1;1;1
202200021428;775 882;7;0;2;1;15;1
202200021429;775 880;7;2;0;2;1;1
202200021430;775 879;33;7;0;1;0;1
202200021431;775 877;7;0;9;1;1;1
202200021431;775 878;1;0;2;1;5;5
202200021432;775 876;1;0;0;0;1;5
202200021433;775 875;7;1;1;1;20;1
202200021434;775 873;17;0;2;4;4;1
202200021434;775 874;7;0;2;1;23;1
202200021435;775 871;17;0;2;1;0;1
202200021435;775 872;7;0;2;1;13;1
202200021436;775 870;7;3;0;1;14;1
202200021437;775 869;33;3;0;3;2;1
202200021438;775 868;10;2;0;1;14;1
202200021439;775 866;7;0;2;8;19;1
202200021439;775 867;7;0;2;1;1;1
202200021440;775 864;34;0;0;3;1;1
202200021440;775 865;33;0;2;3;21;1
202200021441;775 863;2;0;0;3;0;1
202200021442;775 862;7;13;0;3;21;1
202200021443;775 860;33;8;2;1;1;1
202200021443;775 861;3;0;2;3;15;1
202200021444;775 858;33;0;2;1;1;1
202200021444;775 859;7;0;2;8;19;1
202200021445;775 856;7;0;2;1;1;1
202200021445;775 857;7;0;2;6;26;1
202200021446;775 855;7;13;0;9;13;1
202200021447;775 854;33;12;0;2;1;1
202200021448;775 853;7;0;1;2;0;0
202200021449;775 852;7;0;1;2;1;3
202200021450;775 851;7;3;0;1;0;1
202200021451;775 849;7;0;2;3;11;1
202200021451;775 850;7;0;2;2;1;1
202200021452;775 847;33;0;2;8;3;1
202200021452;775 848;7;0;2;5;1;1
202200021453;775 845;7;0;2;1;2;1
202200021453;775 846;7;0;2;4;1;1
202200021454;775 843;7;4;0;4;2;1
202200021454;775 844;10;0;2;1;2;1
202200021455;775 842;7;4;0;9;1;1
202200021456;775 839;7;0;2;1;2;1
202200021456;775 840;7;0;2;4;2;1
202200021456;775 841;7;0;2;4;2;1
202200021457;775 836;7;1;0;3;14;1
202200021457;775 837;99;0;2;6;24;1
202200021457;775 838;7;0;2;5;23;1
202200021458;775 834;50;0;2;8;1;3
202200021458;775 835;7;0;2;2;1;-1
202200021459;775 833;7;0;1;0;0;-1
202200021460;775 825;7;0;2;0;0;1
202200021460;775 826;7;0;2;0;0;1
202200021460;775 827;7;0;2;0;0;1
202200021460;775 828;7;0;2;0;0;1
202200021460;775 829;20;0;2;0;0;1
202200021460;775 830;7;0;2;0;0;1
202200021460;775 831;7;0;2;0;0;1
202200021460;775 832;7;0;2;5;0;1
202200021461;775 823;31;0;2;1;1;1
202200021461;775 824;7;0;2;2;9;1
202200021462;775 821;7;0;2;1;19;1
202200021462;775 822;7;0;2;2;19;1
202200021463;775 818;7;0;2;1;2;1
202200021463;775 819;7;0;2;9;11;1
202200021463;775 820;7;0;2;6;0;1
202200021464;775 816;37;0;9;6;26;1
202200021464;775 817;33;0;2;2;26;0
202200021465;775 813;7;0;2;3;1;1
202200021465;775 814;7;0;2;8;1;1
202200021465;775 815;7;0;2;1;13;1
202200021466;775 808;7;0;2;4;0;1
202200021466;775 809;7;0;2;4;0;1
202200021466;775 810;7;0;2;4;0;1
202200021466;775 811;7;0;2;4;0;1
202200021466;775 812;10;0;2;1;26;1
202200021467;775 806;33;0;2;1;1;1
202200021467;775 807;10;0;2;8;15;0
202200021468;775 801;7;0;2;3;0;1
202200021469;775 799;7;0;2;4;1;1
202200021469;775 800;2;0;2;1;2;1
202200021470;775 797;7;0;2;3;15;1
202200021470;775 798;31;0;2;1;15;1
202200021471;775 796;33;8;0;0;26;1
202200021472;775 792;33;0;2;4;1;1
202200021472;775 793;7;0;2;4;16;0
202200021473;775 790;7;0;2;4;2;1
202200021473;775 791;13;0;2;1;2;1
202200021474;775 788;7;0;2;1;9;1
202200021474;775 789;7;0;2;2;1;1
202200021475;775 786;7;14;2;1;13;1
202200021475;775 787;7;0;2;1;1;1
202200021476;775 785;7;15;0;1;6;0
202200021477;775 783;7;0;2;3;15;1
202200021477;775 784;7;0;2;1;1;1
202200021478;775 781;1;0;0;0;0;5
202200021478;775 782;7;0;0;0;0;1
202200021479;775 778;7;0;2;1;5;1
202200021479;775 779;7;0;2;1;1;1
202200021479;775 780;7;0;2;1;1;1
202200021480;775 776;50;0;2;1;1;3
202200021480;775 777;7;0;9;1;9;1
202200021481;775 775;50;1;0;1;26;3
202200021482;775 773;7;0;2;3;2;1
202200021482;775 774;7;0;2;2;12;1
202200021483;775 771;7;0;2;4;4;1
202200021483;775 772;7;0;2;1;23;2
202200021484;775 770;7;0;1;2;16;2
202200021485;775 768;7;4;2;2;1;1
202200021485;775 769;7;0;2;9;1;1
202200021486;775 767;33;0;0;8;1;1
202200021487;775 765;7;1;0;5;20;1
202200021487;775 766;31;0;2;1;18;1
202200021488;775 764;33;13;0;0;1;1
202200021489;775 763;50;0;0;0;1;3
202200021490;775 761;33;0;2;1;1;1
202200021490;775 762;7;0;2;6;15;1
202200021491;775 759;7;0;2;3;1;1
202200021491;775 760;2;0;2;3;6;1
202200021492;775 757;30;0;2;1;1;1
202200021492;775 758;7;0;2;0;15;1
202200021493;775 756;99;0;1;2;1;0
202200021494;775 755;30;9;0;2;26;1
202200021495;775 754;1;0;0;0;2;5
202200021496;775 753;7;1;0;1;14;1
202200021497;775 752;7;0;1;3;0;2
202200021498;775 750;7;8;0;1;14;1
202200021499;775 749;7;0;9;2;16;2
202200021499;775 751;1;0;2;3;1;5
202200021500;775 747;7;0;1;1;1;1
202200021501;775 746;50;0;2;1;1;3
202200021501;775 748;7;0;2;6;15;1
202200021502;775 744;7;0;1;3;15;1
202200021503;775 743;10;0;2;1;2;1
202200021503;775 745;7;0;2;4;2;1
202200021504;775 740;7;0;2;3;1;1
202200021504;775 742;33;0;2;2;12;1
202200021505;775 739;43;0;2;7;15;1
202200021505;775 741;10;0;2;3;18;1
202200021506;775 737;1;0;2;1;5;5
202200021506;775 738;7;0;2;1;16;1
202200021507;775 735;80;0;2;1;1;3
202200021507;775 736;1;0;2;8;9;5
202200021508;775 733;7;0;2;8;24;2
202200021508;775 734;7;1;2;2;1;1
202200021509;775 732;33;0;1;2;1;1
202200021510;775 728;7;0;2;1;26;1
202200021510;775 731;7;0;2;2;26;1
202200021511;775 727;31;0;0;0;0;1
202200021511;775 729;33;0;0;0;0;1
202200021511;775 730;10;0;0;0;0;1
202200021512;775 725;1;9;0;1;1;5
202200021513;775 724;7;0;2;2;11;1
202200021513;775 726;2;0;2;1;1;0
202200021514;775 723;7;0;1;1;1;1
202200021515;775 722;7;15;0;1;14;1
202200021516;775 720;7;0;5;1;1;1
202200021517;775 719;10;13;0;1;0;1
202200021517;775 721;17;0;0;4;1;1
202200021518;775 717;2;0;1;1;1;1
202200021519;775 716;7;0;2;3;15;1
202200021519;775 718;7;0;2;8;1;1
202200021520;775 715;7;7;0;1;1;1
202200021521;775 713;7;1;0;1;15;1
202200021522;775 710;7;2;0;1;13;1
202200021523;775 711;7;0;2;1;1;1
202200021523;775 712;7;0;2;6;11;1
202200021523;775 714;7;0;2;1;1;1
202200021524;775 707;7;3;2;1;2;1
202200021524;775 709;17;0;2;5;1;1
202200021525;775 708;7;2;0;1;1;1
202200021526;775 705;1;3;2;5;2;5
202200021526;775 706;7;0;9;2;2;1
202200021527;775 703;7;0;9;3;1;1
202200021527;775 704;0;0;2;1;19;5
202200021528;775 701;7;0;2;1;2;1
202200021528;775 702;7;0;0;4;2;1
202200021529;775 700;7;0;1;2;1;1
202200021530;775 699;17;8;0;2;1;1
202200021531;775 697;7;1;1;2;4;1
202200021532;775 696;1;0;2;5;2;5
202200021532;775 698;7;0;2;2;12;1
202200021533;775 693;7;0;2;7;15;1
202200021533;775 695;33;0;2;1;1;1
202200021534;775 692;80;0;2;1;1;3
202200021534;775 694;7;0;2;5;9;1
202200021535;775 689;7;0;0;8;15;1
202200021535;775 691;10;0;2;2;17;0
202200021536;775 688;50;0;2;7;19;3
202200021536;775 690;7;0;2;1;15;1
202200021537;775 686;2;0;2;1;2;1
202200021537;775 687;21;0;0;4;2;1
202200021538;775 684;31;0;2;1;18;1
202200021538;775 685;7;0;2;5;15;1
202200021539;775 683;10;8;0;1;16;1
202200021540;775 680;2;0;2;1;1;1
202200021540;775 682;7;0;2;3;19;1
202200021541;775 679;7;0;2;1;1;1
202200021541;775 681;50;0;2;0;1;3
202200021542;775 678;7;8;0;1;1;1
202200021543;775 676;10;6;0;2;0;1
202200021544;775 675;50;0;2;1;1;3
202200021544;775 677;7;0;2;1;15;1
202200021545;775 672;7;0;2;1;17;1
202200021545;775 674;7;0;2;1;1;1
202200021546;775 671;33;0;2;1;1;0
202200021546;775 673;7;0;0;0;0;1
202200021547;775 670;7;6;0;3;1;1
202200021548;775 667;7;13;0;7;1;1
202200021549;775 668;7;0;2;6;1;1
202200021549;775 669;30;0;2;1;1;1
202200021550;775 666;33;0;0;0;0;1
202200021551;775 664;1;0;2;4;1;5
202200021551;775 665;7;0;2;2;2;1
202200021552;775 663;7;0;1;3;1;1
202200021553;775 662;33;12;0;1;1;0
202200021554;775 660;7;0;2;3;19;1
202200021554;775 661;33;0;2;1;1;1
202200021555;775 659;7;0;1;0;9;0
202200021556;775 657;7;0;2;3;13;1
202200021556;775 658;15;0;2;6;21;1
202200021557;775 654;7;0;2;4;9;1
202200021557;775 656;7;0;2;1;1;1
202200021558;775 653;7;0;0;6;1;1
202200021558;775 655;2;0;2;1;2;1
202200021559;775 651;7;0;2;3;15;1
202200021559;775 652;32;0;2;1;2;1
202200021560;775 649;7;0;2;1;1;1
202200021560;775 650;7;0;2;1;1;1
202200021561;775 644;7;0;2;2;17;1
202200021561;775 646;7;0;2;3;20;1
202200021561;775 648;7;1;2;3;24;1
202200021562;775 641;7;0;2;8;19;1
202200021562;775 643;33;0;2;1;1;1
202200021563;775 639;33;0;2;1;2;1
202200021563;775 640;7;0;2;3;2;1
202200021564;775 638;38;0;2;4;24;1
202200021564;775 642;15;0;2;1;2;0
202200021565;775 636;7;0;9;3;1;1
202200021565;775 637;1;0;2;3;1;5
202200021566;775 634;7;0;2;1;13;1
202200021566;775 635;7;0;2;2;21;1
202200021567;775 632;31;0;2;1;15;1
202200021567;775 633;7;0;2;1;1;1
202200021568;775 630;33;0;2;1;1;1
202200021568;775 631;7;0;2;6;1;1
202200021569;775 629;2;0;0;1;1;1
202200021570;775 626;7;0;1;2;2;1
202200021571;775 627;7;0;2;4;2;1
202200021571;775 628;7;0;2;1;2;1
202200021572;775 625;7;2;0;7;14;1
202200021573;775 624;7;0;1;1;16;1
202200021574;775 623;33;0;0;0;17;1
202200021575;775 620;33;0;2;1;3;1
202200021575;775 622;7;0;2;2;12;1
202200021576;775 618;7;6;0;3;0;0
202200021577;775 616;33;0;2;1;3;1
202200021577;775 617;7;0;2;7;22;1
202200021577;775 619;7;0;2;4;23;1
202200021578;775 615;7;4;0;2;14;1
202200021579;775 613;7;0;2;1;1;2
202200021579;775 614;7;0;0;4;1;1
202200021580;775 612;30;0;0;0;1;1
202200021581;775 611;33;0;0;2;1;1
202200021582;775 608;7;0;2;4;2;1
202200021582;775 610;80;0;2;1;2;3
202200021583;775 607;7;0;2;1;2;1
202200021583;775 609;15;0;0;4;2;1
202200021584;775 606;17;3;0;1;1;1
202200021585;775 604;1;0;2;4;23;5
202200021585;775 605;14;0;2;1;2;6
202200021586;775 602;33;0;2;2;17;1
202200021586;775 603;10;0;2;8;15;1
202200021587;775 599;33;10;0;1;1;1
202200021588;775 598;7;0;2;3;24;1
202200021588;775 600;7;0;2;3;1;1
202200021588;775 601;30;0;2;2;17;1
202200021589;775 596;10;0;2;3;19;1
202200021589;775 597;33;0;2;1;1;1
202200021590;775 594;1;0;2;1;9;5
202200021590;775 595;37;0;2;5;1;2
202200021591;775 592;1;0;2;3;9;5
202200021591;775 593;10;0;9;2;1;1
202200021592;775 588;1;0;2;3;15;5
202200021592;775 591;7;0;2;2;1;1
202200021593;775 587;7;0;0;3;1;1
202200021593;775 589;7;0;0;6;1;1
202200021593;775 590;7;0;2;1;21;1
202200021594;775 583;33;0;2;1;1;1
202200021594;775 586;7;0;2;6;15;2
202200021595;775 584;7;0;2;3;9;1
202200021595;775 585;7;0;2;1;1;1
202200021596;775 581;7;2;0;3;0;1
202200021597;775 580;50;0;2;8;15;3
202200021597;775 582;33;0;2;8;5;1
202200021598;775 579;7;2;0;1;1;1
202200021599;775 577;1;0;2;8;1;5
202200021599;775 578;1;0;2;7;17;5
202200021600;775 575;7;0;2;3;15;1
202200021600;775 576;30;0;2;2;17;1
202200021601;775 572;7;5;0;1;1;1
202200021602;775 573;10;0;2;4;23;1
202200021602;775 574;10;0;2;1;2;1
202200021603;775 570;7;8;0;2;1;1
202200021604;775 569;34;0;2;1;1;1
202200021604;775 571;7;0;2;3;13;1
202200021605;775 568;7;0;0;1;1;1
202200021606;775 564;7;0;2;0;26;1
202200021606;775 566;30;0;2;0;0;1
202200021607;775 563;7;6;0;3;13;1
202200021608;775 562;7;0;1;3;9;3
202200021609;775 560;33;0;2;2;1;1
202200021609;775 561;10;0;2;6;11;1
202200021610;775 557;7;0;2;8;9;1
202200021610;775 559;31;0;2;0;0;1
202200021611;775 552;30;0;2;1;9;1
202200021611;775 553;15;0;2;4;2;1
202200021612;775 551;7;0;2;4;2;1
202200021612;775 554;7;0;2;4;2;1
202200021612;775 555;7;0;2;4;2;1
202200021612;775 556;7;0;2;4;2;1
202200021612;775 558;10;0;2;1;14;1
202200021613;775 548;7;0;2;5;1;1
202200021613;775 549;33;0;2;3;13;1
202200021614;775 547;50;0;2;2;0;3
202200021614;775 550;7;0;9;1;16;1
202200021615;775 542;7;0;2;4;1;2
202200021615;775 543;7;0;2;3;14;1
202200021615;775 545;7;0;2;6;1;1
202200021615;775 546;7;0;2;5;1;1
202200021616;775 541;7;0;2;8;1;1
202200021616;775 544;7;0;2;1;1;1
202200021617;775 539;7;0;2;1;1;1
202200021617;775 540;7;0;2;4;1;2
202200021618;775 537;33;0;2;8;2;1
202200021618;775 538;7;0;2;1;15;1
202200021619;775 536;7;4;0;1;1;1
202200021620;775 533;33;0;2;7;21;1
202200021620;775 535;10;0;2;8;0;1
202200021621;775 532;7;0;2;5;1;1
202200021621;775 534;50;0;2;1;1;3
202200021622;775 530;34;0;2;0;2;1
202200021622;775 531;7;0;2;4;1;1
202200021623;775 526;10;0;2;8;11;1
202200021623;775 527;33;0;2;7;1;1
202200021624;775 528;32;0;2;9;1;1
202200021624;775 529;7;0;2;8;15;1
202200021625;775 523;7;0;2;1;2;1
202200021625;775 525;7;0;2;4;2;1
202200021626;775 522;7;0;2;3;15;1
202200021626;775 524;32;0;2;1;1;1
202200021627;775 520;7;0;2;0;14;1
202200021627;775 521;33;0;2;8;1;1
202200021628;775 519;7;0;1;0;0;0
202200021629;775 518;7;4;0;1;1;1
202200021630;775 516;7;0;1;1;1;0
202200021631;775 517;7;0;2;7;26;1
202200021632;775 514;37;0;2;1;2;1
202200021632;775 515;7;0;1;4;2;3
202200021633;775 513;10;0;1;2;1;1
202200021634;775 509;31;0;2;1;0;1
202200021634;775 510;1;0;2;4;15;5
202200021635;775 508;80;0;1;0;21;3
202200021636;775 505;33;0;2;7;0;0
202200021636;775 507;43;0;2;8;1;1
202200021637;775 503;7;0;2;7;1;1
202200021637;775 504;7;0;2;8;1;1