Num_Acc;id_vehicule;catv;obs;obsm;choc;manv;motor
202200022406;774 103;32;0;2;1;1;1
202200022406;774 105;7;16;0;6;9;1
202200022407;774 101;7;6;0;1;13;1
202200022408;774 100;1;0;2;7;1;5
202200022408;774 104;7;0;2;7;13;1
202200022409;774 098;7;0;2;6;1;1
202200022409;774 099;7;0;2;4;2;1
202200022409;774 102;7;0;2;4;26;1
202200022409;774 108;7;0;2;9;1;1
202200022410;774 094;7;0;2;1;1;1
202200022410;774 097;7;14;2;1;1;1
202200022411;774 095;7;8;0;9;1;1
202200022412;774 093;1;1;2;1;1;5
202200022412;774 096;7;0;2;4;1;1
202200022413;774 092;7;15;0;3;1;1
202200022414;774 090;2;15;0;1;1;1
202200022415;774 089;7;0;2;3;1;1
202200022415;774 091;7;0;2;1;1;1
202200022416;774 087;2;8;0;0;0;1
202200022417;774 086;10;0;2;8;9;1
202200022417;774 088;7;0;2;1;1;1
202200022418;774 084;50;0;1;0;0;3
202200022419;774 083;2;0;0;0;0;1
202200022420;774 082;7;0;2;1;1;1
202200022420;774 085;7;0;2;1;1;1
202200022421;774 078;7;0;2;7;2;1
202200022421;774 080;31;0;2;8;2;1
202200022422;774 077;32;0;2;1;13;0
202200022422;774 079;7;0;2;3;21;1
202200022423;774 076;32;0;2;7;15;0
202200022423;774 081;32;0;2;1;9;0
202200022424;774 072;1;0;0;4;2;5
202200022424;774 074;7;0;9;2;2;1
202200022425;774 073;50;12;0;1;26;3
202200022426;774 071;7;0;2;1;3;1
202200022426;774 075;7;0;2;1;1;1
202200022427;774 067;7;0;2;3;5;1
202200022427;774 069;7;0;2;3;1;0
202200022428;774 068;7;0;1;3;1;1
202200022429;774 066;7;0;2;3;13;1
202200022429;774 070;7;5;2;3;0;1
202200022430;774 061;7;8;0;1;1;1
202200022431;774 060;7;0;2;3;15;1
202200022431;774 064;33;0;2;1;1;1
202200022432;774 062;2;0;2;4;1;3
202200022432;774 065;7;0;2;1;1;1
202200022433;774 058;7;0;2;2;17;1
202200022433;774 059;7;0;2;3;15;1
202200022433;774 063;7;0;2;2;21;2
202200022434;774 055;33;0;2;1;3;1
202200022434;774 057;7;0;2;3;15;1
202200022435;774 052;7;0;2;3;15;1
202200022435;774 054;1;0;2;1;1;5
202200022436;774 051;7;0;2;1;5;2
202200022436;774 053;7;0;0;6;1;1
202200022436;774 056;7;0;2;3;1;1
202200022437;774 047;7;0;2;1;1;1
202200022437;774 050;7;0;2;7;1;1
202200022438;774 045;7;0;2;0;0;1
202200022438;774 048;10;0;2;1;2;1
202200022439;774 043;15;0;2;8;1;0
202200022439;774 046;7;0;2;2;14;0
202200022439;774 049;7;0;2;3;1;1
202200022440;774 042;7;8;0;7;0;1
202200022441;774 041;32;6;0;1;1;1
202200022442;774 039;13;0;1;1;15;6
202200022443;774 036;32;0;2;3;3;1
202200022443;774 040;7;0;2;5;1;1
202200022444;774 035;7;0;2;3;20;1
202200022444;774 037;33;0;2;1;1;1
202200022445;774 033;7;0;2;2;15;1
202200022445;774 034;7;0;2;1;1;1
202200022446;774 029;2;1;0;1;0;1
202200022447;774 028;7;0;1;8;1;1
202200022447;774 032;7;0;2;2;1;2
202200022448;774 026;10;0;2;3;11;0
202200022448;774 030;7;0;2;2;1;0
202200022449;774 027;7;0;2;6;3;2
202200022449;774 031;10;0;2;6;3;1
202200022450;774 025;7;0;1;8;1;1
202200022451;774 021;33;8;2;7;1;1
202200022451;774 023;7;0;2;8;16;1
202200022452;774 020;7;0;2;2;17;0
202200022452;774 024;30;0;2;8;1;1
202200022453;774 014;7;0;2;1;1;1
202200022453;774 019;7;0;2;3;1;1
202200022453;774 022;15;0;2;2;12;1
202200022454;774 015;10;0;2;7;16;1
202200022454;774 017;2;0;2;0;1;1
202200022455;774 010;32;0;2;1;1;1
202200022455;774 012;7;0;2;1;17;1
202200022456;774 011;7;0;2;3;15;3
202200022456;774 013;1;0;2;3;1;5
202200022457;774 008;7;15;0;1;1;1
202200022458;774 007;10;0;2;4;2;1
202200022458;774 009;32;0;2;1;2;1
202200022459;774 003;33;0;2;1;1;1
202200022459;774 005;7;0;2;2;20;1
202200022460;774 001;7;1;1;1;16;1
202200022461;774 000;7;0;2;1;1;1
202200022461;774 002;7;0;2;4;1;1
202200022461;774 004;10;0;2;4;1;1
202200022462;773 999;1;12;0;1;14;5
202200022463;773 998;10;0;0;8;15;3
202200022464;773 997;7;0;1;2;1;1
202200022465;773 996;10;0;2;4;1;1
202200022465;774 006;7;0;2;1;1;1
202200022466;773 995;7;14;0;1;1;1
202200022467;773 993;33;0;2;2;1;1
202200022467;773 994;1;0;2;4;15;5
202200022468;773 990;33;0;2;3;1;1
202200022468;773 992;7;0;0;3;1;1
202200022469;773 989;7;2;0;3;1;1
202200022470;773 988;7;1;1;3;13;1
202200022470;773 991;7;0;2;3;1;1
202200022471;773 984;7;0;2;3;13;1
202200022471;773 985;7;0;2;3;1;1
202200022472;773 983;7;0;2;4;23;1
202200022472;773 987;10;0;2;1;2;1
202200022473;773 982;7;0;2;7;13;1
202200022473;773 986;7;0;2;1;1;1
202200022474;773 980;7;0;1;4;4;1
202200022475;773 978;33;0;0;9;1;1
202200022476;773 976;43;0;2;6;23;1
202200022476;773 979;10;0;2;4;23;1
202200022476;773 981;7;0;2;1;2;1
202200022477;773 977;43;12;0;1;1;1
202200022478;773 974;7;0;1;8;1;3
202200022479;773 973;7;0;2;3;1;2
202200022479;773 975;7;0;2;1;13;1
202200022480;773 970;7;0;1;2;1;1
202200022481;773 969;7;0;2;7;15;1
202200022481;773 971;34;0;2;1;1;1
202200022482;773 968;7;0;2;3;15;1
202200022482;773 972;80;0;2;1;1;3
202200022483;773 964;7;0;2;8;15;1
202200022483;773 967;31;0;2;1;17;1
202200022484;773 963;7;0;2;1;1;1
202200022484;773 966;7;0;2;3;13;1
202200022485;773 962;50;0;2;7;1;3
202200022485;773 965;10;0;2;3;22;1
202200022486;773 957;7;0;2;2;1;1
202200022486;773 959;3;0;0;4;11;1
202200022487;773 958;7;0;2;4;23;1
202200022487;773 961;30;0;2;1;2;3
202200022488;773 955;1;0;2;1;15;5
202200022488;773 960;7;0;2;1;23;1
202200022489;773 956;7;0;1;4;4;0
202200022490;773 949;7;0;2;3;5;1
202200022490;773 953;1;0;2;1;1;5
202200022491;773 950;7;0;2;4;16;1
202200022491;773 952;50;0;2;1;1;3
202200022492;773 951;7;0;2;6;23;1
202200022492;773 954;7;0;2;2;17;1
202200022493;773 944;1;0;2;1;7;5
202200022493;773 945;7;0;2;1;15;1
202200022494;773 946;50;0;2;1;9;3
202200022494;773 947;1;0;2;1;1;5
202200022495;773 948;7;13;0;8;13;1
202200022496;773 940;7;0;2;7;1;2
202200022496;773 942;32;0;2;1;1;1
202200022497;773 941;7;1;0;1;20;1
202200022497;773 943;7;0;2;4;24;0
202200022498;773 936;32;0;2;1;1;1
202200022498;773 938;7;0;2;1;13;1
202200022499;773 939;7;0;1;2;15;1
202200022500;773 935;1;0;2;1;1;5
202200022500;773 937;1;0;2;4;19;5
202200022501;773 933;7;0;2;8;1;1
202200022501;773 934;33;0;2;2;16;1
202200022502;773 932;10;0;1;1;15;1
202200022503;773 930;7;0;2;4;13;1
202200022503;773 931;7;0;2;1;1;1
202200022504;773 929;7;0;1;6;4;2
202200022505;773 927;3;3;0;0;1;1
202200022506;773 926;1;0;2;1;5;5
202200022506;773 928;7;0;2;1;1;1
202200022507;773 925;7;0;1;1;1;1
202200022508;773 924;7;3;2;8;0;1
202200022509;773 919;10;1;0;1;1;1
202200022509;773 921;10;1;0;4;23;1
202200022510;773 922;7;0;2;3;1;2
202200022510;773 923;7;0;2;3;15;1
202200022511;773 917;1;0;2;1;1;5
202200022511;773 920;37;0;2;7;7;2
202200022512;773 916;7;3;2;1;2;1
202200022512;773 918;7;0;2;4;2;1
202200022513;773 915;7;0;1;7;1;1
202200022514;773 912;7;0;2;3;2;1
202200022514;773 914;7;0;2;5;2;1
202200022515;773 911;30;0;2;3;18;1
202200022515;773 913;1;0;2;7;7;5
202200022516;773 907;17;0;2;8;2;1
202200022516;773 909;14;0;2;3;13;1
202200022517;773 908;33;0;2;8;18;1
202200022517;773 910;7;0;2;2;16;1
202200022518;773 898;7;0;2;1;1;1
202200022518;773 901;7;0;2;1;1;1
202200022518;773 902;7;0;2;0;1;1
202200022518;773 904;7;0;2;8;1;1
202200022518;773 906;7;0;2;0;0;1
202200022519;773 900;7;14;0;5;0;1
202200022519;773 905;2;14;0;1;0;3
202200022520;773 899;30;0;2;8;1;3
202200022520;773 903;7;0;2;1;1;1
202200022521;773 897;7;3;0;2;14;1
202200022522;773 895;7;4;0;1;1;1
202200022523;773 894;1;0;1;8;1;5
202200022524;773 892;7;4;0;2;1;1
202200022525;773 893;33;0;2;1;1;0
202200022525;773 896;7;0;2;3;21;0
202200022526;773 890;7;0;0;9;26;1
202200022527;773 891;10;8;1;1;14;3
202200022528;773 888;7;0;2;3;5;1
202200022528;773 889;34;0;0;1;1;1
202200022529;773 885;0;0;2;0;0;0
202200022529;773 886;7;0;2;4;1;1
202200022529;773 887;7;0;2;8;1;1
202200022530;773 884;7;0;1;3;15;2
202200022531;773 883;7;0;1;1;1;1
202200022532;773 880;1;0;1;1;25;5
202200022533;773 879;16;0;2;5;0;1
202200022533;773 881;7;0;2;1;0;1
202200022534;773 878;7;2;2;1;1;1
202200022534;773 882;7;2;2;5;19;2
202200022535;773 876;10;0;1;0;15;3
202200022536;773 875;7;0;2;1;2;1
202200022536;773 877;7;0;2;4;23;1
202200022537;773 873;2;0;2;1;17;1
202200022537;773 874;7;0;2;3;15;1
202200022538;773 870;7;1;0;2;1;1
202200022539;773 869;7;0;2;6;1;1
202200022539;773 872;80;0;2;1;1;3
202200022540;773 867;50;0;1;1;1;3
202200022541;773 866;10;0;2;0;0;1
202200022541;773 868;10;0;2;0;0;1
202200022542;773 871;7;0;1;2;1;1
202200022543;773 865;80;1;0;1;1;3
202200022544;773 863;3;0;2;2;15;0
202200022544;773 864;33;0;2;0;0;0
202200022545;773 862;32;0;1;1;1;1
202200022546;773 859;50;0;2;1;1;3
202200022546;773 861;7;0;2;6;15;1
202200022547;773 858;43;0;2;3;2;1
202200022547;773 860;7;0;2;5;23;1
202200022548;773 856;10;1;1;1;20;0
202200022549;773 855;7;0;2;6;15;1
202200022549;773 857;32;0;2;7;1;1
202200022550;773 852;1;0;0;0;2;5
202200022550;773 854;7;0;0;0;2;1
202200022551;773 851;30;0;2;0;17;1
202200022551;773 853;50;0;2;0;15;3
202200022552;773 848;1;0;2;1;7;5
202200022552;773 849;7;0;2;2;16;1
202200022553;773 847;7;13;0;1;13;1
202200022554;773 845;50;0;1;1;5;3
202200022555;773 844;10;0;0;5;15;1
202200022555;773 846;7;5;2;1;21;1
202200022556;773 843;30;0;1;1;1;0
202200022557;773 842;7;12;9;2;1;1
202200022558;773 841;33;0;1;3;1;1
202200022559;773 839;1;0;2;1;1;5
202200022559;773 840;7;0;9;2;1;1
202200022560;773 837;33;0;2;1;1;1
202200022560;773 838;7;0;2;2;15;1
202200022561;773 835;2;0;2;1;5;1
202200022561;773 836;10;0;2;1;1;1
202200022562;773 834;50;15;0;1;1;3
202200022563;773 831;7;4;2;8;13;1
202200022563;773 833;13;0;2;6;1;1
202200022564;773 830;7;0;2;3;15;1
202200022564;773 832;30;0;2;2;1;1
202200022565;773 828;7;0;2;1;1;1
202200022565;773 829;7;0;2;1;13;1
202200022566;773 827;33;1;0;7;21;1
202200022567;773 824;50;1;0;1;1;3
202200022567;773 826;7;0;2;8;22;0
202200022568;773 823;7;0;2;1;5;1
202200022568;773 825;14;0;2;3;1;1
202200022569;773 820;7;0;2;4;1;0
202200022569;773 822;30;0;2;1;2;1
202200022570;773 819;1;0;0;0;2;5
202200022570;773 821;33;0;0;8;2;1
202200022571;773 818;7;4;0;1;26;1
202200022572;773 816;7;0;2;2;9;1
202200022572;773 817;33;0;2;1;1;1
202200022573;773 815;50;9;0;1;25;3
202200022574;773 813;1;0;0;0;0;5
202200022575;773 809;7;0;2;2;15;1
202200022575;773 810;33;0;0;1;1;1
202200022576;773 808;33;0;2;1;17;1
202200022576;773 811;7;0;2;1;15;1
202200022577;773 806;7;0;2;1;1;1
202200022577;773 807;7;0;2;1;13;1
202200022578;773 805;50;0;0;1;15;3
202200022579;773 801;7;9;2;8;15;1
202200022579;773 803;7;9;2;1;1;0
202200022580;773 802;1;0;0;4;15;5
202200022580;773 804;7;0;0;8;18;1
202200022581;773 800;7;8;0;1;1;1
202200022582;773 798;7;9;2;1;1;1
202200022582;773 799;7;9;2;7;15;1
202200022583;773 796;7;0;2;3;13;1
202200022583;773 797;7;0;2;8;1;1
202200022584;773 794;7;0;2;4;23;1
202200022584;773 795;10;0;2;2;1;1
202200022585;773 792;7;0;9;3;0;1
202200022585;773 793;1;0;2;1;0;5
202200022586;773 790;7;0;2;1;16;1
202200022586;773 791;50;0;2;1;1;3
202200022587;773 789;33;0;0;7;1;1
202200022588;773 786;33;0;0;0;0;1
202200022588;773 788;7;0;2;2;10;1
202200022589;773 785;7;0;2;7;0;0
202200022589;773 787;1;0;2;3;1;5
202200022590;773 781;10;0;2;1;1;1
202200022590;773 782;7;0;0;4;23;1
202200022590;773 784;10;0;0;0;0;1
202200022591;773 779;10;0;2;2;21;1
202200022591;773 780;2;0;2;3;13;1
202200022592;773 777;7;0;2;4;16;1
202200022592;773 778;33;0;2;4;1;1
202200022593;773 776;15;0;0;8;9;1
202200022594;773 774;7;0;2;3;15;1
202200022594;773 775;32;0;2;2;1;1
202200022595;773 773;31;10;0;7;1;1
202200022596;773 770;15;0;1;1;1;1
202200022597;773 771;13;0;9;2;15;1
202200022597;773 772;50;0;2;1;1;3
202200022598;773 769;7;13;0;0;1;1
202200022599;773 768;32;0;1;8;17;0
202200022600;773 767;3;8;0;3;13;1
202200022601;773 763;31;0;2;1;1;1
202200022601;773 765;7;0;2;4;1;1
202200022602;773 759;7;0;2;2;2;1
202200022602;773 761;1;0;2;4;2;5
202200022603;773 757;7;0;2;1;2;1
202200022603;773 758;7;0;2;4;2;1
202200022603;773 760;7;0;2;4;2;1
202200022603;773 762;7;0;2;4;2;1
202200022604;773 755;10;0;0;8;9;1
202200022604;773 756;7;0;2;1;21;1
202200022605;773 754;7;0;1;3;1;1
202200022606;773 751;32;0;1;1;1;1
202200022607;773 752;33;0;2;1;17;1
202200022607;773 753;7;0;0;6;15;1
202200022608;773 750;7;0;1;1;20;1
202200022609;773 748;7;0;2;5;1;1
202200022609;773 749;31;0;2;1;1;1
202200022610;773 747;37;0;2;1;0;1
202200022611;773 744;2;0;2;1;7;1
202200022611;773 745;7;0;0;3;20;1
202200022612;773 743;7;0;2;3;1;1
202200022612;773 746;7;0;2;3;1;1
202200022613;773 741;7;1;0;1;13;1
202200022614;773 740;7;0;2;3;15;1
202200022614;773 742;80;0;2;1;1;3
202200022615;773 739;1;0;0;0;0;5
202200022616;773 736;7;13;0;3;1;1
202200022617;773 737;2;0;2;1;1;1
202200022617;773 738;7;0;2;4;9;1
202200022618;773 734;40;0;1;0;19;3
202200022619;773 733;7;0;2;1;2;2
202200022619;773 735;33;0;0;4;23;1
202200022620;773 730;7;0;2;3;10;2
202200022620;773 732;30;0;2;1;1;1
202200022621;773 727;1;0;0;0;1;5
202200022622;773 726;1;0;2;8;1;5
202200022622;773 728;30;0;2;1;17;1
202200022623;773 723;50;0;2;3;5;3
202200022623;773 725;7;0;0;0;1;2
202200022624;773 721;7;0;0;3;1;1
202200022624;773 722;7;0;0;4;23;1
202200022624;773 724;7;0;2;1;1;1
202200022625;773 717;10;0;2;3;10;1
202200022625;773 720;33;0;2;1;1;1
202200022626;773 715;7;0;2;7;2;1
202200022626;773 716;7;0;0;9;2;1
202200022626;773 718;7;0;9;8;2;1
202200022626;773 719;7;0;2;1;2;1
202200022627;773 713;7;0;2;7;16;1
202200022627;773 714;32;0;2;1;2;1
202200022628;773 711;43;0;1;1;1;1
202200022629;773 710;36;0;2;3;17;1
202200022629;773 712;7;0;2;3;1;1
202200022630;773 707;2;0;0;0;9;1
202200022630;773 709;33;0;2;0;1;1
202200022631;773 706;32;0;2;7;1;1
202200022631;773 708;32;0;2;1;13;0
202200022632;773 705;7;6;0;2;17;1
202200022633;773 703;33;0;2;8;0;0
202200022633;773 704;7;0;2;7;17;1
202200022634;773 701;31;0;2;1;1;1
202200022634;773 702;7;0;2;4;20;1
202200022635;773 698;7;0;2;3;1;1
202200022635;773 700;33;0;2;3;1;1
202200022636;773 699;7;0;0;9;1;1
202200022637;773 695;20;0;0;6;1;1
202200022637;773 697;7;4;2;3;21;1
202200022638;773 694;1;0;2;8;18;5
202200022638;773 696;7;0;2;1;2;1
202200022639;773 692;32;0;1;2;3;1
202200022640;773 691;7;0;2;1;1;1
202200022640;773 693;7;0;2;1;17;1
202200022641;773 688;99;0;2;8;19;5
202200022641;773 690;7;0;2;1;1;1
202200022642;773 687;33;0;2;1;1;1
202200022642;773 689;7;0;2;6;15;1
202200022643;773 685;7;0;1;1;14;1
202200022644;773 684;1;1;0;7;1;5
202200022644;773 686;7;1;0;1;1;1
202200022645;773 682;7;0;2;3;1;1
202200022645;773 683;2;0;2;3;0;1
202200022646;773 681;30;1;1;1;25;1
202200022647;773 679;1;0;2;4;2;5
202200022647;773 680;7;0;2;3;9;2
202200022648;773 678;7;0;5;1;1;1
202200022649;773 676;7;0;0;4;2;1
202200022649;773 677;2;0;2;1;2;1
202200022650;773 674;7;0;2;1;1;1
202200022650;773 675;7;0;0;7;1;1
202200022651;773 673;33;3;0;1;1;1
202200022652;773 672;33;12;0;9;17;1
202200022653;773 671;7;16;0;1;1;1
202200022654;773 668;33;8;0;4;1;1
202200022654;773 669;7;0;2;2;1;1
202200022655;773 667;33;4;0;3;13;1
202200022656;773 664;32;0;2;1;13;1
202200022656;773 666;7;0;0;6;1;1
202200022657;773 663;7;0;2;3;15;1
202200022657;773 665;33;0;2;1;1;1
202200022658;773 661;7;3;2;7;12;1
202200022658;773 662;33;3;2;8;1;1
202200022659;773 660;7;0;1;3;1;1
202200022660;773 655;7;0;2;6;1;1
202200022660;773 656;14;0;2;1;1;1
202200022660;773 657;7;0;2;2;19;1
202200022661;773 653;10;0;2;1;15;1
202200022661;773 654;7;0;2;1;1;1
202200022662;773 658;7;0;2;1;11;1
202200022662;773 659;7;3;2;6;26;1
202200022663;773 651;7;4;0;1;1;1
202200022664;773 650;7;0;2;4;1;1
202200022664;773 652;14;0;2;1;2;1
202200022665;773 648;32;0;2;1;3;1
202200022665;773 649;10;0;2;5;1;1
202200022666;773 646;7;0;2;4;23;1
202200022666;773 647;33;0;2;1;2;1
202200022667;773 642;7;0;2;1;2;1
202200022667;773 643;7;0;2;4;2;1
202200022668;773 641;10;0;2;1;1;1
202200022668;773 644;7;0;2;4;1;1
202200022668;773 645;7;0;2;4;1;1
202200022669;773 635;7;0;2;1;2;1
202200022669;773 636;7;0;2;4;2;1
202200022669;773 638;7;0;2;4;2;1
202200022670;773 634;7;0;2;1;2;2
202200022670;773 637;7;0;2;4;2;1
202200022670;773 639;10;0;2;1;2;1
202200022670;773 640;32;0;2;1;2;1
202200022671;773 631;32;4;2;1;3;1
202200022671;773 632;7;4;2;4;2;1
202200022672;773 630;7;0;2;5;1;1
202200022672;773 633;7;0;2;1;3;1
202200022673;773 628;7;0;2;3;11;1
202200022673;773 629;7;0;2;2;0;1
202200022674;773 626;10;0;2;1;2;1
202200022674;773 627;10;0;2;4;2;1
202200022675;773 625;33;4;0;1;1;1
202200022676;773 624;32;0;2;8;1;1
202200022677;773 620;17;0;2;6;1;1
202200022677;773 622;7;0;2;1;14;3
202200022677;773 623;7;0;2;8;1;2
202200022678;773 619;7;0;2;6;11;1
202200022678;773 621;34;0;2;1;3;1
202200022679;773 616;7;0;2;2;17;0
202200022679;773 617;10;0;1;2;0;1
202200022680;773 614;7;1;2;2;18;1
202200022680;773 615;7;0;2;6;23;1
202200022680;773 618;15;0;2;7;1;1
202200022681;773 613;7;13;0;3;0;0
202200022682;773 611;7;0;2;6;11;1
202200022682;773 612;33;0;2;7;1;1
202200022683;773 610;7;0;0;9;13;1
202200022684;773 609;43;0;9;2;21;1
202200022685;773 605;7;0;2;1;1;1
202200022685;773 607;31;0;2;1;1;1
202200022686;773 604;43;0;2;1;2;1
202200022686;773 606;7;0;2;6;2;1
202200022686;773 608;10;0;2;4;2;3
202200022687;773 602;2;0;2;0;1;1
202200022687;773 603;7;0;2;0;1;1
202200022688;773 597;7;0;2;7;16;1
202200022688;773 599;1;0;2;8;1;5
202200022689;773 595;7;0;2;8;1;3
202200022689;773 596;7;0;2;5;2;1
202200022689;773 598;17;0;2;8;1;1
202200022689;773 600;7;0;2;4;2;1
202200022689;773 601;10;0;2;1;2;1
202200022690;773 593;7;0;2;4;2;1
202200022690;773 594;33;0;2;1;2;1
202200022691;773 591;31;0;2;7;3;1
202200022691;773 592;7;0;2;6;11;1
202200022692;773 589;7;0;2;3;20;1
202200022692;773 590;14;0;2;5;1;1
202200022693;773 588;13;5;0;8;1;1
202200022694;773 585;34;0;2;3;13;1
202200022694;773 586;7;0;2;7;1;1
202200022695;773 583;7;0;2;3;21;1
202200022695;773 584;7;0;2;3;14;1
202200022695;773 587;7;0;2;3;13;1
202200022696;773 582;33;16;0;8;0;1
202200022697;773 580;33;0;2;7;17;1
202200022697;773 581;7;0;2;8;15;1
202200022698;773 578;10;0;2;7;0;1
202200022698;773 579;32;0;2;8;0;1
202200022699;773 577;7;3;0;1;1;1
202200022700;773 576;7;0;1;6;1;1
202200022701;773 575;2;6;0;1;15;1
202200022702;773 574;7;13;0;1;1;1
202200022703;773 571;7;15;0;2;1;1
202200022704;773 570;7;0;2;3;0;1
202200022704;773 572;1;-1;-1;-1;0;5
202200022705;773 568;1;0;2;7;19;5
202200022705;773 569;7;0;2;2;9;1
202200022706;773 566;7;0;2;1;19;1
202200022706;773 567;7;0;2;3;1;1
202200022707;773 564;2;0;2;1;17;1
202200022707;773 565;7;0;2;3;1;1
202200022708;773 562;7;0;2;1;16;1
202200022708;773 563;7;0;2;8;18;1
202200022709;773 560;7;0;0;7;15;1
202200022709;773 561;7;0;2;1;1;1
202200022710;773 559;36;12;0;1;26;0
202200022711;773 558;7;11;0;1;1;1
202200022712;773 557;21;0;1;6;23;1
202200022713;773 555;7;0;1;1;2;1
202200022714;773 554;7;3;2;1;15;1
202200022714;773 556;7;3;2;1;1;1
202200022715;773 553;7;6;1;1;1;1
202200022716;773 551;33;0;2;1;1;1
202200022716;773 552;7;0;2;3;13;1
202200022717;773 549;7;0;2;0;0;1
202200022717;773 550;7;0;2;4;2;1
202200022718;773 546;7;0;2;1;1;1
202200022718;773 548;50;0;2;1;1;3
202200022719;773 545;7;0;2;1;1;1
202200022719;773 547;7;0;2;4;2;1
202200022720;773 542;7;0;2;4;1;1
202200022720;773 543;10;0;2;4;1;1
202200022720;773 544;10;0;2;1;2;1
202200022721;773 541;7;14;0;2;1;-1
202200022722;773 538;7;0;2;5;12;2
202200022722;773 540;7;0;2;9;1;1
202200022723;773 537;32;0;2;1;1;1
202200022723;773 539;7;0;2;2;15;1
202200022724;773 535;7;0;2;3;1;1
202200022724;773 536;15;0;2;2;12;6
202200022725;773 533;7;1;0;8;24;1
202200022725;773 534;7;1;0;7;14;1
202200022726;773 531;7;0;2;1;2;1
202200022726;773 532;15;0;2;4;2;1
202200022727;773 529;7;0;2;2;0;2
202200022727;773 530;33;0;2;1;1;1
202200022728;773 526;7;0;2;4;2;1
202200022728;773 527;7;0;2;4;2;2
202200022728;773 528;7;0;2;1;2;1
202200022729;773 524;7;0;2;1;26;1
202200022729;773 525;17;0;2;4;1;1
202200022730;773 523;10;9;0;2;1;1
202200022731;773 522;7;2;0;1;26;1
202200022732;773 520;7;3;5;7;1;1
202200022733;773 519;7;0;2;1;9;1
202200022733;773 521;1;0;2;4;1;5
202200022734;773 518;7;4;0;2;1;1
202200022735;773 515;7;0;2;2;14;1
202200022735;773 517;7;0;2;6;1;1
202200022736;773 514;7;11;2;1;19;1
202200022736;773 516;7;0;2;2;15;1
202200022737;773 512;7;4;0;9;21;1
202200022738;773 513;7;8;0;2;1;1
202200022739;773 511;42;14;0;1;1;1
202200022740;773 509;7;0;2;1;1;1
202200022740;773 510;7;0;2;7;15;1
202200022741;773 507;7;0;2;3;26;1
202200022741;773 508;7;3;0;8;26;1
202200022742;773 505;31;0;2;7;1;1
202200022742;773 506;7;0;2;3;11;0
202200022743;773 503;7;0;2;1;2;1
202200022743;773 504;17;0;2;4;2;1
202200022744;773 501;7;0;2;4;1;1
202200022744;773 502;7;0;2;1;1;1
202200022745;773 499;10;0;2;1;14;1
202200022745;773 500;10;0;2;4;23;1
202200022746;773 496;7;0;2;1;2;1
202200022746;773 497;7;0;2;0;0;1
202200022747;773 494;7;0;2;7;12;1
202200022747;773 495;32;0;2;8;3;1
202200022748;773 498;1;0;0;0;1;5
202200022749;773 492;7;0;2;4;2;1
202200022749;773 493;32;0;2;1;2;1
202200022750;773 488;33;0;2;3;17;1
202200022750;773 490;7;0;2;8;1;1
202200022750;773 491;7;0;2;1;1;1
202200022751;773 487;7;0;2;1;2;1
202200022751;773 489;7;0;2;4;2;1
202200022752;773 484;7;0;2;4;16;0
202200022752;773 486;7;-1;2;-1;0;-1
202200022753;773 483;7;0;2;1;1;1
202200022753;773 485;15;0;2;4;1;1
202200022754;773 482;7;0;1;7;26;1
202200022755;773 480;10;2;0;1;1;1
202200022756;773 478;10;0;2;1;2;1
202200022756;773 479;7;0;2;4;2;1
202200022756;773 481;7;0;2;4;2;1
202200022757;773 476;10;0;2;1;1;1
202200022757;773 477;7;0;2;3;1;1
202200022758;773 474;7;13;0;1;1;1
202200022759;773 473;7;0;2;1;2;1
202200022759;773 475;7;0;2;4;2;1
202200022760;773 471;7;15;2;5;1;1
202200022760;773 472;99;0;2;1;1;0
202200022761;773 468;15;0;2;2;9;1
202200022761;773 469;10;0;2;8;1;1
202200022762;773 466;31;8;0;3;26;1
202200022763;773 465;7;3;0;1;17;1
202200022763;773 467;7;0;0;6;23;1
202200022763;773 470;7;1;0;2;21;1
202200022764;773 463;7;0;0;0;14;1
202200022765;773 462;7;0;2;8;1;3
202200022765;773 464;17;0;2;7;12;1
202200022766;773 461;7;4;0;5;21;1
202200022767;773 456;7;0;2;1;1;1
202200022767;773 459;7;0;2;4;26;1
202200022767;773 460;10;0;2;4;2;1
202200022768;773 454;7;0;2;1;2;1
202200022768;773 455;7;0;2;4;2;1
202200022768;773 458;7;0;2;4;2;1
202200022769;773 452;7;0;2;3;11;1
202200022769;773 453;33;0;2;2;3;1
202200022770;773 451;2;12;0;1;13;3
202200022771;773 447;33;0;2;5;3;1
202200022771;773 448;10;0;2;3;11;1
202200022772;773 445;7;3;2;0;1;2
202200022772;773 449;7;0;0;6;2;1
202200022772;773 450;7;3;0;4;2;1
202200022772;773 457;7;0;0;4;2;1
202200022773;773 442;7;0;2;1;1;1
202200022773;773 443;7;0;2;1;1;1
202200022773;773 446;7;0;2;8;1;1
202200022774;773 441;7;0;2;1;2;1
202200022774;773 444;7;0;2;4;2;1
202200022775;773 439;1;0;2;6;1;5
202200022775;773 440;7;0;2;2;1;1
202200022776;773 436;7;0;2;5;12;1
202200022776;773 438;7;0;2;3;1;1
202200022777;773 435;7;0;2;6;13;2
202200022777;773 437;33;0;2;1;17;1
202200022778;773 433;17;1;0;2;14;1
202200022778;773 434;7;0;0;6;24;2
202200022779;773 430;30;0;1;0;25;0
202200022780;773 429;7;0;2;5;23;1
202200022780;773 431;33;0;2;3;9;1
202200022780;773 432;33;0;2;2;3;1
202200022781;773 427;2;0;2;1;13;1
202200022781;773 428;7;0;2;1;1;1
202200022782;773 423;7;0;2;0;0;0
202200022782;773 425;33;0;2;8;1;1
202200022783;773 424;10;0;2;1;5;1
202200022783;773 426;50;0;2;7;1;3
202200022784;773 422;7;2;0;3;0;1
202200022785;773 421;7;6;0;3;1;1
202200022786;773 420;32;12;0;1;18;1
202200022787;773 419;7;0;0;0;0;1