Num_Acc;id_vehicule;catv;obs;obsm;choc;manv;motor
202200024391;770 621;7;2;0;0;1;1
202200024392;770 619;7;0;0;6;2;1
202200024392;770 620;33;0;2;1;2;1
202200024393;770 623;7;0;2;1;12;1
202200024393;770 627;43;0;2;7;3;1
202200024394;770 617;7;0;2;3;15;1
202200024394;770 618;7;0;2;7;17;1
202200024395;770 615;7;0;2;8;1;1
202200024395;770 616;33;0;2;9;17;1
202200024396;770 612;33;13;0;1;16;1
202200024397;770 613;7;0;0;7;15;1
202200024397;770 614;2;0;2;1;1;1
202200024398;770 609;2;1;0;7;1;1
202200024398;770 610;7;0;2;1;26;2
202200024398;770 611;7;0;2;1;26;1
202200024399;770 608;7;0;0;0;1;1
202200024400;770 604;7;0;2;3;10;1
202200024400;770 606;33;0;2;2;17;1
202200024401;770 605;1;0;2;3;18;5
202200024401;770 607;7;0;2;2;1;1
202200024402;770 601;7;0;2;8;13;1
202200024402;770 602;33;0;2;8;1;1
202200024402;770 603;7;0;2;8;1;0
202200024403;770 600;7;0;0;0;0;1
202200024404;770 598;13;2;0;3;5;1
202200024405;770 599;33;4;0;8;1;1
202200024406;770 593;7;4;0;1;17;1
202200024407;770 594;7;0;2;3;1;1
202200024407;770 595;99;0;2;3;1;0
202200024408;770 590;33;13;0;1;1;1
202200024409;770 587;7;0;2;2;15;1
202200024409;770 589;31;0;2;2;1;0
202200024410;770 586;1;0;2;8;15;5
202200024410;770 588;7;0;2;3;15;1
202200024411;770 591;7;7;2;1;19;1
202200024411;770 592;7;0;2;2;1;2
202200024411;770 597;1;0;2;0;1;5
202200024412;770 584;7;0;1;0;0;1
202200024413;770 583;7;0;2;1;19;1
202200024413;770 585;33;0;2;1;1;1
202200024414;770 581;1;0;0;0;1;5
202200024415;770 578;50;0;2;1;5;3
202200024415;770 580;10;0;2;3;15;1
202200024416;770 579;7;0;2;1;1;1
202200024416;770 582;31;0;2;7;15;1
202200024417;770 577;7;6;0;1;1;1
202200024418;770 576;7;0;1;2;17;1
202200024419;770 572;7;0;9;5;15;1
202200024419;770 574;33;0;2;1;1;1
202200024420;770 575;30;0;0;7;1;1
202200024421;770 571;7;2;0;8;1;1
202200024422;770 570;32;0;2;7;1;3
202200024422;770 573;10;0;2;3;10;3
202200024423;770 569;7;9;9;2;1;2
202200024424;770 566;33;0;1;3;1;1
202200024425;770 564;1;0;1;1;1;5
202200024426;770 563;7;0;1;4;4;1
202200024427;770 558;7;0;2;4;1;1
202200024427;770 560;10;0;2;1;0;0
202200024428;770 559;50;0;2;7;19;3
202200024428;770 562;7;0;2;2;1;1
202200024429;770 557;7;0;2;1;15;1
202200024429;770 561;31;0;2;1;1;1
202200024430;770 553;7;0;2;1;3;1
202200024430;770 555;7;0;2;4;1;1
202200024430;770 556;7;0;2;4;1;1
202200024431;770 552;7;0;2;5;23;1
202200024431;770 554;7;0;2;2;1;1
202200024432;770 549;33;0;2;1;3;1
202200024432;770 551;7;0;2;4;2;1
202200024433;770 545;33;0;2;7;1;1
202200024433;770 546;7;0;2;0;0;1
202200024434;770 548;7;0;2;2;19;1
202200024434;770 550;2;0;2;3;19;1
202200024435;770 542;10;0;2;3;24;1
202200024435;770 544;7;0;2;6;15;1
202200024435;770 547;7;0;2;1;17;1
202200024436;770 541;7;0;2;7;1;1
202200024436;770 543;7;4;2;1;17;1
202200024437;770 539;7;4;0;3;1;1
202200024438;770 538;10;0;2;1;13;1
202200024438;770 540;14;0;2;3;1;1
202200024439;770 534;7;13;0;1;1;0
202200024440;770 533;33;0;0;7;1;1
202200024441;770 535;7;9;0;1;1;1
202200024442;770 532;7;0;2;7;1;1
202200024442;770 536;7;0;2;3;1;1
202200024443;770 528;7;6;0;1;17;1
202200024444;770 526;7;0;2;1;9;1
202200024444;770 531;1;0;2;7;1;5
202200024445;770 525;7;0;2;1;1;1
202200024445;770 530;7;0;2;4;23;1
202200024446;770 524;10;0;2;4;2;1
202200024446;770 527;7;0;2;4;2;1
202200024446;770 529;7;0;2;1;2;1
202200024447;770 523;7;2;0;3;1;1
202200024448;770 521;7;4;0;1;1;1
202200024449;770 519;7;0;2;7;15;0
202200024449;770 522;7;0;2;3;16;1
202200024450;770 517;7;8;0;2;15;1
202200024450;770 518;10;8;0;1;1;0
202200024451;770 516;7;0;1;4;4;1
202200024452;770 512;43;0;2;8;3;1
202200024452;770 515;7;0;2;7;12;1
202200024453;770 510;7;1;0;0;14;1
202200024453;770 513;15;0;2;3;0;1
202200024454;770 511;7;0;1;3;1;1
202200024455;770 509;7;0;2;3;23;1
202200024455;770 514;32;0;2;3;21;1
202200024456;770 507;30;15;0;1;5;1
202200024457;770 506;32;7;0;1;1;1
202200024458;770 504;32;1;0;1;0;1
202200024459;770 502;32;0;0;0;26;1
202200024460;770 501;7;0;2;4;1;1
202200024460;770 503;7;0;2;4;1;1
202200024460;770 505;7;0;2;4;1;1
202200024460;770 508;7;0;2;1;1;1
202200024461;770 500;7;13;0;1;1;1
202200024462;770 497;7;0;2;3;1;1
202200024462;770 499;33;0;2;0;1;1
202200024463;770 496;37;0;2;1;1;2
202200024463;770 498;7;0;2;4;1;1
202200024464;770 495;7;2;0;3;1;1
202200024465;770 492;7;0;0;1;1;1
202200024465;770 494;7;0;0;8;1;1
202200024466;770 490;7;0;2;6;9;1
202200024466;770 493;7;0;2;1;1;1
202200024467;770 489;32;0;2;3;15;0
202200024467;770 491;31;0;2;1;1;1
202200024468;770 487;7;13;0;3;1;1
202200024469;770 482;30;0;2;2;12;1
202200024469;770 485;7;0;2;6;0;0
202200024470;770 484;7;0;2;4;1;1
202200024470;770 486;7;0;2;9;1;1
202200024470;770 488;7;0;2;1;1;1
202200024471;770 480;80;0;0;7;1;3
202200024472;770 481;7;0;2;3;15;0
202200024472;770 483;33;0;2;1;1;0
202200024473;770 478;30;0;2;4;2;1
202200024473;770 479;7;0;2;1;1;1
202200024474;770 475;30;0;0;0;21;1
202200024475;770 473;7;13;0;3;26;1
202200024476;770 474;7;0;2;3;1;1
202200024476;770 477;7;3;2;1;14;1
202200024477;770 472;1;0;0;9;1;5
202200024478;770 470;7;0;1;8;1;2
202200024479;770 468;7;0;2;3;15;1
202200024479;770 471;33;0;2;8;1;1
202200024480;770 465;7;0;2;1;1;1
202200024480;770 469;7;0;2;4;1;1
202200024481;770 466;7;0;2;2;26;1
202200024481;770 467;33;0;2;8;1;1
202200024482;770 462;10;1;0;6;0;1
202200024482;770 463;7;1;2;3;5;1
202200024482;770 464;10;0;2;2;1;1
202200024483;770 456;10;0;2;1;1;1
202200024483;770 460;7;0;2;4;26;1
202200024484;770 459;33;0;2;1;1;1
202200024484;770 461;7;0;2;4;2;1
202200024485;770 458;7;2;0;2;0;1
202200024486;770 455;14;1;0;0;24;1
202200024486;770 457;7;14;0;1;2;1
202200024487;770 450;7;0;2;3;13;1
202200024487;770 452;7;0;2;3;1;1
202200024488;770 451;7;0;2;1;13;1
202200024488;770 454;14;0;2;3;1;1
202200024489;770 449;7;0;2;1;1;1
202200024489;770 453;7;0;2;4;1;1
202200024490;770 443;7;1;0;3;13;1
202200024491;770 441;30;0;2;1;0;1
202200024491;770 445;36;0;2;1;0;1
202200024492;770 440;7;0;2;6;11;1
202200024492;770 442;15;0;2;2;1;1
202200024492;770 444;7;0;2;2;1;1
202200024493;770 439;7;0;2;1;1;1
202200024493;770 446;7;0;2;8;19;1
202200024494;770 436;7;6;0;1;0;1
202200024495;770 435;10;0;2;0;17;1
202200024495;770 437;7;0;2;1;2;1
202200024495;770 438;7;0;2;0;2;1
202200024496;770 432;7;13;0;1;1;1
202200024497;770 429;7;13;0;9;1;1
202200024498;770 428;31;14;0;7;1;1
202200024498;770 431;7;0;0;0;23;1
202200024499;770 425;36;0;0;0;1;1
202200024500;770 426;10;0;2;4;2;1
202200024500;770 427;10;0;2;1;1;1
202200024500;770 430;10;0;2;7;12;1
202200024500;770 433;32;0;2;1;3;3
202200024500;770 434;7;0;2;8;1;1
202200024501;770 424;10;2;0;9;13;1
202200024502;770 422;7;0;1;1;15;0
202200024503;770 423;32;0;1;1;18;1
202200024504;770 420;7;2;0;3;13;1
202200024505;770 419;10;0;2;3;2;1
202200024505;770 421;7;0;2;5;2;1
202200024506;770 412;7;0;2;3;13;1
202200024506;770 416;2;0;2;1;1;1
202200024507;770 413;31;0;2;0;1;1
202200024507;770 418;7;0;2;2;12;1
202200024508;770 414;7;0;2;1;1;1
202200024508;770 417;7;0;2;1;5;1
202200024509;770 410;1;0;0;8;1;5
202200024510;770 408;13;0;2;1;1;1
202200024510;770 411;7;3;2;1;13;1
202200024511;770 406;10;0;2;1;13;1
202200024511;770 407;15;0;2;3;1;1
202200024512;770 404;7;0;0;0;1;0
202200024513;770 405;7;0;2;1;2;1
202200024513;770 409;7;0;2;4;2;1
202200024514;770 401;2;12;0;1;1;1
202200024515;770 399;7;0;2;2;1;1
202200024515;770 403;36;0;2;4;1;1
202200024516;770 400;7;13;0;1;1;1
202200024517;770 397;7;2;0;1;13;1
202200024518;770 398;7;0;0;3;15;1
202200024518;770 402;33;0;2;1;1;1
202200024519;770 392;7;0;2;3;1;1
202200024519;770 394;33;0;2;1;15;1
202200024520;770 390;7;0;0;1;21;1
202200024520;770 391;33;0;2;0;1;1
202200024521;770 393;7;0;1;2;1;1
202200024522;770 388;33;0;2;1;17;1
202200024522;770 389;7;0;2;1;1;1
202200024523;770 387;33;14;0;0;1;1
202200024524;770 384;10;7;0;1;1;6
202200024525;770 385;7;0;1;3;1;1
202200024526;770 383;7;0;2;8;1;1
202200024526;770 386;7;0;2;1;1;1
202200024527;770 382;2;1;0;0;26;1
202200024528;770 378;40;0;2;6;1;3
202200024528;770 380;7;0;4;1;13;1
202200024529;770 379;7;0;1;1;1;1
202200024530;770 376;7;0;2;1;21;1
202200024530;770 377;7;0;2;1;1;1
202200024530;770 381;7;0;0;0;17;1
202200024531;770 375;7;0;0;0;2;1
202200024532;770 372;7;0;2;5;15;1
202200024532;770 374;33;0;2;1;1;1
202200024533;770 371;32;0;2;1;0;1
202200024533;770 373;7;0;2;3;15;1
202200024534;770 369;99;1;0;1;18;1
202200024535;770 367;32;0;2;4;1;1
202200024535;770 368;2;0;2;1;1;1
202200024536;770 370;7;0;1;1;1;1
202200024537;770 365;7;0;2;3;9;1
202200024537;770 366;2;0;2;5;1;3
202200024538;770 363;7;0;2;2;15;1
202200024538;770 364;33;0;2;1;1;1
202200024539;770 360;7;0;2;3;0;1
202200024539;770 361;7;0;2;3;0;1
202200024540;770 362;7;0;1;1;1;1
202200024541;770 357;10;11;0;3;13;1
202200024542;770 354;31;0;0;1;1;1
202200024543;770 353;7;3;0;1;1;1
202200024544;770 355;7;0;2;1;1;1
202200024545;770 351;7;0;1;1;1;1
202200024546;770 350;7;0;2;6;1;1
202200024546;770 352;32;0;2;1;1;1
202200024547;770 346;7;0;2;1;2;1
202200024547;770 349;15;0;0;4;2;1
202200024548;770 345;7;0;2;2;17;0
202200024548;770 347;30;0;2;3;15;1
202200024549;770 344;7;0;2;1;1;1
202200024549;770 348;7;0;2;5;1;2
202200024550;770 341;7;0;2;3;2;1
202200024550;770 343;17;0;0;5;23;1
202200024551;770 340;1;0;2;1;11;5
202200024551;770 342;1;0;2;1;1;5
202200024552;770 337;7;0;2;9;17;1
202200024552;770 339;10;0;2;7;1;1
202200024553;770 336;60;0;2;7;25;5
202200024553;770 338;7;0;2;1;9;1
202200024554;770 332;30;0;2;1;5;1
202200024554;770 334;32;0;2;1;1;1
202200024555;770 331;13;0;2;1;1;6
202200024555;770 333;10;0;2;1;13;6
202200024556;770 327;7;0;2;1;1;2
202200024556;770 329;80;0;2;5;1;3
202200024557;770 326;15;0;9;5;17;1
202200024557;770 328;1;0;0;8;2;5
202200024558;770 330;33;0;2;1;1;1
202200024558;770 335;7;0;2;6;1;1
202200024559;770 325;50;0;0;0;1;3
202200024560;770 324;7;4;0;3;1;1
202200024561;770 322;7;0;2;8;19;1
202200024561;770 323;34;0;2;1;2;1
202200024562;770 319;10;0;1;1;1;1
202200024563;770 315;7;0;2;8;1;1
202200024563;770 317;7;0;2;7;21;1
202200024563;770 320;7;0;2;3;13;1
202200024563;770 321;7;0;2;0;17;1
202200024564;770 314;32;4;0;1;9;0
202200024565;770 312;10;0;2;2;1;1
202200024565;770 313;7;0;2;3;5;1
202200024566;770 311;7;2;2;1;13;1
202200024567;770 308;7;0;2;1;15;1
202200024567;770 310;7;0;2;6;1;1
202200024568;770 307;33;0;2;2;17;1
202200024568;770 309;3;0;0;6;15;1
202200024569;770 305;10;3;0;1;1;1
202200024570;770 304;7;1;2;3;15;1
202200024570;770 306;1;0;2;1;1;5
202200024571;770 301;7;0;1;2;1;1
202200024572;770 297;10;0;2;8;1;1
202200024572;770 299;10;0;2;2;1;1
202200024572;770 300;7;0;2;4;1;2
202200024572;770 303;7;0;2;8;1;1
202200024573;770 295;7;0;2;3;0;1
202200024573;770 298;7;0;2;5;1;1
202200024574;770 296;7;0;2;2;14;1
202200024574;770 302;7;0;2;3;26;1
202200024575;770 293;3;0;1;3;17;0
202200024576;770 294;15;1;1;1;21;1
202200024577;770 290;7;3;0;2;14;1
202200024578;770 289;7;0;2;7;1;6
202200024578;770 291;7;0;2;0;0;6
202200024579;770 287;7;0;1;2;1;1
202200024580;770 286;7;0;2;2;9;1
202200024580;770 292;1;0;2;4;1;5
202200024581;770 283;7;0;2;2;2;1
202200024581;770 285;10;0;0;3;2;1
202200024581;770 288;7;0;0;4;1;1
202200024582;770 279;7;0;2;7;1;1
202200024582;770 281;7;0;2;1;15;1
202200024583;770 278;2;0;2;4;15;1
202200024583;770 280;10;0;2;1;2;1
202200024584;770 276;1;0;2;1;1;5
202200024584;770 277;7;0;2;5;1;1
202200024585;770 275;7;0;1;3;1;1
202200024586;770 274;7;0;1;2;1;1
202200024587;770 273;33;12;0;2;14;1
202200024588;770 271;60;0;0;1;1;5
202200024589;770 272;7;8;0;1;14;1
202200024590;770 267;7;0;2;3;11;1
202200024590;770 269;33;0;2;1;1;1
202200024591;770 268;7;2;0;3;1;1
202200024592;770 270;33;0;0;8;13;1
202200024593;770 263;7;0;2;4;1;1
202200024593;770 266;10;0;2;1;1;1
202200024594;770 262;33;0;2;1;1;1
202200024594;770 265;7;0;2;2;19;1
202200024595;770 264;7;0;1;2;26;1
202200024596;770 261;33;0;0;0;1;1
202200024597;770 258;7;0;0;8;0;1
202200024597;770 259;33;0;0;0;1;1
202200024597;770 260;33;0;2;8;1;1
202200024598;770 257;7;4;0;2;0;1
202200024599;770 252;10;0;2;1;1;1
202200024599;770 254;10;0;2;1;13;1
202200024600;770 250;10;0;2;1;2;1
202200024600;770 251;7;0;2;4;23;1
202200024600;770 255;7;0;2;4;23;1
202200024601;770 249;7;13;0;3;13;1
202200024602;770 253;1;0;2;2;19;5
202200024602;770 256;37;0;9;7;1;1
202200024603;770 247;7;0;1;1;1;1
202200024604;770 246;7;0;2;5;17;1
202200024604;770 248;1;0;2;3;0;5
202200024605;770 243;7;0;2;7;19;1
202200024605;770 245;33;0;2;1;17;1
202200024606;770 241;7;0;2;1;1;1
202200024606;770 244;7;0;2;4;1;1
202200024607;770 239;7;0;2;3;1;1
202200024607;770 240;7;0;2;3;1;1
202200024607;770 242;7;0;2;3;0;1
202200024608;770 238;7;0;1;2;1;2
202200024609;770 234;33;0;2;1;13;1
202200024609;770 236;7;0;2;3;1;1
202200024610;770 235;2;0;2;1;1;1
202200024610;770 237;7;0;2;3;15;1
202200024611;770 230;1;0;2;1;1;5
202200024611;770 233;7;0;9;5;19;5
202200024612;770 231;7;0;1;1;1;1
202200024613;770 229;2;0;2;8;26;1
202200024613;770 232;7;0;2;3;1;1
202200024614;770 225;7;0;0;4;1;1
202200024614;770 228;7;0;2;1;1;1
202200024615;770 226;7;0;2;3;1;1
202200024615;770 227;33;0;2;1;5;1
202200024616;770 221;7;0;2;3;1;1
202200024616;770 223;7;0;0;3;1;1
202200024617;770 222;33;0;0;0;1;1
202200024618;770 220;7;0;2;2;15;1
202200024618;770 224;7;0;2;1;1;1
202200024619;770 218;10;0;9;2;17;1
202200024619;770 219;1;0;2;3;15;5
202200024620;770 217;7;13;0;2;14;1
202200024621;770 215;33;3;0;7;1;1
202200024622;770 216;7;0;1;3;1;1
202200024623;770 214;33;0;0;9;21;1
202200024624;770 211;7;0;2;1;1;1
202200024624;770 213;7;0;2;7;13;1
202200024625;770 209;7;0;2;7;1;1
202200024625;770 212;34;0;2;0;0;1
202200024626;770 207;7;0;2;7;16;1
202200024626;770 208;13;0;2;3;2;1
202200024627;770 206;33;13;0;7;1;1
202200024628;770 204;7;9;0;1;1;1
202200024629;770 203;7;0;2;1;1;1
202200024629;770 205;3;0;2;2;0;1
202200024630;770 201;33;0;2;6;21;1
202200024630;770 202;7;0;2;3;23;1
202200024631;770 199;13;0;2;1;1;1
202200024631;770 200;7;0;2;2;15;1
202200024632;770 193;7;0;2;8;19;1
202200024632;770 197;7;0;2;1;1;1
202200024633;770 195;7;13;2;3;1;1
202200024633;770 196;2;0;2;1;17;1
202200024634;770 186;7;0;2;1;1;1
202200024634;770 190;7;0;2;3;19;1
202200024635;770 188;10;0;2;6;2;1
202200024635;770 191;7;0;2;2;2;1
202200024636;770 187;7;0;2;1;21;1
202200024636;770 189;35;0;2;2;5;1
202200024637;770 181;10;0;2;4;26;1
202200024637;770 184;7;0;2;1;1;1
202200024638;770 179;2;12;0;1;1;1
202200024639;770 180;1;0;2;8;1;5
202200024639;770 183;7;0;2;1;19;1
202200024640;770 177;7;0;2;8;13;1
202200024640;770 178;33;0;2;8;21;1
202200024641;770 176;7;0;1;1;1;1
202200024642;770 175;7;0;0;1;1;1
202200024643;770 173;1;0;2;1;1;5
202200024643;770 174;10;0;2;2;1;1
202200024644;770 168;7;0;2;3;21;1
202200024644;770 171;7;0;2;4;1;1
202200024644;770 172;7;0;2;1;2;1
202200024645;770 169;99;0;0;8;1;1
202200024646;770 167;33;0;2;1;1;1
202200024646;770 170;7;0;2;5;9;1
202200024647;770 165;7;15;0;1;1;1
202200024648;770 162;7;4;2;0;6;1
202200024648;770 164;14;0;2;3;1;1
202200024649;770 160;10;0;2;7;1;3
202200024649;770 161;10;0;2;1;1;1
202200024650;770 158;7;0;2;2;1;3
202200024650;770 159;7;0;2;3;1;1
202200024651;770 163;7;0;2;3;1;1
202200024651;770 166;1;0;2;4;24;5
202200024652;770 157;7;13;0;2;14;1
202200024653;770 155;1;0;1;0;1;5
202200024654;770 153;7;0;2;2;19;1
202200024654;770 154;7;0;2;1;1;0
202200024655;770 151;32;16;0;0;0;1
202200024656;770 156;33;0;0;0;1;1
202200024657;770 150;7;2;0;3;16;1
202200024658;770 149;7;0;2;3;5;1
202200024658;770 152;7;0;2;1;1;1
202200024659;770 145;7;0;2;1;2;1
202200024659;770 146;7;0;2;4;2;1
202200024660;770 143;33;0;0;8;1;1
202200024661;770 141;10;0;0;4;1;1
202200024661;770 142;10;0;2;1;2;1
202200024662;770 136;7;0;2;3;0;1
202200024662;770 138;7;0;2;1;5;1
202200024663;770 135;50;14;0;1;1;3
202200024664;770 134;20;16;0;4;23;1
202200024665;770 133;7;2;0;2;16;1
202200024666;770 132;33;0;0;1;1;1
202200024667;770 130;7;0;0;0;19;0
202200024668;770 128;7;0;2;3;0;1
202200024668;770 129;7;0;2;3;0;1
202200024669;770 127;7;0;2;1;19;1
202200024669;770 131;7;0;2;3;15;1
202200024670;770 124;7;0;2;6;15;1
202200024670;770 126;32;0;2;1;1;1
202200024671;770 123;7;0;9;0;2;1
202200024671;770 125;1;0;2;1;2;5
202200024672;770 122;33;12;0;1;1;1
202200024673;770 120;7;6;0;9;1;1
202200024674;770 121;7;0;5;1;1;1
202200024675;770 116;7;0;2;1;13;1
202200024675;770 118;1;0;2;1;1;5
202200024676;770 117;7;0;2;4;2;1
202200024676;770 119;7;0;0;1;2;1
202200024677;770 113;7;13;0;1;1;1
202200024678;770 112;7;0;2;3;23;1
202200024678;770 114;33;0;2;8;3;1
202200024678;770 115;10;0;2;2;23;1
202200024679;770 111;7;0;1;3;1;0
202200024680;770 108;30;0;2;1;26;1
202200024680;770 110;30;14;2;0;0;0
202200024681;770 106;1;0;2;7;15;6
202200024681;770 109;7;0;2;3;9;1
202200024682;770 105;7;0;0;6;2;1
202200024682;770 107;33;0;2;1;1;1
202200024683;770 103;1;0;2;1;1;5
202200024683;770 104;7;0;2;2;15;1
202200024684;770 101;7;0;2;2;1;1
202200024684;770 102;50;0;2;1;19;3
202200024685;770 100;7;8;0;2;0;1
202200024686;770 098;7;1;0;4;24;1
202200024686;770 099;10;0;0;4;24;1
202200024687;770 095;17;0;2;1;26;1
202200024687;770 097;7;0;2;1;13;1
202200024688;770 093;1;0;2;0;0;5
202200024688;770 096;7;0;9;2;2;1
202200024689;770 094;10;0;1;2;1;1
202200024690;770 090;1;0;2;1;1;5
202200024690;770 092;37;0;2;2;16;1
202200024691;770 089;7;0;2;8;26;1
202200024691;770 091;33;0;2;2;1;1
202200024692;770 086;7;0;2;3;15;1
202200024692;770 087;2;0;2;1;1;1
202200024693;770 085;7;4;0;1;16;1
202200024694;770 081;10;0;2;1;1;1
202200024694;770 083;7;0;2;1;1;1
202200024695;770 082;7;0;1;4;20;1
202200024696;770 084;7;0;2;1;1;1
202200024696;770 088;2;0;2;8;9;1
202200024697;770 078;7;4;2;1;26;1
202200024697;770 080;7;0;2;4;1;1
202200024698;770 077;30;0;2;7;17;1
202200024698;770 079;7;0;2;8;15;0
202200024699;770 075;7;0;2;8;17;1
202200024699;770 076;31;0;2;1;1;1
202200024700;770 074;7;16;0;0;21;1
202200024701;770 071;2;0;2;7;1;1
202200024701;770 073;7;0;2;3;9;1
202200024702;770 072;7;0;1;1;0;0
202200024703;770 070;33;6;0;1;1;1
202200024704;770 066;7;0;2;0;0;1
202200024704;770 069;7;0;2;1;21;1
202200024705;770 067;7;0;2;1;1;1
202200024705;770 068;7;0;2;1;1;1
202200024706;770 065;33;13;0;1;1;1
202200024707;770 064;30;0;0;0;23;1
202200024708;770 062;33;0;2;3;1;1
202200024708;770 063;7;0;2;2;16;0
202200024709;770 059;7;0;2;4;2;1
202200024709;770 061;7;1;2;1;1;1
202200024710;770 056;7;0;2;1;1;1
202200024710;770 058;7;0;2;1;13;1
202200024711;770 054;50;0;2;2;25;3
202200024711;770 055;7;0;2;2;26;1
202200024712;770 057;1;0;2;8;1;5
202200024712;770 060;7;0;2;2;2;1
202200024713;770 051;7;0;2;4;1;1
202200024713;770 052;7;0;2;1;1;1
202200024714;770 049;7;0;2;1;15;1
202200024714;770 053;17;0;2;7;1;1
202200024715;770 050;7;15;0;3;0;1
202200024716;770 047;7;0;0;3;0;1
202200024716;770 048;7;0;2;3;0;1
202200024717;770 046;7;0;1;1;0;1
202200024718;770 043;7;0;2;3;13;1
202200024718;770 045;7;0;2;3;1;1
202200024719;770 042;1;0;2;1;2;5
202200024719;770 044;7;0;2;1;1;1
202200024720;770 041;7;0;1;2;1;1
202200024721;770 039;7;6;0;1;13;2
202200024722;770 040;7;7;0;1;1;1
202200024723;770 038;7;10;1;1;9;1
202200024724;770 037;30;0;0;8;1;1
202200024725;770 035;15;0;1;5;1;1
202200024726;770 032;33;0;2;8;1;1
202200024726;770 034;7;0;2;3;15;1
202200024727;770 031;50;0;2;1;0;3
202200024727;770 033;7;0;2;4;1;1
202200024727;770 036;7;0;2;8;1;1
202200024728;770 029;31;6;0;1;1;1
202200024729;770 026;1;0;2;0;0;5
202200024729;770 027;1;0;2;0;0;5
202200024730;770 024;7;0;2;1;9;0
202200024730;770 025;1;0;2;8;0;5
202200024731;770 019;7;0;2;3;1;0
202200024731;770 021;50;0;2;0;1;3
202200024732;770 018;7;0;2;1;1;1
202200024732;770 022;7;0;2;1;5;1
202200024733;770 015;7;0;9;3;1;1
202200024733;770 016;7;0;1;3;1;1
202200024734;770 014;10;0;2;4;19;1
202200024734;770 017;7;0;2;3;26;1
202200024735;770 010;7;0;1;1;10;1
202200024736;770 011;10;0;2;1;2;1
202200024736;770 013;3;0;0;4;2;1
202200024737;770 009;34;0;2;4;23;1
202200024737;770 012;33;0;2;4;1;1
202200024738;770 008;7;0;1;2;15;1
202200024739;770 006;7;0;1;2;1;1
202200024740;770 005;7;0;1;2;1;1
202200024741;770 004;7;0;2;1;13;1
202200024741;770 007;7;0;2;1;1;1
202200024742;770 001;7;0;2;4;2;1
202200024742;770 003;13;0;2;1;2;1
202200024743;770 000;33;0;2;1;1;1
202200024743;770 002;7;0;2;3;26;1
202200024744;769 999;10;13;0;1;14;1
202200024745;769 996;7;0;2;5;2;1
202200024745;769 997;7;0;0;0;1;0
202200024745;769 998;33;0;2;0;13;1
202200024746;769 993;7;0;2;2;15;1
202200024746;769 995;30;0;2;1;18;1
202200024747;769 992;32;0;2;1;15;0
202200024747;769 994;7;0;2;1;1;0
202200024748;769 991;7;8;0;2;1;1
202200024749;769 990;7;13;0;3;26;1
202200024750;769 985;7;0;2;1;1;1
202200024750;769 988;7;0;2;4;23;1
202200024751;769 986;7;1;0;3;1;3
202200024751;769 987;7;0;0;5;26;1
202200024752;769 983;7;0;2;1;1;1
202200024752;769 984;10;0;2;2;5;0
202200024753;769 981;7;0;2;4;1;1
202200024753;769 982;7;0;2;1;1;1
202200024754;769 978;7;0;2;6;1;1
202200024754;769 979;7;0;2;1;1;1
202200024755;769 977;7;1;0;3;13;1
202200024756;769 975;7;1;0;1;1;1
202200024757;769 976;7;4;2;3;1;1
202200024757;769 980;7;0;2;3;13;1
202200024758;769 972;7;0;2;1;0;1
202200024758;769 974;7;0;2;2;17;1
202200024759;769 970;7;0;2;1;26;1
202200024759;769 973;10;0;2;1;19;1
202200024760;769 971;33;14;0;1;26;1
202200024761;769 968;33;4;0;8;13;1
202200024762;769 967;7;0;2;1;15;1
202200024762;769 969;7;0;2;1;1;1
202200024763;769 963;7;0;1;2;1;1
202200024764;769 961;7;0;2;4;1;1
202200024764;769 964;2;0;2;1;1;1
202200024765;769 962;7;0;2;2;12;2
202200024765;769 965;34;0;2;6;1;1
202200024766;769 960;7;0;1;2;1;1
202200024767;769 958;7;0;1;2;1;1
202200024768;769 956;50;0;2;1;1;3
202200024768;769 957;7;0;2;1;17;1
202200024769;769 953;7;0;2;1;17;1
202200024769;769 959;7;0;2;1;5;1
202200024770;769 954;7;0;2;8;15;1
202200024770;769 955;7;0;2;1;17;1
202200024771;769 951;80;0;2;1;1;3
202200024771;769 952;7;0;2;3;15;1
202200024772;769 950;7;2;0;8;1;1
202200024773;769 949;7;0;1;1;26;1
202200024774;769 947;7;0;2;1;10;1
202200024774;769 948;31;0;2;7;1;1
202200024775;769 945;38;0;1;2;15;1
202200024776;769 944;2;0;2;1;15;1
202200024776;769 946;7;0;2;2;1;1
202200024777;769 940;2;0;2;1;1;1
202200024777;769 942;7;0;2;1;15;1
202200024778;769 939;7;0;2;1;1;1
202200024778;769 941;7;0;2;4;1;1
202200024778;769 943;7;0;2;4;1;1
202200024779;769 938;30;0;0;7;1;1
202200024780;769 935;7;0;2;4;2;1
202200024780;769 937;10;0;2;1;2;1
202200024781;769 933;10;0;2;1;2;1
202200024781;769 936;7;0;2;4;2;1
202200024782;769 932;7;0;2;6;1;1
202200024782;769 934;7;0;2;1;1;1
202200024783;769 930;2;0;2;1;21;1
202200024783;769 931;7;0;2;1;9;1
202200024784;769 929;33;13;0;1;1;1
202200024785;769 928;37;0;1;1;26;1
202200024786;769 927;7;2;0;1;14;1
202200024787;769 925;7;0;1;1;26;1
202200024788;769 924;7;4;0;1;1;1
202200024789;769 923;10;0;2;1;1;1
202200024789;769 926;7;0;9;4;15;1
202200024790;769 921;7;0;2;4;2;1
202200024790;769 922;10;0;2;1;2;1
202200024791;769 919;7;0;1;3;16;1
202200024792;769 918;7;0;2;1;5;1
202200024792;769 920;7;1;2;1;1;1
202200024793;769 915;32;0;0;0;0;0
202200024793;769 917;7;0;2;1;15;1
202200024794;769 914;50;0;2;1;1;3
202200024794;769 916;7;0;2;3;15;1