Num_Acc;id_vehicule;catv;obs;obsm;choc;manv;motor
202200026347;767 071;7;0;1;1;15;1
202200026348;767 070;30;0;0;0;0;1
202200026349;767 068;30;0;2;3;13;1
202200026349;767 069;7;0;2;3;26;3
202200026350;767 067;10;0;1;1;16;1
202200026351;767 065;7;0;2;0;22;1
202200026351;767 066;1;1;0;0;1;5
202200026352;767 064;7;1;1;3;0;1
202200026353;767 060;7;3;0;3;9;1
202200026353;767 062;15;0;2;2;2;1
202200026354;767 061;1;0;2;0;1;5
202200026354;767 063;7;0;2;4;2;1
202200026355;767 058;7;0;1;5;16;1
202200026356;767 056;7;0;2;1;1;1
202200026356;767 057;7;0;2;4;1;1
202200026356;767 059;7;0;2;1;0;0
202200026357;767 052;7;0;2;1;13;1
202200026357;767 054;7;0;2;3;1;1
202200026358;767 053;33;0;2;3;1;1
202200026358;767 055;7;0;2;3;15;1
202200026359;767 049;30;0;2;1;2;1
202200026359;767 050;7;0;2;8;15;1
202200026360;767 048;50;0;2;0;0;3
202200026360;767 051;7;0;2;2;15;1
202200026361;767 046;32;0;2;1;1;1
202200026361;767 047;10;0;2;8;13;1
202200026362;767 043;7;0;2;4;1;1
202200026362;767 044;7;0;2;4;1;1
202200026362;767 045;10;0;2;1;1;1
202200026363;767 042;7;0;1;1;1;1
202200026364;767 041;7;0;1;3;15;1
202200026365;767 038;7;0;2;4;2;1
202200026365;767 040;7;0;2;1;2;1
202200026366;767 037;7;0;2;5;15;1
202200026366;767 039;1;0;2;5;0;5
202200026367;767 034;7;3;2;2;1;1
202200026367;767 035;10;0;2;0;1;1
202200026367;767 036;7;0;2;0;1;1
202200026368;767 033;30;12;0;3;1;1
202200026369;767 031;7;0;2;1;16;0
202200026369;767 032;99;0;2;1;1;0
202200026370;767 028;7;0;2;3;11;1
202200026370;767 030;30;0;2;1;17;1
202200026371;767 027;31;0;2;8;21;1
202200026371;767 029;1;0;2;8;21;5
202200026372;767 025;43;0;2;1;15;1
202200026372;767 026;7;0;2;1;1;3
202200026373;767 023;7;0;1;2;1;1
202200026374;767 022;32;0;2;1;13;1
202200026374;767 024;7;0;2;5;23;1
202200026375;767 020;31;0;2;4;1;1
202200026375;767 021;7;0;2;1;1;1
202200026376;767 018;7;0;1;1;15;1
202200026377;767 013;1;0;2;0;19;5
202200026377;767 015;7;0;2;7;1;2
202200026378;767 012;7;0;2;7;10;1
202200026378;767 016;7;0;2;3;1;2
202200026379;767 011;7;0;2;3;9;1
202200026379;767 014;31;0;2;1;1;1
202200026380;767 009;7;3;0;1;1;0
202200026381;767 008;50;0;2;0;19;3
202200026381;767 010;0;0;2;0;0;0
202200026382;767 007;33;6;0;1;13;1
202200026383;767 003;7;0;2;1;1;1
202200026383;767 005;10;0;2;4;1;1
202200026384;767 004;7;0;2;7;15;1
202200026384;767 006;2;0;2;1;1;1
202200026385;767 002;50;0;1;1;9;3
202200026386;766 997;7;0;2;3;23;1
202200026386;766 998;7;0;2;5;13;1
202200026386;767 001;36;0;2;1;13;1
202200026387;766 996;10;0;2;8;0;1
202200026387;767 000;33;0;2;1;26;1
202200026388;766 995;7;0;2;1;1;1
202200026388;766 999;7;0;2;3;15;1
202200026389;766 992;2;0;2;1;13;1
202200026389;766 994;7;0;2;3;1;1
202200026390;766 987;30;0;2;1;1;1
202200026390;766 989;7;0;2;4;16;1
202200026391;766 985;7;0;2;1;1;1
202200026391;766 988;33;0;2;1;1;1
202200026391;766 990;7;0;2;7;15;1
202200026392;766 986;7;0;1;1;15;1
202200026393;766 981;7;0;2;6;2;1
202200026393;766 983;34;0;2;4;2;1
202200026393;766 984;7;0;2;1;2;1
202200026394;766 979;7;0;2;2;15;1
202200026394;766 982;34;0;2;2;1;0
202200026395;766 978;7;9;2;5;1;1
202200026395;766 980;7;9;2;1;1;1
202200026396;766 977;2;0;0;9;1;1
202200026397;766 975;7;0;1;1;1;1
202200026398;766 974;32;0;0;8;1;1
202200026399;766 973;7;9;2;2;15;1
202200026399;766 976;33;9;2;1;1;1
202200026400;766 970;1;0;2;1;19;5
202200026400;766 972;7;0;9;2;15;1
202200026401;766 971;7;0;1;1;16;1
202200026402;766 967;32;0;2;1;1;1
202200026402;766 969;7;0;2;4;2;1
202200026403;766 965;1;0;2;4;1;5
202200026403;766 968;7;0;2;1;9;1
202200026404;766 964;7;0;2;8;15;1
202200026404;766 966;31;0;2;7;1;1
202200026405;766 960;7;10;0;1;14;1
202200026406;766 961;30;0;2;2;16;1
202200026406;766 963;7;0;2;3;1;1
202200026407;766 955;37;1;1;3;1;1
202200026408;766 952;7;0;2;4;1;1
202200026408;766 954;7;0;2;4;1;1
202200026408;766 956;7;0;2;4;1;1
202200026408;766 958;7;0;2;4;1;2
202200026408;766 962;7;0;2;1;2;1
202200026409;766 953;7;0;2;4;2;1
202200026409;766 957;10;0;2;4;2;1
202200026409;766 959;7;0;2;1;2;1
202200026410;766 951;3;0;1;2;1;0
202200026411;766 947;17;0;2;0;11;1
202200026411;766 950;7;0;2;0;1;1
202200026412;766 946;7;0;2;2;1;1
202200026412;766 949;7;0;1;1;1;1
202200026413;766 945;7;0;9;4;2;1
202200026413;766 948;7;0;9;1;2;1
202200026414;766 943;7;2;0;1;0;1
202200026415;766 941;7;0;2;3;13;1
202200026415;766 942;7;0;2;1;1;1
202200026416;766 940;7;0;2;6;2;1
202200026416;766 944;7;0;2;1;2;1
202200026417;766 936;7;0;2;1;9;1
202200026417;766 939;7;0;2;2;1;1
202200026418;766 934;7;0;2;4;1;1
202200026418;766 938;7;0;2;1;2;1
202200026419;766 933;17;0;2;0;0;0
202200026419;766 935;7;0;2;9;1;1
202200026419;766 937;7;0;2;2;1;1
202200026420;766 932;7;0;1;2;15;1
202200026421;766 929;10;3;2;1;13;1
202200026421;766 931;15;0;2;1;1;1
202200026422;766 927;7;0;2;4;1;1
202200026422;766 928;33;0;2;4;1;1
202200026422;766 930;33;0;2;1;1;1
202200026423;766 926;7;0;1;1;1;1
202200026424;766 925;7;6;0;1;5;1
202200026425;766 923;14;0;2;2;12;1
202200026425;766 924;7;0;2;8;1;1
202200026426;766 921;7;0;1;1;1;1
202200026427;766 919;33;0;2;1;3;1
202200026427;766 920;7;0;2;2;12;1
202200026427;766 922;7;0;2;5;1;2
202200026428;766 917;33;0;2;1;1;1
202200026428;766 918;7;0;2;4;1;1
202200026429;766 915;31;0;0;7;21;1
202200026430;766 914;30;0;2;1;5;0
202200026430;766 916;7;0;2;3;15;1
202200026431;766 911;7;0;2;7;12;2
202200026431;766 913;33;0;2;8;3;1
202200026432;766 909;10;0;2;8;11;1
202200026432;766 910;33;0;2;2;3;1
202200026432;766 912;10;0;2;7;1;1
202200026433;766 908;7;0;1;2;1;1
202200026434;766 907;33;3;0;8;2;1
202200026435;766 904;1;0;2;1;1;5
202200026435;766 906;7;0;2;1;1;1
202200026436;766 903;7;3;0;2;14;1
202200026437;766 902;30;0;2;1;1;1
202200026437;766 905;7;0;2;3;1;1
202200026438;766 899;10;0;2;4;0;1
202200026438;766 901;13;0;2;1;0;1
202200026439;766 898;7;0;1;3;1;3
202200026440;766 897;33;0;2;1;1;1
202200026440;766 900;10;0;2;3;15;1
202200026441;766 894;7;0;1;1;1;1
202200026442;766 892;33;0;2;1;1;1
202200026442;766 895;1;0;2;3;1;5
202200026443;766 893;7;0;2;3;15;1
202200026443;766 896;7;0;2;1;1;1
202200026444;766 891;32;12;0;1;1;1
202200026445;766 889;7;0;1;1;15;1
202200026446;766 888;10;0;2;1;1;1
202200026446;766 890;15;0;2;1;1;1
202200026447;766 886;33;0;0;0;16;1
202200026448;766 885;7;0;2;2;9;1
202200026448;766 887;32;0;2;1;1;1
202200026449;766 884;10;0;1;4;4;1
202200026450;766 881;30;0;0;8;1;1
202200026450;766 883;7;0;0;3;10;2
202200026451;766 882;10;0;1;3;26;0
202200026452;766 880;30;0;1;1;26;1
202200026453;766 877;10;0;2;4;1;1
202200026453;766 879;7;0;2;1;2;1
202200026454;766 873;43;0;2;2;1;1
202200026454;766 874;7;0;2;3;9;1
202200026455;766 870;7;0;2;1;1;1
202200026455;766 872;7;0;2;1;1;1
202200026456;766 871;2;11;0;8;0;1
202200026457;766 869;7;0;1;1;1;2
202200026458;766 868;7;8;0;1;1;1
202200026459;766 865;7;0;1;2;1;1
202200026460;766 866;7;0;1;6;4;2
202200026461;766 861;7;0;1;1;1;1
202200026462;766 859;1;0;2;7;19;5
202200026462;766 862;34;0;2;1;1;1
202200026463;766 855;7;0;2;1;1;1
202200026463;766 857;10;0;2;7;15;3
202200026464;766 852;31;0;2;0;1;1
202200026464;766 854;10;0;0;0;14;1
202200026465;766 851;7;0;2;1;2;1
202200026465;766 853;32;0;2;1;11;1
202200026465;766 856;7;0;2;1;2;1
202200026465;766 858;7;0;2;1;2;1
202200026465;766 860;7;0;2;4;2;1
202200026465;766 863;7;0;2;4;2;1
202200026465;766 864;10;0;0;4;2;1
202200026466;766 850;10;0;1;1;1;1
202200026467;766 847;80;0;2;1;1;3
202200026467;766 849;7;0;2;8;22;1
202200026468;766 848;7;4;0;3;1;1
202200026469;766 845;2;0;2;4;2;1
202200026469;766 846;2;0;2;1;2;1
202200026470;766 842;1;0;2;1;13;5
202200026470;766 844;21;0;9;3;1;1
202200026471;766 841;1;0;2;7;1;5
202200026471;766 843;7;0;2;1;1;0
202200026472;766 839;10;0;2;2;1;1
202200026472;766 840;7;0;2;1;13;1
202200026473;766 838;21;0;0;0;2;0
202200026474;766 836;7;0;2;1;15;1
202200026474;766 837;80;0;2;8;1;3
202200026475;766 834;31;16;6;1;1;1
202200026476;766 832;7;0;2;1;1;0
202200026476;766 835;7;0;2;4;15;1
202200026477;766 831;80;0;2;1;1;3
202200026477;766 833;7;0;2;2;16;3
202200026478;766 829;7;8;2;6;17;1
202200026478;766 830;14;0;0;5;1;1
202200026479;766 826;7;0;2;5;2;1
202200026479;766 828;32;0;2;3;2;1
202200026480;766 823;10;-1;2;-1;0;-1
202200026480;766 824;33;0;2;8;18;1
202200026481;766 821;7;0;2;1;1;1
202200026481;766 825;7;0;2;4;23;1
202200026481;766 827;7;0;2;3;1;1
202200026482;766 820;7;0;2;0;22;1
202200026482;766 822;1;0;2;0;1;5
202200026483;766 817;80;1;2;2;1;3
202200026484;766 816;7;0;2;2;1;1
202200026484;766 818;7;0;0;0;0;1
202200026485;766 815;7;0;2;6;15;1
202200026485;766 819;34;0;2;1;2;1
202200026486;766 811;7;0;2;3;1;2
202200026486;766 814;33;0;2;2;1;1
202200026487;766 809;7;0;2;1;19;1
202200026487;766 813;30;0;2;8;1;1
202200026488;766 810;7;4;2;1;14;1
202200026488;766 812;7;0;2;4;1;1
202200026489;766 806;1;0;2;7;17;5
202200026489;766 808;1;0;2;8;21;5
202200026490;766 805;7;0;1;1;1;1
202200026491;766 802;7;0;0;0;0;1
202200026492;766 801;7;0;2;2;15;1
202200026492;766 803;7;0;2;3;1;2
202200026493;766 799;10;0;1;1;1;1
202200026494;766 797;7;0;2;4;23;1
202200026494;766 798;7;0;2;9;23;3
202200026494;766 800;7;0;2;9;23;1
202200026494;766 804;7;0;2;9;23;1
202200026494;766 807;7;0;2;1;2;1
202200026495;766 796;99;14;0;0;0;3
202200026496;766 792;7;0;0;0;0;-1
202200026497;766 793;7;0;0;0;15;1
202200026497;766 794;2;0;2;8;18;1
202200026497;766 795;7;0;2;1;15;1
202200026498;766 790;7;12;2;3;18;2
202200026498;766 791;7;12;2;2;1;1
202200026499;766 782;7;0;0;0;0;0
202200026499;766 785;7;0;2;4;2;1
202200026499;766 787;7;0;2;4;2;1
202200026499;766 789;7;0;2;1;2;1
202200026500;766 783;7;0;2;2;1;1
202200026500;766 786;2;0;2;3;15;1
202200026501;766 781;10;4;2;8;1;1
202200026501;766 784;7;4;2;3;11;1
202200026501;766 788;7;4;2;7;1;1
202200026502;766 779;7;8;0;1;1;1
202200026503;766 776;7;1;2;6;2;1
202200026503;766 780;10;0;2;1;1;1
202200026504;766 774;7;0;2;4;9;1
202200026504;766 777;7;0;2;4;9;1
202200026504;766 778;15;4;2;1;0;1
202200026505;766 773;7;0;9;4;16;1
202200026505;766 775;33;0;2;1;1;1
202200026506;766 771;10;0;1;2;2;1
202200026507;766 769;7;0;2;3;21;1
202200026507;766 772;7;0;0;2;9;1
202200026508;766 768;10;0;2;1;2;1
202200026508;766 770;37;0;2;4;2;1
202200026509;766 767;10;4;0;3;13;1
202200026510;766 764;7;0;2;1;1;1
202200026510;766 766;7;0;2;4;1;1
202200026511;766 763;30;0;2;1;1;1
202200026511;766 765;7;0;2;4;1;1
202200026512;766 762;43;11;0;1;1;1
202200026513;766 760;7;1;0;2;2;1
202200026514;766 757;1;0;2;8;5;5
202200026514;766 759;37;0;2;3;7;1
202200026515;766 755;7;0;2;4;2;1
202200026515;766 758;7;0;2;4;2;1
202200026515;766 761;7;0;2;1;1;1
202200026516;766 756;10;2;0;1;9;1
202200026517;766 753;33;13;0;1;2;1
202200026518;766 754;7;0;1;1;1;1
202200026519;766 751;7;0;2;2;1;1
202200026519;766 752;7;0;2;2;15;1
202200026520;766 748;7;8;0;1;1;1
202200026521;766 747;33;12;2;0;14;1
202200026522;766 746;7;0;2;5;1;3
202200026522;766 749;7;0;2;3;1;1
202200026522;766 750;7;0;2;1;12;1
202200026523;766 744;7;0;2;4;26;1
202200026523;766 745;33;0;2;1;1;1
202200026524;766 739;7;0;1;1;1;1
202200026525;766 741;2;0;2;4;1;3
202200026525;766 743;7;0;2;1;14;1
202200026526;766 738;7;0;2;7;0;1
202200026526;766 740;7;0;2;5;13;1
202200026526;766 742;0;0;2;3;12;6
202200026527;766 737;7;0;1;3;1;1
202200026528;766 733;7;0;2;1;2;1
202200026528;766 735;7;0;2;4;1;1
202200026529;766 734;50;0;2;0;0;3
202200026529;766 736;10;0;2;0;0;1
202200026530;766 732;7;0;1;3;1;1
202200026531;766 730;42;3;2;7;26;1
202200026531;766 731;7;0;2;8;13;1
202200026532;766 729;7;0;1;1;1;6
202200026533;766 728;7;0;1;3;1;1
202200026534;766 725;33;0;2;1;2;1
202200026534;766 727;7;0;2;4;2;1
202200026535;766 724;7;0;2;1;2;1
202200026535;766 726;7;0;0;4;2;1
202200026536;766 718;7;0;2;7;15;1
202200026536;766 720;33;0;2;1;1;1
202200026536;766 721;33;0;2;1;1;1
202200026537;766 722;7;0;2;8;15;1
202200026537;766 723;7;0;2;1;1;1
202200026538;766 717;7;0;2;1;0;1
202200026538;766 719;7;0;2;8;9;1
202200026539;766 716;7;0;1;1;1;1
202200026540;766 711;13;0;2;3;1;1
202200026540;766 714;10;0;2;3;13;1
202200026541;766 710;7;0;2;2;14;6
202200026541;766 713;1;0;2;4;1;5
202200026542;766 712;1;0;2;1;1;5
202200026542;766 715;7;0;9;7;1;1
202200026543;766 709;30;0;1;0;17;1
202200026544;766 708;32;8;0;1;14;3
202200026545;766 706;7;4;0;1;13;1
202200026546;766 704;32;0;2;2;1;1
202200026546;766 707;1;0;2;8;9;5
202200026547;766 701;7;0;2;8;0;1
202200026547;766 703;31;1;2;3;26;1
202200026548;766 700;10;0;1;4;4;1
202200026549;766 697;7;0;2;4;20;1
202200026549;766 699;10;0;1;6;23;1
202200026550;766 695;7;0;2;3;1;1
202200026550;766 698;7;0;2;2;1;1
202200026551;766 690;30;0;2;8;14;1
202200026551;766 691;7;0;2;1;9;1
202200026552;766 688;31;13;0;9;1;1
202200026553;766 685;7;0;9;1;1;1
202200026553;766 689;7;0;2;1;1;1
202200026553;766 694;7;3;0;3;1;1
202200026553;766 696;7;0;2;9;1;1
202200026553;766 702;7;14;0;9;1;1
202200026553;766 705;7;14;0;4;1;1
202200026554;766 683;7;0;2;7;15;1
202200026554;766 686;33;0;2;1;1;1
202200026555;766 681;1;0;2;4;2;5
202200026555;766 682;1;0;2;1;2;0
202200026556;766 677;2;0;2;1;2;1
202200026556;766 680;7;0;2;3;15;1
202200026557;766 678;7;0;1;1;1;2
202200026558;766 676;7;0;0;3;16;1
202200026558;766 679;7;0;0;2;19;1
202200026559;766 673;10;0;2;1;26;1
202200026559;766 675;7;0;2;1;26;1
202200026560;766 671;10;0;2;2;2;1
202200026560;766 674;7;0;2;3;16;1
202200026561;766 670;10;0;2;1;21;1
202200026561;766 672;7;0;2;3;13;1
202200026562;766 669;7;0;1;3;15;1
202200026563;766 668;7;14;0;1;11;1
202200026564;766 667;7;0;1;1;1;1
202200026565;766 666;7;0;1;1;1;1
202200026566;766 665;7;6;0;1;1;1
202200026567;766 664;7;4;0;1;0;1
202200026568;766 661;7;0;1;2;15;1
202200026569;766 660;43;0;2;4;23;1
202200026569;766 662;7;0;2;1;1;1
202200026570;766 659;7;0;1;1;13;1
202200026570;766 663;7;0;2;1;0;1
202200026571;766 657;7;0;1;2;1;1
202200026572;766 656;1;0;2;1;1;5
202200026572;766 658;10;0;9;1;15;1
202200026573;766 654;7;1;0;2;1;2
202200026574;766 653;7;0;2;5;1;1
202200026574;766 655;7;0;2;1;16;1
202200026575;766 650;7;0;2;0;16;1
202200026575;766 652;7;0;2;5;2;0
202200026576;766 648;10;0;2;2;1;6
202200026576;766 649;7;0;2;3;15;1
202200026577;766 645;50;0;2;2;19;3
202200026577;766 646;33;0;2;1;1;1
202200026578;766 647;33;0;2;1;1;1
202200026578;766 651;7;0;0;5;15;1
202200026579;766 642;7;14;0;1;1;1
202200026580;766 643;50;0;2;1;1;3
202200026580;766 644;10;0;2;2;15;1
202200026581;766 638;7;0;2;1;15;1
202200026581;766 640;2;0;0;1;9;1
202200026582;766 637;10;0;0;4;2;1
202200026582;766 639;14;0;0;1;1;1
202200026583;766 636;33;0;2;1;2;1
202200026583;766 641;7;0;2;4;23;1
202200026584;766 635;7;0;1;3;15;1
202200026585;766 634;7;0;1;2;1;1
202200026586;766 631;33;0;2;1;2;1
202200026586;766 633;7;0;2;4;1;1
202200026587;766 630;31;1;0;1;26;1
202200026587;766 632;7;0;2;1;23;1
202200026588;766 628;7;2;0;1;1;1
202200026589;766 626;7;1;2;1;14;1
202200026589;766 629;7;0;0;4;23;1
202200026590;766 622;13;3;2;1;1;0
202200026590;766 623;7;0;2;2;13;1
202200026591;766 621;31;0;2;5;1;1
202200026591;766 624;7;0;2;3;1;1
202200026591;766 625;7;0;2;6;1;1
202200026591;766 627;7;0;2;4;1;1
202200026592;766 618;7;0;2;1;1;1
202200026592;766 619;7;0;2;8;10;1
202200026593;766 616;33;0;2;3;1;1
202200026593;766 620;7;0;2;1;15;1
202200026594;766 615;33;0;2;1;26;1
202200026594;766 617;7;0;0;4;1;1
202200026595;766 613;7;0;0;1;2;1
202200026595;766 614;15;0;0;4;1;1
202200026596;766 611;7;2;0;1;2;1
202200026597;766 609;7;0;1;3;1;1
202200026598;766 608;7;6;0;3;1;0
202200026599;766 606;7;4;0;1;0;1
202200026600;766 605;7;13;2;1;1;1
202200026600;766 607;7;0;2;1;13;1
202200026601;766 603;7;0;2;4;15;1
202200026601;766 604;7;0;2;1;1;1
202200026602;766 601;37;0;2;3;1;2
202200026602;766 602;7;0;2;2;13;1
202200026603;766 599;7;13;0;1;1;1
202200026604;766 597;7;2;0;9;13;1
202200026605;766 598;7;0;2;2;1;1
202200026605;766 600;99;0;2;0;0;0
202200026606;766 596;7;15;0;1;1;1
202200026607;766 593;7;0;2;4;2;1
202200026607;766 594;30;0;2;1;2;0
202200026608;766 591;7;13;0;1;1;1
202200026609;766 592;7;0;2;7;15;1
202200026609;766 595;33;0;2;1;1;1
202200026610;766 588;32;0;2;1;1;1
202200026610;766 590;7;0;2;2;21;1
202200026611;766 587;7;0;2;1;1;1
202200026611;766 589;7;0;2;1;15;1
202200026612;766 586;7;0;0;9;6;1
202200026613;766 584;7;0;1;0;0;-1
202200026614;766 581;7;0;2;1;2;1
202200026614;766 583;10;0;0;4;2;1
202200026614;766 585;10;0;0;5;2;1
202200026615;766 579;7;2;0;3;14;1
202200026616;766 578;7;0;2;1;15;0
202200026616;766 580;7;0;2;1;0;0
202200026617;766 574;7;0;0;2;15;1
202200026617;766 576;31;0;2;1;1;1
202200026618;766 573;7;0;1;1;1;1
202200026619;766 575;7;0;2;3;19;1
202200026619;766 577;7;0;2;5;26;1
202200026620;766 572;7;0;1;7;1;1
202200026621;766 570;37;0;2;8;1;1
202200026621;766 571;7;0;9;7;16;1
202200026622;766 569;7;0;1;6;4;1
202200026623;766 567;7;0;2;1;1;1
202200026623;766 568;7;0;2;1;13;1
202200026624;766 564;7;0;9;3;1;1
202200026624;766 566;33;0;2;1;13;1
202200026625;766 563;31;0;2;1;17;1
202200026625;766 565;7;0;2;1;0;1
202200026626;766 561;30;0;2;1;2;1
202200026626;766 562;7;0;0;4;23;1
202200026627;766 559;31;0;2;8;2;0
202200026627;766 560;7;0;2;8;2;1
202200026628;766 557;7;13;0;1;1;1
202200026629;766 555;10;0;2;8;1;1
202200026629;766 558;2;0;2;1;15;1
202200026630;766 554;37;0;9;3;0;1
202200026630;766 556;1;0;2;2;19;5
202200026631;766 553;7;13;0;2;1;1
202200026632;766 552;80;0;0;0;0;3
202200026633;766 551;7;0;1;3;26;1
202200026634;766 550;14;13;0;3;0;1
202200026635;766 548;7;2;1;2;0;1
202200026636;766 545;7;0;2;1;26;1
202200026636;766 547;7;0;2;2;0;1
202200026637;766 543;0;0;0;-1;-1;-1
202200026637;766 544;7;0;2;1;21;1
202200026637;766 546;10;2;2;1;1;1
202200026637;766 549;13;0;2;1;1;1
202200026638;766 541;7;0;1;8;1;0
202200026639;766 540;7;1;2;3;13;1
202200026639;766 542;7;1;0;6;1;1
202200026640;766 538;33;0;0;1;17;1
202200026640;766 539;33;0;0;8;15;1
202200026641;766 536;33;12;0;1;0;1
202200026641;766 537;33;0;0;0;0;1
202200026642;766 532;2;0;2;1;1;1
202200026642;766 534;7;0;2;2;19;1
202200026643;766 530;7;0;2;6;2;1
202200026643;766 533;7;0;2;2;2;1
202200026644;766 531;7;0;2;2;1;1
202200026644;766 535;7;0;2;3;1;1
202200026645;766 527;7;0;2;3;1;1
202200026645;766 529;7;0;2;3;13;1
202200026646;766 526;2;0;2;1;1;1
202200026646;766 528;7;0;2;0;15;1
202200026647;766 525;33;9;0;0;1;1
202200026648;766 522;7;0;2;3;0;1
202200026648;766 524;31;0;2;1;0;1
202200026649;766 521;7;0;2;2;16;1
202200026649;766 523;1;0;2;3;1;5
202200026650;766 517;7;0;2;3;1;2
202200026650;766 520;7;0;2;3;1;1
202200026651;766 519;7;2;0;2;1;1
202200026652;766 516;30;0;2;7;26;1
202200026652;766 518;7;14;2;8;1;1
202200026653;766 513;7;8;0;2;1;1
202200026654;766 511;7;0;2;3;1;1
202200026654;766 514;7;0;2;3;1;1
202200026655;766 512;14;0;2;3;1;1
202200026655;766 515;2;0;2;1;16;1
202200026656;766 507;50;0;2;1;1;3
202200026656;766 509;7;0;2;4;23;1
202200026657;766 508;80;0;2;3;13;3
202200026657;766 510;7;0;2;7;21;1
202200026658;766 506;17;3;0;5;17;1
202200026659;766 502;7;0;2;1;1;2
202200026659;766 503;17;0;2;1;1;1
202200026660;766 500;7;0;2;3;2;2
202200026660;766 505;34;0;2;5;2;1
202200026661;766 499;7;0;2;1;2;1
202200026661;766 501;7;0;2;4;2;1
202200026661;766 504;7;0;2;4;2;2
202200026662;766 498;80;0;0;0;16;3
202200026663;766 497;7;13;0;1;2;1
202200026664;766 496;7;0;1;1;1;1
202200026665;766 494;7;0;1;3;1;1
202200026666;766 493;10;0;2;2;1;1
202200026666;766 495;33;0;2;1;15;1
202200026667;766 492;7;3;0;1;21;1
202200026668;766 491;10;2;0;1;1;1
202200026669;766 490;7;1;0;2;1;-1
202200026670;766 487;3;0;0;7;1;3
202200026671;766 488;7;0;2;3;19;1
202200026671;766 489;33;0;0;6;1;1
202200026672;766 481;10;0;2;1;9;1
202200026672;766 484;7;0;2;2;1;1
202200026673;766 480;7;14;2;1;0;1
202200026673;766 483;7;0;2;5;15;1
202200026674;766 482;7;6;0;1;1;1
202200026675;766 479;43;8;0;1;1;1
202200026676;766 478;7;6;0;3;1;1
202200026677;766 477;2;6;0;1;1;1
202200026678;766 474;7;0;2;2;19;1
202200026678;766 476;7;0;2;1;1;1
202200026679;766 471;7;0;2;1;1;1
202200026679;766 473;7;0;2;6;19;1
202200026680;766 467;34;0;2;1;1;1
202200026680;766 470;7;0;2;1;15;1
202200026681;766 466;31;0;2;8;1;1
202200026681;766 469;7;0;2;1;19;1
202200026682;766 465;7;0;9;8;15;1
202200026682;766 468;1;0;2;1;1;5
202200026683;766 463;33;0;2;7;17;1
202200026683;766 464;1;0;2;8;11;5
202200026684;766 461;7;2;0;1;1;1
202200026685;766 460;15;0;0;6;2;1
202200026685;766 462;7;0;2;2;2;1
202200026686;766 457;7;2;0;1;1;1
202200026687;766 456;7;0;2;3;23;1
202200026687;766 458;15;0;2;2;14;1
202200026688;766 455;7;0;2;1;21;3
202200026688;766 459;7;0;0;3;5;0
202200026689;766 453;15;0;0;7;15;1
202200026689;766 454;7;0;2;1;1;1
202200026690;766 450;32;0;2;2;1;1
202200026690;766 452;7;0;2;1;15;1
202200026691;766 449;7;0;2;2;15;1
202200026691;766 451;30;0;2;1;1;1
202200026692;766 448;7;0;1;3;16;1
202200026693;766 444;7;0;2;7;14;1
202200026693;766 446;32;0;2;3;2;1
202200026693;766 447;7;0;2;3;2;1
202200026694;766 443;2;0;0;0;13;1
202200026695;766 445;7;13;0;1;13;1
202200026696;766 439;7;0;2;5;12;1
202200026696;766 442;33;0;2;8;3;1
202200026697;766 441;7;0;1;1;15;1
202200026698;766 437;33;0;2;1;1;1
202200026698;766 440;7;0;2;2;5;1
202200026699;766 433;7;15;2;3;13;1
202200026699;766 436;30;0;2;3;1;1
202200026700;766 434;33;0;2;7;3;1
202200026700;766 435;7;0;2;6;2;1
202200026700;766 438;43;0;2;2;2;1
202200026701;766 429;2;0;2;1;1;1
202200026701;766 431;7;0;0;5;15;1
202200026702;766 428;50;0;2;1;1;3
202200026702;766 430;10;0;2;7;15;1
202200026703;766 427;7;0;2;2;1;1
202200026703;766 432;1;0;2;4;9;5
202200026704;766 426;7;3;0;3;16;1
202200026705;766 425;10;2;0;1;1;1
202200026706;766 424;50;0;1;0;25;3
202200026707;766 420;80;0;1;2;1;3
202200026708;766 421;7;0;2;4;2;1
202200026708;766 423;15;0;2;1;2;1
202200026709;766 419;31;0;2;1;1;1
202200026709;766 422;0;0;2;0;0;0
202200026710;766 417;7;0;2;1;1;1
202200026710;766 418;7;3;2;0;0;1
202200026711;766 414;33;0;0;8;1;1
202200026712;766 410;10;3;2;4;2;1
202200026712;766 411;7;3;2;1;2;1
202200026713;766 408;7;0;0;7;19;1
202200026713;766 409;33;0;2;1;0;1
202200026714;766 405;43;0;2;1;18;1
202200026714;766 406;7;0;2;5;1;2
202200026714;766 407;33;0;2;4;9;1
202200026715;766 402;7;0;2;1;1;1
202200026715;766 404;7;0;2;1;13;1
202200026716;766 401;7;0;2;1;1;1
202200026716;766 403;10;0;2;7;12;1
202200026717;766 400;7;2;0;3;1;1
202200026718;766 398;15;1;0;1;17;1
202200026718;766 399;15;0;2;4;24;1
202200026719;766 397;1;0;0;0;0;5
202200026720;766 395;7;0;2;6;11;1
202200026720;766 396;32;0;2;2;1;1
202200026721;766 391;7;0;2;4;11;1
202200026721;766 393;7;0;2;1;1;1
202200026722;766 392;7;0;2;2;2;3
202200026722;766 394;15;0;2;8;9;1
202200026723;766 389;7;0;2;4;2;1
202200026723;766 390;7;0;2;1;2;1
202200026724;766 388;7;0;1;6;4;2
202200026725;766 385;31;0;2;1;17;1
202200026725;766 387;7;0;2;6;15;1
202200026726;766 386;10;0;0;1;1;1
202200026727;766 384;10;0;1;4;20;1
202200026728;766 380;7;0;2;2;1;1
202200026728;766 382;33;0;2;1;1;1
202200026729;766 381;2;0;2;1;1;1
202200026729;766 383;7;0;2;2;1;1
202200026730;766 378;2;0;2;5;13;1
202200026730;766 379;1;0;2;8;1;5
202200026731;766 375;7;0;2;3;0;1
202200026731;766 376;7;0;2;4;1;1