Num_Acc;id_vehicule;catv;obs;obsm;choc;manv;motor
202200026732;766 372;1;0;2;8;1;5
202200026732;766 373;7;0;2;1;1;1
202200026733;766 374;7;0;2;1;1;1
202200026733;766 377;7;0;2;1;13;1
202200026734;766 371;10;0;1;1;1;1
202200026735;766 367;7;4;2;3;1;1
202200026735;766 369;7;4;2;1;5;1
202200026736;766 368;7;0;0;8;1;1
202200026736;766 370;7;0;2;1;19;1
202200026737;766 366;0;14;1;1;1;6
202200026738;766 364;7;0;1;2;0;1
202200026739;766 362;30;0;2;1;26;1
202200026739;766 363;7;0;2;4;23;0
202200026740;766 365;7;4;0;7;1;1
202200026741;766 360;7;0;2;1;1;1
202200026741;766 361;7;0;2;7;1;1
202200026742;766 359;7;0;1;2;1;1
202200026743;766 356;7;3;2;1;1;1
202200026743;766 358;7;3;2;1;13;1
202200026744;766 355;7;8;1;2;1;1
202200026745;766 352;7;0;2;1;1;1
202200026745;766 353;7;0;2;1;1;1
202200026746;766 351;7;1;0;2;14;1
202200026747;766 349;30;0;2;3;17;1
202200026747;766 350;7;0;0;3;15;1
202200026748;766 354;7;0;2;2;0;2
202200026748;766 357;33;0;2;1;0;1
202200026749;766 347;7;9;2;3;1;1
202200026749;766 348;7;0;2;1;15;1
202200026750;766 346;7;1;0;2;1;1
202200026751;766 342;7;0;2;4;23;1
202200026751;766 343;7;0;2;1;1;1
202200026752;766 338;10;0;2;4;2;1
202200026752;766 340;37;0;2;1;2;1
202200026753;766 337;7;0;1;3;1;1
202200026754;766 336;7;0;1;1;0;1
202200026755;766 339;7;0;2;1;13;1
202200026755;766 341;7;0;2;6;1;1
202200026756;766 335;30;0;1;1;0;1
202200026757;766 333;7;0;1;1;1;1
202200026758;766 334;33;0;0;1;1;1
202200026759;766 331;33;0;2;1;1;1
202200026759;766 332;33;0;2;4;1;1
202200026760;766 329;7;0;2;1;1;1
202200026760;766 330;7;0;2;4;1;1
202200026761;766 328;33;0;0;0;26;1
202200026762;766 325;7;4;0;2;1;1
202200026763;766 320;7;0;2;2;12;0
202200026763;766 322;7;0;2;6;1;0
202200026763;766 323;7;0;2;4;1;0
202200026764;766 319;10;0;1;7;1;1
202200026765;766 321;7;0;2;3;9;1
202200026765;766 324;31;0;2;7;1;1
202200026766;766 317;7;0;2;4;1;1
202200026766;766 318;7;0;2;1;2;1
202200026767;766 316;7;0;1;1;1;1
202200026768;766 314;7;0;1;3;1;1
202200026769;766 313;7;0;1;3;1;1
202200026770;766 310;7;0;2;1;17;1
202200026770;766 312;10;0;2;1;1;1
202200026771;766 311;7;0;2;1;1;1
202200026771;766 315;7;0;2;2;19;1
202200026772;766 309;7;0;1;1;16;1
202200026773;766 308;7;0;1;1;1;1
202200026774;766 305;7;0;2;4;1;1
202200026774;766 306;7;0;2;1;1;1
202200026775;766 307;7;13;0;9;16;1
202200026776;766 301;7;6;0;3;6;1
202200026777;766 299;7;0;2;3;13;1
202200026777;766 300;2;0;2;2;17;1
202200026778;766 297;33;15;2;8;17;1
202200026779;766 295;1;0;2;1;1;5
202200026779;766 296;7;0;2;8;9;1
202200026780;766 298;33;0;0;8;1;1
202200026781;766 293;2;0;2;4;2;1
202200026781;766 294;7;0;2;4;9;1
202200026782;766 291;37;0;1;3;7;3
202200026783;766 292;36;12;0;2;18;1
202200026784;766 289;7;13;0;0;1;1
202200026785;766 290;7;2;0;1;1;1
202200026786;766 288;7;0;1;1;1;1
202200026787;766 287;7;2;0;1;1;1
202200026788;766 286;7;0;1;8;1;0
202200026789;766 285;2;0;0;8;1;1
202200026790;766 281;7;0;2;8;19;1
202200026790;766 282;1;0;2;1;1;5
202200026791;766 283;1;0;2;8;2;5
202200026791;766 284;7;0;2;5;2;1
202200026792;766 280;7;0;1;1;1;1
202200026793;766 278;7;0;2;3;1;1
202200026793;766 279;7;0;2;2;1;1
202200026794;766 276;10;0;1;3;26;1
202200026795;766 277;15;1;1;2;14;1
202200026796;766 275;30;16;0;7;1;3
202200026797;766 271;7;0;2;3;15;1
202200026797;766 274;33;0;2;1;1;1
202200026798;766 268;7;0;2;2;15;1
202200026798;766 269;30;0;2;1;18;1
202200026799;766 266;7;0;2;5;1;1
202200026799;766 267;34;0;2;1;0;1
202200026800;766 262;10;0;2;5;23;1
202200026800;766 263;7;0;2;5;23;1
202200026800;766 264;33;0;2;7;23;1
202200026800;766 265;7;0;2;3;3;1
202200026801;766 261;7;0;0;1;1;1
202200026802;766 259;33;0;2;3;3;1
202200026802;766 260;7;0;2;2;12;1
202200026803;766 254;7;0;2;1;2;1
202200026803;766 255;7;0;2;4;2;1
202200026803;766 256;7;0;2;1;2;1
202200026803;766 257;7;0;2;1;2;1
202200026803;766 258;7;0;2;1;2;2
202200026804;766 251;7;0;2;5;2;0
202200026804;766 252;7;0;2;2;12;0
202200026804;766 253;32;0;2;3;3;0
202200026805;766 249;10;0;2;8;9;1
202200026805;766 250;7;0;2;7;1;1
202200026806;766 247;7;0;2;1;26;1
202200026806;766 248;7;0;2;4;1;2
202200026807;766 244;33;0;2;1;3;1
202200026807;766 245;7;0;2;6;2;1
202200026807;766 246;7;0;2;8;11;1
202200026808;766 242;33;0;2;7;9;1
202200026808;766 243;7;0;2;6;1;1
202200026809;766 241;7;0;2;0;2;1
202200026810;766 239;7;0;0;7;15;1
202200026810;766 240;33;0;2;1;1;1
202200026811;766 237;1;0;2;1;9;5
202200026811;766 238;7;0;2;2;1;1
202200026812;766 235;10;0;2;8;9;1
202200026812;766 236;2;0;2;1;1;1
202200026813;766 233;7;0;2;7;16;1
202200026813;766 234;7;0;2;3;1;1
202200026814;766 232;7;4;0;1;26;1
202200026815;766 230;7;4;2;2;11;1
202200026815;766 231;7;4;2;5;1;1
202200026816;766 227;7;0;2;7;1;2
202200026816;766 228;7;0;2;8;0;1
202200026816;766 229;7;3;2;7;14;1
202200026817;766 225;33;0;2;1;2;1
202200026817;766 226;7;0;2;4;2;1
202200026818;766 223;7;0;2;1;1;1
202200026818;766 224;1;0;2;7;9;5
202200026819;766 222;7;0;1;1;13;1
202200026820;766 221;7;0;1;1;16;1
202200026821;766 219;7;0;2;6;23;1
202200026821;766 220;32;0;2;1;1;1
202200026822;766 215;7;0;2;4;23;1
202200026822;766 216;7;0;2;4;2;1
202200026822;766 217;7;0;2;1;2;1
202200026822;766 218;10;0;2;6;20;1
202200026823;766 213;7;0;2;1;15;1
202200026823;766 214;30;0;2;1;1;1
202200026824;766 211;7;0;2;1;15;1
202200026824;766 212;33;0;2;1;1;1
202200026825;766 209;7;0;2;1;1;1
202200026825;766 210;7;0;2;1;13;1
202200026826;766 207;31;0;2;1;1;1
202200026826;766 208;7;0;2;5;15;1
202200026827;766 205;7;0;2;1;1;1
202200026827;766 206;7;0;2;2;15;3
202200026828;766 203;7;0;2;3;1;1
202200026828;766 204;7;0;2;1;1;0
202200026829;766 202;31;8;0;1;0;1
202200026830;766 200;7;0;2;1;1;1
202200026830;766 201;7;0;2;4;1;1
202200026831;766 198;30;0;2;1;1;1
202200026831;766 199;7;0;2;4;1;1
202200026832;766 196;7;0;2;1;2;1
202200026832;766 197;7;0;2;4;2;1
202200026833;766 194;30;14;2;0;0;1
202200026833;766 195;7;14;2;1;9;1
202200026834;766 192;7;0;2;1;9;1
202200026834;766 193;50;0;2;7;15;3
202200026835;766 191;7;0;1;5;25;2
202200026836;766 189;7;0;2;8;1;1
202200026836;766 190;17;0;2;3;13;1
202200026837;766 186;10;0;2;7;17;1
202200026837;766 187;14;0;2;3;0;1
202200026837;766 188;31;0;2;2;0;1
202200026838;766 184;7;0;2;4;1;1
202200026838;766 185;7;0;2;1;1;1
202200026839;766 182;7;0;2;3;15;0
202200026839;766 183;33;0;2;1;1;1
202200026840;766 181;7;8;0;1;14;1
202200026841;766 180;2;0;0;8;1;1
202200026842;766 178;7;0;2;3;1;0
202200026842;766 179;7;0;2;3;13;1
202200026843;766 176;10;0;0;4;1;1
202200026843;766 177;33;0;2;1;9;1
202200026844;766 174;7;0;2;4;23;6
202200026844;766 175;7;0;2;1;2;1
202200026845;766 172;7;0;2;1;0;0
202200026845;766 173;30;0;2;1;26;1
202200026846;766 170;7;0;2;4;23;1
202200026846;766 171;10;0;2;1;2;1
202200026847;766 166;30;0;2;1;0;1
202200026847;766 167;7;0;2;2;15;1
202200026848;766 165;2;1;0;1;14;1
202200026849;766 164;7;0;1;2;1;2
202200026850;766 162;15;0;4;7;23;1
202200026850;766 163;39;0;2;1;1;3
202200026851;766 160;10;0;2;2;21;1
202200026851;766 161;80;0;2;3;15;3
202200026852;766 158;7;0;2;3;13;1
202200026852;766 159;10;0;2;3;1;1
202200026853;766 156;7;0;2;1;1;1
202200026853;766 157;7;0;0;8;15;1
202200026854;766 155;7;8;0;2;14;1
202200026855;766 154;7;0;1;1;16;1
202200026856;766 152;7;0;0;3;1;1
202200026856;766 153;80;0;2;1;5;3
202200026857;766 149;13;0;2;2;1;1
202200026857;766 150;7;16;2;3;1;1
202200026857;766 151;7;0;2;3;13;1
202200026858;766 147;7;0;0;1;1;1
202200026858;766 148;7;0;0;8;1;1
202200026859;766 145;10;0;2;3;1;1
202200026859;766 146;7;3;2;2;0;1
202200026860;766 143;10;0;0;2;1;1
202200026860;766 144;1;0;2;1;1;5
202200026861;766 142;1;1;0;1;0;5
202200026862;766 140;2;0;2;6;7;1
202200026862;766 141;7;0;2;3;19;1
202200026863;766 139;7;3;0;1;1;1
202200026864;766 137;13;0;2;3;1;1
202200026864;766 138;7;0;0;3;1;1
202200026865;766 134;7;0;2;1;1;0
202200026865;766 135;7;0;2;9;1;1
202200026865;766 136;7;0;2;4;1;1
202200026866;766 132;10;0;2;2;1;1
202200026866;766 133;10;0;2;6;11;1
202200026867;766 131;7;2;0;1;0;0
202200026868;766 129;33;0;2;1;13;1
202200026868;766 130;7;0;2;1;1;1
202200026869;766 127;7;0;2;8;1;1
202200026869;766 128;10;9;2;3;13;1
202200026870;766 124;7;0;0;0;1;1
202200026870;766 125;7;3;2;1;1;1
202200026870;766 126;7;3;2;5;15;1
202200026871;766 120;7;0;2;3;0;1
202200026871;766 121;7;0;2;2;1;1
202200026872;766 119;2;0;6;1;1;1
202200026873;766 118;7;8;0;1;1;1
202200026874;766 116;7;0;0;1;19;1
202200026874;766 117;14;0;0;1;13;1
202200026875;766 114;7;0;2;1;2;1
202200026875;766 115;7;0;2;4;1;2
202200026876;766 110;7;0;2;1;26;1
202200026876;766 111;7;0;0;4;12;1
202200026876;766 112;7;0;2;4;1;1
202200026876;766 113;7;0;0;4;1;1
202200026877;766 109;7;3;0;1;0;1
202200026878;766 107;14;0;2;2;1;1
202200026878;766 108;7;0;2;6;11;1
202200026879;766 105;43;0;2;1;3;1
202200026879;766 106;7;0;2;8;11;1
202200026880;766 103;7;0;2;2;0;2
202200026880;766 104;31;0;2;3;18;1
202200026881;766 100;7;0;0;4;26;1
202200026881;766 101;7;0;2;4;0;1
202200026881;766 102;7;0;2;1;9;1
202200026882;766 097;7;0;2;2;14;1
202200026882;766 098;7;0;2;8;1;1
202200026882;766 099;7;0;2;3;1;2
202200026883;766 095;14;0;2;4;2;1
202200026883;766 096;10;0;2;1;2;1
202200026884;766 093;7;1;0;1;17;1
202200026884;766 094;7;0;0;4;24;0
202200026885;766 092;7;4;0;2;1;1
202200026886;766 089;43;0;2;1;3;1
202200026886;766 090;7;0;2;6;2;1
202200026886;766 091;7;0;2;3;11;1
202200026887;766 086;7;0;2;1;2;1
202200026887;766 087;7;0;2;4;2;1
202200026887;766 088;10;0;2;4;2;1
202200026888;766 085;7;3;0;1;16;1
202200026889;766 083;2;0;2;1;1;1
202200026889;766 084;7;0;2;6;19;1
202200026890;766 081;7;0;2;1;2;0
202200026890;766 082;7;0;2;8;15;1
202200026891;766 079;10;0;2;6;0;1
202200026891;766 080;7;0;2;5;3;1
202200026892;766 077;7;0;2;1;15;1
202200026892;766 078;7;0;2;1;15;1
202200026893;766 076;0;0;0;0;26;0
202200026894;766 075;7;6;0;1;1;1
202200026895;766 074;7;9;9;2;14;1
202200026896;766 073;33;0;0;0;0;1
202200026897;766 072;33;5;1;1;26;1
202200026898;766 070;1;0;9;4;0;5
202200026898;766 071;7;0;9;2;2;1
202200026899;766 069;7;0;1;3;25;0
202200026900;766 067;30;0;2;1;1;1
202200026900;766 068;7;0;2;2;15;1
202200026901;766 066;7;0;1;2;20;1
202200026902;766 064;33;0;2;1;17;1
202200026902;766 065;7;0;2;3;15;1
202200026903;766 060;7;0;2;2;9;1
202200026903;766 061;43;0;0;1;1;1
202200026904;766 059;7;6;0;3;14;1
202200026905;766 058;7;0;1;2;1;1
202200026906;766 057;7;2;0;2;1;1
202200026907;766 055;2;0;0;7;15;1
202200026907;766 056;7;0;2;1;9;1
202200026908;766 053;7;0;0;3;1;1
202200026908;766 054;1;0;2;7;19;5
202200026909;766 052;50;12;0;0;0;3
202200026910;766 050;7;0;2;7;1;1
202200026910;766 051;7;0;2;1;1;1
202200026911;766 048;30;0;2;1;1;1
202200026911;766 049;7;0;2;7;15;1
202200026912;766 045;2;0;2;1;21;1
202200026912;766 046;7;0;2;6;13;1
202200026912;766 047;7;0;2;3;26;1
202200026913;766 043;33;0;2;4;23;1
202200026913;766 044;7;9;2;3;2;1
202200026914;766 040;7;0;2;2;15;1
202200026914;766 041;30;0;2;1;1;1
202200026915;766 038;30;0;2;2;17;1
202200026915;766 039;7;0;2;3;15;1
202200026916;766 036;7;0;2;4;23;1
202200026916;766 037;7;0;2;1;1;1
202200026917;766 034;7;0;9;8;15;1
202200026917;766 035;7;0;2;1;1;1
202200026918;766 032;33;0;2;1;1;1
202200026918;766 033;7;0;2;2;15;1
202200026919;766 030;30;0;2;9;13;1
202200026919;766 031;7;0;2;9;13;1
202200026920;766 029;7;3;0;1;14;1
202200026921;766 027;32;0;2;2;14;1
202200026921;766 028;7;0;2;6;1;1
202200026922;766 025;7;0;2;5;12;1
202200026922;766 026;31;0;2;8;3;1
202200026923;766 024;33;0;0;0;11;1
202200026924;766 021;7;0;2;1;2;1
202200026924;766 022;10;0;2;4;2;1
202200026924;766 023;7;0;2;4;23;1
202200026925;766 019;50;0;2;1;1;3
202200026925;766 020;7;0;2;7;22;1
202200026926;766 017;7;0;2;3;13;1
202200026926;766 018;30;0;2;7;1;1
202200026927;766 015;30;0;2;6;1;1
202200026927;766 016;7;12;2;2;1;0
202200026928;766 013;7;0;2;1;1;2
202200026928;766 014;7;0;2;2;1;1
202200026929;766 012;1;0;1;1;18;5
202200026930;766 010;1;0;2;8;25;5
202200026930;766 011;7;0;2;7;22;1
202200026931;766 008;33;0;2;3;2;1
202200026931;766 009;7;0;2;5;23;1
202200026932;766 007;80;0;1;7;1;3
202200026933;766 005;7;0;2;3;15;1
202200026933;766 006;30;0;2;2;5;1
202200026934;766 003;10;0;2;3;1;1
202200026934;766 004;32;0;2;1;1;1
202200026935;766 001;7;0;2;3;9;2
202200026935;766 002;32;0;2;2;1;1
202200026936;765 999;37;0;2;7;1;2
202200026936;766 000;50;0;2;8;13;3
202200026937;765 998;7;9;0;2;1;1
202200026938;765 996;7;0;2;4;23;1
202200026938;765 997;7;0;2;1;2;0
202200026939;765 994;7;0;2;1;2;1
202200026939;765 995;7;0;2;4;2;1
202200026940;765 993;7;0;2;0;0;0
202200026941;765 991;2;0;2;3;1;1
202200026941;765 992;7;0;2;2;12;1
202200026942;765 989;7;0;2;1;15;2
202200026942;765 990;33;0;2;8;1;1
202200026943;765 988;10;13;0;3;1;1
202200026944;765 986;7;0;2;1;5;1
202200026944;765 987;14;0;2;1;1;1
202200026945;765 984;7;0;2;8;11;2
202200026945;765 985;7;4;2;7;1;1
202200026946;765 983;7;0;1;3;1;1
202200026947;765 981;7;0;2;1;0;1
202200026947;765 982;2;0;0;4;2;1
202200026948;765 979;7;0;2;3;13;1
202200026948;765 980;10;0;2;8;1;1
202200026949;765 978;10;2;0;1;1;1
202200026950;765 976;7;0;2;8;15;1
202200026950;765 977;33;0;2;1;21;1
202200026951;765 974;33;0;2;1;13;1
202200026951;765 975;7;0;2;1;1;1
202200026952;765 971;7;0;2;1;0;1
202200026952;765 972;7;0;2;9;0;1
202200026952;765 973;7;0;2;3;13;1
202200026953;765 970;7;8;0;2;17;1
202200026954;765 968;7;13;0;9;1;1
202200026955;765 966;7;0;2;1;13;1
202200026955;765 967;7;0;2;1;1;1
202200026956;765 964;2;0;0;2;16;1
202200026956;765 965;2;0;2;1;2;1
202200026957;765 963;7;1;0;3;1;1
202200026958;765 959;7;0;2;3;15;3
202200026958;765 960;33;0;2;1;1;1
202200026959;765 957;15;0;2;0;1;1
202200026959;765 958;7;0;2;0;13;1
202200026960;765 955;7;0;2;3;13;1
202200026960;765 956;33;0;2;1;1;1
202200026961;765 954;7;6;0;1;0;1
202200026962;765 953;1;0;1;1;1;5
202200026963;765 951;2;0;2;1;0;1
202200026963;765 952;7;0;0;7;1;1
202200026964;765 950;7;16;0;1;1;1
202200026965;765 948;7;0;2;2;1;1
202200026965;765 949;7;0;0;8;10;1
202200026966;765 947;7;2;0;7;1;1
202200026967;765 946;7;15;0;9;0;1
202200026968;765 944;31;0;2;1;0;0
202200026968;765 945;7;0;2;1;13;1
202200026969;765 943;17;0;1;2;1;1
202200026970;765 942;7;0;1;2;1;1
202200026971;765 940;7;0;2;2;15;1
202200026971;765 941;30;0;2;1;1;1
202200026972;765 939;7;3;0;2;2;1
202200026973;765 937;7;0;2;1;1;1
202200026973;765 938;7;0;2;4;23;1
202200026974;765 935;21;0;0;4;2;1
202200026974;765 936;15;0;2;1;2;1
202200026975;765 934;33;0;0;0;1;1
202200026976;765 933;7;0;1;1;1;1
202200026977;765 932;33;16;0;1;0;1
202200026978;765 931;35;0;0;2;17;1
202200026979;765 930;10;0;1;6;4;1
202200026980;765 928;7;0;2;1;1;1
202200026980;765 929;37;0;2;2;15;1
202200026981;765 927;1;0;5;1;19;5
202200026982;765 926;10;0;1;3;15;1
202200026983;765 924;7;0;2;7;1;1
202200026983;765 925;7;0;2;1;9;1
202200026984;765 923;7;13;0;3;1;1
202200026985;765 921;7;0;2;4;2;1
202200026985;765 922;7;0;2;1;2;1
202200026986;765 919;7;4;2;1;1;1
202200026986;765 920;7;0;1;2;1;1
202200026987;765 917;2;0;2;4;13;1
202200026987;765 918;7;0;2;1;1;1
202200026988;765 915;7;0;2;1;1;1
202200026988;765 916;7;0;2;9;1;1
202200026989;765 912;7;0;2;4;1;1
202200026989;765 913;7;0;2;6;1;2
202200026989;765 914;14;0;2;2;11;1
202200026990;765 911;7;3;0;1;16;1
202200026991;765 910;7;3;0;1;26;1
202200026992;765 905;7;0;2;4;1;1
202200026992;765 906;7;0;2;4;1;1
202200026992;765 907;7;0;2;4;1;1
202200026992;765 908;7;0;2;3;1;1
202200026992;765 909;7;0;2;5;1;1
202200026993;765 902;10;0;2;4;2;1
202200026993;765 903;7;0;0;5;2;1
202200026993;765 904;10;0;2;1;2;1
202200026994;765 900;33;0;0;0;26;1
202200026994;765 901;10;0;0;0;0;1
202200026995;765 899;33;0;0;8;21;1
202200026996;765 897;7;0;2;1;2;1
202200026996;765 898;7;0;2;4;2;1
202200026997;765 896;7;4;2;1;14;1
202200026998;765 895;7;4;0;1;13;1
202200026999;765 890;10;4;2;4;2;1
202200026999;765 891;7;4;2;4;2;1
202200026999;765 892;7;4;2;4;2;1
202200026999;765 893;10;4;2;4;2;1
202200026999;765 894;17;4;2;1;2;1
202200027000;765 886;7;0;2;4;2;1
202200027000;765 887;7;0;2;1;2;1
202200027000;765 888;7;0;2;4;2;1
202200027000;765 889;7;0;2;1;2;1
202200027001;765 884;10;0;2;1;9;1
202200027001;765 885;7;1;2;4;9;1
202200027002;765 882;30;0;1;1;0;0
202200027003;765 881;7;4;1;2;11;1
202200027004;765 880;2;0;0;0;26;1
202200027005;765 878;7;0;2;3;1;1
202200027005;765 879;33;0;2;1;1;1
202200027006;765 876;7;0;2;8;10;1
202200027006;765 877;7;0;2;1;1;1
202200027007;765 875;7;10;0;1;0;1
202200027008;765 873;33;0;2;1;17;1
202200027008;765 874;7;0;2;6;15;1
202200027009;765 871;1;0;2;8;19;5
202200027009;765 872;7;9;2;2;1;1
202200027010;765 870;0;0;1;0;26;0
202200027011;765 869;7;4;0;3;1;1
202200027012;765 867;7;0;2;3;26;1
202200027012;765 868;1;0;2;1;1;5
202200027013;765 865;7;0;2;3;20;1
202200027013;765 866;7;0;2;2;1;1
202200027014;765 864;7;0;0;0;0;1
202200027015;765 862;33;0;2;2;17;1
202200027015;765 863;7;0;2;8;1;1
202200027016;765 860;7;0;2;6;1;1
202200027016;765 861;7;9;2;2;2;1
202200027017;765 858;7;0;1;3;1;1
202200027018;765 856;7;0;2;8;15;0
202200027018;765 857;33;0;2;7;1;1
202200027019;765 854;30;0;2;1;15;1
202200027019;765 855;50;0;2;0;1;3
202200027020;765 852;2;0;2;1;1;1
202200027020;765 853;7;0;2;2;15;1
202200027021;765 851;7;2;0;1;1;1
202200027022;765 849;31;0;2;1;1;1
202200027022;765 850;7;0;2;7;15;1
202200027023;765 847;7;0;2;1;0;1
202200027023;765 848;7;0;2;2;1;1
202200027024;765 845;99;13;0;0;0;1
202200027024;765 846;99;13;0;0;0;1
202200027025;765 844;33;0;0;8;1;1
202200027026;765 842;7;0;2;3;2;2
202200027026;765 843;31;0;2;7;2;1
202200027027;765 840;7;0;9;5;1;1
202200027027;765 841;1;0;2;1;0;5
202200027028;765 838;1;0;2;1;16;5
202200027028;765 839;10;0;9;7;16;1
202200027029;765 836;33;0;2;1;1;1
202200027029;765 837;7;0;2;5;26;1
202200027030;765 834;32;0;2;4;15;1
202200027030;765 835;7;0;2;1;15;1
202200027031;765 831;7;0;2;6;2;1
202200027031;765 832;7;0;2;4;26;1
202200027031;765 833;10;0;2;1;2;1
202200027032;765 829;7;0;0;0;1;1
202200027032;765 830;7;0;0;0;12;1
202200027033;765 827;7;0;2;1;0;1
202200027033;765 828;7;0;2;4;1;1
202200027034;765 825;2;0;2;1;1;1
202200027034;765 826;7;0;2;2;15;1
202200027035;765 824;7;2;0;1;1;1
202200027036;765 823;7;0;0;5;9;6
202200027037;765 820;7;4;2;3;1;1
202200027037;765 821;7;0;2;1;1;1
202200027037;765 822;7;0;2;4;1;1
202200027038;765 819;7;0;1;2;15;1
202200027039;765 817;7;0;2;3;9;1
202200027039;765 818;2;0;2;1;1;1
202200027040;765 815;34;0;2;3;3;1
202200027040;765 816;7;0;2;5;12;1
202200027041;765 813;43;0;2;2;17;1
202200027041;765 814;7;0;2;3;15;1
202200027042;765 811;7;0;2;1;1;1
202200027042;765 812;7;0;2;1;13;1
202200027043;765 809;33;0;2;7;17;1
202200027043;765 810;21;0;2;3;1;1
202200027044;765 807;7;0;2;1;26;1
202200027044;765 808;33;0;2;5;26;1
202200027045;765 805;7;0;2;3;9;1
202200027045;765 806;2;0;2;2;0;1
202200027046;765 804;7;0;0;0;1;1
202200027047;765 802;7;0;2;1;1;1
202200027047;765 803;7;0;2;2;1;2
202200027048;765 800;50;0;2;8;1;3
202200027048;765 801;7;0;2;1;15;1
202200027049;765 796;7;8;2;2;17;1
202200027049;765 797;7;0;2;3;2;1
202200027050;765 794;7;0;2;4;2;1
202200027050;765 795;2;0;2;1;2;1
202200027051;765 793;10;0;0;8;1;1
202200027052;765 791;34;0;0;5;15;1
202200027052;765 792;10;0;2;3;1;1
202200027053;765 789;7;0;2;2;1;1
202200027053;765 790;7;0;2;1;1;1
202200027054;765 788;7;6;0;2;0;1
202200027055;765 786;1;0;2;8;1;5
202200027055;765 787;10;0;9;2;1;1
202200027056;765 784;7;0;2;3;16;1
202200027056;765 785;7;0;2;1;1;2
202200027057;765 781;7;6;0;1;13;1
202200027058;765 779;7;0;9;7;19;2
202200027058;765 780;1;0;2;1;1;5
202200027059;765 776;7;0;2;8;1;1
202200027059;765 777;7;0;2;4;1;1
202200027059;765 778;7;8;2;1;17;1
202200027060;765 775;50;0;0;0;2;3
202200027061;765 773;7;0;2;0;19;1
202200027061;765 774;7;0;2;3;1;1
202200027062;765 770;13;3;0;0;2;1
202200027062;765 771;7;0;2;6;2;1
202200027062;765 772;15;1;2;2;2;1
202200027063;765 768;14;0;2;4;1;1
202200027063;765 769;15;0;2;3;1;1
202200027064;765 766;7;3;2;1;1;1
202200027064;765 767;7;0;2;4;1;1
202200027065;765 765;7;1;1;1;0;1
202200027066;765 764;7;0;1;1;9;1
202200027067;765 762;14;0;0;4;2;1
202200027067;765 763;7;0;2;1;2;1
202200027068;765 760;2;0;2;1;11;1
202200027068;765 761;7;0;2;3;10;1
202200027069;765 758;7;0;2;2;1;1
202200027069;765 759;1;0;2;8;13;5
202200027070;765 756;32;0;0;7;1;1
202200027070;765 757;10;0;0;8;16;1
202200027071;765 753;7;0;2;3;1;1
202200027071;765 754;7;0;2;1;1;1
202200027071;765 755;7;0;2;1;13;1
202200027072;765 751;10;0;2;8;9;1
202200027072;765 752;33;0;2;1;17;1
202200027073;765 749;1;0;2;7;1;5
202200027073;765 750;7;0;2;3;1;1
202200027074;765 747;7;0;2;2;19;1
202200027074;765 748;7;0;2;1;1;1
202200027075;765 745;7;0;2;1;5;1
202200027075;765 746;7;0;2;1;1;1
202200027076;765 744;7;13;5;1;1;1
202200027077;765 740;30;0;2;1;3;1
202200027077;765 741;10;0;2;0;2;1
202200027077;765 742;13;0;2;0;0;1
202200027078;765 738;7;0;2;8;26;1
202200027078;765 739;7;0;2;7;1;1
202200027079;765 736;7;0;2;8;13;1
202200027079;765 737;32;0;2;1;1;1
202200027080;765 733;7;0;2;1;1;1
202200027080;765 734;7;0;2;4;0;3
202200027080;765 735;7;0;2;4;1;1
202200027081;765 732;31;0;0;8;2;1
202200027082;765 729;34;0;2;1;2;1
202200027082;765 730;7;0;2;5;2;3
202200027082;765 731;33;0;2;3;2;1
202200027083;765 725;7;0;2;4;2;1
202200027083;765 726;7;0;2;4;2;1
202200027083;765 727;7;0;2;4;2;1
202200027083;765 728;7;0;2;1;2;1
202200027084;765 723;31;0;2;8;1;1
202200027084;765 724;7;0;2;5;12;1
202200027085;765 721;7;0;2;2;12;1
202200027085;765 722;33;0;2;3;3;1
202200027086;765 719;33;0;2;1;0;1
202200027086;765 720;7;0;2;4;0;1
202200027087;765 717;7;0;2;6;2;1
202200027087;765 718;43;0;2;2;2;1
202200027088;765 715;7;0;2;7;0;1
202200027088;765 716;7;0;2;8;18;1
202200027089;765 714;7;13;0;1;1;-1
202200027090;765 712;50;0;2;1;1;3
202200027090;765 713;7;0;2;3;1;1
202200027091;765 710;7;14;0;1;9;1
202200027091;765 711;7;14;0;1;9;1
202200027092;765 709;10;0;1;0;0;1
202200027093;765 705;7;0;2;6;15;2
202200027093;765 706;50;0;2;1;1;3
202200027094;765 704;7;13;0;3;1;2
202200027095;765 703;7;0;1;2;21;1
202200027096;765 701;7;0;2;3;0;1
202200027096;765 702;7;0;2;3;9;1
202200027097;765 700;7;9;0;1;16;0
202200027098;765 698;7;0;2;4;2;1
202200027098;765 699;33;0;2;1;2;1
202200027099;765 695;7;0;0;1;1;1
202200027099;765 696;7;0;2;3;1;1
202200027099;765 697;32;0;2;1;16;3
202200027100;765 694;10;0;1;1;1;1
202200027101;765 693;7;2;0;1;19;1
202200027102;765 692;7;8;0;1;26;1
202200027103;765 690;33;0;2;1;1;1
202200027103;765 691;7;0;2;3;15;1
202200027104;765 689;7;1;0;2;14;1
202200027105;765 688;2;0;0;8;1;1
202200027106;765 685;7;0;2;4;23;1
202200027106;765 686;7;0;2;4;23;1
202200027106;765 687;7;0;2;1;2;1
202200027107;765 683;7;0;2;4;1;1
202200027107;765 684;7;0;2;1;2;1
202200027108;765 680;7;0;2;8;1;1
202200027108;765 681;7;0;2;8;1;1
202200027108;765 682;7;0;2;3;13;1
202200027109;765 678;13;0;2;3;6;1
202200027109;765 679;37;0;2;3;8;1
202200027110;765 676;31;0;2;7;2;1
202200027110;765 677;7;0;2;3;20;1
202200027111;765 674;7;0;2;2;1;1
202200027111;765 675;1;0;2;3;19;5
202200027112;765 672;1;0;2;4;1;5
202200027112;765 673;7;0;2;1;1;1