Num_Acc;id_vehicule;catv;obs;obsm;choc;manv;motor
202200027884;764 271;2;9;0;8;1;0
202200027885;764 269;7;15;0;3;13;1
202200027886;764 265;33;0;0;4;2;1
202200027886;764 266;33;0;0;4;16;1
202200027887;764 261;7;0;2;1;1;1
202200027887;764 263;15;0;2;3;1;1
202200027888;764 258;7;0;2;3;1;1
202200027888;764 260;7;0;2;3;1;1
202200027889;764 255;10;0;2;2;9;1
202200027889;764 256;7;0;2;7;1;1
202200027890;764 254;7;0;1;3;1;1
202200027891;764 252;7;0;2;3;1;1
202200027891;764 253;7;0;2;3;13;1
202200027892;764 251;7;0;1;3;1;1
202200027893;764 249;7;0;2;1;11;1
202200027893;764 250;7;0;2;1;1;1
202200027894;764 246;7;0;2;7;1;1
202200027894;764 247;7;0;2;7;1;1
202200027894;764 248;7;0;2;1;9;1
202200027895;764 245;7;13;0;2;1;1
202200027896;764 244;7;0;2;1;9;1
202200027897;764 243;7;13;0;1;1;1
202200027898;764 242;7;6;2;2;13;1
202200027899;764 241;33;0;0;8;15;1
202200027900;764 238;7;0;4;7;1;1
202200027900;764 239;39;0;4;2;1;3
202200027901;764 237;7;0;2;1;16;1
202200027901;764 240;7;0;2;0;0;1
202200027902;764 235;7;0;2;8;15;1
202200027902;764 236;33;0;2;1;3;1
202200027903;764 233;30;8;0;1;1;1
202200027904;764 232;7;0;2;6;1;3
202200027904;764 234;1;0;2;1;1;5
202200027905;764 231;0;0;1;0;0;0
202200027906;764 227;14;0;2;3;1;1
202200027906;764 229;7;0;2;1;17;1
202200027907;764 228;7;0;2;6;1;1
202200027907;764 230;2;0;2;1;1;1
202200027908;764 225;7;11;0;1;1;1
202200027909;764 222;7;0;2;3;13;1
202200027909;764 223;7;0;2;3;1;1
202200027910;764 221;7;0;1;1;16;1
202200027911;764 219;7;0;2;1;1;1
202200027911;764 220;7;0;2;1;13;1
202200027912;764 217;30;0;2;1;2;1
202200027912;764 218;7;0;2;4;2;1
202200027913;764 216;7;0;1;2;1;1
202200027914;764 213;7;0;0;3;1;2
202200027914;764 214;7;0;0;3;13;2
202200027915;764 212;7;0;2;1;1;1
202200027915;764 215;7;0;2;8;19;1
202200027916;764 211;7;0;1;2;1;1
202200027917;764 210;7;0;1;1;1;2
202200027918;764 208;7;0;0;8;9;1
202200027918;764 209;7;0;2;1;1;1
202200027919;764 206;7;0;4;1;19;1
202200027919;764 207;40;0;2;1;1;3
202200027920;764 199;1;0;2;8;2;5
202200027920;764 201;10;0;2;0;2;1
202200027921;764 197;7;0;2;1;17;1
202200027921;764 198;7;0;0;6;1;1
202200027921;764 200;7;0;2;3;1;1
202200027922;764 194;7;0;0;0;1;1
202200027923;764 195;10;0;2;1;1;1
202200027923;764 196;50;0;2;6;19;3
202200027924;764 191;14;0;2;4;0;1
202200027924;764 193;7;0;2;1;0;1
202200027925;764 190;7;1;0;4;23;1
202200027925;764 192;7;1;2;1;2;1
202200027926;764 189;7;16;0;0;14;1
202200027927;764 188;7;0;1;1;1;0
202200027928;764 184;1;0;2;1;26;5
202200027928;764 186;7;0;2;2;0;1
202200027929;764 183;7;0;2;1;2;1
202200027929;764 185;7;0;2;4;2;1
202200027929;764 187;7;0;2;4;2;1
202200027930;764 180;7;3;0;8;13;1
202200027931;764 178;7;0;1;7;26;1
202200027932;764 177;7;4;2;4;2;2
202200027932;764 179;7;4;2;1;2;1
202200027933;764 175;7;0;1;2;26;1
202200027934;764 173;10;0;2;6;11;0
202200027934;764 174;7;0;2;2;1;1
202200027934;764 176;7;0;2;2;1;1
202200027935;764 169;34;0;2;3;3;1
202200027935;764 170;7;0;2;2;12;1
202200027936;764 167;33;0;0;7;3;1
202200027937;764 163;33;0;2;8;11;0
202200027937;764 165;34;0;2;7;2;0
202200027938;764 162;1;0;2;4;1;5
202200027938;764 164;7;0;2;2;2;0
202200027939;764 160;7;0;2;5;2;1
202200027939;764 161;33;0;2;1;2;1
202200027940;764 159;10;0;1;2;1;1
202200027941;764 157;7;0;2;7;1;1
202200027941;764 158;15;0;2;2;12;1
202200027942;764 156;7;0;1;3;1;1
202200027943;764 154;7;0;2;4;2;1
202200027943;764 155;7;0;2;1;2;1
202200027944;764 153;7;0;1;4;4;1
202200027945;764 148;21;0;2;5;1;1
202200027945;764 150;33;0;2;1;12;1
202200027946;764 146;10;1;2;3;24;1
202200027946;764 147;10;0;2;3;24;1
202200027946;764 149;7;0;2;7;19;1
202200027946;764 151;7;0;2;8;0;1
202200027946;764 152;7;0;2;3;19;1
202200027947;764 144;2;0;1;1;1;1
202200027948;764 143;7;0;2;1;1;0
202200027948;764 145;1;0;2;0;0;5
202200027949;764 142;7;0;1;3;26;1
202200027950;764 140;7;0;1;1;15;1
202200027951;764 139;7;0;2;1;17;1
202200027951;764 141;7;0;2;1;1;1
202200027952;764 138;7;0;1;1;0;1
202200027953;764 136;50;0;2;1;1;3
202200027953;764 137;10;0;2;2;9;1
202200027954;764 134;37;0;2;7;13;1
202200027954;764 135;7;0;2;3;0;1
202200027955;764 132;7;0;2;4;2;1
202200027955;764 133;2;0;2;2;2;1
202200027956;764 130;7;0;2;1;1;1
202200027956;764 131;7;0;2;1;1;1
202200027957;764 127;7;0;2;2;1;1
202200027957;764 128;7;0;2;3;1;1
202200027958;764 126;50;0;2;1;2;3
202200027958;764 129;10;0;2;3;2;1
202200027959;764 123;7;0;2;4;14;1
202200027959;764 125;7;0;2;1;14;1
202200027960;764 122;1;0;4;1;1;5
202200027960;764 124;40;0;2;3;1;3
202200027961;764 120;7;0;2;4;1;1
202200027961;764 121;7;0;2;1;1;1
202200027962;764 115;7;0;2;8;15;1
202200027962;764 118;33;0;2;1;17;1
202200027963;764 116;43;0;2;8;18;1
202200027963;764 119;10;0;2;3;15;1
202200027964;764 114;99;0;9;8;15;3
202200027964;764 117;2;0;9;2;1;1
202200027965;764 110;7;0;1;4;4;0
202200027966;764 109;2;0;2;1;1;1
202200027966;764 112;7;0;9;3;15;1
202200027967;764 108;10;0;0;0;1;1
202200027968;764 104;34;0;2;7;17;1
202200027968;764 106;7;0;2;3;1;1
202200027969;764 105;43;0;2;5;1;1
202200027969;764 107;7;0;2;2;15;1
202200027970;764 103;7;6;0;1;1;1
202200027971;764 100;7;0;2;1;1;1
202200027971;764 102;2;0;2;8;5;1
202200027972;764 099;7;0;2;7;12;1
202200027972;764 101;34;0;2;8;1;1
202200027973;764 097;31;0;0;0;26;1
202200027974;764 096;33;0;2;8;0;1
202200027974;764 098;7;0;2;5;1;1
202200027975;764 095;34;0;1;1;1;1
202200027976;764 094;30;0;1;1;1;3
202200027977;764 092;1;0;0;0;1;5
202200027978;764 091;30;0;2;1;1;1
202200027978;764 093;7;0;2;3;1;1
202200027979;764 085;7;0;2;4;0;1
202200027979;764 086;7;0;2;1;0;1
202200027980;764 088;32;0;2;1;2;1
202200027980;764 090;33;0;2;4;23;1
202200027981;764 083;7;0;2;6;2;1
202200027981;764 084;33;0;2;2;2;1
202200027982;764 081;99;0;1;4;21;1
202200027983;764 080;10;0;2;2;1;3
202200027983;764 082;80;0;2;8;13;3
202200027984;764 079;7;0;1;1;1;1
202200027985;764 076;7;1;0;2;14;1
202200027986;764 077;7;0;2;1;1;1
202200027986;764 078;30;0;2;2;1;1
202200027987;764 075;7;0;1;2;1;1
202200027988;764 073;7;14;0;2;14;1
202200027989;764 071;7;0;2;3;18;1
202200027989;764 074;7;0;2;2;1;1
202200027990;764 072;7;0;2;0;18;1
202200027991;764 069;50;8;0;1;1;3
202200027992;764 067;7;6;0;4;0;1
202200027992;764 070;7;6;0;3;14;1
202200027993;764 066;7;0;2;7;0;1
202200027993;764 068;7;0;2;0;1;1
202200027994;764 061;10;0;2;6;1;1
202200027994;764 064;33;0;2;7;2;1
202200027995;764 062;50;0;2;1;1;3
202200027995;764 065;80;0;2;1;13;3
202200027996;764 060;60;0;2;0;0;5
202200027996;764 063;7;0;2;2;2;1
202200027997;764 056;7;0;1;1;0;0
202200027998;764 055;50;0;2;1;16;3
202200027998;764 057;30;0;2;4;15;1
202200027999;764 054;13;6;0;1;1;1
202200028000;764 051;7;0;1;2;17;1
202200028001;764 050;7;0;2;2;9;1
202200028001;764 052;80;0;2;1;1;3
202200028002;764 049;34;0;2;8;1;1
202200028002;764 053;7;0;2;1;1;1
202200028003;764 048;7;2;0;2;1;1
202200028004;764 047;7;9;0;1;0;1
202200028005;764 043;32;0;2;2;19;1
202200028005;764 046;7;0;2;1;9;1
202200028006;764 040;30;0;2;1;1;1
202200028006;764 042;7;0;0;0;0;1
202200028007;764 037;7;0;2;4;23;1
202200028007;764 039;7;0;2;4;23;1
202200028007;764 041;7;0;2;1;1;1
202200028008;764 036;34;0;2;1;16;1
202200028008;764 038;7;0;2;5;2;1
202200028009;764 035;7;0;1;1;1;1
202200028010;764 033;7;0;2;7;2;1
202200028010;764 034;7;0;2;1;2;2
202200028011;764 029;37;0;2;5;7;1
202200028011;764 032;20;0;2;1;1;3
202200028012;764 027;2;0;1;1;17;1
202200028013;764 025;10;0;9;7;5;1
202200028013;764 026;1;0;2;0;0;5
202200028013;764 028;1;0;2;0;0;5
202200028013;764 030;1;0;2;0;0;5
202200028013;764 031;1;0;2;0;0;5
202200028014;764 021;7;0;2;1;2;1
202200028014;764 023;7;0;2;4;2;1
202200028015;764 022;7;0;2;7;1;1
202200028015;764 024;7;0;2;3;10;1
202200028016;764 019;30;0;2;1;2;1
202200028016;764 020;7;0;2;8;15;1
202200028017;764 017;33;0;2;2;17;1
202200028017;764 018;7;0;2;3;15;1
202200028018;764 016;34;0;1;2;1;1
202200028019;764 014;7;0;2;1;2;1
202200028019;764 015;7;0;2;4;2;1
202200028020;764 012;7;0;1;1;0;1
202200028021;764 013;7;0;1;5;26;1
202200028022;764 011;7;9;0;1;26;1
202200028023;764 010;7;0;1;1;26;1
202200028024;764 008;7;13;0;7;14;1
202200028025;764 007;7;12;2;7;12;0
202200028025;764 009;2;0;2;8;1;1
202200028026;764 005;50;0;2;2;1;3
202200028026;764 006;7;0;2;3;1;1
202200028027;764 000;7;0;2;1;19;1
202200028027;764 002;7;0;2;7;1;1
202200028028;763 999;7;0;2;2;16;0
202200028028;764 001;1;0;2;0;16;5
202200028029;763 997;30;0;0;3;1;1
202200028030;763 996;7;0;2;3;9;1
202200028030;763 998;21;0;2;1;1;1
202200028031;763 995;30;0;1;1;0;1
202200028032;763 993;7;0;2;3;10;1
202200028032;763 994;32;0;2;8;17;1
202200028033;763 991;30;12;0;9;9;1
202200028034;763 990;1;0;2;5;2;5
202200028034;763 992;2;0;2;3;2;0
202200028035;763 988;38;0;1;5;16;1
202200028036;763 986;7;0;2;1;5;1
202200028036;763 987;7;0;2;1;1;1
202200028036;763 989;7;0;2;1;2;3
202200028037;763 983;7;0;2;6;1;1
202200028037;763 985;7;0;2;3;1;1
202200028038;763 982;7;0;2;3;1;1
202200028038;763 984;7;0;2;3;13;1
202200028039;763 981;7;0;1;2;1;1
202200028040;763 977;7;0;2;2;12;1
202200028040;763 980;7;0;2;9;1;1
202200028041;763 976;33;0;2;1;2;1
202200028041;763 979;7;0;1;4;2;1
202200028042;763 970;7;0;2;8;10;1
202200028042;763 973;7;0;2;3;1;1
202200028043;763 971;7;0;2;8;1;1
202200028043;763 974;7;0;2;7;14;1
202200028044;763 969;7;-1;2;1;1;1
202200028044;763 972;7;0;2;4;26;1
202200028045;763 968;7;9;0;1;11;1
202200028046;763 967;7;0;0;9;1;0
202200028047;763 964;30;14;0;1;17;1
202200028048;763 962;7;4;2;2;9;1
202200028048;763 963;7;0;2;6;1;1
202200028049;763 960;7;0;1;7;2;1
202200028050;763 958;10;4;0;0;0;0
202200028051;763 955;7;0;2;3;15;1
202200028051;763 956;1;0;2;1;16;5
202200028052;763 954;7;0;2;1;16;1
202200028052;763 957;50;0;2;1;1;3
202200028053;763 950;7;0;2;8;18;2
202200028053;763 953;10;0;2;7;12;1
202200028054;763 951;1;0;9;1;1;5
202200028054;763 952;50;0;9;1;26;3
202200028055;763 948;7;0;2;1;1;1
202200028055;763 949;7;0;2;4;1;1
202200028056;763 945;33;0;2;1;2;1
202200028056;763 947;7;0;2;6;10;1
202200028057;763 944;43;0;2;1;1;1
202200028057;763 946;7;0;2;6;11;2
202200028058;763 942;7;0;2;2;14;1
202200028058;763 943;7;0;2;5;1;1
202200028059;763 937;14;0;2;2;12;1
202200028059;763 940;7;0;2;3;18;1
202200028060;763 936;10;0;2;1;2;1
202200028060;763 938;10;0;2;4;2;1
202200028061;763 935;7;0;2;3;19;1
202200028061;763 939;2;0;2;1;1;1
202200028062;763 934;33;16;0;7;21;1
202200028063;763 931;33;0;2;1;17;1
202200028063;763 933;7;0;0;3;15;2
202200028064;763 930;31;0;2;7;15;1
202200028064;763 932;7;0;2;1;1;1
202200028065;763 927;7;0;2;1;2;1
202200028065;763 929;7;0;2;4;2;1
202200028066;763 925;7;0;2;1;1;1
202200028066;763 928;7;0;2;7;1;1
202200028067;763 922;10;0;2;6;11;1
202200028067;763 923;32;0;2;1;3;1
202200028068;763 921;7;0;2;9;14;1
202200028068;763 924;7;0;2;3;1;1
202200028068;763 926;7;0;2;6;1;2
202200028069;763 919;7;0;2;7;1;1
202200028069;763 920;7;0;2;1;1;1
202200028070;763 917;10;0;2;4;13;1
202200028070;763 918;31;0;2;1;1;1
202200028071;763 915;20;0;1;1;9;1
202200028072;763 914;1;0;2;1;19;5
202200028072;763 916;7;0;9;3;15;1
202200028073;763 912;15;0;2;6;23;1
202200028073;763 913;33;0;2;1;2;1
202200028074;763 910;7;0;1;7;1;3
202200028075;763 906;7;0;2;1;2;1
202200028075;763 908;7;0;0;4;23;1
202200028075;763 909;7;0;0;4;23;1
202200028075;763 911;7;0;2;4;23;1
202200028076;763 905;43;0;2;3;3;1
202200028076;763 907;10;0;2;7;12;1
202200028077;763 903;7;12;0;1;11;1
202200028078;763 902;7;0;9;8;0;1
202200028078;763 904;1;0;2;1;1;5
202200028079;763 900;7;0;2;5;12;1
202200028079;763 901;33;0;2;1;3;1
202200028080;763 898;7;0;2;4;23;1
202200028080;763 899;33;0;2;1;1;1
202200028081;763 896;7;0;2;8;1;1
202200028081;763 897;1;0;2;1;9;5
202200028082;763 892;7;0;2;8;1;1
202200028082;763 894;1;0;2;1;19;5
202200028083;763 891;33;0;2;1;3;1
202200028083;763 893;7;0;2;7;12;1
202200028083;763 895;7;0;2;5;1;1
202200028084;763 890;7;0;1;3;1;2
202200028085;763 888;2;0;2;1;1;1
202200028085;763 889;50;0;2;7;15;3
202200028086;763 884;10;0;2;4;1;1
202200028086;763 886;33;0;2;1;2;1
202200028087;763 883;7;0;2;1;26;1
202200028087;763 887;1;0;2;3;1;0
202200028088;763 882;1;0;2;1;1;5
202200028088;763 885;10;0;9;5;15;1
202200028089;763 879;7;0;2;3;1;1
202200028089;763 881;1;0;2;1;1;5
202200028090;763 878;33;0;2;1;1;1
202200028090;763 880;7;0;2;6;15;1
202200028091;763 877;7;0;1;6;26;1
202200028092;763 875;2;0;1;3;18;3
202200028093;763 876;7;0;1;0;26;1
202200028094;763 873;7;0;2;3;2;1
202200028094;763 874;10;0;2;5;2;1
202200028095;763 871;33;1;0;1;1;1
202200028096;763 869;10;0;2;2;12;1
202200028096;763 872;32;0;2;8;1;1
202200028097;763 866;50;1;0;1;1;3
202200028097;763 867;7;0;9;8;22;1
202200028098;763 865;7;0;1;3;14;1
202200028099;763 861;30;0;2;1;1;1
202200028099;763 863;10;0;2;3;1;1
202200028100;763 860;7;0;9;1;1;1
202200028100;763 862;1;0;2;7;19;5
202200028101;763 858;3;0;2;6;2;1
202200028101;763 859;31;0;2;2;2;1
202200028102;763 857;7;0;1;1;1;1
202200028103;763 855;7;0;1;3;1;1
202200028104;763 854;7;0;1;3;1;1
202200028105;763 852;7;0;2;1;13;1
202200028105;763 853;7;0;2;1;1;1
202200028105;763 856;7;0;2;2;1;1
202200028106;763 846;32;0;0;4;23;1
202200028106;763 849;7;0;0;6;2;1
202200028106;763 850;7;0;2;3;21;1
202200028107;763 845;7;1;2;6;19;1
202200028107;763 851;7;0;2;1;1;1
202200028108;763 844;7;12;2;3;21;1
202200028108;763 847;7;0;2;3;15;6
202200028108;763 848;7;0;2;7;17;1
202200028109;763 841;33;13;0;3;1;1
202200028110;763 840;1;0;2;1;1;5
202200028110;763 842;33;0;2;6;9;1
202200028111;763 839;7;0;2;2;1;1
202200028111;763 843;7;0;2;4;2;1
202200028112;763 836;7;0;2;8;11;1
202200028112;763 838;33;0;2;2;1;1
202200028113;763 834;7;0;2;1;2;1
202200028113;763 837;7;0;2;8;10;1
202200028114;763 832;7;0;2;3;1;1
202200028114;763 835;7;0;2;6;15;1
202200028115;763 831;33;1;0;0;1;1
202200028116;763 829;7;0;2;4;1;1
202200028116;763 830;7;0;2;2;12;1
202200028116;763 833;33;0;2;8;3;1
202200028117;763 826;2;0;2;0;1;1
202200028117;763 828;14;0;2;0;1;1
202200028118;763 824;7;0;2;8;15;1
202200028118;763 827;33;0;2;1;13;1
202200028119;763 822;7;0;1;3;1;1
202200028120;763 821;7;0;2;1;2;1
202200028120;763 823;7;0;2;4;2;1
202200028120;763 825;7;0;2;4;2;1
202200028121;763 819;1;0;2;0;1;5
202200028122;763 818;7;8;2;2;12;1
202200028122;763 820;32;0;2;8;18;1
202200028123;763 814;7;0;2;4;2;1
202200028123;763 815;7;0;2;9;2;1
202200028123;763 817;7;0;2;1;2;1
202200028124;763 813;10;12;0;1;1;1
202200028124;763 816;7;0;2;7;15;1
202200028125;763 811;7;0;2;9;17;1
202200028125;763 812;10;0;0;0;0;1
202200028126;763 809;7;0;1;2;0;2
202200028127;763 803;1;0;2;7;1;5
202200028127;763 807;7;0;2;1;1;1
202200028128;763 804;7;0;2;3;11;1
202200028128;763 806;7;0;2;5;1;1
202200028128;763 808;7;0;2;4;1;1
202200028128;763 810;7;0;2;4;1;1
202200028129;763 802;7;0;2;8;20;1
202200028129;763 805;2;0;2;1;1;1
202200028130;763 799;7;0;2;1;2;1
202200028130;763 801;7;0;2;4;23;1
202200028131;763 795;10;0;2;1;1;1
202200028131;763 797;1;0;2;4;23;5
202200028132;763 794;32;0;2;1;3;1
202200028132;763 796;32;0;2;0;3;0
202200028132;763 798;7;0;2;5;1;1
202200028132;763 800;7;0;2;0;1;1
202200028133;763 791;10;0;2;1;2;1
202200028133;763 793;31;0;2;4;23;1
202200028134;763 790;7;0;2;0;2;1
202200028134;763 792;1;0;2;0;21;5
202200028135;763 788;10;0;2;4;15;1
202200028135;763 789;30;0;2;1;1;1
202200028136;763 785;31;0;2;1;1;1
202200028136;763 787;7;0;2;2;15;1
202200028137;763 783;7;0;2;1;2;1
202200028137;763 784;7;0;2;4;1;1
202200028137;763 786;7;0;2;4;1;1
202200028138;763 782;31;0;2;1;17;1
202200028139;763 781;15;13;0;3;1;1
202200028140;763 779;7;0;2;1;1;1
202200028140;763 780;10;0;0;0;0;1
202200028141;763 776;34;0;2;8;7;1
202200028141;763 778;7;0;2;3;15;1
202200028142;763 774;33;0;2;1;2;1
202200028142;763 777;7;0;0;4;23;1
202200028143;763 773;1;0;2;1;9;5
202200028143;763 775;60;0;2;0;1;5
202200028144;763 772;2;12;0;7;14;1
202200028145;763 771;7;15;0;1;1;1
202200028146;763 768;60;0;0;0;0;5
202200028146;763 770;7;0;9;1;1;1
202200028147;763 767;33;0;2;1;2;1
202200028147;763 769;7;0;2;6;2;1
202200028148;763 765;33;0;2;1;13;1
202200028148;763 766;38;0;2;3;1;1
202200028149;763 763;35;0;2;0;1;1
202200028149;763 764;7;0;2;0;0;0
202200028150;763 762;43;0;1;2;1;1
202200028151;763 759;7;0;2;4;23;1
202200028151;763 761;7;14;0;1;1;1
202200028152;763 758;7;0;2;5;15;1
202200028152;763 760;1;0;2;1;1;5
202200028153;763 756;20;0;2;4;1;1
202200028153;763 757;2;0;2;4;2;1
202200028154;763 755;50;0;1;1;25;3
202200028155;763 754;2;13;0;1;14;1
202200028156;763 749;33;0;2;6;11;1
202200028156;763 751;7;0;2;2;1;1
202200028156;763 753;37;0;2;8;23;2
202200028157;763 748;7;0;2;1;2;3
202200028157;763 750;32;0;2;2;2;1
202200028157;763 752;10;0;2;5;15;1
202200028158;763 746;7;13;0;0;1;1
202200028159;763 745;30;0;2;7;17;1
202200028159;763 747;7;0;2;1;1;2
202200028160;763 743;7;0;2;1;2;1
202200028160;763 744;7;0;2;4;0;1
202200028161;763 742;7;0;1;3;1;2
202200028162;763 739;33;0;2;1;2;1
202200028162;763 741;7;0;2;4;2;1
202200028163;763 738;7;0;2;2;15;2
202200028163;763 740;34;0;2;1;19;1
202200028164;763 735;7;0;2;7;1;2
202200028164;763 737;7;0;2;2;19;1
202200028165;763 734;1;1;2;1;2;5
202200028165;763 736;14;0;2;3;24;1
202200028166;763 731;7;9;2;8;1;1
202200028166;763 733;7;0;2;1;19;1
202200028167;763 730;7;0;2;8;15;1
202200028167;763 732;7;0;2;1;1;1
202200028168;763 728;7;0;2;5;0;2
202200028168;763 729;10;0;2;2;1;1
202200028169;763 726;7;1;2;3;1;1
202200028169;763 727;7;0;2;2;0;0
202200028170;763 724;7;0;2;0;0;1
202200028170;763 725;33;0;2;1;17;1
202200028171;763 723;10;0;1;2;1;1
202200028172;763 722;32;12;0;1;2;1
202200028173;763 721;13;0;1;2;0;0
202200028174;763 718;7;0;2;2;9;1
202200028174;763 720;31;0;2;3;9;1
202200028175;763 717;7;1;0;3;1;1
202200028175;763 719;7;1;0;0;0;1
202200028176;763 714;50;0;2;1;1;3
202200028176;763 716;7;0;2;8;1;1
202200028177;763 713;30;0;2;3;1;3
202200028177;763 715;7;0;2;1;16;1
202200028178;763 712;7;0;1;2;15;1
202200028179;763 711;37;0;1;2;16;2
202200028180;763 710;7;0;1;2;0;1
202200028181;763 707;7;3;0;1;26;1
202200028182;763 708;60;0;2;1;21;5
202200028182;763 709;7;0;2;3;15;1
202200028183;763 705;1;0;2;1;1;5
202200028183;763 706;7;0;0;2;1;1
202200028184;763 703;7;0;1;1;15;1
202200028185;763 704;7;0;1;2;15;1
202200028186;763 701;7;0;1;4;20;1
202200028187;763 700;7;0;2;5;19;1
202200028187;763 702;34;0;2;1;2;1
202200028188;763 697;60;0;2;0;0;5
202200028188;763 698;7;0;2;1;1;1
202200028189;763 695;7;0;2;3;13;0
202200028189;763 696;14;0;2;3;1;1
202200028189;763 699;7;0;2;3;0;1
202200028190;763 693;1;0;0;0;0;5
202200028190;763 694;7;0;2;8;23;1
202200028191;763 692;7;0;1;2;16;1
202200028192;763 691;7;0;1;2;1;2
202200028193;763 689;7;0;2;3;1;1
202200028193;763 690;7;0;2;1;15;1
202200028194;763 688;7;0;1;3;17;1
202200028195;763 685;7;0;2;5;1;2
202200028195;763 687;34;0;2;1;1;1
202200028196;763 684;14;0;1;0;26;1
202200028197;763 683;30;0;0;8;26;1
202200028198;763 681;7;0;0;4;1;1
202200028198;763 682;7;0;0;1;2;1
202200028199;763 679;30;0;2;1;26;1
202200028199;763 680;7;0;2;6;1;1
202200028200;763 677;10;0;2;3;15;1
202200028200;763 678;43;0;2;7;17;1
202200028201;763 675;1;0;2;0;1;5
202200028201;763 676;50;0;2;1;26;3
202200028202;763 672;7;0;1;3;1;1
202200028203;763 673;50;0;2;0;26;3
202200028203;763 674;7;0;2;0;9;1
202200028204;763 671;2;0;0;0;1;1
202200028205;763 669;31;0;2;7;1;1
202200028205;763 670;7;0;2;8;2;1
202200028206;763 667;30;0;2;1;2;1
202200028206;763 668;7;0;2;4;2;1
202200028207;763 665;7;0;2;4;1;1
202200028207;763 666;7;0;2;1;2;2
202200028208;763 663;33;0;2;2;17;1
202200028208;763 664;7;0;2;8;15;1
202200028209;763 662;7;2;0;2;1;3
202200028210;763 659;10;0;2;1;15;1
202200028210;763 661;50;0;2;1;19;3
202200028211;763 658;7;0;2;3;1;1
202200028211;763 660;7;0;2;3;5;1
202200028212;763 657;31;0;0;0;1;1
202200028213;763 654;7;0;2;3;16;1
202200028213;763 656;33;0;2;1;1;0
202200028214;763 652;10;0;2;1;1;1
202200028214;763 653;7;0;2;9;1;1
202200028214;763 655;7;0;2;4;1;1
202200028215;763 649;33;0;2;1;1;1
202200028215;763 651;7;0;2;3;15;1
202200028216;763 648;7;0;2;1;5;2
202200028216;763 650;10;0;2;1;1;2
202200028217;763 647;7;0;0;0;13;1
202200028218;763 646;7;0;1;1;1;2
202200028219;763 644;7;0;1;1;1;1
202200028220;763 643;2;0;2;0;16;1
202200028220;763 645;7;0;2;1;15;1
202200028221;763 641;7;0;2;1;1;1
202200028221;763 642;7;0;2;4;14;1
202200028222;763 640;33;1;0;9;21;1
202200028223;763 639;7;0;1;3;1;2
202200028224;763 637;10;13;0;2;1;1
202200028225;763 636;7;0;0;4;23;1
202200028225;763 638;7;0;2;1;2;1
202200028226;763 634;15;0;0;4;24;1
202200028226;763 635;2;1;0;8;26;1
202200028227;763 632;10;0;2;8;23;1
202200028227;763 633;7;0;1;2;21;1
202200028228;763 629;7;0;2;8;16;1
202200028228;763 631;7;0;2;1;1;1
202200028229;763 628;2;0;2;1;1;1
202200028229;763 630;7;0;2;2;1;1
202200028230;763 627;7;12;0;2;1;1
202200028231;763 626;7;0;1;1;15;1
202200028232;763 623;7;0;2;6;9;1
202200028232;763 625;34;0;2;1;1;1
202200028233;763 620;7;0;1;2;1;1
202200028234;763 619;7;0;2;1;15;1
202200028234;763 621;7;0;2;5;1;1
202200028234;763 622;7;0;2;4;1;1
202200028234;763 624;7;0;2;4;1;1
202200028235;763 618;7;0;0;0;1;1
202200028236;763 616;7;0;2;5;15;1
202200028236;763 617;32;0;2;7;15;1
202200028237;763 613;33;0;0;0;2;1
202200028238;763 614;7;0;2;3;0;1
202200028238;763 615;7;0;2;3;0;1
202200028239;763 611;7;0;0;4;1;1
202200028239;763 612;7;0;2;1;1;0
202200028240;763 610;7;2;0;2;1;1
202200028241;763 609;7;8;0;1;1;1
202200028242;763 606;7;0;2;2;15;1
202200028242;763 607;33;0;2;0;9;1
202200028243;763 605;2;0;0;3;21;3
202200028243;763 608;14;0;0;2;16;1
202200028244;763 604;7;0;1;2;1;1
202200028245;763 603;10;13;0;2;26;1
202200028246;763 601;7;13;0;1;1;1
202200028247;763 600;30;0;2;3;16;1
202200028247;763 602;7;0;2;3;1;1
202200028248;763 599;2;0;0;0;1;1
202200028249;763 595;7;0;9;4;2;1
202200028249;763 598;30;0;2;1;26;1
202200028250;763 596;33;0;2;1;17;1
202200028250;763 597;7;0;2;8;15;1
202200028251;763 592;33;0;2;7;3;1
202200028251;763 594;3;0;2;3;15;0
202200028252;763 593;2;0;0;0;14;1
202200028253;763 590;7;0;1;2;1;1
202200028254;763 589;33;0;2;8;2;1
202200028254;763 591;7;0;2;1;19;1
202200028255;763 586;2;0;2;1;1;1
202200028255;763 588;7;0;2;5;15;1
202200028256;763 585;7;0;0;8;19;1
202200028256;763 587;7;0;2;1;1;1
202200028257;763 584;7;0;1;1;1;1
202200028258;763 582;7;8;0;2;14;1
202200028258;763 583;7;0;0;7;26;1
202200028259;763 581;7;13;0;1;14;1
202200028260;763 580;7;0;1;1;2;1
202200028261;763 578;7;0;2;3;1;1
202200028261;763 579;10;0;2;3;13;1
202200028262;763 576;7;0;2;0;10;1
202200028262;763 577;7;0;2;3;1;1
202200028263;763 573;7;0;2;6;15;1
202200028263;763 575;2;0;2;1;1;1
202200028264;763 570;2;7;0;0;1;1
202200028265;763 569;7;0;2;4;1;1
202200028265;763 571;7;0;2;4;2;1
202200028265;763 572;7;0;2;4;15;1
202200028265;763 574;10;0;2;1;2;1
202200028266;763 567;7;0;1;1;26;1
202200028267;763 566;7;0;0;7;1;1
202200028267;763 568;31;0;2;1;1;1
202200028268;763 564;7;13;0;1;1;1
202200028269;763 563;43;0;2;1;1;1
202200028269;763 565;7;0;2;7;11;1
202200028270;763 560;33;0;2;7;1;1
202200028270;763 562;7;0;2;7;17;1
202200028271;763 558;7;6;0;1;1;1
202200028272;763 555;36;13;0;1;1;1