Num_Acc;id_vehicule;catv;obs;obsm;choc;manv;motor
202200028663;762 868;7;0;2;1;2;1
202200028663;762 869;7;0;2;4;23;1
202200028663;762 871;7;0;2;7;1;1
202200028664;762 867;7;4;0;1;16;1
202200028665;762 866;14;3;0;0;1;1
202200028666;762 864;7;0;2;1;1;1
202200028666;762 865;10;0;2;4;1;1
202200028667;762 863;7;3;2;0;0;1
202200028668;762 861;7;0;2;0;23;1
202200028668;762 862;15;0;2;0;1;1
202200028669;762 860;7;3;0;2;1;1
202200028670;762 858;7;0;2;2;15;1
202200028670;762 859;1;0;2;1;1;5
202200028671;762 856;7;0;2;4;2;1
202200028671;762 857;15;0;2;1;2;1
202200028672;762 853;10;0;2;1;2;1
202200028672;762 854;7;0;2;5;1;1
202200028673;762 852;7;0;2;1;9;1
202200028673;762 855;60;0;2;2;1;5
202200028674;762 849;7;0;2;1;2;1
202200028674;762 851;7;0;2;4;2;1
202200028675;762 846;13;0;2;0;2;1
202200028675;762 847;7;0;2;0;1;1
202200028675;762 848;7;0;2;0;0;1
202200028675;762 850;7;0;2;7;2;1
202200028676;762 845;7;0;2;1;2;1
202200028677;762 844;10;0;1;3;17;1
202200028678;762 841;7;0;1;1;1;1
202200028679;762 840;7;0;2;4;1;1
202200028679;762 842;33;0;2;7;1;1
202200028679;762 843;7;0;2;3;11;1
202200028680;762 838;7;3;0;1;1;2
202200028681;762 837;7;0;2;0;1;1
202200028681;762 839;7;0;2;8;10;1
202200028682;762 836;7;0;0;0;0;1
202200028683;762 834;7;0;2;8;9;1
202200028683;762 835;50;0;2;7;0;3
202200028684;762 833;7;8;0;2;15;1
202200028685;762 832;31;0;0;0;21;1
202200028686;762 831;7;0;1;1;1;1
202200028687;762 829;7;0;2;6;2;1
202200028687;762 830;2;0;2;1;2;1
202200028688;762 825;7;0;2;1;2;1
202200028688;762 827;7;0;2;4;2;1
202200028688;762 828;7;0;2;4;2;1
202200028689;762 826;32;0;1;1;1;1
202200028690;762 823;33;0;2;1;1;1
202200028690;762 824;7;0;2;2;15;2
202200028691;762 822;7;0;1;7;1;1
202200028692;762 819;7;0;2;3;19;1
202200028692;762 821;10;0;2;1;1;1
202200028693;762 818;7;0;2;1;2;1
202200028693;762 820;7;0;2;4;2;1
202200028694;762 816;7;0;2;1;1;1
202200028694;762 817;7;0;2;4;23;1
202200028695;762 815;7;6;0;1;1;1
202200028696;762 813;7;0;2;1;2;1
202200028696;762 814;7;0;2;6;2;1
202200028697;762 810;7;0;2;2;1;1
202200028697;762 811;1;0;2;1;13;5
202200028698;762 809;31;0;2;1;0;1
202200028698;762 812;7;5;0;6;13;1
202200028699;762 808;7;0;1;3;15;1
202200028700;762 807;7;0;1;2;1;1
202200028701;762 804;30;0;0;0;21;1
202200028701;762 806;43;0;0;0;16;1
202200028702;762 803;7;0;2;7;1;1
202200028702;762 805;13;0;2;1;1;1
202200028703;762 800;50;0;2;3;1;3
202200028703;762 802;10;0;2;2;16;1
202200028704;762 799;7;0;2;0;1;0
202200028704;762 801;99;0;2;5;1;3
202200028705;762 798;30;0;1;1;25;1
202200028706;762 795;30;0;1;7;1;1
202200028707;762 796;7;0;2;3;15;1
202200028707;762 797;60;0;2;8;1;5
202200028708;762 794;7;0;1;7;1;0
202200028709;762 793;50;0;1;1;19;3
202200028710;762 789;30;0;2;3;13;3
202200028710;762 790;7;0;2;3;1;1
202200028711;762 791;10;0;2;2;15;3
202200028711;762 792;1;0;2;3;1;5
202200028712;762 786;34;0;2;1;21;1
202200028712;762 788;7;0;2;3;15;1
202200028713;762 787;50;0;1;1;13;3
202200028714;762 782;34;0;2;8;18;1
202200028714;762 784;10;0;2;7;1;3
202200028715;762 783;7;0;2;1;16;1
202200028715;762 785;7;0;2;3;1;0
202200028716;762 780;37;0;1;7;7;1
202200028717;762 779;7;0;2;6;0;1
202200028717;762 781;7;0;2;2;21;1
202200028718;762 778;7;0;2;1;26;3
202200028719;762 777;7;0;1;1;1;1
202200028720;762 774;7;0;2;0;15;1
202200028720;762 776;33;8;2;1;9;1
202200028721;762 773;10;0;2;3;15;1
202200028721;762 775;7;0;2;2;7;1
202200028722;762 772;7;0;1;1;1;1
202200028723;762 770;7;0;2;1;1;1
202200028723;762 771;7;0;2;7;1;2
202200028724;762 767;33;0;0;1;1;1
202200028724;762 768;7;0;0;2;10;1
202200028725;762 766;33;0;2;4;26;1
202200028725;762 769;7;0;9;4;1;1
202200028726;762 764;7;0;2;3;15;1
202200028726;762 765;80;0;2;1;1;3
202200028727;762 761;7;0;2;1;1;1
202200028727;762 762;30;0;2;1;1;1
202200028728;762 759;37;1;0;2;14;1
202200028729;762 758;7;0;2;2;19;1
202200028729;762 760;33;0;2;3;21;1
202200028730;762 756;7;0;1;1;1;6
202200028731;762 753;7;0;2;1;15;1
202200028731;762 755;7;0;2;3;1;1
202200028732;762 752;30;0;2;8;15;0
202200028732;762 754;7;0;2;2;1;0
202200028733;762 751;7;3;0;2;1;3
202200028734;762 750;7;0;1;1;1;1
202200028735;762 748;10;0;2;1;9;1
202200028735;762 749;7;0;2;3;1;1
202200028736;762 746;7;0;2;2;2;1
202200028736;762 747;32;0;2;4;23;1
202200028737;762 743;43;0;2;2;3;1
202200028737;762 745;7;0;2;3;19;1
202200028738;762 742;7;0;2;4;2;2
202200028738;762 744;7;0;2;1;2;1
202200028739;762 738;10;0;2;4;0;1
202200028739;762 740;7;0;2;1;1;1
202200028739;762 741;14;0;2;1;1;1
202200028740;762 737;7;0;2;1;26;1
202200028740;762 739;7;0;2;4;15;1
202200028741;762 732;7;0;2;1;1;1
202200028741;762 734;7;0;2;8;0;1
202200028742;762 733;7;0;2;4;1;1
202200028742;762 735;7;0;2;1;1;1
202200028742;762 736;7;0;2;1;1;1
202200028743;762 730;7;0;2;1;0;1
202200028743;762 731;7;0;2;1;0;1
202200028744;762 728;7;0;2;2;26;1
202200028744;762 729;30;0;2;1;1;0
202200028745;762 727;32;0;0;8;15;1
202200028746;762 726;7;0;1;3;1;1
202200028747;762 722;50;0;2;7;1;3
202200028747;762 723;7;0;2;1;26;1
202200028748;762 721;30;0;0;7;26;1
202200028749;762 719;1;0;2;1;26;5
202200028749;762 720;7;0;2;3;9;1
202200028750;762 716;7;0;1;3;1;1
202200028751;762 713;7;0;2;1;2;1
202200028751;762 714;7;0;2;1;2;1
202200028751;762 715;7;0;2;4;2;1
202200028752;762 711;7;0;2;1;19;1
202200028752;762 712;7;0;2;3;1;1
202200028753;762 709;7;0;2;2;14;1
202200028753;762 710;7;0;2;3;2;1
202200028754;762 708;7;0;1;1;1;1
202200028755;762 706;10;0;2;1;9;1
202200028755;762 707;7;0;2;1;1;1
202200028756;762 705;7;0;1;0;2;1
202200028757;762 703;7;0;0;8;1;1
202200028757;762 704;33;1;2;8;21;1
202200028758;762 702;7;0;1;2;1;2
202200028759;762 697;7;0;1;1;26;1
202200028760;762 696;30;0;1;1;26;0
202200028761;762 694;7;0;2;2;1;1
202200028761;762 695;7;0;2;3;9;1
202200028762;762 692;10;0;2;8;16;1
202200028762;762 693;60;0;2;1;1;5
202200028763;762 690;33;0;2;1;17;0
202200028763;762 691;7;0;2;3;15;0
202200028764;762 689;7;0;1;2;20;1
202200028765;762 687;7;0;2;3;1;1
202200028765;762 688;7;0;2;2;1;1
202200028766;762 686;7;15;0;0;1;1
202200028767;762 685;7;7;0;3;15;1
202200028768;762 683;1;0;2;3;1;5
202200028768;762 684;7;0;2;1;1;1
202200028769;762 682;7;0;1;5;1;1
202200028770;762 680;32;0;2;7;17;1
202200028770;762 681;10;0;2;3;13;1
202200028771;762 678;31;0;2;1;2;1
202200028771;762 679;7;0;2;4;2;2
202200028772;762 677;2;0;1;1;1;1
202200028773;762 675;7;0;2;5;16;1
202200028773;762 676;1;0;2;1;1;5
202200028774;762 673;7;0;2;3;16;2
202200028774;762 674;30;0;2;2;17;1
202200028775;762 671;30;0;2;1;1;1
202200028775;762 672;1;0;2;1;5;5
202200028776;762 669;30;0;2;2;1;1
202200028776;762 670;1;0;2;3;15;5
202200028777;762 668;7;11;0;1;18;1
202200028778;762 666;34;0;2;1;1;1
202200028778;762 667;7;0;2;2;15;2
202200028779;762 664;7;0;2;7;1;1
202200028779;762 665;30;0;2;1;5;1
202200028780;762 662;1;0;0;4;14;5
202200028780;762 663;33;0;2;1;1;1
202200028781;762 660;17;0;2;1;13;0
202200028781;762 661;7;0;2;1;1;1
202200028782;762 658;7;0;0;8;23;1
202200028782;762 659;2;0;2;2;3;1
202200028783;762 657;7;1;0;9;1;1
202200028784;762 655;10;8;2;2;15;1
202200028784;762 656;7;8;2;7;1;1
202200028785;762 653;7;0;1;4;1;1
202200028785;762 654;7;0;2;1;2;1
202200028786;762 652;30;5;0;0;17;6
202200028787;762 650;3;0;2;1;16;1
202200028787;762 651;50;0;2;0;19;3
202200028788;762 649;32;0;1;3;1;1
202200028789;762 648;30;11;0;0;14;1
202200028790;762 645;7;0;2;1;1;1
202200028790;762 646;7;0;2;4;23;1
202200028790;762 647;33;0;2;4;23;1
202200028791;762 643;2;0;2;1;2;1
202200028791;762 644;7;0;2;3;20;1
202200028792;762 642;7;4;0;1;1;1
202200028793;762 640;2;0;2;1;1;1
202200028793;762 641;7;0;2;2;15;1
202200028794;762 637;7;0;2;9;1;1
202200028794;762 638;7;0;2;2;1;1
202200028794;762 639;33;0;2;0;17;1
202200028795;762 635;1;0;9;1;1;5
202200028795;762 636;1;0;9;4;1;5
202200028796;762 633;7;0;2;1;19;1
202200028796;762 634;7;0;2;5;1;1
202200028797;762 632;2;2;0;1;1;1
202200028798;762 631;2;12;0;1;17;1
202200028799;762 629;2;12;0;0;17;1
202200028799;762 630;7;0;0;0;13;1
202200028800;762 628;36;0;0;7;9;1
202200028801;762 627;7;0;0;9;1;1
202200028802;762 624;33;0;2;1;1;1
202200028802;762 625;7;0;2;7;15;1
202200028803;762 623;33;14;0;1;17;1
202200028804;762 621;7;0;2;2;1;1
202200028804;762 622;2;0;2;1;15;1
202200028805;762 620;7;13;0;1;1;1
202200028806;762 619;7;17;0;1;0;1
202200028807;762 618;7;6;0;3;13;1
202200028808;762 616;7;0;2;1;1;1
202200028808;762 617;2;0;2;7;1;1
202200028809;762 615;7;8;0;1;1;1
202200028810;762 612;7;0;2;8;1;1
202200028810;762 613;7;0;2;1;1;1
202200028810;762 614;7;0;2;0;17;1
202200028811;762 611;7;16;0;9;1;1
202200028812;762 609;2;0;2;1;1;1
202200028812;762 610;7;0;2;7;15;1
202200028813;762 608;7;8;0;8;1;1
202200028814;762 607;7;7;9;0;13;1
202200028815;762 606;33;0;0;0;0;1
202200028816;762 605;33;13;0;3;2;1
202200028817;762 604;33;13;0;2;1;1
202200028818;762 603;7;2;0;1;1;1
202200028819;762 601;7;0;2;2;17;1
202200028819;762 602;7;0;2;2;1;1
202200028820;762 600;7;4;0;2;1;1
202200028821;762 595;17;0;0;8;9;1
202200028821;762 596;7;0;2;6;11;1
202200028821;762 597;7;0;2;2;17;1
202200028822;762 593;7;0;2;1;1;1
202200028822;762 594;7;0;2;8;15;1
202200028823;762 591;7;0;2;1;1;1
202200028823;762 592;33;0;2;1;1;1
202200028824;762 587;33;0;2;1;1;1
202200028824;762 588;33;0;2;3;1;1
202200028824;762 589;33;0;2;7;1;1
202200028824;762 590;33;0;2;1;17;1
202200028825;762 585;10;0;0;3;15;1
202200028825;762 586;1;0;0;1;16;5
202200028826;762 584;7;0;0;2;1;1
202200028827;762 582;33;0;2;7;17;1
202200028827;762 583;10;0;2;3;15;1
202200028828;762 580;7;0;2;2;16;1
202200028828;762 581;2;0;2;1;25;1
202200028829;762 579;7;2;0;2;13;1
202200028830;762 577;32;0;2;0;1;1
202200028830;762 578;7;0;2;1;1;1
202200028831;762 575;7;0;2;3;1;1
202200028831;762 576;7;0;2;1;1;1
202200028832;762 573;30;0;2;1;1;1
202200028832;762 574;7;0;2;2;1;1
202200028833;762 571;7;0;2;3;15;1
202200028833;762 572;33;0;2;2;17;1
202200028834;762 569;14;0;9;1;19;1
202200028834;762 570;1;0;2;7;1;5
202200028835;762 568;7;0;1;4;20;1
202200028836;762 565;33;0;2;2;17;1
202200028836;762 566;7;0;2;8;1;1
202200028836;762 567;7;0;2;3;15;1
202200028837;762 564;7;0;1;1;1;1
202200028838;762 560;7;0;2;1;5;1
202200028838;762 561;99;0;2;8;21;1
202200028838;762 562;10;0;2;1;1;1
202200028838;762 563;7;0;9;1;1;1
202200028839;762 559;3;12;1;2;1;1
202200028840;762 558;2;0;0;0;0;1
202200028841;762 557;7;0;1;3;1;1
202200028842;762 556;7;1;0;9;0;1
202200028843;762 552;7;0;2;1;2;1
202200028843;762 553;7;0;2;1;2;1
202200028843;762 554;10;0;2;1;2;1
202200028843;762 555;7;0;2;4;2;1
202200028844;762 550;10;0;2;4;2;1
202200028844;762 551;7;0;2;1;2;1
202200028845;762 548;7;3;2;1;18;1
202200028845;762 549;7;0;2;8;1;1
202200028846;762 546;7;0;2;4;2;1
202200028846;762 547;7;0;2;1;2;1
202200028847;762 544;7;0;2;1;1;1
202200028847;762 545;7;0;2;4;1;1
202200028848;762 542;10;0;2;1;2;0
202200028848;762 543;10;0;2;4;2;0
202200028849;762 540;7;0;2;1;1;1
202200028849;762 541;7;0;2;4;1;1
202200028850;762 539;7;4;0;2;2;1
202200028851;762 537;7;0;2;1;2;1
202200028851;762 538;7;0;2;4;2;1
202200028852;762 536;7;4;0;1;1;0
202200028853;762 534;33;0;2;7;3;1
202200028853;762 535;7;0;2;8;11;1
202200028854;762 532;7;0;2;5;1;1
202200028854;762 533;7;8;2;1;1;1
202200028855;762 530;30;0;2;8;18;1
202200028855;762 531;7;0;2;7;14;0
202200028856;762 528;7;0;2;2;12;1
202200028856;762 529;32;0;2;8;7;1
202200028857;762 526;1;0;2;7;1;5
202200028857;762 527;7;0;2;7;1;1
202200028858;762 524;31;0;2;3;13;1
202200028858;762 525;7;0;2;3;15;1
202200028859;762 523;1;0;0;1;1;5
202200028860;762 522;1;0;1;1;16;0
202200028861;762 520;40;0;2;3;2;0
202200028861;762 521;7;0;4;1;2;1
202200028862;762 518;1;0;2;0;0;0
202200028862;762 519;7;0;2;1;15;1
202200028863;762 513;10;0;2;5;1;1
202200028863;762 514;7;0;2;6;1;1
202200028863;762 515;7;0;2;4;1;1
202200028863;762 516;7;0;2;9;0;1
202200028863;762 517;7;0;2;6;1;1
202200028864;762 512;1;0;1;1;25;0
202200028865;762 511;30;0;1;1;17;1
202200028866;762 510;7;0;5;1;1;1
202200028867;762 508;2;14;2;2;2;1
202200028867;762 509;7;0;2;2;2;1
202200028868;762 506;33;0;2;1;1;1
202200028868;762 507;7;0;2;3;1;1
202200028869;762 504;7;0;2;3;13;1
202200028869;762 505;7;15;2;3;26;1
202200028870;762 502;7;0;0;0;9;1
202200028870;762 503;2;0;0;0;21;1
202200028871;762 501;37;0;1;7;26;1
202200028872;762 499;33;0;2;1;21;1
202200028872;762 500;7;0;2;6;15;1
202200028873;762 497;7;0;2;2;15;1
202200028873;762 498;34;0;2;1;1;1
202200028874;762 493;7;9;2;1;2;1
202200028874;762 494;7;0;2;4;2;1
202200028875;762 492;7;4;0;2;14;1
202200028876;762 488;7;0;2;6;15;1
202200028876;762 489;1;0;2;1;7;5
202200028877;762 486;33;0;2;7;1;1
202200028877;762 487;10;0;2;8;19;1
202200028878;762 485;32;4;0;8;13;1
202200028879;762 484;7;15;0;2;21;1
202200028880;762 482;2;0;2;7;17;1
202200028880;762 483;7;0;2;8;2;1
202200028881;762 481;7;16;0;1;1;1
202200028882;762 478;7;14;0;4;1;1
202200028882;762 479;7;0;2;9;23;1
202200028882;762 480;10;0;0;4;1;1
202200028883;762 476;7;0;2;1;1;1
202200028883;762 477;7;0;2;8;15;1
202200028884;762 475;7;0;1;2;1;1
202200028885;762 473;7;0;2;8;20;1
202200028885;762 474;7;0;2;8;1;1
202200028886;762 470;7;0;2;4;2;1
202200028886;762 471;7;0;2;4;2;1
202200028886;762 472;7;0;2;1;2;1
202200028887;762 468;7;0;2;4;2;1
202200028887;762 469;10;0;2;1;2;1
202200028888;762 466;7;0;2;8;15;1
202200028888;762 467;7;0;2;8;1;1
202200028889;762 464;7;0;2;4;1;1
202200028889;762 465;13;0;2;1;11;1
202200028890;762 462;7;0;2;3;15;3
202200028890;762 463;1;0;2;1;5;5
202200028891;762 461;7;0;1;1;1;1
202200028892;762 459;10;0;2;1;0;1
202200028892;762 460;1;0;2;0;0;5
202200028893;762 456;7;0;2;6;15;1
202200028893;762 457;7;0;1;1;1;1
202200028893;762 458;7;0;2;6;1;1
202200028894;762 454;7;0;2;1;1;2
202200028894;762 455;7;0;2;4;1;1
202200028895;762 452;7;0;2;2;1;1
202200028895;762 453;32;0;2;9;18;1
202200028896;762 450;7;0;2;1;2;1
202200028897;762 451;32;0;0;0;3;1
202200028898;762 449;31;0;0;0;1;1
202200028899;762 446;7;0;2;1;6;1
202200028899;762 447;7;0;2;6;1;1
202200028900;762 444;7;0;2;4;2;1
202200028900;762 445;33;0;2;1;2;1
202200028901;762 448;1;0;2;0;26;5
202200028902;762 441;7;0;2;1;2;1
202200028902;762 442;1;0;2;8;2;5
202200028903;762 437;7;4;0;1;0;1
202200028904;762 439;2;0;2;4;2;1
202200028904;762 443;7;0;2;1;2;1
202200028905;762 434;7;0;2;7;15;1
202200028905;762 436;7;0;2;1;1;1
202200028906;762 433;7;0;0;3;26;0
202200028906;762 435;10;0;0;1;13;0
202200028907;762 432;1;0;0;1;1;5
202200028908;762 430;7;8;2;7;1;1
202200028908;762 431;7;0;2;1;1;1
202200028909;762 428;7;0;2;1;1;1
202200028909;762 429;33;11;2;1;1;1
202200028910;762 427;7;7;0;1;14;1
202200028911;762 425;7;0;1;1;26;1
202200028912;762 424;2;0;2;1;1;1
202200028912;762 426;7;0;2;2;15;1
202200028913;762 423;7;0;1;2;1;1
202200028914;762 421;10;0;2;7;15;1
202200028914;762 422;2;0;2;1;1;1
202200028915;762 418;31;0;2;1;13;3
202200028915;762 420;38;0;2;1;26;1
202200028916;762 417;10;0;9;3;20;1
202200028916;762 419;50;0;2;1;1;3
202200028917;762 414;30;0;2;1;5;1
202200028917;762 416;7;0;2;3;16;1
202200028918;762 413;32;0;2;1;1;1
202200028918;762 415;7;0;2;3;15;1
202200028919;762 410;2;0;2;1;5;1
202200028919;762 412;7;0;2;0;1;1
202200028920;762 409;30;0;2;2;12;1
202200028920;762 411;7;0;9;0;9;0
202200028921;762 408;7;8;0;2;16;1
202200028922;762 406;60;0;2;8;1;5
202200028922;762 407;2;0;2;1;0;0
202200028923;762 404;7;0;2;3;9;1
202200028923;762 405;50;0;2;1;19;3
202200028924;762 402;7;0;2;6;2;1
202200028924;762 403;7;0;2;2;2;1
202200028925;762 401;7;2;0;3;2;1
202200028926;762 399;10;0;2;0;0;0
202200028926;762 400;33;0;2;0;0;0
202200028927;762 397;7;0;0;0;0;1
202200028927;762 398;7;0;0;0;0;1
202200028928;762 394;15;0;2;2;12;1
202200028928;762 395;7;0;2;8;1;1
202200028929;762 393;7;0;1;3;1;1
202200028930;762 392;10;4;0;3;13;1
202200028931;762 391;7;0;1;2;15;1
202200028932;762 389;7;0;2;8;11;0
202200028932;762 390;32;0;2;7;2;1
202200028933;762 385;7;0;2;6;2;1
202200028933;762 387;32;0;2;2;2;1
202200028934;762 386;7;0;2;1;1;1
202200028934;762 388;7;0;2;1;13;1
202200028935;762 383;1;0;2;2;15;5
202200028935;762 384;43;0;2;2;15;1
202200028936;762 382;7;2;0;1;1;1
202200028937;762 380;7;0;2;4;23;1
202200028937;762 381;2;0;2;4;2;1
202200028938;762 378;7;0;2;2;1;1
202200028938;762 379;7;0;2;5;15;1
202200028939;762 376;7;0;2;8;15;1
202200028939;762 377;33;0;2;1;17;1
202200028940;762 374;50;0;2;1;1;3
202200028940;762 375;7;0;2;7;16;1
202200028941;762 373;7;0;1;1;15;1
202200028942;762 371;7;0;1;1;2;1
202200028942;762 372;2;0;2;1;2;1
202200028943;762 370;7;0;1;1;1;1
202200028944;762 368;30;0;2;4;11;1
202200028944;762 369;7;0;2;2;1;1
202200028945;762 366;80;0;2;1;1;3
202200028945;762 367;21;0;2;5;1;1
202200028946;762 364;1;0;2;6;1;5
202200028946;762 365;1;0;2;8;1;5
202200028947;762 360;34;0;2;8;1;1
202200028947;762 363;10;0;2;1;15;1
202200028948;762 357;7;0;2;1;2;3
202200028948;762 358;7;0;0;4;1;2
202200028949;762 355;32;0;1;7;7;1
202200028950;762 354;1;14;0;7;13;5
202200028951;762 352;50;0;2;1;15;3
202200028951;762 353;7;0;2;2;15;1
202200028952;762 350;7;0;2;6;1;1
202200028952;762 351;2;0;2;1;1;1
202200028953;762 346;2;0;2;1;1;1
202200028953;762 348;7;0;2;3;16;1
202200028954;762 345;7;0;2;4;2;1
202200028954;762 347;7;0;2;4;2;1
202200028954;762 349;7;0;2;1;2;1
202200028955;762 342;7;0;0;2;1;1
202200028955;762 344;32;0;0;3;1;1
202200028956;762 343;7;1;0;1;14;1
202200028957;762 340;10;0;9;5;0;1
202200028957;762 341;30;0;2;1;15;1
202200028958;762 336;31;0;2;1;17;1
202200028958;762 337;7;0;2;8;15;1
202200028959;762 334;32;12;0;2;16;1
202200028960;762 333;13;0;2;7;1;1
202200028960;762 335;2;0;2;1;1;1
202200028961;762 330;7;0;2;6;1;1
202200028961;762 332;31;0;2;1;2;1
202200028962;762 329;32;0;2;1;26;1
202200028962;762 331;7;0;2;2;15;1
202200028963;762 327;50;0;0;0;0;3
202200028964;762 326;7;0;2;3;1;2
202200028964;762 328;1;0;2;2;19;5
202200028965;762 325;7;6;0;2;1;1
202200028966;762 323;7;0;2;4;23;1
202200028966;762 324;50;0;2;1;2;3
202200028967;762 321;1;4;2;2;14;5
202200028967;762 322;34;4;2;3;18;1
202200028968;762 320;50;0;1;1;26;3
202200028969;762 318;60;0;2;8;19;5
202200028969;762 319;7;0;2;0;1;1
202200028970;762 315;7;0;2;2;15;0
202200028970;762 316;33;0;2;1;26;1
202200028971;762 313;7;0;2;1;0;1
202200028971;762 314;7;0;2;4;23;1
202200028971;762 317;7;0;2;4;23;1
202200028972;762 311;7;0;2;1;1;1
202200028972;762 312;7;0;2;4;1;1
202200028973;762 308;7;0;2;1;1;1
202200028973;762 310;2;0;2;1;15;1
202200028974;762 307;7;0;2;2;9;1
202200028974;762 309;7;0;2;5;4;1
202200028975;762 304;7;16;0;3;9;1
202200028975;762 305;34;0;2;2;1;1
202200028976;762 303;50;0;2;0;9;3
202200028976;762 306;7;0;2;1;9;1
202200028977;762 301;33;0;2;1;17;1
202200028977;762 302;10;0;2;6;15;1
202200028978;762 297;1;0;2;7;3;5
202200028978;762 299;7;0;9;8;23;1
202200028979;762 298;7;0;2;8;1;1
202200028979;762 300;1;0;2;1;19;5
202200028980;762 294;7;0;2;3;15;1
202200028980;762 296;50;0;2;1;17;3
202200028981;762 295;7;0;1;7;1;1
202200028982;762 292;10;0;1;5;0;1
202200028983;762 291;7;0;2;1;1;1
202200028983;762 293;50;0;2;8;1;3
202200028984;762 289;7;0;2;4;1;1
202200028984;762 290;7;0;2;1;1;1
202200028985;762 285;30;0;2;1;26;0
202200028985;762 287;7;0;2;8;1;0
202200028986;762 286;30;0;2;8;19;1
202200028986;762 288;7;0;2;1;1;1
202200028987;762 282;50;1;2;8;11;3
202200028987;762 284;37;0;2;7;1;1
202200028988;762 281;7;0;2;3;2;1
202200028988;762 283;7;0;2;2;15;1
202200028989;762 280;7;0;0;9;1;1
202200028990;762 278;7;0;2;2;0;1
202200028990;762 279;7;0;2;2;17;1
202200028991;762 277;32;0;1;7;21;1
202200028992;762 275;33;0;2;1;1;1
202200028992;762 276;7;0;2;1;15;1
202200028993;762 273;7;0;2;1;1;1
202200028993;762 274;7;0;2;7;12;1
202200028994;762 272;7;0;0;3;13;1
202200028995;762 268;7;0;2;2;12;1
202200028995;762 270;34;0;2;3;3;1
202200028996;762 269;2;0;2;1;2;1
202200028996;762 271;7;0;2;5;23;1
202200028997;762 266;31;0;2;0;1;1
202200028997;762 267;7;0;2;0;1;1
202200028998;762 264;10;0;2;1;2;1
202200028998;762 265;2;0;2;4;23;1
202200028999;762 263;7;3;0;1;11;1
202200029000;762 261;7;0;2;4;20;1
202200029000;762 262;7;0;2;1;2;1
202200029001;762 259;7;0;2;7;1;1
202200029001;762 260;7;0;2;1;26;1
202200029002;762 258;7;0;0;8;1;1
202200029003;762 255;7;0;2;1;2;1
202200029003;762 256;10;0;2;4;23;1
202200029004;762 257;7;16;0;0;0;1
202200029005;762 253;7;0;2;1;13;1
202200029005;762 254;7;0;2;3;1;1
202200029006;762 251;7;0;2;1;2;1
202200029006;762 252;7;0;2;4;2;1
202200029007;762 249;33;0;2;1;0;1
202200029007;762 250;7;0;2;2;15;1
202200029008;762 246;7;0;2;1;15;1
202200029008;762 247;7;0;2;4;23;1
202200029008;762 248;7;0;2;5;23;1
202200029009;762 244;2;0;2;8;1;1
202200029009;762 245;7;0;2;7;15;1
202200029010;762 243;7;0;1;1;9;1
202200029011;762 241;1;0;2;1;26;5
202200029011;762 242;7;0;0;0;0;1
202200029012;762 239;10;0;2;4;2;1
202200029012;762 240;7;0;2;1;2;1
202200029013;762 236;7;0;2;1;0;1
202200029013;762 237;7;0;2;4;1;1
202200029013;762 238;7;0;2;4;1;1
202200029014;762 234;15;0;2;4;15;1
202200029014;762 235;7;0;2;9;1;1
202200029015;762 232;10;0;2;1;13;1
202200029015;762 233;7;0;2;1;1;1
202200029016;762 230;7;0;2;2;13;1
202200029016;762 231;7;0;2;1;26;1
202200029017;762 228;7;0;2;3;11;1
202200029017;762 229;33;0;2;7;3;1
202200029018;762 225;7;0;2;4;2;1
202200029018;762 226;10;0;2;1;2;1
202200029018;762 227;10;0;2;4;2;1
202200029019;762 223;32;0;2;7;17;1
202200029019;762 224;1;0;2;8;15;5
202200029020;762 221;7;0;2;6;24;2
202200029020;762 222;1;0;2;6;9;5
202200029021;762 219;7;0;2;2;16;1
202200029021;762 220;1;0;2;1;1;5
202200029022;762 218;7;0;1;5;1;0
202200029023;762 216;32;0;2;2;1;1
202200029023;762 217;33;0;2;5;15;1
202200029024;762 214;7;0;2;2;1;1
202200029024;762 215;50;0;2;8;15;3
202200029025;762 212;1;0;2;1;9;5
202200029025;762 213;1;0;2;2;1;5
202200029026;762 210;7;0;2;3;15;1
202200029026;762 211;32;0;2;1;17;1
202200029027;762 209;7;0;1;3;1;2
202200029028;762 207;7;0;2;3;1;2
202200029028;762 208;30;0;2;4;23;1
202200029029;762 205;37;0;2;8;21;2
202200029029;762 206;50;0;2;8;5;3
202200029030;762 204;7;0;1;2;1;3
202200029031;762 203;7;0;1;6;1;1
202200029032;762 201;31;0;2;2;18;1
202200029032;762 202;7;0;2;2;16;1
202200029033;762 199;1;0;2;1;1;5
202200029033;762 200;14;0;2;2;14;1
202200029034;762 197;99;0;2;1;9;1
202200029034;762 198;33;0;2;3;1;1
202200029035;762 196;2;0;1;0;0;0
202200029036;762 195;7;0;1;8;1;1
202200029037;762 193;7;0;0;8;23;1
202200029037;762 194;1;0;2;7;0;5
202200029038;762 191;7;0;2;3;9;1
202200029038;762 192;10;0;2;2;1;1
202200029039;762 189;32;0;2;1;3;1
202200029039;762 190;7;0;2;7;15;1
202200029040;762 187;1;0;0;4;1;5
202200029040;762 188;7;0;2;2;12;1
202200029041;762 184;31;0;2;1;1;0
202200029041;762 185;7;0;2;2;15;0
202200029041;762 186;2;0;2;1;1;0
202200029042;762 183;50;0;1;1;2;3
202200029043;762 182;34;0;1;1;1;1
202200029044;762 180;7;1;0;1;1;2
202200029044;762 181;50;0;2;1;1;3
202200029045;762 178;10;0;2;8;16;1
202200029045;762 179;15;0;2;4;15;1
202200029046;762 177;7;0;1;8;15;2
202200029047;762 176;10;0;0;3;15;1
202200029048;762 174;7;0;2;1;1;1
202200029048;762 175;7;0;2;8;1;1
202200029049;762 171;7;0;1;1;1;1
202200029050;762 169;7;0;2;1;9;1