Num_Acc;id_vehicule;catv;obs;obsm;choc;manv;motor
202200029050;762 170;33;0;2;1;1;1
202200029051;762 167;7;0;0;6;23;1
202200029051;762 168;7;1;0;2;2;1
202200029052;762 165;13;0;2;3;26;1
202200029052;762 166;7;0;2;3;9;1
202200029053;762 164;33;8;0;1;1;1
202200029054;762 162;7;0;2;3;9;1
202200029054;762 163;1;0;0;2;1;5
202200029055;762 160;1;0;0;7;1;5
202200029055;762 161;7;0;2;3;9;1
202200029056;762 158;7;0;2;1;1;1
202200029056;762 159;10;0;2;3;13;1
202200029057;762 156;7;0;2;8;17;1
202200029057;762 157;7;0;2;7;17;2
202200029058;762 154;7;0;2;2;17;1
202200029058;762 155;16;0;0;0;1;1
202200029059;762 151;7;0;0;4;2;1
202200029059;762 152;7;0;2;1;2;1
202200029059;762 153;7;0;2;1;2;1
202200029060;762 150;10;16;0;0;1;1
202200029061;762 149;7;2;0;3;13;1
202200029062;762 148;7;13;0;1;1;1
202200029063;762 146;33;0;2;1;1;1
202200029063;762 147;7;0;2;2;19;1
202200029064;762 144;7;0;0;6;2;1
202200029064;762 145;2;0;2;1;1;1
202200029065;762 142;7;0;2;6;20;1
202200029065;762 143;43;0;2;1;20;1
202200029066;762 141;33;3;0;1;2;1
202200029067;762 140;7;8;0;3;1;1
202200029068;762 139;33;0;0;7;1;1
202200029069;762 138;32;0;0;0;0;1
202200029070;762 137;7;2;0;1;1;2
202200029071;762 135;10;10;2;1;5;1
202200029071;762 136;7;0;2;1;5;1
202200029072;762 134;7;2;0;2;1;1
202200029073;762 132;1;0;9;0;2;5
202200029073;762 133;1;0;9;0;2;5
202200029074;762 130;7;0;0;3;1;1
202200029074;762 131;7;0;0;2;19;1
202200029075;762 128;7;0;2;3;13;1
202200029075;762 129;7;0;2;3;14;1
202200029076;762 126;50;0;0;8;23;3
202200029076;762 127;7;0;2;2;21;1
202200029077;762 124;17;0;2;6;1;1
202200029077;762 125;7;0;2;1;0;1
202200029078;762 123;31;13;0;9;1;1
202200029079;762 122;7;0;1;3;1;1
202200029080;762 120;7;0;2;1;5;1
202200029080;762 121;15;0;2;3;1;1
202200029081;762 118;17;0;2;3;13;1
202200029081;762 119;7;0;2;1;1;1
202200029082;762 116;7;0;2;2;19;1
202200029082;762 117;43;0;2;5;17;1
202200029083;762 115;15;0;0;0;0;1
202200029084;762 114;50;0;1;1;1;3
202200029085;762 113;7;3;0;3;1;1
202200029086;762 111;14;0;2;6;4;1
202200029086;762 112;2;0;2;3;1;1
202200029087;762 110;7;4;0;8;1;1
202200029088;762 108;7;0;0;5;1;1
202200029088;762 109;2;0;2;1;2;1
202200029089;762 106;7;0;2;1;1;2
202200029089;762 107;1;0;0;8;19;5
202200029090;762 104;7;0;2;3;1;2
202200029090;762 105;7;0;2;3;13;2
202200029091;762 100;7;0;2;8;1;1
202200029091;762 101;7;0;2;8;17;1
202200029091;762 102;7;0;0;0;1;1
202200029091;762 103;33;0;2;3;1;1
202200029092;762 099;7;0;0;9;1;0
202200029093;762 098;7;0;1;2;15;1
202200029094;762 097;7;2;0;9;0;1
202200029095;762 096;33;0;6;1;1;1
202200029096;762 094;36;0;2;1;1;1
202200029096;762 095;7;0;2;7;15;3
202200029097;762 089;32;0;2;8;1;1
202200029097;762 090;14;0;2;7;12;1
202200029098;762 087;7;0;2;4;2;2
202200029098;762 088;7;0;2;1;2;1
202200029099;762 085;15;0;2;0;0;1
202200029099;762 086;7;0;2;6;0;1
202200029100;762 081;7;0;2;4;1;1
202200029100;762 082;7;0;2;4;1;1
202200029100;762 083;7;0;2;6;1;1
202200029100;762 084;7;0;2;1;2;0
202200029101;762 079;7;0;2;7;12;1
202200029101;762 080;33;0;2;3;3;1
202200029102;762 077;7;0;2;1;2;0
202200029102;762 078;7;0;2;4;2;0
202200029103;762 075;32;0;2;7;26;1
202200029103;762 076;10;0;2;6;0;1
202200029104;762 073;33;0;2;3;3;1
202200029104;762 074;7;0;2;5;12;1
202200029105;762 071;33;0;2;7;17;1
202200029105;762 072;7;0;2;8;1;1
202200029106;762 070;7;0;1;9;16;-1
202200029107;762 069;10;2;0;3;1;1
202200029108;762 067;7;0;0;3;1;1
202200029108;762 068;10;0;2;2;1;1
202200029109;762 065;1;0;2;1;19;5
202200029109;762 066;38;0;2;2;21;1
202200029110;762 063;7;0;2;2;15;1
202200029110;762 064;50;0;0;1;1;3
202200029111;762 061;10;0;2;0;9;1
202200029111;762 062;0;0;2;0;26;0
202200029112;762 060;7;0;2;3;16;1
202200029113;762 059;33;3;0;7;1;1
202200029114;762 057;2;0;2;0;1;1
202200029114;762 058;10;0;2;0;1;1
202200029115;762 055;1;0;2;8;13;5
202200029115;762 056;1;0;2;1;17;5
202200029116;762 054;7;0;1;3;26;1
202200029117;762 053;7;6;0;2;1;1
202200029118;762 051;34;0;2;2;17;1
202200029118;762 052;7;0;2;6;15;1
202200029119;762 050;7;0;1;2;14;1
202200029120;762 048;7;0;2;0;0;1
202200029120;762 049;1;0;2;2;0;5
202200029121;762 047;7;8;0;9;14;1
202200029122;762 046;1;0;1;1;1;5
202200029123;762 044;10;0;2;1;1;1
202200029123;762 045;7;0;2;7;1;1
202200029124;762 043;14;6;0;1;1;1
202200029125;762 041;7;0;2;6;15;1
202200029125;762 042;32;0;2;1;2;1
202200029126;762 040;7;16;0;9;14;1
202200029127;762 039;7;0;0;9;0;1
202200029128;762 038;31;0;0;0;9;1
202200029129;762 037;7;0;0;0;15;1
202200029130;762 035;33;0;2;1;1;1
202200029130;762 036;7;0;2;8;15;1
202200029131;762 033;7;0;2;1;2;1
202200029131;762 034;7;1;2;4;2;1
202200029132;762 031;7;0;2;3;2;1
202200029132;762 032;7;0;2;6;0;1
202200029133;762 029;1;0;9;1;1;5
202200029133;762 030;7;0;2;3;22;1
202200029134;762 027;2;0;2;1;1;1
202200029134;762 028;7;0;2;2;19;1
202200029135;762 026;7;0;1;4;4;1
202200029136;762 024;7;0;2;1;15;1
202200029136;762 025;7;0;2;1;1;1
202200029137;762 023;7;0;1;5;20;1
202200029138;762 022;7;0;1;0;1;0
202200029139;762 020;10;0;2;1;1;0
202200029139;762 021;50;0;2;0;0;3
202200029140;762 018;7;0;2;2;15;1
202200029140;762 019;2;0;2;1;1;1
202200029141;762 016;1;0;2;0;0;5
202200029141;762 017;7;0;2;3;15;1
202200029142;762 014;0;0;2;1;9;0
202200029142;762 015;7;0;2;5;1;1
202200029143;762 013;7;0;0;9;1;1
202200029144;762 012;2;0;0;0;0;1
202200029145;762 010;7;0;2;8;1;1
202200029145;762 011;7;0;2;9;1;1
202200029146;762 008;7;0;2;1;2;1
202200029146;762 009;7;0;2;4;2;1
202200029147;762 006;7;0;2;5;10;1
202200029147;762 007;33;0;2;1;3;1
202200029148;762 003;7;0;2;5;23;1
202200029148;762 004;80;0;2;8;18;3
202200029148;762 005;7;0;2;7;23;1
202200029149;762 001;7;0;2;1;1;1
202200029149;762 002;50;0;2;7;19;3
202200029150;761 999;1;0;2;1;1;0
202200029150;762 000;7;0;2;6;15;1
202200029151;761 998;7;0;1;2;1;1
202200029152;761 997;7;0;1;1;1;1
202200029153;761 995;34;0;2;1;1;1
202200029153;761 996;3;0;2;3;0;1
202200029154;761 994;7;6;0;1;1;1
202200029155;761 992;7;0;2;8;1;1
202200029155;761 993;1;0;2;0;0;5
202200029156;761 991;33;0;0;0;0;1
202200029157;761 990;7;13;6;5;2;1
202200029158;761 989;33;17;0;0;1;1
202200029159;761 985;7;0;2;4;1;1
202200029159;761 986;10;0;2;4;1;1
202200029159;761 987;7;0;2;4;1;1
202200029159;761 988;7;0;2;1;2;2
202200029160;761 984;7;4;0;3;1;1
202200029161;761 982;7;0;2;4;2;2
202200029161;761 983;7;0;2;1;2;1
202200029162;761 980;33;0;2;1;3;1
202200029162;761 981;7;0;2;6;11;1
202200029163;761 978;7;0;2;1;2;1
202200029163;761 979;7;0;2;4;2;1
202200029164;761 975;15;0;2;1;2;1
202200029164;761 976;7;0;2;1;2;1
202200029164;761 977;7;0;2;4;2;1
202200029165;761 974;7;4;0;1;1;1
202200029166;761 970;7;0;2;2;0;1
202200029166;761 971;7;0;2;6;1;1
202200029166;761 972;7;0;2;0;1;1
202200029166;761 973;10;0;2;1;2;1
202200029167;761 968;7;0;2;0;1;1
202200029167;761 969;15;0;2;8;1;1
202200029168;761 966;7;1;0;1;2;1
202200029168;761 967;7;0;2;4;23;1
202200029169;761 964;7;0;2;8;12;1
202200029169;761 965;33;0;2;8;1;1
202200029170;761 961;10;0;2;1;21;1
202200029170;761 962;7;0;2;1;1;1
202200029170;761 963;7;0;2;1;13;1
202200029171;761 959;33;0;2;1;26;1
202200029171;761 960;3;0;2;1;19;1
202200029172;761 957;2;0;2;6;0;1
202200029172;761 958;33;0;2;6;21;1
202200029173;761 955;7;0;2;6;2;1
202200029173;761 956;7;0;2;1;1;1
202200029174;761 954;7;6;0;2;16;1
202200029175;761 953;7;0;1;2;1;1
202200029176;761 951;10;0;2;3;1;0
202200029176;761 952;1;0;2;3;1;0
202200029177;761 949;7;0;2;2;9;1
202200029177;761 950;33;0;2;4;24;1
202200029178;761 948;30;0;0;0;15;1
202200029179;761 946;50;1;2;1;21;3
202200029179;761 947;60;0;2;0;1;5
202200029180;761 945;7;9;0;3;10;1
202200029181;761 943;33;0;2;1;2;1
202200029181;761 944;7;0;2;4;15;1
202200029182;761 940;7;0;2;1;15;1
202200029182;761 941;7;0;2;2;23;1
202200029182;761 942;33;0;2;1;1;1
202200029183;761 938;3;1;2;2;20;1
202200029183;761 939;7;0;2;2;0;1
202200029184;761 936;7;0;2;3;1;1
202200029184;761 937;7;0;2;3;1;1
202200029185;761 935;50;2;0;1;26;3
202200029186;761 933;1;0;2;1;1;5
202200029186;761 934;7;0;2;3;15;1
202200029187;761 930;7;0;2;0;15;1
202200029187;761 931;7;0;2;1;1;1
202200029187;761 932;37;0;2;5;1;0
202200029188;761 929;10;0;1;1;1;1
202200029189;761 925;7;0;0;0;0;2
202200029189;761 926;7;0;2;5;0;1
202200029189;761 927;10;0;2;6;0;1
202200029189;761 928;7;0;2;3;15;1
202200029190;761 922;7;0;2;3;15;1
202200029191;761 917;7;0;2;2;6;1
202200029191;761 918;7;0;2;3;26;3
202200029191;761 919;7;0;2;8;1;1
202200029191;761 920;7;0;2;1;1;1
202200029191;761 921;7;0;2;1;1;1
202200029192;761 915;7;0;2;1;9;1
202200029192;761 916;33;0;2;2;1;1
202200029193;761 913;1;15;0;1;21;5
202200029193;761 914;7;0;0;0;0;1
202200029194;761 911;7;0;2;3;9;1
202200029194;761 912;1;0;2;7;1;5
202200029195;761 909;7;0;2;5;16;1
202200029195;761 910;1;0;2;0;1;5
202200029196;761 907;7;0;2;7;16;1
202200029196;761 908;1;0;2;1;1;5
202200029197;761 905;43;8;2;2;17;1
202200029197;761 906;10;16;0;3;15;1
202200029198;761 904;10;0;1;2;1;6
202200029199;761 902;7;0;2;2;21;1
202200029199;761 903;1;0;2;1;19;5
202200029200;761 900;1;0;2;8;1;5
202200029200;761 901;7;0;2;3;15;1
202200029201;761 899;33;6;0;0;0;1
202200029202;761 898;33;16;0;0;0;1
202200029203;761 895;33;0;2;3;15;1
202200029203;761 897;7;0;2;1;1;1
202200029204;761 894;7;0;2;1;2;1
202200029204;761 896;32;9;2;1;5;1
202200029205;761 892;1;0;9;1;2;5
202200029205;761 893;1;0;9;1;2;5
202200029206;761 891;1;7;0;1;1;5
202200029207;761 888;2;13;0;0;0;1
202200029208;761 889;7;0;2;1;2;1
202200029208;761 890;7;0;2;4;2;3
202200029209;761 886;7;13;0;0;1;1
202200029210;761 885;33;0;2;3;1;1
202200029210;761 887;7;0;2;1;15;1
202200029211;761 882;7;0;2;5;6;1
202200029211;761 884;13;0;2;2;1;1
202200029212;761 881;21;0;2;2;15;1
202200029212;761 883;1;0;2;1;1;5
202200029213;761 880;33;0;0;8;1;1
202200029214;761 877;10;0;2;1;0;1
202200029214;761 878;10;0;2;1;0;1
202200029214;761 879;7;0;2;1;0;1
202200029215;761 876;7;0;1;2;1;1
202200029216;761 875;7;6;0;1;5;1
202200029217;761 873;35;12;0;3;13;1
202200029218;761 871;30;0;2;1;1;1
202200029218;761 874;7;0;2;2;1;2
202200029219;761 870;2;0;2;0;0;1
202200029219;761 872;7;0;2;0;0;1
202200029220;761 865;7;0;2;8;0;0
202200029220;761 866;7;0;2;2;1;1
202200029221;761 864;10;0;0;6;18;1
202200029221;761 867;7;0;0;4;15;1
202200029221;761 869;7;0;2;1;1;1
202200029222;761 862;14;0;2;2;2;0
202200029222;761 863;10;1;0;6;2;1
202200029222;761 868;7;1;0;0;2;1
202200029223;761 861;7;13;0;2;1;1
202200029224;761 860;33;15;1;1;1;1
202200029225;761 858;7;0;1;2;1;1
202200029226;761 856;7;0;2;3;26;1
202200029226;761 857;7;0;2;2;26;1
202200029227;761 855;1;0;2;2;1;5
202200029227;761 859;7;0;2;6;9;1
202200029228;761 853;7;15;0;4;23;1
202200029228;761 854;7;1;0;1;25;0
202200029229;761 851;1;0;0;3;19;5
202200029229;761 852;7;0;0;2;16;1
202200029230;761 850;34;0;1;1;1;1
202200029231;761 849;7;0;1;2;2;1
202200029232;761 848;2;13;0;1;1;1
202200029233;761 846;7;0;2;6;11;1
202200029233;761 847;33;0;2;1;3;1
202200029234;761 843;7;0;0;0;13;1
202200029234;761 844;2;6;0;1;21;1
202200029235;761 840;7;0;2;3;1;1
202200029235;761 842;33;0;2;7;1;1
202200029236;761 841;7;0;2;5;15;1
202200029236;761 845;7;0;2;1;1;1
202200029237;761 839;7;2;0;1;1;1
202200029238;761 835;34;0;2;8;17;1
202200029238;761 838;2;0;2;8;11;1
202200029239;761 833;1;0;2;0;15;5
202200029239;761 837;7;0;2;2;1;1
202200029240;761 832;7;0;2;4;2;1
202200029240;761 834;10;0;2;1;2;1
202200029240;761 836;7;0;2;1;2;1
202200029241;761 830;32;0;2;1;2;1
202200029241;761 831;7;0;2;3;15;1
202200029242;761 826;7;0;2;1;13;1
202200029242;761 827;7;0;2;1;1;1
202200029243;761 824;7;0;2;2;11;1
202200029243;761 828;7;0;2;6;1;1
202200029243;761 829;10;0;2;8;23;1
202200029244;761 825;7;4;0;1;16;1
202200029245;761 822;7;0;2;3;17;1
202200029245;761 823;7;0;2;3;1;1
202200029246;761 819;32;0;2;3;10;1
202200029246;761 820;80;9;2;3;1;3
202200029247;761 818;7;13;0;3;1;1
202200029248;761 817;7;0;2;3;1;1
202200029248;761 821;7;0;2;1;13;1
202200029249;761 816;37;0;1;5;15;1
202200029250;761 815;7;2;0;1;2;1
202200029251;761 813;7;0;1;7;16;1
202200029252;761 811;7;0;2;1;13;1
202200029252;761 812;7;0;2;3;1;1
202200029253;761 810;7;0;2;4;23;1
202200029253;761 814;7;0;2;1;3;1
202200029254;761 808;30;0;2;1;1;1
202200029254;761 809;7;0;2;3;1;1
202200029255;761 805;7;0;2;4;2;1
202200029255;761 807;10;0;2;1;2;1
202200029256;761 804;7;0;2;7;12;1
202200029256;761 806;33;0;2;8;3;1
202200029257;761 802;50;0;1;8;1;3
202200029258;761 801;30;0;2;1;1;0
202200029258;761 803;7;0;2;2;15;0
202200029259;761 797;30;0;0;2;1;1
202200029260;761 799;7;0;2;1;13;1
202200029260;761 800;7;0;2;2;24;2
202200029261;761 796;7;0;2;1;1;2
202200029261;761 798;7;0;2;1;13;1
202200029262;761 794;7;0;2;4;1;2
202200029262;761 795;32;0;2;1;1;1
202200029263;761 790;2;0;2;1;16;0
202200029263;761 792;7;0;9;2;1;1
202200029264;761 791;50;0;2;1;2;3
202200029264;761 793;80;0;2;4;2;3
202200029265;761 788;34;0;2;2;1;1
202200029265;761 789;7;0;2;3;13;1
202200029266;761 786;7;0;0;4;0;2
202200029266;761 787;33;0;2;1;26;1
202200029267;761 783;7;0;2;3;2;0
202200029267;761 784;80;0;2;4;20;3
202200029268;761 785;7;0;1;2;1;1
202200029269;761 780;7;0;2;1;1;1
202200029269;761 782;34;0;2;1;1;1
202200029270;761 779;30;0;1;3;25;1
202200029271;761 778;7;0;2;2;15;1
202200029271;761 781;2;0;2;1;1;1
202200029272;761 775;50;0;2;1;17;3
202200029272;761 777;7;0;2;3;1;1
202200029273;761 774;7;0;2;7;17;1
202200029273;761 776;1;0;2;8;1;5
202200029274;761 773;7;0;1;3;1;1
202200029275;761 771;10;0;2;3;15;1
202200029275;761 772;33;0;2;2;1;1
202200029276;761 770;7;0;1;1;1;1
202200029277;761 769;7;0;1;3;9;1
202200029278;761 768;14;0;1;1;1;1
202200029279;761 767;7;1;0;2;14;0
202200029280;761 766;7;0;1;2;7;2
202200029281;761 765;7;2;0;1;1;1
202200029282;761 762;30;0;2;3;2;1
202200029282;761 764;7;12;2;3;14;3
202200029283;761 761;7;0;2;2;15;1
202200029283;761 763;32;0;2;3;1;1
202200029284;761 759;32;0;2;1;17;1
202200029284;761 760;7;0;2;2;15;1
202200029285;761 757;1;0;2;1;2;5
202200029285;761 758;7;0;9;4;2;1
202200029286;761 755;33;0;6;1;0;1
202200029287;761 753;7;8;2;1;17;1
202200029287;761 756;50;0;2;4;13;3
202200029288;761 752;33;0;9;1;2;1
202200029288;761 754;80;0;2;4;1;3
202200029289;761 747;30;0;2;7;17;1
202200029289;761 750;7;0;2;3;15;1
202200029290;761 746;7;0;2;3;0;1
202200029290;761 749;2;0;2;1;26;1
202200029291;761 748;33;0;2;1;23;1
202200029291;761 751;30;0;2;1;13;1
202200029292;761 745;10;1;0;3;1;1
202200029293;761 744;7;2;0;7;14;1
202200029294;761 742;7;0;1;3;1;1
202200029295;761 741;7;0;2;3;1;1
202200029295;761 743;50;0;2;1;1;3
202200029296;761 738;7;0;1;1;9;0
202200029297;761 737;60;0;2;8;19;5
202200029297;761 739;7;0;2;8;1;2
202200029298;761 736;7;0;0;6;1;1
202200029298;761 740;7;0;2;1;1;1
202200029299;761 735;7;0;1;7;1;1
202200029300;761 734;7;13;0;8;13;3
202200029301;761 732;7;0;2;3;15;1
202200029301;761 733;34;0;2;8;13;1
202200029302;761 729;7;0;2;2;15;1
202200029302;761 731;31;0;2;1;1;1
202200029303;761 728;7;0;2;1;15;1
202200029303;761 730;33;0;2;1;1;1
202200029304;761 727;10;0;1;4;20;3
202200029305;761 725;7;0;2;3;4;1
202200029305;761 726;7;0;2;2;2;1
202200029306;761 723;7;0;2;3;15;1
202200029306;761 724;33;0;2;1;1;1
202200029307;761 720;7;0;2;3;15;1
202200029307;761 722;1;0;2;1;1;5
202200029308;761 719;10;0;2;8;13;1
202200029308;761 721;33;0;2;7;14;1
202200029309;761 717;30;14;0;1;1;1
202200029310;761 716;7;0;2;3;15;1
202200029310;761 718;33;0;0;6;1;1
202200029311;761 715;30;0;0;0;1;3
202200029312;761 713;7;5;0;1;1;1
202200029313;761 712;10;0;2;3;1;1
202200029313;761 714;2;0;2;3;1;1
202200029314;761 710;7;0;2;2;1;1
202200029314;761 711;1;0;2;1;15;5
202200029315;761 708;1;0;2;3;0;5
202200029315;761 709;7;0;9;7;1;1
202200029316;761 704;7;0;2;2;17;1
202200029316;761 706;7;0;2;3;10;1
202200029317;761 703;7;0;2;1;17;1
202200029317;761 705;7;0;2;8;1;1
202200029317;761 707;10;0;2;4;1;1
202200029318;761 699;16;0;0;0;15;1
202200029319;761 698;7;0;2;1;2;1
202200029319;761 701;7;0;2;4;1;0
202200029319;761 702;7;0;2;4;1;1
202200029320;761 693;7;0;2;4;1;1
202200029320;761 695;7;0;2;1;1;1
202200029321;761 692;7;13;0;3;1;2
202200029322;761 697;7;0;2;1;9;1
202200029322;761 700;1;0;2;4;9;5
202200029323;761 691;33;0;0;1;17;1
202200029324;761 690;7;0;1;2;0;1
202200029325;761 686;33;0;2;3;1;1
202200029325;761 689;7;0;2;7;1;1
202200029326;761 685;7;0;2;8;15;0
202200029326;761 687;33;0;2;7;17;1
202200029327;761 684;10;14;2;2;19;1
202200029327;761 688;1;14;0;7;19;5
202200029328;761 683;17;4;0;9;1;1
202200029329;761 681;7;0;2;1;2;1
202200029329;761 682;10;0;2;4;2;1
202200029330;761 677;10;0;1;2;1;1
202200029331;761 678;7;0;2;2;15;1
202200029331;761 680;32;0;2;1;1;1
202200029332;761 676;7;0;2;4;2;1
202200029332;761 679;7;0;2;1;2;1
202200029333;761 673;7;0;0;8;21;1
202200029334;761 672;7;0;0;6;2;1
202200029334;761 675;7;0;2;2;2;1
202200029335;761 671;7;0;0;0;0;1
202200029335;761 674;7;0;2;2;26;1
202200029336;761 668;10;0;2;3;2;1
202200029336;761 670;10;0;2;5;2;1
202200029337;761 667;33;0;2;3;18;0
202200029337;761 669;7;0;2;2;16;1
202200029338;761 665;7;0;9;4;1;3
202200029338;761 666;1;0;2;1;1;5
202200029339;761 663;14;8;0;2;1;1
202200029340;761 662;7;0;2;4;2;1
202200029340;761 664;34;0;2;8;3;1
202200029341;761 659;7;13;0;1;1;1
202200029342;761 661;10;0;1;2;15;6
202200029343;761 658;7;0;2;4;2;1
202200029343;761 660;7;0;2;4;0;3
202200029344;761 654;38;0;2;1;1;1
202200029344;761 657;3;0;2;1;5;1
202200029345;761 656;7;4;0;0;1;1
202200029346;761 655;30;0;1;7;19;1
202200029347;761 653;7;0;0;0;0;1
202200029348;761 651;33;0;0;1;1;1
202200029349;761 652;32;0;1;1;1;1
202200029350;761 649;37;0;2;2;15;1
202200029350;761 650;30;0;2;8;1;1
202200029351;761 641;7;0;2;2;15;2
202200029351;761 644;33;0;2;3;1;1
202200029352;761 638;7;0;2;3;23;1
202200029352;761 640;7;0;2;6;23;1
202200029352;761 643;7;0;2;4;23;1
202200029352;761 645;7;0;2;1;1;1
202200029353;761 637;7;0;2;4;2;1
202200029353;761 639;7;0;2;4;2;1
202200029353;761 642;7;0;2;1;2;1
202200029353;761 646;7;0;2;1;2;1
202200029353;761 647;7;0;2;1;2;1
202200029353;761 648;7;0;2;1;2;1
202200029354;761 636;3;0;1;3;15;1
202200029355;761 633;7;0;2;3;13;0
202200029355;761 635;7;0;2;3;1;1
202200029356;761 632;7;0;2;7;12;1
202200029356;761 634;33;0;2;6;3;1
202200029357;761 628;7;2;2;0;1;6
202200029357;761 630;7;0;2;8;1;1
202200029357;761 631;7;0;2;8;1;1
202200029358;761 626;7;0;2;5;1;1
202200029358;761 627;7;0;2;3;0;1
202200029359;761 622;32;0;2;1;12;1
202200029359;761 623;33;0;2;8;1;1
202200029360;761 624;14;0;1;5;4;1
202200029361;761 621;7;0;2;1;1;1
202200029361;761 625;7;0;2;3;23;1
202200029361;761 629;7;0;2;1;9;1
202200029362;761 619;10;0;1;4;4;1
202200029363;761 615;7;0;2;1;1;1
202200029363;761 617;7;0;2;1;1;1
202200029363;761 620;7;0;2;4;1;1
202200029364;761 613;7;0;1;1;1;1
202200029365;761 612;33;0;2;1;17;1
202200029365;761 614;7;0;2;6;1;1
202200029365;761 618;7;0;2;3;1;1
202200029366;761 611;7;0;1;1;1;1
202200029367;761 609;2;0;2;1;1;1
202200029367;761 610;10;0;2;3;2;1
202200029368;761 607;7;1;1;1;24;1
202200029369;761 608;7;0;1;5;4;1
202200029370;761 605;7;6;2;3;1;1
202200029370;761 606;7;0;2;3;14;1
202200029371;761 604;7;0;1;4;4;1
202200029372;761 602;33;0;0;0;0;1
202200029373;761 600;7;4;0;9;14;1
202200029374;761 601;2;0;2;1;1;1
202200029374;761 603;7;0;0;1;15;1
202200029375;761 599;2;0;9;8;1;1
202200029376;761 596;1;15;2;1;1;5
202200029376;761 597;10;0;9;3;1;1
202200029377;761 593;7;0;2;1;15;1
202200029377;761 594;7;0;2;7;1;1
202200029378;761 592;10;1;1;2;1;1
202200029379;761 590;2;5;0;7;26;1
202200029380;761 591;33;0;0;0;0;1
202200029381;761 586;7;0;1;2;1;1
202200029382;761 584;7;13;0;1;16;1
202200029383;761 585;38;0;2;2;17;1
202200029383;761 588;21;2;2;3;14;1
202200029384;761 583;7;0;0;2;26;1
202200029385;761 582;7;4;0;2;0;1
202200029386;761 581;32;0;0;0;1;1
202200029387;761 577;7;0;2;3;13;1
202200029387;761 580;7;0;2;3;1;1
202200029388;761 576;37;0;2;2;7;2
202200029388;761 579;7;14;2;3;10;1
202200029389;761 571;7;0;2;1;17;1
202200029389;761 573;7;0;2;1;1;1
202200029390;761 570;7;0;2;5;2;2
202200029390;761 572;10;0;2;9;2;1
202200029390;761 574;7;3;2;4;2;1
202200029390;761 575;7;0;2;1;1;1
202200029391;761 569;7;4;0;1;13;1
202200029392;761 568;10;6;0;2;15;1
202200029393;761 566;7;0;2;1;1;1
202200029393;761 567;32;0;0;4;1;1
202200029394;761 563;7;0;0;9;1;1
202200029395;761 564;7;0;9;1;1;1
202200029395;761 565;1;0;2;8;19;5
202200029396;761 562;7;2;0;9;14;1
202200029397;761 559;7;4;0;3;1;1
202200029398;761 558;33;0;0;0;17;1
202200029398;761 561;10;0;0;0;17;1
202200029399;761 557;7;0;2;3;15;1
202200029399;761 560;2;0;2;1;17;1
202200029400;761 556;7;8;0;8;1;1
202200029401;761 551;7;0;2;1;1;1
202200029401;761 555;10;0;2;7;1;1
202200029402;761 549;1;0;2;3;1;5
202200029402;761 552;10;0;2;3;1;1
202200029403;761 548;7;0;2;4;23;1
202200029403;761 550;7;0;2;1;2;1
202200029403;761 553;7;0;2;1;2;1
202200029403;761 554;7;0;2;1;2;1
202200029404;761 547;2;0;0;9;1;1
202200029405;761 545;7;0;2;2;4;1
202200029405;761 546;2;0;2;1;1;1
202200029406;761 542;40;0;2;1;1;0
202200029406;761 544;7;0;4;4;23;1
202200029407;761 543;7;2;0;1;1;1
202200029408;761 538;10;0;0;1;0;1
202200029408;761 541;7;0;2;1;26;1
202200029409;761 536;10;0;2;4;1;1
202200029409;761 539;7;0;2;2;1;2
202200029410;761 537;7;0;0;8;1;1
202200029410;761 540;7;0;2;1;1;1
202200029411;761 535;33;3;0;1;0;1
202200029412;761 531;33;6;0;0;1;1
202200029413;761 534;7;0;1;7;9;1
202200029414;761 532;2;0;2;1;1;1
202200029414;761 533;7;0;2;2;16;1
202200029415;761 527;7;0;2;2;15;1
202200029415;761 530;2;0;2;1;1;1
202200029416;761 526;7;0;2;3;13;1
202200029416;761 529;21;0;2;6;1;1
202200029417;761 525;7;0;2;8;1;1
202200029417;761 528;7;0;2;1;1;1
202200029418;761 524;7;0;1;1;15;1
202200029419;761 523;7;2;0;2;1;1
202200029420;761 521;7;1;2;0;0;1
202200029420;761 522;7;0;2;0;0;1
202200029421;761 520;34;0;0;8;0;1
202200029422;761 518;31;8;0;1;26;1
202200029423;761 517;7;13;0;1;1;1
202200029424;761 516;10;0;2;3;19;1
202200029424;761 519;33;0;2;1;1;1
202200029425;761 514;7;8;0;3;1;1
202200029426;761 512;7;0;0;6;15;1
202200029426;761 515;33;0;2;0;17;1
202200029427;761 511;2;0;2;1;1;1
202200029427;761 513;7;0;2;2;1;1
202200029428;761 509;7;6;0;0;15;1
202200029429;761 508;7;0;2;1;2;1
202200029429;761 510;7;0;2;4;2;1
202200029430;761 506;7;0;2;1;1;1
202200029430;761 507;7;0;2;7;15;1
202200029431;761 501;33;0;2;4;21;1
202200029431;761 504;7;0;2;3;1;1
202200029432;761 502;7;0;2;3;13;1
202200029432;761 503;7;0;2;3;1;1
202200029432;761 505;7;0;2;6;2;1
202200029433;761 499;38;0;2;5;26;1
202200029433;761 500;33;0;2;1;2;1
202200029434;761 495;7;0;2;3;1;1
202200029434;761 497;7;0;2;3;17;1
202200029435;761 494;7;0;2;1;2;1
202200029435;761 496;10;0;2;1;2;1
202200029435;761 498;10;0;2;4;1;1
202200029436;761 491;7;0;1;1;21;1
202200029437;761 492;7;0;2;2;17;1
202200029437;761 493;33;0;2;1;1;1
202200029438;761 487;7;0;2;1;2;1
202200029438;761 488;7;0;2;4;2;1
202200029438;761 489;7;0;2;4;2;1
202200029438;761 490;10;0;2;4;2;1
202200029439;761 484;7;0;2;3;15;1
202200029439;761 486;7;0;2;1;2;1
202200029440;761 483;7;4;0;1;1;1
202200029441;761 485;7;8;0;2;14;1