Num_Acc;id_vehicule;catv;obs;obsm;choc;manv;motor
202200029442;761 480;7;0;2;1;15;1
202200029442;761 482;33;0;2;8;1;1
202200029443;761 478;10;0;2;4;2;1
202200029443;761 479;33;0;2;8;3;1
202200029443;761 481;10;0;2;1;21;1
202200029444;761 475;33;0;2;1;2;1
202200029444;761 477;7;0;2;8;10;1
202200029445;761 476;7;0;1;2;9;1
202200029446;761 473;7;0;2;6;2;1
202200029446;761 474;7;0;2;2;1;1
202200029447;761 471;7;0;0;7;16;1
202200029448;761 469;7;0;2;5;12;0
202200029448;761 470;32;0;2;1;1;0
202200029449;761 467;7;12;0;0;1;1
202200029450;761 463;50;0;2;1;25;3
202200029450;761 465;7;1;2;1;26;1
202200029451;761 462;7;0;2;4;2;0
202200029451;761 464;7;0;2;1;2;1
202200029452;761 459;7;-1;2;-1;0;-1
202200029452;761 461;32;0;2;4;2;1
202200029453;761 457;10;0;2;4;23;1
202200029453;761 458;7;1;0;1;1;1
202200029454;761 454;7;0;2;2;16;1
202200029454;761 455;7;0;2;3;1;1
202200029455;761 456;7;0;0;3;20;1
202200029455;761 460;31;0;2;1;1;1
202200029456;761 452;31;0;2;1;1;1
202200029456;761 453;10;0;2;4;1;1
202200029457;761 447;2;0;2;1;1;1
202200029457;761 450;2;0;2;1;5;1
202200029458;761 446;7;0;2;3;13;1
202200029458;761 448;7;0;2;3;1;1
202200029458;761 451;3;0;2;1;1;3
202200029459;761 444;7;0;2;0;0;1
202200029459;761 445;30;0;2;0;0;1
202200029460;761 443;7;4;0;3;21;1
202200029461;761 440;33;6;0;1;14;1
202200029462;761 442;1;0;1;1;17;5
202200029463;761 439;32;0;2;1;1;1
202200029463;761 441;7;0;2;3;1;1
202200029464;761 438;30;14;0;5;1;1
202200029465;761 437;1;0;0;0;21;5
202200029466;761 435;30;0;0;7;21;1
202200029467;761 433;34;0;0;7;16;1
202200029468;761 432;30;0;1;0;1;1
202200029469;761 434;7;8;2;8;15;1
202200029469;761 436;10;0;2;1;1;0
202200029470;761 426;30;0;2;1;18;1
202200029470;761 428;7;0;2;7;15;2
202200029471;761 429;7;0;2;3;10;1
202200029471;761 430;50;0;2;1;1;3
202200029472;761 427;7;0;2;3;1;1
202200029472;761 431;15;3;0;1;1;1
202200029473;761 424;7;0;2;3;10;1
202200029473;761 425;32;0;2;7;1;1
202200029474;761 418;31;0;2;1;1;1
202200029474;761 419;60;0;2;8;19;5
202200029475;761 420;7;0;2;1;14;1
202200029475;761 422;7;5;2;3;13;1
202200029476;761 421;50;0;2;2;1;3
202200029476;761 423;10;0;2;3;22;1
202200029477;761 416;7;0;2;5;14;1
202200029477;761 417;30;0;2;1;1;3
202200029478;761 415;1;0;1;1;16;5
202200029479;761 411;1;0;2;1;1;5
202200029479;761 412;7;0;2;8;22;2
202200029480;761 410;1;0;2;2;17;5
202200029480;761 413;1;0;2;8;1;5
202200029481;761 407;30;0;2;2;5;3
202200029481;761 408;7;0;2;3;1;1
202200029482;761 406;17;0;0;4;2;1
202200029482;761 409;10;3;2;1;2;1
202200029483;761 403;80;0;2;1;1;3
202200029483;761 405;7;0;2;8;1;1
202200029484;761 402;7;0;2;2;9;1
202200029484;761 404;33;0;2;1;21;1
202200029485;761 400;7;0;2;3;13;1
202200029485;761 401;13;0;2;3;1;1
202200029486;761 397;2;0;2;4;0;1
202200029486;761 398;10;0;2;3;0;1
202200029487;761 396;1;0;2;8;1;5
202200029487;761 399;33;0;2;1;1;1
202200029488;761 393;30;0;0;8;15;1
202200029489;761 392;7;0;2;8;24;1
202200029489;761 394;30;1;0;7;21;1
202200029490;761 391;7;0;2;3;1;1
202200029490;761 395;33;0;2;1;1;1
202200029491;761 389;33;0;2;1;1;1
202200029491;761 390;10;0;2;3;15;1
202200029492;761 388;7;8;0;1;0;1
202200029493;761 386;15;0;2;3;13;1
202200029493;761 387;7;3;2;9;17;1
202200029494;761 385;10;9;0;1;2;0
202200029495;761 383;7;0;2;0;26;1
202200029495;761 384;7;0;2;4;0;1
202200029496;761 380;7;0;2;5;1;1
202200029496;761 382;2;0;2;1;1;1
202200029497;761 378;37;0;2;2;14;2
202200029497;761 381;1;0;0;4;2;5
202200029498;761 373;10;0;2;7;16;1
202200029498;761 375;31;0;2;7;16;3
202200029499;761 374;50;0;2;0;5;3
202200029499;761 376;7;0;2;0;0;1
202200029500;761 368;7;0;9;1;21;1
202200029500;761 369;7;0;2;8;0;1
202200029500;761 371;7;0;2;4;23;1
202200029501;761 367;10;0;1;1;2;1
202200029502;761 370;7;0;2;2;10;1
202200029502;761 372;33;0;2;1;1;1
202200029503;761 363;60;0;2;7;12;5
202200029503;761 366;7;0;2;8;9;2
202200029504;761 362;7;0;2;3;13;1
202200029504;761 365;37;0;2;3;1;1
202200029505;761 361;80;1;0;1;1;3
202200029505;761 364;10;0;0;6;24;1
202200029506;761 359;7;1;0;2;1;1
202200029507;761 357;7;0;2;5;2;2
202200029507;761 360;30;0;2;1;2;1
202200029508;761 356;7;0;2;3;1;1
202200029508;761 358;7;0;2;3;13;2
202200029509;761 355;1;0;1;1;1;5
202200029510;761 354;7;1;1;2;0;1
202200029511;761 348;7;0;2;1;0;1
202200029511;761 351;7;0;2;4;20;1
202200029512;761 347;30;0;2;1;1;1
202200029512;761 349;7;0;2;6;0;1
202200029512;761 352;7;0;2;0;0;1
202200029513;761 350;1;0;2;4;2;5
202200029513;761 353;7;0;2;1;9;1
202200029514;761 345;7;0;0;2;1;1
202200029515;761 343;7;0;2;2;9;0
202200029515;761 346;99;0;2;1;25;0
202200029516;761 342;50;0;2;1;1;3
202200029516;761 344;1;0;2;7;19;5
202200029517;761 340;15;0;1;3;1;1
202200029518;761 338;33;12;0;1;1;1
202200029518;761 341;7;0;2;3;9;1
202200029519;761 339;7;0;1;1;1;1
202200029520;761 336;7;0;2;7;9;1
202200029520;761 337;2;0;2;1;1;1
202200029521;761 335;7;0;1;2;1;1
202200029522;761 333;7;0;2;1;9;1
202200029522;761 334;15;0;0;5;1;1
202200029523;761 330;7;0;2;2;1;1
202200029523;761 332;7;0;2;3;16;1
202200029524;761 329;7;0;2;3;16;1
202200029524;761 331;2;0;2;1;1;1
202200029525;761 325;2;0;2;7;15;1
202200029525;761 327;14;0;2;2;1;1
202200029526;761 324;33;0;2;8;18;1
202200029526;761 326;7;0;2;7;14;1
202200029527;761 323;7;2;0;3;14;1
202200029528;761 320;33;0;2;3;10;1
202200029528;761 322;33;0;2;1;1;1
202200029529;761 319;32;0;2;1;9;1
202200029529;761 321;7;0;0;6;9;3
202200029530;761 318;7;17;0;2;1;1
202200029531;761 315;7;0;2;2;9;1
202200029531;761 317;2;0;0;8;1;1
202200029532;761 314;33;8;0;8;1;1
202200029533;761 313;30;0;2;1;26;1
202200029533;761 316;7;0;2;8;19;1
202200029534;761 312;2;16;0;0;26;1
202200029535;761 308;7;0;2;4;0;1
202200029535;761 311;2;0;2;1;1;1
202200029536;761 307;2;0;2;8;15;1
202200029536;761 310;7;0;2;7;17;1
202200029537;761 306;7;0;2;1;5;1
202200029537;761 309;33;0;2;8;0;1
202200029538;761 303;7;13;0;0;0;1
202200029539;761 302;2;0;2;1;1;1
202200029539;761 305;7;0;2;2;1;1
202200029540;761 301;7;0;0;2;1;1
202200029540;761 304;2;0;2;1;1;1
202200029541;761 298;7;0;9;1;1;1
202200029541;761 300;80;0;2;2;15;3
202200029542;761 296;17;0;2;6;1;1
202200029542;761 299;7;0;2;2;17;1
202200029543;761 295;10;0;0;3;26;1
202200029543;761 297;7;0;0;1;1;1
202200029544;761 293;7;0;2;8;1;1
202200029544;761 294;33;0;2;3;1;1
202200029545;761 292;7;4;0;0;1;1
202200029546;761 287;33;0;2;1;13;1
202200029546;761 289;7;0;2;1;1;1
202200029547;761 291;10;2;0;1;1;1
202200029548;761 284;10;0;2;1;2;1
202200029548;761 285;10;0;2;4;23;1
202200029548;761 286;7;0;2;4;23;3
202200029549;761 279;10;0;2;1;1;1
202200029549;761 280;10;0;2;4;1;1
202200029549;761 282;7;0;2;4;1;1
202200029550;761 281;2;15;0;0;18;1
202200029551;761 278;2;0;0;1;17;1
202200029551;761 283;7;0;0;1;1;1
202200029552;761 276;7;0;2;5;2;1
202200029552;761 277;34;0;2;1;2;1
202200029553;761 275;7;13;0;0;0;1
202200029554;761 272;7;0;2;4;2;1
202200029554;761 274;10;0;2;1;1;1
202200029555;761 271;7;0;2;3;1;1
202200029555;761 273;7;0;2;1;13;1
202200029556;761 269;10;0;0;0;1;1
202200029556;761 270;31;0;9;1;3;3
202200029557;761 268;7;15;0;3;1;1
202200029558;761 265;7;0;2;6;1;1
202200029558;761 266;7;0;2;2;1;2
202200029559;761 263;7;0;2;3;13;2
202200029559;761 264;7;0;2;2;13;1
202200029560;761 262;7;15;0;1;1;1
202200029561;761 261;15;9;0;2;6;1
202200029562;761 259;31;0;0;1;1;1
202200029563;761 260;7;4;0;1;14;1
202200029564;761 255;33;0;2;1;1;1
202200029564;761 257;7;0;2;1;1;1
202200029565;761 253;7;0;2;1;9;1
202200029565;761 256;2;0;2;7;12;1
202200029566;761 250;7;0;2;1;21;1
202200029566;761 252;7;0;2;3;16;1
202200029567;761 249;7;0;2;8;1;1
202200029567;761 251;2;0;2;7;17;1
202200029568;761 254;7;0;0;3;0;1
202200029568;761 258;7;0;2;3;0;1
202200029569;761 246;50;0;2;7;19;3
202200029569;761 247;7;0;2;7;26;0
202200029570;761 245;2;0;0;7;1;1
202200029570;761 248;33;0;0;0;26;1
202200029571;761 242;7;0;0;2;0;1
202200029572;761 241;7;0;2;3;1;1
202200029572;761 244;7;0;2;3;1;1
202200029573;761 240;7;0;2;1;1;1
202200029573;761 243;7;0;2;7;19;1
202200029574;761 239;33;2;0;1;1;1
202200029575;761 237;30;0;0;8;1;1
202200029576;761 235;14;0;2;2;21;1
202200029576;761 238;1;0;2;4;13;5
202200029577;761 234;2;0;2;1;13;1
202200029577;761 236;7;0;2;2;1;1
202200029578;761 231;7;0;2;1;2;2
202200029578;761 233;14;0;2;6;16;1
202200029579;761 230;1;0;2;7;16;5
202200029579;761 232;10;0;9;3;26;1
202200029580;761 226;7;0;2;3;1;1
202200029580;761 229;7;13;2;1;5;1
202200029581;761 224;7;0;2;3;0;1
202200029581;761 227;33;0;2;8;13;1
202200029581;761 228;10;0;2;5;13;1
202200029582;761 223;50;0;2;1;5;3
202200029582;761 225;1;0;2;1;1;5
202200029583;761 221;7;0;1;1;1;1
202200029584;761 222;7;2;0;2;1;1
202200029585;761 219;7;0;2;3;1;1
202200029585;761 220;33;0;2;3;1;1
202200029586;761 218;2;13;0;8;26;1
202200029587;761 217;37;0;1;0;26;2
202200029588;761 214;7;0;1;3;1;1
202200029589;761 213;33;12;0;0;1;1
202200029590;761 212;7;15;2;1;14;1
202200029591;761 210;1;0;1;1;21;5
202200029592;761 211;7;6;0;1;14;1
202200029593;761 206;7;0;2;3;13;1
202200029593;761 208;7;0;2;6;14;1
202200029593;761 209;10;0;2;2;17;1
202200029594;761 205;7;0;2;1;1;1
202200029594;761 207;7;0;2;1;1;1
202200029595;761 202;7;0;2;7;1;1
202200029595;761 204;7;0;2;3;15;1
202200029596;761 199;7;0;2;5;1;1
202200029596;761 200;7;0;2;1;1;1
202200029597;761 197;7;0;2;3;1;1
202200029597;761 201;7;0;2;2;1;1
202200029598;761 198;10;0;2;1;1;1
202200029598;761 203;10;0;2;5;19;1
202200029599;761 195;33;2;0;0;0;1
202200029600;761 194;7;0;2;2;1;1
202200029600;761 196;33;0;2;4;3;1
202200029601;761 193;0;0;1;0;1;0
202200029602;761 191;7;0;2;3;1;1
202200029602;761 192;7;0;2;3;1;1
202200029603;761 188;7;0;2;2;1;1
202200029603;761 190;7;0;2;1;16;1
202200029604;761 189;7;2;0;3;1;1
202200029605;761 187;31;0;0;0;1;0
202200029606;761 186;7;0;1;1;9;1
202200029607;761 183;7;0;2;2;13;1
202200029607;761 184;7;2;2;6;13;1
202200029608;761 181;2;0;2;3;13;1
202200029608;761 182;7;0;2;7;1;1
202200029609;761 178;7;0;2;1;13;1
202200029609;761 179;7;0;2;9;1;1
202200029610;761 180;10;0;2;3;1;1
202200029610;761 185;7;0;2;3;13;1
202200029611;761 175;2;0;2;1;5;1
202200029611;761 177;7;0;2;2;1;1
202200029612;761 174;7;0;2;1;1;1
202200029612;761 176;2;0;2;1;13;1
202200029613;761 171;2;0;2;1;5;1
202200029613;761 173;7;0;2;1;1;1
202200029614;761 169;7;0;2;8;1;1
202200029614;761 172;7;0;2;3;13;1
202200029615;761 166;7;3;2;3;5;1
202200029615;761 168;7;0;2;3;21;1
202200029616;761 167;7;9;0;1;13;1
202200029617;761 165;7;0;2;3;21;1
202200029617;761 170;7;0;2;3;5;1
202200029618;761 162;7;0;2;2;11;1
202200029618;761 164;7;0;2;1;1;1
202200029619;761 161;2;0;2;1;1;1
202200029619;761 163;7;0;2;1;15;1
202200029620;761 158;7;13;2;9;17;0
202200029621;761 157;50;0;4;1;1;3
202200029621;761 159;40;0;9;3;1;3
202200029622;761 156;7;0;9;3;15;1
202200029622;761 160;33;0;2;3;1;1
202200029623;761 155;7;0;0;1;1;1
202200029624;761 153;1;0;2;2;1;5
202200029624;761 154;7;0;2;3;9;1
202200029625;761 151;7;13;0;1;1;1
202200029626;761 149;17;0;0;6;1;1
202200029626;761 152;7;0;2;2;0;1
202200029627;761 148;7;0;2;3;0;1
202200029627;761 150;30;0;2;1;0;1
202200029628;761 146;14;1;0;2;1;1
202200029628;761 147;10;0;0;6;9;1
202200029629;761 143;7;8;0;4;13;1
202200029630;761 140;7;0;1;1;1;1
202200029631;761 141;7;3;2;2;12;1
202200029631;761 144;7;4;0;0;0;1
202200029632;761 142;80;0;2;8;15;3
202200029632;761 145;7;0;2;3;1;1
202200029633;761 138;7;4;0;3;2;1
202200029634;761 137;10;0;2;1;2;1
202200029634;761 139;7;0;2;4;2;3
202200029635;761 133;1;0;2;2;19;5
202200029635;761 136;7;0;2;8;1;1
202200029636;761 134;7;17;0;3;1;1
202200029637;761 132;31;0;2;1;1;1
202200029637;761 135;7;0;2;2;15;1
202200029638;761 131;2;0;0;0;1;1
202200029639;761 126;7;0;0;3;1;1
202200029639;761 128;7;0;2;2;2;1
202200029639;761 130;7;0;2;1;2;1
202200029640;761 124;7;0;2;1;0;1
202200029640;761 127;32;0;2;1;15;1
202200029641;761 125;38;0;2;3;1;1
202200029641;761 129;10;0;2;3;21;1
202200029642;761 122;7;0;0;3;1;1
202200029642;761 123;1;0;0;1;1;5
202200029643;761 120;7;0;9;1;26;1
202200029643;761 121;30;0;2;4;26;1
202200029644;761 117;7;0;2;0;26;1
202200029644;761 119;1;0;2;0;9;5
202200029645;761 118;7;0;1;1;1;1
202200029646;761 116;7;0;1;3;17;1
202200029647;761 114;7;0;2;1;1;1
202200029647;761 115;7;0;2;1;13;1
202200029648;761 113;7;0;0;9;0;1
202200029649;761 112;7;8;0;0;0;1
202200029650;761 111;7;13;0;9;17;1
202200029651;761 108;7;0;2;3;15;1
202200029651;761 110;32;0;2;2;1;1
202200029652;761 106;7;0;2;1;0;1
202200029652;761 107;7;0;2;1;0;1
202200029653;761 105;2;0;0;4;15;1
202200029653;761 109;7;0;2;2;17;1
202200029654;761 102;7;0;2;1;5;1
202200029654;761 103;7;0;2;1;1;1
202200029655;761 101;7;0;2;6;19;1
202200029655;761 104;37;0;2;3;1;1
202200029656;761 099;7;0;2;1;1;1
202200029656;761 100;1;0;0;4;1;5
202200029657;761 096;40;0;2;2;1;0
202200029657;761 097;7;0;4;3;0;1
202200029658;761 094;7;0;2;3;15;1
202200029658;761 095;7;0;2;3;1;1
202200029658;761 098;7;0;2;1;23;1
202200029659;761 091;7;0;2;3;1;1
202200029659;761 093;7;0;2;3;1;1
202200029660;761 089;7;0;2;5;19;1
202200029660;761 090;33;0;2;1;1;1
202200029661;761 086;10;0;2;3;13;1
202200029661;761 087;33;0;2;3;1;1
202200029662;761 088;7;0;2;1;1;1
202200029662;761 092;2;2;0;4;1;1
202200029663;761 082;7;0;2;3;1;1
202200029663;761 084;7;0;2;3;1;1
202200029664;761 083;7;0;2;1;2;1
202200029664;761 085;7;0;2;4;2;1
202200029665;761 081;7;1;0;2;1;1
202200029666;761 079;7;0;2;2;1;1
202200029666;761 080;10;0;2;3;26;1
202200029667;761 077;36;2;0;1;13;1
202200029668;761 074;7;9;0;0;1;1
202200029669;761 073;33;0;2;9;1;1
202200029669;761 075;7;0;2;2;15;1
202200029670;761 076;2;0;2;2;15;1
202200029670;761 078;7;0;2;3;26;1
202200029671;761 071;7;0;1;3;1;1
202200029672;761 068;7;0;9;2;9;3
202200029672;761 070;80;0;2;7;1;3
202200029673;761 063;7;0;2;1;5;1
202200029673;761 066;7;0;2;1;1;0
202200029674;761 065;7;0;2;0;17;3
202200029674;761 067;60;0;2;0;1;5
202200029675;761 064;10;0;2;1;1;1
202200029675;761 069;7;0;2;1;13;1
202200029676;761 062;7;2;0;1;0;1
202200029677;761 060;7;10;0;1;1;1
202200029678;761 061;7;1;0;9;14;1
202200029679;761 057;1;0;2;8;2;5
202200029679;761 058;10;0;2;2;17;1
202200029680;761 056;7;0;1;4;20;2
202200029681;761 053;1;0;2;1;0;5
202200029681;761 054;7;0;2;3;0;1
202200029682;761 055;10;0;2;2;1;1
202200029682;761 059;30;0;2;1;19;1
202200029683;761 052;1;0;1;1;1;5
202200029684;761 051;7;2;0;1;13;1
202200029685;761 048;10;0;2;1;1;1
202200029685;761 049;33;0;2;1;13;1
202200029686;761 047;10;0;2;6;1;0
202200029686;761 050;1;0;2;1;1;5
202200029687;761 044;43;0;2;1;13;1
202200029687;761 045;7;0;2;2;1;1
202200029688;761 046;7;0;1;1;1;1
202200029689;761 043;15;3;0;3;13;1
202200029690;761 041;10;0;2;0;1;1
202200029690;761 042;7;0;0;8;15;1
202200029691;761 038;7;0;2;3;2;1
202200029691;761 039;2;0;2;1;15;1
202200029692;761 037;10;9;0;0;2;1
202200029693;761 035;2;0;0;0;1;1
202200029694;761 036;7;0;2;2;1;1
202200029694;761 040;7;0;2;7;19;1
202200029695;761 033;7;0;0;6;1;1
202200029695;761 034;33;0;2;1;0;1
202200029696;761 027;7;0;2;4;1;1
202200029696;761 028;7;0;2;4;1;1
202200029696;761 030;7;0;2;1;1;1
202200029697;761 029;1;1;9;1;1;5
202200029697;761 031;7;0;2;8;24;1
202200029698;761 025;10;0;2;3;19;1
202200029698;761 026;1;0;2;7;1;5
202200029699;761 023;7;0;2;3;1;3
202200029699;761 024;31;0;2;3;17;1
202200029700;761 021;2;0;2;2;1;1
202200029700;761 022;7;0;2;6;9;1
202200029701;761 020;7;0;0;0;1;1
202200029702;761 018;7;0;2;2;1;1
202200029702;761 019;7;0;2;3;19;1
202200029703;761 015;10;0;2;8;1;1
202200029703;761 016;7;0;2;2;1;1
202200029703;761 017;33;0;2;8;18;1
202200029704;761 012;14;0;2;2;1;1
202200029704;761 013;7;0;2;6;11;1
202200029705;761 009;7;0;2;2;12;1
202200029705;761 010;7;0;2;4;2;1
202200029705;761 011;31;0;2;8;2;1
202200029706;761 008;31;0;0;5;1;1
202200029707;761 006;7;0;2;3;26;1
202200029707;761 007;7;6;2;0;26;0
202200029708;761 003;2;0;2;1;1;1
202200029708;761 004;2;0;2;0;0;1
202200029709;761 001;30;0;2;1;26;1
202200029709;761 002;7;0;2;7;1;1
202200029710;760 999;2;0;2;1;1;1
202200029710;761 000;7;0;2;5;15;1
202200029711;760 997;2;14;2;1;17;1
202200029711;760 998;7;0;2;6;2;1
202200029712;760 996;30;12;0;1;9;2
202200029713;760 994;7;13;0;1;14;1
202200029714;760 993;7;0;2;1;1;1
202200029714;760 995;2;0;2;0;0;3
202200029715;760 989;7;14;2;3;9;1
202200029715;760 990;2;14;2;1;9;1
202200029715;760 991;7;0;2;6;9;1
202200029716;760 988;7;0;2;3;15;1
202200029716;760 992;33;0;2;1;1;1
202200029717;760 987;7;0;1;3;2;1
202200029718;760 984;7;0;2;2;0;1
202200029718;760 986;2;0;2;7;13;1
202200029719;760 983;31;0;2;1;26;1
202200029719;760 985;7;0;2;2;15;1
202200029720;760 981;1;0;2;1;9;5
202200029720;760 982;7;0;2;3;1;1
202200029721;760 980;0;0;1;1;26;0
202200029722;760 978;1;0;2;1;1;5
202200029722;760 979;7;0;2;2;15;1
202200029723;760 977;7;13;0;6;11;1
202200029724;760 976;7;0;1;1;1;1
202200029725;760 975;36;0;0;1;1;1
202200029726;760 973;33;0;0;0;1;1
202200029727;760 972;10;0;2;4;23;1
202200029727;760 974;7;1;0;1;2;1
202200029728;760 969;7;0;2;1;17;0
202200029728;760 970;7;0;2;3;10;1
202200029729;760 968;7;0;2;1;23;1
202200029729;760 971;7;4;2;3;26;1
202200029730;760 964;7;0;2;2;15;1
202200029730;760 966;2;0;2;1;1;1
202200029731;760 965;7;0;2;2;1;1
202200029731;760 967;7;0;2;2;1;1
202200029732;760 961;1;0;2;1;5;5
202200029732;760 963;7;0;9;2;16;1
202200029733;760 960;7;0;2;3;15;1
202200029733;760 962;30;0;2;1;1;1
202200029734;760 958;7;0;0;5;24;1
202200029734;760 959;7;0;1;2;1;1
202200029735;760 957;7;3;0;1;0;3
202200029736;760 956;7;1;2;2;14;1
202200029737;760 954;7;0;2;6;15;1
202200029737;760 955;1;0;2;1;17;5
202200029738;760 953;7;8;0;1;26;1
202200029739;760 950;7;0;2;8;15;1
202200029739;760 952;2;0;2;0;0;1
202200029740;760 949;7;0;2;0;0;1
202200029740;760 951;7;0;2;0;26;1
202200029741;760 948;30;0;1;1;17;1
202200029742;760 947;13;0;1;5;4;1
202200029743;760 946;0;2;0;1;13;0
202200029744;760 945;32;1;0;1;1;1
202200029745;760 942;30;0;2;1;1;1
202200029745;760 944;7;0;2;1;15;1
202200029746;760 940;7;0;2;1;1;1
202200029746;760 941;7;0;2;3;1;1
202200029746;760 943;7;0;2;0;0;0
202200029747;760 936;7;0;2;2;15;1
202200029747;760 939;50;0;2;1;25;3
202200029748;760 935;7;0;1;3;1;1
202200029749;760 934;38;0;1;1;15;6
202200029750;760 931;7;0;2;1;1;1
202200029750;760 933;30;0;2;8;1;1
202200029751;760 930;7;1;2;9;1;1
202200029751;760 932;7;0;2;1;1;1
202200029752;760 927;7;7;0;1;14;1
202200029753;760 928;7;0;2;4;23;1
202200029753;760 929;7;0;2;1;1;1
202200029754;760 924;32;12;2;3;1;1
202200029754;760 925;7;0;2;6;11;1
202200029755;760 923;7;0;2;4;23;1
202200029755;760 926;7;0;2;1;17;1
202200029756;760 921;7;13;0;1;1;1
202200029757;760 920;7;0;2;4;20;1
202200029757;760 922;50;0;2;1;1;3
202200029758;760 918;7;0;2;1;1;3
202200029758;760 919;1;0;2;7;1;5
202200029759;760 917;33;0;0;0;1;1
202200029760;760 916;7;0;1;2;1;1
202200029761;760 914;33;0;2;7;1;1
202200029761;760 915;7;0;2;2;9;1
202200029762;760 912;99;0;2;0;0;0
202200029762;760 913;7;0;2;8;15;1
202200029763;760 910;7;0;2;4;23;1
202200029763;760 911;7;0;2;1;2;1
202200029764;760 908;7;0;2;7;1;1
202200029764;760 909;10;0;2;3;1;1
202200029765;760 906;17;0;2;8;1;1
202200029765;760 907;7;3;2;1;13;1
202200029766;760 901;1;0;2;7;1;5
202200029766;760 902;7;0;2;3;9;1
202200029767;760 900;7;0;1;1;26;1
202200029768;760 898;33;0;2;5;26;1
202200029768;760 899;7;0;2;5;13;1
202200029769;760 897;7;0;1;1;19;0
202200029770;760 896;7;0;1;1;26;1
202200029771;760 895;7;0;1;1;2;1
202200029772;760 894;7;9;0;2;1;1
202200029773;760 890;17;0;2;1;1;1
202200029773;760 891;7;0;2;4;1;1
202200029773;760 892;7;0;2;4;1;1
202200029773;760 893;7;0;2;4;1;1
202200029774;760 888;7;0;2;6;1;1
202200029774;760 889;7;0;2;2;17;1
202200029775;760 886;31;0;2;2;1;1
202200029775;760 887;7;0;2;3;9;1
202200029776;760 884;33;0;2;2;0;1
202200029776;760 885;7;0;2;3;15;1
202200029777;760 882;1;0;2;8;15;0
202200029777;760 883;7;0;2;0;0;1
202200029778;760 880;7;0;2;1;1;1
202200029778;760 881;7;0;2;4;0;1
202200029779;760 878;10;0;2;1;2;1
202200029779;760 879;10;0;2;4;2;1
202200029780;760 876;1;0;2;4;1;5
202200029780;760 877;10;0;2;1;1;1
202200029781;760 874;7;0;2;1;19;1
202200029781;760 875;7;0;2;8;1;1
202200029782;760 872;2;0;2;1;1;1
202200029782;760 873;7;0;2;2;15;1
202200029783;760 871;7;8;0;1;13;1
202200029784;760 870;7;0;1;1;1;1
202200029785;760 869;7;0;0;1;17;3
202200029786;760 867;7;0;0;0;0;1
202200029786;760 868;7;0;0;0;0;0
202200029787;760 866;34;14;0;1;1;1
202200029788;760 865;7;14;0;1;14;1
202200029789;760 864;33;0;0;8;1;1
202200029790;760 863;50;16;0;0;21;3
202200029791;760 861;7;0;2;1;13;1
202200029791;760 862;15;0;2;3;0;1
202200029792;760 860;10;0;1;3;1;1
202200029793;760 859;10;1;1;1;1;1
202200029794;760 856;7;0;2;4;2;1
202200029794;760 857;7;0;2;1;2;1
202200029794;760 858;7;0;2;0;0;1
202200029795;760 854;30;12;2;2;1;1
202200029795;760 855;7;0;2;1;1;1
202200029796;760 852;1;0;2;1;1;5
202200029796;760 853;7;0;2;1;15;1
202200029797;760 851;7;0;1;1;15;1
202200029798;760 849;7;0;2;1;1;1
202200029798;760 850;7;0;5;1;1;1
202200029799;760 847;37;0;2;7;1;1
202200029799;760 848;1;0;2;1;9;5
202200029800;760 845;10;0;2;1;1;1
202200029800;760 846;33;0;2;0;0;1
202200029801;760 843;10;9;4;3;15;1
202200029801;760 844;40;0;2;1;1;3
202200029802;760 842;7;0;1;1;1;1
202200029803;760 840;7;0;2;2;15;1
202200029803;760 841;33;0;2;1;1;1
202200029804;760 839;7;0;1;2;26;1
202200029805;760 837;7;0;1;2;15;1
202200029806;760 835;31;0;2;1;2;1
202200029806;760 836;7;0;2;3;10;1
202200029807;760 831;10;0;2;1;14;1
202200029807;760 832;7;0;2;1;12;1
202200029807;760 833;7;0;2;4;1;1
202200029807;760 834;17;0;2;4;23;0
202200029808;760 829;7;0;2;3;2;1
202200029808;760 830;32;0;2;7;17;1
202200029809;760 827;10;0;2;8;15;1
202200029809;760 828;7;0;2;1;0;1
202200029810;760 825;99;0;2;8;19;0
202200029810;760 826;7;0;2;1;1;1
202200029811;760 824;32;0;1;1;26;0
202200029812;760 822;30;0;2;1;23;1
202200029812;760 823;32;0;2;4;2;1
202200029813;760 820;7;0;2;1;17;1
202200029813;760 821;32;0;2;1;17;1
202200029814;760 818;7;0;9;7;1;2
202200029814;760 819;1;0;2;8;13;5
202200029815;760 816;7;0;1;3;1;1
202200029816;760 815;33;0;1;1;25;1
202200029817;760 813;32;0;2;1;1;1
202200029817;760 814;7;0;2;8;10;1
202200029818;760 812;32;0;0;1;13;1
202200029819;760 810;1;0;2;4;14;5
202200029819;760 811;1;0;2;1;18;5
202200029820;760 808;30;0;2;0;1;1
202200029820;760 809;7;0;2;0;26;0
202200029821;760 806;32;0;2;3;1;1
202200029821;760 807;7;0;2;6;23;1
202200029822;760 804;80;0;2;1;1;3
202200029822;760 805;10;0;2;2;16;6
202200029823;760 802;50;0;2;2;18;3
202200029823;760 803;1;0;2;1;14;5
202200029824;760 801;7;0;1;3;15;1
202200029825;760 799;80;0;2;1;1;3
202200029825;760 800;80;0;2;1;13;3
202200029826;760 797;33;0;2;1;1;1
202200029826;760 798;7;0;2;4;1;1
202200029827;760 795;7;0;2;3;15;2
202200029827;760 796;30;0;2;1;17;3
202200029828;760 794;1;0;1;1;1;5
202200029829;760 791;7;0;2;1;2;1
202200029829;760 792;7;0;2;4;2;1
202200029829;760 793;7;0;2;1;2;1
202200029830;760 789;32;0;2;8;2;0
202200029830;760 790;7;0;2;7;15;1
202200029831;760 788;7;0;1;2;1;2
202200029832;760 786;7;0;2;3;1;1
202200029832;760 787;50;0;2;1;19;3