Num_Acc;id_vehicule;catv;obs;obsm;choc;manv;motor
202200029833;760 784;10;0;2;7;2;1
202200029833;760 785;60;0;2;0;19;5
202200029834;760 783;2;0;1;1;1;1
202200029835;760 782;33;14;0;2;14;1
202200029836;760 780;7;0;2;1;6;6
202200029836;760 781;7;0;2;5;1;0
202200029837;760 779;31;0;0;3;1;1
202200029838;760 777;7;0;2;8;9;1
202200029838;760 778;14;0;2;1;0;1
202200029839;760 776;7;0;1;1;1;1
202200029840;760 775;1;0;1;1;5;5
202200029841;760 773;33;0;2;1;1;1
202200029841;760 774;10;0;2;2;15;1
202200029842;760 771;2;0;2;0;1;1
202200029842;760 772;7;0;2;8;10;1
202200029843;760 768;7;1;0;2;1;1
202200029843;760 769;1;0;0;4;23;5
202200029843;760 770;7;0;0;8;23;1
202200029844;760 767;7;0;1;2;1;1
202200029845;760 765;32;0;2;8;1;1
202200029845;760 766;7;0;2;8;13;1
202200029846;760 763;7;0;2;1;0;1
202200029846;760 764;7;0;2;1;1;1
202200029847;760 762;2;0;0;0;9;3
202200029848;760 761;17;0;1;2;11;1
202200029849;760 759;7;0;2;1;13;1
202200029849;760 760;7;0;2;1;1;1
202200029850;760 758;7;13;0;3;13;1
202200029851;760 756;38;0;2;8;9;1
202200029851;760 757;33;0;2;8;0;1
202200029852;760 754;7;3;0;3;19;1
202200029852;760 755;7;0;0;1;21;1
202200029853;760 752;7;0;2;1;1;1
202200029853;760 753;10;0;0;4;2;1
202200029854;760 751;7;2;0;1;1;1
202200029855;760 749;7;0;2;2;1;1
202200029855;760 750;2;0;2;8;15;1
202200029856;760 748;7;13;0;3;17;1
202200029857;760 747;30;0;9;0;1;1
202200029858;760 745;10;0;2;8;15;1
202200029858;760 746;7;0;2;3;1;2
202200029859;760 744;7;0;1;2;1;1
202200029860;760 743;10;0;1;2;1;1
202200029861;760 741;7;0;2;2;1;1
202200029861;760 742;7;0;2;8;19;1
202200029862;760 739;7;0;0;3;15;1
202200029862;760 740;2;0;2;2;17;1
202200029863;760 738;7;0;1;1;1;1
202200029864;760 736;7;13;2;7;14;1
202200029864;760 737;7;0;2;1;1;1
202200029865;760 735;7;2;0;1;1;1
202200029866;760 734;7;0;1;-1;4;1
202200029867;760 732;7;0;0;3;0;1
202200029868;760 730;10;0;2;6;1;1
202200029868;760 731;2;0;2;2;5;1
202200029869;760 727;10;0;2;1;1;1
202200029869;760 728;10;0;0;4;1;1
202200029869;760 729;10;0;0;4;1;6
202200029870;760 725;7;0;2;1;1;1
202200029870;760 726;7;0;2;1;1;1
202200029871;760 722;7;0;2;3;19;1
202200029871;760 723;33;0;2;8;1;1
202200029872;760 721;7;2;0;1;14;1
202200029873;760 720;7;2;0;1;1;1
202200029874;760 719;7;13;0;1;1;1
202200029875;760 716;2;0;2;1;1;1
202200029875;760 717;7;0;2;2;15;1
202200029876;760 714;7;0;2;3;5;1
202200029876;760 715;7;0;2;3;1;1
202200029877;760 712;33;0;0;1;1;1
202200029877;760 713;7;0;0;0;11;1
202200029878;760 711;36;0;0;0;1;1
202200029879;760 710;33;0;0;9;0;1
202200029880;760 709;7;8;0;2;1;1
202200029881;760 708;33;0;6;1;1;1
202200029882;760 707;2;13;0;1;1;1
202200029883;760 705;7;0;2;3;2;1
202200029883;760 706;31;0;0;4;2;1
202200029884;760 704;31;8;0;1;1;1
202200029885;760 702;10;0;2;3;13;1
202200029885;760 703;17;0;2;8;1;1
202200029886;760 701;33;0;0;0;1;1
202200029887;760 700;7;0;1;3;26;1
202200029888;760 698;7;0;2;1;1;1
202200029888;760 699;7;0;2;4;1;1
202200029889;760 694;7;0;2;1;2;1
202200029889;760 695;7;0;2;1;2;1
202200029889;760 696;7;0;2;2;2;1
202200029889;760 697;7;0;2;1;2;1
202200029890;760 692;7;0;2;3;9;0
202200029890;760 693;7;0;2;5;23;1
202200029891;760 691;7;0;0;1;0;1
202200029892;760 688;7;0;2;1;2;1
202200029892;760 689;7;0;2;4;2;1
202200029892;760 690;7;0;2;4;1;1
202200029893;760 685;10;0;2;2;1;1
202200029893;760 686;7;0;2;8;1;1
202200029893;760 687;31;0;2;7;17;3
202200029894;760 683;7;0;2;2;2;1
202200029894;760 684;7;4;2;4;2;1
202200029895;760 681;7;0;2;3;11;1
202200029895;760 682;33;0;2;5;3;1
202200029896;760 679;7;0;2;4;2;1
202200029896;760 680;7;0;2;1;2;1
202200029897;760 677;7;0;2;7;12;1
202200029897;760 678;14;0;2;6;1;1
202200029898;760 675;14;0;2;7;12;1
202200029898;760 676;7;0;2;8;1;1
202200029899;760 672;7;0;2;0;0;1
202200029899;760 673;7;0;2;0;1;1
202200029899;760 674;7;0;2;9;2;1
202200029900;760 670;33;0;2;1;1;1
202200029900;760 671;7;0;2;3;11;1
202200029901;760 667;10;0;2;1;1;1
202200029901;760 668;7;0;2;4;1;1
202200029901;760 669;7;0;2;4;1;1
202200029902;760 665;43;0;2;1;1;1
202200029902;760 666;7;0;2;6;11;1
202200029903;760 659;7;0;2;1;2;1
202200029903;760 660;7;0;2;4;2;1
202200029903;760 661;7;0;2;4;2;1
202200029903;760 662;7;0;2;4;2;1
202200029904;760 657;7;0;2;3;11;1
202200029904;760 658;33;0;2;1;3;1
202200029905;760 655;7;0;2;4;2;2
202200029905;760 656;10;0;2;1;2;1
202200029906;760 653;10;0;2;6;11;1
202200029906;760 654;33;0;2;7;1;1
202200029907;760 652;7;0;1;5;4;-1
202200029908;760 651;7;0;1;1;0;1
202200029909;760 649;7;0;2;2;2;1
202200029909;760 650;7;0;2;3;9;1
202200029910;760 647;7;0;2;1;1;1
202200029910;760 648;37;0;2;7;1;0
202200029911;760 645;7;0;2;4;1;1
202200029911;760 646;13;1;2;1;1;1
202200029912;760 643;50;0;2;0;18;3
202200029912;760 644;15;0;2;5;14;1
202200029913;760 641;33;0;2;1;1;1
202200029913;760 642;7;0;2;2;6;1
202200029914;760 640;7;0;1;0;0;1
202200029915;760 638;7;0;2;1;1;1
202200029915;760 639;7;0;2;6;26;0
202200029916;760 637;7;2;0;1;0;1
202200029917;760 636;7;15;0;1;1;1
202200029918;760 634;7;0;2;6;1;1
202200029918;760 635;7;0;2;1;1;1
202200029919;760 633;7;2;0;1;0;1
202200029920;760 632;7;0;1;3;15;1
202200029921;760 630;7;0;2;6;17;1
202200029921;760 631;31;0;2;1;17;1
202200029922;760 626;33;0;2;1;1;1
202200029922;760 627;7;0;2;1;15;1
202200029923;760 624;7;0;2;7;13;1
202200029923;760 625;10;0;2;1;1;1
202200029924;760 622;33;0;2;8;3;5
202200029924;760 623;7;0;2;7;12;1
202200029925;760 620;7;0;2;8;9;1
202200029925;760 621;7;0;2;1;1;1
202200029926;760 617;7;8;0;1;14;1
202200029927;760 616;7;0;2;1;1;1
202200029927;760 618;7;0;2;4;1;1
202200029927;760 619;7;0;2;4;1;2
202200029928;760 613;7;0;2;2;13;1
202200029928;760 615;7;15;2;1;1;1
202200029929;760 612;33;0;2;1;21;1
202200029929;760 614;7;0;2;5;26;1
202200029930;760 611;7;2;0;2;1;1
202200029931;760 609;31;0;2;1;3;1
202200029931;760 610;7;0;2;5;14;1
202200029932;760 608;7;0;1;3;1;1
202200029933;760 606;7;0;2;8;1;1
202200029933;760 607;17;0;2;2;12;1
202200029934;760 605;7;0;1;2;1;1
202200029935;760 603;7;0;2;8;15;1
202200029935;760 604;15;0;2;3;1;1
202200029936;760 601;7;0;2;1;1;1
202200029936;760 602;7;0;2;4;1;1
202200029937;760 598;7;0;2;2;12;1
202200029937;760 599;33;0;2;3;3;1
202200029937;760 600;7;0;2;0;0;1
202200029938;760 597;7;3;0;1;14;1
202200029939;760 596;7;0;0;0;14;1
202200029940;760 593;7;16;9;9;0;1
202200029941;760 592;33;0;2;3;26;1
202200029942;760 589;7;0;2;1;13;1
202200029942;760 591;21;0;0;6;1;1
202200029943;760 587;33;0;0;6;17;1
202200029943;760 588;7;0;2;2;1;1
202200029943;760 590;33;0;2;1;17;1
202200029944;760 586;7;0;0;1;1;1
202200029945;760 583;2;0;2;3;15;1
202200029945;760 585;7;0;2;3;1;1
202200029946;760 580;31;0;2;7;26;1
202200029947;760 579;10;0;2;3;13;1
202200029947;760 581;7;0;2;3;1;1
202200029948;760 576;7;0;1;2;2;1
202200029949;760 577;7;0;0;8;1;1
202200029949;760 578;33;0;2;3;13;1
202200029950;760 573;7;0;2;7;19;1
202200029950;760 575;1;0;2;1;1;5
202200029951;760 572;32;0;2;3;17;1
202200029951;760 574;7;0;2;3;15;1
202200029952;760 569;33;0;2;1;1;1
202200029952;760 571;10;0;2;7;19;1
202200029953;760 568;7;0;2;6;23;1
202200029953;760 570;7;1;0;2;14;1
202200029954;760 566;21;6;0;1;1;1
202200029955;760 565;7;0;2;1;15;1
202200029955;760 567;30;0;2;2;1;1
202200029956;760 564;33;13;0;7;1;1
202200029957;760 561;34;0;2;1;17;1
202200029957;760 563;7;0;2;2;26;1
202200029958;760 562;7;8;0;1;1;1
202200029959;760 558;7;13;0;9;14;1
202200029960;760 559;7;0;2;6;11;1
202200029960;760 560;32;0;2;9;1;1
202200029961;760 555;33;0;2;1;1;1
202200029961;760 557;7;0;2;3;13;1
202200029962;760 554;7;0;2;6;15;1
202200029962;760 556;33;0;2;1;1;1
202200029963;760 553;7;6;0;1;1;1
202200029964;760 549;7;0;2;1;13;1
202200029964;760 551;7;0;2;1;1;1
202200029965;760 548;7;0;2;2;11;1
202200029965;760 550;7;0;2;6;1;1
202200029965;760 552;0;0;2;0;1;0
202200029966;760 547;7;2;0;1;15;1
202200029967;760 545;30;0;2;1;5;1
202200029967;760 546;7;0;2;2;9;1
202200029968;760 544;1;0;0;1;0;5
202200029969;760 543;7;13;0;1;2;1
202200029970;760 541;1;0;2;4;1;5
202200029970;760 542;7;0;2;2;1;1
202200029971;760 539;7;0;2;6;23;1
202200029971;760 540;33;0;2;7;1;1
202200029972;760 537;7;0;2;1;2;1
202200029972;760 538;7;0;2;6;1;1
202200029973;760 535;1;0;2;1;1;5
202200029973;760 536;1;0;0;0;1;5
202200029974;760 533;7;2;0;1;13;1
202200029975;760 532;1;0;2;1;14;5
202200029975;760 534;7;0;2;3;13;1
202200029976;760 530;7;6;0;2;1;1
202200029977;760 529;7;0;2;6;11;1
202200029977;760 531;33;0;2;1;1;1
202200029978;760 526;7;0;2;2;19;1
202200029978;760 528;2;0;2;1;1;1
202200029979;760 525;7;0;2;8;9;1
202200029979;760 527;32;0;2;1;3;1
202200029980;760 524;7;13;0;9;1;1
202200029981;760 522;7;0;0;1;13;1
202200029981;760 523;7;0;0;3;1;1
202200029982;760 521;7;0;1;1;15;1
202200029983;760 520;2;15;0;1;6;1
202200029984;760 519;7;13;0;1;13;1
202200029985;760 517;7;6;0;1;14;1
202200029986;760 514;7;0;2;3;23;1
202200029986;760 515;10;0;2;1;16;1
202200029987;760 513;7;0;1;2;1;1
202200029988;760 511;7;0;2;7;21;1
202200029988;760 512;33;0;2;2;1;1
202200029989;760 510;7;13;0;9;13;1
202200029990;760 509;7;15;0;1;1;1
202200029991;760 507;1;6;0;0;1;5
202200029992;760 505;31;0;2;1;1;1
202200029992;760 506;7;0;2;3;1;1
202200029993;760 503;33;0;2;0;1;1
202200029993;760 504;33;0;2;2;21;1
202200029994;760 500;2;6;0;7;25;3
202200029995;760 499;30;0;2;8;15;1
202200029995;760 501;7;0;2;1;19;1
202200029996;760 496;33;0;2;2;2;1
202200029996;760 498;14;0;2;6;16;1
202200029997;760 495;1;0;2;8;1;5
202200029997;760 497;7;0;2;2;9;1
202200029998;760 492;7;0;2;3;26;1
202200029998;760 493;33;0;2;3;17;1
202200029999;760 491;39;0;2;1;1;1
202200029999;760 494;15;0;4;3;1;1
202200030000;760 490;7;13;0;1;13;1
202200030001;760 487;7;8;2;5;19;1
202200030001;760 489;7;0;2;1;1;1
202200030002;760 488;7;1;0;0;0;1
202200030003;760 484;7;9;0;1;1;1
202200030004;760 485;1;0;2;7;1;5
202200030004;760 486;33;0;9;1;1;1
202200030005;760 482;14;1;1;7;2;1
202200030006;760 481;7;0;2;1;1;2
202200030006;760 483;7;11;0;7;19;1
202200030007;760 479;7;0;9;0;15;1
202200030007;760 480;50;0;0;0;0;0
202200030008;760 477;7;3;0;3;1;1
202200030008;760 478;7;0;2;3;5;1
202200030009;760 475;31;0;2;1;1;1
202200030009;760 476;7;0;2;3;15;1
202200030010;760 474;7;0;1;3;1;1
202200030011;760 471;7;0;2;1;2;2
202200030011;760 472;15;0;2;4;2;1
202200030012;760 470;7;0;2;5;23;1
202200030012;760 473;99;0;2;0;1;0
202200030013;760 468;7;2;0;1;1;1
202200030014;760 467;7;0;2;1;1;1
202200030014;760 469;7;1;2;1;13;1
202200030015;760 465;33;0;2;1;17;1
202200030015;760 466;10;0;2;5;15;1
202200030016;760 464;7;0;1;1;1;1
202200030017;760 461;7;0;1;1;12;1
202200030018;760 460;7;0;1;8;1;1
202200030019;760 457;7;0;2;1;5;1
202200030019;760 458;33;0;2;1;1;1
202200030020;760 456;7;0;2;3;1;1
202200030020;760 459;1;0;2;1;1;5
202200030021;760 453;7;0;2;1;16;1
202200030021;760 455;7;0;2;1;15;1
202200030022;760 452;7;0;2;6;2;1
202200030022;760 454;7;0;2;1;9;1
202200030023;760 450;7;0;2;1;1;1
202200030023;760 451;7;0;2;4;1;1
202200030024;760 446;1;0;2;1;21;5
202200030024;760 448;1;0;2;1;1;5
202200030024;760 449;7;0;2;0;16;1
202200030025;760 445;7;5;2;1;1;1
202200030025;760 447;7;0;2;7;17;1
202200030026;760 442;7;0;2;8;10;1
202200030026;760 444;33;0;2;1;1;1
202200030027;760 441;7;0;2;5;16;1
202200030027;760 443;37;0;2;3;1;6
202200030028;760 439;33;0;2;0;1;1
202200030028;760 440;7;0;2;3;11;2
202200030029;760 437;7;6;2;4;4;1
202200030029;760 438;13;0;2;5;1;1
202200030030;760 434;2;0;2;1;17;1
202200030030;760 436;7;0;2;3;15;1
202200030031;760 433;1;0;2;1;19;5
202200030031;760 435;7;0;2;2;16;1
202200030032;760 432;33;16;0;9;1;1
202200030033;760 430;50;0;2;0;1;3
202200030033;760 431;50;0;2;0;1;3
202200030034;760 429;7;0;0;9;1;1
202200030035;760 425;33;0;2;6;2;1
202200030035;760 427;7;0;2;2;2;1
202200030036;760 426;7;0;2;1;1;1
202200030036;760 428;33;0;2;0;1;1
202200030037;760 424;7;8;0;1;1;1
202200030038;760 422;7;6;0;1;13;1
202200030039;760 421;7;0;2;1;1;1
202200030039;760 423;7;0;2;2;15;1
202200030040;760 418;7;0;2;1;0;1
202200030040;760 419;7;0;2;4;26;1
202200030040;760 420;7;0;2;1;26;1
202200030041;760 416;7;0;2;1;15;1
202200030041;760 417;2;0;2;1;21;1
202200030042;760 414;33;0;0;3;21;1
202200030042;760 415;7;0;0;5;16;1
202200030043;760 412;7;0;2;4;2;1
202200030043;760 413;7;0;2;1;2;1
202200030044;760 410;7;0;2;3;15;1
202200030044;760 411;33;0;2;1;17;1
202200030045;760 409;7;0;1;2;1;1
202200030046;760 407;2;0;2;1;5;1
202200030046;760 408;7;0;2;1;1;1
202200030047;760 405;7;0;9;3;0;1
202200030047;760 406;33;0;2;2;26;1
202200030048;760 402;7;0;1;1;1;1
202200030048;760 404;33;3;0;3;13;1
202200030049;760 401;1;0;2;7;1;5
202200030049;760 403;7;0;2;1;9;1
202200030050;760 399;7;0;2;3;10;1
202200030050;760 400;31;0;2;2;18;1
202200030051;760 397;7;0;2;2;19;1
202200030051;760 398;7;8;2;3;1;1
202200030052;760 396;31;0;0;7;14;1
202200030053;760 394;7;0;9;2;17;0
202200030053;760 395;1;0;2;4;2;5
202200030054;760 391;7;0;2;2;2;1
202200030054;760 392;1;0;2;4;2;5
202200030055;760 387;7;0;2;2;2;1
202200030055;760 389;7;0;2;4;1;1
202200030055;760 390;7;0;2;4;23;1
202200030055;760 393;7;0;2;1;2;1
202200030056;760 385;36;0;0;3;0;1
202200030057;760 383;1;0;2;4;15;5
202200030057;760 384;32;0;2;1;15;1
202200030058;760 379;7;0;1;1;0;1
202200030059;760 377;7;0;2;3;2;1
202200030059;760 378;7;0;2;1;1;1
202200030059;760 380;7;0;2;1;1;1
202200030059;760 381;7;0;2;9;17;1
202200030060;760 376;33;0;0;7;1;1
202200030061;760 373;7;0;1;5;21;1
202200030062;760 372;7;0;2;1;5;1
202200030062;760 374;10;0;2;1;1;1
202200030063;760 370;7;0;1;3;26;1
202200030064;760 369;7;0;2;3;1;1
202200030064;760 371;7;0;2;3;1;1
202200030065;760 367;80;0;0;0;2;3
202200030065;760 368;7;0;9;4;26;1
202200030066;760 366;7;3;0;1;1;1
202200030067;760 365;7;4;0;3;9;1
202200030068;760 363;15;0;2;8;1;0
202200030068;760 364;7;0;2;1;1;1
202200030069;760 361;2;0;2;6;16;1
202200030069;760 362;7;0;2;2;16;1
202200030070;760 359;17;0;0;4;1;1
202200030070;760 360;7;0;2;1;2;1
202200030071;760 356;33;14;2;1;1;1
202200030071;760 357;7;0;0;3;15;1
202200030072;760 355;50;0;2;8;1;3
202200030072;760 358;7;0;2;2;1;1
202200030073;760 354;7;0;1;1;1;1
202200030074;760 351;2;0;0;0;1;1
202200030075;760 352;7;0;2;1;1;1
202200030075;760 353;31;0;2;9;1;1
202200030076;760 349;7;0;2;8;1;1
202200030076;760 350;1;0;2;8;13;5
202200030077;760 347;7;0;2;1;15;1
202200030077;760 348;33;0;2;1;1;1
202200030078;760 344;7;0;2;1;1;1
202200030078;760 345;7;0;2;4;23;1
202200030078;760 346;7;0;2;4;23;1
202200030079;760 343;7;5;0;3;13;1
202200030080;760 342;7;3;0;8;13;1
202200030081;760 340;7;0;2;3;13;1
202200030081;760 341;50;0;2;1;1;3
202200030082;760 338;7;0;2;2;1;1
202200030082;760 339;1;0;2;1;1;5
202200030083;760 336;7;0;2;1;13;1
202200030083;760 337;7;0;2;1;1;0
202200030084;760 335;7;2;0;5;1;1
202200030085;760 334;7;0;1;7;26;1
202200030086;760 333;33;0;6;3;21;1
202200030087;760 331;7;0;1;1;2;1
202200030088;760 330;33;0;2;1;1;1
202200030088;760 332;7;0;2;8;1;1
202200030089;760 327;2;13;0;3;2;1
202200030089;760 329;7;0;2;5;17;1
202200030090;760 326;7;0;2;1;15;1
202200030090;760 328;1;0;2;1;16;5
202200030091;760 325;1;0;0;2;26;5
202200030092;760 322;31;0;2;1;1;1
202200030092;760 323;7;0;9;8;1;1
202200030093;760 321;30;0;2;1;19;1
202200030093;760 324;10;0;2;3;1;1
202200030094;760 320;33;0;0;9;1;1
202200030095;760 319;30;0;1;7;17;1
202200030096;760 318;7;0;1;4;20;1
202200030097;760 317;7;6;0;1;1;1
202200030098;760 315;7;8;0;2;14;1
202200030099;760 314;7;0;2;1;1;1
202200030099;760 316;7;0;2;3;19;1
202200030100;760 313;7;2;0;1;2;1
202200030101;760 312;7;6;0;1;13;1
202200030102;760 311;10;0;1;4;4;1
202200030103;760 310;1;0;0;0;0;5
202200030104;760 308;50;0;2;8;1;3
202200030104;760 309;7;0;2;1;1;1
202200030105;760 306;7;0;0;0;1;1
202200030105;760 307;33;15;9;1;17;1
202200030106;760 304;7;0;2;2;12;1
202200030106;760 305;43;0;2;8;3;1
202200030107;760 303;3;13;0;9;21;1
202200030108;760 302;31;2;0;1;1;1
202200030109;760 301;43;5;0;1;12;1
202200030110;760 298;7;9;2;7;15;1
202200030110;760 299;7;0;2;1;1;1
202200030110;760 300;7;0;2;8;1;1
202200030111;760 296;30;0;2;3;9;1
202200030111;760 297;7;0;2;5;1;1
202200030112;760 294;7;0;2;3;13;1
202200030112;760 295;7;0;2;6;1;1
202200030113;760 292;10;0;2;5;2;1
202200030113;760 293;43;0;2;1;2;1
202200030114;760 288;33;12;2;3;17;1
202200030114;760 289;7;0;2;3;1;1
202200030114;760 290;7;15;2;3;1;1
202200030114;760 291;7;0;2;1;1;1
202200030115;760 286;7;0;2;3;18;1
202200030115;760 287;1;0;2;2;1;5
202200030116;760 285;7;6;0;2;15;1
202200030117;760 283;32;0;2;1;18;3
202200030117;760 284;7;0;2;0;16;1
202200030118;760 282;32;0;0;0;1;1
202200030119;760 280;7;0;2;2;1;1
202200030119;760 281;33;0;2;1;1;1
202200030120;760 278;7;3;2;2;14;1
202200030120;760 279;15;0;2;2;2;1
202200030121;760 274;7;0;2;1;1;1
202200030121;760 277;7;0;2;1;1;0
202200030122;760 275;7;0;2;3;17;1
202200030122;760 276;33;0;2;1;3;1
202200030123;760 271;1;0;2;1;1;5
202200030123;760 273;7;0;2;7;18;1
202200030124;760 270;1;0;2;7;1;5
202200030124;760 272;7;0;2;3;1;1
202200030125;760 267;34;0;1;1;5;1
202200030126;760 268;7;0;2;4;0;1
202200030126;760 269;10;0;2;4;2;1
202200030127;760 263;7;0;2;1;2;1
202200030127;760 266;15;0;0;4;2;1
202200030128;760 264;50;0;2;1;2;3
202200030128;760 265;7;0;2;4;23;2
202200030129;760 260;15;1;0;2;0;1
202200030129;760 262;10;0;0;6;23;1
202200030130;760 261;10;0;1;3;1;1
202200030131;760 258;2;0;2;1;1;1
202200030131;760 259;10;0;2;2;13;1
202200030132;760 257;7;0;1;1;1;1
202200030133;760 254;7;0;1;3;15;1
202200030134;760 252;0;0;0;0;19;0
202200030134;760 253;7;0;0;6;1;1
202200030134;760 255;7;0;2;1;21;1
202200030134;760 256;7;0;2;1;1;1
202200030135;760 250;7;8;0;1;0;1
202200030136;760 249;7;12;0;1;21;1
202200030136;760 251;7;0;2;0;26;1
202200030137;760 248;7;0;1;1;1;0
202200030138;760 246;60;0;2;8;1;5
202200030138;760 247;7;0;2;1;1;1
202200030139;760 244;7;0;2;3;1;1
202200030139;760 245;1;0;2;1;5;5
202200030140;760 242;7;0;2;1;13;1
202200030140;760 243;7;0;0;1;1;1
202200030141;760 240;7;0;2;1;0;1
202200030141;760 241;7;0;2;1;0;1
202200030142;760 238;7;0;0;6;26;1
202200030142;760 239;33;0;2;1;2;1
202200030143;760 236;1;0;0;4;2;5
202200030143;760 237;7;4;2;2;2;1
202200030144;760 235;7;0;1;1;1;3
202200030145;760 233;80;0;0;0;1;3
202200030146;760 232;7;0;2;7;12;1
202200030146;760 234;7;8;2;3;1;1
202200030147;760 230;17;0;0;0;1;1
202200030147;760 231;33;0;2;1;17;1
202200030148;760 228;7;0;2;5;0;1
202200030148;760 229;7;0;2;1;0;1
202200030149;760 226;7;0;2;7;15;1
202200030149;760 227;33;0;2;1;1;1
202200030150;760 224;7;1;0;2;1;1
202200030151;760 223;34;0;2;2;17;1
202200030151;760 225;7;0;0;0;10;1
202200030152;760 222;7;0;1;2;1;1
202200030153;760 220;1;0;2;4;2;5
202200030153;760 221;1;0;2;1;2;5
202200030154;760 219;7;0;1;1;2;1
202200030155;760 217;7;0;2;3;1;1
202200030155;760 218;10;0;2;3;13;1
202200030156;760 215;33;0;2;3;15;1
202200030156;760 216;31;0;2;3;15;1
202200030157;760 213;80;0;0;0;21;3
202200030158;760 211;10;0;2;2;1;1
202200030158;760 212;34;0;2;1;5;1
202200030159;760 210;7;0;1;2;1;1
202200030160;760 208;33;0;2;1;17;1
202200030160;760 209;7;0;2;6;15;1
202200030161;760 206;7;0;2;1;9;0
202200030161;760 207;1;0;2;7;0;5
202200030162;760 205;7;0;1;2;13;1
202200030163;760 202;7;0;2;1;15;1
202200030163;760 204;33;0;2;1;1;1
202200030164;760 200;7;0;2;7;0;1
202200030164;760 201;7;0;2;1;1;1
202200030164;760 203;7;0;2;1;1;1
202200030165;760 198;7;0;2;3;1;1
202200030165;760 199;2;0;2;3;5;1
202200030166;760 193;7;0;2;1;1;1
202200030166;760 195;7;0;2;1;1;1
202200030166;760 196;7;0;2;1;13;1
202200030167;760 194;33;0;2;1;1;1
202200030167;760 197;7;0;2;0;0;1
202200030168;760 192;33;3;0;7;1;1
202200030169;760 191;2;0;1;0;0;-1
202200030170;760 189;30;0;0;4;2;1
202200030170;760 190;7;0;2;3;2;1
202200030171;760 188;7;0;1;2;1;1
202200030172;760 185;1;0;2;7;19;5
202200030172;760 186;7;0;9;1;1;1
202200030173;760 184;7;0;2;2;6;1
202200030173;760 187;7;0;2;1;1;1
202200030174;760 183;1;0;0;0;1;5
202200030175;760 182;7;0;1;1;15;1
202200030176;760 181;7;4;0;8;1;1
202200030177;760 179;7;0;2;1;21;1
202200030177;760 180;7;0;2;1;5;1
202200030178;760 177;7;0;2;1;2;1
202200030178;760 178;7;0;2;4;2;1
202200030179;760 176;7;0;9;1;0;1
202200030180;760 175;10;0;1;2;15;1
202200030181;760 173;7;0;2;4;17;0
202200030181;760 174;2;0;2;1;1;1
202200030182;760 171;7;0;1;1;1;1
202200030183;760 170;7;0;2;1;15;1
202200030183;760 172;7;0;2;3;1;1
202200030184;760 169;30;0;0;9;1;1
202200030185;760 167;7;0;2;3;19;1
202200030185;760 168;50;0;2;8;23;3
202200030186;760 164;31;0;2;7;21;1
202200030186;760 166;13;0;2;0;1;0
202200030187;760 165;33;4;0;7;1;1
202200030188;760 163;7;0;1;2;14;1
202200030189;760 161;7;0;2;2;16;0
202200030189;760 162;99;0;2;1;19;3
202200030190;760 157;7;0;2;1;1;1
202200030190;760 158;7;0;2;6;1;1
202200030190;760 159;7;0;2;1;1;1
202200030190;760 160;10;0;2;1;1;1
202200030191;760 156;7;0;1;0;26;1
202200030192;760 154;1;0;2;3;1;5
202200030192;760 155;7;0;2;3;15;1
202200030193;760 153;33;0;1;1;17;1
202200030194;760 151;1;0;2;2;1;5
202200030194;760 152;7;0;2;3;1;1
202200030195;760 148;2;0;2;1;1;1
202200030195;760 149;7;1;2;3;15;1
202200030196;760 147;7;0;0;6;1;1
202200030196;760 150;1;0;2;1;26;5
202200030197;760 146;1;0;0;0;1;5
202200030198;760 144;7;0;2;5;12;1
202200030198;760 145;31;0;2;1;3;1
202200030199;760 142;1;0;2;1;2;5
202200030199;760 143;1;0;2;4;2;5
202200030200;760 138;7;13;0;8;14;1
202200030200;760 140;33;0;2;7;17;1
202200030201;760 139;7;0;0;4;2;1
202200030201;760 141;7;0;2;1;2;1
202200030202;760 137;7;12;0;3;1;1
202200030203;760 136;80;12;0;7;14;3
202200030204;760 135;10;0;1;7;1;1
202200030205;760 132;7;0;1;2;1;1
202200030206;760 133;1;0;2;1;1;5
202200030206;760 134;7;0;2;1;15;1
202200030207;760 131;7;2;0;1;13;1
202200030208;760 129;1;0;2;1;1;5
202200030208;760 130;7;0;2;3;15;1
202200030209;760 128;7;0;1;1;1;1
202200030210;760 127;7;0;1;3;1;1
202200030211;760 124;7;0;2;2;1;1
202200030211;760 125;7;0;2;3;5;1
202200030212;760 120;32;0;0;0;9;1
202200030212;760 122;7;0;0;0;0;1
202200030213;760 116;7;0;1;1;1;1
202200030214;760 115;33;0;2;6;2;1
202200030214;760 118;33;0;2;0;2;1
202200030215;760 114;33;0;2;1;26;1
202200030215;760 117;7;0;9;6;26;6
202200030215;760 119;7;0;9;0;26;1
202200030216;760 113;7;0;1;0;26;1
202200030217;760 112;33;0;6;1;1;1
202200030218;760 111;7;0;1;2;1;1
202200030219;760 109;7;1;0;3;23;1
202200030220;760 107;43;0;2;1;2;1
202200030220;760 108;7;0;2;6;2;2
202200030221;760 105;7;0;2;4;2;1
202200030221;760 106;2;0;2;2;2;3
202200030222;760 104;33;0;0;3;1;1
202200030223;760 102;7;0;2;4;2;1
202200030223;760 103;32;0;2;1;2;1
202200030224;760 098;7;0;2;8;13;1
202200030224;760 100;7;0;2;1;1;1
202200030225;760 099;7;5;2;1;9;1
202200030225;760 101;7;0;2;1;15;1
202200030226;760 095;7;0;2;0;1;2
202200030226;760 096;7;0;2;0;13;1
202200030226;760 097;33;0;2;0;3;1
202200030227;760 093;7;0;2;4;9;1
202200030227;760 094;33;0;2;1;1;1
202200030228;760 090;7;0;0;0;15;1
202200030228;760 092;33;0;0;0;13;1
202200030229;760 089;33;0;2;1;2;1
202200030229;760 091;7;0;2;4;2;1
202200030230;760 087;33;0;2;1;0;1
202200030230;760 088;7;0;9;6;13;1