Num_Acc;id_vehicule;catv;obs;obsm;choc;manv;motor
202200030231;760 084;33;0;2;1;1;1
202200030231;760 086;10;0;2;3;1;1
202200030232;760 081;50;0;2;1;1;3
202200030232;760 083;2;0;2;0;1;1
202200030232;760 085;10;0;2;3;22;1
202200030233;760 080;31;0;2;1;2;1
202200030233;760 082;7;0;2;4;1;1
202200030234;760 077;50;0;2;1;1;3
202200030234;760 079;7;0;2;1;1;1
202200030235;760 075;10;0;2;3;0;1
202200030235;760 078;7;1;2;1;1;1
202200030236;760 074;7;0;2;3;0;0
202200030236;760 076;1;0;2;1;1;5
202200030237;760 070;10;0;2;0;0;0
202200030237;760 072;14;0;2;1;24;0
202200030238;760 068;10;0;2;1;1;1
202200030238;760 071;7;0;0;4;1;3
202200030238;760 073;7;0;2;4;1;1
202200030239;760 069;32;0;1;2;1;1
202200030240;760 067;34;0;0;8;1;1
202200030241;760 064;15;0;2;3;1;1
202200030241;760 066;7;0;2;5;12;1
202200030242;760 063;10;0;2;0;16;0
202200030242;760 065;1;0;2;0;16;5
202200030243;760 062;3;0;1;1;1;1
202200030244;760 060;7;6;0;1;1;1
202200030245;760 058;50;0;2;7;17;3
202200030245;760 061;1;0;2;8;1;5
202200030246;760 055;7;0;9;0;1;1
202200030246;760 057;7;6;2;1;1;1
202200030246;760 059;7;0;2;1;15;1
202200030247;760 051;80;0;0;0;25;3
202200030248;760 050;17;14;0;2;1;1
202200030248;760 053;17;0;0;0;1;1
202200030248;760 054;7;14;0;1;1;1
202200030248;760 056;7;0;2;1;2;1
202200030249;760 046;7;0;2;4;2;2
202200030249;760 048;7;0;2;4;2;1
202200030249;760 049;7;0;2;4;2;1
202200030249;760 052;7;0;2;1;2;1
202200030250;760 045;7;15;0;1;14;1
202200030251;760 044;7;0;2;2;1;1
202200030251;760 047;43;0;2;3;1;1
202200030252;760 040;7;0;2;4;2;1
202200030252;760 042;2;0;2;2;1;1
202200030252;760 043;7;0;2;3;16;1
202200030253;760 039;34;0;2;1;13;1
202200030253;760 041;7;0;2;3;2;1
202200030254;760 037;7;2;0;1;26;1
202200030255;760 034;43;0;2;1;1;1
202200030255;760 036;7;0;2;3;16;1
202200030256;760 033;7;0;1;1;16;1
202200030257;760 035;1;0;0;8;15;5
202200030257;760 038;7;0;2;2;1;1
202200030258;760 030;10;0;0;4;23;1
202200030258;760 032;10;0;2;1;26;1
202200030259;760 029;13;0;2;7;17;0
202200030259;760 031;2;0;2;0;17;1
202200030260;760 028;7;1;0;1;1;1
202200030261;760 027;7;0;1;1;26;1
202200030262;760 020;7;0;1;4;1;1
202200030262;760 024;7;0;2;1;26;1
202200030263;760 022;33;14;0;8;1;1
202200030264;760 018;7;0;1;1;26;1
202200030265;760 017;7;0;2;1;1;1
202200030265;760 019;7;0;2;1;15;1
202200030266;760 016;7;0;1;1;26;1
202200030267;760 010;43;0;2;1;1;1
202200030267;760 013;10;0;2;2;1;1
202200030268;760 011;1;0;2;1;15;5
202200030268;760 014;7;0;2;2;1;1
202200030269;760 006;7;0;2;3;13;1
202200030269;760 008;7;0;2;3;13;1
202200030270;760 012;1;0;2;1;1;5
202200030270;760 015;7;0;2;2;11;1
202200030271;760 004;7;1;0;0;0;1
202200030271;760 005;7;1;0;0;0;1
202200030271;760 007;7;1;0;0;0;1
202200030271;760 009;7;0;2;4;23;1
202200030272;760 003;7;2;0;7;1;1
202200030273;760 001;7;0;2;5;15;1
202200030273;760 002;2;0;2;1;1;1
202200030274;759 998;31;1;0;4;24;3
202200030274;760 000;7;1;0;1;1;1
202200030275;759 995;3;0;9;2;1;1
202200030275;759 997;1;0;2;3;19;5
202200030276;759 993;1;0;0;0;0;5
202200030277;759 992;7;0;1;2;15;1
202200030278;759 994;7;0;2;6;0;1
202200030278;759 996;7;0;2;4;1;1
202200030278;759 999;7;0;2;1;2;1
202200030279;759 988;7;0;2;8;15;1
202200030279;759 990;30;0;2;1;25;0
202200030280;759 989;7;0;2;1;13;1
202200030280;759 991;7;0;2;1;1;1
202200030281;759 986;7;0;1;4;20;1
202200030282;759 985;33;6;0;1;1;1
202200030283;759 984;7;16;0;1;16;1
202200030284;759 983;7;8;0;5;15;1
202200030284;759 987;7;0;2;1;1;1
202200030285;759 980;2;0;2;1;1;1
202200030285;759 982;7;0;2;2;15;1
202200030286;759 979;7;0;2;1;15;1
202200030286;759 981;2;15;2;3;1;1
202200030287;759 976;33;0;2;1;1;1
202200030287;759 978;7;0;2;2;1;3
202200030288;759 975;7;0;1;1;15;1
202200030289;759 972;17;0;0;2;2;1
202200030290;759 971;7;0;2;3;15;1
202200030290;759 974;30;0;2;3;1;1
202200030291;759 973;7;0;2;3;26;6
202200030291;759 977;34;0;2;1;0;0
202200030292;759 969;33;0;2;1;2;1
202200030292;759 970;10;0;2;4;1;1
202200030293;759 967;7;0;2;3;19;1
202200030293;759 968;7;0;2;2;19;1
202200030294;759 966;0;0;1;0;0;0
202200030295;759 964;7;0;2;2;12;1
202200030295;759 965;7;0;2;6;1;1
202200030296;759 961;15;0;2;0;1;1
202200030296;759 962;34;0;2;9;17;1
202200030296;759 963;7;0;2;8;1;1
202200030297;759 957;1;8;0;1;25;5
202200030298;759 956;10;0;2;3;2;1
202200030298;759 958;7;0;2;5;1;1
202200030298;759 959;7;0;2;8;2;1
202200030299;759 953;7;0;0;7;15;2
202200030299;759 955;7;0;0;1;26;1
202200030300;759 952;10;4;2;1;2;1
202200030300;759 954;7;0;2;5;2;1
202200030301;759 951;13;0;2;2;16;1
202200030301;759 960;1;0;2;1;0;5
202200030302;759 949;10;0;2;1;1;1
202200030302;759 950;7;0;2;1;13;3
202200030303;759 948;7;3;0;1;1;1
202200030304;759 945;7;3;0;1;0;1
202200030305;759 944;7;0;2;3;16;1
202200030305;759 947;50;0;2;1;1;3
202200030306;759 946;2;0;0;8;2;1
202200030307;759 942;10;0;1;0;9;1
202200030308;759 941;7;0;2;6;13;2
202200030308;759 943;33;0;2;7;3;1
202200030309;759 937;10;0;2;4;2;1
202200030309;759 939;7;0;2;1;2;1
202200030310;759 936;10;0;0;0;0;0
202200030310;759 938;33;0;2;8;3;1
202200030311;759 940;80;0;0;1;1;3
202200030312;759 933;7;0;2;5;1;1
202200030312;759 935;15;0;2;1;1;1
202200030313;759 931;7;0;2;1;2;1
202200030313;759 932;10;0;2;4;2;1
202200030313;759 934;7;0;2;4;2;1
202200030314;759 929;10;0;1;2;15;1
202200030315;759 928;7;4;0;7;1;1
202200030316;759 925;7;0;2;1;1;1
202200030316;759 926;2;0;2;1;13;1
202200030317;759 927;2;0;2;3;1;1
202200030317;759 930;7;0;2;2;15;1
202200030318;759 921;7;0;2;3;1;1
202200030318;759 923;33;0;2;2;17;1
202200030319;759 922;7;1;2;2;3;1
202200030319;759 924;7;0;2;6;23;1
202200030320;759 915;7;0;2;4;1;1
202200030320;759 917;7;0;2;9;1;1
202200030320;759 919;14;0;2;1;1;1
202200030321;759 914;7;0;2;1;2;1
202200030321;759 918;7;0;2;4;2;1
202200030322;759 913;7;6;0;2;14;1
202200030323;759 910;7;13;0;1;1;1
202200030324;759 911;33;0;2;3;3;1
202200030324;759 912;7;0;2;5;21;1
202200030325;759 909;7;0;2;2;15;1
202200030325;759 916;7;0;2;3;15;1
202200030325;759 920;7;0;2;3;9;1
202200030326;759 905;7;0;2;4;2;1
202200030326;759 907;7;0;2;1;1;1
202200030327;759 904;0;0;1;0;1;0
202200030328;759 900;7;0;2;7;12;1
202200030328;759 901;34;0;2;8;1;1
202200030328;759 902;7;0;2;6;1;1
202200030328;759 903;7;0;2;5;1;2
202200030329;759 906;7;0;2;3;1;1
202200030329;759 908;7;0;2;4;15;1
202200030330;759 899;7;0;1;1;16;1
202200030331;759 896;7;0;2;4;2;1
202200030331;759 897;10;0;2;4;2;1
202200030331;759 898;10;0;2;1;2;1
202200030332;759 891;10;0;2;8;11;1
202200030332;759 893;31;3;2;7;3;1
202200030332;759 894;7;0;2;5;1;2
202200030333;759 892;7;0;1;1;2;1
202200030333;759 895;7;0;2;1;2;1
202200030334;759 889;43;0;2;8;2;1
202200030335;759 884;7;0;2;1;2;1
202200030335;759 886;31;4;2;4;1;1
202200030336;759 885;7;9;2;1;1;1
202200030336;759 887;7;9;2;1;1;1
202200030337;759 883;7;4;0;0;0;1
202200030338;759 881;7;8;0;1;2;1
202200030339;759 880;7;0;2;3;1;1
202200030339;759 882;7;0;2;2;21;1
202200030340;759 877;31;0;2;8;1;1
202200030340;759 879;7;0;2;2;10;1
202200030341;759 876;7;0;2;3;9;1
202200030341;759 878;7;0;2;2;1;1
202200030342;759 875;7;0;1;1;1;1
202200030343;759 874;31;0;0;0;0;1
202200030344;759 872;31;0;2;1;3;1
202200030344;759 873;7;0;2;3;9;1
202200030345;759 870;15;0;2;6;1;1
202200030345;759 871;7;3;2;8;13;1
202200030346;759 868;7;0;2;3;15;1
202200030346;759 869;7;0;2;2;26;1
202200030347;759 866;7;0;0;3;9;1
202200030347;759 867;1;0;2;1;1;5
202200030348;759 864;7;0;2;7;1;1
202200030348;759 865;7;0;2;1;1;1
202200030349;759 862;7;1;0;6;24;1
202200030349;759 863;31;1;0;2;0;1
202200030350;759 859;7;3;2;1;12;1
202200030350;759 860;15;0;2;3;1;1
202200030350;759 861;33;0;0;4;1;1
202200030351;759 857;1;0;2;1;1;5
202200030351;759 858;7;0;9;3;15;1
202200030352;759 855;7;0;9;2;1;1
202200030352;759 856;50;0;2;1;1;3
202200030353;759 854;7;13;0;1;1;1
202200030354;759 852;34;0;2;1;14;1
202200030354;759 853;7;0;0;6;15;1
202200030355;759 851;2;0;0;0;0;1
202200030356;759 850;13;2;0;3;13;1
202200030357;759 848;7;0;2;3;13;1
202200030357;759 849;7;0;2;1;1;1
202200030358;759 846;10;0;2;1;1;1
202200030358;759 847;7;0;2;6;15;1
202200030359;759 844;7;0;2;4;15;1
202200030359;759 845;7;0;2;2;2;1
202200030360;759 842;7;0;9;3;2;1
202200030360;759 843;1;0;2;7;1;5
202200030361;759 840;7;0;0;8;1;1
202200030361;759 841;33;0;2;1;19;1
202200030362;759 838;10;0;2;4;4;1
202200030362;759 839;7;0;2;1;1;1
202200030363;759 837;1;13;0;0;14;5
202200030364;759 835;7;0;2;8;15;1
202200030364;759 836;33;0;2;1;1;1
202200030365;759 833;32;0;2;1;1;1
202200030365;759 834;7;0;2;1;13;1
202200030366;759 832;2;0;0;0;20;1
202200030367;759 831;7;0;1;6;4;1
202200030368;759 829;7;0;2;3;0;1
202200030368;759 830;7;0;2;3;13;2
202200030369;759 828;1;0;0;0;1;5
202200030370;759 826;7;0;2;3;1;1
202200030370;759 827;7;0;2;0;19;1
202200030371;759 824;33;0;2;2;17;1
202200030371;759 825;7;0;2;3;15;1
202200030372;759 822;10;0;0;0;0;0
202200030372;759 823;30;0;2;2;1;1
202200030373;759 820;7;0;2;2;1;1
202200030373;759 821;1;0;2;1;5;5
202200030374;759 819;7;0;5;3;1;1
202200030375;759 818;7;0;1;1;15;0
202200030376;759 817;7;5;0;2;13;1
202200030377;759 813;7;0;2;3;5;1
202200030377;759 814;33;0;2;1;1;1
202200030378;759 815;14;0;2;5;2;1
202200030378;759 816;1;1;2;1;2;5
202200030379;759 812;7;8;0;1;14;1
202200030380;759 810;34;0;2;7;1;1
202200030380;759 811;10;0;2;8;15;1
202200030381;759 807;7;0;2;7;9;1
202200030381;759 809;10;13;0;8;1;1
202200030382;759 808;7;0;1;2;1;1
202200030383;759 804;7;0;2;1;1;1
202200030383;759 805;7;8;2;7;1;1
202200030384;759 803;7;0;2;2;15;1
202200030384;759 806;7;0;2;1;1;1
202200030385;759 801;7;13;0;2;14;1
202200030386;759 800;7;0;2;3;15;1
202200030386;759 802;2;0;2;0;0;0
202200030387;759 797;7;0;2;3;1;2
202200030387;759 799;7;0;2;3;13;1
202200030388;759 795;33;2;0;1;1;1
202200030389;759 796;7;0;2;1;18;1
202200030389;759 798;33;0;2;1;15;1
202200030390;759 792;7;0;2;3;1;0
202200030390;759 794;14;0;2;8;1;0
202200030391;759 791;7;0;2;5;1;1
202200030391;759 793;7;0;2;5;19;1
202200030392;759 790;33;0;0;0;1;1
202200030393;759 787;1;0;2;8;2;5
202200030393;759 788;10;0;2;7;2;1
202200030394;759 786;34;0;2;8;21;1
202200030394;759 789;50;0;2;0;0;3
202200030395;759 784;2;0;0;0;1;3
202200030396;759 785;2;0;0;0;0;1
202200030397;759 782;7;0;1;1;0;1
202200030398;759 783;10;0;1;2;1;1
202200030399;759 779;7;0;2;1;13;1
202200030399;759 781;7;0;2;1;2;0
202200030400;759 777;7;0;2;0;0;1
202200030400;759 780;1;0;2;0;0;5
202200030401;759 775;7;4;2;7;13;1
202200030401;759 776;7;0;2;8;1;1
202200030401;759 778;15;0;2;1;1;1
202200030402;759 772;7;0;2;8;1;0
202200030402;759 774;7;0;2;3;15;0
202200030403;759 771;33;0;2;7;17;1
202200030403;759 773;10;0;2;8;15;1
202200030404;759 768;30;0;2;2;1;1
202200030404;759 770;7;0;2;3;15;1
202200030405;759 769;7;0;0;2;19;1
202200030406;759 766;7;0;2;7;0;3
202200030406;759 767;33;0;2;1;1;1
202200030407;759 763;7;0;2;7;0;1
202200030407;759 765;7;0;2;1;0;1
202200030408;759 764;7;0;1;2;16;0
202200030409;759 759;7;0;0;3;1;1
202200030409;759 760;7;0;0;6;11;1
202200030409;759 762;33;0;2;1;13;1
202200030410;759 758;1;0;2;8;18;5
202200030410;759 761;21;0;9;7;14;1
202200030411;759 756;1;0;2;1;1;5
202200030411;759 757;7;0;2;3;9;1
202200030412;759 755;7;0;1;3;19;1
202200030413;759 753;17;0;2;1;1;1
202200030413;759 754;7;3;2;0;12;1
202200030414;759 751;7;4;0;2;17;1
202200030415;759 750;2;0;2;8;17;1
202200030415;759 752;7;0;2;2;1;1
202200030416;759 748;33;0;2;1;13;1
202200030416;759 749;7;0;2;1;0;1
202200030417;759 745;7;0;2;1;1;1
202200030417;759 746;7;0;2;1;15;1
202200030418;759 744;7;2;2;3;1;1
202200030418;759 747;7;0;2;3;13;1
202200030419;759 741;33;3;0;0;1;1
202200030420;759 736;1;0;2;3;9;5
202200030420;759 737;7;0;9;1;1;2
202200030421;759 735;7;3;2;0;12;1
202200030421;759 738;7;3;2;0;12;1
202200030421;759 739;7;0;2;4;2;1
202200030421;759 740;7;0;2;1;2;1
202200030422;759 733;1;0;2;1;16;5
202200030422;759 734;10;0;2;1;1;1
202200030423;759 730;7;4;0;1;13;1
202200030424;759 731;43;0;2;1;17;1
202200030424;759 732;7;0;2;3;15;1
202200030425;759 728;7;0;2;4;2;1
202200030425;759 729;7;0;2;1;2;1
202200030426;759 727;0;0;1;0;0;0
202200030427;759 724;7;0;2;6;2;1
202200030427;759 725;33;0;2;3;3;1
202200030427;759 726;7;0;2;7;12;1
202200030428;759 722;7;0;2;3;15;1
202200030428;759 723;7;0;2;3;1;1
202200030429;759 720;7;4;0;1;13;1
202200030429;759 721;7;0;2;1;1;1
202200030430;759 719;17;4;0;3;2;1
202200030431;759 715;15;0;2;2;9;1
202200030431;759 717;7;0;2;6;1;1
202200030432;759 716;7;0;2;3;13;1
202200030432;759 718;20;0;2;3;21;1
202200030433;759 713;10;0;2;6;2;1
202200030433;759 714;31;0;2;1;2;1
202200030434;759 709;7;0;2;4;0;1
202200030434;759 711;33;0;2;1;3;1
202200030435;759 710;7;0;2;1;5;1
202200030435;759 712;7;0;2;1;1;1
202200030436;759 707;31;0;2;3;3;1
202200030436;759 708;10;0;2;5;12;1
202200030437;759 703;7;0;2;8;12;1
202200030437;759 705;14;0;2;0;0;1
202200030438;759 704;15;0;2;3;13;1
202200030438;759 706;15;13;2;3;1;1
202200030439;759 700;10;4;2;6;1;1
202200030439;759 701;7;4;2;3;1;1
202200030439;759 702;31;4;2;1;3;1
202200030440;759 696;7;4;2;1;1;1
202200030440;759 697;7;0;2;1;1;0
202200030441;759 694;7;0;2;1;2;1
202200030441;759 695;3;0;2;4;2;0
202200030442;759 691;7;0;2;8;0;1
202200030442;759 693;10;0;2;2;1;1
202200030443;759 690;7;0;2;1;11;1
202200030443;759 692;30;0;2;7;1;1
202200030444;759 689;32;14;0;1;1;1
202200030445;759 687;13;0;2;3;1;1
202200030445;759 688;7;0;2;3;1;1
202200030446;759 683;32;0;2;0;0;1
202200030446;759 684;7;0;2;2;1;1
202200030446;759 686;7;0;2;5;1;1
202200030447;759 681;10;0;2;1;19;1
202200030447;759 682;7;0;0;8;1;1
202200030448;759 678;7;17;0;9;26;1
202200030449;759 676;7;0;2;1;1;1
202200030449;759 677;7;0;2;1;13;1
202200030450;759 679;33;0;2;1;9;1
202200030450;759 680;13;0;2;0;1;1
202200030451;759 675;7;6;0;3;0;1
202200030452;759 672;7;0;0;3;0;1
202200030452;759 674;1;0;0;0;0;5
202200030453;759 671;7;0;9;4;23;1
202200030453;759 673;1;0;2;1;1;5
202200030454;759 669;80;0;2;1;9;3
202200030454;759 670;7;0;0;8;9;1
202200030455;759 667;7;12;0;1;13;1
202200030455;759 668;7;12;0;1;1;1
202200030456;759 665;7;0;0;4;1;2
202200030456;759 666;7;0;0;1;1;1
202200030457;759 664;7;4;0;7;1;1
202200030458;759 662;7;0;2;2;23;1
202200030458;759 663;7;0;2;6;2;1
202200030459;759 661;7;12;0;1;1;2
202200030460;759 658;7;0;1;1;1;1
202200030461;759 657;7;0;2;6;2;1
202200030461;759 659;7;0;2;3;1;1
202200030461;759 660;7;0;2;3;17;1
202200030462;759 656;7;0;1;1;1;2
202200030463;759 654;43;0;2;6;0;1
202200030463;759 655;10;0;2;6;0;1
202200030464;759 652;7;0;2;3;16;1
202200030464;759 653;7;0;2;2;1;1
202200030465;759 650;7;13;0;9;17;1
202200030466;759 649;7;0;2;6;15;1
202200030466;759 651;33;0;2;2;17;1
202200030467;759 648;17;13;0;1;0;1
202200030468;759 646;10;8;0;2;14;1
202200030469;759 645;7;0;2;0;9;0
202200030469;759 647;30;0;2;0;0;1
202200030470;759 643;7;0;0;4;2;1
202200030470;759 644;7;0;0;1;2;1
202200030471;759 637;7;0;2;4;2;1
202200030471;759 639;7;0;2;4;2;1
202200030471;759 640;7;0;2;4;2;1
202200030471;759 642;7;0;2;1;2;1
202200030472;759 638;7;0;2;1;19;1
202200030472;759 641;7;0;2;5;19;1
202200030473;759 634;7;2;0;7;0;1
202200030473;759 636;7;15;0;1;1;1
202200030474;759 633;30;0;2;7;0;1
202200030474;759 635;7;0;2;0;15;1
202200030475;759 631;33;0;2;1;3;1
202200030475;759 632;7;0;2;8;11;1
202200030476;759 629;10;0;2;4;2;1
202200030476;759 630;7;0;2;1;2;1
202200030477;759 627;7;0;2;4;2;1
202200030477;759 628;7;0;2;1;2;1
202200030478;759 624;10;0;2;1;11;1
202200030478;759 625;7;0;2;4;1;1
202200030479;759 623;33;0;2;1;16;1
202200030479;759 626;7;0;2;7;1;1
202200030480;759 621;7;0;1;1;15;1
202200030481;759 619;7;0;2;1;9;0
202200030481;759 620;7;0;2;1;21;0
202200030481;759 622;7;0;2;3;21;0
202200030482;759 616;33;0;2;7;8;1
202200030482;759 618;1;0;2;1;1;0
202200030483;759 615;7;0;2;4;2;1
202200030483;759 617;7;0;2;1;2;1
202200030484;759 613;7;0;1;2;1;1
202200030485;759 612;31;0;2;1;1;1
202200030485;759 614;7;0;2;1;19;1
202200030486;759 610;7;0;2;1;2;1
202200030486;759 611;7;0;2;6;2;1
202200030487;759 609;7;0;1;2;1;1
202200030488;759 608;7;0;1;5;1;1
202200030489;759 606;30;0;0;8;1;1
202200030490;759 605;34;0;2;1;5;1
202200030490;759 607;7;0;2;7;15;1
202200030491;759 603;33;1;2;3;1;1
202200030491;759 604;7;0;2;5;23;1
202200030492;759 602;3;0;0;3;21;1
202200030493;759 599;7;0;2;3;19;2
202200030493;759 601;50;0;2;1;19;3
202200030494;759 598;1;0;2;1;1;5
202200030494;759 600;7;0;2;3;9;1
202200030495;759 597;7;4;0;1;18;1
202200030496;759 594;7;0;2;1;2;1
202200030496;759 596;7;0;2;8;1;1
202200030497;759 593;7;6;2;3;1;1
202200030497;759 595;7;0;2;2;15;1
202200030498;759 591;7;0;2;3;11;1
202200030498;759 592;32;0;2;2;1;1
202200030499;759 589;7;0;1;4;26;1
202200030500;759 588;34;0;2;1;18;0
202200030500;759 590;7;0;2;2;16;1
202200030501;759 585;7;0;9;6;1;2
202200030501;759 587;41;0;2;1;19;1
202200030502;759 582;7;0;2;1;2;2
202200030502;759 583;7;0;2;4;1;1
202200030503;759 578;40;0;2;2;1;3
202200030503;759 579;1;0;4;1;15;5
202200030504;759 577;33;4;0;1;1;1
202200030505;759 575;7;1;2;1;0;2
202200030505;759 576;7;1;2;1;20;1
202200030506;759 571;7;0;0;6;2;1
202200030506;759 573;2;0;0;1;2;1
202200030507;759 568;7;0;2;1;1;1
202200030507;759 569;7;0;2;7;13;1
202200030508;759 564;7;0;2;0;26;2
202200030508;759 565;7;0;2;3;1;1
202200030508;759 567;33;0;2;2;17;1
202200030509;759 563;7;0;2;1;26;1
202200030509;759 566;50;0;2;8;1;3
202200030510;759 562;7;0;1;2;20;1
202200030511;759 558;7;0;2;1;2;1
202200030511;759 559;7;0;0;4;0;1
202200030512;759 557;7;6;0;0;14;1
202200030513;759 555;7;0;2;2;17;1
202200030513;759 556;3;0;2;6;21;1
202200030514;759 553;7;15;2;1;19;1
202200030514;759 554;34;15;2;8;1;1
202200030515;759 551;7;0;2;1;2;1
202200030515;759 552;7;0;2;4;2;1
202200030516;759 549;30;12;0;7;14;1
202200030517;759 548;50;0;2;9;9;3
202200030517;759 550;7;0;2;1;1;1
202200030518;759 546;1;0;2;1;1;5
202200030518;759 547;7;0;2;3;1;1
202200030519;759 544;7;0;2;2;1;1
202200030519;759 545;1;0;2;8;19;5
202200030520;759 542;33;0;2;3;1;1
202200030520;759 543;7;0;2;1;15;1
202200030521;759 539;1;0;2;1;1;5
202200030521;759 541;10;0;2;2;16;1
202200030522;759 538;33;0;2;1;1;1
202200030522;759 540;1;0;2;7;19;5
202200030523;759 536;15;6;0;1;23;1
202200030524;759 535;50;0;2;3;1;3
202200030524;759 537;10;0;2;2;16;1
202200030525;759 532;7;0;2;2;1;1
202200030525;759 533;50;0;2;1;19;3
202200030526;759 531;7;0;2;3;1;1
202200030526;759 534;7;0;2;3;1;0
202200030527;759 529;7;8;0;2;1;1
202200030528;759 528;7;0;2;1;15;1
202200030528;759 530;1;0;2;2;15;5
202200030529;759 526;7;1;0;2;14;1
202200030530;759 525;7;0;2;1;1;1
202200030530;759 527;7;0;2;4;1;1
202200030531;759 521;1;0;2;1;1;5
202200030531;759 523;10;0;2;6;1;1
202200030532;759 519;7;0;2;1;1;0
202200030532;759 520;7;0;2;4;1;1
202200030532;759 522;7;0;2;3;20;0
202200030532;759 524;7;0;2;0;0;0
202200030533;759 516;7;0;2;1;1;1
202200030533;759 518;30;0;2;7;15;1
202200030534;759 515;7;0;2;1;26;1
202200030534;759 517;30;0;2;2;2;1
202200030535;759 514;7;8;0;3;1;1
202200030536;759 513;7;0;1;2;1;1
202200030537;759 510;7;0;2;3;15;1
202200030537;759 512;32;0;2;2;1;1
202200030538;759 509;7;0;2;1;13;1
202200030538;759 511;7;0;2;1;1;1
202200030539;759 507;7;0;9;0;15;1
202200030540;759 506;7;0;2;3;1;1
202200030540;759 508;7;0;2;3;1;1
202200030541;759 501;7;0;0;1;2;1
202200030541;759 502;7;0;0;4;2;1
202200030541;759 504;7;0;0;4;2;1
202200030541;759 505;7;0;0;4;2;1
202200030542;759 500;1;0;2;1;1;5
202200030542;759 503;7;0;2;1;15;1
202200030543;759 498;1;0;2;0;9;5
202200030543;759 499;7;0;2;0;0;0
202200030544;759 497;2;0;1;3;1;0
202200030545;759 496;10;0;1;3;15;1
202200030546;759 493;33;0;2;1;25;1
202200030546;759 495;7;0;9;2;0;1
202200030547;759 492;10;0;9;5;17;1
202200030547;759 494;1;0;2;8;13;5
202200030548;759 490;32;0;1;0;14;0
202200030549;759 491;33;1;0;1;26;1
202200030550;759 489;10;4;0;1;19;1
202200030551;759 487;7;0;2;1;17;1
202200030551;759 488;7;0;2;1;1;1
202200030552;759 486;7;0;1;1;1;1
202200030553;759 484;7;0;2;3;1;1
202200030553;759 485;33;0;2;1;13;1
202200030554;759 480;7;0;2;4;2;1
202200030554;759 482;33;0;2;1;26;1
202200030555;759 481;7;0;2;3;1;2
202200030555;759 483;7;0;2;3;1;1
202200030556;759 479;1;0;2;0;0;5
202200030557;759 477;1;0;2;1;1;5
202200030557;759 478;7;0;2;1;1;1
202200030558;759 475;31;0;0;0;1;1
202200030559;759 476;7;0;1;3;1;1
202200030560;759 473;38;0;9;1;1;1
202200030560;759 474;34;0;9;1;26;1
202200030561;759 470;7;0;2;2;1;1
202200030561;759 472;31;0;2;1;13;0
202200030562;759 469;10;1;2;1;1;1
202200030562;759 471;7;1;2;8;1;1
202200030563;759 468;7;0;1;4;4;1
202200030564;759 465;7;0;1;2;17;1
202200030565;759 466;7;0;2;1;2;0
202200030565;759 467;7;0;2;4;2;1
202200030566;759 463;7;0;2;8;10;1
202200030566;759 464;7;0;2;1;17;1
202200030567;759 461;1;0;2;9;2;5
202200030567;759 462;37;0;2;7;17;1
202200030568;759 459;33;0;2;1;17;1
202200030568;759 460;7;0;2;3;15;1
202200030569;759 456;50;0;2;1;1;3
202200030569;759 458;7;0;2;4;20;1
202200030570;759 454;10;16;0;0;1;0
202200030571;759 453;7;8;0;1;26;1
202200030572;759 451;7;14;2;2;2;1
202200030572;759 452;7;14;2;3;17;1
202200030573;759 447;7;0;2;1;13;1
202200030573;759 448;37;0;2;1;1;2
202200030574;759 449;33;0;2;2;17;1
202200030574;759 450;7;0;2;6;15;1
202200030575;759 445;32;0;2;1;1;1
202200030575;759 446;7;0;2;2;15;1
202200030576;759 441;10;0;2;5;15;1
202200030576;759 444;7;0;2;1;26;1
202200030577;759 440;7;12;0;1;26;1
202200030578;759 437;7;0;2;5;16;1
202200030578;759 439;7;0;2;3;9;1
202200030579;759 436;7;0;2;1;1;1
202200030579;759 438;7;0;2;2;15;1
202200030580;759 434;7;0;1;8;1;1
202200030581;759 433;7;0;2;2;15;1
202200030581;759 435;2;0;2;1;1;1
202200030582;759 431;7;0;2;0;0;1
202200030582;759 432;7;0;2;1;1;1
202200030583;759 430;80;0;1;2;1;3
202200030584;759 429;1;0;1;1;1;5
202200030585;759 427;30;12;0;1;1;1
202200030586;759 425;37;0;1;8;1;1
202200030587;759 426;7;0;2;3;9;1
202200030587;759 428;50;0;2;7;1;3
202200030588;759 424;7;0;1;2;14;1
202200030589;759 423;33;0;0;0;1;1
202200030590;759 422;30;0;2;3;16;1
202200030591;759 419;33;0;2;1;1;1
202200030591;759 421;7;0;2;6;15;1
202200030592;759 418;7;0;2;3;15;1
202200030592;759 420;33;0;2;7;17;1
202200030593;759 414;7;0;2;4;2;1
202200030593;759 416;7;0;2;4;2;1
202200030593;759 417;7;0;2;1;2;1
202200030594;759 412;7;0;2;3;15;2
202200030594;759 415;7;0;2;1;1;1
202200030595;759 411;7;0;2;3;15;1
202200030595;759 413;50;0;2;3;0;3
202200030596;759 409;7;0;1;1;1;3
202200030597;759 408;7;0;2;3;15;1
202200030597;759 410;17;0;2;2;1;1
202200030598;759 407;7;0;1;1;1;1
202200030599;759 405;7;0;2;1;9;1
202200030599;759 406;1;0;2;0;0;5
202200030600;759 403;10;0;2;2;12;1
202200030600;759 404;7;0;2;1;14;1
202200030601;759 402;50;1;0;1;1;3
202200030602;759 399;2;0;2;8;1;1
202200030602;759 400;7;0;2;3;11;1
202200030603;759 396;7;0;9;1;1;1
202200030603;759 397;1;0;2;7;15;5
202200030604;759 398;7;0;2;4;2;1
202200030604;759 401;7;0;2;1;2;1
202200030605;759 393;7;0;2;4;26;1
202200030605;759 394;7;0;2;1;1;1
202200030606;759 392;7;0;2;3;2;1
202200030606;759 395;2;0;2;5;2;1
202200030607;759 389;7;0;2;4;1;1
202200030607;759 390;7;0;2;4;1;1
202200030607;759 391;7;0;2;1;1;1