Num_Acc;id_vehicule;catv;obs;obsm;choc;manv;motor
202200030608;759 386;7;0;2;2;1;3
202200030608;759 388;7;0;2;3;9;1
202200030609;759 385;7;0;2;1;1;1
202200030609;759 387;7;0;2;1;1;1
202200030610;759 383;50;0;2;1;1;3
202200030610;759 384;7;0;2;5;16;1
202200030611;759 381;31;0;2;1;1;1
202200030611;759 382;7;0;2;4;15;1
202200030612;759 379;7;0;2;1;1;1
202200030612;759 380;7;0;2;4;1;1
202200030613;759 377;7;0;1;3;0;1
202200030614;759 375;7;15;0;1;13;1
202200030615;759 376;7;0;2;6;0;0
202200030615;759 378;1;0;2;1;19;5
202200030616;759 373;7;0;2;2;16;2
202200030616;759 374;1;0;2;1;1;5
202200030617;759 370;7;0;2;1;15;1
202200030617;759 371;10;0;2;3;21;1
202200030618;759 367;7;6;2;1;26;1
202200030618;759 369;7;0;2;1;1;1
202200030619;759 365;15;0;2;4;1;1
202200030619;759 366;7;0;2;1;1;1
202200030620;759 368;7;0;2;2;16;1
202200030620;759 372;7;0;2;3;1;1
202200030621;759 364;7;8;0;1;15;1
202200030622;759 362;7;0;1;7;19;1
202200030623;759 361;34;0;2;1;1;1
202200030623;759 363;7;0;2;1;1;1
202200030624;759 359;7;0;2;1;1;1
202200030624;759 360;7;0;2;2;15;1
202200030625;759 357;7;16;0;1;1;1
202200030626;759 356;7;0;1;2;16;0
202200030627;759 353;10;0;0;0;0;1
202200030627;759 354;10;0;0;0;0;1
202200030628;759 355;32;0;2;1;1;1
202200030628;759 358;30;0;2;7;19;1
202200030629;759 351;7;0;2;6;15;1
202200030629;759 352;33;0;2;2;1;1
202200030630;759 349;7;8;0;1;26;1
202200030631;759 346;7;0;2;2;1;3
202200030631;759 347;7;0;2;3;9;1
202200030632;759 348;33;0;2;2;2;1
202200030632;759 350;7;0;2;3;9;1
202200030633;759 344;32;0;2;3;5;1
202200030633;759 345;7;0;2;3;5;1
202200030634;759 343;31;0;2;8;1;1
202200030635;759 342;32;0;1;3;1;1
202200030636;759 340;43;0;2;1;18;1
202200030636;759 341;7;0;2;6;1;0
202200030637;759 336;7;0;2;1;2;1
202200030637;759 337;10;0;2;4;2;1
202200030637;759 338;10;0;2;4;2;1
202200030638;759 332;34;0;2;7;3;1
202200030638;759 333;7;0;2;5;1;1
202200030638;759 334;7;0;2;8;1;1
202200030639;759 335;7;0;2;1;2;1
202200030639;759 339;7;0;2;4;23;1
202200030640;759 330;43;0;2;3;18;1
202200030640;759 331;7;0;2;7;23;1
202200030641;759 327;31;0;2;1;2;1
202200030641;759 328;7;0;2;4;2;1
202200030642;759 325;37;0;1;2;7;1
202200030643;759 326;7;0;2;3;1;1
202200030643;759 329;32;0;2;7;17;1
202200030644;759 323;80;0;2;1;1;3
202200030644;759 324;7;0;2;3;22;1
202200030645;759 322;7;0;1;8;20;1
202200030646;759 321;7;0;1;4;20;1
202200030647;759 316;7;0;2;1;23;1
202200030647;759 317;7;0;2;2;1;1
202200030647;759 318;7;0;2;3;1;1
202200030647;759 320;7;0;2;3;21;1
202200030648;759 315;7;0;2;4;23;1
202200030648;759 319;32;0;2;1;2;1
202200030649;759 314;7;0;1;1;18;0
202200030650;759 311;7;0;2;2;15;1
202200030650;759 312;30;0;2;1;1;1
202200030651;759 307;34;0;2;2;17;0
202200030651;759 308;7;0;2;6;17;1
202200030652;759 309;10;0;2;8;11;1
202200030652;759 310;7;0;2;2;1;1
202200030652;759 313;33;0;2;7;3;1
202200030653;759 306;30;0;0;8;1;3
202200030654;759 304;7;6;2;9;20;2
202200030655;759 301;32;0;2;7;3;1
202200030655;759 302;7;0;2;2;15;1
202200030656;759 303;10;0;2;1;15;1
202200030656;759 305;33;0;2;8;1;1
202200030657;759 300;7;13;0;8;0;1
202200030658;759 298;7;0;2;1;2;1
202200030658;759 299;7;0;0;6;2;1
202200030659;759 294;7;6;2;1;1;1
202200030659;759 296;7;0;2;2;1;2
202200030660;759 295;7;0;2;2;16;1
202200030660;759 297;80;0;2;7;19;3
202200030661;759 291;7;0;2;3;1;1
202200030661;759 293;7;0;2;3;15;1
202200030662;759 292;1;0;1;2;21;5
202200030663;759 285;7;0;0;8;15;1
202200030663;759 287;7;0;2;1;0;1
202200030664;759 286;50;0;2;1;5;3
202200030664;759 288;50;0;2;1;1;3
202200030665;759 283;50;0;2;1;1;3
202200030665;759 284;7;0;9;0;9;1
202200030666;759 281;7;0;1;2;1;1
202200030667;759 282;7;0;1;2;1;1
202200030668;759 279;7;0;2;1;1;1
202200030668;759 280;7;0;2;1;13;1
202200030669;759 277;10;0;9;0;2;1
202200030669;759 278;1;0;2;4;2;5
202200030670;759 273;7;0;2;3;1;1
202200030670;759 275;7;0;2;3;1;1
202200030671;759 274;7;0;2;7;22;1
202200030671;759 276;31;0;2;3;18;1
202200030672;759 272;7;13;0;1;0;3
202200030673;759 268;7;0;2;1;2;1
202200030673;759 270;7;0;2;1;1;1
202200030673;759 271;7;0;2;4;15;1
202200030674;759 269;50;0;0;0;1;3
202200030675;759 267;7;0;0;0;2;1
202200030676;759 265;7;0;2;3;1;1
202200030676;759 266;10;0;2;3;1;1
202200030677;759 262;7;0;2;1;1;1
202200030677;759 263;7;0;2;1;1;1
202200030678;759 264;37;0;2;5;7;3
202200030679;759 261;7;9;0;1;1;1
202200030680;759 259;33;0;0;0;1;1
202200030681;759 260;10;0;1;1;15;1
202200030682;759 258;7;2;0;1;1;1
202200030683;759 257;7;7;0;1;1;1
202200030684;759 255;50;0;2;0;0;3
202200030684;759 256;7;0;2;6;14;1
202200030685;759 253;7;0;2;1;1;1
202200030685;759 254;7;0;2;7;19;1
202200030686;759 252;10;7;0;2;13;1
202200030687;759 251;33;0;0;0;1;1
202200030688;759 248;7;0;2;3;1;1
202200030688;759 249;7;0;2;3;1;1
202200030689;759 246;7;0;0;0;1;1
202200030690;759 245;10;0;2;4;2;1
202200030690;759 247;7;0;2;3;2;1
202200030690;759 250;7;0;2;1;2;1
202200030691;759 243;7;0;2;1;1;1
202200030691;759 244;7;15;2;1;5;1
202200030692;759 237;7;0;2;4;2;1
202200030692;759 238;7;0;2;4;2;1
202200030692;759 241;10;0;2;1;1;1
202200030693;759 235;7;0;2;1;1;1
202200030693;759 236;7;0;2;1;15;0
202200030694;759 233;7;0;2;2;15;1
202200030694;759 234;7;0;2;3;1;1
202200030695;759 231;7;0;2;2;0;1
202200030695;759 232;32;0;2;0;0;1
202200030696;759 229;10;0;2;3;9;1
202200030696;759 230;50;0;2;2;2;3
202200030697;759 227;7;0;2;6;1;0
202200030697;759 228;7;0;2;2;1;0
202200030698;759 226;7;0;1;2;1;1
202200030699;759 224;7;0;2;2;19;0
202200030699;759 225;1;0;2;2;1;5
202200030700;759 223;50;0;1;1;19;3
202200030701;759 222;1;0;1;1;0;5
202200030702;759 221;36;15;0;0;1;1
202200030703;759 219;7;0;2;3;1;1
202200030703;759 220;7;0;2;1;13;1
202200030704;759 218;7;13;0;2;1;1
202200030705;759 217;7;2;0;0;1;1
202200030706;759 215;33;0;0;4;1;1
202200030706;759 216;7;0;2;1;1;1
202200030707;759 213;7;0;2;3;1;1
202200030707;759 214;32;0;2;1;6;1
202200030708;759 211;7;0;2;2;1;1
202200030708;759 212;7;0;2;3;9;1
202200030709;759 209;7;0;2;3;1;1
202200030709;759 210;2;15;2;3;13;1
202200030710;759 207;7;0;0;4;2;1
202200030710;759 208;31;0;2;1;2;1
202200030711;759 205;2;0;2;8;19;1
202200030711;759 206;7;0;2;3;1;1
202200030712;759 204;7;0;1;1;1;1
202200030713;759 202;7;0;2;1;1;1
202200030713;759 203;7;0;2;1;15;1
202200030714;759 201;7;6;0;1;13;1
202200030715;759 200;7;0;1;1;1;0
202200030716;759 198;7;0;0;7;1;1
202200030716;759 199;7;0;2;1;1;1
202200030717;759 195;7;0;2;7;16;1
202200030717;759 196;1;0;2;8;1;5
202200030718;759 194;7;2;0;1;1;0
202200030719;759 193;7;0;1;0;1;1
202200030720;759 191;10;0;0;2;9;0
202200030720;759 192;7;0;0;6;15;1
202200030721;759 189;13;0;2;2;11;1
202200030721;759 190;10;8;2;3;11;1
202200030722;759 188;7;0;0;9;1;1
202200030723;759 187;7;0;1;3;1;1
202200030724;759 185;7;0;2;2;15;1
202200030724;759 186;7;0;2;1;1;1
202200030725;759 183;32;0;2;1;1;1
202200030725;759 184;7;0;2;3;13;1
202200030726;759 182;7;0;1;1;0;1
202200030727;759 181;7;7;0;1;1;1
202200030728;759 179;7;0;2;1;13;1
202200030728;759 180;7;0;2;1;1;1
202200030729;759 177;7;0;2;1;1;1
202200030729;759 178;7;0;2;1;1;1
202200030730;759 176;7;0;1;1;1;1
202200030731;759 175;10;7;0;1;0;1
202200030732;759 174;7;3;0;8;1;1
202200030733;759 172;7;0;2;3;0;1
202200030733;759 173;2;0;2;1;1;1
202200030734;759 171;7;0;1;2;14;1
202200030735;759 170;10;0;0;1;1;1
202200030736;759 169;33;8;0;1;1;1
202200030737;759 167;7;0;2;1;1;1
202200030737;759 168;10;0;2;1;1;1
202200030738;759 164;31;6;0;1;1;1
202200030739;759 163;7;2;0;1;6;1
202200030740;759 162;7;0;0;9;0;1
202200030741;759 161;7;13;0;1;16;1
202200030742;759 160;7;9;0;1;1;1
202200030743;759 158;1;0;2;4;2;5
202200030743;759 159;7;0;9;2;2;1
202200030744;759 155;7;0;2;3;13;1
202200030744;759 156;33;0;2;1;1;1
202200030744;759 157;33;12;0;7;21;1
202200030745;759 154;7;8;0;0;0;1
202200030746;759 153;33;3;0;7;1;1
202200030747;759 152;33;12;0;7;1;1
202200030748;759 150;10;0;2;3;1;1
202200030748;759 151;1;0;2;1;23;5
202200030749;759 146;7;0;2;4;1;1
202200030749;759 147;7;0;2;1;1;1
202200030749;759 148;7;-1;-1;-1;-1;-1
202200030749;759 149;7;-1;-1;-1;-1;-1
202200030750;759 144;16;0;2;7;12;1
202200030750;759 145;7;4;2;8;1;1
202200030751;759 143;7;4;0;1;21;1
202200030752;759 141;7;0;2;1;11;1
202200030752;759 142;7;0;2;4;1;1
202200030753;759 140;7;5;0;1;12;1
202200030754;759 138;34;0;2;1;3;0
202200030754;759 139;7;0;2;2;12;2
202200030755;759 134;7;0;2;3;3;1
202200030755;759 135;15;0;2;1;1;1
202200030755;759 136;7;0;2;2;1;1
202200030755;759 137;7;0;2;7;1;1
202200030756;759 132;15;0;2;2;1;1
202200030756;759 133;33;0;2;6;3;1
202200030757;759 130;7;0;2;4;2;1
202200030757;759 131;33;0;2;1;1;1
202200030758;759 129;1;0;1;1;25;5
202200030759;759 128;30;0;1;1;26;1
202200030760;759 126;7;1;0;2;2;1
202200030760;759 127;7;0;2;6;24;1
202200030761;759 125;7;0;1;2;1;1
202200030762;759 124;7;0;1;1;9;1
202200030763;759 122;30;0;2;1;2;0
202200030763;759 123;7;0;2;6;2;0
202200030764;759 120;99;0;2;1;15;3
202200030764;759 121;30;0;2;8;1;1
202200030765;759 118;7;0;2;8;1;1
202200030765;759 119;7;0;2;1;1;1
202200030766;759 116;1;0;2;7;1;0
202200030766;759 117;7;0;9;3;9;2
202200030767;759 113;7;0;2;1;1;1
202200030767;759 114;7;0;2;3;1;1
202200030767;759 115;7;0;2;3;1;1
202200030768;759 111;7;0;2;9;2;1
202200030768;759 112;7;0;2;9;10;1
202200030769;759 110;7;0;1;1;1;1
202200030770;759 108;10;0;2;5;26;1
202200030770;759 109;7;0;2;1;9;1
202200030771;759 106;7;0;2;2;1;1
202200030771;759 107;7;0;2;3;16;1
202200030772;759 105;7;0;1;2;1;1
202200030773;759 103;2;0;2;1;2;1
202200030773;759 104;7;0;2;4;2;1
202200030774;759 099;1;0;2;4;1;5
202200030774;759 100;37;0;2;5;1;1
202200030775;759 097;33;0;2;1;2;1
202200030775;759 098;2;0;2;4;2;1
202200030776;759 096;7;0;0;2;14;1
202200030777;759 094;10;0;2;1;1;1
202200030777;759 095;50;0;2;7;1;3
202200030778;759 092;7;0;2;1;1;1
202200030778;759 093;1;0;2;1;1;5
202200030779;759 089;7;0;2;3;2;2
202200030779;759 090;7;0;2;5;23;1
202200030779;759 091;7;0;2;5;23;1
202200030780;759 087;7;0;2;3;9;1
202200030780;759 088;2;0;2;9;13;1
202200030781;759 086;7;0;1;2;1;1
202200030782;759 083;7;0;2;1;2;1
202200030782;759 084;7;0;2;4;2;1
202200030782;759 085;7;0;2;4;2;1
202200030783;759 082;7;0;1;2;1;2
202200030784;759 080;7;0;2;4;1;1
202200030784;759 081;7;0;2;1;1;1
202200030785;759 078;7;0;2;3;26;1
202200030785;759 079;2;0;2;7;17;1
202200030786;759 077;30;0;2;8;1;1
202200030787;759 075;7;0;2;1;15;1
202200030787;759 076;1;0;2;1;1;5
202200030788;759 072;7;0;2;1;13;1
202200030788;759 073;7;0;2;1;1;1
202200030788;759 074;7;0;2;1;1;1
202200030789;759 071;30;0;1;1;26;1
202200030790;759 069;39;0;9;0;2;3
202200030790;759 070;1;0;4;0;0;5
202200030791;759 067;33;0;2;1;21;1
202200030791;759 068;7;0;0;5;1;1
202200030792;759 066;7;0;1;3;1;1
202200030793;759 065;7;0;1;1;0;1
202200030794;759 063;7;0;2;3;9;1
202200030794;759 064;33;0;2;1;1;1
202200030795;759 062;7;0;1;3;1;1
202200030796;759 061;33;16;0;8;1;1
202200030797;759 059;50;0;2;7;1;3
202200030797;759 060;7;0;9;1;9;1
202200030798;759 058;1;0;-1;0;2;5
202200030799;759 056;7;12;2;1;19;1
202200030799;759 057;7;0;2;7;1;1
202200030800;759 055;7;0;1;4;26;1
202200030801;759 053;1;0;2;7;1;5
202200030801;759 054;7;0;9;3;20;1
202200030802;759 051;7;0;2;3;9;1
202200030802;759 052;50;0;2;7;1;3
202200030803;759 049;7;0;2;6;1;1
202200030803;759 050;17;0;2;2;1;1
202200030804;759 048;7;0;1;1;16;1
202200030805;759 047;7;0;1;1;19;1
202200030806;759 045;33;0;2;1;1;1
202200030806;759 046;7;0;2;4;23;1
202200030807;759 043;7;0;2;8;9;1
202200030807;759 044;30;0;2;1;9;1
202200030808;759 040;7;0;2;1;0;1
202200030808;759 041;7;0;2;4;2;1
202200030808;759 042;10;0;2;4;2;1
202200030809;759 036;7;0;2;1;11;0
202200030809;759 037;7;0;2;6;1;2
202200030810;759 035;7;0;2;4;23;1
202200030810;759 038;7;0;2;4;23;1
202200030810;759 039;7;0;2;1;26;1
202200030811;759 031;10;0;2;4;1;1
202200030811;759 033;31;0;2;8;3;1
202200030811;759 034;7;0;2;2;12;1
202200030812;759 030;7;0;2;1;1;1
202200030812;759 032;7;0;2;7;1;1
202200030813;759 027;7;0;2;1;2;1
202200030813;759 029;10;0;2;4;2;1
202200030814;759 026;7;13;2;8;2;1
202200030814;759 028;7;0;2;2;19;1
202200030815;759 025;33;4;0;1;12;3
202200030816;759 024;30;-1;1;-1;0;-1
202200030817;759 022;1;0;2;8;13;5
202200030817;759 023;1;0;2;1;1;5
202200030818;759 020;7;0;2;1;9;0
202200030818;759 021;7;0;2;7;2;0
202200030819;759 018;50;0;2;8;1;3
202200030819;759 019;7;0;2;2;14;1
202200030820;759 013;7;0;2;4;23;2
202200030820;759 014;7;0;2;4;23;1
202200030820;759 016;7;0;2;1;1;1
202200030821;759 009;50;0;2;1;1;3
202200030821;759 011;1;0;2;3;1;5
202200030822;759 008;2;0;0;7;15;3
202200030823;759 006;60;0;2;0;0;5
202200030823;759 007;7;0;2;0;10;1
202200030824;759 004;7;0;1;1;15;1
202200030825;759 003;31;0;2;0;0;1
202200030825;759 005;7;0;2;1;0;1
202200030826;759 001;7;0;1;3;2;1
202200030827;759 000;3;0;2;7;1;1
202200030827;759 002;7;0;2;1;15;1
202200030828;758 999;7;0;1;3;15;1
202200030829;758 998;43;0;1;1;1;1
202200030830;758 996;7;0;2;1;1;1
202200030830;758 997;7;0;2;4;1;1
202200030831;758 994;7;8;0;1;2;1
202200030832;758 993;1;0;2;1;5;5
202200030832;758 995;7;0;2;3;1;1
202200030833;758 991;7;0;2;6;15;1
202200030833;758 992;34;0;2;1;2;1
202200030834;758 989;7;0;2;1;15;1
202200030834;758 990;30;0;2;1;1;1
202200030835;758 987;32;0;2;1;1;1
202200030835;758 988;7;0;2;2;1;1
202200030836;758 984;2;0;2;8;1;1
202200030836;758 986;7;0;2;7;14;1
202200030837;758 983;7;0;0;2;1;1
202200030837;758 985;1;0;2;2;5;5
202200030838;758 979;7;0;2;2;20;1
202200030838;758 981;10;0;2;3;1;1
202200030839;758 978;10;0;2;5;15;1
202200030839;758 980;7;0;2;3;21;1
202200030839;758 982;7;0;2;1;2;1
202200030840;758 976;7;0;2;5;23;2
202200030840;758 977;32;0;2;1;1;1
202200030841;758 975;32;4;0;7;14;1
202200030842;758 970;7;0;2;4;0;1
202200030842;758 971;7;0;2;4;0;1
202200030842;758 973;10;0;2;4;0;0
202200030842;758 974;10;0;2;1;0;1
202200030843;758 969;33;0;2;1;2;1
202200030843;758 972;10;0;2;5;2;1
202200030844;758 968;10;0;1;1;1;2
202200030845;758 967;34;0;1;1;1;1
202200030846;758 965;32;0;2;3;0;1
202200030846;758 966;7;0;2;1;15;1
202200030847;758 962;50;0;2;1;5;3
202200030847;758 964;33;0;2;1;9;1
202200030848;758 961;7;0;2;6;23;1
202200030848;758 963;37;0;2;1;2;3
202200030849;758 959;33;0;2;3;1;1
202200030849;758 960;7;0;2;2;19;1
202200030850;758 957;7;0;2;0;15;0
202200030850;758 958;1;8;2;8;1;5
202200030851;758 955;7;0;2;2;13;1
202200030851;758 956;7;0;2;1;1;1
202200030852;758 953;43;0;2;2;1;1
202200030852;758 954;14;0;2;6;16;1
202200030853;758 952;7;2;0;8;1;1
202200030854;758 951;7;13;0;4;1;1
202200030855;758 949;32;0;2;2;1;1
202200030855;758 950;10;0;2;2;15;1
202200030856;758 947;30;0;0;0;1;1
202200030857;758 943;7;0;0;4;2;1
202200030857;758 945;7;0;2;1;2;2
202200030857;758 946;7;0;2;1;2;1
202200030858;758 944;50;0;1;1;25;3
202200030859;758 940;37;0;1;2;1;3
202200030860;758 941;43;0;2;2;1;1
202200030860;758 942;7;0;2;7;15;2
202200030861;758 936;43;0;2;7;17;1
202200030861;758 938;7;0;2;3;1;1
202200030862;758 937;32;0;2;1;2;1
202200030862;758 939;2;0;2;8;15;1
202200030863;758 935;33;0;6;1;21;1
202200030864;758 931;2;0;9;1;17;1
202200030864;758 933;80;0;0;8;15;3
202200030865;758 930;2;9;0;1;1;1
202200030865;758 932;7;0;2;1;1;1
202200030866;758 928;10;0;2;8;1;1
202200030866;758 929;37;0;2;1;1;1
202200030867;758 926;7;0;2;3;1;1
202200030867;758 927;7;0;2;7;15;1
202200030868;758 924;7;0;2;3;1;1
202200030868;758 925;7;0;2;2;13;1
202200030869;758 923;10;2;0;1;1;1
202200030870;758 921;7;0;2;2;9;1
202200030870;758 922;33;0;2;5;1;1
202200030871;758 920;10;0;1;2;1;1
202200030872;758 917;7;0;2;1;2;2
202200030872;758 918;7;0;2;3;12;1
202200030873;758 916;7;0;2;2;1;1
202200030873;758 919;7;0;2;2;15;1
202200030874;758 913;7;0;2;1;1;1
202200030874;758 914;7;0;2;1;13;1
202200030875;758 912;7;0;2;2;0;1
202200030875;758 915;7;0;2;1;0;1
202200030876;758 909;31;0;2;1;17;1
202200030876;758 911;7;0;2;3;15;1
202200030877;758 908;7;1;0;2;1;2
202200030877;758 910;7;1;0;4;4;1
202200030878;758 905;7;0;2;3;1;1
202200030878;758 907;7;0;2;3;1;1
202200030879;758 906;7;0;1;2;0;0
202200030880;758 902;7;0;2;8;1;1
202200030880;758 904;7;0;2;1;1;1
202200030881;758 903;10;0;1;1;16;1
202200030882;758 899;7;0;0;4;26;1
202200030882;758 901;7;0;2;1;1;1
202200030883;758 898;7;0;9;4;10;1
202200030883;758 900;50;0;2;1;1;3
202200030884;758 895;7;0;0;0;9;1
202200030884;758 896;33;0;2;0;1;1
202200030885;758 894;33;13;0;1;1;1
202200030886;758 893;7;0;0;8;21;1
202200030887;758 891;33;0;2;1;1;1
202200030887;758 892;7;0;2;7;15;1
202200030888;758 890;7;13;0;0;1;1
202200030889;758 888;31;0;0;0;0;1
202200030890;758 887;7;0;2;3;26;0
202200030890;758 889;7;0;2;3;0;0
202200030891;758 886;7;2;0;1;21;1
202200030892;758 885;7;0;1;4;20;1
202200030893;758 882;7;0;2;1;1;1
202200030893;758 884;1;0;2;8;0;5
202200030894;758 881;7;0;2;1;1;1
202200030894;758 883;7;0;2;7;1;1
202200030895;758 879;33;0;2;8;16;1
202200030895;758 880;10;0;2;8;17;1
202200030896;758 878;33;0;0;0;1;1
202200030897;758 876;7;0;1;1;20;1
202200030898;758 875;1;0;2;1;15;5
202200030898;758 877;7;0;0;6;1;1
202200030899;758 872;99;9;2;1;1;6
202200030899;758 874;31;9;9;1;1;1
202200030900;758 871;7;0;2;1;1;1
202200030900;758 873;7;0;2;8;1;1
202200030901;758 868;7;0;2;3;19;1
202200030901;758 870;33;0;2;1;1;1
202200030902;758 867;10;0;2;3;9;1
202200030902;758 869;2;0;2;7;1;1
202200030903;758 864;7;0;2;2;15;1
202200030903;758 865;33;0;2;1;1;1
202200030904;758 863;2;0;2;1;5;1
202200030904;758 866;7;0;2;2;1;1
202200030905;758 861;10;0;2;3;26;1
202200030905;758 862;33;0;2;0;14;1
202200030906;758 860;33;0;0;1;0;1
202200030907;758 858;7;6;0;1;1;1
202200030908;758 857;2;0;2;1;13;1
202200030908;758 859;7;0;2;3;1;1
202200030909;758 855;7;0;1;1;1;1
202200030910;758 854;7;0;2;3;19;1
202200030910;758 856;10;0;2;6;0;1
202200030911;758 852;7;0;0;4;15;1
202200030911;758 853;10;0;2;1;2;1
202200030912;758 850;7;0;0;9;1;1
202200030913;758 849;7;0;2;1;1;1
202200030913;758 851;14;0;2;2;9;1
202200030914;758 848;2;0;0;0;1;1
202200030915;758 846;7;0;2;6;15;0
202200030915;758 847;2;7;2;2;21;1
202200030916;758 844;7;0;2;3;11;1
202200030916;758 845;33;0;2;1;1;1
202200030917;758 843;33;3;0;7;14;1
202200030918;758 841;17;0;2;6;1;1
202200030918;758 842;10;3;2;9;1;1
202200030919;758 839;15;0;2;3;0;1
202200030919;758 840;7;0;2;1;13;1
202200030920;758 838;7;13;0;9;1;1
202200030921;758 837;7;4;0;3;26;1
202200030922;758 836;7;0;1;2;15;1
202200030923;758 835;7;17;0;1;14;1
202200030924;758 834;7;13;0;2;1;1
202200030925;758 832;7;0;0;4;23;1
202200030925;758 833;10;0;2;1;2;1
202200030926;758 831;33;6;0;1;1;1
202200030927;758 829;7;13;0;1;1;1
202200030928;758 827;7;5;2;1;2;1
202200030928;758 828;7;0;0;4;2;1
202200030928;758 830;10;0;2;2;2;1
202200030929;758 825;7;0;2;1;1;1
202200030929;758 826;7;0;2;3;19;1
202200030930;758 823;10;0;2;1;1;1
202200030930;758 824;10;0;2;1;13;1
202200030931;758 822;33;1;0;7;1;1
202200030932;758 821;10;16;0;0;1;1
202200030933;758 820;7;2;0;1;1;3
202200030934;758 819;7;6;0;2;19;1
202200030935;758 816;33;0;2;1;12;1
202200030935;758 818;7;0;0;8;2;1
202200030936;758 817;7;0;1;3;1;1
202200030937;758 813;33;0;2;2;2;1
202200030937;758 815;7;0;2;3;15;1
202200030938;758 811;7;8;1;1;13;1
202200030939;758 812;31;0;2;8;1;1
202200030939;758 814;7;0;2;8;13;1
202200030940;758 809;7;0;2;2;2;1
202200030940;758 810;50;0;2;4;2;3
202200030941;758 808;2;7;0;1;1;1
202200030942;758 806;7;0;2;6;1;1
202200030942;758 807;2;0;2;1;1;1
202200030943;758 804;7;0;0;3;1;1
202200030943;758 805;7;0;2;3;1;1
202200030944;758 802;7;2;0;2;1;1
202200030945;758 799;7;0;0;1;1;1
202200030945;758 800;7;0;2;3;1;1
202200030946;758 801;2;0;2;1;18;1
202200030946;758 803;7;0;2;5;2;1
202200030947;758 797;10;0;0;2;2;1
202200030947;758 798;33;0;0;4;1;1
202200030948;758 795;7;6;0;1;1;1
202200030949;758 794;7;6;0;3;1;1
202200030950;758 793;7;13;0;0;0;1
202200030951;758 796;13;3;0;2;0;1
202200030952;758 792;7;6;0;1;1;1
202200030953;758 790;2;0;0;1;1;1
202200030954;758 789;2;0;0;6;1;1
202200030954;758 791;7;0;2;3;11;1
202200030955;758 785;33;0;2;1;1;1
202200030955;758 786;7;0;2;5;9;1
202200030956;758 782;7;0;2;1;13;1
202200030956;758 783;10;0;2;1;1;1
202200030957;758 779;7;0;2;1;5;1
202200030957;758 780;7;0;2;1;1;1
202200030958;758 781;2;0;2;2;1;3
202200030958;758 784;7;0;2;3;1;1
202200030959;758 776;7;0;2;3;11;1
202200030959;758 778;7;0;2;1;17;1
202200030960;758 774;1;0;2;4;1;5
202200030960;758 775;3;0;9;2;1;1
202200030961;758 773;32;13;2;2;17;1
202200030961;758 777;7;0;2;3;15;1
202200030962;758 772;7;13;0;1;1;1
202200030963;758 769;10;8;0;3;0;1
202200030963;758 771;7;0;2;2;15;1
202200030964;758 765;7;0;2;2;11;1
202200030964;758 766;7;0;2;8;1;1
202200030964;758 767;7;0;2;8;1;1
202200030965;758 768;7;0;2;1;15;1
202200030965;758 770;50;0;2;1;17;3
202200030966;758 761;7;0;2;1;2;1
202200030966;758 762;7;0;2;0;2;1
202200030966;758 763;10;0;2;1;2;1
202200030966;758 764;7;0;0;0;0;1
202200030967;758 758;7;0;2;4;0;1
202200030967;758 759;13;0;2;1;26;1
202200030968;758 760;2;0;0;0;1;1
202200030969;758 756;7;0;0;4;24;1
202200030969;758 757;7;1;0;1;1;1
202200030970;758 754;7;0;2;1;13;1
202200030970;758 755;38;0;2;1;1;1
202200030971;758 747;7;3;2;1;26;1
202200030971;758 748;7;1;2;1;2;1
202200030971;758 749;7;1;2;1;0;1
202200030972;758 746;7;0;2;4;10;1
202200030972;758 750;33;0;2;1;1;1
202200030973;758 745;7;8;0;1;0;1
202200030974;758 742;1;0;2;8;15;0
202200030974;758 743;33;0;2;1;2;1
202200030975;758 741;15;0;0;0;26;0
202200030976;758 740;7;0;2;3;1;1
202200030976;758 744;10;0;2;2;1;1
202200030977;758 738;7;0;1;2;0;1
202200030978;758 735;0;0;2;0;0;0
202200030978;758 737;0;0;2;0;0;0
202200030979;758 732;7;0;2;1;2;1
202200030979;758 734;7;0;2;7;15;1
202200030980;758 731;7;0;2;3;15;1
202200030980;758 733;7;0;2;6;15;1
202200030980;758 736;7;0;2;3;16;1
202200030981;758 729;30;0;2;1;1;3
202200030981;758 730;30;0;2;2;1;1
202200030982;758 728;30;12;0;3;13;1
202200030983;758 727;7;0;1;7;1;1
202200030984;758 723;7;0;2;1;2;1
202200030984;758 725;33;0;2;4;2;1
202200030985;758 724;17;0;2;1;1;1
202200030985;758 726;7;0;2;1;13;1
202200030986;758 721;50;0;2;4;26;3
202200030986;758 722;7;0;2;2;2;1
202200030987;758 720;2;4;0;7;1;1
202200030988;758 717;33;0;2;7;17;1
202200030988;758 719;7;0;2;8;13;1
202200030989;758 714;7;0;2;4;23;1
202200030989;758 715;2;0;2;1;1;1
202200030990;758 716;10;0;2;1;1;1
202200030990;758 718;7;0;2;3;19;1
202200030991;758 712;7;0;2;3;1;1
202200030991;758 713;31;0;2;1;1;1
202200030992;758 710;7;13;0;2;1;1
202200030993;758 711;10;0;1;2;1;1
202200030994;758 709;10;8;0;1;1;1
202200030995;758 707;1;0;0;2;1;5
202200030995;758 708;7;0;2;3;9;1
202200030996;758 702;7;6;2;1;13;0
202200030996;758 703;7;0;2;3;15;1
202200030997;758 699;33;0;1;1;26;1
202200030998;758 700;7;0;2;4;23;1
202200030998;758 701;7;0;2;4;2;1
202200030998;758 704;7;0;2;4;2;1
202200030998;758 706;10;0;2;1;2;1
202200030999;758 697;33;0;0;8;1;1
202200030999;758 698;7;0;2;1;11;1
202200031000;758 696;7;9;1;1;26;1
202200031001;758 694;33;12;0;0;13;1
202200031002;758 689;1;0;2;1;1;5
202200031002;758 691;7;0;2;8;22;1
202200031003;758 690;7;0;2;4;1;1
202200031003;758 692;10;0;2;1;2;1