Num_Acc;id_vehicule;catv;obs;obsm;choc;manv;motor
202200031777;757 307;7;0;2;8;19;1
202200031778;757 304;15;0;2;2;1;1
202200031778;757 305;7;0;2;2;17;2
202200031779;757 302;1;0;2;4;1;5
202200031779;757 303;7;0;2;2;0;0
202200031780;757 301;32;16;0;7;1;1
202200031781;757 299;2;0;2;1;1;1
202200031781;757 300;3;0;2;2;19;1
202200031782;757 298;7;3;0;1;13;1
202200031783;757 296;2;16;0;8;2;1
202200031784;757 295;7;0;1;2;1;1
202200031785;757 294;7;8;0;7;14;1
202200031786;757 292;7;0;2;3;1;1
202200031786;757 293;7;0;2;3;1;0
202200031787;757 291;7;13;0;1;1;1
202200031788;757 290;7;8;0;1;1;1
202200031789;757 288;7;0;0;0;13;1
202200031789;757 289;7;0;0;0;1;1
202200031790;757 287;7;0;0;9;0;1
202200031791;757 286;7;15;0;1;1;1
202200031792;757 284;7;0;2;3;0;1
202200031792;757 285;7;0;2;3;0;1
202200031793;757 282;7;0;2;1;1;1
202200031793;757 283;7;0;2;1;19;1
202200031794;757 281;2;12;0;7;1;1
202200031795;757 279;2;0;2;1;1;1
202200031795;757 280;7;0;2;3;15;1
202200031796;757 277;7;0;2;2;21;2
202200031796;757 278;7;0;2;6;19;1
202200031797;757 275;2;0;2;1;18;1
202200031797;757 276;17;0;2;2;16;1
202200031798;757 273;7;0;2;1;15;1
202200031798;757 274;31;0;2;2;1;1
202200031799;757 269;7;0;2;3;1;1
202200031799;757 270;7;0;2;3;13;1
202200031799;757 271;7;0;2;3;1;1
202200031799;757 272;7;0;2;3;1;1
202200031800;757 267;7;0;0;1;1;1
202200031800;757 268;17;0;0;0;1;1
202200031801;757 265;7;0;2;8;1;1
202200031801;757 266;7;3;2;7;17;1
202200031802;757 263;7;0;0;4;2;1
202200031802;757 264;7;0;2;1;2;1
202200031803;757 261;7;4;2;1;0;1
202200031803;757 262;17;0;2;6;1;1
202200031804;757 260;33;0;0;2;26;1
202200031805;757 258;7;3;2;1;1;1
202200031805;757 259;7;0;2;1;13;1
202200031806;757 257;7;16;0;0;9;1
202200031807;757 255;33;0;2;1;17;1
202200031807;757 256;7;0;2;4;15;1
202200031808;757 254;33;0;6;1;1;1
202200031809;757 251;7;0;2;1;1;0
202200031809;757 252;7;0;2;1;1;0
202200031809;757 253;7;0;2;1;1;0
202200031810;757 249;7;0;2;1;13;1
202200031810;757 250;7;0;2;1;1;1
202200031811;757 247;15;0;0;2;24;1
202200031811;757 248;7;1;0;3;14;1
202200031812;757 246;7;15;0;1;1;1
202200031813;757 244;15;0;2;6;1;1
202200031813;757 245;7;0;2;2;17;1
202200031814;757 242;10;0;2;7;12;0
202200031814;757 243;31;0;2;7;1;0
202200031815;757 240;7;0;2;4;2;1
202200031815;757 241;7;0;2;1;2;1
202200031816;757 239;7;4;0;1;13;1
202200031817;757 236;7;13;2;3;14;1
202200031817;757 237;7;0;2;5;1;1
202200031817;757 238;7;0;2;4;1;1
202200031818;757 235;7;4;0;1;1;1
202200031819;757 230;7;0;2;4;1;2
202200031819;757 231;7;0;2;1;1;1
202200031819;757 232;7;0;2;4;1;1
202200031819;757 233;7;0;2;4;1;1
202200031819;757 234;7;0;2;1;1;1
202200031820;757 226;7;0;2;1;2;1
202200031820;757 227;7;0;2;1;2;1
202200031820;757 228;7;0;2;5;26;1
202200031820;757 229;7;0;2;4;2;1
202200031821;757 225;32;0;0;8;3;1
202200031822;757 223;7;0;2;1;15;1
202200031822;757 224;7;0;2;6;23;1
202200031823;757 221;7;0;2;8;26;1
202200031823;757 222;7;0;2;1;2;1
202200031824;757 219;33;0;0;8;2;0
202200031824;757 220;33;0;0;8;2;1
202200031825;757 218;7;4;0;9;13;1
202200031826;757 217;7;0;0;3;2;1
202200031827;757 214;7;0;2;4;2;1
202200031827;757 215;7;0;2;2;1;1
202200031827;757 216;7;0;2;1;11;1
202200031828;757 213;10;6;0;1;0;-1
202200031829;757 211;50;0;2;1;1;3
202200031829;757 212;7;0;2;5;15;1
202200031830;757 209;14;0;2;3;16;1
202200031830;757 210;1;0;2;1;1;5
202200031831;757 208;7;1;0;3;1;-1
202200031832;757 206;1;0;2;1;5;5
202200031832;757 207;7;0;9;1;1;1
202200031833;757 204;7;9;0;1;19;1
202200031833;757 205;7;9;0;3;0;1
202200031834;757 203;10;3;0;0;1;1
202200031835;757 201;1;0;0;0;1;5
202200031835;757 202;15;0;0;0;1;-1
202200031836;757 198;33;0;9;1;1;1
202200031836;757 199;7;0;2;3;1;1
202200031837;757 196;7;0;2;0;0;1
202200031837;757 197;30;0;2;0;0;1
202200031838;757 195;30;0;2;5;0;1
202200031839;757 194;7;0;1;2;1;1
202200031840;757 193;38;0;1;7;15;1
202200031841;757 192;99;0;1;0;26;1
202200031842;757 190;7;0;2;2;16;1
202200031842;757 191;50;0;2;1;1;3
202200031843;757 189;7;12;0;8;1;1
202200031844;757 188;7;8;0;1;1;1
202200031845;757 187;7;0;1;4;20;1
202200031846;757 183;7;0;2;4;15;1
202200031846;757 184;7;0;2;1;1;1
202200031846;757 185;7;0;2;4;1;1
202200031846;757 186;7;0;2;1;1;1
202200031847;757 179;17;0;0;6;24;1
202200031847;757 180;7;1;0;2;1;1
202200031848;757 177;7;0;2;1;1;1
202200031848;757 178;7;0;2;7;19;1
202200031849;757 175;2;0;2;1;2;1
202200031849;757 176;7;0;2;4;2;1
202200031850;757 172;7;0;2;1;1;1
202200031850;757 173;7;0;2;4;1;1
202200031850;757 174;7;0;2;4;1;1
202200031851;757 170;7;0;2;1;15;1
202200031851;757 171;7;0;2;8;19;1
202200031852;757 168;7;0;2;2;1;1
202200031852;757 169;2;0;2;8;1;1
202200031853;757 167;7;0;1;1;1;1
202200031854;757 165;10;1;0;2;1;1
202200031854;757 166;7;0;2;6;24;1
202200031855;757 163;1;0;2;4;2;5
202200031855;757 164;7;0;2;3;1;1
202200031856;757 158;7;0;0;4;0;1
202200031856;757 159;7;14;0;4;0;1
202200031856;757 160;7;14;0;4;0;1
202200031856;757 161;7;4;0;2;2;1
202200031856;757 162;7;14;0;1;21;1
202200031857;757 156;7;0;2;3;2;1
202200031857;757 157;30;0;2;4;2;1
202200031858;757 154;7;0;2;3;22;1
202200031858;757 155;1;1;0;0;1;5
202200031859;757 153;7;0;1;2;15;1
202200031860;757 152;7;0;1;4;20;1
202200031861;757 148;33;0;2;7;17;1
202200031861;757 151;7;0;2;8;15;1
202200031862;757 145;7;0;1;0;9;1
202200031863;757 143;7;0;9;8;1;0
202200031863;757 144;1;0;2;7;25;5
202200031864;757 141;7;0;2;8;13;1
202200031864;757 142;7;0;2;8;1;1
202200031865;757 140;34;0;1;1;1;1
202200031866;757 138;7;0;2;8;1;1
202200031866;757 139;7;1;2;1;1;1
202200031867;757 136;7;0;2;5;1;1
202200031867;757 137;7;0;2;3;2;1
202200031868;757 134;50;0;2;8;5;3
202200031868;757 135;7;0;2;1;1;1
202200031869;757 132;7;0;2;3;1;1
202200031869;757 133;32;0;2;9;1;1
202200031870;757 131;7;3;0;1;26;1
202200031871;757 129;30;0;2;4;16;1
202200031871;757 130;7;0;9;2;1;1
202200031872;757 128;33;3;0;0;2;1
202200031873;757 127;7;8;0;1;1;1
202200031874;757 125;3;0;2;2;16;1
202200031874;757 126;30;0;2;3;1;3
202200031875;757 123;7;0;2;8;15;1
202200031875;757 124;33;0;2;1;17;1
202200031876;757 121;43;0;2;1;3;1
202200031876;757 122;7;0;2;7;11;1
202200031877;757 119;80;0;2;4;1;3
202200031877;757 120;50;0;2;1;13;3
202200031878;757 118;7;0;1;1;1;1
202200031879;757 116;33;0;2;2;1;1
202200031879;757 117;7;0;2;8;10;1
202200031880;757 114;30;0;2;3;5;3
202200031880;757 115;7;0;2;2;1;1
202200031881;757 112;37;0;2;3;1;1
202200031881;757 113;32;0;2;2;16;1
202200031882;757 111;43;0;1;2;18;1
202200031883;757 109;10;0;2;2;16;1
202200031883;757 110;1;0;2;1;1;5
202200031884;757 107;32;0;2;1;11;1
202200031884;757 108;32;0;2;2;1;1
202200031885;757 105;7;0;2;8;11;0
202200031885;757 106;34;0;2;7;3;1
202200031886;757 103;80;0;2;7;1;3
202200031886;757 104;34;0;2;1;0;1
202200031887;757 101;1;0;2;1;2;5
202200031887;757 102;1;0;2;4;2;5
202200031888;757 098;34;0;2;7;23;1
202200031888;757 099;34;0;2;8;23;1
202200031888;757 100;43;0;2;2;2;1
202200031889;757 096;10;0;2;8;22;1
202200031889;757 097;1;0;2;8;1;5
202200031890;757 094;7;0;2;6;11;1
202200031890;757 095;33;0;2;2;3;1
202200031891;757 092;10;0;2;4;2;1
202200031891;757 093;10;0;2;1;2;1
202200031892;757 091;37;0;1;8;15;1
202200031893;757 090;10;0;1;2;17;1
202200031894;757 088;7;0;2;1;26;0
202200031894;757 089;2;0;2;4;0;0
202200031895;757 086;7;0;2;3;9;1
202200031895;757 087;50;0;2;1;25;3
202200031896;757 084;30;0;2;1;2;1
202200031896;757 085;7;0;2;0;0;1
202200031897;757 082;7;0;2;8;1;1
202200031897;757 083;7;0;2;1;1;1
202200031898;757 080;50;0;2;2;21;3
202200031898;757 081;7;0;2;2;26;1
202200031899;757 077;17;0;2;6;24;1
202200031899;757 078;17;0;2;6;24;1
202200031899;757 079;10;1;0;2;1;1
202200031900;757 076;10;0;1;1;15;1
202200031901;757 074;7;0;2;3;15;1
202200031901;757 075;2;0;2;1;17;1
202200031902;757 072;7;0;2;1;2;0
202200031902;757 073;7;0;2;5;2;0
202200031903;757 071;7;0;1;4;26;1
202200031904;757 069;10;0;2;4;2;1
202200031904;757 070;7;0;2;1;2;1
202200031905;757 068;31;4;0;8;1;1
202200031906;757 065;7;0;2;1;2;3
202200031906;757 066;7;0;2;4;2;1
202200031906;757 067;10;0;2;4;1;1
202200031907;757 064;32;0;5;1;1;1
202200031908;757 062;7;0;2;4;2;1
202200031908;757 063;7;0;2;1;2;1
202200031909;757 060;7;0;2;4;1;1
202200031909;757 061;0;0;2;1;0;0
202200031910;757 058;33;0;2;7;1;1
202200031910;757 059;7;0;2;8;11;0
202200031911;757 056;7;0;2;6;11;1
202200031911;757 057;17;0;2;2;1;1
202200031912;757 054;7;0;2;5;12;1
202200031912;757 055;33;0;2;1;3;1
202200031913;757 052;7;4;0;4;1;1
202200031913;757 053;7;4;0;3;2;1
202200031914;757 049;7;0;2;1;2;1
202200031914;757 050;17;0;2;0;2;0
202200031914;757 051;7;4;2;3;13;1
202200031915;757 047;7;0;2;4;12;1
202200031915;757 048;33;0;2;1;3;1
202200031916;757 045;33;0;2;3;3;1
202200031916;757 046;7;0;2;5;12;1
202200031917;757 042;7;0;2;4;1;2
202200031917;757 043;7;0;2;9;1;1
202200031917;757 044;10;0;2;1;1;1
202200031918;757 040;10;0;2;4;1;1
202200031918;757 041;7;0;2;1;2;1
202200031919;757 037;7;0;2;4;2;2
202200031919;757 038;15;0;2;1;1;1
202200031919;757 039;7;0;2;4;2;1
202200031920;757 035;31;0;2;7;3;1
202200031920;757 036;7;0;2;3;17;1
202200031921;757 033;7;0;2;7;2;1
202200031921;757 034;13;0;2;3;11;1
202200031922;757 028;10;0;2;1;12;1
202200031922;757 029;10;0;2;4;1;1
202200031922;757 030;7;0;2;4;1;1
202200031922;757 031;7;0;2;1;0;1
202200031922;757 032;17;0;2;4;1;1
202200031923;757 027;7;3;0;2;1;1
202200031924;757 025;7;4;2;4;0;1
202200031924;757 026;14;0;2;2;1;1
202200031925;757 024;7;2;0;3;13;1
202200031926;757 022;7;0;2;6;9;1
202200031926;757 023;7;0;2;3;1;1
202200031927;757 020;10;0;2;0;1;1
202200031927;757 021;7;0;2;0;1;1
202200031928;757 017;33;0;2;1;17;1
202200031928;757 019;7;0;2;8;15;1
202200031929;757 016;7;0;2;2;20;1
202200031929;757 018;10;0;2;3;1;1
202200031930;757 014;33;0;2;1;1;1
202200031930;757 015;7;0;2;2;1;1
202200031931;757 012;43;0;2;1;1;1
202200031932;757 011;7;0;2;8;19;1
202200031932;757 013;7;0;2;1;1;1
202200031933;757 007;7;0;2;1;1;1
202200031933;757 009;7;0;2;1;1;1
202200031934;757 006;7;0;1;0;0;1
202200031935;757 002;10;0;2;3;13;1
202200031935;757 004;7;0;2;8;1;1
202200031935;757 005;7;0;2;1;1;1
202200031936;757 001;7;0;2;3;1;1
202200031936;757 003;30;0;2;3;5;1
202200031937;757 000;7;8;1;2;24;1
202200031938;756 998;7;2;0;1;1;1
202200031939;756 996;7;0;2;1;1;1
202200031939;756 999;7;0;2;1;1;1
202200031940;756 995;7;0;9;3;19;0
202200031940;756 997;1;0;2;2;1;5
202200031941;756 992;7;0;2;2;1;1
202200031941;756 994;30;0;2;8;16;1
202200031942;756 991;21;0;0;6;15;1
202200031942;756 993;32;0;2;1;17;1
202200031943;756 988;7;0;2;1;1;2
202200031943;756 989;7;0;2;1;17;2
202200031944;756 987;7;0;2;4;2;1
202200031944;756 990;7;0;2;2;2;1
202200031945;756 984;7;0;2;3;1;1
202200031945;756 986;7;0;2;3;13;1
202200031946;756 983;7;0;2;4;2;1
202200031946;756 985;7;0;2;1;2;1
202200031947;756 982;7;4;0;1;9;1
202200031948;756 979;7;0;2;3;1;1
202200031948;756 981;7;0;2;3;13;1
202200031949;756 978;7;0;2;3;1;1
202200031949;756 980;33;0;2;3;13;1
202200031950;756 976;7;0;2;1;1;1
202200031950;756 977;1;0;2;2;19;5
202200031951;756 975;36;0;0;0;0;1
202200031952;756 973;7;0;2;1;2;1
202200031952;756 974;50;0;2;1;2;3
202200031953;756 971;7;0;2;2;1;1
202200031953;756 972;7;0;2;3;1;1
202200031954;756 970;7;0;1;1;1;1
202200031955;756 967;7;0;2;1;19;1
202200031955;756 969;7;0;2;2;1;1
202200031956;756 966;7;0;2;1;1;1
202200031956;756 968;50;0;2;1;1;3
202200031957;756 965;33;13;0;8;13;1
202200031958;756 962;7;0;2;4;9;1
202200031958;756 964;7;0;2;1;1;1
202200031959;756 961;2;0;2;1;1;1
202200031959;756 963;7;0;2;8;15;1
202200031960;756 960;30;12;0;2;14;3
202200031961;756 958;30;8;0;1;1;1
202200031962;756 955;7;0;2;3;1;1
202200031962;756 956;2;0;2;1;13;1
202200031963;756 953;33;7;0;1;1;1
202200031964;756 952;7;0;2;2;1;1
202200031964;756 954;7;0;2;2;19;1
202200031965;756 950;7;0;0;6;15;1
202200031965;756 951;33;0;2;1;26;1
202200031966;756 949;50;12;0;1;1;3
202200031967;756 947;7;0;2;2;0;0
202200031967;756 948;7;0;2;3;5;1
202200031968;756 946;7;14;0;3;1;1
202200031969;756 944;7;0;2;3;2;1
202200031969;756 945;1;0;2;5;19;5
202200031970;756 943;7;4;0;9;1;1
202200031971;756 941;7;0;2;2;1;1
202200031971;756 942;7;8;2;3;15;1
202200031972;756 937;7;0;2;1;2;1
202200031972;756 939;7;0;2;4;2;1
202200031972;756 940;7;0;2;4;2;1
202200031973;756 935;7;0;2;1;13;1
202200031973;756 936;14;0;0;1;1;1
202200031973;756 938;14;0;0;6;1;1
202200031974;756 932;7;0;2;3;1;1
202200031974;756 933;7;0;2;3;13;1
202200031975;756 930;7;9;2;1;13;1
202200031975;756 931;7;0;2;3;1;1
202200031976;756 929;31;3;0;7;1;1
202200031977;756 928;7;8;0;1;21;1
202200031978;756 925;33;3;0;8;13;1
202200031979;756 924;43;0;2;7;15;1
202200031979;756 926;7;0;2;1;1;1
202200031980;756 923;7;4;0;1;0;1
202200031981;756 922;7;0;1;3;1;1
202200031982;756 919;10;0;2;2;17;1
202200031982;756 920;7;0;2;8;15;1
202200031983;756 918;7;0;2;1;13;1
202200031983;756 921;10;0;2;1;0;1
202200031984;756 916;2;13;2;0;13;1
202200031984;756 917;7;0;2;3;1;1
202200031985;756 914;33;0;2;4;1;1
202200031985;756 915;7;0;2;3;9;1
202200031986;756 912;7;0;2;3;19;1
202200031986;756 913;10;0;2;1;1;1
202200031987;756 909;7;8;0;9;1;1
202200031988;756 910;1;0;2;4;15;5
202200031988;756 911;7;0;9;3;9;1
202200031989;756 907;7;0;1;7;14;1
202200031990;756 905;1;1;0;1;1;5
202200031991;756 902;15;0;2;1;2;1
202200031991;756 904;15;0;0;4;0;1
202200031992;756 901;7;0;0;4;23;1
202200031992;756 903;1;0;2;1;1;5
202200031993;756 900;10;2;0;2;1;0
202200031994;756 898;33;0;2;1;2;1
202200031994;756 899;10;0;2;4;17;1
202200031995;756 896;10;0;2;1;15;1
202200031995;756 897;7;6;2;1;17;1
202200031996;756 895;7;0;1;7;1;1
202200031997;756 893;2;0;2;7;2;0
202200031997;756 894;7;0;0;6;2;0
202200031998;756 890;7;0;2;3;15;1
202200031998;756 891;7;0;2;1;17;1
202200031999;756 888;7;0;2;4;2;1
202200031999;756 889;7;0;2;1;2;1
202200032000;756 887;7;0;1;7;2;1
202200032001;756 885;7;0;2;5;15;1
202200032001;756 886;33;0;2;1;17;1
202200032002;756 880;15;3;0;1;1;1
202200032002;756 882;15;0;0;4;1;1
202200032002;756 883;37;4;2;1;1;1
202200032002;756 884;15;4;2;1;1;1
202200032003;756 878;50;0;0;9;1;3
202200032004;756 879;7;0;2;2;2;1
202200032004;756 881;7;0;2;6;2;1
202200032005;756 874;7;0;0;0;1;1
202200032005;756 875;33;0;0;0;0;1
202200032005;756 877;7;0;2;1;1;1
202200032006;756 873;7;0;2;3;15;1
202200032006;756 876;2;0;2;0;1;1
202200032007;756 871;7;0;2;1;1;1
202200032007;756 872;7;0;2;1;13;1
202200032008;756 869;7;0;2;2;14;1
202200032008;756 870;1;0;2;8;1;5
202200032009;756 866;7;0;2;1;17;1
202200032009;756 867;7;0;2;1;1;1
202200032009;756 868;7;0;2;7;1;1
202200032010;756 863;30;0;2;1;2;1
202200032010;756 865;7;0;2;4;2;1
202200032011;756 862;7;0;2;3;0;1
202200032011;756 864;32;0;2;1;0;1
202200032012;756 859;7;0;2;6;2;1
202200032012;756 861;33;2;2;7;2;1
202200032013;756 858;50;0;2;4;2;3
202200032013;756 860;7;0;2;4;2;0
202200032014;756 857;7;0;0;1;1;1
202200032015;756 855;7;0;1;5;16;1
202200032016;756 853;32;0;2;7;1;1
202200032016;756 854;7;0;2;1;1;1
202200032017;756 852;7;0;1;4;4;1
202200032018;756 851;38;0;2;3;1;1
202200032018;756 856;7;0;2;1;13;1
202200032019;756 850;50;6;0;2;25;3
202200032020;756 848;33;0;2;3;1;1
202200032020;756 849;15;0;2;3;1;1
202200032021;756 845;15;0;2;4;2;0
202200032021;756 847;7;0;2;1;2;1
202200032022;756 846;7;0;1;2;1;2
202200032023;756 842;10;0;2;3;1;1
202200032023;756 844;2;0;2;1;13;1
202200032024;756 841;7;0;2;3;1;1
202200032024;756 843;1;0;2;1;5;5
202200032025;756 840;33;0;0;7;1;1
202200032026;756 839;33;0;0;8;9;1
202200032027;756 838;32;1;0;2;14;1
202200032028;756 834;7;0;2;3;13;1
202200032028;756 836;7;1;2;3;2;1
202200032028;756 837;7;0;2;6;24;1
202200032029;756 833;7;0;2;1;2;1
202200032029;756 835;7;0;2;4;2;1
202200032030;756 832;13;15;0;2;19;0
202200032031;756 830;1;0;2;1;1;5
202200032031;756 831;7;0;2;2;14;2
202200032032;756 828;33;0;2;1;1;1
202200032032;756 829;33;0;2;1;13;1
202200032033;756 826;7;3;0;1;13;1
202200032034;756 825;7;0;2;6;22;2
202200032034;756 827;2;0;2;1;17;1
202200032035;756 823;21;0;0;5;15;1
202200032035;756 824;33;0;2;3;2;1
202200032036;756 820;7;0;2;1;26;2
202200032036;756 822;7;0;2;0;0;0
202200032037;756 819;10;0;2;5;19;1
202200032037;756 821;33;0;2;7;1;1
202200032038;756 817;10;0;1;8;15;1
202200032039;756 813;7;0;9;2;17;1
202200032039;756 815;80;0;0;4;0;3
202200032040;756 814;30;0;2;2;26;1
202200032040;756 816;7;0;2;3;16;1
202200032041;756 810;10;0;2;1;1;1
202200032041;756 812;7;0;1;1;1;1
202200032042;756 809;10;0;2;2;1;1
202200032042;756 811;14;0;2;5;4;1
202200032043;756 808;43;8;0;1;1;1
202200032044;756 806;7;0;2;4;1;1
202200032044;756 807;7;0;2;1;2;1
202200032045;756 804;7;0;2;1;1;1
202200032045;756 805;7;0;2;3;1;1
202200032046;756 802;7;13;0;9;1;1
202200032047;756 803;7;12;0;2;1;1
202200032048;756 798;7;0;2;1;13;1
202200032048;756 800;7;0;2;2;26;1
202200032048;756 801;7;0;2;1;1;1
202200032049;756 796;7;0;2;1;15;0
202200032049;756 797;7;0;2;4;1;1
202200032049;756 799;7;0;2;1;2;0
202200032050;756 795;7;0;0;3;1;1
202200032051;756 793;7;9;0;1;1;1
202200032052;756 789;99;0;2;8;0;0
202200032052;756 790;30;0;2;1;19;1
202200032053;756 787;7;0;2;3;1;1
202200032053;756 788;2;0;2;1;1;1
202200032054;756 784;60;0;2;8;0;5
202200032054;756 786;7;0;2;2;15;0
202200032055;756 781;3;0;1;1;1;0
202200032056;756 780;7;0;2;1;1;1
202200032056;756 782;7;0;2;1;15;1
202200032057;756 778;7;0;2;2;17;1
202200032057;756 779;31;0;0;4;1;1
202200032058;756 777;10;4;0;1;1;1
202200032059;756 776;7;0;1;2;1;1
202200032060;756 774;2;14;2;1;2;1
202200032060;756 775;7;0;2;6;23;1
202200032061;756 769;7;0;2;3;15;1
202200032061;756 771;32;0;2;3;17;1
202200032062;756 766;99;0;2;1;5;0
202200032062;756 767;7;0;2;3;0;0
202200032063;756 765;7;0;2;3;1;1
202200032063;756 768;99;0;2;2;1;3
202200032064;756 762;7;0;2;4;23;2
202200032064;756 764;33;0;2;1;21;0
202200032065;756 761;7;0;2;1;1;1
202200032065;756 763;7;0;2;7;1;1
202200032066;756 759;50;0;2;0;0;3
202200032066;756 760;7;0;9;0;0;1
202200032067;756 758;3;0;1;8;21;1
202200032068;756 755;2;0;2;7;17;1
202200032068;756 756;10;0;2;8;2;1
202200032069;756 754;7;0;2;1;1;1
202200032069;756 757;7;0;2;3;9;1
202200032070;756 753;34;0;0;0;12;1
202200032071;756 752;7;0;1;1;1;2
202200032072;756 751;7;0;1;2;0;1
202200032073;756 749;7;0;2;3;5;1
202200032073;756 750;7;0;2;1;5;2
202200032074;756 748;7;0;1;3;1;3
202200032075;756 747;7;0;1;4;4;1
202200032076;756 746;10;1;1;2;14;1
202200032077;756 744;7;3;2;1;1;1
202200032077;756 745;7;0;2;1;13;1
202200032078;756 743;7;0;1;2;1;1
202200032079;756 741;7;0;2;1;15;1
202200032079;756 742;7;0;2;1;1;1
202200032080;756 740;7;0;1;2;1;1
202200032081;756 738;7;0;1;1;1;1
202200032082;756 739;7;0;1;2;1;1
202200032083;756 736;7;13;9;2;16;1
202200032084;756 735;7;0;2;4;2;1
202200032084;756 737;7;0;2;1;2;1
202200032085;756 734;99;6;0;1;1;1
202200032086;756 732;7;0;2;4;23;1
202200032086;756 733;33;0;2;1;2;1
202200032087;756 729;7;0;2;1;1;1
202200032087;756 731;7;0;2;3;16;1
202200032088;756 726;7;14;2;3;9;1
202200032088;756 728;10;0;2;1;9;1
202200032089;756 725;7;0;2;1;1;1
202200032089;756 727;7;0;2;7;1;1
202200032089;756 730;7;0;2;1;16;1
202200032090;756 721;7;0;2;3;1;1
202200032090;756 722;10;0;2;1;13;1
202200032091;756 719;7;0;2;1;1;1
202200032091;756 720;1;0;0;0;19;5
202200032092;756 718;7;13;0;2;14;1
202200032093;756 716;7;2;0;3;13;1
202200032094;756 712;17;0;2;2;1;1
202200032094;756 714;7;0;2;8;19;1
202200032095;756 710;7;0;2;8;1;1
202200032095;756 711;1;0;2;1;16;5
202200032096;756 709;7;1;0;1;1;1
202200032097;756 707;7;0;2;2;16;1
202200032097;756 708;50;0;2;1;1;3
202200032098;756 705;7;0;2;1;1;1
202200032098;756 706;7;0;2;1;1;1
202200032099;756 703;1;0;2;1;19;5
202200032099;756 704;2;0;2;2;1;3
202200032100;756 701;7;0;1;1;16;1
202200032101;756 700;7;0;2;1;1;1
202200032101;756 702;7;0;2;2;15;1
202200032102;756 698;7;0;1;1;1;1
202200032103;756 697;7;0;2;1;2;1
202200032103;756 699;7;0;2;8;15;1
202200032104;756 695;7;0;2;2;15;1
202200032104;756 696;7;0;2;1;1;1
202200032105;756 693;3;0;2;2;13;1
202200032105;756 694;10;0;2;2;1;1
202200032106;756 691;7;0;2;0;1;1
202200032106;756 692;2;0;2;0;1;1
202200032107;756 690;7;3;0;9;1;3
202200032108;756 687;7;0;2;1;2;1
202200032108;756 689;7;0;2;4;2;1
202200032109;756 686;7;0;2;6;19;1
202200032109;756 688;7;0;2;1;1;1
202200032110;756 684;10;0;2;1;1;1
202200032110;756 685;1;0;2;8;19;5
202200032111;756 682;7;0;0;4;1;1
202200032111;756 683;7;0;2;1;1;1
202200032112;756 680;7;0;2;8;9;1
202200032112;756 681;50;0;2;7;1;3
202200032113;756 678;7;0;2;1;1;1
202200032113;756 679;7;0;2;1;1;1
202200032114;756 676;7;0;2;2;1;1
202200032114;756 677;1;0;2;8;15;5
202200032115;756 674;7;0;2;3;15;1
202200032115;756 675;17;0;2;1;1;1
202200032116;756 673;7;15;1;2;25;1
202200032117;756 672;33;16;0;1;14;1
202200032118;756 671;37;0;1;2;16;1
202200032119;756 670;2;12;0;1;1;1
202200032120;756 669;7;0;1;1;1;1
202200032121;756 667;50;0;2;1;1;3
202200032121;756 668;10;0;2;1;13;1
202200032122;756 665;1;0;2;1;1;5
202200032122;756 666;3;0;2;3;15;1
202200032123;756 663;7;0;1;2;1;0
202200032124;756 664;7;2;9;1;15;1
202200032125;756 660;32;0;2;7;1;1
202200032125;756 662;7;0;2;1;1;1
202200032126;756 661;33;16;0;3;1;1
202200032127;756 659;2;15;0;1;1;1
202200032128;756 658;36;13;0;0;1;1
202200032129;756 655;7;5;0;1;1;1
202200032130;756 651;14;0;2;3;21;1
202200032130;756 653;3;0;2;3;13;1
202200032131;756 652;7;0;2;4;2;2
202200032131;756 654;33;0;2;1;2;1
202200032132;756 647;50;0;2;1;2;3
202200032132;756 648;10;0;2;7;15;1
202200032133;756 649;7;0;2;2;15;1
202200032133;756 650;33;0;2;1;1;1
202200032134;756 644;60;0;2;1;19;5
202200032134;756 646;7;0;2;6;1;1
202200032135;756 645;7;0;1;1;1;1
202200032136;756 641;1;0;2;1;26;5
202200032136;756 643;10;0;2;1;1;1
202200032137;756 640;7;0;2;1;1;1
202200032137;756 642;7;0;2;1;11;1
202200032138;756 638;7;6;0;1;1;1
202200032139;756 637;7;0;2;1;17;1
202200032139;756 639;7;0;2;1;1;0
202200032140;756 634;7;0;2;4;2;1
202200032140;756 636;33;0;2;1;2;1
202200032141;756 633;17;0;2;2;16;1
202200032141;756 635;1;0;2;1;2;5
202200032142;756 632;10;4;0;8;13;1
202200032143;756 626;7;0;2;0;16;1
202200032143;756 628;1;0;2;0;23;5
202200032143;756 630;7;0;2;0;0;0
202200032143;756 631;7;0;2;0;0;1
202200032144;756 627;7;0;2;3;26;1
202200032144;756 629;2;0;2;1;1;1
202200032145;756 622;7;0;2;4;1;1
202200032145;756 623;7;0;2;4;0;1
202200032145;756 625;7;0;2;1;1;1
202200032146;756 621;7;0;2;3;23;1
202200032146;756 624;7;1;0;1;13;1
202200032147;756 618;7;0;2;2;16;1
202200032147;756 620;1;0;2;1;1;5
202200032148;756 617;7;3;2;3;5;1
202200032148;756 619;15;3;2;3;1;1
202200032149;756 614;1;0;2;1;19;5
202200032149;756 616;7;0;2;1;1;1
202200032150;756 613;7;0;2;3;1;1
202200032150;756 615;10;0;2;3;1;1
202200032151;756 612;7;11;0;9;1;1
202200032152;756 611;33;0;6;1;0;1
202200032153;756 607;1;0;2;8;0;5
202200032153;756 609;7;0;9;2;1;1
202200032154;756 606;14;0;2;3;0;0
202200032154;756 608;7;3;2;1;2;1
202200032154;756 610;7;3;2;7;2;1
202200032155;756 604;7;0;2;2;19;1
202200032155;756 605;7;0;2;1;1;1
202200032156;756 603;7;0;1;1;1;1
202200032157;756 601;15;0;0;6;11;1
202200032157;756 602;10;0;2;2;1;1