Num_Acc;id_vehicule;catv;obs;obsm;choc;manv;motor
202200032947;755 211;7;0;0;0;1;0
202200032948;755 208;33;6;2;1;1;1
202200032948;755 210;7;6;2;1;15;1
202200032949;755 204;3;2;0;1;1;1
202200032950;755 202;14;0;2;3;11;0
202200032950;755 203;7;0;2;2;2;0
202200032950;755 205;7;0;2;1;2;2
202200032951;755 200;10;0;1;4;4;1
202200032952;755 201;7;0;1;3;16;1
202200032953;755 199;7;0;1;1;1;1
202200032954;755 197;7;0;2;1;0;1
202200032954;755 198;7;0;2;3;0;1
202200032955;755 196;13;0;1;1;15;1
202200032956;755 195;7;0;1;3;1;1
202200032957;755 192;7;0;2;1;13;1
202200032957;755 193;7;0;2;1;1;1
202200032958;755 191;7;0;2;5;1;1
202200032958;755 194;7;0;2;3;9;1
202200032959;755 190;7;1;1;4;20;1
202200032960;755 187;7;0;2;3;13;1
202200032960;755 188;7;0;2;2;1;1
202200032961;755 186;7;0;1;1;1;0
202200032962;755 184;10;0;1;4;26;1
202200032963;755 183;14;0;9;6;15;1
202200032963;755 185;34;0;2;0;17;1
202200032964;755 180;32;0;1;2;1;1
202200032965;755 178;10;0;2;7;1;1
202200032965;755 182;38;0;2;1;1;1
202200032966;755 179;33;0;2;0;1;1
202200032966;755 181;7;0;2;1;1;1
202200032967;755 177;31;0;0;2;3;1
202200032968;755 175;7;0;2;4;1;0
202200032968;755 176;2;0;2;7;1;1
202200032969;755 173;7;0;2;6;26;1
202200032969;755 174;33;0;2;1;26;1
202200032970;755 169;7;0;2;4;2;1
202200032970;755 171;7;0;2;1;26;1
202200032971;755 168;33;0;2;2;1;1
202200032971;755 172;7;16;0;3;15;1
202200032972;755 167;2;0;0;0;0;1
202200032972;755 170;7;0;2;3;15;1
202200032973;755 166;7;0;1;4;4;1
202200032974;755 165;30;0;0;0;26;1
202200032975;755 164;10;0;1;3;15;1
202200032976;755 162;7;0;1;3;26;1
202200032977;755 161;7;0;2;1;2;1
202200032977;755 163;7;0;2;4;2;1
202200032978;755 158;32;0;2;1;2;1
202200032978;755 160;7;0;2;8;26;1
202200032979;755 156;7;0;2;1;1;1
202200032979;755 159;30;0;2;1;17;1
202200032980;755 155;7;0;2;2;1;1
202200032980;755 157;7;0;2;2;15;1
202200032981;755 153;2;0;0;0;1;1
202200032981;755 154;7;0;0;0;0;1
202200032982;755 150;1;0;2;1;17;5
202200032982;755 151;7;0;9;3;15;1
202200032983;755 149;7;0;2;1;2;1
202200032983;755 152;7;0;2;4;23;1
202200032984;755 148;7;0;1;7;14;1
202200032985;755 145;7;0;9;5;1;1
202200032985;755 147;7;0;2;3;14;1
202200032986;755 143;80;0;2;1;1;3
202200032986;755 146;10;0;2;3;15;1
202200032987;755 140;32;0;2;6;3;1
202200032987;755 142;10;0;2;7;12;1
202200032987;755 144;17;0;2;8;1;1
202200032988;755 138;37;0;2;3;26;1
202200032988;755 141;7;0;2;5;25;1
202200032989;755 137;7;0;9;3;15;1
202200032989;755 139;32;0;2;7;15;1
202200032990;755 134;1;0;2;7;26;5
202200032990;755 136;7;0;9;1;1;1
202200032991;755 133;7;0;1;1;15;1
202200032992;755 132;7;4;0;2;1;1
202200032993;755 131;14;0;2;6;23;1
202200032993;755 135;7;0;2;2;12;1
202200032994;755 129;1;0;9;4;1;5
202200032994;755 130;50;0;9;1;1;3
202200032995;755 128;7;0;1;1;15;1
202200032996;755 126;7;0;1;3;15;1
202200032997;755 124;7;0;2;7;1;2
202200032997;755 127;7;0;2;8;1;1
202200032998;755 125;7;0;1;2;15;1
202200032999;755 121;7;1;0;1;26;1
202200033000;755 122;7;0;2;2;16;2
202200033000;755 123;33;0;2;1;18;1
202200033001;755 117;10;0;0;1;1;1
202200033001;755 119;1;8;0;8;9;5
202200033002;755 116;80;0;2;1;9;3
202200033002;755 118;50;0;2;3;1;3
202200033003;755 115;7;0;2;1;1;1
202200033003;755 120;7;0;2;7;15;1
202200033004;755 112;7;0;2;2;1;1
202200033004;755 114;1;0;2;7;1;5
202200033005;755 111;10;0;2;3;22;1
202200033005;755 113;34;0;2;0;17;1
202200033006;755 110;7;0;1;3;16;1
202200033007;755 108;31;0;2;4;1;1
202200033007;755 109;7;0;2;1;11;-1
202200033008;755 105;7;0;2;2;15;1
202200033008;755 107;1;0;2;1;1;5
202200033009;755 104;7;0;2;4;1;2
202200033009;755 106;7;0;2;1;0;1
202200033010;755 101;7;0;2;1;2;1
202200033010;755 102;33;0;2;4;23;1
202200033011;755 099;7;0;2;1;9;0
202200033011;755 103;7;0;2;8;15;1
202200033012;755 098;7;0;2;1;1;1
202200033012;755 100;7;0;2;1;1;0
202200033013;755 096;34;0;2;1;15;1
202200033013;755 097;7;0;2;2;1;1
202200033014;755 092;7;0;1;1;15;1
202200033015;755 093;33;0;2;7;15;1
202200033015;755 095;7;0;2;3;9;1
202200033016;755 094;31;1;0;9;0;0
202200033017;755 090;30;9;0;1;9;1
202200033018;755 089;7;0;2;1;2;1
202200033018;755 091;30;0;1;1;23;3
202200033019;755 088;7;0;1;4;4;1
202200033020;755 086;7;0;2;3;9;1
202200033020;755 087;7;0;2;3;9;1
202200033021;755 084;7;0;2;1;2;1
202200033021;755 085;7;0;2;4;23;1
202200033022;755 081;7;0;2;8;15;1
202200033022;755 082;30;0;2;2;17;1
202200033023;755 080;7;0;2;1;1;1
202200033023;755 083;7;0;2;1;15;1
202200033024;755 078;10;0;2;1;2;1
202200033024;755 079;7;0;2;4;21;1
202200033025;755 073;7;0;2;4;2;1
202200033025;755 074;7;0;2;4;2;1
202200033025;755 076;7;0;0;4;2;1
202200033025;755 077;7;0;2;1;2;1
202200033026;755 071;7;0;2;1;1;1
202200033026;755 072;7;0;2;1;1;1
202200033027;755 075;7;0;1;0;0;0
202200033028;755 068;7;0;2;3;1;1
202200033028;755 069;7;0;2;6;2;1
202200033028;755 070;30;0;2;1;2;1
202200033029;755 063;1;0;2;7;16;5
202200033029;755 064;7;0;2;1;9;1
202200033030;755 066;7;0;2;3;16;1
202200033030;755 067;1;0;0;1;25;5
202200033031;755 060;7;0;2;6;20;1
202200033031;755 061;31;0;2;1;17;1
202200033032;755 062;7;0;2;4;9;1
202200033032;755 065;7;0;2;1;9;1
202200033033;755 056;33;0;2;1;1;1
202200033033;755 058;7;0;2;5;15;1
202200033034;755 057;50;0;2;8;19;3
202200033034;755 059;7;0;9;3;1;1
202200033035;755 055;7;0;1;1;15;1
202200033036;755 053;30;0;0;0;26;1
202200033037;755 049;7;0;2;3;10;1
202200033037;755 050;33;0;2;1;17;1
202200033038;755 051;7;0;2;2;1;3
202200033038;755 054;7;0;2;3;15;1
202200033039;755 042;7;0;2;2;0;1
202200033039;755 048;7;0;2;9;0;1
202200033039;755 052;7;0;2;4;0;1
202200033040;755 044;33;0;2;1;1;1
202200033040;755 045;7;0;2;6;20;1
202200033041;755 043;7;0;2;2;15;1
202200033041;755 046;7;0;2;1;1;1
202200033042;755 041;7;0;1;1;2;0
202200033043;755 036;31;0;2;1;1;1
202200033043;755 040;7;0;2;6;10;1
202200033044;755 035;7;0;0;6;15;1
202200033044;755 039;33;0;2;1;5;1
202200033045;755 034;7;0;2;3;15;1
202200033045;755 037;31;0;2;1;6;1
202200033046;755 030;1;0;2;8;19;5
202200033046;755 032;7;0;2;2;16;1
202200033047;755 031;7;13;0;7;1;1
202200033048;755 033;30;0;2;1;2;1
202200033048;755 038;7;0;2;4;23;1
202200033049;755 023;7;0;2;8;9;1
202200033049;755 026;7;0;2;1;1;1
202200033050;755 022;7;0;1;1;1;2
202200033051;755 021;10;0;2;2;14;1
202200033051;755 025;7;8;2;4;23;1
202200033051;755 027;7;0;2;4;23;1
202200033051;755 028;7;0;2;4;23;1
202200033051;755 029;7;0;2;4;23;1
202200033052;755 020;7;0;2;1;1;1
202200033052;755 024;10;0;2;2;19;1
202200033053;755 017;33;0;2;8;18;1
202200033053;755 019;7;0;2;2;1;1
202200033054;755 015;1;1;0;1;1;5
202200033054;755 018;50;0;2;7;23;3
202200033055;755 014;17;0;1;2;1;1
202200033056;755 013;37;0;2;3;9;1
202200033056;755 016;7;0;2;8;1;1
202200033057;755 011;7;0;2;1;2;1
202200033057;755 012;7;0;2;4;2;1
202200033058;755 010;7;4;0;8;16;1
202200033059;755 007;15;0;2;7;16;1
202200033059;755 009;1;0;2;8;18;5
202200033060;755 006;7;16;0;3;9;0
202200033060;755 008;7;2;0;1;19;1
202200033061;755 004;7;0;2;5;15;1
202200033061;755 005;2;0;2;1;1;1
202200033062;755 003;2;0;0;7;1;1
202200033063;755 000;50;0;2;0;0;3
202200033063;755 002;7;0;9;2;26;1
202200033064;754 997;7;0;1;1;2;3
202200033065;754 996;7;0;1;1;1;1
202200033066;754 995;50;0;2;1;1;3
202200033066;754 999;7;0;2;8;9;1
202200033067;754 994;7;0;2;1;19;1
202200033067;754 998;7;0;2;8;1;1
202200033067;755 001;17;0;2;6;1;1
202200033068;754 993;7;1;0;9;20;1
202200033069;754 991;33;0;2;1;1;1
202200033069;754 992;7;0;2;5;15;1
202200033070;754 989;33;0;1;2;15;1
202200033071;754 987;7;0;1;5;20;1
202200033072;754 988;1;0;2;6;15;5
202200033072;754 990;7;0;9;3;17;1
202200033073;754 985;7;0;2;2;15;1
202200033073;754 986;1;0;2;7;15;5
202200033074;754 981;38;0;0;0;0;1
202200033074;754 984;33;1;0;1;26;1
202200033075;754 980;7;0;2;3;5;1
202200033075;754 982;7;0;2;1;1;1
202200033076;754 979;7;0;0;6;23;1
202200033076;754 983;7;0;2;1;26;1
202200033077;754 977;7;0;2;6;26;1
202200033077;754 978;7;0;2;9;26;1
202200033078;754 973;7;0;1;2;1;0
202200033079;754 975;7;0;2;1;9;-1
202200033079;754 976;7;0;2;2;1;1
202200033080;754 972;7;13;0;9;1;1
202200033081;754 974;7;0;1;1;15;1
202200033082;754 971;7;15;0;1;1;1
202200033083;754 969;7;12;0;9;1;1
202200033084;754 967;34;0;2;1;1;1
202200033084;754 970;7;0;2;4;23;1
202200033085;754 966;1;0;2;2;1;5
202200033085;754 968;7;0;2;3;9;1
202200033086;754 963;33;0;2;1;1;1
202200033086;754 965;30;0;2;1;15;1
202200033087;754 962;7;0;2;3;9;1
202200033087;754 964;33;0;2;1;1;1
202200033088;754 958;7;0;2;1;2;1
202200033088;754 959;7;0;2;4;23;1
202200033089;754 957;80;0;2;7;1;3
202200033089;754 961;7;0;2;1;1;1
202200033090;754 953;33;9;2;3;1;1
202200033090;754 956;7;0;2;8;1;1
202200033091;754 952;80;0;2;0;0;3
202200033091;754 955;7;0;2;3;9;1
202200033092;754 950;7;0;2;4;2;1
202200033092;754 954;10;0;2;4;2;1
202200033092;754 960;7;0;2;1;2;1
202200033093;754 949;50;0;2;9;1;3
202200033093;754 951;7;0;2;2;9;2
202200033094;754 940;7;0;2;8;1;1
202200033094;754 944;7;0;2;7;12;1
202200033095;754 941;7;0;2;3;2;1
202200033095;754 948;1;0;2;4;1;5
202200033096;754 946;7;0;2;1;1;2
202200033096;754 947;7;0;2;2;15;1
202200033097;754 936;7;0;2;4;1;1
202200033097;754 938;7;0;2;1;2;1
202200033098;754 935;7;0;1;3;16;1
202200033099;754 933;7;0;2;3;1;1
202200033099;754 937;7;0;2;3;13;1
202200033100;754 932;7;0;2;3;11;1
202200033100;754 934;33;0;2;2;1;1
202200033101;754 929;33;0;2;4;2;1
202200033101;754 930;7;0;2;4;1;1
202200033102;754 925;7;0;2;3;9;1
202200033102;754 927;3;0;2;2;1;1
202200033103;754 928;2;0;2;1;1;0
202200033103;754 931;7;0;2;1;13;1
202200033104;754 923;1;0;2;0;1;5
202200033104;754 926;7;0;9;1;1;1
202200033105;754 922;37;0;2;3;1;1
202200033105;754 924;33;0;2;1;13;1
202200033106;754 921;2;0;0;0;2;1
202200033107;754 915;33;0;2;1;1;1
202200033107;754 918;10;0;2;1;1;1
202200033108;754 916;7;0;2;7;1;1
202200033108;754 919;7;0;2;1;9;1
202200033109;754 914;7;0;2;2;1;1
202200033109;754 920;7;0;2;8;1;1
202200033110;754 911;7;0;1;1;1;2
202200033111;754 910;2;0;2;1;17;1
202200033111;754 913;7;0;2;8;10;0
202200033112;754 909;7;0;2;1;9;1
202200033112;754 912;1;0;2;7;1;5
202200033113;754 908;7;0;2;8;19;1
202200033113;754 917;7;0;2;1;1;1
202200033114;754 907;7;8;0;1;1;1
202200033115;754 905;1;12;0;1;25;5
202200033116;754 903;10;0;2;2;1;0
202200033116;754 906;7;0;2;6;1;2
202200033117;754 902;32;0;0;0;17;1
202200033118;754 901;7;0;2;3;13;1
202200033118;754 904;33;0;2;1;1;1
202200033119;754 899;7;0;2;4;2;1
202200033119;754 900;7;0;2;1;2;1
202200033120;754 895;7;0;2;8;11;1
202200033120;754 897;43;0;2;7;1;1
202200033121;754 894;10;0;2;2;2;1
202200033121;754 896;30;0;2;4;2;1
202200033122;754 893;7;0;2;2;1;1
202200033122;754 898;1;0;2;1;16;5
202200033123;754 889;32;14;0;1;16;1
202200033124;754 886;7;0;2;3;10;1
202200033124;754 887;31;0;2;2;1;1
202200033125;754 890;1;0;2;8;1;5
202200033125;754 892;7;0;2;1;16;1
202200033126;754 885;7;15;2;1;1;1
202200033126;754 891;7;0;2;4;1;1
202200033127;754 884;7;0;2;8;1;1
202200033127;754 888;7;0;2;1;19;1
202200033128;754 881;7;0;2;5;0;1
202200033128;754 882;33;3;2;6;21;1
202200033129;754 883;7;0;1;3;15;1
202200033130;754 877;33;0;2;1;2;1
202200033130;754 880;7;0;0;4;2;1
202200033131;754 875;7;0;2;1;2;1
202200033131;754 878;7;0;2;4;2;1
202200033131;754 879;7;0;2;4;2;1
202200033132;754 873;99;0;2;3;1;3
202200033132;754 876;10;0;2;2;16;1
202200033133;754 872;33;0;0;8;1;1
202200033134;754 871;7;0;1;2;1;1
202200033135;754 870;32;12;0;1;26;1
202200033136;754 868;10;0;2;8;22;1
202200033136;754 869;50;0;2;1;1;3
202200033137;754 867;32;13;0;9;1;1
202200033138;754 864;30;1;0;1;14;3
202200033139;754 862;7;0;2;1;15;1
202200033139;754 865;33;0;2;1;1;1
202200033140;754 863;7;0;2;2;15;1
202200033140;754 866;32;0;2;1;8;1
202200033141;754 860;1;0;2;4;13;5
202200033141;754 861;7;0;9;1;1;1
202200033142;754 857;7;0;2;5;16;2
202200033142;754 859;32;0;2;2;18;1
202200033143;754 856;14;0;1;2;26;1
202200033144;754 853;50;0;1;1;1;3
202200033145;754 852;7;0;2;3;1;1
202200033145;754 855;7;0;2;2;15;1
202200033145;754 858;7;0;2;2;23;1
202200033146;754 850;7;0;2;3;21;1
202200033146;754 854;7;0;0;2;17;1
202200033147;754 851;30;0;0;3;21;1
202200033148;754 849;7;0;1;1;1;1
202200033149;754 845;7;0;0;4;2;1
202200033149;754 848;7;0;2;1;2;1
202200033150;754 844;7;15;0;1;16;1
202200033151;754 843;7;0;2;2;1;1
202200033151;754 846;50;0;2;1;5;3
202200033152;754 840;7;1;0;2;1;1
202200033153;754 839;37;0;2;3;1;3
202200033153;754 842;31;0;2;8;13;1
202200033154;754 837;7;0;2;1;2;1
202200033154;754 841;7;0;2;4;2;1
202200033155;754 836;7;0;2;0;1;1
202200033155;754 838;7;3;2;6;19;1
202200033156;754 834;33;16;0;1;1;1
202200033157;754 833;31;0;2;1;2;1
202200033157;754 835;43;0;2;4;23;1
202200033158;754 830;7;0;2;3;1;1
202200033158;754 832;7;0;2;1;13;1
202200033159;754 829;7;0;2;8;2;1
202200033159;754 831;31;0;2;7;12;1
202200033160;754 827;80;1;0;1;1;3
202200033160;754 828;7;0;2;3;22;1
202200033161;754 825;7;0;1;1;1;1
202200033162;754 823;32;0;1;1;1;0
202200033163;754 824;7;10;2;0;1;1
202200033163;754 826;15;0;2;7;16;1
202200033164;754 820;7;0;2;1;15;1
202200033164;754 822;7;13;2;1;0;1
202200033165;754 819;37;0;1;2;20;3
202200033166;754 818;7;0;2;7;16;1
202200033166;754 821;50;0;2;8;18;3
202200033167;754 816;7;0;2;3;15;0
202200033167;754 817;32;0;2;2;17;1
202200033168;754 812;7;0;2;5;15;1
202200033168;754 815;3;0;2;1;21;1
202200033169;754 811;34;0;2;3;1;1
202200033169;754 814;10;0;2;3;9;1
202200033170;754 809;7;0;2;3;22;1
202200033170;754 813;1;1;0;1;21;5
202200033171;754 808;7;0;2;8;1;1
202200033171;754 810;7;0;2;1;2;1
202200033172;754 804;33;0;2;1;1;1
202200033172;754 806;7;0;2;1;5;1
202200033173;754 803;7;0;2;2;15;1
202200033173;754 807;33;0;2;1;1;1
202200033174;754 802;10;0;2;4;26;1
202200033174;754 805;1;0;2;1;2;5
202200033175;754 799;30;0;2;7;2;1
202200033175;754 801;33;0;2;8;2;1
202200033176;754 796;7;0;2;2;17;1
202200033176;754 798;1;0;2;6;1;5
202200033177;754 795;7;0;2;3;9;1
202200033177;754 797;30;0;2;7;1;1
202200033178;754 793;37;0;2;6;1;1
202200033178;754 800;14;0;2;3;13;1
202200033179;754 791;1;0;2;6;19;5
202200033179;754 794;7;0;2;3;3;1
202200033180;754 790;10;0;2;1;19;1
202200033180;754 792;50;0;2;7;8;3
202200033181;754 789;33;6;0;1;0;1
202200033182;754 788;43;0;0;7;9;1
202200033183;754 787;50;0;1;1;5;3
202200033184;754 784;1;0;2;7;1;5
202200033184;754 786;7;0;2;1;9;1
202200033185;754 781;10;12;1;0;2;1
202200033186;754 780;10;0;2;1;0;1
202200033186;754 782;7;0;2;4;0;1
202200033187;754 773;32;0;2;1;2;6
202200033187;754 774;32;0;2;4;23;1
202200033188;754 775;1;0;2;8;0;5
202200033188;754 778;7;0;2;6;1;2
202200033189;754 770;7;13;2;7;17;1
202200033189;754 776;7;15;2;8;1;1
202200033190;754 767;7;0;2;2;20;1
202200033190;754 769;50;0;2;1;1;3
202200033191;754 768;7;0;2;7;1;1
202200033191;754 771;7;0;2;8;1;1
202200033191;754 772;7;0;2;8;1;0
202200033192;754 766;15;4;0;3;1;1
202200033193;754 761;30;0;2;1;9;1
202200033193;754 765;7;0;2;3;1;1
202200033194;754 759;7;9;2;3;12;2
202200033194;754 762;7;9;2;3;13;1
202200033195;754 756;7;0;2;3;15;1
202200033195;754 757;41;0;2;7;17;0
202200033196;754 755;1;0;0;0;9;5
202200033197;754 751;7;0;2;1;1;1
202200033197;754 752;14;0;2;3;1;1
202200033198;754 750;7;0;2;7;15;1
202200033198;754 753;37;0;2;3;2;1
202200033199;754 749;7;0;2;1;1;1
202200033199;754 754;7;0;2;2;1;1
202200033200;754 746;31;0;2;1;17;1
202200033200;754 747;7;0;2;3;9;1
202200033201;754 748;7;0;1;1;1;1
202200033202;754 744;43;14;0;1;1;1
202200033203;754 743;50;0;2;1;1;3
202200033203;754 745;7;0;2;3;1;1
202200033204;754 741;7;0;2;1;2;1
202200033204;754 742;33;0;2;4;23;1
202200033205;754 740;1;13;0;0;1;5
202200033206;754 738;43;0;2;8;11;1
202200033206;754 739;7;0;2;7;12;1
202200033207;754 737;1;13;0;0;1;5
202200033208;754 735;33;0;2;1;18;1
202200033208;754 736;7;0;2;2;16;1
202200033209;754 731;7;1;0;1;1;1
202200033210;754 732;33;0;2;1;15;1
202200033210;754 734;7;0;2;1;1;1
202200033211;754 730;7;0;2;1;1;1
202200033211;754 733;30;0;2;3;1;1
202200033212;754 727;30;0;1;1;16;1
202200033213;754 728;33;0;2;7;1;1
202200033213;754 729;7;0;2;3;9;1
202200033214;754 726;7;0;1;2;1;1
202200033215;754 725;33;1;0;1;13;1
202200033216;754 723;7;0;1;4;26;1
202200033217;754 722;14;0;2;3;22;1
202200033217;754 724;50;1;0;3;3;3
202200033218;754 721;30;0;1;0;0;0
202200033219;754 720;33;3;0;2;1;1
202200033220;754 717;7;0;2;1;1;0
202200033220;754 719;1;0;2;2;19;5
202200033221;754 715;7;0;2;1;26;1
202200033221;754 718;1;0;2;1;16;5
202200033222;754 716;31;12;0;7;1;1
202200033223;754 713;7;8;0;2;21;1
202200033224;754 712;37;0;1;2;7;1
202200033225;754 711;7;0;2;3;1;1
202200033225;754 714;7;0;2;3;13;2
202200033226;754 710;33;0;2;0;1;1
202200033227;754 707;7;6;2;1;2;1
202200033227;754 708;7;0;2;5;2;1
202200033228;754 706;7;0;2;9;0;1
202200033228;754 709;7;0;2;9;2;1
202200033229;754 705;7;6;0;1;21;1
202200033230;754 700;7;0;2;3;9;1
202200033230;754 704;1;0;2;2;1;5
202200033231;754 699;2;0;2;0;1;1
202200033231;754 702;10;0;2;3;15;1
202200033232;754 698;10;0;2;2;12;1
202200033232;754 701;15;0;2;6;1;1
202200033232;754 703;7;4;2;2;1;2
202200033233;754 694;7;13;0;2;0;1
202200033234;754 695;10;0;2;2;16;1
202200033234;754 697;1;0;2;1;1;5
202200033235;754 690;10;0;9;3;15;1
202200033235;754 692;1;0;2;0;0;5
202200033236;754 693;7;0;1;3;1;1
202200033237;754 689;34;0;2;1;26;0
202200033237;754 691;15;0;2;4;1;1
202200033238;754 688;31;0;0;0;26;1
202200033239;754 685;7;0;2;1;1;1
202200033239;754 686;7;0;2;1;1;1
202200033240;754 684;32;0;2;1;17;1
202200033240;754 687;7;0;2;3;15;1
202200033241;754 682;33;15;0;1;17;1
202200033242;754 683;33;0;0;7;16;1
202200033243;754 678;7;0;2;2;13;1
202200033243;754 681;7;0;2;1;1;1
202200033244;754 677;99;0;2;2;1;1
202200033244;754 679;99;0;2;2;1;1
202200033245;754 676;99;0;2;7;1;3
202200033245;754 680;7;0;2;1;1;1
202200033246;754 674;7;0;2;8;1;1
202200033246;754 675;7;8;2;3;26;1
202200033247;754 672;2;0;0;1;21;1
202200033248;754 671;2;0;2;7;1;1
202200033248;754 673;7;0;2;1;9;1
202200033249;754 669;30;0;2;1;2;1
202200033249;754 670;7;0;2;4;2;1
202200033250;754 668;7;0;0;9;1;1
202200033251;754 663;33;0;2;1;1;1
202200033251;754 665;7;0;2;2;1;1
202200033252;754 666;43;0;2;7;17;1
202200033252;754 667;50;0;2;8;15;3
202200033253;754 660;7;2;0;1;0;1
202200033254;754 661;7;0;2;4;2;1
202200033254;754 662;7;0;2;5;2;1
202200033254;754 664;7;0;2;1;2;1
202200033255;754 659;10;0;1;4;4;1
202200033256;754 655;2;0;2;3;1;1
202200033256;754 657;7;0;2;2;15;1
202200033257;754 656;7;0;1;0;0;0
202200033258;754 654;7;0;2;2;21;1
202200033258;754 658;7;1;2;2;24;1
202200033259;754 652;10;0;1;4;4;3
202200033260;754 651;33;0;2;2;1;1
202200033260;754 653;7;0;9;3;10;1
202200033261;754 650;7;9;0;1;15;1
202200033262;754 647;7;0;2;3;15;1
202200033262;754 649;1;0;2;8;1;5
202200033263;754 646;60;0;2;1;0;5
202200033263;754 648;7;0;9;7;26;1
202200033264;754 643;21;0;2;6;2;1
202200033264;754 644;7;0;2;2;2;2
202200033265;754 642;3;0;2;8;1;1
202200033265;754 645;7;0;2;1;0;1
202200033266;754 640;30;0;2;7;1;1
202200033266;754 641;7;0;2;1;26;1
202200033267;754 638;7;0;2;3;15;0
202200033267;754 639;33;0;0;3;1;1
202200033268;754 636;7;0;2;3;1;1
202200033268;754 637;7;0;2;3;1;1
202200033269;754 633;7;0;2;3;17;1
202200033269;754 634;30;0;2;1;1;1
202200033270;754 635;33;0;0;0;26;1
202200033271;754 632;30;0;0;7;1;1
202200033272;754 629;2;0;2;1;1;1
202200033272;754 630;7;0;2;2;15;1
202200033273;754 628;7;0;9;5;9;1
202200033273;754 631;1;0;2;1;1;5
202200033274;754 627;7;15;0;3;1;1
202200033275;754 625;7;0;0;3;1;1
202200033275;754 626;50;0;0;7;1;3
202200033276;754 624;80;8;0;0;0;3
202200033277;754 619;17;0;0;5;2;1
202200033277;754 621;7;0;2;1;2;1
202200033278;754 620;1;0;2;8;19;5
202200033278;754 623;7;0;2;2;1;1
202200033279;754 618;37;0;2;1;1;1
202200033279;754 622;7;0;2;1;13;1
202200033280;754 617;7;10;0;3;1;1
202200033281;754 616;7;7;0;3;1;1
202200033282;754 614;1;0;2;2;1;5
202200033282;754 615;7;0;2;3;16;1
202200033283;754 611;7;0;2;3;15;1
202200033283;754 613;31;0;2;1;0;1
202200033284;754 610;10;0;2;4;23;1
202200033284;754 612;33;0;2;1;1;0
202200033285;754 608;7;0;0;0;13;1
202200033286;754 607;7;0;2;3;9;1
202200033286;754 609;80;0;2;1;1;3
202200033287;754 605;7;0;1;2;1;1
202200033288;754 604;7;0;2;5;15;0
202200033288;754 606;34;0;2;1;1;1
202200033289;754 603;7;0;1;2;1;1
202200033290;754 602;7;13;1;1;1;1
202200033291;754 597;7;0;2;7;15;1
202200033291;754 600;7;0;2;1;1;1
202200033292;754 596;10;0;2;3;13;1
202200033292;754 599;7;0;2;3;1;1
202200033293;754 595;7;0;1;1;1;1
202200033294;754 591;7;0;2;1;2;1
202200033294;754 593;7;0;2;2;2;1
202200033295;754 589;31;0;2;1;17;1
202200033295;754 590;7;0;2;3;9;1
202200033296;754 586;7;0;2;4;9;1
202200033296;754 588;7;0;2;1;1;1
202200033297;754 581;7;6;0;3;19;1
202200033298;754 583;7;0;2;1;2;1
202200033298;754 585;7;0;2;4;2;1
202200033298;754 587;7;0;0;4;23;1
202200033299;754 582;7;0;2;0;10;0
202200033299;754 584;33;0;2;8;1;1
202200033300;754 579;7;0;2;3;17;2
202200033300;754 580;33;0;0;3;1;1
202200033301;754 578;7;0;1;8;15;1
202200033302;754 577;7;0;1;2;1;1
202200033303;754 576;7;13;0;2;1;1
202200033304;754 575;7;15;0;1;26;1
202200033305;754 572;7;0;1;1;1;1
202200033306;754 573;7;0;2;3;15;1
202200033306;754 574;34;0;2;1;1;1
202200033307;754 568;37;0;2;3;1;1
202200033307;754 571;7;0;2;5;14;1
202200033308;754 567;30;0;2;1;1;1
202200033308;754 569;7;0;2;2;15;1
202200033309;754 565;10;0;2;1;2;1
202200033309;754 566;7;0;2;4;2;1
202200033310;754 563;1;0;2;1;1;5
202200033310;754 564;7;0;2;3;15;1
202200033311;754 561;7;0;2;1;2;1
202200033312;754 558;7;0;2;1;1;1
202200033312;754 560;7;0;2;3;1;1
202200033312;754 562;7;0;2;5;15;1
202200033313;754 556;14;0;2;1;2;1
202200033313;754 557;7;0;2;4;2;1
202200033314;754 555;50;0;2;1;15;3
202200033314;754 559;7;0;2;1;2;1
202200033315;754 553;7;0;1;2;1;1
202200033316;754 551;7;9;0;3;1;1
202200033317;754 547;7;0;2;1;2;1
202200033317;754 549;7;0;2;4;2;1
202200033317;754 550;10;0;2;4;0;1
202200033317;754 552;7;0;2;0;0;1
202200033317;754 554;10;0;2;4;0;0
202200033318;754 546;7;0;2;4;1;1
202200033318;754 548;1;0;2;1;1;5
202200033319;754 545;7;0;1;1;2;1
202200033320;754 540;7;0;2;1;2;1
202200033320;754 541;7;0;2;4;2;1
202200033321;754 542;7;13;0;9;26;1
202200033322;754 539;14;0;2;3;13;0
202200033322;754 543;7;0;2;5;1;1
202200033322;754 544;7;0;2;7;1;0
202200033323;754 536;33;0;2;8;1;1
202200033323;754 538;7;0;2;2;12;1
202200033324;754 534;10;0;2;5;1;1
202200033324;754 537;33;0;2;3;13;1
202200033325;754 530;10;7;0;1;13;1
202200033326;754 529;7;3;2;1;9;1
202200033326;754 532;17;3;2;1;2;1
202200033326;754 533;7;3;2;1;2;1
202200033326;754 535;7;3;2;5;2;2
202200033327;754 528;30;0;2;1;1;1
202200033327;754 531;43;0;2;1;1;1
202200033328;754 526;7;0;1;0;1;1
202200033329;754 525;10;0;2;1;26;1
202200033329;754 527;7;0;2;4;0;1
202200033330;754 524;30;0;1;0;7;1
202200033331;754 522;33;0;0;0;3;1
202200033332;754 523;43;8;0;1;1;1
202200033333;754 521;80;0;1;1;5;3
202200033334;754 518;10;4;0;4;23;1
202200033334;754 520;15;1;0;1;1;1
202200033335;754 519;1;0;0;0;1;5
202200033336;754 517;7;0;1;1;1;1
202200033337;754 515;7;0;1;1;1;1
202200033338;754 514;10;0;2;2;1;1
202200033338;754 516;33;0;2;1;1;1