Num_Acc;id_vehicule;catv;obs;obsm;choc;manv;motor
202200033339;754 512;7;1;0;2;14;1
202200033339;754 513;7;0;2;6;24;1
202200033340;754 510;7;0;2;5;4;1
202200033340;754 511;32;0;2;1;23;1
202200033341;754 508;7;0;1;0;25;0
202200033342;754 507;7;0;2;3;1;1
202200033342;754 509;7;0;2;2;1;1
202200033343;754 502;1;0;2;1;5;5
202200033343;754 504;7;0;2;2;1;1
202200033344;754 503;43;0;2;3;2;1
202200033344;754 506;7;0;2;4;2;1
202200033345;754 505;7;0;1;3;1;1
202200033346;754 500;10;0;0;0;0;1
202200033346;754 501;1;0;2;8;2;5
202200033347;754 498;7;0;2;1;14;1
202200033347;754 499;32;0;2;8;18;1
202200033348;754 497;50;0;1;1;1;3
202200033349;754 496;15;6;0;1;9;1
202200033350;754 490;7;0;2;1;2;1
202200033350;754 493;7;0;2;9;23;2
202200033350;754 495;7;0;2;4;23;2
202200033351;754 489;10;0;2;2;15;1
202200033351;754 491;1;0;2;8;1;5
202200033352;754 492;7;0;2;5;16;1
202200033352;754 494;32;0;2;1;18;1
202200033353;754 487;7;6;0;1;9;1
202200033354;754 486;7;0;2;4;11;1
202200033354;754 488;33;0;2;1;1;1
202200033355;754 484;7;12;0;2;17;1
202200033356;754 483;7;0;2;6;23;2
202200033356;754 485;33;0;2;1;2;1
202200033357;754 481;1;0;2;1;1;5
202200033357;754 482;10;0;2;6;4;1
202200033358;754 478;30;9;0;0;1;3
202200033359;754 479;50;0;2;1;1;3
202200033359;754 480;10;0;2;3;15;1
202200033360;754 477;7;0;1;0;20;2
202200033361;754 475;7;0;2;1;2;1
202200033361;754 476;7;0;2;4;2;1
202200033362;754 474;7;15;1;1;19;1
202200033363;754 472;7;0;2;2;15;1
202200033363;754 473;7;0;2;8;1;1
202200033364;754 471;7;2;0;1;13;1
202200033365;754 470;50;0;1;1;1;3
202200033366;754 466;7;0;2;1;1;1
202200033366;754 468;7;0;2;3;19;3
202200033367;754 467;7;0;1;1;10;1
202200033368;754 465;10;0;2;4;2;3
202200033368;754 469;1;0;2;1;2;5
202200033369;754 463;30;0;2;7;1;3
202200033369;754 464;7;0;2;2;9;1
202200033370;754 460;7;0;2;1;1;1
202200033370;754 462;7;0;2;3;9;1
202200033371;754 459;10;0;2;3;22;1
202200033371;754 461;1;0;2;2;1;5
202200033372;754 457;7;0;0;4;2;0
202200033372;754 458;10;0;2;1;2;1
202200033373;754 455;30;0;0;0;1;1
202200033374;754 456;31;0;1;7;3;1
202200033375;754 452;30;0;2;4;15;3
202200033375;754 454;34;0;2;1;26;1
202200033376;754 450;7;1;1;1;2;1
202200033377;754 451;34;0;2;1;15;1
202200033377;754 453;7;0;2;2;1;1
202200033378;754 449;7;0;1;2;1;1
202200033379;754 448;43;0;0;6;20;1
202200033380;754 447;80;0;1;1;25;3
202200033381;754 445;7;0;2;6;19;1
202200033381;754 446;7;0;2;1;0;1
202200033382;754 441;37;0;1;2;16;1
202200033383;754 442;7;0;2;1;1;1
202200033383;754 444;7;0;2;7;15;2
202200033384;754 443;1;0;1;1;1;5
202200033385;754 438;7;0;2;6;1;1
202200033385;754 440;15;0;2;2;14;1
202200033386;754 439;2;13;0;2;2;1
202200033387;754 436;30;0;2;5;1;1
202200033387;754 437;80;0;2;1;16;3
202200033388;754 435;7;0;1;0;1;0
202200033389;754 433;2;0;2;1;5;1
202200033389;754 434;7;0;2;1;21;1
202200033390;754 430;33;0;0;0;0;1
202200033391;754 429;32;0;2;1;1;1
202200033391;754 432;30;0;2;5;1;3
202200033392;754 428;30;0;2;1;1;1
202200033392;754 431;10;0;2;4;23;1
202200033393;754 427;7;2;0;2;13;1
202200033394;754 424;7;0;2;3;9;1
202200033394;754 426;7;0;2;3;9;1
202200033395;754 425;7;8;0;1;1;1
202200033396;754 421;1;0;2;0;1;5
202200033396;754 422;7;0;2;0;15;1
202200033397;754 419;7;0;2;3;10;1
202200033397;754 420;30;0;2;2;1;1
202200033398;754 416;7;0;2;1;9;1
202200033398;754 418;33;0;2;9;1;1
202200033399;754 415;1;12;0;0;13;5
202200033400;754 414;17;0;0;4;1;1
202200033400;754 417;10;3;2;1;21;1
202200033401;754 411;1;0;2;1;1;5
202200033401;754 413;10;0;9;3;9;1
202200033402;754 410;1;0;2;7;1;5
202200033402;754 412;7;0;2;8;1;1
202200033403;754 406;7;0;2;3;15;1
202200033403;754 408;2;0;2;1;1;1
202200033404;754 403;7;0;2;0;16;0
202200033404;754 405;30;0;2;6;7;3
202200033405;754 400;7;0;2;1;1;1
202200033405;754 402;7;0;2;6;19;1
202200033406;754 397;1;0;2;4;13;5
202200033406;754 399;43;0;2;1;1;1
202200033407;754 396;7;0;2;1;1;1
202200033407;754 398;7;0;2;1;2;1
202200033407;754 401;7;0;0;4;1;1
202200033407;754 404;7;0;0;4;1;1
202200033407;754 407;7;0;2;5;1;1
202200033407;754 409;7;0;0;6;1;1
202200033408;754 394;7;0;1;1;1;1
202200033409;754 393;7;0;2;0;15;1
202200033409;754 395;30;0;2;0;1;1
202200033410;754 391;7;0;0;3;1;1
202200033410;754 392;7;0;0;3;1;1
202200033411;754 387;33;8;2;1;1;6
202200033411;754 390;7;8;0;8;15;6
202200033412;754 385;7;0;2;1;13;1
202200033412;754 388;7;0;2;8;2;1
202200033412;754 389;7;0;2;1;1;0
202200033413;754 384;33;0;2;3;1;1
202200033413;754 386;7;0;2;3;1;1
202200033414;754 381;7;0;2;1;1;1
202200033414;754 383;1;0;2;1;15;5
202200033415;754 382;7;0;1;1;0;1
202200033416;754 380;33;7;0;1;1;1
202200033417;754 379;7;0;1;1;1;1
202200033418;754 377;10;0;1;1;15;3
202200033419;754 378;7;3;0;7;1;1
202200033420;754 376;7;0;1;2;1;1
202200033421;754 374;33;0;1;0;1;1
202200033422;754 373;7;0;2;5;15;1
202200033422;754 375;31;0;2;1;1;1
202200033423;754 372;7;5;0;4;13;1
202200033424;754 369;50;0;2;2;1;3
202200033424;754 371;7;0;2;2;15;1
202200033425;754 367;1;0;0;8;1;5
202200033425;754 370;10;0;2;2;15;1
202200033426;754 366;2;0;2;1;1;1
202200033426;754 368;7;0;9;7;26;1
202200033427;754 364;7;13;0;1;14;1
202200033428;754 363;7;1;0;0;0;1
202200033428;754 365;7;0;2;1;24;1
202200033429;754 362;7;6;0;1;1;1
202200033430;754 359;7;0;2;8;9;1
202200033430;754 361;50;0;2;1;1;3
202200033431;754 357;33;0;2;1;2;1
202200033431;754 360;7;0;2;4;2;1
202200033432;754 358;7;0;1;1;15;1
202200033433;754 355;1;0;2;1;1;5
202200033433;754 356;7;0;9;5;16;1
202200033434;754 353;7;0;1;1;15;1
202200033435;754 354;7;15;0;1;1;1
202200033436;754 351;1;0;2;8;2;5
202200033436;754 352;1;0;0;7;2;5
202200033437;754 349;7;6;0;2;1;1
202200033438;754 346;30;0;2;3;1;1
202200033438;754 347;17;0;2;5;17;1
202200033439;754 348;40;0;2;1;1;3
202200033439;754 350;7;0;4;1;1;1
202200033440;754 345;7;6;0;3;0;1
202200033441;754 343;80;0;2;9;19;3
202200033441;754 344;7;0;2;5;1;3
202200033442;754 340;7;0;2;2;15;1
202200033442;754 341;43;0;2;1;1;1
202200033443;754 339;7;0;1;0;2;1
202200033444;754 338;7;0;2;3;1;1
202200033444;754 342;7;0;2;8;19;1
202200033445;754 336;40;0;1;2;1;3
202200033446;754 335;7;0;2;1;17;1
202200033446;754 337;15;0;2;1;1;1
202200033447;754 331;7;1;0;4;24;1
202200033447;754 333;10;0;2;1;14;1
202200033448;754 332;7;0;2;1;2;1
202200033448;754 334;10;0;2;4;2;1
202200033449;754 330;7;10;0;3;13;1
202200033450;754 327;34;0;2;1;1;1
202200033450;754 329;7;0;2;7;1;1
202200033451;754 326;7;15;4;7;0;1
202200033451;754 328;39;0;2;1;1;0
202200033452;754 322;7;0;2;3;9;0
202200033452;754 324;1;0;2;0;2;5
202200033453;754 321;7;0;2;3;1;1
202200033453;754 325;7;0;2;5;16;1
202200033454;754 320;7;0;0;3;1;1
202200033454;754 323;33;0;2;2;17;1
202200033455;754 319;7;0;1;3;0;0
202200033456;754 317;7;0;1;3;1;1
202200033457;754 315;15;14;0;3;1;1
202200033457;754 316;7;0;2;4;2;1
202200033457;754 318;7;0;2;6;1;1
202200033458;754 311;33;0;2;1;21;1
202200033458;754 313;10;0;0;6;1;1
202200033458;754 314;33;0;0;7;1;1
202200033459;754 310;7;0;1;6;1;1
202200033459;754 312;7;0;2;2;17;1
202200033460;754 309;7;0;1;1;26;0
202200033461;754 307;2;0;2;8;15;1
202200033461;754 308;7;0;2;1;19;1
202200033462;754 305;7;0;2;3;13;1
202200033462;754 306;2;0;2;1;17;1
202200033463;754 303;7;0;2;2;1;1
202200033463;754 304;2;0;2;3;16;1
202200033464;754 302;10;0;1;2;1;1
202200033465;754 300;7;2;2;3;21;1
202200033465;754 301;1;0;2;3;13;5
202200033466;754 298;43;9;2;3;2;6
202200033466;754 299;34;9;2;3;2;6
202200033467;754 297;7;2;0;3;1;1
202200033468;754 296;7;9;0;1;15;2
202200033469;754 295;7;0;0;9;0;1
202200033470;754 294;7;0;1;6;20;2
202200033471;754 293;10;0;1;2;1;1
202200033472;754 291;7;0;9;2;20;1
202200033472;754 292;80;0;2;2;5;3
202200033473;754 289;7;1;0;2;10;1
202200033474;754 286;1;0;2;7;19;5
202200033474;754 288;7;0;2;1;1;1
202200033475;754 285;7;0;2;2;17;1
202200033475;754 287;7;0;2;3;15;1
202200033476;754 284;1;2;0;0;1;5
202200033477;754 283;36;15;0;2;15;1
202200033478;754 281;43;9;2;3;5;1
202200033478;754 282;30;2;2;1;1;1
202200033479;754 280;7;2;0;1;0;1
202200033480;754 278;2;0;2;1;2;1
202200033480;754 279;3;0;2;3;16;1
202200033481;754 276;7;0;2;3;21;1
202200033481;754 277;7;0;2;3;13;1
202200033482;754 273;33;0;0;8;1;1
202200033483;754 274;7;0;2;1;1;1
202200033483;754 275;33;0;2;4;1;1
202200033484;754 271;32;1;0;1;17;1
202200033484;754 272;10;0;2;4;23;1
202200033485;754 270;7;13;0;1;21;1
202200033486;754 268;7;6;0;1;1;1
202200033487;754 267;0;0;2;7;0;0
202200033487;754 269;34;0;2;1;0;1
202200033488;754 262;7;0;9;2;16;1
202200033488;754 264;1;0;2;3;16;5
202200033489;754 263;7;0;2;1;1;1
202200033489;754 265;2;0;2;8;1;1
202200033489;754 266;33;0;2;1;13;1
202200033490;754 260;7;0;2;3;26;1
202200033490;754 261;2;0;2;2;1;1
202200033491;754 258;10;0;2;1;2;0
202200033491;754 259;7;0;2;4;2;1
202200033492;754 256;33;0;2;8;13;1
202200033492;754 257;7;0;2;7;14;1
202200033493;754 251;33;0;0;7;1;1
202200033494;754 248;7;2;0;1;21;1
202200033495;754 249;17;0;2;1;1;1
202200033495;754 250;17;0;2;1;1;1
202200033495;754 252;14;0;0;4;1;1
202200033495;754 253;17;0;2;1;1;1
202200033495;754 254;17;0;0;4;1;1
202200033495;754 255;17;0;0;4;1;1
202200033496;754 246;7;0;2;1;1;1
202200033496;754 247;7;3;2;7;19;1
202200033497;754 243;50;0;2;1;5;3
202200033497;754 244;7;0;9;1;1;1
202200033498;754 242;7;0;0;6;1;1
202200033498;754 245;7;3;2;1;14;1
202200033499;754 241;7;2;0;1;19;1
202200033500;754 238;7;0;2;1;1;1
202200033500;754 240;7;7;2;5;1;1
202200033501;754 237;7;0;2;1;13;1
202200033501;754 239;10;0;2;1;1;1
202200033502;754 236;1;0;0;0;1;5
202200033503;754 235;31;3;0;7;1;1
202200033504;754 230;21;0;2;3;21;1
202200033504;754 232;10;0;2;3;13;1
202200033505;754 231;10;0;0;0;17;1
202200033505;754 233;7;0;2;7;21;1
202200033505;754 234;10;0;2;1;1;1
202200033506;754 227;7;0;2;2;15;1
202200033506;754 228;34;0;2;1;1;1
202200033507;754 226;7;0;2;1;9;1
202200033507;754 229;34;0;2;7;1;1
202200033508;754 225;7;0;0;2;1;1
202200033509;754 224;7;17;0;3;1;1
202200033510;754 223;33;0;0;0;1;1
202200033511;754 222;7;2;0;1;21;1
202200033512;754 219;7;0;2;4;2;1
202200033512;754 221;33;0;2;1;2;1
202200033513;754 220;80;0;0;1;1;3
202200033514;754 216;99;0;2;3;1;0
202200033514;754 218;33;0;2;1;13;1
202200033515;754 215;32;0;2;1;13;1
202200033515;754 217;7;0;2;3;1;1
202200033516;754 214;7;13;0;1;1;1
202200033517;754 213;7;13;0;3;1;1
202200033518;754 211;7;0;2;8;15;1
202200033518;754 212;33;0;2;2;17;1
202200033519;754 210;2;9;0;8;25;1
202200033520;754 209;31;0;0;8;24;1
202200033521;754 207;21;0;2;3;15;1
202200033521;754 208;7;0;2;7;1;1
202200033522;754 205;7;0;2;7;17;3
202200033522;754 206;13;0;2;2;1;0
202200033523;754 204;33;0;0;1;1;1
202200033524;754 201;7;0;2;3;1;1
202200033524;754 202;34;0;2;3;17;1
202200033525;754 200;33;0;2;1;15;1
202200033525;754 203;7;0;2;8;1;1
202200033526;754 199;7;6;0;2;1;1
202200033527;754 198;36;6;0;1;0;1
202200033528;754 196;7;0;2;8;15;1
202200033528;754 197;33;0;2;2;17;1
202200033529;754 195;7;16;0;9;1;1
202200033530;754 194;7;2;0;6;1;3
202200033531;754 193;7;12;0;1;1;1
202200033532;754 191;20;0;2;2;15;1
202200033532;754 192;7;0;9;3;1;1
202200033533;754 188;7;0;2;4;15;1
202200033533;754 190;7;0;2;1;21;1
202200033534;754 187;2;0;2;1;21;1
202200033534;754 189;7;0;2;5;23;1
202200033535;754 185;7;0;2;8;15;1
202200033535;754 186;33;0;2;1;17;1
202200033536;754 184;7;13;0;1;1;1
202200033537;754 183;33;7;0;1;6;1
202200033538;754 180;1;0;2;1;5;5
202200033538;754 181;7;0;2;3;1;1
202200033539;754 178;7;16;0;9;12;1
202200033540;754 177;7;1;0;3;1;1
202200033541;754 175;0;0;2;1;0;-1
202200033541;754 176;7;0;2;4;1;2
202200033542;754 172;7;0;2;1;1;2
202200033542;754 174;7;0;2;8;1;1
202200033543;754 171;7;0;2;8;19;1
202200033543;754 173;7;0;2;8;1;1
202200033544;754 169;30;0;2;1;1;1
202200033544;754 170;7;0;2;2;15;1
202200033545;754 165;0;0;1;0;2;0
202200033546;754 164;7;0;2;7;12;1
202200033546;754 166;31;0;2;3;3;1
202200033546;754 167;7;0;2;4;1;2
202200033546;754 168;7;0;2;3;1;1
202200033547;754 163;31;11;0;1;0;1
202200033548;754 162;33;4;0;1;2;1
202200033549;754 161;7;10;0;2;1;1
202200033550;754 159;7;13;0;1;1;1
202200033551;754 158;7;3;2;2;1;1
202200033551;754 160;7;3;2;3;13;1
202200033552;754 155;10;0;2;2;1;1
202200033552;754 157;2;0;2;1;15;1
202200033553;754 154;7;0;2;3;1;1
202200033553;754 156;7;0;2;1;2;1
202200033554;754 153;7;15;0;1;1;1
202200033555;754 150;17;0;2;2;1;1
202200033555;754 151;10;0;2;1;5;1
202200033556;754 148;7;0;2;4;2;1
202200033556;754 152;7;0;2;1;2;1
202200033557;754 147;33;0;2;1;18;1
202200033557;754 149;7;0;9;5;23;1
202200033558;754 143;7;0;2;3;0;1
202200033558;754 146;31;0;2;1;3;1
202200033559;754 142;7;0;2;2;1;1
202200033559;754 144;33;0;2;4;23;1
202200033559;754 145;7;0;0;4;23;1
202200033560;754 140;33;0;0;7;21;1
202200033561;754 139;7;0;2;4;1;1
202200033561;754 141;10;0;2;1;1;1
202200033562;754 136;7;0;0;1;1;1
202200033563;754 135;7;0;2;1;2;1
202200033563;754 137;7;0;2;4;2;1
202200033563;754 138;7;0;2;4;23;1
202200033564;754 133;7;0;2;1;13;1
202200033564;754 134;10;0;2;2;2;0
202200033565;754 130;33;5;0;1;14;1
202200033566;754 131;7;0;2;8;1;1
202200033566;754 132;7;4;2;7;17;1
202200033567;754 128;7;0;1;1;1;1
202200033568;754 127;1;0;2;3;1;5
202200033568;754 129;7;0;9;3;17;1
202200033569;754 125;33;13;0;1;14;1
202200033570;754 126;50;0;2;2;1;3
202200033571;754 124;7;0;1;1;1;1
202200033572;754 123;7;0;1;8;1;1
202200033573;754 120;7;3;2;3;1;1
202200033573;754 122;7;0;2;3;1;1
202200033574;754 119;7;1;0;2;14;1
202200033574;754 121;10;0;2;6;24;1
202200033575;754 116;2;0;2;1;1;1
202200033575;754 117;7;0;2;1;15;1
202200033576;754 118;7;2;0;1;1;1
202200033577;754 113;7;0;2;7;17;1
202200033577;754 115;7;0;2;3;13;1
202200033578;754 111;2;0;0;0;0;1
202200033579;754 112;7;0;2;3;1;1
202200033579;754 114;7;0;2;3;5;1
202200033580;754 109;7;0;2;5;0;1
202200033580;754 110;7;0;2;1;1;1
202200033581;754 107;7;0;2;3;11;1
202200033581;754 108;33;0;2;7;1;-1
202200033582;754 105;2;0;2;2;1;3
202200033582;754 106;7;0;2;6;1;1
202200033583;754 101;7;0;2;7;16;1
202200033583;754 102;60;0;2;1;1;5
202200033584;754 099;7;0;2;6;9;1
202200033584;754 100;33;0;2;1;1;1
202200033585;754 094;7;0;2;3;15;1
202200033585;754 095;33;0;2;1;1;1
202200033586;754 093;7;0;1;4;4;1
202200033587;754 091;2;0;2;1;2;1
202200033587;754 092;7;0;2;4;23;1
202200033588;754 088;7;0;2;1;2;1
202200033588;754 089;7;0;2;4;1;1
202200033588;754 090;3;0;2;4;2;1
202200033589;754 087;7;0;1;2;1;1
202200033590;754 086;7;0;0;1;2;1
202200033591;754 084;7;0;2;2;18;1
202200033591;754 085;7;0;2;2;18;1
202200033592;754 082;31;0;2;1;1;1
202200033592;754 083;7;0;2;7;15;1
202200033593;754 081;7;16;0;9;16;1
202200033594;754 079;32;0;2;4;2;1
202200033594;754 080;7;0;2;2;2;1
202200033595;754 078;7;0;1;3;1;1
202200033596;754 077;7;5;0;9;1;1
202200033597;754 075;7;8;2;8;15;1
202200033597;754 076;7;8;0;1;1;1
202200033598;754 073;7;0;2;3;15;1
202200033598;754 074;31;0;2;1;1;1
202200033599;754 070;7;0;2;1;2;1
202200033599;754 071;7;0;2;8;23;1
202200033599;754 072;7;0;2;8;9;1
202200033600;754 068;50;0;2;1;19;3
202200033600;754 069;7;0;2;1;1;1
202200033601;754 066;10;0;2;3;0;0
202200033601;754 067;50;0;2;8;19;3
202200033602;754 064;7;0;2;4;2;1
202200033602;754 065;7;0;2;1;2;1
202200033603;754 060;7;0;2;5;15;0
202200033603;754 061;2;0;2;1;1;1
202200033604;754 058;43;0;0;3;16;1
202200033604;754 059;7;0;0;1;9;1
202200033605;754 057;34;0;0;1;1;1
202200033606;754 056;7;0;1;2;26;1
202200033607;754 053;7;14;2;1;26;1
202200033607;754 054;7;0;2;4;1;1
202200033607;754 055;7;16;0;4;15;1
202200033608;754 052;7;9;0;1;19;1
202200033609;754 048;2;0;2;1;5;1
202200033609;754 049;7;0;2;2;21;1
202200033610;754 046;7;0;2;2;12;1
202200033610;754 047;7;0;2;8;1;1
202200033611;754 044;7;0;2;1;0;1
202200033611;754 045;34;0;2;1;1;1
202200033612;754 042;50;0;2;4;1;3
202200033612;754 043;7;0;2;0;0;1
202200033613;754 040;7;0;2;7;16;1
202200033613;754 041;2;0;2;2;1;1
202200033614;754 039;43;12;0;2;14;1
202200033615;754 038;31;0;0;0;1;1
202200033616;754 036;31;0;2;7;12;1
202200033616;754 037;7;0;2;8;1;1
202200033617;754 033;7;0;2;0;12;0
202200033617;754 034;7;6;2;8;2;1
202200033617;754 035;7;0;2;7;2;1
202200033618;754 031;33;0;2;2;3;1
202200033618;754 032;7;0;2;3;11;1
202200033619;754 029;34;0;2;8;1;1
202200033619;754 030;7;0;2;5;12;1
202200033620;754 027;7;0;2;7;12;0
202200033620;754 028;33;0;2;8;3;1
202200033621;754 024;15;0;2;2;2;1
202200033621;754 025;10;0;2;6;11;1
202200033621;754 026;7;0;2;8;2;1
202200033622;754 022;7;0;2;8;20;1
202200033622;754 023;30;0;2;7;17;1
202200033623;754 020;1;0;2;3;1;5
202200033623;754 021;37;0;2;2;15;3
202200033624;754 019;1;0;1;1;1;5
202200033625;754 017;1;0;2;1;1;5
202200033625;754 018;1;0;2;4;1;5
202200033626;754 015;7;0;2;4;9;2
202200033626;754 016;50;0;2;1;1;3
202200033627;754 014;7;0;1;6;20;1
202200033628;754 012;7;0;2;3;15;1
202200033628;754 013;1;0;2;1;1;5
202200033629;754 010;34;0;2;1;1;1
202200033629;754 011;7;0;2;3;1;2
202200033630;754 008;7;0;2;1;23;1
202200033630;754 009;33;0;2;1;1;1
202200033631;754 007;7;0;1;2;1;2
202200033632;754 006;30;8;0;1;1;3
202200033633;754 005;3;6;0;2;1;0
202200033634;754 004;7;0;1;3;16;1
202200033635;754 002;2;0;2;1;1;1
202200033635;754 003;10;0;2;1;1;1
202200033636;754 000;32;0;2;1;1;1
202200033636;754 001;1;0;2;7;1;5
202200033637;753 999;7;0;1;1;15;2
202200033638;753 997;7;0;9;3;1;1
202200033638;753 998;7;0;2;1;13;1
202200033639;753 995;7;0;2;6;26;2
202200033639;753 996;1;0;2;0;0;5
202200033640;753 994;7;2;0;1;14;1
202200033641;753 992;2;0;2;1;2;1
202200033641;753 993;2;0;0;6;15;1
202200033642;753 991;1;0;0;0;1;5
202200033643;753 989;7;0;2;1;1;1
202200033643;753 990;21;0;0;4;15;1
202200033644;753 987;10;0;2;1;26;1
202200033644;753 988;1;0;2;4;1;5
202200033645;753 986;2;8;0;2;1;1
202200033646;753 984;7;0;2;3;0;2
202200033646;753 985;7;0;2;3;0;1
202200033647;753 983;7;15;0;1;1;1
202200033648;753 981;31;0;2;1;1;1
202200033648;753 982;7;0;2;1;13;1
202200033649;753 979;99;0;0;8;9;6
202200033649;753 980;7;0;5;1;1;1
202200033650;753 976;7;6;0;1;5;1
202200033651;753 975;7;6;0;3;13;1
202200033652;753 974;1;0;0;0;23;5
202200033653;753 973;10;0;0;1;1;1
202200033654;753 972;7;6;0;1;0;1
202200033655;753 971;7;0;1;2;1;1
202200033656;753 970;2;0;0;0;0;1
202200033657;753 969;7;13;0;0;1;1
202200033658;753 967;7;0;2;3;1;1
202200033658;753 968;7;0;2;3;17;1
202200033659;753 964;36;0;2;3;1;1
202200033659;753 965;7;0;2;8;1;1
202200033660;753 962;7;0;2;1;1;1
202200033660;753 963;7;0;2;3;13;1
202200033661;753 961;7;2;0;1;1;1
202200033662;753 959;1;0;0;4;1;5
202200033662;753 960;7;0;2;2;1;1
202200033663;753 957;7;0;2;1;1;1
202200033663;753 958;31;0;2;1;15;1
202200033664;753 955;7;0;2;2;1;1
202200033664;753 956;7;0;2;1;17;1
202200033665;753 954;7;2;0;8;13;1
202200033666;753 953;3;15;0;3;13;1
202200033667;753 952;7;6;0;1;1;1
202200033668;753 950;2;0;2;1;1;1
202200033668;753 951;2;0;2;2;10;1
202200033669;753 949;7;0;1;3;1;1
202200033670;753 947;7;0;2;6;15;1
202200033670;753 948;33;0;2;2;17;1
202200033671;753 945;7;0;2;3;1;1
202200033671;753 946;7;0;2;3;13;0
202200033672;753 944;7;13;0;0;13;1
202200033673;753 942;1;0;0;4;2;5
202200033673;753 943;7;0;9;2;2;0
202200033674;753 939;2;0;0;0;1;1
202200033675;753 937;1;0;2;8;15;5
202200033675;753 938;7;0;9;2;17;1
202200033676;753 935;2;0;2;1;1;1
202200033676;753 936;7;0;2;1;5;1
202200033677;753 933;7;0;0;1;1;1
202200033677;753 934;7;0;0;3;19;1
202200033678;753 931;1;0;2;8;2;5
202200033678;753 932;7;0;2;5;17;1
202200033679;753 928;7;0;0;3;13;1
202200033679;753 929;7;0;0;3;1;1
202200033679;753 930;7;0;0;3;13;1
202200033680;753 927;10;3;0;1;1;1
202200033681;753 926;36;13;0;8;21;1
202200033682;753 925;38;2;0;1;1;1
202200033683;753 923;7;0;2;3;15;1
202200033683;753 924;7;0;2;3;1;1
202200033684;753 920;10;0;0;0;15;1
202200033684;753 921;7;8;2;1;21;1
202200033684;753 922;2;0;2;1;1;1
202200033685;753 918;7;0;0;5;2;1
202200033685;753 919;7;0;2;3;2;1
202200033686;753 917;7;2;0;7;1;1
202200033687;753 916;33;5;0;1;1;1
202200033688;753 914;7;0;2;3;1;1
202200033688;753 915;7;0;2;3;1;1
202200033689;753 912;7;0;0;4;2;1
202200033689;753 913;33;0;2;1;2;1
202200033690;753 911;2;9;0;0;0;0
202200033691;753 910;7;8;0;1;5;1
202200033692;753 908;1;0;0;1;1;5
202200033692;753 909;7;0;0;2;15;1
202200033693;753 906;7;0;0;4;23;1
202200033693;753 907;7;0;2;1;2;1
202200033694;753 905;7;1;0;1;1;1
202200033695;753 904;7;3;0;2;1;1
202200033696;753 903;0;0;1;0;0;0
202200033697;753 902;7;8;0;1;13;1
202200033698;753 900;7;0;2;1;1;1
202200033698;753 901;7;0;2;1;1;1
202200033699;753 898;7;13;0;0;26;1
202200033700;753 896;33;0;2;4;23;1
202200033700;753 897;33;0;2;1;1;1
202200033701;753 892;7;5;0;2;1;1
202200033702;753 891;7;1;0;1;2;1
202200033703;753 888;7;0;2;5;1;1
202200033703;753 889;7;0;2;4;2;1
202200033703;753 890;7;0;2;2;21;1
202200033704;753 886;13;0;2;1;2;1
202200033704;753 887;7;0;2;4;23;1
202200033705;753 883;7;0;2;4;2;1
202200033705;753 884;7;0;2;4;1;1
202200033705;753 885;10;0;2;1;2;1
202200033706;753 881;7;0;2;2;2;1
202200033706;753 882;7;0;2;3;2;1
202200033707;753 879;7;0;2;4;2;1
202200033707;753 880;7;0;2;1;2;1
202200033708;753 878;7;1;0;1;26;1
202200033709;753 876;10;0;2;6;2;1
202200033709;753 877;7;0;2;2;1;1
202200033710;753 874;7;0;2;4;2;1
202200033710;753 875;99;0;2;1;2;1
202200033711;753 873;7;0;1;0;0;0
202200033712;753 871;7;0;2;3;1;0
202200033712;753 872;7;1;0;3;13;0
202200033713;753 866;7;0;2;1;0;1
202200033713;753 867;2;0;2;1;17;0
202200033714;753 864;1;0;2;0;0;5
202200033714;753 865;7;0;9;5;16;1
202200033715;753 862;7;16;2;3;2;1
202200033715;753 863;30;0;2;3;17;1
202200033716;753 860;32;0;2;7;17;1
202200033716;753 861;7;0;2;3;15;1
202200033717;753 858;7;0;2;2;1;1
202200033717;753 859;7;0;2;8;17;1
202200033718;753 857;7;0;1;1;11;1
202200033719;753 856;7;0;1;3;26;1
202200033720;753 851;33;0;2;7;1;1
202200033720;753 852;7;0;2;3;15;1
202200033721;753 849;7;0;2;1;15;1
202200033721;753 850;31;0;2;1;17;1
202200033722;753 848;7;0;1;2;26;1
202200033723;753 847;7;1;0;2;0;1
202200033724;753 845;7;12;0;3;15;1
202200033724;753 846;33;12;0;2;1;1
202200033725;753 843;30;0;2;1;0;1
202200033725;753 844;7;0;2;4;0;1
202200033726;753 840;7;0;2;4;9;1
202200033726;753 841;7;0;2;1;1;1
202200033726;753 842;7;0;2;1;1;1
202200033727;753 838;7;0;2;1;1;1
202200033727;753 839;7;0;2;4;23;3
202200033728;753 836;7;0;2;5;0;1
202200033728;753 837;31;0;2;1;2;1
202200033729;753 835;7;0;1;1;16;1
202200033730;753 833;7;0;2;4;1;1
202200033730;753 834;7;0;2;1;1;1
202200033731;753 832;7;15;0;7;1;1
202200033732;753 831;30;1;0;1;21;1
202200033733;753 830;7;1;0;2;15;1
202200033734;753 828;7;0;2;5;1;1
202200033734;753 829;1;0;2;3;1;5
202200033735;753 826;1;0;2;7;1;5
202200033735;753 827;7;0;2;1;9;0
202200033736;753 824;37;14;2;3;1;0
202200033736;753 825;36;14;0;1;1;1
202200033737;753 822;7;0;2;4;1;1
202200033737;753 823;30;0;2;1;1;1
202200033738;753 821;7;1;0;0;1;2
202200033739;753 819;50;0;2;1;2;3
202200033739;753 820;7;0;2;3;9;1
202200033740;753 818;7;3;0;1;1;1
202200033741;753 817;1;0;0;0;1;5
202200033742;753 815;7;0;2;4;1;1
202200033742;753 816;7;0;2;1;1;1
202200033743;753 813;1;0;2;8;15;5
202200033743;753 814;2;0;2;7;1;3