Num_Acc;id_vehicule;catv;obs;obsm;choc;manv;motor
202200034536;752 409;1;0;2;1;1;5
202200034537;752 405;7;0;2;8;1;1
202200034537;752 407;7;0;2;1;1;1
202200034538;752 402;7;0;1;2;1;1
202200034539;752 401;43;0;2;1;1;1
202200034539;752 404;7;0;2;2;15;2
202200034540;752 399;7;15;0;2;14;1
202200034541;752 400;7;0;2;3;11;1
202200034541;752 403;99;0;2;2;1;0
202200034542;752 396;2;0;2;7;17;1
202200034542;752 398;7;0;2;8;26;1
202200034543;752 395;7;0;2;9;1;1
202200034543;752 397;10;0;2;1;17;1
202200034544;752 389;31;0;2;1;1;1
202200034544;752 392;7;0;2;3;1;1
202200034545;752 384;7;1;0;2;1;1
202200034546;752 387;7;0;2;6;1;1
202200034546;752 390;7;0;2;5;1;2
202200034546;752 394;7;0;2;3;1;1
202200034547;752 383;10;0;2;1;1;1
202200034547;752 385;10;0;0;5;1;3
202200034548;752 380;32;1;2;1;26;1
202200034548;752 382;10;0;2;8;23;1
202200034549;752 379;7;0;2;1;26;1
202200034549;752 381;50;0;2;1;26;3
202200034550;752 375;30;16;0;7;1;1
202200034551;752 376;34;0;2;3;15;1
202200034551;752 377;7;0;2;2;15;1
202200034552;752 372;7;0;2;4;1;1
202200034552;752 374;7;0;2;1;12;1
202200034553;752 371;10;0;2;1;15;1
202200034553;752 378;80;0;2;3;15;3
202200034554;752 368;7;6;0;4;13;1
202200034554;752 369;7;6;0;1;17;2
202200034555;752 370;10;0;2;1;15;1
202200034555;752 373;7;0;2;8;1;1
202200034556;752 367;7;12;0;1;14;1
202200034557;752 365;1;0;1;8;25;5
202200034558;752 364;2;1;0;1;26;1
202200034559;752 361;15;0;1;1;26;1
202200034560;752 360;1;0;2;4;1;5
202200034560;752 362;7;0;2;1;1;1
202200034561;752 363;7;0;2;2;16;2
202200034561;752 366;80;0;2;1;1;3
202200034562;752 358;1;0;0;0;0;5
202200034563;752 356;33;0;2;8;1;0
202200034563;752 359;37;0;9;2;1;2
202200034564;752 355;37;0;1;2;1;1
202200034565;752 353;30;0;2;2;1;1
202200034565;752 354;10;0;2;2;1;1
202200034565;752 357;7;0;2;7;1;1
202200034566;752 351;7;0;1;5;1;6
202200034567;752 350;1;0;2;0;0;5
202200034567;752 352;7;0;9;1;9;1
202200034568;752 348;10;0;1;4;4;1
202200034569;752 346;32;0;2;1;1;1
202200034569;752 349;7;0;2;3;10;1
202200034570;752 345;7;0;9;2;1;1
202200034570;752 347;1;0;2;5;9;5
202200034571;752 343;7;0;2;5;23;1
202200034571;752 344;33;0;2;3;1;1
202200034572;752 340;32;0;2;1;1;1
202200034572;752 342;7;0;2;8;15;1
202200034573;752 339;30;0;2;4;2;1
202200034573;752 341;7;0;2;4;26;1
202200034574;752 338;7;0;1;3;15;1
202200034575;752 336;7;1;0;3;2;1
202200034576;752 337;10;1;1;2;12;1
202200034577;752 333;7;1;0;4;4;1
202200034578;752 334;30;0;0;0;0;1
202200034579;752 332;33;0;2;0;13;0
202200034579;752 335;32;0;2;8;13;1
202200034580;752 331;33;0;0;0;1;1
202200034581;752 329;30;4;0;1;14;1
202200034582;752 330;37;0;1;7;16;2
202200034583;752 327;1;0;2;8;1;5
202200034583;752 328;7;0;2;1;2;1
202200034584;752 324;7;0;1;4;20;1
202200034585;752 323;7;0;2;3;13;1
202200034585;752 325;7;0;2;3;26;1
202200034586;752 322;2;0;2;2;1;1
202200034586;752 326;7;0;2;3;9;1
202200034587;752 321;7;0;0;1;1;1
202200034588;752 320;7;0;1;2;9;1
202200034589;752 318;7;0;1;1;1;1
202200034590;752 316;7;0;1;4;2;1
202200034590;752 319;10;0;2;1;2;1
202200034591;752 315;14;0;2;7;1;1
202200034591;752 317;33;0;2;8;11;1
202200034592;752 312;10;15;0;0;0;1
202200034593;752 313;32;5;0;1;14;1
202200034594;752 311;2;0;2;0;17;1
202200034594;752 314;7;0;2;3;13;1
202200034595;752 310;7;0;1;2;0;0
202200034596;752 309;37;0;1;1;1;1
202200034597;752 305;30;0;2;1;16;3
202200034597;752 307;1;0;2;1;5;5
202200034598;752 303;30;0;2;7;1;1
202200034598;752 306;7;0;2;3;1;1
202200034599;752 297;1;0;2;3;1;5
202200034599;752 301;7;0;2;3;15;1
202200034600;752 300;7;0;2;3;13;1
202200034600;752 302;15;0;2;6;1;1
202200034600;752 304;7;0;2;1;1;1
202200034600;752 308;7;14;0;1;1;1
202200034601;752 295;7;0;2;2;1;1
202200034601;752 299;7;0;2;3;9;1
202200034602;752 296;32;0;2;1;1;1
202200034602;752 298;7;0;2;6;9;1
202200034603;752 294;30;0;2;0;1;1
202200034604;752 292;60;15;0;0;1;5
202200034605;752 291;7;0;2;2;13;1
202200034605;752 293;10;0;2;3;1;1
202200034606;752 288;1;0;2;7;1;5
202200034606;752 289;7;0;9;3;1;2
202200034607;752 286;7;0;1;2;1;1
202200034608;752 287;31;0;2;8;5;3
202200034608;752 290;7;0;2;3;9;1
202200034609;752 285;7;14;0;1;15;0
202200034610;752 284;10;6;0;1;1;1
202200034611;752 282;7;0;2;0;0;1
202200034611;752 283;7;0;2;6;23;1
202200034612;752 279;7;0;2;8;15;1
202200034612;752 280;30;0;2;1;1;1
202200034612;752 281;7;0;2;2;15;1
202200034613;752 278;10;8;0;1;9;1
202200034614;752 277;7;0;1;3;1;1
202200034615;752 274;7;0;2;3;2;1
202200034615;752 276;7;0;2;2;19;1
202200034616;752 273;7;3;0;1;1;1
202200034617;752 272;7;0;2;3;9;1
202200034617;752 275;7;0;2;2;1;1
202200034618;752 270;7;0;2;8;11;0
202200034618;752 271;34;0;2;7;1;1
202200034619;752 268;7;12;1;1;18;1
202200034620;752 265;7;0;2;8;17;1
202200034620;752 266;2;0;2;7;17;1
202200034621;752 267;7;0;2;2;9;1
202200034621;752 269;1;0;2;8;19;5
202200034622;752 261;7;0;0;0;0;0
202200034622;752 263;7;0;0;0;0;0
202200034623;752 264;7;0;1;2;1;0
202200034624;752 260;1;0;2;1;1;5
202200034624;752 262;10;0;9;3;9;1
202200034625;752 257;50;0;2;1;1;3
202200034625;752 259;7;0;2;2;16;1
202200034626;752 256;7;0;2;2;1;1
202200034626;752 258;32;0;2;1;1;1
202200034627;752 254;3;0;1;3;15;1
202200034628;752 253;10;0;2;1;1;1
202200034628;752 255;7;0;2;1;1;1
202200034629;752 250;7;0;1;2;13;1
202200034630;752 251;7;0;2;0;1;-1
202200034630;752 252;50;0;2;0;0;3
202200034631;752 247;17;0;0;6;24;1
202200034631;752 249;17;1;0;2;14;1
202200034632;752 245;7;0;2;7;17;1
202200034632;752 248;1;0;2;8;2;5
202200034633;752 244;7;-1;-1;0;1;-1
202200034633;752 246;7;0;2;0;0;-1
202200034634;752 243;33;0;0;0;1;1
202200034635;752 241;7;0;2;1;0;1
202200034635;752 242;2;8;2;8;1;1
202200034636;752 239;7;-1;-1;-1;-1;-1
202200034636;752 240;1;-1;-1;0;1;5
202200034637;752 237;7;0;0;1;1;1
202200034638;752 236;7;8;2;2;17;1
202200034638;752 238;21;0;2;3;2;1
202200034639;752 233;33;5;0;0;1;1
202200034640;752 234;50;0;2;0;15;3
202200034640;752 235;7;0;2;0;1;-1
202200034641;752 228;33;1;0;1;1;1
202200034641;752 231;7;0;0;5;23;1
202200034642;752 229;1;0;2;8;1;5
202200034642;752 232;7;0;9;7;1;1
202200034643;752 227;1;0;2;1;2;5
202200034643;752 230;1;0;2;4;15;5
202200034644;752 224;7;0;2;2;2;2
202200034644;752 226;2;0;2;4;2;1
202200034645;752 221;7;0;2;0;0;-1
202200034645;752 222;50;0;2;0;0;3
202200034646;752 220;7;8;0;0;1;1
202200034647;752 217;7;0;0;4;26;1
202200034647;752 219;2;0;2;1;2;1
202200034648;752 215;10;0;2;2;15;1
202200034648;752 216;33;0;2;1;1;1
202200034649;752 214;1;0;2;3;19;5
202200034649;752 218;7;0;2;1;1;1
202200034650;752 213;7;0;0;0;26;1
202200034651;752 212;10;3;1;1;21;1
202200034652;752 210;1;0;2;3;2;5
202200034652;752 211;7;0;2;2;2;1
202200034653;752 209;7;13;0;2;1;1
202200034654;752 205;7;2;0;1;1;1
202200034655;752 202;7;13;0;2;14;1
202200034656;752 203;10;0;2;4;2;1
202200034656;752 204;7;0;2;1;2;1
202200034656;752 207;7;0;2;4;2;1
202200034657;752 200;7;0;2;1;5;1
202200034657;752 201;7;0;2;1;1;1
202200034658;752 199;17;0;1;1;1;1
202200034659;752 197;2;3;0;0;0;1
202200034660;752 196;33;8;2;7;17;1
202200034660;752 198;7;0;2;3;17;1
202200034661;752 194;7;0;2;1;1;1
202200034661;752 195;7;0;2;1;1;1
202200034662;752 193;7;0;1;2;2;1
202200034663;752 189;50;0;0;4;16;3
202200034663;752 191;7;0;2;2;1;1
202200034664;752 190;33;0;2;2;17;1
202200034664;752 192;10;0;2;3;15;1
202200034665;752 187;14;0;2;1;1;1
202200034665;752 188;7;0;2;7;19;1
202200034666;752 186;33;8;0;4;1;1
202200034667;752 184;7;0;2;1;1;1
202200034667;752 185;7;0;2;2;13;1
202200034668;752 183;13;12;0;7;15;1
202200034669;752 180;2;0;2;1;1;1
202200034669;752 181;10;0;2;3;13;1
202200034670;752 179;1;0;2;1;0;5
202200034670;752 182;7;0;0;0;0;1
202200034671;752 177;2;0;0;5;16;1
202200034671;752 178;7;0;0;2;9;1
202200034672;752 172;33;12;0;1;26;1
202200034673;752 173;33;0;2;1;2;1
202200034673;752 175;7;0;0;4;2;1
202200034674;752 168;33;0;2;2;1;1
202200034674;752 170;7;0;2;1;15;1
202200034675;752 166;7;0;2;1;2;1
202200034675;752 169;7;0;0;4;0;1
202200034675;752 171;7;0;2;4;0;1
202200034675;752 174;7;0;0;4;0;1
202200034675;752 176;7;0;2;2;21;1
202200034676;752 165;2;16;0;0;13;1
202200034677;752 167;7;7;0;1;1;1
202200034678;752 163;7;7;0;3;1;1
202200034679;752 162;10;0;2;2;1;1
202200034679;752 164;33;0;2;1;13;1
202200034680;752 159;7;0;0;3;23;1
202200034680;752 161;7;1;0;2;21;1
202200034681;752 157;2;0;2;1;19;1
202200034681;752 160;10;0;2;8;1;1
202200034682;752 156;33;0;2;1;1;1
202200034682;752 158;7;0;2;5;1;1
202200034683;752 154;7;6;0;2;1;1
202200034684;752 152;7;0;1;1;1;1
202200034685;752 151;7;0;2;3;1;3
202200034685;752 153;7;0;2;1;13;1
202200034686;752 150;3;0;0;1;1;1
202200034687;752 147;7;8;0;8;1;1
202200034688;752 146;7;0;2;3;1;1
202200034688;752 148;7;12;2;3;1;1
202200034689;752 145;1;0;2;7;12;5
202200034689;752 149;7;0;2;3;1;1
202200034690;752 143;7;1;0;8;1;1
202200034690;752 144;15;0;2;2;26;1
202200034691;752 141;7;13;0;1;11;1
202200034691;752 142;7;13;0;1;1;1
202200034692;752 139;7;0;2;1;1;1
202200034692;752 140;15;0;2;6;1;1
202200034693;752 134;7;0;1;1;1;1
202200034694;752 135;1;0;0;1;1;5
202200034694;752 136;1;0;2;1;1;5
202200034694;752 138;7;0;9;2;19;1
202200034695;752 133;7;0;1;1;1;1
202200034696;752 132;7;2;0;1;0;1
202200034697;752 131;7;0;2;1;1;1
202200034697;752 137;7;0;2;1;5;1
202200034698;752 128;17;0;0;4;2;1
202200034698;752 130;10;0;2;1;2;1
202200034699;752 127;1;0;2;8;13;5
202200034699;752 129;7;0;9;8;2;1
202200034700;752 125;7;0;2;3;13;1
202200034700;752 126;14;0;2;8;1;1
202200034701;752 124;7;4;0;3;14;1
202200034702;752 120;15;0;0;4;2;1
202200034702;752 121;7;0;2;1;2;1
202200034703;752 119;2;0;0;0;1;1
202200034704;752 116;7;0;2;3;9;1
202200034704;752 118;31;0;2;1;1;1
202200034705;752 115;7;13;0;2;2;1
202200034706;752 114;7;0;9;2;15;1
202200034706;752 117;80;0;2;8;1;3
202200034707;752 111;7;0;2;7;12;1
202200034707;752 113;33;0;2;8;3;1
202200034708;752 109;2;0;0;4;2;1
202200034708;752 112;7;0;2;2;2;1
202200034709;752 110;13;0;0;0;1;1
202200034710;752 107;14;0;0;4;2;1
202200034710;752 108;10;0;2;1;2;1
202200034711;752 106;33;0;0;2;13;1
202200034712;752 105;33;0;6;1;1;1
202200034713;752 099;7;13;0;1;0;2
202200034714;752 096;50;0;0;0;0;3
202200034715;752 092;7;0;2;2;17;1
202200034715;752 094;7;3;0;8;1;3
202200034715;752 095;7;0;0;4;1;1
202200034715;752 098;7;0;2;1;1;1
202200034715;752 100;7;0;0;4;1;1
202200034715;752 101;7;3;2;9;1;1
202200034715;752 102;7;0;2;1;1;1
202200034715;752 104;7;0;2;4;1;1
202200034716;752 093;7;0;0;0;1;1
202200034716;752 097;7;0;0;0;13;0
202200034717;752 090;31;0;2;1;1;1
202200034717;752 091;7;0;2;5;15;1
202200034718;752 089;7;0;1;0;0;0
202200034719;752 088;33;6;0;1;14;1
202200034720;752 086;36;2;0;1;14;1
202200034721;752 084;2;0;0;6;1;1
202200034722;752 085;10;0;9;2;1;1
202200034722;752 087;1;0;2;6;15;5
202200034723;752 083;36;0;0;0;14;1
202200034724;752 081;7;0;2;3;1;1
202200034724;752 082;7;0;2;3;1;1
202200034725;752 078;10;2;0;1;14;1
202200034726;752 077;7;0;2;7;19;1
202200034726;752 080;50;0;2;1;1;3
202200034727;752 076;10;0;2;5;1;1
202200034727;752 079;7;0;2;3;12;1
202200034728;752 074;7;0;1;2;9;1
202200034729;752 073;10;0;0;6;1;1
202200034729;752 075;33;0;2;1;21;1
202200034730;752 069;7;0;2;1;21;1
202200034730;752 071;7;0;0;3;5;1
202200034731;752 067;7;0;2;8;1;1
202200034731;752 070;7;0;2;8;1;1
202200034732;752 065;7;0;1;3;15;1
202200034733;752 068;10;0;0;7;1;1
202200034733;752 072;7;14;2;1;1;1
202200034734;752 066;7;3;0;3;0;0
202200034735;752 063;7;13;0;3;16;1
202200034736;752 060;7;0;2;4;23;1
202200034736;752 064;31;0;2;1;2;1
202200034737;752 057;7;3;2;7;13;1
202200034737;752 058;14;0;2;1;1;1
202200034738;752 059;7;0;2;4;2;1
202200034738;752 061;7;0;2;4;2;1
202200034738;752 062;7;0;2;1;2;1
202200034739;752 055;7;2;2;3;13;1
202200034739;752 056;7;0;2;3;1;1
202200034740;752 053;14;0;0;4;2;1
202200034740;752 054;7;0;2;1;2;1
202200034741;752 051;7;0;2;1;5;0
202200034741;752 052;7;0;2;1;1;1
202200034742;752 048;7;0;2;8;15;1
202200034742;752 050;2;0;2;1;17;1
202200034743;752 046;1;0;0;1;0;5
202200034744;752 047;7;0;2;5;23;1
202200034744;752 049;31;0;2;1;3;1
202200034745;752 044;7;0;2;1;1;1
202200034745;752 045;7;0;2;1;5;1
202200034746;752 043;7;3;0;9;14;2
202200034747;752 038;7;0;2;1;17;1
202200034747;752 040;10;0;2;6;2;1
202200034747;752 042;10;0;2;4;2;1
202200034748;752 036;7;0;2;1;1;1
202200034748;752 039;7;0;2;1;17;1
202200034749;752 035;7;0;2;2;1;1
202200034749;752 037;7;0;0;3;1;1
202200034750;752 034;7;0;1;0;15;1
202200034751;752 033;34;0;0;1;0;1
202200034752;752 031;7;2;0;3;1;1
202200034753;752 029;7;0;2;1;2;1
202200034753;752 032;10;0;2;4;2;1
202200034754;752 028;33;0;2;1;1;1
202200034754;752 030;7;0;2;6;9;1
202200034755;752 026;7;0;2;5;13;1
202200034755;752 027;10;0;2;1;1;1
202200034756;752 024;7;5;0;7;14;1
202200034757;752 022;7;0;1;3;1;1
202200034758;752 023;7;0;2;4;2;1
202200034758;752 025;17;0;2;1;2;1
202200034759;752 021;7;15;0;3;1;1
202200034760;752 020;7;2;0;1;1;1
202200034761;752 018;7;0;1;3;2;1
202200034762;752 017;7;0;9;0;15;1
202200034763;752 016;7;0;2;4;2;1
202200034763;752 019;7;0;0;0;0;0
202200034764;752 015;0;0;1;2;25;0
202200034765;752 013;1;0;2;1;15;5
202200034765;752 014;7;0;0;7;1;1
202200034766;752 010;7;1;0;3;1;1
202200034766;752 012;7;0;0;5;23;1
202200034767;752 007;10;0;2;3;11;1
202200034767;752 009;33;0;2;1;3;1
202200034767;752 011;7;0;2;4;1;1
202200034768;752 006;7;0;2;3;15;1
202200034768;752 008;7;0;2;2;1;1
202200034769;752 002;10;0;2;1;1;1
202200034769;752 004;7;0;0;4;1;1
202200034770;751 998;10;0;2;4;23;1
202200034770;752 000;33;0;2;1;2;1
202200034771;751 997;7;4;0;3;1;1
202200034771;752 001;7;0;2;1;1;1
202200034772;751 995;7;0;1;2;16;1
202200034773;751 993;7;0;2;5;1;1
202200034773;751 994;7;0;2;3;1;3
202200034773;751 996;7;0;2;3;0;1
202200034774;751 989;7;0;0;6;15;1
202200034774;751 991;33;0;2;1;17;1
202200034775;751 984;7;0;2;3;1;1
202200034775;751 985;7;0;2;3;0;1
202200034776;751 983;7;0;2;4;2;2
202200034776;751 986;7;0;2;1;2;1
202200034776;751 992;10;0;2;1;2;1
202200034777;751 982;33;2;0;1;1;1
202200034778;751 980;33;12;0;8;1;1
202200034779;751 981;7;0;2;1;1;0
202200034780;751 987;7;0;2;4;2;1
202200034780;751 988;7;0;2;4;2;1
202200034780;751 990;7;0;2;1;2;1
202200034781;751 976;7;0;2;1;2;1
202200034781;751 977;7;0;2;4;2;1
202200034782;751 979;7;0;1;1;1;1
202200034783;751 975;33;0;2;1;1;1
202200034783;751 978;7;0;2;2;15;1
202200034784;751 974;7;4;0;3;1;1
202200034785;751 972;7;13;0;1;1;1
202200034786;751 971;7;3;0;3;1;1
202200034787;751 970;1;0;2;0;0;0
202200034787;751 973;7;0;2;3;24;1
202200034788;751 967;7;0;2;4;2;1
202200034788;751 968;7;0;2;1;2;1
202200034789;751 964;7;0;2;4;17;1
202200034789;751 966;7;0;2;1;1;1
202200034790;751 965;7;0;2;3;1;1
202200034790;751 969;7;0;0;6;1;1
202200034791;751 962;7;0;2;7;12;1
202200034791;751 963;33;0;2;8;3;1
202200034792;751 961;7;2;0;8;1;1
202200034793;751 959;7;0;2;1;1;1
202200034793;751 960;7;0;2;6;1;1
202200034794;751 957;33;0;2;7;0;1
202200034794;751 958;7;0;2;8;11;1
202200034795;751 953;33;0;2;1;9;1
202200034795;751 954;10;0;0;0;0;1
202200034796;751 955;37;0;1;2;1;1
202200034797;751 956;7;3;0;1;1;1
202200034798;751 951;2;0;1;1;17;1
202200034799;751 949;7;0;2;4;2;1
202200034799;751 950;10;0;2;4;2;1
202200034799;751 952;10;0;2;1;2;1
202200034800;751 948;7;0;1;3;15;2
202200034801;751 947;7;0;1;2;26;1
202200034802;751 943;33;0;2;3;2;1
202200034802;751 945;7;0;2;4;2;1
202200034803;751 942;10;0;2;1;1;1
202200034803;751 944;10;0;2;4;23;1
202200034803;751 946;10;0;2;4;23;1
202200034804;751 938;10;0;2;3;9;1
202200034804;751 941;30;0;2;7;1;3
202200034805;751 937;10;2;2;1;2;1
202200034805;751 940;10;2;2;4;1;1
202200034806;751 939;33;0;0;9;16;1
202200034807;751 935;33;0;2;1;1;1
202200034807;751 936;7;0;2;1;10;1
202200034808;751 930;7;0;2;1;2;1
202200034808;751 933;7;0;2;4;2;1
202200034808;751 934;7;0;2;4;23;0
202200034809;751 929;1;0;2;3;1;5
202200034809;751 932;7;0;2;2;9;1
202200034810;751 926;7;9;0;0;0;1
202200034811;751 923;7;0;2;3;9;1
202200034811;751 925;15;0;2;1;1;1
202200034811;751 927;7;0;2;7;1;1
202200034812;751 924;14;0;2;2;22;1
202200034812;751 928;1;0;2;1;1;5
202200034813;751 921;10;8;0;1;26;1
202200034814;751 920;7;0;1;0;16;1
202200034815;751 919;1;0;2;1;17;5
202200034815;751 922;7;0;2;8;15;1
202200034816;751 916;10;0;2;4;23;1
202200034816;751 918;30;0;2;1;1;1
202200034817;751 914;7;0;2;4;11;1
202200034817;751 917;33;0;2;1;3;1
202200034818;751 912;7;0;2;1;2;0
202200034818;751 913;43;0;2;4;2;1
202200034819;751 909;10;0;2;8;1;1
202200034819;751 915;7;0;2;1;1;1
202200034820;751 908;38;0;2;1;1;1
202200034820;751 910;7;3;2;4;1;1
202200034820;751 911;7;0;2;8;1;1
202200034821;751 907;50;0;1;1;1;3
202200034822;751 902;1;0;2;0;16;5
202200034822;751 904;10;0;2;0;4;1
202200034823;751 900;7;0;2;4;23;1
202200034823;751 903;7;0;2;1;2;1
202200034823;751 906;7;0;2;4;23;1
202200034824;751 899;7;0;2;3;15;1
202200034824;751 901;2;0;2;7;3;1
202200034825;751 897;7;0;1;1;1;1
202200034826;751 896;33;0;2;1;1;1
202200034826;751 898;7;0;2;4;12;1
202200034827;751 894;7;0;1;4;4;2
202200034828;751 892;7;0;2;4;1;1
202200034828;751 893;7;0;2;4;1;1
202200034828;751 895;7;0;2;1;1;1
202200034829;751 890;7;0;2;4;26;1
202200034829;751 891;7;0;2;1;26;1
202200034830;751 889;7;0;1;1;1;1
202200034831;751 887;7;2;0;2;13;1
202200034832;751 886;7;0;2;1;16;1
202200034832;751 888;7;0;2;4;16;1
202200034833;751 885;50;0;1;1;2;3
202200034834;751 883;2;0;2;1;26;1
202200034834;751 884;7;0;2;1;13;0
202200034835;751 882;7;2;0;3;13;1
202200034836;751 879;7;0;1;1;1;1
202200034837;751 880;7;0;2;2;15;1
202200034837;751 881;2;0;2;1;2;1
202200034838;751 877;7;13;0;1;14;1
202200034839;751 876;7;0;1;1;1;1
202200034840;751 875;30;0;0;0;9;1
202200034841;751 873;2;0;0;7;1;1
202200034842;751 874;7;0;2;3;15;1
202200034842;751 878;50;0;2;3;19;3
202200034843;751 872;7;0;0;0;1;1
202200034844;751 870;1;0;2;4;1;5
202200034844;751 871;7;0;2;4;23;2
202200034845;751 869;7;12;0;1;1;1
202200034846;751 865;7;0;2;1;1;1
202200034846;751 868;7;0;2;2;15;1
202200034847;751 866;7;0;2;1;1;1
202200034847;751 867;1;0;2;4;1;0
202200034848;751 864;7;0;1;1;26;1
202200034849;751 861;7;1;2;1;3;1
202200034849;751 863;7;0;2;1;1;0
202200034850;751 859;7;0;2;4;2;1
202200034850;751 860;7;0;2;1;2;1
202200034851;751 858;7;0;2;5;1;1
202200034851;751 862;2;0;2;5;16;1
202200034852;751 857;31;9;0;1;0;1
202200034853;751 854;14;0;2;0;0;1
202200034853;751 856;33;0;2;5;17;1
202200034854;751 853;7;0;2;1;1;1
202200034854;751 855;1;0;2;1;5;5
202200034855;751 852;10;0;1;1;26;0
202200034856;751 848;7;0;2;1;1;1
202200034856;751 850;7;0;2;1;1;1
202200034857;751 849;7;0;2;1;13;1
202200034857;751 851;7;0;2;8;1;1
202200034858;751 846;7;0;2;8;1;1
202200034858;751 847;10;0;2;3;1;1
202200034859;751 844;10;0;1;0;0;1
202200034860;751 841;7;0;2;3;1;1
202200034860;751 845;7;0;2;2;1;1
202200034861;751 840;3;0;2;1;1;1
202200034861;751 843;7;0;2;3;9;1
202200034862;751 838;31;0;2;1;2;1
202200034862;751 842;7;0;2;4;2;1
202200034863;751 839;7;0;1;1;2;1
202200034864;751 837;33;3;0;1;1;1
202200034865;751 835;1;0;2;8;1;5
202200034865;751 836;7;0;2;2;1;1
202200034866;751 834;7;0;1;1;1;1
202200034867;751 831;7;0;1;3;1;1
202200034868;751 827;33;0;2;4;1;1
202200034868;751 829;7;0;2;1;2;1
202200034869;751 828;10;0;2;1;2;1
202200034869;751 830;7;0;2;4;15;1
202200034869;751 832;7;3;0;8;1;1
202200034870;751 824;7;0;2;3;16;1
202200034870;751 825;2;0;2;3;1;1
202200034871;751 826;37;0;2;3;2;1
202200034871;751 833;2;0;2;7;9;1
202200034872;751 821;80;0;2;8;15;3
202200034872;751 822;2;0;2;1;15;1
202200034873;751 818;7;0;1;3;15;1
202200034874;751 820;7;0;2;2;1;1
202200034874;751 823;7;6;2;3;1;1
202200034875;751 819;7;0;0;0;13;1
202200034876;751 814;1;1;2;1;17;5
202200034876;751 816;7;1;0;3;17;1
202200034877;751 815;1;0;2;1;19;5
202200034877;751 817;7;0;2;1;1;1
202200034878;751 812;33;0;0;7;1;1
202200034879;751 810;7;0;2;3;1;1
202200034879;751 813;7;0;2;3;1;1
202200034880;751 809;2;1;0;1;1;3
202200034881;751 807;33;0;1;1;21;1
202200034882;751 808;7;0;2;4;2;1
202200034882;751 811;7;0;2;1;2;1
202200034883;751 803;7;0;2;7;1;1
202200034883;751 805;1;0;2;8;1;5
202200034884;751 801;80;0;2;1;26;3
202200034884;751 804;7;0;9;4;0;0
202200034885;751 802;7;0;2;1;13;1
202200034885;751 806;7;0;2;1;1;1
202200034886;751 799;7;0;2;1;1;1
202200034886;751 800;7;0;2;1;5;1
202200034887;751 798;7;14;0;1;1;1
202200034888;751 797;31;0;0;3;1;1
202200034889;751 794;50;1;0;1;1;3
202200034889;751 796;7;0;2;3;22;1
202200034890;751 792;7;0;1;8;1;1
202200034891;751 790;7;0;2;8;5;0
202200034891;751 793;1;0;2;8;1;5
202200034892;751 788;7;0;2;3;19;1
202200034892;751 795;10;0;2;2;15;1
202200034893;751 789;30;0;2;3;9;1
202200034893;751 791;30;0;2;1;5;1
202200034894;751 786;32;0;2;1;1;1
202200034894;751 787;7;0;2;2;15;1
202200034895;751 785;14;0;1;6;4;1
202200034896;751 784;7;0;1;1;15;1
202200034897;751 783;7;4;0;2;14;1
202200034898;751 782;7;9;0;1;26;1
202200034899;751 780;7;1;0;3;1;0
202200034900;751 776;7;0;2;0;0;1
202200034900;751 777;7;0;2;1;1;1
202200034901;751 775;7;0;1;1;24;1
202200034902;751 774;7;0;2;1;26;1
202200034902;751 778;7;0;2;1;26;1
202200034903;751 771;30;8;0;0;26;1
202200034903;751 773;7;0;0;0;0;1
202200034904;751 770;7;0;2;8;23;1
202200034904;751 779;33;0;2;3;3;1
202200034904;751 781;7;0;2;5;23;1
202200034905;751 768;7;0;1;1;1;1
202200034906;751 769;10;0;1;1;26;1
202200034907;751 765;7;0;2;3;11;1
202200034907;751 767;33;0;2;1;3;1
202200034908;751 763;7;0;2;3;1;1
202200034908;751 766;7;0;2;3;13;1
202200034909;751 762;7;1;0;1;14;1
202200034910;751 761;7;0;2;1;15;1
202200034910;751 764;1;0;2;1;1;5
202200034911;751 756;10;0;2;1;2;1
202200034911;751 759;7;0;2;4;2;1
202200034912;751 758;7;0;2;4;15;1
202200034912;751 760;7;0;2;1;2;6
202200034913;751 752;7;0;2;1;2;1
202200034913;751 754;7;0;2;4;2;1
202200034913;751 755;7;1;0;4;2;1
202200034913;751 757;7;0;0;0;24;1
202200034914;751 749;7;0;2;1;1;1
202200034914;751 753;7;0;2;7;15;1
202200034915;751 750;33;0;2;0;3;1
202200034915;751 751;7;0;2;0;12;1
202200034916;751 747;15;0;1;6;16;1
202200034917;751 746;30;0;0;0;1;1
202200034918;751 748;7;0;1;3;1;1
202200034919;751 743;34;0;2;1;1;-1
202200034920;751 742;7;0;1;1;1;1
202200034921;751 741;7;0;2;1;2;1
202200034921;751 744;7;0;2;4;2;1
202200034921;751 745;7;0;2;4;2;1
202200034922;751 738;32;0;2;3;1;1
202200034922;751 740;7;0;2;2;1;1
202200034923;751 735;7;0;0;1;1;1
202200034924;751 733;7;5;0;1;17;1
202200034925;751 732;7;0;2;1;19;1
202200034925;751 736;7;0;2;1;15;1
202200034926;751 731;7;0;2;5;14;1
202200034926;751 734;33;0;2;3;1;1
202200034927;751 730;31;0;1;1;1;1
202200034928;751 729;33;4;0;1;1;1
202200034929;751 725;10;13;0;5;1;1
202200034930;751 723;7;0;2;1;2;1
202200034930;751 726;7;0;2;4;1;1
202200034931;751 724;7;0;2;4;2;1
202200034931;751 727;7;0;2;1;1;1
202200034932;751 722;7;15;0;1;13;1
202200034933;751 721;7;0;1;8;9;1
202200034934;751 714;7;0;0;3;1;1
202200034934;751 717;7;0;0;3;13;1
202200034935;751 713;33;0;2;1;13;0
202200034935;751 716;7;0;2;3;1;0
202200034936;751 715;7;0;4;8;23;1
202200034936;751 719;39;0;2;1;1;3
202200034937;751 712;34;0;2;1;2;1
202200034937;751 718;7;0;2;4;1;1