Num_Acc;id_vehicule;catv;obs;obsm;choc;manv;motor
202200035330;751 008;7;0;2;1;1;1
202200035331;751 007;7;0;0;1;14;1
202200035332;751 004;15;0;2;8;26;1
202200035332;751 005;7;0;2;9;14;1
202200035333;751 000;7;0;2;3;2;1
202200035333;751 002;14;0;2;2;12;1
202200035334;751 001;7;0;2;1;2;1
202200035334;751 003;7;0;2;4;1;1
202200035335;750 998;7;0;1;1;13;1
202200035336;750 997;7;0;1;1;1;1
202200035337;750 992;30;0;2;1;12;1
202200035337;750 994;7;0;0;3;15;1
202200035338;750 995;7;0;2;1;2;1
202200035338;750 999;7;3;2;1;2;1
202200035339;750 989;7;0;2;4;23;2
202200035339;750 991;2;0;2;1;2;3
202200035340;750 988;7;0;2;1;19;1
202200035340;750 990;10;0;2;7;1;1
202200035341;750 987;7;0;0;0;1;0
202200035342;750 984;1;0;2;1;1;5
202200035342;750 986;7;0;2;0;0;0
202200035343;750 979;7;0;2;4;2;1
202200035343;750 981;7;0;2;1;2;1
202200035344;750 978;7;0;2;4;1;1
202200035344;750 980;43;0;2;4;1;1
202200035344;750 982;7;0;2;1;1;1
202200035345;750 975;7;0;2;1;11;0
202200035345;750 976;7;0;2;1;1;1
202200035346;750 972;7;0;2;6;0;1
202200035346;750 974;7;0;2;6;1;1
202200035346;750 977;7;0;2;9;13;1
202200035347;750 971;7;0;2;4;23;1
202200035347;750 973;34;0;2;1;2;1
202200035348;750 970;7;0;1;2;1;1
202200035349;750 968;7;0;0;0;1;1
202200035349;750 969;7;15;0;0;15;1
202200035350;750 967;32;0;1;1;1;1
202200035351;750 965;7;0;2;3;0;1
202200035351;750 966;7;0;2;3;0;1
202200035352;750 964;7;0;1;1;1;1
202200035353;750 962;7;0;2;6;1;1
202200035353;750 963;43;0;2;1;1;1
202200035354;750 961;43;0;1;1;1;1
202200035355;750 960;7;0;1;2;1;1
202200035356;750 959;7;1;0;2;15;1
202200035357;750 956;7;0;2;9;0;1
202200035357;750 958;7;0;2;3;9;1
202200035358;750 957;1;0;1;1;1;5
202200035359;750 955;7;0;1;1;26;1
202200035360;750 954;7;11;0;1;15;1
202200035361;750 952;1;0;0;0;1;5
202200035362;750 951;7;0;2;1;1;1
202200035362;750 953;7;0;2;8;1;1
202200035363;750 949;7;0;2;2;9;1
202200035363;750 950;32;1;2;7;1;1
202200035364;750 947;10;0;2;3;2;1
202200035364;750 948;2;0;2;2;17;1
202200035365;750 946;7;0;1;3;15;1
202200035366;750 945;7;15;0;3;13;1
202200035367;750 943;10;0;2;6;20;1
202200035367;750 944;80;0;2;1;2;3
202200035368;750 941;10;0;2;1;13;1
202200035368;750 942;7;0;0;1;1;1
202200035369;750 938;7;0;2;7;1;3
202200035369;750 940;7;0;2;1;1;1
202200035370;750 937;7;0;2;1;1;1
202200035370;750 939;7;0;2;1;13;1
202200035371;750 933;32;0;2;0;1;1
202200035371;750 936;7;0;2;7;15;1
202200035372;750 932;10;0;2;4;1;1
202200035372;750 934;7;0;2;1;1;1
202200035372;750 935;7;0;2;4;1;1
202200035373;750 930;1;0;1;1;1;5
202200035374;750 929;14;0;2;8;15;1
202200035374;750 931;7;0;2;1;1;1
202200035375;750 927;7;0;2;5;16;1
202200035375;750 928;50;0;2;1;1;3
202200035376;750 925;30;0;2;1;1;1
202200035376;750 926;7;0;2;7;16;1
202200035377;750 924;1;0;0;0;1;5
202200035378;750 923;7;1;0;2;1;1
202200035379;750 921;32;0;2;3;1;1
202200035379;750 922;7;0;2;2;10;1
202200035380;750 919;7;0;2;1;2;0
202200035380;750 920;7;0;2;4;2;1
202200035381;750 917;7;0;2;7;22;1
202200035381;750 918;32;0;2;8;14;1
202200035382;750 914;7;0;0;4;23;1
202200035382;750 915;7;0;2;4;2;1
202200035382;750 916;7;0;2;1;2;1
202200035383;750 912;1;0;2;8;1;5
202200035383;750 913;1;0;2;1;1;5
202200035384;750 909;7;0;2;1;1;1
202200035384;750 911;10;0;2;1;13;1
202200035385;750 908;7;0;2;1;1;2
202200035385;750 910;1;0;2;7;1;5
202200035386;750 907;7;0;1;7;1;1
202200035387;750 905;14;0;2;7;14;0
202200035387;750 906;33;0;2;8;1;1
202200035388;750 904;1;0;1;6;1;5
202200035389;750 902;1;0;0;1;2;5
202200035389;750 903;7;0;0;5;2;1
202200035390;750 900;7;0;2;1;5;1
202200035390;750 901;7;0;2;1;1;1
202200035391;750 898;32;0;2;0;0;1
202200035391;750 899;33;0;2;0;15;1
202200035392;750 897;50;12;0;8;1;3
202200035393;750 895;7;0;2;1;2;1
202200035393;750 896;7;0;2;4;23;1
202200035394;750 892;31;0;2;1;1;1
202200035394;750 893;7;0;2;6;1;1
202200035395;750 891;37;0;0;3;1;1
202200035395;750 894;7;0;2;3;13;1
202200035396;750 889;33;8;2;1;1;1
202200035396;750 890;50;0;2;7;19;3
202200035397;750 887;7;0;2;4;1;1
202200035397;750 888;7;0;2;1;1;1
202200035398;750 885;30;1;0;0;0;3
202200035398;750 886;7;1;0;6;0;1
202200035399;750 884;30;0;0;7;1;1
202200035400;750 883;7;0;1;7;16;1
202200035401;750 881;7;0;2;3;1;1
202200035401;750 882;30;0;2;7;1;1
202200035402;750 878;0;0;2;8;24;0
202200035402;750 880;1;1;0;1;22;5
202200035403;750 877;7;0;2;1;19;1
202200035403;750 879;7;0;2;8;1;1
202200035404;750 875;50;0;2;1;17;3
202200035404;750 876;7;0;2;3;15;1
202200035405;750 873;7;0;2;1;1;1
202200035405;750 874;7;0;2;7;1;1
202200035406;750 871;42;0;1;1;1;1
202200035407;750 870;7;0;2;1;1;1
202200035407;750 872;7;0;2;1;1;1
202200035408;750 868;30;0;1;1;3;1
202200035409;750 867;32;0;2;3;3;1
202200035409;750 869;7;0;2;3;20;1
202200035410;750 862;7;0;2;4;1;1
202200035410;750 864;7;0;2;4;1;1
202200035410;750 866;7;0;2;1;2;1
202200035411;750 863;7;11;0;1;17;0
202200035411;750 865;60;0;0;8;19;5
202200035412;750 859;7;0;2;3;20;1
202200035412;750 861;2;0;2;1;1;1
202200035413;750 858;7;0;2;8;1;1
202200035413;750 860;7;0;2;1;1;1
202200035414;750 855;7;0;2;8;23;1
202200035414;750 857;7;12;2;0;15;1
202200035415;750 854;7;0;2;0;0;1
202200035415;750 856;7;0;2;0;0;1
202200035416;750 852;1;0;2;4;2;5
202200035416;750 853;7;0;9;2;2;1
202200035417;750 850;7;0;2;2;15;2
202200035417;750 851;7;0;2;7;1;1
202200035418;750 849;7;0;1;1;1;1
202200035419;750 846;7;0;2;1;10;1
202200035419;750 848;2;0;2;1;1;1
202200035420;750 844;7;0;2;3;1;1
202200035420;750 845;32;0;0;2;1;1
202200035420;750 847;7;0;2;7;1;1
202200035421;750 843;7;6;2;2;13;1
202200035422;750 841;10;0;9;1;9;0
202200035422;750 842;80;0;2;1;26;3
202200035423;750 839;7;0;1;2;1;1
202200035424;750 838;7;0;9;3;1;1
202200035424;750 840;50;0;2;1;1;3
202200035425;750 837;7;0;1;0;0;-1
202200035426;750 834;7;0;2;3;13;1
202200035426;750 836;7;0;2;3;23;1
202200035427;750 833;31;0;2;7;1;1
202200035427;750 835;10;0;2;6;10;1
202200035428;750 831;7;0;2;8;22;1
202200035428;750 832;1;1;0;0;1;5
202200035429;750 828;7;0;2;4;2;1
202200035429;750 829;7;0;2;4;2;1
202200035429;750 830;7;0;2;1;2;1
202200035430;750 826;7;0;2;1;1;1
202200035430;750 827;7;0;2;8;15;1
202200035431;750 824;7;0;1;3;1;1
202200035432;750 823;7;0;2;2;2;1
202200035432;750 825;2;0;2;1;2;1
202200035433;750 821;33;0;2;0;1;1
202200035433;750 822;7;0;2;2;15;1
202200035434;750 819;15;0;2;6;1;1
202200035434;750 820;33;0;2;1;2;1
202200035435;750 817;7;0;2;4;2;1
202200035435;750 818;30;0;2;1;2;1
202200035436;750 814;7;0;2;0;1;1
202200035436;750 815;7;0;2;0;1;1
202200035436;750 816;7;0;2;0;1;1
202200035437;750 812;7;0;2;3;1;2
202200035437;750 813;50;0;2;2;19;3
202200035438;750 811;7;0;1;1;1;1
202200035439;750 809;34;0;2;5;1;1
202200035439;750 810;7;0;2;0;15;1
202200035440;750 808;43;0;1;1;1;1
202200035441;750 806;10;0;2;7;14;1
202200035441;750 807;33;0;2;6;0;1
202200035442;750 805;7;0;1;2;1;1
202200035443;750 804;3;0;1;1;16;1
202200035444;750 801;7;2;0;1;1;1
202200035445;750 800;32;0;2;6;3;1
202200035445;750 802;33;0;2;8;3;1
202200035445;750 803;7;0;2;7;12;1
202200035446;750 797;7;0;2;1;13;1
202200035446;750 799;33;0;2;1;1;1
202200035447;750 795;7;0;2;1;2;1
202200035447;750 796;7;0;2;4;23;1
202200035447;750 798;7;0;2;4;23;1
202200035448;750 794;33;14;0;1;1;1
202200035449;750 790;7;0;2;8;15;1
202200035449;750 793;7;0;2;1;1;1
202200035450;750 791;33;0;2;1;2;1
202200035450;750 792;7;0;2;4;2;1
202200035451;750 789;33;12;0;0;0;1
202200035452;750 788;50;0;1;1;1;3
202200035453;750 786;33;0;2;7;3;0
202200035453;750 787;7;0;2;2;15;1
202200035454;750 785;30;1;0;3;13;3
202200035455;750 783;2;0;2;8;1;1
202200035455;750 784;7;0;2;5;15;1
202200035456;750 781;7;13;0;2;14;1
202200035457;750 780;7;0;2;3;15;1
202200035457;750 782;30;0;2;1;1;1
202200035458;750 778;7;0;2;3;13;1
202200035458;750 779;33;0;2;1;1;0
202200035459;750 777;7;0;1;1;1;1
202200035460;750 774;40;0;1;2;1;3
202200035461;750 772;7;0;2;1;5;1
202200035461;750 773;7;0;2;1;1;1
202200035461;750 775;7;0;2;1;2;1
202200035461;750 776;7;0;2;0;2;1
202200035462;750 771;10;0;1;4;4;1
202200035463;750 768;1;0;0;0;1;5
202200035463;750 769;7;0;2;8;17;1
202200035463;750 770;33;0;2;2;2;1
202200035464;750 766;33;0;0;7;1;1
202200035465;750 767;7;0;1;1;1;1
202200035466;750 765;7;8;0;2;0;1
202200035467;750 763;7;0;2;2;16;1
202200035467;750 764;30;0;2;1;18;1
202200035468;750 761;31;0;2;4;23;1
202200035468;750 762;10;0;2;1;2;1
202200035469;750 759;10;0;2;1;9;0
202200035469;750 760;32;0;2;7;1;1
202200035470;750 757;10;0;1;1;1;1
202200035471;750 756;7;0;2;8;1;1
202200035471;750 758;7;0;2;1;1;1
202200035472;750 755;7;13;0;0;1;0
202200035473;750 753;50;0;2;3;11;3
202200035473;750 754;7;0;2;2;1;2
202200035474;750 751;7;0;2;3;1;1
202200035474;750 752;33;0;2;1;13;1
202200035475;750 749;7;0;2;8;1;1
202200035475;750 750;14;0;2;3;13;1
202200035476;750 748;33;0;1;1;1;1
202200035477;750 745;1;0;1;1;1;5
202200035478;750 743;7;0;0;3;15;1
202200035478;750 744;7;0;2;2;17;1
202200035479;750 740;32;0;2;8;1;1
202200035479;750 742;7;0;2;1;1;1
202200035480;750 739;33;0;2;1;1;1
202200035480;750 741;7;0;2;3;21;1
202200035481;750 736;7;0;2;5;1;1
202200035481;750 737;7;0;2;6;1;1
202200035481;750 738;7;0;2;1;17;1
202200035482;750 735;7;2;0;1;14;3
202200035483;750 733;60;0;2;2;19;5
202200035483;750 734;7;0;2;1;1;1
202200035484;750 731;7;0;2;1;2;1
202200035484;750 732;7;0;0;4;1;1
202200035485;750 729;2;0;2;1;9;1
202200035485;750 730;7;0;2;2;15;1
202200035486;750 727;7;0;0;4;2;1
202200035486;750 728;30;0;2;3;2;1
202200035487;750 725;7;0;2;1;19;1
202200035487;750 726;7;0;2;5;1;1
202200035488;750 721;7;1;2;3;1;1
202200035488;750 724;10;1;2;1;1;1
202200035489;750 722;7;0;2;1;1;1
202200035489;750 723;7;0;0;8;1;1
202200035490;750 720;10;9;0;1;21;1
202200035491;750 718;1;0;2;4;26;5
202200035491;750 719;7;0;2;2;1;0
202200035492;750 716;7;0;2;1;2;1
202200035492;750 717;7;0;2;4;23;1
202200035493;750 714;34;0;2;1;21;1
202200035493;750 715;7;0;2;3;11;1
202200035494;750 712;10;0;2;8;10;0
202200035494;750 713;34;0;2;1;1;0
202200035495;750 711;17;0;1;5;1;1
202200035496;750 709;7;0;2;2;13;3
202200035496;750 710;7;12;0;2;26;1
202200035497;750 708;7;0;0;0;0;0
202200035498;750 706;1;0;2;1;9;5
202200035498;750 707;7;0;2;1;16;1
202200035499;750 704;7;0;2;1;1;1
202200035499;750 705;2;0;2;7;15;0
202200035500;750 702;32;0;2;2;17;3
202200035500;750 703;7;0;2;3;15;1
202200035501;750 701;7;0;1;1;26;1
202200035502;750 700;3;0;1;2;26;1
202200035503;750 699;7;0;1;2;16;1
202200035504;750 698;31;0;0;0;21;1
202200035505;750 696;10;0;2;3;1;1
202200035505;750 697;7;0;2;1;9;1
202200035506;750 695;7;4;0;1;16;1
202200035507;750 694;1;0;0;7;1;5
202200035508;750 692;33;0;2;1;1;1
202200035508;750 693;7;0;2;8;10;1
202200035509;750 691;7;0;1;3;15;1
202200035510;750 688;7;0;2;2;1;1
202200035510;750 689;7;1;2;3;9;1
202200035510;750 690;7;0;2;4;2;1
202200035511;750 687;32;0;1;1;1;1
202200035512;750 685;7;0;2;2;9;1
202200035512;750 686;34;0;2;1;1;1
202200035513;750 684;2;1;0;2;0;1
202200035514;750 683;7;16;0;2;14;1
202200035515;750 682;7;0;1;2;2;1
202200035516;750 681;7;6;0;1;16;1
202200035517;750 679;7;0;2;0;1;1
202200035517;750 680;7;0;2;0;1;1
202200035518;750 674;7;0;2;4;23;1
202200035518;750 675;10;0;2;1;0;1
202200035518;750 676;7;0;2;4;23;1
202200035518;750 677;3;0;2;4;23;1
202200035518;750 678;7;0;2;4;23;1
202200035519;750 672;7;0;2;7;5;1
202200035519;750 673;7;0;2;1;1;1
202200035520;750 670;7;0;2;1;20;1
202200035520;750 671;7;0;2;2;1;2
202200035521;750 668;7;0;2;0;26;1
202200035521;750 669;32;0;2;4;23;1
202200035522;750 667;7;8;0;3;1;1
202200035523;750 664;7;0;2;1;1;1
202200035523;750 665;7;0;2;8;24;1
202200035523;750 666;7;0;2;7;15;1
202200035524;750 662;7;0;2;1;0;1
202200035524;750 663;30;0;2;1;0;1
202200035525;750 660;10;0;2;3;15;1
202200035525;750 661;2;0;2;1;1;0
202200035526;750 658;2;14;0;3;1;1
202200035526;750 659;10;0;0;0;0;1
202200035527;750 656;7;0;2;8;15;1
202200035527;750 657;7;0;2;1;21;1
202200035528;750 654;10;0;9;8;15;1
202200035528;750 655;32;0;2;1;2;1
202200035529;750 652;7;0;2;3;15;1
202200035529;750 653;32;0;2;3;1;1
202200035530;750 651;7;0;1;4;26;1
202200035531;750 649;30;0;2;1;17;1
202200035531;750 650;7;0;2;8;9;1
202200035532;750 647;33;0;2;2;26;1
202200035532;750 648;30;0;2;6;3;1
202200035533;750 645;34;0;2;7;1;1
202200035533;750 646;2;0;2;8;11;1
202200035534;750 643;7;0;2;1;2;1
202200035534;750 644;33;0;2;2;1;1
202200035535;750 640;7;6;0;7;15;1
202200035536;750 639;15;3;0;3;0;1
202200035537;750 637;99;0;1;4;26;0
202200035537;750 638;7;1;0;2;1;1
202200035538;750 636;7;6;0;1;1;1
202200035539;750 634;3;0;2;0;0;0
202200035539;750 635;7;13;2;0;0;1
202200035540;750 633;7;2;0;2;1;1
202200035541;750 632;7;2;0;1;0;1
202200035542;750 630;1;0;0;4;2;5
202200035542;750 631;10;0;2;2;17;1
202200035543;750 626;7;0;2;6;15;1
202200035543;750 627;2;0;2;1;1;1
202200035544;750 624;3;0;2;2;17;0
202200035544;750 625;7;3;2;6;21;1
202200035545;750 622;7;0;2;3;1;2
202200035545;750 623;31;0;2;1;1;1
202200035546;750 621;2;14;0;1;5;1
202200035547;750 619;2;0;2;8;1;1
202200035547;750 620;7;0;2;1;15;1
202200035548;750 617;7;0;2;7;9;1
202200035548;750 618;7;0;2;1;1;1
202200035549;750 615;7;8;2;1;1;1
202200035549;750 616;7;0;2;1;15;1
202200035550;750 614;7;0;0;9;1;1
202200035551;750 611;7;0;1;3;16;1
202200035552;750 609;21;0;2;5;15;1
202200035552;750 610;2;0;2;1;1;1
202200035553;750 608;32;1;0;1;0;1
202200035554;750 605;7;0;2;2;17;2
202200035554;750 606;7;3;2;4;1;1
202200035554;750 607;7;0;2;1;1;1
202200035555;750 604;17;4;0;3;13;1
202200035556;750 603;10;4;0;2;13;1
202200035557;750 602;7;6;0;1;1;0
202200035558;750 601;7;17;0;1;1;0
202200035559;750 600;31;2;0;1;1;1
202200035560;750 596;10;0;2;6;1;1
202200035560;750 597;7;0;2;1;1;1
202200035560;750 598;7;0;2;1;1;1
202200035560;750 599;7;0;2;1;3;1
202200035561;750 594;7;0;2;3;13;1
202200035561;750 595;43;0;2;1;1;1
202200035562;750 592;10;0;2;8;17;1
202200035562;750 593;33;13;2;7;17;1
202200035563;750 591;0;0;1;0;0;0
202200035564;750 589;7;0;2;3;1;1
202200035564;750 590;2;0;2;2;1;1
202200035565;750 588;7;6;0;3;1;1
202200035566;750 586;7;13;0;2;2;1
202200035566;750 587;7;13;0;6;2;3
202200035567;750 584;2;0;2;3;1;1
202200035567;750 585;7;0;2;2;16;1
202200035568;750 580;10;0;2;1;2;1
202200035568;750 581;7;0;2;4;1;1
202200035568;750 582;7;0;2;1;2;1
202200035569;750 579;7;7;0;1;2;1
202200035570;750 575;7;0;2;6;1;1
202200035570;750 576;7;0;2;4;2;1
202200035570;750 577;7;0;2;2;12;1
202200035570;750 578;7;0;2;3;3;1
202200035571;750 573;15;0;2;2;2;1
202200035571;750 574;10;0;2;4;2;1
202200035572;750 569;7;0;2;4;1;1
202200035572;750 570;7;0;2;4;1;1
202200035572;750 571;7;0;2;4;1;1
202200035572;750 572;7;0;2;1;1;1
202200035573;750 568;7;3;0;3;1;1
202200035574;750 566;43;0;0;0;0;1
202200035574;750 567;7;0;2;3;11;1
202200035575;750 564;7;0;2;5;12;1
202200035575;750 565;42;0;2;1;3;1
202200035576;750 562;7;1;0;1;1;3
202200035576;750 563;10;0;2;1;23;1
202200035577;750 560;10;0;2;1;2;1
202200035577;750 561;15;0;2;4;1;1
202200035578;750 558;15;0;2;1;2;1
202200035578;750 559;7;0;2;4;2;1
202200035579;750 557;7;0;1;1;1;2
202200035580;750 556;7;0;1;4;4;1
202200035581;750 555;7;0;1;1;1;1
202200035582;750 554;7;0;1;0;1;1
202200035583;750 553;7;0;1;1;1;1
202200035584;750 551;1;0;2;8;19;5
202200035584;750 552;10;0;2;3;26;1
202200035585;750 550;7;6;2;9;13;1
202200035586;750 548;34;0;2;1;13;1
202200035586;750 549;7;0;2;3;15;1
202200035587;750 546;7;0;9;2;15;1
202200035587;750 547;50;0;2;1;1;3
202200035588;750 544;33;0;2;4;26;0
202200035588;750 545;10;0;2;4;0;1
202200035589;750 542;7;0;2;1;9;0
202200035589;750 543;1;0;2;1;9;5
202200035590;750 540;43;0;2;1;2;1
202200035590;750 541;7;0;2;4;4;1
202200035591;750 538;2;0;2;0;19;1
202200035591;750 539;7;0;9;3;19;1
202200035592;750 536;1;0;2;8;15;5
202200035592;750 537;31;0;2;1;1;1
202200035593;750 534;50;0;2;7;1;3
202200035593;750 535;7;0;2;1;1;1
202200035594;750 532;1;0;2;2;1;5
202200035594;750 533;7;0;2;4;4;1
202200035595;750 530;7;0;2;1;1;1
202200035595;750 531;1;0;2;4;1;5
202200035596;750 528;34;0;2;8;0;1
202200035596;750 529;7;0;2;2;9;1
202200035597;750 527;7;0;1;1;1;1
202200035598;750 526;7;6;0;9;1;1
202200035599;750 524;33;0;2;1;1;1
202200035599;750 525;7;0;2;2;15;1
202200035600;750 522;7;12;0;3;1;1
202200035601;750 520;7;0;2;6;15;1
202200035601;750 521;7;0;2;1;17;1
202200035602;750 518;7;0;2;1;1;1
202200035602;750 519;7;0;2;7;15;1
202200035603;750 516;7;0;2;6;20;1
202200035603;750 517;2;0;2;1;1;1
202200035604;750 513;7;0;1;4;23;1
202200035604;750 514;7;0;2;6;2;1
202200035604;750 515;7;0;2;1;2;1
202200035605;750 511;7;0;2;1;21;1
202200035605;750 512;7;0;2;1;13;1
202200035606;750 509;2;0;2;1;1;1
202200035606;750 510;7;0;2;2;9;0
202200035607;750 507;7;0;2;0;0;1
202200035607;750 508;1;0;2;1;1;5
202200035608;750 506;33;0;2;1;1;1
202200035609;750 505;7;12;0;9;1;1
202200035610;750 504;39;0;1;1;1;0
202200035611;750 501;34;0;2;3;13;1
202200035611;750 502;7;0;2;8;1;1
202200035611;750 503;7;0;2;3;5;1
202200035612;750 500;33;11;0;0;26;0
202200035613;750 499;7;3;0;3;13;1
202200035614;750 497;7;0;2;7;9;1
202200035614;750 498;50;0;2;1;1;3
202200035615;750 494;7;10;2;3;1;2
202200035615;750 495;7;10;2;3;1;1
202200035615;750 496;37;10;2;3;2;1
202200035616;750 492;7;0;2;7;0;1
202200035616;750 493;1;0;2;1;0;5
202200035617;750 490;7;0;2;3;13;1
202200035617;750 491;7;0;2;3;1;1
202200035618;750 488;2;0;2;1;17;1
202200035618;750 489;10;0;9;6;15;1
202200035619;750 486;7;0;2;3;1;1
202200035619;750 487;7;0;2;3;1;1
202200035620;750 485;1;0;0;0;26;5
202200035621;750 483;2;0;2;7;1;1
202200035621;750 484;7;0;2;8;9;1
202200035622;750 481;1;0;2;8;1;5
202200035622;750 482;1;0;2;7;26;5
202200035623;750 480;30;0;0;2;1;1
202200035624;750 479;33;0;0;0;1;0
202200035625;750 477;7;0;9;5;16;3
202200035625;750 478;50;0;2;8;1;3
202200035626;750 476;7;0;1;3;1;1
202200035627;750 474;1;0;2;1;1;5
202200035627;750 475;10;0;2;1;15;0
202200035628;750 472;7;0;2;1;9;1
202200035628;750 473;1;0;2;5;9;5
202200035629;750 470;7;0;2;1;1;1
202200035629;750 471;7;12;2;4;11;1
202200035630;750 468;1;0;2;1;19;5
202200035630;750 469;10;0;2;1;16;1
202200035631;750 466;7;0;2;7;15;1
202200035631;750 467;1;0;2;1;1;5
202200035632;750 464;7;0;2;3;15;1
202200035632;750 465;2;0;2;1;17;1
202200035633;750 462;1;0;2;1;25;5
202200035633;750 463;7;0;2;7;1;1
202200035634;750 461;1;0;0;0;1;5
202200035635;750 459;7;0;2;1;9;1
202200035635;750 460;1;0;2;7;1;5
202200035636;750 458;7;0;0;0;26;1
202200035637;750 457;33;14;0;0;1;1
202200035638;750 455;30;0;2;1;1;1
202200035638;750 456;7;0;2;7;15;1
202200035639;750 453;99;0;2;6;13;1
202200035639;750 454;7;0;2;1;1;1
202200035640;750 451;14;0;2;3;16;1
202200035640;750 452;1;0;2;1;1;5
202200035641;750 449;7;1;0;6;24;1
202200035641;750 450;1;1;0;2;1;5
202200035642;750 447;99;0;2;5;1;3
202200035642;750 448;7;0;2;3;2;1
202200035643;750 446;33;0;0;0;21;1
202200035644;750 445;7;0;1;1;1;1
202200035645;750 443;34;0;2;1;17;1
202200035645;750 444;7;0;2;3;15;1
202200035646;750 442;30;0;0;0;1;1
202200035647;750 441;7;0;1;1;15;1
202200035648;750 439;7;0;2;8;9;1
202200035648;750 440;7;0;2;1;1;1
202200035649;750 437;7;0;2;1;2;1
202200035649;750 438;7;0;2;4;23;1
202200035650;750 434;7;0;2;3;10;1
202200035650;750 436;32;0;2;1;15;1
202200035651;750 433;1;0;2;4;1;5
202200035651;750 435;7;0;2;3;16;1
202200035652;750 431;7;0;2;1;5;1
202200035652;750 432;30;0;2;8;1;1
202200035653;750 428;7;0;2;7;15;1
202200035653;750 430;7;0;2;1;1;1
202200035654;750 427;7;0;2;1;9;1
202200035654;750 429;1;0;2;7;1;5
202200035655;750 425;1;0;0;1;1;5
202200035656;750 424;7;0;2;8;16;1
202200035656;750 426;30;0;2;1;1;1
202200035657;750 422;7;0;1;1;1;1
202200035658;750 420;1;12;0;4;2;5
202200035659;750 419;50;0;2;8;1;3
202200035660;750 416;7;0;2;2;20;1
202200035660;750 418;50;0;2;8;1;3
202200035661;750 415;7;0;2;1;1;1
202200035661;750 417;7;0;2;7;19;1
202200035662;750 414;7;4;9;8;13;1
202200035663;750 412;7;14;0;2;14;1
202200035664;750 411;33;0;2;1;1;1
202200035664;750 413;7;0;2;5;1;1
202200035665;750 408;7;0;2;4;2;1
202200035665;750 410;7;0;2;1;2;1
202200035666;750 407;7;0;2;1;1;1
202200035666;750 409;7;0;2;4;1;2
202200035667;750 406;7;0;1;1;1;1
202200035668;750 404;33;0;2;1;1;1
202200035668;750 405;10;0;2;6;1;1
202200035669;750 403;7;0;1;1;13;1
202200035670;750 400;17;0;2;1;1;1
202200035670;750 402;7;0;2;8;10;1
202200035671;750 399;50;0;2;0;0;3
202200035671;750 401;0;0;2;4;0;0
202200035672;750 396;7;0;2;4;15;1
202200035672;750 398;1;0;2;1;1;5
202200035673;750 393;7;0;2;1;2;1
202200035673;750 394;10;0;0;0;0;1
202200035673;750 395;7;0;2;1;2;1
202200035673;750 397;7;0;2;4;2;1
202200035674;750 391;7;0;2;3;1;1
202200035674;750 392;30;0;2;1;1;1
202200035675;750 386;1;0;2;1;1;5
202200035675;750 387;7;0;2;2;15;0
202200035676;750 384;7;0;0;6;23;2
202200035676;750 385;7;1;0;2;1;1
202200035677;750 382;7;0;2;2;15;1
202200035677;750 383;2;0;2;1;1;1
202200035678;750 380;7;0;2;2;1;1
202200035678;750 381;10;0;0;0;0;0
202200035679;750 378;2;0;2;7;26;1
202200035679;750 379;7;0;2;3;9;1
202200035680;750 376;7;0;2;7;16;1
202200035680;750 377;1;0;2;3;5;5
202200035681;750 374;7;15;0;1;1;1
202200035682;750 373;7;0;1;3;26;1
202200035683;750 371;7;0;2;1;9;1
202200035683;750 372;2;0;2;8;1;1
202200035684;750 368;7;0;2;4;1;1
202200035684;750 369;7;1;2;4;1;1
202200035684;750 370;7;0;2;1;1;1
202200035685;750 366;1;0;2;1;2;0
202200035685;750 367;7;14;2;2;2;0
202200035686;750 364;7;0;2;1;1;1
202200035686;750 365;7;0;2;1;1;1
202200035687;750 362;30;0;2;1;1;1
202200035687;750 363;7;0;2;3;10;1
202200035688;750 361;7;12;0;1;1;1
202200035689;750 358;7;0;1;1;1;1
202200035690;750 359;7;0;2;3;15;1
202200035690;750 360;7;0;2;3;1;1
202200035691;750 355;7;0;2;4;0;1
202200035691;750 356;7;0;2;1;26;1
202200035692;750 354;7;0;2;3;9;1
202200035692;750 357;33;0;2;2;17;1
202200035693;750 349;7;0;2;1;1;1
202200035693;750 352;7;0;2;7;15;1
202200035694;750 347;10;0;2;5;1;1
202200035694;750 348;33;0;2;1;9;1
202200035695;750 345;2;0;2;7;17;1
202200035695;750 346;7;0;2;8;15;1
202200035696;750 343;37;0;2;2;1;0
202200035696;750 344;50;0;2;8;19;3
202200035697;750 341;7;0;2;4;1;0
202200035697;750 342;33;0;2;1;26;1
202200035698;750 340;30;0;0;0;0;1
202200035699;750 336;7;0;2;1;9;0
202200035699;750 339;1;0;2;2;1;5
202200035700;750 337;37;0;2;1;1;2
202200035700;750 338;10;0;2;2;15;1
202200035701;750 334;33;3;0;1;16;1
202200035702;750 333;7;0;2;7;1;1
202200035702;750 335;7;0;2;3;19;1
202200035703;750 332;7;0;1;1;1;1
202200035704;750 330;7;0;2;1;23;1
202200035704;750 331;7;0;2;3;15;1
202200035705;750 328;3;0;2;2;2;1
202200035705;750 329;7;0;2;1;9;1
202200035706;750 326;10;0;1;4;4;1
202200035707;750 325;7;0;2;8;15;1
202200035707;750 327;7;0;2;1;1;1
202200035708;750 323;7;0;2;3;15;1
202200035708;750 324;7;0;2;1;17;0
202200035709;750 321;7;0;2;1;1;1
202200035709;750 322;7;0;2;7;15;1
202200035710;750 319;7;0;2;1;13;1
202200035710;750 320;7;0;2;1;1;1
202200035711;750 314;2;0;2;8;15;1
202200035711;750 316;2;0;2;1;17;1
202200035712;750 313;7;0;2;1;2;1
202200035712;750 315;7;0;2;4;23;1
202200035713;750 311;33;0;2;1;13;1
202200035713;750 312;7;0;2;1;1;1
202200035714;750 309;7;0;2;1;1;1
202200035714;750 310;7;2;0;1;0;0