Num_Acc;id_vehicule;catv;obs;obsm;choc;manv;motor
202200035715;750 306;7;0;2;4;1;1
202200035715;750 308;7;0;2;1;2;1
202200035716;750 305;2;0;2;1;1;1
202200035716;750 307;7;0;2;7;15;1
202200035717;750 303;31;0;2;4;3;1
202200035717;750 304;33;0;2;1;12;1
202200035718;750 302;37;0;1;7;16;1
202200035719;750 298;2;0;2;7;17;1
202200035719;750 300;10;0;2;8;0;1
202200035720;750 295;7;0;2;1;2;1
202200035720;750 296;10;0;2;4;2;1
202200035720;750 297;7;0;2;4;2;1
202200035720;750 299;7;0;2;4;2;1
202200035720;750 301;33;0;2;4;2;1
202200035721;750 294;33;3;0;1;1;1
202200035722;750 289;7;0;2;4;15;1
202200035722;750 291;7;0;2;1;2;1
202200035723;750 290;31;0;2;2;11;1
202200035723;750 292;31;0;2;1;3;1
202200035723;750 293;7;0;2;1;1;1
202200035724;750 286;10;0;2;4;12;1
202200035724;750 288;43;0;2;1;3;1
202200035725;750 285;7;0;2;8;1;1
202200035725;750 287;33;0;2;1;1;1
202200035726;750 284;34;0;1;1;1;1
202200035727;750 283;30;0;0;0;1;1
202200035728;750 280;1;0;2;7;1;5
202200035728;750 282;30;0;2;8;18;1
202200035729;750 276;7;0;2;1;21;1
202200035729;750 278;50;0;2;7;9;3
202200035730;750 275;7;0;2;0;14;1
202200035730;750 277;30;0;2;8;1;1
202200035731;750 274;7;6;0;2;1;1
202200035732;750 272;7;0;2;0;16;1
202200035732;750 273;80;0;2;0;1;3
202200035733;750 270;7;0;2;2;15;1
202200035733;750 271;7;0;2;3;16;1
202200035734;750 269;1;0;1;1;1;5
202200035735;750 267;7;0;2;4;1;1
202200035735;750 268;30;0;2;1;1;1
202200035736;750 266;50;0;1;1;1;3
202200035737;750 265;7;8;0;3;1;1
202200035738;750 263;30;0;2;7;17;1
202200035738;750 264;7;0;2;3;10;1
202200035739;750 261;7;0;2;3;10;1
202200035739;750 262;2;0;2;1;17;1
202200035740;750 260;32;0;1;8;1;1
202200035741;750 258;7;0;2;1;1;1
202200035741;750 259;1;0;2;7;9;5
202200035742;750 256;43;0;2;1;1;1
202200035742;750 257;1;0;2;3;19;5
202200035743;750 255;7;0;5;8;1;1
202200035744;750 252;10;0;2;2;1;1
202200035744;750 254;32;0;2;1;1;1
202200035745;750 249;33;15;0;1;14;1
202200035746;750 248;10;0;2;4;1;1
202200035746;750 250;33;0;2;1;1;1
202200035747;750 244;10;0;0;0;0;0
202200035747;750 246;30;0;0;0;0;1
202200035748;750 243;7;0;2;4;1;1
202200035748;750 245;7;0;2;4;1;1
202200035748;750 247;20;0;2;1;1;1
202200035749;750 239;50;0;2;1;2;3
202200035749;750 242;7;0;2;4;1;1
202200035750;750 238;7;0;0;4;2;1
202200035750;750 240;10;0;2;1;2;1
202200035750;750 241;7;0;2;4;2;1
202200035751;750 236;33;0;2;3;0;1
202200035751;750 237;7;0;2;1;12;1
202200035752;750 234;0;0;2;1;1;0
202200035752;750 235;1;0;2;4;15;5
202200035753;750 231;30;0;2;1;9;1
202200035753;750 233;1;0;2;8;1;5
202200035754;750 230;1;0;2;1;26;5
202200035754;750 232;7;0;2;1;15;1
202200035755;750 227;30;0;2;1;1;1
202200035755;750 229;7;0;2;1;15;1
202200035756;750 226;33;0;2;3;1;1
202200035756;750 228;7;0;2;3;11;1
202200035757;750 225;7;0;0;8;14;1
202200035758;750 223;50;0;2;1;2;3
202200035758;750 224;10;0;2;7;2;1
202200035759;750 222;7;0;1;2;1;1
202200035760;750 220;31;0;2;1;2;1
202200035760;750 221;7;0;2;4;2;1
202200035761;750 218;7;0;2;1;1;1
202200035761;750 219;7;0;2;1;13;1
202200035762;750 215;17;0;2;1;1;1
202200035762;750 216;33;0;2;4;1;1
202200035762;750 217;7;0;2;1;1;1
202200035763;750 212;37;0;1;2;2;2
202200035764;750 213;7;0;9;3;2;1
202200035764;750 214;30;0;2;7;2;1
202200035765;750 209;7;0;2;6;2;1
202200035765;750 210;7;0;2;1;0;1
202200035765;750 211;33;0;2;4;0;0
202200035766;750 207;99;0;2;1;1;3
202200035766;750 208;7;0;2;2;1;1
202200035767;750 205;33;0;2;1;1;1
202200035767;750 206;7;0;2;7;9;1
202200035768;750 203;33;0;2;2;1;1
202200035768;750 204;7;0;2;5;10;1
202200035769;750 201;7;0;2;2;1;1
202200035769;750 202;1;0;2;1;19;5
202200035770;750 199;7;0;0;3;24;1
202200035770;750 200;7;0;1;1;1;1
202200035771;750 197;10;1;0;1;1;1
202200035771;750 198;7;0;2;4;1;1
202200035772;750 196;10;0;1;1;16;1
202200035773;750 194;1;0;2;6;11;5
202200035773;750 195;30;0;2;2;1;1
202200035774;750 193;7;0;2;8;9;1
202200035775;750 192;33;0;1;3;1;1
202200035776;750 190;1;0;4;7;1;5
202200035776;750 191;39;0;2;1;1;3
202200035777;750 187;37;0;2;1;2;1
202200035777;750 188;7;0;2;1;2;1
202200035777;750 189;7;0;2;4;2;1
202200035778;750 185;7;0;2;2;1;1
202200035778;750 186;30;0;2;1;1;1
202200035779;750 183;50;1;0;0;1;3
202200035779;750 184;7;0;2;3;22;1
202200035780;750 181;3;0;0;0;0;0
202200035780;750 182;32;0;2;3;13;0
202200035781;750 179;37;0;2;3;20;1
202200035781;750 180;60;0;2;2;1;5
202200035782;750 178;43;1;0;1;1;1
202200035783;750 176;7;0;2;2;15;1
202200035783;750 177;34;0;2;1;8;0
202200035784;750 175;32;6;0;7;14;1
202200035785;750 173;32;0;2;1;1;1
202200035785;750 174;7;0;2;4;12;1
202200035786;750 171;7;0;2;1;19;1
202200035786;750 172;7;0;0;8;1;0
202200035787;750 170;14;0;1;4;20;0
202200035788;750 168;7;0;2;1;1;1
202200035788;750 169;34;0;2;3;5;1
202200035789;750 166;1;0;2;2;0;5
202200035789;750 167;50;0;2;2;0;3
202200035790;750 164;99;0;2;4;4;1
202200035790;750 165;7;1;2;7;1;1
202200035791;750 163;1;1;2;1;1;5
202200035792;750 161;7;0;2;4;2;1
202200035792;750 162;7;0;2;1;2;1
202200035793;750 159;1;0;2;1;19;5
202200035793;750 160;7;0;9;2;1;1
202200035794;750 157;2;0;2;1;5;1
202200035794;750 158;7;0;2;1;1;1
202200035795;750 156;7;3;0;2;2;1
202200035796;750 154;7;0;2;8;19;1
202200035796;750 155;7;0;2;1;1;2
202200035797;750 152;7;0;2;3;1;1
202200035797;750 153;2;0;2;1;1;1
202200035798;750 151;33;0;0;0;17;1
202200035799;750 149;7;0;2;2;15;1
202200035799;750 150;7;0;2;2;1;1
202200035800;750 147;10;0;2;2;2;1
202200035800;750 148;99;0;0;4;1;1
202200035801;750 145;10;0;2;3;13;1
202200035801;750 146;17;0;2;3;1;1
202200035802;750 143;2;0;2;1;1;1
202200035802;750 144;13;0;0;7;19;1
202200035803;750 141;7;0;2;8;10;1
202200035803;750 142;33;0;2;1;17;1
202200035804;750 140;33;16;0;0;1;1
202200035805;750 138;7;0;2;2;23;1
202200035805;750 139;7;13;2;0;14;1
202200035806;750 136;2;0;2;1;13;1
202200035806;750 137;7;0;2;1;1;6
202200035807;750 135;1;15;0;0;0;5
202200035808;750 134;7;2;0;1;2;1
202200035809;750 132;50;0;2;3;0;3
202200035809;750 133;7;0;2;0;0;1
202200035810;750 130;7;0;2;8;9;1
202200035810;750 131;13;0;2;1;1;1
202200035811;750 128;1;0;2;3;1;5
202200035811;750 129;7;0;2;3;15;1
202200035812;750 126;7;0;9;2;1;1
202200035812;750 127;1;0;2;1;15;5
202200035813;750 125;7;0;1;1;1;1
202200035814;750 123;31;0;2;1;1;1
202200035814;750 124;10;0;2;5;19;1
202200035815;750 122;7;13;0;2;1;1
202200035816;750 120;31;0;2;1;2;1
202200035816;750 121;10;0;2;4;15;1
202200035817;750 118;7;0;2;1;1;1
202200035817;750 119;15;0;2;3;1;1
202200035818;750 117;10;0;1;8;1;1
202200035819;750 115;7;0;0;3;15;1
202200035819;750 116;36;0;2;1;15;1
202200035820;750 113;7;0;2;1;19;1
202200035820;750 114;2;0;2;1;1;1
202200035821;750 111;7;0;2;8;19;1
202200035821;750 112;7;0;2;1;1;1
202200035822;750 108;7;3;0;3;1;1
202200035822;750 109;7;5;0;3;1;1
202200035823;750 106;7;0;2;3;11;1
202200035823;750 107;33;0;2;1;1;1
202200035824;750 105;7;3;0;3;1;1
202200035825;750 104;33;12;0;3;1;1
202200035826;750 102;2;0;2;0;0;1
202200035826;750 103;13;0;2;2;0;1
202200035827;750 100;7;0;2;1;2;1
202200035827;750 101;10;0;0;5;2;1
202200035828;750 098;31;0;2;1;17;1
202200035828;750 099;7;0;2;3;15;1
202200035829;750 096;7;2;2;3;16;1
202200035829;750 097;7;0;2;6;15;1
202200035830;750 094;7;8;2;1;1;1
202200035830;750 095;7;6;2;7;9;1
202200035831;750 093;21;0;0;0;1;1
202200035832;750 091;7;0;2;3;1;1
202200035832;750 092;1;0;2;4;1;5
202200035833;750 090;7;0;1;2;1;1
202200035834;750 088;7;0;2;2;19;1
202200035834;750 089;2;0;2;1;1;1
202200035835;750 087;7;6;0;3;1;1
202200035836;750 085;7;0;2;6;9;1
202200035836;750 086;7;0;2;1;9;1
202200035837;750 084;43;3;0;0;26;1
202200035838;750 081;7;3;2;4;1;1
202200035838;750 082;17;0;2;3;1;6
202200035838;750 083;17;0;2;7;1;6
202200035839;750 079;7;0;2;6;0;1
202200035839;750 080;7;0;2;2;0;1
202200035840;750 076;7;0;2;1;2;1
202200035840;750 077;7;0;2;4;2;1
202200035840;750 078;7;0;2;4;2;1
202200035841;750 072;33;0;2;1;21;1
202200035841;750 073;7;0;0;4;2;1
202200035841;750 074;10;0;2;4;2;1
202200035841;750 075;7;0;2;1;14;1
202200035842;750 070;14;0;2;2;1;1
202200035842;750 071;7;0;2;3;13;1
202200035843;750 067;15;0;0;0;1;1
202200035843;750 068;7;0;0;0;1;1
202200035843;750 069;7;3;0;1;26;1
202200035844;750 065;7;0;2;1;2;1
202200035844;750 066;7;0;2;4;2;1
202200035845;750 064;10;4;0;8;2;1
202200035846;750 063;43;6;0;3;13;1
202200035847;750 061;7;0;2;2;12;1
202200035847;750 062;7;0;2;6;1;1
202200035848;750 059;33;0;2;1;3;1
202200035848;750 060;7;0;0;4;12;1
202200035849;750 057;10;0;2;5;1;1
202200035849;750 058;34;0;2;3;17;1
202200035850;750 055;10;0;2;4;1;1
202200035850;750 056;17;0;2;1;1;1
202200035851;750 053;7;0;2;1;1;1
202200035851;750 054;7;0;2;4;1;1
202200035852;750 051;10;0;2;5;26;1
202200035852;750 052;32;0;2;1;0;1
202200035853;750 049;10;0;2;8;11;1
202200035853;750 050;43;0;2;7;1;1
202200035854;750 047;7;0;2;6;1;1
202200035854;750 048;33;0;2;1;21;1
202200035855;750 045;32;0;2;3;2;1
202200035855;750 046;7;0;2;2;12;1
202200035856;750 040;7;0;2;1;2;1
202200035856;750 041;7;0;2;3;11;1
202200035856;750 042;7;0;2;4;0;1
202200035856;750 043;7;0;2;0;0;1
202200035856;750 044;7;0;2;4;21;1
202200035857;750 038;7;0;2;5;14;1
202200035857;750 039;33;0;2;1;1;1
202200035858;750 035;7;0;2;4;1;2
202200035858;750 036;10;0;2;1;1;1
202200035858;750 037;10;0;2;4;1;1
202200035859;750 034;7;4;0;6;13;1
202200035860;750 032;31;0;2;1;2;1
202200035860;750 033;10;0;2;5;1;1
202200035861;750 029;2;0;2;1;1;1
202200035861;750 030;31;0;0;4;23;1
202200035862;750 028;7;2;0;2;1;1
202200035863;750 026;7;0;2;3;9;1
202200035863;750 027;33;0;2;1;1;1
202200035864;750 024;33;0;2;3;2;1
202200035864;750 025;7;0;2;5;12;1
202200035865;750 023;36;9;0;1;14;1
202200035866;750 020;7;0;2;6;1;0
202200035866;750 021;7;0;2;1;1;1
202200035866;750 022;7;0;2;1;5;1
202200035867;750 018;7;0;2;3;16;1
202200035867;750 019;1;0;2;1;5;5
202200035868;750 016;7;0;2;1;5;1
202200035868;750 017;7;0;2;1;5;1
202200035869;750 014;2;0;2;1;1;1
202200035869;750 015;13;0;2;6;15;1
202200035870;750 011;7;0;2;3;21;1
202200035870;750 012;10;0;2;3;21;1
202200035871;750 009;1;0;2;3;1;5
202200035871;750 010;7;0;2;2;0;3
202200035872;750 008;2;12;0;1;1;1
202200035873;750 006;7;0;2;5;1;1
202200035873;750 007;7;0;2;1;1;1
202200035874;750 004;7;0;2;6;1;0
202200035874;750 005;33;0;2;1;1;1
202200035875;750 002;7;0;2;1;13;1
202200035875;750 003;31;0;2;1;1;1
202200035876;750 001;2;0;0;8;21;1
202200035877;749 999;7;0;2;6;9;1
202200035877;750 000;2;0;2;1;1;1
202200035878;749 998;7;0;1;1;15;1
202200035879;749 997;33;15;0;1;13;1
202200035880;749 995;7;0;2;1;2;1
202200035880;749 996;7;0;2;4;1;1
202200035881;749 992;10;1;2;0;0;1
202200035881;749 993;34;0;2;8;2;1
202200035881;749 994;7;0;2;8;15;1
202200035882;749 990;7;0;2;1;1;1
202200035882;749 991;7;0;2;1;13;1
202200035883;749 988;7;0;2;2;15;0
202200035883;749 989;32;0;2;1;1;0
202200035884;749 984;15;0;2;1;2;1
202200035884;749 985;10;0;2;1;2;0
202200035884;749 986;7;0;2;4;2;1
202200035884;749 987;7;0;2;4;2;1
202200035885;749 982;30;0;2;1;2;1
202200035885;749 983;13;0;2;4;2;1
202200035886;749 981;7;0;0;2;1;1
202200035887;749 979;7;1;2;2;14;1
202200035887;749 980;7;0;2;6;24;1
202200035888;749 977;7;0;2;1;1;1
202200035888;749 978;33;0;2;3;11;1
202200035889;749 976;2;13;0;1;1;1
202200035890;749 974;7;0;2;3;26;1
202200035890;749 975;31;0;2;3;26;1
202200035891;749 972;33;0;2;3;17;1
202200035891;749 973;37;0;2;3;24;1
202200035892;749 968;50;0;2;2;0;3
202200035892;749 969;7;0;9;3;1;1
202200035893;749 967;33;13;0;1;1;1
202200035894;749 966;7;0;2;0;11;1
202200035895;749 964;7;0;0;3;10;1
202200035895;749 965;33;0;2;2;1;1
202200035896;749 963;50;0;1;1;25;3
202200035897;749 961;7;0;2;2;2;1
202200035897;749 962;7;0;2;8;20;1
202200035898;749 960;33;0;1;1;1;1
202200035899;749 958;7;0;2;1;2;1
202200035899;749 959;7;0;2;4;23;1
202200035900;749 956;7;0;2;6;1;0
202200035900;749 957;7;0;2;2;1;0
202200035901;749 954;33;0;2;4;16;1
202200035901;749 955;7;12;2;2;2;1
202200035902;749 952;7;0;2;8;1;1
202200035902;749 953;33;0;2;3;13;1
202200035903;749 950;2;0;0;4;2;1
202200035903;749 951;7;0;2;2;2;1
202200035904;749 948;10;0;2;1;13;1
202200035904;749 949;7;0;2;1;1;1
202200035905;749 946;2;0;2;1;1;1
202200035905;749 947;7;0;2;3;20;1
202200035906;749 945;33;0;0;0;1;1
202200035907;749 943;14;0;2;3;9;1
202200035907;749 944;33;0;2;8;15;1
202200035908;749 942;7;2;0;3;0;1
202200035909;749 941;7;8;0;3;1;1
202200035910;749 939;7;0;2;3;17;1
202200035910;749 940;33;0;2;1;1;1
202200035911;749 937;10;0;2;7;19;1
202200035911;749 938;1;0;2;1;1;5
202200035912;749 936;33;0;0;0;2;1
202200035913;749 933;7;0;2;1;13;1
202200035913;749 934;7;0;2;1;1;1
202200035913;749 935;7;0;2;8;21;1
202200035914;749 930;33;0;2;1;2;1
202200035914;749 931;10;0;0;3;2;1
202200035914;749 932;10;0;2;4;15;1
202200035915;749 929;7;13;0;3;1;1
202200035916;749 928;31;2;0;3;0;1
202200035917;749 926;7;0;2;3;1;1
202200035917;749 927;7;0;2;3;1;1
202200035918;749 924;7;3;2;6;2;1
202200035918;749 925;7;0;2;2;11;1
202200035919;749 921;7;0;2;7;17;1
202200035919;749 922;7;3;2;8;1;1
202200035919;749 923;7;3;2;8;18;1
202200035920;749 920;14;0;1;7;16;1
202200035921;749 914;7;3;2;3;13;1
202200035921;749 915;7;0;2;7;13;1
202200035921;749 916;15;1;2;2;13;1
202200035921;749 917;15;0;2;2;13;1
202200035921;749 918;7;0;2;1;21;1
202200035921;749 919;10;0;2;5;2;1
202200035922;749 912;10;0;2;0;0;0
202200035922;749 913;32;0;2;0;1;1
202200035923;749 911;15;0;1;3;0;1
202200035924;749 907;7;0;2;4;2;1
202200035924;749 908;10;0;2;4;2;0
202200035924;749 909;10;0;2;1;2;0
202200035924;749 910;7;0;0;4;2;0
202200035925;749 906;37;0;0;0;0;1
202200035926;749 905;7;2;0;2;1;1
202200035927;749 903;37;0;2;1;1;1
202200035927;749 904;7;0;2;1;1;1
202200035928;749 900;7;0;2;8;1;1
202200035928;749 901;7;0;2;6;1;1
202200035928;749 902;7;0;2;6;1;1
202200035929;749 898;7;0;2;3;13;1
202200035929;749 899;7;0;2;1;1;1
202200035930;749 895;7;1;0;1;1;1
202200035930;749 896;7;0;2;4;23;1
202200035930;749 897;7;0;0;3;23;1
202200035931;749 894;7;4;0;3;1;1
202200035932;749 892;1;0;2;1;1;5
202200035932;749 893;7;0;2;1;15;1
202200035933;749 890;7;0;2;1;1;1
202200035933;749 891;7;7;2;7;1;1
202200035934;749 888;7;0;2;3;13;1
202200035934;749 889;7;0;0;3;1;1
202200035935;749 884;7;0;2;4;0;2
202200035935;749 885;10;0;2;1;0;1
202200035935;749 886;7;1;0;1;0;3
202200035936;749 882;33;0;2;1;12;1
202200035936;749 883;10;0;2;5;12;1
202200035937;749 881;17;0;1;1;2;1
202200035938;749 879;7;0;2;1;1;1
202200035938;749 880;7;0;2;6;1;1
202200035939;749 877;37;0;2;3;1;1
202200035939;749 878;7;0;2;1;13;1
202200035940;749 875;7;0;2;3;15;1
202200035940;749 876;31;0;2;1;3;1
202200035941;749 873;10;0;2;6;15;1
202200035941;749 874;33;0;2;1;17;1
202200035942;749 872;50;0;0;0;1;3
202200035943;749 870;7;0;2;2;1;1
202200035943;749 871;10;0;2;0;0;3
202200035944;749 868;13;0;2;1;16;1
202200035944;749 869;1;0;2;8;19;0
202200035945;749 866;32;0;2;1;1;1
202200035945;749 867;7;0;2;3;9;1
202200035946;749 864;7;0;2;1;1;1
202200035946;749 865;7;0;2;0;1;1
202200035947;749 862;7;0;2;1;1;3
202200035947;749 863;10;0;2;2;1;1
202200035948;749 860;7;0;2;5;12;1
202200035948;749 861;7;0;2;3;1;1
202200035949;749 859;7;0;0;1;26;6
202200035950;749 858;7;0;1;1;1;1
202200035951;749 857;37;0;1;5;1;1
202200035952;749 856;7;3;0;1;14;1
202200035953;749 854;7;0;2;3;15;1
202200035953;749 855;33;0;2;7;1;1
202200035954;749 853;50;0;0;0;1;3
202200035955;749 850;7;0;2;2;15;1
202200035955;749 851;7;0;2;8;2;1
202200035956;749 848;99;0;2;1;1;3
202200035956;749 849;7;0;2;4;1;1
202200035957;749 846;7;0;2;7;15;1
202200035957;749 847;1;0;2;1;1;5
202200035958;749 844;7;0;2;1;2;1
202200035958;749 845;7;0;2;4;2;1
202200035959;749 842;40;0;2;1;1;3
202200035959;749 843;50;0;4;8;19;3
202200035960;749 841;7;0;1;3;1;1
202200035961;749 840;40;0;1;3;19;3
202200035962;749 837;1;0;2;8;2;0
202200035962;749 838;7;0;2;0;2;1
202200035962;749 839;7;0;2;3;9;1
202200035963;749 835;7;0;2;1;1;1
202200035963;749 836;7;0;2;4;1;1
202200035964;749 833;7;0;2;1;1;1
202200035964;749 834;7;0;2;4;1;1
202200035965;749 831;1;0;2;8;1;5
202200035965;749 832;7;0;2;7;16;1
202200035966;749 829;7;0;2;3;15;1
202200035966;749 830;7;0;2;3;1;1
202200035967;749 827;2;0;2;8;15;1
202200035967;749 828;7;0;2;3;9;1
202200035968;749 826;10;0;1;4;4;1
202200035969;749 825;7;0;1;1;1;1
202200035970;749 823;10;0;2;1;19;1
202200035970;749 824;31;0;0;0;0;1
202200035971;749 822;14;0;1;7;16;1
202200035972;749 820;33;0;2;1;3;1
202200035972;749 821;7;0;2;2;15;1
202200035973;749 819;7;0;1;2;1;1
202200035974;749 818;7;0;0;1;1;1
202200035975;749 816;2;0;2;1;1;1
202200035975;749 817;7;1;2;5;20;1
202200035976;749 814;7;0;0;4;1;1
202200035976;749 815;7;0;2;1;26;1
202200035977;749 812;7;0;9;6;9;0
202200035977;749 813;1;0;2;1;1;5
202200035978;749 811;7;3;0;1;13;1
202200035979;749 809;1;0;2;1;1;5
202200035979;749 810;7;0;2;5;15;1
202200035980;749 807;7;0;2;1;1;1
202200035980;749 808;7;0;2;7;1;1
202200035981;749 805;7;0;2;3;9;1
202200035981;749 806;1;0;2;7;1;5
202200035982;749 803;15;0;2;7;1;1
202200035982;749 804;2;0;2;8;1;1
202200035983;749 801;33;0;2;1;1;1
202200035983;749 802;7;0;2;8;9;1
202200035984;749 799;7;8;2;1;1;1
202200035984;749 800;7;0;2;3;15;1
202200035985;749 797;7;0;2;8;15;1
202200035985;749 798;33;0;2;1;17;1
202200035986;749 795;7;0;2;7;15;1
202200035986;749 796;33;0;2;1;1;1
202200035987;749 793;33;0;2;8;1;1
202200035987;749 794;7;0;2;3;13;1
202200035988;749 791;7;0;2;8;0;1
202200035988;749 792;33;0;2;4;0;1
202200035989;749 789;50;0;2;2;0;3
202200035989;749 790;7;0;9;0;0;1
202200035990;749 787;7;0;2;3;26;1
202200035990;749 788;2;0;2;7;1;1
202200035991;749 785;7;0;2;6;15;1
202200035991;749 786;7;0;2;3;1;1
202200035992;749 784;7;0;1;3;15;2
202200035993;749 783;7;0;1;3;1;1
202200035994;749 782;33;0;0;9;24;1
202200035995;749 781;33;0;0;0;1;1
202200035996;749 779;7;0;2;4;2;2
202200035996;749 780;7;0;2;2;2;1
202200035997;749 777;7;0;2;4;2;1
202200035997;749 778;7;0;2;1;2;1
202200035998;749 776;31;0;1;1;15;1
202200035999;749 774;1;0;2;1;16;5
202200035999;749 775;15;0;2;2;14;1
202200036000;749 772;7;0;2;3;22;2
202200036000;749 773;50;0;0;0;1;3
202200036001;749 770;10;0;2;3;1;1
202200036001;749 771;7;8;2;1;17;1
202200036002;749 769;32;0;1;1;1;1
202200036003;749 768;7;8;1;1;13;1
202200036004;749 766;2;0;2;4;15;1
202200036004;749 767;10;0;2;0;15;0
202200036005;749 764;7;0;2;1;13;0
202200036005;749 765;1;0;2;1;5;5
202200036006;749 762;30;0;2;0;1;0
202200036006;749 763;80;0;2;1;1;3
202200036007;749 760;30;0;2;8;18;3
202200036007;749 761;7;0;2;5;22;2
202200036008;749 758;1;0;2;4;2;5
202200036008;749 759;33;0;2;1;2;1
202200036009;749 756;7;0;2;7;16;1
202200036009;749 757;50;0;2;8;1;3
202200036010;749 755;7;1;0;2;14;1
202200036011;749 754;10;8;0;1;21;3
202200036012;749 752;33;1;2;1;17;1
202200036012;749 753;7;0;2;3;10;2
202200036013;749 751;7;0;1;6;26;1
202200036014;749 749;7;0;2;6;21;1
202200036014;749 750;31;0;2;1;0;1
202200036015;749 747;10;0;2;1;1;1
202200036015;749 748;1;0;2;4;3;5
202200036016;749 746;10;1;0;3;1;1
202200036017;749 744;7;0;2;1;2;1
202200036017;749 745;0;0;2;4;2;0
202200036018;749 742;10;0;0;2;2;1
202200036018;749 743;7;0;2;4;23;1
202200036019;749 740;7;0;9;1;21;1
202200036019;749 741;1;0;2;4;15;5
202200036020;749 738;7;0;2;1;2;1
202200036020;749 739;33;0;2;4;2;1
202200036021;749 737;7;9;0;5;1;1
202200036022;749 735;1;1;0;0;1;5
202200036022;749 736;13;0;2;3;22;1
202200036023;749 732;7;0;2;4;1;1
202200036023;749 733;7;0;2;0;0;1
202200036023;749 734;7;0;2;0;0;1
202200036024;749 730;7;0;2;1;15;2
202200036024;749 731;33;0;2;1;1;1
202200036025;749 728;7;0;2;2;0;1
202200036025;749 729;7;0;2;3;15;1
202200036026;749 726;60;0;2;8;19;5
202200036026;749 727;7;0;2;8;1;1
202200036027;749 725;10;0;1;8;19;1
202200036028;749 723;10;0;2;0;0;1
202200036028;749 724;10;0;0;4;2;1
202200036029;749 721;1;0;2;0;0;5
202200036029;749 722;13;0;2;1;1;1
202200036030;749 719;30;9;2;3;5;1
202200036030;749 720;7;0;2;3;1;1
202200036031;749 717;7;0;2;7;11;1
202200036031;749 718;2;0;2;8;13;1
202200036032;749 715;13;1;0;6;2;1
202200036032;749 716;33;0;2;3;11;1
202200036033;749 713;7;0;2;0;15;1
202200036033;749 714;2;0;2;0;1;1
202200036034;749 711;7;0;2;1;1;1
202200036034;749 712;33;0;2;0;0;1
202200036035;749 709;43;0;2;1;1;2
202200036035;749 710;10;0;2;5;1;1
202200036036;749 707;7;0;2;1;1;1
202200036036;749 708;7;0;2;1;15;1
202200036037;749 705;10;0;9;3;1;1
202200036037;749 706;50;0;2;1;15;3
202200036038;749 704;7;9;1;1;9;1
202200036039;749 702;7;0;2;6;15;2
202200036039;749 703;50;0;2;1;1;3
202200036040;749 700;7;0;2;1;1;1
202200036040;749 701;32;0;0;4;16;1
202200036041;749 698;31;0;2;4;1;1
202200036041;749 699;7;0;2;2;1;1
202200036042;749 696;7;0;2;1;1;1
202200036042;749 697;7;0;2;1;13;1
202200036043;749 695;7;0;1;2;1;1
202200036044;749 693;7;0;2;1;2;1
202200036044;749 694;7;0;2;5;15;1
202200036045;749 691;7;0;2;1;13;1
202200036045;749 692;1;0;2;8;1;5
202200036046;749 689;33;0;2;8;18;1
202200036046;749 690;14;0;2;5;1;1
202200036047;749 688;10;0;1;4;4;0
202200036048;749 686;7;0;2;7;1;1
202200036048;749 687;21;0;2;3;1;1
202200036049;749 684;7;0;2;1;1;1
202200036049;749 685;7;0;2;1;5;1
202200036050;749 683;2;15;0;1;0;1
202200036051;749 682;7;13;0;1;1;1
202200036052;749 680;7;0;2;1;2;1
202200036052;749 681;7;0;2;4;2;1
202200036053;749 679;33;7;0;1;1;1
202200036054;749 678;7;2;0;3;14;1
202200036055;749 677;31;15;0;1;26;1
202200036056;749 675;7;0;2;8;9;1
202200036056;749 676;10;0;2;1;1;1
202200036057;749 673;7;13;2;1;1;2
202200036057;749 674;7;0;2;1;19;1
202200036058;749 671;15;0;2;6;1;1
202200036058;749 672;7;0;2;2;21;1
202200036059;749 670;7;13;0;1;2;1
202200036060;749 667;7;0;2;3;1;1
202200036060;749 668;37;0;2;1;1;4
202200036060;749 669;10;0;2;1;13;1
202200036061;749 665;7;0;2;3;15;1
202200036061;749 666;33;0;2;1;1;1
202200036062;749 663;1;0;0;7;1;5
202200036062;749 664;10;0;2;1;9;1
202200036063;749 662;33;0;0;0;1;0
202200036064;749 659;7;0;2;2;14;1
202200036064;749 661;32;0;2;3;18;1
202200036065;749 658;7;0;2;1;1;1
202200036065;749 660;7;0;2;8;1;1
202200036066;749 656;50;0;2;4;2;3
202200036066;749 657;1;0;2;1;2;5
202200036067;749 653;7;0;2;2;1;1
202200036067;749 655;7;0;2;2;13;1
202200036068;749 652;7;0;2;3;15;1
202200036068;749 654;32;0;2;8;1;3
202200036069;749 650;7;0;2;1;1;1
202200036069;749 651;7;0;2;1;19;1
202200036070;749 649;3;1;0;1;14;1
202200036071;749 647;60;0;2;7;15;5
202200036071;749 648;7;0;2;2;9;1
202200036072;749 644;7;13;0;2;17;1
202200036073;749 645;50;0;2;1;16;3
202200036073;749 646;7;0;2;3;1;2
202200036074;749 643;7;2;0;1;1;1
202200036075;749 642;7;1;0;1;1;2
202200036076;749 641;7;11;0;1;0;1
202200036077;749 638;50;0;2;8;1;3
202200036077;749 640;7;0;2;7;16;1
202200036078;749 635;33;0;1;1;25;1
202200036079;749 636;7;0;2;1;2;1
202200036079;749 637;13;0;0;4;1;1
202200036080;749 633;50;0;2;1;7;3
202200036080;749 634;7;0;2;1;16;1
202200036081;749 632;7;4;0;8;1;1
202200036082;749 630;80;0;2;5;1;3
202200036082;749 631;7;0;2;5;22;2
202200036083;749 629;7;4;0;9;0;1
202200036084;749 627;1;0;2;1;1;5
202200036084;749 628;80;0;2;4;15;3
202200036085;749 626;7;0;1;2;1;1
202200036086;749 624;30;0;2;7;1;0