Num_Acc;id_vehicule;catv;obs;obsm;choc;manv;motor
202200036086;749 625;30;0;2;8;13;3
202200036087;749 623;7;0;1;1;1;1
202200036088;749 620;10;0;2;7;12;1
202200036088;749 622;33;0;2;3;1;1
202200036089;749 619;10;0;2;3;0;1
202200036089;749 621;7;0;2;1;0;1
202200036090;749 617;10;0;2;2;15;1
202200036090;749 618;33;0;2;1;1;1
202200036091;749 614;7;0;2;7;1;1
202200036091;749 616;15;0;2;1;1;1
202200036092;749 613;31;0;2;1;3;1
202200036092;749 615;7;0;2;8;15;1
202200036093;749 610;7;0;2;1;1;1
202200036093;749 612;1;0;2;1;1;5
202200036094;749 609;1;0;2;1;2;5
202200036094;749 611;7;0;2;1;15;0
202200036095;749 607;7;0;2;3;1;1
202200036095;749 608;7;0;2;3;1;0
202200036096;749 606;7;12;1;0;1;1
202200036097;749 603;10;0;1;1;1;1
202200036098;749 604;7;16;2;5;1;1
202200036098;749 605;7;16;2;1;2;1
202200036099;749 601;7;0;0;8;15;1
202200036099;749 602;34;0;2;1;17;1
202200036100;749 598;7;0;2;2;1;1
202200036100;749 599;7;0;2;5;20;0
202200036101;749 597;2;0;2;1;1;1
202200036101;749 600;7;0;2;7;19;1
202200036102;749 594;31;0;2;2;3;1
202200036102;749 596;7;0;2;3;11;0
202200036103;749 593;33;0;2;1;1;1
202200036103;749 595;7;0;0;6;19;1
202200036104;749 589;7;0;2;3;15;0
202200036104;749 592;30;0;2;1;17;0
202200036105;749 588;7;0;2;4;15;1
202200036105;749 590;7;0;2;1;1;1
202200036105;749 591;7;0;2;1;1;1
202200036106;749 586;33;0;2;8;1;1
202200036106;749 587;7;0;2;2;15;1
202200036107;749 585;33;12;0;0;1;1
202200036108;749 582;7;4;2;1;1;1
202200036108;749 584;7;0;0;4;2;1
202200036109;749 581;33;0;2;1;2;1
202200036109;749 583;17;0;0;7;16;1
202200036110;749 579;7;0;2;1;1;1
202200036110;749 580;7;0;2;1;15;1
202200036111;749 578;7;0;1;3;1;1
202200036112;749 577;2;8;0;1;16;3
202200036113;749 575;2;0;2;1;17;1
202200036113;749 576;10;0;0;6;2;1
202200036114;749 572;7;0;2;6;11;1
202200036114;749 574;2;0;2;1;1;1
202200036115;749 571;7;0;2;1;17;1
202200036115;749 573;7;0;2;4;26;1
202200036116;749 568;10;0;2;6;0;1
202200036116;749 570;32;0;2;2;2;1
202200036117;749 567;7;0;2;3;1;1
202200036117;749 569;7;0;2;3;1;1
202200036118;749 564;38;0;2;3;1;3
202200036118;749 566;99;0;2;2;9;0
202200036119;749 559;33;0;2;3;26;1
202200036119;749 561;7;0;2;2;1;1
202200036120;749 560;0;0;2;3;13;0
202200036120;749 562;30;0;2;5;2;1
202200036121;749 558;7;11;0;1;1;1
202200036122;749 554;7;0;2;0;1;1
202200036122;749 555;33;0;2;7;1;1
202200036122;749 556;7;0;2;8;11;1
202200036123;749 550;7;0;0;7;1;2
202200036123;749 552;33;0;2;8;13;1
202200036124;749 551;7;0;0;0;0;1
202200036124;749 553;7;0;2;6;1;1
202200036124;749 557;7;0;2;1;1;1
202200036125;749 548;7;0;0;8;1;1
202200036125;749 549;33;0;2;7;12;1
202200036126;749 547;7;0;1;1;1;1
202200036127;749 545;7;0;2;1;1;1
202200036127;749 546;7;0;2;4;1;1
202200036128;749 543;7;0;2;8;26;1
202200036128;749 544;32;0;2;1;1;1
202200036129;749 541;34;0;2;2;1;1
202200036129;749 542;7;0;2;1;0;0
202200036130;749 539;1;0;2;1;21;5
202200036130;749 540;7;0;2;3;16;1
202200036131;749 537;7;0;2;4;23;2
202200036131;749 538;34;0;2;1;1;1
202200036132;749 536;7;6;0;1;1;1
202200036133;749 535;7;13;0;1;1;1
202200036134;749 534;7;0;1;3;1;2
202200036135;749 533;7;0;1;1;1;1
202200036136;749 532;7;2;0;1;1;1
202200036137;749 530;7;0;2;2;15;1
202200036137;749 531;7;0;2;3;1;1
202200036138;749 529;7;2;0;1;19;1
202200036139;749 528;1;0;0;1;1;5
202200036140;749 526;10;0;2;3;9;1
202200036140;749 527;13;0;0;8;1;1
202200036141;749 525;7;0;0;0;17;1
202200036142;749 524;33;0;1;1;2;1
202200036143;749 523;7;2;0;1;0;1
202200036144;749 522;7;2;0;1;14;1
202200036145;749 520;7;0;2;1;11;2
202200036145;749 521;7;0;2;1;1;1
202200036146;749 518;43;0;2;3;1;1
202200036146;749 519;7;0;2;5;15;1
202200036147;749 517;7;1;0;1;1;1
202200036148;749 515;7;0;2;1;1;1
202200036148;749 516;7;0;2;1;13;1
202200036149;749 513;7;0;1;4;20;1
202200036150;749 512;33;0;0;0;21;1
202200036151;749 510;7;3;2;8;1;0
202200036151;749 511;7;13;2;8;1;1
202200036152;749 509;7;8;0;3;1;1
202200036153;749 508;7;8;0;3;2;1
202200036154;749 505;7;0;2;1;1;1
202200036154;749 506;7;0;2;1;1;1
202200036154;749 507;7;0;2;1;13;1
202200036155;749 503;32;0;2;1;1;1
202200036155;749 504;7;0;2;8;10;1
202200036156;749 499;1;0;2;3;1;5
202200036156;749 500;7;0;9;5;17;1
202200036157;749 497;7;0;2;1;1;1
202200036157;749 498;7;0;2;7;19;1
202200036158;749 496;7;2;0;1;13;1
202200036159;749 494;7;0;2;6;4;0
202200036159;749 495;7;6;2;7;1;1
202200036160;749 492;10;0;2;1;19;1
202200036160;749 493;7;0;0;3;15;1
202200036161;749 491;7;13;0;1;0;1
202200036162;749 489;10;0;9;7;2;1
202200036162;749 490;1;0;2;8;2;5
202200036163;749 487;10;0;0;1;1;1
202200036163;749 488;7;0;0;4;1;1
202200036164;749 486;7;0;1;3;1;1
202200036165;749 482;10;0;0;1;1;1
202200036165;749 483;7;0;0;4;1;1
202200036166;749 480;7;0;2;3;1;1
202200036166;749 481;7;0;2;1;17;1
202200036167;749 478;7;0;2;8;26;1
202200036167;749 479;7;0;2;3;1;1
202200036168;749 476;10;0;2;1;0;1
202200036168;749 477;7;0;2;4;23;1
202200036169;749 475;37;0;1;3;13;1
202200036170;749 474;38;16;0;2;23;1
202200036171;749 473;10;0;1;1;1;1
202200036172;749 472;7;6;0;3;1;1
202200036173;749 471;7;0;1;1;15;1
202200036174;749 468;7;0;2;1;2;1
202200036174;749 470;15;0;2;3;2;1
202200036175;749 467;33;0;2;1;1;1
202200036175;749 469;1;0;2;8;1;5
202200036176;749 464;7;0;2;4;2;1
202200036176;749 466;10;0;2;3;2;1
202200036177;749 463;10;0;2;3;16;1
202200036177;749 465;7;0;2;1;1;2
202200036178;749 461;33;12;0;2;9;1
202200036179;749 460;34;0;2;0;1;3
202200036179;749 462;1;0;2;0;19;5
202200036180;749 458;7;0;2;1;1;1
202200036180;749 459;14;0;0;8;20;1
202200036181;749 456;7;4;0;2;14;1
202200036182;749 457;7;6;0;1;2;1
202200036183;749 451;7;0;2;4;1;2
202200036183;749 453;10;0;2;4;2;1
202200036183;749 455;10;0;2;1;2;1
202200036184;749 452;2;0;2;4;12;1
202200036184;749 454;7;0;2;1;1;1
202200036185;749 448;7;0;2;8;1;1
202200036185;749 449;33;0;2;8;3;1
202200036185;749 450;7;0;2;7;12;1
202200036186;749 446;3;0;2;1;15;1
202200036186;749 447;32;0;2;5;17;1
202200036187;749 444;10;0;2;1;2;1
202200036187;749 445;7;0;2;4;1;3
202200036188;749 443;0;0;1;0;2;0
202200036189;749 441;7;4;2;7;12;1
202200036189;749 442;7;0;2;3;1;1
202200036190;749 440;7;8;0;1;1;1
202200036191;749 439;7;9;2;1;21;1
202200036192;749 438;1;12;0;1;9;5
202200036193;749 436;7;0;2;2;1;1
202200036193;749 437;17;0;2;2;12;1
202200036194;749 434;10;0;2;1;1;1
202200036194;749 435;1;0;2;7;1;5
202200036195;749 432;15;0;2;7;1;1
202200036195;749 433;7;0;2;8;1;1
202200036196;749 429;10;0;2;2;11;0
202200036196;749 430;33;0;2;3;3;0
202200036197;749 427;33;4;0;7;1;1
202200036198;749 428;2;0;2;2;2;1
202200036198;749 431;7;0;2;3;2;1
202200036199;749 426;32;0;1;7;18;1
202200036200;749 425;7;6;0;3;13;1
202200036201;749 424;7;0;1;0;15;1
202200036202;749 423;33;17;0;1;0;1
202200036203;749 421;10;0;1;-1;1;-1
202200036204;749 420;33;0;2;1;16;1
202200036204;749 422;10;0;2;3;26;1
202200036205;749 418;7;4;2;7;1;1
202200036205;749 419;7;4;2;2;5;0
202200036206;749 417;7;0;0;6;1;1
202200036207;749 415;7;0;2;4;1;2
202200036207;749 416;10;0;2;1;2;1
202200036208;749 413;10;9;2;3;1;1
202200036208;749 414;7;2;2;2;9;1
202200036209;749 412;33;14;0;1;12;1
202200036210;749 410;2;0;2;1;1;1
202200036210;749 411;7;0;2;6;16;1
202200036211;749 407;7;0;2;3;9;1
202200036211;749 409;33;0;2;1;21;1
202200036212;749 408;7;0;1;1;1;1
202200036213;749 404;7;16;0;9;1;1
202200036214;749 405;7;0;2;3;11;1
202200036214;749 406;2;0;2;2;16;1
202200036215;749 402;7;2;0;1;1;0
202200036216;749 401;2;0;2;4;1;1
202200036216;749 403;7;0;2;1;1;1
202200036217;749 399;33;0;2;1;1;1
202200036217;749 400;33;0;2;1;17;1
202200036218;749 397;7;0;1;1;7;1
202200036219;749 396;7;0;2;1;13;1
202200036219;749 398;7;0;2;1;1;1
202200036220;749 393;7;0;0;2;1;1
202200036220;749 394;1;0;2;1;1;5
202200036221;749 392;7;0;2;2;1;1
202200036221;749 395;7;0;2;5;1;1
202200036222;749 391;7;6;0;1;16;1
202200036223;749 390;7;0;1;1;1;2
202200036224;749 389;7;2;0;1;17;1
202200036225;749 386;33;0;2;1;1;1
202200036225;749 388;7;0;2;8;10;1
202200036226;749 385;7;0;2;4;1;1
202200036226;749 387;7;0;2;1;1;1
202200036227;749 384;17;3;0;3;13;1
202200036228;749 382;33;0;0;2;0;1
202200036229;749 381;50;0;2;1;1;3
202200036229;749 383;7;0;2;1;16;3
202200036230;749 379;7;0;2;1;1;1
202200036230;749 380;7;0;2;1;5;1
202200036231;749 377;50;0;2;8;19;3
202200036231;749 378;7;0;2;2;1;1
202200036232;749 375;2;0;2;4;2;1
202200036232;749 376;2;0;2;1;2;1
202200036233;749 373;31;0;2;3;1;3
202200036233;749 374;1;0;2;1;15;5
202200036234;749 370;50;0;2;7;7;3
202200036234;749 372;7;0;2;7;17;1
202200036235;749 368;7;0;2;7;15;1
202200036235;749 369;7;0;2;1;1;1
202200036235;749 371;7;0;2;1;15;1
202200036236;749 367;10;0;0;0;1;1
202200036237;749 365;7;0;2;1;1;1
202200036237;749 366;7;0;0;4;1;1
202200036238;749 364;10;0;1;8;1;1
202200036239;749 362;1;0;1;1;1;5
202200036240;749 360;2;0;1;1;2;1
202200036241;749 356;7;0;2;4;1;1
202200036241;749 358;30;0;2;1;1;1
202200036242;749 354;7;0;9;2;16;1
202200036242;749 359;1;0;2;3;1;5
202200036243;749 355;7;0;2;8;10;1
202200036243;749 357;32;0;2;1;1;1
202200036244;749 353;7;0;1;1;1;1
202200036245;749 351;21;0;0;3;13;1
202200036245;749 352;10;13;0;3;1;1
202200036246;749 349;7;0;1;1;16;2
202200036247;749 346;7;0;2;1;1;1
202200036247;749 347;7;0;2;1;13;1
202200036248;749 344;14;0;1;5;16;1
202200036249;749 341;99;0;1;3;21;0
202200036250;749 340;33;0;2;1;1;1
202200036250;749 343;7;0;2;4;1;1
202200036251;749 339;7;1;2;2;0;1
202200036251;749 342;7;1;2;3;0;1
202200036252;749 338;7;15;0;1;1;1
202200036253;749 337;7;0;1;1;1;1
202200036254;749 336;7;0;1;3;15;1
202200036255;749 334;7;0;1;5;26;1
202200036256;749 331;30;0;2;1;26;1
202200036256;749 333;7;0;2;2;15;1
202200036257;749 328;1;0;2;1;19;5
202200036257;749 329;7;0;2;1;15;1
202200036258;749 327;33;0;2;1;13;1
202200036258;749 330;7;0;2;3;1;1
202200036259;749 326;7;0;1;2;2;1
202200036260;749 325;7;0;1;1;1;1
202200036261;749 323;7;0;1;3;1;1
202200036262;749 321;1;0;2;8;2;5
202200036262;749 322;7;0;2;2;17;1
202200036263;749 318;7;0;2;1;2;1
202200036263;749 320;2;0;0;4;2;1
202200036264;749 315;2;0;2;8;16;1
202200036264;749 317;7;0;2;3;1;1
202200036265;749 316;10;13;2;1;21;1
202200036265;749 319;7;0;2;1;1;1
202200036265;749 324;7;0;2;1;13;1
202200036266;749 314;0;0;1;1;1;0
202200036267;749 312;7;0;2;1;1;1
202200036267;749 313;80;0;2;5;19;3
202200036268;749 307;7;6;0;3;13;1
202200036269;749 309;7;0;2;3;13;1
202200036269;749 311;7;0;2;1;1;1
202200036270;749 306;7;0;2;1;1;1
202200036270;749 308;7;0;0;4;1;1
202200036270;749 310;7;0;2;4;1;1
202200036271;749 303;7;0;2;8;1;1
202200036271;749 305;7;0;2;1;15;1
202200036272;749 304;7;16;9;8;1;1
202200036273;749 302;50;0;1;1;1;3
202200036274;749 300;2;0;0;2;1;3
202200036275;749 299;7;0;1;3;1;1
202200036276;749 298;10;0;2;7;12;1
202200036276;749 301;30;0;2;8;2;1
202200036277;749 295;10;2;0;1;14;1
202200036278;749 294;7;0;1;5;15;1
202200036279;749 296;1;0;2;1;1;5
202200036279;749 297;10;0;9;0;16;0
202200036280;749 291;30;0;0;5;2;1
202200036280;749 293;7;0;2;3;2;1
202200036281;749 290;7;0;1;3;1;1
202200036282;749 289;7;0;2;1;15;1
202200036282;749 292;32;0;2;1;1;1
202200036283;749 286;7;0;2;6;15;1
202200036283;749 288;2;0;2;1;1;1
202200036284;749 284;7;0;2;5;4;1
202200036284;749 287;50;0;2;8;1;3
202200036285;749 285;7;0;1;1;15;1
202200036286;749 282;50;1;0;1;1;3
202200036286;749 283;10;0;2;7;23;1
202200036287;749 281;7;0;1;2;1;1
202200036288;749 280;7;0;1;2;9;1
202200036289;749 277;7;0;2;2;15;1
202200036289;749 279;33;0;2;1;3;1
202200036290;749 278;7;4;0;2;14;1
202200036291;749 275;21;0;2;0;0;0
202200036291;749 276;7;0;2;8;9;1
202200036292;749 273;7;1;0;2;14;1
202200036292;749 274;7;1;0;6;0;2
202200036293;749 272;7;0;1;1;1;1
202200036294;749 268;30;0;2;1;1;3
202200036294;749 270;7;0;2;1;19;1
202200036295;749 267;7;3;0;5;23;1
202200036295;749 271;7;0;2;3;1;1
202200036296;749 266;1;0;2;7;1;5
202200036296;749 269;17;0;2;1;16;1
202200036297;749 265;34;0;1;1;2;1
202200036298;749 262;7;0;2;5;1;1
202200036298;749 264;33;4;2;0;1;1
202200036299;749 261;7;13;0;9;16;1
202200036300;749 260;7;0;2;1;1;1
202200036300;749 263;7;0;2;7;15;1
202200036301;749 258;7;8;0;2;1;1
202200036302;749 257;60;0;0;3;19;5
202200036302;749 259;37;0;2;2;1;1
202200036303;749 255;3;1;0;3;1;1
202200036304;749 254;7;0;2;3;1;1
202200036304;749 256;7;0;2;1;13;1
202200036305;749 253;2;0;0;0;1;1
202200036306;749 251;7;0;0;4;0;1
202200036306;749 252;10;0;2;1;1;1
202200036307;749 250;3;0;1;1;1;1
202200036308;749 248;31;0;0;8;1;1
202200036308;749 249;7;0;2;3;1;1
202200036309;749 246;31;0;2;1;1;1
202200036309;749 247;7;0;0;5;15;1
202200036310;749 242;7;0;2;1;26;1
202200036310;749 243;32;0;2;4;1;1
202200036311;749 240;50;0;1;8;13;3
202200036312;749 237;7;0;0;3;1;1
202200036312;749 239;7;0;2;3;1;1
202200036313;749 236;7;0;1;1;1;1
202200036314;749 232;7;4;0;9;12;1
202200036315;749 231;0;0;1;0;0;0
202200036316;749 230;7;0;0;7;24;1
202200036316;749 233;7;0;0;4;24;1
202200036316;749 234;7;0;0;1;24;1
202200036316;749 235;7;1;0;2;24;1
202200036316;749 238;7;0;2;2;1;1
202200036317;749 229;7;15;0;1;14;1
202200036318;749 227;7;0;0;8;10;1
202200036318;749 228;2;0;2;1;1;1
202200036319;749 223;7;0;2;7;9;1
202200036319;749 225;7;0;2;3;1;1
202200036320;749 221;36;0;2;0;11;0
202200036320;749 224;7;0;2;3;2;1
202200036321;749 222;7;0;2;3;1;1
202200036321;749 226;99;0;2;0;0;3
202200036322;749 220;7;0;1;8;1;1
202200036323;749 218;7;0;2;1;2;1
202200036323;749 219;32;0;2;4;2;1
202200036324;749 215;30;0;2;3;7;1
202200036324;749 217;7;0;2;7;7;1
202200036325;749 214;7;13;0;3;13;1
202200036326;749 216;32;12;0;0;1;1
202200036327;749 212;7;0;1;2;1;1
202200036328;749 210;33;6;0;0;1;1
202200036329;749 209;7;2;0;1;1;1
202200036330;749 208;7;2;0;8;17;1
202200036331;749 207;7;15;0;1;1;1
202200036332;749 205;7;2;0;8;1;1
202200036333;749 200;7;0;2;3;13;1
202200036333;749 201;7;0;2;3;1;1
202200036334;749 199;7;0;2;2;15;1
202200036334;749 202;33;0;2;1;1;1
202200036335;749 196;2;0;2;0;1;1
202200036335;749 197;7;0;2;2;1;1
202200036336;749 195;7;0;0;3;1;1
202200036336;749 198;33;0;0;1;1;1
202200036337;749 193;80;0;2;7;1;5
202200036337;749 194;7;0;2;1;9;1
202200036338;749 192;7;2;0;3;0;1
202200036339;749 188;17;0;2;3;1;1
202200036339;749 190;7;0;2;7;16;1
202200036340;749 187;7;0;0;1;1;1
202200036340;749 191;10;6;2;7;19;1
202200036341;749 186;3;0;2;3;13;1
202200036341;749 189;7;0;2;3;1;1
202200036342;749 184;33;3;0;8;2;1
202200036343;749 183;2;0;2;8;1;1
202200036343;749 185;7;0;2;2;16;1
202200036344;749 182;7;6;0;9;1;1
202200036345;749 181;2;13;0;1;16;1
202200036346;749 179;7;13;0;1;15;1
202200036347;749 178;7;0;2;1;9;1
202200036347;749 180;2;0;2;1;1;1
202200036348;749 176;2;13;0;1;1;1
202200036349;749 175;7;0;2;1;13;1
202200036349;749 177;7;0;2;1;1;1
202200036350;749 174;7;0;1;1;1;1
202200036351;749 173;2;0;0;7;1;1
202200036352;749 171;2;0;2;7;17;1
202200036352;749 172;2;0;2;8;1;1
202200036353;749 169;7;0;1;3;1;1
202200036354;749 165;32;0;0;0;1;1
202200036355;749 163;10;0;2;1;1;1
202200036355;749 164;7;0;2;1;1;1
202200036355;749 167;7;0;2;1;1;1
202200036355;749 168;7;0;2;1;0;1
202200036355;749 170;7;0;2;1;1;1
202200036356;749 162;7;14;2;1;23;2
202200036356;749 166;7;14;2;1;2;1
202200036357;749 161;30;0;1;1;1;1
202200036358;749 157;7;3;2;3;13;1
202200036358;749 159;15;0;2;3;1;1
202200036359;749 156;7;13;0;3;13;1
202200036360;749 155;14;2;0;1;13;1
202200036361;749 154;14;0;1;1;15;1
202200036362;749 152;7;0;2;3;15;3
202200036362;749 153;33;0;2;7;17;1
202200036363;749 151;7;13;0;1;1;1
202200036364;749 148;7;0;2;3;1;1
202200036364;749 150;7;8;2;1;1;1
202200036365;749 145;7;0;1;1;1;1
202200036366;749 143;7;0;2;1;1;1
202200036366;749 146;7;0;0;4;23;1
202200036366;749 149;10;0;0;4;23;1
202200036367;749 144;7;0;0;7;15;2
202200036367;749 147;7;0;2;1;1;1
202200036368;749 140;21;0;0;0;1;1
202200036369;749 135;7;0;2;3;13;1
202200036369;749 137;7;0;2;3;1;1
202200036369;749 139;7;0;2;3;1;1
202200036369;749 142;7;0;2;3;1;1
202200036370;749 130;10;0;2;1;1;1
202200036370;749 132;10;0;2;4;2;1
202200036370;749 134;7;0;2;4;2;1
202200036370;749 136;7;0;2;4;2;1
202200036370;749 138;7;0;2;4;2;3
202200036370;749 141;7;0;0;4;2;1
202200036371;749 129;7;0;1;2;0;1
202200036372;749 127;7;0;0;5;1;3
202200036373;749 126;60;0;2;1;5;5
202200036373;749 128;7;0;9;2;15;1
202200036374;749 124;30;0;2;1;1;1
202200036374;749 125;7;0;2;8;1;1
202200036375;749 123;33;0;0;3;1;1
202200036376;749 119;7;13;0;0;17;1
202200036377;749 120;7;8;0;6;1;1
202200036378;749 118;7;0;2;4;2;1
202200036378;749 121;7;0;2;9;2;1
202200036378;749 122;7;0;2;1;2;1
202200036379;749 116;30;0;0;7;26;1
202200036380;749 115;33;0;2;1;1;1
202200036380;749 117;7;0;2;5;15;1
202200036381;749 114;7;13;0;1;13;1
202200036382;749 111;7;15;0;1;1;1
202200036383;749 110;7;0;2;1;14;1
202200036383;749 113;7;0;2;6;1;1
202200036384;749 109;7;0;2;3;26;1
202200036384;749 112;32;0;2;2;23;1
202200036385;749 108;7;2;0;1;1;1
202200036386;749 105;1;0;2;1;13;5
202200036386;749 107;1;0;2;1;1;5
202200036387;749 104;7;0;2;5;1;1
202200036387;749 106;7;6;2;3;15;1
202200036388;749 103;7;0;1;1;0;1
202200036389;749 102;7;8;0;1;1;1
202200036390;749 100;2;0;2;2;23;1
202200036390;749 101;7;0;2;0;16;1
202200036391;749 099;7;0;1;3;1;1
202200036392;749 098;33;0;0;2;1;1
202200036393;749 097;2;0;0;0;0;1
202200036394;749 095;37;0;1;3;1;1
202200036395;749 089;10;7;2;7;1;1
202200036395;749 093;7;0;2;1;1;1
202200036396;749 090;33;0;2;1;15;1
202200036396;749 092;50;0;2;0;1;3
202200036397;749 088;7;0;2;1;2;1
202200036397;749 091;7;0;2;4;2;1
202200036397;749 094;7;0;2;1;2;1
202200036397;749 096;7;0;2;4;2;1
202200036398;749 086;7;0;2;3;1;1
202200036398;749 087;10;0;2;7;1;1
202200036399;749 083;2;0;2;8;1;1
202200036399;749 085;10;0;2;2;1;1
202200036400;749 082;7;0;2;8;1;1
202200036400;749 084;30;0;2;7;3;1
202200036401;749 081;7;6;0;1;1;1
202200036402;749 078;7;2;0;3;0;1
202200036403;749 077;30;0;2;8;1;1
202200036403;749 080;30;0;2;7;17;1
202200036404;749 076;80;0;2;2;1;3
202200036404;749 079;7;0;2;3;13;1
202200036405;749 075;7;13;0;3;13;1
202200036406;749 071;10;0;2;0;15;1
202200036406;749 073;32;0;2;0;23;1
202200036407;749 072;32;0;2;1;1;1
202200036407;749 074;7;0;2;4;23;1
202200036408;749 069;7;0;9;3;15;1
202200036408;749 070;1;0;2;1;1;6
202200036409;749 065;7;0;2;6;1;3
202200036409;749 067;7;0;2;2;13;2
202200036410;749 064;99;0;0;8;0;3
202200036410;749 068;7;0;2;1;1;0
202200036411;749 063;7;0;2;3;15;1
202200036411;749 066;1;0;2;3;1;5
202200036412;749 060;1;0;2;1;1;5
202200036412;749 062;7;0;2;4;1;1
202200036413;749 059;38;0;1;1;1;1
202200036414;749 058;43;0;2;3;0;1
202200036414;749 061;10;0;2;0;0;1
202200036415;749 054;7;0;2;1;1;2
202200036415;749 057;7;0;2;4;1;1
202200036416;749 052;7;0;2;2;2;2
202200036416;749 056;7;0;0;4;2;1
202200036417;749 053;33;0;2;5;0;1
202200036417;749 055;33;1;0;1;9;1
202200036418;749 050;7;2;0;4;1;1
202200036419;749 049;10;0;2;5;2;1
202200036419;749 051;7;6;0;1;20;1
202200036420;749 047;7;0;2;1;17;1
202200036420;749 048;0;0;2;1;1;1
202200036421;749 045;2;0;0;4;23;1
202200036421;749 046;14;0;2;3;1;1
202200036422;749 042;7;8;0;1;1;1
202200036423;749 043;7;0;2;3;20;1
202200036423;749 044;2;1;0;2;1;3
202200036424;749 041;7;0;1;2;1;1
202200036425;749 039;37;0;2;1;26;1
202200036425;749 040;7;0;2;4;26;1
202200036426;749 037;7;0;1;3;1;1
202200036427;749 036;31;0;2;1;1;1
202200036427;749 038;7;0;2;3;15;1
202200036428;749 034;7;0;1;1;15;1
202200036429;749 033;7;4;2;1;1;1
202200036429;749 035;7;0;2;6;1;2
202200036430;749 031;10;0;2;8;23;1
202200036430;749 032;7;0;2;3;15;1
202200036431;749 029;50;0;1;1;1;3
202200036432;749 028;10;0;2;2;11;1
202200036432;749 030;7;4;2;8;1;1
202200036433;749 025;7;0;2;1;5;1
202200036433;749 027;7;0;2;1;1;1
202200036434;749 024;7;1;0;2;1;2
202200036435;749 023;7;3;2;8;2;1
202200036435;749 026;20;3;2;7;14;1
202200036436;749 019;10;0;2;4;1;1
202200036436;749 022;43;0;2;1;1;1
202200036437;749 020;14;0;1;7;16;0
202200036438;749 021;7;0;1;1;13;1
202200036439;749 017;17;0;2;2;12;1
202200036439;749 018;7;0;2;8;1;1
202200036440;749 016;7;0;1;3;0;1
202200036441;749 014;7;0;2;3;9;1
202200036441;749 015;1;0;2;1;25;5
202200036442;749 011;32;0;2;2;14;1
202200036442;749 013;7;0;2;6;13;3
202200036443;749 010;3;0;2;3;15;1
202200036443;749 012;2;0;2;1;17;3
202200036444;749 009;33;0;0;6;1;1
202200036445;749 005;15;0;2;7;17;1
202200036445;749 007;33;0;2;8;1;1
202200036446;749 004;7;0;2;4;2;2
202200036446;749 006;7;0;2;1;2;1
202200036446;749 008;7;0;2;4;2;1
202200036447;749 001;7;16;0;1;2;1
202200036448;749 000;7;0;2;3;12;1
202200036448;749 003;33;0;2;1;1;1
202200036449;748 999;32;0;2;3;0;1
202200036449;749 002;7;0;0;0;0;1
202200036450;748 994;7;0;2;1;1;1
202200036450;748 996;7;0;2;4;2;1
202200036450;748 998;15;0;2;0;0;-1
202200036451;748 991;7;0;2;1;9;1
202200036451;748 993;32;0;2;7;1;1
202200036452;748 992;7;0;2;0;0;1
202200036452;748 995;7;0;2;7;15;1
202200036452;748 997;7;0;2;1;5;1
202200036453;748 989;7;0;2;4;0;0
202200036453;748 990;7;0;2;1;2;1
202200036454;748 988;7;0;1;3;9;1
202200036455;748 985;1;0;2;3;18;5
202200036455;748 987;33;0;2;5;23;1
202200036456;748 983;43;0;2;7;3;1
202200036456;748 986;10;0;2;8;11;1
202200036457;748 980;7;4;2;7;0;1
202200036457;748 981;7;0;2;8;1;1
202200036458;748 979;33;0;2;8;14;1
202200036458;748 982;7;0;9;1;11;0
202200036459;748 976;43;0;2;3;3;1
202200036459;748 978;7;0;2;5;12;1
202200036460;748 974;33;0;2;1;1;1
202200036460;748 975;7;0;2;3;1;1
202200036460;748 977;7;0;2;3;13;1
202200036461;748 973;10;8;0;1;1;1
202200036462;748 972;7;2;0;8;1;1
202200036463;748 971;7;0;1;5;4;1
202200036464;748 969;2;0;0;1;1;1
202200036465;748 966;10;0;2;1;2;1
202200036465;748 967;3;3;0;4;2;1
202200036466;748 964;10;0;0;3;0;1
202200036467;748 965;50;0;2;0;0;3
202200036467;748 968;7;0;2;0;1;1
202200036468;748 961;10;0;2;8;15;1
202200036468;748 963;7;0;2;2;17;1
202200036469;748 962;7;1;0;3;13;1
202200036470;748 960;7;15;0;3;1;1
202200036471;748 957;7;2;0;2;0;1
202200036472;748 955;15;0;0;4;2;1
202200036472;748 958;17;0;2;1;2;1
202200036473;748 952;33;1;0;1;14;1
202200036474;748 950;7;2;0;1;21;1
202200036474;748 951;7;0;2;3;13;1
202200036474;748 954;7;0;2;3;1;1
202200036475;748 947;10;0;0;4;1;1
202200036475;748 948;7;0;2;1;2;1
202200036476;748 946;33;0;2;0;0;1
202200036476;748 949;7;0;2;1;0;6
202200036477;748 944;7;0;2;1;15;1
202200036477;748 945;33;0;2;1;1;1
202200036478;748 943;7;2;0;8;1;1
202200036479;748 941;7;2;0;0;1;1
202200036480;748 940;7;0;0;3;1;1
202200036480;748 942;7;0;2;3;13;1
202200036481;748 938;7;0;2;1;1;1
202200036481;748 939;7;0;2;3;13;1
202200036482;748 937;7;2;0;9;1;1
202200036483;748 935;7;0;2;2;19;0
202200036483;748 936;33;0;2;7;11;0
202200036484;748 933;7;6;0;3;16;1
202200036485;748 934;7;0;1;1;15;1
202200036486;748 930;7;0;2;1;1;1
202200036486;748 932;7;0;2;8;15;1
202200036487;748 929;50;0;2;1;1;3
202200036487;748 931;7;0;2;2;9;1
202200036488;748 928;7;0;1;2;2;1
202200036489;748 927;36;0;0;7;26;1
202200036490;748 925;7;0;2;1;2;1
202200036490;748 926;7;0;2;4;2;1
202200036491;748 924;7;7;0;9;1;1
202200036492;748 923;7;0;1;2;15;1
202200036493;748 921;7;0;2;1;2;1
202200036493;748 922;7;0;2;4;15;1
202200036494;748 918;7;0;0;0;1;1