Num_Acc;id_vehicule;catv;obs;obsm;choc;manv;motor
202200036495;748 917;7;0;2;1;2;1
202200036495;748 920;14;0;2;4;2;1
202200036496;748 913;1;0;2;0;15;5
202200036496;748 916;7;0;9;7;16;1
202200036497;748 915;7;0;2;2;15;1
202200036497;748 919;33;0;2;2;1;1
202200036498;748 912;7;0;2;5;15;1
202200036498;748 914;2;0;2;3;1;1
202200036499;748 907;7;0;0;5;1;1
202200036499;748 910;33;1;0;1;2;1
202200036500;748 905;7;0;0;2;1;1
202200036501;748 906;7;0;2;1;2;1
202200036501;748 909;10;0;2;4;2;1
202200036501;748 911;7;0;2;4;2;1
202200036502;748 904;1;0;2;1;1;5
202200036502;748 908;7;0;2;3;16;1
202200036503;748 903;7;2;0;1;0;1
202200036504;748 895;7;0;2;5;15;1
202200036504;748 899;34;0;2;1;1;1
202200036505;748 896;10;0;2;1;1;1
202200036505;748 900;7;0;2;8;1;1
202200036505;748 902;7;0;2;1;15;1
202200036506;748 897;50;13;1;1;26;3
202200036507;748 893;10;0;2;1;2;1
202200036507;748 894;7;0;2;4;2;1
202200036507;748 898;17;0;2;0;2;1
202200036507;748 901;7;0;2;0;0;1
202200036508;748 891;3;0;1;2;0;1
202200036509;748 889;7;13;0;1;1;1
202200036510;748 888;7;0;2;3;9;1
202200036510;748 890;99;0;2;7;1;3
202200036511;748 885;7;3;0;1;1;1
202200036512;748 886;7;0;2;3;2;1
202200036512;748 887;7;0;2;5;2;1
202200036513;748 881;7;4;0;3;2;1
202200036514;748 882;2;0;0;0;2;1
202200036514;748 884;7;0;2;0;15;1
202200036515;748 880;32;0;2;1;2;1
202200036515;748 883;7;0;2;4;4;1
202200036516;748 876;7;0;9;1;9;1
202200036516;748 877;1;0;2;7;1;5
202200036517;748 873;7;6;2;1;19;1
202200036517;748 878;10;0;2;8;1;1
202200036518;748 874;30;15;0;1;0;1
202200036519;748 872;7;0;2;3;0;1
202200036519;748 875;7;0;2;7;1;1
202200036519;748 879;7;0;2;8;18;1
202200036520;748 870;34;4;0;7;0;1
202200036521;748 869;2;0;2;1;15;1
202200036521;748 871;10;0;2;2;17;1
202200036522;748 867;2;0;2;1;1;1
202200036522;748 868;7;0;2;3;15;1
202200036523;748 863;7;0;2;6;2;1
202200036523;748 866;7;0;2;2;2;1
202200036524;748 864;7;14;1;5;4;1
202200036525;748 858;43;0;0;0;1;1
202200036526;748 860;7;0;2;3;1;1
202200036526;748 862;7;0;2;6;2;1
202200036527;748 857;7;0;2;6;2;1
202200036527;748 859;31;0;2;1;3;1
202200036528;748 854;7;2;0;1;1;1
202200036529;748 852;7;4;0;2;14;1
202200036530;748 850;7;0;2;4;1;0
202200036530;748 853;7;0;2;4;1;1
202200036530;748 856;7;0;2;1;2;1
202200036531;748 851;7;0;2;7;14;1
202200036531;748 855;1;0;2;8;2;5
202200036532;748 849;7;0;1;2;1;1
202200036533;748 846;3;0;2;5;2;1
202200036533;748 847;33;0;2;1;3;1
202200036534;748 843;2;0;1;1;1;1
202200036535;748 845;0;0;2;1;0;0
202200036535;748 848;7;4;2;4;2;1
202200036536;748 842;32;0;2;7;1;1
202200036536;748 844;7;0;2;2;15;1
202200036537;748 841;43;7;0;1;1;1
202200036538;748 838;7;0;1;1;15;1
202200036539;748 836;7;0;2;5;15;1
202200036539;748 839;32;0;2;1;1;1
202200036540;748 834;7;0;2;1;2;1
202200036540;748 835;7;0;2;4;2;1
202200036541;748 833;7;0;2;6;11;1
202200036541;748 837;31;1;0;1;1;1
202200036541;748 840;33;0;2;1;1;1
202200036542;748 831;38;0;2;3;15;1
202200036542;748 832;10;0;2;3;1;1
202200036543;748 826;43;0;2;1;2;1
202200036543;748 829;10;0;2;4;2;1
202200036544;748 825;2;0;2;1;17;1
202200036544;748 827;7;0;2;6;15;1
202200036545;748 828;7;0;2;3;20;1
202200036545;748 830;33;0;2;1;1;1
202200036546;748 824;7;13;0;2;1;1
202200036547;748 818;7;0;2;1;2;1
202200036547;748 821;7;0;2;1;13;1
202200036547;748 823;7;0;2;4;2;1
202200036548;748 816;7;0;2;3;1;1
202200036548;748 822;30;0;2;1;1;1
202200036549;748 819;7;0;1;1;1;1
202200036550;748 815;7;0;0;4;23;1
202200036550;748 817;7;0;2;4;23;1
202200036550;748 820;7;0;2;1;2;1
202200036551;748 812;7;16;0;9;1;1
202200036552;748 811;7;0;2;4;2;1
202200036552;748 814;10;0;2;1;2;0
202200036553;748 810;7;0;9;2;16;1
202200036553;748 813;50;0;2;1;15;3
202200036554;748 809;7;0;1;1;15;1
202200036555;748 807;10;4;0;1;1;1
202200036556;748 805;7;0;2;1;16;1
202200036556;748 808;2;0;2;7;1;1
202200036557;748 802;10;0;2;1;1;1
202200036557;748 806;7;0;2;8;19;1
202200036558;748 798;2;0;2;5;15;1
202200036558;748 801;7;0;2;2;1;1
202200036559;748 797;7;0;2;1;1;1
202200036559;748 800;7;0;2;8;0;1
202200036559;748 803;7;0;2;4;1;1
202200036560;748 799;7;0;1;1;1;1
202200036560;748 804;7;0;2;2;26;1
202200036561;748 795;1;0;1;0;2;5
202200036562;748 793;7;0;2;1;15;1
202200036562;748 796;33;0;2;1;1;1
202200036563;748 792;7;0;0;4;23;2
202200036563;748 794;14;0;2;1;2;1
202200036564;748 789;10;0;2;1;5;1
202200036564;748 790;7;0;2;1;1;1
202200036565;748 788;50;0;0;0;0;3
202200036566;748 787;7;0;2;1;15;1
202200036566;748 791;80;0;2;7;2;3
202200036567;748 784;7;0;2;3;1;1
202200036567;748 786;7;0;2;5;1;1
202200036568;748 782;7;0;2;4;2;1
202200036568;748 785;7;0;2;1;2;1
202200036569;748 781;7;0;1;4;4;1
202200036570;748 779;33;3;0;8;1;1
202200036571;748 778;7;0;2;8;11;1
202200036571;748 780;17;0;2;2;1;1
202200036572;748 776;7;0;2;3;9;1
202200036572;748 783;31;0;2;1;1;1
202200036573;748 773;7;0;2;1;1;1
202200036573;748 777;50;0;2;4;1;3
202200036574;748 775;7;3;0;0;2;1
202200036575;748 768;7;0;2;1;9;1
202200036575;748 772;7;0;2;1;26;1
202200036575;748 774;7;0;2;1;1;1
202200036576;748 767;32;0;2;6;11;1
202200036576;748 771;7;0;2;2;1;1
202200036577;748 769;30;14;0;8;1;1
202200036578;748 765;7;0;2;3;2;1
202200036578;748 766;7;6;2;5;2;1
202200036578;748 770;7;14;0;8;2;1
202200036579;748 760;1;0;2;0;1;5
202200036579;748 763;1;14;2;0;1;5
202200036580;748 757;7;0;2;1;1;1
202200036580;748 761;7;3;2;6;1;1
202200036580;748 764;17;0;2;1;14;1
202200036581;748 756;10;1;1;3;19;1
202200036582;748 759;7;0;2;4;1;1
202200036582;748 762;7;0;2;1;1;1
202200036583;748 754;33;0;2;1;3;1
202200036583;748 755;7;0;2;4;1;1
202200036584;748 752;10;0;2;5;1;1
202200036584;748 758;7;0;2;1;13;1
202200036585;748 751;7;0;2;1;1;1
202200036585;748 753;7;0;2;2;19;1
202200036586;748 747;7;6;0;2;15;1
202200036587;748 745;10;0;2;4;1;1
202200036587;748 748;7;4;2;4;1;1
202200036587;748 749;7;0;2;1;1;1
202200036588;748 744;7;0;2;4;2;1
202200036588;748 750;10;0;2;1;2;1
202200036589;748 746;7;0;1;7;1;1
202200036590;748 743;7;5;0;9;1;1
202200036591;748 742;7;1;0;2;1;1
202200036592;748 739;7;4;0;0;1;1
202200036593;748 741;7;0;0;0;1;1
202200036594;748 738;2;0;2;3;1;1
202200036594;748 740;7;0;2;1;15;1
202200036595;748 736;7;0;2;1;1;1
202200036595;748 737;7;0;1;2;1;1
202200036596;748 735;33;0;1;1;26;1
202200036597;748 732;7;4;0;1;1;1
202200036598;748 731;33;0;2;6;23;1
202200036598;748 734;7;0;2;1;2;1
202200036599;748 729;60;0;2;8;1;5
202200036599;748 733;7;0;2;7;14;1
202200036600;748 728;7;0;2;3;15;1
202200036600;748 730;2;0;2;3;1;1
202200036601;748 725;33;0;2;8;1;1
202200036601;748 727;7;0;2;0;0;1
202200036602;748 720;33;0;2;1;1;1
202200036602;748 724;7;0;2;8;9;1
202200036603;748 718;7;0;2;1;2;2
202200036603;748 721;7;0;2;4;2;1
202200036604;748 716;10;0;2;4;1;0
202200036604;748 719;10;0;2;1;2;1
202200036604;748 723;10;0;2;1;2;1
202200036605;748 717;7;0;2;3;1;2
202200036605;748 722;1;0;2;1;19;5
202200036606;748 715;7;0;2;3;1;1
202200036607;748 714;7;0;1;2;9;1
202200036608;748 712;7;0;2;4;15;1
202200036608;748 713;31;0;2;1;2;1
202200036609;748 711;7;0;1;2;14;1
202200036610;748 710;7;13;0;1;13;1
202200036611;748 709;1;0;1;1;1;5
202200036612;748 706;7;0;1;1;16;1
202200036613;748 707;7;0;0;1;2;1
202200036614;748 705;50;0;2;7;15;3
202200036614;748 708;7;0;2;1;1;1
202200036615;748 702;7;0;1;3;1;1
202200036616;748 700;7;8;2;0;0;1
202200036616;748 703;7;8;2;1;0;1
202200036617;748 699;30;0;2;1;1;1
202200036617;748 704;7;0;2;7;1;1
202200036618;748 696;1;0;2;8;2;5
202200036618;748 697;7;0;2;7;2;1
202200036619;748 698;7;0;2;7;15;1
202200036619;748 701;50;0;2;0;8;3
202200036620;748 695;40;0;1;3;1;3
202200036621;748 692;7;0;2;8;20;1
202200036621;748 694;2;0;2;1;2;3
202200036622;748 691;7;0;1;2;1;1
202200036623;748 689;7;0;1;1;21;1
202200036624;748 690;2;0;2;1;1;1
202200036624;748 693;7;0;2;4;1;1
202200036625;748 685;10;0;1;1;15;1
202200036626;748 684;7;0;2;2;16;1
202200036626;748 687;1;0;2;3;1;5
202200036627;748 688;31;0;1;1;1;1
202200036628;748 682;7;0;0;1;1;1
202200036628;748 686;7;0;0;3;1;1
202200036629;748 678;37;0;2;1;1;1
202200036629;748 681;7;12;2;1;1;1
202200036630;748 677;7;0;2;1;2;1
202200036630;748 680;7;0;2;3;9;1
202200036631;748 679;30;0;2;7;1;1
202200036631;748 683;7;0;2;1;26;1
202200036632;748 671;7;0;2;4;2;1
202200036632;748 674;7;0;2;1;2;1
202200036633;748 670;7;0;2;2;15;1
202200036633;748 675;7;0;2;3;9;1
202200036634;748 673;7;1;0;2;26;1
202200036635;748 672;7;0;2;4;1;1
202200036635;748 676;30;0;2;1;1;1
202200036636;748 668;7;8;0;1;15;1
202200036637;748 666;7;0;2;3;13;1
202200036637;748 669;7;0;2;1;2;1
202200036638;748 667;2;0;1;1;1;1
202200036639;748 665;7;15;0;7;15;1
202200036640;748 664;7;8;0;1;1;1
202200036641;748 662;7;0;1;8;1;1
202200036642;748 660;7;2;0;1;1;1
202200036643;748 659;7;0;2;1;19;1
202200036643;748 663;7;0;2;0;0;1
202200036644;748 658;7;0;2;4;2;2
202200036644;748 661;7;0;2;1;1;1
202200036645;748 657;33;8;2;2;21;1
202200036646;748 656;31;16;0;1;1;1
202200036647;748 651;7;0;2;2;19;1
202200036647;748 654;33;0;0;0;0;1
202200036648;748 652;7;0;2;4;2;1
202200036648;748 655;7;0;2;1;2;1
202200036649;748 650;7;0;2;3;11;1
202200036649;748 653;32;0;2;7;17;1
202200036650;748 646;7;0;2;3;1;1
202200036650;748 649;7;0;2;1;26;1
202200036651;748 645;2;0;2;1;1;1
202200036651;748 648;7;0;2;3;15;1
202200036652;748 644;7;0;2;2;26;1
202200036652;748 647;50;0;2;3;0;3
202200036653;748 641;7;0;2;2;21;1
202200036653;748 642;7;0;2;5;1;1
202200036654;748 639;7;0;2;7;1;1
202200036654;748 643;10;0;2;1;1;1
202200036655;748 635;30;0;9;1;14;1
202200036656;748 629;7;15;0;2;0;1
202200036657;748 631;7;0;2;0;26;1
202200036657;748 633;34;0;2;1;1;1
202200036658;748 630;7;0;2;1;1;1
202200036658;748 632;7;0;2;1;1;1
202200036658;748 637;7;0;2;1;13;1
202200036659;748 626;7;0;2;5;2;0
202200036659;748 628;7;0;2;0;0;1
202200036660;748 623;33;0;2;7;0;1
202200036660;748 627;99;0;9;3;16;1
202200036661;748 624;50;9;1;1;26;3
202200036662;748 622;7;0;0;4;1;2
202200036662;748 625;7;12;2;1;26;1
202200036663;748 619;1;0;2;7;0;5
202200036663;748 621;3;0;2;1;19;3
202200036664;748 620;30;0;0;7;20;1
202200036665;748 618;7;0;1;2;19;1
202200036666;748 617;7;0;1;0;2;0
202200036667;748 611;10;0;2;4;1;1
202200036667;748 614;7;0;2;4;1;1
202200036667;748 616;10;0;2;1;1;1
202200036668;748 610;7;0;2;3;1;1
202200036668;748 613;50;0;2;2;19;3
202200036669;748 606;7;0;2;1;1;0
202200036669;748 609;7;0;2;4;1;1
202200036669;748 615;10;0;2;4;23;1
202200036670;748 604;7;0;9;2;15;0
202200036670;748 607;50;0;2;1;26;3
202200036671;748 602;7;0;2;2;15;1
202200036671;748 603;7;0;2;3;1;1
202200036672;748 598;50;0;0;0;0;3
202200036672;748 600;37;0;2;0;15;1
202200036673;748 597;7;0;2;1;1;1
202200036673;748 605;7;0;2;1;9;2
202200036673;748 608;7;0;2;2;1;1
202200036674;748 596;33;0;2;3;1;1
202200036674;748 601;10;0;2;1;1;1
202200036675;748 594;7;0;2;0;0;0
202200036675;748 595;30;0;2;0;0;1
202200036676;748 592;7;0;0;1;1;1
202200036677;748 589;7;9;2;7;19;1
202200036677;748 590;7;0;2;1;1;1
202200036677;748 593;7;0;2;8;23;1
202200036678;748 587;7;4;0;1;1;1
202200036679;748 588;7;0;2;1;1;1
202200036679;748 591;33;0;2;7;1;1
202200036680;748 584;33;0;0;0;1;1
202200036681;748 583;30;8;0;1;1;1
202200036682;748 585;37;15;0;4;2;1
202200036682;748 586;2;0;2;1;0;1
202200036683;748 578;7;0;1;1;6;1
202200036684;748 581;7;0;2;2;16;1
202200036684;748 582;34;0;2;6;1;1
202200036685;748 577;10;0;2;2;15;1
202200036685;748 580;1;0;2;1;1;5
202200036686;748 576;7;0;2;1;2;1
202200036686;748 579;7;0;2;4;23;1
202200036687;748 573;32;1;0;1;5;1
202200036688;748 569;7;0;2;5;26;1
202200036688;748 571;30;0;2;1;26;1
202200036689;748 570;33;0;2;3;3;1
202200036689;748 574;7;0;2;5;23;1
202200036689;748 575;7;0;2;6;23;1
202200036690;748 568;7;0;2;7;16;1
202200036690;748 572;50;0;2;1;18;3
202200036691;748 562;7;0;2;1;1;1
202200036691;748 566;7;0;2;4;1;1
202200036691;748 567;7;0;2;4;1;1
202200036692;748 560;30;0;2;1;17;3
202200036692;748 565;7;0;2;0;0;1
202200036693;748 558;7;0;2;1;2;1
202200036693;748 561;33;0;2;4;2;1
202200036693;748 564;7;0;2;4;2;1
202200036694;748 559;7;0;2;5;15;1
202200036694;748 563;33;0;2;1;1;1
202200036695;748 556;7;0;1;1;26;1
202200036696;748 555;7;0;1;3;15;1
202200036697;748 553;7;0;2;1;1;1
202200036697;748 557;7;6;2;7;1;1
202200036698;748 552;50;0;2;1;5;3
202200036698;748 554;30;0;2;3;20;1
202200036699;748 549;99;0;2;1;26;1
202200036699;748 551;7;0;2;1;15;1
202200036700;748 546;50;0;2;0;19;3
202200036700;748 550;7;0;2;0;0;0
202200036701;748 545;7;0;2;1;16;1
202200036701;748 548;50;0;2;1;1;3
202200036702;748 544;7;0;1;0;1;0
202200036703;748 540;32;0;2;7;1;1
202200036703;748 543;7;0;2;8;22;1
202200036704;748 541;7;0;2;2;15;1
202200036704;748 547;30;0;2;1;1;3
202200036705;748 537;7;0;2;3;15;1
202200036705;748 539;1;0;2;7;1;5
202200036706;748 538;7;0;2;0;0;1
202200036706;748 542;50;0;2;0;15;3
202200036707;748 533;30;0;2;2;1;1
202200036707;748 536;7;0;2;0;15;2
202200036708;748 530;7;0;0;1;1;1
202200036708;748 534;50;0;2;2;19;3
202200036709;748 531;7;0;1;1;1;1
202200036710;748 532;7;0;2;2;22;1
202200036710;748 535;1;1;0;8;1;5
202200036711;748 528;1;0;2;1;1;5
202200036711;748 529;50;0;2;1;13;3
202200036712;748 525;7;0;2;3;15;1
202200036712;748 526;50;0;2;1;1;3
202200036713;748 524;7;0;2;1;1;1
202200036713;748 527;7;0;2;4;2;1
202200036714;748 523;43;0;1;2;1;1
202200036715;748 522;31;12;0;3;21;1
202200036716;748 520;7;9;0;0;0;1
202200036717;748 518;37;0;2;1;1;2
202200036717;748 521;1;1;1;1;1;5
202200036718;748 519;7;0;1;7;1;2
202200036719;748 515;2;0;2;2;1;1
202200036719;748 517;10;0;2;3;13;1
202200036720;748 514;1;0;0;0;0;5
202200036720;748 516;7;0;0;0;0;0
202200036721;748 513;7;0;1;1;1;1
202200036722;748 512;7;0;1;3;1;1
202200036723;748 510;7;0;2;1;1;1
202200036723;748 511;1;0;2;4;1;5
202200036724;748 509;1;0;1;1;1;5
202200036725;748 502;32;0;2;5;17;0
202200036725;748 505;10;0;2;3;13;0
202200036726;748 498;7;0;1;1;1;1
202200036727;748 500;7;0;2;0;1;1
202200036727;748 501;30;0;2;6;1;1
202200036728;748 503;7;0;2;1;2;1
202200036728;748 506;7;0;2;4;2;1
202200036728;748 507;7;0;2;0;2;1
202200036729;748 495;7;0;2;1;20;1
202200036729;748 497;32;0;2;7;1;1
202200036730;748 494;7;0;2;1;11;1
202200036730;748 496;7;0;2;7;1;1
202200036731;748 499;2;0;2;1;1;1
202200036731;748 504;7;0;2;2;15;1
202200036732;748 493;7;4;0;0;1;1
202200036733;748 489;7;1;0;3;13;1
202200036734;748 488;7;0;2;2;15;1
202200036734;748 491;32;0;2;1;1;1
202200036735;748 490;2;0;2;1;5;1
202200036735;748 492;7;0;2;1;16;1
202200036736;748 487;30;0;1;1;1;1
202200036737;748 486;33;2;0;1;2;1
202200036738;748 485;43;8;0;1;1;1
202200036739;748 481;7;0;2;1;1;1
202200036739;748 484;7;0;2;2;1;1
202200036740;748 478;7;0;1;1;1;1
202200036741;748 479;10;1;0;1;20;1
202200036742;748 477;7;0;2;3;13;1
202200036742;748 480;7;0;2;1;1;1
202200036742;748 482;7;0;2;3;2;1
202200036742;748 483;37;0;2;8;2;1
202200036743;748 474;30;0;2;0;1;1
202200036743;748 476;7;15;2;2;1;1
202200036744;748 471;7;0;2;2;14;1
202200036744;748 475;1;0;2;5;19;5
202200036745;748 470;33;12;0;0;0;1
202200036745;748 473;15;0;2;5;1;1
202200036746;748 469;7;0;2;3;13;1
202200036746;748 472;32;0;2;7;17;1
202200036747;748 467;33;0;2;1;1;1
202200036747;748 468;7;0;2;2;19;1
202200036748;748 465;7;0;1;6;4;1
202200036749;748 464;7;0;2;1;2;1
202200036749;748 466;7;0;2;4;2;1
202200036750;748 462;1;0;0;0;0;5
202200036751;748 458;7;0;2;7;2;1
202200036751;748 460;7;0;2;1;9;1
202200036752;748 456;7;0;2;1;2;1
202200036752;748 463;7;0;2;2;2;2
202200036753;748 453;7;0;2;1;1;1
202200036753;748 454;7;0;2;4;1;1
202200036754;748 452;7;0;9;8;1;1
202200036754;748 455;50;0;2;1;19;3
202200036755;748 450;7;0;0;0;16;0
202200036755;748 451;2;0;0;0;0;0
202200036756;748 446;10;1;0;4;24;1
202200036756;748 448;10;1;0;1;2;1
202200036757;748 443;33;0;2;1;13;1
202200036757;748 457;7;0;2;3;1;1
202200036758;748 444;7;0;2;1;1;1
202200036758;748 445;7;0;2;5;19;1
202200036759;748 441;30;0;2;1;1;1
202200036759;748 442;1;0;2;8;1;5
202200036760;748 447;7;0;0;0;0;0
202200036760;748 449;7;0;2;4;1;1
202200036761;748 439;32;0;0;3;26;1
202200036761;748 440;7;0;2;3;15;1
202200036762;748 435;2;0;2;1;1;1
202200036762;748 438;7;0;2;5;15;1
202200036763;748 434;7;15;0;2;12;1
202200036764;748 433;50;0;2;7;1;3
202200036764;748 437;7;0;0;0;0;1
202200036765;748 432;30;0;2;1;1;3
202200036765;748 436;30;0;2;3;9;1
202200036766;748 430;0;0;1;1;0;0
202200036767;748 429;7;0;0;3;1;1
202200036767;748 431;7;0;2;3;17;1
202200036768;748 428;7;0;1;1;1;1
202200036769;748 426;7;1;0;0;14;1
202200036770;748 425;10;0;2;3;15;1
202200036770;748 427;2;0;2;3;1;1
202200036771;748 422;1;0;2;7;1;5
202200036771;748 424;7;0;2;2;19;1
202200036772;748 421;10;0;1;3;1;1
202200036773;748 420;7;7;2;1;1;1
202200036773;748 423;7;0;2;7;15;1
202200036774;748 417;2;0;0;2;1;1
202200036775;748 416;7;0;2;1;19;1
202200036775;748 419;37;0;2;6;19;1
202200036776;748 415;7;0;0;1;12;1
202200036777;748 414;32;0;2;1;2;1
202200036777;748 418;10;0;2;4;2;1
202200036778;748 411;7;0;1;0;15;1
202200036779;748 410;33;0;2;1;13;1
202200036779;748 413;7;0;2;1;1;1
202200036780;748 408;10;0;1;3;15;1
202200036781;748 409;30;0;2;3;1;1
202200036781;748 412;10;0;2;2;1;1
202200036782;748 407;7;7;0;1;2;1
202200036783;748 406;10;0;1;1;1;1
202200036784;748 403;31;1;2;1;1;1
202200036784;748 405;7;0;2;4;24;1
202200036785;748 400;7;0;9;2;1;1
202200036785;748 404;1;0;2;1;1;5
202200036786;748 399;30;0;2;8;18;1
202200036786;748 402;7;0;2;7;1;1
202200036787;748 395;1;0;5;1;1;5
202200036788;748 394;7;0;2;0;0;1
202200036788;748 397;7;1;0;6;1;1
202200036789;748 393;7;0;2;1;2;1
202200036789;748 398;7;0;2;4;2;1
202200036789;748 401;7;0;2;4;2;1
202200036790;748 392;7;0;2;0;12;0
202200036790;748 396;33;0;2;5;1;1
202200036791;748 391;7;0;1;4;20;1
202200036792;748 386;7;0;2;1;13;1
202200036792;748 389;7;0;2;1;1;2
202200036793;748 387;7;0;2;6;2;1
202200036793;748 390;7;0;2;1;2;1
202200036794;748 385;7;0;2;2;14;1
202200036794;748 388;33;0;2;8;1;1
202200036795;748 384;7;1;1;1;20;1
202200036796;748 379;7;0;2;8;9;1
202200036796;748 383;1;0;2;8;19;5
202200036797;748 380;7;0;2;8;1;1
202200036797;748 382;14;0;2;1;1;1
202200036798;748 378;10;0;2;2;12;1
202200036798;748 381;33;0;2;6;1;1
202200036799;748 375;50;0;2;7;16;3
202200036799;748 377;7;0;2;3;22;1
202200036800;748 371;7;0;2;0;5;1
202200036800;748 372;15;0;2;8;1;1
202200036800;748 374;15;0;2;1;1;1
202200036801;748 370;32;0;2;1;1;1
202200036801;748 373;1;0;2;1;1;5
202200036802;748 369;7;0;2;3;0;2
202200036802;748 376;33;0;2;7;0;1
202200036803;748 367;31;0;2;4;1;1
202200036803;748 368;7;0;2;1;1;1
202200036804;748 364;7;0;2;3;1;1
202200036804;748 366;2;0;2;8;1;1
202200036805;748 363;30;0;2;3;9;1
202200036805;748 365;43;0;2;2;1;1
202200036806;748 360;7;0;2;3;15;1
202200036806;748 362;2;0;2;1;17;1
202200036807;748 357;10;0;1;7;1;1
202200036808;748 356;7;0;2;1;1;0
202200036808;748 358;7;0;2;7;19;1
202200036809;748 355;7;0;1;0;1;1
202200036810;748 353;7;1;0;2;1;1
202200036811;748 354;33;8;0;2;1;1
202200036812;748 352;7;0;1;0;15;0
202200036813;748 351;7;0;1;4;20;1
202200036814;748 349;7;0;2;3;15;1
202200036814;748 350;31;0;2;7;17;3
202200036815;748 348;15;0;1;7;15;1
202200036816;748 345;7;0;2;2;0;1
202200036816;748 347;7;0;2;3;0;1
202200036817;748 344;7;0;2;1;1;1
202200036817;748 346;7;0;2;2;15;1
202200036818;748 341;7;0;2;2;16;1
202200036818;748 343;2;0;2;1;1;0
202200036819;748 339;7;13;0;1;1;1
202200036820;748 340;7;0;0;2;1;1
202200036821;748 338;7;0;2;1;26;1
202200036821;748 342;7;0;2;4;26;1
202200036822;748 337;33;0;0;1;1;1
202200036823;748 334;7;1;2;4;1;1
202200036823;748 336;32;0;2;1;2;1
202200036824;748 331;7;0;2;1;1;1
202200036824;748 335;7;0;2;3;19;1
202200036825;748 329;7;0;0;0;14;0
202200036825;748 332;37;0;2;3;1;1
202200036826;748 328;7;0;2;8;1;1
202200036826;748 333;7;0;2;1;19;1
202200036827;748 326;33;0;0;0;1;1
202200036828;748 325;7;13;0;2;1;1
202200036829;748 327;33;8;2;1;2;1
202200036829;748 330;7;0;2;3;16;1
202200036830;748 324;7;0;1;1;1;1
202200036831;748 322;7;6;0;2;1;1
202200036832;748 320;7;0;2;4;23;1
202200036832;748 323;32;0;2;1;2;1
202200036833;748 318;33;3;0;7;1;1
202200036834;748 314;2;0;2;1;13;1
202200036834;748 316;80;0;0;1;1;3
202200036835;748 317;7;0;2;1;1;1
202200036835;748 319;10;0;2;4;23;1
202200036836;748 313;7;0;2;3;5;1
202200036836;748 315;7;0;2;3;1;1
202200036837;748 312;7;6;0;1;1;1
202200036838;748 309;99;0;1;1;15;6
202200036839;748 307;33;0;2;1;1;1
202200036839;748 310;7;0;0;8;15;1
202200036840;748 306;38;0;1;1;1;1
202200036841;748 305;7;0;2;1;1;1
202200036841;748 308;7;0;2;4;23;1
202200036841;748 311;7;0;2;4;23;1
202200036842;748 301;7;0;0;9;1;1
202200036843;748 300;32;0;2;2;0;1
202200036843;748 303;7;0;2;3;9;1
202200036844;748 299;33;0;2;3;18;1
202200036844;748 302;7;0;2;2;12;1
202200036845;748 298;7;0;0;5;1;2
202200036845;748 304;36;0;2;1;2;1
202200036846;748 295;50;0;2;8;14;3
202200036846;748 297;43;1;2;1;18;1
202200036847;748 294;30;0;1;1;1;1
202200036848;748 292;7;0;1;1;1;1
202200036849;748 290;7;0;2;1;2;1
202200036849;748 293;33;0;2;8;18;1
202200036849;748 296;7;0;2;5;12;3
202200036850;748 289;2;0;2;2;21;1
202200036850;748 291;10;0;2;7;15;1
202200036851;748 287;7;4;0;1;1;1
202200036852;748 288;50;0;1;1;1;3
202200036853;748 284;7;0;2;1;19;1
202200036853;748 286;10;0;0;7;1;1
202200036854;748 285;7;0;1;4;4;1
202200036855;748 282;7;0;2;3;15;2
202200036855;748 283;2;0;2;1;17;1
202200036856;748 281;7;1;0;1;26;1
202200036857;748 279;2;0;2;1;0;1
202200036857;748 280;7;0;0;5;23;1
202200036858;748 276;7;0;2;2;1;1
202200036858;748 278;43;0;2;6;18;1
202200036859;748 275;33;0;2;1;1;1
202200036859;748 277;33;0;2;1;13;1
202200036860;748 270;31;0;2;1;26;1
202200036860;748 272;33;0;0;4;23;1
202200036861;748 271;7;0;2;8;15;1
202200036861;748 274;33;0;2;1;17;1
202200036862;748 267;7;2;0;1;1;1
202200036863;748 268;7;0;2;3;5;1
202200036863;748 273;7;0;2;2;9;1
202200036864;748 266;1;0;2;1;1;5
202200036864;748 269;7;0;2;8;22;1
202200036865;748 264;1;0;0;0;1;5
202200036866;748 263;2;0;0;0;1;1
202200036866;748 265;7;0;0;0;3;0
202200036867;748 262;7;2;0;2;1;1
202200036868;748 261;37;0;1;8;16;1
202200036869;748 257;7;0;2;3;13;1
202200036869;748 259;33;0;2;1;1;1
202200036870;748 256;31;0;2;3;1;1
202200036870;748 260;7;0;2;3;1;2
202200036871;748 255;7;0;2;2;2;1
202200036871;748 258;7;13;0;6;0;1
202200036872;748 253;7;2;0;7;13;1
202200036873;748 252;7;0;0;0;13;0
202200036873;748 254;7;0;0;9;21;1
202200036874;748 250;7;6;0;2;20;1
202200036875;748 249;7;2;0;1;14;1
202200036876;748 245;7;0;2;3;1;3
202200036876;748 248;7;0;2;3;17;1
202200036877;748 242;31;0;2;7;1;1
202200036877;748 246;7;0;2;1;9;1
202200036878;748 243;31;0;0;1;1;0
202200036879;748 241;7;0;2;8;1;1
202200036879;748 244;7;0;2;1;1;1
202200036879;748 247;7;0;2;1;11;1
202200036880;748 239;7;5;0;1;1;1
202200036881;748 240;32;0;1;1;1;1
202200036882;748 238;7;2;0;3;14;1
202200036883;748 237;7;6;0;3;1;1
202200036884;748 235;7;0;1;1;1;1
202200036885;748 234;7;1;0;1;14;1
202200036886;748 236;7;0;1;1;15;1
202200036887;748 232;33;0;2;6;1;1
202200036887;748 233;7;0;2;2;1;1
202200036888;748 231;33;3;0;0;17;1
202200036889;748 229;33;0;1;1;13;1
202200036890;748 228;7;0;2;1;1;2