Num_Acc;id_vehicule;catv;obs;obsm;choc;manv;motor
202200037280;747 523;1;0;0;7;19;5
202200037281;747 519;7;0;2;8;19;1
202200037281;747 520;32;0;2;1;19;1
202200037282;747 516;7;0;2;1;5;1
202200037282;747 518;10;0;2;7;1;0
202200037283;747 515;7;0;2;3;15;1
202200037283;747 517;99;1;2;0;0;3
202200037284;747 513;33;0;2;1;2;1
202200037284;747 514;7;0;2;6;15;0
202200037285;747 512;7;0;1;1;1;1
202200037286;747 511;30;0;0;7;11;1
202200037287;747 510;7;0;1;1;26;1
202200037288;747 508;33;0;2;3;0;1
202200037288;747 509;7;0;2;3;13;1
202200037289;747 507;7;0;1;2;1;1
202200037290;747 506;7;2;0;1;1;1
202200037291;747 505;7;9;0;1;1;1
202200037292;747 503;1;0;0;0;0;5
202200037293;747 504;30;0;0;7;14;1
202200037294;747 502;7;0;1;2;1;1
202200037295;747 500;7;0;2;2;16;3
202200037295;747 501;2;0;2;1;1;1
202200037296;747 498;1;0;0;0;1;5
202200037297;747 494;7;0;2;4;0;1
202200037297;747 496;30;0;2;1;0;1
202200037298;747 491;7;0;2;1;21;1
202200037298;747 493;30;0;2;1;0;1
202200037299;747 489;7;0;2;1;17;1
202200037299;747 490;7;0;2;3;1;1
202200037299;747 492;7;0;2;8;1;1
202200037300;747 485;7;0;2;2;1;1
202200037300;747 487;33;0;2;2;1;1
202200037301;747 486;7;0;2;1;15;1
202200037301;747 488;32;0;2;8;1;1
202200037302;747 483;10;0;2;3;1;1
202200037302;747 484;31;0;2;1;16;1
202200037303;747 479;7;0;2;5;17;1
202200037303;747 480;50;0;2;1;15;3
202200037304;747 481;7;0;2;7;16;1
202200037304;747 482;1;0;2;8;1;5
202200037305;747 477;7;0;2;3;9;1
202200037305;747 478;43;0;2;1;2;1
202200037306;747 474;1;0;1;1;25;5
202200037307;747 473;37;0;1;3;20;1
202200037308;747 470;7;0;2;4;2;1
202200037308;747 471;7;0;2;9;2;1
202200037308;747 472;7;0;2;1;2;1
202200037309;747 469;7;1;0;0;0;1
202200037310;747 467;7;0;2;0;23;2
202200037310;747 468;7;0;2;0;16;1
202200037311;747 465;7;0;2;3;22;3
202200037311;747 466;1;0;2;1;1;5
202200037312;747 463;10;0;2;5;15;1
202200037312;747 464;32;0;2;3;17;1
202200037313;747 462;7;0;1;1;1;1
202200037314;747 460;7;0;2;4;23;1
202200037314;747 461;7;0;2;1;1;1
202200037315;747 457;7;0;2;3;15;1
202200037315;747 458;33;0;2;7;1;1
202200037315;747 459;7;0;9;4;24;1
202200037316;747 455;7;0;2;1;15;1
202200037316;747 456;30;0;2;0;1;1
202200037317;747 453;7;0;2;3;13;1
202200037317;747 454;7;0;2;1;1;1
202200037318;747 452;30;0;0;2;9;1
202200037319;747 450;10;0;2;1;2;1
202200037319;747 451;7;0;2;4;2;1
202200037320;747 449;7;0;1;7;1;1
202200037321;747 448;10;0;1;1;1;1
202200037322;747 446;14;0;2;1;1;1
202200037322;747 447;7;0;2;4;15;1
202200037323;747 444;7;0;2;1;26;1
202200037323;747 445;30;0;2;2;1;1
202200037324;747 443;10;0;1;2;0;1
202200037325;747 441;7;0;2;8;19;1
202200037325;747 442;7;0;2;1;1;1
202200037326;747 440;50;0;0;3;1;3
202200037327;747 437;7;0;2;4;2;1
202200037327;747 438;7;0;2;4;1;1
202200037327;747 439;7;0;2;1;1;1
202200037328;747 435;7;0;2;1;1;1
202200037328;747 436;10;0;2;4;1;1
202200037329;747 434;30;0;0;0;1;1
202200037330;747 432;37;0;2;7;1;1
202200037330;747 433;7;9;2;1;26;1
202200037331;747 430;1;0;2;8;1;5
202200037331;747 431;7;0;2;2;16;1
202200037332;747 429;33;0;1;1;1;1
202200037333;747 427;33;0;2;2;17;1
202200037333;747 428;7;0;2;1;15;1
202200037334;747 426;7;0;1;2;14;1
202200037335;747 424;2;0;2;8;15;1
202200037335;747 425;7;0;2;3;1;1
202200037336;747 421;7;0;2;5;1;1
202200037336;747 422;7;10;2;4;1;1
202200037336;747 423;7;10;2;1;1;1
202200037337;747 419;33;0;2;0;17;1
202200037337;747 420;7;0;2;1;1;2
202200037338;747 416;7;0;2;3;0;1
202200037338;747 417;17;0;2;3;1;1
202200037338;747 418;7;0;2;1;13;1
202200037339;747 414;30;0;0;0;0;1
202200037339;747 415;7;0;2;0;15;0
202200037340;747 413;7;0;0;0;13;1
202200037341;747 411;10;0;2;4;2;0
202200037341;747 412;1;0;2;1;0;5
202200037342;747 409;33;0;2;1;1;1
202200037342;747 410;7;0;2;3;15;1
202200037343;747 407;7;0;2;3;1;1
202200037343;747 408;7;0;2;3;1;1
202200037344;747 404;7;0;2;1;15;1
202200037344;747 406;32;0;2;1;1;1
202200037345;747 403;7;0;2;3;1;1
202200037345;747 405;30;0;2;2;1;1
202200037346;747 401;7;0;1;6;4;1
202200037347;747 400;7;0;2;2;1;1
202200037347;747 402;1;0;2;6;1;5
202200037348;747 398;7;0;2;1;2;1
202200037348;747 399;7;0;2;4;23;1
202200037349;747 397;43;1;1;3;17;1
202200037350;747 395;7;1;0;3;1;1
202200037350;747 396;10;0;2;5;24;1
202200037351;747 394;7;0;2;2;26;1
202200037352;747 392;7;0;2;2;1;1
202200037352;747 393;7;0;2;8;9;1
202200037353;747 389;7;0;2;3;1;1
202200037353;747 391;7;0;2;1;9;1
202200037354;747 388;7;0;2;3;23;1
202200037354;747 390;7;0;2;3;16;1
202200037355;747 386;30;0;1;1;18;1
202200037356;747 384;33;0;2;1;3;1
202200037356;747 385;33;0;2;4;3;1
202200037356;747 387;10;0;2;8;1;1
202200037357;747 382;2;0;2;1;5;1
202200037357;747 383;7;0;2;1;0;1
202200037358;747 381;50;0;0;1;15;3
202200037359;747 378;1;0;2;4;1;5
202200037359;747 379;7;0;2;2;1;1
202200037360;747 377;2;0;2;1;1;1
202200037360;747 380;7;0;2;1;15;1
202200037361;747 374;7;0;2;2;9;1
202200037361;747 376;30;0;2;3;1;3
202200037362;747 373;7;0;2;0;0;1
202200037362;747 375;60;0;2;7;1;0
202200037363;747 372;10;0;1;1;1;1
202200037364;747 370;1;0;2;0;19;5
202200037364;747 371;7;0;9;0;0;1
202200037365;747 369;7;0;1;1;1;1
202200037366;747 366;7;0;2;1;5;1
202200037366;747 368;7;0;2;1;1;1
202200037367;747 365;37;0;2;8;1;1
202200037367;747 367;1;0;2;8;13;5
202200037368;747 363;7;0;1;2;1;2
202200037369;747 362;7;0;2;0;0;1
202200037369;747 364;32;1;0;1;0;1
202200037370;747 361;1;0;0;0;1;5
202200037371;747 359;7;0;2;4;11;1
202200037371;747 360;7;0;2;1;1;1
202200037372;747 358;10;0;1;3;2;1
202200037373;747 356;33;1;2;8;19;1
202200037373;747 357;10;0;2;1;19;1
202200037374;747 355;14;0;1;6;16;1
202200037375;747 351;7;0;2;8;1;1
202200037375;747 353;31;0;2;1;3;1
202200037375;747 354;15;0;2;2;14;1
202200037376;747 350;30;0;2;1;1;1
202200037376;747 352;7;0;2;3;15;1
202200037377;747 347;7;0;2;2;17;1
202200037377;747 349;2;0;2;8;19;1
202200037378;747 346;10;0;2;3;1;1
202200037378;747 348;7;0;2;3;15;1
202200037379;747 344;7;0;1;1;1;1
202200037380;747 342;10;0;2;5;1;0
202200037380;747 343;14;0;2;3;1;1
202200037380;747 345;33;0;2;1;13;1
202200037381;747 340;7;0;2;4;2;1
202200037381;747 341;7;0;2;1;2;1
202200037382;747 338;1;0;0;0;1;5
202200037383;747 337;7;12;2;1;13;1
202200037383;747 339;7;0;2;0;0;1
202200037384;747 335;7;0;2;4;4;1
202200037384;747 336;32;0;2;3;23;1
202200037385;747 333;14;0;2;2;16;1
202200037385;747 334;7;0;2;8;2;1
202200037386;747 331;50;0;0;0;2;3
202200037387;747 330;7;0;2;6;1;1
202200037387;747 332;7;0;2;1;1;1
202200037388;747 328;30;0;2;0;0;1
202200037388;747 329;7;0;0;0;16;1
202200037389;747 326;10;0;2;8;13;1
202200037389;747 327;32;0;2;7;1;3
202200037390;747 323;7;0;2;8;13;1
202200037390;747 325;32;0;2;7;13;1
202200037391;747 322;33;0;2;1;1;1
202200037391;747 324;7;0;2;3;15;2
202200037392;747 320;7;0;2;8;1;1
202200037392;747 321;14;0;2;7;14;1
202200037393;747 318;33;0;2;7;18;1
202200037393;747 319;7;0;2;7;15;1
202200037394;747 317;7;0;1;3;15;1
202200037395;747 314;7;0;2;5;15;1
202200037395;747 316;1;0;2;1;1;5
202200037396;747 313;1;0;2;6;2;5
202200037396;747 315;7;0;2;0;2;0
202200037397;747 310;7;0;0;0;0;1
202200037397;747 312;34;0;2;2;17;1
202200037398;747 311;7;0;1;3;15;1
202200037399;747 308;7;0;2;8;0;0
202200037399;747 309;30;0;2;7;17;3
202200037400;747 307;7;0;1;3;15;1
202200037401;747 305;32;0;0;0;0;1
202200037401;747 306;7;0;2;0;0;1
202200037402;747 304;31;0;1;1;1;1
202200037403;747 302;10;0;2;3;16;1
202200037403;747 303;7;13;2;2;1;1
202200037404;747 301;50;0;1;0;1;3
202200037405;747 300;7;0;9;2;0;1
202200037406;747 298;10;0;2;5;15;1
202200037406;747 299;33;0;2;3;1;1
202200037407;747 296;10;0;2;1;15;1
202200037407;747 297;7;13;2;5;1;1
202200037408;747 292;1;0;2;7;1;5
202200037408;747 294;7;0;2;3;9;1
202200037409;747 293;30;0;2;4;2;3
202200037409;747 295;7;0;2;3;2;1
202200037410;747 291;7;0;1;2;14;2
202200037411;747 289;14;0;2;2;0;1
202200037411;747 290;1;0;2;2;19;5
202200037412;747 288;7;13;0;8;1;1
202200037413;747 285;7;0;2;1;9;1
202200037413;747 287;7;6;2;1;0;1
202200037414;747 284;7;0;2;2;19;2
202200037414;747 286;7;0;2;3;1;1
202200037415;747 281;7;0;2;5;15;1
202200037415;747 283;30;0;2;1;1;1
202200037416;747 280;7;0;2;3;1;1
202200037416;747 282;7;0;2;1;5;1
202200037417;747 276;7;0;2;1;13;1
202200037417;747 278;14;0;2;1;1;1
202200037418;747 277;1;0;2;7;1;5
202200037418;747 279;7;0;9;1;1;1
202200037419;747 275;7;0;0;0;14;1
202200037420;747 273;0;0;0;0;0;-1
202200037420;747 274;34;0;2;2;1;1
202200037421;747 272;33;13;0;1;1;1
202200037422;747 269;7;0;2;4;23;1
202200037422;747 271;7;0;2;1;1;2
202200037423;747 268;31;0;2;1;1;1
202200037423;747 270;7;0;2;3;15;1
202200037424;747 266;7;6;0;1;16;1
202200037425;747 265;7;6;0;1;0;0
202200037425;747 267;7;0;2;3;0;0
202200037426;747 263;10;0;2;1;1;1
202200037426;747 264;7;2;0;7;1;1
202200037427;747 261;31;0;2;5;15;1
202200037427;747 262;7;0;2;1;1;1
202200037428;747 257;43;0;2;7;18;1
202200037428;747 259;10;0;2;5;20;1
202200037429;747 258;7;13;2;3;1;1
202200037429;747 260;7;13;2;7;15;1
202200037430;747 255;7;2;0;0;14;1
202200037431;747 254;7;0;9;2;1;1
202200037431;747 256;1;0;2;1;0;5
202200037432;747 253;7;0;1;2;16;1
202200037433;747 252;31;4;0;3;2;1
202200037434;747 250;7;0;2;3;13;1
202200037434;747 251;7;0;2;3;1;1
202200037435;747 249;10;0;0;9;1;1
202200037436;747 248;2;12;0;0;1;1
202200037437;747 246;10;0;2;1;1;1
202200037437;747 247;7;0;2;1;13;1
202200037438;747 244;15;0;2;3;2;1
202200037438;747 245;7;0;2;5;17;1
202200037439;747 242;1;0;2;7;1;5
202200037439;747 243;7;0;2;8;1;1
202200037440;747 239;7;0;2;2;15;1
202200037440;747 240;2;0;2;1;1;1
202200037441;747 237;7;0;2;3;0;0
202200037441;747 238;7;0;2;1;0;0
202200037441;747 241;7;0;2;1;0;1
202200037442;747 236;7;6;0;9;0;1
202200037443;747 235;7;2;0;1;1;1
202200037444;747 234;7;2;0;4;1;1
202200037445;747 233;7;6;0;1;1;1
202200037446;747 232;38;0;0;2;0;1
202200037447;747 229;7;0;2;7;13;1
202200037447;747 231;15;0;2;1;1;1
202200037448;747 230;33;8;0;1;13;1
202200037449;747 228;7;2;0;9;1;1
202200037450;747 226;7;0;2;1;2;1
202200037450;747 227;20;0;0;4;2;0
202200037451;747 224;7;0;2;0;20;1
202200037451;747 225;1;0;0;0;1;5
202200037452;747 222;7;13;0;1;1;1
202200037453;747 221;7;0;2;1;1;1
202200037453;747 223;7;0;2;6;19;1
202200037454;747 218;7;0;2;3;23;1
202200037454;747 219;7;0;2;1;21;1
202200037454;747 220;7;0;2;1;15;1
202200037455;747 217;30;12;0;1;1;1
202200037456;747 215;7;2;0;2;14;1
202200037457;747 214;7;0;2;3;1;1
202200037457;747 216;30;0;2;1;15;1
202200037458;747 213;33;0;6;0;1;1
202200037459;747 211;33;0;2;1;1;1
202200037459;747 212;7;0;0;8;1;1
202200037460;747 207;10;0;2;4;2;1
202200037460;747 208;7;0;2;4;2;1
202200037460;747 209;33;0;2;1;2;1
202200037461;747 206;7;8;2;6;1;1
202200037461;747 210;7;0;2;3;19;1
202200037462;747 205;10;0;0;0;1;1
202200037463;747 204;14;0;0;1;1;1
202200037464;747 203;7;0;0;1;1;1
202200037465;747 202;7;10;0;2;2;1
202200037466;747 200;7;0;2;8;1;1
202200037466;747 201;15;0;2;3;1;1
202200037467;747 198;7;0;2;1;15;1
202200037467;747 199;2;0;2;7;1;1
202200037468;747 195;7;0;1;1;1;1
202200037469;747 193;21;0;2;1;1;1
202200037469;747 194;10;0;2;1;13;1
202200037470;747 192;33;13;0;2;19;1
202200037471;747 190;7;0;2;8;15;1
202200037471;747 191;7;0;2;2;17;1
202200037472;747 186;7;0;2;3;17;1
202200037472;747 188;7;0;2;3;1;1
202200037472;747 189;7;0;2;2;21;1
202200037473;747 185;14;6;1;9;16;1
202200037473;747 187;7;0;0;8;15;1
202200037474;747 184;7;0;1;1;1;1
202200037475;747 182;10;1;0;5;24;1
202200037475;747 183;7;1;0;1;14;1
202200037476;747 181;7;13;0;0;1;1
202200037477;747 179;7;7;0;1;1;1
202200037478;747 178;32;0;0;4;1;1
202200037478;747 180;7;0;2;3;9;1
202200037479;747 177;7;0;0;2;1;1
202200037480;747 176;7;0;1;1;1;6
202200037481;747 175;7;2;0;8;1;1
202200037482;747 173;38;0;2;1;1;0
202200037482;747 174;1;0;2;7;19;5
202200037483;747 171;7;0;2;8;23;1
202200037483;747 172;7;0;2;1;1;1
202200037484;747 168;1;0;0;6;26;5
202200037484;747 170;7;0;9;2;9;1
202200037485;747 167;33;0;2;1;1;1
202200037485;747 169;10;0;2;3;15;1
202200037486;747 163;7;0;2;2;1;1
202200037486;747 165;10;0;2;8;1;1
202200037487;747 164;7;9;2;1;1;1
202200037487;747 166;10;0;2;2;15;1
202200037488;747 159;33;0;2;9;1;1
202200037488;747 161;10;0;0;7;15;1
202200037489;747 154;7;0;2;4;2;1
202200037489;747 156;7;0;2;4;2;1
202200037489;747 157;10;0;2;1;2;1
202200037490;747 153;7;5;2;2;17;1
202200037490;747 155;10;5;2;3;15;1
202200037491;747 149;7;0;2;1;2;1
202200037491;747 150;10;0;2;4;2;1
202200037491;747 152;7;0;2;4;2;1
202200037492;747 148;10;0;2;3;13;1
202200037492;747 151;7;0;2;3;1;1
202200037493;747 146;15;6;0;5;1;1
202200037494;747 144;0;0;2;0;0;0
202200037494;747 145;7;0;2;4;2;1
202200037494;747 147;7;0;2;4;2;1
202200037495;747 143;7;2;0;2;14;1
202200037496;747 141;7;0;2;1;2;1
202200037496;747 142;7;0;0;4;1;1
202200037497;747 139;7;14;0;9;21;1
202200037498;747 138;7;0;2;2;14;1
202200037498;747 140;15;0;0;6;2;1
202200037499;747 135;33;0;2;1;1;1
202200037499;747 136;7;0;2;3;19;1
202200037500;747 130;7;0;2;2;2;1
202200037500;747 132;7;0;2;1;2;1
202200037500;747 133;7;0;2;4;2;2
202200037500;747 134;7;0;2;5;2;1
202200037500;747 137;7;0;2;1;2;1
202200037501;747 128;10;0;2;6;2;1
202200037501;747 129;33;0;2;1;2;1
202200037502;747 126;7;0;2;4;2;1
202200037502;747 127;10;0;2;1;2;1
202200037503;747 123;15;0;2;1;2;1
202200037503;747 124;7;0;2;4;2;2
202200037503;747 125;7;0;2;4;2;0
202200037504;747 122;38;0;2;3;13;1
202200037504;747 131;20;0;2;1;13;1
202200037505;747 120;10;0;2;2;0;1
202200037505;747 121;33;0;2;7;1;1
202200037506;747 119;7;4;0;0;0;1
202200037507;747 117;14;0;2;2;1;1
202200037507;747 118;7;4;2;3;9;1
202200037508;747 113;7;0;2;5;1;1
202200037508;747 114;10;0;2;1;2;1
202200037508;747 116;10;0;2;4;2;1
202200037509;747 112;7;13;0;1;0;6
202200037510;747 110;33;0;2;1;1;0
202200037510;747 111;10;0;2;5;12;1
202200037511;747 106;7;0;2;1;1;1
202200037511;747 108;7;0;2;6;2;3
202200037512;747 105;7;0;2;1;13;1
202200037512;747 107;7;0;0;0;17;0
202200037512;747 109;7;0;2;1;1;1
202200037513;747 103;7;0;2;1;2;1
202200037513;747 104;14;0;2;6;23;1
202200037514;747 102;7;2;0;1;14;1
202200037515;747 099;7;0;2;5;2;1
202200037515;747 101;32;0;2;1;2;1
202200037516;747 100;7;2;0;1;1;1
202200037517;747 096;33;0;2;8;18;1
202200037517;747 098;7;0;2;7;1;1
202200037518;747 097;7;0;1;1;15;1
202200037519;747 094;33;0;2;1;3;1
202200037519;747 095;17;0;2;5;2;1
202200037520;747 092;7;0;2;1;21;1
202200037521;747 091;7;0;0;1;0;0
202200037521;747 093;7;15;0;4;0;1
202200037522;747 089;34;0;2;2;12;1
202200037522;747 090;7;0;2;3;1;1
202200037523;747 088;7;13;0;0;1;1
202200037524;747 087;7;4;0;3;21;1
202200037525;747 085;50;0;2;1;1;3
202200037525;747 086;7;0;2;5;15;1
202200037526;747 082;7;0;2;4;1;3
202200037526;747 083;33;0;2;7;3;1
202200037526;747 084;7;0;2;3;11;1
202200037527;747 079;33;0;0;0;1;1
202200037528;747 080;7;0;2;2;9;1
202200037528;747 081;33;0;2;3;1;1
202200037529;747 077;50;0;2;1;1;3
202200037529;747 078;50;0;2;1;1;3
202200037530;747 075;21;0;2;8;15;1
202200037530;747 076;15;0;2;2;17;1
202200037531;747 071;10;0;2;2;1;1
202200037531;747 073;10;0;2;4;23;1
202200037531;747 074;7;0;2;4;23;1
202200037532;747 070;1;0;2;1;19;5
202200037532;747 072;7;0;2;7;1;1
202200037533;747 068;1;1;0;1;1;5
202200037533;747 069;7;0;2;7;22;1
202200037534;747 066;2;0;2;1;1;1
202200037534;747 067;7;0;2;8;19;1
202200037535;747 064;37;0;2;8;1;0
202200037535;747 065;1;0;2;7;14;5
202200037536;747 061;7;0;2;2;14;1
202200037536;747 062;30;0;2;3;1;1
202200037537;747 060;7;0;0;8;19;1
202200037537;747 063;7;0;2;3;1;1
202200037538;747 057;1;0;2;1;1;5
202200037538;747 059;10;0;2;3;1;1
202200037539;747 056;7;0;2;7;12;1
202200037539;747 058;33;0;2;3;1;1
202200037540;747 053;80;8;2;1;25;3
202200037540;747 055;50;8;2;1;25;3
202200037541;747 052;7;0;2;1;2;1
202200037541;747 054;7;0;2;4;2;1
202200037542;747 049;7;0;2;7;15;0
202200037542;747 051;7;0;2;1;1;1
202200037543;747 047;10;4;2;8;1;1
202200037543;747 048;7;0;2;2;1;1
202200037543;747 050;7;0;2;2;12;1
202200037544;747 046;7;2;0;1;14;1
202200037545;747 042;7;0;2;6;1;1
202200037545;747 044;10;0;2;2;12;1
202200037546;747 043;10;0;2;0;15;1
202200037546;747 045;33;0;2;3;2;1
202200037547;747 040;34;4;0;7;15;1
202200037548;747 039;15;0;2;1;1;1
202200037548;747 041;33;0;2;1;13;1
202200037549;747 037;7;0;2;2;1;1
202200037549;747 038;30;0;5;1;1;1
202200037550;747 036;7;4;0;3;1;1
202200037551;747 035;7;0;1;3;1;0
202200037552;747 033;33;0;2;1;2;1
202200037552;747 034;7;0;0;5;2;1
202200037553;747 032;7;0;1;0;1;-1
202200037554;747 029;17;0;2;2;12;1
202200037554;747 031;7;0;2;6;11;1
202200037555;747 028;43;0;2;1;0;1
202200037555;747 030;34;0;2;1;10;1
202200037556;747 027;7;1;0;0;12;1
202200037557;747 025;7;0;2;7;12;1
202200037557;747 026;33;0;2;3;3;1
202200037558;747 024;7;0;1;0;0;1
202200037559;747 021;7;0;2;3;1;1
202200037559;747 022;50;0;2;1;1;3
202200037560;747 020;10;0;2;4;2;1
202200037560;747 023;10;0;2;1;2;1
202200037561;747 019;10;0;1;2;15;1
202200037562;747 015;7;0;2;2;19;1
202200037562;747 016;7;0;2;3;1;1
202200037563;747 014;10;12;1;3;1;0
202200037564;747 012;50;0;2;1;1;3
202200037564;747 013;7;0;2;3;1;1
202200037565;747 017;33;0;2;1;2;1
202200037565;747 018;7;0;2;0;1;1
202200037566;747 011;10;13;0;8;1;1
202200037567;747 009;2;0;0;8;15;1
202200037567;747 010;33;0;2;7;17;1
202200037568;747 007;7;0;2;3;13;1
202200037568;747 008;7;0;2;3;1;1
202200037569;747 006;33;2;0;1;1;1
202200037570;747 005;7;3;0;1;2;1
202200037571;747 003;10;0;2;1;13;1
202200037571;747 004;7;0;2;1;1;1
202200037572;747 002;36;0;0;3;0;1
202200037573;747 000;7;0;2;8;1;1
202200037573;747 001;7;12;2;1;16;1
202200037574;746 999;7;13;0;0;1;1
202200037575;746 997;2;0;0;4;1;1
202200037575;746 998;7;0;2;2;1;1
202200037576;746 995;7;0;2;3;1;1
202200037576;746 996;21;0;2;3;0;1
202200037577;746 993;7;0;2;3;13;1
202200037577;746 994;7;0;2;3;1;1
202200037578;746 992;7;13;0;2;0;1
202200037579;746 990;7;0;2;2;1;1
202200037579;746 991;7;0;2;3;15;1
202200037580;746 989;34;0;0;2;1;1
202200037581;746 988;7;2;0;7;1;1
202200037582;746 986;7;0;2;3;13;1
202200037582;746 987;10;0;2;1;1;1
202200037583;746 984;7;9;0;3;1;1
202200037583;746 985;7;0;0;3;1;1
202200037584;746 982;7;0;2;1;1;1
202200037584;746 983;7;0;2;7;10;1
202200037585;746 980;7;0;2;1;1;1
202200037585;746 981;7;0;2;1;1;1
202200037586;746 978;7;0;0;1;0;1
202200037586;746 979;7;0;0;1;2;1
202200037587;746 976;1;13;0;9;1;5
202200037587;746 977;1;13;0;9;1;5
202200037588;746 974;7;0;2;4;23;1
202200037588;746 975;7;0;2;1;2;1
202200037589;746 973;33;0;0;7;1;1
202200037590;746 971;7;0;2;2;17;1
202200037590;746 972;30;0;0;6;1;3
202200037591;746 967;7;0;2;1;5;3
202200037591;746 968;99;0;2;1;1;1
202200037591;746 969;7;0;2;2;18;1
202200037591;746 970;7;0;2;1;1;1
202200037592;746 965;2;0;2;1;1;1
202200037592;746 966;7;0;2;3;1;1
202200037593;746 963;7;0;2;8;1;1
202200037593;746 964;7;0;2;7;12;1
202200037594;746 961;2;0;2;1;17;1
202200037594;746 962;7;0;2;1;15;1
202200037595;746 959;1;0;0;7;1;5
202200037595;746 960;7;0;2;3;9;1
202200037596;746 957;33;0;2;1;2;1
202200037596;746 958;7;0;0;4;2;1
202200037597;746 955;7;0;2;1;13;1
202200037597;746 956;15;0;2;2;1;1
202200037598;746 954;7;2;0;7;13;1
202200037599;746 951;7;0;0;4;1;1
202200037599;746 952;7;0;2;2;1;1
202200037599;746 953;32;0;2;1;1;1
202200037600;746 947;10;0;2;1;1;1
202200037600;746 948;17;0;0;6;1;1
202200037600;746 949;7;0;2;4;0;1
202200037600;746 950;7;0;9;2;1;1
202200037601;746 944;15;0;0;4;2;0
202200037601;746 945;7;0;0;2;2;2
202200037601;746 946;7;0;2;1;2;1
202200037602;746 940;33;8;0;3;1;1
202200037603;746 938;7;0;2;3;13;1
202200037603;746 939;21;0;2;6;1;1
202200037604;746 935;7;0;2;1;1;1
202200037604;746 936;7;0;2;9;15;1
202200037604;746 937;7;0;2;1;1;1
202200037605;746 933;32;0;2;1;1;1
202200037605;746 934;7;0;2;3;13;1
202200037606;746 932;7;0;0;9;0;1
202200037607;746 930;14;0;2;3;0;1
202200037607;746 931;7;0;2;3;0;1
202200037608;746 929;7;3;0;2;1;1
202200037609;746 927;7;0;0;4;1;1
202200037609;746 928;7;0;2;1;1;1
202200037610;746 926;7;0;1;1;1;1
202200037611;746 924;7;0;9;2;15;3
202200037611;746 925;1;0;2;7;1;5
202200037612;746 923;7;3;0;9;1;1
202200037613;746 922;7;13;0;3;1;1
202200037614;746 920;1;0;2;1;9;5
202200037614;746 921;7;0;2;7;15;1
202200037615;746 919;7;13;0;2;14;1
202200037616;746 918;37;0;1;2;1;1
202200037617;746 915;33;0;2;1;1;1
202200037617;746 916;7;0;0;4;1;1
202200037618;746 913;7;0;2;4;12;1
202200037618;746 914;7;0;2;1;17;1
202200037619;746 911;7;0;2;2;1;2
202200037619;746 912;7;0;2;4;2;1
202200037620;746 909;7;0;2;6;2;1
202200037620;746 910;33;0;2;1;13;1
202200037621;746 906;33;0;2;1;17;1
202200037621;746 907;7;0;2;6;2;1
202200037621;746 908;10;0;2;1;1;1
202200037622;746 905;7;6;0;3;13;1
202200037623;746 903;7;0;2;1;2;1
202200037623;746 904;7;1;2;1;21;1
202200037624;746 901;7;0;2;1;2;1
202200037624;746 902;50;0;2;4;15;3
202200037625;746 898;7;0;2;6;23;1
202200037625;746 899;7;0;2;2;2;1
202200037625;746 900;7;0;2;3;23;1
202200037626;746 896;7;0;2;3;1;1
202200037626;746 897;7;0;2;2;15;1
202200037627;746 894;7;0;2;7;19;1
202200037627;746 895;7;0;2;3;2;1
202200037628;746 891;7;0;2;3;15;1
202200037628;746 892;7;0;2;8;1;1
202200037629;746 889;7;0;2;0;0;1
202200037629;746 890;7;0;2;6;0;1
202200037630;746 888;3;0;1;3;15;1
202200037631;746 886;7;0;2;8;1;1
202200037631;746 887;2;0;2;1;17;1
202200037632;746 883;10;0;2;1;0;1
202200037632;746 884;7;0;2;1;0;1
202200037632;746 885;7;0;2;1;0;1
202200037633;746 882;30;0;0;1;26;1
202200037634;746 881;7;0;1;2;16;1
202200037635;746 880;80;0;9;0;26;3
202200037636;746 878;50;0;2;0;1;3
202200037636;746 879;7;0;2;1;1;1
202200037637;746 876;7;0;2;3;15;1
202200037637;746 877;31;0;2;1;1;1
202200037638;746 874;33;0;2;7;1;1
202200037638;746 875;7;0;2;8;11;2
202200037639;746 872;7;0;2;1;2;1
202200037639;746 873;7;0;2;4;2;1
202200037640;746 871;33;0;0;5;21;1
202200037641;746 869;33;0;2;1;21;1
202200037641;746 870;7;0;2;4;2;1
202200037642;746 868;15;8;0;1;1;1
202200037643;746 867;7;0;1;1;26;1
202200037644;746 866;7;0;1;1;16;1
202200037645;746 863;7;0;2;4;23;1
202200037645;746 864;7;0;2;4;23;1
202200037645;746 865;7;0;2;1;1;1
202200037646;746 861;10;0;0;0;0;1
202200037646;746 862;1;0;0;0;0;5
202200037647;746 859;33;0;2;1;1;1
202200037647;746 860;33;0;2;6;16;1
202200037648;746 857;7;0;2;4;2;1
202200037648;746 858;7;0;2;1;2;1
202200037649;746 856;1;0;0;0;25;5
202200037650;746 854;30;0;2;7;17;1
202200037650;746 855;7;0;2;8;1;1
202200037651;746 853;7;0;1;4;26;1
202200037652;746 851;7;0;2;7;16;1
202200037652;746 852;1;0;2;8;1;5
202200037653;746 850;7;2;0;1;13;1
202200037654;746 849;7;6;0;1;1;1
202200037655;746 847;7;0;2;1;15;1
202200037655;746 848;33;0;2;1;1;1
202200037656;746 845;1;0;2;7;1;5
202200037656;746 846;7;0;2;3;16;1
202200037657;746 843;7;0;2;2;1;1
202200037657;746 844;99;0;2;8;1;2
202200037658;746 841;7;0;2;1;13;1
202200037658;746 842;7;0;2;3;1;1
202200037659;746 839;7;0;2;2;17;1
202200037659;746 840;7;6;2;8;1;2
202200037660;746 836;7;0;2;1;1;1
202200037660;746 837;7;0;2;3;21;1
202200037660;746 838;7;0;2;4;1;1
202200037661;746 832;31;0;2;0;0;1
202200037661;746 833;7;0;9;3;15;1
202200037662;746 831;7;16;1;2;21;1