Num_Acc;id_vehicule;catv;obs;obsm;choc;manv;motor
202200038053;746 144;7;0;2;1;1;1
202200038054;746 142;7;0;1;1;1;2
202200038055;746 141;10;0;1;1;1;1
202200038056;746 137;7;0;2;3;1;0
202200038056;746 139;7;0;2;3;1;1
202200038057;746 136;7;0;2;6;0;1
202200038057;746 138;7;0;2;4;1;1
202200038057;746 140;7;0;2;1;1;1
202200038058;746 135;33;2;0;9;1;1
202200038059;746 134;7;0;1;1;1;1
202200038060;746 132;14;3;0;8;0;1
202200038061;746 133;7;12;0;1;26;1
202200038062;746 131;7;0;1;1;1;1
202200038063;746 129;7;0;1;2;2;1
202200038064;746 127;10;3;0;1;1;1
202200038065;746 126;30;0;2;1;0;1
202200038065;746 128;7;0;2;4;0;1
202200038066;746 124;7;0;9;7;15;1
202200038066;746 125;1;0;2;1;1;5
202200038067;746 122;34;0;2;1;1;1
202200038067;746 123;7;0;2;3;15;1
202200038068;746 120;14;0;0;0;1;1
202200038069;746 119;33;0;2;2;1;1
202200038069;746 121;7;0;2;3;11;1
202200038070;746 117;7;6;0;1;1;1
202200038071;746 115;7;0;2;1;1;1
202200038071;746 118;7;0;2;2;1;1
202200038072;746 114;30;0;2;1;1;1
202200038072;746 116;7;0;2;6;1;2
202200038073;746 112;7;2;0;8;1;1
202200038074;746 111;7;8;0;4;1;1
202200038074;746 113;10;0;0;1;1;1
202200038075;746 109;7;2;0;3;1;1
202200038076;746 108;7;0;2;1;1;0
202200038076;746 110;7;0;2;1;19;1
202200038077;746 106;7;0;0;1;1;1
202200038078;746 102;7;6;0;1;0;1
202200038079;746 105;7;0;2;3;15;1
202200038079;746 107;30;0;2;8;1;1
202200038080;746 103;7;0;2;3;24;1
202200038080;746 104;7;1;2;1;1;1
202200038081;746 101;3;0;1;1;26;3
202200038082;746 099;7;0;1;1;1;1
202200038083;746 097;7;0;1;2;1;1
202200038084;746 098;7;0;2;3;13;1
202200038084;746 100;7;0;2;3;1;1
202200038085;746 096;7;13;0;8;1;1
202200038086;746 094;7;0;2;1;1;1
202200038086;746 095;7;0;2;1;13;1
202200038087;746 091;7;8;0;1;1;1
202200038088;746 090;7;0;9;4;23;1
202200038088;746 092;7;0;2;1;2;1
202200038089;746 087;7;0;1;1;1;1
202200038090;746 085;15;0;2;3;1;0
202200038090;746 086;7;0;2;3;13;1
202200038091;746 083;7;6;0;1;1;2
202200038092;746 082;7;0;2;1;2;0
202200038092;746 084;7;0;2;4;1;1
202200038093;746 081;7;0;0;9;16;1
202200038094;746 079;30;0;2;8;1;1
202200038094;746 080;7;0;2;0;0;0
202200038095;746 078;7;0;1;2;1;1
202200038096;746 077;7;0;1;1;1;1
202200038097;746 075;33;0;2;2;1;1
202200038097;746 076;7;0;2;6;16;1
202200038098;746 073;17;8;2;3;5;1
202200038098;746 074;17;0;2;3;1;1
202200038099;746 072;7;0;1;2;1;1
202200038100;746 070;7;0;2;3;15;1
202200038100;746 071;30;14;2;1;0;1
202200038101;746 066;7;0;2;3;1;1
202200038101;746 068;10;0;2;3;13;1
202200038102;746 065;7;0;2;1;12;1
202200038102;746 067;0;0;2;0;0;0
202200038102;746 069;7;0;2;4;2;1
202200038103;746 063;7;0;2;2;0;1
202200038103;746 064;2;0;2;1;13;1
202200038104;746 060;7;0;2;3;15;1
202200038104;746 062;30;0;2;1;1;1
202200038105;746 059;10;10;0;3;1;1
202200038105;746 061;7;0;2;1;1;1
202200038106;746 057;15;0;2;6;9;1
202200038106;746 058;15;0;2;2;1;1
202200038107;746 056;7;0;1;2;1;1
202200038108;746 055;7;0;1;2;1;1
202200038109;746 053;7;2;0;1;18;1
202200038110;746 052;7;0;2;1;1;1
202200038110;746 054;7;0;2;4;1;3
202200038111;746 047;7;11;0;1;1;1
202200038111;746 049;7;0;2;4;1;1
202200038111;746 050;7;0;2;1;2;1
202200038112;746 044;10;0;0;4;1;1
202200038112;746 045;7;0;2;1;2;1
202200038113;746 046;7;0;2;1;2;2
202200038113;746 048;7;0;2;4;2;1
202200038113;746 051;7;0;2;4;2;1
202200038114;746 041;7;0;2;1;17;1
202200038114;746 043;7;0;0;4;17;1
202200038115;746 040;7;0;2;4;2;1
202200038115;746 042;7;0;2;1;2;1
202200038116;746 038;2;0;2;1;5;0
202200038116;746 039;2;0;2;1;9;0
202200038117;746 036;7;0;2;3;13;1
202200038117;746 037;7;0;2;1;1;1
202200038118;746 035;7;8;0;8;1;0
202200038119;746 034;7;2;0;3;13;1
202200038120;746 032;7;0;2;7;16;1
202200038120;746 033;2;0;2;1;18;1
202200038121;746 029;33;0;2;1;1;1
202200038121;746 031;7;0;2;8;15;1
202200038122;746 028;7;15;0;3;0;1
202200038122;746 030;10;0;2;2;0;0
202200038123;746 024;7;0;2;1;1;1
202200038123;746 026;2;0;2;1;1;1
202200038124;746 025;7;0;2;1;1;1
202200038124;746 027;7;0;0;4;23;1
202200038125;746 021;10;0;2;1;13;1
202200038125;746 023;7;0;2;1;1;1
202200038126;746 020;10;0;2;1;0;1
202200038126;746 022;7;0;2;8;13;1
202200038127;746 017;7;0;2;5;1;1
202200038127;746 019;7;0;2;2;1;1
202200038128;746 016;7;0;2;3;9;1
202200038128;746 018;1;0;2;5;1;5
202200038129;746 015;10;6;0;1;1;1
202200038130;746 012;7;0;2;7;1;1
202200038130;746 014;50;0;2;1;1;3
202200038131;746 011;7;0;2;2;11;1
202200038131;746 013;2;0;2;1;1;1
202200038132;746 009;7;0;1;1;26;1
202200038133;746 008;7;0;2;3;1;1
202200038133;746 010;7;0;2;1;1;1
202200038134;746 007;7;0;1;2;1;1
202200038135;746 004;7;0;2;1;1;1
202200038135;746 005;34;0;2;1;5;1
202200038136;746 003;7;0;1;1;1;1
202200038137;746 000;7;0;1;1;16;2
202200038138;745 998;32;0;2;2;1;1
202200038138;745 999;10;0;2;8;9;1
202200038139;745 994;7;0;2;1;1;1
202200038139;745 996;1;0;2;8;19;5
202200038140;745 993;7;0;2;4;23;1
202200038140;745 995;7;0;2;1;1;1
202200038141;745 992;31;0;0;7;1;1
202200038142;745 991;7;0;1;2;1;1
202200038143;745 986;7;0;2;1;1;1
202200038143;745 987;10;0;2;6;1;1
202200038143;745 989;7;0;2;5;1;1
202200038143;745 990;7;0;2;4;1;1
202200038144;745 985;33;0;2;1;1;1
202200038144;745 988;10;0;2;2;14;1
202200038145;745 975;7;0;2;5;2;1
202200038145;745 976;7;0;2;2;2;1
202200038145;745 977;7;0;2;6;2;1
202200038145;745 979;7;0;2;4;2;1
202200038145;745 980;7;0;2;4;2;1
202200038145;745 982;7;0;2;1;21;1
202200038145;745 983;7;0;2;5;2;1
202200038145;745 984;7;0;2;1;21;1
202200038146;745 978;1;0;2;4;1;5
202200038146;745 981;7;0;2;2;1;1
202200038147;745 974;33;0;0;7;3;1
202200038148;745 972;33;0;0;4;2;1
202200038148;745 973;7;0;2;1;2;1
202200038149;745 970;17;0;2;8;2;1
202200038149;745 971;7;0;2;1;2;1
202200038150;745 969;7;3;0;1;15;1
202200038151;745 967;7;0;2;4;1;1
202200038151;745 968;31;0;2;1;1;1
202200038152;745 964;10;0;2;4;23;1
202200038152;745 965;7;0;2;1;1;1
202200038153;745 962;7;0;2;4;24;1
202200038153;745 963;7;0;2;1;2;1
202200038154;745 959;7;0;1;1;26;1
202200038155;745 960;7;0;2;4;15;1
202200038155;745 961;38;4;2;1;1;6
202200038155;745 966;10;0;2;1;1;1
202200038156;745 956;32;0;2;1;1;1
202200038156;745 958;10;0;2;1;15;1
202200038157;745 955;33;0;2;1;13;1
202200038157;745 957;7;0;2;1;1;1
202200038158;745 954;7;0;1;1;1;0
202200038159;745 951;7;3;2;1;17;1
202200038159;745 953;7;0;2;3;1;2
202200038160;745 950;7;0;2;1;1;1
202200038160;745 952;7;0;2;2;13;1
202200038161;745 947;7;0;2;1;13;1
202200038161;745 948;7;0;2;3;1;1
202200038161;745 949;7;0;2;1;1;1
202200038162;745 946;7;6;0;1;1;1
202200038163;745 944;7;1;9;2;14;1
202200038164;745 943;7;0;2;1;1;1
202200038164;745 945;50;0;2;7;19;3
202200038165;745 940;2;0;2;1;2;1
202200038165;745 942;7;0;2;8;15;1
202200038166;745 939;50;0;0;8;0;3
202200038166;745 941;0;0;9;1;0;0
202200038167;745 938;33;12;0;6;15;1
202200038168;745 935;7;0;2;3;1;1
202200038168;745 937;33;13;2;1;1;1
202200038169;745 934;7;0;2;4;23;1
202200038169;745 936;7;0;2;1;2;1
202200038170;745 933;7;0;0;1;1;1
202200038171;745 932;7;0;1;2;1;1
202200038172;745 929;7;0;2;3;24;1
202200038172;745 930;7;0;2;2;2;1
202200038173;745 928;7;0;2;5;1;1
202200038173;745 931;60;0;2;5;1;5
202200038174;745 926;10;12;0;2;26;1
202200038175;745 925;10;0;2;4;25;1
202200038175;745 927;1;0;2;8;2;5
202200038176;745 922;7;0;2;1;2;1
202200038176;745 924;7;0;2;6;15;1
202200038177;745 921;7;0;2;6;9;1
202200038177;745 923;7;0;2;2;1;1
202200038178;745 919;10;0;1;1;16;1
202200038179;745 918;7;0;2;3;1;1
202200038179;745 920;7;0;2;3;1;1
202200038180;745 915;33;0;2;1;1;1
202200038180;745 917;7;0;2;1;15;1
202200038181;745 914;7;0;2;3;1;1
202200038181;745 916;7;0;2;5;15;1
202200038182;745 913;30;16;0;1;1;1
202200038183;745 911;7;0;1;2;1;1
202200038184;745 910;10;0;2;4;23;1
202200038184;745 912;7;1;0;1;24;1
202200038185;745 905;30;0;0;0;1;1
202200038186;745 903;7;0;2;8;1;1
202200038186;745 904;7;0;2;8;1;1
202200038186;745 906;7;0;2;6;1;1
202200038186;745 907;3;12;2;1;26;1
202200038187;745 902;7;0;1;1;9;1
202200038188;745 898;7;0;2;2;13;1
202200038188;745 900;7;3;2;3;1;2
202200038189;745 899;7;0;2;3;15;1
202200038189;745 901;33;0;2;1;2;1
202200038190;745 896;7;13;0;3;1;1
202200038191;745 895;1;0;2;1;1;5
202200038191;745 897;7;0;2;8;9;1
202200038192;745 894;33;0;0;9;1;1
202200038193;745 893;7;1;0;1;14;1
202200038194;745 892;33;2;0;1;0;1
202200038195;745 891;13;0;1;1;16;1
202200038196;745 890;38;0;1;1;1;1
202200038197;745 887;43;0;2;1;17;1
202200038197;745 889;32;0;2;1;1;0
202200038198;745 886;33;0;2;2;3;1
202200038198;745 888;7;0;2;3;11;1
202200038199;745 884;7;0;2;4;1;1
202200038199;745 885;33;0;2;1;2;1
202200038200;745 882;32;0;2;1;15;1
202200038200;745 883;1;0;2;8;19;5
202200038201;745 879;7;0;2;1;13;1
202200038201;745 881;7;0;2;1;0;1
202200038202;745 876;10;0;2;1;1;1
202200038202;745 878;7;0;2;1;1;2
202200038202;745 880;7;0;2;4;1;1
202200038203;745 875;2;0;2;1;1;1
202200038203;745 877;7;0;2;3;15;1
202200038204;745 869;7;0;2;3;1;1
202200038204;745 871;7;5;2;2;19;1
202200038205;745 868;7;0;1;3;14;1
202200038206;745 864;7;0;2;4;2;1
202200038206;745 865;7;0;2;4;2;1
202200038206;745 867;7;0;2;1;2;1
202200038207;745 863;7;0;2;5;5;1
202200038207;745 866;43;0;2;3;15;1
202200038208;745 861;30;0;2;8;18;1
202200038208;745 862;7;0;2;5;23;2
202200038209;745 858;10;0;2;4;23;1
202200038209;745 859;7;0;2;4;23;2
202200038209;745 860;30;0;2;1;18;3
202200038210;745 857;7;11;0;1;13;1
202200038211;745 854;1;0;2;1;2;0
202200038211;745 856;50;0;2;4;2;3
202200038212;745 853;2;0;2;4;10;1
202200038212;745 855;43;0;2;1;1;1
202200038213;745 850;7;0;2;3;15;1
202200038213;745 852;33;0;2;1;7;1
202200038214;745 851;7;0;1;1;1;0
202200038215;745 848;7;0;1;4;4;2
202200038216;745 849;30;0;0;0;21;3
202200038217;745 844;7;0;2;8;15;1
202200038217;745 846;31;0;2;1;1;1
202200038218;745 845;2;0;2;2;9;1
202200038218;745 847;7;0;2;1;1;1
202200038219;745 841;7;0;2;2;22;3
202200038219;745 843;1;0;2;1;18;5
202200038220;745 840;32;0;2;1;1;1
202200038220;745 842;7;0;2;5;15;1
202200038221;745 838;7;0;2;3;15;1
202200038221;745 839;1;0;2;1;1;5
202200038222;745 835;13;0;2;2;2;1
202200038222;745 836;7;0;2;5;11;1
202200038222;745 837;33;0;2;2;3;1
202200038223;745 833;50;0;2;0;0;3
202200038223;745 834;7;0;2;0;1;0
202200038224;745 830;34;0;2;3;1;1
202200038224;745 832;7;0;2;2;16;1
202200038225;745 829;7;0;2;1;1;1
202200038225;745 831;7;0;2;0;1;1
202200038226;745 827;32;1;0;0;9;1
202200038227;745 828;7;4;0;9;1;1
202200038228;745 824;7;0;2;0;0;1
202200038228;745 826;7;0;2;8;0;1
202200038229;745 823;33;0;2;3;1;1
202200038229;745 825;13;0;2;5;17;1
202200038230;745 820;7;0;2;1;1;2
202200038230;745 822;7;0;2;8;10;1
202200038231;745 819;33;0;2;6;15;1
202200038231;745 821;10;0;2;3;1;1
202200038232;745 818;7;0;1;2;1;1
202200038233;745 816;7;0;2;2;1;1
202200038233;745 817;33;0;2;3;13;1
202200038234;745 814;7;0;2;1;13;1
202200038234;745 815;7;0;2;1;1;1
202200038235;745 812;32;0;2;4;1;1
202200038235;745 813;1;0;0;0;0;5
202200038236;745 811;15;3;0;3;1;1
202200038237;745 809;7;13;0;1;14;1
202200038238;745 808;7;0;2;1;11;1
202200038238;745 810;30;0;2;1;1;1
202200038239;745 807;2;7;0;1;26;1
202200038240;745 804;32;0;2;1;1;1
202200038240;745 806;7;0;2;3;15;1
202200038241;745 803;7;0;2;1;1;1
202200038241;745 805;7;0;2;1;13;1
202200038242;745 802;33;0;0;0;1;1
202200038243;745 801;7;2;0;2;1;1
202200038244;745 799;1;6;0;1;1;5
202200038245;745 798;10;0;2;8;1;1
202200038245;745 800;32;0;2;7;17;1
202200038246;745 796;7;0;2;2;17;1
202200038246;745 797;80;0;2;8;15;3
202200038247;745 794;7;0;2;2;1;1
202200038247;745 795;10;0;2;5;15;1
202200038248;745 791;31;0;2;1;2;1
202200038248;745 792;2;0;2;4;17;1
202200038249;745 790;7;3;2;1;1;1
202200038249;745 793;7;0;2;1;15;1
202200038250;745 789;7;0;1;1;15;1
202200038251;745 787;21;0;1;1;1;1
202200038252;745 785;7;12;0;1;0;1
202200038253;745 784;7;0;0;1;1;1
202200038253;745 786;7;0;9;1;0;1
202200038253;745 788;13;0;0;4;0;1
202200038254;745 781;7;0;1;2;2;1
202200038255;745 779;7;0;2;8;19;1
202200038255;745 783;33;0;2;1;1;0
202200038256;745 780;99;0;2;7;0;0
202200038256;745 782;10;0;9;1;0;0
202200038257;745 775;1;0;0;0;0;5
202200038257;745 778;30;12;0;0;26;0
202200038258;745 773;7;0;2;1;1;2
202200038258;745 776;7;13;2;7;15;1
202200038259;745 771;1;0;0;8;26;5
202200038260;745 769;7;0;2;3;1;1
202200038260;745 772;7;0;2;3;1;1
202200038260;745 774;7;0;2;1;1;1
202200038260;745 777;7;0;2;3;13;1
202200038261;745 768;3;0;2;3;13;1
202200038261;745 770;7;13;2;8;1;1
202200038262;745 767;10;0;0;0;0;0
202200038263;745 761;99;0;2;3;9;1
202200038263;745 765;33;0;2;2;1;1
202200038264;745 760;7;0;2;3;1;1
202200038264;745 762;7;0;2;8;1;1
202200038264;745 766;7;0;2;9;1;1
202200038265;745 759;2;13;0;7;1;1
202200038266;745 758;7;6;0;1;2;1
202200038267;745 757;7;2;0;9;1;1
202200038268;745 756;7;2;0;2;14;1
202200038269;745 755;7;0;1;1;26;1
202200038270;745 754;32;8;0;1;1;1
202200038271;745 753;33;5;0;1;1;1
202200038272;745 752;2;16;0;8;15;1
202200038273;745 750;7;0;0;2;1;1
202200038274;745 749;7;0;2;1;2;1
202200038274;745 751;17;0;2;6;2;1
202200038275;745 747;7;0;1;3;1;1
202200038276;745 744;7;0;2;1;1;1
202200038276;745 746;2;0;2;4;1;1
202200038277;745 743;7;13;0;2;1;1
202200038278;745 742;31;0;2;1;1;1
202200038278;745 745;7;0;2;2;18;1
202200038279;745 739;15;0;2;3;21;1
202200038279;745 741;7;0;2;1;26;1
202200038280;745 737;2;16;0;1;1;1
202200038281;745 735;7;2;0;8;0;1
202200038282;745 734;7;0;0;1;24;1
202200038282;745 736;7;1;0;1;0;1
202200038283;745 733;7;0;1;7;0;1
202200038284;745 732;7;2;0;0;13;1
202200038285;745 729;7;0;2;1;17;1
202200038285;745 731;7;0;0;3;15;1
202200038286;745 725;7;0;2;1;1;1
202200038286;745 726;7;0;2;4;23;1
202200038286;745 727;7;0;2;4;23;1
202200038287;745 721;2;0;0;8;1;1
202200038288;745 720;33;0;2;1;1;1
202200038288;745 723;7;0;2;1;15;1
202200038289;745 722;7;0;2;1;21;1
202200038289;745 724;7;0;2;1;1;1
202200038290;745 717;7;0;2;1;11;1
202200038290;745 718;13;0;2;3;1;1
202200038291;745 719;7;6;0;1;1;1
202200038292;745 715;7;0;0;1;1;1
202200038293;745 714;33;0;2;1;17;1
202200038293;745 716;7;0;2;3;19;1
202200038294;745 713;7;0;1;2;1;1
202200038295;745 712;7;13;0;0;14;1
202200038296;745 709;7;0;2;3;1;1
202200038296;745 711;1;0;2;8;19;5
202200038297;745 708;7;7;2;5;19;1
202200038297;745 710;7;0;2;2;1;1
202200038298;745 707;7;6;0;2;1;1
202200038299;745 706;33;0;0;1;0;0
202200038300;745 704;10;0;2;2;1;1
202200038300;745 705;7;0;2;3;9;1
202200038301;745 701;7;2;0;7;1;0
202200038302;745 702;10;0;2;3;13;1
202200038302;745 703;7;0;2;3;1;2
202200038303;745 700;7;0;1;1;1;1
202200038304;745 699;14;0;1;6;13;1
202200038305;745 694;80;0;2;2;1;3
202200038305;745 696;7;0;9;3;9;1
202200038306;745 692;7;0;2;5;17;1
202200038306;745 697;36;0;2;3;15;1
202200038307;745 690;10;8;0;8;1;1
202200038308;745 691;7;0;2;1;17;1
202200038308;745 693;7;0;2;1;1;1
202200038308;745 695;7;0;0;0;1;1
202200038308;745 698;7;1;0;0;1;1
202200038309;745 689;7;0;1;5;4;1
202200038310;745 687;10;0;1;1;19;1
202200038311;745 686;7;0;2;1;1;1
202200038311;745 688;7;0;2;1;13;1
202200038312;745 683;7;0;2;3;15;1
202200038312;745 685;14;0;2;7;1;1
202200038313;745 682;17;0;1;2;1;1
202200038314;745 681;38;0;2;4;1;1
202200038314;745 684;38;0;2;1;1;1
202200038315;745 680;7;2;0;7;1;1
202200038316;745 679;17;3;0;7;1;1
202200038317;745 676;7;0;2;3;1;1
202200038317;745 678;7;0;2;3;5;1
202200038318;745 675;7;0;2;1;1;1
202200038318;745 677;7;0;2;4;1;1
202200038319;745 673;38;0;0;8;1;1
202200038320;745 671;10;0;2;3;1;1
202200038320;745 674;7;0;2;2;17;1
202200038321;745 670;7;0;0;0;1;1
202200038321;745 672;7;9;2;8;0;1
202200038322;745 669;7;15;0;1;14;1
202200038323;745 668;33;0;0;7;17;1
202200038324;745 666;7;6;0;1;1;1
202200038325;745 664;10;0;2;1;1;1
202200038325;745 667;7;0;2;1;1;1
202200038326;745 663;10;2;0;1;26;1
202200038327;745 658;7;0;2;8;26;1
202200038327;745 661;7;0;2;1;1;1
202200038328;745 660;7;0;2;4;2;2
202200038328;745 662;7;0;2;1;2;1
202200038328;745 665;7;0;2;4;2;1
202200038329;745 657;7;0;2;6;21;1
202200038329;745 659;7;2;2;3;1;1
202200038330;745 655;33;7;0;0;2;1
202200038331;745 654;7;0;2;1;13;1
202200038331;745 656;10;0;2;1;1;1
202200038332;745 653;7;8;0;9;12;0
202200038333;745 652;7;0;0;9;1;1
202200038334;745 649;2;0;2;2;16;1
202200038334;745 651;7;0;2;3;15;1
202200038335;745 647;1;0;0;4;1;5
202200038335;745 650;7;0;9;2;1;1
202200038336;745 646;7;0;2;3;13;1
202200038336;745 648;2;0;2;1;1;1
202200038337;745 644;10;0;2;3;13;1
202200038337;745 645;30;0;2;1;1;1
202200038338;745 642;7;0;1;2;2;1
202200038339;745 638;33;6;0;8;1;1
202200038340;745 639;7;0;2;3;1;1
202200038340;745 641;1;0;2;1;21;5
202200038340;745 643;7;0;0;0;9;1
202200038341;745 632;33;0;0;3;1;1
202200038341;745 635;7;0;2;3;15;1
202200038342;745 634;33;13;0;1;1;1
202200038343;745 625;7;4;2;2;2;3
202200038343;745 629;7;0;2;3;10;1
202200038344;745 624;10;0;2;3;1;1
202200038344;745 628;7;0;2;3;13;1
202200038345;745 619;7;0;0;3;2;1
202200038346;745 617;7;0;2;3;1;1
202200038346;745 620;7;0;2;1;15;1
202200038347;745 615;33;0;0;9;1;1
202200038348;745 613;7;17;0;1;21;1
202200038349;745 608;7;0;1;4;4;1
202200038350;745 605;33;0;2;2;19;1
202200038350;745 610;7;0;2;3;1;1
202200038351;745 600;7;0;2;1;1;1
202200038351;745 603;7;0;2;1;5;1
202200038352;745 597;7;0;0;0;1;1
202200038353;745 596;15;0;0;8;23;1
202200038353;745 598;7;0;0;5;24;2
202200038353;745 599;10;1;0;1;1;1
202200038353;745 601;10;1;0;0;1;1
202200038353;745 602;14;0;2;1;1;1
202200038353;745 604;7;3;0;8;1;1
202200038353;745 606;17;0;0;6;1;1
202200038353;745 607;7;1;0;2;1;1
202200038353;745 609;17;1;0;2;1;1
202200038353;745 611;17;0;0;4;1;1
202200038353;745 612;10;1;0;5;1;1
202200038353;745 614;7;1;0;1;1;1
202200038353;745 616;7;1;0;2;1;1
202200038353;745 618;17;1;0;1;1;1
202200038353;745 621;17;1;0;2;1;1
202200038353;745 622;17;0;2;2;1;1
202200038353;745 623;7;0;2;6;2;1
202200038353;745 626;7;5;0;0;1;1
202200038353;745 627;10;0;0;7;1;1
202200038353;745 630;7;1;0;1;1;1
202200038353;745 631;17;0;0;4;1;1
202200038353;745 633;7;1;0;1;1;1
202200038353;745 636;14;0;0;4;1;1
202200038353;745 637;7;0;0;4;1;1
202200038353;745 640;7;1;0;1;1;1
202200038354;745 592;7;0;2;3;5;1
202200038354;745 595;7;0;2;1;1;1
202200038355;745 590;7;0;2;4;2;1
202200038355;745 593;7;0;2;4;2;1
202200038355;745 594;7;0;2;1;2;1
202200038356;745 586;7;4;0;1;17;1
202200038357;745 588;50;0;0;0;1;3
202200038358;745 585;7;0;2;1;2;1
202200038358;745 587;7;0;0;4;1;1
202200038358;745 589;7;0;2;1;0;1
202200038358;745 591;7;0;2;0;0;1
202200038359;745 583;33;7;0;3;0;1
202200038360;745 581;7;0;2;6;1;1
202200038360;745 584;7;0;2;2;14;1
202200038361;745 580;7;0;0;3;1;1
202200038361;745 582;31;0;0;1;5;1
202200038362;745 578;7;0;1;2;1;1
202200038363;745 575;7;0;2;3;1;1
202200038363;745 577;14;0;2;3;1;6
202200038364;745 570;10;0;2;1;1;1
202200038364;745 573;15;0;2;9;2;1
202200038364;745 574;7;0;2;2;2;1
202200038364;745 576;7;0;2;9;2;1
202200038364;745 579;15;0;2;4;2;1
202200038365;745 569;7;3;2;4;2;1
202200038365;745 572;10;0;2;1;2;1
202200038366;745 567;7;0;2;1;1;1
202200038366;745 571;7;0;2;1;13;1
202200038367;745 566;7;0;1;2;1;1
202200038368;745 563;10;8;0;1;1;1
202200038369;745 560;7;0;2;4;14;1
202200038369;745 562;17;0;2;1;1;1
202200038369;745 564;7;0;2;1;1;2
202200038369;745 565;7;0;2;1;1;1
202200038369;745 568;7;0;9;1;1;1
202200038370;745 559;7;0;2;8;10;1
202200038370;745 561;10;0;2;1;1;1
202200038371;745 557;7;4;0;3;2;1
202200038372;745 556;7;0;2;1;13;1
202200038372;745 558;7;0;2;1;1;1
202200038373;745 553;7;0;2;2;12;1
202200038373;745 555;7;0;2;6;1;1
202200038374;745 554;7;8;0;3;1;1
202200038375;745 550;7;3;0;2;9;1
202200038376;745 548;7;0;2;3;13;0
202200038376;745 552;2;0;2;3;16;1
202200038377;745 547;7;0;2;1;2;1
202200038377;745 549;7;0;2;4;2;1
202200038377;745 551;7;0;0;4;1;1
202200038378;745 546;7;4;0;7;14;1
202200038379;745 540;7;0;2;3;11;1
202200038379;745 544;7;0;2;2;17;1
202200038380;745 538;33;0;2;4;1;1
202200038380;745 539;7;0;2;7;22;1
202200038380;745 541;33;1;2;1;1;1
202200038380;745 542;33;0;2;4;2;1
202200038381;745 537;7;0;1;3;1;1
202200038382;745 533;7;3;2;1;1;1
202200038382;745 535;7;3;2;4;2;1
202200038383;745 534;7;0;2;6;11;1
202200038383;745 536;33;0;2;1;1;1
202200038384;745 531;7;0;2;1;13;1
202200038384;745 532;7;3;2;1;1;1
202200038385;745 529;33;4;2;8;26;1
202200038386;745 528;33;0;2;1;14;1
202200038386;745 530;7;0;2;4;0;1
202200038387;745 526;7;0;2;3;9;1
202200038387;745 527;33;0;2;1;1;1
202200038388;745 524;7;4;2;1;1;1
202200038388;745 525;7;0;2;3;1;1
202200038389;745 522;7;0;0;7;14;1
202200038390;745 523;7;2;0;1;13;1
202200038391;745 518;7;0;1;2;1;2
202200038392;745 515;7;0;2;1;2;1
202200038392;745 517;7;0;2;4;2;1
202200038392;745 519;7;0;2;4;2;1
202200038392;745 520;7;0;2;4;2;1
202200038393;745 516;7;2;0;8;14;1
202200038394;745 511;7;8;0;8;14;1
202200038395;745 508;7;0;2;5;23;1
202200038395;745 510;7;0;2;3;1;1
202200038395;745 512;7;0;2;3;21;1
202200038396;745 507;7;0;2;2;15;1
202200038396;745 509;7;0;2;2;1;1
202200038397;745 505;7;0;2;1;1;1
202200038397;745 506;99;0;2;1;13;0
202200038398;745 504;7;0;1;2;1;1
202200038399;745 502;10;0;2;1;19;1
202200038399;745 503;31;0;2;8;1;1
202200038400;745 501;7;3;0;1;9;1
202200038401;745 500;7;0;1;3;1;1
202200038402;745 497;7;0;2;1;1;1
202200038402;745 499;10;0;2;3;19;1
202200038403;745 496;7;0;1;3;17;1
202200038404;745 495;7;0;2;8;1;1
202200038404;745 498;7;0;2;1;9;1
202200038405;745 491;7;0;2;1;2;1
202200038405;745 493;7;0;2;6;0;1
202200038405;745 494;7;0;2;4;2;1
202200038406;745 492;7;0;1;2;1;3
202200038407;745 489;31;0;0;3;15;1
202200038408;745 488;7;0;2;0;0;1
202200038408;745 490;7;0;2;0;0;1
202200038409;745 486;7;0;2;4;2;1
202200038409;745 487;10;0;2;1;2;1
202200038410;745 483;30;0;2;1;1;1
202200038410;745 485;10;0;2;5;16;1
202200038411;745 481;50;0;2;1;1;3
202200038411;745 484;7;0;2;8;0;1
202200038412;745 477;7;0;2;7;1;1
202200038413;745 478;14;0;2;0;0;1
202200038413;745 479;7;0;2;3;1;1
202200038413;745 480;7;0;2;9;2;1
202200038413;745 482;7;0;2;4;23;1
202200038414;745 475;7;1;0;9;14;1
202200038415;745 473;7;0;2;2;12;1
202200038415;745 476;7;7;2;3;1;1
202200038416;745 472;7;0;2;1;1;1
202200038416;745 474;10;0;2;4;1;1
202200038417;745 469;50;0;2;3;25;3
202200038417;745 471;7;0;2;2;19;1
202200038418;745 468;16;0;2;2;12;0
202200038418;745 470;7;0;2;8;1;1
202200038419;745 464;7;0;2;0;19;0
202200038419;745 467;37;0;2;0;1;2
202200038420;745 463;10;0;2;3;1;1
202200038420;745 466;7;0;2;3;1;1
202200038421;745 462;17;0;2;2;21;1
202200038421;745 465;30;0;2;3;10;1
202200038422;745 458;7;0;2;0;0;1
202200038422;745 461;50;0;2;1;1;3
202200038423;745 455;7;0;2;1;9;1
202200038423;745 457;7;0;2;3;0;1
202200038423;745 460;7;0;2;8;0;1
202200038424;745 453;17;1;2;1;2;1
202200038424;745 454;15;0;2;4;2;1
202200038424;745 456;7;1;2;4;2;1
202200038424;745 459;17;1;2;4;2;1
202200038425;745 448;7;0;2;2;15;1
202200038425;745 451;14;0;2;3;2;1
202200038426;745 450;7;0;2;1;5;1
202200038426;745 452;7;0;2;1;1;1
202200038427;745 447;7;4;0;3;1;1
202200038427;745 449;7;4;0;5;14;1
202200038428;745 445;7;1;0;1;14;1
202200038429;745 443;7;0;2;1;1;1
202200038429;745 446;7;0;2;1;5;1
202200038430;745 440;30;0;0;8;1;1