Num_Acc;id_vehicule;catv;obs;obsm;choc;manv;motor
202200038431;745 439;7;0;2;1;0;1
202200038431;745 441;7;0;2;4;0;1
202200038431;745 442;17;0;2;1;1;1
202200038431;745 444;17;0;2;1;1;1
202200038432;745 435;10;0;2;1;2;1
202200038432;745 437;10;14;0;4;2;1
202200038433;745 434;7;0;2;3;9;1
202200038433;745 436;2;0;2;1;1;1
202200038434;745 433;7;0;2;5;17;1
202200038434;745 438;7;0;2;3;15;3
202200038435;745 431;10;1;0;1;16;1
202200038436;745 430;7;4;2;1;1;1
202200038436;745 432;15;4;2;3;17;1
202200038437;745 429;7;0;1;1;1;1
202200038438;745 426;7;0;2;8;11;1
202200038438;745 428;7;0;2;2;1;1
202200038439;745 425;7;0;2;5;2;1
202200038439;745 427;10;0;2;1;2;1
202200038440;745 421;7;0;2;2;1;1
202200038440;745 424;7;0;2;3;1;1
202200038441;745 422;7;0;2;4;1;1
202200038441;745 423;7;0;2;1;2;1
202200038442;745 419;15;4;2;3;11;1
202200038442;745 420;10;0;2;1;1;1
202200038443;745 417;7;15;9;2;14;1
202200038444;745 416;80;0;2;7;1;3
202200038444;745 418;80;0;2;1;1;3
202200038445;745 415;34;0;9;1;2;1
202200038446;745 412;7;0;2;2;1;1
202200038446;745 414;7;0;2;3;26;1
202200038447;745 411;2;0;2;3;1;1
202200038447;745 413;7;0;2;7;15;1
202200038448;745 406;99;0;0;9;1;1
202200038449;745 405;7;0;2;4;23;1
202200038449;745 408;7;0;2;9;2;1
202200038449;745 409;10;0;2;9;2;1
202200038449;745 410;7;0;2;1;1;1
202200038450;745 404;7;0;2;6;1;1
202200038450;745 407;1;0;2;1;1;5
202200038451;745 403;7;0;1;1;1;-1
202200038452;745 400;7;0;2;8;11;1
202200038452;745 402;32;0;2;7;21;3
202200038453;745 399;7;0;2;5;1;1
202200038453;745 401;7;0;2;1;9;1
202200038454;745 395;31;0;2;1;1;1
202200038454;745 398;3;1;0;2;15;3
202200038455;745 397;7;0;1;2;15;1
202200038456;745 394;7;0;2;1;1;0
202200038456;745 396;1;0;2;1;1;5
202200038457;745 392;1;0;2;3;1;5
202200038457;745 393;7;0;2;3;15;1
202200038458;745 391;7;0;1;1;16;1
202200038459;745 389;33;14;0;1;1;1
202200038460;745 388;7;0;2;0;0;1
202200038460;745 390;3;0;2;4;2;1
202200038461;745 386;7;8;0;1;1;1
202200038462;745 385;0;0;1;1;1;0
202200038463;745 384;7;0;2;1;0;1
202200038463;745 387;7;0;2;3;23;1
202200038464;745 383;33;0;0;0;1;1
202200038465;745 382;7;0;1;2;1;1
202200038466;745 381;7;1;1;3;16;1
202200038467;745 379;33;0;2;0;0;1
202200038467;745 380;7;0;2;0;0;1
202200038468;745 377;1;0;0;0;0;5
202200038468;745 378;7;0;9;4;4;2
202200038469;745 375;10;0;2;6;15;1
202200038469;745 376;33;0;2;1;17;1
202200038470;745 373;7;0;1;3;1;1
202200038471;745 371;10;0;2;1;15;1
202200038471;745 374;34;0;2;7;1;1
202200038472;745 370;7;0;2;2;11;1
202200038472;745 372;2;0;2;1;1;1
202200038473;745 368;7;0;1;8;1;2
202200038474;745 367;1;0;0;0;1;5
202200038475;745 366;1;0;2;1;0;5
202200038475;745 369;7;0;9;3;16;1
202200038476;745 363;7;8;0;1;15;1
202200038477;745 364;7;0;2;1;0;1
202200038477;745 365;7;0;0;4;0;1
202200038478;745 360;7;0;2;5;0;1
202200038478;745 362;7;1;0;2;14;1
202200038479;745 361;7;0;1;1;1;1
202200038480;745 358;7;0;2;3;1;1
202200038480;745 359;33;0;2;3;1;1
202200038481;745 356;32;0;2;1;1;1
202200038481;745 357;7;0;2;1;15;0
202200038482;745 355;7;0;1;3;1;2
202200038483;745 354;30;12;0;0;26;1
202200038484;745 351;3;8;2;3;1;1
202200038485;745 352;7;0;2;8;15;1
202200038485;745 353;7;0;2;3;1;2
202200038486;745 348;14;0;2;8;1;1
202200038486;745 349;7;0;2;3;13;1
202200038487;745 345;10;0;2;2;1;1
202200038487;745 346;7;0;2;4;20;1
202200038488;745 343;7;13;0;2;1;1
202200038489;745 344;7;0;2;3;1;1
202200038489;745 347;7;0;2;1;0;1
202200038489;745 350;7;0;2;1;13;1
202200038490;745 341;10;0;2;1;1;1
202200038490;745 342;7;0;2;1;13;1
202200038491;745 340;31;4;0;0;0;1
202200038492;745 339;32;0;1;1;1;1
202200038493;745 338;0;0;1;7;0;0
202200038494;745 337;30;8;0;1;0;1
202200038495;745 333;32;0;2;8;2;1
202200038495;745 335;10;0;2;1;15;1
202200038496;745 334;7;0;2;7;10;1
202200038496;745 336;7;0;2;1;1;1
202200038497;745 332;1;0;0;0;26;5
202200038498;745 330;7;0;2;3;1;1
202200038498;745 331;7;13;2;3;1;1
202200038499;745 327;7;0;2;1;1;2
202200038499;745 328;10;0;2;4;23;1
202200038499;745 329;10;0;2;4;23;1
202200038500;745 325;7;0;2;5;14;1
202200038500;745 326;32;0;2;8;18;1
202200038501;745 324;33;12;0;1;1;1
202200038502;745 322;1;0;0;2;14;5
202200038502;745 323;1;0;2;1;1;5
202200038503;745 320;7;0;2;4;1;1
202200038503;745 321;7;0;2;1;1;1
202200038504;745 318;7;0;2;4;24;1
202200038504;745 319;10;0;2;1;14;1
202200038505;745 316;1;0;2;8;15;5
202200038505;745 317;7;0;2;1;1;1
202200038506;745 313;30;0;2;1;17;1
202200038506;745 315;7;0;2;3;10;2
202200038507;745 309;7;0;2;7;22;2
202200038507;745 310;30;0;2;1;18;1
202200038508;745 306;30;0;2;3;1;1
202200038508;745 307;7;0;2;2;15;1
202200038509;745 301;7;0;2;1;0;1
202200038509;745 303;7;0;2;1;1;1
202200038510;745 300;7;0;2;4;2;1
202200038510;745 302;7;0;2;4;2;3
202200038510;745 304;7;0;2;4;2;1
202200038510;745 305;7;0;2;4;2;0
202200038510;745 308;10;0;2;1;2;1
202200038511;745 298;1;0;2;8;1;5
202200038511;745 299;7;0;2;3;15;1
202200038512;745 296;1;0;0;4;0;5
202200038512;745 297;7;0;2;0;0;1
202200038513;745 293;7;0;2;1;1;2
202200038513;745 294;43;0;2;1;1;1
202200038514;745 289;7;14;0;1;0;1
202200038514;745 291;7;14;9;1;2;1
202200038515;745 287;10;0;2;1;15;1
202200038515;745 288;33;0;2;8;1;1
202200038516;745 285;7;6;0;8;1;1
202200038517;745 284;1;12;2;3;13;5
202200038518;745 281;7;13;0;3;2;1
202200038519;745 282;1;0;2;8;19;5
202200038519;745 283;7;0;2;1;16;1
202200038520;745 279;50;0;0;0;15;3
202200038521;745 280;7;0;1;2;1;1
202200038522;745 277;30;0;2;1;1;1
202200038522;745 278;7;0;2;3;17;1
202200038523;745 275;50;0;0;1;21;3
202200038524;745 274;7;3;2;2;5;1
202200038524;745 276;7;0;2;2;1;1
202200038525;745 271;7;0;2;5;2;1
202200038525;745 273;30;0;2;2;2;1
202200038526;745 272;34;0;1;1;1;1
202200038527;745 270;10;2;0;1;1;1
202200038528;745 269;31;0;0;7;21;1
202200038529;745 267;7;0;2;2;15;1
202200038529;745 268;43;0;2;1;1;1
202200038530;745 265;7;14;2;1;2;1
202200038530;745 266;7;6;0;5;2;1
202200038531;745 264;2;0;0;0;1;1
202200038532;745 262;7;13;0;0;26;1
202200038533;745 259;7;0;9;1;1;1
202200038533;745 260;7;0;2;1;1;1
202200038533;745 263;2;0;2;1;13;1
202200038534;745 258;7;0;2;3;1;1
202200038534;745 261;7;0;2;2;1;1
202200038535;745 255;2;0;2;7;17;1
202200038535;745 257;7;0;2;8;26;1
202200038536;745 253;10;0;2;3;15;0
202200038536;745 256;33;5;2;8;1;1
202200038537;745 252;7;0;2;1;0;1
202200038537;745 254;50;0;2;7;1;3
202200038538;745 250;7;6;0;1;1;1
202200038539;745 247;32;0;2;0;1;1
202200038539;745 249;7;0;2;2;1;1
202200038540;745 248;7;0;2;2;19;1
202200038540;745 251;2;0;2;1;2;1
202200038541;745 246;34;6;0;6;1;1
202200038542;745 244;2;0;0;0;1;1
202200038543;745 243;7;0;0;0;16;1
202200038543;745 245;50;1;0;0;14;3
202200038544;745 242;2;8;0;0;1;1
202200038545;745 239;7;0;1;3;1;1
202200038546;745 238;7;0;2;1;1;1
202200038546;745 241;30;0;2;8;1;1
202200038547;745 237;1;0;2;7;1;5
202200038547;745 240;7;0;2;1;1;1
202200038548;745 233;33;0;2;1;21;1
202200038548;745 236;7;0;0;2;23;1
202200038549;745 231;30;0;2;2;9;1
202200038549;745 234;1;0;2;8;1;5
202200038550;745 232;10;0;2;0;0;0
202200038550;745 235;30;1;2;0;16;1
202200038551;745 228;7;0;0;3;15;1
202200038551;745 230;33;0;2;1;17;1
202200038552;745 225;7;0;2;8;24;1
202200038552;745 226;1;1;2;1;0;0
202200038553;745 224;33;0;0;0;0;1
202200038554;745 221;7;12;0;9;13;1
202200038555;745 218;7;0;0;2;0;1
202200038555;745 219;1;13;0;4;2;5
202200038556;745 216;30;0;0;7;1;1
202200038557;745 214;7;0;2;7;1;1
202200038557;745 215;33;0;2;2;13;1
202200038558;745 213;33;0;2;1;1;1
202200038558;745 217;7;0;2;8;1;1
202200038559;745 210;10;15;0;1;14;1
202200038560;745 211;7;0;2;1;19;1
202200038560;745 212;50;0;2;1;1;3
202200038561;745 209;7;0;1;4;4;1
202200038562;745 206;7;0;0;1;1;1
202200038563;745 205;7;0;2;3;15;1
202200038563;745 208;32;0;2;1;1;1
202200038564;745 204;7;0;2;2;17;1
202200038564;745 207;7;0;0;6;1;1
202200038565;745 202;7;3;0;3;1;1
202200038566;745 203;7;13;0;3;26;1
202200038567;745 200;10;0;2;3;15;1
202200038567;745 201;33;0;2;7;17;1
202200038568;745 198;31;3;0;2;1;1
202200038569;745 197;33;0;0;4;2;1
202200038569;745 199;7;0;2;2;2;1
202200038570;745 196;10;0;1;3;15;1
202200038571;745 195;7;13;0;1;21;1
202200038572;745 194;7;0;1;1;1;1
202200038573;745 186;33;0;2;1;1;1
202200038573;745 188;33;0;2;1;13;1
202200038574;745 185;7;0;2;4;2;1
202200038574;745 187;7;0;2;1;2;1
202200038575;745 183;7;0;2;1;13;1
202200038575;745 184;7;0;2;1;1;1
202200038575;745 189;7;0;2;1;1;1
202200038576;745 180;33;8;2;8;1;1
202200038576;745 182;7;0;2;1;19;1
202200038577;745 179;7;0;2;1;15;1
202200038577;745 181;32;0;2;8;1;1
202200038578;745 177;33;0;0;8;1;1
202200038579;745 178;7;13;0;0;16;1
202200038580;745 174;17;3;0;1;14;1
202200038581;745 175;50;0;2;9;1;3
202200038581;745 176;7;0;9;3;15;1
202200038582;745 173;2;0;0;0;1;1
202200038583;745 170;10;0;2;3;15;1
202200038583;745 172;80;0;2;1;1;3
202200038584;745 171;7;0;1;3;1;1
202200038585;745 163;7;0;2;6;26;1
202200038585;745 167;7;0;2;2;1;1
202200038586;745 164;7;0;2;2;2;1
202200038586;745 166;1;0;2;4;1;5
202200038586;745 168;1;0;2;4;1;5
202200038587;745 162;33;3;0;0;0;1
202200038588;745 159;7;0;1;0;1;0
202200038589;745 158;7;0;2;1;2;1
202200038589;745 160;7;2;2;1;1;1
202200038589;745 161;7;2;2;7;1;1
202200038590;745 157;33;2;0;1;1;1
202200038591;745 155;33;12;0;0;0;1
202200038592;745 149;7;0;2;1;2;1
202200038592;745 151;7;3;2;6;2;1
202200038592;745 153;7;0;0;6;2;1
202200038593;745 150;31;0;2;3;1;0
202200038593;745 152;7;0;2;3;15;0
202200038594;745 147;1;0;2;1;1;5
202200038594;745 148;7;0;2;3;15;1
202200038595;745 146;33;13;9;1;14;1
202200038596;745 143;7;0;2;2;1;1
202200038596;745 145;7;0;2;2;9;1
202200038597;745 138;10;0;2;1;2;1
202200038597;745 141;7;0;2;4;2;1
202200038597;745 144;7;0;0;6;2;1
202200038598;745 140;33;0;2;1;1;1
202200038598;745 142;7;0;2;2;15;1
202200038599;745 137;31;0;2;1;1;1
202200038599;745 139;31;0;2;1;13;1
202200038600;745 136;7;0;6;0;1;1
202200038601;745 134;10;0;2;1;0;1
202200038601;745 135;7;4;0;4;1;1
202200038602;745 133;99;0;2;1;11;3
202200038603;745 131;33;0;2;8;1;1
202200038603;745 132;7;0;2;2;19;1
202200038604;745 129;7;8;0;1;16;1
202200038605;745 128;7;3;0;8;17;1
202200038605;745 130;33;3;0;7;17;1
202200038606;745 125;7;0;2;1;0;1
202200038606;745 127;2;0;2;1;1;1
202200038607;745 121;7;0;2;0;1;1
202200038607;745 124;7;4;2;6;11;1
202200038607;745 126;7;7;2;1;17;1
202200038608;745 122;7;0;2;3;15;1
202200038608;745 123;2;0;2;1;17;1
202200038609;745 119;7;0;2;1;1;1
202200038609;745 120;38;0;2;3;1;1
202200038610;745 114;7;0;2;1;1;1
202200038610;745 117;7;0;2;4;1;1
202200038611;745 113;7;14;0;3;0;1
202200038611;745 116;7;0;2;2;2;1
202200038611;745 118;7;4;0;3;2;1
202200038612;745 112;1;0;0;4;0;5
202200038612;745 115;0;0;9;2;0;0
202200038613;745 108;7;0;2;5;1;2
202200038613;745 111;7;0;2;3;1;1
202200038614;745 107;7;0;2;2;21;1
202200038614;745 110;7;0;2;2;13;1
202200038615;745 106;7;0;2;1;1;1
202200038615;745 109;7;6;2;7;19;1
202200038616;745 104;2;13;0;7;1;1
202200038617;745 102;7;0;2;1;1;1
202200038617;745 105;7;0;2;4;1;1
202200038618;745 101;10;0;2;3;26;1
202200038618;745 103;7;0;2;3;26;1
202200038619;745 097;10;0;2;1;0;1
202200038619;745 099;10;0;2;4;23;1
202200038619;745 100;7;0;0;4;23;1
202200038620;745 095;7;0;2;4;1;1
202200038620;745 098;7;0;2;1;2;1
202200038621;745 094;33;0;0;0;1;1
202200038622;745 092;7;1;2;1;24;1
202200038623;745 091;7;0;2;1;2;1
202200038623;745 093;7;0;0;4;2;1
202200038624;745 090;7;10;1;2;1;6
202200038625;745 089;7;13;0;9;1;1
202200038626;745 088;33;11;0;0;1;1
202200038627;745 087;30;0;1;1;21;1
202200038628;745 086;7;2;0;1;14;1
202200038629;745 085;7;2;0;1;1;1
202200038630;745 082;33;0;2;9;1;1
202200038630;745 084;10;0;2;1;1;1
202200038631;745 080;7;0;2;1;2;1
202200038631;745 083;15;0;2;4;2;1
202200038632;745 077;7;4;0;1;0;1
202200038633;745 076;30;0;2;1;2;1
202200038633;745 078;1;0;2;4;1;5
202200038634;745 075;7;2;0;0;14;1
202200038635;745 071;7;0;0;1;0;1
202200038635;745 073;1;0;0;4;0;5
202200038636;745 069;7;0;2;2;1;1
202200038636;745 074;10;0;2;1;1;1
202200038637;745 067;80;14;0;1;1;3
202200038638;745 066;7;0;1;8;1;1
202200038639;745 065;1;0;2;1;1;5
202200038639;745 068;7;0;9;1;15;1
202200038640;745 064;7;13;0;9;1;1
202200038641;745 061;1;0;2;1;5;5
202200038641;745 063;10;0;2;3;1;1
202200038642;745 060;2;0;2;1;1;1
202200038642;745 062;7;0;2;0;10;0
202200038643;745 059;33;0;6;2;1;1
202200038644;745 058;7;0;0;0;17;1
202200038645;745 057;33;13;0;0;1;1
202200038646;745 055;7;0;2;1;1;1
202200038646;745 056;7;0;2;1;1;1
202200038647;745 050;2;0;2;1;1;1
202200038647;745 051;7;13;2;1;13;1
202200038648;745 049;33;0;2;1;13;1
202200038648;745 052;7;0;2;3;1;1
202200038649;745 048;7;1;0;3;0;1
202200038650;745 044;7;0;0;6;1;1
202200038650;745 046;1;0;2;1;17;5
202200038651;745 041;1;0;2;1;1;5
202200038651;745 043;7;0;2;5;4;1
202200038652;745 038;1;0;2;0;2;5
202200038652;745 040;7;0;2;5;2;1
202200038653;745 037;10;0;2;3;1;1
202200038653;745 039;2;0;2;1;13;1
202200038654;745 035;33;0;0;0;1;1
202200038655;745 032;17;0;0;4;2;1
202200038655;745 034;3;3;2;1;2;1
202200038656;745 033;7;0;2;4;9;1
202200038656;745 036;7;0;2;4;1;0
202200038657;745 031;7;16;0;9;2;1
202200038658;745 030;7;6;0;1;13;1
202200038659;745 028;33;16;0;1;0;1
202200038660;745 026;7;0;2;8;15;2
202200038660;745 029;7;0;2;1;17;1
202200038661;745 027;33;8;0;1;0;1
202200038662;745 025;33;0;0;0;0;1
202200038663;745 022;21;0;0;6;2;1
202200038663;745 024;7;0;2;2;17;1
202200038664;745 023;7;0;1;1;20;2
202200038665;745 020;7;0;2;4;23;1
202200038665;745 021;7;0;2;1;1;1
202200038666;745 019;2;0;0;0;1;1
202200038667;745 018;1;0;5;1;1;5
202200038668;745 015;33;0;2;1;1;1
202200038668;745 017;7;0;2;8;15;1
202200038669;745 011;7;0;2;2;1;1
202200038669;745 013;7;0;2;8;16;1
202200038670;745 007;7;16;0;4;2;1
202200038670;745 008;7;16;2;1;2;0
202200038670;745 010;7;0;2;4;15;0
202200038671;745 005;7;12;0;1;0;1
202200038672;745 003;7;0;2;1;2;1
202200038672;745 004;7;0;2;1;2;1
202200038672;745 006;7;0;2;1;2;1
202200038672;745 009;7;0;2;4;1;1
202200038673;745 001;7;0;1;3;1;1
202200038674;745 000;7;0;2;3;17;1
202200038674;745 002;14;0;2;3;1;1
202200038675;744 998;7;0;2;1;2;1
202200038675;744 999;10;0;2;5;1;1
202200038676;744 996;7;0;2;8;15;1
202200038676;744 997;34;0;2;1;17;1
202200038677;744 992;7;15;2;5;6;2
202200038677;744 994;7;4;1;3;1;1
202200038678;744 993;14;0;2;5;0;1
202200038678;744 995;7;0;2;8;1;1
202200038679;744 991;7;0;1;1;1;1
202200038680;744 986;7;0;2;1;1;1
202200038680;744 989;7;0;2;8;1;1
202200038680;744 990;10;0;2;1;13;1
202200038681;744 984;7;1;2;3;1;1
202200038681;744 987;7;0;2;5;15;1
202200038682;744 985;7;0;2;1;2;1
202200038682;744 988;7;0;2;4;2;2
202200038683;744 983;7;12;0;1;13;1
202200038684;744 980;33;3;0;2;2;1
202200038685;744 979;7;0;2;1;2;1
202200038685;744 981;10;0;2;4;2;1
202200038686;744 978;30;0;2;7;1;1
202200038686;744 982;7;0;2;3;15;1
202200038687;744 976;1;4;0;1;15;5
202200038688;744 975;10;0;2;1;21;1
202200038688;744 977;7;0;2;1;13;1
202200038689;744 972;33;0;0;7;1;1
202200038690;744 970;7;0;2;6;23;1
202200038690;744 971;7;0;2;3;2;1
202200038690;744 973;10;0;2;1;0;1
202200038691;744 968;7;2;0;1;0;1
202200038692;744 969;7;0;2;3;1;1
202200038692;744 974;1;0;2;0;0;5
202200038693;744 964;34;1;1;0;17;1
202200038694;744 960;1;0;2;4;1;5
202200038694;744 961;7;0;2;2;15;1
202200038695;744 959;7;0;2;1;2;1
202200038695;744 962;10;0;2;4;1;1
202200038695;744 963;7;0;2;4;2;1
202200038695;744 967;7;0;2;6;1;1
202200038696;744 956;7;0;2;1;2;1
202200038696;744 957;7;0;2;4;2;1
202200038697;744 953;7;0;2;4;1;1
202200038697;744 954;7;0;2;1;0;0
202200038698;744 952;7;0;2;6;2;1
202200038698;744 958;7;0;2;1;2;1
202200038699;744 955;7;15;0;2;2;1
202200038700;744 949;7;0;2;2;0;1
202200038700;744 951;34;0;2;6;3;1
202200038701;744 950;30;1;0;6;14;3
202200038702;744 947;1;0;1;1;5;5
202200038703;744 945;7;0;2;1;2;1
202200038703;744 946;7;0;2;4;2;1
202200038703;744 948;10;0;2;4;2;1
202200038704;744 944;32;0;1;1;16;0
202200038705;744 942;13;0;2;1;2;1
202200038705;744 943;7;0;2;4;2;1
202200038706;744 939;50;0;2;1;1;3
202200038706;744 940;7;0;2;7;20;1
202200038707;744 938;7;0;1;0;1;1
202200038708;744 936;7;0;1;0;17;-1
202200038709;744 935;33;1;2;1;17;1
202200038709;744 937;7;0;2;3;10;3
202200038710;744 941;7;15;0;9;1;1
202200038711;744 933;7;0;1;1;1;1
202200038712;744 931;7;0;2;1;16;2
202200038712;744 934;1;0;2;0;1;5
202200038713;744 930;2;0;2;1;2;1
202200038713;744 932;7;0;2;3;10;1
202200038714;744 928;7;0;2;3;1;1
202200038714;744 929;7;0;2;0;0;1
202200038715;744 926;7;13;0;0;1;1
202200038716;744 927;50;0;0;0;25;3
202200038717;744 923;7;0;2;8;13;1
202200038717;744 925;31;0;2;2;17;1
202200038718;744 922;1;0;2;8;19;5
202200038718;744 924;7;0;2;2;15;1
202200038719;744 920;30;0;2;1;1;1
202200038719;744 921;7;0;2;3;1;1
202200038720;744 918;50;0;2;1;1;3
202200038720;744 919;7;0;2;2;16;1
202200038721;744 916;7;0;2;6;1;1
202200038721;744 917;7;0;2;3;1;1
202200038722;744 914;99;0;0;6;24;1
202200038722;744 915;37;1;2;2;2;1
202200038723;744 912;7;2;0;1;1;1
202200038724;744 911;31;0;2;0;2;1
202200038724;744 913;7;0;2;8;15;1
202200038725;744 909;7;0;2;1;1;1
202200038725;744 910;7;0;2;1;1;1
202200038726;744 907;32;0;2;0;1;1
202200038726;744 908;7;0;2;3;2;1
202200038727;744 904;7;0;2;3;15;1
202200038727;744 906;7;0;2;3;1;1
202200038728;744 903;14;0;2;1;1;0
202200038728;744 905;30;0;2;1;17;3
202200038729;744 901;7;0;4;0;0;1
202200038729;744 902;40;0;2;3;16;3
202200038730;744 900;33;6;9;0;1;1
202200038731;744 897;3;0;2;2;15;1
202200038731;744 899;7;0;2;1;1;1
202200038732;744 896;20;0;2;1;24;1
202200038732;744 898;7;1;0;1;1;1
202200038733;744 894;7;0;2;4;0;1
202200038733;744 895;7;0;2;1;0;1
202200038734;744 891;7;0;2;9;1;1
202200038734;744 892;7;0;2;1;1;1
202200038735;744 890;14;0;2;0;15;1
202200038735;744 893;0;0;2;0;26;0
202200038736;744 886;7;0;1;3;1;1
202200038737;744 887;7;0;2;2;2;1
202200038737;744 889;7;0;2;8;23;1
202200038738;744 885;43;8;2;7;1;1
202200038738;744 888;38;8;2;8;15;1
202200038739;744 884;32;12;0;1;13;1
202200038740;744 881;7;0;2;7;1;1
202200038740;744 883;7;0;2;1;9;1
202200038741;744 880;10;0;1;4;26;0
202200038742;744 879;7;0;1;7;0;1
202200038743;744 878;7;0;2;4;2;1
202200038743;744 882;7;0;2;1;1;1
202200038744;744 877;7;1;0;2;1;1
202200038745;744 873;30;1;2;1;1;1
202200038745;744 875;7;0;2;2;26;1
202200038746;744 874;7;0;2;6;13;1
202200038746;744 876;32;0;2;2;1;1
202200038747;744 872;7;0;1;2;16;1
202200038748;744 871;7;3;0;1;14;1
202200038749;744 869;33;13;0;1;0;1
202200038750;744 868;7;0;2;3;20;0
202200038750;744 870;33;0;2;1;17;1
202200038751;744 867;10;0;1;0;0;0
202200038752;744 863;7;0;2;2;1;1
202200038752;744 865;2;0;2;8;16;1
202200038753;744 861;7;0;2;5;1;1
202200038753;744 864;7;0;2;5;1;1
202200038753;744 866;7;0;2;3;0;1
202200038754;744 859;7;14;2;1;1;1
202200038754;744 862;7;0;2;1;13;1
202200038755;744 858;31;0;2;1;1;1
202200038755;744 860;7;0;2;1;15;1
202200038756;744 855;7;2;0;1;1;1
202200038757;744 854;7;3;0;2;13;1
202200038758;744 852;7;0;1;1;26;1
202200038759;744 850;33;0;2;8;1;1
202200038759;744 851;33;0;2;8;1;1
202200038759;744 853;7;0;2;2;21;1
202200038759;744 856;7;0;2;6;23;1
202200038759;744 857;13;0;2;2;2;1
202200038760;744 849;7;0;1;1;26;1
202200038761;744 847;7;6;0;1;0;0
202200038762;744 844;99;0;0;0;0;0
202200038763;744 843;80;0;0;1;1;3
202200038763;744 846;7;0;2;2;15;1
202200038764;744 845;7;7;0;4;23;1
202200038764;744 848;14;0;2;1;2;1
202200038765;744 839;7;0;1;8;1;1
202200038766;744 838;7;0;1;1;16;1
202200038767;744 837;30;0;2;1;17;1
202200038767;744 840;7;0;2;6;15;1
202200038768;744 834;34;0;0;7;1;1
202200038769;744 831;7;0;2;2;10;1
202200038769;744 835;32;0;2;1;2;1
202200038770;744 833;7;0;2;1;1;1
202200038770;744 836;7;0;2;2;15;1
202200038771;744 830;38;0;2;2;14;1
202200038771;744 832;50;0;2;6;1;3
202200038772;744 828;7;0;2;1;1;1
202200038772;744 829;33;0;2;1;0;1
202200038773;744 826;7;0;2;8;1;1
202200038773;744 827;7;0;2;2;1;1
202200038774;744 824;7;0;1;1;1;0
202200038775;744 820;10;0;2;4;20;1
202200038775;744 822;30;0;2;8;1;1
202200038776;744 819;7;0;2;1;2;1
202200038776;744 821;7;0;2;4;2;1
202200038776;744 825;7;0;2;4;2;2
202200038777;744 818;7;13;0;9;1;1
202200038778;744 817;7;0;2;1;1;1
202200038778;744 823;13;0;2;3;1;1
202200038779;744 815;31;0;1;1;25;1
202200038780;744 814;34;0;2;2;1;1
202200038780;744 816;7;0;2;3;20;1
202200038781;744 812;33;13;0;2;15;1
202200038782;744 811;33;14;0;1;13;1
202200038783;744 810;32;11;0;1;1;1
202200038784;744 808;7;13;0;2;1;1
202200038785;744 807;50;0;1;4;25;3
202200038786;744 806;31;0;0;1;1;1
202200038787;744 805;7;0;2;3;1;3
202200038787;744 809;7;0;2;1;9;1
202200038788;744 800;7;2;2;1;1;1
202200038788;744 804;7;0;2;8;1;1
202200038789;744 799;50;0;2;1;1;3
202200038789;744 803;7;0;9;2;9;1
202200038790;744 798;14;0;0;8;15;1
202200038790;744 801;33;0;2;1;1;1
202200038791;744 797;3;0;1;4;26;3
202200038792;744 795;7;2;0;8;1;1
202200038793;744 794;33;12;0;1;1;1
202200038794;744 793;7;0;2;1;4;0
202200038794;744 796;50;0;2;1;1;3
202200038795;744 790;33;3;0;0;17;1
202200038796;744 788;7;0;2;3;13;1
202200038796;744 789;7;0;2;3;1;1
202200038796;744 792;7;0;2;3;1;1
202200038797;744 787;2;0;2;1;15;1
202200038797;744 791;7;0;2;7;1;1
202200038798;744 786;7;15;0;3;1;1
202200038799;744 781;7;0;0;1;1;1
202200038800;744 782;7;0;2;4;23;1
202200038800;744 784;7;14;0;1;1;1
202200038801;744 780;7;0;9;3;10;1
202200038801;744 783;1;0;2;1;9;5
202200038802;744 779;7;0;2;1;2;1
202200038802;744 785;1;0;2;4;2;5
202200038803;744 775;7;0;1;1;1;1
202200038804;744 774;7;0;2;1;1;1
202200038804;744 778;7;0;2;1;13;1
202200038805;744 771;7;0;2;8;15;1
202200038805;744 772;32;0;2;1;3;1
202200038806;744 769;10;2;0;9;1;1
202200038807;744 770;7;0;2;1;1;1
202200038807;744 773;7;0;2;3;1;3
202200038807;744 776;7;0;2;3;1;1
202200038807;744 777;7;0;2;1;6;1
202200038808;744 765;7;0;0;4;23;1
202200038808;744 767;33;1;0;1;1;1
202200038809;744 766;32;0;2;2;2;1
202200038809;744 768;7;0;2;3;9;1
202200038810;744 762;2;0;2;4;1;1
202200038810;744 764;10;0;2;2;17;1
202200038811;744 760;7;0;2;3;13;1
202200038811;744 763;7;0;2;3;13;1
202200038812;744 756;7;0;9;3;1;0
202200038812;744 758;33;0;2;8;1;0
202200038813;744 754;7;0;2;2;15;2
202200038813;744 757;1;0;2;8;19;5
202200038814;744 753;7;0;2;1;1;1
202200038814;744 755;7;0;2;1;13;1
202200038815;744 751;7;0;0;4;1;1
202200038815;744 752;7;0;2;1;1;1
202200038816;744 750;10;0;1;7;1;1
202200038817;744 749;7;0;0;9;1;1
202200038818;744 747;36;2;0;1;26;1
202200038819;744 746;50;0;2;7;1;3
202200038819;744 748;7;0;2;3;9;1
202200038820;744 745;7;0;1;1;1;1
202200038821;744 740;7;0;2;3;2;1
202200038821;744 743;7;0;2;5;2;1
202200038822;744 739;32;0;2;7;6;1
202200038822;744 742;7;0;2;1;1;1
202200038823;744 741;10;0;2;8;1;1
202200038823;744 744;33;0;2;1;17;1
202200038824;744 736;7;13;0;1;0;1
202200038825;744 735;33;0;2;1;1;1
202200038825;744 738;7;0;2;3;5;1
202200038826;744 733;7;0;2;1;19;1
202200038826;744 734;7;0;2;3;1;1
202200038826;744 737;0;0;2;1;1;-1
202200038827;744 731;7;0;1;2;1;1
202200038828;744 730;10;0;1;2;21;1
202200038829;744 729;2;0;2;1;1;1
202200038829;744 732;7;0;2;3;15;1