Num_Acc;id_vehicule;catv;obs;obsm;choc;manv;motor
202200038830;744 728;7;5;0;1;1;1
202200038831;744 726;7;0;1;2;1;1
202200038832;744 724;10;0;2;3;5;1
202200038832;744 727;1;0;2;1;16;5
202200038833;744 723;33;0;2;3;13;1
202200038833;744 725;7;0;2;3;1;1
202200038834;744 721;10;0;1;3;1;1
202200038834;744 722;10;0;1;1;1;1
202200038835;744 718;7;1;2;1;1;1
202200038835;744 720;7;1;2;1;1;1
202200038836;744 717;7;0;2;3;9;1
202200038836;744 719;1;0;2;5;1;5
202200038837;744 716;7;0;1;3;16;1
202200038838;744 714;7;0;2;8;1;1
202200038838;744 715;2;0;2;8;16;1
202200038839;744 712;10;0;1;4;4;1
202200038840;744 709;7;0;2;1;13;1
202200038840;744 711;7;0;2;1;1;1
202200038841;744 710;7;0;0;6;2;1
202200038841;744 713;1;0;2;2;2;5
202200038842;744 707;1;0;2;1;1;5
202200038842;744 708;7;0;2;3;9;3
202200038843;744 705;10;0;2;3;13;0
202200038843;744 706;10;0;2;3;1;1
202200038844;744 703;10;0;1;1;15;1
202200038845;744 702;31;0;2;1;1;1
202200038845;744 704;7;0;2;2;15;1
202200038846;744 700;32;0;2;1;19;1
202200038846;744 701;7;0;2;3;1;1
202200038847;744 697;7;0;2;2;1;1
202200038847;744 699;7;0;2;5;15;1
202200038848;744 695;10;0;2;3;9;1
202200038848;744 696;2;0;0;2;2;1
202200038849;744 694;99;0;2;1;1;0
202200038849;744 698;7;6;2;1;1;0
202200038850;744 692;7;0;2;2;2;1
202200038850;744 693;7;0;2;6;2;1
202200038851;744 690;30;1;0;1;0;1
202200038852;744 688;36;0;2;1;19;1
202200038852;744 691;7;0;2;2;19;1
202200038853;744 685;33;7;0;7;1;1
202200038854;744 684;7;0;9;2;1;1
202200038854;744 686;1;0;2;3;15;5
202200038855;744 680;7;0;2;0;13;1
202200038855;744 681;7;0;2;4;1;1
202200038855;744 683;7;0;2;1;2;1
202200038855;744 687;7;0;2;1;1;1
202200038855;744 689;7;0;2;1;1;1
202200038856;744 679;7;0;2;2;15;1
202200038856;744 682;7;13;2;7;1;1
202200038857;744 678;10;0;1;4;25;1
202200038858;744 677;30;1;0;8;14;1
202200038859;744 674;33;0;2;7;16;1
202200038859;744 676;7;0;2;7;1;1
202200038860;744 673;7;5;0;2;1;1
202200038861;744 672;7;14;2;1;14;1
202200038861;744 675;13;0;2;4;1;1
202200038862;744 670;7;0;2;1;2;1
202200038862;744 671;7;0;2;4;2;1
202200038863;744 667;7;0;2;3;15;1
202200038863;744 668;1;0;2;1;19;5
202200038864;744 665;7;0;2;3;15;1
202200038864;744 669;2;0;2;7;1;1
202200038865;744 666;0;0;1;0;0;0
202200038866;744 664;2;0;1;1;1;1
202200038867;744 661;38;0;2;3;1;0
202200038867;744 663;7;0;2;3;13;6
202200038868;744 659;7;2;0;1;13;1
202200038869;744 658;32;0;2;1;21;1
202200038869;744 660;7;0;2;5;15;1
202200038869;744 662;7;0;2;3;26;1
202200038870;744 655;7;0;1;2;0;1
202200038871;744 654;2;0;0;4;15;1
202200038871;744 656;7;0;0;1;1;1
202200038872;744 652;10;0;2;2;0;1
202200038872;744 653;7;0;2;3;0;1
202200038872;744 657;15;0;2;3;0;1
202200038873;744 650;7;0;0;0;1;1
202200038874;744 649;7;0;9;2;26;1
202200038874;744 651;50;0;2;7;26;3
202200038875;744 648;7;0;1;1;1;1
202200038876;744 645;7;0;1;1;1;1
202200038877;744 644;7;0;2;2;11;1
202200038877;744 647;7;0;2;0;0;0
202200038878;744 643;7;0;2;3;26;1
202200038878;744 646;31;0;2;7;1;1
202200038879;744 640;7;0;1;5;1;1
202200038880;744 638;10;0;2;6;2;1
202200038880;744 641;33;0;2;9;2;1
202200038881;744 639;80;0;2;3;13;3
202200038881;744 642;7;0;2;3;1;1
202200038882;744 637;7;9;0;1;1;1
202200038883;744 635;33;15;0;0;19;0
202200038884;744 634;7;0;2;4;1;1
202200038884;744 636;7;0;2;1;1;1
202200038885;744 632;7;8;0;1;1;1
202200038886;744 631;7;0;2;1;5;1
202200038886;744 633;7;0;2;1;1;1
202200038887;744 630;33;7;0;0;1;1
202200038888;744 628;7;8;0;1;13;1
202200038889;744 627;7;7;2;7;15;1
202200038889;744 629;7;0;2;1;1;1
202200038890;744 624;17;0;0;4;23;1
202200038890;744 626;10;0;2;1;0;1
202200038891;744 623;33;0;2;1;1;1
202200038891;744 625;10;0;2;8;15;1
202200038892;744 621;33;13;0;1;1;1
202200038893;744 620;7;0;2;8;15;1
202200038893;744 622;2;0;2;7;17;1
202200038894;744 619;33;2;0;2;0;1
202200038895;744 617;7;0;2;2;21;1
202200038895;744 618;7;0;2;2;13;1
202200038896;744 616;43;14;0;1;1;1
202200038897;744 612;7;0;2;2;1;1
202200038897;744 615;2;0;2;1;15;1
202200038898;744 610;14;0;2;4;1;1
202200038898;744 613;7;0;2;1;1;1
202200038899;744 611;2;1;0;1;1;1
202200038899;744 614;15;0;2;7;0;1
202200038900;744 607;1;13;0;1;1;5
202200038901;744 606;7;0;2;3;9;1
202200038901;744 608;1;0;2;0;0;5
202200038902;744 605;7;0;2;1;1;1
202200038902;744 609;7;0;0;8;15;1
202200038903;744 602;7;0;2;8;19;1
202200038903;744 604;33;0;2;1;1;0
202200038904;744 601;7;0;2;1;1;1
202200038904;744 603;7;0;2;3;15;1
202200038905;744 599;7;0;2;3;9;1
202200038905;744 600;1;0;2;1;1;5
202200038906;744 596;32;0;2;1;17;1
202200038906;744 598;7;0;2;6;15;1
202200038907;744 595;7;0;2;3;1;1
202200038907;744 597;14;0;2;2;1;1
202200038908;744 594;7;13;0;1;1;1
202200038909;744 592;7;0;2;1;15;1
202200038909;744 593;33;0;2;9;21;1
202200038910;744 591;7;13;0;0;1;1
202200038911;744 588;7;0;2;4;1;1
202200038911;744 590;10;0;2;1;2;1
202200038912;744 582;1;0;2;7;1;5
202200038912;744 584;7;0;2;2;1;1
202200038913;744 581;33;0;2;1;1;1
202200038913;744 585;7;0;2;3;15;1
202200038914;744 578;31;0;2;1;1;1
202200038914;744 579;10;0;2;2;17;1
202200038915;744 571;7;0;2;1;2;1
202200038915;744 574;7;0;2;1;2;1
202200038915;744 575;7;0;2;4;2;1
202200038915;744 577;7;0;2;4;1;1
202200038916;744 572;7;0;2;3;9;1
202200038916;744 576;1;0;2;1;1;5
202200038917;744 568;7;0;2;8;23;1
202200038917;744 570;7;0;2;3;15;1
202200038917;744 573;33;0;2;1;1;1
202200038918;744 569;3;2;0;1;1;1
202200038919;744 565;10;0;2;6;23;1
202200038919;744 566;14;1;2;6;1;1
202200038919;744 567;10;0;2;1;1;1
202200038920;744 562;50;0;2;7;19;3
202200038920;744 564;7;0;9;1;9;1
202200038921;744 561;7;0;2;4;23;1
202200038921;744 563;7;0;2;1;1;1
202200038922;744 559;10;0;2;4;2;1
202200038922;744 560;7;0;2;1;2;1
202200038923;744 555;7;0;2;4;1;1
202200038923;744 557;7;0;2;1;1;1
202200038924;744 554;10;2;5;1;21;1
202200038925;744 556;7;0;2;7;12;1
202200038925;744 558;32;0;2;8;3;1
202200038926;744 551;7;0;2;1;1;1
202200038926;744 553;7;0;2;6;23;1
202200038927;744 549;33;0;2;1;1;1
202200038927;744 552;7;0;2;2;15;1
202200038928;744 548;1;0;2;1;2;5
202200038928;744 550;60;0;2;4;2;5
202200038929;744 547;2;0;0;0;0;1
202200038930;744 546;14;4;0;1;13;1
202200038931;744 544;7;6;0;1;1;1
202200038932;744 545;1;0;1;1;16;5
202200038933;744 539;7;0;2;4;0;1
202200038933;744 541;7;0;2;1;0;1
202200038934;744 540;7;0;2;4;12;1
202200038934;744 542;7;0;2;4;1;1
202200038934;744 543;7;0;2;1;1;1
202200038935;744 538;7;11;0;1;15;1
202200038936;744 532;10;0;2;2;2;1
202200038936;744 535;7;0;2;6;2;1
202200038936;744 537;7;0;2;5;2;1
202200038937;744 530;30;0;2;3;1;3
202200038937;744 533;30;0;2;1;15;1
202200038938;744 528;7;0;0;5;14;1
202200038939;744 527;7;0;2;4;2;1
202200038939;744 529;33;0;2;1;2;1
202200038939;744 531;7;0;2;4;2;1
202200038939;744 534;34;0;2;1;2;1
202200038939;744 536;7;0;2;1;2;1
202200038940;744 526;10;6;0;1;0;1
202200038941;744 521;33;0;2;6;11;1
202200038941;744 524;32;0;2;2;3;1
202200038942;744 523;30;0;2;3;1;1
202200038942;744 525;7;0;2;2;15;1
202200038943;744 519;7;0;2;4;2;1
202200038943;744 520;7;0;2;4;2;1
202200038943;744 522;7;0;2;1;2;3
202200038944;744 517;7;0;1;1;15;1
202200038945;744 515;10;0;2;4;2;1
202200038945;744 516;32;0;2;1;2;1
202200038946;744 512;33;0;0;8;3;1
202200038947;744 513;10;0;2;1;2;1
202200038947;744 514;7;0;2;8;1;1
202200038947;744 518;10;0;2;7;1;1
202200038948;744 509;10;17;0;1;14;1
202200038949;744 508;7;0;2;3;2;1
202200038949;744 511;7;0;2;5;20;1
202200038950;744 507;7;0;2;3;11;1
202200038950;744 510;33;0;2;2;3;1
202200038951;744 502;7;0;2;4;23;1
202200038951;744 505;7;1;2;1;1;1
202200038952;744 504;32;0;2;1;2;1
202200038952;744 506;7;0;2;4;3;2
202200038953;744 503;7;0;1;1;15;1
202200038954;744 498;7;0;2;4;26;1
202200038954;744 501;7;0;2;1;26;1
202200038955;744 500;33;8;0;8;17;1
202200038956;744 499;7;0;1;1;15;1
202200038957;744 495;33;0;1;1;1;1
202200038958;744 494;7;0;0;7;0;0
202200038958;744 497;7;0;2;8;1;1
202200038959;744 491;7;0;1;2;15;1
202200038960;744 490;7;3;0;2;9;1
202200038961;744 492;30;0;2;9;3;1
202200038961;744 493;13;0;2;6;23;0
202200038961;744 496;7;0;2;5;1;0
202200038962;744 487;33;0;2;1;26;1
202200038962;744 489;7;0;9;1;19;1
202200038963;744 488;7;0;1;1;15;1
202200038964;744 485;7;0;2;0;16;1
202200038964;744 486;1;0;2;8;1;5
202200038965;744 484;37;0;2;4;1;1
202200038966;744 483;7;0;1;5;4;1
202200038967;744 482;7;9;0;1;26;1
202200038968;744 478;7;0;2;2;1;1
202200038968;744 480;1;0;2;8;1;5
202200038969;744 479;7;0;2;3;13;0
202200038969;744 481;32;0;2;5;1;1
202200038970;744 476;7;0;2;2;7;1
202200038970;744 477;50;0;2;4;7;3
202200038971;744 472;99;0;2;2;16;1
202200038971;744 474;1;0;2;3;1;5
202200038972;744 471;7;8;2;2;19;2
202200038972;744 473;7;0;2;2;23;1
202200038972;744 475;7;0;2;1;1;1
202200038973;744 467;2;13;0;1;6;1
202200038974;744 469;33;4;2;2;1;1
202200038974;744 470;10;0;2;3;11;1
202200038975;744 468;50;0;0;0;1;3
202200038976;744 463;1;0;9;4;0;5
202200038976;744 465;10;0;9;4;0;0
202200038977;744 464;10;0;2;7;1;1
202200038977;744 466;33;0;2;1;2;1
202200038978;744 461;33;0;2;1;5;0
202200038978;744 462;1;0;2;1;1;5
202200038979;744 457;1;0;1;1;1;5
202200038980;744 456;7;0;2;3;9;1
202200038980;744 459;7;0;2;3;15;1
202200038981;744 453;34;0;1;7;1;1
202200038982;744 454;7;0;2;8;13;1
202200038982;744 455;33;0;2;7;1;1
202200038983;744 451;7;0;2;6;11;1
202200038983;744 452;33;0;2;1;1;1
202200038984;744 447;7;0;2;2;1;1
202200038984;744 450;10;0;2;3;1;1
202200038985;744 445;1;0;2;7;0;5
202200038985;744 446;7;0;2;2;1;1
202200038986;744 442;2;0;2;9;16;1
202200038986;744 444;7;0;2;1;1;1
202200038987;744 441;7;0;2;3;1;1
202200038987;744 443;7;0;0;8;9;1
202200038988;744 437;7;0;2;2;1;1
202200038988;744 440;7;0;2;1;1;1
202200038989;744 434;33;0;2;7;17;1
202200038989;744 436;7;0;2;8;15;1
202200038990;744 433;33;0;2;0;10;1
202200038990;744 435;7;0;2;2;10;1
202200038991;744 429;7;0;9;2;1;1
202200038991;744 430;1;0;2;8;19;5
202200038992;744 427;38;0;1;2;1;1
202200038993;744 425;31;0;2;1;17;1
202200038993;744 426;7;0;2;8;10;2
202200038994;744 423;20;0;2;1;16;1
202200038994;744 428;50;0;2;8;1;3
202200038995;744 422;43;0;2;0;1;1
202200038995;744 424;10;0;2;1;15;1
202200038996;744 420;7;0;2;7;15;1
202200038996;744 421;2;0;2;3;1;1
202200038997;744 417;7;0;2;2;2;1
202200038997;744 418;33;0;2;4;23;1
202200038998;744 416;7;0;9;3;9;1
202200038998;744 419;50;0;2;1;1;3
202200038999;744 415;7;0;1;3;17;1
202200039000;744 410;33;0;2;7;1;3
202200039000;744 413;7;0;2;0;0;1
202200039001;744 412;7;0;2;4;1;1
202200039001;744 414;7;0;2;1;1;1
202200039002;744 409;32;0;2;3;1;1
202200039002;744 411;7;0;2;3;15;1
202200039003;744 406;7;0;1;3;16;1
202200039004;744 405;7;0;2;3;1;1
202200039004;744 408;50;0;2;1;1;3
202200039005;744 404;1;0;2;1;26;5
202200039005;744 407;10;0;2;3;26;1
202200039006;744 401;7;0;2;1;15;1
202200039006;744 403;33;0;2;3;1;1
202200039007;744 400;10;0;2;0;0;1
202200039007;744 402;7;0;0;7;1;1
202200039008;744 399;7;0;1;1;15;1
202200039009;744 397;33;0;2;1;7;1
202200039009;744 398;43;0;2;7;16;1
202200039010;744 394;30;0;2;2;12;1
202200039010;744 396;7;0;2;3;1;3
202200039011;744 393;7;0;2;2;1;1
202200039011;744 395;1;0;2;1;19;5
202200039012;744 392;7;0;1;1;1;1
202200039013;744 389;7;1;2;1;1;1
202200039013;744 391;7;1;2;4;1;1
202200039014;744 386;7;0;2;3;16;1
202200039014;744 390;50;0;2;1;1;3
202200039015;744 387;7;0;2;6;11;1
202200039015;744 388;34;0;2;1;1;1
202200039016;744 384;10;0;1;4;4;1
202200039017;744 381;32;0;2;1;1;1
202200039017;744 383;7;0;2;8;15;1
202200039018;744 382;34;0;2;1;2;1
202200039018;744 385;7;0;2;6;2;1
202200039019;744 379;7;1;0;1;26;1
202200039020;744 378;7;1;0;2;1;1
202200039021;744 377;33;0;2;7;17;1
202200039021;744 380;7;0;2;8;15;1
202200039022;744 374;2;0;2;2;17;1
202200039022;744 375;7;0;2;3;15;1
202200039023;744 373;30;0;2;3;7;1
202200039023;744 376;7;0;2;2;1;1
202200039024;744 372;33;0;1;0;1;1
202200039025;744 368;7;0;2;3;15;2
202200039025;744 371;33;0;2;1;1;1
202200039026;744 369;30;0;2;1;2;1
202200039026;744 370;7;0;2;4;2;2
202200039027;744 366;7;0;2;3;15;1
202200039027;744 367;33;0;2;1;1;1
202200039028;744 364;7;2;0;3;13;1
202200039029;744 362;10;0;2;2;26;1
202200039029;744 365;1;0;2;1;1;5
202200039030;744 361;7;0;2;2;0;1
202200039030;744 363;32;0;2;3;0;1
202200039031;744 358;10;9;0;2;15;1
202200039032;744 357;7;0;2;1;9;1
202200039032;744 360;50;0;2;2;1;3
202200039033;744 356;7;0;2;1;14;1
202200039033;744 359;14;0;2;6;0;1
202200039034;744 354;33;0;9;0;21;1
202200039035;744 352;10;0;1;3;15;1
202200039036;744 353;30;0;2;2;12;1
202200039036;744 355;7;0;2;2;1;1
202200039037;744 350;7;0;0;2;26;1
202200039037;744 351;31;0;0;0;0;1
202200039038;744 348;7;0;2;1;13;1
202200039038;744 349;7;0;2;4;1;1
202200039039;744 347;7;0;1;1;15;1
202200039040;744 346;7;0;1;1;1;1
202200039041;744 344;33;14;0;1;21;0
202200039042;744 343;1;0;2;2;11;5
202200039042;744 345;7;0;2;4;1;1
202200039043;744 341;7;0;2;4;2;2
202200039043;744 342;7;0;2;3;2;1
202200039044;744 339;7;0;1;1;1;1
202200039045;744 338;33;0;2;3;13;1
202200039045;744 340;7;0;2;3;1;1
202200039046;744 336;10;2;0;1;13;1
202200039047;744 335;1;0;2;7;1;5
202200039047;744 337;7;0;2;8;16;2
202200039048;744 333;7;0;0;6;15;1
202200039048;744 334;33;0;2;2;17;1
202200039049;744 331;7;0;1;2;1;1
202200039050;744 330;7;0;0;0;10;1
202200039050;744 332;33;0;0;8;1;1
202200039051;744 329;33;14;0;1;17;1
202200039052;744 326;7;2;0;7;14;1
202200039053;744 324;50;0;2;4;15;3
202200039053;744 328;7;0;2;2;9;0
202200039054;744 322;1;0;2;1;19;5
202200039054;744 323;7;0;2;2;1;1
202200039055;744 318;7;0;2;3;1;1
202200039055;744 320;17;0;2;3;15;1
202200039056;744 317;7;0;2;3;1;1
202200039056;744 319;7;0;2;3;1;1
202200039056;744 321;7;0;2;8;1;1
202200039057;744 316;7;0;1;1;1;1
202200039058;744 314;7;0;1;1;1;1
202200039059;744 313;7;0;1;1;16;1
202200039060;744 312;7;0;2;1;1;1
202200039060;744 315;20;0;2;8;15;1
202200039061;744 311;7;9;0;1;5;1
202200039062;744 309;10;8;0;2;2;1
202200039063;744 307;7;2;0;1;14;1
202200039064;744 308;7;2;0;1;0;1
202200039065;744 305;33;6;2;1;1;1
202200039065;744 306;7;0;2;8;20;1
202200039066;744 303;7;0;2;4;2;1
202200039066;744 304;10;0;2;1;2;1
202200039067;744 302;7;0;1;1;19;1
202200039068;744 299;14;9;2;1;1;1
202200039068;744 301;7;9;2;1;13;1
202200039069;744 297;30;0;2;1;17;1
202200039069;744 300;7;0;2;3;15;1
202200039070;744 296;33;0;2;5;1;1
202200039070;744 298;7;0;2;3;15;1
202200039071;744 295;33;1;0;7;1;1
202200039072;744 290;50;0;2;1;2;3
202200039072;744 292;7;0;2;1;9;1
202200039073;744 286;7;0;2;6;13;1
202200039073;744 288;99;0;2;2;1;1
202200039073;744 291;7;0;2;1;1;1
202200039074;744 284;7;0;2;1;0;1
202200039074;744 287;7;0;2;8;16;1
202200039075;744 279;10;0;2;3;15;1
202200039075;744 283;1;0;2;3;19;5
202200039076;744 280;7;0;2;3;10;0
202200039076;744 281;33;0;2;1;1;1
202200039077;744 278;7;0;0;8;19;1
202200039077;744 282;33;0;2;1;1;1
202200039078;744 274;7;0;2;3;1;1
202200039078;744 277;7;0;2;3;1;1
202200039079;744 275;33;2;0;2;1;1
202200039080;744 273;50;0;2;1;16;3
202200039080;744 276;7;0;2;8;0;3
202200039081;744 270;10;0;2;1;13;1
202200039081;744 271;7;0;2;1;1;1
202200039082;744 269;7;1;1;1;1;1
202200039083;744 268;7;0;2;3;23;1
202200039083;744 272;7;0;2;3;0;1
202200039084;744 266;50;8;0;1;14;3
202200039085;744 264;33;0;2;3;1;1
202200039085;744 265;14;0;2;3;15;1
202200039086;744 263;2;0;2;1;2;1
202200039086;744 267;2;0;2;4;1;1
202200039087;744 259;7;0;2;1;0;1
202200039087;744 261;7;0;2;8;1;1
202200039088;744 260;7;0;2;2;16;1
202200039088;744 262;33;0;2;1;18;1
202200039089;744 258;7;0;0;9;0;1
202200039090;744 257;7;0;1;3;16;1
202200039091;744 256;33;0;1;1;1;1
202200039092;744 254;7;2;2;3;13;1
202200039092;744 255;7;0;2;3;1;1
202200039093;744 253;17;0;9;5;1;1
202200039094;744 251;80;0;2;8;1;3
202200039094;744 252;13;0;2;2;16;1
202200039095;744 250;2;0;0;0;0;1
202200039096;744 248;7;0;2;6;1;1
202200039096;744 249;7;0;2;3;1;1
202200039097;744 247;30;0;1;0;1;0
202200039098;744 243;7;0;2;5;2;1
202200039098;744 245;33;0;2;1;3;1
202200039099;744 242;7;0;2;2;1;1
202200039099;744 246;1;0;2;1;15;5
202200039100;744 241;7;0;2;0;1;1
202200039100;744 244;10;0;2;0;5;1
202200039101;744 238;7;0;2;1;1;1
202200039101;744 240;7;0;2;7;1;1
202200039102;744 237;7;0;2;6;1;1
202200039102;744 239;7;0;2;1;16;1
202200039103;744 234;10;0;2;7;1;1
202200039103;744 236;7;0;2;1;16;1
202200039104;744 232;7;8;0;9;1;1
202200039105;744 233;2;0;2;8;1;1
202200039105;744 235;7;0;2;2;1;1
202200039106;744 227;33;0;2;1;1;1
202200039106;744 228;10;0;2;3;17;1
202200039106;744 230;7;0;2;8;1;1
202200039107;744 229;1;0;2;8;13;5
202200039107;744 231;80;0;2;7;17;3
202200039108;744 226;31;0;1;1;0;1
202200039109;744 224;7;0;1;4;4;2
202200039110;744 222;99;0;1;3;26;0
202200039111;744 223;2;0;2;1;1;1
202200039111;744 225;7;0;2;5;15;1
202200039112;744 221;7;16;0;0;1;1
202200039113;744 220;37;0;1;7;14;1
202200039114;744 217;7;14;0;4;1;1
202200039114;744 218;7;14;0;4;23;1
202200039114;744 219;7;14;0;4;23;1
202200039115;744 216;99;13;6;0;1;0
202200039116;744 215;7;0;1;1;1;1
202200039117;744 212;7;0;2;8;15;1
202200039117;744 213;31;6;2;2;17;1
202200039118;744 211;1;0;2;1;1;5
202200039118;744 214;10;0;2;7;13;1
202200039119;744 209;2;0;2;1;1;1
202200039119;744 210;7;0;2;4;1;1
202200039120;744 207;7;0;2;3;1;1
202200039120;744 208;7;0;2;1;5;1
202200039121;744 206;37;0;1;2;1;2
202200039122;744 205;7;8;0;3;1;1
202200039123;744 203;7;0;2;4;1;1
202200039123;744 204;7;0;2;1;1;1
202200039124;744 202;31;0;0;0;26;1
202200039125;744 201;10;0;1;0;1;1
202200039126;744 198;7;0;2;2;1;1
202200039126;744 200;1;0;2;1;1;5
202200039127;744 196;7;0;2;1;1;1
202200039127;744 197;7;0;2;3;1;1
202200039127;744 199;15;0;2;1;12;1
202200039128;744 194;1;0;2;7;10;5
202200039128;744 195;7;0;2;1;1;1
202200039129;744 192;33;0;2;5;0;1
202200039129;744 193;7;0;2;6;11;1
202200039130;744 191;14;0;1;8;1;1
202200039131;744 189;10;3;0;6;1;1
202200039132;744 185;1;0;2;7;1;5
202200039132;744 186;7;0;9;3;1;0
202200039133;744 183;37;0;1;1;1;1
202200039134;744 182;0;0;2;1;1;1
202200039134;744 184;10;0;2;5;1;1
202200039135;744 181;1;0;0;0;1;5
202200039136;744 180;7;0;1;0;26;0
202200039137;744 177;7;0;2;8;2;1
202200039137;744 178;7;3;2;7;2;1
202200039137;744 179;7;0;2;3;2;1
202200039138;744 175;7;13;0;2;1;1
202200039139;744 174;7;0;2;4;1;1
202200039139;744 176;7;0;2;1;2;1
202200039140;744 173;7;8;0;1;1;1
202200039141;744 172;2;11;0;1;17;1
202200039142;744 171;1;12;0;1;1;5
202200039143;744 169;30;11;0;1;17;1
202200039144;744 168;7;0;2;1;0;1
202200039144;744 170;1;0;2;8;15;5
202200039145;744 167;7;0;1;8;9;1
202200039146;744 165;7;0;2;3;1;1
202200039146;744 166;2;0;2;2;15;1
202200039147;744 163;7;0;2;3;1;1
202200039147;744 164;7;0;2;2;17;1
202200039148;744 161;7;0;2;3;15;1
202200039148;744 162;2;0;2;1;1;1
202200039149;744 160;7;0;9;3;9;1
202200039150;744 158;7;0;2;6;1;1
202200039150;744 159;7;0;2;2;1;1
202200039151;744 156;7;0;2;3;1;1
202200039151;744 157;7;0;2;5;1;1
202200039152;744 154;2;0;0;1;2;1
202200039153;744 153;33;0;2;1;1;1
202200039153;744 155;1;0;2;0;0;0
202200039154;744 150;7;1;0;2;22;1
202200039154;744 152;1;1;0;3;18;5
202200039155;744 149;33;0;2;1;1;1
202200039155;744 151;17;0;2;3;1;1
202200039156;744 145;7;0;2;4;2;2
202200039156;744 146;7;0;2;1;1;1
202200039157;744 142;7;0;2;5;2;1
202200039157;744 143;33;0;2;1;3;1
202200039157;744 144;7;0;2;8;12;1
202200039158;744 140;7;0;2;1;2;3
202200039158;744 141;7;3;0;4;2;1
202200039159;744 138;7;0;2;6;15;1
202200039159;744 139;7;0;2;2;1;1
202200039160;744 133;7;0;0;1;24;1
202200039160;744 135;7;0;0;8;20;1
202200039160;744 137;7;0;2;1;1;1
202200039161;744 134;7;0;2;1;2;0
202200039161;744 136;7;0;2;4;23;1
202200039162;744 130;2;0;2;1;17;1
202200039162;744 132;3;0;2;0;0;1
202200039163;744 131;10;0;1;0;0;1
202200039164;744 129;0;0;1;0;0;0
202200039165;744 126;7;0;2;1;1;1
202200039165;744 127;7;0;2;4;15;1
202200039165;744 128;7;0;2;1;1;1
202200039166;744 124;7;0;2;7;16;1
202200039166;744 125;7;0;2;3;1;1
202200039167;744 123;7;0;1;2;16;1
202200039168;744 121;33;0;2;1;2;1
202200039168;744 122;10;0;2;3;15;1
202200039169;744 119;7;0;2;1;13;0
202200039169;744 120;7;0;2;4;23;0
202200039170;744 118;7;0;1;1;1;2
202200039171;744 115;7;0;2;3;0;1
202200039171;744 117;32;0;2;2;0;1
202200039172;744 111;7;0;2;4;23;0
202200039172;744 113;7;14;2;1;0;0
202200039173;744 110;7;0;2;4;1;1
202200039173;744 112;7;0;2;1;1;1
202200039174;744 106;0;0;2;7;17;0
202200039174;744 108;1;0;2;8;26;5
202200039175;744 105;7;0;2;4;1;1
202200039175;744 107;7;0;2;4;1;1
202200039175;744 109;7;0;2;1;1;1
202200039176;744 104;7;8;0;1;1;1
202200039177;744 103;7;1;0;1;5;1
202200039178;744 102;30;10;0;1;1;1
202200039179;744 101;31;0;0;0;14;1
202200039180;744 098;32;0;2;3;9;1
202200039180;744 100;7;0;2;7;17;1
202200039181;744 097;7;0;2;4;2;1
202200039181;744 099;7;0;2;1;2;1
202200039182;744 096;7;0;1;4;4;1
202200039183;744 095;7;0;1;2;11;1
202200039184;744 092;7;0;2;1;2;1
202200039184;744 093;7;0;2;4;2;1
202200039184;744 094;10;0;2;1;2;0
202200039185;744 090;1;0;2;0;1;5
202200039185;744 091;7;0;2;8;11;1
202200039186;744 085;7;0;2;3;19;1
202200039186;744 087;7;0;2;8;1;1
202200039187;744 079;33;0;2;1;11;1
202200039187;744 082;7;0;2;6;1;1
202200039187;744 083;7;0;2;7;1;1
202200039187;744 084;7;0;2;7;1;1
202200039187;744 086;33;0;2;0;1;1
202200039187;744 088;7;0;2;7;1;1
202200039187;744 089;7;0;2;3;1;1
202200039188;744 078;2;0;2;1;1;1
202200039188;744 080;7;0;2;5;15;1
202200039188;744 081;7;0;2;1;1;1
202200039189;744 075;1;0;2;2;2;5
202200039189;744 077;7;0;2;5;23;1
202200039190;744 074;7;0;2;1;2;1
202200039190;744 076;10;0;2;5;2;1
202200039191;744 073;1;0;0;1;1;5
202200039192;744 071;7;0;2;1;1;1
202200039192;744 072;1;0;2;1;19;5
202200039193;744 068;7;0;2;1;17;1
202200039193;744 070;30;0;2;8;15;1
202200039194;744 067;10;0;2;4;23;1
202200039194;744 069;7;0;2;1;2;1
202200039195;744 065;33;0;2;1;1;1
202200039195;744 066;32;0;2;7;15;1
202200039196;744 062;7;0;2;5;21;1
202200039196;744 064;7;0;2;2;19;1
202200039197;744 061;1;0;2;1;2;5
202200039197;744 063;10;0;2;4;4;1
202200039198;744 059;1;0;0;0;1;5
202200039199;744 058;7;0;2;2;1;1
202200039199;744 060;7;0;2;3;9;1
202200039200;744 056;50;0;2;0;1;3
202200039200;744 057;1;0;2;0;16;5
202200039201;744 054;7;9;2;3;1;1
202200039201;744 055;7;9;2;2;23;1
202200039202;744 052;7;0;2;1;1;2
202200039202;744 053;33;0;2;4;23;1
202200039203;744 046;1;0;1;8;1;5
202200039204;744 045;2;0;2;1;1;1
202200039204;744 047;7;0;2;1;1;1
202200039205;744 041;43;0;2;2;17;1
202200039205;744 043;7;0;2;0;13;1
202200039206;744 042;7;0;2;4;1;1
202200039206;744 044;7;0;2;1;2;1
202200039207;744 040;7;0;1;3;1;1
202200039208;744 039;14;0;1;7;1;1
202200039209;744 038;1;0;0;0;26;5
202200039210;744 037;32;0;1;3;17;1
202200039211;744 036;7;0;1;4;20;1
202200039212;744 032;7;0;2;7;26;1
202200039212;744 033;33;0;2;1;26;1
202200039213;744 034;1;0;2;1;5;5
202200039213;744 035;7;0;2;7;1;1
202200039214;744 031;7;6;0;1;14;1
202200039215;744 029;10;0;2;3;14;1
202200039215;744 030;37;0;2;2;1;1
202200039216;744 028;7;0;1;1;9;1
202200039217;744 027;33;12;0;1;9;1
202200039218;744 025;7;0;2;4;1;1
202200039218;744 026;7;0;2;1;2;1