Num_Acc;id_vehicule;catv;obs;obsm;choc;manv;motor
202200039219;744 023;50;0;2;7;15;3
202200039219;744 024;7;0;2;3;9;1
202200039220;744 022;50;0;1;1;18;3
202200039221;744 021;1;0;1;2;1;5
202200039222;744 019;7;0;2;4;2;1
202200039222;744 020;30;0;2;4;2;1
202200039223;744 018;7;0;1;3;16;1
202200039224;744 017;0;0;1;7;1;0
202200039225;744 016;7;1;0;0;0;0
202200039226;744 014;7;0;2;4;23;1
202200039226;744 015;7;0;2;1;2;1
202200039227;744 011;7;0;4;3;15;1
202200039227;744 012;32;0;4;2;5;3
202200039227;744 013;40;0;2;1;0;3
202200039228;744 010;30;0;0;0;11;3
202200039229;744 008;1;0;2;1;19;5
202200039229;744 009;37;0;2;1;1;1
202200039230;744 007;7;13;0;1;-1;1
202200039231;744 006;7;0;1;1;26;1
202200039232;744 005;7;9;0;2;1;1
202200039233;744 003;37;0;2;2;15;1
202200039233;744 004;50;0;2;1;5;3
202200039234;744 002;7;0;1;2;1;1
202200039235;743 999;7;0;2;8;15;1
202200039235;744 001;7;0;2;1;17;1
202200039236;743 998;7;0;2;3;13;1
202200039236;744 000;7;0;2;1;0;1
202200039237;743 996;3;0;2;1;1;6
202200039237;743 997;13;0;2;3;15;6
202200039238;743 994;7;0;2;3;20;1
202200039238;743 995;33;0;2;1;1;1
202200039239;743 992;7;0;2;3;1;1
202200039239;743 993;7;0;2;3;5;1
202200039240;743 990;33;0;2;7;1;1
202200039240;743 991;7;0;2;8;11;1
202200039241;743 989;7;0;1;7;0;1
202200039242;743 987;7;0;1;0;15;1
202200039243;743 988;1;0;1;0;1;5
202200039244;743 985;10;0;1;0;2;0
202200039245;743 982;15;12;2;6;26;1
202200039245;743 984;10;12;2;7;16;1
202200039246;743 983;34;0;2;3;1;1
202200039246;743 986;10;0;2;2;15;1
202200039247;743 979;3;0;2;3;9;0
202200039247;743 981;7;0;2;1;1;0
202200039248;743 978;7;0;2;7;2;1
202200039248;743 980;1;0;2;8;2;5
202200039249;743 976;7;0;2;3;15;1
202200039249;743 977;33;0;2;1;1;1
202200039250;743 975;1;0;1;1;1;5
202200039251;743 972;7;0;2;3;15;1
202200039251;743 974;30;0;2;1;26;1
202200039252;743 971;7;0;2;1;9;1
202200039252;743 973;50;0;2;0;1;3
202200039253;743 969;7;0;2;3;15;1
202200039253;743 970;80;0;2;1;5;3
202200039254;743 966;30;0;2;1;1;1
202200039254;743 968;7;0;2;5;16;1
202200039255;743 965;7;0;2;1;2;1
202200039255;743 967;7;0;2;1;5;1
202200039256;743 963;7;1;0;1;14;1
202200039257;743 961;7;0;1;4;20;1
202200039258;743 962;7;0;2;2;1;1
202200039258;743 964;1;0;2;3;15;5
202200039259;743 959;7;0;2;3;1;1
202200039259;743 960;7;4;2;5;17;1
202200039260;743 958;30;0;0;0;16;1
202200039261;743 956;7;0;2;3;15;1
202200039261;743 957;33;0;2;2;17;1
202200039262;743 953;33;0;2;1;12;1
202200039262;743 954;7;0;2;4;1;1
202200039263;743 950;30;0;0;0;26;1
202200039264;743 949;33;0;2;1;2;1
202200039264;743 951;7;0;2;4;2;1
202200039264;743 952;7;0;2;0;14;0
202200039265;743 947;50;0;0;9;1;3
202200039265;743 948;7;0;2;3;1;1
202200039266;743 945;33;8;0;1;1;1
202200039267;743 946;7;7;0;1;1;1
202200039268;743 943;7;0;2;3;13;1
202200039268;743 944;7;0;2;3;1;1
202200039269;743 940;7;0;2;8;13;0
202200039269;743 942;43;0;2;7;1;1
202200039270;743 939;33;0;2;1;1;1
202200039270;743 941;7;0;2;5;1;1
202200039271;743 937;30;0;1;1;1;1
202200039272;743 936;33;0;2;8;1;1
202200039272;743 938;7;0;2;1;16;1
202200039273;743 934;7;0;2;4;23;1
202200039273;743 935;7;0;2;1;2;1
202200039274;743 933;32;12;0;8;13;1
202200039275;743 931;10;0;2;3;1;1
202200039275;743 932;7;0;2;1;13;1
202200039276;743 929;32;0;2;5;17;1
202200039276;743 930;43;0;2;3;1;1
202200039277;743 928;7;0;1;1;1;2
202200039278;743 924;7;0;2;3;5;1
202200039278;743 926;7;0;2;2;1;1
202200039279;743 925;31;0;2;5;17;1
202200039279;743 927;7;0;2;3;15;1
202200039280;743 922;43;0;2;3;3;1
202200039280;743 923;7;0;2;2;12;1
202200039281;743 921;32;0;1;1;1;1
202200039282;743 920;10;0;1;3;15;1
202200039283;743 917;14;0;2;8;1;1
202200039283;743 919;7;0;2;1;1;2
202200039284;743 916;37;0;2;0;7;1
202200039284;743 918;7;0;2;6;15;1
202200039285;743 914;10;0;2;4;23;3
202200039285;743 915;7;0;2;1;1;1
202200039286;743 913;10;0;1;7;1;1
202200039287;743 912;50;12;0;0;13;3
202200039288;743 910;30;0;2;3;21;1
202200039288;743 911;7;0;2;3;9;1
202200039289;743 908;1;0;2;1;1;5
202200039289;743 909;7;0;2;8;22;3
202200039290;743 905;34;0;2;1;1;1
202200039290;743 906;7;0;2;6;15;0
202200039291;743 902;34;0;2;0;0;1
202200039291;743 904;7;0;2;3;9;2
202200039292;743 903;37;0;2;2;1;1
202200039292;743 907;7;0;2;6;9;1
202200039293;743 900;0;0;0;4;2;0
202200039293;743 901;7;0;0;2;2;1
202200039294;743 898;43;0;2;2;17;1
202200039294;743 899;7;0;2;3;9;1
202200039295;743 895;7;0;2;1;15;1
202200039295;743 897;42;0;2;3;1;1
202200039296;743 894;7;0;2;2;16;1
202200039296;743 896;1;0;2;6;15;5
202200039297;743 892;2;12;2;0;2;1
202200039297;743 893;7;0;0;0;14;0
202200039298;743 891;7;0;1;1;17;1
202200039299;743 889;7;0;2;1;2;1
202200039299;743 890;7;0;2;1;16;1
202200039300;743 888;7;2;0;1;9;1
202200039301;743 886;7;0;2;8;1;1
202200039301;743 887;30;0;2;1;9;1
202200039302;743 884;7;0;1;3;0;1
202200039303;743 883;14;0;2;2;26;0
202200039303;743 885;7;11;0;4;12;0
202200039304;743 881;7;0;0;4;2;1
202200039304;743 882;2;0;2;0;2;1
202200039305;743 880;2;0;1;1;1;1
202200039306;743 878;7;0;2;2;1;1
202200039306;743 879;34;0;2;3;16;1
202200039307;743 877;1;0;0;0;0;5
202200039308;743 876;31;0;0;0;1;1
202200039309;743 875;10;16;0;0;26;1
202200039310;743 873;7;0;2;2;15;1
202200039310;743 874;31;0;2;1;1;1
202200039311;743 870;7;0;0;1;13;1
202200039311;743 872;7;0;0;1;1;1
202200039312;743 869;10;0;2;1;1;1
202200039312;743 871;7;4;2;3;15;1
202200039313;743 866;16;0;0;0;2;1
202200039313;743 867;7;0;2;2;2;1
202200039314;743 865;15;0;2;1;1;1
202200039314;743 868;7;0;2;4;17;1
202200039315;743 864;7;0;1;4;26;1
202200039316;743 862;7;0;2;1;13;1
202200039316;743 863;17;0;2;3;1;1
202200039317;743 861;7;13;0;1;14;1
202200039318;743 860;31;0;0;8;1;1
202200039319;743 859;7;0;1;1;17;1
202200039320;743 857;7;8;0;2;1;1
202200039321;743 856;7;0;0;2;1;1
202200039321;743 858;10;0;0;1;5;1
202200039322;743 855;7;2;0;3;14;1
202200039323;743 852;7;0;2;1;1;1
202200039323;743 854;7;0;2;7;13;1
202200039324;743 851;7;0;2;1;13;1
202200039324;743 853;7;0;2;1;1;1
202200039325;743 849;1;0;0;1;1;5
202200039326;743 848;15;0;2;5;20;1
202200039326;743 850;1;0;2;1;2;5
202200039327;743 847;33;0;0;0;0;1
202200039328;743 845;2;0;2;1;2;1
202200039328;743 846;7;0;2;5;23;1
202200039329;743 844;7;6;0;1;14;1
202200039330;743 843;80;0;0;0;1;3
202200039331;743 842;20;0;0;9;1;1
202200039332;743 841;33;1;2;1;15;1
202200039333;743 839;33;13;0;3;0;1
202200039334;743 840;7;8;0;3;1;1
202200039335;743 838;7;13;0;9;13;1
202200039336;743 837;33;16;0;8;1;1
202200039337;743 835;14;3;2;3;1;1
202200039337;743 836;7;0;2;3;13;1
202200039338;743 833;7;0;2;1;13;1
202200039338;743 834;7;0;2;3;1;1
202200039339;743 832;2;15;0;2;0;1
202200039340;743 829;7;0;2;1;1;1
202200039340;743 831;7;0;2;7;19;1
202200039341;743 828;7;0;2;3;12;1
202200039341;743 830;7;0;2;3;1;1
202200039342;743 827;7;4;0;3;1;1
202200039343;743 825;7;0;2;2;1;1
202200039343;743 826;33;0;2;1;5;1
202200039344;743 823;7;0;2;1;17;1
202200039344;743 824;10;0;2;1;1;1
202200039345;743 821;7;13;2;1;17;1
202200039345;743 822;17;0;0;4;1;1
202200039346;743 820;7;8;0;2;1;1
202200039347;743 818;2;0;0;0;1;1
202200039348;743 816;7;2;0;0;1;1
202200039349;743 815;7;2;0;2;1;1
202200039350;743 813;10;0;0;6;24;1
202200039350;743 814;7;1;0;2;1;1
202200039351;743 812;7;13;0;1;1;1
202200039352;743 811;7;0;0;0;1;1
202200039353;743 809;7;0;2;1;19;1
202200039353;743 810;33;0;2;2;1;1
202200039354;743 808;7;0;0;0;1;1
202200039355;743 805;7;0;2;3;1;1
202200039355;743 807;7;0;2;3;13;1
202200039356;743 804;2;0;2;7;1;1
202200039356;743 806;7;0;2;2;15;1
202200039357;743 803;7;0;1;3;1;1
202200039358;743 801;10;0;2;3;9;1
202200039358;743 802;1;0;2;5;26;5
202200039359;743 799;7;0;2;6;15;1
202200039359;743 800;33;0;2;0;0;1
202200039360;743 798;7;2;0;7;1;1
202200039361;743 797;7;4;0;3;1;1
202200039362;743 795;1;0;0;0;0;5
202200039363;743 794;7;0;0;8;15;1
202200039363;743 796;2;0;2;2;1;1
202200039364;743 790;7;0;2;1;15;1
202200039364;743 792;33;0;2;3;21;1
202200039365;743 788;7;3;0;4;0;1
202200039365;743 789;7;0;2;4;1;2
202200039365;743 791;7;0;2;4;1;1
202200039365;743 793;15;0;2;1;1;1
202200039366;743 787;7;3;0;1;6;1
202200039367;743 785;10;0;2;1;1;1
202200039367;743 786;7;0;2;6;1;1
202200039368;743 783;13;0;2;4;2;1
202200039368;743 784;7;3;2;1;2;1
202200039369;743 781;7;15;0;4;1;1
202200039369;743 782;7;0;2;2;17;1
202200039370;743 779;10;0;2;3;1;1
202200039370;743 780;7;0;2;6;21;1
202200039371;743 778;7;0;1;0;0;0
202200039372;743 777;7;2;0;3;2;0
202200039373;743 775;7;0;2;3;15;1
202200039373;743 776;2;0;2;1;17;1
202200039374;743 774;7;0;0;2;1;1
202200039375;743 772;7;0;2;3;0;1
202200039375;743 773;7;0;2;1;1;1
202200039376;743 771;7;0;1;4;4;1
202200039377;743 766;7;0;2;4;23;1
202200039377;743 768;7;1;9;1;1;1
202200039378;743 765;7;0;2;8;10;1
202200039378;743 767;33;0;2;1;1;1
202200039379;743 764;7;6;0;8;1;1
202200039380;743 762;7;0;9;2;1;1
202200039380;743 763;1;0;2;1;1;5
202200039381;743 760;7;0;2;7;1;1
202200039381;743 761;14;6;2;1;16;1
202200039382;743 758;7;0;2;6;15;1
202200039382;743 759;33;0;2;6;17;1
202200039383;743 756;7;6;0;8;1;1
202200039384;743 757;7;0;0;2;1;1
202200039385;743 755;7;3;0;1;11;1
202200039386;743 753;33;0;2;3;2;1
202200039386;743 754;7;0;0;5;15;2
202200039387;743 752;7;0;0;2;26;1
202200039388;743 749;7;0;2;7;12;1
202200039388;743 751;33;0;2;8;1;1
202200039389;743 748;7;0;2;6;11;1
202200039389;743 750;7;0;2;2;0;1
202200039390;743 746;33;0;0;0;1;1
202200039391;743 742;7;0;2;1;2;0
202200039391;743 744;7;0;2;4;2;1
202200039392;743 741;10;0;2;0;0;1
202200039392;743 743;10;0;2;4;0;1
202200039392;743 745;7;0;2;4;0;1
202200039392;743 747;7;0;2;0;0;1
202200039393;743 738;7;0;2;7;1;1
202200039393;743 739;7;0;2;4;2;1
202200039393;743 740;33;0;2;1;2;1
202200039394;743 732;7;0;2;1;1;1
202200039394;743 734;7;0;2;4;1;1
202200039394;743 736;10;0;2;4;1;1
202200039395;743 733;10;3;2;6;2;0
202200039395;743 735;33;3;2;1;2;1
202200039396;743 727;10;0;2;8;1;1
202200039396;743 729;7;0;2;3;1;1
202200039396;743 731;7;4;2;3;17;1
202200039397;743 728;10;0;2;5;12;1
202200039397;743 730;33;0;2;3;3;1
202200039398;743 726;7;4;0;1;14;1
202200039399;743 725;43;0;0;3;1;1
202200039400;743 724;17;3;0;1;0;0
202200039401;743 721;7;0;2;4;2;1
202200039401;743 723;7;0;2;1;1;1
202200039402;743 720;7;0;2;4;2;1
202200039402;743 722;7;0;2;1;2;1
202200039403;743 718;7;0;2;5;12;1
202200039403;743 719;2;0;2;1;3;1
202200039404;743 714;10;0;2;4;0;0
202200039404;743 716;7;0;2;4;2;1
202200039404;743 717;7;0;2;1;1;1
202200039405;743 712;7;0;2;1;2;1
202200039405;743 713;7;0;2;4;1;1
202200039405;743 715;7;0;2;3;1;1
202200039406;743 709;7;4;0;3;0;1
202200039407;743 710;10;0;2;4;2;1
202200039407;743 711;7;0;2;1;1;2
202200039408;743 707;1;0;2;1;0;5
202200039408;743 708;7;0;0;4;1;1
202200039409;743 706;7;0;1;1;1;0
202200039410;743 705;7;0;1;1;1;1
202200039411;743 704;1;12;0;1;14;5
202200039412;743 703;37;0;1;2;15;1
202200039413;743 701;32;0;1;1;1;0
202200039414;743 700;30;0;4;0;0;1
202200039414;743 702;7;0;-1;3;1;1
202200039415;743 699;7;1;1;0;1;1
202200039416;743 695;7;0;2;1;1;1
202200039416;743 697;7;0;2;1;13;1
202200039417;743 696;7;0;2;0;9;1
202200039417;743 698;2;0;2;0;9;1
202200039418;743 694;33;9;0;1;13;1
202200039419;743 693;30;12;0;7;16;1
202200039420;743 691;7;0;2;7;1;1
202200039420;743 692;7;0;2;1;1;1
202200039421;743 690;30;6;0;1;14;1
202200039422;743 687;2;0;2;1;1;1
202200039422;743 689;7;0;2;8;16;2
202200039423;743 685;10;0;2;1;9;1
202200039423;743 686;7;0;2;2;1;1
202200039423;743 688;30;0;2;1;21;1
202200039424;743 683;7;0;2;1;15;1
202200039424;743 684;30;0;2;7;1;1
202200039425;743 680;7;1;0;4;24;1
202200039425;743 681;30;1;0;1;1;1
202200039426;743 679;33;0;2;1;3;1
202200039426;743 682;7;0;9;3;15;1
202200039427;743 677;7;0;2;1;1;0
202200039427;743 678;50;0;2;4;15;3
202200039428;743 675;2;0;2;1;1;1
202200039428;743 676;7;0;2;4;1;1
202200039429;743 673;7;0;2;1;1;0
202200039429;743 674;1;0;2;8;1;0
202200039430;743 671;7;12;0;7;1;1
202200039431;743 670;60;0;2;3;19;5
202200039431;743 672;7;0;2;2;16;1
202200039432;743 668;7;5;2;6;1;1
202200039432;743 669;10;0;2;2;14;1
202200039433;743 665;7;0;2;1;2;1
202200039433;743 667;7;0;2;4;26;1
202200039434;743 664;33;0;0;4;1;1
202200039434;743 666;7;0;2;4;1;1
202200039435;743 662;7;0;1;1;21;1
202200039436;743 660;7;0;2;1;1;1
202200039436;743 661;17;0;2;6;1;1
202200039436;743 663;7;0;2;1;13;1
202200039437;743 656;7;0;2;4;2;1
202200039437;743 658;7;0;2;1;2;1
202200039438;743 657;37;0;2;3;1;1
202200039438;743 659;3;1;0;1;26;1
202200039439;743 655;7;0;1;3;1;2
202200039440;743 651;32;0;2;1;1;1
202200039440;743 652;7;0;2;2;11;1
202200039441;743 650;36;0;0;1;13;1
202200039442;743 648;7;0;2;1;15;1
202200039442;743 649;33;0;2;6;1;1
202200039443;743 644;7;0;2;7;1;1
202200039443;743 645;7;0;2;1;5;1
202200039444;743 637;7;0;1;1;1;1
202200039445;743 636;7;0;2;7;15;1
202200039445;743 638;30;0;2;1;1;1
202200039446;743 633;7;0;2;2;15;1
202200039446;743 635;30;0;2;2;1;1
202200039447;743 631;7;3;0;1;14;1
202200039448;743 627;7;0;2;2;15;1
202200039448;743 629;10;0;2;3;1;1
202200039449;743 626;7;8;0;1;13;1
202200039450;743 625;7;0;1;3;1;1
202200039451;743 623;7;0;2;4;2;1
202200039451;743 624;10;0;2;1;2;1
202200039452;743 620;7;0;2;3;16;1
202200039452;743 622;10;0;2;1;1;1
202200039453;743 619;7;0;2;7;20;1
202200039453;743 621;7;1;0;6;20;1
202200039454;743 616;7;0;2;3;15;1
202200039454;743 617;80;0;2;1;1;3
202200039455;743 615;7;0;2;4;2;3
202200039455;743 618;7;0;2;1;2;1
202200039456;743 613;1;0;0;0;1;5
202200039457;743 612;7;0;2;4;1;1
202200039457;743 614;7;0;2;1;1;1
202200039458;743 609;33;0;2;5;1;1
202200039458;743 610;10;0;2;5;15;1
202200039459;743 608;1;0;2;8;1;5
202200039459;743 611;7;0;2;3;15;1
202200039460;743 606;7;16;0;9;13;1
202200039461;743 605;7;0;2;7;1;1
202200039461;743 607;7;0;2;8;1;1
202200039462;743 603;7;0;2;2;1;1
202200039462;743 604;7;0;2;3;15;1
202200039463;743 601;7;0;1;2;1;1
202200039464;743 600;7;0;2;1;1;1
202200039464;743 602;7;0;2;2;15;1
202200039465;743 599;7;0;2;7;23;1
202200039466;743 596;7;0;2;0;0;1
202200039466;743 598;7;6;0;3;21;1
202200039467;743 595;7;0;0;0;0;1
202200039467;743 597;99;0;2;2;0;3
202200039468;743 593;7;0;2;6;1;1
202200039468;743 594;7;0;2;2;1;1
202200039469;743 591;7;0;2;1;15;0
202200039469;743 592;50;0;2;7;1;3
202200039470;743 590;1;0;0;0;1;5
202200039471;743 586;7;0;2;1;1;1
202200039471;743 588;0;0;2;1;1;0
202200039472;743 584;7;0;2;1;1;1
202200039472;743 585;7;0;2;4;1;1
202200039473;743 587;1;0;2;3;13;5
202200039473;743 589;10;0;2;2;1;1
202200039474;743 583;7;0;0;0;1;1
202200039475;743 580;10;0;2;0;0;1
202200039475;743 581;1;0;2;5;21;5
202200039476;743 579;32;0;2;1;19;1
202200039476;743 582;33;0;2;8;1;1
202200039477;743 578;7;0;1;2;21;1
202200039478;743 575;7;0;2;1;13;1
202200039478;743 577;7;0;2;1;1;1
202200039479;743 574;7;0;2;4;1;1
202200039479;743 576;10;0;2;1;2;1
202200039480;743 571;1;0;2;4;1;5
202200039480;743 573;33;0;2;1;14;1
202200039481;743 572;7;1;0;1;13;1
202200039482;743 569;1;0;2;8;1;5
202200039482;743 570;7;0;2;7;17;1
202200039483;743 567;33;4;0;2;1;1
202200039484;743 563;7;0;2;1;1;1
202200039484;743 565;7;0;2;3;26;1
202200039485;743 564;7;0;2;1;1;1
202200039485;743 566;7;0;1;1;1;1
202200039485;743 568;7;0;0;0;0;1
202200039486;743 559;7;0;2;1;1;1
202200039486;743 561;7;0;2;1;1;1
202200039486;743 562;7;0;2;1;1;1
202200039487;743 560;99;0;1;0;0;0
202200039488;743 558;7;13;0;1;19;1
202200039489;743 556;30;0;0;2;1;1
202200039490;743 557;7;0;1;1;1;1
202200039491;743 554;1;0;2;8;13;5
202200039491;743 555;10;0;2;2;1;1
202200039492;743 551;7;0;1;1;15;1
202200039493;743 552;7;0;2;4;2;1
202200039493;743 553;10;0;2;1;2;1
202200039494;743 548;2;0;2;1;1;1
202200039494;743 550;7;0;2;3;15;1
202200039495;743 546;7;0;2;3;1;1
202200039495;743 549;7;0;2;1;16;1
202200039496;743 542;7;0;2;5;1;1
202200039496;743 544;7;0;2;1;9;1
202200039497;743 543;7;0;1;2;1;1
202200039498;743 541;80;0;0;7;26;3
202200039499;743 539;7;0;2;3;15;1
202200039499;743 540;33;0;2;2;1;1
202200039500;743 536;1;0;2;8;1;5
202200039500;743 538;7;0;2;5;17;0
202200039501;743 537;7;0;1;2;1;1
202200039502;743 534;7;0;2;5;1;1
202200039502;743 535;32;0;2;1;13;1
202200039503;743 530;7;0;2;1;2;1
202200039503;743 531;7;0;2;4;2;1
202200039504;743 527;13;0;2;1;0;1
202200039504;743 528;7;0;2;4;1;1
202200039505;743 526;7;0;2;8;1;1
202200039505;743 529;7;0;2;3;1;2
202200039506;743 524;50;0;0;0;1;3
202200039507;743 523;30;0;2;1;1;1
202200039507;743 525;7;0;2;3;15;1
202200039508;743 521;31;0;2;1;2;1
202200039508;743 522;7;0;2;4;23;1
202200039509;743 518;7;0;2;7;15;1
202200039509;743 520;7;0;2;1;1;1
202200039510;743 517;50;0;2;7;0;3
202200039510;743 519;10;0;2;1;1;1
202200039511;743 514;7;0;2;4;2;1
202200039511;743 516;7;0;2;4;23;1
202200039512;743 515;7;0;1;1;16;1
202200039513;743 513;7;0;1;2;1;2
202200039514;743 511;1;0;4;3;13;5
202200039514;743 512;40;0;2;3;1;3
202200039515;743 509;50;0;2;8;19;3
202200039515;743 510;43;0;2;8;1;1
202200039516;743 508;30;1;0;2;5;3
202200039517;743 506;7;1;0;2;14;2
202200039518;743 504;7;0;1;2;1;1
202200039519;743 503;2;0;2;1;1;1
202200039519;743 505;7;0;2;2;15;1
202200039520;743 500;7;0;2;3;9;2
202200039520;743 501;50;0;2;1;5;3
202200039521;743 498;80;0;2;1;1;3
202200039521;743 499;7;0;2;1;1;1
202200039522;743 496;7;0;2;7;2;2
202200039522;743 497;32;0;2;0;0;1
202200039523;743 495;7;0;1;1;1;1
202200039524;743 492;7;0;2;1;1;1
202200039524;743 493;7;0;2;1;1;1
202200039524;743 494;7;0;2;1;1;1
202200039525;743 490;7;0;2;4;1;1
202200039525;743 491;7;0;2;2;1;1
202200039526;743 488;10;0;2;4;26;1
202200039526;743 489;7;0;2;1;1;1
202200039527;743 485;7;0;2;8;1;1
202200039527;743 487;7;0;2;1;1;1
202200039528;743 484;7;0;1;1;23;1
202200039528;743 486;7;0;2;1;1;1
202200039529;743 483;0;0;1;1;1;0
202200039530;743 480;1;0;2;3;1;5
202200039530;743 481;7;0;2;1;1;1
202200039531;743 482;10;6;0;1;0;1
202200039532;743 477;80;0;2;1;5;3
202200039532;743 479;7;0;2;3;5;1
202200039533;743 474;43;0;2;4;23;1
202200039533;743 475;7;0;2;1;1;1
202200039534;743 476;7;0;2;1;26;1
202200039534;743 478;7;0;2;8;26;1
202200039535;743 472;7;0;2;3;15;1
202200039535;743 473;30;0;2;1;1;1
202200039536;743 470;30;0;2;7;1;1
202200039536;743 471;99;0;2;3;9;1
202200039537;743 468;7;0;2;3;2;1
202200039537;743 469;7;0;2;4;2;2
202200039538;743 466;7;6;0;3;1;1
202200039539;743 465;10;0;2;4;1;1
202200039539;743 467;15;0;2;4;1;1
202200039540;743 460;7;0;0;1;1;1
202200039540;743 461;7;0;2;4;2;1
202200039540;743 462;7;0;2;4;2;1
202200039540;743 463;7;0;2;4;23;1
202200039540;743 464;7;0;2;4;23;1
202200039541;743 458;33;0;2;6;15;1
202200039542;743 457;33;0;2;1;2;1
202200039542;743 459;7;0;0;6;2;2
202200039543;743 452;7;0;2;3;23;1
202200039543;743 454;2;0;2;4;1;1
202200039543;743 455;7;0;2;1;1;1
202200039544;743 453;7;0;2;3;15;1
202200039544;743 456;32;0;2;2;17;1
202200039545;743 451;7;13;0;2;1;1
202200039546;743 450;7;0;1;4;4;1
202200039547;743 447;7;0;2;1;2;1
202200039547;743 449;7;0;2;4;1;1
202200039548;743 446;7;0;2;1;1;1
202200039548;743 448;7;0;2;8;19;1
202200039549;743 445;7;0;1;2;1;1
202200039550;743 441;7;0;2;4;26;1
202200039550;743 443;7;0;2;4;26;1
202200039550;743 444;10;0;2;1;26;1
202200039551;743 440;7;13;2;8;13;1
202200039551;743 442;7;0;2;8;1;1
202200039552;743 439;7;8;0;1;1;1
202200039553;743 438;7;6;0;1;26;1
202200039554;743 437;7;15;0;1;1;1
202200039555;743 436;50;0;0;0;7;3
202200039556;743 435;7;2;0;2;14;1
202200039557;743 434;50;0;1;1;1;3
202200039558;743 432;80;0;2;1;1;3
202200039558;743 433;7;0;2;3;9;1
202200039559;743 431;1;0;1;1;1;5
202200039560;743 429;1;0;2;4;2;5
202200039560;743 430;7;0;2;1;2;0
202200039561;743 428;1;14;0;1;17;5
202200039562;743 426;7;0;2;7;16;1
202200039562;743 427;2;0;2;1;1;1
202200039563;743 424;7;0;2;3;20;1
202200039563;743 425;33;0;2;1;26;0
202200039564;743 423;7;1;0;1;1;1
202200039565;743 421;30;0;2;1;1;1
202200039565;743 422;7;0;9;3;15;1
202200039566;743 419;43;0;2;4;23;1
202200039566;743 420;10;0;2;1;2;1
202200039567;743 418;7;0;1;1;15;6
202200039568;743 416;1;0;0;0;0;5
202200039568;743 417;7;0;9;3;13;1
202200039569;743 414;33;0;2;1;13;1
202200039569;743 415;7;0;2;1;13;1
202200039570;743 412;7;0;2;1;1;1
202200039570;743 413;7;0;2;1;13;1
202200039571;743 411;33;2;0;2;14;1
202200039572;743 409;7;0;2;7;17;0
202200039572;743 410;33;0;2;6;1;1
202200039573;743 407;7;0;2;8;1;1
202200039573;743 408;7;0;2;3;13;2
202200039574;743 405;7;0;2;3;15;1
202200039574;743 406;80;0;2;1;0;5
202200039575;743 403;7;0;9;2;14;1
202200039575;743 404;1;0;0;4;0;5
202200039576;743 401;7;0;2;7;15;1
202200039576;743 402;1;0;2;1;1;5
202200039577;743 399;7;2;2;8;1;1
202200039577;743 400;7;0;2;3;13;1
202200039578;743 397;7;6;2;8;1;1
202200039578;743 398;7;6;2;1;1;1
202200039579;743 395;7;0;2;8;1;2
202200039579;743 396;43;0;2;3;26;1
202200039580;743 393;15;0;2;3;1;1
202200039580;743 394;7;0;2;3;13;1
202200039581;743 391;7;0;2;2;13;1
202200039581;743 392;2;0;2;8;1;1
202200039582;743 389;7;0;2;1;21;1
202200039582;743 390;7;0;2;1;1;1
202200039583;743 387;21;0;0;6;0;1
202200039583;743 388;7;0;0;3;0;2
202200039584;743 385;34;0;0;4;10;1
202200039584;743 386;7;0;2;3;1;1
202200039585;743 384;7;8;0;1;1;1
202200039586;743 383;7;13;0;1;1;1
202200039587;743 381;7;0;2;2;1;1
202200039587;743 382;2;0;2;1;13;1
202200039588;743 379;33;0;2;1;1;1
202200039588;743 380;7;0;2;6;15;1
202200039589;743 378;33;5;0;0;0;1
202200039590;743 377;7;2;0;2;1;1
202200039591;743 376;7;9;0;9;1;1
202200039592;743 375;33;0;0;0;1;1
202200039593;743 373;7;0;0;7;15;1
202200039593;743 374;1;0;2;3;2;5
202200039594;743 372;7;13;0;9;14;1
202200039595;743 371;7;2;0;3;26;1
202200039596;743 369;15;3;2;3;1;1
202200039596;743 370;7;3;2;2;17;1
202200039597;743 368;7;0;1;3;26;1
202200039598;743 366;33;0;2;7;21;1
202200039598;743 367;7;0;2;3;9;1
202200039599;743 365;36;0;0;0;1;1
202200039600;743 363;2;0;2;1;17;1
202200039600;743 364;7;0;2;3;1;1
202200039601;743 362;7;8;0;1;1;1
202200039602;743 361;7;0;0;2;1;1
202200039603;743 359;3;0;2;3;1;1
202200039603;743 360;7;0;2;3;1;1
202200039604;743 358;33;0;0;0;1;1
202200039605;743 357;1;0;0;0;1;5
202200039606;743 356;7;0;0;0;0;1
202200039607;743 354;1;0;2;7;17;5
202200039607;743 355;7;0;2;8;15;1
202200039608;743 352;7;0;2;8;15;1
202200039608;743 353;1;0;2;8;13;5
202200039609;743 351;32;6;0;9;2;1
202200039610;743 350;33;14;0;1;1;1
202200039611;743 348;7;0;0;4;1;1
202200039611;743 349;7;0;2;9;12;1
202200039612;743 347;33;0;0;0;17;1
202200039613;743 346;7;7;0;0;2;1
202200039614;743 342;7;14;2;4;2;1
202200039614;743 343;7;0;0;6;2;1
202200039614;743 344;7;14;2;1;2;1
202200039614;743 345;7;3;0;1;0;1
202200039615;743 340;1;0;2;1;0;5
202200039615;743 341;7;0;2;3;0;1
202200039616;743 339;30;0;9;0;0;1
202200039617;743 338;7;0;1;1;1;2
202200039618;743 336;33;7;2;7;21;1
202200039618;743 337;33;13;2;8;2;1
202200039619;743 334;7;0;2;3;1;1
202200039619;743 335;7;0;2;3;13;1
202200039620;743 332;7;0;2;2;0;1
202200039620;743 333;7;0;2;2;5;1
202200039621;743 330;7;0;0;8;16;1
202200039621;743 331;7;1;2;1;1;0
202200039622;743 329;7;2;0;2;13;1
202200039623;743 327;34;0;2;1;0;1
202200039623;743 328;7;0;2;1;15;1