Num_Acc;id_vehicule;catv;obs;obsm;choc;manv;motor
202200039624;743 325;33;0;2;1;1;1
202200039624;743 326;7;0;2;2;15;1
202200039625;743 324;7;3;0;3;13;1
202200039626;743 323;7;2;0;1;14;1
202200039627;743 322;33;3;0;1;2;1
202200039628;743 321;15;0;1;8;15;1
202200039629;743 319;7;0;2;1;13;1
202200039629;743 320;7;0;2;3;1;1
202200039630;743 317;7;0;2;1;2;1
202200039630;743 318;7;0;2;4;1;1
202200039631;743 316;33;3;0;2;0;1
202200039632;743 315;7;4;0;3;13;1
202200039633;743 312;7;0;2;2;14;1
202200039633;743 313;7;0;2;6;1;1
202200039633;743 314;7;0;2;8;1;1
202200039634;743 307;7;0;2;5;1;1
202200039634;743 308;7;0;2;6;1;1
202200039634;743 309;7;0;2;6;1;1
202200039634;743 310;7;0;2;8;1;1
202200039634;743 311;7;4;2;8;13;1
202200039635;743 304;7;7;2;9;1;1
202200039635;743 305;7;7;2;1;1;1
202200039635;743 306;17;4;0;1;1;1
202200039636;743 303;7;4;0;1;13;1
202200039637;743 301;7;0;2;5;1;1
202200039637;743 302;0;0;2;0;13;0
202200039638;743 299;7;0;2;2;12;1
202200039638;743 300;7;0;2;5;1;1
202200039639;743 297;7;0;2;8;12;0
202200039639;743 298;33;0;2;8;3;0
202200039640;743 295;7;0;2;4;1;0
202200039640;743 296;43;0;2;1;1;1
202200039641;743 293;7;0;2;3;11;1
202200039641;743 294;7;0;2;7;0;1
202200039642;743 290;7;0;2;4;2;1
202200039642;743 291;7;0;2;4;2;1
202200039642;743 292;33;0;2;1;2;1
202200039643;743 288;33;0;2;2;11;1
202200039643;743 289;7;0;2;6;1;1
202200039644;743 286;7;0;2;3;21;1
202200039644;743 287;7;0;2;5;1;1
202200039645;743 284;7;0;2;4;2;1
202200039645;743 285;33;0;2;1;2;1
202200039646;743 282;7;3;2;8;9;1
202200039646;743 283;14;0;2;2;14;1
202200039647;743 280;7;0;2;4;2;1
202200039647;743 281;7;0;2;1;2;1
202200039648;743 276;7;0;2;4;1;1
202200039648;743 277;7;0;0;2;1;1
202200039648;743 278;7;0;0;6;1;1
202200039648;743 279;7;0;2;9;1;1
202200039649;743 274;7;0;2;3;11;1
202200039649;743 275;33;0;2;1;3;1
202200039650;743 273;7;0;1;2;19;0
202200039651;743 270;7;0;2;1;1;1
202200039651;743 271;7;0;2;7;13;1
202200039652;743 268;7;0;2;7;15;1
202200039652;743 269;33;0;2;1;1;1
202200039653;743 266;10;0;2;1;19;1
202200039653;743 267;30;0;2;7;1;1
202200039654;743 265;7;8;0;3;13;0
202200039655;743 264;7;6;0;2;1;1
202200039656;743 263;7;1;0;3;13;1
202200039657;743 262;7;0;1;7;1;1
202200039658;743 261;7;11;0;1;1;2
202200039659;743 260;17;0;1;1;1;1
202200039660;743 258;7;0;2;3;15;1
202200039660;743 259;2;0;2;1;13;1
202200039661;743 256;80;0;0;4;0;3
202200039661;743 257;0;0;0;1;0;0
202200039662;743 254;1;0;2;4;0;5
202200039662;743 255;7;0;9;1;1;1
202200039663;743 252;7;0;2;8;1;1
202200039663;743 253;7;0;2;9;21;1
202200039664;743 250;10;0;2;3;1;1
202200039664;743 251;10;0;2;3;13;1
202200039665;743 249;7;13;0;1;2;1
202200039666;743 248;7;0;0;3;15;1
202200039667;743 246;7;0;2;3;15;1
202200039667;743 247;30;0;2;1;17;1
202200039668;743 245;30;0;0;0;26;1
202200039669;743 243;7;0;2;2;15;6
202200039669;743 244;32;0;2;0;1;6
202200039670;743 241;33;0;2;1;1;1
202200039670;743 242;34;0;2;1;0;1
202200039671;743 239;7;0;2;3;1;2
202200039671;743 240;30;0;2;1;1;3
202200039672;743 238;7;0;1;1;13;1
202200039673;743 237;7;0;1;1;1;1
202200039674;743 236;30;0;0;0;26;1
202200039675;743 234;7;0;2;1;2;1
202200039675;743 235;7;0;2;4;1;1
202200039676;743 232;7;0;2;3;15;1
202200039676;743 233;34;0;2;2;17;1
202200039677;743 230;7;0;2;2;1;1
202200039677;743 231;7;0;2;2;17;1
202200039678;743 228;7;0;2;0;0;1
202200039678;743 229;32;0;2;1;1;1
202200039679;743 226;30;0;2;1;17;1
202200039679;743 227;7;0;2;8;15;1
202200039680;743 225;7;14;0;1;1;1
202200039681;743 224;7;1;1;1;1;0
202200039682;743 222;34;0;2;1;1;0
202200039682;743 223;7;0;2;1;11;1
202200039683;743 218;7;0;2;1;2;1
202200039683;743 219;7;0;2;4;23;1
202200039683;743 220;7;0;2;4;23;1
202200039683;743 221;7;0;2;4;23;1
202200039684;743 216;15;0;2;1;1;1
202200039684;743 217;7;0;2;1;17;1
202200039685;743 214;1;0;2;2;1;5
202200039685;743 215;7;0;2;6;9;0
202200039686;743 212;7;0;2;4;1;1
202200039686;743 213;7;0;2;1;1;1
202200039687;743 209;10;0;2;4;2;1
202200039687;743 210;7;0;2;4;2;1
202200039687;743 211;7;0;2;1;2;1
202200039688;743 208;2;0;0;1;1;1
202200039689;743 207;7;12;0;1;14;1
202200039690;743 206;30;9;0;1;1;1
202200039691;743 205;7;0;1;2;15;1
202200039692;743 204;40;0;1;1;1;3
202200039693;743 202;7;0;2;3;15;1
202200039693;743 203;1;0;2;1;1;5
202200039694;743 201;7;11;0;1;20;1
202200039695;743 198;10;0;1;2;19;1
202200039696;743 196;7;12;2;3;0;1
202200039696;743 197;31;0;2;1;0;1
202200039697;743 194;30;0;2;1;1;1
202200039697;743 195;7;0;2;5;1;1
202200039698;743 193;7;2;0;1;14;1
202200039699;743 191;7;0;2;2;26;1
202200039699;743 192;1;0;2;2;26;5
202200039700;743 189;7;0;2;1;0;1
202200039700;743 190;7;0;2;4;23;1
202200039701;743 188;7;0;0;7;15;1
202200039702;743 187;7;0;1;3;1;1
202200039703;743 184;7;0;2;7;1;1
202200039703;743 185;7;0;2;1;1;1
202200039703;743 186;7;0;2;1;1;1
202200039704;743 182;7;0;2;1;11;1
202200039704;743 183;7;0;2;3;9;1
202200039705;743 180;33;0;2;2;13;1
202200039705;743 181;7;0;2;8;15;1
202200039706;743 176;7;8;2;0;15;0
202200039706;743 177;7;0;2;6;2;0
202200039706;743 178;7;3;2;4;2;0
202200039706;743 179;7;0;2;1;2;0
202200039707;743 174;7;0;2;3;15;2
202200039707;743 175;7;0;2;2;1;1
202200039708;743 172;1;0;2;1;2;5
202200039708;743 173;7;0;0;5;4;1
202200039709;743 171;7;16;0;0;0;1
202200039710;743 170;30;0;0;0;0;1
202200039711;743 169;7;0;1;2;9;1
202200039712;743 168;33;0;0;8;1;1
202200039713;743 165;7;0;2;4;2;1
202200039713;743 166;10;0;2;2;2;1
202200039713;743 167;10;0;2;5;2;1
202200039714;743 163;7;0;2;6;2;1
202200039714;743 164;32;0;2;1;2;1
202200039715;743 161;7;0;2;3;23;1
202200039715;743 162;7;0;2;3;15;1
202200039716;743 160;32;0;0;8;1;1
202200039717;743 158;43;0;2;7;17;1
202200039717;743 159;7;0;2;3;13;1
202200039718;743 156;50;0;2;4;9;3
202200039718;743 157;7;0;2;3;1;2
202200039719;743 154;32;0;2;7;1;1
202200039719;743 155;7;0;2;8;22;1
202200039720;743 152;1;0;2;1;1;5
202200039720;743 153;10;0;2;7;15;1
202200039721;743 150;7;0;2;2;1;1
202200039721;743 151;7;0;2;3;1;1
202200039722;743 149;13;0;1;2;16;1
202200039723;743 148;43;1;0;3;13;1
202200039724;743 146;7;0;2;6;4;1
202200039724;743 147;1;0;2;3;2;5
202200039725;743 144;1;0;2;2;13;5
202200039725;743 145;10;0;2;6;17;1
202200039726;743 142;7;0;2;6;2;1
202200039726;743 143;30;0;2;2;2;1
202200039727;743 140;7;0;2;6;16;0
202200039727;743 141;7;0;2;2;1;5
202200039728;743 138;33;0;2;4;23;1
202200039728;743 139;7;0;2;3;2;1
202200039729;743 137;1;0;0;0;0;5
202200039730;743 135;7;1;2;5;4;2
202200039730;743 136;7;0;2;2;24;1
202200039731;743 134;7;1;0;3;1;1
202200039732;743 132;7;0;2;4;2;1
202200039732;743 133;7;0;2;1;2;1
202200039733;743 131;7;0;1;3;1;1
202200039734;743 130;7;1;0;1;14;1
202200039735;743 128;7;0;2;1;1;1
202200039735;743 129;7;0;9;4;1;1
202200039736;743 127;7;0;1;0;16;1
202200039737;743 125;7;0;2;2;15;1
202200039737;743 126;50;0;2;1;25;3
202200039738;743 123;37;16;0;2;15;0
202200039738;743 124;99;0;2;3;17;2
202200039739;743 121;43;0;2;1;17;1
202200039739;743 122;7;0;2;8;15;1
202200039740;743 119;32;0;2;2;1;1
202200039740;743 120;7;0;2;6;1;1
202200039741;743 117;7;0;2;2;1;1
202200039741;743 118;32;0;2;1;25;1
202200039742;743 116;30;15;0;7;14;1
202200039743;743 115;40;0;1;2;1;0
202200039744;743 114;2;12;0;0;0;1
202200039745;743 111;2;0;0;0;0;0
202200039745;743 112;3;0;2;8;21;0
202200039745;743 113;3;0;2;8;26;0
202200039746;743 109;33;0;2;2;14;1
202200039746;743 110;33;0;2;6;1;1
202200039747;743 107;7;0;2;7;19;1
202200039747;743 108;7;0;2;1;1;1
202200039748;743 106;33;3;0;8;1;1
202200039749;743 104;7;0;2;7;15;1
202200039749;743 105;33;15;2;7;14;1
202200039750;743 102;1;0;2;8;15;5
202200039750;743 103;7;0;9;1;1;1
202200039751;743 101;7;12;0;2;1;1
202200039752;743 100;7;17;0;1;14;1
202200039753;743 099;7;0;1;3;1;1
202200039754;743 095;17;2;0;1;1;1
202200039755;743 093;7;0;2;1;13;1
202200039755;743 094;7;0;2;1;1;1
202200039756;743 092;7;6;1;1;1;1
202200039757;743 090;33;0;2;8;1;1
202200039757;743 091;7;0;2;1;15;1
202200039758;743 088;10;0;2;1;15;1
202200039758;743 089;31;0;2;1;1;1
202200039759;743 087;33;15;0;8;14;1
202200039760;743 085;15;0;2;3;12;1
202200039760;743 086;7;0;2;7;11;1
202200039761;743 081;7;0;2;1;2;1
202200039761;743 082;10;0;2;4;2;1
202200039761;743 083;10;0;2;4;1;1
202200039761;743 084;10;0;2;4;2;1
202200039762;743 080;7;14;0;1;2;1
202200039763;743 079;31;0;0;7;1;1
202200039764;743 077;13;0;2;3;1;1
202200039764;743 078;7;3;2;7;17;1
202200039765;743 075;7;0;2;4;1;1
202200039765;743 076;7;0;2;1;1;1
202200039766;743 074;7;3;0;1;9;1
202200039767;743 072;7;0;2;4;12;1
202200039767;743 073;32;0;2;1;1;1
202200039768;743 070;17;3;0;6;1;1
202200039768;743 071;10;4;2;1;26;1
202200039769;743 069;33;4;0;8;13;1
202200039770;743 066;7;0;2;5;1;1
202200039770;743 067;32;0;2;1;3;1
202200039770;743 068;43;0;2;3;1;1
202200039771;743 064;33;0;2;1;3;1
202200039771;743 065;7;0;2;6;12;1
202200039772;743 063;33;5;0;2;26;1
202200039773;743 061;33;0;2;8;3;1
202200039773;743 062;7;0;2;7;12;1
202200039774;743 059;7;0;2;1;2;2
202200039774;743 060;14;0;2;5;2;1
202200039775;743 058;7;4;0;2;14;1
202200039776;743 056;7;0;2;0;0;0
202200039776;743 057;7;1;0;0;0;0
202200039777;743 055;7;4;0;7;14;1
202200039778;743 051;7;0;2;1;3;1
202200039778;743 052;7;0;2;4;1;1
202200039778;743 053;7;3;0;1;0;1
202200039778;743 054;7;0;2;3;1;1
202200039779;743 048;7;0;2;4;2;2
202200039779;743 049;7;0;2;1;2;1
202200039779;743 050;7;0;2;2;2;1
202200039780;743 047;7;0;0;2;1;1
202200039781;743 045;33;0;2;7;17;1
202200039781;743 046;7;0;2;3;13;1
202200039782;743 043;7;0;2;1;1;1
202200039782;743 044;7;0;2;1;13;1
202200039783;743 042;7;2;0;1;1;1
202200039784;743 040;30;0;2;3;1;1
202200039784;743 041;7;0;2;6;15;1
202200039785;743 039;7;2;0;1;14;1
202200039786;743 037;7;0;2;2;1;1
202200039786;743 038;7;0;0;3;10;1
202200039787;743 036;50;1;0;1;25;3
202200039788;743 029;7;0;2;0;0;1
202200039788;743 030;7;0;2;1;0;1
202200039788;743 031;7;0;2;1;0;1
202200039788;743 033;7;0;2;1;0;1
202200039788;743 034;7;0;2;4;23;1
202200039789;743 032;7;1;2;1;2;1
202200039789;743 035;7;0;2;1;13;1
202200039790;743 027;30;0;0;1;0;1
202200039791;743 026;7;0;2;1;1;1
202200039791;743 028;7;0;2;4;0;1
202200039792;743 025;7;7;0;1;17;1
202200039793;743 021;7;0;9;6;2;1
202200039793;743 023;7;0;2;2;2;1
202200039794;743 022;7;0;2;1;1;2
202200039794;743 024;33;0;2;1;17;1
202200039795;743 016;10;0;2;4;2;1
202200039795;743 018;43;0;2;1;2;1
202200039796;743 015;7;0;2;3;1;2
202200039796;743 017;30;0;2;1;13;1
202200039796;743 019;7;0;9;3;13;1
202200039797;743 011;33;0;2;2;3;1
202200039797;743 014;7;0;2;5;14;1
202200039798;743 010;33;0;2;1;2;1
202200039798;743 012;7;0;2;4;2;1
202200039798;743 013;7;0;2;1;2;0
202200039799;743 007;33;0;2;1;1;1
202200039799;743 009;14;0;2;3;1;1
202200039800;743 006;33;0;2;3;2;1
202200039800;743 008;7;0;2;4;2;0
202200039801;743 004;7;0;1;8;1;1
202200039802;743 003;1;0;2;8;19;5
202200039802;743 005;30;0;2;1;1;1
202200039803;743 001;7;0;2;1;10;1
202200039803;743 002;10;0;2;3;1;1
202200039804;743 000;43;0;1;3;17;1
202200039805;742 998;7;0;2;3;15;1
202200039805;742 999;34;0;2;2;1;1
202200039806;742 996;33;0;2;1;1;1
202200039806;742 997;1;0;2;6;15;5
202200039807;742 995;1;0;1;1;1;5
202200039808;742 992;31;0;2;1;1;1
202200039808;742 993;7;0;2;2;15;2
202200039809;742 991;31;0;2;3;1;1
202200039809;742 994;30;0;2;1;1;1
202200039810;742 990;1;0;1;1;14;5
202200039811;742 988;32;0;2;1;1;1
202200039811;742 989;10;0;2;7;15;1
202200039812;742 986;37;0;2;5;7;1
202200039812;742 987;1;0;2;3;13;5
202200039813;742 985;7;0;1;1;1;1
202200039814;742 983;7;0;2;1;1;1
202200039814;742 984;7;0;2;8;15;1
202200039815;742 980;10;0;2;7;15;1
202200039815;742 981;1;0;2;1;16;5
202200039816;742 979;7;0;2;1;1;1
202200039816;742 982;7;0;2;4;1;1
202200039817;742 978;7;6;0;8;2;1
202200039818;742 976;50;0;2;1;1;3
202200039818;742 977;1;0;2;1;17;5
202200039819;742 974;7;0;2;1;1;1
202200039819;742 975;7;0;0;4;15;1
202200039820;742 972;10;0;2;8;1;1
202200039820;742 973;30;0;2;7;17;1
202200039821;742 970;7;0;2;1;1;1
202200039821;742 971;33;0;2;0;1;1
202200039822;742 968;32;0;2;3;1;1
202200039822;742 969;31;0;2;2;14;0
202200039823;742 966;1;0;1;7;17;5
202200039824;742 965;7;0;2;1;1;1
202200039824;742 967;7;0;2;1;13;1
202200039825;742 963;7;0;2;3;15;1
202200039825;742 964;30;0;2;1;7;1
202200039826;742 962;7;2;0;7;14;1
202200039827;742 960;7;0;2;4;1;1
202200039827;742 961;7;0;2;1;1;1
202200039828;742 958;7;2;0;7;1;1
202200039829;742 957;34;0;2;1;17;1
202200039829;742 959;7;0;2;8;10;1
202200039830;742 954;7;0;2;4;1;1
202200039830;742 956;7;0;2;1;1;1
202200039831;742 953;7;0;2;8;1;1
202200039831;742 955;7;0;2;1;1;1
202200039832;742 951;7;0;0;1;19;1
202200039832;742 952;7;0;0;1;19;2
202200039833;742 950;7;2;0;1;16;1
202200039834;742 948;32;0;2;1;1;1
202200039834;742 949;7;0;2;3;1;1
202200039835;742 945;7;0;2;1;1;1
202200039835;742 947;7;0;2;1;1;1
202200039836;742 944;7;0;2;2;5;1
202200039836;742 946;7;0;2;0;0;1
202200039837;742 943;7;13;0;0;1;1
202200039838;742 941;34;0;2;3;3;6
202200039838;742 942;7;0;2;3;0;0
202200039839;742 940;43;0;1;1;1;1
202200039840;742 939;7;0;1;1;1;1
202200039841;742 938;7;2;0;1;1;1
202200039842;742 936;7;0;1;1;1;1
202200039843;742 937;7;12;0;1;1;1
202200039844;742 933;13;0;2;7;16;0
202200039844;742 934;7;11;2;6;16;1
202200039845;742 935;7;13;0;1;1;1
202200039846;742 931;7;0;1;1;1;1
202200039847;742 930;7;0;2;3;9;1
202200039847;742 932;30;0;2;1;1;1
202200039848;742 928;7;0;2;3;1;1
202200039848;742 929;7;0;2;3;13;1
202200039849;742 926;7;0;0;9;1;1
202200039850;742 925;7;4;2;1;26;1
202200039850;742 927;7;4;2;1;0;1
202200039851;742 924;7;5;0;1;9;1
202200039852;742 921;7;13;0;2;1;1
202200039853;742 922;3;0;2;5;4;0
202200039853;742 923;2;0;2;1;0;0
202200039854;742 920;2;12;0;0;1;1
202200039855;742 918;32;4;2;8;1;1
202200039855;742 919;7;0;2;2;12;1
202200039856;742 916;7;0;2;1;6;1
202200039856;742 917;7;0;2;1;1;1
202200039857;742 915;7;6;0;1;1;1
202200039858;742 914;7;4;0;1;14;1
202200039859;742 913;7;13;0;1;1;1
202200039860;742 911;7;3;2;1;1;1
202200039860;742 912;7;3;0;4;1;0
202200039861;742 910;7;2;0;0;1;1
202200039862;742 907;7;0;2;3;1;1
202200039862;742 909;7;0;2;7;17;0
202200039863;742 906;7;0;2;3;21;1
202200039863;742 908;7;0;2;3;1;1
202200039864;742 905;7;13;0;2;1;1
202200039865;742 901;7;6;0;5;13;1
202200039865;742 902;3;0;2;1;5;1
202200039866;742 903;7;8;2;4;1;1
202200039866;742 904;14;0;2;1;1;1
202200039867;742 900;10;13;0;1;1;1
202200039868;742 897;7;0;1;8;15;1
202200039869;742 898;7;6;2;3;1;1
202200039869;742 899;7;0;2;1;13;1
202200039870;742 895;7;13;1;7;21;1
202200039871;742 896;10;13;0;1;1;1
202200039872;742 893;7;0;2;1;3;1
202200039872;742 894;3;0;0;4;1;1
202200039873;742 892;31;0;0;0;1;1
202200039874;742 890;7;8;0;1;1;1
202200039875;742 891;7;2;0;3;2;1
202200039876;742 886;7;0;2;1;17;1
202200039876;742 888;7;0;2;1;1;1
202200039876;742 889;7;0;2;6;1;1
202200039877;742 885;7;4;2;3;18;1
202200039877;742 887;10;0;2;5;1;1
202200039878;742 883;7;3;0;1;14;1
202200039879;742 884;33;0;0;8;1;1
202200039880;742 879;7;0;2;1;1;1
202200039880;742 880;2;0;2;7;19;0
202200039881;742 881;1;0;2;4;13;5
202200039881;742 882;10;0;2;2;17;1
202200039882;742 878;7;0;1;3;1;1
202200039883;742 877;10;0;1;1;1;1
202200039884;742 876;7;2;0;1;1;1
202200039885;742 873;15;0;0;0;15;1
202200039885;742 875;7;7;2;1;1;1
202200039886;742 870;34;0;2;1;17;1
202200039886;742 872;7;0;0;8;19;1
202200039887;742 867;14;0;0;5;2;1
202200039887;742 869;15;0;2;3;13;1
202200039888;742 866;7;0;2;8;9;2
202200039888;742 868;1;0;2;2;1;5
202200039889;742 863;7;0;2;1;1;1
202200039889;742 864;7;0;2;1;1;1
202200039889;742 865;7;0;2;1;21;1
202200039890;742 862;33;0;0;0;0;1
202200039891;742 861;2;12;0;8;0;1
202200039892;742 859;32;0;2;1;1;1
202200039892;742 860;7;0;2;1;1;1
202200039893;742 857;10;0;2;2;15;1
202200039893;742 858;7;0;2;1;1;1
202200039894;742 856;2;0;0;0;0;1
202200039895;742 855;7;0;1;2;16;1
202200039896;742 853;7;3;0;9;14;1
202200039897;742 852;7;2;0;7;0;1
202200039898;742 849;10;0;2;1;1;1
202200039898;742 851;7;0;2;7;13;1
202200039899;742 847;7;0;2;1;1;1
202200039899;742 848;7;0;2;1;13;1
202200039900;742 844;7;0;1;4;4;1
202200039901;742 845;7;0;2;1;1;1
202200039901;742 846;21;0;2;3;15;1
202200039902;742 843;7;3;0;1;14;1
202200039903;742 842;7;2;0;1;1;1
202200039904;742 841;7;7;0;1;1;1
202200039905;742 840;7;13;0;2;14;1
202200039906;742 838;3;6;0;1;1;1
202200039907;742 837;7;0;2;1;5;1
202200039907;742 839;7;0;2;1;2;1
202200039908;742 835;7;0;2;2;1;1
202200039908;742 836;7;0;0;7;15;1
202200039909;742 833;7;0;2;1;1;1
202200039909;742 834;10;0;0;8;1;1
202200039910;742 831;7;0;2;0;1;1
202200039910;742 832;17;0;2;8;1;1
202200039911;742 826;15;0;2;1;1;1
202200039911;742 827;3;0;2;1;5;1
202200039911;742 828;15;0;2;1;14;1
202200039912;742 824;10;0;0;0;19;1
202200039912;742 825;33;0;2;1;1;1
202200039913;742 823;7;4;0;1;0;1
202200039914;742 822;7;3;0;3;1;1
202200039915;742 821;15;0;0;8;1;1
202200039916;742 819;7;0;2;1;1;1
202200039916;742 820;7;0;2;4;1;1
202200039917;742 817;10;0;2;1;1;1
202200039917;742 818;7;0;0;4;1;1
202200039918;742 813;7;0;2;4;2;1
202200039918;742 814;7;0;2;4;2;1
202200039918;742 816;7;0;2;1;2;1
202200039919;742 811;7;0;2;4;1;1
202200039919;742 812;7;0;2;4;1;1
202200039919;742 815;7;0;2;1;1;1
202200039920;742 807;7;0;0;3;15;1
202200039920;742 808;1;0;2;1;1;5
202200039921;742 803;10;0;2;3;2;1
202200039921;742 804;7;1;2;5;2;2
202200039921;742 805;7;3;0;3;11;1
202200039921;742 806;7;0;2;4;0;1
202200039921;742 809;7;0;2;8;2;1
202200039921;742 810;7;0;2;4;12;1
202200039922;742 802;7;4;0;1;1;1
202200039923;742 801;7;0;2;1;9;1
202200039924;742 797;7;0;2;1;21;1
202200039924;742 798;17;0;2;3;1;1
202200039925;742 799;1;0;2;3;1;5
202200039925;742 800;10;0;2;3;1;1
202200039926;742 795;33;0;2;2;1;1
202200039926;742 796;7;0;2;3;11;0
202200039927;742 793;7;0;0;8;13;1
202200039928;742 792;32;0;2;7;1;1
202200039928;742 794;7;0;2;3;15;0
202200039929;742 790;15;0;2;2;12;1
202200039929;742 791;7;0;2;6;1;1
202200039930;742 786;7;0;2;1;1;1
202200039930;742 787;7;0;2;4;1;1
202200039930;742 789;7;0;2;4;1;1
202200039931;742 788;33;0;0;3;1;1
202200039932;742 784;15;0;2;4;11;1
202200039932;742 785;7;0;2;1;1;1
202200039933;742 783;7;2;0;3;1;1
202200039934;742 781;17;0;2;8;1;1
202200039934;742 782;7;4;2;3;21;1
202200039935;742 780;7;0;1;1;1;1
202200039936;742 779;7;0;1;2;1;1
202200039937;742 777;7;0;1;1;1;1
202200039938;742 776;10;0;2;7;1;1
202200039938;742 778;7;0;2;1;1;1
202200039939;742 774;7;0;2;4;1;1
202200039939;742 775;7;0;2;1;1;1
202200039940;742 773;7;0;1;2;15;1
202200039941;742 770;7;16;0;0;14;1
202200039941;742 771;1;16;0;0;26;5
202200039942;742 769;7;0;2;1;13;1
202200039942;742 772;7;0;2;1;1;1
202200039943;742 768;7;0;1;2;17;1
202200039944;742 766;10;0;1;5;1;1
202200039945;742 765;1;0;2;7;1;5
202200039945;742 767;7;0;2;2;9;1
202200039946;742 763;7;13;0;1;1;1
202200039947;742 762;7;0;0;0;0;1
202200039947;742 764;30;0;2;0;15;1
202200039948;742 760;7;0;1;1;16;1
202200039949;742 759;30;0;2;3;11;1
202200039949;742 761;30;0;2;0;0;0
202200039950;742 757;33;3;0;3;1;1
202200039951;742 756;7;0;2;7;15;3
202200039951;742 758;1;0;2;1;9;5
202200039952;742 755;7;0;1;1;15;1
202200039953;742 752;1;0;1;2;19;5
202200039954;742 751;15;0;2;1;0;1
202200039954;742 753;7;0;2;3;17;1
202200039954;742 754;7;0;2;3;21;1
202200039955;742 750;7;0;1;1;1;1
202200039956;742 749;7;4;0;0;1;0
202200039957;742 746;7;0;2;1;15;1
202200039957;742 748;32;0;2;1;1;1
202200039958;742 747;33;0;0;0;0;1
202200039959;742 741;7;0;2;4;23;1
202200039959;742 743;7;0;2;1;1;1
202200039960;742 739;7;0;2;0;0;1
202200039960;742 740;7;0;2;0;0;1
202200039960;742 742;7;0;2;0;0;1
202200039960;742 744;7;0;2;4;23;1
202200039960;742 745;10;0;2;0;0;1
202200039961;742 738;7;4;0;9;1;1
202200039962;742 737;7;0;1;7;1;1
202200039963;742 735;7;0;2;4;14;1
202200039963;742 736;33;0;2;1;1;1
202200039964;742 733;7;0;2;1;1;1
202200039964;742 734;7;0;2;3;16;1
202200039965;742 730;7;0;1;2;1;1
202200039966;742 729;15;0;2;4;2;1
202200039966;742 731;7;0;2;1;2;1
202200039966;742 732;10;0;2;1;2;1
202200039967;742 728;7;4;0;1;13;1
202200039968;742 726;7;0;2;4;2;1
202200039968;742 727;7;0;2;1;2;1
202200039969;742 724;10;0;2;3;1;1
202200039969;742 725;7;0;2;2;13;3
202200039970;742 721;7;0;2;8;11;1
202200039970;742 723;33;0;2;7;3;1
202200039971;742 720;10;14;9;3;15;1
202200039971;742 722;1;0;0;0;0;5
202200039972;742 718;7;8;0;8;0;1
202200039973;742 716;10;0;2;4;1;1
202200039973;742 717;7;0;2;3;1;1
202200039973;742 719;33;0;2;1;3;1
202200039974;742 714;7;0;2;3;15;1
202200039974;742 715;31;0;2;1;1;1
202200039975;742 713;7;4;0;8;1;1
202200039976;742 712;7;0;1;1;1;1
202200039977;742 710;7;3;0;1;1;1
202200039978;742 709;33;0;2;1;2;1
202200039978;742 711;7;0;2;3;15;1
202200039979;742 705;7;0;2;1;2;1
202200039979;742 707;7;0;2;4;2;1
202200039979;742 708;7;0;2;4;2;1
202200039980;742 704;7;0;2;4;1;1
202200039980;742 706;10;0;2;1;2;1
202200039981;742 702;7;0;1;1;15;1
202200039982;742 701;31;6;0;1;1;1
202200039983;742 698;7;0;2;1;13;1
202200039983;742 699;7;0;2;7;21;1
202200039983;742 700;7;0;2;1;2;1
202200039984;742 695;7;3;0;1;9;1
202200039984;742 703;7;0;9;1;1;1
202200039985;742 691;33;0;2;3;1;1
202200039985;742 692;7;0;2;5;12;1
202200039986;742 688;7;0;2;8;1;1
202200039986;742 690;7;0;2;1;15;1
202200039987;742 687;7;0;2;2;12;1
202200039987;742 689;33;0;2;3;0;1
202200039988;742 685;7;0;1;3;15;1
202200039989;742 686;33;0;0;7;1;1
202200039990;742 682;7;0;2;1;1;1
202200039990;742 684;7;0;2;7;19;1
202200039991;742 681;7;0;2;1;1;1
202200039991;742 683;7;0;2;4;1;2
202200039992;742 680;7;0;1;1;15;1
202200039993;742 679;7;5;0;2;2;1
202200039994;742 676;7;0;2;4;0;1
202200039994;742 677;7;0;2;1;1;1
202200039995;742 675;33;0;2;9;2;1
202200039995;742 678;7;0;2;7;2;1
202200039996;742 672;7;0;2;1;1;1
202200039996;742 673;7;0;2;4;1;1
202200039996;742 674;7;0;2;4;1;1
202200039997;742 671;34;0;0;0;1;1
202200039998;742 669;7;0;2;7;15;1
202200039998;742 670;33;0;2;1;16;1
202200039999;742 668;33;5;0;7;1;1
202200040000;742 665;7;0;2;3;2;1
202200040000;742 667;7;0;2;4;2;1
202200040001;742 664;7;0;2;6;11;1
202200040001;742 666;33;0;2;5;1;1
202200040002;742 662;33;0;2;8;1;1
202200040002;742 663;7;0;2;2;16;1
202200040003;742 657;30;0;2;1;1;1
202200040003;742 659;10;0;2;4;1;1
202200040004;742 655;7;0;2;0;0;1
202200040004;742 656;7;0;2;4;2;1
202200040004;742 658;7;0;2;4;2;1
202200040004;742 660;7;0;2;4;2;1
202200040004;742 661;15;0;2;1;2;1
202200040005;742 653;1;0;2;1;19;5
202200040005;742 654;7;0;2;2;1;1
202200040006;742 648;7;0;2;1;1;1
202200040006;742 650;10;0;2;1;15;1
202200040007;742 647;7;0;2;6;2;1
202200040007;742 649;7;0;2;4;0;1
202200040007;742 651;7;0;2;4;2;1
202200040007;742 652;10;0;2;1;2;1
202200040008;742 645;33;3;0;7;17;1
202200040009;742 644;7;0;2;3;10;1
202200040009;742 646;43;0;2;2;17;1
202200040010;742 642;17;13;0;9;26;1
202200040011;742 641;7;0;2;1;2;1
202200040011;742 643;1;0;2;7;15;5
202200040012;742 638;7;11;0;1;1;1
202200040013;742 637;7;0;2;2;2;1
202200040013;742 639;10;0;2;4;2;1
202200040013;742 640;10;0;2;6;2;1
202200040014;742 636;2;0;0;2;26;1