Num_Acc;id_vehicule;catv;obs;obsm;choc;manv;motor
202200040015;742 634;33;0;2;1;2;1
202200040015;742 635;7;0;2;6;1;1
202200040016;742 630;7;0;1;1;1;1
202200040017;742 627;7;0;2;1;2;1
202200040017;742 628;7;0;2;4;1;1
202200040018;742 626;7;0;2;3;15;1
202200040018;742 629;7;0;2;1;19;1
202200040019;742 624;1;0;2;7;1;5
202200040019;742 625;7;0;9;8;13;2
202200040020;742 622;7;0;2;3;2;1
202200040020;742 623;30;0;2;3;5;1
202200040021;742 621;7;0;1;2;1;1
202200040022;742 619;7;0;2;3;15;1
202200040022;742 620;50;0;2;1;5;3
202200040023;742 618;7;11;2;1;1;1
202200040024;742 617;7;16;0;3;13;1
202200040025;742 615;7;0;2;5;15;1
202200040025;742 616;7;0;2;1;1;1
202200040026;742 613;7;0;2;6;26;1
202200040026;742 614;30;0;2;1;1;1
202200040027;742 612;7;0;1;1;1;1
202200040028;742 610;10;0;1;2;1;1
202200040029;742 609;7;0;2;1;1;1
202200040029;742 611;7;0;2;1;17;1
202200040030;742 607;1;0;2;1;1;5
202200040030;742 608;7;0;2;1;15;1
202200040031;742 605;7;0;2;3;26;1
202200040031;742 606;32;0;2;1;1;1
202200040032;742 604;7;0;1;3;1;1
202200040033;742 602;7;0;1;3;1;1
202200040034;742 601;30;0;2;3;18;1
202200040034;742 603;38;0;2;5;1;1
202200040035;742 599;10;0;2;5;15;0
202200040035;742 600;50;0;2;1;1;3
202200040036;742 595;99;0;2;2;1;3
202200040036;742 597;7;0;9;3;9;1
202200040037;742 596;10;9;2;1;1;1
202200040037;742 598;10;0;2;3;1;1
202200040038;742 594;7;0;1;1;1;1
202200040039;742 593;10;0;1;2;1;1
202200040040;742 589;7;1;2;2;1;1
202200040040;742 591;7;1;2;9;1;1
202200040040;742 592;7;0;2;6;24;1
202200040041;742 588;7;0;2;1;1;3
202200040041;742 590;7;0;2;1;15;1
202200040042;742 587;33;4;0;1;1;1
202200040043;742 584;7;0;2;1;1;1
202200040043;742 586;7;0;2;4;1;1
202200040044;742 585;2;0;9;0;9;1
202200040045;742 582;7;0;2;3;15;1
202200040045;742 583;33;0;2;1;17;1
202200040046;742 578;33;0;2;1;13;1
202200040046;742 580;1;0;2;1;1;5
202200040047;742 579;7;0;2;4;15;1
202200040047;742 581;32;0;2;1;1;1
202200040048;742 576;31;0;2;1;26;1
202200040048;742 577;30;0;2;6;15;3
202200040049;742 572;7;0;2;1;2;1
202200040049;742 573;7;0;2;4;23;1
202200040049;742 575;7;0;2;4;23;1
202200040050;742 571;7;0;9;1;9;1
202200040050;742 574;2;0;2;1;15;1
202200040051;742 569;37;0;2;1;7;1
202200040051;742 570;7;0;2;2;1;1
202200040052;742 567;7;0;2;1;11;1
202200040052;742 568;31;0;2;1;1;1
202200040053;742 564;7;0;2;1;1;1
202200040053;742 566;7;0;2;4;1;1
202200040054;742 563;7;0;2;2;1;1
202200040054;742 565;7;14;2;9;1;1
202200040055;742 559;50;0;2;2;1;3
202200040055;742 560;7;0;2;3;0;1
202200040056;742 557;7;6;2;4;16;1
202200040056;742 558;7;0;2;1;1;1
202200040057;742 554;7;0;2;8;1;1
202200040057;742 556;3;0;2;3;6;1
202200040058;742 552;7;0;1;1;1;1
202200040059;742 553;50;0;2;1;19;3
202200040059;742 555;7;0;2;2;15;1
202200040060;742 551;7;0;1;1;1;1
202200040061;742 549;7;2;0;1;1;2
202200040062;742 546;34;0;2;1;17;1
202200040062;742 548;30;0;2;1;1;1
202200040063;742 547;50;0;2;1;1;3
202200040063;742 550;7;0;2;3;16;1
202200040064;742 545;7;8;0;1;17;1
202200040065;742 542;32;0;0;7;1;1
202200040066;742 543;7;0;2;6;2;1
202200040066;742 544;7;0;2;2;2;1
202200040067;742 540;33;0;2;3;3;1
202200040067;742 541;33;0;2;4;23;1
202200040068;742 536;14;0;2;0;13;1
202200040068;742 538;33;11;0;8;17;1
202200040069;742 535;7;0;2;4;2;1
202200040069;742 539;7;0;2;1;2;1
202200040070;742 534;99;12;2;1;19;3
202200040070;742 537;7;0;2;3;2;1
202200040071;742 533;1;0;1;1;1;5
202200040072;742 530;7;0;2;4;0;0
202200040072;742 531;7;0;2;1;0;0
202200040073;742 529;99;0;2;0;11;0
202200040073;742 532;34;0;2;1;2;1
202200040074;742 527;30;0;2;0;1;0
202200040074;742 528;1;0;2;1;9;5
202200040075;742 524;7;0;2;1;1;1
202200040075;742 526;7;0;2;4;1;1
202200040076;742 525;50;0;1;3;1;3
202200040077;742 523;7;4;0;3;1;1
202200040078;742 519;32;0;2;0;1;1
202200040078;742 522;50;0;2;0;1;3
202200040079;742 520;10;0;2;6;1;1
202200040079;742 521;7;0;2;9;9;1
202200040080;742 517;7;0;2;1;2;1
202200040080;742 518;50;0;2;8;15;3
202200040081;742 516;50;12;0;1;16;3
202200040082;742 515;33;13;0;3;0;1
202200040083;742 513;32;0;2;8;18;1
202200040083;742 514;7;0;2;7;1;1
202200040084;742 511;7;0;1;3;1;1
202200040085;742 508;7;0;2;3;15;1
202200040085;742 509;50;0;2;1;1;3
202200040086;742 506;7;0;2;1;26;0
202200040086;742 510;7;0;2;4;23;0
202200040087;742 507;7;0;2;6;2;1
202200040087;742 512;50;0;2;1;1;3
202200040088;742 504;1;0;1;1;1;5
202200040089;742 505;31;1;0;1;14;1
202200040090;742 502;7;1;0;3;13;1
202200040091;742 500;7;0;2;7;15;1
202200040091;742 501;7;0;2;1;1;1
202200040092;742 499;32;0;2;1;1;1
202200040092;742 503;7;0;2;2;1;2
202200040093;742 497;10;0;1;7;1;1
202200040094;742 496;7;0;2;5;23;1
202200040094;742 498;7;0;2;1;3;1
202200040095;742 494;10;0;1;3;16;1
202200040096;742 495;7;8;0;4;1;1
202200040097;742 491;10;0;2;2;17;1
202200040097;742 492;1;0;2;8;1;5
202200040098;742 489;7;0;2;3;15;1
202200040098;742 490;32;0;2;1;1;1
202200040098;742 493;7;0;2;3;0;1
202200040099;742 488;10;8;0;0;0;1
202200040100;742 486;10;0;1;1;1;1
202200040101;742 485;7;0;2;2;15;1
202200040101;742 487;30;0;2;3;1;1
202200040102;742 483;7;0;2;1;5;1
202200040102;742 484;2;0;2;1;1;1
202200040103;742 480;2;0;2;1;1;3
202200040103;742 482;7;0;2;5;1;1
202200040104;742 478;7;0;2;3;19;1
202200040104;742 481;31;0;2;2;17;1
202200040105;742 471;1;0;2;4;2;5
202200040105;742 473;7;0;2;7;2;1
202200040105;742 475;10;0;2;6;2;1
202200040105;742 477;43;0;2;1;2;1
202200040106;742 472;7;12;2;8;10;1
202200040106;742 474;2;0;2;7;1;0
202200040107;742 476;7;0;2;8;15;1
202200040107;742 479;33;0;2;7;1;1
202200040108;742 470;7;0;1;1;15;1
202200040109;742 468;7;0;1;2;1;1
202200040110;742 467;7;0;1;2;0;1
202200040111;742 465;7;0;1;1;1;1
202200040112;742 463;30;0;2;1;1;1
202200040112;742 464;7;0;2;3;1;1
202200040113;742 466;2;0;2;1;1;1
202200040113;742 469;7;0;2;1;15;1
202200040114;742 461;7;0;2;3;9;1
202200040114;742 462;15;0;2;5;1;1
202200040115;742 459;7;0;2;1;1;1
202200040115;742 460;7;0;2;4;1;1
202200040116;742 458;7;0;1;2;16;1
202200040117;742 455;33;0;2;1;2;1
202200040117;742 456;7;0;2;5;23;1
202200040118;742 453;7;0;1;2;1;1
202200040119;742 452;10;0;1;2;1;1
202200040120;742 454;7;0;2;3;15;1
202200040120;742 457;33;0;2;1;17;1
202200040121;742 450;31;0;2;0;0;0
202200040121;742 451;7;0;2;2;16;1
202200040122;742 449;7;0;1;1;1;1
202200040123;742 446;7;4;0;9;1;0
202200040124;742 448;7;0;1;1;16;1
202200040125;742 445;3;1;0;1;19;1
202200040125;742 447;3;1;0;0;0;0
202200040126;742 440;7;0;0;4;2;1
202200040126;742 443;7;0;2;1;2;1
202200040127;742 437;7;12;2;1;13;1
202200040127;742 441;30;0;2;1;1;1
202200040128;742 433;33;0;2;5;12;1
202200040128;742 435;7;0;2;3;1;1
202200040129;742 434;7;0;2;1;2;0
202200040129;742 436;7;0;2;1;1;0
202200040129;742 438;7;0;2;9;1;1
202200040129;742 439;7;0;2;0;0;1
202200040129;742 442;7;0;2;0;0;1
202200040129;742 444;7;14;2;9;1;1
202200040130;742 432;2;0;0;0;1;1
202200040131;742 431;2;0;0;0;26;1
202200040132;742 428;2;14;0;5;26;1
202200040132;742 430;7;0;0;5;1;1
202200040133;742 429;7;0;1;0;26;1
202200040134;742 426;2;0;2;2;1;1
202200040134;742 427;7;0;2;3;1;1
202200040135;742 425;7;2;0;3;13;1
202200040136;742 422;10;0;2;4;1;1
202200040136;742 423;14;0;2;1;2;1
202200040137;742 421;7;0;2;6;0;1
202200040137;742 424;7;0;2;8;17;1
202200040138;742 418;7;0;2;1;17;1
202200040138;742 420;7;0;2;3;15;3
202200040139;742 417;7;0;2;2;16;1
202200040139;742 419;7;0;2;3;0;2
202200040140;742 415;7;0;1;4;4;1
202200040141;742 414;1;9;1;1;1;5
202200040142;742 412;30;0;2;1;1;1
202200040142;742 413;7;0;2;3;19;1
202200040143;742 411;7;0;2;1;1;1
202200040143;742 416;7;0;2;3;1;1
202200040144;742 409;30;16;0;1;1;1
202200040145;742 407;3;13;0;2;26;1
202200040146;742 408;7;0;2;8;1;1
202200040146;742 410;7;0;0;1;19;1
202200040147;742 402;7;0;2;8;15;1
202200040147;742 406;7;0;2;1;19;1
202200040148;742 403;7;0;2;6;23;1
202200040148;742 405;50;0;2;1;1;3
202200040149;742 397;7;0;2;3;1;1
202200040149;742 398;7;0;2;2;19;1
202200040150;742 396;7;0;2;1;1;1
202200040150;742 399;7;0;2;2;15;1
202200040151;742 395;7;0;2;1;1;1
202200040151;742 400;7;0;2;4;23;1
202200040151;742 401;7;0;2;4;23;1
202200040151;742 404;7;0;2;1;1;1
202200040152;742 392;7;0;2;6;15;1
202200040152;742 394;2;0;2;1;1;1
202200040153;742 393;38;6;0;3;1;1
202200040154;742 389;10;1;0;2;2;1
202200040155;742 387;7;0;2;4;23;1
202200040155;742 390;7;0;2;1;1;1
202200040156;742 386;7;0;2;1;2;1
202200040156;742 388;7;0;2;4;2;1
202200040156;742 391;7;0;2;4;2;1
202200040157;742 384;10;0;1;1;1;1
202200040158;742 381;7;0;1;1;1;1
202200040159;742 383;33;0;0;8;13;1
202200040159;742 385;33;3;0;9;13;1
202200040160;742 382;50;0;0;0;1;3
202200040161;742 380;7;0;1;1;16;1
202200040162;742 377;30;0;2;1;5;1
202200040162;742 379;7;0;2;3;15;1
202200040163;742 375;7;0;2;3;13;1
202200040163;742 376;7;0;2;3;17;1
202200040163;742 378;3;0;2;8;1;1
202200040164;742 372;7;0;2;1;1;1
202200040164;742 374;7;0;2;4;1;1
202200040165;742 371;7;0;2;1;1;0
202200040165;742 373;33;0;2;4;1;1
202200040166;742 368;7;0;2;2;1;1
202200040166;742 370;2;0;2;6;1;1
202200040167;742 366;50;0;2;1;19;3
202200040167;742 367;7;0;2;2;1;1
202200040168;742 365;7;0;2;3;13;1
202200040168;742 369;7;0;2;6;1;3
202200040169;742 363;2;0;2;8;1;1
202200040169;742 364;7;0;2;0;0;0
202200040170;742 362;7;0;1;4;4;1
202200040171;742 360;7;0;2;7;2;1
202200040171;742 361;1;0;2;8;2;5
202200040172;742 358;7;0;2;2;1;1
202200040172;742 359;3;8;2;1;20;1
202200040173;742 357;7;0;1;0;1;1
202200040174;742 355;7;0;2;8;1;1
202200040174;742 356;7;0;2;8;15;1
202200040175;742 351;7;0;2;3;1;1
202200040175;742 353;7;0;2;1;15;1
202200040176;742 352;10;0;9;2;16;1
202200040176;742 354;50;0;2;1;1;3
202200040177;742 349;7;0;2;8;21;1
202200040177;742 350;7;0;2;1;1;1
202200040178;742 347;7;0;1;1;1;1
202200040179;742 346;7;0;2;3;1;1
202200040179;742 348;7;0;2;5;15;1
202200040180;742 344;7;0;9;0;9;1
202200040180;742 345;1;0;2;4;1;5
202200040181;742 343;7;0;1;1;1;1
202200040182;742 340;7;11;1;2;2;1
202200040183;742 341;1;0;2;4;2;5
202200040183;742 342;10;0;2;2;2;1
202200040184;742 338;7;0;1;2;2;1
202200040185;742 337;7;0;2;4;1;1
202200040185;742 339;10;0;2;1;1;1
202200040186;742 336;10;1;0;2;14;1
202200040187;742 332;7;0;2;4;1;1
202200040187;742 333;7;0;2;4;1;1
202200040187;742 335;7;0;2;1;2;1
202200040188;742 329;33;0;2;1;1;1
202200040188;742 331;7;0;2;3;1;2
202200040189;742 330;7;0;2;2;1;1
202200040189;742 334;7;0;2;6;0;0
202200040190;742 327;30;0;2;3;1;1
202200040190;742 328;7;0;2;8;26;1
202200040191;742 326;33;0;0;1;1;1
202200040192;742 324;7;0;1;1;5;1
202200040193;742 323;7;0;2;4;1;1
202200040193;742 325;7;0;2;1;2;1
202200040194;742 320;7;0;1;2;1;0
202200040195;742 317;7;0;2;1;1;1
202200040195;742 318;7;0;2;5;2;1
202200040196;742 311;7;0;2;1;1;1
202200040196;742 315;7;0;2;1;1;1
202200040196;742 316;7;0;2;1;1;1
202200040196;742 319;7;0;0;4;1;1
202200040197;742 309;33;0;0;0;1;1
202200040198;742 305;50;0;2;7;2;3
202200040198;742 306;7;0;9;3;2;1
202200040199;742 304;7;0;2;1;1;1
202200040199;742 307;7;0;2;1;13;1
202200040200;742 302;7;0;2;2;19;1
202200040200;742 303;7;0;2;8;9;1
202200040201;742 301;7;6;0;1;13;1
202200040202;742 299;7;2;0;1;1;1
202200040203;742 297;7;13;0;9;1;1
202200040204;742 298;7;0;1;1;0;1
202200040205;742 292;50;0;2;1;2;3
202200040205;742 294;7;0;2;1;1;1
202200040206;742 293;7;0;2;3;15;1
202200040206;742 295;1;0;2;1;1;5
202200040207;742 289;7;0;2;3;1;1
202200040207;742 290;7;0;0;3;2;1
202200040207;742 291;30;0;2;8;15;1
202200040208;742 288;7;0;1;1;15;1
202200040209;742 286;7;0;2;1;1;1
202200040209;742 287;7;0;2;1;5;1
202200040210;742 283;7;0;1;1;0;0
202200040211;742 284;7;0;2;7;9;1
202200040211;742 285;2;0;2;1;9;1
202200040212;742 281;33;0;2;1;1;0
202200040212;742 282;10;0;2;7;15;0
202200040213;742 280;3;0;0;1;1;0
202200040214;742 277;99;0;2;8;19;3
202200040214;742 278;7;0;2;2;1;1
202200040215;742 274;7;0;0;1;13;1
202200040215;742 276;7;0;0;1;1;1
202200040216;742 275;7;0;2;2;15;1
202200040216;742 279;30;0;2;1;1;1
202200040217;742 272;7;3;0;6;1;1
202200040217;742 273;7;3;2;2;2;1
202200040218;742 269;1;0;2;1;1;5
202200040218;742 270;7;0;9;2;15;1
202200040219;742 268;7;0;2;1;2;1
202200040219;742 271;7;0;2;4;2;1
202200040220;742 266;33;0;2;1;3;1
202200040220;742 267;7;0;2;3;15;1
202200040221;742 263;34;0;2;1;1;1
202200040221;742 265;7;0;2;8;9;1
202200040222;742 261;7;0;1;1;1;1
202200040223;742 262;31;0;2;8;1;1
202200040223;742 264;7;0;2;2;12;0
202200040224;742 259;10;5;0;1;0;1
202200040224;742 260;10;0;9;1;13;1
202200040225;742 256;33;0;2;2;1;1
202200040225;742 258;10;0;2;3;1;1
202200040226;742 254;7;8;0;1;1;1
202200040227;742 253;7;6;2;8;1;1
202200040227;742 255;7;0;2;8;26;2
202200040227;742 257;7;10;2;2;17;1
202200040228;742 252;7;14;1;3;13;1
202200040229;742 249;7;0;2;1;1;1
202200040229;742 251;7;0;2;4;1;1
202200040230;742 247;33;0;0;0;21;1
202200040231;742 248;7;0;2;4;2;1
202200040231;742 250;7;0;2;1;2;1
202200040232;742 240;7;0;2;4;23;1
202200040232;742 242;7;0;2;4;23;1
202200040232;742 244;7;0;2;2;23;1
202200040232;742 245;7;0;2;3;23;1
202200040232;742 246;7;0;2;0;0;0
202200040233;742 239;7;0;2;1;1;1
202200040233;742 241;7;0;2;4;23;1
202200040233;742 243;7;0;2;4;23;1
202200040234;742 237;7;0;2;4;2;1
202200040234;742 238;7;0;2;2;1;1
202200040235;742 234;7;6;0;1;21;1
202200040236;742 232;34;0;2;1;1;1
202200040236;742 233;7;0;2;5;18;1
202200040237;742 231;10;0;1;3;26;0
202200040238;742 228;7;0;2;1;1;1
202200040238;742 230;7;0;2;4;23;1
202200040239;742 227;7;0;2;3;1;1
202200040239;742 229;80;0;2;7;1;3
202200040240;742 226;7;0;1;1;19;1
202200040241;742 224;36;0;0;3;26;0
202200040242;742 225;30;0;0;7;1;1
202200040243;742 222;2;0;0;1;26;1
202200040244;742 221;3;0;2;1;2;0
202200040244;742 223;7;0;2;4;23;0
202200040245;742 220;7;14;0;1;1;6
202200040246;742 218;7;0;0;1;0;1
202200040247;742 219;7;0;1;1;1;1
202200040248;742 215;7;0;2;7;2;1
202200040248;742 217;10;0;2;2;2;0
202200040249;742 213;7;1;0;1;14;1
202200040250;742 212;7;0;5;1;11;1
202200040251;742 210;7;16;0;0;13;1
202200040252;742 209;1;0;9;7;0;5
202200040252;742 211;1;0;9;1;0;5
202200040253;742 206;7;0;2;1;16;1
202200040253;742 208;7;0;2;7;1;1
202200040254;742 204;7;0;2;1;1;1
202200040254;742 205;7;0;2;1;2;1
202200040254;742 207;37;0;2;1;13;4
202200040255;742 202;7;0;2;1;2;1
202200040255;742 203;7;0;2;4;1;1
202200040256;742 201;32;14;0;1;1;1
202200040257;742 199;7;0;2;2;0;0
202200040257;742 200;80;0;2;1;1;3
202200040258;742 197;7;0;2;8;1;1
202200040258;742 198;1;0;2;1;1;5
202200040259;742 195;7;0;1;4;20;1
202200040260;742 196;33;0;0;8;13;1
202200040261;742 194;13;0;1;4;4;1
202200040262;742 192;7;1;0;1;13;1
202200040263;742 193;3;8;0;2;14;1
202200040264;742 190;7;0;2;8;1;1
202200040264;742 191;7;0;2;1;1;1
202200040265;742 189;3;4;0;8;15;1
202200040266;742 188;10;0;0;1;2;3
202200040267;742 187;7;0;1;3;16;1
202200040268;742 185;7;0;2;3;2;1
202200040268;742 186;7;4;2;5;2;2
202200040269;742 183;7;0;1;1;15;2
202200040270;742 181;7;4;0;1;12;1
202200040271;742 182;7;0;2;1;1;1
202200040271;742 184;7;6;2;1;1;1
202200040272;742 179;33;0;2;1;1;1
202200040272;742 180;7;0;2;1;16;2
202200040273;742 175;7;0;2;1;2;1
202200040273;742 176;32;0;2;4;2;1
202200040274;742 177;2;8;1;1;1;1
202200040274;742 178;7;0;2;0;15;1
202200040275;742 174;32;0;1;1;1;1
202200040276;742 171;7;0;2;1;15;0
202200040276;742 172;43;0;2;1;1;1
202200040277;742 170;7;0;2;2;9;1
202200040277;742 173;99;0;2;1;9;3
202200040278;742 167;7;0;2;7;15;1
202200040278;742 169;7;0;2;1;1;1
202200040279;742 168;7;0;1;2;21;1
202200040280;742 165;31;0;4;3;6;1
202200040280;742 166;40;0;2;1;1;3
202200040281;742 163;7;0;1;7;16;3
202200040282;742 164;31;0;1;1;1;1
202200040283;742 162;7;0;2;1;15;1
202200040284;742 160;7;0;2;1;20;1
202200040284;742 161;33;0;2;7;1;1
202200040285;742 158;1;0;2;1;5;5
202200040285;742 159;1;0;2;1;1;5
202200040286;742 155;7;0;2;1;9;1
202200040286;742 157;32;0;2;7;1;1
202200040287;742 154;30;0;2;3;1;1
202200040287;742 156;7;0;2;7;1;1
202200040288;742 152;7;0;2;2;1;2
202200040288;742 153;30;0;2;7;15;1
202200040289;742 148;10;0;2;2;16;1
202200040289;742 150;30;0;2;8;18;1
202200040290;742 149;30;0;2;8;17;1
202200040290;742 151;7;0;2;8;1;1
202200040291;742 146;30;0;1;1;1;1
202200040292;742 145;10;0;2;2;1;1
202200040292;742 147;80;0;2;1;1;3
202200040293;742 144;7;0;1;4;4;1
202200040294;742 143;43;0;1;1;1;1
202200040295;742 141;7;0;1;1;15;1
202200040296;742 140;10;0;2;0;19;0
202200040296;742 142;1;0;2;7;19;5
202200040297;742 138;7;0;2;8;15;1
202200040297;742 139;33;0;2;7;1;1
202200040298;742 137;7;6;0;1;1;1
202200040299;742 135;7;0;1;2;1;1
202200040300;742 136;7;0;1;3;19;1
202200040301;742 131;2;14;2;1;1;3
202200040301;742 132;33;0;2;1;5;1
202200040301;742 134;80;0;2;1;2;3
202200040302;742 129;7;0;2;1;1;1
202200040302;742 133;7;0;2;1;13;1
202200040303;742 127;7;0;2;3;15;1
202200040303;742 128;7;0;2;3;19;1
202200040304;742 130;7;0;1;1;15;0
202200040305;742 125;1;9;0;4;2;5
202200040305;742 126;7;0;2;2;1;1
202200040306;742 123;7;0;2;2;1;1
202200040306;742 124;10;0;2;1;5;1
202200040307;742 122;50;0;0;0;0;3
202200040308;742 121;33;0;1;1;1;1
202200040309;742 120;7;1;1;5;1;1
202200040310;742 119;50;0;0;0;1;3
202200040311;742 117;7;0;2;2;1;1
202200040311;742 118;10;0;2;1;1;1
202200040312;742 114;7;0;2;1;9;1
202200040312;742 116;1;0;2;7;1;5
202200040313;742 113;7;0;2;1;15;1
202200040313;742 115;33;0;2;7;2;1
202200040314;742 111;7;0;2;1;1;1
202200040314;742 112;50;0;2;7;1;3
202200040315;742 109;50;0;2;1;17;3
202200040315;742 110;1;0;2;8;15;5
202200040316;742 108;7;0;1;0;12;1
202200040317;742 106;37;0;1;1;15;0
202200040318;742 107;7;1;0;0;1;2
202200040319;742 105;10;0;1;5;26;1
202200040320;742 102;43;0;1;3;3;1
202200040320;742 104;7;0;2;3;23;1
202200040321;742 099;33;0;2;1;1;1
202200040321;742 100;3;0;2;3;1;1
202200040322;742 101;7;0;2;2;15;1
202200040322;742 103;1;0;2;1;1;5
202200040323;742 098;0;0;1;1;19;0
202200040324;742 095;7;0;2;1;15;1
202200040324;742 096;30;0;2;3;1;1
202200040325;742 093;32;0;0;0;1;1
202200040326;742 094;7;0;2;4;2;1
202200040326;742 097;7;0;2;1;2;1
202200040327;742 091;32;1;0;8;26;1
202200040327;742 092;7;1;0;0;0;1
202200040328;742 088;32;0;2;7;17;1
202200040328;742 089;10;0;2;8;15;1
202200040329;742 087;10;0;2;8;1;1
202200040329;742 090;37;0;2;1;1;1
202200040330;742 085;7;0;2;0;12;1
202200040330;742 086;32;0;2;2;2;1
202200040331;742 082;7;0;2;2;1;1
202200040331;742 084;7;0;2;3;0;1
202200040332;742 081;1;0;2;1;1;5
202200040332;742 083;7;0;2;3;1;1
202200040333;742 080;7;0;1;3;1;1
202200040334;742 075;7;0;2;1;2;1
202200040334;742 076;7;0;2;1;2;1
202200040334;742 077;7;0;0;4;2;1
202200040334;742 079;7;0;2;1;2;1
202200040335;742 078;7;0;1;2;1;1
202200040336;742 074;7;15;0;1;0;1
202200040337;742 070;30;0;2;1;1;1
202200040337;742 071;7;0;2;1;15;1
202200040338;742 072;7;0;2;5;2;1
202200040338;742 073;30;0;2;1;2;3
202200040339;742 069;7;8;0;2;14;1
202200040340;742 066;7;0;1;2;1;1
202200040341;742 067;7;0;2;1;16;1
202200040341;742 068;50;0;2;8;1;3
202200040342;742 064;7;0;2;3;5;1
202200040342;742 065;7;0;2;3;1;1
202200040343;742 060;30;0;2;7;17;1
202200040343;742 063;7;0;2;8;15;1
202200040344;742 059;7;0;1;3;1;1
202200040345;742 058;99;13;0;0;14;1
202200040346;742 057;7;6;0;1;19;1
202200040347;742 055;7;0;0;6;1;1
202200040347;742 056;33;0;0;1;1;1
202200040348;742 054;7;13;0;9;14;1
202200040349;742 053;7;0;1;8;21;2
202200040350;742 051;31;0;6;3;1;1
202200040351;742 050;7;0;2;1;15;1
202200040351;742 052;2;0;2;8;1;1
202200040352;742 044;7;0;2;1;26;1
202200040352;742 045;7;0;2;1;13;1
202200040353;742 043;7;0;1;1;15;1
202200040354;742 038;30;0;2;1;5;1
202200040354;742 040;7;0;2;3;1;1
202200040355;742 037;10;0;2;1;1;1
202200040355;742 039;32;0;2;4;23;1
202200040355;742 041;10;0;2;4;23;3
202200040355;742 042;7;0;0;0;15;1
202200040356;742 036;7;0;1;1;9;1
202200040357;742 034;7;0;2;1;1;1
202200040357;742 035;7;0;2;7;1;1
202200040358;742 033;7;0;1;1;15;1
202200040359;742 032;1;0;0;0;1;5
202200040360;742 031;30;0;2;1;1;1
202200040361;742 029;33;0;0;1;26;1
202200040362;742 028;7;0;2;5;15;1
202200040362;742 030;7;0;2;1;1;1
202200040363;742 027;10;6;0;2;0;1
202200040364;742 026;7;13;0;1;1;1
202200040365;742 023;33;0;2;1;26;1
202200040365;742 025;10;0;0;5;15;1
202200040366;742 022;7;0;2;3;1;1
202200040366;742 024;7;0;2;3;13;1
202200040367;742 020;10;8;0;1;1;1
202200040368;742 019;7;0;2;3;15;1
202200040368;742 021;31;0;2;1;17;1
202200040369;742 017;7;0;2;1;1;1
202200040369;742 018;30;0;2;3;15;1
202200040370;742 015;34;0;2;3;1;1
202200040370;742 016;7;0;2;2;12;1
202200040371;742 014;50;0;1;1;25;3
202200040372;742 009;10;0;2;1;2;1
202200040372;742 011;7;0;2;4;2;1
202200040372;742 012;7;0;2;4;2;1
202200040372;742 013;10;0;0;4;21;1
202200040373;742 010;33;0;9;1;3;1
202200040374;742 008;7;13;0;9;1;1
202200040375;742 004;7;0;2;6;1;2
202200040375;742 006;7;0;2;5;1;1
202200040375;742 007;43;0;2;1;3;1
202200040376;742 000;7;0;2;4;1;1
202200040376;742 002;17;0;2;1;1;1
202200040376;742 003;7;0;2;0;17;1
202200040377;741 999;7;0;2;8;11;1
202200040377;742 001;33;0;2;7;11;1
202200040378;741 998;7;0;1;8;1;1
202200040379;741 996;10;0;2;4;1;1
202200040379;741 997;33;0;2;3;3;1
202200040380;741 993;7;0;0;4;15;1
202200040380;741 994;2;0;2;4;1;1
202200040380;741 995;7;0;2;1;1;1
202200040381;741 991;7;0;1;5;4;1
202200040382;741 988;7;0;2;8;19;1
202200040382;741 990;7;0;2;1;1;1
202200040383;741 989;7;0;2;5;1;1
202200040383;741 992;30;0;2;1;1;1
202200040384;741 987;7;0;1;1;1;1
202200040385;741 985;31;0;2;7;2;1
202200040385;741 986;7;0;2;8;15;1
202200040386;741 982;7;0;0;4;26;1
202200040386;741 983;7;0;2;4;26;1
202200040386;741 984;7;0;2;1;26;1
202200040387;741 981;37;6;1;1;15;3
202200040388;741 978;7;0;1;1;2;1
202200040388;741 979;7;0;1;1;2;1
202200040388;741 980;7;0;1;2;21;1
202200040389;741 976;15;0;2;2;17;1
202200040389;741 977;21;0;2;1;15;1
202200040390;741 974;7;13;0;1;10;1
202200040391;741 972;7;0;2;3;13;1
202200040391;741 973;7;0;2;3;1;1
202200040392;741 975;30;1;0;1;14;1
202200040393;741 971;3;11;0;0;1;1
202200040394;741 966;7;11;0;9;1;1
202200040395;741 965;33;0;0;1;14;1
202200040396;741 963;10;0;2;1;1;1
202200040396;741 964;7;0;2;4;1;1
202200040397;741 967;1;0;2;1;1;5
202200040397;741 968;7;0;2;4;23;2
202200040398;741 961;7;0;2;4;2;1
202200040398;741 962;7;0;2;1;2;1
202200040399;741 957;2;0;2;0;1;1
202200040399;741 959;2;0;2;1;1;1
202200040399;741 960;7;0;2;3;15;1
202200040400;741 955;7;0;2;4;2;2
202200040400;741 956;17;0;2;4;2;1
202200040400;741 958;7;0;2;1;2;1
202200040401;741 954;7;6;0;1;15;1
202200040402;741 953;80;12;1;1;1;3
202200040403;741 951;14;0;2;2;1;1
202200040403;741 952;2;0;2;3;1;1
202200040404;741 949;32;0;2;5;17;1
202200040404;741 950;7;0;2;3;15;1
202200040405;741 948;50;0;1;8;25;3
202200040406;741 947;1;0;1;8;1;5
202200040407;741 946;1;7;0;1;7;5
202200040408;741 945;10;0;1;3;15;1
202200040409;741 943;34;0;2;3;1;1
202200040409;741 944;50;0;2;5;15;3
202200040410;741 941;1;0;2;3;18;5
202200040410;741 942;7;0;2;2;1;1
202200040411;741 940;7;1;0;2;14;1
202200040412;741 939;50;0;1;1;25;3
202200040413;741 937;1;0;2;7;19;5
202200040413;741 938;7;0;2;3;1;1
202200040414;741 936;7;1;0;3;13;1
202200040415;741 934;43;0;2;0;15;1