Num_Acc;id_vehicule;catv;obs;obsm;choc;manv;motor
202200040415;741 935;7;0;2;3;1;2
202200040416;741 932;7;0;2;7;1;1
202200040416;741 933;30;0;2;7;2;1
202200040417;741 930;33;0;0;2;1;1
202200040418;741 928;7;0;2;8;1;1
202200040418;741 931;10;0;2;1;1;3
202200040419;741 927;50;0;2;1;1;3
202200040419;741 929;7;0;2;1;1;1
202200040420;741 924;2;0;2;1;1;1
202200040420;741 925;7;0;2;2;15;1
202200040421;741 921;7;0;2;3;24;1
202200040421;741 922;7;0;2;8;15;1
202200040421;741 923;10;0;2;2;17;1
202200040422;741 917;7;0;1;1;1;1
202200040423;741 912;7;0;2;2;10;1
202200040423;741 915;10;0;2;1;2;1
202200040423;741 916;7;0;2;3;2;1
202200040423;741 919;7;0;2;8;0;1
202200040423;741 920;7;0;0;0;0;1
202200040424;741 913;7;0;1;1;15;1
202200040425;741 909;3;0;1;5;26;1
202200040426;741 910;30;1;0;7;1;1
202200040426;741 911;7;0;2;8;24;1
202200040427;741 914;7;0;2;3;1;1
202200040427;741 918;7;0;2;1;1;1
202200040427;741 926;7;0;2;1;1;1
202200040428;741 907;10;8;0;1;5;1
202200040429;741 906;50;0;0;0;0;3
202200040429;741 908;10;0;2;0;16;1
202200040430;741 900;7;0;2;8;1;1
202200040430;741 903;7;0;2;2;1;1
202200040431;741 899;2;0;2;1;1;3
202200040431;741 902;10;0;2;3;9;1
202200040432;741 895;7;0;2;2;1;0
202200040432;741 898;30;0;2;3;15;1
202200040433;741 896;7;0;2;3;13;1
202200040433;741 897;33;0;2;1;2;1
202200040434;741 894;33;0;2;1;2;1
202200040434;741 901;33;5;0;1;2;1
202200040434;741 904;33;0;2;1;2;1
202200040434;741 905;33;5;0;1;13;1
202200040435;741 890;7;0;2;6;16;0
202200040435;741 892;43;0;2;1;7;0
202200040436;741 891;7;0;2;1;26;1
202200040436;741 893;31;0;2;4;23;3
202200040437;741 889;7;15;0;1;25;1
202200040438;741 888;30;0;0;1;16;3
202200040439;741 885;33;0;0;8;1;1
202200040440;741 884;33;0;2;2;17;1
202200040440;741 886;7;0;2;3;17;1
202200040441;741 887;2;6;0;1;1;1
202200040442;741 881;7;0;2;3;1;1
202200040442;741 883;50;0;2;1;1;3
202200040443;741 882;30;12;0;0;0;1
202200040444;741 876;7;0;2;7;0;1
202200040444;741 879;33;0;2;1;0;1
202200040445;741 875;7;0;2;1;1;1
202200040445;741 877;1;0;2;3;11;5
202200040446;741 871;50;0;2;8;1;3
202200040446;741 873;7;0;9;7;14;1
202200040447;741 870;7;0;2;1;0;1
202200040447;741 872;10;1;0;4;1;1
202200040448;741 874;7;0;2;2;1;1
202200040448;741 878;7;0;2;1;1;1
202200040448;741 880;7;0;2;1;13;1
202200040449;741 869;7;0;1;1;1;1
202200040450;741 868;33;0;0;0;2;1
202200040451;741 865;32;0;2;8;1;1
202200040451;741 867;10;0;2;2;10;1
202200040452;741 862;32;0;2;8;1;3
202200040452;741 863;7;0;2;5;14;2
202200040453;741 864;7;0;2;3;1;1
202200040453;741 866;10;0;2;3;13;1
202200040454;741 861;7;3;0;9;1;1
202200040455;741 859;7;0;2;5;2;1
202200040455;741 860;33;12;2;2;2;1
202200040456;741 857;10;0;1;4;4;1
202200040457;741 856;7;2;0;1;17;1
202200040458;741 854;50;9;2;1;1;3
202200040458;741 855;7;9;2;3;1;2
202200040459;741 852;1;0;2;1;5;5
202200040459;741 853;7;0;2;1;17;1
202200040460;741 851;7;0;2;1;2;1
202200040460;741 858;17;0;2;4;0;1
202200040461;741 848;7;6;0;3;1;1
202200040462;741 847;7;0;2;1;1;1
202200040462;741 849;7;0;2;9;1;1
202200040462;741 850;7;0;0;4;1;1
202200040463;741 844;2;5;0;2;1;1
202200040464;741 843;7;0;0;4;1;1
202200040464;741 846;33;0;2;1;1;1
202200040465;741 842;33;13;0;1;0;1
202200040466;741 845;80;0;1;3;5;3
202200040467;741 841;1;0;0;1;1;5
202200040468;741 838;7;0;0;1;15;1
202200040468;741 840;33;0;2;1;1;1
202200040469;741 836;7;0;2;1;0;1
202200040469;741 839;10;0;0;4;0;1
202200040470;741 834;7;0;2;3;13;1
202200040470;741 835;33;0;2;3;3;1
202200040471;741 837;7;2;0;1;2;1
202200040472;741 833;7;15;0;0;1;1
202200040473;741 832;33;13;0;8;0;1
202200040474;741 828;2;0;2;1;9;1
202200040474;741 831;7;0;2;2;1;1
202200040475;741 826;21;0;2;4;1;1
202200040475;741 830;7;0;2;1;1;1
202200040476;741 827;10;0;2;5;1;1
202200040476;741 829;33;0;2;1;2;1
202200040477;741 825;7;6;0;2;1;1
202200040478;741 821;7;2;0;1;1;1
202200040479;741 822;17;0;0;0;1;1
202200040479;741 824;10;0;2;1;2;1
202200040480;741 823;43;4;0;0;0;1
202200040481;741 819;33;2;6;1;17;1
202200040482;741 816;7;0;1;7;1;1
202200040483;741 815;7;0;0;6;1;1
202200040483;741 817;7;0;2;2;17;1
202200040484;741 814;2;0;0;8;1;1
202200040485;741 813;7;0;2;3;19;1
202200040485;741 818;14;0;2;2;1;1
202200040486;741 811;7;17;0;3;0;1
202200040486;741 812;7;0;0;8;1;0
202200040487;741 810;7;2;0;1;1;1
202200040488;741 808;7;16;0;1;1;1
202200040489;741 806;7;0;2;3;15;1
202200040489;741 809;31;0;2;2;17;1
202200040490;741 805;36;0;0;9;21;1
202200040491;741 807;7;0;1;1;1;1
202200040492;741 804;33;8;0;0;1;1
202200040493;741 803;32;0;0;8;15;1
202200040494;741 801;10;0;1;2;1;1
202200040495;741 802;10;2;0;2;1;1
202200040496;741 800;7;13;0;1;1;1
202200040497;741 799;7;8;0;3;1;1
202200040498;741 798;7;0;1;1;1;1
202200040499;741 794;7;0;2;3;1;1
202200040499;741 796;7;0;2;1;13;1
202200040500;741 793;33;0;2;1;1;1
202200040500;741 795;7;0;0;6;15;1
202200040501;741 792;7;13;0;4;9;1
202200040501;741 797;7;0;2;1;17;1
202200040502;741 789;33;0;2;7;1;1
202200040502;741 791;7;0;2;1;15;1
202200040503;741 787;33;2;0;8;1;1
202200040504;741 788;7;0;2;1;15;0
202200040504;741 790;7;0;2;1;1;0
202200040505;741 785;7;0;2;3;1;1
202200040505;741 786;7;0;2;3;13;1
202200040506;741 780;17;0;2;3;1;1
202200040506;741 783;7;3;2;8;13;1
202200040507;741 782;7;0;2;6;15;2
202200040507;741 784;33;0;2;2;17;1
202200040508;741 779;7;0;2;1;13;1
202200040508;741 781;7;0;2;1;1;1
202200040509;741 778;7;8;0;1;14;1
202200040510;741 776;10;0;1;5;4;1
202200040511;741 777;33;0;0;7;1;1
202200040512;741 775;7;2;0;0;13;1
202200040513;741 774;7;0;1;1;16;1
202200040514;741 773;7;15;0;8;1;1
202200040515;741 771;33;3;0;7;15;1
202200040516;741 770;7;0;2;3;17;1
202200040516;741 772;15;0;2;3;1;1
202200040517;741 765;10;0;2;7;19;1
202200040517;741 768;1;0;2;1;1;5
202200040518;741 764;33;0;2;8;9;1
202200040518;741 767;7;0;2;7;1;1
202200040519;741 763;7;0;2;1;2;0
202200040519;741 766;7;0;2;1;2;1
202200040519;741 769;7;0;2;4;1;1
202200040520;741 760;7;0;2;1;1;1
202200040520;741 762;7;0;2;1;13;1
202200040521;741 759;7;0;2;6;1;1
202200040521;741 761;7;0;2;2;1;1
202200040522;741 757;7;13;0;1;1;1
202200040523;741 756;7;0;2;1;1;1
202200040523;741 758;7;0;2;4;1;1
202200040524;741 753;33;0;2;7;17;1
202200040524;741 755;7;0;2;8;15;2
202200040525;741 752;7;0;0;0;0;1
202200040525;741 754;31;0;0;8;0;1
202200040526;741 749;7;0;2;3;2;1
202200040526;741 751;10;0;2;5;2;1
202200040527;741 748;7;2;0;2;0;1
202200040528;741 747;7;0;2;2;1;1
202200040528;741 750;7;0;2;3;11;1
202200040529;741 745;33;0;0;7;1;1
202200040530;741 746;7;3;0;7;14;1
202200040531;741 744;7;0;1;2;1;1
202200040532;741 741;1;0;2;1;1;5
202200040532;741 743;7;0;2;7;22;0
202200040533;741 738;7;0;2;3;13;1
202200040533;741 742;33;0;0;1;17;1
202200040534;741 736;7;2;0;1;1;1
202200040535;741 737;7;14;0;1;2;1
202200040535;741 739;10;14;0;3;1;1
202200040535;741 740;7;4;0;3;1;1
202200040536;741 733;2;0;0;6;23;1
202200040536;741 735;2;1;0;1;17;1
202200040537;741 732;7;13;0;1;1;1
202200040538;741 731;38;0;2;8;1;1
202200040538;741 734;33;0;2;8;1;1
202200040539;741 728;34;14;0;1;13;1
202200040540;741 727;7;6;0;3;1;1
202200040541;741 726;33;0;0;0;0;1
202200040541;741 729;37;0;2;8;1;1
202200040541;741 730;7;14;0;0;2;1
202200040542;741 723;7;13;0;2;1;1
202200040543;741 724;7;0;2;8;13;1
202200040543;741 725;34;0;2;3;1;1
202200040544;741 720;7;0;2;7;15;1
202200040544;741 722;33;0;2;1;1;1
202200040545;741 719;33;0;2;7;1;0
202200040545;741 721;7;0;2;6;11;0
202200040546;741 714;30;0;2;1;1;1
202200040546;741 717;7;0;2;2;15;1
202200040547;741 715;7;0;2;3;15;1
202200040547;741 718;1;0;0;8;1;5
202200040548;741 711;33;0;2;8;3;1
202200040548;741 713;7;0;2;5;12;1
202200040549;741 712;7;0;2;3;15;1
202200040549;741 716;50;0;2;1;1;3
202200040550;741 710;1;0;0;0;1;5
202200040551;741 709;7;0;0;1;0;1
202200040552;741 707;31;3;0;9;2;1
202200040553;741 703;33;5;2;3;17;1
202200040553;741 706;7;0;2;3;1;1
202200040554;741 702;1;0;2;1;15;5
202200040554;741 705;7;0;2;7;23;1
202200040555;741 704;1;0;2;1;2;5
202200040555;741 708;7;0;9;1;16;1
202200040556;741 701;13;0;1;7;1;1
202200040557;741 699;10;0;1;1;15;1
202200040558;741 696;7;13;2;6;19;1
202200040558;741 700;33;0;2;1;1;1
202200040559;741 695;2;0;2;1;1;1
202200040559;741 698;10;0;2;4;26;1
202200040560;741 693;7;0;2;1;1;2
202200040560;741 697;7;0;2;5;1;1
202200040561;741 692;7;0;2;1;5;1
202200040561;741 694;7;0;2;1;1;3
202200040562;741 690;7;0;1;1;2;1
202200040563;741 688;10;0;2;3;13;1
202200040563;741 691;10;0;2;3;1;1
202200040564;741 686;7;0;2;3;1;1
202200040564;741 689;34;0;2;1;1;1
202200040565;741 685;7;0;2;5;20;0
202200040565;741 687;7;0;2;1;18;0
202200040566;741 681;10;16;0;0;1;1
202200040567;741 682;10;0;2;1;1;1
202200040567;741 683;10;0;2;7;1;1
202200040568;741 680;7;0;2;4;2;1
202200040568;741 684;33;0;2;1;2;1
202200040569;741 679;50;1;0;1;1;3
202200040570;741 678;7;0;0;9;1;1
202200040571;741 676;10;0;1;0;15;1
202200040572;741 675;17;0;9;7;2;1
202200040572;741 677;1;12;2;8;1;5
202200040573;741 672;7;0;0;9;2;1
202200040574;741 669;7;0;1;2;1;1
202200040575;741 668;7;0;2;1;13;1
202200040575;741 670;99;0;2;1;1;1
202200040576;741 667;7;0;2;1;9;0
202200040576;741 671;2;0;2;9;0;0
202200040576;741 673;10;0;2;3;0;1
202200040576;741 674;7;1;0;7;26;6
202200040577;741 665;17;0;2;4;2;1
202200040577;741 666;7;0;2;1;2;1
202200040578;741 660;10;0;2;4;26;1
202200040578;741 663;31;0;2;1;23;1
202200040579;741 657;7;0;2;1;1;1
202200040579;741 662;7;0;2;3;1;1
202200040579;741 664;7;4;2;2;19;1
202200040580;741 658;10;0;2;4;1;1
202200040580;741 659;33;0;2;1;12;1
202200040581;741 656;7;0;2;3;15;2
202200040581;741 661;30;0;2;1;1;1
202200040582;741 655;7;13;0;1;13;1
202200040583;741 654;7;4;0;3;12;1
202200040584;741 653;7;0;0;1;1;1
202200040585;741 651;7;4;0;9;1;0
202200040586;741 648;7;0;2;1;1;1
202200040586;741 652;7;0;2;7;15;1
202200040587;741 647;7;0;2;1;15;1
202200040587;741 650;1;0;2;1;1;5
202200040588;741 645;7;0;2;8;1;1
202200040588;741 646;33;14;2;1;16;1
202200040589;741 644;7;0;0;5;2;2
202200040589;741 649;7;0;2;3;2;1
202200040590;741 643;30;1;0;1;14;1
202200040591;741 641;33;4;0;3;2;1
202200040592;741 639;7;3;0;9;2;1
202200040593;741 640;7;0;2;2;15;2
202200040593;741 642;32;0;2;1;1;3
202200040594;741 637;39;15;1;5;26;3
202200040595;741 638;7;0;1;1;19;1
202200040596;741 634;34;0;1;1;1;1
202200040597;741 632;33;0;2;3;1;1
202200040597;741 633;10;0;2;3;17;1
202200040598;741 631;7;8;0;1;17;1
202200040599;741 630;7;2;0;0;13;1
202200040600;741 624;43;4;2;3;18;1
202200040600;741 627;7;0;2;2;1;1
202200040601;741 626;7;0;1;1;1;0
202200040602;741 623;7;0;2;1;5;1
202200040602;741 625;7;0;2;1;1;1
202200040603;741 628;7;1;2;2;16;1
202200040603;741 629;50;1;0;2;16;3
202200040604;741 621;7;0;1;2;1;1
202200040605;741 619;7;0;9;4;23;1
202200040605;741 622;32;0;2;1;1;1
202200040606;741 617;33;0;2;7;17;0
202200040606;741 620;7;0;2;2;9;1
202200040607;741 613;30;0;2;1;2;1
202200040607;741 616;7;0;2;6;1;1
202200040608;741 615;7;0;2;3;1;1
202200040608;741 618;7;0;2;2;1;1
202200040609;741 612;7;0;2;8;11;1
202200040609;741 614;2;8;2;7;17;1
202200040610;741 609;7;0;2;3;1;1
202200040610;741 611;32;0;2;1;1;1
202200040611;741 608;1;0;2;1;26;5
202200040611;741 610;7;0;2;7;1;1
202200040612;741 606;7;0;2;1;2;1
202200040612;741 607;7;0;2;4;2;1
202200040613;741 603;33;0;2;6;1;1
202200040613;741 605;10;0;2;2;12;1
202200040614;741 601;7;5;0;7;1;2
202200040615;741 602;7;0;2;0;0;2
202200040615;741 604;7;0;1;3;1;1
202200040616;741 600;7;16;0;1;1;1
202200040617;741 596;7;0;2;3;15;1
202200040617;741 599;33;0;2;1;17;1
202200040618;741 595;7;0;2;3;15;1
202200040618;741 598;30;0;2;1;1;1
202200040619;741 591;7;9;0;3;1;1
202200040620;741 593;7;0;2;3;1;1
202200040620;741 597;7;0;2;2;1;1
202200040621;741 592;7;0;2;2;17;1
202200040621;741 594;30;0;2;4;2;1
202200040622;741 590;7;2;0;7;13;1
202200040623;741 588;7;1;0;1;1;1
202200040624;741 587;7;0;2;3;1;1
202200040625;741 583;7;0;2;3;13;1
202200040625;741 586;17;0;2;1;1;1
202200040626;741 578;7;0;2;4;1;0
202200040626;741 581;7;0;2;4;1;1
202200040626;741 584;7;0;2;5;0;1
202200040626;741 585;7;0;2;7;1;1
202200040626;741 589;7;0;2;1;1;1
202200040627;741 579;7;0;2;5;10;1
202200040627;741 582;32;0;2;1;1;1
202200040628;741 577;7;0;2;5;0;1
202200040628;741 580;50;0;2;1;1;3
202200040629;741 576;7;0;1;2;1;1
202200040630;741 575;30;0;2;1;2;1
202200040631;741 574;33;9;0;2;13;1
202200040632;741 570;7;3;0;9;13;1
202200040633;741 569;2;0;2;1;15;1
202200040633;741 572;80;0;2;1;1;3
202200040634;741 567;10;0;2;1;2;1
202200040634;741 568;7;3;2;4;2;1
202200040634;741 573;7;0;0;4;2;1
202200040635;741 565;7;1;0;1;1;1
202200040635;741 571;7;0;2;1;24;1
202200040636;741 563;10;0;2;0;0;0
202200040636;741 566;33;0;2;1;2;1
202200040637;741 562;2;0;2;0;0;0
202200040637;741 564;7;0;2;0;4;0
202200040638;741 560;7;0;2;3;15;1
202200040638;741 561;2;0;2;7;17;1
202200040639;741 559;7;0;1;3;1;1
202200040640;741 556;32;0;2;7;17;1
202200040640;741 558;7;0;2;3;15;1
202200040641;741 555;7;0;2;2;0;1
202200040641;741 557;2;0;2;0;0;0
202200040642;741 554;7;13;0;7;14;1
202200040643;741 552;10;0;2;0;2;1
202200040643;741 553;1;0;2;0;2;5
202200040644;741 551;7;0;1;1;1;1
202200040645;741 550;33;0;0;0;1;1
202200040646;741 548;7;0;2;1;0;0
202200040646;741 549;30;0;0;4;0;0
202200040647;741 545;7;0;2;4;1;1
202200040647;741 547;7;0;2;4;1;3
202200040648;741 546;7;2;0;8;14;1
202200040649;741 543;32;0;1;1;1;1
202200040650;741 542;10;0;2;1;2;1
202200040650;741 544;7;0;2;4;2;1
202200040651;741 540;33;0;0;0;26;1
202200040652;741 538;7;8;0;1;16;1
202200040653;741 537;7;0;2;1;1;1
202200040653;741 541;7;0;2;8;1;1
202200040654;741 536;10;0;2;4;1;1
202200040654;741 539;34;0;2;1;2;1
202200040655;741 532;7;0;2;1;1;1
202200040655;741 535;7;0;2;4;14;1
202200040656;741 530;33;0;2;1;1;1
202200040656;741 534;7;0;2;5;1;1
202200040657;741 524;33;0;2;8;1;1
202200040657;741 528;10;0;2;7;12;1
202200040658;741 525;1;0;2;4;1;5
202200040658;741 529;7;0;9;2;16;1
202200040659;741 523;7;0;2;2;1;1
202200040659;741 527;7;9;2;2;17;1
202200040660;741 522;7;0;2;6;0;1
202200040660;741 526;32;0;2;7;16;1
202200040661;741 520;33;0;2;1;3;1
202200040661;741 521;10;0;2;6;11;1
202200040662;741 518;7;0;1;3;1;1
202200040663;741 517;7;0;2;1;19;1
202200040663;741 519;7;0;2;3;9;1
202200040664;741 513;7;0;2;4;26;1
202200040664;741 515;7;0;2;1;26;1
202200040665;741 512;7;0;2;1;2;1
202200040665;741 516;10;0;2;4;2;1
202200040666;741 510;30;0;2;1;5;1
202200040666;741 514;7;0;2;1;1;1
202200040667;741 509;2;0;2;1;1;1
202200040667;741 511;7;0;2;2;26;1
202200040668;741 500;7;4;0;1;1;1
202200040668;741 504;14;0;0;0;0;1
202200040668;741 505;7;0;9;1;1;1
202200040668;741 506;7;0;9;1;1;1
202200040668;741 508;7;0;9;1;1;3
202200040669;741 501;7;0;0;0;0;1
202200040670;741 499;7;0;2;3;1;1
202200040670;741 503;2;0;2;1;0;1
202200040671;741 498;7;0;2;3;9;1
202200040671;741 502;7;0;2;3;1;1
202200040671;741 507;7;0;2;8;9;1
202200040672;741 496;7;13;0;2;1;1
202200040673;741 492;33;0;2;7;15;1
202200040673;741 494;7;0;2;1;1;1
202200040674;741 491;31;0;6;1;21;1
202200040675;741 488;7;3;2;6;2;1
202200040675;741 489;7;0;2;4;1;1
202200040675;741 493;10;3;2;1;1;1
202200040676;741 487;7;4;0;8;13;1
202200040677;741 484;7;4;0;8;13;1
202200040678;741 482;10;0;1;1;1;1
202200040679;741 483;32;8;2;1;18;1
202200040679;741 485;7;0;2;7;16;1
202200040680;741 481;2;0;1;2;14;1
202200040681;741 479;7;0;2;8;24;1
202200040681;741 480;1;1;0;1;1;5
202200040682;741 474;7;9;2;6;13;1
202200040682;741 478;7;0;2;1;2;1
202200040683;741 475;1;0;2;8;17;5
202200040683;741 476;7;0;2;2;17;1
202200040684;741 472;7;0;2;2;1;1
202200040684;741 477;10;0;2;1;9;1
202200040685;741 471;7;0;2;0;0;0
202200040685;741 473;1;0;2;7;0;5
202200040686;741 470;30;0;1;1;26;3
202200040687;741 465;33;0;2;1;1;1
202200040687;741 467;1;0;2;8;19;5
202200040688;741 464;7;0;2;3;9;1
202200040688;741 469;1;0;2;1;1;5
202200040689;741 462;30;0;2;1;1;1
202200040689;741 466;7;0;2;7;26;1
202200040690;741 461;7;0;2;3;13;1
202200040690;741 463;33;0;2;8;1;1
202200040690;741 468;7;0;2;8;1;1
202200040691;741 460;40;0;1;2;1;3
202200040692;741 459;10;0;1;1;1;1
202200040693;741 458;30;13;0;1;21;1
202200040694;741 454;14;0;2;8;1;1
202200040694;741 456;10;0;2;5;2;1
202200040694;741 457;33;0;2;1;2;1
202200040695;741 453;31;0;2;1;1;1
202200040695;741 455;7;0;2;3;15;1
202200040696;741 452;7;1;1;2;1;1
202200040697;741 450;7;0;2;1;1;1
202200040697;741 451;7;0;2;4;23;1
202200040698;741 448;30;1;0;1;1;3
202200040699;741 447;33;0;0;8;1;1
202200040700;741 446;7;0;2;3;0;1
202200040700;741 449;2;11;2;3;6;1
202200040701;741 444;33;3;0;7;14;1
202200040702;741 443;7;0;2;1;0;1
202200040702;741 445;30;0;2;7;0;1
202200040703;741 441;31;13;0;1;1;1
202200040704;741 440;10;0;2;1;16;0
202200040704;741 442;2;0;2;1;1;0
202200040705;741 438;7;0;2;0;0;0
202200040705;741 439;32;0;2;8;1;1
202200040706;741 437;33;13;0;8;1;1
202200040707;741 434;37;0;2;3;1;2
202200040707;741 436;7;0;2;3;13;1
202200040708;741 432;10;0;2;1;2;1
202200040708;741 435;7;0;2;4;2;1
202200040709;741 431;7;0;2;8;17;1
202200040709;741 433;33;0;2;7;17;1
202200040710;741 430;33;0;2;8;2;1
202200040711;741 429;33;0;1;0;17;1
202200040712;741 428;7;0;1;1;0;1
202200040713;741 425;7;0;9;3;26;1
202200040713;741 427;31;0;2;4;18;1
202200040714;741 423;7;0;2;1;0;1
202200040714;741 426;7;0;2;1;0;2
202200040715;741 422;30;9;0;1;14;1
202200040716;741 421;7;0;2;6;15;1
202200040716;741 424;33;0;2;1;17;0
202200040717;741 418;7;0;2;6;1;1
202200040717;741 420;33;0;2;2;17;1
202200040718;741 419;7;12;0;3;13;1
202200040719;741 416;2;8;0;2;14;1
202200040720;741 415;7;0;2;6;1;2
202200040720;741 417;33;0;2;1;16;1
202200040721;741 414;2;0;0;0;1;1
202200040722;741 413;7;1;0;2;1;1
202200040723;741 412;7;13;0;2;14;1
202200040724;741 409;7;0;2;6;2;1
202200040724;741 411;7;0;2;1;14;1
202200040725;741 407;33;0;2;3;1;1
202200040725;741 410;7;0;2;7;19;1
202200040726;741 406;33;0;2;7;2;1
202200040726;741 408;7;0;2;7;2;1
202200040727;741 405;7;2;0;1;1;1
202200040728;741 403;3;0;2;2;9;1
202200040728;741 404;32;0;2;1;1;1
202200040729;741 400;80;0;0;8;14;3
202200040730;741 399;32;0;2;6;1;1
202200040730;741 402;7;0;2;2;12;0
202200040731;741 397;13;0;2;4;24;1
202200040731;741 401;1;1;2;4;23;5
202200040732;741 394;7;0;2;1;2;1
202200040732;741 395;7;0;2;4;2;0
202200040732;741 396;7;0;2;4;2;1
202200040732;741 398;7;0;2;4;2;1
202200040733;741 393;1;0;0;1;14;5
202200040734;741 390;7;15;0;2;13;1
202200040735;741 392;7;0;1;1;1;1
202200040736;741 391;99;1;1;1;1;3
202200040737;741 389;7;9;0;3;13;1
202200040738;741 387;33;13;0;1;0;1
202200040739;741 383;30;0;0;7;1;3
202200040740;741 384;7;0;2;8;1;1
202200040740;741 386;7;0;2;1;15;1
202200040741;741 379;7;0;1;3;15;1
202200040742;741 376;10;0;2;1;0;1
202200040742;741 377;7;0;2;1;14;1
202200040743;741 375;7;0;2;4;2;2
202200040743;741 378;7;0;2;4;2;1
202200040743;741 381;10;0;2;4;2;1
202200040743;741 382;7;0;2;4;2;1
202200040743;741 385;7;0;2;4;2;1
202200040743;741 388;7;0;2;4;2;1
202200040744;741 374;10;0;0;2;1;1
202200040744;741 380;7;0;2;1;15;1
202200040745;741 372;7;0;1;4;26;1
202200040746;741 371;1;0;2;2;17;5
202200040746;741 373;7;0;2;3;11;2
202200040747;741 369;7;2;0;2;0;1
202200040748;741 366;10;0;2;1;1;1
202200040748;741 368;7;0;2;4;0;1
202200040749;741 365;10;0;2;5;1;1
202200040749;741 370;31;0;2;1;14;1
202200040750;741 364;7;0;2;3;1;2
202200040750;741 367;50;0;2;2;19;3
202200040751;741 360;7;0;0;2;9;1
202200040751;741 363;7;0;0;3;1;1
202200040752;741 359;7;0;1;7;1;2
202200040753;741 358;37;0;1;2;1;4
202200040754;741 354;7;0;1;2;16;1
202200040755;741 356;99;8;0;7;9;6
202200040756;741 353;50;0;1;1;7;3
202200040757;741 352;7;9;0;2;11;1
202200040757;741 355;7;9;0;3;1;1
202200040758;741 350;7;9;0;2;2;1
202200040759;741 345;10;0;2;2;15;1
202200040759;741 348;33;0;2;1;1;1
202200040760;741 344;30;0;2;7;17;1
202200040760;741 347;80;0;2;8;15;3
202200040761;741 346;7;0;2;8;15;1
202200040761;741 349;1;0;2;1;1;5
202200040762;741 342;7;17;0;1;1;1
202200040763;741 341;1;0;2;8;1;5
202200040763;741 343;32;0;9;1;1;1
202200040764;741 337;7;8;2;9;9;1
202200040765;741 339;7;0;2;3;15;1
202200040765;741 340;1;0;2;7;1;5
202200040766;741 336;7;0;2;1;2;1
202200040766;741 338;1;0;2;4;2;5
202200040767;741 332;7;0;2;1;1;1
202200040767;741 335;7;0;2;1;5;1
202200040768;741 331;50;0;2;8;19;3
202200040768;741 334;1;0;2;1;16;5
202200040769;741 328;10;0;2;2;17;1
202200040769;741 330;80;0;0;6;2;3
202200040770;741 325;7;0;2;1;15;1
202200040770;741 327;7;0;2;3;1;1
202200040771;741 323;7;0;2;8;19;1
202200040771;741 326;33;0;2;1;2;1
202200040772;741 322;7;0;2;3;15;1
202200040772;741 324;30;0;2;1;1;1
202200040773;741 321;7;12;0;1;1;1
202200040774;741 318;7;6;0;3;1;1
202200040775;741 317;7;0;2;3;1;1
202200040775;741 320;1;0;2;8;19;5
202200040776;741 316;7;0;2;2;1;1
202200040776;741 319;7;0;2;2;1;2
202200040777;741 315;2;0;6;1;1;1
202200040778;741 313;7;0;2;1;0;1
202200040778;741 314;21;0;2;3;13;1
202200040779;741 310;32;0;2;2;18;1
202200040779;741 312;7;0;2;6;22;1
202200040780;741 308;10;0;2;1;2;1
202200040780;741 309;7;4;2;4;2;1
202200040780;741 311;7;0;2;5;17;1
202200040781;741 307;7;0;1;3;1;1
202200040782;741 306;7;4;0;3;1;1
202200040783;741 304;33;0;2;3;15;1
202200040783;741 305;7;0;2;2;1;1
202200040784;741 302;7;0;2;3;13;1
202200040784;741 303;7;0;0;8;1;1
202200040785;741 297;7;0;0;1;0;1
202200040785;741 301;7;0;0;1;0;1
202200040786;741 298;50;0;2;9;5;3
202200040786;741 300;7;0;2;3;0;1
202200040787;741 296;7;0;2;1;15;1
202200040787;741 299;1;0;2;7;1;5
202200040788;741 295;33;0;0;8;14;1
202200040789;741 293;7;13;0;1;13;0
202200040790;741 294;7;0;1;1;1;1
202200040791;741 291;33;0;2;8;15;1
202200040791;741 292;1;0;2;8;1;5
202200040792;741 288;10;0;2;1;1;1
202200040792;741 289;1;3;0;4;1;5
202200040793;741 285;17;0;2;3;1;1
202200040793;741 286;7;0;2;3;13;1
202200040794;741 284;32;0;2;1;1;1
202200040794;741 287;1;0;2;8;1;5
202200040795;741 283;3;8;0;9;1;1
202200040796;741 282;7;0;0;0;21;1
202200040797;741 278;30;0;2;2;23;3
202200040797;741 281;7;0;2;3;2;1
202200040798;741 277;7;0;2;1;1;1
202200040798;741 280;7;0;2;1;13;1
202200040799;741 276;33;0;2;8;9;1
202200040799;741 279;33;0;2;1;1;1
202200040800;741 275;10;0;1;1;1;1
202200040801;741 272;10;0;2;3;2;1
202200040801;741 273;7;0;0;2;1;1
202200040802;741 271;7;1;1;2;1;1
202200040803;741 270;7;0;2;8;19;1
202200040803;741 274;7;0;2;1;1;1
202200040804;741 269;10;0;1;1;1;1
202200040805;741 267;1;0;0;1;1;5
202200040806;741 266;7;0;2;1;15;1
202200040806;741 268;50;0;2;8;0;3
202200040807;741 264;7;8;0;1;1;1
202200040808;741 263;7;0;2;1;1;1
202200040808;741 265;33;0;2;1;0;1
202200040809;741 262;7;15;0;1;1;1
202200040810;741 261;10;0;1;1;1;1
202200040811;741 260;17;0;0;7;26;1
202200040812;741 258;7;0;1;1;1;1
202200040813;741 257;2;0;2;7;1;1
202200040813;741 259;7;0;2;7;26;1
202200040814;741 254;7;0;1;3;9;1
202200040815;741 253;17;0;2;1;2;1
202200040815;741 255;17;0;2;3;2;1
202200040815;741 256;7;0;2;2;14;1
202200040816;741 251;7;0;2;1;1;1
202200040816;741 252;7;0;2;4;1;1
202200040817;741 248;7;13;0;1;1;1
202200040818;741 247;10;0;1;3;15;1
202200040819;741 249;33;0;0;1;17;1
202200040819;741 250;7;0;0;4;13;1