Num_Acc;id_vehicule;catv;obs;obsm;choc;manv;motor
202200041213;740 556;30;0;2;1;0;1
202200041213;740 558;7;0;2;4;2;1
202200041214;740 555;10;0;2;4;2;1
202200041214;740 557;43;0;2;1;2;1
202200041215;740 552;34;0;2;1;1;1
202200041215;740 554;7;0;2;3;15;1
202200041216;740 551;34;0;2;1;1;1
202200041216;740 553;7;0;2;6;11;2
202200041217;740 548;1;2;2;2;1;5
202200041217;740 550;1;2;2;3;9;5
202200041218;740 547;7;0;2;1;26;1
202200041218;740 549;7;0;2;4;2;1
202200041219;740 546;7;7;0;0;19;1
202200041220;740 544;14;1;0;2;1;1
202200041220;740 545;10;0;0;6;24;1
202200041221;740 543;1;8;0;1;1;6
202200041222;740 538;14;0;2;4;1;1
202200041222;740 541;10;0;2;4;1;1
202200041222;740 542;10;0;2;1;26;1
202200041223;740 539;80;0;4;3;16;3
202200041223;740 540;40;0;2;4;1;0
202200041224;740 534;33;0;2;1;0;1
202200041224;740 536;7;0;2;3;15;1
202200041225;740 533;7;0;2;7;12;1
202200041225;740 535;33;0;2;8;3;1
202200041225;740 537;38;0;2;4;1;1
202200041226;740 530;7;0;2;1;15;1
202200041226;740 532;31;0;2;1;1;1
202200041227;740 529;7;0;2;5;1;1
202200041227;740 531;7;0;2;3;13;1
202200041228;740 526;7;0;2;4;2;1
202200041228;740 527;33;0;2;1;2;1
202200041229;740 525;7;0;2;3;16;1
202200041229;740 528;33;0;2;1;1;1
202200041230;740 524;7;0;1;1;1;1
202200041231;740 522;33;0;2;4;26;1
202200041231;740 523;7;0;2;1;1;1
202200041232;740 521;7;15;0;9;1;1
202200041233;740 519;33;0;2;1;1;1
202200041233;740 520;7;0;2;7;15;1
202200041234;740 517;30;0;2;6;23;1
202200041234;740 518;7;0;2;1;1;0
202200041235;740 514;7;1;0;8;0;1
202200041236;740 511;7;0;1;1;9;1
202200041237;740 510;7;0;2;3;2;1
202200041237;740 512;7;0;2;3;2;1
202200041238;740 507;7;0;2;6;19;1
202200041238;740 509;32;0;2;1;26;1
202200041239;740 506;33;0;2;0;0;1
202200041239;740 508;7;0;2;5;15;1
202200041240;740 503;33;0;2;1;1;1
202200041240;740 505;7;0;2;2;17;1
202200041241;740 501;7;0;0;4;2;1
202200041241;740 502;7;0;2;4;2;1
202200041241;740 504;7;0;2;1;2;1
202200041242;740 498;7;0;2;2;1;1
202200041242;740 500;7;0;2;3;1;1
202200041243;740 499;7;1;1;2;1;1
202200041244;740 497;7;4;0;1;2;1
202200041245;740 496;7;0;1;2;1;1
202200041246;740 492;7;0;2;1;15;1
202200041246;740 494;7;0;2;6;1;1
202200041247;740 491;7;14;0;1;21;1
202200041247;740 493;7;14;2;4;1;1
202200041247;740 495;7;14;2;1;1;1
202200041248;740 487;10;0;2;3;15;1
202200041248;740 489;2;0;2;1;1;1
202200041249;740 485;7;0;2;1;2;0
202200041249;740 486;7;0;2;4;1;1
202200041249;740 488;7;0;2;4;2;1
202200041249;740 490;7;0;2;1;1;1
202200041250;740 484;7;0;1;3;16;1
202200041251;740 483;34;0;1;1;1;1
202200041252;740 482;10;0;1;7;1;1
202200041253;740 481;33;12;0;1;15;1
202200041254;740 479;7;6;0;1;1;3
202200041255;740 478;7;0;2;1;1;1
202200041255;740 480;30;0;2;8;19;1
202200041256;740 477;7;11;0;1;17;1
202200041257;740 476;7;0;1;3;1;1
202200041258;740 475;7;0;1;2;16;1
202200041259;740 474;7;0;1;2;2;1
202200041260;740 473;37;0;1;1;1;1
202200041261;740 471;7;0;1;2;26;1
202200041262;740 470;1;0;2;8;0;5
202200041262;740 472;7;0;2;1;15;1
202200041263;740 466;33;0;2;1;17;1
202200041263;740 467;7;0;2;6;15;1
202200041264;740 464;1;0;2;1;19;5
202200041264;740 465;7;0;2;2;1;1
202200041265;740 463;50;0;0;1;2;3
202200041266;740 460;7;0;2;1;1;1
202200041266;740 462;7;0;2;4;1;1
202200041267;740 459;7;0;2;8;9;1
202200041267;740 461;7;0;2;1;1;1
202200041268;740 458;2;0;0;0;17;1
202200041269;740 455;7;15;0;2;1;1
202200041269;740 457;99;0;0;0;24;0
202200041270;740 454;32;0;2;1;1;1
202200041270;740 456;7;0;2;2;9;1
202200041271;740 452;1;0;2;1;1;5
202200041271;740 453;1;0;2;1;5;5
202200041272;740 450;7;0;0;6;1;1
202200041272;740 451;13;0;0;2;12;0
202200041273;740 449;7;0;1;1;1;0
202200041274;740 447;7;0;2;2;1;1
202200041274;740 448;1;0;2;8;10;5
202200041275;740 445;31;1;0;0;0;1
202200041276;740 443;7;0;2;3;13;1
202200041276;740 444;7;0;2;6;1;1
202200041276;740 446;7;0;2;3;1;1
202200041277;740 442;7;0;1;2;1;1
202200041278;740 438;10;0;2;1;1;1
202200041278;740 440;10;0;2;9;1;1
202200041278;740 441;7;0;2;4;1;1
202200041279;740 439;7;0;1;1;1;1
202200041280;740 437;7;2;0;2;14;1
202200041281;740 435;33;0;2;3;1;1
202200041281;740 436;7;0;2;2;12;1
202200041282;740 432;7;0;2;1;11;1
202200041282;740 434;1;0;0;0;0;5
202200041283;740 429;1;0;2;8;19;5
202200041283;740 430;1;0;2;1;1;5
202200041284;740 427;7;0;2;1;2;1
202200041284;740 428;7;0;2;1;2;1
202200041284;740 431;7;0;2;1;2;1
202200041284;740 433;7;0;0;0;2;1
202200041285;740 426;7;13;0;2;14;1
202200041286;740 425;2;0;0;9;1;1
202200041287;740 423;7;0;2;3;1;1
202200041287;740 424;7;0;2;1;13;1
202200041288;740 422;7;0;0;2;1;1
202200041289;740 420;33;0;0;1;1;1
202200041290;740 419;1;0;2;7;26;5
202200041290;740 421;10;0;2;2;1;1
202200041291;740 416;2;0;2;1;19;1
202200041291;740 418;7;0;2;8;16;1
202200041292;740 415;33;6;0;1;26;1
202200041293;740 412;7;0;2;1;2;1
202200041293;740 414;10;0;2;4;2;1
202200041294;740 411;7;0;0;3;9;0
202200041294;740 413;33;0;2;1;1;0
202200041295;740 410;7;0;1;3;1;1
202200041296;740 409;7;0;1;2;13;1
202200041297;740 406;7;0;2;3;1;1
202200041297;740 408;50;0;2;1;1;3
202200041298;740 405;33;0;2;3;18;1
202200041298;740 407;10;0;2;5;0;1
202200041299;740 404;7;4;0;2;26;1
202200041300;740 403;30;3;0;7;14;1
202200041301;740 401;32;0;2;1;1;1
202200041301;740 402;7;0;2;3;16;1
202200041302;740 400;7;0;1;2;1;1
202200041303;740 398;33;12;0;1;12;6
202200041304;740 399;7;1;0;2;14;1
202200041305;740 396;7;0;2;2;1;1
202200041305;740 397;33;0;2;3;11;1
202200041306;740 395;7;0;1;7;1;1
202200041307;740 391;21;0;2;3;16;1
202200041307;740 393;7;0;2;7;1;1
202200041308;740 392;32;0;2;1;7;1
202200041308;740 394;7;0;2;1;15;1
202200041309;740 387;34;0;2;1;1;1
202200041309;740 388;7;0;2;6;1;1
202200041309;740 390;7;0;2;1;1;1
202200041310;740 386;30;0;2;1;1;1
202200041310;740 389;7;0;2;3;15;2
202200041311;740 384;7;0;2;1;5;1
202200041311;740 385;15;0;2;1;1;1
202200041312;740 380;7;0;2;0;2;1
202200041312;740 382;7;0;2;4;2;1
202200041312;740 383;7;0;2;4;23;2
202200041313;740 379;10;0;2;2;1;1
202200041313;740 381;32;0;2;1;5;1
202200041314;740 377;80;0;2;4;15;3
202200041314;740 378;2;0;2;0;1;0
202200041315;740 375;33;0;2;1;1;1
202200041315;740 376;33;0;2;6;13;1
202200041316;740 373;7;0;1;2;1;2
202200041317;740 372;7;0;9;3;1;1
202200041317;740 374;1;0;2;0;9;5
202200041318;740 370;7;0;2;7;1;1
202200041318;740 371;43;0;2;1;1;1
202200041319;740 369;7;12;0;1;15;1
202200041320;740 365;7;0;2;2;15;1
202200041320;740 367;33;0;2;3;1;1
202200041321;740 366;1;0;2;1;19;5
202200041321;740 368;32;0;2;6;15;1
202200041322;740 363;15;0;2;2;12;0
202200041322;740 364;7;0;2;8;1;1
202200041323;740 362;32;0;1;2;1;1
202200041324;740 359;10;0;2;2;16;1
202200041324;740 361;31;0;2;3;18;1
202200041325;740 358;1;0;1;4;1;5
202200041326;740 354;30;0;2;7;12;1
202200041326;740 356;32;0;2;3;1;1
202200041326;740 357;10;0;2;7;12;1
202200041327;740 353;80;0;2;1;1;3
202200041327;740 355;7;0;9;7;22;1
202200041328;740 351;33;0;2;8;14;1
202200041328;740 352;7;0;2;2;15;3
202200041329;740 349;33;0;2;8;1;1
202200041329;740 350;7;0;2;3;15;1
202200041330;740 347;10;0;2;1;15;1
202200041330;740 348;7;0;2;2;1;2
202200041331;740 345;30;0;2;2;17;3
202200041331;740 346;7;0;2;3;15;1
202200041332;740 343;1;0;2;8;1;5
202200041332;740 344;7;0;2;2;22;1
202200041333;740 341;60;0;2;1;19;5
202200041333;740 342;7;0;2;6;1;1
202200041334;740 339;32;0;2;4;15;3
202200041334;740 340;10;0;2;2;17;1
202200041335;740 337;10;0;2;1;1;1
202200041335;740 338;1;0;2;0;0;5
202200041336;740 336;50;0;1;8;1;3
202200041337;740 334;30;0;2;1;18;1
202200041337;740 335;7;0;2;8;0;1
202200041338;740 332;30;0;2;2;1;1
202200041338;740 333;10;0;2;1;1;1
202200041339;740 329;30;0;2;5;0;1
202200041339;740 331;7;0;2;1;0;1
202200041340;740 328;34;0;2;7;1;1
202200041340;740 330;7;0;2;8;15;1
202200041341;740 326;34;0;2;1;1;1
202200041341;740 327;7;0;2;8;10;1
202200041342;740 324;2;0;2;1;1;1
202200041342;740 325;7;0;2;1;11;3
202200041343;740 323;30;0;1;1;1;1
202200041344;740 322;32;1;0;2;1;1
202200041345;740 321;7;17;0;2;14;1
202200041346;740 318;33;0;2;8;17;1
202200041346;740 319;32;0;2;3;1;1
202200041346;740 320;7;0;2;3;10;0
202200041347;740 316;7;0;2;3;1;3
202200041347;740 317;21;0;2;6;1;1
202200041348;740 315;33;13;0;7;1;1
202200041349;740 314;10;0;1;7;16;1
202200041350;740 312;7;0;2;1;1;1
202200041350;740 313;7;0;2;1;13;1
202200041351;740 310;7;0;2;2;1;2
202200041351;740 311;1;0;2;2;15;5
202200041352;740 308;33;12;0;0;14;1
202200041353;740 307;7;0;2;1;1;1
202200041353;740 309;7;0;2;6;19;1
202200041354;740 305;7;0;1;1;2;1
202200041355;740 303;10;0;2;3;19;1
202200041355;740 304;33;0;2;1;1;1
202200041356;740 302;7;0;2;5;1;1
202200041356;740 306;7;0;2;1;1;2
202200041357;740 300;7;0;1;2;15;1
202200041358;740 297;33;0;0;7;23;1
202200041359;740 295;7;0;2;2;19;1
202200041359;740 296;7;0;2;3;0;1
202200041359;740 298;7;0;2;5;23;1
202200041359;740 299;7;0;2;2;23;2
202200041359;740 301;7;0;2;3;1;3
202200041360;740 292;7;0;2;1;13;1
202200041360;740 294;7;0;2;1;1;1
202200041361;740 291;7;0;2;2;1;1
202200041361;740 293;30;0;2;1;15;1
202200041362;740 289;1;0;2;5;19;5
202200041362;740 290;37;0;2;2;1;1
202200041363;740 287;30;0;2;1;1;1
202200041363;740 288;7;0;2;5;15;1
202200041364;740 285;7;0;2;3;9;1
202200041364;740 286;33;0;2;1;1;1
202200041365;740 283;7;0;2;1;1;1
202200041365;740 284;1;0;2;8;19;5
202200041366;740 281;33;0;0;7;9;1
202200041366;740 282;7;0;0;8;9;1
202200041367;740 279;1;0;2;1;16;5
202200041367;740 280;3;0;2;3;1;1
202200041368;740 278;7;1;0;9;13;1
202200041369;740 274;7;0;2;1;1;1
202200041369;740 277;34;0;2;6;1;1
202200041370;740 275;7;0;2;2;1;1
202200041370;740 276;1;0;2;1;17;5
202200041371;740 272;30;0;0;1;1;1
202200041371;740 273;7;0;2;2;19;1
202200041372;740 270;7;6;0;7;1;1
202200041372;740 271;7;0;2;1;19;1
202200041373;740 268;7;2;2;9;9;1
202200041373;740 269;7;0;2;2;12;0
202200041374;740 267;7;0;0;9;1;1
202200041375;740 264;7;8;0;2;14;0
202200041375;740 266;7;8;0;3;9;0
202200041376;740 260;33;0;2;2;17;1
202200041376;740 261;7;0;2;3;15;1
202200041377;740 259;7;6;0;3;1;1
202200041378;740 257;7;0;2;5;23;1
202200041378;740 258;32;0;2;1;2;1
202200041379;740 255;7;0;2;3;1;1
202200041379;740 256;7;0;0;1;1;1
202200041380;740 254;30;0;1;1;1;3
202200041381;740 253;7;0;0;0;1;1
202200041382;740 250;7;0;2;8;15;1
202200041382;740 251;33;0;2;9;1;1
202200041383;740 249;10;0;2;8;1;1
202200041383;740 252;7;0;2;1;1;1
202200041384;740 246;7;1;2;3;9;2
202200041384;740 247;30;1;2;7;17;1
202200041385;740 245;7;0;2;8;1;1
202200041385;740 248;7;0;2;8;13;1
202200041386;740 242;1;0;2;4;2;5
202200041386;740 244;0;0;2;0;1;0
202200041387;740 241;7;0;2;1;0;1
202200041387;740 243;2;0;2;2;0;1
202200041388;740 240;7;3;0;1;1;1
202200041389;740 237;7;13;0;9;19;1
202200041390;740 238;7;0;2;1;14;1
202200041390;740 239;15;0;0;4;23;1
202200041391;740 236;33;0;0;7;13;1
202200041392;740 234;17;0;0;6;11;1
202200041392;740 235;10;0;2;2;12;1
202200041393;740 233;33;0;1;1;1;1
202200041394;740 231;7;0;2;6;11;1
202200041394;740 232;34;0;2;1;3;1
202200041395;740 230;2;8;0;1;5;1
202200041396;740 229;7;2;0;1;0;1
202200041397;740 227;10;0;2;1;1;1
202200041397;740 228;7;0;0;8;19;2
202200041398;740 226;33;16;0;1;1;1
202200041399;740 224;7;0;2;5;14;1
202200041399;740 225;10;0;2;3;1;1
202200041400;740 222;7;0;0;1;1;1
202200041401;740 221;31;8;2;1;1;1
202200041401;740 223;7;0;2;3;15;1
202200041402;740 219;33;0;0;0;1;1
202200041403;740 218;34;0;2;1;1;1
202200041403;740 220;34;0;2;1;17;1
202200041404;740 217;2;13;0;1;5;1
202200041405;740 215;7;0;2;2;9;1
202200041405;740 216;1;0;2;1;1;5
202200041406;740 214;2;0;0;7;2;1
202200041407;740 212;15;0;1;2;1;1
202200041408;740 213;2;7;0;1;1;1
202200041409;740 210;7;0;9;1;15;1
202200041409;740 211;1;0;2;7;1;5
202200041410;740 208;10;0;2;3;13;1
202200041410;740 209;7;0;2;3;21;1
202200041411;740 207;33;0;0;1;1;1
202200041412;740 206;2;14;0;2;1;1
202200041413;740 205;43;0;5;1;1;1
202200041414;740 203;7;0;2;4;2;1
202200041414;740 204;33;0;2;1;2;1
202200041415;740 202;38;2;0;3;1;1
202200041416;740 201;7;2;0;1;1;1
202200041417;740 200;31;0;0;1;1;1
202200041418;740 199;10;0;1;4;20;1
202200041419;740 198;7;0;9;1;1;1
202200041420;740 196;32;12;0;1;0;1
202200041421;740 197;21;13;0;3;1;1
202200041422;740 193;7;0;2;8;15;1
202200041422;740 194;7;0;2;3;23;1
202200041423;740 192;7;0;0;4;23;1
202200041423;740 195;2;0;2;1;2;1
202200041424;740 188;7;0;2;1;0;1
202200041424;740 189;7;0;2;3;5;1
202200041424;740 190;7;0;2;1;0;1
202200041425;740 187;10;2;0;3;1;1
202200041426;740 186;32;0;0;7;1;1
202200041427;740 183;7;0;2;1;0;1
202200041427;740 185;7;0;2;1;17;1
202200041428;740 177;21;0;0;4;2;0
202200041428;740 178;7;0;2;2;2;1
202200041429;740 180;7;0;2;3;5;1
202200041429;740 182;7;0;2;3;1;1
202200041429;740 184;7;0;0;6;2;1
202200041430;740 174;7;0;2;4;11;1
202200041430;740 176;7;0;2;1;1;1
202200041431;740 173;7;0;2;2;1;1
202200041431;740 175;80;0;2;8;9;3
202200041432;740 170;15;2;2;3;1;1
202200041432;740 171;7;0;2;3;13;1
202200041433;740 169;7;0;2;4;1;1
202200041433;740 172;7;0;2;1;2;1
202200041434;740 165;7;0;2;1;1;1
202200041434;740 167;7;0;2;4;1;1
202200041435;740 163;10;1;0;4;2;1
202200041436;740 162;7;0;2;1;2;1
202200041436;740 164;7;0;2;4;2;1
202200041437;740 160;7;1;0;1;1;1
202200041438;740 158;2;0;0;0;15;1
202200041439;740 156;7;4;2;7;1;1
202200041439;740 157;10;4;2;2;1;1
202200041439;740 159;7;4;2;4;2;1
202200041439;740 161;7;0;2;1;2;1
202200041440;740 154;7;0;2;7;17;1
202200041440;740 155;7;0;2;1;1;1
202200041441;740 152;31;0;0;0;26;1
202200041442;740 150;7;0;2;4;23;1
202200041442;740 151;7;0;0;6;2;1
202200041442;740 153;7;0;2;1;2;1
202200041443;740 149;14;0;1;2;16;1
202200041444;740 148;7;4;0;1;11;1
202200041445;740 147;7;13;0;7;21;1
202200041446;740 141;7;0;2;4;2;1
202200041446;740 142;7;0;2;4;2;1
202200041446;740 146;7;0;2;1;2;1
202200041447;740 139;7;0;2;2;2;1
202200041447;740 140;1;0;2;3;2;5
202200041448;740 136;10;0;2;1;14;1
202200041448;740 138;7;0;2;8;0;1
202200041449;740 135;14;0;2;3;1;1
202200041449;740 137;7;0;2;8;15;1
202200041450;740 132;7;0;2;3;11;1
202200041450;740 133;7;0;2;2;1;1
202200041450;740 134;7;0;2;2;1;1
202200041451;740 130;33;0;2;1;26;1
202200041451;740 131;7;0;2;6;11;1
202200041452;740 129;7;4;2;3;13;1
202200041453;740 127;7;0;2;1;1;1
202200041453;740 128;7;0;2;4;1;1
202200041454;740 122;7;3;2;1;2;1
202200041454;740 124;10;0;2;3;17;1
202200041455;740 121;7;0;2;4;2;1
202200041455;740 123;7;0;2;4;2;1
202200041455;740 125;7;0;2;4;2;1
202200041455;740 126;7;0;2;1;2;1
202200041456;740 119;7;0;2;4;1;1
202200041456;740 120;7;0;2;1;1;1
202200041457;740 117;7;0;2;4;23;1
202200041457;740 118;7;0;2;1;1;1
202200041458;740 116;7;0;2;0;9;1
202200041459;740 112;7;0;2;2;2;0
202200041459;740 114;1;0;2;8;15;5
202200041460;740 109;7;3;0;2;1;1
202200041461;740 110;7;0;2;1;1;1
202200041461;740 111;7;0;2;3;1;1
202200041461;740 113;10;0;2;1;1;1
202200041461;740 115;7;0;2;9;0;1
202200041462;740 108;7;0;1;5;13;1
202200041463;740 105;7;0;2;1;1;2
202200041463;740 107;7;0;2;4;2;1
202200041464;740 104;7;1;0;2;1;1
202200041464;740 106;7;0;2;6;24;1
202200041465;740 103;32;0;0;7;1;1
202200041466;740 102;7;4;0;2;2;1
202200041467;740 097;33;0;2;4;2;1
202200041467;740 098;33;0;2;4;1;1
202200041467;740 100;7;0;2;4;2;1
202200041467;740 101;33;0;2;1;1;1
202200041468;740 096;13;0;2;3;9;1
202200041468;740 099;30;0;2;1;1;1
202200041469;740 094;7;0;2;4;11;1
202200041469;740 095;33;0;2;1;3;1
202200041470;740 092;7;0;2;3;2;1
202200041470;740 093;7;0;2;8;19;1
202200041471;740 091;7;0;1;2;19;0
202200041472;740 089;7;0;2;4;1;1
202200041472;740 090;7;0;2;1;2;1
202200041473;740 087;7;2;0;1;13;1
202200041474;740 086;7;0;2;1;16;1
202200041474;740 088;7;0;2;8;1;0
202200041475;740 083;7;0;2;1;0;1
202200041475;740 085;7;0;2;1;11;1
202200041476;740 082;40;0;2;2;1;3
202200041476;740 084;30;0;4;5;16;3
202200041477;740 081;7;6;0;3;2;1
202200041478;740 079;2;0;2;1;2;1
202200041478;740 080;7;0;2;1;15;1
202200041479;740 077;7;0;2;4;26;1
202200041479;740 078;7;0;2;9;9;1
202200041480;740 075;32;0;2;8;1;1
202200041480;740 076;7;0;2;0;19;1
202200041481;740 073;7;0;2;5;15;1
202200041481;740 074;32;0;2;2;0;1
202200041482;740 071;7;0;2;1;5;1
202200041482;740 072;7;0;2;1;1;1
202200041483;740 069;7;0;2;1;21;1
202200041483;740 070;7;0;2;4;9;1
202200041484;740 067;7;0;2;3;26;1
202200041484;740 068;7;0;2;2;15;1
202200041485;740 066;33;0;0;7;1;1
202200041486;740 062;7;0;1;1;1;1
202200041487;740 061;2;0;0;0;1;1
202200041488;740 059;33;0;2;1;1;1
202200041488;740 060;7;0;2;4;1;2
202200041489;740 057;40;0;2;2;1;3
202200041489;740 058;7;0;4;3;9;1
202200041490;740 055;7;0;2;1;1;1
202200041490;740 056;7;0;2;0;1;1
202200041491;740 054;7;8;0;1;13;1
202200041492;740 053;7;0;1;2;16;1
202200041493;740 052;7;0;1;7;16;1
202200041494;740 050;7;0;2;2;2;1
202200041494;740 051;50;0;2;2;2;3
202200041495;740 048;7;0;2;2;15;2
202200041495;740 049;33;0;2;7;1;1
202200041496;740 044;7;0;9;2;17;1
202200041496;740 045;1;0;2;8;13;5
202200041496;740 046;1;0;2;8;13;5
202200041496;740 047;1;0;2;8;13;5
202200041497;740 043;7;1;0;1;1;1
202200041498;740 042;7;2;0;1;1;1
202200041499;740 041;30;16;0;1;1;1
202200041500;740 040;7;2;0;2;1;1
202200041501;740 039;33;2;0;7;1;1
202200041502;740 037;7;0;2;2;1;1
202200041502;740 038;7;0;2;7;15;1
202200041503;740 035;7;0;2;3;26;1
202200041503;740 036;7;0;2;3;0;1
202200041504;740 034;1;13;0;8;13;5
202200041505;740 033;33;6;0;1;0;1
202200041506;740 032;33;12;0;1;1;1
202200041507;740 030;2;0;2;1;15;1
202200041507;740 031;7;0;2;2;1;1
202200041508;740 029;2;13;0;1;14;1
202200041509;740 028;7;8;0;2;1;1
202200041510;740 026;7;0;9;3;13;1
202200041510;740 027;1;0;2;3;1;5
202200041511;740 024;31;0;2;1;0;1
202200041511;740 025;7;0;2;1;21;1
202200041512;740 022;7;0;2;3;1;1
202200041512;740 023;7;0;2;3;1;1
202200041513;740 021;33;15;0;0;1;1
202200041514;740 019;7;0;2;1;1;1
202200041514;740 020;33;0;2;1;1;1
202200041515;740 018;7;15;0;1;1;1
202200041516;740 017;7;6;0;7;1;1
202200041517;740 015;7;6;0;1;1;1
202200041518;740 013;7;0;2;3;1;1
202200041518;740 014;33;0;2;1;1;1
202200041519;740 012;31;0;0;7;2;1
202200041520;740 011;7;2;0;1;13;1
202200041521;740 009;7;0;2;3;13;1
202200041521;740 010;7;16;2;3;1;1
202200041522;740 008;33;0;0;0;1;1
202200041523;740 006;1;0;2;7;1;5
202200041523;740 007;7;0;2;1;9;1
202200041524;740 005;31;2;0;1;14;1
202200041525;740 003;7;0;2;1;2;1
202200041525;740 004;7;0;2;1;5;1
202200041526;740 002;33;0;0;7;16;1
202200041527;740 000;32;0;2;1;1;1
202200041527;740 001;7;0;2;2;19;1
202200041528;739 999;1;0;0;0;1;5
202200041529;739 997;7;0;2;1;1;1
202200041529;739 998;7;0;2;2;1;1
202200041530;739 995;1;0;2;2;16;5
202200041530;739 996;7;0;2;3;16;1
202200041531;739 993;7;0;2;3;15;1
202200041531;739 994;33;0;2;3;1;1
202200041532;739 991;7;0;2;1;13;1
202200041532;739 992;7;0;2;1;1;1
202200041533;739 990;7;6;0;1;1;1
202200041534;739 988;2;0;2;1;1;1
202200041534;739 989;7;1;2;2;13;1
202200041535;739 986;7;0;2;2;17;1
202200041535;739 987;2;0;2;3;1;1
202200041536;739 984;7;0;0;4;2;1
202200041536;739 985;7;0;2;1;2;1
202200041537;739 983;33;3;0;7;12;1
202200041538;739 982;7;2;0;1;0;1
202200041539;739 981;50;6;0;0;1;3
202200041540;739 979;7;0;2;3;9;2
202200041540;739 980;32;0;2;2;17;1
202200041541;739 977;10;0;2;3;15;1
202200041541;739 978;1;0;2;1;16;5
202200041542;739 975;1;0;2;1;1;5
202200041542;739 976;7;0;9;7;15;1
202200041543;739 974;33;7;0;1;6;1
202200041544;739 973;7;13;0;1;26;1
202200041545;739 972;7;6;0;1;1;1
202200041546;739 970;7;0;2;1;13;1
202200041546;739 971;7;0;2;1;1;1
202200041547;739 968;7;0;2;7;1;1
202200041547;739 969;7;0;2;1;1;1
202200041548;739 966;7;0;9;5;9;1
202200041548;739 967;1;0;2;1;1;5
202200041549;739 964;33;0;2;3;1;1
202200041549;739 965;7;0;2;3;15;1
202200041550;739 962;21;0;2;6;1;1
202200041550;739 963;31;0;2;1;13;1
202200041551;739 960;50;0;2;8;19;3
202200041551;739 961;7;0;9;1;1;1
202200041552;739 958;30;0;2;1;13;1
202200041552;739 959;7;0;2;3;1;1
202200041553;739 957;33;8;0;3;1;1
202200041554;739 956;3;0;1;2;1;1
202200041555;739 955;36;0;0;2;0;1
202200041556;739 952;7;0;2;1;2;1
202200041556;739 953;7;0;2;4;2;1
202200041556;739 954;7;0;2;4;2;1
202200041557;739 949;10;0;2;1;0;1
202200041557;739 950;7;0;2;4;0;1
202200041557;739 951;7;0;2;4;0;1
202200041558;739 947;7;0;2;4;1;1
202200041558;739 948;10;0;2;1;1;1
202200041559;739 945;7;0;2;4;2;1
202200041559;739 946;10;0;2;1;1;1
202200041560;739 944;7;0;0;1;1;1
202200041561;739 942;7;0;2;5;1;1
202200041561;739 943;33;0;2;8;3;1
202200041562;739 941;7;3;0;2;12;1
202200041563;739 939;7;0;2;2;1;1
202200041563;739 940;7;0;2;6;1;1
202200041564;739 936;33;0;2;1;3;1
202200041564;739 937;7;0;2;5;1;1
202200041564;739 938;7;0;2;8;1;1
202200041565;739 934;33;0;2;0;1;1
202200041565;739 935;0;0;2;0;0;0
202200041566;739 933;10;0;1;2;1;1
202200041567;739 932;30;14;0;1;19;1
202200041568;739 930;50;0;2;0;0;3
202200041568;739 931;7;0;2;0;1;0
202200041569;739 928;7;0;2;0;0;0
202200041569;739 929;80;0;2;8;0;3
202200041570;739 927;7;0;1;5;1;1
202200041571;739 925;7;0;2;7;16;1
202200041571;739 926;32;0;2;1;7;1
202200041572;739 923;7;0;2;0;0;1
202200041572;739 924;33;0;2;0;0;1
202200041573;739 922;33;0;1;3;1;1
202200041574;739 921;37;0;1;4;4;1
202200041575;739 920;33;0;0;7;26;0
202200041576;739 919;7;0;1;6;23;1
202200041577;739 917;7;0;2;1;15;1
202200041577;739 918;7;0;2;8;0;1
202200041578;739 916;7;2;0;1;1;1
202200041579;739 914;7;0;2;7;1;2
202200041579;739 915;60;0;2;1;19;5
202200041580;739 911;7;0;2;4;23;1
202200041580;739 912;7;0;2;4;23;1
202200041580;739 913;33;0;2;1;1;1
202200041581;739 910;7;6;0;1;26;1
202200041582;739 909;7;0;1;1;1;1
202200041583;739 907;7;0;2;6;1;1
202200041583;739 908;7;0;2;1;1;1
202200041584;739 902;33;0;2;0;0;1
202200041584;739 903;10;0;2;0;0;1
202200041585;739 901;7;0;1;1;1;1
202200041586;739 899;7;0;2;1;1;1
202200041586;739 900;7;0;2;3;1;1
202200041587;739 898;7;0;1;1;15;1
202200041588;739 896;7;0;2;0;1;1
202200041588;739 897;7;0;2;0;9;1
202200041589;739 895;7;0;1;4;26;1
202200041590;739 894;7;2;0;9;1;1
202200041591;739 893;30;12;0;0;9;1
202200041592;739 890;7;0;2;6;1;1
202200041592;739 891;33;0;2;7;1;1
202200041592;739 892;7;0;2;1;9;1
202200041593;739 887;7;0;2;1;13;1
202200041593;739 888;7;0;2;5;1;1
202200041593;739 889;7;0;2;4;1;1
202200041594;739 885;40;0;2;1;1;3
202200041594;739 886;7;0;4;7;0;1
202200041595;739 883;30;0;2;1;1;1
202200041595;739 884;7;0;2;8;26;1
202200041596;739 882;30;1;0;1;2;0
202200041597;739 881;7;0;0;0;0;1
202200041598;739 879;7;0;2;1;15;1
202200041598;739 880;7;0;2;1;1;1
202200041599;739 878;7;0;1;1;1;1
202200041600;739 877;7;0;1;3;16;1
202200041601;739 875;50;0;2;1;5;3
202200041601;739 876;7;0;2;1;1;1
202200041602;739 873;1;0;2;1;15;5
202200041602;739 874;7;0;9;2;16;1
202200041603;739 870;7;0;2;4;2;1
202200041603;739 871;7;0;2;4;2;1
202200041603;739 872;7;0;2;1;2;1
202200041604;739 868;7;0;2;5;0;1
202200041604;739 869;33;0;2;1;17;1
202200041605;739 866;7;0;2;1;1;1
202200041605;739 867;50;0;2;8;1;3
202200041606;739 864;7;0;2;1;13;1
202200041606;739 865;7;0;2;1;1;1
202200041607;739 862;7;0;0;0;0;1
202200041607;739 863;7;0;2;1;1;1
202200041608;739 860;7;0;2;1;1;1