Num_Acc;id_vehicule;catv;obs;obsm;choc;manv;motor
202200042013;739 162;7;0;1;2;15;1
202200042014;739 161;7;0;0;9;1;1
202200042015;739 157;13;0;2;3;1;1
202200042015;739 159;15;0;2;3;1;1
202200042015;739 160;7;0;2;1;1;1
202200042016;739 155;10;0;2;1;1;1
202200042016;739 156;10;0;2;4;1;1
202200042016;739 158;10;4;0;1;1;1
202200042017;739 152;99;0;1;1;1;0
202200042018;739 153;10;0;9;2;0;1
202200042018;739 154;1;0;2;1;0;5
202200042019;739 149;2;0;2;1;1;1
202200042019;739 150;7;0;2;1;15;1
202200042020;739 148;7;0;2;6;1;1
202200042020;739 151;43;0;2;1;7;1
202200042021;739 147;21;6;0;5;1;1
202200042022;739 143;7;0;2;2;9;1
202200042022;739 144;33;0;2;1;1;1
202200042023;739 141;7;13;6;1;1;1
202200042024;739 140;31;12;0;2;14;1
202200042025;739 138;2;0;2;4;2;3
202200042025;739 139;10;0;2;2;2;5
202200042026;739 136;7;0;2;1;2;1
202200042026;739 137;7;0;2;4;23;1
202200042027;739 134;7;0;2;3;13;1
202200042027;739 135;7;0;2;3;1;1
202200042028;739 132;7;13;0;1;1;1
202200042029;739 131;30;0;2;4;2;0
202200042029;739 133;30;0;2;1;2;1
202200042030;739 129;32;0;2;3;15;1
202200042030;739 130;7;0;2;1;1;1
202200042031;739 127;10;0;2;1;1;0
202200042031;739 128;30;0;2;8;9;1
202200042032;739 125;7;0;2;1;10;1
202200042032;739 126;7;0;2;2;1;1
202200042033;739 123;7;0;2;5;23;1
202200042033;739 124;7;12;2;1;21;1
202200042034;739 121;33;0;2;7;17;1
202200042034;739 122;7;0;9;3;17;1
202200042035;739 119;7;0;2;3;15;1
202200042035;739 120;32;0;2;8;1;1
202200042036;739 116;50;0;1;1;5;3
202200042037;739 115;7;0;2;3;23;1
202200042037;739 117;7;0;2;7;19;1
202200042037;739 118;7;0;2;1;1;1
202200042038;739 113;37;0;1;0;16;0
202200042039;739 112;80;0;2;7;19;3
202200042039;739 114;7;0;2;2;1;1
202200042040;739 110;7;15;0;1;1;1
202200042041;739 109;1;0;1;1;1;0
202200042042;739 107;7;0;2;3;13;1
202200042042;739 108;7;0;2;3;1;1
202200042043;739 106;7;2;0;1;13;1
202200042044;739 103;1;0;0;4;2;5
202200042044;739 104;10;0;2;2;2;1
202200042045;739 102;7;0;2;1;1;1
202200042045;739 105;10;0;2;3;5;1
202200042046;739 099;7;0;2;3;11;1
202200042046;739 101;30;0;2;1;15;1
202200042047;739 098;7;0;2;1;1;1
202200042047;739 100;7;0;2;5;1;1
202200042048;739 096;2;0;2;1;1;1
202200042048;739 097;7;0;2;2;15;1
202200042049;739 094;7;0;2;3;1;1
202200042049;739 095;7;0;2;3;1;1
202200042050;739 093;7;0;1;1;1;1
202200042051;739 092;7;0;0;5;1;1
202200042052;739 091;0;0;1;0;16;0
202200042053;739 088;33;0;2;8;0;1
202200042053;739 090;7;0;2;8;9;1
202200042054;739 087;7;0;2;2;21;1
202200042054;739 089;7;0;2;1;13;1
202200042055;739 085;7;0;2;1;0;0
202200042055;739 086;7;0;2;4;2;1
202200042056;739 084;7;0;0;2;0;1
202200042057;739 083;2;0;1;1;1;0
202200042058;739 082;33;13;0;7;14;1
202200042059;739 078;7;4;0;2;15;1
202200042059;739 081;7;0;0;0;2;1
202200042060;739 077;10;0;2;1;1;1
202200042060;739 079;33;0;2;1;1;1
202200042060;739 080;7;0;2;7;15;1
202200042061;739 076;1;0;0;1;1;5
202200042062;739 072;7;0;2;3;1;1
202200042062;739 074;2;0;2;2;1;1
202200042063;739 069;50;0;2;1;26;3
202200042063;739 071;7;0;1;1;19;1
202200042064;739 068;15;0;2;7;20;1
202200042064;739 070;7;0;2;1;1;1
202200042065;739 067;37;14;0;1;1;1
202200042066;739 065;7;0;1;5;1;1
202200042067;739 064;33;0;2;1;1;0
202200042067;739 066;7;0;2;5;15;0
202200042068;739 062;7;0;1;4;4;1
202200042069;739 061;7;8;0;2;1;1
202200042069;739 063;7;0;0;1;1;1
202200042070;739 057;7;0;2;1;5;1
202200042070;739 059;7;0;2;1;1;1
202200042071;739 058;7;13;2;3;1;1
202200042071;739 060;7;13;2;7;14;1
202200042072;739 056;1;0;0;8;15;5
202200042073;739 054;7;0;0;3;1;1
202200042073;739 055;7;0;2;5;12;1
202200042074;739 053;50;0;0;0;1;3
202200042075;739 051;7;4;2;9;13;1
202200042075;739 052;7;0;2;1;1;1
202200042076;739 049;7;0;2;1;17;1
202200042076;739 050;30;0;2;1;1;1
202200042077;739 047;7;0;1;3;15;1
202200042078;739 045;7;0;2;4;1;1
202200042078;739 046;7;0;2;1;1;1
202200042078;739 048;7;0;2;1;26;1
202200042079;739 041;33;0;2;8;2;1
202200042079;739 043;7;0;2;1;9;1
202200042080;739 040;7;0;2;3;1;1
202200042080;739 042;33;0;2;3;5;1
202200042081;739 039;33;0;0;7;9;1
202200042082;739 038;2;7;0;1;1;1
202200042083;739 036;7;8;0;1;13;1
202200042084;739 035;7;13;2;3;1;1
202200042084;739 037;37;0;2;3;13;1
202200042085;739 034;7;8;0;9;1;1
202200042086;739 033;2;0;6;2;26;1
202200042087;739 032;2;17;0;1;21;1
202200042088;739 031;7;13;0;6;0;1
202200042089;739 027;7;0;2;1;1;0
202200042089;739 030;38;0;2;2;19;1
202200042090;739 026;7;0;2;5;1;1
202200042090;739 028;7;0;2;9;1;1
202200042090;739 029;7;0;2;1;1;1
202200042091;739 024;7;0;1;2;1;1
202200042092;739 022;7;0;2;2;17;1
202200042092;739 023;1;0;2;1;15;5
202200042093;739 020;7;0;2;3;1;1
202200042093;739 021;7;0;2;3;13;1
202200042094;739 017;7;0;2;8;9;1
202200042094;739 019;7;0;2;2;1;1
202200042095;739 016;7;0;0;1;2;1
202200042095;739 018;7;0;0;4;1;1
202200042096;739 014;7;2;0;1;14;1
202200042097;739 013;7;0;2;3;13;1
202200042097;739 015;10;0;2;3;1;1
202200042098;739 011;1;0;0;0;2;5
202200042099;739 008;7;0;2;3;1;1
202200042099;739 010;7;0;2;3;13;1
202200042100;739 009;38;0;2;3;1;1
202200042100;739 012;7;0;2;3;1;1
202200042101;739 007;32;0;0;9;1;1
202200042102;739 005;2;0;0;0;1;1
202200042103;739 001;7;13;0;9;14;1
202200042104;739 000;7;0;1;1;9;1
202200042105;738 999;7;13;0;2;21;1
202200042106;738 998;7;0;2;3;2;1
202200042106;739 002;7;3;0;6;2;1
202200042106;739 003;7;5;0;1;1;1
202200042106;739 004;7;0;0;1;1;1
202200042106;739 006;7;3;0;8;1;2
202200042107;738 997;7;8;0;1;1;1
202200042108;738 995;7;13;0;1;0;1
202200042109;738 996;32;6;0;1;0;1
202200042110;738 994;7;2;0;7;1;1
202200042111;738 992;7;0;2;1;13;1
202200042111;738 993;10;0;2;1;1;1
202200042112;738 991;7;0;1;7;1;1
202200042113;738 989;7;0;2;3;15;1
202200042113;738 990;7;0;2;2;1;1
202200042114;738 987;7;0;1;2;1;1
202200042115;738 985;7;0;1;0;26;1
202200042116;738 986;7;3;0;1;1;1
202200042117;738 984;7;5;0;2;0;1
202200042118;738 983;13;15;0;1;14;1
202200042119;738 981;15;0;2;8;1;1
202200042119;738 982;7;0;2;1;13;1
202200042120;738 979;7;0;2;7;15;1
202200042120;738 980;33;0;2;1;1;1
202200042121;738 978;7;16;0;9;0;1
202200042122;738 976;7;8;0;1;0;1
202200042123;738 975;32;13;0;1;1;1
202200042124;738 974;7;3;2;2;2;1
202200042124;738 977;7;0;0;6;1;1
202200042125;738 972;7;5;0;3;0;1
202200042125;738 973;7;0;2;1;0;1
202200042126;738 969;1;0;2;1;1;0
202200042126;738 971;7;0;2;4;1;1
202200042127;738 965;7;0;6;1;1;1
202200042127;738 966;7;0;2;1;2;1
202200042127;738 967;7;0;2;1;2;1
202200042127;738 968;7;0;0;2;2;1
202200042127;738 970;7;0;2;0;2;1
202200042128;738 964;10;13;0;0;0;1
202200042129;738 962;7;0;2;1;1;1
202200042129;738 963;7;0;2;8;15;1
202200042130;738 958;10;0;2;1;1;1
202200042130;738 961;7;0;2;1;13;1
202200042131;738 959;7;0;2;1;1;1
202200042131;738 960;7;0;0;8;10;1
202200042132;738 956;2;0;2;1;1;1
202200042132;738 957;7;0;0;7;15;1
202200042133;738 955;7;0;0;9;1;1
202200042134;738 953;37;0;2;3;1;1
202200042134;738 954;30;0;2;1;13;1
202200042135;738 950;7;0;2;1;1;1
202200042135;738 951;7;14;2;8;6;1
202200042136;738 952;7;8;0;1;13;1
202200042137;738 949;7;13;0;1;2;1
202200042138;738 948;7;17;0;8;1;1
202200042139;738 947;33;3;0;8;1;1
202200042140;738 945;7;6;2;1;1;1
202200042140;738 946;7;6;2;6;1;1
202200042141;738 944;7;0;1;3;2;0
202200042142;738 941;7;2;0;1;0;1
202200042143;738 937;7;0;2;1;13;1
202200042143;738 938;10;0;2;3;1;1
202200042144;738 936;31;0;2;9;1;1
202200042144;738 939;7;0;0;1;1;1
202200042145;738 934;7;0;2;3;13;1
202200042145;738 935;7;0;2;3;1;1
202200042146;738 931;1;0;2;7;1;5
202200042146;738 932;7;0;2;2;15;1
202200042147;738 930;15;0;2;2;1;0
202200042147;738 933;7;0;2;3;19;1
202200042148;738 927;7;0;2;1;13;1
202200042148;738 929;7;0;2;1;1;1
202200042149;738 926;7;0;2;2;21;1
202200042149;738 928;1;0;0;3;10;5
202200042150;738 924;7;13;0;0;13;1
202200042150;738 925;7;0;0;0;5;1
202200042151;738 923;7;4;0;2;1;1
202200042152;738 919;7;0;2;7;1;1
202200042152;738 920;7;1;0;9;26;1
202200042152;738 922;7;1;2;1;21;1
202200042153;738 921;10;13;0;3;1;1
202200042154;738 918;7;4;0;1;1;1
202200042155;738 916;7;0;0;9;26;1
202200042156;738 915;7;0;2;7;15;1
202200042156;738 917;7;0;2;1;2;1
202200042157;738 911;1;0;2;8;1;5
202200042157;738 913;7;0;2;1;1;1
202200042158;738 909;7;0;2;0;23;1
202200042158;738 910;7;0;2;8;23;1
202200042158;738 912;7;0;2;8;1;1
202200042158;738 914;10;0;2;7;21;1
202200042159;738 907;7;0;2;3;13;1
202200042159;738 908;7;0;2;3;1;1
202200042160;738 905;7;0;2;1;1;0
202200042160;738 906;7;0;2;4;1;1
202200042161;738 900;7;1;0;1;1;1
202200042161;738 901;7;1;2;4;23;1
202200042161;738 903;7;0;2;4;23;1
202200042162;738 902;7;0;2;1;1;1
202200042162;738 904;1;0;2;8;0;5
202200042163;738 897;7;0;2;4;1;2
202200042163;738 898;7;0;2;1;1;1
202200042163;738 899;7;0;2;1;1;1
202200042164;738 896;7;0;1;4;20;1
202200042165;738 889;7;0;2;9;1;1
202200042165;738 892;7;0;2;1;1;1
202200042165;738 893;7;0;2;6;23;1
202200042165;738 894;7;0;2;1;1;1
202200042165;738 895;7;0;2;1;1;1
202200042166;738 890;1;0;2;1;1;5
202200042166;738 891;7;0;2;2;15;1
202200042167;738 888;7;3;0;1;1;1
202200042168;738 887;7;0;0;2;9;1
202200042169;738 885;7;0;2;4;1;1
202200042169;738 886;7;0;2;1;1;1
202200042170;738 883;10;0;2;7;1;1
202200042170;738 884;50;0;2;0;0;3
202200042171;738 881;7;0;2;2;21;1
202200042171;738 882;1;0;2;0;0;5
202200042172;738 879;7;0;1;2;1;1
202200042173;738 878;7;0;2;4;26;1
202200042173;738 880;7;14;2;1;1;1
202200042174;738 877;7;0;1;0;15;1
202200042175;738 875;7;0;1;7;16;1
202200042176;738 874;17;0;2;3;12;1
202200042176;738 876;7;0;2;5;5;1
202200042177;738 873;7;6;1;1;14;1
202200042178;738 870;7;0;1;0;26;0
202200042179;738 871;50;0;2;1;19;3
202200042179;738 872;7;0;2;2;1;1
202200042180;738 867;7;0;2;3;1;1
202200042180;738 869;33;0;2;3;17;1
202200042181;738 865;7;13;0;1;0;1
202200042182;738 866;50;0;2;1;1;3
202200042182;738 868;7;0;2;2;1;1
202200042183;738 864;7;4;0;9;1;1
202200042184;738 861;10;1;2;4;24;1
202200042184;738 863;37;1;0;2;14;6
202200042185;738 862;7;2;0;1;1;3
202200042186;738 858;30;0;2;1;17;1
202200042186;738 860;7;0;9;8;13;1
202200042187;738 856;10;0;2;7;1;1
202200042187;738 857;7;0;2;1;26;1
202200042187;738 859;7;8;2;1;26;2
202200042188;738 853;7;0;2;4;1;1
202200042188;738 854;7;0;2;1;1;1
202200042188;738 855;7;0;2;4;1;1
202200042189;738 851;33;0;2;1;17;1
202200042189;738 852;7;0;2;6;15;1
202200042190;738 849;7;0;2;3;15;1
202200042190;738 850;7;9;2;1;0;2
202200042191;738 847;7;0;2;1;15;1
202200042191;738 848;1;0;2;4;15;5
202200042192;738 845;37;0;2;7;14;1
202200042192;738 846;30;0;2;8;2;1
202200042193;738 844;33;0;0;8;9;1
202200042194;738 843;7;0;0;0;26;1
202200042195;738 841;34;8;0;1;21;1
202200042196;738 840;7;0;2;7;10;1
202200042196;738 842;32;0;2;1;1;1
202200042197;738 839;7;0;1;1;1;1
202200042198;738 834;7;0;2;8;23;1
202200042198;738 835;7;0;2;3;1;1
202200042198;738 836;7;1;2;2;15;1
202200042199;738 837;10;0;2;7;1;1
202200042199;738 838;7;0;2;8;1;1
202200042200;738 831;7;0;2;3;19;1
202200042200;738 833;7;0;2;2;1;1
202200042201;738 830;1;0;2;4;13;5
202200042201;738 832;7;0;9;1;1;1
202200042202;738 829;7;0;1;3;1;1
202200042203;738 827;1;0;2;1;26;5
202200042203;738 828;7;0;9;0;1;1
202200042204;738 824;13;0;2;1;26;1
202200042204;738 826;7;0;2;1;16;1
202200042205;738 823;7;0;2;1;1;1
202200042205;738 825;7;0;2;1;17;1
202200042206;738 821;7;0;2;6;1;1
202200042206;738 822;10;0;2;2;21;1
202200042207;738 820;30;0;1;1;0;1
202200042208;738 817;7;0;2;2;17;1
202200042208;738 818;7;0;2;5;1;1
202200042208;738 819;7;0;2;4;26;1
202200042209;738 816;7;0;2;1;1;1
202200042210;738 815;7;0;1;1;0;1
202200042211;738 813;10;16;0;9;1;1
202200042212;738 810;33;0;2;1;1;1
202200042212;738 812;7;0;2;2;16;1
202200042213;738 809;7;0;1;1;1;1
202200042214;738 811;7;0;2;2;19;1
202200042214;738 814;7;0;2;3;1;1
202200042215;738 808;7;4;0;7;1;1
202200042216;738 806;1;0;0;0;0;5
202200042216;738 807;7;0;0;0;0;0
202200042217;738 804;37;0;1;8;1;1
202200042218;738 803;2;0;1;1;17;1
202200042219;738 805;7;0;1;3;2;3
202200042220;738 801;7;0;2;5;16;1
202200042220;738 802;2;0;2;1;18;1
202200042221;738 800;7;0;1;1;1;1
202200042222;738 798;7;0;2;1;1;1
202200042222;738 799;7;0;2;7;19;1
202200042223;738 796;7;0;2;6;1;1
202200042223;738 797;7;0;2;1;1;1
202200042224;738 793;50;0;2;3;1;3
202200042224;738 795;7;0;2;2;16;1
202200042225;738 792;10;0;2;2;2;1
202200042225;738 794;1;0;0;4;2;5
202200042226;738 789;10;0;2;3;1;1
202200042226;738 790;7;0;2;5;12;1
202200042226;738 791;10;0;2;4;1;1
202200042227;738 786;7;0;0;1;1;1
202200042228;738 787;7;0;2;1;15;1
202200042228;738 788;7;0;2;1;13;1
202200042229;738 784;7;0;2;4;2;1
202200042229;738 785;7;0;2;1;2;1
202200042230;738 780;7;0;2;1;15;1
202200042230;738 781;7;0;2;1;1;1
202200042231;738 782;7;0;2;1;1;1
202200042231;738 783;31;0;2;8;11;1
202200042232;738 779;10;2;0;2;13;1
202200042233;738 778;31;9;0;1;0;1
202200042234;738 777;30;11;0;7;14;1
202200042235;738 776;7;0;1;1;16;1
202200042236;738 774;32;0;2;1;2;1
202200042236;738 775;7;0;2;4;1;1
202200042237;738 773;7;0;1;6;4;1
202200042238;738 772;10;0;1;3;0;1
202200042239;738 765;7;0;2;3;20;1
202200042239;738 766;37;1;2;2;2;1
202200042240;738 762;32;0;2;1;1;1
202200042240;738 764;7;0;2;1;1;1
202200042241;738 761;7;0;2;4;23;1
202200042241;738 763;7;0;2;1;1;1
202200042242;738 759;7;0;2;0;16;1
202200042242;738 760;1;0;2;0;1;5
202200042243;738 757;10;0;2;1;2;1
202200042243;738 758;7;0;0;4;2;1
202200042244;738 752;7;0;1;0;1;1
202200042245;738 753;50;0;2;1;2;3
202200042245;738 755;7;0;2;2;15;1
202200042246;738 750;10;0;2;1;15;1
202200042246;738 751;33;0;2;1;1;1
202200042247;738 754;1;0;2;6;1;5
202200042247;738 756;7;0;2;3;1;1
202200042248;738 748;7;0;2;4;1;1
202200042248;738 749;7;0;2;1;1;1
202200042249;738 746;7;0;2;1;1;1
202200042249;738 747;7;0;2;4;23;1
202200042250;738 742;7;0;2;1;1;1
202200042250;738 744;7;0;2;3;15;1
202200042251;738 743;37;0;2;3;1;1
202200042251;738 745;7;0;2;5;16;1
202200042252;738 740;7;8;0;2;0;1
202200042253;738 739;7;1;0;3;15;1
202200042254;738 737;0;0;1;0;0;0
202200042255;738 736;7;0;2;1;1;1
202200042255;738 738;50;0;2;7;19;3
202200042256;738 741;7;0;1;1;19;1
202200042257;738 735;33;6;0;2;14;1
202200042258;738 733;7;0;2;4;2;1
202200042258;738 734;7;0;2;1;2;1
202200042259;738 729;7;0;2;3;15;1
202200042259;738 732;7;0;2;3;1;1
202200042260;738 726;7;0;2;1;2;1
202200042260;738 728;7;0;2;4;11;1
202200042260;738 730;7;0;2;1;2;1
202200042261;738 727;7;0;2;4;1;1
202200042261;738 731;7;0;2;1;1;1
202200042262;738 722;7;0;2;6;1;1
202200042262;738 725;14;0;2;6;24;1
202200042263;738 723;7;0;2;1;1;1
202200042263;738 724;7;0;2;1;1;1
202200042264;738 719;10;0;2;7;5;1
202200042264;738 720;37;0;2;2;1;1
202200042265;738 716;7;0;2;1;1;1
202200042265;738 718;30;0;2;8;19;1
202200042266;738 715;10;0;2;3;9;1
202200042266;738 717;1;0;2;2;1;5
202200042267;738 711;34;0;2;1;15;1
202200042267;738 712;7;0;2;4;4;1
202200042268;738 710;7;0;2;3;13;2
202200042268;738 713;7;0;2;3;1;1
202200042268;738 714;7;0;2;3;1;1
202200042269;738 707;7;0;2;3;1;1
202200042269;738 709;2;0;2;3;17;1
202200042270;738 703;7;0;2;3;15;1
202200042270;738 704;2;0;2;2;17;3
202200042271;738 702;32;0;1;0;0;1
202200042272;738 701;7;8;0;1;1;1
202200042273;738 698;7;0;2;4;17;1
202200042273;738 699;10;0;2;4;17;1
202200042273;738 700;7;0;2;1;17;1
202200042274;738 695;7;9;1;2;26;1
202200042275;738 694;7;0;2;8;1;1
202200042275;738 696;7;0;2;8;1;1
202200042275;738 697;7;0;2;7;9;1
202200042276;738 693;7;0;1;1;1;1
202200042277;738 691;31;0;1;8;1;1
202200042278;738 689;33;0;0;1;26;1
202200042279;738 690;1;0;2;7;19;5
202200042279;738 692;7;0;9;3;16;1
202200042280;738 686;7;0;2;4;2;0
202200042280;738 688;30;0;2;1;2;1
202200042281;738 685;7;0;2;3;9;1
202200042281;738 687;7;0;2;2;13;1
202200042282;738 683;7;2;2;1;9;1
202200042282;738 684;17;0;2;0;9;1
202200042283;738 679;7;0;2;1;2;1
202200042283;738 680;7;0;2;4;23;1
202200042284;738 681;7;0;2;4;1;1
202200042284;738 682;7;0;2;1;1;2
202200042285;738 676;7;0;2;1;1;1
202200042285;738 678;7;0;2;8;13;1
202200042286;738 674;7;0;2;4;1;1
202200042286;738 677;7;0;2;1;9;1
202200042287;738 673;80;0;2;1;1;3
202200042287;738 675;80;0;2;1;13;3
202200042288;738 670;7;0;2;4;2;1
202200042288;738 671;7;0;2;4;2;1
202200042288;738 672;13;0;2;1;26;1
202200042289;738 668;7;4;0;3;13;1
202200042290;738 667;7;0;2;8;13;1
202200042290;738 669;30;0;2;7;17;1
202200042291;738 664;7;12;0;1;1;1
202200042292;738 665;7;0;0;0;2;1
202200042292;738 666;7;0;0;1;19;1
202200042293;738 662;37;0;1;7;2;1
202200042294;738 661;7;0;2;5;1;3
202200042294;738 663;7;0;2;1;1;1
202200042295;738 658;2;1;2;1;1;1
202200042295;738 660;7;0;2;0;0;1
202200042296;738 659;7;0;1;7;1;1
202200042297;738 656;10;13;0;2;14;1
202200042298;738 657;50;0;1;0;1;3
202200042299;738 652;7;0;2;0;15;1
202200042299;738 653;33;0;2;1;1;1
202200042300;738 651;7;1;0;2;1;1
202200042301;738 647;99;0;2;1;0;0
202200042301;738 649;7;0;2;2;15;2
202200042302;738 646;30;0;2;6;2;1
202200042302;738 650;7;0;2;6;2;1
202200042303;738 645;33;0;2;1;1;1
202200042303;738 648;34;0;2;1;1;1
202200042304;738 643;1;0;2;0;5;5
202200042304;738 644;7;0;2;3;26;1
202200042305;738 640;7;0;1;1;1;0
202200042306;738 641;10;0;1;1;1;3
202200042307;738 639;32;0;2;3;0;1
202200042307;738 642;7;0;2;2;15;1
202200042308;738 637;7;0;2;4;1;1
202200042308;738 638;7;3;2;1;1;1
202200042309;738 635;7;0;2;3;1;1
202200042309;738 636;7;0;2;5;1;6
202200042310;738 633;7;0;1;2;26;0
202200042311;738 631;10;1;2;3;1;1
202200042311;738 632;7;1;2;2;12;1
202200042311;738 634;10;0;2;4;23;1
202200042312;738 628;43;0;2;1;1;1
202200042312;738 630;7;0;2;2;10;1
202200042313;738 627;10;0;2;1;1;1
202200042313;738 629;32;0;2;1;1;1
202200042314;738 624;30;0;1;1;1;1
202200042315;738 622;7;1;0;7;1;1
202200042315;738 625;7;0;2;6;24;1
202200042316;738 621;7;0;2;2;1;1
202200042316;738 623;7;0;2;1;1;1
202200042316;738 626;7;0;2;1;13;3
202200042317;738 617;34;0;0;1;0;1
202200042318;738 618;7;0;2;3;1;1
202200042318;738 620;7;0;2;1;19;1
202200042319;738 616;7;0;2;1;1;1
202200042319;738 619;7;0;2;2;2;1
202200042320;738 614;7;0;2;1;1;1
202200042320;738 615;7;0;2;1;5;1
202200042321;738 610;7;13;2;2;17;1
202200042321;738 613;7;0;2;6;1;1
202200042322;738 608;10;0;2;1;1;1
202200042322;738 612;10;0;0;4;23;0
202200042323;738 607;50;0;2;7;19;3
202200042323;738 611;7;0;2;1;1;1
202200042324;738 606;7;0;2;3;9;1
202200042324;738 609;7;0;2;2;1;1
202200042325;738 603;7;0;2;6;26;1
202200042325;738 605;33;0;2;7;13;1
202200042326;738 601;7;1;0;1;1;1
202200042326;738 604;7;0;2;4;26;1
202200042327;738 599;32;0;2;1;3;1
202200042327;738 600;7;0;2;7;12;1
202200042328;738 597;7;0;1;1;1;1
202200042329;738 595;1;0;2;4;2;5
202200042329;738 598;7;0;0;0;0;0
202200042330;738 594;10;0;2;2;15;1
202200042330;738 596;33;0;2;1;1;1
202200042331;738 592;7;11;0;1;13;1
202200042332;738 588;7;0;2;4;23;1
202200042332;738 591;7;0;2;4;23;1
202200042332;738 593;10;0;2;1;1;1
202200042333;738 586;50;0;2;3;1;3
202200042333;738 589;7;0;2;1;16;1
202200042334;738 585;7;0;2;3;20;1
202200042334;738 587;2;0;2;1;1;1
202200042335;738 582;7;0;2;3;15;1
202200042335;738 583;31;1;2;1;17;1
202200042336;738 581;7;9;0;1;1;1
202200042337;738 584;7;0;2;3;16;1
202200042337;738 590;7;0;2;2;1;1
202200042338;738 578;7;0;2;4;1;1
202200042338;738 580;7;0;2;1;1;1
202200042339;738 574;10;0;2;1;1;1
202200042339;738 577;50;0;2;1;5;3
202200042340;738 576;2;0;2;1;26;1
202200042340;738 579;7;0;2;5;15;1
202200042341;738 573;1;0;2;1;15;5
202200042341;738 575;34;0;2;3;1;1
202200042342;738 570;7;0;1;1;9;1
202200042343;738 569;60;0;2;0;2;5
202200042343;738 571;7;0;2;2;0;0
202200042344;738 567;33;0;2;1;1;1
202200042344;738 572;10;0;2;8;1;1
202200042345;738 566;7;0;2;4;23;1
202200042345;738 568;13;0;2;1;2;1
202200042346;738 565;7;0;1;2;1;1
202200042347;738 562;10;0;2;1;1;1
202200042347;738 564;99;0;2;7;1;0
202200042348;738 561;7;0;2;3;15;1
202200042348;738 563;33;0;2;2;17;1
202200042349;738 558;7;0;2;4;23;1
202200042349;738 559;2;0;2;1;2;1
202200042350;738 556;7;0;2;0;1;1
202200042351;738 557;30;0;2;1;16;3
202200042351;738 560;1;0;2;6;1;5
202200042352;738 555;10;0;1;3;15;1
202200042353;738 552;7;0;2;5;1;1
202200042353;738 554;1;0;2;1;2;5
202200042354;738 551;30;0;2;1;2;1
202200042354;738 553;7;0;2;4;2;1
202200042355;738 550;7;2;1;1;16;1
202200042356;738 545;7;0;1;4;4;2
202200042357;738 548;33;0;2;4;23;1
202200042357;738 549;13;0;2;1;1;1
202200042358;738 544;34;0;2;1;17;0
202200042358;738 547;7;0;2;8;15;1
202200042359;738 539;33;0;2;1;13;1
202200042359;738 542;7;3;2;3;1;1
202200042359;738 546;33;0;2;1;1;1
202200042360;738 540;10;0;1;1;1;3
202200042361;738 537;33;14;2;1;1;1
202200042361;738 541;7;14;0;6;10;1
202200042362;738 538;7;0;2;1;1;1
202200042362;738 543;1;0;2;4;13;5
202200042363;738 535;32;0;0;1;1;1
202200042363;738 536;7;0;0;2;15;2
202200042364;738 528;7;0;2;3;1;1
202200042364;738 532;7;0;2;2;15;1
202200042365;738 529;7;0;2;4;12;1
202200042365;738 533;32;0;2;8;3;1
202200042366;738 530;10;0;2;7;15;1
202200042366;738 534;33;0;2;8;1;1
202200042367;738 527;7;14;0;1;1;1
202200042367;738 531;7;4;0;3;13;1
202200042368;738 524;7;0;2;2;19;1
202200042368;738 526;7;0;2;1;1;1
202200042369;738 523;32;0;1;8;1;1
202200042370;738 522;7;13;0;1;1;1
202200042371;738 521;10;0;2;3;15;1
202200042371;738 525;1;0;2;1;1;5
202200042372;738 519;30;0;0;0;1;1
202200042373;738 516;7;0;2;3;1;1
202200042373;738 520;7;0;2;1;1;1
202200042374;738 514;30;0;2;1;1;1
202200042374;738 517;7;0;2;7;15;1
202200042375;738 515;2;0;2;1;1;1
202200042375;738 518;7;0;2;3;15;1
202200042376;738 512;7;0;2;2;1;1
202200042376;738 513;50;0;2;1;19;3
202200042377;738 510;7;0;1;1;1;1
202200042378;738 508;7;0;2;3;1;1
202200042378;738 511;10;0;2;3;13;1
202200042379;738 505;32;0;2;1;17;1
202200042379;738 507;7;0;2;1;1;0
202200042380;738 506;1;0;2;8;1;5
202200042380;738 509;10;0;2;2;14;1
202200042381;738 503;7;0;2;4;2;1
202200042381;738 504;7;0;2;1;2;1
202200042382;738 501;7;3;2;4;1;1
202200042382;738 502;7;3;2;1;2;1
202200042383;738 499;1;16;0;9;1;5
202200042384;738 497;1;0;0;1;2;5
202200042385;738 498;7;0;4;6;9;3
202200042385;738 500;40;0;2;1;1;0
202200042386;738 495;50;0;2;1;1;3
202200042386;738 496;7;0;2;7;22;1
202200042387;738 494;7;2;0;3;1;1
202200042388;738 491;10;0;2;3;1;1
202200042388;738 493;10;0;2;1;15;1
202200042389;738 490;7;6;0;1;1;1
202200042390;738 489;7;0;2;3;22;1
202200042390;738 492;1;0;2;2;1;5
202200042391;738 488;7;16;0;9;13;1
202200042392;738 484;7;0;1;2;1;1
202200042393;738 486;7;1;0;1;13;1
202200042394;738 485;7;0;2;2;9;1
202200042394;738 487;7;0;2;6;10;1
202200042395;738 483;7;0;1;2;19;1
202200042396;738 480;7;0;1;1;1;1
202200042397;738 481;1;0;2;4;1;5
202200042397;738 482;10;0;2;2;14;1
202200042398;738 477;7;0;0;2;2;2
202200042398;738 479;1;0;0;0;2;5
202200042399;738 475;14;0;1;1;1;1
202200042400;738 476;7;0;2;4;1;2
202200042400;738 478;2;0;2;1;1;1
202200042401;738 472;7;0;9;2;2;1
202200042401;738 474;1;0;2;4;1;5
202200042402;738 471;10;0;2;8;15;1
202200042402;738 473;33;0;2;1;1;1
202200042403;738 469;1;0;2;1;1;5
202200042403;738 470;13;0;2;2;13;0
202200042404;738 467;10;0;2;1;1;1
202200042404;738 468;33;0;2;1;13;1
202200042405;738 464;7;0;2;3;17;2
202200042405;738 466;30;0;2;0;17;1