Num_Acc;id_vehicule;catv;obs;obsm;choc;manv;motor
202200042406;738 462;7;0;1;1;1;1
202200042407;738 463;10;0;2;3;10;1
202200042407;738 465;34;0;2;5;2;1
202200042408;738 459;1;0;2;2;1;5
202200042408;738 461;7;0;0;5;26;1
202200042409;738 458;7;0;1;0;0;2
202200042410;738 457;7;9;0;8;10;2
202200042410;738 460;7;8;2;1;1;1
202200042411;738 456;7;2;0;1;1;1
202200042412;738 455;7;0;1;1;16;1
202200042413;738 452;7;0;9;3;1;1
202200042413;738 454;80;0;2;1;1;3
202200042414;738 453;7;0;1;1;1;1
202200042415;738 450;7;6;0;1;1;1
202200042416;738 448;33;9;2;1;9;1
202200042416;738 451;7;0;2;2;26;1
202200042417;738 447;7;0;2;1;2;2
202200042417;738 449;32;0;2;4;1;1
202200042418;738 446;7;5;0;1;1;1
202200042419;738 444;10;9;0;3;21;1
202200042420;738 443;7;0;2;3;15;1
202200042420;738 445;34;0;2;1;1;1
202200042421;738 439;7;0;2;2;15;3
202200042421;738 441;34;0;2;3;2;1
202200042422;738 437;7;0;2;6;15;1
202200042422;738 442;2;0;2;2;1;1
202200042423;738 438;1;0;0;0;0;5
202200042423;738 440;7;0;2;8;22;3
202200042424;738 436;7;0;1;2;1;1
202200042425;738 434;1;1;0;3;14;5
202200042426;738 435;7;0;1;3;15;2
202200042427;738 433;10;2;0;1;14;1
202200042428;738 429;33;0;0;8;0;1
202200042429;738 428;7;0;2;1;15;1
202200042429;738 431;30;0;2;8;1;1
202200042430;738 430;7;0;2;5;1;1
202200042430;738 432;2;0;2;1;16;1
202200042431;738 427;7;2;0;6;1;1
202200042432;738 426;7;0;0;0;0;1
202200042433;738 424;7;2;0;1;0;1
202200042434;738 421;7;0;1;1;16;1
202200042435;738 420;7;0;2;3;1;1
202200042435;738 422;7;0;2;3;1;1
202200042436;738 419;2;0;0;2;1;1
202200042437;738 415;7;6;0;3;13;1
202200042438;738 414;7;0;2;1;1;1
202200042438;738 417;2;0;2;1;17;1
202200042439;738 416;7;0;9;3;15;1
202200042439;738 418;17;0;0;1;1;1
202200042440;738 412;7;0;0;8;0;1
202200042440;738 413;1;0;2;1;26;5
202200042441;738 409;37;0;2;1;1;1
202200042441;738 411;7;0;2;8;19;1
202200042442;738 407;10;0;0;3;20;1
202200042442;738 408;31;0;2;1;13;1
202200042443;738 406;7;13;0;0;0;0
202200042443;738 410;7;0;2;2;2;0
202200042444;738 404;7;13;0;9;1;1
202200042445;738 405;7;3;0;2;0;1
202200042446;738 401;7;0;2;3;1;1
202200042446;738 403;31;0;0;4;0;1
202200042447;738 400;7;0;2;2;1;1
202200042447;738 402;7;0;2;2;1;1
202200042448;738 399;7;0;1;1;1;1
202200042449;738 395;7;0;2;1;5;1
202200042449;738 398;7;0;2;1;1;1
202200042450;738 394;7;13;2;1;13;1
202200042450;738 397;7;6;2;1;1;1
202200042451;738 393;21;8;0;6;15;1
202200042451;738 396;17;0;0;2;17;1
202200042452;738 387;7;0;2;1;2;1
202200042452;738 388;7;0;2;4;2;1
202200042453;738 391;7;0;2;4;1;1
202200042453;738 392;33;0;2;1;1;1
202200042454;738 389;7;0;2;1;1;1
202200042454;738 390;7;0;0;3;9;1
202200042455;738 386;1;0;1;1;1;5
202200042456;738 382;7;17;0;1;13;1
202200042457;738 381;7;0;2;3;0;1
202200042457;738 384;7;0;2;1;5;1
202200042458;738 379;7;0;2;2;0;1
202200042458;738 380;7;0;2;3;0;1
202200042458;738 383;7;0;2;3;13;1
202200042459;738 376;7;0;2;1;1;1
202200042459;738 378;7;0;2;1;1;1
202200042460;738 377;10;0;1;2;1;1
202200042461;738 371;7;0;2;3;1;2
202200042461;738 375;7;0;2;3;5;1
202200042462;738 372;7;0;2;1;13;1
202200042462;738 373;7;0;2;1;1;1
202200042463;738 368;1;0;0;0;17;5
202200042464;738 369;10;0;2;8;15;1
202200042464;738 370;33;0;2;7;17;1
202200042465;738 367;7;0;2;3;1;1
202200042465;738 374;7;0;2;3;1;1
202200042466;738 366;7;12;0;0;9;1
202200042467;738 365;7;13;0;1;14;1
202200042468;738 360;7;0;2;8;16;1
202200042468;738 363;7;0;2;1;1;1
202200042469;738 359;10;0;2;4;16;1
202200042469;738 362;33;0;2;1;1;1
202200042470;738 356;7;0;2;7;1;1
202200042470;738 358;1;0;2;8;1;5
202200042471;738 355;10;0;2;8;15;1
202200042471;738 357;33;0;2;1;17;1
202200042472;738 361;7;0;2;1;13;1
202200042472;738 364;7;0;2;1;1;1
202200042473;738 351;7;0;2;2;15;1
202200042473;738 354;32;0;2;1;1;1
202200042474;738 352;7;2;0;1;0;1
202200042475;738 350;7;0;2;3;21;1
202200042475;738 353;31;0;2;1;13;1
202200042476;738 347;13;0;0;7;1;1
202200042476;738 349;33;0;2;1;0;1
202200042477;738 348;7;3;0;2;0;1
202200042478;738 343;7;0;0;4;1;1
202200042478;738 344;15;0;2;3;1;1
202200042479;738 342;99;13;0;8;0;1
202200042480;738 339;7;6;0;2;1;1
202200042481;738 340;2;0;2;1;1;1
202200042481;738 341;7;0;2;6;20;1
202200042482;738 338;7;0;1;3;16;1
202200042483;738 337;2;1;0;1;1;1
202200042484;738 335;10;0;1;4;4;1
202200042485;738 334;7;0;2;2;1;1
202200042485;738 336;2;0;2;1;5;1
202200042486;738 333;7;6;0;1;1;1
202200042487;738 332;80;0;0;0;1;3
202200042488;738 329;7;17;0;1;14;1
202200042489;738 330;7;0;2;3;10;1
202200042489;738 331;31;0;2;2;17;1
202200042490;738 327;33;0;2;1;2;1
202200042490;738 328;33;0;2;4;1;1
202200042491;738 324;10;0;2;3;1;1
202200042491;738 326;7;0;2;3;1;6
202200042492;738 323;7;2;0;2;0;1
202200042493;738 322;7;0;2;1;17;1
202200042493;738 325;7;0;0;6;1;1
202200042494;738 320;33;0;0;2;1;1
202200042495;738 318;50;0;1;1;1;3
202200042496;738 315;1;7;0;1;1;5
202200042497;738 313;7;8;0;1;0;1
202200042498;738 312;10;0;0;4;23;1
202200042498;738 314;7;0;2;4;23;1
202200042498;738 316;7;0;2;1;2;1
202200042499;738 309;7;0;0;3;0;1
202200042499;738 311;7;0;0;3;1;1
202200042500;738 310;50;14;0;1;1;3
202200042501;738 307;7;0;2;3;1;1
202200042501;738 308;7;0;2;3;15;2
202200042502;738 303;31;0;2;7;17;1
202200042502;738 305;7;0;2;8;1;2
202200042502;738 306;7;0;2;8;1;1
202200042503;738 299;33;0;6;1;1;1
202200042504;738 300;10;0;2;3;13;1
202200042504;738 302;7;0;2;8;1;1
202200042505;738 301;7;0;2;3;1;1
202200042505;738 304;1;13;2;1;1;5
202200042506;738 295;10;0;2;3;1;1
202200042506;738 298;14;0;2;3;1;1
202200042507;738 294;7;13;0;9;13;1
202200042508;738 293;15;0;0;4;23;1
202200042508;738 296;15;0;2;1;2;1
202200042509;738 292;7;0;0;3;1;1
202200042509;738 297;7;0;2;3;1;1
202200042510;738 291;7;0;0;0;2;1
202200042511;738 290;7;0;1;3;16;1
202200042512;738 287;43;0;2;1;26;1
202200042512;738 289;7;0;2;1;23;1
202200042513;738 285;7;0;2;3;15;1
202200042513;738 288;33;0;2;5;17;1
202200042514;738 283;7;0;2;3;15;1
202200042514;738 286;33;0;2;8;26;1
202200042515;738 280;7;0;2;6;1;1
202200042515;738 282;7;0;2;4;1;1
202200042515;738 284;7;0;2;1;1;1
202200042516;738 278;33;0;0;1;16;1
202200042517;738 276;10;0;2;4;1;1
202200042517;738 279;33;0;2;1;1;1
202200042518;738 275;7;0;2;3;1;2
202200042518;738 277;7;0;2;7;1;1
202200042518;738 281;7;0;2;3;13;1
202200042519;738 271;7;4;0;3;1;2
202200042520;738 270;7;0;2;1;9;1
202200042520;738 272;1;0;2;7;1;5
202200042521;738 269;33;13;0;1;1;1
202200042522;738 263;7;0;2;1;0;1
202200042522;738 266;7;0;2;4;0;1
202200042522;738 268;7;0;2;4;0;1
202200042523;738 260;7;0;2;3;1;1
202200042523;738 267;7;0;2;8;19;1
202200042524;738 261;31;0;2;8;19;1
202200042524;738 264;10;0;2;1;1;1
202200042525;738 259;7;15;0;9;1;1
202200042526;738 257;7;3;0;1;1;1
202200042527;738 258;7;0;2;1;26;1
202200042527;738 262;7;0;2;4;26;1
202200042527;738 265;7;0;2;4;26;1
202200042528;738 253;1;0;2;6;1;5
202200042528;738 255;10;0;2;2;1;1
202200042529;738 251;7;4;0;2;14;2
202200042530;738 250;10;0;2;1;17;1
202200042530;738 252;7;0;2;1;1;1
202200042530;738 256;15;0;0;7;21;1
202200042531;738 247;7;0;2;1;2;1
202200042531;738 249;7;0;2;4;2;1
202200042531;738 254;7;0;2;4;2;1
202200042532;738 246;21;0;2;1;15;1
202200042532;738 248;2;0;0;1;1;1
202200042533;738 243;7;0;1;3;15;1
202200042534;738 244;33;0;2;1;1;1
202200042534;738 245;7;0;2;3;15;1
202200042535;738 240;33;0;2;4;2;1
202200042535;738 242;15;0;2;1;2;1
202200042536;738 239;2;0;2;1;1;1
202200042536;738 241;7;0;2;2;15;1
202200042537;738 234;7;0;2;4;1;2
202200042537;738 236;32;0;2;1;1;1
202200042538;738 233;7;0;0;0;9;1
202200042538;738 235;33;0;0;0;1;1
202200042539;738 232;7;0;2;1;1;1
202200042539;738 237;33;0;2;1;17;1
202200042540;738 231;30;0;1;0;1;1
202200042541;738 226;7;0;2;4;2;1
202200042541;738 229;7;0;2;1;2;1
202200042542;738 228;7;0;2;1;1;1
202200042542;738 230;7;0;2;8;1;1
202200042543;738 227;33;0;0;9;14;1
202200042544;738 219;7;0;2;2;1;1
202200042544;738 223;7;0;2;6;18;1
202200042545;738 218;7;0;2;7;1;1
202200042545;738 222;2;0;2;8;1;1
202200042546;738 217;7;0;2;4;2;2
202200042546;738 220;7;0;2;1;1;1
202200042546;738 224;7;0;2;4;2;1
202200042546;738 225;7;0;2;4;2;1
202200042547;738 216;7;9;2;8;15;1
202200042547;738 221;10;0;2;2;21;1
202200042548;738 215;2;0;0;0;1;1
202200042549;738 213;7;0;1;1;15;1
202200042550;738 212;15;0;2;6;1;1
202200042550;738 214;2;0;2;1;15;1
202200042551;738 210;7;2;0;1;1;1
202200042552;738 211;7;0;1;1;1;1
202200042553;738 209;10;0;1;2;1;1
202200042554;738 206;2;0;2;8;15;0
202200042554;738 207;10;0;2;7;17;1
202200042555;738 205;7;0;1;2;1;1
202200042556;738 200;2;0;2;1;17;1
202200042556;738 203;7;0;2;2;9;1
202200042557;738 201;7;0;2;7;16;1
202200042557;738 204;33;0;2;1;1;1
202200042558;738 199;7;0;1;1;1;1
202200042559;738 198;33;0;2;1;1;1
202200042559;738 202;10;0;9;8;9;1
202200042560;738 196;7;0;1;2;1;1
202200042561;738 195;15;0;2;5;17;1
202200042561;738 197;21;0;2;6;15;1
202200042562;738 193;31;7;0;7;1;1
202200042563;738 191;7;7;0;2;0;1
202200042564;738 190;7;0;2;6;0;1
202200042564;738 192;7;1;0;1;1;1
202200042565;738 194;3;0;1;0;1;1
202200042566;738 187;30;0;0;4;15;0
202200042566;738 189;7;0;2;1;2;1
202200042567;738 186;7;0;1;3;1;1
202200042568;738 185;7;0;2;9;1;1
202200042568;738 188;10;0;2;1;19;1
202200042569;738 180;33;0;2;1;1;1
202200042569;738 184;7;0;2;7;1;1
202200042570;738 179;7;15;2;1;1;1
202200042570;738 182;1;15;2;8;9;5
202200042571;738 178;60;0;2;0;0;5
202200042571;738 181;7;0;9;1;1;1
202200042572;738 174;7;0;2;1;1;1
202200042572;738 177;7;0;2;8;1;1
202200042573;738 171;20;0;2;1;16;1
202200042573;738 176;1;0;2;8;19;5
202200042574;738 172;33;0;2;1;2;1
202200042574;738 175;10;0;2;6;16;1
202200042575;738 173;33;0;2;1;1;1
202200042575;738 183;7;0;2;7;1;1
202200042576;738 168;7;0;2;1;1;1
202200042576;738 170;7;0;2;3;1;1
202200042577;738 165;7;6;0;1;19;1
202200042578;738 163;7;2;0;1;11;1
202200042579;738 162;7;0;0;4;1;1
202200042579;738 164;7;0;2;4;1;1
202200042579;738 167;7;0;2;4;1;6
202200042579;738 169;7;0;2;1;1;1
202200042580;738 160;7;2;0;1;14;2
202200042581;738 155;14;0;2;8;1;1
202200042581;738 158;7;0;2;4;2;1
202200042581;738 161;7;0;2;1;2;1
202200042582;738 157;7;0;2;3;15;1
202200042582;738 159;33;0;2;3;1;1
202200042583;738 154;21;3;0;8;1;1
202200042584;738 156;1;0;2;1;9;5
202200042584;738 166;10;0;2;8;1;3
202200042585;738 149;7;0;2;3;2;1
202200042585;738 151;7;0;2;3;5;1
202200042586;738 145;7;3;0;1;14;1
202200042586;738 147;7;0;2;1;2;1
202200042586;738 148;7;0;2;2;21;1
202200042586;738 150;7;0;2;1;21;1
202200042587;738 142;7;0;2;3;5;1
202200042587;738 146;7;0;2;3;1;1
202200042588;738 143;7;0;1;1;15;1
202200042589;738 144;99;0;1;1;19;6
202200042590;738 139;1;0;2;1;1;5
202200042590;738 141;7;0;9;1;1;1
202200042591;738 137;7;0;2;3;13;1
202200042591;738 140;7;0;2;3;1;1
202200042592;738 135;7;0;2;4;1;1
202200042592;738 138;7;0;2;9;2;1
202200042593;738 132;30;0;0;0;1;1
202200042594;738 130;37;0;9;2;16;1
202200042594;738 133;1;0;2;1;19;5
202200042595;738 129;7;1;0;2;1;1
202200042596;738 127;10;0;1;3;19;1
202200042597;738 131;10;0;2;1;13;1
202200042597;738 136;10;0;2;3;1;1
202200042598;738 125;32;1;0;1;16;1
202200042599;738 126;31;0;2;1;1;1
202200042599;738 128;7;0;2;1;15;0
202200042600;738 122;7;0;2;3;15;1
202200042600;738 124;1;0;2;1;16;5
202200042601;738 118;7;0;2;1;1;1
202200042601;738 121;15;0;2;3;1;1
202200042601;738 123;10;0;2;3;13;1
202200042602;738 119;32;0;0;7;1;1
202200042603;738 117;7;0;2;3;1;1
202200042603;738 120;7;0;2;3;17;2
202200042604;738 115;7;0;2;8;1;1
202200042604;738 116;30;0;1;7;17;1
202200042605;738 114;2;0;0;0;0;1
202200042606;738 113;33;12;0;3;6;1
202200042607;738 108;7;0;2;1;17;1
202200042607;738 110;7;0;2;1;1;1
202200042608;738 109;32;12;0;3;1;1
202200042608;738 111;7;12;0;3;1;1
202200042609;738 107;10;0;1;3;1;1
202200042610;738 105;7;0;1;2;1;1
202200042611;738 103;33;12;0;3;14;1
202200042612;738 106;7;0;2;1;1;1
202200042612;738 112;30;0;2;1;16;1
202200042613;738 100;21;15;2;4;1;1
202200042613;738 102;7;0;9;4;17;1
202200042613;738 104;7;13;2;1;17;1
202200042614;738 095;7;13;0;2;2;1
202200042615;738 094;10;0;2;1;1;1
202200042615;738 097;7;0;2;6;1;0
202200042615;738 099;7;0;2;1;1;1
202200042616;738 091;10;2;0;1;14;1
202200042617;738 093;7;0;2;1;1;0
202200042617;738 096;50;0;2;1;16;3
202200042618;738 087;33;8;0;7;1;1
202200042619;738 086;33;0;0;0;1;1
202200042620;738 088;10;0;2;3;9;1
202200042620;738 092;7;0;2;1;9;1
202200042621;738 085;7;0;1;3;9;1
202200042622;738 084;7;0;0;9;1;1
202200042623;738 082;33;0;2;1;1;1
202200042623;738 083;7;0;2;2;19;1
202200042624;738 079;7;13;0;1;1;1
202200042625;738 077;7;0;2;1;13;1
202200042625;738 078;1;0;2;0;0;5
202200042625;738 081;7;0;2;0;0;1
202200042626;738 076;7;0;1;3;15;3
202200042627;738 073;7;0;2;1;13;2
202200042627;738 075;7;0;2;1;1;1
202200042628;738 070;1;0;2;0;1;5
202200042628;738 072;50;0;2;1;5;3
202200042629;738 074;33;0;2;1;1;1
202200042629;738 080;7;0;2;7;15;1
202200042630;738 069;1;0;2;4;1;5
202200042630;738 071;10;0;9;1;2;1
202200042631;738 067;7;2;0;4;2;1
202200042631;738 068;7;0;2;1;2;1
202200042632;738 066;7;6;0;2;1;1
202200042633;738 065;2;12;0;7;1;1
202200042634;738 064;33;0;0;0;1;1
202200042635;738 062;7;0;1;3;17;1
202200042636;738 060;3;0;2;4;1;1
202200042636;738 063;20;0;2;1;1;1
202200042637;738 059;7;0;2;1;19;1
202200042637;738 061;7;0;2;8;9;1
202200042638;738 057;7;0;2;1;1;1
202200042638;738 058;7;0;2;1;11;1
202200042639;738 055;7;0;2;1;5;1
202200042639;738 056;7;0;2;1;1;1
202200042640;738 052;7;0;2;6;26;1
202200042640;738 054;30;0;2;1;23;1
202200042641;738 048;7;0;2;1;1;1
202200042641;738 051;7;0;1;4;1;1
202200042642;738 046;32;1;0;1;25;1
202200042643;738 047;7;0;2;5;2;1
202200042643;738 050;10;0;2;1;2;1
202200042644;738 049;7;0;2;3;15;1
202200042644;738 053;1;0;2;1;1;5
202200042645;738 045;7;13;0;1;13;1
202200042646;738 042;7;0;2;4;23;1
202200042646;738 044;80;1;0;1;1;3
202200042647;738 038;7;0;2;1;15;1
202200042647;738 041;33;0;2;1;1;1
202200042648;738 039;7;0;2;6;1;1
202200042648;738 043;17;0;2;2;12;1
202200042649;738 040;7;2;0;9;12;1
202200042650;738 036;0;0;2;1;0;0
202200042650;738 037;7;8;2;6;1;1
202200042651;738 035;7;0;1;1;20;1
202200042652;738 034;10;5;0;3;21;1
202200042653;738 030;7;0;2;1;1;1
202200042653;738 032;7;0;2;6;9;1
202200042654;738 027;7;0;2;2;1;1
202200042654;738 031;1;0;2;8;19;5
202200042655;738 026;7;0;2;7;12;1
202200042655;738 029;33;0;2;3;3;1
202200042656;738 022;33;0;6;1;1;1
202200042657;738 024;30;0;2;1;2;1
202200042657;738 025;7;0;2;4;2;1
202200042658;738 028;50;0;2;1;19;3
202200042658;738 033;10;0;2;2;17;1
202200042659;738 018;7;6;0;1;14;1
202200042660;738 017;2;16;9;0;0;1
202200042660;738 020;7;0;0;0;0;1
202200042661;738 016;10;0;2;1;2;1
202200042661;738 019;7;0;2;4;2;1
202200042661;738 021;7;0;2;1;2;1
202200042661;738 023;10;0;2;4;2;1
202200042662;738 013;7;0;2;1;2;1
202200042662;738 015;10;0;2;4;2;1
202200042663;738 010;7;0;2;6;19;1
202200042663;738 014;7;0;2;3;1;1
202200042664;738 009;7;0;2;4;2;1
202200042664;738 012;33;0;2;1;2;1
202200042665;738 011;40;0;1;1;1;0
202200042666;738 004;7;0;2;4;2;1
202200042666;738 007;7;0;2;4;2;1
202200042666;738 008;7;0;2;1;2;1
202200042667;738 001;7;0;2;3;15;1
202200042667;738 006;36;0;2;2;1;1
202200042668;738 000;10;0;2;1;2;1
202200042668;738 002;7;0;2;4;2;2
202200042668;738 005;7;0;2;4;2;1
202200042669;737 997;7;6;0;3;16;1
202200042670;737 998;7;0;2;4;1;1
202200042670;737 999;7;0;2;1;2;1
202200042671;737 996;7;0;9;3;16;1
202200042671;738 003;1;0;2;2;1;5
202200042672;737 990;7;0;2;6;26;1
202200042672;737 994;7;0;2;6;1;1
202200042672;737 995;7;0;2;2;1;1
202200042673;737 991;7;0;2;3;9;1
202200042673;737 993;1;0;2;1;1;5
202200042674;737 992;7;0;1;3;16;1
202200042675;737 987;7;0;1;2;0;1
202200042676;737 983;7;0;9;0;26;1
202200042676;737 985;7;0;2;1;2;1
202200042676;737 989;7;4;0;4;1;1
202200042677;737 981;7;0;2;8;6;1
202200042677;737 988;2;0;2;1;1;0
202200042678;737 980;1;0;2;1;1;5
202200042678;737 982;7;0;2;8;1;1
202200042679;737 978;33;0;1;1;1;1
202200042680;737 976;7;0;1;1;1;1
202200042681;737 974;7;0;2;1;2;1
202200042681;737 977;7;0;2;4;2;1
202200042681;737 979;7;0;2;1;2;1
202200042682;737 975;3;0;0;0;0;1
202200042682;737 984;7;0;0;0;0;1
202200042682;737 986;7;0;2;1;17;1
202200042683;737 973;33;12;0;1;13;1
202200042684;737 970;1;0;0;0;0;5
202200042685;737 968;10;0;2;1;2;1
202200042685;737 971;7;0;2;4;2;1
202200042685;737 972;10;0;2;4;1;1
202200042686;737 969;50;14;0;2;9;3
202200042687;737 964;7;0;0;1;26;1
202200042688;737 963;10;0;2;6;7;1
202200042688;737 965;7;0;2;1;10;1
202200042689;737 967;7;0;1;2;2;1
202200042690;737 959;10;0;2;1;2;1
202200042690;737 961;7;0;2;1;2;1
202200042690;737 962;10;0;2;1;2;1
202200042691;737 957;7;1;0;3;0;1
202200042691;737 960;7;2;2;5;26;1
202200042692;737 956;7;0;9;1;15;1
202200042692;737 958;50;0;2;1;1;3
202200042693;737 953;7;0;2;8;11;1
202200042693;737 954;7;4;2;2;1;1
202200042694;737 955;7;0;1;3;1;1
202200042695;737 951;7;1;2;1;0;1
202200042695;737 952;7;1;2;5;24;1
202200042696;737 949;7;0;2;4;2;1
202200042697;737 948;7;0;2;3;9;1
202200042697;737 950;1;0;2;7;1;5
202200042698;737 947;30;0;0;0;15;1
202200042699;737 945;1;0;0;0;25;5
202200042700;737 942;7;0;2;4;1;1
202200042700;737 944;7;0;2;4;1;1
202200042700;737 946;7;0;2;1;1;1
202200042701;737 941;7;0;2;8;1;1
202200042701;737 943;7;0;2;1;19;1
202200042702;737 939;7;0;1;2;11;0
202200042703;737 938;7;0;2;6;1;1
202200042703;737 940;33;0;2;1;3;1
202200042704;737 937;7;6;0;1;14;1
202200042705;737 934;7;6;0;1;1;1
202200042706;737 932;7;0;9;3;16;1
202200042706;737 935;1;0;2;1;2;5
202200042707;737 933;80;0;2;8;15;3
202200042707;737 936;7;0;2;1;16;1
202200042708;737 931;10;0;1;1;13;1
202200042709;737 929;15;0;2;4;2;1
202200042709;737 930;10;0;2;1;2;1
202200042710;737 926;14;0;2;3;16;1
202200042710;737 928;1;0;0;0;1;5
202200042711;737 922;38;0;2;4;2;1
202200042711;737 924;15;0;2;1;2;1
202200042712;737 919;1;0;0;1;26;5
202200042712;737 920;7;0;0;3;26;1
202200042713;737 921;33;0;2;6;1;1
202200042713;737 925;7;0;2;2;16;1
202200042714;737 917;7;0;2;1;5;1
202200042714;737 918;7;0;2;1;1;1
202200042715;737 913;7;0;2;6;19;1
202200042715;737 915;7;0;2;5;19;1
202200042716;737 910;7;3;0;3;0;1
202200042717;737 911;10;0;2;8;1;1
202200042717;737 914;50;0;2;1;1;3
202200042718;737 912;7;0;2;1;1;1
202200042718;737 916;1;0;2;4;1;0
202200042719;737 908;1;0;1;1;1;5
202200042720;737 907;7;0;0;0;1;1
202200042721;737 904;7;0;2;5;2;1
202200042721;737 906;7;0;2;2;2;1
202200042721;737 909;33;0;2;7;1;1
202200042722;737 902;7;0;0;0;1;1
202200042723;737 901;7;1;0;2;14;1
202200042724;737 903;7;0;2;7;15;1
202200042724;737 905;32;0;2;1;1;1
202200042725;737 894;33;0;2;1;2;1
202200042725;737 898;7;0;2;7;15;1
202200042726;737 892;7;0;2;2;9;1
202200042726;737 895;7;0;2;2;9;1
202200042726;737 897;7;0;2;4;2;1
202200042726;737 899;7;0;2;4;2;1
202200042726;737 900;7;0;2;1;2;1
202200042727;737 891;7;0;2;1;21;1
202200042727;737 893;7;0;2;5;21;1
202200042728;737 889;7;0;2;2;1;1
202200042728;737 896;7;0;2;3;5;1
202200042729;737 887;7;0;2;8;15;1
202200042729;737 890;2;0;2;1;1;1
202200042730;737 886;7;4;2;6;12;1
202200042730;737 888;32;4;2;3;3;1
202200042731;737 885;7;6;0;2;15;1
202200042732;737 883;7;0;2;2;16;1
202200042732;737 884;1;0;2;1;1;5
202200042733;737 880;33;0;2;8;3;1
202200042733;737 882;7;0;2;7;12;1
202200042734;737 881;7;4;0;8;13;1
202200042735;737 879;7;13;0;2;1;1
202200042736;737 875;10;0;2;6;11;1
202200042736;737 876;31;0;2;7;2;1
202200042737;737 873;7;0;1;1;16;1
202200042738;737 874;7;0;1;2;15;1
202200042739;737 872;7;0;1;3;15;1
202200042740;737 870;7;0;2;1;1;1
202200042740;737 871;7;0;2;4;2;1
202200042741;737 862;7;0;2;1;1;1
202200042741;737 866;13;0;2;4;2;1
202200042742;737 864;7;0;2;1;1;1
202200042742;737 867;7;0;2;1;13;1
202200042743;737 863;7;0;2;1;1;1
202200042743;737 868;7;0;2;1;1;1
202200042744;737 861;7;0;2;2;1;1
202200042744;737 865;80;0;2;0;19;3
202200042745;737 859;10;0;2;8;2;1
202200042745;737 860;15;0;2;3;14;1
202200042746;737 856;7;0;2;2;15;1
202200042746;737 858;1;0;2;8;1;5
202200042747;737 854;7;9;2;1;5;1
202200042747;737 857;7;5;2;1;1;1
202200042748;737 855;7;0;1;2;1;1
202200042749;737 852;7;0;2;3;26;1
202200042749;737 853;33;0;2;1;11;1
202200042750;737 846;32;0;2;8;1;1
202200042750;737 849;34;0;2;1;1;1
202200042751;737 845;7;1;0;8;24;1
202200042751;737 847;50;1;0;2;1;3
202200042752;737 842;37;0;2;6;2;1
202200042752;737 844;7;1;0;1;2;1
202200042753;737 843;7;0;2;8;1;1
202200042753;737 848;50;0;2;1;1;3
202200042754;737 839;7;0;2;2;11;1
202200042754;737 841;7;8;2;3;7;1
202200042755;737 838;7;0;2;2;16;1
202200042755;737 840;30;0;2;1;25;1
202200042756;737 837;7;0;1;3;1;1
202200042757;737 833;7;0;2;7;1;1
202200042757;737 835;1;0;2;1;19;5
202200042758;737 828;7;0;2;4;0;1
202200042758;737 831;7;0;2;1;0;1
202200042759;737 830;7;0;2;2;1;1
202200042759;737 836;31;0;2;1;13;1
202200042760;737 827;7;0;2;1;1;1
202200042760;737 829;13;0;2;1;1;1
202200042761;737 825;7;0;0;0;0;1
202200042762;737 824;33;0;2;8;1;1
202200042762;737 826;7;0;2;1;1;1
202200042763;737 821;7;0;2;6;15;1
202200042763;737 823;33;0;2;1;17;1
202200042764;737 817;7;0;2;1;2;1
202200042764;737 820;17;0;0;6;2;1
202200042765;737 815;1;0;2;1;19;5
202200042765;737 819;7;0;2;3;1;1
202200042766;737 812;7;0;1;1;26;1
202200042767;737 814;20;0;2;1;0;1
202200042767;737 818;3;0;2;8;0;1
202200042767;737 822;10;0;2;1;26;1
202200042768;737 811;10;0;2;4;2;1
202200042768;737 813;7;0;2;4;2;1
202200042768;737 816;15;0;2;1;2;1
202200042769;737 809;7;0;1;1;5;0
202200042770;737 808;7;0;1;1;1;1
202200042771;737 807;7;2;0;4;13;1
202200042772;737 806;43;0;2;7;1;1
202200042772;737 810;7;0;2;0;5;0
202200042773;737 801;7;0;2;2;15;1
202200042773;737 805;32;0;2;1;1;1
202200042774;737 802;33;0;2;3;3;1
202200042774;737 804;7;0;2;2;12;1
202200042775;737 800;7;0;2;3;15;1
202200042775;737 803;7;0;2;2;5;1
202200042776;737 796;7;3;0;2;1;1
202200042777;737 795;10;0;9;2;2;1
202200042777;737 797;1;0;0;4;0;5
202200042778;737 794;7;0;2;1;2;1
202200042778;737 799;7;0;2;4;2;1
202200042779;737 791;7;0;2;4;11;1
202200042779;737 792;33;0;2;1;3;1
202200042780;737 790;37;0;1;7;7;2
202200042781;737 789;7;0;2;1;19;1
202200042781;737 793;33;0;2;7;1;1
202200042782;737 787;7;0;0;9;1;1
202200042783;737 786;32;0;2;1;2;1
202200042783;737 788;7;0;2;5;2;1
202200042784;737 784;7;0;1;2;1;1
202200042785;737 783;33;0;2;1;17;1
202200042785;737 785;7;0;2;1;1;1
202200042786;737 780;7;0;2;1;1;1
202200042786;737 782;1;0;2;7;1;5
202200042787;737 779;7;0;2;6;2;1
202200042787;737 781;32;0;2;1;2;1
202200042788;737 777;10;0;1;1;1;1
202200042789;737 776;7;0;1;2;1;2
202200042790;737 775;32;0;2;1;1;1
202200042790;737 778;7;0;2;1;1;2
202200042791;737 772;7;0;2;7;14;1
202200042791;737 774;32;0;2;8;1;1
202200042792;737 770;10;4;0;2;1;1
202200042793;737 767;7;15;1;2;13;1
202200042794;737 768;10;0;1;2;1;1
202200042795;737 766;7;0;2;6;1;1
202200042795;737 769;17;0;2;1;1;1
202200042795;737 771;15;0;2;1;12;1
202200042796;737 763;7;0;2;2;0;1
202200042796;737 765;7;0;2;3;0;0
202200042797;737 762;1;0;2;2;1;5
202200042797;737 764;10;0;2;2;22;1
202200042798;737 759;1;0;2;1;7;5
202200042798;737 761;10;0;2;2;16;1