Num_Acc;id_vehicule;catv;obs;obsm;choc;manv;motor
202200043587;736 351;1;1;0;1;14;5
202200043588;736 350;14;0;1;0;1;1
202200043589;736 349;37;0;2;0;21;3
202200043590;736 348;10;0;1;5;1;1
202200043591;736 347;1;0;1;1;1;5
202200043592;736 345;30;0;2;7;1;3
202200043592;736 346;7;0;2;3;15;1
202200043593;736 344;7;0;1;2;15;2
202200043594;736 343;43;0;1;2;17;1
202200043595;736 341;33;0;2;5;1;1
202200043595;736 342;7;0;2;3;15;1
202200043596;736 340;50;0;0;0;1;3
202200043597;736 339;80;0;1;1;11;3
202200043598;736 338;80;12;0;1;13;3
202200043599;736 335;32;0;2;0;2;3
202200043599;736 336;10;0;2;7;16;1
202200043599;736 337;33;0;2;4;2;1
202200043600;736 334;50;0;1;1;1;3
202200043601;736 332;10;0;2;6;15;1
202200043601;736 333;50;0;2;1;2;3
202200043602;736 331;10;0;1;8;24;1
202200043603;736 330;7;0;1;3;15;0
202200043604;736 328;1;0;2;6;1;5
202200043604;736 329;7;0;2;1;16;1
202200043605;736 326;7;0;2;0;0;1
202200043605;736 327;7;0;2;4;26;1
202200043606;736 324;7;0;2;4;23;1
202200043606;736 325;7;0;2;1;11;1
202200043607;736 322;15;0;2;2;12;1
202200043607;736 323;7;0;2;8;1;1
202200043608;736 320;7;4;2;5;2;1
202200043608;736 321;7;0;2;3;2;1
202200043609;736 318;7;0;2;2;26;1
202200043609;736 319;7;0;2;6;0;1
202200043610;736 317;15;3;0;1;13;0
202200043611;736 314;7;0;2;1;1;2
202200043611;736 315;7;0;2;1;1;1
202200043611;736 316;7;0;2;4;1;1
202200043612;736 309;7;0;2;1;1;2
202200043612;736 310;7;0;2;4;2;1
202200043612;736 311;7;0;2;3;2;1
202200043612;736 312;7;0;2;1;1;1
202200043612;736 313;7;0;2;4;21;1
202200043613;736 306;7;0;2;4;2;1
202200043613;736 307;10;0;2;4;2;1
202200043613;736 308;7;0;2;1;1;1
202200043614;736 304;7;3;2;1;26;1
202200043614;736 305;7;0;2;3;26;1
202200043615;736 302;10;0;2;1;1;1
202200043615;736 303;15;0;2;4;1;1
202200043616;736 300;7;0;2;1;1;1
202200043616;736 301;7;0;2;5;2;1
202200043617;736 298;7;0;2;6;1;1
202200043617;736 299;10;0;2;2;12;1
202200043618;736 296;10;0;2;5;1;1
202200043618;736 297;34;0;2;1;1;1
202200043619;736 293;7;0;2;4;2;1
202200043619;736 294;7;0;2;4;2;1
202200043619;736 295;10;0;2;1;2;1
202200043620;736 291;7;3;2;8;1;1
202200043620;736 292;10;0;2;7;1;1
202200043621;736 289;33;0;0;8;21;1
202200043621;736 290;7;0;0;0;14;0
202200043622;736 287;7;0;2;1;9;1
202200043622;736 288;50;0;2;7;15;3
202200043623;736 286;1;0;1;1;25;5
202200043624;736 285;33;0;1;2;21;1
202200043625;736 284;7;0;1;3;1;1
202200043626;736 283;7;0;1;1;1;1
202200043627;736 282;7;0;2;0;17;1
202200043628;736 280;33;0;2;8;1;1
202200043628;736 281;7;0;2;8;1;2
202200043629;736 279;2;12;0;2;14;1
202200043630;736 277;7;0;2;7;17;1
202200043630;736 278;7;0;2;1;15;1
202200043631;736 275;7;0;2;6;1;1
202200043631;736 276;38;0;2;3;1;1
202200043632;736 273;7;0;2;2;16;1
202200043632;736 274;33;0;2;8;2;1
202200043633;736 272;7;0;1;1;1;1
202200043634;736 271;7;0;1;8;1;1
202200043635;736 270;7;0;1;3;1;1
202200043636;736 269;7;0;1;1;1;1
202200043637;736 268;7;0;1;3;15;1
202200043638;736 266;14;0;2;1;26;1
202200043638;736 267;7;0;2;4;23;1
202200043639;736 264;7;0;2;3;15;1
202200043639;736 265;7;0;2;3;1;1
202200043640;736 262;7;0;2;3;11;1
202200043640;736 263;7;0;2;7;16;1
202200043641;736 259;7;16;0;0;26;1
202200043641;736 260;7;0;2;1;13;1
202200043641;736 261;15;0;2;1;1;1
202200043642;736 257;2;0;2;1;13;1
202200043642;736 258;37;0;2;3;1;1
202200043643;736 253;7;0;2;1;0;1
202200043643;736 254;33;0;2;8;15;1
202200043644;736 251;10;0;2;3;15;1
202200043644;736 252;33;0;2;1;1;1
202200043645;736 249;33;0;2;8;1;1
202200043645;736 250;7;0;2;2;9;1
202200043646;736 247;10;0;2;1;15;1
202200043646;736 248;1;0;2;1;1;5
202200043647;736 243;7;0;2;2;15;1
202200043647;736 244;10;0;2;3;1;1
202200043648;736 238;7;0;2;1;9;2
202200043648;736 239;7;0;2;2;1;1
202200043649;736 236;7;0;2;1;13;1
202200043649;736 237;7;0;2;3;26;1
202200043650;736 235;7;9;0;1;1;1
202200043651;736 234;7;6;0;1;1;1
202200043652;736 233;7;16;0;0;0;1
202200043653;736 231;7;0;2;1;1;0
202200043653;736 232;2;0;2;1;1;1
202200043654;736 230;7;0;9;2;9;0
202200043655;736 228;7;0;2;1;15;1
202200043655;736 229;7;0;2;3;1;1
202200043656;736 226;7;0;2;4;2;1
202200043656;736 227;7;0;2;1;2;1
202200043657;736 224;2;0;2;2;1;1
202200043657;736 225;7;0;2;2;15;1
202200043658;736 222;1;0;2;8;19;5
202200043658;736 223;2;0;2;1;1;3
202200043659;736 220;30;0;2;2;15;1
202200043659;736 221;7;0;2;3;1;1
202200043660;736 219;7;0;1;3;1;1
202200043661;736 218;7;0;1;1;1;1
202200043662;736 217;7;1;2;1;21;1
202200043663;736 215;7;0;2;1;2;1
202200043663;736 216;10;0;0;4;2;1
202200043664;736 213;37;0;0;0;1;2
202200043664;736 214;7;0;0;0;15;1
202200043665;736 212;7;13;0;1;13;1
202200043666;736 211;7;0;1;1;9;1
202200043667;736 208;15;0;2;2;26;1
202200043667;736 209;80;0;2;3;2;3
202200043668;736 206;50;0;0;0;25;3
202200043668;736 207;7;0;0;0;16;1
202200043669;736 204;7;0;2;8;11;1
202200043669;736 205;7;0;2;7;17;1
202200043670;736 202;7;0;2;1;9;1
202200043670;736 203;7;0;2;7;1;1
202200043671;736 200;7;0;2;3;9;1
202200043671;736 201;7;12;2;9;26;1
202200043672;736 198;30;0;2;1;1;1
202200043672;736 199;7;0;2;3;9;1
202200043673;736 197;7;0;1;1;1;1
202200043674;736 196;50;0;0;0;14;3
202200043675;736 194;7;0;2;6;24;1
202200043675;736 195;7;1;0;2;1;1
202200043676;736 192;7;0;2;3;1;1
202200043676;736 193;7;0;2;3;1;1
202200043677;736 191;7;0;1;2;1;1
202200043678;736 190;7;0;1;6;1;1
202200043679;736 189;7;0;1;3;15;2
202200043680;736 187;7;0;2;4;20;1
202200043680;736 188;1;0;2;0;1;5
202200043681;736 185;30;0;2;1;5;1
202200043681;736 186;7;0;2;1;1;1
202200043682;736 181;37;0;2;8;23;1
202200043682;736 182;7;0;2;7;1;1
202200043682;736 183;7;0;2;6;1;1
202200043682;736 184;7;0;2;1;26;1
202200043683;736 177;7;0;2;1;2;1
202200043683;736 178;7;0;2;4;2;1
202200043683;736 179;7;0;2;4;1;1
202200043683;736 180;7;0;2;4;2;1
202200043684;736 175;1;0;2;7;17;5
202200043684;736 176;7;0;9;1;1;1
202200043685;736 174;10;0;1;3;1;1
202200043686;736 172;7;0;2;4;1;1
202200043686;736 173;7;0;2;1;1;1
202200043687;736 170;7;0;2;2;19;1
202200043687;736 171;7;0;2;3;19;1
202200043688;736 168;30;0;2;1;19;1
202200043688;736 169;7;0;2;3;19;1
202200043689;736 167;7;4;0;1;26;1
202200043690;736 165;7;0;2;3;2;1
202200043690;736 166;7;0;2;1;19;1
202200043691;736 164;7;13;0;1;1;1
202200043692;736 163;7;0;1;3;15;1
202200043693;736 161;7;0;2;1;1;1
202200043693;736 162;7;0;0;4;2;1
202200043694;736 159;7;0;2;2;1;1
202200043694;736 160;7;0;2;8;20;1
202200043695;736 158;7;0;1;2;1;3
202200043696;736 156;7;0;2;3;15;1
202200043696;736 157;30;0;2;1;1;1
202200043697;736 154;37;0;2;1;1;1
202200043697;736 155;7;0;2;1;13;1
202200043698;736 152;34;0;2;1;1;1
202200043698;736 153;10;0;2;8;19;1
202200043699;736 151;7;0;1;1;1;1
202200043700;736 149;30;0;2;1;21;1
202200043700;736 150;7;0;2;4;2;1
202200043701;736 148;7;0;1;1;26;0
202200043702;736 146;7;0;2;3;13;1
202200043702;736 147;10;0;2;3;0;1
202200043703;736 145;7;4;0;1;1;1
202200043704;736 144;7;0;0;2;14;1
202200043705;736 143;7;0;1;1;1;1
202200043706;736 142;7;2;0;2;1;1
202200043707;736 141;7;0;1;1;1;1
202200043708;736 139;7;0;0;4;2;1
202200043708;736 140;7;1;2;1;2;1
202200043709;736 137;2;0;2;1;1;1
202200043709;736 138;7;0;2;8;9;1
202200043710;736 136;7;0;1;2;15;1
202200043711;736 133;7;14;0;2;21;1
202200043711;736 134;7;14;0;0;0;1
202200043711;736 135;7;14;0;0;0;1
202200043712;736 131;33;0;2;1;1;1
202200043712;736 132;32;0;2;5;15;1
202200043713;736 130;33;0;1;8;1;1
202200043714;736 128;7;0;2;2;15;1
202200043714;736 129;2;0;2;1;1;1
202200043715;736 126;7;0;2;1;1;1
202200043715;736 127;32;0;2;1;1;1
202200043716;736 124;1;0;2;0;0;5
202200043716;736 125;30;0;9;3;1;3
202200043717;736 121;7;0;2;3;1;1
202200043717;736 122;32;0;2;9;15;1
202200043717;736 123;7;0;2;3;23;1
202200043718;736 119;7;0;2;1;13;1
202200043718;736 120;7;0;2;1;1;1
202200043719;736 117;7;0;2;0;0;1
202200043719;736 118;37;1;0;1;26;1
202200043720;736 116;7;0;1;1;1;1
202200043721;736 114;7;0;2;0;20;1
202200043721;736 115;32;0;2;1;2;0
202200043722;736 113;7;0;1;1;15;1
202200043723;736 111;7;0;2;7;1;1
202200043723;736 112;1;0;2;1;1;5
202200043724;736 109;80;0;2;2;18;3
202200043724;736 110;14;0;2;5;1;1
202200043725;736 107;7;0;2;4;23;1
202200043725;736 108;30;0;2;1;2;3
202200043726;736 106;1;0;1;8;1;5
202200043727;736 104;7;0;2;3;23;1
202200043727;736 105;32;0;2;1;2;1
202200043728;736 102;33;0;2;1;15;1
202200043728;736 103;7;0;2;2;1;1
202200043729;736 100;7;0;2;2;15;2
202200043729;736 101;1;0;2;1;1;5
202200043730;736 099;32;14;0;0;13;1
202200043731;736 097;7;0;2;4;2;1
202200043731;736 098;7;0;2;1;2;1
202200043732;736 096;32;0;1;1;17;1
202200043733;736 095;7;0;1;3;1;1
202200043734;736 094;33;0;1;1;18;1
202200043735;736 092;1;0;2;1;1;5
202200043735;736 093;7;0;2;3;26;1
202200043736;736 090;30;0;2;1;1;1
202200043736;736 091;7;0;2;3;2;1
202200043737;736 088;7;0;2;1;1;1
202200043737;736 089;7;0;2;5;1;1
202200043738;736 086;7;0;2;3;10;1
202200043738;736 087;32;0;2;1;1;1
202200043739;736 085;7;0;1;1;1;1
202200043740;736 084;7;0;1;1;1;1
202200043741;736 083;7;0;1;4;4;1
202200043742;736 082;7;9;0;1;26;1
202200043743;736 080;7;0;2;2;16;1
202200043743;736 081;30;0;2;8;1;1
202200043744;736 078;7;0;2;7;17;1
202200043744;736 079;1;0;2;8;1;5
202200043745;736 076;7;0;2;4;1;1
202200043745;736 077;7;0;2;1;1;1
202200043746;736 074;7;2;2;8;9;1
202200043746;736 075;43;0;2;1;1;1
202200043747;736 072;10;0;2;3;1;1
202200043747;736 073;1;0;2;0;0;5
202200043748;736 069;7;0;1;1;1;0
202200043749;736 067;2;0;2;2;1;1
202200043749;736 068;7;0;2;3;15;1
202200043750;736 065;33;0;2;1;1;1
202200043750;736 066;7;0;2;1;9;1
202200043751;736 062;7;5;2;5;17;1
202200043751;736 063;13;0;0;8;1;1
202200043751;736 064;7;14;2;1;1;1
202200043752;736 060;13;0;1;1;2;1
202200043752;736 061;13;14;0;8;2;1
202200043753;736 058;7;0;2;1;1;1
202200043753;736 059;7;0;2;2;13;1
202200043754;736 056;7;0;2;1;13;1
202200043754;736 057;7;0;2;1;1;1
202200043755;736 053;7;0;0;2;1;1
202200043755;736 054;7;3;0;6;1;1
202200043756;736 051;10;0;2;1;1;1
202200043756;736 052;7;0;2;1;5;1
202200043757;736 050;10;13;2;2;1;1
202200043758;736 048;7;0;2;1;1;1
202200043758;736 049;7;0;2;4;1;1
202200043759;736 046;10;0;2;4;1;1
202200043759;736 047;7;0;2;1;2;1
202200043760;736 038;7;0;2;8;26;1
202200043760;736 039;7;0;2;1;26;1
202200043760;736 040;14;4;0;8;13;1
202200043760;736 041;10;14;0;1;26;1
202200043760;736 042;7;0;9;8;21;1
202200043760;736 043;7;0;9;8;21;1
202200043760;736 044;14;0;9;1;1;1
202200043760;736 045;7;0;9;4;12;2
202200043761;736 037;33;0;0;7;1;1
202200043762;736 036;7;3;0;1;12;1
202200043763;736 034;7;0;2;3;11;1
202200043763;736 035;7;0;2;5;2;1
202200043764;736 033;7;3;6;1;0;1
202200043765;736 032;7;4;0;1;0;1
202200043766;736 030;33;0;2;8;3;1
202200043766;736 031;7;0;2;7;12;1
202200043767;736 028;1;0;2;7;1;5
202200043767;736 029;7;0;2;3;19;1
202200043768;736 027;10;0;1;2;1;1
202200043769;736 026;7;0;1;1;1;1
202200043770;736 024;7;0;0;3;15;1
202200043770;736 025;31;0;2;1;1;0
202200043771;736 023;10;0;1;8;1;1
202200043772;736 022;10;0;1;2;25;1
202200043773;736 020;7;0;2;7;19;1
202200043773;736 021;33;0;2;1;1;1
202200043774;736 018;50;0;2;1;1;3
202200043774;736 019;7;0;2;3;15;2
202200043775;736 016;10;0;2;1;2;1
202200043775;736 017;7;0;1;3;26;1
202200043776;736 015;30;0;1;1;26;1
202200043777;736 013;37;0;2;3;1;1
202200043777;736 014;7;0;2;3;1;1
202200043778;736 012;10;0;1;1;15;1
202200043779;736 010;7;0;2;1;1;1
202200043779;736 011;7;0;2;4;1;1
202200043780;736 008;7;0;2;4;2;1
202200043780;736 009;10;0;2;1;2;1
202200043781;736 006;7;0;2;1;15;1
202200043781;736 007;1;0;2;1;1;5
202200043782;736 004;7;0;2;5;15;1
202200043782;736 005;2;0;2;1;1;1
202200043783;736 003;7;0;1;1;1;1
202200043784;736 001;7;0;2;8;15;1
202200043784;736 002;2;0;2;7;1;1
202200043785;736 000;7;0;1;1;2;1
202200043786;735 997;7;0;1;1;1;1
202200043787;735 996;30;12;0;0;0;1
202200043788;735 992;7;0;2;1;0;1
202200043788;735 993;7;0;2;4;0;1
202200043788;735 994;7;0;2;4;0;1
202200043788;735 995;7;0;2;0;0;1
202200043789;735 991;7;0;1;1;15;1
202200043790;735 990;7;0;1;1;15;1
202200043791;735 989;7;1;0;0;0;1
202200043792;735 988;7;0;1;8;15;1
202200043793;735 987;7;9;0;1;1;1
202200043794;735 985;30;0;2;1;1;1
202200043794;735 986;7;0;2;5;15;3
202200043795;735 984;33;0;2;0;15;1
202200043796;735 982;14;0;2;1;1;1
202200043796;735 983;7;0;2;2;1;1
202200043797;735 980;7;0;2;7;1;1
202200043797;735 981;7;0;2;3;1;1
202200043798;735 979;7;1;1;2;20;1
202200043799;735 976;7;0;2;8;11;1
202200043799;735 977;33;0;2;8;3;1
202200043800;735 973;7;0;2;1;0;1
202200043800;735 974;33;0;2;9;0;1
202200043800;735 975;7;0;2;5;26;1
202200043801;735 969;0;0;0;0;0;0
202200043801;735 970;7;0;2;4;2;1
202200043801;735 971;10;0;2;2;2;1
202200043801;735 972;7;0;2;1;2;1
202200043802;735 967;33;0;2;3;2;1
202200043802;735 968;10;0;2;5;2;1
202200043803;735 965;7;0;2;4;24;1
202200043803;735 966;7;1;0;2;14;1
202200043804;735 963;33;0;2;2;0;1
202200043804;735 964;7;0;2;8;15;1
202200043805;735 958;7;0;2;4;2;1
202200043805;735 959;7;0;2;4;2;2
202200043805;735 960;7;0;2;1;2;1
202200043805;735 961;10;0;2;1;2;1
202200043805;735 962;7;0;2;1;2;1
202200043806;735 955;7;4;2;1;2;1
202200043806;735 956;7;4;2;1;2;1
202200043806;735 957;7;4;2;4;2;1
202200043807;735 953;7;0;2;8;1;1
202200043807;735 954;33;0;2;7;3;1
202200043808;735 952;7;13;0;1;17;1
202200043809;735 951;7;13;0;1;14;1
202200043810;735 948;33;4;0;0;21;1
202200043810;735 949;7;0;2;5;1;0
202200043810;735 950;10;0;2;3;0;0
202200043811;735 945;7;0;2;1;2;1
202200043811;735 946;7;0;2;4;2;1
202200043811;735 947;7;0;2;4;2;1
202200043812;735 944;7;4;0;1;1;1
202200043813;735 942;7;0;2;4;1;1
202200043813;735 943;10;0;2;1;21;1
202200043814;735 941;7;15;1;1;26;1
202200043815;735 940;7;13;0;1;15;1
202200043816;735 938;7;0;2;1;2;1
202200043816;735 939;7;0;2;4;1;1
202200043817;735 937;10;0;0;0;0;1
202200043818;735 935;7;0;9;2;1;1
202200043818;735 936;30;8;2;1;15;1
202200043819;735 934;7;4;0;1;1;1
202200043820;735 932;7;0;9;5;15;1
202200043820;735 933;50;0;2;1;1;3
202200043821;735 930;7;0;2;1;16;0
202200043821;735 931;50;0;2;8;0;3
202200043822;735 928;1;0;2;0;0;0
202200043822;735 929;7;0;2;0;0;1
202200043823;735 926;7;0;2;2;16;1
202200043823;735 927;33;0;2;1;18;1
202200043824;735 924;1;0;2;3;15;6
202200043824;735 925;10;0;2;2;1;1
202200043825;735 922;7;0;2;3;15;1
202200043825;735 923;7;0;2;3;1;1
202200043826;735 921;7;9;0;1;0;1
202200043827;735 920;7;0;0;2;0;1
202200043828;735 918;7;0;2;4;23;1
202200043828;735 919;7;0;2;1;2;1
202200043829;735 914;7;0;2;1;1;1
202200043829;735 915;7;0;2;4;1;1
202200043829;735 916;7;0;2;4;1;1
202200043829;735 917;7;0;2;4;1;1
202200043830;735 912;37;0;2;1;1;1
202200043830;735 913;7;0;2;3;16;1
202200043831;735 910;7;0;2;8;1;1
202200043831;735 911;50;0;2;1;17;3
202200043832;735 909;7;4;0;1;9;1
202200043833;735 906;37;9;2;5;1;1
202200043834;735 904;7;0;2;3;15;1
202200043834;735 905;30;0;2;1;18;1
202200043835;735 903;10;8;0;1;1;1
202200043836;735 902;10;14;1;4;4;1
202200043837;735 900;7;0;2;2;15;1
202200043837;735 901;1;0;2;1;5;5
202200043838;735 898;1;0;2;1;1;5
202200043838;735 899;7;0;9;3;9;2
202200043839;735 896;7;0;2;1;1;1
202200043839;735 897;7;0;2;1;13;1
202200043840;735 894;15;0;2;5;1;1
202200043840;735 895;50;0;2;8;2;3
202200043841;735 892;7;0;2;8;26;1
202200043841;735 893;7;0;2;3;13;1
202200043842;735 890;7;0;2;2;15;1
202200043842;735 891;7;0;2;7;5;1
202200043843;735 888;7;0;2;1;1;1
202200043843;735 889;7;0;2;2;15;1
202200043844;735 886;16;0;0;6;24;1
202200043844;735 887;7;1;0;2;14;1
202200043845;735 884;7;0;2;4;1;2
202200043845;735 885;37;0;2;1;2;1
202200043846;735 882;1;0;2;4;1;5
202200043846;735 883;31;0;2;1;1;1
202200043847;735 879;7;0;2;4;1;1
202200043847;735 880;7;0;2;4;1;1
202200043847;735 881;7;0;2;1;1;1
202200043848;735 878;50;0;0;0;1;3
202200043849;735 877;7;1;0;2;1;1
202200043850;735 876;10;9;0;1;1;1
202200043851;735 875;33;0;0;7;1;1
202200043852;735 873;7;1;2;6;13;1
202200043852;735 874;7;1;2;2;17;1
202200043853;735 871;7;0;2;1;26;1
202200043853;735 872;7;1;2;4;26;1
202200043854;735 870;7;1;0;2;1;1
202200043855;735 869;30;1;0;2;14;1
202200043856;735 867;7;0;2;1;1;1
202200043856;735 868;30;0;2;7;1;1
202200043857;735 866;7;6;0;1;14;1
202200043858;735 862;7;0;2;8;9;1
202200043858;735 863;2;0;2;1;15;1
202200043859;735 861;37;0;1;2;1;1
202200043860;735 859;7;0;0;5;23;1
202200043860;735 860;34;12;2;1;26;1
202200043861;735 856;7;0;9;3;1;1
202200043861;735 857;7;0;2;2;13;1
202200043861;735 858;33;0;2;1;26;1
202200043862;735 854;7;0;2;8;19;1
202200043862;735 855;10;0;2;2;1;1
202200043863;735 851;7;0;2;1;1;1
202200043863;735 852;7;0;2;9;1;3
202200043863;735 853;7;0;2;4;1;1
202200043864;735 850;7;0;1;0;15;1
202200043865;735 848;7;0;2;6;11;1
202200043865;735 849;33;0;2;2;3;1
202200043866;735 846;7;0;2;4;2;1
202200043866;735 847;7;0;2;1;2;1
202200043867;735 845;33;0;0;0;1;1
202200043868;735 842;10;0;2;5;23;1
202200043868;735 843;7;0;2;7;1;1
202200043868;735 844;33;0;2;1;3;1
202200043869;735 841;80;14;0;7;14;3
202200043870;735 838;7;0;2;2;2;1
202200043870;735 839;30;0;2;4;2;1
202200043871;735 837;7;0;2;4;26;1
202200043871;735 840;2;0;2;0;26;1
202200043872;735 835;7;0;1;1;1;1
202200043873;735 836;30;0;0;1;1;1
202200043874;735 834;1;12;0;1;7;5
202200043875;735 831;50;4;1;2;5;3
202200043876;735 832;7;0;2;1;1;3
202200043876;735 833;1;0;2;7;1;5
202200043877;735 830;34;14;0;0;11;1
202200043878;735 827;30;11;0;0;1;1
202200043879;735 828;1;0;2;4;2;0
202200043879;735 829;7;0;2;1;2;0
202200043880;735 824;7;0;2;2;0;2
202200043880;735 825;10;0;2;2;0;1
202200043880;735 826;7;0;2;3;5;1
202200043881;735 822;10;0;2;7;0;1
202200043881;735 823;7;0;2;1;1;1
202200043882;735 821;7;0;1;1;15;1
202200043883;735 819;7;14;0;2;2;0
202200043883;735 820;1;-1;2;0;0;5
202200043884;735 817;7;0;1;2;1;1
202200043885;735 814;33;0;2;3;2;1
202200043885;735 815;10;0;2;2;2;0
202200043886;735 816;7;0;2;0;0;1
202200043886;735 818;99;0;2;0;0;0
202200043887;735 813;7;0;1;3;0;1
202200043888;735 811;34;0;2;1;1;1
202200043888;735 812;7;0;2;3;20;1
202200043889;735 809;32;0;2;8;1;1
202200043889;735 810;7;0;2;1;15;0
202200043890;735 807;80;0;2;1;1;3
202200043890;735 808;7;0;2;1;15;1
202200043891;735 804;7;0;0;1;0;1
202200043891;735 805;7;0;0;7;0;1
202200043891;735 806;7;0;0;0;0;1
202200043892;735 800;99;0;2;9;1;0
202200043892;735 802;7;0;9;1;1;0
202200043893;735 801;33;0;2;1;1;1
202200043893;735 803;7;0;2;3;5;1
202200043894;735 796;7;0;2;4;2;1
202200043894;735 797;7;0;2;1;1;1
202200043894;735 799;7;0;2;4;1;2
202200043895;735 794;7;0;2;1;2;1
202200043895;735 795;7;0;2;6;20;1
202200043896;735 793;7;0;2;2;15;1
202200043896;735 798;7;0;2;3;1;1
202200043897;735 791;7;0;2;7;1;1
202200043897;735 792;7;0;2;1;1;1
202200043898;735 788;7;0;2;2;17;1
202200043898;735 790;7;4;0;5;1;6
202200043899;735 789;7;0;1;3;15;1
202200043900;735 786;7;0;2;3;10;1
202200043900;735 787;33;0;2;1;1;1
202200043901;735 785;7;0;0;3;19;1
202200043902;735 784;7;1;0;2;1;1
202200043903;735 783;7;8;0;5;1;1
202200043904;735 781;7;2;0;1;5;1
202200043905;735 780;7;0;2;6;2;1
202200043905;735 782;7;0;2;2;2;1
202200043906;735 773;7;0;0;4;1;1
202200043906;735 774;7;0;2;4;1;1
202200043906;735 776;7;0;2;4;0;1
202200043906;735 778;7;0;2;1;1;3
202200043906;735 779;7;0;2;1;1;1
202200043907;735 775;7;0;2;3;1;1
202200043907;735 777;7;0;2;1;15;1
202200043908;735 771;7;0;2;1;21;1
202200043908;735 772;7;0;2;1;5;1
202200043909;735 769;7;6;0;2;1;1
202200043910;735 768;7;0;2;6;17;1
202200043910;735 770;33;0;2;2;17;1
202200043911;735 767;7;15;0;2;14;1
202200043912;735 766;7;6;0;1;13;1
202200043913;735 764;7;0;1;3;19;1
202200043914;735 763;7;0;2;1;1;1
202200043914;735 765;7;0;2;7;19;1
202200043915;735 761;7;2;2;2;2;1
202200043915;735 762;7;0;2;6;18;1
202200043916;735 760;33;3;0;7;1;1
202200043917;735 758;7;0;1;1;1;1
202200043918;735 756;7;2;0;9;1;1
202200043919;735 755;50;0;0;0;1;3
202200043920;735 752;7;16;0;0;1;1
202200043921;735 753;30;0;2;1;1;1
202200043921;735 754;10;0;2;3;19;1
202200043922;735 751;31;13;0;2;0;1
202200043923;735 749;7;0;2;1;2;0
202200043923;735 750;7;0;2;0;2;0
202200043924;735 748;2;6;0;8;13;1
202200043925;735 746;1;0;0;4;2;5
202200043925;735 747;7;0;9;2;2;1
202200043926;735 745;7;0;1;1;1;2
202200043927;735 744;7;0;1;2;13;1
202200043928;735 743;7;13;0;1;1;1
202200043929;735 741;33;3;0;1;1;1
202200043930;735 742;7;0;1;3;2;1
202200043931;735 740;7;2;0;3;13;1
202200043932;735 737;7;0;2;3;19;1
202200043932;735 739;7;0;2;2;1;1
202200043933;735 736;7;8;0;1;14;1
202200043934;735 735;7;2;0;9;14;1
202200043935;735 734;7;0;2;3;2;1
202200043935;735 738;1;0;2;1;25;5
202200043936;735 732;2;0;2;1;1;1
202200043936;735 733;10;0;2;2;15;1
202200043937;735 730;33;13;0;1;1;1
202200043938;735 731;99;0;1;1;19;0
202200043939;735 729;7;2;0;3;1;1
202200043940;735 728;7;0;1;1;1;0
202200043941;735 727;7;16;0;9;14;1
202200043942;735 725;7;3;0;2;14;1
202200043943;735 724;30;16;0;1;13;1
202200043944;735 723;7;0;2;1;19;0
202200043944;735 726;33;3;2;8;26;6
202200043945;735 721;30;0;2;1;0;1
202200043945;735 722;7;0;2;3;1;1
202200043946;735 719;7;3;0;7;14;1
202200043947;735 720;30;0;0;0;1;3
202200043948;735 717;7;3;2;3;21;1
202200043948;735 718;7;3;2;3;13;1
202200043949;735 713;7;0;2;2;17;1
202200043949;735 715;7;0;2;3;21;1
202200043950;735 714;7;1;2;2;14;1
202200043950;735 716;7;0;2;6;1;1
202200043951;735 711;7;0;2;1;1;1
202200043951;735 712;7;0;2;1;13;1
202200043952;735 710;7;0;1;3;1;1
202200043953;735 708;7;0;2;2;1;1
202200043953;735 709;7;0;2;2;13;1
202200043954;735 705;7;0;2;3;1;1
202200043954;735 706;2;0;2;1;1;1
202200043955;735 707;7;0;1;2;9;0
202200043956;735 703;1;14;0;8;9;5
202200043956;735 704;33;0;0;0;9;1
202200043957;735 702;30;0;0;1;1;1
202200043958;735 701;10;2;0;1;1;1
202200043959;735 698;7;13;0;1;1;1
202200043960;735 699;7;0;2;4;1;1
202200043960;735 700;7;0;2;1;2;1
202200043961;735 697;2;0;1;1;1;1
202200043962;735 696;80;12;0;1;14;3
202200043963;735 693;7;0;2;2;1;1
202200043963;735 695;7;0;2;2;17;1
202200043964;735 692;1;0;2;1;9;5
202200043964;735 694;7;0;2;1;1;1
202200043965;735 690;33;0;2;1;1;1
202200043965;735 691;7;0;2;6;16;1
202200043966;735 687;7;0;9;1;2;1
202200043966;735 689;1;0;2;4;2;5
202200043967;735 686;7;0;2;1;1;1
202200043967;735 688;1;0;2;7;19;5
202200043968;735 684;7;0;2;1;1;1
202200043968;735 685;7;0;2;2;6;1
202200043969;735 683;7;0;1;4;4;1
202200043970;735 682;10;8;0;2;14;1
202200043971;735 678;7;0;2;1;13;1
202200043971;735 681;7;0;2;1;0;1
202200043972;735 676;33;0;2;3;3;1
202200043972;735 677;7;0;2;5;1;1
202200043973;735 675;7;1;0;1;2;1
202200043974;735 674;7;4;0;3;1;1
202200043975;735 669;7;0;2;8;1;1
202200043975;735 673;10;0;2;1;1;1
202200043976;735 667;7;0;2;4;2;1
202200043976;735 668;7;0;2;4;2;1
202200043976;735 670;7;0;2;4;2;1
202200043976;735 671;7;0;2;4;2;1
202200043976;735 672;7;0;2;1;2;1
202200043977;735 665;7;3;2;3;1;1
202200043978;735 664;7;1;2;2;1;1
202200043978;735 666;7;0;2;3;1;1
202200043979;735 660;10;0;2;1;1;1
202200043979;735 661;7;0;2;4;2;1
202200043979;735 662;7;0;2;4;2;1
202200043979;735 663;99;0;2;4;2;1
202200043980;735 657;7;4;0;2;2;1
202200043981;735 658;7;0;2;1;1;1
202200043981;735 659;7;8;2;1;15;1
202200043982;735 654;7;0;2;1;2;1