Num_Acc;id_vehicule;catv;obs;obsm;choc;manv;motor
202200043982;735 655;7;0;2;4;2;2
202200043983;735 650;7;0;2;1;2;1
202200043983;735 651;10;0;2;4;2;1
202200043983;735 652;7;0;2;4;2;1
202200043983;735 653;7;0;2;4;2;1
202200043983;735 656;7;0;2;4;2;0
202200043984;735 645;7;0;2;7;12;1
202200043984;735 648;33;0;2;6;3;1
202200043985;735 646;7;0;2;4;2;1
202200043985;735 647;7;0;2;9;2;1
202200043985;735 649;10;0;2;1;9;1
202200043986;735 643;7;0;2;1;13;1
202200043986;735 644;7;0;2;4;2;3
202200043987;735 639;31;0;2;7;3;1
202200043987;735 641;7;0;2;6;11;1
202200043988;735 640;43;0;2;8;11;1
202200043988;735 642;7;0;2;5;1;1
202200043989;735 637;10;0;2;4;2;1
202200043989;735 638;7;0;2;1;2;1
202200043990;735 636;7;0;1;1;1;1
202200043991;735 634;7;0;2;3;11;1
202200043991;735 635;17;0;2;2;1;1
202200043992;735 632;30;0;2;1;15;1
202200043992;735 633;7;0;2;8;1;1
202200043993;735 630;7;0;2;8;11;1
202200043993;735 631;34;0;2;1;3;1
202200043994;735 629;31;0;0;0;1;1
202200043995;735 626;30;0;0;1;1;1
202200043996;735 624;7;0;2;4;23;2
202200043996;735 625;7;0;2;4;23;1
202200043996;735 627;7;0;2;4;23;1
202200043996;735 628;7;0;2;1;1;1
202200043997;735 621;10;0;2;4;26;1
202200043997;735 623;7;0;2;1;2;1
202200043998;735 618;7;0;2;6;3;1
202200043998;735 619;7;0;2;2;12;1
202200043998;735 620;10;0;2;8;1;1
202200043998;735 622;33;0;2;8;1;1
202200043999;735 616;1;0;2;1;19;5
202200043999;735 617;14;0;2;1;1;1
202200044000;735 614;7;0;2;4;2;1
202200044000;735 615;14;0;2;4;2;1
202200044001;735 613;7;1;0;2;1;1
202200044002;735 612;7;0;1;1;1;1
202200044003;735 609;7;0;1;1;1;1
202200044004;735 610;7;0;2;1;1;1
202200044004;735 611;1;0;2;8;9;5
202200044005;735 608;10;0;1;0;0;1
202200044006;735 607;7;0;1;1;16;1
202200044007;735 605;1;15;2;1;1;5
202200044007;735 606;10;15;2;2;15;1
202200044008;735 603;7;0;2;3;15;1
202200044008;735 604;7;0;2;1;1;1
202200044009;735 601;7;0;2;4;2;1
202200044009;735 602;7;0;2;1;2;1
202200044010;735 600;7;0;1;1;1;1
202200044011;735 599;32;0;1;1;26;1
202200044012;735 597;7;0;2;1;1;1
202200044012;735 598;7;0;2;4;1;1
202200044013;735 595;7;0;1;1;1;1
202200044014;735 592;7;0;2;4;2;1
202200044014;735 594;10;0;2;3;9;1
202200044015;735 593;7;0;2;3;15;1
202200044015;735 596;32;0;2;7;1;1
202200044016;735 590;7;0;2;7;16;0
202200044016;735 591;1;0;2;3;1;5
202200044017;735 589;31;0;0;0;0;1
202200044018;735 588;30;0;0;7;26;1
202200044019;735 587;10;0;1;1;1;1
202200044020;735 585;7;0;1;1;1;1
202200044021;735 584;1;0;0;0;0;5
202200044021;735 586;2;0;9;1;2;1
202200044022;735 582;7;0;2;1;1;1
202200044022;735 583;7;0;2;7;15;1
202200044023;735 580;10;0;2;5;1;1
202200044023;735 581;50;0;2;1;9;3
202200044024;735 577;7;0;2;2;2;1
202200044024;735 578;31;0;2;4;2;1
202200044024;735 579;7;0;2;4;2;1
202200044025;735 573;7;0;2;2;1;1
202200044025;735 574;7;0;2;3;1;1
202200044025;735 575;14;14;2;0;1;1
202200044026;735 572;31;0;2;1;1;1
202200044026;735 576;2;0;2;8;10;1
202200044027;735 571;7;0;1;0;26;1
202200044028;735 567;7;0;2;3;1;1
202200044028;735 569;50;0;2;1;1;3
202200044029;735 568;1;0;2;7;1;5
202200044029;735 570;7;0;2;1;1;1
202200044030;735 564;7;0;2;2;11;1
202200044030;735 565;33;0;2;1;12;1
202200044031;735 563;7;0;2;8;15;1
202200044031;735 566;50;0;2;7;13;3
202200044032;735 562;7;0;1;3;2;1
202200044033;735 560;7;0;1;2;1;1
202200044034;735 559;7;0;2;1;1;1
202200044034;735 561;7;0;2;6;1;1
202200044035;735 557;2;0;2;7;17;3
202200044035;735 558;7;0;2;3;15;1
202200044036;735 554;10;0;2;3;1;1
202200044036;735 556;31;0;2;1;1;1
202200044037;735 553;7;0;2;5;16;1
202200044037;735 555;34;0;2;1;1;1
202200044038;735 549;7;0;1;3;1;1
202200044039;735 548;7;1;0;1;1;1
202200044039;735 550;7;0;2;4;1;1
202200044039;735 551;7;0;2;1;1;1
202200044039;735 552;7;0;2;4;24;1
202200044040;735 545;0;0;2;0;0;0
202200044040;735 546;7;0;2;3;16;1
202200044041;735 544;2;0;2;1;1;1
202200044041;735 547;7;0;2;8;19;1
202200044042;735 541;7;0;2;2;0;1
202200044042;735 543;7;0;2;1;26;1
202200044043;735 540;7;0;2;2;1;1
202200044043;735 542;7;0;2;1;9;1
202200044044;735 537;7;0;1;1;1;1
202200044045;735 534;7;0;1;8;15;2
202200044046;735 533;7;0;2;1;23;1
202200044046;735 535;7;0;2;8;23;1
202200044046;735 536;7;0;2;4;2;1
202200044046;735 538;7;0;2;4;2;1
202200044046;735 539;7;0;2;1;13;1
202200044047;735 531;7;0;1;2;1;1
202200044048;735 530;2;0;2;1;1;1
202200044048;735 532;7;0;2;6;1;1
202200044049;735 527;7;0;1;1;1;1
202200044050;735 528;7;0;2;4;1;1
202200044050;735 529;7;0;2;1;1;1
202200044051;735 525;7;6;0;3;13;1
202200044052;735 523;7;0;2;4;2;1
202200044052;735 524;7;0;2;4;2;1
202200044052;735 526;7;0;2;1;2;1
202200044053;735 520;7;0;2;3;9;1
202200044053;735 522;2;0;2;8;1;1
202200044054;735 519;2;0;2;8;1;1
202200044054;735 521;7;0;2;1;1;1
202200044055;735 517;50;0;2;8;19;3
202200044055;735 518;7;0;2;2;1;1
202200044056;735 515;7;0;2;4;23;0
202200044056;735 516;7;0;2;1;2;1
202200044057;735 513;7;0;2;1;1;1
202200044057;735 514;7;0;2;4;1;1
202200044058;735 511;1;0;2;1;15;5
202200044058;735 512;7;0;9;1;1;1
202200044059;735 509;1;0;2;8;25;5
202200044059;735 510;10;0;2;1;26;1
202200044060;735 506;7;0;2;1;11;1
202200044060;735 507;33;0;2;1;1;1
202200044061;735 504;7;0;1;3;1;1
202200044062;735 502;7;0;2;1;15;1
202200044062;735 505;7;0;2;1;1;1
202200044062;735 508;7;0;2;1;23;1
202200044063;735 501;34;0;2;2;17;1
202200044063;735 503;10;0;2;8;15;1
202200044064;735 497;30;0;2;1;17;1
202200044064;735 499;7;0;2;6;17;0
202200044064;735 500;2;0;2;4;23;1
202200044065;735 495;7;0;2;3;15;1
202200044065;735 496;2;0;2;1;1;1
202200044066;735 494;7;0;1;1;1;1
202200044067;735 493;7;0;1;2;1;1
202200044068;735 490;7;0;2;1;15;1
202200044068;735 492;33;0;2;3;1;0
202200044069;735 491;33;3;0;0;18;1
202200044070;735 487;30;0;1;1;10;0
202200044071;735 488;0;0;1;1;26;0
202200044072;735 484;7;0;1;2;9;1
202200044073;735 483;7;0;2;6;15;1
202200044073;735 485;2;0;2;1;1;1
202200044074;735 480;7;0;2;1;2;1
202200044074;735 481;7;0;2;4;2;1
202200044075;735 479;7;8;0;2;21;1
202200044076;735 476;7;0;2;5;15;1
202200044076;735 477;7;0;2;2;1;1
202200044077;735 474;7;0;9;2;13;1
202200044078;735 468;7;0;1;1;1;1
202200044079;735 469;7;0;2;8;9;1
202200044079;735 471;7;0;2;3;1;1
202200044080;735 466;7;0;1;3;1;1
202200044081;735 465;7;0;1;3;15;1
202200044082;735 464;7;0;1;4;26;1
202200044083;735 459;7;0;2;8;9;1
202200044083;735 462;37;0;2;1;1;1
202200044084;735 460;7;0;2;1;19;1
202200044084;735 463;7;0;2;7;19;1
202200044085;735 458;7;0;1;2;1;2
202200044086;735 455;1;0;2;1;0;5
202200044086;735 457;7;0;2;1;9;1
202200044087;735 456;10;0;1;1;2;1
202200044088;735 454;7;0;1;1;1;1
202200044089;735 453;33;0;0;7;0;1
202200044090;735 451;7;0;1;1;2;1
202200044091;735 450;7;0;1;1;15;1
202200044092;735 445;1;0;2;2;1;5
202200044092;735 447;7;0;2;8;22;1
202200044093;735 446;7;0;2;4;1;1
202200044093;735 448;7;0;2;4;1;1
202200044093;735 449;7;0;2;1;1;1
202200044093;735 452;7;0;2;4;1;1
202200044094;735 443;7;0;1;3;1;1
202200044095;735 442;7;0;2;8;13;1
202200044095;735 444;7;0;2;7;1;1
202200044096;735 440;7;0;2;4;2;1
202200044096;735 441;7;0;2;1;2;1
202200044097;735 438;7;0;2;2;17;1
202200044098;735 436;7;0;2;3;12;1
202200044098;735 437;7;0;2;5;1;1
202200044098;735 439;7;0;2;4;1;1
202200044099;735 433;7;0;2;7;15;1
202200044099;735 435;32;0;2;2;1;1
202200044100;735 431;7;0;2;1;2;1
202200044100;735 432;7;0;2;4;2;1
202200044100;735 434;7;0;2;4;2;1
202200044101;735 429;32;0;2;1;17;1
202200044101;735 430;7;0;2;6;15;1
202200044102;735 427;30;0;2;1;1;1
202200044102;735 428;7;0;2;2;15;1
202200044103;735 425;30;0;1;1;5;1
202200044104;735 424;7;0;1;1;26;1
202200044105;735 422;80;9;0;7;11;3
202200044106;735 421;31;0;2;4;1;1
202200044106;735 423;10;0;2;1;1;1
202200044107;735 420;1;0;0;0;13;5
202200044108;735 418;32;0;0;7;1;1
202200044109;735 417;7;0;2;3;1;1
202200044109;735 419;33;1;2;2;17;1
202200044110;735 414;7;0;2;5;23;1
202200044110;735 415;80;0;2;1;2;3
202200044111;735 413;30;0;2;8;18;1
202200044111;735 416;7;0;2;2;9;1
202200044112;735 411;33;0;2;7;1;1
202200044112;735 412;1;0;2;8;15;5
202200044113;735 410;7;0;1;1;15;1
202200044114;735 409;34;8;0;1;1;1
202200044115;735 407;10;0;1;2;1;3
202200044116;735 406;7;0;2;2;1;1
202200044116;735 408;7;0;2;3;1;1
202200044117;735 404;7;0;2;8;22;1
202200044117;735 405;80;0;2;7;1;3
202200044118;735 402;7;0;0;1;1;1
202200044118;735 403;7;0;2;2;1;1
202200044119;735 400;7;0;2;1;1;1
202200044119;735 401;7;0;2;6;23;2
202200044120;735 395;7;0;2;6;1;2
202200044120;735 398;7;0;2;1;1;1
202200044121;735 394;10;1;2;1;1;1
202200044121;735 396;7;1;2;4;23;1
202200044121;735 397;7;0;2;4;23;1
202200044121;735 399;7;0;2;4;23;1
202200044122;735 391;33;0;2;7;14;1
202200044122;735 393;7;0;2;3;16;1
202200044123;735 389;30;9;2;5;13;1
202200044123;735 390;7;14;0;0;0;1
202200044123;735 392;7;1;0;0;0;1
202200044124;735 388;7;7;0;1;13;1
202200044125;735 387;7;0;1;1;1;1
202200044126;735 386;32;4;2;1;1;1
202200044127;735 384;7;0;2;1;15;1
202200044127;735 385;7;0;2;1;1;1
202200044128;735 383;1;0;1;0;1;5
202200044129;735 380;30;8;0;0;13;3
202200044130;735 377;7;0;2;2;17;1
202200044130;735 378;1;0;2;3;1;5
202200044131;735 376;7;0;1;2;9;1
202200044132;735 373;80;0;2;1;18;3
202200044132;735 375;7;0;2;5;22;0
202200044133;735 372;7;0;2;1;2;1
202200044133;735 374;33;0;2;4;23;1
202200044134;735 369;10;0;2;3;15;1
202200044134;735 371;34;0;2;7;17;1
202200044135;735 368;7;0;2;1;9;1
202200044135;735 370;7;0;2;1;1;1
202200044136;735 366;7;1;0;1;13;1
202200044137;735 365;30;0;2;1;17;1
202200044137;735 367;7;0;2;3;23;2
202200044138;735 364;7;1;0;1;1;1
202200044139;735 360;1;0;2;2;19;5
202200044139;735 362;7;0;2;1;1;0
202200044140;735 357;7;0;2;1;15;0
202200044140;735 359;50;0;2;8;19;3
202200044141;735 356;7;0;2;3;16;1
202200044141;735 358;33;0;2;2;1;1
202200044142;735 354;7;0;1;2;1;1
202200044143;735 352;7;0;2;4;23;1
202200044143;735 353;7;0;2;4;23;1
202200044143;735 355;7;1;0;0;0;1
202200044144;735 349;1;0;2;1;5;5
202200044144;735 351;7;0;2;1;16;2
202200044145;735 348;2;0;2;6;1;1
202200044145;735 350;10;0;2;3;1;1
202200044146;735 345;7;0;2;2;15;1
202200044146;735 347;30;0;2;1;18;1
202200044147;735 344;1;0;2;4;0;5
202200044147;735 346;7;0;2;3;9;1
202200044148;735 341;10;0;2;1;2;1
202200044148;735 342;80;0;2;4;2;3
202200044149;735 340;7;0;2;5;16;1
202200044149;735 343;32;0;2;3;18;3
202200044150;735 337;32;0;2;1;1;1
202200044150;735 339;7;0;2;0;1;0
202200044151;735 336;7;0;2;8;1;1
202200044151;735 338;2;0;2;1;19;1
202200044152;735 332;33;0;2;1;1;1
202200044152;735 334;7;0;2;0;15;1
202200044153;735 333;32;0;2;2;12;3
202200044153;735 335;7;0;2;3;1;1
202200044154;735 330;7;0;2;1;1;1
202200044154;735 331;50;0;2;1;19;3
202200044155;735 327;7;0;2;3;15;1
202200044155;735 329;33;0;2;1;1;1
202200044156;735 326;7;0;2;1;1;3
202200044156;735 328;7;0;2;2;26;1
202200044157;735 325;33;0;1;1;1;1
202200044158;735 322;7;0;2;1;19;1
202200044158;735 324;7;0;2;3;19;1
202200044159;735 321;7;0;2;1;0;0
202200044159;735 323;7;0;2;5;1;1
202200044160;735 318;1;0;2;7;1;5
202200044160;735 320;2;0;2;1;9;1
202200044161;735 316;7;0;2;1;13;1
202200044161;735 317;7;0;2;3;1;1
202200044161;735 319;7;0;2;2;1;1
202200044162;735 315;7;0;1;1;1;1
202200044163;735 313;10;0;2;3;16;1
202200044163;735 314;2;0;2;3;21;1
202200044164;735 311;80;0;2;6;19;3
202200044164;735 312;7;0;2;1;1;1
202200044165;735 310;32;0;1;2;17;1
202200044166;735 308;33;0;0;3;15;1
202200044167;735 307;7;0;2;3;1;1
202200044167;735 309;7;0;2;1;1;1
202200044168;735 304;7;0;1;2;1;1
202200044169;735 302;7;0;2;2;5;1
202200044169;735 303;34;0;2;1;1;1
202200044170;735 298;10;6;2;2;1;1
202200044170;735 300;10;0;2;3;1;0
202200044171;735 299;7;0;2;1;15;1
202200044171;735 301;80;0;2;2;1;3
202200044172;735 297;10;0;1;1;0;1
202200044173;735 294;32;0;2;1;15;1
202200044173;735 295;32;0;2;1;1;1
202200044174;735 293;7;0;0;0;1;1
202200044174;735 296;7;1;2;7;19;1
202200044175;735 291;7;0;2;1;1;1
202200044175;735 292;7;0;2;4;1;1
202200044176;735 288;33;0;2;1;1;1
202200044176;735 289;7;0;2;1;1;1
202200044176;735 290;7;0;2;6;1;2
202200044177;735 286;7;0;2;1;1;1
202200044177;735 287;7;0;2;4;1;1
202200044178;735 283;7;0;2;3;13;1
202200044178;735 284;7;0;2;1;1;1
202200044178;735 285;7;0;2;3;1;1
202200044179;735 281;3;0;2;7;1;1
202200044179;735 282;7;0;2;3;16;2
202200044180;735 279;36;0;2;3;13;1
202200044180;735 280;10;0;2;2;1;1
202200044181;735 277;7;2;0;3;0;1
202200044182;735 276;32;0;2;7;1;1
202200044182;735 278;7;0;2;3;9;1
202200044183;735 275;7;6;0;1;1;1
202200044184;735 273;7;0;2;8;1;1
202200044184;735 274;30;0;2;1;1;1
202200044185;735 271;7;0;0;3;0;1
202200044185;735 272;7;0;0;3;0;1
202200044186;735 269;50;0;2;1;19;3
202200044186;735 270;7;0;9;3;19;1
202200044187;735 268;7;13;0;2;1;1
202200044188;735 266;32;0;2;1;1;1
202200044188;735 267;37;0;2;3;15;1
202200044189;735 264;7;0;2;1;1;1
202200044189;735 265;7;0;2;4;9;1
202200044190;735 262;7;0;2;3;1;1
202200044190;735 263;7;0;2;1;15;1
202200044191;735 260;1;0;2;1;1;5
202200044191;735 261;7;0;0;3;24;1
202200044192;735 258;7;0;2;3;1;1
202200044192;735 259;33;0;2;1;19;1
202200044193;735 256;2;0;2;4;13;1
202200044193;735 257;7;0;2;1;13;1
202200044194;735 253;7;0;2;2;9;1
202200044194;735 255;60;0;2;1;1;5
202200044195;735 252;7;0;2;1;15;1
202200044195;735 254;10;0;2;2;1;1
202200044196;735 250;50;0;2;1;17;3
202200044196;735 251;1;0;2;3;2;5
202200044197;735 248;7;0;2;2;17;1
202200044197;735 249;7;0;2;3;15;1
202200044198;735 246;50;1;2;1;1;3
202200044198;735 247;7;1;2;8;22;1
202200044199;735 245;7;6;0;2;14;1
202200044200;735 243;7;0;2;7;17;1
202200044200;735 244;2;0;2;0;20;1
202200044201;735 242;7;0;1;2;16;1
202200044202;735 240;50;0;2;1;1;3
202200044202;735 241;7;0;2;7;16;1
202200044203;735 239;2;6;0;1;0;1
202200044204;735 238;7;8;0;1;0;1
202200044205;735 237;7;13;0;0;13;1
202200044206;735 230;7;0;2;7;13;1
202200044206;735 231;7;0;2;1;1;1
202200044206;735 232;7;0;2;2;1;1
202200044207;735 228;7;0;2;4;23;1
202200044207;735 229;7;0;2;1;2;1
202200044208;735 226;7;0;2;2;1;1
202200044208;735 227;13;0;2;1;13;1
202200044209;735 225;3;1;0;1;1;1
202200044210;735 223;3;0;2;1;1;1
202200044210;735 224;7;0;2;3;1;1
202200044211;735 221;7;13;0;3;1;1
202200044212;735 220;32;0;2;1;1;1
202200044212;735 222;7;0;2;1;9;1
202200044213;735 219;7;2;0;1;1;1
202200044214;735 217;2;0;0;0;1;1
202200044215;735 216;7;0;2;1;1;1
202200044215;735 218;7;0;2;8;15;1
202200044216;735 215;7;2;0;1;1;1
202200044217;735 213;7;6;0;2;14;1
202200044218;735 212;30;0;2;8;1;1
202200044218;735 214;7;0;2;1;1;1
202200044219;735 211;7;2;0;2;1;1
202200044220;735 210;7;0;1;1;0;1
202200044221;735 208;7;0;0;2;26;0
202200044221;735 209;7;0;2;1;1;0
202200044222;735 206;7;2;0;2;1;1
202200044223;735 205;33;0;2;1;1;1
202200044223;735 207;7;0;2;5;15;1
202200044224;735 204;7;4;0;2;1;1
202200044225;735 203;7;4;0;3;1;1
202200044226;735 202;31;9;0;1;1;1
202200044227;735 199;7;0;2;1;1;1
202200044227;735 201;7;3;0;1;14;1
202200044228;735 196;7;0;2;3;13;1
202200044228;735 198;7;0;2;3;0;1
202200044229;735 195;7;0;2;6;1;1
202200044229;735 197;7;0;2;2;17;1
202200044230;735 193;37;12;0;2;26;1
202200044230;735 194;30;16;0;2;9;1
202200044231;735 189;7;0;2;1;1;1
202200044231;735 191;7;0;2;1;17;1
202200044231;735 192;7;0;2;6;2;1
202200044232;735 188;30;0;2;1;1;1
202200044232;735 190;10;0;2;3;1;1
202200044233;735 184;7;0;2;3;1;1
202200044233;735 187;7;0;2;3;1;0
202200044234;735 185;7;0;2;4;2;1
202200044234;735 186;7;9;2;1;2;1
202200044235;735 183;7;0;1;1;26;1
202200044236;735 181;7;3;0;1;1;1
202200044237;735 180;7;0;2;1;15;1
202200044237;735 182;7;0;2;1;1;1
202200044238;735 178;33;0;2;1;1;1
202200044238;735 179;1;0;2;1;5;5
202200044239;735 177;7;12;0;1;1;1
202200044240;735 176;33;0;6;1;0;1
202200044241;735 175;7;0;1;1;16;1
202200044242;735 172;7;6;0;1;26;1
202200044243;735 173;30;0;2;1;1;1
202200044243;735 174;7;0;0;4;1;1
202200044244;735 169;7;0;2;8;1;1
202200044244;735 171;7;0;2;7;1;1
202200044245;735 168;7;0;2;2;15;1
202200044245;735 170;31;0;2;1;1;1
202200044246;735 164;33;0;2;4;3;1
202200044246;735 166;31;0;2;1;3;1
202200044247;735 163;7;0;2;1;9;1
202200044247;735 165;7;0;2;1;1;1
202200044247;735 167;7;0;2;4;1;1
202200044248;735 161;7;0;2;1;2;1
202200044248;735 162;10;0;2;4;2;1
202200044249;735 157;10;0;2;8;11;1
202200044249;735 159;33;0;2;7;1;1
202200044249;735 160;7;0;2;4;2;1
202200044250;735 156;33;0;2;8;11;1
202200044250;735 158;7;0;2;2;12;1
202200044251;735 153;7;14;0;1;21;1
202200044251;735 154;7;3;0;1;23;1
202200044251;735 155;7;1;0;1;1;1
202200044252;735 150;1;0;2;4;13;5
202200044252;735 152;37;0;2;2;17;2
202200044253;735 149;7;0;2;4;2;1
202200044253;735 151;7;0;2;1;2;1
202200044254;735 147;7;0;2;4;1;1
202200044254;735 148;7;0;2;1;1;1
202200044255;735 146;33;0;0;8;1;1
202200044256;735 143;7;0;2;3;2;2
202200044256;735 145;33;0;2;1;2;1
202200044257;735 144;1;0;0;0;21;5
202200044258;735 141;30;0;9;0;1;3
202200044259;735 139;7;0;2;1;2;1
202200044259;735 140;7;0;2;4;2;1
202200044259;735 142;7;0;2;4;2;1
202200044260;735 137;7;0;1;1;15;1
202200044261;735 136;10;0;2;1;2;1
202200044261;735 138;7;0;2;4;2;1
202200044262;735 134;7;0;2;4;2;1
202200044262;735 135;7;0;2;1;2;1
202200044263;735 133;33;0;1;3;1;1
202200044264;735 130;10;0;1;3;1;1
202200044265;735 129;7;0;2;4;23;1
202200044265;735 131;7;0;2;1;9;1
202200044265;735 132;7;0;2;1;2;1
202200044266;735 126;7;0;2;1;21;1
202200044266;735 128;7;3;0;1;13;1
202200044267;735 125;1;0;2;1;13;5
202200044267;735 127;1;0;2;1;1;5
202200044268;735 123;7;0;2;6;11;1
202200044268;735 124;7;0;2;2;1;1
202200044269;735 122;50;0;0;0;16;3
202200044270;735 121;7;3;0;2;1;2
202200044271;735 118;1;0;2;1;1;5
202200044271;735 120;10;0;2;2;22;1
202200044272;735 117;7;0;2;2;17;1
202200044272;735 119;80;0;2;4;1;3
202200044273;735 116;7;3;0;8;16;2
202200044274;735 115;50;1;0;0;0;3
202200044275;735 113;7;3;0;0;1;1
202200044276;735 111;14;0;2;1;2;1
202200044276;735 114;7;0;2;0;0;1
202200044277;735 110;7;0;2;1;1;0
202200044277;735 112;7;0;2;8;1;3
202200044278;735 108;7;0;2;4;2;1
202200044278;735 109;10;0;2;1;2;1
202200044279;735 104;7;1;2;1;1;1
202200044279;735 105;7;0;2;4;1;1
202200044280;735 106;14;0;2;2;1;1
202200044280;735 107;7;0;2;8;9;1
202200044281;735 102;33;0;2;7;1;1
202200044281;735 103;7;0;2;8;11;1
202200044282;735 099;7;0;2;5;1;1
202200044282;735 101;34;0;1;3;1;1
202200044283;735 100;33;0;0;0;0;1
202200044284;735 098;7;13;0;9;26;1
202200044285;735 096;7;0;2;3;1;1
202200044285;735 097;7;0;2;1;15;1
202200044286;735 094;7;0;2;4;2;1
202200044286;735 095;17;0;2;1;2;1
202200044287;735 090;7;0;2;2;2;1
202200044287;735 092;1;0;2;1;0;5
202200044288;735 091;7;0;2;2;1;1
202200044288;735 093;32;0;2;1;1;1
202200044289;735 087;33;0;0;7;21;1
202200044290;735 086;7;0;2;1;1;1
202200044290;735 088;7;0;2;4;1;1
202200044290;735 089;7;0;2;4;1;1
202200044291;735 083;33;3;2;1;3;1
202200044291;735 085;7;3;2;8;11;1
202200044292;735 082;7;0;2;1;1;1
202200044292;735 084;7;0;2;5;15;2
202200044293;735 078;7;0;2;5;9;1
202200044293;735 080;33;0;2;3;1;1
202200044294;735 075;7;1;0;4;23;2
202200044294;735 076;7;1;0;4;23;1
202200044294;735 077;7;1;0;4;23;1
202200044294;735 079;10;1;0;4;23;1
202200044294;735 081;7;1;0;1;1;2
202200044295;735 072;43;0;2;5;16;1
202200044295;735 074;7;0;2;3;9;1
202200044296;735 069;1;0;0;0;1;5
202200044297;735 067;7;4;2;6;2;1
202200044297;735 068;7;4;2;5;2;1
202200044297;735 070;7;4;2;5;2;1
202200044297;735 071;7;4;2;5;2;1
202200044297;735 073;7;4;2;2;12;1
202200044298;735 066;10;8;0;2;0;1
202200044299;735 062;14;0;2;4;1;1
202200044299;735 064;7;0;2;4;1;1
202200044300;735 063;7;0;2;5;15;1
202200044300;735 065;33;0;2;1;1;1
202200044301;735 061;7;0;1;1;2;1
202200044302;735 059;2;9;0;1;1;1
202200044303;735 058;33;0;2;1;1;1
202200044303;735 060;7;0;2;4;2;1
202200044304;735 053;17;0;2;5;17;1
202200044304;735 056;7;0;2;3;20;1
202200044305;735 055;33;0;2;1;2;1
202200044305;735 057;7;0;2;4;1;1
202200044306;735 052;7;0;2;3;11;1
202200044306;735 054;34;0;2;7;3;1
202200044307;735 048;80;0;2;8;19;3
202200044307;735 050;7;0;9;1;1;1
202200044308;735 047;7;0;2;3;0;1
202200044308;735 051;7;0;2;7;9;1
202200044309;735 046;7;3;2;8;12;1
202200044309;735 049;7;0;2;7;1;1
202200044310;735 042;7;0;2;6;11;1
202200044310;735 044;16;0;2;2;1;1
202200044311;735 040;7;0;2;1;1;1
202200044311;735 043;7;0;2;4;1;1
202200044312;735 041;7;0;2;4;2;1
202200044312;735 045;7;0;2;1;2;1
202200044313;735 038;33;1;0;2;0;1
202200044314;735 036;7;1;2;1;2;1
202200044314;735 039;7;0;2;4;24;1
202200044315;735 035;7;0;2;1;2;1
202200044315;735 037;7;0;2;4;23;1
202200044316;735 033;7;0;9;6;15;1
202200044316;735 034;34;0;2;1;1;1
202200044317;735 031;33;0;2;2;1;1
202200044317;735 032;7;0;2;8;11;1
202200044318;735 027;7;3;2;7;19;1
202200044318;735 029;7;0;2;1;2;1
202200044319;735 028;50;0;2;1;15;3
202200044319;735 030;7;0;2;3;15;1
202200044320;735 026;30;0;1;1;1;1
202200044321;735 024;99;0;9;1;1;1
202200044321;735 025;0;0;2;0;0;0
202200044322;735 023;7;0;1;3;1;1
202200044323;735 022;7;0;1;2;16;1
202200044324;735 019;30;0;2;8;1;1
202200044324;735 021;7;0;2;1;1;1
202200044325;735 020;7;0;1;3;16;1
202200044326;735 017;7;0;1;2;17;1
202200044327;735 016;7;0;2;3;15;1
202200044327;735 018;7;0;2;2;1;2
202200044328;735 013;7;0;2;2;10;1
202200044328;735 015;32;0;2;3;1;1
202200044329;735 010;10;0;1;7;0;6
202200044330;735 009;7;0;1;4;20;1
202200044331;735 007;7;13;0;0;21;1
202200044332;735 008;7;0;2;4;1;1
202200044332;735 011;7;0;2;4;23;2
202200044332;735 014;7;0;2;1;1;1
202200044333;735 004;7;0;1;4;0;1
202200044334;735 006;50;0;0;0;0;3
202200044335;735 002;2;0;2;3;1;1
202200044335;735 003;7;0;2;5;16;1
202200044336;735 001;7;0;2;3;19;2
202200044336;735 005;33;6;2;1;1;1
202200044337;735 000;50;0;0;0;1;3
202200044338;734 998;7;0;2;3;9;1
202200044338;734 999;30;0;2;1;17;1
202200044339;734 996;30;0;0;3;1;1
202200044340;734 994;33;0;2;1;17;1
202200044340;734 997;7;0;2;8;15;1
202200044341;734 992;7;9;2;7;12;1
202200044341;734 995;32;9;2;1;1;1
202200044342;734 989;7;0;2;1;1;2
202200044342;734 993;32;0;2;7;5;1
202200044343;734 988;7;0;2;0;15;1
202200044343;734 990;2;0;2;8;1;1
202200044344;734 987;10;0;1;2;1;1
202200044345;734 986;7;0;0;1;26;1
202200044346;734 984;7;0;0;2;1;1
202200044347;734 983;33;0;2;1;1;1
202200044347;734 985;7;0;2;7;15;1
202200044348;734 982;33;13;0;1;1;1
202200044349;734 979;1;0;2;7;2;0
202200044349;734 981;7;0;2;1;0;1
202200044350;734 978;7;0;1;3;1;1
202200044351;734 977;7;0;2;3;9;1
202200044351;734 980;1;0;2;1;1;5
202200044352;734 975;33;0;0;8;1;1
202200044353;734 971;7;0;2;2;17;1
202200044353;734 973;10;0;0;6;1;1
202200044353;734 976;7;0;0;0;2;1
202200044354;734 969;7;8;0;7;14;1
202200044355;734 970;33;0;2;7;17;1
202200044355;734 972;7;0;2;8;23;1
202200044356;734 968;7;0;1;1;1;1
202200044357;734 967;7;0;0;0;1;1
202200044358;734 963;10;0;2;1;1;0
202200044358;734 966;7;0;2;3;1;1
202200044359;734 965;7;14;0;1;26;1
202200044360;734 961;7;6;0;1;14;1
202200044361;734 960;10;0;9;6;23;1
202200044361;734 962;1;1;0;1;1;5
202200044362;734 959;33;0;0;2;2;1
202200044363;734 957;7;0;2;4;1;1
202200044363;734 958;7;0;2;1;1;1
202200044364;734 956;7;4;0;3;1;1
202200044365;734 953;32;0;2;6;23;1
202200044365;734 955;7;0;2;6;2;3