Num_Acc;id_vehicule;catv;obs;obsm;choc;manv;motor
202200044764;734 257;21;0;2;1;23;1
202200044764;734 260;17;0;2;1;1;1
202200044764;734 262;17;0;2;1;21;1
202200044765;734 253;7;0;2;3;13;1
202200044765;734 256;33;0;2;1;17;1
202200044766;734 254;7;9;0;3;1;1
202200044767;734 252;7;15;0;9;1;1
202200044768;734 251;7;0;2;8;15;1
202200044768;734 255;33;0;2;1;1;1
202200044769;734 250;7;13;0;2;13;1
202200044770;734 247;7;13;0;3;21;1
202200044771;734 246;7;0;2;3;0;1
202200044771;734 248;7;0;2;3;5;1
202200044772;734 245;34;0;2;1;1;1
202200044772;734 249;7;0;2;3;16;1
202200044773;734 242;33;0;6;1;1;1
202200044774;734 239;33;0;1;1;17;1
202200044775;734 238;2;9;2;7;1;1
202200044775;734 243;7;0;2;1;19;1
202200044776;734 237;31;0;2;1;13;1
202200044776;734 241;33;0;2;1;1;1
202200044777;734 232;7;8;0;1;1;1
202200044778;734 235;30;0;2;1;1;1
202200044778;734 240;7;0;2;5;15;1
202200044779;734 233;33;13;0;9;1;1
202200044780;734 234;7;0;2;2;20;1
202200044780;734 236;2;0;2;1;1;1
202200044781;734 230;20;0;2;1;1;1
202200044781;734 231;1;0;2;4;1;5
202200044782;734 228;7;0;9;7;15;1
202200044782;734 229;1;0;2;1;1;5
202200044783;734 224;33;0;2;1;1;1
202200044783;734 227;7;0;2;7;15;1
202200044784;734 223;7;7;2;3;21;1
202200044784;734 226;7;0;0;6;15;1
202200044785;734 221;7;16;0;2;0;6
202200044785;734 225;7;2;0;3;0;1
202200044786;734 219;50;16;0;0;1;3
202200044787;734 220;33;0;2;2;13;1
202200044787;734 222;7;0;2;2;1;1
202200044788;734 214;33;0;2;9;1;1
202200044788;734 217;7;0;2;3;1;1
202200044789;734 215;7;0;2;1;13;1
202200044789;734 218;7;0;2;1;1;1
202200044790;734 213;7;0;2;1;5;1
202200044790;734 216;7;0;2;1;1;1
202200044791;734 211;7;9;1;7;20;2
202200044792;734 210;33;13;0;0;1;1
202200044793;734 209;7;0;1;3;1;1
202200044794;734 208;7;15;2;1;19;1
202200044794;734 212;7;0;2;7;1;1
202200044795;734 207;7;13;0;6;14;1
202200044796;734 201;10;6;0;1;1;1
202200044797;734 200;33;0;2;8;1;1
202200044797;734 204;7;0;2;6;13;1
202200044798;734 202;7;0;2;3;15;1
202200044798;734 206;33;0;2;1;1;1
202200044799;734 199;7;0;2;1;1;1
202200044799;734 203;7;0;2;6;1;1
202200044800;734 198;7;0;2;7;15;1
202200044800;734 205;7;0;2;1;1;3
202200044801;734 195;33;3;0;2;14;1
202200044802;734 194;10;2;0;3;1;1
202200044803;734 191;33;0;2;8;1;1
202200044803;734 196;7;0;2;7;17;0
202200044804;734 192;33;0;2;1;1;1
202200044804;734 197;7;0;2;3;19;1
202200044805;734 190;7;0;9;2;16;1
202200044805;734 193;2;0;2;1;18;1
202200044806;734 187;2;0;2;1;1;1
202200044806;734 189;7;0;0;2;15;1
202200044807;734 184;7;0;2;1;1;1
202200044807;734 188;31;0;2;8;9;1
202200044808;734 186;7;0;1;3;1;1
202200044809;734 182;7;0;2;8;15;1
202200044809;734 185;2;0;2;7;17;1
202200044810;734 180;7;13;0;1;1;1
202200044811;734 179;7;0;2;1;15;1
202200044811;734 181;7;0;2;1;1;2
202200044811;734 183;7;0;2;8;23;1
202200044812;734 178;7;0;2;2;1;1
202200044813;734 177;7;13;0;2;14;1
202200044814;734 176;7;6;0;1;1;1
202200044815;734 173;7;1;2;1;21;1
202200044816;734 174;7;0;1;1;1;1
202200044817;734 172;1;0;2;1;1;5
202200044817;734 175;7;0;2;2;15;1
202200044818;734 169;10;0;2;8;1;1
202200044818;734 171;2;0;2;1;13;1
202200044819;734 166;7;9;1;2;26;1
202200044820;734 165;38;0;1;2;16;1
202200044821;734 164;7;7;2;6;1;1
202200044821;734 167;7;0;2;1;1;1
202200044821;734 170;7;0;2;1;1;1
202200044822;734 163;7;0;2;6;17;1
202200044822;734 168;7;0;2;3;1;1
202200044823;734 162;33;2;0;3;1;1
202200044824;734 161;7;13;0;3;13;2
202200044825;734 159;7;2;0;1;16;1
202200044826;734 155;7;16;0;0;1;1
202200044827;734 156;13;0;0;4;2;1
202200044827;734 158;7;0;2;1;2;1
202200044828;734 157;7;0;2;4;15;1
202200044828;734 160;7;0;2;1;2;1
202200044829;734 154;7;0;0;9;1;1
202200044830;734 152;7;15;0;3;13;1
202200044830;734 153;7;0;0;3;13;1
202200044831;734 149;7;8;0;0;14;1
202200044832;734 148;20;0;2;1;-1;-1
202200044832;734 151;7;0;2;1;0;-1
202200044833;734 146;7;3;0;2;1;1
202200044834;734 145;7;0;2;3;5;1
202200044834;734 150;17;0;2;8;1;1
202200044835;734 144;7;1;0;4;23;1
202200044835;734 147;7;1;2;1;1;1
202200044836;734 138;33;0;2;4;2;1
202200044836;734 142;33;0;2;1;2;1
202200044837;734 140;7;2;0;1;0;1
202200044838;734 137;7;8;2;3;19;1
202200044838;734 143;7;12;2;2;1;1
202200044839;734 136;7;0;0;3;9;1
202200044839;734 141;2;0;2;1;5;1
202200044840;734 135;7;0;2;3;13;1
202200044840;734 139;7;0;2;3;1;1
202200044841;734 132;33;0;0;9;1;1
202200044842;734 129;7;0;2;1;15;1
202200044842;734 134;33;0;2;8;1;1
202200044843;734 131;7;0;2;2;1;1
202200044843;734 133;2;0;2;7;17;1
202200044844;734 130;7;8;0;1;1;1
202200044845;734 128;7;8;0;1;1;1
202200044846;734 127;7;8;0;3;2;1
202200044847;734 124;7;16;0;0;1;1
202200044848;734 126;15;0;1;0;1;1
202200044849;734 123;7;0;2;4;2;1
202200044849;734 125;33;0;0;1;2;1
202200044850;734 122;7;12;0;1;14;1
202200044851;734 121;7;0;1;7;1;1
202200044852;734 116;50;0;2;8;25;3
202200044852;734 120;50;0;2;1;25;3
202200044853;734 115;7;0;0;8;15;1
202200044853;734 119;7;15;1;2;0;1
202200044854;734 114;7;15;2;1;13;1
202200044854;734 117;10;6;2;1;1;1
202200044855;734 112;10;0;2;3;1;1
202200044855;734 113;7;0;2;6;11;1
202200044855;734 118;33;0;0;7;17;1
202200044856;734 110;7;2;0;1;1;1
202200044857;734 108;2;17;0;1;1;1
202200044858;734 109;7;6;0;1;1;1
202200044859;734 107;33;0;2;2;17;1
202200044859;734 111;10;0;2;3;13;1
202200044860;734 105;10;13;0;0;0;1
202200044861;734 103;2;0;2;1;5;1
202200044861;734 106;2;0;2;1;1;1
202200044862;734 100;10;0;1;3;15;1
202200044863;734 099;1;0;2;1;1;5
202200044863;734 102;7;0;2;1;13;3
202200044864;734 098;7;0;2;8;15;1
202200044864;734 101;99;0;2;8;1;1
202200044864;734 104;33;0;2;1;21;1
202200044865;734 094;10;0;1;2;1;2
202200044866;734 093;10;7;0;1;1;1
202200044867;734 091;80;0;2;1;1;3
202200044867;734 097;7;0;2;1;9;2
202200044868;734 090;7;0;2;1;1;1
202200044868;734 096;7;13;2;8;9;1
202200044869;734 088;7;0;9;1;1;1
202200044869;734 089;1;0;2;7;19;5
202200044870;734 092;15;0;2;2;17;1
202200044870;734 095;7;0;0;3;15;1
202200044871;734 083;7;1;2;1;1;1
202200044871;734 087;7;0;2;1;23;3
202200044872;734 081;7;0;2;2;1;1
202200044872;734 086;33;0;2;3;18;1
202200044873;734 079;7;0;2;2;5;1
202200044873;734 082;7;0;2;2;1;2
202200044874;734 076;7;13;0;2;14;1
202200044875;734 077;2;0;2;4;1;1
202200044875;734 080;7;0;2;1;1;1
202200044876;734 075;7;0;2;8;11;1
202200044876;734 078;7;0;2;1;1;1
202200044877;734 071;7;10;0;1;14;1
202200044878;734 072;31;0;2;1;17;1
202200044878;734 074;7;0;2;1;1;1
202200044879;734 068;30;0;2;1;2;1
202200044879;734 070;7;0;2;4;2;1
202200044880;734 069;7;0;2;1;6;1
202200044880;734 073;7;8;2;8;1;2
202200044881;734 067;7;0;0;9;1;1
202200044882;734 062;7;0;2;3;2;1
202200044882;734 066;7;0;2;3;2;1
202200044883;734 063;7;1;0;8;26;1
202200044884;734 059;10;0;2;3;0;1
202200044884;734 064;33;0;2;8;0;1
202200044885;734 058;7;0;2;8;10;1
202200044885;734 065;34;0;2;1;17;1
202200044886;734 060;7;0;2;3;15;1
202200044886;734 061;7;0;2;2;17;1
202200044887;734 053;7;6;0;1;14;1
202200044888;734 057;2;1;0;2;1;1
202200044889;734 054;50;0;2;0;0;3
202200044889;734 056;3;0;2;1;26;1
202200044890;734 052;7;0;2;3;1;1
202200044890;734 055;7;0;2;3;1;1
202200044891;734 048;10;0;0;5;15;1
202200044891;734 051;7;0;2;3;1;1
202200044892;734 044;33;0;2;1;3;1
202200044892;734 047;10;0;2;2;1;1
202200044892;734 050;7;0;2;3;1;1
202200044893;734 045;1;0;2;7;1;5
202200044893;734 049;7;0;2;1;26;1
202200044894;734 042;7;0;2;1;17;1
202200044894;734 046;7;0;2;8;15;1
202200044895;734 040;7;6;1;2;15;1
202200044896;734 041;33;8;0;1;1;1
202200044897;734 038;7;1;0;2;15;2
202200044898;734 037;7;0;1;2;1;0
202200044899;734 036;7;13;0;8;1;1
202200044900;734 035;7;0;2;1;1;1
202200044900;734 039;7;0;2;8;1;1
202200044901;734 030;21;0;2;3;19;1
202200044901;734 033;30;0;2;1;1;1
202200044902;734 029;15;0;0;4;2;1
202200044902;734 031;15;0;2;1;2;6
202200044903;734 028;7;4;0;4;1;1
202200044903;734 032;7;0;2;1;2;1
202200044904;734 026;7;14;0;0;1;1
202200044905;734 025;7;0;2;2;16;1
202200044905;734 027;1;0;2;0;1;5
202200044906;734 022;7;0;2;5;2;1
202200044906;734 024;2;0;2;4;2;1
202200044907;734 021;7;2;0;6;1;0
202200044908;734 019;7;0;2;7;19;1
202200044908;734 023;7;0;2;1;1;1
202200044909;734 018;7;0;9;3;15;1
202200044909;734 020;1;0;2;1;1;5
202200044910;734 015;33;0;6;1;1;1
202200044911;734 012;7;0;2;0;16;1
202200044911;734 017;1;8;2;1;5;5
202200044912;734 014;7;0;2;4;23;1
202200044912;734 016;7;0;2;1;2;0
202200044913;734 010;7;6;0;9;17;1
202200044914;734 011;17;0;2;2;12;1
202200044914;734 013;7;0;2;8;1;1
202200044915;734 005;30;0;0;8;21;1
202200044915;734 007;7;0;0;0;22;1
202200044916;734 002;7;2;0;1;1;1
202200044917;734 001;7;0;0;1;0;1
202200044917;734 003;7;0;2;1;5;1
202200044917;734 006;7;0;2;1;5;1
202200044918;734 004;7;0;2;8;23;1
202200044918;734 008;7;0;2;1;1;1
202200044918;734 009;7;0;2;1;17;1
202200044919;733 997;32;0;1;1;1;3
202200044920;733 999;7;0;2;1;0;1
202200044920;734 000;7;0;2;4;2;1
202200044921;733 996;7;0;9;1;1;1
202200044921;733 998;1;0;2;7;1;5
202200044922;733 992;2;0;0;0;16;1
202200044923;733 991;7;0;2;1;1;1
202200044923;733 995;7;0;2;2;15;1
202200044924;733 989;7;0;2;8;2;1
202200044924;733 994;33;0;2;5;23;1
202200044925;733 986;7;0;2;1;2;1
202200044925;733 988;10;0;2;4;2;1
202200044925;733 993;7;0;2;4;1;1
202200044926;733 985;14;0;2;1;2;1
202200044926;733 987;10;0;2;1;2;1
202200044926;733 990;7;0;0;4;2;1
202200044927;733 984;7;0;0;0;1;1
202200044928;733 983;33;0;0;0;1;1
202200044929;733 979;50;0;2;1;1;3
202200044929;733 982;7;0;2;3;20;1
202200044930;733 978;7;6;0;7;1;1
202200044931;733 977;10;0;2;7;9;1
202200044931;733 981;33;0;2;2;1;1
202200044932;733 975;7;0;2;4;23;1
202200044932;733 980;15;1;0;2;2;1
202200044933;733 973;7;0;1;2;9;1
202200044934;733 971;7;0;2;7;1;1
202200044934;733 974;7;0;2;1;1;1
202200044935;733 970;7;0;2;1;13;1
202200044936;733 968;31;3;0;0;0;1
202200044937;733 965;7;0;2;2;12;1
202200044937;733 967;32;0;2;8;3;1
202200044937;733 969;7;0;2;3;1;1
202200044938;733 964;30;0;2;1;7;1
202200044938;733 966;10;0;2;7;15;1
202200044939;733 959;34;14;0;1;14;1
202200044940;733 958;10;0;2;4;14;1
202200044940;733 961;7;0;2;4;1;1
202200044941;733 960;33;0;2;1;17;1
202200044941;733 963;21;0;2;8;13;1
202200044942;733 955;7;0;2;2;15;1
202200044942;733 957;2;0;2;1;1;1
202200044943;733 951;7;0;2;7;15;2
202200044943;733 953;33;0;2;1;1;1
202200044944;733 950;7;0;2;1;2;1
202200044944;733 954;2;0;2;4;2;1
202200044945;733 949;7;4;2;1;2;1
202200044945;733 956;7;3;0;4;2;1
202200044946;733 952;7;0;0;8;15;1
202200044946;733 962;33;0;2;1;1;1
202200044947;733 948;7;0;0;1;1;1
202200044948;733 947;30;12;0;1;17;3
202200044949;733 944;7;0;2;4;1;1
202200044949;733 946;7;8;2;1;26;1
202200044950;733 943;2;0;0;0;26;0
202200044951;733 939;7;0;2;3;1;2
202200044951;733 942;7;0;2;3;13;1
202200044951;733 945;7;0;2;8;1;1
202200044952;733 940;7;3;0;2;1;1
202200044953;733 937;31;0;2;2;1;1
202200044953;733 941;80;0;2;1;1;3
202200044954;733 935;7;0;2;8;11;1
202200044954;733 938;33;0;2;7;3;1
202200044955;733 936;32;0;0;7;1;1
202200044956;733 933;7;1;0;3;1;1
202200044957;733 932;31;0;0;0;0;1
202200044957;733 934;7;0;0;0;0;1
202200044958;733 931;7;0;1;3;1;1
202200044959;733 928;7;0;2;4;1;1
202200044959;733 930;7;0;2;1;1;1
202200044960;733 926;7;0;2;1;1;1
202200044960;733 929;7;0;2;3;13;1
202200044961;733 921;7;0;9;2;1;1
202200044961;733 924;7;0;2;0;9;1
202200044962;733 922;7;8;2;9;1;1
202200044962;733 927;7;8;2;1;1;1
202200044963;733 920;33;0;2;1;1;1
202200044963;733 925;7;0;2;7;15;1
202200044964;733 918;7;0;2;4;1;1
202200044964;733 919;7;0;2;5;1;1
202200044964;733 923;7;0;2;1;1;1
202200044965;733 916;10;0;1;2;15;1
202200044966;733 912;7;13;2;8;0;1
202200044966;733 917;7;0;2;8;13;1
202200044967;733 911;7;0;2;3;9;1
202200044967;733 914;31;0;2;1;13;1
202200044968;733 910;7;0;2;1;1;2
202200044968;733 915;7;0;2;4;2;1
202200044969;733 907;33;0;0;1;1;1
202200044970;733 908;50;0;1;1;1;3
202200044971;733 904;7;0;1;3;1;1
202200044972;733 906;33;0;0;9;1;1
202200044973;733 905;7;0;2;4;2;1
202200044973;733 909;7;0;2;4;2;1
202200044973;733 913;7;0;2;1;2;1
202200044974;733 903;7;13;0;1;17;1
202200044975;733 902;7;0;1;4;4;1
202200044976;733 898;7;0;2;1;26;1
202200044976;733 901;7;0;2;4;2;1
202200044977;733 897;7;0;2;1;2;1
202200044977;733 899;7;0;2;4;2;2
202200044978;733 894;30;0;2;1;17;1
202200044978;733 896;7;0;2;8;1;1
202200044979;733 892;7;0;2;7;1;1
202200044979;733 900;7;0;2;3;1;1
202200044980;733 891;10;0;2;8;1;1
202200044980;733 895;7;0;2;2;19;1
202200044981;733 890;7;0;2;3;2;1
202200044981;733 893;30;0;2;1;26;1
202200044982;733 889;7;0;1;1;1;1
202200044983;733 887;7;0;2;1;1;0
202200044983;733 888;43;0;2;1;1;1
202200044984;733 885;3;1;0;3;1;0
202200044985;733 886;7;13;0;1;1;1
202200044986;733 882;33;0;2;3;11;1
202200044986;733 884;7;0;2;3;2;1
202200044987;733 878;7;0;2;2;1;1
202200044987;733 883;7;0;2;1;15;1
202200044988;733 877;7;0;2;4;17;1
202200044988;733 881;7;0;2;1;2;1
202200044989;733 874;7;0;2;1;0;1
202200044989;733 876;7;0;2;1;0;1
202200044990;733 873;7;0;2;1;1;1
202200044990;733 879;33;0;2;8;1;1
202200044991;733 869;7;0;1;2;5;1
202200044992;733 871;7;0;2;3;1;1
202200044992;733 872;2;0;2;1;13;1
202200044993;733 867;7;0;2;0;15;1
202200044993;733 870;13;0;2;1;2;1
202200044994;733 864;2;0;0;0;1;1
202200044995;733 862;10;0;2;4;2;1
202200044995;733 865;7;0;2;1;2;1
202200044996;733 861;7;0;2;3;13;1
202200044996;733 863;7;0;2;3;0;1
202200044997;733 858;7;13;0;1;1;1
202200044998;733 857;7;0;2;2;15;1
202200044998;733 860;2;0;2;1;18;1
202200044999;733 859;21;0;0;0;1;1
202200045000;733 855;7;0;2;8;1;1
202200045000;733 856;15;0;2;7;12;1
202200045001;733 853;7;12;0;2;1;1
202200045002;733 851;33;0;6;8;1;1
202200045003;733 852;33;0;1;0;1;1
202200045004;733 850;10;0;2;4;2;1
202200045004;733 854;7;0;2;1;2;1
202200045005;733 847;32;0;2;3;1;1
202200045005;733 849;33;0;2;2;26;1
202200045006;733 845;7;0;2;3;13;1
202200045006;733 848;43;0;2;2;1;1
202200045007;733 842;7;3;2;1;2;1
202200045007;733 846;7;0;2;4;1;1
202200045008;733 841;7;0;2;3;19;1
202200045008;733 843;50;0;2;1;1;3
202200045009;733 838;10;0;2;7;1;1
202200045009;733 840;7;0;2;1;9;1
202200045009;733 844;7;0;2;4;1;0
202200045010;733 836;7;0;2;8;11;1
202200045010;733 839;38;0;2;7;1;1
202200045011;733 837;7;0;1;2;0;0
202200045012;733 832;10;0;2;1;1;3
202200045012;733 835;10;0;2;4;4;1
202200045013;733 831;33;4;0;1;1;1
202200045014;733 825;7;0;2;3;13;1
202200045014;733 829;7;0;2;3;1;1
202200045014;733 834;99;0;2;1;1;1
202200045015;733 827;7;2;2;1;18;1
202200045015;733 833;7;0;2;7;16;1
202200045016;733 824;7;0;0;0;0;1
202200045016;733 828;7;0;0;0;0;1
202200045016;733 830;30;0;0;4;1;1
202200045017;733 823;1;0;2;1;1;5
202200045017;733 826;7;0;2;1;9;1
202200045018;733 821;7;0;2;2;12;1
202200045018;733 822;7;0;2;8;1;1
202200045019;733 817;99;0;2;1;13;1
202200045019;733 820;7;0;2;8;15;1
202200045020;733 816;7;2;0;0;26;1
202200045021;733 814;7;0;0;0;0;0
202200045021;733 818;30;0;0;8;1;0
202200045022;733 813;10;0;2;1;2;1
202200045022;733 815;7;0;2;1;2;1
202200045023;733 812;7;0;2;1;1;1
202200045023;733 819;10;0;2;2;1;1
202200045024;733 811;30;0;0;0;9;1
202200045025;733 808;34;0;1;2;1;1
202200045026;733 807;17;0;2;4;23;1
202200045026;733 809;14;1;0;2;9;1
202200045027;733 806;30;0;2;2;1;1
202200045027;733 810;7;0;2;3;1;1
202200045028;733 805;7;7;0;3;14;1
202200045029;733 803;7;0;2;2;1;1
202200045029;733 804;7;0;2;2;5;1
202200045030;733 801;3;15;0;1;13;1
202200045031;733 799;7;4;2;1;2;1
202200045031;733 802;7;0;2;1;1;2
202200045032;733 796;10;0;2;7;15;1
202200045032;733 798;2;0;2;1;1;1
202200045033;733 793;30;0;2;2;1;1
202200045033;733 797;7;0;2;3;20;1
202200045034;733 795;7;0;2;1;1;1
202200045034;733 800;7;0;2;3;15;1
202200045035;733 791;37;0;0;1;9;1
202200045035;733 794;7;0;0;4;9;1
202200045036;733 790;31;6;2;1;1;1
202200045036;733 792;10;6;2;6;1;1
202200045037;733 788;1;0;0;0;1;5
202200045038;733 782;10;0;2;1;1;1
202200045038;733 785;7;0;2;4;1;1
202200045039;733 783;7;0;2;7;15;1
202200045039;733 786;1;0;2;0;1;5
202200045040;733 779;2;0;0;0;14;1
202200045041;733 777;7;14;0;4;23;1
202200045041;733 778;7;14;0;4;23;1
202200045041;733 780;10;14;0;0;23;1
202200045041;733 784;7;14;0;1;2;1
202200045042;733 775;7;2;0;2;14;1
202200045043;733 772;10;0;2;6;1;1
202200045043;733 776;7;0;2;2;12;1
202200045044;733 771;50;0;2;0;0;3
202200045044;733 774;7;0;2;5;1;1
202200045045;733 770;50;0;0;0;25;3
202200045046;733 768;7;0;0;2;1;2
202200045046;733 773;43;0;2;3;3;1
202200045047;733 765;7;0;1;1;1;1
202200045048;733 763;7;3;0;0;0;1
202200045049;733 764;31;0;2;2;1;1
202200045049;733 766;7;0;2;8;21;1
202200045050;733 762;7;0;1;7;1;1
202200045051;733 761;7;0;1;1;2;1
202200045052;733 760;7;0;9;1;1;1
202200045053;733 758;7;0;1;2;16;1
202200045054;733 757;7;4;0;9;1;1
202200045055;733 756;3;4;0;0;0;1
202200045056;733 755;7;0;2;3;2;1
202200045056;733 759;2;0;2;1;5;1
202200045057;733 754;40;0;1;1;26;3
202200045058;733 751;7;3;0;9;1;1
202200045059;733 749;32;0;2;0;0;1
202200045059;733 752;60;0;2;2;15;5
202200045060;733 750;37;0;2;1;1;1
202200045060;733 753;30;0;2;1;17;1
202200045061;733 748;7;13;0;9;15;1
202200045062;733 744;7;0;0;3;0;1
202200045062;733 747;7;0;0;6;9;1
202200045063;733 745;2;1;0;2;1;1
202200045064;733 742;1;0;2;8;19;5
202200045064;733 746;7;0;2;1;16;1
202200045065;733 739;7;2;0;1;26;1
202200045066;733 736;31;0;2;2;26;1
202200045066;733 741;7;0;2;3;19;1
202200045067;733 735;7;0;2;1;16;1
202200045067;733 738;80;0;2;7;19;3
202200045068;733 733;7;0;2;1;19;1
202200045068;733 737;7;0;2;3;1;1
202200045069;733 727;1;0;2;1;2;5
202200045069;733 730;1;0;0;4;2;5
202200045070;733 726;30;0;0;0;26;1
202200045071;733 729;32;0;1;1;1;1
202200045072;733 724;7;0;2;1;2;1
202200045072;733 725;7;0;0;4;2;1
202200045072;733 728;7;0;2;4;2;1
202200045072;733 731;7;0;2;4;2;1
202200045073;733 722;31;0;0;0;1;1
202200045074;733 721;2;0;0;8;1;1
202200045075;733 720;7;0;2;3;15;1
202200045075;733 723;33;0;2;1;17;1
202200045076;733 719;7;2;0;0;13;1
202200045077;733 716;7;0;2;4;1;1
202200045077;733 718;7;0;2;1;1;1
202200045078;733 715;7;4;0;1;1;1
202200045079;733 732;7;0;2;1;2;1
202200045079;733 734;1;0;0;4;13;5
202200045080;733 717;50;0;1;1;9;3
202200045081;733 712;7;0;2;1;13;1
202200045081;733 714;7;0;2;8;1;1
202200045082;733 708;17;13;0;0;1;1
202200045083;733 706;1;0;2;1;0;0
202200045083;733 709;7;0;2;2;0;1
202200045084;733 704;2;0;2;1;1;1
202200045084;733 707;7;0;2;7;15;1
202200045085;733 703;7;0;2;2;15;1
202200045085;733 705;7;0;2;8;1;1
202200045085;733 710;7;0;2;8;1;1
202200045086;733 701;1;0;1;1;1;5
202200045087;733 699;30;8;0;1;1;1
202200045088;733 696;7;3;2;3;5;1
202200045088;733 698;7;0;2;3;1;1
202200045089;733 695;7;0;2;2;1;1
202200045089;733 697;7;0;2;3;15;1
202200045090;733 692;2;0;2;0;1;1
202200045090;733 694;10;0;2;1;0;1
202200045091;733 690;7;0;2;7;24;2
202200045091;733 693;80;0;2;8;2;3
202200045092;733 689;7;13;0;7;1;1
202200045093;733 687;7;13;0;0;1;1
202200045094;733 682;7;0;2;1;1;1
202200045094;733 686;7;0;2;1;1;1
202200045095;733 683;7;0;2;3;15;1
202200045095;733 685;2;0;2;1;1;1
202200045096;733 680;7;0;2;4;24;1
202200045096;733 684;37;0;2;3;1;2
202200045096;733 688;7;0;2;2;1;1
202200045097;733 678;7;0;2;4;2;1
202200045097;733 679;7;0;2;1;1;1
202200045098;733 676;33;0;2;1;1;1
202200045098;733 681;7;0;2;3;16;1
202200045099;733 673;33;1;0;0;1;1
202200045100;733 674;50;0;2;1;19;3
202200045100;733 677;7;0;2;3;16;1
202200045101;733 672;33;0;2;1;1;1
202200045101;733 675;7;0;2;5;15;1
202200045102;733 670;80;0;0;0;1;3
202200045103;733 671;7;6;0;2;14;1
202200045104;733 667;7;0;0;1;26;1
202200045105;733 665;7;0;2;1;1;1
202200045105;733 668;7;11;2;7;13;1
202200045106;733 663;7;0;2;1;1;1
202200045106;733 666;80;0;2;8;1;3
202200045107;733 661;14;0;2;1;1;1
202200045107;733 664;7;0;2;7;13;1
202200045108;733 662;7;4;0;1;12;1
202200045109;733 659;7;0;2;1;1;1
202200045109;733 660;99;0;2;2;5;3
202200045110;733 656;7;0;9;4;23;1
202200045110;733 657;2;0;2;1;2;1
202200045111;733 658;7;0;0;5;15;1
202200045111;733 669;33;0;2;1;1;1
202200045112;733 653;7;8;0;1;13;1
202200045113;733 654;33;4;0;8;13;1
202200045114;733 650;7;1;0;1;13;1
202200045115;733 649;33;0;2;1;17;1
202200045115;733 651;7;0;2;1;0;2
202200045116;733 648;7;13;0;8;13;1
202200045117;733 647;7;0;2;1;1;1
202200045117;733 652;7;8;2;7;19;1
202200045118;733 646;80;0;0;0;1;3
202200045119;733 640;7;0;2;1;1;1
202200045119;733 645;7;0;2;1;1;1
202200045120;733 641;7;13;2;3;13;1
202200045120;733 643;7;0;2;3;1;1
202200045121;733 639;99;0;1;1;16;3
202200045122;733 638;7;0;2;3;13;1
202200045122;733 642;7;0;2;3;1;1
202200045123;733 636;30;12;0;1;14;1
202200045124;733 635;7;0;2;1;1;1
202200045124;733 637;7;0;2;4;23;1
202200045125;733 634;7;6;0;1;13;2
202200045126;733 633;7;0;2;1;1;1
202200045126;733 644;10;0;2;7;1;1
202200045127;733 631;33;0;2;1;1;1
202200045127;733 632;7;0;2;3;9;1
202200045128;733 628;2;0;0;0;0;0
202200045129;733 627;7;0;1;3;1;1
202200045130;733 626;30;0;2;3;1;1
202200045130;733 630;7;0;2;3;15;1
202200045131;733 623;30;0;2;4;1;1
202200045131;733 625;7;0;2;1;1;1
202200045132;733 622;7;4;0;1;1;1
202200045133;733 617;50;0;0;0;1;3
202200045134;733 618;33;0;2;1;17;1
202200045134;733 621;33;0;2;6;15;1
202200045135;733 616;7;0;1;1;0;1
202200045136;733 619;7;0;2;8;22;1
202200045136;733 620;2;0;2;1;1;1
202200045137;733 614;31;0;0;0;0;1
202200045138;733 613;2;0;-1;0;1;1
202200045139;733 612;36;13;0;1;0;1
202200045140;733 615;7;13;0;2;1;1
202200045141;733 607;33;0;2;0;0;1
202200045141;733 610;7;0;2;3;15;1
202200045142;733 609;33;0;2;1;1;1
202200045142;733 611;7;0;2;1;13;1
202200045143;733 605;7;0;0;1;1;1
202200045144;733 606;7;9;0;1;1;1
202200045145;733 604;7;0;2;2;19;1
202200045145;733 608;7;0;2;1;15;1
202200045146;733 601;7;13;0;1;1;1
202200045147;733 600;10;0;2;1;1;1
202200045147;733 603;7;0;2;6;15;1
202200045148;733 598;7;2;0;7;1;1
202200045149;733 597;7;0;2;2;1;0
202200045149;733 602;1;0;2;3;1;5
202200045150;733 596;7;0;2;6;9;1
202200045150;733 599;33;0;2;8;1;1
202200045151;733 593;7;0;2;2;15;1
202200045151;733 595;80;0;2;5;16;3
202200045152;733 590;7;0;0;4;2;1
202200045152;733 594;7;0;2;1;1;1
202200045153;733 589;80;0;0;4;2;3
202200045153;733 592;7;0;2;1;2;1
202200045154;733 587;1;0;2;2;1;5
202200045154;733 591;2;0;2;3;1;1
202200045155;733 585;7;0;2;1;1;1
202200045155;733 588;7;0;2;1;9;1
202200045156;733 584;30;0;2;3;17;1
202200045156;733 586;7;0;2;3;1;1
202200045157;733 579;7;0;2;0;0;0
202200045158;733 582;7;2;0;3;2;1
202200045159;733 578;1;0;1;6;1;5
202200045160;733 581;33;0;2;5;1;1
202200045160;733 583;7;0;2;2;19;1
202200045161;733 574;33;0;0;8;1;1
202200045162;733 571;7;0;1;3;1;1
202200045163;733 570;7;0;2;1;9;1
202200045163;733 575;7;0;2;7;1;1
202200045163;733 576;7;0;2;8;23;1
202200045164;733 569;33;0;2;2;17;1
202200045164;733 573;7;0;2;3;2;1
202200045165;733 568;2;0;2;8;1;1
202200045165;733 572;7;0;2;8;13;1
202200045166;733 564;10;0;1;5;4;1
202200045167;733 563;7;0;5;3;1;1
202200045168;733 562;7;0;2;2;9;1
202200045168;733 566;1;0;2;7;16;5
202200045169;733 560;7;0;0;0;1;1
202200045170;733 558;33;0;0;7;17;1
202200045171;733 559;7;0;2;7;15;2
202200045171;733 565;31;0;2;1;1;1
202200045172;733 556;36;3;0;2;1;1