Num_Acc;id_vehicule;catv;obs;obsm;choc;manv;motor
202200045558;732 857;33;0;1;0;1;1
202200045559;732 854;7;0;2;3;1;1
202200045559;732 855;7;0;2;3;13;1
202200045560;732 852;7;0;2;7;1;1
202200045560;732 853;31;0;2;8;3;1
202200045561;732 850;31;0;2;4;2;3
202200045561;732 851;7;0;2;1;2;1
202200045562;732 849;37;0;1;7;1;1
202200045563;732 847;7;0;2;5;15;2
202200045563;732 848;33;0;2;1;1;1
202200045564;732 845;30;1;2;1;18;1
202200045564;732 846;7;0;2;7;1;1
202200045565;732 843;1;0;2;1;1;5
202200045565;732 844;7;0;2;1;1;1
202200045566;732 841;34;0;2;1;1;1
202200045566;732 842;7;0;2;5;10;1
202200045567;732 839;7;0;2;1;1;1
202200045567;732 840;50;0;2;8;19;3
202200045568;732 837;7;0;2;4;23;1
202200045568;732 838;30;0;2;1;2;1
202200045569;732 835;7;0;2;3;16;1
202200045569;732 836;43;0;2;1;15;1
202200045570;732 834;10;0;1;2;16;1
202200045571;732 832;7;0;2;3;2;1
202200045571;732 833;30;0;2;2;2;1
202200045572;732 831;10;0;1;1;1;1
202200045573;732 829;7;0;2;2;2;1
202200045573;732 830;10;0;2;6;16;1
202200045574;732 827;10;0;2;4;0;1
202200045574;732 828;10;0;2;1;2;1
202200045575;732 825;7;0;2;5;20;1
202200045575;732 826;2;0;2;1;1;1
202200045576;732 824;7;0;1;1;26;1
202200045577;732 822;7;0;2;3;15;1
202200045577;732 823;30;0;2;7;17;1
202200045578;732 821;7;0;1;2;26;1
202200045579;732 819;7;0;2;3;26;1
202200045579;732 820;2;0;2;1;0;1
202200045580;732 818;7;1;0;2;14;1
202200045581;732 816;30;0;2;1;2;1
202200045581;732 817;7;0;2;4;23;1
202200045582;732 815;7;0;1;2;1;1
202200045583;732 813;33;0;2;1;13;1
202200045583;732 814;10;0;2;8;9;1
202200045584;732 811;17;0;2;3;1;1
202200045584;732 812;7;0;2;3;13;1
202200045585;732 809;17;0;2;8;1;1
202200045585;732 810;7;3;2;8;17;1
202200045586;732 808;7;15;0;2;1;1
202200045587;732 806;7;0;2;1;1;1
202200045587;732 807;7;0;2;8;1;1
202200045588;732 804;2;1;2;1;21;1
202200045588;732 805;7;0;2;3;20;1
202200045589;732 803;14;0;0;9;1;1
202200045590;732 802;33;13;0;1;21;1
202200045591;732 800;7;13;0;1;1;1
202200045591;732 801;7;1;0;1;1;1
202200045592;732 799;7;13;0;9;1;1
202200045593;732 798;7;0;1;1;1;1
202200045594;732 796;33;8;0;9;21;1
202200045594;732 797;7;0;0;0;15;1
202200045595;732 795;7;0;1;1;16;1
202200045596;732 794;7;2;0;3;13;1
202200045597;732 790;7;0;2;1;1;1
202200045597;732 791;7;0;2;1;1;1
202200045597;732 792;7;0;0;6;15;1
202200045597;732 793;7;0;2;1;2;1
202200045598;732 788;7;0;2;8;9;1
202200045598;732 789;33;0;2;1;1;1
202200045599;732 786;7;0;2;1;2;1
202200045599;732 787;7;0;2;4;2;1
202200045600;732 784;7;14;0;3;13;1
202200045601;732 783;10;0;1;3;1;1
202200045602;732 780;7;0;2;8;1;1
202200045602;732 781;7;0;2;1;19;1
202200045602;732 782;7;0;2;8;1;1
202200045603;732 778;31;0;2;3;19;1
202200045603;732 779;7;0;2;2;1;1
202200045604;732 777;7;0;1;1;1;1
202200045605;732 776;7;6;0;1;1;1
202200045606;732 775;14;3;0;2;1;1
202200045607;732 773;14;0;2;6;1;1
202200045607;732 774;31;0;2;8;1;1
202200045608;732 771;14;0;0;6;1;1
202200045608;732 772;7;3;2;2;17;1
202200045609;732 769;17;0;0;5;24;1
202200045609;732 770;7;4;0;2;20;1
202200045610;732 767;7;3;0;3;13;1
202200045610;732 768;10;0;2;1;2;1
202200045611;732 766;33;1;0;1;0;1
202200045612;732 763;7;0;0;8;23;1
202200045612;732 764;7;7;2;1;1;1
202200045612;732 765;7;0;0;1;15;1
202200045613;732 761;7;0;2;1;15;1
202200045613;732 762;7;0;2;3;1;1
202200045614;732 759;2;0;2;5;16;1
202200045614;732 760;7;0;2;3;16;1
202200045615;732 757;7;0;2;2;19;1
202200045615;732 758;2;0;2;1;1;1
202200045616;732 755;7;0;2;0;0;1
202200045616;732 756;7;0;2;8;1;1
202200045617;732 753;7;0;2;4;12;1
202200045617;732 754;20;0;2;1;1;4
202200045618;732 751;7;0;2;1;12;1
202200045618;732 752;7;0;2;4;11;1
202200045619;732 749;7;0;2;0;0;1
202200045619;732 750;7;0;2;3;11;1
202200045620;732 746;7;0;2;1;17;1
202200045620;732 747;14;0;2;6;0;1
202200045620;732 748;7;0;2;3;0;1
202200045621;732 744;7;0;2;4;1;1
202200045621;732 745;7;0;2;1;1;1
202200045622;732 743;14;0;1;1;1;1
202200045623;732 741;43;0;2;1;2;1
202200045623;732 742;33;0;2;4;2;1
202200045624;732 738;7;3;0;8;1;1
202200045624;732 739;10;0;2;4;1;1
202200045624;732 740;7;0;2;3;2;1
202200045625;732 736;7;0;2;5;2;1
202200045625;732 737;33;0;2;1;12;1
202200045626;732 733;10;0;2;1;1;1
202200045626;732 734;7;0;2;4;2;1
202200045626;732 735;7;0;2;4;2;1
202200045627;732 731;7;0;2;4;24;1
202200045627;732 732;7;0;2;1;1;1
202200045628;732 729;7;0;2;2;12;1
202200045628;732 730;7;3;2;4;2;1
202200045629;732 727;33;0;2;5;1;1
202200045629;732 728;7;0;2;3;0;0
202200045630;732 726;7;14;0;1;21;3
202200045631;732 725;7;4;0;1;1;1
202200045632;732 723;7;0;2;4;1;1
202200045632;732 724;43;0;2;1;1;1
202200045633;732 721;7;0;2;1;2;1
202200045633;732 722;17;0;9;4;1;1
202200045634;732 719;7;0;2;3;15;1
202200045634;732 720;30;0;2;3;1;3
202200045635;732 717;7;0;2;6;20;1
202200045635;732 718;2;0;2;1;17;1
202200045636;732 716;7;0;1;0;26;0
202200045637;732 714;7;0;2;1;15;1
202200045637;732 715;2;0;2;3;1;1
202200045638;732 713;7;0;1;3;15;1
202200045639;732 712;7;0;1;2;17;0
202200045640;732 707;10;0;2;6;2;1
202200045640;732 708;7;0;2;1;2;1
202200045640;732 709;7;0;2;9;2;1
202200045640;732 710;7;0;2;9;2;1
202200045640;732 711;7;0;2;9;2;1
202200045641;732 702;7;0;2;2;15;1
202200045641;732 703;7;0;2;1;23;1
202200045641;732 704;7;0;2;1;23;1
202200045641;732 705;7;0;2;1;23;1
202200045641;732 706;7;0;2;1;1;1
202200045642;732 699;7;4;2;1;2;1
202200045642;732 700;7;4;2;4;2;1
202200045642;732 701;7;4;2;4;1;1
202200045643;732 697;7;0;2;4;1;1
202200045643;732 698;7;0;2;1;1;1
202200045644;732 695;10;0;0;6;1;1
202200045644;732 696;7;0;2;3;1;1
202200045645;732 693;10;0;2;2;17;1
202200045645;732 694;33;0;2;1;1;1
202200045646;732 689;7;0;2;1;1;1
202200045646;732 690;7;0;2;3;13;1
202200045647;732 686;10;0;2;5;1;1
202200045647;732 687;7;0;2;7;1;1
202200045647;732 688;7;0;2;1;12;1
202200045648;732 682;7;0;2;3;1;1
202200045648;732 683;7;0;2;3;5;1
202200045649;732 680;7;0;2;2;15;1
202200045649;732 681;33;0;2;1;1;1
202200045650;732 678;30;0;2;1;2;1
202200045650;732 679;7;0;2;4;2;1
202200045651;732 677;7;16;0;1;6;1
202200045652;732 676;3;0;1;1;15;1
202200045653;732 674;7;0;2;1;1;1
202200045653;732 675;7;0;2;1;13;1
202200045654;732 672;1;0;2;1;19;5
202200045654;732 673;7;0;2;5;1;3
202200045655;732 671;7;0;1;8;13;1
202200045656;732 670;40;0;1;3;1;3
202200045657;732 668;7;0;2;8;15;1
202200045657;732 669;7;0;2;2;17;1
202200045658;732 667;7;5;0;1;13;1
202200045659;732 666;7;2;0;1;13;1
202200045660;732 662;7;0;2;4;23;1
202200045660;732 663;7;0;2;4;23;1
202200045660;732 664;7;0;2;4;23;1
202200045660;732 665;10;0;2;1;26;1
202200045661;732 661;7;0;1;1;15;1
202200045662;732 660;7;0;1;1;15;1
202200045663;732 659;10;0;1;3;1;0
202200045664;732 657;33;0;2;7;1;1
202200045664;732 658;7;0;2;1;9;1
202200045665;732 655;50;0;2;1;1;3
202200045665;732 656;7;0;2;3;22;0
202200045666;732 652;7;0;1;3;1;1
202200045667;732 651;7;0;1;3;15;3
202200045668;732 650;7;3;0;2;1;1
202200045669;732 648;7;0;0;0;15;1
202200045669;732 649;30;0;0;7;21;1
202200045670;732 647;7;4;0;3;13;1
202200045671;732 646;7;1;0;1;1;1
202200045672;732 645;7;0;1;3;1;1
202200045673;732 644;7;0;0;3;15;2
202200045674;732 642;50;0;2;4;1;3
202200045674;732 643;7;0;2;1;1;1
202200045675;732 640;7;6;0;1;26;1
202200045676;732 639;7;0;1;1;16;1
202200045677;732 638;7;4;0;3;17;1
202200045678;732 636;7;0;2;7;9;1
202200045678;732 637;1;0;0;0;0;5
202200045679;732 634;1;0;2;3;1;5
202200045679;732 635;7;0;2;2;14;1
202200045680;732 630;7;0;2;3;1;1
202200045680;732 631;10;0;2;2;9;1
202200045681;732 628;43;0;2;1;1;1
202200045681;732 629;7;0;2;7;15;1
202200045682;732 625;7;0;2;1;0;1
202200045682;732 626;7;0;2;4;0;1
202200045682;732 627;7;0;2;1;0;0
202200045683;732 624;7;0;2;9;1;1
202200045684;732 622;7;0;2;5;15;1
202200045684;732 623;7;0;2;1;1;1
202200045685;732 621;7;2;0;2;14;1
202200045686;732 619;7;0;2;1;2;1
202200045686;732 620;7;0;2;3;9;1
202200045687;732 617;32;0;2;6;1;1
202200045687;732 618;7;0;2;1;1;1
202200045688;732 616;7;3;0;2;1;1
202200045689;732 614;31;0;2;4;2;1
202200045689;732 615;7;0;2;1;2;1
202200045690;732 612;7;5;2;1;11;1
202200045690;732 613;32;0;2;9;1;1
202200045691;732 610;7;0;2;8;1;2
202200045691;732 611;50;0;2;7;15;3
202200045692;732 609;7;0;1;0;1;2
202200045693;732 606;7;0;2;1;1;1
202200045693;732 607;7;0;2;6;1;1
202200045693;732 608;15;0;2;2;12;1
202200045694;732 604;7;0;2;1;9;2
202200045694;732 605;80;0;2;1;1;3
202200045695;732 602;50;0;2;1;13;3
202200045695;732 603;1;0;2;1;1;5
202200045696;732 601;1;0;0;0;1;5
202200045697;732 599;7;14;2;1;26;2
202200045697;732 600;7;0;2;4;23;1
202200045698;732 597;7;0;2;0;0;2
202200045698;732 598;7;14;0;4;1;1
202200045699;732 596;7;0;1;7;1;1
202200045700;732 594;2;0;2;0;1;0
202200045700;732 595;7;0;2;6;23;1
202200045701;732 593;38;0;1;2;1;0
202200045702;732 592;7;0;1;1;1;1
202200045703;732 591;7;0;1;3;1;1
202200045704;732 589;32;0;2;8;1;1
202200045704;732 590;7;0;2;3;15;1
202200045705;732 587;7;0;2;1;26;2
202200045705;732 588;7;0;2;4;26;1
202200045706;732 585;32;0;2;1;1;1
202200045706;732 586;7;0;2;3;1;1
202200045707;732 583;7;0;2;3;16;1
202200045707;732 584;7;0;2;2;1;1
202200045708;732 581;33;0;2;1;1;1
202200045708;732 582;7;0;2;3;5;1
202200045709;732 579;38;0;2;6;19;1
202200045709;732 580;2;0;2;1;0;1
202200045710;732 577;7;0;2;1;1;1
202200045710;732 578;7;0;2;8;1;1
202200045711;732 576;7;0;1;2;1;1
202200045712;732 574;10;3;2;4;1;1
202200045712;732 575;15;0;0;4;1;1
202200045713;732 572;10;0;0;5;2;1
202200045713;732 573;33;0;2;3;2;1
202200045714;732 570;7;0;2;1;13;1
202200045714;732 571;7;0;2;1;1;1
202200045715;732 569;10;0;1;2;2;0
202200045716;732 567;10;0;2;7;21;1
202200045716;732 568;1;0;2;8;9;6
202200045717;732 565;7;0;2;8;1;1
202200045717;732 566;7;0;2;2;1;2
202200045718;732 563;1;0;2;1;1;5
202200045718;732 564;7;0;2;3;17;1
202200045719;732 561;7;0;2;4;2;1
202200045719;732 562;10;0;2;1;2;1
202200045720;732 559;7;0;0;4;1;1
202200045720;732 560;7;0;2;1;1;1
202200045721;732 558;7;6;0;1;26;1
202200045722;732 556;37;0;2;2;7;1
202200045722;732 557;7;0;2;3;9;1
202200045723;732 554;3;0;2;7;16;3
202200045723;732 555;2;0;2;1;1;1
202200045724;732 552;7;0;2;1;1;1
202200045724;732 553;7;0;2;4;1;1
202200045725;732 550;33;0;2;1;1;1
202200045725;732 551;7;0;2;0;0;1
202200045726;732 549;30;0;0;2;9;3
202200045727;732 547;33;0;2;8;1;1
202200045727;732 548;7;0;2;2;19;1
202200045728;732 545;7;0;2;1;1;1
202200045728;732 546;7;0;2;6;16;1
202200045729;732 544;7;10;0;1;0;1
202200045730;732 542;1;0;2;4;1;5
202200045730;732 543;7;0;2;2;1;1
202200045731;732 539;7;0;2;4;1;1
202200045731;732 540;7;0;2;4;1;1
202200045731;732 541;7;0;2;1;1;1
202200045732;732 538;7;0;1;1;16;2
202200045733;732 537;1;0;0;0;1;5
202200045734;732 535;7;0;2;1;26;1
202200045734;732 536;7;0;2;8;1;3
202200045735;732 533;1;0;2;4;26;5
202200045735;732 534;7;0;2;1;1;1
202200045736;732 531;50;0;2;1;5;3
202200045736;732 532;7;0;2;1;26;1
202200045737;732 529;1;0;2;8;1;5
202200045737;732 530;7;0;2;1;15;1
202200045738;732 527;1;0;2;7;19;5
202200045738;732 528;7;0;2;1;1;1
202200045739;732 525;40;0;2;8;1;4
202200045739;732 526;1;0;4;8;1;5
202200045740;732 519;30;1;0;2;0;1
202200045741;732 517;7;0;2;7;2;1
202200045741;732 518;50;0;2;0;15;3
202200045742;732 515;7;0;2;3;2;1
202200045742;732 516;50;0;2;2;9;3
202200045743;732 514;10;0;2;2;1;1
202200045744;732 511;7;0;2;1;1;1
202200045744;732 512;7;0;2;1;1;1
202200045744;732 513;7;0;2;8;23;1
202200045745;732 509;40;0;2;1;1;3
202200045745;732 510;1;0;4;1;19;5
202200045746;732 507;33;0;2;2;1;1
202200045746;732 508;7;0;2;3;20;1
202200045747;732 505;7;0;2;1;2;1
202200045747;732 506;1;0;2;4;2;5
202200045748;732 504;7;0;1;2;1;1
202200045749;732 503;7;9;1;1;1;1
202200045750;732 501;7;0;2;1;2;1
202200045750;732 502;7;0;2;1;13;1
202200045751;732 499;17;0;2;6;1;1
202200045751;732 500;7;0;2;7;0;1
202200045752;732 498;7;13;0;3;26;1
202200045753;732 496;7;0;2;1;15;1
202200045753;732 497;1;0;2;8;1;5
202200045754;732 494;7;0;2;8;15;1
202200045754;732 495;33;0;2;7;1;1
202200045755;732 492;30;0;2;1;1;0
202200045755;732 493;7;0;2;2;19;0
202200045756;732 490;7;0;2;7;15;1
202200045756;732 491;30;0;2;1;1;1
202200045757;732 489;33;0;5;1;2;1
202200045758;732 488;7;7;0;1;1;1
202200045759;732 485;7;0;2;2;21;1
202200045759;732 486;7;1;0;5;23;1
202200045759;732 487;7;0;2;3;1;1
202200045760;732 483;7;0;2;6;1;1
202200045760;732 484;10;0;2;2;2;1
202200045761;732 482;7;15;0;1;1;1
202200045762;732 480;1;0;2;1;1;5
202200045762;732 481;7;0;2;1;15;1
202200045763;732 479;7;0;1;2;1;1
202200045764;732 478;7;0;1;2;1;0
202200045765;732 476;10;0;2;2;26;3
202200045765;732 477;7;0;2;4;16;1
202200045766;732 474;7;0;2;3;5;1
202200045766;732 475;32;0;2;1;0;1
202200045767;732 472;32;0;2;2;21;1
202200045767;732 473;14;0;2;6;1;1
202200045768;732 470;7;0;2;3;15;1
202200045768;732 471;2;0;2;7;17;1
202200045769;732 469;7;0;1;1;1;1
202200045770;732 467;33;0;2;5;3;1
202200045770;732 468;33;0;2;1;3;1
202200045771;732 466;33;4;0;1;14;1
202200045772;732 464;7;0;2;2;16;2
202200045772;732 465;33;0;2;6;1;1
202200045773;732 462;1;0;2;1;17;5
202200045773;732 463;7;0;2;3;1;1
202200045774;732 460;1;0;2;7;19;5
202200045774;732 461;10;0;2;1;7;1
202200045775;732 458;7;0;2;3;22;2
202200045775;732 459;50;0;2;1;18;3
202200045776;732 456;34;0;2;1;1;3
202200045776;732 457;1;0;2;1;1;5
202200045777;732 455;7;0;1;4;4;1
202200045778;732 454;7;0;1;1;16;1
202200045779;732 452;32;0;2;0;5;3
202200045779;732 453;7;0;2;0;1;1
202200045780;732 451;34;0;2;6;3;1
202200045781;732 450;7;0;1;2;15;1
202200045782;732 448;7;0;2;3;15;1
202200045782;732 449;32;0;2;1;1;1
202200045783;732 446;7;0;2;1;1;0
202200045783;732 447;33;0;2;7;23;1
202200045784;732 445;7;1;0;3;26;1
202200045785;732 441;7;12;2;4;2;1
202200045785;732 442;7;12;2;4;2;1
202200045785;732 443;7;12;2;4;2;2
202200045785;732 444;10;12;2;1;2;1
202200045786;732 439;15;0;2;4;2;0
202200045786;732 440;1;0;2;4;17;5
202200045787;732 438;50;0;1;1;1;3
202200045788;732 436;13;0;2;3;9;1
202200045788;732 437;33;0;2;1;1;1
202200045789;732 434;7;0;2;3;1;1
202200045789;732 435;7;0;2;1;0;1
202200045790;732 432;1;0;2;8;5;5
202200045790;732 433;10;0;2;1;1;3
202200045791;732 430;7;0;2;7;10;1
202200045791;732 431;33;0;2;1;16;1
202200045792;732 428;30;0;2;7;1;1
202200045792;732 429;7;0;2;1;1;1
202200045793;732 424;7;0;2;0;0;1
202200045793;732 425;7;0;2;5;0;1
202200045793;732 426;7;0;2;0;0;1
202200045793;732 427;7;0;2;0;0;1
202200045794;732 423;7;0;1;3;1;1
202200045795;732 422;7;0;1;2;1;1
202200045796;732 421;33;1;1;3;2;1
202200045797;732 419;7;0;2;4;1;1
202200045797;732 420;33;0;2;1;1;1
202200045798;732 418;10;0;1;1;16;1
202200045799;732 416;1;0;2;1;1;5
202200045799;732 417;7;0;2;3;22;1
202200045800;732 415;7;0;1;7;1;1
202200045801;732 414;1;0;0;0;1;5
202200045802;732 412;7;0;2;2;16;1
202200045802;732 413;33;0;2;7;18;1
202200045803;732 411;33;3;0;7;13;1
202200045804;732 408;7;0;2;3;11;1
202200045804;732 409;33;0;2;5;26;1
202200045804;732 410;7;0;9;3;1;1
202200045805;732 405;7;0;0;4;23;1
202200045805;732 406;7;0;2;4;24;1
202200045805;732 407;7;6;2;1;26;2
202200045806;732 403;2;0;2;8;15;1
202200045806;732 404;7;0;2;2;17;1
202200045807;732 401;7;0;9;1;1;1
202200045807;732 402;14;3;0;1;1;1
202200045808;732 399;32;0;2;1;5;1
202200045808;732 400;7;0;2;3;2;1
202200045809;732 396;7;0;9;3;15;1
202200045809;732 397;1;0;2;1;1;5
202200045809;732 398;1;0;2;1;1;5
202200045810;732 394;21;0;2;1;26;1
202200045810;732 395;7;8;0;8;26;1
202200045811;732 393;7;0;1;7;1;1
202200045812;732 391;7;0;2;1;13;1
202200045812;732 392;7;0;2;3;1;1
202200045813;732 389;7;0;2;3;0;1
202200045813;732 390;1;0;2;5;0;5
202200045814;732 388;33;6;0;1;1;1
202200045815;732 385;7;0;2;2;13;1
202200045815;732 386;10;0;2;2;1;1
202200045816;732 384;7;0;2;7;15;1
202200045816;732 387;32;0;2;2;1;1
202200045817;732 382;7;0;2;3;0;1
202200045817;732 383;7;0;0;1;1;1
202200045818;732 380;7;0;2;1;1;3
202200045818;732 381;7;0;2;6;19;1
202200045819;732 379;7;0;1;1;26;1
202200045820;732 378;7;13;0;2;1;2
202200045821;732 374;7;0;2;3;1;1
202200045821;732 376;7;0;2;3;13;1
202200045822;732 375;10;0;2;3;15;1
202200045822;732 377;32;0;2;0;0;1
202200045823;732 371;7;0;2;8;2;1
202200045823;732 373;1;0;2;7;2;5
202200045824;732 369;7;13;0;2;1;1
202200045825;732 368;7;0;2;6;1;1
202200045825;732 370;1;0;2;3;17;5
202200045825;732 372;0;0;2;3;1;0
202200045826;732 366;7;0;2;4;2;1
202200045826;732 367;7;0;2;1;2;1
202200045827;732 364;31;0;0;0;0;1
202200045827;732 365;7;0;2;2;10;1
202200045828;732 362;31;0;2;1;17;1
202200045828;732 363;7;0;2;3;19;1
202200045829;732 360;7;16;0;8;10;0
202200045829;732 361;10;0;2;1;1;1
202200045830;732 359;7;13;0;9;1;1
202200045831;732 358;33;0;6;1;1;1
202200045832;732 355;7;2;0;0;1;1
202200045833;732 354;7;0;2;1;1;1
202200045833;732 356;7;0;2;4;23;1
202200045833;732 357;7;0;0;4;23;3
202200045834;732 352;32;0;2;3;1;1
202200045834;732 353;7;0;2;2;1;1
202200045835;732 350;7;13;0;1;1;1
202200045836;732 349;7;0;2;0;0;1
202200045836;732 351;50;0;2;4;13;3
202200045837;732 346;7;3;0;0;1;1
202200045837;732 347;7;0;0;1;1;1
202200045837;732 348;7;0;0;1;2;1
202200045838;732 345;7;0;1;1;15;1
202200045839;732 342;7;3;2;7;3;1
202200045839;732 343;7;0;2;3;1;1
202200045839;732 344;15;0;2;2;21;1
202200045840;732 339;7;0;2;1;1;1
202200045840;732 341;7;0;2;4;1;2
202200045841;732 337;10;3;0;6;2;1
202200045841;732 338;7;0;2;3;1;1
202200045842;732 334;7;0;2;1;1;1
202200045842;732 336;7;0;2;4;1;1
202200045843;732 332;17;13;0;2;14;1
202200045844;732 333;10;0;0;3;15;1
202200045844;732 335;33;0;2;2;17;1
202200045845;732 328;7;0;0;4;2;1
202200045845;732 330;7;0;2;4;2;2
202200045845;732 331;7;0;2;1;2;1
202200045846;732 329;31;0;0;0;1;1
202200045847;732 327;10;2;0;1;21;1
202200045848;732 323;32;16;0;4;2;1
202200045848;732 325;7;0;0;1;2;1
202200045849;732 324;1;0;2;8;2;5
202200045849;732 326;37;0;2;1;2;0
202200045850;732 321;7;0;2;1;1;2
202200045850;732 322;33;0;2;4;1;1
202200045851;732 318;7;0;2;3;1;1
202200045851;732 319;7;0;2;1;13;1
202200045852;732 316;34;0;2;7;17;1
202200045852;732 317;7;0;2;8;1;1
202200045853;732 320;7;0;1;1;16;1
202200045854;732 315;7;0;1;1;1;1
202200045855;732 313;7;0;2;1;1;1
202200045855;732 314;37;0;2;8;1;1
202200045856;732 312;38;0;0;2;1;1
202200045857;732 311;7;0;1;1;1;1
202200045858;732 308;1;0;0;8;13;5
202200045858;732 310;7;0;2;2;17;1
202200045859;732 309;7;0;1;1;1;1
202200045860;732 307;7;0;1;3;16;1
202200045861;732 305;7;15;0;1;1;1
202200045862;732 304;1;1;2;7;1;5
202200045863;732 303;7;0;2;8;9;1
202200045863;732 306;33;0;2;1;1;1
202200045864;732 301;1;0;2;1;2;5
202200045864;732 302;7;0;2;4;2;1
202200045865;732 300;7;4;0;0;1;1
202200045866;732 298;50;0;0;0;2;3
202200045867;732 299;7;0;1;1;1;1
202200045868;732 296;50;0;2;2;11;3
202200045868;732 297;7;0;2;3;1;1
202200045869;732 295;1;0;0;0;2;5
202200045870;732 290;7;0;2;1;17;1
202200045870;732 293;10;0;2;1;1;1
202200045871;732 291;7;0;2;1;2;1
202200045871;732 294;33;0;2;4;2;1
202200045872;732 287;10;0;2;1;2;1
202200045872;732 288;10;0;2;4;2;1
202200045872;732 289;7;0;2;4;2;1
202200045872;732 292;10;0;2;4;2;1
202200045873;732 286;7;2;0;8;1;1
202200045874;732 284;7;0;1;0;16;1
202200045875;732 285;30;0;1;1;0;0
202200045876;732 281;7;0;2;8;15;1
202200045876;732 283;2;0;9;1;16;1
202200045877;732 280;40;0;2;1;1;3
202200045877;732 282;7;0;4;7;1;1
202200045878;732 278;7;2;0;0;26;1
202200045879;732 277;7;0;2;1;2;0
202200045879;732 279;30;0;2;4;1;1
202200045880;732 276;7;0;1;7;14;1
202200045881;732 271;7;0;2;2;15;1
202200045881;732 273;7;0;2;1;1;1
202200045881;732 275;7;0;2;3;23;1
202200045882;732 269;7;0;2;3;15;1
202200045882;732 272;30;-1;-1;-1;-1;-1
202200045883;732 270;7;0;2;2;15;1
202200045883;732 274;7;0;2;3;26;1
202200045884;732 267;7;0;2;4;2;1
202200045884;732 268;7;2;2;1;2;1
202200045885;732 266;7;3;0;1;14;1
202200045886;732 263;33;13;0;1;1;1
202200045887;732 262;2;0;2;7;2;1
202200045887;732 265;7;0;0;3;9;1
202200045888;732 261;7;0;2;1;1;1
202200045888;732 264;7;0;2;1;5;1
202200045889;732 257;7;0;2;3;9;1
202200045889;732 260;7;0;2;3;1;1
202200045890;732 256;10;0;2;8;1;1
202200045890;732 259;15;0;2;1;13;1
202200045891;732 254;7;0;2;8;1;1
202200045891;732 255;33;0;2;0;3;1
202200045891;732 258;7;0;2;7;1;1
202200045892;732 250;7;13;0;8;14;1
202200045893;732 251;7;13;0;7;1;1
202200045894;732 246;7;0;2;4;12;1
202200045894;732 248;33;0;2;1;1;1
202200045895;732 241;17;0;2;4;2;1
202200045895;732 243;10;0;2;1;2;1
202200045896;732 242;7;0;2;3;13;1
202200045896;732 245;17;0;2;3;1;1
202200045897;732 240;7;0;1;8;1;1
202200045898;732 239;7;5;0;1;1;1
202200045899;732 235;7;0;2;8;1;1
202200045899;732 238;7;0;2;3;19;1
202200045900;732 234;7;0;2;4;1;1
202200045900;732 236;33;4;2;7;3;1
202200045900;732 237;7;0;2;3;11;1
202200045901;732 230;10;0;2;2;19;1
202200045901;732 232;2;0;2;1;1;1
202200045902;732 229;10;0;2;1;2;1
202200045902;732 231;10;0;2;0;0;0
202200045903;732 228;31;0;1;0;0;1
202200045904;732 225;7;0;2;1;2;3
202200045904;732 227;7;0;2;4;2;1
202200045905;732 224;30;0;1;7;17;3
202200045906;732 222;7;0;2;5;12;1
202200045906;732 223;33;0;2;3;2;1
202200045907;732 226;38;0;0;6;1;1
202200045907;732 233;7;0;2;2;2;1
202200045908;732 220;30;0;2;1;17;1
202200045908;732 221;30;0;2;3;26;1
202200045909;732 218;7;0;2;1;2;2
202200045909;732 219;7;0;2;4;23;1
202200045910;732 216;30;0;1;7;17;1
202200045911;732 214;33;0;0;1;1;1
202200045912;732 213;7;6;2;6;1;1
202200045912;732 215;7;6;2;2;12;1
202200045913;732 211;7;1;0;1;14;1
202200045914;732 210;7;0;1;3;1;1
202200045915;732 212;50;0;0;8;19;3
202200045915;732 217;7;0;2;2;1;1
202200045916;732 208;7;6;1;4;23;1
202200045917;732 207;7;1;1;2;21;1
202200045917;732 209;7;1;2;0;13;1
202200045918;732 205;7;0;2;7;1;0
202200045919;732 203;7;0;1;1;26;1
202200045920;732 202;7;0;1;0;26;1
202200045921;732 204;7;0;2;2;15;3
202200045921;732 206;2;0;2;1;1;1
202200045922;732 200;7;0;2;1;1;1
202200045922;732 201;7;0;2;1;13;1
202200045923;732 199;31;0;6;1;1;1
202200045924;732 198;7;0;1;1;16;1
202200045925;732 196;7;0;0;3;13;1
202200045925;732 197;50;0;0;0;0;-1
202200045926;732 193;7;0;1;1;1;1
202200045927;732 192;33;0;1;8;0;1
202200045928;732 191;7;8;2;8;1;1
202200045928;732 194;7;0;2;7;1;1
202200045928;732 195;7;0;2;1;19;1
202200045929;732 189;31;4;0;8;2;1
202200045930;732 188;1;0;0;7;2;5
202200045930;732 190;7;0;2;0;0;1
202200045931;732 186;7;0;1;4;24;1
202200045932;732 184;7;0;2;1;1;1
202200045932;732 187;7;4;2;1;14;1
202200045933;732 183;2;0;2;1;18;1
202200045933;732 185;7;0;2;7;16;1
202200045934;732 180;31;0;2;2;17;1
202200045934;732 182;7;0;2;1;15;1
202200045935;732 179;33;0;2;1;1;1
202200045935;732 181;7;0;2;8;19;1
202200045936;732 176;2;0;2;0;0;1
202200045936;732 178;50;0;2;0;25;3
202200045937;732 175;7;2;0;8;0;3
202200045938;732 174;7;0;2;2;2;1
202200045938;732 177;1;0;2;0;2;5
202200045939;732 171;7;0;1;2;0;0
202200045940;732 170;7;0;2;2;1;1
202200045940;732 173;50;0;2;8;19;3
202200045941;732 169;7;0;0;3;1;1
202200045941;732 172;7;0;0;3;5;1
202200045942;732 166;1;0;2;1;5;5
202200045942;732 168;7;0;2;1;1;1
202200045943;732 165;7;16;0;9;1;1
202200045944;732 164;1;0;2;1;1;5
202200045944;732 167;31;0;2;3;15;1
202200045945;732 160;7;0;2;3;16;1
202200045945;732 163;50;0;2;1;1;3