Num_Acc;id_vehicule;catv;obs;obsm;choc;manv;motor
202200045946;732 159;30;0;2;8;1;1
202200045946;732 162;33;0;2;6;5;0
202200045947;732 156;2;0;1;1;1;1
202200045948;732 154;7;0;1;2;16;1
202200045949;732 150;7;0;2;1;16;1
202200045949;732 151;2;0;2;1;0;1
202200045950;732 148;7;8;0;3;0;1
202200045951;732 147;7;0;0;0;9;1
202200045951;732 149;17;0;0;1;21;6
202200045951;732 152;13;4;0;8;21;6
202200045951;732 153;17;4;2;8;21;1
202200045951;732 155;7;0;2;6;1;1
202200045951;732 157;7;0;0;3;1;1
202200045951;732 158;7;0;0;3;1;1
202200045951;732 161;7;0;0;1;0;3
202200045952;732 146;7;13;0;1;1;1
202200045953;732 144;31;8;0;8;13;1
202200045954;732 143;37;0;2;8;13;1
202200045954;732 145;2;0;2;8;3;1
202200045955;732 139;14;0;2;2;1;1
202200045955;732 142;7;0;2;1;19;1
202200045956;732 138;7;0;4;3;10;1
202200045956;732 141;40;0;2;1;1;3
202200045957;732 136;2;0;2;1;1;1
202200045957;732 137;7;0;2;7;16;1
202200045958;732 134;7;0;2;2;2;1
202200045958;732 135;7;0;2;3;20;1
202200045959;732 133;7;0;2;3;1;1
202200045959;732 140;7;0;2;8;1;1
202200045960;732 130;7;14;2;8;1;1
202200045960;732 132;7;0;2;2;1;1
202200045961;732 129;10;0;2;8;1;1
202200045961;732 131;31;0;2;3;13;1
202200045962;732 126;33;0;2;2;1;1
202200045962;732 128;7;0;2;3;15;1
202200045963;732 127;7;13;0;2;1;1
202200045964;732 125;32;0;1;1;1;1
202200045965;732 123;2;0;1;1;1;1
202200045966;732 120;7;0;2;8;1;1
202200045966;732 121;30;0;2;7;1;1
202200045967;732 122;7;0;2;1;15;1
202200045967;732 124;7;0;2;3;1;1
202200045968;732 119;7;0;1;3;1;3
202200045969;732 117;33;12;0;7;1;1
202200045970;732 115;7;0;1;5;4;1
202200045971;732 113;7;0;2;4;2;1
202200045971;732 116;7;0;2;1;2;1
202200045971;732 118;7;0;2;1;2;1
202200045972;732 112;1;0;2;1;19;5
202200045972;732 114;2;0;2;1;1;1
202200045973;732 111;7;7;0;2;1;1
202200045974;732 109;7;8;0;8;14;1
202200045975;732 106;7;0;2;2;15;1
202200045975;732 108;7;0;2;1;1;1
202200045976;732 105;10;0;1;2;1;1
202200045977;732 102;50;0;2;1;19;3
202200045977;732 104;7;0;2;7;9;1
202200045978;732 101;7;0;2;6;2;1
202200045978;732 103;7;0;2;2;2;1
202200045979;732 099;7;0;2;3;9;1
202200045979;732 100;7;0;2;7;16;1
202200045980;732 096;15;0;2;7;16;0
202200045980;732 098;31;0;2;1;16;0
202200045981;732 093;7;0;2;1;1;1
202200045981;732 094;7;0;2;1;5;1
202200045982;732 095;7;0;2;3;1;1
202200045982;732 097;7;0;2;3;1;1
202200045983;732 092;7;0;1;2;1;1
202200045984;732 091;50;6;0;0;0;3
202200045985;732 088;32;0;2;1;2;1
202200045985;732 090;7;0;2;3;15;2
202200045986;732 087;10;0;2;0;15;0
202200045986;732 089;31;0;2;0;0;1
202200045987;732 082;10;0;2;0;1;1
202200045987;732 084;7;0;2;1;1;1
202200045988;732 081;7;0;2;1;9;1
202200045988;732 083;7;0;2;7;1;2
202200045989;732 080;7;0;1;2;1;2
202200045990;732 078;7;0;2;2;14;1
202200045991;732 077;7;0;2;5;1;1
202200045991;732 079;2;0;2;1;1;1
202200045992;732 075;7;0;2;1;2;1
202200045992;732 076;7;0;2;4;1;1
202200045993;732 073;7;0;2;3;13;1
202200045993;732 074;7;0;2;3;1;1
202200045994;732 071;10;0;1;1;1;0
202200045995;732 070;15;0;2;2;1;1
202200045995;732 072;7;3;2;5;5;1
202200045996;732 068;7;0;2;1;2;1
202200045996;732 069;33;0;2;8;2;1
202200045997;732 066;80;0;2;8;0;3
202200045997;732 067;1;0;2;1;0;5
202200045998;732 063;10;0;2;8;15;1
202200045998;732 065;33;0;2;1;17;1
202200045999;732 062;7;0;2;3;1;1
202200045999;732 064;60;0;2;8;26;5
202200046000;732 061;7;0;1;2;16;1
202200046001;732 057;10;0;2;1;2;1
202200046001;732 059;7;4;2;4;26;1
202200046002;732 056;31;0;2;1;1;1
202200046002;732 060;7;0;2;6;16;1
202200046003;732 053;7;0;2;2;5;1
202200046003;732 055;32;0;2;1;2;1
202200046004;732 052;33;0;1;2;1;1
202200046005;732 049;34;0;2;2;17;1
202200046005;732 051;7;0;2;8;13;1
202200046006;732 048;7;0;2;3;1;1
202200046006;732 054;7;0;2;1;1;1
202200046006;732 058;7;0;2;3;13;1
202200046007;732 047;7;0;2;1;1;0
202200046007;732 050;7;0;2;4;2;0
202200046008;732 045;7;0;2;3;17;1
202200046008;732 046;7;0;2;3;26;1
202200046009;732 044;41;1;0;1;1;3
202200046010;732 042;7;0;2;1;1;1
202200046010;732 043;7;0;2;3;13;1
202200046011;732 040;33;0;1;1;26;0
202200046012;732 039;7;0;2;1;15;1
202200046012;732 041;80;0;2;8;1;3
202200046013;732 037;7;1;0;3;15;1
202200046014;732 036;7;0;9;4;0;0
202200046014;732 038;7;0;2;1;26;1
202200046015;732 035;7;0;1;7;1;1
202200046016;732 032;1;0;0;8;19;5
202200046016;732 034;7;0;2;2;19;1
202200046017;732 031;7;0;2;1;15;1
202200046017;732 033;32;0;2;0;9;1
202200046018;732 030;50;0;1;2;1;3
202200046019;732 028;7;0;2;1;1;1
202200046019;732 029;7;0;0;0;11;0
202200046020;732 026;7;0;2;3;10;1
202200046020;732 027;7;0;2;2;17;1
202200046021;732 025;7;0;1;1;1;1
202200046022;732 024;7;2;0;8;1;1
202200046023;732 023;7;14;0;1;9;1
202200046024;732 021;7;0;2;2;21;1
202200046024;732 022;7;0;2;2;17;1
202200046025;732 020;7;0;1;4;4;1
202200046026;732 017;33;0;0;9;1;1
202200046027;732 018;7;0;2;5;15;1
202200046027;732 019;30;0;2;1;26;1
202200046028;732 015;7;0;2;6;15;2
202200046028;732 016;1;0;2;1;1;5
202200046029;732 012;7;0;2;1;11;1
202200046029;732 014;7;0;2;4;0;0
202200046030;732 010;7;0;2;1;1;1
202200046030;732 011;7;13;2;5;15;1
202200046030;732 013;7;0;0;3;23;1
202200046031;732 009;7;0;1;8;1;1
202200046032;732 008;7;0;1;1;1;1
202200046033;732 005;7;0;2;3;9;1
202200046033;732 007;33;0;2;7;2;1
202200046034;732 004;10;0;1;4;20;3
202200046035;732 003;50;0;2;1;1;3
202200046035;732 006;7;0;2;6;1;1
202200046036;732 001;33;0;1;1;17;1
202200046037;732 000;7;0;2;3;15;1
202200046037;732 002;10;0;2;1;17;1
202200046038;731 999;33;16;0;7;21;1
202200046039;731 998;33;0;0;0;1;1
202200046040;731 996;10;0;2;7;11;1
202200046040;731 997;33;0;2;7;1;1
202200046041;731 994;3;0;0;0;1;1
202200046042;731 993;50;0;2;3;19;3
202200046042;731 995;7;0;2;2;1;1
202200046043;731 990;0;0;2;3;19;5
202200046043;731 992;17;0;2;7;16;1
202200046044;731 987;33;0;2;1;1;1
202200046044;731 989;7;0;2;3;9;1
202200046045;731 986;7;0;2;3;13;1
202200046045;731 988;7;0;2;8;1;1
202200046045;731 991;7;0;2;3;1;1
202200046046;731 985;33;0;1;1;2;1
202200046047;731 983;7;13;0;2;1;1
202200046048;731 982;31;0;2;8;1;1
202200046048;731 984;37;0;2;4;16;1
202200046049;731 979;7;0;2;3;15;1
202200046049;731 981;2;0;2;1;1;1
202200046050;731 980;7;6;0;1;1;1
202200046051;731 976;32;1;2;8;1;1
202200046051;731 978;7;0;2;7;15;2
202200046052;731 975;7;0;2;3;9;1
202200046052;731 977;2;0;2;7;1;1
202200046053;731 974;10;2;0;1;0;1
202200046054;731 971;7;0;1;7;19;1
202200046055;731 970;50;0;2;0;0;3
202200046055;731 973;7;0;2;2;1;1
202200046056;731 968;7;0;1;9;1;1
202200046057;731 966;7;0;2;8;1;1
202200046057;731 969;7;0;0;4;23;1
202200046057;731 972;7;0;2;1;1;1
202200046058;731 965;7;0;0;0;0;1
202200046059;731 963;7;0;2;8;17;1
202200046059;731 964;7;0;2;2;1;1
202200046060;731 962;7;0;2;2;24;1
202200046060;731 967;7;0;2;3;1;1
202200046061;731 959;43;0;2;1;2;1
202200046061;731 961;10;0;2;6;1;1
202200046062;731 958;7;0;2;4;2;1
202200046062;731 960;7;0;2;1;2;1
202200046063;731 955;7;0;1;7;16;1
202200046064;731 953;7;0;2;1;2;1
202200046064;731 954;7;0;2;4;2;1
202200046065;731 951;7;3;0;9;13;1
202200046066;731 950;10;0;2;2;1;1
202200046066;731 952;7;0;2;6;1;1
202200046067;731 947;7;0;2;5;1;1
202200046067;731 949;34;0;2;3;18;1
202200046068;731 946;33;0;2;6;3;1
202200046068;731 948;7;0;2;7;1;1
202200046069;731 945;10;0;1;3;1;2
202200046070;731 943;7;0;2;1;21;0
202200046070;731 944;7;0;2;8;11;1
202200046071;731 941;7;12;2;5;9;1
202200046071;731 942;37;0;2;3;14;1
202200046072;731 939;33;0;2;1;3;1
202200046072;731 940;10;0;2;6;11;1
202200046073;731 937;50;0;2;4;15;3
202200046073;731 938;1;0;2;2;17;5
202200046074;731 935;14;0;2;1;2;1
202200046074;731 936;7;0;2;4;2;1
202200046075;731 932;7;0;2;2;12;3
202200046075;731 934;31;0;2;2;1;1
202200046076;731 931;43;0;2;3;1;1
202200046076;731 933;7;0;2;1;10;1
202200046077;731 930;7;3;0;2;26;1
202200046078;731 929;7;0;1;2;1;1
202200046079;731 928;7;0;1;1;1;1
202200046080;731 926;33;0;2;7;1;1
202200046080;731 927;7;0;2;8;15;1
202200046081;731 925;7;0;1;1;1;1
202200046082;731 923;7;0;2;1;1;1
202200046082;731 924;7;0;2;7;1;1
202200046083;731 920;7;0;1;1;1;1
202200046084;731 916;10;0;2;1;1;1
202200046084;731 917;10;0;2;4;2;1
202200046085;731 915;7;0;2;1;26;1
202200046085;731 918;30;0;2;1;1;1
202200046086;731 913;7;0;2;4;11;2
202200046086;731 914;33;0;2;1;1;1
202200046087;731 912;7;4;0;3;1;1
202200046088;731 908;7;0;2;2;26;1
202200046088;731 910;34;0;2;1;0;0
202200046089;731 905;30;0;1;1;17;1
202200046090;731 899;7;0;2;1;0;1
202200046090;731 902;14;0;2;5;24;1
202200046091;731 901;34;0;9;1;1;1
202200046091;731 903;3;0;0;0;1;1
202200046092;731 900;7;0;1;1;15;1
202200046093;731 896;7;0;2;1;16;1
202200046093;731 898;7;0;0;0;0;1
202200046094;731 895;33;0;2;8;1;1
202200046094;731 897;17;0;2;7;12;1
202200046095;731 894;7;13;0;3;16;1
202200046096;731 890;1;0;2;3;13;5
202200046096;731 891;32;0;2;5;1;1
202200046097;731 888;7;1;2;3;19;1
202200046097;731 892;34;1;2;1;1;1
202200046098;731 884;30;0;2;7;1;1
202200046098;731 887;7;0;2;2;15;1
202200046099;731 883;7;0;2;8;15;1
202200046099;731 886;30;0;2;1;1;1
202200046100;731 882;1;1;0;1;2;5
202200046100;731 885;7;12;0;8;22;1
202200046101;731 877;50;0;2;0;1;3
202200046101;731 879;7;0;2;2;26;1
202200046102;731 876;10;0;2;5;14;1
202200046102;731 878;32;0;2;3;1;1
202200046103;731 875;7;0;1;2;1;1
202200046104;731 873;10;2;0;2;1;1
202200046105;731 872;7;0;2;4;2;1
202200046105;731 874;7;0;2;1;2;1
202200046106;731 870;7;0;0;0;1;1
202200046107;731 869;10;0;2;3;1;1
202200046107;731 871;7;8;2;2;16;1
202200046108;731 867;7;0;2;4;23;1
202200046108;731 868;7;0;2;1;23;1
202200046109;731 866;7;0;1;1;15;1
202200046110;731 864;7;0;2;1;1;1
202200046110;731 865;33;0;2;4;23;1
202200046111;731 863;32;1;1;2;17;1
202200046112;731 862;7;0;1;2;1;1
202200046113;731 859;7;9;2;3;9;1
202200046113;731 861;33;0;2;1;1;1
202200046114;731 857;7;8;2;3;26;1
202200046114;731 860;7;1;2;2;26;1
202200046115;731 855;30;0;2;1;5;3
202200046115;731 858;7;0;2;8;19;1
202200046116;731 856;7;0;1;1;17;1
202200046117;731 854;99;16;0;9;1;0
202200046118;731 847;7;0;2;1;9;2
202200046118;731 851;17;0;2;1;1;1
202200046118;731 853;7;0;2;4;1;1
202200046119;731 848;1;0;2;8;1;5
202200046119;731 852;7;0;2;2;1;1
202200046120;731 846;7;0;2;1;2;1
202200046120;731 849;7;0;2;4;2;3
202200046120;731 850;7;0;2;4;2;1
202200046121;731 841;2;0;2;1;2;1
202200046121;731 844;7;0;2;4;2;1
202200046122;731 842;7;0;2;3;13;1
202200046122;731 845;7;0;2;3;1;1
202200046123;731 840;20;0;2;2;15;0
202200046123;731 843;33;0;2;1;1;1
202200046124;731 835;7;0;2;1;1;1
202200046124;731 838;21;0;2;4;1;1
202200046125;731 836;2;0;2;3;1;1
202200046125;731 839;7;0;2;2;9;1
202200046126;731 833;1;0;0;0;1;5
202200046127;731 832;7;4;0;6;1;1
202200046127;731 834;7;0;2;2;1;1
202200046128;731 828;33;0;2;1;1;1
202200046128;731 830;7;0;2;1;15;1
202200046129;731 825;7;0;2;3;9;1
202200046129;731 827;7;2;2;8;1;1
202200046130;731 824;14;0;0;4;2;1
202200046130;731 826;7;0;2;4;2;1
202200046130;731 829;7;0;2;4;2;1
202200046130;731 831;10;0;2;1;2;1
202200046131;731 821;33;1;0;1;0;1
202200046131;731 823;7;0;0;2;24;1
202200046132;731 820;33;0;2;1;1;0
202200046132;731 822;7;0;2;4;1;1
202200046133;731 819;7;0;1;1;26;1
202200046134;731 817;7;0;2;2;15;1
202200046134;731 818;33;0;2;1;1;1
202200046135;731 814;7;0;2;1;1;1
202200046135;731 816;7;0;2;7;10;0
202200046136;731 815;7;2;0;3;26;1
202200046137;731 811;10;0;1;1;1;1
202200046138;731 810;33;0;0;8;16;1
202200046139;731 808;7;0;1;2;16;1
202200046140;731 805;7;0;2;3;1;1
202200046140;731 806;7;0;2;5;0;1
202200046141;731 804;7;15;0;1;1;1
202200046142;731 803;7;0;1;1;16;1
202200046143;731 802;7;0;2;2;1;1
202200046143;731 807;7;0;2;6;9;1
202200046144;731 801;33;0;0;9;1;1
202200046145;731 800;33;15;0;0;13;1
202200046146;731 796;50;0;2;1;26;3
202200046146;731 798;3;0;2;2;1;1
202200046147;731 795;7;0;2;3;0;1
202200046147;731 797;7;0;2;3;0;1
202200046148;731 794;7;0;2;1;1;1
202200046148;731 799;80;0;2;8;19;3
202200046149;731 793;7;0;0;1;1;1
202200046150;731 791;30;0;2;4;9;1
202200046150;731 792;7;0;2;0;0;0
202200046151;731 786;33;0;2;3;16;1
202200046151;731 789;7;0;0;6;1;1
202200046152;731 790;2;1;0;8;1;3
202200046153;731 784;7;0;2;1;0;1
202200046153;731 787;30;0;2;1;1;1
202200046154;731 785;7;0;2;1;26;1
202200046154;731 788;7;0;2;4;26;1
202200046155;731 782;1;0;0;4;2;5
202200046155;731 783;7;0;9;1;2;1
202200046156;731 778;7;0;0;4;23;1
202200046156;731 781;7;0;2;3;2;1
202200046157;731 777;1;0;2;1;1;0
202200046157;731 779;7;0;2;2;15;1
202200046158;731 780;7;0;1;4;26;1
202200046159;731 776;7;13;0;2;2;1
202200046160;731 775;7;0;1;1;1;1
202200046161;731 772;7;0;2;5;15;1
202200046161;731 773;50;0;2;1;9;3
202200046162;731 774;7;0;1;1;19;1
202200046163;731 771;7;2;0;1;13;1
202200046164;731 768;7;1;2;2;18;2
202200046164;731 770;7;0;2;2;16;1
202200046165;731 766;7;2;0;3;13;1
202200046166;731 762;7;0;2;3;13;1
202200046166;731 767;7;0;2;3;1;1
202200046166;731 769;7;0;2;3;1;1
202200046167;731 764;7;0;2;4;0;1
202200046167;731 765;2;0;2;1;2;1
202200046168;731 761;7;0;2;6;0;1
202200046168;731 763;7;0;2;5;11;1
202200046169;731 760;7;0;5;1;1;1
202200046170;731 758;10;0;2;5;15;1
202200046170;731 759;1;0;2;1;1;5
202200046171;731 756;7;0;2;2;2;1
202200046171;731 757;2;0;0;4;2;1
202200046172;731 754;33;0;0;3;1;1
202200046173;731 753;7;0;1;1;15;1
202200046174;731 751;33;0;0;0;1;1
202200046175;731 752;7;0;2;1;1;1
202200046175;731 755;7;0;2;8;15;1
202200046176;731 748;7;0;2;1;5;1
202200046176;731 749;33;0;2;1;1;1
202200046177;731 750;7;0;1;2;1;1
202200046178;731 746;7;0;0;1;1;1
202200046179;731 745;34;0;1;1;26;1
202200046180;731 743;2;0;0;2;1;1
202200046180;731 747;10;0;2;3;10;1
202200046181;731 742;7;0;1;1;18;1
202200046182;731 741;7;0;2;1;1;1
202200046182;731 744;30;0;2;8;1;1
202200046183;731 740;3;0;1;3;15;1
202200046184;731 735;33;0;2;8;13;1
202200046184;731 738;7;0;2;2;1;1
202200046185;731 736;7;0;2;1;1;1
202200046185;731 739;7;0;0;8;19;1
202200046186;731 732;33;0;2;1;0;1
202200046186;731 734;7;0;2;6;0;1
202200046187;731 733;7;0;2;6;10;1
202200046187;731 737;33;0;2;1;1;1
202200046188;731 730;7;0;2;2;15;1
202200046188;731 731;30;0;2;1;1;1
202200046189;731 729;36;0;0;1;2;1
202200046190;731 728;7;0;1;1;26;1
202200046191;731 725;7;0;2;2;20;1
202200046191;731 727;32;0;2;1;1;1
202200046192;731 724;7;0;2;0;1;0
202200046192;731 726;7;15;2;1;13;1
202200046193;731 723;7;14;0;4;26;1
202200046194;731 722;7;0;1;3;13;1
202200046195;731 721;2;0;0;0;15;1
202200046196;731 717;36;13;0;1;14;1
202200046197;731 714;7;0;2;4;11;1
202200046197;731 716;34;0;2;4;17;1
202200046198;731 715;33;0;2;1;13;1
202200046198;731 718;7;0;2;1;1;1
202200046199;731 712;7;0;2;3;1;1
202200046199;731 713;32;0;2;7;17;1
202200046200;731 711;7;9;0;1;2;1
202200046201;731 710;7;8;0;9;1;1
202200046202;731 709;10;3;0;2;1;0
202200046203;731 702;32;0;0;3;0;1
202200046203;731 705;7;0;0;4;0;1
202200046204;731 703;7;0;2;2;15;1
202200046204;731 706;7;0;2;1;1;1
202200046205;731 699;10;0;2;2;17;1
202200046205;731 704;7;0;0;6;1;2
202200046206;731 698;3;0;1;2;21;1
202200046207;731 696;7;0;2;1;21;1
202200046207;731 701;13;0;0;6;2;1
202200046208;731 694;50;0;2;8;19;3
202200046208;731 697;7;0;2;2;21;1
202200046209;731 691;7;0;1;1;15;1
202200046210;731 690;7;4;0;1;1;1
202200046211;731 689;1;0;2;1;15;5
202200046211;731 693;10;0;0;7;1;1
202200046212;731 688;7;0;1;4;20;1
202200046213;731 686;32;0;0;8;3;1
202200046214;731 684;7;2;0;2;1;1
202200046215;731 679;7;0;2;1;1;1
202200046215;731 685;10;0;2;8;19;1
202200046216;731 680;1;0;2;3;13;5
202200046216;731 682;7;0;2;1;15;1
202200046217;731 676;10;0;2;2;2;0
202200046217;731 677;33;4;2;6;3;1
202200046218;731 670;10;0;2;2;2;1
202200046218;731 675;7;0;2;6;2;1
202200046219;731 667;7;0;2;4;2;1
202200046219;731 671;7;0;2;5;2;1
202200046219;731 674;7;0;2;7;1;1
202200046219;731 678;7;0;2;9;1;1
202200046220;731 668;7;0;2;7;15;2
202200046220;731 672;33;0;2;1;3;1
202200046221;731 669;7;0;2;4;0;1
202200046221;731 673;7;0;2;1;1;1
202200046222;731 665;7;0;2;3;15;0
202200046222;731 666;31;0;2;1;1;1
202200046223;731 664;31;0;0;0;3;3
202200046224;731 663;10;13;0;0;0;0
202200046225;731 659;10;0;0;0;19;1
202200046226;731 656;33;14;0;2;1;1
202200046227;731 654;7;0;2;3;1;2
202200046227;731 658;14;0;2;2;1;6
202200046228;731 653;10;4;0;1;13;0
202200046229;731 652;7;0;2;3;13;1
202200046229;731 657;7;0;2;1;16;1
202200046230;731 649;30;0;1;1;1;3
202200046231;731 651;7;8;0;1;13;1
202200046232;731 648;7;0;2;4;23;2
202200046232;731 650;7;0;2;1;2;1
202200046233;731 646;7;0;2;3;1;1
202200046233;731 647;7;0;2;3;1;1
202200046234;731 642;7;15;0;1;0;1
202200046235;731 643;7;14;1;1;1;1
202200046236;731 641;10;0;2;8;22;1
202200046236;731 645;32;0;2;2;18;1
202200046237;731 640;1;0;0;9;1;5
202200046238;731 638;7;5;0;2;13;1
202200046239;731 635;7;0;1;1;15;1
202200046240;731 634;10;0;2;1;1;1
202200046240;731 637;31;0;2;1;1;1
202200046241;731 636;7;0;2;1;2;1
202200046241;731 639;7;0;2;4;2;1
202200046242;731 631;2;0;2;1;1;1
202200046242;731 633;2;0;0;7;0;1
202200046243;731 629;7;0;2;3;13;1
202200046243;731 632;15;0;2;3;1;1
202200046244;731 626;1;0;2;1;1;5
202200046244;731 628;7;0;2;2;16;1
202200046245;731 627;7;0;2;5;2;1
202200046245;731 630;33;0;2;1;2;1
202200046246;731 625;7;3;0;3;1;1
202200046247;731 624;33;15;0;1;26;1
202200046248;731 623;7;6;0;8;1;1
202200046249;731 620;1;0;0;0;1;5
202200046250;731 616;10;0;2;3;21;1
202200046250;731 617;7;2;2;3;21;1
202200046251;731 621;50;0;1;1;1;3
202200046252;731 614;30;0;0;1;0;1
202200046253;731 615;7;3;0;7;14;1
202200046254;731 611;1;0;0;0;1;5
202200046255;731 612;43;0;2;8;15;1
202200046255;731 613;7;0;2;1;1;1
202200046256;731 607;7;0;2;2;16;1
202200046256;731 610;1;0;2;3;1;5
202200046257;731 603;7;2;2;2;13;1
202200046257;731 608;7;0;2;6;1;1
202200046258;731 604;7;0;2;1;1;0
202200046258;731 609;2;0;0;8;16;1
202200046259;731 602;33;0;2;1;1;1
202200046259;731 605;50;0;2;8;11;3
202200046260;731 600;30;12;0;5;13;1
202200046261;731 599;7;13;0;2;14;1
202200046262;731 597;7;0;0;0;13;1
202200046263;731 596;7;0;2;1;15;1
202200046264;731 594;50;0;2;1;0;3
202200046264;731 598;7;0;2;5;0;1
202200046265;731 592;7;6;0;3;13;1
202200046266;731 590;32;0;2;1;1;1
202200046266;731 595;7;0;2;8;1;1
202200046267;731 588;10;0;2;3;1;1
202200046267;731 593;7;0;2;3;1;1
202200046268;731 586;7;2;2;1;0;3
202200046268;731 589;7;0;2;4;0;1
202200046269;731 587;7;0;2;8;14;1
202200046269;731 591;1;0;2;1;15;5
202200046270;731 585;7;13;0;8;0;1
202200046271;731 582;80;0;0;0;0;3
202200046272;731 577;43;0;2;1;1;1
202200046272;731 581;7;0;2;2;15;1
202200046273;731 579;7;0;2;2;2;1
202200046273;731 584;34;0;2;1;1;1
202200046274;731 576;7;0;2;6;2;1
202200046274;731 578;7;0;2;2;2;1
202200046275;731 575;7;2;0;1;0;1
202200046276;731 568;1;0;2;4;1;5
202200046276;731 572;7;0;2;2;1;1
202200046277;731 570;34;0;2;1;2;1
202200046277;731 571;7;0;2;5;15;2
202200046278;731 567;33;3;0;8;17;1
202200046278;731 569;14;0;0;0;2;1
202200046279;731 565;7;0;1;1;26;1
202200046280;731 561;7;0;2;3;21;1
202200046280;731 562;7;0;2;3;1;1
202200046281;731 559;7;0;1;1;1;1
202200046282;731 556;34;0;1;3;11;1
202200046283;731 557;7;0;2;1;2;1
202200046283;731 560;7;0;2;4;2;1
202200046284;731 555;33;0;2;1;1;1
202200046284;731 558;33;0;2;3;1;1
202200046284;731 563;7;0;2;5;15;1
202200046285;731 554;33;0;0;0;1;1
202200046286;731 549;7;0;2;5;16;1
202200046286;731 553;50;0;2;1;25;3
202200046287;731 550;15;0;2;5;2;1
202200046287;731 551;10;0;2;1;2;1
202200046288;731 547;7;2;0;6;1;1
202200046289;731 548;31;0;2;7;1;1
202200046289;731 552;10;0;2;1;9;1
202200046290;731 545;7;0;2;3;13;1
202200046290;731 546;7;0;2;6;0;1
202200046291;731 544;2;1;0;1;0;1
202200046292;731 539;10;0;2;1;2;1
202200046292;731 543;7;0;2;4;2;1
202200046293;731 538;7;0;2;3;1;1
202200046293;731 541;7;0;2;1;15;1
202200046294;731 540;43;12;2;2;9;1
202200046294;731 542;7;0;2;8;11;1
202200046295;731 535;7;0;2;3;1;1
202200046295;731 537;2;0;2;1;13;1
202200046296;731 534;7;4;0;2;1;1
202200046297;731 533;7;0;2;1;13;1
202200046297;731 536;14;0;0;1;0;1
202200046298;731 531;1;0;2;0;1;5
202200046298;731 532;7;0;9;2;9;1
202200046299;731 528;10;0;2;3;1;1
202200046299;731 530;33;0;2;2;9;1
202200046300;731 524;30;0;2;3;1;1
202200046300;731 527;99;0;2;6;21;0
202200046301;731 522;50;0;2;7;1;3
202200046301;731 526;7;0;2;8;1;1
202200046302;731 520;7;0;2;8;1;1
202200046302;731 529;14;0;2;2;12;1
202200046303;731 519;7;0;2;1;1;1
202200046303;731 521;7;0;2;4;1;1
202200046303;731 525;7;0;2;4;1;1
202200046304;731 518;2;0;2;2;3;1
202200046304;731 523;10;0;2;3;15;2
202200046305;731 516;7;0;2;1;14;1
202200046306;731 517;3;3;0;1;9;1
202200046307;731 514;7;8;9;5;21;1
202200046308;731 513;7;13;0;9;16;1
202200046309;731 512;7;0;2;1;1;1
202200046309;731 515;15;0;2;5;12;1
202200046310;731 510;1;0;5;0;0;5
202200046311;731 508;1;0;2;1;19;5
202200046311;731 511;7;0;2;8;1;1
202200046312;731 507;1;0;2;1;19;5
202200046312;731 509;7;0;2;1;1;1
202200046313;731 503;7;0;2;1;1;1
202200046313;731 505;7;0;2;4;20;1
202200046314;731 504;7;0;1;4;2;1
202200046315;731 501;7;7;0;3;1;1
202200046315;731 506;7;0;0;1;9;1
202200046316;731 499;50;1;0;0;2;3
202200046317;731 498;7;0;2;1;9;1
202200046317;731 502;7;0;2;8;1;1
202200046318;731 496;30;0;2;1;2;1
202200046318;731 500;7;0;2;4;1;1
202200046319;731 495;1;0;2;1;15;5
202200046319;731 497;7;0;2;1;1;1
202200046320;731 493;32;0;2;1;15;1
202200046321;731 492;17;0;2;3;17;1
202200046321;731 494;10;0;2;3;13;1
202200046322;731 489;33;0;2;1;1;1
202200046322;731 491;1;0;2;8;9;5
202200046323;731 488;7;0;2;1;1;1
202200046323;731 490;2;0;2;2;19;1
202200046324;731 487;7;0;1;0;2;0
202200046325;731 486;7;0;0;0;1;1
202200046326;731 485;7;0;1;1;1;3
202200046327;731 483;7;1;0;1;14;1
202200046328;731 481;2;14;0;1;1;1
202200046329;731 482;7;0;1;1;26;1
202200046330;731 480;7;0;9;2;1;1
202200046330;731 484;60;0;2;1;5;0
202200046331;731 474;7;0;0;7;26;1
202200046332;731 476;7;0;2;2;17;1
202200046332;731 479;2;0;2;8;13;1
202200046333;731 473;30;0;2;1;1;1
202200046333;731 478;7;0;2;3;15;1
202200046334;731 471;10;0;2;4;23;1
202200046334;731 475;7;0;2;1;1;1
202200046335;731 472;17;0;0;6;24;1
202200046335;731 477;7;1;0;1;2;1
202200046336;731 467;7;0;1;1;15;1
202200046337;731 469;33;0;0;3;1;1
202200046338;731 464;7;0;2;1;1;1
202200046338;731 468;7;0;2;7;2;1
202200046339;731 463;7;0;2;1;1;1
202200046339;731 466;10;0;0;4;1;1
202200046340;731 460;7;0;2;7;1;0
202200046341;731 458;33;0;2;1;1;1
202200046341;731 462;7;0;2;7;19;1
202200046342;731 459;7;0;2;1;1;1
202200046342;731 461;99;0;2;1;5;3
202200046343;731 456;7;0;1;7;11;1
202200046344;731 454;7;0;2;1;1;1
202200046344;731 455;7;0;2;1;1;1
202200046345;731 453;7;0;2;5;17;1
202200046345;731 457;7;0;2;3;21;1
202200046346;731 451;10;0;1;7;2;1
202200046347;731 447;10;0;2;1;1;1
202200046347;731 450;7;0;2;4;2;1
202200046348;731 444;7;0;2;1;1;1
202200046348;731 449;7;0;2;3;1;1
202200046348;731 452;7;0;2;1;1;1
202200046349;731 441;7;0;2;2;0;1
202200046349;731 445;7;0;2;3;1;1
202200046350;731 442;7;0;2;7;15;1
202200046350;731 446;7;0;2;1;26;1
202200046351;731 440;7;0;2;1;13;1
202200046351;731 443;7;0;2;3;1;1
202200046351;731 448;7;0;2;1;1;1
202200046352;731 439;7;0;1;3;1;1