Num_Acc;id_vehicule;catv;obs;obsm;choc;manv;motor
202200046754;730 747;2;0;2;1;1;1
202200046755;730 743;7;13;0;5;1;1
202200046756;730 741;7;0;2;1;1;0
202200046756;730 744;7;0;0;7;19;1
202200046757;730 739;33;15;0;8;1;1
202200046758;730 738;1;0;2;6;13;5
202200046758;730 742;32;0;2;2;1;1
202200046759;730 737;7;0;2;1;1;1
202200046759;730 740;7;0;2;2;19;1
202200046760;730 736;2;8;0;1;1;1
202200046761;730 731;7;0;2;1;1;1
202200046761;730 734;7;5;0;2;1;1
202200046762;730 728;10;0;0;1;5;1
202200046762;730 729;99;0;2;4;2;5
202200046762;730 732;99;0;0;4;2;5
202200046762;730 735;7;0;9;2;1;6
202200046763;730 730;33;6;0;1;1;1
202200046764;730 727;7;0;2;3;10;1
202200046764;730 733;34;0;2;1;1;1
202200046765;730 726;7;1;0;6;20;1
202200046766;730 724;7;0;2;1;5;1
202200046766;730 725;7;0;2;1;1;1
202200046767;730 723;7;0;1;3;2;1
202200046768;730 722;7;8;0;9;21;1
202200046769;730 721;2;0;0;8;1;1
202200046770;730 718;7;0;2;7;2;1
202200046770;730 720;30;0;2;8;2;1
202200046771;730 717;32;0;2;1;1;1
202200046771;730 719;7;0;2;5;15;1
202200046772;730 716;35;16;0;1;1;1
202200046773;730 714;7;0;0;3;14;1
202200046774;730 713;33;0;2;1;1;1
202200046774;730 715;7;0;0;3;1;1
202200046775;730 709;7;0;2;3;9;1
202200046775;730 712;50;0;2;1;15;3
202200046776;730 707;1;0;2;7;1;5
202200046776;730 710;7;0;2;3;1;1
202200046777;730 708;2;0;0;0;0;1
202200046778;730 706;7;0;1;2;1;1
202200046779;730 705;7;0;2;3;16;1
202200046779;730 711;7;0;2;3;23;2
202200046780;730 701;7;0;0;2;9;1
202200046780;730 704;33;9;0;1;5;1
202200046781;730 696;7;8;0;7;19;1
202200046781;730 702;13;0;2;1;21;1
202200046782;730 697;80;0;2;7;1;3
202200046782;730 700;7;0;2;8;22;1
202200046783;730 695;2;0;2;1;1;1
202200046783;730 699;7;0;2;1;11;1
202200046784;730 698;7;0;2;1;9;1
202200046784;730 703;1;0;0;4;1;5
202200046785;730 694;7;2;0;7;2;1
202200046786;730 690;50;0;0;0;1;3
202200046787;730 689;7;0;2;2;15;1
202200046787;730 693;2;0;2;1;1;1
202200046788;730 691;7;3;0;0;0;1
202200046789;730 687;7;0;1;2;1;1
202200046790;730 688;33;0;2;1;2;1
202200046790;730 692;7;0;2;2;15;1
202200046791;730 684;43;0;1;1;17;1
202200046792;730 686;33;0;0;0;2;1
202200046793;730 683;33;0;6;1;1;1
202200046794;730 681;7;0;1;3;1;1
202200046795;730 682;7;0;2;8;1;1
202200046795;730 685;21;0;2;3;1;1
202200046796;730 679;30;0;0;0;1;3
202200046797;730 676;7;13;0;3;1;1
202200046798;730 675;33;0;2;1;1;1
202200046798;730 680;10;0;2;3;15;1
202200046799;730 673;7;0;2;3;1;1
202200046799;730 677;7;0;2;3;15;1
202200046800;730 674;7;0;2;3;1;1
202200046800;730 678;7;0;2;3;13;1
202200046801;730 671;7;16;0;0;1;1
202200046802;730 669;7;0;2;1;1;1
202200046802;730 672;7;0;2;1;1;1
202200046803;730 666;7;13;0;7;1;1
202200046804;730 665;7;6;2;1;1;1
202200046804;730 670;7;0;0;6;15;1
202200046805;730 663;7;0;2;3;15;2
202200046805;730 667;33;0;2;1;1;1
202200046806;730 661;7;0;2;9;26;1
202200046806;730 668;7;0;2;1;26;1
202200046807;730 662;32;0;2;1;17;1
202200046807;730 664;1;0;2;1;1;5
202200046808;730 658;50;0;2;1;13;3
202200046808;730 660;7;0;9;1;14;1
202200046809;730 656;33;0;2;1;1;1
202200046809;730 659;3;0;0;8;19;1
202200046810;730 657;7;0;1;1;1;1
202200046811;730 654;1;12;0;1;25;5
202200046812;730 655;7;3;0;1;14;1
202200046813;730 653;32;0;0;1;16;1
202200046814;730 652;7;0;1;2;1;1
202200046815;730 648;2;0;2;1;1;1
202200046815;730 651;7;0;2;3;15;1
202200046816;730 646;7;0;2;2;9;1
202200046816;730 650;33;0;2;1;7;1
202200046817;730 643;7;0;2;7;17;1
202200046817;730 645;7;0;2;3;1;1
202200046817;730 647;10;0;2;8;1;1
202200046818;730 641;10;0;2;7;19;1
202200046818;730 642;31;0;2;1;1;1
202200046819;730 640;7;0;1;1;2;1
202200046820;730 638;7;0;2;4;1;1
202200046820;730 644;7;0;2;9;11;1
202200046820;730 649;7;0;2;1;1;1
202200046821;730 636;33;9;0;1;1;1
202200046822;730 635;10;13;0;1;1;1
202200046823;730 634;7;5;0;8;13;1
202200046824;730 633;7;0;0;1;17;1
202200046824;730 637;7;0;0;9;17;1
202200046824;730 639;7;0;0;0;1;1
202200046825;730 631;7;12;0;1;2;1
202200046826;730 630;33;0;2;1;2;1
202200046826;730 632;7;0;2;4;2;1
202200046827;730 628;7;0;2;0;1;1
202200046827;730 629;33;0;0;8;1;1
202200046828;730 624;7;0;9;2;1;1
202200046828;730 627;1;0;2;6;1;5
202200046829;730 622;7;0;2;4;1;1
202200046829;730 625;99;0;2;1;1;3
202200046830;730 621;32;4;0;1;1;1
202200046831;730 623;7;0;2;1;1;1
202200046831;730 626;7;0;2;2;15;1
202200046832;730 617;7;0;9;1;1;1
202200046832;730 619;7;0;2;8;1;1
202200046832;730 620;7;0;2;3;13;1
202200046833;730 614;10;0;9;0;0;0
202200046833;730 618;50;0;2;0;1;3
202200046834;730 613;15;0;0;2;17;1
202200046834;730 616;7;4;0;8;1;1
202200046835;730 610;7;1;0;1;14;1
202200046835;730 612;7;0;2;5;23;1
202200046835;730 615;10;0;2;3;1;1
202200046836;730 608;7;15;0;1;2;1
202200046837;730 605;1;0;2;0;1;5
202200046837;730 609;1;0;2;0;1;5
202200046837;730 611;7;0;2;2;17;1
202200046838;730 604;17;0;0;4;2;6
202200046838;730 607;7;0;2;1;2;1
202200046839;730 601;14;3;0;3;2;1
202200046840;730 598;31;0;2;1;1;1
202200046840;730 599;3;0;2;5;15;0
202200046841;730 597;7;0;2;1;2;1
202200046841;730 600;7;0;2;1;2;1
202200046841;730 603;7;0;2;1;2;1
202200046841;730 606;7;0;0;4;2;1
202200046842;730 596;10;0;2;1;1;1
202200046842;730 602;50;0;2;7;1;3
202200046843;730 592;2;0;2;3;1;1
202200046843;730 593;21;0;2;8;1;1
202200046844;730 591;7;3;0;9;0;1
202200046845;730 589;33;0;1;1;1;1
202200046846;730 590;7;0;2;3;21;1
202200046846;730 594;7;0;0;5;0;0
202200046847;730 586;2;13;0;8;1;1
202200046848;730 585;1;0;0;0;0;5
202200046849;730 583;50;0;1;1;13;3
202200046850;730 580;2;16;0;1;14;1
202200046851;730 577;7;0;2;4;1;1
202200046851;730 582;7;0;2;4;1;1
202200046851;730 584;7;0;2;1;0;1
202200046852;730 576;7;0;2;6;2;1
202200046852;730 579;13;0;2;3;2;1
202200046853;730 573;7;0;1;1;1;1
202200046854;730 570;33;0;2;1;2;1
202200046854;730 571;7;0;2;6;2;1
202200046854;730 574;7;0;2;2;21;1
202200046855;730 565;33;0;2;1;13;1
202200046855;730 569;7;0;0;3;15;6
202200046856;730 564;7;0;0;0;21;2
202200046856;730 568;7;14;0;0;21;1
202200046856;730 572;7;14;0;1;1;1
202200046856;730 575;7;14;0;1;1;1
202200046856;730 578;7;4;0;5;1;1
202200046856;730 581;7;0;0;3;0;1
202200046856;730 587;7;0;0;4;2;2
202200046856;730 588;7;0;2;1;2;1
202200046857;730 563;30;0;2;1;2;0
202200046857;730 567;3;0;2;6;15;0
202200046858;730 562;7;0;2;3;1;1
202200046858;730 566;7;0;2;3;13;1
202200046859;730 560;10;3;2;7;17;1
202200046859;730 561;7;3;0;6;1;1
202200046860;730 557;32;0;2;4;1;1
202200046860;730 559;7;0;2;1;1;1
202200046861;730 558;2;0;0;0;1;0
202200046862;730 553;36;0;2;1;21;1
202200046862;730 556;7;0;2;3;20;2
202200046863;730 549;7;0;2;1;2;1
202200046863;730 551;7;0;2;4;1;1
202200046864;730 548;7;0;2;6;15;1
202200046864;730 550;33;0;2;1;1;1
202200046865;730 546;7;0;2;3;15;1
202200046865;730 547;30;0;2;7;17;1
202200046866;730 543;7;0;1;2;1;1
202200046867;730 552;1;0;2;1;1;5
202200046867;730 554;7;0;2;2;15;1
202200046868;730 545;17;0;2;4;1;1
202200046868;730 555;7;0;2;1;1;1
202200046869;730 539;7;0;2;4;1;1
202200046869;730 541;10;0;2;1;1;1
202200046869;730 542;7;0;2;4;1;2
202200046869;730 544;7;0;2;4;1;1
202200046870;730 537;2;0;2;1;17;1
202200046870;730 540;7;0;2;8;15;1
202200046871;730 536;7;0;2;8;15;1
202200046871;730 538;7;0;2;3;16;1
202200046872;730 533;10;0;2;6;12;1
202200046872;730 535;33;0;2;1;3;1
202200046873;730 530;2;0;2;1;17;1
202200046873;730 534;7;0;2;3;1;1
202200046874;730 531;7;0;2;3;1;1
202200046874;730 532;7;0;2;3;1;1
202200046875;730 527;7;0;2;7;1;1
202200046875;730 528;10;0;2;8;1;1
202200046876;730 524;7;0;2;3;15;1
202200046876;730 526;34;0;2;2;17;1
202200046877;730 520;7;3;0;2;1;1
202200046878;730 519;7;0;2;9;1;1
202200046878;730 523;7;3;2;9;23;1
202200046878;730 525;7;3;2;1;1;1
202200046879;730 517;7;3;2;6;2;1
202200046879;730 522;38;0;2;1;2;1
202200046880;730 516;7;0;2;2;1;1
202200046880;730 518;33;0;2;1;1;1
202200046881;730 512;13;0;1;0;1;1
202200046882;730 514;10;0;2;1;2;1
202200046882;730 515;7;0;2;4;2;1
202200046883;730 521;10;0;0;4;2;1
202200046883;730 529;10;0;2;1;2;1
202200046884;730 510;7;0;1;0;0;1
202200046885;730 511;7;0;2;2;15;1
202200046885;730 513;2;0;2;1;1;1
202200046886;730 509;13;4;0;1;0;0
202200046887;730 508;7;0;1;2;14;1
202200046888;730 505;7;0;2;3;1;1
202200046888;730 507;7;0;2;1;13;1
202200046889;730 502;7;0;1;2;16;1
202200046890;730 501;21;0;2;3;13;1
202200046890;730 506;7;0;2;2;17;1
202200046891;730 500;43;0;2;1;1;1
202200046891;730 504;7;0;2;2;6;1
202200046892;730 503;7;0;1;2;1;1
202200046893;730 499;33;16;0;1;16;1
202200046894;730 497;7;12;0;4;26;1
202200046895;730 494;7;0;2;8;13;1
202200046895;730 496;33;0;2;3;1;1
202200046896;730 493;7;0;2;1;2;1
202200046896;730 495;14;0;2;4;23;0
202200046897;730 491;7;2;0;1;13;0
202200046898;730 492;1;0;1;8;1;5
202200046899;730 485;30;0;2;4;1;1
202200046899;730 488;7;0;2;3;1;1
202200046900;730 484;30;0;9;1;9;1
202200046900;730 487;2;0;2;1;26;1
202200046901;730 483;1;0;2;1;1;5
202200046901;730 486;7;0;9;3;1;2
202200046902;730 481;7;0;1;1;15;1
202200046903;730 479;7;0;2;7;1;1
202200046903;730 480;50;0;2;1;5;3
202200046904;730 478;33;16;0;1;14;1
202200046905;730 482;2;0;0;7;15;1
202200046906;730 477;7;0;1;1;17;0
202200046907;730 475;-1;0;2;1;17;0
202200046908;730 472;7;0;0;6;1;1
202200046908;730 473;31;0;2;1;1;1
202200046908;730 474;31;0;2;1;1;1
202200046909;730 469;7;0;2;1;1;1
202200046909;730 471;7;0;2;4;2;1
202200046910;730 468;33;0;6;1;0;1
202200046911;730 467;7;1;2;1;1;1
202200046911;730 470;1;0;9;1;19;5
202200046912;730 464;33;7;0;8;1;1
202200046913;730 463;7;14;2;1;15;1
202200046913;730 465;30;0;2;3;1;1
202200046914;730 462;13;0;1;4;26;1
202200046915;730 459;7;0;2;3;1;1
202200046915;730 466;7;0;2;3;13;1
202200046916;730 458;7;0;2;3;2;1
202200046916;730 460;1;0;2;1;1;5
202200046917;730 457;13;0;1;5;0;1
202200046918;730 456;33;0;2;7;1;1
202200046918;730 461;7;0;2;1;1;1
202200046919;730 450;33;0;0;1;1;1
202200046919;730 453;33;0;0;1;1;1
202200046920;730 454;7;8;0;1;1;1
202200046921;730 449;2;0;1;1;1;1
202200046922;730 444;33;0;2;1;1;1
202200046922;730 446;33;0;2;1;17;1
202200046923;730 445;10;0;2;1;2;1
202200046923;730 447;7;0;2;8;2;1
202200046923;730 448;7;0;2;4;2;1
202200046923;730 452;7;0;2;4;2;1
202200046924;730 442;7;0;2;4;23;1
202200046924;730 443;30;0;2;1;2;1
202200046925;730 451;10;5;2;1;13;1
202200046925;730 455;17;0;2;3;1;1
202200046926;730 438;14;0;2;3;1;1
202200046926;730 441;7;8;2;3;0;1
202200046927;730 437;7;0;2;6;15;1
202200046927;730 440;34;0;2;1;17;1
202200046928;730 439;33;9;0;7;17;1
202200046929;730 434;7;0;2;0;15;1
202200046929;730 436;31;0;2;7;1;1
202200046930;730 432;7;2;0;3;1;1
202200046931;730 426;7;0;2;2;1;1
202200046931;730 428;1;0;2;7;19;5
202200046932;730 430;7;4;0;1;13;1
202200046933;730 429;1;0;9;1;0;5
202200046933;730 435;7;0;0;6;0;1
202200046934;730 424;37;0;2;2;1;1
202200046934;730 427;7;0;2;3;0;1
202200046935;730 422;7;0;2;7;15;1
202200046935;730 425;7;0;2;2;1;1
202200046936;730 421;33;0;2;2;1;1
202200046936;730 423;33;0;2;4;17;1
202200046937;730 417;10;0;2;1;1;1
202200046937;730 419;7;0;2;4;0;1
202200046938;730 415;50;0;0;0;26;3
202200046939;730 414;7;2;0;1;1;1
202200046940;730 413;7;0;2;2;15;1
202200046940;730 416;30;0;2;1;1;1
202200046941;730 411;7;0;2;2;9;1
202200046941;730 412;7;0;2;9;1;1
202200046942;730 410;33;0;0;0;1;1
202200046943;730 406;7;0;9;7;14;2
202200046943;730 409;31;0;2;1;1;1
202200046944;730 402;7;0;2;1;2;1
202200046944;730 407;7;0;2;4;2;1
202200046945;730 403;32;0;2;0;0;1
202200046945;730 408;7;0;2;3;0;0
202200046946;730 398;1;0;2;1;0;5
202200046946;730 401;7;0;9;3;0;1
202200046947;730 399;7;0;2;3;15;1
202200046947;730 404;2;0;2;1;1;1
202200046948;730 396;7;0;2;8;0;1
202200046948;730 397;7;0;2;6;0;1
202200046948;730 400;31;0;2;1;3;1
202200046949;730 393;7;0;2;3;1;1
202200046949;730 395;7;0;2;3;5;1
202200046950;730 391;17;0;2;3;1;1
202200046950;730 392;10;0;2;2;10;1
202200046951;730 390;33;0;1;1;2;1
202200046952;730 389;7;13;0;1;1;1
202200046953;730 388;7;0;2;1;26;1
202200046953;730 394;7;0;2;5;1;1
202200046954;730 383;7;15;0;1;0;1
202200046955;730 380;7;0;2;1;21;1
202200046955;730 385;15;0;2;6;26;1
202200046955;730 387;7;0;2;1;21;1
202200046956;730 381;33;0;0;1;0;1
202200046957;730 379;2;0;2;1;1;1
202200046957;730 384;10;0;0;7;1;1
202200046958;730 375;7;0;2;8;9;1
202200046958;730 378;15;0;2;2;1;1
202200046959;730 372;7;12;0;7;16;1
202200046959;730 377;33;0;2;1;18;1
202200046960;730 370;7;0;2;3;2;1
202200046960;730 373;7;0;2;5;2;1
202200046961;730 371;7;0;2;1;1;1
202200046961;730 376;7;12;2;4;1;1
202200046962;730 369;7;0;2;3;1;1
202200046962;730 374;7;0;2;1;13;1
202200046963;730 368;33;3;0;0;1;1
202200046964;730 365;7;0;2;4;10;1
202200046964;730 367;33;0;2;1;1;1
202200046965;730 362;7;0;0;1;13;1
202200046966;730 360;31;0;2;8;1;1
202200046966;730 364;7;0;2;2;12;1
202200046967;730 361;7;0;1;3;19;1
202200046968;730 359;7;0;2;5;1;1
202200046968;730 363;33;0;2;1;3;1
202200046968;730 366;7;0;2;0;0;0
202200046969;730 355;0;0;2;1;0;-1
202200046969;730 358;50;0;2;1;1;3
202200046970;730 353;10;0;2;5;12;1
202200046970;730 356;33;0;2;3;3;1
202200046971;730 354;7;15;0;2;1;1
202200046972;730 351;7;0;2;1;21;1
202200046972;730 357;14;0;2;6;15;1
202200046973;730 350;7;0;2;1;2;1
202200046973;730 352;7;0;2;4;2;1
202200046974;730 346;7;0;2;4;2;1
202200046974;730 348;33;0;2;1;2;1
202200046975;730 344;1;0;2;4;2;5
202200046975;730 345;10;0;2;3;2;1
202200046976;730 342;7;3;0;1;13;1
202200046977;730 340;33;3;0;8;0;1
202200046978;730 339;10;0;2;2;15;0
202200046978;730 341;1;0;2;1;1;5
202200046979;730 336;7;0;2;1;2;1
202200046979;730 338;7;0;2;4;0;2
202200046979;730 343;7;0;2;4;1;1
202200046980;730 334;7;0;2;1;1;1
202200046980;730 335;10;0;2;4;1;1
202200046980;730 337;10;0;2;1;1;1
202200046981;730 330;7;0;2;1;1;1
202200046981;730 333;7;0;2;8;19;1
202200046982;730 331;7;0;2;1;2;1
202200046982;730 332;7;0;2;4;0;0
202200046983;730 328;7;11;0;1;1;1
202200046984;730 327;7;0;2;1;2;1
202200046984;730 329;7;0;2;4;2;1
202200046985;730 321;33;0;2;0;0;1
202200046985;730 323;7;0;2;6;12;1
202200046986;730 322;7;0;2;1;1;1
202200046986;730 326;1;0;2;1;16;5
202200046987;730 319;7;0;2;1;1;1
202200046987;730 324;7;0;2;8;1;1
202200046987;730 325;7;0;2;8;13;1
202200046988;730 318;7;0;2;3;11;1
202200046988;730 320;31;4;2;3;3;1
202200046989;730 315;7;0;2;6;2;1
202200046989;730 317;7;0;2;2;2;1
202200046990;730 313;37;0;2;4;23;1
202200046990;730 316;10;0;2;1;1;1
202200046991;730 312;7;0;1;2;16;1
202200046992;730 311;32;4;2;0;1;1
202200046992;730 314;7;4;2;1;1;1
202200046993;730 309;7;0;2;4;1;1
202200046993;730 310;7;0;2;1;1;1
202200046994;730 307;7;0;1;1;1;1
202200046995;730 306;7;0;2;4;2;1
202200046996;730 305;7;0;2;1;1;3
202200046996;730 308;7;14;2;1;1;1
202200046997;730 303;33;0;2;2;3;1
202200046997;730 304;10;0;2;0;11;1
202200046998;730 301;7;0;2;2;6;1
202200046998;730 302;33;0;2;0;1;1
202200046999;730 299;33;4;0;8;1;1
202200047000;730 297;10;0;0;4;1;0
202200047000;730 300;41;0;2;2;21;3
202200047001;730 295;7;0;2;4;1;1
202200047001;730 296;7;0;2;4;1;1
202200047001;730 298;7;0;2;1;9;1
202200047002;730 294;7;0;1;1;1;1
202200047003;730 291;7;0;2;7;13;1
202200047003;730 293;7;0;2;1;1;1
202200047004;730 290;7;1;0;1;1;1
202200047004;730 292;7;0;2;4;24;1
202200047005;730 288;7;8;0;1;1;1
202200047006;730 287;10;6;2;6;1;3
202200047006;730 289;7;0;2;2;0;2
202200047007;730 286;7;3;0;1;1;1
202200047008;730 285;7;13;0;8;16;1
202200047009;730 283;7;0;1;1;16;1
202200047010;730 277;15;0;2;7;12;1
202200047010;730 281;7;0;2;8;1;1
202200047011;730 276;7;0;2;3;1;1
202200047011;730 280;14;0;2;3;1;1
202200047012;730 275;10;3;2;1;2;1
202200047012;730 278;10;0;2;4;1;1
202200047013;730 279;7;4;2;2;17;1
202200047013;730 282;7;0;2;6;1;1
202200047013;730 284;7;0;2;2;1;1
202200047014;730 272;33;0;0;0;14;1
202200047015;730 268;33;0;0;7;1;1
202200047016;730 267;7;14;0;1;1;1
202200047017;730 271;10;0;2;2;1;1
202200047017;730 273;31;0;2;3;17;1
202200047018;730 266;3;0;1;2;9;1
202200047019;730 265;99;0;1;1;1;6
202200047020;730 263;33;0;2;4;15;1
202200047020;730 264;10;0;2;1;15;1
202200047021;730 269;33;0;2;2;3;1
202200047021;730 270;7;0;2;8;11;1
202200047022;730 260;2;0;2;1;21;1
202200047022;730 262;7;0;2;3;9;1
202200047023;730 259;33;0;0;0;17;1
202200047024;730 258;7;0;2;3;0;1
202200047024;730 261;7;0;2;1;15;1
202200047025;730 256;7;0;1;2;17;1
202200047026;730 253;1;0;2;0;16;5
202200047026;730 254;7;0;9;1;16;1
202200047027;730 252;2;0;2;1;1;1
202200047027;730 255;7;0;2;5;15;2
202200047028;730 250;7;0;2;3;1;1
202200047028;730 251;7;0;2;3;1;1
202200047029;730 257;7;0;1;1;26;1
202200047030;730 244;7;0;2;2;1;1
202200047030;730 248;7;0;2;6;16;1
202200047031;730 247;80;0;4;1;19;3
202200047031;730 249;40;0;2;2;1;3
202200047032;730 242;7;13;0;1;1;1
202200047033;730 241;10;8;2;1;19;1
202200047033;730 243;7;0;2;7;19;1
202200047034;730 240;32;0;1;1;1;1
202200047035;730 235;37;0;2;1;1;1
202200047035;730 238;7;0;2;4;1;2
202200047036;730 233;33;0;2;1;1;1
202200047036;730 236;7;0;2;2;15;1
202200047037;730 234;7;6;2;1;1;1
202200047037;730 237;7;0;2;4;15;1
202200047037;730 239;10;0;2;1;1;1
202200047038;730 231;33;0;2;4;2;1
202200047038;730 232;7;0;2;1;2;1
202200047039;730 226;10;0;2;7;16;1
202200047039;730 229;1;0;2;1;1;5
202200047040;730 228;10;0;2;2;26;1
202200047040;730 230;7;0;2;6;11;1
202200047041;730 222;10;0;2;4;2;1
202200047041;730 224;7;4;2;1;2;1
202200047041;730 227;7;0;2;2;2;1
202200047042;730 223;7;0;2;2;9;1
202200047042;730 225;1;0;2;1;2;5
202200047043;730 220;1;0;2;7;19;5
202200047043;730 221;7;0;2;3;1;1
202200047044;730 217;50;0;2;0;0;3
202200047044;730 219;7;0;2;2;15;0
202200047045;730 215;33;16;0;1;13;1
202200047046;730 216;1;0;2;4;11;5
202200047046;730 218;30;0;2;1;1;1
202200047047;730 212;7;0;2;3;5;1
202200047047;730 214;14;0;2;3;5;0
202200047048;730 208;33;0;2;1;1;1
202200047048;730 210;7;0;2;1;15;1
202200047049;730 204;50;0;2;7;8;3
202200047049;730 206;7;0;2;2;12;1
202200047050;730 202;7;0;1;4;20;1
202200047051;730 201;32;0;1;1;1;1
202200047052;730 199;1;0;1;1;1;5
202200047053;730 198;17;0;2;4;1;1
202200047053;730 200;10;0;2;1;14;1
202200047054;730 193;7;0;2;1;1;1
202200047054;730 196;7;0;2;8;1;1
202200047055;730 194;14;14;0;3;26;1
202200047056;730 191;10;0;2;1;2;1
202200047056;730 192;7;0;2;1;2;1
202200047056;730 195;7;0;2;1;2;1
202200047056;730 197;7;0;2;4;2;1
202200047057;730 189;33;0;1;1;1;1
202200047058;730 188;7;0;2;5;9;1
202200047058;730 190;7;8;2;1;1;1
202200047059;730 187;7;0;1;2;1;1
202200047060;730 185;7;0;1;2;1;1
202200047061;730 184;7;0;1;3;15;1
202200047062;730 183;2;0;2;0;2;1
202200047062;730 186;3;0;2;0;16;1
202200047063;730 180;7;0;1;5;1;1
202200047064;730 179;7;0;9;2;15;1
202200047064;730 181;1;0;2;1;2;5
202200047065;730 177;10;0;1;2;1;1
202200047066;730 178;7;0;2;1;1;1
202200047066;730 182;7;0;2;3;1;1
202200047067;730 174;7;0;0;0;1;1
202200047068;730 173;50;0;2;0;19;3
202200047068;730 175;10;0;0;0;0;1
202200047069;730 172;2;1;0;1;1;1
202200047070;730 170;7;0;1;7;1;1
202200047071;730 169;7;0;2;3;9;1
202200047071;730 171;50;0;2;1;9;3
202200047072;730 167;33;0;2;1;1;1
202200047072;730 168;7;0;2;1;15;1
202200047073;730 164;1;0;2;2;15;5
202200047073;730 166;7;0;2;3;1;0
202200047074;730 162;7;0;1;1;1;1
202200047075;730 160;31;0;2;1;1;1
202200047075;730 161;10;0;2;5;12;1
202200047076;730 159;10;0;0;0;9;1
202200047077;730 156;7;0;2;3;5;1
202200047077;730 157;7;0;2;3;21;1
202200047077;730 158;7;0;2;3;13;1
202200047078;730 154;7;6;0;9;1;1
202200047079;730 153;7;0;2;7;16;1
202200047079;730 155;1;0;2;8;21;5
202200047080;730 151;7;0;2;1;9;1
202200047080;730 152;7;8;2;8;1;1
202200047081;730 148;31;0;0;0;0;1
202200047082;730 147;3;0;2;1;1;1
202200047082;730 150;7;0;2;7;15;1
202200047083;730 149;7;0;1;2;9;1
202200047084;730 145;7;0;2;4;2;1
202200047084;730 146;7;0;2;4;1;1
202200047085;730 142;7;0;2;4;2;1
202200047085;730 143;7;0;2;1;2;1
202200047086;730 141;7;0;2;3;1;2
202200047086;730 144;7;0;2;1;13;1
202200047087;730 139;7;0;2;7;2;1
202200047087;730 140;33;0;2;8;1;1
202200047088;730 138;2;0;1;1;18;1
202200047089;730 135;3;6;0;1;1;1
202200047090;730 136;33;0;2;1;3;1
202200047090;730 137;7;0;2;5;1;1
202200047091;730 133;7;0;2;8;22;1
202200047091;730 134;80;0;2;2;1;3
202200047092;730 130;7;0;2;4;2;1
202200047092;730 132;33;0;2;1;2;1
202200047093;730 129;33;0;2;1;1;1
202200047093;730 131;7;0;2;7;15;1
202200047094;730 127;99;0;1;0;26;0
202200047095;730 125;1;0;2;4;1;5
202200047095;730 126;7;0;2;2;1;1
202200047096;730 124;10;0;2;3;15;1
202200047096;730 128;33;0;2;1;5;1
202200047097;730 122;7;0;2;5;12;1
202200047097;730 123;33;0;2;3;3;1
202200047098;730 121;40;0;2;0;1;3
202200047099;730 120;7;6;0;1;14;1
202200047100;730 117;15;0;2;1;2;1
202200047100;730 119;15;0;2;4;0;1
202200047101;730 116;1;0;2;7;15;5
202200047101;730 118;7;0;2;1;1;1
202200047102;730 114;10;0;2;1;1;1
202200047102;730 115;32;0;2;4;1;1
202200047103;730 112;10;0;2;6;2;1
202200047103;730 113;33;0;2;2;2;1
202200047104;730 111;30;9;0;1;1;1
202200047105;730 107;10;0;2;5;2;0
202200047105;730 109;7;0;2;1;2;1
202200047106;730 106;7;0;2;2;15;1
202200047106;730 108;1;0;2;1;1;5
202200047107;730 105;1;0;2;0;1;5
202200047107;730 110;7;0;2;0;1;2
202200047108;730 103;7;0;2;1;1;1
202200047108;730 104;7;0;2;5;2;1
202200047109;730 099;7;0;2;1;1;1
202200047109;730 102;7;0;2;7;9;0
202200047110;730 098;7;0;2;2;16;2
202200047110;730 101;1;0;2;1;1;5
202200047111;730 094;33;0;2;1;2;1
202200047111;730 096;7;0;2;9;2;1
202200047111;730 097;7;0;2;9;2;1
202200047111;730 100;10;0;2;4;2;1
202200047112;730 093;7;0;2;3;13;1
202200047112;730 095;33;14;2;8;17;1
202200047113;730 091;7;3;0;1;14;1
202200047114;730 089;1;0;2;8;13;5
202200047114;730 092;32;8;2;2;17;1
202200047115;730 088;32;0;2;0;0;3
202200047115;730 090;0;0;0;0;0;0
202200047116;730 085;7;0;1;1;1;1
202200047117;730 086;1;1;0;2;14;5
202200047118;730 084;7;0;2;3;2;1
202200047118;730 087;7;0;2;5;2;1
202200047119;730 082;1;0;1;1;1;5
202200047120;730 081;7;0;2;4;1;1
202200047120;730 083;7;0;2;1;1;1
202200047121;730 080;7;0;1;3;1;1
202200047122;730 079;30;0;0;0;1;1
202200047123;730 074;7;0;2;4;1;1
202200047123;730 076;7;0;2;1;1;1
202200047123;730 078;7;0;2;1;1;1
202200047124;730 073;32;0;2;1;3;1
202200047124;730 075;7;0;2;5;1;1
202200047125;730 072;31;0;2;6;1;3
202200047125;730 077;10;0;2;7;15;1
202200047126;730 069;43;0;2;1;2;1
202200047126;730 071;7;0;2;5;2;1
202200047127;730 070;10;0;1;3;1;1
202200047128;730 067;1;0;1;1;1;5
202200047129;730 065;32;0;2;2;3;1
202200047129;730 068;7;0;2;8;11;1
202200047130;730 066;33;0;0;8;11;1
202200047131;730 060;32;0;2;1;14;1
202200047131;730 062;7;0;2;4;23;1
202200047132;730 061;7;0;2;2;7;2
202200047132;730 064;1;0;2;3;14;5
202200047133;730 059;7;0;2;8;26;1
202200047133;730 063;7;0;2;1;1;1
202200047134;730 056;32;0;2;1;17;3
202200047134;730 058;10;0;2;3;10;1
202200047135;730 054;1;0;2;0;0;5
202200047135;730 057;30;0;9;1;1;0
202200047136;730 053;7;0;2;6;9;1
202200047136;730 055;14;0;2;1;2;1
202200047137;730 051;7;0;2;2;1;1
202200047137;730 052;30;0;2;3;1;1
202200047138;730 049;32;0;0;0;0;6
202200047139;730 050;7;0;1;1;1;0
202200047140;730 047;10;0;2;3;15;1
202200047140;730 048;50;0;2;0;1;3
202200047141;730 045;7;0;1;1;16;6