Num_Acc;id_vehicule;catv;obs;obsm;choc;manv;motor
202200047536;729 340;33;0;2;8;1;1
202200047536;729 341;10;0;2;1;1;1
202200047537;729 339;7;13;0;1;1;1
202200047538;729 338;7;3;0;3;1;1
202200047539;729 336;7;0;2;0;15;1
202200047539;729 337;2;0;2;0;0;1
202200047540;729 334;7;0;2;6;9;1
202200047540;729 335;33;0;2;0;1;0
202200047541;729 331;7;0;2;1;1;2
202200047541;729 332;7;1;2;5;24;1
202200047541;729 333;7;1;2;8;13;1
202200047542;729 329;7;13;0;9;14;1
202200047543;729 328;7;8;0;1;1;1
202200047544;729 326;7;2;2;2;1;1
202200047544;729 327;7;0;2;1;1;1
202200047545;729 324;7;0;2;3;1;1
202200047545;729 325;7;0;2;1;13;1
202200047546;729 323;10;2;0;2;1;1
202200047547;729 321;33;0;2;1;1;1
202200047547;729 322;7;0;0;6;10;1
202200047548;729 318;10;0;0;2;17;1
202200047548;729 319;17;0;2;1;1;1
202200047548;729 320;7;0;2;1;17;1
202200047549;729 317;7;6;0;2;18;1
202200047550;729 315;7;0;2;1;2;1
202200047550;729 316;7;0;2;4;2;2
202200047551;729 314;7;4;0;3;26;1
202200047552;729 311;7;0;2;7;2;1
202200047552;729 312;7;0;2;6;9;2
202200047552;729 313;7;0;2;2;2;1
202200047553;729 310;7;4;0;2;2;1
202200047554;729 309;7;0;0;9;1;1
202200047555;729 308;7;4;0;3;1;1
202200047556;729 307;7;4;0;3;13;1
202200047557;729 306;7;4;0;3;26;1
202200047558;729 305;7;15;0;1;1;1
202200047559;729 303;7;4;0;1;26;1
202200047559;729 304;7;14;1;1;26;1
202200047560;729 302;7;0;9;1;1;1
202200047561;729 301;7;3;0;1;26;1
202200047562;729 299;7;0;2;1;1;1
202200047562;729 300;7;4;2;1;9;1
202200047563;729 298;7;4;0;1;1;1
202200047564;729 297;7;4;0;3;13;1
202200047565;729 296;7;6;0;1;1;1
202200047566;729 295;10;0;1;2;15;1
202200047567;729 293;33;0;0;7;16;1
202200047568;729 291;7;0;2;2;11;1
202200047568;729 292;7;0;2;5;2;1
202200047569;729 290;7;0;1;1;14;1
202200047570;729 287;14;0;2;1;2;1
202200047570;729 288;7;0;2;1;2;1
202200047570;729 289;7;0;2;4;2;1
202200047571;729 285;7;0;2;3;1;1
202200047571;729 286;31;0;2;2;9;1
202200047572;729 283;7;0;0;7;26;2
202200047572;729 284;2;0;2;1;19;1
202200047573;729 282;7;1;0;1;1;1
202200047574;729 278;7;0;2;2;9;1
202200047574;729 279;7;0;2;1;13;1
202200047575;729 276;7;0;2;1;2;0
202200047575;729 277;50;0;2;7;5;3
202200047576;729 274;2;0;2;1;1;1
202200047576;729 275;7;0;2;3;9;1
202200047577;729 272;7;0;2;6;15;1
202200047577;729 273;33;0;2;1;17;1
202200047578;729 263;7;0;2;4;0;1
202200047578;729 264;7;1;2;1;2;1
202200047578;729 265;7;0;2;4;2;1
202200047578;729 266;7;0;2;6;2;1
202200047578;729 267;7;0;2;4;2;1
202200047578;729 268;7;0;2;6;0;1
202200047578;729 269;7;0;2;4;0;1
202200047578;729 270;7;0;2;4;0;1
202200047578;729 271;7;0;2;4;0;1
202200047579;729 262;7;0;1;2;1;1
202200047580;729 260;7;0;2;3;13;1
202200047580;729 261;10;0;2;3;1;1
202200047581;729 259;7;1;0;1;14;1
202200047582;729 258;7;0;1;3;1;1
202200047583;729 257;7;0;0;1;26;1
202200047584;729 255;7;0;2;1;2;1
202200047584;729 256;7;0;2;4;1;1
202200047585;729 254;30;0;1;1;2;1
202200047586;729 252;7;0;2;1;2;1
202200047586;729 253;7;0;2;5;1;1
202200047587;729 250;7;0;2;1;1;1
202200047587;729 251;31;0;2;2;9;1
202200047588;729 248;7;0;2;7;19;1
202200047588;729 249;7;0;2;1;19;1
202200047589;729 246;7;0;0;0;15;1
202200047589;729 247;10;0;1;3;1;1
202200047590;729 245;7;0;1;2;1;1
202200047591;729 244;7;0;1;2;15;1
202200047592;729 242;7;0;2;1;2;1
202200047592;729 243;7;0;2;4;1;1
202200047593;729 240;1;0;2;7;1;5
202200047593;729 241;7;0;2;3;9;0
202200047594;729 238;10;0;2;1;1;1
202200047594;729 239;7;0;2;4;11;1
202200047595;729 237;7;0;1;2;1;1
202200047596;729 236;7;0;1;1;1;1
202200047597;729 235;10;1;0;2;26;1
202200047598;729 233;32;0;2;1;1;1
202200047598;729 234;7;0;2;4;1;1
202200047599;729 232;7;0;1;2;1;0
202200047600;729 230;2;0;2;2;1;0
202200047600;729 231;7;0;2;3;0;0
202200047601;729 229;7;0;0;9;1;1
202200047602;729 228;7;1;0;1;14;1
202200047603;729 226;7;0;2;3;9;1
202200047603;729 227;2;0;2;7;1;1
202200047604;729 225;7;0;1;1;15;2
202200047605;729 223;7;9;2;2;1;3
202200047605;729 224;10;0;2;6;1;1
202200047606;729 221;7;0;2;3;1;1
202200047606;729 222;30;0;2;1;15;1
202200047607;729 220;7;0;1;2;1;1
202200047608;729 219;7;4;0;1;1;1
202200047609;729 218;7;0;1;1;16;2
202200047610;729 217;34;0;0;0;1;0
202200047611;729 216;43;0;1;8;1;1
202200047612;729 214;7;0;2;4;10;1
202200047612;729 215;1;0;2;1;1;5
202200047613;729 213;37;0;1;5;16;6
202200047614;729 212;7;9;0;2;7;1
202200047615;729 210;32;0;2;8;1;1
202200047615;729 211;7;0;2;7;15;1
202200047616;729 208;30;0;2;2;1;1
202200047616;729 209;7;0;2;3;9;1
202200047617;729 206;50;0;2;1;19;3
202200047617;729 207;7;0;2;7;1;1
202200047618;729 204;30;0;9;1;26;1
202200047618;729 205;1;0;2;7;1;5
202200047619;729 202;60;0;2;1;25;5
202200047619;729 203;7;0;2;2;1;1
202200047620;729 200;7;0;2;1;1;1
202200047620;729 201;7;0;2;4;2;1
202200047621;729 199;7;0;1;1;1;1
202200047622;729 198;7;0;1;2;2;1
202200047623;729 195;7;0;2;4;23;1
202200047623;729 196;7;0;2;1;2;1
202200047623;729 197;7;0;2;4;2;1
202200047624;729 194;7;1;1;1;21;1
202200047625;729 193;7;0;1;1;9;1
202200047626;729 192;37;0;1;7;1;1
202200047627;729 190;7;0;2;1;1;1
202200047627;729 191;7;0;2;5;1;1
202200047628;729 188;60;0;2;1;2;5
202200047628;729 189;7;0;9;7;22;1
202200047629;729 186;2;0;2;1;1;1
202200047629;729 187;7;0;2;2;15;1
202200047630;729 185;7;13;0;0;1;1
202200047631;729 184;7;8;0;9;1;1
202200047632;729 182;34;0;2;1;1;1
202200047632;729 183;7;0;2;6;19;1
202200047633;729 180;33;0;2;3;1;1
202200047633;729 181;7;0;2;3;15;1
202200047634;729 178;7;0;2;2;26;1
202200047634;729 179;7;0;2;3;26;1
202200047635;729 177;7;0;1;1;2;1
202200047636;729 175;7;0;2;3;9;1
202200047636;729 176;50;0;2;8;0;3
202200047637;729 174;30;0;0;8;1;1
202200047638;729 173;7;0;1;3;1;1
202200047639;729 170;37;0;1;1;1;2
202200047640;729 168;7;0;2;1;16;1
202200047640;729 169;80;0;2;1;1;3
202200047641;729 166;33;0;2;2;1;1
202200047641;729 167;10;0;2;1;11;1
202200047642;729 164;10;0;2;0;9;1
202200047642;729 165;1;0;2;7;1;5
202200047643;729 162;7;0;2;6;1;1
202200047643;729 163;1;0;2;1;19;5
202200047644;729 160;10;0;2;3;15;3
202200047644;729 161;33;0;2;1;1;1
202200047645;729 157;7;0;2;4;23;1
202200047645;729 158;7;0;2;4;1;1
202200047645;729 159;7;0;2;1;1;1
202200047646;729 155;32;0;2;1;2;1
202200047646;729 156;7;0;2;5;16;1
202200047647;729 153;7;0;0;5;2;0
202200047647;729 154;33;0;2;1;21;1
202200047648;729 151;34;0;2;7;17;1
202200047648;729 152;7;0;2;8;1;1
202200047649;729 149;10;0;2;3;15;1
202200047649;729 150;31;0;2;1;1;1
202200047650;729 147;50;0;2;1;1;3
202200047650;729 148;7;0;2;3;19;1
202200047651;729 146;10;0;1;3;10;1
202200047652;729 144;37;0;2;3;1;1
202200047652;729 145;7;0;2;0;17;1
202200047653;729 142;33;0;9;1;1;1
202200047653;729 143;10;0;9;0;1;1
202200047654;729 140;1;0;2;0;0;5
202200047654;729 141;7;0;9;0;9;1
202200047655;729 139;30;0;0;0;26;1
202200047656;729 137;1;0;2;5;19;5
202200047656;729 138;7;0;2;1;1;1
202200047657;729 131;7;0;2;1;13;0
202200047657;729 132;7;0;2;1;1;0
202200047658;729 130;32;0;0;1;1;1
202200047659;729 128;7;0;2;4;2;1
202200047659;729 129;7;0;2;1;2;1
202200047660;729 127;32;0;2;1;26;0
202200047661;729 125;7;0;2;5;16;1
202200047661;729 126;43;0;2;7;26;1
202200047662;729 123;7;0;2;3;19;1
202200047662;729 124;50;0;2;1;5;3
202200047663;729 121;7;16;2;1;5;1
202200047663;729 122;7;0;2;1;2;6
202200047664;729 119;34;0;2;2;9;1
202200047664;729 120;7;0;2;1;9;1
202200047665;729 117;7;0;2;1;1;1
202200047665;729 118;31;0;0;4;23;1
202200047666;729 116;31;0;0;7;1;1
202200047667;729 112;33;0;2;1;3;1
202200047667;729 113;7;0;2;3;11;1
202200047667;729 114;7;0;2;7;1;1
202200047667;729 115;7;0;2;4;1;1
202200047668;729 111;32;4;0;1;21;1
202200047669;729 110;33;4;0;1;12;1
202200047670;729 109;7;14;0;1;1;3
202200047671;729 107;7;0;2;5;16;1
202200047671;729 108;1;0;2;0;1;5
202200047672;729 105;7;0;2;3;9;1
202200047672;729 106;32;0;2;1;1;1
202200047673;729 103;10;0;2;6;24;1
202200047673;729 104;14;1;2;5;14;1
202200047674;729 102;1;0;0;0;1;5
202200047675;729 101;30;0;0;1;21;3
202200047676;729 099;33;0;2;4;10;1
202200047676;729 100;30;0;2;1;1;1
202200047677;729 098;7;0;1;3;9;0
202200047678;729 095;14;0;2;8;24;1
202200047678;729 096;33;0;2;7;18;1
202200047678;729 097;38;0;2;7;14;1
202200047679;729 093;7;0;2;3;1;1
202200047679;729 094;33;0;2;3;1;1
202200047680;729 092;33;14;0;8;10;1
202200047681;729 090;7;0;2;3;1;2
202200047681;729 091;1;0;2;7;1;5
202200047682;729 088;2;1;2;3;18;1
202200047682;729 089;7;1;2;2;20;1
202200047683;729 084;7;0;2;5;1;1
202200047683;729 086;7;0;2;3;1;2
202200047684;729 080;7;0;9;1;2;1
202200047684;729 081;7;0;9;1;2;1
202200047684;729 082;7;0;2;2;2;1
202200047684;729 083;7;0;9;1;2;0
202200047684;729 085;7;0;9;1;2;0
202200047684;729 087;13;0;2;4;2;0
202200047685;729 079;7;0;1;3;16;1
202200047686;729 077;7;0;2;6;11;1
202200047686;729 078;43;0;2;7;0;1
202200047687;729 075;7;0;0;9;1;1
202200047688;729 074;32;0;2;1;1;1
202200047688;729 076;10;0;2;7;1;1
202200047689;729 072;7;0;0;5;12;1
202200047689;729 073;7;0;2;2;1;1
202200047690;729 070;33;0;2;1;1;1
202200047690;729 071;7;0;2;2;13;1
202200047691;729 069;7;0;1;2;1;1
202200047692;729 066;10;0;2;1;1;1
202200047692;729 068;7;-1;2;4;23;1
202200047693;729 064;32;16;0;1;1;1
202200047694;729 065;10;1;0;0;0;0
202200047694;729 067;31;0;2;1;1;1
202200047695;729 062;33;3;2;7;3;1
202200047695;729 063;7;3;2;3;11;1
202200047696;729 059;7;0;2;6;11;1
202200047696;729 060;33;0;2;2;3;1
202200047697;729 058;7;0;2;1;1;1
202200047697;729 061;7;9;2;7;16;1
202200047698;729 056;7;0;2;4;12;1
202200047698;729 057;33;0;2;1;3;1
202200047699;729 053;7;0;2;7;12;1
202200047699;729 054;33;3;2;8;3;1
202200047700;729 055;7;0;1;7;0;1
202200047701;729 049;43;0;2;4;3;1
202200047701;729 050;43;0;2;1;3;1
202200047701;729 052;7;0;2;2;2;1
202200047702;729 048;2;12;2;0;1;1
202200047702;729 051;10;15;2;0;4;0
202200047703;729 047;7;1;0;6;26;1
202200047704;729 045;15;0;2;2;14;1
202200047704;729 046;7;0;2;3;2;1
202200047705;729 042;42;0;2;1;12;0
202200047705;729 043;7;0;2;4;23;1
202200047706;729 038;7;0;2;4;2;1
202200047706;729 040;7;0;2;4;2;2
202200047706;729 041;7;0;2;0;0;1
202200047707;729 039;7;0;2;0;0;1
202200047707;729 044;7;0;2;2;9;1
202200047708;729 035;7;0;2;4;1;1
202200047708;729 037;7;0;2;1;1;1
202200047709;729 036;7;0;1;3;15;2
202200047710;729 033;7;0;2;4;2;1
202200047710;729 034;7;0;2;1;1;1
202200047711;729 032;99;0;1;1;1;0
202200047712;729 029;7;0;2;1;1;1
202200047712;729 030;7;0;2;4;1;1
202200047712;729 031;7;0;2;4;0;1
202200047713;729 027;7;6;0;7;0;1
202200047714;729 026;7;0;2;4;24;1
202200047714;729 028;7;1;0;2;13;1
202200047715;729 025;10;0;1;3;1;3
202200047716;729 021;7;0;2;7;12;1
202200047716;729 023;32;0;2;3;3;1
202200047716;729 024;33;0;2;1;3;1
202200047717;729 022;7;0;1;2;15;1
202200047718;729 015;33;0;2;2;17;1
202200047718;729 016;33;0;2;8;3;1
202200047718;729 018;7;0;2;5;1;2
202200047718;729 019;33;0;2;3;2;1
202200047718;729 020;31;0;2;5;3;1
202200047719;729 014;0;0;2;4;4;0
202200047719;729 017;10;0;1;4;1;0
202200047720;729 011;50;0;2;1;1;3
202200047720;729 012;7;0;2;2;16;1
202200047721;729 013;50;0;0;0;1;3
202200047722;729 009;7;0;2;7;15;2
202200047722;729 010;30;0;2;8;1;3
202200047723;729 008;10;0;1;1;16;1
202200047724;729 007;33;0;1;1;1;1
202200047725;729 005;50;0;2;1;1;3
202200047725;729 006;7;0;2;2;16;1
202200047726;729 004;31;0;1;1;14;1
202200047727;729 003;2;0;0;2;1;1
202200047728;729 001;1;0;2;1;1;5
202200047728;729 002;10;0;2;2;15;1
202200047729;728 997;50;0;2;7;1;3
202200047729;729 000;7;0;9;1;9;3
202200047730;728 999;34;0;1;1;1;1
202200047731;728 995;7;2;0;1;1;1
202200047732;728 993;33;4;0;3;2;1
202200047732;728 996;10;0;0;5;2;1
202200047732;728 998;10;4;0;3;10;1
202200047733;728 994;32;0;1;1;1;1
202200047734;728 991;7;14;0;4;2;0
202200047734;728 992;7;0;2;4;2;0
202200047735;728 990;37;0;0;0;26;1
202200047736;728 989;80;0;1;1;1;3
202200047737;728 988;7;1;1;2;26;1
202200047738;728 985;7;0;2;3;9;1
202200047738;728 987;33;0;2;1;1;1
202200047739;728 984;7;0;2;7;1;1
202200047739;728 986;33;0;2;7;1;1
202200047740;728 979;10;0;2;2;13;1
202200047740;728 981;10;0;2;3;21;1
202200047741;728 980;7;0;1;1;1;1
202200047742;728 977;7;0;2;3;23;1
202200047742;728 978;7;0;2;6;23;1
202200047742;728 982;7;12;0;2;15;1
202200047743;728 971;7;0;1;2;1;1
202200047744;728 973;80;0;2;1;13;3
202200047744;728 975;1;0;2;1;1;5
202200047745;728 968;1;0;2;1;1;5
202200047745;728 970;10;0;2;3;13;1
202200047746;728 966;7;0;2;6;10;1
202200047746;728 969;33;0;2;1;1;1
202200047747;728 965;7;0;2;0;22;1
202200047747;728 967;1;0;2;0;21;5
202200047748;728 964;33;9;0;1;0;1
202200047749;728 962;7;0;0;2;26;1
202200047750;728 961;1;0;2;0;1;5
202200047750;728 963;7;0;2;0;9;1
202200047751;728 960;33;13;0;0;17;1
202200047752;728 958;7;0;2;3;15;1
202200047752;728 959;2;0;2;3;1;1
202200047753;728 956;33;12;0;1;10;1
202200047754;728 955;7;0;0;0;0;1
202200047754;728 957;1;0;2;1;0;5
202200047755;728 953;50;0;2;8;15;3
202200047755;728 954;2;0;9;1;1;3
202200047756;728 951;7;0;1;3;1;1
202200047757;728 950;10;9;2;1;1;1
202200047757;728 952;7;0;2;1;1;1
202200047758;728 948;7;0;2;5;23;1
202200047758;728 949;7;7;1;1;2;1
202200047759;728 945;31;0;2;1;1;1
202200047759;728 947;7;0;2;3;10;1
202200047760;728 944;10;0;1;6;4;1
202200047761;728 943;7;0;2;7;9;1
202200047761;728 946;7;0;2;1;1;1
202200047762;728 941;7;0;1;4;26;1
202200047763;728 939;7;0;2;4;13;1
202200047763;728 940;7;0;2;1;1;1
202200047764;728 938;7;0;2;3;15;1
202200047764;728 942;33;0;2;1;1;1
202200047765;728 937;7;0;1;1;1;1
202200047766;728 936;7;0;1;2;2;2
202200047767;728 934;7;0;2;1;13;1
202200047767;728 935;7;0;2;1;1;1
202200047768;728 933;13;0;1;5;26;1
202200047769;728 930;7;2;0;1;14;1
202200047770;728 929;33;0;2;1;1;1
202200047770;728 932;7;0;2;1;1;1
202200047771;728 928;32;0;2;7;21;1
202200047771;728 931;10;0;0;0;13;0
202200047772;728 926;7;2;0;1;13;1
202200047773;728 923;7;16;1;1;1;1
202200047774;728 924;7;0;2;8;1;2
202200047774;728 925;7;3;2;7;1;1
202200047774;728 927;7;3;2;3;9;1
202200047775;728 921;7;0;2;8;22;1
202200047775;728 922;1;1;0;1;1;5
202200047776;728 918;2;1;0;1;1;1
202200047776;728 919;13;0;0;5;23;1
202200047777;728 917;50;0;0;0;26;3
202200047778;728 916;7;0;2;1;1;1
202200047778;728 920;7;0;2;1;13;1
202200047779;728 912;80;15;2;8;1;3
202200047779;728 914;1;15;2;3;1;5
202200047779;728 915;15;0;2;2;1;1
202200047780;728 910;7;0;2;1;9;1
202200047780;728 913;50;0;2;7;1;3
202200047781;728 909;7;0;1;2;19;1
202200047782;728 908;32;0;2;1;1;1
202200047782;728 911;7;0;2;2;15;1
202200047783;728 907;33;16;0;8;1;1
202200047784;728 905;2;0;2;1;9;1
202200047784;728 906;7;0;2;3;15;1
202200047785;728 904;50;15;0;1;1;3
202200047786;728 903;10;15;0;2;10;1
202200047787;728 901;33;0;2;1;1;1
202200047787;728 902;7;0;2;3;15;1
202200047788;728 899;40;0;9;2;1;3
202200047788;728 900;1;0;4;4;19;5
202200047789;728 898;10;0;1;2;1;0
202200047790;728 897;7;15;0;1;0;1
202200047791;728 894;7;0;2;2;1;1
202200047791;728 896;7;0;2;6;1;1
202200047792;728 893;7;0;1;2;0;1
202200047793;728 892;33;2;2;9;17;1
202200047793;728 895;10;0;9;5;15;1
202200047794;728 889;31;0;2;1;1;1
202200047794;728 891;7;0;2;1;15;1
202200047795;728 888;21;0;2;2;16;1
202200047795;728 890;33;0;2;3;18;1
202200047796;728 885;1;0;2;8;1;5
202200047796;728 887;7;0;2;1;1;1
202200047797;728 883;7;0;9;1;26;1
202200047797;728 886;1;0;2;1;26;5
202200047798;728 881;7;0;2;2;1;1
202200047798;728 884;7;0;2;3;1;1
202200047799;728 880;7;0;2;1;1;1
202200047799;728 882;10;0;2;2;15;1
202200047800;728 878;10;0;1;1;15;1
202200047801;728 877;33;13;0;1;26;1
202200047802;728 876;7;0;9;2;1;1
202200047802;728 879;37;0;2;6;24;1
202200047803;728 874;33;0;0;0;26;1
202200047804;728 873;7;7;2;2;15;1
202200047804;728 875;7;0;2;1;1;1
202200047805;728 870;7;0;2;3;13;1
202200047805;728 871;7;0;2;8;1;1
202200047805;728 872;7;0;2;3;1;1
202200047806;728 869;7;13;0;1;1;1
202200047807;728 864;33;17;0;1;0;1
202200047808;728 866;10;0;2;1;2;1
202200047808;728 868;17;4;0;2;2;1
202200047809;728 865;7;0;2;1;1;1
202200047809;728 867;1;0;2;4;2;5
202200047810;728 863;33;0;0;9;1;1
202200047811;728 860;7;0;2;1;1;1
202200047811;728 862;7;0;2;8;1;1
202200047812;728 861;7;0;1;3;15;1
202200047813;728 859;33;16;0;0;17;1
202200047814;728 858;7;6;0;1;1;1
202200047815;728 857;7;6;0;1;13;1
202200047816;728 856;7;1;1;3;26;1
202200047817;728 854;7;0;1;3;15;1
202200047818;728 853;33;0;0;9;17;1
202200047819;728 851;7;0;2;3;1;1
202200047819;728 855;2;0;2;8;9;1
202200047820;728 849;37;0;0;0;0;6
202200047820;728 852;7;0;2;6;11;1
202200047821;728 847;7;0;9;0;9;1
202200047821;728 850;60;0;2;0;1;5
202200047822;728 846;7;0;0;9;26;1
202200047823;728 844;7;0;1;1;16;1
202200047824;728 845;7;6;2;2;19;1
202200047824;728 848;7;0;2;1;1;1
202200047825;728 839;30;0;2;7;21;1
202200047825;728 842;7;0;2;3;26;1
202200047826;728 837;7;0;2;1;1;0
202200047826;728 841;7;0;2;9;1;0
202200047826;728 843;7;0;2;4;1;0
202200047827;728 838;37;0;1;1;1;1
202200047828;728 836;7;6;0;1;13;1
202200047829;728 833;32;5;0;0;0;1
202200047830;728 832;7;0;1;5;20;1
202200047831;728 835;7;8;2;1;13;1
202200047831;728 840;7;0;2;1;1;1
202200047832;728 831;7;0;2;4;2;1
202200047832;728 834;30;0;2;1;2;1
202200047833;728 828;7;0;2;1;1;1
202200047833;728 830;7;0;2;1;13;1
202200047834;728 824;15;0;2;2;1;1
202200047834;728 829;7;0;2;8;1;1
202200047835;728 822;2;9;0;3;5;0
202200047836;728 823;7;17;0;1;13;1
202200047837;728 826;31;0;2;1;17;1
202200047837;728 827;7;0;9;6;15;1
202200047838;728 821;17;0;1;7;26;1
202200047839;728 815;7;0;2;3;1;1
202200047839;728 818;2;0;2;1;15;1
202200047840;728 816;7;0;2;8;1;1
202200047840;728 825;7;0;2;1;1;1
202200047841;728 814;32;0;2;4;2;1
202200047841;728 819;7;0;2;4;2;1
202200047841;728 820;7;0;2;1;2;1
202200047842;728 810;10;0;2;1;13;1
202200047842;728 813;7;0;2;1;1;1
202200047843;728 812;2;0;2;3;1;1
202200047843;728 817;7;0;2;3;1;1
202200047844;728 809;2;0;2;1;17;1
202200047844;728 811;7;0;2;7;15;1
202200047845;728 807;7;0;1;2;1;1
202200047846;728 806;7;1;0;1;26;1
202200047847;728 804;7;0;2;1;9;1
202200047847;728 808;50;0;0;0;0;3
202200047848;728 805;10;13;0;1;1;1
202200047849;728 801;7;0;2;2;15;1
202200047849;728 803;30;0;2;1;18;1
202200047850;728 802;2;0;1;1;17;1
202200047851;728 796;7;0;2;4;23;1
202200047851;728 799;10;0;2;1;2;1
202200047852;728 794;31;0;0;0;0;3
202200047853;728 798;7;0;2;1;15;1
202200047853;728 800;30;0;2;1;1;1
202200047854;728 792;10;0;2;8;1;1
202200047854;728 795;30;0;2;1;1;1
202200047855;728 793;7;0;2;2;2;1
202200047855;728 797;1;0;2;4;2;5
202200047856;728 790;33;0;0;0;15;1
202200047857;728 789;80;0;2;3;1;3
202200047857;728 791;10;0;2;2;14;1
202200047858;728 787;7;1;0;2;26;1
202200047858;728 788;7;0;2;6;23;1
202200047859;728 781;7;0;2;3;9;1
202200047859;728 784;33;0;2;1;1;1
202200047860;728 780;7;0;9;2;1;1
202200047860;728 785;50;0;2;1;1;3
202200047861;728 782;7;0;2;3;26;1
202200047861;728 783;7;0;2;2;1;1
202200047862;728 776;7;0;2;1;15;1
202200047862;728 779;7;0;2;1;15;1
202200047863;728 778;7;0;2;1;1;1
202200047863;728 786;7;0;2;8;19;1
202200047864;728 770;7;0;0;3;20;1
202200047864;728 773;7;1;1;2;1;1
202200047864;728 777;7;0;0;4;20;1
202200047865;728 772;7;0;2;3;0;1
202200047865;728 775;7;0;2;3;26;1
202200047866;728 771;60;1;2;1;19;5
202200047866;728 774;7;1;2;3;1;1
202200047867;728 767;7;0;2;4;23;1
202200047867;728 769;10;0;2;1;2;1
202200047868;728 765;99;0;1;3;1;1
202200047869;728 764;33;13;2;7;1;1
202200047869;728 768;7;0;2;1;1;1
202200047870;728 762;7;0;2;0;26;2
202200047870;728 766;50;0;2;1;1;3
202200047871;728 758;34;0;-1;-1;-1;-1
202200047871;728 760;99;0;0;0;-1;-1
202200047872;728 759;7;0;2;4;23;1
202200047872;728 761;7;0;2;4;2;1
202200047872;728 763;7;0;2;1;2;1
202200047873;728 756;1;0;0;0;26;5
202200047874;728 755;15;0;9;1;9;1
202200047874;728 757;1;0;2;7;1;5
202200047875;728 752;7;0;2;1;2;1
202200047875;728 754;1;0;2;4;2;5
202200047876;728 751;7;17;0;1;13;1
202200047877;728 750;7;0;1;0;26;1
202200047878;728 753;7;13;0;1;14;1
202200047879;728 748;50;0;0;0;1;3
202200047880;728 747;7;0;2;3;15;1
202200047880;728 749;1;0;2;1;1;0
202200047881;728 745;7;0;2;1;15;1
202200047882;728 741;7;0;2;2;26;1
202200047882;728 744;17;0;2;2;0;1
202200047883;728 742;7;0;2;3;1;1
202200047883;728 746;10;0;2;3;13;1
202200047884;728 739;7;0;2;3;13;1
202200047884;728 743;7;0;2;3;1;1
202200047885;728 736;7;0;2;1;2;1
202200047885;728 738;7;0;2;4;2;1
202200047886;728 737;2;0;2;1;2;1
202200047886;728 740;7;0;2;4;2;1
202200047887;728 730;21;0;2;6;1;1
202200047887;728 733;7;0;2;3;1;1
202200047888;728 731;7;0;2;1;1;1
202200047888;728 734;33;0;2;4;23;1
202200047889;728 729;7;0;2;1;1;1
202200047889;728 735;7;0;2;2;1;1
202200047890;728 727;7;6;0;1;0;1
202200047891;728 728;1;0;2;8;1;5
202200047891;728 732;7;0;2;2;2;1
202200047892;728 726;30;0;0;0;1;1
202200047893;728 725;7;0;0;1;13;1
202200047894;728 722;36;6;0;1;1;1
202200047895;728 720;0;0;0;0;0;0
202200047895;728 724;32;0;0;0;26;1
202200047896;728 721;7;0;1;8;1;1
202200047897;728 719;7;0;1;3;1;2
202200047898;728 717;7;0;0;0;0;1
202200047899;728 716;7;0;1;3;1;1
202200047900;728 714;2;6;0;1;1;1
202200047901;728 711;30;0;2;0;21;1
202200047902;728 710;7;0;1;3;1;1
202200047903;728 709;1;0;2;8;19;5
202200047903;728 712;7;0;2;2;26;1
202200047904;728 706;7;0;2;1;1;1
202200047904;728 713;7;0;2;6;13;1
202200047904;728 715;37;0;2;6;1;1
202200047905;728 705;7;0;2;3;16;1
202200047905;728 708;32;0;2;3;1;1
202200047906;728 704;10;0;2;1;16;1
202200047906;728 707;33;0;2;1;1;1
202200047907;728 701;20;0;1;1;1;1
202200047908;728 699;30;0;2;1;1;1
202200047908;728 703;7;0;2;7;15;1
202200047909;728 696;7;8;0;1;1;1
202200047910;728 694;2;0;1;1;2;1
202200047911;728 693;7;0;2;3;15;1
202200047911;728 697;30;0;2;1;2;1
202200047912;728 685;7;13;0;1;1;1
202200047913;728 686;7;0;2;8;9;1
202200047913;728 691;33;0;2;1;21;1
202200047914;728 684;10;0;2;1;1;1
202200047914;728 689;7;0;2;4;1;1
202200047914;728 690;7;0;2;4;23;1
202200047915;728 681;7;0;2;3;13;1
202200047915;728 688;10;0;2;3;0;1
202200047916;728 682;7;0;2;1;2;1
202200047916;728 687;7;0;2;4;2;1
202200047916;728 692;10;0;2;4;2;1
202200047916;728 695;10;0;2;4;2;1
202200047916;728 698;7;0;2;4;23;1
202200047916;728 700;7;0;2;0;23;1
202200047917;728 680;7;0;2;7;10;1
202200047917;728 683;7;0;2;1;1;1
202200047918;728 678;7;0;1;1;1;1
202200047919;728 676;7;2;0;3;1;1
202200047920;728 675;30;1;0;1;1;1
202200047921;728 674;7;0;0;0;0;1
202200047921;728 677;7;0;2;1;1;1
202200047922;728 673;10;0;2;2;15;1
202200047922;728 679;33;0;2;1;1;1
202200047923;728 671;7;0;1;1;10;1
202200047924;728 670;7;0;1;1;1;1
202200047925;728 667;7;0;1;3;1;1
202200047926;728 666;7;0;2;6;1;1
202200047926;728 668;7;0;2;2;1;1
202200047927;728 664;33;0;0;0;1;1
202200047928;728 663;7;2;0;1;14;1
202200047929;728 662;10;0;2;5;16;1
202200047929;728 665;1;0;2;8;1;5
202200047930;728 660;33;13;0;1;1;1
202200047931;728 658;7;0;2;1;2;1
202200047931;728 661;7;0;2;4;2;1
202200047932;728 659;7;0;1;3;16;1
202200047933;728 655;7;4;0;2;1;1
202200047934;728 654;7;0;2;1;1;1
202200047934;728 657;7;0;2;8;1;2
202200047935;728 652;7;0;1;2;1;1
202200047936;728 650;7;0;2;6;1;1
202200047936;728 653;34;0;2;1;3;1
202200047937;728 649;7;0;2;1;2;1