Num_Acc;id_vehicule;catv;obs;obsm;choc;manv;motor
202200048723;727 247;50;0;2;1;1;3
202200048723;727 250;7;0;2;4;23;1
202200048724;727 243;30;0;2;1;1;1
202200048724;727 246;7;0;2;8;1;1
202200048725;727 242;7;0;1;2;1;1
202200048726;727 244;1;0;2;7;19;5
202200048726;727 245;10;0;2;2;1;1
202200048727;727 240;7;0;1;2;1;1
202200048728;727 239;10;0;2;5;15;1
202200048728;727 241;33;0;2;1;1;1
202200048729;727 238;7;2;0;9;0;1
202200048730;727 233;41;0;2;1;2;1
202200048730;727 237;10;0;2;4;14;1
202200048731;727 228;7;0;2;1;1;1
202200048731;727 235;7;0;2;0;0;1
202200048732;727 225;7;0;1;1;1;1
202200048733;727 222;33;0;2;4;23;1
202200048733;727 226;10;0;2;3;2;1
202200048733;727 229;7;0;2;8;2;1
202200048733;727 234;7;0;2;4;2;2
202200048734;727 221;7;0;2;1;0;1
202200048734;727 223;7;0;2;1;5;1
202200048735;727 220;7;0;0;4;0;1
202200048735;727 224;10;0;2;2;1;1
202200048736;727 219;7;0;1;1;1;1
202200048737;727 218;7;0;1;1;1;3
202200048738;727 216;7;0;2;5;1;2
202200048738;727 217;33;0;2;1;1;1
202200048739;727 211;7;2;0;8;1;1
202200048740;727 213;7;0;2;2;15;1
202200048740;727 215;1;0;2;1;1;5
202200048741;727 209;7;0;0;3;19;1
202200048741;727 214;33;0;0;1;1;1
202200048742;727 207;7;0;2;1;15;1
202200048742;727 212;7;0;2;1;1;1
202200048743;727 205;7;0;2;1;2;0
202200048743;727 210;7;0;2;4;9;1
202200048744;727 204;7;0;2;1;1;1
202200048744;727 206;7;0;2;4;1;1
202200048744;727 208;7;0;2;4;1;1
202200048745;727 203;7;13;0;1;21;1
202200048746;727 200;7;0;2;3;1;1
202200048746;727 201;7;0;2;4;1;1
202200048747;727 198;7;0;0;3;1;1
202200048747;727 202;15;0;2;6;1;1
202200048748;727 194;30;0;2;3;7;1
202200048748;727 199;7;0;2;2;1;1
202200048749;727 195;7;0;0;9;1;1
202200048750;727 192;10;0;9;3;2;1
202200048750;727 197;50;0;2;3;0;3
202200048751;727 193;32;0;2;8;3;1
202200048751;727 196;7;0;2;7;1;1
202200048752;727 189;7;6;0;1;13;1
202200048753;727 188;7;0;1;2;16;1
202200048754;727 187;33;0;2;1;1;1
202200048754;727 190;7;0;2;3;10;1
202200048755;727 183;7;0;2;3;1;-1
202200048755;727 186;50;0;2;1;9;3
202200048756;727 184;7;0;2;8;15;1
202200048756;727 191;7;0;2;1;1;1
202200048757;727 182;7;0;2;0;0;0
202200048757;727 185;7;0;2;5;1;1
202200048758;727 181;10;0;1;3;1;1
202200048759;727 180;7;0;1;3;0;1
202200048760;727 173;7;0;2;3;15;1
202200048760;727 177;30;0;2;0;25;0
202200048761;727 174;7;0;2;5;12;1
202200048761;727 176;33;0;2;3;1;1
202200048762;727 167;7;0;2;1;1;1
202200048762;727 169;7;0;2;1;1;1
202200048763;727 163;33;14;0;2;1;1
202200048763;727 168;33;0;2;1;1;1
202200048763;727 172;33;0;2;1;1;1
202200048763;727 178;10;0;2;1;13;1
202200048764;727 165;33;4;0;8;13;1
202200048765;727 162;7;0;2;3;19;1
202200048765;727 164;3;0;2;5;0;1
202200048766;727 161;7;0;1;1;1;1
202200048767;727 157;7;6;0;2;14;1
202200048768;727 158;7;0;2;8;15;1
202200048768;727 160;10;0;2;1;1;1
202200048769;727 155;33;0;2;1;1;1
202200048769;727 159;7;0;2;3;15;1
202200048770;727 154;7;0;2;5;12;1
202200048770;727 156;33;0;2;3;1;1
202200048771;727 152;7;4;0;1;2;2
202200048772;727 151;7;0;0;4;1;1
202200048772;727 153;7;0;2;1;1;1
202200048773;727 149;7;1;0;1;13;1
202200048774;727 150;7;1;0;2;1;2
202200048775;727 147;7;0;1;3;16;1
202200048776;727 145;7;0;1;1;19;1
202200048777;727 141;33;0;2;1;2;1
202200048777;727 146;7;0;0;6;2;1
202200048778;727 142;7;0;2;4;9;1
202200048778;727 144;2;0;2;1;1;1
202200048779;727 137;31;0;2;3;3;1
202200048779;727 139;7;0;2;2;14;1
202200048780;727 135;33;0;0;0;1;1
202200048781;727 134;7;0;2;7;17;1
202200048781;727 136;7;0;2;3;15;1
202200048782;727 133;7;6;0;1;1;1
202200048783;727 132;30;9;0;1;2;1
202200048784;727 126;7;2;0;1;0;1
202200048785;727 127;1;0;0;9;1;5
202200048785;727 129;7;0;2;0;1;1
202200048785;727 131;7;0;9;2;1;1
202200048786;727 124;7;0;2;9;21;1
202200048787;727 123;10;0;2;4;2;1
202200048787;727 128;7;0;2;4;2;0
202200048787;727 130;7;0;2;1;2;0
202200048788;727 122;7;13;0;9;1;1
202200048789;727 125;7;13;0;1;15;1
202200048790;727 120;33;13;0;1;26;1
202200048791;727 115;7;0;1;2;1;1
202200048792;727 114;7;0;2;3;1;1
202200048792;727 119;1;0;2;1;1;5
202200048793;727 113;43;0;2;2;1;1
202200048793;727 118;7;0;2;5;11;1
202200048794;727 112;7;0;2;3;1;1
202200048794;727 117;7;0;2;3;13;1
202200048795;727 103;7;0;2;1;2;1
202200048795;727 110;7;0;0;4;2;1
202200048796;727 104;10;0;2;8;0;0
202200048796;727 109;10;0;2;1;20;0
202200048797;727 108;43;0;0;8;3;1
202200048798;727 101;7;0;0;6;2;1
202200048798;727 105;33;0;2;1;2;1
202200048799;727 102;7;4;2;3;1;1
202200048799;727 106;7;4;2;3;13;1
202200048800;727 100;21;0;2;6;1;1
202200048800;727 107;10;0;2;1;1;1
202200048801;727 098;33;0;1;2;1;1
202200048802;727 097;2;0;2;1;1;1
202200048802;727 099;7;0;2;3;1;1
202200048803;727 095;1;6;0;1;15;5
202200048804;727 094;31;13;0;7;1;1
202200048805;727 089;7;3;0;3;1;1
202200048806;727 087;7;0;2;1;1;1
202200048806;727 090;7;0;2;2;15;1
202200048807;727 092;32;0;2;8;12;1
202200048807;727 096;33;0;2;2;12;0
202200048808;727 086;33;0;2;8;1;1
202200048808;727 091;34;0;2;7;1;1
202200048808;727 093;33;0;2;7;14;1
202200048809;727 080;10;0;2;7;17;1
202200048809;727 084;7;0;2;3;15;1
202200048810;727 078;7;0;2;2;1;1
202200048810;727 082;50;0;2;2;1;3
202200048811;727 076;7;0;2;2;2;1
202200048811;727 079;7;0;2;2;2;0
202200048811;727 083;7;0;2;8;2;1
202200048812;727 075;7;6;0;1;14;1
202200048813;727 070;7;0;1;1;1;1
202200048814;727 069;7;0;2;2;1;1
202200048814;727 071;10;0;2;3;13;1
202200048815;727 068;7;0;2;1;15;1
202200048815;727 073;7;0;0;8;1;1
202200048816;727 067;7;0;0;1;13;1
202200048817;727 063;7;0;2;3;1;1
202200048817;727 066;7;0;2;3;0;1
202200048818;727 062;7;0;2;2;1;1
202200048818;727 065;7;0;2;1;16;1
202200048819;727 061;7;0;2;1;0;1
202200048819;727 064;7;0;2;3;0;1
202200048820;727 060;7;0;1;4;4;1
202200048821;727 059;7;0;1;7;1;1
202200048822;727 053;32;0;2;1;1;1
202200048822;727 057;7;0;2;5;15;1
202200048823;727 052;7;7;0;9;13;1
202200048824;727 051;1;0;2;7;2;5
202200048824;727 055;7;0;2;5;23;1
202200048824;727 058;37;0;9;6;26;2
202200048825;727 050;7;0;0;8;1;1
202200048825;727 056;7;0;2;7;17;1
202200048826;727 046;7;13;0;7;1;1
202200048827;727 047;7;0;2;2;1;1
202200048827;727 054;7;0;2;1;1;1
202200048828;727 044;2;0;2;2;1;1
202200048828;727 049;7;0;2;3;15;1
202200048829;727 043;7;13;2;1;13;1
202200048829;727 048;7;0;2;1;1;1
202200048830;727 041;10;0;2;0;1;1
202200048830;727 042;17;0;2;2;12;1
202200048830;727 045;7;0;2;3;1;1
202200048831;727 040;7;8;0;0;1;1
202200048832;727 035;7;16;0;0;1;1
202200048833;727 037;10;0;2;7;15;1
202200048833;727 039;33;0;2;1;1;1
202200048834;727 033;33;0;2;0;17;1
202200048834;727 036;7;0;2;8;1;1
202200048835;727 032;7;8;0;2;1;1
202200048836;727 031;7;0;0;4;2;1
202200048836;727 034;7;0;2;1;2;1
202200048837;727 038;33;0;1;1;1;1
202200048838;727 026;7;0;2;1;0;1
202200048838;727 029;1;0;2;7;26;5
202200048839;727 024;2;0;2;1;1;1
202200048839;727 028;10;0;2;3;1;1
202200048840;727 025;7;0;2;1;17;1
202200048840;727 027;10;0;2;1;1;1
202200048841;727 023;50;0;2;1;21;3
202200048842;727 019;7;9;1;1;1;2
202200048843;727 020;32;2;0;1;26;1
202200048844;727 016;43;0;1;1;1;1
202200048845;727 014;33;13;0;9;1;1
202200048846;727 015;2;0;2;7;17;1
202200048846;727 017;7;0;2;8;1;1
202200048846;727 021;7;0;2;6;1;1
202200048847;727 011;7;2;0;8;26;1
202200048848;727 013;7;2;0;1;0;1
202200048849;727 009;7;13;0;1;13;1
202200048850;727 008;43;0;2;7;3;1
202200048850;727 012;10;0;2;3;11;1
202200048851;727 007;33;0;2;3;17;1
202200048851;727 010;33;0;2;3;1;1
202200048852;727 006;1;0;0;0;15;5
202200048853;727 002;33;13;0;8;1;1
202200048854;727 001;7;0;2;3;1;2
202200048854;727 005;30;0;2;1;13;1
202200048855;727 000;7;0;0;1;15;1
202200048855;727 004;7;0;0;1;1;1
202200048856;727 003;43;15;0;3;13;1
202200048857;726 999;3;8;0;3;13;1
202200048858;726 997;7;16;0;1;1;1
202200048859;726 996;37;0;1;1;1;2
202200048860;726 993;7;2;2;1;20;2
202200048860;726 995;7;0;0;5;24;1
202200048861;726 994;7;0;1;1;15;1
202200048862;726 990;32;0;0;1;15;1
202200048863;726 989;7;3;0;1;1;1
202200048864;726 987;7;0;0;2;2;1
202200048864;726 991;1;0;2;4;2;5
202200048865;726 986;10;0;1;2;16;1
202200048866;726 985;10;0;2;3;2;1
202200048866;726 988;14;0;2;5;2;1
202200048866;726 992;17;0;0;4;1;1
202200048867;726 983;7;2;0;2;1;1
202200048868;726 979;7;0;2;1;0;1
202200048868;726 981;7;0;2;1;0;1
202200048869;726 978;7;0;2;2;12;1
202200048869;726 982;10;0;2;6;1;1
202200048869;726 984;7;0;2;3;1;1
202200048870;726 975;7;6;0;1;13;1
202200048871;726 976;33;13;0;1;17;1
202200048871;726 980;7;0;0;0;13;2
202200048872;726 974;7;0;2;3;15;1
202200048872;726 977;33;0;2;7;1;1
202200048873;726 967;7;0;2;1;1;1
202200048873;726 971;7;0;2;1;13;1
202200048874;726 969;30;0;2;7;1;1
202200048874;726 972;7;0;2;3;9;1
202200048875;726 968;7;0;0;0;14;1
202200048876;726 970;50;0;2;1;5;3
202200048876;726 973;7;0;2;1;1;0
202200048877;726 965;33;0;2;1;2;1
202200048877;726 966;10;0;0;6;2;1
202200048878;726 961;1;0;2;1;1;5
202200048878;726 964;7;0;2;8;22;1
202200048879;726 960;7;0;2;1;13;1
202200048879;726 963;14;0;2;1;1;1
202200048880;726 958;7;0;2;1;1;1
202200048880;726 962;7;0;2;3;1;1
202200048881;726 957;7;0;2;3;15;1
202200048881;726 959;30;0;2;1;17;1
202200048882;726 954;7;2;0;1;1;1
202200048883;726 953;1;0;2;1;9;5
202200048883;726 955;37;0;9;5;1;4
202200048884;726 950;80;0;2;1;1;3
202200048884;726 952;7;0;2;6;22;2
202200048885;726 945;7;0;2;3;9;1
202200048885;726 948;33;0;0;7;16;1
202200048886;726 946;32;0;1;2;1;1
202200048887;726 947;7;0;2;3;1;1
202200048887;726 949;33;0;2;1;1;1
202200048888;726 942;7;0;2;3;1;1
202200048888;726 944;7;0;2;3;11;1
202200048889;726 941;31;15;2;0;0;1
202200048889;726 943;7;0;0;0;5;1
202200048890;726 940;7;2;0;3;1;1
202200048891;726 939;7;8;0;1;16;1
202200048892;726 936;7;0;0;9;26;1
202200048893;726 934;7;0;2;6;1;1
202200048893;726 937;7;0;2;3;13;2
202200048894;726 932;32;0;1;1;1;1
202200048895;726 935;10;0;1;1;15;1
202200048896;726 931;80;0;0;0;1;3
202200048896;726 933;10;0;0;0;13;1
202200048897;726 928;33;0;2;1;2;1
202200048897;726 930;33;0;2;4;1;1
202200048898;726 925;7;0;2;8;9;1
202200048898;726 929;2;0;2;7;9;1
202200048899;726 924;7;0;2;5;14;1
202200048899;726 927;50;0;2;8;1;3
202200048900;726 923;7;0;2;3;15;1
202200048900;726 926;32;0;2;8;16;1
202200048901;726 919;32;0;5;3;1;1
202200048902;726 918;10;3;2;3;1;1
202200048902;726 921;3;0;2;1;13;1
202200048903;726 917;7;6;0;1;2;1
202200048904;726 916;80;0;1;1;25;3
202200048905;726 913;7;0;1;2;1;1
202200048906;726 912;7;0;2;1;17;1
202200048906;726 914;10;0;2;3;1;1
202200048907;726 911;1;11;0;1;11;5
202200048908;726 908;7;0;2;1;5;1
202200048908;726 909;7;0;2;1;1;1
202200048909;726 910;7;0;2;1;1;1
202200048909;726 915;7;0;2;7;1;0
202200048910;726 906;21;13;0;3;1;1
202200048911;726 904;7;0;2;4;2;1
202200048911;726 907;7;0;2;1;2;1
202200048912;726 902;13;0;2;2;16;1
202200048912;726 905;50;0;2;1;19;3
202200048913;726 901;7;0;2;4;1;2
202200048913;726 903;33;0;2;1;2;1
202200048914;726 899;33;0;0;8;1;1
202200048915;726 898;7;0;2;2;1;0
202200048915;726 900;50;0;2;1;1;3
202200048916;726 894;7;0;2;4;2;1
202200048916;726 897;7;0;2;1;1;1
202200048917;726 895;7;0;1;4;4;1
202200048918;726 892;33;0;2;1;0;1
202200048918;726 893;7;0;2;5;0;2
202200048918;726 896;7;0;2;4;0;1
202200048919;726 888;7;0;2;2;0;1
202200048919;726 889;33;0;2;8;0;1
202200048920;726 886;50;12;0;1;14;3
202200048921;726 887;50;0;2;8;19;3
202200048921;726 890;33;0;2;1;1;1
202200048922;726 885;7;0;2;8;19;1
202200048922;726 891;7;0;2;1;1;1
202200048923;726 884;7;3;0;2;1;1
202200048924;726 880;80;12;0;0;14;3
202200048925;726 879;43;0;2;1;2;1
202200048925;726 883;7;0;2;6;2;1
202200048926;726 877;7;0;0;0;1;1
202200048926;726 881;2;14;0;0;17;1
202200048927;726 876;7;3;0;1;2;1
202200048928;726 878;32;0;2;1;1;1
202200048928;726 882;1;0;2;8;15;5
202200048929;726 870;10;0;1;1;1;1
202200048930;726 872;7;0;2;3;15;1
202200048930;726 875;34;0;2;1;1;1
202200048931;726 868;33;0;2;2;2;1
202200048931;726 871;10;0;2;2;9;1
202200048932;726 866;7;0;2;1;1;1
202200048932;726 869;7;3;2;4;2;1
202200048932;726 873;7;0;2;5;23;1
202200048933;726 867;7;0;2;1;1;2
202200048933;726 874;7;0;2;1;5;1
202200048934;726 860;17;0;2;1;2;1
202200048934;726 863;17;0;2;4;2;1
202200048934;726 865;17;0;2;4;2;1
202200048935;726 857;7;0;2;8;18;0
202200048935;726 861;7;0;2;1;2;1
202200048936;726 862;7;0;2;5;20;2
202200048936;726 864;32;0;2;3;1;1
202200048937;726 858;7;0;1;3;1;1
202200048938;726 859;43;0;1;1;1;1
202200048939;726 855;7;0;1;1;16;2
202200048940;726 853;34;0;1;1;7;1
202200048941;726 851;10;0;2;1;2;1
202200048941;726 856;17;0;2;4;2;1
202200048942;726 850;7;0;2;8;0;1
202200048942;726 852;50;0;2;1;0;3
202200048943;726 844;7;0;2;3;13;1
202200048943;726 849;7;0;2;3;1;1
202200048944;726 846;7;0;2;1;1;1
202200048944;726 848;7;0;2;1;15;1
202200048945;726 845;1;0;2;1;1;5
202200048945;726 847;10;0;2;3;16;1
202200048946;726 841;7;0;2;6;2;1
202200048946;726 843;7;4;2;2;2;1
202200048947;726 838;7;13;0;2;1;1
202200048948;726 836;7;0;2;6;26;1
202200048948;726 840;7;0;2;1;1;1
202200048949;726 837;43;1;0;5;17;0
202200048949;726 842;7;0;2;3;14;0
202200048950;726 835;7;0;2;0;16;1
202200048950;726 839;1;0;2;0;1;5
202200048951;726 833;7;6;0;6;4;1
202200048952;726 831;7;0;1;2;1;1
202200048953;726 832;17;0;2;1;14;1
202200048953;726 834;7;0;2;0;1;0
202200048954;726 826;33;0;2;8;1;1
202200048954;726 830;7;0;2;1;1;1
202200048955;726 827;7;0;2;2;20;1
202200048955;726 829;7;9;2;2;0;1
202200048956;726 824;7;0;2;1;2;1
202200048956;726 828;7;0;2;4;2;1
202200048957;726 819;7;0;0;0;23;1
202200048957;726 822;7;16;2;4;2;1
202200048957;726 825;7;0;2;4;1;1
202200048958;726 818;16;0;1;7;20;1
202200048959;726 817;10;0;1;1;26;1
202200048960;726 816;32;0;2;8;18;1
202200048960;726 820;7;0;2;2;16;1
202200048961;726 814;7;15;-1;3;21;1
202200048962;726 813;7;0;2;6;1;1
202200048962;726 815;7;0;2;5;1;3
202200048962;726 821;33;0;2;7;3;1
202200048962;726 823;7;0;2;8;11;1
202200048963;726 810;33;0;2;1;17;1
202200048963;726 812;7;0;2;8;10;1
202200048964;726 806;50;0;2;1;1;3
202200048964;726 811;7;0;2;1;1;1
202200048965;726 804;7;0;2;3;15;1
202200048965;726 809;33;0;2;8;16;1
202200048966;726 805;7;0;2;3;11;2
202200048966;726 808;32;0;2;1;1;1
202200048967;726 803;15;0;2;6;2;6
202200048967;726 807;7;0;2;2;2;1
202200048968;726 802;50;0;1;7;0;3
202200048969;726 800;32;0;2;1;3;1
202200048969;726 801;10;0;2;6;11;1
202200048970;726 799;7;0;1;3;15;1
202200048971;726 794;1;0;0;0;1;5
202200048971;726 795;7;0;0;0;24;1
202200048972;726 793;7;4;0;1;1;1
202200048973;726 792;7;0;2;1;1;1
202200048973;726 798;33;0;2;1;1;1
202200048974;726 791;34;0;0;7;3;1
202200048975;726 790;10;0;1;3;21;1
202200048976;726 788;7;4;2;2;1;1
202200048976;726 789;32;4;2;1;11;1
202200048977;726 787;7;13;0;2;14;1
202200048978;726 785;7;9;0;1;14;1
202200048979;726 784;17;0;2;1;14;1
202200048979;726 786;7;0;2;4;13;1
202200048980;726 782;30;0;1;1;1;0
202200048981;726 777;1;12;0;8;1;5
202200048982;726 778;1;0;2;0;0;0
202200048982;726 779;7;16;2;1;9;0
202200048983;726 775;14;0;2;3;1;1
202200048983;726 776;7;0;2;1;13;1
202200048984;726 773;33;17;0;1;13;1
202200048985;726 774;50;0;1;3;1;3
202200048986;726 772;10;1;0;1;1;1
202200048987;726 771;7;0;1;7;1;1
202200048988;726 766;7;0;2;6;1;2
202200048988;726 767;7;0;2;3;13;1
202200048989;726 765;7;0;2;2;9;1
202200048989;726 768;32;0;2;0;0;1
202200048990;726 763;1;0;9;3;1;5
202200048990;726 764;7;0;9;2;15;1
202200048991;726 761;7;2;0;3;0;1
202200048992;726 760;2;0;0;7;1;1
202200048993;726 759;7;0;2;0;15;1
202200048993;726 762;30;0;2;0;1;1
202200048994;726 757;7;0;2;7;26;1
202200048994;726 758;2;0;2;1;9;1
202200048995;726 755;7;14;1;1;0;1
202200048996;726 754;14;0;0;5;1;1
202200048996;726 756;2;0;2;1;1;1
202200048997;726 751;7;0;2;1;0;1
202200048997;726 752;7;0;2;1;1;1
202200048998;726 750;7;0;2;3;15;1
202200048998;726 753;31;0;2;1;17;1
202200048999;726 748;7;0;2;1;1;1
202200048999;726 749;7;0;2;3;1;1
202200049000;726 746;7;0;2;3;13;1
202200049000;726 747;7;0;2;3;1;1
202200049001;726 745;7;0;0;1;0;1
202200049002;726 742;1;0;2;6;19;5
202200049002;726 744;33;0;2;1;1;1
202200049003;726 741;2;0;2;1;1;1
202200049003;726 743;7;0;2;8;19;1
202200049004;726 739;1;0;2;1;1;5
202200049004;726 740;7;0;2;1;15;1
202200049005;726 738;7;6;0;1;1;1
202200049006;726 737;21;17;0;0;1;1
202200049007;726 734;7;0;1;2;1;1
202200049008;726 735;7;0;2;1;1;1
202200049008;726 736;7;0;2;3;1;1
202200049009;726 733;7;0;1;0;2;1
202200049010;726 732;7;0;1;1;1;1
202200049011;726 730;10;0;2;5;26;1
202200049011;726 731;33;1;2;3;15;1
202200049012;726 727;2;0;2;1;17;1
202200049012;726 729;7;0;2;3;15;1
202200049013;726 725;7;8;0;2;1;1
202200049014;726 723;7;1;0;3;20;1
202200049014;726 724;50;1;2;1;1;3
202200049015;726 721;7;0;2;5;17;1
202200049015;726 722;7;0;2;3;1;1
202200049016;726 719;50;12;0;8;19;3
202200049016;726 720;7;11;9;1;26;1
202200049017;726 718;7;0;1;1;1;1
202200049018;726 716;1;0;0;0;1;5
202200049019;726 715;80;0;2;1;0;3
202200049019;726 717;43;0;2;1;0;1
202200049020;726 713;7;1;0;1;13;1
202200049021;726 712;10;13;0;2;1;1
202200049022;726 709;10;0;2;6;24;1
202200049022;726 710;7;1;0;2;14;1
202200049023;726 708;7;0;2;7;9;1
202200049023;726 711;33;0;2;8;1;0
202200049024;726 707;10;0;0;1;1;1
202200049025;726 705;7;6;0;1;1;1
202200049026;726 706;7;0;1;4;26;1
202200049027;726 703;7;0;1;1;0;2
202200049028;726 704;10;3;0;0;9;1
202200049029;726 702;7;6;9;2;1;1
202200049030;726 700;7;0;2;1;15;1
202200049030;726 701;33;0;2;8;1;1
202200049031;726 698;30;0;2;8;1;1
202200049031;726 699;15;0;2;8;1;0
202200049032;726 695;10;0;2;1;2;1
202200049032;726 697;7;0;0;4;2;1
202200049033;726 694;7;0;2;1;2;1
202200049033;726 696;37;0;2;6;2;1
202200049034;726 693;7;1;0;3;1;1
202200049035;726 692;33;8;0;1;13;1
202200049036;726 689;10;0;2;0;0;0
202200049036;726 690;33;15;2;7;17;1
202200049037;726 687;7;0;1;1;1;1
202200049038;726 684;14;1;0;4;26;1
202200049038;726 685;7;0;2;1;0;1
202200049038;726 686;7;0;6;1;0;1
202200049039;726 683;7;13;0;7;14;1
202200049040;726 681;33;0;0;3;1;1
202200049040;726 682;7;0;2;2;15;1
202200049041;726 679;7;0;2;2;1;3
202200049041;726 680;7;0;2;1;1;1
202200049042;726 677;32;0;2;1;18;1
202200049042;726 678;7;0;0;2;16;1
202200049043;726 676;1;12;0;2;1;5
202200049044;726 674;7;0;2;2;21;1
202200049044;726 675;7;0;2;3;1;1
202200049045;726 671;31;0;0;0;26;1
202200049046;726 672;31;0;2;0;15;1
202200049046;726 673;33;0;2;0;21;1
202200049047;726 669;10;0;2;3;15;1
202200049047;726 670;33;0;2;1;1;1
202200049048;726 668;10;0;1;4;26;1
202200049049;726 666;7;0;2;2;1;3
202200049049;726 667;1;0;2;7;16;5
202200049050;726 665;7;0;1;8;1;1
202200049051;726 664;33;11;0;1;17;1
202200049052;726 662;7;0;2;3;9;1
202200049052;726 663;50;0;2;1;25;3
202200049053;726 660;10;0;2;5;9;1
202200049053;726 661;1;0;2;1;1;5
202200049054;726 657;7;0;2;3;1;2
202200049054;726 658;7;3;2;3;13;1
202200049055;726 656;7;0;2;1;2;1
202200049055;726 659;7;0;2;7;11;1
202200049056;726 655;7;2;0;9;5;1
202200049057;726 651;33;0;2;7;17;1
202200049057;726 653;7;0;2;1;15;1
202200049058;726 649;7;0;0;5;15;2
202200049058;726 650;33;0;2;1;2;1
202200049059;726 652;7;0;2;3;15;1
202200049059;726 654;2;0;2;1;1;1
202200049060;726 644;7;0;9;2;15;1
202200049060;726 646;1;0;0;5;1;5
202200049061;726 645;7;0;2;1;1;1
202200049061;726 647;1;0;2;2;1;5
202200049062;726 638;7;0;2;1;2;1
202200049062;726 639;32;0;2;4;2;1
202200049063;726 640;7;0;2;2;15;2
202200049063;726 641;1;0;2;1;19;5
202200049064;726 630;7;0;2;1;2;1
202200049064;726 632;7;0;2;4;2;1
202200049064;726 633;7;0;2;4;2;1
202200049064;726 634;7;0;2;4;2;1
202200049064;726 635;7;0;2;4;2;1
202200049064;726 636;7;0;2;4;2;1
202200049064;726 637;7;0;2;4;1;1
202200049065;726 629;7;13;0;9;1;1
202200049066;726 626;33;0;2;1;2;1
202200049066;726 627;10;0;2;7;2;1
202200049067;726 628;7;0;2;3;15;1
202200049067;726 631;7;0;2;3;0;1
202200049068;726 624;7;0;2;3;0;2
202200049068;726 625;7;1;0;2;14;1
202200049069;726 621;7;0;2;7;12;1
202200049069;726 623;32;0;2;8;1;1
202200049070;726 620;7;0;2;8;2;1
202200049070;726 622;2;0;2;1;2;1
202200049071;726 617;7;0;2;2;12;1
202200049071;726 618;33;0;2;3;3;1
202200049071;726 619;10;0;2;5;0;1
202200049072;726 616;7;0;1;3;1;1
202200049073;726 614;7;0;2;2;2;1
202200049073;726 615;10;0;0;5;2;1
202200049074;726 612;10;0;2;1;2;0
202200049074;726 613;7;14;0;4;1;6
202200049075;726 611;50;0;1;0;1;3
202200049076;726 609;1;0;1;1;1;5
202200049077;726 610;7;0;0;9;1;1
202200049078;726 608;30;0;0;8;1;1
202200049079;726 606;7;0;2;3;1;1
202200049079;726 607;7;0;2;4;20;1
202200049080;726 604;80;0;2;1;1;3
202200049080;726 605;50;0;2;1;13;3
202200049081;726 602;80;0;2;1;1;3
202200049081;726 603;7;0;2;3;1;1
202200049082;726 600;7;0;2;0;0;1
202200049082;726 601;7;0;0;0;0;1
202200049083;726 598;7;0;2;1;15;1
202200049083;726 599;7;0;2;8;23;1
202200049084;726 596;7;0;2;7;1;1
202200049084;726 597;60;0;2;1;19;5
202200049085;726 595;7;0;1;4;4;1
202200049086;726 593;7;0;2;6;9;1
202200049086;726 594;31;0;2;5;1;1
202200049087;726 590;33;0;2;1;1;1
202200049087;726 592;7;0;2;3;15;1
202200049088;726 587;7;0;2;1;19;1
202200049088;726 589;7;0;2;2;1;1
202200049089;726 585;7;0;2;1;2;1
202200049089;726 586;7;0;2;4;2;1
202200049089;726 588;7;0;2;4;2;1
202200049090;726 583;99;0;2;8;15;1
202200049090;726 584;30;0;2;1;1;1
202200049091;726 579;10;-1;2;-1;0;-1
202200049091;726 581;34;0;2;8;15;1
202200049092;726 576;7;0;2;3;1;1
202200049092;726 577;7;0;2;5;15;1
202200049093;726 575;33;0;2;1;17;1
202200049093;726 578;14;0;2;3;15;1
202200049094;726 573;10;0;2;1;1;1
202200049094;726 574;32;0;2;4;1;1
202200049095;726 571;7;0;2;1;0;1
202200049095;726 572;1;0;2;4;0;5
202200049096;726 569;7;0;2;1;23;1
202200049096;726 570;7;0;2;6;1;1
202200049097;726 566;32;0;2;1;1;1
202200049097;726 567;7;0;2;2;1;1
202200049098;726 565;7;0;2;1;1;1
202200049098;726 568;10;0;2;2;1;1
202200049099;726 563;7;0;2;2;1;1
202200049099;726 564;7;0;2;1;1;1
202200049100;726 560;7;14;0;1;26;1
202200049100;726 561;7;0;2;7;26;1
202200049100;726 562;7;0;2;4;23;1
202200049101;726 558;7;0;0;0;0;1
202200049101;726 559;30;0;0;0;0;1
202200049102;726 555;80;0;2;3;13;3
202200049102;726 556;33;0;2;1;1;1
202200049103;726 554;31;0;2;1;1;1
202200049103;726 557;7;0;2;3;15;1
202200049104;726 552;7;0;2;1;1;0
202200049104;726 553;2;0;2;3;1;1
202200049105;726 550;2;0;2;1;0;1
202200049105;726 551;7;0;2;6;0;1
202200049106;726 548;2;0;2;2;12;1
202200049106;726 549;7;0;2;8;9;1
202200049107;726 545;7;0;2;5;2;1
202200049107;726 547;7;0;2;3;2;1
202200049108;726 546;7;2;5;9;13;1
202200049109;726 543;7;0;1;1;1;1
202200049110;726 537;31;0;2;7;1;1
202200049110;726 539;34;0;2;1;2;1
202200049110;726 541;7;0;2;6;2;1
202200049111;726 538;2;0;2;4;2;1
202200049111;726 540;3;0;2;4;0;1
202200049111;726 542;7;0;2;1;2;1
202200049111;726 544;7;0;2;4;2;1
202200049112;726 535;33;12;0;3;13;1
202200049113;726 534;7;0;2;1;1;1
202200049113;726 536;30;0;2;7;1;1
202200049114;726 532;50;0;2;7;1;3
202200049114;726 533;33;0;2;1;1;1
202200049115;726 529;17;0;2;2;16;-1
202200049115;726 531;1;0;2;6;1;5
202200049116;726 528;30;0;2;3;18;1
202200049116;726 530;7;0;2;7;16;2
202200049117;726 527;7;0;1;1;26;2
202200049118;726 525;33;0;2;7;16;1
202200049118;726 526;32;0;2;3;18;1