Num_Acc;id_vehicule;catv;obs;obsm;choc;manv;motor
202200049119;726 521;33;0;2;8;3;1
202200049119;726 523;7;0;2;7;12;1
202200049119;726 524;10;0;2;8;1;1
202200049120;726 520;7;0;2;1;2;2
202200049120;726 522;30;0;2;6;23;1
202200049121;726 518;50;0;1;1;17;3
202200049122;726 517;17;0;2;2;12;1
202200049122;726 519;7;0;2;8;1;1
202200049123;726 514;43;0;2;1;1;1
202200049123;726 516;7;0;2;7;15;1
202200049124;726 513;43;0;2;2;17;1
202200049124;726 515;7;0;2;3;15;1
202200049125;726 510;33;0;2;4;23;1
202200049125;726 512;7;0;2;1;2;0
202200049126;726 509;30;0;2;2;1;1
202200049126;726 511;7;0;2;2;15;1
202200049127;726 508;37;0;1;7;7;6
202200049128;726 505;43;0;2;1;1;1
202200049128;726 506;7;0;2;7;16;2
202200049129;726 504;7;0;2;8;4;0
202200049129;726 507;1;0;2;8;15;5
202200049130;726 501;31;0;2;4;2;1
202200049130;726 503;7;0;2;1;2;1
202200049131;726 500;7;0;2;2;2;3
202200049131;726 502;7;0;2;6;23;1
202200049132;726 498;43;12;0;3;13;1
202200049133;726 497;7;0;2;5;22;1
202200049133;726 499;1;0;2;1;1;5
202200049134;726 495;33;0;1;1;18;1
202200049135;726 494;10;0;2;1;2;1
202200049135;726 496;7;0;2;4;2;1
202200049136;726 492;50;0;2;1;2;3
202200049136;726 493;10;0;2;5;2;1
202200049137;726 490;32;0;2;8;18;1
202200049137;726 491;7;0;2;7;16;1
202200049138;726 489;50;0;0;0;1;3
202200049139;726 487;10;0;2;7;16;6
202200049139;726 488;80;0;2;1;1;3
202200049140;726 486;7;0;1;2;16;0
202200049141;726 481;7;0;2;8;1;1
202200049141;726 483;60;0;2;1;1;5
202200049142;726 482;7;0;2;3;1;1
202200049142;726 484;1;0;2;4;2;5
202200049142;726 485;32;0;2;1;2;1
202200049143;726 478;7;0;2;3;22;3
202200049143;726 479;1;0;2;1;1;5
202200049144;726 477;7;0;2;7;0;1
202200049144;726 480;7;0;2;3;2;1
202200049145;726 473;7;0;2;3;19;1
202200049145;726 475;34;0;2;1;17;1
202200049146;726 474;1;0;2;1;1;5
202200049146;726 476;14;0;2;7;22;1
202200049147;726 470;7;0;2;6;2;1
202200049147;726 471;7;0;2;2;2;1
202200049148;726 469;1;0;2;1;16;5
202200049148;726 472;43;0;2;1;5;1
202200049149;726 466;1;12;0;1;14;5
202200049150;726 465;34;0;2;8;1;0
202200049150;726 467;7;0;2;2;15;0
202200049150;726 468;7;0;2;2;23;6
202200049151;726 462;1;0;2;1;1;5
202200049151;726 464;10;0;2;8;22;1
202200049152;726 461;33;0;2;6;15;1
202200049152;726 463;7;0;2;2;17;1
202200049153;726 460;1;0;0;0;1;5
202200049154;726 459;10;0;1;7;16;1
202200049155;726 458;7;0;1;2;15;1
202200049156;726 454;7;0;1;2;2;1
202200049157;726 455;7;0;2;4;2;1
202200049157;726 456;7;0;2;4;23;1
202200049157;726 457;10;0;2;1;2;1
202200049158;726 453;7;1;0;4;2;1
202200049159;726 451;31;0;2;1;1;1
202200049159;726 452;7;0;2;8;1;3
202200049160;726 450;7;1;0;2;13;1
202200049161;726 448;32;0;1;1;17;1
202200049162;726 447;7;0;2;8;13;1
202200049162;726 449;33;0;2;8;3;1
202200049163;726 445;50;0;2;3;1;3
202200049163;726 446;32;0;9;3;1;1
202200049164;726 443;7;0;2;8;26;1
202200049164;726 444;7;0;2;1;1;1
202200049165;726 441;32;0;2;8;13;1
202200049165;726 442;7;0;2;7;1;1
202200049166;726 440;7;1;2;4;0;1
202200049167;726 438;7;2;0;1;0;1
202200049168;726 437;1;0;2;7;1;5
202200049168;726 439;33;0;2;1;9;1
202200049169;726 436;34;0;1;1;1;1
202200049170;726 435;7;1;1;0;2;0
202200049171;726 432;7;0;9;6;1;1
202200049171;726 434;80;0;2;1;5;3
202200049172;726 431;1;1;2;1;5;5
202200049172;726 433;7;1;0;2;16;1
202200049173;726 429;7;0;2;2;1;1
202200049173;726 430;1;15;2;3;21;5
202200049174;726 426;50;0;2;1;1;3
202200049174;726 428;7;0;2;1;15;1
202200049175;726 425;32;0;2;0;13;1
202200049175;726 427;7;0;0;0;26;1
202200049176;726 421;7;0;2;1;5;1
202200049176;726 424;7;0;2;1;1;1
202200049177;726 420;7;0;2;2;1;2
202200049177;726 422;7;0;2;6;23;1
202200049177;726 423;7;0;2;8;23;1
202200049178;726 416;7;0;2;3;1;1
202200049178;726 418;7;0;2;2;15;1
202200049179;726 417;7;0;2;1;1;1
202200049179;726 419;7;0;2;4;1;1
202200049180;726 414;21;0;2;8;1;1
202200049180;726 415;31;0;2;8;13;1
202200049181;726 412;14;0;2;3;1;1
202200049181;726 413;7;0;2;3;13;1
202200049182;726 409;33;0;2;1;17;1
202200049182;726 410;7;0;2;3;1;1
202200049183;726 408;7;17;0;1;1;1
202200049184;726 406;7;0;9;2;9;1
202200049184;726 407;1;0;2;1;1;5
202200049185;726 403;33;0;2;1;1;1
202200049185;726 404;10;0;2;5;15;1
202200049186;726 402;7;0;1;1;1;1
202200049187;726 401;7;2;0;1;1;1
202200049188;726 405;10;0;2;1;15;1
202200049188;726 411;99;0;2;8;1;3
202200049189;726 400;33;0;0;8;1;1
202200049190;726 398;7;0;2;1;13;1
202200049190;726 399;7;0;2;1;1;1
202200049191;726 397;7;3;0;1;0;1
202200049192;726 395;7;0;2;3;13;1
202200049192;726 396;33;0;2;2;17;1
202200049193;726 392;1;0;2;3;15;5
202200049193;726 393;10;0;9;5;17;1
202200049194;726 391;7;0;1;3;1;1
202200049195;726 389;7;0;2;2;13;1
202200049195;726 390;7;0;2;2;1;1
202200049196;726 394;1;0;0;1;26;5
202200049197;726 388;7;13;0;2;1;1
202200049198;726 386;1;1;0;3;5;5
202200049198;726 387;7;0;0;3;24;1
202200049199;726 385;7;0;1;0;1;0
202200049200;726 382;33;0;2;1;17;1
202200049200;726 384;7;0;2;3;15;1
202200049201;726 381;2;0;0;0;0;1
202200049202;726 380;10;0;1;2;2;0
202200049203;726 377;7;0;2;1;1;1
202200049203;726 378;7;0;2;7;13;1
202200049204;726 374;7;0;2;5;15;1
202200049204;726 375;1;0;2;1;1;5
202200049205;726 379;33;0;2;0;1;1
202200049205;726 383;30;14;0;2;26;1
202200049206;726 372;10;0;2;7;1;1
202200049206;726 373;7;0;2;1;9;1
202200049207;726 369;7;0;0;4;1;1
202200049207;726 370;7;0;2;1;1;1
202200049207;726 371;15;0;2;3;1;1
202200049208;726 367;7;0;2;5;15;1
202200049208;726 368;2;0;2;1;1;1
202200049209;726 365;7;2;0;1;1;1
202200049210;726 364;50;0;0;1;1;3
202200049211;726 362;7;0;2;1;2;1
202200049211;726 363;7;0;2;4;1;1
202200049212;726 358;1;0;0;9;21;5
202200049212;726 360;1;0;2;3;2;5
202200049212;726 361;7;0;2;7;17;1
202200049213;726 356;7;0;2;3;1;1
202200049213;726 357;7;0;2;1;13;1
202200049214;726 354;33;4;2;7;17;1
202200049214;726 355;7;0;2;8;17;0
202200049215;726 353;36;0;0;0;0;1
202200049216;726 359;30;0;2;7;26;1
202200049216;726 366;7;0;2;1;19;1
202200049217;726 352;33;8;0;3;1;1
202200049218;726 351;7;16;0;1;19;1
202200049219;726 348;7;0;2;2;15;1
202200049219;726 350;7;1;2;9;21;1
202200049220;726 347;32;0;2;3;0;1
202200049220;726 349;30;0;2;2;0;3
202200049221;726 343;2;0;0;7;16;1
202200049222;726 344;7;0;2;1;9;1
202200049222;726 345;7;0;2;3;17;1
202200049222;726 346;7;16;2;8;1;1
202200049223;726 341;33;0;0;4;26;1
202200049224;726 340;2;0;2;3;13;1
202200049224;726 342;7;0;2;3;1;1
202200049225;726 339;30;0;0;7;1;3
202200049226;726 337;2;0;2;1;1;1
202200049226;726 338;7;0;2;3;15;1
202200049227;726 335;7;0;0;3;0;0
202200049227;726 336;32;0;1;0;21;1
202200049228;726 334;7;10;0;1;2;1
202200049229;726 331;7;0;0;0;2;1
202200049229;726 332;33;0;2;0;2;1
202200049230;726 330;50;0;2;1;1;3
202200049230;726 333;7;0;2;3;15;1
202200049231;726 328;14;0;2;3;15;1
202200049231;726 329;33;0;2;1;1;1
202200049232;726 327;7;0;1;1;1;1
202200049233;726 325;99;6;0;1;1;3
202200049234;726 324;7;0;2;2;9;1
202200049234;726 326;30;0;2;1;1;1
202200049235;726 322;7;0;1;1;2;1
202200049236;726 321;2;0;2;2;17;1
202200049236;726 323;7;0;2;3;9;1
202200049237;726 318;7;0;0;4;2;1
202200049237;726 320;7;0;2;1;2;1
202200049238;726 317;7;0;2;8;15;3
202200049238;726 319;2;0;2;2;17;1
202200049239;726 314;7;7;2;3;1;1
202200049239;726 316;7;0;2;2;19;1
202200049240;726 315;7;0;0;9;14;1
202200049241;726 312;32;10;0;2;1;1
202200049242;726 311;7;0;2;1;1;2
202200049242;726 313;7;0;2;1;5;1
202200049243;726 310;7;0;0;9;1;1
202200049244;726 307;14;0;0;0;2;1
202200049244;726 308;33;0;2;0;17;1
202200049245;726 306;7;0;1;2;1;1
202200049246;726 303;2;0;2;1;19;1
202200049246;726 305;7;8;2;7;1;1
202200049247;726 302;33;0;0;4;0;1
202200049247;726 304;33;0;0;1;0;1
202200049248;726 301;10;0;1;2;16;0
202200049249;726 298;7;0;2;5;9;1
202200049249;726 299;33;0;2;1;18;1
202200049250;726 297;10;0;0;6;15;1
202200049250;726 300;33;0;2;3;17;1
202200049251;726 296;7;2;0;1;13;1
202200049252;726 294;7;0;0;1;2;1
202200049252;726 295;7;0;2;1;5;1
202200049253;726 293;7;4;0;2;14;1
202200049254;726 292;33;0;0;8;1;1
202200049255;726 290;33;0;2;1;0;1
202200049255;726 291;7;0;2;3;15;1
202200049256;726 287;7;0;6;1;1;1
202200049257;726 286;7;13;0;1;1;1
202200049258;726 284;7;0;2;3;13;1
202200049258;726 285;7;3;2;3;1;1
202200049259;726 283;7;0;1;3;1;1
202200049260;726 281;7;10;0;2;1;1
202200049261;726 282;33;13;0;0;1;1
202200049262;726 279;7;17;0;2;1;1
202200049263;726 278;7;0;0;1;2;1
202200049263;726 280;7;0;0;6;15;1
202200049264;726 275;7;0;2;7;1;1
202200049264;726 277;1;0;0;8;1;5
202200049265;726 274;7;0;2;2;1;1
202200049265;726 276;10;0;2;3;19;1
202200049266;726 271;7;0;9;1;15;1
202200049266;726 272;1;0;2;4;16;5
202200049267;726 270;36;0;9;8;9;1
202200049267;726 273;80;0;2;4;1;3
202200049268;726 268;7;0;2;4;1;1
202200049268;726 269;7;0;2;1;2;1
202200049269;726 266;7;0;2;2;16;1
202200049269;726 267;50;0;2;1;25;3
202200049270;726 263;7;0;2;1;15;1
202200049270;726 265;7;0;2;8;1;1
202200049271;726 262;1;0;2;1;1;5
202200049271;726 264;34;0;2;8;15;1
202200049272;726 260;37;0;2;2;1;1
202200049272;726 261;7;0;2;2;13;1
202200049273;726 259;7;15;0;9;1;1
202200049274;726 256;10;0;1;3;1;1
202200049275;726 254;7;2;0;8;1;1
202200049276;726 253;7;0;9;3;15;1
202200049276;726 255;1;0;2;3;1;5
202200049277;726 250;7;0;2;2;15;1
202200049277;726 251;31;0;2;2;1;1
202200049278;726 249;7;0;2;1;1;1
202200049278;726 252;10;0;2;7;19;1
202200049279;726 247;7;6;0;1;1;1
202200049280;726 242;10;0;2;1;1;1
202200049280;726 244;7;15;2;8;15;1
202200049281;726 238;7;0;2;1;0;1
202200049281;726 240;7;0;2;9;0;1
202200049281;726 241;7;0;2;4;26;1
202200049282;726 235;32;0;2;2;1;1
202200049282;726 236;7;0;2;6;11;1
202200049283;726 237;37;0;0;5;23;1
202200049283;726 239;7;0;2;1;2;1
202200049284;726 231;10;0;2;1;2;1
202200049284;726 232;7;0;2;1;2;1
202200049284;726 233;7;0;2;3;2;1
202200049284;726 234;10;0;2;4;1;1
202200049285;726 228;7;0;2;1;1;1
202200049285;726 229;7;0;2;1;26;1
202200049286;726 230;7;15;1;1;20;2
202200049287;726 226;7;4;2;8;14;1
202200049287;726 227;7;0;2;2;14;1
202200049288;726 224;15;0;2;7;12;1
202200049288;726 225;7;0;2;3;1;1
202200049289;726 222;7;0;2;4;2;1
202200049289;726 223;10;0;2;1;2;1
202200049290;726 221;7;1;0;1;2;1
202200049291;726 220;7;0;0;0;26;1
202200049292;726 217;33;0;2;1;3;1
202200049292;726 218;10;0;2;4;1;1
202200049292;726 219;7;0;2;4;1;1
202200049293;726 215;33;0;2;1;3;1
202200049293;726 216;7;0;2;4;12;1
202200049294;726 212;7;0;2;1;3;1
202200049294;726 213;7;0;2;4;1;1
202200049294;726 214;7;0;2;4;1;1
202200049295;726 210;10;0;2;3;11;0
202200049295;726 211;34;0;2;7;3;1
202200049296;726 209;7;4;0;2;9;1
202200049297;726 208;7;0;2;1;2;1
202200049298;726 205;7;0;2;4;1;1
202200049298;726 206;7;0;2;1;1;1
202200049298;726 207;7;0;2;1;2;1
202200049299;726 203;33;13;0;7;1;1
202200049299;726 204;7;0;0;0;1;1
202200049300;726 201;34;0;2;1;1;1
202200049300;726 202;1;0;2;4;1;5
202200049301;726 195;7;0;2;8;26;1
202200049301;726 196;10;0;2;2;26;1
202200049301;726 197;7;0;2;1;26;2
202200049301;726 198;10;0;2;8;26;1
202200049301;726 199;7;0;2;8;1;1
202200049301;726 200;7;0;2;1;26;1
202200049302;726 193;7;0;2;1;21;1
202200049302;726 194;7;0;2;1;21;1
202200049303;726 191;30;0;2;2;18;1
202200049303;726 192;7;0;2;2;1;1
202200049304;726 189;7;0;2;3;1;1
202200049304;726 190;7;0;2;3;1;1
202200049305;726 187;7;0;2;8;1;1
202200049305;726 188;7;0;2;2;15;1
202200049306;726 185;1;1;0;7;1;5
202200049306;726 186;7;0;2;8;24;1
202200049307;726 184;7;6;0;7;0;1
202200049308;726 183;7;0;1;1;1;1
202200049309;726 181;32;0;2;4;1;1
202200049309;726 182;7;0;2;3;9;1
202200049310;726 180;7;0;1;1;0;1
202200049311;726 178;7;8;2;6;0;1
202200049311;726 179;7;0;2;1;15;1
202200049312;726 175;7;0;2;5;15;1
202200049312;726 176;7;0;2;2;26;1
202200049312;726 177;7;0;2;1;26;1
202200049313;726 174;7;0;1;1;17;1
202200049314;726 172;32;0;2;8;12;0
202200049314;726 173;7;0;2;7;12;0
202200049315;726 170;2;0;2;2;18;1
202200049315;726 171;7;0;2;7;15;1
202200049316;726 169;7;1;0;2;14;1
202200049317;726 167;7;0;2;3;1;1
202200049317;726 168;7;0;2;1;0;1
202200049318;726 166;7;0;1;2;1;1
202200049319;726 162;10;0;2;1;2;1
202200049319;726 163;7;0;2;4;23;1
202200049319;726 164;10;0;2;1;1;1
202200049319;726 165;10;0;2;6;23;1
202200049320;726 160;7;0;2;4;24;1
202200049320;726 161;7;1;0;2;14;1
202200049321;726 159;33;8;0;0;0;1
202200049322;726 157;7;0;0;3;22;0
202200049322;726 158;1;1;0;2;2;5
202200049323;726 155;7;0;2;2;9;1
202200049323;726 156;7;15;2;2;21;1
202200049324;726 153;7;0;2;3;0;1
202200049324;726 154;7;5;2;5;0;1
202200049325;726 152;7;0;1;7;1;1
202200049326;726 150;7;0;2;1;10;1
202200049326;726 151;7;6;2;9;13;1
202200049327;726 149;7;8;0;1;14;1
202200049328;726 148;7;0;1;1;1;1
202200049329;726 146;60;0;2;8;26;5
202200049329;726 147;7;0;2;2;15;1
202200049330;726 144;7;0;2;3;1;1
202200049330;726 145;7;0;2;1;15;1
202200049331;726 143;31;0;0;0;5;1
202200049332;726 141;7;0;2;6;11;1
202200049332;726 142;32;0;2;1;1;1
202200049333;726 139;30;0;2;2;1;1
202200049333;726 140;7;0;2;4;20;1
202200049334;726 137;7;0;2;1;1;1
202200049334;726 138;13;0;2;4;1;1
202200049335;726 135;7;4;0;5;2;1
202200049335;726 136;7;0;2;5;2;1
202200049336;726 134;7;4;2;3;3;1
202200049337;726 132;7;0;1;1;1;1
202200049338;726 131;10;0;2;3;13;1
202200049338;726 133;7;0;2;3;1;1
202200049339;726 130;0;0;1;1;9;0
202200049340;726 128;7;0;2;3;1;1
202200049340;726 129;7;0;2;3;17;1
202200049341;726 125;7;0;9;7;17;1
202200049341;726 127;1;0;2;8;15;5
202200049342;726 124;2;0;2;1;13;1
202200049342;726 126;10;0;2;1;1;1
202200049343;726 121;1;0;2;1;1;5
202200049343;726 123;7;0;2;2;1;1
202200049344;726 120;7;0;2;1;2;1
202200049344;726 122;37;0;0;4;15;1
202200049345;726 119;7;13;0;3;13;1
202200049346;726 118;7;0;1;1;1;1
202200049347;726 115;7;0;2;1;1;1
202200049347;726 117;7;0;2;1;17;1
202200049348;726 113;7;0;2;1;2;1
202200049348;726 114;7;0;2;1;2;1
202200049348;726 116;7;0;2;4;2;1
202200049349;726 112;7;6;0;2;14;1
202200049350;726 110;2;0;6;8;1;1
202200049351;726 109;32;0;2;8;26;1
202200049351;726 111;7;0;9;7;16;1
202200049352;726 108;7;2;0;1;1;1
202200049353;726 106;33;0;9;1;1;1
202200049353;726 107;15;0;9;2;15;1
202200049354;726 104;7;1;2;2;1;1
202200049354;726 105;17;0;2;5;23;1
202200049355;726 103;7;0;1;3;0;1
202200049356;726 100;10;0;2;1;9;1
202200049356;726 101;7;0;2;7;1;1
202200049357;726 099;1;0;2;1;1;5
202200049357;726 102;7;0;2;3;16;1
202200049358;726 094;7;0;2;4;2;1
202200049358;726 096;7;0;2;4;2;1
202200049358;726 097;7;0;2;1;2;1
202200049359;726 095;7;2;0;2;0;1
202200049360;726 093;7;13;0;1;1;1
202200049361;726 092;7;14;0;0;1;1
202200049362;726 091;7;3;0;9;16;1
202200049363;726 090;7;0;0;1;1;1
202200049364;726 089;36;6;0;2;2;1
202200049365;726 088;30;0;0;0;1;1
202200049366;726 085;10;0;2;2;14;1
202200049366;726 087;17;0;2;6;23;1
202200049367;726 084;7;0;1;3;23;1
202200049367;726 086;7;1;0;2;17;1
202200049368;726 082;33;0;2;1;1;1
202200049368;726 083;7;0;2;4;13;0
202200049369;726 080;7;0;2;3;13;1
202200049369;726 081;7;0;2;1;2;1
202200049370;726 078;1;14;2;1;2;5
202200049370;726 079;38;0;2;5;2;1
202200049371;726 075;7;0;0;7;1;1
202200049371;726 077;7;0;0;3;19;3
202200049372;726 074;32;0;2;1;5;1
202200049372;726 076;7;0;2;1;1;1
202200049373;726 073;7;8;0;9;0;0
202200049374;726 072;7;0;1;3;16;1
202200049375;726 071;7;6;0;3;1;1
202200049376;726 069;7;0;2;2;20;1
202200049376;726 070;33;0;2;1;1;1
202200049377;726 068;7;2;0;1;13;1
202200049378;726 065;7;0;2;3;17;1
202200049378;726 067;7;0;2;3;1;1
202200049379;726 064;10;0;2;7;1;0
202200049379;726 066;1;0;2;8;12;5
202200049380;726 062;7;0;2;1;13;1
202200049380;726 063;7;0;2;1;1;1
202200049381;726 060;7;0;2;3;1;1
202200049381;726 061;7;0;2;1;15;1
202200049382;726 058;7;2;0;1;2;1
202200049383;726 057;7;13;0;3;17;3
202200049384;726 055;10;0;2;3;1;1
202200049384;726 056;7;0;2;3;13;1
202200049385;726 053;7;0;2;3;13;1
202200049385;726 054;10;0;2;3;1;1
202200049386;726 051;7;0;0;9;0;1
202200049387;726 048;7;0;0;8;2;1
202200049387;726 049;7;0;2;1;17;1
202200049387;726 050;7;0;2;1;1;1
202200049388;726 047;7;0;1;1;1;1
202200049389;726 044;7;0;2;1;1;1
202200049389;726 045;7;0;2;1;1;1
202200049389;726 046;7;0;2;1;0;1
202200049390;726 042;33;0;0;7;9;1
202200049390;726 043;2;0;2;1;9;1
202200049391;726 041;7;3;0;3;26;1
202200049392;726 039;7;0;2;4;23;1
202200049392;726 040;7;0;2;1;2;1
202200049393;726 038;7;4;0;2;14;1
202200049394;726 036;7;0;2;1;1;1
202200049394;726 037;7;0;2;4;1;1
202200049395;726 035;7;4;0;0;0;1
202200049396;726 034;37;0;1;2;1;2
202200049397;726 033;7;0;1;1;1;1
202200049398;726 031;10;0;2;4;26;1
202200049398;726 032;7;1;0;1;14;1
202200049399;726 029;7;0;9;2;16;1
202200049399;726 030;50;0;2;3;16;3
202200049400;726 028;7;0;1;1;21;1
202200049401;726 027;7;0;1;2;13;1
202200049402;726 025;15;0;2;2;1;0
202200049402;726 026;7;0;2;8;11;1
202200049403;726 022;7;0;2;6;2;1
202200049403;726 023;1;0;2;1;26;5
202200049403;726 024;37;0;2;3;0;0
202200049404;726 020;2;0;2;1;1;0
202200049404;726 021;7;0;9;1;16;1
202200049405;726 018;7;0;2;1;9;1
202200049405;726 019;7;0;2;4;11;1
202200049406;726 017;30;0;0;0;26;0
202200049407;726 016;10;0;1;1;15;0
202200049408;726 014;7;0;2;3;1;2
202200049408;726 015;1;0;2;1;19;5
202200049409;726 012;31;0;2;3;1;1
202200049409;726 013;7;0;2;3;15;1
202200049410;726 010;7;0;2;3;1;1
202200049410;726 011;7;0;2;1;16;1
202200049411;726 009;7;0;1;2;26;1
202200049412;726 007;7;0;2;5;26;1
202200049412;726 008;7;0;2;2;2;1
202200049413;726 005;7;0;2;1;18;1
202200049413;726 006;7;0;2;1;15;1
202200049414;726 004;7;0;1;1;16;0
202200049415;726 002;7;0;2;2;9;1
202200049415;726 003;1;0;2;5;19;5
202200049416;726 000;7;0;2;2;1;1
202200049416;726 001;10;0;2;3;19;3
202200049417;725 999;7;8;0;1;0;1
202200049418;725 997;31;0;2;7;1;1
202200049418;725 998;7;0;2;8;15;1
202200049419;725 995;10;0;2;8;1;1
202200049419;725 996;32;0;2;1;26;1
202200049420;725 994;2;13;0;1;1;1
202200049421;725 993;7;0;1;1;1;1
202200049422;725 992;7;1;0;1;13;1
202200049423;725 991;7;9;0;1;1;0
202200049424;725 989;10;0;4;2;1;1
202200049424;725 990;39;0;2;8;1;3
202200049425;725 988;99;0;1;1;26;0
202200049426;725 986;7;0;2;1;1;1
202200049426;725 987;7;0;2;7;19;1
202200049427;725 984;7;0;2;1;1;1
202200049427;725 985;7;0;2;1;13;1
202200049428;725 982;1;0;2;7;19;5
202200049428;725 983;7;0;2;1;16;1
202200049429;725 981;7;0;1;3;16;1
202200049430;725 979;7;0;2;3;14;1
202200049430;725 980;7;0;2;1;15;1
202200049431;725 977;2;0;2;8;17;1
202200049431;725 978;7;0;2;8;15;1
202200049432;725 976;7;0;1;1;15;1
202200049433;725 974;30;0;2;3;21;1
202200049433;725 975;7;0;2;2;15;1
202200049434;725 971;7;0;2;6;1;1
202200049434;725 972;7;0;2;4;1;1
202200049434;725 973;10;0;2;1;1;1
202200049435;725 970;40;0;1;1;1;3
202200049436;725 969;7;0;1;4;4;1
202200049437;725 967;7;1;0;9;14;1
202200049437;725 968;7;0;2;3;1;1
202200049438;725 965;1;0;2;3;1;5
202200049438;725 966;7;0;9;3;15;1
202200049439;725 963;1;0;2;3;1;5
202200049439;725 964;7;0;9;3;1;1
202200049440;725 961;2;0;2;1;8;1
202200049440;725 962;7;0;2;2;0;1
202200049441;725 959;2;0;2;1;1;1
202200049441;725 960;7;0;2;3;9;1
202200049442;725 958;1;0;2;0;21;5
202200049443;725 956;10;0;2;1;9;1
202200049443;725 957;1;0;2;1;9;5
202200049444;725 954;7;0;2;3;9;1
202200049444;725 955;2;0;2;1;1;1
202200049445;725 952;7;0;2;3;1;1
202200049445;725 953;7;0;2;7;1;1
202200049446;725 951;30;0;0;0;1;1
202200049447;725 949;7;0;2;2;16;2
202200049447;725 950;1;0;2;1;1;5
202200049448;725 946;7;1;0;3;14;1
202200049449;725 944;10;0;2;1;1;1
202200049449;725 945;7;0;2;4;2;1
202200049450;725 942;7;0;0;0;1;1
202200049450;725 943;30;0;2;1;9;1
202200049451;725 941;7;0;1;3;1;1
202200049452;725 939;7;0;2;1;1;1
202200049452;725 940;7;0;2;1;15;1
202200049453;725 938;7;0;1;3;1;1
202200049454;725 936;7;0;2;1;19;1
202200049454;725 937;33;0;2;0;1;1
202200049455;725 935;7;0;0;9;13;1
202200049456;725 933;7;0;2;6;26;1
202200049456;725 934;7;0;2;1;26;1
202200049457;725 931;7;0;2;2;1;1
202200049457;725 932;32;0;2;1;1;1
202200049458;725 930;7;0;1;1;1;0
202200049459;725 928;37;0;2;2;1;1
202200049459;725 929;30;0;2;1;13;1
202200049460;725 926;7;0;9;2;20;1
202200049460;725 927;1;0;2;7;13;5
202200049461;725 925;7;0;1;1;1;1
202200049462;725 922;7;0;2;1;1;1
202200049462;725 923;7;0;2;4;1;1
202200049462;725 924;7;0;2;4;15;1
202200049463;725 921;31;0;1;3;1;1
202200049464;725 920;7;0;1;3;1;2
202200049465;725 918;2;0;2;1;17;1
202200049465;725 919;7;0;2;1;5;1
202200049466;725 917;31;0;1;1;2;1
202200049467;725 915;33;0;0;4;1;1
202200049467;725 916;33;0;2;1;17;1
202200049468;725 914;7;0;1;3;15;1
202200049469;725 912;7;0;2;3;15;1
202200049469;725 913;32;0;2;3;1;1
202200049470;725 910;10;1;2;1;21;1
202200049470;725 911;7;0;1;5;11;1
202200049471;725 908;7;0;2;6;23;2
202200049471;725 909;30;0;2;1;1;1
202200049472;725 907;32;0;1;1;1;1
202200049473;725 904;7;0;2;5;1;1
202200049473;725 905;10;0;2;3;16;1
202200049473;725 906;33;0;2;1;7;1
202200049474;725 902;80;0;2;8;1;3
202200049474;725 903;10;0;2;7;16;1
202200049475;725 900;7;0;2;5;1;1
202200049475;725 901;7;0;2;1;1;1
202200049476;725 898;32;0;2;1;1;1
202200049476;725 899;1;0;2;0;1;5
202200049477;725 896;13;0;2;2;16;1
202200049477;725 897;32;0;2;8;18;1
202200049478;725 895;7;0;1;2;1;1
202200049479;725 894;7;0;1;2;1;1
202200049480;725 892;7;0;2;4;26;1
202200049480;725 893;32;0;2;1;1;1
202200049481;725 890;37;0;2;0;16;1
202200049481;725 891;7;0;2;2;9;1
202200049482;725 887;7;0;2;2;15;1
202200049482;725 888;7;0;2;3;15;1
202200049482;725 889;2;0;2;1;1;1
202200049483;725 885;7;0;2;1;1;2
202200049483;725 886;30;0;2;7;1;1
202200049484;725 884;7;1;0;1;26;1
202200049485;725 882;7;1;2;4;1;1
202200049485;725 883;7;0;2;1;1;1
202200049486;725 880;1;0;2;8;1;5
202200049486;725 881;7;0;2;1;11;1
202200049487;725 879;7;0;1;6;26;1
202200049488;725 878;7;0;1;1;12;0
202200049489;725 876;7;0;9;2;16;1
202200049489;725 877;1;0;2;1;0;5
202200049490;725 874;10;0;9;3;15;3
202200049490;725 875;1;0;2;4;1;5
202200049491;725 870;7;0;2;8;1;1
202200049491;725 871;1;0;2;8;26;5
202200049492;725 868;7;0;2;1;15;1
202200049492;725 869;2;0;2;1;1;1
202200049493;725 866;7;1;0;3;1;1
202200049493;725 867;31;0;2;8;24;1
202200049494;725 864;7;0;2;3;1;1
202200049494;725 865;7;0;2;3;1;1
202200049495;725 862;2;0;2;1;1;1
202200049495;725 863;7;0;2;5;15;1
202200049496;725 860;2;0;2;3;1;1
202200049496;725 861;7;0;2;1;1;1
202200049497;725 859;7;16;0;0;1;1
202200049498;725 857;7;0;2;1;1;1
202200049498;725 858;7;0;2;1;13;1
202200049499;725 856;7;2;0;3;13;1
202200049500;725 855;7;0;1;1;20;1
202200049501;725 854;7;0;0;9;1;1
202200049502;725 851;7;0;2;2;13;1
202200049502;725 852;7;0;2;7;1;1
202200049503;725 849;7;0;2;2;2;1
202200049503;725 850;7;0;2;6;19;1
202200049504;725 847;7;8;0;8;14;1
202200049505;725 846;10;6;0;2;1;1
202200049506;725 843;7;0;2;1;1;1
202200049506;725 844;7;0;2;1;13;1
202200049507;725 841;7;0;2;2;15;1
202200049507;725 842;1;0;2;8;1;5
202200049508;725 837;7;0;2;3;11;1
202200049508;725 838;15;0;2;3;2;1
202200049508;725 839;7;0;2;1;2;1
202200049508;725 840;7;0;2;3;1;1
202200049509;725 835;2;0;2;1;1;1
202200049509;725 836;7;0;2;1;13;1
202200049510;725 833;7;0;2;1;13;1
202200049510;725 834;7;0;2;1;1;1
202200049511;725 832;7;0;1;3;1;1