Num_Acc;id_vehicule;catv;obs;obsm;choc;manv;motor
202200050688;723 742;7;0;2;2;15;1
202200050689;723 732;7;0;1;4;4;1
202200050690;723 730;7;1;0;2;14;1
202200050691;723 736;7;1;0;2;14;1
202200050691;723 741;7;1;0;2;26;1
202200050692;723 737;7;1;2;8;20;1
202200050692;723 744;80;0;2;1;1;3
202200050693;723 727;7;7;0;1;1;1
202200050694;723 728;10;0;1;2;15;1
202200050695;723 726;7;3;0;1;12;1
202200050696;723 722;7;0;1;2;1;1
202200050697;723 729;33;0;2;1;26;1
202200050697;723 731;7;0;2;6;10;1
202200050698;723 721;7;0;2;6;1;1
202200050698;723 724;7;0;2;3;1;1
202200050699;723 715;7;0;2;8;15;1
202200050699;723 720;2;0;2;7;17;1
202200050700;723 719;7;0;2;8;10;1
202200050700;723 725;7;0;2;1;1;2
202200050701;723 709;7;0;2;1;1;1
202200050701;723 718;7;0;2;3;19;1
202200050702;723 710;7;0;2;3;15;1
202200050702;723 716;2;0;2;1;13;1
202200050703;723 717;7;0;2;1;2;1
202200050703;723 723;1;0;2;4;2;5
202200050704;723 711;7;0;2;1;9;1
202200050704;723 714;7;0;2;8;9;1
202200050705;723 705;7;1;2;5;24;1
202200050705;723 712;33;1;2;1;1;1
202200050706;723 706;7;0;2;3;13;1
202200050706;723 713;10;0;2;3;1;1
202200050707;723 704;33;0;2;3;13;1
202200050707;723 708;7;0;2;3;1;1
202200050708;723 701;10;0;2;4;23;1
202200050708;723 703;7;0;2;2;1;1
202200050708;723 707;7;1;2;1;18;1
202200050709;723 700;7;6;0;3;19;1
202200050710;723 698;7;0;2;2;18;1
202200050710;723 702;30;0;2;4;1;1
202200050711;723 693;7;0;2;1;1;1
202200050711;723 699;1;0;2;1;9;5
202200050712;723 689;7;4;0;3;2;1
202200050713;723 692;30;0;2;8;15;3
202200050713;723 696;32;0;2;1;1;1
202200050714;723 690;10;0;2;4;23;1
202200050714;723 695;7;0;2;1;2;1
202200050715;723 688;1;0;0;4;1;5
202200050715;723 691;7;0;2;2;2;1
202200050716;723 686;7;6;0;3;13;1
202200050717;723 685;30;0;1;0;7;1
202200050718;723 687;7;0;2;4;2;1
202200050718;723 694;1;0;2;1;2;5
202200050719;723 682;80;0;9;0;13;3
202200050719;723 683;80;0;9;0;21;3
202200050720;723 679;7;0;2;1;1;1
202200050720;723 684;7;0;2;2;1;1
202200050720;723 697;17;0;0;6;1;1
202200050721;723 676;17;0;2;7;17;1
202200050721;723 678;7;3;2;1;21;1
202200050722;723 673;33;0;2;7;3;1
202200050722;723 680;7;0;2;1;19;1
202200050723;723 674;7;1;0;6;23;1
202200050723;723 681;7;14;0;2;1;1
202200050724;723 671;7;1;2;2;1;1
202200050724;723 677;10;0;2;6;23;0
202200050725;723 670;7;0;2;2;1;1
202200050725;723 675;7;0;2;5;15;1
202200050726;723 672;32;0;1;1;1;1
202200050727;723 662;3;0;2;3;1;1
202200050727;723 667;2;0;2;3;1;1
202200050728;723 663;13;0;0;2;15;1
202200050728;723 666;31;0;0;1;1;1
202200050729;723 661;7;0;2;7;10;1
202200050729;723 668;2;0;2;1;1;1
202200050730;723 659;7;0;2;5;16;1
202200050730;723 664;30;0;2;1;2;1
202200050731;723 658;7;0;1;2;1;1
202200050732;723 657;7;0;2;7;1;1
202200050732;723 665;32;0;2;8;11;1
202200050733;723 655;7;0;1;1;1;0
202200050734;723 650;7;0;0;3;1;1
202200050735;723 656;37;0;2;2;2;3
202200050735;723 669;7;0;2;4;2;2
202200050736;723 654;7;6;2;8;1;1
202200050736;723 660;14;6;2;1;1;0
202200050737;723 649;7;0;6;1;1;1
202200050738;723 646;1;0;2;4;1;5
202200050738;723 652;7;0;2;1;2;1
202200050739;723 653;10;2;0;3;13;1
202200050740;723 645;7;0;2;4;23;1
202200050740;723 651;7;0;2;1;2;1
202200050741;723 644;7;0;2;1;1;1
202200050741;723 648;10;0;2;1;13;1
202200050742;723 643;33;0;2;1;1;1
202200050742;723 647;7;0;2;8;15;1
202200050743;723 642;2;0;0;1;1;1
202200050744;723 641;37;0;1;7;7;1
202200050745;723 639;7;15;0;2;1;1
202200050746;723 636;7;0;1;2;1;2
202200050747;723 634;7;0;2;3;1;1
202200050747;723 638;33;0;2;1;13;1
202200050748;723 633;7;0;2;1;2;1
202200050748;723 637;21;0;2;6;1;1
202200050749;723 635;7;0;2;8;1;1
202200050749;723 640;17;0;2;7;12;1
202200050750;723 631;7;2;0;8;1;1
202200050751;723 626;30;5;0;1;1;1
202200050752;723 624;30;0;0;1;1;1
202200050752;723 630;30;0;0;1;1;1
202200050753;723 621;7;0;1;1;1;1
202200050754;723 619;7;13;0;9;1;1
202200050755;723 618;34;0;2;8;1;1
202200050755;723 623;7;0;2;5;12;1
202200050756;723 620;7;0;0;4;2;0
202200050756;723 628;31;12;2;2;2;1
202200050757;723 615;7;0;2;1;1;1
202200050757;723 625;10;0;2;1;15;1
202200050757;723 629;7;0;2;1;1;1
202200050757;723 632;7;0;2;1;23;1
202200050758;723 613;33;0;0;3;15;1
202200050759;723 614;7;0;0;4;23;1
202200050759;723 617;7;0;2;4;2;1
202200050759;723 622;10;0;2;1;2;1
202200050760;723 610;1;0;1;1;25;5
202200050761;723 604;7;15;0;1;1;1
202200050762;723 601;10;0;0;0;0;0
202200050762;723 607;33;0;2;7;0;1
202200050763;723 598;7;0;2;1;2;1
202200050763;723 612;7;0;2;4;2;2
202200050763;723 616;7;3;2;4;2;2
202200050763;723 627;7;0;0;4;2;1
202200050764;723 599;7;0;2;3;9;1
202200050764;723 605;7;0;2;2;1;1
202200050765;723 596;7;0;2;3;13;1
202200050765;723 603;7;0;2;3;1;1
202200050766;723 594;7;0;1;2;26;1
202200050767;723 591;10;0;2;4;1;1
202200050767;723 597;7;0;0;4;1;1
202200050767;723 602;7;0;2;4;1;1
202200050767;723 608;10;0;2;1;1;1
202200050768;723 595;7;0;2;2;1;1
202200050768;723 609;33;0;2;1;17;1
202200050769;723 593;30;0;2;7;23;3
202200050769;723 600;7;0;2;6;23;1
202200050769;723 606;7;0;2;4;1;2
202200050769;723 611;7;0;2;1;17;1
202200050770;723 588;10;0;1;1;1;1
202200050771;723 587;7;0;2;3;18;1
202200050771;723 590;7;0;2;5;1;1
202200050772;723 585;33;0;2;1;1;1
202200050772;723 589;7;0;0;3;15;1
202200050773;723 586;7;0;2;1;1;1
202200050773;723 592;7;0;2;3;1;1
202200050774;723 583;7;0;1;2;1;1
202200050775;723 581;33;8;0;1;13;1
202200050776;723 580;33;0;2;1;1;1
202200050776;723 584;7;0;2;3;10;1
202200050777;723 577;33;0;1;1;1;1
202200050778;723 574;7;0;1;3;1;1
202200050779;723 571;7;0;2;4;2;1
202200050779;723 579;7;0;2;1;2;1
202200050780;723 570;7;0;2;3;9;1
202200050780;723 575;2;0;2;7;15;1
202200050781;723 568;7;6;2;1;2;1
202200050781;723 573;10;6;0;4;2;0
202200050782;723 569;7;0;2;2;12;1
202200050782;723 572;10;0;2;3;2;1
202200050782;723 578;7;0;2;4;2;1
202200050782;723 582;17;0;2;4;1;1
202200050783;723 567;1;0;0;2;1;5
202200050783;723 576;7;0;0;8;9;1
202200050784;723 566;3;0;1;3;2;0
202200050785;723 561;10;0;2;2;15;1
202200050785;723 565;33;0;2;1;1;1
202200050786;723 560;7;0;2;3;10;3
202200050786;723 564;50;0;2;2;17;3
202200050787;723 555;1;0;2;0;0;5
202200050787;723 563;7;0;2;3;9;1
202200050788;723 553;7;13;0;1;13;1
202200050789;723 556;7;0;2;3;5;1
202200050789;723 562;2;0;2;2;1;3
202200050790;723 554;33;8;0;0;1;1
202200050791;723 550;7;0;2;3;16;1
202200050791;723 557;1;0;2;1;1;5
202200050792;723 548;7;0;2;4;1;1
202200050792;723 551;7;0;2;6;1;1
202200050792;723 558;7;0;2;9;12;1
202200050793;723 549;7;0;2;4;1;1
202200050793;723 552;7;0;2;4;9;1
202200050793;723 559;7;0;2;1;9;1
202200050794;723 546;7;0;2;1;2;1
202200050794;723 547;7;0;2;4;2;1
202200050795;723 545;14;0;0;3;1;6
202200050796;723 538;2;12;0;2;1;1
202200050797;723 537;17;0;0;6;1;1
202200050797;723 542;10;3;2;2;14;1
202200050798;723 540;1;0;0;0;1;5
202200050799;723 536;34;0;2;1;1;1
202200050799;723 543;7;0;2;3;15;1
202200050800;723 532;7;0;2;0;0;1
202200050800;723 534;7;0;2;1;1;1
202200050801;723 533;10;0;2;1;15;1
202200050801;723 544;33;0;2;1;1;1
202200050802;723 529;17;1;0;2;21;1
202200050803;723 528;7;0;2;2;1;0
202200050803;723 535;2;0;2;8;16;1
202200050804;723 527;7;0;9;2;15;1
202200050804;723 531;33;0;2;1;1;1
202200050805;723 525;10;0;1;1;1;1
202200050806;723 524;1;0;1;3;1;5
202200050807;723 518;33;0;2;1;1;1
202200050807;723 521;7;0;2;3;10;1
202200050808;723 523;7;0;2;4;1;3
202200050808;723 526;1;16;0;4;0;5
202200050809;723 515;7;14;9;4;23;1
202200050809;723 520;14;14;0;1;26;1
202200050810;723 517;10;0;2;7;15;1
202200050810;723 522;2;0;2;1;1;1
202200050811;723 512;7;0;2;8;13;1
202200050811;723 519;10;0;2;7;1;1
202200050812;723 513;7;0;1;1;0;1
202200050813;723 510;7;0;2;1;19;1
202200050813;723 516;80;0;2;8;1;3
202200050814;723 511;7;0;1;1;1;1
202200050815;723 508;36;16;0;0;17;1
202200050816;723 509;7;0;2;3;17;1
202200050816;723 514;7;0;2;3;1;1
202200050817;723 507;1;12;0;0;1;5
202200050818;723 506;7;0;1;1;15;1
202200050819;723 503;7;4;0;3;13;1
202200050820;723 498;33;0;5;1;1;1
202200050821;723 494;50;0;2;3;9;3
202200050821;723 502;7;0;2;7;1;1
202200050822;723 493;33;0;2;1;1;1
202200050822;723 499;7;0;2;7;10;1
202200050823;723 492;7;0;2;3;15;2
202200050823;723 497;32;0;2;2;17;1
202200050824;723 496;7;0;2;7;16;1
202200050824;723 500;32;0;2;1;18;1
202200050825;723 491;1;0;2;1;26;5
202200050825;723 495;7;0;9;2;1;2
202200050826;723 489;7;0;1;2;16;1
202200050827;723 488;7;0;2;4;1;1
202200050827;723 490;7;0;2;1;2;1
202200050828;723 486;7;0;1;1;1;1
202200050829;723 482;7;0;1;3;1;1
202200050830;723 481;7;0;1;3;1;1
202200050831;723 476;7;0;2;8;1;3
202200050831;723 484;7;0;2;7;12;1
202200050831;723 487;10;0;2;4;1;1
202200050832;723 480;50;0;2;3;12;3
202200050832;723 485;7;0;2;3;1;1
202200050833;723 477;10;0;2;1;9;1
202200050833;723 483;2;0;2;7;15;1
202200050834;723 473;7;0;2;3;1;1
202200050834;723 478;31;0;2;2;17;1
202200050835;723 471;7;0;2;1;2;1
202200050835;723 475;7;0;2;4;0;1
202200050836;723 472;32;0;2;5;1;1
202200050836;723 479;32;0;2;1;18;1
202200050837;723 469;1;0;2;2;26;5
202200050837;723 474;7;0;2;1;26;1
202200050838;723 468;33;6;0;1;17;1
202200050839;723 467;7;0;0;8;19;1
202200050839;723 470;33;0;2;1;1;0
202200050840;723 457;34;0;2;4;2;1
202200050840;723 463;7;0;2;1;2;2
202200050841;723 456;7;0;2;1;2;1
202200050841;723 462;7;0;2;4;2;1
202200050841;723 466;7;0;2;8;1;1
202200050842;723 453;7;0;2;4;2;1
202200050842;723 464;7;0;2;1;2;1
202200050843;723 451;2;0;2;1;3;1
202200050843;723 458;14;1;2;3;1;1
202200050843;723 465;10;0;2;8;1;1
202200050844;723 455;50;0;2;1;3;3
202200050844;723 459;7;0;2;1;2;1
202200050845;723 454;7;0;1;0;9;1
202200050846;723 450;7;0;1;3;0;1
202200050847;723 452;7;0;2;4;24;1
202200050847;723 460;31;0;2;1;1;1
202200050848;723 447;7;4;0;1;17;1
202200050849;723 446;7;1;1;5;20;1
202200050850;723 443;1;6;0;1;0;5
202200050851;723 442;10;0;2;1;1;1
202200050851;723 444;50;0;2;2;19;3
202200050852;723 441;7;0;0;9;1;1
202200050853;723 436;7;0;2;1;2;1
202200050853;723 438;60;0;0;4;0;5
202200050854;723 435;7;8;2;1;19;1
202200050854;723 439;99;0;-1;2;26;0
202200050855;723 434;7;4;0;1;0;1
202200050856;723 449;2;0;2;1;1;1
202200050856;723 461;7;0;2;7;1;1
202200050857;723 432;7;0;0;0;21;1
202200050857;723 437;7;1;0;1;13;1
202200050858;723 433;7;0;2;9;1;1
202200050858;723 440;7;0;2;9;1;1
202200050858;723 445;7;0;2;1;17;1
202200050859;723 430;7;5;2;5;1;1
202200050859;723 448;15;0;2;2;9;1
202200050860;723 428;7;0;2;2;9;1
202200050860;723 431;30;0;2;7;1;1
202200050861;723 427;33;0;0;8;10;1
202200050862;723 425;1;0;2;7;1;5
202200050862;723 429;7;0;2;1;9;1
202200050863;723 422;32;15;0;1;0;1
202200050864;723 421;32;0;2;2;17;1
202200050864;723 423;7;0;2;8;15;1
202200050865;723 418;7;0;2;1;1;1
202200050865;723 424;7;0;2;7;1;1
202200050866;723 415;10;0;0;4;23;1
202200050866;723 416;7;0;2;9;1;1
202200050866;723 420;7;0;2;1;26;1
202200050867;723 414;2;12;0;1;13;1
202200050868;723 413;7;0;2;1;1;-1
202200050868;723 417;7;0;2;4;1;-1
202200050869;723 411;7;0;2;1;2;1
202200050869;723 419;7;0;2;1;2;2
202200050869;723 426;7;1;0;1;2;2
202200050870;723 410;7;0;2;0;1;0
202200050870;723 412;2;0;2;2;5;1
202200050871;723 406;7;0;2;7;15;1
202200050871;723 408;30;0;2;1;1;1
202200050872;723 405;7;0;2;5;22;2
202200050872;723 409;80;0;2;1;18;3
202200050873;723 403;7;0;2;3;2;1
202200050873;723 407;99;0;2;1;26;3
202200050874;723 395;33;0;2;1;3;1
202200050874;723 399;7;0;2;2;12;1
202200050875;723 397;7;0;2;4;2;1
202200050875;723 402;7;0;2;1;2;1
202200050876;723 394;1;0;9;1;13;5
202200050876;723 400;1;0;9;1;21;5
202200050877;723 393;7;0;2;2;1;1
202200050877;723 404;1;0;2;1;15;5
202200050878;723 392;10;0;2;1;15;1
202200050878;723 398;32;0;2;1;11;1
202200050879;723 391;10;0;2;0;0;1
202200050879;723 396;7;0;2;0;0;1
202200050879;723 401;7;0;2;0;0;1
202200050880;723 387;33;0;2;1;2;1
202200050880;723 389;7;0;2;5;12;1
202200050881;723 386;7;0;2;2;1;1
202200050881;723 390;33;0;2;8;15;1
202200050882;723 380;7;0;2;1;2;1
202200050882;723 385;7;0;0;4;23;1
202200050883;723 379;2;0;2;1;1;1
202200050883;723 383;7;0;2;1;15;1
202200050884;723 378;7;0;2;3;11;1
202200050884;723 382;33;0;2;7;3;1
202200050885;723 376;7;0;2;4;2;1
202200050885;723 381;7;0;2;4;2;1
202200050885;723 388;7;0;2;1;2;1
202200050886;723 374;10;0;2;8;1;1
202200050886;723 384;1;0;2;1;11;5
202200050887;723 371;43;0;2;1;3;1
202200050887;723 373;43;0;2;4;3;1
202200050887;723 375;7;0;2;8;1;1
202200050887;723 377;7;0;2;2;2;1
202200050888;723 372;7;1;0;2;14;1
202200050889;723 369;7;0;2;3;9;1
202200050889;723 370;7;0;2;1;13;-1
202200050890;723 368;7;0;0;3;12;1
202200050891;723 366;7;0;1;1;1;1
202200050892;723 364;33;0;2;1;1;1
202200050892;723 367;7;0;2;2;15;1
202200050893;723 362;7;0;2;1;1;1
202200050893;723 365;7;0;2;4;2;1
202200050894;723 357;7;1;2;4;2;1
202200050894;723 361;7;0;2;1;2;1
202200050895;723 360;33;4;0;8;13;1
202200050896;723 359;7;0;2;2;1;1
202200050896;723 363;7;0;2;0;0;1
202200050897;723 354;10;0;2;5;2;1
202200050897;723 355;43;0;2;3;13;1
202200050898;723 350;7;0;2;1;15;1
202200050898;723 353;1;0;2;8;9;5
202200050899;723 352;30;11;0;0;0;1
202200050899;723 358;7;0;2;1;1;1
202200050900;723 351;7;0;2;1;11;1
202200050900;723 356;10;0;2;4;1;1
202200050901;723 348;32;0;1;1;13;0
202200050902;723 347;32;0;0;8;1;1
202200050903;723 345;31;0;2;0;1;1
202200050903;723 349;7;0;0;0;9;1
202200050904;723 342;7;0;2;4;1;1
202200050904;723 346;7;0;2;1;1;1
202200050905;723 340;33;0;0;2;1;1
202200050906;723 338;1;0;9;1;1;5
202200050906;723 341;99;0;9;1;1;3
202200050907;723 337;7;8;0;1;19;1
202200050907;723 344;2;8;2;1;2;1
202200050908;723 339;1;0;2;1;1;5
202200050908;723 343;7;0;2;8;15;1
202200050909;723 333;7;0;2;1;1;1
202200050909;723 336;7;0;2;1;17;1
202200050910;723 330;80;0;2;7;15;3
202200050910;723 335;7;0;2;3;9;1
202200050911;723 325;10;0;1;1;16;1
202200050912;723 326;7;0;2;2;15;2
202200050912;723 332;7;0;2;1;1;1
202200050913;723 328;80;0;0;1;1;3
202200050914;723 327;1;0;2;1;1;5
202200050914;723 331;7;0;2;2;15;1
202200050915;723 324;7;0;2;4;23;1
202200050915;723 329;7;0;2;1;1;1
202200050915;723 334;15;0;2;3;23;1
202200050916;723 322;10;6;1;1;20;1
202200050917;723 318;7;0;1;3;1;1
202200050918;723 315;7;1;0;2;14;1
202200050919;723 317;50;0;0;1;1;3
202200050919;723 321;7;0;9;1;16;1
202200050920;723 316;1;0;2;8;13;5
202200050920;723 320;7;0;2;7;1;1
202200050921;723 314;7;0;2;4;1;1
202200050921;723 319;7;0;2;1;1;1
202200050921;723 323;7;0;2;1;1;1
202200050922;723 311;1;0;2;1;12;5
202200050922;723 313;1;0;2;1;11;5
202200050923;723 309;1;0;2;7;1;5
202200050924;723 310;32;0;2;5;1;1
202200050924;723 312;7;0;2;3;10;0
202200050925;723 307;7;13;0;1;1;1
202200050926;723 305;3;0;2;3;13;1
202200050926;723 308;7;0;2;8;1;1
202200050927;723 303;7;0;2;1;1;1
202200050928;723 302;7;0;2;2;2;1
202200050928;723 304;33;0;2;5;2;1
202200050929;723 301;7;0;2;4;23;1
202200050929;723 306;7;0;2;1;0;1
202200050930;723 297;7;0;2;3;15;1
202200050930;723 300;30;0;2;1;1;3
202200050931;723 299;50;0;1;1;25;3
202200050932;723 296;33;0;2;0;0;1
202200050932;723 298;7;0;2;3;13;1
202200050933;723 290;33;1;0;0;26;1
202200050934;723 292;1;0;2;1;0;0
202200050934;723 294;7;0;2;3;1;1
202200050935;723 293;80;0;2;1;1;3
202200050935;723 295;7;0;2;8;22;2
202200050936;723 288;1;0;0;0;21;5
202200050937;723 283;7;0;1;1;1;1
202200050938;723 282;7;0;1;2;16;1
202200050939;723 281;50;0;0;0;26;3
202200050940;723 279;33;0;2;1;1;1
202200050940;723 280;13;0;2;7;15;0
202200050941;723 277;33;0;2;8;1;1
202200050941;723 278;10;0;2;2;12;1
202200050942;723 275;7;12;0;0;5;0
202200050942;723 276;32;0;0;0;26;0
202200050943;723 273;1;0;2;1;0;5
202200050943;723 274;7;0;2;2;9;1
202200050944;723 271;33;0;2;1;1;1
202200050944;723 272;7;0;2;3;13;1
202200050945;723 269;1;0;2;3;2;5
202200050945;723 270;50;0;2;2;9;3
202200050946;723 268;1;0;2;3;19;5
202200050946;723 284;7;0;2;5;1;1
202200050947;723 267;7;15;0;3;1;1
202200050948;723 265;7;9;0;1;26;1
202200050949;723 264;30;0;2;8;21;3
202200050949;723 266;10;0;2;3;1;3
202200050950;723 260;7;0;2;3;1;1
202200050950;723 262;2;0;2;1;1;1
202200050951;723 287;10;0;2;4;11;0
202200050951;723 289;33;0;2;1;1;1
202200050952;723 261;30;0;2;1;15;1
202200050952;723 263;7;0;2;6;1;1
202200050953;723 286;2;0;2;1;1;1
202200050953;723 291;7;0;2;4;1;1
202200050954;723 258;30;0;2;1;7;1
202200050954;723 259;7;0;2;2;16;2
202200050955;723 257;7;0;2;4;1;1
202200050955;723 285;7;0;2;1;1;1
202200050956;723 255;7;4;0;3;1;1
202200050957;723 253;31;0;0;0;26;1
202200050958;723 252;7;0;1;5;4;1
202200050959;723 251;7;0;2;2;1;1
202200050959;723 256;7;0;2;7;15;1
202200050960;723 249;7;0;9;1;1;2
202200050960;723 254;50;0;2;0;1;3
202200050961;723 248;50;0;2;1;1;3
202200050961;723 250;7;0;2;6;9;2
202200050962;723 245;7;2;0;1;1;1
202200050963;723 244;33;0;1;8;13;1
202200050964;723 242;7;0;2;0;3;0
202200050964;723 246;7;0;2;6;1;2
202200050965;723 240;32;0;2;1;1;1
202200050965;723 243;7;0;2;5;16;2
202200050966;723 239;33;16;0;3;0;1
202200050967;723 241;7;0;2;4;23;1
202200050967;723 247;30;0;2;1;1;3
202200050968;723 236;7;0;2;1;0;1
202200050968;723 238;1;0;2;0;0;5
202200050969;723 232;17;0;2;4;2;1
202200050969;723 237;17;0;2;1;2;1
202200050970;723 233;2;1;1;1;1;1
202200050971;723 230;1;0;2;1;1;5
202200050971;723 234;7;0;2;4;23;2
202200050972;723 227;7;0;2;4;23;1
202200050972;723 229;7;0;2;4;23;1
202200050972;723 231;7;0;2;4;23;1
202200050972;723 235;7;0;2;1;1;1
202200050973;723 224;43;0;2;7;3;1
202200050973;723 228;7;0;2;0;13;0
202200050974;723 223;7;0;2;2;21;1
202200050974;723 226;33;0;2;2;21;1
202200050975;723 218;7;0;2;1;1;1
202200050975;723 221;7;0;2;4;23;1
202200050976;723 214;7;0;2;4;9;1
202200050976;723 219;15;0;2;1;1;1
202200050977;723 215;2;0;2;7;17;1
202200050977;723 220;7;0;2;3;15;1
202200050978;723 213;7;0;2;0;0;1
202200050978;723 217;7;0;1;4;2;1
202200050978;723 222;7;0;2;4;2;1
202200050978;723 225;7;0;2;1;2;1
202200050979;723 212;7;0;2;2;15;1
202200050979;723 216;10;0;0;8;1;1
202200050980;723 211;50;0;0;0;1;3
202200050981;723 210;7;0;1;7;1;0
202200050982;723 208;36;0;2;0;26;0
202200050983;723 206;10;0;2;1;19;1
202200050983;723 209;34;14;2;2;1;1
202200050984;723 201;7;0;2;3;1;1
202200050984;723 205;33;0;2;1;1;1
202200050985;723 202;2;0;1;1;1;1
202200050986;723 204;7;0;2;1;1;1
202200050986;723 207;7;0;2;1;13;1
202200050987;723 200;10;0;2;2;16;1
202200050987;723 203;1;0;2;8;1;5
202200050988;723 198;7;0;2;1;13;1
202200050988;723 199;17;0;2;3;1;1
202200050989;723 197;1;1;0;1;1;5
202200050990;723 194;7;0;2;1;19;1
202200050990;723 196;32;0;2;8;1;1
202200050991;723 193;10;0;1;2;1;1
202200050992;723 195;33;0;0;8;21;1
202200050993;723 191;7;0;2;7;15;1
202200050993;723 192;43;0;2;1;1;1
202200050994;723 188;2;0;0;0;0;1
202200050995;723 189;7;2;0;3;1;1
202200050996;723 184;7;0;0;9;13;1
202200050997;723 186;7;0;2;3;10;1
202200050997;723 190;32;0;2;1;17;1
202200050998;723 183;7;0;2;3;1;0
202200050998;723 185;2;0;2;4;15;0
202200050998;723 187;7;0;2;3;1;0
202200050999;723 181;7;0;2;3;15;2
202200050999;723 182;7;0;2;3;1;1
202200051000;723 179;10;0;1;3;1;1
202200051001;723 177;7;0;2;4;2;1
202200051001;723 178;7;0;2;4;16;1
202200051002;723 172;7;0;2;3;1;1
202200051002;723 180;31;0;2;1;1;1
202200051003;723 175;1;0;5;0;1;5
202200051004;723 174;15;1;0;6;0;1
202200051004;723 176;32;1;2;7;18;1
202200051005;723 171;7;0;2;1;1;1
202200051005;723 173;7;0;2;1;5;1
202200051006;723 170;50;0;0;0;21;3
202200051007;723 169;80;0;0;1;0;3
202200051008;723 167;7;5;0;0;1;1
202200051009;723 166;7;0;1;8;15;1
202200051010;723 163;7;0;1;3;1;1
202200051011;723 164;7;0;2;5;15;1
202200051011;723 165;30;0;2;1;1;1
202200051012;723 160;2;0;2;1;1;0
202200051012;723 162;7;0;2;2;15;0
202200051013;723 157;7;0;2;3;1;1
202200051013;723 161;7;13;2;7;17;1
202200051014;723 156;7;1;0;3;14;1
202200051015;723 155;7;0;0;0;15;1
202200051015;723 159;1;0;0;0;21;5
202200051016;723 154;2;0;2;1;5;1
202200051016;723 158;7;0;2;1;1;1
202200051017;723 152;43;0;2;3;1;1
202200051017;723 153;7;0;2;2;15;1
202200051018;723 150;7;0;1;3;20;1
202200051019;723 151;7;1;0;5;1;1
202200051020;723 144;7;0;2;6;15;1
202200051020;723 147;30;0;2;3;1;1
202200051021;723 143;33;0;2;0;1;1
202200051021;723 146;34;0;2;2;1;1
202200051021;723 149;7;0;2;3;1;1
202200051022;723 141;33;0;2;2;17;1
202200051022;723 145;7;0;0;6;15;1
202200051023;723 140;7;0;1;6;20;1
202200051024;723 142;43;0;2;1;0;1
202200051024;723 148;7;0;0;5;0;1
202200051025;723 133;33;0;0;1;1;1
202200051025;723 137;10;0;0;2;15;1
202200051026;723 131;10;0;2;1;1;1
202200051026;723 134;7;1;2;7;1;2
202200051027;723 132;10;0;1;3;26;1
202200051028;723 130;31;8;2;1;17;1
202200051029;723 129;7;0;0;0;14;1
202200051030;723 126;7;1;2;7;1;1
202200051031;723 123;7;0;2;3;1;1
202200051031;723 128;1;0;2;6;1;5
202200051032;723 122;10;0;2;8;0;0
202200051032;723 125;33;0;2;8;0;1
202200051033;723 119;2;0;2;8;6;3
202200051033;723 121;7;0;2;8;1;1
202200051034;723 118;7;0;2;1;1;1
202200051034;723 120;7;0;2;8;10;1
202200051035;723 117;7;11;1;3;15;1
202200051036;723 114;2;0;2;6;1;1
202200051036;723 116;7;0;2;1;1;1
202200051037;723 115;7;15;0;1;1;1
202200051038;723 110;7;0;2;5;15;1
202200051038;723 112;33;0;2;1;1;1
202200051039;723 108;7;0;2;4;2;1
202200051039;723 111;7;0;2;1;2;1
202200051040;723 107;33;0;0;0;2;1
202200051041;723 109;7;14;0;1;2;1
202200051041;723 113;7;0;2;4;23;1
202200051042;723 106;14;5;1;1;9;0
202200051043;723 103;7;0;2;7;15;1
202200051043;723 105;33;0;2;1;1;1
202200051044;723 101;7;0;1;3;1;1
202200051044;723 104;7;0;2;3;1;1
202200051045;723 099;7;0;2;8;1;2
202200051045;723 102;7;0;2;1;1;1
202200051046;723 095;32;0;2;7;9;1
202200051046;723 098;7;0;2;3;1;1
202200051047;723 096;7;0;2;1;13;1
202200051047;723 100;33;0;2;1;1;1
202200051048;723 091;33;0;2;1;1;1
202200051048;723 094;7;0;2;1;10;1
202200051049;723 090;2;0;0;0;0;1
202200051049;723 093;2;0;2;9;0;1
202200051049;723 097;31;13;2;9;0;1
202200051050;723 089;7;0;2;1;15;1
202200051050;723 092;7;0;2;3;1;1
202200051051;723 083;33;16;0;1;1;1
202200051052;723 085;2;12;0;0;1;1
202200051053;723 082;7;0;2;1;9;1
202200051053;723 087;7;0;2;1;1;1
202200051054;723 086;7;0;1;1;15;1
202200051055;723 084;2;0;0;7;1;1
202200051055;723 088;7;0;2;7;14;0
202200051056;723 079;7;0;1;2;15;1
202200051057;723 078;10;0;1;2;0;0
202200051058;723 077;3;13;2;7;26;3
202200051058;723 080;7;0;2;1;1;3
202200051059;723 074;7;10;0;0;0;1
202200051060;723 073;7;0;2;1;5;1
202200051060;723 081;7;0;2;1;2;1
202200051061;723 072;7;0;2;6;9;1
202200051061;723 075;33;0;2;1;1;1
202200051062;723 076;7;3;0;3;1;1
202200051063;723 071;33;13;0;1;21;1
202200051064;723 068;7;0;2;1;13;1
202200051064;723 070;7;0;2;1;1;1
202200051065;723 069;7;0;1;2;2;1
202200051066;723 066;7;0;1;3;1;1
202200051067;723 064;7;0;0;0;16;1
202200051067;723 067;80;0;0;9;21;3
202200051068;723 058;7;1;0;1;15;1
202200051069;723 059;7;0;1;7;1;2
202200051070;723 056;7;0;2;3;1;1
202200051070;723 061;10;0;2;2;1;1
202200051070;723 062;1;0;2;1;25;5
202200051071;723 054;3;6;0;1;14;1
202200051072;723 051;7;0;2;1;1;1
202200051072;723 055;7;0;2;9;1;1
202200051073;723 052;7;0;1;5;20;1
202200051074;723 050;14;0;2;4;2;1
202200051074;723 053;10;0;2;1;2;1
202200051075;723 046;7;0;1;2;14;1
202200051076;723 048;10;0;2;7;16;1