Num_Acc;id_vehicule;catv;obs;obsm;choc;manv;motor
202200051482;722 348;7;14;2;9;1;1
202200051482;722 349;15;3;0;7;6;1
202200051482;722 350;10;0;2;1;1;1
202200051483;722 347;7;13;0;1;1;1
202200051484;722 346;33;0;0;7;1;1
202200051485;722 345;7;13;0;1;1;1
202200051486;722 344;7;0;1;2;1;1
202200051487;722 343;7;1;0;2;1;1
202200051488;722 342;31;0;1;1;1;0
202200051489;722 341;7;3;0;9;1;1
202200051490;722 339;7;0;2;2;16;1
202200051490;722 340;32;0;2;6;12;1
202200051491;722 337;7;2;0;3;26;1
202200051491;722 338;7;1;0;1;0;1
202200051492;722 335;7;0;2;1;2;1
202200051492;722 336;7;0;2;4;2;2
202200051493;722 331;7;0;2;2;26;1
202200051493;722 332;7;0;2;4;1;1
202200051493;722 333;7;0;2;4;1;1
202200051493;722 334;7;0;2;4;0;1
202200051494;722 328;7;0;2;1;24;1
202200051494;722 329;32;0;2;1;3;1
202200051494;722 330;7;0;2;2;19;1
202200051495;722 327;7;0;1;1;1;1
202200051496;722 325;7;0;2;1;1;1
202200051496;722 326;7;3;2;2;19;1
202200051497;722 324;10;0;1;1;26;1
202200051498;722 323;7;0;1;2;1;1
202200051499;722 322;7;0;1;3;15;1
202200051500;722 321;32;0;0;8;15;1
202200051501;722 320;7;0;0;2;1;1
202200051502;722 319;34;0;1;1;17;1
202200051503;722 317;7;0;2;1;5;1
202200051503;722 318;7;0;2;3;1;1
202200051504;722 315;7;8;0;3;1;1
202200051505;722 314;7;0;2;1;2;2
202200051505;722 316;2;0;2;9;11;1
202200051506;722 312;7;0;2;7;1;1
202200051506;722 313;10;0;2;1;9;1
202200051507;722 311;7;0;1;0;1;1
202200051508;722 308;7;0;2;3;13;1
202200051508;722 310;7;0;2;1;1;1
202200051509;722 307;2;16;2;6;1;1
202200051509;722 309;7;0;2;2;17;0
202200051510;722 306;33;0;1;1;16;1
202200051511;722 302;7;0;2;1;5;1
202200051511;722 303;13;0;2;1;1;1
202200051511;722 304;7;0;2;1;2;1
202200051512;722 300;30;0;1;7;1;0
202200051513;722 295;80;0;2;7;1;3
202200051513;722 299;7;0;2;1;9;1
202200051514;722 296;1;0;2;3;15;5
202200051514;722 298;33;0;0;2;1;1
202200051515;722 293;7;0;2;4;1;3
202200051515;722 294;34;0;2;4;1;1
202200051515;722 297;10;0;2;1;1;1
202200051516;722 290;16;0;0;1;1;1
202200051516;722 292;7;0;0;1;13;1
202200051517;722 289;2;12;0;3;13;1
202200051518;722 288;50;0;2;1;9;3
202200051518;722 291;7;0;2;1;0;1
202200051519;722 284;10;0;2;1;1;1
202200051519;722 287;33;0;2;1;1;1
202200051520;722 283;7;0;2;5;15;1
202200051520;722 286;1;0;2;1;1;5
202200051521;722 282;7;0;2;1;1;1
202200051521;722 285;7;0;2;7;15;1
202200051522;722 279;7;0;0;6;1;1
202200051522;722 281;7;3;2;2;12;1
202200051523;722 278;3;0;2;1;1;1
202200051523;722 280;7;0;2;4;1;3
202200051524;722 272;7;0;0;4;2;1
202200051524;722 275;33;0;2;1;2;1
202200051525;722 273;7;0;2;1;1;1
202200051525;722 276;7;0;2;4;23;1
202200051525;722 277;7;0;2;4;23;1
202200051526;722 270;43;0;2;4;23;1
202200051526;722 271;1;0;2;1;21;5
202200051526;722 274;14;0;2;6;23;1
202200051527;722 266;1;0;2;3;1;5
202200051527;722 268;7;0;2;2;1;1
202200051528;722 267;10;0;2;1;2;1
202200051528;722 269;0;0;2;4;-1;-1
202200051529;722 264;30;0;2;1;2;1
202200051529;722 265;7;0;2;3;22;1
202200051530;722 260;7;0;2;1;13;1
202200051530;722 262;7;0;2;1;1;1
202200051531;722 261;10;0;2;8;9;1
202200051531;722 263;2;0;2;2;2;1
202200051532;722 259;1;0;0;8;1;5
202200051533;722 258;7;0;1;1;1;3
202200051534;722 257;36;0;0;9;15;1
202200051535;722 255;14;0;2;7;16;6
202200051535;722 256;50;0;2;7;1;3
202200051536;722 253;7;6;0;9;1;1
202200051537;722 252;10;0;0;3;1;1
202200051537;722 254;2;0;2;1;13;1
202200051538;722 250;7;0;2;1;2;1
202200051538;722 251;7;0;2;4;2;1
202200051539;722 249;3;0;1;1;1;1
202200051540;722 248;7;3;0;1;1;1
202200051541;722 245;1;0;1;1;21;5
202200051541;722 247;1;0;2;0;2;5
202200051542;722 246;7;0;1;1;15;1
202200051543;722 244;15;6;0;2;1;1
202200051544;722 243;7;2;0;1;24;1
202200051545;722 241;1;0;1;8;7;5
202200051546;722 240;7;0;1;0;0;1
202200051547;722 238;10;0;0;4;2;1
202200051547;722 239;14;0;2;1;2;1
202200051547;722 242;10;0;2;1;2;1
202200051548;722 235;7;0;1;3;25;1
202200051549;722 236;50;15;0;1;13;3
202200051550;722 234;50;0;1;1;26;3
202200051551;722 233;36;0;0;0;1;1
202200051552;722 231;7;0;2;6;1;1
202200051552;722 237;30;0;2;1;1;1
202200051553;722 228;7;0;2;8;1;1
202200051553;722 232;7;0;2;0;15;1
202200051554;722 227;7;0;2;4;23;1
202200051554;722 229;33;0;2;1;1;1
202200051555;722 226;1;0;2;0;0;5
202200051555;722 230;7;0;2;2;1;1
202200051556;722 224;7;0;1;2;1;1
202200051557;722 223;7;1;0;2;9;1
202200051558;722 219;7;0;2;2;1;1
202200051558;722 222;7;0;2;8;9;1
202200051559;722 221;7;0;2;1;1;1
202200051559;722 225;7;6;2;8;1;1
202200051560;722 218;32;4;0;1;1;1
202200051561;722 216;1;0;2;7;1;5
202200051561;722 220;10;0;2;0;1;1
202200051562;722 214;7;0;2;1;1;1
202200051562;722 217;7;0;2;5;23;1
202200051563;722 213;10;0;1;2;1;1
202200051564;722 211;7;0;2;7;1;1
202200051564;722 212;7;0;2;8;15;1
202200051565;722 209;7;0;1;3;15;1
202200051566;722 206;1;0;2;1;5;5
202200051566;722 208;2;0;2;1;9;3
202200051567;722 207;7;0;2;3;1;1
202200051567;722 210;7;0;2;3;9;1
202200051568;722 204;32;0;1;1;1;1
202200051569;722 203;7;3;0;9;1;1
202200051570;722 201;7;0;2;1;2;1
202200051570;722 205;7;0;2;4;23;1
202200051571;722 198;7;0;2;7;1;1
202200051571;722 202;1;0;2;7;19;0
202200051572;722 195;32;0;0;0;0;1
202200051572;722 199;7;0;2;7;12;2
202200051573;722 194;7;0;1;3;19;1
202200051574;722 193;17;0;2;3;1;1
202200051574;722 196;7;0;2;1;13;1
202200051575;722 192;33;0;0;7;1;1
202200051576;722 191;31;0;6;7;1;1
202200051577;722 187;15;12;0;7;15;1
202200051578;722 188;7;0;0;0;0;1
202200051578;722 190;32;0;2;3;13;1
202200051579;722 185;7;8;0;1;1;1
202200051580;722 183;7;0;2;4;23;1
202200051580;722 186;7;0;2;4;23;0
202200051580;722 189;7;0;2;1;1;1
202200051581;722 182;7;0;2;4;26;1
202200051581;722 184;2;0;2;1;2;1
202200051582;722 180;33;0;6;8;1;1
202200051583;722 177;7;0;2;1;19;1
202200051583;722 179;1;0;0;6;1;5
202200051584;722 176;33;0;2;1;1;1
202200051584;722 181;7;0;2;2;15;2
202200051585;722 174;2;0;2;1;13;1
202200051585;722 178;10;0;2;2;26;6
202200051586;722 172;36;0;2;2;9;1
202200051586;722 175;7;0;2;1;1;1
202200051587;722 171;10;0;2;2;1;1
202200051587;722 173;30;0;0;5;15;1
202200051588;722 169;32;0;0;0;24;1
202200051589;722 168;7;0;2;4;4;1
202200051589;722 170;1;0;2;8;23;5
202200051590;722 165;34;0;2;6;1;1
202200051590;722 167;7;0;2;2;16;1
202200051591;722 162;7;0;2;1;1;1
202200051591;722 166;3;0;2;7;26;1
202200051592;722 161;33;0;2;1;0;1
202200051592;722 164;99;0;2;3;13;1
202200051593;722 158;7;0;2;3;1;1
202200051593;722 160;50;0;2;7;19;3
202200051594;722 159;1;0;2;2;1;5
202200051594;722 163;7;0;2;1;1;1
202200051595;722 156;7;0;2;7;15;1
202200051595;722 157;7;0;2;1;1;1
202200051596;722 155;13;0;1;4;26;1
202200051597;722 151;33;0;2;3;17;1
202200051597;722 154;7;0;2;3;1;1
202200051598;722 149;10;0;0;0;0;0
202200051598;722 152;1;0;0;0;0;5
202200051599;722 148;7;0;2;2;1;1
202200051599;722 153;7;0;2;3;19;1
202200051600;722 146;14;0;2;2;1;1
202200051600;722 150;7;0;2;3;9;1
202200051601;722 147;43;0;1;1;18;1
202200051602;722 144;7;0;1;2;1;1
202200051603;722 142;30;0;0;0;0;1
202200051603;722 145;7;0;0;5;1;1
202200051604;722 141;1;11;0;1;16;5
202200051605;722 139;7;0;2;3;15;0
202200051605;722 143;2;0;2;7;1;1
202200051606;722 138;10;0;2;1;1;1
202200051606;722 140;2;0;2;3;2;1
202200051607;722 132;7;0;2;1;2;1
202200051607;722 135;7;0;2;4;2;1
202200051607;722 137;10;0;2;4;2;1
202200051608;722 129;7;0;2;3;1;1
202200051608;722 134;7;0;2;3;13;1
202200051609;722 124;7;4;0;2;0;1
202200051609;722 127;7;14;0;1;1;1
202200051609;722 133;15;0;2;6;1;1
202200051610;722 126;10;0;2;4;23;1
202200051610;722 128;7;0;2;4;23;1
202200051610;722 131;7;0;2;1;2;1
202200051611;722 122;7;0;2;1;2;1
202200051611;722 125;7;0;0;6;1;2
202200051612;722 119;1;0;2;1;15;5
202200051612;722 121;7;0;2;1;1;1
202200051613;722 118;7;1;0;1;17;1
202200051613;722 120;7;1;0;4;23;1
202200051613;722 123;7;1;0;4;23;1
202200051613;722 130;7;1;0;4;23;1
202200051613;722 136;7;0;0;4;23;1
202200051614;722 115;7;0;2;3;2;1
202200051614;722 117;2;0;2;2;1;1
202200051615;722 114;31;0;2;5;1;1
202200051615;722 116;7;0;2;5;9;1
202200051616;722 110;32;13;0;1;1;1
202200051617;722 108;7;0;1;1;0;0
202200051618;722 109;7;0;2;2;17;1
202200051618;722 112;21;0;2;3;15;1
202200051619;722 107;7;0;2;3;9;1
202200051619;722 113;7;0;2;8;1;1
202200051620;722 106;1;0;2;2;1;5
202200051620;722 111;7;0;2;2;23;1
202200051621;722 105;7;2;0;3;9;1
202200051622;722 101;43;0;2;1;1;1
202200051622;722 104;7;0;2;2;13;1
202200051623;722 100;30;8;2;1;16;1
202200051623;722 103;7;0;2;6;16;1
202200051624;722 099;99;0;0;4;2;6
202200051624;722 102;33;0;2;1;21;6
202200051625;722 098;7;0;0;2;14;1
202200051626;722 097;31;13;0;9;13;1
202200051627;722 092;31;0;2;7;1;3
202200051627;722 095;0;0;2;0;17;0
202200051628;722 089;7;0;2;0;0;1
202200051628;722 093;33;0;2;0;0;1
202200051629;722 088;33;0;2;1;2;1
202200051629;722 090;10;0;2;5;2;1
202200051630;722 086;7;0;2;3;1;2
202200051630;722 094;7;0;2;3;13;1
202200051630;722 096;14;0;2;8;1;1
202200051631;722 087;31;0;2;7;1;1
202200051631;722 091;7;0;2;1;1;1
202200051632;722 084;7;8;0;2;1;1
202200051633;722 082;33;0;0;0;1;1
202200051634;722 081;7;12;0;0;9;1
202200051635;722 083;7;0;2;1;1;1
202200051635;722 085;10;0;2;4;1;1
202200051636;722 075;7;0;2;3;9;1
202200051636;722 077;10;0;2;2;1;1
202200051637;722 078;30;0;2;1;1;1
202200051637;722 080;7;0;2;2;15;1
202200051638;722 076;10;0;2;3;1;1
202200051638;722 079;15;0;2;3;13;1
202200051639;722 071;7;13;0;3;1;1
202200051640;722 072;7;13;0;1;16;1
202200051641;722 069;10;0;1;1;1;1
202200051642;722 067;7;0;1;3;26;1
202200051643;722 068;1;0;0;4;0;5
202200051643;722 073;7;0;2;8;1;1
202200051643;722 074;50;0;2;1;1;3
202200051644;722 070;7;6;0;1;9;1
202200051645;722 065;32;0;1;0;25;0
202200051646;722 063;7;0;2;3;1;1
202200051646;722 064;7;0;2;3;13;1
202200051647;722 062;10;0;9;0;0;0
202200051647;722 066;33;0;0;0;0;1
202200051648;722 061;7;6;0;3;26;1
202200051649;722 060;7;0;0;0;14;1
202200051650;722 059;1;0;1;1;1;5
202200051651;722 058;7;0;1;1;1;1
202200051652;722 055;7;8;0;6;2;1
202200051653;722 054;80;0;0;8;19;3
202200051653;722 057;7;0;2;1;1;1
202200051654;722 053;7;0;2;3;15;1
202200051654;722 056;2;0;2;7;1;1
202200051655;722 050;7;0;0;1;14;1
202200051656;722 049;37;0;2;3;1;1
202200051656;722 052;7;0;2;5;1;1
202200051657;722 051;7;0;1;1;1;1
202200051658;722 047;7;0;1;3;1;1
202200051659;722 044;7;0;2;3;13;1
202200051659;722 045;7;0;2;3;1;1
202200051660;722 043;7;0;2;1;15;1
202200051660;722 046;32;0;2;1;17;1
202200051661;722 042;33;0;2;3;1;1
202200051661;722 048;7;0;2;3;15;1
202200051662;722 037;7;0;2;1;1;3
202200051662;722 040;7;0;2;1;1;1
202200051663;722 031;33;0;0;2;3;1
202200051664;722 035;7;0;2;8;1;2
202200051664;722 041;7;15;2;1;1;2
202200051665;722 029;80;0;2;1;1;3
202200051665;722 034;7;0;9;1;1;1
202200051666;722 028;7;0;2;1;2;1
202200051666;722 033;2;0;2;1;2;1
202200051666;722 038;7;0;0;4;23;1
202200051667;722 027;7;8;0;0;21;1
202200051668;722 026;32;2;0;1;0;1
202200051669;722 021;15;0;2;2;11;1
202200051669;722 025;10;0;2;3;1;1
202200051670;722 020;30;12;2;8;18;1
202200051670;722 023;14;0;2;7;16;1
202200051671;722 019;33;0;2;2;17;1
202200051671;722 024;21;0;2;3;15;1
202200051672;722 017;13;0;2;0;0;0
202200051672;722 022;1;0;2;5;0;5
202200051673;722 018;33;0;6;1;0;1
202200051674;722 015;7;0;2;1;5;1
202200051674;722 016;31;0;2;1;1;1
202200051675;722 014;7;0;1;1;15;1
202200051676;722 011;33;3;0;0;2;1
202200051677;722 010;7;0;1;1;15;1
202200051678;722 007;2;13;6;1;1;1
202200051679;722 004;33;0;2;8;1;1
202200051679;722 006;7;0;2;2;15;1
202200051680;722 005;7;3;2;2;26;1
202200051680;722 008;10;0;2;0;21;1
202200051680;722 013;7;0;2;3;21;1
202200051681;722 002;32;0;0;0;15;3
202200051682;722 001;7;16;0;1;13;1
202200051683;722 000;7;0;2;1;1;1
202200051683;722 003;2;0;2;3;15;1
202200051684;721 997;7;2;0;1;13;1
202200051685;721 999;32;0;1;1;17;1
202200051686;721 995;15;13;0;7;1;1
202200051687;721 994;32;0;2;1;17;1
202200051687;721 998;7;0;2;8;5;1
202200051688;721 993;7;0;9;2;16;1
202200051688;721 996;50;0;2;1;16;3
202200051689;721 990;7;0;1;2;1;1
202200051690;721 989;33;2;0;7;1;1
202200051691;721 988;10;0;2;2;15;1
202200051691;721 991;1;0;2;3;1;5
202200051692;721 986;31;0;1;0;1;0
202200051693;721 985;7;0;2;2;1;1
202200051693;721 987;10;0;2;3;19;1
202200051694;721 982;43;0;2;7;1;1
202200051694;721 984;7;0;2;1;9;1
202200051695;721 981;7;13;0;3;26;1
202200051696;721 978;1;6;0;0;1;5
202200051697;721 980;3;0;2;3;1;1
202200051697;721 983;7;0;2;7;17;1
202200051698;721 977;7;0;2;4;0;3
202200051698;721 979;7;0;2;1;0;1
202200051699;721 974;7;0;2;7;15;0
202200051699;721 975;34;0;2;8;15;1
202200051700;721 973;7;0;2;3;1;1
202200051700;721 976;50;0;2;8;15;3
202200051701;721 972;7;13;0;2;14;1
202200051702;721 971;7;0;1;2;1;1
202200051703;721 970;7;6;0;1;13;1
202200051704;721 968;32;0;2;1;1;1
202200051704;721 969;7;0;2;3;10;3
202200051705;721 965;3;0;1;3;1;0
202200051706;721 963;1;0;2;4;1;5
202200051706;721 966;7;0;2;1;1;1
202200051707;721 962;7;0;2;5;16;1
202200051707;721 967;10;6;2;1;15;1
202200051708;721 961;7;7;0;1;1;1
202200051709;721 960;7;0;2;1;1;1
202200051709;721 964;7;0;2;1;1;1
202200051710;721 959;7;0;1;1;1;1
202200051711;721 958;7;1;0;3;2;1
202200051712;721 956;2;0;0;0;0;1
202200051713;721 955;7;7;0;1;14;1
202200051714;721 954;7;0;1;1;1;1
202200051715;721 951;7;13;0;1;13;1
202200051716;721 950;1;0;2;3;1;5
202200051716;721 953;7;0;2;2;17;1
202200051717;721 952;37;0;2;8;23;1
202200051717;721 957;7;0;2;2;14;1
202200051718;721 949;7;2;0;1;1;1
202200051719;721 946;1;0;2;1;1;5
202200051719;721 948;7;0;2;5;1;1
202200051720;721 942;7;0;2;1;1;0
202200051720;721 945;7;0;2;1;1;1
202200051721;721 939;10;0;9;0;0;1
202200051721;721 947;50;0;2;8;19;3
202200051722;721 940;10;0;2;6;15;3
202200051722;721 943;31;0;2;2;1;1
202200051723;721 938;7;0;2;2;1;1
202200051723;721 944;7;0;2;3;1;1
202200051724;721 937;10;0;2;6;10;1
202200051724;721 941;34;0;2;1;2;1
202200051725;721 933;7;0;2;1;2;1
202200051725;721 936;1;0;2;1;2;5
202200051726;721 928;7;13;0;3;26;1
202200051727;721 929;7;0;2;3;13;1
202200051727;721 934;7;0;2;3;1;1
202200051728;721 931;1;0;2;1;1;5
202200051728;721 935;7;0;2;3;15;1
202200051729;721 932;50;0;0;0;1;3
202200051730;721 927;7;0;2;3;1;1
202200051730;721 930;7;0;2;1;1;2
202200051731;721 920;7;0;2;2;5;1
202200051731;721 925;7;0;2;1;1;1
202200051732;721 917;3;0;2;5;12;1
202200051732;721 924;2;0;2;3;12;1
202200051733;721 921;7;0;2;7;15;1
202200051733;721 926;2;0;2;1;1;1
202200051734;721 919;30;0;2;3;18;3
202200051734;721 923;7;0;2;2;16;1
202200051735;721 915;7;0;2;3;1;1
202200051735;721 918;15;0;2;2;12;1
202200051736;721 916;33;1;0;3;1;1
202200051736;721 922;7;0;2;6;1;1
202200051737;721 907;7;0;2;8;15;1
202200051737;721 914;33;0;2;1;1;1
202200051738;721 908;32;0;2;1;2;1
202200051738;721 913;7;0;2;5;1;1
202200051739;721 905;2;0;2;2;1;1
202200051739;721 909;7;0;2;2;1;1
202200051740;721 903;37;0;9;5;1;1
202200051740;721 911;1;0;2;1;1;5
202200051741;721 904;10;0;2;8;23;0
202200051741;721 910;31;1;2;1;2;1
202200051742;721 906;7;0;2;4;2;2
202200051742;721 912;33;0;2;1;2;1
202200051743;721 899;32;15;0;1;1;1
202200051744;721 898;99;3;0;1;1;1
202200051745;721 897;7;0;2;1;0;1
202200051745;721 901;7;0;2;1;13;1
202200051746;721 895;7;0;2;1;1;1
202200051746;721 902;7;0;2;1;1;2
202200051747;721 894;1;0;2;1;1;5
202200051747;721 900;50;0;9;3;1;3
202200051748;721 893;7;0;2;1;2;1
202200051748;721 896;7;0;2;5;2;1
202200051749;721 891;7;0;2;4;19;1
202200051749;721 892;10;0;2;1;1;1
202200051750;721 890;7;0;1;1;21;1
202200051751;721 886;7;0;2;1;1;1
202200051751;721 889;7;0;2;1;17;1
202200051752;721 885;7;0;2;8;0;1
202200051752;721 888;10;0;2;2;0;1
202200051753;721 883;10;0;2;2;14;1
202200051753;721 887;2;0;2;3;18;1
202200051754;721 881;10;0;0;8;1;1
202200051755;721 882;32;0;2;1;1;1
202200051755;721 884;10;0;2;6;1;1
202200051756;721 877;10;0;2;2;1;1
202200051756;721 880;33;0;2;7;15;1
202200051757;721 874;2;0;2;7;1;2
202200051757;721 876;7;0;2;3;13;1
202200051758;721 873;7;0;2;1;26;1
202200051758;721 878;31;0;2;1;1;1
202200051759;721 871;7;0;2;4;2;2
202200051759;721 872;10;0;2;1;2;1
202200051760;721 870;7;0;2;1;2;1
202200051760;721 879;17;0;0;4;1;1
202200051761;721 867;10;0;2;3;13;1
202200051761;721 869;38;0;2;3;2;1
202200051762;721 865;7;0;2;3;13;1
202200051762;721 875;7;13;2;2;1;1
202200051763;721 863;7;0;9;1;9;1
202200051763;721 866;50;0;2;7;5;3
202200051764;721 862;7;0;2;5;15;1
202200051764;721 868;31;0;2;1;1;1
202200051765;721 859;7;6;0;3;13;1
202200051766;721 857;7;5;0;1;0;1
202200051767;721 856;7;0;2;6;1;1
202200051767;721 860;33;0;2;6;3;3
202200051767;721 864;7;0;2;7;12;1
202200051768;721 858;10;0;2;1;1;1
202200051768;721 861;7;0;2;3;15;1
202200051769;721 854;37;0;1;7;1;1
202200051770;721 852;7;0;2;6;1;1
202200051770;721 853;7;0;2;1;12;1
202200051771;721 851;10;0;2;5;12;1
202200051771;721 855;37;0;2;3;7;1
202200051772;721 848;50;0;0;1;1;3
202200051773;721 850;7;0;0;0;21;1
202200051774;721 847;7;0;2;3;9;1
202200051774;721 849;33;12;2;8;1;1
202200051775;721 846;7;0;1;2;1;1
202200051776;721 842;7;1;0;8;22;1
202200051776;721 845;1;0;2;8;26;5
202200051777;721 834;7;1;0;1;1;1
202200051777;721 840;7;1;0;1;1;1
202200051777;721 843;7;1;0;0;0;1
202200051778;721 832;7;0;2;3;23;1
202200051778;721 838;7;0;2;7;19;1
202200051778;721 844;7;0;2;1;1;1
202200051779;721 829;7;0;2;8;24;1
202200051779;721 835;7;1;0;3;21;1
202200051780;721 828;7;0;2;1;13;1
202200051780;721 836;7;0;2;3;1;1
202200051780;721 841;7;0;2;1;1;1
202200051781;721 830;1;0;2;1;1;5
202200051781;721 837;1;0;2;1;19;5
202200051782;721 827;7;0;2;8;1;1
202200051782;721 831;7;0;2;8;13;1
202200051783;721 823;50;0;2;8;19;3
202200051783;721 826;32;0;9;8;26;1
202200051784;721 822;7;0;0;3;1;3
202200051784;721 825;7;0;2;3;13;1
202200051785;721 821;33;0;2;9;1;1
202200051785;721 824;7;0;2;5;1;1
202200051786;721 817;7;0;0;0;0;1
202200051787;721 816;31;0;2;1;1;1
202200051787;721 820;7;0;2;0;0;1
202200051788;721 810;7;0;2;2;5;1
202200051788;721 818;2;0;0;7;16;1
202200051789;721 812;7;2;0;9;1;1
202200051790;721 809;34;0;2;1;3;1
202200051790;721 815;10;0;2;0;1;1
202200051790;721 819;33;0;2;0;1;1
202200051791;721 808;32;2;0;2;2;1
202200051792;721 807;7;13;0;9;17;1
202200051792;721 813;10;0;0;0;13;1
202200051793;721 811;7;15;2;2;13;1
202200051793;721 814;7;0;2;2;15;1
202200051794;721 801;7;0;2;1;2;2
202200051794;721 806;7;0;2;5;2;2
202200051795;721 803;7;16;0;9;0;1
202200051796;721 798;0;0;2;3;1;0
202200051796;721 804;7;0;2;3;0;1
202200051797;721 799;1;0;2;1;1;5
202200051797;721 805;50;0;2;1;14;3
202200051798;721 797;20;0;2;1;1;1
202200051798;721 802;7;0;2;1;13;1
202200051799;721 800;7;0;1;3;15;2
202200051800;721 795;7;0;2;3;26;1
202200051800;721 796;7;0;2;3;0;1
202200051801;721 791;7;0;1;3;1;1
202200051802;721 789;7;0;2;3;1;1
202200051802;721 793;7;0;2;3;21;1
202200051803;721 790;31;0;2;7;17;1
202200051803;721 794;7;0;2;8;15;1
202200051804;721 787;7;0;2;6;11;1
202200051804;721 792;33;0;2;1;1;1
202200051805;721 784;33;0;2;1;17;1
202200051805;721 786;10;0;2;8;15;1
202200051806;721 782;1;0;1;1;0;5
202200051807;721 779;7;0;2;2;0;0
202200051807;721 783;50;0;2;8;11;3
202200051808;721 778;7;0;1;1;1;1
202200051809;721 777;7;0;2;2;21;1
202200051809;721 780;10;0;2;3;0;1
202200051809;721 785;7;1;0;5;10;1
202200051810;721 775;7;0;0;0;23;1
202200051810;721 781;1;0;0;0;1;5
202200051811;721 773;1;13;0;1;1;5
202200051812;721 772;7;0;0;6;20;1
202200051812;721 776;2;0;0;6;20;1
202200051813;721 774;1;0;0;8;1;5
202200051814;721 767;7;0;2;8;3;2
202200051814;721 770;33;0;2;1;1;1
202200051815;721 769;10;1;0;0;0;1
202200051816;721 766;7;0;1;3;1;1
202200051817;721 768;7;0;2;2;1;1
202200051817;721 771;2;0;2;7;15;1
202200051818;721 764;31;13;0;1;1;1
202200051819;721 762;14;0;0;6;24;1
202200051819;721 765;7;1;0;2;14;1
202200051820;721 763;1;0;1;0;1;5
202200051821;721 759;7;15;0;1;1;1
202200051822;721 757;7;0;2;3;15;1
202200051822;721 761;80;0;2;1;1;3
202200051823;721 753;7;0;0;4;1;1
202200051823;721 756;7;0;2;4;1;1
202200051823;721 760;7;0;2;1;1;1
202200051824;721 750;7;0;9;1;15;1
202200051824;721 754;1;0;2;8;1;5
202200051825;721 752;7;0;2;2;19;3
202200051825;721 758;7;0;2;3;1;2
202200051826;721 748;10;0;2;8;19;1
202200051826;721 755;33;0;2;1;1;1
202200051827;721 749;7;0;1;2;1;1
202200051828;721 745;34;9;2;3;15;6
202200051829;721 747;2;0;2;1;2;1
202200051829;721 751;7;0;2;6;2;1
202200051830;721 744;3;1;0;3;1;1
202200051830;721 746;3;0;0;3;1;1
202200051831;721 742;2;13;0;0;14;1
202200051832;721 739;10;0;2;1;2;1
202200051832;721 743;7;0;2;4;2;1
202200051833;721 735;10;16;0;9;13;1
202200051834;721 732;7;3;0;2;17;1
202200051834;721 736;99;3;0;6;1;1
202200051835;721 733;7;2;0;3;13;1
202200051836;721 738;7;0;2;4;23;2
202200051836;721 741;7;0;2;1;26;1
202200051837;721 731;33;0;2;2;1;1
202200051837;721 737;50;0;2;2;1;3
202200051838;721 734;7;0;2;0;16;1
202200051838;721 740;7;8;2;1;14;1
202200051839;721 730;7;13;0;9;1;1
202200051840;721 721;17;0;2;1;2;1
202200051840;721 726;17;0;2;4;2;1
202200051840;721 729;7;0;2;4;2;1
202200051841;721 722;7;0;2;4;23;1
202200051841;721 728;2;0;2;1;2;1
202200051842;721 723;1;0;2;1;1;5
202200051842;721 725;7;0;2;2;15;1
202200051843;721 718;1;0;2;2;5;5
202200051843;721 724;7;0;2;2;1;1
202200051844;721 720;38;6;0;1;14;1
202200051845;721 719;50;0;1;8;1;3
202200051846;721 713;7;0;2;1;2;1
202200051846;721 717;7;0;2;4;2;1
202200051846;721 727;7;0;2;4;2;1
202200051847;721 711;33;16;0;1;2;1
202200051848;721 708;7;0;1;2;1;1
202200051849;721 706;7;0;2;1;2;1
202200051849;721 712;10;0;2;4;2;1
202200051849;721 716;7;0;2;4;2;1
202200051850;721 702;7;2;0;1;13;1
202200051851;721 704;7;0;2;3;10;2
202200051851;721 707;33;0;2;2;1;1
202200051852;721 697;7;0;2;2;12;1
202200051852;721 701;17;0;2;3;1;1
202200051853;721 695;7;0;2;2;19;1
202200051853;721 703;33;0;2;1;1;1
202200051854;721 693;7;0;2;2;1;1
202200051854;721 700;7;0;0;4;23;1
202200051854;721 705;7;14;0;1;2;1
202200051855;721 692;7;0;2;3;13;1
202200051855;721 696;7;0;2;3;1;1
202200051856;721 690;37;0;2;2;1;2
202200051856;721 698;7;0;2;7;16;1
202200051857;721 687;33;0;2;1;1;1
202200051857;721 689;2;0;2;1;1;1
202200051858;721 686;10;0;2;4;2;1
202200051858;721 688;7;0;2;1;2;1
202200051859;721 684;10;0;1;2;1;1
202200051860;721 681;7;13;0;1;0;1
202200051861;721 682;7;0;0;0;13;1
202200051861;721 685;33;0;0;0;1;1
202200051862;721 694;7;0;2;1;1;1
202200051862;721 699;10;0;2;3;21;1
202200051863;721 691;7;0;1;2;1;2
202200051864;721 677;7;14;2;1;0;1
202200051864;721 680;7;0;2;3;0;1
202200051865;721 678;80;0;2;1;1;3
202200051865;721 679;7;0;2;8;22;2
202200051865;721 683;7;0;2;3;1;1
202200051866;721 672;0;0;0;0;0;0
202200051866;721 676;7;0;1;3;1;1
202200051867;721 671;7;0;2;2;2;1
202200051867;721 675;1;0;2;2;2;5
202200051868;721 667;2;0;2;1;5;1
202200051868;721 670;7;0;2;1;1;1
202200051869;721 662;7;0;2;3;1;0
202200051869;721 666;32;0;2;1;1;1
202200051870;721 663;33;14;0;1;1;1
202200051871;721 661;7;0;2;9;1;1
202200051871;721 664;10;0;9;1;1;1
202200051871;721 669;7;0;2;1;1;1
202200051871;721 673;15;0;2;4;1;1
202200051872;721 665;10;0;2;1;16;1
202200051872;721 674;38;0;2;2;1;1
202200051873;721 660;7;0;2;4;2;1
202200051873;721 668;7;0;2;1;2;1