Num_Acc;id_vehicule;catv;obs;obsm;choc;manv;motor
202200053061;719 558;14;0;0;0;0;1
202200053062;719 555;7;0;2;3;15;1
202200053062;719 562;30;0;2;1;1;1
202200053063;719 552;7;0;2;8;9;3
202200053063;719 561;7;0;2;1;1;1
202200053064;719 551;33;0;0;3;2;1
202200053065;719 550;34;0;2;0;0;0
202200053065;719 553;30;0;2;8;17;1
202200053066;719 548;13;13;0;1;19;1
202200053067;719 549;7;8;0;1;1;1
202200053068;719 547;50;0;2;8;1;3
202200053069;719 545;7;0;1;4;4;1
202200053070;719 542;30;0;0;1;9;1
202200053071;719 538;7;0;2;1;1;1
202200053071;719 544;7;0;2;4;1;2
202200053071;719 546;7;0;2;4;1;1
202200053072;719 539;7;2;0;0;0;1
202200053073;719 543;32;0;1;0;1;1
202200053074;719 530;7;0;2;3;1;1
202200053074;719 537;7;0;2;1;19;1
202200053075;719 529;7;2;2;1;17;1
202200053075;719 535;7;0;2;3;15;1
202200053076;719 525;32;0;2;6;1;1
202200053076;719 531;7;0;2;6;20;1
202200053077;719 528;7;0;2;1;15;1
202200053077;719 540;7;0;2;1;1;1
202200053078;719 521;7;0;1;2;1;2
202200053079;719 523;7;0;2;5;1;1
202200053079;719 524;10;0;2;1;1;1
202200053080;719 520;7;0;2;1;26;1
202200053080;719 526;7;0;2;6;0;1
202200053080;719 534;7;0;2;4;0;1
202200053080;719 541;7;0;2;8;0;1
202200053081;719 517;10;0;2;1;1;1
202200053081;719 522;7;0;2;4;1;1
202200053081;719 527;7;0;2;4;1;1
202200053081;719 532;7;0;2;4;1;1
202200053082;719 515;7;0;2;8;1;3
202200053082;719 519;30;0;2;1;19;1
202200053083;719 514;7;0;2;3;15;1
202200053083;719 518;1;0;2;3;1;5
202200053084;719 509;7;0;2;2;1;1
202200053084;719 516;1;0;2;0;1;5
202200053085;719 511;60;0;2;7;19;5
202200053085;719 513;10;0;2;3;1;1
202200053086;719 506;7;0;2;5;2;1
202200053086;719 508;43;0;2;1;2;1
202200053087;719 504;7;0;1;1;1;0
202200053088;719 503;7;0;9;1;26;1
202200053088;719 505;1;0;2;7;0;5
202200053089;719 501;33;0;2;8;1;1
202200053089;719 507;7;0;2;0;13;1
202200053090;719 497;80;0;2;1;0;3
202200053090;719 500;7;0;9;7;15;2
202200053091;719 496;7;0;2;2;1;1
202200053091;719 499;60;0;2;1;19;5
202200053092;719 495;32;0;2;1;1;1
202200053092;719 502;80;0;2;4;16;3
202200053093;719 493;7;0;2;3;0;1
202200053093;719 498;7;0;2;4;1;2
202200053094;719 491;7;0;2;1;1;1
202200053094;719 494;7;0;2;1;1;1
202200053095;719 492;7;3;0;9;1;1
202200053096;719 488;32;0;1;2;1;1
202200053097;719 489;7;3;0;1;1;1
202200053098;719 485;1;0;1;1;1;5
202200053099;719 486;7;0;1;2;1;1
202200053100;719 484;2;10;0;0;0;3
202200053101;719 476;7;0;2;1;26;1
202200053101;719 482;2;0;2;7;25;3
202200053102;719 475;7;0;2;6;2;1
202200053102;719 480;7;0;2;5;2;1
202200053102;719 483;7;0;2;1;2;1
202200053103;719 474;7;0;2;8;1;1
202200053103;719 481;32;0;2;1;14;1
202200053104;719 472;7;0;2;1;12;1
202200053104;719 479;7;0;2;4;1;1
202200053105;719 470;7;0;2;4;2;1
202200053105;719 473;7;0;2;4;2;1
202200053105;719 478;7;0;2;1;2;1
202200053106;719 468;33;0;2;1;1;1
202200053106;719 471;7;0;2;1;1;1
202200053107;719 469;7;0;2;4;23;1
202200053107;719 477;7;0;2;1;2;1
202200053108;719 467;7;8;0;2;14;1
202200053109;719 466;7;1;1;4;20;1
202200053110;719 463;3;14;0;1;13;3
202200053111;719 464;33;0;2;3;3;1
202200053111;719 465;7;0;2;7;12;1
202200053112;719 460;7;0;1;3;1;1
202200053113;719 459;7;13;0;1;1;1
202200053114;719 458;2;0;2;1;1;1
202200053114;719 462;7;0;2;8;1;1
202200053115;719 456;33;0;2;1;2;1
202200053116;719 457;7;0;2;1;15;1
202200053116;719 461;1;0;2;9;5;5
202200053117;719 455;50;0;0;0;1;3
202200053118;719 454;7;13;0;1;0;1
202200053119;719 450;1;0;1;7;1;5
202200053120;719 447;32;0;2;1;1;1
202200053120;719 452;7;0;2;7;9;1
202200053121;719 449;1;0;0;7;1;5
202200053122;719 448;1;0;2;8;1;5
202200053122;719 453;7;0;2;1;15;1
202200053123;719 446;1;0;2;2;1;5
202200053123;719 451;7;0;2;3;15;1
202200053124;719 445;7;0;1;3;1;1
202200053125;719 443;7;0;1;4;4;1
202200053126;719 441;33;0;2;1;0;0
202200053126;719 444;7;0;2;4;1;1
202200053127;719 439;7;0;1;3;1;1
202200053128;719 437;7;0;2;2;20;1
202200053128;719 442;31;0;2;3;1;1
202200053129;719 436;7;0;2;1;1;1
202200053129;719 440;7;0;2;5;1;2
202200053130;719 435;7;0;2;2;17;1
202200053130;719 438;32;0;2;8;14;1
202200053131;719 431;7;0;1;0;1;0
202200053132;719 429;7;0;2;1;19;1
202200053132;719 434;31;0;2;3;19;1
202200053133;719 427;43;0;9;3;6;1
202200053133;719 428;99;0;2;8;1;6
202200053134;719 425;7;7;0;1;14;1
202200053134;719 432;7;0;0;0;0;1
202200053135;719 426;7;0;2;1;16;2
202200053135;719 430;7;0;2;1;1;1
202200053136;719 423;7;0;1;1;1;2
202200053137;719 421;2;0;2;0;0;1
202200053137;719 424;2;0;2;0;0;1
202200053138;719 420;7;0;1;3;1;1
202200053139;719 417;1;0;2;1;5;5
202200053139;719 422;7;0;2;1;16;1
202200053140;719 416;43;0;2;1;21;1
202200053140;719 419;7;0;2;3;16;1
202200053141;719 415;7;0;1;4;20;2
202200053142;719 414;10;0;9;2;1;1
202200053142;719 418;1;0;2;1;15;5
202200053143;719 413;31;0;0;2;1;1
202200053144;719 412;7;9;0;1;1;2
202200053145;719 410;7;8;0;2;1;2
202200053146;719 409;10;0;1;1;16;1
202200053147;719 408;7;0;1;1;1;1
202200053148;719 406;10;1;0;1;5;1
202200053148;719 411;7;1;2;4;5;1
202200053149;719 405;7;0;2;3;16;1
202200053149;719 407;33;0;2;2;9;1
202200053150;719 404;10;0;1;1;0;1
202200053151;719 400;7;0;0;0;0;1
202200053151;719 403;1;0;0;0;0;5
202200053152;719 399;7;0;2;1;1;1
202200053152;719 402;7;0;2;4;1;1
202200053153;719 397;7;12;0;1;1;1
202200053154;719 393;7;0;2;8;20;1
202200053154;719 396;2;0;0;0;0;1
202200053155;719 395;7;0;2;1;15;1
202200053155;719 401;7;0;2;5;1;1
202200053156;719 394;50;0;2;1;9;3
202200053156;719 398;7;0;2;3;16;1
202200053157;719 390;33;3;0;3;26;1
202200053158;719 389;7;0;2;4;2;1
202200053158;719 391;30;0;2;1;2;0
202200053159;719 388;33;0;2;1;2;1
202200053159;719 392;7;0;2;4;1;1
202200053160;719 386;50;0;1;0;0;3
202200053161;719 387;7;6;0;1;14;1
202200053162;719 382;7;0;0;1;1;1
202200053163;719 381;7;0;2;7;17;1
202200053163;719 384;2;0;0;8;17;1
202200053164;719 380;7;0;2;4;1;1
202200053164;719 383;10;0;2;1;2;1
202200053165;719 379;7;0;2;3;1;1
202200053165;719 385;7;0;2;1;15;1
202200053166;719 378;10;1;0;1;13;1
202200053167;719 375;7;0;2;6;1;1
202200053167;719 377;7;0;2;2;15;1
202200053168;719 374;7;0;2;3;0;1
202200053168;719 376;2;0;2;1;1;1
202200053169;719 373;7;0;1;1;26;1
202200053170;719 371;7;2;0;1;13;1
202200053171;719 372;32;0;0;0;21;1
202200053172;719 365;2;0;2;1;2;0
202200053172;719 370;7;0;2;4;2;0
202200053173;719 363;10;0;2;4;1;1
202200053173;719 367;7;0;2;1;1;1
202200053174;719 362;7;15;0;8;1;1
202200053175;719 361;7;0;2;3;15;1
202200053175;719 364;7;0;2;1;1;1
202200053176;719 359;7;13;0;1;1;1
202200053177;719 358;7;0;2;1;17;1
202200053177;719 360;7;0;2;4;11;1
202200053178;719 357;7;0;1;3;15;1
202200053179;719 354;10;0;2;3;11;1
202200053179;719 356;33;0;2;7;2;1
202200053180;719 351;7;0;2;4;0;1
202200053180;719 353;30;0;2;1;26;1
202200053181;719 352;7;0;0;5;15;1
202200053181;719 355;7;0;2;3;1;1
202200053182;719 349;7;0;1;7;26;1
202200053183;719 348;7;0;2;1;2;1
202200053183;719 350;10;0;2;3;15;1
202200053184;719 347;7;6;0;1;1;1
202200053185;719 346;7;0;1;3;15;0
202200053186;719 342;7;13;0;1;1;0
202200053187;719 341;33;0;0;1;23;1
202200053187;719 344;10;0;2;4;4;1
202200053188;719 343;7;0;2;4;12;1
202200053188;719 345;32;0;2;1;3;1
202200053189;719 340;7;0;1;1;2;1
202200053190;719 338;30;0;2;3;1;3
202200053190;719 339;7;0;2;1;15;1
202200053191;719 337;7;13;0;2;1;1
202200053192;719 336;7;0;1;2;1;1
202200053193;719 334;7;0;1;1;1;1
202200053194;719 333;10;0;2;2;15;1
202200053194;719 335;33;0;2;1;1;1
202200053195;719 331;7;8;0;1;0;1
202200053196;719 329;7;0;2;6;15;1
202200053196;719 332;1;0;2;1;2;5
202200053197;719 328;7;8;0;2;1;1
202200053198;719 327;37;0;1;2;15;2
202200053199;719 324;50;0;0;0;1;3
202200053200;719 323;32;0;1;1;1;1
202200053201;719 321;7;0;2;1;1;1
202200053201;719 326;7;0;2;1;5;1
202200053202;719 320;7;0;0;4;23;1
202200053202;719 325;7;0;2;1;1;1
202200053203;719 319;7;0;2;2;17;1
202200053203;719 322;21;0;2;3;15;1
202200053204;719 317;50;0;1;1;1;3
202200053205;719 314;7;0;2;1;2;1
202200053205;719 318;10;0;2;3;15;1
202200053206;719 312;30;0;2;1;1;1
202200053206;719 313;7;0;2;2;20;1
202200053207;719 309;7;0;1;3;1;1
202200053208;719 310;13;0;2;6;23;1
202200053208;719 315;17;0;2;2;2;1
202200053209;719 308;33;0;2;1;13;1
202200053209;719 311;7;0;2;3;1;1
202200053210;719 307;7;10;0;1;1;1
202200053211;719 306;7;0;1;1;15;1
202200053212;719 304;7;15;0;1;1;1
202200053213;719 305;2;1;0;2;17;1
202200053214;719 302;1;0;2;7;1;5
202200053214;719 303;7;0;2;3;22;1
202200053215;719 301;32;0;0;7;1;1
202200053216;719 299;7;0;2;4;23;1
202200053216;719 300;33;0;2;1;2;1
202200053217;719 295;7;1;1;1;1;1
202200053218;719 292;7;0;2;3;9;1
202200053218;719 296;33;0;2;2;1;1
202200053219;719 294;7;0;0;3;18;1
202200053219;719 297;2;0;0;0;1;1
202200053220;719 293;1;0;9;7;1;5
202200053220;719 298;1;0;0;1;1;5
202200053221;719 288;7;0;2;5;15;1
202200053221;719 291;7;0;2;1;1;1
202200053222;719 285;36;6;0;1;0;1
202200053223;719 286;50;0;2;0;0;3
202200053223;719 290;10;0;2;0;0;0
202200053224;719 284;33;0;2;7;17;1
202200053224;719 287;10;0;2;1;15;1
202200053225;719 283;2;0;2;8;1;1
202200053225;719 289;7;0;2;7;15;1
202200053226;719 282;7;0;1;1;1;1
202200053227;719 281;7;16;0;9;14;1
202200053228;719 277;31;0;2;1;2;1
202200053228;719 280;7;0;2;5;14;1
202200053229;719 276;7;0;2;8;1;1
202200053229;719 278;30;0;2;2;1;1
202200053230;719 274;7;0;9;6;1;1
202200053230;719 279;80;0;2;1;13;3
202200053231;719 271;7;2;0;1;17;1
202200053232;719 268;7;0;2;1;1;1
202200053232;719 270;7;0;2;8;1;1
202200053232;719 273;7;0;2;8;1;1
202200053232;719 275;7;0;2;9;13;1
202200053233;719 267;7;0;2;1;9;1
202200053233;719 272;30;0;2;8;0;1
202200053234;719 265;7;6;0;1;1;3
202200053235;719 266;7;0;2;2;22;1
202200053235;719 269;2;0;2;1;1;1
202200053236;719 262;7;8;0;3;13;1
202200053237;719 263;7;0;2;3;9;2
202200053237;719 264;31;0;2;7;15;1
202200053238;719 261;21;0;0;7;1;1
202200053239;719 260;7;0;1;3;1;1
202200053240;719 258;1;0;2;1;1;5
202200053240;719 259;7;0;2;6;4;1
202200053241;719 257;7;0;1;3;15;1
202200053242;719 255;0;0;1;0;1;0
202200053243;719 254;7;0;2;6;23;1
202200053243;719 256;32;1;0;2;1;1
202200053244;719 252;50;0;1;1;17;3
202200053245;719 250;2;0;2;2;10;0
202200053245;719 253;1;0;2;1;1;5
202200053246;719 251;7;3;0;9;16;1
202200053247;719 248;34;9;0;2;9;1
202200053248;719 246;7;8;0;1;14;1
202200053249;719 247;10;0;1;0;2;1
202200053250;719 245;10;0;2;1;1;1
202200053250;719 249;7;0;2;1;1;1
202200053251;719 244;33;2;0;1;13;1
202200053252;719 242;2;0;2;5;15;1
202200053252;719 243;1;0;2;1;1;5
202200053253;719 239;7;0;9;0;1;1
202200053253;719 241;33;0;2;7;1;1
202200053254;719 238;7;0;2;5;26;1
202200053254;719 240;30;1;0;1;26;1
202200053255;719 237;7;2;0;1;1;1
202200053256;719 235;1;0;1;1;1;5
202200053257;719 233;2;0;2;3;2;1
202200053257;719 236;7;0;2;5;11;1
202200053258;719 232;30;0;0;7;26;1
202200053259;719 231;1;0;0;4;1;5
202200053259;719 234;14;0;9;1;2;1
202200053260;719 228;7;0;2;5;22;2
202200053260;719 230;80;0;2;1;1;3
202200053261;719 227;7;0;1;1;1;1
202200053262;719 226;7;0;2;7;1;1
202200053262;719 229;31;0;2;1;1;1
202200053263;719 222;10;0;1;1;15;3
202200053264;719 223;7;0;2;6;23;1
202200053264;719 225;32;0;2;1;2;1
202200053265;719 220;7;7;2;2;15;1
202200053265;719 224;33;0;2;1;1;1
202200053266;719 219;7;0;2;8;1;1
202200053266;719 221;7;0;2;1;1;1
202200053267;719 218;30;0;0;7;1;1
202200053268;719 214;50;8;0;1;25;3
202200053269;719 212;7;0;2;8;1;1
202200053269;719 215;7;0;2;1;1;1
202200053270;719 213;10;0;2;3;1;1
202200053270;719 217;7;0;2;1;1;1
202200053271;719 210;7;0;2;1;19;1
202200053271;719 216;99;0;2;8;15;1
202200053272;719 206;7;2;0;1;16;1
202200053272;719 211;1;2;0;0;0;5
202200053273;719 207;1;0;2;7;1;5
202200053273;719 209;32;0;2;1;1;1
202200053274;719 208;7;13;0;0;1;1
202200053275;719 202;7;13;0;1;1;1
202200053276;719 201;1;0;2;1;1;5
202200053276;719 205;7;0;2;6;1;1
202200053277;719 203;1;0;1;1;1;5
202200053278;719 200;50;0;2;5;19;3
202200053278;719 204;30;0;2;0;1;-1
202200053279;719 194;7;0;2;1;16;1
202200053279;719 199;7;0;2;1;1;1
202200053280;719 193;1;1;2;1;22;5
202200053280;719 198;7;0;2;3;24;3
202200053281;719 191;33;0;0;7;18;1
202200053282;719 190;7;0;2;6;15;2
202200053282;719 192;7;0;2;4;1;2
202200053282;719 195;7;0;2;1;1;1
202200053283;719 188;7;6;0;2;1;1
202200053284;719 189;33;0;0;1;26;1
202200053285;719 186;7;0;1;2;1;1
202200053286;719 185;7;0;2;1;1;1
202200053286;719 187;7;0;2;2;16;1
202200053287;719 184;33;0;0;9;0;1
202200053288;719 181;7;0;2;2;2;1
202200053288;719 183;1;0;2;6;2;5
202200053289;719 178;33;0;2;7;2;1
202200053289;719 180;10;0;2;4;23;1
202200053289;719 182;33;0;2;8;2;1
202200053290;719 179;7;0;1;1;15;1
202200053291;719 177;7;0;1;0;1;1
202200053292;719 174;7;0;2;1;2;1
202200053292;719 176;1;0;2;8;2;5
202200053293;719 173;7;0;2;3;15;1
202200053293;719 175;7;0;2;3;1;1
202200053294;719 171;7;0;1;1;16;1
202200053295;719 167;7;8;0;5;1;1
202200053296;719 165;7;13;0;2;1;1
202200053297;719 162;33;0;2;3;1;1
202200053297;719 164;7;0;2;1;15;1
202200053298;719 161;7;2;0;2;1;1
202200053299;719 159;3;0;2;8;20;1
202200053299;719 160;7;0;2;2;1;1
202200053300;719 156;7;0;2;3;20;1
202200053300;719 158;30;0;2;7;17;1
202200053301;719 155;7;15;0;9;1;1
202200053302;719 153;7;8;0;2;21;0
202200053303;719 154;7;0;2;3;9;1
202200053303;719 157;7;0;0;0;0;1
202200053304;719 150;33;0;2;1;1;1
202200053304;719 152;7;0;2;1;16;1
202200053305;719 149;31;0;1;1;21;1
202200053306;719 148;7;0;9;1;2;2
202200053306;719 151;1;14;0;0;0;5
202200053307;719 146;33;0;0;7;1;1
202200053308;719 145;36;13;0;1;1;1
202200053309;719 147;7;0;1;1;16;1
202200053310;719 144;43;14;1;1;9;1
202200053311;719 142;7;15;1;1;20;1
202200053312;719 140;60;0;2;1;9;3
202200053312;719 143;7;0;0;5;1;1
202200053313;719 139;7;0;2;2;15;1
202200053313;719 141;2;0;2;1;1;0
202200053314;719 138;33;0;0;0;16;1
202200053315;719 134;33;1;0;1;1;1
202200053316;719 133;7;0;2;1;1;1
202200053316;719 135;33;0;2;4;2;1
202200053317;719 127;10;0;2;1;0;0
202200053317;719 132;30;0;2;7;0;0
202200053318;719 128;15;0;0;1;1;1
202200053318;719 130;7;0;2;8;13;1
202200053319;719 125;7;0;2;1;2;2
202200053319;719 126;7;0;2;4;23;1
202200053319;719 129;33;0;2;1;3;1
202200053319;719 131;7;0;2;8;23;1
202200053320;719 123;10;0;1;5;4;1
202200053321;719 121;7;0;2;3;9;1
202200053321;719 124;32;0;2;1;1;1
202200053322;719 118;17;1;0;1;1;1
202200053322;719 120;15;0;2;4;23;1
202200053323;719 117;10;0;2;5;1;1
202200053323;719 119;33;0;2;2;3;1
202200053323;719 122;34;0;2;7;11;0
202200053324;719 116;30;12;1;1;1;1
202200053325;719 115;7;0;1;2;19;1
202200053326;719 114;30;0;2;0;1;3
202200053327;719 111;32;0;2;1;1;1
202200053327;719 113;7;0;2;5;15;2
202200053328;719 110;2;0;2;1;1;1
202200053328;719 112;7;0;2;5;20;1
202200053329;719 108;2;0;2;4;23;1
202200053329;719 109;1;0;2;1;2;5
202200053330;719 105;7;0;2;2;15;0
202200053330;719 107;33;1;2;1;1;1
202200053331;719 106;7;0;1;0;1;1
202200053332;719 104;32;0;0;0;1;1
202200053333;719 103;7;2;0;6;1;1
202200053334;719 102;33;0;1;1;1;1
202200053335;719 098;7;0;2;1;2;1
202200053335;719 101;7;0;2;4;2;1
202200053336;719 099;7;0;2;3;1;3
202200053336;719 100;2;0;2;1;1;1
202200053337;719 096;10;0;2;8;22;1
202200053337;719 097;30;1;0;7;15;1
202200053338;719 095;7;0;1;1;16;2
202200053339;719 091;50;0;1;2;1;3
202200053340;719 090;2;0;2;2;17;1
202200053340;719 092;7;0;2;8;15;1
202200053341;719 089;10;0;2;3;23;1
202200053341;719 093;2;0;2;1;1;1
202200053341;719 094;7;0;0;2;15;1
202200053342;719 087;50;0;2;1;1;3
202200053342;719 088;7;0;2;2;16;1
202200053343;719 084;7;0;2;3;1;1
202200053343;719 086;7;0;2;5;17;1
202200053344;719 083;43;0;2;3;1;1
202200053344;719 085;10;0;2;5;9;1
202200053345;719 082;30;12;0;1;14;1
202200053346;719 079;7;0;2;3;2;1
202200053346;719 081;80;0;2;4;2;3
202200053347;719 078;7;0;2;3;1;2
202200053347;719 080;7;0;2;1;19;1
202200053348;719 077;7;0;1;3;1;1
202200053349;719 075;7;0;2;3;1;1
202200053349;719 076;7;0;2;8;13;1
202200053350;719 071;7;0;2;3;1;2
202200053350;719 074;7;0;2;2;1;2
202200053351;719 072;2;0;2;1;1;1
202200053351;719 073;7;0;2;3;10;1
202200053352;719 068;10;0;0;4;2;1
202200053352;719 070;17;0;2;1;0;1
202200053353;719 069;7;0;1;2;9;1
202200053354;719 067;2;0;1;0;25;0
202200053355;719 066;30;0;1;4;1;3
202200053356;719 064;7;0;2;5;9;1
202200053356;719 065;2;0;2;1;1;1
202200053357;719 062;31;0;2;5;16;1
202200053357;719 063;7;0;2;3;7;1
202200053358;719 060;7;0;2;1;1;1
202200053358;719 061;33;0;2;1;13;1
202200053359;719 057;10;0;2;7;15;1
202200053359;719 058;34;0;2;1;5;1
202200053360;719 056;32;0;2;2;1;1
202200053360;719 059;32;0;2;3;1;1
202200053361;719 055;7;2;0;3;1;1
202200053362;719 054;34;0;1;5;1;1
202200053363;719 051;7;0;0;4;2;1
202200053363;719 053;7;0;2;1;2;1
202200053364;719 052;33;0;0;8;1;1
202200053365;719 049;7;14;0;3;13;0
202200053366;719 050;50;0;0;0;21;3
202200053367;719 047;7;0;2;2;19;1
202200053367;719 048;30;0;2;1;1;1
202200053368;719 046;50;0;1;2;1;3
202200053369;719 043;33;0;2;1;1;1
202200053369;719 045;10;0;2;8;1;1
202200053370;719 042;7;0;2;5;22;1
202200053370;719 044;32;0;2;8;18;1
202200053371;719 040;7;0;2;4;12;1
202200053371;719 041;33;0;2;1;3;1
202200053372;719 039;7;4;0;2;2;1
202200053373;719 038;7;14;0;1;1;1
202200053374;719 037;50;0;2;1;1;3
202200053375;719 035;7;0;2;5;1;1
202200053375;719 036;7;0;2;3;1;1
202200053376;719 034;32;0;0;8;11;1
202200053377;719 032;7;0;2;8;11;2
202200053377;719 033;33;0;2;7;1;1
202200053378;719 030;7;0;2;5;2;1
202200053378;719 031;15;0;2;1;1;0
202200053379;719 029;7;3;0;1;1;1
202200053380;719 026;7;0;2;1;1;1
202200053380;719 027;7;0;2;4;2;1
202200053380;719 028;7;0;2;3;1;1
202200053381;719 025;7;4;0;2;26;1
202200053382;719 022;10;0;2;1;2;1
202200053382;719 023;33;0;2;3;2;1
202200053382;719 024;7;0;2;4;2;1
202200053383;719 021;30;14;0;1;1;1
202200053384;719 020;32;0;1;5;1;1
202200053385;719 018;80;0;2;1;1;3
202200053385;719 019;50;0;2;1;13;3
202200053386;719 017;32;0;1;1;1;1
202200053387;719 016;50;0;1;1;1;3
202200053388;719 014;10;0;2;2;15;1
202200053388;719 015;50;0;2;1;1;3
202200053389;719 012;7;0;2;7;15;1
202200053389;719 013;43;0;0;1;1;1
202200053390;719 011;7;0;1;2;1;1
202200053391;719 009;7;0;2;3;1;1
202200053391;719 010;2;0;2;1;1;1
202200053392;719 008;50;0;1;1;1;3
202200053393;719 007;10;0;1;2;1;1
202200053394;719 006;7;1;0;2;26;1
202200053395;719 005;10;14;0;2;14;0
202200053396;719 004;7;0;1;1;2;2
202200053397;719 003;7;0;1;1;15;1
202200053398;719 001;43;9;0;3;21;1
202200053398;719 002;10;0;0;0;9;1
202200053399;718 999;80;0;2;8;26;3
202200053399;719 000;7;0;2;7;2;1
202200053400;718 997;7;0;2;2;2;0
202200053400;718 998;30;0;0;6;18;0
202200053401;718 996;1;0;1;1;5;5
202200053402;718 994;33;0;2;3;0;1
202200053402;718 995;7;0;2;0;15;0
202200053403;718 992;7;0;2;2;19;1
202200053403;718 993;2;0;2;1;1;1
202200053404;718 991;7;0;1;2;26;1
202200053405;718 990;7;2;0;3;13;2
202200053406;718 989;7;2;0;8;1;1
202200053407;718 987;33;0;2;1;17;1
202200053407;718 988;7;0;0;6;15;1
202200053408;718 985;7;0;0;0;0;1
202200053408;718 986;7;0;2;1;0;1
202200053409;718 984;7;8;0;1;14;1
202200053410;718 983;7;13;0;1;1;1
202200053411;718 982;7;13;0;3;1;1
202200053412;718 981;31;14;0;1;0;1
202200053413;718 979;33;0;2;1;1;1
202200053413;718 980;7;0;2;7;15;1
202200053414;718 978;7;2;0;1;1;1
202200053415;718 976;33;0;2;1;1;1
202200053415;718 977;7;0;2;5;15;1
202200053416;718 975;7;13;0;9;1;1
202200053417;718 974;7;2;0;1;1;1
202200053418;718 972;7;0;0;8;10;1
202200053418;718 973;33;0;2;1;1;1
202200053419;718 971;14;0;1;1;2;1
202200053420;718 970;33;3;0;7;15;1
202200053421;718 968;7;0;2;3;1;1
202200053421;718 969;1;0;2;1;1;5
202200053422;718 967;2;1;0;0;1;1
202200053423;718 963;7;2;0;0;1;1
202200053424;718 964;33;0;2;2;0;1
202200053424;718 966;7;0;2;1;1;1
202200053425;718 962;10;0;2;1;1;1
202200053425;718 965;7;0;2;1;1;1
202200053426;718 961;33;0;0;0;0;1
202200053427;718 960;7;0;1;3;1;1
202200053428;718 958;7;0;0;6;2;2
202200053428;718 959;2;0;2;1;2;1
202200053429;718 956;31;0;1;1;1;1
202200053430;718 955;43;6;0;1;20;1
202200053431;718 953;7;0;2;1;1;1
202200053431;718 957;7;0;2;3;19;1
202200053432;718 952;50;0;2;1;1;3
202200053432;718 954;7;0;2;7;1;1
202200053433;718 951;7;0;1;2;1;1
202200053434;718 946;7;0;0;9;1;1
202200053435;718 947;7;0;1;1;15;1
202200053436;718 944;7;0;2;1;26;1
202200053436;718 948;7;0;2;9;0;1
202200053436;718 950;7;0;2;4;26;2
202200053437;718 941;7;0;2;3;13;1
202200053437;718 945;7;3;2;3;1;1
202200053437;718 949;7;0;2;6;1;1
202200053438;718 939;7;0;2;1;1;1
202200053438;718 943;1;0;2;8;9;5
202200053439;718 937;7;0;2;1;2;1
202200053439;718 938;7;0;2;4;0;1
202200053440;718 934;10;0;2;8;15;1
202200053440;718 936;34;0;2;1;17;1
202200053441;718 935;10;2;0;1;0;1
202200053442;718 933;7;3;0;1;2;1
202200053443;718 931;7;0;2;1;26;1
202200053443;718 932;7;0;2;4;26;1
202200053444;718 930;7;0;1;2;0;1
202200053445;718 927;7;7;0;2;3;1
202200053446;718 925;7;0;2;1;1;0
202200053446;718 929;7;0;0;4;1;1
202200053447;718 921;7;0;1;1;1;1
202200053448;718 920;7;0;1;1;1;1
202200053449;718 916;10;0;0;1;1;1
202200053450;718 917;7;0;2;1;1;2
202200053450;718 919;7;0;2;4;0;1
202200053451;718 915;7;0;2;3;19;2
202200053451;718 918;33;0;2;8;23;1
202200053451;718 922;33;0;2;8;23;1
202200053452;718 913;7;0;2;1;2;1
202200053452;718 914;7;0;0;4;2;1
202200053453;718 908;7;0;2;1;2;1
202200053453;718 911;7;0;0;4;2;1
202200053454;718 906;7;0;2;7;1;1
202200053454;718 909;7;0;2;1;1;1
202200053455;718 907;7;0;2;6;1;1
202200053455;718 912;7;6;2;9;17;1
202200053456;718 905;10;4;0;4;2;1
202200053456;718 910;10;0;2;1;2;1
202200053457;718 903;7;10;0;1;1;1
202200053458;718 898;32;0;0;0;15;0
202200053459;718 892;10;0;2;3;13;1
202200053459;718 896;7;0;2;2;1;1
202200053459;718 899;10;4;2;2;1;1
202200053459;718 902;10;0;2;3;1;1
202200053460;718 891;7;0;2;1;1;1
202200053460;718 893;7;0;2;1;1;1
202200053460;718 895;7;0;2;1;1;1
202200053461;718 890;7;0;1;0;16;1
202200053462;718 888;10;0;0;4;1;1
202200053462;718 889;7;0;2;4;1;1
202200053462;718 894;7;1;2;4;1;1
202200053462;718 897;7;0;2;4;1;1
202200053462;718 900;7;0;2;1;1;1
202200053463;718 885;7;0;2;3;11;1
202200053463;718 887;7;0;2;1;1;1
202200053464;718 884;7;0;2;2;16;1
202200053464;718 886;32;0;2;1;1;1
202200053465;718 883;7;15;0;3;1;1
202200053466;718 882;7;13;0;1;9;1
202200053467;718 879;33;13;0;2;14;1
202200053468;718 880;33;0;0;9;1;1
202200053469;718 877;7;0;2;2;1;1
202200053469;718 881;50;0;2;0;19;3
202200053470;718 874;7;0;0;1;1;1
202200053471;718 876;7;0;2;3;11;1
202200053471;718 878;31;0;2;2;17;3
202200053472;718 870;7;3;0;2;0;1
202200053473;718 873;7;0;2;4;23;1
202200053473;718 875;7;0;2;1;2;1
202200053474;718 869;80;0;2;1;5;3
202200053474;718 872;7;0;9;3;21;1
202200053475;718 866;32;0;2;1;23;1
202200053475;718 868;7;0;2;6;1;1
202200053475;718 871;7;0;2;3;13;1
202200053476;718 865;14;0;2;1;1;1
202200053476;718 867;7;0;2;1;13;1
202200053477;718 862;7;0;2;4;23;1
202200053477;718 864;7;0;2;1;1;0
202200053478;718 863;30;0;1;1;26;1
202200053479;718 858;34;1;2;1;5;1
202200053479;718 860;7;0;2;5;1;1
202200053480;718 854;43;0;2;1;17;1
202200053480;718 856;7;0;2;3;10;1
202200053481;718 853;10;0;1;1;12;1
202200053482;718 847;7;6;0;1;26;1
202200053483;718 846;7;0;2;8;24;1