Num_Acc;id_vehicule;catv;obs;obsm;choc;manv;motor
202200053888;718 152;7;0;2;3;15;1
202200053888;718 154;33;0;2;3;17;1
202200053889;718 148;7;0;1;2;1;1
202200053890;718 142;7;0;1;1;1;1
202200053891;718 141;33;0;2;1;1;1
202200053891;718 147;7;0;2;3;10;1
202200053892;718 139;7;0;2;3;1;1
202200053892;718 145;30;0;2;6;11;1
202200053893;718 138;33;0;0;0;2;1
202200053894;718 140;7;0;2;2;21;1
202200053894;718 144;7;0;2;3;1;1
202200053895;718 132;34;0;2;4;1;1
202200053895;718 136;7;0;2;2;1;1
202200053896;718 135;34;0;2;4;1;1
202200053896;718 137;32;0;2;1;2;1
202200053897;718 149;50;0;1;1;1;3
202200053898;718 128;7;0;0;0;13;1
202200053899;718 129;7;0;2;3;5;1
202200053899;718 133;38;0;2;3;16;1
202200053900;718 127;7;0;2;1;15;2
202200053900;718 131;33;0;2;8;1;1
202200053901;718 122;34;0;2;1;1;1
202200053902;718 121;7;0;2;1;1;1
202200053902;718 126;7;0;2;7;26;1
202200053903;718 117;7;0;2;1;2;1
202200053903;718 123;7;0;2;4;2;0
202200053904;718 118;7;0;2;4;23;1
202200053904;718 124;7;0;2;4;23;1
202200053904;718 130;7;0;2;4;23;1
202200053904;718 134;7;0;2;1;1;1
202200053905;718 115;30;1;0;7;17;3
202200053905;718 120;7;0;2;0;24;1
202200053906;718 113;7;0;2;3;13;1
202200053906;718 125;7;0;2;3;1;1
202200053907;718 111;10;0;2;3;1;1
202200053907;718 116;2;0;2;0;0;1
202200053908;718 110;30;0;2;7;1;1
202200053908;718 119;7;0;2;1;16;1
202200053909;718 108;7;0;0;4;23;1
202200053909;718 112;7;0;2;1;2;6
202200053910;718 105;7;0;2;1;1;1
202200053910;718 114;7;0;2;1;21;3
202200053911;718 106;7;0;2;5;1;1
202200053911;718 109;33;0;2;1;1;1
202200053912;718 103;7;8;0;1;19;1
202200053913;718 101;43;16;0;8;13;1
202200053914;718 099;7;0;1;1;1;1
202200053915;718 100;7;4;2;1;1;1
202200053915;718 107;7;0;2;6;2;1
202200053916;718 104;10;8;0;1;6;1
202200053917;718 097;33;13;0;1;1;1
202200053918;718 094;33;0;2;1;17;1
202200053918;718 098;1;0;2;3;15;5
202200053919;718 095;7;7;0;7;19;1
202200053919;718 102;14;0;2;1;0;1
202200053920;718 086;2;0;2;2;1;1
202200053920;718 093;10;0;2;3;9;1
202200053921;718 085;2;0;2;1;1;1
202200053921;718 090;7;0;2;7;15;1
202200053922;718 083;30;0;2;1;1;1
202200053922;718 091;7;0;2;3;15;1
202200053923;718 081;10;0;2;3;1;1
202200053923;718 084;7;8;2;7;20;1
202200053924;718 082;7;2;0;1;1;1
202200053925;718 080;7;2;0;1;1;1
202200053926;718 077;32;0;2;1;1;1
202200053926;718 087;3;0;2;3;15;1
202200053927;718 071;13;0;2;3;1;1
202200053927;718 089;7;0;2;2;1;1
202200053928;718 068;7;0;2;2;15;1
202200053928;718 074;33;0;2;1;1;1
202200053929;718 062;7;0;2;2;1;1
202200053929;718 069;2;0;2;1;9;1
202200053930;718 064;7;0;0;3;15;1
202200053930;718 067;2;0;2;1;17;1
202200053931;718 061;7;0;2;8;20;1
202200053931;718 076;7;0;2;1;1;1
202200053932;718 063;7;0;2;2;16;1
202200053932;718 072;33;0;2;0;0;1
202200053933;718 055;10;0;2;2;1;1
202200053933;718 059;30;0;2;8;13;1
202200053934;718 056;31;0;1;1;1;0
202200053935;718 052;1;0;2;3;1;5
202200053935;718 060;33;0;2;1;1;1
202200053936;718 051;7;0;2;4;2;1
202200053936;718 066;14;0;2;1;2;1
202200053937;718 049;7;0;2;7;17;1
202200053937;718 054;2;0;2;7;1;1
202200053938;718 045;7;0;2;1;20;1
202200053938;718 050;34;1;2;1;1;1
202200053939;718 043;7;0;2;1;1;1
202200053939;718 047;7;0;2;1;1;1
202200053940;718 042;7;0;2;3;15;1
202200053940;718 048;31;0;2;1;9;1
202200053941;718 041;31;0;2;1;17;1
202200053941;718 046;7;0;2;0;15;1
202200053942;718 037;7;0;1;1;1;1
202200053943;718 034;7;0;2;3;10;2
202200053943;718 040;32;0;2;2;1;1
202200053944;718 033;7;0;2;2;15;1
202200053944;718 044;30;0;9;1;1;1
202200053945;718 030;7;0;2;4;4;1
202200053945;718 038;13;0;2;1;1;1
202200053946;718 027;7;0;2;1;2;1
202200053946;718 035;7;0;2;4;23;1
202200053946;718 039;7;0;2;4;23;1
202200053947;718 031;33;0;2;3;17;1
202200053947;718 036;7;0;0;6;15;3
202200053948;718 028;7;6;0;2;26;1
202200053949;718 025;1;0;2;1;1;5
202200053949;718 032;7;0;2;2;1;1
202200053950;718 024;7;0;2;4;26;1
202200053950;718 026;7;0;2;1;2;-1
202200053951;718 023;38;0;1;1;1;1
202200053952;718 022;36;0;2;3;1;1
202200053952;718 029;7;0;2;3;15;1
202200053953;718 018;33;1;0;1;0;1
202200053954;718 016;1;0;2;1;1;5
202200053954;718 021;7;0;2;2;15;2
202200053955;718 015;32;0;2;2;3;1
202200053955;718 020;7;0;2;8;11;1
202200053956;718 014;7;0;2;8;17;1
202200053956;718 019;33;0;2;7;17;1
202200053957;718 017;7;0;1;3;1;1
202200053958;718 010;30;0;1;1;25;1
202200053959;718 012;7;0;0;5;15;1
202200053959;718 013;2;0;2;1;1;1
202200053960;718 003;33;0;2;1;1;1
202200053960;718 011;7;0;2;1;15;1
202200053961;718 005;7;3;0;3;2;1
202200053962;718 004;7;0;2;2;17;1
202200053962;718 008;30;0;2;6;1;1
202200053963;718 002;99;0;0;7;1;0
202200053964;718 001;7;0;2;4;0;1
202200053964;718 006;32;0;2;1;2;1
202200053965;718 000;7;0;2;3;0;1
202200053965;718 009;37;0;2;2;0;0
202200053966;717 997;7;0;1;1;1;0
202200053967;717 999;7;0;2;8;22;0
202200053967;718 007;1;0;2;1;1;5
202200053968;717 998;30;0;1;2;1;1
202200053969;717 994;7;2;0;1;13;1
202200053970;717 990;7;1;1;1;1;1
202200053971;717 991;38;0;0;2;1;1
202200053972;717 986;33;0;2;1;2;1
202200053972;717 993;7;0;2;4;2;1
202200053973;717 985;7;0;2;1;1;1
202200053973;717 996;1;0;2;0;16;5
202200053974;717 983;7;0;2;3;10;1
202200053974;717 989;7;0;2;1;1;1
202200053975;717 984;7;12;0;1;12;1
202200053976;717 982;7;9;2;1;1;1
202200053976;717 987;1;9;2;1;1;5
202200053977;717 979;33;0;2;1;2;1
202200053977;717 981;7;0;2;6;2;1
202200053978;717 977;7;0;1;2;1;3
202200053979;717 972;2;0;2;1;1;1
202200053979;717 976;7;0;0;4;1;1
202200053980;717 971;1;12;0;1;14;5
202200053981;717 968;7;0;1;1;1;1
202200053982;717 967;10;0;2;3;13;1
202200053982;717 974;10;0;2;3;1;1
202200053983;717 966;7;0;2;3;1;1
202200053983;717 975;7;0;2;5;12;1
202200053984;717 963;7;0;2;1;5;1
202200053984;717 970;7;8;2;9;1;1
202200053984;717 978;7;0;2;1;1;1
202200053985;717 965;2;0;2;1;1;1
202200053985;717 973;7;0;2;3;15;1
202200053986;717 959;7;0;0;5;23;1
202200053986;717 962;7;0;0;6;26;1
202200053986;717 969;10;0;2;2;2;1
202200053987;717 961;7;0;2;1;2;1
202200053987;717 964;10;0;2;4;26;1
202200053988;717 952;7;0;2;2;14;0
202200053988;717 956;50;0;2;3;7;3
202200053989;717 953;7;0;1;1;1;1
202200053990;717 949;7;9;2;1;15;1
202200053990;717 957;31;9;2;8;1;3
202200053991;717 950;43;0;2;1;1;1
202200053991;717 958;7;0;0;6;1;1
202200053992;717 945;7;0;2;3;13;1
202200053992;717 955;7;0;2;3;1;1
202200053993;717 946;1;0;0;4;2;5
202200053993;717 954;7;0;2;2;2;1
202200053994;717 944;7;0;2;1;17;1
202200053994;717 951;7;0;2;4;1;1
202200053995;717 942;7;0;2;1;1;1
202200053995;717 947;80;0;2;1;1;3
202200053996;717 941;7;14;2;1;6;2
202200053996;717 948;7;0;2;1;1;1
202200053996;717 960;7;0;2;6;1;1
202200053997;717 936;7;0;2;1;13;1
202200053997;717 943;7;0;2;1;1;1
202200053998;717 935;7;0;0;2;1;1
202200053998;717 939;50;0;2;3;25;3
202200053999;717 933;7;0;0;6;1;1
202200053999;717 938;2;0;2;1;2;1
202200054000;717 934;7;0;1;1;9;1
202200054001;717 931;0;0;1;0;0;0
202200054002;717 930;7;0;2;1;1;1
202200054002;717 940;30;0;2;2;1;1
202200054003;717 932;7;0;1;3;16;1
202200054004;717 929;33;0;2;1;17;0
202200054004;717 937;7;0;2;3;19;1
202200054005;717 924;32;0;0;0;0;1
202200054006;717 925;7;0;0;0;0;1
202200054007;717 926;7;0;1;1;1;1
202200054008;717 923;7;13;0;2;2;1
202200054009;717 919;7;0;1;-1;-1;1
202200054010;717 915;30;0;2;8;13;1
202200054010;717 918;38;0;2;7;17;1
202200054011;717 913;7;1;0;1;14;1
202200054011;717 917;7;0;2;4;23;1
202200054011;717 921;33;0;0;4;23;0
202200054012;717 912;7;3;0;1;14;1
202200054013;717 916;7;0;2;1;1;1
202200054013;717 922;7;0;2;7;15;1
202200054014;717 910;1;0;2;7;16;5
202200054014;717 920;10;0;2;2;1;1
202200054015;717 906;7;0;2;2;1;1
202200054015;717 911;1;0;2;1;9;5
202200054016;717 909;7;0;9;4;2;1
202200054016;717 914;37;0;2;1;2;6
202200054017;717 904;7;0;1;3;1;1
202200054018;717 903;7;0;2;8;13;1
202200054018;717 907;7;0;2;3;1;1
202200054019;717 900;7;0;0;6;21;1
202200054019;717 905;7;0;0;3;13;1
202200054020;717 897;1;0;2;1;9;5
202200054020;717 901;7;0;2;2;1;1
202200054021;717 894;7;6;0;1;1;1
202200054022;717 892;7;2;0;1;14;1
202200054023;717 890;7;0;2;3;1;1
202200054023;717 895;33;0;2;7;12;1
202200054024;717 887;7;0;2;2;16;1
202200054024;717 898;50;0;2;1;5;3
202200054025;717 888;7;2;0;7;1;1
202200054026;717 885;7;0;2;3;1;1
202200054026;717 899;7;0;2;3;1;1
202200054026;717 908;7;0;2;3;13;1
202200054027;717 889;30;0;2;0;5;1
202200054027;717 893;7;0;2;5;15;1
202200054028;717 882;7;0;2;1;1;1
202200054028;717 886;2;0;0;4;1;1
202200054028;717 896;32;0;0;4;1;1
202200054028;717 902;10;0;2;1;21;1
202200054029;717 879;7;0;1;1;1;1
202200054030;717 880;10;0;2;1;1;1
202200054030;717 884;7;0;2;1;13;1
202200054031;717 877;7;0;2;3;2;1
202200054031;717 883;7;8;0;1;15;1
202200054032;717 875;2;0;2;1;1;1
202200054032;717 881;2;0;2;1;1;1
202200054033;717 874;7;0;2;2;0;2
202200054033;717 876;1;0;2;1;2;5
202200054034;717 872;7;2;0;1;1;1
202200054035;717 873;7;0;2;7;1;1
202200054035;717 878;7;0;2;8;6;1
202200054036;717 871;7;0;1;3;15;1
202200054037;717 867;0;0;1;7;1;0
202200054038;717 864;7;0;2;3;26;1
202200054038;717 869;31;0;2;1;13;1
202200054039;717 863;7;0;2;1;0;1
202200054039;717 868;7;0;0;7;1;1
202200054040;717 861;13;0;2;1;1;1
202200054040;717 866;7;0;2;8;15;1
202200054041;717 856;1;0;2;1;1;5
202200054041;717 860;7;0;9;1;15;0
202200054042;717 859;7;0;2;5;2;1
202200054042;717 870;7;0;2;1;1;1
202200054043;717 858;7;0;2;4;2;1
202200054043;717 865;7;0;2;1;2;1
202200054044;717 857;7;0;2;2;15;1
202200054044;717 862;1;0;2;1;1;5
202200054045;717 855;7;0;1;3;16;1
202200054046;717 852;7;8;0;3;2;1
202200054047;717 848;33;0;0;1;1;1
202200054047;717 853;7;0;0;1;15;1
202200054048;717 846;7;0;2;1;17;1
202200054048;717 851;1;0;2;5;2;5
202200054049;717 844;1;0;2;1;21;5
202200054049;717 850;10;0;2;2;13;1
202200054050;717 845;33;16;0;0;15;1
202200054051;717 841;17;0;2;4;23;1
202200054051;717 849;38;0;2;4;1;1
202200054051;717 854;7;0;2;1;1;1
202200054052;717 837;7;0;2;6;9;1
202200054052;717 847;15;0;2;2;21;1
202200054053;717 835;33;0;0;0;1;1
202200054054;717 836;30;0;2;3;18;3
202200054054;717 840;7;0;2;7;1;1
202200054055;717 834;7;0;2;1;3;1
202200054055;717 839;7;0;2;0;2;1
202200054055;717 842;13;0;2;8;0;1
202200054056;717 833;33;0;2;1;1;1
202200054056;717 843;7;0;2;3;23;1
202200054057;717 831;7;0;0;9;1;1
202200054058;717 830;33;0;2;8;1;1
202200054058;717 838;7;0;2;3;13;1
202200054059;717 829;10;0;1;8;1;1
202200054060;717 827;7;0;9;1;2;1
202200054060;717 832;50;0;0;4;2;3
202200054061;717 828;30;8;0;1;1;1
202200054062;717 826;7;15;0;1;1;1
202200054063;717 822;33;0;2;1;1;1
202200054063;717 825;7;0;0;8;19;1
202200054064;717 820;33;6;0;1;21;1
202200054064;717 824;3;0;2;6;1;1
202200054065;717 821;7;0;1;1;1;1
202200054066;717 817;2;0;2;6;1;1
202200054066;717 823;21;0;2;6;0;1
202200054067;717 819;7;0;1;2;1;1
202200054068;717 815;7;3;0;1;1;1
202200054069;717 813;7;0;2;3;1;0
202200054069;717 816;33;0;2;1;5;0
202200054070;717 810;7;0;2;0;0;1
202200054070;717 818;7;0;2;2;1;0
202200054071;717 811;7;0;2;2;15;1
202200054071;717 814;30;0;2;1;1;3
202200054072;717 804;7;0;9;2;1;0
202200054072;717 812;50;0;2;1;9;3
202200054073;717 803;7;0;2;0;13;1
202200054073;717 808;15;0;2;3;1;1
202200054074;717 805;7;0;1;2;19;1
202200054075;717 802;31;0;2;0;12;1
202200054075;717 807;7;0;2;0;1;1
202200054076;717 798;7;0;2;3;1;1
202200054076;717 801;13;1;2;1;13;1
202200054077;717 795;3;0;2;1;1;1
202200054077;717 799;7;0;0;4;15;1
202200054077;717 806;7;0;2;1;2;1
202200054078;717 794;10;0;1;6;4;1
202200054079;717 792;10;0;2;1;16;3
202200054079;717 796;1;0;2;7;25;5
202200054080;717 788;7;3;0;2;14;1
202200054081;717 789;31;6;9;3;0;1
202200054082;717 786;10;4;2;1;5;1
202200054082;717 791;7;4;2;1;1;1
202200054082;717 797;7;0;2;1;1;1
202200054083;717 785;7;0;2;8;0;1
202200054083;717 793;2;0;2;1;0;1
202200054084;717 782;33;0;0;2;23;1
202200054085;717 781;33;0;2;8;1;1
202200054085;717 784;7;0;2;7;2;0
202200054086;717 779;37;0;0;2;1;0
202200054086;717 787;7;0;2;1;9;2
202200054087;717 777;7;0;2;1;1;1
202200054087;717 783;7;0;2;1;13;2
202200054088;717 775;7;0;2;1;2;1
202200054088;717 780;7;0;2;4;2;1
202200054089;717 771;7;14;1;1;1;1
202200054090;717 768;10;0;2;1;1;1
202200054090;717 773;7;0;2;1;13;1
202200054091;717 769;7;0;2;1;2;1
202200054091;717 774;7;0;2;4;2;1
202200054091;717 778;7;0;0;4;2;1
202200054092;717 770;0;0;2;0;26;0
202200054092;717 776;0;0;2;0;0;6
202200054093;717 765;30;0;0;0;0;1
202200054094;717 766;7;0;2;8;13;1
202200054094;717 772;7;0;2;8;1;1
202200054095;717 760;7;0;2;3;11;1
202200054095;717 763;7;0;2;5;1;1
202200054096;717 757;1;0;2;3;9;5
202200054096;717 761;10;0;2;2;1;1
202200054097;717 759;10;0;2;4;15;1
202200054097;717 764;33;0;2;1;2;1
202200054098;717 752;7;0;2;3;1;1
202200054098;717 758;7;0;2;3;13;1
202200054099;717 749;7;0;2;1;21;1
202200054099;717 755;30;0;2;1;13;1
202200054100;717 753;7;0;1;1;1;1
202200054101;717 750;15;0;0;6;1;1
202200054101;717 756;10;0;2;1;1;1
202200054102;717 748;7;0;2;3;0;1
202200054102;717 751;7;0;2;3;1;2
202200054103;717 745;7;0;2;4;1;1
202200054103;717 747;30;0;2;1;1;1
202200054104;717 746;36;0;0;0;1;1
202200054105;717 739;7;0;1;0;1;1
202200054106;717 740;7;0;2;8;13;1
202200054106;717 744;1;0;2;7;13;5
202200054107;717 737;7;0;2;8;1;1
202200054107;717 743;33;0;2;8;13;1
202200054108;717 734;7;0;1;2;1;1
202200054109;717 733;7;0;9;5;17;1
202200054109;717 738;1;0;2;8;15;5
202200054110;717 732;7;0;2;1;0;2
202200054110;717 736;38;0;2;5;0;1
202200054111;717 735;7;6;0;1;13;1
202200054112;717 729;33;0;0;3;1;1
202200054113;717 730;7;0;2;1;0;6
202200054113;717 742;7;0;2;7;19;0
202200054114;717 727;33;6;0;1;13;1
202200054115;717 728;7;3;0;2;26;1
202200054116;717 726;7;2;0;8;13;1
202200054117;717 722;7;0;2;7;14;1
202200054117;717 725;50;0;2;8;1;3
202200054118;717 721;7;0;2;1;2;1
202200054118;717 724;7;0;0;4;2;1
202200054119;717 723;7;15;0;2;1;1
202200054120;717 720;7;0;0;9;1;1
202200054121;717 717;7;15;0;1;1;1
202200054122;717 715;34;0;2;1;1;0
202200054122;717 718;30;0;2;6;9;1
202200054123;717 716;1;0;2;1;1;5
202200054123;717 719;7;0;9;3;15;1
202200054124;717 711;33;0;2;1;1;1
202200054124;717 714;10;0;2;3;15;1
202200054125;717 713;7;0;1;1;15;1
202200054126;717 708;31;0;0;7;9;1
202200054127;717 709;7;6;0;2;1;1
202200054128;717 706;33;16;0;1;1;1
202200054129;717 704;2;0;2;1;1;1
202200054129;717 710;7;0;0;4;1;1
202200054130;717 707;33;11;0;0;0;1
202200054131;717 701;7;13;0;9;14;1
202200054132;717 698;33;0;6;1;1;1
202200054133;717 699;7;0;2;5;17;1
202200054133;717 703;1;0;2;3;1;5
202200054134;717 697;10;0;2;4;2;1
202200054134;717 702;7;0;2;4;2;1
202200054134;717 705;31;0;2;9;2;1
202200054134;717 712;7;0;2;2;2;1
202200054135;717 695;3;0;1;1;1;3
202200054136;717 696;31;13;0;1;1;1
202200054137;717 691;7;0;0;0;0;3
202200054138;717 690;2;0;2;8;1;1
202200054138;717 692;14;0;2;5;17;0
202200054139;717 693;33;0;2;1;1;1
202200054139;717 700;7;0;2;2;15;1
202200054140;717 686;7;0;0;3;1;1
202200054140;717 694;10;0;0;3;13;1
202200054141;717 683;33;13;0;0;1;1
202200054142;717 689;7;16;0;1;1;1
202200054143;717 681;2;0;2;1;1;1
202200054143;717 687;7;0;2;1;0;1
202200054144;717 682;31;0;2;1;1;1
202200054144;717 688;10;0;2;4;1;1
202200054145;717 680;2;2;2;8;13;1
202200054145;717 684;2;16;2;7;14;1
202200054146;717 679;80;0;2;1;1;3
202200054146;717 685;7;0;2;2;16;1
202200054147;717 674;20;0;1;2;1;1
202200054148;717 676;7;0;2;1;1;1
202200054148;717 678;2;0;2;8;19;1
202200054149;717 673;10;0;2;7;9;1
202200054149;717 677;33;0;2;1;1;0
202200054150;717 675;7;0;1;7;1;1
202200054151;717 670;33;0;1;2;1;1
202200054152;717 667;7;0;2;1;2;1
202200054152;717 672;7;0;0;4;9;1
202200054153;717 665;7;0;2;8;11;1
202200054153;717 671;33;4;2;1;3;1
202200054154;717 663;2;9;2;1;1;1
202200054154;717 668;7;0;2;1;13;1
202200054155;717 661;33;0;2;1;1;1
202200054155;717 666;7;0;0;8;15;1
202200054156;717 662;2;0;0;2;1;1
202200054157;717 658;7;0;1;1;10;1
202200054158;717 664;7;0;2;6;2;1
202200054158;717 669;7;1;0;2;2;1
202200054159;717 659;7;4;0;3;1;1
202200054160;717 654;2;0;2;1;1;1
202200054160;717 660;7;0;2;4;1;1
202200054161;717 653;10;0;2;2;17;1
202200054161;717 657;7;0;2;8;1;1
202200054162;717 652;7;0;1;1;2;1
202200054163;717 651;7;0;2;4;1;1
202200054163;717 655;33;0;2;2;3;1
202200054164;717 648;33;0;0;2;1;1
202200054165;717 647;7;11;0;1;6;1
202200054166;717 644;7;13;2;3;1;1
202200054166;717 649;7;8;2;3;13;1
202200054167;717 642;7;0;2;4;21;1
202200054167;717 646;7;0;2;1;2;1
202200054168;717 640;7;16;2;8;10;1
202200054168;717 643;7;14;2;8;2;1
202200054169;717 637;10;0;2;4;2;1
202200054169;717 641;7;0;2;1;2;1
202200054170;717 638;7;8;0;3;13;1
202200054171;717 635;7;0;2;1;26;1
202200054171;717 650;14;0;2;1;1;1
202200054171;717 656;7;0;2;1;13;1
202200054172;717 645;7;6;0;1;0;1
202200054173;717 632;38;13;0;7;1;6
202200054174;717 634;7;0;2;7;19;1
202200054174;717 639;33;0;2;1;1;1
202200054175;717 631;7;0;2;1;1;1
202200054175;717 633;33;0;0;0;1;1
202200054176;717 629;33;6;0;8;2;1
202200054177;717 627;7;8;2;3;1;1
202200054177;717 636;7;0;2;3;13;1
202200054178;717 626;30;0;1;1;1;1
202200054179;717 625;7;0;1;2;15;1
202200054180;717 624;7;0;2;4;1;1
202200054180;717 630;7;0;2;1;1;1
202200054181;717 620;31;0;0;7;2;1
202200054182;717 613;7;0;0;6;15;1
202200054182;717 616;33;0;2;1;2;1
202200054183;717 612;7;0;1;0;15;0
202200054184;717 611;3;1;0;8;26;1
202200054184;717 617;2;1;0;0;0;1
202200054185;717 609;10;17;0;7;0;1
202200054186;717 607;7;0;2;1;2;1
202200054186;717 614;7;0;2;4;2;1
202200054186;717 619;7;0;2;4;2;1
202200054187;717 604;7;6;0;1;1;1
202200054188;717 605;10;1;2;2;26;1
202200054188;717 606;7;0;0;6;2;1
202200054189;717 601;10;6;0;1;1;1
202200054190;717 603;7;3;0;3;0;1
202200054191;717 599;7;15;0;8;1;2
202200054191;717 610;7;0;2;1;9;1
202200054192;717 598;7;12;0;1;0;1
202200054193;717 600;10;0;2;1;1;1
202200054193;717 622;7;0;2;4;23;1
202200054194;717 596;7;0;2;1;1;1
202200054194;717 602;7;0;2;8;13;1
202200054195;717 593;7;0;0;1;1;1
202200054196;717 587;10;0;2;1;12;1
202200054196;717 594;7;0;2;4;1;1
202200054196;717 597;7;0;2;4;1;1
202200054197;717 588;7;0;0;3;23;1
202200054197;717 595;7;1;0;3;1;1
202200054198;717 586;17;3;2;8;1;1
202200054199;717 585;7;0;2;7;20;1
202200054199;717 592;30;0;2;5;2;1
202200054200;717 581;7;0;2;4;1;1
202200054200;717 589;7;0;2;1;2;1
202200054201;717 583;7;0;2;2;2;1
202200054201;717 591;7;0;0;6;2;1
202200054202;717 584;7;0;2;2;17;1
202200054202;717 590;1;0;2;8;1;5
202200054203;717 580;7;0;1;1;1;0
202200054204;717 579;7;0;2;6;1;1
202200054204;717 582;7;0;2;2;14;1
202200054205;717 575;7;0;2;6;15;1
202200054205;717 578;30;0;2;1;17;1
202200054206;717 574;99;0;0;0;5;1
202200054207;717 571;10;0;2;3;1;1
202200054207;717 576;7;0;2;3;1;1
202200054208;717 566;7;0;2;2;16;1
202200054208;717 572;1;0;2;3;1;5
202200054209;717 568;7;2;0;9;1;1
202200054210;717 564;7;0;2;8;1;1
202200054210;717 573;7;0;2;1;1;1
202200054211;717 563;10;0;2;3;1;1
202200054211;717 570;7;0;2;2;13;1
202200054212;717 560;7;0;2;1;1;1
202200054212;717 565;7;0;2;4;1;1
202200054213;717 562;7;0;2;3;1;1
202200054213;717 569;7;3;0;6;5;1
202200054214;717 561;7;0;2;1;1;1
202200054214;717 567;7;0;2;3;1;1
202200054214;717 577;7;0;2;1;13;1
202200054215;717 559;7;0;1;0;15;1
202200054216;717 556;21;0;2;2;15;1
202200054216;717 557;1;0;2;1;1;5
202200054217;717 553;7;15;0;1;1;1
202200054218;717 554;7;0;1;2;1;3
202200054219;717 555;10;16;0;1;0;1
202200054220;717 552;7;13;0;5;1;1
202200054221;717 545;7;0;2;3;15;1
202200054221;717 549;1;0;2;6;2;5
202200054222;717 543;1;13;0;1;1;5
202200054223;717 544;7;0;1;1;1;1
202200054224;717 546;30;0;2;1;1;1
202200054224;717 551;7;0;0;6;15;1
202200054225;717 541;7;3;0;8;1;1
202200054226;717 542;7;0;2;2;15;0
202200054226;717 547;2;0;2;1;1;0
202200054227;717 539;7;15;0;3;14;0
202200054228;717 538;7;0;2;3;23;1
202200054228;717 548;7;0;2;1;1;1
202200054228;717 550;7;0;2;8;23;2
202200054229;717 537;33;6;0;1;1;1
202200054230;717 536;33;0;2;1;1;1
202200054230;717 540;7;0;2;5;1;1
202200054231;717 534;34;0;0;3;1;1
202200054232;717 531;10;0;1;1;0;1
202200054233;717 529;33;0;2;1;1;6
202200054233;717 535;7;0;2;7;15;1
202200054234;717 532;1;16;0;1;1;5
202200054235;717 528;10;0;1;4;26;1
202200054236;717 526;7;0;2;2;15;1
202200054236;717 533;33;0;2;1;1;1
202200054237;717 525;7;2;0;3;1;1
202200054238;717 524;1;0;2;8;19;5
202200054238;717 530;7;0;2;1;1;1
202200054239;717 519;33;0;0;1;1;1
202200054240;717 521;7;0;0;3;1;1
202200054241;717 517;34;0;2;3;13;1
202200054241;717 522;14;0;2;6;1;1
202200054242;717 516;31;0;2;1;1;1
202200054242;717 523;7;0;2;3;9;1
202200054243;717 520;7;0;2;3;13;1
202200054243;717 527;7;0;2;3;0;1
202200054244;717 513;7;6;0;1;16;1
202200054245;717 511;10;0;1;4;20;1
202200054246;717 510;7;0;2;3;13;0
202200054246;717 515;7;0;0;3;9;1
202200054247;717 507;33;0;2;1;17;1
202200054247;717 512;10;0;2;3;13;1
202200054248;717 508;7;0;1;1;1;1
202200054249;717 509;7;0;2;1;2;1
202200054249;717 514;7;0;2;4;23;1
202200054249;717 518;7;0;0;4;23;1
202200054250;717 506;2;7;0;1;1;1
202200054251;717 504;7;8;0;2;15;1
202200054252;717 500;21;0;2;6;11;1
202200054252;717 505;7;0;2;1;17;1
202200054253;717 494;7;0;2;3;1;1
202200054253;717 501;7;0;2;1;13;1
202200054254;717 496;33;3;0;8;17;1
202200054255;717 495;7;0;2;1;21;1
202200054255;717 499;7;0;2;1;13;1
202200054256;717 498;7;0;2;1;2;1
202200054256;717 502;30;0;2;1;2;0
202200054257;717 493;7;16;0;9;0;1
202200054258;717 492;10;0;2;1;9;1
202200054258;717 503;7;0;2;4;23;1
202200054259;717 489;1;0;2;4;1;5
202200054259;717 497;7;0;2;2;1;1
202200054260;717 491;3;0;0;9;21;1
202200054261;717 488;10;13;0;1;1;1
202200054262;717 486;7;0;2;1;2;1
202200054262;717 490;7;0;2;4;2;1
202200054263;717 484;7;1;0;1;13;1
202200054264;717 482;17;12;0;2;1;1
202200054265;717 479;1;0;2;1;13;5
202200054265;717 483;7;0;2;3;1;1
202200054266;717 481;33;7;2;4;2;1
202200054266;717 487;33;7;0;1;2;1
202200054267;717 478;7;0;2;1;1;1
202200054267;717 485;1;0;2;0;23;5
202200054268;717 476;7;0;2;4;1;1
202200054268;717 480;10;0;2;1;26;1
202200054269;717 477;7;6;0;2;14;1
202200054270;717 475;7;1;0;2;26;1
202200054271;717 472;7;12;0;3;26;1
202200054272;717 474;33;13;0;1;1;1
202200054273;717 473;7;14;0;9;1;1
202200054274;717 471;7;6;0;2;14;3
202200054275;717 470;7;0;0;1;0;1
202200054276;717 463;7;1;0;1;14;1
202200054277;717 468;7;0;1;1;2;1
202200054278;717 465;7;2;0;0;14;1
202200054279;717 467;7;0;1;3;1;1
202200054280;717 461;33;0;2;3;1;1
202200054280;717 466;32;0;2;3;0;1
202200054281;717 458;7;0;2;2;15;1
202200054281;717 462;31;0;2;8;1;1
202200054282;717 459;33;12;0;1;13;1
202200054282;717 464;33;14;2;1;2;1
202200054283;717 456;7;14;0;1;1;1
202200054284;717 454;7;0;1;1;1;6
202200054285;717 457;7;13;0;9;0;1
202200054286;717 452;7;6;0;1;13;1
202200054287;717 450;1;0;2;8;1;5
202200054287;717 455;7;0;2;7;26;1
202200054288;717 448;32;0;2;4;23;1
202200054288;717 453;2;0;2;1;2;1
202200054289;717 447;7;0;1;3;1;1
202200054290;717 449;7;2;0;9;14;1
202200054291;717 445;1;0;0;0;2;5
202200054292;717 441;33;0;2;1;17;1
202200054292;717 446;10;0;2;8;15;1
202200054293;717 443;33;0;2;1;1;1
202200054293;717 451;33;0;2;3;15;1
202200054294;717 439;7;0;1;0;0;0
202200054295;717 434;7;0;1;1;1;3