Num_Acc;id_vehicule;catv;obs;obsm;choc;manv;motor
202200054679;716 726;7;0;1;1;1;1
202200054680;716 727;33;12;0;3;1;1
202200054681;716 725;7;0;0;8;1;1
202200054681;716 737;7;0;2;2;1;1
202200054682;716 722;33;0;2;3;1;1
202200054682;716 729;7;17;2;3;1;1
202200054683;716 723;7;0;2;2;1;1
202200054683;716 730;80;0;2;8;15;3
202200054684;716 719;7;4;0;1;21;1
202200054685;716 724;7;0;0;0;17;1
202200054686;716 716;7;0;0;1;1;1
202200054686;716 721;33;0;2;2;1;1
202200054687;716 714;7;8;0;1;1;1
202200054688;716 718;7;0;2;2;15;1
202200054688;716 720;1;0;2;1;1;5
202200054689;716 713;2;12;0;1;14;1
202200054690;716 715;7;8;0;3;1;6
202200054691;716 708;1;0;0;0;1;5
202200054692;716 712;80;0;2;1;2;3
202200054692;716 717;7;0;9;4;2;1
202200054693;716 707;33;0;2;1;3;1
202200054693;716 710;7;0;2;2;12;3
202200054694;716 706;7;1;0;1;14;1
202200054695;716 704;7;0;2;3;15;3
202200054695;716 711;1;0;2;1;1;5
202200054696;716 701;10;0;2;3;17;1
202200054696;716 705;33;0;2;3;1;1
202200054697;716 700;7;0;2;1;2;1
202200054697;716 703;1;0;2;6;15;5
202200054698;716 695;1;0;2;9;17;5
202200054698;716 699;7;0;2;3;13;1
202200054699;716 698;7;0;2;2;1;1
202200054699;716 709;7;0;2;3;1;1
202200054700;716 691;7;8;0;3;1;1
202200054701;716 690;7;0;2;3;11;1
202200054701;716 697;33;0;2;7;1;1
202200054702;716 694;7;0;0;5;2;1
202200054702;716 702;7;0;2;1;1;1
202200054703;716 688;7;0;2;4;23;1
202200054703;716 692;7;0;2;1;1;1
202200054704;716 686;7;0;2;8;21;1
202200054704;716 689;7;0;2;3;1;1
202200054704;716 696;7;0;2;3;13;1
202200054705;716 682;7;0;1;1;1;1
202200054706;716 683;7;0;2;1;2;1
202200054706;716 687;7;0;2;4;23;1
202200054707;716 680;7;0;2;1;1;0
202200054707;716 685;7;0;2;4;1;0
202200054707;716 693;7;0;2;6;1;0
202200054708;716 679;10;8;0;1;0;1
202200054709;716 678;7;0;2;2;1;1
202200054709;716 684;7;0;2;1;1;1
202200054710;716 677;33;0;2;0;3;1
202200054710;716 681;10;0;2;0;0;0
202200054711;716 676;7;13;0;2;21;1
202200054712;716 674;10;0;1;2;1;1
202200054713;716 670;7;0;2;3;15;1
202200054713;716 675;30;0;2;8;1;1
202200054714;716 667;7;0;2;2;15;1
202200054714;716 671;30;0;2;8;10;3
202200054715;716 668;1;0;2;1;1;5
202200054715;716 672;7;0;0;2;15;1
202200054716;716 664;7;0;2;8;9;1
202200054716;716 673;80;0;2;7;1;3
202200054717;716 663;1;0;9;1;1;5
202200054717;716 669;1;0;9;1;1;5
202200054718;716 662;30;0;1;1;1;1
202200054719;716 657;3;1;1;1;20;1
202200054720;716 655;7;0;9;2;19;1
202200054720;716 660;1;0;2;1;19;5
202200054721;716 653;7;0;2;6;9;1
202200054721;716 658;1;0;2;1;1;5
202200054722;716 652;10;0;9;3;15;1
202200054722;716 654;1;0;2;2;17;5
202200054723;716 650;7;15;0;1;1;1
202200054724;716 646;10;0;1;4;20;1
202200054725;716 640;7;0;9;2;2;1
202200054725;716 644;1;0;2;4;2;5
202200054726;716 639;15;0;2;3;1;1
202200054726;716 643;7;0;2;3;13;1
202200054727;716 636;33;0;0;8;1;1
202200054728;716 637;1;0;2;7;13;5
202200054728;716 642;7;0;9;2;1;1
202200054729;716 661;32;0;2;7;3;1
202200054729;716 665;7;0;2;6;11;1
202200054730;716 634;1;0;9;4;15;5
202200054730;716 638;1;0;2;1;1;5
202200054731;716 628;7;4;0;3;2;1
202200054731;716 635;30;4;0;4;1;1
202200054732;716 625;7;0;2;5;15;1
202200054732;716 632;7;0;2;3;0;1
202200054733;716 624;7;0;2;3;10;1
202200054733;716 630;31;0;2;1;1;1
202200054734;716 626;7;0;0;8;15;1
202200054734;716 631;33;0;0;0;2;1
202200054735;716 620;1;0;2;1;1;0
202200054735;716 627;7;0;2;2;16;1
202200054736;716 621;7;2;0;1;16;1
202200054737;716 623;7;0;2;1;15;1
202200054737;716 629;2;0;2;7;1;1
202200054738;716 613;7;4;0;1;0;1
202200054739;716 614;7;0;2;4;2;1
202200054739;716 622;10;0;2;1;2;0
202200054740;716 608;7;0;0;3;1;0
202200054740;716 618;7;0;0;3;13;1
202200054741;716 607;14;14;2;1;23;1
202200054741;716 615;7;14;0;4;23;1
202200054742;716 611;7;0;2;8;17;1
202200054742;716 617;41;0;2;7;1;3
202200054743;716 604;1;0;2;7;1;5
202200054743;716 610;7;0;2;1;9;1
202200054744;716 603;7;0;9;1;1;1
202200054744;716 606;1;0;2;2;1;5
202200054745;716 601;33;2;0;1;1;1
202200054746;716 599;34;0;2;3;18;6
202200054746;716 602;7;0;2;5;16;6
202200054747;716 600;7;0;1;1;9;1
202200054748;716 598;33;0;1;1;1;1
202200054749;716 596;37;0;1;3;15;1
202200054750;716 589;7;0;2;1;2;1
202200054750;716 594;7;0;2;4;2;1
202200054751;716 588;7;0;2;2;1;1
202200054751;716 592;33;0;2;2;13;1
202200054752;716 587;7;0;1;1;2;1
202200054753;716 585;7;0;2;8;1;1
202200054753;716 591;7;0;2;5;1;1
202200054753;716 595;7;0;2;1;14;1
202200054754;716 582;7;4;0;1;1;1
202200054755;716 580;33;0;2;1;5;1
202200054755;716 586;7;0;2;3;1;1
202200054756;716 579;10;8;2;1;2;0
202200054756;716 584;7;8;0;4;2;1
202200054756;716 590;7;8;2;4;0;0
202200054757;716 578;7;0;2;2;1;1
202200054757;716 583;7;0;2;8;17;1
202200054758;716 572;7;0;2;4;2;0
202200054758;716 577;7;0;2;1;2;1
202200054759;716 570;1;0;2;5;9;5
202200054759;716 575;7;0;2;0;9;1
202200054760;716 569;43;0;2;1;3;1
202200054760;716 574;7;0;2;8;0;1
202200054761;716 568;7;0;2;2;5;1
202200054761;716 571;32;0;2;1;1;1
202200054762;716 563;7;0;1;3;15;1
202200054763;716 565;7;0;2;5;2;1
202200054763;716 576;7;0;2;1;10;1
202200054764;716 562;7;0;2;4;2;1
202200054764;716 564;7;0;2;4;2;1
202200054764;716 573;7;0;2;1;2;1
202200054765;716 559;7;4;0;2;21;1
202200054766;716 556;33;0;2;1;17;1
202200054766;716 560;7;0;2;3;1;1
202200054767;716 554;7;0;1;0;1;0
202200054768;716 553;37;0;2;7;0;1
202200054768;716 558;10;0;2;4;20;1
202200054769;716 550;7;0;2;2;16;1
202200054769;716 557;1;0;2;7;19;5
202200054770;716 545;7;0;2;6;1;1
202200054770;716 551;7;0;2;2;12;1
202200054771;716 543;7;0;2;6;11;1
202200054771;716 549;33;0;2;1;3;1
202200054772;716 542;7;0;2;4;2;1
202200054772;716 546;50;0;2;1;2;3
202200054773;716 540;43;0;2;1;1;1
202200054773;716 544;7;0;2;2;1;1
202200054774;716 539;37;0;1;3;15;1
202200054775;716 537;7;0;9;8;0;1
202200054775;716 541;1;0;2;0;0;5
202200054776;716 535;7;13;0;9;1;1
202200054777;716 534;7;0;2;4;2;1
202200054777;716 538;7;0;2;4;2;1
202200054777;716 547;7;0;2;4;2;1
202200054777;716 552;7;0;2;1;2;2
202200054778;716 533;32;0;2;1;11;1
202200054778;716 536;7;0;2;5;1;1
202200054779;716 532;7;8;0;1;14;1
202200054780;716 530;7;0;1;1;9;1
202200054781;716 548;2;0;2;1;16;1
202200054781;716 555;7;0;2;1;1;1
202200054782;716 528;7;0;2;1;13;1
202200054782;716 531;7;0;2;3;1;1
202200054783;716 529;1;0;1;1;1;5
202200054784;716 521;7;0;2;4;2;1
202200054784;716 526;7;0;2;1;2;1
202200054785;716 520;10;0;2;4;1;1
202200054785;716 524;7;0;2;1;1;1
202200054786;716 518;7;6;0;1;1;1
202200054787;716 519;7;0;2;3;15;1
202200054787;716 522;30;0;2;6;1;1
202200054788;716 515;7;0;2;2;1;2
202200054788;716 525;10;0;2;3;19;1
202200054789;716 513;7;0;2;4;2;1
202200054789;716 523;7;0;2;4;2;1
202200054789;716 527;7;0;2;1;2;1
202200054790;716 512;7;4;0;1;14;1
202200054791;716 510;7;0;2;7;17;1
202200054791;716 516;1;0;2;8;1;5
202200054792;716 511;2;0;2;7;15;1
202200054792;716 517;7;6;2;1;1;1
202200054793;716 508;7;0;2;2;9;1
202200054793;716 514;7;0;2;1;1;1
202200054794;716 507;7;0;0;1;15;1
202200054795;716 503;7;4;0;1;14;1
202200054796;716 501;7;0;2;4;2;1
202200054796;716 506;33;0;2;1;2;1
202200054797;716 498;10;0;2;6;1;1
202200054797;716 504;7;0;2;2;13;1
202200054798;716 500;7;2;0;6;1;1
202200054799;716 497;33;0;1;1;1;1
202200054800;716 496;34;0;2;1;3;1
202200054800;716 502;7;0;2;5;1;1
202200054800;716 509;10;0;2;3;1;1
202200054801;716 492;14;0;2;1;1;1
202200054801;716 495;7;0;2;1;15;1
202200054802;716 490;7;6;0;1;20;1
202200054803;716 487;33;0;2;1;1;1
202200054803;716 494;10;0;2;2;15;1
202200054804;716 488;7;3;0;2;18;1
202200054805;716 486;1;0;2;6;1;5
202200054805;716 493;10;0;9;3;9;1
202200054806;716 484;7;6;0;7;2;1
202200054807;716 485;7;0;2;8;11;1
202200054807;716 491;14;0;2;2;1;1
202200054808;716 482;1;0;2;8;15;5
202200054808;716 489;14;0;2;7;1;1
202200054809;716 479;15;0;2;5;11;1
202200054809;716 483;33;0;2;1;3;1
202200054810;716 477;10;0;2;7;15;1
202200054810;716 481;34;0;2;1;1;1
202200054811;716 475;33;16;0;2;21;1
202200054812;716 472;7;0;1;2;1;1
202200054813;716 470;10;0;2;1;2;1
202200054813;716 476;7;0;2;4;1;1
202200054814;716 469;7;0;2;1;11;1
202200054814;716 474;7;0;2;4;23;1
202200054815;716 468;7;0;0;1;1;1
202200054816;716 467;7;0;2;1;1;1
202200054816;716 471;7;0;2;4;2;1
202200054817;716 466;1;0;2;1;1;0
202200054817;716 473;7;0;2;1;17;1
202200054818;716 463;7;9;9;1;26;1
202200054819;716 459;38;12;1;1;19;1
202200054820;716 461;7;0;2;4;2;1
202200054820;716 465;7;0;2;1;2;1
202200054821;716 457;7;0;2;2;15;1
202200054821;716 462;32;0;2;3;1;1
202200054822;716 452;7;0;2;4;2;2
202200054822;716 460;7;0;2;4;2;1
202200054822;716 464;13;0;2;1;2;1
202200054823;716 453;30;12;0;1;21;1
202200054824;716 451;7;0;2;1;2;1
202200054824;716 458;7;0;2;4;2;1
202200054825;716 450;7;0;2;1;5;1
202200054825;716 456;33;0;2;1;21;1
202200054826;716 448;2;0;2;1;1;1
202200054826;716 455;7;0;2;3;15;1
202200054827;716 446;36;16;0;3;13;1
202200054828;716 442;7;0;2;2;15;1
202200054828;716 449;7;4;2;3;1;1
202200054829;716 443;7;0;2;4;2;1
202200054829;716 447;7;0;2;1;2;1
202200054829;716 454;7;0;2;4;2;0
202200054830;716 439;7;0;2;1;1;1
202200054830;716 445;7;0;2;4;2;1
202200054831;716 437;33;14;0;1;9;1
202200054832;716 435;33;0;9;0;21;1
202200054833;716 436;7;13;2;1;1;1
202200054833;716 441;10;13;2;7;13;1
202200054834;716 434;32;0;2;1;1;1
202200054834;716 440;7;0;2;6;15;1
202200054835;716 438;7;0;2;2;16;1
202200054835;716 444;1;0;2;4;19;5
202200054836;716 430;7;0;2;2;26;1
202200054836;716 433;7;6;2;6;1;1
202200054837;716 428;7;0;2;1;13;1
202200054837;716 431;7;0;2;1;1;1
202200054838;716 425;7;4;0;1;0;1
202200054839;716 420;7;0;1;4;26;1
202200054840;716 419;7;0;2;3;13;1
202200054840;716 424;43;0;2;2;1;1
202200054841;716 415;7;0;2;1;1;1
202200054841;716 429;14;0;2;3;1;1
202200054841;716 432;7;0;2;3;13;1
202200054842;716 413;7;0;2;7;17;1
202200054842;716 422;13;0;2;2;1;1
202200054842;716 427;7;0;2;5;2;1
202200054843;716 411;1;0;2;1;1;5
202200054843;716 418;7;0;2;7;16;1
202200054844;716 410;10;0;2;3;15;1
202200054844;716 417;80;1;2;1;1;3
202200054845;716 409;32;0;0;8;1;1
202200054846;716 408;7;0;2;4;23;1
202200054846;716 416;7;0;2;4;0;1
202200054846;716 423;7;0;2;1;26;1
202200054847;716 407;7;3;2;7;1;1
202200054847;716 414;7;0;2;7;1;1
202200054847;716 421;7;0;2;1;1;1
202200054847;716 426;7;0;2;6;23;1
202200054848;716 405;7;0;2;1;1;1
202200054848;716 412;30;0;2;7;1;1
202200054849;716 401;32;0;2;7;12;1
202200054849;716 406;10;0;2;8;1;1
202200054850;716 400;7;0;2;1;9;1
202200054850;716 404;31;0;2;5;1;1
202200054851;716 397;7;0;2;1;1;1
202200054851;716 403;7;0;2;1;1;1
202200054852;716 396;31;0;2;5;3;1
202200054852;716 402;7;0;2;3;1;1
202200054853;716 393;30;0;2;1;1;1
202200054853;716 398;7;0;2;7;15;1
202200054854;716 389;13;0;2;7;12;1
202200054854;716 394;7;0;2;8;1;1
202200054855;716 387;7;0;2;2;1;1
202200054855;716 395;31;0;2;6;23;1
202200054856;716 391;7;0;2;5;22;1
202200054856;716 399;1;0;2;1;1;5
202200054857;716 382;7;5;2;7;1;1
202200054857;716 392;7;4;2;3;1;1
202200054858;716 385;7;9;0;1;13;1
202200054859;716 381;37;0;2;7;13;1
202200054859;716 386;50;0;2;8;18;3
202200054860;716 380;7;0;2;4;1;1
202200054860;716 383;33;0;2;1;1;1
202200054861;716 378;7;0;2;0;12;1
202200054861;716 384;33;0;2;3;3;1
202200054862;716 376;7;2;0;2;13;1
202200054863;716 377;7;8;0;1;1;1
202200054864;716 374;7;0;1;4;4;1
202200054865;716 373;7;0;2;1;2;1
202200054865;716 379;7;0;2;5;0;1
202200054866;716 369;33;1;0;1;1;1
202200054867;716 372;7;0;2;7;16;2
202200054867;716 375;33;0;2;1;18;1
202200054868;716 360;7;3;2;4;1;1
202200054868;716 366;1;3;2;1;2;5
202200054869;716 361;50;0;2;1;1;3
202200054869;716 371;7;0;2;2;15;1
202200054870;716 362;7;0;2;1;2;3
202200054870;716 368;7;0;2;4;2;1
202200054870;716 370;10;0;2;4;2;1
202200054871;716 358;33;0;2;1;26;1
202200054871;716 367;7;0;2;4;9;1
202200054872;716 357;7;0;2;3;1;1
202200054872;716 364;7;0;2;2;1;1
202200054873;716 354;7;0;0;4;2;1
202200054873;716 359;7;0;0;4;2;1
202200054873;716 365;7;0;2;1;2;1
202200054874;716 353;7;0;1;1;1;0
202200054875;716 352;7;0;2;6;20;1
202200054875;716 363;7;0;2;2;2;2
202200054876;716 351;7;3;0;0;1;1
202200054877;716 348;7;0;2;3;1;1
202200054877;716 355;50;0;2;1;1;3
202200054878;716 347;7;0;2;3;1;1
202200054878;716 356;7;15;2;8;9;1
202200054879;716 345;32;0;2;1;2;1
202200054879;716 349;10;0;2;5;23;1
202200054880;716 342;7;0;2;1;26;1
202200054880;716 350;10;0;2;4;2;1
202200054881;716 340;7;0;1;2;1;2
202200054882;716 337;10;0;2;5;1;1
202200054882;716 343;33;0;2;1;3;1
202200054883;716 336;7;0;2;2;15;1
202200054883;716 346;33;0;2;1;21;1
202200054884;716 339;7;0;1;6;19;1
202200054885;716 335;1;15;0;0;5;5
202200054886;716 338;30;0;2;5;1;1
202200054886;716 344;32;0;2;5;15;1
202200054887;716 334;7;0;1;1;15;1
202200054888;716 330;7;0;2;6;11;1
202200054888;716 341;33;0;2;2;1;1
202200054889;716 327;7;0;1;2;1;1
202200054890;716 324;31;0;0;7;16;1
202200054891;716 323;33;0;2;4;1;1
202200054891;716 329;7;0;2;1;11;1
202200054892;716 325;13;0;2;1;16;1
202200054892;716 333;7;1;2;2;1;1
202200054893;716 321;10;0;9;5;16;1
202200054893;716 331;1;0;2;1;9;5
202200054894;716 322;7;4;2;9;17;1
202200054895;716 320;7;0;2;4;1;2
202200054895;716 328;7;0;2;1;1;1
202200054896;716 319;7;0;2;4;2;1
202200054896;716 326;7;1;2;4;2;2
202200054896;716 332;7;0;2;1;2;1
202200054897;716 317;80;0;1;8;5;3
202200054898;716 316;33;0;0;1;1;1
202200054899;716 311;7;0;1;5;26;1
202200054900;716 305;7;0;2;4;23;1
202200054900;716 312;7;0;2;1;1;1
202200054901;716 304;34;0;2;1;1;1
202200054901;716 313;2;0;0;4;1;1
202200054902;716 308;7;0;2;2;12;1
202200054902;716 315;10;0;2;3;1;1
202200054903;716 303;37;0;2;3;1;4
202200054903;716 310;1;0;2;1;16;5
202200054904;716 307;7;0;2;2;10;1
202200054904;716 314;32;0;2;1;1;1
202200054905;716 306;7;0;2;4;23;1
202200054905;716 318;7;0;2;1;2;1
202200054906;716 302;7;13;0;0;1;1
202200054907;716 301;7;0;2;2;1;1
202200054907;716 309;7;0;2;3;9;1
202200054908;716 297;7;0;0;1;14;1
202200054909;716 293;7;0;2;1;0;1
202200054909;716 300;7;0;2;4;26;1
202200054910;716 295;1;0;2;1;5;5
202200054910;716 299;7;0;2;3;15;1
202200054911;716 286;10;0;2;5;16;1
202200054911;716 292;30;0;2;1;1;1
202200054912;716 288;7;0;2;1;1;1
202200054912;716 298;7;0;2;1;1;1
202200054913;716 285;7;0;2;1;1;1
202200054913;716 290;7;0;2;9;1;1
202200054913;716 296;7;0;2;4;0;1
202200054914;716 283;7;0;2;3;2;1
202200054914;716 294;31;0;2;4;23;1
202200054915;716 284;7;0;2;1;5;1
202200054915;716 291;7;0;2;1;1;1
202200054916;716 280;7;2;0;1;14;1
202200054917;716 282;7;0;2;1;13;1
202200054917;716 289;7;0;2;3;1;2
202200054918;716 281;7;4;0;8;1;1
202200054919;716 278;7;0;2;4;23;1
202200054919;716 287;7;0;2;1;1;1
202200054920;716 275;7;0;1;2;1;1
202200054921;716 274;2;8;0;1;0;1
202200054922;716 269;14;0;1;3;1;1
202200054923;716 270;7;0;1;3;13;1
202200054924;716 267;21;0;2;2;17;1
202200054924;716 273;30;0;2;1;21;1
202200054925;716 265;1;0;2;7;1;5
202200054925;716 277;10;0;2;2;19;1
202200054926;716 266;33;0;2;2;1;0
202200054926;716 272;7;0;2;2;19;0
202200054927;716 268;7;0;2;3;17;1
202200054927;716 276;7;0;2;8;15;1
202200054928;716 262;7;0;2;4;1;1
202200054928;716 264;7;0;2;8;13;1
202200054928;716 271;33;4;2;1;3;1
202200054929;716 260;2;0;1;1;19;1
202200054930;716 256;10;0;1;4;4;1
202200054931;716 257;7;0;2;8;1;1
202200054931;716 263;50;0;2;1;19;3
202200054932;716 255;7;0;1;2;2;0
202200054933;716 253;7;0;1;3;15;1
202200054934;716 252;60;0;2;1;1;3
202200054934;716 261;7;0;2;3;1;1
202200054935;716 250;7;0;2;0;0;0
202200054935;716 254;1;0;2;0;1;5
202200054936;716 251;10;0;2;0;1;1
202200054936;716 259;80;0;2;7;5;3
202200054937;716 247;31;0;9;8;9;1
202200054938;716 246;7;0;1;1;16;1
202200054939;716 245;7;3;2;1;1;1
202200054939;716 249;7;0;2;1;17;1
202200054940;716 243;7;0;2;3;13;1
202200054940;716 248;7;0;2;1;1;3
202200054941;716 239;7;0;1;1;1;1
202200054942;716 240;7;0;1;5;1;1
202200054943;716 236;7;0;2;1;1;1
202200054943;716 241;7;0;2;1;5;1
202200054944;716 237;33;0;2;1;1;1
202200054944;716 244;7;0;2;3;15;1
202200054945;716 234;7;0;2;1;15;1
202200054945;716 242;50;0;2;0;1;3
202200054946;716 233;32;0;2;7;1;1
202200054946;716 238;2;0;2;3;15;1
202200054947;716 231;31;0;0;9;0;1
202200054948;716 230;7;0;1;1;1;1
202200054949;716 228;7;0;2;7;1;1
202200054949;716 235;7;0;2;1;15;1
202200054950;716 222;7;0;2;0;15;1
202200054950;716 227;2;0;2;1;1;1
202200054951;716 225;33;0;2;1;17;1
202200054951;716 229;7;0;2;8;15;1
202200054952;716 221;2;0;2;1;17;1
202200054952;716 224;7;0;2;3;19;1
202200054953;716 217;80;0;2;7;1;3
202200054953;716 226;7;0;2;3;1;1
202200054954;716 219;0;0;2;0;14;1
202200054954;716 223;31;0;2;8;14;1
202200054955;716 216;30;0;2;4;2;1
202200054955;716 220;7;0;2;1;0;1
202200054956;716 215;7;6;0;1;13;1
202200054957;716 213;7;0;1;1;1;1
202200054958;716 214;7;0;2;3;26;1
202200054958;716 218;7;0;2;2;1;1
202200054959;716 212;7;2;0;8;13;1
202200054960;716 211;34;0;1;1;26;1
202200054961;716 207;33;0;2;4;2;1
202200054961;716 210;7;0;2;1;2;2
202200054962;716 203;33;0;0;7;1;1
202200054963;716 202;7;0;2;1;19;1
202200054963;716 209;1;0;2;3;1;5
202200054964;716 201;7;0;1;2;1;1
202200054965;716 200;7;0;2;1;15;1
202200054965;716 206;30;0;2;3;1;1
202200054966;716 196;7;12;0;1;14;1
202200054967;716 191;32;0;0;1;1;1
202200054968;716 192;7;0;2;1;0;1
202200054968;716 197;7;0;2;3;0;1
202200054968;716 205;7;0;2;1;2;1
202200054968;716 208;7;0;2;3;13;1
202200054969;716 195;10;0;2;1;2;1
202200054969;716 199;7;0;2;4;20;2
202200054970;716 194;10;0;2;7;16;1
202200054970;716 198;1;0;2;1;15;5
202200054971;716 193;2;0;2;1;19;1
202200054971;716 204;2;0;2;4;15;1
202200054972;716 186;1;0;2;4;1;5
202200054972;716 188;7;0;2;1;2;1
202200054973;716 189;10;0;1;2;1;1
202200054974;716 187;10;13;0;9;13;1
202200054975;716 184;7;0;1;1;1;1
202200054976;716 181;7;0;2;1;9;0
202200054976;716 190;33;0;2;2;1;1
202200054977;716 182;7;0;9;1;9;1
202200054977;716 185;50;0;2;1;1;3
202200054978;716 178;7;0;2;7;10;1
202200054978;716 183;7;0;2;1;2;1
202200054979;716 175;30;0;1;1;25;1
202200054980;716 174;32;0;2;3;1;1
202200054980;716 180;7;0;2;5;12;1
202200054981;716 173;2;0;0;0;1;1
202200054982;716 171;2;0;2;7;7;1
202200054982;716 177;7;0;2;3;15;1
202200054983;716 170;7;0;2;8;10;1
202200054983;716 176;2;0;2;2;1;1
202200054984;716 172;50;0;0;0;21;3
202200054985;716 167;7;0;2;2;17;1
202200054985;716 169;1;0;2;8;26;5
202200054986;716 168;7;3;0;1;13;1
202200054987;716 164;7;0;1;2;17;2
202200054988;716 162;30;0;2;1;0;0
202200054988;716 166;7;0;2;3;0;0
202200054989;716 159;2;0;2;1;26;1
202200054989;716 163;7;0;2;2;10;1
202200054990;716 156;7;0;2;1;2;1
202200054990;716 161;7;0;2;1;2;1
202200054991;716 160;33;13;0;3;1;1
202200054992;716 155;7;0;1;2;16;1
202200054993;716 157;7;4;2;6;1;1
202200054993;716 165;7;0;2;2;26;1
202200054994;716 154;2;14;0;0;15;1
202200054995;716 152;1;0;2;1;1;5
202200054995;716 158;10;0;2;3;24;1
202200054996;716 147;7;0;2;2;26;1
202200054996;716 150;2;0;2;1;1;1
202200054997;716 149;7;0;0;1;9;1
202200054997;716 153;10;0;0;4;2;1
202200054998;716 146;7;15;0;1;14;1
202200054999;716 145;30;0;2;8;1;1
202200054999;716 151;7;0;2;1;1;0
202200055000;716 139;7;0;2;1;1;1
202200055000;716 144;37;0;2;4;23;1
202200055001;716 138;7;0;2;4;1;1
202200055001;716 140;7;0;9;3;1;1
202200055001;716 143;7;0;2;1;2;1
202200055002;716 136;10;0;0;0;1;1
202200055003;716 133;2;0;2;2;2;1
202200055003;716 137;10;0;2;8;2;1
202200055004;716 129;10;0;2;6;23;0
202200055004;716 135;10;0;2;5;23;0
202200055004;716 141;10;0;2;1;2;0
202200055004;716 148;10;0;2;2;2;0
202200055005;716 128;2;0;2;0;1;1
202200055005;716 134;7;0;9;3;26;1
202200055006;716 126;50;0;2;8;19;3
202200055006;716 132;7;0;2;1;9;1
202200055007;716 127;7;0;2;0;0;1
202200055007;716 130;2;0;2;0;0;0
202200055008;716 124;7;8;0;1;19;1
202200055009;716 122;7;0;2;1;1;1
202200055009;716 125;7;0;2;7;15;1
202200055010;716 117;7;0;2;8;15;1
202200055010;716 123;2;0;2;1;1;1
202200055011;716 119;33;0;2;4;1;1
202200055011;716 121;7;0;9;4;16;1
202200055012;716 115;7;0;2;2;15;1
202200055012;716 120;7;0;2;1;1;1
202200055013;716 113;7;0;0;3;19;1
202200055014;716 114;30;0;1;1;17;1
202200055015;716 111;7;0;2;2;15;1
202200055015;716 118;7;0;2;1;1;1
202200055016;716 110;7;0;2;7;11;1
202200055016;716 116;7;0;2;8;2;1
202200055017;716 107;7;0;1;1;1;1
202200055018;716 105;2;0;2;4;1;1
202200055018;716 108;7;0;2;0;16;1
202200055019;716 100;7;4;0;1;13;1
202200055020;716 099;30;6;0;1;26;1
202200055021;716 098;7;0;1;1;1;1
202200055022;716 096;30;16;0;1;1;1
202200055023;716 097;7;0;2;2;15;1
202200055023;716 103;7;0;2;1;1;1
202200055024;716 095;7;0;2;5;15;1
202200055024;716 101;33;0;2;1;2;1
202200055025;716 094;2;1;2;2;3;1
202200055025;716 104;10;0;2;3;15;1
202200055026;716 092;7;9;0;1;13;1
202200055027;716 090;7;2;0;1;17;1
202200055028;716 089;7;0;1;1;1;1
202200055029;716 088;50;12;0;1;14;3
202200055030;716 083;10;0;2;2;15;1
202200055030;716 086;33;0;2;1;1;1
202200055031;716 085;7;0;2;2;1;1
202200055031;716 091;7;0;2;3;16;1
202200055032;716 084;14;0;1;2;1;1
202200055033;716 080;7;0;1;1;1;1
202200055034;716 079;7;0;2;3;2;1
202200055034;716 082;7;0;2;3;1;1
202200055034;716 087;7;0;2;3;15;1
202200055035;716 077;50;17;0;1;1;3
202200055036;716 074;7;0;9;0;1;1
202200055036;716 078;33;11;2;0;1;1
202200055037;716 073;33;0;2;1;1;1
202200055037;716 076;7;0;2;2;9;1
202200055038;716 071;7;0;2;1;1;1
202200055038;716 075;1;0;2;1;13;5
202200055038;716 081;7;0;2;3;1;1
202200055039;716 070;7;1;0;7;26;1
202200055040;716 066;7;0;2;3;15;1
202200055040;716 072;33;0;2;8;19;1
202200055041;716 067;50;0;1;8;25;3
202200055042;716 065;34;0;9;1;1;1
202200055042;716 068;50;0;0;3;11;3
202200055043;716 064;50;0;2;0;26;3
202200055043;716 069;7;0;9;1;9;3
202200055044;716 063;7;17;0;1;1;1
202200055045;716 059;7;0;1;1;1;0
202200055046;716 060;7;0;2;4;1;3
202200055046;716 062;33;0;2;1;1;1
202200055047;716 057;99;15;0;1;25;3
202200055048;716 055;50;16;0;5;19;3
202200055048;716 058;99;16;0;2;15;1
202200055049;716 054;7;0;1;2;1;1
202200055050;716 053;7;0;2;1;1;2
202200055050;716 061;7;0;2;3;1;1
202200055051;716 052;31;0;6;1;0;1
202200055052;716 049;13;0;2;2;9;1
202200055052;716 056;2;0;2;3;1;1
202200055053;716 051;7;0;1;1;26;1
202200055054;716 045;7;0;2;1;1;1
202200055054;716 050;10;0;2;8;15;1
202200055055;716 042;7;0;2;6;4;1
202200055055;716 047;30;0;2;1;1;3
202200055056;716 044;7;0;2;2;2;1
202200055056;716 048;2;0;2;4;2;1
202200055057;716 040;10;0;2;4;2;0
202200055057;716 046;32;0;2;1;2;1
202200055058;716 043;7;0;1;3;1;2
202200055059;716 037;7;13;0;1;0;1
202200055060;716 036;33;0;2;4;17;1
202200055060;716 041;7;0;2;2;1;1
202200055061;716 034;1;0;0;1;1;5
202200055062;716 033;2;0;2;8;1;1
202200055062;716 039;7;0;9;7;15;1
202200055063;716 032;7;0;2;1;1;1
202200055063;716 038;7;0;2;1;5;1
202200055064;716 029;7;0;2;1;1;2
202200055064;716 035;7;0;2;1;11;1
202200055065;716 030;43;0;0;0;1;1
202200055066;716 026;10;0;2;6;1;1
202200055066;716 031;33;0;2;1;1;1
202200055067;716 023;7;0;0;0;0;1
202200055067;716 028;7;0;2;3;26;1
202200055068;716 018;7;12;2;7;1;1
202200055068;716 025;7;0;2;2;1;1
202200055069;716 020;37;0;2;3;2;1
202200055069;716 024;7;0;2;3;2;1
202200055070;716 015;30;11;0;7;13;3
202200055071;716 017;7;0;2;3;15;1