Num_Acc;id_vehicule;catv;obs;obsm;choc;manv;motor
202300000160;155 680 272;14;0;2;5;0;1
202300000161;155 680 269;7;0;1;1;1;1
202300000162;155 680 270;7;0;1;3;1;3
202300000163;155 680 268;7;0;1;7;1;1
202300000164;155 680 267;7;4;0;2;6;3
202300000165;155 680 265;7;0;9;4;1;1
202300000165;155 680 266;7;0;2;1;1;1
202300000166;155 680 264;7;0;1;1;1;1
202300000167;155 680 261;7;0;2;2;2;1
202300000167;155 680 262;33;0;2;4;23;1
202300000168;155 680 258;33;0;2;1;17;1
202300000168;155 680 259;7;0;2;2;15;1
202300000169;155 680 257;7;0;2;2;1;1
202300000169;155 680 260;7;0;2;1;15;1
202300000170;155 680 252;7;0;2;6;15;1
202300000170;155 680 254;33;0;2;6;17;1
202300000171;155 680 253;7;0;1;2;1;1
202300000172;155 680 250;30;0;2;1;1;1
202300000172;155 680 251;1;0;0;0;0;5
202300000173;155 680 249;7;2;0;2;1;0
202300000174;155 680 247;10;0;2;1;15;0
202300000174;155 680 248;31;0;2;1;1;0
202300000175;155 680 245;7;0;2;7;17;1
202300000175;155 680 246;7;0;2;1;1;1
202300000176;155 680 244;31;0;1;2;1;1
202300000177;155 680 242;2;0;2;1;3;1
202300000177;155 680 243;7;0;2;3;15;1
202300000178;155 680 241;2;1;0;1;1;1
202300000179;155 680 239;7;0;1;1;1;1
202300000180;155 680 238;2;6;0;8;1;1
202300000180;155 680 240;7;0;0;2;1;1
202300000181;155 680 237;10;8;0;1;1;1
202300000182;155 680 235;7;0;9;2;16;1
202300000182;155 680 236;50;0;2;3;0;3
202300000183;155 680 234;38;0;0;2;21;1
202300000184;155 680 232;32;0;2;1;1;1
202300000184;155 680 233;7;0;2;3;20;1
202300000185;155 680 230;33;16;0;1;1;1
202300000186;155 680 229;7;0;2;3;19;1
202300000186;155 680 231;7;0;2;2;19;1
202300000187;155 680 227;80;0;2;1;2;3
202300000187;155 680 228;7;0;2;4;2;1
202300000188;155 680 224;99;0;2;4;1;1
202300000188;155 680 226;7;0;2;1;1;1
202300000189;155 680 223;2;0;2;2;0;1
202300000189;155 680 225;7;0;2;3;0;1
202300000190;155 680 220;33;0;2;3;19;1
202300000190;155 680 221;7;0;2;3;1;1
202300000191;155 680 219;7;0;2;4;1;1
202300000191;155 680 222;7;0;2;1;1;1
202300000192;155 680 218;30;0;0;0;26;1
202300000193;155 680 217;31;16;0;8;26;1
202300000194;155 680 215;30;0;2;7;17;1
202300000194;155 680 216;7;0;2;3;1;1
202300000195;155 680 214;7;4;0;3;1;1
202300000196;155 680 212;7;0;2;5;16;1
202300000196;155 680 213;31;0;2;1;1;1
202300000197;155 680 208;50;0;2;1;19;3
202300000197;155 680 210;7;0;2;8;19;1
202300000198;155 680 207;7;0;2;0;2;1
202300000198;155 680 209;7;0;2;1;2;1
202300000198;155 680 211;10;0;2;4;2;1
202300000199;155 680 206;30;0;1;1;7;1
202300000200;155 680 204;32;12;0;0;18;0
202300000201;155 680 201;7;0;2;5;12;1
202300000201;155 680 203;33;0;2;1;3;1
202300000201;155 680 205;7;0;2;6;12;1
202300000202;155 680 199;50;1;0;1;1;3
202300000203;155 680 200;99;0;9;3;1;1
202300000203;155 680 202;1;0;2;2;1;0
202300000204;155 680 197;14;0;2;2;1;1
202300000204;155 680 198;7;0;2;8;11;1
202300000205;155 680 194;32;0;2;6;17;1
202300000205;155 680 196;7;0;2;6;15;1
202300000206;155 680 193;7;0;0;5;15;0
202300000206;155 680 195;99;0;2;1;1;3
202300000207;155 680 192;33;0;9;2;1;1
202300000208;155 680 190;7;3;0;1;1;1
202300000209;155 680 189;7;0;1;7;16;0
202300000210;155 680 188;7;0;2;2;15;1
202300000210;155 680 191;33;0;2;1;1;1
202300000211;155 680 186;30;0;0;1;2;3
202300000212;155 680 184;7;0;1;2;21;1
202300000213;155 680 182;7;0;2;4;1;1
202300000213;155 680 183;7;0;2;1;1;1
202300000213;155 680 185;7;0;2;4;1;1
202300000213;155 680 187;7;0;2;4;1;1
202300000214;155 680 179;7;8;2;8;1;1
202300000214;155 680 180;7;0;2;1;15;1
202300000215;155 680 178;30;0;2;3;9;1
202300000215;155 680 181;7;0;2;3;1;1
202300000216;155 680 174;7;0;1;2;1;1
202300000217;155 680 172;7;0;2;0;1;1
202300000217;155 680 175;80;0;2;0;1;3
202300000218;155 680 170;10;0;2;1;2;1
202300000218;155 680 171;7;0;2;4;2;1
202300000218;155 680 173;7;0;2;4;2;1
202300000218;155 680 176;10;0;2;4;2;1
202300000218;155 680 177;15;0;2;4;0;0
202300000219;155 680 167;3;0;2;1;0;-1
202300000219;155 680 169;3;0;2;1;0;-1
202300000220;155 680 166;40;0;2;1;1;3
202300000220;155 680 168;7;0;4;2;1;1
202300000221;155 680 164;7;0;2;2;2;1
202300000221;155 680 165;1;0;0;6;2;5
202300000222;155 680 159;10;0;2;1;0;0
202300000222;155 680 163;7;0;2;8;9;1
202300000223;155 680 161;10;0;2;8;11;1
202300000223;155 680 162;7;0;2;2;1;1
202300000224;155 680 158;30;0;2;8;18;1
202300000224;155 680 160;7;0;2;2;1;1
202300000225;155 680 154;31;0;2;3;1;1
202300000225;155 680 156;7;0;2;2;1;1
202300000226;155 680 153;7;0;2;1;1;0
202300000226;155 680 155;7;0;2;1;1;0
202300000226;155 680 157;7;0;2;0;1;0
202300000227;155 680 152;37;0;1;1;1;1
202300000228;155 680 150;7;0;1;3;1;1
202300000229;155 680 149;50;0;2;1;1;3
202300000229;155 680 151;7;0;2;3;16;1
202300000230;155 680 148;10;0;1;2;0;1
202300000231;155 680 145;32;0;2;2;1;1
202300000231;155 680 147;7;0;2;8;20;1
202300000232;155 680 143;7;0;2;2;15;1
202300000232;155 680 146;33;0;2;1;1;1
202300000233;155 680 142;7;0;2;1;2;1
202300000233;155 680 144;7;0;2;4;2;1
202300000234;155 680 140;7;0;2;1;1;1
202300000234;155 680 141;7;0;2;4;1;1
202300000235;155 680 139;0;0;1;1;0;0
202300000236;155 680 137;30;1;0;2;14;1
202300000237;155 680 136;7;0;2;6;15;1
202300000237;155 680 138;33;0;2;2;17;1
202300000238;155 680 134;7;0;2;7;16;1
202300000238;155 680 135;33;10;2;0;1;1
202300000239;155 680 132;7;0;1;3;19;1
202300000240;155 680 131;31;0;2;1;3;1
202300000240;155 680 133;7;0;0;8;15;1
202300000241;155 680 129;7;0;2;2;12;1
202300000241;155 680 130;7;0;2;3;1;1
202300000242;155 680 127;7;0;1;1;1;0
202300000243;155 680 126;7;0;2;8;1;2
202300000243;155 680 128;7;0;2;3;13;1
202300000244;155 680 124;0;0;1;1;26;0
202300000245;155 680 122;7;0;2;3;1;1
202300000245;155 680 125;50;0;2;1;1;3
202300000246;155 680 121;7;0;2;4;2;1
202300000246;155 680 123;30;0;2;4;15;3
202300000247;155 680 120;7;0;1;4;20;2
202300000248;155 680 117;30;0;0;4;23;1
202300000249;155 680 116;7;0;2;1;5;1
202300000249;155 680 119;7;0;2;1;1;1
202300000250;155 680 115;7;0;2;1;1;1
202300000250;155 680 118;10;0;2;4;23;1
202300000251;155 680 114;7;0;1;5;20;0
202300000252;155 680 113;33;0;5;0;0;1
202300000253;155 680 111;10;0;1;4;26;1
202300000254;155 680 109;33;0;2;1;1;1
202300000254;155 680 112;10;0;2;2;15;1
202300000255;155 680 108;50;0;2;1;9;3
202300000255;155 680 110;7;0;2;2;1;1
202300000256;155 680 106;7;0;1;8;1;1
202300000257;155 680 105;32;0;2;2;9;0
202300000257;155 680 107;32;0;2;3;9;0
202300000258;155 680 103;50;0;2;1;1;3
202300000258;155 680 104;7;0;2;3;9;1
202300000259;155 680 100;7;0;1;2;1;1
202300000260;155 680 099;7;0;2;8;9;1
202300000260;155 680 101;7;0;2;1;1;1
202300000261;155 680 094;1;0;2;4;1;5
202300000261;155 680 097;7;0;2;1;1;1
202300000262;155 680 095;7;0;1;0;16;1
202300000263;155 680 091;10;0;0;3;26;1
202300000264;155 680 088;80;0;1;3;1;3
202300000265;155 680 085;7;0;1;3;1;1
202300000266;155 680 084;10;6;2;1;1;1
202300000266;155 680 086;7;0;2;6;1;1
202300000267;155 680 080;7;12;0;1;1;1
202300000268;155 680 077;7;0;2;7;15;1
202300000268;155 680 079;7;0;2;1;1;1
202300000269;155 680 075;7;0;1;1;1;1
202300000270;155 680 073;7;0;2;3;15;1
202300000270;155 680 076;32;0;2;1;3;1
202300000271;155 680 071;7;0;1;2;1;0
202300000272;155 680 069;10;0;1;1;17;1
202300000273;155 680 070;7;3;0;7;1;1
202300000274;155 680 067;7;1;0;2;2;2
202300000275;155 680 066;33;0;2;1;17;1
202300000275;155 680 068;7;0;2;6;1;1
202300000276;155 680 064;7;0;1;2;1;1
202300000277;155 680 063;40;0;1;3;1;3
202300000278;155 680 059;7;1;0;1;15;1
202300000279;155 680 061;1;0;2;4;19;5
202300000279;155 680 062;7;0;2;3;16;1
202300000280;155 680 058;7;0;2;1;26;1
202300000280;155 680 060;7;0;2;1;2;1
202300000281;155 680 055;30;0;2;3;2;1
202300000281;155 680 057;7;0;2;3;9;1
202300000282;155 680 054;7;15;0;1;1;1
202300000283;155 680 053;7;0;2;8;1;1
202300000283;155 680 056;7;0;2;7;1;-1
202300000284;155 680 050;7;0;1;2;26;1
202300000284;155 680 052;1;0;2;0;26;5
202300000285;155 680 049;1;0;2;1;1;5
202300000285;155 680 051;7;0;2;4;1;3
202300000286;155 680 047;1;0;2;1;1;5
202300000286;155 680 048;7;0;2;8;22;1
202300000287;155 680 041;37;0;0;0;0;0
202300000287;155 680 044;10;0;2;1;15;0
202300000287;155 680 046;2;0;2;1;1;0
202300000288;155 680 040;7;0;2;4;23;1
202300000288;155 680 043;7;0;2;1;1;1
202300000288;155 680 045;7;0;2;4;23;1
202300000289;155 680 039;60;0;2;8;19;5
202300000289;155 680 042;33;0;2;1;1;-1
202300000290;155 680 034;7;0;2;2;1;1
202300000290;155 680 038;50;0;2;4;0;3
202300000291;155 680 035;7;0;2;2;1;1
202300000291;155 680 037;1;0;2;4;0;5
202300000292;155 680 033;10;0;2;5;1;1
202300000292;155 680 036;7;0;2;1;1;1
202300000293;155 680 029;7;0;2;1;2;1
202300000293;155 680 030;7;0;2;4;2;1
202300000293;155 680 032;7;0;2;4;2;1
202300000294;155 680 027;7;0;0;3;15;1
202300000294;155 680 031;1;0;2;1;1;5
202300000295;155 680 026;7;0;2;4;1;-1
202300000295;155 680 028;7;0;2;1;1;1
202300000296;155 680 025;1;0;9;0;2;5
202300000297;155 680 024;7;0;1;1;1;1
202300000298;155 680 021;10;0;2;1;2;1
202300000298;155 680 022;7;0;2;4;1;1
202300000298;155 680 023;7;0;2;6;23;1
202300000299;155 680 016;7;0;2;1;10;1
202300000299;155 680 018;10;0;2;1;1;1
202300000300;155 680 014;7;0;2;4;23;1
202300000300;155 680 015;7;0;2;4;23;1
202300000300;155 680 017;7;0;2;4;23;1
202300000300;155 680 019;7;0;2;1;1;1
202300000300;155 680 020;7;0;2;4;23;1
202300000301;155 680 013;7;0;1;2;1;1
202300000302;155 680 012;7;9;0;9;1;-1
202300000303;155 680 011;37;0;1;2;16;1
202300000304;155 680 009;1;0;2;1;19;5
202300000304;155 680 010;7;0;2;1;1;1
202300000305;155 680 007;7;0;2;8;15;1
202300000305;155 680 008;32;0;2;1;17;1
202300000306;155 680 004;1;0;2;8;19;5
202300000306;155 680 006;33;0;2;1;1;-1
202300000307;155 680 003;7;0;2;3;1;1
202300000307;155 680 005;7;0;2;3;15;2
202300000308;155 680 000;7;0;2;3;1;1
202300000308;155 680 002;7;0;2;1;19;1
202300000309;155 679 999;10;0;2;1;19;1
202300000309;155 680 001;33;0;2;8;21;1
202300000310;155 679 997;7;2;0;1;1;1
202300000311;155 679 995;30;0;2;9;1;-1
202300000311;155 679 996;7;0;2;8;9;1
202300000311;155 679 998;7;0;2;8;1;-1
202300000312;155 679 994;50;0;1;1;25;3
202300000313;155 679 992;33;0;2;1;9;1
202300000313;155 679 993;7;0;2;6;1;1
202300000314;155 679 990;30;0;2;1;1;1
202300000314;155 679 991;7;0;2;6;15;1
202300000315;155 679 987;30;0;2;8;1;-1
202300000315;155 679 989;10;0;2;7;1;-1
202300000316;155 679 986;7;0;2;2;15;1
202300000316;155 679 988;33;0;2;1;1;1
202300000317;155 679 985;7;9;0;1;1;-1
202300000318;155 679 983;50;0;2;1;19;3
202300000318;155 679 984;37;0;2;2;1;1
202300000319;155 679 980;10;0;2;8;9;-1
202300000319;155 679 982;7;0;2;7;1;1
202300000320;155 679 979;7;0;2;1;0;1
202300000320;155 679 981;7;0;0;0;0;1
202300000321;155 679 976;7;0;2;2;16;1
202300000321;155 679 978;50;0;2;3;25;3
202300000322;155 679 974;7;0;2;4;1;1
202300000322;155 679 975;7;0;2;2;14;1
202300000322;155 679 977;7;9;2;4;1;1
202300000323;155 679 972;40;0;1;1;1;3
202300000324;155 679 971;7;0;2;3;15;1
202300000324;155 679 973;7;0;2;2;1;1
202300000325;155 679 969;7;0;1;1;1;1
202300000326;155 679 968;7;0;2;8;16;-1
202300000326;155 679 970;1;0;2;7;1;5
202300000327;155 679 967;10;0;1;2;9;1
202300000328;155 679 966;7;0;1;1;16;2
202300000329;155 679 964;50;0;2;7;15;2
202300000329;155 679 965;37;0;9;1;1;1
202300000330;155 679 962;7;0;2;1;13;1
202300000330;155 679 963;7;0;2;1;1;1
202300000331;155 679 961;7;8;0;1;14;1
202300000332;155 679 959;7;0;1;2;1;1
202300000333;155 679 958;31;0;2;1;17;1
202300000333;155 679 960;7;-1;2;-1;1;-1
202300000334;155 679 954;7;0;2;1;13;1
202300000334;155 679 955;7;0;2;1;1;1
202300000335;155 679 953;7;0;1;1;16;0
202300000336;155 679 951;7;0;2;4;2;1
202300000336;155 679 952;10;0;2;1;2;1
202300000337;155 679 947;10;0;2;7;0;1
202300000337;155 679 948;2;0;2;1;26;1
202300000338;155 679 949;7;0;2;2;1;1
202300000338;155 679 950;7;0;2;3;9;1
202300000339;155 679 945;7;0;2;1;15;1
202300000339;155 679 946;7;0;2;1;1;1
202300000340;155 679 943;7;0;1;2;1;1
202300000341;155 679 940;7;0;1;1;1;1
202300000342;155 679 939;7;0;2;1;19;1
202300000342;155 679 941;7;0;2;0;0;1
202300000343;155 679 938;7;0;1;3;1;1
202300000344;155 679 936;30;0;2;1;17;1
202300000344;155 679 937;3;0;2;3;9;1
202300000345;155 679 930;20;0;2;1;1;0
202300000345;155 679 932;7;0;2;8;1;0
202300000346;155 679 928;7;0;0;6;1;1
202300000346;155 679 929;10;0;0;4;1;1
202300000346;155 679 931;7;0;2;7;13;2
202300000346;155 679 933;7;0;2;8;1;1
202300000346;155 679 934;33;0;2;4;1;1
202300000346;155 679 935;33;0;2;4;1;1
202300000347;155 679 927;33;13;0;1;1;1
202300000348;155 679 923;7;0;2;1;1;1
202300000348;155 679 926;10;0;2;1;5;1
202300000349;155 679 924;7;0;2;3;15;1
202300000349;155 679 925;1;0;2;1;26;5
202300000350;155 679 922;33;0;0;9;1;1
202300000351;155 679 921;7;0;1;7;2;1
202300000352;155 679 919;10;0;2;3;15;1
202300000352;155 679 920;33;6;2;1;17;1
202300000353;155 679 918;31;0;1;1;1;1
202300000354;155 679 915;7;0;2;3;15;1
202300000354;155 679 917;10;0;2;2;1;1
202300000355;155 679 914;7;0;2;3;26;2
202300000355;155 679 916;2;0;2;1;1;1
202300000356;155 679 913;7;8;0;7;1;1
202300000357;155 679 910;7;0;2;4;26;1
202300000357;155 679 912;0;0;2;1;1;1
202300000358;155 679 907;7;0;2;4;1;1
202300000358;155 679 909;7;0;2;1;1;1
202300000358;155 679 911;7;0;2;4;1;1
202300000359;155 679 906;7;0;0;4;2;1
202300000359;155 679 908;33;0;2;1;2;1
202300000360;155 679 902;7;0;2;1;19;1
202300000360;155 679 904;7;0;2;7;1;1
202300000361;155 679 903;60;0;2;7;19;5
202300000361;155 679 905;7;0;9;1;1;0
202300000362;155 679 901;7;2;0;8;13;1
202300000363;155 679 900;7;0;1;3;1;1
202300000364;155 679 898;7;8;2;2;15;1
202300000364;155 679 899;10;0;2;3;17;1
202300000365;155 679 897;7;0;1;1;1;1
202300000366;155 679 895;7;0;2;2;0;1
202300000366;155 679 896;30;0;2;2;0;1
202300000367;155 679 893;50;0;2;0;14;3
202300000367;155 679 894;7;0;2;8;1;1
202300000368;155 679 891;7;0;2;3;1;1
202300000368;155 679 892;33;0;2;3;5;1
202300000369;155 679 890;40;0;1;2;1;3
202300000370;155 679 888;7;0;2;3;15;1
202300000370;155 679 889;2;0;2;1;1;1
202300000371;155 679 887;7;1;1;2;1;1
202300000372;155 679 886;7;2;0;2;1;0
202300000373;155 679 882;33;0;2;1;17;1
202300000373;155 679 884;33;0;0;1;1;1
202300000374;155 679 883;7;0;2;1;5;1
202300000374;155 679 885;7;0;2;1;1;2
202300000375;155 679 881;33;0;1;8;26;1
202300000376;155 679 880;7;1;1;3;1;1
202300000377;155 679 879;7;6;0;1;1;1
202300000378;155 679 878;7;8;0;0;1;1
202300000379;155 679 877;30;0;1;1;0;3
202300000380;155 679 875;7;0;2;3;13;1
202300000380;155 679 876;7;0;2;3;0;1
202300000381;155 679 873;43;0;2;8;15;1
202300000381;155 679 874;32;0;2;2;1;1
202300000382;155 679 869;7;0;2;7;1;0
202300000382;155 679 870;36;0;2;1;11;1
202300000382;155 679 871;7;0;0;0;15;0
202300000382;155 679 872;7;0;2;1;1;0
202300000383;155 679 868;7;0;1;3;1;1
202300000384;155 679 867;7;2;0;1;1;1
202300000385;155 679 865;7;0;2;7;24;0
202300000385;155 679 866;34;1;0;1;18;1
202300000386;155 679 863;7;0;2;3;1;1
202300000386;155 679 864;7;0;2;3;13;1
202300000387;155 679 861;7;2;0;1;1;0
202300000388;155 679 860;7;0;2;8;1;1
202300000388;155 679 862;7;0;2;3;19;1
202300000389;155 679 859;7;0;1;2;1;1
202300000390;155 679 856;7;1;0;2;26;2
202300000390;155 679 858;1;16;0;7;25;5
202300000391;155 679 852;39;0;1;-1;1;-1
202300000392;155 679 853;7;0;2;2;19;0
202300000392;155 679 854;7;0;2;1;1;0
202300000392;155 679 855;7;0;0;8;23;0
202300000393;155 679 850;7;0;2;3;11;0
202300000393;155 679 851;2;1;2;6;1;1
202300000394;155 679 849;39;0;1;1;1;-1
202300000395;155 679 847;7;0;2;7;14;1
202300000395;155 679 848;33;3;2;8;1;1
202300000396;155 679 845;30;0;4;1;1;1
202300000396;155 679 846;39;0;2;1;1;3
202300000397;155 679 843;10;0;2;6;2;1
202300000397;155 679 844;7;0;2;1;2;1
202300000398;155 679 842;39;0;1;0;1;3
202300000399;155 679 839;33;0;2;1;21;1
202300000399;155 679 840;7;0;0;3;1;1
202300000399;155 679 841;7;0;2;0;14;1
202300000400;155 679 838;39;0;1;1;1;3
202300000401;155 679 836;17;0;2;2;15;1
202300000401;155 679 837;33;0;2;6;0;1
202300000402;155 679 835;39;0;1;1;1;3
202300000403;155 679 833;14;0;2;1;1;1
202300000403;155 679 834;7;0;2;4;1;2
202300000404;155 679 832;39;0;1;0;1;1
202300000405;155 679 830;7;0;2;1;2;1
202300000405;155 679 831;7;0;2;4;2;1
202300000406;155 679 829;39;0;1;1;1;3
202300000407;155 679 828;7;4;0;0;1;1
202300000408;155 679 824;7;0;2;3;1;1
202300000408;155 679 827;32;0;2;1;3;1
202300000409;155 679 821;10;0;2;1;2;1
202300000409;155 679 822;7;0;2;4;2;1
202300000410;155 679 820;10;0;0;0;0;0
202300000410;155 679 823;10;0;2;4;2;1
202300000411;155 679 819;7;3;0;1;1;1
202300000412;155 679 816;33;0;2;3;18;1
202300000412;155 679 817;7;0;2;5;14;1
202300000413;155 679 815;33;0;2;4;1;1
202300000413;155 679 818;7;0;2;1;26;1
202300000414;155 679 810;10;0;2;1;2;1
202300000414;155 679 812;7;0;2;4;2;1
202300000414;155 679 813;7;0;2;4;2;1
202300000414;155 679 814;7;0;2;4;2;1
202300000415;155 679 811;39;0;1;1;1;3
202300000416;155 679 807;7;0;2;4;2;1
202300000416;155 679 809;33;0;2;1;3;1
202300000417;155 679 806;39;0;2;1;1;-1
202300000417;155 679 808;7;0;4;1;1;1
202300000418;155 679 803;7;0;2;4;1;1
202300000418;155 679 804;7;0;2;1;11;1
202300000418;155 679 805;7;0;2;1;1;1
202300000419;155 679 801;43;0;2;2;14;0
202300000419;155 679 802;7;0;2;3;1;1
202300000420;155 679 800;7;0;1;1;1;1
202300000421;155 679 798;7;0;2;1;7;1
202300000421;155 679 799;7;15;0;5;16;1
202300000422;155 679 795;7;0;1;2;9;1
202300000423;155 679 796;1;0;2;8;19;5
202300000423;155 679 797;31;0;9;1;2;1
202300000424;155 679 794;7;0;1;0;1;1
202300000425;155 679 792;7;0;2;8;13;2
202300000425;155 679 793;32;0;2;2;17;1
202300000426;155 679 791;2;0;1;2;1;3
202300000427;155 679 789;33;2;0;1;13;1
202300000427;155 679 790;33;8;0;1;13;1
202300000428;155 679 787;7;0;0;1;1;1
202300000428;155 679 788;7;0;0;0;23;1
202300000429;155 679 786;7;0;1;0;0;1
202300000430;155 679 784;2;0;2;3;15;1
202300000430;155 679 785;7;0;2;2;17;1
202300000431;155 679 783;39;0;1;0;-1;-1
202300000432;155 679 781;7;0;1;1;17;1
202300000432;155 679 782;7;0;1;8;1;1
202300000433;155 679 780;1;0;0;0;1;5
202300000434;155 679 777;7;0;2;9;0;1
202300000434;155 679 778;7;0;2;9;0;1
202300000434;155 679 779;7;0;2;4;26;1
202300000435;155 679 774;33;0;2;1;3;1
202300000435;155 679 775;7;0;2;8;15;1
202300000436;155 679 773;7;0;1;2;1;1
202300000437;155 679 771;1;0;0;1;1;5
202300000438;155 679 770;7;0;2;1;1;1
202300000438;155 679 772;7;1;2;4;1;1
202300000439;155 679 766;7;0;2;1;1;1
202300000439;155 679 767;7;0;2;4;1;2
202300000439;155 679 768;7;0;2;4;1;1
202300000440;155 679 769;7;2;0;1;1;1
202300000441;155 679 764;33;0;2;1;26;1
202300000441;155 679 765;7;0;2;4;0;1
202300000442;155 679 763;7;0;1;4;20;1
202300000443;155 679 761;7;0;2;0;0;1
202300000443;155 679 762;50;0;2;1;1;3
202300000444;155 679 760;2;12;0;1;1;1
202300000445;155 679 756;10;0;2;1;2;1
202300000445;155 679 757;7;0;2;4;2;1
202300000445;155 679 759;10;0;2;4;2;1
202300000446;155 679 755;7;0;2;3;1;1
202300000446;155 679 758;30;0;2;1;1;3
202300000447;155 679 754;7;0;1;1;26;1
202300000448;155 679 750;7;0;2;3;2;1
202300000448;155 679 752;33;0;2;2;15;1
202300000449;155 679 751;7;0;2;3;5;0
202300000449;155 679 753;7;0;2;3;1;0
202300000450;155 679 748;10;0;2;4;1;1
202300000450;155 679 749;10;0;2;1;2;1
202300000451;155 679 746;7;9;0;1;16;1
202300000452;155 679 744;7;0;1;3;15;1
202300000453;155 679 742;7;0;2;3;1;1
202300000453;155 679 745;10;0;2;1;1;1
202300000453;155 679 747;7;0;2;1;13;1
202300000454;155 679 741;7;0;1;2;1;1
202300000455;155 679 739;37;0;0;0;1;6
202300000456;155 679 740;7;13;0;1;1;1
202300000457;155 679 737;7;0;2;3;1;1
202300000457;155 679 738;10;0;2;3;15;1
202300000458;155 679 735;10;0;2;1;1;0
202300000458;155 679 736;7;8;0;2;1;1
202300000459;155 679 734;7;0;1;1;9;1
202300000460;155 679 733;2;0;0;0;1;1
202300000461;155 679 731;50;0;0;0;1;3
202300000462;155 679 732;7;13;0;1;14;1
202300000463;155 679 730;31;1;0;1;1;1
202300000464;155 679 728;7;0;2;2;1;1
202300000464;155 679 729;80;0;2;2;1;3
202300000465;155 679 726;1;0;2;2;1;5
202300000465;155 679 727;10;0;2;3;1;1
202300000466;155 679 725;7;0;1;3;1;1
202300000467;155 679 723;33;0;0;0;21;1
202300000467;155 679 724;14;0;0;0;26;0
202300000468;155 679 719;7;0;2;1;5;1
202300000468;155 679 720;15;0;2;2;1;0
202300000469;155 679 717;33;0;2;3;16;1
202300000469;155 679 718;7;0;2;3;13;1
202300000470;155 679 715;7;0;2;6;23;1
202300000470;155 679 716;33;12;2;1;14;1
202300000471;155 679 714;30;4;0;2;1;1
202300000472;155 679 713;34;0;1;1;26;1
202300000473;155 679 711;10;0;2;1;1;0
202300000473;155 679 712;7;0;2;4;1;0
202300000474;155 679 710;7;0;0;2;14;1
202300000475;155 679 709;10;3;0;3;14;1
202300000476;155 679 708;7;0;1;1;1;2
202300000477;155 679 707;7;0;1;1;15;1
202300000478;155 679 706;32;0;2;3;1;1
202300000479;155 679 703;15;0;2;5;16;1
202300000479;155 679 704;10;0;2;1;1;1
202300000479;155 679 705;7;0;2;4;1;1
202300000480;155 679 702;7;2;0;1;9;1
202300000481;155 679 700;7;0;2;3;1;1
202300000481;155 679 701;31;0;2;0;0;1
202300000482;155 679 699;7;0;1;2;1;1
202300000483;155 679 696;7;0;2;1;12;1
202300000483;155 679 697;7;0;2;4;2;1
202300000483;155 679 698;7;0;2;4;0;0
202300000484;155 679 694;7;0;2;3;13;1
202300000484;155 679 695;1;0;2;1;1;5
202300000485;155 679 693;7;1;0;2;14;1
202300000486;155 679 692;10;0;1;4;20;1
202300000487;155 679 690;7;0;2;3;1;1
202300000487;155 679 691;7;0;2;3;1;1
202300000488;155 679 689;10;0;1;1;15;1
202300000489;155 679 687;1;0;2;1;1;5
202300000489;155 679 688;7;0;2;4;2;1
202300000490;155 679 685;7;0;2;2;16;3
202300000490;155 679 686;50;0;2;1;19;3
202300000491;155 679 683;7;0;2;2;15;1
202300000491;155 679 684;33;0;2;1;1;1
202300000492;155 679 682;7;0;1;1;1;1
202300000493;155 679 679;7;6;2;9;1;1
202300000493;155 679 680;7;0;2;4;5;1
202300000493;155 679 681;37;0;2;1;2;1
202300000494;155 679 677;1;0;2;1;1;5
202300000494;155 679 678;7;0;2;1;15;1
202300000495;155 679 674;30;0;2;4;23;1
202300000495;155 679 675;7;1;0;1;1;1
202300000495;155 679 676;31;0;2;4;24;1
202300000496;155 679 672;7;0;2;3;0;1
202300000496;155 679 673;33;0;2;8;0;1
202300000497;155 679 671;7;0;1;8;21;1
202300000498;155 679 670;7;0;1;2;1;1
202300000499;155 679 669;1;0;1;1;5;5
202300000500;155 679 667;7;0;2;1;15;1
202300000500;155 679 668;7;0;2;1;1;1
202300000501;155 679 664;3;0;2;1;1;1
202300000501;155 679 666;10;0;2;3;13;1
202300000502;155 679 663;7;1;2;5;1;1
202300000502;155 679 665;10;0;2;1;19;1
202300000503;155 679 661;2;0;2;1;1;1
202300000503;155 679 662;7;0;2;1;15;1
202300000504;155 679 659;7;0;2;1;2;1
202300000504;155 679 660;7;0;2;4;23;3
202300000505;155 679 657;7;0;2;3;9;2
202300000505;155 679 658;2;0;2;4;1;1
202300000506;155 679 655;7;0;2;1;2;1
202300000506;155 679 656;7;0;2;5;2;1
202300000507;155 679 653;7;0;1;1;1;1
202300000508;155 679 651;37;0;2;3;2;1
202300000508;155 679 652;7;0;2;7;14;1
202300000509;155 679 650;37;0;1;1;15;3
202300000510;155 679 648;7;0;1;2;1;1
202300000511;155 679 646;10;0;2;4;1;1
202300000511;155 679 647;7;0;2;1;1;1
202300000511;155 679 649;7;0;2;6;1;1
202300000512;155 679 643;7;0;2;1;13;1
202300000512;155 679 644;7;0;2;3;1;1
202300000513;155 679 642;13;0;2;2;2;1
202300000513;155 679 645;50;0;2;6;26;3
202300000514;155 679 641;7;0;0;0;13;1
202300000515;155 679 637;33;0;2;1;1;1