Num_Acc;id_vehicule;catv;obs;obsm;choc;manv;motor
202300000515;155 679 640;7;0;2;5;1;1
202300000516;155 679 638;7;0;2;5;15;1
202300000516;155 679 639;3;0;2;1;16;1
202300000517;155 679 634;7;0;2;1;1;1
202300000517;155 679 635;7;0;2;9;1;1
202300000518;155 679 629;7;0;2;8;11;1
202300000518;155 679 631;7;0;2;2;1;1
202300000519;155 679 628;50;0;0;0;21;3
202300000520;155 679 627;7;0;9;3;15;3
202300000520;155 679 630;1;0;2;1;1;5
202300000520;155 679 632;1;0;2;1;0;5
202300000521;155 679 626;3;0;1;1;15;3
202300000522;155 679 625;10;0;1;4;26;1
202300000523;155 679 623;33;0;1;3;3;1
202300000524;155 679 622;50;0;2;1;1;3
202300000524;155 679 624;1;0;2;3;19;5
202300000525;155 679 621;7;9;0;2;1;1
202300000526;155 679 618;7;0;2;3;1;2
202300000526;155 679 620;1;0;2;2;19;5
202300000527;155 679 617;7;0;2;3;23;1
202300000527;155 679 619;30;1;0;1;1;1
202300000528;155 679 614;7;0;2;2;16;1
202300000528;155 679 616;1;0;2;1;19;5
202300000529;155 679 613;7;0;2;6;9;1
202300000529;155 679 615;33;0;2;1;1;1
202300000530;155 679 612;31;11;0;1;1;1
202300000531;155 679 608;7;0;2;3;1;1
202300000531;155 679 610;1;0;2;8;1;5
202300000532;155 679 609;7;0;2;2;1;1
202300000532;155 679 611;10;0;2;2;9;1
202300000533;155 679 606;0;0;0;0;26;0
202300000534;155 679 605;7;0;2;6;10;1
202300000534;155 679 607;33;0;2;1;1;1
202300000535;155 679 599;7;9;0;2;14;1
202300000536;155 679 598;37;0;0;0;1;1
202300000536;155 679 600;7;0;0;0;9;0
202300000537;155 679 596;1;0;2;1;1;5
202300000537;155 679 597;7;0;2;2;16;1
202300000538;155 679 595;7;0;1;2;5;1
202300000539;155 679 592;10;0;1;1;1;0
202300000540;155 679 593;50;0;2;1;19;3
202300000540;155 679 594;7;0;2;3;1;1
202300000541;155 679 591;1;0;1;1;1;5
202300000542;155 679 590;7;6;0;1;16;1
202300000543;155 679 587;32;0;2;4;1;1
202300000543;155 679 589;7;0;2;1;2;1
202300000544;155 679 588;30;1;0;6;0;1
202300000545;155 679 585;1;0;2;8;19;5
202300000545;155 679 586;10;0;2;1;1;1
202300000546;155 679 584;37;0;1;6;26;1
202300000547;155 679 583;7;0;1;3;1;1
202300000548;155 679 582;7;0;1;2;1;1
202300000549;155 679 580;10;0;2;1;2;1
202300000549;155 679 581;7;0;2;4;1;1
202300000550;155 679 577;7;0;1;2;1;1
202300000551;155 679 578;7;0;2;8;1;1
202300000551;155 679 579;7;0;2;1;1;1
202300000552;155 679 573;7;0;2;3;15;0
202300000552;155 679 575;32;0;2;2;1;0
202300000553;155 679 574;10;0;2;1;15;1
202300000553;155 679 576;2;0;2;1;1;1
202300000554;155 679 570;7;0;2;1;2;1
202300000554;155 679 571;7;0;0;0;26;1
202300000555;155 679 572;7;3;0;3;2;1
202300000556;155 679 567;7;0;2;1;1;1
202300000556;155 679 569;7;0;2;1;1;1
202300000557;155 679 566;7;0;2;8;15;1
202300000557;155 679 568;7;0;2;1;1;1
202300000558;155 679 565;10;0;1;3;1;1
202300000559;155 679 563;2;0;2;2;1;1
202300000559;155 679 564;7;0;2;3;9;1
202300000560;155 679 562;10;0;1;2;16;1
202300000561;155 679 559;7;0;1;1;1;1
202300000562;155 679 560;33;12;2;3;1;1
202300000562;155 679 561;7;0;2;6;1;1
202300000563;155 679 556;7;0;2;1;1;1
202300000563;155 679 558;7;0;2;1;1;1
202300000564;155 679 555;7;12;0;2;14;1
202300000565;155 679 554;10;0;2;3;15;1
202300000565;155 679 557;7;0;2;6;1;1
202300000566;155 679 553;7;1;0;1;15;1
202300000567;155 679 551;40;0;2;1;24;-1
202300000567;155 679 552;1;0;4;8;18;5
202300000568;155 679 549;10;0;2;3;14;0
202300000568;155 679 550;7;0;2;5;1;1
202300000569;155 679 545;7;0;2;1;1;1
202300000569;155 679 547;7;0;2;9;1;1
202300000569;155 679 548;7;0;2;4;1;0
202300000570;155 679 544;7;0;2;1;15;1
202300000570;155 679 546;1;0;2;1;0;5
202300000571;155 679 542;10;0;2;0;0;1
202300000571;155 679 543;2;0;2;7;0;1
202300000572;155 679 540;7;0;2;1;2;1
202300000572;155 679 541;7;0;2;4;2;1
202300000573;155 679 538;33;0;2;7;1;1
202300000573;155 679 539;33;0;2;7;10;1
202300000574;155 679 536;80;0;2;1;13;3
202300000574;155 679 537;80;0;2;1;21;3
202300000575;155 679 533;7;0;2;1;15;1
202300000575;155 679 535;2;0;2;1;1;1
202300000576;155 679 531;7;0;2;5;1;0
202300000576;155 679 532;7;0;2;3;1;0
202300000577;155 679 530;30;0;2;1;1;1
202300000577;155 679 534;7;0;2;7;15;2
202300000578;155 679 526;33;14;2;2;1;1
202300000578;155 679 528;33;0;2;5;1;1
202300000579;155 679 524;7;0;1;1;16;1
202300000580;155 679 522;7;0;1;1;1;1
202300000581;155 679 523;7;0;2;3;2;1
202300000581;155 679 525;31;0;2;1;2;1
202300000582;155 679 520;7;12;0;1;1;1
202300000583;155 679 518;7;0;2;1;2;1
202300000583;155 679 519;7;0;2;4;26;1
202300000583;155 679 521;7;0;2;4;15;1
202300000584;155 679 514;7;0;2;1;1;1
202300000584;155 679 516;1;0;2;7;19;5
202300000584;155 679 517;1;0;2;7;19;5
202300000585;155 679 515;7;6;0;1;14;1
202300000586;155 679 513;1;0;0;0;1;5
202300000587;155 679 509;7;0;2;1;15;1
202300000587;155 679 511;7;0;2;0;0;1
202300000588;155 679 510;7;0;2;3;26;1
202300000588;155 679 512;7;0;2;2;1;1
202300000589;155 679 507;33;0;2;2;17;1
202300000589;155 679 508;10;0;2;3;19;1
202300000590;155 679 503;10;0;2;1;1;1
202300000590;155 679 504;7;1;2;4;1;1
202300000590;155 679 506;7;0;0;4;1;1
202300000591;155 679 502;10;0;2;3;1;1
202300000591;155 679 505;7;0;2;2;15;1
202300000592;155 679 500;7;1;0;1;16;1
202300000593;155 679 497;80;12;0;2;0;3
202300000594;155 679 498;7;0;2;1;17;0
202300000594;155 679 499;16;0;2;0;0;0
202300000594;155 679 501;7;0;0;0;0;0
202300000595;155 679 495;33;0;2;3;15;1
202300000595;155 679 496;1;0;2;1;17;5
202300000596;155 679 494;7;0;1;2;20;0
202300000597;155 679 492;30;0;2;4;1;1
202300000597;155 679 493;7;0;2;1;1;1
202300000598;155 679 491;7;0;1;1;1;0
202300000599;155 679 489;33;0;2;6;1;1
202300000599;155 679 490;7;0;2;1;1;2
202300000600;155 679 487;32;-1;2;-1;-1;1
202300000600;155 679 488;7;0;2;7;15;1
202300000601;155 679 485;7;0;0;0;2;0
202300000601;155 679 486;33;0;2;4;2;1
202300000602;155 679 483;7;0;2;2;15;1
202300000602;155 679 484;33;0;2;1;1;1
202300000603;155 679 479;7;0;0;6;9;1
202300000603;155 679 480;7;0;2;1;1;1
202300000604;155 679 481;7;0;2;3;10;2
202300000604;155 679 482;32;0;2;1;17;1
202300000605;155 679 477;7;0;9;3;2;1
202300000605;155 679 478;50;0;2;4;0;3
202300000606;155 679 475;17;0;2;4;26;1
202300000606;155 679 476;1;0;2;1;1;5
202300000607;155 679 473;7;0;2;2;9;1
202300000607;155 679 474;1;0;2;6;1;5
202300000608;155 679 471;7;0;1;2;1;0
202300000609;155 679 470;7;0;2;6;1;2
202300000609;155 679 472;31;0;2;7;12;1
202300000610;155 679 469;7;0;1;1;1;1
202300000611;155 679 467;7;1;0;9;1;1
202300000612;155 679 468;7;0;1;1;26;1
202300000613;155 679 464;10;0;2;2;15;0
202300000613;155 679 466;7;0;2;1;1;1
202300000614;155 679 463;1;0;2;1;1;5
202300000614;155 679 465;7;0;2;1;15;0
202300000615;155 679 461;31;0;2;4;2;1
202300000615;155 679 462;7;0;2;1;2;0
202300000616;155 679 457;7;0;2;5;16;1
202300000616;155 679 459;50;0;2;1;1;3
202300000617;155 679 458;7;0;2;7;12;1
202300000617;155 679 460;33;0;2;8;1;1
202300000618;155 679 455;7;0;2;6;15;1
202300000618;155 679 456;33;0;2;2;1;1
202300000619;155 679 453;33;0;2;3;2;1
202300000619;155 679 454;7;0;2;5;2;1
202300000620;155 679 451;7;0;2;2;16;3
202300000620;155 679 452;80;0;2;1;1;3
202300000621;155 679 450;32;0;0;0;1;1
202300000622;155 679 448;1;0;2;1;1;5
202300000622;155 679 449;7;0;2;1;15;1
202300000623;155 679 446;10;0;2;5;1;1
202300000623;155 679 447;80;0;2;8;1;3
202300000624;155 679 445;7;0;1;0;1;1
202300000625;155 679 443;32;0;2;1;1;1
202300000625;155 679 444;1;8;2;8;1;5
202300000626;155 679 441;1;0;2;7;1;5
202300000626;155 679 442;43;0;2;8;15;1
202300000627;155 679 438;1;0;2;7;17;5
202300000627;155 679 440;50;0;2;8;13;3
202300000628;155 679 437;1;0;2;1;1;5
202300000628;155 679 439;7;0;2;2;16;1
202300000629;155 679 434;32;0;2;3;1;1
202300000629;155 679 435;7;0;2;1;10;1
202300000630;155 679 433;7;0;2;2;15;1
202300000630;155 679 436;31;0;2;1;2;1
202300000631;155 679 431;7;0;2;1;0;1
202300000631;155 679 432;30;0;2;1;0;1
202300000632;155 679 430;32;0;1;0;17;0
202300000633;155 679 427;7;0;1;1;1;1
202300000634;155 679 424;1;0;2;8;1;5
202300000634;155 679 426;7;12;2;7;14;1
202300000635;155 679 425;10;0;1;1;15;1
202300000636;155 679 422;50;0;2;1;1;3
202300000636;155 679 423;7;0;2;1;15;1
202300000637;155 679 421;7;0;1;2;16;1
202300000638;155 679 420;7;9;1;2;0;1
202300000639;155 679 418;10;0;1;4;2;0
202300000640;155 679 417;0;0;1;7;16;0
202300000641;155 679 419;32;0;1;1;7;1
202300000642;155 679 416;7;11;0;1;11;1
202300000643;155 679 413;32;0;2;7;17;1
202300000643;155 679 415;7;0;2;3;15;1
202300000644;155 679 412;7;1;1;2;2;1
202300000644;155 679 414;7;0;0;0;0;1
202300000645;155 679 409;30;12;0;2;13;1
202300000645;155 679 411;7;0;0;0;0;0
202300000646;155 679 410;30;0;0;2;20;1
202300000647;155 679 407;32;0;2;1;1;1
202300000647;155 679 408;7;0;2;3;15;1
202300000648;155 679 406;31;0;1;1;21;1
202300000649;155 679 405;7;0;1;1;1;1
202300000650;155 679 401;2;0;2;7;17;1
202300000650;155 679 403;7;0;2;3;15;1
202300000651;155 679 402;10;0;2;2;5;1
202300000651;155 679 404;10;0;2;8;15;1
202300000652;155 679 399;33;0;2;1;1;1
202300000652;155 679 400;7;0;2;6;19;1
202300000653;155 679 398;10;1;1;5;13;1
202300000654;155 679 396;7;0;2;6;1;1
202300000654;155 679 397;32;0;2;1;1;1
202300000655;155 679 394;30;0;2;1;1;3
202300000655;155 679 395;7;0;2;3;15;1
202300000656;155 679 392;32;0;2;0;0;0
202300000656;155 679 393;7;0;2;3;1;1
202300000657;155 679 388;14;0;2;8;2;0
202300000657;155 679 389;33;0;2;7;2;0
202300000658;155 679 390;7;0;0;8;1;1
202300000658;155 679 391;1;0;2;8;1;5
202300000659;155 679 386;10;0;2;0;24;0
202300000659;155 679 387;33;0;2;0;1;0
202300000660;155 679 384;1;0;1;1;1;5
202300000661;155 679 383;50;0;2;1;26;3
202300000661;155 679 385;7;0;2;1;2;1
202300000662;155 679 381;13;0;2;7;16;1
202300000662;155 679 382;2;0;2;8;18;1
202300000663;155 679 380;7;1;1;1;1;1
202300000664;155 679 377;99;0;2;8;2;0
202300000664;155 679 379;7;0;2;2;21;1
202300000665;155 679 376;1;0;2;1;2;5
202300000665;155 679 378;50;0;2;8;9;3
202300000666;155 679 374;7;0;2;6;23;1
202300000666;155 679 375;2;0;2;1;2;1
202300000667;155 679 371;2;0;2;1;21;1
202300000667;155 679 372;7;0;2;6;19;1
202300000668;155 679 370;1;0;2;4;1;5
202300000668;155 679 373;7;0;2;1;2;1
202300000669;155 679 368;7;0;2;1;1;2
202300000669;155 679 369;7;0;2;1;13;1
202300000670;155 679 367;32;0;0;0;1;1
202300000671;155 679 365;7;0;9;2;17;1
202300000671;155 679 366;1;0;2;0;26;5
202300000672;155 679 363;10;0;0;6;2;1
202300000672;155 679 364;33;0;2;1;2;1
202300000673;155 679 361;7;0;2;1;15;1
202300000673;155 679 362;34;0;2;1;16;1
202300000674;155 679 359;10;0;2;2;0;1
202300000674;155 679 360;17;0;0;6;2;1
202300000675;155 679 356;7;0;2;1;1;1
202300000675;155 679 357;7;0;2;1;13;1
202300000676;155 679 355;10;0;2;1;2;1
202300000676;155 679 358;7;0;2;4;23;3
202300000677;155 679 354;10;0;1;4;4;3
202300000678;155 679 352;40;0;2;2;0;3
202300000678;155 679 353;7;0;4;3;16;1
202300000679;155 679 350;7;0;0;6;15;0
202300000679;155 679 351;2;0;0;1;17;1
202300000680;155 679 349;7;0;1;4;4;1
202300000681;155 679 347;14;0;2;2;1;1
202300000681;155 679 348;7;0;0;4;1;1
202300000682;155 679 345;7;0;2;7;26;1
202300000682;155 679 346;38;0;2;1;26;1
202300000683;155 679 344;7;7;0;1;15;1
202300000684;155 679 342;7;0;2;3;1;1
202300000684;155 679 343;7;0;2;4;1;1
202300000685;155 679 340;7;0;2;7;13;1
202300000685;155 679 341;17;0;2;1;1;1
202300000686;155 679 339;7;3;0;2;1;1
202300000687;155 679 338;7;2;0;1;0;1
202300000688;155 679 337;7;2;0;3;17;3
202300000689;155 679 335;2;0;2;7;17;6
202300000689;155 679 336;2;0;0;8;13;6
202300000690;155 679 333;15;1;0;2;1;1
202300000690;155 679 334;10;0;0;6;0;1
202300000691;155 679 331;1;0;2;1;1;5
202300000691;155 679 332;7;0;2;3;9;1
202300000692;155 679 329;7;0;2;1;1;1
202300000692;155 679 330;1;0;2;1;9;5
202300000693;155 679 327;7;0;2;3;0;1
202300000693;155 679 328;7;0;2;8;15;1
202300000694;155 679 324;7;0;2;5;23;1
202300000694;155 679 325;7;8;2;0;0;1
202300000694;155 679 326;7;1;2;1;12;1
202300000695;155 679 322;33;0;2;0;0;0
202300000695;155 679 323;7;0;2;8;13;0
202300000696;155 679 319;7;0;2;3;1;1
202300000696;155 679 320;7;0;2;3;23;1
202300000696;155 679 321;7;0;2;3;17;1
202300000697;155 679 318;7;0;1;1;1;1
202300000698;155 679 316;2;0;2;1;21;1
202300000698;155 679 317;7;0;2;8;9;1
202300000699;155 679 314;7;0;2;8;15;1
202300000699;155 679 315;33;0;2;7;17;1
202300000700;155 679 312;30;0;2;1;2;1
202300000700;155 679 313;7;0;2;4;23;1
202300000701;155 679 310;80;0;2;7;1;3
202300000701;155 679 311;7;0;2;2;1;1
202300000702;155 679 309;7;0;1;2;1;1
202300000703;155 679 307;7;0;2;8;1;1
202300000703;155 679 308;7;0;2;1;1;1
202300000704;155 679 305;7;0;2;2;9;1
202300000704;155 679 306;50;0;2;3;1;3
202300000705;155 679 304;7;0;0;9;1;1
202300000706;155 679 303;7;0;1;1;2;0
202300000707;155 679 302;7;13;0;1;19;1
202300000708;155 679 301;7;12;0;1;1;1
202300000709;155 679 299;1;0;0;7;1;5
202300000709;155 679 300;7;0;2;1;19;1
202300000710;155 679 297;7;0;2;2;9;1
202300000710;155 679 298;80;0;2;2;9;3
202300000711;155 679 296;10;0;1;0;4;1
202300000712;155 679 293;7;0;0;0;0;0
202300000712;155 679 294;32;0;2;1;17;0
202300000712;155 679 295;7;0;2;8;1;0
202300000713;155 679 291;7;0;2;3;26;1
202300000713;155 679 292;7;0;2;2;21;1
202300000714;155 679 289;7;0;2;1;1;1
202300000714;155 679 290;7;0;2;3;16;0
202300000715;155 679 287;43;0;2;1;13;1
202300000715;155 679 288;7;0;2;1;23;1
202300000716;155 679 286;7;6;0;8;14;1
202300000717;155 679 284;33;0;2;1;3;1
202300000717;155 679 285;7;0;2;5;12;1
202300000718;155 679 283;33;0;1;1;1;1
202300000719;155 679 281;1;0;2;8;18;5
202300000719;155 679 282;7;0;2;2;1;1
202300000720;155 679 278;10;0;2;5;1;1
202300000720;155 679 279;32;0;2;1;3;1
202300000720;155 679 280;7;0;2;5;1;1
202300000721;155 679 276;33;0;2;1;21;1
202300000721;155 679 277;7;0;2;7;19;1
202300000722;155 679 275;1;0;0;0;1;5
202300000723;155 679 273;1;0;2;1;1;5
202300000723;155 679 274;7;0;2;3;15;1
202300000724;155 679 271;7;0;2;3;15;1
202300000724;155 679 272;2;0;2;1;1;3
202300000725;155 679 269;80;12;2;1;9;3
202300000725;155 679 270;33;12;2;2;16;1
202300000726;155 679 268;31;9;0;1;21;1
202300000727;155 679 267;7;8;0;1;1;1
202300000728;155 679 265;1;0;2;1;19;5
202300000728;155 679 266;2;0;2;1;1;0
202300000729;155 679 263;7;0;2;1;0;0
202300000729;155 679 264;7;0;2;8;1;1
202300000730;155 679 261;7;0;2;4;26;1
202300000730;155 679 262;30;0;2;1;1;1
202300000731;155 679 259;10;0;2;2;1;1
202300000731;155 679 260;33;0;2;1;1;1
202300000732;155 679 257;7;0;2;6;10;1
202300000732;155 679 258;30;0;2;1;17;1
202300000733;155 679 256;37;1;1;0;1;0
202300000734;155 679 254;7;0;2;2;1;1
202300000734;155 679 255;50;0;2;4;1;3
202300000735;155 679 253;7;14;0;4;4;1
202300000736;155 679 251;2;0;2;2;0;1
202300000736;155 679 252;7;0;2;2;16;1
202300000737;155 679 249;7;0;2;8;10;2
202300000737;155 679 250;33;0;2;1;1;1
202300000738;155 679 248;2;0;1;2;1;1
202300000739;155 679 247;7;2;0;2;1;1
202300000740;155 679 246;36;0;0;0;0;1
202300000741;155 679 243;7;0;2;1;0;1
202300000741;155 679 244;7;0;2;1;0;2
202300000742;155 679 241;7;8;0;1;2;1
202300000742;155 679 242;7;0;0;8;9;1
202300000743;155 679 239;7;0;2;3;9;6
202300000743;155 679 240;2;0;2;7;1;1
202300000744;155 679 238;7;3;0;1;1;1
202300000745;155 679 237;2;0;0;9;1;1
202300000746;155 679 235;33;0;2;1;2;1
202300000746;155 679 236;10;0;0;4;2;1
202300000747;155 679 234;7;2;0;3;14;1
202300000748;155 679 230;7;0;2;7;15;1
202300000748;155 679 232;7;0;2;2;1;1
202300000749;155 679 229;7;2;0;1;1;1
202300000750;155 679 227;7;0;2;3;13;3
202300000750;155 679 228;10;0;2;3;1;1
202300000751;155 679 225;10;0;2;2;2;1
202300000751;155 679 226;2;0;2;6;2;1
202300000752;155 679 224;2;0;0;1;0;1
202300000753;155 679 221;14;0;1;1;1;1
202300000754;155 679 219;1;0;2;0;1;5
202300000754;155 679 220;1;0;2;0;1;5
202300000754;155 679 222;1;0;2;0;1;5
202300000754;155 679 223;1;0;2;0;1;5
202300000755;155 679 216;2;13;0;0;0;1
202300000756;155 679 215;7;0;2;7;12;1
202300000756;155 679 217;33;0;2;8;3;1
202300000756;155 679 218;14;0;2;1;1;1
202300000757;155 679 214;7;13;0;9;1;1
202300000758;155 679 211;33;13;0;1;14;1
202300000759;155 679 212;33;0;2;1;1;1
202300000759;155 679 213;7;0;2;4;2;1
202300000760;155 679 209;43;8;0;2;0;1
202300000761;155 679 208;7;0;2;3;1;1
202300000761;155 679 210;7;0;2;5;12;2
202300000762;155 679 207;31;15;0;1;1;1
202300000763;155 679 206;50;0;1;8;1;3
202300000764;155 679 203;7;0;0;3;1;1
202300000764;155 679 204;7;0;2;1;1;1
202300000764;155 679 205;7;0;2;1;15;1
202300000765;155 679 201;1;0;2;8;1;5
202300000765;155 679 202;7;0;2;7;22;3
202300000766;155 679 198;33;0;2;3;15;1
202300000766;155 679 200;7;0;2;2;21;1
202300000767;155 679 197;10;0;2;2;15;1
202300000767;155 679 199;33;0;2;3;1;1
202300000768;155 679 196;2;15;0;0;0;1
202300000769;155 679 193;7;0;2;3;16;1
202300000769;155 679 195;33;0;2;1;1;1
202300000770;155 679 194;10;0;1;3;1;3
202300000771;155 679 190;33;0;2;7;1;1
202300000771;155 679 191;7;0;2;3;11;1
202300000772;155 679 188;7;0;2;2;17;1
202300000772;155 679 189;7;0;2;2;17;1
202300000772;155 679 192;7;1;2;4;1;1
202300000773;155 679 185;7;0;2;1;1;3
202300000773;155 679 187;50;0;2;7;1;3
202300000774;155 679 186;7;6;0;1;0;0
202300000775;155 679 182;7;13;0;9;21;1
202300000775;155 679 183;7;0;0;0;13;0
202300000776;155 679 181;1;0;2;2;19;5
202300000776;155 679 184;7;0;2;3;15;1
202300000777;155 679 180;7;2;0;0;1;0
202300000778;155 679 179;10;0;1;0;17;0
202300000779;155 679 178;7;16;0;9;1;0
202300000780;155 679 177;33;1;0;7;14;1
202300000781;155 679 175;7;0;0;6;15;1
202300000781;155 679 176;33;0;2;1;1;1
202300000782;155 679 173;7;0;0;5;16;1
202300000782;155 679 174;1;0;0;1;1;5
202300000783;155 679 171;7;0;2;3;13;1
202300000783;155 679 172;7;0;2;3;1;1
202300000784;155 679 170;7;1;0;1;2;1
202300000785;155 679 166;10;0;2;4;23;1
202300000785;155 679 168;80;0;2;1;2;3
202300000786;155 679 167;7;0;0;3;1;1
202300000786;155 679 169;7;3;0;2;14;1
202300000787;155 679 164;7;0;2;2;25;1
202300000787;155 679 165;50;0;2;1;25;3
202300000788;155 679 162;10;0;1;2;15;3
202300000789;155 679 161;7;0;2;6;15;1
202300000789;155 679 163;7;0;2;2;1;1
202300000790;155 679 159;33;0;2;4;17;1
202300000790;155 679 160;7;0;2;3;15;1
202300000791;155 679 158;80;0;1;1;1;3
202300000792;155 679 157;7;0;1;1;13;1
202300000793;155 679 154;10;0;2;1;15;1
202300000793;155 679 156;1;0;2;4;1;5
202300000794;155 679 152;2;0;2;3;1;3
202300000794;155 679 155;2;0;2;0;1;0
202300000795;155 679 151;7;0;2;3;13;1
202300000795;155 679 153;10;0;2;3;1;1
202300000796;155 679 150;7;8;0;2;14;1
202300000797;155 679 149;7;2;0;9;14;1
202300000798;155 679 148;42;0;1;1;1;0
202300000799;155 679 147;10;3;1;6;1;1
202300000800;155 679 146;43;0;0;0;1;1
202300000801;155 679 144;33;0;0;0;16;1
202300000802;155 679 142;1;0;4;3;21;5
202300000802;155 679 145;40;0;2;2;1;3
202300000803;155 679 143;10;0;1;1;15;1
202300000804;155 679 141;33;8;0;7;2;1
202300000805;155 679 138;32;0;2;0;1;3
202300000805;155 679 139;7;0;2;0;12;1
202300000806;155 679 137;7;0;2;2;1;1
202300000806;155 679 140;80;0;2;1;1;3
202300000807;155 679 136;36;12;0;2;14;1
202300000808;155 679 134;80;0;0;0;1;3
202300000809;155 679 133;7;0;2;6;1;1
202300000809;155 679 135;10;0;2;2;15;1
202300000810;155 679 132;7;0;0;0;26;1
202300000811;155 679 130;7;0;0;3;24;1
202300000811;155 679 131;1;1;0;1;2;5
202300000812;155 679 128;7;0;2;1;15;2
202300000812;155 679 129;32;0;2;1;1;1
202300000813;155 679 127;7;13;0;0;0;1
202300000814;155 679 126;7;0;1;1;1;1
202300000815;155 679 123;7;0;2;3;1;1
202300000815;155 679 125;2;0;2;3;1;1
202300000816;155 679 122;34;0;2;9;2;3
202300000816;155 679 124;7;0;2;2;16;2
202300000817;155 679 120;17;0;2;4;4;1
202300000817;155 679 121;33;0;2;1;23;1
202300000818;155 679 119;7;2;0;1;1;1
202300000819;155 679 118;7;3;0;9;0;1
202300000820;155 679 116;15;0;2;2;1;1
202300000820;155 679 117;7;0;2;3;18;2
202300000821;155 679 113;7;0;0;1;1;1
202300000821;155 679 115;1;0;2;1;15;5
202300000822;155 679 112;10;0;0;3;1;1
202300000822;155 679 114;31;0;2;1;26;1
202300000823;155 679 110;80;0;2;6;1;3
202300000823;155 679 111;10;0;2;0;17;1
202300000824;155 679 109;7;0;1;5;20;1
202300000825;155 679 104;36;0;2;4;1;1
202300000825;155 679 106;15;0;2;1;1;1
202300000826;155 679 105;1;0;2;0;1;5
202300000826;155 679 107;33;0;2;2;16;1
202300000827;155 679 103;7;0;0;8;24;1
202300000827;155 679 108;7;1;1;1;14;1
202300000828;155 679 101;7;0;0;2;1;1
202300000829;155 679 100;1;0;1;0;21;5
202300000830;155 679 097;7;0;2;2;21;1
202300000830;155 679 099;7;0;2;2;5;1
202300000831;155 679 096;7;0;2;3;13;1
202300000831;155 679 098;7;0;2;3;14;1
202300000832;155 679 094;80;9;2;7;17;3
202300000832;155 679 095;1;9;2;8;15;5
202300000833;155 679 092;7;0;2;8;13;1
202300000833;155 679 093;14;0;2;3;1;1
202300000834;155 679 091;7;4;0;3;0;1
202300000835;155 679 090;7;1;0;1;21;1
202300000836;155 679 088;33;0;2;3;1;1
202300000836;155 679 089;7;0;2;8;15;1
202300000837;155 679 086;37;0;1;2;1;1
202300000838;155 679 083;10;0;2;0;0;0
202300000838;155 679 085;7;0;2;4;1;1
202300000838;155 679 087;7;0;2;4;1;1
202300000839;155 679 082;7;0;2;3;1;1
202300000839;155 679 084;1;0;0;4;1;5
202300000840;155 679 078;43;0;2;8;19;1
202300000840;155 679 080;14;0;2;0;0;1
202300000841;155 679 076;33;0;2;7;17;1
202300000841;155 679 079;7;0;2;0;18;0
202300000842;155 679 077;1;0;2;1;1;5
202300000842;155 679 081;99;0;2;1;15;0
202300000843;155 679 074;7;4;2;8;1;1
202300000843;155 679 075;7;3;2;9;11;1
202300000844;155 679 073;7;0;1;2;1;1
202300000845;155 679 070;40;0;2;7;0;3
202300000845;155 679 072;1;0;4;0;0;5
202300000846;155 679 068;7;0;2;2;12;1
202300000846;155 679 071;7;0;2;8;1;1
202300000847;155 679 067;7;0;0;2;1;1
202300000847;155 679 069;7;0;0;3;1;1
202300000848;155 679 065;7;0;0;2;16;1
202300000849;155 679 064;50;0;2;1;1;3
202300000849;155 679 066;1;0;2;1;1;5
202300000850;155 679 062;7;4;0;1;14;1
202300000851;155 679 061;7;0;9;1;1;1
202300000851;155 679 063;50;0;2;4;2;3
202300000852;155 679 057;50;0;2;3;17;3
202300000852;155 679 060;10;0;2;0;0;0
202300000853;155 679 056;7;0;2;1;1;1
202300000853;155 679 058;7;0;2;3;1;1
202300000854;155 679 051;80;0;1;8;1;3
202300000855;155 679 052;7;3;2;1;1;1
202300000855;155 679 054;7;3;2;4;1;1
202300000855;155 679 055;7;3;2;4;1;1
202300000855;155 679 059;7;3;2;4;1;1
202300000856;155 679 050;7;0;2;1;13;1
202300000856;155 679 053;7;0;2;1;1;1
202300000857;155 679 049;7;1;0;3;2;3
202300000858;155 679 048;33;3;0;8;2;0
202300000859;155 679 047;7;4;5;3;1;1
202300000860;155 679 045;32;0;2;4;23;1
202300000860;155 679 046;7;0;2;1;1;1
202300000861;155 679 043;7;13;0;8;1;1
202300000862;155 679 044;33;3;0;0;1;1
202300000863;155 679 042;10;8;0;3;13;1
202300000864;155 679 041;50;0;0;1;1;3
202300000865;155 679 040;7;0;1;2;1;1
202300000866;155 679 039;7;12;0;9;1;1
202300000867;155 679 037;30;0;1;1;2;1
202300000868;155 679 036;32;0;2;7;1;1
202300000868;155 679 038;7;0;2;1;26;1
202300000869;155 679 034;10;0;2;1;5;1
202300000869;155 679 035;7;0;2;1;1;1
202300000870;155 679 032;10;0;2;3;9;1
202300000870;155 679 033;7;0;2;1;13;1
202300000871;155 679 031;7;0;1;1;0;1
202300000872;155 679 029;33;0;2;1;2;1
202300000872;155 679 030;7;0;2;4;23;1
202300000873;155 679 028;33;0;1;1;1;1
202300000874;155 679 026;7;0;1;3;15;1
202300000875;155 679 024;7;0;2;1;1;1
202300000875;155 679 027;7;0;2;1;5;1