Num_Acc;id_vehicule;catv;obs;obsm;choc;manv;motor
202300001229;155 678 394;13;0;2;7;1;0
202300001229;155 678 397;1;0;2;8;1;5
202300001230;155 678 391;7;0;2;2;15;3
202300001230;155 678 395;33;0;2;1;17;1
202300001231;155 678 390;7;0;0;0;0;0
202300001231;155 678 392;7;0;2;1;26;1
202300001231;155 678 396;7;0;2;4;0;1
202300001232;155 678 389;7;0;2;2;15;1
202300001232;155 678 393;31;0;2;1;1;1
202300001233;155 678 386;7;0;1;3;17;0
202300001234;155 678 387;7;0;2;3;15;1
202300001234;155 678 388;34;0;2;3;17;1
202300001235;155 678 383;1;0;2;1;1;5
202300001235;155 678 384;7;0;2;3;15;1
202300001236;155 678 382;7;0;2;1;21;1
202300001236;155 678 385;7;0;2;1;1;1
202300001237;155 678 381;43;0;0;1;13;0
202300001238;155 678 379;7;0;2;2;12;1
202300001238;155 678 380;33;0;2;3;1;1
202300001239;155 678 376;7;4;0;8;13;1
202300001240;155 678 375;34;0;2;1;5;1
202300001240;155 678 377;7;0;2;1;1;1
202300001241;155 678 373;7;0;1;3;1;0
202300001242;155 678 372;33;0;2;1;1;1
202300001242;155 678 374;7;0;2;6;16;1
202300001243;155 678 370;2;3;0;7;1;1
202300001244;155 678 371;7;15;0;1;15;1
202300001245;155 678 365;30;0;2;2;1;1
202300001245;155 678 368;7;0;2;8;20;1
202300001246;155 678 367;10;1;2;1;6;1
202300001246;155 678 369;7;0;2;0;23;1
202300001247;155 678 363;7;0;2;1;1;1
202300001247;155 678 366;7;0;2;1;13;1
202300001248;155 678 362;7;0;2;1;26;1
202300001248;155 678 364;7;0;0;4;26;1
202300001249;155 678 360;32;11;0;1;1;1
202300001250;155 678 359;33;0;2;1;2;1
202300001250;155 678 361;7;0;2;4;2;0
202300001251;155 678 357;10;0;0;2;19;1
202300001251;155 678 358;2;0;0;1;1;1
202300001252;155 678 354;33;0;2;1;2;1
202300001252;155 678 356;7;0;2;4;2;1
202300001253;155 678 353;32;8;0;8;15;1
202300001254;155 678 352;32;0;2;7;19;0
202300001254;155 678 355;7;0;2;1;1;0
202300001255;155 678 350;37;0;0;0;1;0
202300001256;155 678 348;7;0;0;4;2;1
202300001256;155 678 351;33;0;0;4;15;1
202300001257;155 678 347;7;0;1;2;1;1
202300001258;155 678 343;30;0;1;1;1;1
202300001259;155 678 342;10;0;2;1;2;1
202300001259;155 678 345;7;0;2;6;15;1
202300001259;155 678 346;7;0;2;4;23;1
202300001259;155 678 349;7;0;2;4;23;1
202300001260;155 678 340;7;0;2;3;1;0
202300001260;155 678 344;33;0;2;1;13;0
202300001261;155 678 336;7;0;2;1;2;1
202300001261;155 678 339;37;0;2;6;24;2
202300001261;155 678 341;50;0;2;8;19;3
202300001262;155 678 334;7;0;2;1;16;0
202300001262;155 678 337;7;0;2;3;15;1
202300001263;155 678 333;7;0;2;1;14;1
202300001263;155 678 338;17;0;2;4;1;1
202300001264;155 678 332;7;0;2;4;4;1
202300001264;155 678 335;37;0;2;3;1;1
202300001265;155 678 328;7;0;2;1;20;1
202300001265;155 678 331;7;0;2;7;1;1
202300001266;155 678 327;7;0;2;8;1;1
202300001266;155 678 330;15;0;2;7;12;1
202300001267;155 678 326;7;0;2;4;2;1
202300001267;155 678 329;7;0;2;4;2;1
202300001268;155 678 324;7;4;0;0;1;1
202300001269;155 678 323;7;0;1;2;11;2
202300001270;155 678 322;7;0;2;3;9;1
202300001270;155 678 325;2;0;2;1;1;1
202300001271;155 678 320;7;13;0;3;21;1
202300001271;155 678 321;7;0;0;0;17;1
202300001272;155 678 318;33;0;2;1;2;1
202300001272;155 678 319;7;0;2;6;2;1
202300001273;155 678 317;30;8;0;1;1;1
202300001274;155 678 316;7;1;0;3;13;0
202300001275;155 678 315;7;8;0;1;14;1
202300001276;155 678 313;7;0;5;1;1;1
202300001277;155 678 311;33;0;2;1;3;1
202300001277;155 678 314;7;0;2;2;1;1
202300001278;155 678 310;7;7;0;1;1;1
202300001279;155 678 309;99;0;2;1;1;0
202300001279;155 678 312;33;5;0;7;0;1
202300001280;155 678 307;31;0;0;8;3;3
202300001281;155 678 306;7;13;0;2;2;1
202300001282;155 678 303;7;4;2;1;2;0
202300001282;155 678 305;10;4;2;4;2;1
202300001282;155 678 308;7;4;2;4;2;3
202300001283;155 678 302;50;0;2;1;21;3
202300001283;155 678 304;50;0;2;1;21;3
202300001284;155 678 301;7;0;0;0;0;-1
202300001285;155 678 298;7;0;2;4;2;1
202300001285;155 678 300;7;0;2;1;2;1
202300001286;155 678 299;7;0;1;1;1;1
202300001287;155 678 296;7;0;2;8;11;1
202300001287;155 678 297;36;0;2;7;2;1
202300001288;155 678 293;7;0;2;1;15;1
202300001288;155 678 295;2;0;2;1;1;1
202300001289;155 678 292;7;0;1;1;1;1
202300001290;155 678 291;7;0;1;0;0;3
202300001291;155 678 288;7;0;2;4;1;1
202300001291;155 678 290;7;0;2;2;12;1
202300001291;155 678 294;7;0;2;4;1;1
202300001292;155 678 287;7;0;0;3;1;2
202300001292;155 678 289;7;0;2;1;5;1
202300001293;155 678 285;3;0;1;1;2;0
202300001294;155 678 281;7;0;2;4;1;1
202300001294;155 678 283;7;0;2;1;1;1
202300001295;155 678 282;7;0;2;3;11;1
202300001295;155 678 284;32;0;2;8;1;1
202300001295;155 678 286;7;0;2;3;24;3
202300001296;155 678 277;7;0;2;1;1;1
202300001296;155 678 280;32;0;2;1;1;1
202300001297;155 678 276;7;3;0;1;1;1
202300001298;155 678 274;7;0;2;1;2;2
202300001298;155 678 278;7;0;2;9;2;1
202300001298;155 678 279;7;0;0;4;2;1
202300001299;155 678 273;32;0;2;3;18;1
202300001299;155 678 275;7;0;2;2;16;1
202300001300;155 678 270;7;0;0;4;24;0
202300001300;155 678 272;7;1;0;1;2;1
202300001301;155 678 268;10;0;1;4;4;1
202300001302;155 678 263;10;0;2;1;2;1
202300001302;155 678 266;7;0;2;1;2;1
202300001302;155 678 269;7;0;2;4;2;0
202300001302;155 678 271;7;0;2;4;2;1
202300001303;155 678 265;10;0;2;8;15;1
202300001303;155 678 267;34;0;2;1;17;1
202300001304;155 678 262;7;0;2;3;15;0
202300001304;155 678 264;31;0;2;1;17;0
202300001305;155 678 261;7;0;1;2;1;1
202300001306;155 678 260;7;0;1;1;1;1
202300001307;155 678 259;50;0;1;1;25;3
202300001308;155 678 257;33;0;1;7;25;0
202300001309;155 678 258;7;13;0;1;1;1
202300001310;155 678 256;7;4;0;2;1;1
202300001311;155 678 253;7;0;0;1;19;1
202300001311;155 678 255;7;0;2;8;1;1
202300001312;155 678 252;1;0;2;5;14;5
202300001312;155 678 254;1;0;2;6;1;5
202300001313;155 678 249;7;0;2;1;1;1
202300001313;155 678 251;7;0;2;4;23;1
202300001314;155 678 248;7;0;2;1;13;1
202300001314;155 678 250;7;0;2;1;1;1
202300001315;155 678 247;43;2;0;1;1;1
202300001316;155 678 241;1;0;2;1;13;5
202300001316;155 678 242;1;0;2;1;16;5
202300001317;155 678 244;7;0;2;7;22;1
202300001317;155 678 246;1;0;2;1;1;5
202300001318;155 678 239;7;0;2;1;1;1
202300001318;155 678 243;80;0;2;8;9;3
202300001319;155 678 238;7;0;2;1;1;1
202300001319;155 678 240;7;0;2;4;1;1
202300001319;155 678 245;7;0;2;4;23;2
202300001320;155 678 237;10;9;0;2;0;1
202300001321;155 678 236;50;0;1;8;1;3
202300001322;155 678 233;7;0;2;6;1;1
202300001322;155 678 235;7;0;2;2;13;1
202300001323;155 678 232;7;0;2;1;1;1
202300001324;155 678 231;7;15;0;1;0;1
202300001324;155 678 234;3;16;0;5;1;0
202300001325;155 678 230;30;0;1;1;17;1
202300001326;155 678 229;7;0;0;8;13;1
202300001327;155 678 228;37;0;1;1;1;1
202300001328;155 678 226;2;0;2;1;1;1
202300001328;155 678 227;7;0;2;1;1;1
202300001329;155 678 225;32;0;1;1;1;0
202300001330;155 678 224;7;2;0;3;1;1
202300001331;155 678 222;2;1;0;0;0;0
202300001332;155 678 221;7;0;2;1;1;1
202300001332;155 678 223;7;0;2;1;13;1
202300001333;155 678 219;7;0;2;1;1;0
202300001333;155 678 220;41;0;2;4;1;1
202300001334;155 678 217;2;0;2;8;1;1
202300001334;155 678 218;14;0;2;1;15;1
202300001335;155 678 215;7;4;0;3;13;1
202300001336;155 678 213;7;0;2;3;13;1
202300001336;155 678 216;2;0;2;1;1;1
202300001337;155 678 212;7;0;2;2;2;1
202300001337;155 678 214;80;0;2;4;2;3
202300001338;155 678 210;33;0;0;7;0;1
202300001339;155 678 209;30;0;2;1;5;0
202300001339;155 678 211;7;0;2;3;0;0
202300001340;155 678 207;1;0;1;1;1;5
202300001341;155 678 208;7;0;1;2;1;1
202300001342;155 678 202;32;0;2;1;1;0
202300001342;155 678 205;30;0;2;5;6;0
202300001343;155 678 201;34;0;0;0;26;1
202300001344;155 678 204;1;0;2;1;2;5
202300001344;155 678 206;7;0;9;7;15;1
202300001345;155 678 200;7;0;2;2;17;1
202300001345;155 678 203;50;0;2;3;15;3
202300001346;155 678 196;1;0;2;1;1;5
202300001346;155 678 199;7;0;9;4;1;1
202300001347;155 678 195;7;0;0;0;0;1
202300001347;155 678 198;7;0;0;4;1;2
202300001348;155 678 194;7;0;2;4;2;1
202300001348;155 678 197;7;0;2;1;2;1
202300001349;155 678 193;43;0;1;7;1;1
202300001350;155 678 188;7;0;1;1;9;0
202300001351;155 678 189;7;0;2;3;1;1
202300001351;155 678 191;1;0;2;1;14;5
202300001352;155 678 187;1;1;0;1;1;5
202300001353;155 678 182;7;0;2;7;16;1
202300001353;155 678 186;1;0;2;8;2;5
202300001354;155 678 181;7;0;2;4;1;1
202300001354;155 678 185;7;0;2;1;1;1
202300001355;155 678 179;32;0;2;1;9;1
202300001355;155 678 184;31;0;0;0;0;1
202300001356;155 678 177;7;15;0;3;13;1
202300001357;155 678 176;7;0;2;1;2;1
202300001357;155 678 178;7;0;2;4;2;1
202300001357;155 678 180;10;0;2;4;2;1
202300001357;155 678 183;7;0;2;4;2;1
202300001358;155 678 172;7;0;2;4;23;1
202300001358;155 678 175;7;0;2;1;2;1
202300001359;155 678 169;7;0;2;4;2;1
202300001359;155 678 174;1;0;2;4;1;5
202300001360;155 678 170;1;0;2;3;1;5
202300001360;155 678 171;43;0;2;2;15;1
202300001361;155 678 167;33;0;0;0;1;1
202300001362;155 678 166;7;0;2;3;1;1
202300001362;155 678 168;7;0;2;8;0;1
202300001363;155 678 164;7;0;2;1;2;0
202300001363;155 678 165;32;0;2;4;1;1
202300001364;155 678 163;50;0;1;1;25;3
202300001365;155 678 160;7;0;2;1;0;1
202300001365;155 678 162;1;0;2;8;9;5
202300001366;155 678 159;7;0;2;1;19;1
202300001366;155 678 161;32;0;2;8;1;1
202300001367;155 678 158;7;0;1;2;16;1
202300001368;155 678 156;33;5;0;3;13;1
202300001369;155 678 155;7;13;0;1;1;1
202300001370;155 678 154;7;0;2;6;12;1
202300001370;155 678 157;31;0;2;1;12;1
202300001371;155 678 149;7;0;2;1;26;0
202300001371;155 678 153;50;0;2;1;0;3
202300001372;155 678 150;7;0;2;1;16;0
202300001372;155 678 152;43;0;2;7;1;1
202300001373;155 678 148;32;0;0;7;17;1
202300001374;155 678 147;7;0;2;8;21;1
202300001374;155 678 151;7;14;2;1;6;1
202300001375;155 678 145;2;0;2;2;2;1
202300001375;155 678 146;7;0;2;3;15;1
202300001376;155 678 142;7;6;0;1;13;1
202300001377;155 678 141;7;0;1;8;20;0
202300001377;155 678 144;7;1;0;8;24;0
202300001378;155 678 140;33;0;2;1;21;1
202300001378;155 678 143;7;0;2;3;15;1
202300001379;155 678 139;7;8;0;8;1;1
202300001380;155 678 138;7;0;1;2;16;1
202300001381;155 678 136;1;0;0;-1;1;5
202300001382;155 678 135;7;0;2;4;1;1
202300001382;155 678 137;33;0;2;1;1;1
202300001383;155 678 133;33;0;2;1;17;1
202300001383;155 678 134;7;0;2;8;15;1
202300001384;155 678 130;33;4;0;7;1;1
202300001385;155 678 128;7;0;2;4;1;1
202300001385;155 678 132;7;0;2;1;1;1
202300001386;155 678 127;7;0;2;3;15;1
202300001386;155 678 129;7;0;2;8;1;1
202300001386;155 678 131;34;0;2;3;1;1
202300001387;155 678 124;1;0;2;8;1;5
202300001387;155 678 126;7;0;2;1;19;1
202300001388;155 678 122;31;0;2;3;17;1
202300001388;155 678 125;7;1;2;3;15;1
202300001389;155 678 121;33;0;0;0;1;1
202300001390;155 678 120;32;0;2;1;15;0
202300001390;155 678 123;14;0;2;3;1;0
202300001391;155 678 117;2;0;2;2;2;1
202300001391;155 678 119;7;0;2;3;15;1
202300001392;155 678 116;1;0;0;-1;1;5
202300001393;155 678 115;1;0;2;1;26;5
202300001393;155 678 118;7;0;2;3;9;1
202300001394;155 678 112;10;8;0;3;13;1
202300001395;155 678 110;7;0;2;6;16;1
202300001395;155 678 114;7;0;2;6;21;1
202300001396;155 678 111;2;0;2;1;15;1
202300001396;155 678 113;7;0;2;8;1;1
202300001397;155 678 108;10;0;0;0;0;0
202300001397;155 678 109;33;0;2;0;0;0
202300001398;155 678 105;10;0;2;1;1;1
202300001398;155 678 107;32;0;2;1;5;1
202300001399;155 678 104;7;6;1;1;25;1
202300001400;155 678 103;7;0;0;1;1;1
202300001400;155 678 106;31;0;0;8;1;1
202300001401;155 678 102;7;0;1;1;1;1
202300001402;155 678 100;10;0;2;7;12;1
202300001402;155 678 101;33;0;2;3;2;1
202300001403;155 678 097;7;0;0;1;1;1
202300001404;155 678 096;7;0;0;3;9;1
202300001404;155 678 098;1;0;0;7;1;5
202300001405;155 678 099;7;0;1;3;15;0
202300001406;155 678 094;31;0;2;6;12;1
202300001406;155 678 095;15;0;2;2;2;1
202300001407;155 678 093;10;6;0;1;14;1
202300001408;155 678 090;1;0;2;3;1;5
202300001408;155 678 092;7;0;2;8;13;1
202300001409;155 678 089;7;0;2;1;26;0
202300001409;155 678 091;10;0;2;6;2;1
202300001410;155 678 087;7;13;0;0;0;1
202300001411;155 678 086;80;0;2;7;1;3
202300001411;155 678 088;7;0;2;2;15;1
202300001412;155 678 084;33;0;2;1;1;1
202300001412;155 678 085;21;0;2;1;15;1
202300001413;155 678 083;30;0;1;1;1;1
202300001414;155 678 079;33;0;2;1;1;1
202300001414;155 678 082;7;0;2;7;19;1
202300001415;155 678 078;7;0;2;3;9;1
202300001415;155 678 080;2;0;2;7;9;3
202300001416;155 678 077;7;0;2;2;5;2
202300001416;155 678 081;1;0;2;1;1;5
202300001417;155 678 076;7;0;1;2;1;1
202300001418;155 678 071;35;0;2;1;9;1
202300001418;155 678 074;10;0;2;3;1;1
202300001419;155 678 072;7;0;2;3;1;1
202300001419;155 678 075;7;0;2;3;13;1
202300001420;155 678 070;7;0;2;8;15;1
202300001420;155 678 073;30;0;2;1;1;1
202300001421;155 678 069;7;0;1;1;1;1
202300001422;155 678 066;7;0;1;1;1;1
202300001423;155 678 065;7;0;9;2;2;1
202300001423;155 678 068;1;0;0;8;1;5
202300001424;155 678 064;50;0;2;1;7;3
202300001424;155 678 067;7;0;2;3;1;1
202300001425;155 678 062;21;0;0;0;14;1
202300001426;155 678 061;31;0;1;1;1;1
202300001427;155 678 060;7;0;2;1;17;1
202300001427;155 678 063;31;0;2;7;19;1
202300001428;155 678 059;10;14;0;1;9;1
202300001429;155 678 058;33;8;0;1;1;1
202300001430;155 678 055;7;0;2;3;9;1
202300001430;155 678 057;1;0;2;2;9;5
202300001431;155 678 050;10;0;2;2;1;1
202300001431;155 678 052;33;0;2;1;26;1
202300001432;155 678 048;7;0;2;8;9;1
202300001432;155 678 053;7;0;2;1;1;0
202300001433;155 678 049;7;0;2;2;2;1
202300001433;155 678 051;7;0;2;6;23;1
202300001433;155 678 054;7;0;2;8;23;1
202300001433;155 678 056;7;0;2;5;23;1
202300001434;155 678 046;7;1;0;9;1;1
202300001435;155 678 044;30;0;1;0;3;1
202300001435;155 678 047;60;0;1;8;0;5
202300001436;155 678 045;33;0;0;9;1;1
202300001437;155 678 043;3;0;1;0;26;-1
202300001438;155 678 041;7;0;2;3;20;1
202300001438;155 678 042;30;1;2;2;0;1
202300001439;155 678 039;7;2;0;3;0;1
202300001440;155 678 040;7;0;1;4;20;0
202300001441;155 678 037;7;2;0;7;0;1
202300001442;155 678 036;10;0;1;5;26;1
202300001443;155 678 035;10;0;2;2;15;1
202300001443;155 678 038;33;0;2;1;1;1
202300001444;155 678 033;7;0;2;3;17;1
202300001444;155 678 034;7;0;2;3;1;1
202300001445;155 678 032;7;0;1;1;1;1
202300001446;155 678 031;7;17;0;1;1;1
202300001447;155 678 030;7;2;0;7;1;1
202300001448;155 678 027;7;0;2;3;11;1
202300001448;155 678 029;7;0;2;1;14;0
202300001449;155 678 025;7;2;0;7;1;1
202300001450;155 678 026;7;0;2;1;17;1
202300001450;155 678 028;7;0;2;4;1;1
202300001451;155 678 022;10;0;1;4;20;1
202300001452;155 678 020;7;8;2;1;1;1
202300001452;155 678 024;7;0;2;3;0;1
202300001453;155 678 021;33;0;2;8;13;1
202300001453;155 678 023;7;0;2;3;1;1
202300001454;155 678 017;33;15;0;3;1;1
202300001455;155 678 016;50;0;2;4;2;3
202300001455;155 678 019;7;0;2;4;2;0
202300001456;155 678 014;10;0;0;6;2;1
202300001456;155 678 015;33;0;2;1;0;1
202300001456;155 678 018;7;0;9;0;0;1
202300001457;155 678 012;2;0;2;1;13;1
202300001457;155 678 013;7;0;2;3;1;1
202300001458;155 678 011;7;0;1;3;15;1
202300001459;155 678 010;7;0;1;2;0;1
202300001460;155 678 009;1;14;0;1;1;5
202300001461;155 678 007;7;1;2;4;23;1
202300001461;155 678 008;7;0;2;1;2;1
202300001462;155 678 005;33;0;2;1;2;1
202300001462;155 678 006;10;0;0;4;2;0
202300001463;155 678 002;31;12;0;1;1;1
202300001464;155 678 003;7;0;2;3;15;1
202300001464;155 678 004;1;0;2;1;1;5
202300001465;155 678 000;7;0;2;3;9;0
202300001465;155 678 001;33;1;2;1;1;1
202300001466;155 677 998;10;0;2;1;0;1
202300001466;155 677 999;50;0;2;1;0;3
202300001467;155 677 997;7;0;0;0;1;1
202300001468;155 677 994;50;0;2;1;19;3
202300001468;155 677 996;7;0;2;2;1;0
202300001469;155 677 991;7;0;2;3;15;3
202300001469;155 677 993;33;0;2;3;1;1
202300001470;155 677 988;50;0;2;5;25;3
202300001470;155 677 990;7;0;2;2;1;1
202300001471;155 677 987;30;0;2;8;1;1
202300001471;155 677 989;7;0;2;0;15;1
202300001472;155 677 986;7;0;1;1;2;2
202300001473;155 677 984;7;0;2;6;2;1
202300001473;155 677 985;10;0;2;2;0;1
202300001474;155 677 982;33;0;2;3;5;1
202300001474;155 677 983;7;0;2;7;1;1
202300001475;155 677 980;7;0;2;1;5;1
202300001475;155 677 981;7;0;2;1;1;1
202300001476;155 677 978;2;0;2;8;8;1
202300001476;155 677 979;7;0;2;1;15;1
202300001477;155 677 977;7;17;0;7;1;1
202300001478;155 677 976;7;0;1;1;25;1
202300001479;155 677 972;30;0;2;1;17;1
202300001479;155 677 974;7;0;0;6;23;1
202300001479;155 677 975;21;0;2;3;1;1
202300001480;155 677 971;50;0;2;1;5;3
202300001480;155 677 973;7;0;2;3;15;1
202300001481;155 677 967;17;0;2;1;2;1
202300001481;155 677 968;7;0;2;4;2;1
202300001481;155 677 970;17;0;2;1;2;1
202300001482;155 677 966;2;0;2;1;17;1
202300001482;155 677 969;7;0;0;6;15;1
202300001483;155 677 965;7;0;1;1;1;1
202300001484;155 677 963;1;0;0;0;25;5
202300001485;155 677 962;10;0;2;8;1;1
202300001485;155 677 964;1;0;2;1;19;5
202300001486;155 677 959;7;0;2;8;1;1
202300001486;155 677 960;7;0;2;3;1;1
202300001486;155 677 961;7;0;2;8;13;1
202300001487;155 677 954;33;0;2;1;1;1
202300001487;155 677 955;7;0;2;1;5;1
202300001487;155 677 956;33;0;2;1;1;1
202300001488;155 677 957;7;0;9;1;15;1
202300001488;155 677 958;80;0;2;8;1;3
202300001489;155 677 952;31;13;0;2;1;1
202300001490;155 677 950;7;0;2;6;1;1
202300001490;155 677 951;1;0;2;0;0;5
202300001490;155 677 953;33;0;2;1;2;1
202300001491;155 677 947;30;0;2;1;2;1
202300001491;155 677 949;7;0;0;5;2;1
202300001492;155 677 948;33;15;0;1;14;1
202300001493;155 677 946;31;0;1;1;2;0
202300001494;155 677 943;7;0;1;1;1;0
202300001495;155 677 944;2;0;2;3;15;1
202300001495;155 677 945;2;0;2;2;17;1
202300001496;155 677 942;34;0;1;1;1;0
202300001497;155 677 938;30;0;2;7;16;1
202300001497;155 677 940;7;0;2;3;15;2
202300001498;155 677 939;2;0;2;7;0;1
202300001498;155 677 941;0;0;0;0;0;0
202300001499;155 677 936;7;16;0;0;1;1
202300001499;155 677 937;7;0;0;0;17;0
202300001500;155 677 934;7;0;2;1;1;1
202300001500;155 677 935;7;0;2;8;19;1
202300001501;155 677 933;2;0;0;0;1;0
202300001502;155 677 931;7;0;2;1;9;1
202300001502;155 677 932;2;0;0;7;1;1
202300001503;155 677 929;7;0;2;2;9;1
202300001503;155 677 930;50;0;2;1;1;3
202300001504;155 677 926;7;0;2;8;15;0
202300001504;155 677 927;1;0;2;1;23;5
202300001505;155 677 925;7;0;2;4;1;1
202300001505;155 677 928;7;0;2;1;0;1
202300001506;155 677 922;30;0;2;1;9;0
202300001506;155 677 924;10;0;2;6;1;1
202300001507;155 677 918;7;0;2;5;2;1
202300001507;155 677 920;7;0;2;3;2;1
202300001507;155 677 923;7;0;2;1;0;1
202300001508;155 677 919;60;0;2;1;0;5
202300001508;155 677 921;7;0;2;1;25;1
202300001509;155 677 914;7;0;2;1;1;1
202300001509;155 677 917;7;0;2;4;1;2
202300001510;155 677 912;40;0;2;1;2;3
202300001510;155 677 913;1;0;4;8;26;5
202300001511;155 677 911;31;0;2;1;2;1
202300001512;155 677 909;40;0;2;2;1;2
202300001512;155 677 910;7;0;4;3;15;1
202300001513;155 677 907;7;0;2;1;2;1
202300001513;155 677 908;10;0;2;4;2;1
202300001514;155 677 906;10;-1;1;4;25;1
202300001515;155 677 903;7;0;2;0;14;1
202300001515;155 677 905;33;0;2;3;1;1
202300001516;155 677 902;32;0;2;1;1;1
202300001516;155 677 904;7;0;2;1;1;0
202300001517;155 677 901;33;0;2;1;1;1
202300001518;155 677 899;3;0;2;5;19;1
202300001518;155 677 900;1;0;2;1;1;5
202300001519;155 677 898;32;0;2;7;1;3
202300001520;155 677 896;7;0;2;1;2;0
202300001520;155 677 897;14;0;2;4;0;0
202300001521;155 677 893;7;0;1;3;16;0
202300001522;155 677 892;10;0;2;4;2;1
202300001522;155 677 894;7;0;2;1;2;1
202300001522;155 677 895;10;0;2;4;2;1
202300001523;155 677 891;7;0;1;3;1;2
202300001524;155 677 887;7;0;2;7;15;0
202300001524;155 677 889;33;0;2;1;1;0
202300001525;155 677 886;33;0;2;9;1;1
202300001525;155 677 888;7;0;2;2;1;1
202300001525;155 677 890;7;0;2;8;26;1
202300001526;155 677 883;33;0;0;1;21;1
202300001526;155 677 884;7;0;0;0;1;1
202300001526;155 677 885;7;0;0;0;13;1
202300001527;155 677 882;32;0;2;7;3;1
202300001528;155 677 878;7;0;2;3;11;1
202300001528;155 677 880;33;0;2;1;3;1
202300001529;155 677 877;7;0;2;0;17;0
202300001529;155 677 879;31;0;2;3;1;1
202300001529;155 677 881;38;0;2;5;17;1
202300001530;155 677 875;7;15;0;1;1;0
202300001531;155 677 874;7;0;2;5;14;1
202300001531;155 677 876;33;0;2;8;3;1
202300001532;155 677 872;7;0;2;3;1;1
202300001532;155 677 873;2;0;2;1;19;3
202300001533;155 677 869;10;0;2;1;2;1
202300001533;155 677 870;7;0;2;4;2;1
202300001533;155 677 871;7;0;2;4;2;1
202300001534;155 677 867;7;0;2;8;1;1
202300001534;155 677 868;50;0;2;1;13;3
202300001535;155 677 865;7;0;2;1;2;1
202300001535;155 677 866;7;0;2;4;2;1
202300001536;155 677 863;7;0;2;1;1;1
202300001536;155 677 864;7;0;2;4;2;1
202300001537;155 677 862;7;13;0;1;0;1
202300001538;155 677 859;7;0;2;2;14;1
202300001538;155 677 860;7;0;2;6;1;1
202300001539;155 677 858;7;0;2;3;9;1
202300001539;155 677 861;2;0;2;1;1;1
202300001540;155 677 856;0;0;1;1;26;0
202300001541;155 677 855;7;0;2;7;1;1
202300001541;155 677 857;7;0;2;1;1;0
202300001542;155 677 852;7;0;1;1;16;1
202300001543;155 677 851;15;14;2;0;9;1
202300001543;155 677 853;33;0;2;2;21;1
202300001544;155 677 850;32;0;1;1;3;1
202300001545;155 677 848;50;0;2;7;26;3
202300001545;155 677 849;7;0;2;2;1;1
202300001546;155 677 845;1;0;0;0;0;5
202300001547;155 677 843;7;0;1;0;0;0
202300001548;155 677 842;7;0;2;3;15;1
202300001548;155 677 844;33;0;2;1;17;1
202300001549;155 677 841;7;7;0;5;2;1
202300001550;155 677 837;7;0;2;5;2;0
202300001550;155 677 839;7;8;2;3;12;0
202300001550;155 677 840;7;0;2;4;0;0
202300001551;155 677 838;7;6;0;1;1;1
202300001552;155 677 835;7;0;2;1;1;1
202300001552;155 677 836;7;0;2;8;1;1
202300001553;155 677 834;7;0;1;3;15;1
202300001554;155 677 829;50;0;2;1;1;3
202300001554;155 677 831;33;0;9;2;1;1
202300001555;155 677 823;30;0;2;1;2;1
202300001555;155 677 826;7;0;2;4;16;1
202300001556;155 677 815;7;0;2;1;1;1
202300001556;155 677 816;2;0;2;5;1;1
202300001557;155 677 817;7;14;0;1;2;1
202300001557;155 677 820;7;1;0;4;23;0
202300001557;155 677 821;7;0;2;4;23;1
202300001558;155 677 814;7;14;0;2;6;1
202300001559;155 677 811;60;0;0;0;1;5
202300001560;155 677 812;7;0;2;1;9;1
202300001560;155 677 813;7;0;2;5;0;1
202300001561;155 677 808;10;0;2;6;0;1
202300001561;155 677 809;7;0;2;2;2;1
202300001561;155 677 810;10;0;2;2;2;1
202300001562;155 677 806;7;0;2;1;5;0
202300001562;155 677 807;7;0;2;8;19;0
202300001563;155 677 804;2;0;2;1;18;1
202300001563;155 677 805;10;0;0;5;20;1
202300001564;155 677 800;7;16;2;1;1;1
202300001564;155 677 802;7;8;2;7;15;1
202300001565;155 677 801;30;0;2;1;2;1
202300001565;155 677 803;7;0;2;8;15;1
202300001566;155 677 797;80;12;2;1;1;3
202300001566;155 677 798;80;0;2;1;1;3
202300001567;155 677 795;7;4;2;1;1;1
202300001567;155 677 796;7;0;2;1;1;1
202300001567;155 677 799;14;0;2;1;1;1
202300001568;155 677 793;1;0;2;1;1;0
202300001568;155 677 794;10;0;2;1;26;1
202300001569;155 677 791;10;0;2;2;15;1
202300001569;155 677 792;33;0;2;1;1;1
202300001570;155 677 790;33;0;1;1;19;1
202300001571;155 677 788;1;0;0;3;1;5
202300001571;155 677 789;10;0;2;3;15;1
202300001572;155 677 785;10;0;2;1;1;1
202300001572;155 677 787;7;0;2;4;1;1
202300001573;155 677 784;7;0;2;7;10;1
202300001573;155 677 786;99;0;2;1;2;3
202300001574;155 677 783;33;1;0;1;1;1
202300001575;155 677 781;33;0;2;8;1;1
202300001575;155 677 782;7;0;2;7;12;1
202300001576;155 677 779;17;0;1;3;1;1
202300001577;155 677 778;7;0;2;1;0;1
202300001577;155 677 780;7;0;2;3;0;1
202300001578;155 677 777;7;0;1;1;2;1
202300001579;155 677 774;7;0;2;3;0;1