Num_Acc;id_vehicule;catv;obs;obsm;choc;manv;motor
202300001579;155 677 776;2;0;2;3;15;1
202300001580;155 677 773;7;0;2;3;1;1
202300001580;155 677 775;50;0;0;2;0;3
202300001581;155 677 771;7;0;1;1;1;1
202300001582;155 677 772;7;0;1;3;15;1
202300001583;155 677 770;1;3;0;4;2;5
202300001584;155 677 768;7;3;0;2;2;4
202300001585;155 677 767;7;0;2;3;15;1
202300001585;155 677 769;33;0;2;1;17;1
202300001586;155 677 765;30;0;2;1;5;6
202300001586;155 677 766;14;0;2;6;15;6
202300001587;155 677 764;7;0;1;1;1;3
202300001588;155 677 760;7;1;0;1;2;1
202300001588;155 677 762;10;0;2;4;2;1
202300001588;155 677 763;7;1;0;4;2;1
202300001589;155 677 761;7;0;1;3;15;1
202300001590;155 677 759;7;4;0;3;1;1
202300001591;155 677 755;10;0;2;4;1;1
202300001591;155 677 756;33;0;2;1;3;1
202300001591;155 677 757;33;0;2;4;3;1
202300001592;155 677 750;10;0;2;1;1;1
202300001592;155 677 752;10;0;2;4;1;1
202300001592;155 677 753;7;0;2;4;1;1
202300001593;155 677 749;14;0;2;8;15;1
202300001593;155 677 751;33;0;2;7;17;1
202300001594;155 677 748;7;4;0;1;1;1
202300001595;155 677 746;31;0;2;1;1;1
202300001595;155 677 747;7;0;2;2;5;1
202300001596;155 677 741;99;0;0;0;1;1
202300001596;155 677 742;7;0;9;1;1;1
202300001596;155 677 744;7;0;9;3;0;1
202300001596;155 677 745;7;0;9;1;1;1
202300001597;155 677 740;7;0;2;7;13;1
202300001597;155 677 743;7;0;2;8;15;1
202300001598;155 677 738;50;0;2;4;2;3
202300001598;155 677 739;7;0;2;1;2;1
202300001599;155 677 736;7;0;2;3;1;1
202300001599;155 677 737;2;0;2;8;13;1
202300001600;155 677 735;7;0;1;1;1;1
202300001601;155 677 732;7;0;2;1;2;1
202300001601;155 677 734;7;0;2;0;2;1
202300001602;155 677 731;7;0;2;1;1;1
202300001602;155 677 733;7;0;2;8;16;1
202300001603;155 677 730;10;0;1;2;1;1
202300001604;155 677 729;17;0;0;1;14;1
202300001605;155 677 728;33;12;0;2;1;1
202300001606;155 677 725;7;0;2;2;16;0
202300001606;155 677 726;1;0;0;1;1;5
202300001607;155 677 724;30;0;2;2;21;1
202300001607;155 677 727;10;0;2;7;15;1
202300001608;155 677 721;7;0;2;1;1;2
202300001608;155 677 722;1;0;2;8;1;5
202300001609;155 677 718;1;0;2;8;16;5
202300001609;155 677 719;7;0;0;1;16;1
202300001610;155 677 715;7;0;2;3;1;3
202300001610;155 677 716;15;0;2;8;1;1
202300001610;155 677 717;7;0;2;3;13;1
202300001611;155 677 714;7;0;1;-1;0;-1
202300001612;155 677 713;14;0;1;1;16;1
202300001613;155 677 711;7;0;2;7;15;1
202300001613;155 677 712;33;0;2;2;1;1
202300001614;155 677 710;7;0;2;1;1;1
202300001615;155 677 706;33;1;0;2;3;1
202300001615;155 677 708;15;0;2;6;24;1
202300001616;155 677 707;10;0;2;7;15;0
202300001616;155 677 709;7;0;0;0;0;0
202300001617;155 677 704;7;0;1;7;1;1
202300001618;155 677 703;7;0;2;2;2;1
202300001618;155 677 705;1;0;2;9;1;5
202300001619;155 677 701;7;0;1;1;1;1
202300001620;155 677 700;50;0;2;0;0;3
202300001620;155 677 702;10;0;2;2;16;1
202300001621;155 677 699;1;0;0;0;1;5
202300001622;155 677 698;7;0;1;1;1;1
202300001623;155 677 697;1;0;0;1;1;5
202300001624;155 677 695;7;0;1;1;9;1
202300001625;155 677 694;7;0;2;2;16;1
202300001625;155 677 696;31;0;2;3;1;1
202300001626;155 677 692;50;0;0;0;1;3
202300001627;155 677 691;32;0;2;1;1;1
202300001627;155 677 693;7;0;2;1;15;1
202300001628;155 677 689;7;2;0;1;2;1
202300001629;155 677 690;30;12;0;2;19;1
202300001630;155 677 688;1;0;0;1;1;5
202300001631;155 677 685;1;0;0;1;1;5
202300001632;155 677 686;7;0;2;1;15;0
202300001632;155 677 687;1;0;2;0;19;5
202300001633;155 677 684;1;0;0;1;23;5
202300001634;155 677 681;1;0;2;1;1;5
202300001634;155 677 683;7;0;2;2;15;1
202300001635;155 677 680;33;0;2;8;16;1
202300001635;155 677 682;10;0;2;7;1;1
202300001636;155 677 677;50;0;2;7;19;3
202300001636;155 677 678;7;0;2;2;16;1
202300001637;155 677 674;10;0;2;3;1;1
202300001637;155 677 675;7;0;2;5;1;1
202300001638;155 677 676;33;0;2;1;1;1
202300001638;155 677 679;7;0;2;2;15;1
202300001639;155 677 672;7;0;2;3;0;1
202300001639;155 677 673;7;0;2;1;0;1
202300001640;155 677 670;7;0;2;7;26;1
202300001640;155 677 671;15;0;2;7;17;1
202300001641;155 677 667;13;0;2;3;13;1
202300001641;155 677 668;7;0;2;3;1;2
202300001642;155 677 666;7;8;0;7;1;1
202300001643;155 677 665;37;0;1;3;7;6
202300001644;155 677 662;7;0;1;2;0;1
202300001645;155 677 661;7;0;1;1;1;1
202300001646;155 677 660;7;0;0;9;1;1
202300001647;155 677 656;7;0;2;1;13;1
202300001647;155 677 657;7;0;2;8;1;1
202300001648;155 677 654;7;12;2;8;9;1
202300001648;155 677 655;7;0;2;1;1;1
202300001649;155 677 649;1;0;2;1;15;5
202300001649;155 677 650;7;0;2;8;1;1
202300001650;155 677 648;7;0;0;2;1;6
202300001651;155 677 647;7;0;0;0;1;1
202300001652;155 677 644;7;0;2;1;17;0
202300001652;155 677 645;7;0;2;1;1;0
202300001652;155 677 646;7;0;0;6;23;0
202300001653;155 677 643;7;1;1;2;20;6
202300001654;155 677 640;7;13;0;9;13;1
202300001655;155 677 639;7;0;2;1;13;1
202300001655;155 677 641;14;0;2;1;1;1
202300001655;155 677 642;7;0;2;1;1;1
202300001656;155 677 635;7;0;2;4;2;1
202300001656;155 677 638;7;0;2;2;1;0
202300001657;155 677 633;7;0;2;1;2;1
202300001657;155 677 634;7;0;2;4;23;1
202300001657;155 677 636;7;0;2;4;1;1
202300001657;155 677 637;17;0;0;4;1;1
202300001658;155 677 632;7;13;0;1;14;1
202300001659;155 677 629;33;0;2;1;26;1
202300001659;155 677 630;7;0;2;3;15;1
202300001660;155 677 627;7;0;2;7;13;1
202300001660;155 677 628;7;0;2;1;1;1
202300001661;155 677 625;7;0;2;1;1;1
202300001661;155 677 626;38;0;2;8;15;1
202300001662;155 677 624;2;0;0;0;15;1
202300001663;155 677 622;7;0;9;2;17;1
202300001663;155 677 623;80;0;2;3;1;3
202300001664;155 677 621;7;8;0;8;2;1
202300001665;155 677 620;7;3;0;3;0;1
202300001666;155 677 618;15;0;0;2;1;1
202300001666;155 677 619;7;0;2;2;13;1
202300001667;155 677 617;2;0;0;0;1;1
202300001668;155 677 615;7;0;1;1;1;1
202300001669;155 677 614;7;0;2;3;13;1
202300001669;155 677 616;7;0;2;3;1;1
202300001670;155 677 612;1;0;0;8;1;5
202300001670;155 677 613;7;0;2;1;15;1
202300001671;155 677 610;7;0;2;3;0;0
202300001671;155 677 611;10;0;2;3;0;1
202300001672;155 677 606;7;4;2;3;1;1
202300001672;155 677 607;7;6;2;3;1;1
202300001673;155 677 605;7;0;2;3;1;1
202300001673;155 677 608;7;0;2;5;15;1
202300001673;155 677 609;7;12;2;3;21;1
202300001674;155 677 603;7;3;0;9;1;1
202300001675;155 677 602;3;0;2;1;15;1
202300001675;155 677 604;7;0;2;3;1;1
202300001676;155 677 599;7;0;0;0;1;1
202300001676;155 677 600;33;0;0;0;21;1
202300001677;155 677 601;7;0;1;2;1;1
202300001678;155 677 597;10;0;0;2;1;1
202300001679;155 677 598;7;13;0;9;6;0
202300001680;155 677 596;7;13;0;2;14;1
202300001681;155 677 593;7;0;2;3;15;1
202300001681;155 677 595;2;0;2;1;1;1
202300001682;155 677 590;7;2;2;1;13;1
202300001682;155 677 591;7;0;2;3;1;1
202300001683;155 677 587;7;0;0;2;1;1
202300001684;155 677 588;7;0;2;1;2;1
202300001684;155 677 589;7;0;0;4;1;3
202300001685;155 677 584;7;0;2;1;13;1
202300001685;155 677 586;13;0;0;1;1;1
202300001686;155 677 583;31;0;2;7;1;0
202300001686;155 677 585;7;0;2;2;15;0
202300001687;155 677 581;15;0;2;4;26;1
202300001687;155 677 582;2;0;2;1;23;1
202300001688;155 677 579;7;0;2;2;17;1
202300001688;155 677 580;33;0;2;1;1;1
202300001689;155 677 576;10;0;2;1;1;0
202300001689;155 677 577;10;0;2;2;14;0
202300001690;155 677 575;7;0;2;1;1;1
202300001690;155 677 578;1;0;2;1;0;5
202300001691;155 677 574;17;3;0;0;1;1
202300001692;155 677 572;7;0;2;2;1;1
202300001692;155 677 573;7;0;2;3;1;1
202300001693;155 677 569;7;2;0;7;1;0
202300001694;155 677 570;7;13;2;3;1;1
202300001694;155 677 571;17;0;2;6;20;1
202300001695;155 677 568;10;0;1;1;1;1
202300001696;155 677 567;33;0;0;8;0;1
202300001697;155 677 565;7;8;2;1;1;1
202300001697;155 677 566;7;0;2;3;1;1
202300001698;155 677 563;7;3;0;9;0;1
202300001699;155 677 564;7;0;0;1;1;1
202300001700;155 677 561;7;0;1;3;1;1
202300001701;155 677 557;33;0;2;1;1;1
202300001701;155 677 560;10;0;2;8;9;1
202300001702;155 677 558;7;0;9;3;1;1
202300001702;155 677 559;10;8;2;9;16;1
202300001702;155 677 562;7;0;2;4;1;1
202300001703;155 677 555;10;0;1;4;4;1
202300001704;155 677 554;1;0;2;4;1;5
202300001704;155 677 556;7;0;2;2;1;1
202300001705;155 677 553;7;13;0;2;16;0
202300001706;155 677 548;7;0;2;3;1;1
202300001706;155 677 549;10;0;2;6;9;1
202300001706;155 677 551;7;0;0;3;23;1
202300001706;155 677 552;7;0;0;3;23;1
202300001707;155 677 547;7;0;2;1;13;1
202300001707;155 677 550;15;0;2;1;1;0
202300001708;155 677 546;7;13;0;2;1;1
202300001709;155 677 545;7;2;0;9;1;1
202300001710;155 677 542;7;0;2;1;13;1
202300001710;155 677 544;7;0;2;1;13;1
202300001711;155 677 541;7;0;2;3;0;1
202300001711;155 677 543;7;0;2;2;1;1
202300001712;155 677 540;7;0;1;2;1;1
202300001713;155 677 539;33;0;0;0;1;0
202300001714;155 677 537;7;0;2;1;2;1
202300001714;155 677 538;7;0;0;4;1;1
202300001715;155 677 535;7;0;2;5;2;1
202300001715;155 677 536;7;0;2;1;2;1
202300001716;155 677 533;7;0;2;1;12;0
202300001716;155 677 534;7;0;2;4;1;0
202300001717;155 677 530;7;0;2;1;21;1
202300001717;155 677 532;7;0;2;4;2;1
202300001718;155 677 529;10;0;2;1;14;1
202300001718;155 677 531;15;0;0;5;1;1
202300001719;155 677 528;7;13;0;2;14;1
202300001720;155 677 526;7;0;2;9;11;1
202300001720;155 677 527;7;0;2;2;1;1
202300001721;155 677 525;10;0;1;1;0;1
202300001722;155 677 522;99;0;2;1;2;1
202300001722;155 677 523;99;0;2;1;2;1
202300001722;155 677 524;99;0;2;4;2;1
202300001723;155 677 521;7;4;0;1;15;0
202300001724;155 677 519;10;0;0;6;10;1
202300001724;155 677 520;31;0;0;2;17;1
202300001725;155 677 516;7;0;2;4;2;1
202300001725;155 677 518;7;0;2;1;0;1
202300001726;155 677 513;32;0;2;3;1;1
202300001726;155 677 517;7;0;2;1;9;2
202300001727;155 677 512;10;0;2;4;1;1
202300001727;155 677 514;7;0;2;1;2;1
202300001727;155 677 515;31;1;2;1;3;1
202300001728;155 677 507;7;0;2;8;12;1
202300001728;155 677 508;43;0;2;0;0;1
202300001728;155 677 510;7;0;2;6;0;1
202300001729;155 677 504;2;0;0;8;26;1
202300001730;155 677 505;31;0;2;1;3;1
202300001730;155 677 506;7;0;2;0;11;0
202300001731;155 677 503;7;0;1;3;1;1
202300001732;155 677 500;7;16;0;0;1;1
202300001733;155 677 501;7;0;2;6;1;1
202300001733;155 677 502;15;0;2;2;11;1
202300001734;155 677 498;7;0;1;1;9;0
202300001735;155 677 496;7;0;2;1;2;1
202300001735;155 677 497;10;0;2;4;23;1
202300001735;155 677 499;10;0;2;4;23;1
202300001736;155 677 494;33;0;0;7;21;1
202300001737;155 677 493;7;0;2;2;1;1
202300001737;155 677 495;50;0;0;8;19;3
202300001738;155 677 489;7;0;0;2;15;0
202300001738;155 677 491;1;0;0;8;1;5
202300001739;155 677 488;10;0;9;1;2;1
202300001739;155 677 490;7;0;2;1;2;1
202300001739;155 677 492;10;0;2;4;2;1
202300001740;155 677 487;31;14;0;1;1;1
202300001741;155 677 485;33;0;2;1;2;1
202300001741;155 677 486;7;0;2;4;2;1
202300001742;155 677 483;7;0;2;8;1;1
202300001742;155 677 484;14;0;2;2;12;1
202300001743;155 677 482;7;0;0;3;4;1
202300001744;155 677 481;7;4;0;1;1;1
202300001745;155 677 478;7;4;2;3;2;1
202300001746;155 677 479;7;0;0;3;26;1
202300001746;155 677 480;33;0;2;1;17;1
202300001747;155 677 475;7;4;0;1;15;1
202300001748;155 677 476;7;0;2;3;1;1
202300001748;155 677 477;2;0;2;1;15;1
202300001749;155 677 473;7;4;0;1;21;1
202300001750;155 677 472;1;0;2;1;1;5
202300001750;155 677 474;10;0;9;3;15;3
202300001751;155 677 471;7;4;0;1;14;1
202300001752;155 677 467;7;0;2;1;14;1
202300001752;155 677 469;7;0;2;4;14;1
202300001753;155 677 466;7;0;1;1;1;-1
202300001754;155 677 468;7;0;2;1;1;1
202300001754;155 677 470;7;7;2;2;1;1
202300001755;155 677 464;1;0;0;7;19;5
202300001755;155 677 465;7;0;2;1;1;1
202300001756;155 677 460;7;0;2;2;5;2
202300001756;155 677 461;1;0;2;1;1;5
202300001757;155 677 459;7;8;2;6;17;1
202300001757;155 677 462;7;0;2;6;2;1
202300001757;155 677 463;7;0;2;2;17;1
202300001758;155 677 458;10;0;1;1;1;1
202300001759;155 677 455;10;0;2;4;2;1
202300001759;155 677 456;99;0;2;4;2;1
202300001759;155 677 457;7;0;2;1;1;1
202300001760;155 677 452;7;4;0;2;1;1
202300001761;155 677 453;33;0;2;1;13;0
202300001761;155 677 454;7;0;9;2;1;0
202300001762;155 677 451;33;14;0;1;1;1
202300001763;155 677 450;2;0;1;0;17;1
202300001764;155 677 447;7;0;2;6;23;0
202300001764;155 677 449;7;1;2;2;2;0
202300001765;155 677 446;7;0;2;1;1;1
202300001765;155 677 448;33;2;2;1;17;1
202300001766;155 677 445;33;0;0;7;1;1
202300001767;155 677 444;7;8;0;1;5;1
202300001768;155 677 443;7;0;0;9;11;1
202300001769;155 677 441;33;0;2;3;3;1
202300001769;155 677 442;7;0;2;5;2;1
202300001770;155 677 439;7;0;2;1;13;1
202300001770;155 677 440;7;0;2;1;21;1
202300001771;155 677 436;7;0;2;1;13;1
202300001771;155 677 437;33;0;2;1;1;1
202300001772;155 677 435;13;0;2;1;2;1
202300001772;155 677 438;7;0;2;4;2;1
202300001773;155 677 434;7;0;1;4;4;1
202300001774;155 677 433;7;0;1;0;0;0
202300001775;155 677 429;1;14;0;1;19;5
202300001776;155 677 428;33;0;2;3;3;1
202300001776;155 677 431;7;0;2;6;2;1
202300001776;155 677 432;7;0;2;6;2;1
202300001777;155 677 425;7;0;2;3;1;1
202300001777;155 677 427;2;0;2;2;19;1
202300001778;155 677 424;7;0;2;1;1;1
202300001778;155 677 426;7;0;2;1;15;1
202300001779;155 677 422;7;0;2;3;26;1
202300001779;155 677 423;50;0;2;1;1;3
202300001780;155 677 419;7;0;9;1;1;1
202300001780;155 677 420;1;0;2;1;5;5
202300001781;155 677 421;50;0;1;1;1;3
202300001782;155 677 418;7;15;0;1;1;1
202300001783;155 677 416;31;0;2;1;1;1
202300001783;155 677 417;7;0;2;7;15;1
202300001784;155 677 413;13;0;2;2;15;1
202300001784;155 677 415;7;0;2;1;2;1
202300001785;155 677 412;7;0;2;1;12;1
202300001785;155 677 414;10;0;2;4;1;1
202300001786;155 677 409;7;0;2;2;26;1
202300001786;155 677 411;7;0;2;1;9;1
202300001787;155 677 406;7;0;2;8;16;1
202300001787;155 677 407;7;0;2;8;23;3
202300001788;155 677 405;7;0;2;2;1;1
202300001788;155 677 408;7;0;2;1;1;1
202300001788;155 677 410;7;0;2;4;15;1
202300001789;155 677 403;7;0;2;4;1;0
202300001789;155 677 404;10;14;0;1;1;0
202300001790;155 677 399;10;0;2;3;19;1
202300001790;155 677 401;7;0;2;2;1;1
202300001791;155 677 400;7;9;2;8;1;1
202300001791;155 677 402;7;0;2;1;19;1
202300001792;155 677 396;33;0;2;2;17;1
202300001792;155 677 397;7;0;2;8;15;1
202300001793;155 677 394;33;0;0;9;2;1
202300001794;155 677 393;37;0;2;2;7;1
202300001794;155 677 395;7;0;2;3;1;1
202300001795;155 677 391;7;0;2;1;15;1
202300001795;155 677 392;31;0;2;8;1;1
202300001796;155 677 389;7;0;2;1;1;1
202300001796;155 677 390;60;0;2;7;19;5
202300001797;155 677 387;7;8;0;1;2;1
202300001798;155 677 379;7;0;2;3;13;1
202300001798;155 677 380;7;0;2;8;0;1
202300001798;155 677 381;7;8;2;8;1;1
202300001798;155 677 382;10;0;2;3;1;1
202300001798;155 677 383;7;0;2;6;1;1
202300001799;155 677 375;7;0;2;3;15;1
202300001799;155 677 377;34;0;2;1;1;1
202300001799;155 677 378;7;0;2;3;9;1
202300001800;155 677 372;32;0;2;4;1;1
202300001800;155 677 373;7;0;2;1;1;-1
202300001801;155 677 369;33;0;2;7;1;0
202300001801;155 677 370;7;0;2;1;1;1
202300001802;155 677 367;1;0;2;4;1;5
202300001802;155 677 368;7;0;2;1;2;1
202300001803;155 677 366;7;0;2;5;16;1
202300001803;155 677 371;7;0;2;1;19;1
202300001804;155 677 365;7;0;1;4;20;2
202300001805;155 677 363;7;0;2;1;1;1
202300001805;155 677 364;7;0;2;2;11;1
202300001806;155 677 360;33;0;0;9;1;1
202300001807;155 677 358;7;0;1;1;15;1
202300001808;155 677 357;37;0;2;1;1;1
202300001808;155 677 359;7;0;2;4;23;1
202300001809;155 677 356;7;11;0;1;1;1
202300001810;155 677 355;33;0;0;8;1;1
202300001811;155 677 353;7;2;2;1;21;1
202300001811;155 677 354;7;0;2;4;12;1
202300001812;155 677 348;7;0;2;8;1;0
202300001812;155 677 350;7;14;0;1;2;0
202300001812;155 677 352;7;0;2;8;17;0
202300001813;155 677 349;33;0;2;2;1;1
202300001813;155 677 351;1;0;2;6;9;5
202300001814;155 677 346;3;1;0;1;14;1
202300001814;155 677 347;7;0;2;4;24;1
202300001815;155 677 344;7;1;0;3;13;1
202300001816;155 677 340;34;0;2;0;0;0
202300001816;155 677 342;7;0;2;8;0;0
202300001817;155 677 336;7;0;2;1;2;1
202300001817;155 677 338;7;0;2;4;2;1
202300001818;155 677 337;80;0;2;8;19;3
202300001818;155 677 339;14;0;2;1;16;1
202300001819;155 677 333;7;0;2;1;2;1
202300001819;155 677 335;13;0;2;4;2;1
202300001820;155 677 332;7;0;0;5;0;1
202300001820;155 677 334;7;4;0;7;1;1
202300001821;155 677 329;7;0;2;2;13;1
202300001821;155 677 331;10;0;2;3;1;1
202300001822;155 677 328;33;0;2;1;26;1
202300001822;155 677 330;7;1;0;3;23;1
202300001823;155 677 327;30;0;0;0;1;1
202300001824;155 677 324;7;0;2;5;1;3
202300001824;155 677 326;50;0;2;1;19;3
202300001825;155 677 323;33;0;2;1;1;1
202300001825;155 677 325;7;0;2;5;15;1
202300001826;155 677 321;7;1;0;6;20;1
202300001826;155 677 322;3;1;0;2;1;1
202300001827;155 677 320;7;0;1;1;16;1
202300001828;155 677 318;1;0;2;1;1;5
202300001828;155 677 319;7;0;9;2;15;1
202300001829;155 677 316;7;0;2;3;15;1
202300001829;155 677 317;2;0;2;0;0;1
202300001830;155 677 313;7;0;2;4;1;1
202300001830;155 677 314;7;0;2;8;11;1
202300001830;155 677 315;43;0;2;7;3;1
202300001831;155 677 310;10;0;2;4;1;1
202300001831;155 677 312;7;0;2;1;2;1
202300001832;155 677 309;10;0;2;1;2;1
202300001832;155 677 311;38;0;2;4;2;1
202300001833;155 677 305;1;0;2;2;14;5
202300001833;155 677 307;1;0;2;3;12;5
202300001834;155 677 306;7;0;2;1;15;1
202300001834;155 677 308;7;0;2;3;1;1
202300001835;155 677 304;50;0;1;2;5;3
202300001836;155 677 302;7;0;1;4;4;-1
202300001837;155 677 301;33;0;2;1;1;1
202300001837;155 677 303;7;0;2;5;15;1
202300001838;155 677 299;80;0;2;1;1;3
202300001838;155 677 300;7;0;2;5;15;1
202300001839;155 677 296;7;0;2;1;1;1
202300001839;155 677 297;80;0;2;4;1;3
202300001840;155 677 295;7;0;2;2;1;1
202300001840;155 677 298;10;0;2;3;15;1
202300001841;155 677 294;50;0;0;0;1;3
202300001842;155 677 292;10;0;2;7;14;1
202300001842;155 677 293;32;0;2;3;2;1
202300001843;155 677 289;0;0;2;1;2;1
202300001843;155 677 291;7;0;2;4;2;1
202300001844;155 677 288;33;0;2;0;1;1
202300001844;155 677 290;7;0;2;3;1;1
202300001845;155 677 286;7;0;2;1;2;1
202300001845;155 677 287;1;0;2;4;2;5
202300001846;155 677 284;7;0;2;1;15;2
202300001846;155 677 285;32;0;2;1;8;1
202300001847;155 677 283;7;0;1;1;15;1
202300001848;155 677 282;37;0;1;0;1;1
202300001849;155 677 280;37;0;2;0;0;1
202300001849;155 677 281;7;0;2;2;9;1
202300001850;155 677 277;7;0;2;1;1;1
202300001850;155 677 278;7;0;2;6;1;2
202300001851;155 677 276;7;0;2;6;22;2
202300001851;155 677 279;80;1;0;1;1;3
202300001852;155 677 274;7;0;1;7;1;1
202300001853;155 677 275;7;15;0;9;0;1
202300001854;155 677 271;31;0;2;3;2;0
202300001854;155 677 272;7;0;2;0;0;0
202300001855;155 677 269;7;0;2;4;23;1
202300001855;155 677 270;7;0;2;4;1;1
202300001855;155 677 273;7;0;2;1;1;1
202300001856;155 677 266;7;0;2;3;1;1
202300001856;155 677 267;33;0;2;7;1;1
202300001857;155 677 265;7;0;2;4;1;1
202300001857;155 677 268;7;0;2;1;2;1
202300001858;155 677 262;10;0;2;1;1;1
202300001858;155 677 264;34;0;0;4;0;1
202300001859;155 677 263;7;0;0;9;1;1
202300001860;155 677 260;7;4;0;1;14;1
202300001861;155 677 259;99;0;0;0;0;6
202300001861;155 677 261;99;0;0;0;0;6
202300001862;155 677 258;7;0;1;2;15;1
202300001863;155 677 257;99;0;0;0;0;0
202300001864;155 677 254;7;0;2;1;2;1
202300001864;155 677 255;7;0;2;4;2;1
202300001865;155 677 253;7;0;1;1;16;1
202300001866;155 677 249;7;0;2;2;15;1
202300001866;155 677 251;33;0;2;2;26;1
202300001867;155 677 250;7;0;2;2;15;1
202300001867;155 677 252;7;0;2;1;1;1
202300001868;155 677 248;32;0;1;1;1;1
202300001869;155 677 245;7;0;2;8;1;1
202300001869;155 677 247;3;0;2;3;15;1
202300001870;155 677 242;33;0;2;1;0;0
202300001870;155 677 244;7;0;2;1;15;0
202300001871;155 677 243;7;0;2;2;1;1
202300001871;155 677 246;1;0;2;3;11;5
202300001872;155 677 238;7;0;2;6;1;1
202300001872;155 677 240;99;0;2;1;1;1
202300001873;155 677 239;7;0;2;3;1;1
202300001873;155 677 241;7;0;2;3;13;1
202300001874;155 677 237;7;6;0;1;1;3
202300001875;155 677 236;7;0;1;1;5;0
202300001876;155 677 234;7;0;2;1;19;1
202300001876;155 677 235;2;0;2;1;1;3
202300001877;155 677 233;50;0;0;0;1;3
202300001878;155 677 232;7;1;0;2;14;1
202300001879;155 677 230;7;0;2;5;1;1
202300001879;155 677 231;7;0;2;1;1;1
202300001880;155 677 228;7;1;2;2;1;1
202300001880;155 677 229;1;0;2;3;19;5
202300001881;155 677 227;30;0;0;1;1;1
202300001882;155 677 225;34;0;2;2;1;1
202300001882;155 677 226;7;0;2;3;15;1
202300001883;155 677 224;31;0;1;1;1;1
202300001884;155 677 223;7;0;0;0;1;2
202300001885;155 677 221;50;0;2;8;1;3
202300001885;155 677 222;7;0;2;1;15;1
202300001886;155 677 219;7;0;2;2;2;1
202300001886;155 677 220;80;0;2;8;2;3
202300001887;155 677 217;7;0;2;8;10;1
202300001887;155 677 218;33;0;2;1;1;1
202300001888;155 677 216;7;0;1;1;15;1
202300001889;155 677 214;7;4;2;2;13;1
202300001889;155 677 215;7;0;2;3;17;1
202300001890;155 677 211;7;0;2;3;1;2
202300001890;155 677 213;50;0;2;1;1;3
202300001891;155 677 210;7;0;2;1;1;1
202300001891;155 677 212;17;0;2;4;9;1
202300001892;155 677 209;10;0;1;8;15;1
202300001893;155 677 207;30;0;2;1;1;1
202300001893;155 677 208;7;0;2;2;1;1
202300001894;155 677 205;1;0;2;8;15;5
202300001894;155 677 206;1;0;2;7;1;5
202300001895;155 677 204;7;4;0;8;0;1
202300001896;155 677 202;7;0;2;7;12;1
202300001896;155 677 203;7;0;2;3;1;1
202300001897;155 677 200;10;0;2;7;15;1
202300001897;155 677 201;2;0;2;2;1;1
202300001898;155 677 198;7;0;2;7;16;1
202300001898;155 677 199;50;0;2;1;19;3
202300001899;155 677 196;7;0;2;3;1;1
202300001899;155 677 197;31;0;2;1;5;1
202300001900;155 677 195;7;2;0;2;1;0
202300001901;155 677 191;7;0;0;8;1;1
202300001901;155 677 194;2;0;0;8;21;1
202300001902;155 677 192;7;0;2;1;2;1
202300001902;155 677 193;7;0;2;4;23;2
202300001903;155 677 188;7;1;1;1;16;1
202300001904;155 677 189;7;0;2;1;2;1
202300001904;155 677 190;15;0;0;0;2;1
202300001905;155 677 187;7;0;1;3;1;0
202300001906;155 677 186;10;0;0;0;0;1
202300001907;155 677 185;7;0;1;1;15;1
202300001908;155 677 184;7;0;1;1;1;1
202300001909;155 677 182;33;0;2;1;1;1
202300001909;155 677 183;7;0;2;3;9;1
202300001910;155 677 179;7;0;2;3;1;1
202300001910;155 677 181;7;0;2;3;15;1
202300001911;155 677 178;10;0;2;8;24;1
202300001911;155 677 180;1;-1;-1;-1;-1;5
202300001912;155 677 174;7;0;2;8;1;1
202300001912;155 677 177;7;0;2;1;1;0
202300001913;155 677 173;7;14;2;1;2;1
202300001913;155 677 175;7;14;0;4;26;1
202300001913;155 677 176;7;14;2;1;2;1
202300001914;155 677 171;7;0;1;2;16;1
202300001915;155 677 170;7;0;0;4;1;1
202300001915;155 677 172;7;0;2;1;2;1
202300001916;155 677 169;7;0;1;0;16;0
202300001917;155 677 166;7;0;1;2;16;0
202300001918;155 677 165;7;0;2;4;1;1
202300001918;155 677 167;7;0;0;1;1;1
202300001918;155 677 168;7;0;0;8;1;1
202300001919;155 677 164;37;0;1;2;1;1
202300001920;155 677 162;7;0;2;2;1;0
202300001920;155 677 163;33;0;2;7;15;1
202300001921;155 677 161;7;0;1;1;1;1
202300001922;155 677 158;10;0;2;1;9;1
202300001922;155 677 160;1;0;2;2;1;5
202300001923;155 677 157;7;0;0;6;15;2
202300001923;155 677 159;33;0;2;1;17;1
202300001924;155 677 155;7;0;2;4;23;1
202300001924;155 677 156;7;0;2;1;26;1
202300001925;155 677 153;7;0;2;3;1;1
202300001925;155 677 154;33;0;2;2;17;1
202300001926;155 677 152;1;0;2;1;5;5
202300001927;155 677 151;7;0;1;1;16;1
202300001928;155 677 150;7;2;0;1;13;1
202300001929;155 677 148;7;0;2;2;17;1
202300001929;155 677 149;7;13;2;3;13;1
202300001930;155 677 146;14;0;2;2;1;1
202300001930;155 677 147;1;0;2;0;0;5
202300001931;155 677 145;7;8;0;2;14;1
202300001932;155 677 143;7;14;0;5;16;1
202300001932;155 677 144;1;14;0;0;0;5