Num_Acc;id_vehicule;catv;obs;obsm;choc;manv;motor
202300001933;155 677 140;30;0;2;1;0;0
202300001933;155 677 142;7;0;2;5;9;1
202300001934;155 677 141;7;2;0;2;1;1
202300001935;155 677 137;33;0;2;8;0;0
202300001935;155 677 139;7;0;2;3;0;0
202300001936;155 677 136;7;0;2;5;15;1
202300001936;155 677 138;31;0;0;0;0;0
202300001937;155 677 135;2;6;0;2;14;1
202300001938;155 677 131;7;0;2;3;13;1
202300001938;155 677 132;7;0;2;2;1;1
202300001939;155 677 133;7;0;2;8;14;0
202300001939;155 677 134;1;0;2;7;13;5
202300001940;155 677 130;10;16;0;0;1;1
202300001941;155 677 127;7;0;2;3;1;0
202300001941;155 677 128;7;0;2;3;1;0
202300001941;155 677 129;2;0;2;3;1;1
202300001942;155 677 125;7;0;2;1;19;1
202300001942;155 677 126;7;0;2;3;1;1
202300001943;155 677 121;7;0;2;3;1;0
202300001943;155 677 124;2;0;2;3;1;1
202300001944;155 677 119;7;0;2;4;2;1
202300001944;155 677 120;7;0;2;1;2;1
202300001944;155 677 122;21;0;0;4;1;1
202300001944;155 677 123;21;0;2;1;2;1
202300001945;155 677 118;33;11;0;1;17;1
202300001946;155 677 117;7;13;0;1;1;1
202300001947;155 677 116;33;0;0;1;14;1
202300001948;155 677 113;33;0;1;1;3;1
202300001949;155 677 112;10;0;2;7;1;1
202300001949;155 677 114;31;0;2;1;1;1
202300001950;155 677 110;7;0;2;1;14;1
202300001950;155 677 111;7;0;2;1;1;1
202300001951;155 677 108;7;0;2;3;19;1
202300001951;155 677 109;31;0;2;1;1;1
202300001952;155 677 107;43;2;0;1;1;1
202300001953;155 677 105;15;13;0;0;0;0
202300001954;155 677 106;36;13;0;7;1;1
202300001955;155 677 103;7;3;2;1;5;0
202300001955;155 677 104;7;0;2;1;1;0
202300001956;155 677 099;2;0;2;2;1;1
202300001956;155 677 101;7;0;0;8;16;1
202300001957;155 677 100;7;0;2;6;1;1
202300001957;155 677 102;7;0;2;3;1;1
202300001958;155 677 098;7;2;0;9;1;1
202300001959;155 677 096;7;0;0;9;1;1
202300001960;155 677 094;10;0;2;3;15;1
202300001960;155 677 097;30;0;2;7;1;1
202300001961;155 677 093;7;0;2;2;15;1
202300001961;155 677 095;7;0;2;3;1;1
202300001962;155 677 092;7;1;0;1;14;1
202300001963;155 677 090;7;0;2;1;5;1
202300001963;155 677 091;7;0;2;1;1;1
202300001964;155 677 088;7;4;2;3;1;1
202300001964;155 677 089;7;12;2;3;1;1
202300001965;155 677 087;33;0;6;2;1;1
202300001966;155 677 085;10;0;2;8;19;1
202300001966;155 677 086;7;13;2;1;1;1
202300001967;155 677 084;15;0;1;8;1;1
202300001968;155 677 082;33;0;2;1;1;1
202300001968;155 677 083;7;0;2;2;15;1
202300001969;155 677 081;33;0;6;7;0;1
202300001970;155 677 079;7;0;2;1;1;1
202300001970;155 677 080;7;0;2;1;1;1
202300001971;155 677 078;7;13;0;3;13;1
202300001972;155 677 076;7;0;2;1;2;1
202300001972;155 677 077;21;0;0;4;2;1
202300001973;155 677 074;7;6;0;2;15;1
202300001974;155 677 073;2;0;2;1;13;1
202300001974;155 677 075;13;0;2;1;1;1
202300001975;155 677 071;7;17;0;2;1;1
202300001976;155 677 069;7;0;2;0;17;1
202300001976;155 677 070;7;0;2;8;14;1
202300001976;155 677 072;7;0;2;3;15;1
202300001977;155 677 067;10;3;0;9;1;1
202300001978;155 677 066;33;0;2;8;1;1
202300001978;155 677 068;33;0;2;8;13;1
202300001979;155 677 064;33;0;0;2;1;1
202300001980;155 677 062;15;0;2;8;1;0
202300001980;155 677 063;7;3;2;2;12;0
202300001980;155 677 065;15;1;0;2;1;0
202300001981;155 677 059;7;4;0;3;1;1
202300001982;155 677 060;7;3;2;1;15;1
202300001982;155 677 061;7;3;2;1;1;1
202300001983;155 677 054;7;0;2;3;13;1
202300001983;155 677 056;7;0;2;3;1;1
202300001983;155 677 058;7;0;2;3;1;1
202300001984;155 677 051;33;0;0;0;21;1
202300001984;155 677 052;7;0;0;0;26;1
202300001985;155 677 050;7;0;2;1;1;0
202300001985;155 677 053;7;0;2;3;17;0
202300001985;155 677 055;7;0;2;1;1;0
202300001985;155 677 057;7;0;2;1;1;0
202300001986;155 677 048;10;0;2;3;1;1
202300001986;155 677 049;43;0;2;3;1;1
202300001987;155 677 047;32;6;0;1;2;1
202300001988;155 677 045;1;0;0;0;1;5
202300001989;155 677 044;80;0;0;4;19;3
202300001989;155 677 046;7;0;9;3;1;1
202300001990;155 677 042;7;0;2;1;13;0
202300001990;155 677 043;7;0;2;2;21;0
202300001991;155 677 040;7;0;2;8;1;1
202300001991;155 677 041;10;0;1;1;1;1
202300001992;155 677 038;7;0;2;3;17;1
202300001992;155 677 039;7;0;2;2;14;1
202300001993;155 677 037;7;6;0;1;1;1
202300001994;155 677 036;33;2;0;2;16;1
202300001995;155 677 034;2;0;2;1;2;1
202300001995;155 677 035;10;0;2;8;9;1
202300001996;155 677 032;7;0;2;2;15;1
202300001996;155 677 033;1;0;2;1;1;5
202300001997;155 677 030;7;0;2;3;15;1
202300001997;155 677 031;10;0;2;1;1;1
202300001998;155 677 028;7;2;0;7;14;1
202300001999;155 677 027;7;0;1;4;0;1
202300001999;155 677 029;7;1;2;1;13;1
202300002000;155 677 024;7;0;1;1;0;6
202300002001;155 677 025;7;0;9;2;2;1
202300002001;155 677 026;1;0;0;4;2;5
202300002002;155 677 023;2;0;0;0;1;0
202300002003;155 677 022;7;10;0;1;13;1
202300002004;155 677 020;7;0;2;1;2;1
202300002004;155 677 021;7;0;2;4;1;1
202300002005;155 677 018;2;0;2;8;19;1
202300002005;155 677 019;7;0;2;1;15;1
202300002006;155 677 016;7;0;2;4;2;1
202300002006;155 677 017;7;0;2;1;2;1
202300002007;155 677 013;33;0;0;3;13;1
202300002008;155 677 014;1;0;0;8;26;5
202300002008;155 677 015;33;0;9;1;26;0
202300002009;155 677 012;7;4;0;2;1;1
202300002010;155 677 011;0;0;1;0;0;0
202300002011;155 677 009;17;4;2;1;14;1
202300002011;155 677 010;7;4;2;8;2;1
202300002012;155 677 007;7;4;2;7;2;1
202300002013;155 677 006;7;0;2;3;15;1
202300002013;155 677 008;7;0;2;6;1;1
202300002014;155 677 005;10;4;0;1;1;1
202300002015;155 677 001;7;0;2;4;2;1
202300002015;155 677 003;13;0;2;1;0;0
202300002016;155 677 002;2;0;0;8;15;1
202300002016;155 677 004;10;0;2;2;17;1
202300002017;155 677 000;7;4;0;1;1;1
202300002018;155 676 998;7;0;2;3;13;1
202300002018;155 676 999;21;0;2;3;1;1
202300002019;155 676 996;7;0;9;3;1;1
202300002019;155 676 997;1;0;2;1;17;5
202300002020;155 676 994;7;0;2;3;0;1
202300002020;155 676 995;7;0;2;3;0;2
202300002021;155 676 993;31;0;1;7;1;1
202300002022;155 676 992;7;13;0;2;1;1
202300002023;155 676 991;7;0;0;1;26;1
202300002024;155 676 990;1;0;0;0;26;5
202300002025;155 676 986;7;4;0;1;1;1
202300002025;155 676 987;7;14;0;1;1;1
202300002025;155 676 988;7;14;0;1;1;1
202300002025;155 676 989;17;14;2;1;1;1
202300002026;155 676 985;7;0;1;1;1;1
202300002027;155 676 983;7;0;2;1;14;1
202300002027;155 676 984;1;0;2;0;25;5
202300002028;155 676 981;10;0;2;1;15;1
202300002028;155 676 982;1;0;2;8;1;5
202300002029;155 676 979;33;0;2;2;1;1
202300002029;155 676 980;21;0;2;8;26;1
202300002030;155 676 977;33;0;2;1;1;1
202300002030;155 676 978;7;0;2;8;19;1
202300002031;155 676 975;15;8;2;3;1;1
202300002031;155 676 976;7;0;2;2;1;1
202300002032;155 676 973;7;0;2;2;1;1
202300002032;155 676 974;2;0;2;5;19;1
202300002033;155 676 971;7;0;2;1;1;1
202300002033;155 676 972;10;0;2;1;1;1
202300002034;155 676 966;7;3;0;0;2;1
202300002035;155 676 964;7;0;2;3;1;1
202300002035;155 676 965;7;0;2;1;5;1
202300002036;155 676 962;7;0;2;7;1;1
202300002036;155 676 963;7;0;2;1;1;1
202300002037;155 676 961;7;8;0;5;1;1
202300002038;155 676 960;7;6;0;1;13;1
202300002039;155 676 959;32;8;0;1;1;1
202300002040;155 676 958;33;0;0;0;19;1
202300002041;155 676 956;33;0;2;1;17;1
202300002041;155 676 957;7;0;2;3;2;1
202300002042;155 676 954;7;0;2;4;1;1
202300002042;155 676 955;33;0;2;1;3;1
202300002043;155 676 952;13;0;2;5;16;4
202300002043;155 676 953;50;0;2;8;1;3
202300002044;155 676 950;7;0;2;5;1;1
202300002044;155 676 951;1;0;2;3;11;5
202300002045;155 676 948;33;0;2;7;12;1
202300002045;155 676 949;7;0;2;8;1;1
202300002046;155 676 947;80;6;0;1;1;3
202300002047;155 676 946;34;0;0;0;15;1
202300002048;155 676 945;30;0;0;0;21;3
202300002049;155 676 943;10;0;2;1;1;3
202300002049;155 676 944;2;0;2;1;5;1
202300002050;155 676 942;1;0;1;1;1;5
202300002051;155 676 940;30;0;2;1;18;1
202300002051;155 676 941;7;0;2;2;16;1
202300002052;155 676 938;7;14;2;2;1;1
202300002052;155 676 939;99;0;2;8;1;1
202300002053;155 676 936;7;0;2;4;23;2
202300002053;155 676 937;2;0;2;1;1;1
202300002054;155 676 934;34;12;2;3;14;1
202300002054;155 676 935;14;0;2;6;24;1
202300002055;155 676 933;1;14;0;0;2;5
202300002056;155 676 932;32;11;0;3;17;1
202300002057;155 676 931;1;12;0;1;13;5
202300002058;155 676 930;10;0;1;1;1;1
202300002059;155 676 928;33;0;2;7;9;1
202300002059;155 676 929;1;0;2;8;11;5
202300002060;155 676 927;7;0;1;0;1;1
202300002061;155 676 926;7;14;0;9;15;1
202300002062;155 676 924;10;0;2;2;16;1
202300002062;155 676 925;99;0;2;1;1;0
202300002063;155 676 922;7;0;2;1;2;1
202300002063;155 676 923;7;0;2;4;23;1
202300002064;155 676 920;1;0;2;1;0;5
202300002064;155 676 921;14;0;2;4;0;1
202300002065;155 676 918;7;0;2;6;19;0
202300002065;155 676 919;50;0;2;1;0;3
202300002066;155 676 916;50;1;0;1;17;3
202300002066;155 676 917;7;1;0;1;1;1
202300002067;155 676 914;33;0;2;7;1;0
202300002067;155 676 915;7;0;0;0;0;0
202300002068;155 676 912;10;9;2;3;7;1
202300002068;155 676 913;7;0;2;7;16;2
202300002069;155 676 911;7;0;1;2;1;2
202300002070;155 676 909;7;0;2;6;0;1
202300002070;155 676 910;30;0;2;2;0;0
202300002071;155 676 907;7;0;2;2;0;0
202300002071;155 676 908;37;0;2;3;2;-1
202300002072;155 676 905;7;4;0;2;15;1
202300002072;155 676 906;33;0;2;1;1;1
202300002073;155 676 903;33;0;2;8;1;1
202300002073;155 676 904;7;0;2;2;1;1
202300002074;155 676 901;7;0;2;8;15;1
202300002074;155 676 902;33;0;2;1;1;1
202300002075;155 676 900;1;0;0;0;1;5
202300002076;155 676 898;7;0;2;1;26;3
202300002076;155 676 899;32;0;2;2;1;3
202300002077;155 676 896;3;0;0;2;1;0
202300002077;155 676 897;33;0;0;0;18;1
202300002078;155 676 894;7;0;9;3;1;1
202300002078;155 676 895;50;0;2;2;6;3
202300002079;155 676 892;34;0;2;4;16;0
202300002079;155 676 893;1;0;2;1;1;5
202300002080;155 676 891;10;0;1;3;15;3
202300002081;155 676 890;50;1;0;2;1;3
202300002082;155 676 889;50;0;1;1;21;3
202300002083;155 676 886;1;0;2;4;1;5
202300002083;155 676 887;1;0;2;4;1;5
202300002083;155 676 888;13;0;2;1;1;1
202300002084;155 676 883;36;8;0;1;1;1
202300002085;155 676 882;7;2;0;8;1;1
202300002086;155 676 880;17;0;0;4;2;1
202300002086;155 676 881;7;0;2;1;2;1
202300002087;155 676 878;7;8;0;8;17;1
202300002088;155 676 877;7;6;0;2;14;0
202300002089;155 676 874;7;0;2;5;15;1
202300002089;155 676 875;33;0;2;1;1;1
202300002089;155 676 876;7;0;9;1;1;1
202300002090;155 676 873;7;8;0;3;1;1
202300002091;155 676 872;7;2;0;3;0;1
202300002092;155 676 871;7;3;0;1;1;1
202300002093;155 676 869;32;0;2;1;1;1
202300002093;155 676 870;7;0;2;2;15;1
202300002094;155 676 867;31;2;2;1;1;1
202300002094;155 676 868;7;0;2;2;1;1
202300002095;155 676 865;7;0;0;2;15;1
202300002095;155 676 866;33;0;0;1;1;1
202300002096;155 676 864;7;17;0;1;1;1
202300002097;155 676 862;7;13;2;3;13;1
202300002097;155 676 863;33;0;2;1;1;1
202300002098;155 676 861;7;17;0;6;0;0
202300002099;155 676 858;7;0;0;8;1;1
202300002099;155 676 859;7;0;0;4;23;1
202300002099;155 676 860;10;0;2;1;12;1
202300002100;155 676 857;7;0;1;1;1;0
202300002101;155 676 855;7;0;2;2;15;1
202300002101;155 676 856;33;0;2;1;1;1
202300002102;155 676 854;7;2;0;1;1;1
202300002103;155 676 853;7;0;0;9;1;1
202300002104;155 676 852;50;0;0;1;25;3
202300002105;155 676 850;15;0;2;7;19;1
202300002105;155 676 851;14;0;0;1;1;1
202300002106;155 676 848;7;0;0;1;2;1
202300002106;155 676 849;7;0;0;4;23;1
202300002107;155 676 846;7;0;2;1;13;1
202300002107;155 676 847;7;0;2;1;1;1
202300002108;155 676 844;7;0;2;1;2;1
202300002108;155 676 845;7;0;2;4;2;4
202300002109;155 676 843;7;2;0;3;1;1
202300002110;155 676 842;80;15;0;0;1;3
202300002111;155 676 840;14;0;2;1;15;1
202300002111;155 676 841;1;0;2;1;1;5
202300002112;155 676 839;21;2;0;2;0;1
202300002113;155 676 837;7;0;2;1;13;1
202300002113;155 676 838;7;0;2;1;1;1
202300002114;155 676 835;10;0;2;3;13;1
202300002114;155 676 836;7;0;2;3;1;1
202300002115;155 676 834;7;2;0;1;1;2
202300002116;155 676 832;7;0;2;8;13;1
202300002116;155 676 833;21;0;2;3;1;1
202300002117;155 676 830;33;0;2;1;1;1
202300002117;155 676 831;7;0;2;1;15;1
202300002118;155 676 829;7;0;0;3;1;1
202300002119;155 676 827;10;0;2;8;1;1
202300002119;155 676 828;30;0;2;8;15;1
202300002120;155 676 825;7;0;2;2;13;1
202300002120;155 676 826;15;0;2;2;1;1
202300002121;155 676 821;1;0;2;4;1;5
202300002121;155 676 822;7;0;2;2;9;1
202300002122;155 676 820;7;8;0;2;14;1
202300002123;155 676 819;36;5;0;1;0;1
202300002124;155 676 818;7;15;0;1;13;1
202300002125;155 676 817;2;13;0;1;1;1
202300002126;155 676 816;31;8;0;1;1;1
202300002127;155 676 815;7;15;0;9;1;1
202300002128;155 676 814;33;0;0;8;1;1
202300002129;155 676 812;7;0;2;3;13;1
202300002129;155 676 813;7;0;2;3;1;3
202300002130;155 676 811;31;16;0;0;1;1
202300002131;155 676 809;1;0;0;2;26;5
202300002131;155 676 810;7;0;0;3;9;1
202300002132;155 676 807;2;0;2;4;2;1
202300002132;155 676 808;2;0;2;1;2;1
202300002133;155 676 806;7;13;0;2;1;1
202300002134;155 676 805;33;0;0;7;1;1
202300002135;155 676 802;7;0;2;7;23;0
202300002135;155 676 803;99;14;2;3;0;0
202300002135;155 676 804;33;1;0;3;11;1
202300002136;155 676 800;7;0;2;1;1;1
202300002136;155 676 801;7;0;2;2;15;1
202300002137;155 676 798;7;0;0;0;11;0
202300002137;155 676 799;33;0;2;1;3;1
202300002138;155 676 796;1;0;2;1;1;5
202300002138;155 676 797;7;0;2;5;16;3
202300002139;155 676 793;2;0;2;2;1;1
202300002139;155 676 795;7;0;2;3;2;2
202300002140;155 676 792;7;0;2;3;15;1
202300002140;155 676 794;50;0;2;1;1;3
202300002141;155 676 790;50;0;1;2;1;3
202300002142;155 676 789;10;0;2;1;20;1
202300002142;155 676 791;2;0;2;7;1;1
202300002143;155 676 787;34;0;2;1;9;0
202300002143;155 676 788;34;0;2;3;1;1
202300002144;155 676 786;7;0;1;3;1;1
202300002145;155 676 784;30;0;2;2;1;1
202300002145;155 676 785;7;0;2;3;1;1
202300002146;155 676 782;7;0;9;3;9;1
202300002146;155 676 783;50;0;2;1;1;3
202300002147;155 676 780;7;0;2;2;1;2
202300002147;155 676 781;80;0;2;1;1;3
202300002148;155 676 778;31;0;2;1;1;1
202300002148;155 676 779;7;0;2;1;15;1
202300002149;155 676 774;7;0;6;1;21;1
202300002150;155 676 775;7;0;0;4;23;1
202300002150;155 676 776;7;0;2;1;2;1
202300002150;155 676 777;7;0;2;4;23;2
202300002151;155 676 773;7;8;0;3;1;1
202300002152;155 676 771;32;0;2;6;13;0
202300002152;155 676 772;80;0;2;2;1;3
202300002153;155 676 769;10;0;2;1;5;1
202300002153;155 676 770;10;0;2;1;1;1
202300002154;155 676 767;80;0;2;1;1;3
202300002154;155 676 768;80;0;2;1;13;3
202300002155;155 676 764;7;0;2;6;9;1
202300002155;155 676 766;7;0;2;1;2;1
202300002156;155 676 763;50;0;2;1;2;3
202300002156;155 676 765;50;0;2;4;2;3
202300002157;155 676 762;7;7;0;1;14;1
202300002158;155 676 761;1;0;0;1;1;5
202300002159;155 676 758;30;0;2;1;26;1
202300002159;155 676 759;7;0;2;8;9;1
202300002160;155 676 757;14;0;2;2;1;1
202300002160;155 676 760;7;0;2;8;9;1
202300002161;155 676 756;10;0;1;1;16;1
202300002162;155 676 755;7;13;0;8;13;0
202300002163;155 676 753;7;0;2;1;1;1
202300002163;155 676 754;33;0;2;0;0;1
202300002164;155 676 750;10;0;2;3;5;1
202300002164;155 676 752;7;0;2;1;1;1
202300002165;155 676 749;7;0;2;7;1;1
202300002165;155 676 751;7;0;2;0;0;0
202300002166;155 676 747;30;0;0;1;1;1
202300002167;155 676 748;33;14;0;1;2;1
202300002168;155 676 746;7;0;1;1;2;1
202300002169;155 676 745;21;0;1;0;1;1
202300002170;155 676 744;99;12;0;3;1;1
202300002171;155 676 740;7;0;2;4;2;1
202300002171;155 676 742;37;0;2;1;2;1
202300002172;155 676 741;7;0;0;3;15;1
202300002172;155 676 743;2;0;0;1;1;1
202300002173;155 676 737;34;0;2;5;1;1
202300002173;155 676 739;37;0;2;3;26;2
202300002174;155 676 736;10;0;2;2;1;2
202300002174;155 676 738;2;0;0;4;1;1
202300002175;155 676 734;7;13;0;1;1;1
202300002176;155 676 735;7;0;1;1;1;1
202300002177;155 676 730;10;0;2;3;1;1
202300002177;155 676 733;50;0;2;8;19;3
202300002178;155 676 731;7;0;2;5;19;1
202300002178;155 676 732;7;0;2;1;1;1
202300002179;155 676 729;7;1;1;1;1;1
202300002180;155 676 727;2;0;2;1;1;1
202300002180;155 676 728;7;0;2;2;15;1
202300002181;155 676 725;7;1;0;3;9;1
202300002181;155 676 726;10;1;2;2;1;1
202300002182;155 676 724;7;13;0;3;1;1
202300002183;155 676 721;7;0;2;3;16;2
202300002183;155 676 723;10;0;2;1;2;1
202300002184;155 676 720;10;0;2;1;16;1
202300002184;155 676 722;1;0;2;7;19;5
202300002185;155 676 718;7;0;1;2;1;1
202300002186;155 676 716;7;0;0;3;19;1
202300002186;155 676 717;31;0;2;0;1;1
202300002186;155 676 719;34;0;2;3;1;1
202300002187;155 676 714;33;0;2;6;1;1
202300002187;155 676 715;7;0;2;1;15;1
202300002188;155 676 711;7;0;0;0;9;1
202300002188;155 676 713;30;0;0;8;26;1
202300002189;155 676 710;7;0;2;1;5;1
202300002189;155 676 712;7;0;2;1;1;1
202300002190;155 676 709;33;0;0;0;2;1
202300002191;155 676 707;32;0;2;1;1;1
202300002191;155 676 708;10;0;2;3;15;1
202300002192;155 676 704;7;0;2;3;5;0
202300002192;155 676 706;7;0;2;3;5;0
202300002193;155 676 703;33;0;2;1;2;1
202300002193;155 676 705;7;0;2;3;15;1
202300002194;155 676 701;30;12;0;8;26;1
202300002195;155 676 699;7;0;2;2;1;1
202300002195;155 676 700;10;0;2;2;15;1
202300002195;155 676 702;7;0;2;3;1;1
202300002196;155 676 697;10;0;2;7;1;1
202300002196;155 676 698;2;0;2;7;0;1
202300002197;155 676 694;10;1;0;1;26;1
202300002197;155 676 695;15;0;0;4;24;1
202300002197;155 676 696;7;1;0;4;24;1
202300002198;155 676 693;10;0;1;3;15;1
202300002199;155 676 689;7;0;2;3;9;1
202300002199;155 676 691;7;0;2;2;1;1
202300002200;155 676 688;7;0;2;1;17;1
202300002200;155 676 690;7;0;2;1;1;1
202300002200;155 676 692;13;0;2;8;1;1
202300002201;155 676 686;7;0;2;2;1;0
202300002201;155 676 687;50;0;2;1;25;3
202300002202;155 676 685;31;2;0;1;13;1
202300002203;155 676 683;7;13;0;9;1;1
202300002204;155 676 682;50;0;2;1;1;3
202300002204;155 676 684;34;0;2;1;1;0
202300002205;155 676 681;3;2;0;2;1;1
202300002206;155 676 680;30;9;0;0;1;1
202300002207;155 676 679;7;3;0;1;14;1
202300002208;155 676 676;7;0;2;3;1;0
202300002208;155 676 678;7;0;2;2;1;0
202300002209;155 676 675;7;3;0;6;1;1
202300002209;155 676 677;7;0;2;2;17;1
202300002210;155 676 673;33;0;2;1;9;1
202300002210;155 676 674;7;0;0;4;2;1
202300002211;155 676 672;17;6;0;3;1;1
202300002212;155 676 670;33;0;1;1;17;1
202300002213;155 676 669;17;0;0;4;1;1
202300002213;155 676 671;7;0;2;1;2;1
202300002214;155 676 668;33;16;0;9;2;1
202300002215;155 676 667;7;6;0;2;1;1
202300002216;155 676 666;33;7;0;1;1;1
202300002217;155 676 665;7;4;0;8;1;1
202300002218;155 676 663;7;0;2;1;13;1
202300002218;155 676 664;7;0;2;1;15;1
202300002219;155 676 661;33;0;2;1;0;1
202300002219;155 676 662;7;0;9;6;1;1
202300002220;155 676 660;7;0;1;8;15;1
202300002221;155 676 658;7;3;0;3;13;1
202300002221;155 676 659;7;3;9;1;1;1
202300002222;155 676 657;7;0;1;2;1;0
202300002223;155 676 654;7;0;2;3;16;1
202300002223;155 676 655;31;0;2;2;1;1
202300002224;155 676 653;7;7;2;1;1;1
202300002225;155 676 649;7;0;2;3;1;3
202300002225;155 676 652;7;0;2;1;9;1
202300002226;155 676 645;7;0;1;3;1;0
202300002227;155 676 644;33;0;2;0;1;1
202300002227;155 676 646;7;13;2;0;13;1
202300002227;155 676 647;33;0;2;0;1;1
202300002227;155 676 648;33;0;2;0;1;1
202300002227;155 676 650;33;0;2;0;1;1
202300002228;155 676 640;7;0;0;5;26;1
202300002228;155 676 641;7;0;2;2;26;1
202300002229;155 676 639;2;0;1;1;18;1
202300002230;155 676 638;7;0;1;1;1;1
202300002231;155 676 635;7;0;2;1;21;1
202300002231;155 676 637;7;0;2;1;1;1
202300002232;155 676 636;36;6;0;1;19;1
202300002233;155 676 634;2;0;0;0;1;1
202300002234;155 676 633;7;2;0;9;1;0
202300002235;155 676 630;7;9;2;1;2;1
202300002235;155 676 632;7;0;2;5;9;1
202300002236;155 676 629;2;0;2;1;5;1
202300002236;155 676 631;21;0;2;2;1;1
202300002237;155 676 628;17;3;0;3;14;1
202300002238;155 676 627;39;0;1;3;1;3
202300002239;155 676 625;34;14;0;1;1;1
202300002240;155 676 624;7;0;2;3;1;1
202300002240;155 676 626;7;0;2;4;23;1
202300002241;155 676 620;1;0;2;1;1;5
202300002241;155 676 622;10;0;2;2;15;1
202300002242;155 676 619;10;0;2;2;1;1
202300002242;155 676 621;7;0;2;4;1;1
202300002242;155 676 623;7;0;2;6;1;1
202300002243;155 676 615;7;0;2;1;1;1
202300002243;155 676 616;7;0;2;4;1;1
202300002243;155 676 618;7;0;2;4;1;1
202300002244;155 676 614;10;0;2;3;15;1
202300002244;155 676 617;7;0;2;3;1;0
202300002245;155 676 612;33;0;0;2;1;1
202300002246;155 676 610;7;0;2;4;1;1
202300002246;155 676 611;7;0;2;7;1;1
202300002246;155 676 613;7;0;2;1;14;1
202300002247;155 676 609;7;4;0;1;19;1
202300002248;155 676 604;7;0;2;4;2;1
202300002248;155 676 606;7;0;2;4;2;1
202300002248;155 676 607;14;0;2;1;2;1
202300002248;155 676 608;7;0;2;4;2;1
202300002249;155 676 603;7;0;2;1;2;1
202300002249;155 676 605;2;0;2;3;9;1
202300002250;155 676 601;7;0;2;3;2;1
202300002250;155 676 602;17;0;2;4;2;1
202300002251;155 676 599;7;0;2;1;1;1
202300002251;155 676 600;7;0;2;7;15;1
202300002252;155 676 597;7;11;2;0;12;1
202300002252;155 676 598;7;0;2;1;1;1
202300002253;155 676 596;7;13;0;1;1;1
202300002254;155 676 592;14;0;2;6;11;1
202300002254;155 676 594;33;0;2;2;3;1
202300002254;155 676 595;7;0;2;2;1;1
202300002255;155 676 591;33;0;2;2;1;1
202300002255;155 676 593;10;0;2;2;1;1
202300002256;155 676 590;7;4;2;3;2;2
202300002257;155 676 587;2;0;2;4;2;1
202300002257;155 676 589;7;0;2;4;2;0
202300002258;155 676 586;14;0;2;2;14;1
202300002258;155 676 588;7;0;2;3;2;1
202300002259;155 676 583;13;0;2;6;1;1
202300002259;155 676 584;32;0;2;1;3;1
202300002260;155 676 582;1;0;2;1;1;5
202300002260;155 676 585;21;0;2;2;1;1
202300002261;155 676 580;33;2;0;1;0;1
202300002262;155 676 579;7;0;2;2;1;1
202300002262;155 676 581;14;0;2;3;11;1
202300002263;155 676 577;7;4;0;1;1;1
202300002264;155 676 576;7;0;2;8;1;1
202300002264;155 676 578;2;0;2;1;9;1
202300002265;155 676 574;32;0;2;7;1;1
202300002265;155 676 575;7;0;2;3;11;1
202300002266;155 676 573;2;12;0;7;1;1
202300002267;155 676 571;7;0;2;1;9;2
202300002267;155 676 572;7;0;2;4;1;1
202300002268;155 676 569;7;0;2;1;1;1
202300002268;155 676 570;7;0;2;1;13;1
202300002269;155 676 567;10;0;2;1;1;1
202300002269;155 676 568;33;0;2;4;2;1
202300002270;155 676 566;33;0;0;8;1;1
202300002271;155 676 565;7;4;0;7;12;1
202300002272;155 676 563;33;0;2;3;1;1
202300002272;155 676 564;33;0;2;1;1;1
202300002273;155 676 562;7;0;1;4;26;1
202300002274;155 676 561;7;6;0;2;1;0
202300002275;155 676 559;7;0;2;4;15;1
202300002275;155 676 560;10;0;2;1;2;1
202300002276;155 676 558;33;16;0;0;1;1
202300002277;155 676 556;7;0;2;4;2;1
202300002277;155 676 557;32;0;2;1;2;1
202300002278;155 676 554;21;0;2;3;15;1
202300002278;155 676 555;33;0;2;2;17;1
202300002279;155 676 553;7;10;0;1;14;1
202300002280;155 676 550;7;0;2;1;17;1
202300002280;155 676 551;7;0;2;3;1;1
202300002281;155 676 546;15;0;2;4;2;1
202300002281;155 676 547;10;0;2;1;2;1
202300002282;155 676 548;30;0;2;3;1;0
202300002282;155 676 552;7;0;2;0;11;0
202300002283;155 676 545;7;0;1;2;1;1
202300002284;155 676 541;7;0;2;2;17;1
202300002284;155 676 543;7;0;2;8;15;1
202300002285;155 676 542;32;0;2;8;15;1
202300002285;155 676 544;37;0;2;1;1;6
202300002286;155 676 540;7;8;0;8;19;1
202300002287;155 676 538;33;0;2;1;0;1
202300002287;155 676 539;0;0;2;0;0;0
202300002288;155 676 534;7;0;2;8;1;1
202300002288;155 676 536;7;0;2;0;9;6
202300002288;155 676 537;7;0;2;3;14;1
202300002289;155 676 535;33;0;1;0;1;1
202300002290;155 676 532;33;4;0;3;17;1
202300002291;155 676 531;34;0;2;1;3;1
202300002291;155 676 533;3;0;2;3;13;1
202300002292;155 676 525;33;0;2;8;1;1
202300002292;155 676 527;7;0;2;1;19;1
202300002292;155 676 530;7;0;0;3;23;1
202300002293;155 676 524;7;0;2;4;23;0