Num_Acc;id_vehicule;catv;obs;obsm;choc;manv;motor
202300003347;155 674 668;33;0;2;1;1;1
202300003348;155 674 665;7;0;9;2;9;1
202300003348;155 674 666;50;0;2;1;1;3
202300003349;155 674 664;7;0;1;0;0;0
202300003350;155 674 661;7;0;2;8;15;1
202300003350;155 674 663;33;0;2;1;1;1
202300003351;155 674 659;32;0;2;8;0;1
202300003351;155 674 662;7;0;2;1;0;0
202300003352;155 674 658;7;0;2;1;1;1
202300003352;155 674 660;7;0;2;4;1;1
202300003353;155 674 657;10;0;1;3;15;1
202300003354;155 674 654;34;8;2;1;18;1
202300003354;155 674 656;32;0;2;2;16;1
202300003355;155 674 653;7;0;2;1;1;1
202300003355;155 674 655;7;0;2;3;0;1
202300003356;155 674 650;7;0;2;2;19;1
202300003356;155 674 652;33;0;2;1;5;1
202300003357;155 674 649;7;0;1;3;9;1
202300003358;155 674 648;7;0;2;1;16;0
202300003358;155 674 651;1;0;2;1;1;5
202300003359;155 674 646;33;4;0;8;13;1
202300003360;155 674 641;7;1;0;1;1;1
202300003360;155 674 644;7;0;0;6;26;1
202300003360;155 674 645;7;0;0;4;23;1
202300003361;155 674 640;7;0;2;6;24;1
202300003361;155 674 642;7;1;0;2;14;1
202300003362;155 674 643;7;0;2;1;2;1
202300003362;155 674 647;7;0;2;4;2;1
202300003363;155 674 638;7;0;2;2;1;1
202300003363;155 674 639;2;0;2;1;13;0
202300003364;155 674 637;30;15;0;2;16;1
202300003365;155 674 636;7;0;0;0;26;0
202300003366;155 674 634;7;0;2;3;5;1
202300003366;155 674 635;7;0;2;3;1;1
202300003367;155 674 630;2;1;2;3;0;1
202300003367;155 674 633;10;1;2;5;16;1
202300003368;155 674 629;7;0;2;1;1;2
202300003368;155 674 632;7;8;2;1;1;2
202300003369;155 674 628;7;0;2;3;13;0
202300003369;155 674 631;50;0;2;1;1;3
202300003370;155 674 624;7;15;2;8;1;1
202300003370;155 674 627;7;0;2;3;1;1
202300003371;155 674 625;7;0;2;4;23;1
202300003371;155 674 626;33;0;2;1;1;1
202300003372;155 674 621;31;0;2;1;1;1
202300003372;155 674 623;7;0;2;1;15;1
202300003373;155 674 620;37;0;1;1;1;1
202300003374;155 674 618;1;0;0;3;1;0
202300003375;155 674 619;7;0;2;7;9;2
202300003375;155 674 622;7;0;2;0;1;1
202300003376;155 674 616;21;0;2;3;15;1
202300003376;155 674 617;7;0;2;2;17;1
202300003377;155 674 613;7;0;2;3;5;1
202300003377;155 674 615;7;0;2;2;9;1
202300003378;155 674 612;7;0;2;1;9;1
202300003378;155 674 614;33;0;2;7;3;1
202300003379;155 674 611;1;0;0;0;0;5
202300003380;155 674 610;10;15;0;1;1;1
202300003381;155 674 608;7;0;2;3;26;1
202300003381;155 674 609;7;0;2;3;26;1
202300003382;155 674 606;7;0;2;3;9;1
202300003382;155 674 607;1;0;2;1;1;5
202300003383;155 674 605;7;6;0;1;1;2
202300003384;155 674 600;7;0;2;2;15;1
202300003384;155 674 603;33;0;2;1;1;1
202300003385;155 674 598;33;0;2;7;13;1
202300003385;155 674 602;7;0;2;7;13;1
202300003385;155 674 604;7;0;2;1;23;1
202300003386;155 674 599;30;0;2;2;1;0
202300003386;155 674 601;7;0;2;3;11;0
202300003387;155 674 594;7;0;2;7;15;1
202300003387;155 674 597;2;0;2;1;1;1
202300003388;155 674 593;2;1;0;1;2;1
202300003388;155 674 596;7;0;0;4;23;1
202300003389;155 674 591;7;15;0;1;26;1
202300003390;155 674 592;7;0;2;1;2;1
202300003390;155 674 595;32;0;2;4;2;1
202300003391;155 674 590;7;13;0;3;13;0
202300003392;155 674 585;1;0;2;7;1;5
202300003392;155 674 589;7;0;2;1;9;1
202300003393;155 674 583;34;0;0;0;1;1
202300003393;155 674 586;10;0;0;0;1;1
202300003393;155 674 588;33;0;0;0;1;1
202300003394;155 674 584;7;13;2;8;1;1
202300003394;155 674 587;7;2;2;1;13;1
202300003395;155 674 578;7;0;2;1;2;1
202300003395;155 674 582;2;0;2;0;2;1
202300003396;155 674 577;7;0;2;5;19;1
202300003396;155 674 580;33;0;2;1;1;1
202300003397;155 674 575;10;6;0;1;6;1
202300003398;155 674 572;7;0;2;3;1;1
202300003398;155 674 574;2;0;2;1;1;1
202300003399;155 674 570;7;13;0;1;0;1
202300003399;155 674 571;7;13;0;4;0;1
202300003400;155 674 567;17;0;0;6;1;1
202300003400;155 674 568;10;0;2;2;2;1
202300003401;155 674 563;7;14;2;3;1;1
202300003401;155 674 566;50;0;0;0;1;3
202300003402;155 674 562;50;0;2;1;9;3
202300003402;155 674 565;7;0;9;3;9;1
202300003403;155 674 561;7;0;2;6;17;1
202300003403;155 674 564;33;0;2;4;3;1
202300003404;155 674 558;2;8;0;1;19;1
202300003405;155 674 556;7;0;2;3;13;1
202300003405;155 674 557;7;0;2;3;1;1
202300003406;155 674 559;1;0;2;1;5;5
202300003406;155 674 560;7;0;2;3;1;1
202300003407;155 674 555;33;3;0;0;21;1
202300003408;155 674 550;7;0;2;0;0;2
202300003408;155 674 552;50;0;2;0;0;3
202300003409;155 674 551;10;15;0;1;1;1
202300003410;155 674 549;7;0;2;1;1;1
202300003410;155 674 553;7;0;2;6;15;1
202300003411;155 674 546;7;0;2;2;15;0
202300003411;155 674 548;33;0;2;1;17;0
202300003412;155 674 544;33;15;0;7;1;1
202300003412;155 674 547;7;0;2;0;15;1
202300003413;155 674 541;7;0;2;1;1;1
202300003413;155 674 543;10;0;2;2;1;1
202300003414;155 674 545;7;0;1;1;1;1
202300003415;155 674 538;33;0;2;1;17;1
202300003415;155 674 539;7;0;2;5;15;1
202300003416;155 674 536;2;0;2;1;13;1
202300003416;155 674 537;7;0;2;3;21;1
202300003417;155 674 534;14;0;2;1;1;1
202300003417;155 674 535;10;16;0;4;23;1
202300003418;155 674 533;7;15;0;2;1;1
202300003419;155 674 531;7;0;2;3;21;1
202300003419;155 674 532;21;0;2;3;15;1
202300003420;155 674 527;31;0;2;9;1;1
202300003420;155 674 529;7;0;2;3;13;2
202300003421;155 674 528;21;0;2;1;15;1
202300003421;155 674 530;1;0;2;1;1;5
202300003422;155 674 526;7;0;1;3;1;1
202300003423;155 674 523;7;0;0;9;1;1
202300003424;155 674 519;7;6;2;3;16;1
202300003424;155 674 521;15;0;0;7;1;1
202300003425;155 674 518;80;0;0;0;0;3
202300003426;155 674 516;32;0;2;1;19;1
202300003426;155 674 517;43;0;2;7;1;1
202300003427;155 674 515;7;13;0;1;15;1
202300003428;155 674 513;7;0;2;1;5;1
202300003428;155 674 514;7;0;2;1;1;0
202300003429;155 674 512;7;13;0;3;1;1
202300003430;155 674 511;7;6;1;1;15;1
202300003431;155 674 510;7;13;0;9;1;0
202300003432;155 674 508;32;0;2;1;1;1
202300003432;155 674 509;7;0;2;1;15;1
202300003433;155 674 506;7;0;0;5;23;1
202300003433;155 674 507;34;10;2;3;2;1
202300003434;155 674 502;1;0;2;1;1;5
202300003434;155 674 503;7;0;2;8;15;6
202300003435;155 674 504;7;0;2;3;15;3
202300003435;155 674 505;32;0;2;1;1;1
202300003436;155 674 500;7;0;2;2;17;1
202300003436;155 674 501;17;0;2;6;1;1
202300003437;155 674 498;14;6;0;1;1;1
202300003438;155 674 499;7;1;0;1;16;1
202300003439;155 674 496;14;0;2;6;15;1
202300003439;155 674 497;7;0;2;3;1;3
202300003440;155 674 494;14;0;2;3;1;1
202300003440;155 674 495;7;0;2;1;13;1
202300003441;155 674 493;7;3;0;1;1;1
202300003442;155 674 491;80;0;2;1;9;3
202300003442;155 674 492;7;0;2;5;20;1
202300003443;155 674 489;7;0;2;3;15;1
202300003443;155 674 490;33;0;2;1;17;1
202300003444;155 674 487;7;0;2;1;1;1
202300003444;155 674 488;7;0;2;4;23;1
202300003445;155 674 485;7;0;2;1;9;0
202300003445;155 674 486;1;0;2;7;15;5
202300003446;155 674 483;1;0;2;4;1;5
202300003446;155 674 484;7;14;0;0;0;1
202300003447;155 674 481;7;0;2;5;23;1
202300003447;155 674 482;32;0;2;1;2;1
202300003448;155 674 480;7;0;1;1;1;1
202300003449;155 674 478;7;0;2;4;1;1
202300003449;155 674 479;7;0;2;1;1;1
202300003450;155 674 476;10;0;2;4;2;1
202300003450;155 674 477;7;0;2;1;2;1
202300003451;155 674 475;7;0;2;3;1;1
202300003452;155 674 473;33;0;2;1;3;1
202300003452;155 674 474;7;0;2;5;1;3
202300003453;155 674 471;7;10;0;2;14;1
202300003454;155 674 469;33;0;2;1;3;1
202300003454;155 674 470;7;0;2;5;12;1
202300003455;155 674 467;7;4;0;3;13;1
202300003456;155 674 466;10;0;2;3;1;1
202300003456;155 674 468;7;16;2;1;13;1
202300003456;155 674 472;7;0;2;1;1;1
202300003457;155 674 464;33;0;2;2;26;1
202300003457;155 674 465;7;0;2;8;11;1
202300003458;155 674 460;7;0;2;4;2;1
202300003458;155 674 461;7;0;2;1;2;1
202300003458;155 674 463;7;0;2;4;13;1
202300003459;155 674 458;7;0;2;1;1;1
202300003459;155 674 462;7;0;2;7;13;3
202300003460;155 674 457;33;0;2;1;3;1
202300003460;155 674 459;7;0;2;8;1;1
202300003461;155 674 453;7;0;2;5;12;1
202300003461;155 674 455;33;0;2;1;18;1
202300003462;155 674 454;1;0;2;4;1;5
202300003462;155 674 456;10;0;2;1;1;1
202300003463;155 674 451;7;0;2;6;11;1
202300003463;155 674 452;33;0;2;1;2;1
202300003464;155 674 448;7;0;2;2;1;1
202300003464;155 674 449;7;0;2;3;1;1
202300003465;155 674 447;7;0;2;5;9;1
202300003465;155 674 450;33;1;2;1;1;1
202300003466;155 674 446;7;3;9;3;1;1
202300003467;155 674 443;7;0;1;4;20;2
202300003468;155 674 439;7;0;2;1;1;1
202300003468;155 674 441;7;0;2;1;0;1
202300003468;155 674 442;7;0;2;6;21;1
202300003468;155 674 444;7;0;2;1;1;1
202300003468;155 674 445;7;0;2;1;1;1
202300003469;155 674 440;50;0;0;0;21;3
202300003470;155 674 436;7;0;2;2;1;1
202300003470;155 674 438;7;1;2;8;1;1
202300003471;155 674 433;7;0;2;7;14;1
202300003471;155 674 434;30;0;2;1;1;1
202300003472;155 674 435;50;0;2;1;2;3
202300003472;155 674 437;37;0;2;4;2;1
202300003473;155 674 431;7;0;2;6;23;1
202300003473;155 674 432;33;0;2;1;2;1
202300003474;155 674 430;7;0;1;3;15;1
202300003475;155 674 428;33;0;2;4;1;1
202300003475;155 674 429;7;0;2;1;2;1
202300003476;155 674 427;2;0;0;0;1;3
202300003477;155 674 426;0;0;0;0;26;0
202300003478;155 674 424;10;0;1;4;4;1
202300003479;155 674 423;7;0;2;4;20;1
202300003479;155 674 425;1;0;2;1;1;5
202300003480;155 674 422;99;0;0;0;0;0
202300003481;155 674 420;7;0;2;1;2;1
202300003481;155 674 421;7;0;2;4;23;1
202300003482;155 674 419;1;6;0;1;2;5
202300003483;155 674 417;7;0;5;9;2;0
202300003484;155 674 416;2;0;2;1;2;3
202300003484;155 674 418;7;0;2;2;2;0
202300003485;155 674 414;7;0;1;2;1;1
202300003486;155 674 409;7;0;2;2;15;1
202300003486;155 674 410;31;0;2;1;1;1
202300003487;155 674 411;7;0;2;1;2;1
202300003487;155 674 412;7;0;2;4;2;1
202300003488;155 674 405;7;0;2;1;2;1
202300003488;155 674 406;7;0;2;4;2;1
202300003488;155 674 408;7;0;2;4;2;1
202300003489;155 674 404;2;0;2;1;17;3
202300003489;155 674 407;7;0;2;8;15;2
202300003490;155 674 401;10;0;2;3;1;1
202300003490;155 674 403;31;0;2;1;1;1
202300003491;155 674 399;10;0;1;1;0;1
202300003492;155 674 400;7;0;2;2;0;1
202300003492;155 674 402;1;0;2;7;19;5
202300003493;155 674 397;2;0;2;1;17;1
202300003493;155 674 398;7;0;2;6;15;1
202300003494;155 674 394;7;0;2;4;1;1
202300003494;155 674 395;31;0;2;1;1;1
202300003495;155 674 393;7;0;2;1;1;1
202300003495;155 674 396;7;0;2;4;1;1
202300003496;155 674 391;2;14;0;1;1;1
202300003496;155 674 392;7;0;2;0;23;1
202300003497;155 674 390;33;0;1;1;1;1
202300003498;155 674 388;7;0;2;3;9;1
202300003498;155 674 389;7;0;2;1;1;1
202300003499;155 674 385;33;0;2;1;1;1
202300003499;155 674 387;32;0;2;4;1;1
202300003500;155 674 383;33;0;2;3;21;0
202300003500;155 674 384;7;0;2;3;13;0
202300003501;155 674 381;7;0;2;1;26;1
202300003501;155 674 382;7;0;2;1;1;1
202300003502;155 674 380;7;0;1;1;2;1
202300003503;155 674 378;7;12;0;2;1;1
202300003504;155 674 376;33;0;9;1;0;1
202300003505;155 674 374;7;0;2;6;9;1
202300003505;155 674 375;33;0;2;1;1;1
202300003506;155 674 377;7;0;2;3;15;1
202300003506;155 674 379;3;0;2;1;26;1
202300003507;155 674 371;7;0;2;1;13;1
202300003507;155 674 373;7;0;2;1;1;1
202300003508;155 674 370;7;12;2;1;2;1
202300003508;155 674 372;7;0;2;4;23;1
202300003509;155 674 369;14;0;0;0;26;0
202300003510;155 674 367;10;0;9;5;18;0
202300003510;155 674 368;50;0;2;3;2;3
202300003511;155 674 364;80;0;2;4;0;3
202300003511;155 674 366;7;0;9;1;1;1
202300003512;155 674 363;10;9;0;2;1;1
202300003512;155 674 365;3;0;2;1;1;3
202300003513;155 674 360;10;0;2;2;2;1
202300003513;155 674 362;1;0;2;6;2;5
202300003514;155 674 359;7;0;2;1;1;3
202300003514;155 674 361;2;0;2;7;1;1
202300003515;155 674 355;7;0;2;4;1;1
202300003515;155 674 357;37;0;2;1;1;1
202300003516;155 674 356;30;0;2;1;1;1
202300003516;155 674 358;7;0;2;2;15;1
202300003517;155 674 351;7;0;2;3;0;1
202300003517;155 674 353;10;0;2;7;0;1
202300003517;155 674 354;7;0;2;1;13;1
202300003518;155 674 350;1;0;2;4;1;5
202300003518;155 674 352;30;0;2;1;17;0
202300003519;155 674 349;33;0;0;0;1;1
202300003520;155 674 348;7;0;1;1;1;1
202300003521;155 674 347;7;14;0;1;1;1
202300003522;155 674 346;7;0;1;2;16;1
202300003523;155 674 345;7;11;0;3;13;1
202300003524;155 674 343;7;0;1;1;1;1
202300003525;155 674 339;7;0;2;0;26;0
202300003525;155 674 340;1;0;2;0;0;5
202300003526;155 674 337;7;0;1;1;1;1
202300003527;155 674 336;30;14;0;1;17;1
202300003528;155 674 334;7;0;2;6;11;1
202300003528;155 674 335;30;0;2;3;1;1
202300003529;155 674 331;2;16;2;0;2;1
202300003529;155 674 333;7;16;0;3;2;1
202300003530;155 674 330;7;0;2;1;16;1
202300003530;155 674 332;50;0;2;0;0;3
202300003531;155 674 327;7;6;2;1;1;1
202300003531;155 674 329;7;0;2;3;1;0
202300003532;155 674 326;2;0;2;7;1;1
202300003532;155 674 328;7;0;2;3;1;1
202300003533;155 674 324;30;0;2;1;1;1
202300003533;155 674 325;7;0;2;3;15;1
202300003534;155 674 321;31;14;0;1;1;1
202300003535;155 674 323;7;0;1;3;1;1
202300003536;155 674 319;80;0;2;2;1;3
202300003536;155 674 320;7;0;2;8;1;1
202300003537;155 674 315;43;0;2;8;1;1
202300003537;155 674 316;7;0;2;1;15;1
202300003538;155 674 317;7;0;9;6;1;1
202300003538;155 674 318;50;0;2;2;1;3
202300003539;155 674 314;43;0;1;8;21;1
202300003540;155 674 311;7;0;2;1;2;1
202300003540;155 674 313;7;0;2;4;2;1
202300003541;155 674 312;7;8;0;2;1;1
202300003542;155 674 310;7;13;0;1;26;1
202300003543;155 674 307;7;0;2;8;26;1
202300003543;155 674 308;1;0;2;1;9;5
202300003544;155 674 306;13;0;2;1;19;1
202300003544;155 674 309;7;0;2;7;1;1
202300003545;155 674 305;7;0;1;1;1;2
202300003546;155 674 303;33;0;2;3;1;1
202300003546;155 674 304;7;0;2;0;0;0
202300003547;155 674 302;7;0;1;2;1;1
202300003548;155 674 301;7;12;0;1;16;1
202300003549;155 674 300;10;1;0;2;1;1
202300003550;155 674 297;7;0;2;3;0;2
202300003550;155 674 298;7;0;2;2;15;1
202300003551;155 674 296;7;0;2;4;2;1
202300003551;155 674 299;10;0;2;1;2;1
202300003552;155 674 294;7;0;2;1;2;1
202300003552;155 674 295;7;0;0;4;2;1
202300003553;155 674 289;7;0;2;1;1;0
202300003553;155 674 291;7;0;2;4;1;1
202300003554;155 674 290;15;0;2;2;12;1
202300003554;155 674 292;7;0;2;8;1;1
202300003554;155 674 293;33;0;2;1;2;1
202300003555;155 674 287;7;0;2;2;16;1
202300003555;155 674 288;7;0;2;3;1;1
202300003556;155 674 284;7;0;2;6;2;1
202300003556;155 674 286;31;0;2;1;2;1
202300003557;155 674 283;7;0;2;3;1;1
202300003557;155 674 285;32;0;2;2;9;1
202300003558;155 674 282;50;0;0;1;1;3
202300003559;155 674 280;30;5;0;0;2;1
202300003560;155 674 279;7;0;0;9;2;1
202300003561;155 674 278;7;0;2;1;1;1
202300003561;155 674 281;7;0;2;8;1;2
202300003562;155 674 277;7;0;0;1;1;1
202300003563;155 674 275;50;1;2;1;5;3
202300003563;155 674 276;10;1;2;8;15;1
202300003564;155 674 274;33;0;1;0;2;0
202300003565;155 674 272;32;0;1;2;17;1
202300003565;155 674 273;7;0;2;6;1;1
202300003566;155 674 271;10;0;1;1;1;1
202300003567;155 674 270;30;0;1;2;17;1
202300003568;155 674 268;7;0;2;1;1;1
202300003568;155 674 269;7;0;2;3;20;1
202300003569;155 674 265;7;0;2;3;15;1
202300003569;155 674 267;30;0;2;2;17;3
202300003570;155 674 264;43;0;4;7;1;1
202300003570;155 674 266;40;0;2;1;1;3
202300003571;155 674 261;7;0;2;3;1;1
202300003571;155 674 263;34;0;2;1;1;1
202300003572;155 674 262;7;0;1;3;2;2
202300003573;155 674 259;1;0;2;1;1;5
202300003573;155 674 260;7;0;2;1;5;0
202300003574;155 674 258;7;9;0;1;14;1
202300003575;155 674 256;1;0;2;2;1;5
202300003575;155 674 257;1;0;2;2;1;5
202300003576;155 674 253;7;0;2;1;5;0
202300003576;155 674 254;1;0;2;1;1;5
202300003577;155 674 252;1;0;2;3;15;5
202300003577;155 674 255;1;0;2;1;5;5
202300003578;155 674 250;50;0;2;1;15;3
202300003578;155 674 251;7;0;2;3;16;1
202300003579;155 674 249;1;0;1;1;1;5
202300003580;155 674 247;7;0;2;7;17;1
202300003580;155 674 248;1;0;2;8;15;5
202300003581;155 674 246;7;0;1;3;16;1
202300003582;155 674 243;10;0;2;1;2;1
202300003582;155 674 245;2;0;2;4;2;1
202300003583;155 674 242;33;0;2;2;21;1
202300003583;155 674 244;1;0;2;3;11;5
202300003584;155 674 240;7;0;2;3;15;0
202300003584;155 674 241;33;0;2;1;1;1
202300003585;155 674 239;1;0;1;1;1;5
202300003586;155 674 237;7;0;2;1;1;1
202300003586;155 674 238;7;0;2;3;26;1
202300003587;155 674 234;7;0;2;1;26;1
202300003587;155 674 236;33;0;2;1;0;0
202300003588;155 674 233;7;0;2;8;20;2
202300003588;155 674 235;80;0;2;7;1;3
202300003589;155 674 231;7;1;0;8;17;1
202300003589;155 674 232;33;0;2;0;1;1
202300003590;155 674 230;1;14;2;3;13;5
202300003591;155 674 227;7;0;1;1;1;0
202300003592;155 674 228;30;0;1;1;19;1
202300003593;155 674 225;7;0;2;2;9;1
202300003593;155 674 226;2;0;2;1;1;1
202300003594;155 674 222;7;0;2;2;9;1
202300003594;155 674 223;7;0;2;3;1;1
202300003595;155 674 220;36;0;0;0;16;1
202300003596;155 674 221;32;0;2;8;13;1
202300003596;155 674 224;7;0;2;7;1;1
202300003597;155 674 219;50;0;1;3;2;3
202300003598;155 674 217;7;0;9;2;15;1
202300003599;155 674 216;43;0;2;8;1;1
202300003599;155 674 218;7;0;2;3;13;1
202300003600;155 674 215;7;2;0;3;1;1
202300003601;155 674 212;7;0;2;5;0;0
202300003601;155 674 214;33;0;2;1;2;0
202300003602;155 674 211;10;0;1;4;4;1
202300003603;155 674 210;7;3;0;3;1;1
202300003604;155 674 213;34;0;1;3;0;0
202300003605;155 674 206;7;0;2;5;2;1
202300003605;155 674 208;7;1;2;3;2;1
202300003605;155 674 209;7;1;0;6;23;1
202300003606;155 674 205;7;0;2;2;0;0
202300003606;155 674 207;7;0;2;6;0;0
202300003607;155 674 200;14;0;2;1;0;1
202300003607;155 674 202;7;0;2;4;0;1
202300003607;155 674 203;7;0;0;4;0;0
202300003608;155 674 197;7;0;2;3;13;1
202300003608;155 674 198;7;3;2;3;1;1
202300003608;155 674 199;7;0;0;4;1;1
202300003608;155 674 201;7;3;0;7;1;1
202300003608;155 674 204;7;0;2;1;1;1
202300003609;155 674 195;7;0;2;1;1;1
202300003609;155 674 196;10;0;2;4;2;1
202300003610;155 674 193;7;0;2;3;1;0
202300003610;155 674 194;7;0;2;2;15;0
202300003611;155 674 192;7;13;0;2;1;1
202300003612;155 674 189;36;0;0;6;0;0
202300003612;155 674 190;36;1;0;2;0;0
202300003613;155 674 188;7;6;0;1;1;1
202300003614;155 674 187;7;0;2;3;1;1
202300003614;155 674 191;7;0;2;2;19;1
202300003615;155 674 186;7;13;0;1;1;1
202300003616;155 674 181;7;0;2;8;1;1
202300003616;155 674 182;7;0;2;2;1;1
202300003616;155 674 185;10;0;2;1;13;1
202300003617;155 674 180;13;6;0;1;1;1
202300003618;155 674 183;3;0;2;1;15;0
202300003618;155 674 184;3;0;2;1;2;0
202300003619;155 674 177;10;2;0;1;13;1
202300003620;155 674 175;7;16;0;0;14;1
202300003621;155 674 176;15;0;0;5;15;1
202300003621;155 674 178;7;0;2;6;1;1
202300003622;155 674 173;33;0;2;2;17;1
202300003622;155 674 174;7;0;2;3;15;1
202300003623;155 674 171;7;0;2;0;17;0
202300003623;155 674 172;37;0;2;8;9;1
202300003624;155 674 170;7;2;0;7;1;1
202300003625;155 674 169;33;0;0;7;15;1
202300003626;155 674 168;10;0;1;1;16;1
202300003627;155 674 166;7;0;2;3;1;0
202300003627;155 674 167;7;0;0;5;0;0
202300003628;155 674 165;7;0;1;1;9;0
202300003629;155 674 163;10;0;1;4;4;1
202300003630;155 674 162;7;0;2;1;1;1
202300003630;155 674 164;7;0;2;2;15;1
202300003631;155 674 159;32;0;2;5;1;1
202300003631;155 674 161;7;0;2;2;9;1
202300003632;155 674 158;7;0;2;3;19;1
202300003632;155 674 160;34;0;2;1;1;1
202300003633;155 674 156;21;0;2;4;1;1
202300003633;155 674 157;7;0;2;1;1;1
202300003634;155 674 154;2;0;0;0;14;1
202300003634;155 674 155;7;0;0;0;0;1
202300003635;155 674 153;7;8;0;1;1;1
202300003636;155 674 152;7;2;0;0;0;2
202300003637;155 674 149;13;0;2;2;1;1
202300003637;155 674 151;7;0;2;1;1;1
202300003638;155 674 148;7;8;0;2;1;1
202300003638;155 674 150;7;0;2;1;1;1
202300003639;155 674 146;7;0;2;2;1;1
202300003639;155 674 147;3;0;0;3;1;1
202300003640;155 674 144;7;0;2;1;13;1
202300003640;155 674 145;7;0;2;1;1;1
202300003641;155 674 142;7;0;0;3;19;0
202300003641;155 674 143;33;0;2;1;2;0
202300003642;155 674 141;7;0;1;4;4;1
202300003643;155 674 137;7;0;2;3;13;1
202300003643;155 674 139;33;0;2;8;1;1
202300003644;155 674 136;7;0;2;5;16;1
202300003644;155 674 138;50;0;2;1;1;3
202300003645;155 674 131;7;1;0;1;1;1
202300003646;155 674 130;7;0;2;3;1;1
202300003646;155 674 134;2;0;2;3;1;1
202300003647;155 674 132;7;0;2;3;1;1
202300003647;155 674 133;7;4;0;4;0;1
202300003647;155 674 135;7;0;2;1;0;1
202300003647;155 674 140;7;0;2;1;2;1
202300003648;155 674 129;7;6;0;1;1;1
202300003649;155 674 126;7;0;2;3;9;1
202300003649;155 674 128;33;0;2;2;1;1
202300003650;155 674 125;10;15;0;0;0;0
202300003651;155 674 124;7;0;2;2;15;1
202300003651;155 674 127;1;0;2;1;1;5
202300003652;155 674 120;7;0;2;3;1;1
202300003652;155 674 122;7;0;2;5;15;1
202300003652;155 674 123;33;0;2;1;17;1
202300003653;155 674 121;33;3;0;1;2;1
202300003654;155 674 119;7;3;0;9;1;1
202300003655;155 674 117;1;0;2;8;19;5
202300003655;155 674 118;7;0;9;1;1;1
202300003656;155 674 116;7;16;0;0;0;1
202300003657;155 674 115;7;2;0;3;1;1
202300003658;155 674 113;7;3;0;1;26;1
202300003659;155 674 112;80;0;2;8;1;3
202300003659;155 674 114;7;0;2;7;9;1
202300003660;155 674 111;7;0;1;2;1;1
202300003661;155 674 108;30;0;2;1;1;0
202300003661;155 674 110;7;0;2;2;15;1
202300003662;155 674 107;7;0;2;1;0;1
202300003662;155 674 109;50;0;2;8;26;3
202300003663;155 674 106;7;0;1;3;1;0
202300003664;155 674 103;7;0;2;6;11;1
202300003664;155 674 105;2;0;2;1;1;1
202300003665;155 674 102;7;0;9;2;15;1
202300003665;155 674 104;1;0;2;1;1;5
202300003666;155 674 101;2;0;0;7;1;1
202300003667;155 674 098;7;0;2;2;0;1
202300003667;155 674 099;10;5;0;6;0;1
202300003668;155 674 097;7;0;2;1;1;1
202300003668;155 674 100;1;0;2;7;1;5
202300003669;155 674 093;7;0;2;6;1;1
202300003669;155 674 095;7;0;2;3;1;1
202300003670;155 674 094;7;12;2;3;1;1
202300003670;155 674 096;7;0;2;8;1;1
202300003671;155 674 091;17;0;0;6;17;1
202300003671;155 674 092;7;4;2;1;17;1
202300003672;155 674 089;7;0;1;1;26;1
202300003673;155 674 087;10;0;9;0;1;1
202300003673;155 674 090;30;0;2;0;2;1
202300003674;155 674 086;1;-1;2;1;13;5
202300003674;155 674 088;7;0;2;3;1;1
202300003675;155 674 083;7;0;2;2;16;1
202300003675;155 674 085;1;0;2;8;1;5
202300003676;155 674 081;7;0;2;2;15;1
202300003676;155 674 084;31;0;2;1;1;1
202300003677;155 674 080;2;0;2;8;13;1
202300003677;155 674 082;7;0;2;1;1;1
202300003678;155 674 077;31;0;2;1;17;1
202300003678;155 674 078;10;0;2;6;2;0
202300003678;155 674 079;7;0;2;8;20;1
202300003679;155 674 074;7;0;2;3;17;1
202300003679;155 674 075;7;0;2;3;16;1
202300003680;155 674 072;0;0;2;8;3;0
202300003680;155 674 073;33;0;2;7;1;1
202300003681;155 674 071;7;0;1;1;1;1
202300003682;155 674 070;33;0;2;7;19;1
202300003682;155 674 076;7;0;2;2;1;1
202300003683;155 674 067;33;0;2;1;1;1
202300003683;155 674 068;7;0;2;5;23;1
202300003684;155 674 066;7;0;2;6;19;1
202300003684;155 674 069;31;0;2;1;1;1
202300003685;155 674 062;7;0;2;1;13;1
202300003685;155 674 063;7;0;2;1;2;1
202300003686;155 674 061;7;4;0;3;1;1
202300003687;155 674 064;7;0;2;1;17;1
202300003687;155 674 065;7;2;0;6;15;1
202300003688;155 674 059;33;0;0;9;1;1
202300003689;155 674 060;7;0;1;1;1;1
202300003690;155 674 057;1;0;0;0;2;5
202300003690;155 674 058;7;0;2;3;2;0
202300003691;155 674 055;33;0;0;9;1;1
202300003691;155 674 056;33;0;0;9;1;1
202300003692;155 674 053;7;0;2;2;15;1
202300003692;155 674 054;31;0;2;1;1;1
202300003693;155 674 052;7;0;1;2;1;0
202300003694;155 674 051;31;13;0;3;1;1
202300003695;155 674 049;7;0;2;4;1;1
202300003695;155 674 050;2;12;2;1;2;1
202300003696;155 674 047;7;0;0;9;2;1
202300003697;155 674 044;7;0;2;2;1;1
202300003697;155 674 046;1;0;2;1;15;5
202300003698;155 674 042;7;0;0;4;2;1
202300003698;155 674 045;7;0;2;1;1;1