Num_Acc;id_vehicule;catv;obs;obsm;choc;manv;motor
202300003699;155 674 040;31;4;0;8;15;1
202300003700;155 674 039;2;0;2;3;1;1
202300003700;155 674 043;10;0;2;3;20;1
202300003701;155 674 038;7;0;2;3;26;1
202300003701;155 674 041;7;7;2;1;1;1
202300003702;155 674 032;7;0;2;6;2;1
202300003702;155 674 035;7;0;2;3;2;1
202300003702;155 674 037;7;0;2;5;2;1
202300003703;155 674 033;7;13;2;1;1;1
202300003703;155 674 036;10;0;2;1;13;1
202300003704;155 674 031;7;0;2;3;1;1
202300003704;155 674 034;10;0;2;3;13;1
202300003705;155 674 027;7;0;2;1;1;1
202300003705;155 674 028;7;7;2;7;19;1
202300003706;155 674 024;50;0;2;1;13;3
202300003706;155 674 026;7;0;9;7;17;1
202300003707;155 674 025;7;0;2;1;5;1
202300003707;155 674 029;7;0;2;1;1;1
202300003708;155 674 022;7;0;2;1;1;1
202300003708;155 674 023;10;0;2;1;21;1
202300003709;155 674 019;7;0;2;1;1;1
202300003709;155 674 020;7;0;2;7;15;1
202300003710;155 674 018;33;0;2;1;1;1
202300003710;155 674 021;10;0;2;1;15;1
202300003711;155 674 015;7;0;0;4;1;1
202300003711;155 674 016;7;0;2;1;2;1
202300003711;155 674 017;7;0;2;4;2;1
202300003712;155 674 013;7;0;2;4;1;1
202300003712;155 674 014;7;0;2;4;1;1
202300003713;155 674 012;10;10;0;3;13;1
202300003714;155 674 011;7;3;0;3;1;1
202300003715;155 674 009;7;0;2;3;15;1
202300003715;155 674 010;43;0;2;7;6;1
202300003716;155 674 006;7;0;1;1;1;2
202300003717;155 674 000;7;0;2;1;2;1
202300003717;155 674 003;10;0;2;4;2;1
202300003717;155 674 005;7;0;2;4;0;1
202300003717;155 674 007;7;0;2;4;2;1
202300003717;155 674 008;7;0;2;4;2;1
202300003718;155 674 002;7;0;2;2;15;1
202300003718;155 674 004;30;0;2;2;1;1
202300003719;155 673 998;7;0;2;1;2;1
202300003719;155 673 999;7;0;2;4;2;1
202300003720;155 673 996;10;0;2;6;2;1
202300003720;155 674 001;33;0;2;3;3;1
202300003721;155 673 995;7;0;2;2;15;1
202300003721;155 673 997;2;0;2;1;18;1
202300003722;155 673 990;7;0;0;1;2;1
202300003722;155 673 992;7;0;9;1;1;1
202300003723;155 673 987;0;0;2;0;0;0
202300003723;155 673 989;0;0;2;0;0;0
202300003723;155 673 991;7;0;2;4;0;0
202300003723;155 673 993;10;0;2;4;0;0
202300003723;155 673 994;7;0;2;6;0;0
202300003724;155 673 982;7;0;2;6;1;1
202300003724;155 673 985;10;0;2;1;1;1
202300003724;155 673 986;7;0;2;6;1;1
202300003725;155 673 980;7;0;2;0;0;1
202300003725;155 673 983;33;4;2;0;0;1
202300003726;155 673 976;7;0;2;1;1;1
202300003726;155 673 978;7;0;2;8;16;1
202300003727;155 673 975;7;0;2;3;11;1
202300003727;155 673 977;32;0;2;2;3;1
202300003728;155 673 979;7;0;2;1;13;1
202300003728;155 673 981;7;0;2;1;1;1
202300003728;155 673 984;7;0;2;1;1;1
202300003729;155 673 972;33;0;2;3;1;1
202300003729;155 673 974;37;0;2;3;15;1
202300003730;155 673 970;33;0;2;1;2;1
202300003730;155 673 973;7;0;2;4;2;1
202300003731;155 673 969;7;0;2;3;9;1
202300003731;155 673 971;33;0;2;1;1;0
202300003732;155 673 965;32;0;2;8;3;1
202300003732;155 673 967;7;0;2;7;12;1
202300003733;155 673 964;7;0;2;1;1;1
202300003733;155 673 968;7;9;2;3;1;1
202300003734;155 673 960;7;0;1;2;16;1
202300003735;155 673 962;7;0;2;2;19;1
202300003735;155 673 966;7;0;2;1;1;0
202300003736;155 673 961;7;0;2;1;2;1
202300003736;155 673 963;7;0;2;4;2;1
202300003737;155 673 958;2;0;0;9;0;1
202300003738;155 673 956;7;0;2;1;1;1
202300003738;155 673 959;34;0;2;4;1;1
202300003739;155 673 955;7;0;2;1;15;3
202300003739;155 673 957;1;0;2;8;16;5
202300003740;155 673 951;7;0;2;1;26;1
202300003740;155 673 953;7;0;2;4;0;1
202300003741;155 673 952;7;8;0;1;1;1
202300003742;155 673 947;7;0;2;5;12;1
202300003742;155 673 949;33;0;2;3;2;1
202300003743;155 673 945;30;0;2;1;1;6
202300003743;155 673 948;7;0;2;3;15;6
202300003744;155 673 944;7;0;2;2;13;1
202300003744;155 673 946;7;0;2;3;0;1
202300003745;155 673 942;7;0;2;1;2;1
202300003745;155 673 943;7;0;2;4;2;1
202300003746;155 673 939;7;0;2;7;15;1
202300003746;155 673 941;7;0;2;1;1;1
202300003747;155 673 937;33;0;2;7;1;1
202300003747;155 673 938;7;0;2;8;11;1
202300003748;155 673 940;7;13;0;1;14;1
202300003749;155 673 932;7;0;2;6;1;0
202300003749;155 673 933;15;0;2;3;1;0
202300003749;155 673 935;7;0;2;4;1;0
202300003749;155 673 936;10;0;2;6;1;0
202300003750;155 673 931;7;0;2;4;2;1
202300003750;155 673 934;31;0;2;1;2;1
202300003751;155 673 926;7;0;2;7;15;1
202300003751;155 673 929;7;0;2;1;2;1
202300003752;155 673 925;7;0;2;1;1;1
202300003752;155 673 928;32;0;2;1;26;1
202300003753;155 673 927;7;0;9;1;26;0
202300003753;155 673 930;1;0;2;7;1;5
202300003754;155 673 921;32;0;2;6;13;1
202300003754;155 673 924;7;0;2;6;0;1
202300003755;155 673 919;7;0;0;4;23;1
202300003755;155 673 922;7;0;2;1;23;1
202300003755;155 673 923;7;0;1;3;4;1
202300003756;155 673 920;2;1;0;1;21;1
202300003757;155 673 914;31;0;2;1;3;1
202300003757;155 673 917;10;0;2;5;1;1
202300003758;155 673 915;7;0;2;3;13;1
202300003758;155 673 918;7;0;2;1;1;1
202300003759;155 673 911;32;0;2;8;3;1
202300003759;155 673 913;33;0;2;7;1;1
202300003760;155 673 910;7;0;2;3;24;0
202300003760;155 673 912;33;1;2;1;1;0
202300003761;155 673 908;7;0;2;1;1;1
202300003761;155 673 916;1;0;2;8;1;5
202300003762;155 673 907;33;0;2;1;3;1
202300003762;155 673 909;7;0;2;4;12;1
202300003763;155 673 906;7;0;1;1;0;1
202300003764;155 673 904;33;3;0;1;1;1
202300003765;155 673 903;7;0;2;3;15;1
202300003765;155 673 905;1;0;2;1;1;5
202300003766;155 673 902;7;0;1;0;1;1
202300003767;155 673 901;33;0;0;7;1;1
202300003768;155 673 898;33;0;2;4;1;1
202300003768;155 673 900;7;0;2;1;2;1
202300003769;155 673 897;7;4;2;1;13;1
202300003769;155 673 899;10;0;2;7;1;1
202300003770;155 673 895;7;0;1;2;1;1
202300003771;155 673 894;7;0;1;3;1;1
202300003772;155 673 892;37;0;0;0;21;1
202300003773;155 673 893;15;0;2;2;1;0
202300003773;155 673 896;7;0;2;3;9;0
202300003774;155 673 890;7;0;2;2;15;1
202300003774;155 673 891;2;0;2;1;1;1
202300003775;155 673 887;7;0;2;1;15;1
202300003775;155 673 889;31;0;2;7;1;1
202300003776;155 673 886;7;0;0;4;17;1
202300003776;155 673 888;33;0;2;1;17;1
202300003777;155 673 884;2;0;2;1;3;1
202300003777;155 673 885;10;0;9;6;23;1
202300003778;155 673 883;7;0;1;6;4;2
202300003779;155 673 880;33;0;2;1;1;1
202300003779;155 673 881;7;0;2;4;23;1
202300003780;155 673 878;7;0;2;2;2;1
202300003780;155 673 882;7;0;0;6;1;1
202300003781;155 673 875;10;0;2;1;2;1
202300003781;155 673 877;7;0;2;4;2;0
202300003781;155 673 879;99;0;2;4;2;1
202300003782;155 673 874;7;0;1;3;2;1
202300003783;155 673 873;7;0;2;3;22;1
202300003783;155 673 876;1;0;2;1;1;5
202300003784;155 673 872;7;4;0;1;1;1
202300003785;155 673 871;32;0;1;8;18;1
202300003786;155 673 870;7;0;0;1;15;1
202300003787;155 673 866;17;0;2;2;16;1
202300003787;155 673 868;1;0;0;0;0;5
202300003788;155 673 865;1;0;2;0;2;5
202300003788;155 673 869;7;0;2;0;16;0
202300003789;155 673 863;1;0;0;0;5;5
202300003790;155 673 862;7;15;0;1;1;1
202300003791;155 673 861;7;0;2;1;2;1
202300003791;155 673 864;7;0;2;4;1;1
202300003791;155 673 867;7;0;2;1;2;1
202300003792;155 673 858;10;0;2;3;15;1
202300003792;155 673 860;31;0;2;3;1;1
202300003793;155 673 856;7;0;2;1;1;1
202300003793;155 673 857;33;0;2;4;1;1
202300003794;155 673 852;10;0;2;2;15;3
202300003794;155 673 853;31;14;2;6;1;1
202300003795;155 673 847;7;0;2;1;2;1
202300003795;155 673 849;7;0;2;4;1;1
202300003795;155 673 851;7;0;2;4;2;0
202300003796;155 673 845;7;0;2;8;22;1
202300003796;155 673 848;2;0;2;1;17;1
202300003797;155 673 846;7;0;2;4;2;1
202300003797;155 673 850;10;0;2;1;2;1
202300003798;155 673 843;80;0;1;1;1;3
202300003799;155 673 841;1;0;2;1;5;5
202300003799;155 673 844;7;0;9;2;1;1
202300003800;155 673 839;1;0;1;1;1;5
202300003801;155 673 837;7;0;2;4;1;1
202300003801;155 673 838;7;0;2;3;1;1
202300003801;155 673 840;7;0;2;1;13;1
202300003801;155 673 842;10;0;2;5;1;1
202300003802;155 673 836;30;0;0;7;1;1
202300003803;155 673 834;1;0;2;3;1;5
202300003803;155 673 835;31;0;2;2;1;0
202300003804;155 673 832;7;2;0;2;1;1
202300003805;155 673 831;10;0;0;6;23;0
202300003805;155 673 833;7;1;2;2;14;0
202300003806;155 673 828;7;0;2;1;0;0
202300003806;155 673 830;10;0;2;3;13;0
202300003807;155 673 826;7;0;2;2;15;1
202300003807;155 673 829;33;0;2;1;1;1
202300003808;155 673 825;17;0;2;1;1;1
202300003808;155 673 827;7;0;2;7;12;1
202300003809;155 673 823;7;0;2;3;22;1
202300003809;155 673 824;1;1;0;1;2;5
202300003810;155 673 820;7;0;2;1;2;0
202300003810;155 673 822;43;0;2;4;2;1
202300003811;155 673 818;10;0;1;1;5;0
202300003812;155 673 819;7;4;2;5;1;1
202300003812;155 673 821;7;4;2;1;1;1
202300003813;155 673 817;7;0;1;1;11;1
202300003814;155 673 816;1;1;0;0;1;5
202300003815;155 673 815;7;4;0;1;1;1
202300003816;155 673 813;1;1;0;1;26;5
202300003817;155 673 812;7;0;9;2;23;1
202300003817;155 673 814;7;0;9;2;13;1
202300003818;155 673 809;7;0;1;1;0;0
202300003819;155 673 808;33;0;2;7;0;1
202300003819;155 673 810;7;0;2;4;1;1
202300003819;155 673 811;7;0;2;3;13;2
202300003820;155 673 807;7;0;1;1;1;1
202300003821;155 673 804;7;0;2;3;15;1
202300003821;155 673 806;1;0;2;3;19;5
202300003822;155 673 802;7;0;1;1;1;1
202300003823;155 673 800;34;1;0;0;14;1
202300003824;155 673 801;33;0;2;1;26;1
202300003824;155 673 803;7;0;2;2;1;1
202300003824;155 673 805;7;0;2;5;1;1
202300003825;155 673 797;7;0;2;3;13;1
202300003825;155 673 799;7;0;2;6;0;1
202300003826;155 673 795;32;0;2;1;2;1
202300003826;155 673 798;7;0;2;3;15;1
202300003827;155 673 793;7;4;2;3;1;1
202300003827;155 673 794;7;0;2;8;1;1
202300003827;155 673 796;17;0;2;1;1;1
202300003828;155 673 790;33;0;2;1;1;1
202300003828;155 673 792;7;0;2;6;23;1
202300003829;155 673 787;17;3;2;3;1;1
202300003829;155 673 788;7;3;2;1;1;1
202300003830;155 673 789;7;0;2;3;20;1
202300003830;155 673 791;33;0;2;2;13;1
202300003831;155 673 786;30;0;0;1;14;1
202300003832;155 673 785;7;0;2;1;21;1
202300003833;155 673 784;7;0;1;1;2;1
202300003834;155 673 780;31;12;2;1;13;1
202300003834;155 673 781;7;0;2;5;23;1
202300003835;155 673 779;7;0;2;2;21;1
202300003835;155 673 782;7;0;2;3;1;1
202300003835;155 673 783;7;0;2;4;1;1
202300003836;155 673 778;50;0;1;1;26;3
202300003837;155 673 775;14;0;2;1;2;1
202300003837;155 673 776;7;0;2;4;2;1
202300003837;155 673 777;15;0;2;4;2;1
202300003838;155 673 773;34;8;0;1;17;6
202300003838;155 673 774;99;0;0;2;16;0
202300003839;155 673 769;10;0;2;2;20;1
202300003839;155 673 771;2;0;2;1;18;1
202300003840;155 673 765;7;0;9;2;16;1
202300003840;155 673 766;50;0;2;3;18;3
202300003841;155 673 764;7;0;2;1;2;1
202300003841;155 673 767;7;0;2;4;2;1
202300003841;155 673 768;7;0;2;4;2;1
202300003841;155 673 770;7;0;2;4;2;0
202300003841;155 673 772;7;0;2;4;2;1
202300003842;155 673 762;1;0;2;1;1;5
202300003842;155 673 763;7;2;0;5;16;1
202300003843;155 673 761;7;4;0;1;0;1
202300003844;155 673 759;7;4;2;3;17;1
202300003844;155 673 760;10;0;0;0;0;0
202300003845;155 673 758;7;4;0;1;26;1
202300003846;155 673 757;1;0;0;0;15;5
202300003847;155 673 755;7;0;2;1;1;1
202300003847;155 673 756;7;3;2;3;1;1
202300003848;155 673 753;37;0;2;7;0;1
202300003848;155 673 754;37;0;2;3;0;1
202300003849;155 673 752;7;4;9;8;26;0
202300003850;155 673 750;7;0;2;2;20;1
202300003850;155 673 751;50;0;2;3;0;3
202300003851;155 673 748;10;0;2;1;2;1
202300003851;155 673 749;7;0;2;4;23;1
202300003852;155 673 746;7;2;2;7;1;1
202300003852;155 673 747;34;2;2;1;1;1
202300003853;155 673 745;7;4;0;1;16;1
202300003854;155 673 744;10;0;1;2;21;1
202300003855;155 673 742;7;0;2;1;2;1
202300003855;155 673 743;7;0;2;4;23;1
202300003856;155 673 740;7;0;2;7;14;1
202300003856;155 673 741;2;0;2;8;1;1
202300003857;155 673 739;7;4;0;1;2;1
202300003858;155 673 737;2;0;2;3;1;2
202300003858;155 673 738;7;0;2;2;17;1
202300003859;155 673 733;7;0;2;4;2;2
202300003859;155 673 735;37;0;2;1;2;1
202300003860;155 673 734;33;0;2;3;11;1
202300003860;155 673 736;7;0;2;7;12;1
202300003861;155 673 731;7;0;1;1;1;1
202300003862;155 673 730;10;0;2;4;1;1
202300003862;155 673 732;31;0;2;1;1;1
202300003863;155 673 729;36;0;0;9;1;1
202300003864;155 673 726;7;0;0;4;23;1
202300003864;155 673 728;2;1;0;1;1;1
202300003865;155 673 723;33;0;0;0;21;1
202300003865;155 673 724;33;0;0;4;1;1
202300003865;155 673 725;7;0;0;0;1;1
202300003865;155 673 727;33;3;0;8;21;1
202300003866;155 673 721;7;0;9;1;1;1
202300003866;155 673 722;60;0;2;7;19;5
202300003867;155 673 720;99;4;0;8;1;1
202300003868;155 673 718;7;4;0;8;13;0
202300003869;155 673 716;7;13;0;9;1;1
202300003870;155 673 712;7;0;2;8;11;1
202300003870;155 673 713;33;3;2;7;17;1
202300003871;155 673 711;33;0;2;1;1;1
202300003871;155 673 714;7;0;2;2;15;1
202300003871;155 673 715;7;0;2;2;23;1
202300003871;155 673 717;7;0;2;1;23;1
202300003871;155 673 719;7;0;2;6;23;1
202300003872;155 673 708;7;0;2;5;15;6
202300003872;155 673 710;33;0;2;1;1;1
202300003873;155 673 707;33;0;2;1;1;1
202300003873;155 673 709;21;0;2;3;1;1
202300003874;155 673 705;7;0;0;2;17;1
202300003874;155 673 706;2;0;0;4;13;1
202300003875;155 673 703;10;0;2;1;16;1
202300003875;155 673 704;80;0;2;8;1;3
202300003876;155 673 702;7;16;0;9;5;1
202300003877;155 673 701;7;16;0;3;1;1
202300003878;155 673 700;0;0;1;0;0;0
202300003879;155 673 699;33;0;0;9;1;1
202300003880;155 673 697;7;0;2;1;15;1
202300003880;155 673 698;31;0;2;8;1;1
202300003881;155 673 694;7;13;0;1;1;1
202300003882;155 673 695;7;0;2;3;15;1
202300003882;155 673 696;33;0;2;3;16;1
202300003883;155 673 692;1;0;0;1;17;5
202300003883;155 673 693;1;0;0;1;1;5
202300003884;155 673 690;1;0;2;1;1;5
202300003884;155 673 691;1;0;2;1;5;5
202300003885;155 673 687;7;0;2;5;1;1
202300003885;155 673 688;7;0;2;3;0;1
202300003885;155 673 689;37;0;2;2;2;1
202300003886;155 673 685;14;0;2;2;1;1
202300003886;155 673 686;7;0;2;6;13;1
202300003887;155 673 684;7;1;1;4;4;1
202300003888;155 673 682;1;0;2;0;0;5
202300003888;155 673 683;99;0;2;0;0;0
202300003889;155 673 680;2;0;2;5;1;1
202300003889;155 673 681;7;0;2;3;1;1
202300003890;155 673 678;0;0;2;0;0;-1
202300003890;155 673 679;1;0;0;4;0;5
202300003891;155 673 676;7;0;2;3;10;1
202300003891;155 673 677;33;0;2;3;1;1
202300003892;155 673 674;33;0;2;7;17;1
202300003892;155 673 675;7;0;2;3;15;1
202300003893;155 673 672;1;1;0;1;1;5
202300003893;155 673 673;7;0;2;3;22;1
202300003894;155 673 670;33;0;2;1;21;1
202300003894;155 673 671;1;0;2;1;1;5
202300003895;155 673 668;7;1;0;6;23;2
202300003895;155 673 669;13;0;0;0;0;1
202300003896;155 673 667;37;0;1;1;15;1
202300003897;155 673 665;50;0;2;1;1;3
202300003897;155 673 666;10;0;2;2;16;0
202300003898;155 673 663;50;0;2;1;1;3
202300003898;155 673 664;7;0;2;1;10;1
202300003899;155 673 661;33;0;2;2;15;1
202300003899;155 673 662;10;0;2;8;15;1
202300003900;155 673 659;7;0;2;7;15;1
202300003900;155 673 660;7;0;2;1;1;1
202300003901;155 673 657;1;0;2;1;1;5
202300003901;155 673 658;7;0;0;3;15;1
202300003902;155 673 655;7;0;2;1;15;1
202300003902;155 673 656;33;0;2;7;1;1
202300003903;155 673 654;7;16;0;0;0;1
202300003904;155 673 652;7;3;2;2;0;1
202300003904;155 673 653;7;4;2;6;1;1
202300003905;155 673 650;1;1;0;1;1;5
202300003905;155 673 651;10;0;0;4;26;1
202300003906;155 673 648;7;0;2;1;9;1
202300003906;155 673 649;33;0;0;7;1;1
202300003907;155 673 647;32;7;0;1;6;1
202300003908;155 673 645;10;0;9;2;1;1
202300003908;155 673 646;1;0;2;4;19;5
202300003909;155 673 643;30;0;0;1;1;1
202300003909;155 673 644;14;0;0;0;2;0
202300003910;155 673 641;7;0;2;3;1;0
202300003910;155 673 642;7;0;2;3;1;0
202300003911;155 673 640;7;0;1;1;0;1
202300003912;155 673 638;34;0;1;7;23;1
202300003912;155 673 639;7;1;2;3;1;1
202300003913;155 673 636;7;0;2;3;0;1
202300003913;155 673 637;7;0;2;3;1;1
202300003914;155 673 635;7;12;0;2;2;1
202300003915;155 673 634;33;0;1;1;3;1
202300003916;155 673 632;21;0;2;3;1;1
202300003916;155 673 633;7;0;2;1;13;1
202300003917;155 673 630;7;2;0;2;21;1
202300003918;155 673 631;2;13;0;0;16;1
202300003919;155 673 627;7;0;2;3;1;1
202300003919;155 673 629;7;0;2;1;13;1
202300003920;155 673 625;36;8;0;3;26;6
202300003921;155 673 626;7;0;2;2;15;1
202300003921;155 673 628;1;0;2;8;1;5
202300003922;155 673 623;7;0;2;7;13;1
202300003922;155 673 624;7;0;0;1;1;1
202300003923;155 673 622;1;0;0;0;1;5
202300003924;155 673 621;7;13;0;1;1;1
202300003925;155 673 620;7;0;1;1;1;1
202300003926;155 673 619;3;1;0;1;14;1
202300003927;155 673 617;1;0;0;0;16;5
202300003928;155 673 614;7;1;0;1;20;1
202300003928;155 673 615;7;0;1;4;24;1
202300003929;155 673 612;14;0;1;2;1;1
202300003930;155 673 611;7;0;0;8;11;1
202300003930;155 673 613;33;0;0;1;2;1
202300003931;155 673 609;31;0;2;1;1;1
202300003931;155 673 610;7;0;2;8;9;1
202300003932;155 673 608;33;0;0;0;1;1
202300003933;155 673 606;7;0;2;1;1;1
202300003933;155 673 607;7;0;2;1;23;1
202300003934;155 673 604;7;13;0;2;1;1
202300003935;155 673 603;7;0;2;3;15;1
202300003935;155 673 605;2;0;2;1;1;1
202300003936;155 673 602;33;1;0;0;0;1
202300003937;155 673 601;33;15;0;0;1;1
202300003938;155 673 599;7;0;2;1;1;0
202300003938;155 673 600;7;0;2;1;13;0
202300003939;155 673 597;7;1;0;1;13;1
202300003940;155 673 596;33;0;2;8;2;1
202300003940;155 673 598;21;0;0;6;2;1
202300003941;155 673 594;10;0;2;2;19;1
202300003941;155 673 595;7;0;2;3;13;1
202300003942;155 673 593;33;5;0;2;1;1
202300003943;155 673 592;7;6;6;1;0;0
202300003944;155 673 590;33;0;0;7;21;1
202300003944;155 673 591;33;0;2;1;17;1
202300003945;155 673 589;7;13;0;1;15;1
202300003946;155 673 585;7;0;2;2;1;1
202300003946;155 673 586;3;0;2;4;1;1
202300003947;155 673 584;7;0;1;2;1;1
202300003948;155 673 583;1;8;0;1;14;5
202300003949;155 673 581;2;0;2;8;10;1
202300003949;155 673 582;7;0;2;1;17;1
202300003950;155 673 580;7;1;0;1;0;1
202300003951;155 673 579;7;0;0;1;1;1
202300003952;155 673 578;7;0;1;3;1;1
202300003953;155 673 577;33;8;0;8;1;1
202300003954;155 673 574;2;6;0;7;21;1
202300003954;155 673 575;7;0;0;8;23;1
202300003955;155 673 573;7;0;2;1;1;1
202300003955;155 673 576;7;0;2;1;13;1
202300003956;155 673 572;7;13;0;1;1;1
202300003957;155 673 569;33;0;2;4;1;1
202300003957;155 673 571;7;0;2;1;1;1
202300003958;155 673 568;7;0;2;3;13;0
202300003958;155 673 570;33;0;2;1;1;0
202300003959;155 673 566;7;0;0;2;1;1
202300003959;155 673 567;7;0;0;2;13;1
202300003960;155 673 562;7;0;2;8;2;1
202300003960;155 673 564;33;7;2;7;17;1
202300003961;155 673 563;7;0;2;3;1;1
202300003961;155 673 565;10;11;2;3;6;1
202300003962;155 673 560;33;0;2;8;1;0
202300003962;155 673 561;7;0;2;3;13;0
202300003963;155 673 559;2;0;0;0;1;1
202300003964;155 673 558;7;13;0;1;1;1
202300003965;155 673 553;10;0;0;0;1;1
202300003965;155 673 555;7;0;9;1;1;1
202300003965;155 673 556;7;0;2;2;1;0
202300003966;155 673 554;33;0;2;3;13;6
202300003966;155 673 557;7;0;0;5;2;6
202300003967;155 673 552;43;13;0;1;26;1
202300003968;155 673 550;7;0;2;3;9;0
202300003968;155 673 551;2;0;2;1;18;1
202300003969;155 673 548;7;0;2;3;13;0
202300003969;155 673 549;7;0;2;3;1;0
202300003970;155 673 545;10;0;0;4;2;1
202300003970;155 673 547;7;0;2;1;2;1
202300003971;155 673 544;7;0;2;1;1;1
202300003971;155 673 546;7;0;2;2;13;1
202300003972;155 673 543;32;0;0;7;2;1
202300003973;155 673 541;7;0;2;4;9;1
202300003973;155 673 542;7;0;2;1;16;1
202300003974;155 673 536;7;4;2;3;15;1
202300003974;155 673 537;7;0;2;1;1;1
202300003975;155 673 533;7;0;2;3;13;1
202300003975;155 673 534;7;0;2;1;1;1
202300003975;155 673 535;7;0;2;1;1;1
202300003976;155 673 532;33;13;0;1;1;1
202300003977;155 673 530;7;0;2;1;2;1
202300003977;155 673 531;15;0;2;4;2;1
202300003978;155 673 525;31;0;2;2;17;1
202300003978;155 673 527;7;0;2;3;15;1
202300003979;155 673 526;7;0;2;6;23;1
202300003979;155 673 528;33;0;2;3;1;1
202300003979;155 673 529;7;0;2;3;21;1
202300003980;155 673 522;33;2;2;1;1;1
202300003980;155 673 523;34;0;2;1;1;1
202300003980;155 673 524;33;0;2;0;14;1
202300003981;155 673 519;7;3;2;6;13;1
202300003981;155 673 520;7;0;2;1;1;1
202300003982;155 673 518;7;0;0;3;19;1
202300003982;155 673 521;33;0;2;1;1;1
202300003983;155 673 515;10;8;2;2;1;1
202300003983;155 673 517;7;0;2;1;1;1
202300003984;155 673 516;33;13;0;7;1;1
202300003985;155 673 513;7;3;0;3;1;0
202300003985;155 673 514;7;0;0;3;13;0
202300003986;155 673 509;7;0;9;3;9;1
202300003986;155 673 511;1;0;0;7;1;5
202300003987;155 673 510;7;0;2;1;15;1
202300003987;155 673 512;7;0;2;3;1;1
202300003988;155 673 508;7;13;0;3;1;1
202300003989;155 673 504;13;0;0;0;2;1
202300003989;155 673 506;7;6;0;1;21;1
202300003990;155 673 505;34;0;2;7;17;1
202300003990;155 673 507;7;0;2;3;10;1
202300003991;155 673 503;31;0;0;7;1;1
202300003992;155 673 499;7;0;2;1;1;1
202300003992;155 673 500;7;0;2;2;1;1
202300003993;155 673 501;7;0;2;3;15;1
202300003993;155 673 502;33;0;2;1;17;1
202300003994;155 673 497;0;0;2;1;1;0
202300003994;155 673 498;7;0;2;4;1;1
202300003995;155 673 491;7;0;2;1;2;1
202300003995;155 673 492;7;0;2;4;1;1
202300003995;155 673 494;7;0;2;4;1;1
202300003996;155 673 488;2;0;2;1;1;1
202300003996;155 673 490;10;0;2;2;19;1
202300003997;155 673 487;7;0;2;8;1;1
202300003997;155 673 489;7;0;2;2;12;1
202300003998;155 673 485;7;0;2;4;1;1
202300003998;155 673 486;7;0;2;1;1;1
202300003999;155 673 483;7;0;2;7;10;1
202300003999;155 673 484;2;0;2;1;1;1
202300004000;155 673 480;7;0;2;8;1;1
202300004000;155 673 481;7;0;2;1;2;1
202300004000;155 673 482;7;0;2;1;2;1
202300004001;155 673 479;7;0;0;9;0;0
202300004002;155 673 478;7;13;0;1;12;1
202300004003;155 673 473;7;0;2;1;1;0
202300004003;155 673 475;7;0;2;6;0;0
202300004003;155 673 476;7;0;2;4;1;0
202300004004;155 673 474;15;0;2;2;1;0
202300004004;155 673 477;7;0;2;7;19;1
202300004005;155 673 471;7;0;2;2;14;1
202300004005;155 673 472;33;0;2;4;2;1
202300004006;155 673 467;7;0;2;8;11;1
202300004006;155 673 468;7;0;2;7;2;1
202300004006;155 673 469;7;0;2;4;2;2
202300004006;155 673 470;7;0;2;6;2;1
202300004007;155 673 465;10;6;1;2;1;1
202300004008;155 673 464;10;0;2;8;9;1
202300004008;155 673 466;38;0;2;2;1;1
202300004009;155 673 463;7;8;0;1;13;1
202300004010;155 673 461;7;0;2;2;12;1
202300004010;155 673 462;32;0;2;8;1;1
202300004011;155 673 460;7;0;1;3;1;1
202300004012;155 673 458;7;0;2;4;11;1
202300004012;155 673 459;33;0;2;1;1;0
202300004013;155 673 455;7;0;2;3;2;1
202300004013;155 673 457;31;0;2;2;17;1
202300004014;155 673 454;7;0;2;5;12;0
202300004014;155 673 456;31;0;2;1;26;0
202300004015;155 673 451;7;0;2;4;2;1
202300004015;155 673 452;10;0;2;1;2;1
202300004015;155 673 453;7;0;2;1;2;1
202300004016;155 673 448;7;0;2;2;12;1
202300004016;155 673 450;33;0;2;8;3;1
202300004017;155 673 447;10;0;2;2;10;1
202300004017;155 673 449;33;0;2;8;1;1
202300004018;155 673 443;7;8;2;1;2;2
202300004018;155 673 444;7;0;2;4;2;1
202300004019;155 673 445;7;0;2;1;2;1
202300004019;155 673 446;7;0;2;4;2;1
202300004020;155 673 440;7;0;2;8;22;1
202300004020;155 673 442;30;0;2;1;17;1
202300004021;155 673 439;50;14;0;2;25;3
202300004022;155 673 436;32;0;0;3;1;1
202300004023;155 673 437;15;0;2;2;12;1
202300004023;155 673 438;7;0;2;8;2;1
202300004024;155 673 433;2;0;2;3;18;3
202300004024;155 673 434;7;0;2;7;20;1
202300004025;155 673 432;10;0;2;4;1;1
202300004025;155 673 435;7;0;2;1;1;1
202300004026;155 673 429;7;1;0;3;15;1
202300004026;155 673 431;33;1;2;1;1;1
202300004027;155 673 428;33;0;2;1;2;1
202300004027;155 673 430;7;0;2;4;2;2
202300004028;155 673 424;7;0;0;4;15;1
202300004028;155 673 426;10;0;0;1;1;1
202300004028;155 673 427;33;0;0;4;23;1
202300004029;155 673 421;7;0;2;1;1;1