Num_Acc;id_vehicule;catv;obs;obsm;choc;manv;motor
202300004029;155 673 422;7;0;2;4;10;0
202300004030;155 673 423;7;0;2;4;2;1
202300004030;155 673 425;7;0;2;1;2;1
202300004031;155 673 419;30;0;2;7;1;0
202300004031;155 673 420;7;0;2;3;16;1
202300004032;155 673 418;7;16;0;0;1;1
202300004033;155 673 416;7;0;2;1;2;0
202300004033;155 673 417;7;0;0;4;2;0
202300004034;155 673 414;7;4;0;2;14;1
202300004035;155 673 413;7;0;2;6;2;0
202300004035;155 673 415;1;0;2;0;0;5
202300004036;155 673 410;7;0;2;1;13;1
202300004036;155 673 411;7;0;2;1;1;1
202300004037;155 673 412;2;0;0;8;1;1
202300004038;155 673 407;10;0;2;8;20;1
202300004038;155 673 409;31;1;2;7;1;1
202300004039;155 673 408;50;8;0;1;25;3
202300004040;155 673 403;7;0;2;1;1;2
202300004040;155 673 404;7;0;2;4;23;1
202300004041;155 673 401;50;8;0;0;1;3
202300004042;155 673 402;33;0;2;3;1;1
202300004042;155 673 405;7;0;2;7;1;1
202300004043;155 673 399;34;0;2;1;1;1
202300004043;155 673 400;7;0;2;2;15;1
202300004044;155 673 396;80;0;2;1;15;3
202300004044;155 673 398;10;0;2;1;16;1
202300004045;155 673 394;31;0;2;1;0;0
202300004045;155 673 397;10;0;2;2;0;0
202300004046;155 673 393;7;0;2;3;13;1
202300004046;155 673 395;7;0;2;6;1;1
202300004047;155 673 389;7;0;2;0;11;1
202300004047;155 673 391;34;15;0;8;19;1
202300004048;155 673 390;33;0;2;1;1;1
202300004048;155 673 392;7;0;2;2;15;1
202300004049;155 673 388;7;0;1;3;1;1
202300004050;155 673 383;7;6;2;6;1;1
202300004050;155 673 387;7;0;2;2;19;1
202300004051;155 673 384;7;0;2;4;1;1
202300004051;155 673 386;10;0;2;1;1;1
202300004052;155 673 382;7;3;2;1;17;1
202300004052;155 673 385;10;0;2;8;1;1
202300004053;155 673 380;7;0;1;3;2;1
202300004054;155 673 379;7;3;0;8;1;1
202300004055;155 673 378;7;13;9;1;14;1
202300004056;155 673 377;10;0;1;2;1;1
202300004057;155 673 376;17;3;0;3;1;1
202300004058;155 673 374;2;0;2;8;1;1
202300004058;155 673 375;7;0;2;1;19;1
202300004059;155 673 372;7;0;0;9;1;1
202300004060;155 673 371;7;2;0;8;1;1
202300004061;155 673 368;10;0;2;1;1;1
202300004061;155 673 370;7;1;0;2;1;1
202300004062;155 673 369;33;3;0;0;0;1
202300004063;155 673 366;7;0;0;4;0;1
202300004063;155 673 367;7;0;2;1;2;1
202300004064;155 673 363;7;15;0;1;0;1
202300004065;155 673 365;10;8;0;0;1;1
202300004066;155 673 362;7;0;2;3;16;1
202300004066;155 673 364;33;0;2;2;1;1
202300004067;155 673 361;7;13;0;1;13;1
202300004068;155 673 356;7;0;2;8;13;1
202300004068;155 673 358;33;13;2;3;1;1
202300004069;155 673 357;7;0;2;3;2;1
202300004069;155 673 360;1;0;2;4;16;5
202300004070;155 673 355;7;0;2;8;1;1
202300004070;155 673 359;7;0;2;3;17;1
202300004071;155 673 351;7;0;2;1;1;1
202300004071;155 673 354;33;0;2;1;13;1
202300004072;155 673 353;7;1;0;1;1;1
202300004073;155 673 350;2;0;2;1;2;1
202300004073;155 673 352;7;0;0;4;0;1
202300004074;155 673 348;7;0;2;3;13;1
202300004074;155 673 349;2;0;2;1;1;1
202300004075;155 673 347;10;1;0;1;1;1
202300004076;155 673 346;7;4;0;1;1;0
202300004077;155 673 345;7;7;0;1;1;1
202300004078;155 673 344;2;3;0;0;1;1
202300004079;155 673 340;7;0;2;1;17;1
202300004079;155 673 343;7;0;2;3;1;1
202300004080;155 673 341;30;1;2;1;26;1
202300004080;155 673 342;7;1;2;2;20;1
202300004081;155 673 339;7;6;0;2;1;1
202300004082;155 673 338;7;2;0;1;13;1
202300004083;155 673 336;7;0;1;3;1;1
202300004084;155 673 335;7;0;2;3;15;1
202300004084;155 673 337;43;0;2;3;1;1
202300004085;155 673 334;33;16;0;0;14;1
202300004086;155 673 330;7;0;2;2;1;1
202300004086;155 673 332;7;0;2;2;1;1
202300004087;155 673 329;33;0;2;1;9;1
202300004087;155 673 333;7;0;2;3;9;1
202300004088;155 673 328;7;0;2;1;13;2
202300004088;155 673 331;7;0;2;1;1;1
202300004089;155 673 327;7;2;0;1;1;1
202300004090;155 673 324;7;16;0;9;1;1
202300004091;155 673 323;7;0;2;4;1;1
202300004091;155 673 325;7;0;2;4;1;1
202300004091;155 673 326;7;0;2;1;1;1
202300004092;155 673 322;7;7;0;1;0;1
202300004093;155 673 320;7;0;1;0;0;0
202300004094;155 673 318;10;0;2;1;15;6
202300004094;155 673 321;30;0;2;0;17;6
202300004095;155 673 317;7;0;2;2;19;1
202300004095;155 673 319;7;0;2;3;1;1
202300004096;155 673 315;7;15;0;0;1;1
202300004097;155 673 316;7;15;0;1;13;1
202300004098;155 673 313;21;0;2;8;16;1
202300004098;155 673 314;7;0;2;2;1;1
202300004099;155 673 311;7;0;1;1;1;1
202300004100;155 673 308;7;8;0;2;1;1
202300004101;155 673 307;33;0;2;1;1;1
202300004101;155 673 309;7;0;2;1;15;1
202300004102;155 673 303;7;0;9;7;2;1
202300004102;155 673 306;1;0;2;0;2;5
202300004103;155 673 302;7;0;2;1;2;1
202300004103;155 673 305;7;0;2;4;2;1
202300004104;155 673 301;7;0;9;1;0;1
202300004104;155 673 304;1;0;2;1;1;5
202300004105;155 673 299;7;2;0;3;1;1
202300004106;155 673 298;7;0;9;7;1;1
202300004106;155 673 300;60;0;2;1;16;3
202300004107;155 673 296;7;2;0;1;0;1
202300004108;155 673 295;10;0;2;3;2;1
202300004108;155 673 297;7;0;2;2;2;1
202300004109;155 673 294;7;0;1;1;1;1
202300004110;155 673 293;7;0;1;1;17;1
202300004111;155 673 292;15;0;1;1;1;0
202300004112;155 673 290;50;0;1;1;17;3
202300004113;155 673 291;7;0;1;3;1;1
202300004114;155 673 289;7;1;0;1;1;1
202300004115;155 673 288;7;0;1;7;1;1
202300004116;155 673 287;7;12;0;0;1;1
202300004117;155 673 285;31;0;2;1;11;1
202300004117;155 673 286;7;0;2;8;15;1
202300004118;155 673 284;7;0;1;1;20;1
202300004119;155 673 282;33;0;2;8;13;1
202300004119;155 673 283;7;0;0;1;1;1
202300004120;155 673 278;1;0;2;2;1;5
202300004120;155 673 280;7;0;2;3;9;6
202300004121;155 673 279;7;0;1;3;1;0
202300004122;155 673 277;7;0;2;2;9;1
202300004122;155 673 281;7;0;2;7;1;1
202300004123;155 673 275;7;0;2;3;1;1
202300004123;155 673 276;7;0;2;3;5;1
202300004124;155 673 273;7;0;1;1;1;1
202300004125;155 673 272;7;2;0;2;14;1
202300004126;155 673 271;7;0;2;1;1;1
202300004126;155 673 274;7;8;2;7;1;1
202300004127;155 673 268;7;3;0;9;0;1
202300004128;155 673 269;7;0;0;0;17;1
202300004128;155 673 270;7;0;0;0;0;1
202300004129;155 673 266;1;0;2;1;17;5
202300004129;155 673 267;14;0;2;3;23;1
202300004130;155 673 265;31;0;0;0;0;1
202300004131;155 673 261;15;3;0;8;0;0
202300004132;155 673 262;7;0;2;1;1;1
202300004132;155 673 264;7;0;2;3;0;1
202300004133;155 673 260;1;0;2;1;15;5
202300004133;155 673 263;7;0;2;3;1;3
202300004134;155 673 258;7;0;1;1;1;1
202300004135;155 673 256;7;0;1;2;1;1
202300004136;155 673 255;7;0;2;1;1;0
202300004136;155 673 257;7;0;2;1;1;1
202300004136;155 673 259;7;0;2;1;13;0
202300004137;155 673 252;7;0;2;1;1;1
202300004137;155 673 253;33;0;2;4;23;1
202300004138;155 673 250;7;6;0;3;13;0
202300004139;155 673 251;7;0;2;3;17;1
202300004139;155 673 254;7;0;2;3;1;1
202300004140;155 673 248;7;13;0;2;1;1
202300004141;155 673 246;7;0;2;3;9;1
202300004141;155 673 249;31;0;2;2;1;1
202300004142;155 673 245;7;4;2;6;1;1
202300004142;155 673 247;17;0;2;2;12;1
202300004143;155 673 243;7;0;2;3;1;1
202300004143;155 673 244;7;0;2;3;13;1
202300004144;155 673 238;10;0;2;2;11;1
202300004144;155 673 241;7;0;2;6;1;1
202300004145;155 673 239;7;4;0;1;1;1
202300004146;155 673 237;2;0;2;3;17;1
202300004146;155 673 240;30;0;2;1;2;1
202300004146;155 673 242;30;0;2;3;17;1
202300004147;155 673 235;7;0;2;8;1;1
202300004147;155 673 236;17;0;2;2;12;1
202300004148;155 673 233;7;0;0;0;1;1
202300004149;155 673 232;7;0;2;7;12;1
202300004149;155 673 234;34;0;2;8;3;1
202300004150;155 673 230;7;0;2;1;1;1
202300004150;155 673 231;7;0;2;4;1;1
202300004151;155 673 229;7;0;1;2;1;1
202300004152;155 673 227;33;0;2;2;3;1
202300004152;155 673 228;7;0;2;3;11;3
202300004153;155 673 224;7;0;2;4;1;1
202300004153;155 673 226;7;0;2;1;1;1
202300004154;155 673 223;32;0;2;1;0;1
202300004154;155 673 225;7;0;2;8;15;1
202300004155;155 673 220;7;0;2;5;2;1
202300004155;155 673 222;7;0;2;3;2;1
202300004156;155 673 221;7;4;0;8;13;1
202300004157;155 673 218;33;0;2;8;7;1
202300004157;155 673 219;7;0;2;0;9;1
202300004158;155 673 214;7;0;2;1;1;1
202300004158;155 673 217;7;0;2;4;1;3
202300004159;155 673 212;7;3;0;2;26;1
202300004160;155 673 211;7;0;2;1;1;1
202300004160;155 673 213;7;3;2;4;1;1
202300004160;155 673 216;7;0;2;6;1;1
202300004161;155 673 210;10;0;2;7;9;1
202300004161;155 673 215;7;0;2;1;1;1
202300004162;155 673 208;7;0;2;1;2;1
202300004162;155 673 209;7;0;2;4;2;3
202300004163;155 673 203;7;4;0;3;11;1
202300004164;155 673 201;7;0;2;4;1;1
202300004164;155 673 204;7;0;2;7;0;1
202300004164;155 673 206;33;0;2;8;1;1
202300004165;155 673 202;43;0;0;0;26;1
202300004165;155 673 205;7;0;0;0;26;1
202300004165;155 673 207;7;0;0;0;26;1
202300004166;155 673 197;7;0;2;4;2;1
202300004166;155 673 199;7;0;2;1;2;1
202300004166;155 673 200;7;0;2;6;1;1
202300004167;155 673 195;2;0;2;1;1;1
202300004167;155 673 198;2;5;2;4;23;1
202300004168;155 673 194;17;0;2;2;12;1
202300004168;155 673 196;7;4;2;6;1;1
202300004169;155 673 192;33;0;2;4;2;1
202300004169;155 673 193;7;0;2;1;1;1
202300004170;155 673 187;10;0;2;0;0;0
202300004170;155 673 191;7;0;2;1;1;1
202300004171;155 673 185;7;0;2;1;1;1
202300004171;155 673 189;7;0;2;4;1;1
202300004171;155 673 190;7;0;2;4;1;1
202300004172;155 673 184;7;0;2;4;2;1
202300004172;155 673 186;7;0;2;1;2;1
202300004172;155 673 188;7;0;2;1;2;1
202300004173;155 673 180;7;0;1;2;16;1
202300004174;155 673 179;31;0;2;1;3;1
202300004174;155 673 182;7;0;2;3;15;1
202300004175;155 673 178;7;0;2;1;1;1
202300004175;155 673 181;10;0;2;4;1;1
202300004175;155 673 183;7;0;2;3;13;1
202300004176;155 673 177;7;0;1;1;20;1
202300004177;155 673 175;1;0;2;1;1;5
202300004177;155 673 176;7;0;2;2;15;1
202300004178;155 673 173;7;3;2;1;17;1
202300004178;155 673 174;10;3;0;6;26;1
202300004179;155 673 172;7;1;1;1;17;1
202300004180;155 673 170;0;0;1;0;0;0
202300004181;155 673 168;32;12;2;8;1;1
202300004181;155 673 171;7;0;2;1;1;1
202300004182;155 673 167;7;0;2;1;1;1
202300004182;155 673 169;0;0;2;0;0;0
202300004183;155 673 165;7;15;9;2;13;1
202300004183;155 673 166;1;0;0;7;19;5
202300004184;155 673 164;7;0;1;1;1;1
202300004185;155 673 163;10;1;1;2;24;1
202300004186;155 673 161;36;0;2;1;26;3
202300004187;155 673 160;2;0;2;1;1;1
202300004187;155 673 162;7;0;2;4;23;-1
202300004188;155 673 159;50;0;1;1;1;3
202300004189;155 673 156;7;0;1;2;16;1
202300004190;155 673 158;33;0;0;7;16;1
202300004191;155 673 155;7;0;2;5;15;1
202300004191;155 673 157;7;0;2;3;1;1
202300004192;155 673 153;7;0;1;1;1;1
202300004193;155 673 152;7;0;1;3;1;1
202300004194;155 673 150;10;8;1;3;24;1
202300004195;155 673 151;7;0;2;3;1;1
202300004195;155 673 154;7;0;2;1;19;1
202300004196;155 673 144;7;0;2;1;2;0
202300004196;155 673 146;7;0;2;4;2;0
202300004196;155 673 148;7;0;2;4;2;0
202300004197;155 673 147;7;0;2;2;19;1
202300004197;155 673 149;31;0;2;8;1;1
202300004198;155 673 145;30;14;0;3;26;1
202300004199;155 673 143;7;0;1;2;26;1
202300004200;155 673 141;1;0;2;0;19;5
202300004200;155 673 142;7;0;2;1;1;1
202300004201;155 673 140;7;3;0;0;26;1
202300004202;155 673 138;7;0;1;2;1;1
202300004203;155 673 135;7;0;1;0;26;-1
202300004204;155 673 136;30;0;0;7;16;1
202300004205;155 673 134;50;0;1;7;21;3
202300004206;155 673 131;31;0;2;4;1;0
202300004206;155 673 133;2;14;0;1;1;1
202300004207;155 673 130;7;6;2;1;1;1
202300004207;155 673 132;7;6;2;6;1;1
202300004208;155 673 129;7;0;1;0;0;1
202300004209;155 673 127;33;0;2;1;2;1
202300004209;155 673 128;7;0;2;5;23;1
202300004210;155 673 124;7;0;2;2;16;3
202300004210;155 673 125;1;0;2;6;1;5
202300004211;155 673 121;7;0;2;1;2;1
202300004211;155 673 122;7;0;2;4;2;1
202300004212;155 673 123;33;0;2;7;17;1
202300004212;155 673 126;7;0;2;8;15;1
202300004213;155 673 118;50;0;2;1;1;3
202300004213;155 673 120;7;0;2;2;1;1
202300004214;155 673 117;7;0;2;2;26;1
202300004214;155 673 119;30;0;2;2;18;3
202300004215;155 673 113;30;12;0;7;0;1
202300004216;155 673 112;33;0;2;3;26;1
202300004216;155 673 114;7;0;2;3;15;1
202300004217;155 673 111;7;0;9;0;26;1
202300004217;155 673 115;7;0;2;1;21;1
202300004217;155 673 116;7;0;2;4;1;1
202300004218;155 673 110;50;1;0;3;21;3
202300004219;155 673 108;7;0;2;3;5;2
202300004219;155 673 109;7;0;2;1;1;1
202300004220;155 673 103;7;0;2;3;15;1
202300004220;155 673 106;2;0;2;1;3;1
202300004221;155 673 102;38;0;2;3;13;1
202300004221;155 673 105;7;0;2;7;1;2
202300004222;155 673 101;7;0;2;1;5;0
202300004222;155 673 104;10;0;2;0;0;0
202300004222;155 673 107;7;0;2;1;0;1
202300004223;155 673 100;7;0;1;1;1;1
202300004224;155 673 099;50;0;1;1;26;3
202300004225;155 673 096;7;12;2;8;1;1
202300004225;155 673 098;7;0;2;1;15;1
202300004226;155 673 095;7;0;2;1;26;1
202300004226;155 673 097;7;0;2;4;0;1
202300004227;155 673 092;50;0;2;6;26;3
202300004227;155 673 094;7;0;9;2;1;1
202300004228;155 673 093;33;0;1;1;2;1
202300004229;155 673 086;7;0;2;1;2;0
202300004229;155 673 088;3;0;2;4;2;1
202300004229;155 673 090;7;0;2;4;2;1
202300004230;155 673 087;7;8;0;1;1;1
202300004231;155 673 084;7;6;0;1;14;1
202300004232;155 673 083;7;0;1;1;1;0
202300004233;155 673 082;7;14;0;1;1;1
202300004233;155 673 085;7;0;2;1;1;1
202300004233;155 673 089;7;14;0;4;23;1
202300004234;155 673 080;10;0;2;2;1;1
202300004234;155 673 081;1;0;2;1;1;5
202300004235;155 673 079;7;3;0;3;21;1
202300004236;155 673 076;7;0;2;1;2;1
202300004236;155 673 078;2;0;2;4;2;1
202300004237;155 673 077;0;0;1;1;1;0
202300004238;155 673 075;7;0;1;8;15;1
202300004239;155 673 072;7;0;2;2;13;1
202300004239;155 673 074;7;0;2;2;1;2
202300004240;155 673 069;7;0;2;4;1;1
202300004240;155 673 070;7;0;2;1;1;1
202300004240;155 673 073;7;0;2;4;1;1
202300004241;155 673 067;7;0;2;2;1;1
202300004241;155 673 071;7;0;2;3;15;1
202300004242;155 673 065;7;0;2;5;16;1
202300004242;155 673 068;1;0;2;1;1;5
202300004243;155 673 064;50;0;2;1;1;3
202300004243;155 673 066;7;0;2;5;0;1
202300004244;155 673 063;7;9;1;1;26;0
202300004245;155 673 062;31;0;1;3;1;1
202300004246;155 673 059;31;12;0;0;16;1
202300004247;155 673 057;7;0;1;2;2;1
202300004248;155 673 056;7;0;2;6;1;1
202300004248;155 673 058;1;0;2;1;1;5
202300004249;155 673 060;7;0;2;1;1;1
202300004249;155 673 061;7;0;2;1;1;1
202300004250;155 673 055;33;16;2;0;1;0
202300004251;155 673 052;1;0;2;3;26;5
202300004251;155 673 054;7;0;2;2;26;1
202300004252;155 673 051;7;4;0;1;1;1
202300004253;155 673 048;7;4;0;1;2;3
202300004253;155 673 053;7;4;0;9;2;1
202300004254;155 673 046;7;9;0;5;1;1
202300004255;155 673 049;37;0;2;3;1;1
202300004255;155 673 050;7;0;2;1;13;1
202300004256;155 673 044;7;0;2;2;15;1
202300004256;155 673 047;33;0;2;1;1;1
202300004257;155 673 043;7;0;2;1;1;1
202300004257;155 673 045;7;0;2;1;1;1
202300004258;155 673 042;7;13;0;1;1;1
202300004259;155 673 039;7;0;1;1;1;1
202300004260;155 673 037;1;0;2;1;1;5
202300004260;155 673 041;7;0;2;2;1;1
202300004261;155 673 036;7;0;2;6;1;1
202300004261;155 673 038;33;0;2;1;21;1
202300004262;155 673 040;7;8;0;2;16;1
202300004263;155 673 035;7;7;0;2;21;1
202300004264;155 673 032;7;0;2;6;2;1
202300004264;155 673 034;2;0;2;1;2;3
202300004265;155 673 030;2;0;2;1;2;1
202300004265;155 673 033;7;0;2;3;15;1
202300004266;155 673 029;7;0;0;0;15;1
202300004266;155 673 031;33;0;0;0;21;1
202300004267;155 673 025;7;0;2;8;22;1
202300004267;155 673 026;80;1;0;1;1;3
202300004268;155 673 022;10;0;2;1;1;1
202300004268;155 673 024;7;0;2;4;1;1
202300004268;155 673 027;7;0;2;4;1;1
202300004269;155 673 021;7;0;2;1;1;1
202300004269;155 673 023;7;0;2;1;5;1
202300004270;155 673 017;7;0;2;8;22;1
202300004270;155 673 019;1;1;0;2;1;5
202300004271;155 673 020;2;0;2;1;2;1
202300004271;155 673 028;7;0;2;5;15;1
202300004272;155 673 012;7;0;2;1;2;1
202300004272;155 673 014;7;0;2;4;1;1
202300004272;155 673 016;7;0;2;1;12;1
202300004272;155 673 018;7;0;2;1;1;1
202300004273;155 673 013;7;0;2;3;1;1
202300004273;155 673 015;7;0;2;5;15;1
202300004274;155 673 010;7;0;2;5;13;1
202300004274;155 673 011;43;0;2;3;1;1
202300004275;155 673 009;7;0;1;1;2;1
202300004276;155 673 006;7;0;2;3;11;1
202300004276;155 673 007;2;0;2;1;1;1
202300004277;155 673 004;7;0;2;2;15;1
202300004277;155 673 005;1;0;2;8;1;5
202300004278;155 673 001;7;4;0;8;12;1
202300004279;155 673 003;3;0;1;2;16;1
202300004280;155 673 000;7;0;2;2;1;1
202300004280;155 673 002;1;0;2;1;19;5
202300004281;155 672 998;32;0;2;2;1;1
202300004281;155 672 999;7;0;2;2;15;1
202300004282;155 672 995;31;0;2;7;1;1
202300004282;155 672 997;33;0;2;8;13;1
202300004283;155 672 993;7;0;2;2;1;1
202300004283;155 672 996;7;0;2;1;16;1
202300004284;155 672 991;50;0;2;8;19;3
202300004284;155 672 994;7;0;2;1;1;1
202300004285;155 672 992;1;9;1;1;0;5
202300004286;155 672 988;7;0;2;5;2;1
202300004286;155 672 989;7;0;2;5;2;1
202300004286;155 672 990;7;4;2;3;2;1
202300004287;155 672 984;7;0;2;1;13;1
202300004288;155 672 983;7;0;2;1;1;1
202300004288;155 672 986;7;0;2;3;2;1
202300004288;155 672 987;33;0;2;7;12;1
202300004289;155 672 982;7;0;2;7;15;1
202300004289;155 672 985;31;0;2;1;1;1
202300004290;155 672 979;32;0;1;0;0;0
202300004291;155 672 981;7;2;0;5;15;1
202300004292;155 672 977;7;0;2;2;0;1
202300004292;155 672 980;7;0;2;2;1;1
202300004293;155 672 975;7;1;0;3;14;1
202300004294;155 672 976;32;0;2;1;1;1
202300004294;155 672 978;1;0;2;8;19;5
202300004295;155 672 971;7;0;1;2;1;1
202300004296;155 672 970;7;0;2;2;1;1
202300004296;155 672 974;7;0;2;6;15;1
202300004297;155 672 968;7;0;2;8;15;1
202300004297;155 672 972;30;0;2;0;17;1
202300004298;155 672 969;17;0;2;2;16;1
202300004298;155 672 973;1;0;2;8;19;5
202300004299;155 672 967;31;0;1;1;1;1
202300004300;155 672 963;1;0;2;2;1;5
202300004300;155 672 965;60;0;2;1;21;5
202300004301;155 672 966;43;1;0;2;14;1
202300004302;155 672 962;1;0;2;1;2;5
202300004302;155 672 964;7;0;2;3;15;1
202300004303;155 672 958;7;0;2;3;15;1
202300004303;155 672 960;33;0;2;1;17;1
202300004304;155 672 953;7;0;2;3;9;3
202300004304;155 672 956;2;0;2;5;14;1
202300004305;155 672 954;33;0;2;1;17;1
202300004305;155 672 957;7;0;2;3;15;2
202300004305;155 672 959;7;0;2;4;1;3
202300004306;155 672 952;7;0;2;4;1;1
202300004306;155 672 955;7;0;2;1;2;1
202300004307;155 672 951;7;14;0;1;1;1
202300004308;155 672 950;30;0;0;0;1;0
202300004309;155 672 948;10;13;0;2;1;1
202300004310;155 672 947;37;0;1;8;7;0
202300004311;155 672 946;7;0;1;1;1;1
202300004312;155 672 945;7;0;1;1;13;1
202300004313;155 672 942;50;0;2;7;1;3
202300004313;155 672 944;50;0;2;8;13;3
202300004314;155 672 940;50;0;1;1;1;3
202300004315;155 672 939;7;0;2;1;1;1
202300004315;155 672 943;7;0;2;1;5;1
202300004316;155 672 938;7;0;2;1;2;1
202300004316;155 672 941;7;0;2;4;2;1
202300004317;155 672 935;7;1;-1;1;14;1
202300004318;155 672 937;80;0;1;7;1;3
202300004319;155 672 933;7;0;2;4;2;4
202300004319;155 672 936;7;0;2;1;1;4
202300004320;155 672 929;7;0;2;6;15;1
202300004320;155 672 932;43;0;2;1;1;1
202300004321;155 672 928;7;0;2;5;10;0
202300004321;155 672 931;33;0;2;1;1;0
202300004322;155 672 926;7;0;2;1;9;1
202300004322;155 672 930;1;0;2;7;1;5
202300004323;155 672 924;7;13;0;9;1;1
202300004324;155 672 921;32;0;2;2;15;0
202300004324;155 672 922;7;0;2;1;1;0
202300004325;155 672 920;0;0;1;0;0;0
202300004326;155 672 919;7;0;1;1;1;1
202300004327;155 672 915;7;0;9;3;1;1
202300004327;155 672 918;1;0;2;0;1;5
202300004328;155 672 916;1;1;2;8;2;5
202300004328;155 672 917;7;1;2;2;17;1
202300004329;155 672 912;7;0;2;8;15;1
202300004329;155 672 914;34;0;2;2;17;1
202300004330;155 672 911;7;0;0;0;0;0
202300004330;155 672 913;1;0;2;0;0;5
202300004331;155 672 910;7;6;0;1;1;1
202300004332;155 672 909;7;0;1;8;16;0
202300004333;155 672 907;7;0;2;1;15;1
202300004333;155 672 908;37;0;2;3;1;1
202300004334;155 672 904;30;0;0;0;26;1
202300004335;155 672 902;32;0;2;3;9;1
202300004335;155 672 906;7;0;2;2;1;1
202300004336;155 672 901;10;0;2;2;0;0
202300004336;155 672 905;30;0;2;1;0;1
202300004337;155 672 900;2;0;2;4;17;1
202300004337;155 672 903;7;0;2;1;17;1
202300004338;155 672 897;34;8;0;1;13;1
202300004339;155 672 896;31;1;1;1;17;1
202300004340;155 672 894;7;0;2;3;15;1
202300004340;155 672 898;32;0;2;8;26;1
202300004341;155 672 892;7;0;2;1;13;1
202300004341;155 672 893;7;0;2;1;1;1
202300004342;155 672 895;7;0;2;4;23;1
202300004342;155 672 899;30;0;2;1;2;1
202300004343;155 672 891;7;8;0;9;1;1
202300004344;155 672 890;0;0;1;0;1;0
202300004345;155 672 884;7;0;2;6;4;1
202300004345;155 672 887;7;0;2;5;1;1
202300004346;155 672 883;7;0;2;7;1;1
202300004346;155 672 886;7;0;2;3;26;1
202300004347;155 672 882;50;0;2;8;19;3
202300004347;155 672 888;7;0;2;2;15;1
202300004347;155 672 889;7;0;2;3;15;1
202300004348;155 672 878;7;0;2;3;13;1
202300004348;155 672 880;7;0;2;2;1;1
202300004349;155 672 881;7;0;2;1;5;1
202300004349;155 672 885;7;0;2;1;1;1
202300004350;155 672 879;43;0;1;1;1;1
202300004351;155 672 877;14;0;1;1;5;1
202300004352;155 672 874;7;0;2;7;17;1
202300004352;155 672 876;1;0;2;8;1;5
202300004353;155 672 873;7;0;1;2;15;1
202300004354;155 672 871;50;0;2;1;2;3
202300004354;155 672 875;7;0;2;4;1;1
202300004355;155 672 869;7;0;2;3;1;1
202300004355;155 672 872;7;0;2;1;13;1
202300004356;155 672 864;33;0;2;1;3;1
202300004356;155 672 867;7;0;2;0;13;1
202300004356;155 672 870;7;0;2;2;1;1
202300004357;155 672 865;60;0;2;1;1;5
202300004357;155 672 868;32;0;2;0;26;1
202300004358;155 672 861;7;0;2;8;0;1
202300004358;155 672 863;1;0;2;1;1;5
202300004359;155 672 859;7;1;0;2;0;1
202300004360;155 672 860;7;0;2;1;15;1
202300004360;155 672 866;33;0;2;1;1;1
202300004361;155 672 858;42;0;2;1;2;1
202300004361;155 672 862;7;0;2;6;2;1
202300004362;155 672 854;7;0;2;1;1;1
202300004362;155 672 857;1;0;2;7;19;5
202300004363;155 672 851;7;0;2;7;16;1
202300004363;155 672 852;34;0;2;8;18;1
202300004364;155 672 853;33;0;0;0;0;0
202300004364;155 672 856;1;0;0;0;0;5
202300004365;155 672 850;7;0;2;4;2;1
202300004365;155 672 855;7;0;2;1;2;1
202300004366;155 672 848;50;0;1;1;2;3
202300004367;155 672 846;37;0;0;5;23;0
202300004368;155 672 844;7;9;0;3;26;1
202300004369;155 672 841;7;0;2;8;11;1
202300004369;155 672 843;31;0;2;7;3;1
202300004370;155 672 839;3;0;2;7;17;1
202300004370;155 672 840;7;0;2;8;1;3
202300004371;155 672 838;99;8;2;2;2;1
202300004371;155 672 842;32;8;9;4;26;1
202300004372;155 672 835;7;0;1;4;4;1
202300004373;155 672 834;7;0;2;6;15;1
202300004373;155 672 837;33;1;0;1;17;1
202300004374;155 672 832;7;8;2;2;5;1
202300004374;155 672 836;37;0;2;1;10;1
202300004375;155 672 831;2;0;2;1;23;0
202300004375;155 672 833;10;0;2;4;4;0
202300004376;155 672 826;80;0;2;0;0;3
202300004376;155 672 829;7;0;2;2;16;1
202300004377;155 672 825;7;0;2;3;26;2
202300004377;155 672 828;33;0;2;1;1;1
202300004378;155 672 827;30;0;1;1;16;1
202300004379;155 672 824;7;0;2;3;5;1
202300004379;155 672 830;7;0;2;1;1;1
202300004380;155 672 821;7;0;2;3;15;1
202300004380;155 672 823;50;0;2;1;1;3
202300004381;155 672 822;34;9;0;1;2;1
202300004382;155 672 819;33;0;0;8;26;1
202300004383;155 672 820;7;8;0;1;14;1
202300004384;155 672 814;7;0;0;8;26;1
202300004385;155 672 812;7;0;2;1;1;1
202300004385;155 672 815;15;0;2;1;1;1
202300004385;155 672 816;7;0;2;1;5;1
202300004386;155 672 810;1;0;2;1;1;5
202300004386;155 672 813;33;0;2;1;1;1
202300004387;155 672 809;7;1;2;3;9;1
202300004387;155 672 811;7;0;2;1;1;1
202300004388;155 672 803;7;0;2;3;9;1
202300004388;155 672 807;30;0;2;3;1;1
202300004389;155 672 806;7;0;2;1;1;1
202300004389;155 672 808;10;0;2;1;5;1
202300004390;155 672 804;32;12;0;2;13;1
202300004391;155 672 802;7;0;2;1;1;1
202300004391;155 672 805;7;0;2;4;23;1
202300004392;155 672 799;7;0;2;3;13;1