Num_Acc;id_vehicule;catv;obs;obsm;choc;manv;motor
202300004731;155 672 162;14;0;2;1;2;1
202300004731;155 672 165;2;0;0;4;2;3
202300004732;155 672 158;7;1;0;2;0;1
202300004733;155 672 156;1;0;0;2;1;5
202300004734;155 672 152;7;0;9;2;14;0
202300004734;155 672 155;60;0;2;1;1;5
202300004735;155 672 151;1;0;2;3;2;5
202300004735;155 672 154;7;0;2;2;14;1
202300004736;155 672 149;32;0;2;0;26;1
202300004736;155 672 150;10;0;2;7;16;1
202300004737;155 672 153;33;0;2;7;12;1
202300004737;155 672 157;7;0;2;3;16;1
202300004738;155 672 146;30;0;2;1;17;1
202300004738;155 672 148;10;0;2;3;15;1
202300004739;155 672 145;33;0;2;0;1;0
202300004739;155 672 147;7;0;2;3;1;0
202300004740;155 672 142;7;0;0;0;0;1
202300004741;155 672 138;1;12;0;1;1;5
202300004742;155 672 141;7;0;2;3;22;1
202300004742;155 672 144;1;0;2;0;1;5
202300004743;155 672 137;7;0;2;2;18;1
202300004743;155 672 140;2;0;2;3;18;1
202300004744;155 672 136;1;0;0;0;0;5
202300004745;155 672 135;34;11;0;1;17;1
202300004746;155 672 134;1;14;0;0;1;5
202300004747;155 672 132;10;0;0;2;26;1
202300004748;155 672 131;30;0;0;0;0;1
202300004749;155 672 126;2;0;2;1;0;1
202300004749;155 672 130;7;0;2;2;9;1
202300004750;155 672 124;7;0;2;3;6;1
202300004750;155 672 129;50;0;0;1;1;3
202300004751;155 672 123;7;0;2;1;1;1
202300004751;155 672 127;1;0;2;8;1;5
202300004752;155 672 122;7;0;2;1;1;1
202300004752;155 672 128;7;0;2;4;15;0
202300004753;155 672 121;7;0;2;6;22;2
202300004753;155 672 125;2;1;0;7;17;1
202300004754;155 672 118;7;0;0;8;1;0
202300004754;155 672 120;1;0;2;1;19;5
202300004755;155 672 116;10;0;1;1;1;1
202300004756;155 672 114;33;0;1;1;2;0
202300004757;155 672 115;7;0;2;1;13;1
202300004757;155 672 117;7;0;2;1;1;1
202300004758;155 672 112;7;0;2;3;9;1
202300004758;155 672 119;7;0;2;1;1;1
202300004759;155 672 110;33;0;4;7;9;1
202300004759;155 672 113;39;0;2;1;1;3
202300004760;155 672 108;33;0;2;1;2;1
202300004760;155 672 111;7;0;2;4;1;1
202300004761;155 672 106;50;0;2;8;13;3
202300004761;155 672 109;7;0;9;2;2;1
202300004762;155 672 104;7;14;0;1;1;0
202300004763;155 672 101;7;2;0;1;1;1
202300004763;155 672 105;99;8;2;3;0;1
202300004764;155 672 097;2;0;2;0;0;1
202300004764;155 672 100;7;0;2;0;0;1
202300004765;155 672 096;7;0;2;4;2;1
202300004765;155 672 099;30;0;2;1;2;1
202300004766;155 672 095;7;0;2;3;15;1
202300004766;155 672 098;34;0;2;1;17;1
202300004767;155 672 093;7;0;1;1;1;1
202300004768;155 672 092;1;0;2;0;0;5
202300004768;155 672 094;10;0;9;2;2;1
202300004769;155 672 088;7;0;2;2;16;1
202300004769;155 672 091;60;0;2;8;1;5
202300004770;155 672 087;7;16;2;1;0;0
202300004770;155 672 090;7;16;2;1;0;1
202300004771;155 672 083;7;0;2;1;1;0
202300004771;155 672 085;7;0;2;4;23;0
202300004771;155 672 089;7;0;2;4;1;1
202300004772;155 672 081;7;13;0;1;1;1
202300004773;155 672 076;7;0;2;3;0;1
202300004773;155 672 080;7;0;2;7;1;1
202300004774;155 672 079;7;0;2;3;15;0
202300004774;155 672 082;33;0;2;1;1;0
202300004775;155 672 074;0;0;2;0;26;0
202300004775;155 672 077;50;0;2;1;5;3
202300004776;155 672 073;7;0;2;8;1;1
202300004776;155 672 075;7;0;2;8;1;1
202300004777;155 672 072;1;0;2;1;1;5
202300004777;155 672 078;7;0;2;3;1;1
202300004778;155 672 067;7;0;2;1;1;0
202300004778;155 672 068;7;0;2;2;0;0
202300004779;155 672 065;1;1;2;4;1;5
202300004779;155 672 071;7;0;2;1;16;1
202300004780;155 672 064;99;0;2;1;19;0
202300004780;155 672 069;99;0;2;5;1;1
202300004781;155 672 063;7;0;2;1;2;1
202300004781;155 672 066;7;0;2;4;23;2
202300004782;155 672 062;31;0;2;1;19;1
202300004782;155 672 070;7;0;2;3;15;1
202300004783;155 672 060;33;0;0;0;0;0
202300004784;155 672 059;10;0;1;3;15;1
202300004785;155 672 058;2;0;2;1;21;1
202300004785;155 672 061;10;0;2;3;21;1
202300004786;155 672 057;7;0;1;0;11;1
202300004787;155 672 055;10;0;2;3;1;1
202300004787;155 672 056;7;0;2;1;1;1
202300004788;155 672 054;7;9;2;2;1;1
202300004789;155 672 053;7;2;0;0;1;1
202300004790;155 672 050;0;0;2;1;2;0
202300004790;155 672 052;37;0;2;6;2;0
202300004791;155 672 049;7;0;2;3;15;1
202300004791;155 672 051;33;0;2;1;17;1
202300004792;155 672 048;33;1;0;0;0;1
202300004793;155 672 047;7;0;1;1;1;0
202300004794;155 672 046;7;3;0;2;1;1
202300004795;155 672 043;7;10;0;1;20;3
202300004796;155 672 038;7;0;2;4;1;1
202300004796;155 672 044;7;0;2;1;1;1
202300004797;155 672 041;33;0;2;4;23;1
202300004797;155 672 045;15;0;2;1;1;1
202300004798;155 672 039;7;0;2;0;1;1
202300004798;155 672 042;60;0;2;0;1;5
202300004799;155 672 040;7;1;0;7;2;0
202300004800;155 672 037;33;0;0;1;1;1
202300004801;155 672 033;1;0;2;0;9;5
202300004801;155 672 035;7;0;9;0;9;1
202300004802;155 672 032;7;11;0;3;1;1
202300004803;155 672 031;7;0;2;1;13;0
202300004803;155 672 036;7;0;2;1;0;0
202300004804;155 672 030;7;0;2;2;0;1
202300004804;155 672 034;30;0;2;0;0;1
202300004805;155 672 028;30;0;2;1;2;1
202300004805;155 672 029;7;0;2;4;2;1
202300004806;155 672 024;7;1;0;0;0;1
202300004807;155 672 023;7;14;0;4;23;0
202300004807;155 672 025;2;14;0;4;23;1
202300004807;155 672 027;7;14;0;1;1;0
202300004808;155 672 022;2;0;2;1;2;1
202300004808;155 672 026;2;0;2;4;18;1
202300004809;155 672 021;7;0;1;1;1;3
202300004810;155 672 020;7;0;1;1;1;1
202300004811;155 672 019;7;6;1;0;0;1
202300004812;155 672 017;7;0;1;3;1;1
202300004813;155 672 012;7;0;2;1;2;1
202300004813;155 672 015;7;0;2;4;23;1
202300004814;155 672 011;7;0;2;0;0;1
202300004814;155 672 014;60;0;2;0;1;5
202300004815;155 672 008;7;0;1;2;1;1
202300004816;155 672 010;7;0;2;3;11;1
202300004816;155 672 013;7;0;2;1;1;1
202300004817;155 672 006;7;0;2;5;16;1
202300004817;155 672 009;34;0;2;1;9;1
202300004818;155 672 007;7;0;1;3;15;1
202300004819;155 672 003;7;0;2;0;15;1
202300004819;155 672 005;7;0;2;0;0;1
202300004820;155 672 002;2;0;2;1;1;0
202300004820;155 672 004;7;0;2;5;15;1
202300004821;155 671 998;32;0;2;4;2;1
202300004821;155 672 000;7;0;2;2;2;1
202300004822;155 671 999;13;0;2;7;2;0
202300004822;155 672 001;33;0;2;8;2;0
202300004823;155 671 996;7;0;2;4;2;1
202300004823;155 671 997;7;0;2;1;2;1
202300004824;155 671 995;7;13;0;0;1;1
202300004825;155 671 992;7;0;1;1;1;1
202300004826;155 671 993;7;0;1;3;1;1
202300004827;155 671 991;50;0;2;1;15;3
202300004827;155 671 994;1;0;2;2;1;5
202300004828;155 671 989;7;0;1;2;1;1
202300004829;155 671 986;7;0;2;0;0;1
202300004829;155 671 990;1;0;2;0;0;5
202300004830;155 671 985;7;0;9;5;16;1
202300004830;155 671 987;50;0;2;2;2;3
202300004831;155 671 978;7;0;2;4;2;1
202300004831;155 671 981;10;0;2;1;2;1
202300004831;155 671 984;15;0;2;1;2;1
202300004832;155 671 980;3;1;0;2;16;0
202300004832;155 671 982;30;1;2;0;18;1
202300004833;155 671 976;33;0;2;2;3;1
202300004833;155 671 979;10;0;2;5;2;1
202300004834;155 671 977;7;3;2;3;13;1
202300004834;155 671 983;7;0;2;2;2;1
202300004835;155 671 974;7;0;2;5;15;1
202300004836;155 671 972;1;0;2;1;9;5
202300004836;155 671 975;1;0;2;1;1;5
202300004837;155 671 969;7;0;2;1;2;1
202300004837;155 671 971;7;0;2;4;1;1
202300004838;155 671 970;7;0;0;1;26;1
202300004838;155 671 973;80;9;2;7;19;3
202300004839;155 671 967;7;0;2;1;1;1
202300004839;155 671 968;7;0;2;7;0;1
202300004840;155 671 965;33;15;0;1;1;1
202300004841;155 671 963;7;0;1;1;1;1
202300004842;155 671 964;7;0;2;2;16;1
202300004842;155 671 966;50;0;0;1;1;3
202300004843;155 671 961;7;0;2;5;15;1
202300004843;155 671 962;33;0;2;1;1;1
202300004844;155 671 956;7;0;2;1;2;1
202300004844;155 671 959;33;0;2;4;2;1
202300004845;155 671 958;7;0;2;1;26;1
202300004845;155 671 960;2;0;0;0;13;0
202300004846;155 671 954;7;0;2;1;1;1
202300004846;155 671 957;30;0;2;3;1;1
202300004847;155 671 953;31;0;0;0;1;1
202300004848;155 671 952;7;0;2;6;19;0
202300004848;155 671 955;34;0;2;1;2;1
202300004849;155 671 949;30;12;0;0;26;1
202300004850;155 671 946;7;1;0;2;14;0
202300004851;155 671 947;7;0;2;4;2;1
202300004851;155 671 951;7;1;0;1;2;1
202300004852;155 671 945;33;0;2;9;26;1
202300004852;155 671 948;7;0;2;6;2;1
202300004852;155 671 950;7;0;2;8;2;1
202300004853;155 671 944;7;0;1;1;1;1
202300004854;155 671 943;7;8;0;1;13;1
202300004855;155 671 941;7;0;1;1;10;1
202300004856;155 671 939;15;0;1;1;1;1
202300004857;155 671 940;33;0;0;9;1;1
202300004857;155 671 942;33;0;0;9;1;1
202300004858;155 671 934;99;0;2;5;16;0
202300004858;155 671 936;17;0;2;3;16;0
202300004858;155 671 937;7;0;2;7;16;0
202300004859;155 671 932;7;0;0;3;2;1
202300004859;155 671 935;7;0;0;3;2;0
202300004860;155 671 930;7;0;0;7;1;1
202300004860;155 671 933;2;0;2;1;19;1
202300004861;155 671 928;7;0;2;8;11;1
202300004861;155 671 931;7;0;2;2;2;1
202300004862;155 671 925;7;0;2;3;15;1
202300004862;155 671 927;32;0;2;7;1;1
202300004863;155 671 924;10;9;2;1;2;1
202300004863;155 671 926;7;0;2;4;2;1
202300004863;155 671 929;7;0;2;4;2;1
202300004864;155 671 921;7;0;1;3;1;1
202300004865;155 671 919;7;0;2;1;10;1
202300004865;155 671 923;34;0;2;2;1;1
202300004866;155 671 918;7;0;2;3;19;1
202300004866;155 671 920;2;0;2;1;17;1
202300004867;155 671 917;10;0;2;2;10;1
202300004867;155 671 922;31;0;2;1;21;1
202300004868;155 671 916;7;0;2;1;1;1
202300004869;155 671 915;7;2;0;1;13;1
202300004870;155 671 909;13;16;0;3;3;1
202300004870;155 671 912;37;16;0;1;3;1
202300004871;155 671 908;7;0;2;8;14;1
202300004871;155 671 913;32;0;2;5;1;1
202300004872;155 671 906;7;13;0;1;21;1
202300004873;155 671 903;60;0;9;1;0;5
202300004873;155 671 905;1;0;2;1;1;5
202300004874;155 671 902;10;0;2;1;1;1
202300004874;155 671 904;7;0;2;4;1;1
202300004875;155 671 898;7;0;2;3;1;1
202300004875;155 671 900;7;0;2;3;1;1
202300004876;155 671 895;13;0;9;4;2;1
202300004876;155 671 897;7;0;9;4;2;1
202300004876;155 671 901;7;0;9;4;0;1
202300004877;155 671 896;7;0;1;2;1;1
202300004878;155 671 894;10;0;2;1;15;1
202300004878;155 671 899;1;0;2;1;1;5
202300004879;155 671 890;80;0;0;0;0;3
202300004879;155 671 893;34;0;2;1;1;1
202300004880;155 671 892;35;0;0;0;0;1
202300004881;155 671 888;7;0;1;7;15;1
202300004882;155 671 889;33;14;2;1;17;1
202300004882;155 671 891;14;0;2;6;12;1
202300004883;155 671 884;33;0;2;1;2;1
202300004883;155 671 887;37;0;2;2;16;1
202300004884;155 671 882;7;0;9;3;1;1
202300004884;155 671 886;33;0;2;1;1;1
202300004885;155 671 881;50;0;2;1;1;3
202300004885;155 671 883;2;0;2;0;3;0
202300004886;155 671 880;7;0;2;2;1;1
202300004886;155 671 885;7;0;2;2;1;1
202300004887;155 671 879;32;0;1;1;1;0
202300004888;155 671 876;1;12;0;1;21;5
202300004889;155 671 874;33;0;0;1;2;0
202300004889;155 671 878;7;0;0;3;9;3
202300004890;155 671 873;7;0;2;2;1;1
202300004890;155 671 877;7;0;2;3;19;1
202300004891;155 671 870;7;0;9;4;1;0
202300004891;155 671 871;7;0;2;1;1;0
202300004892;155 671 868;10;6;0;2;17;1
202300004893;155 671 869;7;0;2;1;17;1
202300004893;155 671 872;7;0;2;1;26;1
202300004893;155 671 875;7;0;2;7;21;1
202300004894;155 671 866;7;0;9;1;21;1
202300004894;155 671 867;1;0;2;4;2;5
202300004895;155 671 864;7;15;0;2;0;1
202300004896;155 671 863;7;15;2;3;26;1
202300004896;155 671 865;7;0;2;7;1;1
202300004897;155 671 862;1;0;1;2;25;5
202300004898;155 671 857;7;0;2;3;9;1
202300004898;155 671 860;33;0;2;1;2;1
202300004899;155 671 856;30;0;2;7;1;1
202300004899;155 671 859;7;0;2;8;15;1
202300004900;155 671 855;7;0;9;2;1;1
202300004900;155 671 858;1;0;2;1;9;5
202300004901;155 671 854;7;0;0;9;21;1
202300004902;155 671 852;7;0;1;2;1;1
202300004903;155 671 850;7;0;2;3;9;3
202300004903;155 671 853;1;0;2;2;1;5
202300004904;155 671 847;1;0;2;1;1;5
202300004904;155 671 848;7;0;2;1;26;1
202300004905;155 671 846;7;0;2;3;9;1
202300004905;155 671 849;7;0;2;2;1;0
202300004906;155 671 843;7;0;2;3;16;1
202300004906;155 671 845;1;0;2;2;16;5
202300004907;155 671 842;7;0;1;1;1;1
202300004908;155 671 838;40;0;1;1;1;3
202300004909;155 671 836;30;0;2;1;2;1
202300004909;155 671 839;7;0;2;4;0;1
202300004910;155 671 837;7;0;2;1;0;0
202300004910;155 671 840;7;0;2;1;0;0
202300004910;155 671 844;7;3;0;1;0;0
202300004911;155 671 834;7;0;0;5;26;1
202300004911;155 671 835;33;1;0;1;1;1
202300004912;155 671 832;37;0;1;0;1;4
202300004913;155 671 831;7;0;2;7;15;1
202300004913;155 671 833;31;0;2;1;1;1
202300004914;155 671 830;7;8;1;1;14;0
202300004915;155 671 827;7;4;0;3;1;1
202300004916;155 671 826;7;0;2;2;1;1
202300004916;155 671 829;7;13;2;7;17;1
202300004917;155 671 825;1;0;2;1;1;5
202300004917;155 671 828;7;0;2;3;15;1
202300004918;155 671 824;7;0;1;3;1;0
202300004919;155 671 820;33;0;2;3;13;1
202300004919;155 671 823;7;3;2;3;1;1
202300004920;155 671 821;7;2;0;3;1;1
202300004921;155 671 819;7;6;0;2;1;1
202300004922;155 671 818;7;0;2;3;1;1
202300004922;155 671 822;7;0;2;2;15;1
202300004923;155 671 815;10;0;2;6;1;1
202300004923;155 671 817;80;0;2;1;1;3
202300004924;155 671 813;7;0;9;8;15;1
202300004924;155 671 816;1;0;2;7;16;5
202300004925;155 671 812;7;0;2;3;1;1
202300004925;155 671 814;2;0;2;7;1;1
202300004926;155 671 811;7;8;0;8;1;1
202300004927;155 671 809;33;0;6;1;1;1
202300004928;155 671 808;30;7;0;1;1;1
202300004929;155 671 806;7;0;2;6;15;1
202300004929;155 671 810;33;0;2;1;1;1
202300004930;155 671 805;30;0;2;3;15;1
202300004930;155 671 807;7;0;2;3;16;1
202300004931;155 671 802;7;0;2;3;13;1
202300004931;155 671 804;7;0;2;3;1;1
202300004932;155 671 800;17;0;1;1;1;1
202300004933;155 671 801;7;0;0;6;1;0
202300004933;155 671 803;50;0;2;2;19;3
202300004934;155 671 797;7;0;2;7;15;1
202300004934;155 671 799;32;0;2;1;1;1
202300004935;155 671 796;13;0;2;5;16;1
202300004935;155 671 798;1;0;2;3;1;5
202300004936;155 671 795;7;0;1;2;1;1
202300004937;155 671 792;10;0;2;2;1;1
202300004937;155 671 794;7;0;2;6;10;1
202300004938;155 671 790;37;0;2;5;1;6
202300004938;155 671 793;1;0;2;8;1;5
202300004939;155 671 789;7;6;0;1;1;1
202300004940;155 671 788;1;0;2;8;1;5
202300004940;155 671 791;7;0;2;7;16;1
202300004941;155 671 784;1;0;2;1;1;5
202300004941;155 671 786;1;0;2;1;13;5
202300004942;155 671 785;7;0;2;1;17;1
202300004942;155 671 787;7;0;2;3;1;1
202300004943;155 671 782;7;15;0;1;1;1
202300004944;155 671 781;7;0;2;8;15;1
202300004944;155 671 783;30;0;2;1;1;1
202300004945;155 671 778;0;0;2;1;0;0
202300004945;155 671 780;1;0;2;1;0;5
202300004946;155 671 776;1;0;0;0;1;5
202300004947;155 671 777;31;0;2;3;13;1
202300004947;155 671 779;7;0;2;3;5;1
202300004948;155 671 774;7;0;2;1;2;1
202300004948;155 671 775;7;0;1;4;1;1
202300004949;155 671 772;43;0;2;1;1;1
202300004949;155 671 773;10;0;2;4;1;1
202300004950;155 671 771;7;0;1;1;1;1
202300004951;155 671 770;7;2;0;1;13;1
202300004952;155 671 767;10;0;1;8;26;1
202300004953;155 671 768;3;0;0;0;1;1
202300004954;155 671 765;7;0;2;3;15;1
202300004954;155 671 769;1;0;2;3;5;5
202300004955;155 671 764;7;0;9;5;9;1
202300004955;155 671 766;1;0;2;5;14;5
202300004956;155 671 763;2;1;0;1;0;1
202300004957;155 671 757;33;0;2;8;26;1
202300004957;155 671 759;10;0;2;3;1;1
202300004958;155 671 756;7;0;2;4;1;1
202300004958;155 671 760;7;0;2;4;1;1
202300004958;155 671 762;7;0;2;1;1;0
202300004959;155 671 755;7;1;0;1;26;1
202300004959;155 671 758;7;0;2;0;0;0
202300004959;155 671 761;7;0;2;0;0;1
202300004960;155 671 754;7;13;0;3;1;1
202300004961;155 671 749;60;0;2;3;26;5
202300004961;155 671 752;7;0;2;1;23;1
202300004962;155 671 748;7;0;2;1;2;1
202300004962;155 671 753;7;0;2;5;2;1
202300004963;155 671 746;33;0;2;2;17;1
202300004963;155 671 750;7;0;2;6;17;1
202300004964;155 671 747;7;0;2;1;1;1
202300004964;155 671 751;7;0;2;2;13;1
202300004965;155 671 745;10;0;1;1;1;1
202300004966;155 671 743;33;0;1;1;1;0
202300004967;155 671 742;1;0;0;7;21;0
202300004968;155 671 741;2;0;2;0;2;1
202300004968;155 671 744;10;0;2;7;15;1
202300004969;155 671 739;7;1;1;3;1;2
202300004970;155 671 738;7;0;2;8;15;1
202300004970;155 671 740;15;0;2;2;1;1
202300004971;155 671 736;30;0;0;0;1;1
202300004972;155 671 735;14;0;2;1;1;1
202300004972;155 671 737;10;0;2;1;13;1
202300004973;155 671 733;10;0;2;2;0;1
202300004973;155 671 734;7;0;0;6;1;1
202300004974;155 671 732;7;0;1;6;26;3
202300004975;155 671 731;7;0;1;3;16;1
202300004976;155 671 730;38;6;0;2;2;1
202300004977;155 671 727;7;0;2;1;1;1
202300004977;155 671 729;33;0;0;4;1;1
202300004978;155 671 726;7;0;2;4;15;1
202300004978;155 671 728;10;0;2;1;2;1
202300004979;155 671 725;7;0;0;3;1;1
202300004980;155 671 724;33;0;0;8;1;1
202300004981;155 671 720;7;0;2;6;2;1
202300004981;155 671 723;31;0;2;1;2;1
202300004982;155 671 719;7;0;2;3;15;1
202300004983;155 671 722;33;0;0;8;15;1
202300004984;155 671 721;7;10;0;9;1;1
202300004985;155 671 715;7;12;0;3;26;0
202300004986;155 671 714;7;0;2;1;1;1
202300004986;155 671 718;7;0;2;1;13;1
202300004987;155 671 712;7;0;2;1;2;1
202300004987;155 671 717;7;0;2;4;23;1
202300004988;155 671 713;7;0;2;1;0;1
202300004988;155 671 716;7;4;2;5;1;1
202300004989;155 671 708;33;0;2;3;1;1
202300004989;155 671 711;7;0;2;8;1;1
202300004990;155 671 706;7;0;2;1;2;1
202300004991;155 671 704;7;0;2;4;2;2
202300004991;155 671 707;10;0;2;1;2;1
202300004991;155 671 709;7;0;2;1;2;1
202300004992;155 671 705;7;0;1;1;1;1
202300004993;155 671 703;10;0;1;1;1;1
202300004994;155 671 700;33;0;0;8;1;1
202300004995;155 671 699;7;0;2;0;14;1
202300004995;155 671 701;7;0;2;0;1;1
202300004996;155 671 698;7;3;0;6;13;1
202300004996;155 671 702;7;14;0;0;0;1
202300004997;155 671 695;30;0;0;0;0;1
202300004998;155 671 693;7;0;2;1;2;1
202300004998;155 671 696;7;0;2;4;2;3
202300004999;155 671 694;7;0;2;4;17;1
202300004999;155 671 697;1;0;2;1;1;5
202300005000;155 671 692;7;4;2;1;2;1
202300005001;155 671 689;7;0;2;1;1;-1
202300005001;155 671 691;7;0;2;4;1;-1
202300005002;155 671 687;43;0;1;1;1;1
202300005003;155 671 686;1;0;2;1;5;5
202300005003;155 671 690;7;0;2;1;1;1
202300005004;155 671 685;10;0;2;1;1;1
202300005004;155 671 688;10;0;2;1;5;1
202300005005;155 671 683;7;3;0;1;0;1
202300005006;155 671 680;33;0;2;1;1;1
202300005006;155 671 682;7;0;2;6;15;1
202300005007;155 671 679;7;0;2;1;2;1
202300005007;155 671 681;7;0;2;5;2;1
202300005008;155 671 678;7;0;1;8;1;1
202300005009;155 671 676;10;0;2;5;23;1
202300005009;155 671 677;43;0;2;1;18;1
202300005010;155 671 672;43;0;2;7;1;-1
202300005010;155 671 684;7;0;2;3;15;1
202300005011;155 671 671;7;0;2;3;11;1
202300005011;155 671 674;7;0;0;5;1;1
202300005012;155 671 669;7;0;2;1;2;1
202300005012;155 671 673;7;0;2;4;2;1
202300005012;155 671 675;7;0;2;4;2;1
202300005013;155 671 668;7;0;2;3;13;1
202300005013;155 671 670;7;0;2;6;1;1
202300005014;155 671 664;31;0;2;1;1;1
202300005014;155 671 667;7;0;2;7;15;1
202300005015;155 671 662;7;0;2;2;12;1
202300005015;155 671 666;33;0;2;3;3;1
202300005016;155 671 661;33;0;2;8;3;1
202300005016;155 671 665;7;0;2;7;1;1
202300005017;155 671 660;7;0;1;3;1;1
202300005018;155 671 656;33;0;2;1;3;1
202300005018;155 671 659;7;0;0;4;12;1
202300005019;155 671 655;1;0;2;0;5;5
202300005019;155 671 657;7;0;2;8;16;1
202300005020;155 671 653;7;0;2;5;12;1
202300005020;155 671 658;31;0;2;3;0;1
202300005021;155 671 652;7;0;2;8;10;1
202300005021;155 671 654;34;0;2;1;17;1
202300005022;155 671 646;7;6;0;1;9;2
202300005023;155 671 648;1;0;0;0;21;5
202300005024;155 671 647;7;0;2;4;2;1
202300005024;155 671 650;7;0;2;4;2;1
202300005024;155 671 651;10;0;2;1;1;1
202300005025;155 671 645;33;0;2;8;3;1
202300005025;155 671 649;7;0;2;5;12;1
202300005026;155 671 642;7;0;1;1;1;1
202300005027;155 671 640;7;0;2;3;11;1
202300005027;155 671 643;43;0;2;7;1;1
202300005028;155 671 641;43;4;2;1;2;1
202300005029;155 671 639;7;0;2;1;25;1
202300005029;155 671 644;80;0;2;8;25;3
202300005030;155 671 635;7;0;2;5;16;1
202300005030;155 671 638;50;0;2;1;19;3
202300005031;155 671 634;33;0;2;1;2;1
202300005031;155 671 637;31;0;2;4;2;1
202300005032;155 671 631;34;0;2;1;1;1
202300005032;155 671 632;7;0;2;4;23;1
202300005033;155 671 626;7;0;2;3;24;1
202300005033;155 671 629;2;0;2;1;1;1
202300005034;155 671 627;14;0;2;2;1;1
202300005034;155 671 630;7;0;2;8;11;1
202300005034;155 671 633;10;0;2;7;1;1
202300005034;155 671 636;7;0;2;1;21;1
202300005035;155 671 620;7;8;0;1;1;1
202300005036;155 671 619;7;0;2;3;15;1
202300005036;155 671 623;34;0;2;3;1;3
202300005037;155 671 621;14;0;2;4;2;1
202300005037;155 671 624;15;0;2;4;1;1
202300005037;155 671 625;13;0;2;1;2;1
202300005037;155 671 628;7;0;2;1;2;1
202300005038;155 671 622;7;3;0;1;1;1
202300005039;155 671 615;7;0;0;1;1;1
202300005040;155 671 614;36;1;2;1;13;1
202300005040;155 671 618;7;0;2;1;1;1
202300005041;155 671 613;33;0;2;2;3;1
202300005041;155 671 616;7;0;2;8;11;1
202300005042;155 671 610;7;0;0;3;1;1
202300005043;155 671 609;80;0;1;7;7;3
202300005044;155 671 607;7;0;2;1;2;1
202300005044;155 671 611;7;0;2;4;2;1
202300005045;155 671 608;7;0;2;7;12;1
202300005045;155 671 612;31;0;2;8;1;1
202300005046;155 671 605;33;0;0;7;14;1
202300005047;155 671 604;1;0;0;0;21;5
202300005048;155 671 602;33;0;0;0;3;1
202300005049;155 671 601;33;0;2;1;17;1
202300005049;155 671 603;7;0;2;4;11;1
202300005049;155 671 606;33;0;2;0;17;1
202300005050;155 671 596;30;0;2;8;9;1
202300005050;155 671 600;7;0;2;2;21;1
202300005051;155 671 597;30;0;1;1;1;3
202300005052;155 671 595;7;0;2;3;19;1
202300005052;155 671 598;50;0;2;3;25;3
202300005053;155 671 594;7;0;2;1;1;1
202300005053;155 671 599;10;0;2;4;1;1
202300005054;155 671 593;30;0;1;1;1;1
202300005055;155 671 591;7;0;2;2;15;1
202300005055;155 671 592;2;0;2;1;1;1
202300005056;155 671 589;7;0;2;3;11;1
202300005056;155 671 590;15;0;2;2;1;1
202300005057;155 671 586;7;0;2;7;16;1
202300005057;155 671 587;7;0;2;1;1;4
202300005058;155 671 584;7;0;2;1;1;1
202300005058;155 671 585;1;12;0;0;1;5
202300005059;155 671 579;7;0;2;6;12;1
202300005059;155 671 588;33;0;2;1;3;0
202300005060;155 671 577;7;0;2;4;0;1
202300005060;155 671 582;30;0;2;1;0;1
202300005061;155 671 578;7;0;2;1;0;1
202300005061;155 671 580;7;0;2;4;0;1
202300005061;155 671 583;7;0;2;4;0;1
202300005062;155 671 576;10;0;2;1;1;1
202300005062;155 671 581;7;0;2;7;1;1
202300005063;155 671 573;7;0;9;1;13;1
202300005063;155 671 575;17;0;2;1;1;1
202300005064;155 671 571;15;0;1;1;11;1
202300005065;155 671 566;1;0;0;0;26;5
202300005066;155 671 568;33;0;2;1;3;1
202300005066;155 671 570;10;0;2;5;14;1
202300005066;155 671 572;33;0;2;1;3;1
202300005066;155 671 574;33;0;2;1;3;1
202300005067;155 671 563;10;0;2;1;1;1
202300005067;155 671 564;7;0;2;8;13;1
202300005067;155 671 565;7;0;2;1;1;0
202300005067;155 671 567;7;13;2;8;1;1
202300005067;155 671 569;7;0;2;1;1;1
202300005068;155 671 560;32;0;2;1;1;1
202300005068;155 671 562;14;0;2;5;15;1
202300005069;155 671 559;14;0;2;3;1;1
202300005069;155 671 561;10;0;2;7;2;1
202300005070;155 671 557;13;0;2;4;23;1
202300005070;155 671 558;7;0;2;1;2;1
202300005071;155 671 555;7;0;2;3;19;1
202300005071;155 671 556;7;0;2;2;1;1
202300005072;155 671 552;41;0;1;1;1;1
202300005073;155 671 550;34;8;0;1;5;1
202300005074;155 671 551;7;0;2;4;2;2
202300005074;155 671 553;7;0;2;1;2;1
202300005074;155 671 554;7;0;2;4;2;1
202300005075;155 671 549;7;8;0;0;0;1
202300005076;155 671 548;7;0;1;7;1;2
202300005077;155 671 547;7;0;1;4;9;1
202300005078;155 671 545;1;0;2;0;1;5
202300005078;155 671 546;10;0;2;0;15;1
202300005079;155 671 540;7;0;2;1;5;1
202300005079;155 671 543;7;0;2;1;1;1
202300005080;155 671 542;7;0;2;2;26;0
202300005080;155 671 544;7;0;0;1;0;0
202300005081;155 671 539;60;0;2;8;1;5
202300005081;155 671 541;7;0;2;4;26;3
202300005082;155 671 538;33;0;0;2;14;1
202300005083;155 671 536;33;0;0;0;0;1