Num_Acc;id_vehicule;catv;obs;obsm;choc;manv;motor
202300005084;155 671 535;7;0;2;2;1;1
202300005084;155 671 537;7;7;2;1;1;0
202300005085;155 671 533;33;0;2;0;1;1
202300005085;155 671 534;7;0;2;0;0;1
202300005086;155 671 532;7;0;1;7;1;1
202300005087;155 671 530;50;0;2;0;0;3
202300005087;155 671 531;7;0;2;5;20;1
202300005088;155 671 528;1;0;2;1;1;5
202300005088;155 671 529;7;0;2;8;1;1
202300005089;155 671 525;99;0;2;0;9;0
202300005089;155 671 527;7;0;0;3;1;3
202300005090;155 671 522;7;0;2;3;19;1
202300005090;155 671 526;2;0;2;3;1;1
202300005091;155 671 521;7;0;2;4;1;1
202300005091;155 671 523;7;0;2;1;1;1
202300005091;155 671 524;30;0;2;4;1;1
202300005092;155 671 519;7;0;1;3;19;0
202300005093;155 671 518;7;0;2;6;13;1
202300005093;155 671 520;13;0;2;2;1;1
202300005094;155 671 517;60;12;0;0;1;5
202300005095;155 671 514;33;1;0;0;1;1
202300005096;155 671 516;7;1;1;4;20;1
202300005097;155 671 513;7;0;2;3;2;1
202300005097;155 671 515;32;0;2;4;2;0
202300005098;155 671 512;30;0;0;0;1;1
202300005099;155 671 510;7;15;0;7;1;1
202300005100;155 671 508;7;0;2;2;9;1
202300005100;155 671 509;7;0;2;2;14;1
202300005100;155 671 511;99;0;2;4;23;1
202300005101;155 671 507;7;0;1;2;1;1
202300005102;155 671 506;37;0;1;2;1;1
202300005103;155 671 505;7;0;1;1;2;1
202300005104;155 671 502;7;0;2;1;16;1
202300005104;155 671 504;60;0;2;7;1;5
202300005105;155 671 501;7;0;2;2;1;1
202300005105;155 671 503;50;0;2;1;1;3
202300005106;155 671 499;1;0;0;0;0;5
202300005106;155 671 500;7;0;0;0;0;1
202300005107;155 671 495;7;0;2;0;0;-1
202300005107;155 671 498;7;0;2;5;23;1
202300005108;155 671 494;17;0;2;3;1;1
202300005108;155 671 497;33;4;2;2;14;1
202300005109;155 671 491;1;0;2;1;25;5
202300005109;155 671 493;7;0;2;0;0;6
202300005109;155 671 496;7;0;2;2;16;0
202300005110;155 671 489;30;0;2;0;26;1
202300005110;155 671 492;10;0;2;8;15;1
202300005111;155 671 485;7;0;2;2;2;0
202300005111;155 671 487;7;0;2;6;1;0
202300005112;155 671 482;32;0;2;1;26;1
202300005112;155 671 486;7;0;2;4;0;1
202300005113;155 671 481;10;0;2;7;1;1
202300005113;155 671 484;1;0;2;2;0;5
202300005114;155 671 478;7;4;2;1;13;1
202300005114;155 671 480;7;0;0;7;2;1
202300005114;155 671 483;7;14;0;1;2;1
202300005115;155 671 476;10;0;2;2;19;1
202300005115;155 671 479;31;0;2;2;1;1
202300005116;155 671 475;7;0;1;2;17;1
202300005117;155 671 473;7;0;2;3;9;1
202300005117;155 671 477;1;0;2;1;1;5
202300005118;155 671 472;2;0;1;1;1;1
202300005119;155 671 471;7;6;0;2;14;1
202300005120;155 671 470;7;0;2;3;1;1
202300005120;155 671 474;7;0;2;2;19;1
202300005121;155 671 466;10;0;2;1;0;1
202300005121;155 671 469;7;0;2;1;0;1
202300005122;155 671 468;7;14;0;3;9;1
202300005123;155 671 465;7;0;1;1;1;-1
202300005124;155 671 464;7;0;0;1;0;1
202300005124;155 671 467;7;0;2;1;5;1
202300005125;155 671 461;10;0;0;0;1;1
202300005126;155 671 462;7;0;1;2;1;3
202300005127;155 671 460;7;1;2;1;2;0
202300005127;155 671 463;7;0;0;5;23;0
202300005128;155 671 459;7;0;0;8;1;1
202300005129;155 671 457;43;1;0;2;14;1
202300005130;155 671 456;33;0;1;1;17;1
202300005131;155 671 455;10;0;2;5;2;1
202300005131;155 671 458;50;0;2;1;2;3
202300005132;155 671 454;33;0;0;9;15;1
202300005133;155 671 453;30;0;0;0;0;1
202300005134;155 671 447;7;0;2;3;13;3
202300005134;155 671 450;7;0;2;3;1;1
202300005134;155 671 452;7;12;0;1;13;1
202300005135;155 671 446;7;0;9;7;17;1
202300005135;155 671 449;1;0;0;6;1;5
202300005136;155 671 448;7;0;2;2;16;1
202300005136;155 671 451;2;0;2;8;18;1
202300005137;155 671 445;30;0;0;0;1;1
202300005138;155 671 438;7;0;2;1;1;1
202300005138;155 671 444;7;0;2;1;13;1
202300005139;155 671 441;2;6;2;1;2;0
202300005139;155 671 443;7;0;0;2;16;0
202300005140;155 671 439;30;0;2;0;0;1
202300005140;155 671 442;1;0;2;0;0;5
202300005141;155 671 437;1;0;2;4;1;5
202300005141;155 671 440;7;0;2;2;1;1
202300005142;155 671 435;1;0;0;0;1;5
202300005143;155 671 433;1;0;0;0;1;5
202300005144;155 671 434;33;0;2;1;1;1
202300005144;155 671 436;7;0;0;3;1;1
202300005145;155 671 431;30;0;2;1;2;1
202300005145;155 671 432;10;0;2;4;2;1
202300005146;155 671 430;33;0;0;3;1;0
202300005147;155 671 429;30;0;0;0;1;1
202300005148;155 671 426;33;9;2;1;17;1
202300005148;155 671 428;10;0;2;3;15;1
202300005149;155 671 424;7;3;0;6;1;1
202300005149;155 671 425;10;0;2;2;14;1
202300005150;155 671 422;30;0;2;3;1;1
202300005150;155 671 427;7;0;2;2;15;1
202300005151;155 671 421;7;0;2;1;13;1
202300005151;155 671 423;3;0;2;1;1;1
202300005152;155 671 419;7;0;2;6;15;1
202300005152;155 671 420;33;0;2;1;17;1
202300005153;155 671 417;30;0;0;0;1;1
202300005154;155 671 415;30;0;2;1;13;1
202300005154;155 671 418;30;0;2;1;26;1
202300005155;155 671 413;33;0;2;3;17;1
202300005155;155 671 414;10;0;2;3;1;0
202300005155;155 671 416;7;0;2;1;1;0
202300005156;155 671 410;7;0;2;4;9;1
202300005156;155 671 412;2;0;0;4;1;1
202300005157;155 671 408;7;16;0;2;1;1
202300005158;155 671 409;31;0;0;0;26;0
202300005159;155 671 407;7;0;2;1;1;1
202300005159;155 671 411;7;0;2;2;0;1
202300005160;155 671 405;7;0;2;3;1;1
202300005160;155 671 406;80;0;2;1;1;3
202300005161;155 671 404;1;0;0;0;1;5
202300005162;155 671 399;7;0;1;1;1;1
202300005163;155 671 398;7;0;0;1;13;1
202300005163;155 671 400;7;0;2;1;1;1
202300005164;155 671 397;7;0;2;3;15;1
202300005164;155 671 401;50;0;2;1;2;3
202300005165;155 671 394;7;13;0;1;14;1
202300005166;155 671 393;32;0;0;0;1;1
202300005167;155 671 395;7;0;0;4;23;1
202300005167;155 671 396;17;0;2;1;1;1
202300005168;155 671 389;7;15;0;2;1;1
202300005169;155 671 388;7;0;9;3;15;1
202300005169;155 671 391;1;0;2;1;1;5
202300005170;155 671 387;1;0;0;1;1;5
202300005170;155 671 390;7;0;2;1;1;1
202300005171;155 671 386;34;0;2;1;1;1
202300005171;155 671 392;7;0;2;1;1;1
202300005172;155 671 385;7;0;0;0;1;1
202300005173;155 671 383;7;9;2;3;0;0
202300005173;155 671 384;10;9;0;1;0;0
202300005174;155 671 381;7;6;0;1;1;1
202300005175;155 671 380;7;2;0;1;1;0
202300005176;155 671 379;10;0;2;2;15;1
202300005176;155 671 382;7;0;2;3;1;1
202300005177;155 671 377;7;0;1;1;1;1
202300005178;155 671 374;7;0;0;8;1;1
202300005178;155 671 376;33;0;2;8;9;1
202300005179;155 671 371;7;8;0;7;14;1
202300005180;155 671 369;7;0;2;4;1;1
202300005180;155 671 370;10;0;2;4;0;0
202300005180;155 671 373;7;0;2;1;1;1
202300005181;155 671 368;7;0;1;1;2;1
202300005182;155 671 364;41;0;2;8;13;1
202300005182;155 671 366;7;0;2;7;15;1
202300005183;155 671 365;7;0;2;3;1;1
202300005183;155 671 367;7;0;2;3;1;1
202300005184;155 671 361;0;0;0;0;26;0
202300005185;155 671 359;7;0;0;6;15;1
202300005185;155 671 360;30;0;2;7;1;1
202300005186;155 671 357;7;0;2;4;9;1
202300005186;155 671 358;7;0;2;1;2;1
202300005187;155 671 356;7;4;2;7;14;1
202300005187;155 671 362;7;3;2;8;1;1
202300005188;155 671 355;33;13;0;1;14;1
202300005189;155 671 352;99;0;1;0;1;0
202300005190;155 671 350;10;0;0;0;7;1
202300005190;155 671 353;7;2;2;2;1;1
202300005191;155 671 348;7;0;2;1;1;1
202300005191;155 671 351;7;0;2;4;23;1
202300005191;155 671 354;7;0;2;4;15;1
202300005192;155 671 346;7;0;2;1;13;0
202300005192;155 671 349;7;0;2;1;1;0
202300005193;155 671 344;7;0;2;4;26;1
202300005193;155 671 347;7;0;2;2;26;1
202300005194;155 671 345;7;0;1;1;16;1
202300005195;155 671 343;7;6;1;1;14;1
202300005196;155 671 342;7;0;1;3;2;1
202300005197;155 671 340;7;0;2;4;1;1
202300005197;155 671 341;7;0;2;1;1;1
202300005198;155 671 339;7;0;0;9;1;1
202300005199;155 671 338;7;0;1;1;1;1
202300005200;155 671 333;2;0;0;1;1;5
202300005201;155 671 332;7;0;2;6;26;1
202300005201;155 671 335;43;14;0;3;14;1
202300005202;155 671 330;7;0;2;5;23;1
202300005202;155 671 336;7;0;2;1;1;1
202300005202;155 671 337;7;0;2;6;23;1
202300005203;155 671 328;7;0;2;1;1;1
202300005203;155 671 331;10;0;2;1;1;1
202300005203;155 671 334;7;0;2;1;13;1
202300005204;155 671 326;7;0;2;4;2;1
202300005204;155 671 329;7;0;2;1;2;1
202300005205;155 671 324;7;4;2;1;1;1
202300005205;155 671 327;7;0;2;3;21;1
202300005206;155 671 323;7;13;0;1;15;1
202300005207;155 671 322;30;0;2;7;16;1
202300005207;155 671 325;10;0;2;7;16;1
202300005208;155 671 321;1;0;0;0;0;5
202300005209;155 671 320;7;0;1;3;1;1
202300005210;155 671 319;2;0;0;0;1;1
202300005211;155 671 318;33;0;0;1;0;1
202300005212;155 671 316;7;1;0;1;16;1
202300005213;155 671 314;10;0;2;4;2;1
202300005213;155 671 317;33;0;2;1;1;1
202300005214;155 671 313;1;0;2;1;0;5
202300005214;155 671 315;20;0;0;5;15;1
202300005215;155 671 312;32;0;0;0;0;0
202300005216;155 671 309;30;0;2;1;1;3
202300005216;155 671 311;7;0;2;2;15;1
202300005217;155 671 305;33;0;2;1;1;1
202300005217;155 671 308;21;0;2;6;15;1
202300005218;155 671 304;7;0;2;8;15;1
202300005218;155 671 307;30;0;2;2;17;1
202300005219;155 671 303;7;0;1;0;0;1
202300005219;155 671 306;7;0;1;1;1;1
202300005219;155 671 310;7;0;1;0;0;1
202300005220;155 671 301;7;0;2;0;1;1
202300005220;155 671 302;7;0;2;1;1;1
202300005221;155 671 299;7;0;1;1;1;1
202300005222;155 671 297;7;0;0;0;24;1
202300005222;155 671 300;30;7;0;1;1;1
202300005223;155 671 296;7;3;2;3;1;1
202300005223;155 671 298;7;0;2;1;1;1
202300005224;155 671 294;7;15;0;2;14;1
202300005225;155 671 293;10;0;2;2;11;1
202300005225;155 671 295;33;0;2;1;1;1
202300005226;155 671 288;30;0;0;7;15;1
202300005227;155 671 285;7;0;2;1;9;1
202300005227;155 671 289;7;0;2;2;13;1
202300005228;155 671 284;7;0;2;0;2;1
202300005228;155 671 286;7;0;2;4;2;1
202300005228;155 671 290;33;0;2;1;1;1
202300005228;155 671 291;7;0;2;0;2;1
202300005229;155 671 280;33;0;0;0;0;1
202300005230;155 671 279;7;0;2;4;2;1
202300005230;155 671 283;7;0;2;1;2;1
202300005231;155 671 278;30;14;0;1;2;1
202300005231;155 671 281;7;0;2;4;2;1
202300005232;155 671 271;7;0;1;1;1;1
202300005233;155 671 273;30;0;2;1;21;1
202300005233;155 671 275;7;0;2;5;15;1
202300005234;155 671 270;50;0;0;0;0;3
202300005234;155 671 272;7;0;2;0;1;0
202300005235;155 671 269;7;0;2;1;2;1
202300005235;155 671 274;7;0;2;4;2;1
202300005235;155 671 276;7;0;2;4;2;1
202300005236;155 671 266;2;0;2;1;0;0
202300005236;155 671 268;7;0;0;5;23;0
202300005237;155 671 262;7;0;2;0;14;1
202300005237;155 671 265;33;0;2;8;16;1
202300005237;155 671 267;7;0;2;6;1;1
202300005238;155 671 261;7;0;2;8;13;1
202300005238;155 671 264;7;0;2;7;1;1
202300005239;155 671 259;7;0;2;4;1;1
202300005239;155 671 260;7;0;2;1;1;1
202300005239;155 671 263;7;0;2;4;1;1
202300005240;155 671 258;33;3;0;1;13;1
202300005241;155 671 256;7;0;1;1;1;1
202300005242;155 671 252;7;0;2;3;1;1
202300005242;155 671 255;7;3;2;2;1;1
202300005243;155 671 251;7;0;2;4;2;1
202300005243;155 671 253;7;0;2;4;2;1
202300005244;155 671 250;7;0;1;1;1;1
202300005245;155 671 246;7;0;2;3;13;1
202300005245;155 671 254;7;0;2;3;21;1
202300005245;155 671 257;7;0;2;3;1;1
202300005246;155 671 245;7;0;2;8;11;1
202300005246;155 671 248;33;0;2;1;3;1
202300005247;155 671 244;10;0;2;3;2;1
202300005247;155 671 247;7;0;2;4;2;1
202300005247;155 671 249;7;0;2;4;2;1
202300005248;155 671 243;80;0;0;9;1;3
202300005249;155 671 239;10;0;2;1;5;1
202300005249;155 671 241;7;0;2;1;1;1
202300005250;155 671 238;10;0;2;3;9;1
202300005250;155 671 242;7;4;0;4;0;1
202300005251;155 671 236;13;0;2;7;12;1
202300005251;155 671 237;33;0;2;8;1;1
202300005251;155 671 240;7;0;2;8;1;1
202300005252;155 671 233;7;0;0;9;14;0
202300005253;155 671 234;50;0;2;1;1;3
202300005254;155 671 232;7;0;1;3;1;1
202300005255;155 671 229;1;0;2;1;1;5
202300005255;155 671 231;13;0;0;4;23;1
202300005256;155 671 227;34;0;2;1;19;1
202300005256;155 671 228;7;0;2;0;0;1
202300005257;155 671 226;10;13;0;8;13;3
202300005258;155 671 223;7;15;2;1;2;3
202300005258;155 671 225;7;0;0;4;2;1
202300005259;155 671 221;50;0;2;0;2;3
202300005259;155 671 224;7;0;2;0;26;1
202300005260;155 671 219;33;0;2;1;5;1
202300005260;155 671 220;7;0;2;3;1;1
202300005261;155 671 217;10;0;2;1;1;1
202300005261;155 671 222;99;0;2;3;15;1
202300005262;155 671 214;7;0;2;1;1;1
202300005262;155 671 215;7;0;2;4;1;1
202300005263;155 671 213;7;0;2;2;26;1
202300005264;155 671 211;7;0;2;0;0;0
202300005264;155 671 212;31;0;2;4;1;1
202300005265;155 671 209;31;0;2;3;26;1
202300005265;155 671 210;7;0;2;3;1;1
202300005266;155 671 207;7;0;2;4;2;1
202300005266;155 671 208;7;0;2;1;2;1
202300005267;155 671 205;7;0;2;1;2;1
202300005267;155 671 206;7;0;2;4;2;1
202300005268;155 671 203;7;0;2;2;1;1
202300005268;155 671 204;7;0;2;4;1;1
202300005269;155 671 200;7;0;2;2;12;1
202300005269;155 671 201;32;0;2;3;3;1
202300005269;155 671 202;7;0;2;4;1;1
202300005270;155 671 198;7;0;2;3;5;1
202300005270;155 671 199;7;0;2;1;1;1
202300005271;155 671 196;7;0;2;8;1;1
202300005271;155 671 197;7;0;2;2;15;1
202300005272;155 671 194;1;0;2;7;19;5
202300005272;155 671 195;30;0;9;1;17;1
202300005273;155 671 193;33;12;0;1;1;1
202300005274;155 671 192;50;0;2;2;0;3
202300005275;155 671 191;7;4;0;3;1;1
202300005276;155 671 189;7;12;2;1;1;1
202300005276;155 671 190;7;0;2;1;15;1
202300005277;155 671 188;7;8;1;1;16;1
202300005278;155 671 187;30;15;0;2;1;1
202300005279;155 671 185;7;0;2;1;2;1
202300005279;155 671 186;7;0;2;4;2;1
202300005280;155 671 183;50;0;2;1;25;3
202300005280;155 671 184;7;0;2;2;16;1
202300005281;155 671 181;7;0;2;1;13;1
202300005281;155 671 182;7;14;0;4;13;1
202300005282;155 671 179;7;0;2;5;16;1
202300005282;155 671 180;2;0;2;8;1;1
202300005283;155 671 177;7;0;9;1;1;1
202300005283;155 671 178;1;0;2;1;19;5
202300005284;155 671 176;30;0;0;0;1;1
202300005285;155 671 174;7;0;2;3;26;1
202300005285;155 671 175;2;0;2;3;26;1
202300005286;155 671 173;33;1;0;1;13;1
202300005287;155 671 171;50;0;2;7;1;3
202300005287;155 671 172;7;0;2;3;1;2
202300005288;155 671 169;7;0;2;2;1;1
202300005288;155 671 170;7;0;2;1;1;1
202300005289;155 671 167;7;0;2;3;15;1
202300005289;155 671 168;50;0;2;1;1;3
202300005290;155 671 165;7;0;2;1;19;1
202300005290;155 671 166;32;0;2;7;1;1
202300005291;155 671 163;10;0;2;1;1;1
202300005291;155 671 164;7;0;2;2;1;1
202300005292;155 671 161;7;0;2;1;1;1
202300005292;155 671 162;7;0;2;4;2;1
202300005293;155 671 160;34;4;0;8;13;1
202300005294;155 671 158;13;0;2;3;12;1
202300005294;155 671 159;7;0;2;8;1;1
202300005295;155 671 156;7;0;2;3;0;1
202300005295;155 671 157;7;0;2;5;0;1
202300005296;155 671 152;7;0;2;4;2;1
202300005296;155 671 153;7;0;2;4;15;1
202300005296;155 671 154;7;0;2;1;2;1
202300005296;155 671 155;7;0;2;0;2;1
202300005297;155 671 150;50;0;2;1;1;3
202300005297;155 671 151;7;0;2;3;9;1
202300005298;155 671 148;33;0;2;8;2;1
202300005298;155 671 149;7;0;2;5;13;1
202300005299;155 671 146;7;0;2;1;15;1
202300005299;155 671 147;33;0;2;0;1;1
202300005300;155 671 144;7;0;2;1;0;1
202300005300;155 671 145;7;0;0;0;0;2
202300005301;155 671 143;7;1;1;1;26;1
202300005302;155 671 141;7;0;2;2;17;0
202300005302;155 671 142;1;0;2;2;14;5
202300005303;155 671 140;7;0;1;0;26;0
202300005304;155 671 137;99;0;2;1;2;1
202300005304;155 671 138;7;0;2;4;2;1
202300005304;155 671 139;7;0;2;4;1;1
202300005305;155 671 135;33;0;2;1;1;1
202300005305;155 671 136;7;0;2;5;0;1
202300005306;155 671 133;7;0;2;1;13;1
202300005306;155 671 134;10;0;2;0;0;1
202300005307;155 671 131;7;0;2;2;1;1
202300005307;155 671 132;1;0;2;8;19;5
202300005308;155 671 129;7;0;2;1;1;1
202300005308;155 671 130;7;1;2;1;13;1
202300005309;155 671 128;7;2;0;3;14;1
202300005310;155 671 127;10;0;1;1;1;3
202300005311;155 671 125;10;15;2;8;19;1
202300005311;155 671 126;7;0;2;1;1;1
202300005312;155 671 124;7;0;1;1;1;1
202300005313;155 671 123;7;13;0;5;14;1
202300005314;155 671 122;7;13;0;1;13;1
202300005315;155 671 121;15;0;1;1;1;1
202300005316;155 671 119;7;0;2;3;13;1
202300005316;155 671 120;7;0;2;3;1;1
202300005317;155 671 117;7;0;2;1;9;1
202300005317;155 671 118;7;0;2;1;1;1
202300005318;155 671 116;7;0;1;1;1;3
202300005319;155 671 115;7;0;1;4;4;1
202300005320;155 671 113;7;0;2;1;15;1
202300005320;155 671 114;43;0;2;2;1;1
202300005321;155 671 111;33;11;2;2;17;1
202300005321;155 671 112;7;0;2;8;1;1
202300005322;155 671 109;2;0;2;8;1;1
202300005322;155 671 110;7;0;2;1;15;1
202300005323;155 671 108;7;11;0;3;1;1
202300005324;155 671 107;7;7;0;1;6;1
202300005325;155 671 105;7;0;2;1;2;1
202300005325;155 671 106;33;0;2;4;2;1
202300005326;155 671 103;7;0;9;1;1;1
202300005326;155 671 104;50;0;2;7;19;3
202300005327;155 671 099;7;0;2;2;1;3
202300005327;155 671 100;7;0;2;1;1;1
202300005328;155 671 097;7;0;2;1;13;1
202300005328;155 671 098;7;0;2;3;1;1
202300005329;155 671 096;33;0;0;1;26;1
202300005330;155 671 094;7;0;2;1;2;1
202300005330;155 671 095;7;0;2;4;2;1
202300005331;155 671 093;33;0;0;0;1;1
202300005332;155 671 091;10;0;2;6;9;1
202300005332;155 671 092;33;0;2;1;1;1
202300005333;155 671 090;50;0;1;1;1;3
202300005334;155 671 088;7;0;2;0;0;1
202300005334;155 671 089;1;0;2;4;15;5
202300005335;155 671 087;30;14;0;1;5;1
202300005336;155 671 086;7;6;0;1;14;1
202300005337;155 671 084;7;0;2;7;15;1
202300005337;155 671 085;33;0;2;1;1;1
202300005338;155 671 082;32;0;2;1;1;1
202300005338;155 671 083;7;0;2;4;1;1
202300005339;155 671 080;37;0;2;8;1;1
202300005339;155 671 081;14;0;2;1;1;1
202300005340;155 671 077;33;0;2;2;14;1
202300005340;155 671 078;7;0;2;5;2;1
202300005340;155 671 079;7;0;2;2;2;1
202300005341;155 671 075;1;1;2;4;1;5
202300005341;155 671 076;7;0;2;1;1;1
202300005342;155 671 073;7;0;2;1;1;1
202300005342;155 671 074;13;0;2;4;26;1
202300005343;155 671 072;7;0;1;6;16;1
202300005344;155 671 070;7;0;2;3;1;1
202300005344;155 671 071;80;0;2;1;1;3
202300005345;155 671 068;7;0;2;4;23;1
202300005345;155 671 069;7;0;2;1;1;1
202300005346;155 671 066;7;0;2;3;10;1
202300005346;155 671 067;33;0;2;1;1;1
202300005347;155 671 065;50;0;1;1;1;3
202300005348;155 671 063;1;0;2;1;2;5
202300005348;155 671 064;7;0;2;4;23;1
202300005349;155 671 061;80;0;2;8;1;3
202300005349;155 671 062;7;0;2;2;15;1
202300005350;155 671 060;10;0;1;2;15;3
202300005351;155 671 058;32;0;2;1;1;1
202300005351;155 671 059;7;0;2;7;15;1
202300005352;155 671 056;30;0;2;1;2;1
202300005352;155 671 057;7;0;2;4;2;1
202300005353;155 671 055;80;12;0;1;14;3
202300005354;155 671 053;50;0;2;1;2;3
202300005354;155 671 054;7;0;9;3;2;1
202300005355;155 671 051;7;0;2;7;17;0
202300005355;155 671 052;1;0;2;8;13;5
202300005356;155 671 050;7;0;0;0;1;-1
202300005357;155 671 048;33;0;2;1;17;1
202300005357;155 671 049;7;0;2;0;0;1
202300005358;155 671 045;7;0;2;4;2;1
202300005358;155 671 046;7;1;2;7;1;1
202300005358;155 671 047;7;0;2;7;2;1
202300005359;155 671 043;7;0;2;1;0;1
202300005359;155 671 044;50;0;2;1;0;3
202300005360;155 671 042;7;1;0;2;14;1
202300005361;155 671 040;7;0;2;7;15;1
202300005361;155 671 041;33;0;2;1;2;1
202300005362;155 671 038;7;14;0;4;0;1
202300005362;155 671 039;7;14;0;1;0;0
202300005363;155 671 036;50;1;0;1;2;3
202300005363;155 671 037;7;1;0;0;0;1
202300005364;155 671 035;7;2;0;1;1;2
202300005365;155 671 033;7;0;2;2;14;1
202300005365;155 671 034;50;0;2;4;1;3
202300005366;155 671 032;7;0;1;2;1;1
202300005367;155 671 031;7;0;1;4;4;1
202300005368;155 671 028;7;0;2;3;15;1
202300005368;155 671 030;50;0;2;1;5;3
202300005369;155 671 027;1;0;2;1;25;5
202300005369;155 671 029;7;0;2;8;9;1
202300005370;155 671 026;7;1;0;1;1;1
202300005371;155 671 025;7;0;1;1;1;1
202300005372;155 671 024;7;0;1;1;2;1
202300005373;155 671 022;30;0;2;1;17;1
202300005373;155 671 023;7;0;2;3;15;1
202300005374;155 671 021;7;2;0;1;13;1
202300005375;155 671 020;7;0;1;1;1;1
202300005376;155 671 019;7;14;0;1;1;1
202300005377;155 671 016;7;0;2;1;19;1
202300005377;155 671 018;1;0;2;8;1;5
202300005378;155 671 015;7;0;2;2;1;3
202300005378;155 671 017;2;-1;2;1;-1;1
202300005379;155 671 014;30;0;0;8;16;1
202300005380;155 671 012;7;0;2;8;2;1
202300005380;155 671 013;2;0;2;7;17;1
202300005381;155 671 010;7;0;2;3;15;1
202300005381;155 671 011;7;0;2;3;1;1
202300005382;155 671 009;7;0;1;4;4;1
202300005383;155 671 008;30;0;1;8;1;1
202300005384;155 671 006;10;0;2;1;1;1
202300005384;155 671 007;1;0;2;7;16;5
202300005385;155 671 004;50;0;2;1;25;3
202300005385;155 671 005;7;2;2;1;15;1
202300005386;155 671 003;33;0;0;9;1;1
202300005387;155 670 999;34;0;2;2;1;1
202300005387;155 671 002;7;0;2;8;10;1
202300005388;155 671 000;1;0;2;1;1;5
202300005388;155 671 001;1;0;2;1;1;5
202300005389;155 670 997;7;0;1;1;1;1
202300005390;155 670 996;33;0;2;2;17;1
202300005390;155 670 998;7;0;2;6;0;1
202300005391;155 670 994;7;0;2;2;1;1
202300005391;155 670 995;7;0;2;3;20;1
202300005392;155 670 992;32;0;2;8;13;1
202300005392;155 670 993;7;0;2;2;1;1
202300005393;155 670 990;7;0;2;0;1;1
202300005393;155 670 991;1;0;2;2;1;5
202300005394;155 670 989;10;0;1;4;4;1
202300005395;155 670 988;7;0;1;1;1;1
202300005396;155 670 987;10;9;0;1;9;1
202300005397;155 670 985;7;0;2;2;1;1
202300005397;155 670 986;50;0;2;1;19;3
202300005398;155 670 984;31;12;0;1;1;1
202300005399;155 670 983;7;0;1;8;1;1
202300005400;155 670 979;10;0;2;4;1;1
202300005400;155 670 980;7;0;2;3;11;1
202300005400;155 670 982;33;0;2;2;3;1
202300005401;155 670 977;7;4;0;1;1;1
202300005402;155 670 975;7;0;2;3;1;1
202300005402;155 670 976;15;0;2;8;1;1
202300005403;155 670 974;2;0;0;8;15;1
202300005404;155 670 972;7;0;2;3;26;1
202300005404;155 670 973;1;0;2;1;1;5
202300005405;155 670 970;7;0;2;1;1;1
202300005405;155 670 971;7;0;2;4;1;1
202300005406;155 670 969;2;0;0;0;1;1
202300005407;155 670 968;7;9;0;3;15;1
202300005408;155 670 966;7;2;0;2;1;1
202300005409;155 670 965;33;11;2;1;17;1
202300005409;155 670 967;7;0;2;1;1;1
202300005410;155 670 964;7;2;0;4;14;1
202300005411;155 670 962;37;0;2;3;15;1
202300005411;155 670 963;7;0;2;8;14;6
202300005412;155 670 960;7;0;2;1;1;1
202300005412;155 670 961;7;0;2;4;1;1
202300005413;155 670 959;7;4;0;3;1;1
202300005414;155 670 957;2;0;0;8;1;1
202300005415;155 670 956;7;0;2;1;1;0
202300005415;155 670 958;50;0;2;7;1;3
202300005416;155 670 955;7;0;1;2;1;1
202300005417;155 670 953;10;0;2;1;16;1
202300005417;155 670 954;7;0;2;4;16;1
202300005418;155 670 951;30;0;0;8;16;1
202300005419;155 670 950;7;1;2;7;1;1
202300005419;155 670 952;10;0;2;1;16;1
202300005420;155 670 947;37;0;2;2;2;1
202300005420;155 670 949;1;0;2;0;2;5
202300005421;155 670 946;1;0;2;1;21;5
202300005421;155 670 948;10;0;2;5;15;1
202300005422;155 670 943;7;0;2;1;1;1
202300005422;155 670 945;10;0;2;4;1;1
202300005423;155 670 942;7;0;2;1;1;1
202300005423;155 670 944;50;0;2;7;19;3
202300005424;155 670 940;37;0;2;0;1;1
202300005424;155 670 941;1;0;2;8;1;5
202300005425;155 670 938;7;0;2;3;18;1
202300005425;155 670 939;7;0;2;7;16;1
202300005426;155 670 937;7;7;0;8;1;1
202300005427;155 670 934;7;0;0;0;0;1
202300005427;155 670 936;7;0;0;0;0;1
202300005428;155 670 933;7;0;9;1;9;0
202300005428;155 670 935;1;0;2;7;1;5
202300005429;155 670 932;1;0;1;0;0;5
202300005430;155 670 929;1;0;2;1;1;5
202300005430;155 670 931;7;0;2;1;5;1
202300005431;155 670 928;7;0;2;1;1;1
202300005431;155 670 930;7;0;2;2;15;1
202300005432;155 670 925;10;0;2;5;15;1
202300005432;155 670 926;30;0;2;1;1;1
202300005433;155 670 924;7;0;2;2;1;1
202300005433;155 670 927;32;0;2;3;13;1
202300005434;155 670 922;32;0;2;1;1;1
202300005434;155 670 923;7;0;2;3;1;3
202300005435;155 670 920;7;0;2;3;16;1
202300005435;155 670 921;33;0;2;1;1;1
202300005436;155 670 919;7;9;0;1;15;1
202300005437;155 670 916;7;0;2;1;9;1
202300005437;155 670 918;50;0;2;1;9;3
202300005438;155 670 915;14;0;2;1;1;0
202300005438;155 670 917;34;0;2;8;19;1