Num_Acc;id_vehicule;catv;obs;obsm;choc;manv;motor
202300005439;155 670 913;33;0;2;0;1;1
202300005439;155 670 914;7;0;2;0;11;1
202300005440;155 670 910;7;0;2;7;0;1
202300005440;155 670 912;31;0;2;1;1;1
202300005441;155 670 909;7;0;2;1;1;1
202300005441;155 670 911;7;0;2;4;1;3
202300005442;155 670 905;33;0;2;1;15;1
202300005442;155 670 908;7;0;2;1;1;1
202300005443;155 670 902;7;0;2;5;12;1
202300005443;155 670 904;1;0;2;8;1;5
202300005444;155 670 901;7;0;2;8;15;2
202300005444;155 670 903;33;0;2;1;1;1
202300005445;155 670 899;7;0;2;1;1;1
202300005445;155 670 900;7;0;2;4;1;1
202300005446;155 670 896;1;0;0;1;1;5
202300005447;155 670 897;36;0;2;2;17;1
202300005447;155 670 898;7;0;2;3;15;1
202300005448;155 670 895;10;0;1;3;1;-1
202300005449;155 670 892;7;0;2;1;1;1
202300005449;155 670 894;7;0;2;1;1;1
202300005450;155 670 891;7;0;2;2;1;1
202300005450;155 670 893;2;0;2;1;1;1
202300005451;155 670 890;7;0;1;1;12;1
202300005452;155 670 888;7;0;2;1;9;2
202300005452;155 670 889;50;0;2;1;1;3
202300005453;155 670 886;7;0;2;6;10;1
202300005453;155 670 887;33;0;2;1;2;1
202300005454;155 670 885;7;7;0;1;0;1
202300005455;155 670 883;7;1;0;2;0;1
202300005456;155 670 881;7;0;2;8;0;0
202300005456;155 670 882;7;0;2;5;0;0
202300005456;155 670 884;7;0;2;3;0;0
202300005457;155 670 880;30;0;1;0;0;1
202300005458;155 670 878;7;0;2;4;2;0
202300005458;155 670 879;7;0;2;1;2;0
202300005459;155 670 876;7;0;2;8;1;0
202300005459;155 670 877;32;0;2;7;1;1
202300005460;155 670 875;10;0;1;3;1;1
202300005461;155 670 872;7;0;2;2;1;1
202300005461;155 670 874;15;0;2;3;1;1
202300005462;155 670 871;7;0;2;1;9;1
202300005462;155 670 873;7;0;2;1;13;1
202300005463;155 670 869;10;0;2;3;24;1
202300005463;155 670 870;50;1;0;8;21;3
202300005464;155 670 867;10;0;2;1;2;1
202300005464;155 670 868;7;0;2;4;1;1
202300005465;155 670 866;3;8;0;1;26;1
202300005466;155 670 865;7;13;0;3;13;1
202300005467;155 670 863;7;0;2;3;11;1
202300005467;155 670 864;32;0;2;8;3;1
202300005468;155 670 861;7;0;2;8;15;1
202300005468;155 670 862;32;0;2;2;17;1
202300005469;155 670 859;7;0;2;3;9;1
202300005469;155 670 860;33;0;2;1;1;1
202300005470;155 670 857;7;0;2;2;12;1
202300005470;155 670 858;1;0;2;3;1;5
202300005471;155 670 855;80;0;2;1;1;3
202300005471;155 670 856;50;0;2;1;13;3
202300005472;155 670 854;7;0;1;7;1;2
202300005473;155 670 852;60;0;2;1;19;5
202300005473;155 670 853;7;0;2;3;1;1
202300005474;155 670 851;31;0;1;1;1;1
202300005475;155 670 850;7;0;1;2;1;1
202300005476;155 670 848;50;0;2;1;17;3
202300005476;155 670 849;80;0;2;1;15;3
202300005477;155 670 847;7;12;0;0;13;1
202300005478;155 670 846;1;0;0;0;15;5
202300005479;155 670 844;7;0;2;8;1;1
202300005479;155 670 845;32;0;2;8;15;1
202300005480;155 670 843;7;0;1;1;1;1
202300005481;155 670 842;1;0;0;1;1;5
202300005482;155 670 841;1;0;0;8;13;5
202300005483;155 670 839;32;0;2;8;18;1
202300005483;155 670 840;7;0;2;5;23;2
202300005484;155 670 836;10;0;2;1;2;1
202300005484;155 670 837;7;0;2;4;2;1
202300005484;155 670 838;7;0;2;4;2;1
202300005485;155 670 834;7;0;2;5;15;1
202300005485;155 670 835;2;0;2;1;1;1
202300005486;155 670 833;7;1;0;2;14;0
202300005487;155 670 831;7;0;2;1;15;1
202300005487;155 670 832;2;0;2;0;0;1
202300005488;155 670 829;33;0;2;4;26;1
202300005488;155 670 830;7;0;2;1;1;1
202300005489;155 670 827;7;0;2;3;11;1
202300005489;155 670 828;32;0;2;2;1;1
202300005490;155 670 825;1;0;2;1;9;5
202300005490;155 670 826;7;0;2;0;0;1
202300005491;155 670 823;10;0;2;4;1;1
202300005491;155 670 824;33;0;2;1;11;1
202300005492;155 670 821;10;0;2;7;15;0
202300005492;155 670 822;30;0;2;1;1;1
202300005493;155 670 819;40;0;2;1;1;0
202300005493;155 670 820;3;0;4;8;15;1
202300005494;155 670 817;7;0;2;3;13;1
202300005494;155 670 818;33;0;2;1;17;1
202300005495;155 670 815;7;0;2;3;1;0
202300005495;155 670 816;7;0;0;0;15;0
202300005496;155 670 812;7;0;2;2;15;1
202300005496;155 670 813;7;0;2;1;2;0
202300005496;155 670 814;2;0;2;3;1;0
202300005497;155 670 811;7;0;1;5;1;0
202300005498;155 670 809;7;0;2;3;9;1
202300005498;155 670 810;1;0;2;1;1;5
202300005499;155 670 808;30;1;0;2;1;1
202300005500;155 670 807;7;0;1;1;1;2
202300005501;155 670 805;32;0;9;3;1;1
202300005501;155 670 806;80;0;2;1;19;3
202300005502;155 670 803;50;0;2;0;0;3
202300005502;155 670 804;0;0;2;0;0;0
202300005503;155 670 801;14;0;2;4;1;1
202300005503;155 670 802;30;0;2;4;1;1
202300005504;155 670 800;7;0;1;2;1;1
202300005505;155 670 799;7;0;1;1;15;1
202300005506;155 670 797;7;0;2;3;9;0
202300005506;155 670 798;2;0;2;5;2;0
202300005507;155 670 796;7;2;0;1;1;1
202300005508;155 670 795;50;0;1;1;18;3
202300005509;155 670 793;80;0;2;8;0;3
202300005509;155 670 794;10;0;2;7;0;1
202300005510;155 670 789;7;0;2;1;1;0
202300005510;155 670 790;7;0;2;4;2;0
202300005510;155 670 791;7;0;2;4;2;0
202300005510;155 670 792;7;0;0;4;2;0
202300005511;155 670 787;1;0;2;1;5;5
202300005511;155 670 788;7;0;2;5;2;0
202300005512;155 670 785;7;0;2;3;19;1
202300005512;155 670 786;7;13;2;1;1;1
202300005513;155 670 783;7;0;0;7;11;1
202300005513;155 670 784;7;0;0;3;15;1
202300005514;155 670 781;7;0;2;2;1;1
202300005514;155 670 782;10;0;2;2;1;1
202300005515;155 670 780;7;2;0;9;1;1
202300005516;155 670 779;2;7;0;1;1;1
202300005517;155 670 778;7;6;0;1;13;2
202300005518;155 670 777;7;0;1;4;4;1
202300005519;155 670 776;7;2;0;3;13;1
202300005520;155 670 775;7;13;0;3;2;3
202300005521;155 670 772;2;0;2;1;1;1
202300005521;155 670 773;3;0;9;1;11;1
202300005522;155 670 771;2;0;0;7;1;1
202300005523;155 670 768;7;0;2;3;13;1
202300005523;155 670 769;7;0;2;3;1;1
202300005524;155 670 770;7;0;2;2;1;1
202300005524;155 670 774;1;0;2;8;19;5
202300005525;155 670 766;7;0;2;2;4;1
202300005525;155 670 767;2;0;2;7;1;1
202300005526;155 670 764;2;12;0;1;14;1
202300005527;155 670 762;7;13;0;1;1;1
202300005528;155 670 761;7;6;0;1;1;1
202300005529;155 670 763;2;0;2;1;1;1
202300005529;155 670 765;7;0;2;5;15;1
202300005530;155 670 758;2;0;0;0;1;3
202300005531;155 670 757;7;15;0;1;1;1
202300005532;155 670 754;7;0;2;1;5;1
202300005532;155 670 755;7;0;2;1;1;1
202300005533;155 670 751;7;14;9;1;21;1
202300005533;155 670 752;7;2;0;7;0;1
202300005534;155 670 753;7;0;2;3;1;1
202300005534;155 670 756;7;0;2;3;15;1
202300005535;155 670 749;21;0;2;8;9;1
202300005535;155 670 750;7;0;9;1;1;1
202300005536;155 670 747;2;0;0;0;10;1
202300005537;155 670 748;99;2;0;3;14;1
202300005538;155 670 746;7;0;1;2;1;1
202300005539;155 670 744;7;0;1;1;1;0
202300005540;155 670 743;33;0;2;1;17;1
202300005540;155 670 745;7;0;2;1;16;1
202300005541;155 670 739;7;0;2;1;1;1
202300005541;155 670 741;7;0;0;8;9;1
202300005542;155 670 740;7;0;2;6;2;0
202300005542;155 670 742;7;0;2;2;2;0
202300005543;155 670 736;7;0;2;1;1;1
202300005543;155 670 738;7;0;2;1;5;1
202300005544;155 670 734;10;0;2;3;1;1
202300005544;155 670 735;10;0;2;3;13;1
202300005545;155 670 731;7;0;2;6;1;1
202300005545;155 670 733;1;0;2;1;1;5
202300005546;155 670 732;7;0;2;1;1;1
202300005546;155 670 737;7;0;2;2;1;1
202300005547;155 670 729;7;0;2;1;1;1
202300005547;155 670 730;7;0;2;2;5;1
202300005548;155 670 728;2;8;0;8;14;1
202300005549;155 670 725;14;0;0;8;1;1
202300005549;155 670 726;7;2;2;8;13;1
202300005550;155 670 723;7;3;0;8;0;1
202300005551;155 670 720;7;0;2;3;9;1
202300005551;155 670 721;2;0;2;1;1;1
202300005552;155 670 719;10;0;2;1;1;1
202300005552;155 670 722;7;0;2;7;12;1
202300005553;155 670 717;10;0;2;1;2;1
202300005553;155 670 718;7;0;2;4;2;1
202300005554;155 670 716;7;0;1;1;1;0
202300005555;155 670 715;7;13;0;7;1;1
202300005556;155 670 713;7;0;2;5;15;1
202300005556;155 670 714;30;0;2;1;1;1
202300005557;155 670 711;7;0;2;1;2;1
202300005557;155 670 712;7;0;0;4;1;1
202300005558;155 670 710;7;3;0;9;1;1
202300005559;155 670 709;7;6;0;1;1;1
202300005560;155 670 708;7;10;0;2;14;1
202300005561;155 670 706;7;4;0;3;1;1
202300005562;155 670 705;10;0;2;2;17;1
202300005562;155 670 707;1;0;2;8;1;5
202300005563;155 670 701;7;0;0;4;2;1
202300005563;155 670 703;7;0;2;1;2;1
202300005563;155 670 704;7;0;2;4;2;1
202300005564;155 670 699;7;11;0;1;1;1
202300005565;155 670 697;7;9;0;3;1;1
202300005566;155 670 695;7;0;2;1;15;1
202300005566;155 670 696;33;0;2;1;1;1
202300005567;155 670 694;7;0;2;1;1;1
202300005567;155 670 698;7;0;2;1;13;1
202300005568;155 670 691;7;0;1;4;26;1
202300005569;155 670 689;50;0;2;1;0;3
202300005569;155 670 690;33;0;2;1;21;1
202300005570;155 670 686;7;0;2;1;1;2
202300005570;155 670 688;7;0;2;1;13;1
202300005571;155 670 687;7;1;0;1;1;1
202300005572;155 670 684;7;0;0;4;15;1
202300005572;155 670 685;33;0;2;1;1;1
202300005573;155 670 679;7;0;2;5;17;1
202300005573;155 670 681;2;0;2;8;1;1
202300005574;155 670 676;33;0;2;1;3;1
202300005574;155 670 677;7;0;2;5;12;1
202300005575;155 670 672;7;0;2;2;2;1
202300005575;155 670 674;7;0;2;4;2;1
202300005575;155 670 675;10;0;2;4;2;1
202300005576;155 670 671;10;4;0;3;13;1
202300005577;155 670 667;7;0;2;1;2;1
202300005577;155 670 668;7;0;2;4;2;1
202300005577;155 670 669;7;0;2;4;2;1
202300005578;155 670 664;10;0;2;7;11;1
202300005578;155 670 665;32;0;2;7;3;1
202300005579;155 670 662;7;0;2;1;1;1
202300005579;155 670 666;7;0;2;1;13;1
202300005580;155 670 661;7;0;2;4;2;1
202300005580;155 670 663;33;0;2;1;1;1
202300005581;155 670 658;7;0;2;0;0;1
202300005581;155 670 659;34;0;2;0;3;1
202300005581;155 670 660;7;0;2;0;0;1
202300005582;155 670 656;7;0;1;1;1;1
202300005583;155 670 655;7;0;2;3;1;1
202300005583;155 670 657;7;0;2;5;14;1
202300005584;155 670 654;33;0;0;8;1;1
202300005585;155 670 653;7;0;2;0;1;1
202300005586;155 670 651;7;0;2;6;1;1
202300005586;155 670 652;15;0;2;1;12;1
202300005587;155 670 649;10;15;2;1;17;1
202300005587;155 670 650;10;0;2;3;15;2
202300005588;155 670 647;1;0;1;0;0;5
202300005589;155 670 646;1;0;2;8;1;5
202300005589;155 670 648;7;0;2;1;15;1
202300005590;155 670 645;7;0;1;1;1;1
202300005591;155 670 642;2;0;2;1;18;1
202300005591;155 670 644;7;0;9;7;15;1
202300005592;155 670 643;7;0;1;0;0;0
202300005593;155 670 641;7;0;1;4;4;0
202300005594;155 670 640;7;0;1;1;1;6
202300005595;155 670 636;32;0;2;1;15;1
202300005595;155 670 637;7;0;2;8;1;1
202300005595;155 670 638;7;0;2;1;1;1
202300005596;155 670 634;7;9;0;1;1;1
202300005597;155 670 633;30;0;2;1;15;0
202300005597;155 670 635;7;0;2;8;15;0
202300005598;155 670 631;2;0;2;8;18;1
202300005598;155 670 632;7;0;2;7;1;1
202300005599;155 670 630;7;0;0;1;14;1
202300005600;155 670 627;7;0;2;1;1;1
202300005600;155 670 629;10;0;2;1;1;1
202300005601;155 670 628;7;8;0;1;26;1
202300005602;155 670 625;7;0;2;2;1;1
202300005602;155 670 626;10;0;2;8;16;1
202300005603;155 670 622;7;0;2;3;9;1
202300005603;155 670 623;10;0;2;1;1;1
202300005604;155 670 618;10;0;2;2;1;0
202300005604;155 670 619;7;0;2;4;0;0
202300005605;155 670 616;10;0;1;2;1;1
202300005606;155 670 617;7;7;2;1;26;1
202300005606;155 670 620;7;8;2;4;1;1
202300005606;155 670 621;7;0;2;4;1;1
202300005607;155 670 614;7;1;2;3;20;1
202300005607;155 670 615;7;0;2;2;1;1
202300005608;155 670 613;33;0;0;0;1;1
202300005609;155 670 611;7;0;2;3;9;0
202300005609;155 670 612;7;0;2;2;1;0
202300005610;155 670 607;7;0;2;8;24;1
202300005610;155 670 608;1;0;2;1;1;5
202300005611;155 670 604;10;0;2;2;15;1
202300005611;155 670 605;31;0;2;1;1;1
202300005612;155 670 603;7;1;0;1;1;1
202300005613;155 670 600;10;0;2;1;1;1
202300005613;155 670 602;7;0;2;7;13;1
202300005614;155 670 598;7;0;2;2;1;1
202300005614;155 670 599;7;1;2;8;9;1
202300005615;155 670 601;7;0;1;1;1;1
202300005616;155 670 597;7;0;1;3;1;1
202300005617;155 670 595;30;12;0;7;1;1
202300005618;155 670 594;7;16;0;0;0;1
202300005618;155 670 596;1;1;0;2;14;5
202300005619;155 670 592;7;0;1;1;1;0
202300005620;155 670 591;0;0;9;0;0;0
202300005620;155 670 593;1;0;2;0;0;5
202300005621;155 670 587;50;0;2;1;1;3
202300005621;155 670 588;37;0;2;2;15;1
202300005622;155 670 582;31;0;2;7;18;1
202300005622;155 670 584;14;0;2;0;1;1
202300005623;155 670 577;13;0;1;2;26;1
202300005624;155 670 578;7;0;2;5;1;1
202300005624;155 670 579;30;0;2;1;1;1
202300005625;155 670 576;7;0;1;1;1;1
202300005626;155 670 573;7;0;9;2;16;1
202300005626;155 670 575;50;0;2;8;19;3
202300005627;155 670 574;7;0;1;0;1;1
202300005628;155 670 569;7;0;2;1;1;1
202300005628;155 670 571;7;0;2;3;1;1
202300005629;155 670 567;7;0;2;3;10;0
202300005629;155 670 568;31;0;2;1;1;0
202300005630;155 670 566;80;0;0;1;1;3
202300005631;155 670 565;7;0;1;1;15;1
202300005632;155 670 564;37;0;1;7;0;0
202300005633;155 670 563;7;13;0;2;1;1
202300005634;155 670 560;37;0;2;3;1;1
202300005634;155 670 561;1;0;2;0;5;5
202300005635;155 670 559;3;0;1;1;16;0
202300005636;155 670 558;15;0;2;3;21;1
202300005636;155 670 562;7;0;2;3;13;1
202300005637;155 670 556;1;0;2;1;13;5
202300005637;155 670 557;7;0;2;4;1;1
202300005638;155 670 553;31;0;2;8;1;1
202300005638;155 670 555;7;0;2;3;15;1
202300005639;155 670 554;17;0;1;3;1;1
202300005640;155 670 552;7;0;1;3;15;1
202300005641;155 670 549;10;0;2;1;1;1
202300005641;155 670 551;7;0;2;4;1;1
202300005642;155 670 548;7;0;1;1;1;1
202300005643;155 670 547;7;0;2;1;15;1
202300005643;155 670 550;7;0;2;0;1;1
202300005644;155 670 545;7;0;2;1;15;1
202300005644;155 670 546;2;0;2;1;2;1
202300005645;155 670 542;10;0;1;2;1;1
202300005646;155 670 543;50;0;2;5;26;3
202300005646;155 670 544;7;0;9;3;9;1
202300005647;155 670 538;30;0;2;1;1;1
202300005647;155 670 539;7;0;2;3;9;1
202300005648;155 670 540;7;0;2;8;2;1
202300005648;155 670 541;32;0;2;2;2;1
202300005649;155 670 536;7;0;2;0;1;1
202300005649;155 670 537;50;0;2;0;19;3
202300005650;155 670 534;7;0;1;1;1;1
202300005651;155 670 535;33;0;0;0;1;1
202300005652;155 670 532;7;0;2;8;11;1
202300005652;155 670 533;31;0;2;2;3;1
202300005653;155 670 530;7;0;2;1;2;1
202300005653;155 670 531;7;0;2;4;2;1
202300005654;155 670 528;33;0;2;1;3;1
202300005654;155 670 529;7;0;2;5;11;2
202300005655;155 670 526;37;0;2;2;1;1
202300005655;155 670 527;10;0;2;4;16;1
202300005656;155 670 524;30;0;2;1;1;1
202300005656;155 670 525;7;0;2;4;1;1
202300005657;155 670 522;1;0;2;1;19;5
202300005657;155 670 523;7;0;2;3;1;1
202300005658;155 670 521;7;0;1;1;1;2
202300005659;155 670 520;30;0;0;0;1;3
202300005660;155 670 519;7;0;1;1;1;1
202300005661;155 670 518;50;0;0;1;17;3
202300005662;155 670 516;1;0;2;3;19;5
202300005662;155 670 517;7;0;2;1;1;1
202300005663;155 670 514;32;0;2;1;1;1
202300005663;155 670 515;7;0;2;2;15;1
202300005664;155 670 513;2;0;0;0;1;1
202300005665;155 670 512;7;0;1;1;1;1
202300005666;155 670 510;7;0;2;8;22;1
202300005666;155 670 511;1;0;2;1;1;5
202300005667;155 670 509;13;0;1;8;4;1
202300005668;155 670 508;10;0;1;1;15;1
202300005669;155 670 506;7;0;2;1;15;1
202300005669;155 670 507;32;0;2;1;1;1
202300005670;155 670 505;7;0;1;1;1;0
202300005671;155 670 503;31;0;2;1;21;1
202300005671;155 670 504;7;0;2;3;23;1
202300005672;155 670 501;10;0;2;1;15;1
202300005672;155 670 502;10;0;2;1;1;1
202300005673;155 670 499;2;0;2;2;26;1
202300005673;155 670 500;7;0;2;2;15;1
202300005674;155 670 497;32;0;2;7;3;1
202300005674;155 670 498;10;0;2;1;15;1
202300005675;155 670 495;50;0;0;0;0;3
202300005675;155 670 496;37;0;2;7;17;1
202300005676;155 670 494;43;0;1;8;1;1
202300005677;155 670 493;7;0;1;7;15;0
202300005678;155 670 491;40;0;2;3;19;0
202300005678;155 670 492;7;0;4;2;19;1
202300005679;155 670 489;7;0;2;1;1;0
202300005679;155 670 490;10;0;2;2;1;0
202300005680;155 670 487;1;0;2;1;1;5
202300005680;155 670 488;10;0;9;1;15;1
202300005681;155 670 485;32;0;0;0;1;0
202300005681;155 670 486;7;0;0;8;9;1
202300005682;155 670 483;7;0;9;8;23;1
202300005682;155 670 484;1;1;0;2;17;5
202300005683;155 670 481;7;0;2;3;19;0
202300005683;155 670 482;50;0;2;2;1;3
202300005684;155 670 479;1;0;2;2;1;5
202300005684;155 670 480;7;0;9;2;16;1
202300005685;155 670 477;1;1;0;1;22;5
202300005685;155 670 478;10;0;2;3;24;1
202300005686;155 670 475;30;0;2;1;1;1
202300005686;155 670 476;7;0;2;8;15;1
202300005687;155 670 473;7;1;0;3;10;1
202300005687;155 670 474;60;1;2;1;1;5
202300005688;155 670 472;7;0;1;1;1;2
202300005689;155 670 471;7;0;1;3;1;1
202300005690;155 670 470;7;16;0;0;2;1
202300005691;155 670 468;13;0;0;1;0;1
202300005691;155 670 469;99;0;2;2;13;1
202300005692;155 670 466;17;0;2;4;2;1
202300005692;155 670 467;10;0;2;1;2;1
202300005693;155 670 465;7;4;0;2;17;1
202300005694;155 670 464;31;5;0;1;26;1
202300005695;155 670 462;7;0;2;1;1;0
202300005695;155 670 463;1;0;0;4;1;5
202300005696;155 670 460;2;0;2;1;2;1
202300005696;155 670 461;2;0;0;4;2;1
202300005697;155 670 459;33;2;0;1;0;1
202300005698;155 670 457;7;13;0;2;0;1
202300005699;155 670 455;7;0;2;1;13;1
202300005699;155 670 456;21;0;2;3;1;1
202300005700;155 670 453;7;0;2;3;1;1
202300005700;155 670 454;10;0;2;1;15;1
202300005701;155 670 451;7;0;2;3;15;1
202300005701;155 670 452;21;0;0;6;16;1
202300005702;155 670 449;7;0;2;3;13;1
202300005702;155 670 450;10;0;2;1;1;1
202300005703;155 670 447;7;12;2;1;1;1
202300005703;155 670 448;7;0;2;1;1;1
202300005704;155 670 446;7;0;0;9;1;1
202300005705;155 670 444;7;0;2;1;23;1
202300005705;155 670 445;2;0;2;7;1;1
202300005706;155 670 442;7;0;2;3;19;1
202300005706;155 670 443;2;0;2;1;1;1
202300005707;155 670 441;7;2;0;3;13;1
202300005708;155 670 440;33;0;0;9;1;1
202300005709;155 670 439;7;0;1;0;0;0
202300005710;155 670 438;7;1;0;1;0;1
202300005711;155 670 436;7;0;2;1;1;1
202300005711;155 670 437;13;0;2;1;1;1
202300005712;155 670 434;7;0;9;2;1;1
202300005712;155 670 435;1;0;0;4;1;5
202300005713;155 670 433;7;0;1;2;1;0
202300005714;155 670 431;7;0;2;2;2;1
202300005714;155 670 432;7;0;2;6;2;1
202300005715;155 670 429;7;2;0;1;6;0
202300005716;155 670 427;43;3;2;1;1;1
202300005716;155 670 428;15;0;2;6;1;1
202300005717;155 670 424;7;0;2;5;2;1
202300005717;155 670 425;7;0;2;2;2;1
202300005717;155 670 426;7;0;6;3;0;1
202300005718;155 670 423;7;4;0;1;21;1
202300005719;155 670 422;7;3;0;9;1;1
202300005720;155 670 421;7;4;0;2;1;1
202300005721;155 670 420;31;0;0;0;21;1
202300005722;155 670 417;7;4;2;1;17;1
202300005722;155 670 418;7;0;2;8;1;1
202300005722;155 670 419;7;0;2;1;1;1
202300005723;155 670 415;7;0;2;8;11;1
202300005723;155 670 416;7;0;2;7;1;1
202300005724;155 670 414;99;8;0;1;0;1
202300005725;155 670 412;7;0;2;1;0;1
202300005725;155 670 413;10;0;2;1;1;1
202300005726;155 670 411;7;2;0;0;0;1
202300005727;155 670 409;7;0;2;3;15;1
202300005727;155 670 410;31;0;2;2;17;1
202300005728;155 670 406;7;2;0;0;1;1
202300005729;155 670 404;7;0;2;2;15;1
202300005729;155 670 405;33;0;2;1;1;1
202300005730;155 670 402;15;0;2;1;1;1
202300005730;155 670 403;2;0;2;4;1;1
202300005731;155 670 400;2;0;2;1;1;1
202300005731;155 670 401;7;0;2;3;20;1
202300005732;155 670 398;1;13;2;7;19;5
202300005732;155 670 399;7;0;9;1;1;1
202300005733;155 670 394;7;0;2;3;21;0
202300005733;155 670 395;7;0;2;1;5;1
202300005733;155 670 396;7;0;2;1;21;0
202300005733;155 670 397;7;0;2;3;21;0
202300005734;155 670 393;7;0;1;2;1;1
202300005735;155 670 391;7;0;2;3;1;1
202300005735;155 670 392;7;0;2;3;13;1
202300005736;155 670 388;7;0;2;8;13;1
202300005736;155 670 389;7;3;0;3;1;1
202300005736;155 670 390;7;0;2;2;3;1
202300005737;155 670 387;7;4;0;3;13;0
202300005738;155 670 384;7;0;2;1;2;0
202300005738;155 670 385;7;0;2;1;2;0
202300005738;155 670 386;7;0;0;0;0;0
202300005739;155 670 381;7;0;2;1;2;1
202300005739;155 670 382;7;0;2;4;2;1
202300005739;155 670 383;7;0;2;4;2;1
202300005740;155 670 379;7;0;2;1;2;1
202300005740;155 670 380;7;0;2;4;2;1
202300005741;155 670 377;7;0;2;5;12;1
202300005741;155 670 378;33;0;2;1;3;0
202300005742;155 670 374;7;0;2;1;1;1
202300005742;155 670 375;7;0;2;4;1;1
202300005742;155 670 376;7;0;2;4;1;1
202300005743;155 670 373;7;3;0;9;1;1
202300005744;155 670 372;7;4;0;3;26;1
202300005745;155 670 370;32;0;2;0;0;1
202300005745;155 670 371;0;0;0;0;0;0
202300005746;155 670 369;7;3;0;3;0;1
202300005747;155 670 366;10;0;2;3;1;1
202300005747;155 670 367;7;0;2;6;23;1
202300005747;155 670 368;7;0;2;5;2;1
202300005748;155 670 363;7;0;2;4;1;1
202300005748;155 670 364;7;0;2;1;1;1
202300005748;155 670 365;7;0;2;4;0;1
202300005749;155 670 361;7;0;0;4;2;1
202300005749;155 670 362;10;0;2;1;2;1
202300005750;155 670 359;15;0;0;6;24;0
202300005750;155 670 360;80;1;0;1;0;3
202300005751;155 670 357;1;0;2;7;1;5
202300005751;155 670 358;7;0;9;1;2;1
202300005752;155 670 355;7;0;2;1;5;1
202300005752;155 670 356;7;0;2;1;1;1
202300005753;155 670 352;10;0;2;1;2;1
202300005753;155 670 353;7;0;0;4;2;1
202300005753;155 670 354;7;0;0;4;2;1
202300005754;155 670 350;33;0;2;1;19;0
202300005754;155 670 351;7;0;2;8;19;1
202300005755;155 670 348;99;0;2;3;19;1
202300005755;155 670 349;10;0;2;1;1;1
202300005756;155 670 346;7;0;2;1;0;0
202300005756;155 670 347;2;0;2;0;0;0
202300005757;155 670 344;2;0;2;1;2;0
202300005757;155 670 345;7;0;2;4;1;0
202300005758;155 670 342;7;0;2;4;20;1
202300005758;155 670 343;2;0;2;1;1;1
202300005759;155 670 340;50;0;2;7;2;3
202300005759;155 670 341;7;0;2;8;10;1
202300005760;155 670 339;7;5;0;3;16;1
202300005761;155 670 335;7;0;2;5;9;0
202300005761;155 670 336;7;0;2;3;1;0
202300005762;155 670 334;7;0;1;2;1;1
202300005763;155 670 333;7;2;0;2;14;1
202300005764;155 670 331;2;0;2;8;2;1
202300005764;155 670 332;2;0;2;7;2;1
202300005765;155 670 330;7;0;1;1;1;1
202300005766;155 670 327;7;1;0;2;14;2
202300005766;155 670 328;7;0;2;2;23;1
202300005767;155 670 325;7;0;2;3;13;1
202300005767;155 670 326;7;0;2;3;1;1
202300005768;155 670 323;7;0;2;1;1;1
202300005768;155 670 324;7;0;2;1;1;1
202300005769;155 670 321;7;0;2;1;1;1
202300005769;155 670 322;33;0;2;1;13;1
202300005770;155 670 319;7;0;2;1;1;1
202300005770;155 670 320;7;0;2;2;12;1
202300005771;155 670 317;7;0;2;7;17;1
202300005771;155 670 318;7;0;2;3;2;1
202300005772;155 670 315;1;0;2;1;15;5
202300005772;155 670 316;7;0;2;3;9;1
202300005773;155 670 313;50;0;2;1;1;3
202300005773;155 670 314;7;14;9;3;16;1
202300005774;155 670 312;2;0;0;0;26;1
202300005775;155 670 311;7;3;0;2;1;1
202300005776;155 670 310;1;0;1;1;1;5
202300005777;155 670 309;7;12;0;2;13;1
202300005778;155 670 307;1;0;2;2;1;5
202300005778;155 670 308;7;0;2;3;9;1
202300005779;155 670 306;7;0;1;2;9;1
202300005780;155 670 305;7;8;0;2;1;1
202300005781;155 670 302;7;0;1;3;1;1
202300005782;155 670 300;1;0;2;1;16;5
202300005782;155 670 301;7;0;2;3;1;1
202300005783;155 670 298;7;0;2;1;0;1
202300005783;155 670 299;7;0;2;1;0;1
202300005784;155 670 297;7;0;0;2;1;1
202300005785;155 670 296;7;0;0;0;13;1
202300005786;155 670 293;7;9;0;2;14;0
202300005787;155 670 290;7;0;2;2;15;0
202300005787;155 670 291;33;0;2;0;1;1
202300005787;155 670 292;7;0;2;1;1;1
202300005788;155 670 288;7;0;2;7;15;1
202300005788;155 670 289;33;0;2;1;1;1
202300005789;155 670 286;30;0;2;1;1;1
202300005789;155 670 287;7;0;2;7;15;1
202300005790;155 670 285;30;0;1;1;1;3
202300005791;155 670 283;7;0;2;1;5;1
202300005791;155 670 284;7;0;2;1;1;1
202300005792;155 670 281;2;0;2;2;17;1
202300005792;155 670 282;10;0;2;3;10;1
202300005793;155 670 279;33;15;2;2;17;1
202300005793;155 670 280;7;0;2;3;15;1
202300005794;155 670 277;7;0;2;2;2;1
202300005794;155 670 278;36;0;2;6;2;1
202300005795;155 670 275;7;0;9;2;2;1
202300005795;155 670 276;50;0;2;4;1;3
202300005796;155 670 274;33;0;0;0;2;1
202300005797;155 670 272;50;0;2;7;6;3
202300005797;155 670 273;7;0;9;1;1;1