Num_Acc;id_vehicule;catv;obs;obsm;choc;manv;motor
202300005798;155 670 270;34;0;2;7;17;1
202300005798;155 670 271;10;0;2;3;10;1
202300005799;155 670 268;7;0;0;0;0;0
202300005799;155 670 269;2;0;0;0;0;1
202300005800;155 670 266;7;0;2;2;16;1
202300005800;155 670 267;2;0;2;1;1;1
202300005801;155 670 265;7;0;1;2;1;1
202300005802;155 670 264;10;0;1;4;4;1
202300005803;155 670 263;33;0;1;1;1;1
202300005804;155 670 261;7;0;0;0;15;1
202300005804;155 670 262;33;0;0;0;16;1
202300005805;155 670 259;7;0;2;1;26;1
202300005805;155 670 260;7;0;2;4;26;1
202300005806;155 670 258;7;8;0;1;14;1
202300005807;155 670 256;7;0;2;3;9;1
202300005807;155 670 257;50;0;2;1;9;3
202300005808;155 670 254;7;0;2;1;1;1
202300005808;155 670 255;7;0;2;1;15;1
202300005809;155 670 253;7;0;1;4;20;1
202300005810;155 670 251;30;0;2;7;9;-1
202300005810;155 670 252;7;0;2;1;9;-1
202300005811;155 670 250;7;0;1;1;1;1
202300005812;155 670 249;7;0;1;1;1;1
202300005813;155 670 247;2;0;0;4;2;1
202300005813;155 670 248;7;0;2;1;2;1
202300005814;155 670 245;7;0;2;1;2;1
202300005814;155 670 246;33;0;2;4;1;1
202300005815;155 670 244;7;1;0;2;1;1
202300005816;155 670 242;7;0;2;2;1;1
202300005816;155 670 243;7;0;2;1;5;1
202300005817;155 670 241;7;0;1;1;9;3
202300005818;155 670 240;43;0;1;1;1;1
202300005819;155 670 239;7;0;1;3;9;1
202300005820;155 670 237;33;0;2;1;1;1
202300005820;155 670 238;7;0;2;6;9;1
202300005821;155 670 235;7;0;2;1;1;1
202300005821;155 670 236;7;0;2;3;2;1
202300005822;155 670 233;10;0;2;2;11;1
202300005822;155 670 234;7;0;2;6;1;1
202300005823;155 670 231;1;0;2;1;1;5
202300005823;155 670 232;50;0;2;1;5;3
202300005824;155 670 229;31;0;2;1;26;0
202300005824;155 670 230;7;0;2;3;23;1
202300005825;155 670 227;7;0;2;8;10;1
202300005825;155 670 228;7;0;2;1;1;1
202300005826;155 670 226;7;0;1;1;1;1
202300005827;155 670 224;7;0;2;1;15;1
202300005827;155 670 225;7;0;2;1;1;1
202300005828;155 670 223;7;0;1;1;1;1
202300005829;155 670 222;7;0;1;3;15;1
202300005830;155 670 221;10;0;1;1;1;1
202300005831;155 670 220;30;0;0;0;26;1
202300005832;155 670 218;7;9;2;1;1;1
202300005832;155 670 219;7;0;2;1;1;1
202300005833;155 670 216;7;0;2;3;1;1
202300005833;155 670 217;2;0;2;7;1;1
202300005834;155 670 214;7;0;2;1;2;1
202300005834;155 670 215;7;0;2;4;23;2
202300005835;155 670 213;7;0;1;2;16;1
202300005836;155 670 212;7;8;0;0;1;1
202300005837;155 670 210;50;0;2;1;19;3
202300005837;155 670 211;7;0;2;7;1;1
202300005838;155 670 208;37;0;2;1;1;1
202300005838;155 670 209;1;0;2;7;19;5
202300005839;155 670 206;30;0;2;3;17;0
202300005839;155 670 207;80;0;2;7;15;3
202300005840;155 670 204;7;0;2;1;2;1
202300005840;155 670 205;7;0;0;4;23;1
202300005841;155 670 202;33;0;2;2;2;1
202300005841;155 670 203;10;0;2;3;11;1
202300005842;155 670 201;7;5;0;1;1;1
202300005843;155 670 199;7;0;2;1;1;1
202300005843;155 670 200;7;0;2;1;13;1
202300005844;155 670 198;7;0;1;2;1;1
202300005845;155 670 194;10;0;2;4;4;1
202300005845;155 670 196;2;0;2;2;1;1
202300005846;155 670 195;7;0;0;4;26;1
202300005846;155 670 197;7;0;2;1;2;1
202300005847;155 670 191;60;0;9;1;1;5
202300005847;155 670 193;1;0;9;8;19;5
202300005848;155 670 190;7;0;2;3;1;1
202300005848;155 670 192;1;0;2;4;9;5
202300005849;155 670 188;7;0;2;3;1;2
202300005849;155 670 189;7;0;2;3;17;1
202300005850;155 670 187;7;8;0;1;1;1
202300005851;155 670 185;7;0;2;4;2;1
202300005851;155 670 186;7;0;2;1;2;1
202300005852;155 670 184;7;0;1;4;4;1
202300005853;155 670 182;50;0;2;8;17;3
202300005853;155 670 183;7;0;2;5;17;1
202300005854;155 670 180;7;6;0;1;24;1
202300005855;155 670 181;2;0;0;9;1;1
202300005856;155 670 178;31;0;2;1;0;1
202300005856;155 670 179;7;0;2;3;9;1
202300005857;155 670 177;7;2;0;1;1;1
202300005858;155 670 174;10;0;2;0;0;1
202300005858;155 670 176;7;0;2;1;2;1
202300005859;155 670 175;1;6;0;8;16;5
202300005860;155 670 171;7;0;2;3;1;1
202300005860;155 670 173;7;0;2;3;1;1
202300005861;155 670 172;10;2;0;1;1;1
202300005862;155 670 169;7;0;2;7;15;1
202300005862;155 670 170;33;0;2;1;1;1
202300005863;155 670 167;31;0;2;1;13;1
202300005863;155 670 168;7;0;2;3;21;1
202300005864;155 670 165;7;0;2;2;2;1
202300005864;155 670 166;7;0;2;6;2;1
202300005865;155 670 164;7;8;0;1;1;1
202300005866;155 670 163;7;0;1;2;15;2
202300005867;155 670 160;7;0;2;1;2;1
202300005867;155 670 162;10;0;0;4;16;1
202300005868;155 670 158;33;3;0;9;1;1
202300005869;155 670 159;7;0;2;0;1;1
202300005869;155 670 161;7;0;2;2;1;1
202300005870;155 670 155;7;0;2;1;2;1
202300005870;155 670 156;10;0;2;4;2;1
202300005870;155 670 157;7;0;2;4;2;1
202300005871;155 670 153;7;0;1;4;20;1
202300005872;155 670 154;36;13;0;3;0;0
202300005873;155 670 151;2;0;2;1;1;1
202300005873;155 670 152;10;0;2;3;15;1
202300005874;155 670 149;10;0;1;1;1;1
202300005875;155 670 150;2;0;0;3;1;1
202300005876;155 670 146;7;0;2;1;1;2
202300005876;155 670 148;7;7;2;1;13;1
202300005877;155 670 145;33;0;2;2;17;1
202300005877;155 670 147;7;0;0;6;15;1
202300005878;155 670 143;7;0;2;2;16;2
202300005878;155 670 144;30;0;2;3;18;1
202300005879;155 670 141;7;0;2;3;15;1
202300005879;155 670 142;33;0;2;8;1;1
202300005880;155 670 139;1;0;2;5;19;5
202300005880;155 670 140;2;0;2;1;1;0
202300005881;155 670 137;10;0;2;1;23;1
202300005881;155 670 138;7;0;0;4;23;1
202300005882;155 670 135;1;0;2;8;19;5
202300005882;155 670 136;7;0;2;1;1;6
202300005883;155 670 134;10;13;0;1;26;1
202300005884;155 670 132;1;1;0;1;1;5
202300005884;155 670 133;7;0;2;3;22;1
202300005885;155 670 131;7;0;1;1;1;1
202300005886;155 670 130;1;0;0;0;1;5
202300005887;155 670 125;7;0;2;8;13;1
202300005887;155 670 127;30;0;2;4;2;3
202300005887;155 670 128;31;0;2;2;2;1
202300005888;155 670 123;31;0;2;1;1;1
202300005888;155 670 124;7;0;2;2;15;1
202300005889;155 670 120;30;0;2;4;16;3
202300005889;155 670 121;7;0;2;2;16;1
202300005890;155 670 119;7;2;0;1;1;1
202300005891;155 670 117;7;0;2;2;10;2
202300005891;155 670 118;1;0;2;8;1;5
202300005892;155 670 115;7;0;2;2;14;1
202300005892;155 670 116;15;0;0;6;2;1
202300005893;155 670 113;80;0;2;6;1;3
202300005893;155 670 114;7;0;2;5;16;1
202300005894;155 670 110;7;0;2;1;1;1
202300005894;155 670 112;15;0;2;5;1;1
202300005895;155 670 108;32;0;2;1;1;1
202300005895;155 670 109;33;0;2;5;16;1
202300005895;155 670 111;7;0;2;5;23;1
202300005896;155 670 106;7;8;1;1;14;1
202300005897;155 670 105;7;0;2;1;13;1
202300005897;155 670 107;15;0;2;1;1;1
202300005898;155 670 101;10;0;2;4;2;1
202300005898;155 670 103;7;0;2;4;2;2
202300005898;155 670 104;7;0;2;1;2;1
202300005899;155 670 100;7;0;0;4;12;1
202300005899;155 670 102;33;0;2;1;18;1
202300005900;155 670 099;7;14;1;7;1;1
202300005901;155 670 097;7;1;1;2;16;2
202300005902;155 670 098;31;0;0;4;26;1
202300005903;155 670 095;15;0;2;3;9;1
202300005903;155 670 096;1;0;2;0;26;5
202300005904;155 670 092;10;1;1;2;1;1
202300005905;155 670 093;21;0;2;3;2;6
202300005905;155 670 094;33;0;2;2;2;1
202300005906;155 670 091;7;0;1;2;16;1
202300005907;155 670 089;10;14;0;2;26;0
202300005908;155 670 088;7;0;0;1;1;0
202300005908;155 670 090;2;0;0;2;15;0
202300005909;155 670 086;32;0;2;2;1;1
202300005909;155 670 087;7;0;2;8;11;1
202300005910;155 670 083;30;0;2;1;1;0
202300005910;155 670 084;10;0;0;2;15;1
202300005911;155 670 082;2;0;0;8;1;1
202300005911;155 670 085;7;0;2;3;15;1
202300005912;155 670 079;7;0;2;1;1;1
202300005912;155 670 081;7;0;2;3;26;1
202300005913;155 670 076;1;0;2;1;1;5
202300005913;155 670 077;1;0;2;4;1;5
202300005914;155 670 078;7;0;0;2;15;1
202300005914;155 670 080;33;0;2;1;1;1
202300005915;155 670 074;1;0;2;1;1;5
202300005915;155 670 075;7;0;2;2;16;1
202300005916;155 670 072;37;0;1;2;0;1
202300005917;155 670 071;17;0;2;3;1;1
202300005917;155 670 073;7;0;2;4;1;1
202300005918;155 670 069;50;0;2;0;19;3
202300005918;155 670 070;7;0;2;1;1;1
202300005919;155 670 067;7;0;2;3;13;1
202300005919;155 670 068;10;0;2;3;1;1
202300005920;155 670 065;7;0;2;3;2;1
202300005920;155 670 066;7;0;2;2;0;1
202300005921;155 670 062;7;0;2;3;16;1
202300005921;155 670 064;14;0;2;3;1;1
202300005922;155 670 060;7;0;2;3;1;1
202300005922;155 670 061;7;0;2;3;1;1
202300005922;155 670 063;7;0;2;1;13;1
202300005923;155 670 056;7;0;2;3;1;2
202300005923;155 670 057;2;0;2;1;10;1
202300005924;155 670 058;7;0;2;1;15;1
202300005924;155 670 059;34;0;2;1;1;1
202300005925;155 670 054;32;0;2;3;16;1
202300005925;155 670 055;15;0;0;2;16;1
202300005926;155 670 053;7;6;1;6;4;1
202300005927;155 670 049;7;0;2;1;15;1
202300005927;155 670 052;31;0;2;3;1;1
202300005928;155 670 050;10;0;2;8;15;1
202300005928;155 670 051;33;0;2;2;17;1
202300005929;155 670 047;7;0;9;3;1;1
202300005929;155 670 048;1;0;2;7;15;5
202300005930;155 670 045;37;0;1;2;1;0
202300005931;155 670 044;7;14;0;3;0;0
202300005932;155 670 043;33;0;0;9;1;1
202300005933;155 670 042;7;2;0;1;1;1
202300005934;155 670 040;7;0;2;1;16;1
202300005934;155 670 041;7;0;2;2;1;1
202300005935;155 670 039;7;7;0;3;12;1
202300005936;155 670 037;7;0;2;1;0;1
202300005936;155 670 038;7;0;2;3;1;1
202300005937;155 670 035;2;0;0;0;26;3
202300005938;155 670 033;7;7;0;9;1;1
202300005939;155 670 034;7;0;2;4;2;1
202300005939;155 670 036;7;0;2;1;2;1
202300005940;155 670 032;7;6;0;3;1;1
202300005941;155 670 029;7;0;2;7;12;1
202300005941;155 670 031;33;0;2;3;3;1
202300005942;155 670 025;7;0;2;1;16;1
202300005942;155 670 026;1;0;2;7;1;5
202300005943;155 670 019;7;0;2;8;5;2
202300005943;155 670 022;21;0;2;6;1;1
202300005944;155 670 018;10;0;2;1;2;1
202300005944;155 670 020;7;0;2;4;2;1
202300005944;155 670 021;7;0;2;4;2;1
202300005944;155 670 023;7;0;2;4;2;1
202300005944;155 670 024;7;0;2;4;2;1
202300005945;155 670 015;2;0;2;4;1;1
202300005945;155 670 017;7;0;2;1;1;1
202300005946;155 670 014;7;0;2;6;11;0
202300005946;155 670 016;33;0;2;2;3;0
202300005947;155 670 013;2;14;0;1;1;1
202300005948;155 670 011;33;0;2;2;3;0
202300005948;155 670 012;7;0;2;6;11;0
202300005949;155 670 010;7;2;9;6;0;1
202300005950;155 670 008;7;13;0;1;17;1
202300005951;155 670 007;10;0;2;2;1;0
202300005951;155 670 009;7;4;2;2;14;0
202300005952;155 670 006;2;13;0;8;1;1
202300005953;155 670 003;10;3;2;4;2;1
202300005953;155 670 005;7;3;2;1;2;1
202300005954;155 670 002;7;0;2;1;19;1
202300005954;155 670 004;30;0;2;1;1;1
202300005955;155 670 000;7;0;2;1;1;1
202300005955;155 670 001;21;0;2;1;1;1
202300005956;155 669 997;7;0;2;2;15;1
202300005956;155 669 998;2;0;2;1;1;1
202300005957;155 669 995;7;0;2;4;2;1
202300005957;155 669 996;7;0;2;1;2;1
202300005958;155 669 994;7;13;0;3;17;1
202300005959;155 669 993;33;0;0;0;1;1
202300005960;155 669 990;7;0;1;2;1;1
202300005961;155 669 991;10;0;2;8;26;1
202300005961;155 669 992;7;0;2;1;1;1
202300005962;155 669 987;7;14;0;0;1;1
202300005962;155 669 988;7;0;2;2;0;1
202300005962;155 669 989;15;0;2;6;1;1
202300005963;155 669 986;40;0;1;1;1;3
202300005964;155 669 984;7;0;2;1;5;1
202300005964;155 669 985;10;0;2;3;1;1
202300005965;155 669 981;2;0;2;8;9;1
202300005965;155 669 982;10;0;2;2;1;1
202300005966;155 669 980;32;0;2;3;1;1
202300005966;155 669 983;7;0;2;2;15;1
202300005967;155 669 979;7;0;1;3;1;1
202300005968;155 669 978;7;0;1;2;1;1
202300005969;155 669 975;33;0;2;9;0;0
202300005969;155 669 976;7;0;0;4;15;0
202300005969;155 669 977;7;0;2;1;1;0
202300005970;155 669 972;7;0;2;7;15;1
202300005970;155 669 974;33;0;2;1;9;1
202300005971;155 669 971;1;0;0;0;1;5
202300005971;155 669 973;7;0;0;2;17;1
202300005972;155 669 967;10;0;2;3;17;1
202300005972;155 669 969;7;0;2;3;1;1
202300005973;155 669 968;33;0;2;3;3;1
202300005973;155 669 970;7;0;2;2;16;1
202300005974;155 669 966;34;13;0;2;14;1
202300005975;155 669 962;1;0;2;0;1;5
202300005975;155 669 964;7;0;2;6;17;1
202300005976;155 669 961;7;0;0;0;0;0
202300005976;155 669 963;7;0;0;0;-1;-1
202300005976;155 669 965;34;0;2;1;1;1
202300005977;155 669 959;7;0;2;1;1;1
202300005977;155 669 960;7;0;0;4;2;1
202300005978;155 669 955;7;0;0;4;1;1
202300005978;155 669 957;7;0;0;1;2;1
202300005979;155 669 956;7;0;2;1;2;1
202300005979;155 669 958;7;0;2;4;2;1
202300005980;155 669 954;7;6;0;2;14;1
202300005981;155 669 953;7;0;1;1;1;1
202300005982;155 669 952;7;15;0;1;1;1
202300005983;155 669 951;7;1;0;1;2;3
202300005984;155 669 950;33;13;0;9;1;1
202300005985;155 669 948;1;0;2;1;1;5
202300005985;155 669 949;0;0;0;0;0;-1
202300005986;155 669 947;7;0;1;3;1;1
202300005987;155 669 944;7;0;2;2;26;1
202300005987;155 669 946;33;0;2;2;1;1
202300005988;155 669 943;1;0;9;2;1;5
202300005988;155 669 945;10;1;0;8;22;1
202300005989;155 669 942;7;0;1;3;1;1
202300005990;155 669 938;7;0;2;1;26;1
202300005990;155 669 940;33;0;2;7;2;1
202300005990;155 669 941;7;0;2;4;0;1
202300005991;155 669 937;7;0;0;3;15;1
202300005991;155 669 939;33;0;2;1;17;1
202300005992;155 669 936;7;0;1;1;2;1
202300005993;155 669 934;50;0;2;7;19;3
202300005993;155 669 935;7;0;9;3;1;1
202300005994;155 669 928;7;13;0;1;26;2
202300005995;155 669 925;7;0;2;3;2;1
202300005995;155 669 927;17;0;2;4;1;1
202300005996;155 669 924;7;0;2;1;1;1
202300005996;155 669 926;7;0;2;3;0;1
202300005997;155 669 923;7;5;0;1;20;1
202300005998;155 669 922;7;4;0;3;1;1
202300005999;155 669 916;17;0;2;4;2;1
202300005999;155 669 918;17;0;2;4;2;0
202300005999;155 669 919;17;0;2;4;2;1
202300005999;155 669 921;17;0;2;1;1;1
202300006000;155 669 915;7;0;2;1;1;1
202300006000;155 669 917;7;0;2;4;2;1
202300006000;155 669 920;7;0;2;4;1;1
202300006001;155 669 913;7;0;2;8;11;1
202300006001;155 669 914;33;0;2;7;3;1
202300006002;155 669 910;32;0;2;7;3;1
202300006002;155 669 911;7;0;2;3;11;1
202300006003;155 669 908;7;0;2;0;0;1
202300006003;155 669 909;31;0;2;0;0;1
202300006004;155 669 906;7;0;2;1;1;1
202300006004;155 669 907;10;0;2;4;1;1
202300006005;155 669 905;40;0;1;1;1;3
202300006006;155 669 903;10;0;2;4;2;1
202300006006;155 669 904;38;0;2;1;2;1
202300006007;155 669 899;0;0;2;0;0;0
202300006007;155 669 901;33;0;2;4;0;1
202300006008;155 669 900;7;0;2;2;15;1
202300006008;155 669 902;7;0;2;1;1;3
202300006009;155 669 896;7;0;2;4;11;1
202300006009;155 669 898;33;0;2;1;1;1
202300006010;155 669 897;7;0;1;7;1;1
202300006011;155 669 893;32;0;2;1;3;3
202300006011;155 669 895;7;0;2;2;12;1
202300006012;155 669 894;10;0;1;4;4;1
202300006013;155 669 891;7;0;2;8;11;1
202300006013;155 669 892;43;0;2;2;3;1
202300006014;155 669 887;33;0;2;3;3;1
202300006014;155 669 888;7;0;2;7;12;1
202300006015;155 669 889;2;0;2;2;1;1
202300006015;155 669 890;7;0;2;3;9;1
202300006016;155 669 885;33;0;2;7;3;1
202300006016;155 669 886;7;0;2;8;11;1
202300006017;155 669 884;36;0;0;0;15;1
202300006018;155 669 880;7;0;2;1;1;1
202300006018;155 669 882;7;0;2;4;1;1
202300006019;155 669 881;7;0;2;4;2;1
202300006019;155 669 883;33;0;2;1;2;1
202300006020;155 669 879;7;0;1;3;0;1
202300006021;155 669 875;10;0;9;1;0;1
202300006021;155 669 877;1;0;2;8;0;5
202300006022;155 669 874;7;0;2;4;1;2
202300006022;155 669 876;7;0;2;4;1;1
202300006022;155 669 878;7;0;2;1;1;2
202300006023;155 669 871;32;0;2;1;3;1
202300006023;155 669 872;7;0;2;2;12;1
202300006024;155 669 870;7;0;2;6;15;1
202300006024;155 669 873;33;0;2;1;1;1
202300006025;155 669 867;1;0;2;3;1;5
202300006025;155 669 869;15;0;2;2;16;1
202300006026;155 669 864;7;0;2;3;9;1
202300006026;155 669 865;1;0;2;1;5;5
202300006027;155 669 866;7;0;2;1;1;1
202300006027;155 669 868;7;0;2;4;1;1
202300006028;155 669 862;7;0;2;1;1;1
202300006028;155 669 863;32;0;1;1;15;1
202300006029;155 669 860;1;0;0;0;1;5
202300006030;155 669 859;7;0;2;6;23;1
202300006030;155 669 861;7;0;2;2;15;1
202300006031;155 669 858;1;0;0;0;1;5
202300006032;155 669 857;7;0;1;1;9;1
202300006033;155 669 855;7;0;2;2;1;2
202300006033;155 669 856;1;0;2;8;19;5
202300006034;155 669 852;7;0;2;7;1;1
202300006034;155 669 853;50;0;2;1;15;3
202300006035;155 669 851;37;0;2;3;1;1
202300006035;155 669 854;10;0;2;2;16;1
202300006036;155 669 849;7;0;1;5;4;1
202300006037;155 669 848;7;0;2;8;9;1
202300006037;155 669 850;1;0;2;1;9;5
202300006038;155 669 847;1;0;1;1;8;5
202300006039;155 669 845;3;0;2;8;15;1
202300006039;155 669 846;30;0;2;7;17;1
202300006040;155 669 843;10;0;2;2;16;1
202300006040;155 669 844;1;0;2;1;1;5
202300006041;155 669 841;1;0;2;1;1;5
202300006041;155 669 842;7;0;2;3;9;1
202300006042;155 669 839;50;0;2;1;15;3
202300006042;155 669 840;7;0;2;2;16;1
202300006043;155 669 837;33;0;2;1;1;1
202300006043;155 669 838;7;0;2;1;15;1
202300006044;155 669 835;50;1;0;8;1;3
202300006045;155 669 834;7;0;1;1;26;0
202300006046;155 669 832;7;8;0;2;1;1
202300006047;155 669 831;31;0;2;3;2;1
202300006047;155 669 833;10;0;2;6;4;1
202300006048;155 669 829;7;0;1;1;1;1
202300006049;155 669 828;7;0;2;3;16;1
202300006049;155 669 830;30;0;2;3;13;1
202300006050;155 669 826;7;0;2;1;10;1
202300006050;155 669 827;30;0;2;8;1;0
202300006051;155 669 823;1;0;2;1;5;5
202300006051;155 669 824;10;0;2;1;2;1
202300006052;155 669 821;7;0;2;3;15;3
202300006052;155 669 822;30;0;2;1;3;1
202300006052;155 669 825;7;0;2;4;23;1
202300006053;155 669 820;7;0;1;8;0;2
202300006054;155 669 817;7;0;2;1;0;1
202300006054;155 669 818;33;0;0;4;0;1
202300006055;155 669 816;7;0;2;1;1;1
202300006055;155 669 819;2;0;2;7;1;1
202300006056;155 669 815;10;0;1;3;1;1
202300006057;155 669 813;7;0;1;2;1;1
202300006058;155 669 812;2;0;2;1;1;1
202300006058;155 669 814;7;0;2;3;15;1
202300006059;155 669 809;2;0;0;4;18;1
202300006059;155 669 810;14;0;2;1;26;1
202300006060;155 669 808;7;0;2;3;9;1
202300006060;155 669 811;1;0;2;1;1;5
202300006061;155 669 806;2;0;2;1;1;1
202300006061;155 669 807;7;0;2;6;1;1
202300006062;155 669 805;30;0;1;7;1;3
202300006063;155 669 803;7;0;2;2;14;1
202300006063;155 669 804;31;0;2;8;1;1
202300006064;155 669 801;7;0;2;1;1;1
202300006064;155 669 802;50;0;2;8;19;3
202300006065;155 669 799;32;0;2;8;18;1
202300006065;155 669 800;1;0;2;2;17;5
202300006066;155 669 795;10;0;2;6;18;1
202300006066;155 669 796;10;0;2;3;1;1
202300006067;155 669 792;7;0;2;2;15;1
202300006067;155 669 793;2;0;2;1;1;1
202300006068;155 669 786;10;0;2;3;1;1
202300006068;155 669 788;10;0;2;3;1;1
202300006068;155 669 789;7;0;2;2;15;1
202300006069;155 669 782;17;3;2;2;1;1
202300006069;155 669 784;7;3;2;2;13;1
202300006070;155 669 779;7;0;2;3;13;1
202300006070;155 669 781;14;0;2;3;1;1
202300006071;155 669 780;7;0;1;3;16;1
202300006072;155 669 778;7;0;1;2;1;1
202300006073;155 669 776;7;0;0;9;2;1
202300006074;155 669 777;7;0;1;2;1;1
202300006075;155 669 774;40;0;1;3;1;3
202300006076;155 669 773;1;0;2;3;11;5
202300006076;155 669 775;7;0;2;2;1;1
202300006077;155 669 771;7;0;1;1;17;1
202300006078;155 669 772;1;8;0;1;1;5
202300006079;155 669 769;7;0;1;3;25;1
202300006080;155 669 768;1;0;2;1;1;5
202300006080;155 669 770;50;0;2;8;19;3
202300006081;155 669 765;7;0;2;1;2;1
202300006081;155 669 766;7;0;2;4;23;1
202300006081;155 669 767;7;3;0;4;23;1
202300006082;155 669 763;7;0;1;2;1;0
202300006083;155 669 762;7;0;2;3;1;0
202300006083;155 669 764;7;0;2;2;9;0
202300006084;155 669 760;33;0;2;1;1;1
202300006084;155 669 761;7;0;2;7;15;1
202300006085;155 669 758;7;0;0;3;1;1
202300006085;155 669 759;3;0;0;1;1;1
202300006086;155 669 757;10;9;0;1;1;0
202300006087;155 669 755;7;0;2;2;0;1
202300006087;155 669 756;33;0;2;1;1;1
202300006088;155 669 752;7;0;2;4;1;1
202300006088;155 669 753;7;0;2;4;1;1
202300006088;155 669 754;7;0;2;1;1;1
202300006089;155 669 748;7;0;2;1;2;1
202300006089;155 669 749;7;0;2;4;2;1
202300006089;155 669 750;7;0;2;4;2;1
202300006089;155 669 751;7;0;2;4;2;1
202300006090;155 669 746;50;0;2;1;14;3
202300006090;155 669 747;7;0;2;2;1;1
202300006091;155 669 744;7;0;2;3;1;0
202300006091;155 669 745;32;0;2;1;15;0
202300006092;155 669 742;33;0;2;7;1;1
202300006092;155 669 743;7;0;9;3;15;1
202300006093;155 669 741;7;0;1;1;1;1
202300006094;155 669 739;10;0;2;1;13;1
202300006094;155 669 740;7;0;2;1;1;1
202300006095;155 669 737;32;0;2;1;2;3
202300006095;155 669 738;42;0;2;4;2;1
202300006096;155 669 735;10;0;2;1;2;1
202300006096;155 669 736;10;0;2;4;2;1
202300006097;155 669 733;1;0;2;1;1;5
202300006097;155 669 734;7;0;2;2;16;2
202300006098;155 669 732;7;0;1;4;4;1
202300006099;155 669 730;1;0;2;7;19;5
202300006099;155 669 731;7;0;2;1;1;1
202300006100;155 669 729;2;0;1;1;1;3
202300006101;155 669 727;7;0;2;3;13;1
202300006101;155 669 728;2;0;2;2;17;3
202300006102;155 669 725;7;0;2;7;16;1
202300006102;155 669 726;30;0;2;7;7;3
202300006103;155 669 723;7;0;2;1;15;0
202300006103;155 669 724;31;0;2;4;15;1
202300006104;155 669 721;50;0;2;7;14;3
202300006104;155 669 722;33;0;2;3;1;1
202300006105;155 669 719;33;0;2;1;9;1
202300006105;155 669 720;7;0;2;3;1;1
202300006106;155 669 717;10;1;0;4;4;1
202300006106;155 669 718;7;0;2;1;23;1
202300006107;155 669 715;42;0;2;3;1;3
202300006107;155 669 716;7;0;2;2;1;1
202300006108;155 669 713;30;0;2;1;13;1
202300006108;155 669 714;7;0;2;3;13;1
202300006109;155 669 712;10;0;1;3;1;0
202300006110;155 669 711;7;0;1;1;15;1
202300006111;155 669 709;10;0;2;1;2;1
202300006111;155 669 710;7;0;2;4;2;1
202300006112;155 669 707;10;0;2;3;15;1
202300006112;155 669 708;7;0;2;1;1;1
202300006113;155 669 705;7;0;2;1;11;1
202300006113;155 669 706;50;0;2;1;1;3
202300006114;155 669 703;80;0;2;1;2;3
202300006114;155 669 704;10;0;2;2;16;1
202300006115;155 669 701;50;0;2;3;2;3
202300006115;155 669 702;7;0;2;3;2;1
202300006116;155 669 699;32;0;2;1;16;0
202300006116;155 669 700;1;0;2;8;2;5
202300006117;155 669 696;7;0;2;4;11;0
202300006117;155 669 697;7;0;2;1;1;0
202300006117;155 669 698;10;0;2;1;1;0
202300006118;155 669 694;7;0;2;2;9;1
202300006118;155 669 695;43;0;2;8;1;1
202300006119;155 669 693;60;12;0;1;25;5
202300006120;155 669 691;7;0;2;3;11;0
202300006120;155 669 692;30;0;2;7;1;3
202300006121;155 669 689;32;0;0;1;15;1
202300006121;155 669 690;32;0;2;1;16;1
202300006122;155 669 688;33;0;1;1;17;1
202300006123;155 669 687;7;0;1;3;1;1
202300006124;155 669 685;1;0;2;1;19;5
202300006124;155 669 686;7;0;2;3;9;1
202300006125;155 669 683;33;0;2;7;0;1
202300006125;155 669 684;7;0;2;1;0;0
202300006126;155 669 682;7;1;0;3;14;2
202300006127;155 669 681;33;3;0;1;14;1
202300006128;155 669 677;34;4;0;1;1;1
202300006129;155 669 676;7;0;2;2;9;1
202300006129;155 669 678;30;0;2;1;1;1
202300006130;155 669 675;7;3;0;1;0;1
202300006131;155 669 673;7;0;0;1;2;1
202300006131;155 669 674;7;8;2;7;1;1
202300006132;155 669 669;7;0;2;7;19;1
202300006132;155 669 670;33;0;2;1;1;1
202300006133;155 669 667;10;0;2;1;17;1
202300006133;155 669 668;7;0;2;8;15;1
202300006134;155 669 666;33;13;0;2;1;1
202300006135;155 669 665;7;2;0;1;14;1
202300006136;155 669 663;1;1;0;1;2;5
202300006136;155 669 664;7;0;9;4;24;1
202300006137;155 669 661;33;15;0;1;17;1
202300006138;155 669 660;7;0;1;3;1;1
202300006139;155 669 659;33;0;2;1;1;1
202300006139;155 669 662;1;0;2;8;15;5
202300006140;155 669 656;37;0;1;7;16;1
202300006141;155 669 650;7;0;2;1;2;1
202300006141;155 669 653;7;0;2;4;2;1
202300006142;155 669 651;7;1;0;8;-1;0
202300006142;155 669 654;32;6;0;2;1;1
202300006143;155 669 649;7;0;2;1;19;1
202300006143;155 669 652;50;0;2;1;19;3
202300006144;155 669 648;1;17;0;1;1;5
202300006145;155 669 645;7;0;2;3;19;1
202300006145;155 669 647;31;0;2;1;1;1
202300006146;155 669 644;7;0;1;3;1;1
202300006147;155 669 643;7;0;2;1;1;2
202300006147;155 669 646;7;0;2;4;19;0
202300006148;155 669 639;1;1;2;8;1;5
202300006148;155 669 641;7;0;9;2;19;3
202300006149;155 669 638;7;0;2;1;1;1