Num_Acc;id_vehicule;catv;obs;obsm;choc;manv;motor
202300006149;155 669 640;7;0;2;1;5;1
202300006150;155 669 637;7;4;0;2;16;1
202300006151;155 669 636;2;12;0;1;1;1
202300006152;155 669 633;7;0;1;1;0;1
202300006153;155 669 634;2;0;2;3;1;1
202300006153;155 669 635;7;0;2;1;6;1
202300006154;155 669 631;7;0;2;3;1;1
202300006154;155 669 632;7;0;2;5;15;1
202300006155;155 669 628;7;3;2;3;5;1
202300006155;155 669 630;7;3;2;3;1;1
202300006156;155 669 626;7;0;2;1;19;1
202300006156;155 669 629;7;0;2;1;1;1
202300006157;155 669 625;7;0;2;5;19;1
202300006157;155 669 627;33;0;2;1;1;1
202300006158;155 669 621;7;17;0;1;1;1
202300006159;155 669 622;7;0;2;1;2;1
202300006159;155 669 623;7;0;2;4;23;1
202300006160;155 669 620;2;0;0;1;1;1
202300006160;155 669 624;21;0;0;3;26;1
202300006161;155 669 619;7;13;0;1;14;1
202300006162;155 669 618;10;0;1;3;1;1
202300006163;155 669 617;30;0;0;0;0;1
202300006164;155 669 615;7;0;2;1;13;1
202300006164;155 669 616;7;0;2;1;1;1
202300006165;155 669 613;1;0;5;0;0;5
202300006166;155 669 611;7;0;2;4;1;1
202300006166;155 669 614;7;0;2;1;23;1
202300006167;155 669 610;7;0;2;1;1;1
202300006167;155 669 612;7;0;2;1;1;1
202300006168;155 669 608;7;0;2;7;19;1
202300006168;155 669 609;2;0;2;3;1;1
202300006169;155 669 606;7;8;0;9;1;1
202300006170;155 669 604;38;0;1;2;1;1
202300006171;155 669 605;7;0;2;1;13;1
202300006171;155 669 607;7;0;2;1;1;1
202300006172;155 669 601;7;0;2;3;15;1
202300006172;155 669 603;31;0;2;2;17;1
202300006173;155 669 599;7;2;0;1;16;1
202300006174;155 669 600;2;0;2;1;1;1
202300006174;155 669 602;7;0;2;2;1;1
202300006175;155 669 598;7;6;0;3;14;1
202300006176;155 669 595;2;0;2;1;1;1
202300006176;155 669 597;7;0;2;3;15;1
202300006177;155 669 593;33;0;2;1;1;1
202300006177;155 669 594;7;0;2;5;15;1
202300006178;155 669 591;30;0;2;4;2;1
202300006178;155 669 592;17;0;2;7;2;1
202300006179;155 669 596;7;0;1;0;2;1
202300006180;155 669 590;31;14;0;8;1;1
202300006181;155 669 586;10;0;2;1;13;1
202300006181;155 669 588;7;0;2;1;1;1
202300006182;155 669 585;7;0;2;1;2;1
202300006182;155 669 587;10;0;2;4;1;1
202300006182;155 669 589;7;0;2;4;2;1
202300006183;155 669 583;7;0;2;5;17;1
202300006183;155 669 584;7;0;2;3;1;1
202300006184;155 669 580;7;0;2;5;12;0
202300006184;155 669 581;33;0;2;1;3;1
202300006185;155 669 578;7;0;2;7;1;1
202300006185;155 669 582;7;0;2;1;1;1
202300006186;155 669 579;31;0;0;0;1;1
202300006187;155 669 576;33;0;0;7;15;1
202300006188;155 669 574;7;0;2;4;0;0
202300006188;155 669 575;7;0;2;4;26;1
202300006189;155 669 573;7;0;2;1;1;1
202300006189;155 669 577;17;0;2;4;1;0
202300006190;155 669 571;1;0;0;4;1;5
202300006190;155 669 572;7;0;0;2;9;1
202300006191;155 669 568;2;0;2;1;17;1
202300006191;155 669 570;7;0;2;8;15;1
202300006192;155 669 567;10;13;0;1;1;1
202300006193;155 669 566;7;0;2;6;11;1
202300006193;155 669 569;43;0;2;1;3;1
202300006194;155 669 563;33;0;2;1;17;1
202300006194;155 669 564;7;0;2;1;1;1
202300006195;155 669 562;7;0;2;2;16;1
202300006195;155 669 565;7;0;2;8;16;1
202300006196;155 669 557;33;0;2;8;1;1
202300006196;155 669 558;7;0;2;8;1;1
202300006197;155 669 554;33;0;2;1;1;1
202300006197;155 669 556;7;0;2;6;15;1
202300006198;155 669 551;31;13;0;0;0;1
202300006199;155 669 552;7;4;0;3;23;1
202300006199;155 669 553;7;0;2;5;23;1
202300006199;155 669 555;7;0;2;3;1;1
202300006199;155 669 559;10;0;2;3;1;1
202300006199;155 669 560;7;0;2;6;1;1
202300006199;155 669 561;14;0;2;3;1;1
202300006200;155 669 547;7;0;2;8;15;1
202300006200;155 669 550;33;0;2;7;17;1
202300006201;155 669 546;10;0;2;4;3;1
202300006201;155 669 548;7;0;2;1;2;1
202300006202;155 669 544;7;0;2;6;1;1
202300006202;155 669 545;7;0;2;3;13;1
202300006203;155 669 540;34;0;2;8;2;1
202300006203;155 669 542;7;0;2;2;12;1
202300006204;155 669 541;7;0;2;2;1;2
202300006204;155 669 543;7;0;2;3;1;1
202300006205;155 669 538;7;0;2;3;13;1
202300006205;155 669 539;7;0;2;3;1;1
202300006206;155 669 535;33;0;2;1;12;1
202300006206;155 669 537;1;0;2;4;1;5
202300006207;155 669 531;33;13;0;0;21;1
202300006207;155 669 534;10;0;0;0;5;0
202300006208;155 669 532;10;0;1;1;1;1
202300006209;155 669 533;32;0;2;7;15;1
202300006209;155 669 536;32;0;2;1;1;1
202300006210;155 669 529;80;0;0;0;0;3
202300006211;155 669 526;7;0;2;1;0;0
202300006211;155 669 528;7;-1;-1;-1;-1;-1
202300006212;155 669 525;3;0;2;1;19;1
202300006212;155 669 527;0;0;2;0;0;0
202300006213;155 669 522;10;0;2;3;13;1
202300006213;155 669 524;17;0;2;3;1;1
202300006214;155 669 523;1;0;0;0;1;5
202300006215;155 669 520;7;0;2;1;13;1
202300006215;155 669 521;10;0;2;1;1;1
202300006216;155 669 518;33;3;9;0;1;1
202300006217;155 669 517;1;0;1;1;1;5
202300006218;155 669 515;10;0;1;3;1;1
202300006219;155 669 514;7;0;2;4;26;1
202300006219;155 669 516;7;0;2;1;26;1
202300006219;155 669 519;7;0;2;4;26;1
202300006220;155 669 509;7;0;2;1;2;0
202300006220;155 669 512;7;0;0;4;2;0
202300006221;155 669 510;80;0;2;4;23;3
202300006221;155 669 513;7;0;2;1;1;1
202300006222;155 669 508;14;0;2;1;1;1
202300006222;155 669 511;7;0;0;8;15;1
202300006223;155 669 506;1;0;2;0;2;5
202300006223;155 669 507;7;0;2;7;16;1
202300006224;155 669 503;7;0;2;7;10;2
202300006224;155 669 505;32;0;2;1;1;1
202300006225;155 669 498;50;0;2;1;1;3
202300006225;155 669 500;10;0;2;3;20;1
202300006226;155 669 497;30;0;0;1;0;3
202300006227;155 669 499;7;0;2;1;1;1
202300006227;155 669 502;2;0;2;3;15;0
202300006228;155 669 496;7;0;1;1;10;1
202300006229;155 669 495;7;0;1;4;4;1
202300006230;155 669 494;32;13;0;8;0;1
202300006231;155 669 492;14;0;1;1;1;1
202300006232;155 669 489;34;0;0;8;1;1
202300006233;155 669 488;33;0;2;1;1;1
202300006233;155 669 490;7;0;2;2;15;0
202300006234;155 669 485;7;0;2;7;22;2
202300006234;155 669 487;50;0;2;8;1;3
202300006235;155 669 483;7;0;2;1;2;1
202300006235;155 669 484;7;0;0;4;2;1
202300006236;155 669 481;33;0;2;1;2;1
202300006236;155 669 486;7;0;2;4;1;1
202300006237;155 669 480;7;0;2;1;1;1
202300006237;155 669 482;50;0;2;8;13;3
202300006238;155 669 479;80;12;0;2;14;3
202300006239;155 669 476;10;0;2;3;15;1
202300006239;155 669 477;33;0;2;3;1;1
202300006240;155 669 475;7;2;0;2;0;1
202300006241;155 669 473;10;0;2;1;2;1
202300006241;155 669 478;17;0;0;4;1;1
202300006242;155 669 472;7;0;2;2;9;1
202300006242;155 669 474;1;0;2;1;1;5
202300006243;155 669 470;33;13;0;3;1;1
202300006244;155 669 469;7;0;2;1;2;1
202300006244;155 669 471;2;0;2;4;15;1
202300006245;155 669 466;2;0;0;8;0;1
202300006246;155 669 464;7;0;2;2;26;1
202300006246;155 669 468;7;0;2;3;15;1
202300006247;155 669 463;7;0;2;1;1;1
202300006247;155 669 467;7;0;0;4;1;1
202300006248;155 669 462;7;0;2;1;13;1
202300006248;155 669 465;2;0;2;1;0;1
202300006249;155 669 460;2;0;0;0;2;1
202300006250;155 669 458;10;0;2;2;1;3
202300006250;155 669 461;34;0;2;1;1;1
202300006251;155 669 457;7;0;2;1;2;2
202300006251;155 669 459;80;0;2;4;1;3
202300006252;155 669 453;7;0;2;2;15;1
202300006252;155 669 456;7;0;2;2;1;1
202300006253;155 669 451;7;0;2;2;15;1
202300006253;155 669 454;43;0;2;1;1;1
202300006254;155 669 450;10;0;2;1;1;1
202300006254;155 669 455;10;0;2;8;15;1
202300006255;155 669 449;7;5;0;3;1;1
202300006256;155 669 448;7;14;0;1;1;1
202300006256;155 669 452;7;1;0;4;26;1
202300006257;155 669 444;7;0;1;1;1;1
202300006258;155 669 445;7;0;0;0;0;0
202300006259;155 669 443;10;0;1;1;1;1
202300006260;155 669 441;7;0;0;0;26;0
202300006261;155 669 438;7;6;0;2;1;1
202300006262;155 669 435;31;8;0;1;11;1
202300006263;155 669 436;7;0;2;3;15;1
202300006263;155 669 439;1;0;2;3;1;5
202300006264;155 669 434;7;0;2;1;1;1
202300006264;155 669 437;7;0;2;4;1;1
202300006264;155 669 440;7;0;2;4;1;1
202300006264;155 669 442;7;0;2;4;1;1
202300006265;155 669 432;33;0;2;1;2;1
202300006265;155 669 433;7;0;2;3;10;1
202300006266;155 669 429;7;0;2;7;15;1
202300006266;155 669 430;7;0;2;3;2;1
202300006267;155 669 428;30;0;1;2;1;1
202300006268;155 669 427;33;0;2;4;0;0
202300006268;155 669 431;7;0;0;0;0;0
202300006269;155 669 424;10;0;1;1;1;1
202300006270;155 669 422;7;0;2;3;15;1
202300006270;155 669 425;32;0;2;1;17;1
202300006271;155 669 423;7;0;1;2;0;1
202300006272;155 669 421;1;0;2;4;15;5
202300006272;155 669 426;1;0;2;1;17;5
202300006273;155 669 420;34;14;0;1;1;1
202300006274;155 669 418;7;0;1;1;1;0
202300006275;155 669 416;7;0;2;3;13;1
202300006275;155 669 419;10;0;2;3;0;1
202300006276;155 669 415;7;0;2;2;12;1
202300006276;155 669 417;7;0;2;3;1;1
202300006277;155 669 412;7;0;2;1;1;1
202300006277;155 669 414;7;0;2;1;1;1
202300006278;155 669 409;32;0;2;1;2;1
202300006278;155 669 411;7;0;2;4;2;1
202300006279;155 669 413;10;0;1;1;15;1
202300006280;155 669 408;7;0;2;3;1;1
202300006280;155 669 410;7;0;2;2;15;1
202300006281;155 669 405;30;0;2;1;3;1
202300006281;155 669 407;30;0;2;1;11;1
202300006282;155 669 402;7;0;1;1;1;6
202300006283;155 669 404;7;0;2;0;0;1
202300006283;155 669 406;34;0;2;0;0;1
202300006284;155 669 401;7;0;2;3;15;1
202300006284;155 669 403;7;6;2;1;17;1
202300006285;155 669 399;30;0;2;1;2;0
202300006285;155 669 400;0;0;2;1;12;0
202300006286;155 669 394;1;0;2;1;1;5
202300006286;155 669 397;7;0;2;5;15;1
202300006287;155 669 396;7;0;2;6;1;1
202300006287;155 669 398;15;0;2;2;12;1
202300006288;155 669 393;7;0;2;8;1;1
202300006288;155 669 395;2;0;2;1;1;1
202300006289;155 669 392;7;0;1;1;26;0
202300006290;155 669 390;14;0;1;3;1;1
202300006291;155 669 386;30;0;2;1;1;1
202300006291;155 669 389;7;0;2;4;23;1
202300006292;155 669 385;7;0;2;3;1;1
202300006292;155 669 387;7;0;0;3;23;1
202300006293;155 669 383;33;0;1;6;1;1
202300006294;155 669 382;7;0;2;8;2;1
202300006294;155 669 384;43;0;2;7;3;1
202300006294;155 669 388;7;0;2;2;12;1
202300006294;155 669 391;33;0;2;1;3;1
202300006295;155 669 378;33;0;2;1;3;1
202300006295;155 669 380;33;0;2;4;11;1
202300006296;155 669 376;2;0;2;1;13;1
202300006296;155 669 379;7;0;2;3;1;1
202300006297;155 669 377;33;0;2;1;1;1
202300006297;155 669 381;7;0;2;2;15;1
202300006298;155 669 372;7;0;2;3;1;1
202300006298;155 669 374;32;0;2;1;5;1
202300006299;155 669 370;60;0;2;8;0;5
202300006299;155 669 375;7;0;2;2;1;0
202300006300;155 669 368;33;0;2;1;2;1
202300006300;155 669 371;7;0;2;4;2;1
202300006300;155 669 373;7;0;2;4;23;1
202300006301;155 669 369;10;0;1;3;5;1
202300006302;155 669 364;33;0;2;3;16;1
202300006302;155 669 366;13;0;2;5;1;1
202300006303;155 669 363;7;0;1;4;2;1
202300006303;155 669 367;7;0;2;1;2;1
202300006304;155 669 362;7;0;2;1;2;1
202300006304;155 669 365;31;0;2;4;2;1
202300006305;155 669 361;1;0;1;1;1;5
202300006306;155 669 357;1;0;2;1;1;5
202300006306;155 669 359;7;0;2;1;9;2
202300006307;155 669 356;50;0;2;3;13;3
202300006307;155 669 358;7;0;2;3;1;1
202300006308;155 669 355;2;0;2;1;16;1
202300006308;155 669 360;7;1;0;3;1;1
202300006309;155 669 353;7;0;1;3;1;0
202300006310;155 669 350;1;0;1;0;0;5
202300006311;155 669 351;10;0;2;2;1;1
202300006311;155 669 354;7;0;2;8;15;1
202300006312;155 669 349;10;0;2;3;1;1
202300006312;155 669 352;7;0;2;3;1;1
202300006313;155 669 348;30;0;1;0;1;1
202300006314;155 669 345;10;0;1;2;1;0
202300006315;155 669 344;10;0;2;1;13;1
202300006315;155 669 347;7;0;2;3;1;1
202300006316;155 669 343;7;13;0;1;2;1
202300006317;155 669 342;10;0;2;7;15;1
202300006317;155 669 346;2;0;2;1;1;1
202300006318;155 669 340;32;14;0;1;1;1
202300006319;155 669 338;33;0;2;1;5;1
202300006319;155 669 341;7;0;2;3;9;1
202300006320;155 669 335;7;0;2;1;1;1
202300006320;155 669 339;2;0;2;7;1;1
202300006321;155 669 332;30;0;2;1;1;1
202300006321;155 669 333;7;0;2;5;15;1
202300006322;155 669 331;30;0;2;1;1;1
202300006322;155 669 334;30;0;2;1;15;1
202300006323;155 669 327;7;0;2;3;15;0
202300006323;155 669 329;43;0;2;2;17;1
202300006324;155 669 328;33;0;2;0;1;1
202300006324;155 669 330;7;0;2;0;15;1
202300006325;155 669 323;0;0;1;0;0;1
202300006326;155 669 322;2;0;2;4;2;0
202300006326;155 669 324;7;0;2;3;1;2
202300006327;155 669 321;7;1;1;1;1;1
202300006328;155 669 320;10;0;1;3;1;1
202300006329;155 669 317;7;0;2;1;15;1
202300006329;155 669 319;7;0;2;6;1;1
202300006330;155 669 313;7;0;2;1;5;0
202300006330;155 669 316;7;0;2;1;1;0
202300006331;155 669 315;7;0;2;3;13;1
202300006331;155 669 318;80;0;2;7;5;3
202300006332;155 669 312;2;0;2;1;1;1
202300006332;155 669 314;7;0;2;2;1;1
202300006333;155 669 309;7;17;0;3;17;1
202300006333;155 669 310;37;0;0;0;17;1
202300006334;155 669 308;7;0;2;2;0;0
202300006334;155 669 311;7;0;2;3;1;0
202300006335;155 669 304;40;0;1;1;1;3
202300006336;155 669 305;7;0;2;3;10;1
202300006336;155 669 307;30;0;2;2;2;1
202300006337;155 669 302;7;11;0;2;1;1
202300006338;155 669 301;39;0;2;2;1;3
202300006338;155 669 306;32;0;4;9;1;1
202300006339;155 669 300;7;0;2;3;15;1
202300006339;155 669 303;1;0;2;1;1;5
202300006340;155 669 295;7;0;2;3;1;1
202300006340;155 669 298;1;0;2;4;19;5
202300006341;155 669 292;7;0;2;1;15;1
202300006341;155 669 296;31;0;2;1;1;1
202300006342;155 669 293;7;1;0;1;1;1
202300006343;155 669 291;7;0;9;3;15;1
202300006343;155 669 297;1;14;2;1;17;5
202300006344;155 669 294;7;0;2;1;16;1
202300006344;155 669 299;1;0;2;8;13;5
202300006345;155 669 289;31;13;0;1;13;1
202300006346;155 669 288;50;0;2;2;15;3
202300006346;155 669 290;7;0;2;3;1;1
202300006347;155 669 284;7;0;2;1;13;1
202300006347;155 669 286;7;0;2;1;1;1
202300006348;155 669 279;10;0;2;1;1;1
202300006348;155 669 281;7;0;2;4;1;1
202300006349;155 669 280;7;0;2;3;11;1
202300006349;155 669 282;7;0;2;2;11;1
202300006350;155 669 283;7;0;2;3;15;2
202300006350;155 669 285;1;0;2;1;1;5
202300006351;155 669 276;7;0;2;3;11;1
202300006351;155 669 278;33;0;2;6;1;1
202300006352;155 669 273;7;0;2;4;2;1
202300006352;155 669 277;7;0;2;1;2;1
202300006353;155 669 271;7;0;2;3;15;1
202300006353;155 669 275;32;0;2;1;1;1
202300006354;155 669 272;10;0;1;1;2;1
202300006355;155 669 264;7;7;0;4;2;1
202300006355;155 669 267;7;0;2;1;2;1
202300006356;155 669 266;33;0;2;1;2;1
202300006356;155 669 269;10;0;2;6;2;1
202300006357;155 669 263;7;0;2;1;2;1
202300006357;155 669 268;32;0;2;4;23;1
202300006358;155 669 261;15;2;0;1;13;1
202300006359;155 669 255;31;0;2;7;1;1
202300006359;155 669 260;10;0;2;8;9;1
202300006360;155 669 257;10;0;2;4;2;1
202300006360;155 669 259;7;0;2;4;2;2
202300006360;155 669 262;7;0;2;1;2;1
202300006361;155 669 256;7;6;0;2;1;1
202300006362;155 669 254;1;0;0;1;5;5
202300006362;155 669 258;0;0;9;0;1;0
202300006363;155 669 252;7;0;2;2;26;1
202300006363;155 669 253;7;0;2;1;9;1
202300006364;155 669 251;7;2;0;3;1;1
202300006365;155 669 249;10;0;1;4;4;1
202300006366;155 669 247;33;1;0;3;1;1
202300006366;155 669 250;7;0;2;5;24;1
202300006367;155 669 246;7;0;2;1;1;1
202300006367;155 669 248;7;0;2;4;23;1
202300006368;155 669 243;7;2;9;1;1;1
202300006369;155 669 242;7;0;2;5;17;0
202300006369;155 669 245;21;0;2;3;15;6
202300006370;155 669 241;50;0;0;0;1;3
202300006371;155 669 240;80;0;1;1;1;3
202300006372;155 669 238;15;0;1;0;1;1
202300006373;155 669 234;7;0;2;1;11;1
202300006373;155 669 237;7;0;2;2;1;1
202300006373;155 669 239;7;0;2;2;1;1
202300006374;155 669 232;10;2;0;1;14;1
202300006375;155 669 230;7;0;2;3;1;1
202300006375;155 669 236;7;0;2;4;5;1
202300006376;155 669 229;7;0;2;4;23;1
202300006376;155 669 231;7;0;2;4;23;1
202300006376;155 669 235;7;0;2;1;1;1
202300006377;155 669 228;7;0;2;3;1;0
202300006377;155 669 233;30;0;2;2;1;1
202300006378;155 669 227;7;13;0;0;0;1
202300006379;155 669 226;10;0;1;3;16;0
202300006380;155 669 222;10;0;2;1;11;1
202300006380;155 669 224;10;0;2;1;0;1
202300006381;155 669 219;7;0;2;3;22;0
202300006381;155 669 223;1;0;2;1;1;5
202300006382;155 669 217;7;0;2;3;1;1
202300006382;155 669 221;7;0;2;3;0;1
202300006383;155 669 220;7;1;2;1;1;1
202300006383;155 669 225;7;0;2;4;23;1
202300006384;155 669 214;7;0;2;6;1;1
202300006384;155 669 216;7;0;2;1;26;1
202300006384;155 669 218;7;0;2;1;1;1
202300006385;155 669 213;7;0;1;3;1;0
202300006386;155 669 211;99;0;2;1;1;1
202300006386;155 669 215;33;0;2;7;1;1
202300006387;155 669 210;7;2;0;1;1;1
202300006388;155 669 209;7;0;2;8;20;1
202300006388;155 669 212;2;0;2;1;1;1
202300006389;155 669 205;7;0;2;3;1;1
202300006389;155 669 208;1;0;2;1;19;5
202300006390;155 669 203;7;0;0;0;0;0
202300006390;155 669 207;1;0;0;0;0;5
202300006391;155 669 199;7;0;2;1;15;1
202300006391;155 669 204;33;0;2;1;17;1
202300006392;155 669 198;15;0;2;1;1;1
202300006392;155 669 201;7;0;2;1;13;1
202300006392;155 669 206;43;0;0;0;17;1
202300006393;155 669 200;10;0;2;3;15;1
202300006393;155 669 202;33;0;2;7;17;1
202300006394;155 669 196;7;0;1;2;2;1
202300006395;155 669 195;7;0;0;4;26;0
202300006395;155 669 197;7;0;0;1;2;0
202300006396;155 669 193;7;0;1;8;0;4
202300006397;155 669 192;7;1;0;2;1;1
202300006398;155 669 190;21;0;2;8;1;1
202300006398;155 669 194;7;0;2;1;9;1
202300006399;155 669 188;33;0;2;3;17;1
202300006399;155 669 191;7;0;2;6;15;1
202300006400;155 669 184;7;0;1;3;1;0
202300006401;155 669 186;30;0;2;1;17;1
202300006401;155 669 189;7;0;2;3;15;1
202300006402;155 669 183;7;0;0;6;10;0
202300006402;155 669 185;33;0;2;1;17;1
202300006403;155 669 187;50;0;0;9;1;3
202300006404;155 669 182;7;0;1;1;1;1
202300006405;155 669 181;7;6;0;5;1;1
202300006406;155 669 179;7;0;1;1;26;1
202300006407;155 669 176;80;8;0;1;17;3
202300006408;155 669 174;10;0;2;2;1;3
202300006408;155 669 178;7;0;2;0;0;0
202300006409;155 669 172;7;0;2;1;2;1
202300006409;155 669 175;7;0;2;4;2;1
202300006410;155 669 168;7;0;2;6;23;1
202300006410;155 669 170;7;0;2;2;2;1
202300006411;155 669 167;7;13;0;1;1;0
202300006412;155 669 165;7;0;2;1;1;0
202300006412;155 669 169;7;0;2;1;5;0
202300006413;155 669 163;7;0;2;1;16;1
202300006413;155 669 166;50;0;2;8;7;3
202300006414;155 669 159;7;0;2;2;2;0
202300006414;155 669 162;1;0;2;8;2;5
202300006415;155 669 161;7;0;2;2;16;1
202300006415;155 669 164;1;0;2;8;1;5
202300006416;155 669 158;33;0;0;2;9;1
202300006417;155 669 157;7;0;1;3;1;1
202300006418;155 669 156;7;0;0;3;1;1
202300006418;155 669 160;7;0;2;1;1;1
202300006419;155 669 155;7;0;1;7;1;1
202300006420;155 669 152;7;1;0;1;1;1
202300006421;155 669 149;7;0;2;3;5;1
202300006421;155 669 153;7;0;2;3;24;6
202300006422;155 669 148;7;0;2;1;9;1
202300006422;155 669 151;33;0;2;7;1;1
202300006423;155 669 145;7;0;0;9;0;1
202300006424;155 669 144;50;0;2;7;19;3
202300006424;155 669 147;7;0;2;1;9;1
202300006425;155 669 142;7;0;1;0;0;0
202300006426;155 669 143;7;0;2;6;15;0
202300006426;155 669 146;33;0;2;6;1;0
202300006427;155 669 140;7;0;2;6;20;2
202300006427;155 669 141;7;0;2;1;1;1
202300006428;155 669 138;7;9;0;1;0;0
202300006429;155 669 136;1;0;0;0;23;5
202300006430;155 669 131;1;0;0;0;26;5
202300006431;155 669 130;7;0;2;1;15;1
202300006431;155 669 133;30;0;2;8;1;1
202300006432;155 669 127;7;3;2;2;0;0
202300006432;155 669 132;7;3;0;4;9;0
202300006433;155 669 126;7;0;2;2;15;1
202300006433;155 669 129;1;0;2;1;1;5
202300006434;155 669 125;36;0;2;1;13;1
202300006434;155 669 128;7;0;2;1;1;1
202300006435;155 669 124;1;0;0;0;26;5
202300006436;155 669 120;7;0;2;3;13;1
202300006436;155 669 122;7;0;2;3;0;2
202300006437;155 669 119;50;0;2;1;1;3
202300006437;155 669 121;7;0;2;1;1;1
202300006438;155 669 117;37;0;2;4;1;1
202300006438;155 669 123;7;0;2;4;9;1
202300006439;155 669 112;7;2;0;9;17;1
202300006440;155 669 110;7;14;2;9;1;1
202300006440;155 669 114;7;0;2;1;1;1
202300006440;155 669 116;14;0;2;3;0;1
202300006441;155 669 109;30;0;2;2;2;1
202300006441;155 669 113;7;0;2;6;2;1
202300006442;155 669 108;7;8;2;1;21;3
202300006442;155 669 111;7;0;0;0;0;1
202300006443;155 669 106;10;0;2;1;2;1
202300006443;155 669 115;7;0;2;4;1;1
202300006443;155 669 118;10;0;2;1;2;1
202300006444;155 669 103;33;0;2;1;3;1
202300006444;155 669 107;7;0;0;5;1;1
202300006445;155 669 101;1;0;2;1;16;5
202300006445;155 669 105;2;0;2;2;1;1
202300006446;155 669 099;7;0;2;1;16;1
202300006446;155 669 104;43;1;2;7;19;1
202300006447;155 669 098;7;0;0;5;23;1
202300006447;155 669 102;33;0;2;1;2;1
202300006448;155 669 095;14;0;2;3;1;1
202300006448;155 669 097;7;0;2;3;1;1
202300006449;155 669 096;33;0;2;1;1;1
202300006449;155 669 100;7;0;2;2;15;1
202300006450;155 669 093;7;9;0;2;1;1
202300006451;155 669 090;10;0;2;4;1;1
202300006451;155 669 094;7;0;2;1;1;1
202300006452;155 669 089;0;0;1;0;0;0
202300006453;155 669 087;17;0;2;6;13;1
202300006453;155 669 091;7;0;2;6;2;1
202300006454;155 669 088;7;0;2;5;1;1
202300006454;155 669 092;7;0;2;0;2;1
202300006455;155 669 086;7;6;0;1;13;1
202300006456;155 669 084;7;0;1;1;21;1
202300006457;155 669 083;7;0;2;6;13;1
202300006457;155 669 085;33;0;2;1;1;1
202300006458;155 669 078;7;0;2;8;1;0
202300006458;155 669 082;7;0;2;1;1;1
202300006459;155 669 077;10;0;9;0;0;0
202300006459;155 669 080;1;0;2;0;0;5
202300006460;155 669 079;1;0;2;1;1;5
202300006460;155 669 081;7;0;2;1;15;1
202300006461;155 669 075;7;0;2;1;1;1
202300006462;155 669 074;7;0;2;8;19;1
202300006462;155 669 076;32;0;2;1;1;1
202300006463;155 669 073;1;0;0;0;0;5
202300006464;155 669 069;7;0;9;2;15;1
202300006464;155 669 071;1;0;2;8;1;5
202300006465;155 669 067;7;0;2;3;11;1
202300006465;155 669 070;33;0;2;3;1;1
202300006466;155 669 065;2;0;1;1;26;0
202300006467;155 669 064;7;0;2;1;1;1
202300006467;155 669 068;1;0;2;0;0;5
202300006468;155 669 066;7;0;1;3;1;0
202300006469;155 669 063;7;15;0;7;1;1
202300006470;155 669 059;7;0;1;1;1;1
202300006471;155 669 057;10;0;2;6;2;1
202300006471;155 669 061;33;0;2;1;2;1
202300006472;155 669 058;2;0;0;4;2;1
202300006472;155 669 062;2;0;0;1;2;1
202300006473;155 669 056;50;0;2;1;19;3
202300006473;155 669 060;7;0;9;3;1;1
202300006474;155 669 055;7;13;0;1;13;1
202300006475;155 669 050;7;0;0;3;1;1
202300006475;155 669 053;7;0;2;3;5;1
202300006476;155 669 051;7;0;1;1;1;1
202300006477;155 669 049;7;0;1;1;1;0
202300006478;155 669 052;7;0;2;1;0;1
202300006478;155 669 054;7;0;2;1;0;1
202300006479;155 669 047;7;0;2;2;1;1
202300006479;155 669 048;7;0;2;8;20;1
202300006480;155 669 044;7;0;0;6;1;1
202300006480;155 669 046;7;0;2;1;1;1
202300006481;155 669 045;10;12;1;5;16;1
202300006482;155 669 040;7;0;2;3;0;0
202300006482;155 669 042;7;0;2;3;1;0
202300006483;155 669 039;7;0;2;9;2;1
202300006483;155 669 041;7;0;2;4;1;1
202300006483;155 669 043;7;0;2;1;2;1
202300006484;155 669 034;38;0;2;3;1;1
202300006484;155 669 037;7;0;2;1;13;1
202300006485;155 669 035;7;0;2;2;16;1
202300006485;155 669 038;1;0;2;8;0;5
202300006486;155 669 033;10;0;2;1;13;1
202300006486;155 669 036;7;0;2;1;1;1
202300006487;155 669 030;1;0;2;7;15;5
202300006487;155 669 032;10;0;2;1;9;1
202300006488;155 669 031;7;0;0;0;1;1
202300006489;155 669 029;33;7;0;1;1;1
202300006490;155 669 028;14;0;1;2;1;1
202300006491;155 669 024;10;0;2;4;1;1
202300006491;155 669 026;10;0;2;1;2;1
202300006492;155 669 023;7;0;2;1;15;1
202300006492;155 669 027;1;0;2;1;2;5
202300006493;155 669 021;7;15;0;1;1;1
202300006494;155 669 022;7;0;2;1;17;1
202300006494;155 669 025;7;0;2;1;1;1
202300006495;155 669 018;7;6;0;3;16;1
202300006496;155 669 017;7;0;1;1;1;1
202300006497;155 669 015;10;0;9;3;22;1
202300006497;155 669 019;50;1;0;2;1;3
202300006498;155 669 013;31;0;2;1;1;1
202300006498;155 669 020;10;1;2;8;19;1
202300006499;155 669 014;33;0;2;1;2;1
202300006499;155 669 016;7;0;0;4;15;1
202300006500;155 669 008;7;0;2;1;26;1
202300006500;155 669 011;33;0;2;8;1;1
202300006501;155 669 009;1;0;2;7;15;5
202300006501;155 669 012;7;0;2;2;1;0