Num_Acc;id_vehicule;catv;obs;obsm;choc;manv;motor
202300007576;155 667 139;36;0;2;2;2;1
202300007576;155 667 140;36;0;0;5;2;1
202300007577;155 667 138;7;16;0;9;1;1
202300007578;155 667 137;7;16;0;9;1;1
202300007579;155 667 135;7;0;0;3;1;1
202300007579;155 667 136;7;0;2;3;13;1
202300007580;155 667 134;33;16;0;7;1;1
202300007581;155 667 132;10;0;2;1;3;1
202300007581;155 667 133;10;0;0;6;2;1
202300007582;155 667 131;7;0;1;1;1;1
202300007583;155 667 130;7;0;1;1;1;1
202300007584;155 667 129;7;6;0;1;1;1
202300007585;155 667 127;7;0;2;2;19;1
202300007585;155 667 128;31;0;2;7;1;1
202300007586;155 667 125;7;0;2;3;15;2
202300007586;155 667 126;1;0;2;3;1;5
202300007587;155 667 123;7;0;2;4;9;1
202300007587;155 667 124;10;0;2;1;1;1
202300007588;155 667 121;7;0;2;1;13;1
202300007588;155 667 122;7;0;2;1;1;1
202300007589;155 667 119;7;0;2;7;19;1
202300007589;155 667 120;10;0;2;1;1;1
202300007590;155 667 118;7;6;0;2;0;1
202300007591;155 667 116;32;0;2;1;1;1
202300007591;155 667 117;7;0;9;5;15;1
202300007592;155 667 115;7;2;0;3;13;1
202300007593;155 667 113;7;0;9;2;2;1
202300007593;155 667 114;1;0;0;4;2;5
202300007594;155 667 112;10;0;1;3;0;1
202300007595;155 667 111;2;13;0;1;14;1
202300007596;155 667 108;7;0;2;4;0;1
202300007596;155 667 109;7;0;2;1;0;1
202300007596;155 667 110;7;0;0;4;15;1
202300007597;155 667 106;1;0;0;0;26;5
202300007597;155 667 107;36;0;0;0;26;1
202300007598;155 667 105;7;0;1;2;1;1
202300007599;155 667 101;10;14;2;1;1;0
202300007599;155 667 102;7;0;2;4;24;1
202300007599;155 667 103;7;0;2;1;23;1
202300007599;155 667 104;7;0;2;3;1;1
202300007600;155 667 100;7;4;0;9;0;1
202300007601;155 667 098;7;3;2;1;2;1
202300007601;155 667 099;15;3;2;1;13;1
202300007602;155 667 096;7;3;2;2;2;1
202300007602;155 667 097;7;1;2;3;2;1
202300007603;155 667 095;7;13;0;1;0;1
202300007604;155 667 091;7;3;2;1;1;1
202300007604;155 667 092;7;3;2;1;1;1
202300007604;155 667 093;7;3;2;1;1;1
202300007604;155 667 094;7;3;2;2;1;1
202300007605;155 667 090;7;4;0;2;0;1
202300007606;155 667 087;7;14;0;0;0;1
202300007606;155 667 088;7;14;0;0;0;1
202300007606;155 667 089;7;14;0;0;0;1
202300007607;155 667 084;7;0;2;4;11;1
202300007607;155 667 085;7;0;2;1;1;1
202300007607;155 667 086;99;0;2;1;1;1
202300007608;155 667 083;34;12;0;2;1;1
202300007609;155 667 082;10;1;1;1;13;1
202300007610;155 667 080;7;0;2;9;0;1
202300007610;155 667 081;10;0;2;2;0;1
202300007611;155 667 079;7;-1;1;1;1;1
202300007612;155 667 077;7;0;2;7;19;1
202300007612;155 667 078;33;0;2;1;1;1
202300007613;155 667 074;7;1;0;1;1;1
202300007613;155 667 075;7;1;0;4;23;1
202300007613;155 667 076;7;0;0;4;23;1
202300007614;155 667 072;33;0;2;1;1;1
202300007614;155 667 073;7;0;2;5;2;1
202300007615;155 667 071;7;0;1;5;20;1
202300007616;155 667 070;10;13;0;2;1;1
202300007617;155 667 069;7;13;2;2;21;1
202300007618;155 667 067;37;0;2;2;1;1
202300007618;155 667 068;7;0;2;3;16;1
202300007619;155 667 065;7;0;2;3;24;1
202300007619;155 667 066;30;1;0;1;0;1
202300007620;155 667 063;7;0;2;1;2;1
202300007620;155 667 064;7;0;2;4;17;1
202300007621;155 667 061;7;0;2;1;1;1
202300007621;155 667 062;1;0;2;4;19;5
202300007622;155 667 059;60;0;2;8;1;5
202300007622;155 667 060;7;0;2;1;15;1
202300007623;155 667 057;7;0;2;1;2;1
202300007623;155 667 058;7;0;2;7;2;1
202300007624;155 667 056;7;0;1;2;19;1
202300007625;155 667 055;7;15;0;0;14;1
202300007626;155 667 053;7;0;2;1;19;1
202300007626;155 667 054;3;0;2;3;0;1
202300007627;155 667 052;7;0;1;1;1;1
202300007628;155 667 050;10;0;2;3;15;0
202300007628;155 667 051;50;0;2;1;17;3
202300007629;155 667 048;10;0;2;2;0;1
202300007629;155 667 049;7;0;2;2;1;1
202300007630;155 667 046;7;0;2;1;5;1
202300007630;155 667 047;37;0;2;1;1;1
202300007631;155 667 043;7;0;1;1;1;1
202300007632;155 667 040;2;0;2;7;1;1
202300007632;155 667 041;7;0;2;8;26;1
202300007633;155 667 039;7;1;0;1;21;1
202300007634;155 667 038;10;0;1;7;1;1
202300007635;155 667 036;7;0;2;1;2;1
202300007635;155 667 037;7;16;0;4;0;1
202300007636;155 667 034;7;0;2;2;1;1
202300007636;155 667 035;7;1;2;3;26;1
202300007637;155 667 033;7;0;1;2;1;1
202300007638;155 667 031;30;0;2;6;16;1
202300007638;155 667 032;7;0;2;7;1;1
202300007639;155 667 030;7;0;1;3;16;1
202300007640;155 667 028;7;0;2;7;1;1
202300007640;155 667 029;7;0;2;1;19;1
202300007641;155 667 026;7;0;2;4;23;1
202300007641;155 667 027;7;0;2;1;2;1
202300007642;155 667 024;34;0;2;2;2;1
202300007642;155 667 025;7;0;2;6;16;1
202300007643;155 667 023;33;0;0;0;1;1
202300007644;155 667 022;0;0;1;1;1;0
202300007645;155 667 020;7;0;2;1;1;1
202300007645;155 667 021;50;0;2;7;19;3
202300007646;155 667 019;7;8;0;0;26;1
202300007647;155 667 017;10;0;2;0;0;0
202300007647;155 667 018;1;0;2;4;2;5
202300007648;155 667 015;7;0;2;2;15;1
202300007648;155 667 016;50;0;2;1;1;3
202300007649;155 667 014;31;6;0;1;1;1
202300007650;155 667 013;50;0;1;1;1;3
202300007651;155 667 012;7;8;0;3;1;1
202300007652;155 667 011;7;13;0;2;9;1
202300007653;155 667 009;7;0;0;0;1;1
202300007653;155 667 010;33;0;0;0;11;1
202300007654;155 667 008;7;0;1;4;20;1
202300007655;155 667 006;30;0;2;1;1;1
202300007655;155 667 007;7;0;2;5;15;1
202300007656;155 667 003;7;0;2;1;2;1
202300007656;155 667 004;32;0;2;4;2;1
202300007656;155 667 005;7;0;2;4;2;1
202300007657;155 667 000;7;0;2;1;26;1
202300007657;155 667 001;10;0;2;4;0;1
202300007657;155 667 002;10;0;2;1;26;1
202300007658;155 666 998;7;0;2;4;1;2
202300007658;155 666 999;7;0;2;1;2;1
202300007659;155 666 997;7;13;0;0;16;1
202300007660;155 666 994;7;0;2;5;17;1
202300007660;155 666 995;7;0;2;3;15;1
202300007661;155 666 993;7;0;1;3;20;1
202300007662;155 666 991;7;0;2;1;13;0
202300007662;155 666 992;30;0;2;1;9;1
202300007663;155 666 990;7;1;0;3;21;1
202300007664;155 666 988;7;8;2;2;2;1
202300007664;155 666 989;7;0;2;3;2;1
202300007665;155 666 987;33;8;0;1;26;1
202300007666;155 666 985;43;0;0;8;26;0
202300007666;155 666 986;43;0;0;8;26;0
202300007667;155 666 984;33;0;1;1;1;0
202300007668;155 666 982;7;0;2;3;16;1
202300007668;155 666 983;2;0;2;1;21;1
202300007669;155 666 980;7;0;1;1;1;1
202300007669;155 666 981;7;0;1;1;1;1
202300007670;155 666 977;10;0;2;6;1;1
202300007670;155 666 978;7;0;2;7;1;1
202300007670;155 666 979;33;0;2;2;1;1
202300007671;155 666 976;30;0;1;1;1;3
202300007672;155 666 974;7;0;2;7;22;1
202300007672;155 666 975;1;0;2;1;1;5
202300007673;155 666 972;2;0;2;1;15;1
202300007673;155 666 973;50;0;2;1;1;3
202300007674;155 666 970;30;0;2;7;15;1
202300007674;155 666 971;7;0;2;1;2;1
202300007675;155 666 968;7;0;2;8;10;3
202300007675;155 666 969;2;0;2;7;17;3
202300007676;155 666 967;1;0;1;1;1;5
202300007677;155 666 966;30;0;1;1;1;1
202300007678;155 666 965;7;8;0;1;13;1
202300007679;155 666 963;7;0;2;4;1;1
202300007679;155 666 964;7;0;2;1;1;0
202300007680;155 666 962;7;0;1;7;9;1
202300007681;155 666 961;2;0;0;0;1;3
202300007682;155 666 959;13;0;2;0;1;0
202300007682;155 666 960;7;0;2;4;1;1
202300007683;155 666 957;33;0;2;1;1;1
202300007683;155 666 958;1;0;2;4;1;5
202300007684;155 666 955;1;0;2;1;18;5
202300007684;155 666 956;7;0;2;7;16;1
202300007685;155 666 954;33;0;0;7;1;1
202300007686;155 666 952;7;0;2;3;15;1
202300007686;155 666 953;30;0;2;8;1;1
202300007687;155 666 950;32;0;2;8;3;0
202300007687;155 666 951;7;0;2;7;1;0
202300007688;155 666 949;7;1;0;1;5;1
202300007689;155 666 948;7;14;0;1;1;1
202300007690;155 666 946;7;0;2;1;1;1
202300007690;155 666 947;7;0;2;4;1;1
202300007691;155 666 944;33;0;2;1;1;1
202300007691;155 666 945;7;0;2;6;23;0
202300007692;155 666 942;10;0;2;8;9;1
202300007692;155 666 943;2;0;2;7;1;0
202300007693;155 666 940;1;0;2;1;1;5
202300007693;155 666 941;30;0;9;1;1;0
202300007694;155 666 939;7;11;1;1;15;2
202300007695;155 666 936;7;0;2;6;20;1
202300007695;155 666 937;34;0;0;0;0;1
202300007696;155 666 934;30;0;2;1;18;1
202300007696;155 666 935;7;0;2;2;14;2
202300007697;155 666 932;7;0;0;4;23;1
202300007697;155 666 933;7;1;0;1;9;1
202300007698;155 666 929;7;0;2;1;2;1
202300007698;155 666 930;7;0;2;1;1;1
202300007698;155 666 931;10;5;2;1;1;1
202300007699;155 666 927;34;0;2;1;17;1
202300007699;155 666 928;7;0;2;3;15;1
202300007700;155 666 926;7;0;1;3;1;1
202300007701;155 666 924;31;0;2;1;26;1
202300007701;155 666 925;7;0;2;1;1;1
202300007702;155 666 923;7;3;0;6;2;1
202300007703;155 666 921;7;0;2;3;13;1
202300007703;155 666 922;7;0;2;6;1;1
202300007704;155 666 920;7;8;0;1;1;1
202300007705;155 666 919;7;17;0;8;13;1
202300007706;155 666 917;7;0;0;5;15;3
202300007706;155 666 918;33;0;2;1;1;1
202300007707;155 666 916;7;0;1;2;1;1
202300007708;155 666 915;7;0;1;5;26;1
202300007709;155 666 913;7;0;2;3;1;1
202300007709;155 666 914;2;0;2;1;13;1
202300007710;155 666 912;7;17;0;1;1;1
202300007711;155 666 910;7;0;2;1;1;1
202300007711;155 666 911;7;0;2;3;9;1
202300007712;155 666 908;21;0;2;1;19;0
202300007712;155 666 909;7;0;2;8;1;0
202300007713;155 666 904;7;0;2;2;17;1
202300007713;155 666 905;21;0;0;8;15;1
202300007714;155 666 902;7;0;2;3;15;1
202300007714;155 666 903;1;0;2;8;1;5
202300007715;155 666 901;33;0;0;7;1;1
202300007716;155 666 900;33;13;0;1;1;1
202300007717;155 666 898;1;0;2;1;17;5
202300007717;155 666 899;7;0;9;3;15;0
202300007718;155 666 896;7;0;0;0;2;1
202300007718;155 666 897;33;12;0;8;14;1
202300007719;155 666 895;7;6;0;1;13;1
202300007720;155 666 891;7;0;9;3;1;1
202300007720;155 666 892;7;0;9;1;1;1
202300007720;155 666 893;7;13;2;3;1;1
202300007720;155 666 894;33;0;2;1;17;1
202300007721;155 666 889;7;0;2;3;13;2
202300007721;155 666 890;7;0;2;3;1;1
202300007722;155 666 888;7;8;1;2;1;2
202300007723;155 666 886;14;0;2;8;1;1
202300007723;155 666 887;33;0;2;4;1;1
202300007724;155 666 885;7;0;1;2;2;1
202300007725;155 666 883;7;13;2;2;19;1
202300007725;155 666 884;3;13;2;3;1;1
202300007726;155 666 881;7;0;0;1;1;1
202300007726;155 666 882;7;0;0;4;1;1
202300007727;155 666 880;33;0;0;7;0;1
202300007728;155 666 878;15;0;0;6;1;1
202300007728;155 666 879;7;0;2;2;12;2
202300007729;155 666 876;10;0;2;2;1;1
202300007729;155 666 877;2;0;2;1;5;1
202300007730;155 666 875;7;12;0;1;14;1
202300007731;155 666 873;7;0;2;3;1;1
202300007731;155 666 874;7;3;2;3;1;1
202300007732;155 666 871;7;0;2;2;13;1
202300007732;155 666 872;7;0;2;2;1;1
202300007733;155 666 869;7;0;2;2;1;1
202300007733;155 666 870;7;0;2;3;15;1
202300007734;155 666 867;7;0;2;1;1;1
202300007734;155 666 868;50;0;2;8;5;3
202300007735;155 666 865;1;0;0;8;1;5
202300007735;155 666 866;10;0;9;2;1;1
202300007736;155 666 864;3;8;0;1;14;1
202300007737;155 666 863;7;14;0;1;1;0
202300007738;155 666 860;10;0;2;5;1;1
202300007738;155 666 861;36;0;2;1;3;1
202300007739;155 666 859;7;0;1;2;1;1
202300007740;155 666 857;7;0;2;1;2;1
202300007740;155 666 858;7;0;2;4;2;1
202300007741;155 666 855;7;0;2;5;2;1
202300007741;155 666 856;33;0;2;1;1;1
202300007742;155 666 852;7;0;2;4;1;0
202300007742;155 666 853;7;0;2;4;1;0
202300007742;155 666 854;10;0;2;1;1;0
202300007743;155 666 850;7;0;2;2;12;1
202300007743;155 666 851;33;0;2;1;3;1
202300007744;155 666 848;7;0;2;5;1;1
202300007744;155 666 849;33;0;2;3;3;1
202300007745;155 666 846;7;0;2;1;1;1
202300007745;155 666 847;7;0;2;4;1;3
202300007746;155 666 844;7;0;2;1;1;1
202300007746;155 666 845;7;0;2;4;14;1
202300007747;155 666 841;7;0;0;4;0;1
202300007747;155 666 842;10;0;2;5;12;1
202300007747;155 666 843;33;0;2;2;1;1
202300007748;155 666 839;7;0;2;8;21;1
202300007748;155 666 840;15;1;0;7;23;1
202300007749;155 666 836;7;0;2;6;1;1
202300007749;155 666 837;33;0;2;5;0;1
202300007749;155 666 838;7;0;2;7;11;1
202300007750;155 666 833;7;0;2;0;0;0
202300007750;155 666 834;7;0;2;0;0;1
202300007750;155 666 835;7;0;2;1;0;1
202300007751;155 666 832;7;4;0;2;14;1
202300007752;155 666 830;33;0;2;0;0;1
202300007752;155 666 831;7;0;2;1;2;1
202300007753;155 666 828;7;0;2;8;1;2
202300007753;155 666 829;14;0;2;7;12;1
202300007754;155 666 825;7;0;2;4;1;1
202300007754;155 666 826;7;0;2;4;1;1
202300007754;155 666 827;7;0;2;1;1;1
202300007755;155 666 823;33;0;2;1;1;1
202300007755;155 666 824;7;0;2;3;11;1
202300007756;155 666 821;10;0;2;1;2;1
202300007756;155 666 822;7;0;2;4;2;1
202300007757;155 666 819;7;0;2;8;1;1
202300007757;155 666 820;43;0;2;2;3;1
202300007758;155 666 816;10;0;2;1;1;1
202300007758;155 666 817;7;0;2;4;1;2
202300007758;155 666 818;7;0;2;4;1;1
202300007759;155 666 815;7;3;0;1;26;1
202300007760;155 666 811;10;0;2;7;12;1
202300007760;155 666 812;33;0;2;1;3;1
202300007760;155 666 813;33;0;2;1;1;1
202300007760;155 666 814;7;0;2;4;1;1
202300007761;155 666 808;7;0;1;2;15;1
202300007762;155 666 806;60;0;9;8;15;5
202300007762;155 666 807;80;0;2;2;1;3
202300007763;155 666 804;7;0;2;8;1;1
202300007763;155 666 805;33;0;2;2;17;1
202300007764;155 666 802;7;0;2;1;9;1
202300007764;155 666 803;7;0;2;6;1;1
202300007765;155 666 800;80;0;2;8;1;3
202300007765;155 666 801;10;0;2;7;1;0
202300007766;155 666 797;7;0;2;4;14;1
202300007766;155 666 798;7;0;0;0;0;0
202300007766;155 666 799;7;0;9;6;1;1
202300007767;155 666 795;33;0;2;1;1;1
202300007767;155 666 796;7;0;2;2;15;1
202300007768;155 666 794;7;0;1;3;1;1
202300007769;155 666 793;7;0;1;3;1;1
202300007770;155 666 791;7;0;2;5;10;1
202300007770;155 666 792;7;0;2;1;1;1
202300007771;155 666 789;7;0;2;5;1;1
202300007771;155 666 790;80;0;2;0;1;3
202300007772;155 666 787;7;0;2;4;23;1
202300007772;155 666 788;10;0;2;1;2;1
202300007773;155 666 784;10;0;1;1;13;1
202300007774;155 666 782;7;0;0;2;17;0
202300007774;155 666 783;7;0;0;0;1;0
202300007775;155 666 780;7;0;1;2;16;2
202300007776;155 666 778;7;0;1;0;1;1
202300007777;155 666 777;7;9;0;3;5;1
202300007778;155 666 775;7;0;2;1;1;1
202300007778;155 666 776;7;0;2;4;1;1
202300007779;155 666 774;7;0;1;1;15;1
202300007780;155 666 772;7;0;2;3;0;1
202300007780;155 666 773;7;0;2;2;15;1
202300007781;155 666 770;50;0;2;1;17;3
202300007781;155 666 771;7;0;2;3;1;1
202300007782;155 666 769;7;1;0;1;1;1
202300007783;155 666 768;3;0;1;1;16;1
202300007784;155 666 766;7;0;2;5;1;1
202300007784;155 666 767;7;0;0;6;10;1
202300007785;155 666 765;7;0;1;3;1;0
202300007786;155 666 764;7;0;1;1;1;1
202300007787;155 666 763;7;0;1;1;1;1
202300007788;155 666 761;7;0;9;3;1;1
202300007788;155 666 762;1;0;2;7;19;5
202300007789;155 666 760;7;0;1;1;1;1
202300007790;155 666 758;7;16;0;8;19;1
202300007790;155 666 759;7;0;2;0;0;1
202300007791;155 666 755;7;0;1;2;1;1
202300007792;155 666 754;60;0;0;0;1;5
202300007793;155 666 753;7;0;1;1;9;1
202300007794;155 666 752;7;0;1;1;1;1
202300007795;155 666 751;7;8;0;1;13;1
202300007796;155 666 749;2;0;2;1;1;0
202300007796;155 666 750;7;0;2;7;19;1
202300007797;155 666 746;7;0;0;0;0;0
202300007798;155 666 744;10;0;2;4;4;1
202300007798;155 666 745;7;0;2;4;4;1
202300007799;155 666 742;7;0;2;2;2;1
202300007799;155 666 743;7;0;2;2;2;1
202300007800;155 666 739;7;0;2;1;1;1
202300007800;155 666 740;7;0;2;4;1;1
202300007800;155 666 741;7;0;2;4;1;1
202300007801;155 666 738;7;0;1;1;1;1
202300007802;155 666 737;7;0;1;2;15;1
202300007803;155 666 735;33;0;2;3;1;1
202300007803;155 666 736;7;0;2;5;12;1
202300007804;155 666 734;7;0;1;1;15;1
202300007805;155 666 733;7;2;0;1;21;1
202300007806;155 666 732;7;0;1;1;19;1
202300007807;155 666 730;37;0;2;1;1;1
202300007807;155 666 731;7;0;2;4;18;1
202300007808;155 666 728;7;0;2;4;2;1
202300007808;155 666 729;37;0;2;1;2;2
202300007809;155 666 727;7;0;1;1;1;1
202300007810;155 666 725;33;0;2;1;1;1
202300007810;155 666 726;7;0;2;8;10;1
202300007811;155 666 723;1;1;0;1;1;5
202300007811;155 666 724;7;0;2;8;22;1
202300007812;155 666 722;1;0;1;3;1;5
202300007813;155 666 720;33;0;2;8;20;1
202300007813;155 666 721;32;0;2;1;1;1
202300007814;155 666 718;10;0;2;2;1;1
202300007814;155 666 719;43;0;2;3;1;1
202300007815;155 666 717;1;0;1;1;1;5
202300007816;155 666 716;1;0;1;4;5;5
202300007817;155 666 714;7;0;2;2;1;1
202300007817;155 666 715;1;0;2;3;19;5
202300007818;155 666 712;1;0;2;7;11;5
202300007818;155 666 713;1;0;2;8;1;5
202300007819;155 666 710;31;0;2;1;1;1
202300007819;155 666 711;7;0;2;8;10;2
202300007820;155 666 708;7;0;2;1;1;1
202300007820;155 666 709;33;0;2;2;15;0
202300007821;155 666 706;33;0;2;1;1;0
202300007821;155 666 707;7;0;2;8;20;0
202300007822;155 666 703;37;0;2;4;23;0
202300007822;155 666 704;7;0;2;1;1;0
202300007822;155 666 705;7;0;2;1;1;0
202300007823;155 666 701;40;0;2;1;1;3
202300007823;155 666 702;14;0;4;5;15;0
202300007824;155 666 700;7;0;1;1;1;1
202300007825;155 666 699;7;4;0;2;15;2
202300007826;155 666 697;1;0;2;1;1;5
202300007826;155 666 698;7;0;0;3;1;1
202300007827;155 666 695;7;0;2;8;0;1
202300007827;155 666 696;31;1;2;1;3;1
202300007828;155 666 693;7;0;2;1;1;1
202300007828;155 666 694;7;0;2;1;1;1
202300007829;155 666 691;37;0;2;1;2;2
202300007829;155 666 692;7;0;2;0;0;0
202300007830;155 666 689;7;0;0;8;1;1
202300007830;155 666 690;7;0;2;1;1;1
202300007831;155 666 688;7;0;1;3;1;1
202300007832;155 666 686;7;0;2;2;16;1
202300007832;155 666 687;7;0;2;1;2;1
202300007833;155 666 684;7;0;2;0;9;1
202300007833;155 666 685;50;0;2;0;1;3
202300007834;155 666 683;7;0;1;0;0;1
202300007835;155 666 682;0;0;1;5;26;0
202300007836;155 666 681;10;0;1;3;16;1
202300007837;155 666 679;30;14;2;5;17;1
202300007837;155 666 680;7;0;2;6;2;1
202300007838;155 666 678;7;1;0;3;0;1
202300007839;155 666 676;7;1;9;8;0;1
202300007839;155 666 677;1;1;0;1;0;5
202300007840;155 666 675;7;0;1;1;1;1
202300007841;155 666 673;33;1;2;1;18;1
202300007841;155 666 674;7;16;0;2;20;1
202300007842;155 666 672;30;0;1;7;17;0
202300007843;155 666 671;7;0;1;1;1;0
202300007844;155 666 670;7;0;1;3;15;1
202300007845;155 666 669;50;0;0;1;1;3
202300007846;155 666 667;7;0;2;3;15;1
202300007846;155 666 668;33;0;2;1;1;1
202300007847;155 666 663;7;0;2;3;15;1
202300007847;155 666 664;33;0;2;2;17;1
202300007848;155 666 662;7;0;1;3;1;1
202300007849;155 666 661;34;12;0;7;1;1
202300007850;155 666 659;7;0;2;3;1;1
202300007850;155 666 660;7;0;2;3;1;1
202300007851;155 666 657;7;0;2;1;5;1
202300007851;155 666 658;7;0;2;3;1;1
202300007852;155 666 656;7;0;1;0;10;1
202300007853;155 666 655;7;2;0;9;17;1
202300007854;155 666 654;10;15;0;1;0;0
202300007855;155 666 652;31;0;2;1;2;1
202300007855;155 666 653;7;0;0;4;2;1
202300007856;155 666 650;7;0;2;1;13;0
202300007856;155 666 651;7;0;2;1;1;0
202300007857;155 666 648;7;0;2;1;1;1
202300007857;155 666 649;31;0;2;1;5;1
202300007858;155 666 646;7;0;2;7;15;1
202300007858;155 666 647;43;0;2;2;1;1
202300007859;155 666 645;10;0;1;1;1;1
202300007860;155 666 644;2;12;0;0;1;1
202300007861;155 666 643;7;13;0;0;1;1
202300007862;155 666 641;7;0;2;3;13;1
202300007862;155 666 642;7;0;2;3;1;1
202300007863;155 666 639;7;0;2;3;13;1
202300007863;155 666 640;7;0;2;3;1;1
202300007864;155 666 637;7;0;2;1;9;1
202300007864;155 666 638;50;0;2;7;0;3
202300007865;155 666 635;7;0;2;1;0;0
202300007865;155 666 636;7;0;2;1;1;0
202300007866;155 666 634;7;0;0;1;1;1
202300007867;155 666 633;2;0;0;0;0;0
202300007868;155 666 632;7;0;0;0;1;1
202300007869;155 666 630;7;0;2;1;1;1
202300007869;155 666 631;7;0;2;1;13;1
202300007870;155 666 629;7;0;1;3;1;1
202300007871;155 666 628;7;0;1;4;4;1
202300007872;155 666 626;7;0;2;7;14;1
202300007872;155 666 627;7;0;2;3;16;1
202300007873;155 666 624;7;0;2;0;17;0
202300007873;155 666 625;1;0;0;6;2;5
202300007874;155 666 623;32;3;0;2;1;1
202300007875;155 666 621;17;1;0;6;24;1
202300007875;155 666 622;7;1;0;2;14;1
202300007876;155 666 620;33;13;0;7;1;1
202300007877;155 666 619;7;0;1;2;2;1
202300007878;155 666 617;7;0;2;3;1;1
202300007878;155 666 618;7;0;2;2;17;1
202300007879;155 666 615;7;0;0;5;2;1
202300007879;155 666 616;33;0;2;1;2;1
202300007880;155 666 614;7;0;0;0;1;1
202300007881;155 666 612;7;0;2;7;19;1
202300007881;155 666 613;7;0;2;1;1;1
202300007882;155 666 610;7;0;2;2;0;1
202300007882;155 666 611;10;0;2;8;1;1
202300007883;155 666 608;7;0;2;4;1;1
202300007883;155 666 609;10;0;2;1;1;2
202300007884;155 666 605;10;0;2;4;2;1
202300007884;155 666 606;7;0;2;4;2;1
202300007884;155 666 607;7;0;2;1;1;1
202300007885;155 666 603;7;0;2;1;2;1
202300007885;155 666 604;7;0;2;4;2;1
202300007886;155 666 600;7;0;2;1;2;1
202300007886;155 666 601;7;0;2;4;2;1
202300007886;155 666 602;7;0;2;4;2;1
202300007887;155 666 599;7;3;0;1;6;1
202300007888;155 666 597;7;0;2;1;2;1
202300007888;155 666 598;14;0;2;4;13;1
202300007889;155 666 595;7;0;2;2;1;1
202300007889;155 666 596;33;0;2;3;3;1
202300007890;155 666 593;31;0;2;7;1;1
202300007890;155 666 594;7;0;2;8;11;1
202300007891;155 666 591;7;0;2;4;2;1
202300007891;155 666 592;7;0;2;1;1;1
202300007892;155 666 589;7;0;2;3;11;1
202300007892;155 666 590;33;0;2;1;3;1
202300007893;155 666 586;7;0;2;1;1;1
202300007893;155 666 587;33;0;2;8;3;1
202300007893;155 666 588;10;0;2;7;12;1
202300007894;155 666 585;7;0;1;3;15;1
202300007895;155 666 584;7;0;1;3;15;1
202300007896;155 666 582;7;0;2;3;15;1
202300007896;155 666 583;7;0;2;2;1;1
202300007897;155 666 581;7;0;1;4;20;1
202300007898;155 666 580;7;0;1;1;1;0
202300007899;155 666 578;7;16;0;6;26;1
202300007899;155 666 579;14;0;2;3;26;1
202300007900;155 666 577;10;0;0;9;2;1
202300007901;155 666 576;43;0;0;0;0;0
202300007902;155 666 574;7;0;2;3;20;0
202300007902;155 666 575;43;0;2;7;1;1
202300007903;155 666 572;1;0;0;4;15;5
202300007903;155 666 573;15;0;2;2;1;1
202300007904;155 666 567;7;0;2;4;2;1
202300007904;155 666 568;10;0;2;1;2;1
202300007904;155 666 569;7;0;2;4;2;1
202300007904;155 666 570;7;0;2;4;2;1
202300007904;155 666 571;7;0;2;4;2;1
202300007905;155 666 565;10;4;2;5;1;1
202300007905;155 666 566;31;4;2;1;1;1
202300007906;155 666 563;7;0;2;1;2;1
202300007906;155 666 564;7;0;2;4;2;2
202300007907;155 666 561;14;0;2;4;24;1
202300007907;155 666 562;15;1;0;2;21;1
202300007908;155 666 560;7;4;0;1;21;1
202300007909;155 666 558;7;0;2;1;2;1
202300007909;155 666 559;7;0;2;5;23;3
202300007910;155 666 555;7;0;2;5;23;1
202300007910;155 666 556;7;14;2;4;21;1
202300007910;155 666 557;37;0;2;1;1;1
202300007911;155 666 553;7;0;2;3;1;1
202300007911;155 666 554;7;0;2;5;1;1
202300007912;155 666 551;14;0;9;7;15;1
202300007912;155 666 552;1;0;2;1;19;5
202300007913;155 666 549;7;0;2;1;0;0
202300007913;155 666 550;31;0;2;4;2;1
202300007914;155 666 548;7;4;0;1;14;1
202300007915;155 666 547;7;6;0;1;1;1
202300007916;155 666 545;33;0;2;0;0;1
202300007916;155 666 546;7;0;2;2;16;1
202300007917;155 666 543;7;0;2;3;13;1
202300007917;155 666 544;7;0;2;3;1;1
202300007918;155 666 541;7;0;2;2;1;1
202300007918;155 666 542;7;0;2;6;1;1
202300007919;155 666 540;7;0;1;1;1;2
202300007920;155 666 538;7;0;2;4;2;1
202300007920;155 666 539;7;0;2;1;2;1
202300007921;155 666 536;34;0;2;1;1;1
202300007921;155 666 537;10;0;2;5;15;1
202300007922;155 666 534;1;0;2;4;0;5
202300007922;155 666 535;7;0;2;2;1;1
202300007923;155 666 532;7;12;0;1;15;6
202300007923;155 666 533;31;0;9;8;1;6
202300007924;155 666 530;7;0;2;4;23;1
202300007924;155 666 531;7;0;2;1;1;1
202300007925;155 666 528;30;0;2;0;26;0
202300007925;155 666 529;99;0;2;0;0;0
202300007926;155 666 527;7;1;0;2;21;1
202300007927;155 666 526;10;4;0;1;26;1
202300007928;155 666 524;7;0;2;2;1;0
202300007928;155 666 525;33;0;2;8;1;0
202300007929;155 666 522;1;0;2;3;1;5
202300007929;155 666 523;7;0;2;2;15;1
202300007930;155 666 521;7;0;1;3;1;1
202300007931;155 666 519;7;0;2;1;16;1
202300007931;155 666 520;7;0;2;2;1;1
202300007932;155 666 518;7;0;1;1;1;1