Num_Acc;id_vehicule;catv;obs;obsm;choc;manv;motor
202300007933;155 666 516;7;0;2;3;0;1
202300007933;155 666 517;7;0;2;2;15;1
202300007934;155 666 515;7;4;0;3;1;6
202300007935;155 666 513;7;0;2;3;1;1
202300007935;155 666 514;10;0;2;4;1;1
202300007936;155 666 512;7;13;0;2;14;2
202300007937;155 666 510;7;0;2;7;1;1
202300007937;155 666 511;7;0;2;1;1;1
202300007938;155 666 509;7;0;1;1;14;0
202300007939;155 666 507;7;0;2;2;15;1
202300007939;155 666 508;33;0;2;1;1;1
202300007940;155 666 505;7;0;2;1;1;1
202300007940;155 666 506;7;0;2;2;15;1
202300007941;155 666 503;1;0;2;7;1;5
202300007941;155 666 504;7;0;2;3;15;1
202300007942;155 666 501;50;0;2;8;7;3
202300007942;155 666 502;7;0;2;1;12;1
202300007943;155 666 499;80;0;2;5;2;3
202300007943;155 666 500;37;0;2;5;2;1
202300007944;155 666 497;50;1;0;1;1;3
202300007944;155 666 498;7;0;2;4;24;1
202300007945;155 666 495;43;0;2;1;1;1
202300007945;155 666 496;50;0;2;7;15;3
202300007946;155 666 494;50;1;0;1;1;3
202300007947;155 666 492;7;0;2;1;1;1
202300007947;155 666 493;7;0;0;0;15;1
202300007948;155 666 490;7;0;2;1;20;1
202300007948;155 666 491;7;0;2;1;1;1
202300007949;155 666 488;37;0;2;2;1;1
202300007949;155 666 489;7;0;2;8;1;1
202300007950;155 666 486;33;0;2;1;1;1
202300007950;155 666 487;7;0;2;8;9;1
202300007951;155 666 483;7;11;2;1;6;1
202300007951;155 666 484;10;0;2;2;2;1
202300007951;155 666 485;10;0;9;2;2;1
202300007952;155 666 481;99;0;2;3;10;1
202300007952;155 666 482;34;0;2;5;17;1
202300007953;155 666 479;7;0;2;4;23;1
202300007953;155 666 480;7;1;2;1;2;1
202300007954;155 666 477;7;0;0;1;1;1
202300007954;155 666 478;7;0;0;6;9;1
202300007955;155 666 475;7;0;2;8;15;1
202300007955;155 666 476;31;0;2;1;15;1
202300007956;155 666 473;7;0;2;1;15;1
202300007956;155 666 474;37;0;2;3;1;1
202300007957;155 666 468;7;1;0;1;14;1
202300007957;155 666 469;7;1;0;3;5;1
202300007958;155 666 467;7;0;1;7;1;1
202300007959;155 666 465;7;0;9;8;22;0
202300007959;155 666 466;1;1;2;1;22;5
202300007960;155 666 464;7;1;0;1;21;2
202300007961;155 666 462;7;9;2;1;21;0
202300007961;155 666 463;7;0;2;0;15;0
202300007962;155 666 459;7;0;1;4;4;0
202300007963;155 666 456;7;0;0;4;2;1
202300007963;155 666 457;15;0;2;1;12;1
202300007963;155 666 458;7;0;2;4;2;1
202300007964;155 666 455;33;14;0;9;1;1
202300007965;155 666 454;2;0;0;0;1;1
202300007966;155 666 453;2;0;0;8;15;1
202300007967;155 666 452;33;0;0;0;1;1
202300007968;155 666 451;33;0;0;7;15;1
202300007969;155 666 450;7;13;0;3;1;1
202300007970;155 666 448;7;0;0;5;15;0
202300007970;155 666 449;33;14;2;1;1;0
202300007971;155 666 446;31;0;2;3;13;1
202300007971;155 666 447;21;0;2;6;1;1
202300007972;155 666 444;7;0;2;1;2;1
202300007972;155 666 445;7;0;2;4;2;1
202300007973;155 666 443;7;13;0;2;1;1
202300007974;155 666 441;7;0;2;1;13;1
202300007974;155 666 442;14;0;2;3;1;1
202300007975;155 666 439;10;0;2;1;2;1
202300007975;155 666 440;14;0;2;4;2;1
202300007976;155 666 437;7;0;2;1;1;1
202300007976;155 666 438;10;0;2;1;13;1
202300007977;155 666 435;7;0;2;8;19;3
202300007977;155 666 436;33;0;2;7;1;1
202300007978;155 666 434;7;4;0;1;1;1
202300007979;155 666 432;7;0;2;3;13;1
202300007979;155 666 433;7;0;2;3;1;1
202300007980;155 666 431;36;0;0;9;1;1
202300007981;155 666 430;7;2;0;1;0;1
202300007982;155 666 427;7;0;2;4;2;0
202300007982;155 666 428;7;0;2;1;2;0
202300007982;155 666 429;7;0;2;4;2;0
202300007983;155 666 426;33;0;0;7;1;1
202300007984;155 666 423;14;0;2;1;1;1
202300007984;155 666 424;7;0;2;4;1;1
202300007984;155 666 425;7;0;2;4;1;1
202300007985;155 666 421;7;0;1;1;1;1
202300007985;155 666 422;20;0;2;4;23;6
202300007986;155 666 419;7;0;2;6;15;1
202300007986;155 666 420;33;0;2;1;17;1
202300007987;155 666 418;21;1;0;0;15;1
202300007988;155 666 417;31;0;0;8;1;1
202300007989;155 666 415;2;0;2;1;15;1
202300007989;155 666 416;10;0;2;1;1;1
202300007990;155 666 414;7;0;1;1;1;1
202300007991;155 666 412;7;0;2;1;1;1
202300007991;155 666 413;2;0;2;8;1;1
202300007992;155 666 410;39;0;2;2;19;3
202300007992;155 666 411;7;0;4;3;1;1
202300007993;155 666 408;7;0;2;2;19;1
202300007993;155 666 409;7;0;2;7;1;1
202300007994;155 666 406;31;0;2;1;1;1
202300007994;155 666 407;7;0;2;2;15;1
202300007995;155 666 405;7;5;0;9;17;1
202300007996;155 666 402;7;4;2;9;2;0
202300007996;155 666 403;7;0;2;1;2;0
202300007996;155 666 404;7;14;0;1;2;0
202300007997;155 666 400;7;0;2;1;13;1
202300007997;155 666 401;7;0;2;1;1;1
202300007998;155 666 399;7;0;1;2;1;1
202300007999;155 666 398;7;2;0;1;16;1
202300008000;155 666 397;33;5;0;8;2;1
202300008001;155 666 396;1;0;0;0;0;5
202300008002;155 666 395;33;1;2;0;1;1
202300008003;155 666 394;33;0;0;0;0;1
202300008004;155 666 393;7;15;1;5;4;1
202300008005;155 666 391;80;0;2;3;1;3
202300008005;155 666 392;7;0;2;2;1;1
202300008006;155 666 390;33;0;0;4;26;1
202300008007;155 666 388;7;0;2;3;24;1
202300008007;155 666 389;7;1;0;1;6;1
202300008008;155 666 387;33;3;0;1;1;1
202300008009;155 666 386;36;1;0;1;15;1
202300008010;155 666 385;7;0;1;1;1;1
202300008011;155 666 384;7;1;1;2;1;1
202300008012;155 666 383;7;2;0;1;14;1
202300008013;155 666 381;7;0;2;8;1;1
202300008013;155 666 382;33;0;2;7;1;1
202300008014;155 666 378;7;0;2;1;14;1
202300008014;155 666 379;7;0;2;4;23;1
202300008014;155 666 380;7;0;2;8;21;1
202300008015;155 666 377;7;4;0;1;9;1
202300008016;155 666 376;7;4;0;3;1;1
202300008017;155 666 375;33;0;0;8;1;1
202300008018;155 666 374;7;0;2;1;0;0
202300008019;155 666 372;1;0;2;0;1;5
202300008019;155 666 373;7;0;2;1;1;1
202300008020;155 666 370;7;0;2;8;1;2
202300008020;155 666 371;7;0;2;1;1;2
202300008021;155 666 369;7;14;0;3;1;1
202300008022;155 666 367;7;2;0;8;2;1
202300008023;155 666 366;33;0;0;0;0;1
202300008023;155 666 368;7;0;2;8;15;1
202300008024;155 666 365;7;13;0;1;1;1
202300008025;155 666 363;32;6;0;1;26;1
202300008026;155 666 362;7;0;2;1;23;1
202300008026;155 666 364;34;0;2;1;21;1
202300008027;155 666 361;33;0;6;1;0;1
202300008028;155 666 360;7;6;0;1;1;1
202300008029;155 666 359;7;3;0;2;1;1
202300008030;155 666 358;31;12;0;2;1;1
202300008031;155 666 356;7;0;2;2;26;1
202300008031;155 666 357;7;0;2;6;1;1
202300008032;155 666 353;7;1;0;1;15;1
202300008033;155 666 354;7;3;2;1;13;1
202300008033;155 666 355;15;0;2;3;1;1
202300008034;155 666 352;7;0;1;2;1;1
202300008035;155 666 351;2;13;0;0;1;1
202300008036;155 666 347;7;0;2;3;1;1
202300008036;155 666 348;7;0;2;3;13;1
202300008037;155 666 345;10;0;2;3;1;1
202300008037;155 666 346;14;0;2;5;21;1
202300008037;155 666 349;10;0;2;4;23;1
202300008037;155 666 350;7;0;2;4;15;1
202300008038;155 666 343;1;0;2;8;1;5
202300008038;155 666 344;1;0;2;7;17;5
202300008039;155 666 339;32;0;1;1;0;1
202300008040;155 666 336;7;0;2;4;2;1
202300008040;155 666 337;7;0;2;1;2;1
202300008041;155 666 338;99;0;9;8;15;1
202300008041;155 666 340;2;0;2;1;1;1
202300008042;155 666 334;7;0;1;2;1;1
202300008043;155 666 327;7;0;1;7;26;2
202300008044;155 666 329;7;0;1;2;13;1
202300008045;155 666 328;7;0;2;4;2;1
202300008045;155 666 330;15;0;2;1;2;1
202300008045;155 666 333;7;0;2;4;2;1
202300008046;155 666 323;7;0;2;1;2;1
202300008046;155 666 325;33;0;0;4;2;1
202300008047;155 666 324;7;0;2;1;1;1
202300008047;155 666 326;7;0;2;5;15;1
202300008048;155 666 322;7;0;1;7;1;2
202300008049;155 666 319;7;2;1;3;6;1
202300008050;155 666 321;7;0;0;1;11;1
202300008051;155 666 318;10;0;1;3;15;0
202300008052;155 666 317;7;0;2;2;15;1
202300008052;155 666 320;7;0;2;3;1;2
202300008053;155 666 309;2;0;2;1;13;1
202300008053;155 666 314;7;0;2;3;1;1
202300008054;155 666 307;2;0;0;0;1;1
202300008055;155 666 306;31;13;0;1;1;1
202300008056;155 666 304;7;0;2;1;1;1
202300008056;155 666 308;7;0;2;4;23;1
202300008056;155 666 311;7;0;2;4;23;2
202300008056;155 666 315;7;0;2;4;23;1
202300008057;155 666 305;7;0;2;1;12;1
202300008057;155 666 310;7;0;2;4;1;1
202300008058;155 666 301;7;0;2;1;1;1
202300008058;155 666 303;7;0;2;2;15;1
202300008059;155 666 300;7;0;1;1;1;1
202300008060;155 666 299;2;0;2;1;5;1
202300008060;155 666 302;7;0;2;2;1;1
202300008061;155 666 297;7;0;1;1;1;1
202300008062;155 666 296;7;0;2;7;12;1
202300008062;155 666 298;7;0;2;6;1;1
202300008063;155 666 293;32;12;0;1;14;1
202300008064;155 666 292;50;0;0;0;26;3
202300008065;155 666 289;30;12;0;4;13;1
202300008066;155 666 290;7;0;2;3;1;1
202300008066;155 666 291;7;0;2;2;1;1
202300008067;155 666 288;34;0;2;1;3;1
202300008067;155 666 294;10;0;2;5;1;1
202300008068;155 666 286;7;0;2;1;2;1
202300008068;155 666 287;7;0;2;4;2;1
202300008069;155 666 284;7;0;1;3;1;1
202300008070;155 666 282;33;0;2;1;5;1
202300008070;155 666 283;33;0;2;1;26;1
202300008070;155 666 285;33;0;2;0;21;1
202300008071;155 666 278;1;0;2;1;5;5
202300008071;155 666 281;7;0;2;3;0;1
202300008072;155 666 276;33;0;2;1;1;1
202300008072;155 666 280;33;0;0;8;26;1
202300008073;155 666 272;33;0;0;2;1;1
202300008074;155 666 270;1;0;2;1;1;5
202300008074;155 666 274;7;0;2;3;15;1
202300008075;155 666 269;7;0;2;1;1;1
202300008075;155 666 273;7;0;2;1;1;1
202300008075;155 666 275;7;0;2;4;1;1
202300008075;155 666 277;7;0;2;4;1;1
202300008076;155 666 271;7;0;2;1;2;1
202300008076;155 666 279;10;0;2;4;1;1
202300008077;155 666 263;31;0;2;7;1;1
202300008077;155 666 266;7;0;2;6;13;1
202300008077;155 666 268;43;0;2;7;3;1
202300008078;155 666 262;7;0;2;0;1;1
202300008078;155 666 265;33;0;2;7;14;0
202300008079;155 666 261;7;14;2;1;2;1
202300008079;155 666 264;7;14;0;4;2;1
202300008079;155 666 267;7;0;0;4;2;1
202300008080;155 666 255;10;0;2;1;9;1
202300008080;155 666 259;2;0;2;7;1;1
202300008081;155 666 258;7;0;2;1;1;1
202300008081;155 666 260;10;0;2;4;1;1
202300008082;155 666 254;7;0;2;3;1;2
202300008082;155 666 257;50;0;2;8;5;3
202300008083;155 666 253;7;0;2;3;1;1
202300008083;155 666 256;14;0;2;8;1;1
202300008084;155 666 252;30;1;0;6;21;1
202300008085;155 666 250;7;0;1;8;1;1
202300008086;155 666 247;7;0;2;3;0;0
202300008086;155 666 249;17;0;2;3;0;0
202300008087;155 666 245;7;0;1;1;16;1
202300008088;155 666 241;7;0;2;1;15;1
202300008088;155 666 244;7;0;2;3;1;1
202300008089;155 666 239;7;0;2;1;17;1
202300008089;155 666 242;7;0;2;1;1;1
202300008090;155 666 238;7;0;2;4;2;1
202300008090;155 666 243;7;0;2;0;23;1
202300008090;155 666 246;99;0;2;1;2;1
202300008090;155 666 248;7;0;2;4;2;1
202300008090;155 666 251;7;0;2;4;13;1
202300008091;155 666 234;37;0;2;8;9;1
202300008091;155 666 236;33;0;2;1;1;1
202300008092;155 666 231;1;0;2;4;26;5
202300008092;155 666 233;14;0;2;3;1;0
202300008093;155 666 229;7;0;2;1;1;1
202300008093;155 666 232;7;0;0;0;0;1
202300008093;155 666 235;7;0;2;4;1;1
202300008093;155 666 237;7;0;2;1;1;1
202300008093;155 666 240;7;0;2;1;1;1
202300008094;155 666 228;37;0;1;1;1;4
202300008095;155 666 227;33;2;0;1;1;1
202300008096;155 666 224;7;0;2;4;2;1
202300008096;155 666 226;7;0;2;1;2;1
202300008097;155 666 225;7;0;2;2;12;1
202300008097;155 666 230;43;0;2;3;3;1
202300008098;155 666 221;30;0;2;2;5;3
202300008098;155 666 223;10;0;2;6;1;1
202300008099;155 666 219;7;0;2;5;13;1
202300008099;155 666 222;7;0;2;1;1;1
202300008100;155 666 218;7;0;2;2;15;1
202300008100;155 666 220;33;0;2;1;1;1
202300008101;155 666 215;7;4;0;8;1;1
202300008102;155 666 212;7;0;2;5;4;1
202300008102;155 666 216;7;0;2;3;2;1
202300008103;155 666 211;10;0;2;1;1;1
202300008103;155 666 214;7;0;2;4;23;1
202300008104;155 666 209;50;12;0;1;9;3
202300008105;155 666 210;32;0;2;3;3;1
202300008105;155 666 213;10;0;2;2;1;1
202300008105;155 666 217;7;0;2;3;1;1
202300008106;155 666 208;2;0;0;8;1;1
202300008107;155 666 206;7;0;1;0;0;1
202300008108;155 666 205;7;0;2;3;20;1
202300008108;155 666 207;7;0;2;2;1;1
202300008109;155 666 200;7;0;1;0;1;1
202300008110;155 666 201;7;0;2;3;2;1
202300008110;155 666 204;7;0;2;5;2;1
202300008111;155 666 202;7;0;2;2;15;1
202300008111;155 666 203;32;0;2;1;1;1
202300008112;155 666 198;7;0;2;1;1;1
202300008112;155 666 199;7;0;2;4;2;1
202300008113;155 666 194;99;13;0;1;1;1
202300008114;155 666 193;7;0;1;1;1;1
202300008115;155 666 191;7;0;2;4;1;1
202300008115;155 666 195;13;0;2;1;1;1
202300008115;155 666 197;7;0;2;9;1;1
202300008116;155 666 192;10;0;0;4;1;1
202300008116;155 666 196;7;0;2;1;2;1
202300008117;155 666 190;33;0;0;0;0;1
202300008118;155 666 189;7;0;1;1;1;1
202300008119;155 666 186;7;0;2;1;1;1
202300008119;155 666 188;7;0;0;4;1;1
202300008120;155 666 183;7;0;9;5;18;1
202300008120;155 666 185;1;0;2;8;2;5
202300008121;155 666 181;7;0;2;0;20;1
202300008121;155 666 184;2;12;0;7;2;1
202300008122;155 666 180;10;0;2;0;0;1
202300008122;155 666 182;10;0;9;1;1;1
202300008122;155 666 187;33;0;9;1;1;1
202300008123;155 666 177;7;0;2;1;26;1
202300008123;155 666 179;7;0;2;7;26;1
202300008124;155 666 175;7;2;0;1;1;1
202300008125;155 666 174;99;0;2;8;1;1
202300008125;155 666 178;7;0;2;1;1;1
202300008126;155 666 172;7;0;1;1;1;1
202300008127;155 666 173;7;0;2;1;13;1
202300008127;155 666 176;7;0;2;1;1;1
202300008128;155 666 170;7;2;0;3;1;1
202300008129;155 666 171;7;0;1;1;1;1
202300008130;155 666 169;36;0;0;0;1;1
202300008131;155 666 165;7;0;2;7;15;1
202300008131;155 666 166;7;12;2;1;2;1
202300008132;155 666 161;33;0;2;8;1;1
202300008132;155 666 163;10;0;2;8;13;1
202300008133;155 666 160;33;0;0;0;1;1
202300008134;155 666 159;7;0;1;1;0;1
202300008135;155 666 158;7;6;9;1;1;1
202300008136;155 666 157;2;0;0;7;1;1
202300008137;155 666 155;7;0;2;8;15;1
202300008137;155 666 156;2;0;2;2;17;1
202300008138;155 666 153;7;0;2;2;1;1
202300008138;155 666 154;10;0;2;3;15;1
202300008139;155 666 149;31;0;2;1;17;1
202300008139;155 666 152;7;0;2;1;1;1
202300008140;155 666 147;7;0;2;3;9;1
202300008140;155 666 150;7;0;2;2;1;1
202300008141;155 666 148;33;0;2;1;2;1
202300008141;155 666 151;10;0;2;4;2;1
202300008142;155 666 145;7;0;2;3;2;1
202300008142;155 666 146;43;0;2;1;16;1
202300008143;155 666 141;32;0;2;8;3;1
202300008143;155 666 143;7;0;2;7;12;2
202300008144;155 666 140;14;0;0;0;17;0
202300008144;155 666 142;1;0;0;0;1;5
202300008144;155 666 144;33;0;0;0;1;1
202300008145;155 666 138;33;0;2;1;1;1
202300008145;155 666 139;7;0;2;2;15;1
202300008146;155 666 135;32;0;2;4;2;1
202300008146;155 666 136;7;0;2;5;12;0
202300008147;155 666 130;15;0;1;1;1;1
202300008148;155 666 129;7;0;2;1;1;1
202300008148;155 666 132;1;0;2;1;1;5
202300008149;155 666 128;7;0;0;4;23;1
202300008149;155 666 133;7;0;2;1;2;1
202300008149;155 666 134;7;0;2;4;23;1
202300008150;155 666 126;7;0;1;2;1;1
202300008151;155 666 125;7;0;2;1;2;1
202300008151;155 666 127;34;0;2;4;23;1
202300008152;155 666 131;30;0;2;2;9;1
202300008152;155 666 137;7;0;2;6;1;1
202300008153;155 666 122;1;12;0;1;16;5
202300008154;155 666 121;33;0;2;1;1;1
202300008154;155 666 123;33;0;2;3;13;1
202300008154;155 666 124;33;0;2;7;21;1
202300008155;155 666 119;37;0;9;7;1;2
202300008155;155 666 120;50;0;2;8;2;3
202300008156;155 666 117;32;0;1;6;23;1
202300008157;155 666 114;7;0;2;2;19;1
202300008157;155 666 116;31;0;2;3;1;1
202300008158;155 666 113;7;0;1;1;21;1
202300008159;155 666 112;7;0;2;2;15;3
202300008159;155 666 115;2;0;2;1;1;1
202300008160;155 666 111;2;0;2;8;14;1
202300008160;155 666 118;7;0;2;1;16;1
202300008161;155 666 107;7;0;2;2;13;1
202300008161;155 666 110;60;0;2;0;1;5
202300008162;155 666 105;33;0;2;1;1;1
202300008162;155 666 108;30;0;2;7;9;1
202300008163;155 666 104;7;0;2;4;2;2
202300008163;155 666 106;10;0;2;1;2;1
202300008163;155 666 109;10;0;2;1;2;1
202300008164;155 666 103;30;0;0;8;14;1
202300008165;155 666 101;1;0;2;6;23;5
202300008165;155 666 102;50;0;2;2;2;3
202300008166;155 666 099;10;0;1;3;1;1
202300008167;155 666 097;7;0;2;1;2;1
202300008167;155 666 100;7;0;2;6;2;1
202300008168;155 666 095;32;0;2;3;1;1
202300008168;155 666 096;1;0;2;2;12;5
202300008169;155 666 093;7;0;2;7;26;0
202300008169;155 666 094;33;0;2;3;1;1
202300008170;155 666 090;30;0;2;2;17;3
202300008170;155 666 091;7;0;2;3;9;2
202300008171;155 666 087;33;0;2;4;2;1
202300008171;155 666 092;10;0;2;1;2;1
202300008172;155 666 086;31;0;2;1;2;1
202300008172;155 666 089;7;0;2;5;1;1
202300008173;155 666 082;7;0;2;2;1;2
202300008173;155 666 085;33;0;2;1;1;0
202300008174;155 666 088;7;0;2;3;1;1
202300008174;155 666 098;50;0;2;7;19;3
202300008175;155 666 079;7;0;2;2;12;1
202300008175;155 666 081;43;0;2;8;3;1
202300008175;155 666 083;10;0;2;5;1;1
202300008176;155 666 077;10;0;1;2;1;1
202300008177;155 666 076;7;0;2;8;23;1
202300008177;155 666 078;7;0;2;7;23;1
202300008177;155 666 080;7;0;2;4;23;1
202300008177;155 666 084;10;0;2;1;2;1
202300008178;155 666 073;32;0;2;1;1;1
202300008178;155 666 075;7;0;2;5;23;2
202300008179;155 666 070;0;0;2;0;2;0
202300008179;155 666 072;7;12;2;1;2;2
202300008180;155 666 069;33;0;2;1;14;1
202300008180;155 666 071;10;0;2;5;2;1
202300008181;155 666 068;7;0;1;2;17;2
202300008182;155 666 065;7;0;2;1;15;0
202300008182;155 666 066;34;0;2;1;1;0
202300008183;155 666 061;7;0;2;5;12;1
202300008183;155 666 063;33;0;2;3;14;1
202300008184;155 666 067;31;0;2;7;0;1
202300008184;155 666 074;7;0;2;8;17;1
202300008185;155 666 060;32;0;2;1;10;1
202300008185;155 666 064;50;0;2;1;1;3
202300008186;155 666 058;7;1;2;3;5;1
202300008186;155 666 059;7;0;2;3;1;1
202300008186;155 666 062;7;1;2;6;0;1
202300008187;155 666 055;33;0;2;2;17;1
202300008187;155 666 056;7;0;2;3;9;1
202300008188;155 666 054;7;0;2;7;12;0
202300008188;155 666 057;33;0;2;3;3;0
202300008189;155 666 051;7;1;0;3;0;2
202300008189;155 666 052;7;0;0;2;2;1
202300008190;155 666 050;7;0;2;3;0;1
202300008190;155 666 053;7;0;2;1;1;1
202300008191;155 666 047;7;0;2;8;1;1
202300008191;155 666 049;10;0;2;1;1;1
202300008192;155 666 044;7;0;2;5;16;1
202300008192;155 666 046;1;0;2;1;1;5
202300008193;155 666 045;7;0;2;4;23;1
202300008193;155 666 048;7;0;2;1;2;1
202300008194;155 666 041;50;0;1;1;25;3
202300008195;155 666 042;2;0;2;1;1;1
202300008195;155 666 043;7;0;2;2;15;1
202300008196;155 666 038;33;0;2;8;18;1
202300008196;155 666 040;7;0;2;7;0;1
202300008197;155 666 035;7;0;2;3;9;1
202300008197;155 666 037;33;0;2;1;1;1
202300008198;155 666 032;2;0;2;0;17;1
202300008198;155 666 036;7;0;2;6;15;1
202300008199;155 666 031;7;0;2;6;12;0
202300008199;155 666 033;33;0;2;2;3;0
202300008199;155 666 034;7;0;2;4;23;0
202300008200;155 666 029;7;9;2;1;10;1
202300008200;155 666 030;7;9;2;1;1;1
202300008201;155 666 024;37;0;2;5;16;4
202300008201;155 666 027;33;0;2;8;16;1
202300008202;155 666 025;32;12;0;2;2;1
202300008203;155 666 028;7;0;2;4;0;1
202300008203;155 666 039;7;0;2;1;1;1
202300008204;155 666 021;1;0;1;8;1;5
202300008205;155 666 018;7;0;2;6;22;1
202300008205;155 666 020;37;1;2;5;1;1
202300008206;155 666 017;10;0;2;1;2;1
202300008206;155 666 019;7;0;2;4;1;1
202300008206;155 666 022;7;0;2;4;2;1
202300008206;155 666 023;7;0;2;1;2;1
202300008206;155 666 026;7;0;2;4;2;3
202300008207;155 666 014;30;1;0;1;0;1
202300008208;155 666 008;7;0;2;4;23;1
202300008208;155 666 011;7;1;0;1;1;1
202300008208;155 666 013;7;0;2;4;23;1
202300008208;155 666 015;7;0;2;4;23;1
202300008209;155 666 009;7;4;2;4;12;1
202300008209;155 666 012;31;4;2;1;3;1
202300008210;155 666 006;1;0;2;8;2;5
202300008210;155 666 010;7;0;2;7;16;3
202300008211;155 666 005;7;0;2;4;23;0
202300008211;155 666 007;30;1;0;1;1;0
202300008212;155 666 003;7;3;0;3;14;1
202300008213;155 666 002;7;0;2;3;11;1
202300008213;155 666 004;33;0;2;2;1;1
202300008214;155 666 001;7;4;0;1;1;1
202300008215;155 666 000;7;0;1;3;1;1
202300008216;155 665 996;10;0;2;8;13;1
202300008216;155 665 999;7;0;2;1;0;1
202300008217;155 665 994;7;0;2;1;2;1
202300008217;155 665 998;10;0;2;6;1;1
202300008218;155 665 995;7;9;0;1;1;1
202300008219;155 665 991;33;0;0;0;13;1
202300008220;155 665 993;7;0;2;4;23;1
202300008220;155 665 997;10;1;2;1;2;1
202300008221;155 665 988;7;0;2;1;2;1
202300008221;155 665 990;30;0;2;4;2;1
202300008222;155 665 987;7;0;2;6;1;1
202300008222;155 665 989;7;0;2;0;0;0
202300008222;155 665 992;7;3;2;4;1;1
202300008223;155 665 984;7;4;2;1;18;1
202300008223;155 665 986;7;0;2;4;1;1
202300008224;155 665 985;7;6;0;1;1;1
202300008225;155 665 982;7;0;1;2;1;1
202300008226;155 665 983;1;0;1;1;17;5
202300008227;155 665 979;7;4;2;1;2;1
202300008227;155 665 980;7;4;2;4;2;1
202300008227;155 665 981;7;4;2;4;2;1
202300008228;155 665 973;10;0;2;1;2;1
202300008228;155 665 975;7;0;2;4;2;1
202300008228;155 665 978;7;0;2;4;2;1
202300008229;155 665 974;7;0;2;3;2;2
202300008229;155 665 977;31;0;2;5;2;1
202300008230;155 665 972;50;0;2;1;1;3
202300008230;155 665 976;10;0;2;1;15;0
202300008231;155 665 967;7;4;2;4;1;1
202300008231;155 665 970;33;4;2;1;3;1
202300008232;155 665 965;7;0;2;1;26;1
202300008232;155 665 971;7;0;2;4;0;2
202300008233;155 665 966;7;0;2;1;1;1
202300008233;155 665 969;1;0;2;1;1;5
202300008234;155 665 964;33;0;2;1;0;1
202300008234;155 665 968;7;0;2;1;9;1
202300008235;155 665 959;15;0;2;1;2;1
202300008235;155 665 962;7;0;2;4;2;1
202300008235;155 665 963;15;0;2;4;2;1
202300008236;155 665 961;31;11;0;3;1;1
202300008237;155 665 954;7;3;2;7;12;1
202300008237;155 665 957;33;3;2;1;3;1
202300008238;155 665 958;7;0;2;1;12;1
202300008238;155 665 960;7;0;2;4;9;1
202300008239;155 665 953;1;0;2;1;21;5
202300008239;155 665 956;10;0;2;8;10;1
202300008240;155 665 952;7;0;2;8;1;2
202300008240;155 665 955;7;0;2;1;1;2
202300008241;155 665 949;10;0;2;5;12;1
202300008241;155 665 951;43;0;2;8;1;1
202300008242;155 665 947;7;0;2;2;1;1
202300008242;155 665 950;7;0;2;3;1;1
202300008243;155 665 944;7;0;2;1;2;1
202300008243;155 665 946;7;0;2;4;2;1
202300008243;155 665 948;7;0;2;4;2;1
202300008244;155 665 945;7;0;1;1;1;1
202300008245;155 665 940;7;11;0;3;1;1
202300008246;155 665 941;7;0;2;1;1;1
202300008246;155 665 943;33;0;2;7;1;1
202300008247;155 665 939;7;0;2;1;1;1
202300008247;155 665 942;33;14;2;6;16;1
202300008248;155 665 936;7;0;2;2;2;1
202300008248;155 665 938;32;0;2;4;23;1
202300008249;155 665 937;7;0;1;3;1;1
202300008250;155 665 934;37;0;2;2;7;1
202300008250;155 665 935;7;0;2;3;15;1
202300008251;155 665 933;7;1;1;4;4;1
202300008252;155 665 928;7;0;2;5;15;6
202300008252;155 665 929;36;0;2;1;1;6
202300008253;155 665 930;7;0;2;1;2;1
202300008253;155 665 932;7;0;2;4;23;1
202300008254;155 665 927;1;0;2;8;19;5
202300008254;155 665 931;7;0;9;3;1;1
202300008255;155 665 925;7;6;0;1;1;1
202300008256;155 665 924;33;0;2;1;1;1
202300008256;155 665 926;7;0;2;8;1;1
202300008257;155 665 921;7;0;2;1;0;0
202300008257;155 665 922;2;0;2;1;0;0
202300008258;155 665 919;1;0;2;8;1;5
202300008258;155 665 920;7;0;2;2;16;1
202300008259;155 665 916;7;0;2;4;11;1
202300008259;155 665 918;33;0;2;1;3;1
202300008260;155 665 915;50;0;2;8;13;3
202300008260;155 665 917;7;0;2;5;17;1
202300008261;155 665 911;7;0;2;1;2;1
202300008261;155 665 913;7;0;2;4;2;1
202300008262;155 665 914;10;0;2;2;1;1
202300008262;155 665 923;31;0;2;4;0;1
202300008263;155 665 910;7;12;2;7;2;1
202300008263;155 665 912;7;12;2;1;2;1
202300008264;155 665 907;33;0;2;0;1;0
202300008264;155 665 908;10;0;2;0;12;0
202300008265;155 665 905;7;0;2;1;1;1
202300008265;155 665 909;7;0;2;1;1;1
202300008266;155 665 906;7;0;1;1;1;1
202300008267;155 665 903;7;0;2;8;10;0
202300008267;155 665 904;32;0;2;1;1;0
202300008268;155 665 902;33;0;1;2;17;1
202300008269;155 665 901;43;0;1;1;21;1
202300008270;155 665 899;7;0;1;1;1;2
202300008271;155 665 897;7;0;2;3;15;1
202300008271;155 665 900;50;0;2;1;1;3