Num_Acc;id_vehicule;catv;obs;obsm;choc;manv;motor
202300008272;155 665 896;10;0;1;1;1;1
202300008273;155 665 893;7;0;2;4;2;2
202300008273;155 665 894;31;0;2;1;2;1
202300008274;155 665 890;7;14;2;7;0;1
202300008274;155 665 891;7;0;2;1;26;1
202300008275;155 665 895;7;0;2;1;1;1
202300008275;155 665 898;10;0;2;4;1;1
202300008276;155 665 889;33;0;1;1;17;1
202300008277;155 665 887;7;0;0;1;0;-1
202300008278;155 665 885;7;0;1;1;1;1
202300008279;155 665 886;7;0;2;2;1;0
202300008279;155 665 888;1;0;2;3;1;5
202300008280;155 665 883;7;0;1;2;1;1
202300008281;155 665 882;10;0;1;1;0;0
202300008282;155 665 878;10;0;2;6;15;1
202300008282;155 665 881;1;0;2;7;1;5
202300008283;155 665 876;7;0;2;3;15;1
202300008283;155 665 879;50;0;2;1;1;3
202300008284;155 665 875;7;0;2;1;15;1
202300008284;155 665 880;33;0;2;1;1;0
202300008285;155 665 874;33;0;2;0;1;1
202300008285;155 665 877;7;0;0;7;15;1
202300008286;155 665 873;10;0;1;1;1;1
202300008287;155 665 868;33;9;2;6;18;1
202300008287;155 665 871;7;0;2;2;16;1
202300008288;155 665 867;7;0;2;2;12;1
202300008288;155 665 872;34;0;2;3;0;1
202300008289;155 665 866;7;0;2;1;1;1
202300008289;155 665 869;7;4;2;1;5;1
202300008290;155 665 865;7;0;2;1;17;1
202300008290;155 665 870;1;0;2;4;1;5
202300008291;155 665 864;7;7;0;1;6;1
202300008292;155 665 859;30;0;1;1;1;1
202300008293;155 665 857;50;0;2;1;5;3
202300008293;155 665 862;7;0;2;1;26;1
202300008294;155 665 858;33;0;2;2;17;1
202300008294;155 665 863;7;0;2;8;15;1
202300008295;155 665 856;7;0;2;2;19;1
202300008295;155 665 861;1;0;2;1;1;5
202300008296;155 665 853;7;0;2;4;2;1
202300008296;155 665 855;7;0;2;4;2;1
202300008296;155 665 860;7;0;2;1;2;1
202300008297;155 665 854;7;0;1;2;15;1
202300008298;155 665 849;7;0;2;1;1;1
202300008298;155 665 852;1;0;2;8;19;5
202300008299;155 665 847;7;0;0;0;10;1
202300008299;155 665 851;31;0;0;0;1;1
202300008300;155 665 848;2;0;2;1;1;1
202300008300;155 665 850;7;0;2;3;9;1
202300008301;155 665 844;7;0;2;1;1;0
202300008301;155 665 846;7;0;2;4;1;0
202300008302;155 665 842;7;0;0;9;1;0
202300008302;155 665 845;7;13;2;2;1;1
202300008303;155 665 841;7;0;2;3;9;1
202300008303;155 665 843;2;0;2;1;1;1
202300008304;155 665 839;7;13;0;2;1;1
202300008305;155 665 836;1;0;2;0;15;5
202300008305;155 665 840;33;0;2;1;17;1
202300008306;155 665 833;2;0;2;4;2;1
202300008306;155 665 837;7;0;2;1;2;1
202300008307;155 665 834;33;0;2;3;1;1
202300008307;155 665 838;7;0;2;3;15;1
202300008308;155 665 832;7;1;0;3;15;1
202300008308;155 665 835;1;0;2;1;1;5
202300008309;155 665 828;30;16;0;0;1;1
202300008310;155 665 830;2;0;2;2;1;1
202300008310;155 665 831;7;0;2;2;9;1
202300008311;155 665 825;7;0;1;1;19;1
202300008312;155 665 827;7;0;2;7;16;1
202300008312;155 665 829;33;0;2;8;18;1
202300008313;155 665 824;7;0;2;3;15;0
202300008313;155 665 826;32;0;2;1;1;0
202300008314;155 665 822;33;0;2;1;0;1
202300008314;155 665 823;1;0;2;0;0;5
202300008315;155 665 818;15;0;2;2;1;1
202300008315;155 665 821;7;0;2;1;13;1
202300008316;155 665 819;7;14;2;8;1;1
202300008316;155 665 820;13;0;2;5;4;1
202300008317;155 665 816;10;0;1;2;1;0
202300008318;155 665 814;2;0;0;0;21;1
202300008318;155 665 817;43;0;0;0;21;1
202300008319;155 665 811;7;0;2;1;1;1
202300008319;155 665 813;7;0;2;4;1;1
202300008320;155 665 808;7;2;0;1;14;1
202300008321;155 665 809;1;12;0;3;6;5
202300008322;155 665 805;7;0;1;2;16;1
202300008323;155 665 806;7;0;2;2;19;1
202300008323;155 665 807;1;0;2;8;1;5
202300008324;155 665 802;14;0;2;2;1;1
202300008324;155 665 804;10;0;2;8;9;1
202300008325;155 665 803;7;0;0;2;1;2
202300008326;155 665 797;7;0;2;3;1;1
202300008326;155 665 800;7;0;2;6;13;1
202300008327;155 665 799;80;0;2;6;11;3
202300008327;155 665 801;80;0;2;2;1;3
202300008328;155 665 796;33;0;2;1;1;1
202300008328;155 665 798;7;0;2;1;15;1
202300008329;155 665 793;7;16;0;1;13;1
202300008330;155 665 791;50;1;0;1;13;3
202300008331;155 665 792;7;0;1;6;4;1
202300008332;155 665 794;7;0;1;3;1;1
202300008333;155 665 788;7;0;2;1;1;1
202300008333;155 665 795;17;0;0;4;1;1
202300008334;155 665 789;1;0;2;1;1;5
202300008334;155 665 790;7;0;2;1;15;1
202300008335;155 665 786;7;0;0;9;14;1
202300008336;155 665 787;7;1;0;1;0;1
202300008337;155 665 784;33;0;6;1;2;1
202300008338;155 665 782;7;0;2;1;1;1
202300008338;155 665 785;50;0;2;8;15;3
202300008339;155 665 781;7;0;2;1;13;1
202300008339;155 665 783;7;0;2;1;21;1
202300008340;155 665 779;7;9;0;1;1;1
202300008341;155 665 780;33;1;0;1;1;1
202300008342;155 665 777;7;13;0;1;21;1
202300008343;155 665 774;34;12;0;0;1;1
202300008344;155 665 775;7;0;2;1;13;1
202300008344;155 665 778;15;0;2;1;1;1
202300008345;155 665 773;7;0;2;3;13;1
202300008345;155 665 776;7;5;2;6;1;1
202300008346;155 665 768;33;13;0;1;0;1
202300008347;155 665 770;80;0;2;7;1;3
202300008347;155 665 772;7;0;2;1;9;2
202300008348;155 665 767;7;0;2;1;15;1
202300008348;155 665 771;32;0;2;1;1;1
202300008349;155 665 766;7;0;9;5;16;6
202300008349;155 665 769;80;0;2;3;1;3
202300008350;155 665 765;7;2;0;1;13;1
202300008351;155 665 759;50;0;2;2;1;3
202300008351;155 665 764;7;0;9;3;1;1
202300008352;155 665 760;7;0;1;1;21;0
202300008353;155 665 758;33;0;2;1;2;1
202300008353;155 665 763;7;0;2;8;15;1
202300008354;155 665 757;32;0;2;1;1;1
202300008354;155 665 762;7;0;2;1;17;1
202300008355;155 665 755;7;16;0;9;0;1
202300008356;155 665 756;10;0;2;2;1;1
202300008356;155 665 761;1;0;2;6;1;5
202300008357;155 665 749;2;0;0;8;1;1
202300008358;155 665 750;7;1;0;3;26;1
202300008359;155 665 748;7;0;2;3;15;1
202300008359;155 665 752;7;0;2;1;1;1
202300008360;155 665 746;7;0;2;1;17;1
202300008360;155 665 751;34;0;2;9;1;1
202300008360;155 665 754;10;0;2;8;1;1
202300008361;155 665 747;7;0;2;3;2;0
202300008361;155 665 753;7;0;2;2;15;0
202300008362;155 665 745;7;13;0;3;13;1
202300008363;155 665 741;7;0;2;7;15;1
202300008363;155 665 744;33;0;2;1;1;1
202300008364;155 665 740;33;0;2;8;1;5
202300008364;155 665 743;7;0;2;1;15;2
202300008365;155 665 739;10;0;1;2;4;1
202300008366;155 665 738;7;0;2;1;2;1
202300008366;155 665 742;7;0;2;4;2;1
202300008367;155 665 735;31;0;2;1;1;1
202300008367;155 665 736;7;0;2;2;15;1
202300008368;155 665 737;7;8;0;2;14;1
202300008369;155 665 734;7;1;0;4;20;1
202300008370;155 665 730;7;0;2;1;15;1
202300008370;155 665 733;31;0;2;1;1;1
202300008371;155 665 728;50;0;2;0;0;3
202300008371;155 665 732;7;0;2;3;1;1
202300008372;155 665 727;33;0;2;2;0;1
202300008372;155 665 731;10;0;2;6;11;1
202300008373;155 665 725;80;0;0;0;1;3
202300008374;155 665 726;7;0;1;2;1;1
202300008375;155 665 724;7;0;2;1;13;1
202300008375;155 665 729;14;0;2;1;1;1
202300008376;155 665 719;7;0;2;3;17;1
202300008376;155 665 722;7;0;2;3;1;1
202300008377;155 665 723;33;3;0;0;1;1
202300008378;155 665 716;7;0;2;8;1;2
202300008378;155 665 720;7;0;2;1;1;2
202300008379;155 665 718;7;0;2;2;15;0
202300008379;155 665 721;32;0;2;1;13;0
202300008380;155 665 713;10;0;2;1;2;0
202300008380;155 665 715;10;0;2;4;2;0
202300008381;155 665 711;33;0;2;1;1;1
202300008381;155 665 714;7;0;2;7;10;1
202300008382;155 665 707;7;0;1;1;19;1
202300008383;155 665 710;7;6;0;1;13;1
202300008384;155 665 709;7;11;2;3;1;1
202300008384;155 665 712;7;0;2;2;16;1
202300008385;155 665 704;1;0;0;1;0;5
202300008385;155 665 705;7;0;9;2;16;1
202300008386;155 665 706;7;0;2;1;0;3
202300008386;155 665 708;32;0;0;0;0;0
202300008387;155 665 702;7;0;1;1;26;6
202300008388;155 665 701;3;2;0;0;0;1
202300008389;155 665 700;7;0;2;3;6;1
202300008389;155 665 703;7;0;2;1;26;0
202300008390;155 665 695;10;1;2;2;14;1
202300008390;155 665 699;1;0;2;0;0;5
202300008391;155 665 694;7;0;2;1;13;1
202300008391;155 665 698;7;0;2;1;1;1
202300008392;155 665 689;1;0;2;0;1;5
202300008392;155 665 692;7;8;2;0;17;1
202300008393;155 665 690;15;0;2;7;14;1
202300008393;155 665 693;7;0;2;8;1;1
202300008394;155 665 691;7;0;2;1;1;1
202300008394;155 665 696;7;0;2;3;9;1
202300008395;155 665 684;7;0;2;4;2;1
202300008395;155 665 686;1;0;2;3;2;5
202300008396;155 665 683;7;0;2;3;1;1
202300008396;155 665 687;7;0;2;3;1;3
202300008397;155 665 681;7;0;2;3;15;1
202300008397;155 665 688;33;0;2;2;17;1
202300008398;155 665 678;33;0;0;8;15;1
202300008399;155 665 679;7;1;2;2;15;1
202300008399;155 665 682;7;1;2;1;1;3
202300008400;155 665 676;7;0;0;0;13;1
202300008401;155 665 674;10;0;2;7;1;1
202300008401;155 665 677;7;0;2;6;1;1
202300008401;155 665 680;10;0;2;2;11;1
202300008401;155 665 685;10;0;2;2;1;1
202300008402;155 665 671;50;0;2;1;26;3
202300008402;155 665 673;3;0;2;1;26;3
202300008403;155 665 672;7;0;0;2;15;1
202300008403;155 665 675;50;0;2;2;0;3
202300008404;155 665 668;7;13;0;2;14;1
202300008405;155 665 666;7;1;0;2;0;1
202300008406;155 665 664;2;0;2;1;1;1
202300008406;155 665 669;7;0;2;2;9;1
202300008407;155 665 663;32;0;2;1;2;1
202300008407;155 665 667;7;0;2;4;2;1
202300008408;155 665 665;7;1;0;3;2;1
202300008408;155 665 670;10;0;0;5;23;1
202300008409;155 665 660;7;0;1;1;1;1
202300008410;155 665 657;7;0;2;3;19;1
202300008410;155 665 662;33;0;2;1;19;1
202300008411;155 665 655;10;0;2;1;1;1
202300008411;155 665 658;7;0;2;4;1;2
202300008412;155 665 654;7;0;2;7;15;1
202300008412;155 665 659;2;0;2;1;1;1
202300008413;155 665 652;33;0;1;3;19;1
202300008414;155 665 650;7;2;6;6;14;1
202300008415;155 665 649;7;0;2;1;1;2
202300008415;155 665 653;7;0;2;2;1;1
202300008416;155 665 646;7;0;1;1;1;1
202300008417;155 665 643;37;0;2;0;1;1
202300008417;155 665 647;50;0;2;1;9;3
202300008418;155 665 641;15;9;0;2;1;1
202300008418;155 665 642;32;0;2;0;1;1
202300008419;155 665 640;7;0;2;1;13;1
202300008419;155 665 644;15;0;2;1;1;1
202300008420;155 665 637;7;4;0;1;2;1
202300008421;155 665 638;10;0;2;6;1;1
202300008421;155 665 645;7;0;2;4;23;1
202300008421;155 665 648;10;0;2;4;23;1
202300008421;155 665 651;10;0;2;1;1;1
202300008422;155 665 635;7;0;2;4;1;1
202300008422;155 665 639;10;0;2;1;1;1
202300008423;155 665 632;7;1;2;4;2;1
202300008423;155 665 636;10;1;2;4;1;1
202300008424;155 665 629;30;0;2;1;13;1
202300008424;155 665 630;7;0;2;1;1;1
202300008425;155 665 628;7;0;2;0;11;1
202300008425;155 665 631;33;0;2;1;3;1
202300008426;155 665 627;7;0;2;1;1;1
202300008426;155 665 634;7;0;2;3;9;1
202300008427;155 665 626;2;0;2;1;1;1
202300008427;155 665 633;10;0;2;3;15;1
202300008428;155 665 625;7;0;1;3;0;0
202300008429;155 665 622;7;0;2;3;1;2
202300008429;155 665 623;99;0;2;3;1;1
202300008430;155 665 621;42;0;9;3;15;1
202300008430;155 665 624;1;0;2;8;1;5
202300008431;155 665 616;7;0;9;1;1;1
202300008431;155 665 619;1;0;2;1;5;5
202300008432;155 665 614;7;0;2;1;1;1
202300008432;155 665 620;99;0;2;9;1;1
202300008433;155 665 612;7;0;2;3;1;1
202300008433;155 665 618;7;0;2;3;15;1
202300008434;155 665 610;7;13;0;9;1;1
202300008435;155 665 611;7;0;2;4;1;1
202300008435;155 665 615;7;0;2;4;1;1
202300008435;155 665 617;7;0;2;1;1;1
202300008436;155 665 609;10;0;2;0;10;1
202300008436;155 665 613;31;0;2;1;1;1
202300008437;155 665 608;7;6;0;2;15;1
202300008438;155 665 605;33;0;2;7;0;1
202300008438;155 665 607;7;0;2;0;0;2
202300008439;155 665 604;1;0;2;8;19;5
202300008439;155 665 606;7;0;2;1;1;1
202300008440;155 665 602;3;6;0;1;2;1
202300008441;155 665 600;7;0;2;2;9;1
202300008441;155 665 601;33;0;2;3;1;1
202300008442;155 665 598;7;0;2;4;1;3
202300008442;155 665 603;15;0;2;1;1;1
202300008443;155 665 596;10;0;2;2;2;1
202300008443;155 665 599;1;0;2;6;1;5
202300008444;155 665 594;2;0;2;1;1;1
202300008444;155 665 597;7;0;2;3;9;1
202300008445;155 665 591;10;0;2;6;1;1
202300008445;155 665 592;34;0;2;2;26;1
202300008446;155 665 588;7;0;9;2;1;1
202300008446;155 665 595;2;0;2;8;19;1
202300008447;155 665 589;15;0;2;1;2;1
202300008447;155 665 593;15;3;2;4;23;1
202300008448;155 665 585;7;2;0;1;1;1
202300008449;155 665 584;34;0;1;1;26;1
202300008450;155 665 583;10;0;2;6;0;1
202300008450;155 665 587;7;0;2;0;0;0
202300008450;155 665 590;33;0;2;1;2;1
202300008451;155 665 582;10;0;2;2;12;0
202300008451;155 665 586;2;0;2;8;7;1
202300008452;155 665 577;7;0;1;0;1;1
202300008453;155 665 576;32;0;2;1;15;1
202300008453;155 665 579;7;0;2;3;13;1
202300008454;155 665 574;7;0;2;0;1;1
202300008454;155 665 580;7;13;0;6;1;0
202300008455;155 665 572;10;0;2;1;15;1
202300008455;155 665 581;31;0;2;1;1;1
202300008456;155 665 570;10;0;2;1;2;1
202300008456;155 665 573;7;0;2;6;2;1
202300008456;155 665 578;13;0;2;2;1;1
202300008457;155 665 567;2;0;2;7;26;1
202300008457;155 665 571;7;0;2;2;20;1
202300008458;155 665 566;21;0;0;0;1;0
202300008459;155 665 568;33;0;2;1;1;1
202300008459;155 665 575;7;0;2;3;19;1
202300008460;155 665 565;7;9;2;2;15;1
202300008460;155 665 569;2;9;2;1;2;1
202300008461;155 665 564;7;2;0;1;13;1
202300008462;155 665 561;32;0;5;9;1;1
202300008463;155 665 556;7;0;2;6;2;1
202300008463;155 665 562;7;0;2;2;2;1
202300008464;155 665 560;1;0;2;8;1;5
202300008465;155 665 558;10;0;2;-1;1;-1
202300008465;155 665 563;7;4;2;3;1;1
202300008466;155 665 555;33;0;2;1;1;1
202300008466;155 665 559;1;0;2;4;23;5
202300008467;155 665 551;7;0;2;1;17;1
202300008467;155 665 553;7;0;0;9;21;1
202300008467;155 665 557;7;0;2;1;1;1
202300008468;155 665 549;50;1;0;1;1;3
202300008468;155 665 552;14;0;0;0;23;1
202300008469;155 665 548;7;0;2;2;1;1
202300008469;155 665 554;32;0;2;1;13;1
202300008470;155 665 547;7;4;2;1;1;1
202300008471;155 665 542;7;0;1;4;20;1
202300008472;155 665 545;7;0;2;1;19;1
202300008472;155 665 546;1;0;2;1;1;5
202300008473;155 665 543;7;13;0;3;1;0
202300008473;155 665 550;7;0;2;1;9;0
202300008474;155 665 539;33;0;2;1;17;1
202300008474;155 665 544;7;0;2;6;15;1
202300008475;155 665 531;7;0;2;1;1;1
202300008475;155 665 535;10;0;2;4;23;1
202300008476;155 665 533;17;13;2;1;1;1
202300008476;155 665 537;7;4;2;2;17;1
202300008477;155 665 532;7;8;0;2;14;1
202300008478;155 665 534;7;0;2;4;1;1
202300008478;155 665 538;15;0;2;1;2;1
202300008478;155 665 540;7;0;2;4;1;1
202300008479;155 665 528;7;0;1;1;1;2
202300008480;155 665 530;7;0;2;1;13;1
202300008480;155 665 536;7;0;2;1;1;3
202300008481;155 665 527;30;8;0;1;1;1
202300008482;155 665 525;10;0;2;1;17;1
202300008482;155 665 529;7;8;2;6;15;1
202300008483;155 665 524;7;15;0;1;1;1
202300008484;155 665 523;2;0;2;1;5;1
202300008484;155 665 526;7;0;2;2;21;1
202300008485;155 665 521;1;0;2;1;19;5
202300008485;155 665 522;31;1;2;1;1;1
202300008486;155 665 520;7;2;0;1;1;1
202300008487;155 665 517;34;0;0;0;0;1
202300008488;155 665 514;7;0;2;4;1;1
202300008488;155 665 518;7;0;2;1;1;1
202300008489;155 665 515;2;0;2;2;1;3
202300008489;155 665 519;1;0;2;1;1;5
202300008490;155 665 513;50;12;0;0;13;3
202300008490;155 665 516;80;12;0;8;0;3
202300008491;155 665 509;14;0;2;7;16;1
202300008491;155 665 512;80;0;2;8;1;3
202300008492;155 665 508;80;0;0;0;0;3
202300008493;155 665 506;7;0;1;2;1;1
202300008494;155 665 505;7;0;2;7;1;2
202300008494;155 665 511;7;0;2;1;1;1
202300008495;155 665 504;7;0;1;0;11;1
202300008496;155 665 502;7;0;2;1;1;1
202300008496;155 665 503;99;0;2;7;19;3
202300008497;155 665 500;7;0;1;0;9;1
202300008498;155 665 499;7;0;1;3;20;1
202300008499;155 665 496;7;0;1;2;2;2
202300008500;155 665 497;7;0;2;2;15;1
202300008500;155 665 498;33;0;2;1;1;1
202300008501;155 665 494;7;1;0;2;14;1
202300008501;155 665 495;7;0;1;4;24;1
202300008502;155 665 487;7;8;0;8;0;1
202300008503;155 665 488;2;0;2;1;9;1
202300008503;155 665 492;7;0;2;3;1;1
202300008504;155 665 485;13;0;2;2;1;4
202300008504;155 665 489;7;0;2;4;23;1
202300008505;155 665 484;33;0;2;1;13;1
202300008505;155 665 490;33;0;2;1;13;1
202300008505;155 665 491;7;0;2;2;1;1
202300008506;155 665 483;7;0;2;3;15;1
202300008506;155 665 493;7;0;2;2;1;1
202300008507;155 665 482;7;0;2;2;16;1
202300008507;155 665 486;31;0;2;3;2;1
202300008508;155 665 478;10;0;2;2;16;1
202300008508;155 665 480;33;0;2;1;1;1
202300008509;155 665 477;50;13;0;1;19;3
202300008510;155 665 475;32;0;2;7;15;1
202300008510;155 665 479;1;0;2;1;1;5
202300008511;155 665 473;7;0;2;1;1;1
202300008511;155 665 481;7;0;2;7;13;1
202300008512;155 665 469;7;13;0;3;13;1
202300008513;155 665 472;7;0;2;2;1;1
202300008513;155 665 476;7;0;2;0;1;1
202300008514;155 665 466;10;0;2;3;22;1
202300008514;155 665 471;80;0;2;2;1;3
202300008515;155 665 468;1;0;2;1;1;5
202300008515;155 665 474;7;0;2;3;1;1
202300008516;155 665 464;7;3;2;4;1;1
202300008516;155 665 470;7;3;2;1;2;1
202300008517;155 665 463;7;8;0;1;21;1
202300008518;155 665 461;7;0;1;2;15;1
202300008519;155 665 460;43;0;2;7;1;1
202300008519;155 665 462;1;0;2;7;11;5
202300008520;155 665 457;2;0;0;0;1;1
202300008521;155 665 455;1;0;2;1;3;0
202300008521;155 665 459;7;0;2;5;23;1
202300008522;155 665 454;7;0;1;1;1;0
202300008523;155 665 453;7;0;2;4;1;1
202300008523;155 665 458;7;0;2;1;1;0
202300008524;155 665 451;2;0;2;1;1;1
202300008524;155 665 456;7;0;2;3;15;1
202300008525;155 665 450;7;13;0;1;1;1
202300008526;155 665 447;7;0;2;3;22;0
202300008526;155 665 449;1;1;2;2;17;5
202300008527;155 665 444;33;0;0;7;16;1
202300008528;155 665 443;50;0;2;1;15;3
202300008528;155 665 448;33;0;2;1;1;1
202300008529;155 665 442;15;0;2;6;26;1
202300008529;155 665 446;15;1;0;5;21;1
202300008530;155 665 440;7;0;2;3;13;1
202300008530;155 665 445;7;0;2;3;1;1
202300008530;155 665 452;7;0;2;3;2;1
202300008531;155 665 439;1;0;2;8;2;5
202300008531;155 665 441;15;0;2;7;17;1
202300008532;155 665 438;7;0;1;1;15;1
202300008533;155 665 436;21;13;0;7;1;1
202300008534;155 665 434;7;14;0;1;1;1
202300008535;155 665 430;33;1;1;3;1;1
202300008535;155 665 435;33;0;0;6;24;1
202300008536;155 665 431;2;0;2;5;0;1
202300008536;155 665 433;10;0;0;0;0;0
202300008537;155 665 429;7;0;1;7;1;1
202300008538;155 665 432;7;0;0;8;15;1
202300008538;155 665 437;7;0;2;2;17;1
202300008539;155 665 426;7;13;0;0;14;1
202300008540;155 665 421;30;0;2;7;19;1
202300008540;155 665 425;7;0;2;3;1;1
202300008541;155 665 423;7;0;2;1;2;1
202300008541;155 665 428;7;0;2;4;2;1
202300008542;155 665 422;7;0;2;2;11;1
202300008542;155 665 427;7;1;0;3;20;1
202300008543;155 665 420;2;2;0;0;26;1
202300008544;155 665 419;99;0;2;4;1;1
202300008544;155 665 424;32;0;2;1;17;1
202300008545;155 665 418;7;0;0;0;0;1
202300008546;155 665 415;7;0;2;3;13;0
202300008546;155 665 417;7;0;2;3;2;0
202300008547;155 665 413;7;8;0;2;1;1
202300008548;155 665 410;37;0;1;1;1;1
202300008549;155 665 409;7;0;2;1;19;1
202300008549;155 665 414;2;0;2;2;9;1
202300008550;155 665 407;7;0;2;1;0;1
202300008550;155 665 412;7;0;2;7;5;1
202300008551;155 665 404;7;0;2;1;2;0
202300008551;155 665 408;7;0;2;4;2;0
202300008551;155 665 411;7;0;2;4;2;0
202300008551;155 665 416;7;0;2;4;2;0
202300008552;155 665 403;7;0;2;2;1;1
202300008552;155 665 406;33;0;2;1;5;1
202300008553;155 665 405;50;0;1;1;1;3
202300008554;155 665 400;7;0;2;1;15;1
202300008554;155 665 402;33;0;2;8;1;1
202300008555;155 665 399;7;6;0;1;1;1
202300008556;155 665 395;7;0;2;3;20;1
202300008556;155 665 401;33;1;0;2;1;1
202300008557;155 665 394;7;0;2;1;1;1
202300008557;155 665 396;80;0;2;2;15;3
202300008558;155 665 390;7;0;2;3;13;1
202300008558;155 665 393;7;0;2;6;2;1
202300008558;155 665 398;7;0;2;3;1;1
202300008559;155 665 387;7;0;2;7;1;1
202300008559;155 665 391;1;0;2;8;1;5
202300008560;155 665 389;7;0;2;8;11;0
202300008560;155 665 392;31;0;2;2;3;1
202300008560;155 665 397;7;0;2;4;2;1
202300008561;155 665 385;7;9;0;1;1;1
202300008562;155 665 384;7;0;2;1;2;1
202300008562;155 665 388;7;0;2;4;1;1
202300008563;155 665 382;7;0;9;1;9;1
202300008563;155 665 383;1;0;2;7;1;5
202300008564;155 665 378;7;13;0;1;13;1
202300008565;155 665 379;2;13;0;1;13;1
202300008566;155 665 380;30;0;2;1;1;1
202300008566;155 665 386;7;0;2;5;1;1
202300008567;155 665 376;33;14;0;6;1;1
202300008568;155 665 377;10;0;2;2;12;1
202300008568;155 665 381;33;0;2;8;3;1
202300008569;155 665 372;7;0;2;1;15;1
202300008569;155 665 375;33;0;2;8;1;1
202300008570;155 665 371;7;13;0;1;1;1
202300008571;155 665 370;33;12;0;1;14;1
202300008572;155 665 374;7;6;0;0;0;1
202300008573;155 665 368;7;0;2;2;0;2
202300008573;155 665 373;7;0;2;1;1;1
202300008574;155 665 367;33;0;2;8;17;0
202300008575;155 665 366;33;0;2;1;3;1
202300008575;155 665 369;7;0;2;4;12;1
202300008576;155 665 365;7;6;0;8;13;1
202300008577;155 665 362;7;0;2;1;19;1
202300008577;155 665 364;33;0;0;3;1;1
202300008578;155 665 359;10;0;2;3;10;1
202300008578;155 665 363;43;0;2;2;1;1
202300008579;155 665 361;7;0;1;7;1;1
202300008580;155 665 357;14;0;2;4;2;1
202300008580;155 665 360;7;0;2;1;2;1
202300008581;155 665 356;33;0;2;2;17;1
202300008581;155 665 358;7;0;0;3;15;1
202300008582;155 665 351;7;4;0;3;1;1
202300008583;155 665 349;1;12;0;1;21;5
202300008584;155 665 350;7;0;2;6;19;1
202300008584;155 665 354;7;0;2;1;1;1
202300008585;155 665 346;7;0;2;2;17;1
202300008585;155 665 353;33;0;2;1;1;1
202300008585;155 665 355;15;0;2;2;1;1
202300008586;155 665 347;7;0;2;3;15;1
202300008586;155 665 352;7;0;2;1;17;1
202300008587;155 665 342;7;0;2;1;1;0
202300008587;155 665 348;7;0;2;3;19;0
202300008588;155 665 338;7;0;2;1;0;1
202300008588;155 665 344;33;0;2;1;0;1
202300008589;155 665 337;1;0;9;1;1;5
202300008589;155 665 341;1;0;9;8;15;5
202300008590;155 665 340;31;0;2;1;16;1
202300008590;155 665 343;15;0;2;3;1;1
202300008591;155 665 339;10;0;2;8;11;1
202300008591;155 665 345;32;0;2;7;3;1
202300008592;155 665 335;7;0;2;1;26;1
202300008592;155 665 336;14;0;2;1;26;1
202300008593;155 665 334;33;0;6;1;19;1
202300008594;155 665 328;7;0;0;3;1;0
202300008594;155 665 330;2;0;2;1;19;1
202300008595;155 665 326;33;0;2;0;13;1
202300008595;155 665 329;7;0;0;8;1;1
202300008595;155 665 333;10;0;0;2;1;1
202300008596;155 665 324;2;0;2;1;0;3
202300008596;155 665 332;7;0;9;8;15;0
202300008597;155 665 320;33;0;2;8;1;1
202300008597;155 665 323;7;0;9;1;1;1
202300008598;155 665 322;7;0;2;3;13;1
202300008598;155 665 327;32;0;2;7;1;1
202300008598;155 665 331;7;0;2;3;14;1
202300008599;155 665 316;10;0;2;1;19;1
202300008599;155 665 318;7;0;2;2;1;1
202300008600;155 665 315;33;0;2;3;1;1
202300008600;155 665 319;7;0;2;6;15;1
202300008601;155 665 317;13;0;2;8;22;6
202300008601;155 665 321;33;0;2;1;2;1
202300008601;155 665 325;7;0;2;7;23;2
202300008602;155 665 314;1;12;0;1;0;5
202300008603;155 665 312;33;0;1;1;1;1
202300008604;155 665 310;33;6;0;9;1;1
202300008605;155 665 313;7;8;0;1;13;1
202300008606;155 665 308;15;0;2;3;1;1
202300008606;155 665 311;7;0;2;3;13;2
202300008607;155 665 305;7;0;2;3;0;1
202300008607;155 665 307;10;0;2;3;0;1
202300008608;155 665 306;7;0;2;3;5;1
202300008608;155 665 309;17;12;2;3;1;1
202300008609;155 665 304;37;0;1;2;26;1
202300008610;155 665 303;33;15;9;1;1;0
202300008611;155 665 302;80;0;0;0;2;3
202300008612;155 665 300;7;8;0;1;13;1
202300008613;155 665 299;10;0;2;3;1;1
202300008613;155 665 301;7;0;2;3;13;1
202300008614;155 665 294;7;0;2;1;17;1
202300008614;155 665 296;7;0;2;1;2;1
202300008615;155 665 292;2;12;0;1;1;1
202300008616;155 665 293;21;0;2;5;17;1
202300008616;155 665 295;1;0;2;3;1;5
202300008617;155 665 290;1;0;2;8;1;5
202300008617;155 665 297;7;0;2;2;15;1
202300008618;155 665 287;33;0;0;1;0;1
202300008619;155 665 286;7;0;2;1;2;1
202300008619;155 665 289;17;0;0;4;2;1
202300008620;155 665 288;50;0;0;0;1;3
202300008621;155 665 285;10;0;2;4;2;1
202300008621;155 665 291;7;0;2;4;1;1
202300008621;155 665 298;7;0;2;1;2;1
202300008622;155 665 282;7;6;0;7;0;1
202300008623;155 665 280;10;0;2;1;9;1
202300008623;155 665 283;33;0;2;1;0;1