Num_Acc;id_vehicule;catv;obs;obsm;choc;manv;motor
202300009678;155 663 409;7;0;2;5;2;1
202300009678;155 663 410;10;0;2;1;2;1
202300009678;155 663 411;7;0;2;4;2;1
202300009678;155 663 412;7;0;2;4;2;1
202300009679;155 663 405;7;0;2;2;15;1
202300009679;155 663 407;7;0;2;1;16;1
202300009680;155 663 406;7;0;2;3;19;1
202300009680;155 663 408;33;14;2;1;1;1
202300009681;155 663 401;2;0;2;1;17;1
202300009681;155 663 403;7;0;2;3;15;1
202300009682;155 663 398;7;0;2;2;0;1
202300009682;155 663 400;7;0;2;8;2;1
202300009683;155 663 397;34;0;2;1;14;3
202300009683;155 663 399;7;0;2;5;14;1
202300009684;155 663 396;7;8;0;1;1;1
202300009685;155 663 393;7;0;2;1;10;1
202300009685;155 663 395;32;8;2;8;21;1
202300009686;155 663 392;60;0;2;0;0;5
202300009686;155 663 394;10;0;2;2;2;1
202300009687;155 663 390;7;0;2;2;15;1
202300009687;155 663 391;30;0;2;1;1;0
202300009688;155 663 389;10;0;1;1;11;1
202300009689;155 663 386;7;0;2;8;1;1
202300009689;155 663 388;7;0;2;3;15;1
202300009690;155 663 385;7;1;2;1;1;0
202300009690;155 663 387;7;0;2;3;13;1
202300009691;155 663 384;7;0;1;3;15;1
202300009692;155 663 383;10;1;1;4;4;1
202300009693;155 663 382;7;0;1;3;1;1
202300009694;155 663 379;33;0;2;1;1;1
202300009694;155 663 380;7;9;0;5;15;3
202300009695;155 663 378;34;0;2;8;1;1
202300009695;155 663 381;50;0;2;0;19;3
202300009696;155 663 376;2;0;2;1;1;1
202300009696;155 663 377;7;0;2;1;15;0
202300009697;155 663 375;37;0;1;1;15;1
202300009698;155 663 373;7;3;2;4;1;1
202300009698;155 663 374;7;3;2;1;2;1
202300009699;155 663 372;7;2;0;3;14;1
202300009700;155 663 370;1;0;2;1;2;5
202300009700;155 663 371;7;0;2;5;23;2
202300009701;155 663 368;7;0;2;3;21;1
202300009701;155 663 369;7;0;2;6;10;1
202300009702;155 663 367;7;15;0;2;1;1
202300009703;155 663 365;2;0;2;1;1;1
202300009703;155 663 366;80;0;2;6;15;3
202300009704;155 663 361;7;0;2;1;2;1
202300009704;155 663 363;7;0;2;5;1;1
202300009705;155 663 362;15;13;2;1;5;1
202300009705;155 663 364;7;0;2;1;1;1
202300009706;155 663 358;1;0;2;1;1;5
202300009706;155 663 360;2;0;9;1;1;1
202300009707;155 663 357;7;0;0;6;11;1
202300009707;155 663 359;2;0;2;2;17;1
202300009708;155 663 355;30;0;2;3;1;1
202300009708;155 663 356;7;0;2;3;15;1
202300009709;155 663 353;7;0;1;1;1;1
202300009710;155 663 352;7;0;2;3;13;1
202300009710;155 663 354;7;0;2;3;1;1
202300009711;155 663 350;10;0;2;2;15;1
202300009711;155 663 351;32;0;2;1;1;1
202300009712;155 663 347;7;0;2;1;2;1
202300009712;155 663 348;17;0;2;4;1;1
202300009713;155 663 344;30;0;2;3;17;3
202300009713;155 663 346;7;0;2;3;15;1
202300009714;155 663 343;33;0;2;1;1;1
202300009714;155 663 345;7;0;2;2;15;1
202300009715;155 663 340;7;0;2;1;1;1
202300009715;155 663 341;7;0;2;5;1;1
202300009715;155 663 342;10;0;2;4;1;1
202300009716;155 663 336;7;2;0;1;1;1
202300009717;155 663 335;7;0;2;1;1;1
202300009717;155 663 337;7;0;2;6;0;1
202300009717;155 663 338;7;0;2;5;6;1
202300009718;155 663 333;10;0;1;2;16;1
202300009719;155 663 332;7;0;9;1;1;1
202300009719;155 663 334;1;0;2;3;15;5
202300009720;155 663 330;7;0;2;1;1;1
202300009720;155 663 331;7;0;2;1;23;1
202300009721;155 663 326;7;0;2;2;5;1
202300009721;155 663 328;7;0;2;2;1;1
202300009721;155 663 329;7;0;2;1;1;1
202300009722;155 663 325;1;0;2;1;1;5
202300009722;155 663 327;7;0;2;2;15;1
202300009723;155 663 323;10;0;1;4;4;3
202300009724;155 663 322;7;0;2;1;15;1
202300009724;155 663 324;7;0;2;1;1;1
202300009725;155 663 321;3;0;1;1;16;3
202300009726;155 663 320;7;2;0;1;15;1
202300009727;155 663 318;33;0;2;7;1;1
202300009727;155 663 319;7;0;2;1;9;1
202300009728;155 663 316;7;14;0;1;1;1
202300009729;155 663 317;2;9;0;7;1;1
202300009730;155 663 311;7;0;2;1;13;1
202300009730;155 663 313;7;0;2;3;21;1
202300009730;155 663 315;7;0;2;1;1;1
202300009731;155 663 312;2;0;2;4;15;1
202300009731;155 663 314;7;0;2;3;9;1
202300009732;155 663 310;7;2;0;1;14;1
202300009733;155 663 308;7;0;1;3;15;1
202300009734;155 663 307;2;0;2;1;17;1
202300009734;155 663 309;7;0;9;8;15;1
202300009735;155 663 304;10;0;1;2;1;1
202300009736;155 663 302;43;13;0;1;0;1
202300009737;155 663 301;7;0;1;1;26;1
202300009738;155 663 299;2;0;0;9;15;1
202300009738;155 663 300;7;0;2;2;17;1
202300009739;155 663 297;7;0;2;3;13;1
202300009739;155 663 298;7;0;2;3;1;1
202300009740;155 663 295;7;0;2;1;0;1
202300009740;155 663 296;7;0;2;1;1;1
202300009741;155 663 293;33;0;2;1;1;1
202300009741;155 663 294;10;0;2;2;1;1
202300009742;155 663 289;7;0;2;3;1;1
202300009742;155 663 291;2;0;2;1;1;1
202300009743;155 663 288;7;0;2;3;1;1
202300009743;155 663 290;7;0;2;2;2;1
202300009743;155 663 292;7;0;2;3;13;1
202300009744;155 663 286;10;0;2;4;23;1
202300009744;155 663 287;1;0;2;0;0;5
202300009745;155 663 284;7;0;0;6;1;1
202300009745;155 663 285;2;0;2;1;1;1
202300009746;155 663 280;7;0;2;1;13;1
202300009746;155 663 282;10;0;2;1;1;1
202300009747;155 663 278;7;0;2;3;23;1
202300009747;155 663 279;7;0;2;3;1;1
202300009747;155 663 281;7;0;2;3;15;1
202300009748;155 663 276;10;0;0;0;0;0
202300009749;155 663 277;2;8;0;1;14;1
202300009750;155 663 273;7;0;2;3;13;1
202300009750;155 663 274;7;0;2;3;1;1
202300009750;155 663 275;7;0;2;3;1;1
202300009751;155 663 271;31;0;2;7;1;3
202300009751;155 663 272;7;0;2;2;9;1
202300009752;155 663 270;7;0;1;3;15;1
202300009753;155 663 268;7;0;2;2;2;1
202300009753;155 663 269;10;0;2;6;2;1
202300009754;155 663 265;7;0;2;1;13;1
202300009754;155 663 266;7;0;2;3;0;1
202300009754;155 663 267;7;0;2;1;1;1
202300009755;155 663 264;7;0;1;1;1;1
202300009756;155 663 263;7;0;2;1;1;1
202300009757;155 663 262;7;8;1;3;21;1
202300009758;155 663 260;30;1;2;6;2;1
202300009758;155 663 261;7;1;0;0;0;1
202300009759;155 663 259;7;0;0;1;21;1
202300009760;155 663 258;7;0;1;1;1;0
202300009761;155 663 257;7;0;1;2;16;0
202300009762;155 663 256;7;0;1;1;19;1
202300009763;155 663 255;41;1;0;1;2;-1
202300009764;155 663 254;7;5;0;2;14;1
202300009765;155 663 253;7;13;0;2;1;1
202300009766;155 663 251;2;0;2;1;1;1
202300009766;155 663 252;1;0;2;8;19;5
202300009767;155 663 250;7;0;1;1;1;1
202300009768;155 663 248;7;0;2;2;19;1
202300009768;155 663 249;7;0;2;6;1;1
202300009769;155 663 246;7;0;2;4;2;1
202300009769;155 663 247;10;0;2;1;2;1
202300009770;155 663 244;7;0;2;4;2;1
202300009770;155 663 245;7;0;2;1;2;1
202300009771;155 663 243;7;13;0;1;13;1
202300009772;155 663 241;33;0;2;1;2;1
202300009772;155 663 242;7;0;0;6;15;1
202300009773;155 663 239;7;0;2;2;15;1
202300009773;155 663 240;7;0;2;2;0;1
202300009774;155 663 237;99;0;2;1;1;1
202300009774;155 663 238;7;0;2;6;1;1
202300009775;155 663 236;7;0;1;7;1;1
202300009776;155 663 234;7;0;2;5;12;0
202300009776;155 663 235;7;0;2;3;17;1
202300009777;155 663 233;7;0;1;1;26;1
202300009778;155 663 232;7;0;1;1;16;1
202300009779;155 663 231;33;0;1;2;1;1
202300009780;155 663 229;7;0;2;1;9;1
202300009780;155 663 230;7;0;2;7;1;1
202300009781;155 663 228;50;0;0;1;1;3
202300009782;155 663 226;30;0;2;1;1;1
202300009782;155 663 227;10;0;2;4;1;0
202300009783;155 663 225;7;0;1;3;16;0
202300009784;155 663 223;7;0;2;5;9;2
202300009784;155 663 224;7;0;2;3;1;1
202300009785;155 663 222;7;0;1;1;2;1
202300009786;155 663 220;31;0;2;7;1;1
202300009786;155 663 221;7;0;2;1;16;0
202300009787;155 663 218;7;0;0;4;1;1
202300009787;155 663 219;7;0;2;1;2;1
202300009788;155 663 217;7;8;0;1;13;1
202300009789;155 663 215;7;0;2;1;1;1
202300009789;155 663 216;33;0;2;1;13;1
202300009790;155 663 213;7;0;0;4;26;1
202300009790;155 663 214;7;0;2;1;1;1
202300009791;155 663 211;7;0;2;5;15;3
202300009791;155 663 212;33;14;0;7;1;1
202300009792;155 663 209;10;0;0;2;1;1
202300009792;155 663 210;30;0;2;1;1;1
202300009793;155 663 207;7;0;2;2;12;2
202300009793;155 663 208;32;12;2;9;1;1
202300009794;155 663 205;7;0;2;1;15;1
202300009794;155 663 206;7;5;2;7;0;1
202300009795;155 663 203;32;0;2;1;17;1
202300009795;155 663 204;7;0;2;3;15;1
202300009796;155 663 202;7;0;1;2;0;1
202300009797;155 663 201;7;0;1;1;26;1
202300009798;155 663 199;43;0;2;1;2;1
202300009798;155 663 200;10;0;2;6;2;1
202300009799;155 663 197;7;0;2;5;2;2
202300009799;155 663 198;10;0;2;3;2;1
202300009800;155 663 195;31;0;2;4;2;3
202300009800;155 663 196;7;0;2;2;2;1
202300009801;155 663 194;1;0;5;2;1;5
202300009802;155 663 193;30;0;1;7;1;-1
202300009803;155 663 191;33;0;2;1;1;0
202300009803;155 663 192;1;0;2;7;1;5
202300009804;155 663 190;50;0;1;1;1;3
202300009805;155 663 188;7;0;2;3;15;2
202300009805;155 663 189;50;0;2;1;1;3
202300009806;155 663 186;7;0;2;2;16;2
202300009806;155 663 187;1;0;2;1;19;5
202300009807;155 663 185;7;0;1;7;1;1
202300009808;155 663 184;1;0;1;1;1;5
202300009809;155 663 182;1;0;2;0;15;5
202300009809;155 663 183;10;0;2;0;17;1
202300009810;155 663 181;7;0;1;3;0;1
202300009811;155 663 179;33;0;2;1;17;1
202300009811;155 663 180;7;0;2;7;15;1
202300009812;155 663 177;50;0;2;1;1;3
202300009812;155 663 178;7;0;2;7;1;2
202300009813;155 663 175;7;0;2;7;20;1
202300009813;155 663 176;50;0;2;7;0;3
202300009814;155 663 173;7;0;2;1;2;1
202300009814;155 663 174;7;0;2;4;2;1
202300009815;155 663 172;7;0;2;0;0;1
202300009816;155 663 171;10;0;1;2;2;1
202300009817;155 663 169;50;0;2;1;1;3
202300009817;155 663 170;7;0;2;5;16;1
202300009818;155 663 167;2;0;2;1;17;1
202300009818;155 663 168;7;0;2;3;15;1
202300009819;155 663 165;7;0;2;2;1;1
202300009819;155 663 166;7;0;2;1;1;1
202300009820;155 663 163;7;0;2;3;16;1
202300009820;155 663 164;7;0;2;2;21;1
202300009821;155 663 162;7;0;1;2;1;0
202300009822;155 663 160;10;0;2;6;20;1
202300009822;155 663 161;33;0;2;3;21;1
202300009823;155 663 157;7;1;0;6;2;0
202300009823;155 663 158;10;1;0;1;2;3
202300009823;155 663 159;43;1;0;1;2;1
202300009824;155 663 155;50;0;2;2;1;3
202300009824;155 663 156;7;0;2;3;20;1
202300009825;155 663 153;7;0;2;3;15;0
202300009825;155 663 154;42;0;2;1;1;1
202300009826;155 663 152;10;0;1;1;1;1
202300009827;155 663 150;33;0;2;7;1;1
202300009827;155 663 151;7;0;2;1;15;1
202300009828;155 663 149;7;0;1;1;1;1
202300009829;155 663 147;39;0;2;1;1;3
202300009829;155 663 148;7;15;4;7;5;1
202300009830;155 663 145;7;0;2;8;1;1
202300009830;155 663 146;7;0;2;1;15;1
202300009831;155 663 143;10;13;2;6;24;1
202300009831;155 663 144;7;0;2;2;21;1
202300009832;155 663 141;7;0;2;4;1;1
202300009832;155 663 142;33;0;2;1;2;1
202300009833;155 663 140;7;4;0;3;0;1
202300009834;155 663 138;34;0;2;8;2;1
202300009834;155 663 139;7;0;2;7;12;1
202300009835;155 663 136;7;0;2;7;12;1
202300009835;155 663 137;33;0;2;8;3;1
202300009836;155 663 135;10;0;1;3;15;1
202300009837;155 663 133;7;0;2;2;1;1
202300009837;155 663 134;32;-1;2;1;15;-1
202300009838;155 663 131;7;0;2;8;0;1
202300009838;155 663 132;7;0;2;1;19;1
202300009839;155 663 129;7;0;2;6;11;0
202300009839;155 663 130;7;0;2;2;1;1
202300009840;155 663 128;7;4;0;9;9;1
202300009841;155 663 126;7;0;2;4;1;1
202300009841;155 663 127;10;0;2;1;1;1
202300009842;155 663 125;50;0;0;7;21;3
202300009843;155 663 123;10;0;2;3;11;1
202300009843;155 663 124;7;0;2;2;1;1
202300009844;155 663 122;7;0;1;3;9;1
202300009845;155 663 121;7;0;1;1;1;1
202300009846;155 663 119;7;0;2;1;2;1
202300009846;155 663 120;7;0;2;4;15;1
202300009847;155 663 117;1;0;2;0;0;5
202300009847;155 663 118;7;0;9;1;26;0
202300009848;155 663 115;30;0;2;1;1;1
202300009848;155 663 116;7;0;2;4;1;1
202300009849;155 663 114;7;13;0;1;13;1
202300009850;155 663 109;7;0;2;1;2;1
202300009850;155 663 110;7;0;2;1;2;1
202300009851;155 663 107;7;0;2;3;15;1
202300009851;155 663 108;33;0;2;3;1;1
202300009852;155 663 102;7;0;2;1;26;1
202300009852;155 663 103;7;0;2;4;23;1
202300009852;155 663 104;7;0;2;4;26;1
202300009852;155 663 105;7;0;2;4;26;1
202300009852;155 663 106;7;0;2;0;10;1
202300009853;155 663 100;1;0;2;2;1;5
202300009853;155 663 101;7;0;2;6;24;1
202300009854;155 663 098;2;0;2;1;2;1
202300009854;155 663 099;7;0;2;8;10;1
202300009855;155 663 096;50;0;0;0;0;5
202300009855;155 663 097;7;0;0;1;16;1
202300009856;155 663 094;30;0;2;3;1;1
202300009856;155 663 095;7;0;2;2;15;1
202300009857;155 663 092;7;0;2;4;0;1
202300009857;155 663 093;10;0;2;1;26;0
202300009858;155 663 090;7;0;2;1;9;1
202300009858;155 663 091;2;0;2;7;1;1
202300009859;155 663 088;7;0;2;4;1;1
202300009859;155 663 089;7;0;2;1;1;1
202300009860;155 663 087;7;8;0;1;0;1
202300009861;155 663 085;30;1;0;8;1;3
202300009861;155 663 086;7;0;2;2;15;1
202300009862;155 663 083;7;0;2;3;1;1
202300009862;155 663 084;7;0;2;2;1;1
202300009863;155 663 082;7;0;1;2;1;0
202300009864;155 663 080;7;0;2;1;1;1
202300009864;155 663 081;1;0;2;3;1;5
202300009865;155 663 078;50;0;2;8;1;3
202300009865;155 663 079;7;0;2;2;1;1
202300009866;155 663 076;7;0;2;1;13;1
202300009866;155 663 077;10;0;2;1;1;1
202300009867;155 663 074;7;0;2;1;1;1
202300009867;155 663 075;99;0;2;1;1;0
202300009868;155 663 073;7;3;0;1;14;1
202300009869;155 663 071;7;0;2;8;1;1
202300009869;155 663 072;10;0;2;1;9;1
202300009870;155 663 069;7;0;2;1;2;1
202300009870;155 663 070;7;0;2;4;23;2
202300009871;155 663 067;7;0;2;2;2;1
202300009871;155 663 068;30;0;2;3;13;1
202300009872;155 663 066;7;0;1;0;26;1
202300009873;155 663 064;33;0;2;4;16;1
202300009873;155 663 065;7;0;2;3;9;1
202300009874;155 663 062;1;0;2;5;1;5
202300009874;155 663 063;7;0;2;1;9;1
202300009875;155 663 061;7;0;1;2;26;6
202300009876;155 663 060;7;0;0;9;1;1
202300009877;155 663 058;7;0;2;1;2;1
202300009877;155 663 059;7;0;2;4;2;1
202300009878;155 663 056;33;0;2;1;1;1
202300009878;155 663 057;7;0;2;3;15;1
202300009879;155 663 054;7;0;2;2;16;1
202300009879;155 663 055;2;0;2;3;16;1
202300009880;155 663 052;7;3;2;7;15;1
202300009880;155 663 053;7;0;2;1;2;1
202300009881;155 663 050;7;0;2;1;2;1
202300009881;155 663 051;7;0;2;4;2;1
202300009882;155 663 048;37;0;2;5;1;1
202300009882;155 663 049;1;0;2;0;1;5
202300009883;155 663 046;32;0;0;8;9;1
202300009883;155 663 047;31;0;2;1;1;1
202300009884;155 663 044;7;0;2;5;20;1
202300009884;155 663 045;30;0;2;1;18;1
202300009885;155 663 042;50;0;2;1;16;3
202300009885;155 663 043;7;0;2;1;1;3
202300009886;155 663 041;80;12;0;8;15;3
202300009887;155 663 040;30;12;0;1;13;1
202300009888;155 663 038;32;0;2;1;1;1
202300009888;155 663 039;7;0;2;2;15;1
202300009889;155 663 036;7;0;2;2;1;1
202300009889;155 663 037;33;0;2;2;1;1
202300009890;155 663 033;33;2;0;1;17;1
202300009891;155 663 031;30;1;2;1;1;1
202300009891;155 663 032;7;0;2;6;23;1
202300009892;155 663 029;7;4;0;4;2;2
202300009892;155 663 030;7;4;2;1;26;1
202300009893;155 663 027;7;0;2;2;16;0
202300009893;155 663 028;31;0;2;3;1;0
202300009894;155 663 024;7;0;2;0;0;1
202300009894;155 663 025;3;0;2;0;0;1
202300009894;155 663 026;7;0;2;4;0;1
202300009895;155 663 022;7;0;2;2;15;0
202300009895;155 663 023;32;0;2;3;1;3
202300009896;155 663 021;34;0;1;1;1;1
202300009897;155 663 019;10;0;2;3;1;1
202300009897;155 663 020;2;0;2;1;1;1
202300009898;155 663 017;7;0;2;1;1;0
202300009898;155 663 018;7;0;2;0;0;0
202300009899;155 663 015;7;0;2;1;15;1
202300009899;155 663 016;7;0;2;0;0;1
202300009900;155 663 014;33;1;0;1;1;1
202300009901;155 663 011;2;13;0;1;14;1
202300009902;155 663 008;7;0;2;4;9;0
202300009902;155 663 009;7;0;0;2;1;0
202300009902;155 663 010;7;0;2;1;9;0
202300009903;155 663 006;33;0;2;1;1;1
202300009903;155 663 007;7;0;2;5;15;1
202300009904;155 663 004;7;0;2;1;5;1
202300009904;155 663 005;10;0;2;1;5;1
202300009905;155 663 002;7;0;2;1;1;1
202300009905;155 663 003;7;0;2;3;1;0
202300009906;155 663 001;33;13;0;3;1;1
202300009907;155 663 000;7;13;0;9;1;0
202300009908;155 662 998;7;0;2;3;1;1
202300009908;155 662 999;7;0;2;3;1;1
202300009909;155 662 997;7;0;0;1;1;1
202300009910;155 662 996;33;13;0;1;1;1
202300009911;155 662 994;7;0;2;2;15;1
202300009911;155 662 995;33;0;2;1;1;1
202300009912;155 662 993;33;15;0;9;1;1
202300009913;155 662 991;1;0;0;7;14;5
202300009914;155 662 988;7;14;0;1;1;1
202300009914;155 662 989;7;0;2;3;1;1
202300009914;155 662 990;7;0;2;3;13;1
202300009915;155 662 986;7;0;2;3;15;0
202300009915;155 662 987;1;0;2;8;15;5
202300009916;155 662 984;7;0;2;7;17;1
202300009916;155 662 985;33;0;2;8;11;1
202300009917;155 662 983;7;0;0;9;1;1
202300009918;155 662 982;33;13;0;8;10;1
202300009919;155 662 979;2;13;0;1;1;1
202300009920;155 662 978;7;0;0;9;1;1
202300009921;155 662 976;7;1;0;1;1;1
202300009921;155 662 977;7;0;0;4;23;1
202300009922;155 662 974;33;0;0;1;0;1
202300009922;155 662 975;7;0;0;1;15;1
202300009923;155 662 972;2;14;0;0;1;1
202300009924;155 662 971;7;0;1;1;1;1
202300009925;155 662 969;33;0;2;1;13;1
202300009925;155 662 970;7;0;2;1;1;1
202300009926;155 662 968;7;0;0;1;1;0
202300009927;155 662 966;7;0;2;8;9;1
202300009927;155 662 967;33;0;2;1;1;1
202300009928;155 662 964;7;0;2;8;1;1
202300009928;155 662 965;7;8;2;8;13;1
202300009929;155 662 962;33;0;2;1;13;1
202300009929;155 662 963;7;0;2;1;1;1
202300009930;155 662 960;2;0;2;3;13;1
202300009930;155 662 961;10;0;2;8;1;1
202300009931;155 662 957;7;0;0;6;15;1
202300009931;155 662 958;7;0;2;1;1;1
202300009932;155 662 956;33;0;0;0;0;0
202300009933;155 662 955;36;0;0;0;1;1
202300009934;155 662 952;7;0;2;1;15;1
202300009934;155 662 953;7;0;2;1;1;1
202300009934;155 662 954;33;0;2;2;1;1
202300009935;155 662 951;31;13;0;0;0;1
202300009936;155 662 949;33;3;0;9;1;1
202300009936;155 662 950;33;0;0;9;1;1
202300009937;155 662 947;1;0;2;1;9;5
202300009937;155 662 948;7;0;9;2;1;0
202300009938;155 662 946;7;2;0;3;13;0
202300009939;155 662 944;7;0;2;6;9;1
202300009939;155 662 945;1;0;2;7;26;5
202300009940;155 662 943;32;1;0;1;1;1
202300009941;155 662 942;33;3;0;2;2;1
202300009942;155 662 940;7;0;2;1;1;1
202300009942;155 662 941;7;0;2;2;19;1
202300009943;155 662 939;33;12;0;1;0;1
202300009944;155 662 938;7;0;1;2;1;1
202300009945;155 662 936;7;0;2;9;1;1
202300009945;155 662 937;7;0;2;3;19;1
202300009946;155 662 935;7;0;0;9;21;1
202300009947;155 662 933;7;0;2;1;17;0
202300009947;155 662 934;33;0;0;6;1;1
202300009948;155 662 932;7;3;0;5;2;1
202300009949;155 662 929;7;0;2;3;5;1
202300009949;155 662 930;7;0;2;3;1;1
202300009949;155 662 931;7;0;9;1;1;1
202300009950;155 662 927;7;0;2;4;26;0
202300009950;155 662 928;10;0;2;1;26;1
202300009951;155 662 925;7;0;2;6;13;1
202300009951;155 662 926;33;0;2;2;3;1
202300009952;155 662 924;7;0;1;2;1;1
202300009953;155 662 923;33;6;0;1;1;1
202300009954;155 662 920;7;0;2;1;2;1
202300009954;155 662 921;7;0;2;4;2;1
202300009954;155 662 922;7;0;2;4;2;1
202300009955;155 662 918;7;3;2;1;1;1
202300009955;155 662 919;7;3;2;1;1;1
202300009956;155 662 916;7;4;2;1;11;1
202300009956;155 662 917;7;4;2;5;1;1
202300009957;155 662 914;33;0;2;3;3;1
202300009957;155 662 915;7;0;2;2;12;1
202300009958;155 662 910;7;0;2;8;10;1
202300009958;155 662 911;10;0;2;2;2;1
202300009959;155 662 908;32;0;2;2;1;1
202300009959;155 662 909;10;0;2;7;0;1
202300009960;155 662 906;7;1;2;5;1;1
202300009960;155 662 907;7;1;2;9;18;2
202300009961;155 662 904;33;0;2;1;1;1
202300009961;155 662 905;7;0;2;3;15;1
202300009962;155 662 902;80;0;2;8;2;3
202300009962;155 662 903;7;0;2;2;17;1
202300009963;155 662 900;7;0;2;4;23;1
202300009963;155 662 901;7;0;2;1;1;1
202300009964;155 662 899;7;1;0;1;1;1
202300009965;155 662 898;33;13;0;1;1;1
202300009966;155 662 896;7;0;2;3;1;1
202300009966;155 662 897;50;0;2;7;9;3
202300009967;155 662 895;33;5;0;7;1;1
202300009968;155 662 893;1;0;2;1;16;0
202300009968;155 662 894;7;0;2;2;16;1
202300009969;155 662 891;2;0;2;8;19;1
202300009969;155 662 892;37;0;2;2;1;3
202300009970;155 662 890;7;0;1;3;1;1
202300009971;155 662 888;7;0;2;1;1;1
202300009971;155 662 889;7;0;2;1;1;1
202300009972;155 662 887;7;3;0;1;9;1
202300009973;155 662 886;33;13;0;7;15;1
202300009974;155 662 883;10;0;0;0;0;1
202300009974;155 662 885;17;0;0;1;1;1
202300009975;155 662 882;7;0;2;3;21;1
202300009975;155 662 884;7;0;2;2;21;1
202300009976;155 662 877;7;0;2;3;9;1
202300009976;155 662 879;50;0;2;1;25;3
202300009977;155 662 875;7;0;2;6;1;1
202300009977;155 662 876;7;0;2;1;9;1
202300009978;155 662 873;7;0;2;7;1;1
202300009978;155 662 874;7;0;2;1;2;3
202300009979;155 662 871;7;0;2;2;16;1
202300009979;155 662 872;1;0;2;8;15;5
202300009980;155 662 870;7;1;0;2;14;1
202300009981;155 662 868;10;0;2;2;16;1
202300009981;155 662 869;2;0;2;8;18;1
202300009982;155 662 866;33;0;2;1;1;1
202300009982;155 662 867;7;0;9;1;15;1
202300009983;155 662 864;33;0;2;1;1;1
202300009983;155 662 865;7;0;2;1;15;1
202300009984;155 662 863;7;0;1;1;1;1
202300009985;155 662 862;7;0;1;3;1;1
202300009986;155 662 861;7;1;0;2;14;1
202300009987;155 662 858;7;0;2;1;2;1
202300009987;155 662 859;7;0;2;6;2;1
202300009988;155 662 857;7;15;0;7;14;0
202300009989;155 662 852;7;0;2;1;16;1
202300009989;155 662 854;32;0;2;3;5;1
202300009990;155 662 853;7;0;2;7;1;1
202300009990;155 662 855;7;0;2;1;1;1
202300009991;155 662 849;31;0;2;1;1;1
202300009991;155 662 851;7;0;2;1;15;1
202300009992;155 662 848;7;0;2;3;1;1
202300009992;155 662 850;10;0;2;7;15;1
202300009993;155 662 845;7;0;2;1;15;1
202300009994;155 662 846;33;0;2;1;1;1
202300009994;155 662 847;7;0;2;5;15;1
202300009995;155 662 842;7;0;2;1;15;1
202300009995;155 662 843;36;0;2;3;1;0
202300009996;155 662 841;7;0;2;1;16;1
202300009996;155 662 844;7;0;2;3;1;1
202300009997;155 662 839;2;0;2;1;17;1
202300009997;155 662 840;7;0;2;3;15;1
202300009998;155 662 835;43;0;2;3;17;1
202300009998;155 662 837;7;0;2;1;11;1
202300009999;155 662 834;7;0;2;2;2;0
202300009999;155 662 836;7;0;2;4;2;0
202300009999;155 662 838;7;0;2;4;2;0
202300010000;155 662 831;80;0;2;1;1;3
202300010000;155 662 832;7;0;9;5;1;1
202300010001;155 662 830;33;0;2;2;3;1
202300010001;155 662 833;7;0;2;8;11;1
202300010002;155 662 829;30;16;0;0;1;1
202300010003;155 662 826;7;0;1;1;1;1
202300010004;155 662 827;7;0;2;5;2;1
202300010004;155 662 828;7;0;2;3;2;1
202300010005;155 662 823;7;0;2;8;1;1
202300010005;155 662 825;2;0;2;1;1;1
202300010006;155 662 822;80;0;2;3;1;3
202300010006;155 662 824;7;0;2;1;15;1
202300010007;155 662 819;80;0;2;7;1;3
202300010007;155 662 821;7;0;2;3;9;1
202300010008;155 662 817;50;0;0;0;15;3
202300010009;155 662 818;50;0;2;1;1;3
202300010009;155 662 820;7;0;2;3;1;2
202300010010;155 662 814;7;0;2;3;1;1
202300010010;155 662 816;3;0;2;1;13;1
202300010011;155 662 813;50;0;2;7;1;3
202300010011;155 662 815;7;0;2;3;1;1
202300010012;155 662 811;7;0;2;2;15;1
202300010012;155 662 812;30;0;2;3;1;1
202300010013;155 662 807;7;0;9;7;1;1
202300010013;155 662 809;33;0;2;3;13;1
202300010014;155 662 808;32;0;0;9;1;0
202300010014;155 662 810;7;0;2;3;10;1
202300010015;155 662 805;50;0;1;7;25;3
202300010016;155 662 804;1;0;0;0;0;5
202300010016;155 662 806;7;0;2;0;1;1
202300010017;155 662 802;7;0;1;0;1;1
202300010018;155 662 801;7;0;2;1;15;1
202300010018;155 662 803;1;0;2;8;1;5
202300010019;155 662 798;7;0;2;1;1;1
202300010019;155 662 799;7;0;0;4;1;1
202300010020;155 662 797;7;0;2;1;11;1
202300010020;155 662 800;1;0;2;2;1;5
202300010021;155 662 796;7;1;0;1;14;1
202300010022;155 662 795;7;0;1;2;0;1
202300010023;155 662 792;43;16;0;3;15;1
202300010023;155 662 794;80;0;2;2;5;3
202300010024;155 662 791;1;0;2;7;1;5
202300010024;155 662 793;7;0;2;1;9;1
202300010025;155 662 789;7;0;1;2;1;1
202300010026;155 662 788;7;0;2;8;15;1
202300010026;155 662 790;34;0;2;7;1;1
202300010027;155 662 786;7;0;2;1;26;1
202300010027;155 662 787;7;0;2;1;15;1
202300010028;155 662 782;7;0;2;4;2;1
202300010028;155 662 784;7;0;2;1;1;1