Num_Acc;id_vehicule;catv;obs;obsm;choc;manv;motor
202300010382;155 662 166;7;0;2;7;1;1
202300010382;155 662 171;1;0;2;1;1;5
202300010383;155 662 165;7;0;2;1;2;1
202300010383;155 662 167;10;0;2;4;2;3
202300010384;155 662 160;33;6;0;1;1;1
202300010385;155 662 157;10;0;2;6;1;1
202300010385;155 662 162;7;0;2;2;14;1
202300010386;155 662 159;33;0;2;1;7;1
202300010386;155 662 163;10;0;2;3;10;1
202300010387;155 662 158;10;0;0;4;23;1
202300010387;155 662 164;7;0;2;1;2;1
202300010388;155 662 155;14;0;2;4;2;1
202300010388;155 662 156;7;0;2;1;2;1
202300010389;155 662 154;7;0;2;1;1;0
202300010389;155 662 161;10;0;2;1;1;1
202300010390;155 662 149;33;0;2;1;1;1
202300010390;155 662 153;7;0;2;5;15;1
202300010391;155 662 146;7;0;2;4;1;1
202300010391;155 662 151;7;0;2;1;1;1
202300010392;155 662 145;7;0;2;4;23;1
202300010392;155 662 150;10;0;2;4;23;1
202300010392;155 662 152;10;0;2;1;1;1
202300010393;155 662 143;7;0;2;2;20;1
202300010393;155 662 147;43;0;2;3;1;1
202300010394;155 662 141;7;0;2;1;11;1
202300010394;155 662 144;7;0;2;4;23;3
202300010394;155 662 148;7;0;2;4;23;1
202300010395;155 662 137;7;2;0;3;1;1
202300010396;155 662 136;7;1;0;1;1;1
202300010397;155 662 134;7;0;2;0;9;1
202300010397;155 662 140;31;0;2;0;1;1
202300010398;155 662 129;7;0;2;4;1;1
202300010398;155 662 132;7;0;2;4;2;1
202300010398;155 662 135;7;0;2;4;2;1
202300010398;155 662 138;7;0;2;1;2;1
202300010399;155 662 127;7;0;2;3;15;1
202300010399;155 662 139;33;0;2;1;1;1
202300010399;155 662 142;7;0;2;1;1;1
202300010400;155 662 125;10;0;2;1;2;1
202300010400;155 662 128;10;0;2;4;2;1
202300010400;155 662 133;10;0;2;4;2;1
202300010401;155 662 122;7;0;2;8;1;1
202300010401;155 662 126;7;0;2;8;1;1
202300010401;155 662 131;7;2;2;9;17;1
202300010402;155 662 124;33;0;2;1;1;0
202300010402;155 662 130;7;9;0;7;6;1
202300010403;155 662 119;7;0;2;7;12;1
202300010403;155 662 121;33;0;2;1;1;1
202300010404;155 662 120;7;0;2;3;9;1
202300010404;155 662 123;1;0;2;1;1;0
202300010405;155 662 113;7;0;2;1;2;1
202300010405;155 662 115;7;0;2;4;2;1
202300010406;155 662 111;7;0;2;2;15;0
202300010406;155 662 116;7;0;2;1;0;0
202300010407;155 662 107;7;0;2;7;2;1
202300010407;155 662 110;7;0;2;4;2;1
202300010407;155 662 117;7;0;2;1;2;1
202300010408;155 662 112;7;0;2;2;15;1
202300010408;155 662 118;33;0;2;1;1;1
202300010409;155 662 103;7;0;2;4;2;2
202300010409;155 662 105;7;0;2;4;2;1
202300010409;155 662 109;7;0;2;4;2;1
202300010409;155 662 114;7;0;2;1;2;1
202300010410;155 662 102;7;0;1;1;1;1
202300010411;155 662 100;7;0;2;8;1;1
202300010411;155 662 101;14;0;2;2;12;1
202300010412;155 662 097;7;0;2;1;1;1
202300010412;155 662 104;7;0;2;1;13;1
202300010413;155 662 095;7;0;2;1;13;1
202300010413;155 662 098;7;0;2;3;1;1
202300010414;155 662 094;7;0;2;1;2;0
202300010414;155 662 096;7;0;2;4;2;0
202300010415;155 662 092;7;0;2;6;9;1
202300010415;155 662 099;7;0;2;1;9;1
202300010416;155 662 090;7;0;1;3;21;1
202300010417;155 662 089;32;0;2;7;1;1
202300010417;155 662 093;10;0;2;5;4;1
202300010418;155 662 088;10;0;2;1;1;4
202300010418;155 662 091;7;0;2;4;14;1
202300010419;155 662 085;7;0;2;1;2;0
202300010419;155 662 087;7;0;2;4;2;0
202300010420;155 662 081;7;0;1;8;15;1
202300010421;155 662 083;7;0;2;3;15;1
202300010421;155 662 086;33;0;2;2;17;1
202300010422;155 662 078;7;0;2;1;13;1
202300010422;155 662 084;7;0;2;1;1;1
202300010423;155 662 080;50;0;2;1;5;3
202300010423;155 662 082;7;0;2;2;9;1
202300010424;155 662 075;7;0;2;2;2;1
202300010424;155 662 077;7;0;2;6;1;3
202300010425;155 662 073;7;0;2;1;2;1
202300010425;155 662 076;10;0;2;4;2;1
202300010425;155 662 079;10;0;2;4;2;1
202300010426;155 662 072;10;2;0;1;1;1
202300010427;155 662 071;7;2;0;1;1;1
202300010428;155 662 070;7;0;2;1;1;6
202300010428;155 662 074;7;0;2;1;15;0
202300010429;155 662 064;7;0;1;1;2;1
202300010430;155 662 066;99;0;2;8;19;1
202300010430;155 662 068;7;0;2;1;9;1
202300010431;155 662 063;7;0;2;4;2;0
202300010431;155 662 067;7;0;2;1;1;0
202300010431;155 662 069;7;0;2;1;1;0
202300010432;155 662 062;33;0;2;2;3;1
202300010432;155 662 065;7;0;2;6;11;0
202300010433;155 662 060;7;0;1;3;26;1
202300010434;155 662 058;7;4;0;2;2;1
202300010435;155 662 056;7;0;2;1;13;1
202300010435;155 662 061;33;0;0;8;15;1
202300010436;155 662 055;7;0;2;1;1;1
202300010436;155 662 059;7;0;2;7;13;1
202300010437;155 662 052;10;0;2;1;1;1
202300010437;155 662 057;7;0;2;1;11;1
202300010438;155 662 051;7;0;2;1;1;1
202300010438;155 662 054;7;0;2;4;1;1
202300010439;155 662 049;1;0;2;7;1;5
202300010439;155 662 053;10;0;2;1;15;1
202300010440;155 662 048;7;13;0;2;1;1
202300010441;155 662 047;33;0;2;1;2;1
202300010441;155 662 050;10;0;2;4;11;1
202300010442;155 662 046;2;12;0;1;2;1
202300010443;155 662 042;7;13;0;1;1;1
202300010444;155 662 040;33;0;2;5;26;0
202300010444;155 662 044;7;0;2;3;0;1
202300010445;155 662 039;7;0;1;1;1;1
202300010446;155 662 037;10;0;2;1;2;1
202300010446;155 662 041;7;0;2;4;2;1
202300010447;155 662 035;7;0;0;1;21;1
202300010447;155 662 038;7;0;0;2;21;1
202300010448;155 662 032;7;0;2;3;13;1
202300010448;155 662 034;7;0;2;3;1;1
202300010449;155 662 033;32;0;2;1;3;1
202300010449;155 662 036;7;0;2;1;9;1
202300010450;155 662 030;7;0;1;1;1;1
202300010451;155 662 029;99;0;2;8;22;1
202300010451;155 662 031;30;0;2;2;17;3
202300010452;155 662 028;7;0;1;4;26;1
202300010453;155 662 027;7;13;0;2;1;1
202300010454;155 662 026;7;6;0;1;19;1
202300010455;155 662 024;33;5;0;8;1;1
202300010456;155 662 021;10;0;2;8;11;1
202300010456;155 662 023;33;0;2;7;2;1
202300010457;155 662 020;7;0;2;3;15;1
202300010457;155 662 025;7;0;2;2;1;1
202300010458;155 662 018;7;0;2;3;15;1
202300010458;155 662 022;30;0;2;1;1;1
202300010459;155 662 014;1;10;0;4;2;5
202300010460;155 662 013;7;0;2;3;11;1
202300010460;155 662 015;33;0;2;2;1;1
202300010461;155 662 011;7;0;2;5;17;1
202300010461;155 662 019;7;0;2;3;1;1
202300010462;155 662 012;37;0;2;1;1;2
202300010462;155 662 017;30;0;2;1;1;1
202300010463;155 662 010;10;0;1;1;15;1
202300010464;155 662 009;7;0;2;3;15;2
202300010464;155 662 016;7;0;2;1;15;1
202300010465;155 662 003;7;0;2;1;1;1
202300010465;155 662 007;7;0;2;4;1;1
202300010466;155 662 002;7;0;1;1;1;1
202300010467;155 662 008;33;3;0;0;0;1
202300010468;155 662 000;7;0;0;3;0;1
202300010468;155 662 006;7;0;2;1;1;1
202300010469;155 662 001;7;0;2;1;16;1
202300010469;155 662 004;7;0;2;8;15;1
202300010470;155 661 999;33;0;2;1;13;1
202300010470;155 662 005;7;0;2;3;15;1
202300010471;155 661 996;31;0;2;1;3;1
202300010471;155 661 998;10;0;2;4;1;1
202300010472;155 661 993;7;0;2;8;15;1
202300010472;155 661 997;2;0;2;1;1;1
202300010473;155 661 991;7;10;0;2;14;1
202300010473;155 661 994;21;0;0;0;1;0
202300010474;155 661 988;2;0;2;8;15;1
202300010474;155 661 995;10;0;2;2;1;1
202300010475;155 661 990;50;0;1;1;25;3
202300010476;155 661 987;80;0;2;1;1;3
202300010476;155 661 992;7;0;2;8;1;1
202300010477;155 661 982;7;0;2;2;1;1
202300010477;155 661 986;7;0;2;6;20;1
202300010478;155 661 981;2;0;2;1;1;1
202300010478;155 661 984;2;0;2;1;13;1
202300010479;155 661 980;7;0;2;1;1;1
202300010479;155 661 983;7;0;2;4;1;1
202300010479;155 661 985;7;0;2;4;1;1
202300010479;155 661 989;7;0;2;4;1;1
202300010480;155 661 979;7;0;0;1;2;1
202300010481;155 661 975;7;0;2;4;20;1
202300010481;155 661 978;7;0;2;1;2;1
202300010482;155 661 973;37;0;1;0;26;1
202300010483;155 661 972;7;4;2;8;0;1
202300010483;155 661 974;7;4;2;7;26;1
202300010484;155 661 971;21;0;2;1;16;1
202300010484;155 661 977;33;0;2;8;17;1
202300010485;155 661 970;2;15;0;8;26;1
202300010486;155 661 965;7;14;2;1;26;1
202300010486;155 661 969;7;0;2;3;26;6
202300010487;155 661 963;1;14;2;7;26;5
202300010487;155 661 968;10;14;2;1;9;0
202300010488;155 661 964;7;0;2;7;2;0
202300010488;155 661 967;2;0;2;8;2;1
202300010489;155 661 962;7;0;2;4;12;1
202300010489;155 661 966;34;0;2;1;3;1
202300010490;155 661 961;33;0;0;8;26;1
202300010491;155 661 956;7;15;0;1;1;1
202300010492;155 661 954;7;4;2;1;2;1
202300010492;155 661 957;14;4;2;4;2;1
202300010493;155 661 955;50;0;2;1;19;3
202300010494;155 661 951;2;0;2;7;17;1
202300010494;155 661 952;10;0;2;3;15;1
202300010495;155 661 945;7;14;0;1;2;1
202300010496;155 661 948;43;0;2;2;3;1
202300010496;155 661 949;33;0;2;3;2;1
202300010496;155 661 953;7;0;2;7;2;1
202300010496;155 661 958;7;0;2;7;2;1
202300010497;155 661 947;7;0;2;2;20;1
202300010497;155 661 950;33;0;2;1;2;1
202300010498;155 661 942;2;0;2;1;1;1
202300010498;155 661 946;7;0;2;7;15;0
202300010499;155 661 940;33;0;2;1;13;1
202300010499;155 661 943;34;0;2;1;1;1
202300010500;155 661 941;33;0;2;2;1;1
202300010500;155 661 944;7;0;2;2;15;1
202300010501;155 661 937;7;3;2;3;1;1
202300010501;155 661 939;7;3;2;8;1;1
202300010502;155 661 935;33;0;6;1;2;1
202300010503;155 661 934;7;0;1;1;2;1
202300010504;155 661 936;7;0;2;1;2;1
202300010504;155 661 938;7;0;2;4;2;1
202300010505;155 661 933;7;13;0;2;14;1
202300010506;155 661 932;7;14;0;1;16;1
202300010507;155 661 931;7;0;1;2;12;0
202300010508;155 661 929;7;13;0;3;0;1
202300010509;155 661 930;7;6;0;1;13;1
202300010510;155 661 925;7;0;2;1;15;1
202300010510;155 661 927;33;0;2;3;1;1
202300010511;155 661 924;7;0;2;4;2;1
202300010511;155 661 926;7;0;2;1;2;1
202300010512;155 661 923;32;0;2;1;1;1
202300010512;155 661 928;33;0;2;4;16;1
202300010513;155 661 920;7;0;1;1;15;1
202300010514;155 661 921;33;6;0;1;14;6
202300010515;155 661 917;7;0;2;6;12;1
202300010515;155 661 918;33;0;2;2;3;1
202300010516;155 661 919;7;12;0;1;1;1
202300010517;155 661 913;7;0;2;1;23;1
202300010517;155 661 916;7;0;1;1;13;1
202300010517;155 661 922;7;0;0;3;23;1
202300010518;155 661 911;7;0;2;0;10;1
202300010518;155 661 915;33;0;2;1;1;1
202300010519;155 661 907;33;0;2;1;3;1
202300010519;155 661 912;7;0;2;4;11;1
202300010520;155 661 909;7;0;2;5;15;0
202300010520;155 661 914;1;0;2;1;1;5
202300010521;155 661 905;7;0;2;1;1;1
202300010521;155 661 908;7;0;2;7;15;1
202300010522;155 661 906;50;0;2;3;1;3
202300010522;155 661 910;7;0;2;3;1;0
202300010523;155 661 902;7;0;1;4;4;1
202300010524;155 661 897;1;0;6;5;26;5
202300010525;155 661 896;7;0;2;4;2;1
202300010525;155 661 900;7;0;2;4;2;1
202300010525;155 661 903;7;0;2;1;2;1
202300010526;155 661 894;7;0;2;1;0;1
202300010526;155 661 899;7;0;2;8;1;1
202300010527;155 661 895;7;0;2;8;10;1
202300010527;155 661 898;30;0;2;1;1;1
202300010528;155 661 893;7;0;2;3;17;1
202300010528;155 661 901;7;0;2;3;1;1
202300010529;155 661 891;33;0;0;8;17;1
202300010530;155 661 890;15;15;2;7;26;1
202300010530;155 661 892;7;0;2;7;1;1
202300010531;155 661 888;7;0;2;3;1;1
202300010531;155 661 889;7;0;2;4;1;1
202300010532;155 661 886;7;0;1;1;1;1
202300010533;155 661 884;33;0;0;8;1;1
202300010534;155 661 887;7;0;1;1;1;0
202300010535;155 661 883;7;0;2;7;19;1
202300010535;155 661 885;10;0;2;1;1;1
202300010536;155 661 879;7;0;2;3;1;1
202300010536;155 661 882;7;4;2;1;12;1
202300010537;155 661 880;7;13;0;9;0;1
202300010538;155 661 877;7;0;2;3;10;1
202300010538;155 661 881;33;0;2;1;1;1
202300010539;155 661 874;34;0;2;1;17;1
202300010539;155 661 876;1;0;2;4;15;5
202300010540;155 661 871;7;1;2;9;26;1
202300010541;155 661 872;7;13;0;2;1;1
202300010542;155 661 868;33;0;2;1;3;1
202300010542;155 661 870;7;0;2;4;1;1
202300010542;155 661 873;7;0;2;4;1;1
202300010543;155 661 866;7;0;2;8;1;1
202300010543;155 661 869;10;0;2;1;1;1
202300010544;155 661 865;7;0;2;1;26;1
202300010544;155 661 867;7;0;0;4;1;1
202300010545;155 661 863;32;1;0;1;1;1
202300010546;155 661 859;33;0;2;7;1;1
202300010546;155 661 862;7;0;2;2;15;1
202300010547;155 661 860;50;0;2;1;1;3
202300010547;155 661 864;7;0;2;2;1;1
202300010548;155 661 855;7;2;0;0;1;1
202300010549;155 661 856;7;1;0;1;26;1
202300010549;155 661 858;7;0;2;4;24;1
202300010550;155 661 853;7;15;0;1;14;1
202300010551;155 661 854;7;0;2;4;1;1
202300010551;155 661 861;7;0;2;1;2;1
202300010552;155 661 852;60;0;2;1;19;5
202300010552;155 661 857;7;0;2;2;1;1
202300010553;155 661 849;1;0;2;3;15;5
202300010553;155 661 851;7;0;2;2;1;1
202300010554;155 661 847;10;8;0;2;1;1
202300010555;155 661 846;1;0;2;4;2;5
202300010555;155 661 850;33;0;9;1;2;1
202300010556;155 661 845;7;0;2;6;11;1
202300010556;155 661 848;43;0;2;2;1;1
202300010557;155 661 842;7;0;2;3;1;1
202300010557;155 661 843;7;0;2;3;1;1
202300010558;155 661 840;7;0;2;1;1;1
202300010558;155 661 844;7;0;2;1;1;1
202300010559;155 661 835;7;0;2;3;15;1
202300010559;155 661 839;32;0;2;7;17;1
202300010560;155 661 834;10;0;2;5;14;1
202300010560;155 661 837;33;0;2;1;3;1
202300010561;155 661 836;7;0;2;1;15;1
202300010561;155 661 841;33;0;2;1;1;1
202300010562;155 661 828;7;2;2;2;2;1
202300010562;155 661 830;1;0;2;8;2;5
202300010563;155 661 825;7;0;2;1;1;1
202300010563;155 661 829;10;0;2;4;1;1
202300010564;155 661 826;10;0;2;3;1;1
202300010564;155 661 832;10;0;2;3;13;1
202300010565;155 661 823;10;0;2;1;9;1
202300010565;155 661 827;7;0;2;7;2;1
202300010566;155 661 824;50;0;1;1;1;3
202300010567;155 661 822;7;0;1;6;4;1
202300010568;155 661 819;2;0;2;8;17;1
202300010568;155 661 821;7;0;2;1;16;1
202300010569;155 661 818;7;0;2;8;1;1
202300010569;155 661 820;15;0;2;2;12;1
202300010570;155 661 817;7;8;0;5;26;1
202300010571;155 661 815;7;0;1;8;17;1
202300010572;155 661 810;7;0;2;1;2;1
202300010572;155 661 814;7;0;2;4;2;1
202300010573;155 661 811;7;0;2;3;15;1
202300010573;155 661 816;1;0;2;2;5;5
202300010574;155 661 807;7;0;2;3;13;1
202300010574;155 661 812;7;0;2;3;1;1
202300010575;155 661 806;33;0;2;1;3;1
202300010575;155 661 809;10;0;2;0;12;1
202300010575;155 661 813;7;0;2;6;1;1
202300010576;155 661 803;30;12;0;8;1;1
202300010577;155 661 804;33;0;2;7;17;1
202300010577;155 661 808;7;0;2;8;15;1
202300010578;155 661 801;7;0;2;3;10;1
202300010578;155 661 805;43;0;2;1;1;1
202300010579;155 661 802;31;12;2;7;14;3
202300010580;155 661 797;7;0;2;3;18;1
202300010580;155 661 799;7;3;2;2;12;1
202300010581;155 661 796;7;0;0;6;15;1
202300010581;155 661 798;33;0;2;1;17;1
202300010581;155 661 800;33;0;2;1;17;1
202300010582;155 661 794;31;12;0;1;1;1
202300010583;155 661 791;13;0;2;7;16;1
202300010583;155 661 795;50;0;2;1;25;3
202300010584;155 661 787;43;0;2;1;12;1
202300010584;155 661 792;7;0;2;4;1;1
202300010585;155 661 790;7;0;2;2;16;1
202300010585;155 661 793;80;0;2;3;1;3
202300010586;155 661 786;7;0;2;8;10;1
202300010586;155 661 789;7;0;2;1;1;1
202300010587;155 661 784;15;0;2;6;1;0
202300010587;155 661 788;7;0;2;3;1;0
202300010588;155 661 779;7;16;0;0;1;1
202300010589;155 661 780;33;0;0;0;1;1
202300010590;155 661 778;99;0;2;0;0;3
202300010590;155 661 781;7;0;2;0;9;1
202300010590;155 661 783;7;0;2;0;0;1
202300010591;155 661 782;2;0;2;1;13;1
202300010591;155 661 785;7;0;2;3;1;1
202300010592;155 661 777;7;0;1;2;0;1
202300010593;155 661 775;21;13;0;9;15;1
202300010594;155 661 774;7;1;0;7;14;3
202300010595;155 661 770;7;0;2;3;13;1
202300010595;155 661 772;13;13;2;8;1;1
202300010595;155 661 776;10;8;2;8;1;1
202300010596;155 661 768;10;0;2;0;15;1
202300010596;155 661 773;7;0;2;1;21;2
202300010597;155 661 765;7;1;0;2;14;2
202300010598;155 661 766;33;0;2;1;1;1
202300010598;155 661 771;10;0;2;3;13;1
202300010599;155 661 764;7;0;2;1;1;1
202300010599;155 661 769;2;0;2;4;1;1
202300010600;155 661 763;2;0;2;0;16;1
202300010600;155 661 767;2;0;2;0;12;1
202300010601;155 661 759;7;0;2;1;1;1
202300010601;155 661 762;33;0;2;1;17;1
202300010602;155 661 758;7;8;0;1;2;1
202300010603;155 661 753;2;0;2;1;1;1
202300010603;155 661 756;50;0;2;4;2;3
202300010604;155 661 752;34;0;2;7;1;1
202300010604;155 661 761;10;0;2;1;1;1
202300010605;155 661 754;1;0;2;2;1;5
202300010605;155 661 757;1;0;2;1;0;5
202300010606;155 661 750;17;0;0;2;2;1
202300010606;155 661 751;1;0;0;4;2;5
202300010607;155 661 748;33;13;0;1;1;1
202300010608;155 661 746;10;0;2;5;24;0
202300010608;155 661 749;7;1;1;1;21;0
202300010609;155 661 745;7;6;1;2;1;2
202300010610;155 661 742;10;0;2;3;13;0
202300010610;155 661 744;33;0;2;3;1;1
202300010611;155 661 741;7;0;2;2;1;1
202300010611;155 661 747;33;0;2;8;1;1
202300010612;155 661 739;10;0;2;1;2;0
202300010612;155 661 743;7;0;0;0;0;0
202300010613;155 661 736;14;0;2;1;23;1
202300010613;155 661 740;7;0;2;1;13;1
202300010614;155 661 734;10;0;2;3;1;1
202300010614;155 661 738;7;0;2;3;13;1
202300010615;155 661 732;7;0;2;6;15;1
202300010615;155 661 737;1;0;2;1;1;5
202300010616;155 661 730;7;0;2;3;0;1
202300010616;155 661 733;33;0;2;3;0;1
202300010617;155 661 731;1;0;2;0;1;5
202300010617;155 661 735;7;0;2;8;22;1
202300010618;155 661 729;7;0;1;6;20;0
202300010619;155 661 728;7;0;1;1;26;1
202300010620;155 661 727;38;2;0;7;16;1
202300010621;155 661 721;7;0;0;3;1;0
202300010621;155 661 726;7;0;0;3;1;0
202300010622;155 661 722;7;0;2;1;5;0
202300010622;155 661 725;7;0;2;1;1;1
202300010623;155 661 719;7;0;2;5;22;1
202300010623;155 661 723;1;1;0;1;1;5
202300010624;155 661 720;7;0;2;3;2;1
202300010624;155 661 724;7;0;2;5;23;1
202300010625;155 661 718;7;0;1;5;23;1
202300010626;155 661 717;2;7;0;3;26;0
202300010627;155 661 714;7;0;9;1;1;0
202300010627;155 661 716;1;0;0;4;1;5
202300010628;155 661 713;10;0;1;1;1;0
202300010629;155 661 711;33;0;2;1;12;1
202300010629;155 661 715;17;0;0;6;2;0
202300010630;155 661 712;10;0;1;2;0;1
202300010631;155 661 707;7;0;1;2;21;1
202300010632;155 661 708;7;0;2;5;16;1
202300010632;155 661 709;1;0;2;1;1;5
202300010633;155 661 705;33;0;2;8;16;1
202300010633;155 661 710;7;0;2;7;14;1
202300010634;155 661 706;33;14;0;8;1;1
202300010635;155 661 703;7;1;0;3;1;1
202300010635;155 661 704;17;0;0;0;24;1
202300010636;155 661 699;10;0;2;1;26;1
202300010636;155 661 702;1;0;2;0;0;5
202300010637;155 661 697;7;0;2;4;26;1
202300010637;155 661 700;30;0;2;4;26;1
202300010638;155 661 696;32;0;2;2;1;1
202300010638;155 661 701;7;0;2;3;13;1
202300010639;155 661 694;1;1;2;7;1;5
202300010639;155 661 698;10;0;2;4;4;1
202300010640;155 661 692;7;0;2;8;1;1
202300010640;155 661 695;7;0;2;1;1;1
202300010641;155 661 693;7;4;0;2;14;1
202300010642;155 661 687;10;0;2;1;2;1
202300010642;155 661 690;7;0;2;4;23;1
202300010643;155 661 688;1;0;2;7;1;5
202300010643;155 661 691;7;0;2;1;9;1
202300010644;155 661 683;7;0;2;3;10;1
202300010644;155 661 686;33;1;2;1;2;1
202300010644;155 661 689;7;0;2;3;23;1
202300010645;155 661 682;7;0;1;4;4;1
202300010646;155 661 681;7;14;2;2;1;1
202300010646;155 661 685;7;0;2;3;9;1
202300010647;155 661 679;34;0;0;1;9;1
202300010648;155 661 676;80;0;2;7;19;3
202300010648;155 661 680;7;0;2;3;1;1
202300010649;155 661 678;7;5;2;0;0;0
202300010649;155 661 684;7;5;2;0;0;0
202300010650;155 661 674;10;0;1;1;16;1
202300010651;155 661 673;3;0;2;3;26;1
202300010651;155 661 675;50;0;0;0;0;3
202300010652;155 661 668;7;0;2;4;26;1
202300010652;155 661 670;1;0;2;1;2;5
202300010653;155 661 665;50;0;0;8;1;3
202300010653;155 661 672;7;0;9;3;1;1
202300010654;155 661 663;7;1;0;0;0;1
202300010654;155 661 671;32;1;0;3;16;0
202300010655;155 661 664;7;0;2;1;2;1
202300010655;155 661 669;7;0;0;4;1;1
202300010656;155 661 662;2;0;2;1;1;1
202300010656;155 661 667;10;0;2;8;10;1
202300010657;155 661 661;10;0;2;2;2;1
202300010657;155 661 666;3;0;2;3;2;1
202300010658;155 661 657;7;0;2;3;13;1
202300010658;155 661 660;7;0;2;3;1;1
202300010659;155 661 658;7;0;1;3;12;0
202300010660;155 661 655;40;0;2;3;1;3
202300010660;155 661 659;1;0;4;3;17;5
202300010661;155 661 650;30;0;2;1;3;1
202300010661;155 661 654;7;0;2;2;1;1
202300010661;155 661 656;7;0;2;8;0;1
202300010662;155 661 647;7;0;2;1;1;1
202300010662;155 661 652;7;0;2;2;15;1
202300010663;155 661 649;33;0;2;6;1;1
202300010663;155 661 653;7;0;2;2;14;1
202300010664;155 661 644;7;0;4;3;15;1
202300010664;155 661 646;40;0;2;2;1;3
202300010665;155 661 642;7;6;0;3;1;1
202300010666;155 661 643;7;0;2;3;1;1
202300010666;155 661 645;32;0;2;2;19;1
202300010667;155 661 640;3;0;0;1;0;-1
202300010668;155 661 639;7;0;1;1;1;1
202300010669;155 661 638;1;0;1;1;1;5
202300010670;155 661 637;2;0;2;1;1;1
202300010670;155 661 641;7;0;2;3;1;1
202300010671;155 661 633;7;0;2;1;1;1
202300010671;155 661 635;7;0;2;1;1;1
202300010672;155 661 632;7;0;2;3;13;1
202300010672;155 661 636;7;0;2;3;1;1
202300010673;155 661 628;1;0;0;8;26;5
202300010673;155 661 634;30;0;0;1;1;1
202300010674;155 661 631;32;1;0;4;1;0
202300010675;155 661 627;7;13;0;2;1;1
202300010676;155 661 625;7;0;2;1;2;1
202300010676;155 661 630;7;0;2;4;2;1
202300010677;155 661 623;7;0;2;3;1;1
202300010677;155 661 626;7;0;2;3;13;1
202300010678;155 661 622;2;0;2;1;21;1
202300010678;155 661 629;7;0;2;3;1;1
202300010679;155 661 621;32;0;2;2;13;0
202300010679;155 661 624;7;0;2;2;1;0
202300010680;155 661 620;50;0;0;0;25;3
202300010681;155 661 617;7;0;1;2;1;1
202300010682;155 661 615;7;0;0;8;0;0
202300010682;155 661 618;32;0;2;1;1;0
202300010683;155 661 611;2;0;2;1;17;0
202300010683;155 661 616;10;0;0;8;26;0
202300010684;155 661 610;30;0;2;1;1;1
202300010684;155 661 614;32;0;2;1;13;1
202300010685;155 661 608;7;0;2;3;13;1
202300010685;155 661 612;7;8;2;8;1;0
202300010685;155 661 619;10;0;2;1;1;1
202300010686;155 661 607;33;3;5;1;21;1
202300010687;155 661 606;7;0;2;2;1;1
202300010687;155 661 613;30;0;2;3;3;1
202300010688;155 661 605;7;0;2;1;1;1
202300010688;155 661 609;7;0;2;4;1;1
202300010689;155 661 603;2;0;0;7;1;1
202300010690;155 661 602;2;0;2;8;18;1
202300010690;155 661 604;7;0;2;2;16;1
202300010691;155 661 598;7;2;0;1;1;1
202300010692;155 661 597;80;0;2;1;1;3
202300010692;155 661 600;7;0;2;7;20;1
202300010693;155 661 601;10;8;1;2;14;1
202300010694;155 661 595;7;0;0;9;21;1
202300010695;155 661 596;0;0;0;0;0;0
202300010695;155 661 599;2;0;0;0;0;1
202300010696;155 661 592;34;0;2;7;0;1
202300010696;155 661 594;7;0;2;1;9;1
202300010697;155 661 589;50;16;0;0;1;3
202300010698;155 661 587;7;6;0;8;0;1
202300010699;155 661 588;7;0;0;2;15;1
202300010699;155 661 593;7;0;2;1;1;1
202300010700;155 661 586;7;0;2;7;17;1
202300010700;155 661 590;30;0;2;8;1;1
202300010701;155 661 583;10;0;2;3;2;1
202300010701;155 661 585;7;0;2;4;1;1
202300010701;155 661 591;7;0;2;1;2;1
202300010702;155 661 582;7;0;2;1;15;1
202300010702;155 661 584;32;0;2;1;2;1
202300010703;155 661 581;7;1;0;1;13;1
202300010704;155 661 580;33;0;0;0;15;1
202300010705;155 661 577;7;0;1;2;23;2
202300010706;155 661 575;7;0;0;0;0;2
202300010707;155 661 578;7;13;0;1;1;1
202300010708;155 661 574;7;0;2;1;5;1
202300010708;155 661 579;7;0;2;1;1;1
202300010709;155 661 572;1;0;2;1;9;5
202300010709;155 661 576;7;0;2;8;9;0
202300010710;155 661 571;7;0;2;1;1;1
202300010710;155 661 573;15;0;2;4;1;1
202300010711;155 661 569;7;2;0;3;13;1
202300010712;155 661 568;7;15;0;1;13;1
202300010713;155 661 570;7;0;1;1;15;1
202300010714;155 661 564;10;0;0;9;14;1
202300010715;155 661 563;7;0;2;1;2;1
202300010715;155 661 566;7;0;2;4;1;1
202300010716;155 661 562;7;0;2;2;15;1
202300010716;155 661 565;33;0;2;1;1;1
202300010717;155 661 560;7;16;0;9;13;1
202300010718;155 661 559;7;0;0;3;17;1
202300010718;155 661 567;7;0;0;3;1;1
202300010719;155 661 558;30;0;2;1;1;3
202300010719;155 661 561;7;0;2;3;15;1
202300010720;155 661 553;3;0;2;3;16;1
202300010720;155 661 557;7;0;2;2;1;1
202300010721;155 661 552;7;0;2;3;16;1
202300010721;155 661 556;1;0;2;7;1;5
202300010722;155 661 550;33;0;1;1;0;1
202300010723;155 661 548;7;0;2;1;0;1
202300010723;155 661 551;7;0;2;4;0;1
202300010723;155 661 555;7;0;2;0;0;1