Num_Acc;id_vehicule;catv;obs;obsm;choc;manv;motor
202300010724;155 661 549;7;0;2;4;15;1
202300010724;155 661 554;33;0;2;1;1;1
202300010725;155 661 545;7;0;9;4;10;0
202300010725;155 661 547;50;0;2;4;1;3
202300010726;155 661 543;7;0;1;2;1;1
202300010727;155 661 540;33;12;0;1;1;1
202300010728;155 661 538;7;3;2;1;12;1
202300010728;155 661 541;7;0;0;4;1;1
202300010729;155 661 537;7;0;2;2;15;1
202300010729;155 661 542;33;0;2;8;1;1
202300010730;155 661 532;10;3;2;1;1;1
202300010730;155 661 536;7;0;0;4;2;1
202300010730;155 661 539;7;0;0;4;2;1
202300010730;155 661 544;7;0;0;4;2;1
202300010730;155 661 546;7;0;0;4;2;1
202300010731;155 661 531;7;16;0;9;13;1
202300010732;155 661 529;7;13;0;1;14;1
202300010733;155 661 530;33;0;2;0;26;1
202300010733;155 661 534;7;0;2;0;23;1
202300010734;155 661 526;7;0;2;1;11;1
202300010734;155 661 528;7;0;2;4;1;1
202300010734;155 661 533;7;0;2;2;1;1
202300010734;155 661 535;7;0;2;0;1;1
202300010735;155 661 524;34;0;2;3;1;1
202300010735;155 661 527;7;0;0;8;2;0
202300010736;155 661 520;7;0;2;1;1;1
202300010736;155 661 525;33;0;2;1;13;1
202300010737;155 661 519;7;0;0;4;23;1
202300010737;155 661 523;7;0;2;1;2;1
202300010738;155 661 517;1;0;2;1;1;5
202300010738;155 661 521;7;0;2;1;15;1
202300010739;155 661 514;33;0;0;0;2;1
202300010740;155 661 511;33;0;0;4;1;1
202300010741;155 661 510;10;0;2;1;2;1
202300010741;155 661 513;13;0;2;4;2;1
202300010742;155 661 505;1;0;2;3;1;5
202300010742;155 661 509;7;0;9;3;15;1
202300010743;155 661 507;7;0;1;1;2;1
202300010744;155 661 504;7;0;2;1;1;1
202300010744;155 661 508;7;0;2;1;1;1
202300010745;155 661 503;33;13;0;1;1;1
202300010746;155 661 501;7;2;2;1;14;1
202300010747;155 661 500;7;0;2;1;2;1
202300010747;155 661 506;7;0;2;1;23;1
202300010747;155 661 512;7;0;0;4;23;1
202300010747;155 661 515;7;0;2;3;21;1
202300010747;155 661 522;10;0;2;3;1;1
202300010748;155 661 497;7;0;2;1;1;1
202300010748;155 661 502;7;0;0;4;2;1
202300010749;155 661 496;33;0;2;1;1;1
202300010749;155 661 499;7;0;0;8;10;1
202300010750;155 661 492;7;0;1;1;1;1
202300010751;155 661 493;7;0;2;3;13;1
202300010751;155 661 494;7;4;2;3;1;1
202300010752;155 661 491;1;0;2;3;1;5
202300010752;155 661 495;7;0;2;2;19;1
202300010753;155 661 486;7;0;2;6;1;1
202300010753;155 661 490;33;0;2;1;1;1
202300010754;155 661 484;37;0;1;1;1;6
202300010755;155 661 489;7;12;0;1;1;1
202300010756;155 661 487;7;2;0;3;1;1
202300010757;155 661 483;7;13;2;2;17;1
202300010757;155 661 488;14;0;0;3;1;1
202300010758;155 661 482;7;0;2;1;13;1
202300010758;155 661 485;7;0;2;1;1;1
202300010759;155 661 481;7;17;0;2;14;1
202300010760;155 661 479;7;11;0;2;1;1
202300010761;155 661 477;7;0;1;3;1;1
202300010762;155 661 475;7;12;2;7;26;1
202300010763;155 661 476;33;0;2;3;1;1
202300010763;155 661 480;7;0;2;1;19;1
202300010764;155 661 474;1;0;2;8;19;5
202300010764;155 661 478;10;0;9;3;1;1
202300010765;155 661 472;33;13;0;1;1;1
202300010766;155 661 468;7;0;2;1;13;1
202300010766;155 661 473;38;0;2;1;1;1
202300010767;155 661 467;7;0;2;1;0;6
202300010767;155 661 469;7;0;2;4;0;0
202300010768;155 661 466;7;0;2;3;1;1
202300010768;155 661 471;7;0;2;8;1;1
202300010769;155 661 465;7;0;1;6;20;1
202300010770;155 661 461;7;0;2;6;10;1
202300010770;155 661 470;7;0;2;1;1;1
202300010771;155 661 459;0;0;2;3;1;0
202300010771;155 661 463;34;0;2;6;1;1
202300010772;155 661 462;7;13;0;1;1;1
202300010773;155 661 458;7;0;2;1;17;1
202300010773;155 661 464;7;0;2;1;1;1
202300010774;155 661 456;7;0;2;3;13;1
202300010774;155 661 460;7;0;2;1;1;1
202300010775;155 661 455;15;0;2;1;1;1
202300010775;155 661 457;7;0;2;1;13;1
202300010776;155 661 451;7;0;1;1;1;1
202300010777;155 661 450;7;2;0;0;0;1
202300010778;155 661 448;7;0;2;1;1;1
202300010778;155 661 453;32;0;2;1;1;1
202300010779;155 661 449;7;0;9;1;0;1
202300010779;155 661 454;60;0;2;1;1;5
202300010780;155 661 447;31;0;2;1;0;1
202300010780;155 661 452;7;0;2;3;19;2
202300010781;155 661 442;7;0;2;1;13;1
202300010781;155 661 446;7;0;2;1;1;1
202300010782;155 661 440;7;12;0;1;1;1
202300010783;155 661 437;7;0;2;1;17;1
202300010783;155 661 443;2;0;2;4;2;1
202300010784;155 661 438;7;0;2;1;2;1
202300010784;155 661 441;7;0;2;4;2;1
202300010784;155 661 444;7;0;0;4;1;1
202300010785;155 661 436;7;13;2;3;5;1
202300010785;155 661 439;7;0;2;3;1;1
202300010785;155 661 445;7;0;2;3;1;1
202300010786;155 661 434;33;0;2;1;1;1
202300010786;155 661 435;7;0;2;2;15;0
202300010787;155 661 428;7;0;2;3;1;1
202300010787;155 661 432;7;0;2;2;1;1
202300010788;155 661 425;7;0;2;2;9;1
202300010788;155 661 431;7;0;2;8;1;1
202300010789;155 661 426;7;0;2;1;1;1
202300010789;155 661 433;7;0;2;3;19;1
202300010790;155 661 424;7;0;2;4;2;1
202300010790;155 661 427;7;0;2;4;2;1
202300010790;155 661 429;7;0;2;1;2;1
202300010791;155 661 422;7;0;2;5;15;1
202300010791;155 661 430;7;0;2;1;1;0
202300010792;155 661 420;7;9;0;1;1;1
202300010793;155 661 419;7;0;2;1;1;1
202300010793;155 661 423;7;0;2;1;1;1
202300010794;155 661 417;7;1;0;3;13;1
202300010795;155 661 416;33;0;2;1;13;1
202300010795;155 661 418;7;0;2;3;1;1
202300010796;155 661 414;7;0;2;2;1;1
202300010796;155 661 421;33;0;2;1;1;1
202300010797;155 661 412;10;0;2;0;16;1
202300010797;155 661 415;50;0;2;7;16;3
202300010798;155 661 411;15;0;2;3;13;1
202300010798;155 661 413;7;0;2;3;1;1
202300010799;155 661 409;7;1;1;1;1;1
202300010800;155 661 407;7;0;2;2;19;1
202300010800;155 661 410;7;0;2;8;19;1
202300010801;155 661 406;33;0;2;2;17;1
202300010801;155 661 408;33;0;2;1;1;1
202300010802;155 661 405;10;6;0;3;1;1
202300010803;155 661 403;2;2;0;1;1;1
202300010804;155 661 402;7;0;2;4;23;1
202300010804;155 661 404;7;0;2;1;2;1
202300010805;155 661 400;7;0;1;9;1;1
202300010806;155 661 398;7;0;9;2;2;0
202300010806;155 661 401;1;0;0;4;2;5
202300010807;155 661 396;7;0;2;8;13;1
202300010807;155 661 399;7;0;2;8;1;1
202300010808;155 661 395;33;0;0;7;2;1
202300010809;155 661 393;7;0;2;1;13;1
202300010809;155 661 397;7;0;2;1;1;1
202300010810;155 661 390;60;0;2;1;1;5
202300010810;155 661 394;7;0;9;1;1;1
202300010811;155 661 389;7;0;2;1;1;1
202300010811;155 661 392;7;0;2;3;16;1
202300010812;155 661 387;7;6;0;1;1;1
202300010813;155 661 386;7;6;0;2;1;1
202300010814;155 661 385;33;6;2;1;18;1
202300010814;155 661 388;7;0;2;6;15;1
202300010814;155 661 391;7;0;2;3;1;1
202300010815;155 661 383;7;0;1;3;1;0
202300010816;155 661 384;50;0;1;1;2;3
202300010817;155 661 381;7;2;0;3;0;2
202300010818;155 661 380;7;2;0;1;14;1
202300010819;155 661 378;7;0;2;1;13;1
202300010819;155 661 382;7;0;2;1;1;3
202300010820;155 661 375;33;0;2;1;1;1
202300010820;155 661 379;7;0;2;3;15;1
202300010821;155 661 374;7;2;0;2;0;1
202300010822;155 661 373;33;0;2;1;1;1
202300010822;155 661 377;7;0;2;7;10;0
202300010823;155 661 372;7;8;0;1;17;1
202300010824;155 661 370;32;8;0;1;15;1
202300010825;155 661 367;32;0;0;9;1;1
202300010826;155 661 368;7;15;0;1;0;1
202300010827;155 661 364;7;0;1;1;1;1
202300010828;155 661 365;7;0;2;1;5;1
202300010828;155 661 369;7;0;2;1;1;1
202300010829;155 661 362;7;0;2;3;9;0
202300010829;155 661 366;7;0;2;1;1;0
202300010830;155 661 361;7;0;2;2;17;1
202300010830;155 661 363;15;0;0;6;13;1
202300010831;155 661 360;7;3;0;1;0;1
202300010832;155 661 357;7;0;1;3;2;1
202300010833;155 661 355;7;0;9;1;9;1
202300010833;155 661 358;1;0;2;8;2;5
202300010834;155 661 356;7;0;2;1;17;1
202300010834;155 661 359;10;0;2;1;1;1
202300010835;155 661 348;15;8;0;2;14;1
202300010836;155 661 347;10;0;2;1;5;1
202300010836;155 661 350;33;0;2;1;1;1
202300010837;155 661 351;7;0;2;5;1;2
202300010837;155 661 354;1;0;2;4;1;5
202300010838;155 661 343;7;0;0;3;15;1
202300010838;155 661 346;33;7;0;2;17;1
202300010839;155 661 342;7;3;0;1;1;1
202300010840;155 661 340;10;0;0;6;0;1
202300010840;155 661 344;7;0;2;2;0;1
202300010840;155 661 352;7;0;2;1;1;1
202300010841;155 661 339;7;0;2;6;1;1
202300010841;155 661 345;7;0;2;8;1;1
202300010841;155 661 349;7;0;2;1;1;1
202300010841;155 661 353;17;6;2;1;1;1
202300010842;155 661 338;7;0;2;1;15;1
202300010842;155 661 341;2;0;2;1;1;1
202300010843;155 661 337;7;8;0;1;1;1
202300010844;155 661 333;7;0;9;2;16;1
202300010844;155 661 336;1;0;0;7;17;5
202300010845;155 661 326;7;4;2;3;17;1
202300010845;155 661 331;7;0;2;6;1;1
202300010846;155 661 327;7;0;0;6;1;1
202300010846;155 661 334;15;0;2;2;2;1
202300010847;155 661 323;7;0;2;1;13;1
202300010847;155 661 325;7;0;2;1;1;1
202300010848;155 661 324;1;0;2;1;1;5
202300010848;155 661 329;1;0;2;1;1;5
202300010849;155 661 319;7;0;2;8;22;3
202300010849;155 661 321;7;0;2;3;1;1
202300010850;155 661 320;7;0;2;2;1;1
202300010850;155 661 322;2;0;2;0;10;1
202300010851;155 661 318;7;17;0;3;1;1
202300010852;155 661 315;7;0;2;8;1;1
202300010852;155 661 317;7;0;2;3;5;1
202300010853;155 661 312;33;0;0;7;1;1
202300010854;155 661 311;33;0;2;1;17;1
202300010854;155 661 316;10;0;2;6;15;1
202300010855;155 661 310;33;0;2;3;1;1
202300010855;155 661 314;7;0;2;2;2;1
202300010856;155 661 307;7;13;0;7;1;1
202300010857;155 661 306;10;0;2;3;1;1
202300010857;155 661 308;33;0;2;8;1;1
202300010858;155 661 304;2;0;0;0;0;1
202300010859;155 661 303;7;0;9;2;15;1
202300010859;155 661 305;1;0;2;1;1;5
202300010860;155 661 302;7;0;1;1;1;1
202300010861;155 661 297;10;0;2;7;1;1
202300010861;155 661 300;34;0;2;1;1;1
202300010862;155 661 295;15;3;2;3;1;1
202300010862;155 661 296;7;0;2;3;13;1
202300010862;155 661 298;7;0;2;1;1;1
202300010863;155 661 299;7;0;2;1;15;1
202300010863;155 661 301;7;0;2;2;13;1
202300010864;155 661 293;7;0;1;1;1;1
202300010865;155 661 290;30;0;2;2;1;1
202300010865;155 661 292;7;0;2;3;15;1
202300010866;155 661 289;7;1;0;1;1;1
202300010866;155 661 291;7;4;0;3;1;1
202300010866;155 661 294;7;0;0;6;23;2
202300010867;155 661 285;7;0;2;4;1;1
202300010867;155 661 287;7;0;2;1;1;1
202300010868;155 661 281;7;0;0;2;9;1
202300010868;155 661 288;1;0;0;1;1;5
202300010869;155 661 279;1;0;2;1;5;5
202300010869;155 661 283;7;0;2;3;15;1
202300010870;155 661 278;7;0;0;4;1;1
202300010870;155 661 282;7;0;2;4;2;1
202300010870;155 661 286;7;0;2;1;2;1
202300010871;155 661 277;1;0;0;0;1;5
202300010872;155 661 272;7;0;2;6;11;1
202300010872;155 661 274;33;0;2;1;1;1
202300010873;155 661 273;7;0;2;4;1;1
202300010873;155 661 276;7;0;2;1;2;1
202300010874;155 661 271;7;0;2;2;9;3
202300010874;155 661 275;33;0;2;1;2;1
202300010875;155 661 270;50;0;0;7;2;3
202300010876;155 661 269;7;0;1;3;1;2
202300010877;155 661 266;33;0;2;1;1;1
202300010877;155 661 268;7;0;2;4;1;1
202300010878;155 661 264;30;0;1;2;1;1
202300010879;155 661 263;14;0;2;6;2;1
202300010879;155 661 267;7;0;2;1;2;1
202300010880;155 661 265;7;0;0;1;15;0
202300010881;155 661 260;30;14;0;8;11;3
202300010882;155 661 257;7;6;0;1;0;3
202300010883;155 661 256;33;0;2;8;1;1
202300010883;155 661 262;7;0;2;5;12;1
202300010884;155 661 258;7;0;2;6;1;1
202300010884;155 661 261;31;0;2;1;2;1
202300010885;155 661 250;7;0;2;1;2;1
202300010885;155 661 254;7;0;2;1;2;1
202300010885;155 661 255;7;0;2;1;2;1
202300010885;155 661 259;7;0;2;4;2;1
202300010886;155 661 249;7;0;2;2;13;1
202300010886;155 661 253;7;0;2;1;1;1
202300010887;155 661 248;7;4;0;2;1;1
202300010888;155 661 251;7;0;1;0;1;0
202300010889;155 661 245;10;4;0;3;13;1
202300010890;155 661 247;2;0;2;1;1;1
202300010890;155 661 252;7;0;2;5;15;1
202300010891;155 661 244;7;4;0;3;1;1
202300010892;155 661 242;10;4;0;1;14;1
202300010893;155 661 241;7;0;0;9;0;0
202300010894;155 661 240;7;0;2;3;26;1
202300010894;155 661 243;43;0;2;5;1;1
202300010895;155 661 238;7;13;0;0;13;1
202300010896;155 661 232;10;0;2;1;2;1
202300010896;155 661 235;7;0;2;4;2;2
202300010896;155 661 237;7;0;2;4;2;1
202300010897;155 661 231;7;0;2;1;2;1
202300010897;155 661 234;7;0;2;4;2;1
202300010898;155 661 228;7;0;9;1;15;1
202300010898;155 661 233;1;0;2;1;2;5
202300010899;155 661 227;7;0;2;6;1;1
202300010899;155 661 230;7;0;2;1;12;1
202300010900;155 661 223;7;0;2;1;1;1
202300010900;155 661 226;7;0;2;4;1;1
202300010901;155 661 224;2;0;0;0;2;0
202300010901;155 661 229;7;0;2;3;2;0
202300010901;155 661 236;2;0;0;4;2;1
202300010901;155 661 239;7;0;2;3;2;1
202300010902;155 661 219;7;8;1;2;1;1
202300010903;155 661 220;7;0;1;2;2;1
202300010904;155 661 217;7;0;2;1;2;1
202300010904;155 661 221;7;0;2;4;2;1
202300010904;155 661 222;7;0;0;4;2;1
202300010904;155 661 225;7;0;2;4;2;2
202300010905;155 661 213;31;1;0;0;1;1
202300010906;155 661 210;33;0;2;1;3;1
202300010906;155 661 214;7;0;2;2;2;3
202300010906;155 661 215;7;0;2;6;2;3
202300010906;155 661 218;7;0;2;2;0;1
202300010907;155 661 211;2;0;2;7;13;0
202300010907;155 661 216;7;0;0;7;1;1
202300010908;155 661 208;10;0;2;1;2;1
202300010908;155 661 212;7;0;2;4;1;1
202300010909;155 661 209;34;0;1;2;1;1
202300010910;155 661 204;7;3;0;3;1;1
202300010911;155 661 205;30;8;0;0;0;1
202300010912;155 661 207;10;0;1;2;15;1
202300010913;155 661 202;7;0;2;7;12;1
202300010913;155 661 206;43;0;2;8;3;1
202300010914;155 661 203;30;0;0;0;1;1
202300010915;155 661 199;10;6;0;1;15;1
202300010916;155 661 196;7;0;2;4;23;1
202300010916;155 661 201;7;0;2;1;1;1
202300010917;155 661 194;7;0;2;1;1;1
202300010917;155 661 198;7;0;2;4;1;1
202300010918;155 661 193;7;0;2;3;21;1
202300010918;155 661 197;7;0;2;5;14;1
202300010919;155 661 189;7;0;2;4;2;1
202300010919;155 661 192;10;0;2;1;2;1
202300010919;155 661 195;17;0;2;4;2;1
202300010919;155 661 200;10;0;2;4;2;1
202300010920;155 661 190;7;0;1;3;1;1
202300010921;155 661 185;7;1;2;2;1;1
202300010921;155 661 188;7;0;2;6;23;1
202300010921;155 661 191;7;0;2;6;2;2
202300010922;155 661 183;7;0;2;4;2;0
202300010922;155 661 186;15;0;2;1;2;0
202300010923;155 661 182;7;0;2;3;1;1
202300010923;155 661 184;33;0;2;8;3;1
202300010923;155 661 187;7;0;2;7;1;1
202300010924;155 661 179;10;0;2;2;16;1
202300010924;155 661 181;60;0;2;1;1;5
202300010925;155 661 174;33;0;2;1;3;1
202300010925;155 661 177;7;0;2;7;12;1
202300010926;155 661 171;1;0;2;0;1;5
202300010926;155 661 175;50;0;2;0;15;3
202300010927;155 661 170;32;0;2;7;1;1
202300010927;155 661 173;7;0;2;8;17;0
202300010928;155 661 172;7;0;2;9;1;1
202300010928;155 661 178;10;0;2;6;12;1
202300010928;155 661 180;7;0;2;2;0;1
202300010929;155 661 169;31;0;2;1;1;1
202300010929;155 661 176;7;0;2;2;1;1
202300010930;155 661 167;7;0;1;5;20;1
202300010931;155 661 165;7;0;2;4;2;1
202300010931;155 661 168;34;0;2;1;2;1
202300010932;155 661 164;30;0;1;1;1;1
202300010933;155 661 161;7;12;0;4;26;1
202300010933;155 661 162;7;0;9;4;26;1
202300010934;155 661 160;10;0;2;4;1;1
202300010934;155 661 163;10;0;2;1;1;1
202300010934;155 661 166;10;0;2;4;1;1
202300010935;155 661 156;7;0;2;1;1;1
202300010935;155 661 159;7;0;2;1;1;1
202300010936;155 661 155;7;0;2;2;20;1
202300010936;155 661 158;33;0;2;8;1;1
202300010937;155 661 153;7;0;2;1;1;1
202300010937;155 661 157;50;0;2;7;0;3
202300010938;155 661 151;2;11;2;7;12;1
202300010938;155 661 154;10;0;9;3;1;1
202300010939;155 661 145;7;0;2;4;2;2
202300010939;155 661 149;7;0;2;4;2;1
202300010939;155 661 152;10;0;2;1;2;1
202300010940;155 661 146;2;0;2;1;1;3
202300010940;155 661 148;10;0;2;3;15;1
202300010941;155 661 147;1;0;2;3;19;5
202300010941;155 661 150;7;0;2;1;1;2
202300010942;155 661 143;30;0;0;0;2;1
202300010943;155 661 140;7;0;2;3;1;1
202300010943;155 661 142;10;0;2;4;2;1
202300010943;155 661 144;32;0;2;8;10;1
202300010944;155 661 138;33;0;2;0;17;1
202300010945;155 661 139;7;0;1;1;1;-1
202300010946;155 661 136;31;0;2;8;3;1
202300010946;155 661 141;7;0;2;7;1;2
202300010947;155 661 135;30;0;2;1;0;1
202300010947;155 661 137;7;0;2;5;2;1
202300010948;155 661 134;60;8;0;1;25;5
202300010949;155 661 128;1;0;2;1;1;5
202300010949;155 661 132;7;0;2;3;1;3
202300010950;155 661 127;7;0;2;8;9;1
202300010950;155 661 133;7;0;2;3;13;1
202300010951;155 661 125;33;0;2;1;1;1
202300010951;155 661 130;7;0;2;6;11;1
202300010952;155 661 122;37;0;9;5;1;1
202300010952;155 661 126;60;0;2;3;1;5
202300010953;155 661 123;7;0;2;3;9;1
202300010953;155 661 129;34;0;2;1;1;1
202300010954;155 661 121;7;0;2;1;1;1
202300010954;155 661 124;7;0;2;9;1;1
202300010954;155 661 131;7;0;2;4;9;1
202300010955;155 661 119;7;0;1;0;0;0
202300010956;155 661 117;7;0;2;8;1;3
202300010956;155 661 120;32;0;2;7;17;0
202300010957;155 661 116;7;1;0;2;1;1
202300010958;155 661 110;7;0;2;2;13;1
202300010958;155 661 112;7;14;2;1;23;1
202300010958;155 661 115;33;0;0;7;16;1
202300010958;155 661 118;7;14;2;4;23;1
202300010959;155 661 109;33;0;2;0;1;0
202300010959;155 661 114;7;0;2;6;19;1
202300010960;155 661 108;33;0;2;0;1;1
202300010961;155 661 105;2;0;2;1;17;3
202300010961;155 661 111;7;0;2;3;1;1
202300010962;155 661 107;7;0;2;3;15;0
202300010962;155 661 113;34;0;2;1;1;1
202300010963;155 661 102;7;0;2;1;1;1
202300010963;155 661 103;50;0;2;7;19;3
202300010964;155 661 101;13;0;1;2;16;0
202300010965;155 661 100;7;0;2;2;1;1
202300010965;155 661 106;34;0;2;1;19;1
202300010966;155 661 098;7;0;2;2;26;1
202300010966;155 661 104;1;0;2;1;1;5
202300010967;155 661 096;7;0;2;3;15;1
202300010967;155 661 099;7;0;2;2;1;1
202300010968;155 661 097;1;0;1;7;1;5
202300010969;155 661 093;7;0;1;1;1;1
202300010970;155 661 092;33;0;2;1;1;1
202300010970;155 661 095;7;0;2;6;19;1
202300010971;155 661 091;50;0;2;7;19;3
202300010971;155 661 094;7;0;9;1;16;1
202300010972;155 661 088;34;0;2;1;26;1
202300010972;155 661 090;10;0;2;3;15;1
202300010973;155 661 085;7;13;0;1;13;1
202300010974;155 661 087;1;0;1;1;21;5
202300010975;155 661 084;33;0;2;7;1;1
202300010975;155 661 089;7;0;2;2;9;1
202300010976;155 661 082;2;0;2;1;1;1
202300010976;155 661 086;7;0;2;1;16;1
202300010977;155 661 080;31;0;2;0;0;0
202300010977;155 661 083;7;0;2;0;0;0
202300010978;155 661 079;10;0;1;1;1;1
202300010979;155 661 076;50;9;2;0;25;3
202300010979;155 661 081;1;9;2;0;25;5
202300010980;155 661 078;30;0;0;0;21;1
202300010981;155 661 075;7;0;2;3;1;2
202300010981;155 661 077;7;0;2;3;1;1
202300010982;155 661 072;32;0;2;8;7;1
202300010982;155 661 074;7;0;2;7;16;1
202300010983;155 661 069;33;0;2;1;1;1
202300010983;155 661 073;7;0;2;3;9;1
202300010984;155 661 070;32;0;2;2;1;1
202300010984;155 661 071;7;0;2;3;9;1
202300010985;155 661 067;7;15;0;1;0;3
202300010986;155 661 066;7;0;1;1;1;1
202300010987;155 661 068;80;0;1;1;1;3
202300010988;155 661 064;10;0;2;8;1;1
202300010988;155 661 065;7;0;2;1;19;1
202300010989;155 661 063;7;0;1;1;1;0
202300010990;155 661 062;7;15;1;1;25;1
202300010991;155 661 055;7;0;0;4;1;1
202300010991;155 661 058;7;0;2;1;1;1
202300010992;155 661 059;7;0;2;1;26;1
202300010992;155 661 060;33;0;2;7;26;1
202300010993;155 661 056;80;0;0;1;1;3
202300010994;155 661 057;7;0;2;3;1;1
202300010994;155 661 061;7;0;2;6;1;1
202300010995;155 661 054;7;0;1;3;1;1
202300010996;155 661 051;7;0;2;3;2;1
202300010996;155 661 053;7;0;2;5;2;1
202300010997;155 661 049;7;0;1;1;1;1
202300010998;155 661 050;30;14;0;1;1;1
202300010999;155 661 046;10;0;2;1;12;1
202300010999;155 661 048;33;0;2;2;3;3
202300011000;155 661 044;7;0;2;2;17;1
202300011000;155 661 047;33;0;2;1;1;0
202300011000;155 661 052;7;0;2;6;2;1
202300011001;155 661 045;3;0;1;1;21;1
202300011002;155 661 043;33;7;0;1;1;1
202300011003;155 661 041;7;0;1;7;2;1
202300011004;155 661 034;10;0;0;1;1;0
202300011005;155 661 032;7;0;2;1;9;1
202300011005;155 661 039;7;0;2;4;1;1
202300011005;155 661 042;7;0;2;0;0;1
202300011006;155 661 031;1;0;2;0;1;5
202300011006;155 661 033;7;0;0;0;13;1
202300011007;155 661 029;30;0;2;1;17;1
202300011007;155 661 037;7;0;2;8;1;1
202300011008;155 661 036;17;4;0;1;1;1
202300011008;155 661 038;7;0;0;0;1;1
202300011008;155 661 040;7;0;0;0;0;1
202300011009;155 661 026;7;9;0;1;0;1
202300011010;155 661 027;7;0;1;2;1;1
202300011011;155 661 023;7;0;2;4;26;1
202300011011;155 661 028;7;0;2;1;26;1
202300011012;155 661 021;30;0;2;7;1;1
202300011012;155 661 025;7;0;2;6;15;2
202300011013;155 661 019;7;0;1;3;13;1
202300011014;155 661 017;7;5;1;1;1;1
202300011015;155 661 015;7;0;2;0;15;2
202300011015;155 661 018;34;0;2;2;17;0
202300011016;155 661 016;7;0;2;7;19;0
202300011016;155 661 020;34;0;2;8;19;0
202300011017;155 661 013;7;13;0;1;13;1
202300011018;155 661 014;7;0;1;1;2;0
202300011019;155 661 011;30;7;0;1;13;0
202300011020;155 661 008;34;0;2;1;1;1
202300011020;155 661 012;34;0;2;4;1;1
202300011021;155 661 006;7;0;2;5;15;1
202300011021;155 661 010;32;0;2;1;1;1
202300011022;155 661 007;43;0;1;1;1;1
202300011023;155 661 005;2;0;2;1;18;1
202300011023;155 661 009;7;0;2;5;15;1
202300011024;155 661 000;0;0;2;1;1;0
202300011024;155 661 003;1;0;2;4;1;0
202300011025;155 660 997;33;0;2;1;5;0
202300011025;155 661 002;7;0;2;3;9;1
202300011026;155 660 998;50;0;2;1;1;3
202300011026;155 661 001;1;0;2;8;1;5
202300011027;155 660 996;7;0;2;1;13;1
202300011027;155 660 999;32;0;2;1;1;1
202300011028;155 660 994;7;0;2;8;22;1
202300011028;155 660 995;50;1;2;1;17;3
202300011029;155 660 991;7;4;0;1;0;1
202300011030;155 660 987;10;0;2;1;16;1
202300011030;155 660 990;7;0;1;1;2;1
202300011031;155 660 986;7;0;2;1;2;1
202300011031;155 660 989;7;0;2;4;2;1
202300011031;155 660 992;7;0;2;4;2;0
202300011032;155 660 985;7;0;1;3;15;1
202300011033;155 660 983;7;0;2;1;15;1
202300011033;155 660 988;7;0;2;1;16;1
202300011034;155 660 981;33;1;2;1;1;1
202300011034;155 660 984;3;0;2;8;1;1
202300011035;155 660 979;7;0;2;3;1;1
202300011035;155 660 980;7;0;2;3;1;1
202300011036;155 660 974;7;0;2;2;1;1
202300011036;155 660 977;7;0;2;8;15;1
202300011037;155 660 971;7;0;1;8;1;0
202300011037;155 660 978;7;0;2;3;23;0
202300011038;155 660 969;7;0;2;1;1;1
202300011038;155 660 973;7;0;2;4;23;1
202300011038;155 660 975;7;0;2;4;23;1
202300011038;155 660 976;10;0;2;4;23;1
202300011039;155 660 967;37;0;1;2;16;1
202300011040;155 660 968;7;0;2;3;15;1
202300011040;155 660 972;30;0;2;7;17;1
202300011041;155 660 966;1;0;1;1;21;5
202300011042;155 660 963;10;0;1;2;1;1
202300011043;155 660 962;33;0;2;1;1;0
202300011043;155 660 964;7;0;2;2;5;1
202300011044;155 660 960;7;0;2;2;1;0
202300011044;155 660 961;50;0;2;3;1;3
202300011045;155 660 959;33;13;0;1;1;1
202300011046;155 660 965;7;0;2;3;1;1
202300011046;155 660 970;7;0;2;1;13;1
202300011046;155 660 982;7;0;2;3;1;1
202300011046;155 660 993;7;0;2;1;1;1
202300011047;155 660 956;10;12;2;7;1;1
202300011047;155 660 958;3;0;0;0;0;1
202300011048;155 660 954;7;13;0;1;1;1
202300011049;155 660 955;7;0;1;0;25;0
202300011050;155 660 953;7;0;2;1;1;1
202300011050;155 660 957;7;0;2;6;4;1
202300011051;155 660 951;7;1;0;1;13;1
202300011052;155 660 952;7;12;0;0;0;1
202300011053;155 660 949;7;0;1;1;9;1
202300011054;155 660 943;7;0;1;2;2;0
202300011055;155 660 947;7;0;2;3;0;1
202300011055;155 660 950;30;0;2;1;13;1
202300011056;155 660 941;7;0;2;3;17;1
202300011056;155 660 942;7;0;2;1;1;1
202300011056;155 660 945;7;0;2;3;1;1
202300011057;155 660 940;7;0;2;4;23;1
202300011057;155 660 946;10;0;2;1;0;1
202300011058;155 660 944;7;0;2;7;1;1
202300011058;155 660 948;7;0;2;1;1;1
202300011059;155 660 937;31;0;2;7;26;0
202300011059;155 660 939;7;0;9;1;26;0
202300011060;155 660 933;10;0;1;1;15;3
202300011061;155 660 932;7;0;1;1;5;0
202300011062;155 660 931;30;1;0;2;1;3
202300011063;155 660 935;7;0;2;1;10;1
202300011063;155 660 938;33;0;2;8;1;1
202300011064;155 660 930;7;0;2;1;5;1
202300011064;155 660 934;7;0;2;1;1;1
202300011064;155 660 936;7;0;2;1;1;1
202300011065;155 660 926;7;0;2;3;10;1
202300011065;155 660 929;2;0;2;3;1;1