Num_Acc;id_vehicule;catv;obs;obsm;choc;manv;motor
202300011066;155 660 925;7;0;2;1;21;1
202300011066;155 660 928;7;0;2;3;1;1
202300011067;155 660 923;7;0;0;4;1;1
202300011067;155 660 927;13;0;2;1;1;1
202300011068;155 660 922;7;12;0;2;14;1
202300011069;155 660 917;1;0;2;4;9;5
202300011069;155 660 920;7;0;2;1;1;1
202300011070;155 660 916;30;0;2;1;2;1
202300011070;155 660 918;7;0;2;4;2;1
202300011070;155 660 919;7;0;2;1;2;1
202300011071;155 660 915;7;0;1;8;1;1
202300011072;155 660 910;7;0;9;4;4;1
202300011072;155 660 913;33;0;2;1;1;1
202300011073;155 660 912;32;1;2;1;1;1
202300011073;155 660 914;1;1;2;8;1;5
202300011074;155 660 906;7;0;2;7;2;1
202300011074;155 660 911;37;0;2;1;2;1
202300011075;155 660 907;7;0;2;8;15;1
202300011075;155 660 909;34;0;2;1;1;1
202300011076;155 660 908;7;0;1;7;16;1
202300011077;155 660 900;13;0;2;1;1;0
202300011077;155 660 902;3;0;2;4;1;0
202300011078;155 660 901;7;0;2;2;15;1
202300011078;155 660 904;33;0;2;1;1;1
202300011079;155 660 897;7;0;2;1;1;1
202300011079;155 660 903;7;0;2;1;9;1
202300011080;155 660 896;30;0;2;7;1;1
202300011080;155 660 899;50;0;2;1;14;3
202300011081;155 660 894;33;0;0;7;2;1
202300011082;155 660 893;7;0;2;8;2;1
202300011082;155 660 895;31;0;2;8;15;1
202300011083;155 660 898;7;0;0;4;9;0
202300011083;155 660 905;7;0;2;1;2;1
202300011084;155 660 890;7;5;0;1;1;1
202300011085;155 660 889;7;0;2;1;1;0
202300011085;155 660 892;7;0;2;8;9;1
202300011086;155 660 888;7;0;2;2;5;1
202300011086;155 660 891;1;0;2;8;14;5
202300011087;155 660 886;33;0;0;0;21;1
202300011088;155 660 884;7;0;1;2;26;1
202300011089;155 660 885;7;0;2;3;13;1
202300011089;155 660 887;33;0;2;1;1;1
202300011090;155 660 882;7;0;1;2;16;4
202300011091;155 660 883;7;0;1;2;2;1
202300011092;155 660 880;7;0;2;2;15;1
202300011092;155 660 881;31;0;2;1;19;1
202300011093;155 660 879;7;2;0;1;2;1
202300011094;155 660 877;33;0;2;1;1;1
202300011094;155 660 878;7;0;2;3;1;1
202300011095;155 660 875;7;3;0;1;13;1
202300011096;155 660 873;7;0;2;3;15;0
202300011096;155 660 876;32;0;2;1;1;1
202300011097;155 660 872;1;0;2;8;1;5
202300011097;155 660 874;7;0;2;7;16;1
202300011098;155 660 870;7;2;0;3;14;1
202300011099;155 660 868;7;0;2;5;17;0
202300011099;155 660 871;33;0;2;1;1;0
202300011100;155 660 863;30;0;2;1;1;6
202300011100;155 660 865;7;0;2;2;2;6
202300011101;155 660 864;31;1;0;0;0;0
202300011102;155 660 867;7;8;0;3;1;1
202300011103;155 660 860;10;0;1;3;1;1
202300011104;155 660 859;10;0;2;1;2;1
202300011104;155 660 862;7;0;2;4;2;1
202300011105;155 660 857;60;0;2;0;0;5
202300011105;155 660 861;7;0;2;1;0;1
202300011106;155 660 855;1;1;0;3;21;5
202300011107;155 660 854;1;0;1;1;1;5
202300011108;155 660 852;50;0;1;3;21;3
202300011109;155 660 853;7;0;0;6;1;1
202300011109;155 660 856;33;0;2;1;1;1
202300011109;155 660 858;7;0;2;1;0;1
202300011110;155 660 849;7;0;2;6;16;1
202300011110;155 660 851;30;0;2;2;1;1
202300011111;155 660 848;50;0;2;1;13;3
202300011111;155 660 850;80;0;2;1;1;3
202300011112;155 660 847;10;0;1;2;1;3
202300011113;155 660 845;50;14;0;1;21;3
202300011114;155 660 843;7;0;2;5;9;0
202300011114;155 660 846;30;0;2;3;1;1
202300011115;155 660 841;7;0;2;1;1;3
202300011115;155 660 844;7;0;2;3;1;2
202300011116;155 660 838;10;0;2;3;10;1
202300011116;155 660 840;2;0;2;1;17;1
202300011117;155 660 836;7;0;2;8;1;1
202300011117;155 660 839;33;0;2;7;3;1
202300011117;155 660 842;10;0;2;7;1;1
202300011118;155 660 835;7;0;1;2;1;1
202300011119;155 660 834;7;0;2;1;15;1
202300011119;155 660 837;7;7;2;1;1;1
202300011120;155 660 833;7;8;0;1;1;1
202300011121;155 660 832;7;0;1;2;1;1
202300011122;155 660 831;33;4;0;2;14;1
202300011123;155 660 830;30;1;0;1;14;3
202300011124;155 660 824;43;0;2;7;1;1
202300011124;155 660 827;7;0;2;8;13;1
202300011125;155 660 825;7;0;2;2;15;3
202300011125;155 660 828;33;0;2;1;1;1
202300011126;155 660 822;7;0;2;2;15;1
202300011126;155 660 826;32;0;2;1;1;1
202300011127;155 660 823;7;0;2;4;1;1
202300011127;155 660 829;7;0;2;1;1;1
202300011128;155 660 821;7;1;0;2;14;1
202300011129;155 660 818;7;0;2;3;10;1
202300011129;155 660 820;33;0;2;2;1;1
202300011130;155 660 816;7;0;2;3;16;0
202300011130;155 660 819;30;0;2;8;23;0
202300011131;155 660 813;32;0;2;8;2;1
202300011131;155 660 815;30;0;2;1;2;3
202300011132;155 660 814;7;0;2;8;1;0
202300011132;155 660 817;33;0;2;8;1;1
202300011133;155 660 810;7;15;0;1;19;1
202300011133;155 660 812;7;0;2;5;1;1
202300011134;155 660 809;37;0;9;2;17;0
202300011134;155 660 811;1;0;2;6;13;5
202300011135;155 660 806;7;0;2;1;1;1
202300011135;155 660 808;7;0;2;1;15;1
202300011136;155 660 804;7;0;2;6;0;1
202300011136;155 660 807;32;0;2;2;2;1
202300011137;155 660 803;1;0;1;1;1;5
202300011138;155 660 802;7;0;2;1;1;6
202300011138;155 660 805;60;0;2;0;0;5
202300011139;155 660 799;10;0;2;2;1;0
202300011139;155 660 801;32;0;2;8;18;1
202300011140;155 660 797;7;1;2;1;1;1
202300011140;155 660 800;7;0;2;0;19;1
202300011141;155 660 795;7;0;2;2;15;2
202300011141;155 660 798;7;0;2;3;1;1
202300011142;155 660 796;7;0;1;5;1;1
202300011143;155 660 792;43;0;2;1;1;1
202300011143;155 660 794;7;0;2;6;15;2
202300011144;155 660 791;10;0;2;1;1;1
202300011144;155 660 793;7;0;2;2;26;3
202300011145;155 660 790;7;12;1;1;1;1
202300011146;155 660 787;7;0;2;4;2;1
202300011146;155 660 789;7;0;2;2;2;1
202300011147;155 660 786;7;0;2;3;9;1
202300011147;155 660 788;43;0;2;1;1;1
202300011148;155 660 782;7;0;2;6;1;1
202300011148;155 660 784;7;0;2;8;1;1
202300011148;155 660 785;34;0;2;1;17;1
202300011149;155 660 781;7;2;0;3;1;1
202300011150;155 660 780;7;0;2;8;15;1
202300011150;155 660 783;33;0;2;1;2;1
202300011151;155 660 779;7;13;0;9;1;1
202300011152;155 660 778;33;14;2;1;1;1
202300011153;155 660 777;7;1;1;2;13;1
202300011154;155 660 773;7;0;2;5;12;0
202300011154;155 660 776;7;0;2;3;1;0
202300011155;155 660 774;7;13;0;1;1;1
202300011156;155 660 772;7;0;2;1;2;1
202300011156;155 660 775;7;0;2;4;2;2
202300011157;155 660 770;15;3;0;2;20;1
202300011158;155 660 768;33;0;2;1;17;1
202300011158;155 660 771;21;0;0;3;11;1
202300011159;155 660 766;7;0;2;1;2;1
202300011159;155 660 767;7;0;0;4;23;1
202300011159;155 660 769;7;0;0;4;23;1
202300011160;155 660 762;7;0;2;2;1;1
202300011160;155 660 764;1;0;2;8;1;5
202300011161;155 660 763;7;0;2;8;0;1
202300011161;155 660 765;43;0;2;2;0;1
202300011162;155 660 761;7;1;1;2;1;1
202300011163;155 660 760;7;0;1;2;2;1
202300011164;155 660 759;2;6;0;7;1;1
202300011165;155 660 756;7;0;2;3;20;1
202300011165;155 660 758;32;0;2;2;1;1
202300011166;155 660 755;7;0;2;3;1;1
202300011166;155 660 757;7;0;2;3;1;2
202300011167;155 660 754;32;0;0;2;1;1
202300011168;155 660 753;7;0;1;3;1;1
202300011169;155 660 752;7;12;1;1;20;1
202300011170;155 660 751;7;13;0;3;0;1
202300011171;155 660 749;2;6;0;7;1;1
202300011172;155 660 747;33;13;0;1;1;1
202300011173;155 660 748;7;0;9;1;1;1
202300011173;155 660 750;80;0;0;4;11;3
202300011174;155 660 746;2;6;0;1;1;1
202300011175;155 660 743;7;3;2;1;1;1
202300011175;155 660 745;1;3;2;0;0;5
202300011176;155 660 744;7;2;0;1;1;1
202300011177;155 660 741;1;0;2;8;1;5
202300011177;155 660 742;7;0;2;7;1;1
202300011178;155 660 740;7;15;0;1;1;1
202300011179;155 660 737;7;4;0;3;2;1
202300011180;155 660 736;7;13;0;9;14;1
202300011181;155 660 738;37;0;2;7;1;1
202300011181;155 660 739;60;0;2;1;5;5
202300011182;155 660 735;33;0;0;7;2;1
202300011183;155 660 734;7;14;0;1;1;0
202300011184;155 660 733;33;4;0;7;16;1
202300011185;155 660 731;7;0;0;3;2;1
202300011186;155 660 730;7;0;2;1;13;1
202300011186;155 660 732;21;0;2;1;1;1
202300011187;155 660 728;33;0;2;1;17;1
202300011187;155 660 729;20;0;0;3;15;1
202300011188;155 660 725;7;0;2;1;1;1
202300011188;155 660 727;7;0;2;3;1;1
202300011189;155 660 724;2;0;2;1;0;1
202300011189;155 660 726;2;0;0;1;0;1
202300011190;155 660 722;7;13;2;3;21;1
202300011190;155 660 723;7;0;2;3;13;1
202300011191;155 660 719;7;0;2;1;2;1
202300011191;155 660 721;0;0;2;4;2;-1
202300011192;155 660 718;1;0;2;1;26;5
202300011192;155 660 720;7;0;2;2;26;1
202300011193;155 660 714;7;0;2;2;9;1
202300011193;155 660 716;34;0;2;3;1;1
202300011194;155 660 715;7;0;0;1;1;1
202300011194;155 660 717;7;0;0;1;13;1
202300011195;155 660 712;7;0;2;1;2;1
202300011195;155 660 713;1;0;2;4;1;5
202300011196;155 660 711;7;6;0;1;1;1
202300011197;155 660 710;7;0;0;0;1;1
202300011198;155 660 709;32;0;0;8;1;1
202300011199;155 660 706;33;0;2;3;1;1
202300011199;155 660 708;7;0;2;3;1;1
202300011200;155 660 705;7;0;2;3;15;1
202300011200;155 660 707;3;0;2;1;1;1
202300011201;155 660 700;7;0;2;1;1;1
202300011201;155 660 702;7;0;2;8;1;1
202300011201;155 660 703;7;0;2;1;1;1
202300011201;155 660 704;7;0;2;1;13;1
202300011202;155 660 699;7;0;0;6;15;1
202300011202;155 660 701;32;0;2;1;1;1
202300011203;155 660 698;7;2;0;1;0;4
202300011204;155 660 696;14;0;1;2;26;1
202300011205;155 660 695;21;0;2;8;15;1
202300011205;155 660 697;31;0;2;3;1;1
202300011206;155 660 693;7;2;0;2;0;0
202300011207;155 660 691;7;0;2;3;13;1
202300011207;155 660 692;7;0;2;3;1;1
202300011208;155 660 689;2;0;2;1;1;1
202300011208;155 660 690;7;0;0;4;1;1
202300011209;155 660 688;36;13;0;3;1;0
202300011210;155 660 686;7;13;0;1;1;1
202300011211;155 660 685;7;0;2;3;13;1
202300011211;155 660 687;7;0;2;3;1;1
202300011212;155 660 683;7;0;2;7;1;1
202300011212;155 660 684;1;0;2;1;9;5
202300011213;155 660 682;7;13;0;1;26;1
202300011214;155 660 681;7;0;1;3;1;1
202300011215;155 660 680;7;0;1;3;1;1
202300011216;155 660 678;33;0;2;1;1;1
202300011216;155 660 679;7;0;2;1;15;1
202300011217;155 660 677;10;2;0;3;17;1
202300011218;155 660 676;7;15;0;1;1;1
202300011219;155 660 675;7;2;0;2;1;3
202300011220;155 660 674;33;6;9;1;1;1
202300011221;155 660 671;7;0;2;3;1;1
202300011221;155 660 673;7;0;2;3;13;2
202300011222;155 660 670;7;0;2;2;1;1
202300011222;155 660 672;7;0;2;3;1;1
202300011223;155 660 668;33;0;0;3;1;1
202300011224;155 660 667;10;0;2;1;1;1
202300011224;155 660 669;7;0;0;6;19;1
202300011225;155 660 663;7;2;0;1;17;1
202300011226;155 660 662;2;0;0;0;2;0
202300011226;155 660 664;7;0;2;0;17;0
202300011227;155 660 660;7;17;0;9;1;1
202300011228;155 660 656;7;0;2;7;1;1
202300011228;155 660 658;7;0;2;8;1;1
202300011228;155 660 659;7;0;2;8;1;1
202300011228;155 660 661;7;0;2;1;1;1
202300011229;155 660 655;7;0;2;1;1;1
202300011229;155 660 657;7;0;2;3;1;1
202300011230;155 660 651;7;0;2;4;17;1
202300011230;155 660 653;13;0;2;1;2;1
202300011230;155 660 654;7;0;2;6;1;1
202300011231;155 660 652;7;0;1;3;1;1
202300011232;155 660 650;7;13;0;1;1;1
202300011233;155 660 647;17;6;0;2;14;1
202300011234;155 660 646;7;0;2;1;2;1
202300011234;155 660 648;7;0;2;4;1;1
202300011234;155 660 649;7;0;2;1;2;1
202300011235;155 660 644;2;13;0;1;2;1
202300011236;155 660 643;7;13;2;1;11;1
202300011236;155 660 645;7;0;2;0;11;1
202300011237;155 660 640;7;4;0;3;13;0
202300011237;155 660 642;7;3;2;1;13;1
202300011238;155 660 638;7;0;2;3;9;1
202300011238;155 660 639;2;0;2;1;1;1
202300011238;155 660 641;7;0;2;1;1;1
202300011239;155 660 636;7;0;2;1;14;1
202300011239;155 660 637;7;0;2;1;1;1
202300011240;155 660 635;15;13;0;2;14;1
202300011241;155 660 634;33;3;0;1;3;1
202300011242;155 660 629;7;0;2;1;1;1
202300011242;155 660 631;7;0;2;7;15;1
202300011243;155 660 630;33;0;2;1;2;1
202300011243;155 660 632;7;0;2;1;2;1
202300011243;155 660 633;7;0;2;5;2;1
202300011244;155 660 626;7;13;0;2;1;1
202300011245;155 660 625;7;0;1;4;4;1
202300011246;155 660 623;7;6;0;1;14;1
202300011247;155 660 622;2;0;2;8;0;1
202300011247;155 660 624;7;0;2;3;5;0
202300011248;155 660 619;7;0;2;1;1;0
202300011248;155 660 621;33;0;2;1;13;0
202300011249;155 660 620;33;12;0;2;1;1
202300011250;155 660 616;33;0;2;1;17;1
202300011250;155 660 618;10;0;2;8;15;1
202300011251;155 660 615;7;0;2;3;1;1
202300011251;155 660 617;33;0;2;1;13;1
202300011252;155 660 614;7;11;0;1;1;1
202300011253;155 660 612;33;0;2;1;17;1
202300011253;155 660 613;14;0;2;3;1;1
202300011254;155 660 610;7;0;2;1;5;1
202300011254;155 660 611;7;0;2;1;1;1
202300011255;155 660 609;2;12;0;2;14;1
202300011256;155 660 607;1;0;2;4;2;5
202300011256;155 660 608;7;0;2;1;2;1
202300011257;155 660 605;7;0;2;6;19;1
202300011257;155 660 606;7;0;2;1;2;1
202300011258;155 660 603;33;0;2;1;2;1
202300011258;155 660 604;7;0;0;6;2;1
202300011259;155 660 601;7;0;2;5;3;1
202300011259;155 660 602;33;0;2;2;1;1
202300011260;155 660 599;7;0;2;1;12;1
202300011260;155 660 600;7;0;2;4;1;1
202300011261;155 660 597;80;0;2;1;0;3
202300011261;155 660 598;7;0;2;1;0;1
202300011262;155 660 595;7;0;2;3;1;1
202300011262;155 660 596;7;0;2;1;1;1
202300011263;155 660 593;7;0;2;2;2;1
202300011263;155 660 594;7;0;2;6;2;1
202300011264;155 660 591;7;0;2;1;2;1
202300011264;155 660 592;7;0;2;4;2;1
202300011265;155 660 589;7;3;2;0;1;1
202300011265;155 660 590;7;0;2;1;1;1
202300011266;155 660 588;7;0;0;0;9;1
202300011267;155 660 586;7;0;2;2;14;2
202300011267;155 660 587;33;0;2;1;18;1
202300011268;155 660 584;7;0;2;4;1;1
202300011268;155 660 585;7;0;2;1;2;1
202300011269;155 660 579;7;0;2;4;1;1
202300011269;155 660 581;7;0;2;1;2;1
202300011270;155 660 578;7;0;2;4;2;1
202300011270;155 660 580;10;0;2;4;1;1
202300011270;155 660 582;10;0;0;0;0;1
202300011270;155 660 583;7;0;2;4;2;1
202300011271;155 660 572;7;6;0;2;1;1
202300011272;155 660 569;7;4;0;3;13;1
202300011273;155 660 568;7;0;2;4;1;1
202300011273;155 660 570;7;0;2;5;1;1
202300011273;155 660 571;33;3;2;1;3;1
202300011273;155 660 573;7;0;2;7;1;1
202300011273;155 660 574;34;0;2;4;3;1
202300011273;155 660 575;7;0;2;4;1;1
202300011274;155 660 565;7;0;2;1;13;1
202300011274;155 660 567;37;0;2;1;0;1
202300011275;155 660 564;33;4;2;8;3;1
202300011275;155 660 566;7;4;2;5;14;1
202300011276;155 660 562;33;0;2;7;1;1
202300011276;155 660 563;7;0;2;3;11;1
202300011277;155 660 559;33;0;2;1;3;1
202300011277;155 660 560;7;0;2;8;13;1
202300011277;155 660 561;7;0;2;4;2;1
202300011278;155 660 558;33;3;0;8;12;1
202300011279;155 660 555;10;0;2;5;12;1
202300011279;155 660 556;33;0;2;8;1;1
202300011279;155 660 557;7;0;2;5;1;1
202300011280;155 660 553;33;0;2;3;3;1
202300011280;155 660 554;10;0;2;2;12;1
202300011281;155 660 552;7;4;0;1;1;1
202300011282;155 660 551;7;0;1;0;0;0
202300011283;155 660 550;7;4;0;1;26;1
202300011284;155 660 545;33;0;2;1;3;1
202300011284;155 660 546;10;0;2;3;2;1
202300011284;155 660 547;7;0;2;2;2;1
202300011284;155 660 548;7;0;2;4;2;1
202300011284;155 660 549;7;0;2;4;2;1
202300011285;155 660 543;10;0;2;3;15;1
202300011285;155 660 544;1;0;2;2;13;5
202300011286;155 660 541;7;7;0;7;1;1
202300011286;155 660 542;7;0;2;1;1;1
202300011287;155 660 538;33;0;2;1;5;0
202300011287;155 660 539;7;0;2;1;1;0
202300011287;155 660 540;7;0;2;1;1;0
202300011288;155 660 536;80;0;2;1;1;3
202300011288;155 660 537;1;0;2;1;1;5
202300011289;155 660 534;80;0;2;1;21;3
202300011289;155 660 535;7;0;0;5;23;1
202300011290;155 660 533;1;0;1;1;1;5
202300011291;155 660 532;50;12;0;0;2;3
202300011292;155 660 530;1;0;2;1;2;5
202300011292;155 660 531;7;0;2;4;1;2
202300011293;155 660 528;7;0;2;2;23;1
202300011293;155 660 529;43;0;2;1;1;1
202300011294;155 660 526;7;0;2;5;22;1
202300011294;155 660 527;2;0;2;3;18;3
202300011295;155 660 525;10;0;1;3;1;6
202300011296;155 660 523;7;0;2;3;10;1
202300011296;155 660 524;50;0;2;1;17;3
202300011297;155 660 522;7;0;1;7;1;1
202300011298;155 660 520;50;0;2;4;2;3
202300011298;155 660 521;1;0;0;0;2;5
202300011299;155 660 519;13;0;1;3;1;1
202300011300;155 660 518;14;0;1;1;2;1
202300011301;155 660 517;31;0;0;3;16;1
202300011302;155 660 516;7;0;1;3;1;1
202300011303;155 660 514;7;0;2;1;15;2
202300011303;155 660 515;33;0;2;1;15;1
202300011304;155 660 512;7;0;2;1;1;1
202300011304;155 660 513;31;0;2;4;1;1
202300011305;155 660 511;7;0;1;1;15;1
202300011306;155 660 509;31;0;2;6;1;1
202300011306;155 660 510;30;0;2;1;2;1
202300011307;155 660 508;50;0;1;0;1;3
202300011308;155 660 507;31;0;1;1;1;1
202300011309;155 660 505;33;0;2;0;13;1
202300011309;155 660 506;1;0;2;0;1;5
202300011310;155 660 504;80;0;1;1;1;3
202300011311;155 660 502;7;0;2;4;1;1
202300011311;155 660 503;32;0;2;1;1;1
202300011312;155 660 500;1;0;0;1;1;5
202300011312;155 660 501;7;0;0;1;5;3
202300011313;155 660 499;7;0;1;7;1;1
202300011314;155 660 498;10;0;1;6;4;1
202300011315;155 660 497;1;0;0;0;9;5
202300011316;155 660 495;7;0;2;3;2;2
202300011316;155 660 496;43;0;2;6;1;1
202300011317;155 660 493;7;0;2;4;15;2
202300011317;155 660 494;7;0;2;3;23;2
202300011318;155 660 491;7;0;2;0;1;1
202300011318;155 660 492;33;0;2;0;1;1
202300011319;155 660 489;33;0;2;7;1;1
202300011319;155 660 490;7;0;2;3;1;1
202300011320;155 660 488;1;0;0;0;1;5
202300011321;155 660 487;1;0;1;7;1;5
202300011322;155 660 485;50;0;2;1;1;3
202300011322;155 660 486;1;0;2;8;1;5
202300011323;155 660 482;1;0;0;0;1;5
202300011324;155 660 481;30;0;0;7;1;3
202300011325;155 660 479;32;0;2;3;16;1
202300011325;155 660 480;7;0;2;2;1;3
202300011326;155 660 477;80;0;2;7;1;3
202300011326;155 660 478;7;0;2;3;1;2
202300011327;155 660 476;30;0;0;1;1;1
202300011328;155 660 474;7;0;2;2;15;0
202300011328;155 660 475;1;0;2;8;15;5
202300011329;155 660 473;60;0;0;0;1;5
202300011330;155 660 472;32;12;0;0;1;1
202300011331;155 660 470;1;0;2;8;1;5
202300011331;155 660 471;7;0;2;3;15;1
202300011332;155 660 468;60;0;2;1;1;5
202300011332;155 660 469;7;0;2;2;15;1
202300011333;155 660 467;10;0;1;1;1;1
202300011334;155 660 466;7;0;0;0;12;1
202300011335;155 660 464;60;0;2;0;0;5
202300011335;155 660 465;7;0;2;3;15;1
202300011336;155 660 463;7;0;1;1;2;1
202300011337;155 660 462;7;12;0;8;0;1
202300011338;155 660 460;31;0;2;1;18;1
202300011338;155 660 461;7;0;2;5;14;1
202300011339;155 660 458;7;0;2;2;1;1
202300011339;155 660 459;7;0;2;6;1;1
202300011340;155 660 456;3;0;2;2;19;1
202300011340;155 660 457;7;0;2;3;19;1
202300011341;155 660 454;1;0;2;8;19;5
202300011341;155 660 455;7;0;2;3;19;1
202300011342;155 660 453;7;6;0;1;14;1
202300011343;155 660 451;43;0;2;2;19;1
202300011343;155 660 452;7;0;2;3;0;1
202300011344;155 660 450;7;0;1;4;7;1
202300011345;155 660 448;50;0;2;0;1;3
202300011345;155 660 449;7;0;9;0;0;1
202300011346;155 660 443;2;0;0;8;15;1
202300011347;155 660 442;7;0;1;1;16;1
202300011348;155 660 440;7;0;0;0;0;1
202300011348;155 660 441;33;0;0;1;1;1
202300011349;155 660 439;7;0;1;3;1;1
202300011350;155 660 437;7;9;2;1;9;1
202300011350;155 660 438;33;0;2;1;1;1
202300011351;155 660 436;7;0;1;1;1;1
202300011352;155 660 434;34;0;2;8;13;1
202300011352;155 660 435;33;0;2;7;1;1
202300011353;155 660 432;1;0;2;1;19;5
202300011353;155 660 433;7;0;2;5;21;1
202300011354;155 660 431;7;6;0;1;1;1
202300011355;155 660 429;50;0;2;7;1;3
202300011355;155 660 430;7;0;2;3;19;1
202300011356;155 660 428;7;0;1;2;19;1
202300011357;155 660 426;50;0;2;1;18;3
202300011357;155 660 427;7;0;2;2;16;1
202300011358;155 660 425;7;6;0;0;13;1
202300011359;155 660 424;33;16;0;1;1;1
202300011360;155 660 423;7;0;1;1;1;1
202300011361;155 660 422;50;0;0;0;1;3
202300011362;155 660 421;7;1;0;2;14;2
202300011363;155 660 419;7;1;0;1;1;1
202300011363;155 660 420;7;0;2;4;16;1
202300011364;155 660 417;7;0;2;1;15;1
202300011364;155 660 418;50;0;2;7;19;3
202300011365;155 660 415;1;0;2;4;15;5
202300011365;155 660 416;7;0;2;1;1;1
202300011366;155 660 414;33;0;0;0;1;1
202300011367;155 660 412;7;0;2;5;23;1
202300011367;155 660 413;7;0;2;3;1;1
202300011368;155 660 410;7;0;2;3;1;1
202300011368;155 660 411;1;0;2;1;1;5
202300011369;155 660 409;7;1;1;1;13;1
202300011370;155 660 407;7;0;2;1;19;1
202300011370;155 660 408;7;0;2;1;0;1
202300011371;155 660 405;33;0;2;1;2;1
202300011371;155 660 406;7;0;2;4;1;1
202300011372;155 660 403;7;0;2;1;1;1
202300011372;155 660 404;7;0;2;1;15;1
202300011373;155 660 401;7;0;2;8;1;1
202300011373;155 660 402;7;0;2;1;1;1
202300011374;155 660 399;2;0;2;1;2;1
202300011374;155 660 400;7;0;2;2;10;1
202300011375;155 660 398;7;1;0;2;0;2
202300011376;155 660 397;7;0;1;2;1;1
202300011377;155 660 395;33;0;2;3;3;1
202300011377;155 660 396;7;0;2;7;12;2
202300011378;155 660 392;7;0;2;2;1;1
202300011378;155 660 393;31;0;2;1;3;1
202300011378;155 660 394;10;0;2;6;1;1
202300011379;155 660 390;7;0;2;8;1;1
202300011379;155 660 391;7;0;2;3;1;1
202300011380;155 660 387;33;0;2;1;1;1
202300011380;155 660 388;7;0;2;5;12;0
202300011380;155 660 389;33;0;2;2;1;1
202300011381;155 660 386;7;0;1;3;15;2
202300011382;155 660 385;7;0;0;3;11;1
202300011383;155 660 384;7;2;0;0;13;1
202300011384;155 660 382;7;0;2;2;1;1
202300011384;155 660 383;7;0;2;2;13;1
202300011385;155 660 380;7;0;2;1;13;3
202300011385;155 660 381;7;0;2;1;13;1
202300011386;155 660 378;7;13;2;3;13;1
202300011386;155 660 379;7;13;2;3;1;1
202300011387;155 660 377;7;0;1;2;1;0
202300011388;155 660 375;33;0;2;7;17;1
202300011388;155 660 376;7;0;2;8;15;1
202300011389;155 660 373;13;0;2;1;1;1
202300011389;155 660 374;2;0;2;2;13;1
202300011390;155 660 372;7;13;0;9;13;1
202300011391;155 660 371;7;2;0;1;13;1
202300011392;155 660 369;7;0;2;2;1;0
202300011392;155 660 370;7;2;2;6;17;0
202300011393;155 660 368;7;2;0;1;1;1
202300011394;155 660 367;33;5;0;1;1;1
202300011395;155 660 366;7;2;0;2;1;0
202300011396;155 660 365;10;0;1;3;1;1
202300011397;155 660 363;7;13;2;5;26;1
202300011397;155 660 364;10;4;0;6;0;1
202300011398;155 660 354;7;0;0;8;0;0
202300011398;155 660 355;10;0;2;1;0;0
202300011398;155 660 356;10;0;2;1;0;0
202300011398;155 660 357;7;0;0;1;1;0
202300011398;155 660 358;7;0;0;7;0;0
202300011399;155 660 352;7;4;2;7;1;1
202300011399;155 660 353;7;4;2;8;11;1
202300011400;155 660 351;10;2;0;2;14;1
202300011401;155 660 349;13;0;0;4;15;0
202300011401;155 660 350;31;0;0;3;17;0
202300011402;155 660 348;7;8;0;1;1;1
202300011403;155 660 346;10;1;1;1;2;1
202300011403;155 660 347;13;0;2;4;24;1
202300011404;155 660 345;7;16;0;8;13;1
202300011405;155 660 344;36;6;1;3;26;1
202300011406;155 660 342;37;0;2;3;1;1
202300011406;155 660 343;7;0;2;3;1;1
202300011407;155 660 340;7;8;2;1;5;1
202300011407;155 660 341;7;0;0;1;1;1
202300011408;155 660 339;2;0;0;7;0;1
202300011409;155 660 338;7;13;0;0;0;1
202300011410;155 660 337;7;0;1;2;16;1
202300011411;155 660 335;7;0;2;3;1;1
202300011411;155 660 336;1;0;2;7;9;5
202300011412;155 660 334;7;0;1;2;1;1
202300011413;155 660 332;7;0;2;4;1;1
202300011413;155 660 333;7;0;0;3;1;1
202300011414;155 660 331;7;8;0;1;2;1
202300011415;155 660 330;7;3;0;2;1;1
202300011416;155 660 328;99;0;2;2;1;1
202300011416;155 660 329;7;0;2;3;1;1
202300011417;155 660 327;7;4;0;1;1;1
202300011418;155 660 326;7;3;0;3;13;1
202300011419;155 660 324;7;0;2;3;11;1
202300011419;155 660 325;7;0;2;2;1;1
202300011420;155 660 322;7;0;2;2;12;1
202300011420;155 660 323;7;0;2;3;1;1
202300011421;155 660 320;33;0;2;1;3;1
202300011421;155 660 321;7;0;2;5;1;1
202300011422;155 660 316;7;13;2;3;13;1
202300011422;155 660 318;7;13;2;1;2;1
202300011422;155 660 319;7;13;2;3;1;1
202300011423;155 660 315;31;0;2;4;3;1
202300011423;155 660 317;7;0;2;1;12;1
202300011424;155 660 314;31;1;9;1;1;1
202300011425;155 660 312;7;0;1;3;16;1
202300011426;155 660 311;7;0;1;2;1;1
202300011427;155 660 309;7;0;2;1;2;1
202300011427;155 660 310;7;0;2;4;2;1
202300011427;155 660 313;7;0;2;4;2;1
202300011428;155 660 307;7;0;2;1;0;0
202300011428;155 660 308;17;0;2;6;26;0
202300011429;155 660 304;7;0;2;5;1;1
202300011429;155 660 306;31;0;2;1;1;1