Num_Acc;id_vehicule;catv;obs;obsm;choc;manv;motor
202300011430;155 660 305;7;8;0;3;13;0
202300011431;155 660 302;10;4;0;1;26;1
202300011432;155 660 301;10;0;2;3;1;1
202300011432;155 660 303;7;0;2;3;1;1
202300011433;155 660 299;7;2;0;3;13;1
202300011434;155 660 297;7;0;2;2;2;1
202300011434;155 660 300;7;0;2;6;11;1
202300011435;155 660 296;33;0;2;1;1;1
202300011435;155 660 298;7;0;2;7;15;1
202300011436;155 660 295;7;14;0;3;12;1
202300011437;155 660 293;7;0;2;3;1;3
202300011437;155 660 294;7;0;2;3;1;1
202300011438;155 660 290;1;1;0;1;1;5
202300011439;155 660 289;7;4;2;6;1;0
202300011439;155 660 291;7;0;2;1;2;0
202300011439;155 660 292;17;0;2;2;12;0
202300011440;155 660 285;2;0;0;3;25;1
202300011441;155 660 283;7;12;0;3;1;1
202300011442;155 660 284;10;0;2;4;1;1
202300011442;155 660 286;7;4;2;9;1;1
202300011442;155 660 287;10;0;2;4;0;1
202300011443;155 660 282;7;0;1;1;1;0
202300011444;155 660 280;7;10;0;0;24;1
202300011445;155 660 278;15;0;2;1;1;1
202300011445;155 660 279;15;0;2;4;1;1
202300011445;155 660 281;15;0;2;4;1;1
202300011446;155 660 277;2;0;0;0;1;1
202300011447;155 660 275;33;0;0;6;1;1
202300011448;155 660 274;33;0;2;2;3;1
202300011448;155 660 276;7;0;2;3;11;1
202300011449;155 660 271;7;0;0;4;23;1
202300011449;155 660 272;7;0;2;1;2;1
202300011449;155 660 273;10;0;2;1;2;0
202300011450;155 660 270;38;10;0;1;1;1
202300011451;155 660 267;7;0;1;4;4;1
202300011452;155 660 268;7;0;2;5;2;1
202300011452;155 660 269;31;0;2;1;18;1
202300011453;155 660 264;7;0;2;1;13;1
202300011453;155 660 266;7;0;2;1;1;1
202300011454;155 660 260;7;0;2;3;13;1
202300011454;155 660 262;2;0;2;1;1;1
202300011455;155 660 259;7;9;0;8;1;1
202300011456;155 660 261;10;0;2;4;23;1
202300011456;155 660 263;7;0;2;4;1;1
202300011456;155 660 265;10;0;2;1;1;1
202300011457;155 660 257;7;15;0;3;13;1
202300011458;155 660 254;7;0;2;1;1;1
202300011458;155 660 255;7;3;2;4;1;1
202300011458;155 660 256;7;3;2;4;1;1
202300011458;155 660 258;7;3;2;7;1;1
202300011459;155 660 252;17;0;2;1;1;1
202300011459;155 660 253;10;0;0;7;1;1
202300011460;155 660 249;10;3;2;2;2;1
202300011460;155 660 250;15;0;2;6;2;1
202300011461;155 660 245;7;3;0;8;0;1
202300011461;155 660 247;7;14;0;1;1;1
202300011462;155 660 246;10;0;2;6;1;3
202300011462;155 660 248;7;14;0;3;1;1
202300011462;155 660 251;33;0;2;1;0;1
202300011463;155 660 242;7;0;2;2;14;1
202300011463;155 660 244;17;0;2;8;1;1
202300011464;155 660 238;7;0;2;4;23;1
202300011464;155 660 241;7;0;2;1;2;1
202300011464;155 660 243;10;0;2;3;1;1
202300011465;155 660 234;10;0;2;3;1;1
202300011465;155 660 236;14;3;2;2;19;1
202300011466;155 660 230;7;14;0;2;1;1
202300011466;155 660 232;7;14;0;1;1;1
202300011466;155 660 233;7;0;0;0;0;1
202300011467;155 660 229;7;0;2;1;1;1
202300011467;155 660 231;7;0;2;1;9;1
202300011468;155 660 227;10;0;2;2;1;1
202300011468;155 660 228;2;0;2;3;10;1
202300011469;155 660 225;7;13;0;2;14;1
202300011470;155 660 224;50;0;2;1;1;3
202300011470;155 660 226;7;0;2;7;1;1
202300011471;155 660 222;7;0;2;1;13;3
202300011471;155 660 223;7;0;2;3;1;1
202300011472;155 660 218;7;0;2;1;1;1
202300011472;155 660 219;7;0;2;1;1;1
202300011472;155 660 220;7;0;2;2;13;1
202300011473;155 660 217;7;0;2;1;1;1
202300011473;155 660 221;3;0;2;1;16;1
202300011474;155 660 216;35;12;0;5;2;1
202300011475;155 660 213;7;3;0;1;26;1
202300011476;155 660 214;7;0;2;3;1;0
202300011476;155 660 215;7;0;2;2;15;0
202300011477;155 660 211;7;0;2;1;17;1
202300011477;155 660 212;10;0;2;1;1;1
202300011478;155 660 207;7;0;2;1;0;1
202300011478;155 660 210;7;0;2;2;1;1
202300011479;155 660 205;7;0;2;1;1;1
202300011479;155 660 206;7;0;2;1;1;1
202300011479;155 660 208;7;0;2;1;5;1
202300011479;155 660 209;7;0;2;1;1;1
202300011480;155 660 204;7;0;1;1;1;1
202300011481;155 660 202;7;0;2;1;13;1
202300011481;155 660 203;7;0;2;1;1;1
202300011482;155 660 199;33;0;2;7;1;1
202300011482;155 660 201;80;12;2;1;2;3
202300011483;155 660 198;7;7;2;1;2;1
202300011483;155 660 200;7;7;2;1;2;1
202300011484;155 660 195;50;0;2;7;19;3
202300011484;155 660 196;7;0;2;1;9;1
202300011485;155 660 194;7;0;2;1;2;1
202300011485;155 660 197;7;0;2;0;0;1
202300011486;155 660 193;7;0;1;8;1;0
202300011487;155 660 191;17;0;2;2;1;1
202300011487;155 660 192;7;0;2;3;9;1
202300011488;155 660 187;15;0;2;5;12;1
202300011488;155 660 189;7;0;2;7;1;1
202300011489;155 660 188;7;0;2;1;13;1
202300011489;155 660 190;7;0;2;1;1;1
202300011490;155 660 185;7;0;2;4;23;1
202300011490;155 660 186;15;1;0;1;2;1
202300011491;155 660 182;7;4;2;1;2;1
202300011491;155 660 183;7;4;2;4;2;0
202300011492;155 660 184;32;12;0;6;13;1
202300011493;155 660 177;7;0;2;4;23;2
202300011493;155 660 178;7;0;2;1;23;1
202300011493;155 660 179;7;0;2;4;23;1
202300011493;155 660 181;10;0;2;1;2;1
202300011494;155 660 176;3;0;2;2;0;1
202300011494;155 660 180;1;0;2;0;0;5
202300011495;155 660 174;17;0;2;7;12;1
202300011495;155 660 175;7;4;2;8;1;1
202300011496;155 660 171;7;0;2;7;11;1
202300011496;155 660 172;43;0;2;5;26;1
202300011497;155 660 169;31;0;0;0;1;1
202300011498;155 660 168;50;0;2;1;5;3
202300011498;155 660 170;7;0;2;2;9;1
202300011499;155 660 166;31;14;0;1;1;1
202300011500;155 660 164;7;0;2;4;2;1
202300011500;155 660 165;7;0;2;0;2;1
202300011500;155 660 167;7;0;2;1;2;1
202300011501;155 660 162;50;0;2;2;1;3
202300011501;155 660 163;7;0;2;1;19;1
202300011502;155 660 161;7;0;1;2;1;2
202300011503;155 660 159;1;0;1;1;1;5
202300011504;155 660 158;30;0;2;3;17;1
202300011504;155 660 160;7;0;9;3;15;1
202300011505;155 660 156;7;0;2;7;22;2
202300011505;155 660 157;80;0;2;1;1;3
202300011506;155 660 155;7;0;1;1;1;1
202300011507;155 660 152;14;0;2;0;23;1
202300011507;155 660 154;7;0;2;2;17;1
202300011508;155 660 153;10;4;0;1;26;1
202300011509;155 660 150;30;0;1;1;1;3
202300011510;155 660 149;7;0;2;5;15;1
202300011510;155 660 151;2;0;2;1;1;1
202300011511;155 660 147;7;0;1;4;4;1
202300011512;155 660 145;30;0;2;2;17;1
202300011512;155 660 146;7;0;2;0;16;1
202300011512;155 660 148;10;0;2;0;16;1
202300011513;155 660 143;7;5;0;3;0;0
202300011513;155 660 144;50;3;0;0;0;3
202300011514;155 660 141;7;0;2;3;15;1
202300011514;155 660 142;50;0;2;1;1;3
202300011515;155 660 140;7;0;1;3;0;3
202300011516;155 660 138;7;0;2;0;15;0
202300011516;155 660 139;34;0;2;1;1;1
202300011517;155 660 135;7;0;2;4;2;1
202300011517;155 660 137;7;0;2;1;2;1
202300011518;155 660 134;7;0;2;7;16;2
202300011518;155 660 136;50;0;2;2;1;3
202300011519;155 660 131;7;0;2;6;15;1
202300011519;155 660 133;32;0;2;1;2;1
202300011520;155 660 132;7;0;1;1;1;1
202300011521;155 660 128;7;0;2;3;1;1
202300011521;155 660 129;34;0;2;7;13;1
202300011521;155 660 130;10;0;2;3;1;1
202300011522;155 660 126;60;0;2;8;5;5
202300011522;155 660 127;7;0;9;3;16;1
202300011523;155 660 124;7;0;2;8;22;1
202300011523;155 660 125;1;0;2;0;1;5
202300011524;155 660 121;1;0;2;1;1;5
202300011524;155 660 122;7;0;2;1;15;1
202300011525;155 660 120;7;0;2;7;17;1
202300011525;155 660 123;7;0;2;2;15;1
202300011526;155 660 119;50;0;0;7;1;3
202300011527;155 660 117;7;0;2;4;2;1
202300011527;155 660 118;7;0;2;1;2;1
202300011528;155 660 116;50;12;0;1;13;3
202300011529;155 660 115;2;13;0;1;1;1
202300011530;155 660 113;7;0;2;3;9;1
202300011530;155 660 114;37;0;2;2;1;1
202300011531;155 660 111;7;0;2;2;15;0
202300011531;155 660 112;1;0;2;0;0;5
202300011532;155 660 110;7;0;1;2;1;2
202300011533;155 660 107;7;0;2;1;15;0
202300011533;155 660 109;33;0;2;8;16;0
202300011534;155 660 108;30;0;0;0;1;1
202300011535;155 660 105;7;0;2;4;23;1
202300011535;155 660 106;7;0;2;1;1;1
202300011536;155 660 104;1;13;0;1;15;5
202300011537;155 660 102;7;0;2;2;16;1
202300011537;155 660 103;33;0;2;1;1;1
202300011538;155 660 101;7;0;1;1;10;1
202300011539;155 660 098;7;0;2;3;2;1
202300011539;155 660 099;32;0;2;2;2;1
202300011540;155 660 095;1;0;9;0;0;5
202300011540;155 660 097;7;0;9;1;15;1
202300011541;155 660 093;32;0;2;4;1;1
202300011542;155 660 094;7;0;2;0;0;3
202300011542;155 660 096;30;0;2;1;0;3
202300011543;155 660 091;1;8;2;8;2;5
202300011543;155 660 092;14;0;9;7;11;0
202300011544;155 660 088;1;0;2;8;1;5
202300011544;155 660 089;7;0;9;3;13;3
202300011545;155 660 087;34;12;2;5;1;1
202300011545;155 660 090;7;0;2;6;1;1
202300011546;155 660 085;10;0;2;3;15;0
202300011546;155 660 086;34;0;2;1;1;0
202300011547;155 660 082;30;0;2;1;3;1
202300011547;155 660 083;7;0;2;8;15;1
202300011548;155 660 081;7;0;2;1;2;1
202300011548;155 660 084;30;0;2;3;0;1
202300011549;155 660 078;1;0;2;1;1;5
202300011549;155 660 080;7;0;9;2;15;1
202300011550;155 660 077;33;0;2;1;1;1
202300011550;155 660 079;10;0;2;6;11;1
202300011551;155 660 076;80;8;0;1;1;3
202300011552;155 660 074;7;0;2;2;1;1
202300011552;155 660 075;7;0;2;3;15;1
202300011553;155 660 073;2;0;1;1;21;1
202300011554;155 660 071;10;0;1;2;1;1
202300011555;155 660 068;7;0;2;1;0;1
202300011555;155 660 069;17;0;0;6;1;1
202300011556;155 660 066;7;15;9;3;1;1
202300011557;155 660 064;7;0;1;2;15;1
202300011558;155 660 063;36;1;0;3;1;0
202300011559;155 660 060;99;0;2;1;1;1
202300011559;155 660 061;7;15;0;4;15;1
202300011559;155 660 062;7;0;9;3;1;1
202300011560;155 660 059;7;0;1;1;1;1
202300011561;155 660 057;7;4;0;6;0;1
202300011561;155 660 058;7;0;2;2;17;1
202300011562;155 660 055;2;0;0;1;0;1
202300011563;155 660 054;2;0;2;1;19;0
202300011563;155 660 056;7;0;2;8;2;1
202300011564;155 660 051;7;0;2;1;2;1
202300011564;155 660 052;7;0;2;4;2;1
202300011564;155 660 053;7;0;2;4;2;1
202300011565;155 660 049;7;0;2;1;1;1
202300011565;155 660 050;2;0;2;4;1;1
202300011566;155 660 048;7;12;0;1;1;1
202300011567;155 660 046;7;0;1;3;15;1
202300011568;155 660 045;7;0;2;1;1;1
202300011568;155 660 047;1;0;2;0;26;5
202300011569;155 660 043;7;0;2;8;1;1
202300011569;155 660 044;33;0;2;8;1;1
202300011570;155 660 040;7;0;2;3;15;1
202300011570;155 660 041;7;0;2;3;1;1
202300011571;155 660 039;32;7;0;1;1;1
202300011572;155 660 038;7;14;0;1;26;1
202300011573;155 660 037;7;13;0;2;1;1
202300011574;155 660 034;7;0;2;2;1;1
202300011574;155 660 036;10;0;2;5;15;1
202300011575;155 660 033;2;0;2;4;26;0
202300011575;155 660 035;3;0;2;0;0;0
202300011576;155 660 030;50;0;2;1;1;3
202300011576;155 660 032;7;0;2;3;9;1
202300011577;155 660 029;7;0;2;4;1;1
202300011577;155 660 031;10;0;2;1;1;1
202300011578;155 660 027;7;0;2;2;1;0
202300011578;155 660 028;7;0;2;3;9;0
202300011579;155 660 024;7;0;2;1;1;1
202300011579;155 660 026;7;0;2;2;1;1
202300011580;155 660 023;7;4;0;0;0;1
202300011581;155 660 021;7;0;1;6;4;1
202300011582;155 660 020;7;0;2;1;1;1
202300011582;155 660 022;7;0;2;1;1;1
202300011583;155 660 018;7;2;0;1;0;1
202300011584;155 660 017;7;0;2;3;9;1
202300011584;155 660 019;1;0;2;0;1;5
202300011585;155 660 016;7;2;0;9;1;1
202300011586;155 660 011;7;2;0;1;0;1
202300011587;155 660 012;1;0;2;1;23;5
202300011587;155 660 015;7;0;2;3;15;1
202300011588;155 660 009;1;0;0;7;19;5
202300011588;155 660 010;7;0;9;1;1;0
202300011589;155 660 007;50;0;2;7;17;3
202300011589;155 660 008;21;0;2;6;0;1
202300011590;155 660 006;7;2;0;2;1;1
202300011591;155 660 005;7;13;0;1;13;1
202300011592;155 660 003;7;0;2;1;2;1
202300011592;155 660 004;2;0;2;4;2;0
202300011593;155 659 998;7;0;2;3;2;1
202300011593;155 659 999;32;0;2;4;1;1
202300011593;155 660 000;14;0;2;3;2;1
202300011594;155 659 997;7;12;0;1;13;1
202300011595;155 659 995;7;0;1;2;1;1
202300011596;155 659 994;10;15;0;4;4;1
202300011597;155 659 990;7;0;2;1;1;1
202300011597;155 659 991;7;0;2;8;19;1
202300011598;155 659 989;30;0;0;7;1;1
202300011599;155 659 986;2;0;2;1;1;1
202300011599;155 659 988;7;0;0;4;1;1
202300011600;155 659 987;30;0;0;0;1;1
202300011601;155 659 985;7;0;1;1;2;1
202300011602;155 659 981;1;0;2;1;1;5
202300011602;155 659 982;7;0;2;3;16;1
202300011603;155 659 983;7;0;2;1;2;1
202300011603;155 659 984;7;0;2;4;1;1
202300011604;155 659 979;7;0;2;1;13;1
202300011604;155 659 980;7;0;2;3;13;1
202300011605;155 659 978;7;15;0;2;1;3
202300011606;155 659 977;10;0;1;1;0;1
202300011607;155 659 976;31;0;0;0;1;0
202300011608;155 659 975;33;16;0;0;2;1
202300011609;155 659 974;1;0;1;1;1;5
202300011610;155 659 972;33;0;2;0;1;1
202300011610;155 659 973;7;0;2;0;11;1
202300011611;155 659 968;7;0;2;2;14;0
202300011611;155 659 970;7;0;2;8;1;0
202300011612;155 659 969;34;0;2;3;1;1
202300011612;155 659 971;7;0;2;2;15;1
202300011613;155 659 967;7;3;2;1;17;1
202300011614;155 659 966;10;0;1;1;15;0
202300011615;155 659 964;10;0;2;4;2;1
202300011615;155 659 965;7;0;2;1;14;1
202300011616;155 659 962;7;0;2;2;1;1
202300011616;155 659 963;14;0;2;3;1;1
202300011617;155 659 959;7;0;2;1;2;1
202300011617;155 659 960;7;0;2;4;2;1
202300011617;155 659 961;7;0;2;4;2;1
202300011618;155 659 957;7;0;2;3;15;1
202300011618;155 659 958;2;0;2;8;1;1
202300011619;155 659 955;7;0;2;4;2;1
202300011619;155 659 956;7;0;2;1;2;1
202300011620;155 659 954;7;0;1;1;1;1
202300011621;155 659 951;7;0;2;7;16;1
202300011621;155 659 953;50;0;2;1;25;3
202300011622;155 659 948;7;0;1;3;15;1
202300011623;155 659 947;7;0;2;4;1;1
202300011623;155 659 949;7;0;2;6;1;1
202300011623;155 659 950;7;0;2;2;1;1
202300011623;155 659 952;33;0;2;2;3;1
202300011624;155 659 946;7;0;1;7;20;1
202300011625;155 659 942;7;0;2;1;2;1
202300011625;155 659 944;7;0;2;4;2;1
202300011625;155 659 945;7;0;2;4;2;1
202300011626;155 659 941;2;14;0;7;1;1
202300011626;155 659 943;7;0;2;1;9;1
202300011627;155 659 940;7;0;1;3;1;1
202300011628;155 659 938;41;13;0;0;13;1
202300011629;155 659 935;37;0;2;7;0;1
202300011629;155 659 936;1;0;2;7;0;5
202300011630;155 659 934;50;12;0;1;13;3
202300011631;155 659 932;1;0;2;1;1;5
202300011631;155 659 933;7;0;2;3;17;1
202300011632;155 659 931;7;4;0;1;1;0
202300011633;155 659 929;2;0;2;1;2;1
202300011633;155 659 930;10;0;2;4;2;1
202300011634;155 659 928;80;8;-1;1;21;3
202300011635;155 659 924;7;0;2;1;17;1
202300011635;155 659 926;10;0;2;3;1;1
202300011636;155 659 925;7;0;0;0;0;1
202300011636;155 659 927;30;0;0;8;21;1
202300011637;155 659 921;7;0;2;3;26;1
202300011637;155 659 923;2;0;2;1;17;3
202300011638;155 659 920;7;0;1;1;26;1
202300011639;155 659 922;7;13;0;9;1;1
202300011640;155 659 919;33;0;0;0;21;1
202300011641;155 659 915;7;0;2;8;2;3
202300011641;155 659 916;33;0;2;7;17;1
202300011642;155 659 917;30;0;2;1;26;3
202300011642;155 659 918;10;0;2;4;0;0
202300011643;155 659 912;7;2;0;1;0;1
202300011644;155 659 913;7;0;1;3;19;1
202300011645;155 659 908;7;4;0;1;9;1
202300011646;155 659 907;7;0;2;1;13;1
202300011646;155 659 909;17;0;2;1;1;1
202300011646;155 659 911;7;0;2;2;0;3
202300011647;155 659 905;7;0;2;8;15;1
202300011647;155 659 906;7;0;2;1;1;1
202300011648;155 659 902;7;0;2;1;1;1
202300011648;155 659 903;7;0;2;4;10;1
202300011649;155 659 900;7;15;0;1;13;1
202300011650;155 659 899;7;0;2;1;1;1
202300011650;155 659 901;30;0;2;2;15;1
202300011651;155 659 896;7;0;2;1;1;0
202300011651;155 659 898;99;0;2;7;1;0
202300011652;155 659 895;7;0;2;2;16;1
202300011652;155 659 897;1;0;2;3;1;5
202300011653;155 659 893;50;0;2;1;19;3
202300011653;155 659 894;7;0;9;1;1;1
202300011654;155 659 892;7;0;0;1;14;1
202300011655;155 659 890;7;0;2;8;1;1
202300011655;155 659 891;30;0;2;8;9;1
202300011656;155 659 887;7;0;2;3;1;2
202300011656;155 659 888;7;0;2;1;13;1
202300011657;155 659 886;7;0;2;1;1;1
202300011657;155 659 889;10;0;2;7;1;1
202300011658;155 659 884;7;0;2;1;1;1
202300011658;155 659 885;7;0;2;1;5;1
202300011659;155 659 882;7;0;2;3;15;1
202300011659;155 659 883;33;0;2;2;0;1
202300011660;155 659 880;7;0;2;7;0;1
202300011660;155 659 881;33;0;2;1;0;1
202300011661;155 659 878;1;0;1;1;25;5
202300011662;155 659 877;7;0;2;3;1;0
202300011662;155 659 879;7;3;0;8;13;0
202300011663;155 659 874;7;13;1;1;1;1
202300011664;155 659 873;7;0;2;1;1;1
202300011664;155 659 875;7;0;2;1;13;1
202300011665;155 659 872;7;9;0;1;1;1
202300011666;155 659 871;50;14;0;1;1;3
202300011667;155 659 868;50;0;2;1;1;3
202300011667;155 659 870;10;0;2;8;1;1
202300011668;155 659 867;7;0;2;1;1;1
202300011668;155 659 869;7;0;2;3;1;0
202300011669;155 659 864;7;0;2;4;2;1
202300011669;155 659 866;7;0;2;1;2;1
202300011670;155 659 862;7;0;2;1;23;1
202300011670;155 659 863;7;0;2;1;23;1
202300011670;155 659 865;7;0;2;1;1;1
202300011671;155 659 860;7;0;2;4;2;1
202300011671;155 659 861;7;0;2;3;2;1
202300011672;155 659 858;7;0;2;6;20;1
202300011672;155 659 859;33;0;2;1;2;1
202300011673;155 659 857;2;0;0;1;20;1
202300011674;155 659 855;7;0;9;2;16;0
202300011674;155 659 856;1;0;0;0;0;5
202300011675;155 659 852;33;6;0;1;2;1
202300011676;155 659 850;7;9;0;1;15;1
202300011677;155 659 849;7;0;2;0;0;1
202300011677;155 659 851;7;0;2;0;0;1
202300011678;155 659 847;7;0;2;3;1;1
202300011678;155 659 848;1;0;0;0;0;5
202300011679;155 659 844;0;0;2;5;12;0
202300011679;155 659 845;32;1;2;1;1;1
202300011680;155 659 843;10;0;1;5;26;3
202300011681;155 659 846;7;8;1;1;16;1
202300011682;155 659 841;10;0;2;1;19;1
202300011682;155 659 842;10;0;2;2;1;1
202300011683;155 659 839;7;14;2;9;26;0
202300011684;155 659 840;33;9;0;1;1;0
202300011685;155 659 837;7;0;2;0;9;0
202300011685;155 659 838;2;0;2;0;0;1
202300011686;155 659 835;2;0;0;8;0;1
202300011687;155 659 834;33;9;2;8;1;1
202300011687;155 659 836;7;9;2;2;1;1
202300011688;155 659 832;7;0;2;2;2;0
202300011689;155 659 831;7;6;2;4;2;2
202300011689;155 659 833;10;0;2;1;2;1
202300011690;155 659 827;7;0;2;1;0;1
202300011690;155 659 829;7;0;2;3;0;1
202300011691;155 659 824;33;1;0;1;1;1
202300011691;155 659 825;7;1;0;8;20;1
202300011692;155 659 820;7;0;2;4;23;1
202300011692;155 659 822;10;0;2;1;9;1
202300011692;155 659 823;7;0;2;4;23;1
202300011693;155 659 818;7;0;2;5;15;0
202300011693;155 659 819;2;0;2;1;1;0
202300011694;155 659 814;7;0;0;1;1;1
202300011694;155 659 816;7;0;2;2;15;1
202300011695;155 659 813;7;0;2;1;13;1
202300011695;155 659 815;7;0;2;1;1;1
202300011696;155 659 811;10;0;2;7;1;1
202300011696;155 659 812;7;0;2;1;1;1
202300011697;155 659 809;7;0;2;8;12;1
202300011697;155 659 810;31;0;2;8;1;1
202300011698;155 659 807;10;0;2;8;16;1
202300011698;155 659 808;60;0;2;8;19;5
202300011699;155 659 805;10;0;1;1;1;1
202300011700;155 659 803;7;0;2;5;1;1
202300011700;155 659 804;43;0;2;4;3;1
202300011700;155 659 806;32;0;2;1;3;0
202300011701;155 659 801;7;0;2;1;2;1
202300011701;155 659 802;7;0;2;6;17;1
202300011702;155 659 799;33;0;2;1;1;1
202300011702;155 659 800;10;0;2;4;11;0
202300011703;155 659 798;7;0;1;3;9;1
202300011704;155 659 797;7;0;1;2;15;1
202300011705;155 659 793;33;0;2;1;1;1
202300011705;155 659 794;7;0;2;3;15;1
202300011706;155 659 795;7;0;2;4;2;1
202300011706;155 659 796;33;0;2;3;2;1
202300011707;155 659 790;33;0;2;0;21;1
202300011707;155 659 792;7;0;0;0;15;1
202300011708;155 659 787;7;1;0;1;14;1
202300011709;155 659 785;7;0;2;2;1;4
202300011709;155 659 788;33;0;2;9;3;1
202300011709;155 659 789;33;0;2;9;9;1
202300011709;155 659 791;7;0;2;3;1;1
202300011710;155 659 784;50;0;2;3;26;3
202300011710;155 659 786;7;0;2;8;15;1
202300011711;155 659 780;33;1;2;1;17;1
202300011711;155 659 783;7;0;2;3;15;6
202300011712;155 659 779;0;0;0;1;2;1
202300011713;155 659 777;7;0;2;5;1;1
202300011713;155 659 778;7;0;2;3;1;1
202300011714;155 659 776;7;0;1;2;9;1
202300011715;155 659 774;30;0;2;1;2;1
202300011715;155 659 775;1;0;2;4;1;5
202300011716;155 659 771;80;0;2;1;1;2
202300011716;155 659 773;7;0;2;4;23;1
202300011717;155 659 772;7;0;1;3;19;1
202300011718;155 659 770;30;16;0;1;1;1
202300011719;155 659 768;33;15;0;2;16;1
202300011720;155 659 765;7;0;1;2;16;1
202300011721;155 659 766;10;0;2;1;1;1
202300011721;155 659 767;7;0;2;4;1;1
202300011721;155 659 769;7;0;2;4;1;1
202300011722;155 659 763;30;0;2;4;23;1
202300011722;155 659 764;7;0;2;1;1;1
202300011723;155 659 760;7;0;2;7;1;1
202300011723;155 659 762;7;0;0;2;1;1
202300011724;155 659 761;7;0;1;1;1;2
202300011725;155 659 757;13;0;2;8;22;1
202300011725;155 659 759;1;0;2;1;1;5
202300011726;155 659 758;33;0;0;0;1;1
202300011727;155 659 753;7;1;0;1;1;1
202300011727;155 659 755;10;1;0;4;23;3
202300011728;155 659 754;10;0;2;3;22;1
202300011728;155 659 756;1;1;0;1;1;5
202300011729;155 659 752;1;0;1;0;5;5
202300011730;155 659 750;1;0;2;0;19;5
202300011730;155 659 751;33;0;2;1;1;1
202300011731;155 659 749;80;0;0;0;7;3
202300011732;155 659 748;1;0;0;0;1;5
202300011733;155 659 747;10;0;1;3;1;3
202300011734;155 659 745;13;0;2;0;15;0
202300011734;155 659 746;1;0;2;4;1;5
202300011735;155 659 743;7;0;2;5;12;1
202300011735;155 659 744;32;0;2;3;1;1
202300011736;155 659 741;7;0;2;8;15;1
202300011736;155 659 742;50;0;2;8;11;3
202300011737;155 659 739;7;8;2;2;15;0
202300011737;155 659 740;10;8;2;1;1;0
202300011738;155 659 736;34;0;2;1;1;0
202300011738;155 659 737;7;0;2;1;19;1
202300011739;155 659 734;7;0;2;1;1;3
202300011739;155 659 735;7;0;2;4;26;1
202300011740;155 659 730;7;0;2;3;16;1
202300011740;155 659 731;80;0;2;1;1;3
202300011741;155 659 728;7;0;2;3;9;1
202300011741;155 659 729;7;0;2;0;0;1
202300011742;155 659 727;7;6;0;2;26;1
202300011743;155 659 726;2;0;0;3;26;1
202300011744;155 659 725;7;1;0;2;1;0
202300011745;155 659 723;7;0;2;3;1;1
202300011745;155 659 724;7;0;2;3;1;1
202300011746;155 659 722;7;0;1;3;1;1
202300011747;155 659 720;7;0;2;1;1;2
202300011747;155 659 721;50;0;2;7;1;3
202300011748;155 659 718;30;0;9;4;2;1
202300011748;155 659 719;50;0;0;4;2;3
202300011749;155 659 714;7;0;2;4;2;0
202300011749;155 659 715;7;0;2;4;2;0
202300011749;155 659 716;7;0;2;1;2;0
202300011749;155 659 717;7;0;2;4;2;0
202300011750;155 659 712;33;0;2;1;9;1
202300011750;155 659 713;7;0;2;2;1;1
202300011751;155 659 711;33;0;1;1;1;1
202300011752;155 659 709;7;0;2;4;23;1
202300011752;155 659 710;43;0;2;1;2;1
202300011753;155 659 707;30;0;2;1;18;1
202300011753;155 659 708;37;0;2;7;16;1
202300011754;155 659 705;80;0;2;1;1;3
202300011754;155 659 706;7;0;2;3;15;2
202300011755;155 659 704;50;12;0;0;1;3
202300011756;155 659 702;7;0;2;1;16;1
202300011756;155 659 703;1;0;2;3;1;5
202300011757;155 659 700;50;0;2;2;25;3
202300011757;155 659 701;37;0;2;2;9;1
202300011758;155 659 696;7;0;2;2;2;1
202300011758;155 659 697;7;0;2;6;15;2
202300011759;155 659 694;7;0;2;4;16;1
202300011759;155 659 695;7;0;2;1;1;1
202300011760;155 659 692;1;0;2;4;1;5
202300011760;155 659 693;10;1;2;2;14;1
202300011761;155 659 690;7;0;2;2;16;1
202300011761;155 659 691;1;0;2;7;26;5
202300011762;155 659 687;7;0;2;1;0;1
202300011762;155 659 688;7;6;2;4;1;1
202300011762;155 659 689;7;12;2;7;1;1
202300011763;155 659 685;1;0;2;1;0;5
202300011763;155 659 686;10;0;2;1;0;1
202300011764;155 659 683;7;0;2;3;9;1
202300011764;155 659 684;43;0;2;1;1;1
202300011765;155 659 681;10;0;2;8;15;1
202300011765;155 659 682;33;0;2;7;17;1
202300011766;155 659 679;7;0;2;2;16;1
202300011766;155 659 680;1;0;2;8;19;5
202300011767;155 659 678;1;0;0;0;0;5
202300011768;155 659 676;7;12;2;1;1;1
202300011768;155 659 677;7;0;2;6;15;1
202300011769;155 659 675;33;0;0;7;21;1
202300011770;155 659 673;33;0;2;3;1;0
202300011770;155 659 674;7;0;2;2;9;0
202300011771;155 659 671;3;0;2;2;1;1
202300011771;155 659 672;1;0;0;1;16;5
202300011772;155 659 670;1;8;0;1;1;5
202300011773;155 659 669;34;0;2;1;3;1
202300011774;155 659 667;7;0;2;4;2;1
202300011774;155 659 668;2;0;2;1;2;1
202300011775;155 659 664;7;0;2;4;0;1
202300011775;155 659 665;7;0;2;1;0;1
202300011775;155 659 666;7;0;2;4;1;0
202300011776;155 659 662;34;0;2;7;15;1