Num_Acc;id_vehicule;catv;obs;obsm;choc;manv;motor
202300011776;155 659 663;7;0;2;6;15;1
202300011777;155 659 660;7;0;2;2;26;1
202300011777;155 659 661;30;0;2;1;16;1
202300011778;155 659 657;10;0;2;2;1;1
202300011778;155 659 658;10;0;2;3;1;3
202300011778;155 659 659;7;0;2;5;1;1
202300011779;155 659 655;7;0;2;1;13;0
202300011779;155 659 656;7;0;2;1;1;0
202300011780;155 659 654;7;6;0;3;26;1
202300011781;155 659 653;7;3;0;1;0;1
202300011782;155 659 651;7;3;2;9;11;1
202300011782;155 659 652;7;0;2;3;2;1
202300011783;155 659 649;7;0;2;4;1;1
202300011783;155 659 650;7;6;2;1;1;1
202300011784;155 659 648;36;0;0;0;1;1
202300011785;155 659 647;7;2;0;2;1;1
202300011786;155 659 645;32;0;2;1;5;1
202300011786;155 659 646;7;0;2;3;1;1
202300011787;155 659 644;7;13;0;1;1;1
202300011788;155 659 643;7;6;0;1;1;1
202300011789;155 659 641;7;0;2;7;13;1
202300011789;155 659 642;1;0;2;1;1;5
202300011790;155 659 640;7;15;0;1;1;1
202300011791;155 659 637;7;0;0;1;0;1
202300011792;155 659 636;7;6;0;3;13;2
202300011793;155 659 633;31;0;0;0;1;1
202300011793;155 659 634;33;0;0;5;1;1
202300011793;155 659 635;33;0;2;3;1;1
202300011794;155 659 631;7;0;2;4;15;1
202300011794;155 659 632;7;0;2;1;2;1
202300011795;155 659 630;33;0;0;9;14;1
202300011796;155 659 628;7;0;2;3;15;0
202300011796;155 659 629;7;0;2;3;1;0
202300011797;155 659 627;7;8;0;2;0;1
202300011798;155 659 625;7;0;2;1;1;1
202300011798;155 659 626;7;0;2;1;5;1
202300011799;155 659 624;33;13;0;9;1;1
202300011800;155 659 622;7;0;2;1;13;1
202300011800;155 659 623;7;3;2;1;21;1
202300011801;155 659 621;33;8;0;1;14;1
202300011802;155 659 620;7;13;0;0;2;1
202300011803;155 659 618;7;0;2;2;15;1
202300011803;155 659 619;2;0;2;1;1;1
202300011804;155 659 617;7;8;0;7;0;1
202300011805;155 659 612;7;0;0;4;2;1
202300011805;155 659 613;10;0;2;1;2;1
202300011806;155 659 611;33;3;0;8;13;1
202300011807;155 659 609;7;0;2;3;19;1
202300011807;155 659 610;32;0;2;1;17;1
202300011808;155 659 608;7;4;0;3;13;3
202300011809;155 659 607;2;8;0;1;14;1
202300011810;155 659 604;15;0;0;8;24;1
202300011810;155 659 605;15;0;0;5;24;1
202300011810;155 659 606;7;1;0;1;9;2
202300011811;155 659 603;7;6;0;0;1;1
202300011812;155 659 602;32;13;0;1;14;1
202300011813;155 659 600;33;0;2;1;1;1
202300011813;155 659 601;10;0;2;7;15;1
202300011814;155 659 597;31;0;0;4;9;1
202300011814;155 659 598;7;0;2;1;2;1
202300011815;155 659 596;7;2;0;0;19;1
202300011816;155 659 594;33;0;2;1;19;1
202300011816;155 659 595;7;0;2;1;1;1
202300011817;155 659 593;33;3;0;7;1;1
202300011818;155 659 591;7;0;2;3;15;1
202300011818;155 659 592;33;0;2;1;17;1
202300011819;155 659 589;31;0;2;1;1;1
202300011819;155 659 590;10;0;2;6;10;1
202300011820;155 659 587;7;0;2;2;1;1
202300011820;155 659 588;7;13;2;7;1;1
202300011821;155 659 585;7;0;0;1;1;1
202300011821;155 659 586;7;0;0;3;1;1
202300011822;155 659 583;7;2;0;1;0;0
202300011823;155 659 581;7;0;2;3;13;1
202300011823;155 659 582;7;0;2;3;1;1
202300011824;155 659 580;30;2;0;1;1;1
202300011825;155 659 576;10;0;2;4;2;1
202300011825;155 659 577;7;0;2;1;2;1
202300011825;155 659 578;7;0;2;1;2;1
202300011825;155 659 579;7;0;2;6;2;1
202300011826;155 659 574;15;0;2;7;12;1
202300011826;155 659 575;7;0;2;8;1;1
202300011827;155 659 571;7;0;2;5;14;1
202300011827;155 659 572;33;0;2;1;3;1
202300011827;155 659 573;7;0;2;3;2;1
202300011828;155 659 568;10;0;2;4;1;1
202300011828;155 659 569;7;0;2;1;1;1
202300011828;155 659 570;7;0;2;4;1;1
202300011829;155 659 566;7;0;2;4;1;1
202300011829;155 659 567;7;0;2;1;1;1
202300011830;155 659 564;7;4;2;1;21;1
202300011830;155 659 565;10;0;2;8;1;1
202300011831;155 659 562;7;0;2;7;12;1
202300011831;155 659 563;43;0;2;8;3;1
202300011832;155 659 561;7;1;0;1;1;1
202300011833;155 659 559;7;3;0;4;1;1
202300011833;155 659 560;7;1;2;1;1;1
202300011834;155 659 557;7;0;2;6;15;1
202300011834;155 659 558;32;0;2;6;1;1
202300011835;155 659 555;2;0;2;1;17;1
202300011835;155 659 556;7;0;2;3;15;1
202300011836;155 659 554;33;15;0;3;26;1
202300011837;155 659 553;7;0;1;2;0;0
202300011838;155 659 552;7;3;0;1;0;1
202300011839;155 659 550;50;0;2;1;1;3
202300011839;155 659 551;7;0;2;5;15;1
202300011840;155 659 548;10;0;9;3;0;1
202300011840;155 659 549;34;0;2;7;15;1
202300011841;155 659 546;7;0;2;3;0;1
202300011841;155 659 547;1;0;2;0;0;5
202300011842;155 659 544;50;0;2;7;1;3
202300011842;155 659 545;10;0;2;1;9;1
202300011843;155 659 542;7;0;2;1;1;1
202300011843;155 659 543;7;0;2;3;1;1
202300011844;155 659 541;10;0;1;0;16;1
202300011845;155 659 539;7;0;2;1;1;1
202300011845;155 659 540;7;0;1;1;1;1
202300011846;155 659 537;7;0;0;6;13;1
202300011846;155 659 538;33;0;2;1;13;1
202300011847;155 659 536;7;0;1;4;4;1
202300011848;155 659 535;7;0;1;0;1;1
202300011849;155 659 533;50;0;2;1;1;3
202300011849;155 659 534;7;0;9;3;19;1
202300011850;155 659 531;7;0;2;0;15;1
202300011850;155 659 532;34;0;2;8;1;1
202300011851;155 659 530;7;0;1;1;2;1
202300011852;155 659 528;7;0;2;3;15;1
202300011852;155 659 529;33;0;2;5;11;1
202300011853;155 659 527;50;0;0;0;14;3
202300011854;155 659 525;7;0;2;2;1;1
202300011854;155 659 526;7;0;9;3;16;1
202300011855;155 659 524;7;1;0;2;0;1
202300011856;155 659 522;7;0;2;2;15;1
202300011856;155 659 523;7;0;2;1;1;1
202300011857;155 659 519;7;1;2;1;26;1
202300011857;155 659 520;1;0;2;1;1;5
202300011857;155 659 521;1;0;2;1;1;5
202300011858;155 659 517;7;0;2;8;1;1
202300011858;155 659 518;7;0;2;1;1;1
202300011859;155 659 513;7;0;2;4;2;2
202300011859;155 659 514;7;0;2;4;2;1
202300011859;155 659 515;7;0;2;4;2;1
202300011859;155 659 516;7;0;2;4;2;1
202300011860;155 659 512;7;0;2;1;2;1
202300011861;155 659 510;50;0;2;5;4;3
202300011861;155 659 511;7;0;2;5;20;1
202300011862;155 659 509;0;0;1;1;1;0
202300011863;155 659 507;31;0;2;7;1;1
202300011863;155 659 508;7;0;2;8;15;1
202300011864;155 659 505;7;0;2;3;9;1
202300011864;155 659 506;33;0;2;5;1;1
202300011865;155 659 504;7;0;1;7;15;1
202300011866;155 659 503;7;0;1;1;1;1
202300011867;155 659 501;7;0;2;1;19;1
202300011867;155 659 502;1;0;2;8;1;5
202300011868;155 659 500;2;0;0;3;17;3
202300011869;155 659 498;7;0;2;4;2;1
202300011869;155 659 499;10;0;2;1;2;1
202300011870;155 659 496;10;0;2;1;1;1
202300011870;155 659 497;7;0;2;4;1;1
202300011871;155 659 495;7;0;1;2;5;1
202300011872;155 659 493;33;0;2;1;1;1
202300011872;155 659 494;7;0;2;8;10;1
202300011873;155 659 491;30;0;0;8;7;0
202300011873;155 659 492;7;0;0;2;20;0
202300011874;155 659 489;1;0;2;8;1;5
202300011874;155 659 490;7;0;9;2;14;1
202300011875;155 659 488;1;0;0;8;15;5
202300011876;155 659 486;7;0;2;1;2;1
202300011876;155 659 487;7;0;0;5;1;1
202300011877;155 659 485;31;12;0;1;1;1
202300011878;155 659 483;7;0;2;3;1;1
202300011878;155 659 484;7;0;2;3;13;1
202300011879;155 659 482;7;0;2;1;1;1
202300011880;155 659 480;7;0;2;4;4;1
202300011880;155 659 481;80;0;2;5;1;3
202300011881;155 659 479;7;6;0;1;15;1
202300011882;155 659 476;7;1;0;1;1;1
202300011882;155 659 477;7;0;2;6;24;1
202300011882;155 659 478;7;0;2;4;23;1
202300011883;155 659 473;7;0;2;4;1;1
202300011883;155 659 474;2;0;2;1;2;1
202300011883;155 659 475;10;0;2;1;1;1
202300011884;155 659 471;7;0;2;1;1;1
202300011884;155 659 472;1;0;2;7;1;5
202300011885;155 659 469;1;0;2;6;1;5
202300011885;155 659 470;7;0;2;1;16;1
202300011886;155 659 467;7;0;2;7;19;1
202300011886;155 659 468;37;0;2;2;1;1
202300011887;155 659 466;7;0;1;0;1;1
202300011888;155 659 464;7;0;2;3;13;0
202300011888;155 659 465;7;0;2;3;1;1
202300011889;155 659 462;32;0;2;1;1;1
202300011889;155 659 463;7;0;2;7;15;1
202300011890;155 659 460;7;0;2;1;2;1
202300011890;155 659 461;7;0;2;4;2;1
202300011891;155 659 458;10;0;2;1;1;1
202300011891;155 659 459;7;0;2;5;13;1
202300011892;155 659 456;7;0;2;1;13;1
202300011892;155 659 457;7;0;2;1;1;1
202300011893;155 659 454;10;0;2;1;1;1
202300011893;155 659 455;7;0;2;1;17;1
202300011894;155 659 452;7;0;2;2;19;1
202300011894;155 659 453;2;0;2;1;0;1
202300011895;155 659 451;7;1;1;1;16;1
202300011896;155 659 450;7;0;1;1;1;1
202300011897;155 659 449;7;0;2;1;1;1
202300011898;155 659 447;7;0;2;3;15;1
202300011898;155 659 448;2;0;2;1;1;0
202300011899;155 659 445;7;0;2;2;0;1
202300011899;155 659 446;7;14;2;6;26;1
202300011900;155 659 443;7;0;2;1;2;1
202300011900;155 659 444;7;0;2;4;2;1
202300011901;155 659 441;34;0;2;1;1;1
202300011901;155 659 442;7;0;2;3;15;1
202300011902;155 659 439;7;0;2;2;1;1
202300011902;155 659 440;33;0;2;1;1;1
202300011903;155 659 438;40;0;1;1;1;3
202300011904;155 659 434;7;0;2;1;17;0
202300011904;155 659 435;7;0;2;1;13;0
202300011905;155 659 433;7;0;1;2;1;1
202300011906;155 659 431;7;0;2;3;1;1
202300011906;155 659 432;10;0;2;1;1;1
202300011907;155 659 428;7;0;2;1;1;1
202300011907;155 659 429;7;0;2;4;1;1
202300011907;155 659 430;7;0;2;4;15;3
202300011908;155 659 426;7;0;2;0;1;1
202300011908;155 659 427;10;0;2;1;15;1
202300011909;155 659 424;7;0;2;3;15;1
202300011909;155 659 425;30;0;2;1;1;1
202300011910;155 659 422;7;0;2;8;15;1
202300011910;155 659 423;33;0;2;1;17;1
202300011911;155 659 420;43;0;2;1;2;1
202300011911;155 659 421;10;0;2;4;2;1
202300011912;155 659 417;7;0;2;1;2;2
202300011912;155 659 418;7;0;2;4;2;1
202300011912;155 659 419;7;0;2;4;2;2
202300011913;155 659 414;33;12;2;1;1;1
202300011913;155 659 415;7;0;2;8;23;1
202300011913;155 659 416;7;0;2;8;23;1
202300011914;155 659 412;2;0;0;0;1;0
202300011914;155 659 413;30;0;1;0;1;1
202300011915;155 659 410;7;0;2;0;13;1
202300011915;155 659 411;1;0;2;1;1;5
202300011916;155 659 408;7;0;2;8;11;1
202300011916;155 659 409;34;0;2;2;3;1
202300011917;155 659 406;10;0;2;2;1;3
202300011917;155 659 407;1;0;2;0;13;5
202300011918;155 659 404;50;0;2;8;1;3
202300011918;155 659 405;7;0;2;2;14;3
202300011919;155 659 403;1;0;0;0;1;5
202300011920;155 659 401;1;0;2;7;15;5
202300011920;155 659 402;33;0;2;1;7;1
202300011921;155 659 399;10;0;2;2;1;1
202300011921;155 659 400;7;0;0;6;23;1
202300011922;155 659 397;80;0;2;3;15;3
202300011922;155 659 398;31;0;2;1;1;3
202300011923;155 659 396;1;0;1;1;1;5
202300011924;155 659 394;32;0;2;1;21;1
202300011924;155 659 395;7;0;2;3;1;2
202300011925;155 659 393;1;0;1;1;1;5
202300011926;155 659 391;80;0;2;1;1;3
202300011926;155 659 392;7;0;2;8;22;1
202300011927;155 659 389;34;0;2;1;26;1
202300011927;155 659 390;10;0;2;4;0;1
202300011928;155 659 387;2;0;2;5;17;1
202300011928;155 659 388;7;0;2;3;20;1
202300011929;155 659 385;10;0;2;2;1;1
202300011929;155 659 386;7;0;2;3;1;1
202300011930;155 659 384;40;0;1;1;1;3
202300011931;155 659 382;7;0;2;8;1;1
202300011931;155 659 383;7;6;2;1;15;1
202300011932;155 659 380;30;0;2;2;15;0
202300011932;155 659 381;3;0;2;2;2;0
202300011933;155 659 379;2;0;0;7;1;1
202300011934;155 659 378;60;1;0;1;1;5
202300011935;155 659 377;43;0;1;7;5;1
202300011936;155 659 375;50;0;2;1;1;3
202300011936;155 659 376;7;0;2;2;1;1
202300011937;155 659 373;7;0;2;1;2;1
202300011937;155 659 374;34;0;2;4;2;1
202300011938;155 659 372;7;0;1;2;1;1
202300011939;155 659 370;10;0;2;0;0;1
202300011939;155 659 371;7;0;2;0;0;1
202300011940;155 659 368;7;0;2;2;15;0
202300011940;155 659 369;33;0;2;1;1;1
202300011941;155 659 367;7;12;0;2;1;1
202300011942;155 659 365;7;0;2;6;15;1
202300011942;155 659 366;31;0;2;1;1;1
202300011943;155 659 363;7;6;2;1;1;1
202300011943;155 659 364;10;15;2;7;1;1
202300011944;155 659 362;2;0;0;0;1;1
202300011945;155 659 360;7;0;2;8;5;1
202300011945;155 659 361;7;0;2;3;1;1
202300011946;155 659 359;36;6;0;2;1;1
202300011947;155 659 357;7;0;2;4;2;1
202300011947;155 659 358;7;0;2;1;2;1
202300011948;155 659 355;1;1;2;8;19;5
202300011948;155 659 356;7;0;2;2;1;1
202300011949;155 659 354;7;0;9;2;1;1
202300011950;155 659 352;7;0;2;1;13;1
202300011950;155 659 353;7;0;2;1;1;1
202300011951;155 659 351;31;7;0;1;15;1
202300011952;155 659 349;10;0;0;3;19;1
202300011952;155 659 350;33;0;0;1;1;0
202300011953;155 659 348;31;0;6;1;1;1
202300011954;155 659 346;32;0;2;1;21;6
202300011954;155 659 347;7;0;2;3;16;6
202300011955;155 659 345;33;2;0;1;0;1
202300011956;155 659 344;7;13;0;3;0;1
202300011957;155 659 342;30;0;2;6;2;0
202300011957;155 659 343;7;0;2;3;2;1
202300011958;155 659 340;50;12;0;1;26;3
202300011959;155 659 339;33;0;2;3;13;1
202300011959;155 659 341;7;0;2;3;14;1
202300011960;155 659 337;33;0;0;9;1;1
202300011961;155 659 336;2;0;2;1;9;1
202300011961;155 659 338;7;0;2;7;1;1
202300011962;155 659 332;10;0;2;2;15;1
202300011962;155 659 334;33;0;2;1;1;1
202300011963;155 659 330;7;0;2;0;1;1
202300011963;155 659 331;37;0;2;4;1;4
202300011963;155 659 333;34;0;2;0;1;1
202300011963;155 659 335;7;0;2;0;1;1
202300011964;155 659 328;80;0;2;1;0;3
202300011964;155 659 329;7;0;9;1;0;1
202300011965;155 659 326;7;0;2;5;15;1
202300011965;155 659 327;32;0;2;1;1;1
202300011966;155 659 324;7;5;0;1;6;1
202300011967;155 659 322;7;0;2;3;21;1
202300011967;155 659 325;7;0;2;8;19;1
202300011968;155 659 321;7;0;0;0;26;1
202300011969;155 659 319;7;6;0;1;2;1
202300011970;155 659 320;7;0;2;2;1;1
202300011970;155 659 323;7;0;2;3;15;1
202300011971;155 659 316;33;0;2;3;1;1
202300011971;155 659 317;7;0;2;3;3;1
202300011972;155 659 315;7;0;2;2;15;1
202300011972;155 659 318;7;0;2;2;1;1
202300011973;155 659 311;7;17;0;1;1;3
202300011974;155 659 310;7;0;2;6;15;1
202300011974;155 659 312;7;0;2;3;1;1
202300011975;155 659 313;7;0;2;1;13;1
202300011975;155 659 314;7;0;2;1;1;1
202300011976;155 659 308;7;13;2;8;1;1
202300011976;155 659 309;10;0;2;1;19;1
202300011977;155 659 306;7;0;2;3;1;0
202300011977;155 659 307;2;0;2;1;3;1
202300011978;155 659 304;7;0;2;1;1;1
202300011978;155 659 305;7;0;0;4;23;1
202300011979;155 659 302;7;0;1;1;1;1
202300011980;155 659 300;2;0;2;9;1;1
202300011980;155 659 301;21;0;2;3;1;1
202300011981;155 659 296;7;0;2;1;1;1
202300011981;155 659 298;1;0;2;7;19;5
202300011982;155 659 294;33;0;2;1;1;1
202300011982;155 659 297;7;0;2;2;15;1
202300011983;155 659 293;1;0;2;8;0;5
202300011983;155 659 295;7;0;0;3;0;1
202300011984;155 659 290;33;2;0;1;1;1
202300011985;155 659 289;50;0;2;1;5;3
202300011985;155 659 291;7;0;0;3;1;3
202300011986;155 659 299;32;6;2;6;17;1
202300011986;155 659 303;7;0;2;6;16;1
202300011987;155 659 288;7;0;2;1;9;1
202300011987;155 659 292;7;0;0;0;0;1
202300011988;155 659 285;7;0;1;1;1;1
202300011989;155 659 283;7;0;2;2;1;1
202300011989;155 659 286;1;0;2;1;19;5
202300011990;155 659 279;31;14;0;1;1;1
202300011991;155 659 278;7;0;1;1;17;1
202300011992;155 659 277;7;0;2;3;1;1
202300011992;155 659 280;2;0;2;1;13;1
202300011993;155 659 281;7;0;0;3;5;1
202300011993;155 659 282;10;0;0;3;1;1
202300011994;155 659 275;7;6;0;1;1;1
202300011995;155 659 273;33;0;2;1;1;1
202300011995;155 659 276;7;0;2;3;9;1
202300011996;155 659 272;20;0;2;1;24;1
202300011996;155 659 274;10;14;0;1;1;1
202300011997;155 659 271;7;16;0;9;13;1
202300011998;155 659 270;7;0;1;1;1;1
202300011999;155 659 264;7;0;2;6;1;1
202300011999;155 659 266;7;14;0;1;1;1
202300012000;155 659 262;7;0;2;2;1;1
202300012000;155 659 269;10;0;2;3;9;1
202300012001;155 659 259;7;8;0;1;15;1
202300012002;155 659 260;15;0;0;5;1;1
202300012002;155 659 261;33;0;0;1;1;1
202300012002;155 659 263;7;4;0;3;1;1
202300012002;155 659 268;10;0;2;1;12;1
202300012003;155 659 265;7;0;2;3;13;1
202300012003;155 659 267;7;0;2;8;1;1
202300012004;155 659 257;7;0;2;1;0;1
202300012004;155 659 258;14;0;0;8;1;1
202300012005;155 659 253;7;0;2;3;17;1
202300012005;155 659 256;33;0;2;3;1;1
202300012006;155 659 252;33;0;2;2;13;1
202300012006;155 659 254;7;0;2;3;13;1
202300012007;155 659 251;7;0;1;1;1;1
202300012008;155 659 248;31;0;2;1;1;1
202300012008;155 659 249;7;0;2;7;15;1
202300012009;155 659 246;21;0;1;7;1;1
202300012010;155 659 244;10;0;2;1;1;1
202300012010;155 659 247;7;0;2;4;1;1
202300012010;155 659 250;7;0;2;4;2;1
202300012010;155 659 255;7;0;2;1;2;1
202300012011;155 659 243;7;0;1;1;1;1
202300012012;155 659 245;7;6;1;2;14;1
202300012013;155 659 240;7;0;2;2;9;1
202300012013;155 659 242;1;0;2;7;16;5
202300012014;155 659 239;1;0;2;1;0;5
202300012014;155 659 241;7;0;2;7;1;1
202300012015;155 659 236;7;0;2;2;15;1
202300012015;155 659 238;33;0;2;1;1;1
202300012016;155 659 234;7;0;2;1;21;1
202300012016;155 659 237;13;0;2;2;13;1
202300012017;155 659 232;7;0;2;3;13;0
202300012017;155 659 235;7;0;2;3;0;0
202300012018;155 659 231;32;0;2;1;1;1
202300012018;155 659 233;7;0;2;8;23;1
202300012019;155 659 229;7;1;2;1;5;1
202300012020;155 659 225;7;0;2;2;2;1
202300012020;155 659 228;7;0;6;9;1;1
202300012021;155 659 226;33;0;2;1;1;1
202300012021;155 659 230;7;0;0;6;16;1
202300012022;155 659 223;7;0;2;7;10;1
202300012022;155 659 227;31;0;2;1;1;1
202300012023;155 659 222;33;0;2;1;17;1
202300012023;155 659 224;7;0;0;8;15;1
202300012024;155 659 221;21;0;1;1;1;1
202300012025;155 659 219;7;6;0;2;0;1
202300012026;155 659 218;7;0;2;3;1;1
202300012026;155 659 220;1;0;2;1;13;5
202300012027;155 659 214;7;4;0;3;0;1
202300012028;155 659 210;15;0;2;3;1;1
202300012028;155 659 212;7;0;2;3;13;1
202300012029;155 659 208;7;0;1;1;16;1
202300012030;155 659 206;10;0;2;4;2;1
202300012030;155 659 209;17;0;2;4;2;1
202300012030;155 659 211;14;0;0;4;1;1
202300012030;155 659 213;17;0;2;2;2;1
202300012030;155 659 216;7;0;2;4;2;1
202300012031;155 659 205;2;0;0;4;0;1
202300012031;155 659 207;7;0;2;1;14;1
202300012032;155 659 203;50;0;2;1;1;3
202300012032;155 659 204;7;0;2;7;15;1
202300012033;155 659 201;7;0;2;4;2;1
202300012034;155 659 200;33;0;2;2;17;1
202300012034;155 659 202;7;0;2;5;13;1
202300012035;155 659 199;7;13;0;9;1;1
202300012036;155 659 195;7;0;2;4;2;0
202300012036;155 659 197;7;0;2;1;2;0
202300012037;155 659 193;7;0;2;2;1;1
202300012037;155 659 196;7;0;2;3;1;1
202300012038;155 659 194;7;0;1;1;15;0
202300012039;155 659 192;7;3;0;1;21;1
202300012040;155 659 190;7;0;2;3;10;1
202300012040;155 659 198;7;0;2;1;1;1
202300012041;155 659 188;2;0;2;1;1;1
202300012041;155 659 191;7;0;2;3;19;1
202300012042;155 659 186;7;0;2;3;13;1
202300012042;155 659 189;7;0;2;3;1;1
202300012043;155 659 180;1;0;2;1;13;5
202300012043;155 659 182;80;0;2;1;13;3
202300012044;155 659 183;7;0;2;3;1;1
202300012044;155 659 185;1;0;2;6;26;5
202300012045;155 659 177;7;0;2;2;2;2
202300012045;155 659 179;1;0;2;4;1;5
202300012046;155 659 175;33;0;0;3;1;1
202300012047;155 659 170;7;0;2;4;2;1
202300012047;155 659 173;7;0;2;9;0;1
202300012047;155 659 176;7;0;2;9;2;1
202300012047;155 659 178;7;0;2;1;2;1
202300012047;155 659 181;7;0;2;9;2;1
202300012047;155 659 184;7;0;2;9;1;1
202300012047;155 659 187;7;0;2;4;2;1
202300012048;155 659 169;7;0;9;2;9;1
202300012048;155 659 172;50;0;2;4;1;3
202300012049;155 659 168;7;0;2;3;15;1
202300012049;155 659 174;2;0;2;3;1;3
202300012050;155 659 167;14;12;0;2;16;1
202300012050;155 659 171;7;12;0;3;16;1
202300012051;155 659 162;43;14;0;1;13;1
202300012052;155 659 161;0;0;2;0;0;0
202300012052;155 659 164;7;0;2;4;2;1
202300012052;155 659 166;7;0;2;4;2;1
202300012053;155 659 160;31;0;2;1;21;1
202300012053;155 659 165;7;0;2;1;21;1
202300012054;155 659 159;32;0;2;2;12;0
202300012054;155 659 163;7;0;0;6;1;0
202300012055;155 659 157;33;16;0;9;14;1
202300012056;155 659 153;7;0;2;2;15;1
202300012056;155 659 156;7;0;2;3;1;1
202300012057;155 659 152;7;3;0;6;1;1
202300012057;155 659 155;10;0;2;2;13;1
202300012058;155 659 150;7;0;2;4;1;1
202300012058;155 659 151;7;0;0;0;0;1
202300012058;155 659 154;7;0;2;4;1;1
202300012058;155 659 158;7;0;2;1;1;1
202300012059;155 659 148;7;0;2;2;26;1
202300012059;155 659 149;7;0;0;6;23;1
202300012060;155 659 147;7;1;0;3;1;1
202300012061;155 659 144;7;3;2;6;12;1
202300012061;155 659 146;7;0;2;2;2;1
202300012062;155 659 143;7;0;2;6;11;1
202300012062;155 659 145;34;0;2;1;1;1
202300012063;155 659 141;33;0;1;8;21;1
202300012064;155 659 142;50;0;0;0;1;3
202300012065;155 659 139;7;0;0;8;19;1
202300012065;155 659 140;33;0;2;1;1;1
202300012066;155 659 135;7;0;2;3;1;1
202300012066;155 659 137;80;0;2;3;1;3
202300012067;155 659 133;7;1;0;2;1;5
202300012068;155 659 132;7;0;2;8;1;1
202300012068;155 659 134;7;0;2;1;13;1
202300012068;155 659 136;7;0;2;1;1;1
202300012069;155 659 129;7;1;0;3;0;0
202300012070;155 659 130;33;1;0;1;13;0
202300012071;155 659 131;7;13;0;1;13;1
202300012072;155 659 125;10;0;2;6;13;1
202300012072;155 659 127;33;0;2;1;17;1
202300012073;155 659 124;7;0;1;1;16;1
202300012074;155 659 123;1;0;2;4;2;5
202300012074;155 659 126;0;0;9;2;1;0
202300012075;155 659 119;7;0;1;0;26;1
202300012076;155 659 121;7;0;2;8;0;0
202300012076;155 659 122;7;0;2;7;1;1
202300012077;155 659 118;7;13;0;1;1;1
202300012078;155 659 117;1;0;2;8;1;5
202300012078;155 659 120;7;0;2;1;15;2
202300012079;155 659 112;7;0;2;1;0;1
202300012079;155 659 116;7;0;2;3;26;1
202300012080;155 659 110;50;0;2;1;5;3
202300012080;155 659 114;7;0;2;7;15;1
202300012081;155 659 108;7;0;2;7;26;1
202300012081;155 659 113;7;0;2;1;1;1
202300012082;155 659 107;7;0;2;8;1;1
202300012082;155 659 109;7;0;2;1;1;1
202300012083;155 659 105;7;15;0;8;1;1
202300012084;155 659 111;7;0;2;1;2;0
202300012084;155 659 115;7;0;2;4;2;0
202300012085;155 659 104;7;0;2;6;9;1
202300012085;155 659 106;30;0;2;1;1;1
202300012086;155 659 102;10;0;2;1;1;1
202300012086;155 659 103;10;0;2;1;5;1
202300012087;155 659 098;2;0;0;5;1;1
202300012087;155 659 101;7;0;2;3;9;1
202300012088;155 659 097;1;0;2;7;13;5
202300012088;155 659 100;14;0;2;2;16;1
202300012089;155 659 094;7;0;2;3;9;1
202300012089;155 659 096;33;0;2;2;15;1
202300012090;155 659 090;7;0;2;3;1;1
202300012090;155 659 093;7;0;2;2;1;1
202300012091;155 659 091;7;0;2;2;2;0
202300012091;155 659 095;7;0;2;6;0;0
202300012091;155 659 099;7;0;2;4;0;0
202300012092;155 659 088;7;0;2;3;13;1
202300012092;155 659 092;7;0;2;3;1;1
202300012093;155 659 086;7;0;2;2;19;1
202300012093;155 659 089;7;0;2;3;1;1
202300012094;155 659 083;7;0;2;3;13;1
202300012094;155 659 087;32;0;2;3;1;1
202300012095;155 659 082;7;0;2;8;12;1
202300012095;155 659 084;15;0;2;7;11;1
202300012096;155 659 077;33;0;2;7;0;1
202300012096;155 659 081;7;0;2;3;0;1
202300012097;155 659 075;30;0;2;1;18;1
202300012097;155 659 079;7;0;2;0;0;1
202300012098;155 659 076;33;0;2;2;13;0
202300012098;155 659 080;7;0;2;6;1;0
202300012098;155 659 085;7;0;2;2;1;0
202300012099;155 659 074;7;0;2;1;2;1
202300012099;155 659 078;7;0;2;4;2;1
202300012100;155 659 071;7;0;2;3;15;1
202300012100;155 659 072;33;0;2;7;2;1
202300012101;155 659 069;7;0;0;4;2;1
202300012101;155 659 073;7;4;2;3;2;3
202300012102;155 659 067;33;0;2;8;1;1
202300012102;155 659 070;10;0;2;7;12;1
202300012103;155 659 066;7;0;1;1;26;1
202300012104;155 659 064;7;0;2;1;14;1
202300012104;155 659 068;7;0;2;4;0;1
202300012105;155 659 063;7;0;2;1;13;1
202300012105;155 659 065;30;0;2;1;1;3
202300012106;155 659 059;33;0;2;1;3;1
202300012106;155 659 061;33;0;2;4;3;1
202300012106;155 659 062;7;0;2;4;12;1
202300012107;155 659 058;2;0;2;1;2;0
202300012107;155 659 060;7;0;2;5;23;1
202300012108;155 659 056;33;0;2;2;1;1
202300012108;155 659 057;7;0;2;3;15;1
202300012109;155 659 053;7;0;2;1;2;1
202300012109;155 659 055;7;0;2;4;2;0
202300012110;155 659 050;7;4;0;1;1;1
202300012111;155 659 049;7;8;2;1;16;1
202300012111;155 659 054;50;0;2;7;26;3
202300012112;155 659 048;7;0;2;5;16;1
202300012112;155 659 051;32;0;2;1;5;1
202300012113;155 659 044;7;0;2;2;10;2
202300012113;155 659 046;32;0;2;1;1;1
202300012114;155 659 047;7;0;2;2;12;1