Num_Acc;id_vehicule;catv;obs;obsm;choc;manv;motor
202300012114;155 659 052;7;0;2;6;1;1
202300012115;155 659 039;10;0;2;1;2;0
202300012115;155 659 040;7;0;2;4;2;0
202300012115;155 659 042;7;0;2;4;2;0
202300012115;155 659 045;7;0;2;4;2;0
202300012116;155 659 038;7;0;1;2;20;1
202300012117;155 659 033;31;14;0;2;0;1
202300012118;155 659 034;7;0;2;1;1;1
202300012118;155 659 036;7;0;2;4;1;1
202300012119;155 659 032;1;0;0;0;2;5
202300012120;155 659 026;43;0;2;7;3;1
202300012120;155 659 028;7;0;2;8;0;1
202300012121;155 659 025;7;0;2;2;1;1
202300012121;155 659 030;7;0;2;4;1;1
202300012121;155 659 031;7;0;2;1;1;1
202300012122;155 659 022;33;0;2;8;15;1
202300012122;155 659 027;33;0;2;1;17;1
202300012123;155 659 020;7;0;9;2;17;0
202300012123;155 659 023;1;0;2;8;19;5
202300012124;155 659 013;7;0;2;1;3;1
202300012124;155 659 018;7;0;2;1;3;1
202300012125;155 659 015;30;12;0;1;1;3
202300012126;155 659 014;7;0;2;4;1;1
202300012126;155 659 017;7;0;2;4;1;1
202300012126;155 659 021;7;0;2;4;1;1
202300012126;155 659 024;7;0;2;1;1;1
202300012126;155 659 029;7;0;2;4;1;1
202300012127;155 659 012;34;0;2;1;3;1
202300012127;155 659 016;10;0;2;4;2;1
202300012127;155 659 019;10;0;2;4;2;1
202300012128;155 659 011;7;0;1;8;1;1
202300012129;155 659 008;7;4;0;1;1;1
202300012130;155 659 006;1;0;2;1;5;5
202300012130;155 659 010;7;0;2;2;1;1
202300012131;155 659 007;7;0;9;1;15;2
202300012131;155 659 009;1;0;2;1;1;5
202300012132;155 659 003;7;0;2;1;2;1
202300012132;155 659 005;7;0;2;4;2;1
202300012133;155 659 001;10;0;2;7;13;1
202300012133;155 659 002;15;0;2;2;1;1
202300012134;155 658 997;37;0;2;4;2;1
202300012134;155 659 004;7;0;2;1;1;1
202300012135;155 658 995;2;0;2;7;1;1
202300012135;155 658 999;7;0;2;2;15;1
202300012136;155 658 993;7;0;9;2;1;1
202300012136;155 658 998;1;0;2;1;1;5
202300012137;155 658 994;7;0;2;1;1;1
202300012137;155 659 000;7;0;2;3;16;1
202300012138;155 658 992;7;0;2;6;1;1
202300012138;155 658 996;7;0;2;2;11;1
202300012139;155 658 989;7;0;1;3;16;1
202300012140;155 658 988;33;0;0;9;1;1
202300012140;155 658 991;33;0;0;9;1;1
202300012141;155 658 984;10;0;2;1;1;1
202300012141;155 658 986;7;0;2;4;1;1
202300012142;155 658 983;34;0;2;1;2;-1
202300012142;155 658 985;7;0;0;6;23;0
202300012142;155 658 990;3;0;0;0;23;1
202300012143;155 658 982;43;0;2;1;18;0
202300012143;155 658 987;7;0;2;5;16;0
202300012144;155 658 981;7;0;0;9;13;1
202300012145;155 658 977;7;0;2;3;15;0
202300012145;155 658 980;7;0;2;3;1;0
202300012146;155 658 975;2;0;0;0;1;1
202300012147;155 658 976;7;0;1;2;0;1
202300012148;155 658 974;7;0;2;3;1;0
202300012148;155 658 979;7;0;2;3;1;0
202300012149;155 658 973;7;0;2;1;1;1
202300012149;155 658 978;3;0;2;7;19;1
202300012150;155 658 972;7;0;1;3;1;1
202300012151;155 658 968;2;12;0;0;0;1
202300012152;155 658 966;2;0;0;7;1;1
202300012152;155 658 969;7;0;2;1;20;1
202300012153;155 658 965;7;13;0;9;14;1
202300012154;155 658 967;7;0;2;2;16;1
202300012154;155 658 971;50;0;2;1;1;3
202300012155;155 658 964;7;0;1;1;19;1
202300012156;155 658 963;7;0;1;2;15;1
202300012157;155 658 959;7;0;1;1;1;1
202300012158;155 658 957;7;0;2;6;2;1
202300012158;155 658 960;33;0;2;1;2;1
202300012159;155 658 956;2;0;1;1;21;1
202300012160;155 658 955;1;15;0;1;1;5
202300012161;155 658 953;7;2;0;2;1;1
202300012162;155 658 949;7;2;0;2;1;1
202300012163;155 658 952;7;0;2;1;1;1
202300012163;155 658 954;7;0;2;7;15;1
202300012164;155 658 945;7;0;2;1;13;1
202300012164;155 658 947;7;0;2;6;1;2
202300012164;155 658 950;7;0;2;5;1;1
202300012165;155 658 937;7;8;0;1;1;1
202300012166;155 658 938;7;0;2;1;2;1
202300012166;155 658 941;7;0;2;4;0;1
202300012166;155 658 944;10;0;2;4;2;1
202300012167;155 658 939;33;0;2;1;1;1
202300012167;155 658 943;7;0;0;7;15;1
202300012168;155 658 936;7;0;2;3;9;1
202300012168;155 658 940;2;0;2;7;1;1
202300012169;155 658 933;37;0;0;6;0;1
202300012169;155 658 935;7;0;2;2;17;1
202300012170;155 658 932;7;1;0;2;1;1
202300012170;155 658 934;7;0;2;3;24;1
202300012171;155 658 928;7;0;1;2;1;1
202300012172;155 658 929;7;0;2;1;1;1
202300012172;155 658 931;7;0;2;4;1;1
202300012173;155 658 926;7;6;0;1;0;1
202300012174;155 658 925;7;0;2;8;15;1
202300012174;155 658 930;33;0;2;7;2;1
202300012175;155 658 923;40;0;1;7;1;3
202300012176;155 658 924;7;0;2;7;16;1
202300012176;155 658 927;1;0;2;8;1;5
202300012177;155 658 922;33;12;0;0;0;1
202300012178;155 658 920;2;0;2;1;1;1
202300012178;155 658 921;7;0;2;4;1;1
202300012179;155 658 915;2;0;2;7;1;1
202300012179;155 658 919;7;0;2;1;0;0
202300012180;155 658 916;7;0;2;4;2;1
202300012180;155 658 917;33;0;2;5;21;1
202300012181;155 658 914;7;0;2;8;19;0
202300012181;155 658 918;7;0;2;1;1;0
202300012182;155 658 912;37;2;0;2;1;1
202300012183;155 658 911;33;0;2;0;15;0
202300012183;155 658 913;7;0;2;2;1;1
202300012184;155 658 909;7;0;2;3;1;1
202300012184;155 658 910;7;1;2;4;20;1
202300012185;155 658 908;2;10;0;7;1;1
202300012186;155 658 906;50;0;0;0;1;3
202300012187;155 658 905;33;0;2;1;1;1
202300012187;155 658 907;7;0;2;7;15;2
202300012188;155 658 900;7;0;2;1;15;0
202300012188;155 658 904;80;0;2;7;1;3
202300012189;155 658 899;7;13;2;1;13;1
202300012189;155 658 903;7;0;2;5;1;1
202300012190;155 658 898;7;0;0;0;23;1
202300012191;155 658 897;0;-1;-1;-1;-1;-1
202300012191;155 658 901;50;0;2;5;0;3
202300012192;155 658 896;30;0;2;1;17;1
202300012192;155 658 902;7;0;2;3;15;1
202300012193;155 658 893;33;2;0;1;1;1
202300012194;155 658 891;31;0;2;7;0;1
202300012194;155 658 892;7;0;2;2;0;1
202300012195;155 658 889;7;8;2;1;2;1
202300012195;155 658 894;7;8;0;4;2;1
202300012196;155 658 888;7;0;2;1;15;1
202300012196;155 658 895;1;0;2;8;1;5
202300012197;155 658 890;32;10;0;2;0;1
202300012198;155 658 887;33;0;0;0;26;1
202300012199;155 658 885;10;2;0;1;1;1
202300012200;155 658 884;7;2;0;1;1;1
202300012201;155 658 883;7;0;2;2;1;1
202300012201;155 658 886;7;0;2;3;9;1
202300012202;155 658 881;50;0;0;7;1;3
202300012203;155 658 880;30;14;0;7;1;1
202300012204;155 658 879;7;0;2;3;1;1
202300012204;155 658 882;1;0;2;1;0;5
202300012205;155 658 875;7;6;0;1;1;0
202300012206;155 658 873;2;0;2;1;1;1
202300012206;155 658 877;7;0;2;3;1;1
202300012207;155 658 874;7;0;1;2;15;1
202300012208;155 658 871;7;2;0;2;1;1
202300012209;155 658 870;7;0;2;2;1;6
202300012209;155 658 872;7;0;2;3;9;6
202300012210;155 658 866;1;0;2;4;1;5
202300012210;155 658 867;0;0;2;1;1;0
202300012211;155 658 865;33;16;0;0;0;1
202300012212;155 658 863;1;0;2;1;1;5
202300012212;155 658 868;10;0;2;7;16;1
202300012213;155 658 864;1;0;2;4;1;5
202300012213;155 658 869;7;0;9;1;1;1
202300012214;155 658 861;7;0;1;3;1;1
202300012215;155 658 856;7;0;2;3;1;1
202300012215;155 658 859;7;0;2;1;1;2
202300012216;155 658 854;7;0;2;3;9;1
202300012216;155 658 858;1;0;2;7;1;5
202300012217;155 658 855;7;0;2;1;17;1
202300012217;155 658 857;33;0;2;1;0;1
202300012217;155 658 862;7;1;0;0;23;1
202300012218;155 658 851;33;0;2;3;3;1
202300012218;155 658 853;10;0;2;7;1;1
202300012219;155 658 850;33;13;0;2;1;1
202300012220;155 658 849;99;14;2;3;13;1
202300012220;155 658 852;7;0;2;0;1;1
202300012221;155 658 847;7;0;2;1;2;1
202300012221;155 658 848;7;1;0;6;23;1
202300012222;155 658 846;33;14;0;8;19;6
202300012223;155 658 842;1;0;2;2;11;5
202300012223;155 658 845;7;0;2;3;17;1
202300012224;155 658 843;33;0;2;1;21;1
202300012224;155 658 844;7;0;2;5;19;1
202300012225;155 658 840;7;0;2;0;0;1
202300012225;155 658 841;2;0;2;8;17;1
202300012226;155 658 839;7;0;1;1;2;1
202300012227;155 658 835;2;0;2;2;1;1
202300012227;155 658 837;7;0;2;3;9;1
202300012228;155 658 836;33;13;0;1;19;1
202300012229;155 658 833;7;0;2;2;1;6
202300012229;155 658 838;7;0;2;3;15;6
202300012230;155 658 832;7;0;2;1;19;2
202300012230;155 658 834;7;16;0;7;15;1
202300012231;155 658 829;7;0;1;3;1;1
202300012232;155 658 827;7;0;2;1;2;1
202300012232;155 658 831;7;0;2;4;2;1
202300012233;155 658 828;7;0;0;5;6;1
202300012233;155 658 830;1;0;0;5;1;5
202300012234;155 658 826;7;0;9;1;12;1
202300012235;155 658 824;33;3;0;0;21;1
202300012236;155 658 823;10;0;1;8;1;1
202300012237;155 658 821;50;0;2;1;1;3
202300012237;155 658 822;7;0;2;2;1;1
202300012238;155 658 820;10;0;2;3;1;1
202300012238;155 658 825;7;0;2;8;1;1
202300012239;155 658 817;7;0;1;0;1;0
202300012240;155 658 816;7;0;9;7;16;2
202300012240;155 658 819;50;0;2;1;1;3
202300012241;155 658 815;7;0;2;1;13;1
202300012241;155 658 818;10;0;2;1;1;1
202300012242;155 658 812;10;0;2;7;16;1
202300012242;155 658 814;1;0;2;8;1;5
202300012243;155 658 808;7;0;2;3;9;1
202300012243;155 658 813;7;0;2;1;1;1
202300012244;155 658 807;7;0;2;7;19;1
202300012244;155 658 811;30;0;2;1;16;1
202300012245;155 658 806;7;0;0;5;9;1
202300012245;155 658 810;30;0;2;1;1;1
202300012246;155 658 805;7;0;2;7;16;1
202300012246;155 658 809;34;0;2;8;1;1
202300012247;155 658 801;33;0;2;7;1;1
202300012247;155 658 804;7;0;2;1;9;0
202300012248;155 658 799;1;0;2;1;1;5
202300012248;155 658 802;7;0;2;7;1;1
202300012249;155 658 798;1;0;2;5;19;5
202300012249;155 658 803;7;0;2;1;1;1
202300012250;155 658 796;10;0;2;7;17;1
202300012250;155 658 800;7;0;2;3;13;1
202300012251;155 658 794;30;9;0;1;26;0
202300012252;155 658 792;50;0;2;1;5;3
202300012252;155 658 795;7;0;2;3;16;1
202300012253;155 658 791;7;0;2;3;1;1
202300012253;155 658 797;32;0;2;1;1;1
202300012254;155 658 789;7;1;0;3;17;1
202300012254;155 658 793;32;0;0;1;2;1
202300012255;155 658 788;7;0;2;7;1;6
202300012255;155 658 790;1;0;2;0;19;5
202300012256;155 658 785;7;2;0;2;2;1
202300012257;155 658 787;7;1;1;2;16;1
202300012258;155 658 784;7;0;1;1;1;1
202300012259;155 658 782;1;0;2;7;1;5
202300012259;155 658 786;10;0;2;1;16;1
202300012260;155 658 777;7;0;2;8;11;1
202300012260;155 658 780;33;4;2;7;21;1
202300012261;155 658 779;7;0;2;3;15;1
202300012261;155 658 781;1;0;2;1;1;5
202300012262;155 658 775;2;0;2;1;1;1
202300012262;155 658 778;7;0;2;7;15;1
202300012263;155 658 773;7;0;2;2;1;1
202300012263;155 658 774;7;0;2;2;15;1
202300012264;155 658 770;7;0;1;4;20;1
202300012265;155 658 771;10;0;1;2;10;0
202300012266;155 658 765;7;0;2;2;20;1
202300012266;155 658 767;1;0;2;8;1;5
202300012267;155 658 766;7;0;2;1;2;1
202300012267;155 658 769;7;0;2;1;2;1
202300012267;155 658 772;7;0;2;1;2;3
202300012267;155 658 776;7;0;2;4;1;2
202300012268;155 658 761;2;1;0;6;10;1
202300012268;155 658 763;33;0;2;1;2;1
202300012269;155 658 762;7;0;2;5;2;1
202300012269;155 658 768;30;0;2;1;2;1
202300012270;155 658 760;7;0;2;3;13;1
202300012270;155 658 764;7;0;2;2;1;1
202300012271;155 658 756;7;16;2;1;2;1
202300012271;155 658 758;1;0;2;1;13;5
202300012272;155 658 752;7;0;2;8;15;1
202300012272;155 658 754;31;0;2;7;17;1
202300012273;155 658 751;7;0;2;1;14;1
202300012273;155 658 759;10;0;2;2;23;1
202300012274;155 658 753;7;1;0;1;14;1
202300012274;155 658 757;7;0;2;4;23;1
202300012275;155 658 750;7;0;2;8;1;0
202300012275;155 658 755;10;0;2;1;19;0
202300012276;155 658 749;7;15;1;2;17;1
202300012277;155 658 748;7;6;0;1;1;1
202300012278;155 658 745;7;0;2;7;26;1
202300012278;155 658 747;7;0;2;8;26;1
202300012279;155 658 743;1;0;2;0;15;5
202300012279;155 658 746;7;0;2;5;17;0
202300012280;155 658 742;7;4;0;1;1;1
202300012281;155 658 740;7;2;0;3;13;0
202300012282;155 658 737;7;0;2;1;16;1
202300012282;155 658 741;50;0;2;8;1;3
202300012283;155 658 734;7;0;2;3;15;1
202300012283;155 658 738;1;0;2;1;1;5
202300012284;155 658 732;7;0;2;1;1;1
202300012284;155 658 736;7;0;2;4;2;1
202300012284;155 658 739;7;0;2;4;2;1
202300012285;155 658 733;7;8;9;1;17;1
202300012286;155 658 729;10;0;1;4;26;0
202300012287;155 658 728;7;2;0;8;1;1
202300012288;155 658 724;7;0;0;6;2;0
202300012288;155 658 726;7;0;0;4;2;0
202300012288;155 658 730;7;0;0;4;2;0
202300012288;155 658 731;7;0;0;2;17;0
202300012288;155 658 735;7;0;0;2;1;3
202300012289;155 658 727;7;1;2;3;0;1
202300012290;155 658 722;2;0;2;0;1;1
202300012290;155 658 725;7;0;2;1;1;1
202300012291;155 658 720;7;1;2;1;5;1
202300012291;155 658 723;7;0;2;1;1;0
202300012292;155 658 719;7;0;2;3;0;1
202300012292;155 658 721;7;0;2;3;0;1
202300012293;155 658 718;7;2;0;1;1;1
202300012294;155 658 717;7;9;0;1;26;1
202300012295;155 658 716;33;13;0;2;1;1
202300012296;155 658 712;7;0;2;3;20;1
202300012296;155 658 714;33;9;2;2;1;1
202300012297;155 658 709;30;0;2;3;15;1
202300012297;155 658 713;7;0;2;5;17;1
202300012298;155 658 708;7;13;0;2;1;1
202300012299;155 658 706;33;0;2;0;1;1
202300012299;155 658 711;7;0;0;0;19;1
202300012300;155 658 702;33;0;0;3;2;1
202300012301;155 658 700;7;0;2;3;10;1
202300012301;155 658 704;7;0;2;2;2;0
202300012302;155 658 699;7;0;2;1;2;1
202300012302;155 658 701;7;4;0;4;23;1
202300012303;155 658 697;7;0;1;3;16;1
202300012304;155 658 696;2;0;2;1;1;1
202300012304;155 658 698;10;0;2;7;15;1
202300012305;155 658 693;7;1;0;1;1;1
202300012306;155 658 691;7;0;2;3;1;1
202300012306;155 658 694;7;0;2;1;13;1
202300012307;155 658 692;34;0;2;1;1;1
202300012307;155 658 695;7;0;2;7;15;2
202300012308;155 658 689;7;8;0;1;14;1
202300012309;155 658 688;1;0;2;1;19;5
202300012309;155 658 690;7;0;0;6;1;1
202300012310;155 658 683;7;0;0;6;0;1
202300012310;155 658 686;33;0;2;1;1;1
202300012311;155 658 685;33;0;1;3;1;0
202300012312;155 658 684;7;0;2;2;15;2
202300012312;155 658 687;7;0;2;1;1;1
202300012313;155 658 681;7;2;0;3;0;1
202300012314;155 658 680;7;0;2;1;16;1
202300012314;155 658 682;30;0;2;1;0;1
202300012315;155 658 676;33;0;2;1;17;1
202300012315;155 658 679;7;0;2;8;15;1
202300012316;155 658 675;7;0;9;7;15;1
202300012316;155 658 677;1;0;2;1;1;5
202300012317;155 658 674;17;0;1;2;1;1
202300012318;155 658 672;7;2;0;3;13;0
202300012319;155 658 673;14;0;2;6;13;1
202300012319;155 658 678;10;0;2;1;15;1
202300012320;155 658 669;7;0;2;7;9;1
202300012320;155 658 671;1;0;2;7;1;5
202300012321;155 658 667;7;0;1;1;16;1
202300012322;155 658 664;7;0;2;6;24;1
202300012322;155 658 665;7;1;0;2;14;1
202300012323;155 658 663;31;0;2;7;1;1
202300012323;155 658 668;7;0;2;1;1;1
202300012324;155 658 661;7;0;1;2;1;1
202300012325;155 658 662;7;0;1;2;1;2
202300012326;155 658 660;7;6;0;1;1;1
202300012327;155 658 659;7;0;1;3;1;1
202300012328;155 658 658;2;12;0;1;1;1
202300012329;155 658 657;7;6;0;1;1;0
202300012330;155 658 656;7;1;0;1;14;1
202300012331;155 658 652;7;0;2;1;15;1
202300012331;155 658 654;31;0;2;7;2;1
202300012332;155 658 651;33;0;2;8;1;1
202300012332;155 658 655;7;0;2;7;12;1
202300012333;155 658 650;7;2;0;1;14;1
202300012334;155 658 649;7;0;1;2;1;2
202300012335;155 658 648;7;13;0;1;14;1
202300012336;155 658 644;7;0;2;1;26;2
202300012336;155 658 647;7;0;2;7;26;1
202300012337;155 658 642;7;8;0;1;13;2
202300012338;155 658 643;32;0;2;3;3;1
202300012338;155 658 646;10;0;2;8;1;1
202300012339;155 658 641;80;0;2;1;13;3
202300012339;155 658 645;7;0;9;1;1;3
202300012340;155 658 637;33;0;0;1;17;1
202300012341;155 658 635;7;0;1;1;1;1
202300012342;155 658 632;7;0;2;2;1;2
202300012342;155 658 638;1;0;2;1;1;5
202300012343;155 658 629;7;0;2;1;19;1
202300012343;155 658 634;31;0;2;7;1;1
202300012344;155 658 631;33;0;2;4;2;1
202300012344;155 658 633;33;0;2;1;2;0
202300012344;155 658 636;10;0;2;4;2;1
202300012345;155 658 628;7;0;0;4;2;1
202300012345;155 658 630;7;0;0;1;2;1
202300012346;155 658 626;37;0;1;2;1;1
202300012347;155 658 625;32;0;2;1;5;1
202300012347;155 658 627;7;0;2;3;9;2
202300012348;155 658 622;7;0;1;2;1;1
202300012349;155 658 621;7;2;0;0;1;1
202300012350;155 658 623;10;0;2;5;1;1
202300012350;155 658 624;43;0;2;3;3;1
202300012351;155 658 616;7;2;0;1;1;0
202300012352;155 658 617;50;0;2;1;1;3
202300012352;155 658 620;7;0;2;1;15;1
202300012353;155 658 618;7;0;2;5;22;3
202300012353;155 658 619;33;0;2;1;1;1
202300012354;155 658 615;1;0;1;0;1;5
202300012355;155 658 612;10;0;2;2;1;1
202300012355;155 658 614;31;0;2;6;13;1
202300012356;155 658 608;2;0;2;7;17;1
202300012356;155 658 613;7;0;2;3;15;1
202300012357;155 658 607;3;0;2;2;15;1
202300012357;155 658 610;2;0;2;1;0;1
202300012358;155 658 605;7;0;2;1;15;1
202300012358;155 658 606;7;0;2;1;1;3
202300012358;155 658 609;10;0;2;1;1;1
202300012359;155 658 604;7;0;4;5;19;1
202300012359;155 658 611;40;0;2;1;19;3
202300012360;155 658 597;31;7;0;1;0;0
202300012361;155 658 599;7;0;2;8;1;1
202300012361;155 658 603;31;0;2;7;5;1
202300012362;155 658 595;7;0;2;4;23;1
202300012362;155 658 600;7;0;2;4;23;1
202300012362;155 658 602;7;0;2;1;1;1
202300012363;155 658 592;7;0;0;1;1;1
202300012364;155 658 594;2;0;2;1;26;1
202300012364;155 658 596;15;0;2;2;1;1
202300012365;155 658 591;7;0;2;1;2;1
202300012365;155 658 593;7;0;2;4;23;1
202300012365;155 658 598;10;0;2;4;2;1
202300012365;155 658 601;7;0;2;4;2;1
202300012366;155 658 590;7;0;1;1;1;2
202300012367;155 658 589;10;2;0;1;0;1
202300012368;155 658 587;7;1;0;6;14;1
202300012369;155 658 586;33;0;2;7;1;1
202300012369;155 658 588;7;0;2;3;15;1
202300012370;155 658 582;7;2;0;1;1;1
202300012371;155 658 581;7;0;2;1;1;1
202300012371;155 658 583;7;0;2;0;1;1
202300012371;155 658 585;7;0;2;4;0;1
202300012372;155 658 578;37;0;0;0;1;0
202300012372;155 658 584;10;0;0;0;10;1
202300012373;155 658 577;33;5;0;3;14;1
202300012373;155 658 580;33;0;2;3;1;1
202300012374;155 658 579;7;0;1;1;15;3
202300012375;155 658 574;17;0;2;4;24;1
202300012375;155 658 575;7;1;0;1;0;1
202300012376;155 658 571;7;0;2;2;1;0
202300012376;155 658 576;15;0;2;6;14;1
202300012377;155 658 569;33;0;2;1;16;1
202300012377;155 658 572;7;0;0;8;1;0
202300012378;155 658 568;2;0;2;1;9;5
202300012378;155 658 573;33;0;0;8;2;1
202300012379;155 658 567;1;0;2;1;1;5
202300012379;155 658 570;7;0;2;1;1;1
202300012380;155 658 565;33;0;2;1;3;1
202300012380;155 658 566;7;0;2;4;11;1
202300012381;155 658 563;7;0;0;1;2;1
202300012382;155 658 562;13;0;0;4;1;0
202300012382;155 658 564;7;0;2;1;1;0
202300012383;155 658 560;1;12;0;1;19;5
202300012384;155 658 559;7;0;2;2;1;1
202300012384;155 658 561;1;0;2;8;15;5
202300012385;155 658 555;7;0;0;2;0;0
202300012385;155 658 557;33;8;0;2;0;0
202300012386;155 658 552;7;6;0;1;1;1
202300012387;155 658 550;7;0;2;7;1;0
202300012387;155 658 554;7;0;2;5;2;1
202300012387;155 658 556;7;0;9;0;1;1
202300012387;155 658 558;7;0;2;1;1;2
202300012388;155 658 553;50;0;1;1;1;3
202300012389;155 658 547;7;0;2;3;1;1
202300012389;155 658 549;2;0;2;3;1;1
202300012390;155 658 548;33;0;2;1;1;1
202300012390;155 658 551;7;0;2;1;15;1
202300012391;155 658 546;33;13;0;0;2;1
202300012392;155 658 544;33;4;0;1;1;1
202300012393;155 658 543;31;0;2;2;17;1
202300012393;155 658 545;7;0;2;3;15;1
202300012394;155 658 539;7;0;2;3;17;1
202300012394;155 658 541;33;0;0;0;1;1
202300012395;155 658 537;7;0;2;4;2;2
202300012395;155 658 542;7;0;2;4;2;1
202300012396;155 658 536;10;0;2;4;11;1
202300012396;155 658 538;33;0;2;1;3;1
202300012397;155 658 535;7;0;2;8;1;1
202300012397;155 658 540;7;0;2;8;1;1
202300012398;155 658 534;2;7;0;2;0;0
202300012399;155 658 532;7;0;1;3;23;2
202300012400;155 658 530;7;0;2;1;9;1
202300012400;155 658 533;1;0;2;4;1;5
202300012401;155 658 528;33;0;2;1;3;1
202300012401;155 658 531;7;0;2;4;0;0
202300012402;155 658 527;7;17;0;1;21;0
202300012403;155 658 526;33;0;2;8;1;1
202300012403;155 658 529;7;0;0;8;9;1
202300012404;155 658 523;1;0;1;2;1;5
202300012405;155 658 520;10;0;2;1;2;1
202300012405;155 658 521;10;0;2;4;2;1
202300012405;155 658 522;7;0;2;4;2;1
202300012405;155 658 525;7;0;2;4;2;1
202300012406;155 658 519;7;13;0;5;14;1
202300012407;155 658 518;43;1;0;3;0;1
202300012408;155 658 517;7;14;0;2;1;1
202300012409;155 658 515;17;0;2;1;1;1
202300012409;155 658 516;7;0;2;4;12;1
202300012410;155 658 510;7;6;0;2;14;1
202300012411;155 658 509;30;0;1;0;1;0
202300012412;155 658 508;7;0;2;2;13;1
202300012412;155 658 513;7;0;2;2;21;1
202300012413;155 658 507;7;0;2;8;15;1
202300012413;155 658 512;31;0;2;1;17;1
202300012414;155 658 506;7;0;2;1;2;1
202300012414;155 658 511;7;0;2;4;2;3
202300012414;155 658 514;7;0;2;4;2;1
202300012415;155 658 505;7;0;1;1;15;1
202300012416;155 658 501;7;6;0;1;1;1
202300012417;155 658 500;1;12;2;6;1;5
202300012417;155 658 503;14;0;2;2;26;1
202300012418;155 658 502;30;0;0;0;9;1
202300012419;155 658 499;7;0;2;2;1;1
202300012419;155 658 504;7;12;2;1;19;1
202300012420;155 658 494;10;0;1;1;1;1
202300012421;155 658 495;7;0;2;1;1;1
202300012421;155 658 498;50;0;2;8;19;3
202300012422;155 658 491;33;0;0;9;21;1
202300012423;155 658 490;7;0;2;1;0;1
202300012423;155 658 493;7;0;2;4;0;1
202300012424;155 658 489;7;1;0;1;1;1
202300012425;155 658 486;33;4;0;1;0;1
202300012426;155 658 485;7;0;2;8;1;1
202300012426;155 658 488;13;0;2;1;1;0
202300012427;155 658 484;7;0;0;1;1;1
202300012427;155 658 487;60;0;2;4;15;5
202300012428;155 658 483;7;0;1;1;1;1
202300012429;155 658 482;7;0;1;1;1;1
202300012430;155 658 481;13;0;1;2;1;1
202300012431;155 658 478;7;0;1;1;2;1
202300012432;155 658 477;7;0;2;1;0;0
202300012432;155 658 480;7;0;2;4;0;0
202300012433;155 658 476;2;0;1;2;1;1
202300012434;155 658 475;99;0;2;1;1;1
202300012434;155 658 479;7;0;2;8;19;1
202300012435;155 658 473;7;0;1;1;1;0
202300012436;155 658 472;7;0;2;4;2;1
202300012436;155 658 474;7;0;2;1;2;1
202300012437;155 658 471;7;0;1;1;1;0
202300012438;155 658 470;30;0;2;8;21;1
202300012439;155 658 468;7;2;0;8;1;0
202300012440;155 658 469;7;3;0;8;2;1
202300012441;155 658 467;7;0;1;1;0;1
202300012442;155 658 464;7;0;2;6;21;1
202300012442;155 658 466;33;0;2;7;2;1
202300012443;155 658 462;7;0;1;7;1;1
202300012444;155 658 460;10;0;2;3;1;1
202300012444;155 658 465;21;0;2;5;1;1
202300012445;155 658 461;7;0;0;0;1;1
202300012446;155 658 456;10;0;2;4;2;1
202300012446;155 658 458;10;0;2;4;2;1
202300012446;155 658 459;7;0;2;1;2;1
202300012446;155 658 463;7;0;2;4;1;1
202300012447;155 658 454;7;0;2;1;15;1
202300012447;155 658 457;7;0;2;1;1;1
202300012448;155 658 452;7;0;2;2;1;1
202300012448;155 658 455;7;0;2;1;15;1
202300012449;155 658 451;7;13;0;9;26;1
202300012450;155 658 450;37;0;2;2;15;0
202300012450;155 658 453;80;0;2;0;0;3
202300012451;155 658 448;7;0;2;7;14;0
202300012451;155 658 449;33;0;2;3;1;1
202300012452;155 658 446;7;0;2;7;16;1
202300012452;155 658 447;33;0;2;7;7;1
202300012453;155 658 440;2;0;2;2;1;1
202300012453;155 658 445;7;0;2;4;16;1
202300012454;155 658 441;30;8;0;4;15;1
202300012454;155 658 443;7;8;2;1;0;1
202300012455;155 658 439;7;0;2;2;1;1
202300012455;155 658 444;50;0;2;7;1;3
202300012456;155 658 438;7;0;2;4;2;1
202300012456;155 658 442;7;0;2;1;2;1
202300012457;155 658 432;2;0;2;1;1;1
202300012457;155 658 436;7;0;2;1;1;1
202300012458;155 658 433;10;0;1;2;16;1
202300012459;155 658 430;2;0;2;1;13;1
202300012459;155 658 435;7;0;2;3;15;1
202300012460;155 658 428;7;0;2;6;1;0
202300012460;155 658 431;31;0;2;1;1;1
202300012461;155 658 429;7;0;2;1;2;1
202300012461;155 658 434;7;0;2;4;23;1
202300012461;155 658 437;7;0;2;1;2;1
202300012462;155 658 422;7;0;2;6;11;2
202300012462;155 658 426;33;0;2;1;3;1
202300012463;155 658 423;10;0;1;1;1;1
202300012464;155 658 425;30;0;2;1;13;1
202300012464;155 658 427;50;0;2;8;15;3
202300012465;155 658 420;7;0;2;0;0;-1
202300012465;155 658 424;50;0;0;4;0;3
202300012466;155 658 419;43;0;2;1;1;1
202300012466;155 658 421;7;0;2;8;16;1
202300012467;155 658 414;30;0;2;1;18;1
202300012467;155 658 418;7;0;2;5;2;1
202300012468;155 658 413;14;0;2;4;1;1
202300012468;155 658 417;7;0;2;0;12;1
202300012469;155 658 412;33;14;9;8;17;1
202300012470;155 658 411;7;0;2;8;1;1