Num_Acc;id_vehicule;catv;obs;obsm;choc;manv;motor
202300013533;155 656 552;1;1;0;1;14;5
202300013534;155 656 551;7;0;2;1;13;1
202300013534;155 656 553;10;0;2;1;1;1
202300013535;155 656 550;33;8;0;1;1;1
202300013536;155 656 548;7;5;0;3;1;1
202300013537;155 656 549;7;13;0;9;1;1
202300013538;155 656 546;7;0;9;7;26;2
202300013538;155 656 547;99;0;2;7;26;6
202300013539;155 656 543;40;1;2;1;1;3
202300013539;155 656 544;7;0;4;5;1;1
202300013540;155 656 541;7;0;1;1;1;0
202300013541;155 656 540;7;1;0;1;17;1
202300013542;155 656 542;7;0;2;2;1;2
202300013542;155 656 545;2;0;2;1;1;1
202300013543;155 656 539;7;1;1;1;1;1
202300013544;155 656 538;7;0;1;3;1;1
202300013545;155 656 536;10;0;2;7;16;1
202300013545;155 656 537;37;0;2;1;1;4
202300013546;155 656 533;10;0;2;1;1;1
202300013546;155 656 534;1;0;2;4;15;5
202300013547;155 656 532;7;0;2;1;1;1
202300013547;155 656 535;7;0;2;1;1;1
202300013548;155 656 530;43;0;2;1;1;0
202300013548;155 656 531;7;0;2;1;15;1
202300013549;155 656 528;7;0;2;9;0;1
202300013549;155 656 529;7;0;2;9;0;1
202300013550;155 656 527;7;0;1;3;15;1
202300013551;155 656 525;7;13;0;9;17;1
202300013552;155 656 524;7;0;2;9;26;1
202300013552;155 656 526;7;0;2;7;12;2
202300013553;155 656 522;30;0;2;1;1;1
202300013553;155 656 523;7;0;2;1;15;1
202300013554;155 656 518;7;0;2;6;1;1
202300013554;155 656 519;10;0;2;2;2;1
202300013555;155 656 514;7;0;2;3;2;1
202300013555;155 656 516;7;0;2;4;2;1
202300013555;155 656 517;7;0;2;1;2;1
202300013555;155 656 520;10;0;2;4;2;1
202300013555;155 656 521;7;0;2;8;2;1
202300013556;155 656 512;7;0;2;1;2;1
202300013556;155 656 513;43;0;2;2;3;1
202300013557;155 656 515;33;12;0;0;17;1
202300013558;155 656 510;7;0;2;7;12;1
202300013558;155 656 511;7;0;2;8;1;1
202300013559;155 656 507;7;0;1;3;1;1
202300013560;155 656 508;7;0;2;5;12;1
202300013560;155 656 509;33;0;2;8;3;1
202300013561;155 656 505;7;0;2;6;13;1
202300013561;155 656 506;2;0;2;1;3;0
202300013562;155 656 504;7;4;0;1;1;1
202300013563;155 656 503;10;3;0;1;0;2
202300013564;155 656 498;10;0;2;4;2;1
202300013564;155 656 499;7;0;2;3;2;1
202300013564;155 656 500;7;0;2;5;2;1
202300013564;155 656 501;7;0;2;4;2;1
202300013564;155 656 502;7;0;2;4;2;1
202300013565;155 656 496;7;0;2;5;1;1
202300013565;155 656 497;7;0;2;5;1;1
202300013566;155 656 494;10;0;2;1;18;1
202300013566;155 656 495;43;0;2;7;14;1
202300013567;155 656 490;10;0;2;7;1;1
202300013567;155 656 491;7;0;2;4;1;1
202300013567;155 656 492;10;0;2;1;2;1
202300013567;155 656 493;15;0;2;8;13;1
202300013568;155 656 489;7;4;0;3;1;1
202300013569;155 656 487;7;0;2;6;1;1
202300013569;155 656 488;7;0;2;2;2;1
202300013570;155 656 485;50;0;2;1;1;3
202300013570;155 656 486;7;0;2;2;1;1
202300013571;155 656 483;7;0;2;1;13;1
202300013571;155 656 484;7;0;2;1;0;1
202300013572;155 656 482;7;0;0;1;16;1
202300013573;155 656 480;7;0;2;8;15;1
202300013573;155 656 481;1;0;2;1;1;5
202300013574;155 656 479;14;12;0;7;9;1
202300013575;155 656 477;7;0;9;1;26;1
202300013575;155 656 478;50;0;2;2;26;3
202300013576;155 656 476;50;0;2;0;5;3
202300013577;155 656 475;2;0;0;8;15;1
202300013578;155 656 474;7;0;1;2;15;0
202300013579;155 656 472;2;1;2;7;1;1
202300013579;155 656 473;7;0;2;1;1;1
202300013580;155 656 471;33;1;1;8;21;1
202300013581;155 656 469;1;0;2;4;1;5
202300013581;155 656 470;0;0;2;4;0;0
202300013582;155 656 467;7;0;2;3;15;1
202300013582;155 656 468;34;0;2;1;25;1
202300013583;155 656 465;7;0;2;1;2;1
202300013583;155 656 466;7;0;2;4;0;1
202300013584;155 656 461;50;0;0;0;1;3
202300013585;155 656 460;33;0;0;7;26;1
202300013586;155 656 458;7;0;2;4;23;1
202300013586;155 656 459;7;1;0;1;1;1
202300013587;155 656 456;10;0;2;3;5;1
202300013587;155 656 457;7;0;2;3;1;1
202300013588;155 656 454;7;3;2;1;26;3
202300013588;155 656 455;10;3;0;0;15;1
202300013589;155 656 452;30;0;2;1;1;1
202300013589;155 656 453;7;0;2;3;15;1
202300013590;155 656 451;1;0;0;0;1;5
202300013591;155 656 449;34;0;2;2;1;1
202300013591;155 656 450;7;0;2;8;10;1
202300013592;155 656 448;10;0;1;0;2;1
202300013593;155 656 446;50;0;2;1;26;3
202300013593;155 656 447;7;0;2;1;26;1
202300013594;155 656 444;50;0;2;8;1;3
202300013594;155 656 445;10;0;2;7;16;1
202300013595;155 656 442;21;0;2;8;1;0
202300013595;155 656 443;38;0;2;8;1;1
202300013596;155 656 441;33;0;0;8;0;1
202300013597;155 656 439;50;0;2;1;1;3
202300013597;155 656 440;7;0;2;2;14;1
202300013598;155 656 437;1;0;2;2;19;0
202300013598;155 656 438;7;0;2;2;2;1
202300013599;155 656 435;7;0;9;2;26;1
202300013599;155 656 436;1;0;2;4;15;5
202300013600;155 656 433;7;0;2;5;9;0
202300013600;155 656 434;30;0;2;1;2;0
202300013601;155 656 431;7;0;2;1;9;1
202300013601;155 656 432;2;0;2;4;1;1
202300013602;155 656 430;10;0;1;3;1;1
202300013603;155 656 429;7;-1;1;3;1;1
202300013604;155 656 428;7;0;1;4;4;0
202300013605;155 656 427;7;0;1;2;1;1
202300013606;155 656 425;80;0;2;1;15;3
202300013606;155 656 426;7;0;2;3;9;1
202300013607;155 656 424;7;0;1;3;1;1
202300013608;155 656 422;7;0;2;1;13;0
202300013608;155 656 423;7;0;2;3;0;1
202300013609;155 656 420;10;0;2;2;15;1
202300013609;155 656 421;2;0;2;1;1;1
202300013610;155 656 418;50;0;2;1;1;3
202300013610;155 656 419;14;0;2;5;16;1
202300013611;155 656 416;7;0;2;3;15;1
202300013611;155 656 417;33;0;2;8;1;1
202300013612;155 656 414;7;0;2;4;10;1
202300013612;155 656 415;33;0;2;0;0;1
202300013613;155 656 410;7;0;2;3;1;1
202300013613;155 656 411;17;0;2;8;13;1
202300013614;155 656 408;7;0;2;1;1;1
202300013614;155 656 409;7;0;2;7;9;1
202300013615;155 656 406;7;0;2;2;1;1
202300013615;155 656 407;7;0;2;5;15;1
202300013616;155 656 405;7;0;1;5;1;1
202300013617;155 656 403;7;0;2;3;1;1
202300013617;155 656 404;7;0;2;2;15;3
202300013618;155 656 401;31;0;2;1;1;1
202300013618;155 656 402;10;0;2;2;15;1
202300013619;155 656 399;7;0;2;5;1;1
202300013619;155 656 400;7;0;2;1;16;1
202300013620;155 656 397;10;0;2;1;1;1
202300013620;155 656 398;1;12;2;9;1;5
202300013621;155 656 395;37;0;9;1;15;1
202300013621;155 656 396;1;0;2;1;1;5
202300013622;155 656 394;10;0;1;3;15;1
202300013623;155 656 392;7;0;2;3;0;0
202300013623;155 656 393;33;0;2;1;0;0
202300013624;155 656 390;7;0;2;4;23;1
202300013624;155 656 391;7;0;2;1;2;1
202300013625;155 656 389;37;0;1;2;1;1
202300013626;155 656 387;7;0;2;3;13;1
202300013626;155 656 388;10;0;2;6;21;1
202300013627;155 656 384;10;0;2;4;1;1
202300013627;155 656 385;7;0;2;4;23;1
202300013627;155 656 386;7;0;0;4;23;1
202300013628;155 656 383;7;0;1;6;20;3
202300013629;155 656 381;7;-1;-1;-1;-1;-1
202300013629;155 656 382;1;0;2;8;1;5
202300013630;155 656 379;33;0;2;1;1;1
202300013630;155 656 380;7;0;2;4;0;1
202300013631;155 656 378;1;0;1;8;1;5
202300013632;155 656 376;7;0;2;3;4;2
202300013632;155 656 377;1;0;2;8;19;5
202300013633;155 656 374;7;0;2;3;15;2
202300013633;155 656 375;30;0;2;7;1;1
202300013634;155 656 373;1;0;1;1;25;5
202300013635;155 656 372;1;0;1;2;16;5
202300013636;155 656 371;30;0;1;1;1;1
202300013637;155 656 370;1;0;1;1;1;5
202300013638;155 656 368;7;0;2;5;22;1
202300013638;155 656 369;1;0;2;1;1;5
202300013639;155 656 366;1;0;2;1;1;5
202300013639;155 656 367;7;0;2;3;15;2
202300013640;155 656 365;32;0;1;1;18;1
202300013641;155 656 364;7;0;1;3;1;0
202300013642;155 656 363;7;0;1;1;15;1
202300013643;155 656 360;37;0;2;1;1;1
202300013643;155 656 361;10;0;2;4;23;1
202300013643;155 656 362;7;0;2;4;23;1
202300013644;155 656 358;13;0;2;1;2;1
202300013644;155 656 359;13;0;2;4;2;1
202300013645;155 656 356;15;0;2;5;1;1
202300013645;155 656 357;37;0;2;6;9;1
202300013646;155 656 354;7;0;2;1;2;1
202300013646;155 656 355;7;0;2;4;1;1
202300013647;155 656 353;1;0;1;1;13;5
202300013648;155 656 351;10;0;2;2;2;1
202300013648;155 656 352;7;0;2;6;23;1
202300013649;155 656 350;7;6;0;3;13;1
202300013650;155 656 348;7;0;2;2;15;1
202300013650;155 656 349;7;0;2;1;1;1
202300013651;155 656 345;17;0;0;4;2;1
202300013651;155 656 347;7;0;2;1;2;1
202300013652;155 656 342;10;0;2;3;2;1
202300013652;155 656 344;7;0;2;4;2;1
202300013652;155 656 346;7;0;2;4;2;1
202300013653;155 656 341;7;0;2;1;1;1
202300013653;155 656 343;7;0;2;8;19;1
202300013654;155 656 338;32;0;2;2;1;1
202300013654;155 656 339;7;0;2;6;1;1
202300013654;155 656 340;7;0;2;3;5;1
202300013655;155 656 337;7;3;0;1;1;1
202300013656;155 656 336;7;9;0;2;1;1
202300013657;155 656 335;7;0;0;0;1;1
202300013658;155 656 332;33;0;9;3;9;1
202300013658;155 656 334;1;0;2;1;25;5
202300013659;155 656 331;2;0;2;1;19;1
202300013659;155 656 333;7;0;0;7;1;1
202300013660;155 656 329;7;0;2;1;1;1
202300013660;155 656 330;1;0;2;1;1;5
202300013661;155 656 328;36;0;0;0;10;0
202300013662;155 656 326;7;0;2;5;11;1
202300013662;155 656 327;33;0;2;6;2;1
202300013663;155 656 324;33;0;2;4;2;1
202300013663;155 656 325;33;0;2;1;2;1
202300013664;155 656 322;2;0;2;1;2;1
202300013664;155 656 323;7;0;2;4;23;1
202300013665;155 656 320;7;0;2;1;15;1
202300013665;155 656 321;33;0;2;1;1;1
202300013666;155 656 318;3;0;9;3;13;0
202300013666;155 656 319;1;0;2;3;1;5
202300013667;155 656 317;7;13;0;1;1;1
202300013668;155 656 314;7;2;0;1;13;1
202300013669;155 656 313;7;0;2;7;2;1
202300013669;155 656 315;32;0;2;7;3;3
202300013669;155 656 316;10;0;0;8;1;0
202300013670;155 656 312;34;2;0;1;1;1
202300013671;155 656 309;7;0;2;1;0;2
202300013671;155 656 311;7;0;0;4;1;2
202300013672;155 656 308;1;13;0;1;16;5
202300013673;155 656 306;7;0;2;2;9;0
202300013673;155 656 307;31;0;2;1;2;1
202300013674;155 656 304;7;0;2;1;17;1
202300013674;155 656 305;1;0;2;6;15;5
202300013675;155 656 302;31;0;2;2;1;1
202300013675;155 656 303;7;0;2;1;2;1
202300013676;155 656 301;31;2;0;2;1;1
202300013677;155 656 299;10;0;2;1;1;1
202300013677;155 656 300;7;0;2;4;23;1
202300013678;155 656 297;7;0;2;2;1;1
202300013678;155 656 298;3;0;2;3;1;1
202300013679;155 656 295;7;14;0;6;2;1
202300013679;155 656 296;43;0;2;3;2;1
202300013680;155 656 293;32;0;2;1;1;1
202300013680;155 656 294;7;0;2;3;15;1
202300013681;155 656 289;32;0;2;8;18;1
202300013681;155 656 291;10;0;2;0;0;1
202300013681;155 656 292;7;0;2;1;15;0
202300013682;155 656 288;7;0;2;2;19;1
202300013682;155 656 290;7;0;2;3;1;1
202300013683;155 656 285;33;0;2;1;3;1
202300013683;155 656 287;7;0;2;5;11;1
202300013684;155 656 284;7;0;2;1;15;1
202300013684;155 656 286;7;0;2;1;1;1
202300013685;155 656 281;7;1;2;8;20;1
202300013685;155 656 283;7;8;2;1;1;1
202300013686;155 656 279;33;0;2;1;1;1
202300013686;155 656 280;33;0;2;1;21;1
202300013686;155 656 282;7;0;2;6;23;1
202300013687;155 656 274;7;0;2;1;1;0
202300013687;155 656 275;7;0;2;1;1;0
202300013688;155 656 276;7;0;2;1;1;1
202300013688;155 656 277;7;0;2;4;1;1
202300013688;155 656 278;7;0;2;4;15;1
202300013689;155 656 271;1;0;2;1;1;5
202300013689;155 656 273;7;0;2;3;9;3
202300013690;155 656 270;33;2;2;1;5;1
202300013690;155 656 272;99;0;2;8;15;1
202300013691;155 656 268;7;0;1;1;1;1
202300013692;155 656 267;33;0;2;1;1;1
202300013692;155 656 269;7;0;2;5;1;1
202300013693;155 656 265;7;13;0;0;0;0
202300013694;155 656 262;1;0;2;2;1;5
202300013694;155 656 263;1;0;0;0;21;5
202300013694;155 656 264;1;0;2;2;21;5
202300013694;155 656 266;10;0;9;3;15;1
202300013695;155 656 260;7;0;2;8;1;1
202300013695;155 656 261;7;13;2;3;13;1
202300013696;155 656 258;2;11;0;1;1;1
202300013697;155 656 257;7;0;2;3;5;1
202300013697;155 656 259;30;0;2;1;1;1
202300013698;155 656 254;7;6;0;1;1;1
202300013698;155 656 255;7;0;0;6;15;1
202300013698;155 656 256;10;0;2;1;13;1
202300013699;155 656 253;7;3;0;2;1;1
202300013700;155 656 251;7;0;2;7;17;1
202300013700;155 656 252;1;0;0;8;1;5
202300013701;155 656 249;33;0;2;6;1;0
202300013701;155 656 250;7;0;2;2;15;1
202300013702;155 656 248;30;6;0;1;13;1
202300013703;155 656 247;31;0;0;0;26;1
202300013704;155 656 246;33;8;0;1;13;1
202300013705;155 656 243;15;0;0;4;23;1
202300013705;155 656 245;37;1;0;2;21;1
202300013706;155 656 241;7;0;2;3;15;1
202300013706;155 656 242;7;0;2;3;1;1
202300013707;155 656 240;10;13;0;3;13;1
202300013708;155 656 239;7;0;2;1;13;1
202300013708;155 656 244;10;0;2;2;1;1
202300013709;155 656 237;7;6;2;1;2;1
202300013709;155 656 238;2;6;2;4;1;1
202300013710;155 656 236;10;0;1;4;4;0
202300013711;155 656 235;7;8;0;1;13;0
202300013712;155 656 233;7;0;2;2;1;1
202300013712;155 656 234;7;0;2;1;19;1
202300013713;155 656 231;33;0;2;1;1;1
202300013713;155 656 232;7;0;2;8;16;1
202300013714;155 656 229;7;2;0;1;1;0
202300013715;155 656 228;10;14;0;2;13;1
202300013716;155 656 225;2;0;2;3;1;1
202300013716;155 656 227;7;0;2;3;17;3
202300013717;155 656 222;7;0;2;2;15;1
202300013717;155 656 224;33;0;2;1;1;1
202300013718;155 656 223;7;0;2;1;1;0
202300013718;155 656 226;7;0;2;3;15;0
202300013719;155 656 220;7;0;2;7;17;1
202300013719;155 656 221;2;0;2;8;15;1
202300013720;155 656 218;32;0;2;1;17;1
202300013720;155 656 219;7;0;0;3;15;0
202300013721;155 656 215;7;0;2;1;1;1
202300013721;155 656 217;30;0;2;4;2;1
202300013722;155 656 212;7;0;2;1;2;1
202300013722;155 656 213;7;0;2;4;1;1
202300013722;155 656 214;7;1;2;4;2;1
202300013722;155 656 216;7;1;0;1;2;1
202300013723;155 656 210;7;0;0;1;13;1
202300013723;155 656 211;7;0;0;1;1;1
202300013724;155 656 208;7;0;2;3;13;1
202300013724;155 656 209;17;0;2;3;1;1
202300013725;155 656 207;33;13;0;1;1;1
202300013726;155 656 204;7;0;2;1;5;1
202300013726;155 656 206;7;0;2;1;1;1
202300013727;155 656 203;7;2;0;1;1;1
202300013728;155 656 201;7;1;0;1;2;1
202300013729;155 656 202;15;0;2;3;13;0
202300013729;155 656 205;7;0;2;3;13;0
202300013730;155 656 200;31;0;0;0;26;1
202300013731;155 656 199;7;2;0;1;14;1
202300013732;155 656 197;33;0;2;1;1;1
202300013732;155 656 198;7;0;2;1;15;1
202300013733;155 656 194;7;0;2;1;1;1
202300013733;155 656 196;2;0;2;7;19;1
202300013734;155 656 193;7;13;2;3;1;1
202300013734;155 656 195;7;13;2;3;13;1
202300013735;155 656 192;2;0;1;1;17;1
202300013736;155 656 191;7;6;0;3;13;1
202300013737;155 656 190;33;8;0;1;16;1
202300013738;155 656 188;31;0;2;1;1;1
202300013738;155 656 189;7;0;2;5;23;1
202300013739;155 656 187;7;0;1;1;26;1
202300013740;155 656 185;7;12;0;1;13;1
202300013741;155 656 183;7;0;2;6;1;1
202300013741;155 656 184;17;0;2;2;12;1
202300013742;155 656 182;33;14;0;1;1;1
202300013743;155 656 180;7;0;2;8;14;1
202300013743;155 656 181;15;0;2;2;1;1
202300013744;155 656 178;7;0;2;4;1;1
202300013744;155 656 179;7;0;2;0;0;0
202300013745;155 656 176;0;0;2;8;0;0
202300013745;155 656 177;7;3;2;7;1;1
202300013746;155 656 174;7;0;2;1;1;1
202300013746;155 656 175;7;0;2;4;1;1
202300013747;155 656 172;7;0;2;1;1;1
202300013747;155 656 173;7;0;2;4;1;1
202300013748;155 656 171;7;4;0;2;1;1
202300013749;155 656 169;7;0;2;5;0;2
202300013749;155 656 170;7;0;2;3;0;0
202300013750;155 656 168;7;13;0;1;0;1
202300013751;155 656 167;32;0;0;8;2;1
202300013752;155 656 165;14;0;2;2;14;1
202300013752;155 656 166;7;0;2;8;1;1
202300013753;155 656 163;99;0;2;7;14;1
202300013753;155 656 164;33;0;2;8;18;1
202300013754;155 656 161;7;5;2;7;16;1
202300013754;155 656 162;7;0;2;8;1;1
202300013755;155 656 159;7;0;2;4;2;1
202300013755;155 656 160;7;0;2;1;2;1
202300013756;155 656 157;10;0;2;4;2;1
202300013756;155 656 158;10;0;2;1;2;1
202300013757;155 656 155;7;0;2;6;9;1
202300013757;155 656 156;7;0;2;1;1;1
202300013758;155 656 154;7;0;1;2;1;1
202300013759;155 656 152;7;0;2;3;15;1
202300013759;155 656 153;7;0;2;1;1;1
202300013760;155 656 150;7;0;2;1;15;1
202300013760;155 656 151;10;0;0;1;1;0
202300013761;155 656 147;32;0;2;1;17;1
202300013761;155 656 148;7;0;2;3;1;1
202300013761;155 656 149;7;0;2;8;2;1
202300013762;155 656 146;7;1;0;1;0;1
202300013763;155 656 145;7;13;0;1;1;1
202300013764;155 656 143;7;0;2;6;9;1
202300013764;155 656 144;33;0;2;9;1;1
202300013765;155 656 141;33;0;0;0;1;1
202300013766;155 656 140;33;14;0;3;1;1
202300013767;155 656 137;7;0;2;2;1;1
202300013767;155 656 138;1;0;2;8;19;5
202300013768;155 656 136;7;2;0;3;13;1
202300013769;155 656 134;7;0;2;2;13;1
202300013769;155 656 135;33;9;0;8;1;1
202300013770;155 656 131;33;6;0;3;13;1
202300013771;155 656 130;2;0;0;0;1;1
202300013772;155 656 129;7;2;0;3;1;1
202300013773;155 656 126;2;0;2;1;17;1
202300013773;155 656 127;7;6;2;1;1;1
202300013773;155 656 128;7;0;2;3;1;1
202300013774;155 656 124;7;0;2;2;17;1
202300013774;155 656 125;1;0;2;3;1;5
202300013775;155 656 123;1;0;0;7;1;5
202300013776;155 656 122;33;13;0;0;0;1
202300013777;155 656 120;7;0;2;3;15;1
202300013777;155 656 121;50;0;2;1;1;3
202300013778;155 656 118;1;0;2;0;16;5
202300013778;155 656 119;13;0;2;8;1;1
202300013779;155 656 114;7;0;2;3;1;1
202300013779;155 656 115;7;0;2;1;1;1
202300013779;155 656 116;7;0;2;1;5;1
202300013779;155 656 117;7;0;2;3;1;2
202300013780;155 656 112;31;0;2;1;1;1
202300013780;155 656 113;7;0;2;1;1;1
202300013781;155 656 111;31;0;0;0;1;1
202300013782;155 656 109;7;0;2;3;1;1
202300013782;155 656 110;31;0;2;3;17;1
202300013783;155 656 107;7;0;2;1;1;1
202300013783;155 656 108;7;0;2;7;19;1
202300013784;155 656 106;31;7;0;8;1;1
202300013785;155 656 104;32;0;2;1;1;1
202300013785;155 656 105;7;0;2;4;2;1
202300013786;155 656 103;7;6;0;1;0;1
202300013787;155 656 101;7;4;2;3;21;1
202300013787;155 656 102;7;4;0;0;0;1
202300013788;155 656 099;17;0;0;4;2;1
202300013788;155 656 100;10;0;2;1;2;1
202300013789;155 656 097;33;0;2;1;1;1
202300013789;155 656 098;10;0;2;2;10;1
202300013790;155 656 095;7;0;2;3;11;3
202300013790;155 656 096;33;0;2;2;3;1
202300013791;155 656 094;7;0;0;0;0;1
202300013792;155 656 093;33;0;0;0;1;1
202300013793;155 656 090;7;0;2;3;1;1
202300013793;155 656 091;7;0;2;3;15;1
202300013793;155 656 092;7;0;2;3;23;1
202300013794;155 656 089;7;0;1;2;17;1
202300013795;155 656 087;7;0;2;1;5;1
202300013795;155 656 088;7;0;2;1;1;1
202300013796;155 656 085;2;0;2;1;1;0
202300013796;155 656 086;7;0;2;3;1;0
202300013797;155 656 083;7;0;0;2;1;0
202300013797;155 656 084;7;0;0;1;1;0
202300013798;155 656 082;7;6;0;1;1;1
202300013799;155 656 080;1;0;2;2;1;5
202300013799;155 656 081;3;0;2;3;1;1
202300013800;155 656 078;33;0;2;8;1;1
202300013800;155 656 079;7;0;2;2;10;1
202300013801;155 656 077;14;8;0;3;1;1
202300013802;155 656 075;7;0;2;3;15;1
202300013802;155 656 076;33;0;2;1;17;1
202300013803;155 656 074;10;0;1;1;1;1
202300013804;155 656 071;7;0;2;1;1;1
202300013804;155 656 072;7;0;0;8;23;1
202300013804;155 656 073;7;0;2;4;15;1
202300013805;155 656 063;1;0;2;8;1;5
202300013805;155 656 064;7;0;0;3;1;1
202300013805;155 656 065;1;0;2;8;1;5
202300013805;155 656 066;1;0;2;8;1;5
202300013805;155 656 067;1;0;2;8;1;5
202300013805;155 656 068;1;0;2;8;1;5
202300013805;155 656 069;1;0;2;8;1;5
202300013805;155 656 070;1;0;2;8;1;5
202300013806;155 656 061;7;0;2;1;1;1
202300013806;155 656 062;7;0;2;1;13;1
202300013807;155 656 060;7;8;0;9;17;0
202300013808;155 656 058;7;0;2;1;2;1
202300013808;155 656 059;7;3;0;4;2;1
202300013809;155 656 057;10;0;1;2;1;1
202300013810;155 656 055;7;0;0;3;1;0
202300013810;155 656 056;7;0;2;3;13;0
202300013811;155 656 053;34;0;2;8;18;1
202300013811;155 656 054;7;0;2;7;23;1
202300013812;155 656 052;7;0;1;1;19;1
202300013813;155 656 051;7;0;1;0;0;2
202300013814;155 656 050;0;0;1;1;1;1
202300013815;155 656 049;7;16;0;7;1;6
202300013816;155 656 048;33;12;0;2;26;1
202300013817;155 656 047;10;9;0;1;2;1
202300013818;155 656 045;50;1;2;6;2;3
202300013818;155 656 046;7;0;2;6;23;0
202300013819;155 656 043;7;0;2;1;2;1
202300013819;155 656 044;7;0;0;4;2;1
202300013820;155 656 041;7;0;2;3;13;1
202300013820;155 656 042;7;0;2;3;1;1
202300013821;155 656 040;7;4;0;1;1;1
202300013822;155 656 038;31;11;2;7;17;1
202300013822;155 656 039;7;0;2;8;13;1
202300013823;155 656 036;7;0;2;1;0;1
202300013823;155 656 037;7;0;2;7;19;1
202300013824;155 656 034;7;0;2;1;19;1
202300013824;155 656 035;7;0;2;6;1;1
202300013825;155 656 033;7;1;0;2;0;1
202300013826;155 656 031;7;0;2;3;15;0
202300013826;155 656 032;32;0;2;7;17;0
202300013827;155 656 030;2;0;0;8;1;1
202300013828;155 656 028;7;0;2;3;9;1
202300013828;155 656 029;7;0;2;1;9;1
202300013829;155 656 026;7;0;2;2;15;1
202300013829;155 656 027;33;0;2;8;1;1
202300013830;155 656 024;7;0;2;8;1;1
202300013830;155 656 025;7;0;2;1;6;1
202300013831;155 656 022;7;0;2;1;9;1
202300013831;155 656 023;30;0;2;4;26;1
202300013832;155 656 020;10;0;2;2;15;3
202300013832;155 656 021;34;0;2;1;1;1
202300013833;155 656 017;7;0;2;1;14;1
202300013833;155 656 018;7;0;2;5;14;1
202300013833;155 656 019;10;0;9;4;14;1
202300013834;155 656 016;7;0;1;1;16;1
202300013835;155 656 015;34;12;0;0;1;1
202300013836;155 656 013;7;0;2;1;15;1
202300013836;155 656 014;30;0;2;4;1;1
202300013837;155 656 011;33;0;2;4;16;1
202300013837;155 656 012;32;0;2;1;1;1
202300013838;155 656 009;1;0;2;3;1;5
202300013838;155 656 010;7;0;2;2;12;1
202300013839;155 656 007;7;0;2;6;11;1
202300013839;155 656 008;33;0;2;0;0;1
202300013840;155 656 005;7;0;2;3;1;1
202300013840;155 656 006;30;0;2;2;17;1
202300013841;155 656 004;7;0;0;1;1;1
202300013842;155 656 003;80;1;0;1;14;3
202300013843;155 656 001;7;0;2;1;2;1
202300013843;155 656 002;7;0;2;4;2;1
202300013844;155 656 000;7;14;0;8;13;1
202300013845;155 655 998;1;0;2;8;1;5
202300013845;155 655 999;7;0;2;2;15;0
202300013846;155 655 997;7;6;0;1;1;1
202300013847;155 655 996;7;0;1;1;2;1
202300013848;155 655 991;7;0;2;1;5;1
202300013848;155 655 992;2;0;2;1;15;1
202300013849;155 655 989;7;0;2;1;1;1
202300013849;155 655 990;7;0;2;1;15;1
202300013850;155 655 987;80;0;2;1;1;3
202300013850;155 655 988;7;0;2;7;1;1
202300013851;155 655 985;32;0;2;1;1;1
202300013851;155 655 986;7;0;2;0;0;1
202300013852;155 655 983;31;0;2;1;1;1
202300013852;155 655 984;7;0;2;2;15;1
202300013853;155 655 981;7;0;2;4;1;1
202300013853;155 655 982;7;0;2;1;1;1
202300013854;155 655 979;33;13;2;1;1;1
202300013854;155 655 980;7;0;2;3;1;1
202300013855;155 655 977;33;0;2;1;1;1
202300013855;155 655 978;7;0;2;2;1;1
202300013856;155 655 976;7;0;1;1;1;1
202300013857;155 655 974;7;0;2;2;1;1
202300013857;155 655 975;31;0;2;1;1;1
202300013858;155 655 972;2;0;2;1;1;0
202300013858;155 655 973;7;0;0;0;0;1
202300013859;155 655 971;7;0;1;4;4;1
202300013860;155 655 968;10;0;2;4;9;0
202300013860;155 655 969;33;0;2;1;1;1
202300013861;155 655 966;31;0;2;6;11;1
202300013861;155 655 967;7;0;2;2;1;1
202300013862;155 655 963;10;0;2;3;1;1
202300013862;155 655 964;1;0;2;8;1;5
202300013862;155 655 965;7;0;2;2;15;1
202300013863;155 655 962;37;0;1;2;16;2
202300013864;155 655 961;1;0;0;0;2;5
202300013865;155 655 959;7;0;0;7;16;1
202300013865;155 655 960;1;0;2;1;1;5
202300013866;155 655 957;1;0;2;8;1;5
202300013866;155 655 958;80;0;2;7;17;3
202300013867;155 655 955;50;0;2;1;17;3
202300013867;155 655 956;34;0;2;3;11;1
202300013868;155 655 954;7;0;1;4;4;1
202300013869;155 655 953;7;4;0;1;14;1
202300013870;155 655 951;1;0;2;8;11;5
202300013870;155 655 952;37;0;2;7;7;1
202300013871;155 655 949;7;0;2;2;16;3
202300013871;155 655 950;1;0;2;1;1;5
202300013872;155 655 948;50;0;1;1;1;3
202300013873;155 655 946;7;0;2;1;2;1
202300013873;155 655 947;7;0;2;4;2;1
202300013874;155 655 945;33;0;0;1;1;1
202300013875;155 655 944;7;0;1;2;1;1
202300013876;155 655 941;32;0;2;3;18;1
202300013876;155 655 942;7;1;0;7;0;1
202300013876;155 655 943;7;1;0;2;16;1
202300013877;155 655 939;0;0;2;2;2;6
202300013877;155 655 940;42;0;2;3;1;1
202300013878;155 655 937;7;0;2;3;9;1
202300013878;155 655 938;7;0;2;2;1;1
202300013879;155 655 934;1;0;2;7;3;5