Num_Acc;id_vehicule;catv;obs;obsm;choc;manv;motor
202300014604;155 654 695;7;0;2;3;15;1
202300014605;155 654 689;42;0;2;8;1;1
202300014605;155 654 692;7;0;2;7;1;1
202300014606;155 654 688;7;0;1;1;15;1
202300014607;155 654 683;7;0;2;2;25;1
202300014607;155 654 685;50;0;2;1;25;3
202300014608;155 654 682;14;0;2;7;1;1
202300014608;155 654 686;33;0;2;1;9;1
202300014609;155 654 678;10;0;2;2;12;1
202300014609;155 654 681;33;0;2;3;3;1
202300014610;155 654 675;7;0;2;8;1;1
202300014610;155 654 679;7;0;2;5;1;1
202300014610;155 654 680;7;0;2;4;14;0
202300014610;155 654 684;10;0;2;1;1;1
202300014611;155 654 673;31;0;2;7;3;1
202300014611;155 654 677;7;0;2;3;11;1
202300014612;155 654 676;32;0;1;1;1;1
202300014613;155 654 667;7;0;2;4;2;1
202300014613;155 654 671;17;0;2;1;2;1
202300014614;155 654 668;7;0;2;8;11;1
202300014614;155 654 672;34;0;2;7;3;1
202300014615;155 654 669;7;0;2;1;1;1
202300014615;155 654 674;7;0;2;7;1;1
202300014616;155 654 666;7;0;2;3;1;1
202300014616;155 654 670;33;0;2;8;12;1
202300014617;155 654 664;1;0;2;8;18;5
202300014617;155 654 665;14;0;2;7;1;1
202300014618;155 654 660;7;4;2;1;2;1
202300014618;155 654 663;7;4;2;4;2;1
202300014619;155 654 658;7;0;2;4;1;1
202300014619;155 654 661;31;0;2;1;3;1
202300014620;155 654 656;7;0;2;5;12;2
202300014620;155 654 659;33;0;2;1;3;1
202300014620;155 654 662;14;0;2;8;1;1
202300014621;155 654 657;7;14;0;1;1;1
202300014622;155 654 653;33;4;2;8;1;1
202300014622;155 654 655;7;3;2;7;12;1
202300014623;155 654 650;7;0;2;1;2;1
202300014623;155 654 654;7;0;2;4;2;1
202300014624;155 654 651;7;7;0;1;13;1
202300014625;155 654 646;13;0;2;2;12;1
202300014625;155 654 647;7;0;2;6;1;3
202300014626;155 654 644;7;0;2;1;9;1
202300014626;155 654 649;33;0;0;5;1;1
202300014627;155 654 640;7;0;2;8;23;1
202300014627;155 654 643;33;1;2;1;1;1
202300014627;155 654 645;7;0;2;1;12;1
202300014628;155 654 637;7;0;2;2;12;1
202300014628;155 654 641;33;0;2;3;3;1
202300014629;155 654 633;7;0;2;1;2;1
202300014629;155 654 636;7;0;0;4;2;1
202300014630;155 654 631;33;0;2;1;3;1
202300014630;155 654 635;7;0;2;3;11;1
202300014630;155 654 638;7;0;2;4;1;3
202300014631;155 654 634;2;0;2;1;1;1
202300014631;155 654 639;7;0;2;3;1;1
202300014631;155 654 642;7;0;2;6;24;1
202300014632;155 654 629;2;0;2;4;1;1
202300014632;155 654 632;7;0;2;3;2;1
202300014633;155 654 625;7;0;2;1;2;1
202300014633;155 654 628;7;0;2;6;18;1
202300014633;155 654 630;15;0;2;2;12;1
202300014634;155 654 627;33;13;0;1;2;1
202300014635;155 654 624;7;0;2;8;11;1
202300014635;155 654 626;33;0;2;7;3;1
202300014636;155 654 623;1;0;1;1;1;5
202300014637;155 654 620;7;0;1;3;1;1
202300014638;155 654 622;10;0;1;3;1;1
202300014639;155 654 619;33;0;2;1;18;1
202300014639;155 654 621;7;0;2;2;12;1
202300014640;155 654 616;7;0;2;4;2;1
202300014640;155 654 618;7;0;2;1;2;2
202300014641;155 654 617;33;0;1;2;0;0
202300014642;155 654 613;7;0;2;2;12;1
202300014642;155 654 615;33;0;2;1;3;1
202300014643;155 654 611;7;0;2;5;16;1
202300014643;155 654 614;50;0;2;1;1;3
202300014644;155 654 609;7;0;2;5;1;1
202300014644;155 654 612;33;0;2;3;3;1
202300014645;155 654 606;10;0;2;4;2;1
202300014645;155 654 608;7;0;2;1;1;1
202300014646;155 654 607;7;0;2;7;2;1
202300014646;155 654 610;7;0;2;1;1;1
202300014647;155 654 604;2;0;4;1;15;1
202300014647;155 654 605;40;0;2;2;1;3
202300014648;155 654 601;32;0;2;3;1;1
202300014648;155 654 602;7;0;2;7;12;1
202300014649;155 654 600;7;0;2;3;2;1
202300014649;155 654 603;7;0;2;5;2;1
202300014650;155 654 599;30;0;1;0;0;1
202300014651;155 654 598;7;9;0;3;1;1
202300014652;155 654 597;7;4;0;3;1;1
202300014653;155 654 594;7;0;2;1;2;1
202300014653;155 654 596;14;0;2;4;2;1
202300014654;155 654 593;50;0;1;1;2;3
202300014655;155 654 592;7;0;2;1;19;2
202300014655;155 654 595;50;0;2;7;5;3
202300014656;155 654 589;7;0;2;3;11;1
202300014656;155 654 590;33;0;2;2;3;1
202300014657;155 654 588;7;0;2;8;1;1
202300014657;155 654 591;14;0;2;3;21;1
202300014658;155 654 585;33;0;2;3;19;1
202300014658;155 654 587;1;0;2;0;19;5
202300014659;155 654 581;7;4;2;8;11;1
202300014659;155 654 584;33;4;2;1;3;1
202300014660;155 654 583;7;0;2;4;1;0
202300014660;155 654 586;7;0;2;1;1;0
202300014661;155 654 579;33;14;0;0;1;1
202300014662;155 654 578;7;0;2;4;1;1
202300014662;155 654 580;15;0;2;1;1;1
202300014662;155 654 582;10;0;2;4;1;1
202300014663;155 654 577;7;4;0;3;21;1
202300014664;155 654 576;7;14;0;0;0;0
202300014665;155 654 574;50;0;0;1;1;3
202300014666;155 654 573;7;0;2;2;12;1
202300014666;155 654 575;33;0;2;1;1;1
202300014667;155 654 571;33;0;2;1;3;1
202300014667;155 654 572;7;0;2;3;11;1
202300014668;155 654 569;7;0;1;1;16;1
202300014669;155 654 570;2;0;1;1;1;1
202300014670;155 654 566;1;0;1;1;1;5
202300014671;155 654 567;7;0;2;1;5;1
202300014671;155 654 568;37;0;2;3;5;1
202300014672;155 654 564;7;0;2;3;1;1
202300014672;155 654 565;7;0;2;5;1;1
202300014673;155 654 562;7;1;0;1;1;1
202300014674;155 654 561;50;0;2;1;1;3
202300014674;155 654 563;7;0;2;2;16;1
202300014675;155 654 558;10;0;1;4;4;1
202300014676;155 654 555;3;1;0;3;20;1
202300014676;155 654 557;30;1;2;2;1;1
202300014677;155 654 556;2;0;2;1;1;1
202300014677;155 654 560;7;0;2;5;15;1
202300014678;155 654 549;7;0;0;0;20;0
202300014678;155 654 551;1;0;2;1;26;5
202300014679;155 654 548;7;0;2;3;3;1
202300014679;155 654 553;10;0;2;8;2;1
202300014679;155 654 554;7;0;2;5;2;1
202300014680;155 654 547;2;0;2;3;9;1
202300014680;155 654 550;2;0;0;1;9;6
202300014681;155 654 552;10;0;2;1;1;1
202300014681;155 654 559;7;0;2;4;1;1
202300014682;155 654 544;33;0;2;1;1;1
202300014682;155 654 546;7;0;2;3;13;1
202300014683;155 654 545;33;0;1;3;1;1
202300014684;155 654 541;30;0;2;8;2;3
202300014684;155 654 543;13;0;2;7;2;1
202300014685;155 654 542;7;14;0;1;1;1
202300014686;155 654 540;7;0;1;3;15;1
202300014687;155 654 536;7;0;9;6;15;1
202300014687;155 654 538;60;0;2;1;1;5
202300014688;155 654 535;7;0;2;3;1;1
202300014688;155 654 537;37;0;2;3;15;1
202300014689;155 654 533;33;0;2;1;3;1
202300014689;155 654 539;10;0;2;5;12;1
202300014690;155 654 531;7;0;2;1;1;1
202300014690;155 654 534;7;0;0;4;15;1
202300014691;155 654 530;2;0;2;8;18;1
202300014691;155 654 532;7;0;2;3;15;1
202300014692;155 654 528;32;6;0;1;1;6
202300014693;155 654 527;43;0;0;8;1;1
202300014694;155 654 526;99;0;2;1;0;0
202300014694;155 654 529;99;0;2;0;0;0
202300014695;155 654 525;7;1;0;0;1;1
202300014696;155 654 524;7;13;0;9;1;1
202300014697;155 654 522;7;0;2;6;9;1
202300014697;155 654 523;33;0;2;1;2;1
202300014698;155 654 521;30;0;1;1;9;1
202300014699;155 654 520;7;2;0;9;12;1
202300014700;155 654 517;7;0;2;6;15;1
202300014700;155 654 519;80;0;2;1;2;3
202300014701;155 654 516;33;0;2;0;26;1
202300014702;155 654 515;7;0;1;2;15;1
202300014703;155 654 513;7;0;2;6;1;1
202300014703;155 654 514;7;0;2;1;1;2
202300014703;155 654 518;7;0;2;1;1;1
202300014704;155 654 511;34;0;1;1;7;1
202300014705;155 654 507;33;1;2;1;16;1
202300014705;155 654 510;10;0;2;1;13;1
202300014706;155 654 506;7;0;2;1;9;1
202300014706;155 654 509;7;0;2;3;9;1
202300014707;155 654 503;30;0;2;7;17;1
202300014707;155 654 505;7;0;2;8;1;1
202300014708;155 654 500;1;0;2;1;13;5
202300014708;155 654 504;10;0;2;2;2;1
202300014709;155 654 501;7;0;0;1;1;1
202300014709;155 654 508;7;0;0;1;1;1
202300014709;155 654 512;7;0;0;1;13;1
202300014710;155 654 499;30;0;0;0;0;1
202300014711;155 654 498;7;0;2;1;2;1
202300014711;155 654 502;10;0;2;4;2;1
202300014712;155 654 497;7;0;0;1;14;1
202300014713;155 654 491;3;0;2;1;2;1
202300014713;155 654 494;7;0;2;4;2;1
202300014714;155 654 490;31;0;2;1;15;1
202300014714;155 654 495;7;0;2;3;15;1
202300014715;155 654 492;7;0;1;3;1;1
202300014716;155 654 489;7;0;0;1;1;1
202300014716;155 654 493;7;0;0;1;5;1
202300014716;155 654 496;7;0;0;3;1;1
202300014717;155 654 488;32;14;0;1;26;1
202300014718;155 654 483;7;0;1;2;17;1
202300014719;155 654 485;7;0;2;2;17;1
202300014719;155 654 487;80;0;2;8;13;3
202300014720;155 654 481;7;0;2;5;19;1
202300014720;155 654 486;10;0;2;2;1;1
202300014721;155 654 482;7;0;1;3;1;1
202300014722;155 654 480;7;0;2;2;2;0
202300014722;155 654 484;1;0;0;1;2;5
202300014723;155 654 475;1;0;2;2;1;5
202300014723;155 654 477;7;0;2;2;15;1
202300014724;155 654 476;34;0;1;2;3;1
202300014725;155 654 474;7;17;0;1;1;1
202300014726;155 654 467;2;15;0;1;5;1
202300014727;155 654 471;7;0;0;6;15;0
202300014727;155 654 473;7;0;0;1;17;0
202300014728;155 654 464;7;0;1;1;1;1
202300014729;155 654 465;7;4;2;1;11;1
202300014729;155 654 469;7;4;2;2;0;2
202300014730;155 654 463;33;13;0;0;16;1
202300014731;155 654 462;1;0;0;0;1;5
202300014732;155 654 457;7;0;2;1;13;1
202300014732;155 654 460;7;0;2;6;1;1
202300014733;155 654 458;7;0;2;1;15;0
202300014733;155 654 461;32;0;2;1;1;3
202300014734;155 654 455;7;0;2;3;13;1
202300014734;155 654 459;2;0;2;1;1;1
202300014735;155 654 454;2;14;0;1;1;1
202300014736;155 654 452;7;0;2;2;2;1
202300014736;155 654 453;7;0;2;9;2;1
202300014736;155 654 456;7;0;2;5;2;1
202300014737;155 654 448;7;0;9;3;15;1
202300014737;155 654 450;80;0;2;1;1;3
202300014738;155 654 442;33;0;0;0;0;1
202300014738;155 654 447;7;0;2;3;10;1
202300014739;155 654 443;7;0;2;3;21;1
202300014739;155 654 445;99;0;0;8;1;1
202300014740;155 654 441;7;0;2;1;5;0
202300014740;155 654 444;7;0;2;1;2;0
202300014741;155 654 438;7;0;0;1;2;1
202300014741;155 654 440;7;0;0;4;2;1
202300014742;155 654 439;7;0;0;1;0;1
202300014743;155 654 435;1;0;2;1;1;5
202300014743;155 654 437;7;0;2;8;1;1
202300014744;155 654 436;7;6;0;1;17;1
202300014745;155 654 429;10;0;2;1;1;1
202300014745;155 654 433;7;0;2;4;15;1
202300014746;155 654 428;7;0;2;1;5;1
202300014746;155 654 432;7;0;2;3;1;1
202300014747;155 654 430;7;0;2;1;21;1
202300014747;155 654 434;7;0;2;1;1;1
202300014748;155 654 426;50;0;2;7;15;3
202300014748;155 654 431;37;0;2;1;1;1
202300014749;155 654 424;31;0;2;1;1;1
202300014749;155 654 427;80;0;2;6;15;3
202300014750;155 654 423;7;0;2;1;1;1
202300014750;155 654 425;17;0;2;4;1;1
202300014751;155 654 420;34;12;0;1;14;1
202300014752;155 654 419;7;0;2;2;15;2
202300014752;155 654 421;2;0;2;1;3;1
202300014753;155 654 418;7;0;9;1;16;0
202300014753;155 654 422;50;0;2;7;19;3
202300014754;155 654 411;2;0;2;1;13;1
202300014754;155 654 414;37;0;2;1;1;1
202300014755;155 654 412;7;0;2;2;17;1
202300014755;155 654 415;7;0;2;6;2;1
202300014756;155 654 410;7;0;2;1;1;1
202300014756;155 654 416;80;0;2;0;19;3
202300014757;155 654 409;7;0;2;8;1;0
202300014757;155 654 417;10;0;2;2;1;0
202300014758;155 654 408;7;0;2;7;10;1
202300014758;155 654 413;7;0;2;1;1;1
202300014759;155 654 406;7;3;0;1;16;1
202300014760;155 654 404;15;3;2;1;6;1
202300014760;155 654 407;15;0;2;1;1;1
202300014761;155 654 405;7;13;0;2;14;1
202300014762;155 654 403;7;2;0;1;14;1
202300014763;155 654 401;50;0;2;1;1;0
202300014763;155 654 402;7;0;9;5;16;0
202300014764;155 654 399;10;4;0;3;13;1
202300014765;155 654 398;33;12;0;0;1;1
202300014766;155 654 397;34;0;2;7;3;1
202300014766;155 654 400;7;0;2;3;15;1
202300014767;155 654 396;7;13;0;0;0;0
202300014768;155 654 394;7;15;0;1;14;1
202300014769;155 654 388;7;0;2;1;2;1
202300014769;155 654 393;7;0;0;4;26;1
202300014770;155 654 390;7;1;0;2;14;1
202300014770;155 654 395;7;0;2;6;0;1
202300014771;155 654 389;7;0;0;0;0;1
202300014772;155 654 391;7;0;2;3;9;1
202300014772;155 654 392;33;0;2;1;1;1
202300014773;155 654 386;1;0;2;4;1;5
202300014773;155 654 387;7;0;2;4;15;1
202300014774;155 654 385;50;1;0;0;1;3
202300014775;155 654 381;32;0;1;3;17;1
202300014776;155 654 382;7;0;1;3;1;1
202300014777;155 654 380;7;0;2;1;1;1
202300014777;155 654 383;7;0;2;1;1;1
202300014778;155 654 378;31;0;1;1;16;1
202300014779;155 654 376;15;3;0;1;0;1
202300014780;155 654 375;32;0;2;1;1;1
202300014780;155 654 377;7;0;2;6;23;1
202300014781;155 654 368;7;0;1;1;1;1
202300014782;155 654 370;1;0;0;1;2;5
202300014782;155 654 374;7;0;2;4;4;1
202300014783;155 654 366;7;0;2;4;2;1
202300014783;155 654 369;7;0;2;4;2;2
202300014783;155 654 373;7;0;2;1;2;0
202300014783;155 654 379;7;0;2;9;2;1
202300014783;155 654 384;7;0;2;4;2;0
202300014784;155 654 365;2;0;2;3;1;1
202300014784;155 654 371;10;0;2;2;9;1
202300014785;155 654 367;10;0;1;1;23;1
202300014785;155 654 372;7;0;2;1;2;1
202300014786;155 654 363;7;0;2;5;15;1
202300014786;155 654 364;33;0;2;1;1;1
202300014787;155 654 362;33;4;0;8;1;1
202300014788;155 654 360;7;13;0;1;1;0
202300014789;155 654 359;7;0;2;1;15;1
202300014789;155 654 361;33;0;2;1;17;1
202300014790;155 654 358;7;0;1;3;1;1
202300014791;155 654 357;7;6;0;1;0;1
202300014792;155 654 347;1;0;2;1;1;5
202300014792;155 654 351;10;0;2;2;1;1
202300014793;155 654 346;1;0;2;1;16;5
202300014793;155 654 353;7;0;2;2;15;1
202300014794;155 654 344;7;0;2;4;1;1
202300014794;155 654 349;7;0;2;4;0;1
202300014794;155 654 355;7;0;2;1;0;0
202300014794;155 654 356;7;0;2;1;1;1
202300014795;155 654 343;7;0;2;9;13;1
202300014795;155 654 350;7;0;2;1;18;1
202300014795;155 654 354;7;0;2;1;1;1
202300014796;155 654 342;7;0;2;4;2;1
202300014796;155 654 345;7;0;2;4;2;1
202300014796;155 654 348;7;0;2;4;2;1
202300014796;155 654 352;7;0;2;1;2;1
202300014797;155 654 341;7;8;0;1;0;0
202300014798;155 654 340;33;0;1;1;1;1
202300014799;155 654 339;10;3;0;0;26;1
202300014800;155 654 337;7;9;2;1;1;1
202300014800;155 654 338;7;0;2;2;15;1
202300014801;155 654 336;14;0;1;1;1;1
202300014802;155 654 335;10;0;1;1;1;1
202300014803;155 654 334;7;8;0;1;1;1
202300014804;155 654 330;7;0;2;2;15;1
202300014804;155 654 332;1;0;2;1;1;5
202300014805;155 654 327;7;0;2;3;15;1
202300014805;155 654 333;7;0;2;2;1;1
202300014806;155 654 328;7;0;2;1;2;1
202300014806;155 654 331;7;0;2;4;2;1
202300014807;155 654 322;33;0;0;8;1;1
202300014808;155 654 320;7;14;2;4;23;1
202300014808;155 654 324;7;14;2;1;2;1
202300014809;155 654 323;7;13;2;3;1;1
202300014809;155 654 325;7;13;2;3;13;1
202300014810;155 654 321;7;0;0;7;1;1
202300014811;155 654 314;7;0;2;2;1;1
202300014811;155 654 318;7;0;2;3;9;1
202300014812;155 654 313;15;0;2;1;1;1
202300014812;155 654 319;10;0;2;4;1;1
202300014813;155 654 315;2;11;0;1;17;1
202300014814;155 654 312;7;0;2;0;1;0
202300014814;155 654 317;33;0;2;8;1;1
202300014815;155 654 311;7;0;2;8;1;1
202300014815;155 654 316;7;0;2;1;1;1
202300014816;155 654 307;7;13;0;9;1;1
202300014817;155 654 306;7;0;2;2;1;1
202300014817;155 654 310;32;0;2;6;1;1
202300014818;155 654 305;2;0;2;2;1;1
202300014818;155 654 308;7;0;2;3;10;1
202300014819;155 654 304;7;0;2;4;1;1
202300014819;155 654 309;7;0;2;1;1;1
202300014820;155 654 301;34;0;0;7;1;1
202300014821;155 654 296;7;0;1;1;15;1
202300014822;155 654 298;7;8;0;2;0;1
202300014823;155 654 295;7;0;2;1;1;1
202300014823;155 654 297;7;0;2;4;1;1
202300014823;155 654 300;7;0;2;9;1;1
202300014824;155 654 294;7;0;1;3;1;1
202300014825;155 654 293;7;0;2;1;1;1
202300014826;155 654 291;2;0;1;1;1;1
202300014827;155 654 287;7;0;2;1;2;1
202300014827;155 654 292;7;0;2;4;2;1
202300014827;155 654 299;7;0;2;4;2;1
202300014827;155 654 302;7;0;2;4;2;1
202300014827;155 654 303;7;0;0;4;2;1
202300014828;155 654 284;7;0;1;2;15;1
202300014829;155 654 283;31;0;2;7;1;1
202300014829;155 654 289;7;0;2;1;1;0
202300014830;155 654 282;50;0;2;1;5;3
202300014830;155 654 286;7;0;2;1;1;1
202300014831;155 654 281;50;0;0;0;1;3
202300014832;155 654 280;7;13;0;2;0;1
202300014833;155 654 277;10;0;1;1;1;1
202300014834;155 654 276;7;0;2;7;17;1
202300014834;155 654 279;30;0;2;8;1;1
202300014835;155 654 275;1;0;2;1;26;5
202300014835;155 654 278;33;0;2;0;1;1
202300014836;155 654 273;7;3;0;9;1;1
202300014837;155 654 268;7;0;2;1;2;1
202300014837;155 654 270;7;0;2;6;1;1
202300014838;155 654 266;7;8;2;1;6;1
202300014838;155 654 271;10;15;2;0;0;1
202300014838;155 654 274;7;0;2;8;1;1
202300014839;155 654 264;7;0;2;3;13;1
202300014839;155 654 267;17;0;2;1;1;1
202300014840;155 654 263;7;3;0;1;1;1
202300014841;155 654 260;10;0;2;3;13;1
202300014841;155 654 265;10;0;2;3;1;1
202300014842;155 654 259;7;0;2;3;15;3
202300014842;155 654 262;50;0;2;1;1;3
202300014843;155 654 257;50;0;0;1;1;3
202300014843;155 654 261;7;0;9;2;15;1
202300014844;155 654 258;30;0;0;7;16;1
202300014845;155 654 256;7;0;1;1;1;1
202300014846;155 654 253;7;0;0;2;1;0
202300014847;155 654 254;7;0;1;1;1;1
202300014848;155 654 251;7;10;0;3;13;1
202300014849;155 654 250;10;0;2;1;1;1
202300014849;155 654 255;7;0;2;3;15;1
202300014850;155 654 249;7;0;2;3;1;1
202300014850;155 654 252;7;0;2;3;13;0
202300014851;155 654 247;7;0;1;3;1;1
202300014852;155 654 246;1;0;2;4;15;5
202300014852;155 654 248;33;0;2;7;1;1
202300014853;155 654 244;7;8;0;1;14;1
202300014854;155 654 245;10;0;1;1;19;1
202300014855;155 654 242;7;0;0;5;1;1
202300014855;155 654 243;7;0;0;6;2;1
202300014856;155 654 238;7;0;2;1;9;0
202300014856;155 654 241;2;0;2;1;1;0
202300014857;155 654 239;1;0;0;0;-1;5
202300014858;155 654 237;7;0;2;2;1;1
202300014858;155 654 240;7;0;2;2;1;1
202300014859;155 654 234;7;0;2;8;13;1
202300014859;155 654 236;33;0;2;1;1;1
202300014860;155 654 231;7;4;2;1;2;1
202300014860;155 654 235;10;0;2;4;1;1
202300014861;155 654 233;2;0;1;1;1;0
202300014862;155 654 229;10;0;2;4;2;0
202300014862;155 654 232;17;0;2;1;2;1
202300014863;155 654 228;7;0;2;6;1;1
202300014863;155 654 230;7;2;2;3;1;1
202300014864;155 654 224;7;0;2;1;16;1
202300014864;155 654 227;33;0;2;1;2;1
202300014865;155 654 221;7;0;1;2;1;1
202300014866;155 654 220;7;0;2;1;13;1
202300014866;155 654 225;7;0;2;1;2;1
202300014867;155 654 223;33;0;2;2;17;1
202300014867;155 654 226;7;0;2;6;11;1
202300014868;155 654 219;7;0;1;2;1;1
202300014869;155 654 215;50;0;0;6;2;3
202300014869;155 654 218;7;0;9;3;2;1
202300014870;155 654 210;33;0;2;1;17;1
202300014870;155 654 212;10;16;0;3;15;1
202300014871;155 654 211;50;0;2;1;1;3
202300014871;155 654 216;7;0;2;6;1;1
202300014872;155 654 214;31;0;0;0;1;1
202300014873;155 654 207;7;0;2;1;1;1
202300014873;155 654 209;7;0;2;4;1;1
202300014874;155 654 213;33;0;2;1;1;0
202300014874;155 654 217;7;0;2;4;1;1
202300014875;155 654 206;33;15;0;1;26;1
202300014876;155 654 203;10;0;2;1;1;1
202300014876;155 654 208;7;0;2;5;1;1
202300014877;155 654 200;7;0;2;2;13;1
202300014877;155 654 201;7;0;2;1;1;1
202300014878;155 654 194;7;0;1;2;1;1
202300014879;155 654 193;50;0;2;1;0;3
202300014879;155 654 196;7;0;2;7;9;0
202300014880;155 654 195;7;0;1;3;1;0
202300014881;155 654 189;7;0;2;8;9;1
202300014881;155 654 192;2;0;2;1;1;1
202300014882;155 654 188;7;0;2;2;13;1
202300014882;155 654 191;7;0;2;3;1;1
202300014882;155 654 198;7;0;2;6;23;2
202300014883;155 654 187;33;0;2;1;17;1
202300014883;155 654 190;7;0;2;8;15;1
202300014884;155 654 183;30;0;2;6;2;1
202300014884;155 654 185;7;0;2;8;0;1
202300014884;155 654 186;7;0;2;6;0;1
202300014885;155 654 184;7;14;0;1;0;1
202300014886;155 654 182;7;13;0;8;13;1
202300014887;155 654 178;7;0;2;3;2;1
202300014887;155 654 181;1;0;2;0;9;5
202300014888;155 654 177;1;0;2;1;1;5
202300014888;155 654 180;10;0;2;8;15;1
202300014889;155 654 176;7;0;0;2;1;1
202300014890;155 654 175;7;0;2;1;0;1
202300014890;155 654 179;1;0;2;0;0;5
202300014891;155 654 172;10;6;2;1;9;1
202300014891;155 654 174;7;0;2;3;9;1
202300014892;155 654 170;7;0;2;1;13;0
202300014892;155 654 173;43;0;2;1;1;1
202300014893;155 654 169;7;0;2;1;1;3
202300014893;155 654 171;33;0;2;4;1;1
202300014894;155 654 168;7;0;1;1;15;1
202300014895;155 654 165;7;0;2;1;1;0
202300014895;155 654 166;10;0;2;5;9;0
202300014896;155 654 164;7;0;2;2;1;1
202300014896;155 654 167;1;0;2;1;1;5
202300014897;155 654 162;31;0;1;1;25;1
202300014898;155 654 161;7;0;1;2;1;1
202300014899;155 654 159;2;0;0;0;1;1
202300014900;155 654 157;7;0;1;2;1;1
202300014901;155 654 156;7;0;2;1;9;1
202300014901;155 654 158;7;0;2;7;9;1
202300014902;155 654 160;7;0;2;1;2;1
202300014902;155 654 163;7;0;2;4;2;1
202300014903;155 654 155;30;0;0;1;1;1
202300014904;155 654 154;7;0;1;1;15;1
202300014905;155 654 152;7;0;1;1;1;1
202300014906;155 654 151;30;0;0;0;1;1
202300014907;155 654 150;7;0;2;1;1;1
202300014907;155 654 153;7;0;2;4;9;1
202300014908;155 654 147;32;0;2;1;1;1
202300014908;155 654 149;7;0;2;8;10;1
202300014909;155 654 146;7;0;0;3;1;1
202300014910;155 654 145;1;0;2;4;1;5
202300014910;155 654 148;33;0;2;1;21;1
202300014911;155 654 141;7;0;2;3;1;1
202300014911;155 654 144;7;0;0;4;1;1
202300014912;155 654 139;7;0;2;5;24;1
202300014912;155 654 142;2;1;2;1;1;1
202300014912;155 654 143;10;0;2;8;4;1
202300014913;155 654 137;33;0;2;8;1;1
202300014913;155 654 140;7;0;2;1;15;1
202300014914;155 654 136;2;0;2;1;1;1
202300014914;155 654 138;7;0;2;7;15;1
202300014915;155 654 134;7;0;1;1;9;1
202300014916;155 654 132;7;0;2;4;2;1
202300014916;155 654 135;33;0;2;1;2;1
202300014917;155 654 129;7;0;2;3;10;1
202300014917;155 654 131;33;0;2;1;21;1
202300014918;155 654 127;33;15;2;1;1;1
202300014918;155 654 130;7;0;2;6;15;3
202300014918;155 654 133;7;0;2;3;1;1
202300014919;155 654 126;31;0;2;1;17;1
202300014919;155 654 128;3;0;2;8;15;1
202300014920;155 654 124;7;3;0;2;1;3
202300014921;155 654 123;2;0;0;0;26;1
202300014922;155 654 125;7;0;1;2;1;1
202300014923;155 654 117;33;0;2;8;1;1
202300014923;155 654 121;7;0;2;2;14;1
202300014924;155 654 118;33;0;2;8;1;1
202300014924;155 654 120;10;0;2;1;15;1
202300014925;155 654 115;10;0;2;1;1;1
202300014925;155 654 116;10;15;2;4;1;1
202300014926;155 654 114;7;11;0;9;1;1
202300014927;155 654 119;7;0;2;4;20;0
202300014927;155 654 122;1;0;2;7;1;5
202300014928;155 654 113;7;6;0;1;0;1
202300014929;155 654 110;7;0;2;1;26;1
202300014929;155 654 112;2;0;2;1;1;1
202300014930;155 654 105;33;0;2;0;1;1
202300014930;155 654 107;30;0;2;0;0;0
202300014931;155 654 106;7;9;0;1;6;1
202300014932;155 654 103;60;0;1;0;0;5
202300014933;155 654 104;33;0;0;3;2;1
202300014933;155 654 108;7;0;2;3;13;1
202300014934;155 654 101;30;0;2;1;1;1
202300014934;155 654 102;7;0;2;5;1;1
202300014935;155 654 100;50;0;1;0;7;3
202300014936;155 654 096;33;0;0;5;9;1
202300014936;155 654 099;7;0;0;3;1;3
202300014937;155 654 094;7;0;2;1;1;1
202300014937;155 654 095;7;0;1;1;23;1
202300014938;155 654 093;7;0;2;4;1;1
202300014938;155 654 097;7;0;2;1;1;1
202300014938;155 654 098;7;0;2;4;1;1
202300014939;155 654 091;7;0;2;3;13;1
202300014939;155 654 092;7;0;2;1;26;1
202300014940;155 654 090;7;0;1;7;1;1
202300014941;155 654 085;1;0;2;7;19;5
202300014941;155 654 086;10;0;2;2;1;1
202300014942;155 654 084;7;0;2;3;9;1
202300014942;155 654 088;7;0;2;2;1;1
202300014943;155 654 087;7;0;2;1;2;1
202300014943;155 654 089;7;0;0;4;1;1
202300014944;155 654 082;0;12;0;0;26;0
202300014945;155 654 083;7;6;0;1;16;1
202300014946;155 654 078;7;0;0;0;0;1
202300014946;155 654 079;31;0;2;1;21;1
202300014947;155 654 080;7;0;2;3;5;0
202300014947;155 654 081;7;0;2;8;1;0
202300014948;155 654 077;7;0;1;3;1;0
202300014949;155 654 075;7;0;1;1;15;0
202300014950;155 654 074;7;0;1;1;16;1
202300014951;155 654 072;7;1;0;2;14;1
202300014952;155 654 071;7;0;1;1;1;1
202300014953;155 654 073;7;0;2;3;1;1
202300014953;155 654 076;33;0;2;1;0;1
202300014954;155 654 070;34;0;0;7;1;1
202300014955;155 654 064;7;0;0;4;23;0
202300014955;155 654 065;7;0;2;1;2;0
202300014956;155 654 066;7;8;0;7;2;1
202300014957;155 654 063;50;0;2;1;19;3
202300014957;155 654 067;37;0;2;7;16;1
202300014958;155 654 062;7;1;0;7;19;0
202300014959;155 654 061;7;0;1;3;1;1
202300014960;155 654 060;7;0;1;3;1;1