Num_Acc;id_vehicule;catv;obs;obsm;choc;manv;motor
202300014961;155 654 059;60;8;0;0;14;5
202300014962;155 654 057;7;0;1;1;1;1
202300014963;155 654 053;7;0;2;1;2;1
202300014963;155 654 055;7;0;2;3;15;1
202300014964;155 654 052;7;0;2;4;23;1
202300014964;155 654 054;10;0;2;1;2;1
202300014965;155 654 051;15;0;9;7;15;1
202300014966;155 654 047;7;0;2;1;2;1
202300014966;155 654 049;7;0;2;7;2;1
202300014967;155 654 046;33;0;2;8;1;1
202300014967;155 654 050;7;0;2;3;15;1
202300014968;155 654 045;7;0;2;3;9;1
202300014968;155 654 048;2;0;2;7;1;1
202300014969;155 654 041;0;0;2;0;0;0
202300014969;155 654 043;10;0;2;5;1;1
202300014970;155 654 042;7;0;2;2;16;1
202300014970;155 654 044;1;0;2;6;1;5
202300014971;155 654 040;7;0;1;1;0;0
202300014972;155 654 038;7;0;1;2;13;1
202300014973;155 654 037;80;0;2;2;14;3
202300014973;155 654 039;7;0;2;3;1;2
202300014974;155 654 034;7;0;2;3;16;1
202300014974;155 654 036;37;0;2;2;1;1
202300014975;155 654 033;7;9;2;7;17;1
202300014975;155 654 035;7;9;2;6;15;1
202300014976;155 654 032;7;0;2;3;15;1
202300014977;155 654 029;7;0;1;2;1;3
202300014978;155 654 028;7;0;2;3;15;2
202300014978;155 654 031;34;0;2;2;17;1
202300014979;155 654 026;7;12;0;9;1;1
202300014980;155 654 030;10;0;0;7;26;1
202300014981;155 654 025;7;0;2;1;2;1
202300014981;155 654 027;7;0;2;4;2;1
202300014982;155 654 024;7;0;1;2;1;1
202300014983;155 654 023;0;0;1;1;1;0
202300014984;155 654 022;31;8;0;1;13;1
202300014985;155 654 019;7;0;2;2;1;1
202300014985;155 654 021;7;0;2;8;1;1
202300014986;155 654 018;7;0;2;3;15;1
202300014986;155 654 020;30;7;2;7;17;1
202300014987;155 654 015;7;0;2;3;9;1
202300014987;155 654 017;7;8;2;5;9;1
202300014988;155 654 014;7;0;2;1;1;1
202300014988;155 654 016;30;0;2;1;13;1
202300014989;155 654 011;7;11;0;1;19;1
202300014990;155 654 010;7;0;2;0;20;0
202300014990;155 654 012;7;0;2;1;1;1
202300014991;155 654 007;7;0;2;8;1;1
202300014991;155 654 009;10;0;2;2;1;1
202300014992;155 654 006;32;0;2;1;3;1
202300014992;155 654 008;7;0;2;3;12;1
202300014993;155 654 005;33;0;0;0;3;1
202300014994;155 654 004;7;3;0;1;6;1
202300014995;155 654 001;7;0;1;4;4;1
202300014996;155 654 000;43;0;2;7;3;1
202300014996;155 654 002;7;0;2;8;11;0
202300014997;155 653 999;33;0;2;1;1;0
202300014997;155 654 003;7;0;2;6;4;1
202300014998;155 653 997;1;0;2;1;1;5
202300014998;155 653 998;7;0;2;8;15;0
202300014999;155 653 996;7;4;0;1;1;1
202300015000;155 653 993;1;0;2;1;2;5
202300015000;155 653 994;1;0;2;4;2;5
202300015001;155 653 991;7;0;2;3;15;1
202300015001;155 653 992;7;0;2;3;1;1
202300015002;155 653 989;7;0;1;1;23;1
202300015002;155 653 995;7;14;0;1;2;3
202300015003;155 653 987;1;0;2;1;19;5
202300015003;155 653 990;7;0;2;2;1;1
202300015004;155 653 986;2;0;2;1;1;1
202300015004;155 653 988;7;0;2;3;15;1
202300015005;155 653 985;7;0;1;0;9;1
202300015006;155 653 982;80;0;2;8;1;3
202300015006;155 653 984;37;0;2;5;1;6
202300015007;155 653 981;7;0;2;1;1;1
202300015007;155 653 983;7;0;2;2;15;1
202300015008;155 653 980;7;8;0;1;1;1
202300015009;155 653 979;7;0;0;3;13;1
202300015010;155 653 977;7;0;2;3;15;1
202300015010;155 653 978;30;0;2;1;17;1
202300015011;155 653 976;7;0;1;0;15;1
202300015012;155 653 973;2;0;2;1;1;1
202300015012;155 653 975;7;0;2;3;1;1
202300015013;155 653 974;7;0;1;2;1;1
202300015014;155 653 972;7;0;1;7;1;3
202300015015;155 653 969;10;0;2;3;9;1
202300015015;155 653 971;2;0;2;1;3;1
202300015016;155 653 968;7;0;2;2;1;1
202300015016;155 653 970;32;0;2;8;10;1
202300015017;155 653 964;7;0;2;1;1;1
202300015017;155 653 967;7;0;2;1;15;1
202300015018;155 653 962;1;0;2;1;1;5
202300015018;155 653 965;7;0;2;7;22;1
202300015019;155 653 963;7;0;2;8;9;1
202300015019;155 653 966;2;0;2;1;9;1
202300015020;155 653 961;7;0;1;7;1;1
202300015021;155 653 959;7;1;0;2;14;2
202300015022;155 653 958;33;0;2;1;1;1
202300015022;155 653 960;10;0;2;2;15;1
202300015023;155 653 957;3;13;0;1;2;1
202300015024;155 653 955;7;0;1;1;1;1
202300015025;155 653 956;7;0;1;2;1;1
202300015026;155 653 950;7;0;2;4;26;1
202300015026;155 653 953;30;0;2;1;1;1
202300015027;155 653 951;3;0;0;4;0;3
202300015027;155 653 954;7;0;0;1;2;1
202300015028;155 653 949;1;1;0;8;1;5
202300015028;155 653 952;7;0;0;5;24;1
202300015029;155 653 948;7;0;1;2;1;1
202300015030;155 653 945;50;0;2;1;1;3
202300015030;155 653 946;1;0;2;8;9;5
202300015031;155 653 944;7;0;2;1;1;1
202300015031;155 653 947;7;0;2;8;1;1
202300015032;155 653 943;7;17;0;2;14;1
202300015033;155 653 942;1;12;0;8;1;5
202300015034;155 653 938;7;0;0;1;1;1
202300015034;155 653 941;7;0;0;2;15;1
202300015035;155 653 937;1;0;2;7;19;5
202300015035;155 653 940;7;0;2;1;15;2
202300015036;155 653 936;1;0;2;0;1;5
202300015036;155 653 939;7;0;2;3;22;2
202300015037;155 653 935;10;0;1;4;4;1
202300015038;155 653 933;32;0;1;1;1;1
202300015039;155 653 932;7;0;2;5;11;1
202300015039;155 653 934;34;0;2;2;1;1
202300015040;155 653 929;30;0;1;1;3;1
202300015041;155 653 928;7;0;2;1;1;1
202300015041;155 653 930;7;0;2;4;23;1
202300015042;155 653 927;7;0;2;1;1;1
202300015042;155 653 931;1;1;2;8;0;5
202300015043;155 653 926;7;0;1;2;1;1
202300015044;155 653 925;34;0;1;1;1;0
202300015045;155 653 923;7;0;2;3;16;1
202300015045;155 653 924;1;0;2;1;15;5
202300015046;155 653 920;33;0;2;7;17;1
202300015046;155 653 921;14;0;2;8;15;6
202300015047;155 653 919;7;0;2;3;1;1
202300015047;155 653 922;7;0;2;1;9;1
202300015048;155 653 918;7;2;0;1;15;2
202300015049;155 653 915;7;0;2;1;1;1
202300015049;155 653 916;7;0;2;4;1;1
202300015049;155 653 917;7;0;2;4;1;1
202300015050;155 653 914;30;9;0;1;26;0
202300015051;155 653 912;1;0;2;1;1;5
202300015051;155 653 913;7;0;2;4;23;1
202300015052;155 653 911;7;3;0;2;1;1
202300015053;155 653 910;1;0;0;1;1;5
202300015054;155 653 908;7;0;2;9;1;1
202300015054;155 653 909;7;0;2;1;15;1
202300015055;155 653 907;1;9;0;3;2;5
202300015056;155 653 906;32;0;0;2;1;1
202300015057;155 653 905;7;0;1;1;1;0
202300015058;155 653 903;7;0;2;8;15;0
202300015058;155 653 904;33;0;2;7;17;1
202300015059;155 653 901;7;0;2;1;13;1
202300015059;155 653 902;7;0;2;1;1;1
202300015060;155 653 899;33;0;2;0;26;1
202300015060;155 653 900;33;0;2;0;0;1
202300015061;155 653 896;7;0;2;3;15;1
202300015061;155 653 898;33;1;2;1;2;1
202300015062;155 653 895;32;0;2;1;2;1
202300015062;155 653 897;7;0;2;2;15;1
202300015063;155 653 894;7;1;0;2;5;1
202300015064;155 653 892;10;0;2;2;26;1
202300015064;155 653 893;0;0;2;0;19;0
202300015065;155 653 891;7;4;0;8;1;1
202300015066;155 653 888;33;0;9;1;1;0
202300015066;155 653 890;7;0;2;2;16;0
202300015067;155 653 887;7;0;2;3;15;1
202300015067;155 653 889;2;0;2;1;1;1
202300015068;155 653 884;36;16;0;0;1;1
202300015069;155 653 885;7;0;2;5;15;1
202300015069;155 653 886;80;0;2;1;1;3
202300015070;155 653 883;7;13;0;2;1;1
202300015071;155 653 881;33;0;0;0;0;0
202300015071;155 653 882;7;0;2;0;0;0
202300015072;155 653 880;7;13;0;9;1;1
202300015073;155 653 879;7;0;1;1;0;1
202300015074;155 653 875;7;0;2;1;1;1
202300015074;155 653 877;7;0;2;1;2;1
202300015074;155 653 878;7;3;2;4;0;1
202300015075;155 653 874;7;0;2;0;0;0
202300015075;155 653 876;7;6;0;5;19;1
202300015076;155 653 872;7;0;2;3;1;0
202300015076;155 653 873;7;0;2;3;1;0
202300015077;155 653 870;2;0;1;1;0;1
202300015078;155 653 869;7;0;2;7;1;0
202300015078;155 653 871;7;0;2;1;1;0
202300015079;155 653 867;7;0;2;3;1;0
202300015079;155 653 868;7;0;2;3;1;0
202300015080;155 653 866;7;0;1;1;1;1
202300015081;155 653 865;7;13;0;2;1;1
202300015082;155 653 864;33;0;0;0;0;0
202300015083;155 653 863;2;16;0;0;1;1
202300015084;155 653 862;7;0;2;2;14;1
202300015085;155 653 861;50;0;1;1;1;3
202300015086;155 653 858;7;0;2;1;1;1
202300015086;155 653 860;7;0;2;5;15;1
202300015087;155 653 856;7;0;2;3;1;1
202300015087;155 653 857;7;0;2;3;1;1
202300015087;155 653 859;7;0;9;3;1;1
202300015088;155 653 855;33;0;0;8;10;1
202300015089;155 653 851;7;8;0;8;26;1
202300015090;155 653 849;31;0;0;0;0;1
202300015091;155 653 848;7;0;2;8;15;1
202300015091;155 653 850;7;0;2;1;17;1
202300015092;155 653 846;7;0;2;1;15;1
202300015092;155 653 847;2;0;2;1;1;1
202300015093;155 653 844;7;0;2;1;1;1
202300015093;155 653 845;7;0;2;7;1;1
202300015094;155 653 843;33;13;0;0;1;0
202300015095;155 653 842;7;0;1;2;1;1
202300015096;155 653 841;2;0;0;0;26;1
202300015097;155 653 840;7;0;0;9;1;1
202300015098;155 653 838;7;0;2;2;1;1
202300015098;155 653 839;7;0;2;3;15;1
202300015099;155 653 836;7;0;2;1;13;0
202300015099;155 653 837;7;0;2;1;26;3
202300015100;155 653 835;31;0;1;1;3;1
202300015101;155 653 834;7;2;0;3;1;1
202300015102;155 653 832;7;0;0;3;0;0
202300015102;155 653 833;7;0;0;1;0;2
202300015103;155 653 831;7;13;0;0;0;1
202300015104;155 653 828;7;0;0;3;13;0
202300015104;155 653 830;33;0;0;7;2;0
202300015105;155 653 827;10;0;2;1;13;1
202300015105;155 653 829;7;0;2;1;1;1
202300015106;155 653 824;7;0;2;6;11;1
202300015106;155 653 826;33;0;2;2;17;1
202300015107;155 653 823;7;0;2;1;16;1
202300015107;155 653 825;7;0;2;2;1;1
202300015108;155 653 820;2;0;2;3;1;1
202300015108;155 653 821;7;0;2;2;15;1
202300015109;155 653 819;7;0;2;3;15;1
202300015109;155 653 822;7;0;2;2;1;1
202300015110;155 653 817;7;0;1;1;1;1
202300015111;155 653 816;7;0;2;1;2;1
202300015111;155 653 818;1;0;2;4;1;5
202300015112;155 653 814;7;0;2;1;1;1
202300015112;155 653 815;7;0;2;1;13;1
202300015113;155 653 813;7;8;0;1;1;1
202300015114;155 653 812;7;2;0;3;0;1
202300015115;155 653 809;33;0;2;1;1;1
202300015115;155 653 811;7;0;2;8;9;1
202300015116;155 653 806;33;0;0;1;1;1
202300015117;155 653 805;7;3;2;1;13;1
202300015117;155 653 807;7;0;2;1;1;1
202300015118;155 653 804;7;0;1;2;1;1
202300015119;155 653 802;7;8;0;7;1;1
202300015119;155 653 803;10;8;2;2;19;1
202300015120;155 653 800;7;0;1;1;26;1
202300015121;155 653 798;7;0;0;0;0;1
202300015122;155 653 797;7;2;0;1;1;1
202300015123;155 653 796;2;0;0;2;1;1
202300015124;155 653 795;7;0;1;2;1;1
202300015125;155 653 794;7;17;0;1;1;1
202300015126;155 653 792;7;0;2;8;13;1
202300015126;155 653 793;10;0;2;8;1;1
202300015127;155 653 791;7;2;0;1;12;1
202300015128;155 653 790;30;0;0;0;1;1
202300015129;155 653 788;10;13;0;7;13;1
202300015130;155 653 787;10;13;2;1;13;1
202300015130;155 653 789;7;0;2;1;1;1
202300015131;155 653 783;31;0;0;0;0;1
202300015132;155 653 784;33;0;2;6;26;1
202300015132;155 653 785;38;0;2;2;23;1
202300015132;155 653 786;33;4;2;3;26;1
202300015133;155 653 782;33;8;0;0;0;1
202300015134;155 653 780;2;0;2;1;5;1
202300015134;155 653 781;7;0;2;3;16;1
202300015135;155 653 779;7;0;1;2;1;1
202300015136;155 653 777;7;8;0;4;1;1
202300015136;155 653 778;10;0;2;1;1;1
202300015137;155 653 776;7;13;0;1;1;1
202300015138;155 653 775;32;0;0;1;1;1
202300015139;155 653 773;7;0;2;3;13;1
202300015139;155 653 774;7;0;2;3;1;1
202300015140;155 653 771;7;0;2;1;15;1
202300015140;155 653 772;33;0;2;1;1;1
202300015141;155 653 770;37;15;0;3;9;1
202300015142;155 653 769;7;0;1;4;4;0
202300015143;155 653 767;33;0;2;1;17;1
202300015143;155 653 768;21;0;2;3;15;1
202300015144;155 653 766;7;0;1;2;1;1
202300015145;155 653 765;1;13;0;1;1;5
202300015146;155 653 763;34;0;2;1;1;1
202300015146;155 653 764;7;0;0;4;15;1
202300015147;155 653 762;1;0;0;0;1;5
202300015148;155 653 760;7;6;9;1;15;1
202300015148;155 653 761;1;0;0;8;1;5
202300015149;155 653 759;7;13;0;9;1;1
202300015150;155 653 757;2;0;2;4;2;1
202300015150;155 653 758;7;0;2;1;2;1
202300015151;155 653 755;7;0;2;3;10;1
202300015151;155 653 756;33;0;2;1;26;1
202300015152;155 653 754;10;0;1;1;1;1
202300015153;155 653 753;1;14;1;1;1;5
202300015154;155 653 751;7;0;2;7;19;1
202300015154;155 653 752;31;0;2;1;1;1
202300015155;155 653 750;7;2;0;1;1;1
202300015156;155 653 748;33;0;2;3;1;1
202300015156;155 653 749;7;0;2;3;17;0
202300015157;155 653 746;7;0;0;3;24;1
202300015157;155 653 747;7;1;0;2;0;1
202300015158;155 653 744;10;0;2;1;1;1
202300015158;155 653 745;36;0;2;1;1;1
202300015159;155 653 743;7;0;1;1;15;1
202300015160;155 653 742;7;15;0;1;19;0
202300015161;155 653 740;7;0;2;1;1;1
202300015161;155 653 741;7;0;0;7;15;1
202300015162;155 653 738;7;0;2;6;2;1
202300015162;155 653 739;33;0;2;1;2;1
202300015163;155 653 735;7;8;0;0;1;0
202300015164;155 653 736;7;0;2;3;14;1
202300015164;155 653 737;7;4;2;2;21;1
202300015165;155 653 733;2;0;2;1;13;1
202300015165;155 653 734;7;0;2;6;1;1
202300015166;155 653 728;3;0;9;8;1;0
202300015166;155 653 729;1;0;2;8;1;5
202300015166;155 653 731;1;0;2;8;1;5
202300015167;155 653 726;13;0;2;1;19;1
202300015167;155 653 727;7;0;2;7;1;1
202300015168;155 653 722;7;17;0;1;13;1
202300015169;155 653 723;7;0;2;4;23;1
202300015169;155 653 724;7;1;0;1;14;1
202300015170;155 653 721;10;13;0;2;14;1
202300015171;155 653 719;7;0;2;6;1;3
202300015171;155 653 720;7;0;2;2;1;1
202300015172;155 653 717;7;4;0;1;0;1
202300015172;155 653 718;7;0;2;1;11;1
202300015173;155 653 714;33;0;2;1;2;1
202300015173;155 653 716;43;0;0;4;2;1
202300015174;155 653 715;7;0;2;4;26;1
202300015175;155 653 711;7;0;0;6;1;0
202300015175;155 653 713;7;0;2;2;12;0
202300015176;155 653 710;7;0;0;3;1;1
202300015176;155 653 712;7;0;9;1;1;1
202300015177;155 653 708;1;0;2;1;1;5
202300015177;155 653 709;7;0;2;7;15;1
202300015178;155 653 705;7;0;2;8;0;1
202300015178;155 653 707;17;0;2;1;0;1
202300015179;155 653 704;7;0;2;2;1;1
202300015179;155 653 706;7;0;2;1;1;1
202300015180;155 653 702;7;8;1;1;0;1
202300015181;155 653 700;7;0;2;1;1;1
202300015181;155 653 701;7;0;2;4;1;1
202300015181;155 653 703;7;0;2;4;1;1
202300015182;155 653 697;33;0;2;7;17;1
202300015182;155 653 699;33;0;2;8;15;1
202300015183;155 653 698;2;0;0;0;13;1
202300015184;155 653 696;7;0;1;1;9;1
202300015185;155 653 695;7;0;1;1;1;1
202300015186;155 653 693;7;0;1;2;1;1
202300015187;155 653 692;7;0;2;2;15;-1
202300015187;155 653 694;7;0;2;1;2;1
202300015188;155 653 690;7;0;0;6;23;1
202300015188;155 653 691;33;0;2;1;26;1
202300015189;155 653 688;43;0;0;0;0;1
202300015190;155 653 685;7;0;2;3;2;1
202300015190;155 653 686;80;0;0;4;1;3
202300015191;155 653 687;7;0;2;1;15;1
202300015191;155 653 689;32;0;2;1;17;1
202300015192;155 653 684;7;3;0;1;1;1
202300015193;155 653 682;0;0;2;0;26;0
202300015193;155 653 683;2;0;2;8;0;3
202300015194;155 653 680;31;0;2;1;2;1
202300015194;155 653 681;33;0;2;4;1;1
202300015195;155 653 678;7;2;0;1;14;1
202300015196;155 653 677;7;0;2;3;1;1
202300015196;155 653 679;7;0;2;8;0;0
202300015197;155 653 676;7;0;1;2;1;1
202300015198;155 653 675;31;0;0;9;1;1
202300015199;155 653 674;10;0;1;3;2;1
202300015200;155 653 672;7;13;0;0;0;1
202300015201;155 653 671;7;0;2;1;13;1
202300015201;155 653 673;31;0;2;1;1;1
202300015202;155 653 669;7;0;2;1;1;1
202300015202;155 653 670;7;0;2;3;1;2
202300015203;155 653 666;30;0;2;1;5;1
202300015203;155 653 668;7;0;2;1;1;1
202300015204;155 653 662;7;0;2;2;1;1
202300015204;155 653 664;1;0;0;4;1;5
202300015205;155 653 661;7;0;2;2;1;1
202300015205;155 653 663;7;0;2;3;18;1
202300015206;155 653 658;7;0;2;5;12;1
202300015206;155 653 660;7;0;2;3;1;1
202300015207;155 653 656;7;0;2;8;1;1
202300015207;155 653 659;7;0;2;1;9;1
202300015208;155 653 655;37;0;2;6;1;1
202300015208;155 653 657;7;0;2;2;14;1
202300015209;155 653 654;7;13;0;2;1;1
202300015210;155 653 652;33;0;2;1;3;1
202300015210;155 653 653;7;0;2;6;12;1
202300015211;155 653 650;32;3;0;8;0;1
202300015212;155 653 649;7;0;2;3;15;1
202300015212;155 653 651;33;0;2;1;21;1
202300015213;155 653 647;32;3;2;1;2;1
202300015213;155 653 648;10;3;2;4;1;1
202300015214;155 653 646;7;1;0;6;1;1
202300015215;155 653 643;33;0;2;1;3;1
202300015215;155 653 645;7;0;2;6;11;1
202300015216;155 653 642;7;0;2;1;1;1
202300015216;155 653 644;7;0;2;7;15;1
202300015217;155 653 641;32;0;0;7;14;1
202300015218;155 653 639;7;0;1;1;1;1
202300015219;155 653 638;1;0;2;1;2;5
202300015219;155 653 640;1;0;2;4;2;5
202300015220;155 653 637;7;0;1;3;1;1
202300015221;155 653 636;50;0;1;3;1;3
202300015222;155 653 635;7;0;1;1;15;2
202300015223;155 653 634;7;0;1;4;4;2
202300015224;155 653 631;32;15;0;8;15;1
202300015225;155 653 629;7;0;1;1;1;1
202300015226;155 653 627;7;0;2;1;2;1
202300015226;155 653 628;7;0;2;4;23;1
202300015227;155 653 625;7;0;0;1;1;0
202300015228;155 653 624;33;0;2;1;2;1
202300015228;155 653 626;7;0;2;4;23;1
202300015229;155 653 622;33;0;2;1;10;0
202300015229;155 653 623;30;0;2;8;2;1
202300015230;155 653 621;1;0;1;1;1;5
202300015231;155 653 620;7;3;0;1;15;1
202300015232;155 653 618;1;0;2;1;2;5
202300015232;155 653 619;1;0;0;4;2;5
202300015233;155 653 617;7;1;0;1;14;1
202300015234;155 653 615;30;0;2;7;1;1
202300015234;155 653 616;7;0;2;1;1;1
202300015235;155 653 614;10;0;1;1;1;1
202300015236;155 653 612;7;0;2;1;1;1
202300015236;155 653 613;7;0;2;7;0;1
202300015237;155 653 611;7;0;0;0;0;1
202300015238;155 653 610;7;1;2;2;1;1
202300015239;155 653 609;7;0;1;1;1;1
202300015240;155 653 606;7;0;1;3;1;1
202300015241;155 653 605;0;0;1;1;1;0
202300015242;155 653 603;7;13;0;9;0;1
202300015242;155 653 604;7;0;2;7;1;1
202300015243;155 653 600;7;0;0;4;2;0
202300015243;155 653 601;7;0;2;1;2;1
202300015243;155 653 602;7;0;2;1;2;1
202300015244;155 653 596;7;0;2;0;0;1
202300015244;155 653 597;7;8;2;2;0;1
202300015245;155 653 594;10;0;2;2;1;1
202300015245;155 653 595;7;0;2;3;1;1
202300015246;155 653 593;7;2;0;1;14;1
202300015247;155 653 591;30;0;2;8;18;1
202300015247;155 653 592;7;0;2;2;1;1
202300015248;155 653 589;31;0;2;1;17;1
202300015248;155 653 590;7;0;2;8;15;3
202300015249;155 653 588;33;15;0;1;1;1
202300015250;155 653 586;32;0;2;2;1;3
202300015250;155 653 587;7;0;2;3;9;3
202300015251;155 653 584;33;0;2;7;3;1
202300015251;155 653 585;7;0;2;8;11;1
202300015252;155 653 581;10;0;2;4;2;1
202300015252;155 653 582;7;0;2;4;2;1
202300015252;155 653 583;14;0;2;1;2;1
202300015253;155 653 579;33;0;2;1;2;1
202300015253;155 653 580;7;0;2;6;2;3
202300015254;155 653 577;50;0;2;1;1;3
202300015254;155 653 578;10;0;2;6;1;1
202300015255;155 653 576;1;0;1;1;1;5
202300015256;155 653 575;7;0;1;1;16;2
202300015257;155 653 573;10;0;2;4;23;1
202300015257;155 653 574;50;1;1;9;21;3
202300015258;155 653 571;80;0;2;8;1;3
202300015258;155 653 572;7;0;2;1;1;1
202300015259;155 653 569;7;0;2;3;9;1
202300015259;155 653 570;7;0;2;2;1;1
202300015260;155 653 567;50;0;2;8;13;3
202300015260;155 653 568;37;0;2;7;17;1
202300015261;155 653 566;37;0;1;2;1;1
202300015262;155 653 564;80;0;2;1;1;3
202300015262;155 653 565;7;0;2;3;15;1
202300015263;155 653 562;33;0;2;8;1;1
202300015263;155 653 563;7;0;2;1;15;1
202300015264;155 653 561;1;4;0;8;15;5
202300015265;155 653 559;34;0;2;1;17;1
202300015265;155 653 560;7;0;2;1;1;3
202300015266;155 653 557;7;0;2;2;12;2
202300015266;155 653 558;7;8;2;1;7;1
202300015267;155 653 556;31;0;0;3;21;1
202300015268;155 653 555;7;0;1;7;1;1
202300015269;155 653 553;50;0;2;1;1;3
202300015269;155 653 554;7;0;2;1;1;2
202300015270;155 653 551;10;0;2;1;1;1
202300015270;155 653 552;2;0;2;1;17;1
202300015271;155 653 549;7;0;0;0;0;0
202300015271;155 653 550;7;0;0;0;0;1
202300015272;155 653 548;32;0;1;0;0;1
202300015273;155 653 547;32;15;1;1;1;0
202300015274;155 653 545;7;0;2;1;15;1
202300015274;155 653 546;7;0;2;2;15;1
202300015275;155 653 543;7;0;2;1;15;1
202300015275;155 653 544;7;9;2;8;1;1
202300015276;155 653 541;7;0;2;1;16;1
202300015276;155 653 542;33;0;2;5;1;1
202300015277;155 653 539;7;0;9;1;15;1
202300015277;155 653 540;50;0;2;1;1;3
202300015278;155 653 538;33;15;0;1;13;1
202300015279;155 653 536;1;0;2;5;19;5
202300015279;155 653 537;32;0;9;1;19;0
202300015280;155 653 534;33;0;2;2;1;1
202300015280;155 653 535;7;0;2;1;26;2
202300015281;155 653 533;37;0;1;7;1;4
202300015282;155 653 531;1;0;2;0;1;5
202300015282;155 653 532;7;0;9;0;20;1
202300015283;155 653 529;10;0;2;4;23;1
202300015283;155 653 530;2;0;2;1;2;1
202300015284;155 653 528;7;0;1;6;15;1
202300015285;155 653 526;7;0;2;3;13;1
202300015285;155 653 527;7;0;2;1;1;1
202300015286;155 653 525;7;2;0;2;0;0
202300015287;155 653 524;7;0;1;3;1;1
202300015288;155 653 523;7;0;1;2;1;1
202300015289;155 653 520;7;0;2;1;1;1
202300015289;155 653 521;7;0;2;2;19;1
202300015290;155 653 519;7;0;1;1;1;1
202300015291;155 653 517;7;0;0;1;0;0
202300015291;155 653 518;2;0;2;8;15;1
202300015292;155 653 515;7;0;2;1;1;0
202300015292;155 653 516;10;0;2;7;1;6
202300015293;155 653 510;7;0;2;1;13;1
202300015293;155 653 511;7;0;2;8;1;1
202300015293;155 653 512;7;0;2;2;1;1
202300015293;155 653 513;7;0;2;2;0;1
202300015293;155 653 514;7;0;2;1;1;1
202300015294;155 653 508;38;0;0;7;17;1
202300015294;155 653 509;1;12;0;8;1;5
202300015295;155 653 507;33;10;0;0;1;1
202300015296;155 653 506;31;0;0;8;15;1
202300015297;155 653 505;10;13;0;3;13;1
202300015298;155 653 504;7;0;1;2;2;1
202300015299;155 653 502;7;0;9;1;9;1
202300015299;155 653 503;1;0;0;7;1;5
202300015300;155 653 500;7;0;2;1;1;3
202300015300;155 653 501;7;0;2;2;13;1
202300015301;155 653 499;7;2;0;9;14;1
202300015302;155 653 497;7;0;2;3;17;1
202300015302;155 653 498;7;0;2;3;1;1
202300015303;155 653 496;7;6;0;1;1;1
202300015304;155 653 494;7;0;2;3;13;1
202300015304;155 653 495;7;0;2;3;1;1
202300015305;155 653 492;7;0;2;1;1;1
202300015305;155 653 493;7;0;2;1;1;1
202300015306;155 653 490;7;0;0;3;16;1
202300015306;155 653 491;7;0;2;1;1;1
202300015307;155 653 488;7;0;2;1;1;1
202300015307;155 653 489;7;0;2;2;15;1
202300015308;155 653 485;7;0;2;1;1;1
202300015308;155 653 486;7;0;2;8;1;1
202300015308;155 653 487;7;0;2;3;13;1
202300015309;155 653 484;7;0;1;2;1;1
202300015310;155 653 483;7;13;0;2;14;4
202300015311;155 653 482;7;0;0;3;1;1
202300015312;155 653 480;1;0;2;1;1;5
202300015312;155 653 481;7;0;9;7;16;0
202300015313;155 653 478;7;0;2;3;1;1
202300015313;155 653 479;7;0;2;5;17;1
202300015314;155 653 477;7;0;0;9;13;1
202300015315;155 653 475;7;0;2;1;1;0
202300015315;155 653 476;7;0;2;1;13;0
202300015316;155 653 473;15;0;2;2;1;1
202300015316;155 653 474;7;7;2;5;15;1
202300015317;155 653 471;7;0;0;4;2;1
202300015317;155 653 472;10;0;2;1;2;1
202300015318;155 653 469;33;0;2;1;2;1
202300015318;155 653 470;15;0;0;6;2;1
202300015319;155 653 466;17;0;2;4;1;1
202300015319;155 653 467;17;3;2;1;2;1
202300015319;155 653 468;17;0;2;2;2;1
202300015320;155 653 463;15;0;0;6;24;1
202300015320;155 653 464;15;1;-1;3;1;1
202300015320;155 653 465;10;0;2;2;1;1
202300015321;155 653 460;7;0;2;4;16;1
202300015321;155 653 461;33;0;2;1;1;1
202300015321;155 653 462;10;0;2;1;21;1
202300015322;155 653 459;7;0;1;3;1;1
202300015323;155 653 458;7;2;0;2;14;1
202300015324;155 653 457;7;15;0;2;14;0
202300015325;155 653 456;7;0;1;2;1;1
202300015326;155 653 455;10;0;1;3;1;1
202300015327;155 653 453;2;0;2;1;2;1
202300015327;155 653 454;31;0;0;8;26;1
202300015328;155 653 451;7;6;2;1;13;3
202300015328;155 653 452;7;9;2;8;1;1
202300015329;155 653 449;7;0;2;2;19;1
202300015329;155 653 450;7;0;2;3;1;1
202300015330;155 653 447;7;0;2;3;1;1
202300015330;155 653 448;10;0;2;3;13;1
202300015331;155 653 445;33;0;2;3;5;1
202300015331;155 653 446;10;0;2;3;1;1
202300015332;155 653 444;33;8;0;1;17;1
202300015333;155 653 442;7;0;2;3;2;1
202300015333;155 653 443;1;0;2;5;2;5
202300015334;155 653 439;7;0;2;1;0;1
202300015334;155 653 440;7;0;2;4;0;1
202300015335;155 653 430;7;0;2;6;2;1
202300015335;155 653 431;7;0;2;1;1;1
202300015335;155 653 432;33;0;2;1;2;1
202300015336;155 653 426;7;0;2;6;1;1
202300015336;155 653 427;7;0;2;1;1;2