Num_Acc;id_vehicule;catv;obs;obsm;choc;manv;motor
202300016728;155 650 931;34;0;2;3;0;1
202300016729;155 650 929;7;13;0;1;14;1
202300016730;155 650 926;50;0;1;1;5;3
202300016731;155 650 924;7;1;2;1;15;1
202300016731;155 650 927;7;0;2;1;1;1
202300016731;155 650 928;7;0;0;0;0;3
202300016732;155 650 923;7;14;2;1;11;1
202300016732;155 650 925;7;14;0;5;23;1
202300016733;155 650 920;7;0;2;6;11;1
202300016733;155 650 922;7;0;2;2;1;1
202300016734;155 650 921;7;6;0;7;26;1
202300016735;155 650 916;34;0;2;0;0;1
202300016735;155 650 918;10;0;2;0;0;1
202300016736;155 650 917;10;0;2;3;15;1
202300016736;155 650 919;7;0;2;2;1;1
202300016737;155 650 915;7;0;2;1;19;3
202300016738;155 650 912;33;0;1;1;1;1
202300016739;155 650 911;33;0;2;1;1;1
202300016739;155 650 914;7;10;0;3;6;0
202300016740;155 650 910;1;6;0;7;9;5
202300016740;155 650 913;7;6;0;1;1;1
202300016741;155 650 905;7;0;0;4;0;1
202300016741;155 650 908;7;0;0;0;0;1
202300016742;155 650 904;7;0;2;7;1;1
202300016742;155 650 909;7;0;2;1;1;1
202300016743;155 650 903;7;0;2;3;5;1
202300016743;155 650 907;7;0;2;3;0;1
202300016744;155 650 902;7;0;1;8;1;1
202300016745;155 650 899;80;0;2;5;2;3
202300016745;155 650 901;7;0;9;5;1;1
202300016746;155 650 897;7;0;2;6;17;1
202300016746;155 650 900;31;0;2;1;17;1
202300016747;155 650 898;32;4;0;3;0;1
202300016748;155 650 891;33;0;2;3;1;1
202300016748;155 650 895;7;0;2;3;5;0
202300016749;155 650 892;30;0;2;1;1;1
202300016749;155 650 894;7;0;2;5;15;1
202300016750;155 650 888;7;0;1;1;1;1
202300016751;155 650 887;1;0;2;1;1;5
202300016751;155 650 889;7;0;2;4;1;0
202300016752;155 650 886;7;8;0;0;0;2
202300016753;155 650 883;7;0;2;1;1;0
202300016753;155 650 885;7;0;2;1;5;0
202300016754;155 650 878;7;0;2;3;11;1
202300016754;155 650 880;33;0;2;2;2;1
202300016755;155 650 881;2;0;2;3;13;0
202300016755;155 650 884;7;0;2;3;1;1
202300016756;155 650 877;7;0;2;1;2;1
202300016756;155 650 879;7;0;2;1;26;1
202300016757;155 650 875;7;0;2;1;0;1
202300016757;155 650 876;15;0;2;4;0;1
202300016758;155 650 872;10;0;2;1;15;1
202300016758;155 650 874;7;0;2;1;1;1
202300016759;155 650 873;2;6;0;8;1;1
202300016760;155 650 870;10;0;9;4;16;1
202300016760;155 650 871;33;0;2;1;1;1
202300016761;155 650 868;7;0;1;2;1;1
202300016762;155 650 865;7;0;2;4;23;0
202300016762;155 650 866;7;0;2;1;23;1
202300016762;155 650 867;7;0;2;1;2;1
202300016763;155 650 869;7;11;0;1;2;1
202300016764;155 650 863;10;0;2;3;15;1
202300016764;155 650 864;2;0;2;1;1;0
202300016765;155 650 859;7;0;2;4;23;1
202300016765;155 650 861;7;0;2;1;1;1
202300016765;155 650 862;7;0;0;4;23;1
202300016766;155 650 857;30;0;2;2;1;1
202300016766;155 650 858;7;0;2;3;9;1
202300016767;155 650 860;7;6;0;2;0;1
202300016768;155 650 854;7;0;2;3;9;1
202300016768;155 650 856;50;0;2;1;1;3
202300016769;155 650 853;7;0;2;2;26;1
202300016769;155 650 855;37;0;2;3;1;1
202300016770;155 650 850;7;0;2;3;10;1
202300016770;155 650 852;34;0;2;2;1;1
202300016771;155 650 848;7;0;2;1;2;1
202300016771;155 650 849;7;0;2;4;1;1
202300016772;155 650 845;7;0;2;2;9;1
202300016772;155 650 846;50;0;2;1;25;3
202300016773;155 650 847;7;0;2;4;2;1
202300016773;155 650 851;7;1;2;1;2;1
202300016774;155 650 844;7;0;1;3;1;1
202300016775;155 650 843;7;0;1;1;1;1
202300016776;155 650 841;7;0;2;7;15;1
202300016776;155 650 842;31;0;2;1;1;1
202300016777;155 650 838;7;0;2;3;15;1
202300016777;155 650 839;34;0;2;7;2;1
202300016778;155 650 840;7;0;1;7;1;1
202300016779;155 650 836;60;15;0;0;1;5
202300016780;155 650 835;30;0;2;3;18;1
202300016780;155 650 837;17;0;2;7;16;1
202300016781;155 650 834;7;0;0;0;0;1
202300016782;155 650 831;1;1;2;1;5;5
202300016782;155 650 833;50;0;2;0;0;3
202300016783;155 650 830;7;0;2;1;0;2
202300016783;155 650 832;7;0;2;8;0;1
202300016784;155 650 829;7;6;0;1;26;1
202300016785;155 650 825;7;0;2;4;1;1
202300016785;155 650 827;3;0;2;1;1;1
202300016785;155 650 828;10;0;2;1;1;1
202300016786;155 650 823;7;0;2;3;15;1
202300016786;155 650 826;7;0;2;2;1;1
202300016787;155 650 818;7;0;2;0;0;1
202300016787;155 650 821;31;0;2;0;0;1
202300016788;155 650 817;7;0;2;1;1;1
202300016788;155 650 819;7;0;2;1;5;1
202300016789;155 650 815;7;0;1;2;16;1
202300016790;155 650 814;33;12;0;7;1;1
202300016791;155 650 816;7;0;2;4;2;1
202300016791;155 650 820;7;0;2;4;2;1
202300016791;155 650 822;7;0;2;1;2;1
202300016791;155 650 824;7;0;2;1;2;1
202300016792;155 650 812;1;0;2;1;1;5
202300016792;155 650 813;7;0;2;3;22;1
202300016793;155 650 810;7;3;0;2;0;1
202300016794;155 650 809;50;0;2;5;19;3
202300016794;155 650 811;10;0;2;1;0;0
202300016795;155 650 807;7;0;2;0;2;1
202300016795;155 650 808;33;0;2;1;1;1
202300016796;155 650 806;30;1;0;1;1;1
202300016797;155 650 804;7;0;1;1;1;1
202300016797;155 650 805;7;0;0;0;1;1
202300016798;155 650 802;7;4;0;1;1;1
202300016799;155 650 801;7;0;2;1;1;1
202300016799;155 650 803;7;0;2;8;19;3
202300016800;155 650 800;7;1;0;3;26;1
202300016801;155 650 795;7;0;0;6;2;0
202300016801;155 650 797;31;0;2;1;2;0
202300016802;155 650 796;7;6;2;6;15;1
202300016802;155 650 799;7;0;2;1;1;1
202300016803;155 650 794;7;8;0;2;1;1
202300016804;155 650 798;7;0;2;3;1;1
202300016805;155 650 792;15;0;9;2;16;1
202300016805;155 650 793;1;0;9;3;1;5
202300016806;155 650 791;7;8;0;1;13;1
202300016807;155 650 787;7;0;1;2;1;1
202300016808;155 650 785;7;0;2;3;1;0
202300016808;155 650 788;7;0;2;1;9;0
202300016809;155 650 786;32;0;2;1;3;1
202300016809;155 650 789;7;0;2;6;2;1
202300016809;155 650 790;7;0;2;2;1;1
202300016810;155 650 783;33;0;2;1;1;1
202300016810;155 650 784;7;0;2;3;15;1
202300016811;155 650 781;7;0;2;2;16;1
202300016811;155 650 782;7;0;2;3;1;1
202300016812;155 650 778;2;0;2;1;1;1
202300016812;155 650 780;7;0;2;3;15;1
202300016813;155 650 776;7;0;2;1;1;1
202300016813;155 650 777;7;0;2;7;2;0
202300016814;155 650 774;7;16;0;9;14;1
202300016815;155 650 775;30;0;2;1;17;-1
202300016815;155 650 779;7;0;2;8;1;-1
202300016816;155 650 772;7;0;2;2;16;1
202300016816;155 650 773;50;0;2;1;2;3
202300016817;155 650 769;7;0;2;3;9;1
202300016817;155 650 771;33;1;2;2;2;1
202300016818;155 650 768;7;16;2;1;25;0
202300016818;155 650 770;2;0;2;0;26;0
202300016819;155 650 764;7;0;2;3;9;1
202300016819;155 650 767;2;0;2;2;12;1
202300016820;155 650 765;7;0;1;4;26;1
202300016821;155 650 763;7;0;2;2;1;1
202300016821;155 650 766;7;0;2;3;16;1
202300016822;155 650 760;7;0;2;3;9;0
202300016822;155 650 762;80;0;2;7;26;3
202300016823;155 650 759;7;0;1;1;1;1
202300016824;155 650 757;7;2;0;7;1;1
202300016825;155 650 758;31;0;2;1;17;1
202300016825;155 650 761;7;0;2;3;15;1
202300016826;155 650 755;1;0;2;0;1;5
202300016826;155 650 756;50;0;2;1;1;3
202300016827;155 650 752;10;0;2;1;1;1
202300016827;155 650 754;10;0;2;2;1;1
202300016828;155 650 750;7;0;2;1;1;1
202300016828;155 650 751;7;0;2;4;1;1
202300016829;155 650 749;7;0;1;2;1;1
202300016830;155 650 746;7;0;2;5;1;1
202300016830;155 650 747;7;0;2;1;1;1
202300016831;155 650 748;7;0;2;5;1;1
202300016831;155 650 753;30;0;2;1;1;1
202300016832;155 650 745;7;13;0;7;1;1
202300016833;155 650 743;14;0;2;1;15;1
202300016833;155 650 744;1;0;2;0;0;5
202300016834;155 650 738;7;0;2;6;1;1
202300016834;155 650 740;50;0;2;1;1;3
202300016835;155 650 739;7;0;2;3;1;0
202300016835;155 650 741;7;8;2;1;1;1
202300016836;155 650 734;7;0;2;8;1;1
202300016836;155 650 736;50;0;2;2;1;3
202300016837;155 650 733;7;8;2;1;1;1
202300016837;155 650 737;7;0;2;2;10;6
202300016838;155 650 735;7;0;2;2;0;1
202300016838;155 650 742;50;0;9;8;19;3
202300016839;155 650 731;7;0;2;3;15;1
202300016839;155 650 732;32;0;2;8;19;1
202300016840;155 650 730;7;15;0;1;1;1
202300016841;155 650 728;7;0;0;0;0;1
202300016841;155 650 729;33;0;2;1;18;1
202300016842;155 650 727;7;0;0;1;1;1
202300016843;155 650 722;7;0;2;2;1;1
202300016843;155 650 725;7;0;2;6;1;1
202300016844;155 650 721;7;0;2;4;2;0
202300016844;155 650 724;7;0;2;1;2;0
202300016844;155 650 726;7;0;2;4;2;0
202300016845;155 650 719;7;0;2;2;15;1
202300016845;155 650 723;1;0;2;0;0;5
202300016846;155 650 716;7;0;2;8;15;1
202300016846;155 650 717;10;0;2;3;23;1
202300016846;155 650 720;7;0;2;1;1;1
202300016847;155 650 714;7;0;2;1;1;1
202300016847;155 650 715;33;0;2;1;1;1
202300016847;155 650 718;7;0;2;7;19;1
202300016848;155 650 711;10;0;2;7;15;1
202300016848;155 650 713;33;0;2;2;1;1
202300016849;155 650 709;7;0;2;1;2;1
202300016849;155 650 710;7;0;2;5;2;1
202300016850;155 650 707;7;0;2;1;1;1
202300016850;155 650 708;32;0;2;1;13;1
202300016851;155 650 712;10;0;1;3;15;1
202300016852;155 650 705;7;0;2;3;1;1
202300016852;155 650 706;1;0;2;1;1;5
202300016853;155 650 703;60;0;2;7;15;5
202300016853;155 650 704;7;0;2;3;1;1
202300016854;155 650 701;7;13;0;0;15;1
202300016855;155 650 700;15;0;1;2;1;0
202300016856;155 650 702;7;0;1;2;1;1
202300016857;155 650 697;50;0;2;1;19;3
202300016857;155 650 699;7;0;2;8;1;1
202300016858;155 650 696;80;0;2;6;13;3
202300016858;155 650 698;7;0;2;1;17;1
202300016859;155 650 690;7;0;2;1;1;6
202300016859;155 650 693;7;0;2;8;13;0
202300016860;155 650 691;1;0;2;4;1;5
202300016860;155 650 694;7;0;2;1;16;1
202300016861;155 650 692;7;0;2;3;1;1
202300016861;155 650 695;7;0;2;3;13;1
202300016862;155 650 688;17;0;0;7;1;1
202300016863;155 650 689;1;1;0;9;26;5
202300016864;155 650 682;7;14;2;6;10;1
202300016864;155 650 685;7;0;2;2;1;1
202300016865;155 650 684;33;0;2;1;1;1
202300016865;155 650 686;7;1;2;7;20;1
202300016866;155 650 683;7;0;2;6;1;1
202300016866;155 650 687;33;0;2;2;21;1
202300016867;155 650 679;32;0;2;1;17;1
202300016867;155 650 680;7;0;2;1;1;1
202300016868;155 650 681;7;2;0;2;13;1
202300016869;155 650 677;10;0;1;2;15;3
202300016870;155 650 675;7;0;2;8;10;1
202300016870;155 650 676;34;0;2;1;1;1
202300016871;155 650 672;7;0;2;6;20;1
202300016871;155 650 674;33;0;2;1;17;1
202300016872;155 650 673;7;0;2;2;13;1
202300016872;155 650 678;7;0;2;3;2;1
202300016873;155 650 670;7;0;1;0;1;1
202300016874;155 650 668;34;0;2;8;1;1
202300016874;155 650 669;7;0;2;2;1;1
202300016875;155 650 663;7;0;2;1;2;0
202300016875;155 650 665;33;0;2;4;2;1
202300016876;155 650 661;7;0;2;4;23;1
202300016876;155 650 664;7;0;2;2;2;1
202300016877;155 650 662;7;0;2;2;15;1
202300016877;155 650 666;7;0;2;1;1;1
202300016878;155 650 658;33;0;0;4;1;1
202300016879;155 650 659;7;9;0;1;1;1
202300016880;155 650 655;7;0;2;3;13;1
202300016880;155 650 657;10;0;2;3;1;1
202300016881;155 650 650;10;0;2;4;2;1
202300016881;155 650 653;10;0;2;1;2;1
202300016881;155 650 654;7;0;2;0;0;1
202300016882;155 650 649;2;0;2;1;5;1
202300016882;155 650 652;7;0;2;2;1;1
202300016883;155 650 651;7;1;2;6;4;1
202300016883;155 650 656;7;1;2;1;13;1
202300016884;155 650 646;33;0;2;1;2;1
202300016884;155 650 647;7;0;2;5;2;1
202300016885;155 650 643;7;0;2;4;2;1
202300016885;155 650 645;37;0;2;1;2;1
202300016885;155 650 648;7;0;2;4;2;1
202300016886;155 650 641;32;0;0;7;2;0
202300016886;155 650 644;7;0;2;2;15;1
202300016887;155 650 640;2;0;2;7;1;1
202300016887;155 650 642;7;0;2;1;26;1
202300016888;155 650 638;15;1;0;4;24;1
202300016888;155 650 639;7;1;0;1;2;1
202300016889;155 650 637;7;6;0;1;20;1
202300016890;155 650 633;7;0;1;1;1;1
202300016891;155 650 634;7;0;1;2;1;1
202300016892;155 650 632;7;4;0;3;1;1
202300016893;155 650 631;7;0;2;4;1;1
202300016893;155 650 635;7;0;2;4;1;1
202300016893;155 650 636;7;0;2;1;1;1
202300016894;155 650 629;7;0;2;3;15;1
202300016894;155 650 630;2;0;2;1;1;1
202300016895;155 650 627;10;0;2;4;2;1
202300016895;155 650 628;7;0;2;1;2;1
202300016896;155 650 623;7;0;2;1;2;1
202300016896;155 650 624;17;0;2;4;2;1
202300016897;155 650 622;7;0;2;4;23;1
202300016897;155 650 625;33;0;2;1;2;1
202300016898;155 650 620;7;3;0;0;1;1
202300016899;155 650 621;33;0;2;1;1;1
202300016899;155 650 626;7;0;2;0;0;1
202300016900;155 650 619;7;8;1;1;1;0
202300016901;155 650 617;7;0;2;5;12;1
202300016901;155 650 618;33;0;2;3;3;1
202300016902;155 650 613;7;0;2;3;13;0
202300016902;155 650 615;33;0;2;1;2;0
202300016903;155 650 612;7;0;2;1;0;1
202300016903;155 650 614;43;0;2;4;0;1
202300016904;155 650 616;7;0;1;3;1;1
202300016905;155 650 607;7;4;2;5;1;1
202300016905;155 650 610;34;4;2;1;1;1
202300016906;155 650 606;33;0;2;1;2;1
202300016906;155 650 608;7;0;0;4;2;1
202300016907;155 650 603;7;0;2;4;1;1
202300016907;155 650 605;7;0;2;4;1;1
202300016907;155 650 609;7;0;2;1;1;1
202300016907;155 650 611;7;0;2;4;1;1
202300016908;155 650 601;7;0;2;1;1;1
202300016908;155 650 602;7;0;0;7;1;1
202300016908;155 650 604;7;0;2;1;26;1
202300016909;155 650 597;33;0;2;4;2;1
202300016909;155 650 599;7;0;2;1;2;1
202300016910;155 650 596;7;0;1;2;2;1
202300016911;155 650 598;7;0;2;3;1;1
202300016911;155 650 600;43;0;2;1;17;1
202300016912;155 650 593;14;0;2;4;1;1
202300016912;155 650 595;33;0;2;6;3;1
202300016913;155 650 594;7;2;0;1;14;1
202300016914;155 650 589;31;0;2;1;2;1
202300016914;155 650 592;7;0;2;4;2;1
202300016915;155 650 590;7;0;1;1;1;1
202300016916;155 650 588;7;0;2;1;2;1
202300016916;155 650 591;7;0;2;4;2;0
202300016917;155 650 584;7;0;2;3;1;1
202300016917;155 650 586;7;0;2;3;1;1
202300016918;155 650 585;7;0;2;3;11;1
202300016918;155 650 587;33;4;2;7;26;1
202300016919;155 650 582;7;8;0;1;1;1
202300016920;155 650 581;33;0;2;1;1;1
202300016920;155 650 583;7;0;2;8;20;1
202300016921;155 650 580;7;0;2;7;26;1
202300016922;155 650 576;50;0;2;1;1;3
202300016922;155 650 579;10;0;2;3;9;1
202300016923;155 650 577;7;0;2;4;1;1
202300016923;155 650 578;7;0;2;1;2;0
202300016924;155 650 574;7;0;9;3;1;1
202300016924;155 650 575;1;0;2;2;1;5
202300016925;155 650 572;7;0;2;1;2;1
202300016925;155 650 573;7;0;2;4;2;1
202300016926;155 650 571;30;0;1;1;2;0
202300016927;155 650 568;33;0;2;0;0;0
202300016927;155 650 570;7;0;2;8;26;0
202300016928;155 650 567;33;0;1;0;17;1
202300016929;155 650 565;7;0;2;1;1;1
202300016929;155 650 566;7;0;2;1;1;1
202300016929;155 650 569;7;0;2;8;15;1
202300016930;155 650 564;7;0;1;1;1;1
202300016931;155 650 563;7;0;1;1;1;1
202300016932;155 650 561;7;0;2;2;12;1
202300016932;155 650 562;33;0;2;3;3;1
202300016933;155 650 557;17;0;2;2;12;1
202300016933;155 650 558;7;0;2;8;1;1
202300016934;155 650 559;7;0;2;2;12;1
202300016934;155 650 560;7;9;2;6;2;1
202300016935;155 650 554;33;0;2;1;11;3
202300016935;155 650 555;7;0;2;2;1;1
202300016935;155 650 556;7;0;2;4;1;1
202300016936;155 650 552;7;0;2;1;15;1
202300016936;155 650 553;7;0;2;2;1;1
202300016937;155 650 551;10;0;1;1;16;1
202300016938;155 650 550;10;0;0;2;0;1
202300016939;155 650 548;40;0;1;7;1;3
202300016940;155 650 549;50;0;1;1;25;3
202300016941;155 650 546;32;0;1;1;1;1
202300016942;155 650 545;33;14;2;1;13;1
202300016942;155 650 547;7;0;2;1;23;1
202300016943;155 650 543;7;0;0;2;1;1
202300016944;155 650 542;80;0;2;7;19;3
202300016944;155 650 544;43;0;2;1;1;1
202300016945;155 650 540;7;0;2;3;9;1
202300016945;155 650 541;33;0;2;2;1;1
202300016946;155 650 539;14;0;1;2;1;1
202300016947;155 650 537;1;0;0;1;1;5
202300016948;155 650 538;10;0;1;1;15;0
202300016949;155 650 536;32;0;1;1;15;1
202300016950;155 650 534;10;0;2;1;1;0
202300016950;155 650 535;10;0;2;8;15;0
202300016951;155 650 531;7;0;2;3;9;1
202300016951;155 650 533;50;0;2;1;15;3
202300016952;155 650 532;33;0;1;3;16;1
202300016953;155 650 527;1;0;2;1;15;5
202300016953;155 650 528;7;0;2;2;16;1
202300016954;155 650 526;7;0;1;8;16;1
202300016955;155 650 524;7;0;1;1;20;1
202300016956;155 650 525;1;12;0;2;16;5
202300016957;155 650 521;7;0;2;4;23;0
202300016957;155 650 522;7;0;2;1;2;0
202300016958;155 650 520;32;0;2;5;17;3
202300016958;155 650 523;7;0;2;1;13;1
202300016959;155 650 519;7;1;0;1;26;1
202300016960;155 650 518;80;0;1;1;1;3
202300016961;155 650 516;7;0;2;1;1;1
202300016961;155 650 517;7;0;2;1;1;1
202300016962;155 650 515;7;4;0;1;1;1
202300016963;155 650 514;50;12;0;0;14;3
202300016964;155 650 513;7;0;1;4;26;1
202300016965;155 650 511;2;0;2;1;1;1
202300016965;155 650 512;7;0;2;5;15;0
202300016966;155 650 509;7;0;0;1;5;1
202300016966;155 650 510;33;0;1;1;17;1
202300016967;155 650 505;10;0;2;1;19;1
202300016967;155 650 508;7;0;2;8;0;1
202300016968;155 650 506;13;0;2;7;0;-1
202300016968;155 650 507;30;0;2;6;0;1
202300016969;155 650 502;7;0;2;8;15;1
202300016969;155 650 504;7;7;2;3;1;1
202300016970;155 650 503;7;1;0;1;11;1
202300016971;155 650 499;7;0;2;3;5;1
202300016971;155 650 500;7;0;2;1;1;1
202300016972;155 650 498;7;0;2;4;0;1
202300016972;155 650 501;7;0;2;1;0;1
202300016973;155 650 497;7;0;1;1;26;1
202300016974;155 650 495;7;0;2;1;1;0
202300016974;155 650 496;10;0;2;2;2;0
202300016975;155 650 493;7;0;2;2;17;1
202300016975;155 650 494;7;0;2;8;15;1
202300016976;155 650 491;32;0;2;1;5;1
202300016976;155 650 492;37;0;2;3;1;1
202300016977;155 650 488;7;0;2;3;2;1
202300016977;155 650 490;7;0;2;4;0;1
202300016978;155 650 487;7;0;2;3;15;1
202300016978;155 650 489;60;0;2;1;1;5
202300016979;155 650 485;50;0;2;1;3;3
202300016979;155 650 486;7;0;0;4;9;1
202300016980;155 650 484;7;0;1;1;1;1
202300016981;155 650 482;7;0;2;3;15;1
202300016981;155 650 483;2;0;2;1;5;1
202300016982;155 650 479;7;0;2;3;2;1
202300016982;155 650 481;1;0;2;1;19;5
202300016983;155 650 475;7;0;9;3;15;1
202300016983;155 650 477;1;0;2;1;1;5
202300016984;155 650 476;7;14;1;5;4;1
202300016985;155 650 473;7;0;1;4;20;1
202300016986;155 650 474;7;1;0;2;1;1
202300016987;155 650 470;7;0;2;2;14;-1
202300016987;155 650 472;7;0;2;3;1;-1
202300016988;155 650 469;7;8;0;1;15;1
202300016989;155 650 468;32;0;2;8;15;1
202300016989;155 650 471;7;0;2;2;26;1
202300016990;155 650 466;7;0;0;6;1;0
202300016990;155 650 467;30;0;2;6;17;1
202300016991;155 650 465;7;0;1;3;1;1
202300016992;155 650 462;7;0;2;3;1;1
202300016992;155 650 464;7;0;2;3;13;1
202300016993;155 650 463;7;0;1;3;15;1
202300016994;155 650 461;7;15;0;9;1;1
202300016995;155 650 459;7;0;1;2;16;1
202300016996;155 650 458;7;0;2;8;15;1
202300016996;155 650 460;33;0;2;1;3;1
202300016997;155 650 457;10;0;1;3;16;1
202300016998;155 650 456;7;1;0;1;0;1
202300016999;155 650 454;10;0;2;1;15;1
202300016999;155 650 455;43;8;0;4;1;1
202300017000;155 650 452;7;0;2;2;15;1
202300017000;155 650 453;7;0;2;3;1;1
202300017001;155 650 450;7;0;2;3;14;1
202300017001;155 650 451;33;0;2;7;1;1
202300017002;155 650 448;15;0;2;8;1;1
202300017002;155 650 449;33;0;2;2;12;1
202300017003;155 650 444;7;0;2;2;1;2
202300017003;155 650 446;43;0;2;1;18;1
202300017004;155 650 445;14;0;2;2;0;4
202300017004;155 650 447;7;16;0;9;6;1
202300017005;155 650 442;32;0;2;1;1;1
202300017005;155 650 443;7;0;2;3;9;1
202300017006;155 650 439;10;0;2;3;1;1
202300017006;155 650 440;1;0;2;1;5;5
202300017007;155 650 438;7;0;2;1;2;1
202300017007;155 650 441;33;0;2;4;0;1
202300017008;155 650 437;7;1;1;2;1;1
202300017009;155 650 436;33;0;0;0;21;1
202300017010;155 650 434;7;0;2;2;15;2
202300017010;155 650 435;33;0;2;1;1;1
202300017011;155 650 432;7;0;2;3;13;1
202300017011;155 650 433;10;0;2;2;21;1
202300017012;155 650 430;7;0;2;3;22;1
202300017012;155 650 431;2;0;2;1;16;1
202300017013;155 650 429;7;0;1;1;1;1
202300017014;155 650 428;36;0;0;9;1;1
202300017015;155 650 427;7;0;1;1;1;1
202300017016;155 650 426;1;0;6;0;0;5
202300017017;155 650 424;7;0;2;6;1;2
202300017017;155 650 425;7;0;2;3;13;1
202300017018;155 650 423;33;1;0;1;21;1
202300017019;155 650 422;33;0;1;1;1;3
202300017020;155 650 421;7;4;0;9;14;1
202300017021;155 650 419;32;0;4;1;1;0
202300017021;155 650 420;40;0;2;1;1;3
202300017022;155 650 417;1;1;1;1;1;5
202300017023;155 650 416;7;0;2;3;2;0
202300017023;155 650 418;2;0;2;1;1;0
202300017024;155 650 414;7;0;2;8;1;1
202300017024;155 650 415;37;0;2;1;1;1
202300017025;155 650 413;7;0;0;0;0;0
202300017026;155 650 411;7;0;2;7;1;1
202300017026;155 650 412;7;0;2;1;26;1
202300017027;155 650 409;7;8;0;2;14;0
202300017028;155 650 408;7;0;2;7;0;1
202300017028;155 650 410;10;0;2;1;1;1
202300017029;155 650 406;7;0;2;3;15;1
202300017029;155 650 407;7;0;2;1;2;1
202300017030;155 650 405;7;8;0;1;1;1
202300017031;155 650 404;7;0;1;0;19;1
202300017032;155 650 402;7;0;2;3;1;0
202300017032;155 650 403;0;0;2;0;12;0
202300017033;155 650 400;7;0;2;8;15;1
202300017033;155 650 401;33;0;2;1;17;1
202300017034;155 650 398;7;0;2;2;1;1
202300017034;155 650 399;7;0;2;3;15;1
202300017035;155 650 395;7;12;0;1;1;2
202300017035;155 650 397;10;6;2;3;9;1
202300017036;155 650 396;7;16;0;1;14;1
202300017037;155 650 393;7;0;2;1;9;1
202300017037;155 650 394;7;0;2;8;1;1
202300017038;155 650 390;7;0;2;3;1;0
202300017038;155 650 392;7;0;2;3;1;0
202300017039;155 650 389;10;0;2;7;26;1
202300017039;155 650 391;2;0;2;1;2;1
202300017040;155 650 388;33;4;0;3;17;6
202300017041;155 650 386;7;2;0;2;14;1
202300017042;155 650 385;7;0;2;8;0;1
202300017042;155 650 387;7;0;2;1;9;0
202300017043;155 650 383;7;11;2;8;1;1
202300017043;155 650 384;7;0;2;1;1;0
202300017044;155 650 381;21;0;2;2;19;1
202300017044;155 650 382;7;0;2;3;1;1
202300017045;155 650 379;30;0;2;1;17;1
202300017045;155 650 380;7;0;2;6;9;1
202300017046;155 650 376;30;0;0;0;0;1
202300017046;155 650 377;7;0;2;0;0;1
202300017047;155 650 375;33;0;2;8;10;1
202300017047;155 650 378;7;0;2;1;1;1
202300017048;155 650 372;30;0;2;1;2;1
202300017048;155 650 374;7;0;2;4;2;1
202300017049;155 650 371;2;0;2;1;13;1
202300017049;155 650 373;7;0;2;3;1;1
202300017050;155 650 369;7;0;9;1;2;1
202300017050;155 650 370;1;0;2;4;1;5
202300017051;155 650 366;33;0;2;1;1;1
202300017051;155 650 367;7;0;2;1;15;1
202300017052;155 650 364;7;0;2;3;13;1
202300017052;155 650 365;7;0;2;3;1;1
202300017053;155 650 363;7;15;0;3;1;1
202300017054;155 650 360;33;0;2;1;1;1
202300017054;155 650 362;10;0;2;3;15;1
202300017055;155 650 358;7;0;2;1;13;1
202300017055;155 650 359;7;0;2;1;1;1
202300017055;155 650 361;7;0;2;1;2;1
202300017056;155 650 354;7;0;2;4;23;1
202300017056;155 650 356;7;0;0;1;1;1
202300017057;155 650 353;7;0;2;3;1;1
202300017057;155 650 355;7;0;2;1;1;1
202300017057;155 650 357;7;0;2;7;1;1
202300017058;155 650 352;7;3;0;1;1;1
202300017059;155 650 350;7;0;2;3;1;1
202300017059;155 650 351;1;0;0;1;1;5
202300017060;155 650 348;2;0;2;1;1;1
202300017060;155 650 349;7;0;2;3;15;1
202300017061;155 650 347;7;0;1;5;1;1
202300017062;155 650 344;80;0;2;8;1;3
202300017062;155 650 346;7;0;9;3;17;1
202300017063;155 650 345;2;0;0;7;9;1
202300017064;155 650 341;7;0;2;1;1;1
202300017064;155 650 343;10;0;2;1;13;1
202300017065;155 650 342;7;2;0;3;13;1
202300017066;155 650 340;7;0;1;1;1;1
202300017067;155 650 339;33;0;0;9;1;1
202300017068;155 650 337;7;0;2;3;13;1
202300017068;155 650 338;7;0;2;3;1;1
202300017069;155 650 335;7;0;2;3;19;1
202300017069;155 650 336;7;0;2;2;1;1
202300017070;155 650 332;33;11;0;0;1;1
202300017070;155 650 333;7;0;0;0;9;1
202300017071;155 650 331;7;0;2;1;1;1
202300017071;155 650 334;7;0;2;1;13;1
202300017072;155 650 329;33;3;9;8;0;1
202300017073;155 650 330;10;13;0;1;13;1
202300017074;155 650 324;2;0;2;8;5;1
202300017074;155 650 327;7;0;2;2;1;1
202300017075;155 650 325;7;0;2;1;1;1
202300017075;155 650 326;7;0;2;1;16;1
202300017075;155 650 328;10;0;2;1;1;1
202300017076;155 650 322;7;13;0;1;1;1
202300017077;155 650 321;7;1;0;1;1;1
202300017077;155 650 323;10;0;2;6;23;1
202300017078;155 650 319;7;2;0;3;13;1
202300017079;155 650 318;7;0;2;3;1;1
202300017079;155 650 320;7;0;2;2;1;1
202300017080;155 650 316;7;0;2;1;15;1
202300017080;155 650 317;2;0;0;8;1;1
202300017081;155 650 315;7;17;0;3;1;1