Num_Acc;id_vehicule;catv;obs;obsm;choc;manv;motor
202300017427;155 649 684;10;0;2;0;9;1
202300017428;155 649 682;7;0;1;2;15;1
202300017429;155 649 680;15;0;2;1;16;1
202300017429;155 649 681;7;0;2;2;1;1
202300017430;155 649 678;3;0;2;2;15;1
202300017430;155 649 679;33;0;2;1;1;1
202300017431;155 649 676;30;0;2;1;17;1
202300017431;155 649 677;7;0;2;1;21;1
202300017432;155 649 674;2;0;2;1;1;1
202300017432;155 649 675;10;0;2;3;15;1
202300017433;155 649 672;10;0;0;4;23;1
202300017433;155 649 673;7;0;2;1;1;1
202300017434;155 649 671;7;0;1;4;20;1
202300017435;155 649 669;2;0;2;1;1;1
202300017435;155 649 670;7;0;2;3;15;3
202300017436;155 649 667;7;0;2;1;26;0
202300017436;155 649 668;2;0;2;1;1;1
202300017437;155 649 665;7;0;2;5;16;1
202300017437;155 649 666;1;0;2;0;1;5
202300017438;155 649 664;7;0;1;1;1;2
202300017439;155 649 662;7;0;2;1;13;1
202300017439;155 649 663;7;0;2;1;1;1
202300017440;155 649 660;50;0;2;8;0;3
202300017440;155 649 661;7;0;2;2;0;1
202300017441;155 649 659;21;0;1;3;1;1
202300017442;155 649 658;10;0;1;1;9;1
202300017443;155 649 657;7;0;1;1;1;1
202300017444;155 649 655;2;0;2;3;1;1
202300017444;155 649 656;7;0;2;7;20;1
202300017445;155 649 654;10;15;5;0;21;0
202300017446;155 649 653;7;0;1;3;0;1
202300017447;155 649 650;33;0;2;1;1;1
202300017447;155 649 651;7;0;2;8;19;2
202300017448;155 649 648;7;0;2;1;15;1
202300017448;155 649 649;1;0;2;6;1;5
202300017449;155 649 646;7;0;2;2;1;1
202300017449;155 649 647;30;0;2;3;1;1
202300017450;155 649 644;7;0;2;4;2;1
202300017450;155 649 645;7;0;2;1;2;1
202300017451;155 649 642;33;0;2;1;26;1
202300017451;155 649 643;7;0;2;6;12;1
202300017452;155 649 640;7;0;2;1;1;1
202300017452;155 649 641;7;0;2;6;1;1
202300017453;155 649 638;7;0;2;4;2;1
202300017453;155 649 639;7;1;0;1;2;1
202300017454;155 649 637;7;6;0;1;14;1
202300017455;155 649 635;7;0;2;2;2;1
202300017455;155 649 636;7;0;2;4;2;1
202300017456;155 649 634;7;0;1;1;1;1
202300017457;155 649 632;7;0;2;7;15;1
202300017457;155 649 633;7;0;2;1;1;2
202300017458;155 649 628;7;0;0;4;15;1
202300017458;155 649 629;7;0;2;1;2;1
202300017459;155 649 626;1;0;2;1;17;5
202300017459;155 649 627;50;0;2;8;1;3
202300017460;155 649 625;7;0;1;3;1;1
202300017461;155 649 624;7;0;1;3;15;1
202300017462;155 649 623;7;0;1;3;2;1
202300017463;155 649 619;33;0;2;1;2;0
202300017463;155 649 620;7;0;2;1;23;0
202300017463;155 649 621;7;0;2;7;23;0
202300017463;155 649 622;7;0;2;3;17;0
202300017464;155 649 618;32;0;1;8;0;0
202300017465;155 649 616;7;0;2;3;5;1
202300017465;155 649 617;10;0;2;6;1;1
202300017466;155 649 614;99;0;2;3;16;1
202300017466;155 649 615;10;0;2;2;16;1
202300017467;155 649 612;30;0;2;7;17;1
202300017467;155 649 613;7;0;2;6;15;1
202300017468;155 649 610;50;0;2;1;1;3
202300017468;155 649 611;7;0;2;8;22;2
202300017469;155 649 609;2;9;0;1;14;1
202300017470;155 649 608;37;0;1;2;1;3
202300017471;155 649 606;7;0;2;8;15;1
202300017471;155 649 607;30;0;2;2;17;1
202300017472;155 649 605;7;0;1;5;4;1
202300017473;155 649 604;7;0;1;1;13;1
202300017474;155 649 602;1;0;2;1;1;5
202300017474;155 649 603;1;0;2;5;15;5
202300017475;155 649 601;34;0;1;2;17;1
202300017476;155 649 599;7;0;2;7;12;1
202300017476;155 649 600;33;0;2;3;2;1
202300017477;155 649 597;7;0;2;1;0;1
202300017477;155 649 598;33;0;2;8;0;1
202300017478;155 649 595;7;0;2;5;14;1
202300017478;155 649 596;33;0;2;1;1;1
202300017479;155 649 594;7;0;1;3;16;0
202300017480;155 649 592;1;0;2;8;9;5
202300017480;155 649 593;31;0;2;1;2;1
202300017481;155 649 590;7;0;2;1;1;1
202300017481;155 649 591;3;0;2;4;1;1
202300017482;155 649 588;7;0;2;2;9;1
202300017482;155 649 589;7;0;2;8;26;1
202300017483;155 649 586;7;0;2;1;1;0
202300017483;155 649 587;7;0;2;3;15;0
202300017484;155 649 585;7;0;1;2;1;1
202300017485;155 649 583;7;0;9;1;1;1
202300017486;155 649 581;10;0;2;4;20;0
202300017486;155 649 582;32;0;2;2;1;0
202300017487;155 649 579;7;0;2;3;2;1
202300017487;155 649 580;33;0;2;2;2;1
202300017488;155 649 577;33;0;2;7;3;1
202300017488;155 649 578;7;0;2;1;15;1
202300017489;155 649 575;50;0;2;7;1;3
202300017489;155 649 576;7;0;2;8;15;1
202300017490;155 649 573;7;0;2;2;1;1
202300017490;155 649 574;10;0;2;3;15;1
202300017491;155 649 570;10;0;2;8;22;0
202300017491;155 649 571;60;0;0;0;0;5
202300017492;155 649 567;7;0;2;1;1;1
202300017492;155 649 568;7;0;2;5;20;1
202300017493;155 649 566;7;6;0;1;2;1
202300017494;155 649 565;30;1;2;8;21;0
202300017495;155 649 563;10;0;2;1;1;1
202300017495;155 649 564;32;0;2;1;15;1
202300017496;155 649 562;42;0;1;1;1;1
202300017497;155 649 561;43;12;0;2;1;1
202300017498;155 649 559;7;0;2;2;15;1
202300017498;155 649 560;7;0;2;8;1;2
202300017499;155 649 558;7;15;0;1;14;1
202300017500;155 649 557;7;2;0;1;14;2
202300017501;155 649 556;7;0;1;4;20;0
202300017502;155 649 552;7;0;2;3;1;1
202300017502;155 649 553;7;0;2;1;5;1
202300017502;155 649 554;7;0;0;2;26;1
202300017502;155 649 555;7;0;0;2;26;1
202300017503;155 649 550;7;0;2;3;13;1
202300017503;155 649 551;7;0;2;3;1;1
202300017504;155 649 549;7;2;0;8;1;1
202300017505;155 649 547;7;0;2;3;1;1
202300017505;155 649 548;36;0;2;2;1;1
202300017506;155 649 546;7;8;0;1;0;1
202300017507;155 649 545;7;3;-1;1;0;1
202300017508;155 649 544;10;15;9;2;26;1
202300017509;155 649 542;7;0;2;8;19;1
202300017509;155 649 543;10;0;2;1;1;1
202300017510;155 649 541;7;13;0;1;1;0
202300017511;155 649 539;2;0;2;2;1;1
202300017511;155 649 540;7;0;2;4;26;1
202300017512;155 649 538;7;6;6;1;1;1
202300017513;155 649 536;2;0;2;1;17;1
202300017513;155 649 537;7;0;2;1;1;3
202300017514;155 649 533;7;0;2;1;13;1
202300017514;155 649 534;7;0;2;1;13;1
202300017514;155 649 535;16;0;2;1;1;1
202300017515;155 649 532;15;13;0;7;1;1
202300017516;155 649 531;7;15;-1;1;1;1
202300017517;155 649 530;7;2;0;0;1;1
202300017518;155 649 529;7;0;1;1;1;1
202300017519;155 649 527;33;0;2;7;3;1
202300017519;155 649 528;7;0;2;8;13;3
202300017520;155 649 526;7;2;0;1;1;1
202300017521;155 649 523;7;0;2;3;1;1
202300017521;155 649 525;2;0;2;7;1;1
202300017522;155 649 522;33;0;2;1;3;1
202300017522;155 649 524;33;0;2;4;1;0
202300017523;155 649 519;7;0;2;2;15;1
202300017523;155 649 521;2;0;2;7;21;1
202300017524;155 649 517;7;0;2;8;11;1
202300017524;155 649 518;7;0;2;7;1;1
202300017524;155 649 520;33;0;2;6;1;1
202300017525;155 649 514;7;0;2;2;16;0
202300017525;155 649 516;31;0;2;6;7;1
202300017526;155 649 513;7;0;2;4;1;2
202300017526;155 649 515;10;0;2;1;2;1
202300017527;155 649 512;7;0;0;-1;26;1
202300017528;155 649 511;21;0;0;7;10;1
202300017529;155 649 508;33;11;0;1;17;1
202300017530;155 649 507;17;0;2;4;1;1
202300017530;155 649 509;17;0;2;1;1;1
202300017530;155 649 510;99;0;2;1;1;1
202300017531;155 649 504;14;3;2;1;2;1
202300017531;155 649 506;7;0;2;1;13;1
202300017532;155 649 503;7;3;2;1;2;1
202300017532;155 649 505;7;0;2;4;2;1
202300017533;155 649 501;1;0;2;4;2;5
202300017533;155 649 502;7;0;9;2;2;0
202300017534;155 649 499;7;0;2;2;12;1
202300017534;155 649 500;33;0;2;3;3;1
202300017535;155 649 495;7;0;2;1;2;1
202300017535;155 649 497;7;0;2;4;1;1
202300017536;155 649 493;31;0;0;1;3;1
202300017537;155 649 491;7;0;2;2;14;1
202300017538;155 649 490;37;0;2;2;1;1
202300017538;155 649 492;1;0;2;4;1;5
202300017539;155 649 485;33;0;2;1;11;1
202300017539;155 649 487;7;4;2;6;1;1
202300017539;155 649 489;33;4;2;1;3;0
202300017540;155 649 486;7;14;0;1;2;1
202300017540;155 649 488;10;0;0;4;23;1
202300017541;155 649 482;7;0;2;8;1;1
202300017541;155 649 484;14;0;2;1;12;1
202300017542;155 649 481;7;0;0;4;1;1
202300017542;155 649 483;7;0;2;1;2;1
202300017543;155 649 477;7;0;2;1;5;1
202300017543;155 649 479;7;0;2;1;1;1
202300017544;155 649 475;7;0;2;5;1;1
202300017544;155 649 476;7;0;2;3;1;1
202300017544;155 649 478;7;0;2;3;12;1
202300017544;155 649 480;33;0;2;3;3;1
202300017545;155 649 474;37;0;1;3;24;1
202300017546;155 649 472;10;0;2;1;1;1
202300017546;155 649 473;7;0;2;4;23;1
202300017547;155 649 470;10;0;2;3;2;1
202300017547;155 649 471;17;0;0;5;2;1
202300017548;155 649 469;7;4;0;2;14;1
202300017549;155 649 467;32;0;1;1;26;1
202300017550;155 649 465;50;0;1;1;1;3
202300017551;155 649 463;2;0;2;1;9;1
202300017551;155 649 464;2;0;2;5;26;1
202300017552;155 649 462;7;4;0;2;17;1
202300017553;155 649 460;13;0;2;7;1;1
202300017553;155 649 461;1;0;2;8;1;5
202300017554;155 649 458;33;0;2;5;16;1
202300017554;155 649 459;13;0;2;3;1;1
202300017555;155 649 456;7;0;2;3;1;4
202300017555;155 649 457;7;0;2;3;13;1
202300017556;155 649 454;7;0;2;3;9;1
202300017556;155 649 455;2;0;2;1;1;1
202300017557;155 649 451;2;0;2;6;1;1
202300017557;155 649 452;7;0;9;2;12;1
202300017558;155 649 450;7;0;2;1;1;1
202300017558;155 649 453;7;0;2;8;9;1
202300017559;155 649 447;7;0;9;2;1;1
202300017559;155 649 449;50;0;2;8;15;3
202300017560;155 649 446;7;0;0;8;19;1
202300017560;155 649 448;33;0;2;1;1;1
202300017561;155 649 442;7;0;2;2;1;1
202300017561;155 649 444;7;0;2;6;24;1
202300017561;155 649 445;30;0;2;3;19;1
202300017562;155 649 443;33;0;0;9;1;1
202300017563;155 649 441;1;14;0;0;16;5
202300017564;155 649 437;31;0;2;1;1;0
202300017564;155 649 438;7;0;2;2;15;0
202300017565;155 649 436;7;12;0;2;1;1
202300017566;155 649 439;10;0;2;1;1;1
202300017566;155 649 440;7;0;2;1;5;0
202300017567;155 649 435;33;0;9;0;0;1
202300017568;155 649 434;7;8;0;3;1;1
202300017569;155 649 433;33;0;0;0;26;0
202300017570;155 649 429;50;0;2;0;0;3
202300017570;155 649 430;7;0;9;1;1;1
202300017571;155 649 428;7;0;1;2;1;1
202300017572;155 649 426;7;0;2;2;1;1
202300017572;155 649 427;7;0;2;1;1;1
202300017573;155 649 424;37;0;2;2;1;1
202300017573;155 649 425;7;0;2;5;1;1
202300017574;155 649 423;7;1;0;2;14;1
202300017575;155 649 422;7;0;1;1;1;1
202300017576;155 649 420;43;0;2;2;1;1
202300017576;155 649 421;7;0;2;3;10;1
202300017577;155 649 419;7;14;0;1;6;1
202300017578;155 649 417;33;0;2;1;17;1
202300017578;155 649 418;7;0;2;3;15;1
202300017579;155 649 415;32;0;2;1;18;1
202300017579;155 649 416;7;0;2;2;15;1
202300017580;155 649 413;2;0;2;1;19;1
202300017580;155 649 414;7;0;2;3;1;1
202300017581;155 649 411;7;0;2;1;1;1
202300017581;155 649 412;7;0;2;4;1;1
202300017582;155 649 409;7;0;2;2;1;1
202300017582;155 649 410;7;0;2;7;1;1
202300017583;155 649 405;7;0;2;4;1;1
202300017583;155 649 406;7;0;2;4;1;1
202300017583;155 649 407;7;0;2;4;1;1
202300017583;155 649 408;7;0;2;1;1;1
202300017584;155 649 404;7;0;1;2;17;1
202300017585;155 649 402;7;0;2;3;15;1
202300017585;155 649 403;30;0;2;1;1;1
202300017586;155 649 400;7;0;2;0;1;1
202300017586;155 649 401;1;0;2;2;1;5
202300017587;155 649 399;1;16;0;0;1;5
202300017588;155 649 398;10;8;0;1;2;1
202300017589;155 649 396;7;0;2;6;26;1
202300017589;155 649 397;2;0;2;1;9;1
202300017590;155 649 394;7;1;0;1;1;1
202300017590;155 649 395;7;0;2;4;23;1
202300017591;155 649 392;7;0;2;1;1;1
202300017591;155 649 393;1;0;2;8;0;5
202300017592;155 649 390;30;0;2;8;1;1
202300017592;155 649 391;7;0;2;2;2;1
202300017593;155 649 388;10;0;2;3;1;1
202300017593;155 649 389;1;0;2;2;15;5
202300017594;155 649 387;30;0;0;0;1;0
202300017595;155 649 386;30;0;0;0;15;1
202300017596;155 649 384;10;0;9;2;19;1
202300017596;155 649 385;1;0;2;1;1;5
202300017597;155 649 383;30;1;0;1;13;1
202300017598;155 649 382;7;1;0;3;13;1
202300017599;155 649 378;34;14;0;0;0;0
202300017599;155 649 379;3;0;2;2;1;0
202300017600;155 649 376;7;0;2;2;15;1
202300017600;155 649 377;32;0;2;1;1;1
202300017601;155 649 374;7;0;2;5;15;1
202300017601;155 649 375;50;0;2;1;0;3
202300017602;155 649 371;7;16;0;6;15;0
202300017602;155 649 372;7;0;2;0;0;2
202300017602;155 649 373;7;0;2;9;1;1
202300017603;155 649 370;7;0;0;7;1;1
202300017604;155 649 368;2;0;0;4;23;1
202300017604;155 649 369;7;0;2;1;2;1
202300017605;155 649 366;7;0;2;2;2;1
202300017605;155 649 367;7;0;2;6;2;1
202300017606;155 649 365;7;0;1;4;4;0
202300017607;155 649 363;7;0;2;2;1;1
202300017607;155 649 364;1;0;2;8;1;5
202300017608;155 649 361;32;0;2;7;1;1
202300017608;155 649 362;1;0;2;1;1;5
202300017609;155 649 360;30;0;0;0;9;3
202300017610;155 649 358;7;0;2;3;9;2
202300017610;155 649 359;31;0;2;7;1;1
202300017611;155 649 356;7;0;2;5;23;1
202300017611;155 649 357;10;0;2;6;1;1
202300017612;155 649 355;1;0;1;1;1;5
202300017613;155 649 353;10;0;2;2;1;1
202300017613;155 649 354;43;0;2;0;1;1
202300017614;155 649 351;7;0;2;3;2;1
202300017614;155 649 352;1;0;2;1;17;5
202300017615;155 649 350;14;0;1;0;1;1
202300017616;155 649 348;10;0;2;2;14;1
202300017616;155 649 349;7;0;2;6;1;2
202300017617;155 649 346;99;0;2;1;1;1
202300017617;155 649 347;33;0;2;4;23;1
202300017618;155 649 344;7;0;2;1;1;1
202300017618;155 649 345;7;0;2;7;1;1
202300017619;155 649 342;50;0;2;1;1;3
202300017619;155 649 343;7;0;2;2;16;1
202300017620;155 649 340;2;0;2;5;26;1
202300017620;155 649 341;7;0;2;3;26;0
202300017621;155 649 339;60;12;0;1;1;5
202300017622;155 649 338;33;14;0;1;6;1
202300017623;155 649 337;10;0;0;0;0;1
202300017624;155 649 335;7;0;2;5;0;1
202300017624;155 649 336;7;0;2;1;5;3
202300017625;155 649 333;33;12;2;6;9;1
202300017625;155 649 334;33;1;2;1;13;1
202300017626;155 649 331;1;0;9;0;9;5
202300017626;155 649 332;7;0;9;3;9;1
202300017627;155 649 330;7;13;0;7;1;1
202300017628;155 649 328;7;0;2;1;17;1
202300017628;155 649 329;7;0;2;6;15;1
202300017629;155 649 327;7;3;0;2;14;1
202300017630;155 649 325;1;0;2;7;1;5
202300017630;155 649 326;7;0;9;4;26;0
202300017631;155 649 323;7;0;2;1;13;3
202300017631;155 649 324;10;0;2;1;1;0
202300017632;155 649 321;7;0;2;1;1;1
202300017632;155 649 322;7;0;2;8;21;1
202300017633;155 649 320;7;15;9;1;1;1
202300017634;155 649 319;7;0;1;2;16;0
202300017635;155 649 318;7;14;0;1;0;1
202300017636;155 649 316;7;0;2;7;1;1
202300017636;155 649 317;7;0;2;1;1;1
202300017637;155 649 314;7;0;2;2;1;1
202300017637;155 649 315;2;0;2;1;13;1
202300017638;155 649 312;7;0;2;2;15;1
202300017638;155 649 313;7;15;2;1;1;1
202300017639;155 649 311;7;2;0;1;14;1
202300017640;155 649 310;7;0;1;2;1;1
202300017641;155 649 309;7;6;0;2;1;1
202300017642;155 649 307;7;6;2;7;1;1
202300017642;155 649 308;7;6;2;1;1;1
202300017643;155 649 305;3;0;2;7;17;1
202300017643;155 649 306;31;12;0;3;14;1
202300017644;155 649 304;7;4;0;9;2;0
202300017645;155 649 303;7;0;1;2;1;1
202300017646;155 649 301;7;0;2;2;15;1
202300017646;155 649 302;33;0;2;7;1;1
202300017647;155 649 300;7;0;1;1;1;1
202300017648;155 649 298;7;0;2;3;1;1
202300017648;155 649 299;17;0;2;8;1;1
202300017649;155 649 296;7;0;9;2;16;1
202300017649;155 649 297;1;0;2;4;5;5
202300017650;155 649 294;7;0;0;7;10;1
202300017650;155 649 295;33;0;2;1;1;1
202300017651;155 649 292;1;0;2;4;15;5
202300017651;155 649 293;38;0;2;2;2;1
202300017652;155 649 290;15;0;0;6;1;1
202300017652;155 649 291;7;0;2;1;0;1
202300017653;155 649 288;7;0;2;0;13;1
202300017653;155 649 289;7;0;2;1;1;1
202300017654;155 649 286;7;0;9;3;1;1
202300017654;155 649 287;1;0;2;1;26;5
202300017655;155 649 284;7;0;2;2;19;1
202300017655;155 649 285;7;0;2;2;21;1
202300017656;155 649 283;34;3;0;9;1;1
202300017657;155 649 281;7;0;2;8;10;0
202300017657;155 649 282;31;0;2;1;2;1
202300017658;155 649 279;7;0;2;1;1;0
202300017658;155 649 280;7;0;2;1;1;0
202300017659;155 649 278;7;2;0;8;1;1
202300017660;155 649 276;32;0;0;4;1;1
202300017660;155 649 277;10;0;2;3;9;1
202300017661;155 649 275;7;6;0;3;1;0
202300017662;155 649 274;33;0;6;1;1;1
202300017663;155 649 267;7;3;0;7;14;1
202300017664;155 649 265;7;0;2;5;26;1
202300017664;155 649 266;7;0;2;3;21;1
202300017665;155 649 264;33;0;1;8;0;1
202300017666;155 649 263;10;0;1;7;19;1
202300017667;155 649 261;7;0;2;3;5;1
202300017667;155 649 262;7;0;2;3;1;1
202300017668;155 649 260;30;0;1;1;26;1
202300017669;155 649 259;7;0;1;1;1;1
202300017670;155 649 257;33;0;2;0;11;1
202300017670;155 649 258;10;0;2;1;2;1
202300017671;155 649 256;10;0;1;2;16;6
202300017672;155 649 253;7;0;2;1;23;1
202300017672;155 649 254;31;0;2;1;21;1
202300017672;155 649 255;7;0;2;8;1;0
202300017673;155 649 251;32;0;2;0;1;1
202300017673;155 649 252;7;0;2;0;19;1
202300017674;155 649 250;7;0;1;1;1;1
202300017675;155 649 248;1;0;2;3;1;5
202300017675;155 649 249;7;0;2;3;11;1
202300017676;155 649 247;33;12;0;8;0;1
202300017677;155 649 244;7;0;2;1;18;1
202300017677;155 649 245;7;3;2;7;1;1
202300017677;155 649 246;7;3;2;7;1;1
202300017678;155 649 242;7;0;2;5;15;1
202300017678;155 649 243;33;0;2;1;1;1
202300017679;155 649 241;7;8;1;2;1;1
202300017680;155 649 239;7;0;2;4;2;1
202300017680;155 649 240;10;0;2;1;2;1
202300017681;155 649 237;7;0;2;2;15;1
202300017681;155 649 238;33;0;2;7;1;1
202300017682;155 649 235;7;1;0;1;14;1
202300017682;155 649 236;7;0;2;4;23;1
202300017683;155 649 234;7;2;0;2;26;0
202300017684;155 649 231;30;0;2;8;1;1
202300017684;155 649 233;7;0;2;0;15;1
202300017685;155 649 229;0;0;1;4;4;0
202300017686;155 649 227;33;3;0;1;26;1
202300017687;155 649 224;7;0;2;1;1;1
202300017687;155 649 225;7;0;2;4;1;1
202300017688;155 649 222;7;0;2;3;9;1
202300017688;155 649 223;80;0;2;0;0;3
202300017689;155 649 220;7;0;2;5;10;0
202300017689;155 649 221;7;0;2;1;1;1
202300017690;155 649 219;10;0;1;1;1;1
202300017691;155 649 217;7;0;2;2;0;0
202300017691;155 649 218;7;0;2;8;0;0
202300017692;155 649 214;7;0;2;3;11;1
202300017692;155 649 216;7;2;2;0;0;1
202300017693;155 649 215;7;0;0;9;1;1
202300017694;155 649 212;10;0;2;7;1;1
202300017694;155 649 213;7;0;2;0;16;1
202300017695;155 649 211;7;1;0;2;1;1
202300017696;155 649 207;7;0;2;1;15;1
202300017696;155 649 209;7;0;2;2;1;1
202300017697;155 649 206;10;0;2;1;5;1
202300017697;155 649 208;17;0;2;3;1;1
202300017697;155 649 210;7;0;2;1;1;1
202300017698;155 649 204;7;0;2;6;1;1
202300017698;155 649 205;7;0;2;1;11;0
202300017699;155 649 198;7;0;2;1;13;1
202300017699;155 649 200;7;0;2;6;23;1
202300017699;155 649 202;7;0;2;1;23;1
202300017699;155 649 203;7;0;2;1;23;1
202300017700;155 649 197;7;0;2;3;19;1
202300017700;155 649 199;7;0;2;2;1;1
202300017700;155 649 201;10;0;2;1;1;1
202300017701;155 649 193;7;0;2;1;1;1
202300017701;155 649 195;10;0;2;4;1;1
202300017701;155 649 196;7;0;2;4;1;1
202300017702;155 649 192;7;0;2;3;9;1
202300017702;155 649 194;33;8;2;1;16;1
202300017703;155 649 190;7;0;1;1;1;1
202300017704;155 649 191;33;8;0;8;1;1
202300017705;155 649 188;32;0;2;3;1;1
202300017705;155 649 189;7;0;2;2;15;1
202300017706;155 649 187;34;0;1;1;1;1
202300017707;155 649 185;10;0;1;2;19;1
202300017708;155 649 186;7;1;0;0;1;1
202300017709;155 649 183;32;0;1;0;3;1
202300017710;155 649 182;7;0;2;2;2;1
202300017710;155 649 184;7;0;2;6;2;1
202300017711;155 649 181;34;6;0;1;1;1
202300017712;155 649 173;7;1;0;1;1;1
202300017712;155 649 175;7;1;0;4;23;1
202300017712;155 649 176;7;0;0;2;23;1
202300017713;155 649 174;7;0;2;7;1;1
202300017713;155 649 177;31;0;2;2;14;-1
202300017713;155 649 178;10;0;2;3;1;1
202300017713;155 649 179;7;0;2;7;1;1
202300017713;155 649 180;33;0;2;1;3;1
202300017714;155 649 172;7;0;0;1;13;1
202300017715;155 649 171;33;15;0;8;1;1
202300017716;155 649 166;10;0;2;1;1;0
202300017716;155 649 168;31;0;2;2;1;3
202300017716;155 649 170;10;0;2;3;11;1
202300017717;155 649 165;1;0;2;1;19;5
202300017717;155 649 167;7;0;2;7;1;1
202300017718;155 649 164;7;1;0;1;1;1
202300017719;155 649 163;2;0;1;1;1;1
202300017720;155 649 161;7;0;2;2;1;1
202300017720;155 649 162;7;0;2;3;16;1
202300017721;155 649 159;7;0;1;4;4;0
202300017722;155 649 157;30;0;0;0;0;1
202300017723;155 649 158;7;0;2;1;1;1
202300017723;155 649 160;7;0;2;5;20;1
202300017724;155 649 155;7;1;2;4;2;1
202300017724;155 649 156;33;0;2;4;2;1
202300017725;155 649 153;7;0;1;0;15;1
202300017726;155 649 154;1;0;1;1;5;5
202300017727;155 649 151;7;0;2;2;26;1
202300017727;155 649 152;7;0;2;4;2;1
202300017728;155 649 149;33;6;0;1;0;1
202300017729;155 649 148;33;16;0;7;20;1
202300017730;155 649 150;10;0;1;4;25;1
202300017731;155 649 146;7;0;2;2;15;1
202300017731;155 649 147;7;0;2;3;2;1
202300017732;155 649 144;80;0;2;3;2;3
202300017732;155 649 145;7;0;2;2;16;2
202300017733;155 649 143;7;0;1;1;15;2
202300017734;155 649 139;31;0;2;1;0;1
202300017734;155 649 142;7;0;2;3;15;1
202300017735;155 649 140;7;0;2;1;1;1
202300017735;155 649 141;1;0;2;8;19;5
202300017736;155 649 134;31;0;2;8;9;1
202300017736;155 649 137;1;0;2;1;1;5
202300017737;155 649 133;7;0;2;1;1;1
202300017737;155 649 135;7;0;2;9;1;1
202300017737;155 649 136;7;0;2;9;1;1
202300017737;155 649 138;7;0;2;4;1;1
202300017738;155 649 131;1;0;2;2;1;5
202300017738;155 649 132;31;0;2;1;9;3
202300017739;155 649 127;7;0;2;2;2;1
202300017739;155 649 129;7;0;2;1;9;1
202300017740;155 649 125;33;0;2;1;1;1
202300017740;155 649 128;7;0;2;5;15;2
202300017741;155 649 126;7;0;2;5;15;1
202300017741;155 649 130;7;0;2;2;1;1
202300017742;155 649 123;7;0;1;3;22;0
202300017743;155 649 122;1;0;9;1;0;5
202300017743;155 649 124;1;0;2;8;0;5
202300017744;155 649 119;17;0;1;1;1;1
202300017745;155 649 118;7;0;2;1;26;1
202300017745;155 649 120;50;0;2;6;13;3
202300017746;155 649 117;7;0;2;3;0;1
202300017746;155 649 121;7;0;2;1;5;1
202300017747;155 649 116;50;6;0;1;1;3
202300017748;155 649 115;10;0;1;4;4;1
202300017749;155 649 114;2;15;0;0;15;1
202300017750;155 649 113;7;11;0;1;2;1
202300017751;155 649 111;34;0;2;1;0;0
202300017751;155 649 112;32;0;2;4;0;1
202300017752;155 649 110;2;8;0;1;0;1
202300017753;155 649 109;30;9;0;1;1;1
202300017754;155 649 107;7;0;2;1;1;1
202300017754;155 649 108;7;0;0;4;0;1
202300017755;155 649 105;7;0;2;1;2;1
202300017755;155 649 106;13;0;0;4;2;1
202300017756;155 649 104;7;1;0;1;2;1
202300017757;155 649 101;7;0;2;2;1;1
202300017757;155 649 103;1;0;0;4;1;5
202300017758;155 649 099;14;0;2;8;15;1
202300017758;155 649 102;37;0;2;3;1;1
202300017759;155 649 098;2;0;2;4;1;1
202300017759;155 649 100;2;0;2;1;2;1
202300017760;155 649 095;7;0;2;4;4;1
202300017760;155 649 096;30;0;2;1;1;1
202300017761;155 649 094;1;0;2;1;1;5
202300017761;155 649 097;13;0;2;5;15;1
202300017762;155 649 092;7;0;2;2;16;1
202300017762;155 649 093;7;0;2;0;0;1
202300017763;155 649 090;1;0;2;8;1;5
202300017763;155 649 091;7;0;2;5;18;1
202300017764;155 649 088;10;4;2;3;21;0
202300017765;155 649 087;7;0;2;1;1;1
202300017765;155 649 089;7;0;2;1;17;1
202300017766;155 649 084;99;0;0;0;1;1
202300017767;155 649 083;7;0;2;6;0;1
202300017767;155 649 086;32;0;2;2;0;1
202300017768;155 649 082;10;0;2;1;13;1
202300017768;155 649 085;10;0;2;1;1;1
202300017769;155 649 076;7;14;0;2;13;1
202300017769;155 649 077;10;0;2;8;1;1
202300017769;155 649 080;7;0;2;3;1;1
202300017770;155 649 078;7;0;9;2;15;0
202300017770;155 649 081;99;0;2;1;1;0
202300017771;155 649 075;7;0;2;1;1;3
202300017771;155 649 079;7;0;2;1;5;1
202300017772;155 649 072;14;2;0;2;13;1
202300017773;155 649 071;7;0;2;1;26;1
202300017773;155 649 074;33;0;2;2;0;1
202300017774;155 649 068;33;0;0;0;1;1
202300017775;155 649 066;7;0;2;6;1;1
202300017775;155 649 069;7;0;2;4;1;1
202300017775;155 649 070;7;0;2;6;11;1
202300017775;155 649 073;33;0;2;9;3;1
202300017776;155 649 065;32;0;2;1;2;1
202300017776;155 649 067;7;0;2;7;2;1
202300017777;155 649 064;7;13;0;3;13;6
202300017778;155 649 062;33;0;0;8;10;1
202300017779;155 649 060;7;0;2;1;1;2
202300017779;155 649 063;7;0;2;3;1;1
202300017780;155 649 059;7;0;2;6;1;1
202300017780;155 649 061;7;7;2;7;1;1
202300017781;155 649 056;33;0;2;1;1;1
202300017781;155 649 058;7;0;2;3;13;1