Num_Acc;id_vehicule;catv;obs;obsm;choc;manv;motor
202300017782;155 649 055;7;0;9;2;10;1
202300017782;155 649 057;1;0;2;1;19;5
202300017783;155 649 053;7;0;2;3;0;1
202300017783;155 649 054;7;0;2;3;0;1
202300017784;155 649 049;10;0;2;8;19;0
202300017784;155 649 051;7;0;2;1;1;0
202300017785;155 649 050;33;0;2;1;17;1
202300017785;155 649 052;7;0;2;8;15;1
202300017786;155 649 048;33;0;0;7;1;1
202300017787;155 649 045;7;0;1;1;2;1
202300017788;155 649 044;7;0;2;1;2;1
202300017788;155 649 046;7;0;2;7;2;1
202300017788;155 649 047;10;0;2;1;5;1
202300017789;155 649 043;7;0;1;4;4;1
202300017790;155 649 041;31;15;0;1;2;1
202300017791;155 649 040;1;0;0;3;2;5
202300017791;155 649 042;37;0;0;3;2;3
202300017792;155 649 035;2;0;2;8;1;1
202300017792;155 649 038;7;0;2;7;1;1
202300017793;155 649 034;1;1;2;8;1;5
202300017793;155 649 037;7;0;9;3;10;0
202300017794;155 649 036;33;0;2;1;2;0
202300017794;155 649 039;7;0;2;1;5;6
202300017795;155 649 030;60;0;2;5;19;5
202300017795;155 649 032;7;0;2;1;1;1
202300017796;155 649 029;7;0;2;2;1;1
202300017796;155 649 033;1;0;2;7;2;5
202300017797;155 649 027;7;0;9;3;9;1
202300017797;155 649 031;1;0;2;7;1;5
202300017798;155 649 026;1;0;2;1;5;5
202300017798;155 649 028;33;0;2;3;15;1
202300017799;155 649 024;7;0;2;2;17;1
202300017799;155 649 025;7;0;2;3;15;1
202300017800;155 649 022;2;0;2;3;2;1
202300017800;155 649 023;3;0;2;2;2;1
202300017801;155 649 020;7;0;2;3;9;1
202300017801;155 649 021;1;0;2;8;1;5
202300017802;155 649 019;10;0;1;1;15;0
202300017803;155 649 017;1;0;2;1;1;5
202300017803;155 649 018;10;0;2;8;15;0
202300017804;155 649 013;7;0;2;1;26;0
202300017804;155 649 015;7;0;2;4;23;0
202300017804;155 649 016;7;0;9;4;23;0
202300017805;155 649 010;43;0;2;8;11;1
202300017805;155 649 012;43;0;2;7;1;1
202300017806;155 649 009;30;0;2;1;1;1
202300017806;155 649 011;7;0;2;2;9;1
202300017807;155 649 006;33;0;2;8;16;1
202300017807;155 649 008;7;0;2;2;1;1
202300017808;155 649 004;7;0;2;1;2;1
202300017808;155 649 005;7;0;2;1;2;1
202300017808;155 649 007;7;0;2;4;23;1
202300017809;155 649 002;7;0;2;8;15;1
202300017809;155 649 003;33;0;2;1;17;1
202300017810;155 649 000;17;0;2;4;0;1
202300017810;155 649 001;7;0;2;1;0;1
202300017811;155 648 999;10;17;0;9;14;1
202300017812;155 648 995;7;0;2;4;2;0
202300017812;155 648 997;7;0;2;1;2;2
202300017812;155 648 998;7;0;2;4;2;1
202300017813;155 648 994;20;0;9;1;26;1
202300017813;155 648 996;1;0;2;1;1;5
202300017814;155 648 992;7;0;6;2;21;1
202300017815;155 648 991;33;0;2;7;3;1
202300017815;155 648 993;7;0;2;6;11;1
202300017816;155 648 988;80;0;2;3;0;2
202300017816;155 648 989;10;0;2;5;17;1
202300017817;155 648 987;7;0;1;1;1;1
202300017818;155 648 985;7;0;2;4;1;1
202300017818;155 648 986;7;0;2;4;1;1
202300017819;155 648 983;10;0;2;1;13;1
202300017819;155 648 984;7;0;2;1;1;1
202300017820;155 648 981;10;0;2;8;19;1
202300017820;155 648 982;37;0;2;1;1;1
202300017821;155 648 980;33;0;0;8;14;1
202300017822;155 648 978;33;12;0;0;0;1
202300017823;155 648 977;1;0;2;1;2;5
202300017823;155 648 979;7;0;2;4;1;1
202300017824;155 648 974;33;0;2;1;2;1
202300017824;155 648 976;7;0;0;6;23;1
202300017825;155 648 973;7;0;0;0;0;1
202300017825;155 648 975;7;0;0;0;0;1
202300017826;155 648 972;2;0;0;0;0;1
202300017827;155 648 968;7;0;2;4;2;1
202300017827;155 648 970;7;0;2;1;2;1
202300017827;155 648 971;7;0;2;4;2;2
202300017828;155 648 967;99;0;2;1;13;1
202300017828;155 648 969;7;0;2;3;1;1
202300017829;155 648 965;34;0;2;7;21;1
202300017829;155 648 966;7;0;2;5;20;1
202300017830;155 648 962;14;0;2;1;15;1
202300017830;155 648 964;1;0;2;7;1;5
202300017831;155 648 960;7;0;2;3;23;1
202300017831;155 648 961;33;1;0;2;3;1
202300017831;155 648 963;7;0;2;0;9;1
202300017832;155 648 959;7;2;0;1;14;0
202300017833;155 648 957;7;0;1;3;1;1
202300017834;155 648 956;1;0;2;1;7;5
202300017834;155 648 958;37;0;9;1;17;1
202300017835;155 648 953;7;0;2;2;16;1
202300017835;155 648 954;33;0;2;8;0;1
202300017836;155 648 950;7;0;2;2;1;1
202300017836;155 648 952;2;0;2;8;15;1
202300017837;155 648 949;7;0;2;3;11;1
202300017837;155 648 951;7;0;2;2;1;1
202300017838;155 648 948;7;8;0;1;1;1
202300017839;155 648 945;7;0;2;2;9;1
202300017839;155 648 946;7;0;2;1;1;1
202300017840;155 648 943;7;2;2;4;0;1
202300017840;155 648 944;7;0;2;4;2;1
202300017840;155 648 947;7;2;2;1;2;1
202300017841;155 648 941;7;0;0;4;1;1
202300017841;155 648 942;10;0;2;1;1;1
202300017842;155 648 939;2;0;0;6;21;2
202300017842;155 648 940;7;0;9;6;15;1
202300017843;155 648 937;17;0;0;6;9;1
202300017843;155 648 938;17;0;2;1;1;1
202300017844;155 648 935;7;0;2;7;16;1
202300017844;155 648 936;33;0;2;1;1;1
202300017845;155 648 934;7;0;1;1;1;1
202300017846;155 648 930;7;0;2;1;1;1
202300017846;155 648 932;1;0;2;8;9;5
202300017847;155 648 931;31;0;0;3;3;1
202300017847;155 648 933;7;0;0;5;3;2
202300017848;155 648 928;2;8;0;2;1;0
202300017849;155 648 929;30;8;0;1;1;1
202300017850;155 648 925;14;15;0;1;1;1
202300017850;155 648 927;17;0;2;7;21;1
202300017851;155 648 922;7;0;2;3;16;0
202300017851;155 648 923;31;0;2;3;17;1
202300017852;155 648 920;3;0;0;8;0;-1
202300017853;155 648 919;7;0;2;1;19;1
202300017853;155 648 921;30;0;2;1;19;1
202300017854;155 648 917;15;0;2;7;17;1
202300017854;155 648 918;2;0;2;8;15;1
202300017855;155 648 916;7;6;0;1;1;1
202300017856;155 648 914;7;0;2;2;15;1
202300017856;155 648 915;7;0;2;3;1;1
202300017857;155 648 911;7;8;0;1;1;1
202300017858;155 648 912;7;0;2;7;1;1
202300017858;155 648 913;7;0;2;1;9;1
202300017859;155 648 910;2;12;0;2;16;1
202300017860;155 648 908;10;0;2;1;15;1
202300017860;155 648 909;31;0;2;1;1;1
202300017861;155 648 905;7;0;2;1;1;1
202300017861;155 648 907;7;0;2;7;9;1
202300017862;155 648 904;10;0;2;2;14;1
202300017862;155 648 906;15;0;0;8;1;1
202300017863;155 648 901;32;0;2;3;1;1
202300017863;155 648 903;7;0;2;1;9;1
202300017864;155 648 899;7;0;0;7;23;1
202300017864;155 648 900;7;0;0;6;12;1
202300017864;155 648 902;33;0;2;2;3;1
202300017865;155 648 897;7;0;1;3;1;1
202300017866;155 648 896;7;0;1;4;1;1
202300017866;155 648 898;7;0;2;2;2;1
202300017867;155 648 895;7;10;0;1;1;1
202300017868;155 648 892;7;0;2;8;22;1
202300017868;155 648 894;1;0;2;1;1;5
202300017869;155 648 889;7;0;2;7;19;1
202300017869;155 648 890;2;0;2;1;1;1
202300017870;155 648 886;7;13;0;2;26;1
202300017871;155 648 884;7;2;0;1;0;1
202300017872;155 648 882;7;0;1;1;1;0
202300017873;155 648 883;7;0;2;4;1;1
202300017873;155 648 885;7;0;2;5;1;1
202300017873;155 648 887;7;0;2;1;2;1
202300017873;155 648 888;7;0;2;4;1;1
202300017874;155 648 880;33;0;2;1;6;1
202300017874;155 648 881;7;0;2;8;19;1
202300017875;155 648 877;7;0;2;8;0;1
202300017875;155 648 879;33;0;2;0;1;1
202300017876;155 648 875;33;0;2;6;17;1
202300017876;155 648 876;2;0;0;1;10;1
202300017877;155 648 872;7;0;2;1;5;1
202300017877;155 648 873;7;0;2;1;1;1
202300017877;155 648 874;7;0;2;1;1;1
202300017878;155 648 870;7;4;0;8;14;1
202300017879;155 648 869;7;0;2;2;1;1
202300017879;155 648 871;31;0;2;8;1;1
202300017880;155 648 866;2;0;9;8;0;1
202300017880;155 648 867;7;0;0;0;0;1
202300017881;155 648 862;7;0;0;7;15;1
202300017881;155 648 863;7;7;0;1;1;1
202300017882;155 648 864;10;0;2;1;2;1
202300017882;155 648 865;7;0;2;9;2;1
202300017882;155 648 868;7;14;0;4;23;1
202300017883;155 648 861;50;0;0;0;25;3
202300017884;155 648 859;30;0;0;3;1;1
202300017884;155 648 860;10;0;2;5;15;1
202300017885;155 648 858;2;0;0;3;1;1
202300017886;155 648 856;7;0;2;3;13;1
202300017886;155 648 857;31;0;2;0;0;1
202300017887;155 648 854;32;0;2;8;26;3
202300017887;155 648 855;7;0;2;7;1;1
202300017888;155 648 852;1;0;2;4;1;5
202300017888;155 648 853;7;0;2;1;1;0
202300017889;155 648 849;7;0;2;1;2;1
202300017889;155 648 850;7;0;2;4;23;1
202300017889;155 648 851;7;0;2;3;1;1
202300017890;155 648 846;43;0;0;7;0;1
202300017891;155 648 845;21;0;2;6;15;1
202300017891;155 648 847;33;0;2;1;17;1
202300017892;155 648 843;7;0;2;1;2;1
202300017892;155 648 844;33;0;2;4;2;1
202300017893;155 648 842;7;2;0;2;1;1
202300017894;155 648 840;7;2;0;8;0;0
202300017895;155 648 839;10;0;2;0;9;1
202300017895;155 648 841;1;0;2;5;1;5
202300017896;155 648 836;7;0;0;1;14;1
202300017897;155 648 835;7;0;2;9;13;1
202300017897;155 648 837;7;0;2;1;1;2
202300017898;155 648 834;7;0;2;2;5;1
202300017898;155 648 838;7;0;2;1;16;1
202300017899;155 648 830;33;0;2;1;1;1
202300017899;155 648 832;7;0;2;3;15;1
202300017900;155 648 828;7;0;2;1;1;0
202300017900;155 648 829;7;14;2;4;23;0
202300017900;155 648 831;7;0;0;4;23;0
202300017901;155 648 827;30;0;2;5;21;1
202300017901;155 648 833;7;0;2;5;0;1
202300017902;155 648 825;50;0;0;4;1;3
202300017902;155 648 826;7;0;2;1;1;1
202300017903;155 648 823;10;0;2;4;1;1
202300017903;155 648 824;10;0;2;1;2;1
202300017904;155 648 822;7;0;1;7;1;1
202300017905;155 648 820;7;0;9;3;16;1
202300017905;155 648 821;1;0;2;4;2;5
202300017906;155 648 819;33;0;2;1;26;1
202300017907;155 648 817;32;2;0;2;0;1
202300017908;155 648 815;7;0;2;2;2;6
202300017908;155 648 818;7;0;9;4;1;6
202300017909;155 648 813;7;0;2;1;26;1
202300017909;155 648 814;10;0;2;1;0;1
202300017910;155 648 812;7;6;2;8;9;1
202300017910;155 648 816;14;0;2;2;1;1
202300017911;155 648 809;21;16;0;9;26;1
202300017912;155 648 808;33;0;2;1;2;1
202300017912;155 648 810;7;0;2;4;23;1
202300017913;155 648 806;7;0;2;1;15;1
202300017913;155 648 811;2;0;2;1;1;1
202300017914;155 648 805;33;0;2;3;3;1
202300017914;155 648 807;7;0;2;2;12;1
202300017915;155 648 804;1;0;1;1;1;5
202300017916;155 648 801;1;0;1;0;1;5
202300017917;155 648 800;15;0;2;1;2;1
202300017917;155 648 802;7;0;2;4;2;1
202300017917;155 648 803;7;0;0;4;26;1
202300017918;155 648 799;7;0;2;1;1;1
202300017919;155 648 795;7;0;2;1;1;1
202300017919;155 648 798;15;0;2;4;1;0
202300017920;155 648 796;1;0;2;7;1;5
202300017920;155 648 797;10;0;2;1;1;1
202300017921;155 648 794;30;12;0;1;14;1
202300017922;155 648 793;1;0;0;8;21;5
202300017923;155 648 792;7;4;0;1;26;1
202300017924;155 648 787;7;0;2;1;15;3
202300017924;155 648 791;32;0;2;8;1;1
202300017925;155 648 786;2;0;2;1;1;1
202300017925;155 648 788;7;0;2;6;10;1
202300017926;155 648 785;7;0;2;3;2;1
202300017926;155 648 789;7;0;2;5;0;1
202300017926;155 648 790;43;0;2;3;3;1
202300017927;155 648 784;7;0;1;2;1;3
202300017928;155 648 781;33;0;2;1;3;1
202300017928;155 648 782;7;0;2;4;1;1
202300017929;155 648 779;33;12;0;1;14;1
202300017930;155 648 780;7;0;2;3;1;1
202300017930;155 648 783;7;0;2;5;23;1
202300017931;155 648 777;7;0;2;1;0;1
202300017931;155 648 778;7;0;2;4;0;1
202300017932;155 648 775;33;0;2;4;15;1
202300017932;155 648 776;7;0;2;1;1;1
202300017933;155 648 774;33;16;0;3;2;1
202300017934;155 648 771;50;12;0;1;1;3
202300017935;155 648 769;33;0;2;1;3;1
202300017935;155 648 770;7;0;2;6;11;1
202300017936;155 648 767;7;0;0;4;1;0
202300017936;155 648 768;1;0;2;4;2;5
202300017937;155 648 772;7;0;2;6;10;1
202300017937;155 648 773;2;0;2;1;1;3
202300017938;155 648 764;33;0;2;1;3;1
202300017938;155 648 765;7;0;2;7;16;1
202300017938;155 648 766;7;0;2;4;1;1
202300017939;155 648 762;7;0;2;1;26;0
202300017939;155 648 763;7;0;2;7;26;3
202300017940;155 648 759;7;0;2;1;2;1
202300017940;155 648 760;7;0;2;4;2;1
202300017941;155 648 761;50;1;0;1;5;3
202300017942;155 648 757;7;0;2;2;15;1
202300017942;155 648 758;2;0;2;3;1;1
202300017943;155 648 756;10;0;1;2;1;1
202300017944;155 648 755;80;0;0;0;21;3
202300017945;155 648 753;7;0;0;0;9;1
202300017945;155 648 754;7;0;2;6;1;1
202300017946;155 648 749;7;0;9;4;4;1
202300017946;155 648 751;60;0;2;8;0;5
202300017947;155 648 750;7;0;2;6;1;1
202300017947;155 648 752;7;0;2;1;15;1
202300017948;155 648 747;32;0;2;1;1;1
202300017948;155 648 748;7;0;2;4;1;1
202300017949;155 648 743;7;0;2;2;15;1
202300017949;155 648 745;33;0;2;1;1;1
202300017950;155 648 744;7;0;2;7;15;1
202300017950;155 648 746;15;0;2;1;1;1
202300017951;155 648 742;7;6;0;2;16;1
202300017952;155 648 739;7;0;0;4;16;1
202300017952;155 648 741;10;0;2;1;2;1
202300017953;155 648 738;10;0;0;6;15;6
202300017953;155 648 740;33;0;2;1;15;0
202300017954;155 648 732;33;0;0;4;1;1
202300017954;155 648 736;7;0;0;1;2;1
202300017955;155 648 731;7;1;0;1;26;1
202300017955;155 648 734;7;1;0;4;0;1
202300017955;155 648 735;7;1;2;4;0;1
202300017955;155 648 737;10;1;2;4;0;1
202300017956;155 648 729;7;0;1;4;4;1
202300017957;155 648 730;7;0;2;1;1;0
202300017957;155 648 733;7;0;2;6;15;0
202300017958;155 648 727;7;0;2;7;16;1
202300017958;155 648 728;50;0;2;1;1;3
202300017959;155 648 725;15;0;0;7;12;1
202300017959;155 648 726;7;0;0;8;1;1
202300017960;155 648 724;34;1;0;0;2;1
202300017961;155 648 721;33;0;0;0;17;1
202300017962;155 648 722;7;0;2;1;2;1
202300017962;155 648 723;33;0;2;4;2;1
202300017963;155 648 717;33;0;2;9;1;1
202300017963;155 648 720;17;0;2;8;13;1
202300017964;155 648 714;7;0;2;5;19;1
202300017964;155 648 718;7;0;2;3;1;1
202300017965;155 648 715;7;0;2;1;1;0
202300017965;155 648 719;7;0;2;1;5;0
202300017966;155 648 713;7;0;2;4;1;1
202300017966;155 648 716;7;0;2;1;1;1
202300017967;155 648 712;7;0;1;3;1;1
202300017968;155 648 704;7;0;2;1;2;1
202300017968;155 648 708;7;0;2;4;2;1
202300017968;155 648 711;7;0;2;4;2;1
202300017969;155 648 707;80;0;2;8;25;3
202300017969;155 648 710;10;16;2;0;20;1
202300017970;155 648 705;7;9;0;2;0;1
202300017971;155 648 703;7;0;2;1;13;1
202300017971;155 648 706;7;0;2;1;21;1
202300017971;155 648 709;7;0;2;6;1;1
202300017972;155 648 699;33;0;2;2;17;0
202300017972;155 648 702;7;0;2;6;15;0
202300017973;155 648 698;34;0;2;1;1;1
202300017973;155 648 701;7;0;2;6;1;1
202300017974;155 648 696;7;0;2;1;17;1
202300017974;155 648 700;7;0;2;1;1;1
202300017975;155 648 695;15;0;2;3;21;1
202300017975;155 648 697;7;8;0;1;13;1
202300017976;155 648 691;10;0;0;0;20;1
202300017976;155 648 694;1;1;0;0;21;5
202300017977;155 648 689;7;0;1;3;1;1
202300017978;155 648 687;2;0;2;1;15;1
202300017978;155 648 690;7;0;2;3;1;1
202300017979;155 648 692;32;0;2;7;1;1
202300017979;155 648 693;7;0;2;7;15;1
202300017980;155 648 686;7;0;2;5;23;1
202300017980;155 648 688;30;0;2;1;1;1
202300017981;155 648 683;33;0;2;1;19;1
202300017981;155 648 685;7;0;0;6;19;1
202300017982;155 648 682;36;9;0;1;0;1
202300017983;155 648 677;7;0;2;7;15;1
202300017983;155 648 681;33;0;2;1;1;1
202300017984;155 648 678;7;0;2;1;15;0
202300017984;155 648 680;33;0;2;7;17;6
202300017985;155 648 676;15;0;1;0;0;0
202300017986;155 648 675;7;1;2;2;1;1
202300017986;155 648 679;10;1;2;8;1;1
202300017987;155 648 673;7;13;0;2;1;1
202300017988;155 648 672;7;0;2;1;26;1
202300017988;155 648 674;34;0;2;3;1;1
202300017989;155 648 668;7;0;2;1;19;1
202300017989;155 648 669;7;0;2;2;1;1
202300017990;155 648 667;7;0;2;4;23;1
202300017990;155 648 671;50;0;2;1;23;3
202300017991;155 648 664;10;0;9;0;0;0
202300017991;155 648 666;1;0;2;0;2;5
202300017992;155 648 663;7;0;2;2;2;1
202300017992;155 648 665;14;14;0;6;23;1
202300017992;155 648 670;7;0;2;1;2;1
202300017993;155 648 659;7;0;2;5;26;1
202300017993;155 648 661;7;0;2;6;26;1
202300017994;155 648 657;7;0;2;1;15;1
202300017994;155 648 660;7;0;2;2;1;1
202300017995;155 648 658;7;16;2;2;1;1
202300017995;155 648 662;7;0;2;1;16;1
202300017996;155 648 656;33;0;0;0;1;1
202300017997;155 648 653;7;13;0;3;1;1
202300017998;155 648 655;7;0;1;1;15;1
202300017999;155 648 652;7;0;2;3;10;1
202300017999;155 648 654;33;0;2;7;1;1
202300018000;155 648 651;7;0;1;1;1;1
202300018001;155 648 650;36;0;5;1;0;0
202300018002;155 648 647;33;0;2;1;1;1
202300018002;155 648 649;7;0;2;5;15;1
202300018003;155 648 645;7;0;2;1;2;1
202300018003;155 648 648;7;0;2;4;2;1
202300018004;155 648 640;7;0;2;3;17;1
202300018004;155 648 643;7;0;2;1;17;1
202300018004;155 648 644;21;0;2;6;1;1
202300018005;155 648 639;7;0;2;3;26;1
202300018005;155 648 641;31;0;2;2;1;1
202300018006;155 648 638;30;1;0;2;1;1
202300018007;155 648 637;7;0;2;8;0;1
202300018007;155 648 642;7;0;2;8;0;1
202300018007;155 648 646;7;0;2;8;13;1
202300018008;155 648 635;7;2;0;2;14;1
202300018009;155 648 634;7;0;2;3;15;1
202300018009;155 648 636;2;0;2;7;2;1
202300018010;155 648 631;7;0;1;2;0;1
202300018011;155 648 632;7;0;2;2;20;1
202300018011;155 648 633;33;0;2;8;18;1
202300018012;155 648 630;7;7;0;1;21;1
202300018013;155 648 629;7;0;1;1;1;0
202300018014;155 648 623;7;0;9;2;1;1
202300018014;155 648 626;80;0;2;4;1;3
202300018015;155 648 625;1;0;2;7;1;5
202300018015;155 648 627;7;0;2;8;9;1
202300018016;155 648 621;1;0;0;0;0;5
202300018016;155 648 624;7;0;0;0;0;5
202300018016;155 648 628;10;0;2;1;9;1
202300018017;155 648 619;7;0;2;1;2;1
202300018017;155 648 620;10;0;2;1;2;1
202300018017;155 648 622;10;0;0;0;0;0
202300018018;155 648 614;7;0;2;2;15;1
202300018018;155 648 617;33;0;2;1;1;1
202300018019;155 648 612;31;0;2;1;1;1
202300018019;155 648 616;7;0;0;0;0;1
202300018020;155 648 613;7;0;1;1;26;1
202300018021;155 648 615;7;0;2;3;1;1
202300018021;155 648 618;30;0;2;8;2;1
202300018022;155 648 611;33;17;0;1;1;1
202300018023;155 648 610;2;0;0;8;1;1
202300018024;155 648 608;7;13;0;2;2;1
202300018025;155 648 606;7;0;1;2;9;1
202300018026;155 648 607;10;0;2;2;2;1
202300018026;155 648 609;1;0;2;4;1;5
202300018027;155 648 604;13;0;2;2;13;1
202300018027;155 648 605;7;0;2;1;1;3
202300018028;155 648 601;34;0;2;1;17;0
202300018028;155 648 603;10;0;2;8;15;1
202300018029;155 648 600;2;0;2;7;1;1
202300018029;155 648 602;10;0;2;1;1;1
202300018030;155 648 599;7;0;1;2;17;1
202300018031;155 648 598;7;0;1;3;1;6
202300018032;155 648 597;10;3;0;1;2;1
202300018033;155 648 596;7;5;0;1;1;1
202300018034;155 648 595;33;3;0;8;1;0
202300018035;155 648 592;7;2;0;3;1;1
202300018036;155 648 591;7;0;9;3;9;1
202300018036;155 648 593;1;0;2;3;1;5
202300018037;155 648 590;7;0;2;1;17;1
202300018037;155 648 594;10;0;0;4;1;1
202300018038;155 648 586;50;0;2;3;1;3
202300018038;155 648 589;7;0;2;2;1;1
202300018039;155 648 584;7;0;2;3;15;1
202300018039;155 648 587;33;0;2;1;17;1
202300018040;155 648 582;7;0;9;5;26;1
202300018040;155 648 583;1;0;2;1;1;5
202300018041;155 648 579;7;6;0;1;26;0
202300018042;155 648 578;1;0;2;1;1;5
202300018042;155 648 580;7;0;2;5;1;1
202300018043;155 648 577;7;0;2;7;1;1
202300018043;155 648 581;7;0;2;1;9;1
202300018044;155 648 573;13;0;2;2;12;1
202300018044;155 648 575;7;0;2;8;1;1
202300018045;155 648 570;37;0;1;1;19;0
202300018046;155 648 569;32;0;2;4;2;1
202300018046;155 648 572;7;0;2;4;2;1
202300018046;155 648 574;7;0;2;1;2;1
202300018047;155 648 571;7;0;2;1;0;1
202300018047;155 648 576;7;0;2;1;13;1
202300018048;155 648 566;7;14;0;1;13;1
202300018049;155 648 565;33;0;0;9;1;1
202300018050;155 648 562;10;0;2;5;15;0
202300018050;155 648 563;2;0;2;1;1;0
202300018051;155 648 558;2;0;9;1;17;1
202300018051;155 648 561;37;0;9;3;1;0
202300018052;155 648 557;7;0;2;3;9;1
202300018052;155 648 559;43;0;2;1;26;1
202300018053;155 648 556;7;0;2;2;21;1
202300018053;155 648 560;1;0;2;6;1;5
202300018054;155 648 550;7;0;9;1;1;1
202300018054;155 648 554;50;0;2;7;0;3
202300018055;155 648 548;1;0;2;1;1;5
202300018055;155 648 552;10;0;2;8;13;1
202300018056;155 648 549;7;0;2;6;15;1
202300018056;155 648 553;34;0;2;1;1;1
202300018057;155 648 547;10;0;0;4;21;1
202300018057;155 648 551;2;0;2;9;21;1
202300018057;155 648 555;7;0;2;1;2;1
202300018058;155 648 544;7;2;0;1;1;1
202300018059;155 648 543;10;0;2;6;2;1
202300018059;155 648 546;33;0;2;2;2;1
202300018060;155 648 542;7;0;2;4;1;1
202300018060;155 648 545;7;0;2;1;1;1
202300018061;155 648 541;7;0;1;2;1;1
202300018062;155 648 540;7;0;0;0;1;1
202300018063;155 648 536;10;0;2;1;1;0
202300018063;155 648 538;7;0;2;1;1;1
202300018064;155 648 534;7;13;0;9;14;1
202300018065;155 648 535;10;0;0;1;1;1
202300018065;155 648 539;7;0;0;7;19;3
202300018066;155 648 533;50;0;2;1;26;3
202300018066;155 648 537;7;0;2;0;0;0
202300018067;155 648 530;2;13;0;0;1;1
202300018068;155 648 528;30;0;2;1;1;3
202300018068;155 648 531;7;0;2;3;5;1
202300018069;155 648 526;7;0;2;3;10;1
202300018069;155 648 529;31;0;2;2;1;0
202300018070;155 648 527;0;0;2;3;0;0
202300018070;155 648 532;7;0;2;3;1;1
202300018071;155 648 525;2;0;0;8;1;1
202300018072;155 648 524;7;0;1;1;1;1
202300018073;155 648 523;7;0;1;1;1;1
202300018074;155 648 521;7;13;0;3;1;1
202300018075;155 648 520;7;0;2;4;2;1
202300018075;155 648 522;7;0;2;1;1;1
202300018076;155 648 516;7;6;0;1;14;1
202300018077;155 648 513;1;0;2;0;0;5
202300018077;155 648 518;7;0;2;3;16;1
202300018078;155 648 514;7;1;2;3;1;1
202300018078;155 648 517;7;0;2;2;1;1
202300018078;155 648 519;80;1;2;7;1;3
202300018079;155 648 512;7;0;2;3;1;6
202300018079;155 648 515;7;0;2;3;13;6
202300018080;155 648 511;33;13;0;7;1;1
202300018081;155 648 508;7;2;0;1;14;1
202300018082;155 648 507;7;2;0;8;14;1
202300018083;155 648 506;34;0;2;1;18;1
202300018083;155 648 509;7;0;2;2;15;1
202300018084;155 648 505;7;0;2;2;1;2
202300018084;155 648 510;7;0;2;3;1;1
202300018085;155 648 502;7;0;0;4;23;1
202300018085;155 648 503;2;0;0;1;1;1
202300018086;155 648 499;2;5;0;7;14;6
202300018087;155 648 496;33;0;2;1;17;1
202300018087;155 648 501;10;0;2;8;15;1
202300018088;155 648 498;1;0;2;1;1;5
202300018088;155 648 500;1;0;2;1;15;5
202300018089;155 648 497;21;13;0;0;1;1
202300018090;155 648 492;1;1;0;0;0;5
202300018090;155 648 494;10;0;2;8;22;1
202300018091;155 648 491;7;0;0;6;23;1
202300018091;155 648 495;99;0;2;1;1;3
202300018092;155 648 487;15;3;0;3;0;1
202300018093;155 648 486;7;0;1;7;1;1
202300018094;155 648 489;7;0;2;1;2;1
202300018094;155 648 490;7;0;2;4;2;1
202300018095;155 648 485;33;0;2;1;1;1
202300018095;155 648 488;33;0;2;1;1;1
202300018096;155 648 484;32;13;0;0;1;1
202300018097;155 648 483;7;0;1;4;20;1
202300018098;155 648 482;33;7;0;1;1;1
202300018099;155 648 479;1;0;2;3;1;5
202300018099;155 648 481;7;0;2;7;15;1
202300018100;155 648 473;7;1;0;4;23;0
202300018100;155 648 476;10;0;0;4;23;0
202300018100;155 648 478;7;0;0;6;23;0
202300018100;155 648 480;17;11;2;1;1;6
202300018101;155 648 475;30;0;2;4;2;1
202300018101;155 648 477;7;0;2;1;2;1
202300018102;155 648 471;3;2;0;3;1;1
202300018103;155 648 469;50;0;2;3;1;3
202300018103;155 648 472;30;0;2;1;1;1
202300018104;155 648 468;7;6;0;1;17;1
202300018105;155 648 467;1;0;2;1;19;5
202300018105;155 648 470;7;0;2;3;1;1
202300018106;155 648 466;3;6;0;1;14;1
202300018107;155 648 463;33;0;2;1;0;0
202300018107;155 648 465;7;0;2;6;0;0
202300018108;155 648 462;30;12;0;8;1;1
202300018109;155 648 461;10;0;2;1;1;1
202300018109;155 648 464;50;0;2;3;1;3
202300018110;155 648 459;15;8;0;7;0;1
202300018111;155 648 455;7;0;2;1;1;1
202300018111;155 648 458;7;0;2;4;1;1
202300018112;155 648 457;7;0;0;8;1;0
202300018112;155 648 460;7;0;2;1;15;0
202300018113;155 648 454;2;0;1;2;2;3
202300018114;155 648 453;10;0;2;2;14;1
202300018114;155 648 456;17;0;0;6;1;1
202300018115;155 648 452;7;13;0;3;13;1
202300018116;155 648 449;10;0;1;4;20;1
202300018117;155 648 448;31;0;2;1;0;1
202300018117;155 648 451;7;0;2;7;15;0
202300018118;155 648 447;7;0;2;2;0;0
202300018118;155 648 450;15;0;0;5;1;1
202300018119;155 648 445;1;1;0;1;1;5
202300018119;155 648 446;7;1;9;3;24;0
202300018120;155 648 443;10;0;1;3;1;3
202300018121;155 648 442;10;0;1;1;26;1
202300018122;155 648 441;33;0;2;7;1;1
202300018122;155 648 444;7;0;2;0;0;1
202300018123;155 648 438;7;0;9;3;1;1
202300018123;155 648 440;1;0;2;4;5;5
202300018124;155 648 436;1;0;0;7;0;5
202300018124;155 648 439;7;0;2;3;9;1