Num_Acc;id_vehicule;catv;obs;obsm;choc;manv;motor
202300018125;155 648 435;30;8;0;1;14;1
202300018126;155 648 437;7;0;1;3;15;1
202300018127;155 648 433;7;2;0;2;21;1
202300018128;155 648 431;7;0;2;1;1;1
202300018128;155 648 432;7;0;2;4;1;1
202300018129;155 648 429;7;0;2;1;13;0
202300018129;155 648 434;7;0;2;1;1;0
202300018130;155 648 427;50;0;2;2;1;3
202300018130;155 648 430;7;0;2;1;1;6
202300018131;155 648 426;33;0;0;0;21;1
202300018131;155 648 428;17;0;0;0;26;1
202300018132;155 648 425;2;0;0;8;14;1
202300018133;155 648 424;7;0;1;1;1;1
202300018134;155 648 421;1;0;2;6;19;5
202300018134;155 648 423;32;0;2;3;1;1
202300018135;155 648 419;10;13;2;3;1;1
202300018135;155 648 422;7;8;2;1;1;0
202300018136;155 648 417;50;0;2;7;1;3
202300018136;155 648 420;7;0;2;1;15;2
202300018137;155 648 416;50;0;1;1;2;3
202300018138;155 648 415;7;0;2;1;1;1
202300018138;155 648 418;7;0;2;2;19;1
202300018139;155 648 414;33;6;0;1;1;1
202300018140;155 648 413;50;0;0;0;0;3
202300018141;155 648 407;33;0;2;7;1;0
202300018141;155 648 410;7;0;2;3;16;1
202300018142;155 648 409;10;0;2;1;1;1
202300018142;155 648 412;1;0;2;7;19;5
202300018143;155 648 406;7;0;9;7;1;1
202300018143;155 648 411;1;0;2;8;1;5
202300018144;155 648 405;2;0;2;3;13;1
202300018144;155 648 408;10;0;2;8;1;1
202300018145;155 648 399;7;0;2;7;13;1
202300018145;155 648 403;33;0;2;8;1;1
202300018146;155 648 402;7;6;0;1;1;1
202300018147;155 648 400;7;0;2;1;2;1
202300018147;155 648 404;7;0;2;4;2;1
202300018148;155 648 398;2;0;2;0;0;0
202300018148;155 648 401;7;0;2;7;15;1
202300018149;155 648 396;33;0;6;1;1;1
202300018150;155 648 393;1;0;2;7;15;5
202300018150;155 648 397;7;0;9;1;19;0
202300018151;155 648 392;30;-1;2;-1;0;-1
202300018151;155 648 395;60;0;2;0;1;5
202300018152;155 648 394;31;0;1;1;1;1
202300018153;155 648 390;7;0;2;1;5;1
202300018153;155 648 391;10;0;2;3;1;1
202300018154;155 648 388;10;0;9;0;26;0
202300018155;155 648 386;2;0;2;8;19;1
202300018155;155 648 389;7;0;2;1;1;1
202300018156;155 648 385;7;0;2;3;2;1
202300018156;155 648 387;1;0;2;7;2;5
202300018157;155 648 384;7;6;0;9;1;1
202300018158;155 648 382;33;5;0;1;1;1
202300018159;155 648 381;7;0;2;1;1;1
202300018159;155 648 383;3;0;2;2;15;1
202300018160;155 648 378;7;0;2;3;19;3
202300018160;155 648 380;7;0;2;1;13;1
202300018161;155 648 377;7;0;2;3;17;1
202300018161;155 648 379;7;0;2;3;6;1
202300018162;155 648 376;50;0;1;0;1;3
202300018163;155 648 372;2;0;2;3;13;1
202300018163;155 648 373;7;0;2;3;17;1
202300018164;155 648 371;7;0;2;1;1;1
202300018164;155 648 374;7;0;2;4;23;1
202300018165;155 648 368;7;2;0;1;1;1
202300018166;155 648 366;2;13;0;1;1;1
202300018167;155 648 367;1;0;2;1;1;5
202300018167;155 648 369;7;0;2;7;22;1
202300018168;155 648 365;7;8;0;7;13;1
202300018169;155 648 363;7;9;0;1;1;1
202300018170;155 648 361;50;0;1;2;21;3
202300018171;155 648 359;33;15;0;8;1;1
202300018172;155 648 357;7;0;2;6;1;1
202300018172;155 648 360;7;0;2;3;1;1
202300018173;155 648 356;7;0;2;1;1;1
202300018173;155 648 358;33;0;2;4;15;1
202300018174;155 648 354;50;0;0;2;17;3
202300018174;155 648 355;10;1;0;8;22;0
202300018175;155 648 352;33;12;0;0;1;0
202300018176;155 648 350;7;0;2;1;1;1
202300018176;155 648 353;7;0;2;4;0;1
202300018177;155 648 349;33;0;2;3;1;1
202300018177;155 648 351;7;0;2;5;12;1
202300018178;155 648 347;1;0;2;7;17;5
202300018178;155 648 348;10;0;2;3;15;0
202300018179;155 648 342;30;0;2;1;19;1
202300018179;155 648 345;7;0;2;7;26;1
202300018180;155 648 344;16;1;0;2;1;1
202300018180;155 648 346;7;4;0;4;1;1
202300018181;155 648 338;7;0;2;1;2;1
202300018181;155 648 341;7;0;2;5;2;1
202300018181;155 648 343;7;0;2;6;2;1
202300018182;155 648 339;7;0;2;8;13;1
202300018182;155 648 340;2;0;2;7;3;1
202300018183;155 648 336;7;0;2;4;23;1
202300018183;155 648 337;1;0;2;1;1;5
202300018184;155 648 333;7;1;-1;1;26;1
202300018185;155 648 332;15;0;2;2;12;1
202300018185;155 648 335;7;0;2;6;1;1
202300018186;155 648 330;7;0;2;1;11;1
202300018186;155 648 334;7;0;0;4;1;1
202300018187;155 648 329;33;0;2;1;2;1
202300018187;155 648 331;13;0;0;6;2;1
202300018188;155 648 328;7;0;1;1;1;0
202300018189;155 648 327;7;6;0;3;2;1
202300018190;155 648 326;10;3;0;3;1;1
202300018191;155 648 324;10;13;0;9;0;1
202300018192;155 648 323;7;0;1;0;0;0
202300018193;155 648 325;1;6;0;1;1;5
202300018194;155 648 322;7;13;0;1;2;1
202300018195;155 648 318;7;0;2;8;11;1
202300018195;155 648 321;7;0;2;2;1;1
202300018196;155 648 319;33;0;2;7;7;1
202300018196;155 648 320;7;0;2;3;15;1
202300018197;155 648 314;10;0;2;0;0;1
202300018197;155 648 317;1;0;2;1;1;5
202300018198;155 648 315;15;0;2;3;2;1
202300018198;155 648 316;7;0;0;4;2;1
202300018199;155 648 310;7;0;1;2;21;1
202300018200;155 648 311;7;13;0;9;1;1
202300018201;155 648 309;34;0;2;1;1;1
202300018201;155 648 313;7;0;2;8;10;1
202300018202;155 648 308;7;0;2;1;1;1
202300018202;155 648 312;7;0;2;7;1;1
202300018203;155 648 307;7;1;1;7;0;1
202300018204;155 648 304;7;0;2;0;1;0
202300018204;155 648 306;7;0;2;3;1;0
202300018205;155 648 303;30;0;0;8;26;1
202300018206;155 648 300;33;13;2;1;0;1
202300018206;155 648 302;7;0;2;8;1;1
202300018207;155 648 297;10;0;2;0;0;0
202300018207;155 648 299;7;0;2;0;0;1
202300018207;155 648 301;7;0;2;0;0;3
202300018207;155 648 305;7;0;2;0;0;1
202300018208;155 648 298;10;0;1;3;15;1
202300018209;155 648 295;7;0;2;1;2;1
202300018209;155 648 296;7;0;9;4;23;1
202300018210;155 648 292;1;0;1;9;1;5
202300018211;155 648 291;37;0;2;1;1;0
202300018211;155 648 293;31;0;2;0;0;0
202300018212;155 648 288;7;0;2;3;13;3
202300018212;155 648 290;7;0;2;3;1;3
202300018213;155 648 286;7;0;1;2;15;1
202300018214;155 648 287;33;0;9;1;2;1
202300018214;155 648 289;1;0;0;8;2;5
202300018215;155 648 285;7;0;1;1;16;1
202300018216;155 648 283;7;0;2;1;24;1
202300018216;155 648 284;7;1;0;1;5;1
202300018217;155 648 281;7;1;0;1;1;1
202300018218;155 648 280;1;0;2;1;2;5
202300018218;155 648 282;7;1;2;5;2;1
202300018219;155 648 278;7;0;9;2;15;1
202300018219;155 648 279;1;0;2;0;0;5
202300018220;155 648 277;7;0;1;0;1;0
202300018221;155 648 276;7;2;0;1;1;1
202300018222;155 648 272;7;0;9;6;1;1
202300018222;155 648 275;50;0;2;2;2;3
202300018223;155 648 270;7;0;2;1;1;1
202300018223;155 648 273;10;0;2;3;13;1
202300018224;155 648 269;34;0;2;3;17;1
202300018224;155 648 271;7;0;2;5;1;1
202300018225;155 648 265;7;0;2;2;1;1
202300018225;155 648 268;7;0;2;1;1;1
202300018226;155 648 263;30;0;0;8;1;1
202300018227;155 648 261;7;0;2;4;2;1
202300018227;155 648 262;7;0;2;1;2;1
202300018227;155 648 266;7;0;2;4;2;1
202300018228;155 648 257;10;0;9;2;16;1
202300018228;155 648 259;1;0;2;1;1;5
202300018229;155 648 255;7;0;2;3;15;1
202300018229;155 648 260;30;0;2;3;1;1
202300018230;155 648 253;33;0;2;1;3;1
202300018230;155 648 256;7;0;2;8;17;0
202300018230;155 648 258;7;0;2;4;1;1
202300018231;155 648 251;7;9;2;8;16;1
202300018231;155 648 254;7;0;0;3;23;1
202300018232;155 648 250;7;1;0;2;2;1
202300018233;155 648 247;7;0;2;7;15;1
202300018233;155 648 249;31;0;2;1;0;1
202300018234;155 648 248;1;0;2;7;26;5
202300018234;155 648 252;7;0;2;3;0;1
202300018235;155 648 244;80;0;2;4;2;3
202300018235;155 648 246;7;0;2;4;1;1
202300018236;155 648 242;50;0;2;4;1;3
202300018236;155 648 245;7;0;2;1;1;1
202300018237;155 648 243;10;13;0;9;13;1
202300018238;155 648 239;34;0;2;7;0;1
202300018238;155 648 240;7;0;2;8;15;1
202300018239;155 648 238;7;0;2;3;13;1
202300018239;155 648 241;7;0;2;3;1;1
202300018240;155 648 236;10;0;1;2;1;3
202300018241;155 648 235;42;0;2;2;3;1
202300018241;155 648 237;7;0;2;6;11;1
202300018242;155 648 231;7;0;2;3;15;1
202300018242;155 648 234;1;0;2;0;0;5
202300018243;155 648 232;16;13;0;7;1;1
202300018244;155 648 230;31;0;2;1;17;1
202300018244;155 648 233;7;0;2;3;15;1
202300018245;155 648 228;33;15;0;7;1;1
202300018246;155 648 227;30;0;0;2;1;1
202300018247;155 648 226;7;1;2;1;1;2
202300018247;155 648 229;7;1;2;8;1;1
202300018248;155 648 225;7;6;0;2;14;1
202300018249;155 648 223;33;0;2;3;1;1
202300018249;155 648 224;7;0;2;2;0;1
202300018250;155 648 222;7;8;0;2;1;0
202300018251;155 648 221;33;12;0;7;2;1
202300018252;155 648 219;7;0;2;7;17;1
202300018252;155 648 220;1;0;2;8;1;5
202300018253;155 648 218;7;0;1;1;1;1
202300018254;155 648 213;7;0;2;4;0;0
202300018254;155 648 215;7;0;2;4;2;1
202300018254;155 648 217;7;0;2;1;2;1
202300018255;155 648 211;7;0;1;3;1;1
202300018256;155 648 209;10;1;0;2;21;1
202300018256;155 648 210;7;0;2;6;23;1
202300018257;155 648 208;7;0;1;1;1;1
202300018258;155 648 205;2;2;0;2;1;1
202300018259;155 648 204;7;14;2;1;16;1
202300018259;155 648 207;10;0;2;7;15;1
202300018260;155 648 203;7;0;2;3;1;1
202300018260;155 648 206;50;0;2;7;1;3
202300018261;155 648 199;7;0;2;2;1;1
202300018261;155 648 200;1;0;2;4;25;5
202300018262;155 648 198;60;0;0;0;0;5
202300018262;155 648 201;3;0;9;2;0;0
202300018263;155 648 197;1;0;2;1;1;5
202300018264;155 648 195;7;0;0;0;1;1
202300018265;155 648 194;7;0;2;5;1;1
202300018265;155 648 196;33;0;2;3;18;1
202300018266;155 648 193;1;0;0;0;16;5
202300018267;155 648 191;7;3;0;1;1;1
202300018268;155 648 189;7;0;2;5;13;1
202300018268;155 648 192;7;0;2;1;1;1
202300018269;155 648 188;60;0;2;2;19;5
202300018269;155 648 190;7;0;9;5;1;1
202300018270;155 648 187;7;0;2;8;1;1
202300018271;155 648 185;7;0;0;9;1;1
202300018272;155 648 184;7;0;1;2;1;1
202300018273;155 648 179;1;0;2;1;25;5
202300018273;155 648 181;7;0;2;2;26;3
202300018274;155 648 177;7;0;2;4;2;1
202300018274;155 648 182;7;0;2;1;2;1
202300018275;155 648 178;7;0;2;5;12;1
202300018275;155 648 180;33;0;2;0;0;1
202300018276;155 648 175;7;4;0;8;2;1
202300018277;155 648 174;7;2;0;0;0;1
202300018278;155 648 173;30;0;2;5;1;1
202300018278;155 648 176;30;0;2;1;1;1
202300018279;155 648 170;7;0;2;5;15;1
202300018279;155 648 171;2;0;2;1;1;1
202300018280;155 648 167;7;0;0;6;23;2
202300018280;155 648 169;7;1;0;7;0;1
202300018280;155 648 172;7;1;0;2;0;1
202300018281;155 648 166;7;0;2;4;23;1
202300018281;155 648 168;7;0;2;1;1;1
202300018282;155 648 162;50;0;0;0;1;3
202300018283;155 648 161;7;0;2;4;1;1
202300018283;155 648 164;7;0;2;1;1;1
202300018283;155 648 165;7;0;2;4;1;1
202300018284;155 648 160;7;0;2;1;11;1
202300018284;155 648 163;10;0;2;4;1;1
202300018285;155 648 158;7;0;1;1;1;1
202300018286;155 648 157;7;0;2;1;1;1
202300018286;155 648 159;7;0;2;2;17;1
202300018287;155 648 155;7;0;2;1;2;1
202300018287;155 648 156;7;0;2;4;2;1
202300018288;155 648 154;7;0;1;1;2;1
202300018289;155 648 150;7;8;0;1;1;1
202300018290;155 648 151;33;0;2;1;2;1
202300018290;155 648 153;7;0;2;6;15;1
202300018291;155 648 149;7;0;2;1;1;1
202300018291;155 648 152;15;0;2;4;1;1
202300018292;155 648 146;7;0;2;1;15;1
202300018292;155 648 148;33;0;2;1;1;1
202300018293;155 648 145;7;4;0;1;1;1
202300018294;155 648 144;7;0;2;3;9;1
202300018294;155 648 147;7;0;2;1;1;1
202300018295;155 648 142;7;3;0;9;1;1
202300018296;155 648 141;10;0;2;1;2;1
202300018296;155 648 143;7;0;2;4;1;1
202300018297;155 648 140;7;0;1;2;1;0
202300018298;155 648 138;10;0;1;1;11;1
202300018299;155 648 137;7;0;2;1;0;1
202300018299;155 648 139;7;0;2;4;2;1
202300018300;155 648 135;7;0;2;1;1;1
202300018300;155 648 136;1;0;2;7;19;5
202300018301;155 648 132;39;0;2;3;1;3
202300018301;155 648 134;7;0;4;6;23;1
202300018302;155 648 131;31;0;2;5;0;1
202300018302;155 648 133;7;0;2;3;0;1
202300018303;155 648 127;33;0;2;3;21;1
202300018303;155 648 129;7;0;2;5;2;1
202300018304;155 648 125;33;0;0;8;1;1
202300018305;155 648 126;7;0;2;1;2;1
202300018305;155 648 128;10;0;2;4;1;1
202300018306;155 648 122;2;0;1;1;17;1
202300018307;155 648 120;7;0;2;5;1;1
202300018307;155 648 124;7;0;2;1;9;1
202300018308;155 648 117;33;7;0;1;1;1
202300018309;155 648 115;7;0;2;1;1;1
202300018309;155 648 116;7;0;2;4;1;1
202300018309;155 648 118;7;0;2;4;1;1
202300018309;155 648 119;7;0;2;4;1;2
202300018309;155 648 121;7;0;2;4;1;1
202300018309;155 648 123;7;0;2;4;1;1
202300018310;155 648 111;2;0;0;0;16;1
202300018310;155 648 114;0;0;0;3;0;0
202300018311;155 648 108;7;6;2;3;15;1
202300018311;155 648 110;1;6;2;1;1;5
202300018312;155 648 107;7;0;2;1;21;2
202300018312;155 648 109;7;0;2;1;21;1
202300018313;155 648 106;7;13;0;2;26;1
202300018314;155 648 105;33;13;0;0;1;1
202300018315;155 648 103;33;0;9;1;1;1
202300018315;155 648 104;50;0;2;2;6;3
202300018316;155 648 102;7;16;0;8;0;1
202300018317;155 648 099;7;0;1;5;16;2
202300018318;155 648 098;33;0;2;0;0;1
202300018318;155 648 101;7;0;2;2;19;0
202300018319;155 648 097;7;0;2;1;13;0
202300018319;155 648 100;10;0;2;1;1;1
202300018320;155 648 094;7;6;0;3;1;1
202300018321;155 648 092;2;12;0;1;13;6
202300018322;155 648 091;7;0;2;1;2;1
202300018322;155 648 095;7;0;2;6;23;3
202300018323;155 648 090;7;0;2;3;19;1
202300018323;155 648 093;7;0;2;1;1;1
202300018324;155 648 088;2;0;0;7;1;1
202300018325;155 648 086;7;0;2;7;1;1
202300018325;155 648 089;50;0;2;8;1;3
202300018326;155 648 085;33;0;2;2;18;1
202300018326;155 648 087;7;0;2;2;19;1
202300018327;155 648 082;1;0;1;0;1;6
202300018328;155 648 081;7;0;2;3;15;1
202300018328;155 648 083;31;0;2;1;17;1
202300018329;155 648 080;7;0;2;5;1;1
202300018329;155 648 084;1;0;2;1;1;5
202300018330;155 648 079;7;0;1;6;15;1
202300018331;155 648 077;7;0;1;1;1;1
202300018332;155 648 076;7;0;2;7;15;1
202300018332;155 648 078;7;0;2;1;1;1
202300018333;155 648 073;7;0;2;7;16;1
202300018333;155 648 075;32;0;2;8;18;1
202300018334;155 648 072;50;0;2;1;5;3
202300018334;155 648 074;7;0;9;1;1;0
202300018335;155 648 071;7;0;1;8;16;1
202300018336;155 648 070;39;0;1;2;1;3
202300018337;155 648 067;7;0;2;1;5;1
202300018337;155 648 069;21;0;2;3;1;1
202300018338;155 648 065;33;0;2;1;5;1
202300018338;155 648 066;7;0;2;6;20;1
202300018339;155 648 064;7;0;2;6;9;1
202300018339;155 648 068;33;0;2;1;15;1
202300018340;155 648 061;33;0;2;8;7;1
202300018340;155 648 063;7;0;2;1;26;1
202300018341;155 648 060;32;0;2;6;1;1
202300018341;155 648 062;7;0;2;1;1;1
202300018342;155 648 059;14;0;1;0;15;0
202300018343;155 648 054;7;0;2;3;20;1
202300018343;155 648 058;33;0;2;7;1;1
202300018344;155 648 056;50;0;2;1;26;3
202300018344;155 648 057;7;0;2;1;1;1
202300018345;155 648 053;33;0;2;1;13;1
202300018345;155 648 055;7;0;2;0;1;1
202300018346;155 648 050;7;0;2;3;20;1
202300018346;155 648 052;33;0;2;1;1;1
202300018347;155 648 049;7;15;2;6;24;1
202300018347;155 648 051;38;1;0;2;14;1
202300018348;155 648 046;50;0;2;1;25;3
202300018348;155 648 048;7;0;2;3;1;1
202300018349;155 648 043;33;0;2;1;1;1
202300018349;155 648 044;7;0;2;3;9;1
202300018350;155 648 040;7;0;2;3;10;1
202300018350;155 648 042;1;0;2;7;1;5
202300018351;155 648 039;37;0;2;8;1;1
202300018351;155 648 041;50;0;2;1;1;3
202300018352;155 648 037;2;12;0;1;1;1
202300018353;155 648 035;7;14;0;1;1;1
202300018354;155 648 036;7;0;0;3;16;1
202300018354;155 648 038;7;0;0;2;1;1
202300018355;155 648 034;7;0;1;1;1;1
202300018356;155 648 030;2;0;2;1;1;1
202300018356;155 648 032;7;0;2;4;15;1
202300018357;155 648 028;32;0;2;1;3;1
202300018357;155 648 029;7;0;2;2;15;1
202300018358;155 648 026;7;0;1;3;1;1
202300018359;155 648 025;7;0;0;6;1;1
202300018359;155 648 027;7;0;2;1;2;1
202300018360;155 648 023;7;0;2;2;2;1
202300018360;155 648 024;7;0;2;6;1;1
202300018361;155 648 021;37;0;1;1;16;1
202300018362;155 648 020;15;0;0;6;2;1
202300018362;155 648 022;36;0;2;2;2;1
202300018363;155 648 018;7;9;0;2;21;1
202300018364;155 648 016;10;0;2;2;17;1
202300018364;155 648 019;50;0;2;4;2;3
202300018365;155 648 014;7;6;0;1;1;1
202300018366;155 648 009;17;0;2;1;2;1
202300018366;155 648 011;7;0;0;5;2;1
202300018366;155 648 012;7;0;0;4;2;1
202300018366;155 648 015;7;0;0;4;2;1
202300018366;155 648 017;7;0;0;5;1;1
202300018367;155 648 010;7;0;2;1;2;1
202300018367;155 648 013;7;0;2;4;2;1
202300018368;155 648 007;2;0;2;4;15;1
202300018368;155 648 008;7;0;2;1;16;1
202300018369;155 648 006;7;3;0;1;14;1
202300018370;155 648 005;7;0;1;3;1;0
202300018371;155 648 003;7;2;0;1;11;1
202300018372;155 648 002;1;0;0;4;1;5
202300018372;155 648 004;7;0;2;1;1;0
202300018373;155 648 001;7;0;1;1;1;1
202300018374;155 648 000;7;13;0;7;1;1
202300018375;155 647 997;15;0;2;3;1;1
202300018375;155 647 998;7;0;2;3;1;1
202300018376;155 647 996;7;0;2;2;2;1
202300018376;155 647 999;33;0;2;6;2;1
202300018377;155 647 994;2;0;2;8;15;1
202300018377;155 647 995;7;0;2;1;1;1
202300018378;155 647 993;7;0;1;2;2;2
202300018379;155 647 991;1;0;2;1;1;5
202300018379;155 647 992;10;0;2;2;15;1
202300018380;155 647 989;7;0;1;1;1;1
202300018381;155 647 988;7;0;1;3;1;1
202300018382;155 647 986;37;0;2;2;1;1
202300018382;155 647 990;7;0;2;3;16;1
202300018383;155 647 985;37;0;2;3;1;1
202300018383;155 647 987;7;0;2;3;13;1
202300018384;155 647 983;7;2;2;8;13;1
202300018384;155 647 984;7;0;2;7;1;6
202300018385;155 647 981;7;0;1;2;1;1
202300018386;155 647 982;7;2;0;1;2;1
202300018387;155 647 980;1;14;0;0;1;5
202300018388;155 647 976;7;0;2;5;16;1
202300018388;155 647 979;1;0;2;5;1;5
202300018389;155 647 977;50;0;9;8;15;3
202300018389;155 647 978;7;0;9;2;1;1
202300018390;155 647 974;7;3;2;1;1;1
202300018390;155 647 975;7;3;2;4;23;1
202300018391;155 647 972;7;0;1;1;1;1
202300018392;155 647 971;33;0;2;2;17;1
202300018392;155 647 973;10;0;2;3;9;1
202300018393;155 647 966;7;0;2;3;2;1
202300018393;155 647 968;7;0;2;3;2;1
202300018394;155 647 965;7;0;2;3;9;1
202300018394;155 647 970;7;0;2;2;1;1
202300018395;155 647 967;7;0;2;1;17;1
202300018395;155 647 969;1;0;2;8;15;5
202300018396;155 647 962;21;0;2;3;13;1
202300018396;155 647 964;33;0;2;1;1;1
202300018397;155 647 960;7;0;2;1;19;1
202300018397;155 647 963;7;0;2;6;23;1
202300018398;155 647 959;15;0;2;0;16;1
202300018398;155 647 961;1;0;2;1;1;5
202300018399;155 647 956;7;0;2;8;2;1
202300018399;155 647 958;33;0;2;7;17;1
202300018400;155 647 955;7;0;2;2;15;1
202300018400;155 647 957;1;0;2;1;1;5
202300018401;155 647 953;3;0;9;1;16;3
202300018401;155 647 954;1;0;2;7;1;5
202300018402;155 647 950;7;0;2;3;13;1
202300018402;155 647 952;7;0;2;3;1;1
202300018403;155 647 948;31;0;2;1;1;6
202300018403;155 647 951;7;0;2;5;15;1
202300018404;155 647 947;7;0;2;2;15;1
202300018404;155 647 949;1;0;2;1;1;5
202300018405;155 647 946;7;4;0;1;1;1
202300018406;155 647 944;7;0;2;2;15;2
202300018406;155 647 945;33;0;2;3;1;1
202300018407;155 647 943;30;0;1;1;16;1
202300018408;155 647 942;7;0;1;2;1;0
202300018409;155 647 941;7;0;0;1;1;1
202300018410;155 647 939;7;9;0;1;15;1
202300018411;155 647 937;7;0;2;6;2;1
202300018411;155 647 938;7;0;2;1;1;1
202300018411;155 647 940;7;0;2;1;2;1
202300018412;155 647 936;31;15;0;1;15;1
202300018413;155 647 935;7;0;1;3;1;1
202300018414;155 647 931;33;0;2;1;2;1
202300018414;155 647 934;1;0;2;4;11;5
202300018415;155 647 929;7;0;2;7;12;1
202300018415;155 647 933;7;0;2;3;1;1
202300018416;155 647 930;50;0;2;1;1;3
202300018416;155 647 932;7;0;2;2;15;1
202300018417;155 647 927;7;0;1;2;1;1
202300018418;155 647 925;7;0;2;8;13;1
202300018418;155 647 928;15;0;2;2;1;1
202300018419;155 647 923;7;0;2;1;1;1
202300018419;155 647 924;7;0;2;1;1;1
202300018419;155 647 926;7;0;2;4;23;1
202300018420;155 647 920;50;0;2;1;25;3
202300018420;155 647 922;7;0;2;2;9;1
202300018421;155 647 918;7;0;2;5;12;0
202300018421;155 647 921;33;0;2;1;1;1
202300018422;155 647 917;7;0;2;1;16;1
202300018422;155 647 919;1;0;2;3;1;5
202300018423;155 647 915;7;0;2;1;2;1
202300018423;155 647 916;7;0;2;4;2;1
202300018424;155 647 913;7;0;1;1;1;1
202300018425;155 647 908;1;0;2;1;19;5
202300018425;155 647 911;7;0;9;3;19;1
202300018426;155 647 906;7;4;2;8;2;1
202300018426;155 647 907;7;4;2;6;0;3
202300018426;155 647 910;17;4;2;1;2;1
202300018426;155 647 912;7;4;2;9;2;1
202300018426;155 647 914;7;4;2;4;2;1
202300018427;155 647 905;1;0;2;3;1;5
202300018427;155 647 909;7;0;2;2;16;1
202300018428;155 647 902;7;5;2;5;1;1
202300018428;155 647 904;10;0;2;3;1;1
202300018429;155 647 900;33;0;2;1;3;1
202300018429;155 647 903;7;0;2;5;1;1
202300018430;155 647 899;31;0;2;8;23;1
202300018430;155 647 901;37;0;2;2;15;1
202300018431;155 647 897;7;0;0;1;1;0
202300018432;155 647 894;7;0;2;1;1;1
202300018432;155 647 896;7;0;2;0;0;1
202300018432;155 647 898;7;0;2;0;0;1
202300018433;155 647 891;7;0;2;1;2;0
202300018433;155 647 893;7;0;2;0;0;1
202300018434;155 647 888;10;0;2;3;11;1
202300018434;155 647 890;42;0;2;2;26;1
202300018435;155 647 887;7;2;0;8;14;1
202300018436;155 647 886;7;0;2;3;0;1
202300018436;155 647 889;7;0;2;2;1;1
202300018437;155 647 880;7;0;2;4;2;1
202300018437;155 647 883;7;0;2;1;2;1
202300018438;155 647 882;50;0;2;7;15;3
202300018438;155 647 885;7;0;2;1;1;1
202300018439;155 647 881;7;4;2;1;1;1
202300018439;155 647 884;7;4;2;5;1;1
202300018440;155 647 878;7;13;0;1;17;1
202300018441;155 647 879;33;1;0;1;19;1
202300018442;155 647 875;10;0;2;3;2;1
202300018442;155 647 876;7;0;2;4;2;1
202300018442;155 647 877;7;0;2;6;2;1
202300018443;155 647 872;50;0;2;1;25;3
202300018443;155 647 873;7;0;2;7;16;1
202300018444;155 647 871;50;0;2;1;9;3
202300018444;155 647 874;21;0;2;6;9;4
202300018445;155 647 870;7;7;0;2;14;1
202300018446;155 647 869;10;0;0;0;0;1
202300018447;155 647 867;7;0;1;4;20;1
202300018448;155 647 866;7;4;0;2;1;1
202300018449;155 647 863;10;1;0;6;20;1
202300018449;155 647 865;10;0;2;2;2;1
202300018450;155 647 862;7;0;2;3;21;1
202300018450;155 647 864;34;0;2;3;1;1
202300018451;155 647 860;7;0;2;1;1;1
202300018451;155 647 861;7;0;2;4;1;1
202300018452;155 647 856;7;0;2;7;1;1
202300018452;155 647 859;10;0;2;3;1;0
202300018453;155 647 857;80;0;2;4;11;3
202300018453;155 647 858;31;0;2;7;13;3
202300018454;155 647 855;7;0;1;3;1;2
202300018455;155 647 852;7;0;1;1;16;1
202300018456;155 647 853;33;0;2;1;1;1
202300018456;155 647 854;7;0;2;6;15;1
202300018457;155 647 850;50;0;2;8;2;3
202300018457;155 647 851;15;0;2;7;2;1
202300018458;155 647 847;10;0;2;3;24;1
202300018458;155 647 849;50;1;2;1;1;3
202300018459;155 647 846;1;0;2;1;19;5
202300018459;155 647 848;7;0;9;5;0;1
202300018460;155 647 845;40;0;1;7;1;3
202300018461;155 647 844;7;0;1;1;1;1
202300018462;155 647 841;1;0;2;7;1;5
202300018462;155 647 843;7;0;2;3;16;2
202300018463;155 647 840;2;0;2;1;13;3
202300018463;155 647 842;10;0;2;5;1;1
202300018464;155 647 839;7;0;0;7;15;1
202300018465;155 647 838;7;0;1;1;9;1
202300018466;155 647 837;10;0;1;2;16;1
202300018467;155 647 834;7;0;2;1;19;1
202300018467;155 647 836;7;0;2;1;0;1
202300018468;155 647 833;7;0;0;0;0;1
202300018468;155 647 835;50;0;0;0;0;3
202300018469;155 647 830;1;0;0;1;1;5
202300018470;155 647 831;7;0;2;5;22;1
202300018470;155 647 832;1;0;2;1;18;5
202300018471;155 647 828;7;1;0;2;1;1
202300018472;155 647 827;7;0;0;4;0;1
202300018472;155 647 829;10;0;2;1;26;1
202300018473;155 647 824;7;0;2;3;10;1
202300018473;155 647 825;32;0;2;2;17;1
202300018474;155 647 821;32;0;0;1;1;1
202300018474;155 647 823;7;0;2;3;9;1
202300018475;155 647 822;7;0;1;1;1;1
202300018476;155 647 817;80;0;2;2;9;3
202300018476;155 647 820;7;0;2;1;1;1
202300018477;155 647 818;1;0;2;2;14;5
202300018477;155 647 819;10;0;2;3;1;1
202300018478;155 647 815;7;0;1;2;16;1
202300018479;155 647 813;7;0;1;1;1;1
202300018480;155 647 811;7;0;1;2;1;1
202300018481;155 647 809;7;3;2;8;11;1
202300018481;155 647 812;7;0;2;2;0;1
202300018482;155 647 808;7;6;0;1;26;1
202300018483;155 647 804;10;0;2;6;9;1
202300018483;155 647 807;33;0;2;1;17;1