Num_Acc;id_vehicule;catv;obs;obsm;choc;manv;motor
202300018831;155 647 180;33;0;2;1;2;1
202300018831;155 647 181;7;0;2;4;2;1
202300018832;155 647 179;33;0;5;1;1;1
202300018833;155 647 177;10;0;2;5;11;6
202300018833;155 647 182;50;0;2;1;13;3
202300018834;155 647 178;33;0;0;0;14;1
202300018835;155 647 176;7;0;1;1;1;1
202300018836;155 647 174;32;0;2;1;1;0
202300018836;155 647 175;80;0;2;7;15;3
202300018837;155 647 171;10;0;2;5;1;1
202300018837;155 647 173;33;0;2;3;3;1
202300018838;155 647 169;7;0;2;1;1;6
202300018838;155 647 172;14;0;2;3;23;1
202300018839;155 647 168;50;0;2;1;5;3
202300018839;155 647 170;7;0;9;2;1;1
202300018840;155 647 166;32;0;1;1;25;1
202300018841;155 647 165;7;0;2;1;2;1
202300018841;155 647 167;7;0;2;4;2;1
202300018842;155 647 162;7;9;1;1;1;1
202300018843;155 647 164;30;0;0;0;1;3
202300018844;155 647 160;50;0;2;0;2;3
202300018844;155 647 161;50;0;2;4;2;3
202300018845;155 647 157;7;0;2;5;16;1
202300018845;155 647 159;50;0;2;1;1;3
202300018846;155 647 158;38;0;2;0;0;0
202300018846;155 647 163;7;0;1;0;0;0
202300018847;155 647 156;30;0;0;7;21;3
202300018848;155 647 151;7;0;2;4;1;1
202300018848;155 647 154;15;0;2;1;1;0
202300018849;155 647 153;43;0;2;1;1;1
202300018849;155 647 155;7;0;2;1;1;2
202300018850;155 647 150;14;0;2;1;2;1
202300018850;155 647 152;7;0;2;4;23;1
202300018851;155 647 147;50;0;1;1;1;3
202300018852;155 647 145;32;0;2;1;1;1
202300018852;155 647 149;7;0;2;3;15;1
202300018853;155 647 144;7;0;2;1;3;1
202300018853;155 647 146;10;0;2;4;23;1
202300018853;155 647 148;7;0;2;3;24;1
202300018854;155 647 140;7;0;2;9;2;2
202300018854;155 647 142;7;0;2;9;2;1
202300018854;155 647 143;7;0;2;4;2;1
202300018855;155 647 139;50;0;2;8;1;3
202300018855;155 647 141;7;0;2;1;16;1
202300018856;155 647 135;10;0;2;6;15;1
202300018856;155 647 138;33;0;2;1;1;1
202300018857;155 647 134;7;0;2;2;15;1
202300018857;155 647 137;32;0;2;2;1;0
202300018858;155 647 133;7;0;2;3;22;3
202300018858;155 647 136;80;0;2;1;1;3
202300018859;155 647 131;7;0;2;1;2;1
202300018859;155 647 132;60;0;2;7;1;5
202300018860;155 647 127;32;0;0;8;1;3
202300018861;155 647 129;7;0;1;1;15;1
202300018862;155 647 128;33;0;2;4;18;1
202300018862;155 647 130;50;0;2;4;14;3
202300018863;155 647 126;31;0;0;0;21;1
202300018864;155 647 124;1;0;9;0;23;5
202300018865;155 647 123;33;0;2;1;5;1
202300018865;155 647 125;7;0;2;1;1;1
202300018866;155 647 120;80;0;2;8;19;3
202300018866;155 647 122;41;0;2;1;1;0
202300018867;155 647 119;50;0;2;1;5;3
202300018867;155 647 121;7;0;9;2;16;1
202300018868;155 647 117;32;0;2;7;1;1
202300018868;155 647 118;7;0;2;8;23;1
202300018869;155 647 115;37;0;1;2;1;1
202300018870;155 647 116;7;9;1;2;1;1
202300018871;155 647 111;37;0;2;2;17;1
202300018871;155 647 114;7;0;2;6;23;2
202300018872;155 647 110;80;0;2;2;1;3
202300018872;155 647 113;7;0;2;8;22;0
202300018873;155 647 109;50;1;0;8;11;3
202300018873;155 647 112;7;1;0;5;1;1
202300018874;155 647 104;7;0;2;7;17;1
202300018874;155 647 107;1;14;0;8;21;5
202300018875;155 647 106;1;0;1;2;1;5
202300018876;155 647 105;80;8;2;8;19;3
202300018876;155 647 108;33;0;2;1;1;1
202300018877;155 647 102;7;0;1;3;7;2
202300018878;155 647 101;7;0;2;8;1;1
202300018878;155 647 103;30;0;2;1;1;1
202300018879;155 647 100;37;0;0;0;20;3
202300018880;155 647 097;7;0;1;2;1;1
202300018881;155 647 096;7;0;2;8;1;0
202300018881;155 647 099;30;0;2;7;1;0
202300018882;155 647 095;1;0;2;2;19;5
202300018882;155 647 098;31;0;2;3;1;1
202300018883;155 647 094;7;0;1;1;1;0
202300018884;155 647 090;7;0;2;1;15;1
202300018884;155 647 093;1;0;2;1;1;5
202300018885;155 647 088;10;0;2;1;2;1
202300018885;155 647 091;14;0;0;4;23;1
202300018886;155 647 089;7;0;2;3;11;1
202300018886;155 647 092;43;0;2;7;1;1
202300018887;155 647 087;60;0;0;0;2;5
202300018888;155 647 084;14;0;2;8;2;1
202300018888;155 647 085;33;0;2;7;13;1
202300018889;155 647 083;10;0;2;6;15;1
202300018889;155 647 086;33;0;2;1;1;1
202300018890;155 647 081;10;0;1;1;19;1
202300018891;155 647 080;33;0;2;7;17;1
202300018891;155 647 082;7;0;2;3;0;1
202300018892;155 647 078;7;0;1;1;15;1
202300018893;155 647 076;33;1;1;1;1;1
202300018894;155 647 077;7;0;2;2;15;1
202300018894;155 647 079;31;0;2;3;1;1
202300018895;155 647 074;7;8;0;1;1;1
202300018896;155 647 071;7;0;2;1;15;3
202300018896;155 647 072;60;0;2;0;0;5
202300018897;155 647 073;10;0;2;1;2;1
202300018897;155 647 075;7;0;2;4;1;1
202300018898;155 647 067;7;0;2;4;23;1
202300018898;155 647 069;7;0;2;1;1;1
202300018899;155 647 068;7;0;2;1;0;0
202300018899;155 647 070;43;0;2;4;23;1
202300018900;155 647 065;50;0;2;1;1;3
202300018900;155 647 066;7;0;9;2;1;1
202300018901;155 647 062;10;0;2;7;15;1
202300018901;155 647 063;31;0;2;1;1;1
202300018902;155 647 060;43;0;2;7;1;1
202300018902;155 647 061;7;0;2;3;15;1
202300018903;155 647 058;7;0;1;3;9;1
202300018904;155 647 057;60;0;0;0;0;5
202300018905;155 647 059;31;0;2;8;1;1
202300018905;155 647 064;7;0;2;7;16;1
202300018906;155 647 055;50;1;9;1;2;3
202300018906;155 647 056;7;0;2;2;22;1
202300018907;155 647 050;7;0;2;1;2;0
202300018907;155 647 052;2;0;0;4;2;0
202300018908;155 647 051;7;0;0;4;23;1
202300018908;155 647 053;7;0;2;4;23;1
202300018908;155 647 054;10;0;2;1;1;1
202300018909;155 647 048;31;0;2;2;2;1
202300018909;155 647 049;7;0;2;6;13;1
202300018910;155 647 047;2;12;0;1;2;1
202300018911;155 647 043;7;0;0;0;1;1
202300018912;155 647 042;1;0;2;4;0;5
202300018912;155 647 044;7;0;2;1;0;0
202300018913;155 647 040;7;0;2;1;13;1
202300018913;155 647 041;7;0;2;3;1;1
202300018914;155 647 038;7;13;0;1;1;1
202300018915;155 647 039;33;0;1;0;1;1
202300018916;155 647 036;7;0;2;3;1;1
202300018916;155 647 037;7;0;2;3;1;1
202300018917;155 647 034;50;0;2;1;5;3
202300018917;155 647 035;32;0;2;0;9;1
202300018918;155 647 032;14;0;2;3;0;1
202300018918;155 647 033;7;0;2;3;0;1
202300018919;155 647 028;7;0;0;1;15;1
202300018919;155 647 030;2;0;2;1;17;1
202300018920;155 647 029;30;0;2;8;1;1
202300018920;155 647 031;7;0;2;0;12;1
202300018921;155 647 027;7;7;0;1;15;1
202300018922;155 647 025;7;0;2;4;2;1
202300018922;155 647 026;10;0;2;8;1;1
202300018923;155 647 021;33;0;2;1;2;1
202300018923;155 647 022;7;0;0;6;2;1
202300018924;155 647 023;7;0;2;1;1;1
202300018924;155 647 024;37;0;2;6;1;1
202300018925;155 647 019;14;0;2;1;1;1
202300018925;155 647 020;7;4;0;9;13;1
202300018926;155 647 014;2;0;2;8;13;1
202300018926;155 647 015;7;0;2;8;1;1
202300018926;155 647 017;7;0;2;8;1;1
202300018927;155 647 013;1;0;2;0;13;5
202300018928;155 647 012;7;2;0;1;14;0
202300018929;155 647 011;7;0;1;1;1;1
202300018930;155 647 007;32;14;0;8;1;1
202300018931;155 647 006;33;0;0;0;1;0
202300018932;155 647 004;7;13;0;0;0;1
202300018933;155 647 002;7;0;2;1;2;1
202300018933;155 647 003;7;0;2;4;23;1
202300018933;155 647 005;7;0;0;4;23;1
202300018934;155 647 001;7;0;9;5;1;1
202300018935;155 646 998;7;0;2;2;19;1
202300018935;155 647 000;33;0;2;8;15;1
202300018936;155 646 999;36;0;0;0;0;1
202300018937;155 646 996;1;0;2;8;19;5
202300018937;155 646 997;17;0;2;2;21;1
202300018938;155 646 993;7;0;2;3;9;1
202300018938;155 646 995;2;0;0;7;1;1
202300018939;155 646 991;7;0;2;3;3;1
202300018939;155 646 992;13;0;2;3;1;1
202300018940;155 646 994;7;0;0;0;1;1
202300018941;155 646 989;7;0;2;1;2;1
202300018941;155 646 990;7;0;2;4;2;1
202300018942;155 646 987;7;8;0;5;2;1
202300018943;155 646 988;7;6;0;0;0;1
202300018944;155 646 986;7;13;0;2;21;1
202300018945;155 646 985;7;2;0;1;1;1
202300018946;155 646 982;7;0;2;6;1;1
202300018946;155 646 984;7;0;2;2;17;1
202300018947;155 646 981;7;0;2;0;0;1
202300018947;155 646 983;7;3;2;0;1;1
202300018948;155 646 978;10;0;2;6;4;1
202300018948;155 646 980;33;0;2;2;13;1
202300018949;155 646 977;7;8;2;2;19;1
202300018949;155 646 979;20;0;2;3;1;1
202300018950;155 646 975;7;0;2;3;1;1
202300018950;155 646 976;7;0;2;3;1;1
202300018951;155 646 974;7;0;1;1;1;1
202300018952;155 646 973;7;0;0;7;1;1
202300018953;155 646 971;1;0;0;0;1;5
202300018953;155 646 972;1;0;2;0;1;5
202300018954;155 646 970;7;0;1;2;15;1
202300018955;155 646 969;7;2;0;2;1;1
202300018956;155 646 968;7;0;1;2;1;1
202300018957;155 646 966;7;0;2;3;10;1
202300018957;155 646 967;33;0;2;1;1;1
202300018958;155 646 964;10;8;0;8;13;1
202300018959;155 646 962;2;0;2;3;11;1
202300018959;155 646 965;7;0;2;7;17;1
202300018960;155 646 961;7;0;2;1;1;1
202300018960;155 646 963;7;0;2;1;1;1
202300018961;155 646 960;7;13;0;1;1;1
202300018962;155 646 959;33;0;0;0;1;1
202300018963;155 646 957;10;0;6;1;11;1
202300018964;155 646 958;7;3;0;1;2;1
202300018965;155 646 956;7;2;0;1;1;0
202300018966;155 646 952;60;0;2;1;0;5
202300018966;155 646 954;10;0;2;2;0;1
202300018967;155 646 950;7;3;0;1;1;1
202300018968;155 646 949;7;0;2;7;0;1
202300018968;155 646 951;7;0;2;9;1;1
202300018968;155 646 953;7;14;0;0;1;1
202300018968;155 646 955;7;0;2;9;5;1
202300018969;155 646 948;7;6;0;1;21;1
202300018970;155 646 944;2;0;2;1;1;1
202300018970;155 646 947;7;0;2;1;15;1
202300018971;155 646 942;7;0;2;2;1;1
202300018971;155 646 945;2;0;2;1;1;1
202300018972;155 646 941;7;14;0;1;1;1
202300018972;155 646 943;7;4;0;4;23;1
202300018972;155 646 946;10;14;0;1;1;1
202300018973;155 646 940;7;0;0;3;1;1
202300018974;155 646 939;2;12;0;9;6;1
202300018975;155 646 938;7;2;0;4;1;1
202300018976;155 646 936;7;0;2;3;1;1
202300018976;155 646 937;30;0;2;7;1;1
202300018977;155 646 934;7;0;0;1;11;1
202300018977;155 646 935;7;0;2;1;23;1
202300018978;155 646 930;33;0;2;1;17;1
202300018978;155 646 933;7;0;2;8;1;1
202300018979;155 646 929;7;13;0;1;14;1
202300018980;155 646 928;7;0;2;1;26;0
202300018980;155 646 931;7;0;2;1;6;1
202300018980;155 646 932;7;0;2;6;2;0
202300018981;155 646 922;10;0;2;3;17;1
202300018981;155 646 926;7;0;2;2;2;0
202300018982;155 646 924;7;0;2;3;1;1
202300018982;155 646 927;7;0;2;2;9;1
202300018983;155 646 921;33;8;0;1;21;1
202300018984;155 646 923;10;1;0;2;2;1
202300018984;155 646 925;30;0;0;4;23;1
202300018985;155 646 919;7;0;2;3;1;1
202300018985;155 646 920;33;0;2;1;17;1
202300018986;155 646 917;7;0;2;1;13;1
202300018986;155 646 918;14;0;2;1;1;1
202300018987;155 646 916;7;3;0;0;1;1
202300018988;155 646 912;32;0;2;3;1;1
202300018988;155 646 914;7;0;2;2;9;1
202300018989;155 646 910;7;0;2;1;1;0
202300018989;155 646 913;7;0;2;3;1;0
202300018990;155 646 911;2;0;0;4;15;1
202300018990;155 646 915;7;0;2;3;9;1
202300018991;155 646 906;7;0;2;3;15;1
202300018991;155 646 908;7;0;2;2;21;1
202300018992;155 646 904;7;0;2;1;1;0
202300018992;155 646 905;7;0;2;4;26;0
202300018992;155 646 907;7;0;2;1;1;0
202300018993;155 646 899;1;0;0;4;2;5
202300018993;155 646 900;33;0;9;1;0;1
202300018993;155 646 902;17;14;0;1;1;1
202300018994;155 646 901;7;0;2;1;1;1
202300018994;155 646 903;7;0;0;1;1;1
202300018995;155 646 898;7;16;0;3;1;1
202300018996;155 646 897;2;0;0;0;1;1
202300018997;155 646 896;7;0;1;1;1;1
202300018998;155 646 893;15;0;2;2;12;1
202300018998;155 646 894;7;0;2;4;1;1
202300018999;155 646 890;7;0;2;3;17;1
202300018999;155 646 892;7;0;2;3;21;1
202300019000;155 646 889;7;4;0;2;1;1
202300019001;155 646 888;7;13;0;1;14;1
202300019002;155 646 884;10;12;2;1;1;1
202300019002;155 646 887;7;12;2;4;1;1
202300019003;155 646 882;7;0;2;3;13;1
202300019003;155 646 885;37;0;2;3;1;1
202300019004;155 646 883;7;0;2;7;9;1
202300019004;155 646 886;7;0;2;1;1;1
202300019005;155 646 880;7;0;2;6;2;1
202300019005;155 646 881;7;0;2;1;1;1
202300019006;155 646 876;7;0;2;4;2;1
202300019006;155 646 878;7;0;2;1;2;1
202300019006;155 646 879;7;4;0;4;1;1
202300019007;155 646 873;10;0;2;4;2;1
202300019007;155 646 874;10;4;2;4;2;2
202300019007;155 646 877;10;0;2;1;1;1
202300019008;155 646 872;7;0;0;9;1;1
202300019009;155 646 875;7;0;1;3;15;1
202300019010;155 646 870;14;0;2;1;1;-1
202300019010;155 646 871;7;4;0;4;1;1
202300019011;155 646 868;10;0;2;6;2;1
202300019011;155 646 869;33;3;2;1;2;1
202300019012;155 646 866;32;0;2;2;3;1
202300019012;155 646 867;10;0;2;6;11;1
202300019013;155 646 864;7;10;0;6;23;1
202300019013;155 646 865;15;1;0;2;2;1
202300019014;155 646 862;7;6;0;4;1;1
202300019015;155 646 860;7;0;2;1;1;1
202300019015;155 646 861;10;0;2;4;1;1
202300019015;155 646 863;7;0;2;4;1;2
202300019016;155 646 856;7;0;2;7;15;1
202300019016;155 646 859;33;0;2;1;17;1
202300019017;155 646 855;33;0;2;7;3;1
202300019017;155 646 857;10;0;2;3;13;1
202300019018;155 646 854;7;0;2;1;19;1
202300019018;155 646 858;7;0;2;1;1;1
202300019019;155 646 852;7;0;2;3;13;1
202300019019;155 646 853;33;0;2;3;1;1
202300019020;155 646 851;7;0;1;1;15;1
202300019021;155 646 850;10;13;0;2;1;1
202300019022;155 646 848;7;0;1;3;19;1
202300019023;155 646 847;7;0;0;8;19;1
202300019023;155 646 849;7;0;0;1;1;1
202300019024;155 646 845;10;0;1;4;4;1
202300019025;155 646 844;7;0;2;4;23;1
202300019025;155 646 846;7;0;2;1;2;1
202300019026;155 646 842;7;0;2;2;16;0
202300019026;155 646 843;32;0;2;7;1;0
202300019027;155 646 840;15;0;2;3;1;1
202300019027;155 646 841;7;0;2;1;11;1
202300019028;155 646 839;7;0;2;3;17;1
202300019029;155 646 837;7;0;2;4;13;1
202300019029;155 646 838;7;0;2;1;1;1
202300019030;155 646 835;33;0;2;1;1;1
202300019030;155 646 836;7;0;2;4;1;1
202300019031;155 646 834;7;13;0;3;0;1
202300019032;155 646 831;33;0;2;3;13;1
202300019032;155 646 832;7;0;2;3;1;1
202300019033;155 646 830;7;0;2;4;2;1
202300019033;155 646 833;7;0;2;1;2;1
202300019034;155 646 827;1;0;0;8;21;5
202300019035;155 646 829;7;0;1;2;1;1
202300019036;155 646 826;7;0;2;5;15;1
202300019036;155 646 828;2;0;2;1;1;1
202300019037;155 646 824;21;0;2;1;1;1
202300019037;155 646 825;2;0;2;1;1;1
202300019038;155 646 823;7;14;1;1;1;1
202300019039;155 646 820;2;0;2;1;2;1
202300019039;155 646 821;7;0;0;4;2;1
202300019040;155 646 817;7;0;2;8;1;1
202300019040;155 646 819;50;0;2;1;1;3
202300019041;155 646 816;33;13;0;1;1;1
202300019042;155 646 814;7;0;2;8;11;1
202300019042;155 646 815;7;0;2;7;1;1
202300019043;155 646 813;7;13;0;9;1;1
202300019044;155 646 811;2;0;2;3;13;1
202300019044;155 646 812;10;0;2;8;1;1
202300019045;155 646 806;7;0;2;3;1;1
202300019045;155 646 808;10;0;2;1;13;1
202300019046;155 646 805;7;0;2;1;1;1
202300019046;155 646 809;7;0;0;8;19;1
202300019047;155 646 803;10;14;0;1;15;1
202300019048;155 646 804;7;0;2;3;12;1
202300019048;155 646 807;7;0;2;7;6;1
202300019048;155 646 810;7;0;2;1;1;1
202300019049;155 646 801;33;0;2;2;17;1
202300019049;155 646 802;13;0;2;6;17;0
202300019050;155 646 799;2;15;0;4;23;2
202300019050;155 646 800;10;0;2;1;2;1
202300019051;155 646 797;33;0;6;1;1;1
202300019052;155 646 795;7;0;1;0;1;1
202300019053;155 646 790;1;0;2;8;15;5
202300019053;155 646 793;7;0;2;1;1;1
202300019054;155 646 791;7;2;0;1;13;1
202300019055;155 646 789;7;0;2;1;3;1
202300019055;155 646 792;7;0;0;6;1;1
202300019055;155 646 794;7;0;2;5;1;1
202300019055;155 646 796;7;0;2;5;1;1
202300019055;155 646 798;7;0;2;7;1;1
202300019056;155 646 785;7;0;2;8;1;1
202300019056;155 646 788;7;0;2;1;9;1
202300019057;155 646 784;33;0;2;1;1;1
202300019057;155 646 786;7;0;2;5;19;1
202300019058;155 646 783;33;0;0;8;1;1
202300019059;155 646 782;2;0;0;8;1;1
202300019060;155 646 780;10;0;1;1;1;1
202300019061;155 646 778;7;0;0;3;2;0
202300019061;155 646 779;1;0;0;2;2;5
202300019062;155 646 774;7;0;2;1;9;1
202300019062;155 646 777;2;0;2;8;9;1
202300019063;155 646 776;7;0;2;4;2;0
202300019063;155 646 781;7;0;2;1;2;1
202300019064;155 646 773;7;0;2;8;15;1
202300019064;155 646 775;43;0;2;1;3;1
202300019065;155 646 769;7;0;2;3;15;1
202300019065;155 646 772;33;0;2;1;1;1
202300019066;155 646 767;7;0;2;1;0;1
202300019066;155 646 770;7;0;2;4;0;1
202300019067;155 646 764;7;0;2;1;1;1
202300019067;155 646 766;32;0;2;4;1;1
202300019068;155 646 761;7;0;2;0;11;1
202300019068;155 646 762;7;0;2;5;1;1
202300019068;155 646 765;10;0;2;3;1;1
202300019069;155 646 759;32;0;0;0;17;1
202300019069;155 646 760;7;0;9;1;15;1
202300019070;155 646 756;7;0;2;8;1;1
202300019070;155 646 757;15;0;0;0;12;0
202300019071;155 646 758;17;0;1;1;1;1
202300019071;155 646 763;7;0;1;1;1;1
202300019071;155 646 768;33;0;1;8;1;1
202300019071;155 646 771;7;0;1;1;0;1
202300019072;155 646 751;17;0;2;0;1;1
202300019072;155 646 753;7;0;2;9;12;1
202300019073;155 646 750;7;0;1;1;0;2
202300019074;155 646 747;7;0;0;0;1;1
202300019074;155 646 749;31;0;0;0;1;1
202300019075;155 646 745;33;0;2;1;3;1
202300019075;155 646 748;7;0;2;3;15;1
202300019076;155 646 743;7;0;2;6;1;1
202300019076;155 646 744;7;0;2;1;1;1
202300019076;155 646 746;7;0;2;3;1;1
202300019077;155 646 741;17;0;2;1;2;1
202300019077;155 646 742;17;0;2;4;2;1
202300019078;155 646 739;7;0;1;3;1;2
202300019079;155 646 736;1;0;0;0;1;5
202300019080;155 646 735;10;0;2;7;0;1
202300019080;155 646 737;33;0;2;8;0;1
202300019080;155 646 738;10;0;2;8;0;1
202300019081;155 646 734;10;0;2;3;13;1
202300019081;155 646 740;33;0;2;1;1;1
202300019082;155 646 732;7;4;0;1;21;1
202300019083;155 646 730;7;0;2;4;23;1
202300019083;155 646 731;7;0;2;1;1;1
202300019083;155 646 733;7;0;2;4;23;2
202300019084;155 646 726;7;0;1;3;1;1
202300019085;155 646 725;7;0;2;4;1;1
202300019085;155 646 727;33;0;2;3;3;1
202300019085;155 646 729;7;0;2;2;12;2
202300019086;155 646 728;7;0;1;1;0;1
202300019087;155 646 722;1;0;2;1;1;5
202300019087;155 646 724;7;0;9;7;15;1
202300019088;155 646 720;7;0;2;1;2;1
202300019088;155 646 721;7;0;2;4;2;1
202300019088;155 646 723;10;0;2;4;2;1
202300019089;155 646 718;7;0;2;8;15;1
202300019089;155 646 719;30;0;2;1;17;1
202300019090;155 646 712;33;0;2;1;3;1
202300019090;155 646 715;7;0;2;6;1;1
202300019090;155 646 717;10;0;2;5;1;1
202300019091;155 646 711;7;0;2;2;15;1
202300019091;155 646 713;7;0;2;1;1;1
202300019092;155 646 714;33;6;2;7;17;1
202300019092;155 646 716;10;0;2;8;1;1
202300019093;155 646 707;7;0;2;4;21;1
202300019093;155 646 709;10;0;2;1;1;3
202300019093;155 646 710;7;0;2;1;1;1
202300019094;155 646 706;7;0;2;1;2;1
202300019094;155 646 708;7;0;2;4;1;1
202300019095;155 646 704;31;0;2;2;23;1
202300019096;155 646 703;32;0;2;1;3;1
202300019096;155 646 705;7;0;2;8;11;1
202300019097;155 646 699;2;0;2;4;1;1
202300019098;155 646 698;7;0;2;3;1;1
202300019098;155 646 701;10;0;2;3;13;1
202300019099;155 646 700;33;0;0;4;1;1
202300019099;155 646 702;7;0;2;1;2;0
202300019100;155 646 695;7;0;2;2;12;2
202300019100;155 646 697;7;0;2;6;1;1
202300019101;155 646 694;7;0;2;3;1;1
202300019101;155 646 696;7;0;2;1;15;1
202300019102;155 646 689;50;0;2;4;1;3
202300019102;155 646 691;7;0;9;3;1;1
202300019103;155 646 690;7;0;2;7;26;1
202300019103;155 646 692;7;0;2;1;9;1
202300019104;155 646 693;7;6;0;1;1;1
202300019105;155 646 688;1;0;1;1;1;5
202300019106;155 646 686;31;0;2;1;25;1
202300019106;155 646 687;7;0;2;2;26;1
202300019107;155 646 683;37;0;2;3;1;1
202300019107;155 646 684;7;0;2;1;13;1
202300019108;155 646 685;33;13;0;8;1;1
202300019109;155 646 681;7;6;0;1;26;6
202300019110;155 646 680;31;0;2;3;1;1
202300019110;155 646 682;7;0;2;1;15;1
202300019111;155 646 677;30;0;0;3;15;1
202300019112;155 646 676;7;0;2;1;1;0
202300019112;155 646 678;7;0;2;6;23;1
202300019113;155 646 672;33;0;0;0;0;0
202300019113;155 646 675;7;0;2;0;13;0
202300019114;155 646 673;7;0;2;3;13;1
202300019114;155 646 679;33;0;2;1;1;1
202300019115;155 646 671;7;0;0;0;0;1
202300019115;155 646 674;7;0;0;7;1;1
202300019116;155 646 668;7;13;0;0;1;1
202300019117;155 646 667;7;0;2;3;15;1
202300019117;155 646 670;33;0;2;3;1;1
202300019118;155 646 666;1;0;2;1;1;5
202300019118;155 646 669;7;0;2;7;15;1
202300019119;155 646 663;10;0;1;2;2;1
202300019120;155 646 662;7;0;2;8;15;1
202300019120;155 646 665;7;0;2;1;5;1
202300019121;155 646 664;7;0;1;8;1;1
202300019122;155 646 659;7;0;2;3;15;1
202300019122;155 646 661;1;0;2;1;1;5
202300019123;155 646 658;33;0;2;8;0;1
202300019123;155 646 660;7;0;2;8;0;1
202300019124;155 646 656;30;0;0;0;1;1
202300019125;155 646 657;7;0;1;1;1;1
202300019126;155 646 655;7;0;0;9;1;1
202300019127;155 646 652;1;0;2;0;1;5
202300019127;155 646 654;7;0;2;0;1;0
202300019128;155 646 653;7;0;1;8;1;3
202300019129;155 646 649;7;2;0;1;1;1
202300019130;155 646 648;7;6;0;1;13;1
202300019131;155 646 644;7;0;2;3;19;1
202300019131;155 646 646;50;0;2;7;1;3
202300019132;155 646 645;7;0;2;1;1;1
202300019132;155 646 647;50;0;2;7;19;3
202300019133;155 646 643;7;0;1;2;1;1
202300019134;155 646 642;2;6;0;2;0;1
202300019135;155 646 640;17;0;2;2;17;1
202300019135;155 646 641;1;0;2;8;11;5
202300019136;155 646 639;7;3;0;1;1;1
202300019137;155 646 637;7;0;2;1;1;1
202300019137;155 646 638;7;0;2;1;15;1
202300019138;155 646 633;3;4;0;9;0;1
202300019138;155 646 634;10;0;2;2;0;1
202300019139;155 646 631;7;0;2;3;1;1
202300019139;155 646 632;7;0;2;8;1;1
202300019139;155 646 635;7;0;2;3;1;1
202300019139;155 646 636;3;3;2;8;1;1
202300019140;155 646 630;7;0;1;1;26;1
202300019141;155 646 628;2;0;2;8;1;1
202300019141;155 646 629;7;0;2;1;1;1
202300019142;155 646 627;7;0;1;1;19;1
202300019143;155 646 623;7;1;2;1;0;0
202300019143;155 646 625;7;0;2;3;24;1
202300019144;155 646 622;13;0;2;8;1;1
202300019144;155 646 624;10;0;2;1;1;1
202300019144;155 646 626;10;0;0;3;23;1
202300019145;155 646 620;7;0;2;3;15;1
202300019145;155 646 621;33;0;2;3;1;1
202300019146;155 646 619;7;1;0;2;1;2
202300019147;155 646 618;7;0;1;1;15;1
202300019148;155 646 617;7;3;0;1;9;1
202300019149;155 646 613;1;0;2;1;17;5
202300019149;155 646 614;7;0;2;8;22;0
202300019150;155 646 612;7;0;2;4;1;1
202300019150;155 646 615;7;0;2;1;1;1
202300019150;155 646 616;10;0;2;6;1;1
202300019151;155 646 608;7;0;2;1;1;1
202300019151;155 646 610;7;0;2;4;1;1
202300019151;155 646 611;10;0;2;1;0;1
202300019152;155 646 607;7;0;2;8;1;1
202300019152;155 646 609;17;0;2;2;12;1
202300019153;155 646 604;7;0;2;3;21;1
202300019153;155 646 606;7;0;2;1;19;1
202300019154;155 646 603;7;0;2;0;0;0
202300019154;155 646 605;7;0;2;7;1;3
202300019155;155 646 602;7;0;1;1;2;1
202300019156;155 646 600;7;0;1;1;15;1
202300019157;155 646 601;7;3;0;1;1;1
202300019158;155 646 598;7;0;2;2;15;1
202300019158;155 646 599;43;0;2;1;1;1
202300019159;155 646 595;10;0;1;1;2;1
202300019160;155 646 596;7;0;2;3;11;1
202300019160;155 646 597;7;0;2;5;1;1
202300019161;155 646 591;14;0;2;2;1;1
202300019161;155 646 592;7;0;2;4;1;1
202300019161;155 646 594;7;0;2;0;1;1
202300019162;155 646 590;15;0;2;2;14;1
202300019162;155 646 593;7;0;2;3;1;1
202300019163;155 646 587;50;0;2;4;1;3
202300019163;155 646 589;10;0;2;1;1;1
202300019164;155 646 584;7;0;2;4;1;1
202300019164;155 646 585;7;0;2;4;1;1
202300019164;155 646 586;7;0;2;1;1;1
202300019165;155 646 580;99;0;2;1;15;1
202300019165;155 646 581;30;0;2;1;15;1
202300019166;155 646 582;10;0;2;4;2;1
202300019166;155 646 583;7;0;2;1;2;1
202300019166;155 646 588;7;0;2;1;2;1
202300019167;155 646 577;7;0;2;7;1;1
202300019167;155 646 579;10;0;2;1;1;1
202300019168;155 646 576;7;0;2;3;11;1
202300019168;155 646 578;7;0;2;2;1;1
202300019169;155 646 575;1;0;1;4;5;5
202300019170;155 646 573;50;0;1;1;1;3
202300019171;155 646 570;30;0;1;1;1;1
202300019172;155 646 566;43;0;2;1;1;1
202300019172;155 646 567;7;0;2;8;1;1
202300019173;155 646 568;10;0;2;5;2;1
202300019173;155 646 569;33;0;2;1;1;1
202300019173;155 646 571;10;0;2;1;2;1
202300019173;155 646 572;10;0;2;4;2;1
202300019173;155 646 574;7;0;2;1;2;1
202300019174;155 646 561;80;0;1;1;1;3
202300019175;155 646 560;7;0;2;4;2;1
202300019175;155 646 562;7;0;2;4;2;1