Num_Acc;id_vehicule;catv;obs;obsm;choc;manv;motor
202300019175;155 646 563;10;0;2;1;1;1
202300019176;155 646 558;60;0;2;8;19;5
202300019176;155 646 559;7;0;2;2;16;2
202300019177;155 646 556;7;0;2;1;1;1
202300019177;155 646 557;7;0;2;4;1;1
202300019178;155 646 554;7;0;2;1;1;3
202300019178;155 646 555;31;0;2;4;23;1
202300019179;155 646 552;7;0;1;2;21;1
202300019180;155 646 551;40;0;2;5;1;3
202300019180;155 646 553;7;0;4;1;9;2
202300019181;155 646 550;33;0;0;7;1;1
202300019182;155 646 548;30;0;2;2;17;1
202300019182;155 646 549;7;0;2;3;11;1
202300019183;155 646 546;7;11;0;1;13;1
202300019184;155 646 542;7;0;2;6;1;1
202300019184;155 646 543;33;0;2;1;1;1
202300019185;155 646 541;10;0;2;4;2;1
202300019185;155 646 544;7;0;2;4;2;1
202300019185;155 646 545;7;0;2;4;2;1
202300019185;155 646 547;10;0;2;1;2;1
202300019186;155 646 540;30;7;0;1;17;1
202300019187;155 646 538;33;0;2;2;3;1
202300019187;155 646 539;10;0;2;3;11;1
202300019188;155 646 536;50;0;2;3;1;3
202300019188;155 646 537;7;0;2;2;16;1
202300019189;155 646 534;7;0;9;1;15;1
202300019189;155 646 535;1;9;0;1;1;5
202300019190;155 646 532;7;0;2;4;1;1
202300019190;155 646 533;7;15;2;1;1;1
202300019191;155 646 531;7;0;1;1;1;1
202300019192;155 646 529;7;0;2;3;2;1
202300019192;155 646 530;7;0;2;1;16;1
202300019193;155 646 528;7;0;1;2;1;0
202300019194;155 646 526;7;0;2;3;15;1
202300019194;155 646 527;31;0;0;0;0;1
202300019195;155 646 524;33;0;2;1;2;1
202300019195;155 646 525;7;0;2;3;15;1
202300019196;155 646 522;37;0;2;3;1;1
202300019196;155 646 523;10;0;2;5;17;1
202300019197;155 646 521;7;1;0;3;21;1
202300019198;155 646 519;50;0;2;8;1;3
202300019198;155 646 520;7;0;2;7;17;1
202300019199;155 646 517;31;0;2;1;0;1
202300019199;155 646 518;7;0;2;1;15;1
202300019200;155 646 516;7;0;1;1;16;1
202300019201;155 646 515;31;0;9;1;16;1
202300019202;155 646 514;2;13;0;1;1;1
202300019203;155 646 513;7;13;0;1;1;1
202300019204;155 646 512;7;6;0;1;1;1
202300019205;155 646 510;14;0;2;7;2;1
202300019205;155 646 511;1;12;0;8;1;5
202300019206;155 646 508;7;12;2;1;1;0
202300019206;155 646 509;7;16;2;1;1;0
202300019207;155 646 506;7;0;2;1;1;0
202300019207;155 646 507;10;0;2;2;1;1
202300019208;155 646 505;7;0;1;6;1;1
202300019209;155 646 503;10;0;2;6;19;1
202300019209;155 646 504;33;0;2;1;0;1
202300019210;155 646 502;1;6;0;9;1;5
202300019211;155 646 501;7;13;0;9;1;1
202300019212;155 646 500;7;7;0;9;1;1
202300019213;155 646 499;7;0;1;3;1;1
202300019214;155 646 498;7;13;0;1;1;1
202300019215;155 646 497;7;13;0;2;14;1
202300019216;155 646 495;2;0;2;1;26;6
202300019216;155 646 496;10;0;2;1;1;1
202300019217;155 646 494;7;2;0;3;1;2
202300019218;155 646 492;7;13;0;7;15;1
202300019218;155 646 493;7;13;2;1;1;1
202300019219;155 646 489;7;0;2;1;17;1
202300019219;155 646 490;7;0;2;1;1;1
202300019219;155 646 491;21;0;2;8;1;1
202300019220;155 646 487;7;0;2;1;1;1
202300019220;155 646 488;7;0;2;3;1;1
202300019221;155 646 485;7;0;2;3;1;1
202300019221;155 646 486;50;0;2;0;0;3
202300019222;155 646 484;7;13;0;4;1;1
202300019223;155 646 482;3;8;2;1;1;0
202300019223;155 646 483;7;0;2;3;1;0
202300019224;155 646 480;99;0;0;6;2;1
202300019224;155 646 481;10;0;2;1;2;1
202300019225;155 646 479;31;3;0;2;12;1
202300019226;155 646 478;7;0;1;2;1;1
202300019227;155 646 476;37;0;2;1;1;1
202300019227;155 646 477;10;0;2;7;26;1
202300019228;155 646 474;15;0;2;1;2;1
202300019228;155 646 475;15;0;2;1;2;1
202300019229;155 646 471;7;14;2;1;1;1
202300019229;155 646 472;17;4;2;1;6;1
202300019229;155 646 473;10;14;2;1;1;1
202300019230;155 646 469;7;0;2;1;2;1
202300019230;155 646 470;7;0;0;4;1;1
202300019231;155 646 468;7;0;1;2;1;1
202300019232;155 646 467;7;2;0;9;1;1
202300019233;155 646 464;2;0;0;3;1;1
202300019234;155 646 463;7;0;0;3;1;1
202300019235;155 646 462;7;13;0;2;0;1
202300019236;155 646 460;7;0;2;3;26;1
202300019236;155 646 461;2;0;2;1;1;3
202300019237;155 646 458;7;0;2;4;2;2
202300019237;155 646 459;7;0;2;1;2;1
202300019238;155 646 456;7;0;2;3;11;1
202300019238;155 646 457;7;0;2;5;1;0
202300019239;155 646 455;7;0;5;1;1;1
202300019240;155 646 453;32;0;2;1;3;1
202300019240;155 646 454;7;0;2;5;12;1
202300019241;155 646 450;7;0;2;1;1;1
202300019241;155 646 451;7;0;2;4;12;1
202300019241;155 646 452;7;0;2;1;12;1
202300019242;155 646 447;15;0;2;1;1;1
202300019242;155 646 448;7;0;2;4;1;2
202300019242;155 646 449;15;0;2;4;1;1
202300019243;155 646 446;7;3;0;1;26;1
202300019244;155 646 445;7;0;1;1;15;1
202300019245;155 646 443;7;0;9;1;9;1
202300019245;155 646 444;1;0;2;4;1;5
202300019246;155 646 441;14;0;2;1;2;1
202300019246;155 646 442;7;0;2;4;23;1
202300019247;155 646 439;10;0;2;1;1;1
202300019247;155 646 440;10;0;2;4;1;1
202300019248;155 646 437;33;0;2;1;2;1
202300019248;155 646 438;10;0;2;3;11;1
202300019249;155 646 435;7;0;2;3;3;1
202300019249;155 646 436;50;0;2;5;1;3
202300019250;155 646 434;34;0;1;1;1;1
202300019251;155 646 432;7;0;2;4;0;0
202300019251;155 646 433;7;0;2;2;0;0
202300019252;155 646 429;7;0;1;2;1;1
202300019253;155 646 427;2;0;2;9;1;1
202300019253;155 646 428;7;0;2;1;1;1
202300019254;155 646 426;7;6;0;1;3;1
202300019255;155 646 424;7;0;2;4;2;1
202300019255;155 646 425;7;0;2;1;2;1
202300019256;155 646 422;7;0;2;1;13;1
202300019256;155 646 423;15;0;2;1;1;1
202300019257;155 646 421;7;0;1;2;1;1
202300019258;155 646 420;7;0;1;4;1;1
202300019259;155 646 418;7;0;2;1;2;0
202300019259;155 646 419;1;0;2;6;1;5
202300019260;155 646 416;2;0;2;7;2;1
202300019260;155 646 417;1;0;2;6;2;5
202300019261;155 646 415;13;0;1;1;1;1
202300019262;155 646 413;10;0;2;2;1;1
202300019262;155 646 414;7;0;2;1;16;1
202300019263;155 646 411;7;0;2;3;15;3
202300019263;155 646 412;32;0;2;2;17;1
202300019264;155 646 409;7;0;2;8;2;1
202300019264;155 646 410;30;0;2;1;12;1
202300019265;155 646 406;32;0;2;1;26;1
202300019265;155 646 407;7;0;2;2;1;1
202300019265;155 646 408;7;0;2;6;1;1
202300019266;155 646 404;50;0;2;2;1;3
202300019266;155 646 405;7;0;2;1;1;1
202300019267;155 646 402;7;0;2;0;0;1
202300019267;155 646 403;33;0;2;0;0;1
202300019268;155 646 401;7;6;0;9;26;1
202300019269;155 646 400;7;3;0;2;14;1
202300019270;155 646 398;50;0;2;1;1;3
202300019270;155 646 399;7;0;2;3;16;1
202300019271;155 646 397;7;0;1;2;1;1
202300019272;155 646 396;7;8;0;2;1;1
202300019273;155 646 394;1;0;2;1;18;5
202300019273;155 646 395;7;0;0;7;22;1
202300019274;155 646 393;7;0;1;1;1;1
202300019275;155 646 392;7;0;1;2;14;0
202300019276;155 646 391;50;0;0;0;1;3
202300019277;155 646 390;32;0;1;1;1;0
202300019278;155 646 388;7;8;2;1;13;0
202300019278;155 646 389;15;0;2;2;1;1
202300019279;155 646 386;37;0;2;1;1;1
202300019279;155 646 387;10;0;0;4;15;1
202300019280;155 646 383;7;0;2;3;17;1
202300019280;155 646 384;7;0;2;3;1;1
202300019280;155 646 385;7;0;2;8;1;1
202300019281;155 646 381;7;0;2;3;15;1
202300019281;155 646 382;32;0;2;1;17;1
202300019282;155 646 379;7;0;2;8;15;1
202300019282;155 646 380;99;0;2;7;19;3
202300019283;155 646 377;7;0;1;3;1;1
202300019284;155 646 376;7;4;0;2;14;1
202300019285;155 646 374;7;0;2;4;1;1
202300019285;155 646 375;7;0;2;1;1;1
202300019286;155 646 373;7;3;0;8;2;1
202300019287;155 646 369;10;0;2;4;1;1
202300019287;155 646 370;10;0;2;1;2;1
202300019287;155 646 371;7;0;2;4;2;1
202300019287;155 646 372;7;0;2;8;1;2
202300019288;155 646 364;7;0;2;1;1;1
202300019288;155 646 365;7;0;2;3;1;1
202300019288;155 646 366;7;0;2;2;1;1
202300019288;155 646 367;2;0;2;4;23;1
202300019288;155 646 368;7;0;2;2;2;1
202300019289;155 646 363;10;3;0;2;12;1
202300019290;155 646 361;10;0;2;5;23;1
202300019290;155 646 362;31;0;2;3;3;3
202300019291;155 646 358;7;0;2;4;2;2
202300019291;155 646 359;10;0;2;4;1;4
202300019291;155 646 360;7;0;2;1;2;1
202300019292;155 646 354;7;0;2;4;1;1
202300019292;155 646 355;7;0;2;4;1;1
202300019292;155 646 356;7;0;2;1;12;1
202300019292;155 646 357;7;0;2;4;1;1
202300019293;155 646 352;3;0;2;2;19;1
202300019293;155 646 353;7;0;2;3;1;1
202300019294;155 646 351;33;3;0;1;1;1
202300019295;155 646 350;7;13;0;7;1;1
202300019296;155 646 347;7;0;9;1;1;1
202300019296;155 646 348;7;0;0;7;24;1
202300019296;155 646 349;7;1;0;7;14;1
202300019297;155 646 345;7;0;2;1;13;0
202300019297;155 646 346;7;1;9;0;26;0
202300019298;155 646 343;2;0;2;0;0;0
202300019298;155 646 344;1;0;2;0;3;0
202300019299;155 646 342;7;4;9;3;1;1
202300019300;155 646 340;7;4;2;1;1;1
202300019300;155 646 341;7;0;2;4;1;2
202300019301;155 646 338;1;0;2;0;0;5
202300019301;155 646 339;7;0;2;1;1;1
202300019302;155 646 336;7;4;2;4;24;0
202300019302;155 646 337;7;1;2;1;1;1
202300019303;155 646 335;7;1;0;1;5;1
202300019304;155 646 333;7;0;2;3;15;1
202300019304;155 646 334;7;0;2;2;21;1
202300019305;155 646 331;7;4;2;4;18;1
202300019305;155 646 332;7;4;2;1;2;1
202300019306;155 646 329;7;0;2;8;15;1
202300019306;155 646 330;2;0;2;0;0;0
202300019307;155 646 326;7;1;0;2;9;1
202300019308;155 646 325;7;12;0;2;14;1
202300019309;155 646 324;7;9;0;2;26;1
202300019310;155 646 322;7;0;2;5;1;1
202300019310;155 646 323;2;0;2;1;2;1
202300019311;155 646 320;7;0;2;2;1;1
202300019311;155 646 321;80;0;2;1;1;3
202300019312;155 646 313;7;0;2;3;10;1
202300019312;155 646 314;33;0;2;1;1;1
202300019313;155 646 311;40;0;2;7;1;3
202300019313;155 646 312;1;0;4;1;1;5
202300019314;155 646 309;7;0;2;1;2;1
202300019314;155 646 310;7;0;2;4;15;1
202300019315;155 646 308;7;3;0;9;1;1
202300019316;155 646 307;0;0;1;0;15;0
202300019317;155 646 305;33;0;2;1;13;1
202300019317;155 646 306;33;0;2;1;1;1
202300019318;155 646 301;7;2;2;6;18;1
202300019318;155 646 302;7;0;2;2;1;1
202300019319;155 646 300;7;6;0;1;1;1
202300019320;155 646 298;7;0;2;2;15;1
202300019320;155 646 299;7;0;2;1;17;1
202300019321;155 646 297;7;0;1;2;1;1
202300019322;155 646 294;7;0;2;4;1;0
202300019322;155 646 295;7;0;2;1;1;0
202300019322;155 646 296;7;0;2;4;1;0
202300019323;155 646 292;7;0;2;1;1;1
202300019323;155 646 293;7;0;2;7;15;1
202300019324;155 646 290;10;0;2;1;11;1
202300019324;155 646 291;7;0;2;1;2;1
202300019325;155 646 288;32;0;2;3;1;1
202300019325;155 646 289;7;0;2;2;15;1
202300019326;155 646 287;33;12;0;1;1;1
202300019327;155 646 285;7;0;2;1;1;1
202300019327;155 646 286;7;11;2;7;15;1
202300019328;155 646 283;7;0;2;1;1;1
202300019328;155 646 284;7;0;2;4;1;1
202300019329;155 646 279;99;0;2;8;1;3
202300019329;155 646 280;10;0;2;1;1;1
202300019330;155 646 277;7;0;2;3;1;0
202300019330;155 646 278;7;0;2;1;1;0
202300019331;155 646 276;7;0;9;1;1;1
202300019332;155 646 274;33;0;2;1;2;1
202300019332;155 646 275;33;0;2;4;2;1
202300019333;155 646 272;33;0;2;1;16;1
202300019333;155 646 273;7;0;2;0;0;1
202300019334;155 646 270;7;0;2;3;13;1
202300019334;155 646 271;33;0;2;2;17;1
202300019335;155 646 268;7;0;2;1;2;2
202300019335;155 646 269;7;0;2;4;2;2
202300019336;155 646 266;7;0;2;6;23;1
202300019336;155 646 267;33;0;2;5;1;1
202300019337;155 646 264;7;0;2;3;19;1
202300019337;155 646 265;50;0;2;8;1;3
202300019338;155 646 263;2;0;0;0;21;1
202300019339;155 646 262;32;0;1;3;1;3
202300019340;155 646 260;32;0;2;1;1;1
202300019340;155 646 261;7;0;2;5;1;2
202300019341;155 646 259;7;0;1;1;1;1
202300019342;155 646 257;99;0;2;0;1;5
202300019342;155 646 258;7;0;2;0;1;1
202300019343;155 646 255;7;0;2;2;26;1
202300019343;155 646 256;1;0;2;6;15;5
202300019344;155 646 254;32;0;1;1;17;1
202300019345;155 646 252;10;0;2;3;15;3
202300019345;155 646 253;37;0;2;0;0;6
202300019346;155 646 250;7;0;2;3;9;0
202300019346;155 646 251;34;0;2;2;0;1
202300019347;155 646 248;7;0;9;1;0;0
202300019347;155 646 249;0;0;2;8;0;0
202300019348;155 646 246;32;0;2;1;1;1
202300019348;155 646 247;7;0;2;7;15;1
202300019349;155 646 245;7;0;1;1;1;1
202300019350;155 646 243;7;0;2;3;1;1
202300019350;155 646 244;7;0;2;2;15;1
202300019351;155 646 242;10;0;1;5;4;0
202300019352;155 646 241;30;0;0;0;1;0
202300019353;155 646 240;10;0;0;2;1;1
202300019354;155 646 239;1;14;0;2;14;5
202300019355;155 646 237;7;0;9;3;9;1
202300019355;155 646 238;1;0;2;7;1;5
202300019356;155 646 236;7;0;1;2;16;1
202300019357;155 646 235;32;1;2;6;16;1
202300019358;155 646 234;7;13;0;1;0;1
202300019359;155 646 232;7;13;9;2;13;1
202300019359;155 646 233;1;0;2;1;1;5
202300019360;155 646 230;7;0;2;1;1;1
202300019360;155 646 231;7;0;2;3;19;1
202300019361;155 646 228;7;0;2;1;15;6
202300019361;155 646 229;31;0;2;1;1;6
202300019362;155 646 226;10;0;2;2;12;1
202300019362;155 646 227;10;0;2;6;1;1
202300019363;155 646 224;10;0;2;1;12;1
202300019363;155 646 225;32;0;0;4;2;1
202300019364;155 646 222;31;0;2;8;1;1
202300019364;155 646 223;10;0;2;5;15;1
202300019365;155 646 220;38;0;2;3;0;0
202300019365;155 646 221;33;0;2;1;0;0
202300019366;155 646 218;7;0;2;3;15;1
202300019366;155 646 219;2;0;2;1;1;1
202300019367;155 646 216;7;0;2;5;15;0
202300019367;155 646 217;31;0;2;1;1;0
202300019368;155 646 214;7;0;2;5;19;1
202300019368;155 646 215;33;0;2;1;1;1
202300019369;155 646 212;7;0;2;1;13;1
202300019369;155 646 213;7;3;2;3;1;1
202300019370;155 646 210;33;0;2;3;1;1
202300019370;155 646 211;7;0;2;8;13;1
202300019371;155 646 208;7;0;2;2;1;1
202300019371;155 646 209;7;0;2;1;19;1
202300019372;155 646 207;7;13;0;2;0;1
202300019373;155 646 205;7;0;2;2;0;1
202300019373;155 646 206;7;0;2;3;13;1
202300019374;155 646 204;31;13;0;0;1;1
202300019375;155 646 202;7;0;2;1;2;1
202300019375;155 646 203;21;0;0;4;2;0
202300019376;155 646 201;2;0;0;9;21;1
202300019377;155 646 199;2;0;2;8;9;1
202300019377;155 646 200;7;0;2;2;1;1
202300019378;155 646 197;7;0;2;3;16;1
202300019378;155 646 198;7;0;2;3;15;1
202300019379;155 646 196;7;0;1;2;1;1
202300019380;155 646 195;7;10;0;2;1;1
202300019381;155 646 194;7;0;0;9;1;1
202300019382;155 646 193;7;2;0;1;13;1
202300019383;155 646 191;1;0;2;8;2;5
202300019383;155 646 192;7;0;2;7;2;1
202300019384;155 646 190;33;13;0;0;0;1
202300019385;155 646 188;33;0;2;1;5;1
202300019385;155 646 189;7;8;2;1;1;1
202300019386;155 646 187;33;13;6;1;1;0
202300019387;155 646 183;10;0;2;2;17;1
202300019387;155 646 184;10;0;2;6;1;1
202300019388;155 646 182;1;0;0;1;0;5
202300019389;155 646 180;33;0;2;1;2;1
202300019389;155 646 181;7;0;2;4;11;1
202300019390;155 646 178;7;0;2;3;1;1
202300019390;155 646 179;7;0;2;1;15;1
202300019391;155 646 177;7;17;0;1;1;1
202300019392;155 646 176;1;1;0;1;1;5
202300019393;155 646 174;7;0;2;5;15;1
202300019393;155 646 175;1;0;2;1;1;5
202300019394;155 646 173;7;11;0;2;1;1
202300019395;155 646 171;7;0;2;1;1;1
202300019395;155 646 172;7;0;2;3;1;1
202300019396;155 646 168;7;0;2;4;1;1
202300019396;155 646 169;7;0;2;1;2;1
202300019396;155 646 170;7;0;0;4;24;1
202300019397;155 646 166;7;0;0;3;13;1
202300019397;155 646 167;7;0;0;3;2;1
202300019398;155 646 164;7;0;2;1;13;1
202300019398;155 646 165;7;0;2;1;1;1
202300019399;155 646 162;2;0;2;1;15;1
202300019399;155 646 163;7;0;2;8;1;1
202300019400;155 646 161;34;3;0;1;2;1
202300019401;155 646 159;10;9;2;2;19;1
202300019401;155 646 160;7;0;2;3;1;1
202300019402;155 646 158;1;8;9;1;1;5
202300019403;155 646 157;32;0;6;3;0;1
202300019404;155 646 156;7;0;0;0;0;1
202300019405;155 646 154;1;0;2;1;19;5
202300019405;155 646 155;7;0;9;2;1;1
202300019406;155 646 152;10;0;0;3;19;1
202300019406;155 646 153;1;0;0;2;1;5
202300019407;155 646 151;7;13;0;9;1;6
202300019408;155 646 150;7;0;1;1;1;1
202300019409;155 646 149;33;0;0;0;0;1
202300019410;155 646 148;7;13;1;3;1;1
202300019411;155 646 147;7;2;0;1;13;1
202300019412;155 646 146;33;0;0;7;2;1
202300019413;155 646 144;7;0;0;1;0;1
202300019413;155 646 145;7;0;0;1;0;1
202300019414;155 646 142;7;0;2;1;1;1
202300019414;155 646 143;2;0;2;1;5;1
202300019415;155 646 140;10;0;0;3;0;1
202300019415;155 646 141;33;0;0;1;0;0
202300019416;155 646 138;7;0;2;1;2;1
202300019416;155 646 139;7;4;2;4;1;1
202300019417;155 646 134;7;0;2;3;23;1
202300019417;155 646 135;7;4;2;1;21;1
202300019417;155 646 136;7;14;2;4;23;1
202300019417;155 646 137;10;14;2;4;23;1
202300019418;155 646 132;7;0;2;1;1;1
202300019418;155 646 133;7;0;0;4;1;1
202300019419;155 646 131;7;4;0;1;0;1
202300019420;155 646 128;7;0;2;4;2;1
202300019420;155 646 129;7;0;2;1;2;1
202300019420;155 646 130;7;0;2;1;2;1
202300019421;155 646 125;7;0;2;8;11;1
202300019421;155 646 126;33;0;2;3;3;1
202300019421;155 646 127;7;0;2;4;1;3
202300019422;155 646 123;7;0;2;4;1;1
202300019422;155 646 124;7;0;2;1;2;1
202300019423;155 646 121;7;0;2;4;2;1
202300019423;155 646 122;7;0;2;1;2;1
202300019424;155 646 120;33;3;0;1;1;1
202300019425;155 646 119;36;1;0;3;0;1
202300019426;155 646 118;50;0;0;0;1;3
202300019427;155 646 115;7;0;2;8;17;1
202300019427;155 646 116;7;0;2;8;1;1
202300019427;155 646 117;7;0;2;4;1;1
202300019428;155 646 113;33;0;2;8;15;1
202300019428;155 646 114;10;0;2;2;2;1
202300019429;155 646 112;7;3;0;3;1;0
202300019430;155 646 109;7;0;2;8;15;1
202300019430;155 646 111;34;0;2;2;17;1
202300019431;155 646 107;10;0;2;2;1;1
202300019431;155 646 108;33;0;2;8;1;1
202300019432;155 646 106;7;1;1;2;1;1
202300019433;155 646 104;30;0;2;1;2;1
202300019433;155 646 105;7;0;2;6;1;1
202300019434;155 646 100;33;0;2;1;1;1
202300019434;155 646 103;7;0;2;3;15;1
202300019435;155 646 101;99;0;2;0;0;0
202300019435;155 646 102;7;0;2;3;1;0
202300019436;155 646 099;7;4;0;3;11;1
202300019437;155 646 098;7;0;1;2;1;1
202300019438;155 646 097;7;7;0;1;1;1
202300019439;155 646 095;7;0;2;8;13;0
202300019439;155 646 096;32;0;2;7;17;1
202300019440;155 646 093;7;0;2;1;9;-1
202300019440;155 646 094;30;0;2;7;1;1
202300019441;155 646 091;7;0;2;7;15;1
202300019441;155 646 092;33;0;2;1;9;1
202300019442;155 646 090;50;12;0;7;18;3
202300019443;155 646 087;1;0;2;1;19;5
202300019443;155 646 089;7;0;2;5;23;3
202300019444;155 646 086;31;0;2;1;1;1
202300019444;155 646 088;7;0;2;3;15;2
202300019445;155 646 083;7;0;2;1;1;2
202300019445;155 646 085;7;0;2;4;1;1
202300019446;155 646 082;7;0;2;4;23;1
202300019446;155 646 084;7;0;2;3;2;1
202300019447;155 646 079;1;1;0;1;21;5
202300019447;155 646 081;7;0;2;8;22;1
202300019448;155 646 078;10;0;2;3;1;1
202300019448;155 646 080;33;0;2;7;1;1
202300019449;155 646 074;7;1;2;5;23;1
202300019449;155 646 076;7;1;2;5;23;2
202300019449;155 646 077;7;1;2;1;13;1
202300019450;155 646 070;7;0;2;1;1;1
202300019450;155 646 072;7;0;2;4;23;1
202300019451;155 646 069;7;0;2;1;2;1
202300019451;155 646 071;43;0;2;4;23;1
202300019452;155 646 068;32;6;0;1;1;1
202300019453;155 646 067;7;1;0;2;14;1
202300019454;155 646 063;7;1;0;1;1;1
202300019454;155 646 064;7;0;2;4;2;1
202300019454;155 646 066;7;0;2;4;2;1
202300019455;155 646 062;7;0;2;1;15;1
202300019455;155 646 065;80;0;2;1;1;3
202300019456;155 646 060;80;12;0;7;14;3
202300019457;155 646 059;2;0;2;8;1;1
202300019457;155 646 061;7;0;2;0;16;1
202300019458;155 646 056;1;0;1;3;1;5
202300019459;155 646 052;7;0;2;2;1;1
202300019459;155 646 054;1;0;2;0;0;5
202300019460;155 646 050;7;0;2;3;1;1
202300019460;155 646 051;50;0;2;7;15;3
202300019460;155 646 053;7;0;2;1;1;1
202300019461;155 646 049;7;0;1;2;1;0
202300019462;155 646 047;7;0;2;2;15;1
202300019462;155 646 048;32;0;2;3;1;1
202300019463;155 646 045;37;0;2;2;15;1
202300019463;155 646 046;34;0;2;1;7;1
202300019464;155 646 043;37;0;2;1;26;1
202300019464;155 646 044;37;0;2;4;11;1
202300019465;155 646 041;7;0;2;1;1;1
202300019465;155 646 042;50;0;2;1;1;3
202300019466;155 646 038;7;0;1;1;15;1
202300019467;155 646 037;7;14;0;0;16;1
202300019468;155 646 036;30;0;1;1;26;1
202300019469;155 646 034;50;1;0;2;1;3
202300019470;155 646 032;80;0;0;1;1;3
202300019471;155 646 030;7;1;0;2;1;1
202300019472;155 646 029;7;4;2;1;1;1
202300019473;155 646 025;2;0;2;1;13;0
202300019473;155 646 027;7;0;2;3;1;1
202300019473;155 646 028;7;0;2;3;2;0
202300019474;155 646 024;7;0;2;1;5;1
202300019474;155 646 026;7;0;2;1;1;1
202300019475;155 646 023;31;4;0;3;1;0
202300019476;155 646 022;7;0;1;4;4;1
202300019477;155 646 019;7;0;2;4;2;1
202300019477;155 646 020;30;0;2;4;2;1
202300019478;155 646 016;33;0;0;0;0;1
202300019478;155 646 017;7;0;2;3;11;1
202300019478;155 646 018;10;0;0;8;1;1
202300019478;155 646 021;32;0;2;1;2;1
202300019479;155 646 014;50;0;2;1;25;3
202300019479;155 646 015;7;0;2;3;9;1
202300019480;155 646 010;7;0;2;1;15;1
202300019480;155 646 013;7;0;2;1;1;1
202300019481;155 646 009;7;0;2;3;1;0
202300019481;155 646 011;7;0;2;6;1;0
202300019481;155 646 012;7;0;2;2;2;0
202300019482;155 646 007;7;0;2;1;13;1
202300019482;155 646 008;50;0;2;1;1;3
202300019483;155 646 005;32;0;2;3;21;1
202300019483;155 646 006;7;0;2;3;1;1
202300019484;155 646 003;33;0;0;3;1;1
202300019484;155 646 004;7;0;2;2;9;1
202300019485;155 646 001;30;0;2;2;5;1
202300019485;155 646 002;7;0;2;2;1;0
202300019486;155 645 998;7;0;0;2;19;1
202300019486;155 646 000;34;0;0;1;19;3
202300019487;155 645 997;17;0;2;1;1;0
202300019487;155 645 999;7;0;2;1;5;0
202300019488;155 645 995;7;0;2;2;13;1
202300019488;155 645 996;7;0;2;6;2;0
202300019489;155 645 993;32;0;2;1;13;1
202300019489;155 645 994;7;0;2;3;1;2
202300019490;155 645 991;33;0;2;1;1;1
202300019490;155 645 992;7;0;2;0;0;1
202300019491;155 645 990;7;17;0;8;1;1
202300019492;155 645 988;7;13;0;1;0;1
202300019493;155 645 987;7;0;2;1;1;0
202300019493;155 645 989;7;0;2;3;1;0
202300019494;155 645 986;7;2;0;1;13;1
202300019495;155 645 983;33;0;0;8;1;1
202300019496;155 645 982;15;0;1;5;1;1
202300019497;155 645 984;7;0;2;8;11;1
202300019497;155 645 985;7;9;2;7;1;2
202300019498;155 645 981;7;13;0;1;1;1
202300019499;155 645 978;7;0;2;4;1;1
202300019499;155 645 979;7;0;2;1;10;1
202300019499;155 645 980;7;0;2;4;0;1
202300019500;155 645 975;7;0;2;1;5;1
202300019500;155 645 977;7;0;2;1;1;1
202300019501;155 645 974;7;0;2;8;15;1
202300019501;155 645 976;50;0;2;3;1;3
202300019502;155 645 973;7;0;1;1;1;1
202300019503;155 645 972;33;6;0;1;0;1
202300019504;155 645 970;7;0;0;5;16;1
202300019504;155 645 971;1;0;2;1;2;5
202300019505;155 645 969;7;7;0;1;6;1
202300019506;155 645 968;7;2;0;3;5;1
202300019507;155 645 965;7;0;2;1;13;1
202300019507;155 645 966;7;0;2;1;1;1
202300019508;155 645 964;2;0;2;3;1;1
202300019508;155 645 967;7;0;2;3;15;1
202300019509;155 645 961;33;0;2;1;1;1
202300019509;155 645 963;10;0;2;8;15;1
202300019510;155 645 960;7;0;2;2;1;1
202300019510;155 645 962;7;0;2;3;15;2
202300019511;155 645 958;7;0;2;3;19;1
202300019511;155 645 959;7;0;2;1;1;1
202300019512;155 645 956;7;0;2;2;15;1
202300019512;155 645 957;14;0;2;1;1;1
202300019513;155 645 953;14;0;2;3;2;1
202300019513;155 645 954;7;0;2;5;2;1
202300019513;155 645 955;14;0;2;1;1;1
202300019514;155 645 951;7;0;2;1;1;1
202300019514;155 645 952;7;0;2;7;15;1
202300019515;155 645 950;33;3;0;1;1;1
202300019516;155 645 949;7;6;0;7;1;1
202300019517;155 645 948;10;6;0;2;1;0
202300019518;155 645 947;7;13;0;1;13;1
202300019519;155 645 945;7;0;2;3;13;1
202300019519;155 645 946;7;0;2;8;1;1
202300019520;155 645 943;7;0;2;8;11;1
202300019520;155 645 944;33;0;2;2;3;1
202300019521;155 645 939;1;0;2;7;1;5
202300019521;155 645 941;33;0;2;1;1;1
202300019522;155 645 938;7;5;0;1;1;1
202300019523;155 645 936;80;1;0;1;9;3
202300019524;155 645 935;7;14;0;4;2;1
202300019524;155 645 937;10;14;0;1;2;1
202300019525;155 645 930;15;0;0;6;24;0
202300019525;155 645 932;7;4;0;1;0;0
202300019526;155 645 929;7;0;2;6;24;1
202300019526;155 645 931;1;0;2;3;1;5
202300019526;155 645 933;7;1;2;1;2;0
202300019526;155 645 934;7;0;2;6;1;1
202300019527;155 645 927;13;0;2;3;1;1