Num_Acc;id_vehicule;catv;obs;obsm;choc;manv;motor
202300020227;155 644 687;10;0;2;1;1;1
202300020227;155 644 690;10;3;2;7;1;1
202300020228;155 644 685;7;0;2;5;1;1
202300020228;155 644 686;33;0;2;1;21;1
202300020229;155 644 684;33;0;1;1;9;1
202300020230;155 644 681;7;0;2;1;13;1
202300020230;155 644 683;7;0;2;1;1;1
202300020231;155 644 680;33;0;0;1;0;1
202300020231;155 644 682;33;0;0;1;0;1
202300020232;155 644 679;7;1;1;2;1;1
202300020233;155 644 678;7;8;0;1;1;1
202300020234;155 644 676;33;0;2;7;21;1
202300020234;155 644 677;7;0;2;1;20;1
202300020235;155 644 674;33;0;0;8;1;1
202300020236;155 644 673;10;0;2;3;15;1
202300020236;155 644 675;34;0;2;2;17;1
202300020237;155 644 672;7;0;1;0;13;1
202300020238;155 644 670;7;0;1;1;1;1
202300020239;155 644 668;30;0;2;0;0;0
202300020239;155 644 671;7;0;2;3;9;0
202300020240;155 644 667;7;0;2;8;1;1
202300020240;155 644 669;10;0;2;2;12;1
202300020241;155 644 665;7;0;2;3;13;1
202300020241;155 644 666;33;0;2;1;0;1
202300020242;155 644 664;7;0;1;1;1;1
202300020243;155 644 662;7;14;0;1;1;1
202300020244;155 644 659;30;0;2;8;1;1
202300020244;155 644 661;7;0;2;2;16;1
202300020245;155 644 655;10;0;2;8;11;1
202300020245;155 644 657;7;0;2;4;1;1
202300020245;155 644 658;33;0;2;2;3;1
202300020246;155 644 653;7;0;2;4;23;1
202300020246;155 644 656;10;0;2;1;1;1
202300020247;155 644 652;34;0;2;1;3;1
202300020247;155 644 654;7;0;2;6;1;1
202300020248;155 644 650;7;0;2;1;2;1
202300020248;155 644 651;10;0;2;4;2;1
202300020249;155 644 648;7;0;2;1;1;1
202300020249;155 644 649;10;0;2;4;1;1
202300020250;155 644 645;30;0;2;1;0;1
202300020250;155 644 647;30;0;2;0;0;1
202300020251;155 644 644;7;0;2;4;1;1
202300020251;155 644 646;7;0;2;1;2;1
202300020252;155 644 641;31;4;2;7;2;1
202300020253;155 644 640;7;0;1;1;1;1
202300020254;155 644 639;13;0;2;1;1;1
202300020254;155 644 642;7;0;2;4;1;1
202300020254;155 644 643;7;0;2;6;1;1
202300020255;155 644 633;33;0;2;0;3;1
202300020255;155 644 634;7;0;2;0;12;1
202300020256;155 644 632;7;0;2;4;0;1
202300020256;155 644 636;7;0;2;1;2;1
202300020256;155 644 637;10;0;2;4;2;1
202300020257;155 644 630;7;13;2;1;13;1
202300020257;155 644 631;15;0;2;3;21;1
202300020258;155 644 627;33;0;2;1;1;1
202300020258;155 644 629;7;0;2;5;1;1
202300020259;155 644 626;7;0;2;7;11;1
202300020259;155 644 628;7;0;2;8;2;1
202300020260;155 644 624;15;0;0;6;2;1
202300020260;155 644 625;10;0;2;1;2;1
202300020261;155 644 618;7;0;2;4;2;1
202300020261;155 644 620;10;0;2;1;2;1
202300020261;155 644 622;10;0;2;4;2;1
202300020262;155 644 617;10;0;2;1;2;1
202300020262;155 644 619;7;0;2;4;23;1
202300020262;155 644 623;10;0;2;4;2;1
202300020263;155 644 616;7;3;2;1;2;1
202300020263;155 644 621;7;3;2;4;2;1
202300020264;155 644 614;7;0;2;1;2;1
202300020264;155 644 615;7;0;2;4;2;1
202300020265;155 644 609;7;0;2;1;1;1
202300020265;155 644 612;7;0;2;5;1;0
202300020265;155 644 613;7;0;2;2;1;1
202300020266;155 644 607;33;0;2;3;3;1
202300020266;155 644 610;7;0;2;5;2;1
202300020266;155 644 611;15;0;2;3;2;1
202300020267;155 644 606;7;0;2;4;26;0
202300020267;155 644 608;7;0;2;1;2;1
202300020268;155 644 603;7;13;9;2;1;1
202300020269;155 644 601;33;0;2;8;3;1
202300020269;155 644 604;7;0;2;7;12;1
202300020270;155 644 602;34;0;2;3;3;1
202300020270;155 644 605;10;0;2;7;11;1
202300020271;155 644 597;7;0;9;8;9;0
202300020271;155 644 600;1;0;2;7;1;5
202300020272;155 644 596;7;0;2;4;2;3
202300020272;155 644 599;7;0;2;1;2;1
202300020273;155 644 594;7;0;2;1;12;1
202300020273;155 644 595;7;0;2;4;1;1
202300020273;155 644 598;7;0;2;6;1;1
202300020274;155 644 592;2;0;2;1;2;1
202300020274;155 644 593;7;0;2;5;0;1
202300020275;155 644 588;7;3;0;0;0;0
202300020275;155 644 590;99;0;0;5;2;0
202300020275;155 644 591;7;14;0;1;2;0
202300020276;155 644 586;17;4;2;2;1;1
202300020276;155 644 589;7;4;2;6;11;1
202300020277;155 644 585;2;0;2;1;2;1
202300020277;155 644 587;7;0;2;4;2;1
202300020278;155 644 584;7;13;0;3;26;1
202300020279;155 644 580;7;0;2;1;2;1
202300020279;155 644 582;7;0;2;1;2;1
202300020279;155 644 583;7;0;0;4;15;1
202300020280;155 644 581;99;4;0;0;14;1
202300020281;155 644 579;7;0;1;3;16;0
202300020282;155 644 574;50;0;2;1;1;3
202300020282;155 644 578;7;0;2;3;1;1
202300020283;155 644 575;7;0;2;3;0;1
202300020283;155 644 577;7;0;2;2;0;0
202300020284;155 644 572;99;3;0;2;1;1
202300020285;155 644 573;7;0;0;7;15;1
202300020285;155 644 576;2;0;2;1;21;1
202300020286;155 644 570;7;0;2;4;21;1
202300020286;155 644 571;7;0;2;1;0;1
202300020287;155 644 568;7;0;2;1;2;1
202300020288;155 644 564;10;0;2;1;2;1
202300020288;155 644 565;7;0;2;4;0;1
202300020289;155 644 563;7;3;0;0;1;1
202300020290;155 644 561;7;0;2;1;2;1
202300020290;155 644 562;7;0;2;4;23;1
202300020291;155 644 560;7;8;0;1;2;1
202300020292;155 644 558;34;0;2;1;1;1
202300020292;155 644 559;7;0;2;7;1;1
202300020293;155 644 556;7;0;2;3;15;1
202300020293;155 644 557;34;0;2;3;1;1
202300020294;155 644 552;7;0;2;2;1;1
202300020294;155 644 553;7;0;2;6;20;1
202300020295;155 644 551;32;0;2;2;2;1
202300020295;155 644 554;10;0;2;6;4;0
202300020296;155 644 549;7;0;2;3;15;1
202300020296;155 644 550;33;0;2;2;1;1
202300020297;155 644 547;7;0;2;1;1;1
202300020297;155 644 548;7;0;2;5;15;1
202300020298;155 644 546;7;0;1;1;2;0
202300020299;155 644 545;37;1;1;1;1;2
202300020300;155 644 543;14;2;0;1;1;1
202300020301;155 644 540;30;0;2;7;1;-1
202300020301;155 644 542;30;0;2;1;10;-1
202300020302;155 644 537;7;0;2;3;26;1
202300020302;155 644 539;7;0;2;1;1;1
202300020302;155 644 541;7;0;2;4;1;1
202300020303;155 644 536;7;0;2;1;2;1
202300020303;155 644 538;7;0;2;1;5;1
202300020304;155 644 534;3;0;2;1;9;1
202300020304;155 644 535;7;0;2;1;0;1
202300020305;155 644 532;7;2;0;1;0;1
202300020306;155 644 533;30;0;1;1;26;0
202300020307;155 644 530;7;6;0;1;1;0
202300020308;155 644 529;30;0;2;1;1;1
202300020308;155 644 531;7;0;2;5;1;1
202300020309;155 644 528;10;0;1;2;1;1
202300020310;155 644 526;7;0;2;2;1;0
202300020310;155 644 527;7;0;2;1;1;0
202300020311;155 644 523;7;1;0;3;24;-1
202300020311;155 644 525;7;1;0;2;14;1
202300020312;155 644 524;7;14;0;1;1;3
202300020313;155 644 522;7;0;0;2;1;1
202300020314;155 644 519;33;4;0;3;0;1
202300020315;155 644 518;7;0;0;4;23;1
202300020315;155 644 521;10;0;2;1;1;1
202300020316;155 644 517;7;6;2;1;1;1
202300020316;155 644 520;7;0;2;3;1;1
202300020317;155 644 514;7;0;2;3;1;1
202300020317;155 644 515;20;0;2;7;17;1
202300020318;155 644 513;7;0;2;5;1;1
202300020318;155 644 516;10;0;2;3;10;1
202300020319;155 644 512;7;0;1;3;15;1
202300020320;155 644 511;10;0;1;3;1;1
202300020321;155 644 509;2;0;2;1;13;0
202300020321;155 644 510;14;0;2;8;1;0
202300020322;155 644 506;10;0;2;1;1;1
202300020322;155 644 507;7;0;2;1;15;1
202300020323;155 644 505;7;0;2;3;21;1
202300020323;155 644 508;7;0;2;2;1;3
202300020324;155 644 503;7;0;2;3;1;0
202300020324;155 644 504;7;0;2;3;13;0
202300020325;155 644 501;7;0;2;0;15;1
202300020325;155 644 502;33;0;2;1;15;1
202300020326;155 644 498;30;0;2;1;26;1
202300020326;155 644 500;7;0;2;5;26;1
202300020327;155 644 497;7;0;2;2;15;1
202300020327;155 644 499;32;0;2;1;1;1
202300020328;155 644 493;7;0;2;3;16;1
202300020328;155 644 496;1;0;2;1;1;5
202300020329;155 644 491;7;0;2;8;9;0
202300020329;155 644 494;15;0;2;3;1;0
202300020329;155 644 495;37;0;2;2;1;0
202300020330;155 644 492;7;0;1;2;16;1
202300020331;155 644 488;7;16;0;0;1;1
202300020332;155 644 489;32;0;2;1;1;1
202300020332;155 644 490;7;0;2;2;15;1
202300020333;155 644 487;7;0;1;2;1;6
202300020334;155 644 486;2;0;0;0;0;0
202300020335;155 644 484;7;0;1;2;26;1
202300020336;155 644 483;7;0;2;3;24;3
202300020336;155 644 485;10;1;0;3;13;1
202300020337;155 644 478;7;2;0;1;1;1
202300020338;155 644 479;7;0;2;4;1;1
202300020338;155 644 481;7;0;2;4;1;1
202300020338;155 644 482;7;0;2;1;1;1
202300020339;155 644 477;7;0;2;7;1;2
202300020339;155 644 480;7;0;2;3;1;1
202300020340;155 644 473;7;0;2;6;11;1
202300020340;155 644 475;33;0;2;2;1;1
202300020341;155 644 474;10;0;2;1;15;1
202300020341;155 644 476;2;0;2;3;1;1
202300020342;155 644 471;7;0;2;3;14;1
202300020342;155 644 472;50;0;2;5;14;3
202300020343;155 644 468;7;0;2;1;2;1
202300020343;155 644 470;33;0;2;4;2;1
202300020344;155 644 466;7;0;1;1;1;1
202300020345;155 644 467;2;0;2;5;1;1
202300020345;155 644 469;7;0;2;2;9;1
202300020346;155 644 464;10;0;1;1;26;1
202300020347;155 644 465;50;0;0;0;1;3
202300020348;155 644 463;7;6;0;1;13;1
202300020349;155 644 461;2;1;0;2;13;1
202300020350;155 644 459;7;0;2;1;1;1
202300020350;155 644 462;10;0;2;8;1;1
202300020351;155 644 458;7;0;2;1;1;1
202300020351;155 644 460;7;0;2;1;15;1
202300020352;155 644 455;1;1;0;1;1;5
202300020352;155 644 457;7;0;2;8;22;1
202300020353;155 644 453;7;0;2;3;13;1
202300020353;155 644 456;10;0;2;3;1;1
202300020354;155 644 452;7;0;2;3;1;0
202300020354;155 644 454;7;0;2;3;5;2
202300020355;155 644 450;1;0;2;1;1;5
202300020355;155 644 451;7;0;2;3;13;1
202300020356;155 644 449;14;0;1;5;4;1
202300020357;155 644 448;7;0;9;7;14;1
202300020358;155 644 446;1;0;2;2;1;5
202300020358;155 644 447;7;0;2;1;1;1
202300020359;155 644 443;30;0;2;1;17;1
202300020359;155 644 445;7;0;2;3;15;1
202300020360;155 644 442;7;8;2;2;1;0
202300020360;155 644 444;7;0;2;1;1;0
202300020361;155 644 440;34;0;2;7;17;1
202300020361;155 644 441;7;0;0;0;10;1
202300020362;155 644 437;7;0;2;0;0;1
202300020362;155 644 439;50;0;2;0;1;3
202300020363;155 644 435;7;0;2;1;1;1
202300020363;155 644 438;7;0;2;1;5;1
202300020364;155 644 433;7;0;0;1;15;1
202300020364;155 644 436;31;0;2;8;1;1
202300020365;155 644 431;7;0;1;3;1;1
202300020366;155 644 432;31;0;2;1;1;1
202300020366;155 644 434;7;0;2;2;15;6
202300020367;155 644 430;36;8;0;3;25;1
202300020368;155 644 427;50;0;1;1;1;3
202300020369;155 644 426;31;0;2;1;1;1
202300020369;155 644 428;7;0;2;2;15;1
202300020370;155 644 425;20;0;2;1;17;1
202300020370;155 644 429;7;15;2;8;15;1
202300020371;155 644 423;7;0;1;1;1;1
202300020372;155 644 422;7;2;2;1;2;1
202300020372;155 644 424;7;0;2;4;2;1
202300020373;155 644 418;7;0;1;1;1;1
202300020374;155 644 417;33;0;2;8;2;1
202300020374;155 644 419;7;0;2;1;15;1
202300020375;155 644 416;10;0;2;3;1;1
202300020375;155 644 420;33;0;2;1;1;1
202300020376;155 644 413;2;0;2;0;1;1
202300020376;155 644 415;7;0;2;0;16;1
202300020377;155 644 411;7;0;2;3;19;1
202300020377;155 644 414;32;0;2;1;3;1
202300020378;155 644 405;7;0;2;2;1;1
202300020378;155 644 408;50;0;2;1;1;3
202300020379;155 644 406;10;0;1;1;15;0
202300020380;155 644 407;7;0;2;8;26;0
202300020380;155 644 409;32;0;2;1;1;1
202300020381;155 644 403;2;0;0;3;1;0
202300020381;155 644 404;7;0;2;2;17;1
202300020382;155 644 401;7;0;1;4;4;1
202300020383;155 644 400;7;2;0;1;13;1
202300020384;155 644 399;7;0;2;1;1;1
202300020384;155 644 402;7;0;2;1;19;1
202300020385;155 644 398;50;0;1;1;1;3
202300020386;155 644 397;7;2;0;9;1;1
202300020387;155 644 396;10;6;0;2;0;0
202300020388;155 644 394;33;15;0;1;26;1
202300020389;155 644 393;33;0;2;2;17;1
202300020389;155 644 395;7;0;2;3;15;1
202300020390;155 644 391;7;0;2;2;2;0
202300020390;155 644 392;1;0;2;8;26;5
202300020391;155 644 390;7;0;0;9;0;1
202300020392;155 644 389;7;0;1;0;2;0
202300020393;155 644 387;7;2;0;3;1;1
202300020394;155 644 386;33;0;2;1;1;1
202300020394;155 644 388;10;0;2;3;15;1
202300020395;155 644 384;7;0;2;3;1;1
202300020395;155 644 385;50;0;2;1;19;3
202300020396;155 644 383;7;0;1;3;15;1
202300020397;155 644 380;10;0;2;8;15;1
202300020397;155 644 382;10;0;2;2;17;1
202300020398;155 644 378;7;0;2;2;21;1
202300020398;155 644 379;36;0;2;3;25;1
202300020399;155 644 377;13;0;2;1;1;0
202300020399;155 644 381;7;0;2;1;15;2
202300020400;155 644 376;7;13;0;2;14;1
202300020401;155 644 375;7;2;0;1;13;1
202300020402;155 644 373;7;2;0;3;0;1
202300020403;155 644 372;60;0;2;8;25;5
202300020403;155 644 374;7;0;1;1;1;1
202300020404;155 644 370;7;6;0;1;1;1
202300020405;155 644 369;7;0;2;1;11;1
202300020405;155 644 371;14;0;2;1;1;1
202300020406;155 644 366;7;0;2;2;1;1
202300020406;155 644 368;50;0;2;8;10;3
202300020407;155 644 364;7;0;0;2;13;1
202300020407;155 644 367;7;0;2;2;14;1
202300020408;155 644 365;7;13;0;9;14;1
202300020409;155 644 362;1;0;4;0;0;5
202300020409;155 644 363;40;0;2;1;26;0
202300020410;155 644 361;7;0;1;3;13;0
202300020411;155 644 360;7;0;1;2;1;4
202300020412;155 644 359;7;0;1;3;1;2
202300020413;155 644 357;7;13;0;2;1;1
202300020414;155 644 355;7;0;2;9;1;1
202300020414;155 644 356;7;0;2;1;1;1
202300020414;155 644 358;7;0;2;4;1;1
202300020415;155 644 354;1;2;0;0;1;5
202300020416;155 644 353;33;12;0;1;1;1
202300020417;155 644 352;2;16;0;0;0;1
202300020418;155 644 351;38;17;0;1;14;1
202300020419;155 644 344;7;0;2;1;2;0
202300020419;155 644 347;7;0;2;1;1;0
202300020419;155 644 350;7;0;2;3;26;1
202300020420;155 644 343;7;0;2;1;17;1
202300020420;155 644 346;10;0;2;1;17;1
202300020420;155 644 348;7;0;2;0;12;1
202300020420;155 644 349;7;0;2;1;17;1
202300020421;155 644 342;7;0;2;1;23;1
202300020421;155 644 345;7;0;2;6;26;1
202300020422;155 644 339;80;0;2;1;19;3
202300020422;155 644 340;7;0;2;3;16;3
202300020423;155 644 338;7;0;2;2;0;1
202300020423;155 644 341;7;0;0;6;0;1
202300020424;155 644 333;1;0;2;4;2;5
202300020424;155 644 334;10;0;2;2;2;1
202300020425;155 644 332;7;0;2;4;2;1
202300020425;155 644 335;7;0;2;1;2;1
202300020426;155 644 331;2;0;0;0;1;1
202300020427;155 644 328;17;0;2;1;2;1
202300020427;155 644 330;21;0;0;4;2;1
202300020428;155 644 326;30;0;2;4;1;1
202300020428;155 644 329;7;0;2;2;1;1
202300020429;155 644 325;33;0;2;1;13;1
202300020429;155 644 327;7;0;2;3;15;1
202300020430;155 644 323;99;0;1;3;26;6
202300020431;155 644 322;1;0;2;1;1;5
202300020431;155 644 324;1;14;2;1;1;5
202300020432;155 644 319;33;0;0;7;16;1
202300020433;155 644 318;7;0;2;0;0;1
202300020433;155 644 320;7;0;2;4;1;1
202300020434;155 644 317;7;0;2;3;13;1
202300020434;155 644 321;10;0;2;8;1;1
202300020435;155 644 315;30;12;0;1;1;1
202300020436;155 644 313;7;0;2;1;13;1
202300020436;155 644 316;7;0;2;1;1;1
202300020437;155 644 312;7;12;2;1;1;1
202300020437;155 644 314;7;12;2;1;13;1
202300020438;155 644 310;7;0;2;4;1;1
202300020438;155 644 311;7;14;2;1;1;1
202300020439;155 644 309;21;0;1;5;4;1
202300020440;155 644 308;7;2;0;3;1;1
202300020441;155 644 305;7;0;2;3;15;1
202300020441;155 644 307;30;0;2;1;1;1
202300020442;155 644 306;80;0;0;1;1;3
202300020443;155 644 304;7;1;0;2;14;1
202300020444;155 644 302;7;0;1;1;26;1
202300020445;155 644 298;7;0;2;2;17;2
202300020445;155 644 300;7;6;0;5;11;1
202300020446;155 644 299;33;0;2;1;1;1
202300020446;155 644 301;10;0;2;4;23;1
202300020446;155 644 303;7;0;2;1;1;1
202300020447;155 644 295;2;13;0;7;1;1
202300020448;155 644 296;7;0;2;1;2;1
202300020448;155 644 297;7;0;2;4;1;1
202300020449;155 644 293;3;0;1;1;1;1
202300020450;155 644 294;7;6;0;1;1;1
202300020451;155 644 291;7;0;2;1;2;1
202300020451;155 644 292;7;0;2;4;2;1
202300020452;155 644 284;10;0;2;1;1;0
202300020452;155 644 286;7;0;2;1;1;0
202300020452;155 644 287;15;0;2;1;13;0
202300020453;155 644 283;3;0;2;3;5;1
202300020453;155 644 285;7;0;2;3;1;1
202300020454;155 644 282;33;0;0;9;9;1
202300020455;155 644 279;7;0;2;4;2;1
202300020455;155 644 281;10;0;2;1;2;1
202300020456;155 644 277;10;0;2;5;23;1
202300020456;155 644 278;14;1;1;2;13;1
202300020456;155 644 280;7;0;2;1;1;1
202300020457;155 644 276;7;0;1;1;1;1
202300020458;155 644 275;33;0;9;0;1;1
202300020459;155 644 273;10;7;0;1;2;1
202300020460;155 644 272;3;0;2;4;1;1
202300020460;155 644 274;0;0;2;1;0;0
202300020461;155 644 271;7;0;1;2;2;1
202300020462;155 644 270;33;1;0;3;1;1
202300020463;155 644 267;7;0;2;2;1;1
202300020463;155 644 269;1;0;2;4;15;5
202300020464;155 644 266;7;15;2;4;1;1
202300020464;155 644 268;7;0;2;1;2;1
202300020465;155 644 264;10;15;0;1;1;1
202300020466;155 644 263;50;0;2;2;1;3
202300020466;155 644 265;7;14;2;2;9;1
202300020467;155 644 261;7;0;2;3;2;0
202300020467;155 644 262;7;0;2;3;2;0
202300020468;155 644 260;7;0;1;2;1;1
202300020469;155 644 256;31;0;2;3;1;1
202300020469;155 644 259;7;0;2;2;10;1
202300020470;155 644 254;38;0;2;7;16;1
202300020470;155 644 257;50;0;2;3;1;3
202300020471;155 644 253;50;0;2;6;1;3
202300020471;155 644 255;7;0;2;2;17;1
202300020472;155 644 251;7;0;2;1;26;0
202300020472;155 644 252;80;0;2;1;25;3
202300020473;155 644 249;7;0;2;3;16;1
202300020473;155 644 250;2;0;2;1;15;1
202300020474;155 644 248;7;0;1;1;26;0
202300020475;155 644 246;7;0;2;4;2;1
202300020475;155 644 247;7;0;2;1;2;1
202300020476;155 644 245;1;0;0;0;23;5
202300020477;155 644 243;7;13;0;2;1;1
202300020478;155 644 242;7;0;2;2;0;2
202300020478;155 644 244;1;0;2;0;0;5
202300020479;155 644 241;7;0;1;2;1;1
202300020480;155 644 237;15;0;2;2;1;1
202300020480;155 644 238;7;4;2;9;9;1
202300020480;155 644 240;15;0;2;2;1;1
202300020481;155 644 239;7;0;1;1;0;0
202300020482;155 644 232;10;0;2;2;16;1
202300020482;155 644 235;50;0;2;0;0;3
202300020483;155 644 230;7;0;2;1;2;1
202300020483;155 644 231;7;0;2;4;2;1
202300020483;155 644 233;7;0;2;4;2;1
202300020483;155 644 236;7;0;2;4;1;1
202300020484;155 644 234;80;0;1;1;1;3
202300020485;155 644 227;7;0;2;4;2;1
202300020485;155 644 228;10;0;2;1;2;1
202300020486;155 644 226;7;0;2;0;1;1
202300020486;155 644 229;30;0;2;0;1;1
202300020487;155 644 223;7;0;1;2;1;1
202300020488;155 644 222;10;0;2;6;1;1
202300020488;155 644 224;10;0;2;5;0;1
202300020488;155 644 225;10;0;2;1;1;1
202300020489;155 644 221;7;0;1;2;1;1
202300020490;155 644 218;7;0;0;5;23;1
202300020490;155 644 220;33;14;2;1;1;1
202300020491;155 644 215;7;3;0;1;26;1
202300020492;155 644 216;7;0;9;3;18;1
202300020492;155 644 217;1;0;2;2;2;5
202300020493;155 644 214;7;0;2;1;2;1
202300020493;155 644 219;10;0;2;4;2;1
202300020494;155 644 213;7;3;0;1;14;2
202300020495;155 644 212;7;0;1;7;17;1
202300020496;155 644 209;7;0;2;4;2;1
202300020496;155 644 211;7;0;2;1;26;1
202300020497;155 644 210;7;0;1;8;16;1
202300020498;155 644 207;7;1;-1;1;1;1
202300020498;155 644 208;14;0;2;4;24;1
202300020499;155 644 202;30;0;0;0;0;1
202300020499;155 644 205;7;0;2;4;2;1
202300020500;155 644 203;10;0;2;3;2;1
202300020500;155 644 206;7;0;0;6;1;1
202300020501;155 644 200;15;0;2;1;2;1
202300020501;155 644 201;7;0;2;4;2;1
202300020501;155 644 204;7;0;2;1;2;1
202300020502;155 644 198;33;0;1;1;26;1
202300020503;155 644 196;17;0;2;4;1;1
202300020503;155 644 197;7;0;2;1;12;1
202300020504;155 644 199;7;0;1;1;1;1
202300020505;155 644 193;17;0;2;2;12;1
202300020505;155 644 195;7;0;2;8;2;1
202300020506;155 644 194;7;0;1;1;20;1
202300020507;155 644 189;1;0;2;1;5;5
202300020507;155 644 192;7;0;2;1;26;1
202300020508;155 644 188;17;4;2;1;1;1
202300020508;155 644 191;7;0;2;4;2;1
202300020509;155 644 187;1;0;2;8;21;5
202300020509;155 644 190;7;0;2;2;19;1
202300020510;155 644 186;7;3;0;1;1;1
202300020511;155 644 184;7;0;2;3;1;1
202300020511;155 644 185;50;0;2;1;19;3
202300020512;155 644 183;7;4;0;1;1;1
202300020513;155 644 178;15;0;2;4;2;1
202300020513;155 644 181;10;0;2;1;2;1
202300020514;155 644 179;7;0;2;6;2;1
202300020514;155 644 182;33;0;2;2;2;1
202300020515;155 644 177;10;0;2;1;2;1
202300020515;155 644 180;7;0;2;4;1;1
202300020516;155 644 176;7;4;0;1;1;1
202300020517;155 644 175;7;13;0;7;14;1
202300020518;155 644 169;7;0;2;4;2;1
202300020518;155 644 170;7;0;2;1;2;1
202300020518;155 644 172;7;0;2;1;2;1
202300020519;155 644 168;7;0;2;4;1;1
202300020519;155 644 171;1;0;2;1;1;5
202300020520;155 644 173;50;0;2;1;2;3
202300020520;155 644 174;7;0;9;4;2;1
202300020521;155 644 167;7;0;1;1;26;1
202300020522;155 644 163;7;0;2;8;1;1
202300020522;155 644 165;7;0;2;2;17;1
202300020523;155 644 162;10;0;2;1;1;1
202300020523;155 644 164;7;0;2;4;1;1
202300020523;155 644 166;7;0;2;4;1;1
202300020524;155 644 159;7;0;0;5;0;1
202300020525;155 644 160;7;0;0;1;15;1
202300020525;155 644 161;50;0;2;8;1;3
202300020526;155 644 156;7;0;2;6;1;1
202300020526;155 644 158;33;0;2;1;1;1
202300020527;155 644 155;7;0;2;1;1;1
202300020527;155 644 157;7;0;2;4;1;1
202300020528;155 644 154;33;0;1;1;14;1
202300020529;155 644 150;1;0;2;1;1;5
202300020529;155 644 152;7;0;2;2;15;1
202300020530;155 644 148;7;0;2;1;1;1
202300020530;155 644 149;7;0;2;4;1;1
202300020530;155 644 151;17;0;2;1;1;1
202300020530;155 644 153;7;0;2;4;1;1
202300020531;155 644 143;7;0;1;2;21;1
202300020532;155 644 144;7;0;2;1;1;1
202300020532;155 644 146;7;0;2;4;1;1
202300020533;155 644 142;7;4;0;3;1;1
202300020534;155 644 141;30;0;0;0;1;1
202300020535;155 644 140;7;3;9;1;1;1
202300020536;155 644 145;7;0;2;2;15;1
202300020536;155 644 147;7;0;2;1;1;2
202300020537;155 644 136;14;0;2;3;1;1
202300020537;155 644 139;7;0;2;3;13;1
202300020538;155 644 134;1;0;2;1;1;5
202300020538;155 644 137;7;0;2;2;15;1
202300020539;155 644 133;30;0;2;1;1;1
202300020539;155 644 138;7;0;2;2;1;1
202300020540;155 644 127;7;0;2;8;10;1
202300020540;155 644 130;2;0;2;1;1;1
202300020541;155 644 128;7;0;2;2;16;0
202300020541;155 644 131;1;0;2;8;1;5
202300020542;155 644 129;33;14;0;1;1;1
202300020543;155 644 126;7;0;1;7;9;0
202300020544;155 644 125;30;0;0;7;0;1
202300020545;155 644 124;7;0;1;7;16;1
202300020546;155 644 118;7;0;2;1;1;2
202300020546;155 644 123;7;0;2;6;1;1
202300020547;155 644 120;1;0;2;1;1;5
202300020547;155 644 122;7;0;2;2;15;1
202300020548;155 644 119;33;0;2;3;1;1
202300020548;155 644 121;7;0;2;1;15;1
202300020549;155 644 115;10;0;2;1;1;1
202300020549;155 644 117;7;0;2;9;1;1
202300020549;155 644 132;10;0;2;1;1;1
202300020549;155 644 135;7;0;2;4;1;1
202300020550;155 644 114;7;0;1;1;1;1
202300020551;155 644 112;31;0;2;1;17;1
202300020551;155 644 113;30;0;2;1;0;3
202300020552;155 644 111;1;0;2;1;15;5
202300020552;155 644 116;1;0;2;1;25;5
202300020553;155 644 107;7;0;2;8;9;1
202300020553;155 644 110;7;0;2;3;1;1
202300020554;155 644 106;1;0;2;4;2;5
202300020554;155 644 108;30;0;9;4;26;0
202300020555;155 644 105;7;0;2;2;15;1
202300020555;155 644 109;32;0;2;1;1;3
202300020556;155 644 102;7;0;2;2;0;1
202300020556;155 644 104;1;0;2;0;0;5
202300020557;155 644 100;7;0;0;1;1;0
202300020558;155 644 099;7;0;2;2;11;1
202300020558;155 644 101;7;0;2;3;1;1
202300020559;155 644 103;7;0;1;3;1;1
202300020560;155 644 097;7;13;0;1;1;1
202300020561;155 644 094;1;0;2;0;0;5
202300020561;155 644 096;10;6;0;3;9;1
202300020562;155 644 093;7;0;1;7;1;1
202300020563;155 644 092;7;0;2;4;1;1
202300020563;155 644 095;7;0;2;4;1;1
202300020563;155 644 098;10;0;2;1;2;1
202300020564;155 644 089;40;0;1;2;1;2
202300020565;155 644 086;7;0;2;8;1;1
202300020565;155 644 088;7;0;2;1;1;1
202300020566;155 644 085;31;0;2;0;9;1
202300020567;155 644 084;33;0;2;8;1;1
202300020567;155 644 087;80;0;2;1;19;3
202300020568;155 644 081;7;0;1;1;16;1
202300020569;155 644 079;7;0;2;2;1;1
202300020569;155 644 083;10;0;2;1;15;1
202300020570;155 644 080;30;0;1;3;1;1
202300020571;155 644 077;30;1;0;1;1;1
202300020572;155 644 074;7;0;2;2;15;1
202300020572;155 644 078;35;0;2;7;1;3
202300020573;155 644 075;7;14;2;3;15;1
202300020573;155 644 076;1;0;2;1;21;5
202300020574;155 644 072;1;0;2;9;0;5
202300020574;155 644 073;7;0;2;3;1;1
202300020575;155 644 071;10;0;1;1;2;1
202300020576;155 644 070;10;0;1;1;15;1
202300020577;155 644 069;7;13;0;2;1;1
202300020578;155 644 066;7;0;9;3;1;1
202300020578;155 644 067;1;0;2;1;1;5
202300020579;155 644 063;7;0;2;2;16;1