Num_Acc;id_vehicule;catv;obs;obsm;choc;manv;motor
202300020933;155 643 439;7;0;2;5;12;1
202300020934;155 643 436;7;0;2;2;14;1
202300020934;155 643 437;7;0;2;6;1;3
202300020935;155 643 434;33;13;0;1;1;1
202300020936;155 643 431;7;0;2;6;11;1
202300020936;155 643 433;43;4;2;2;1;1
202300020937;155 643 432;7;0;2;7;15;1
202300020937;155 643 435;7;0;2;1;1;1
202300020938;155 643 430;7;4;0;9;14;1
202300020939;155 643 425;33;0;2;1;1;1
202300020939;155 643 429;33;0;0;6;1;1
202300020940;155 643 426;1;0;0;0;0;5
202300020940;155 643 428;7;0;2;4;20;2
202300020941;155 643 424;30;0;2;1;1;1
202300020941;155 643 427;32;0;2;2;1;1
202300020942;155 643 422;7;8;2;1;17;1
202300020942;155 643 423;7;0;2;1;1;1
202300020943;155 643 420;10;0;1;1;1;1
202300020944;155 643 419;32;0;2;8;13;1
202300020944;155 643 421;7;0;2;7;1;1
202300020945;155 643 415;7;0;2;6;1;1
202300020945;155 643 418;30;0;2;0;0;1
202300020946;155 643 416;30;0;2;1;17;1
202300020946;155 643 417;7;0;2;8;15;1
202300020947;155 643 413;10;0;2;2;26;1
202300020947;155 643 414;3;0;2;1;26;1
202300020948;155 643 409;50;6;2;1;1;3
202300020948;155 643 411;7;8;2;1;1;1
202300020949;155 643 410;50;0;2;1;19;3
202300020949;155 643 412;7;0;2;3;16;1
202300020950;155 643 408;7;6;0;7;14;1
202300020951;155 643 407;30;0;1;1;1;0
202300020952;155 643 405;7;0;2;6;2;2
202300020952;155 643 406;30;0;2;1;2;1
202300020953;155 643 400;31;0;2;1;1;0
202300020953;155 643 403;7;0;2;3;2;0
202300020954;155 643 398;7;0;2;1;1;1
202300020954;155 643 401;7;0;2;2;15;1
202300020955;155 643 395;1;0;2;3;1;5
202300020955;155 643 397;7;0;2;3;15;1
202300020956;155 643 391;7;0;2;4;1;1
202300020956;155 643 394;10;0;2;1;1;1
202300020956;155 643 396;7;0;2;0;0;1
202300020956;155 643 399;7;0;0;0;0;1
202300020957;155 643 390;32;0;2;2;17;3
202300020957;155 643 392;7;0;2;3;15;0
202300020958;155 643 389;7;0;2;1;1;3
202300020958;155 643 393;7;0;2;3;1;1
202300020959;155 643 386;33;0;2;2;1;1
202300020959;155 643 388;1;0;2;1;1;5
202300020960;155 643 384;7;12;0;5;15;1
202300020961;155 643 385;1;0;2;8;19;5
202300020961;155 643 387;7;0;9;2;1;1
202300020962;155 643 383;7;12;0;1;21;1
202300020963;155 643 381;7;0;2;1;0;0
202300020963;155 643 382;2;0;2;1;1;1
202300020964;155 643 377;7;0;2;4;23;0
202300020964;155 643 379;7;0;2;1;2;1
202300020964;155 643 380;7;0;2;1;23;1
202300020965;155 643 375;10;0;2;1;0;1
202300020965;155 643 378;7;0;2;4;23;1
202300020966;155 643 374;7;0;2;4;23;1
202300020966;155 643 376;7;0;2;1;1;1
202300020967;155 643 373;30;0;2;0;0;1
202300020968;155 643 372;33;0;0;3;0;1
202300020969;155 643 371;7;0;1;1;1;1
202300020970;155 643 369;7;0;2;8;10;1
202300020970;155 643 370;2;0;2;7;17;1
202300020971;155 643 363;7;0;2;1;2;1
202300020971;155 643 366;7;0;2;4;2;1
202300020971;155 643 368;7;0;2;1;2;1
202300020972;155 643 365;7;0;2;5;15;1
202300020972;155 643 367;7;0;2;2;1;1
202300020973;155 643 362;30;0;2;3;1;3
202300020973;155 643 364;7;0;2;2;1;1
202300020974;155 643 361;7;6;0;1;1;1
202300020975;155 643 360;7;0;1;1;1;1
202300020976;155 643 358;7;0;2;1;1;0
202300020976;155 643 359;1;0;2;1;1;0
202300020977;155 643 356;7;0;0;9;1;1
202300020978;155 643 353;10;0;2;1;0;1
202300020978;155 643 354;7;0;2;6;2;1
202300020978;155 643 355;7;0;2;0;0;0
202300020979;155 643 351;7;10;0;1;1;1
202300020980;155 643 350;7;0;2;1;1;1
202300020980;155 643 352;7;4;2;6;9;1
202300020980;155 643 357;17;0;2;1;1;1
202300020981;155 643 349;33;0;0;1;19;1
202300020982;155 643 348;7;0;1;2;1;1
202300020983;155 643 344;7;13;0;9;1;1
202300020984;155 643 345;10;0;2;2;1;1
202300020984;155 643 347;7;0;2;6;15;1
202300020985;155 643 343;10;0;2;0;1;1
202300020985;155 643 346;7;8;2;5;1;1
202300020986;155 643 342;7;6;0;1;1;1
202300020987;155 643 341;31;14;2;0;1;1
202300020988;155 643 339;7;0;1;2;1;2
202300020989;155 643 338;7;3;2;1;2;1
202300020989;155 643 340;7;3;2;4;1;1
202300020990;155 643 337;50;0;1;1;5;3
202300020991;155 643 335;7;0;1;1;16;1
202300020992;155 643 333;7;0;2;2;1;1
202300020992;155 643 336;2;0;2;1;19;1
202300020993;155 643 334;10;0;1;3;1;1
202300020994;155 643 332;7;2;9;1;1;1
202300020995;155 643 331;7;0;1;1;2;1
202300020996;155 643 328;7;13;0;9;13;1
202300020997;155 643 329;7;0;2;1;1;3
202300020997;155 643 330;1;0;2;1;1;5
202300020998;155 643 326;7;0;2;8;15;1
202300020998;155 643 327;33;0;2;1;1;1
202300020999;155 643 325;14;10;0;1;1;1
202300021000;155 643 322;7;0;2;5;15;1
202300021000;155 643 324;34;0;2;1;1;1
202300021001;155 643 318;7;0;2;2;0;0
202300021001;155 643 320;30;0;0;4;1;3
202300021002;155 643 319;7;0;2;6;15;1
202300021002;155 643 321;1;0;2;0;1;5
202300021003;155 643 316;7;0;2;2;15;1
202300021003;155 643 317;1;0;2;1;0;5
202300021004;155 643 315;2;0;0;0;0;0
202300021005;155 643 312;7;13;0;2;16;1
202300021005;155 643 313;7;0;2;6;1;1
202300021005;155 643 314;7;0;2;0;26;1
202300021006;155 643 310;7;4;0;1;1;1
202300021007;155 643 308;10;0;2;1;13;1
202300021007;155 643 311;7;0;2;1;1;1
202300021008;155 643 307;30;0;1;1;21;1
202300021009;155 643 306;1;0;2;3;25;5
202300021009;155 643 309;80;0;2;2;25;3
202300021010;155 643 305;7;0;1;1;1;1
202300021011;155 643 303;2;0;0;0;21;1
202300021012;155 643 302;7;0;2;6;9;1
202300021012;155 643 304;99;0;2;2;2;1
202300021013;155 643 301;1;0;5;1;1;5
202300021014;155 643 300;7;0;1;1;1;1
202300021015;155 643 297;7;0;2;8;15;1
202300021015;155 643 299;33;0;2;7;1;1
202300021016;155 643 295;7;0;1;2;15;1
202300021017;155 643 293;33;0;0;8;1;1
202300021018;155 643 292;7;0;2;3;15;1
202300021018;155 643 294;33;0;2;2;1;1
202300021019;155 643 291;7;0;1;1;1;1
202300021020;155 643 289;20;0;2;1;1;1
202300021020;155 643 290;7;3;2;7;13;1
202300021021;155 643 286;7;0;2;1;1;1
202300021021;155 643 287;30;14;2;1;13;1
202300021022;155 643 285;7;2;0;3;1;0
202300021023;155 643 283;7;0;2;2;21;1
202300021023;155 643 284;7;0;2;6;0;1
202300021023;155 643 288;7;0;2;6;16;1
202300021024;155 643 282;7;13;0;3;13;1
202300021025;155 643 280;33;0;2;1;1;6
202300021025;155 643 281;7;0;2;3;15;3
202300021026;155 643 277;7;0;2;1;15;1
202300021026;155 643 279;33;0;2;8;2;1
202300021027;155 643 275;7;1;0;6;2;1
202300021027;155 643 278;50;0;2;1;2;3
202300021028;155 643 274;7;0;2;3;9;1
202300021028;155 643 276;1;0;2;5;1;5
202300021029;155 643 270;7;2;0;1;13;1
202300021030;155 643 271;34;0;2;7;17;1
202300021030;155 643 273;10;0;2;3;10;0
202300021031;155 643 269;7;0;2;3;1;1
202300021031;155 643 272;7;0;2;3;1;1
202300021032;155 643 268;7;14;0;1;6;1
202300021033;155 643 267;34;1;0;0;1;1
202300021034;155 643 263;13;0;2;3;2;1
202300021034;155 643 265;7;0;2;9;2;1
202300021034;155 643 266;7;0;2;4;0;1
202300021035;155 643 262;7;0;2;2;15;1
202300021035;155 643 264;1;0;2;1;1;5
202300021036;155 643 257;34;0;2;7;17;1
202300021036;155 643 260;7;0;2;8;19;1
202300021037;155 643 259;7;0;2;1;26;6
202300021037;155 643 261;7;8;0;4;15;1
202300021038;155 643 256;7;0;2;2;19;1
202300021038;155 643 258;1;0;2;1;1;5
202300021039;155 643 254;7;2;0;2;1;1
202300021040;155 643 253;43;0;2;1;2;0
202300021040;155 643 255;7;0;2;4;1;1
202300021041;155 643 251;7;0;2;2;0;0
202300021041;155 643 252;34;0;2;1;1;1
202300021042;155 643 246;7;0;2;2;15;1
202300021042;155 643 248;30;0;2;2;2;1
202300021043;155 643 245;2;0;2;8;17;1
202300021043;155 643 247;2;0;2;5;15;1
202300021044;155 643 242;7;0;0;0;1;6
202300021045;155 643 237;7;0;2;2;15;1
202300021045;155 643 238;2;0;2;1;2;1
202300021046;155 643 235;33;0;2;1;17;1
202300021046;155 643 236;7;0;2;3;26;1
202300021047;155 643 234;37;13;0;7;2;1
202300021048;155 643 239;7;0;1;4;20;1
202300021049;155 643 233;7;0;1;1;1;1
202300021050;155 643 230;2;0;2;1;13;1
202300021050;155 643 232;10;0;2;1;1;1
202300021051;155 643 226;7;0;9;2;16;1
202300021051;155 643 228;60;0;2;1;18;5
202300021052;155 643 227;7;1;2;4;2;0
202300021052;155 643 229;7;0;0;4;2;1
202300021052;155 643 231;7;1;2;1;2;1
202300021053;155 643 225;7;13;0;1;0;1
202300021054;155 643 223;30;0;2;3;11;1
202300021054;155 643 224;7;0;2;2;1;1
202300021055;155 643 222;7;0;1;0;0;0
202300021056;155 643 220;33;1;0;9;1;1
202300021057;155 643 219;7;0;1;2;1;0
202300021058;155 643 218;7;0;2;3;14;1
202300021058;155 643 221;7;0;2;5;1;1
202300021059;155 643 216;31;0;0;7;17;0
202300021060;155 643 215;7;0;2;1;9;1
202300021060;155 643 217;15;0;2;7;0;0
202300021061;155 643 212;33;0;2;8;3;1
202300021061;155 643 214;7;0;2;2;12;0
202300021062;155 643 210;7;0;2;6;1;1
202300021062;155 643 213;30;0;2;1;1;1
202300021063;155 643 209;7;0;2;1;9;1
202300021063;155 643 211;33;0;2;1;0;1
202300021064;155 643 208;99;0;1;4;26;1
202300021065;155 643 205;7;0;2;3;15;1
202300021065;155 643 206;31;0;2;6;1;1
202300021066;155 643 204;7;2;0;0;1;1
202300021067;155 643 202;7;0;2;5;12;1
202300021067;155 643 203;31;0;2;1;3;1
202300021067;155 643 207;7;0;2;7;1;1
202300021068;155 643 201;32;12;0;7;20;1
202300021069;155 643 199;7;0;2;3;1;1
202300021069;155 643 200;33;0;2;8;15;1
202300021070;155 643 195;7;0;2;8;15;1
202300021070;155 643 197;33;0;2;1;17;1
202300021071;155 643 196;10;0;2;1;1;3
202300021071;155 643 198;7;0;2;4;1;2
202300021072;155 643 193;7;0;2;3;15;1
202300021072;155 643 194;30;0;2;2;1;1
202300021073;155 643 190;7;0;2;7;15;2
202300021073;155 643 192;7;0;2;2;1;1
202300021074;155 643 189;30;0;2;0;1;0
202300021074;155 643 191;1;0;2;3;19;5
202300021075;155 643 185;7;0;2;1;1;1
202300021075;155 643 186;7;0;2;2;15;1
202300021076;155 643 187;7;0;2;6;19;1
202300021076;155 643 188;33;0;2;1;1;1
202300021077;155 643 183;2;0;2;1;2;1
202300021077;155 643 184;10;0;2;4;1;1
202300021078;155 643 182;3;0;1;1;16;3
202300021079;155 643 180;7;0;2;1;1;1
202300021079;155 643 181;35;0;2;3;15;1
202300021080;155 643 178;7;0;2;2;15;1
202300021080;155 643 179;50;0;2;1;1;3
202300021081;155 643 176;7;6;0;3;13;1
202300021082;155 643 174;7;0;2;3;22;1
202300021082;155 643 177;31;1;0;7;2;1
202300021083;155 643 173;50;0;2;6;13;3
202300021083;155 643 175;7;0;2;2;2;1
202300021084;155 643 171;7;0;0;1;1;1
202300021084;155 643 172;1;0;2;7;19;5
202300021085;155 643 168;34;0;2;7;17;1
202300021085;155 643 170;7;0;2;3;15;1
202300021086;155 643 166;1;0;2;8;19;5
202300021086;155 643 167;7;0;2;2;1;1
202300021087;155 643 164;7;0;2;1;1;1
202300021087;155 643 165;50;0;2;7;19;3
202300021088;155 643 162;1;12;2;4;1;5
202300021088;155 643 163;7;0;2;2;1;0
202300021089;155 643 169;33;0;1;1;1;1
202300021090;155 643 161;33;6;0;1;26;1
202300021091;155 643 160;7;17;0;3;1;1
202300021092;155 643 159;1;0;1;1;1;5
202300021093;155 643 157;7;0;2;3;1;1
202300021093;155 643 158;7;0;2;3;1;1
202300021094;155 643 156;30;0;0;0;21;1
202300021095;155 643 155;7;0;1;2;1;1
202300021096;155 643 152;2;0;0;8;1;1
202300021096;155 643 153;2;0;2;1;1;1
202300021097;155 643 150;2;0;2;1;0;1
202300021098;155 643 151;7;0;2;3;1;1
202300021098;155 643 154;32;0;2;5;1;3
202300021099;155 643 149;7;13;0;3;1;1
202300021100;155 643 146;7;0;0;6;1;1
202300021100;155 643 147;7;0;2;2;12;1
202300021101;155 643 148;7;2;0;1;14;1
202300021102;155 643 143;7;6;2;1;13;1
202300021102;155 643 144;7;0;2;4;1;1
202300021103;155 643 142;7;0;2;2;5;1
202300021103;155 643 145;37;0;2;2;1;1
202300021104;155 643 141;7;0;1;1;1;1
202300021105;155 643 138;34;0;1;6;1;1
202300021106;155 643 137;31;0;2;1;25;1
202300021106;155 643 139;7;0;2;8;1;1
202300021107;155 643 135;7;0;2;4;2;1
202300021107;155 643 140;7;0;2;1;2;1
202300021108;155 643 134;2;0;0;4;2;3
202300021108;155 643 136;7;0;2;2;1;1
202300021109;155 643 132;14;0;2;1;16;1
202300021109;155 643 133;7;0;2;4;16;1
202300021110;155 643 131;43;0;1;8;3;1
202300021111;155 643 130;1;14;0;8;23;5
202300021112;155 643 129;31;1;0;1;1;1
202300021113;155 643 127;1;0;2;0;0;5
202300021113;155 643 128;7;0;2;1;2;0
202300021114;155 643 125;7;0;2;4;2;0
202300021114;155 643 126;33;0;2;1;2;0
202300021115;155 643 123;7;0;2;3;1;0
202300021115;155 643 124;7;0;2;8;15;0
202300021116;155 643 122;7;0;1;3;16;1
202300021117;155 643 120;7;0;2;2;26;1
202300021117;155 643 121;33;0;2;1;0;1
202300021118;155 643 119;32;9;0;0;0;1
202300021119;155 643 118;10;0;1;2;1;0
202300021120;155 643 116;7;0;2;2;1;2
202300021120;155 643 117;7;0;2;3;1;0
202300021121;155 643 114;7;0;2;4;19;2
202300021121;155 643 115;60;0;0;7;19;5
202300021122;155 643 113;7;0;1;1;1;1
202300021123;155 643 112;37;0;1;5;1;1
202300021124;155 643 108;7;0;2;2;17;1
202300021124;155 643 109;7;1;2;8;21;1
202300021124;155 643 110;7;0;2;3;1;1
202300021124;155 643 111;10;0;2;3;24;1
202300021125;155 643 106;99;0;2;5;1;5
202300021125;155 643 107;99;0;9;3;1;1
202300021126;155 643 105;10;0;1;3;2;1
202300021127;155 643 102;7;8;0;1;26;0
202300021128;155 643 100;7;0;2;3;15;1
202300021128;155 643 101;33;0;2;2;2;1
202300021129;155 643 099;32;0;1;1;1;0
202300021130;155 643 097;3;0;2;1;26;1
202300021130;155 643 098;32;1;2;8;1;3
202300021131;155 643 095;7;0;2;3;1;1
202300021131;155 643 096;7;0;2;2;15;1
202300021132;155 643 093;1;0;2;4;1;5
202300021132;155 643 094;7;0;2;2;1;1
202300021133;155 643 092;0;0;1;0;0;0
202300021134;155 643 091;7;0;1;3;26;2
202300021135;155 643 090;7;1;0;7;0;1
202300021136;155 643 088;34;0;2;3;26;1
202300021136;155 643 089;7;0;2;2;26;1
202300021137;155 643 087;10;0;1;1;16;1
202300021138;155 643 085;7;0;2;1;1;0
202300021138;155 643 086;31;0;2;0;1;1
202300021139;155 643 084;7;16;0;1;0;1
202300021140;155 643 082;7;0;2;3;26;1
202300021140;155 643 083;7;8;2;2;1;1
202300021141;155 643 080;7;0;2;4;2;1
202300021141;155 643 081;7;0;2;1;2;1
202300021142;155 643 078;50;0;2;1;1;3
202300021142;155 643 079;7;0;9;2;9;1
202300021143;155 643 077;7;0;1;2;1;1
202300021144;155 643 075;10;0;9;2;2;1
202300021144;155 643 076;1;0;0;8;2;5
202300021145;155 643 073;7;0;2;1;13;1
202300021145;155 643 074;7;0;2;1;1;1
202300021146;155 643 071;7;0;2;3;1;1
202300021146;155 643 072;7;0;2;2;19;1
202300021147;155 643 069;7;0;2;3;17;1
202300021147;155 643 070;31;0;2;1;1;1
202300021148;155 643 067;7;0;9;1;1;1
202300021148;155 643 068;1;0;0;4;1;5
202300021149;155 643 066;31;0;0;0;0;0
202300021150;155 643 065;7;3;0;2;2;1
202300021151;155 643 064;15;1;1;5;21;1
202300021152;155 643 063;7;2;0;1;1;1
202300021153;155 643 061;7;0;2;1;17;1
202300021153;155 643 062;7;4;0;4;11;1
202300021154;155 643 059;36;0;2;1;13;1
202300021154;155 643 060;7;0;2;2;17;1
202300021155;155 643 057;7;0;2;3;1;1
202300021155;155 643 058;14;0;2;3;1;1
202300021156;155 643 055;7;0;2;2;1;1
202300021156;155 643 056;10;0;2;3;13;1
202300021157;155 643 053;2;0;2;1;1;3
202300021157;155 643 054;10;0;2;2;1;1
202300021158;155 643 052;7;8;0;1;1;1
202300021159;155 643 050;7;0;2;0;15;0
202300021159;155 643 051;30;0;2;2;1;1
202300021160;155 643 049;7;13;0;2;15;1
202300021161;155 643 048;10;2;0;1;13;1
202300021162;155 643 047;7;13;0;9;1;1
202300021163;155 643 044;7;0;2;2;15;1
202300021163;155 643 045;7;0;2;1;1;1
202300021163;155 643 046;10;0;2;1;13;1
202300021164;155 643 043;2;0;1;1;1;1
202300021165;155 643 041;14;0;2;3;16;1
202300021165;155 643 042;7;0;0;2;1;1
202300021166;155 643 040;7;2;0;7;1;1
202300021167;155 643 038;10;0;2;2;1;1
202300021167;155 643 039;7;0;2;1;1;1
202300021168;155 643 037;7;0;0;1;1;1
202300021169;155 643 036;7;2;0;8;1;1
202300021170;155 643 035;34;0;1;2;2;1
202300021171;155 643 034;17;0;0;8;21;1
202300021172;155 643 032;7;0;2;1;2;1
202300021172;155 643 033;7;0;0;4;1;1
202300021173;155 643 030;7;0;2;1;13;1
202300021173;155 643 031;7;0;2;1;1;1
202300021174;155 643 028;10;0;2;3;13;1
202300021174;155 643 029;10;0;2;3;21;1
202300021175;155 643 027;7;4;0;8;13;1
202300021176;155 643 025;31;0;2;1;1;1
202300021176;155 643 026;7;0;2;6;15;1
202300021177;155 643 023;7;0;2;2;19;1
202300021177;155 643 024;7;0;2;7;0;0
202300021178;155 643 021;1;0;2;1;1;5
202300021178;155 643 022;7;0;2;2;15;1
202300021179;155 643 019;7;0;9;2;2;1
202300021179;155 643 020;1;0;2;4;2;5
202300021180;155 643 012;0;0;2;1;2;0
202300021180;155 643 013;1;0;0;4;1;5
202300021181;155 643 010;16;3;2;3;1;1
202300021181;155 643 011;7;0;2;3;13;1
202300021182;155 643 009;7;13;0;1;0;1
202300021183;155 643 007;7;0;2;7;1;1
202300021183;155 643 008;7;0;2;1;1;1
202300021184;155 643 006;7;0;1;1;0;2
202300021185;155 643 004;7;0;2;3;0;1
202300021185;155 643 005;50;0;2;1;19;3
202300021186;155 643 003;7;0;1;2;1;1
202300021187;155 643 001;2;1;0;1;1;1
202300021187;155 643 002;99;0;0;1;26;6
202300021188;155 642 999;7;0;2;1;1;1
202300021188;155 643 000;60;0;2;2;1;5
202300021189;155 642 997;7;0;0;4;2;1
202300021189;155 642 998;7;0;0;1;2;1
202300021190;155 642 995;50;0;2;8;25;3
202300021190;155 642 996;0;0;2;1;9;0
202300021191;155 642 994;7;0;1;2;16;1
202300021192;155 642 992;7;0;2;0;1;1
202300021192;155 642 993;33;0;2;1;3;1
202300021193;155 642 991;33;0;0;0;1;1
202300021194;155 642 988;7;0;2;4;1;1
202300021194;155 642 989;7;0;2;4;1;2
202300021194;155 642 990;7;0;2;1;1;1
202300021195;155 642 986;10;0;2;2;1;1
202300021195;155 642 987;7;0;2;4;2;1
202300021196;155 642 984;31;0;2;8;1;3
202300021196;155 642 985;7;0;2;7;0;0
202300021197;155 642 982;7;0;2;8;9;1
202300021197;155 642 983;17;0;2;2;1;1
202300021198;155 642 981;43;3;0;3;16;1
202300021199;155 642 980;7;3;0;1;1;0
202300021200;155 642 979;32;0;2;2;3;3
202300021201;155 642 976;0;0;2;0;3;0
202300021201;155 642 977;43;0;2;7;3;1
202300021201;155 642 978;7;0;2;3;1;2
202300021202;155 642 974;33;1;0;2;2;1
202300021202;155 642 975;7;0;2;6;23;1
202300021203;155 642 972;33;0;2;7;3;1
202300021203;155 642 973;7;0;2;8;11;1
202300021204;155 642 970;30;0;2;1;1;1
202300021204;155 642 971;7;0;2;6;23;1
202300021205;155 642 969;7;13;0;0;14;1
202300021206;155 642 967;32;0;2;1;1;1
202300021206;155 642 968;7;0;2;0;0;1
202300021207;155 642 965;10;0;2;1;1;1
202300021207;155 642 966;1;0;2;7;19;5
202300021208;155 642 963;33;0;2;0;21;1
202300021208;155 642 964;7;0;2;0;15;1
202300021209;155 642 961;7;0;2;1;2;1
202300021209;155 642 962;7;0;2;4;23;1
202300021210;155 642 959;7;0;2;5;9;1
202300021210;155 642 960;2;0;2;1;1;1
202300021211;155 642 957;7;0;2;2;26;1
202300021211;155 642 958;32;0;2;1;21;1
202300021212;155 642 956;7;0;1;2;1;1
202300021213;155 642 954;17;0;2;6;1;1
202300021213;155 642 955;7;0;2;3;13;1
202300021214;155 642 952;7;0;2;4;23;1
202300021214;155 642 953;7;0;2;1;2;1
202300021215;155 642 951;7;15;0;2;14;0
202300021216;155 642 949;7;0;2;5;12;1
202300021216;155 642 950;33;0;2;1;3;1
202300021217;155 642 944;7;0;2;4;1;2
202300021217;155 642 945;7;0;2;3;1;1
202300021217;155 642 946;31;0;2;4;3;1
202300021217;155 642 947;7;0;2;4;1;2
202300021217;155 642 948;33;0;2;2;3;1
202300021218;155 642 941;33;0;2;1;1;1
202300021218;155 642 942;43;0;2;3;13;1
202300021218;155 642 943;7;0;0;5;1;1
202300021219;155 642 938;10;0;2;4;2;1
202300021219;155 642 939;7;0;2;1;2;1
202300021219;155 642 940;7;0;2;4;2;1
202300021220;155 642 936;7;0;2;3;16;2
202300021220;155 642 937;50;0;2;1;1;3
202300021221;155 642 934;7;0;2;1;16;1
202300021221;155 642 935;7;0;2;7;1;2
202300021222;155 642 932;7;0;2;6;24;2
202300021222;155 642 933;31;1;2;3;22;1
202300021223;155 642 930;7;0;2;2;2;1
202300021223;155 642 931;7;0;2;4;2;0
202300021224;155 642 929;7;0;1;1;1;0
202300021225;155 642 927;1;0;2;1;1;5
202300021225;155 642 928;7;0;2;2;10;2
202300021226;155 642 925;31;0;2;3;1;1
202300021226;155 642 926;7;0;2;1;15;1
202300021227;155 642 924;50;0;1;1;17;3
202300021228;155 642 922;31;0;2;1;2;1
202300021228;155 642 923;7;0;2;2;15;1
202300021229;155 642 919;7;0;2;4;2;1
202300021229;155 642 920;7;0;2;1;2;1
202300021229;155 642 921;33;0;2;4;2;1
202300021230;155 642 917;50;0;2;3;2;3
202300021230;155 642 918;50;0;2;7;2;3
202300021231;155 642 916;30;0;1;1;1;3
202300021232;155 642 915;7;1;0;2;2;1
202300021233;155 642 913;32;1;2;2;17;1
202300021233;155 642 914;7;1;2;3;15;1
202300021234;155 642 912;2;0;0;1;1;1
202300021235;155 642 911;7;8;0;1;19;0
202300021236;155 642 910;3;0;1;1;1;3
202300021237;155 642 908;60;0;2;1;1;3
202300021237;155 642 909;7;0;2;6;15;1
202300021238;155 642 906;7;0;2;2;1;1
202300021238;155 642 907;7;0;2;3;26;1
202300021239;155 642 904;50;0;0;1;15;3
202300021239;155 642 905;7;0;0;3;1;1
202300021240;155 642 902;7;0;2;1;1;1
202300021240;155 642 903;7;0;2;4;1;1
202300021241;155 642 900;7;0;0;6;1;1
202300021241;155 642 901;99;0;2;1;0;1
202300021242;155 642 897;7;0;9;7;2;0
202300021242;155 642 898;1;0;0;8;2;5
202300021242;155 642 899;1;0;0;8;2;5
202300021243;155 642 896;7;2;0;1;1;1
202300021244;155 642 894;10;0;2;1;2;1
202300021244;155 642 895;7;0;0;4;1;1
202300021245;155 642 892;7;0;0;1;0;0
202300021245;155 642 893;7;2;0;2;1;1
202300021246;155 642 890;7;0;2;2;15;1
202300021246;155 642 891;7;0;2;1;1;1
202300021247;155 642 888;1;0;2;4;2;5
202300021247;155 642 889;7;0;9;1;2;1
202300021248;155 642 887;7;2;0;9;1;1
202300021249;155 642 886;7;8;0;4;13;1
202300021250;155 642 885;7;4;0;3;1;1
202300021251;155 642 884;33;15;9;1;13;1
202300021252;155 642 883;7;13;0;1;1;1
202300021253;155 642 881;7;13;0;4;15;1
202300021253;155 642 882;7;-1;2;1;1;1
202300021254;155 642 880;7;13;0;1;21;1
202300021255;155 642 879;7;13;0;2;13;1
202300021256;155 642 878;7;0;0;9;1;0
202300021257;155 642 877;7;0;0;0;1;0
202300021258;155 642 875;1;13;0;4;0;5
202300021258;155 642 876;7;0;2;2;1;1
202300021259;155 642 874;33;13;0;3;1;1
202300021260;155 642 872;7;0;2;2;19;1
202300021260;155 642 873;1;0;2;1;16;5
202300021261;155 642 870;7;0;2;7;15;1
202300021261;155 642 871;15;12;2;1;1;1
202300021262;155 642 867;7;1;2;9;1;1
202300021262;155 642 868;7;0;1;7;24;1
202300021263;155 642 866;30;13;0;7;1;1
202300021264;155 642 865;7;13;0;7;1;1
202300021265;155 642 863;1;0;0;0;0;5
202300021265;155 642 864;10;0;2;3;2;0
202300021266;155 642 862;10;0;1;3;1;1
202300021267;155 642 859;7;0;2;5;11;1
202300021267;155 642 860;2;0;0;1;1;1
202300021268;155 642 858;7;2;0;1;14;1
202300021269;155 642 857;7;6;0;1;2;1
202300021270;155 642 855;33;0;2;1;1;1
202300021270;155 642 856;7;0;2;3;1;1
202300021271;155 642 853;7;0;2;3;13;1
202300021271;155 642 854;7;0;2;2;1;1
202300021272;155 642 851;1;0;2;4;2;5
202300021272;155 642 852;10;0;2;2;2;1
202300021273;155 642 849;7;0;2;1;1;2
202300021273;155 642 850;80;0;0;4;1;3
202300021274;155 642 847;7;0;2;6;15;1
202300021274;155 642 848;2;0;2;2;1;1
202300021275;155 642 845;33;0;2;1;1;1
202300021275;155 642 846;7;0;2;3;15;1
202300021276;155 642 842;7;0;0;4;1;1
202300021276;155 642 843;7;0;2;1;2;1
202300021276;155 642 844;7;0;2;4;1;1
202300021277;155 642 841;33;3;0;8;1;1
202300021278;155 642 837;7;14;0;0;1;1
202300021278;155 642 838;7;0;0;4;1;3
202300021278;155 642 839;7;0;2;1;11;1
202300021278;155 642 840;15;0;0;0;1;6
202300021279;155 642 836;10;13;0;7;14;1
202300021280;155 642 834;3;13;2;4;2;1
202300021280;155 642 835;7;0;2;2;2;1
202300021281;155 642 833;7;4;0;1;0;1
202300021282;155 642 831;7;0;2;3;9;0
202300021282;155 642 832;37;0;2;3;1;0
202300021283;155 642 830;7;0;1;2;1;1
202300021284;155 642 829;7;2;0;7;13;1
202300021285;155 642 828;7;3;0;2;1;1
202300021286;155 642 826;7;0;2;1;19;2
202300021286;155 642 827;7;0;2;8;1;1
202300021287;155 642 824;7;0;2;2;9;1
202300021287;155 642 825;1;0;2;7;1;5
202300021288;155 642 822;31;0;2;2;1;1
202300021288;155 642 823;10;0;2;4;4;1
202300021289;155 642 820;2;0;2;0;11;0
202300021289;155 642 821;7;0;2;2;1;1
202300021290;155 642 818;7;0;2;1;2;1
202300021290;155 642 819;7;0;2;4;2;1
202300021291;155 642 816;33;0;2;8;1;1