Num_Acc;id_vehicule;catv;obs;obsm;choc;manv;motor
202300021291;155 642 817;7;0;2;7;12;1
202300021292;155 642 813;7;0;2;4;2;1
202300021292;155 642 814;7;0;2;4;2;1
202300021292;155 642 815;7;0;2;1;2;1
202300021293;155 642 811;33;0;2;3;3;0
202300021293;155 642 812;7;0;2;5;12;0
202300021294;155 642 809;7;0;2;6;1;1
202300021294;155 642 810;13;0;2;0;0;0
202300021295;155 642 806;7;0;2;7;1;1
202300021295;155 642 807;7;0;2;1;9;1
202300021295;155 642 808;33;0;2;1;1;1
202300021296;155 642 805;32;0;0;1;2;1
202300021297;155 642 803;7;0;2;4;26;1
202300021297;155 642 804;10;0;2;1;1;1
202300021298;155 642 801;33;0;2;1;9;1
202300021298;155 642 802;7;0;2;7;2;1
202300021299;155 642 798;10;0;2;1;1;1
202300021299;155 642 799;7;0;2;4;2;1
202300021299;155 642 800;10;0;2;4;2;1
202300021300;155 642 797;7;0;2;3;13;1
202300021301;155 642 795;7;0;2;1;1;1
202300021301;155 642 796;7;0;2;1;1;1
202300021302;155 642 794;31;0;0;2;14;1
202300021303;155 642 792;31;0;2;2;3;1
202300021303;155 642 793;7;0;2;5;12;1
202300021304;155 642 789;7;0;2;7;16;1
202300021304;155 642 790;7;0;2;4;1;1
202300021304;155 642 791;33;0;2;1;3;1
202300021305;155 642 784;10;0;2;8;1;1
202300021305;155 642 785;10;0;2;5;1;1
202300021305;155 642 786;7;0;2;8;23;1
202300021305;155 642 787;7;0;2;6;26;2
202300021305;155 642 788;7;0;2;1;3;1
202300021306;155 642 782;7;0;2;1;2;1
202300021306;155 642 783;13;0;2;5;2;1
202300021307;155 642 781;7;4;0;8;1;1
202300021308;155 642 779;7;0;2;7;12;1
202300021308;155 642 780;33;0;2;8;18;1
202300021309;155 642 776;7;0;2;6;1;1
202300021309;155 642 777;7;0;2;8;11;1
202300021309;155 642 778;33;0;2;7;3;1
202300021310;155 642 774;33;0;2;2;3;1
202300021310;155 642 775;31;0;2;3;1;1
202300021311;155 642 772;10;0;2;3;16;1
202300021311;155 642 773;31;0;2;3;16;1
202300021312;155 642 770;7;0;2;4;2;1
202300021312;155 642 771;7;0;2;1;2;1
202300021313;155 642 768;50;0;2;8;18;3
202300021313;155 642 769;7;0;9;7;14;1
202300021314;155 642 766;7;0;2;3;1;1
202300021314;155 642 767;7;0;2;3;16;1
202300021315;155 642 765;7;0;1;3;0;1
202300021316;155 642 763;7;0;2;1;1;1
202300021316;155 642 764;7;0;2;4;1;1
202300021317;155 642 760;7;0;2;1;26;1
202300021317;155 642 761;7;0;2;4;1;2
202300021317;155 642 762;7;0;2;4;1;1
202300021318;155 642 759;7;0;1;8;1;1
202300021319;155 642 757;10;0;2;3;15;1
202300021319;155 642 758;7;0;2;2;2;1
202300021320;155 642 756;7;4;2;9;13;1
202300021321;155 642 755;7;0;1;2;9;1
202300021322;155 642 749;33;0;2;1;1;0
202300021322;155 642 750;7;0;2;3;15;0
202300021323;155 642 747;43;0;2;3;1;1
202300021323;155 642 748;10;0;0;0;0;1
202300021324;155 642 745;7;0;2;7;15;1
202300021324;155 642 746;33;0;2;1;1;1
202300021325;155 642 742;7;0;1;1;15;1
202300021326;155 642 739;7;0;2;1;1;1
202300021326;155 642 740;50;0;2;7;1;3
202300021326;155 642 741;7;0;2;1;1;1
202300021327;155 642 737;7;0;2;1;1;1
202300021327;155 642 738;7;0;2;2;15;1
202300021328;155 642 734;7;0;2;1;1;1
202300021328;155 642 735;7;0;2;4;1;1
202300021328;155 642 736;7;0;2;4;1;1
202300021329;155 642 732;7;0;1;4;23;0
202300021329;155 642 733;7;14;2;2;2;0
202300021330;155 642 731;10;8;0;1;1;1
202300021331;155 642 730;7;2;0;1;0;1
202300021332;155 642 729;10;0;1;2;1;1
202300021333;155 642 727;30;0;2;1;1;1
202300021333;155 642 728;7;0;2;2;9;1
202300021334;155 642 725;10;0;2;3;15;1
202300021334;155 642 726;33;0;2;8;1;1
202300021335;155 642 718;7;2;0;1;14;1
202300021336;155 642 717;7;14;0;1;19;1
202300021337;155 642 713;15;0;2;1;2;1
202300021337;155 642 714;7;0;2;4;15;1
202300021338;155 642 711;32;0;2;1;1;1
202300021338;155 642 712;7;0;2;2;15;1
202300021339;155 642 710;0;0;1;1;0;1
202300021340;155 642 707;1;0;2;1;1;5
202300021340;155 642 709;7;0;9;2;1;1
202300021341;155 642 706;7;0;2;2;15;1
202300021341;155 642 708;1;0;0;0;16;5
202300021342;155 642 702;7;0;2;8;9;1
202300021342;155 642 704;50;0;2;1;1;3
202300021343;155 642 700;7;0;2;6;2;1
202300021343;155 642 701;7;0;0;4;1;1
202300021343;155 642 703;7;0;2;2;2;1
202300021343;155 642 705;10;0;2;1;1;1
202300021344;155 642 698;7;0;2;1;26;1
202300021344;155 642 699;30;0;2;0;0;1
202300021345;155 642 696;0;0;0;0;0;0
202300021345;155 642 697;2;0;0;3;21;1
202300021346;155 642 694;50;0;2;7;2;3
202300021346;155 642 695;7;0;2;3;2;1
202300021347;155 642 692;7;0;2;2;15;3
202300021347;155 642 693;7;0;2;1;1;1
202300021348;155 642 691;7;0;1;2;1;1
202300021349;155 642 686;7;0;2;5;15;1
202300021349;155 642 689;34;0;2;1;1;1
202300021350;155 642 683;7;0;2;1;2;1
202300021350;155 642 685;7;0;2;4;2;1
202300021350;155 642 687;7;0;2;4;1;1
202300021350;155 642 688;7;0;2;4;1;1
202300021350;155 642 690;33;0;0;0;1;1
202300021351;155 642 682;33;0;2;5;2;1
202300021351;155 642 684;7;0;2;3;9;1
202300021352;155 642 681;33;5;0;1;1;1
202300021353;155 642 679;7;0;2;1;1;1
202300021353;155 642 680;7;0;2;3;16;1
202300021354;155 642 677;32;0;2;1;1;1
202300021354;155 642 678;7;0;2;2;15;1
202300021355;155 642 676;40;0;1;2;1;3
202300021356;155 642 675;33;13;0;1;1;1
202300021357;155 642 673;30;0;2;3;1;1
202300021357;155 642 674;7;0;2;0;0;0
202300021358;155 642 672;7;13;0;0;0;1
202300021359;155 642 670;1;0;2;1;1;5
202300021359;155 642 671;7;0;2;1;1;3
202300021360;155 642 669;7;13;0;1;12;1
202300021361;155 642 666;14;0;2;3;21;1
202300021361;155 642 668;10;0;2;3;21;1
202300021362;155 642 665;1;0;2;1;1;5
202300021362;155 642 667;7;0;2;3;15;1
202300021363;155 642 663;7;0;0;3;15;0
202300021363;155 642 664;33;0;0;1;17;1
202300021364;155 642 661;37;0;2;7;14;1
202300021364;155 642 662;7;8;2;3;0;1
202300021365;155 642 660;33;0;0;0;1;1
202300021366;155 642 659;7;1;0;1;14;1
202300021367;155 642 657;7;0;2;3;1;1
202300021367;155 642 658;1;0;2;1;5;5
202300021368;155 642 656;7;1;0;3;13;1
202300021369;155 642 654;30;12;0;1;1;1
202300021370;155 642 653;7;0;2;3;20;1
202300021370;155 642 655;2;0;2;3;1;1
202300021371;155 642 652;33;16;0;3;1;1
202300021372;155 642 650;7;0;2;4;1;1
202300021372;155 642 651;7;0;2;4;23;1
202300021373;155 642 647;7;0;2;3;15;1
202300021373;155 642 649;7;0;2;3;1;1
202300021374;155 642 646;33;0;2;1;18;1
202300021374;155 642 648;7;0;2;7;16;1
202300021375;155 642 643;33;0;2;7;17;1
202300021375;155 642 644;10;0;2;3;15;1
202300021376;155 642 642;7;0;0;8;1;1
202300021376;155 642 645;10;0;2;1;19;1
202300021377;155 642 640;7;13;0;3;14;1
202300021378;155 642 638;7;2;0;3;1;1
202300021379;155 642 639;7;0;2;3;1;1
202300021379;155 642 641;2;0;2;8;0;1
202300021380;155 642 637;50;13;-1;1;1;3
202300021381;155 642 636;7;0;1;5;1;1
202300021382;155 642 633;7;0;2;3;9;1
202300021382;155 642 635;7;0;2;1;1;1
202300021383;155 642 632;7;0;2;1;1;2
202300021383;155 642 634;50;0;2;8;19;3
202300021384;155 642 630;7;0;1;1;15;0
202300021385;155 642 629;1;0;2;1;1;5
202300021385;155 642 631;7;0;2;8;19;1
202300021386;155 642 628;7;0;1;1;15;1
202300021387;155 642 625;7;0;1;1;1;0
202300021388;155 642 623;7;0;2;1;1;1
202300021388;155 642 624;7;0;2;1;15;1
202300021389;155 642 620;7;2;0;1;0;1
202300021390;155 642 621;7;0;2;3;0;1
202300021390;155 642 622;1;0;2;1;0;5
202300021391;155 642 618;7;8;0;1;1;1
202300021392;155 642 617;2;0;2;3;3;1
202300021392;155 642 619;7;5;2;3;1;1
202300021393;155 642 615;7;0;1;2;1;1
202300021394;155 642 614;7;0;2;1;1;1
202300021394;155 642 616;1;0;2;8;1;5
202300021395;155 642 612;36;16;0;3;1;1
202300021396;155 642 613;7;0;1;3;1;1
202300021397;155 642 610;33;13;0;6;0;0
202300021397;155 642 611;7;0;2;2;0;0
202300021398;155 642 608;50;0;2;1;19;3
202300021398;155 642 609;7;0;2;3;1;1
202300021399;155 642 606;7;0;2;3;26;1
202300021399;155 642 607;32;0;2;2;1;0
202300021400;155 642 605;7;0;1;2;16;0
202300021401;155 642 603;33;0;2;1;2;1
202300021401;155 642 604;7;0;0;4;2;1
202300021402;155 642 600;30;0;2;1;9;1
202300021402;155 642 602;7;0;2;1;1;1
202300021403;155 642 599;33;0;2;1;2;1
202300021403;155 642 601;15;0;0;4;23;1
202300021404;155 642 597;7;0;2;2;17;1
202300021404;155 642 598;2;0;2;4;0;1
202300021405;155 642 595;7;0;2;7;19;1
202300021405;155 642 596;33;0;2;8;17;1
202300021406;155 642 593;7;0;9;1;1;1
202300021406;155 642 594;1;0;2;1;15;5
202300021407;155 642 591;33;4;0;3;0;1
202300021408;155 642 590;7;7;2;5;15;1
202300021408;155 642 592;10;0;2;1;1;1
202300021409;155 642 589;7;4;0;1;15;1
202300021410;155 642 587;33;0;2;1;1;1
202300021410;155 642 588;7;0;2;2;13;1
202300021411;155 642 582;7;0;2;1;13;1
202300021411;155 642 585;7;8;0;8;1;1
202300021412;155 642 583;7;0;2;2;15;1
202300021412;155 642 584;7;12;2;8;23;1
202300021412;155 642 586;7;9;2;3;1;2
202300021413;155 642 579;7;0;2;3;19;1
202300021413;155 642 580;7;0;2;3;1;1
202300021414;155 642 578;10;0;0;8;1;1
202300021414;155 642 581;7;0;2;1;1;1
202300021415;155 642 573;7;0;2;3;13;1
202300021415;155 642 575;7;0;2;8;1;2
202300021415;155 642 577;2;0;2;7;21;1
202300021416;155 642 574;7;0;2;1;13;0
202300021416;155 642 576;2;0;2;1;1;0
202300021417;155 642 570;7;0;2;8;15;1
202300021417;155 642 571;33;0;2;1;1;1
202300021418;155 642 569;7;6;2;1;1;1
202300021418;155 642 572;7;0;2;3;1;1
202300021419;155 642 567;32;0;2;4;23;1
202300021419;155 642 568;7;0;2;1;1;1
202300021420;155 642 565;50;0;9;1;1;3
202300021420;155 642 566;99;0;9;1;15;5
202300021421;155 642 563;33;13;0;1;2;1
202300021422;155 642 562;33;0;2;1;1;1
202300021422;155 642 564;7;0;2;1;13;1
202300021423;155 642 561;7;0;1;2;15;1
202300021424;155 642 559;7;3;0;3;13;1
202300021425;155 642 555;7;6;0;3;1;1
202300021426;155 642 554;7;0;2;3;13;1
202300021426;155 642 556;14;0;2;8;1;1
202300021427;155 642 553;7;0;0;5;1;1
202300021427;155 642 557;50;0;0;0;1;3
202300021428;155 642 552;33;0;0;7;1;1
202300021429;155 642 551;38;0;1;2;2;1
202300021430;155 642 548;7;0;2;2;15;1
202300021430;155 642 550;30;0;2;3;1;1
202300021431;155 642 547;7;0;2;1;0;0
202300021431;155 642 549;1;0;0;4;0;5
202300021432;155 642 546;7;0;1;2;19;1
202300021433;155 642 544;2;0;1;2;1;1
202300021434;155 642 542;17;1;0;2;1;1
202300021434;155 642 543;17;0;0;1;24;1
202300021434;155 642 545;7;14;0;1;2;1
202300021435;155 642 538;13;0;1;2;1;0
202300021436;155 642 535;7;0;2;8;1;1
202300021436;155 642 537;33;0;2;8;17;1
202300021437;155 642 533;7;0;9;1;1;1
202300021437;155 642 536;15;0;2;4;1;1
202300021438;155 642 532;7;0;2;2;15;1
202300021438;155 642 534;34;0;2;1;1;1
202300021439;155 642 528;7;0;1;2;1;1
202300021440;155 642 529;10;0;1;2;9;1
202300021441;155 642 527;10;0;0;0;1;1
202300021442;155 642 526;10;0;1;7;1;3
202300021443;155 642 525;7;0;1;1;26;1
202300021444;155 642 522;7;0;2;1;0;0
202300021444;155 642 524;7;0;2;1;1;0
202300021445;155 642 521;30;0;2;2;2;1
202300021446;155 642 520;7;0;2;3;9;1
202300021446;155 642 523;7;0;2;1;1;1
202300021447;155 642 517;10;0;2;8;10;1
202300021447;155 642 519;33;0;2;1;1;1
202300021448;155 642 515;7;0;2;2;1;1
202300021448;155 642 516;7;0;2;3;15;1
202300021449;155 642 512;7;0;2;5;26;1
202300021449;155 642 514;1;0;2;1;9;5
202300021450;155 642 511;7;0;2;1;1;1
202300021450;155 642 513;33;8;2;8;1;3
202300021451;155 642 508;30;0;2;1;17;1
202300021451;155 642 509;7;0;2;8;15;1
202300021452;155 642 506;7;0;2;1;1;1
202300021452;155 642 510;30;0;2;8;1;1
202300021453;155 642 505;7;0;2;1;1;1
202300021453;155 642 507;7;0;2;1;26;1
202300021454;155 642 504;31;0;0;0;1;1
202300021455;155 642 501;7;0;2;8;15;1
202300021455;155 642 503;2;0;2;1;2;1
202300021456;155 642 499;7;0;2;3;16;1
202300021456;155 642 502;33;0;2;1;1;1
202300021457;155 642 494;7;0;2;7;19;1
202300021457;155 642 495;7;0;2;2;1;1
202300021458;155 642 493;7;1;0;1;26;6
202300021458;155 642 496;7;0;2;7;23;6
202300021458;155 642 498;7;3;0;4;23;6
202300021459;155 642 491;7;4;0;9;9;1
202300021460;155 642 490;31;0;2;2;2;1
202300021460;155 642 492;7;0;2;8;13;1
202300021461;155 642 497;10;0;2;6;23;1
202300021461;155 642 500;7;0;2;0;0;0
202300021462;155 642 489;7;3;0;1;1;1
202300021463;155 642 488;7;13;0;2;1;1
202300021464;155 642 485;10;0;2;2;16;1
202300021464;155 642 487;1;0;2;8;2;5
202300021465;155 642 486;7;3;0;1;1;1
202300021466;155 642 484;31;0;0;8;13;1
202300021467;155 642 483;7;6;0;1;13;1
202300021468;155 642 480;33;13;0;7;1;1
202300021469;155 642 479;7;0;2;8;11;1
202300021469;155 642 481;33;0;2;2;1;1
202300021469;155 642 482;7;0;2;8;1;1
202300021470;155 642 476;7;0;2;3;1;0
202300021470;155 642 478;50;0;2;1;16;3
202300021471;155 642 475;7;0;2;1;2;2
202300021471;155 642 477;7;0;2;4;2;1
202300021472;155 642 470;7;0;2;4;26;1
202300021472;155 642 472;7;0;2;1;2;1
202300021473;155 642 469;7;0;2;4;1;1
202300021473;155 642 471;33;0;2;1;1;1
202300021474;155 642 468;7;3;0;3;1;1
202300021475;155 642 466;7;0;2;4;2;1
202300021475;155 642 467;7;0;2;1;2;1
202300021476;155 642 465;7;4;0;1;14;1
202300021477;155 642 464;7;3;0;0;1;1
202300021478;155 642 463;30;0;0;7;1;1
202300021479;155 642 461;33;0;2;0;1;1
202300021479;155 642 462;7;0;2;0;11;1
202300021480;155 642 460;1;0;0;0;1;5
202300021481;155 642 459;33;3;0;3;13;0
202300021482;155 642 455;7;0;2;6;2;1
202300021482;155 642 457;33;0;2;1;2;1
202300021483;155 642 456;1;0;2;8;1;5
202300021483;155 642 458;7;0;2;2;15;1
202300021484;155 642 453;10;0;1;0;1;1
202300021485;155 642 452;7;0;2;4;1;1
202300021485;155 642 454;99;0;2;1;1;1
202300021486;155 642 449;7;0;2;1;1;1
202300021486;155 642 450;7;0;5;1;1;1
202300021487;155 642 448;30;0;0;0;26;1
202300021487;155 642 451;7;0;0;0;15;1
202300021488;155 642 446;7;0;2;5;14;3
202300021488;155 642 447;34;0;2;1;3;1
202300021489;155 642 442;7;0;2;3;19;2
202300021489;155 642 445;32;0;2;1;2;1
202300021490;155 642 435;14;0;2;3;9;1
202300021490;155 642 437;38;0;2;5;1;1
202300021490;155 642 438;7;0;2;5;1;1
202300021490;155 642 440;10;0;2;8;1;1
202300021490;155 642 441;7;0;2;4;1;2
202300021490;155 642 443;7;0;2;5;1;2
202300021490;155 642 444;7;0;2;6;1;1
202300021491;155 642 436;7;0;2;1;15;1
202300021491;155 642 439;43;0;2;1;1;1
202300021492;155 642 433;7;0;2;2;12;1
202300021492;155 642 434;33;0;2;8;1;1
202300021493;155 642 431;7;0;2;1;1;1
202300021493;155 642 432;10;0;0;4;1;1
202300021494;155 642 430;7;0;1;6;4;1
202300021495;155 642 429;7;15;0;3;1;1
202300021496;155 642 427;7;13;0;4;1;1
202300021496;155 642 428;13;0;2;1;2;1
202300021497;155 642 424;7;0;2;1;1;0
202300021497;155 642 425;10;0;2;1;13;1
202300021498;155 642 423;7;1;0;3;13;0
202300021498;155 642 426;7;0;2;8;23;1
202300021499;155 642 422;33;0;0;8;0;1
202300021500;155 642 421;10;1;0;0;1;0
202300021501;155 642 417;7;0;2;3;5;1
202300021501;155 642 418;7;0;2;6;1;0
202300021501;155 642 420;7;0;2;3;1;1
202300021502;155 642 416;7;0;2;3;1;1
202300021502;155 642 419;7;0;2;1;15;0
202300021503;155 642 415;7;2;0;3;21;1
202300021504;155 642 414;7;1;0;2;1;1
202300021505;155 642 412;14;0;2;3;1;1
202300021505;155 642 413;7;13;2;3;1;1
202300021506;155 642 410;7;6;0;8;1;1
202300021507;155 642 411;7;0;1;7;19;0
202300021508;155 642 407;10;14;0;1;1;1
202300021508;155 642 408;7;0;2;1;13;1
202300021509;155 642 406;30;0;2;1;26;1
202300021509;155 642 409;7;0;2;1;1;2
202300021510;155 642 403;7;15;2;3;11;1
202300021510;155 642 405;7;0;2;2;1;1
202300021511;155 642 404;7;0;1;4;20;0
202300021512;155 642 402;7;1;0;1;1;1
202300021513;155 642 399;7;0;2;3;1;1
202300021513;155 642 401;7;0;2;5;15;1
202300021514;155 642 398;30;0;2;2;15;1
202300021514;155 642 400;30;0;2;1;1;1
202300021515;155 642 397;80;6;0;1;1;3
202300021516;155 642 396;33;12;0;1;5;1
202300021517;155 642 394;10;0;2;3;1;0
202300021517;155 642 395;10;0;2;1;1;0
202300021518;155 642 393;7;0;1;3;21;1
202300021519;155 642 392;30;10;0;1;14;1
202300021520;155 642 391;32;3;0;1;0;1
202300021521;155 642 390;7;0;1;1;26;0
202300021522;155 642 389;0;0;0;0;0;0
202300021523;155 642 388;10;0;1;1;15;1
202300021524;155 642 387;7;8;0;2;26;1
202300021525;155 642 384;7;0;2;4;9;1
202300021525;155 642 385;33;0;2;7;1;1
202300021526;155 642 383;33;0;2;5;9;1
202300021526;155 642 386;10;0;2;2;9;1
202300021527;155 642 382;7;0;2;4;2;1
202300021528;155 642 380;7;0;2;3;1;1
202300021528;155 642 381;7;0;2;5;12;1
202300021529;155 642 376;7;0;2;8;19;1
202300021529;155 642 377;10;0;2;1;1;1
202300021530;155 642 374;7;0;2;1;13;1
202300021530;155 642 375;7;0;2;1;1;1
202300021531;155 642 372;7;0;2;6;15;1
202300021531;155 642 373;33;0;2;2;0;1
202300021532;155 642 368;7;8;0;1;14;1
202300021533;155 642 367;10;0;2;4;1;1
202300021533;155 642 369;7;0;2;4;1;1
202300021533;155 642 370;7;0;2;1;1;1
202300021533;155 642 371;7;0;2;4;1;1
202300021534;155 642 364;10;0;2;8;10;1
202300021534;155 642 366;31;0;2;1;2;1
202300021535;155 642 363;7;0;2;3;13;1
202300021535;155 642 365;33;0;2;1;1;1
202300021536;155 642 360;7;0;2;1;1;1
202300021536;155 642 362;1;0;2;1;0;5
202300021537;155 642 359;7;0;2;1;1;1
202300021537;155 642 361;99;0;2;1;1;3
202300021538;155 642 358;38;0;1;1;1;1
202300021539;155 642 357;50;0;0;0;1;3
202300021540;155 642 356;7;0;2;3;7;1
202300021541;155 642 354;7;0;2;6;15;1
202300021541;155 642 355;33;0;2;1;17;1
202300021542;155 642 351;7;0;2;1;13;1
202300021542;155 642 353;7;0;2;1;1;1
202300021543;155 642 350;7;0;2;1;15;1
202300021543;155 642 352;7;0;2;3;1;1
202300021544;155 642 348;7;1;2;6;20;0
202300021544;155 642 349;33;0;2;1;0;0
202300021545;155 642 345;7;0;1;5;20;2
202300021546;155 642 343;14;7;2;1;13;0
202300021546;155 642 344;7;0;2;1;15;1
202300021546;155 642 346;7;0;2;1;23;1
202300021546;155 642 347;7;0;2;1;23;1
202300021547;155 642 342;30;0;0;8;1;1
202300021548;155 642 339;33;0;2;1;2;1
202300021548;155 642 341;7;0;2;5;2;0
202300021549;155 642 340;7;0;1;1;1;1
202300021550;155 642 337;7;0;1;1;26;1
202300021551;155 642 335;7;0;0;3;2;1
202300021551;155 642 336;1;0;2;1;5;5
202300021552;155 642 334;2;0;2;1;2;1
202300021552;155 642 338;7;0;2;4;2;1
202300021553;155 642 330;50;0;2;1;2;3
202300021553;155 642 331;10;8;0;7;16;1
202300021554;155 642 329;7;0;2;5;1;1
202300021554;155 642 332;7;0;2;1;19;1
202300021555;155 642 326;33;0;2;1;1;1
202300021555;155 642 328;7;0;2;2;15;1
202300021556;155 642 325;1;0;2;1;1;5
202300021556;155 642 327;7;0;2;3;1;1
202300021557;155 642 323;7;0;2;1;1;1
202300021557;155 642 324;7;0;2;4;1;1
202300021558;155 642 321;10;0;2;3;15;1
202300021558;155 642 322;1;0;2;8;1;5
202300021559;155 642 319;7;0;2;7;2;1
202300021559;155 642 320;1;0;2;8;2;5
202300021560;155 642 316;10;0;2;8;15;1
202300021560;155 642 318;33;0;2;1;17;1
202300021561;155 642 315;7;0;2;1;1;1
202300021561;155 642 317;7;0;1;1;23;1
202300021562;155 642 312;7;0;2;3;1;1
202300021562;155 642 314;7;0;2;2;23;1
202300021563;155 642 311;7;0;2;7;1;1
202300021563;155 642 313;7;0;2;1;1;1
202300021564;155 642 309;31;0;2;8;0;0
202300021564;155 642 310;7;0;2;1;23;1
202300021565;155 642 308;7;15;1;2;20;1
202300021566;155 642 305;33;0;2;1;1;1
202300021566;155 642 306;7;0;2;5;15;1
202300021567;155 642 304;99;1;2;4;23;1
202300021567;155 642 307;7;0;2;1;1;1
202300021568;155 642 302;50;0;1;4;26;3
202300021569;155 642 303;7;7;0;1;19;1
202300021570;155 642 300;1;0;2;7;17;5
202300021570;155 642 301;7;0;2;3;15;1
202300021571;155 642 298;7;0;2;5;16;1
202300021571;155 642 299;1;0;2;1;1;5
202300021572;155 642 296;7;0;1;1;26;1
202300021572;155 642 297;7;0;2;2;2;1
202300021573;155 642 294;7;0;2;1;0;1
202300021573;155 642 295;50;0;2;7;26;3
202300021574;155 642 293;30;12;0;1;1;1
202300021575;155 642 289;7;0;2;1;15;1
202300021575;155 642 292;7;0;2;3;1;1
202300021576;155 642 290;31;0;2;4;2;1
202300021576;155 642 291;16;0;2;3;2;1
202300021577;155 642 287;7;0;2;4;23;1
202300021577;155 642 288;3;0;2;1;1;1
202300021578;155 642 284;31;0;2;1;2;1
202300021578;155 642 286;7;0;2;3;11;1
202300021579;155 642 283;7;0;0;0;0;0
202300021579;155 642 285;30;12;0;0;14;1
202300021580;155 642 281;7;9;0;1;13;1
202300021581;155 642 280;7;0;2;4;1;3
202300021581;155 642 282;7;0;2;1;1;1
202300021582;155 642 275;7;0;0;2;1;1
202300021582;155 642 277;31;0;2;3;1;1
202300021583;155 642 274;7;0;2;1;1;1
202300021583;155 642 276;7;0;2;1;1;1
202300021583;155 642 278;7;0;2;1;1;1
202300021583;155 642 279;7;0;0;0;1;1
202300021584;155 642 271;33;13;0;0;1;1
202300021585;155 642 272;30;12;2;4;1;1
202300021585;155 642 273;7;9;2;0;1;0
202300021586;155 642 266;7;0;2;4;1;1
202300021586;155 642 268;7;0;2;4;0;1
202300021586;155 642 270;7;0;2;1;1;1
202300021587;155 642 267;7;0;2;8;15;1
202300021587;155 642 269;32;0;2;7;17;1
202300021588;155 642 263;7;0;2;3;1;0
202300021588;155 642 265;7;0;2;2;1;0
202300021589;155 642 262;31;0;2;1;1;1
202300021589;155 642 264;7;0;2;5;16;1
202300021590;155 642 259;7;0;2;3;1;1
202300021590;155 642 261;7;0;2;2;15;1
202300021591;155 642 260;7;0;1;2;1;1
202300021592;155 642 257;32;11;0;1;1;1
202300021593;155 642 256;2;0;2;4;1;1
202300021593;155 642 258;7;0;2;1;26;1
202300021594;155 642 255;1;0;0;0;21;5
202300021595;155 642 253;7;0;1;4;23;1
202300021595;155 642 254;7;0;2;1;1;1
202300021596;155 642 250;1;0;2;8;15;5
202300021596;155 642 252;31;0;2;2;1;1
202300021597;155 642 249;7;0;2;6;1;1
202300021597;155 642 251;2;0;2;1;2;1
202300021598;155 642 247;1;0;2;1;1;5
202300021598;155 642 248;1;0;2;4;1;5
202300021599;155 642 244;7;0;2;2;1;0
202300021599;155 642 246;7;0;2;6;1;0
202300021600;155 642 243;1;0;2;7;1;5
202300021600;155 642 245;7;0;2;8;1;1
202300021601;155 642 240;10;0;1;4;4;3
202300021602;155 642 241;1;0;2;1;15;5
202300021602;155 642 242;7;0;9;3;1;1
202300021603;155 642 238;2;0;1;1;26;6
202300021604;155 642 237;7;0;2;5;24;1
202300021604;155 642 239;33;0;2;1;1;1
202300021605;155 642 236;10;0;1;4;4;1
202300021606;155 642 234;30;0;2;4;23;1
202300021606;155 642 235;1;0;2;1;1;5
202300021607;155 642 232;1;0;1;1;1;5
202300021608;155 642 231;7;0;2;1;15;0
202300021608;155 642 233;2;0;2;7;17;0
202300021609;155 642 229;2;0;2;2;2;1
202300021609;155 642 230;7;0;2;1;1;2
202300021610;155 642 226;1;12;2;7;17;5
202300021610;155 642 227;1;12;2;8;1;5
202300021611;155 642 225;7;0;2;7;0;1
202300021611;155 642 228;33;0;2;1;11;1
202300021612;155 642 223;7;0;2;1;1;1
202300021612;155 642 224;7;0;2;4;1;1
202300021613;155 642 220;7;0;2;8;11;0
202300021613;155 642 221;43;0;2;7;3;1
202300021613;155 642 222;7;0;2;8;1;1
202300021614;155 642 219;7;13;0;3;2;1
202300021615;155 642 215;10;0;2;8;20;1
202300021615;155 642 217;30;0;2;1;2;1
202300021616;155 642 216;7;0;2;1;2;1
202300021616;155 642 218;10;0;2;4;2;1
202300021617;155 642 214;7;0;1;5;20;1
202300021618;155 642 213;80;8;0;1;14;3
202300021619;155 642 212;1;0;0;0;16;5
202300021620;155 642 210;7;8;0;0;1;1
202300021621;155 642 211;1;0;0;0;1;5
202300021622;155 642 207;15;0;2;5;1;1
202300021622;155 642 209;32;0;2;8;18;1
202300021623;155 642 203;7;15;0;1;14;1
202300021624;155 642 204;1;0;2;1;2;5
202300021624;155 642 205;1;0;2;4;2;5
202300021624;155 642 206;1;0;2;1;2;5
202300021624;155 642 208;10;0;2;0;14;1
202300021625;155 642 199;30;0;2;8;1;1
202300021625;155 642 201;7;0;2;1;1;2
202300021626;155 642 198;7;0;2;1;13;1
202300021626;155 642 200;7;0;2;8;1;1
202300021626;155 642 202;7;0;2;1;1;1
202300021627;155 642 195;7;0;0;0;0;1
202300021628;155 642 196;1;0;2;3;1;5
202300021628;155 642 197;37;0;2;7;9;2
202300021629;155 642 194;33;13;0;8;1;1
202300021630;155 642 193;10;13;0;1;1;1
202300021631;155 642 191;1;0;1;1;2;5
202300021632;155 642 189;33;0;2;1;1;1
202300021632;155 642 190;7;0;2;8;11;1
202300021633;155 642 188;50;0;1;1;1;3
202300021634;155 642 186;7;0;2;2;0;1
202300021634;155 642 187;2;0;2;3;1;1