Num_Acc;id_vehicule;catv;obs;obsm;choc;manv;motor
202300023069;155 639 689;7;15;0;1;0;0
202300023070;155 639 685;7;0;2;3;1;0
202300023070;155 639 686;7;0;2;3;1;0
202300023071;155 639 687;13;0;2;1;1;1
202300023071;155 639 688;7;0;2;1;1;1
202300023071;155 639 690;13;0;2;1;1;1
202300023071;155 639 691;15;0;2;1;1;1
202300023072;155 639 681;7;0;2;8;13;1
202300023072;155 639 683;33;0;2;8;1;1
202300023073;155 639 682;7;0;2;4;2;1
202300023073;155 639 684;43;0;2;1;3;1
202300023074;155 639 678;7;0;2;1;13;1
202300023074;155 639 679;2;0;2;1;0;1
202300023074;155 639 680;2;0;2;1;0;1
202300023075;155 639 677;7;4;0;1;2;1
202300023076;155 639 676;3;8;0;2;1;1
202300023077;155 639 675;7;13;0;3;13;1
202300023078;155 639 673;7;4;2;2;12;1
202300023078;155 639 674;33;4;2;8;1;1
202300023079;155 639 671;7;0;0;3;0;1
202300023079;155 639 672;16;0;2;3;1;1
202300023080;155 639 668;7;0;2;1;1;1
202300023080;155 639 669;1;0;0;8;19;5
202300023081;155 639 666;10;0;2;5;1;1
202300023081;155 639 667;7;0;2;0;11;1
202300023081;155 639 670;33;0;2;8;3;1
202300023082;155 639 665;50;0;0;0;1;3
202300023083;155 639 664;7;0;0;0;14;1
202300023084;155 639 662;7;0;2;8;11;2
202300023084;155 639 663;7;3;2;2;17;1
202300023085;155 639 661;7;2;0;0;2;1
202300023086;155 639 659;7;0;0;8;0;1
202300023086;155 639 660;43;0;2;2;2;1
202300023087;155 639 656;33;0;2;1;1;1
202300023087;155 639 657;14;0;0;5;1;1
202300023088;155 639 658;33;0;0;1;2;0
202300023089;155 639 654;7;0;2;3;13;1
202300023089;155 639 655;15;0;2;3;1;1
202300023090;155 639 652;7;0;2;4;2;1
202300023090;155 639 653;7;0;2;1;2;2
202300023091;155 639 647;10;0;2;4;2;1
202300023091;155 639 648;7;0;2;5;15;1
202300023091;155 639 649;14;0;2;1;1;1
202300023091;155 639 650;10;0;2;3;2;1
202300023091;155 639 651;7;3;2;5;2;1
202300023092;155 639 644;7;4;0;1;1;1
202300023093;155 639 643;10;0;2;1;0;1
202300023093;155 639 645;14;0;2;4;0;1
202300023093;155 639 646;17;0;2;1;0;1
202300023094;155 639 641;7;1;0;1;1;1
202300023094;155 639 642;7;0;0;5;23;1
202300023095;155 639 640;7;13;0;2;1;1
202300023096;155 639 637;7;0;2;1;5;1
202300023096;155 639 638;33;0;2;1;1;1
202300023097;155 639 636;7;0;2;0;0;0
202300023097;155 639 639;30;0;2;3;0;1
202300023098;155 639 635;99;8;0;1;0;3
202300023099;155 639 634;7;0;1;1;17;2
202300023100;155 639 632;7;0;2;1;1;1
202300023100;155 639 633;30;0;2;7;1;1
202300023101;155 639 631;34;0;2;0;17;1
202300023102;155 639 629;33;0;2;1;0;1
202300023102;155 639 630;7;0;2;4;26;1
202300023103;155 639 627;7;0;2;3;15;1
202300023103;155 639 628;34;0;2;7;0;1
202300023104;155 639 626;7;0;1;4;26;1
202300023105;155 639 624;7;0;2;1;1;1
202300023105;155 639 625;7;0;2;1;1;1
202300023106;155 639 623;37;0;1;5;26;0
202300023107;155 639 622;7;0;1;1;15;1
202300023108;155 639 620;7;0;2;2;14;1
202300023108;155 639 621;37;0;2;3;1;1
202300023109;155 639 618;7;0;2;1;5;1
202300023109;155 639 619;7;0;2;1;1;1
202300023110;155 639 617;10;0;1;1;1;0
202300023111;155 639 616;7;0;1;3;26;1
202300023112;155 639 615;35;1;0;1;21;-1
202300023113;155 639 613;7;0;2;7;17;1
202300023113;155 639 614;7;0;2;3;2;1
202300023114;155 639 612;10;0;1;2;1;1
202300023115;155 639 611;33;1;1;0;1;0
202300023116;155 639 609;7;0;2;5;1;1
202300023116;155 639 610;10;0;0;1;1;1
202300023117;155 639 607;7;0;2;1;19;3
202300023117;155 639 608;7;0;2;3;1;1
202300023118;155 639 606;7;0;1;2;1;1
202300023119;155 639 605;7;0;1;1;1;0
202300023120;155 639 597;7;4;0;7;1;3
202300023120;155 639 598;7;4;2;1;1;1
202300023121;155 639 595;99;0;2;4;1;3
202300023121;155 639 596;7;0;2;0;0;0
202300023122;155 639 594;37;0;1;1;1;0
202300023123;155 639 593;7;0;1;1;1;3
202300023124;155 639 591;2;0;2;1;1;1
202300023124;155 639 592;7;0;2;8;15;1
202300023125;155 639 590;7;4;0;2;14;1
202300023126;155 639 588;7;0;0;0;0;1
202300023126;155 639 589;7;0;2;2;15;1
202300023127;155 639 587;50;0;0;0;1;3
202300023128;155 639 585;7;0;2;8;1;1
202300023128;155 639 586;14;0;2;2;11;1
202300023129;155 639 583;7;0;2;3;1;1
202300023129;155 639 584;7;0;2;3;15;1
202300023130;155 639 582;33;13;0;0;1;1
202300023131;155 639 581;7;15;0;1;13;1
202300023132;155 639 580;7;0;0;0;1;1
202300023133;155 639 578;31;0;0;8;0;1
202300023134;155 639 577;7;0;2;1;1;1
202300023134;155 639 579;7;-1;-1;-1;-1;-1
202300023135;155 639 576;7;0;0;9;26;1
202300023136;155 639 573;33;0;1;1;1;1
202300023137;155 639 574;7;0;2;2;15;1
202300023137;155 639 575;2;0;2;1;1;1
202300023138;155 639 570;10;0;2;3;15;0
202300023138;155 639 572;33;0;2;0;17;1
202300023139;155 639 568;33;6;0;1;1;1
202300023140;155 639 569;7;1;2;1;17;1
202300023140;155 639 571;7;1;2;3;15;1
202300023141;155 639 566;7;0;1;1;1;1
202300023142;155 639 563;7;0;0;4;23;1
202300023142;155 639 565;50;0;2;1;1;3
202300023143;155 639 564;7;1;0;4;2;1
202300023143;155 639 567;7;8;2;1;2;1
202300023144;155 639 559;3;0;2;3;15;1
202300023144;155 639 562;33;0;2;1;17;1
202300023145;155 639 560;7;0;2;2;2;1
202300023145;155 639 561;7;0;2;6;2;1
202300023146;155 639 556;30;0;2;1;1;0
202300023146;155 639 558;7;0;2;7;15;0
202300023147;155 639 555;7;0;2;1;26;1
202300023147;155 639 557;7;0;2;5;0;1
202300023148;155 639 554;7;13;0;9;14;1
202300023149;155 639 552;32;0;2;3;15;1
202300023149;155 639 553;7;0;2;3;16;1
202300023150;155 639 548;7;0;2;6;2;1
202300023150;155 639 550;31;0;2;1;3;1
202300023151;155 639 549;33;0;2;3;16;1
202300023151;155 639 551;7;0;2;2;1;1
202300023152;155 639 544;10;0;2;1;1;1
202300023152;155 639 546;7;0;2;4;1;1
202300023153;155 639 545;7;0;2;1;2;1
202300023153;155 639 547;7;0;2;4;2;1
202300023154;155 639 541;2;0;2;7;1;1
202300023154;155 639 543;7;0;2;1;15;1
202300023155;155 639 540;7;0;2;3;2;1
202300023155;155 639 542;33;0;2;2;3;1
202300023156;155 639 536;7;0;2;4;1;1
202300023156;155 639 538;31;0;2;1;1;1
202300023157;155 639 535;7;0;2;1;1;1
202300023157;155 639 537;7;0;2;4;2;1
202300023157;155 639 539;7;0;0;0;0;1
202300023158;155 639 533;7;0;2;3;1;2
202300023158;155 639 534;50;0;2;1;13;3
202300023159;155 639 531;34;0;2;3;3;1
202300023159;155 639 532;7;0;2;5;15;1
202300023160;155 639 528;1;0;0;0;1;5
202300023160;155 639 530;7;8;0;0;15;1
202300023161;155 639 526;7;4;2;9;11;1
202300023161;155 639 527;7;0;2;1;1;1
202300023161;155 639 529;14;0;2;2;1;0
202300023162;155 639 525;1;0;1;1;1;5
202300023163;155 639 519;7;3;2;2;3;1
202300023163;155 639 521;7;0;2;8;1;1
202300023163;155 639 523;7;3;2;7;1;1
202300023163;155 639 524;7;5;0;1;1;1
202300023164;155 639 520;7;0;2;2;16;2
202300023164;155 639 522;50;0;2;1;1;3
202300023165;155 639 518;10;3;0;1;1;1
202300023166;155 639 517;34;0;1;1;15;1
202300023167;155 639 515;33;0;2;1;3;1
202300023167;155 639 516;33;0;2;4;1;1
202300023168;155 639 514;80;0;0;1;1;3
202300023169;155 639 513;33;0;0;1;1;1
202300023170;155 639 511;50;0;2;2;5;3
202300023170;155 639 512;7;0;9;1;1;1
202300023171;155 639 509;30;0;2;1;13;1
202300023171;155 639 510;33;1;2;1;1;1
202300023172;155 639 507;7;0;9;2;2;1
202300023172;155 639 508;1;0;2;4;15;5
202300023173;155 639 504;10;1;0;4;4;1
202300023173;155 639 506;43;1;0;7;24;1
202300023174;155 639 503;7;13;2;3;13;1
202300023174;155 639 505;7;0;2;3;1;1
202300023175;155 639 501;30;0;2;1;2;1
202300023175;155 639 502;30;0;2;6;15;1
202300023176;155 639 499;7;0;2;3;15;1
202300023176;155 639 500;34;0;2;1;21;1
202300023177;155 639 496;7;0;2;1;10;1
202300023177;155 639 497;33;0;2;8;2;1
202300023178;155 639 494;33;0;2;1;2;1
202300023178;155 639 495;2;14;2;1;19;1
202300023178;155 639 498;7;0;0;6;23;1
202300023179;155 639 490;30;0;2;3;9;1
202300023179;155 639 492;7;0;2;2;23;1
202300023180;155 639 491;13;0;2;2;12;1
202300023180;155 639 493;7;0;2;3;16;1
202300023181;155 639 489;7;4;0;2;14;1
202300023182;155 639 486;7;0;2;6;10;1
202300023182;155 639 487;33;0;2;1;1;1
202300023183;155 639 485;7;0;2;3;2;2
202300023183;155 639 488;2;0;2;3;7;3
202300023184;155 639 484;7;1;0;2;14;1
202300023185;155 639 481;30;0;2;1;1;1
202300023185;155 639 483;7;0;2;1;15;1
202300023186;155 639 480;7;0;2;0;0;0
202300023186;155 639 482;7;0;2;0;0;1
202300023187;155 639 476;7;1;2;2;1;1
202300023187;155 639 478;10;1;2;3;0;1
202300023188;155 639 477;50;0;2;1;5;3
202300023188;155 639 479;7;0;2;7;2;1
202300023189;155 639 474;7;13;0;1;14;0
202300023190;155 639 472;7;0;2;1;1;1
202300023190;155 639 475;7;6;2;6;1;1
202300023191;155 639 471;7;0;1;4;16;1
202300023191;155 639 473;7;0;2;1;16;1
202300023192;155 639 470;7;15;0;1;1;1
202300023193;155 639 469;7;1;1;4;20;1
202300023194;155 639 467;30;0;2;1;2;1
202300023194;155 639 468;7;0;2;4;26;1
202300023195;155 639 465;31;14;0;1;17;1
202300023195;155 639 466;7;16;0;6;15;1
202300023196;155 639 462;7;0;2;0;1;0
202300023196;155 639 464;7;0;2;1;0;1
202300023197;155 639 461;7;0;2;6;0;1
202300023197;155 639 463;7;0;2;4;4;1
202300023198;155 639 458;7;0;2;5;12;0
202300023198;155 639 460;33;0;2;6;1;0
202300023199;155 639 457;3;0;2;1;1;1
202300023199;155 639 459;10;0;2;2;1;1
202300023200;155 639 454;7;0;2;3;5;1
202300023200;155 639 456;7;0;2;3;1;1
202300023201;155 639 451;50;0;2;1;9;3
202300023201;155 639 452;7;0;2;2;0;1
202300023202;155 639 449;7;0;2;3;15;1
202300023202;155 639 450;7;1;2;1;1;1
202300023203;155 639 447;1;0;1;1;21;5
202300023204;155 639 446;10;0;2;1;1;1
202300023204;155 639 448;7;0;2;5;15;1
202300023205;155 639 444;7;0;1;1;1;1
202300023206;155 639 443;7;0;2;1;15;0
202300023206;155 639 445;31;0;2;7;1;0
202300023207;155 639 439;10;0;2;6;1;1
202300023207;155 639 440;7;14;2;1;9;1
202300023208;155 639 438;7;0;2;3;17;2
202300023208;155 639 441;7;0;2;8;1;1
202300023208;155 639 442;33;0;2;1;1;1
202300023209;155 639 434;10;0;2;3;9;0
202300023209;155 639 437;50;0;2;7;1;3
202300023210;155 639 431;50;0;2;2;19;3
202300023210;155 639 433;10;0;2;1;1;0
202300023211;155 639 430;30;0;2;7;9;1
202300023211;155 639 432;7;0;2;3;1;1
202300023212;155 639 427;30;0;2;2;0;1
202300023212;155 639 429;7;0;2;3;1;1
202300023213;155 639 426;7;0;2;3;15;2
202300023213;155 639 428;31;0;2;1;1;1
202300023214;155 639 425;31;0;1;1;1;1
202300023215;155 639 424;30;16;0;7;1;1
202300023216;155 639 420;30;0;2;1;1;1
202300023216;155 639 422;7;0;2;6;9;3
202300023217;155 639 419;34;0;2;1;11;0
202300023217;155 639 421;7;0;2;7;15;0
202300023217;155 639 423;7;0;2;3;1;0
202300023218;155 639 417;31;0;2;1;25;0
202300023218;155 639 418;50;0;2;1;25;3
202300023219;155 639 416;7;0;1;1;16;0
202300023220;155 639 414;1;0;2;1;15;5
202300023220;155 639 415;7;0;9;6;26;1
202300023221;155 639 412;50;0;2;1;25;3
202300023221;155 639 413;1;0;2;1;1;5
202300023222;155 639 411;7;2;0;1;1;1
202300023223;155 639 409;50;14;0;1;1;3
202300023224;155 639 407;50;0;2;1;1;3
202300023224;155 639 410;7;0;2;3;1;0
202300023225;155 639 406;7;0;2;2;1;3
202300023225;155 639 408;1;0;2;3;15;5
202300023226;155 639 404;7;0;1;1;1;2
202300023227;155 639 403;7;0;2;1;0;1
202300023227;155 639 405;33;0;2;4;2;1
202300023228;155 639 401;30;0;2;7;17;1
202300023228;155 639 402;7;0;2;3;15;1
202300023229;155 639 400;7;0;2;1;1;1
202300023230;155 639 398;7;0;2;1;1;1
202300023230;155 639 399;7;0;2;5;1;1
202300023231;155 639 397;7;0;1;2;1;1
202300023232;155 639 396;32;0;0;8;1;1
202300023233;155 639 392;7;0;2;6;15;1
202300023233;155 639 394;1;0;2;1;1;5
202300023234;155 639 393;1;0;2;8;1;5
202300023234;155 639 395;7;0;2;8;17;1
202300023235;155 639 390;7;0;0;4;11;2
202300023235;155 639 391;7;14;0;1;1;1
202300023236;155 639 388;3;0;2;3;10;1
202300023236;155 639 389;34;0;2;1;5;1
202300023237;155 639 385;80;1;0;7;25;3
202300023237;155 639 387;7;0;9;7;24;1
202300023238;155 639 384;7;0;2;1;1;1
202300023238;155 639 386;7;0;2;0;0;1
202300023239;155 639 383;33;0;0;2;21;1
202300023240;155 639 381;7;0;2;1;1;1
202300023240;155 639 382;7;0;2;1;1;1
202300023241;155 639 378;7;0;2;7;1;2
202300023241;155 639 380;7;0;2;1;1;1
202300023242;155 639 377;33;0;2;9;1;1
202300023242;155 639 379;7;0;2;1;9;1
202300023243;155 639 375;7;0;0;2;0;1
202300023244;155 639 374;33;0;2;1;1;1
202300023244;155 639 376;10;0;2;1;15;1
202300023245;155 639 373;7;6;0;1;26;1
202300023246;155 639 372;7;1;1;2;1;1
202300023247;155 639 371;7;13;0;1;1;1
202300023248;155 639 369;32;0;2;7;1;1
202300023248;155 639 370;7;0;2;0;0;0
202300023249;155 639 367;34;0;2;2;1;1
202300023249;155 639 368;7;0;2;1;16;1
202300023250;155 639 366;7;13;0;2;1;1
202300023251;155 639 364;1;0;2;1;5;5
202300023251;155 639 365;7;0;2;2;1;2
202300023252;155 639 363;33;0;0;0;16;1
202300023253;155 639 361;1;0;2;4;1;5
202300023253;155 639 362;7;0;2;1;0;0
202300023254;155 639 358;0;0;2;0;0;0
202300023254;155 639 360;7;0;2;3;1;1
202300023255;155 639 357;7;0;2;2;1;1
202300023255;155 639 359;1;9;0;4;15;5
202300023256;155 639 353;33;0;2;3;1;1
202300023256;155 639 355;7;0;2;3;13;1
202300023257;155 639 351;31;0;2;4;3;1
202300023257;155 639 352;7;0;2;4;1;1
202300023257;155 639 354;31;0;2;2;3;1
202300023257;155 639 356;7;0;2;6;1;1
202300023258;155 639 348;7;0;2;2;2;1
202300023258;155 639 349;33;0;2;1;11;1
202300023259;155 639 346;13;0;2;2;1;1
202300023259;155 639 347;7;0;2;6;9;1
202300023260;155 639 345;7;0;2;8;1;1
202300023260;155 639 350;7;8;2;1;1;1
202300023261;155 639 344;7;1;0;7;14;1
202300023262;155 639 341;30;0;2;1;1;1
202300023262;155 639 342;32;0;2;4;1;1
202300023263;155 639 340;10;0;2;3;15;1
202300023263;155 639 343;33;0;2;1;1;1
202300023264;155 639 338;7;0;2;1;15;1
202300023264;155 639 339;32;0;2;8;1;3
202300023265;155 639 335;7;0;2;8;15;1
202300023265;155 639 337;31;0;2;1;1;1
202300023266;155 639 334;7;0;2;2;15;1
202300023266;155 639 336;33;0;2;3;1;1
202300023267;155 639 332;7;0;2;7;15;1
202300023267;155 639 333;31;0;2;0;1;1
202300023268;155 639 331;7;6;0;1;0;1
202300023269;155 639 328;7;0;2;1;2;3
202300023269;155 639 330;7;0;2;4;2;1
202300023270;155 639 327;7;0;2;8;13;1
202300023270;155 639 329;33;0;2;7;17;1
202300023271;155 639 326;50;12;0;3;13;3
202300023272;155 639 324;2;0;2;2;1;3
202300023272;155 639 325;14;0;2;6;1;6
202300023273;155 639 320;7;0;2;3;11;1
202300023273;155 639 321;1;0;2;7;1;5
202300023274;155 639 319;7;0;2;1;2;1
202300023274;155 639 322;7;0;2;4;23;1
202300023274;155 639 323;7;0;0;4;23;1
202300023275;155 639 317;10;0;2;1;2;1
202300023275;155 639 318;1;0;2;4;13;5
202300023276;155 639 315;7;1;0;2;26;1
202300023277;155 639 316;7;2;0;1;1;1
202300023278;155 639 312;7;0;2;7;23;0
202300023278;155 639 314;50;1;2;1;18;3
202300023279;155 639 311;33;0;2;1;2;1
202300023279;155 639 313;7;0;0;8;15;1
202300023280;155 639 309;7;0;2;2;10;1
202300023280;155 639 310;2;0;2;8;0;1
202300023281;155 639 308;7;8;0;7;0;1
202300023282;155 639 307;10;2;0;1;1;1
202300023283;155 639 306;7;0;1;1;1;1
202300023284;155 639 303;7;0;0;4;1;1
202300023284;155 639 305;7;0;2;1;1;1
202300023285;155 639 304;33;0;6;2;1;1
202300023286;155 639 302;7;0;1;3;1;0
202300023287;155 639 299;7;0;2;4;2;1
202300023287;155 639 300;7;0;2;1;2;1
202300023288;155 639 301;2;7;0;0;1;1
202300023289;155 639 297;7;0;2;1;2;1
202300023289;155 639 298;7;0;0;4;2;1
202300023290;155 639 296;7;16;0;9;0;6
202300023291;155 639 293;32;0;2;1;1;1
202300023291;155 639 295;7;0;2;2;15;1
202300023292;155 639 294;7;3;0;2;14;1
202300023293;155 639 291;7;0;0;1;1;1
202300023293;155 639 292;7;0;2;1;13;2
202300023294;155 639 288;7;16;2;8;1;6
202300023294;155 639 289;33;0;2;1;1;6
202300023295;155 639 290;7;0;1;1;15;1
202300023296;155 639 285;15;0;2;2;21;1
202300023296;155 639 287;7;0;2;3;15;1
202300023297;155 639 284;7;0;2;5;26;1
202300023297;155 639 286;2;0;2;2;1;1
202300023298;155 639 282;34;0;2;9;0;1
202300023298;155 639 283;33;0;2;0;0;1
202300023299;155 639 281;2;12;0;1;1;1
202300023300;155 639 280;7;6;0;1;1;1
202300023301;155 639 276;7;3;2;1;2;1
202300023301;155 639 278;7;3;0;4;1;1
202300023301;155 639 279;7;0;9;0;2;1
202300023302;155 639 275;1;0;2;7;17;5
202300023302;155 639 277;1;0;2;8;1;5
202300023303;155 639 271;7;8;0;0;0;1
202300023304;155 639 270;31;0;2;7;17;0
202300023304;155 639 272;7;0;0;8;15;0
202300023305;155 639 269;7;13;0;2;1;0
202300023306;155 639 265;33;0;2;1;1;1
202300023306;155 639 267;1;0;2;0;10;5
202300023307;155 639 266;2;0;2;1;1;1
202300023307;155 639 268;7;0;2;7;19;1
202300023308;155 639 264;7;2;0;2;14;1
202300023309;155 639 261;33;0;0;0;0;1
202300023310;155 639 262;7;0;2;5;2;1
202300023310;155 639 263;31;0;2;8;2;1
202300023311;155 639 260;43;15;0;1;0;1
202300023312;155 639 259;7;0;0;0;1;1
202300023313;155 639 258;7;13;0;1;0;1
202300023314;155 639 257;7;0;1;2;1;1
202300023315;155 639 256;33;13;0;1;1;1
202300023316;155 639 254;2;0;2;7;1;1
202300023316;155 639 255;7;0;2;6;15;1
202300023317;155 639 252;7;2;0;7;1;1
202300023318;155 639 251;7;0;2;3;1;1
202300023318;155 639 253;7;0;2;3;15;1
202300023319;155 639 250;7;13;0;1;1;1
202300023320;155 639 248;36;13;0;2;2;1
202300023321;155 639 249;7;13;0;0;0;1
202300023322;155 639 247;7;13;0;1;1;1
202300023323;155 639 244;7;0;0;9;1;1
202300023324;155 639 245;7;0;2;8;1;1
202300023324;155 639 246;2;0;2;1;1;1
202300023325;155 639 242;7;0;2;2;17;1
202300023325;155 639 243;7;0;2;6;1;3
202300023326;155 639 239;7;0;2;3;13;1
202300023326;155 639 240;7;0;2;3;1;1
202300023327;155 639 238;33;0;6;1;1;1
202300023328;155 639 235;33;0;2;4;23;1
202300023328;155 639 236;33;0;2;1;1;1
202300023329;155 639 234;7;0;2;4;23;1
202300023329;155 639 237;7;0;2;1;2;1
202300023329;155 639 241;10;0;2;6;23;1
202300023330;155 639 233;7;2;0;1;0;1
202300023331;155 639 231;7;7;0;2;2;0
202300023332;155 639 232;7;16;0;0;23;1
202300023333;155 639 230;10;13;0;2;1;1
202300023334;155 639 226;7;0;2;1;13;1
202300023334;155 639 227;7;0;2;1;1;1
202300023334;155 639 229;7;0;2;1;1;1
202300023335;155 639 228;31;12;0;1;13;1
202300023336;155 639 225;2;12;0;7;1;1
202300023337;155 639 223;2;0;2;2;15;1
202300023337;155 639 224;2;0;2;3;1;1
202300023338;155 639 222;7;13;0;1;1;0
202300023339;155 639 220;7;0;2;1;13;1
202300023339;155 639 221;38;0;0;1;1;1
202300023340;155 639 219;7;2;6;1;0;1
202300023341;155 639 213;7;0;2;1;21;1
202300023341;155 639 216;7;14;0;3;1;1
202300023341;155 639 217;7;0;2;1;21;1
202300023341;155 639 218;7;3;0;3;0;2
202300023342;155 639 214;10;0;2;4;4;1
202300023342;155 639 215;30;0;2;1;23;1
202300023343;155 639 211;31;0;2;8;26;1
202300023343;155 639 212;7;0;2;3;1;1
202300023344;155 639 209;7;0;0;0;0;1
202300023345;155 639 210;10;17;0;3;1;1
202300023346;155 639 208;7;8;0;7;1;1
202300023347;155 639 207;7;17;0;9;1;1
202300023348;155 639 206;32;0;1;4;1;1
202300023349;155 639 205;33;13;0;1;1;1
202300023350;155 639 202;10;0;2;1;2;1
202300023350;155 639 204;10;0;0;4;2;1
202300023351;155 639 200;7;0;0;6;23;0
202300023351;155 639 201;7;1;0;9;1;0
202300023351;155 639 203;7;3;0;1;1;0
202300023352;155 639 197;7;0;9;1;1;0
202300023352;155 639 198;1;0;2;1;5;5
202300023353;155 639 196;1;0;0;0;25;5
202300023353;155 639 199;7;0;0;1;0;0
202300023354;155 639 195;1;0;0;1;1;5
202300023355;155 639 192;33;0;2;8;13;1
202300023355;155 639 194;33;0;2;8;1;1
202300023356;155 639 188;7;0;2;3;13;1
202300023356;155 639 190;33;0;2;1;1;1
202300023357;155 639 184;7;0;2;1;1;1
202300023357;155 639 185;7;0;0;3;1;1
202300023358;155 639 181;7;13;0;8;16;0
202300023359;155 639 182;7;0;9;1;2;1
202300023359;155 639 183;7;14;0;0;2;1
202300023359;155 639 186;7;14;0;0;2;1
202300023359;155 639 187;7;14;0;0;2;1
202300023359;155 639 189;7;0;2;1;2;1
202300023359;155 639 191;7;0;2;4;2;1
202300023359;155 639 193;7;14;0;0;2;1
202300023360;155 639 180;7;6;0;8;1;1
202300023361;155 639 179;10;16;0;3;13;1
202300023362;155 639 175;7;0;2;1;0;2
202300023362;155 639 177;7;0;0;1;0;1
202300023363;155 639 174;7;0;0;2;15;1
202300023363;155 639 176;7;0;2;3;1;1
202300023364;155 639 172;7;0;2;1;1;1
202300023364;155 639 173;7;0;2;8;10;1
202300023365;155 639 171;7;1;2;1;20;1
202300023366;155 639 169;7;0;0;5;9;1
202300023366;155 639 170;80;0;0;2;26;3
202300023367;155 639 166;7;0;0;4;2;1
202300023367;155 639 168;33;0;2;1;2;1
202300023368;155 639 165;10;0;2;1;13;1
202300023368;155 639 167;7;0;2;1;1;1
202300023369;155 639 162;2;0;2;2;1;1
202300023369;155 639 164;7;0;2;2;1;1
202300023370;155 639 160;7;3;0;1;1;1
202300023371;155 639 161;7;0;2;2;19;1
202300023371;155 639 163;33;0;2;1;1;1
202300023372;155 639 159;32;0;0;1;1;1
202300023373;155 639 158;7;5;0;1;0;1
202300023374;155 639 157;31;0;2;6;1;1
202300023375;155 639 155;7;4;0;1;1;1
202300023376;155 639 151;7;0;2;1;1;1
202300023376;155 639 153;7;0;2;3;1;1
202300023376;155 639 154;7;0;2;4;1;1
202300023377;155 639 150;10;0;2;3;5;1
202300023377;155 639 152;7;0;2;3;1;1
202300023378;155 639 149;7;3;0;2;1;1
202300023379;155 639 148;7;0;1;3;0;1
202300023380;155 639 145;7;0;2;4;2;1
202300023380;155 639 146;10;0;2;1;2;1
202300023380;155 639 147;7;0;2;4;2;1
202300023381;155 639 142;10;4;0;3;0;1
202300023382;155 639 143;7;0;2;3;11;1
202300023382;155 639 144;33;0;2;1;1;1
202300023383;155 639 141;7;3;0;1;0;1
202300023384;155 639 140;7;6;0;1;15;1
202300023385;155 639 136;7;0;2;8;1;1
202300023385;155 639 138;10;0;2;7;1;1
202300023385;155 639 139;7;0;2;4;1;1
202300023386;155 639 135;7;0;2;2;16;1
202300023386;155 639 137;2;0;2;1;18;1
202300023387;155 639 133;10;0;2;1;2;1
202300023387;155 639 134;10;0;2;4;2;1
202300023388;155 639 129;7;0;2;3;17;1
202300023388;155 639 132;33;0;2;7;17;1
202300023389;155 639 128;33;4;2;1;3;1
202300023389;155 639 130;33;4;0;4;11;1
202300023389;155 639 131;7;4;0;4;1;1
202300023390;155 639 127;99;14;1;3;19;6
202300023391;155 639 123;0;0;0;0;0;0
202300023391;155 639 125;31;0;2;1;0;0
202300023392;155 639 124;7;0;2;2;17;1
202300023392;155 639 126;10;0;2;8;15;1
202300023393;155 639 122;30;0;1;1;1;1
202300023394;155 639 121;7;13;0;1;1;1
202300023395;155 639 120;7;0;1;4;4;1
202300023396;155 639 117;7;1;0;3;13;1
202300023397;155 639 118;33;0;2;1;17;1
202300023397;155 639 119;10;0;2;2;19;1
202300023398;155 639 116;7;0;1;1;0;0
202300023399;155 639 115;2;0;0;0;2;6
202300023400;155 639 114;2;0;0;7;1;1
202300023401;155 639 110;30;0;2;1;1;1
202300023401;155 639 112;7;0;2;1;1;0
202300023402;155 639 111;7;0;2;1;5;1
202300023402;155 639 113;7;0;2;1;1;1
202300023403;155 639 109;7;0;1;2;1;1
202300023404;155 639 107;7;0;2;8;2;1
202300023404;155 639 108;34;0;2;7;2;1
202300023405;155 639 106;7;1;0;2;0;1
202300023406;155 639 100;7;0;2;1;2;-1
202300023406;155 639 102;7;0;0;4;2;0
202300023407;155 639 095;10;0;2;3;5;1
202300023407;155 639 097;7;0;2;3;1;1
202300023408;155 639 094;7;0;2;1;2;1
202300023408;155 639 096;7;0;2;4;2;1
202300023408;155 639 098;7;0;2;4;2;1
202300023409;155 639 092;7;0;2;8;9;1
202300023409;155 639 093;1;0;2;1;15;5
202300023410;155 639 090;7;8;0;1;13;1
202300023411;155 639 089;10;14;2;3;0;1
202300023411;155 639 091;7;0;2;4;23;1
202300023412;155 639 086;33;0;2;1;1;1
202300023412;155 639 088;7;0;2;2;19;1
202300023413;155 639 084;7;0;1;1;20;1
202300023414;155 639 083;7;0;2;5;2;1
202300023414;155 639 085;7;0;2;1;2;1
202300023414;155 639 087;7;0;2;4;2;2
202300023415;155 639 081;10;0;2;4;26;1
202300023415;155 639 082;33;0;2;1;23;1
202300023416;155 639 079;7;0;2;1;2;0
202300023416;155 639 080;7;0;2;4;1;0
202300023417;155 639 076;33;0;0;7;0;1
202300023418;155 639 073;7;0;2;0;0;1
202300023418;155 639 074;7;0;2;0;0;1
202300023418;155 639 075;7;0;2;1;2;1
202300023419;155 639 071;10;3;2;3;1;1
202300023419;155 639 072;13;0;2;5;9;1
202300023420;155 639 069;33;0;2;8;18;1
202300023420;155 639 070;7;0;2;7;16;1