Num_Acc;id_vehicule;catv;obs;obsm;choc;manv;motor
202300024125;155 637 820;7;0;2;8;2;1
202300024126;155 637 811;7;0;0;4;2;1
202300024126;155 637 813;7;0;2;1;2;1
202300024127;155 637 810;34;4;0;1;17;3
202300024128;155 637 807;7;0;9;1;1;6
202300024128;155 637 809;1;0;2;1;1;5
202300024129;155 637 805;7;1;0;2;1;1
202300024130;155 637 802;1;0;2;7;1;5
202300024130;155 637 806;10;0;0;3;1;1
202300024131;155 637 799;7;0;0;1;26;1
202300024131;155 637 804;7;0;0;3;20;1
202300024132;155 637 800;7;0;0;5;15;1
202300024132;155 637 803;33;0;2;1;1;1
202300024133;155 637 797;1;0;2;1;1;5
202300024133;155 637 801;10;0;2;3;1;1
202300024134;155 637 796;80;0;0;0;21;3
202300024135;155 637 795;7;0;1;1;1;1
202300024136;155 637 793;7;0;2;1;1;1
202300024136;155 637 798;7;0;0;4;0;1
202300024137;155 637 792;10;0;2;1;1;1
202300024137;155 637 794;7;7;2;3;1;1
202300024138;155 637 788;7;0;2;1;9;1
202300024138;155 637 791;30;0;2;1;1;1
202300024139;155 637 790;7;9;0;1;1;1
202300024140;155 637 789;50;0;1;1;1;3
202300024141;155 637 785;7;2;0;2;14;1
202300024141;155 637 787;10;0;2;1;23;1
202300024142;155 637 783;7;0;2;7;9;1
202300024142;155 637 786;7;0;2;3;1;1
202300024143;155 637 778;7;0;2;1;0;0
202300024143;155 637 782;7;0;1;1;26;1
202300024143;155 637 784;7;0;2;1;26;1
202300024144;155 637 780;30;0;1;1;1;4
202300024145;155 637 779;7;0;2;2;1;1
202300024145;155 637 781;7;0;2;3;1;1
202300024146;155 637 776;7;0;2;6;23;1
202300024146;155 637 777;1;0;2;1;1;5
202300024147;155 637 773;7;16;0;1;6;3
202300024148;155 637 772;50;0;2;1;1;3
202300024148;155 637 774;7;0;2;3;9;1
202300024149;155 637 771;7;3;2;7;9;1
202300024149;155 637 775;7;0;2;1;1;1
202300024150;155 637 770;34;0;0;2;1;1
202300024151;155 637 768;7;0;1;1;16;2
202300024152;155 637 767;14;0;1;7;1;1
202300024153;155 637 765;30;0;2;1;1;0
202300024153;155 637 769;0;0;2;8;18;0
202300024154;155 637 763;7;0;1;2;1;1
202300024155;155 637 761;7;0;2;1;5;1
202300024155;155 637 762;30;0;2;1;21;1
202300024156;155 637 759;7;8;2;7;0;0
202300024156;155 637 760;10;8;2;3;26;1
202300024157;155 637 756;7;0;2;2;26;0
202300024157;155 637 758;7;0;2;1;21;0
202300024158;155 637 755;7;0;1;1;1;1
202300024159;155 637 753;7;0;2;1;1;1
202300024159;155 637 757;7;0;2;4;23;0
202300024160;155 637 752;7;0;2;8;10;1
202300024160;155 637 754;43;0;2;2;1;1
202300024161;155 637 751;10;0;0;4;24;1
202300024162;155 637 748;33;0;0;1;0;1
202300024163;155 637 750;50;0;0;8;1;3
202300024164;155 637 746;7;0;1;4;24;1
202300024164;155 637 749;10;1;0;2;1;1
202300024165;155 637 747;7;14;0;1;13;1
202300024166;155 637 744;7;2;0;7;1;1
202300024167;155 637 745;7;0;1;1;15;1
202300024168;155 637 742;7;8;0;1;1;1
202300024169;155 637 741;33;0;2;1;2;1
202300024169;155 637 743;7;0;0;6;21;1
202300024170;155 637 739;7;0;2;2;16;1
202300024170;155 637 740;1;0;2;1;1;5
202300024171;155 637 734;7;0;2;1;1;1
202300024171;155 637 738;7;0;0;5;1;1
202300024172;155 637 732;1;0;2;0;1;5
202300024172;155 637 736;7;0;9;0;1;0
202300024173;155 637 733;30;0;2;1;1;1
202300024173;155 637 737;7;0;2;5;9;1
202300024174;155 637 731;7;0;2;3;1;1
202300024174;155 637 735;7;0;2;1;1;1
202300024175;155 637 728;30;0;1;0;17;1
202300024176;155 637 729;10;0;1;4;20;1
202300024177;155 637 727;7;0;1;2;1;1
202300024178;155 637 726;7;13;2;1;1;1
202300024178;155 637 730;7;13;2;8;1;1
202300024179;155 637 724;30;0;1;1;1;1
202300024180;155 637 725;35;15;0;8;1;1
202300024181;155 637 721;7;2;0;1;1;1
202300024182;155 637 722;32;0;1;1;2;1
202300024183;155 637 718;17;0;2;7;1;1
202300024183;155 637 720;7;0;2;3;9;1
202300024184;155 637 719;10;0;2;3;1;1
202300024184;155 637 723;7;0;2;2;1;1
202300024185;155 637 715;2;0;2;1;1;1
202300024185;155 637 717;7;0;2;2;1;1
202300024186;155 637 714;7;2;0;1;2;1
202300024187;155 637 712;1;0;2;8;1;5
202300024187;155 637 716;7;0;9;1;16;1
202300024188;155 637 710;31;0;2;7;12;1
202300024188;155 637 713;7;0;2;8;1;1
202300024189;155 637 709;7;0;2;3;26;0
202300024189;155 637 711;1;0;2;1;21;5
202300024190;155 637 702;33;0;2;4;17;1
202300024190;155 637 705;34;0;2;1;13;1
202300024191;155 637 704;7;0;2;4;1;1
202300024191;155 637 708;2;0;2;1;1;1
202300024192;155 637 701;7;0;2;3;2;1
202300024192;155 637 706;15;0;2;6;2;1
202300024193;155 637 703;33;0;2;1;2;1
202300024193;155 637 707;7;0;2;4;2;1
202300024194;155 637 696;7;0;1;1;1;1
202300024195;155 637 697;33;0;0;8;1;1
202300024196;155 637 699;7;0;2;1;2;1
202300024196;155 637 700;7;0;2;4;23;1
202300024197;155 637 695;7;0;1;1;1;1
202300024198;155 637 694;33;0;2;1;1;1
202300024198;155 637 698;33;0;0;4;1;1
202300024199;155 637 692;10;0;0;0;1;1
202300024200;155 637 690;33;0;1;1;1;1
202300024201;155 637 689;3;15;0;2;26;1
202300024202;155 637 688;10;0;2;2;1;1
202300024202;155 637 691;15;0;2;5;23;1
202300024203;155 637 687;7;0;0;3;16;0
202300024203;155 637 693;31;0;2;1;2;0
202300024204;155 637 686;7;2;0;1;14;1
202300024205;155 637 685;10;0;1;2;1;1
202300024206;155 637 682;7;0;2;0;0;0
202300024206;155 637 683;7;6;2;0;21;1
202300024207;155 637 681;7;0;1;2;1;1
202300024208;155 637 680;10;0;2;7;10;1
202300024208;155 637 684;33;0;2;9;1;1
202300024209;155 637 679;7;0;1;3;1;1
202300024210;155 637 678;7;14;0;2;2;0
202300024211;155 637 675;30;0;1;3;1;1
202300024212;155 637 674;2;0;2;1;1;1
202300024212;155 637 677;7;0;2;3;15;1
202300024213;155 637 672;7;0;2;8;19;1
202300024213;155 637 676;7;0;2;1;1;1
202300024214;155 637 670;10;0;2;6;16;1
202300024214;155 637 673;33;0;2;1;1;1
202300024215;155 637 667;7;0;2;2;1;1
202300024215;155 637 669;7;0;2;6;15;1
202300024216;155 637 668;7;0;9;2;0;1
202300024217;155 637 666;7;0;2;1;1;0
202300024217;155 637 671;7;0;2;3;1;1
202300024218;155 637 664;7;0;2;8;9;1
202300024218;155 637 665;7;0;2;1;1;2
202300024219;155 637 662;10;13;0;1;21;1
202300024220;155 637 658;7;0;1;1;1;1
202300024221;155 637 660;7;0;1;3;1;2
202300024222;155 637 656;14;0;9;1;1;1
202300024222;155 637 657;1;0;2;1;19;5
202300024223;155 637 653;7;0;1;1;15;1
202300024224;155 637 655;33;8;0;1;1;1
202300024225;155 637 651;7;0;1;3;1;2
202300024226;155 637 652;31;0;2;7;12;1
202300024226;155 637 654;10;0;2;0;0;0
202300024227;155 637 650;7;0;1;0;0;1
202300024228;155 637 647;7;0;2;2;17;1
202300024228;155 637 649;7;0;2;3;1;1
202300024229;155 637 645;31;0;2;3;13;1
202300024229;155 637 648;7;0;2;3;1;1
202300024230;155 637 644;7;0;1;7;0;1
202300024231;155 637 643;7;0;2;8;1;1
202300024231;155 637 646;33;0;2;1;1;1
202300024232;155 637 642;7;8;0;3;1;1
202300024233;155 637 640;7;13;0;9;13;1
202300024234;155 637 635;1;0;2;7;1;5
202300024234;155 637 637;7;0;2;1;1;1
202300024235;155 637 636;7;0;2;1;19;0
202300024235;155 637 638;32;0;2;5;1;0
202300024236;155 637 634;10;6;0;1;14;1
202300024237;155 637 629;7;0;2;8;1;1
202300024237;155 637 632;7;0;2;2;9;1
202300024238;155 637 628;32;0;2;3;1;1
202300024238;155 637 631;7;0;2;2;15;1
202300024239;155 637 626;7;0;2;3;19;1
202300024239;155 637 633;7;0;2;1;1;1
202300024240;155 637 621;7;0;2;1;2;1
202300024240;155 637 624;7;0;2;2;15;1
202300024241;155 637 622;33;0;2;1;1;1
202300024241;155 637 623;7;0;2;3;15;1
202300024242;155 637 620;7;0;0;0;1;1
202300024243;155 637 618;7;0;1;1;17;1
202300024244;155 637 617;7;0;0;6;1;1
202300024244;155 637 619;33;0;2;7;15;1
202300024245;155 637 616;33;13;0;1;9;4
202300024246;155 637 615;7;12;1;4;23;1
202300024247;155 637 613;30;0;2;1;1;1
202300024247;155 637 614;7;0;2;3;15;1
202300024248;155 637 610;7;0;2;0;15;0
202300024248;155 637 611;7;0;2;3;0;1
202300024249;155 637 609;33;0;0;4;23;1
202300024249;155 637 612;7;0;2;1;2;1
202300024250;155 637 606;1;0;2;7;2;5
202300024250;155 637 607;7;0;2;1;16;1
202300024251;155 637 605;7;2;0;1;0;1
202300024252;155 637 603;7;0;2;3;13;1
202300024252;155 637 608;7;0;2;3;1;1
202300024253;155 637 600;3;13;0;3;14;1
202300024254;155 637 601;7;0;2;1;26;1
202300024254;155 637 604;7;3;2;1;26;1
202300024255;155 637 599;7;0;2;1;1;1
202300024255;155 637 602;7;0;2;7;1;1
202300024256;155 637 598;7;2;0;3;1;1
202300024257;155 637 595;7;0;1;1;1;1
202300024258;155 637 594;7;0;2;3;13;1
202300024258;155 637 597;3;0;2;1;1;1
202300024259;155 637 593;7;0;2;4;1;1
202300024259;155 637 596;13;0;2;1;1;1
202300024260;155 637 591;7;8;0;3;13;1
202300024261;155 637 587;10;0;2;7;15;1
202300024261;155 637 590;2;0;2;1;1;1
202300024262;155 637 586;33;0;2;1;1;1
202300024262;155 637 592;7;0;2;3;19;1
202300024263;155 637 588;7;0;2;3;2;1
202300024263;155 637 589;7;0;0;4;15;1
202300024264;155 637 584;10;0;2;1;13;0
202300024264;155 637 585;7;0;2;1;1;1
202300024265;155 637 582;15;0;2;2;12;1
202300024265;155 637 583;7;0;2;6;1;1
202300024266;155 637 580;7;0;1;1;1;1
202300024267;155 637 577;7;3;0;1;1;1
202300024268;155 637 576;17;0;2;1;1;0
202300024268;155 637 579;7;0;2;8;19;1
202300024269;155 637 575;7;0;2;1;2;1
202300024269;155 637 578;7;0;2;1;1;1
202300024269;155 637 581;10;0;2;4;1;1
202300024270;155 637 573;7;2;0;3;1;1
202300024271;155 637 572;7;0;0;5;2;1
202300024271;155 637 574;7;0;2;3;2;1
202300024272;155 637 569;7;0;2;3;1;1
202300024272;155 637 571;7;0;2;1;1;1
202300024273;155 637 566;1;0;2;1;1;5
202300024273;155 637 568;7;0;9;3;17;3
202300024274;155 637 565;7;13;0;9;1;1
202300024275;155 637 567;7;0;2;3;9;0
202300024275;155 637 570;1;0;2;7;2;5
202300024276;155 637 564;14;13;0;8;1;1
202300024277;155 637 563;7;0;1;7;0;1
202300024278;155 637 560;2;0;0;9;1;1
202300024279;155 637 561;33;12;0;0;1;1
202300024280;155 637 559;1;0;2;1;1;5
202300024280;155 637 562;7;0;2;2;15;1
202300024281;155 637 557;31;0;2;2;5;1
202300024281;155 637 558;7;0;2;2;1;1
202300024282;155 637 555;7;2;-1;1;1;1
202300024283;155 637 554;7;0;1;2;9;0
202300024284;155 637 551;7;0;0;0;1;1
202300024285;155 637 550;7;0;2;1;1;1
202300024285;155 637 552;7;0;2;2;13;1
202300024286;155 637 549;7;7;0;1;14;1
202300024287;155 637 548;7;13;0;9;1;1
202300024288;155 637 547;7;0;1;1;1;1
202300024289;155 637 546;7;0;1;7;1;1
202300024290;155 637 543;7;6;0;9;1;0
202300024291;155 637 541;3;5;0;8;1;1
202300024292;155 637 539;7;0;1;1;1;0
202300024293;155 637 540;7;0;2;1;1;1
202300024293;155 637 544;7;0;2;5;15;1
202300024293;155 637 545;7;0;2;3;1;1
202300024294;155 637 538;7;0;2;7;23;1
202300024294;155 637 542;7;13;2;2;1;1
202300024295;155 637 535;33;16;0;0;1;1
202300024296;155 637 532;7;2;0;7;1;1
202300024297;155 637 533;33;0;2;1;1;1
202300024297;155 637 536;14;0;2;4;4;1
202300024298;155 637 530;1;13;0;0;1;5
202300024299;155 637 531;7;0;2;1;13;2
202300024299;155 637 534;7;0;2;6;1;1
202300024299;155 637 537;7;0;2;1;1;1
202300024300;155 637 528;10;2;0;3;13;1
202300024301;155 637 526;7;0;2;2;15;1
202300024301;155 637 527;30;0;2;1;1;1
202300024302;155 637 524;2;0;2;8;1;1
202300024302;155 637 529;7;0;2;8;1;1
202300024303;155 637 523;14;0;2;3;1;1
202300024303;155 637 525;7;0;2;3;13;1
202300024304;155 637 521;10;0;0;8;15;1
202300024304;155 637 522;32;0;2;2;17;1
202300024305;155 637 519;31;0;0;0;1;1
202300024306;155 637 517;33;0;2;3;15;1
202300024306;155 637 520;7;0;2;1;13;1
202300024307;155 637 516;2;0;2;8;1;1
202300024307;155 637 518;7;7;2;8;17;1
202300024308;155 637 514;7;0;2;3;1;1
202300024308;155 637 515;7;0;2;3;1;1
202300024309;155 637 512;7;13;0;3;1;0
202300024310;155 637 511;7;14;0;9;14;1
202300024311;155 637 510;7;0;2;1;1;1
202300024311;155 637 513;7;0;2;8;15;2
202300024312;155 637 507;7;6;0;1;1;1
202300024313;155 637 508;7;1;0;1;5;1
202300024313;155 637 509;14;0;2;4;24;1
202300024314;155 637 506;7;12;0;1;17;1
202300024315;155 637 503;7;0;2;2;0;0
202300024315;155 637 505;15;0;2;3;13;0
202300024316;155 637 502;7;17;0;2;1;1
202300024317;155 637 501;33;15;0;1;14;1
202300024318;155 637 500;33;0;2;1;1;1
202300024318;155 637 504;7;0;2;3;15;0
202300024319;155 637 498;7;0;2;1;9;0
202300024319;155 637 499;2;0;2;7;1;-1
202300024320;155 637 496;7;15;0;9;13;1
202300024321;155 637 495;7;4;0;2;1;1
202300024322;155 637 494;33;13;2;1;17;1
202300024322;155 637 497;17;0;2;2;13;1
202300024323;155 637 493;7;0;1;1;2;1
202300024324;155 637 490;7;2;0;3;0;0
202300024325;155 637 492;7;2;0;0;2;1
202300024326;155 637 485;7;0;2;3;1;1
202300024326;155 637 486;7;0;2;3;1;1
202300024327;155 637 487;7;0;2;1;1;1
202300024327;155 637 491;7;0;2;5;19;1
202300024328;155 637 483;7;0;1;1;1;1
202300024329;155 637 482;7;0;1;1;1;1
202300024330;155 637 481;7;0;2;8;2;3
202300024330;155 637 484;7;0;2;1;15;1
202300024331;155 637 480;7;13;9;0;1;1
202300024332;155 637 478;15;13;0;0;13;1
202300024333;155 637 477;7;0;2;1;5;1
202300024333;155 637 479;15;0;2;1;1;1
202300024334;155 637 472;7;0;2;1;1;1
202300024334;155 637 473;15;0;0;6;1;1
202300024334;155 637 476;33;0;0;1;1;1
202300024335;155 637 471;7;0;9;2;17;1
202300024335;155 637 474;1;0;2;3;1;5
202300024336;155 637 470;7;0;2;8;1;1
202300024336;155 637 475;7;0;2;1;1;1
202300024337;155 637 468;10;4;1;3;1;1
202300024338;155 637 467;7;13;0;1;1;1
202300024339;155 637 466;7;0;0;2;17;1
202300024339;155 637 469;10;0;0;2;15;0
202300024340;155 637 463;7;0;2;3;19;2
202300024340;155 637 465;2;0;2;1;13;1
202300024341;155 637 460;7;2;0;8;1;1
202300024342;155 637 457;7;4;0;1;1;1
202300024342;155 637 458;7;1;2;3;1;1
202300024342;155 637 461;7;4;0;5;1;1
202300024342;155 637 462;10;0;2;4;1;1
202300024342;155 637 464;17;0;0;6;24;1
202300024343;155 637 456;7;0;2;1;1;1
202300024343;155 637 459;7;0;2;1;1;1
202300024344;155 637 453;7;0;2;2;2;1
202300024344;155 637 454;17;0;2;4;2;1
202300024345;155 637 452;7;0;2;3;1;1
202300024345;155 637 455;7;0;2;6;9;1
202300024346;155 637 449;33;0;2;8;13;1
202300024346;155 637 450;32;0;2;3;15;1
202300024347;155 637 447;80;0;0;0;0;3
202300024348;155 637 448;7;0;2;1;1;1
202300024348;155 637 451;7;0;2;1;1;1
202300024349;155 637 441;7;0;2;3;5;1
202300024349;155 637 444;7;0;2;2;1;1
202300024350;155 637 442;2;0;0;8;26;1
202300024351;155 637 440;7;0;2;3;0;1
202300024351;155 637 445;7;0;2;8;1;1
202300024352;155 637 439;7;0;2;8;19;1
202300024352;155 637 443;38;7;2;2;1;1
202300024352;155 637 446;7;0;0;0;1;1
202300024353;155 637 437;34;0;2;1;1;1
202300024353;155 637 438;32;0;2;1;17;1
202300024354;155 637 435;7;13;0;3;11;1
202300024355;155 637 434;10;0;2;2;21;1
202300024355;155 637 436;1;0;2;4;0;5
202300024356;155 637 433;7;0;1;1;1;1
202300024357;155 637 432;7;0;1;1;21;1
202300024358;155 637 431;13;0;0;0;17;1
202300024359;155 637 429;7;0;1;1;1;1
202300024360;155 637 428;7;2;0;8;1;1
202300024361;155 637 427;10;0;2;1;17;1
202300024361;155 637 430;38;0;2;1;1;1
202300024362;155 637 426;7;15;0;2;1;1
202300024363;155 637 424;7;2;2;1;5;1
202300024363;155 637 425;7;0;2;1;1;1
202300024364;155 637 420;2;0;0;7;1;1
202300024365;155 637 419;7;0;2;2;18;1
202300024365;155 637 423;7;0;2;3;15;1
202300024366;155 637 418;33;0;0;1;1;1
202300024366;155 637 422;15;0;0;6;19;1
202300024367;155 637 417;10;0;2;1;1;1
202300024367;155 637 421;17;3;0;9;6;1
202300024368;155 637 416;7;0;1;3;16;1
202300024369;155 637 412;7;0;2;1;1;1
202300024369;155 637 414;14;0;0;4;1;1
202300024370;155 637 410;10;0;2;3;19;1
202300024370;155 637 413;7;1;2;2;1;1
202300024371;155 637 411;2;0;2;1;1;1
202300024371;155 637 415;7;0;2;2;19;1
202300024372;155 637 408;7;0;2;3;13;1
202300024372;155 637 409;7;0;2;3;1;1
202300024373;155 637 406;7;2;0;1;14;1
202300024374;155 637 405;7;0;1;3;1;1
202300024375;155 637 404;10;3;2;1;11;1
202300024375;155 637 407;13;0;0;0;1;1
202300024376;155 637 403;33;0;0;0;1;1
202300024377;155 637 399;7;0;0;4;26;1
202300024377;155 637 402;20;0;2;1;2;1
202300024378;155 637 398;7;0;2;1;1;1
202300024378;155 637 401;7;0;2;4;1;1
202300024379;155 637 397;7;0;6;7;21;1
202300024380;155 637 394;7;6;0;1;0;1
202300024381;155 637 392;7;0;2;3;1;1
202300024381;155 637 395;7;0;0;0;1;1
202300024381;155 637 396;7;14;0;1;1;1
202300024381;155 637 400;7;0;0;1;2;1
202300024382;155 637 390;7;0;2;1;1;1
202300024382;155 637 391;31;0;2;1;1;1
202300024383;155 637 386;17;0;2;3;1;6
202300024383;155 637 389;17;0;2;2;13;1
202300024384;155 637 384;7;0;2;1;13;1
202300024384;155 637 387;31;0;2;1;13;0
202300024385;155 637 385;1;0;2;6;1;5
202300024385;155 637 388;0;0;2;0;1;0
202300024386;155 637 380;14;0;2;1;2;1
202300024386;155 637 381;7;0;2;9;2;1
202300024386;155 637 383;17;0;2;4;2;1
202300024387;155 637 378;7;6;0;1;14;2
202300024388;155 637 377;7;0;2;2;19;1
202300024388;155 637 382;7;0;2;3;1;1
202300024389;155 637 376;7;0;2;2;0;1
202300024389;155 637 379;1;0;0;4;0;5
202300024390;155 637 374;7;0;2;4;9;1
202300024390;155 637 375;7;0;2;1;9;1
202300024391;155 637 371;7;0;9;2;15;1
202300024391;155 637 373;1;0;2;1;1;5
202300024392;155 637 372;7;11;0;1;1;1
202300024393;155 637 368;7;0;2;4;2;1
202300024393;155 637 369;7;0;2;1;2;1
202300024394;155 637 366;33;0;0;1;0;1
202300024395;155 637 363;7;0;1;3;0;1
202300024396;155 637 365;7;0;2;7;1;1
202300024396;155 637 367;33;0;2;1;1;1
202300024397;155 637 359;7;0;2;5;1;1
202300024397;155 637 360;7;0;2;4;2;1
202300024397;155 637 361;7;0;2;6;2;1
202300024397;155 637 362;14;0;2;2;2;1
202300024397;155 637 364;7;0;2;2;21;1
202300024398;155 637 358;7;13;0;2;1;3
202300024399;155 637 357;17;0;1;2;1;1
202300024400;155 637 354;7;0;2;6;9;0
202300024400;155 637 356;15;0;2;2;1;0
202300024401;155 637 352;31;3;0;1;1;1
202300024402;155 637 353;7;0;2;6;19;1
202300024402;155 637 355;7;0;2;1;19;1
202300024403;155 637 348;33;0;2;8;13;1
202300024403;155 637 350;7;1;2;7;1;1
202300024404;155 637 349;7;0;2;2;2;0
202300024404;155 637 351;7;0;0;6;1;0
202300024405;155 637 346;10;2;0;2;14;1
202300024406;155 637 344;2;0;2;2;1;3
202300024406;155 637 347;7;0;2;3;1;1
202300024407;155 637 342;15;0;2;4;1;1
202300024407;155 637 345;7;0;2;1;1;1
202300024408;155 637 338;7;4;0;1;1;4
202300024409;155 637 337;7;2;0;1;1;1
202300024410;155 637 334;7;0;2;2;12;1
202300024410;155 637 336;7;0;2;6;1;1
202300024411;155 637 335;1;0;0;0;23;5
202300024412;155 637 330;7;3;0;1;9;1
202300024413;155 637 332;10;2;0;1;0;1
202300024414;155 637 331;7;0;2;7;19;1
202300024414;155 637 333;7;0;2;1;1;1
202300024415;155 637 328;7;4;0;1;1;1
202300024416;155 637 329;10;0;1;1;1;1
202300024417;155 637 325;7;4;0;1;14;1
202300024418;155 637 327;7;2;0;1;1;1
202300024419;155 637 324;10;0;1;5;4;1
202300024420;155 637 323;7;0;2;3;13;1
202300024420;155 637 326;7;0;2;3;1;1
202300024421;155 637 322;7;4;0;2;1;1
202300024422;155 637 320;33;0;1;3;1;1
202300024423;155 637 318;7;4;0;8;17;1
202300024424;155 637 319;7;0;2;3;11;1
202300024424;155 637 321;34;0;2;7;17;1
202300024425;155 637 315;32;0;1;1;11;1
202300024426;155 637 316;7;0;2;1;1;1
202300024426;155 637 317;30;0;2;4;1;1
202300024427;155 637 312;7;0;2;1;1;1
202300024427;155 637 313;7;0;2;4;1;1
202300024427;155 637 314;7;0;2;1;1;1
202300024428;155 637 311;33;0;0;0;0;1
202300024429;155 637 310;10;0;1;4;20;1
202300024430;155 637 307;31;0;2;8;1;1
202300024430;155 637 308;7;0;2;7;0;0
202300024431;155 637 306;15;0;2;6;23;1
202300024431;155 637 309;7;0;2;1;2;1
202300024432;155 637 304;2;0;0;1;1;0
202300024433;155 637 303;33;0;2;1;3;1
202300024433;155 637 305;7;0;2;6;15;1
202300024434;155 637 302;10;2;0;8;0;1
202300024435;155 637 299;7;0;2;5;16;1
202300024435;155 637 301;60;0;0;0;1;5
202300024436;155 637 297;7;0;1;1;1;1
202300024437;155 637 295;7;0;2;1;23;1
202300024437;155 637 298;7;1;0;1;13;1
202300024438;155 637 292;7;0;1;1;1;1
202300024439;155 637 291;33;0;2;0;0;1
202300024439;155 637 294;7;0;2;3;1;1
202300024440;155 637 288;7;8;0;1;13;1
202300024441;155 637 286;30;8;0;1;1;1
202300024442;155 637 285;7;0;2;7;19;1
202300024442;155 637 287;7;0;2;1;19;1
202300024443;155 637 281;7;0;2;1;19;1
202300024443;155 637 283;7;0;2;7;1;1
202300024444;155 637 282;10;0;2;3;21;1
202300024444;155 637 284;10;0;2;1;2;1
202300024444;155 637 289;7;0;2;5;2;1
202300024444;155 637 290;10;0;2;7;2;1
202300024444;155 637 293;7;0;2;6;2;1
202300024444;155 637 296;10;0;2;4;0;1
202300024444;155 637 300;7;0;2;7;21;1
202300024445;155 637 280;1;0;0;0;21;5
202300024446;155 637 279;7;0;1;1;15;3
202300024447;155 637 277;7;0;2;3;11;1
202300024447;155 637 278;31;0;2;2;1;1
202300024448;155 637 276;33;0;9;1;16;1
202300024449;155 637 272;7;0;1;3;15;1
202300024450;155 637 273;7;0;2;2;16;1
202300024450;155 637 274;30;0;2;3;18;1
202300024451;155 637 271;33;13;0;0;1;0
202300024452;155 637 270;7;0;2;4;2;1
202300024452;155 637 275;7;0;2;1;1;1
202300024453;155 637 269;50;0;0;1;14;3
202300024454;155 637 267;10;0;2;3;14;1
202300024454;155 637 268;50;0;2;8;23;3
202300024455;155 637 265;7;0;1;1;1;1
202300024456;155 637 262;31;0;2;1;8;1
202300024456;155 637 264;7;0;2;7;15;1
202300024456;155 637 266;7;0;2;2;26;0
202300024457;155 637 259;7;0;1;5;20;0
202300024458;155 637 256;17;0;2;1;1;1
202300024458;155 637 258;17;0;2;4;1;1
202300024458;155 637 260;7;0;2;4;1;1
202300024459;155 637 252;7;0;2;3;15;1
202300024459;155 637 257;32;0;2;2;1;1
202300024460;155 637 253;7;0;2;3;1;1
202300024460;155 637 255;1;0;2;2;1;5
202300024461;155 637 251;7;0;2;1;1;1
202300024461;155 637 254;7;0;2;3;1;2
202300024462;155 637 250;7;14;0;1;26;1
202300024463;155 637 248;7;0;1;1;1;1
202300024464;155 637 246;31;0;2;1;1;1
202300024464;155 637 247;7;0;2;2;15;1
202300024465;155 637 245;7;0;2;8;1;1
202300024465;155 637 249;7;0;2;1;1;1
202300024466;155 637 244;17;0;1;1;1;1
202300024467;155 637 236;1;0;2;6;2;5
202300024467;155 637 238;1;0;2;5;2;5
202300024467;155 637 241;10;0;2;2;2;1
202300024468;155 637 235;34;0;2;1;2;1
202300024468;155 637 239;10;0;2;6;2;1
202300024469;155 637 232;7;8;2;1;15;1
202300024469;155 637 233;7;0;2;8;1;1
202300024469;155 637 237;37;0;2;8;0;0
202300024470;155 637 228;7;0;2;1;1;1
202300024470;155 637 229;14;0;2;4;1;1
202300024471;155 637 227;21;1;0;1;1;1
202300024471;155 637 231;35;0;0;4;24;1
202300024472;155 637 226;10;0;1;1;12;1
202300024473;155 637 221;7;0;1;1;1;1
202300024474;155 637 222;7;0;2;8;11;1
202300024474;155 637 223;34;0;2;7;3;1
202300024475;155 637 219;7;12;0;3;13;1
202300024476;155 637 218;7;0;2;0;0;0
202300024476;155 637 220;7;0;2;0;0;1
202300024477;155 637 216;7;0;1;1;15;1
202300024478;155 637 214;7;8;0;1;1;1
202300024479;155 637 213;2;0;2;7;1;1
202300024479;155 637 217;7;0;2;1;1;1
202300024480;155 637 212;7;0;2;4;2;1
202300024480;155 637 215;7;0;2;1;2;1
202300024481;155 637 210;7;0;2;3;1;1
202300024481;155 637 211;7;0;2;3;1;1
202300024482;155 637 208;7;0;1;2;0;1
202300024483;155 637 207;17;4;0;1;1;1
202300024484;155 637 206;7;0;2;4;2;1
202300024484;155 637 209;7;0;2;1;2;1
202300024485;155 637 204;7;0;0;3;1;0
202300024485;155 637 205;10;0;0;3;1;1
202300024486;155 637 200;7;0;2;1;2;1
202300024486;155 637 203;7;0;2;4;23;1
202300024487;155 637 199;7;0;2;4;2;1
202300024487;155 637 202;7;0;2;1;2;1
202300024488;155 637 198;7;0;2;8;26;1
202300024488;155 637 201;7;0;2;2;1;1
202300024489;155 637 197;7;0;1;2;0;1
202300024490;155 637 194;37;0;0;4;1;1
202300024490;155 637 196;7;0;0;1;0;0
202300024491;155 637 193;10;0;2;1;2;1
202300024491;155 637 195;10;0;0;4;1;1
202300024492;155 637 190;7;0;2;4;1;0
202300024492;155 637 192;7;0;2;1;1;0
202300024493;155 637 189;1;0;2;7;1;5
202300024493;155 637 191;10;0;9;1;2;1
202300024494;155 637 186;7;0;2;1;2;1
202300024494;155 637 188;13;0;2;4;1;1
202300024495;155 637 185;2;0;2;4;1;0
202300024495;155 637 187;7;0;0;4;1;-1
202300024496;155 637 181;7;0;2;1;1;1
202300024496;155 637 183;7;0;2;8;1;1
202300024497;155 637 182;33;0;2;1;1;1
202300024497;155 637 184;7;0;2;5;15;1