Num_Acc;id_vehicule;catv;obs;obsm;choc;manv;motor
202300024498;155 637 179;33;0;2;1;3;1
202300024498;155 637 180;7;0;2;5;1;0
202300024499;155 637 178;17;3;0;3;0;1
202300024500;155 637 175;7;0;2;7;1;1
202300024500;155 637 177;1;0;2;1;11;5
202300024501;155 637 174;31;0;2;1;1;1
202300024501;155 637 176;7;0;2;3;1;1
202300024502;155 637 168;7;0;2;4;2;1
202300024502;155 637 171;7;0;2;4;2;3
202300024502;155 637 173;10;0;2;1;2;1
202300024503;155 637 166;7;0;2;3;23;1
202300024503;155 637 170;33;0;2;7;23;1
202300024504;155 637 164;7;13;0;1;1;0
202300024505;155 637 160;7;0;2;2;12;0
202300024505;155 637 163;33;0;2;8;3;0
202300024506;155 637 159;7;0;2;2;14;0
202300024506;155 637 161;32;0;2;6;1;0
202300024507;155 637 155;10;0;1;1;15;1
202300024508;155 637 153;33;0;2;2;21;1
202300024508;155 637 156;7;0;2;6;1;1
202300024509;155 637 152;2;0;2;1;19;1
202300024509;155 637 157;7;0;2;3;19;1
202300024510;155 637 154;7;0;2;3;9;1
202300024510;155 637 158;33;0;2;1;17;3
202300024511;155 637 150;7;4;0;2;2;1
202300024512;155 637 151;7;0;1;0;15;1
202300024513;155 637 149;7;0;1;1;17;1
202300024514;155 637 146;33;0;0;8;1;1
202300024515;155 637 145;7;13;0;1;1;1
202300024516;155 637 144;37;0;1;1;1;1
202300024517;155 637 138;16;4;2;4;2;1
202300024517;155 637 141;17;4;2;1;2;1
202300024518;155 637 137;7;0;2;1;1;1
202300024518;155 637 142;10;0;2;8;19;1
202300024519;155 637 135;32;13;0;9;1;6
202300024520;155 637 131;7;0;1;3;15;1
202300024521;155 637 129;7;2;0;3;1;1
202300024522;155 637 128;14;0;2;1;1;1
202300024522;155 637 132;7;0;2;1;1;0
202300024522;155 637 134;10;0;2;4;1;1
202300024522;155 637 136;7;0;2;4;2;-1
202300024522;155 637 140;7;0;2;4;2;0
202300024522;155 637 143;7;0;2;4;2;0
202300024522;155 637 147;7;0;2;4;0;0
202300024522;155 637 148;10;0;2;4;2;0
202300024523;155 637 126;7;1;1;1;1;1
202300024524;155 637 125;7;0;2;4;2;1
202300024524;155 637 127;7;0;2;4;2;1
202300024524;155 637 130;7;0;2;4;2;1
202300024524;155 637 133;7;0;2;1;2;1
202300024525;155 637 123;7;0;0;6;2;1
202300024525;155 637 124;7;1;2;1;2;1
202300024526;155 637 122;10;0;1;1;1;1
202300024527;155 637 116;1;0;1;1;1;5
202300024528;155 637 117;7;0;2;2;1;1
202300024528;155 637 120;32;16;0;4;1;1
202300024529;155 637 115;7;0;9;3;9;1
202300024529;155 637 119;33;0;2;1;17;1
202300024530;155 637 113;10;0;2;1;1;1
202300024530;155 637 114;10;0;2;4;1;1
202300024530;155 637 118;7;0;2;4;1;1
202300024530;155 637 121;7;0;2;4;1;1
202300024531;155 637 109;7;0;2;3;15;1
202300024531;155 637 112;7;0;2;1;1;1
202300024532;155 637 107;7;0;1;1;1;1
202300024533;155 637 108;7;1;0;1;1;1
202300024534;155 637 106;7;0;2;4;1;1
202300024534;155 637 110;7;0;2;4;2;1
202300024534;155 637 111;7;0;2;3;2;1
202300024535;155 637 102;7;0;2;1;15;1
202300024535;155 637 105;7;0;2;1;1;1
202300024536;155 637 099;7;0;2;5;2;1
202300024536;155 637 101;10;0;2;3;2;1
202300024536;155 637 103;7;0;2;3;1;1
202300024537;155 637 097;1;0;2;7;1;5
202300024537;155 637 104;7;0;2;1;1;1
202300024538;155 637 096;7;0;2;1;2;1
202300024538;155 637 098;7;0;2;4;23;1
202300024539;155 637 095;7;0;9;1;15;1
202300024539;155 637 100;1;0;2;1;1;5
202300024540;155 637 093;7;0;2;2;12;1
202300024540;155 637 094;33;0;2;8;3;1
202300024541;155 637 090;7;0;9;3;15;1
202300024541;155 637 092;2;0;2;7;1;0
202300024542;155 637 089;7;0;2;2;15;1
202300024542;155 637 091;7;0;2;1;1;1
202300024543;155 637 086;7;0;2;2;15;0
202300024543;155 637 088;32;0;2;1;1;1
202300024544;155 637 085;7;0;2;4;2;1
202300024544;155 637 087;7;0;2;1;2;1
202300024545;155 637 082;7;0;2;3;15;1
202300024545;155 637 084;1;0;2;3;23;0
202300024546;155 637 081;7;0;2;3;1;0
202300024546;155 637 083;7;0;2;6;4;0
202300024547;155 637 080;7;0;0;3;20;1
202300024548;155 637 079;7;4;0;1;21;1
202300024549;155 637 074;7;0;2;7;19;1
202300024549;155 637 077;1;0;2;1;1;5
202300024550;155 637 071;33;0;2;0;1;1
202300024550;155 637 075;7;0;2;6;1;1
202300024551;155 637 069;10;0;9;1;2;1
202300024551;155 637 072;33;0;2;4;2;1
202300024552;155 637 068;7;0;2;8;0;1
202300024552;155 637 070;31;0;2;1;21;1
202300024552;155 637 073;7;0;2;1;1;2
202300024552;155 637 076;7;0;2;1;1;1
202300024552;155 637 078;7;0;2;1;1;1
202300024553;155 637 066;7;0;2;3;1;1
202300024553;155 637 067;7;0;2;3;15;1
202300024554;155 637 065;1;0;0;0;0;5
202300024555;155 637 064;10;3;0;3;13;1
202300024556;155 637 062;7;0;2;7;1;1
202300024556;155 637 063;7;0;2;8;20;1
202300024557;155 637 061;7;0;1;2;26;1
202300024558;155 637 058;7;0;2;1;2;0
202300024558;155 637 060;17;0;2;4;2;0
202300024559;155 637 057;7;0;2;3;16;1
202300024559;155 637 059;10;0;2;2;1;1
202300024560;155 637 055;7;0;1;3;1;1
202300024561;155 637 054;7;0;2;1;16;1
202300024561;155 637 056;7;0;2;1;1;1
202300024562;155 637 053;37;0;1;7;23;0
202300024563;155 637 051;7;0;1;2;1;1
202300024564;155 637 050;7;0;2;8;1;1
202300024564;155 637 052;7;0;2;3;15;1
202300024565;155 637 047;7;0;2;3;5;1
202300024565;155 637 049;33;0;2;3;1;1
202300024566;155 637 046;10;0;2;1;1;1
202300024566;155 637 048;34;0;2;4;1;1
202300024567;155 637 045;3;15;0;9;9;1
202300024568;155 637 041;7;0;2;1;2;1
202300024568;155 637 044;7;0;2;4;2;1
202300024569;155 637 040;7;0;0;3;0;0
202300024569;155 637 043;2;0;2;3;17;0
202300024570;155 637 038;33;0;1;1;1;1
202300024571;155 637 037;33;0;0;2;1;1
202300024572;155 637 035;7;0;1;2;1;1
202300024573;155 637 030;10;0;2;2;2;0
202300024573;155 637 032;17;0;0;6;1;0
202300024574;155 637 029;7;0;2;3;1;1
202300024574;155 637 031;7;0;2;3;1;1
202300024575;155 637 025;7;0;1;1;1;1
202300024576;155 637 024;10;0;2;3;11;1
202300024576;155 637 027;32;0;2;2;1;1
202300024577;155 637 023;7;0;2;3;9;1
202300024577;155 637 034;1;0;2;2;1;5
202300024578;155 637 022;7;0;0;6;1;0
202300024578;155 637 026;31;0;2;1;1;0
202300024579;155 637 018;32;0;2;6;1;1
202300024579;155 637 020;7;0;2;2;12;1
202300024580;155 637 017;7;2;0;5;0;1
202300024581;155 637 015;7;0;2;4;2;1
202300024581;155 637 016;7;0;2;4;2;1
202300024581;155 637 019;7;0;2;4;2;1
202300024581;155 637 021;7;0;2;1;2;1
202300024582;155 637 013;7;0;0;4;1;1
202300024583;155 637 009;7;0;2;8;23;1
202300024583;155 637 011;31;0;2;5;1;1
202300024584;155 637 007;33;0;2;7;3;1
202300024584;155 637 010;7;0;2;8;1;1
202300024584;155 637 012;7;0;2;0;1;1
202300024584;155 637 014;10;0;2;3;12;1
202300024585;155 637 006;50;0;2;1;2;3
202300024585;155 637 008;7;0;2;4;23;0
202300024586;155 637 005;7;3;0;1;1;1
202300024587;155 637 003;7;0;1;2;1;1
202300024588;155 637 001;37;0;0;6;0;1
202300024588;155 637 002;1;0;2;1;1;5
202300024588;155 637 004;7;0;0;2;1;1
202300024589;155 636 998;7;0;1;1;1;0
202300024590;155 636 997;10;0;2;3;1;1
202300024590;155 636 999;33;3;2;2;1;1
202300024590;155 637 000;7;0;2;8;11;1
202300024591;155 636 995;1;0;2;8;13;5
202300024591;155 636 996;17;0;9;7;1;1
202300024592;155 636 994;7;1;0;1;14;3
202300024593;155 636 993;7;4;0;3;26;1
202300024594;155 636 991;7;4;0;1;0;1
202300024595;155 636 989;7;0;2;1;19;2
202300024595;155 636 992;2;0;2;7;1;1
202300024596;155 636 986;10;0;2;4;1;1
202300024596;155 636 988;34;0;2;1;3;1
202300024596;155 636 990;7;0;2;8;11;0
202300024597;155 636 984;7;0;2;4;2;1
202300024597;155 636 985;7;0;2;1;2;1
202300024598;155 636 980;7;0;2;2;0;1
202300024598;155 636 982;7;0;0;6;11;1
202300024599;155 636 981;7;0;1;1;26;2
202300024600;155 636 978;10;0;2;2;23;1
202300024600;155 636 979;2;0;0;0;26;1
202300024601;155 636 977;50;0;0;0;19;3
202300024602;155 636 983;7;0;2;3;15;1
202300024602;155 636 987;2;0;2;1;2;1
202300024603;155 636 976;33;12;0;0;1;1
202300024604;155 636 972;7;0;0;5;2;1
202300024604;155 636 973;7;0;2;3;2;1
202300024605;155 636 970;33;0;0;0;1;0
202300024606;155 636 971;30;0;2;1;0;1
202300024606;155 636 974;7;0;2;7;2;1
202300024607;155 636 968;7;0;2;2;1;1
202300024607;155 636 969;2;0;0;1;1;1
202300024608;155 636 965;7;0;2;3;15;1
202300024608;155 636 967;1;0;2;1;1;5
202300024609;155 636 964;7;0;2;2;15;1
202300024609;155 636 966;1;0;2;1;1;5
202300024610;155 636 962;7;0;2;5;4;6
202300024610;155 636 963;7;0;2;2;1;6
202300024611;155 636 961;7;0;1;1;2;0
202300024612;155 636 958;1;0;2;8;1;5
202300024612;155 636 959;7;0;9;2;15;1
202300024613;155 636 956;7;2;0;1;1;1
202300024614;155 636 957;33;0;2;1;17;1
202300024614;155 636 960;7;0;2;6;15;1
202300024615;155 636 954;7;0;2;2;13;1
202300024615;155 636 955;33;0;2;3;1;1
202300024616;155 636 952;3;0;2;3;9;1
202300024616;155 636 953;33;0;2;1;1;1
202300024617;155 636 951;7;0;1;1;2;1
202300024618;155 636 950;7;8;0;1;0;6
202300024619;155 636 947;10;0;2;1;1;1
202300024619;155 636 948;7;0;2;8;1;1
202300024620;155 636 949;7;0;1;2;16;1
202300024621;155 636 942;10;0;2;2;2;1
202300024621;155 636 943;7;0;2;6;2;1
202300024622;155 636 940;7;4;0;1;21;0
202300024623;155 636 938;7;0;2;5;2;6
202300024623;155 636 939;33;0;2;1;3;1
202300024624;155 636 941;7;0;2;4;1;1
202300024624;155 636 944;7;1;2;1;2;1
202300024625;155 636 936;7;0;2;6;11;1
202300024625;155 636 937;33;0;2;1;3;1
202300024626;155 636 934;7;0;1;2;1;1
202300024627;155 636 933;1;0;1;1;1;5
202300024628;155 636 931;14;0;2;1;1;1
202300024628;155 636 932;7;0;2;4;23;1
202300024628;155 636 935;10;0;2;4;1;1
202300024629;155 636 930;30;0;0;0;1;1
202300024630;155 636 928;7;0;0;3;1;1
202300024630;155 636 929;7;0;0;3;13;1
202300024631;155 636 925;7;0;2;0;1;1
202300024631;155 636 926;10;0;0;1;1;1
202300024632;155 636 923;7;0;1;3;2;1
202300024633;155 636 922;7;0;2;4;1;1
202300024633;155 636 924;7;0;2;1;2;1
202300024633;155 636 927;7;0;2;1;2;1
202300024634;155 636 920;1;0;2;4;1;5
202300024634;155 636 921;10;0;2;1;1;1
202300024635;155 636 919;10;0;1;1;1;1
202300024636;155 636 916;32;1;0;1;2;1
202300024636;155 636 917;7;0;2;8;24;1
202300024637;155 636 915;7;0;2;3;13;1
202300024637;155 636 918;7;0;2;3;1;1
202300024638;155 636 913;7;0;2;3;1;1
202300024638;155 636 914;7;0;2;3;0;1
202300024639;155 636 912;10;0;1;1;1;3
202300024640;155 636 910;1;0;2;4;9;5
202300024640;155 636 911;7;0;2;1;1;1
202300024641;155 636 909;7;0;1;2;1;1
202300024642;155 636 907;30;0;4;3;19;1
202300024642;155 636 908;40;0;2;2;1;3
202300024643;155 636 906;10;2;0;1;13;1
202300024644;155 636 905;7;0;1;1;1;1
202300024645;155 636 904;7;5;0;1;1;1
202300024646;155 636 902;7;0;1;2;1;1
202300024647;155 636 900;7;0;1;2;1;1
202300024648;155 636 901;7;0;2;1;1;2
202300024648;155 636 903;7;0;2;4;1;1
202300024649;155 636 894;7;0;0;0;14;0
202300024649;155 636 896;1;0;0;0;18;5
202300024650;155 636 893;7;1;2;1;2;1
202300024650;155 636 897;7;0;2;4;1;1
202300024651;155 636 891;1;12;0;1;25;5
202300024652;155 636 890;14;8;2;1;1;1
202300024652;155 636 892;7;0;2;1;0;1
202300024652;155 636 895;14;0;2;4;1;1
202300024652;155 636 898;7;0;2;4;1;1
202300024652;155 636 899;14;0;2;8;1;1
202300024653;155 636 888;32;0;0;8;18;1
202300024653;155 636 889;7;0;0;0;7;1
202300024654;155 636 887;30;0;0;8;15;3
202300024655;155 636 885;1;1;0;7;2;5
202300024655;155 636 886;7;0;2;8;20;1
202300024656;155 636 884;7;0;1;1;1;1
202300024657;155 636 883;7;3;0;3;1;1
202300024658;155 636 881;7;0;2;8;22;2
202300024658;155 636 882;1;0;2;1;17;5
202300024659;155 636 879;7;0;1;1;1;1
202300024660;155 636 880;7;1;0;2;2;1
202300024661;155 636 877;33;0;2;4;23;1
202300024661;155 636 878;7;0;2;1;2;2
202300024662;155 636 876;80;12;0;0;20;3
202300024663;155 636 874;7;0;2;2;15;1
202300024663;155 636 875;33;0;2;1;7;1
202300024664;155 636 873;10;0;1;1;16;1
202300024665;155 636 871;7;0;2;7;15;1
202300024665;155 636 872;7;0;2;3;1;1
202300024666;155 636 868;7;0;2;0;0;1
202300024666;155 636 870;13;0;2;1;1;0
202300024667;155 636 867;33;0;2;1;1;1
202300024667;155 636 869;7;0;2;7;19;2
202300024668;155 636 864;7;0;2;4;1;1
202300024668;155 636 865;7;0;2;4;1;1
202300024668;155 636 866;10;0;2;1;2;1
202300024669;155 636 862;7;0;1;1;16;1
202300024670;155 636 861;7;0;2;1;5;1
202300024670;155 636 863;34;0;2;1;1;1
202300024671;155 636 860;7;1;1;1;1;1
202300024672;155 636 857;34;0;2;1;1;1
202300024672;155 636 859;7;0;2;7;19;1
202300024673;155 636 855;7;0;2;7;16;1
202300024673;155 636 858;37;0;2;3;7;1
202300024674;155 636 854;7;0;2;7;1;1
202300024674;155 636 856;1;0;2;1;19;5
202300024675;155 636 852;7;0;2;1;1;1
202300024675;155 636 853;1;0;2;4;1;5
202300024676;155 636 849;7;0;1;0;16;0
202300024677;155 636 848;7;0;2;1;2;1
202300024677;155 636 851;7;0;2;4;1;1
202300024678;155 636 847;2;0;2;7;10;1
202300024678;155 636 850;31;0;2;1;1;1
202300024679;155 636 844;7;0;1;1;1;1
202300024680;155 636 843;1;0;2;2;1;5
202300024680;155 636 846;7;0;2;1;19;1
202300024681;155 636 842;7;0;2;2;1;1
202300024681;155 636 845;7;0;2;1;15;1
202300024682;155 636 840;7;15;2;1;1;1
202300024682;155 636 841;7;0;2;2;1;1
202300024683;155 636 838;7;8;0;1;1;1
202300024684;155 636 839;7;4;0;9;9;1
202300024685;155 636 836;30;0;0;0;0;0
202300024685;155 636 837;50;0;2;1;1;3
202300024686;155 636 834;7;0;1;1;16;1
202300024687;155 636 835;7;13;0;1;16;1
202300024688;155 636 832;7;0;2;1;1;1
202300024688;155 636 833;7;0;1;1;1;1
202300024689;155 636 830;1;0;2;0;0;5
202300024689;155 636 831;7;0;2;0;1;1
202300024690;155 636 827;7;0;2;2;16;1
202300024690;155 636 828;34;0;2;3;1;1
202300024691;155 636 825;50;0;2;0;19;3
202300024691;155 636 826;7;0;2;0;1;1
202300024692;155 636 824;7;0;1;1;17;1
202300024693;155 636 823;99;0;0;1;0;3
202300024694;155 636 819;7;0;1;1;1;0
202300024695;155 636 820;7;0;2;7;15;1
202300024695;155 636 821;7;0;2;1;1;1
202300024696;155 636 818;2;0;2;2;12;1
202300024696;155 636 822;7;0;2;3;1;1
202300024697;155 636 815;7;0;2;1;1;1
202300024697;155 636 817;7;0;2;2;15;1
202300024698;155 636 814;7;0;2;3;15;1
202300024698;155 636 816;33;0;2;1;13;1
202300024699;155 636 812;7;0;2;0;15;1
202300024699;155 636 813;7;0;2;3;1;1
202300024700;155 636 810;7;0;2;1;1;1
202300024700;155 636 811;7;0;2;8;1;1
202300024701;155 636 809;7;0;1;1;1;1
202300024702;155 636 805;0;0;1;0;0;0
202300024703;155 636 804;7;0;2;1;19;1
202300024703;155 636 807;7;0;2;1;1;1
202300024704;155 636 806;7;0;1;3;1;0
202300024705;155 636 802;7;0;1;1;1;1
202300024706;155 636 801;33;0;2;2;1;1
202300024706;155 636 803;7;0;2;6;9;1
202300024707;155 636 800;7;0;1;2;1;1
202300024708;155 636 799;7;3;0;3;14;1
202300024709;155 636 797;33;0;2;7;17;1
202300024709;155 636 798;7;0;2;3;15;1
202300024710;155 636 795;2;0;2;3;16;1
202300024710;155 636 796;33;0;2;3;13;1
202300024711;155 636 794;7;9;0;1;13;1
202300024712;155 636 792;7;0;0;3;0;6
202300024712;155 636 793;7;0;0;3;0;6
202300024713;155 636 790;2;0;2;1;17;1
202300024713;155 636 791;7;0;2;8;15;1
202300024714;155 636 787;7;8;0;1;1;1
202300024714;155 636 789;10;0;2;0;15;1
202300024715;155 636 786;33;0;2;1;1;1
202300024715;155 636 788;10;0;2;8;15;1
202300024716;155 636 781;10;0;2;3;21;1
202300024716;155 636 783;7;0;2;3;15;1
202300024716;155 636 785;32;0;2;1;17;1
202300024717;155 636 780;7;0;2;1;1;1
202300024717;155 636 784;7;6;2;7;1;1
202300024718;155 636 777;7;0;0;4;23;2
202300024718;155 636 778;7;0;2;1;1;1
202300024718;155 636 779;7;0;2;1;2;1
202300024718;155 636 782;7;0;2;1;2;1
202300024719;155 636 775;7;0;1;4;20;1
202300024720;155 636 772;7;0;2;1;1;1
202300024720;155 636 774;7;0;2;1;1;1
202300024720;155 636 776;7;0;2;4;1;3
202300024721;155 636 770;7;0;2;1;1;1
202300024721;155 636 773;7;0;2;1;13;1
202300024722;155 636 767;7;9;0;3;21;1
202300024723;155 636 765;7;0;2;1;26;1
202300024723;155 636 768;7;0;2;1;26;1
202300024724;155 636 763;7;0;2;1;1;1
202300024724;155 636 764;7;0;2;4;1;1
202300024725;155 636 762;32;0;1;1;1;1
202300024726;155 636 760;32;0;6;1;1;1
202300024727;155 636 759;7;0;2;1;15;1
202300024727;155 636 761;7;0;2;1;1;1
202300024728;155 636 755;33;0;2;1;2;1
202300024728;155 636 757;7;0;0;6;15;1
202300024729;155 636 756;7;0;2;1;2;1
202300024729;155 636 758;1;0;2;8;11;5
202300024730;155 636 754;21;0;1;3;1;1
202300024731;155 636 753;7;13;0;1;1;1
202300024732;155 636 752;10;0;1;0;13;1
202300024733;155 636 749;31;13;0;7;2;1
202300024733;155 636 750;7;0;0;8;2;1
202300024734;155 636 748;7;6;0;1;13;1
202300024735;155 636 745;7;0;2;2;1;1
202300024735;155 636 746;7;0;2;3;1;1
202300024736;155 636 747;7;0;2;8;15;1
202300024736;155 636 751;7;0;2;1;17;1
202300024737;155 636 743;30;0;2;1;1;1
202300024737;155 636 744;7;0;2;7;16;1
202300024738;155 636 742;7;3;0;3;1;1
202300024739;155 636 739;7;8;0;1;1;1
202300024739;155 636 741;7;0;2;0;18;0
202300024740;155 636 737;7;0;1;7;1;1
202300024741;155 636 738;7;0;2;3;1;1
202300024741;155 636 740;7;0;2;3;13;1
202300024742;155 636 734;37;0;9;1;2;1
202300024742;155 636 736;50;0;2;3;19;3
202300024743;155 636 733;7;9;0;1;1;1
202300024744;155 636 732;7;0;2;6;15;1
202300024744;155 636 735;7;0;2;1;1;1
202300024745;155 636 731;7;0;1;2;1;1
202300024746;155 636 729;7;0;1;1;26;0
202300024747;155 636 728;33;0;2;1;0;1
202300024747;155 636 730;7;0;0;6;0;1
202300024748;155 636 725;7;0;2;8;26;1
202300024748;155 636 726;30;0;2;1;1;1
202300024749;155 636 723;7;0;9;2;1;1
202300024749;155 636 727;1;0;2;2;1;5
202300024750;155 636 722;2;0;2;2;15;1
202300024750;155 636 724;7;0;2;1;1;1
202300024751;155 636 721;1;15;0;1;25;5
202300024752;155 636 719;7;0;1;1;1;1
202300024753;155 636 718;50;0;2;1;5;3
202300024753;155 636 720;7;0;2;1;1;1
202300024754;155 636 716;20;13;0;1;1;1
202300024755;155 636 714;30;0;0;0;26;1
202300024756;155 636 715;7;0;2;1;1;1
202300024756;155 636 717;10;0;2;4;1;1
202300024757;155 636 713;7;0;1;1;14;1
202300024758;155 636 712;7;0;1;3;1;1
202300024759;155 636 711;7;0;1;1;1;1
202300024760;155 636 709;7;13;0;8;1;1
202300024760;155 636 710;7;0;2;3;1;1
202300024761;155 636 708;7;1;0;1;9;1
202300024762;155 636 707;7;14;0;1;19;1
202300024763;155 636 704;7;0;2;3;1;1
202300024763;155 636 705;7;0;2;3;16;1
202300024764;155 636 706;7;0;1;0;1;-1
202300024765;155 636 702;7;0;0;0;19;1
202300024766;155 636 703;38;0;1;1;1;1
202300024767;155 636 700;7;8;6;2;1;1
202300024768;155 636 697;1;0;2;8;1;5
202300024768;155 636 699;7;0;2;1;9;1
202300024769;155 636 698;7;1;0;4;24;1
202300024769;155 636 701;13;1;0;4;1;1
202300024770;155 636 694;7;0;2;1;15;1
202300024770;155 636 696;31;0;2;1;1;1
202300024771;155 636 693;1;0;2;0;0;5
202300024771;155 636 695;1;0;2;0;0;5
202300024772;155 636 692;7;2;0;1;1;1
202300024773;155 636 690;7;0;2;1;1;1
202300024774;155 636 689;7;0;2;2;1;1
202300024774;155 636 691;7;0;2;8;1;1
202300024775;155 636 688;14;0;1;2;1;1
202300024776;155 636 683;7;0;2;1;16;1
202300024776;155 636 686;1;0;2;8;1;5
202300024777;155 636 685;7;0;2;3;1;1
202300024777;155 636 687;7;0;2;2;15;1
202300024778;155 636 682;7;0;2;3;15;1
202300024778;155 636 684;33;0;2;1;1;1
202300024779;155 636 678;7;0;2;8;13;1
202300024779;155 636 681;7;0;2;1;21;2
202300024780;155 636 679;37;0;1;2;1;3
202300024781;155 636 677;7;0;2;1;0;1
202300024781;155 636 680;3;0;2;1;1;1
202300024782;155 636 673;10;0;2;3;19;1
202300024782;155 636 676;17;0;2;2;1;1
202300024783;155 636 674;37;0;0;8;0;1
202300024784;155 636 672;60;0;2;4;1;5
202300024784;155 636 675;7;0;2;1;1;0
202300024785;155 636 669;7;0;2;1;13;1
202300024785;155 636 671;7;0;2;1;1;1
202300024786;155 636 668;1;0;2;1;1;5
202300024786;155 636 670;7;0;2;1;9;1
202300024787;155 636 667;7;0;1;0;16;0
202300024788;155 636 665;7;0;0;5;23;1
202300024788;155 636 666;2;0;2;1;1;1
202300024789;155 636 662;7;7;0;9;14;1
202300024790;155 636 661;7;0;2;0;0;1
202300024790;155 636 664;50;0;2;3;1;3
202300024791;155 636 660;7;0;2;3;15;1
202300024791;155 636 663;43;0;2;1;1;1
202300024792;155 636 656;7;0;2;3;1;1
202300024792;155 636 657;7;0;2;1;13;1
202300024793;155 636 653;7;0;0;4;2;1
202300024793;155 636 655;7;0;0;1;11;1
202300024793;155 636 658;10;0;0;0;21;1
202300024793;155 636 659;7;0;0;1;2;1
202300024794;155 636 650;1;0;2;1;1;5
202300024794;155 636 652;7;0;2;2;9;3
202300024794;155 636 654;33;0;2;1;1;1
202300024795;155 636 648;7;0;2;3;1;1
202300024795;155 636 651;7;0;2;2;15;1
202300024796;155 636 647;7;4;2;0;0;1
202300024796;155 636 649;7;0;2;8;2;1
202300024797;155 636 645;7;8;0;6;13;1
202300024798;155 636 643;33;16;0;9;1;1
202300024799;155 636 644;1;0;2;1;1;5
202300024799;155 636 646;7;0;2;5;16;1
202300024800;155 636 642;10;0;1;1;1;1
202300024801;155 636 641;33;0;0;0;0;1
202300024802;155 636 640;7;0;1;3;1;1
202300024803;155 636 638;10;0;1;1;15;3
202300024804;155 636 636;7;0;2;3;15;1
202300024804;155 636 637;33;0;2;1;1;1
202300024804;155 636 639;33;13;2;1;1;1
202300024805;155 636 634;7;9;0;1;5;1
202300024806;155 636 633;7;0;2;7;2;1
202300024806;155 636 635;30;0;2;3;3;1
202300024807;155 636 631;7;0;2;3;13;1
202300024807;155 636 632;33;0;2;2;1;1
202300024808;155 636 630;34;0;1;1;1;1
202300024809;155 636 628;7;0;2;4;23;1
202300024809;155 636 629;7;0;2;1;2;1
202300024810;155 636 623;7;0;2;1;2;1
202300024810;155 636 626;7;0;2;1;2;1
202300024810;155 636 627;7;4;2;6;2;1
202300024811;155 636 621;7;0;2;3;13;1
202300024811;155 636 624;37;0;2;3;1;3
202300024812;155 636 622;7;1;2;1;0;1
202300024812;155 636 625;7;1;2;4;19;1
202300024813;155 636 620;7;13;0;1;1;0
202300024814;155 636 618;33;2;0;1;1;1
202300024815;155 636 617;7;0;2;3;1;1
202300024815;155 636 619;7;0;2;1;1;1
202300024816;155 636 616;33;9;9;9;1;1
202300024817;155 636 611;7;0;2;3;10;1
202300024817;155 636 613;31;0;2;1;1;1
202300024818;155 636 612;7;0;2;1;13;1
202300024818;155 636 614;7;0;2;3;1;0
202300024819;155 636 609;7;0;1;1;1;0
202300024820;155 636 608;7;0;2;7;19;1
202300024820;155 636 610;1;0;2;8;1;5
202300024821;155 636 606;7;4;0;1;14;1
202300024822;155 636 605;37;0;2;2;1;1
202300024822;155 636 615;7;0;2;3;0;1
202300024823;155 636 604;7;0;2;3;13;1
202300024823;155 636 607;7;0;2;1;1;2
202300024824;155 636 603;33;12;0;0;11;1
202300024825;155 636 601;32;0;1;1;1;1
202300024826;155 636 602;7;0;1;1;1;1
202300024827;155 636 600;1;0;0;8;2;5
202300024828;155 636 599;7;0;1;3;1;2
202300024829;155 636 598;7;9;0;3;16;1
202300024830;155 636 596;10;0;0;6;16;0
202300024830;155 636 597;33;0;2;1;1;0
202300024831;155 636 595;34;11;2;1;5;1
202300024832;155 636 592;10;0;2;3;9;0
202300024832;155 636 593;7;0;2;2;1;0
202300024833;155 636 591;7;0;2;0;23;1
202300024833;155 636 594;7;0;2;8;1;1
202300024834;155 636 589;7;0;2;3;1;0
202300024834;155 636 590;7;0;2;3;13;0
202300024835;155 636 588;7;10;0;1;12;0
202300024836;155 636 587;7;8;0;0;1;1
202300024837;155 636 585;7;0;9;3;1;1
202300024837;155 636 586;1;0;2;6;1;5
202300024838;155 636 582;50;0;0;0;0;3
202300024838;155 636 584;7;0;2;0;26;6
202300024839;155 636 580;7;0;2;4;15;1
202300024839;155 636 583;2;0;2;8;2;1
202300024840;155 636 578;7;0;2;4;1;1
202300024840;155 636 581;13;0;2;1;1;1
202300024841;155 636 576;1;0;2;7;1;5
202300024841;155 636 579;10;0;9;1;15;1
202300024842;155 636 575;7;0;2;3;15;1
202300024842;155 636 577;7;0;2;8;1;1
202300024843;155 636 573;7;4;2;9;1;1
202300024843;155 636 574;17;0;2;3;11;1
202300024844;155 636 572;2;14;0;0;5;1
202300024845;155 636 569;7;0;2;7;12;1
202300024845;155 636 570;31;0;2;0;0;1
202300024846;155 636 566;7;0;2;1;16;1
202300024846;155 636 567;50;0;0;8;1;3
202300024847;155 636 565;33;0;2;9;1;1
202300024847;155 636 568;7;0;2;1;15;1
202300024848;155 636 563;10;0;2;1;1;0
202300024848;155 636 564;7;0;2;5;1;0
202300024849;155 636 561;7;0;1;1;1;1
202300024850;155 636 559;7;5;0;1;21;1
202300024851;155 636 560;1;0;2;0;1;5
202300024851;155 636 562;7;0;2;8;9;2
202300024852;155 636 558;32;12;0;8;2;1