Num_Acc;id_vehicule;catv;obs;obsm;choc;manv;motor
202300028006;155 630 931;7;0;0;4;15;1
202300028007;155 630 927;7;6;0;8;1;1
202300028008;155 630 924;17;0;2;7;12;1
202300028008;155 630 926;7;0;2;8;1;1
202300028009;155 630 918;7;0;2;3;1;1
202300028009;155 630 922;10;0;2;3;1;1
202300028010;155 630 919;7;1;0;1;2;1
202300028010;155 630 921;7;0;2;4;24;1
202300028010;155 630 925;7;0;2;4;24;3
202300028011;155 630 920;7;0;2;1;1;1
202300028011;155 630 923;7;0;2;1;13;1
202300028012;155 630 917;7;0;1;1;1;1
202300028013;155 630 914;33;0;2;3;1;1
202300028014;155 630 911;2;0;2;0;14;3
202300028014;155 630 916;7;0;2;2;1;1
202300028015;155 630 913;80;0;2;8;13;3
202300028015;155 630 915;17;0;2;2;17;6
202300028016;155 630 910;7;0;0;4;23;1
202300028016;155 630 912;10;1;0;7;14;1
202300028017;155 630 908;33;0;2;3;2;1
202300028017;155 630 909;7;1;2;3;14;1
202300028018;155 630 907;33;0;2;1;11;1
202300028019;155 630 903;7;0;2;3;15;1
202300028019;155 630 905;1;0;2;1;1;5
202300028020;155 630 900;32;0;2;2;1;1
202300028020;155 630 904;1;0;2;3;15;5
202300028021;155 630 901;10;0;2;8;15;1
202300028021;155 630 906;7;0;2;1;1;1
202300028022;155 630 896;7;0;2;4;2;1
202300028022;155 630 898;7;0;0;4;23;1
202300028022;155 630 899;15;0;0;7;2;1
202300028022;155 630 902;10;0;2;1;2;1
202300028023;155 630 895;1;0;0;0;1;5
202300028023;155 630 897;7;0;0;0;16;1
202300028024;155 630 894;33;3;0;8;13;1
202300028025;155 630 893;7;0;1;1;26;1
202300028026;155 630 892;2;9;0;1;1;1
202300028027;155 630 891;7;9;0;2;2;2
202300028028;155 630 889;1;7;0;1;14;5
202300028029;155 630 887;7;4;0;9;1;1
202300028030;155 630 888;37;0;1;1;1;1
202300028031;155 630 883;7;0;1;1;1;1
202300028032;155 630 885;2;0;0;0;1;1
202300028033;155 630 886;10;0;1;4;4;1
202300028034;155 630 882;7;0;2;2;15;1
202300028034;155 630 884;1;0;2;1;18;5
202300028035;155 630 879;10;7;2;3;13;1
202300028035;155 630 881;7;0;2;3;1;1
202300028036;155 630 876;7;0;0;0;1;1
202300028036;155 630 878;7;0;2;0;1;1
202300028037;155 630 875;7;0;1;2;1;1
202300028038;155 630 873;7;0;0;9;1;1
202300028039;155 630 872;7;0;0;0;0;0
202300028039;155 630 874;7;0;0;4;2;1
202300028039;155 630 877;7;0;0;0;0;1
202300028040;155 630 871;7;2;0;1;14;1
202300028041;155 630 869;7;1;0;2;0;1
202300028042;155 630 866;10;0;1;4;4;1
202300028043;155 630 868;30;0;2;1;0;0
202300028043;155 630 870;7;0;2;1;17;1
202300028044;155 630 867;7;16;0;1;16;1
202300028045;155 630 865;7;13;0;3;13;1
202300028046;155 630 863;7;0;1;1;26;0
202300028047;155 630 861;7;4;0;1;0;1
202300028048;155 630 858;7;0;2;3;1;1
202300028048;155 630 859;7;0;2;1;1;1
202300028048;155 630 862;10;0;2;9;5;1
202300028049;155 630 860;7;0;2;3;13;3
202300028049;155 630 864;2;0;2;1;0;1
202300028050;155 630 856;7;13;0;1;0;1
202300028051;155 630 853;7;13;0;7;1;1
202300028052;155 630 851;99;0;1;4;4;1
202300028053;155 630 852;37;15;0;4;23;1
202300028053;155 630 855;7;0;2;1;0;1
202300028054;155 630 850;7;0;2;1;1;0
202300028054;155 630 854;10;0;2;0;19;0
202300028055;155 630 848;7;0;0;1;1;1
202300028055;155 630 849;7;0;0;1;1;1
202300028056;155 630 844;7;4;0;3;1;1
202300028057;155 630 843;43;0;2;1;1;1
202300028057;155 630 847;7;0;2;8;1;1
202300028058;155 630 841;99;0;2;1;1;3
202300028058;155 630 846;7;0;2;2;15;2
202300028059;155 630 839;3;0;2;3;1;1
202300028059;155 630 842;7;0;2;3;1;1
202300028059;155 630 845;33;0;2;0;3;1
202300028060;155 630 838;7;0;1;3;15;1
202300028061;155 630 837;7;0;2;4;2;1
202300028061;155 630 840;7;0;2;1;2;1
202300028062;155 630 832;7;0;2;0;0;1
202300028062;155 630 834;7;0;2;1;2;2
202300028063;155 630 833;7;0;2;3;13;1
202300028063;155 630 835;15;0;2;3;0;1
202300028064;155 630 831;10;8;0;1;1;1
202300028065;155 630 830;7;0;2;5;23;1
202300028065;155 630 836;7;0;2;3;2;1
202300028066;155 630 827;7;0;1;4;4;1
202300028067;155 630 825;10;13;0;1;1;1
202300028068;155 630 824;1;0;1;1;1;5
202300028069;155 630 823;7;0;2;4;2;1
202300028069;155 630 826;7;0;2;4;2;1
202300028069;155 630 828;10;0;2;1;2;1
202300028069;155 630 829;7;0;2;4;2;1
202300028070;155 630 821;7;0;1;3;2;1
202300028071;155 630 820;7;3;0;7;12;1
202300028072;155 630 819;7;0;0;0;19;1
202300028072;155 630 822;7;3;0;1;21;1
202300028073;155 630 817;7;0;0;4;1;0
202300028073;155 630 818;7;0;2;1;1;0
202300028074;155 630 814;7;0;2;3;22;1
202300028074;155 630 816;1;1;0;2;1;5
202300028075;155 630 812;10;0;0;5;12;1
202300028075;155 630 815;31;0;2;1;1;1
202300028076;155 630 809;7;0;2;3;1;1
202300028076;155 630 813;33;0;2;8;1;1
202300028077;155 630 810;10;0;2;2;16;0
202300028077;155 630 811;10;0;2;5;15;0
202300028078;155 630 805;10;0;2;5;16;1
202300028078;155 630 808;32;0;2;8;1;1
202300028079;155 630 803;7;0;2;1;1;1
202300028079;155 630 806;7;0;2;1;1;1
202300028079;155 630 807;7;0;0;4;1;1
202300028080;155 630 802;7;0;2;3;2;1
202300028080;155 630 804;31;0;2;4;2;1
202300028081;155 630 800;7;0;0;7;1;1
202300028082;155 630 799;14;1;0;0;20;0
202300028082;155 630 801;1;1;0;0;26;5
202300028083;155 630 795;7;0;2;4;1;1
202300028083;155 630 797;7;0;2;1;2;1
202300028084;155 630 792;30;0;2;8;1;1
202300028084;155 630 796;7;0;2;3;1;1
202300028085;155 630 791;31;0;2;1;18;1
202300028085;155 630 794;7;0;2;5;15;1
202300028086;155 630 790;7;1;0;2;17;0
202300028086;155 630 793;37;0;2;6;24;0
202300028087;155 630 787;21;0;0;2;1;1
202300028088;155 630 788;7;0;1;3;2;1
202300028089;155 630 785;10;0;2;1;1;0
202300028089;155 630 786;10;0;2;4;1;0
202300028090;155 630 783;10;0;2;2;1;1
202300028090;155 630 789;41;0;2;8;15;1
202300028091;155 630 782;10;0;2;3;15;4
202300028091;155 630 784;33;15;2;1;17;1
202300028092;155 630 779;7;0;2;2;17;1
202300028092;155 630 780;7;0;2;3;15;1
202300028093;155 630 777;32;0;1;0;1;1
202300028094;155 630 776;10;16;0;0;13;1
202300028095;155 630 775;7;0;2;1;1;1
202300028095;155 630 778;7;0;2;4;1;1
202300028095;155 630 781;7;0;1;1;1;1
202300028096;155 630 770;7;0;2;4;1;0
202300028096;155 630 773;7;0;2;1;2;0
202300028097;155 630 771;30;0;2;2;23;1
202300028097;155 630 774;7;0;2;3;15;1
202300028098;155 630 767;99;0;1;3;19;6
202300028099;155 630 766;7;0;2;3;13;1
202300028099;155 630 768;14;2;2;1;26;1
202300028100;155 630 764;33;0;2;1;2;1
202300028100;155 630 765;10;0;0;4;2;1
202300028101;155 630 761;7;0;2;2;17;1
202300028101;155 630 763;10;0;0;3;15;3
202300028102;155 630 759;7;0;2;3;5;1
202300028102;155 630 762;10;0;2;3;1;1
202300028103;155 630 758;7;0;2;2;17;1
202300028103;155 630 760;21;0;2;6;15;1
202300028104;155 630 755;31;0;0;8;13;3
202300028104;155 630 757;7;0;0;0;15;1
202300028105;155 630 750;7;0;2;3;15;1
202300028106;155 630 748;1;0;6;1;1;5
202300028107;155 630 747;7;0;2;1;5;1
202300028107;155 630 749;10;0;2;1;23;1
202300028108;155 630 746;7;0;1;1;15;1
202300028109;155 630 743;7;0;2;2;15;2
202300028109;155 630 745;33;0;2;1;1;1
202300028110;155 630 741;1;0;0;7;1;5
202300028111;155 630 739;35;0;0;0;1;1
202300028112;155 630 738;7;0;9;3;1;1
202300028112;155 630 740;1;0;2;7;0;5
202300028113;155 630 737;10;0;1;0;16;0
202300028114;155 630 735;7;16;0;0;13;1
202300028115;155 630 734;10;0;2;2;14;1
202300028115;155 630 736;14;0;0;6;23;1
202300028116;155 630 731;60;1;0;1;1;5
202300028116;155 630 733;10;0;2;8;22;1
202300028117;155 630 730;7;2;0;1;13;1
202300028118;155 630 727;7;16;0;9;1;1
202300028119;155 630 726;7;0;2;6;1;1
202300028119;155 630 729;31;0;2;1;21;1
202300028120;155 630 725;7;0;2;5;2;1
202300028120;155 630 728;32;0;2;1;2;1
202300028121;155 630 722;80;0;2;8;13;3
202300028121;155 630 724;33;0;2;2;17;1
202300028122;155 630 720;7;0;1;1;1;1
202300028123;155 630 717;7;0;2;1;1;1
202300028123;155 630 719;7;0;2;1;1;1
202300028123;155 630 721;7;0;2;1;26;0
202300028123;155 630 723;10;0;2;1;1;1
202300028124;155 630 716;7;0;2;1;17;0
202300028124;155 630 718;3;0;2;3;15;0
202300028125;155 630 714;7;0;2;1;15;0
202300028125;155 630 715;33;0;2;1;1;0
202300028126;155 630 708;7;0;2;1;1;1
202300028126;155 630 711;33;0;2;1;17;1
202300028127;155 630 710;7;3;2;0;1;1
202300028127;155 630 712;7;0;2;0;2;1
202300028127;155 630 713;7;0;2;1;2;1
202300028128;155 630 707;7;0;2;3;1;1
202300028128;155 630 709;33;0;2;1;26;1
202300028129;155 630 703;43;1;0;1;1;1
202300028129;155 630 706;10;0;2;4;23;1
202300028130;155 630 704;15;3;0;2;14;1
202300028131;155 630 702;33;0;2;2;1;1
202300028131;155 630 705;7;0;2;3;9;1
202300028132;155 630 701;7;2;0;2;1;1
202300028133;155 630 698;7;0;2;1;2;1
202300028133;155 630 700;14;0;2;4;1;1
202300028134;155 630 697;7;0;0;6;9;1
202300028134;155 630 699;33;0;2;3;1;1
202300028135;155 630 694;7;0;2;3;13;1
202300028135;155 630 696;7;0;2;3;1;1
202300028136;155 630 691;7;0;2;8;13;0
202300028136;155 630 693;7;0;0;3;1;1
202300028137;155 630 690;10;0;2;1;2;1
202300028137;155 630 692;7;0;2;4;2;1
202300028137;155 630 695;7;0;2;4;2;1
202300028138;155 630 687;31;0;0;7;0;3
202300028139;155 630 685;10;0;0;6;16;1
202300028139;155 630 688;33;0;0;1;1;1
202300028140;155 630 684;7;0;2;1;15;1
202300028140;155 630 686;7;0;2;1;1;1
202300028140;155 630 689;7;0;2;1;1;1
202300028141;155 630 680;33;0;2;1;2;1
202300028141;155 630 683;7;0;2;4;2;1
202300028142;155 630 677;10;0;1;1;15;1
202300028143;155 630 676;10;0;0;0;1;1
202300028143;155 630 678;80;12;0;9;21;3
202300028144;155 630 675;7;0;0;6;1;1
202300028144;155 630 679;7;0;2;1;1;1
202300028144;155 630 681;10;0;2;1;1;1
202300028145;155 630 674;1;0;0;0;21;5
202300028146;155 630 673;7;0;0;2;0;1
202300028147;155 630 672;15;2;0;3;1;1
202300028148;155 630 671;30;0;0;0;16;1
202300028149;155 630 668;7;0;2;2;19;1
202300028149;155 630 669;2;0;2;1;1;3
202300028150;155 630 666;7;17;0;1;1;1
202300028151;155 630 665;7;0;2;2;16;1
202300028151;155 630 667;1;0;2;1;1;5
202300028152;155 630 663;7;0;0;2;2;1
202300028152;155 630 664;7;0;0;6;24;1
202300028153;155 630 660;80;0;2;7;19;3
202300028153;155 630 661;7;0;2;1;17;1
202300028154;155 630 654;7;0;1;1;1;1
202300028155;155 630 652;7;17;0;1;17;0
202300028156;155 630 653;7;0;2;1;1;1
202300028156;155 630 655;31;0;2;4;23;1
202300028157;155 630 650;1;0;2;0;1;5
202300028157;155 630 651;7;13;9;7;1;1
202300028158;155 630 649;2;14;0;7;13;1
202300028159;155 630 647;7;0;2;6;1;2
202300028159;155 630 648;80;0;2;6;1;3
202300028160;155 630 644;7;0;2;3;13;1
202300028160;155 630 646;7;0;2;3;1;0
202300028161;155 630 643;7;0;2;3;19;1
202300028161;155 630 645;13;0;2;1;1;1
202300028162;155 630 641;1;0;2;2;1;5
202300028162;155 630 642;80;0;2;3;15;3
202300028163;155 630 639;2;0;2;1;1;1
202300028163;155 630 640;7;0;9;3;1;1
202300028164;155 630 638;7;0;1;2;0;1
202300028165;155 630 635;7;0;2;4;23;1
202300028165;155 630 636;1;0;2;1;1;5
202300028166;155 630 634;37;0;2;3;1;1
202300028166;155 630 637;1;0;2;7;5;5
202300028167;155 630 630;7;0;2;3;15;1
202300028167;155 630 632;7;0;2;1;1;1
202300028167;155 630 633;7;0;2;1;23;1
202300028168;155 630 628;7;0;2;3;13;1
202300028168;155 630 631;7;0;2;3;1;1
202300028169;155 630 627;1;0;2;1;1;5
202300028169;155 630 629;7;0;2;0;22;1
202300028170;155 630 626;2;0;0;0;1;1
202300028171;155 630 623;7;0;2;3;13;1
202300028171;155 630 625;7;0;2;3;1;0
202300028172;155 630 621;7;0;2;1;2;1
202300028172;155 630 622;7;0;0;4;1;1
202300028173;155 630 618;1;0;2;1;1;5
202300028173;155 630 619;7;0;2;2;16;1
202300028174;155 630 617;7;2;0;1;1;1
202300028175;155 630 615;7;6;0;1;13;1
202300028176;155 630 613;2;0;1;1;17;1
202300028177;155 630 614;7;0;2;3;1;1
202300028177;155 630 616;7;0;2;3;13;1
202300028178;155 630 611;15;0;0;4;23;1
202300028178;155 630 612;1;0;2;4;2;5
202300028179;155 630 607;33;0;2;8;1;1
202300028179;155 630 609;1;0;2;7;2;5
202300028180;155 630 608;7;3;0;1;2;1
202300028180;155 630 610;7;3;0;4;23;1
202300028181;155 630 604;7;0;1;1;1;1
202300028182;155 630 605;7;0;2;3;15;1
202300028182;155 630 606;33;0;2;1;17;1
202300028183;155 630 602;2;0;2;1;0;1
202300028183;155 630 603;7;0;2;3;16;1
202300028184;155 630 599;2;0;2;8;2;1
202300028184;155 630 601;7;0;2;2;17;1
202300028185;155 630 597;33;0;2;1;15;1
202300028185;155 630 600;10;0;2;8;1;1
202300028186;155 630 596;7;13;0;9;1;1
202300028187;155 630 593;2;0;2;3;13;1
202300028187;155 630 595;7;0;2;3;1;1
202300028188;155 630 591;7;0;0;4;2;0
202300028188;155 630 592;7;0;2;4;2;1
202300028188;155 630 594;7;0;2;1;2;1
202300028189;155 630 589;2;12;0;8;1;1
202300028190;155 630 588;7;0;2;2;1;0
202300028190;155 630 590;2;0;2;9;5;0
202300028191;155 630 587;7;1;0;2;1;1
202300028192;155 630 582;7;0;2;3;15;1
202300028192;155 630 586;2;0;2;7;1;1
202300028193;155 630 581;7;0;2;2;17;1
202300028193;155 630 584;7;0;2;6;1;1
202300028194;155 630 580;17;0;2;1;2;1
202300028194;155 630 583;10;0;2;9;2;1
202300028194;155 630 585;10;0;0;4;2;1
202300028195;155 630 577;33;0;2;7;17;1
202300028195;155 630 579;7;0;2;3;15;1
202300028196;155 630 574;33;0;2;1;17;1
202300028196;155 630 576;7;0;2;8;1;1
202300028196;155 630 578;7;0;2;4;1;1
202300028197;155 630 572;17;0;0;6;23;1
202300028197;155 630 573;10;0;2;9;23;1
202300028197;155 630 575;10;0;2;1;1;1
202300028198;155 630 569;7;0;2;1;2;0
202300028198;155 630 571;7;0;2;8;9;0
202300028199;155 630 568;15;0;2;1;2;1
202300028199;155 630 570;7;0;2;4;0;1
202300028200;155 630 566;7;4;0;1;2;1
202300028201;155 630 564;7;5;2;8;18;1
202300028201;155 630 567;15;0;2;7;1;1
202300028202;155 630 563;33;0;2;1;1;1
202300028202;155 630 565;7;0;2;8;11;1
202300028203;155 630 560;34;0;2;1;12;1
202300028203;155 630 562;14;0;0;4;1;1
202300028204;155 630 561;7;13;0;7;26;1
202300028205;155 630 554;7;3;0;2;17;1
202300028205;155 630 557;7;0;0;6;13;1
202300028206;155 630 553;7;0;2;3;10;1
202300028206;155 630 556;43;0;2;1;17;1
202300028207;155 630 552;13;0;2;1;2;1
202300028207;155 630 555;7;0;2;4;2;1
202300028207;155 630 558;7;0;2;4;2;1
202300028207;155 630 559;7;0;2;4;2;1
202300028208;155 630 548;7;3;0;3;21;1
202300028209;155 630 547;2;0;2;1;13;1
202300028209;155 630 550;15;0;2;1;13;1
202300028210;155 630 546;7;0;2;1;2;6
202300028210;155 630 549;7;3;0;6;1;6
202300028210;155 630 551;7;3;2;2;11;6
202300028211;155 630 542;7;6;0;1;0;0
202300028212;155 630 541;33;0;2;7;2;1
202300028212;155 630 544;7;0;2;8;2;1
202300028213;155 630 543;7;0;2;1;1;1
202300028213;155 630 545;7;0;2;1;15;1
202300028214;155 630 538;7;0;2;2;21;1
202300028214;155 630 540;7;0;2;6;2;1
202300028215;155 630 534;10;0;0;3;1;1
202300028215;155 630 536;7;14;0;1;13;0
202300028216;155 630 535;7;0;2;1;13;1
202300028216;155 630 537;7;0;2;1;1;1
202300028216;155 630 539;10;0;2;1;1;1
202300028217;155 630 533;7;4;0;1;1;1
202300028218;155 630 530;15;13;2;3;21;1
202300028218;155 630 532;7;13;2;3;13;1
202300028219;155 630 528;10;0;1;3;1;1
202300028220;155 630 527;33;0;0;6;1;1
202300028221;155 630 524;7;0;2;2;13;1
202300028221;155 630 526;7;0;2;1;1;1
202300028222;155 630 523;7;0;2;4;1;1
202300028222;155 630 525;7;0;2;1;26;1
202300028223;155 630 521;17;0;2;8;1;1
202300028223;155 630 522;7;0;2;3;1;1
202300028224;155 630 516;7;0;2;4;1;1
202300028224;155 630 518;7;0;2;8;13;1
202300028224;155 630 519;32;0;2;1;3;1
202300028225;155 630 517;10;0;2;6;1;1
202300028225;155 630 520;7;0;2;1;1;1
202300028226;155 630 514;10;0;2;1;13;1
202300028226;155 630 515;7;0;2;3;1;1
202300028227;155 630 513;7;13;0;2;1;1
202300028228;155 630 511;33;0;0;0;21;1
202300028229;155 630 508;7;0;2;5;1;1
202300028229;155 630 510;7;0;2;8;13;1
202300028229;155 630 512;33;0;2;8;3;1
202300028230;155 630 506;7;3;0;3;2;0
202300028231;155 630 502;33;0;2;2;3;1
202300028231;155 630 505;10;0;2;6;1;1
202300028232;155 630 500;7;0;0;5;19;1
202300028232;155 630 503;33;0;2;1;1;1
202300028233;155 630 494;7;3;2;1;13;1
202300028233;155 630 497;7;0;2;1;1;1
202300028233;155 630 499;17;0;0;8;1;1
202300028233;155 630 501;7;0;0;1;1;1
202300028233;155 630 504;10;0;2;1;1;1
202300028234;155 630 492;7;0;2;4;2;1
202300028234;155 630 495;10;0;2;1;2;1
202300028234;155 630 496;7;0;2;4;1;1
202300028234;155 630 498;7;0;2;4;2;1
202300028235;155 630 491;7;0;0;4;1;1
202300028235;155 630 493;7;0;2;1;2;1
202300028236;155 630 490;7;0;1;3;0;1
202300028237;155 630 487;30;0;2;0;13;0
202300028237;155 630 489;7;0;2;3;1;1
202300028238;155 630 486;7;0;2;1;1;1
202300028238;155 630 488;7;0;2;1;1;1
202300028239;155 630 485;7;6;0;1;1;1
202300028240;155 630 482;7;0;2;1;1;1
202300028240;155 630 484;7;0;2;3;1;1
202300028241;155 630 479;7;0;0;4;1;0
202300028241;155 630 481;31;0;2;1;1;0
202300028241;155 630 483;7;0;9;2;1;0
202300028242;155 630 478;32;0;1;8;5;1
202300028243;155 630 477;7;0;2;1;1;1
202300028243;155 630 480;2;0;2;5;1;1
202300028244;155 630 474;7;13;2;1;1;1
202300028244;155 630 476;7;13;2;3;19;1
202300028245;155 630 473;7;0;1;2;1;1
202300028246;155 630 472;7;0;2;3;1;1
202300028246;155 630 475;7;1;0;3;16;1
202300028247;155 630 471;10;13;0;1;0;1
202300028248;155 630 468;7;0;2;1;15;1
202300028248;155 630 470;7;0;2;1;1;1
202300028249;155 630 466;1;0;2;6;1;5
202300028249;155 630 469;7;0;2;1;2;0
202300028250;155 630 465;7;0;2;1;1;0
202300028250;155 630 467;2;0;2;0;0;0
202300028251;155 630 464;7;9;0;1;0;1
202300028252;155 630 462;1;0;2;7;19;5
202300028252;155 630 463;7;0;2;1;1;1
202300028253;155 630 459;7;6;0;7;1;0
202300028254;155 630 456;2;0;2;1;1;1
202300028254;155 630 458;10;0;2;2;19;1
202300028255;155 630 454;40;0;2;1;9;3
202300028255;155 630 457;1;0;4;6;19;5
202300028256;155 630 453;7;-1;-1;-1;19;1
202300028256;155 630 455;10;0;0;1;1;1
202300028257;155 630 450;7;0;2;1;2;1
202300028257;155 630 452;33;0;0;4;1;1
202300028258;155 630 449;7;0;2;3;1;1
202300028258;155 630 451;7;0;2;3;1;1
202300028259;155 630 447;33;0;2;1;17;1
202300028259;155 630 448;7;0;2;8;15;1
202300028260;155 630 443;10;0;2;1;21;1
202300028260;155 630 445;10;0;2;4;1;1
202300028260;155 630 446;7;0;2;1;2;1
202300028261;155 630 441;7;0;2;1;1;1
202300028261;155 630 444;50;0;2;7;19;3
202300028262;155 630 440;7;0;2;3;1;1
202300028262;155 630 442;7;0;2;3;1;1
202300028263;155 630 434;7;0;2;4;1;1
202300028263;155 630 438;7;0;2;1;2;1
202300028263;155 630 439;10;0;2;1;2;1
202300028264;155 630 435;2;0;2;3;1;1
202300028264;155 630 437;7;0;2;3;1;1
202300028265;155 630 436;7;0;1;1;13;1
202300028266;155 630 432;7;0;0;1;0;1
202300028267;155 630 430;7;0;2;3;1;1
202300028267;155 630 433;7;0;0;3;13;1
202300028268;155 630 429;10;0;2;2;26;1
202300028268;155 630 431;33;0;0;0;0;1
202300028269;155 630 427;7;4;0;1;1;1
202300028270;155 630 426;7;0;2;6;21;1
202300028270;155 630 428;7;0;2;2;0;1
202300028271;155 630 424;7;0;2;2;12;1
202300028271;155 630 425;33;0;2;3;1;1
202300028272;155 630 421;7;0;2;2;1;1
202300028272;155 630 423;7;0;2;6;1;1
202300028273;155 630 420;33;0;2;0;3;1
202300028273;155 630 422;7;0;2;6;12;1
202300028274;155 630 419;7;0;1;2;13;1
202300028275;155 630 418;7;4;0;1;1;1
202300028276;155 630 415;7;0;1;1;1;1
202300028277;155 630 413;7;0;2;1;2;1
202300028277;155 630 416;10;0;2;4;1;1
202300028277;155 630 417;10;0;2;4;1;1
202300028278;155 630 412;7;0;2;2;15;1
202300028278;155 630 414;32;0;2;1;8;1
202300028279;155 630 410;7;0;2;6;2;1
202300028279;155 630 411;7;3;2;1;2;1
202300028280;155 630 407;7;0;2;0;13;1
202300028280;155 630 409;7;0;2;1;1;1
202300028281;155 630 406;33;0;2;8;2;1
202300028281;155 630 408;7;0;2;7;2;1
202300028282;155 630 405;99;0;1;2;1;1
202300028283;155 630 402;7;0;2;1;2;1
202300028283;155 630 404;10;0;2;4;1;1
202300028284;155 630 398;7;0;2;1;17;1
202300028284;155 630 401;7;6;2;3;15;1
202300028285;155 630 399;7;0;1;2;1;1
202300028286;155 630 396;7;0;2;4;1;1
202300028286;155 630 400;10;0;2;1;1;1
202300028286;155 630 403;7;0;2;4;1;1
202300028287;155 630 395;7;0;2;1;2;1
202300028287;155 630 397;7;0;2;4;2;1
202300028288;155 630 394;7;0;2;1;15;1
202300028289;155 630 392;7;4;0;3;13;0
202300028290;155 630 390;7;0;2;1;5;1
202300028290;155 630 393;7;0;2;1;1;1
202300028291;155 630 388;42;4;0;2;1;1
202300028292;155 630 384;7;0;2;4;1;1
202300028292;155 630 387;7;0;2;4;1;1
202300028292;155 630 389;10;0;2;5;1;1
202300028292;155 630 391;43;0;2;1;3;1
202300028293;155 630 382;7;1;2;2;17;0
202300028293;155 630 385;7;0;2;1;20;0
202300028294;155 630 383;7;4;2;1;0;1
202300028294;155 630 386;10;0;0;0;0;1
202300028295;155 630 379;15;0;2;2;12;1
202300028295;155 630 381;7;0;2;8;1;1
202300028296;155 630 376;7;0;2;1;2;1
202300028296;155 630 380;7;0;2;4;2;1
202300028297;155 630 375;34;0;2;3;9;1
202300028297;155 630 378;7;0;2;2;1;1
202300028298;155 630 370;7;3;0;1;1;1
202300028298;155 630 373;7;0;2;8;3;1
202300028298;155 630 374;7;0;2;7;1;1
202300028298;155 630 377;7;3;2;3;1;2
202300028299;155 630 369;7;1;2;3;2;1
202300028300;155 630 372;33;0;1;1;1;1
202300028301;155 630 368;7;0;2;4;2;1
202300028301;155 630 371;33;0;2;1;2;1
202300028302;155 630 362;7;0;2;3;0;1
202300028302;155 630 367;7;0;2;0;13;1
202300028303;155 630 361;43;0;2;2;3;1
202300028303;155 630 366;7;0;2;6;11;1
202300028304;155 630 360;7;0;2;4;1;1
202300028304;155 630 363;7;0;2;2;14;1
202300028304;155 630 365;33;0;2;3;3;1
202300028305;155 630 364;80;0;1;8;2;3
202300028306;155 630 358;7;4;0;1;1;1
202300028307;155 630 355;7;0;2;8;11;1
202300028307;155 630 357;15;0;2;1;1;1
202300028308;155 630 354;7;0;1;7;1;1
202300028309;155 630 353;0;0;2;4;26;-1
202300028309;155 630 356;7;1;2;1;26;2
202300028309;155 630 359;7;0;2;1;1;2
202300028310;155 630 352;7;3;0;1;2;1
202300028311;155 630 348;32;0;2;4;11;1
202300028311;155 630 351;32;0;2;2;1;1
202300028312;155 630 343;7;0;2;2;1;1
202300028312;155 630 345;7;0;2;5;19;1
202300028313;155 630 346;7;0;2;2;15;6
202300028313;155 630 350;2;0;2;1;1;3
202300028314;155 630 341;7;0;2;1;3;1
202300028314;155 630 344;7;0;2;4;2;1
202300028314;155 630 347;7;0;2;5;2;1
202300028314;155 630 349;7;0;2;6;2;1
202300028315;155 630 340;33;0;2;3;0;1
202300028315;155 630 342;7;0;2;2;12;1
202300028316;155 630 335;43;0;2;2;1;1
202300028316;155 630 339;7;0;2;8;1;1
202300028317;155 630 334;43;0;2;7;3;1
202300028317;155 630 338;7;0;2;8;11;1
202300028318;155 630 337;50;0;1;1;17;3
202300028319;155 630 333;7;0;2;1;12;1
202300028319;155 630 336;33;0;2;4;1;1
202300028320;155 630 331;7;4;0;1;1;1
202300028321;155 630 326;7;0;2;4;2;1
202300028321;155 630 328;7;0;2;4;2;3
202300028321;155 630 332;7;0;2;1;2;1
202300028322;155 630 324;7;0;2;2;2;2
202300028322;155 630 327;7;0;2;3;2;1
202300028322;155 630 330;7;0;2;6;1;1
202300028323;155 630 325;10;0;2;0;1;1
202300028323;155 630 329;7;0;2;0;16;1
202300028324;155 630 320;7;0;2;4;23;1
202300028324;155 630 322;7;0;2;1;1;1
202300028325;155 630 319;7;0;2;2;1;1
202300028325;155 630 323;7;0;2;0;0;1
202300028326;155 630 317;50;0;0;0;1;3
202300028327;155 630 311;7;0;2;3;13;1
202300028327;155 630 313;31;0;2;1;1;1
202300028328;155 630 310;15;0;2;1;1;0
202300028328;155 630 312;7;0;2;6;1;1
202300028328;155 630 315;13;0;2;4;1;4
202300028328;155 630 316;15;0;2;4;1;1
202300028328;155 630 318;15;0;2;4;1;1
202300028328;155 630 321;7;0;2;4;1;1
202300028329;155 630 309;7;0;2;7;15;1
202300028329;155 630 314;33;0;2;1;1;1
202300028330;155 630 307;1;0;2;4;2;5
202300028330;155 630 308;7;0;2;1;1;0
202300028331;155 630 305;7;0;1;1;2;2
202300028332;155 630 304;33;0;2;1;26;1
202300028332;155 630 306;7;0;2;2;12;1
202300028333;155 630 303;7;7;0;1;13;1
202300028334;155 630 299;7;4;0;8;13;1
202300028335;155 630 300;1;0;2;1;1;5
202300028335;155 630 302;1;0;2;1;1;5
202300028336;155 630 298;7;0;2;1;1;1
202300028336;155 630 301;7;0;2;5;9;1
202300028337;155 630 290;7;6;2;1;2;1