Num_Acc;id_vehicule;catv;obs;obsm;choc;manv;motor
202300031173;155 625 276;1;0;0;0;1;5
202300031174;155 625 275;7;0;1;2;1;0
202300031175;155 625 273;33;0;2;1;17;0
202300031175;155 625 274;7;0;0;6;1;0
202300031176;155 625 272;21;0;0;1;1;1
202300031177;155 625 270;7;0;0;2;1;1
202300031177;155 625 271;1;0;2;6;1;5
202300031178;155 625 269;7;7;0;3;15;1
202300031179;155 625 268;7;2;0;0;1;1
202300031180;155 625 267;7;3;0;7;9;0
202300031181;155 625 266;33;8;0;1;1;1
202300031182;155 625 264;2;0;2;7;1;1
202300031182;155 625 265;7;0;2;3;15;1
202300031183;155 625 263;7;0;1;3;1;1
202300031184;155 625 261;7;0;2;3;17;1
202300031184;155 625 262;2;0;2;1;1;1
202300031185;155 625 260;7;6;0;0;26;1
202300031186;155 625 259;7;13;0;3;0;1
202300031187;155 625 257;7;0;2;3;19;1
202300031187;155 625 258;33;0;2;8;1;1
202300031188;155 625 255;10;16;0;1;1;1
202300031189;155 625 253;34;0;2;2;3;1
202300031189;155 625 254;7;0;2;6;15;1
202300031190;155 625 251;7;0;2;1;26;0
202300031190;155 625 252;31;0;2;4;2;1
202300031191;155 625 249;33;0;2;8;1;1
202300031191;155 625 250;7;0;2;3;15;1
202300031192;155 625 247;30;0;2;1;2;1
202300031192;155 625 248;7;0;2;1;9;1
202300031193;155 625 246;50;12;0;2;1;3
202300031194;155 625 244;1;0;2;1;1;5
202300031194;155 625 245;33;0;2;2;10;1
202300031195;155 625 243;7;9;0;1;15;1
202300031196;155 625 242;7;4;0;3;26;1
202300031197;155 625 241;7;14;0;1;19;1
202300031198;155 625 240;7;4;0;3;21;1
202300031199;155 625 239;33;0;0;0;1;1
202300031200;155 625 236;7;4;2;1;2;1
202300031200;155 625 237;7;4;2;4;2;1
202300031200;155 625 238;7;4;2;6;2;1
202300031201;155 625 235;7;3;0;2;14;1
202300031202;155 625 233;7;0;2;2;14;2
202300031202;155 625 234;34;0;2;4;1;3
202300031203;155 625 231;7;0;2;6;1;1
202300031203;155 625 232;31;0;2;1;17;1
202300031204;155 625 230;7;0;1;1;16;1
202300031205;155 625 227;7;0;2;2;2;1
202300031205;155 625 228;1;0;2;8;9;5
202300031206;155 625 226;2;12;0;1;0;3
202300031207;155 625 225;7;0;1;1;9;1
202300031208;155 625 224;33;0;0;1;1;1
202300031209;155 625 222;7;0;0;1;17;1
202300031209;155 625 223;7;0;0;1;1;1
202300031210;155 625 221;2;0;0;0;1;1
202300031211;155 625 220;7;0;1;2;16;1
202300031212;155 625 218;50;0;2;1;1;3
202300031212;155 625 219;7;0;2;1;15;0
202300031213;155 625 217;1;0;1;1;1;5
202300031214;155 625 215;10;0;2;3;15;1
202300031214;155 625 216;31;0;2;7;3;1
202300031215;155 625 214;10;0;1;6;26;1
202300031216;155 625 209;10;0;2;1;1;1
202300031216;155 625 210;60;0;2;1;5;5
202300031217;155 625 208;7;0;1;1;1;1
202300031218;155 625 207;10;0;1;1;15;1
202300031219;155 625 206;10;0;1;1;1;1
202300031220;155 625 205;7;0;1;2;1;1
202300031221;155 625 203;7;0;2;2;15;1
202300031221;155 625 204;7;0;2;3;1;3
202300031222;155 625 201;30;0;2;1;1;1
202300031222;155 625 202;7;0;2;0;16;1
202300031223;155 625 200;7;12;0;1;1;1
202300031224;155 625 197;7;8;0;1;23;1
202300031224;155 625 198;7;1;2;1;2;1
202300031224;155 625 199;7;1;2;4;2;1
202300031225;155 625 196;7;0;1;2;1;3
202300031226;155 625 195;37;0;1;6;1;1
202300031227;155 625 194;50;0;2;2;1;1
202300031228;155 625 192;7;0;2;1;1;1
202300031228;155 625 193;7;0;2;4;2;1
202300031229;155 625 191;7;0;1;1;1;1
202300031230;155 625 189;7;0;2;3;15;1
202300031230;155 625 190;7;0;2;3;16;1
202300031231;155 625 187;7;0;2;1;15;1
202300031231;155 625 188;7;0;2;1;1;1
202300031232;155 625 186;7;0;1;1;15;1
202300031233;155 625 184;7;0;2;1;1;1
202300031233;155 625 185;7;0;2;6;1;1
202300031234;155 625 183;10;0;1;1;15;1
202300031235;155 625 182;7;0;1;1;1;1
202300031236;155 625 180;7;0;2;3;16;1
202300031236;155 625 181;7;0;2;2;1;1
202300031237;155 625 179;7;0;0;9;1;1
202300031238;155 625 177;7;0;2;2;15;1
202300031238;155 625 178;50;0;2;1;5;3
202300031239;155 625 174;7;0;2;1;2;1
202300031239;155 625 175;7;0;2;1;0;1
202300031239;155 625 176;7;0;2;4;2;1
202300031240;155 625 172;7;0;0;0;0;1
202300031240;155 625 173;7;0;2;1;19;1
202300031241;155 625 170;7;0;2;4;1;0
202300031241;155 625 171;7;0;2;1;1;0
202300031242;155 625 168;7;0;2;1;1;1
202300031242;155 625 169;7;0;2;3;15;1
202300031243;155 625 167;7;14;0;1;1;1
202300031244;155 625 165;7;0;2;3;16;1
202300031244;155 625 166;50;0;2;5;1;3
202300031245;155 625 164;7;0;1;1;1;1
202300031246;155 625 163;7;0;1;2;1;1
202300031247;155 625 161;7;0;2;8;23;1
202300031247;155 625 162;50;0;2;2;1;3
202300031248;155 625 159;7;0;2;2;1;1
202300031248;155 625 160;3;0;2;1;1;1
202300031249;155 625 158;37;0;1;0;26;1
202300031250;155 625 156;7;0;2;8;1;1
202300031250;155 625 157;7;0;2;7;1;1
202300031251;155 625 152;7;0;2;1;0;1
202300031251;155 625 153;7;0;2;1;2;1
202300031251;155 625 154;7;0;2;4;2;1
202300031251;155 625 155;7;0;2;1;2;1
202300031252;155 625 150;10;0;2;4;20;1
202300031252;155 625 151;2;0;2;0;1;1
202300031253;155 625 149;10;0;1;3;0;1
202300031254;155 625 147;2;0;2;7;1;1
202300031254;155 625 148;7;0;2;1;13;1
202300031255;155 625 146;10;0;1;2;1;1
202300031256;155 625 144;14;0;2;1;1;1
202300031256;155 625 145;7;0;2;7;1;1
202300031257;155 625 142;7;0;2;3;15;1
202300031257;155 625 143;33;8;2;1;1;1
202300031258;155 625 140;7;0;2;1;1;1
202300031258;155 625 141;1;0;2;4;1;5
202300031259;155 625 138;13;0;2;8;1;1
202300031259;155 625 139;7;3;2;7;14;1
202300031260;155 625 137;7;0;0;9;26;1
202300031261;155 625 134;7;0;2;4;1;0
202300031261;155 625 135;7;0;2;1;1;1
202300031261;155 625 136;7;0;2;4;1;1
202300031262;155 625 133;7;0;1;3;15;0
202300031263;155 625 131;1;0;2;4;1;5
202300031263;155 625 132;7;0;2;1;1;1
202300031264;155 625 129;7;0;2;4;23;2
202300031264;155 625 130;7;0;2;1;1;1
202300031265;155 625 127;7;0;2;3;1;1
202300031265;155 625 128;1;0;2;1;15;5
202300031266;155 625 126;7;0;1;3;1;1
202300031267;155 625 125;7;4;0;3;13;1
202300031268;155 625 123;7;0;2;1;1;1
202300031268;155 625 124;7;0;2;2;1;1
202300031269;155 625 121;7;1;2;2;14;1
202300031269;155 625 122;30;0;2;1;1;1
202300031270;155 625 119;10;0;2;1;1;1
202300031270;155 625 120;50;0;2;8;15;3
202300031271;155 625 117;7;0;2;2;10;0
202300031271;155 625 118;33;0;2;1;1;0
202300031272;155 625 115;7;12;0;1;13;1
202300031272;155 625 116;10;12;0;1;1;1
202300031273;155 625 113;7;0;2;1;5;1
202300031273;155 625 114;7;0;2;1;2;1
202300031274;155 625 112;7;0;1;1;16;0
202300031275;155 625 111;80;0;1;1;0;3
202300031276;155 625 110;7;0;1;3;15;1
202300031277;155 625 109;7;0;1;1;1;1
202300031278;155 625 107;7;0;2;2;2;1
202300031278;155 625 108;7;0;2;6;1;1
202300031279;155 625 104;7;0;2;4;1;1
202300031279;155 625 105;14;0;2;8;1;1
202300031279;155 625 106;32;0;2;2;18;1
202300031280;155 625 101;7;0;2;5;1;3
202300031280;155 625 102;10;0;2;8;1;1
202300031280;155 625 103;32;0;2;7;13;1
202300031281;155 625 099;10;0;2;2;1;1
202300031281;155 625 100;50;0;2;8;19;3
202300031282;155 625 098;7;0;1;3;1;1
202300031283;155 625 097;33;0;0;8;1;1
202300031284;155 625 096;37;0;1;2;1;1
202300031285;155 625 094;7;0;2;7;15;3
202300031285;155 625 095;34;0;2;7;15;1
202300031286;155 625 092;7;0;2;3;15;2
202300031286;155 625 093;7;0;1;2;17;1
202300031287;155 625 090;7;0;2;1;17;1
202300031287;155 625 091;43;0;2;1;1;1
202300031288;155 625 088;1;0;2;1;1;5
202300031288;155 625 089;80;0;2;4;1;3
202300031289;155 625 087;50;0;1;1;1;3
202300031290;155 625 085;33;0;2;3;17;1
202300031290;155 625 086;33;0;2;3;17;1
202300031291;155 625 084;7;1;0;1;1;1
202300031292;155 625 082;2;0;2;4;26;3
202300031292;155 625 083;10;0;2;3;26;0
202300031293;155 625 080;34;0;2;1;2;1
202300031293;155 625 081;7;0;2;3;15;1
202300031294;155 625 079;7;0;1;3;15;1
202300031295;155 625 078;7;0;1;3;15;1
202300031296;155 625 076;7;0;2;1;26;1
202300031296;155 625 077;10;1;0;4;24;1
202300031297;155 625 075;3;0;0;0;1;0
202300031298;155 625 073;1;0;2;1;0;5
202300031298;155 625 074;3;0;9;4;2;0
202300031299;155 625 071;7;0;2;3;15;1
202300031299;155 625 072;43;0;2;2;17;1
202300031300;155 625 070;0;0;1;0;7;0
202300031301;155 625 068;10;0;9;8;22;1
202300031301;155 625 069;1;1;0;1;1;5
202300031302;155 625 067;7;0;1;0;2;0
202300031303;155 625 065;33;0;2;3;1;1
202300031303;155 625 066;7;0;2;1;15;1
202300031304;155 625 064;7;0;1;7;2;0
202300031305;155 625 062;2;0;2;1;1;1
202300031305;155 625 063;7;0;2;2;15;1
202300031306;155 625 059;7;0;2;4;23;1
202300031306;155 625 060;7;0;2;2;17;1
202300031306;155 625 061;7;0;2;1;1;1
202300031307;155 625 057;0;0;2;0;0;0
202300031307;155 625 058;33;0;2;6;1;1
202300031308;155 625 053;7;0;2;1;1;1
202300031308;155 625 054;7;0;2;8;1;1
202300031308;155 625 055;15;0;2;6;12;1
202300031308;155 625 056;15;0;2;2;1;1
202300031309;155 625 051;17;0;2;1;1;1
202300031309;155 625 052;7;0;2;4;23;1
202300031310;155 625 050;33;16;0;7;26;1
202300031311;155 625 046;7;0;2;3;13;0
202300031311;155 625 048;33;0;2;2;3;1
202300031312;155 625 045;10;0;2;3;20;1
202300031312;155 625 047;2;0;2;2;2;3
202300031313;155 625 042;7;0;2;6;1;1
202300031313;155 625 043;7;0;2;1;15;1
202300031314;155 625 041;7;0;1;2;1;1
202300031315;155 625 039;30;0;2;1;1;1
202300031315;155 625 040;7;0;2;0;5;1
202300031316;155 625 037;7;0;2;2;2;1
202300031316;155 625 038;7;0;2;1;13;1
202300031317;155 625 036;7;0;0;0;1;1
202300031318;155 625 034;7;0;1;1;15;1
202300031319;155 625 032;34;0;2;3;17;1
202300031319;155 625 033;7;0;2;3;1;1
202300031319;155 625 035;7;0;2;6;21;1
202300031320;155 625 030;33;3;0;1;0;1
202300031321;155 625 029;30;0;2;1;1;1
202300031321;155 625 031;32;0;2;1;15;1
202300031322;155 625 028;7;1;0;3;16;1
202300031323;155 625 025;10;0;2;1;9;1
202300031323;155 625 027;1;0;2;7;26;5
202300031324;155 625 024;7;0;2;1;1;1
202300031324;155 625 026;7;0;2;6;15;2
202300031325;155 625 022;7;0;2;1;12;1
202300031325;155 625 023;1;0;2;4;1;5
202300031326;155 625 019;33;0;0;0;26;1
202300031327;155 625 016;7;0;2;3;1;1
202300031327;155 625 018;1;0;2;2;0;5
202300031328;155 625 015;7;0;2;2;1;1
202300031328;155 625 017;31;0;2;3;9;1
202300031329;155 625 014;30;14;0;1;25;1
202300031330;155 625 012;7;0;2;7;11;1
202300031330;155 625 013;33;4;2;7;0;1
202300031331;155 625 009;32;0;2;1;1;1
202300031331;155 625 010;7;0;2;5;15;1
202300031332;155 625 008;50;0;9;1;1;3
202300031333;155 625 007;7;0;9;3;26;1
202300031334;155 625 005;7;1;0;1;0;1
202300031334;155 625 006;15;1;2;1;24;0
202300031335;155 625 004;10;0;1;1;16;1
202300031336;155 625 003;7;0;9;9;1;0
202300031337;155 625 002;2;1;0;1;13;1
202300031338;155 624 999;7;0;2;8;15;1
202300031338;155 625 001;32;0;2;2;17;1
202300031339;155 625 000;7;0;1;2;13;1
202300031340;155 624 997;30;0;0;8;16;1
202300031341;155 624 996;7;0;2;8;19;1
202300031341;155 624 998;7;0;2;2;1;1
202300031342;155 624 994;7;0;2;8;11;1
202300031342;155 624 995;43;0;2;7;1;1
202300031343;155 624 992;7;0;2;3;15;1
202300031343;155 624 993;7;6;2;2;17;1
202300031344;155 624 991;7;0;1;8;1;1
202300031345;155 624 989;7;0;9;7;19;1
202300031345;155 624 990;2;0;2;1;1;1
202300031346;155 624 988;7;0;1;0;1;0
202300031347;155 624 986;10;0;1;2;26;1
202300031348;155 624 978;10;0;1;3;1;1
202300031349;155 624 974;7;1;0;2;14;1
202300031349;155 624 976;17;0;2;6;24;1
202300031350;155 624 975;7;0;2;1;1;1
202300031350;155 624 977;7;0;2;8;1;1
202300031351;155 624 972;7;2;0;3;13;1
202300031352;155 624 969;7;0;2;8;11;2
202300031352;155 624 971;7;1;2;7;1;1
202300031352;155 624 973;7;0;2;5;0;2
202300031353;155 624 968;7;0;2;2;19;1
202300031353;155 624 970;7;0;2;1;2;1
202300031354;155 624 964;33;0;1;8;2;1
202300031355;155 624 963;7;0;2;4;23;1
202300031355;155 624 965;7;1;0;1;1;1
202300031356;155 624 961;80;1;0;1;21;3
202300031356;155 624 962;10;0;2;8;24;1
202300031357;155 624 959;7;0;2;0;1;1
202300031357;155 624 960;7;0;2;0;0;1
202300031358;155 624 957;7;0;2;3;13;1
202300031358;155 624 958;7;0;2;3;0;1
202300031359;155 624 955;7;0;2;1;1;1
202300031359;155 624 956;7;0;2;1;17;1
202300031360;155 624 954;7;8;0;2;16;1
202300031361;155 624 952;7;0;2;7;2;1
202300031361;155 624 953;7;0;2;6;2;1
202300031362;155 624 949;7;0;2;2;22;1
202300031362;155 624 951;1;0;2;1;1;5
202300031363;155 624 948;2;0;2;1;1;1
202300031363;155 624 950;7;0;2;1;1;1
202300031364;155 624 945;7;9;0;1;1;1
202300031365;155 624 946;10;0;2;4;20;1
202300031365;155 624 947;1;0;2;1;1;5
202300031366;155 624 944;7;0;1;1;1;1
202300031367;155 624 940;7;0;2;1;2;3
202300031367;155 624 942;7;0;2;4;23;1
202300031367;155 624 943;7;0;2;4;23;1
202300031368;155 624 939;50;0;2;1;15;3
202300031368;155 624 941;7;0;9;1;1;1
202300031369;155 624 936;1;1;2;0;1;5
202300031369;155 624 938;7;0;2;0;22;1
202300031370;155 624 935;7;0;2;1;1;1
202300031370;155 624 937;7;0;2;1;1;1
202300031371;155 624 932;7;0;2;1;1;1
202300031371;155 624 934;1;0;2;7;1;5
202300031372;155 624 931;7;0;2;2;1;1
202300031372;155 624 933;7;0;2;3;1;1
202300031373;155 624 930;7;0;1;1;15;0
202300031374;155 624 929;7;6;0;1;15;1
202300031375;155 624 927;33;0;2;7;1;1
202300031375;155 624 928;7;0;2;1;1;1
202300031376;155 624 925;7;0;2;8;1;1
202300031376;155 624 926;50;0;2;1;15;3
202300031377;155 624 923;32;0;2;4;1;1
202300031377;155 624 924;7;0;2;0;0;0
202300031378;155 624 921;7;0;2;2;1;1
202300031378;155 624 922;31;0;2;3;2;1
202300031379;155 624 920;7;4;0;9;13;1
202300031380;155 624 918;7;0;1;6;15;1
202300031381;155 624 917;7;0;2;3;13;1
202300031381;155 624 919;7;0;2;2;1;1
202300031382;155 624 914;7;0;2;4;11;1
202300031382;155 624 916;7;0;2;1;1;1
202300031383;155 624 913;14;0;2;1;1;1
202300031383;155 624 915;7;0;2;1;13;1
202300031384;155 624 912;7;9;2;9;2;0
202300031385;155 624 911;7;13;0;2;2;1
202300031386;155 624 909;15;3;0;8;1;1
202300031387;155 624 908;7;0;2;3;16;1
202300031387;155 624 910;7;0;2;3;1;1
202300031388;155 624 906;7;0;2;3;1;1
202300031388;155 624 907;7;0;2;3;21;1
202300031389;155 624 904;7;0;2;1;2;1
202300031389;155 624 905;7;0;2;4;1;1
202300031390;155 624 902;1;0;2;1;2;5
202300031390;155 624 903;1;0;2;4;2;5
202300031391;155 624 901;10;0;1;3;1;1
202300031392;155 624 900;7;13;0;2;21;0
202300031393;155 624 899;7;0;1;1;1;0
202300031394;155 624 897;7;13;2;3;0;1
202300031394;155 624 898;7;0;2;3;0;1
202300031395;155 624 896;7;16;0;7;14;1
202300031396;155 624 895;2;0;0;0;0;1
202300031397;155 624 893;7;0;2;7;15;1
202300031397;155 624 894;32;0;2;7;1;1
202300031398;155 624 892;7;6;0;1;0;1
202300031399;155 624 889;7;0;2;1;15;1
202300031399;155 624 891;7;0;2;1;1;1
202300031400;155 624 888;7;0;2;1;0;1
202300031400;155 624 890;7;2;0;4;2;1
202300031401;155 624 886;33;0;0;9;1;1
202300031402;155 624 885;7;0;2;1;26;1
202300031402;155 624 887;2;0;2;4;23;1
202300031403;155 624 883;7;0;1;1;1;1
202300031404;155 624 884;7;2;0;3;1;1
202300031405;155 624 879;7;0;2;1;1;1
202300031405;155 624 881;7;0;2;1;1;1
202300031406;155 624 880;1;0;2;4;16;5
202300031406;155 624 882;7;0;2;2;16;1
202300031407;155 624 878;1;0;0;0;1;5
202300031408;155 624 877;7;4;0;3;1;1
202300031409;155 624 876;7;13;0;1;0;1
202300031410;155 624 874;17;0;2;1;16;1
202300031410;155 624 875;7;0;2;1;1;1
202300031411;155 624 873;7;0;1;4;4;1
202300031412;155 624 869;7;0;0;3;26;1
202300031412;155 624 871;30;0;0;1;0;1
202300031413;155 624 870;2;0;2;1;1;1
202300031413;155 624 872;7;0;2;3;15;1
202300031414;155 624 868;7;1;0;2;0;0
202300031415;155 624 866;7;0;0;5;1;1
202300031416;155 624 863;7;14;0;9;1;1
202300031417;155 624 862;7;0;2;1;1;1
202300031417;155 624 864;7;0;2;1;13;1
202300031418;155 624 861;33;0;0;9;1;1
202300031419;155 624 860;7;0;1;3;1;1
202300031420;155 624 858;33;6;2;3;1;1
202300031420;155 624 859;7;0;2;6;9;1
202300031421;155 624 857;7;0;1;2;16;1
202300031422;155 624 856;7;0;1;2;1;1
202300031423;155 624 853;7;2;0;7;13;1
202300031424;155 624 854;7;0;2;1;9;1
202300031424;155 624 855;7;0;2;4;9;1
202300031425;155 624 852;33;1;0;1;1;1
202300031426;155 624 851;7;0;1;1;1;1
202300031427;155 624 850;7;9;0;1;1;1
202300031428;155 624 848;7;8;2;1;15;2
202300031428;155 624 849;7;0;2;1;18;1
202300031429;155 624 846;7;0;2;3;15;1
202300031429;155 624 847;33;0;1;7;17;1
202300031430;155 624 845;7;0;1;1;1;1
202300031431;155 624 843;7;0;2;7;17;0
202300031431;155 624 844;1;0;0;8;1;5
202300031432;155 624 841;7;14;0;1;14;1
202300031433;155 624 840;1;0;2;1;5;5
202300031433;155 624 842;7;0;2;1;1;1
202300031434;155 624 836;10;0;2;1;1;1
202300031434;155 624 837;7;0;2;4;1;1
202300031434;155 624 839;7;0;2;4;1;1
202300031435;155 624 835;31;0;2;1;13;1
202300031435;155 624 838;7;0;2;3;1;1
202300031436;155 624 834;7;0;0;0;1;1
202300031437;155 624 833;7;0;1;3;15;1
202300031438;155 624 831;7;13;2;4;1;1
202300031438;155 624 832;43;0;2;1;1;1
202300031439;155 624 828;2;0;2;1;1;1
202300031439;155 624 830;10;0;2;4;26;1
202300031440;155 624 826;7;0;2;3;21;1
202300031440;155 624 827;7;0;2;5;1;1
202300031440;155 624 829;7;0;0;0;13;0
202300031441;155 624 823;7;0;2;1;1;0
202300031441;155 624 825;7;8;2;1;19;1
202300031442;155 624 822;7;0;2;3;1;1
202300031442;155 624 824;33;0;2;3;13;1
202300031443;155 624 821;30;0;1;0;17;1
202300031444;155 624 818;7;0;2;8;5;1
202300031444;155 624 820;7;0;2;3;1;1
202300031445;155 624 817;32;0;2;1;17;1
202300031445;155 624 819;7;0;2;4;1;1
202300031446;155 624 814;7;0;0;0;0;1
202300031446;155 624 816;36;0;0;9;0;1
202300031447;155 624 813;33;0;2;1;1;1
202300031447;155 624 815;7;0;2;8;15;1
202300031448;155 624 811;7;13;0;9;1;1
202300031449;155 624 808;10;0;2;2;17;1
202300031449;155 624 809;1;0;0;4;2;5
202300031450;155 624 807;7;0;2;7;1;1
202300031450;155 624 810;7;14;0;1;0;1
202300031450;155 624 812;7;0;2;1;15;1
202300031451;155 624 806;33;0;0;9;15;1
202300031452;155 624 803;2;7;0;0;0;1
202300031453;155 624 805;34;0;1;1;2;1
202300031454;155 624 801;30;0;2;7;3;1
202300031454;155 624 802;7;0;2;3;19;1
202300031455;155 624 798;7;0;2;1;16;1
202300031455;155 624 800;7;0;2;7;1;1
202300031456;155 624 797;1;0;2;3;15;5
202300031456;155 624 799;7;0;2;2;17;0
202300031457;155 624 796;33;0;0;0;1;1
202300031458;155 624 794;7;0;2;3;1;1
202300031458;155 624 795;7;0;2;3;13;1
202300031459;155 624 792;7;0;2;1;1;0
202300031459;155 624 793;7;0;2;1;13;0
202300031460;155 624 790;7;0;0;6;15;1
202300031460;155 624 791;33;0;2;1;1;1
202300031461;155 624 789;10;13;0;3;13;1
202300031462;155 624 788;1;3;0;9;21;5
202300031463;155 624 786;7;1;1;1;5;1
202300031463;155 624 787;7;1;0;6;20;1
202300031464;155 624 785;1;0;6;1;1;5
202300031465;155 624 784;7;2;0;7;1;1
202300031466;155 624 781;1;0;0;1;1;5
202300031466;155 624 782;1;0;5;1;1;5
202300031466;155 624 783;1;16;0;1;1;5
202300031467;155 624 779;7;0;2;2;15;1
202300031467;155 624 780;1;0;2;1;1;5
202300031468;155 624 777;7;0;2;3;1;1
202300031468;155 624 778;2;0;2;1;1;1
202300031469;155 624 776;7;0;0;0;0;0
202300031470;155 624 772;7;0;9;3;17;1
202300031470;155 624 773;1;0;2;8;1;5
202300031470;155 624 774;1;0;2;8;1;5
202300031470;155 624 775;1;0;2;8;1;5
202300031471;155 624 771;3;0;0;8;13;1
202300031472;155 624 770;33;0;0;8;15;1
202300031473;155 624 768;7;16;2;1;2;1
202300031473;155 624 769;7;0;0;4;1;1
202300031474;155 624 766;7;0;2;3;0;1
202300031474;155 624 767;7;0;2;3;0;1
202300031475;155 624 765;33;0;0;9;1;1
202300031476;155 624 763;2;0;2;1;13;1
202300031476;155 624 764;7;0;2;2;1;1
202300031477;155 624 761;2;0;1;1;0;3
202300031478;155 624 760;14;0;1;3;1;1
202300031479;155 624 757;7;0;0;4;1;1
202300031479;155 624 758;7;15;2;7;14;1
202300031479;155 624 759;7;0;2;8;1;1
202300031480;155 624 756;7;3;0;1;21;1
202300031481;155 624 754;7;0;2;5;2;1
202300031481;155 624 755;33;0;2;1;2;1
202300031482;155 624 751;7;0;2;1;2;1
202300031482;155 624 752;7;0;0;4;2;2
202300031482;155 624 753;7;0;0;8;2;1
202300031483;155 624 750;33;14;0;1;1;1
202300031484;155 624 749;33;5;0;0;1;1
202300031485;155 624 746;7;0;2;4;1;1
202300031485;155 624 747;7;0;2;4;1;1
202300031485;155 624 748;7;0;2;1;1;1
202300031486;155 624 745;10;13;0;2;14;1
202300031487;155 624 744;7;0;1;3;21;1
202300031488;155 624 742;7;0;2;1;1;1
202300031488;155 624 743;10;0;2;3;13;1
202300031489;155 624 739;13;16;2;5;1;1
202300031489;155 624 740;7;0;2;1;1;1
202300031489;155 624 741;10;0;2;1;1;1
202300031490;155 624 738;7;2;0;1;1;1
202300031491;155 624 736;32;0;2;1;2;1
202300031491;155 624 737;32;0;2;6;2;1
202300031492;155 624 734;33;0;2;1;17;1
202300031492;155 624 735;7;0;2;3;15;0
202300031493;155 624 732;7;0;2;8;11;1
202300031493;155 624 733;50;0;2;1;1;3
202300031494;155 624 730;7;0;2;3;13;0
202300031494;155 624 731;33;13;2;3;1;1
202300031495;155 624 728;7;0;2;1;13;1
202300031495;155 624 729;10;0;2;6;0;1
202300031496;155 624 727;7;0;0;0;0;1
202300031497;155 624 726;2;0;0;9;1;1
202300031498;155 624 724;33;12;2;5;1;1
202300031498;155 624 725;7;0;2;5;26;1
202300031499;155 624 723;7;6;0;1;2;0
202300031500;155 624 721;7;0;2;3;13;1
202300031500;155 624 722;7;0;2;3;1;1
202300031501;155 624 720;7;0;1;5;4;1
202300031502;155 624 719;50;0;0;1;1;3
202300031503;155 624 718;7;6;0;3;2;0
202300031504;155 624 716;31;0;2;1;1;1
202300031504;155 624 717;7;0;2;3;19;1
202300031505;155 624 714;7;0;2;0;0;1
202300031505;155 624 715;1;0;2;0;13;5
202300031506;155 624 712;7;0;2;3;15;1
202300031506;155 624 713;1;0;2;8;1;5
202300031507;155 624 710;7;0;0;4;2;2
202300031507;155 624 711;2;0;2;1;2;1
202300031508;155 624 707;7;0;2;8;1;1
202300031508;155 624 708;7;0;2;3;1;1
202300031508;155 624 709;7;0;2;1;9;1
202300031509;155 624 705;7;0;2;1;2;1
202300031509;155 624 706;7;0;2;4;2;1
202300031510;155 624 704;43;14;0;1;1;1
202300031511;155 624 701;99;0;2;3;1;1
202300031511;155 624 702;7;0;2;4;1;1
202300031511;155 624 703;7;0;2;4;1;1
202300031512;155 624 700;33;16;0;8;1;1
202300031513;155 624 697;34;0;2;7;1;1
202300031513;155 624 699;7;0;0;0;0;0
202300031514;155 624 696;7;1;2;3;2;1
202300031514;155 624 698;17;0;2;3;0;0
202300031515;155 624 691;7;0;2;4;1;1
202300031515;155 624 693;7;0;2;4;1;1
202300031515;155 624 694;7;0;2;1;1;1
202300031515;155 624 695;7;0;2;1;1;1
202300031516;155 624 689;7;0;2;8;1;1
202300031516;155 624 690;7;0;2;1;13;1
202300031516;155 624 692;7;0;2;8;1;1
202300031517;155 624 687;7;0;0;5;0;1
202300031517;155 624 688;7;0;2;1;1;1
202300031518;155 624 684;7;4;0;9;26;1
202300031519;155 624 685;7;0;2;1;2;0
202300031519;155 624 686;7;0;2;4;1;1
202300031520;155 624 682;7;6;0;1;1;0
202300031521;155 624 681;7;0;2;7;0;1
202300031521;155 624 683;7;0;2;0;1;1
202300031522;155 624 679;7;0;1;2;0;0
202300031523;155 624 677;33;0;2;3;21;1
202300031523;155 624 678;7;0;2;3;1;1
202300031523;155 624 680;7;0;2;2;12;1
202300031524;155 624 676;7;0;1;1;16;1
202300031525;155 624 674;36;0;2;3;13;1
202300031525;155 624 675;7;0;2;3;1;1
202300031526;155 624 673;7;15;0;2;14;1
202300031527;155 624 672;7;0;1;4;4;1
202300031528;155 624 670;10;0;1;1;1;1
202300031529;155 624 671;32;0;1;1;1;1
202300031530;155 624 668;7;0;2;3;9;1
202300031530;155 624 669;7;0;2;0;0;1
202300031531;155 624 666;7;0;2;2;1;1
202300031531;155 624 667;7;5;0;8;15;2
202300031532;155 624 663;7;0;2;0;2;0
202300031532;155 624 664;7;0;2;8;23;1
202300031532;155 624 665;7;0;2;4;2;1
202300031533;155 624 659;7;0;2;2;16;1
202300031533;155 624 661;7;0;2;3;1;1
202300031534;155 624 660;7;0;9;1;9;1
202300031534;155 624 662;1;0;2;8;5;5
202300031535;155 624 658;30;0;1;0;0;1
202300031536;155 624 657;7;0;1;1;21;1
202300031537;155 624 655;7;0;2;2;14;1
202300031537;155 624 656;2;0;2;1;1;1
202300031538;155 624 651;7;0;2;1;5;1
202300031538;155 624 653;7;0;2;1;1;1
202300031539;155 624 652;50;0;2;3;1;3
202300031539;155 624 654;7;0;9;5;17;1
202300031540;155 624 649;7;0;2;8;1;1