Num_Acc;id_vehicule;catv;obs;obsm;choc;manv;motor
202300032593;155 622 784;31;0;9;1;2;0
202300032593;155 622 786;1;0;0;4;2;5
202300032594;155 622 778;7;0;2;1;13;2
202300032594;155 622 781;34;0;2;1;1;1
202300032595;155 622 779;2;0;2;3;1;1
202300032595;155 622 782;10;1;2;2;15;0
202300032596;155 622 777;7;0;2;1;1;1
202300032596;155 622 780;17;0;0;0;1;1
202300032597;155 622 776;33;0;0;5;1;1
202300032598;155 622 771;50;0;2;1;2;3
202300032598;155 622 774;7;0;2;4;23;1
202300032599;155 622 770;7;0;0;1;13;0
202300032599;155 622 772;10;0;0;1;1;0
202300032600;155 622 766;7;0;2;3;16;1
202300032600;155 622 767;7;0;2;3;23;1
202300032601;155 622 765;32;0;1;1;1;0
202300032602;155 622 763;7;0;2;4;23;1
202300032602;155 622 764;7;0;2;1;1;1
202300032603;155 622 761;7;0;2;1;1;0
202300032603;155 622 762;7;0;2;1;1;1
202300032604;155 622 758;10;0;9;6;15;1
202300032604;155 622 760;32;16;0;7;17;1
202300032605;155 622 755;7;9;2;8;15;1
202300032605;155 622 757;7;9;2;2;15;1
202300032606;155 622 756;34;0;2;3;9;1
202300032606;155 622 759;7;0;2;3;21;1
202300032607;155 622 753;13;0;1;3;5;1
202300032608;155 622 752;7;0;9;7;15;1
202300032608;155 622 754;1;0;2;1;1;5
202300032609;155 622 749;7;0;2;7;26;1
202300032609;155 622 751;7;0;2;1;1;1
202300032610;155 622 748;15;0;2;3;12;1
202300032610;155 622 750;7;0;0;5;1;1
202300032611;155 622 745;2;0;2;1;1;1
202300032611;155 622 747;7;0;2;1;15;1
202300032612;155 622 744;7;0;2;1;1;0
202300032612;155 622 746;7;0;2;1;5;1
202300032613;155 622 742;7;0;2;1;1;1
202300032613;155 622 743;7;0;2;4;1;1
202300032614;155 622 741;7;0;1;1;15;1
202300032615;155 622 739;7;0;0;8;15;1
202300032615;155 622 740;33;0;0;1;17;1
202300032616;155 622 736;7;0;0;9;1;1
202300032617;155 622 737;7;0;2;3;1;1
202300032617;155 622 738;2;0;2;1;13;1
202300032618;155 622 731;2;0;2;1;1;1
202300032618;155 622 734;50;0;2;1;5;3
202300032619;155 622 732;7;4;0;4;23;1
202300032619;155 622 735;7;0;2;1;21;1
202300032620;155 622 730;7;0;2;3;1;1
202300032620;155 622 733;2;0;2;3;5;1
202300032621;155 622 728;31;5;0;1;17;1
202300032622;155 622 727;33;0;0;5;1;1
202300032622;155 622 729;7;0;2;2;15;1
202300032623;155 622 726;7;0;1;1;1;0
202300032624;155 622 725;7;2;0;2;14;1
202300032625;155 622 721;33;0;2;1;17;0
202300032625;155 622 724;7;0;2;8;15;0
202300032626;155 622 720;7;0;2;3;26;1
202300032626;155 622 723;32;0;2;1;1;1
202300032627;155 622 719;7;0;1;1;1;1
202300032627;155 622 722;7;0;2;3;1;1
202300032628;155 622 718;7;0;1;2;19;1
202300032629;155 622 716;10;0;2;2;17;1
202300032629;155 622 717;2;0;2;1;2;1
202300032630;155 622 713;33;0;0;7;1;1
202300032631;155 622 711;7;0;2;1;0;1
202300032631;155 622 714;7;0;2;1;0;1
202300032632;155 622 710;33;0;2;5;2;1
202300032632;155 622 712;10;0;2;1;15;1
202300032633;155 622 709;33;0;1;1;3;1
202300032634;155 622 706;7;0;2;2;9;1
202300032634;155 622 708;1;0;2;3;2;5
202300032635;155 622 703;7;0;2;1;17;1
202300032635;155 622 707;15;0;2;4;16;1
202300032636;155 622 702;7;2;0;8;1;1
202300032637;155 622 704;7;0;2;4;2;1
202300032637;155 622 705;10;0;2;1;2;1
202300032638;155 622 700;10;0;1;3;1;1
202300032639;155 622 697;10;0;2;4;1;1
202300032639;155 622 699;10;0;2;1;2;1
202300032640;155 622 695;7;0;2;2;13;1
202300032640;155 622 698;33;0;2;1;1;1
202300032641;155 622 696;7;16;0;0;1;1
202300032642;155 622 693;31;12;0;1;1;6
202300032643;155 622 692;7;0;2;1;1;2
202300032643;155 622 694;7;0;2;7;13;1
202300032644;155 622 689;7;0;2;7;17;1
202300032644;155 622 690;33;0;0;8;1;1
202300032645;155 622 688;7;0;2;8;1;1
202300032645;155 622 691;7;0;2;1;19;1
202300032646;155 622 687;21;9;0;1;1;1
202300032647;155 622 686;7;0;1;2;1;1
202300032648;155 622 685;50;0;0;0;1;3
202300032649;155 622 683;10;0;1;1;1;1
202300032650;155 622 682;7;0;2;2;5;1
202300032650;155 622 684;33;0;2;1;0;1
202300032651;155 622 679;7;0;1;2;1;1
202300032652;155 622 680;7;0;2;7;1;1
202300032652;155 622 681;33;0;2;8;1;1
202300032653;155 622 676;7;0;0;8;1;0
202300032653;155 622 678;7;0;2;1;1;0
202300032654;155 622 675;2;0;0;3;1;1
202300032655;155 622 674;33;1;0;1;2;1
202300032655;155 622 677;7;0;0;6;2;1
202300032656;155 622 669;7;0;2;3;2;1
202300032656;155 622 671;33;0;0;4;15;1
202300032657;155 622 670;33;0;2;1;17;1
202300032657;155 622 673;7;0;2;3;15;1
202300032658;155 622 672;7;0;1;3;15;1
202300032659;155 622 667;36;0;1;0;0;0
202300032660;155 622 664;7;12;0;8;13;0
202300032661;155 622 663;2;0;2;1;1;1
202300032661;155 622 666;7;0;2;1;19;1
202300032662;155 622 660;32;0;2;6;0;0
202300032662;155 622 662;7;0;2;2;0;1
202300032663;155 622 659;10;2;0;8;14;1
202300032664;155 622 658;7;0;9;1;1;1
202300032664;155 622 661;1;0;2;4;1;5
202300032665;155 622 656;7;0;2;2;2;1
202300032665;155 622 657;7;0;2;6;18;1
202300032666;155 622 653;7;0;2;3;13;1
202300032666;155 622 655;7;0;2;3;1;1
202300032667;155 622 652;21;0;2;1;1;1
202300032667;155 622 654;7;13;2;1;1;2
202300032668;155 622 650;7;0;2;2;21;1
202300032668;155 622 651;7;0;2;6;0;1
202300032669;155 622 645;10;0;9;0;1;1
202300032669;155 622 648;7;16;0;1;1;1
202300032670;155 622 646;33;0;0;7;21;1
202300032670;155 622 649;10;0;2;1;9;1
202300032671;155 622 647;7;0;1;3;1;1
202300032672;155 622 641;14;0;2;2;12;0
202300032672;155 622 643;7;4;2;8;1;0
202300032673;155 622 638;10;0;2;1;2;1
202300032673;155 622 639;7;0;2;6;2;1
202300032673;155 622 642;7;0;2;5;2;3
202300032674;155 622 640;7;0;2;1;1;1
202300032674;155 622 644;7;0;2;1;15;1
202300032675;155 622 631;10;0;2;1;2;1
202300032675;155 622 634;7;3;2;4;0;1
202300032675;155 622 636;10;0;2;4;26;1
202300032675;155 622 637;7;3;2;4;2;1
202300032676;155 622 633;7;0;2;3;13;1
202300032676;155 622 635;7;0;2;3;1;1
202300032677;155 622 632;7;0;1;3;1;1
202300032678;155 622 628;7;0;2;4;1;1
202300032678;155 622 630;43;0;2;1;3;1
202300032679;155 622 627;7;0;2;1;1;1
202300032679;155 622 629;10;0;2;7;1;1
202300032680;155 622 626;7;0;0;0;13;1
202300032681;155 622 624;7;2;0;1;2;1
202300032682;155 622 622;7;0;2;3;11;1
202300032682;155 622 625;7;0;2;8;1;1
202300032683;155 622 623;7;2;0;2;1;1
202300032684;155 622 621;7;0;1;1;1;1
202300032685;155 622 619;7;0;2;1;2;1
202300032685;155 622 620;7;0;2;6;2;3
202300032686;155 622 615;10;0;2;1;0;1
202300032686;155 622 617;7;0;2;1;1;1
202300032687;155 622 616;2;10;2;8;1;1
202300032687;155 622 618;13;0;2;6;1;1
202300032688;155 622 614;7;13;0;2;1;3
202300032689;155 622 611;7;0;2;8;1;1
202300032689;155 622 613;13;0;2;2;12;1
202300032690;155 622 612;2;0;0;0;1;1
202300032691;155 622 607;7;0;2;3;1;1
202300032691;155 622 610;7;0;2;3;15;1
202300032692;155 622 605;7;0;1;3;0;1
202300032693;155 622 604;7;0;0;1;1;0
202300032693;155 622 606;7;0;2;3;13;0
202300032693;155 622 608;7;0;0;6;15;0
202300032694;155 622 603;7;0;1;1;26;1
202300032695;155 622 609;10;0;1;3;15;1
202300032696;155 622 601;7;0;2;1;13;1
202300032696;155 622 602;7;0;2;1;1;1
202300032697;155 622 599;7;0;2;1;9;1
202300032697;155 622 600;1;0;2;1;1;6
202300032698;155 622 598;7;6;0;0;0;1
202300032699;155 622 596;7;0;2;1;13;1
202300032699;155 622 597;7;0;2;1;1;1
202300032700;155 622 594;7;0;2;1;13;0
202300032700;155 622 595;7;0;2;1;21;0
202300032701;155 622 591;7;0;0;0;2;0
202300032701;155 622 592;7;0;0;0;17;0
202300032702;155 622 589;7;0;2;2;17;1
202300032702;155 622 590;30;0;2;1;1;1
202300032703;155 622 588;7;0;2;3;9;1
202300032703;155 622 593;7;0;2;1;1;1
202300032704;155 622 586;33;3;0;9;17;1
202300032705;155 622 585;33;0;2;1;1;1
202300032705;155 622 587;7;0;0;8;15;1
202300032706;155 622 582;30;0;2;1;1;1
202300032706;155 622 584;7;0;2;4;0;1
202300032707;155 622 580;7;0;2;1;1;0
202300032707;155 622 581;7;0;2;3;5;0
202300032708;155 622 577;7;0;2;1;26;1
202300032708;155 622 579;7;0;2;1;13;1
202300032709;155 622 578;7;0;2;2;15;1
202300032709;155 622 583;2;0;2;1;1;1
202300032710;155 622 576;7;13;0;9;1;0
202300032711;155 622 573;7;4;2;2;16;1
202300032711;155 622 575;7;0;2;3;15;1
202300032712;155 622 570;7;0;2;2;0;1
202300032712;155 622 571;7;0;2;3;1;1
202300032712;155 622 574;20;0;2;6;1;1
202300032713;155 622 572;2;0;0;0;1;1
202300032714;155 622 567;7;0;2;1;1;1
202300032714;155 622 569;7;0;2;4;1;1
202300032715;155 622 562;7;13;2;1;23;1
202300032715;155 622 565;15;11;2;1;15;1
202300032715;155 622 568;15;11;2;1;1;1
202300032716;155 622 563;7;0;2;2;11;1
202300032716;155 622 564;2;0;2;8;1;1
202300032717;155 622 561;21;0;2;8;15;1
202300032717;155 622 566;17;0;2;2;17;1
202300032718;155 622 560;33;0;0;0;26;1
202300032719;155 622 558;7;0;2;3;16;1
202300032719;155 622 559;1;0;2;1;19;5
202300032720;155 622 556;7;13;0;1;1;2
202300032721;155 622 553;10;0;2;1;2;1
202300032721;155 622 555;7;0;2;4;23;1
202300032722;155 622 552;7;0;2;1;1;1
202300032722;155 622 557;7;0;2;6;15;2
202300032723;155 622 550;10;0;0;3;24;1
202300032723;155 622 551;7;1;0;2;17;1
202300032723;155 622 554;7;0;0;8;1;2
202300032724;155 622 548;7;0;2;2;1;1
202300032724;155 622 549;33;0;2;4;11;1
202300032725;155 622 545;7;1;0;1;0;1
202300032726;155 622 544;15;0;2;2;1;1
202300032726;155 622 546;7;0;0;4;0;1
202300032727;155 622 543;7;15;0;1;14;1
202300032728;155 622 541;50;0;2;8;18;3
202300032728;155 622 547;15;0;2;7;2;1
202300032729;155 622 539;7;0;2;3;15;1
202300032729;155 622 542;30;0;2;1;1;1
202300032730;155 622 538;10;0;2;3;1;1
202300032730;155 622 540;33;0;2;1;1;1
202300032731;155 622 535;2;0;2;1;2;1
202300032731;155 622 537;7;0;2;4;1;1
202300032732;155 622 534;7;0;0;1;0;1
202300032733;155 622 533;33;16;0;7;1;1
202300032733;155 622 536;7;0;0;0;0;1
202300032734;155 622 531;7;0;2;1;1;1
202300032734;155 622 532;1;0;2;7;19;5
202300032735;155 622 527;7;0;2;3;15;1
202300032735;155 622 529;33;3;2;1;18;1
202300032736;155 622 525;7;8;0;0;13;1
202300032737;155 622 530;33;2;0;1;13;1
202300032738;155 622 523;99;0;0;0;0;3
202300032739;155 622 518;7;0;2;3;16;1
202300032739;155 622 521;30;0;0;0;0;1
202300032740;155 622 519;30;0;2;1;2;1
202300032740;155 622 522;7;0;0;6;2;1
202300032741;155 622 517;1;0;0;4;2;5
202300032741;155 622 520;7;0;2;2;2;1
202300032742;155 622 514;7;1;2;8;1;1
202300032742;155 622 516;7;1;2;1;9;1
202300032743;155 622 510;7;2;0;5;1;1
202300032744;155 622 512;2;0;2;1;1;1
202300032744;155 622 513;10;0;2;2;15;1
202300032745;155 622 508;30;12;0;7;1;6
202300032746;155 622 509;13;0;2;2;14;1
202300032746;155 622 511;7;4;0;6;1;1
202300032746;155 622 515;10;0;2;1;1;1
202300032747;155 622 506;7;0;9;3;9;0
202300032747;155 622 507;50;0;0;8;11;3
202300032748;155 622 504;7;0;2;1;1;1
202300032748;155 622 505;32;0;2;8;1;1
202300032749;155 622 501;7;0;2;2;16;1
202300032749;155 622 502;30;0;2;1;1;1
202300032750;155 622 503;7;0;1;1;16;1
202300032751;155 622 499;31;0;2;1;1;1
202300032751;155 622 500;7;0;2;2;15;1
202300032752;155 622 497;7;1;0;1;1;1
202300032753;155 622 495;7;0;0;5;23;3
202300032753;155 622 498;7;0;2;1;2;1
202300032754;155 622 493;33;0;2;1;1;1
202300032754;155 622 494;10;0;2;8;26;3
202300032755;155 622 492;1;15;9;1;2;5
202300032756;155 622 489;7;0;2;3;2;1
202300032756;155 622 491;1;0;2;1;19;5
202300032757;155 622 490;15;0;2;4;1;1
202300032757;155 622 496;7;0;2;1;1;1
202300032758;155 622 487;7;0;0;9;1;1
202300032759;155 622 484;7;0;2;1;1;1
202300032759;155 622 488;7;0;2;2;1;1
202300032760;155 622 486;7;0;0;0;20;1
202300032761;155 622 483;7;0;2;1;9;0
202300032761;155 622 485;50;0;2;7;1;3
202300032762;155 622 480;10;0;2;1;13;1
202300032762;155 622 481;1;0;2;1;16;5
202300032763;155 622 477;2;13;0;4;2;1
202300032763;155 622 479;0;0;2;1;2;0
202300032764;155 622 478;32;0;2;1;2;1
202300032764;155 622 482;7;0;2;5;2;1
202300032765;155 622 475;7;0;9;3;0;1
202300032765;155 622 476;1;0;2;3;1;5
202300032766;155 622 471;7;0;2;3;16;1
202300032766;155 622 474;7;0;2;2;1;1
202300032767;155 622 472;7;0;0;1;1;1
202300032767;155 622 473;7;0;0;8;1;1
202300032768;155 622 469;1;0;2;1;1;5
202300032768;155 622 470;7;0;9;2;15;1
202300032769;155 622 465;10;0;2;7;15;1
202300032769;155 622 467;33;0;2;1;1;1
202300032770;155 622 466;7;0;2;1;9;0
202300032770;155 622 468;7;0;2;3;1;0
202300032771;155 622 463;34;0;2;3;18;0
202300032771;155 622 464;10;0;2;7;16;0
202300032772;155 622 460;7;0;2;4;1;1
202300032772;155 622 462;7;0;2;1;2;1
202300032773;155 622 459;33;0;0;1;1;1
202300032773;155 622 461;30;0;0;7;0;1
202300032774;155 622 454;7;0;2;1;2;1
202300032774;155 622 457;7;0;0;4;2;1
202300032775;155 622 452;7;0;2;6;1;1
202300032775;155 622 455;7;0;2;8;1;1
202300032775;155 622 458;13;0;2;2;14;1
202300032776;155 622 453;7;0;2;4;2;1
202300032776;155 622 456;30;0;2;1;2;1
202300032777;155 622 448;7;0;2;4;1;1
202300032777;155 622 451;7;0;2;1;1;1
202300032778;155 622 447;7;0;2;1;13;1
202300032778;155 622 449;7;0;2;7;1;1
202300032778;155 622 450;7;0;2;4;1;1
202300032779;155 622 444;7;0;2;1;13;1
202300032779;155 622 446;7;0;2;1;1;1
202300032780;155 622 443;7;0;2;7;1;1
202300032780;155 622 445;10;0;2;0;0;1
202300032781;155 622 438;34;0;2;1;3;1
202300032781;155 622 440;7;0;2;8;1;1
202300032781;155 622 441;7;0;2;5;1;1
202300032782;155 622 439;7;0;2;2;17;1
202300032782;155 622 442;50;0;2;3;19;3
202300032783;155 622 435;34;0;2;1;3;1
202300032783;155 622 437;7;4;2;6;13;1
202300032784;155 622 434;2;0;2;1;0;1
202300032784;155 622 436;10;0;2;2;1;1
202300032785;155 622 432;32;0;2;1;1;1
202300032785;155 622 433;7;0;2;4;1;1
202300032786;155 622 431;34;4;0;7;14;1
202300032787;155 622 428;33;0;2;2;1;1
202300032787;155 622 430;7;0;2;6;11;1
202300032788;155 622 426;7;0;2;1;17;1
202300032788;155 622 427;7;0;2;1;1;1
202300032788;155 622 429;7;0;2;1;1;0
202300032789;155 622 421;7;0;2;1;2;1
202300032789;155 622 423;7;0;2;4;2;1
202300032789;155 622 425;7;0;2;4;2;1
202300032790;155 622 422;33;0;2;1;1;1
202300032790;155 622 424;7;0;2;3;9;1
202300032791;155 622 419;7;2;0;1;0;0
202300032792;155 622 418;10;0;2;8;1;1
202300032792;155 622 420;33;0;2;8;0;1
202300032793;155 622 417;7;0;1;1;1;1
202300032794;155 622 416;43;15;0;1;26;0
202300032795;155 622 412;10;0;2;1;2;1
202300032795;155 622 414;15;0;2;4;2;1
202300032796;155 622 413;10;0;2;1;5;1
202300032796;155 622 415;7;0;2;1;1;1
202300032797;155 622 410;7;2;0;1;0;1
202300032798;155 622 408;7;0;2;1;1;0
202300032798;155 622 409;7;0;2;4;1;0
202300032798;155 622 411;7;0;2;4;1;0
202300032799;155 622 407;7;3;0;3;1;1
202300032800;155 622 403;33;0;2;2;3;1
202300032800;155 622 406;7;0;2;3;12;1
202300032801;155 622 404;17;0;2;3;1;1
202300032801;155 622 405;7;0;2;7;12;1
202300032802;155 622 399;31;0;2;3;12;1
202300032802;155 622 401;7;0;2;0;0;1
202300032803;155 622 400;7;0;2;4;2;1
202300032803;155 622 402;7;0;2;1;2;1
202300032804;155 622 396;33;0;2;7;3;1
202300032804;155 622 398;7;0;2;8;11;1
202300032805;155 622 394;7;0;2;5;2;1
202300032805;155 622 395;32;0;2;1;2;1
202300032805;155 622 397;7;0;2;5;2;3
202300032806;155 622 390;14;0;2;1;1;1
202300032806;155 622 392;10;0;2;4;1;1
202300032806;155 622 393;7;0;2;4;1;0
202300032807;155 622 389;7;0;2;5;1;1
202300032807;155 622 391;32;0;2;1;2;1
202300032808;155 622 384;7;1;0;1;9;1
202300032808;155 622 386;15;0;2;6;24;1
202300032809;155 622 385;14;0;2;3;1;1
202300032809;155 622 387;7;0;2;8;9;1
202300032809;155 622 388;7;0;2;5;1;1
202300032810;155 622 379;7;0;2;1;1;1
202300032810;155 622 381;7;0;2;1;1;1
202300032810;155 622 383;7;0;2;4;1;1
202300032811;155 622 378;7;0;2;1;2;1
202300032811;155 622 380;7;0;2;4;2;1
202300032811;155 622 382;7;0;2;4;2;1
202300032812;155 622 373;10;0;2;1;2;1
202300032812;155 622 376;7;0;2;1;2;1
202300032812;155 622 377;10;0;2;0;0;1
202300032813;155 622 374;7;0;2;4;2;1
202300032813;155 622 375;37;0;2;1;0;1
202300032814;155 622 370;34;0;2;1;2;1
202300032814;155 622 372;10;0;2;6;2;1
202300032815;155 622 369;10;0;2;2;12;1
202300032815;155 622 371;33;0;2;8;3;1
202300032816;155 622 367;32;0;0;-1;26;3
202300032816;155 622 368;7;0;0;-1;0;0
202300032817;155 622 363;14;0;2;4;13;1
202300032817;155 622 364;10;0;2;4;1;1
202300032817;155 622 365;7;0;2;1;1;1
202300032817;155 622 366;7;0;2;1;1;1
202300032818;155 622 362;7;9;1;1;23;1
202300032819;155 622 358;7;0;1;1;1;-1
202300032820;155 622 359;7;0;2;3;15;1
202300032820;155 622 360;7;0;2;5;24;1
202300032820;155 622 361;33;1;2;3;1;1
202300032821;155 622 354;7;0;2;3;21;1
202300032821;155 622 355;3;0;2;2;1;1
202300032822;155 622 350;7;0;2;1;19;1
202300032822;155 622 351;50;0;2;7;1;3
202300032823;155 622 346;31;0;2;1;10;0
202300032823;155 622 348;7;0;9;1;1;0
202300032824;155 622 344;7;0;2;1;9;1
202300032824;155 622 345;7;0;2;7;2;1
202300032825;155 622 342;7;0;2;1;9;0
202300032825;155 622 343;1;0;0;1;0;5
202300032826;155 622 340;7;0;0;1;9;0
202300032826;155 622 341;7;15;0;7;1;0
202300032827;155 622 339;7;0;1;4;4;1
202300032828;155 622 337;7;0;2;1;1;1
202300032828;155 622 338;7;0;2;5;1;1
202300032829;155 622 334;7;0;2;1;2;1
202300032829;155 622 335;7;0;2;4;2;3
202300032829;155 622 336;7;0;2;1;2;1
202300032830;155 622 333;7;13;0;2;14;1
202300032831;155 622 332;37;0;1;1;1;1
202300032832;155 622 329;10;0;2;6;19;1
202300032832;155 622 331;50;0;2;6;1;3
202300032833;155 622 327;10;0;2;1;1;1
202300032833;155 622 328;10;0;2;6;1;1
202300032833;155 622 330;10;0;0;4;1;1
202300032834;155 622 325;7;0;9;1;9;1
202300032834;155 622 326;2;0;2;4;14;3
202300032835;155 622 322;7;0;2;1;19;1
202300032835;155 622 324;32;0;2;1;1;1
202300032836;155 622 321;7;0;2;7;1;1
202300032836;155 622 323;7;0;2;1;1;1
202300032837;155 622 319;7;0;1;1;1;1
202300032838;155 622 317;7;0;2;7;16;1
202300032838;155 622 318;50;0;2;1;19;3
202300032839;155 622 316;7;0;0;0;0;0
202300032839;155 622 320;7;0;2;8;1;0
202300032840;155 622 314;7;0;2;5;16;1
202300032840;155 622 315;80;0;2;8;7;3
202300032841;155 622 311;7;0;2;1;26;1
202300032841;155 622 313;30;0;2;7;15;1
202300032842;155 622 310;7;0;2;8;23;0
202300032842;155 622 312;43;0;2;8;14;1
202300032843;155 622 309;33;5;0;0;26;1
202300032844;155 622 305;7;0;2;8;11;1
202300032844;155 622 308;33;0;2;7;1;1
202300032845;155 622 306;7;0;2;0;0;1
202300032845;155 622 307;33;0;2;0;0;1
202300032846;155 622 302;50;0;2;8;19;3
202300032846;155 622 304;7;0;2;1;11;1
202300032847;155 622 303;32;0;0;0;1;1
202300032848;155 622 300;0;0;2;8;11;0
202300032848;155 622 301;34;0;2;7;1;1
202300032849;155 622 297;7;0;2;1;1;1
202300032849;155 622 298;30;0;2;1;5;3
202300032850;155 622 296;7;0;2;2;1;1
202300032850;155 622 299;50;0;2;1;15;3
202300032851;155 622 293;15;0;2;8;15;1
202300032851;155 622 295;7;0;2;1;17;4
202300032852;155 622 294;1;0;0;4;1;5
202300032853;155 622 291;31;0;2;1;1;1
202300032853;155 622 292;7;0;9;3;15;1
202300032854;155 622 289;1;0;1;1;1;5
202300032855;155 622 288;7;0;2;2;1;0
202300032855;155 622 290;50;0;2;1;10;3
202300032856;155 622 286;0;0;1;0;0;0
202300032857;155 622 285;10;0;1;3;9;0
202300032858;155 622 284;1;0;2;1;1;5
202300032858;155 622 287;10;9;2;2;16;1
202300032859;155 622 282;7;0;2;2;26;1
202300032859;155 622 283;7;0;2;6;2;1
202300032860;155 622 281;50;0;0;0;19;3
202300032861;155 622 280;7;0;1;2;1;1
202300032862;155 622 278;7;0;2;1;1;1
202300032862;155 622 279;7;14;2;1;1;1
202300032863;155 622 276;7;0;2;3;16;1
202300032863;155 622 277;7;0;2;2;1;1
202300032864;155 622 274;37;0;2;7;15;1
202300032864;155 622 275;33;0;2;8;1;1
202300032865;155 622 273;10;0;1;3;0;1
202300032866;155 622 271;7;0;2;3;15;1
202300032866;155 622 272;32;0;2;2;1;1
202300032867;155 622 268;7;0;2;1;1;1
202300032867;155 622 270;7;0;2;8;1;1
202300032868;155 622 267;3;0;2;3;13;1
202300032868;155 622 269;7;0;2;6;1;1
202300032869;155 622 265;33;0;2;0;1;1
202300032869;155 622 266;7;0;2;3;9;1
202300032870;155 622 262;7;0;2;2;15;1
202300032870;155 622 264;2;0;2;1;1;1
202300032871;155 622 261;7;0;2;5;1;1
202300032871;155 622 263;1;0;2;5;19;5
202300032872;155 622 259;7;0;2;3;20;1
202300032872;155 622 260;7;0;2;3;1;1
202300032873;155 622 257;7;0;2;4;23;0
202300032873;155 622 258;7;4;2;1;21;0
202300032874;155 622 256;7;0;1;1;15;1
202300032875;155 622 253;7;0;2;3;15;1
202300032875;155 622 255;2;0;2;1;17;1
202300032876;155 622 254;7;0;1;3;1;2
202300032877;155 622 251;2;0;2;1;17;1
202300032877;155 622 252;7;0;2;3;20;1
202300032878;155 622 247;7;0;0;1;0;0
202300032878;155 622 249;33;0;0;0;0;0
202300032879;155 622 248;7;0;2;6;11;1
202300032879;155 622 250;50;0;2;1;3;3
202300032880;155 622 245;30;0;2;1;16;1
202300032880;155 622 246;1;0;2;1;5;5
202300032881;155 622 244;1;0;1;1;1;5
202300032882;155 622 242;7;0;2;1;26;1
202300032882;155 622 243;7;0;2;7;11;1
202300032883;155 622 241;50;12;0;1;1;3
202300032884;155 622 240;40;0;1;7;1;3
202300032885;155 622 239;7;0;1;3;15;6
202300032886;155 622 238;30;0;0;0;10;1
202300032887;155 622 235;7;0;9;3;17;1
202300032887;155 622 237;50;0;2;1;1;3
202300032888;155 622 234;1;0;2;8;21;5
202300032888;155 622 236;7;0;2;5;23;1
202300032889;155 622 230;7;0;2;3;1;1
202300032889;155 622 233;7;0;2;0;0;1
202300032890;155 622 231;2;0;0;6;1;1
202300032890;155 622 232;7;0;2;3;1;1
202300032891;155 622 227;50;0;2;7;19;3
202300032891;155 622 229;7;0;2;3;2;1
202300032892;155 622 223;50;0;0;0;0;3
202300032892;155 622 225;7;2;0;2;16;1
202300032893;155 622 221;33;14;0;4;23;1
202300032894;155 622 216;1;0;2;1;1;5
202300032894;155 622 218;7;0;2;3;15;1
202300032895;155 622 214;50;0;2;1;2;3
202300032895;155 622 215;7;0;2;5;23;1
202300032896;155 622 210;30;0;2;1;13;1
202300032896;155 622 212;7;0;2;3;1;1
202300032897;155 622 211;32;0;2;1;1;1
202300032897;155 622 213;7;0;2;7;15;1
202300032898;155 622 208;7;0;2;1;1;1
202300032899;155 622 207;10;0;2;2;1;1
202300032899;155 622 209;7;0;2;8;15;1
202300032900;155 622 206;7;0;1;1;1;1
202300032901;155 622 204;32;0;2;3;1;1
202300032901;155 622 205;15;0;2;3;15;1
202300032902;155 622 202;7;0;2;1;15;1
202300032902;155 622 203;50;0;2;8;1;3
202300032903;155 622 200;7;0;2;8;0;1
202300032903;155 622 201;80;0;2;1;0;3
202300032904;155 622 199;7;0;1;1;26;1
202300032905;155 622 198;10;0;1;2;1;1
202300032906;155 622 196;2;0;2;1;1;1
202300032906;155 622 197;7;0;2;3;15;1
202300032907;155 622 192;50;0;2;1;1;3
202300032907;155 622 193;7;0;2;3;15;3
202300032908;155 622 194;2;0;2;1;1;1
202300032908;155 622 195;7;0;2;6;23;1
202300032909;155 622 188;1;0;2;1;9;5
202300032909;155 622 191;7;0;2;1;1;1
202300032910;155 622 189;0;0;2;1;0;0
202300032910;155 622 190;1;0;2;4;1;5
202300032911;155 622 187;7;0;1;2;26;0
202300032912;155 622 184;7;0;2;1;1;1
202300032912;155 622 186;7;0;2;7;1;1
202300032913;155 622 180;10;8;0;1;1;0
202300032914;155 622 181;33;0;2;1;3;1
202300032914;155 622 182;7;0;2;1;2;1
202300032914;155 622 183;7;0;2;4;2;1
202300032914;155 622 185;10;0;2;4;2;3
202300032915;155 622 179;7;0;1;2;1;1
202300032916;155 622 176;7;0;1;2;14;1
202300032917;155 622 177;7;0;2;7;12;1
202300032917;155 622 178;33;0;2;8;3;1
202300032918;155 622 172;7;0;2;1;14;1
202300032918;155 622 175;7;0;2;1;1;1
202300032919;155 622 173;33;0;2;1;17;1
202300032919;155 622 174;7;0;2;8;15;1
202300032920;155 622 168;14;0;1;3;1;1
202300032921;155 622 169;7;0;2;2;2;1
202300032921;155 622 170;10;0;2;3;22;1
202300032921;155 622 171;50;0;2;1;1;3
202300032922;155 622 167;1;0;1;1;1;5
202300032923;155 622 166;34;8;1;1;21;1
202300032924;155 622 164;7;4;2;1;1;1
202300032924;155 622 165;7;0;2;1;13;1
202300032925;155 622 163;7;8;0;0;12;0
202300032926;155 622 161;1;0;2;1;1;5
202300032926;155 622 162;7;0;2;1;15;1
202300032927;155 622 159;1;1;1;7;1;5
202300032928;155 622 158;99;0;2;2;1;1