Num_Acc;id_vehicule;catv;obs;obsm;choc;manv;motor
202300032928;155 622 160;7;0;2;2;9;1
202300032929;155 622 157;2;0;0;0;1;1
202300032930;155 622 155;10;0;2;2;14;1
202300032930;155 622 156;42;0;2;3;23;1
202300032931;155 622 154;33;13;0;1;0;1
202300032932;155 622 152;2;0;2;3;0;0
202300032932;155 622 153;7;0;2;3;0;0
202300032933;155 622 150;38;0;2;3;1;1
202300032933;155 622 151;7;0;2;1;13;1
202300032934;155 622 148;7;0;2;1;1;1
202300032934;155 622 149;33;0;2;4;23;1
202300032935;155 622 146;21;0;0;3;15;1
202300032935;155 622 147;33;0;2;1;17;1
202300032936;155 622 144;7;0;2;1;13;1
202300032936;155 622 145;7;0;2;1;1;1
202300032937;155 622 143;7;13;0;1;13;1
202300032938;155 622 141;7;0;2;1;1;1
202300032938;155 622 142;7;0;2;1;1;1
202300032939;155 622 139;32;0;2;1;1;1
202300032939;155 622 140;2;0;2;1;1;1
202300032940;155 622 137;7;0;2;7;9;1
202300032940;155 622 138;33;0;2;1;1;1
202300032941;155 622 135;7;0;2;8;19;3
202300032941;155 622 136;33;0;2;1;15;1
202300032942;155 622 134;7;0;1;2;15;1
202300032943;155 622 133;7;2;0;2;13;0
202300032944;155 622 132;3;8;0;5;1;0
202300032945;155 622 131;7;15;0;9;1;1
202300032946;155 622 129;33;0;0;7;23;1
202300032947;155 622 128;1;0;0;0;0;5
202300032948;155 622 127;32;0;0;0;1;1
202300032949;155 622 126;2;1;0;1;1;1
202300032950;155 622 122;7;0;2;1;2;1
202300032950;155 622 123;7;0;2;1;1;0
202300032950;155 622 124;7;0;2;4;1;0
202300032951;155 622 121;7;2;0;9;0;1
202300032952;155 622 119;31;0;2;1;1;1
202300032952;155 622 120;7;0;2;1;15;0
202300032953;155 622 117;7;0;9;2;1;1
202300032953;155 622 118;1;0;2;0;15;5
202300032954;155 622 116;7;0;0;9;0;1
202300032955;155 622 115;7;0;1;0;1;0
202300032956;155 622 114;7;13;0;0;0;1
202300032957;155 622 113;1;0;0;0;26;5
202300032958;155 622 111;7;0;2;3;15;1
202300032958;155 622 112;1;0;2;1;1;5
202300032959;155 622 110;7;2;0;1;13;0
202300032960;155 622 109;7;0;1;3;1;6
202300032961;155 622 108;2;0;0;0;0;1
202300032962;155 622 106;7;0;2;8;1;0
202300032962;155 622 107;7;0;2;3;13;1
202300032963;155 622 104;33;8;0;1;0;1
202300032963;155 622 105;7;0;0;0;0;0
202300032964;155 622 102;7;0;2;6;15;1
202300032964;155 622 103;31;0;2;5;15;1
202300032965;155 622 100;34;0;2;1;1;1
202300032965;155 622 101;7;0;2;3;13;2
202300032966;155 622 099;7;2;0;3;13;1
202300032967;155 622 097;7;4;2;1;3;1
202300032967;155 622 098;13;0;2;6;2;1
202300032968;155 622 096;7;2;0;1;14;1
202300032969;155 622 095;10;0;0;0;1;0
202300032970;155 622 094;31;0;0;7;14;1
202300032971;155 622 092;7;0;2;3;5;1
202300032971;155 622 093;7;0;2;3;1;1
202300032972;155 622 090;2;0;2;3;17;1
202300032972;155 622 091;7;0;2;3;1;1
202300032973;155 622 089;7;2;0;3;13;1
202300032974;155 622 087;7;0;2;2;15;1
202300032974;155 622 088;7;0;2;2;1;1
202300032975;155 622 086;7;13;0;3;1;1
202300032976;155 622 084;7;0;0;1;17;1
202300032976;155 622 085;7;0;0;6;15;1
202300032977;155 622 083;33;13;0;0;2;1
202300032978;155 622 082;7;0;1;1;1;1
202300032979;155 622 080;7;6;2;7;15;1
202300032979;155 622 081;0;0;2;3;1;0
202300032980;155 622 079;33;0;0;6;1;1
202300032981;155 622 077;7;0;0;7;15;1
202300032981;155 622 078;33;0;2;8;1;1
202300032982;155 622 075;2;0;2;1;15;1
202300032982;155 622 076;7;0;2;2;15;1
202300032983;155 622 072;7;0;2;1;1;1
202300032983;155 622 073;7;0;2;8;13;1
202300032983;155 622 074;7;0;2;1;21;1
202300032984;155 622 070;7;0;2;1;1;1
202300032984;155 622 071;7;0;2;3;16;1
202300032985;155 622 068;33;0;0;4;26;1
202300032985;155 622 069;31;0;2;1;0;1
202300032986;155 622 067;33;0;5;1;1;1
202300032987;155 622 065;10;0;2;8;1;1
202300032987;155 622 066;2;0;2;1;1;1
202300032988;155 622 063;7;0;2;3;0;1
202300032988;155 622 064;7;0;2;7;0;1
202300032989;155 622 061;7;0;2;4;1;1
202300032989;155 622 062;7;0;2;1;1;1
202300032990;155 622 060;7;4;0;1;12;1
202300032991;155 622 058;33;0;2;1;12;1
202300032991;155 622 059;7;0;2;3;1;1
202300032992;155 622 056;7;0;2;4;2;1
202300032992;155 622 057;7;0;2;1;1;1
202300032993;155 622 054;7;0;2;1;2;1
202300032993;155 622 055;7;0;2;4;2;1
202300032994;155 622 052;7;0;2;1;2;1
202300032994;155 622 053;7;0;2;4;2;1
202300032995;155 622 049;3;0;2;4;1;1
202300032995;155 622 050;7;0;2;3;11;1
202300032995;155 622 051;7;0;2;1;26;1
202300032996;155 622 047;7;0;2;1;1;1
202300032996;155 622 048;7;0;2;4;1;1
202300032997;155 622 045;7;0;2;8;11;1
202300032997;155 622 046;33;0;2;7;1;1
202300032998;155 622 043;7;0;2;4;2;0
202300032998;155 622 044;7;0;2;1;2;0
202300032999;155 622 041;31;0;2;8;1;1
202300032999;155 622 042;7;0;2;7;14;1
202300033000;155 622 039;7;3;2;4;1;1
202300033000;155 622 040;7;0;2;1;1;1
202300033001;155 622 037;33;0;2;1;3;1
202300033001;155 622 038;7;0;2;5;23;1
202300033002;155 622 035;7;0;2;1;2;1
202300033002;155 622 036;7;0;2;4;2;1
202300033003;155 622 033;7;0;2;8;1;1
202300033003;155 622 034;7;0;2;3;26;1
202300033004;155 622 031;7;0;2;0;11;1
202300033004;155 622 032;33;0;2;0;1;1
202300033005;155 622 029;7;0;2;1;1;1
202300033005;155 622 030;10;0;2;1;13;1
202300033006;155 622 027;10;0;2;4;1;1
202300033006;155 622 028;7;9;2;1;2;1
202300033007;155 622 024;7;0;0;4;23;1
202300033007;155 622 025;7;1;0;6;2;1
202300033007;155 622 026;7;0;2;2;21;1
202300033008;155 622 023;7;0;1;1;1;1
202300033009;155 622 022;34;0;2;1;2;1
202300033010;155 622 021;32;0;1;1;1;1
202300033011;155 622 019;7;0;2;1;1;1
202300033011;155 622 020;7;0;2;4;1;1
202300033012;155 622 017;7;1;2;1;1;1
202300033012;155 622 018;50;0;2;8;1;3
202300033013;155 622 015;7;0;2;3;15;2
202300033013;155 622 016;33;0;2;1;1;1
202300033014;155 622 012;10;0;2;4;2;2
202300033014;155 622 013;10;0;2;1;0;1
202300033014;155 622 014;10;0;2;1;2;1
202300033015;155 622 011;7;0;1;2;20;1
202300033016;155 622 009;7;0;2;4;1;1
202300033016;155 622 010;7;0;2;1;1;1
202300033017;155 622 007;31;0;2;8;17;1
202300033017;155 622 008;7;0;2;3;15;2
202300033018;155 622 005;7;0;2;2;9;1
202300033018;155 622 006;7;0;2;6;1;1
202300033019;155 622 002;7;0;1;2;1;1
202300033020;155 622 001;7;0;9;1;1;1
202300033021;155 621 999;7;0;2;1;1;1
202300033021;155 622 000;1;0;2;7;19;5
202300033022;155 621 998;7;0;1;3;1;1
202300033023;155 621 997;7;0;1;1;1;1
202300033024;155 621 995;7;0;2;3;26;1
202300033024;155 621 996;7;0;2;2;26;1
202300033025;155 621 993;7;0;2;1;1;1
202300033025;155 621 994;50;0;2;1;1;3
202300033026;155 621 991;7;0;2;1;1;1
202300033026;155 621 992;50;0;2;1;12;3
202300033027;155 621 990;7;0;1;1;1;1
202300033028;155 621 989;34;14;0;1;26;1
202300033029;155 621 988;7;0;0;7;16;0
202300033030;155 621 987;10;0;1;1;1;1
202300033031;155 621 985;7;0;2;3;15;1
202300033031;155 621 986;1;0;2;7;15;5
202300033032;155 621 983;7;1;2;3;13;1
202300033032;155 621 984;38;0;2;3;1;1
202300033033;155 621 981;7;0;2;3;12;1
202300033033;155 621 982;33;0;2;7;1;1
202300033034;155 621 980;7;4;0;1;26;1
202300033035;155 621 979;7;0;2;0;14;1
202300033036;155 621 978;7;0;1;2;2;1
202300033037;155 621 976;1;0;2;8;19;5
202300033037;155 621 977;7;0;2;3;1;1
202300033038;155 621 974;7;0;2;1;2;1
202300033038;155 621 975;7;0;2;4;2;1
202300033039;155 621 972;7;0;2;1;1;1
202300033039;155 621 973;7;0;2;4;1;1
202300033040;155 621 971;33;0;0;0;1;1
202300033041;155 621 969;7;0;2;2;1;1
202300033041;155 621 970;1;0;2;1;1;5
202300033042;155 621 968;7;6;0;1;1;1
202300033043;155 621 967;50;0;1;1;1;3
202300033044;155 621 965;7;0;2;1;1;1
202300033044;155 621 966;7;0;2;4;23;1
202300033045;155 621 963;7;0;2;3;20;1
202300033045;155 621 964;50;0;2;7;1;3
202300033046;155 621 959;10;0;2;8;23;1
202300033046;155 621 961;7;0;2;1;1;1
202300033047;155 621 957;7;0;2;1;1;1
202300033047;155 621 958;7;0;2;2;15;1
202300033048;155 621 960;50;0;2;3;1;3
202300033048;155 621 962;7;0;2;2;14;1
202300033049;155 621 956;32;0;0;7;16;1
202300033050;155 621 954;7;0;2;3;1;1
202300033050;155 621 955;7;0;2;3;13;1
202300033051;155 621 953;33;4;0;8;13;1
202300033052;155 621 951;32;0;1;3;1;3
202300033053;155 621 950;7;0;9;3;1;1
202300033053;155 621 952;1;0;2;1;1;5
202300033054;155 621 947;30;0;2;2;13;1
202300033054;155 621 949;7;0;2;8;1;1
202300033055;155 621 948;32;0;0;9;26;1
202300033056;155 621 945;30;0;2;1;1;1
202300033056;155 621 946;1;0;2;1;15;5
202300033057;155 621 944;34;0;1;1;17;1
202300033058;155 621 940;7;0;2;3;22;1
202300033058;155 621 941;1;0;2;1;1;5
202300033059;155 621 939;7;0;1;6;15;1
202300033060;155 621 935;7;0;0;0;0;0
202300033060;155 621 938;2;0;2;4;1;1
202300033061;155 621 936;1;0;2;1;1;5
202300033061;155 621 937;30;0;2;1;9;3
202300033062;155 621 933;7;0;1;1;1;1
202300033063;155 621 934;32;14;0;1;1;1
202300033064;155 621 931;30;0;2;1;17;1
202300033064;155 621 932;7;0;2;8;15;1
202300033065;155 621 930;7;0;1;4;26;1
202300033066;155 621 929;33;0;0;8;15;1
202300033067;155 621 926;10;0;2;1;2;1
202300033067;155 621 928;7;1;2;2;14;1
202300033068;155 621 925;33;0;2;2;0;1
202300033068;155 621 927;7;0;2;3;10;1
202300033069;155 621 923;10;15;0;1;14;1
202300033070;155 621 922;7;0;2;5;12;1
202300033070;155 621 924;37;0;2;3;1;1
202300033071;155 621 920;80;0;2;3;1;3
202300033071;155 621 921;13;0;2;5;15;3
202300033072;155 621 919;7;0;1;1;1;1
202300033073;155 621 916;7;0;2;1;1;1
202300033073;155 621 918;50;0;2;7;1;3
202300033074;155 621 915;7;0;2;4;2;1
202300033074;155 621 917;80;14;0;4;1;3
202300033075;155 621 914;34;0;1;6;17;1
202300033076;155 621 913;1;0;0;2;15;5
202300033077;155 621 909;10;0;2;1;2;1
202300033077;155 621 911;32;0;2;8;15;1
202300033078;155 621 908;14;0;2;1;1;1
202300033078;155 621 910;7;0;2;1;16;1
202300033078;155 621 912;7;0;2;1;15;1
202300033079;155 621 905;41;0;2;6;18;3
202300033079;155 621 907;7;0;2;2;16;1
202300033080;155 621 902;10;0;1;2;0;0
202300033081;155 621 903;33;0;2;1;0;1
202300033081;155 621 904;7;0;2;3;1;1
202300033081;155 621 906;7;0;2;6;1;1
202300033082;155 621 899;7;0;2;4;2;1
202300033082;155 621 901;7;0;2;1;2;1
202300033083;155 621 900;7;0;1;1;15;1
202300033084;155 621 896;33;1;2;6;1;1
202300033084;155 621 897;7;0;2;5;12;1
202300033085;155 621 895;7;0;2;2;15;1
202300033085;155 621 898;43;0;2;1;1;1
202300033086;155 621 893;7;0;2;7;19;1
202300033086;155 621 894;43;0;2;1;2;1
202300033087;155 621 891;0;0;1;0;0;0
202300033088;155 621 889;7;0;2;3;17;1
202300033088;155 621 890;7;16;0;3;1;3
202300033088;155 621 892;7;0;2;1;1;1
202300033089;155 621 887;7;0;0;3;1;1
202300033089;155 621 888;7;0;2;2;21;1
202300033090;155 621 885;7;0;1;3;1;1
202300033091;155 621 884;1;0;2;4;14;5
202300033091;155 621 886;7;0;2;4;14;1
202300033092;155 621 881;7;0;2;0;0;1
202300033092;155 621 883;32;0;2;1;1;1
202300033093;155 621 880;7;0;2;5;1;1
202300033093;155 621 882;1;0;2;1;1;5
202300033094;155 621 879;1;0;1;1;2;5
202300033095;155 621 878;7;0;1;5;26;1
202300033096;155 621 876;7;0;2;7;15;1
202300033096;155 621 877;33;0;2;1;1;1
202300033097;155 621 875;30;0;0;7;1;1
202300033098;155 621 874;30;14;0;3;1;1
202300033099;155 621 872;7;0;2;2;10;1
202300033099;155 621 873;33;0;2;1;1;1
202300033100;155 621 870;33;8;2;9;18;1
202300033100;155 621 871;7;0;2;2;16;1
202300033101;155 621 867;7;12;0;8;1;1
202300033101;155 621 868;7;1;0;2;1;2
202300033102;155 621 866;7;0;2;4;2;1
202300033102;155 621 869;33;0;2;1;2;1
202300033103;155 621 865;0;0;1;1;1;0
202300033104;155 621 862;34;0;2;0;0;1
202300033105;155 621 863;10;0;2;1;11;1
202300033105;155 621 864;33;0;2;1;3;1
202300033106;155 621 861;7;4;0;3;1;1
202300033107;155 621 857;7;0;2;3;11;0
202300033107;155 621 858;10;3;2;2;17;1
202300033108;155 621 855;10;0;2;4;1;1
202300033108;155 621 856;31;0;2;1;3;1
202300033108;155 621 859;7;0;2;4;12;1
202300033108;155 621 860;7;0;2;1;1;2
202300033109;155 621 853;7;0;2;1;1;1
202300033109;155 621 854;7;0;2;4;2;1
202300033110;155 621 851;17;3;0;3;12;1
202300033111;155 621 850;33;8;2;2;1;1
202300033111;155 621 852;7;0;2;2;1;1
202300033112;155 621 848;7;4;2;3;2;1
202300033112;155 621 849;17;4;2;7;14;1
202300033113;155 621 846;30;0;0;0;21;3
202300033114;155 621 844;1;0;1;1;1;5
202300033115;155 621 842;32;0;1;1;1;1
202300033116;155 621 843;7;0;2;1;2;1
202300033116;155 621 845;7;0;2;4;2;1
202300033116;155 621 847;7;0;2;4;2;2
202300033117;155 621 840;7;0;2;3;15;1
202300033117;155 621 841;32;0;2;2;17;1
202300033118;155 621 836;7;0;2;1;1;1
202300033118;155 621 837;2;0;2;1;5;1
202300033119;155 621 838;10;0;2;5;12;1
202300033119;155 621 839;31;0;2;1;3;1
202300033120;155 621 834;43;0;2;8;1;1
202300033120;155 621 835;7;0;2;2;1;1
202300033121;155 621 831;32;0;2;7;18;1
202300033121;155 621 832;10;0;2;8;16;1
202300033122;155 621 833;33;4;0;1;26;1
202300033123;155 621 830;7;0;1;5;4;1
202300033124;155 621 828;7;0;1;8;1;1
202300033125;155 621 827;7;0;2;3;11;1
202300033125;155 621 829;33;0;0;4;1;1
202300033126;155 621 825;10;0;2;2;16;1
202300033126;155 621 826;33;0;2;8;1;1
202300033127;155 621 822;32;0;2;1;2;1
202300033127;155 621 823;7;0;2;6;2;1
202300033128;155 621 821;7;0;1;1;16;1
202300033129;155 621 824;7;4;0;5;1;1
202300033130;155 621 819;7;0;2;4;4;1
202300033130;155 621 820;1;0;2;1;1;5
202300033131;155 621 818;50;12;0;1;25;3
202300033132;155 621 816;50;12;0;1;14;3
202300033133;155 621 813;7;0;1;2;14;3
202300033134;155 621 812;7;8;0;1;0;1
202300033135;155 621 814;7;0;2;8;1;1
202300033135;155 621 815;7;0;2;6;2;1
202300033135;155 621 817;7;0;2;2;1;1
202300033136;155 621 810;7;0;2;1;0;1
202300033136;155 621 811;7;0;2;4;2;1
202300033137;155 621 807;30;0;2;1;18;1
202300033137;155 621 808;10;0;2;7;16;1
202300033138;155 621 804;7;0;2;3;1;1
202300033138;155 621 806;7;0;2;2;1;1
202300033139;155 621 802;43;0;1;1;1;1
202300033140;155 621 803;7;0;2;4;1;1
202300033140;155 621 805;7;0;2;1;1;1
202300033140;155 621 809;7;0;2;4;1;2
202300033141;155 621 800;1;0;2;0;19;5
202300033141;155 621 801;7;0;2;7;2;1
202300033142;155 621 798;7;0;1;3;1;1
202300033143;155 621 797;10;0;2;1;2;1
202300033143;155 621 799;10;0;2;4;2;1
202300033144;155 621 795;7;0;2;4;2;1
202300033144;155 621 796;7;0;2;1;1;1
202300033145;155 621 794;7;0;0;3;2;1
202300033146;155 621 792;10;6;1;1;1;1
202300033147;155 621 789;7;0;2;5;9;1
202300033147;155 621 791;31;0;2;1;1;1
202300033148;155 621 788;30;12;0;2;1;1
202300033149;155 621 787;7;0;1;1;1;1
202300033150;155 621 786;7;0;2;2;9;1
202300033150;155 621 790;7;0;2;3;1;1
202300033151;155 621 784;50;0;2;1;1;3
202300033151;155 621 785;32;0;2;2;1;1
202300033152;155 621 782;7;0;2;1;15;1
202300033152;155 621 783;32;0;2;8;16;1
202300033153;155 621 779;7;0;2;1;15;0
202300033153;155 621 780;30;0;2;8;1;1
202300033154;155 621 781;7;1;1;2;1;1
202300033155;155 621 776;10;0;2;3;1;1
202300033155;155 621 778;50;0;2;2;5;3
202300033156;155 621 774;10;0;1;2;1;1
202300033157;155 621 775;2;1;2;1;13;1
202300033157;155 621 777;7;0;2;7;15;1
202300033158;155 621 771;7;0;2;2;15;1
202300033158;155 621 773;7;0;2;3;1;1
202300033159;155 621 770;7;0;2;3;26;1
202300033159;155 621 772;7;0;2;1;26;1
202300033160;155 621 768;7;0;2;1;2;6
202300033160;155 621 769;7;0;0;4;1;6
202300033161;155 621 766;2;0;1;1;1;3
202300033162;155 621 764;2;0;2;8;13;1
202300033162;155 621 765;21;0;2;8;1;1
202300033163;155 621 760;1;0;2;7;15;5
202300033163;155 621 762;7;0;2;1;9;0
202300033164;155 621 761;10;0;2;1;1;1
202300033164;155 621 763;10;0;0;4;1;0
202300033165;155 621 756;1;0;2;8;1;5
202300033165;155 621 758;7;0;9;1;15;1
202300033166;155 621 754;31;14;0;7;1;1
202300033167;155 621 753;7;0;2;4;2;1
202300033167;155 621 755;7;0;2;4;0;1
202300033167;155 621 757;7;0;2;4;2;0
202300033167;155 621 759;7;0;2;1;2;1
202300033168;155 621 749;7;0;2;1;2;1
202300033168;155 621 751;7;0;2;4;1;1
202300033169;155 621 747;7;0;2;1;1;1
202300033169;155 621 750;7;0;2;2;19;0
202300033170;155 621 745;7;0;2;5;23;1
202300033170;155 621 746;7;0;2;2;0;1
202300033170;155 621 748;7;1;0;3;1;1
202300033171;155 621 743;1;0;2;7;1;5
202300033171;155 621 744;7;0;2;2;14;1
202300033172;155 621 738;15;0;2;0;1;1
202300033172;155 621 741;7;0;2;8;1;1
202300033172;155 621 742;7;0;2;3;1;1
202300033173;155 621 735;7;0;2;5;26;1
202300033173;155 621 737;7;0;2;2;21;1
202300033174;155 621 734;7;0;2;6;16;1
202300033174;155 621 736;7;0;2;1;2;1
202300033175;155 621 731;7;3;0;1;0;1
202300033175;155 621 732;7;0;0;6;23;1
202300033175;155 621 733;7;14;0;2;2;1
202300033176;155 621 728;7;0;9;5;1;1
202300033176;155 621 729;1;0;2;1;1;5
202300033177;155 621 727;37;0;0;0;1;0
202300033178;155 621 725;7;0;2;3;13;1
202300033178;155 621 726;7;0;2;3;1;1
202300033179;155 621 721;7;0;2;3;15;1
202300033179;155 621 723;7;0;2;3;1;1
202300033180;155 621 719;7;0;2;9;14;1
202300033180;155 621 720;7;0;2;1;1;1
202300033180;155 621 722;7;4;0;3;1;1
202300033180;155 621 724;10;0;2;9;14;1
202300033181;155 621 717;7;0;2;3;1;1
202300033181;155 621 718;2;0;2;7;15;1
202300033182;155 621 715;1;12;0;0;25;5
202300033183;155 621 713;50;0;2;7;1;3
202300033183;155 621 716;7;0;2;1;9;0
202300033184;155 621 707;21;0;0;0;1;1
202300033184;155 621 708;20;0;0;0;1;1
202300033184;155 621 709;21;0;0;0;1;1
202300033184;155 621 711;7;0;2;3;1;1
202300033184;155 621 712;7;0;2;1;1;1
202300033184;155 621 714;33;0;2;3;17;1
202300033185;155 621 705;7;0;2;2;15;1
202300033185;155 621 706;7;0;2;1;1;1
202300033185;155 621 710;7;0;2;1;23;1
202300033186;155 621 704;7;6;0;1;14;0
202300033187;155 621 702;7;13;0;1;1;2
202300033188;155 621 700;7;2;0;3;1;1
202300033189;155 621 699;7;6;2;4;23;1
202300033189;155 621 701;7;0;2;1;1;1
202300033189;155 621 703;7;14;0;1;12;1
202300033190;155 621 696;7;0;2;1;1;1
202300033190;155 621 697;7;8;2;4;1;1
202300033190;155 621 698;1;13;2;4;1;5
202300033191;155 621 694;7;0;1;2;19;1
202300033192;155 621 695;7;4;0;1;26;1
202300033193;155 621 693;7;6;0;1;13;1
202300033194;155 621 692;34;0;1;1;1;1
202300033195;155 621 690;7;0;2;3;15;1
202300033195;155 621 691;7;0;2;1;1;0
202300033196;155 621 688;7;0;2;8;0;1
202300033196;155 621 689;7;0;2;7;1;1
202300033197;155 621 686;10;0;2;8;0;1
202300033197;155 621 687;7;0;2;3;1;1
202300033198;155 621 685;7;0;1;1;1;1
202300033199;155 621 684;7;0;1;3;15;1
202300033200;155 621 682;7;0;2;1;1;1
202300033200;155 621 683;1;0;2;4;19;5
202300033201;155 621 680;50;1;0;1;1;3
202300033201;155 621 681;7;0;2;3;22;1
202300033202;155 621 678;3;0;2;3;1;1
202300033202;155 621 679;7;0;0;0;0;0
202300033203;155 621 676;7;0;2;1;15;3
202300033203;155 621 677;1;0;2;8;1;5
202300033204;155 621 675;7;0;1;2;1;1
202300033205;155 621 673;7;0;2;1;9;1
202300033205;155 621 674;1;0;2;7;1;5
202300033206;155 621 672;7;1;0;1;1;1
202300033207;155 621 671;7;0;1;2;15;1
202300033208;155 621 669;80;0;2;7;19;3
202300033208;155 621 670;7;0;2;1;1;1
202300033209;155 621 667;7;0;2;1;11;1
202300033209;155 621 668;1;0;2;1;1;5
202300033210;155 621 666;7;4;0;2;1;1
202300033211;155 621 664;10;0;2;8;15;1
202300033211;155 621 665;31;0;2;1;2;1
202300033212;155 621 662;7;0;2;6;1;1
202300033212;155 621 663;7;0;2;0;1;1
202300033213;155 621 660;7;0;2;3;1;2
202300033213;155 621 661;7;0;2;8;1;1
202300033214;155 621 658;99;0;2;1;0;3
202300033214;155 621 659;7;0;2;1;11;1
202300033215;155 621 656;40;0;2;1;2;3
202300033215;155 621 657;7;0;4;8;6;1
202300033216;155 621 655;7;0;1;3;15;1
202300033217;155 621 654;30;0;0;0;1;1
202300033218;155 621 652;7;0;2;7;15;1
202300033218;155 621 653;7;0;2;8;1;1
202300033219;155 621 651;7;0;1;1;1;1
202300033220;155 621 649;32;0;2;1;2;1
202300033220;155 621 650;50;0;2;4;2;3
202300033221;155 621 647;1;0;2;2;15;5
202300033221;155 621 648;7;0;2;3;16;1
202300033222;155 621 645;7;0;2;8;1;1
202300033222;155 621 646;31;0;2;1;1;0
202300033223;155 621 644;7;4;0;2;1;1
202300033224;155 621 643;7;0;1;2;1;1
202300033225;155 621 640;7;0;2;4;2;1
202300033225;155 621 641;7;0;2;1;2;1
202300033226;155 621 639;7;0;1;1;1;1
202300033227;155 621 638;7;0;1;1;1;1
202300033228;155 621 636;7;0;0;3;20;1
202300033228;155 621 637;7;0;2;2;2;1
202300033229;155 621 634;2;0;2;1;2;3
202300033229;155 621 635;7;0;2;3;20;1
202300033230;155 621 632;32;0;2;7;1;1
202300033230;155 621 633;3;0;2;1;9;1
202300033231;155 621 630;7;0;0;4;2;1
202300033231;155 621 631;10;0;2;1;2;1
202300033232;155 621 628;7;0;2;4;23;1
202300033232;155 621 629;7;0;2;1;1;1
202300033233;155 621 626;35;0;2;8;9;3
202300033233;155 621 627;1;0;2;1;1;5
202300033234;155 621 624;30;0;2;1;1;1
202300033234;155 621 625;10;0;2;3;9;1
202300033235;155 621 622;7;0;2;1;1;1
202300033235;155 621 623;10;0;2;2;2;1
202300033236;155 621 620;7;0;2;1;2;1
202300033236;155 621 621;7;0;2;4;9;1
202300033237;155 621 618;2;0;2;1;1;1
202300033237;155 621 619;7;0;2;5;15;1
202300033238;155 621 616;10;0;2;4;1;1
202300033238;155 621 617;33;0;2;1;12;1
202300033239;155 621 615;1;0;0;0;21;5
202300033240;155 621 614;1;0;1;1;1;5
202300033241;155 621 612;1;0;2;2;1;5
202300033241;155 621 613;10;0;2;3;9;1
202300033242;155 621 610;14;0;2;1;1;1
202300033242;155 621 611;7;0;2;6;23;1
202300033243;155 621 609;50;0;0;0;1;3
202300033244;155 621 608;43;14;0;3;7;1
202300033245;155 621 607;50;0;1;8;1;3
202300033246;155 621 604;32;0;2;2;1;1
202300033246;155 621 605;7;0;2;3;9;1
202300033247;155 621 602;31;0;1;8;17;3
202300033247;155 621 603;10;0;2;6;1;1
202300033248;155 621 601;1;12;0;3;13;5
202300033249;155 621 599;7;0;2;3;15;2
202300033249;155 621 600;30;0;2;6;1;3
202300033250;155 621 598;7;0;1;6;4;0
202300033251;155 621 596;7;0;2;1;15;0
202300033251;155 621 597;7;0;2;8;2;0
202300033252;155 621 595;32;0;1;1;1;1
202300033253;155 621 593;7;0;2;3;1;1
202300033253;155 621 594;7;0;2;2;15;1
202300033254;155 621 592;7;0;1;1;26;1
202300033255;155 621 590;7;0;2;3;15;3
202300033255;155 621 591;33;0;2;1;1;1
202300033256;155 621 588;1;0;2;0;19;5
202300033256;155 621 589;7;0;9;0;0;1
202300033257;155 621 587;7;6;0;1;26;0
202300033258;155 621 586;7;0;1;1;16;1
202300033259;155 621 585;7;0;1;3;15;0
202300033260;155 621 583;50;0;2;0;0;3
202300033260;155 621 584;10;0;2;3;24;1
202300033261;155 621 582;7;0;1;1;1;1
202300033262;155 621 580;7;0;2;1;15;1
202300033262;155 621 581;33;0;2;1;1;1
202300033263;155 621 578;34;0;2;1;12;1
202300033263;155 621 579;7;0;2;8;9;1
202300033264;155 621 577;33;12;0;8;2;1
202300033265;155 621 576;30;0;1;2;1;1
202300033266;155 621 575;2;1;1;1;5;1
202300033267;155 621 573;1;0;2;2;2;5
202300033267;155 621 574;7;0;9;6;2;1
202300033268;155 621 572;7;0;0;0;0;3
202300033269;155 621 570;31;0;0;0;0;1
202300033269;155 621 571;7;1;0;1;2;1
202300033270;155 621 569;10;0;1;2;12;1
202300033271;155 621 567;7;0;2;1;1;1
202300033271;155 621 568;7;0;2;4;23;1
202300033272;155 621 565;7;0;2;4;2;1
202300033272;155 621 566;10;0;2;1;2;1
202300033273;155 621 561;15;0;2;1;2;1
202300033273;155 621 562;15;0;2;4;2;1
202300033273;155 621 563;15;0;2;4;2;1
202300033273;155 621 564;15;0;2;4;2;1
202300033274;155 621 559;10;0;2;4;2;1
202300033274;155 621 560;7;0;2;1;2;1
202300033275;155 621 557;33;0;2;8;3;1
202300033275;155 621 558;7;0;2;7;12;1
202300033276;155 621 555;10;0;2;0;18;0
202300033276;155 621 556;31;0;2;1;1;1
202300033277;155 621 553;7;0;2;1;2;1
202300033277;155 621 554;7;0;2;4;23;1
202300033278;155 621 552;43;4;0;1;14;1
202300033279;155 621 550;7;0;2;6;2;1
202300033279;155 621 551;43;0;2;1;2;1
202300033280;155 621 549;7;0;1;2;1;1
202300033281;155 621 547;7;0;1;1;15;1
202300033282;155 621 545;7;0;9;0;15;1
202300033282;155 621 546;50;0;2;7;17;3
202300033283;155 621 539;7;0;2;4;2;1
202300033283;155 621 540;7;0;2;1;2;1
202300033283;155 621 541;7;0;2;1;2;1