Num_Acc;id_vehicule;catv;obs;obsm;choc;manv;motor
202300033995;155 620 307;7;0;9;8;16;1
202300033996;155 620 302;20;0;1;0;1;1
202300033997;155 620 299;7;0;2;3;13;3
202300033997;155 620 301;10;0;2;3;13;1
202300033998;155 620 298;7;0;2;1;1;0
202300033998;155 620 300;7;0;2;0;0;0
202300033999;155 620 294;2;0;0;8;1;1
202300033999;155 620 297;17;0;2;5;17;1
202300034000;155 620 293;7;0;2;2;1;1
202300034000;155 620 296;80;0;2;1;1;3
202300034001;155 620 292;7;0;2;8;9;1
202300034001;155 620 295;33;0;2;1;1;1
202300034002;155 620 291;7;0;1;1;15;1
202300034003;155 620 290;7;0;1;1;1;1
202300034004;155 620 288;7;0;1;3;1;1
202300034005;155 620 287;7;0;2;1;1;1
202300034005;155 620 289;7;0;2;5;15;1
202300034006;155 620 286;7;2;0;1;13;1
202300034007;155 620 284;7;0;1;7;1;0
202300034008;155 620 281;7;0;1;3;1;3
202300034009;155 620 283;7;0;2;5;15;1
202300034009;155 620 285;32;0;2;1;1;1
202300034010;155 620 280;7;0;2;2;14;1
202300034010;155 620 282;15;0;2;6;1;1
202300034011;155 620 278;10;0;2;1;2;1
202300034011;155 620 279;7;0;2;4;2;1
202300034012;155 620 276;7;0;1;1;1;2
202300034013;155 620 274;7;0;2;1;1;1
202300034013;155 620 277;7;0;2;1;13;1
202300034014;155 620 272;10;0;2;3;1;1
202300034014;155 620 275;33;0;2;1;1;1
202300034015;155 620 271;7;7;0;1;19;1
202300034016;155 620 269;10;0;2;2;1;1
202300034016;155 620 273;7;9;2;1;1;1
202300034017;155 620 266;7;0;2;1;1;1
202300034017;155 620 270;30;0;2;2;0;1
202300034018;155 620 265;7;8;0;1;13;1
202300034019;155 620 262;7;13;0;1;1;1
202300034020;155 620 258;10;0;1;4;4;1
202300034021;155 620 257;31;0;0;0;1;1
202300034022;155 620 256;10;0;2;2;13;1
202300034022;155 620 259;10;0;2;1;0;1
202300034023;155 620 255;31;0;2;3;1;1
202300034023;155 620 260;7;0;2;2;1;1
202300034024;155 620 253;7;0;2;2;0;1
202300034024;155 620 254;34;9;0;0;0;1
202300034025;155 620 247;7;0;2;1;1;1
202300034025;155 620 251;7;0;2;8;9;1
202300034026;155 620 248;10;0;2;7;13;1
202300034026;155 620 252;7;0;2;1;1;2
202300034027;155 620 245;7;0;2;3;1;1
202300034027;155 620 249;7;0;2;3;1;1
202300034028;155 620 246;7;0;2;1;5;1
202300034028;155 620 250;7;0;2;1;1;1
202300034029;155 620 243;43;8;0;1;14;1
202300034030;155 620 242;7;13;0;1;13;1
202300034031;155 620 241;7;0;2;1;19;1
202300034031;155 620 244;33;0;2;8;1;1
202300034032;155 620 238;7;0;2;7;2;1
202300034032;155 620 240;33;0;2;8;2;1
202300034033;155 620 237;7;13;6;1;1;0
202300034034;155 620 235;33;16;0;8;16;1
202300034035;155 620 233;7;0;2;4;2;1
202300034035;155 620 236;7;0;0;8;2;1
202300034036;155 620 228;7;0;2;4;1;1
202300034036;155 620 231;7;0;2;4;15;1
202300034036;155 620 234;7;0;2;1;1;1
202300034037;155 620 226;99;0;2;1;5;0
202300034037;155 620 229;7;0;2;3;15;1
202300034038;155 620 227;30;0;2;2;17;1
202300034038;155 620 230;10;0;2;3;15;1
202300034039;155 620 225;7;0;2;6;17;1
202300034039;155 620 232;33;1;2;2;17;1
202300034040;155 620 224;7;17;0;2;1;1
202300034041;155 620 223;7;0;1;1;15;1
202300034042;155 620 220;7;0;1;2;9;1
202300034043;155 620 222;7;0;1;1;26;1
202300034044;155 620 221;2;12;0;2;1;1
202300034045;155 620 216;33;13;0;1;2;1
202300034046;155 620 214;7;0;2;1;1;1
202300034046;155 620 219;10;0;2;6;19;1
202300034047;155 620 212;7;0;2;3;1;3
202300034047;155 620 215;10;0;2;1;11;1
202300034048;155 620 211;7;0;2;7;15;1
202300034048;155 620 213;7;0;2;2;1;1
202300034048;155 620 218;10;0;2;6;1;1
202300034049;155 620 208;7;0;1;0;1;0
202300034050;155 620 207;1;0;0;8;26;5
202300034050;155 620 210;7;0;2;7;17;1
202300034051;155 620 203;99;1;0;1;3;0
202300034051;155 620 206;7;0;2;7;1;1
202300034052;155 620 201;7;0;2;3;1;1
202300034052;155 620 205;7;0;2;2;15;1
202300034053;155 620 199;33;0;0;1;17;1
202300034054;155 620 198;15;0;2;1;1;1
202300034054;155 620 202;15;0;0;4;1;1
202300034055;155 620 200;7;0;2;1;2;1
202300034055;155 620 204;7;0;2;4;23;1
202300034055;155 620 209;7;0;2;4;23;1
202300034055;155 620 217;7;0;2;4;23;1
202300034056;155 620 196;34;0;2;1;2;1
202300034056;155 620 197;50;0;2;8;2;3
202300034057;155 620 193;7;0;0;8;1;1
202300034057;155 620 195;7;0;2;8;17;1
202300034058;155 620 191;31;0;2;1;1;0
202300034058;155 620 194;7;0;2;1;1;0
202300034059;155 620 189;7;0;1;2;1;1
202300034060;155 620 187;50;0;0;0;26;3
202300034061;155 620 185;7;0;2;4;1;0
202300034061;155 620 188;7;0;0;4;1;1
202300034061;155 620 190;7;0;0;4;1;1
202300034061;155 620 192;7;0;2;1;1;1
202300034062;155 620 182;7;0;2;1;1;1
202300034062;155 620 184;7;0;2;4;2;1
202300034062;155 620 186;7;0;2;4;2;1
202300034063;155 620 181;7;0;1;8;10;1
202300034064;155 620 180;7;0;2;3;13;0
202300034064;155 620 183;7;0;2;3;1;0
202300034065;155 620 179;7;4;0;3;1;1
202300034066;155 620 178;33;0;1;1;0;0
202300034067;155 620 176;7;0;2;4;2;1
202300034067;155 620 177;7;0;2;1;2;2
202300034068;155 620 175;33;16;0;7;1;1
202300034069;155 620 172;99;16;0;1;26;1
202300034070;155 620 171;7;0;9;3;20;1
202300034070;155 620 173;1;0;2;3;0;5
202300034071;155 620 170;10;0;2;1;1;1
202300034071;155 620 174;17;0;2;4;1;1
202300034072;155 620 168;7;0;0;4;16;1
202300034073;155 620 167;30;0;1;8;15;0
202300034074;155 620 166;17;0;2;5;1;1
202300034074;155 620 169;10;3;2;6;1;1
202300034075;155 620 165;99;0;1;1;15;0
202300034076;155 620 163;7;0;0;9;0;1
202300034077;155 620 160;2;0;2;1;1;1
202300034077;155 620 162;7;0;2;1;15;0
202300034078;155 620 158;10;0;2;5;0;1
202300034078;155 620 161;10;0;2;3;26;1
202300034079;155 620 159;30;0;2;2;1;1
202300034079;155 620 164;7;0;2;3;1;1
202300034080;155 620 157;7;0;0;0;26;1
202300034081;155 620 156;7;0;2;1;1;1
202300034082;155 620 152;7;0;2;4;2;1
202300034082;155 620 155;7;0;2;1;2;1
202300034083;155 620 149;7;0;2;3;10;1
202300034083;155 620 154;33;0;2;1;5;1
202300034084;155 620 148;7;0;2;1;1;1
202300034084;155 620 153;7;0;2;3;16;1
202300034085;155 620 147;7;0;2;1;1;1
202300034085;155 620 151;10;0;2;6;1;1
202300034086;155 620 145;38;0;2;1;1;1
202300034086;155 620 150;7;0;0;3;2;1
202300034087;155 620 144;10;0;2;6;2;1
202300034087;155 620 146;7;0;2;2;2;1
202300034088;155 620 139;14;3;0;8;0;1
202300034089;155 620 137;7;0;2;4;1;0
202300034089;155 620 140;7;0;2;1;1;0
202300034089;155 620 143;7;0;2;4;1;0
202300034090;155 620 138;7;2;0;1;21;2
202300034091;155 620 136;7;4;2;4;1;1
202300034091;155 620 141;7;0;2;1;18;1
202300034092;155 620 135;7;0;2;1;2;1
202300034092;155 620 142;7;0;2;1;9;1
202300034093;155 620 133;1;0;0;0;1;5
202300034094;155 620 130;7;0;2;5;10;1
202300034094;155 620 132;7;0;2;1;1;1
202300034095;155 620 129;7;0;2;4;1;1
202300034095;155 620 131;7;0;2;1;2;1
202300034095;155 620 134;7;0;2;4;1;1
202300034096;155 620 126;1;6;0;3;1;5
202300034097;155 620 127;7;0;1;8;15;1
202300034098;155 620 123;33;0;2;4;26;1
202300034098;155 620 125;7;0;2;1;26;1
202300034098;155 620 128;7;0;2;1;26;1
202300034099;155 620 120;10;0;0;4;4;1
202300034099;155 620 124;30;0;2;1;1;3
202300034100;155 620 119;7;0;2;5;14;1
202300034100;155 620 121;7;0;2;6;1;1
202300034100;155 620 122;7;0;2;5;1;3
202300034101;155 620 115;7;11;0;0;1;1
202300034102;155 620 114;7;0;2;1;9;1
202300034102;155 620 118;7;0;2;8;1;1
202300034103;155 620 113;7;0;0;8;1;1
202300034103;155 620 117;7;0;1;3;1;1
202300034104;155 620 111;7;0;2;4;1;1
202300034104;155 620 116;7;0;2;1;2;1
202300034105;155 620 110;7;0;2;5;0;1
202300034105;155 620 112;32;0;2;1;0;1
202300034106;155 620 107;7;0;0;4;24;1
202300034106;155 620 109;10;1;0;1;2;1
202300034107;155 620 105;7;4;0;9;14;1
202300034108;155 620 104;10;0;1;1;1;1
202300034109;155 620 102;33;0;2;3;1;1
202300034109;155 620 106;7;0;2;5;21;1
202300034110;155 620 101;2;0;2;7;1;1
202300034110;155 620 103;7;0;2;1;20;1
202300034110;155 620 108;99;0;2;1;1;1
202300034111;155 620 099;7;10;0;1;1;1
202300034112;155 620 096;33;0;0;8;13;1
202300034112;155 620 098;10;9;0;8;0;1
202300034113;155 620 094;7;0;2;4;1;2
202300034113;155 620 097;7;0;2;1;2;3
202300034113;155 620 100;7;0;2;4;1;1
202300034114;155 620 092;33;0;0;2;1;0
202300034115;155 620 091;7;0;2;1;1;1
202300034115;155 620 093;7;0;2;4;1;1
202300034115;155 620 095;7;0;2;1;1;1
202300034116;155 620 090;7;0;1;1;1;2
202300034117;155 620 089;7;4;0;2;13;1
202300034118;155 620 085;7;0;0;9;26;1
202300034119;155 620 084;7;0;5;1;1;1
202300034120;155 620 083;33;0;2;2;17;1
202300034120;155 620 086;36;0;2;6;1;1
202300034121;155 620 081;7;0;2;4;2;0
202300034121;155 620 082;7;0;2;1;2;0
202300034122;155 620 079;33;0;0;7;1;1
202300034123;155 620 073;7;0;2;8;15;1
202300034123;155 620 078;7;15;2;1;1;1
202300034124;155 620 074;7;0;2;7;14;1
202300034124;155 620 077;33;0;2;8;14;1
202300034125;155 620 071;7;8;0;5;1;1
202300034126;155 620 072;7;0;2;1;2;1
202300034126;155 620 076;7;0;2;4;2;1
202300034126;155 620 080;7;0;2;4;1;1
202300034127;155 620 070;7;0;2;4;2;1
202300034127;155 620 075;7;0;2;1;2;3
202300034128;155 620 069;43;7;0;0;6;1
202300034129;155 620 068;7;3;0;2;1;1
202300034130;155 620 066;31;0;2;7;1;1
202300034131;155 620 064;32;1;0;1;1;1
202300034131;155 620 065;7;0;2;1;1;1
202300034132;155 620 063;7;0;2;4;2;1
202300034132;155 620 067;7;0;2;1;0;1
202300034133;155 620 061;33;0;2;7;3;1
202300034134;155 620 060;7;0;1;3;15;6
202300034135;155 620 056;10;0;1;3;1;1
202300034136;155 620 055;14;0;2;8;1;1
202300034136;155 620 057;7;0;2;7;1;1
202300034137;155 620 054;10;0;2;1;2;1
202300034137;155 620 058;10;0;2;4;2;1
202300034138;155 620 052;2;0;2;3;16;1
202300034138;155 620 053;7;0;2;1;15;1
202300034139;155 620 047;7;0;2;4;1;1
202300034139;155 620 050;7;0;2;1;2;1
202300034140;155 620 048;13;0;1;2;16;1
202300034141;155 620 046;33;0;2;7;1;1
202300034141;155 620 049;7;0;2;8;11;1
202300034142;155 620 045;7;0;2;3;15;1
202300034142;155 620 051;7;0;2;2;1;1
202300034143;155 620 042;7;0;2;3;17;1
202300034143;155 620 044;2;0;2;1;1;1
202300034144;155 620 040;33;8;0;1;1;1
202300034145;155 620 039;10;0;1;2;16;1
202300034146;155 620 035;7;4;0;1;26;1
202300034147;155 620 037;7;0;2;1;2;1
202300034147;155 620 038;7;0;2;4;23;1
202300034148;155 620 033;7;12;0;2;13;1
202300034149;155 620 032;2;0;2;1;16;1
202300034149;155 620 036;7;0;2;1;1;1
202300034150;155 620 031;10;0;2;0;15;1
202300034150;155 620 034;31;14;2;8;1;1
202300034151;155 620 028;7;0;2;8;1;1
202300034151;155 620 030;7;0;2;3;1;1
202300034152;155 620 025;7;8;1;1;13;0
202300034153;155 620 024;1;0;2;2;1;5
202300034153;155 620 029;7;0;2;3;9;1
202300034154;155 620 023;30;0;0;7;1;1
202300034155;155 620 022;7;0;2;5;1;1
202300034155;155 620 026;7;0;2;1;9;1
202300034156;155 620 021;7;0;1;3;1;1
202300034157;155 620 018;7;0;0;4;23;1
202300034157;155 620 020;33;0;2;1;1;1
202300034158;155 620 017;7;4;0;3;13;1
202300034159;155 620 016;7;0;2;4;26;1
202300034159;155 620 019;7;0;2;1;2;1
202300034160;155 620 015;7;0;1;1;1;1
202300034161;155 620 012;33;13;0;0;1;1
202300034162;155 620 011;7;0;2;8;15;6
202300034162;155 620 013;43;0;2;1;1;1
202300034163;155 620 009;10;0;1;1;1;1
202300034164;155 620 010;33;0;2;3;1;1
202300034164;155 620 014;7;0;2;5;12;0
202300034165;155 620 005;7;0;2;5;2;1
202300034165;155 620 008;30;0;2;1;2;1
202300034166;155 620 004;2;0;2;8;18;1
202300034166;155 620 007;2;0;2;7;14;1
202300034167;155 620 002;7;0;1;0;26;0
202300034168;155 619 999;7;0;2;1;0;1
202300034168;155 620 000;7;0;2;1;0;1
202300034168;155 620 003;7;0;2;6;2;1
202300034168;155 620 006;7;0;2;1;12;1
202300034169;155 619 998;30;0;0;1;13;1
202300034170;155 619 996;7;17;0;2;0;1
202300034171;155 619 994;7;0;2;4;1;1
202300034171;155 619 997;7;0;2;4;1;1
202300034171;155 620 001;10;0;2;1;0;0
202300034172;155 619 993;7;0;1;6;26;1
202300034173;155 619 990;7;0;2;2;1;1
202300034173;155 619 995;7;0;2;3;15;1
202300034174;155 619 992;33;0;0;0;26;1
202300034175;155 619 987;10;0;2;2;19;1
202300034175;155 619 991;33;0;2;1;1;1
202300034176;155 619 989;7;4;0;2;15;1
202300034177;155 619 983;33;0;2;1;2;1
202300034177;155 619 986;7;0;2;3;15;1
202300034178;155 619 982;7;0;2;3;5;1
202300034178;155 619 985;31;0;2;1;1;1
202300034179;155 619 981;80;0;0;1;0;3
202300034180;155 619 979;7;0;2;1;15;1
202300034180;155 619 980;99;0;2;8;18;3
202300034181;155 619 976;7;8;0;3;0;1
202300034182;155 619 973;10;0;0;6;10;1
202300034182;155 619 977;33;0;2;1;2;1
202300034183;155 619 971;10;0;2;4;0;1
202300034183;155 619 974;10;0;2;1;2;1
202300034184;155 619 968;2;0;0;0;0;1
202300034185;155 619 969;1;9;0;1;16;5
202300034186;155 619 970;7;0;2;1;2;1
202300034186;155 619 972;7;0;2;4;23;1
202300034186;155 619 975;7;0;2;4;23;1
202300034186;155 619 978;7;0;2;4;23;1
202300034187;155 619 966;7;0;2;7;1;1
202300034187;155 619 967;7;0;2;1;16;1
202300034188;155 619 964;7;0;1;2;1;1
202300034189;155 619 963;33;1;0;0;1;1
202300034190;155 619 962;10;0;2;8;15;1
202300034190;155 619 965;7;0;2;1;1;1
202300034191;155 619 961;10;0;1;4;20;3
202300034192;155 619 959;7;0;2;6;15;0
202300034192;155 619 960;2;0;2;1;2;1
202300034193;155 619 958;7;11;0;1;6;1
202300034194;155 619 957;7;0;1;3;1;1
202300034195;155 619 951;33;0;1;7;1;1
202300034196;155 619 953;33;0;2;3;1;1
202300034196;155 619 955;7;0;2;3;1;1
202300034197;155 619 950;7;0;2;4;2;1
202300034197;155 619 954;10;0;2;1;2;1
202300034198;155 619 944;7;0;1;6;26;1
202300034199;155 619 945;7;0;2;1;2;1
202300034199;155 619 947;7;0;2;4;2;1
202300034199;155 619 949;7;0;2;4;2;2
202300034199;155 619 952;7;0;2;4;2;1
202300034199;155 619 956;7;0;2;4;2;1
202300034200;155 619 943;30;0;2;8;10;1
202300034200;155 619 948;7;0;2;2;2;1
202300034201;155 619 942;2;0;2;1;13;1
202300034201;155 619 946;7;0;2;3;1;1
202300034202;155 619 937;7;0;2;1;9;1
202300034202;155 619 940;33;0;2;7;1;1
202300034203;155 619 934;7;2;0;3;13;0
202300034204;155 619 935;34;0;2;1;1;1
202300034204;155 619 938;7;0;2;7;15;1
202300034205;155 619 927;10;0;0;4;26;1
202300034205;155 619 930;7;0;2;1;1;1
202300034206;155 619 926;10;0;2;3;20;1
202300034206;155 619 929;31;1;2;8;1;1
202300034207;155 619 925;7;0;2;1;1;1
202300034207;155 619 932;7;0;2;4;1;1
202300034208;155 619 923;7;0;1;1;1;1
202300034209;155 619 924;33;7;0;1;0;1
202300034210;155 619 919;7;0;2;2;15;1
202300034210;155 619 921;33;0;2;1;1;1
202300034211;155 619 920;7;0;2;8;11;0
202300034211;155 619 922;43;0;2;2;1;1
202300034212;155 619 916;7;0;2;1;1;1
202300034212;155 619 918;7;0;2;3;13;1
202300034213;155 619 913;33;0;2;1;1;1
202300034213;155 619 917;7;0;2;3;15;1
202300034214;155 619 911;7;1;0;1;14;1
202300034215;155 619 912;31;0;2;8;11;1
202300034215;155 619 914;7;0;2;7;1;1
202300034216;155 619 907;7;0;1;3;1;1
202300034217;155 619 906;7;0;2;1;1;2
202300034217;155 619 909;33;0;2;1;13;1
202300034218;155 619 905;7;1;1;1;14;1
202300034219;155 619 903;7;14;0;3;15;1
202300034220;155 619 898;7;0;2;4;2;1
202300034220;155 619 901;7;0;2;1;2;1
202300034220;155 619 904;7;0;2;4;2;1
202300034220;155 619 908;10;0;2;4;2;1
202300034221;155 619 899;2;0;2;1;1;1
202300034221;155 619 902;7;0;2;2;15;1
202300034222;155 619 897;32;0;2;3;1;1
202300034222;155 619 900;10;1;2;3;1;1
202300034223;155 619 894;7;0;2;4;23;1
202300034223;155 619 895;7;1;2;4;26;1
202300034223;155 619 896;7;1;2;1;1;1
202300034224;155 619 891;7;0;9;2;12;1
202300034224;155 619 893;1;0;2;4;1;5
202300034225;155 619 890;2;0;1;1;1;3
202300034226;155 619 888;7;0;2;2;15;1
202300034226;155 619 892;32;0;2;3;1;1
202300034227;155 619 887;80;0;2;3;13;3
202300034227;155 619 889;10;0;2;2;1;1
202300034228;155 619 886;31;0;0;0;1;1
202300034229;155 619 885;7;0;1;7;1;1
202300034230;155 619 882;1;0;2;2;19;5
202300034230;155 619 883;7;0;2;1;15;1
202300034231;155 619 881;33;0;0;3;1;1
202300034232;155 619 880;7;0;2;2;1;1
202300034232;155 619 884;50;7;2;3;5;3
202300034233;155 619 876;7;0;2;1;1;1
202300034233;155 619 879;7;0;2;3;1;1
202300034234;155 619 875;33;0;2;5;23;1
202300034234;155 619 878;7;0;2;2;1;2
202300034235;155 619 877;33;0;0;0;1;1
202300034236;155 619 874;7;0;1;2;1;1
202300034237;155 619 871;7;0;2;7;10;1
202300034237;155 619 873;34;0;2;1;1;1
202300034238;155 619 869;7;0;2;6;13;1
202300034238;155 619 872;32;0;2;2;14;1
202300034239;155 619 868;31;0;2;7;17;1
202300034239;155 619 870;38;0;2;8;1;1
202300034240;155 619 867;30;0;1;1;1;3
202300034241;155 619 864;7;14;0;3;1;1
202300034242;155 619 862;32;0;2;1;1;1
202300034242;155 619 866;7;0;2;3;15;1
202300034243;155 619 861;7;0;2;3;1;0
202300034243;155 619 865;7;0;2;1;13;0
202300034244;155 619 860;7;0;2;7;24;1
202300034244;155 619 863;80;1;0;1;1;3
202300034245;155 619 859;7;8;9;9;1;1
202300034246;155 619 857;7;0;1;3;15;1
202300034247;155 619 855;32;0;2;1;1;1
202300034247;155 619 858;7;0;2;7;15;0
202300034248;155 619 853;7;0;0;4;23;1
202300034248;155 619 856;32;1;0;1;1;3
202300034249;155 619 852;7;0;2;1;1;1
202300034249;155 619 854;7;0;2;1;1;1
202300034250;155 619 850;7;0;1;0;15;1
202300034251;155 619 848;30;1;0;1;1;1
202300034252;155 619 844;33;8;2;8;1;1
202300034252;155 619 847;7;0;2;3;20;1
202300034253;155 619 842;7;0;2;8;15;1
202300034253;155 619 846;38;0;2;1;1;1
202300034254;155 619 841;10;8;0;3;1;1
202300034255;155 619 840;7;0;1;2;1;2
202300034256;155 619 839;7;0;1;3;1;1
202300034257;155 619 838;7;0;1;1;0;0
202300034258;155 619 836;7;6;0;2;14;1
202300034259;155 619 835;1;0;0;0;1;5
202300034260;155 619 833;10;0;2;2;16;1
202300034260;155 619 837;32;0;2;3;1;1
202300034261;155 619 831;7;0;2;6;24;1
202300034261;155 619 834;7;1;0;3;2;0
202300034262;155 619 830;7;0;2;5;1;1
202300034262;155 619 832;2;0;2;1;19;1
202300034263;155 619 827;7;0;2;1;1;1
202300034263;155 619 829;7;0;2;4;23;1
202300034264;155 619 824;1;0;2;4;1;5
202300034264;155 619 826;7;0;2;0;0;0
202300034265;155 619 825;30;0;2;1;1;1
202300034265;155 619 828;7;0;2;1;1;1
202300034266;155 619 818;7;0;0;9;26;1
202300034267;155 619 820;7;0;2;7;19;1
202300034267;155 619 823;2;0;2;1;1;1
202300034268;155 619 816;7;0;2;6;1;0
202300034268;155 619 821;43;0;2;1;19;1
202300034269;155 619 815;31;0;2;1;1;1
202300034269;155 619 817;33;0;2;4;1;1
202300034269;155 619 819;33;0;2;4;1;1
202300034269;155 619 822;33;0;2;4;1;1
202300034270;155 619 813;7;6;0;1;1;1
202300034271;155 619 812;60;0;2;6;2;5
202300034271;155 619 814;10;0;9;1;2;1
202300034272;155 619 810;7;0;1;3;2;1
202300034273;155 619 808;10;0;2;1;9;1
202300034273;155 619 811;7;0;2;6;23;1
202300034274;155 619 809;33;16;0;2;14;1
202300034275;155 619 807;7;0;1;1;1;1
202300034276;155 619 805;7;2;0;1;1;1
202300034277;155 619 804;31;8;0;0;16;0
202300034278;155 619 803;33;0;2;0;1;1
202300034278;155 619 806;7;0;2;3;10;2
202300034279;155 619 801;7;13;0;0;1;0
202300034280;155 619 799;7;0;2;2;1;1
202300034280;155 619 800;60;0;2;1;12;3
202300034281;155 619 798;7;0;2;6;1;1
202300034281;155 619 802;10;0;2;2;15;1
202300034282;155 619 797;34;0;1;2;1;1
202300034283;155 619 793;37;0;2;8;9;1
202300034283;155 619 795;34;0;2;1;9;1
202300034284;155 619 792;7;0;2;1;10;1
202300034284;155 619 794;7;0;2;2;1;1
202300034285;155 619 790;33;0;0;0;1;1
202300034286;155 619 789;10;0;2;2;19;1
202300034286;155 619 791;7;0;2;3;9;1
202300034287;155 619 788;7;1;0;2;14;3
202300034288;155 619 787;30;0;0;0;0;1
202300034289;155 619 786;7;0;1;1;1;1
202300034290;155 619 785;7;0;1;3;15;0
202300034291;155 619 781;7;1;2;1;2;1
202300034291;155 619 782;7;1;2;4;2;1
202300034291;155 619 784;7;1;2;4;2;1
202300034292;155 619 780;17;0;2;5;1;1
202300034292;155 619 783;10;7;2;1;1;1
202300034293;155 619 779;7;0;1;2;1;1
202300034294;155 619 777;2;0;2;1;1;1
202300034294;155 619 778;7;0;2;4;2;0
202300034295;155 619 774;7;0;2;3;1;1
202300034295;155 619 776;7;0;2;8;13;1
202300034296;155 619 773;7;13;2;3;1;1
202300034296;155 619 775;7;0;2;2;1;1
202300034297;155 619 771;30;0;1;1;1;1
202300034298;155 619 769;7;0;1;3;1;1
202300034299;155 619 770;50;0;2;1;1;3
202300034299;155 619 772;7;0;0;4;23;-1
202300034300;155 619 765;7;0;2;3;9;1
202300034300;155 619 767;2;0;2;1;1;1
202300034301;155 619 764;7;1;0;9;14;1
202300034302;155 619 763;7;0;2;4;2;1
202300034302;155 619 766;7;0;2;1;2;1
202300034302;155 619 768;7;0;2;4;2;1
202300034303;155 619 762;7;0;1;3;1;0
202300034304;155 619 760;7;12;0;1;1;1
202300034305;155 619 759;1;0;2;1;1;5
202300034305;155 619 761;1;0;2;1;13;5
202300034306;155 619 757;7;0;2;3;20;1
202300034306;155 619 758;2;0;2;2;1;1
202300034307;155 619 753;32;1;0;3;18;1
202300034307;155 619 756;7;0;2;5;22;0
202300034308;155 619 752;7;0;2;3;13;1
202300034308;155 619 754;7;0;2;3;1;1
202300034309;155 619 749;7;0;2;5;1;1
202300034309;155 619 751;7;0;2;3;12;1
202300034310;155 619 748;7;0;2;1;2;1
202300034310;155 619 750;7;0;2;4;2;1
202300034311;155 619 745;7;0;2;3;13;1
202300034311;155 619 746;31;0;2;1;1;1
202300034312;155 619 741;7;0;0;8;23;1
202300034312;155 619 743;15;1;0;7;1;1
202300034313;155 619 742;7;15;2;8;17;1
202300034313;155 619 747;7;15;2;1;1;1
202300034314;155 619 740;1;0;2;1;15;5
202300034314;155 619 744;7;0;2;1;15;1
202300034315;155 619 737;32;0;0;7;0;1
202300034316;155 619 738;34;0;2;1;6;1
202300034316;155 619 739;7;0;2;8;1;1
202300034317;155 619 735;7;13;0;2;1;1
202300034318;155 619 734;30;0;2;5;1;0
202300034318;155 619 736;7;0;2;3;1;1
202300034319;155 619 732;7;0;1;1;9;1
202300034320;155 619 728;7;0;2;1;2;1
202300034320;155 619 731;7;0;0;0;0;2
202300034321;155 619 726;1;6;0;1;0;5
202300034322;155 619 725;7;0;2;1;2;1
202300034322;155 619 727;7;0;2;4;2;2
202300034322;155 619 729;10;0;2;1;1;1
202300034323;155 619 722;7;0;2;0;1;1
202300034323;155 619 724;7;0;2;1;2;1
202300034324;155 619 721;10;0;1;1;1;1
202300034325;155 619 720;7;0;2;1;1;1
202300034325;155 619 723;7;0;2;7;9;1
202300034326;155 619 719;7;9;0;3;0;0
202300034327;155 619 716;1;0;2;0;0;5
202300034327;155 619 718;7;0;2;3;13;1
202300034328;155 619 717;7;6;0;1;1;1
202300034329;155 619 714;7;0;1;2;1;1
202300034330;155 619 713;7;0;2;3;11;1
202300034330;155 619 715;33;0;2;0;0;1
202300034331;155 619 710;7;9;0;8;1;1
202300034332;155 619 709;7;0;2;7;1;1
202300034332;155 619 712;1;0;2;8;1;5
202300034333;155 619 705;1;0;2;0;1;5
202300034333;155 619 707;60;0;2;3;19;5
202300034334;155 619 704;33;0;2;1;1;1
202300034334;155 619 708;33;0;2;1;1;1
202300034334;155 619 711;7;0;2;3;9;1
202300034335;155 619 703;7;8;0;1;13;1
202300034336;155 619 702;7;0;2;1;19;1
202300034336;155 619 706;50;0;2;7;1;3
202300034337;155 619 699;33;8;0;9;26;1
202300034338;155 619 701;7;0;1;1;2;1
202300034339;155 619 697;7;0;2;3;18;1
202300034339;155 619 700;7;0;2;5;1;1
202300034340;155 619 696;7;0;2;1;1;0
202300034340;155 619 698;7;0;2;2;10;0
202300034341;155 619 694;30;0;0;7;1;1
202300034342;155 619 693;31;12;0;0;0;1
202300034343;155 619 692;7;0;2;1;2;1
202300034343;155 619 695;7;0;2;0;0;1
202300034344;155 619 691;7;0;1;1;1;1
202300034345;155 619 687;7;0;2;2;15;1
202300034345;155 619 690;50;0;2;1;1;3
202300034346;155 619 684;7;0;1;3;15;1
202300034347;155 619 686;7;0;2;1;5;1
202300034347;155 619 689;7;0;2;1;1;1
202300034348;155 619 685;32;0;2;1;1;1
202300034348;155 619 688;7;0;2;3;15;0
202300034349;155 619 680;7;0;9;8;13;0
202300034349;155 619 683;1;0;2;0;1;5
202300034350;155 619 676;33;0;2;1;1;1
202300034350;155 619 681;7;0;2;3;15;1
202300034351;155 619 677;99;0;0;1;0;3
202300034351;155 619 679;99;0;0;1;19;3
202300034351;155 619 682;7;0;2;9;1;1
202300034352;155 619 675;34;0;2;3;1;1
202300034352;155 619 678;31;0;2;3;1;1
202300034353;155 619 673;34;0;2;1;2;0
202300034353;155 619 674;7;0;2;3;13;1
202300034354;155 619 670;32;0;2;7;17;1
202300034354;155 619 672;7;0;2;3;15;1