Num_Acc;id_vehicule;catv;obs;obsm;choc;manv;motor
202300034355;155 619 669;15;10;0;2;1;1
202300034356;155 619 667;7;0;1;2;1;1
202300034357;155 619 666;7;13;0;2;1;1
202300034358;155 619 668;7;14;2;1;1;0
202300034358;155 619 671;7;0;2;4;23;1
202300034359;155 619 664;7;0;9;3;1;1
202300034359;155 619 665;33;0;2;1;1;1
202300034360;155 619 661;7;0;2;0;0;0
202300034360;155 619 663;43;0;2;7;0;0
202300034361;155 619 660;7;0;2;2;16;1
202300034361;155 619 662;50;0;2;8;0;3
202300034362;155 619 659;7;12;0;2;15;1
202300034363;155 619 658;2;0;1;1;3;1
202300034364;155 619 654;7;0;1;0;1;1
202300034365;155 619 655;31;0;2;3;1;1
202300034365;155 619 657;7;0;2;2;0;1
202300034366;155 619 653;7;0;2;0;1;1
202300034366;155 619 656;1;0;2;0;0;5
202300034367;155 619 650;36;8;0;9;1;1
202300034368;155 619 648;7;0;2;8;10;1
202300034368;155 619 651;7;0;2;1;1;1
202300034369;155 619 652;7;10;0;3;13;0
202300034370;155 619 647;7;0;2;1;1;1
202300034370;155 619 649;7;0;2;8;9;1
202300034371;155 619 646;2;0;0;4;1;1
202300034372;155 619 644;33;8;0;1;1;1
202300034373;155 619 643;33;0;2;7;1;1
202300034373;155 619 645;10;0;2;8;11;1
202300034374;155 619 641;2;0;0;8;14;1
202300034375;155 619 640;7;1;0;2;1;1
202300034375;155 619 642;7;0;2;5;23;1
202300034376;155 619 639;7;15;0;3;2;1
202300034377;155 619 637;2;0;2;1;16;1
202300034377;155 619 638;10;0;2;2;16;1
202300034378;155 619 636;50;0;1;3;1;3
202300034379;155 619 633;30;0;2;1;1;1
202300034379;155 619 634;21;0;2;1;1;1
202300034380;155 619 631;7;4;0;3;0;1
202300034381;155 619 629;7;0;2;8;22;1
202300034381;155 619 632;1;0;2;2;1;5
202300034382;155 619 630;1;0;2;1;19;5
202300034382;155 619 635;7;0;9;2;1;1
202300034383;155 619 628;7;0;1;2;1;1
202300034384;155 619 626;7;13;0;9;1;1
202300034385;155 619 624;7;2;0;1;0;3
202300034386;155 619 625;7;0;2;1;1;1
202300034386;155 619 627;7;0;2;7;1;1
202300034387;155 619 623;30;0;0;7;2;3
202300034388;155 619 619;7;0;2;7;10;1
202300034388;155 619 622;33;0;2;1;1;1
202300034389;155 619 620;10;1;1;8;20;1
202300034390;155 619 616;7;0;2;1;1;0
202300034390;155 619 617;7;0;2;4;23;1
202300034391;155 619 611;7;0;2;1;1;1
202300034392;155 619 612;7;0;2;4;23;1
202300034392;155 619 615;7;0;2;4;23;1
202300034392;155 619 618;7;0;2;4;23;1
202300034392;155 619 621;10;0;2;1;2;1
202300034393;155 619 610;7;0;2;3;15;1
202300034393;155 619 613;33;0;2;1;1;0
202300034394;155 619 608;7;0;2;1;19;2
202300034394;155 619 614;7;0;0;8;1;0
202300034395;155 619 606;1;0;1;1;1;5
202300034396;155 619 607;36;0;0;7;26;0
202300034397;155 619 602;7;16;0;9;1;1
202300034398;155 619 603;7;0;1;3;15;1
202300034399;155 619 605;7;0;2;1;1;1
202300034399;155 619 609;7;0;2;1;1;1
202300034400;155 619 601;2;0;2;8;9;1
202300034400;155 619 604;7;0;2;1;1;1
202300034401;155 619 598;10;0;2;4;1;1
202300034401;155 619 600;30;0;2;1;1;3
202300034402;155 619 596;7;0;0;1;1;1
202300034403;155 619 593;7;0;2;2;1;1
202300034403;155 619 594;33;0;2;3;9;1
202300034404;155 619 592;7;0;2;2;1;3
202300034404;155 619 595;7;0;2;4;2;1
202300034404;155 619 597;7;0;2;5;2;1
202300034404;155 619 599;10;0;2;1;2;1
202300034405;155 619 591;7;0;1;4;20;1
202300034406;155 619 589;7;0;1;1;16;1
202300034407;155 619 585;7;0;2;1;1;1
202300034407;155 619 587;7;15;0;4;1;1
202300034408;155 619 584;7;0;2;4;23;1
202300034408;155 619 588;10;4;2;5;23;1
202300034408;155 619 590;7;0;2;3;1;1
202300034409;155 619 583;33;0;2;1;2;1
202300034409;155 619 586;10;0;2;4;2;1
202300034410;155 619 580;7;0;2;4;1;1
202300034410;155 619 581;7;0;2;1;1;1
202300034411;155 619 579;7;1;2;2;1;1
202300034411;155 619 582;7;1;2;1;9;0
202300034412;155 619 575;7;0;2;3;2;1
202300034412;155 619 577;33;0;2;2;17;1
202300034413;155 619 576;7;0;2;4;2;1
202300034413;155 619 578;7;0;2;1;2;1
202300034414;155 619 572;33;0;0;1;1;0
202300034414;155 619 573;7;0;2;5;9;1
202300034415;155 619 571;10;5;2;1;0;1
202300034415;155 619 574;7;5;0;9;21;2
202300034416;155 619 568;10;0;2;2;16;1
202300034416;155 619 570;43;0;2;3;18;1
202300034417;155 619 567;7;0;2;8;1;1
202300034417;155 619 569;7;4;2;2;12;1
202300034418;155 619 565;7;4;0;2;1;1
202300034419;155 619 564;31;0;2;1;1;1
202300034419;155 619 566;7;0;2;3;15;2
202300034420;155 619 561;10;0;2;1;1;1
202300034420;155 619 563;7;0;2;4;1;1
202300034421;155 619 560;2;0;0;8;1;1
202300034421;155 619 562;7;0;2;2;10;1
202300034422;155 619 559;33;0;0;0;1;1
202300034423;155 619 558;7;0;0;0;1;1
202300034424;155 619 555;7;0;2;1;2;1
202300034424;155 619 556;7;0;2;4;2;1
202300034424;155 619 557;7;0;2;4;2;1
202300034425;155 619 554;7;8;0;1;14;0
202300034426;155 619 552;7;0;2;8;11;1
202300034426;155 619 553;34;0;2;1;3;1
202300034427;155 619 551;2;0;0;1;1;1
202300034428;155 619 549;10;0;2;8;11;1
202300034428;155 619 550;33;0;2;5;1;1
202300034429;155 619 548;33;13;0;1;1;1
202300034430;155 619 546;7;0;2;4;1;1
202300034430;155 619 547;7;0;2;1;0;1
202300034431;155 619 545;10;13;0;1;21;1
202300034432;155 619 544;7;0;9;8;1;1
202300034433;155 619 543;33;0;0;9;13;1
202300034434;155 619 540;7;0;2;6;11;1
202300034434;155 619 542;33;0;2;7;11;1
202300034435;155 619 541;10;0;1;4;4;1
202300034436;155 619 539;15;1;0;1;14;1
202300034437;155 619 537;7;0;2;6;1;1
202300034437;155 619 538;2;0;2;1;5;1
202300034438;155 619 535;7;0;2;1;1;1
202300034438;155 619 536;7;0;2;6;23;1
202300034439;155 619 533;30;0;2;4;2;1
202300034439;155 619 534;7;0;2;2;0;1
202300034440;155 619 531;7;2;0;2;0;1
202300034441;155 619 530;33;0;1;0;1;1
202300034442;155 619 527;50;0;1;1;25;3
202300034443;155 619 526;30;3;2;1;14;1
202300034443;155 619 528;10;0;0;5;23;1
202300034443;155 619 529;7;0;0;7;23;1
202300034444;155 619 525;32;0;1;2;17;1
202300034445;155 619 523;50;0;2;8;1;3
202300034445;155 619 524;7;0;2;1;15;1
202300034446;155 619 521;7;0;0;0;1;1
202300034447;155 619 522;33;0;0;1;16;1
202300034448;155 619 520;10;0;0;4;1;1
202300034449;155 619 519;7;0;1;3;15;1
202300034450;155 619 518;7;13;0;5;14;1
202300034451;155 619 515;7;0;2;7;15;1
202300034451;155 619 517;43;0;2;1;1;1
202300034452;155 619 514;7;0;2;1;13;1
202300034452;155 619 516;7;0;2;1;1;1
202300034453;155 619 511;7;0;2;1;13;1
202300034453;155 619 512;7;0;2;1;1;1
202300034454;155 619 509;7;0;2;3;9;1
202300034454;155 619 513;30;0;2;1;17;1
202300034455;155 619 510;80;0;1;1;1;3
202300034456;155 619 506;33;0;2;1;2;1
202300034456;155 619 508;7;0;2;3;15;1
202300034457;155 619 505;7;0;2;2;19;2
202300034457;155 619 507;2;0;2;8;1;1
202300034458;155 619 499;7;0;2;1;1;1
202300034458;155 619 501;7;0;2;3;1;1
202300034458;155 619 504;3;0;2;2;15;1
202300034459;155 619 500;10;0;0;9;2;1
202300034459;155 619 502;33;0;2;1;2;1
202300034459;155 619 503;7;0;2;4;2;1
202300034460;155 619 497;33;0;2;1;18;1
202300034460;155 619 498;7;0;2;7;16;1
202300034461;155 619 495;33;1;2;5;1;1
202300034461;155 619 496;7;0;2;3;9;1
202300034462;155 619 491;7;0;2;3;15;1
202300034462;155 619 493;7;0;0;0;23;1
202300034462;155 619 494;33;0;2;1;3;1
202300034463;155 619 492;7;8;0;1;14;1
202300034464;155 619 489;7;1;0;3;1;1
202300034465;155 619 486;1;0;2;7;1;5
202300034465;155 619 490;7;0;2;1;9;1
202300034466;155 619 487;7;0;2;4;23;0
202300034466;155 619 488;7;0;2;1;2;0
202300034467;155 619 482;10;1;1;4;4;3
202300034468;155 619 483;7;0;2;1;1;1
202300034468;155 619 484;7;0;2;7;10;1
202300034469;155 619 479;7;8;0;1;15;1
202300034470;155 619 478;7;0;1;2;9;1
202300034471;155 619 474;7;0;2;1;1;1
202300034471;155 619 477;7;0;2;1;13;1
202300034472;155 619 472;43;0;2;2;14;1
202300034472;155 619 475;7;0;2;2;9;1
202300034473;155 619 473;7;0;2;2;15;3
202300034473;155 619 476;1;0;2;1;1;5
202300034474;155 619 470;7;0;2;1;2;1
202300034474;155 619 471;10;0;2;4;23;1
202300034475;155 619 469;7;8;0;1;13;1
202300034476;155 619 468;7;1;0;3;15;0
202300034477;155 619 466;17;0;2;1;2;1
202300034477;155 619 467;7;0;2;4;2;1
202300034478;155 619 464;7;0;1;3;1;6
202300034479;155 619 463;32;0;2;2;13;1
202300034479;155 619 465;7;0;2;3;1;0
202300034480;155 619 462;7;0;1;1;16;1
202300034481;155 619 459;7;0;1;1;9;1
202300034482;155 619 458;7;0;2;3;13;1
202300034482;155 619 460;7;0;2;8;1;3
202300034483;155 619 457;3;0;2;6;15;0
202300034483;155 619 461;33;0;2;1;1;0
202300034484;155 619 456;7;0;1;1;1;1
202300034485;155 619 453;7;0;2;3;1;1
202300034485;155 619 455;50;0;2;3;9;3
202300034486;155 619 451;1;0;2;8;19;5
202300034486;155 619 452;10;0;2;1;16;1
202300034487;155 619 450;7;0;2;1;2;0
202300034487;155 619 454;7;0;2;4;2;1
202300034488;155 619 449;31;0;1;1;1;1
202300034489;155 619 448;7;0;1;1;0;2
202300034490;155 619 447;7;0;1;5;4;1
202300034491;155 619 445;7;0;2;3;9;1
202300034491;155 619 446;7;0;1;5;2;1
202300034492;155 619 444;31;1;2;1;1;3
202300034493;155 619 443;7;0;1;1;26;1
202300034494;155 619 439;33;0;2;1;2;1
202300034494;155 619 441;33;0;2;0;2;1
202300034494;155 619 442;33;0;2;7;2;1
202300034495;155 619 437;7;0;2;3;1;1
202300034495;155 619 440;7;0;2;7;15;1
202300034496;155 619 438;7;11;0;1;0;1
202300034497;155 619 436;7;0;1;2;1;1
202300034498;155 619 433;7;0;9;3;1;1
202300034498;155 619 435;50;0;2;8;1;3
202300034499;155 619 432;20;0;2;1;1;0
202300034499;155 619 434;7;0;0;4;1;1
202300034500;155 619 430;31;0;2;1;1;1
202300034500;155 619 431;7;0;2;1;15;1
202300034501;155 619 427;50;0;0;0;1;3
202300034502;155 619 426;7;0;2;1;2;1
202300034502;155 619 429;10;0;2;4;1;1
202300034503;155 619 422;7;0;2;2;17;1
202300034503;155 619 424;7;0;2;3;10;1
202300034504;155 619 423;10;0;2;1;1;0
202300034504;155 619 425;7;0;2;1;1;0
202300034504;155 619 428;3;0;2;4;1;0
202300034505;155 619 419;7;0;2;2;2;3
202300034505;155 619 420;7;0;2;4;2;1
202300034505;155 619 421;7;0;2;4;2;1
202300034506;155 619 418;30;12;1;0;21;1
202300034507;155 619 414;7;2;0;7;14;1
202300034508;155 619 415;10;0;1;2;2;1
202300034509;155 619 413;34;0;2;1;3;1
202300034509;155 619 416;7;0;2;3;1;1
202300034509;155 619 417;7;0;2;3;1;1
202300034510;155 619 412;7;13;0;2;14;1
202300034511;155 619 408;7;0;2;3;15;1
202300034511;155 619 410;7;0;2;2;1;1
202300034512;155 619 409;7;0;2;1;1;1
202300034512;155 619 411;7;0;2;4;1;1
202300034513;155 619 406;33;0;2;7;15;1
202300034513;155 619 407;7;0;2;1;18;1
202300034514;155 619 403;50;0;4;8;13;3
202300034514;155 619 405;40;0;2;2;1;3
202300034515;155 619 402;10;0;2;2;2;1
202300034515;155 619 404;7;0;0;4;1;1
202300034516;155 619 400;7;0;2;2;16;1
202300034516;155 619 401;50;0;2;1;1;3
202300034517;155 619 398;50;0;2;3;1;3
202300034517;155 619 399;7;0;2;2;15;1
202300034518;155 619 393;10;0;2;1;2;1
202300034518;155 619 395;7;0;2;0;23;1
202300034518;155 619 397;7;0;2;4;11;1
202300034519;155 619 392;50;0;9;1;1;3
202300034520;155 619 391;7;0;1;8;15;1
202300034521;155 619 394;7;0;2;1;1;1
202300034521;155 619 396;7;0;2;4;1;3
202300034522;155 619 387;30;0;2;1;2;1
202300034522;155 619 389;30;0;2;8;15;1
202300034523;155 619 383;33;0;2;1;21;1
202300034523;155 619 384;7;0;2;3;1;1
202300034523;155 619 386;7;0;0;0;0;1
202300034524;155 619 382;7;0;2;7;15;1
202300034524;155 619 385;30;0;2;7;21;1
202300034525;155 619 381;10;0;1;3;23;1
202300034526;155 619 379;1;0;2;8;2;5
202300034526;155 619 380;7;0;9;2;1;1
202300034527;155 619 378;10;0;1;3;1;1
202300034528;155 619 376;7;0;0;7;15;1
202300034528;155 619 377;33;0;2;1;1;1
202300034529;155 619 375;7;15;0;1;1;1
202300034530;155 619 373;31;0;2;1;1;6
202300034530;155 619 374;10;0;2;5;15;1
202300034531;155 619 372;7;2;0;1;16;1
202300034532;155 619 370;1;0;2;1;13;5
202300034532;155 619 371;7;0;2;1;1;1
202300034533;155 619 368;31;0;2;8;15;1
202300034533;155 619 369;31;0;2;1;17;1
202300034534;155 619 366;7;0;2;7;14;1
202300034534;155 619 367;2;0;2;8;2;1
202300034535;155 619 363;14;0;2;2;1;0
202300034535;155 619 364;7;0;2;8;1;2
202300034535;155 619 365;7;0;2;1;1;1
202300034536;155 619 362;7;0;1;1;1;0
202300034537;155 619 361;2;11;0;1;13;1
202300034538;155 619 358;3;0;2;3;13;1
202300034538;155 619 360;10;3;2;3;1;1
202300034539;155 619 357;14;0;2;5;1;1
202300034539;155 619 359;31;0;2;6;3;1
202300034540;155 619 354;7;0;2;1;9;1
202300034540;155 619 356;15;0;0;4;9;1
202300034541;155 619 353;14;0;2;1;19;1
202300034541;155 619 355;50;0;2;8;1;3
202300034542;155 619 351;10;0;1;1;1;1
202300034543;155 619 350;7;0;2;1;2;1
202300034543;155 619 352;15;0;0;4;1;1
202300034544;155 619 349;50;0;1;1;1;3
202300034545;155 619 348;7;2;0;1;11;1
202300034546;155 619 345;7;0;2;3;1;1
202300034546;155 619 347;7;0;2;1;1;1
202300034547;155 619 341;30;0;2;8;1;1
202300034547;155 619 343;7;0;2;1;15;1
202300034548;155 619 342;7;2;0;7;14;1
202300034549;155 619 339;7;0;1;4;20;1
202300034550;155 619 338;7;0;2;3;13;1
202300034550;155 619 340;21;0;2;3;1;1
202300034551;155 619 336;7;0;2;3;12;1
202300034551;155 619 337;7;0;2;5;1;1
202300034552;155 619 334;7;0;2;2;15;1
202300034552;155 619 335;34;0;2;1;1;1
202300034553;155 619 332;10;0;2;5;16;1
202300034553;155 619 333;7;0;2;3;1;2
202300034554;155 619 330;2;0;2;1;17;1
202300034554;155 619 331;7;0;2;3;1;1
202300034555;155 619 328;1;0;2;1;1;5
202300034555;155 619 329;10;0;2;3;15;1
202300034556;155 619 325;7;0;2;3;13;1
202300034556;155 619 326;33;0;2;3;1;1
202300034556;155 619 327;33;0;2;3;1;1
202300034557;155 619 324;1;0;1;8;1;5
202300034558;155 619 322;7;0;2;1;1;2
202300034558;155 619 323;7;0;2;7;26;1
202300034559;155 619 320;7;0;2;3;1;1
202300034559;155 619 321;32;0;2;1;1;1
202300034560;155 619 318;7;0;9;2;2;1
202300034560;155 619 319;1;0;2;8;1;5
202300034561;155 619 317;32;0;0;7;16;1
202300034562;155 619 315;7;4;0;5;1;0
202300034563;155 619 314;7;0;2;3;1;1
202300034563;155 619 316;33;0;2;1;13;1
202300034564;155 619 313;7;0;1;1;15;1
202300034565;155 619 312;33;0;0;1;0;1
202300034566;155 619 309;31;0;2;7;2;3
202300034566;155 619 311;7;0;2;7;15;0
202300034567;155 619 308;7;0;2;1;9;1
202300034567;155 619 310;50;0;2;7;1;3
202300034568;155 619 306;7;13;0;7;0;0
202300034569;155 619 305;7;0;2;1;0;0
202300034569;155 619 307;50;0;2;4;0;3
202300034570;155 619 304;7;0;1;1;2;1
202300034571;155 619 302;7;0;2;1;1;1
202300034571;155 619 303;2;0;2;1;13;1
202300034572;155 619 300;1;0;5;8;1;5
202300034573;155 619 299;10;0;2;1;1;1
202300034573;155 619 301;10;0;2;6;1;1
202300034574;155 619 296;7;0;2;3;16;1
202300034574;155 619 298;33;0;2;1;1;1
202300034575;155 619 297;99;0;1;2;19;0
202300034576;155 619 295;33;0;0;8;1;1
202300034577;155 619 293;7;0;2;3;9;1
202300034577;155 619 294;33;0;2;1;1;1
202300034578;155 619 292;7;2;0;1;1;0
202300034579;155 619 289;7;0;2;2;15;0
202300034579;155 619 291;7;0;2;3;1;1
202300034580;155 619 288;7;0;2;1;15;1
202300034580;155 619 290;7;0;2;1;1;1
202300034581;155 619 284;10;0;2;7;17;1
202300034581;155 619 286;21;0;2;3;15;1
202300034582;155 619 285;14;0;2;0;2;1
202300034582;155 619 287;1;0;2;0;2;5
202300034583;155 619 283;7;13;0;3;2;1
202300034584;155 619 282;7;0;1;2;16;0
202300034585;155 619 280;7;0;2;3;15;1
202300034585;155 619 281;2;0;2;1;1;1
202300034586;155 619 279;7;6;0;2;14;1
202300034587;155 619 278;33;0;0;9;1;1
202300034588;155 619 275;7;0;2;8;10;1
202300034588;155 619 276;33;0;2;1;17;1
202300034589;155 619 274;7;0;2;1;15;1
202300034589;155 619 277;33;0;2;7;1;1
202300034590;155 619 273;7;3;0;1;17;1
202300034591;155 619 271;7;3;0;1;1;1
202300034592;155 619 270;10;0;2;1;0;0
202300034592;155 619 272;3;3;0;4;0;0
202300034593;155 619 269;10;0;1;3;1;1
202300034594;155 619 267;7;0;2;3;13;0
202300034594;155 619 268;32;0;2;7;17;1
202300034595;155 619 263;7;0;2;1;5;1
202300034595;155 619 264;7;0;2;1;1;1
202300034596;155 619 262;7;4;0;0;0;1
202300034596;155 619 265;7;1;0;1;0;1
202300034596;155 619 266;7;0;0;1;0;1
202300034597;155 619 260;7;0;2;1;0;1
202300034597;155 619 261;7;0;2;3;0;1
202300034598;155 619 259;10;3;0;8;12;1
202300034599;155 619 258;10;6;0;1;1;1
202300034600;155 619 256;7;6;0;6;1;1
202300034601;155 619 254;7;8;0;0;1;1
202300034602;155 619 253;7;2;0;5;0;1
202300034603;155 619 251;10;0;2;1;1;1
202300034603;155 619 252;7;0;0;4;0;1
202300034604;155 619 249;33;16;0;0;17;1
202300034605;155 619 250;7;2;0;3;11;1
202300034606;155 619 247;14;3;1;2;1;1
202300034607;155 619 248;2;6;0;1;1;1
202300034608;155 619 244;7;0;2;2;15;1
202300034608;155 619 246;34;0;2;2;1;1
202300034609;155 619 241;33;0;0;9;1;1
202300034609;155 619 242;7;0;0;0;1;1
202300034610;155 619 243;7;8;0;3;13;0
202300034610;155 619 245;7;8;0;3;26;1
202300034611;155 619 239;33;0;2;3;1;1
202300034611;155 619 240;7;0;2;6;19;1
202300034612;155 619 238;7;0;9;1;1;0
202300034613;155 619 237;10;0;1;2;1;1
202300034614;155 619 236;7;0;1;2;16;1
202300034615;155 619 233;7;0;2;1;1;1
202300034615;155 619 234;7;0;2;3;1;1
202300034615;155 619 235;33;0;2;3;5;1
202300034616;155 619 230;7;0;1;2;1;1
202300034617;155 619 231;14;0;4;2;1;1
202300034617;155 619 232;39;0;4;1;1;1
202300034618;155 619 227;7;0;2;5;15;1
202300034618;155 619 229;2;0;2;1;1;1
202300034619;155 619 225;10;0;2;1;1;1
202300034619;155 619 226;7;0;2;1;1;1
202300034620;155 619 223;7;0;2;3;15;1
202300034620;155 619 224;33;0;2;1;1;0
202300034621;155 619 220;7;0;2;6;15;1
202300034621;155 619 221;33;0;2;7;17;1
202300034621;155 619 222;33;0;2;7;17;1
202300034622;155 619 219;10;0;1;2;2;1
202300034623;155 619 217;38;0;2;8;15;1
202300034623;155 619 218;14;0;2;2;17;1
202300034624;155 619 214;7;0;2;1;1;1
202300034624;155 619 215;50;0;2;0;19;3
202300034625;155 619 213;10;0;2;1;1;1
202300034625;155 619 216;7;0;2;1;13;1
202300034626;155 619 212;1;0;1;1;25;5
202300034627;155 619 210;7;2;0;1;14;1
202300034628;155 619 207;7;0;2;3;1;1
202300034628;155 619 208;7;0;0;8;13;1
202300034629;155 619 209;7;2;0;4;26;1
202300034629;155 619 211;7;2;2;1;21;1
202300034630;155 619 206;7;0;9;2;1;1
202300034631;155 619 205;7;0;1;2;1;1
202300034632;155 619 202;7;0;0;4;1;1
202300034632;155 619 203;33;0;0;1;1;1
202300034632;155 619 204;7;0;0;1;1;1
202300034633;155 619 199;7;0;0;2;1;1
202300034633;155 619 200;1;0;0;4;1;5
202300034634;155 619 197;33;11;0;0;21;1
202300034635;155 619 198;7;0;2;1;15;1
202300034635;155 619 201;7;7;2;1;1;1
202300034636;155 619 194;7;15;0;1;1;2
202300034637;155 619 193;10;0;2;7;1;1
202300034637;155 619 195;7;0;2;0;0;1
202300034637;155 619 196;33;0;2;0;0;1
202300034638;155 619 191;33;0;2;2;14;1
202300034638;155 619 192;13;0;2;8;1;1
202300034639;155 619 189;7;0;2;6;19;0
202300034639;155 619 190;31;0;2;3;1;0
202300034640;155 619 187;32;0;2;1;12;1
202300034640;155 619 188;7;0;2;6;23;1
202300034641;155 619 183;7;0;2;1;2;1
202300034641;155 619 185;7;0;2;4;2;1
202300034642;155 619 182;7;0;2;1;13;1
202300034642;155 619 184;7;0;2;1;1;2
202300034642;155 619 186;10;0;2;3;1;1
202300034643;155 619 180;7;0;2;1;2;0
202300034643;155 619 181;7;0;0;4;2;0
202300034644;155 619 178;7;0;1;3;1;1
202300034645;155 619 177;7;0;2;1;2;1
202300034645;155 619 179;7;0;2;4;2;1
202300034646;155 619 174;10;0;2;7;12;1
202300034646;155 619 176;33;0;2;3;1;1
202300034647;155 619 171;34;0;2;8;3;1
202300034647;155 619 172;7;0;2;7;1;1
202300034648;155 619 170;30;0;2;1;1;1
202300034648;155 619 173;32;0;2;3;9;1
202300034649;155 619 168;10;0;2;1;2;1
202300034649;155 619 169;10;3;2;4;2;1
202300034650;155 619 166;10;0;0;1;26;1
202300034651;155 619 167;7;8;0;1;6;1
202300034652;155 619 164;7;0;2;7;14;1
202300034652;155 619 165;33;0;2;8;0;1
202300034653;155 619 161;10;5;0;1;1;1
202300034653;155 619 163;7;5;0;1;13;1
202300034654;155 619 159;7;0;2;1;2;2
202300034654;155 619 160;7;0;2;4;2;1
202300034654;155 619 162;7;0;2;4;2;1
202300034655;155 619 158;7;0;0;0;0;0
202300034656;155 619 156;33;0;2;8;1;1
202300034656;155 619 157;7;0;2;5;12;1
202300034657;155 619 154;2;0;0;3;2;1
202300034657;155 619 155;7;0;2;0;21;1
202300034658;155 619 152;33;0;2;5;3;1
202300034658;155 619 153;7;0;2;6;11;1
202300034659;155 619 148;10;0;2;3;11;1
202300034659;155 619 150;32;0;2;1;3;1
202300034660;155 619 147;33;0;2;1;1;1
202300034660;155 619 149;33;0;2;1;1;1
202300034661;155 619 144;7;0;2;0;9;1
202300034661;155 619 146;1;0;2;0;1;5
202300034662;155 619 143;7;0;0;2;11;1
202300034662;155 619 145;33;0;0;1;1;1
202300034663;155 619 138;7;0;2;1;2;1
202300034663;155 619 140;7;0;2;4;2;1
202300034664;155 619 136;7;0;2;4;0;0
202300034664;155 619 137;7;0;2;1;3;1
202300034665;155 619 139;34;0;1;2;2;1
202300034666;155 619 131;7;0;2;3;9;1
202300034666;155 619 133;38;0;2;3;1;1
202300034666;155 619 134;7;0;2;3;1;1
202300034666;155 619 135;7;0;2;3;1;2
202300034667;155 619 129;7;8;0;9;1;1
202300034668;155 619 130;7;3;2;0;0;1
202300034668;155 619 132;7;3;2;0;0;1
202300034669;155 619 128;7;2;0;0;1;1
202300034670;155 619 126;33;0;1;1;1;1
202300034671;155 619 124;33;0;2;1;13;1
202300034671;155 619 127;7;0;2;1;1;1
202300034672;155 619 122;7;0;9;1;2;1
202300034672;155 619 123;80;0;9;0;0;3
202300034673;155 619 120;7;0;9;5;16;1
202300034673;155 619 121;31;0;2;8;1;1
202300034674;155 619 119;7;0;1;1;1;1
202300034675;155 619 117;7;0;9;8;19;1
202300034675;155 619 118;2;0;2;1;1;1
202300034676;155 619 114;7;0;2;6;1;1
202300034676;155 619 115;1;0;2;1;1;5
202300034677;155 619 116;7;2;0;2;1;1
202300034678;155 619 112;34;0;2;8;2;0
202300034678;155 619 113;7;0;2;7;2;0
202300034679;155 619 111;7;0;0;1;13;1
202300034680;155 619 109;10;0;0;8;13;1
202300034681;155 619 107;7;0;2;1;1;1
202300034681;155 619 108;7;0;2;4;23;1
202300034682;155 619 105;7;0;2;1;1;1
202300034682;155 619 106;21;0;2;2;15;1
202300034683;155 619 104;7;0;1;3;15;1
202300034684;155 619 103;7;2;0;1;0;3
202300034685;155 619 102;7;8;0;1;1;1
202300034686;155 619 098;33;0;2;1;1;1
202300034686;155 619 101;2;0;2;1;1;1
202300034687;155 619 099;7;0;9;1;9;1
202300034687;155 619 100;1;0;2;7;1;5
202300034688;155 619 096;7;2;0;1;2;1
202300034689;155 619 093;7;4;0;6;15;1
202300034690;155 619 091;7;0;2;5;1;1
202300034690;155 619 092;14;0;2;2;26;1
202300034691;155 619 089;33;0;1;2;0;1
202300034692;155 619 090;7;4;0;3;11;1
202300034693;155 619 088;80;0;1;1;1;3
202300034694;155 619 087;7;4;0;3;1;1
202300034695;155 619 085;80;14;2;1;1;3
202300034695;155 619 086;1;14;2;1;1;5
202300034696;155 619 082;3;0;1;2;2;1
202300034697;155 619 081;7;0;1;1;1;1
202300034698;155 619 083;7;0;2;4;1;0
202300034698;155 619 084;7;0;2;1;1;0
202300034699;155 619 077;50;0;2;8;1;3
202300034699;155 619 080;7;0;2;1;15;1
202300034700;155 619 073;7;0;2;3;17;1
202300034700;155 619 074;30;0;2;7;17;1
202300034701;155 619 075;10;0;2;1;1;1
202300034701;155 619 076;10;0;2;5;1;1
202300034701;155 619 078;15;0;2;8;1;1
202300034701;155 619 079;7;0;2;8;11;1
202300034702;155 619 072;7;0;0;1;13;0
202300034703;155 619 071;33;4;2;7;26;1
202300034704;155 619 069;10;0;2;2;15;1
202300034704;155 619 070;2;0;2;1;18;1
202300034705;155 619 065;7;1;0;1;1;1
202300034705;155 619 066;7;0;2;6;24;1
202300034706;155 619 064;10;0;2;4;2;1
202300034706;155 619 067;7;0;2;4;2;1
202300034706;155 619 068;14;0;2;1;2;1
202300034707;155 619 061;7;0;2;7;1;1
202300034707;155 619 063;7;0;2;1;5;1
202300034708;155 619 062;7;0;1;7;2;1
202300034709;155 619 059;7;3;2;1;2;1
202300034710;155 619 057;7;0;2;4;2;3
202300034710;155 619 058;7;0;2;4;2;1
202300034710;155 619 060;10;0;2;1;2;1
202300034711;155 619 054;33;0;2;1;0;1
202300034711;155 619 056;14;0;2;8;11;1
202300034712;155 619 051;7;0;2;2;1;1
202300034712;155 619 053;50;0;2;1;15;3
202300034713;155 619 050;10;0;1;4;4;1
202300034714;155 619 052;7;0;2;4;1;1
202300034714;155 619 055;7;0;2;1;1;1
202300034715;155 619 048;7;6;0;1;13;1