Num_Acc;id_vehicule;catv;obs;obsm;choc;manv;motor
202300035068;155 618 410;37;0;2;3;1;0
202300035068;155 618 411;7;14;2;1;17;0
202300035069;155 618 406;1;0;2;8;2;5
202300035069;155 618 408;10;0;2;7;14;1
202300035069;155 618 409;1;0;2;8;2;5
202300035070;155 618 405;7;0;2;3;15;1
202300035070;155 618 407;34;0;2;5;15;0
202300035071;155 618 403;2;0;0;4;26;1
202300035072;155 618 402;14;0;9;4;1;1
202300035072;155 618 404;33;4;0;0;1;1
202300035073;155 618 400;7;4;0;3;6;1
202300035074;155 618 399;60;0;2;1;1;5
202300035074;155 618 401;7;0;9;2;0;3
202300035075;155 618 398;7;2;0;2;1;1
202300035076;155 618 392;7;0;0;1;2;1
202300035076;155 618 393;7;0;0;4;23;3
202300035077;155 618 394;33;0;2;2;17;1
202300035077;155 618 395;7;0;2;3;15;1
202300035078;155 618 388;7;0;2;3;13;1
202300035078;155 618 390;33;0;2;2;15;1
202300035079;155 618 386;7;0;2;1;13;1
202300035079;155 618 387;7;0;2;1;1;1
202300035080;155 618 385;40;0;1;1;1;3
202300035081;155 618 383;50;0;2;1;1;3
202300035081;155 618 384;7;0;2;3;9;1
202300035082;155 618 381;7;0;2;2;2;1
202300035082;155 618 382;33;0;2;2;2;1
202300035083;155 618 379;50;0;2;3;1;3
202300035083;155 618 380;7;0;2;5;16;1
202300035084;155 618 377;7;15;0;9;1;6
202300035085;155 618 376;7;0;2;5;16;1
202300035085;155 618 378;30;0;2;3;18;1
202300035086;155 618 375;7;0;1;1;1;1
202300035087;155 618 374;17;0;1;2;0;1
202300035088;155 618 372;2;0;2;1;1;1
202300035088;155 618 373;7;0;2;4;1;1
202300035089;155 618 370;37;0;2;4;23;3
202300035089;155 618 371;1;0;2;1;12;5
202300035090;155 618 368;7;0;2;4;1;1
202300035090;155 618 369;7;0;2;1;1;1
202300035091;155 618 367;10;0;1;6;4;3
202300035092;155 618 365;7;0;2;7;16;1
202300035092;155 618 366;7;0;2;1;14;1
202300035093;155 618 363;34;0;2;7;1;1
202300035093;155 618 364;7;0;2;8;22;2
202300035094;155 618 361;33;0;2;4;2;1
202300035094;155 618 362;7;0;2;1;2;1
202300035095;155 618 359;1;0;2;8;1;5
202300035095;155 618 360;30;0;2;1;1;0
202300035096;155 618 357;7;0;2;1;23;1
202300035096;155 618 358;7;0;2;1;6;1
202300035097;155 618 355;7;0;2;2;15;1
202300035097;155 618 356;30;0;2;1;16;1
202300035098;155 618 353;10;0;2;7;19;1
202300035098;155 618 354;7;0;2;1;19;1
202300035099;155 618 350;10;0;2;7;12;1
202300035099;155 618 351;2;0;2;9;1;1
202300035100;155 618 349;30;0;1;2;17;3
202300035101;155 618 348;7;6;0;1;19;1
202300035102;155 618 346;80;0;2;8;1;3
202300035102;155 618 347;7;0;2;3;14;1
202300035103;155 618 345;7;0;1;1;1;1
202300035104;155 618 342;7;0;0;8;1;1
202300035105;155 618 343;80;0;2;4;1;3
202300035105;155 618 344;37;0;2;2;14;0
202300035106;155 618 340;7;0;1;1;15;1
202300035107;155 618 339;30;0;2;1;1;1
202300035107;155 618 341;1;0;2;8;1;5
202300035108;155 618 337;7;0;2;1;1;0
202300035108;155 618 338;10;0;2;1;13;0
202300035109;155 618 336;32;0;1;1;1;1
202300035110;155 618 335;7;13;0;1;14;1
202300035111;155 618 334;30;0;0;8;1;3
202300035112;155 618 333;30;0;1;1;1;3
202300035113;155 618 331;7;0;2;1;1;1
202300035113;155 618 332;7;0;2;1;13;1
202300035114;155 618 330;7;3;0;2;1;1
202300035115;155 618 329;50;0;1;1;16;3
202300035116;155 618 327;33;0;1;1;1;1
202300035117;155 618 325;1;0;2;1;1;5
202300035117;155 618 326;1;0;2;1;13;5
202300035118;155 618 324;7;2;0;1;20;1
202300035119;155 618 319;7;0;2;1;15;1
202300035119;155 618 323;34;0;2;1;0;1
202300035120;155 618 318;7;0;2;4;2;1
202300035120;155 618 320;7;0;2;4;2;1
202300035120;155 618 321;10;0;2;1;2;1
202300035120;155 618 322;7;0;2;4;2;1
202300035121;155 618 317;7;1;0;3;13;1
202300035122;155 618 316;7;0;1;1;2;1
202300035123;155 618 314;10;0;2;4;4;6
202300035123;155 618 315;1;0;2;1;1;5
202300035124;155 618 312;7;0;2;3;15;1
202300035124;155 618 313;7;0;2;1;1;1
202300035125;155 618 310;33;14;2;1;2;1
202300035125;155 618 311;7;0;2;4;0;1
202300035126;155 618 308;7;0;2;8;15;1
202300035126;155 618 309;33;0;2;2;17;1
202300035127;155 618 305;7;0;2;1;2;1
202300035127;155 618 306;7;0;2;4;2;1
202300035128;155 618 303;32;0;2;7;17;1
202300035128;155 618 304;7;0;2;8;1;1
202300035129;155 618 302;7;0;1;7;1;1
202300035130;155 618 299;7;0;2;1;1;1
202300035130;155 618 300;7;0;2;3;1;1
202300035130;155 618 301;7;0;2;3;13;2
202300035131;155 618 292;7;0;1;0;2;0
202300035132;155 618 291;7;0;1;3;15;1
202300035133;155 618 289;7;0;2;4;1;1
202300035133;155 618 290;7;0;2;1;1;1
202300035134;155 618 288;7;3;0;3;13;1
202300035135;155 618 286;7;0;2;3;19;1
202300035135;155 618 287;7;0;2;3;1;1
202300035136;155 618 285;14;0;1;1;1;1
202300035137;155 618 284;10;0;0;0;1;1
202300035138;155 618 282;7;0;0;0;0;1
202300035138;155 618 283;7;0;0;0;0;1
202300035139;155 618 280;7;0;2;7;19;1
202300035139;155 618 281;7;0;2;1;19;1
202300035140;155 618 278;10;0;2;3;1;1
202300035140;155 618 279;7;0;2;7;6;1
202300035141;155 618 277;7;0;1;3;15;1
202300035142;155 618 275;7;0;2;4;2;1
202300035142;155 618 276;7;0;2;1;2;1
202300035143;155 618 273;7;0;2;1;1;1
202300035143;155 618 274;7;0;2;2;9;1
202300035144;155 618 270;7;0;2;1;1;1
202300035144;155 618 271;7;0;2;4;1;1
202300035144;155 618 272;10;0;2;4;1;1
202300035145;155 618 268;7;0;2;7;1;1
202300035145;155 618 269;7;0;2;1;1;1
202300035146;155 618 264;7;0;2;4;2;1
202300035146;155 618 265;7;0;2;1;2;1
202300035146;155 618 266;7;0;2;4;2;1
202300035146;155 618 267;7;0;2;4;2;1
202300035147;155 618 260;32;0;2;1;3;1
202300035147;155 618 261;32;0;2;4;3;1
202300035147;155 618 262;33;0;2;4;3;1
202300035148;155 618 259;1;0;1;8;1;5
202300035149;155 618 257;37;0;2;5;13;3
202300035149;155 618 258;32;0;2;8;15;3
202300035150;155 618 255;7;0;2;3;1;2
202300035150;155 618 256;10;0;2;2;12;0
202300035151;155 618 254;50;0;1;2;1;3
202300035152;155 618 253;7;0;1;6;1;2
202300035153;155 618 252;7;0;1;2;16;1
202300035154;155 618 251;10;0;1;1;15;1
202300035155;155 618 249;7;0;2;4;1;1
202300035155;155 618 250;7;0;2;1;1;1
202300035156;155 618 248;30;0;0;0;17;1
202300035157;155 618 247;37;4;0;2;1;3
202300035158;155 618 246;30;0;0;0;21;1
202300035159;155 618 245;1;0;1;1;1;5
202300035160;155 618 244;1;0;0;0;1;5
202300035161;155 618 242;30;0;2;1;18;1
202300035161;155 618 243;13;0;2;5;23;1
202300035162;155 618 241;33;0;1;1;1;1
202300035163;155 618 239;32;0;2;2;15;1
202300035163;155 618 240;1;0;2;8;7;5
202300035164;155 618 237;10;0;2;4;1;1
202300035164;155 618 238;7;0;2;2;1;1
202300035165;155 618 235;7;0;2;4;2;1
202300035165;155 618 236;7;0;2;1;2;1
202300035166;155 618 233;7;0;2;1;17;1
202300035166;155 618 234;7;0;2;4;23;1
202300035167;155 618 231;50;0;2;8;1;3
202300035167;155 618 232;7;0;9;8;15;1
202300035168;155 618 230;7;0;1;3;15;1
202300035169;155 618 229;36;0;1;1;1;1
202300035170;155 618 227;7;0;2;3;15;0
202300035170;155 618 228;13;1;2;2;1;1
202300035171;155 618 225;30;0;2;1;1;1
202300035171;155 618 226;30;0;2;7;15;1
202300035172;155 618 223;7;0;2;3;0;0
202300035172;155 618 224;7;0;2;2;1;0
202300035173;155 618 221;33;0;2;1;1;1
202300035173;155 618 222;7;0;2;3;10;1
202300035174;155 618 219;7;0;2;8;10;0
202300035174;155 618 220;10;0;2;1;1;0
202300035175;155 618 217;7;0;2;2;1;1
202300035175;155 618 218;31;0;2;1;1;1
202300035176;155 618 216;10;0;1;1;1;1
202300035177;155 618 214;34;0;2;1;16;1
202300035177;155 618 215;7;0;2;5;15;1
202300035178;155 618 212;7;8;2;8;6;1
202300035178;155 618 213;7;0;2;8;1;1
202300035179;155 618 211;99;0;1;4;4;1
202300035180;155 618 210;7;15;0;2;1;1
202300035181;155 618 208;2;0;2;5;26;1
202300035181;155 618 209;7;0;2;3;16;1
202300035182;155 618 207;7;4;0;1;1;1
202300035183;155 618 204;7;0;1;3;11;1
202300035184;155 618 202;7;0;2;4;1;1
202300035184;155 618 203;7;0;2;1;1;1
202300035185;155 618 201;14;4;0;1;1;1
202300035186;155 618 199;10;0;2;4;2;1
202300035186;155 618 200;10;0;2;1;2;1
202300035187;155 618 198;31;0;0;8;2;1
202300035188;155 618 195;7;0;2;4;1;1
202300035188;155 618 196;10;0;2;4;2;1
202300035188;155 618 197;10;0;2;1;2;1
202300035189;155 618 192;7;0;2;4;2;1
202300035189;155 618 193;7;0;2;4;2;1
202300035189;155 618 194;10;0;2;1;11;1
202300035190;155 618 189;7;0;2;4;2;1
202300035190;155 618 190;7;0;2;1;2;1
202300035190;155 618 191;10;0;2;4;2;1
202300035191;155 618 187;33;0;2;7;1;1
202300035191;155 618 188;7;0;2;8;3;1
202300035192;155 618 184;7;0;2;2;12;1
202300035192;155 618 185;33;0;2;8;3;1
202300035192;155 618 186;7;0;2;8;1;1
202300035193;155 618 180;7;0;2;2;1;1
202300035193;155 618 181;7;0;2;5;1;2
202300035193;155 618 182;10;0;2;7;1;1
202300035193;155 618 183;33;0;2;3;3;1
202300035194;155 618 179;10;3;0;3;1;1
202300035195;155 618 177;0;0;0;0;13;-1
202300035195;155 618 178;7;3;0;1;2;1
202300035196;155 618 175;7;0;2;1;21;1
202300035196;155 618 176;7;0;2;4;2;1
202300035197;155 618 172;7;0;2;2;2;1
202300035197;155 618 173;17;0;2;3;2;1
202300035197;155 618 174;7;0;2;4;2;1
202300035198;155 618 170;10;0;2;3;13;1
202300035198;155 618 171;33;0;2;1;1;1
202300035199;155 618 167;7;0;2;1;26;1
202300035199;155 618 168;33;0;2;3;26;0
202300035199;155 618 169;7;0;2;3;26;1
202300035200;155 618 165;7;0;2;1;1;1
202300035200;155 618 166;1;0;2;1;13;5
202300035201;155 618 164;2;0;0;0;1;1
202300035202;155 618 162;43;0;2;1;19;1
202300035202;155 618 163;7;0;2;3;19;1
202300035203;155 618 160;33;0;2;0;26;1
202300035203;155 618 161;7;0;2;3;15;1
202300035204;155 618 159;7;1;0;2;15;1
202300035205;155 618 158;7;0;1;2;1;1
202300035206;155 618 156;30;0;2;7;1;1
202300035206;155 618 157;7;0;2;3;20;1
202300035207;155 618 154;7;0;2;3;15;1
202300035207;155 618 155;2;0;2;8;1;1
202300035208;155 618 150;7;0;2;1;15;0
202300035208;155 618 151;2;0;2;1;1;1
202300035209;155 618 149;7;2;0;1;19;1
202300035210;155 618 146;7;16;0;1;13;1
202300035210;155 618 147;7;0;2;2;1;1
202300035210;155 618 148;7;0;2;2;21;1
202300035211;155 618 144;7;0;2;0;17;1
202300035211;155 618 145;50;0;2;0;0;3
202300035212;155 618 143;7;5;0;9;16;1
202300035213;155 618 141;7;0;2;8;1;1
202300035213;155 618 142;7;0;2;1;1;1
202300035214;155 618 139;7;0;2;2;15;1
202300035214;155 618 140;32;0;2;1;1;1
202300035215;155 618 138;33;0;1;1;9;1
202300035216;155 618 136;7;0;2;8;1;1
202300035216;155 618 137;7;0;2;1;19;1
202300035217;155 618 135;7;0;1;8;26;1
202300035218;155 618 134;7;6;0;1;19;1
202300035219;155 618 133;7;3;0;2;1;1
202300035220;155 618 132;3;16;0;2;16;1
202300035221;155 618 131;7;0;1;3;1;1
202300035222;155 618 130;34;0;0;7;1;1
202300035223;155 618 128;7;0;2;6;1;1
202300035223;155 618 129;7;0;2;2;1;1
202300035224;155 618 126;7;0;2;6;9;1
202300035224;155 618 127;33;0;2;1;1;1
202300035225;155 618 125;7;12;0;2;15;1
202300035226;155 618 124;7;0;1;3;1;1
202300035227;155 618 123;7;8;0;2;0;1
202300035228;155 618 121;34;0;2;1;17;1
202300035228;155 618 122;10;0;2;3;15;1
202300035229;155 618 120;7;8;0;1;13;1
202300035230;155 618 119;7;14;0;1;1;1
202300035231;155 618 117;7;0;2;3;15;1
202300035231;155 618 118;30;0;2;1;19;1
202300035232;155 618 116;7;9;1;2;1;1
202300035233;155 618 114;80;0;2;3;19;3
202300035233;155 618 115;43;0;2;2;1;1
202300035234;155 618 113;7;0;1;1;1;2
202300035235;155 618 112;30;0;1;8;21;3
202300035236;155 618 111;7;1;0;1;1;1
202300035237;155 618 110;7;0;1;3;1;1
202300035238;155 618 109;7;0;1;3;15;1
202300035239;155 618 108;30;0;0;7;1;3
202300035240;155 618 106;7;0;2;3;13;1
202300035240;155 618 107;13;0;2;1;1;1
202300035241;155 618 105;7;0;1;1;2;1
202300035242;155 618 104;10;2;0;3;13;1
202300035243;155 618 102;33;0;2;3;17;1
202300035243;155 618 103;33;0;2;3;1;1
202300035244;155 618 101;7;8;0;1;1;1
202300035245;155 618 099;7;0;2;2;17;1
202300035245;155 618 100;33;3;2;6;1;1
202300035246;155 618 097;7;0;0;1;0;1
202300035246;155 618 098;7;0;0;1;0;1
202300035247;155 618 094;7;0;2;1;15;1
202300035247;155 618 095;1;0;2;1;1;5
202300035248;155 618 093;7;0;1;1;1;1
202300035249;155 618 092;7;16;0;9;1;1
202300035250;155 618 091;10;0;1;1;1;1
202300035251;155 618 090;7;0;1;7;1;1
202300035252;155 618 088;7;0;0;5;20;1
202300035252;155 618 089;33;0;2;1;1;1
202300035253;155 618 086;7;0;2;0;2;0
202300035253;155 618 087;7;0;0;6;1;0
202300035254;155 618 084;7;0;2;4;1;2
202300035254;155 618 085;7;0;2;1;2;1
202300035255;155 618 082;34;0;2;1;2;1
202300035255;155 618 083;7;0;2;4;2;1
202300035256;155 618 081;7;3;0;2;0;1
202300035257;155 618 080;7;3;0;3;13;1
202300035258;155 618 077;7;0;2;8;1;0
202300035258;155 618 078;7;0;2;5;1;1
202300035258;155 618 079;10;0;2;3;11;1
202300035259;155 618 075;7;0;0;0;0;1
202300035259;155 618 076;10;0;0;0;0;1
202300035260;155 618 072;7;0;2;1;2;1
202300035260;155 618 073;7;0;2;4;2;1
202300035260;155 618 074;7;0;2;1;2;1
202300035261;155 618 071;33;0;0;0;2;1
202300035262;155 618 069;7;0;2;6;0;1
202300035262;155 618 070;7;0;2;2;0;1
202300035263;155 618 065;10;0;2;8;26;1
202300035263;155 618 066;10;0;2;0;0;1
202300035263;155 618 067;7;0;2;1;3;1
202300035263;155 618 068;33;0;2;4;3;1
202300035264;155 618 063;7;0;2;1;26;1
202300035264;155 618 064;7;0;2;4;26;2
202300035265;155 618 060;10;0;2;4;2;1
202300035265;155 618 061;10;0;2;4;2;1
202300035265;155 618 062;7;0;2;1;2;1
202300035266;155 618 059;33;0;0;6;1;1
202300035267;155 618 058;7;4;0;2;1;1
202300035268;155 618 057;7;4;0;2;1;1
202300035269;155 618 056;7;4;0;1;1;1
202300035270;155 618 055;7;4;0;1;1;1
202300035271;155 618 053;7;0;2;1;2;1
202300035271;155 618 054;7;0;2;4;2;1
202300035272;155 618 052;30;9;0;0;26;1
202300035273;155 618 049;10;0;0;5;2;1
202300035273;155 618 050;7;9;2;1;2;1
202300035274;155 618 047;7;1;2;1;1;1
202300035274;155 618 048;7;0;2;2;16;1
202300035275;155 618 045;7;0;2;3;16;1
202300035275;155 618 046;2;0;2;7;1;1
202300035276;155 618 043;1;1;2;8;17;5
202300035276;155 618 044;7;0;2;8;24;1
202300035277;155 618 041;31;0;2;1;1;1
202300035277;155 618 042;7;0;2;8;15;1
202300035278;155 618 040;50;0;0;0;0;3
202300035279;155 618 039;7;0;1;5;24;1
202300035280;155 618 038;7;0;1;1;1;1
202300035281;155 618 036;7;0;2;1;1;1
202300035281;155 618 037;1;0;2;1;1;5
202300035282;155 618 035;7;0;1;0;21;1
202300035283;155 618 033;7;0;2;0;1;1
202300035283;155 618 034;2;0;2;8;19;1
202300035284;155 618 031;7;0;2;3;15;2
202300035284;155 618 032;2;0;2;1;1;1
202300035285;155 618 029;2;0;2;0;0;1
202300035285;155 618 030;7;0;2;0;0;1
202300035286;155 618 027;7;0;2;2;1;1
202300035286;155 618 028;80;0;2;1;1;3
202300035287;155 618 025;7;0;2;2;20;1
202300035287;155 618 026;32;0;2;3;1;1
202300035288;155 618 023;7;4;2;1;13;0
202300035288;155 618 024;7;4;2;1;0;0
202300035289;155 618 022;1;9;1;1;2;5
202300035290;155 618 020;50;0;2;8;1;3
202300035290;155 618 021;1;0;2;1;1;0
202300035291;155 618 018;30;0;2;1;1;0
202300035291;155 618 019;34;0;2;1;1;1
202300035292;155 618 016;7;0;2;1;15;1
202300035292;155 618 017;7;0;2;3;1;1
202300035293;155 618 014;33;0;2;1;17;0
202300035293;155 618 015;7;0;2;6;15;1
202300035294;155 618 013;33;0;0;0;0;1
202300035295;155 618 012;7;9;0;2;1;1
202300035296;155 618 010;0;0;2;0;2;0
202300035296;155 618 011;34;0;2;4;23;1
202300035297;155 618 008;7;0;2;7;1;1
202300035297;155 618 009;7;0;2;8;13;1
202300035298;155 618 005;7;1;0;3;13;1
202300035298;155 618 006;7;0;2;3;26;1
202300035298;155 618 007;7;1;0;2;24;6
202300035299;155 618 003;33;0;2;4;26;0
202300035299;155 618 004;7;0;2;1;0;1
202300035300;155 618 002;7;0;1;2;15;1
202300035301;155 618 001;10;0;1;1;1;1
202300035302;155 617 999;7;9;2;1;13;1
202300035302;155 618 000;7;0;2;6;1;1
202300035303;155 617 997;1;0;2;4;2;5
202300035303;155 617 998;7;0;2;1;2;1
202300035304;155 617 995;7;0;2;1;2;1
202300035304;155 617 996;7;0;2;4;23;1
202300035305;155 617 994;7;9;1;0;2;0
202300035306;155 617 992;7;0;2;2;1;1
202300035306;155 617 993;60;0;2;8;1;5
202300035307;155 617 991;7;0;1;0;0;0
202300035308;155 617 990;7;0;1;1;1;1
202300035309;155 617 988;7;0;2;4;12;1
202300035309;155 617 989;33;0;2;1;3;1
202300035310;155 617 986;2;0;2;1;2;1
202300035310;155 617 987;7;0;2;4;2;2
202300035311;155 617 983;7;0;2;4;23;1
202300035311;155 617 984;7;0;2;1;1;1
202300035311;155 617 985;7;0;2;4;23;1
202300035312;155 617 981;1;0;0;0;0;5
202300035312;155 617 982;1;0;0;0;0;5
202300035313;155 617 980;7;1;0;7;14;1
202300035314;155 617 979;7;0;1;4;26;1
202300035315;155 617 977;1;0;2;0;1;5
202300035315;155 617 978;3;0;2;1;1;3
202300035316;155 617 975;30;0;2;1;2;1
202300035316;155 617 976;7;0;2;2;1;2
202300035317;155 617 974;7;2;0;3;1;1
202300035318;155 617 969;7;0;2;2;15;1
202300035318;155 617 970;7;0;2;2;1;1
202300035319;155 617 967;7;0;9;1;16;1
202300035319;155 617 968;50;0;2;7;19;3
202300035320;155 617 964;7;0;2;2;2;1
202300035320;155 617 965;32;0;2;1;26;1
202300035320;155 617 966;7;0;0;6;1;1
202300035321;155 617 962;7;0;2;1;15;1
202300035321;155 617 963;34;0;2;1;1;1
202300035322;155 617 960;7;0;2;0;14;1
202300035322;155 617 961;1;0;2;0;1;5
202300035323;155 617 958;7;0;2;5;2;1
202300035323;155 617 959;1;0;2;5;2;5
202300035324;155 617 956;7;0;2;4;1;1
202300035324;155 617 957;33;0;2;1;1;1
202300035325;155 617 954;7;0;2;6;15;1
202300035325;155 617 955;7;0;2;1;2;1
202300035326;155 617 952;7;0;2;4;23;1
202300035326;155 617 953;30;0;2;1;2;1
202300035327;155 617 951;7;0;1;1;2;1
202300035328;155 617 948;7;0;2;1;2;1
202300035328;155 617 949;7;0;2;4;2;1
202300035328;155 617 950;7;0;2;4;2;1
202300035329;155 617 946;7;0;2;7;15;1
202300035329;155 617 947;33;0;2;1;1;1
202300035330;155 617 944;1;0;2;7;1;5
202300035330;155 617 945;7;0;9;8;22;1
202300035331;155 617 942;7;0;2;4;1;1
202300035331;155 617 943;7;0;2;1;1;1
202300035332;155 617 940;1;0;2;3;15;5
202300035332;155 617 941;7;0;2;7;1;1
202300035333;155 617 938;7;0;2;8;26;1
202300035333;155 617 939;33;0;2;1;0;1
202300035334;155 617 937;7;0;1;2;16;1
202300035335;155 617 935;7;1;0;8;26;1
202300035335;155 617 936;1;1;0;7;1;5
202300035336;155 617 933;10;0;2;5;1;1
202300035336;155 617 934;7;0;2;1;5;1
202300035337;155 617 931;7;0;2;8;1;1
202300035337;155 617 932;7;0;2;3;1;1
202300035338;155 617 929;7;0;2;4;2;1
202300035338;155 617 930;7;0;2;1;2;1
202300035339;155 617 927;7;0;2;0;15;1
202300035339;155 617 928;30;1;0;6;14;1
202300035340;155 617 925;50;0;2;1;0;3
202300035340;155 617 926;7;0;2;3;2;1
202300035341;155 617 924;7;0;1;1;26;1
202300035342;155 617 923;7;0;1;1;1;1
202300035343;155 617 921;7;7;2;1;1;1
202300035343;155 617 922;10;7;0;1;1;1
202300035344;155 617 920;10;0;1;1;16;1
202300035345;155 617 919;7;9;0;1;14;1
202300035346;155 617 918;7;0;2;1;1;1
202300035347;155 617 917;30;0;0;0;1;1
202300035348;155 617 914;7;0;2;4;2;1
202300035348;155 617 915;7;0;2;4;2;1
202300035348;155 617 916;7;0;2;1;2;1
202300035349;155 617 913;7;0;1;1;15;1
202300035350;155 617 912;7;0;1;3;1;1
202300035351;155 617 910;7;0;2;8;1;1
202300035351;155 617 911;1;0;2;1;1;5
202300035352;155 617 909;50;0;0;0;1;3
202300035353;155 617 907;7;0;2;1;1;1
202300035353;155 617 908;7;0;2;4;1;1
202300035354;155 617 905;1;0;2;8;9;5
202300035354;155 617 906;7;0;2;1;9;1
202300035355;155 617 903;7;0;2;1;15;1
202300035355;155 617 904;50;0;2;1;1;3
202300035356;155 617 901;7;0;2;5;15;1
202300035356;155 617 902;33;0;2;2;21;1
202300035357;155 617 900;7;0;1;3;1;0
202300035358;155 617 898;7;0;2;3;15;1
202300035358;155 617 899;33;0;2;3;1;1
202300035359;155 617 897;7;0;1;1;1;1
202300035360;155 617 895;7;0;9;2;15;1
202300035360;155 617 896;1;0;2;1;1;5
202300035361;155 617 893;7;0;2;1;2;1
202300035361;155 617 894;10;0;2;4;1;1
202300035362;155 617 891;7;1;2;2;1;1
202300035362;155 617 892;7;0;2;3;1;1
202300035363;155 617 889;7;0;2;3;9;1
202300035363;155 617 890;38;0;2;2;1;1
202300035364;155 617 887;1;0;2;1;1;5
202300035364;155 617 888;7;0;2;3;9;1
202300035365;155 617 885;7;0;2;6;14;1
202300035365;155 617 886;7;0;2;4;1;1
202300035366;155 617 884;7;0;1;1;1;2
202300035367;155 617 882;7;0;2;2;1;1
202300035367;155 617 883;33;0;2;8;1;1
202300035368;155 617 880;35;0;2;1;1;3
202300035368;155 617 881;50;0;2;1;5;3
202300035369;155 617 878;7;0;2;3;23;1
202300035369;155 617 879;31;0;2;1;1;1
202300035370;155 617 876;10;0;2;2;15;1
202300035370;155 617 877;33;0;2;1;3;1
202300035371;155 617 874;10;0;2;3;20;1
202300035371;155 617 875;31;0;2;2;1;1
202300035372;155 617 872;7;4;2;1;9;1
202300035372;155 617 873;7;0;2;1;1;1
202300035373;155 617 871;50;0;1;1;1;3
202300035374;155 617 870;41;0;1;4;2;1
202300035375;155 617 868;7;0;2;0;0;1
202300035375;155 617 869;7;0;2;0;0;1
202300035376;155 617 867;37;0;1;0;0;1
202300035377;155 617 866;7;0;9;1;1;1
202300035378;155 617 865;7;0;1;1;1;1
202300035379;155 617 863;7;0;2;4;1;-1
202300035379;155 617 864;34;0;0;0;-1;-1
202300035380;155 617 862;30;0;9;1;25;1
202300035381;155 617 860;7;0;2;1;15;1
202300035381;155 617 861;7;0;2;2;2;1
202300035382;155 617 859;1;0;1;1;2;5
202300035383;155 617 857;2;0;2;1;2;1
202300035383;155 617 858;7;0;2;0;9;1
202300035384;155 617 855;1;0;2;4;9;5
202300035384;155 617 856;7;0;9;1;9;1
202300035385;155 617 854;10;13;0;1;2;1
202300035386;155 617 852;31;0;2;1;1;0
202300035386;155 617 853;30;0;2;3;15;0
202300035387;155 617 850;10;0;2;1;1;1
202300035387;155 617 851;7;0;2;1;5;1
202300035388;155 617 848;7;0;2;2;15;1
202300035388;155 617 849;30;0;2;1;26;1
202300035389;155 617 846;7;1;0;0;0;1
202300035389;155 617 847;33;0;2;7;1;0
202300035390;155 617 845;7;0;1;3;2;1
202300035391;155 617 843;7;0;2;2;1;1
202300035391;155 617 844;10;0;2;2;15;1
202300035392;155 617 842;35;11;0;0;2;1
202300035393;155 617 840;7;0;2;1;13;1
202300035393;155 617 841;7;0;2;8;1;1
202300035394;155 617 837;7;0;2;1;1;1
202300035394;155 617 838;7;0;2;4;1;1
202300035394;155 617 839;7;0;2;4;1;1
202300035395;155 617 835;31;0;2;1;17;1
202300035395;155 617 836;7;0;2;4;15;0
202300035396;155 617 833;7;0;2;2;16;1
202300035396;155 617 834;7;0;2;8;18;1
202300035397;155 617 831;7;0;2;8;1;1
202300035397;155 617 832;30;0;2;7;17;1
202300035398;155 617 830;7;0;1;3;1;1
202300035399;155 617 828;7;0;2;1;1;1
202300035399;155 617 829;7;0;2;3;1;1
202300035400;155 617 827;7;0;9;7;1;1
202300035401;155 617 825;33;0;2;8;3;1
202300035401;155 617 826;7;0;2;7;1;1
202300035402;155 617 823;1;0;2;1;1;5
202300035402;155 617 824;7;0;2;5;16;1
202300035403;155 617 821;7;0;2;2;9;6
202300035403;155 617 822;2;0;2;1;25;3
202300035404;155 617 819;7;0;2;8;22;1
202300035404;155 617 820;1;0;2;1;1;5
202300035405;155 617 817;7;0;2;1;15;0
202300035405;155 617 818;1;0;2;0;1;5
202300035406;155 617 815;32;9;0;8;1;1
202300035406;155 617 816;7;9;0;1;1;1
202300035407;155 617 813;7;0;2;1;2;1
202300035407;155 617 814;7;0;0;4;23;1
202300035408;155 617 811;7;0;0;3;1;1
202300035408;155 617 812;7;0;0;3;1;1
202300035409;155 617 809;1;1;0;1;1;5
202300035409;155 617 810;7;1;0;8;24;1
202300035410;155 617 807;7;0;2;8;26;1
202300035410;155 617 808;50;0;2;1;1;3
202300035411;155 617 805;7;0;2;3;15;1
202300035411;155 617 806;31;0;2;2;2;1
202300035412;155 617 803;7;0;2;0;0;0
202300035412;155 617 804;1;0;2;0;0;5
202300035413;155 617 801;7;0;2;1;2;1
202300035413;155 617 802;32;0;2;4;2;1
202300035414;155 617 799;7;0;2;7;1;1
202300035414;155 617 800;33;0;2;8;1;1
202300035415;155 617 797;3;0;2;1;1;1
202300035415;155 617 798;7;0;2;8;1;1
202300035416;155 617 796;7;1;0;3;1;1
202300035417;155 617 794;7;0;2;4;23;1
202300035417;155 617 795;33;1;0;1;2;1
202300035418;155 617 792;7;0;2;2;1;1
202300035418;155 617 793;13;0;2;5;2;1
202300035419;155 617 789;7;0;2;3;15;0
202300035419;155 617 790;34;0;2;1;1;0
202300035419;155 617 791;1;0;2;1;5;5
202300035420;155 617 788;30;0;0;0;1;1
202300035421;155 617 786;7;0;2;2;12;1