Num_Acc;id_vehicule;catv;obs;obsm;choc;manv;motor
202300035421;155 617 787;1;14;0;8;2;5
202300035422;155 617 784;7;0;2;1;1;1
202300035422;155 617 785;7;0;2;1;1;1
202300035423;155 617 782;7;0;2;3;15;1
202300035423;155 617 783;33;0;2;1;1;1
202300035424;155 617 781;33;0;6;1;1;1
202300035425;155 617 778;1;0;2;1;1;5
202300035425;155 617 779;7;0;2;3;9;0
202300035426;155 617 777;0;8;0;0;0;1
202300035427;155 617 776;7;0;9;0;1;1
202300035428;155 617 774;10;0;2;1;19;1
202300035428;155 617 775;33;0;2;8;1;1
202300035429;155 617 772;15;0;2;2;26;1
202300035429;155 617 773;7;14;2;1;1;1
202300035430;155 617 771;7;4;0;3;1;0
202300035431;155 617 769;33;0;9;2;5;1
202300035431;155 617 770;7;0;0;1;1;1
202300035432;155 617 767;7;0;2;3;0;1
202300035432;155 617 768;7;0;2;3;13;1
202300035433;155 617 765;2;0;2;1;13;1
202300035433;155 617 766;7;0;2;3;1;1
202300035434;155 617 763;7;0;2;2;1;1
202300035434;155 617 764;7;0;2;3;9;1
202300035435;155 617 760;7;0;2;1;2;1
202300035435;155 617 761;7;0;2;4;23;1
202300035435;155 617 762;7;0;2;4;23;1
202300035436;155 617 758;7;0;2;8;15;1
202300035436;155 617 759;1;0;2;7;17;5
202300035437;155 617 756;10;0;2;2;17;3
202300035437;155 617 757;1;0;2;8;1;5
202300035438;155 617 755;7;0;1;7;1;0
202300035439;155 617 753;7;0;2;2;15;1
202300035439;155 617 754;33;0;2;8;1;1
202300035440;155 617 752;7;1;0;1;1;1
202300035441;155 617 750;30;0;2;1;1;0
202300035441;155 617 751;3;0;2;2;15;0
202300035442;155 617 748;7;0;2;7;14;1
202300035442;155 617 749;7;0;2;8;2;1
202300035443;155 617 746;7;0;2;4;1;1
202300035443;155 617 747;2;0;2;1;1;1
202300035444;155 617 744;33;0;2;8;3;1
202300035444;155 617 745;7;0;2;7;12;1
202300035445;155 617 741;7;0;2;1;2;0
202300035445;155 617 742;13;0;2;4;2;0
202300035446;155 617 740;7;0;2;1;15;1
202300035446;155 617 743;2;0;2;7;1;1
202300035447;155 617 737;10;0;1;2;1;1
202300035448;155 617 736;7;0;2;1;2;1
202300035448;155 617 738;10;0;2;7;14;1
202300035448;155 617 739;15;0;2;8;1;1
202300035449;155 617 734;31;0;0;0;21;1
202300035450;155 617 733;7;0;2;1;1;1
202300035450;155 617 735;1;0;2;8;1;5
202300035451;155 617 732;7;4;0;3;2;1
202300035452;155 617 731;7;0;0;1;13;1
202300035453;155 617 730;31;0;2;0;1;1
202300035454;155 617 729;7;8;0;1;14;1
202300035455;155 617 727;7;0;2;2;1;1
202300035455;155 617 728;7;0;2;3;11;1
202300035456;155 617 724;33;0;2;8;3;1
202300035456;155 617 726;10;0;2;0;0;0
202300035457;155 617 723;7;0;2;3;0;1
202300035457;155 617 725;7;0;2;2;9;1
202300035458;155 617 720;33;0;2;2;1;1
202300035458;155 617 721;7;0;2;6;1;1
202300035458;155 617 722;7;0;2;4;1;1
202300035459;155 617 718;7;4;0;0;0;1
202300035460;155 617 719;7;0;1;1;1;1
202300035461;155 617 717;7;3;0;0;0;1
202300035462;155 617 715;7;0;2;1;26;0
202300035462;155 617 716;1;0;2;7;19;5
202300035463;155 617 713;10;0;2;3;1;1
202300035463;155 617 714;10;0;2;3;1;1
202300035464;155 617 712;7;8;0;1;1;1
202300035465;155 617 708;7;6;0;1;21;1
202300035466;155 617 706;2;0;2;1;1;1
202300035466;155 617 707;7;0;2;3;1;1
202300035467;155 617 704;30;0;2;1;13;1
202300035467;155 617 705;0;0;2;3;15;0
202300035468;155 617 695;7;0;2;1;1;1
202300035468;155 617 698;7;0;2;4;1;1
202300035468;155 617 701;7;0;2;4;1;1
202300035469;155 617 696;7;1;0;5;24;1
202300035469;155 617 700;7;1;1;7;24;1
202300035469;155 617 702;7;1;1;2;16;1
202300035469;155 617 703;7;1;0;5;24;1
202300035470;155 617 694;7;15;2;1;1;1
202300035470;155 617 697;7;8;2;6;1;1
202300035470;155 617 699;7;0;2;1;15;1
202300035471;155 617 692;7;16;0;1;1;1
202300035472;155 617 691;50;0;2;1;1;3
202300035472;155 617 693;7;0;9;1;16;1
202300035473;155 617 690;7;1;0;2;1;1
202300035474;155 617 688;7;2;0;1;21;1
202300035475;155 617 685;7;0;2;2;14;1
202300035475;155 617 687;7;0;2;6;2;1
202300035475;155 617 689;7;0;2;7;2;1
202300035476;155 617 682;7;14;0;1;17;1
202300035476;155 617 684;7;0;2;4;23;1
202300035476;155 617 686;7;0;2;4;23;1
202300035477;155 617 679;32;0;2;1;2;1
202300035477;155 617 681;7;0;2;5;2;2
202300035478;155 617 680;7;0;2;8;15;1
202300035478;155 617 683;34;0;2;2;17;1
202300035479;155 617 675;10;4;0;9;26;1
202300035480;155 617 674;7;0;2;2;2;0
202300035480;155 617 676;7;0;2;4;2;1
202300035481;155 617 673;7;0;2;1;1;1
202300035481;155 617 677;7;0;2;1;1;1
202300035481;155 617 678;7;0;2;4;1;1
202300035482;155 617 671;50;0;0;0;0;3
202300035483;155 617 668;10;0;2;1;2;3
202300035483;155 617 670;7;0;2;4;2;1
202300035483;155 617 672;7;0;2;4;2;1
202300035484;155 617 667;0;0;9;9;21;0
202300035485;155 617 666;2;0;2;1;13;1
202300035485;155 617 669;7;0;2;1;1;1
202300035486;155 617 662;7;0;2;1;2;1
202300035486;155 617 664;10;0;2;4;2;1
202300035487;155 617 660;7;6;1;8;1;1
202300035487;155 617 665;7;0;2;1;1;1
202300035488;155 617 661;33;0;0;1;1;1
202300035488;155 617 663;7;0;0;4;2;1
202300035489;155 617 658;10;0;1;4;23;1
202300035490;155 617 656;2;0;2;4;1;3
202300035490;155 617 657;7;8;2;3;17;1
202300035491;155 617 655;7;0;2;1;2;1
202300035491;155 617 659;7;0;2;4;2;1
202300035492;155 617 653;7;0;1;2;1;2
202300035493;155 617 652;7;1;0;2;14;1
202300035493;155 617 654;7;0;2;8;23;1
202300035494;155 617 651;7;0;1;1;1;1
202300035495;155 617 647;7;1;0;2;1;1
202300035496;155 617 646;7;0;2;3;22;1
202300035496;155 617 648;80;0;2;7;1;3
202300035497;155 617 645;7;0;2;1;15;1
202300035497;155 617 649;7;0;2;1;1;1
202300035497;155 617 650;7;0;2;3;23;1
202300035498;155 617 642;30;0;2;8;18;1
202300035498;155 617 644;7;0;2;1;1;1
202300035499;155 617 639;7;0;2;4;23;2
202300035499;155 617 640;7;0;2;1;1;1
202300035499;155 617 643;7;0;2;4;23;1
202300035500;155 617 637;32;0;1;1;1;1
202300035501;155 617 636;7;4;0;2;0;3
202300035502;155 617 634;50;0;1;1;25;3
202300035503;155 617 632;7;0;2;1;13;1
202300035503;155 617 635;7;0;2;1;1;1
202300035504;155 617 631;7;1;1;0;1;1
202300035505;155 617 627;7;0;2;4;23;1
202300035505;155 617 629;7;0;2;1;2;1
202300035506;155 617 628;7;0;2;2;26;1
202300035506;155 617 630;80;0;2;1;2;3
202300035507;155 617 626;7;8;1;2;1;2
202300035508;155 617 625;43;0;1;1;1;1
202300035509;155 617 621;33;0;1;2;1;1
202300035510;155 617 619;1;0;2;2;19;5
202300035510;155 617 620;37;0;2;2;1;1
202300035511;155 617 617;30;0;2;1;9;1
202300035511;155 617 618;30;0;2;3;9;1
202300035512;155 617 614;10;0;2;2;16;1
202300035512;155 617 616;1;0;2;3;1;5
202300035513;155 617 611;7;0;2;1;15;1
202300035513;155 617 612;7;15;2;1;1;1
202300035514;155 617 609;7;0;2;6;23;1
202300035514;155 617 610;1;1;0;1;1;5
202300035515;155 617 607;37;0;1;3;26;0
202300035516;155 617 608;30;6;0;1;1;3
202300035517;155 617 606;80;0;1;1;1;3
202300035518;155 617 601;10;0;2;1;2;1
202300035518;155 617 603;43;0;2;4;2;1
202300035518;155 617 605;7;0;2;4;2;1
202300035519;155 617 599;2;0;2;3;1;1
202300035519;155 617 600;2;0;2;8;19;0
202300035520;155 617 596;7;0;2;1;2;1
202300035520;155 617 597;7;14;2;1;2;1
202300035520;155 617 598;7;14;2;4;2;1
202300035521;155 617 594;7;0;2;3;1;2
202300035521;155 617 595;43;0;2;1;1;1
202300035522;155 617 592;7;0;1;1;1;1
202300035523;155 617 591;30;1;2;1;17;1
202300035523;155 617 593;7;0;2;3;15;1
202300035524;155 617 588;50;0;2;1;2;3
202300035524;155 617 590;1;0;2;2;1;5
202300035525;155 617 586;7;0;2;1;2;1
202300035525;155 617 587;7;0;2;4;2;1
202300035526;155 617 584;7;0;2;1;1;1
202300035526;155 617 585;7;0;2;1;1;1
202300035526;155 617 589;7;0;2;4;1;1
202300035527;155 617 580;7;0;2;8;22;1
202300035527;155 617 583;32;0;2;1;18;1
202300035528;155 617 581;7;0;2;4;15;1
202300035528;155 617 582;30;0;2;1;1;1
202300035529;155 617 578;7;0;2;1;2;1
202300035529;155 617 579;7;0;2;4;2;1
202300035530;155 617 577;10;0;1;2;1;1
202300035531;155 617 576;7;0;1;1;20;1
202300035532;155 617 575;7;13;0;7;1;1
202300035533;155 617 573;7;0;1;7;14;3
202300035534;155 617 570;7;0;2;1;1;1
202300035534;155 617 572;7;1;2;4;15;0
202300035535;155 617 571;7;0;0;0;15;0
202300035535;155 617 574;30;1;0;5;21;1
202300035536;155 617 568;7;0;2;7;1;0
202300035536;155 617 569;33;0;2;8;18;1
202300035537;155 617 565;7;0;2;2;0;1
202300035537;155 617 567;1;0;2;1;1;5
202300035538;155 617 563;50;0;2;1;19;3
202300035538;155 617 566;37;0;2;0;0;1
202300035539;155 617 562;32;0;2;3;1;1
202300035539;155 617 564;7;0;2;3;1;1
202300035540;155 617 560;30;0;2;1;26;6
202300035540;155 617 561;10;0;2;3;26;1
202300035541;155 617 559;10;0;1;2;19;1
202300035542;155 617 557;31;0;2;1;1;1
202300035542;155 617 558;38;0;2;7;15;0
202300035543;155 617 554;7;0;2;3;15;1
202300035543;155 617 556;2;0;2;7;1;1
202300035544;155 617 553;10;1;0;3;1;1
202300035545;155 617 552;1;0;2;2;0;5
202300035545;155 617 555;7;0;9;3;1;0
202300035546;155 617 550;31;1;0;0;1;1
202300035547;155 617 549;80;0;2;3;1;3
202300035547;155 617 551;14;0;2;5;16;1
202300035548;155 617 548;7;0;1;3;16;1
202300035549;155 617 545;1;0;2;0;0;5
202300035549;155 617 547;32;0;2;1;1;1
202300035550;155 617 544;10;8;2;2;15;1
202300035550;155 617 546;10;0;2;0;16;1
202300035551;155 617 542;1;0;2;1;17;5
202300035551;155 617 543;37;0;2;3;9;1
202300035552;155 617 539;7;0;2;6;26;1
202300035552;155 617 541;31;0;2;0;26;1
202300035553;155 617 536;39;1;0;1;0;0
202300035553;155 617 537;7;12;4;1;10;0
202300035554;155 617 534;1;0;2;0;0;5
202300035554;155 617 535;7;0;2;1;2;1
202300035555;155 617 532;7;0;2;1;13;1
202300035555;155 617 533;7;0;2;1;1;1
202300035556;155 617 530;2;0;2;1;2;3
202300035556;155 617 531;7;0;2;4;23;1
202300035557;155 617 527;60;0;2;1;2;5
202300035557;155 617 529;7;0;0;0;0;1
202300035558;155 617 528;7;0;1;1;15;1
202300035559;155 617 526;7;0;1;1;1;1
202300035560;155 617 525;7;0;1;1;17;1
202300035561;155 617 524;50;12;0;1;11;3
202300035562;155 617 522;50;0;2;8;19;3
202300035562;155 617 523;7;0;2;2;1;1
202300035563;155 617 520;50;0;1;8;1;3
202300035564;155 617 519;34;0;2;2;17;0
202300035564;155 617 521;7;0;2;6;13;1
202300035565;155 617 513;7;0;2;4;2;3
202300035565;155 617 516;7;0;2;4;2;1
202300035565;155 617 517;7;0;2;1;2;1
202300035565;155 617 518;7;0;2;4;2;1
202300035566;155 617 512;7;0;2;2;15;1
202300035566;155 617 515;50;0;2;1;1;3
202300035567;155 617 510;1;0;2;8;2;5
202300035567;155 617 511;7;0;2;5;1;0
202300035568;155 617 514;32;0;1;1;1;0
202300035569;155 617 508;1;0;2;1;1;5
202300035569;155 617 509;7;0;2;3;9;1
202300035570;155 617 506;7;0;2;3;1;0
202300035570;155 617 507;10;0;2;2;15;0
202300035571;155 617 505;7;0;1;2;16;1
202300035572;155 617 503;50;0;2;1;1;3
202300035572;155 617 504;10;0;9;3;26;1
202300035573;155 617 501;7;1;0;2;2;1
202300035574;155 617 499;7;0;2;1;1;1
202300035574;155 617 500;7;0;2;1;1;1
202300035575;155 617 498;7;0;2;1;9;1
202300035575;155 617 502;2;0;2;7;9;1
202300035576;155 617 497;34;0;0;8;1;1
202300035577;155 617 495;13;0;2;6;11;6
202300035577;155 617 496;7;0;2;7;26;1
202300035578;155 617 491;2;0;2;1;1;1
202300035578;155 617 494;7;0;2;5;19;1
202300035579;155 617 493;7;0;1;1;1;1
202300035580;155 617 492;30;14;0;1;1;1
202300035581;155 617 486;7;0;2;1;15;1
202300035581;155 617 490;0;0;2;8;19;6
202300035582;155 617 487;15;0;1;6;1;1
202300035583;155 617 485;7;0;2;2;1;1
202300035583;155 617 489;60;0;2;1;1;5
202300035584;155 617 484;50;0;2;4;1;3
202300035584;155 617 488;7;0;2;1;9;1
202300035585;155 617 480;7;6;1;0;0;2
202300035586;155 617 481;7;0;2;1;1;1
202300035586;155 617 483;31;0;2;4;9;1
202300035587;155 617 479;33;0;2;3;1;1
202300035587;155 617 482;7;0;2;3;15;1
202300035588;155 617 475;7;0;2;2;12;1
202300035588;155 617 476;30;0;2;4;1;1
202300035589;155 617 474;7;1;2;1;9;1
202300035589;155 617 477;2;4;2;4;1;1
202300035590;155 617 473;10;0;2;0;1;1
202300035590;155 617 478;7;0;2;0;11;0
202300035591;155 617 469;32;0;2;6;2;1
202300035591;155 617 472;7;0;0;6;15;1
202300035592;155 617 468;43;0;2;1;17;1
202300035592;155 617 470;7;0;2;8;15;1
202300035593;155 617 467;15;0;2;3;1;1
202300035593;155 617 471;7;0;2;3;1;1
202300035594;155 617 463;7;0;2;7;1;0
202300035594;155 617 466;1;0;2;1;5;5
202300035595;155 617 464;7;0;1;3;15;1
202300035596;155 617 457;33;0;2;1;17;1
202300035596;155 617 462;7;0;2;2;1;1
202300035597;155 617 460;10;0;2;1;15;1
202300035597;155 617 461;50;0;2;1;1;3
202300035598;155 617 458;7;0;2;3;15;1
202300035598;155 617 465;33;0;2;7;17;1
202300035599;155 617 456;7;0;2;1;13;0
202300035599;155 617 459;7;0;2;0;1;0
202300035600;155 617 454;7;0;2;1;1;1
202300035600;155 617 455;7;0;2;4;23;1
202300035601;155 617 453;7;0;1;1;1;1
202300035602;155 617 452;7;6;0;3;1;1
202300035603;155 617 448;7;0;2;3;1;1
202300035603;155 617 450;50;0;2;1;1;3
202300035604;155 617 447;7;0;2;1;2;1
202300035604;155 617 449;50;0;0;4;2;3
202300035605;155 617 446;80;0;2;1;1;3
202300035605;155 617 451;7;0;2;8;15;1
202300035606;155 617 443;7;0;2;1;26;1
202300035606;155 617 445;7;0;2;7;1;1
202300035607;155 617 441;7;9;2;1;2;1
202300035607;155 617 442;7;0;0;4;2;0
202300035608;155 617 440;7;0;0;2;2;1
202300035608;155 617 444;7;0;2;3;9;1
202300035609;155 617 437;7;0;2;1;2;1
202300035609;155 617 439;7;0;2;4;1;1
202300035610;155 617 438;7;13;0;9;6;1
202300035611;155 617 435;7;2;2;3;1;0
202300035611;155 617 436;1;2;2;2;1;5
202300035612;155 617 432;2;0;2;1;1;1
202300035612;155 617 434;7;0;2;3;1;1
202300035613;155 617 429;50;0;2;4;1;3
202300035613;155 617 431;7;0;2;1;1;0
202300035614;155 617 427;7;0;2;1;21;1
202300035614;155 617 428;7;0;2;2;21;1
202300035615;155 617 423;32;0;2;3;23;1
202300035615;155 617 426;7;0;2;3;11;1
202300035616;155 617 422;31;0;2;1;13;1
202300035616;155 617 424;7;0;0;0;0;1
202300035617;155 617 420;7;0;2;6;2;1
202300035617;155 617 421;1;0;2;1;2;5
202300035618;155 617 425;1;0;2;1;1;5
202300035618;155 617 430;32;0;9;1;1;1
202300035619;155 617 419;7;0;2;1;0;1
202300035619;155 617 433;7;0;2;1;0;1
202300035620;155 617 416;7;15;2;3;1;1
202300035620;155 617 418;7;12;2;1;1;1
202300035621;155 617 417;0;0;1;1;1;0
202300035622;155 617 415;33;0;0;8;1;1
202300035623;155 617 412;40;0;2;1;1;3
202300035623;155 617 414;7;0;4;7;15;3
202300035624;155 617 410;7;0;1;8;1;1
202300035625;155 617 407;30;0;2;2;1;3
202300035625;155 617 411;7;0;2;2;1;1
202300035626;155 617 406;7;0;2;1;13;1
202300035626;155 617 408;7;0;2;1;1;2
202300035626;155 617 413;7;0;2;1;2;1
202300035627;155 617 405;7;0;2;2;1;1
202300035627;155 617 409;2;0;2;1;1;1
202300035628;155 617 402;50;0;2;0;0;3
202300035628;155 617 403;33;0;9;2;1;1
202300035629;155 617 400;7;0;1;1;15;1
202300035630;155 617 401;50;0;2;8;1;3
202300035630;155 617 404;7;0;9;1;1;1
202300035631;155 617 396;30;14;0;1;1;1
202300035632;155 617 395;33;0;2;1;1;1
202300035632;155 617 398;7;0;2;5;15;1
202300035633;155 617 397;50;0;2;1;25;3
202300035633;155 617 399;7;0;0;6;9;1
202300035634;155 617 392;7;14;9;6;2;1
202300035634;155 617 394;32;14;9;2;2;1
202300035635;155 617 390;7;0;9;8;1;1
202300035635;155 617 393;60;0;2;1;9;3
202300035636;155 617 388;7;0;2;3;1;1
202300035636;155 617 391;7;0;2;2;16;1
202300035637;155 617 386;7;0;2;8;26;1
202300035637;155 617 389;7;0;2;2;16;1
202300035638;155 617 385;7;0;1;1;1;1
202300035639;155 617 384;7;0;2;2;0;0
202300035639;155 617 387;7;0;2;1;13;0
202300035640;155 617 383;7;0;1;2;16;1
202300035641;155 617 381;15;14;0;1;0;1
202300035642;155 617 380;7;0;1;1;1;1
202300035643;155 617 379;7;0;2;3;15;1
202300035643;155 617 382;30;0;2;5;16;1
202300035644;155 617 375;7;0;1;2;16;1
202300035645;155 617 371;1;0;2;2;1;5
202300035645;155 617 376;7;0;2;1;1;1
202300035646;155 617 370;7;0;2;2;2;0
202300035646;155 617 372;7;0;2;5;2;0
202300035647;155 617 365;7;0;2;4;1;1
202300035647;155 617 369;10;0;2;1;1;1
202300035648;155 617 362;13;0;2;7;17;1
202300035648;155 617 367;2;0;2;8;1;3
202300035649;155 617 360;7;0;2;1;13;1
202300035649;155 617 363;1;0;2;1;1;5
202300035650;155 617 361;7;0;2;8;17;1
202300035650;155 617 366;33;0;2;7;17;1
202300035651;155 617 359;7;4;2;3;1;1
202300035651;155 617 364;7;0;2;3;1;1
202300035651;155 617 368;7;0;2;1;5;1
202300035652;155 617 355;7;0;9;4;26;0
202300035652;155 617 358;1;0;2;1;1;5
202300035653;155 617 350;7;0;2;7;13;1
202300035653;155 617 353;7;0;2;1;1;1
202300035654;155 617 348;7;0;2;1;1;1
202300035654;155 617 352;7;0;2;7;1;1
202300035655;155 617 345;10;0;2;1;21;1
202300035655;155 617 349;7;0;2;4;2;1
202300035655;155 617 351;7;0;2;1;1;1
202300035655;155 617 357;7;0;2;6;2;1
202300035656;155 617 344;7;0;2;3;9;1
202300035656;155 617 347;30;0;0;0;0;1
202300035657;155 617 343;7;0;0;3;1;0
202300035657;155 617 346;80;0;0;0;13;3
202300035658;155 617 338;32;0;0;0;2;1
202300035659;155 617 339;33;6;0;7;1;1
202300035660;155 617 337;7;1;0;1;26;1
202300035660;155 617 341;7;0;0;1;24;1
202300035661;155 617 335;99;0;2;1;2;1
202300035661;155 617 340;17;0;2;3;2;2
202300035662;155 617 336;1;0;2;1;0;5
202300035662;155 617 342;7;0;9;3;1;1
202300035663;155 617 333;2;13;0;7;14;1
202300035664;155 617 332;7;0;2;7;1;2
202300035664;155 617 334;33;0;2;8;18;1
202300035665;155 617 331;7;4;0;3;9;1
202300035666;155 617 327;7;0;1;1;1;1
202300035667;155 617 325;7;0;2;6;4;1
202300035667;155 617 329;1;0;2;1;1;5
202300035668;155 617 324;7;0;2;2;12;1
202300035668;155 617 328;31;0;2;3;3;1
202300035669;155 617 322;7;0;2;4;2;1
202300035669;155 617 323;42;0;2;1;2;1
202300035670;155 617 320;7;0;0;0;1;1
202300035671;155 617 317;50;0;2;8;1;3
202300035671;155 617 321;7;0;2;7;1;1
202300035672;155 617 316;7;0;2;1;1;1
202300035672;155 617 319;31;0;2;5;23;1
202300035673;155 617 314;33;0;0;0;2;1
202300035674;155 617 313;33;0;2;8;3;1
202300035674;155 617 315;7;0;2;4;1;1
202300035674;155 617 318;7;0;2;2;1;1
202300035675;155 617 309;7;0;2;1;26;1
202300035675;155 617 311;7;0;2;4;16;1
202300035676;155 617 307;7;8;0;0;0;1
202300035677;155 617 310;7;0;1;2;1;2
202300035678;155 617 303;7;0;2;4;1;1
202300035678;155 617 304;7;0;2;1;1;2
202300035678;155 617 306;10;0;2;4;1;1
202300035679;155 617 299;33;1;0;4;14;1
202300035680;155 617 300;7;3;0;9;1;1
202300035681;155 617 302;7;0;2;2;9;1
202300035681;155 617 305;7;0;2;4;9;1
202300035681;155 617 308;17;0;0;0;0;1
202300035682;155 617 298;7;0;2;1;2;1
202300035682;155 617 301;14;0;2;4;2;1
202300035683;155 617 292;33;0;2;1;1;1
202300035683;155 617 297;7;0;0;8;1;1
202300035684;155 617 290;7;0;2;8;1;1
202300035684;155 617 294;3;0;2;1;1;1
202300035685;155 617 289;10;0;2;1;1;1
202300035685;155 617 293;7;0;2;4;2;1
202300035685;155 617 296;7;0;2;1;2;1
202300035686;155 617 287;40;0;1;2;1;3
202300035687;155 617 288;33;0;2;3;3;1
202300035687;155 617 291;33;0;2;5;3;1
202300035687;155 617 295;7;0;2;5;1;1
202300035688;155 617 285;7;0;2;8;1;1
202300035688;155 617 286;7;0;2;1;16;1
202300035689;155 617 281;7;0;1;1;15;1
202300035690;155 617 279;7;0;2;7;1;1
202300035690;155 617 282;7;0;2;1;1;1
202300035691;155 617 280;31;0;2;3;2;1
202300035691;155 617 283;7;0;2;7;12;1
202300035692;155 617 278;32;0;2;7;3;1
202300035692;155 617 284;7;0;2;8;11;1
202300035693;155 617 276;7;0;0;6;2;0
202300035693;155 617 277;33;0;2;1;2;0
202300035694;155 617 272;33;0;0;7;3;1
202300035695;155 617 271;43;0;2;1;1;1
202300035695;155 617 275;7;0;2;4;1;1
202300035696;155 617 269;33;0;0;9;1;1
202300035697;155 617 270;10;0;2;2;1;1
202300035697;155 617 274;7;0;2;8;11;1
202300035698;155 617 268;30;0;2;1;17;1
202300035698;155 617 273;7;0;0;6;15;1
202300035699;155 617 266;31;0;1;1;0;1
202300035700;155 617 263;10;0;2;8;1;1
202300035700;155 617 267;7;0;2;1;1;0
202300035701;155 617 261;7;0;2;4;0;1
202300035701;155 617 265;33;0;2;0;0;1
202300035702;155 617 260;33;4;2;2;18;1
202300035702;155 617 264;10;0;2;3;1;1
202300035703;155 617 258;33;0;6;1;1;1
202300035704;155 617 259;7;0;2;5;15;0
202300035704;155 617 262;32;0;2;2;1;1
202300035705;155 617 253;10;0;2;7;16;3
202300035705;155 617 257;1;0;2;1;1;5
202300035706;155 617 249;7;0;2;2;15;1
202300035706;155 617 254;7;7;2;3;1;1
202300035707;155 617 250;99;0;0;0;26;1
202300035707;155 617 256;33;14;0;1;1;1
202300035708;155 617 247;7;0;2;4;2;1
202300035708;155 617 251;7;0;2;4;2;1
202300035708;155 617 255;17;0;2;1;2;1
202300035709;155 617 248;33;0;2;3;1;1
202300035709;155 617 252;99;0;2;3;13;0
202300035710;155 617 245;7;2;0;1;1;1
202300035711;155 617 244;33;0;2;1;1;1
202300035711;155 617 246;7;0;2;2;1;1
202300035712;155 617 241;7;0;1;2;1;1
202300035713;155 617 240;7;0;2;6;11;1
202300035713;155 617 242;15;0;2;2;12;1
202300035714;155 617 239;7;0;2;6;20;0
202300035714;155 617 243;7;0;2;1;2;0
202300035715;155 617 238;7;0;2;3;1;1
202300035716;155 617 236;14;0;2;5;2;1
202300035716;155 617 237;7;0;2;6;2;1
202300035717;155 617 233;7;5;9;9;19;6
202300035718;155 617 234;7;0;2;1;2;1
202300035718;155 617 235;7;0;2;5;19;1
202300035719;155 617 230;7;0;2;4;14;1
202300035719;155 617 232;33;0;2;1;3;1
202300035720;155 617 227;7;0;2;6;1;1
202300035720;155 617 231;7;0;2;1;1;1
202300035721;155 617 226;80;0;2;8;15;3
202300035721;155 617 229;7;0;2;1;1;3
202300035722;155 617 224;7;0;2;8;11;2
202300035722;155 617 225;33;0;2;2;1;1
202300035723;155 617 222;7;13;1;4;26;6
202300035724;155 617 223;7;0;2;1;1;1
202300035724;155 617 228;7;0;2;1;0;1
202300035725;155 617 221;7;9;0;2;13;3
202300035726;155 617 220;7;-1;-1;-1;-1;-1
202300035727;155 617 214;7;0;2;4;14;1
202300035727;155 617 218;1;0;2;1;1;5
202300035728;155 617 213;31;0;2;2;17;1
202300035728;155 617 217;7;0;2;3;11;1
202300035729;155 617 212;2;0;2;3;1;1
202300035729;155 617 216;7;0;2;1;10;2
202300035730;155 617 211;7;0;1;3;1;3
202300035731;155 617 209;7;8;0;1;1;1
202300035732;155 617 210;7;0;2;4;2;1
202300035732;155 617 215;10;0;2;4;1;1
202300035732;155 617 219;7;0;2;1;2;1
202300035733;155 617 206;31;0;0;8;1;1
202300035733;155 617 208;7;0;0;6;4;1
202300035734;155 617 202;7;13;0;2;14;1
202300035735;155 617 205;1;0;2;1;1;5
202300035735;155 617 207;7;0;2;2;15;1
202300035736;155 617 203;7;0;1;2;1;1
202300035737;155 617 201;7;0;2;4;8;1
202300035737;155 617 204;1;0;2;1;2;5
202300035738;155 617 198;35;0;2;1;9;1
202300035738;155 617 200;7;0;2;3;1;1
202300035739;155 617 196;50;0;1;1;7;3
202300035740;155 617 199;30;0;0;0;1;1
202300035741;155 617 197;7;13;0;8;13;1
202300035742;155 617 190;50;0;1;1;1;3
202300035743;155 617 192;7;0;2;2;1;3
202300035743;155 617 195;1;0;2;3;15;5
202300035744;155 617 188;33;0;6;1;1;1
202300035745;155 617 189;1;0;2;3;1;5
202300035745;155 617 191;10;0;9;3;11;1
202300035746;155 617 187;14;0;4;2;15;1
202300035746;155 617 193;40;16;2;2;0;3
202300035747;155 617 184;43;0;1;1;26;1
202300035748;155 617 185;33;0;2;0;26;1
202300035749;155 617 183;7;0;2;3;1;1
202300035749;155 617 186;33;0;2;1;13;1
202300035750;155 617 181;7;1;1;3;13;1
202300035751;155 617 179;33;13;0;1;14;1
202300035752;155 617 180;33;0;2;9;11;1
202300035752;155 617 182;7;0;2;3;2;1
202300035753;155 617 177;7;0;1;2;16;1
202300035754;155 617 176;7;0;2;3;1;1
202300035754;155 617 178;7;0;2;3;1;1
202300035755;155 617 174;1;1;2;3;9;5
202300035755;155 617 175;1;0;2;1;1;5
202300035756;155 617 171;33;0;0;8;15;1
202300035756;155 617 173;7;0;2;8;15;1
202300035757;155 617 168;7;0;2;1;13;1
202300035757;155 617 172;7;0;2;8;0;1
202300035758;155 617 167;7;0;2;4;26;1
202300035758;155 617 169;34;0;2;1;1;1
202300035759;155 617 166;33;0;2;3;21;1
202300035759;155 617 170;7;0;2;7;21;1
202300035760;155 617 163;7;0;2;1;1;0
202300035760;155 617 165;7;0;2;3;1;0
202300035761;155 617 162;32;0;2;0;2;1
202300035761;155 617 164;7;0;2;5;1;0
202300035762;155 617 159;7;0;2;2;16;0
202300035762;155 617 160;1;0;0;0;0;5
202300035763;155 617 157;21;0;0;0;1;1