Num_Acc;id_vehicule;catv;obs;obsm;choc;manv;motor
202300036123;155 616 527;32;0;2;7;17;1
202300036124;155 616 525;7;3;0;1;13;1
202300036125;155 616 522;7;0;2;5;1;1
202300036125;155 616 526;33;0;2;1;1;1
202300036126;155 616 520;7;0;2;2;15;1
202300036126;155 616 523;2;0;2;3;1;1
202300036127;155 616 514;7;0;2;1;1;1
202300036127;155 616 517;7;0;2;4;1;1
202300036128;155 616 515;32;0;2;0;1;1
202300036128;155 616 518;7;0;2;2;9;1
202300036129;155 616 512;7;0;2;6;1;1
202300036129;155 616 516;7;0;2;5;23;1
202300036129;155 616 521;7;0;2;3;2;1
202300036130;155 616 509;32;8;0;0;13;1
202300036131;155 616 508;7;2;0;1;14;1
202300036132;155 616 510;2;0;2;1;13;0
202300036132;155 616 513;7;0;2;3;0;0
202300036133;155 616 506;7;0;2;1;2;1
202300036133;155 616 507;10;0;2;4;2;1
202300036133;155 616 511;7;0;2;4;2;1
202300036134;155 616 502;7;0;2;1;2;1
202300036134;155 616 505;7;0;2;4;2;1
202300036135;155 616 500;7;0;2;3;17;1
202300036135;155 616 504;10;0;2;3;1;1
202300036136;155 616 499;2;0;0;4;1;1
202300036136;155 616 503;7;0;2;2;2;1
202300036137;155 616 497;7;0;2;4;2;1
202300036137;155 616 501;33;0;2;1;2;1
202300036138;155 616 496;33;0;2;1;2;1
202300036138;155 616 498;7;0;2;4;2;1
202300036139;155 616 491;7;2;0;1;6;1
202300036140;155 616 492;7;0;2;4;1;1
202300036140;155 616 495;43;0;2;1;2;1
202300036141;155 616 490;7;2;0;1;21;1
202300036142;155 616 493;32;0;2;2;1;1
202300036142;155 616 494;7;0;2;7;15;1
202300036143;155 616 488;7;0;2;4;2;1
202300036143;155 616 489;10;0;2;1;2;1
202300036144;155 616 484;21;0;0;7;15;1
202300036145;155 616 483;1;0;2;7;2;5
202300036145;155 616 487;14;0;9;7;2;1
202300036146;155 616 482;7;0;2;1;12;1
202300036146;155 616 486;15;0;2;5;1;1
202300036147;155 616 481;7;13;2;3;1;1
202300036147;155 616 485;7;6;2;6;19;1
202300036148;155 616 479;7;0;1;1;1;1
202300036149;155 616 476;43;0;2;7;14;1
202300036149;155 616 480;7;0;2;3;1;1
202300036150;155 616 474;7;0;2;7;12;1
202300036150;155 616 478;33;0;2;3;3;1
202300036151;155 616 472;7;0;1;6;26;0
202300036152;155 616 473;7;0;2;3;13;1
202300036152;155 616 475;7;0;2;3;1;1
202300036153;155 616 470;33;0;0;6;1;1
202300036154;155 616 469;7;0;2;6;1;1
202300036154;155 616 471;7;0;2;8;1;1
202300036154;155 616 477;7;0;2;3;13;1
202300036155;155 616 466;7;0;2;1;2;1
202300036155;155 616 468;7;0;2;4;2;1
202300036156;155 616 463;7;0;1;7;14;1
202300036157;155 616 461;32;0;2;3;3;1
202300036157;155 616 462;7;0;2;2;1;1
202300036157;155 616 465;14;0;2;1;1;1
202300036158;155 616 456;7;0;0;9;1;1
202300036159;155 616 457;7;0;2;1;1;1
202300036159;155 616 460;7;0;2;4;1;1
202300036160;155 616 455;7;0;9;2;2;1
202300036160;155 616 458;1;0;0;4;2;5
202300036161;155 616 453;3;0;2;3;1;0
202300036161;155 616 459;3;0;2;8;1;0
202300036162;155 616 452;10;1;0;1;26;1
202300036162;155 616 454;10;0;2;4;24;1
202300036163;155 616 450;7;2;0;3;13;1
202300036164;155 616 449;7;0;2;1;1;1
202300036164;155 616 451;10;0;2;4;1;1
202300036165;155 616 447;33;13;0;8;1;1
202300036166;155 616 448;7;2;0;1;1;1
202300036167;155 616 444;7;0;2;1;1;1
202300036167;155 616 445;7;0;2;4;1;1
202300036168;155 616 440;7;0;2;3;15;1
202300036168;155 616 443;33;0;2;1;1;1
202300036169;155 616 442;7;5;2;3;1;1
202300036169;155 616 446;7;11;2;1;16;3
202300036170;155 616 441;15;0;1;3;1;1
202300036171;155 616 434;7;0;2;2;1;2
202300036171;155 616 438;7;0;2;8;1;1
202300036172;155 616 433;7;0;2;1;15;1
202300036172;155 616 436;33;0;2;1;1;1
202300036173;155 616 430;14;0;2;4;2;1
202300036173;155 616 432;10;0;2;1;0;1
202300036174;155 616 426;7;0;2;1;5;1
202300036174;155 616 428;30;0;2;1;1;1
202300036175;155 616 422;7;0;2;2;2;1
202300036175;155 616 425;2;0;2;6;0;1
202300036176;155 616 423;2;0;2;1;1;1
202300036176;155 616 427;7;0;2;1;15;1
202300036177;155 616 421;14;0;2;1;2;1
202300036177;155 616 424;7;0;2;4;2;0
202300036178;155 616 416;0;0;1;0;0;0
202300036179;155 616 417;7;0;2;1;1;0
202300036179;155 616 420;7;0;2;7;15;0
202300036180;155 616 414;7;0;2;3;19;0
202300036180;155 616 419;7;0;0;6;1;1
202300036181;155 616 413;10;3;2;1;17;1
202300036181;155 616 415;7;0;2;8;1;1
202300036181;155 616 418;7;0;2;3;12;1
202300036182;155 616 410;7;0;2;2;12;1
202300036182;155 616 412;33;0;2;8;3;1
202300036183;155 616 407;2;0;2;1;1;1
202300036183;155 616 409;7;0;2;2;15;1
202300036184;155 616 402;7;0;2;3;1;1
202300036184;155 616 403;15;0;2;6;1;1
202300036184;155 616 405;7;0;2;1;1;1
202300036185;155 616 406;7;0;2;3;15;1
202300036185;155 616 408;33;0;2;1;1;1
202300036186;155 616 401;31;0;2;3;26;1
202300036186;155 616 404;7;0;2;7;12;1
202300036187;155 616 400;10;2;0;2;14;1
202300036188;155 616 397;7;0;2;1;2;1
202300036188;155 616 399;7;0;2;4;23;1
202300036188;155 616 411;7;0;2;3;2;1
202300036189;155 616 394;7;0;2;8;1;0
202300036189;155 616 396;32;0;2;7;12;1
202300036190;155 616 392;7;0;2;1;17;1
202300036190;155 616 395;14;0;0;8;17;1
202300036191;155 616 393;32;0;2;7;26;1
202300036191;155 616 398;7;0;2;1;26;1
202300036192;155 616 390;7;3;2;1;17;1
202300036192;155 616 391;7;3;2;4;17;1
202300036193;155 616 387;7;13;0;1;13;1
202300036194;155 616 386;7;0;2;3;11;1
202300036194;155 616 389;33;0;2;2;1;1
202300036195;155 616 382;7;0;2;4;2;0
202300036195;155 616 383;7;0;2;4;0;1
202300036195;155 616 385;10;0;2;1;2;1
202300036196;155 616 381;7;17;0;1;1;1
202300036197;155 616 375;7;0;2;1;2;1
202300036197;155 616 377;10;0;2;4;2;1
202300036198;155 616 374;33;0;2;0;0;1
202300036198;155 616 378;7;0;2;3;1;2
202300036198;155 616 380;7;0;2;4;1;1
202300036199;155 616 373;7;0;1;2;1;6
202300036200;155 616 372;7;0;2;1;12;1
202300036200;155 616 376;7;0;2;4;1;1
202300036200;155 616 379;33;0;2;1;3;1
202300036201;155 616 366;7;0;2;1;1;1
202300036201;155 616 370;7;0;0;0;0;0
202300036202;155 616 367;7;0;2;3;1;1
202300036202;155 616 369;7;0;2;3;13;1
202300036203;155 616 365;33;0;2;6;2;1
202300036203;155 616 368;32;0;2;1;2;1
202300036204;155 616 360;10;0;2;8;1;1
202300036204;155 616 364;7;0;2;1;1;1
202300036205;155 616 361;7;0;2;1;9;1
202300036205;155 616 363;2;0;2;1;26;1
202300036206;155 616 358;7;0;2;1;2;1
202300036206;155 616 371;17;0;2;4;2;1
202300036207;155 616 359;10;0;2;2;1;0
202300036207;155 616 362;1;0;2;8;18;5
202300036208;155 616 355;33;0;0;7;12;0
202300036209;155 616 353;7;0;2;1;1;1
202300036209;155 616 356;7;0;2;1;1;1
202300036210;155 616 354;7;0;2;7;15;1
202300036210;155 616 357;33;0;2;2;1;1
202300036211;155 616 349;7;4;2;6;1;1
202300036211;155 616 351;31;4;2;2;12;1
202300036212;155 616 350;1;0;2;1;1;5
202300036212;155 616 352;7;0;0;0;23;1
202300036213;155 616 346;1;0;2;3;2;5
202300036213;155 616 347;7;0;9;5;17;1
202300036214;155 616 345;7;0;2;1;19;1
202300036214;155 616 348;1;0;2;7;2;5
202300036215;155 616 343;7;0;2;6;26;1
202300036215;155 616 344;33;0;2;2;3;1
202300036216;155 616 342;50;0;1;0;1;3
202300036217;155 616 341;7;0;1;1;15;0
202300036218;155 616 339;7;0;1;1;1;3
202300036219;155 616 338;32;0;2;2;3;1
202300036219;155 616 340;10;0;2;8;11;0
202300036220;155 616 331;10;0;2;1;2;1
202300036220;155 616 334;7;0;2;4;2;1
202300036221;155 616 330;7;0;2;4;1;1
202300036221;155 616 333;7;0;2;1;1;1
202300036221;155 616 336;7;0;2;4;1;1
202300036222;155 616 337;33;1;0;4;14;1
202300036223;155 616 329;7;0;2;1;1;1
202300036224;155 616 332;7;0;2;1;13;1
202300036224;155 616 335;7;0;2;1;1;1
202300036225;155 616 325;30;0;0;8;1;1
202300036225;155 616 328;7;0;0;1;1;2
202300036226;155 616 323;37;0;2;2;1;1
202300036226;155 616 326;7;0;2;1;9;1
202300036227;155 616 322;7;0;2;1;2;1
202300036227;155 616 324;14;0;2;4;1;1
202300036228;155 616 321;1;0;0;7;1;5
202300036229;155 616 318;7;1;0;1;13;1
202300036230;155 616 317;2;0;2;0;5;0
202300036230;155 616 320;7;0;2;2;1;1
202300036231;155 616 316;14;0;2;0;0;1
202300036231;155 616 319;7;0;2;0;9;1
202300036232;155 616 312;1;0;2;1;19;5
202300036232;155 616 314;31;0;2;8;1;1
202300036233;155 616 310;10;0;2;1;1;1
202300036233;155 616 315;33;0;2;3;1;1
202300036234;155 616 311;7;4;2;5;12;1
202300036234;155 616 313;33;4;2;1;3;1
202300036235;155 616 308;30;0;1;1;1;1
202300036236;155 616 306;33;0;2;7;17;1
202300036236;155 616 309;80;0;2;8;1;3
202300036237;155 616 305;10;0;2;2;2;1
202300036237;155 616 307;7;0;2;6;2;1
202300036238;155 616 302;7;0;2;3;15;1
202300036238;155 616 304;2;0;2;1;1;1
202300036239;155 616 301;10;0;2;1;11;1
202300036239;155 616 303;7;0;2;7;1;2
202300036240;155 616 297;7;0;2;4;1;1
202300036240;155 616 298;10;0;2;1;1;1
202300036241;155 616 300;30;0;1;1;1;0
202300036242;155 616 296;7;0;1;1;1;1
202300036243;155 616 293;7;2;0;1;13;1
202300036244;155 616 294;7;0;2;5;11;1
202300036244;155 616 295;33;0;2;1;3;1
202300036245;155 616 290;7;0;2;8;11;1
202300036245;155 616 292;15;0;2;1;1;1
202300036246;155 616 289;7;0;2;1;1;1
202300036246;155 616 291;10;0;2;4;2;1
202300036247;155 616 288;30;0;1;2;1;0
202300036248;155 616 284;33;0;2;8;3;1
202300036248;155 616 286;10;0;2;7;12;0
202300036249;155 616 281;7;0;2;3;15;3
202300036249;155 616 283;31;0;2;2;17;1
202300036250;155 616 279;7;0;2;4;11;1
202300036250;155 616 282;33;0;2;1;3;1
202300036251;155 616 277;33;0;0;1;1;1
202300036252;155 616 275;10;0;0;7;14;1
202300036253;155 616 274;7;0;2;4;2;1
202300036253;155 616 276;7;0;2;1;2;1
202300036254;155 616 270;31;0;2;1;1;1
202300036254;155 616 272;7;0;2;8;11;1
202300036255;155 616 269;33;0;2;2;13;1
202300036255;155 616 271;7;0;2;6;17;1
202300036256;155 616 273;32;0;0;0;21;1
202300036257;155 616 266;33;0;2;1;11;1
202300036257;155 616 268;10;0;2;6;2;1
202300036258;155 616 265;10;0;2;1;1;1
202300036258;155 616 267;20;0;2;5;15;1
202300036259;155 616 263;50;0;1;0;25;3
202300036260;155 616 261;1;0;2;8;1;5
202300036260;155 616 262;7;0;2;3;15;1
202300036261;155 616 258;7;0;2;3;1;2
202300036261;155 616 260;80;0;2;1;1;3
202300036262;155 616 256;10;0;2;2;1;1
202300036262;155 616 264;7;0;2;3;1;1
202300036263;155 616 257;60;0;2;1;1;5
202300036263;155 616 259;7;0;2;8;9;2
202300036264;155 616 254;7;1;2;5;15;3
202300036264;155 616 255;7;1;2;2;21;1
202300036265;155 616 253;7;0;1;1;5;1
202300036266;155 616 249;7;0;0;4;23;0
202300036266;155 616 251;7;0;2;1;0;0
202300036267;155 616 250;80;0;2;8;1;3
202300036267;155 616 252;7;0;2;7;16;1
202300036268;155 616 247;7;0;2;6;11;1
202300036268;155 616 248;7;0;2;1;2;1
202300036269;155 616 245;1;0;2;8;1;5
202300036269;155 616 246;80;0;2;0;11;3
202300036270;155 616 244;7;0;1;4;26;0
202300036271;155 616 243;7;1;0;3;1;1
202300036272;155 616 241;1;0;2;1;1;5
202300036272;155 616 242;7;0;2;3;11;1
202300036273;155 616 239;30;0;2;1;1;0
202300036273;155 616 240;7;0;2;3;9;1
202300036274;155 616 238;10;0;1;1;16;1
202300036275;155 616 237;32;0;1;1;17;1
202300036276;155 616 233;7;0;2;0;0;0
202300036276;155 616 235;1;0;2;1;0;5
202300036277;155 616 234;10;0;2;8;24;1
202300036277;155 616 236;1;0;2;1;1;5
202300036278;155 616 231;7;0;1;0;0;1
202300036279;155 616 229;7;0;1;2;21;1
202300036280;155 616 230;32;0;2;1;2;1
202300036280;155 616 232;32;0;2;4;2;1
202300036281;155 616 227;7;7;0;1;9;2
202300036282;155 616 226;30;0;2;1;1;1
202300036282;155 616 228;37;0;2;4;7;1
202300036283;155 616 225;2;0;1;1;1;1
202300036284;155 616 224;7;0;1;1;1;1
202300036285;155 616 223;32;0;1;1;18;1
202300036286;155 616 222;7;0;1;2;1;1
202300036287;155 616 220;7;0;2;2;17;0
202300036287;155 616 221;37;0;2;3;1;6
202300036288;155 616 219;7;1;0;1;1;1
202300036289;155 616 218;60;0;0;0;0;5
202300036290;155 616 215;7;0;2;5;23;1
202300036290;155 616 217;1;0;2;1;1;5
202300036291;155 616 216;7;8;1;1;16;0
202300036292;155 616 213;33;0;9;1;1;1
202300036292;155 616 214;1;0;2;8;19;5
202300036293;155 616 212;7;0;1;1;0;1
202300036294;155 616 211;7;1;0;1;0;1
202300036295;155 616 208;7;0;2;5;15;1
202300036295;155 616 210;2;0;2;1;1;1
202300036296;155 616 209;32;0;1;1;1;1
202300036297;155 616 206;7;0;2;5;15;0
202300036297;155 616 207;2;0;2;1;1;1
202300036298;155 616 205;7;9;0;1;1;1
202300036299;155 616 203;7;0;2;3;9;1
202300036299;155 616 204;1;0;0;7;1;5
202300036300;155 616 201;7;0;0;0;0;1
202300036300;155 616 202;2;0;2;1;0;1
202300036301;155 616 199;33;0;2;1;5;1
202300036301;155 616 200;10;0;2;3;2;1
202300036302;155 616 198;7;0;1;7;1;1
202300036303;155 616 197;7;0;1;1;1;1
202300036304;155 616 196;7;0;1;1;15;0
202300036305;155 616 194;7;0;2;1;1;0
202300036305;155 616 195;7;0;2;2;6;0
202300036306;155 616 192;1;0;2;0;0;5
202300036306;155 616 193;14;0;2;7;2;1
202300036307;155 616 189;1;0;0;1;14;5
202300036308;155 616 188;17;0;2;1;1;1
202300036308;155 616 190;7;0;2;1;13;1
202300036309;155 616 187;7;0;2;1;1;1
202300036309;155 616 191;7;0;0;1;13;1
202300036310;155 616 186;1;0;0;1;1;5
202300036311;155 616 185;10;13;0;7;21;1
202300036312;155 616 184;7;13;0;2;1;1
202300036313;155 616 182;7;13;0;9;0;1
202300036314;155 616 181;31;0;2;3;1;3
202300036314;155 616 183;7;0;2;2;12;1
202300036315;155 616 179;31;2;2;4;17;1
202300036315;155 616 180;7;0;2;3;15;1
202300036316;155 616 175;7;0;2;3;2;1
202300036316;155 616 178;7;3;0;7;2;1
202300036317;155 616 174;7;0;2;2;16;2
202300036317;155 616 177;1;0;2;4;2;5
202300036318;155 616 173;7;0;2;1;5;0
202300036318;155 616 176;7;0;2;1;1;0
202300036319;155 616 171;7;0;2;7;1;1
202300036319;155 616 172;7;0;2;1;15;1
202300036320;155 616 169;33;0;0;7;1;1
202300036321;155 616 168;1;0;2;2;11;5
202300036321;155 616 170;10;0;2;4;4;1
202300036322;155 616 167;7;9;0;5;5;1
202300036323;155 616 164;7;0;2;2;16;2
202300036323;155 616 165;1;0;2;2;1;5
202300036324;155 616 162;7;0;2;3;17;1
202300036324;155 616 166;7;0;2;1;1;1
202300036325;155 616 160;10;0;2;4;1;1
202300036325;155 616 161;7;0;2;4;1;1
202300036325;155 616 163;7;0;2;1;1;1
202300036326;155 616 157;7;0;2;3;1;1
202300036326;155 616 159;7;0;2;8;1;1
202300036327;155 616 156;32;1;2;1;17;1
202300036327;155 616 158;7;0;2;3;15;3
202300036328;155 616 151;7;0;2;3;1;1
202300036328;155 616 152;7;0;2;3;1;1
202300036329;155 616 153;7;0;2;1;1;1
202300036329;155 616 154;7;0;2;4;1;1
202300036329;155 616 155;7;0;2;4;1;1
202300036330;155 616 150;7;0;1;1;0;0
202300036331;155 616 148;10;0;1;2;1;1
202300036332;155 616 149;7;16;0;1;14;1
202300036333;155 616 145;7;0;2;6;0;1
202300036333;155 616 147;33;0;2;1;2;1
202300036334;155 616 143;20;0;2;3;1;1
202300036334;155 616 144;7;0;2;2;17;1
202300036334;155 616 146;7;1;0;1;1;1
202300036335;155 616 142;7;0;1;1;1;2
202300036336;155 616 141;7;1;0;2;1;1
202300036337;155 616 138;7;0;2;2;5;1
202300036337;155 616 140;10;0;2;2;5;1
202300036338;155 616 136;32;0;2;1;1;1
202300036339;155 616 137;7;0;2;1;9;1
202300036339;155 616 139;33;0;2;7;1;1
202300036340;155 616 135;7;0;1;2;1;3
202300036341;155 616 133;31;0;0;0;26;1
202300036342;155 616 134;7;0;1;8;1;0
202300036343;155 616 131;14;0;2;3;1;1
202300036343;155 616 132;7;0;2;3;13;1
202300036344;155 616 128;7;0;2;2;16;1
202300036344;155 616 130;34;0;2;8;18;1
202300036345;155 616 125;17;0;2;1;21;1
202300036345;155 616 127;7;0;2;1;13;1
202300036346;155 616 122;60;0;0;4;2;5
202300036346;155 616 124;7;0;2;2;1;1
202300036346;155 616 126;1;0;0;0;2;5
202300036346;155 616 129;1;0;0;0;2;5
202300036347;155 616 120;7;0;2;2;1;1
202300036347;155 616 123;7;0;2;1;1;1
202300036348;155 616 119;7;2;0;1;13;1
202300036349;155 616 118;7;0;2;1;15;1
202300036349;155 616 121;7;0;2;1;1;1
202300036350;155 616 116;50;0;2;1;25;3
202300036350;155 616 117;1;0;2;1;25;5
202300036351;155 616 114;7;0;1;1;15;1
202300036352;155 616 113;2;0;2;2;1;1
202300036352;155 616 115;7;0;0;6;9;1
202300036353;155 616 110;2;0;0;0;0;1
202300036354;155 616 111;7;0;2;5;1;1
202300036354;155 616 112;7;0;2;3;1;1
202300036355;155 616 108;7;0;0;4;17;1
202300036355;155 616 109;7;0;2;1;2;1
202300036356;155 616 106;7;0;0;0;14;0
202300036357;155 616 105;7;0;2;6;20;1
202300036357;155 616 107;33;0;2;1;0;1
202300036358;155 616 102;10;0;1;5;16;0
202300036359;155 616 103;7;0;2;5;12;1
202300036359;155 616 104;32;0;2;8;0;1
202300036360;155 616 100;80;0;2;7;1;3
202300036360;155 616 101;7;0;2;7;16;0
202300036361;155 616 099;7;0;0;2;1;1
202300036362;155 616 094;7;0;2;2;16;1
202300036362;155 616 097;43;0;2;3;18;1
202300036363;155 616 092;7;0;2;3;13;1
202300036363;155 616 093;7;0;2;1;1;1
202300036363;155 616 096;7;0;2;3;1;1
202300036364;155 616 089;37;0;2;8;15;0
202300036364;155 616 091;50;0;2;1;7;3
202300036365;155 616 088;17;0;0;4;2;1
202300036365;155 616 090;7;0;2;1;2;0
202300036366;155 616 087;7;0;1;3;0;1
202300036367;155 616 085;50;1;0;1;26;3
202300036367;155 616 086;7;1;0;0;24;1
202300036368;155 616 084;32;0;0;8;9;1
202300036369;155 616 083;7;4;0;0;2;1
202300036370;155 616 081;7;0;1;1;1;1
202300036371;155 616 079;7;0;2;3;11;1
202300036371;155 616 080;7;0;2;7;17;1
202300036371;155 616 082;15;0;2;8;2;1
202300036372;155 616 077;7;0;1;1;1;1
202300036373;155 616 078;7;2;0;1;1;1
202300036374;155 616 075;31;0;2;1;1;1
202300036374;155 616 076;7;0;2;3;20;1
202300036375;155 616 072;7;0;2;2;16;0
202300036375;155 616 074;30;0;2;3;18;1
202300036376;155 616 071;7;0;2;3;1;1
202300036376;155 616 073;7;0;2;0;1;1
202300036377;155 616 068;7;0;2;2;12;1
202300036377;155 616 070;15;0;0;6;0;1
202300036378;155 616 067;30;0;2;7;16;1
202300036378;155 616 069;30;0;2;1;18;1
202300036379;155 616 065;7;0;1;2;1;1
202300036380;155 616 063;7;0;2;3;1;1
202300036380;155 616 066;1;0;2;1;3;5
202300036381;155 616 061;15;1;0;1;1;1
202300036381;155 616 062;10;0;0;4;24;1
202300036381;155 616 064;7;0;0;3;24;1
202300036382;155 616 058;1;0;2;1;0;5
202300036382;155 616 060;7;0;2;3;1;3
202300036383;155 616 057;10;0;0;1;0;1
202300036384;155 616 056;7;0;2;3;13;1
202300036384;155 616 059;15;0;2;8;1;1
202300036385;155 616 055;7;0;0;2;1;1
202300036386;155 616 054;7;0;1;0;0;0
202300036387;155 616 053;33;12;0;1;5;1
202300036388;155 616 052;7;0;1;0;1;1
202300036389;155 616 049;7;0;2;1;19;0
202300036389;155 616 051;7;0;2;2;1;0
202300036390;155 616 048;43;13;0;1;1;1
202300036391;155 616 047;7;0;5;1;1;1
202300036391;155 616 050;7;0;2;3;13;1
202300036392;155 616 045;7;0;1;2;1;1
202300036393;155 616 041;7;0;9;1;2;1
202300036393;155 616 042;50;0;0;8;13;3
202300036394;155 616 039;60;0;2;8;19;5
202300036394;155 616 043;10;0;2;1;19;1
202300036395;155 616 038;33;0;2;1;17;1
202300036395;155 616 040;7;0;0;6;15;1
202300036396;155 616 037;37;6;0;1;1;1
202300036397;155 616 035;10;0;2;6;11;1
202300036397;155 616 036;32;0;2;7;1;1
202300036398;155 616 034;7;2;0;1;14;1
202300036399;155 616 032;1;0;2;8;16;5
202300036399;155 616 033;14;0;2;7;16;1
202300036400;155 616 027;7;0;0;8;1;1
202300036400;155 616 030;7;0;0;1;19;1
202300036401;155 616 028;33;0;2;3;1;0
202300036401;155 616 031;7;0;2;5;12;0
202300036402;155 616 026;7;0;2;5;10;0
202300036402;155 616 029;33;0;2;1;16;0
202300036403;155 616 024;7;6;1;4;26;1
202300036404;155 616 025;33;0;2;1;0;1
202300036405;155 616 021;15;0;2;4;11;1
202300036405;155 616 023;13;0;2;1;1;1
202300036406;155 616 019;80;0;2;1;0;3
202300036406;155 616 022;7;0;9;3;0;1
202300036407;155 616 020;33;0;9;0;1;1
202300036408;155 616 016;7;0;2;1;5;1
202300036408;155 616 018;7;0;2;1;1;1
202300036409;155 616 015;7;0;2;8;11;1
202300036409;155 616 017;33;0;2;7;1;1
202300036410;155 616 012;80;0;0;0;26;3
202300036411;155 616 011;7;4;0;1;1;1
202300036412;155 616 013;7;0;2;6;11;1
202300036412;155 616 014;43;0;2;2;3;1
202300036413;155 616 009;7;0;1;6;4;1
202300036414;155 616 007;7;4;2;6;9;0
202300036414;155 616 010;10;0;2;2;14;0
202300036415;155 616 006;7;0;2;4;1;1
202300036415;155 616 008;7;0;2;1;1;1
202300036416;155 616 004;7;0;0;9;5;1
202300036417;155 616 003;7;0;2;1;13;1
202300036417;155 616 005;7;0;2;1;1;1
202300036418;155 616 000;10;0;2;2;12;1
202300036418;155 616 002;33;0;2;3;3;1
202300036419;155 615 999;7;4;0;3;1;0
202300036420;155 615 997;7;0;2;1;1;1
202300036420;155 615 998;33;0;0;4;1;1
202300036420;155 616 001;43;0;2;4;1;1
202300036421;155 615 995;7;4;0;1;2;1
202300036422;155 615 994;7;2;0;7;0;1
202300036423;155 615 991;33;0;0;9;13;1
202300036424;155 615 990;7;0;2;1;1;1
202300036424;155 615 992;7;0;2;4;2;1
202300036425;155 615 993;31;14;0;1;1;1
202300036425;155 615 996;7;0;2;4;23;2
202300036426;155 615 985;7;0;0;0;16;0
202300036426;155 615 987;80;0;0;0;1;3
202300036427;155 615 983;7;0;0;3;1;1
202300036427;155 615 988;7;0;2;3;13;1
202300036428;155 615 984;7;0;2;4;2;1
202300036428;155 615 986;7;0;2;1;2;1
202300036428;155 615 989;7;0;2;4;2;1
202300036429;155 615 982;1;0;0;0;1;5
202300036430;155 615 981;10;13;0;3;1;1
202300036431;155 615 978;10;0;2;4;23;1
202300036431;155 615 980;7;0;2;1;2;1
202300036432;155 615 977;7;0;2;1;13;1
202300036432;155 615 979;7;0;2;1;1;1
202300036433;155 615 975;1;0;2;7;9;5
202300036433;155 615 976;1;0;2;1;1;5
202300036434;155 615 973;7;0;2;3;15;1
202300036434;155 615 974;2;0;2;1;1;1
202300036435;155 615 970;7;0;0;5;15;0
202300036435;155 615 971;33;0;2;3;1;1
202300036436;155 615 969;1;0;2;5;2;5
202300036436;155 615 972;2;0;2;3;2;3
202300036437;155 615 968;7;2;0;0;1;1
202300036438;155 615 966;32;0;2;1;17;1
202300036438;155 615 967;7;0;2;3;19;1
202300036439;155 615 964;7;0;2;3;5;1
202300036439;155 615 965;7;0;2;1;1;1
202300036440;155 615 963;7;2;0;2;1;1
202300036441;155 615 961;7;0;2;3;13;1
202300036441;155 615 962;13;0;2;3;1;1
202300036442;155 615 959;7;0;2;1;1;1
202300036442;155 615 960;7;0;0;1;0;1
202300036443;155 615 958;7;0;1;1;17;1
202300036444;155 615 957;7;13;0;1;0;1
202300036445;155 615 956;10;0;1;4;20;1
202300036446;155 615 952;7;0;0;4;2;1
202300036446;155 615 953;7;0;2;1;2;1
202300036447;155 615 950;7;0;2;1;1;1
202300036447;155 615 951;7;0;2;7;19;1
202300036448;155 615 948;21;0;0;0;21;1
202300036448;155 615 949;33;0;2;8;21;1
202300036449;155 615 946;1;0;2;1;15;5
202300036449;155 615 947;7;0;2;2;1;1
202300036450;155 615 945;43;13;0;1;1;1
202300036451;155 615 943;10;0;0;4;23;1
202300036451;155 615 944;33;1;0;1;26;1
202300036452;155 615 942;14;0;1;4;4;1
202300036453;155 615 941;33;0;0;0;1;1
202300036454;155 615 939;33;0;2;8;17;1
202300036454;155 615 940;7;0;2;7;17;1
202300036455;155 615 938;7;8;0;3;26;1
202300036456;155 615 936;7;0;2;3;1;1
202300036456;155 615 937;7;0;2;3;1;1
202300036457;155 615 934;33;0;2;1;1;1
202300036457;155 615 935;7;0;2;3;19;1
202300036458;155 615 932;33;13;2;8;1;1
202300036458;155 615 933;7;0;2;7;15;1
202300036459;155 615 930;33;0;2;1;1;1
202300036459;155 615 931;7;0;2;3;15;1
202300036460;155 615 929;7;2;0;1;1;1
202300036461;155 615 927;33;0;2;2;17;1
202300036461;155 615 928;7;0;2;3;1;0
202300036462;155 615 925;7;0;2;2;16;1
202300036462;155 615 926;33;0;2;6;1;1
202300036463;155 615 923;10;0;2;1;1;1
202300036463;155 615 924;15;0;0;4;1;1
202300036464;155 615 921;36;0;2;3;13;1
202300036464;155 615 922;10;0;2;3;1;1
202300036465;155 615 919;2;0;2;1;1;1
202300036465;155 615 920;7;0;2;6;10;1
202300036466;155 615 917;7;0;2;1;2;1
202300036466;155 615 918;10;0;0;4;1;1
202300036467;155 615 916;33;13;0;8;17;1
202300036468;155 615 914;7;0;2;2;1;0
202300036468;155 615 915;7;0;2;3;16;0
202300036469;155 615 912;33;0;2;1;1;1
202300036469;155 615 913;7;0;2;3;15;1
202300036470;155 615 910;7;3;2;1;2;1
202300036470;155 615 911;7;0;2;6;2;1
202300036471;155 615 908;31;0;2;8;1;1
202300036471;155 615 909;33;0;0;7;23;1
202300036472;155 615 906;7;0;2;3;9;1
202300036472;155 615 907;33;0;2;2;1;1
202300036473;155 615 905;33;16;0;9;0;1
202300036474;155 615 903;33;0;2;1;5;1