Num_Acc;id_vehicule;catv;obs;obsm;choc;manv;motor
202300036474;155 615 904;7;0;2;3;1;0
202300036475;155 615 901;7;0;2;4;2;1
202300036475;155 615 902;33;0;2;1;2;1
202300036476;155 615 900;10;3;0;1;13;1
202300036477;155 615 898;1;0;2;8;1;5
202300036477;155 615 899;7;0;2;1;1;3
202300036478;155 615 897;7;17;0;1;1;1
202300036479;155 615 895;7;0;2;3;13;1
202300036479;155 615 896;7;0;2;3;1;1
202300036480;155 615 893;7;0;2;1;13;1
202300036480;155 615 894;7;0;0;1;23;1
202300036481;155 615 892;7;6;0;1;13;1
202300036482;155 615 891;1;0;0;0;1;5
202300036483;155 615 890;7;0;0;0;1;1
202300036484;155 615 889;35;8;0;1;16;1
202300036485;155 615 888;2;7;0;0;1;0
202300036486;155 615 886;10;0;2;5;1;1
202300036486;155 615 887;34;0;2;5;1;1
202300036487;155 615 884;7;0;2;2;1;1
202300036487;155 615 885;34;0;2;8;18;1
202300036488;155 615 880;7;0;2;4;1;1
202300036488;155 615 881;7;0;2;4;1;0
202300036488;155 615 882;7;0;2;4;1;1
202300036488;155 615 883;7;0;2;1;1;0
202300036489;155 615 878;7;0;2;6;1;1
202300036489;155 615 879;7;0;2;0;0;1
202300036490;155 615 877;7;4;0;0;1;1
202300036491;155 615 876;7;3;0;0;1;1
202300036492;155 615 874;7;0;2;1;1;1
202300036492;155 615 875;7;0;2;4;1;0
202300036493;155 615 872;20;0;2;1;2;1
202300036493;155 615 873;7;0;2;4;2;1
202300036494;155 615 870;0;0;2;2;14;0
202300036494;155 615 871;43;0;2;3;3;1
202300036495;155 615 868;7;0;2;2;0;1
202300036495;155 615 869;7;0;2;6;23;1
202300036496;155 615 864;10;0;2;6;1;1
202300036496;155 615 865;7;0;2;8;12;2
202300036496;155 615 866;10;0;2;4;1;1
202300036496;155 615 867;33;0;2;7;3;1
202300036497;155 615 863;30;8;0;1;1;1
202300036498;155 615 861;33;0;2;1;1;1
202300036498;155 615 862;7;0;2;8;9;2
202300036499;155 615 859;7;0;2;1;1;1
202300036499;155 615 860;2;0;2;3;1;1
202300036500;155 615 857;37;0;2;3;1;1
202300036500;155 615 858;10;0;2;2;16;1
202300036501;155 615 856;30;6;0;1;14;1
202300036502;155 615 854;10;1;2;1;2;1
202300036502;155 615 855;7;1;2;4;2;1
202300036503;155 615 853;33;12;2;0;1;1
202300036504;155 615 851;7;0;2;8;0;1
202300036504;155 615 852;7;0;2;3;1;1
202300036505;155 615 849;2;0;2;8;1;1
202300036505;155 615 850;7;0;9;1;15;1
202300036506;155 615 847;33;0;2;1;1;1
202300036506;155 615 848;30;0;2;1;13;1
202300036507;155 615 846;2;14;9;0;13;1
202300036508;155 615 844;7;0;2;3;14;1
202300036508;155 615 845;99;0;2;3;2;0
202300036509;155 615 842;7;0;2;8;0;1
202300036509;155 615 843;2;0;2;8;15;1
202300036510;155 615 840;1;0;0;0;0;5
202300036510;155 615 841;7;0;0;0;1;0
202300036511;155 615 838;7;0;0;5;16;1
202300036511;155 615 839;31;0;2;1;2;1
202300036512;155 615 837;7;4;0;1;1;1
202300036513;155 615 833;7;0;2;4;2;1
202300036513;155 615 834;7;0;2;4;2;1
202300036513;155 615 835;7;0;2;4;2;1
202300036513;155 615 836;7;0;2;1;2;0
202300036514;155 615 832;7;6;0;1;9;1
202300036515;155 615 831;7;6;0;1;16;1
202300036516;155 615 830;7;0;1;2;1;1
202300036517;155 615 828;7;0;9;3;26;0
202300036517;155 615 829;50;0;2;1;19;3
202300036518;155 615 826;43;0;2;1;21;1
202300036518;155 615 827;7;0;9;4;23;1
202300036519;155 615 824;7;0;2;4;1;1
202300036519;155 615 825;7;0;2;4;16;1
202300036520;155 615 822;1;0;2;2;26;5
202300036520;155 615 823;10;0;9;2;26;1
202300036521;155 615 820;7;0;2;2;1;1
202300036521;155 615 821;7;0;2;2;1;1
202300036522;155 615 819;7;0;1;1;2;1
202300036523;155 615 818;7;0;1;1;15;1
202300036524;155 615 816;7;0;2;1;1;1
202300036524;155 615 817;7;0;2;4;1;1
202300036525;155 615 815;7;0;1;2;16;1
202300036526;155 615 813;33;0;2;1;26;1
202300036526;155 615 814;7;0;2;4;26;1
202300036527;155 615 812;7;8;0;2;14;1
202300036528;155 615 811;50;0;0;8;0;3
202300036529;155 615 809;7;0;2;3;14;1
202300036529;155 615 810;7;0;2;8;23;1
202300036530;155 615 808;17;0;1;1;1;1
202300036531;155 615 806;33;0;2;1;17;1
202300036531;155 615 807;7;0;2;3;15;1
202300036532;155 615 804;7;0;0;1;1;0
202300036532;155 615 805;99;0;2;1;15;0
202300036533;155 615 803;7;0;1;1;1;1
202300036534;155 615 801;7;0;2;5;1;1
202300036534;155 615 802;7;0;2;1;15;1
202300036535;155 615 799;7;0;2;1;1;1
202300036535;155 615 800;50;0;2;3;19;3
202300036536;155 615 798;7;0;1;2;1;1
202300036537;155 615 796;7;0;2;2;15;1
202300036537;155 615 797;1;0;2;1;1;5
202300036538;155 615 795;10;1;2;0;0;1
202300036539;155 615 794;10;0;1;2;2;1
202300036540;155 615 792;1;0;2;0;0;5
202300036540;155 615 793;13;0;2;7;0;0
202300036541;155 615 791;2;11;0;1;1;1
202300036542;155 615 790;33;14;0;8;1;1
202300036543;155 615 788;50;0;2;8;19;3
202300036543;155 615 789;7;0;2;1;16;1
202300036544;155 615 786;7;0;2;3;15;1
202300036544;155 615 787;32;0;2;1;1;1
202300036545;155 615 784;15;13;2;0;14;1
202300036545;155 615 785;7;13;2;0;21;1
202300036546;155 615 782;7;0;2;1;2;1
202300036546;155 615 783;33;0;2;4;1;1
202300036547;155 615 781;50;0;0;0;1;3
202300036548;155 615 780;7;9;0;1;0;1
202300036549;155 615 778;30;0;2;1;1;0
202300036549;155 615 779;7;0;2;3;15;1
202300036550;155 615 774;7;0;2;2;2;1
202300036550;155 615 776;43;0;2;1;2;1
202300036550;155 615 777;7;0;2;4;2;1
202300036551;155 615 773;32;0;2;1;1;1
202300036551;155 615 775;10;0;2;1;15;1
202300036552;155 615 771;7;0;2;1;2;1
202300036552;155 615 772;7;0;0;4;1;3
202300036553;155 615 769;7;0;2;3;15;1
202300036553;155 615 770;33;0;2;3;1;1
202300036554;155 615 767;7;0;2;2;12;1
202300036554;155 615 768;31;0;2;3;3;1
202300036555;155 615 765;30;0;2;0;1;1
202300036555;155 615 766;0;0;0;0;13;0
202300036556;155 615 763;33;0;2;1;3;1
202300036556;155 615 764;7;0;2;6;11;0
202300036557;155 615 761;38;0;9;1;1;1
202300036557;155 615 762;50;0;2;4;11;3
202300036558;155 615 758;7;0;2;5;23;1
202300036558;155 615 760;10;0;2;3;14;1
202300036559;155 615 757;2;0;2;1;1;1
202300036559;155 615 759;7;0;2;3;15;1
202300036560;155 615 756;50;0;1;1;1;3
202300036561;155 615 754;31;0;2;4;17;1
202300036561;155 615 755;7;0;2;1;15;1
202300036562;155 615 752;60;0;2;1;19;5
202300036562;155 615 753;50;0;2;7;9;3
202300036563;155 615 750;7;0;0;1;5;1
202300036563;155 615 751;33;0;0;1;1;1
202300036564;155 615 749;10;0;1;2;21;3
202300036565;155 615 745;7;0;2;3;1;1
202300036565;155 615 748;7;0;2;3;13;1
202300036566;155 615 746;1;0;2;1;5;5
202300036566;155 615 747;10;0;2;3;1;1
202300036567;155 615 742;7;0;2;1;2;1
202300036567;155 615 744;31;0;0;4;1;1
202300036568;155 615 739;10;0;2;8;15;1
202300036568;155 615 740;2;0;2;1;17;1
202300036569;155 615 741;7;0;2;1;13;1
202300036569;155 615 743;7;0;2;1;1;1
202300036570;155 615 737;37;1;0;1;1;1
202300036570;155 615 738;37;0;0;4;23;1
202300036571;155 615 735;7;0;2;1;15;6
202300036571;155 615 736;7;0;2;1;1;6
202300036572;155 615 733;7;0;2;2;1;1
202300036572;155 615 734;1;0;2;4;1;5
202300036573;155 615 732;50;0;0;1;2;3
202300036574;155 615 730;50;0;2;1;1;3
202300036574;155 615 731;7;0;2;3;1;1
202300036575;155 615 728;30;0;2;1;1;1
202300036575;155 615 729;7;0;2;2;1;1
202300036576;155 615 727;7;0;1;2;16;2
202300036577;155 615 725;30;0;1;8;18;1
202300036578;155 615 724;7;0;2;2;14;1
202300036578;155 615 726;7;0;2;6;1;2
202300036579;155 615 721;2;0;2;2;1;1
202300036579;155 615 723;10;0;2;3;1;1
202300036580;155 615 720;7;0;2;6;11;1
202300036580;155 615 722;33;0;2;7;2;1
202300036581;155 615 718;7;0;0;2;15;2
202300036581;155 615 719;2;0;0;1;1;1
202300036582;155 615 717;7;0;1;1;1;1
202300036583;155 615 712;33;0;2;2;1;1
202300036583;155 615 714;37;0;2;1;23;3
202300036583;155 615 716;7;0;2;3;13;0
202300036584;155 615 713;7;0;2;1;1;1
202300036584;155 615 715;1;0;2;1;5;5
202300036585;155 615 709;1;0;2;7;19;5
202300036585;155 615 711;7;0;2;1;19;0
202300036586;155 615 710;32;1;0;1;14;1
202300036587;155 615 706;7;0;2;1;1;2
202300036587;155 615 708;10;0;2;5;23;1
202300036588;155 615 707;32;0;1;2;1;1
202300036589;155 615 703;7;0;2;3;1;2
202300036589;155 615 705;1;0;2;2;1;5
202300036590;155 615 702;2;0;2;7;1;1
202300036590;155 615 704;7;0;2;1;1;1
202300036591;155 615 700;7;0;2;2;10;1
202300036591;155 615 701;7;0;2;1;1;2
202300036592;155 615 698;7;12;0;1;15;1
202300036593;155 615 697;7;0;2;4;11;3
202300036593;155 615 699;32;0;2;2;17;1
202300036594;155 615 694;7;14;0;4;23;1
202300036594;155 615 696;7;0;2;1;0;0
202300036595;155 615 695;7;0;1;4;4;1
202300036596;155 615 691;80;0;2;4;15;3
202300036596;155 615 692;7;0;2;1;1;2
202300036597;155 615 690;50;0;1;1;1;3
202300036598;155 615 688;43;8;0;2;14;1
202300036599;155 615 687;33;0;2;3;1;3
202300036599;155 615 689;7;0;2;2;14;3
202300036600;155 615 686;10;0;1;8;0;0
202300036601;155 615 685;7;10;0;3;18;1
202300036602;155 615 683;30;0;2;8;1;3
202300036602;155 615 684;7;0;2;1;15;1
202300036603;155 615 681;7;6;0;2;1;1
202300036604;155 615 682;7;2;0;1;13;1
202300036605;155 615 680;7;0;1;3;15;1
202300036606;155 615 679;7;1;0;2;18;1
202300036607;155 615 678;32;0;1;1;17;1
202300036608;155 615 677;43;0;2;2;14;1
202300036609;155 615 676;7;0;1;3;1;1
202300036610;155 615 671;7;0;2;1;1;0
202300036610;155 615 673;7;0;2;4;1;0
202300036610;155 615 674;7;0;2;4;1;0
202300036611;155 615 672;7;0;2;8;22;2
202300036611;155 615 675;1;1;0;1;1;5
202300036612;155 615 669;14;0;2;1;19;1
202300036612;155 615 670;7;0;2;8;19;1
202300036613;155 615 667;7;0;2;2;1;1
202300036613;155 615 668;32;0;2;6;18;1
202300036614;155 615 665;7;0;2;3;1;1
202300036614;155 615 666;50;0;2;1;15;3
202300036615;155 615 663;1;0;2;4;2;5
202300036615;155 615 664;1;0;2;1;2;5
202300036616;155 615 661;1;0;2;7;1;5
202300036616;155 615 662;10;0;2;1;1;1
202300036617;155 615 659;7;0;2;3;15;1
202300036617;155 615 660;1;0;2;3;19;5
202300036618;155 615 657;33;0;2;2;17;1
202300036618;155 615 658;10;0;2;3;15;1
202300036619;155 615 655;14;-1;0;0;9;1
202300036620;155 615 654;7;0;2;3;15;1
202300036620;155 615 656;30;0;2;1;1;1
202300036621;155 615 651;1;0;2;3;1;5
202300036621;155 615 653;7;0;2;2;10;4
202300036622;155 615 650;10;0;0;0;9;1
202300036622;155 615 652;32;0;2;8;1;1
202300036623;155 615 649;7;0;1;2;26;1
202300036624;155 615 648;7;14;0;1;1;1
202300036625;155 615 645;7;0;1;2;16;2
202300036626;155 615 644;7;0;2;4;0;1
202300036626;155 615 646;7;0;2;1;0;1
202300036626;155 615 647;33;0;2;1;0;1
202300036627;155 615 642;10;0;1;1;1;1
202300036628;155 615 641;7;0;2;1;5;1
202300036628;155 615 643;21;0;2;3;1;1
202300036629;155 615 640;17;3;0;2;2;1
202300036630;155 615 638;33;0;2;1;2;1
202300036630;155 615 639;7;0;2;6;11;1
202300036631;155 615 636;7;0;2;2;19;1
202300036631;155 615 637;7;0;2;3;1;1
202300036632;155 615 630;7;0;2;2;2;1
202300036632;155 615 632;7;0;2;6;1;1
202300036632;155 615 633;7;0;0;8;1;1
202300036633;155 615 628;10;4;0;8;6;1
202300036634;155 615 626;20;0;2;3;13;0
202300036634;155 615 627;7;0;2;3;14;0
202300036635;155 615 623;7;0;2;3;1;0
202300036635;155 615 624;7;0;2;1;1;0
202300036636;155 615 622;7;0;2;6;16;1
202300036636;155 615 625;32;1;0;2;16;1
202300036637;155 615 620;7;0;2;2;1;0
202300036637;155 615 621;2;0;0;4;1;1
202300036638;155 615 619;10;2;0;2;14;1
202300036639;155 615 618;7;15;0;2;1;1
202300036640;155 615 617;7;6;0;2;1;1
202300036641;155 615 616;10;0;1;3;1;3
202300036642;155 615 614;7;0;2;7;6;1
202300036642;155 615 615;10;0;2;1;1;1
202300036643;155 615 612;10;0;2;1;1;1
202300036643;155 615 613;10;0;2;1;1;1
202300036644;155 615 610;7;0;2;2;15;1
202300036644;155 615 611;2;0;2;3;2;1
202300036645;155 615 608;31;0;2;1;1;1
202300036645;155 615 609;7;0;2;2;17;1
202300036646;155 615 605;7;0;2;2;1;1
202300036646;155 615 606;7;0;2;8;1;1
202300036646;155 615 607;7;0;2;3;13;1
202300036647;155 615 603;7;0;2;3;1;1
202300036647;155 615 604;7;0;2;3;13;1
202300036648;155 615 601;7;0;2;4;2;1
202300036648;155 615 602;10;0;2;1;2;1
202300036649;155 615 600;7;10;0;1;19;1
202300036650;155 615 598;7;0;2;1;13;0
202300036650;155 615 599;7;0;2;1;0;0
202300036651;155 615 596;7;0;2;1;5;1
202300036651;155 615 597;7;0;2;1;1;1
202300036652;155 615 595;7;0;1;2;1;1
202300036653;155 615 594;10;9;1;2;1;1
202300036654;155 615 593;7;13;0;0;16;1
202300036655;155 615 592;7;0;0;9;17;1
202300036656;155 615 590;3;0;2;4;1;1
202300036656;155 615 591;7;0;2;1;2;1
202300036657;155 615 588;2;0;0;1;13;1
202300036657;155 615 589;2;0;0;1;26;1
202300036658;155 615 586;7;0;2;3;26;0
202300036658;155 615 587;33;0;0;7;1;1
202300036659;155 615 585;7;0;1;2;1;1
202300036660;155 615 583;7;3;2;2;2;1
202300036660;155 615 584;7;3;0;4;1;1
202300036661;155 615 582;38;0;1;2;16;1
202300036662;155 615 580;7;0;1;1;16;1
202300036663;155 615 578;7;0;2;2;1;0
202300036663;155 615 579;1;0;2;0;1;5
202300036664;155 615 577;33;0;0;1;0;1
202300036665;155 615 575;7;0;2;1;15;1
202300036665;155 615 576;80;0;2;7;0;3
202300036666;155 615 573;17;0;2;8;1;1
202300036666;155 615 574;14;0;2;1;1;1
202300036667;155 615 571;2;0;0;6;19;3
202300036667;155 615 572;33;0;2;1;1;1
202300036668;155 615 569;7;0;0;3;13;1
202300036668;155 615 570;17;0;2;3;1;1
202300036669;155 615 568;7;0;1;2;2;1
202300036670;155 615 566;7;0;0;1;1;1
202300036670;155 615 567;7;0;0;0;15;0
202300036671;155 615 565;7;5;0;2;26;1
202300036672;155 615 562;7;0;1;3;1;2
202300036673;155 615 561;7;2;0;1;0;0
202300036674;155 615 559;7;0;2;1;19;0
202300036674;155 615 560;7;0;2;8;1;0
202300036675;155 615 557;33;0;2;1;17;1
202300036675;155 615 558;16;0;0;6;1;1
202300036676;155 615 555;7;0;2;1;1;1
202300036676;155 615 556;7;0;0;8;26;1
202300036677;155 615 553;7;0;2;4;1;1
202300036677;155 615 554;7;0;2;1;1;1
202300036678;155 615 551;7;0;2;1;1;1
202300036678;155 615 552;7;0;2;4;23;1
202300036679;155 615 550;7;15;0;0;0;1
202300036680;155 615 548;7;0;2;1;1;3
202300036680;155 615 549;7;0;2;1;13;1
202300036681;155 615 546;17;0;2;4;1;1
202300036681;155 615 547;7;0;2;1;1;1
202300036682;155 615 545;10;4;0;1;1;1
202300036683;155 615 543;7;3;2;7;0;1
202300036683;155 615 544;14;0;2;0;12;0
202300036684;155 615 542;32;0;0;1;21;1
202300036685;155 615 540;10;0;9;2;1;1
202300036685;155 615 541;7;0;0;0;2;0
202300036686;155 615 538;15;0;2;1;2;1
202300036686;155 615 539;7;0;2;4;2;1
202300036687;155 615 534;34;0;2;5;0;1
202300036687;155 615 535;33;0;2;5;0;1
202300036687;155 615 536;7;0;2;0;0;3
202300036687;155 615 537;33;0;2;1;0;1
202300036688;155 615 532;7;0;2;2;1;1
202300036688;155 615 533;7;4;2;3;1;1
202300036689;155 615 531;7;0;1;2;1;1
202300036690;155 615 530;37;0;1;1;23;1
202300036691;155 615 529;0;0;1;0;16;0
202300036692;155 615 526;34;12;0;0;1;1
202300036693;155 615 525;34;12;0;1;26;1
202300036694;155 615 523;7;0;2;3;19;1
202300036694;155 615 524;33;0;2;1;17;1
202300036695;155 615 521;7;0;2;7;14;1
202300036695;155 615 522;1;0;2;8;2;5
202300036696;155 615 520;7;0;1;1;1;1
202300036697;155 615 519;1;0;1;0;1;5
202300036698;155 615 517;7;0;2;1;1;1
202300036698;155 615 518;30;0;2;7;1;1
202300036699;155 615 514;7;0;2;1;2;1
202300036699;155 615 515;7;0;2;4;1;1
202300036699;155 615 516;7;0;2;4;1;3
202300036700;155 615 512;7;0;2;1;15;1
202300036700;155 615 513;50;0;2;8;1;3
202300036701;155 615 510;1;0;2;1;1;5
202300036701;155 615 511;7;0;2;1;15;1
202300036702;155 615 508;2;0;2;1;2;1
202300036702;155 615 509;10;16;0;5;2;1
202300036703;155 615 504;30;0;2;1;1;1
202300036703;155 615 505;7;0;9;6;2;1
202300036704;155 615 502;7;0;2;3;1;0
202300036704;155 615 503;32;0;2;1;17;0
202300036705;155 615 501;7;0;0;0;0;1
202300036706;155 615 498;33;0;2;1;17;1
202300036706;155 615 499;1;0;2;3;0;5
202300036706;155 615 500;7;0;2;1;1;1
202300036707;155 615 496;7;0;2;3;1;1
202300036707;155 615 497;7;0;2;1;1;1
202300036708;155 615 494;7;0;2;2;16;1
202300036708;155 615 495;1;0;2;8;19;5
202300036709;155 615 493;7;2;0;1;1;1
202300036710;155 615 491;10;0;2;2;7;1
202300036710;155 615 492;7;0;2;8;15;1
202300036711;155 615 486;7;0;2;4;17;1
202300036711;155 615 487;7;0;2;2;2;1
202300036711;155 615 488;7;0;2;1;2;1
202300036711;155 615 489;7;0;2;2;2;1
202300036711;155 615 490;7;0;2;3;2;1
202300036712;155 615 484;7;0;2;3;0;6
202300036712;155 615 485;7;0;2;3;0;6
202300036713;155 615 483;10;0;1;2;25;1
202300036714;155 615 481;34;0;2;1;17;1
202300036714;155 615 482;7;0;2;4;2;1
202300036715;155 615 479;7;0;2;7;26;1
202300036715;155 615 480;80;0;2;3;2;3
202300036716;155 615 478;7;0;1;8;17;6
202300036717;155 615 477;50;0;0;0;1;3
202300036718;155 615 475;30;0;2;1;13;1
202300036718;155 615 476;7;0;2;3;1;1
202300036719;155 615 473;7;0;2;2;15;1
202300036719;155 615 474;7;0;2;3;1;0
202300036720;155 615 472;7;0;1;1;26;1
202300036721;155 615 470;7;0;2;4;23;1
202300036721;155 615 471;10;0;2;1;2;1
202300036722;155 615 468;17;0;2;2;1;1
202300036722;155 615 469;7;0;2;8;1;1
202300036723;155 615 467;7;0;1;2;1;1
202300036724;155 615 466;7;1;0;1;14;1
202300036725;155 615 465;7;0;1;1;1;1
202300036726;155 615 462;10;11;2;1;1;1
202300036726;155 615 463;33;11;2;0;3;1
202300036726;155 615 464;10;11;2;6;23;1
202300036727;155 615 458;7;0;1;1;1;1
202300036728;155 615 456;50;0;2;7;1;3
202300036728;155 615 457;10;0;2;2;16;1
202300036729;155 615 454;7;0;2;7;15;1
202300036729;155 615 455;30;0;2;1;1;1
202300036730;155 615 453;7;0;1;3;1;1
202300036731;155 615 452;7;0;1;1;0;1
202300036732;155 615 450;7;0;2;2;15;1
202300036732;155 615 451;7;0;2;1;1;1
202300036733;155 615 447;10;0;2;1;1;0
202300036733;155 615 448;10;0;2;4;1;0
202300036733;155 615 449;10;0;2;4;1;0
202300036734;155 615 446;7;4;1;2;26;1
202300036735;155 615 445;10;13;0;1;0;1
202300036736;155 615 443;7;0;2;7;15;1
202300036736;155 615 444;7;0;2;2;1;1
202300036737;155 615 442;7;0;2;6;13;1
202300036738;155 615 439;7;0;1;2;2;1
202300036739;155 615 437;7;0;2;1;15;1
202300036739;155 615 438;1;0;2;0;1;5
202300036740;155 615 435;7;0;2;2;9;2
202300036740;155 615 436;7;0;2;5;0;1
202300036741;155 615 434;7;0;1;1;16;1
202300036742;155 615 433;33;0;0;0;1;1
202300036743;155 615 432;7;0;1;2;0;6
202300036744;155 615 431;10;0;1;3;15;1
202300036745;155 615 429;7;0;2;8;15;1
202300036745;155 615 430;7;0;2;1;1;1
202300036746;155 615 427;31;0;2;1;2;1
202300036746;155 615 428;7;0;2;4;2;1
202300036747;155 615 426;7;0;1;3;1;1
202300036748;155 615 424;7;0;2;2;24;1
202300036748;155 615 425;32;0;0;0;0;1
202300036749;155 615 422;7;0;2;4;23;1
202300036749;155 615 423;7;0;2;1;2;1
202300036750;155 615 421;32;0;1;1;25;0
202300036751;155 615 420;7;0;1;1;1;1
202300036752;155 615 418;7;0;2;2;15;1
202300036752;155 615 419;30;0;2;1;1;1
202300036753;155 615 416;7;0;2;8;9;1
202300036753;155 615 417;1;0;2;1;1;5
202300036754;155 615 414;1;0;2;1;21;5
202300036754;155 615 415;7;0;2;4;23;2
202300036755;155 615 412;1;0;2;7;1;5
202300036755;155 615 413;7;0;9;1;1;1
202300036756;155 615 411;37;0;1;2;16;1
202300036757;155 615 410;7;0;1;3;21;1
202300036758;155 615 409;7;0;1;1;1;1
202300036759;155 615 407;7;0;2;0;0;0
202300036759;155 615 408;30;0;2;2;21;1
202300036760;155 615 404;7;0;2;1;2;1
202300036760;155 615 405;7;0;2;4;2;1
202300036760;155 615 406;7;0;2;8;1;1
202300036761;155 615 402;7;0;2;1;1;1
202300036761;155 615 403;1;0;2;8;0;5
202300036762;155 615 400;7;0;2;3;9;0
202300036762;155 615 401;7;16;2;1;5;0
202300036763;155 615 398;7;0;2;1;2;1
202300036763;155 615 399;7;6;2;4;16;1
202300036764;155 615 396;10;0;2;6;11;1
202300036764;155 615 397;33;0;2;1;17;1
202300036765;155 615 394;7;0;2;3;0;1
202300036765;155 615 395;2;0;2;1;15;1
202300036766;155 615 392;7;0;2;3;1;1
202300036766;155 615 393;7;0;2;1;15;1
202300036767;155 615 390;7;0;2;1;1;1
202300036767;155 615 391;7;0;2;1;1;1
202300036768;155 615 388;7;0;2;2;15;1
202300036768;155 615 389;43;0;2;1;1;1
202300036769;155 615 386;30;0;2;3;11;1
202300036769;155 615 387;37;0;2;1;7;4
202300036770;155 615 385;50;0;1;8;5;3
202300036771;155 615 384;7;0;1;2;1;1
202300036772;155 615 383;50;0;1;7;1;3
202300036773;155 615 379;7;0;2;4;23;2
202300036773;155 615 380;7;0;2;4;23;2
202300036773;155 615 381;7;0;2;1;1;1
202300036773;155 615 382;7;0;2;4;23;1
202300036774;155 615 377;7;0;2;3;13;1
202300036774;155 615 378;10;0;2;3;1;1
202300036775;155 615 376;1;0;1;2;1;5
202300036776;155 615 375;2;0;1;1;1;3
202300036777;155 615 373;7;0;2;2;1;1
202300036777;155 615 374;7;0;2;3;1;1
202300036778;155 615 371;7;0;2;1;2;1
202300036778;155 615 372;10;0;2;3;16;0
202300036779;155 615 369;7;0;2;1;2;0
202300036779;155 615 370;32;0;2;4;23;1
202300036780;155 615 368;7;0;1;3;15;1
202300036781;155 615 367;7;0;1;3;15;1
202300036782;155 615 365;17;0;2;8;1;1
202300036782;155 615 366;10;8;2;2;15;1
202300036783;155 615 363;50;0;2;1;25;3
202300036783;155 615 364;7;0;2;3;26;1
202300036784;155 615 361;7;0;2;6;13;1
202300036784;155 615 362;14;0;2;2;1;1
202300036785;155 615 359;32;0;2;3;1;1
202300036785;155 615 360;32;0;2;1;15;1
202300036786;155 615 357;7;0;2;2;15;1
202300036786;155 615 358;7;0;2;3;2;1
202300036787;155 615 356;33;0;1;1;1;1
202300036788;155 615 354;7;1;0;1;26;1
202300036788;155 615 355;7;0;2;1;26;1
202300036789;155 615 352;50;0;2;1;19;3
202300036789;155 615 353;7;0;2;3;19;3
202300036790;155 615 350;7;0;2;2;23;6
202300036790;155 615 351;32;1;2;8;18;6
202300036791;155 615 349;7;1;0;2;14;1
202300036792;155 615 347;7;0;0;3;11;0
202300036792;155 615 348;2;0;0;3;1;1
202300036793;155 615 345;10;1;0;1;15;1
202300036793;155 615 346;7;1;0;2;1;0
202300036794;155 615 343;7;0;2;3;2;1
202300036794;155 615 344;50;0;2;1;17;3
202300036795;155 615 341;31;0;0;0;21;1
202300036795;155 615 342;3;0;0;3;24;1
202300036796;155 615 340;7;0;1;2;7;1
202300036797;155 615 338;50;0;2;1;25;3
202300036797;155 615 339;2;0;2;1;25;0
202300036798;155 615 337;7;0;1;3;1;0
202300036799;155 615 335;1;0;0;0;1;5
202300036799;155 615 336;30;0;2;0;21;1
202300036800;155 615 334;7;0;1;2;1;1
202300036801;155 615 333;7;0;1;2;1;2
202300036802;155 615 332;30;0;0;2;1;1
202300036803;155 615 331;33;9;0;1;21;1
202300036804;155 615 329;37;0;9;2;26;1
202300036804;155 615 330;50;0;2;1;5;3
202300036805;155 615 327;7;0;2;1;11;1
202300036805;155 615 328;7;0;2;4;1;1
202300036806;155 615 326;7;14;0;3;1;1
202300036807;155 615 325;7;15;0;1;1;1
202300036808;155 615 324;33;0;2;2;11;1
202300036809;155 615 322;7;0;2;2;1;0
202300036809;155 615 323;15;0;2;3;13;0
202300036810;155 615 321;7;13;0;2;0;1
202300036811;155 615 316;7;0;2;1;26;1
202300036811;155 615 317;7;0;2;4;26;1
202300036811;155 615 318;7;0;2;4;26;1
202300036811;155 615 319;7;0;2;3;26;1
202300036811;155 615 320;7;0;2;4;26;1
202300036812;155 615 315;7;5;0;7;14;1
202300036813;155 615 311;7;0;2;6;2;1
202300036813;155 615 312;7;0;2;1;21;1
202300036813;155 615 313;10;0;2;1;2;1
202300036813;155 615 314;7;0;2;4;1;1
202300036814;155 615 309;7;0;2;4;2;1
202300036814;155 615 310;10;0;2;1;2;1
202300036815;155 615 307;7;0;2;5;23;1
202300036815;155 615 308;33;0;2;1;3;1
202300036816;155 615 305;7;0;2;0;0;1
202300036816;155 615 306;7;0;2;1;26;1
202300036817;155 615 302;7;0;2;8;1;1
202300036817;155 615 303;7;0;2;6;13;1
202300036817;155 615 304;43;0;2;1;12;1
202300036818;155 615 300;7;0;2;4;2;1
202300036818;155 615 301;7;0;2;1;2;1
202300036819;155 615 298;7;0;2;7;1;1
202300036819;155 615 299;33;0;2;3;3;1
202300036820;155 615 296;33;0;2;1;1;1
202300036820;155 615 297;7;0;2;0;11;1
202300036821;155 615 293;7;0;2;1;0;2
202300036821;155 615 294;7;0;2;1;2;1
202300036821;155 615 295;7;0;2;4;2;3
202300036822;155 615 291;34;0;2;7;2;1
202300036822;155 615 292;7;0;2;2;9;1
202300036823;155 615 289;14;0;2;1;1;1
202300036823;155 615 290;7;0;2;4;1;1
202300036824;155 615 287;10;0;2;1;1;0
202300036824;155 615 288;7;0;0;4;1;1
202300036825;155 615 285;7;0;2;4;0;1