Num_Acc;id_vehicule;catv;obs;obsm;choc;manv;motor
202300038586;155 612 164;7;17;0;3;13;1
202300038587;155 612 162;34;0;2;1;1;1
202300038587;155 612 163;1;0;2;2;19;5
202300038588;155 612 160;7;0;2;3;13;0
202300038588;155 612 161;10;0;2;3;1;1
202300038589;155 612 159;7;0;1;1;1;0
202300038590;155 612 154;7;0;2;1;1;1
202300038590;155 612 156;7;0;2;1;1;1
202300038590;155 612 158;7;0;2;3;1;1
202300038591;155 612 152;7;0;1;2;2;2
202300038592;155 612 151;31;0;2;1;1;6
202300038592;155 612 153;10;0;2;7;15;6
202300038593;155 612 149;10;0;1;4;23;1
202300038594;155 612 148;7;0;2;7;1;2
202300038594;155 612 150;7;0;2;1;9;0
202300038595;155 612 147;7;0;0;2;0;0
202300038596;155 612 144;33;0;2;1;1;1
202300038596;155 612 145;10;0;2;5;15;1
202300038597;155 612 146;7;0;1;3;1;3
202300038598;155 612 142;7;0;1;3;1;1
202300038599;155 612 141;7;0;2;3;15;1
202300038599;155 612 143;32;0;2;5;1;1
202300038600;155 612 139;33;0;0;8;1;1
202300038600;155 612 140;7;0;2;3;9;1
202300038601;155 612 137;1;0;2;0;0;5
202300038601;155 612 138;7;0;2;5;15;1
202300038602;155 612 135;10;0;2;4;2;1
202300038602;155 612 136;7;0;2;1;2;1
202300038603;155 612 133;7;4;0;1;13;1
202300038604;155 612 132;7;0;2;1;0;3
202300038604;155 612 134;7;0;2;2;15;1
202300038605;155 612 130;7;0;2;1;1;1
202300038605;155 612 131;7;0;2;4;1;1
202300038606;155 612 129;10;0;1;2;16;1
202300038607;155 612 126;7;0;2;4;1;1
202300038607;155 612 127;15;0;2;4;1;1
202300038607;155 612 128;10;0;2;1;14;1
202300038608;155 612 123;7;0;2;3;1;1
202300038608;155 612 125;7;0;2;1;15;1
202300038609;155 612 122;33;0;2;1;2;1
202300038609;155 612 124;7;0;2;0;0;1
202300038610;155 612 120;7;0;2;7;12;0
202300038610;155 612 121;33;0;2;8;3;1
202300038611;155 612 119;7;13;0;1;1;1
202300038612;155 612 117;7;0;2;5;23;1
202300038612;155 612 118;10;0;2;1;1;1
202300038613;155 612 115;10;0;2;3;15;1
202300038613;155 612 116;7;0;2;3;1;3
202300038614;155 612 114;33;4;0;8;17;1
202300038615;155 612 112;7;2;0;7;1;1
202300038616;155 612 111;34;0;2;1;1;1
202300038616;155 612 113;7;0;0;4;15;2
202300038617;155 612 110;7;8;0;1;1;1
202300038618;155 612 109;7;0;2;5;26;1
202300038619;155 612 108;7;0;1;3;1;1
202300038620;155 612 106;7;0;2;3;1;1
202300038620;155 612 107;15;0;2;8;13;1
202300038621;155 612 105;7;0;0;9;1;1
202300038622;155 612 101;1;0;2;4;1;5
202300038622;155 612 104;7;0;2;2;2;1
202300038623;155 612 102;7;8;2;3;1;1
202300038623;155 612 103;7;0;2;3;1;1
202300038624;155 612 099;32;5;1;0;1;6
202300038625;155 612 098;7;0;2;1;13;1
202300038625;155 612 100;10;0;2;1;1;1
202300038626;155 612 096;7;13;0;1;1;1
202300038627;155 612 094;7;0;2;8;21;1
202300038627;155 612 095;7;0;2;7;21;1
202300038627;155 612 097;7;0;2;1;21;1
202300038628;155 612 091;7;13;0;0;21;1
202300038628;155 612 093;7;0;0;0;0;0
202300038629;155 612 090;7;0;2;6;15;1
202300038629;155 612 092;31;0;2;1;2;1
202300038630;155 612 087;3;0;0;6;2;1
202300038630;155 612 089;7;0;2;2;13;2
202300038631;155 612 086;30;0;2;1;26;1
202300038631;155 612 088;2;0;2;1;5;1
202300038632;155 612 083;7;0;2;1;1;1
202300038632;155 612 085;7;0;2;8;0;1
202300038633;155 612 082;7;0;2;3;0;1
202300038633;155 612 084;50;0;2;3;1;3
202300038634;155 612 079;2;0;2;1;1;1
202300038634;155 612 081;7;0;2;3;1;1
202300038635;155 612 078;10;0;2;1;1;1
202300038635;155 612 080;7;0;2;4;1;1
202300038636;155 612 074;7;0;2;8;1;1
202300038636;155 612 077;7;0;2;1;1;1
202300038637;155 612 069;7;0;2;4;1;1
202300038637;155 612 070;7;0;2;1;2;1
202300038637;155 612 072;7;0;2;4;1;1
202300038637;155 612 073;7;0;2;4;1;1
202300038637;155 612 075;7;0;2;4;1;1
202300038637;155 612 076;7;0;2;4;1;1
202300038638;155 612 068;7;0;9;1;1;1
202300038638;155 612 071;50;0;2;7;1;3
202300038639;155 612 066;7;0;0;9;26;1
202300038640;155 612 065;7;0;2;3;13;1
202300038640;155 612 067;7;0;2;2;1;1
202300038641;155 612 064;10;0;1;1;15;1
202300038642;155 612 062;7;0;2;1;9;1
202300038642;155 612 063;7;0;2;8;1;1
202300038643;155 612 060;33;0;2;1;1;1
202300038643;155 612 061;7;0;2;7;19;1
202300038644;155 612 059;31;17;0;1;13;1
202300038645;155 612 058;7;2;0;3;14;1
202300038646;155 612 057;7;13;0;1;13;1
202300038647;155 612 053;7;4;2;1;5;1
202300038647;155 612 055;7;0;0;0;1;3
202300038647;155 612 056;7;0;2;1;2;1
202300038648;155 612 052;7;13;0;1;14;1
202300038649;155 612 050;7;0;2;1;9;0
202300038649;155 612 051;7;0;2;2;1;0
202300038650;155 612 049;7;0;1;3;15;0
202300038651;155 612 047;7;0;2;2;19;1
202300038651;155 612 048;7;0;2;2;1;0
202300038652;155 612 046;7;13;0;1;1;0
202300038653;155 612 044;7;8;0;0;0;1
202300038654;155 612 041;32;0;2;1;5;1
202300038654;155 612 043;7;0;2;1;24;1
202300038654;155 612 045;7;0;2;1;0;1
202300038655;155 612 040;7;0;2;1;13;1
202300038655;155 612 042;7;0;2;1;1;1
202300038656;155 612 039;7;0;0;0;0;1
202300038657;155 612 037;7;0;2;1;1;1
202300038657;155 612 038;1;0;2;1;1;5
202300038658;155 612 035;7;15;0;3;1;1
202300038659;155 612 036;7;2;0;1;15;1
202300038660;155 612 034;7;13;0;0;1;1
202300038661;155 612 033;7;2;0;1;1;1
202300038662;155 612 031;30;14;0;1;1;1
202300038663;155 612 032;7;0;1;3;15;1
202300038664;155 612 030;33;0;6;1;1;1
202300038665;155 612 029;3;0;1;7;1;3
202300038666;155 612 028;7;13;0;1;1;1
202300038667;155 612 027;30;0;1;4;14;1
202300038668;155 612 023;34;0;2;3;1;1
202300038668;155 612 025;7;0;2;1;1;0
202300038669;155 612 022;7;0;2;2;1;1
202300038669;155 612 024;7;0;2;2;1;1
202300038669;155 612 026;7;3;2;8;13;1
202300038670;155 612 020;7;0;2;3;9;1
202300038670;155 612 021;33;0;2;7;1;1
202300038671;155 612 018;7;0;2;3;1;1
202300038671;155 612 019;7;0;2;3;13;1
202300038672;155 612 016;7;0;0;9;1;1
202300038673;155 612 015;7;0;2;7;1;2
202300038673;155 612 017;7;0;2;1;9;1
202300038674;155 612 012;7;0;2;0;1;1
202300038674;155 612 013;50;0;2;1;19;3
202300038675;155 612 011;7;7;2;1;1;1
202300038675;155 612 014;7;8;2;7;19;1
202300038676;155 612 009;33;0;2;7;1;1
202300038676;155 612 010;7;0;2;6;15;1
202300038677;155 612 008;36;0;0;9;0;1
202300038678;155 612 007;7;0;1;2;1;0
202300038679;155 612 005;7;0;2;1;15;1
202300038679;155 612 006;32;0;0;7;1;1
202300038680;155 612 003;43;0;2;1;1;1
202300038680;155 612 004;7;0;2;1;13;1
202300038681;155 612 001;7;0;2;8;11;1
202300038681;155 612 002;33;0;2;1;1;1
202300038682;155 612 000;7;0;1;1;2;1
202300038683;155 611 998;33;15;0;7;1;1
202300038684;155 611 997;7;1;0;1;1;1
202300038684;155 611 999;15;0;0;4;24;1
202300038685;155 611 996;31;4;0;2;14;1
202300038686;155 611 995;7;13;0;0;1;1
202300038687;155 611 993;7;0;1;1;15;1
202300038688;155 611 992;7;0;2;1;1;1
202300038688;155 611 994;7;0;2;3;15;1
202300038689;155 611 989;10;0;2;1;13;1
202300038689;155 611 990;7;0;2;1;1;1
202300038690;155 611 988;50;0;2;4;16;3
202300038690;155 611 991;7;0;9;1;9;1
202300038691;155 611 986;7;0;2;2;1;1
202300038691;155 611 987;7;0;2;3;13;1
202300038692;155 611 983;7;0;1;2;1;1
202300038693;155 611 984;50;0;0;4;6;3
202300038693;155 611 985;7;0;0;4;0;1
202300038694;155 611 981;36;0;2;3;1;1
202300038694;155 611 982;7;0;2;3;1;1
202300038695;155 611 978;2;0;2;8;1;1
202300038695;155 611 979;7;0;0;7;15;1
202300038696;155 611 977;7;0;2;5;15;3
202300038696;155 611 980;33;0;2;1;1;1
202300038697;155 611 976;7;0;0;1;13;1
202300038698;155 611 973;7;0;2;8;1;1
202300038698;155 611 974;7;0;2;1;1;1
202300038698;155 611 975;7;0;2;1;13;1
202300038699;155 611 971;7;0;2;7;1;0
202300038699;155 611 972;7;0;2;2;9;0
202300038700;155 611 970;7;0;1;1;26;0
202300038701;155 611 967;7;0;2;3;13;1
202300038701;155 611 968;7;0;2;3;1;1
202300038702;155 611 969;7;13;0;1;1;1
202300038703;155 611 965;7;0;2;4;4;1
202300038703;155 611 966;7;0;2;1;2;1
202300038704;155 611 963;33;0;0;1;0;1
202300038705;155 611 962;7;0;2;2;15;1
202300038705;155 611 964;33;0;2;1;1;1
202300038706;155 611 960;3;0;2;1;2;1
202300038706;155 611 961;7;0;2;4;1;1
202300038707;155 611 957;7;0;2;2;9;0
202300038707;155 611 958;7;0;2;1;1;0
202300038708;155 611 956;7;0;2;7;1;1
202300038708;155 611 959;10;0;2;1;9;1
202300038709;155 611 955;14;0;1;4;4;0
202300038710;155 611 952;7;0;2;5;26;1
202300038710;155 611 954;7;0;2;1;26;3
202300038711;155 611 953;7;2;0;1;1;1
202300038712;155 611 949;7;0;2;1;1;1
202300038712;155 611 951;7;0;2;4;23;2
202300038713;155 611 948;7;0;2;6;11;1
202300038713;155 611 950;33;0;2;2;11;1
202300038714;155 611 946;7;0;2;1;1;1
202300038714;155 611 947;7;0;2;1;1;1
202300038715;155 611 944;7;0;2;8;26;1
202300038715;155 611 945;7;0;2;1;17;1
202300038716;155 611 943;7;1;2;1;14;1
202300038717;155 611 939;7;0;2;8;15;1
202300038717;155 611 942;30;0;2;1;17;1
202300038718;155 611 938;7;0;2;1;1;1
202300038718;155 611 940;32;0;2;1;1;1
202300038718;155 611 941;7;0;2;4;1;1
202300038719;155 611 933;31;0;0;1;0;0
202300038719;155 611 935;7;0;0;3;20;0
202300038720;155 611 929;7;0;2;1;15;1
202300038720;155 611 931;2;0;2;1;1;1
202300038721;155 611 930;7;0;2;4;1;1
202300038721;155 611 932;7;0;2;4;0;1
202300038721;155 611 934;7;3;2;3;0;1
202300038722;155 611 926;7;0;0;8;1;1
202300038722;155 611 928;33;0;0;1;1;1
202300038723;155 611 927;7;4;0;1;1;1
202300038724;155 611 925;7;5;0;1;14;1
202300038725;155 611 922;7;0;2;5;1;1
202300038725;155 611 924;33;0;2;3;3;1
202300038726;155 611 918;32;0;2;2;1;3
202300038726;155 611 919;7;0;2;3;11;1
202300038726;155 611 920;32;0;2;1;11;3
202300038727;155 611 921;10;0;2;1;1;1
202300038727;155 611 923;7;0;2;4;1;1
202300038728;155 611 917;7;0;1;2;16;1
202300038729;155 611 916;7;0;1;3;1;2
202300038730;155 611 914;7;0;2;8;22;1
202300038730;155 611 915;80;0;2;2;2;3
202300038731;155 611 913;7;0;1;1;1;1
202300038732;155 611 909;7;0;2;2;16;1
202300038732;155 611 910;1;0;2;1;1;5
202300038733;155 611 907;7;0;2;7;22;1
202300038733;155 611 908;1;0;2;1;1;5
202300038734;155 611 905;7;0;2;2;15;1
202300038734;155 611 906;43;0;2;1;1;1
202300038735;155 611 903;7;0;2;5;22;1
202300038735;155 611 904;1;0;2;1;1;5
202300038736;155 611 902;1;0;1;1;1;5
202300038737;155 611 901;7;0;1;1;1;1
202300038738;155 611 900;7;0;1;1;15;0
202300038739;155 611 899;7;0;1;2;1;1
202300038740;155 611 897;7;0;2;1;1;1
202300038740;155 611 898;7;0;2;3;15;1
202300038741;155 611 896;31;0;6;1;1;1
202300038742;155 611 895;7;0;1;1;1;0
202300038743;155 611 894;7;13;0;3;1;1
202300038744;155 611 892;7;0;2;3;13;1
202300038744;155 611 893;43;0;2;0;0;1
202300038745;155 611 891;33;13;0;1;1;1
202300038746;155 611 887;7;0;2;4;1;1
202300038746;155 611 889;7;0;2;4;1;1
202300038746;155 611 890;10;0;2;1;1;1
202300038747;155 611 886;13;0;2;3;1;1
202300038747;155 611 888;7;0;2;1;13;1
202300038748;155 611 885;32;0;0;0;1;1
202300038749;155 611 884;7;12;0;9;1;1
202300038750;155 611 882;0;0;1;1;0;0
202300038751;155 611 883;7;3;0;0;0;1
202300038752;155 611 881;0;0;1;1;1;0
202300038753;155 611 879;7;0;2;3;13;1
202300038753;155 611 880;7;0;2;3;1;1
202300038754;155 611 878;7;0;1;4;4;1
202300038755;155 611 876;7;0;0;6;15;1
202300038755;155 611 877;33;0;2;1;2;1
202300038756;155 611 874;7;0;2;8;1;1
202300038756;155 611 875;10;0;2;1;1;1
202300038757;155 611 871;7;0;2;1;12;1
202300038757;155 611 872;7;0;2;4;1;1
202300038757;155 611 873;10;0;0;5;1;1
202300038758;155 611 869;7;0;2;8;20;1
202300038758;155 611 870;30;0;2;7;1;1
202300038759;155 611 866;7;0;1;1;1;1
202300038760;155 611 867;33;0;2;1;1;1
202300038760;155 611 868;7;0;2;3;19;1
202300038761;155 611 865;43;0;1;1;2;1
202300038762;155 611 864;2;0;0;8;1;1
202300038763;155 611 861;7;0;2;7;24;0
202300038763;155 611 863;99;1;0;1;1;0
202300038764;155 611 860;10;0;2;8;17;1
202300038764;155 611 862;33;3;2;7;17;1
202300038765;155 611 859;7;0;1;2;1;1
202300038766;155 611 858;33;6;0;2;1;1
202300038767;155 611 855;7;0;2;1;2;1
202300038767;155 611 857;7;3;0;4;2;1
202300038768;155 611 854;7;0;2;1;1;0
202300038768;155 611 856;7;0;2;1;13;0
202300038769;155 611 853;2;0;0;9;1;1
202300038770;155 611 851;7;2;5;1;1;0
202300038771;155 611 850;10;0;2;1;9;1
202300038771;155 611 852;1;0;2;7;9;5
202300038772;155 611 849;7;13;0;1;1;1
202300038773;155 611 845;7;0;2;1;1;1
202300038773;155 611 846;7;0;2;1;5;1
202300038774;155 611 844;7;0;2;3;13;1
202300038774;155 611 847;10;0;2;3;1;1
202300038774;155 611 848;14;0;2;1;2;1
202300038775;155 611 842;15;0;2;1;2;1
202300038775;155 611 843;7;0;2;7;19;1
202300038776;155 611 840;7;0;2;7;17;1
202300038776;155 611 841;1;0;0;6;1;5
202300038777;155 611 839;10;0;1;3;1;1
202300038778;155 611 834;7;0;2;1;1;1
202300038778;155 611 836;7;0;0;4;1;1
202300038778;155 611 837;7;0;0;4;1;1
202300038778;155 611 838;7;0;0;4;1;1
202300038779;155 611 833;7;0;2;2;19;1
202300038779;155 611 835;10;0;2;1;1;1
202300038780;155 611 830;7;0;2;3;1;1
202300038780;155 611 832;7;0;2;3;1;1
202300038781;155 611 829;7;0;0;0;23;1
202300038782;155 611 825;7;0;2;2;15;1
202300038782;155 611 827;7;0;2;1;1;1
202300038783;155 611 824;7;0;9;2;17;1
202300038783;155 611 826;1;0;0;4;1;5
202300038784;155 611 823;2;0;0;8;14;1
202300038785;155 611 819;7;0;2;1;15;1
202300038785;155 611 821;2;0;2;8;1;1
202300038786;155 611 818;7;8;0;3;1;1
202300038787;155 611 820;7;0;2;6;0;1
202300038787;155 611 822;33;0;2;1;1;1
202300038788;155 611 817;43;3;0;3;1;1
202300038789;155 611 814;7;0;2;8;9;1
202300038789;155 611 816;10;0;2;1;1;1
202300038790;155 611 813;2;0;2;7;1;1
202300038790;155 611 815;7;0;2;3;16;2
202300038791;155 611 812;7;2;0;1;0;1
202300038792;155 611 811;7;0;1;2;0;1
202300038793;155 611 810;1;0;0;0;0;5
202300038794;155 611 809;7;13;0;9;1;1
202300038795;155 611 808;7;13;0;2;1;1
202300038796;155 611 807;7;6;0;7;1;1
202300038797;155 611 803;7;0;2;1;1;1
202300038797;155 611 804;10;0;2;8;1;1
202300038798;155 611 805;7;0;2;8;1;1
202300038798;155 611 806;33;0;2;3;15;1
202300038799;155 611 801;1;0;0;7;1;5
202300038799;155 611 802;7;0;9;3;9;1
202300038800;155 611 797;1;0;2;4;1;5
202300038800;155 611 798;7;0;2;0;14;0
202300038801;155 611 799;2;0;2;2;17;1
202300038801;155 611 800;7;0;2;3;15;1
202300038802;155 611 796;7;0;1;1;2;1
202300038803;155 611 795;33;0;6;1;2;1
202300038804;155 611 794;10;13;0;3;1;1
202300038805;155 611 793;33;0;0;8;1;1
202300038806;155 611 790;7;0;2;3;15;1
202300038806;155 611 792;33;9;2;3;1;1
202300038807;155 611 789;7;0;2;2;1;1
202300038807;155 611 791;1;0;2;0;19;5
202300038808;155 611 786;7;0;2;3;17;1
202300038808;155 611 788;7;0;2;1;1;1
202300038809;155 611 785;7;0;2;3;19;1
202300038809;155 611 787;33;0;2;8;1;1
202300038810;155 611 779;31;0;0;1;17;0
202300038810;155 611 781;7;0;0;8;15;0
202300038811;155 611 777;7;3;2;3;1;1
202300038811;155 611 778;7;0;2;1;1;1
202300038811;155 611 780;7;0;2;1;13;1
202300038811;155 611 782;7;0;2;1;2;1
202300038811;155 611 783;7;0;2;1;1;1
202300038811;155 611 784;7;0;2;1;11;1
202300038812;155 611 774;31;0;6;8;13;1
202300038812;155 611 776;7;0;2;6;1;1
202300038813;155 611 773;10;3;2;1;2;1
202300038813;155 611 775;17;0;0;4;2;1
202300038814;155 611 769;7;0;2;2;2;1
202300038814;155 611 772;17;0;0;5;2;1
202300038815;155 611 766;10;4;0;3;21;1
202300038815;155 611 767;7;0;2;5;21;1
202300038815;155 611 768;7;4;2;4;21;1
202300038815;155 611 770;7;3;2;1;21;1
202300038815;155 611 771;7;3;2;6;21;1
202300038816;155 611 763;7;3;0;0;1;0
202300038817;155 611 762;7;0;2;4;2;1
202300038817;155 611 764;7;0;2;1;2;1
202300038817;155 611 765;15;0;2;3;1;1
202300038818;155 611 758;7;0;2;4;2;1
202300038818;155 611 760;7;3;0;3;2;1
202300038818;155 611 761;7;3;2;1;2;1
202300038819;155 611 755;7;0;2;1;1;1
202300038819;155 611 756;7;0;2;1;13;1
202300038820;155 611 754;10;1;0;1;2;1
202300038820;155 611 757;10;0;2;4;2;1
202300038820;155 611 759;15;0;0;6;1;1
202300038821;155 611 753;7;16;0;0;1;1
202300038822;155 611 751;7;0;0;0;16;0
202300038822;155 611 752;31;0;0;9;1;1
202300038823;155 611 750;31;0;0;9;1;1
202300038824;155 611 747;7;14;0;9;1;1
202300038825;155 611 745;7;0;2;4;2;1
202300038825;155 611 746;7;0;2;4;1;1
202300038825;155 611 748;7;0;2;6;1;1
202300038825;155 611 749;7;0;2;2;1;1
202300038826;155 611 741;1;0;0;0;2;5
202300038827;155 611 740;7;0;2;2;2;2
202300038827;155 611 742;7;0;0;6;2;1
202300038828;155 611 738;7;13;0;7;1;1
202300038829;155 611 737;15;3;2;8;1;1
202300038829;155 611 739;10;0;2;2;1;1
202300038830;155 611 735;10;0;2;1;9;0
202300038830;155 611 736;10;0;0;4;9;0
202300038831;155 611 732;7;4;0;1;1;1
202300038832;155 611 733;7;0;2;3;19;1
202300038832;155 611 734;7;0;2;3;1;1
202300038833;155 611 729;7;0;2;8;15;0
202300038833;155 611 730;31;0;2;0;17;0
202300038834;155 611 728;80;0;1;8;1;3
202300038835;155 611 724;7;0;2;3;13;1
202300038835;155 611 726;31;0;2;3;1;1
202300038836;155 611 725;7;0;2;1;16;1
202300038836;155 611 727;33;0;2;7;1;1
202300038837;155 611 722;33;0;5;1;1;1
202300038838;155 611 721;7;0;2;3;15;1
202300038838;155 611 723;34;0;2;1;1;1
202300038839;155 611 718;13;1;2;8;15;1
202300038839;155 611 720;33;0;2;1;1;1
202300038840;155 611 717;2;0;2;1;1;1
202300038840;155 611 719;7;0;2;3;15;1
202300038841;155 611 716;33;0;0;0;1;1
202300038842;155 611 713;33;0;2;0;1;1
202300038842;155 611 715;7;0;2;3;13;1
202300038843;155 611 712;50;0;2;4;1;3
202300038843;155 611 714;7;0;2;1;18;1
202300038844;155 611 710;33;0;2;1;1;0
202300038845;155 611 711;33;13;0;1;17;1
202300038846;155 611 707;7;0;2;1;5;1
202300038846;155 611 709;7;0;2;2;1;1
202300038847;155 611 706;7;12;0;3;16;1
202300038848;155 611 705;10;0;1;8;19;1
202300038849;155 611 704;31;0;2;1;1;1
202300038850;155 611 701;7;0;2;3;2;1
202300038850;155 611 702;7;0;2;2;21;1
202300038851;155 611 700;1;0;2;6;15;5
202300038851;155 611 703;7;0;2;2;16;1
202300038852;155 611 697;7;0;2;2;1;1
202300038852;155 611 699;7;0;2;3;1;1
202300038853;155 611 696;7;0;2;3;15;1
202300038853;155 611 698;33;0;2;7;1;6
202300038854;155 611 694;7;9;0;1;0;1
202300038855;155 611 693;7;0;2;3;13;0
202300038855;155 611 695;10;0;2;1;1;1
202300038856;155 611 692;7;3;0;1;13;1
202300038857;155 611 690;7;0;2;3;1;1
202300038857;155 611 691;32;0;2;0;5;0
202300038858;155 611 686;7;0;2;4;23;1
202300038858;155 611 688;7;0;2;4;23;1
202300038858;155 611 689;10;0;2;1;1;1
202300038859;155 611 685;7;0;2;3;15;1
202300038859;155 611 687;32;0;2;1;1;1
202300038860;155 611 683;7;0;1;1;9;1
202300038861;155 611 682;7;0;2;3;0;1
202300038861;155 611 684;7;0;2;7;1;0
202300038862;155 611 679;7;0;2;3;13;1
202300038862;155 611 681;7;0;2;3;1;1
202300038863;155 611 680;7;0;1;1;16;1
202300038864;155 611 676;31;0;2;7;1;1
202300038864;155 611 678;0;0;2;8;11;0
202300038865;155 611 674;33;4;0;3;1;1
202300038866;155 611 671;7;0;2;7;1;1
202300038866;155 611 672;7;0;2;7;1;1
202300038867;155 611 668;33;0;2;1;12;1
202300038867;155 611 669;33;0;2;4;1;1
202300038868;155 611 667;7;2;0;2;0;1
202300038869;155 611 664;7;0;2;1;1;0
202300038869;155 611 666;7;0;2;4;1;0
202300038870;155 611 663;10;0;2;7;17;1
202300038870;155 611 665;50;0;2;1;1;3
202300038871;155 611 660;33;0;2;4;3;1
202300038871;155 611 662;10;0;2;3;11;1
202300038872;155 611 659;2;0;2;1;1;1
202300038872;155 611 661;7;0;2;3;15;1
202300038873;155 611 656;15;0;2;3;13;1
202300038873;155 611 657;7;0;2;7;1;1
202300038873;155 611 658;7;0;2;7;9;1
202300038874;155 611 655;7;0;1;1;15;1
202300038875;155 611 653;32;0;2;3;3;1
202300038875;155 611 654;7;0;2;2;12;1
202300038876;155 611 652;7;0;1;1;1;1
202300038877;155 611 648;7;0;2;8;11;0
202300038877;155 611 650;33;0;2;1;3;0
202300038877;155 611 651;7;0;2;5;23;3
202300038878;155 611 649;7;0;1;0;15;0
202300038879;155 611 645;33;0;2;3;1;1
202300038879;155 611 647;7;0;2;7;1;1
202300038880;155 611 644;7;0;2;1;2;1
202300038880;155 611 646;7;0;2;4;2;1
202300038881;155 611 641;7;0;2;3;1;1
202300038881;155 611 642;10;0;2;5;11;1
202300038881;155 611 643;33;0;2;3;1;1
202300038882;155 611 639;7;0;2;3;1;1
202300038882;155 611 640;7;0;2;8;1;1
202300038883;155 611 635;7;0;2;3;0;1
202300038883;155 611 637;33;0;2;1;1;1
202300038883;155 611 638;10;0;2;5;1;1
202300038884;155 611 634;50;0;2;0;0;3
202300038884;155 611 636;7;0;2;1;19;0
202300038885;155 611 632;32;0;2;1;12;1
202300038885;155 611 633;10;0;2;6;1;0
202300038886;155 611 630;99;0;2;7;25;3
202300038886;155 611 631;99;0;2;1;19;5
202300038887;155 611 628;10;0;0;4;14;1
202300038887;155 611 629;7;0;2;2;1;2
202300038888;155 611 626;10;0;2;1;2;1
202300038888;155 611 627;14;0;2;4;1;1
202300038889;155 611 620;7;0;2;1;5;1
202300038889;155 611 623;7;0;2;1;21;1
202300038890;155 611 619;10;0;2;4;2;1
202300038890;155 611 621;33;0;2;2;3;1
202300038890;155 611 622;7;0;2;7;1;1
202300038890;155 611 624;10;0;2;1;2;1
202300038890;155 611 625;7;0;2;4;2;1
202300038891;155 611 615;31;0;2;8;3;1
202300038891;155 611 617;7;0;2;5;12;1
202300038892;155 611 616;7;0;2;1;13;1
202300038892;155 611 618;37;0;2;3;1;2
202300038893;155 611 613;43;0;2;2;3;1
202300038893;155 611 614;7;0;2;6;1;1
202300038894;155 611 611;7;0;4;1;9;0
202300038894;155 611 612;40;0;2;3;1;3
202300038895;155 611 609;7;0;2;4;1;1
202300038895;155 611 610;10;-1;2;1;1;0
202300038896;155 611 605;33;0;2;3;3;1
202300038896;155 611 607;33;0;2;4;1;1
202300038897;155 611 606;7;0;2;0;15;1
202300038897;155 611 608;7;0;2;0;1;1
202300038898;155 611 602;20;0;2;1;3;1
202300038898;155 611 604;7;0;2;2;12;1
202300038899;155 611 601;14;0;2;2;12;1
202300038899;155 611 603;7;0;2;6;1;1
202300038900;155 611 598;7;0;2;4;2;1
202300038900;155 611 600;7;0;2;2;26;1
202300038901;155 611 597;7;0;2;4;1;1
202300038901;155 611 599;7;0;2;1;1;1
202300038902;155 611 595;10;0;0;6;11;1
202300038902;155 611 596;33;0;2;1;1;1
202300038903;155 611 593;34;0;0;8;21;1
202300038903;155 611 594;7;0;0;0;9;0
202300038904;155 611 592;7;0;0;0;1;1
202300038905;155 611 591;37;0;1;2;1;1
202300038906;155 611 590;7;0;9;0;26;1
202300038907;155 611 589;7;0;1;7;1;1
202300038908;155 611 588;7;0;1;2;1;1
202300038909;155 611 586;2;0;2;1;15;1
202300038909;155 611 587;7;0;2;7;0;1
202300038910;155 611 585;7;8;0;1;14;1
202300038911;155 611 583;7;0;2;1;26;1
202300038911;155 611 584;7;0;2;1;1;1
202300038912;155 611 579;7;0;2;4;1;1
202300038912;155 611 581;7;0;2;0;0;1
202300038912;155 611 582;7;2;0;1;0;1
202300038913;155 611 580;7;0;1;1;15;1
202300038914;155 611 577;7;0;1;0;25;2
202300038915;155 611 574;7;0;2;3;13;1
202300038915;155 611 575;10;0;2;7;1;1
202300038915;155 611 576;43;0;2;6;1;1
202300038915;155 611 578;1;0;2;6;1;0
202300038916;155 611 573;7;0;1;3;0;1
202300038917;155 611 571;7;8;2;3;16;1
202300038917;155 611 572;14;0;2;0;16;1
202300038918;155 611 570;38;0;1;2;1;1
202300038919;155 611 567;7;0;2;1;2;1
202300038919;155 611 568;7;0;2;4;2;1
202300038919;155 611 569;7;0;2;4;2;1
202300038920;155 611 566;10;0;1;1;15;1
202300038921;155 611 562;37;0;1;7;26;6
202300038922;155 611 560;31;0;2;1;17;1
202300038922;155 611 561;10;0;2;3;9;1
202300038923;155 611 559;7;0;1;1;15;1
202300038924;155 611 557;7;0;2;2;1;1
202300038924;155 611 558;7;0;2;1;1;1
202300038925;155 611 556;50;0;1;1;17;3
202300038926;155 611 555;7;0;1;3;1;1
202300038927;155 611 552;7;0;1;2;15;1
202300038928;155 611 553;17;0;2;6;13;1
202300038928;155 611 554;7;0;2;1;1;1
202300038929;155 611 550;7;0;2;1;1;1
202300038929;155 611 551;7;0;2;4;23;1
202300038930;155 611 549;30;0;1;1;1;3
202300038931;155 611 547;2;0;2;1;0;1
202300038931;155 611 548;7;0;2;1;9;1
202300038932;155 611 545;7;0;2;0;26;1
202300038932;155 611 546;33;0;2;1;1;1
202300038933;155 611 541;7;13;0;1;1;1
202300038934;155 611 540;7;0;2;1;1;1
202300038934;155 611 542;7;0;2;4;1;1