Num_Acc;id_vehicule;catv;obs;obsm;choc;manv;motor
202300038935;155 611 537;50;0;2;0;1;3
202300038935;155 611 539;7;0;9;1;16;1
202300038936;155 611 536;80;0;2;1;0;3
202300038936;155 611 538;7;0;2;3;26;1
202300038937;155 611 534;10;8;2;1;1;1
202300038937;155 611 535;7;0;2;7;1;1
202300038938;155 611 532;7;0;2;7;15;1
202300038938;155 611 533;33;0;2;1;1;1
202300038939;155 611 531;7;0;1;3;15;0
202300038940;155 611 529;30;0;2;2;9;1
202300038940;155 611 530;7;0;2;3;1;1
202300038941;155 611 527;7;0;2;2;15;0
202300038941;155 611 528;50;0;2;3;2;3
202300038942;155 611 525;7;0;2;2;15;1
202300038942;155 611 526;34;0;2;1;1;1
202300038943;155 611 523;33;0;2;1;2;1
202300038943;155 611 524;1;0;2;8;15;5
202300038944;155 611 522;7;0;1;1;16;3
202300038945;155 611 515;7;0;2;1;1;1
202300038945;155 611 517;1;0;2;4;23;5
202300038945;155 611 518;1;0;2;4;23;5
202300038946;155 611 513;7;0;2;1;15;1
202300038946;155 611 514;30;0;2;3;1;1
202300038947;155 611 512;7;1;0;1;14;1
202300038948;155 611 509;1;0;2;1;19;5
202300038948;155 611 511;10;0;2;2;1;6
202300038949;155 611 508;7;0;2;2;15;1
202300038949;155 611 510;32;0;2;1;1;1
202300038950;155 611 507;32;0;2;0;0;1
202300038951;155 611 503;31;0;2;7;17;1
202300038951;155 611 505;7;0;2;1;1;1
202300038951;155 611 506;7;0;2;8;2;1
202300038952;155 611 502;7;0;2;1;1;1
202300038952;155 611 504;10;0;2;1;15;1
202300038953;155 611 500;1;0;2;8;19;5
202300038953;155 611 501;7;0;2;2;1;2
202300038954;155 611 499;50;0;1;1;17;3
202300038955;155 611 496;7;0;2;2;15;1
202300038955;155 611 498;7;0;2;1;1;1
202300038956;155 611 495;2;0;2;1;1;1
202300038956;155 611 497;7;0;2;2;15;1
202300038957;155 611 492;7;0;2;3;15;1
202300038957;155 611 494;7;0;2;1;1;1
202300038958;155 611 490;7;0;2;2;15;1
202300038958;155 611 491;7;0;2;1;1;1
202300038958;155 611 493;7;0;2;1;23;1
202300038959;155 611 488;7;9;2;2;1;1
202300038959;155 611 489;7;0;2;6;13;1
202300038960;155 611 486;7;9;0;2;16;1
202300038961;155 611 485;50;0;4;1;13;3
202300038961;155 611 487;40;0;2;3;1;3
202300038962;155 611 482;7;0;2;1;1;1
202300038962;155 611 483;7;0;2;4;2;1
202300038963;155 611 478;33;0;2;1;17;1
202300038963;155 611 480;50;0;2;1;19;3
202300038964;155 611 477;1;0;0;1;0;5
202300038964;155 611 479;7;0;0;0;26;2
202300038965;155 611 476;10;0;0;1;14;1
202300038966;155 611 475;17;0;1;2;1;1
202300038967;155 611 473;3;0;2;2;15;1
202300038967;155 611 474;10;0;2;3;1;1
202300038968;155 611 472;7;0;1;1;14;0
202300038969;155 611 470;7;14;0;9;16;1
202300038970;155 611 469;7;0;2;2;1;1
202300038970;155 611 471;7;0;2;5;15;1
202300038971;155 611 467;32;0;0;6;15;1
202300038972;155 611 466;33;0;2;1;17;1
202300038972;155 611 468;7;0;2;1;15;1
202300038973;155 611 463;7;0;2;1;13;1
202300038973;155 611 465;7;0;2;1;1;1
202300038974;155 611 462;7;0;2;0;0;1
202300038974;155 611 464;31;0;2;1;2;0
202300038975;155 611 461;7;0;1;1;15;1
202300038976;155 611 458;10;0;2;2;1;1
202300038976;155 611 460;33;0;2;2;1;1
202300038977;155 611 457;7;0;2;1;15;1
202300038977;155 611 459;2;0;2;8;1;1
202300038978;155 611 455;7;0;1;1;0;1
202300038979;155 611 454;7;0;2;3;1;1
202300038979;155 611 456;7;3;2;2;1;1
202300038980;155 611 449;33;0;2;1;17;1
202300038980;155 611 451;7;0;2;8;15;1
202300038981;155 611 450;7;0;2;4;23;1
202300038981;155 611 452;7;0;2;1;1;1
202300038982;155 611 448;33;0;0;0;1;1
202300038983;155 611 446;10;0;2;1;23;1
202300038983;155 611 447;33;0;2;1;13;1
202300038984;155 611 445;7;0;1;3;1;1
202300038985;155 611 444;10;0;1;2;9;1
202300038986;155 611 442;7;0;2;1;10;1
202300038986;155 611 443;31;0;2;8;1;1
202300038987;155 611 441;34;0;1;1;1;1
202300038988;155 611 440;7;0;1;2;1;1
202300038989;155 611 435;7;7;0;1;0;1
202300038990;155 611 436;32;0;2;7;1;1
202300038990;155 611 438;7;0;2;3;9;1
202300038991;155 611 433;10;0;2;1;1;1
202300038991;155 611 434;7;0;2;4;1;1
202300038992;155 611 432;80;0;1;1;1;3
202300038993;155 611 431;37;0;1;2;1;1
202300038994;155 611 429;7;0;1;3;1;3
202300038995;155 611 428;80;0;2;4;1;3
202300038995;155 611 430;7;0;2;1;1;2
202300038996;155 611 426;7;0;2;1;13;1
202300038996;155 611 427;7;0;2;3;1;1
202300038997;155 611 425;80;0;0;0;21;3
202300038998;155 611 423;7;0;2;1;1;1
202300038998;155 611 424;7;0;2;1;1;1
202300038999;155 611 422;80;0;1;8;1;3
202300039000;155 611 420;7;0;9;2;16;1
202300039000;155 611 421;1;0;2;8;1;5
202300039001;155 611 418;33;0;2;1;1;1
202300039001;155 611 419;7;0;2;5;15;1
202300039002;155 611 417;30;14;0;1;26;1
202300039003;155 611 413;7;0;2;1;1;1
202300039003;155 611 415;7;0;2;4;2;1
202300039004;155 611 414;7;0;2;3;26;1
202300039004;155 611 416;33;0;2;1;21;1
202300039005;155 611 409;7;0;2;2;1;1
202300039005;155 611 411;32;0;2;1;1;1
202300039006;155 611 407;7;0;2;1;26;1
202300039006;155 611 408;7;4;2;1;1;1
202300039007;155 611 404;7;0;1;1;2;1
202300039008;155 611 405;32;0;2;1;7;1
202300039008;155 611 406;7;0;2;2;15;1
202300039009;155 611 402;43;0;2;1;18;1
202300039009;155 611 403;7;0;0;2;0;1
202300039010;155 611 401;33;8;0;1;16;1
202300039011;155 611 399;7;0;2;0;0;0
202300039011;155 611 400;2;0;2;1;1;1
202300039012;155 611 396;30;0;2;3;1;1
202300039012;155 611 398;33;0;2;3;1;1
202300039013;155 611 395;7;0;2;2;1;1
202300039013;155 611 397;2;0;2;1;15;1
202300039014;155 611 393;34;0;0;0;21;1
202300039015;155 611 392;7;0;2;3;15;1
202300039015;155 611 394;34;0;2;1;3;1
202300039016;155 611 391;33;0;1;1;2;1
202300039017;155 611 389;7;0;0;6;24;1
202300039017;155 611 390;7;0;2;2;1;1
202300039018;155 611 387;7;0;2;1;1;1
202300039018;155 611 388;7;0;2;6;0;1
202300039019;155 611 385;33;0;2;1;1;0
202300039019;155 611 386;7;0;2;1;5;0
202300039020;155 611 383;99;0;2;3;15;1
202300039020;155 611 384;7;0;2;2;15;1
202300039021;155 611 381;7;0;2;0;26;1
202300039021;155 611 382;50;0;2;0;2;3
202300039022;155 611 379;33;0;2;1;18;0
202300039022;155 611 380;7;0;2;2;16;0
202300039023;155 611 375;30;0;2;3;9;1
202300039023;155 611 377;30;0;2;1;1;1
202300039024;155 611 373;7;0;1;1;17;1
202300039025;155 611 374;7;0;2;1;5;1
202300039025;155 611 376;7;1;2;1;1;1
202300039025;155 611 378;7;0;2;6;26;1
202300039026;155 611 372;1;0;0;0;26;5
202300039027;155 611 369;10;0;2;2;2;1
202300039027;155 611 371;50;0;2;7;25;3
202300039028;155 611 368;43;0;2;1;1;1
202300039028;155 611 370;50;0;2;1;1;3
202300039029;155 611 367;80;0;0;1;1;3
202300039030;155 611 365;7;0;2;3;1;2
202300039030;155 611 366;60;0;2;3;19;5
202300039031;155 611 363;1;0;2;1;1;5
202300039031;155 611 364;7;0;2;2;15;1
202300039032;155 611 361;50;0;2;2;17;3
202300039032;155 611 362;7;0;2;3;15;1
202300039033;155 611 359;10;0;2;3;9;1
202300039033;155 611 360;33;0;2;1;17;1
202300039034;155 611 355;7;0;2;3;9;1
202300039034;155 611 357;1;0;2;1;1;5
202300039035;155 611 356;32;0;2;7;17;1
202300039035;155 611 358;10;0;2;3;15;1
202300039036;155 611 353;7;0;2;3;22;1
202300039036;155 611 354;80;0;2;1;1;3
202300039037;155 611 352;7;0;1;3;2;1
202300039038;155 611 349;33;0;2;1;2;1
202300039038;155 611 351;7;0;2;4;2;1
202300039039;155 611 348;10;0;2;1;1;1
202300039039;155 611 350;7;0;2;3;10;1
202300039040;155 611 346;80;0;2;7;1;3
202300039040;155 611 347;43;0;2;7;1;1
202300039041;155 611 344;7;0;1;1;1;1
202300039042;155 611 343;32;0;2;7;1;1
202300039042;155 611 345;7;0;2;2;15;1
202300039043;155 611 342;1;12;0;0;14;5
202300039044;155 611 339;1;0;2;1;2;5
202300039044;155 611 341;80;0;2;4;23;3
202300039045;155 611 338;7;4;0;3;1;1
202300039045;155 611 340;10;0;2;3;13;1
202300039046;155 611 336;7;0;2;1;1;1
202300039046;155 611 337;34;0;2;4;23;1
202300039047;155 611 334;3;0;2;0;0;0
202300039047;155 611 335;60;0;2;0;0;5
202300039048;155 611 333;1;0;1;1;25;5
202300039049;155 611 331;10;0;2;8;22;1
202300039049;155 611 332;80;0;2;1;1;3
202300039050;155 611 328;1;0;2;0;1;5
202300039050;155 611 330;7;0;9;0;15;3
202300039051;155 611 327;30;0;2;1;1;3
202300039051;155 611 329;7;0;2;5;10;1
202300039052;155 611 325;37;15;0;1;2;1
202300039052;155 611 326;7;15;0;4;2;1
202300039053;155 611 323;7;0;2;2;1;0
202300039053;155 611 324;50;0;2;8;15;3
202300039054;155 611 321;10;0;2;1;17;1
202300039054;155 611 322;1;0;2;6;15;5
202300039055;155 611 320;7;0;1;2;1;1
202300039056;155 611 317;7;0;2;8;13;1
202300039056;155 611 318;33;0;2;7;1;1
202300039057;155 611 316;7;0;2;5;22;1
202300039057;155 611 319;50;0;2;1;1;3
202300039058;155 611 315;50;12;0;1;1;3
202300039059;155 611 314;15;0;1;0;23;0
202300039060;155 611 311;7;0;2;8;10;1
202300039060;155 611 313;33;0;2;7;1;1
202300039061;155 611 312;7;0;1;2;26;1
202300039062;155 611 309;30;0;2;1;1;1
202300039062;155 611 310;7;0;2;4;15;1
202300039063;155 611 308;10;6;0;1;0;1
202300039064;155 611 306;34;1;2;9;21;1
202300039064;155 611 307;7;0;2;3;15;1
202300039065;155 611 303;7;0;2;2;10;1
202300039065;155 611 305;33;0;2;1;1;1
202300039066;155 611 301;7;0;2;2;16;1
202300039066;155 611 302;1;0;2;1;1;5
202300039067;155 611 299;7;0;2;1;1;1
202300039067;155 611 300;30;0;2;1;5;1
202300039068;155 611 297;7;0;2;2;1;1
202300039068;155 611 298;7;0;2;1;1;1
202300039069;155 611 294;7;0;2;0;12;1
202300039069;155 611 296;33;0;2;2;2;1
202300039070;155 611 292;7;0;2;2;15;1
202300039070;155 611 293;32;0;2;1;1;1
202300039071;155 611 291;7;9;0;2;1;1
202300039072;155 611 295;7;1;1;1;2;1
202300039073;155 611 289;7;1;0;1;1;1
202300039073;155 611 290;7;1;0;3;15;1
202300039074;155 611 287;7;0;2;1;9;1
202300039074;155 611 288;7;0;2;2;1;1
202300039075;155 611 285;1;0;2;4;2;5
202300039075;155 611 286;34;0;2;1;1;1
202300039076;155 611 284;1;0;0;0;1;5
202300039077;155 611 282;7;0;2;2;0;1
202300039077;155 611 283;1;0;2;6;0;5
202300039078;155 611 279;30;0;2;1;2;1
202300039078;155 611 280;10;0;2;4;1;3
202300039078;155 611 281;1;0;2;0;0;5
202300039079;155 611 277;7;0;2;3;15;0
202300039079;155 611 278;32;0;2;2;1;0
202300039080;155 611 275;33;0;2;3;1;1
202300039080;155 611 276;7;0;2;3;15;1
202300039081;155 611 273;7;0;2;1;2;1
202300039081;155 611 274;10;0;2;4;2;1
202300039082;155 611 272;7;0;1;3;2;1
202300039083;155 611 270;7;0;2;6;2;1
202300039083;155 611 271;10;0;2;1;2;1
202300039084;155 611 268;7;0;2;5;1;1
202300039084;155 611 269;31;0;2;1;2;1
202300039085;155 611 266;7;0;2;1;1;1
202300039085;155 611 267;7;0;2;5;1;1
202300039086;155 611 264;7;0;0;0;0;0
202300039086;155 611 265;34;0;2;1;17;1
202300039087;155 611 262;7;0;2;3;9;1
202300039087;155 611 263;34;0;2;1;17;1
202300039088;155 611 261;33;12;0;1;6;1
202300039089;155 611 259;7;0;2;8;24;0
202300039089;155 611 260;7;1;2;2;17;0
202300039090;155 611 257;1;0;2;1;1;5
202300039090;155 611 258;7;0;0;4;1;1
202300039091;155 611 255;15;0;0;2;1;1
202300039091;155 611 256;7;6;0;8;9;1
202300039092;155 611 254;7;0;0;9;1;1
202300039093;155 611 252;10;0;2;5;15;1
202300039093;155 611 253;33;0;2;1;1;1
202300039094;155 611 250;7;0;2;1;1;1
202300039094;155 611 251;10;0;2;2;1;1
202300039095;155 611 248;13;0;2;4;4;1
202300039095;155 611 249;80;0;2;1;23;3
202300039096;155 611 246;33;0;2;1;1;1
202300039096;155 611 247;7;0;2;6;1;1
202300039097;155 611 244;7;0;2;5;0;1
202300039097;155 611 245;7;0;2;1;2;1
202300039098;155 611 242;7;0;2;4;23;1
202300039098;155 611 243;17;0;2;3;2;1
202300039099;155 611 240;7;0;2;4;1;2
202300039099;155 611 241;7;0;2;1;1;1
202300039100;155 611 238;7;0;2;7;1;1
202300039100;155 611 239;31;0;2;1;12;1
202300039101;155 611 236;7;0;2;0;0;1
202300039101;155 611 237;7;0;2;0;1;1
202300039102;155 611 235;7;4;0;1;0;1
202300039103;155 611 233;33;0;2;6;1;1
202300039103;155 611 234;10;0;2;7;12;1
202300039104;155 611 231;7;0;2;1;13;1
202300039104;155 611 232;7;0;2;1;1;1
202300039105;155 611 229;1;0;9;0;1;5
202300039105;155 611 230;7;0;9;0;16;0
202300039106;155 611 227;37;0;9;2;1;1
202300039106;155 611 228;1;0;2;7;1;5
202300039107;155 611 226;7;0;1;1;1;0
202300039108;155 611 225;7;0;0;0;1;2
202300039109;155 611 221;7;6;2;1;1;1
202300039109;155 611 222;33;0;2;3;1;1
202300039109;155 611 223;33;0;2;3;1;1
202300039109;155 611 224;33;0;2;3;1;1
202300039110;155 611 219;10;0;2;1;13;1
202300039110;155 611 220;7;0;2;3;1;1
202300039111;155 611 217;10;0;2;1;1;1
202300039111;155 611 218;7;0;2;1;17;1
202300039112;155 611 215;7;0;2;3;15;1
202300039112;155 611 216;33;0;2;5;17;1
202300039113;155 611 213;33;0;2;1;17;1
202300039113;155 611 214;7;0;2;4;15;1
202300039114;155 611 212;10;0;1;8;15;1
202300039115;155 611 211;7;0;1;3;21;1
202300039116;155 611 209;7;0;2;1;1;1
202300039116;155 611 210;7;0;2;7;1;2
202300039117;155 611 207;7;0;2;1;0;1
202300039117;155 611 208;33;0;2;1;0;1
202300039118;155 611 206;13;1;0;1;23;1
202300039119;155 611 204;7;0;2;4;1;1
202300039119;155 611 205;31;0;2;1;13;1
202300039120;155 611 203;7;12;0;1;25;1
202300039121;155 611 200;7;0;9;1;1;0
202300039121;155 611 201;7;0;2;0;0;0
202300039121;155 611 202;7;0;2;0;0;1
202300039122;155 611 198;7;0;2;1;12;1
202300039122;155 611 199;7;0;2;6;1;1
202300039123;155 611 197;37;0;1;2;1;1
202300039124;155 611 195;10;0;2;2;9;0
202300039124;155 611 196;33;0;2;1;21;0
202300039125;155 611 193;7;0;2;4;2;1
202300039125;155 611 194;7;0;2;1;2;0
202300039126;155 611 192;33;12;0;8;1;1
202300039127;155 611 191;7;4;0;3;14;1
202300039128;155 611 189;7;0;2;1;9;1
202300039128;155 611 190;1;0;2;8;9;5
202300039129;155 611 188;7;0;1;5;9;1
202300039130;155 611 186;30;0;2;1;13;1
202300039130;155 611 187;7;0;2;2;1;1
202300039131;155 611 185;7;0;1;1;9;2
202300039132;155 611 183;7;4;2;9;1;1
202300039132;155 611 184;7;0;2;1;1;1
202300039133;155 611 181;7;0;2;3;15;1
202300039133;155 611 182;10;0;2;2;1;1
202300039134;155 611 178;7;0;2;4;2;1
202300039134;155 611 179;7;0;2;9;2;1
202300039134;155 611 180;7;0;2;1;2;1
202300039135;155 611 176;7;0;2;1;1;1
202300039135;155 611 177;7;0;2;2;1;1
202300039136;155 611 174;7;1;0;4;24;1
202300039136;155 611 175;7;0;2;1;2;1
202300039137;155 611 172;7;9;2;1;1;1
202300039137;155 611 173;7;0;2;1;1;1
202300039138;155 611 169;7;0;2;4;1;1
202300039138;155 611 170;7;0;2;4;1;1
202300039138;155 611 171;7;0;2;1;1;1
202300039139;155 611 168;7;0;0;3;1;1
202300039140;155 611 164;7;0;2;6;23;1
202300039140;155 611 165;7;0;2;1;2;1
202300039141;155 611 163;7;8;0;1;15;1
202300039142;155 611 161;7;0;2;1;2;1
202300039142;155 611 162;7;0;2;4;2;1
202300039143;155 611 159;10;0;2;2;13;1
202300039143;155 611 160;34;14;2;8;21;1
202300039144;155 611 157;7;0;2;1;16;1
202300039144;155 611 158;1;0;2;7;1;5
202300039145;155 611 156;7;0;1;3;1;1
202300039146;155 611 154;7;0;2;3;15;1
202300039146;155 611 155;1;0;2;1;1;5
202300039147;155 611 152;33;0;2;1;1;1
202300039147;155 611 153;7;0;2;4;1;1
202300039148;155 611 150;7;0;9;2;15;0
202300039148;155 611 151;50;0;2;1;1;3
202300039149;155 611 149;7;0;1;1;1;1
202300039150;155 611 147;7;0;2;8;26;1
202300039150;155 611 148;2;0;2;1;1;1
202300039151;155 611 146;7;6;0;1;14;0
202300039152;155 611 144;33;0;2;5;1;1
202300039152;155 611 145;7;0;2;3;9;1
202300039153;155 611 142;7;0;2;1;15;1
202300039153;155 611 143;37;0;2;1;1;1
202300039154;155 611 140;7;0;2;1;1;1
202300039154;155 611 141;7;0;2;8;1;1
202300039155;155 611 139;7;6;0;2;14;1
202300039156;155 611 137;30;0;2;1;1;1
202300039156;155 611 138;37;0;2;4;23;1
202300039157;155 611 134;10;0;2;3;1;1
202300039157;155 611 135;33;0;2;1;1;1
202300039158;155 611 132;7;0;2;3;1;1
202300039158;155 611 133;30;0;2;1;13;1
202300039159;155 611 131;7;0;1;3;26;1
202300039160;155 611 130;1;1;0;1;1;5
202300039161;155 611 128;50;0;2;1;1;3
202300039161;155 611 129;7;0;2;3;1;1
202300039162;155 611 126;7;0;0;0;0;2
202300039162;155 611 127;32;8;2;8;1;1
202300039163;155 611 124;7;0;2;0;17;0
202300039163;155 611 125;30;0;2;8;1;1
202300039164;155 611 122;7;0;2;4;2;1
202300039164;155 611 123;7;0;2;1;2;1
202300039165;155 611 120;15;0;2;1;2;1
202300039165;155 611 121;7;0;2;4;2;1
202300039166;155 611 119;7;12;0;8;1;1
202300039167;155 611 117;10;0;2;4;12;1
202300039167;155 611 118;32;0;2;1;3;1
202300039168;155 611 116;80;0;1;1;21;3
202300039169;155 611 115;50;0;1;1;2;3
202300039170;155 611 113;10;0;0;4;2;1
202300039170;155 611 114;80;0;2;1;2;3
202300039171;155 611 112;33;0;0;0;21;1
202300039172;155 611 110;80;0;2;1;1;3
202300039172;155 611 111;7;0;2;8;24;1
202300039173;155 611 108;33;0;2;1;17;1
202300039173;155 611 109;7;0;2;3;15;0
202300039174;155 611 106;7;0;2;1;1;1
202300039174;155 611 107;2;0;2;4;10;1
202300039175;155 611 104;7;0;2;1;1;1
202300039175;155 611 105;10;0;2;4;1;1
202300039176;155 611 100;7;0;2;1;0;1
202300039176;155 611 101;7;0;2;4;1;1
202300039176;155 611 102;7;0;2;4;23;1
202300039176;155 611 103;10;0;2;4;23;1
202300039177;155 611 098;31;0;2;2;17;0
202300039177;155 611 099;7;0;2;3;9;0
202300039178;155 611 096;50;0;2;1;1;3
202300039178;155 611 097;7;16;2;3;9;0
202300039179;155 611 094;7;0;2;7;1;1
202300039179;155 611 095;7;0;2;1;9;0
202300039180;155 611 093;7;9;0;9;21;1
202300039181;155 611 091;31;0;2;4;1;1
202300039181;155 611 092;7;0;2;2;19;1
202300039182;155 611 089;7;0;2;2;1;2
202300039182;155 611 090;7;0;0;1;1;1
202300039183;155 611 086;7;0;2;1;9;1
202300039183;155 611 087;7;0;2;1;9;1
202300039183;155 611 088;7;0;2;7;0;1
202300039184;155 611 084;10;0;2;1;9;1
202300039184;155 611 085;1;0;2;7;19;5
202300039185;155 611 082;2;0;2;1;2;1
202300039185;155 611 083;10;0;0;4;23;1
202300039186;155 611 080;2;0;2;7;1;1
202300039186;155 611 081;7;0;2;3;16;2
202300039187;155 611 078;33;9;9;1;17;1
202300039187;155 611 079;1;0;0;3;13;5
202300039188;155 611 076;2;0;0;0;0;1
202300039188;155 611 077;7;0;0;3;0;1
202300039189;155 611 074;7;0;2;2;14;1
202300039189;155 611 075;10;0;0;8;23;1
202300039190;155 611 072;34;0;0;1;13;0
202300039190;155 611 073;7;0;0;4;15;0
202300039191;155 611 070;10;1;0;2;14;1
202300039191;155 611 071;16;0;2;8;24;1
202300039192;155 611 068;7;3;2;2;13;1
202300039192;155 611 069;15;0;2;5;21;6
202300039193;155 611 067;36;15;0;0;13;1
202300039194;155 611 065;7;0;0;8;1;1
202300039194;155 611 066;10;0;2;1;19;1
202300039195;155 611 064;2;6;0;1;0;1
202300039196;155 611 062;2;0;2;7;15;1
202300039196;155 611 063;7;0;2;1;1;3
202300039197;155 611 060;33;0;2;3;1;1
202300039197;155 611 061;32;0;2;1;1;1
202300039198;155 611 059;15;3;0;3;0;1
202300039199;155 611 058;7;2;0;1;1;0
202300039200;155 611 056;7;0;2;3;1;1
202300039200;155 611 057;99;0;2;3;1;1
202300039201;155 611 054;7;0;2;2;2;1
202300039201;155 611 055;2;0;0;6;2;1
202300039202;155 611 052;7;4;2;3;13;1
202300039202;155 611 053;15;4;2;3;1;1
202300039203;155 611 050;7;0;2;1;13;1
202300039203;155 611 051;7;0;2;1;21;1
202300039204;155 611 048;7;0;2;1;13;0
202300039204;155 611 049;7;0;2;1;1;0
202300039205;155 611 046;33;13;0;1;2;1
202300039205;155 611 047;33;13;0;1;2;1
202300039206;155 611 045;7;6;0;1;0;1
202300039207;155 611 044;31;0;6;7;1;1
202300039208;155 611 043;7;6;0;1;13;1
202300039209;155 611 041;7;0;2;2;17;1
202300039209;155 611 042;3;0;2;6;1;1
202300039210;155 611 039;7;0;0;3;1;1
202300039210;155 611 040;7;0;0;3;1;1
202300039211;155 611 038;7;15;0;3;1;1
202300039212;155 611 036;10;0;2;2;2;0
202300039212;155 611 037;1;0;2;2;2;5
202300039213;155 611 034;33;0;2;1;1;1
202300039213;155 611 035;10;0;2;3;15;1
202300039214;155 611 032;33;4;0;1;2;1
202300039214;155 611 033;17;0;2;8;1;1
202300039215;155 611 030;7;0;2;3;1;2
202300039215;155 611 031;31;0;2;1;13;1
202300039216;155 611 029;7;0;2;2;1;1
202300039217;155 611 028;7;3;0;2;1;1
202300039218;155 611 026;7;0;2;3;1;1
202300039218;155 611 027;31;0;2;3;13;1
202300039219;155 611 025;15;0;2;2;1;1
202300039220;155 611 024;7;6;0;1;26;1
202300039221;155 611 022;10;0;2;2;13;1
202300039221;155 611 023;7;0;2;2;21;1
202300039222;155 611 020;2;0;2;1;1;1
202300039222;155 611 021;7;0;0;5;23;1
202300039223;155 611 019;7;13;0;1;2;1
202300039224;155 611 017;7;0;0;8;1;3
202300039224;155 611 018;7;0;2;8;9;1
202300039225;155 611 015;33;0;1;1;1;1
202300039226;155 611 013;7;0;2;1;13;1
202300039226;155 611 014;33;0;2;8;1;1
202300039227;155 611 011;7;0;2;2;15;1
202300039227;155 611 012;7;0;2;3;1;1
202300039228;155 611 009;7;0;2;3;1;1
202300039228;155 611 010;33;0;2;3;1;1
202300039229;155 611 007;33;0;2;1;2;1
202300039229;155 611 008;7;0;0;4;23;1
202300039230;155 611 006;1;0;2;1;2;5
202300039231;155 611 004;2;0;2;1;1;1
202300039231;155 611 005;7;0;2;1;19;1
202300039232;155 611 002;7;0;2;7;19;1
202300039232;155 611 003;7;0;2;1;1;1
202300039233;155 611 001;7;6;0;1;13;2
202300039234;155 610 999;7;0;9;7;2;1
202300039234;155 611 000;1;0;2;8;2;5
202300039235;155 610 997;33;0;0;8;1;1
202300039236;155 610 996;7;0;0;0;21;1
202300039237;155 610 993;7;0;2;1;1;1
202300039237;155 610 994;7;0;2;4;1;1
202300039237;155 610 995;7;0;2;4;1;1
202300039238;155 610 992;10;0;1;2;1;1
202300039239;155 610 990;31;0;2;4;2;1
202300039239;155 610 991;7;0;0;4;2;1
202300039240;155 610 988;15;0;2;4;2;1
202300039240;155 610 989;10;0;2;1;2;1
202300039241;155 610 986;7;0;2;0;1;1
202300039241;155 610 987;7;0;2;0;1;1
202300039242;155 610 984;7;0;2;1;1;1
202300039242;155 610 985;7;0;2;6;1;1
202300039243;155 610 981;7;1;0;2;14;1
202300039243;155 610 982;7;0;2;8;1;1
202300039243;155 610 983;7;0;2;7;14;1
202300039244;155 610 979;7;0;2;1;1;1
202300039244;155 610 980;7;0;2;4;1;1
202300039245;155 610 978;7;3;0;1;0;1
202300039246;155 610 977;7;4;0;9;2;1
202300039247;155 610 975;7;0;2;1;1;1
202300039247;155 610 976;7;0;2;4;11;1
202300039248;155 610 972;7;0;2;1;2;1
202300039248;155 610 973;7;0;2;4;2;1
202300039248;155 610 974;7;0;2;4;1;1
202300039249;155 610 970;7;0;2;1;2;1
202300039249;155 610 971;7;0;2;6;2;1
202300039250;155 610 969;33;0;-1;-1;1;1
202300039251;155 610 967;31;0;2;8;3;1
202300039251;155 610 968;7;0;2;5;1;1
202300039252;155 610 964;7;1;0;1;1;2
202300039252;155 610 965;7;0;2;4;26;1
202300039252;155 610 966;7;1;0;1;1;1
202300039253;155 610 962;7;3;2;8;1;1
202300039253;155 610 963;7;0;2;7;1;3
202300039254;155 610 960;7;0;2;4;20;1
202300039254;155 610 961;2;0;2;3;21;1
202300039255;155 610 958;32;0;2;1;0;1
202300039255;155 610 959;7;0;2;1;1;1
202300039256;155 610 956;7;14;2;1;1;1
202300039256;155 610 957;7;14;2;4;1;1
202300039257;155 610 955;7;4;0;8;0;1
202300039258;155 610 953;2;0;2;1;2;1
202300039258;155 610 954;7;0;2;8;2;1
202300039259;155 610 950;7;0;2;1;2;1
202300039259;155 610 951;7;0;2;4;2;1
202300039259;155 610 952;7;0;2;4;2;1
202300039260;155 610 948;7;0;2;1;9;1
202300039260;155 610 949;7;0;2;2;1;1
202300039261;155 610 946;7;0;2;6;0;1
202300039261;155 610 947;0;0;2;4;2;0
202300039262;155 610 944;7;0;2;2;9;1
202300039262;155 610 945;1;0;2;1;1;5
202300039263;155 610 943;7;2;0;1;0;1
202300039264;155 610 942;50;0;0;0;2;3
202300039265;155 610 940;50;0;2;8;1;3
202300039265;155 610 941;7;0;2;2;17;1
202300039266;155 610 937;10;0;0;0;1;1
202300039266;155 610 938;33;14;0;1;1;1
202300039267;155 610 935;33;0;2;3;17;1
202300039267;155 610 936;7;0;2;3;15;1
202300039268;155 610 934;10;0;9;1;0;3
202300039269;155 610 933;7;2;0;1;0;1
202300039270;155 610 932;30;0;0;0;1;1
202300039271;155 610 930;7;0;2;0;2;1
202300039271;155 610 931;30;0;2;1;2;1
202300039272;155 610 928;7;0;2;0;13;0
202300039272;155 610 929;7;0;2;8;1;2
202300039273;155 610 926;7;0;2;0;15;1
202300039273;155 610 927;33;0;2;1;0;1
202300039274;155 610 924;7;0;2;2;9;1
202300039274;155 610 925;30;0;2;1;9;3
202300039275;155 610 922;7;0;2;1;15;1
202300039275;155 610 923;33;0;2;1;16;1
202300039276;155 610 921;7;0;0;1;14;1