Num_Acc;id_vehicule;catv;obs;obsm;choc;manv;motor
202300039630;155 610 286;7;0;2;7;26;1
202300039631;155 610 283;7;0;1;6;4;1
202300039632;155 610 282;10;0;0;0;1;1
202300039633;155 610 280;60;0;2;0;19;5
202300039633;155 610 281;7;0;2;2;16;0
202300039634;155 610 278;2;0;2;7;1;1
202300039634;155 610 279;3;0;2;7;19;1
202300039635;155 610 277;30;0;1;2;3;0
202300039636;155 610 274;2;0;2;1;7;0
202300039636;155 610 275;7;0;2;7;16;1
202300039637;155 610 271;7;4;0;2;14;1
202300039638;155 610 269;7;0;2;3;1;1
202300039638;155 610 272;7;0;2;2;9;1
202300039639;155 610 268;7;0;2;1;1;1
202300039639;155 610 270;7;0;2;3;23;1
202300039639;155 610 273;10;0;2;2;9;1
202300039640;155 610 263;7;0;2;9;9;1
202300039640;155 610 265;7;0;2;2;1;1
202300039640;155 610 267;7;0;2;2;1;1
202300039641;155 610 262;7;8;0;2;1;1
202300039642;155 610 264;34;0;2;2;17;1
202300039642;155 610 266;7;0;2;3;15;1
202300039643;155 610 261;32;0;1;1;1;1
202300039644;155 610 259;7;0;9;1;15;1
202300039645;155 610 258;7;0;0;4;2;1
202300039645;155 610 260;7;0;0;3;2;1
202300039646;155 610 255;7;0;2;3;15;1
202300039646;155 610 257;1;0;2;1;17;5
202300039647;155 610 256;7;0;1;1;1;1
202300039648;155 610 251;7;0;2;3;9;1
202300039648;155 610 253;7;0;2;2;15;1
202300039649;155 610 252;30;0;1;1;1;1
202300039650;155 610 248;1;0;0;0;0;5
202300039650;155 610 249;7;0;2;5;23;1
202300039651;155 610 245;7;0;2;3;15;1
202300039651;155 610 247;1;0;2;8;1;5
202300039652;155 610 244;7;0;2;2;1;1
202300039652;155 610 246;7;0;2;4;1;1
202300039652;155 610 250;7;0;2;4;1;1
202300039653;155 610 243;33;0;2;1;26;1
202300039654;155 610 241;7;0;2;1;21;0
202300039654;155 610 242;33;0;2;4;1;1
202300039655;155 610 238;7;0;2;3;19;0
202300039655;155 610 240;43;0;2;1;1;0
202300039656;155 610 236;7;0;0;9;19;1
202300039657;155 610 235;7;0;2;4;1;0
202300039657;155 610 237;7;0;2;0;0;0
202300039657;155 610 239;7;0;2;0;0;0
202300039658;155 610 233;7;0;2;8;22;1
202300039658;155 610 234;1;1;0;7;1;5
202300039659;155 610 232;7;16;0;9;1;1
202300039660;155 610 231;7;0;1;1;9;1
202300039661;155 610 230;7;1;0;2;2;1
202300039662;155 610 228;1;15;0;0;1;5
202300039663;155 610 226;7;0;2;1;26;1
202300039663;155 610 229;7;0;2;4;1;1
202300039664;155 610 225;50;0;2;3;13;3
202300039664;155 610 227;15;0;2;2;1;1
202300039665;155 610 224;7;4;0;1;0;1
202300039666;155 610 222;7;0;1;3;1;1
202300039667;155 610 221;7;0;2;2;9;1
202300039667;155 610 223;32;0;2;1;17;1
202300039668;155 610 218;7;3;0;2;0;1
202300039668;155 610 220;7;1;0;1;2;1
202300039669;155 610 217;7;0;2;1;13;3
202300039669;155 610 219;7;0;2;1;1;1
202300039670;155 610 214;7;6;0;1;1;1
202300039671;155 610 213;7;9;0;4;23;0
202300039671;155 610 215;7;0;2;4;23;0
202300039671;155 610 216;7;0;2;1;1;0
202300039672;155 610 210;34;1;0;2;1;1
202300039673;155 610 207;7;9;0;3;1;1
202300039674;155 610 205;7;8;0;1;1;1
202300039675;155 610 204;7;0;2;1;1;1
202300039675;155 610 206;17;0;2;6;12;1
202300039676;155 610 203;7;2;0;1;14;6
202300039677;155 610 198;33;0;2;1;3;1
202300039677;155 610 200;7;0;2;8;11;1
202300039678;155 610 197;7;0;2;1;1;1
202300039678;155 610 199;7;0;2;1;1;1
202300039679;155 610 195;7;4;0;0;1;1
202300039680;155 610 194;7;0;2;1;13;1
202300039680;155 610 196;15;0;2;1;1;1
202300039681;155 610 191;21;0;2;8;1;1
202300039681;155 610 192;7;0;2;7;1;1
202300039681;155 610 193;7;0;2;1;1;1
202300039682;155 610 188;2;0;2;1;1;1
202300039682;155 610 190;7;0;2;5;23;1
202300039683;155 610 187;7;0;2;1;15;1
202300039683;155 610 189;7;0;1;5;1;1
202300039684;155 610 185;7;0;2;3;13;1
202300039684;155 610 186;7;0;2;8;1;1
202300039685;155 610 180;7;0;2;8;13;1
202300039685;155 610 183;10;0;2;8;1;1
202300039686;155 610 182;7;0;2;2;9;1
202300039686;155 610 184;32;0;2;1;1;1
202300039687;155 610 178;7;0;2;1;1;1
202300039687;155 610 181;7;0;2;1;1;1
202300039688;155 610 176;7;0;2;3;15;1
202300039688;155 610 179;31;0;2;1;17;1
202300039689;155 610 174;7;0;2;8;15;1
202300039689;155 610 177;7;0;2;6;26;1
202300039690;155 610 172;7;0;2;3;13;1
202300039690;155 610 173;10;0;2;3;1;1
202300039690;155 610 175;7;0;2;8;1;1
202300039691;155 610 170;7;0;2;1;2;1
202300039691;155 610 171;33;0;2;4;1;1
202300039692;155 610 167;7;8;2;3;9;1
202300039692;155 610 168;33;0;2;1;2;1
202300039693;155 610 165;7;0;2;8;24;1
202300039693;155 610 166;1;1;0;7;1;0
202300039694;155 610 164;7;0;2;1;1;1
202300039694;155 610 169;7;0;2;8;1;1
202300039695;155 610 162;2;0;0;0;0;1
202300039696;155 610 161;7;0;2;7;1;1
202300039696;155 610 163;7;7;2;1;1;1
202300039697;155 610 160;32;0;0;1;1;0
202300039698;155 610 157;33;0;0;1;21;1
202300039699;155 610 156;7;0;2;2;13;1
202300039699;155 610 158;7;0;2;2;21;1
202300039700;155 610 154;7;0;2;4;2;1
202300039700;155 610 155;10;0;2;4;1;1
202300039700;155 610 159;7;0;2;1;2;1
202300039701;155 610 151;7;0;2;1;1;1
202300039701;155 610 153;7;0;2;4;1;1
202300039702;155 610 148;7;0;2;2;10;1
202300039702;155 610 149;33;8;2;1;1;1
202300039703;155 610 146;7;3;0;1;9;1
202300039704;155 610 145;7;0;2;4;2;2
202300039704;155 610 147;30;0;2;4;2;1
202300039704;155 610 150;7;0;2;1;2;1
202300039705;155 610 144;2;9;0;1;0;1
202300039706;155 610 140;32;0;2;7;18;1
202300039706;155 610 143;7;0;2;7;16;1
202300039707;155 610 138;7;0;2;4;1;1
202300039707;155 610 139;7;0;2;1;2;1
202300039707;155 610 141;7;0;2;5;1;1
202300039708;155 610 137;7;0;0;3;13;1
202300039709;155 610 135;31;0;2;1;2;1
202300039709;155 610 136;7;0;2;4;11;1
202300039710;155 610 133;7;13;0;1;2;1
202300039711;155 610 131;50;0;2;1;17;3
202300039711;155 610 134;10;0;9;2;1;1
202300039712;155 610 126;7;0;9;1;1;1
202300039712;155 610 128;50;0;2;1;15;3
202300039713;155 610 124;7;0;2;1;1;1
202300039713;155 610 129;7;0;2;2;19;1
202300039714;155 610 125;7;0;2;4;2;0
202300039714;155 610 127;7;0;2;1;2;1
202300039714;155 610 130;7;0;2;4;2;1
202300039714;155 610 132;10;0;2;4;2;1
202300039715;155 610 121;33;13;0;1;1;1
202300039716;155 610 120;7;0;2;1;2;1
202300039716;155 610 122;7;0;2;4;16;1
202300039717;155 610 119;7;0;2;1;16;6
202300039717;155 610 123;7;0;2;1;15;6
202300039718;155 610 118;7;0;1;2;1;1
202300039719;155 610 115;1;9;2;8;26;5
202300039719;155 610 117;7;9;2;1;15;0
202300039720;155 610 114;7;13;0;3;13;1
202300039721;155 610 113;7;0;2;1;1;1
202300039721;155 610 116;7;0;2;1;5;1
202300039722;155 610 110;1;0;2;3;14;5
202300039722;155 610 112;7;0;2;2;3;1
202300039723;155 610 109;7;0;2;1;1;1
202300039723;155 610 111;7;0;2;1;17;1
202300039724;155 610 107;10;0;2;2;2;1
202300039724;155 610 108;32;0;2;8;10;1
202300039725;155 610 104;7;0;2;3;1;1
202300039725;155 610 105;7;0;2;3;1;1
202300039726;155 610 103;7;0;2;4;1;1
202300039726;155 610 106;10;14;0;1;1;1
202300039727;155 610 098;7;8;2;1;1;1
202300039727;155 610 100;7;0;2;1;15;1
202300039728;155 610 099;7;0;2;1;1;2
202300039728;155 610 102;50;0;2;8;1;3
202300039729;155 610 097;7;0;2;4;2;1
202300039729;155 610 101;10;0;2;1;2;0
202300039730;155 610 096;7;0;1;2;16;1
202300039731;155 610 095;7;0;1;3;1;2
202300039732;155 610 093;33;0;2;2;17;0
202300039732;155 610 094;7;0;2;3;15;0
202300039733;155 610 091;10;15;0;3;1;6
202300039734;155 610 089;7;0;2;1;1;1
202300039734;155 610 090;7;0;2;4;1;1
202300039735;155 610 088;1;0;2;6;19;5
202300039735;155 610 092;7;0;2;6;16;0
202300039736;155 610 084;33;0;2;1;21;1
202300039736;155 610 086;33;0;2;1;26;1
202300039737;155 610 083;30;0;2;4;0;1
202300039737;155 610 087;10;0;2;1;0;1
202300039738;155 610 082;1;0;2;1;15;5
202300039738;155 610 085;7;0;2;3;9;1
202300039739;155 610 081;17;3;0;1;1;1
202300039740;155 610 078;7;2;0;3;0;1
202300039741;155 610 077;7;0;2;3;0;1
202300039741;155 610 080;1;0;2;2;19;5
202300039742;155 610 076;2;0;2;2;1;1
202300039742;155 610 079;10;0;2;3;9;1
202300039743;155 610 075;33;4;0;0;1;1
202300039744;155 610 074;7;0;1;1;1;1
202300039745;155 610 071;10;0;2;3;1;1
202300039745;155 610 073;1;0;2;1;1;5
202300039746;155 610 068;7;15;1;1;25;1
202300039747;155 610 066;7;0;1;1;1;1
202300039748;155 610 067;7;0;2;5;18;1
202300039748;155 610 069;1;0;2;0;0;5
202300039748;155 610 070;1;0;2;2;1;5
202300039749;155 610 062;7;15;0;1;1;1
202300039750;155 610 060;7;0;2;1;2;1
202300039750;155 610 061;7;0;2;4;2;1
202300039750;155 610 064;7;0;2;1;2;1
202300039750;155 610 065;10;0;2;1;2;1
202300039751;155 610 059;2;0;2;1;15;1
202300039751;155 610 063;7;0;2;2;1;1
202300039752;155 610 055;7;0;2;4;1;1
202300039752;155 610 057;33;0;2;1;2;1
202300039753;155 610 054;7;0;9;3;1;1
202300039754;155 610 052;7;16;0;3;0;1
202300039755;155 610 050;7;0;1;2;9;1
202300039756;155 610 049;43;8;0;1;26;1
202300039757;155 610 047;7;0;2;1;0;1
202300039757;155 610 048;7;0;2;7;0;1
202300039758;155 610 046;7;0;1;2;1;1
202300039759;155 610 044;7;0;2;4;1;1
202300039759;155 610 045;7;4;2;1;13;1
202300039760;155 610 041;7;0;2;1;13;1
202300039760;155 610 042;10;0;0;3;1;1
202300039761;155 610 040;7;0;2;1;2;1
202300039761;155 610 043;1;0;2;4;2;5
202300039762;155 610 039;30;14;0;0;26;3
202300039763;155 610 038;33;0;1;1;26;1
202300039764;155 610 037;32;0;1;1;0;1
202300039765;155 610 035;7;0;0;8;15;1
202300039765;155 610 036;33;7;2;1;0;1
202300039766;155 610 034;7;13;0;1;0;1
202300039767;155 610 032;10;0;2;1;13;6
202300039767;155 610 033;7;0;2;1;1;6
202300039768;155 610 027;50;0;2;7;1;3
202300039768;155 610 028;7;0;2;3;1;1
202300039769;155 610 026;7;0;2;2;0;0
202300039769;155 610 030;7;0;2;0;0;0
202300039770;155 610 022;7;0;2;1;2;1
202300039770;155 610 025;7;0;2;4;2;1
202300039770;155 610 029;7;0;2;4;2;1
202300039770;155 610 031;7;0;0;4;2;1
202300039771;155 610 021;30;0;2;1;1;3
202300039771;155 610 024;7;0;2;8;1;1
202300039772;155 610 023;1;0;0;1;1;5
202300039773;155 610 019;7;0;2;5;17;3
202300039773;155 610 020;7;3;2;3;13;2
202300039774;155 610 017;7;0;2;3;1;1
202300039774;155 610 018;30;0;2;1;13;3
202300039775;155 610 016;7;13;0;1;26;1
202300039776;155 610 015;7;14;0;2;14;1
202300039777;155 610 012;7;0;2;1;0;1
202300039777;155 610 014;7;0;2;1;26;1
202300039778;155 610 011;7;4;0;1;14;1
202300039779;155 610 010;7;0;9;3;15;1
202300039779;155 610 013;1;0;0;8;1;5
202300039780;155 610 006;1;0;2;1;1;5
202300039780;155 610 009;7;0;2;3;13;1
202300039781;155 610 005;33;0;2;1;1;1
202300039781;155 610 007;7;0;2;4;26;1
202300039782;155 610 004;2;0;2;1;1;1
202300039782;155 610 008;7;0;2;8;15;1
202300039783;155 610 001;7;0;0;4;2;1
202300039783;155 610 003;7;0;2;1;2;1
202300039784;155 609 998;7;3;0;8;2;1
202300039784;155 610 000;7;0;0;0;0;1
202300039785;155 609 996;2;0;2;1;5;1
202300039785;155 609 999;7;0;2;3;1;1
202300039786;155 609 995;7;0;2;3;9;1
202300039786;155 609 997;2;0;2;7;1;1
202300039787;155 609 994;7;13;0;1;2;0
202300039788;155 609 993;7;4;0;8;1;1
202300039789;155 609 991;7;7;0;1;9;1
202300039790;155 609 988;7;0;2;1;1;1
202300039790;155 609 992;3;0;2;6;0;3
202300039791;155 609 986;33;0;2;0;3;1
202300039791;155 609 989;7;0;2;4;11;1
202300039792;155 609 987;7;0;2;1;1;1
202300039792;155 609 990;7;0;2;7;15;1
202300039793;155 609 984;7;1;0;3;13;1
202300039794;155 609 981;10;6;2;3;1;1
202300039794;155 609 983;7;0;2;2;19;1
202300039795;155 609 982;33;0;2;2;26;1
202300039795;155 609 985;7;0;2;3;11;1
202300039796;155 609 980;7;13;0;1;14;1
202300039797;155 609 977;7;0;2;1;2;1
202300039797;155 609 978;7;0;2;4;0;1
202300039798;155 609 975;7;0;2;3;1;0
202300039798;155 609 979;7;0;2;6;1;0
202300039799;155 609 974;7;0;9;0;15;2
202300039799;155 609 976;1;0;2;0;0;5
202300039800;155 609 970;7;0;2;1;1;1
202300039800;155 609 972;7;0;2;4;1;1
202300039801;155 609 968;7;0;2;4;2;2
202300039801;155 609 971;10;0;2;1;2;1
202300039801;155 609 973;38;0;2;1;12;1
202300039802;155 609 967;7;0;2;3;20;1
202300039802;155 609 969;30;0;2;0;1;1
202300039803;155 609 964;32;0;2;2;1;1
202300039803;155 609 966;7;0;2;8;9;1
202300039804;155 609 963;7;15;0;2;26;1
202300039805;155 609 962;34;0;2;7;12;1
202300039805;155 609 965;15;0;2;2;2;1
202300039806;155 609 961;7;0;5;0;1;1
202300039807;155 609 959;7;0;1;7;19;1
202300039808;155 609 960;7;0;1;1;1;1
202300039809;155 609 958;7;0;1;2;15;1
202300039810;155 609 955;7;0;2;8;1;1
202300039810;155 609 957;7;0;2;1;1;0
202300039811;155 609 954;7;0;2;2;19;1
202300039811;155 609 956;7;0;2;8;1;1
202300039812;155 609 949;7;0;2;1;26;1
202300039812;155 609 952;7;0;2;8;19;1
202300039812;155 609 953;7;0;2;1;19;1
202300039813;155 609 950;80;0;1;1;1;3
202300039814;155 609 948;7;0;2;2;1;1
202300039814;155 609 951;7;8;0;2;1;3
202300039815;155 609 946;7;0;1;2;15;1
202300039816;155 609 943;1;0;2;1;21;5
202300039816;155 609 945;7;0;2;0;1;1
202300039817;155 609 944;33;0;2;2;17;1
202300039817;155 609 947;10;0;2;6;15;1
202300039818;155 609 938;17;0;2;8;2;1
202300039818;155 609 939;7;0;2;2;2;1
202300039818;155 609 942;7;0;2;4;2;1
202300039819;155 609 937;1;0;2;8;10;5
202300039819;155 609 940;30;0;2;1;21;3
202300039820;155 609 936;7;0;2;4;1;1
202300039820;155 609 941;7;0;2;1;26;1
202300039821;155 609 934;2;0;2;7;15;1
202300039821;155 609 935;7;0;2;3;1;1
202300039822;155 609 932;7;2;0;1;14;1
202300039823;155 609 933;7;0;1;3;4;1
202300039824;155 609 930;38;0;2;3;16;1
202300039824;155 609 931;33;0;2;1;26;1
202300039825;155 609 928;7;0;2;8;10;1
202300039825;155 609 929;32;0;2;1;1;1
202300039826;155 609 926;7;0;1;1;1;1
202300039827;155 609 924;80;0;1;1;1;3
202300039828;155 609 925;7;0;2;8;11;1
202300039828;155 609 927;34;0;2;2;3;1
202300039829;155 609 922;30;0;2;8;1;1
202300039829;155 609 923;7;1;0;8;1;1
202300039830;155 609 921;7;0;1;1;1;1
202300039831;155 609 917;10;0;1;4;4;1
202300039832;155 609 918;33;0;2;1;3;1
202300039832;155 609 919;7;0;2;3;1;1
202300039832;155 609 920;7;0;2;5;1;1
202300039833;155 609 916;43;0;1;1;1;1
202300039834;155 609 912;7;0;2;2;2;1
202300039834;155 609 915;50;0;2;1;19;3
202300039835;155 609 911;10;0;2;4;4;3
202300039835;155 609 913;1;0;2;1;1;5
202300039836;155 609 910;34;0;2;1;2;3
202300039836;155 609 914;7;0;2;5;2;1
202300039837;155 609 908;7;0;2;3;1;1
202300039837;155 609 909;7;0;2;3;1;1
202300039838;155 609 905;7;0;2;3;15;1
202300039838;155 609 907;30;0;2;1;1;1
202300039839;155 609 903;33;0;2;1;1;1
202300039839;155 609 906;7;0;2;8;10;1
202300039840;155 609 904;7;9;0;1;26;1
202300039841;155 609 899;7;0;2;1;15;1
202300039841;155 609 902;50;0;2;2;1;3
202300039842;155 609 897;50;0;2;7;5;3
202300039842;155 609 901;10;0;2;7;1;1
202300039843;155 609 898;2;0;2;2;1;1
202300039843;155 609 900;7;0;0;3;15;1
202300039844;155 609 895;33;12;0;7;1;1
202300039845;155 609 893;1;0;2;1;5;5
202300039845;155 609 896;17;0;2;6;1;1
202300039846;155 609 892;7;0;2;5;16;1
202300039846;155 609 894;80;0;2;1;1;3
202300039847;155 609 888;7;0;2;3;1;1
202300039847;155 609 890;10;0;2;3;1;3
202300039847;155 609 891;7;0;2;3;13;1
202300039848;155 609 887;1;0;2;7;15;5
202300039848;155 609 889;7;0;2;1;1;2
202300039849;155 609 886;80;9;0;1;1;3
202300039850;155 609 885;50;0;1;1;1;3
202300039851;155 609 884;50;0;1;1;15;3
202300039852;155 609 883;1;12;0;1;25;5
202300039853;155 609 880;7;0;2;7;10;1
202300039853;155 609 882;43;0;2;1;1;1
202300039854;155 609 879;33;0;2;2;17;1
202300039854;155 609 881;7;0;2;3;15;2
202300039855;155 609 876;7;0;1;3;1;1
202300039856;155 609 875;2;0;2;1;1;3
202300039856;155 609 877;7;0;2;3;15;1
202300039857;155 609 878;7;0;1;1;1;1
202300039858;155 609 873;34;0;2;7;17;1
202300039858;155 609 874;7;0;2;2;15;1
202300039859;155 609 869;7;0;2;1;9;1
202300039859;155 609 870;50;0;2;8;1;3
202300039860;155 609 867;7;0;2;3;10;1
202300039860;155 609 872;37;0;2;2;1;1
202300039861;155 609 868;7;0;2;2;1;1
202300039861;155 609 871;32;0;2;4;15;1
202300039862;155 609 863;7;0;2;3;1;1
202300039862;155 609 865;7;0;2;2;1;1
202300039863;155 609 860;1;0;2;1;26;5
202300039863;155 609 862;7;0;2;5;1;1
202300039864;155 609 861;7;6;0;1;15;2
202300039865;155 609 859;7;0;1;1;1;1
202300039866;155 609 856;7;0;2;1;15;1
202300039866;155 609 857;30;0;2;1;1;0
202300039867;155 609 855;7;0;2;3;1;1
202300039867;155 609 858;33;0;2;0;23;1
202300039868;155 609 852;7;0;2;3;1;1
202300039868;155 609 853;7;0;2;5;12;1
202300039869;155 609 851;7;0;2;1;1;1
202300039869;155 609 854;7;0;2;2;26;1
202300039870;155 609 849;7;1;0;5;17;1
202300039870;155 609 850;7;0;2;5;24;2
202300039871;155 609 847;7;8;0;1;14;1
202300039872;155 609 846;7;1;0;6;24;1
202300039872;155 609 848;7;1;0;2;1;1
202300039873;155 609 844;7;0;2;3;21;1
202300039873;155 609 845;1;0;2;7;19;5
202300039874;155 609 843;7;9;0;1;13;1
202300039875;155 609 841;33;0;2;1;17;1
202300039875;155 609 842;80;0;2;6;19;3
202300039876;155 609 840;30;13;0;1;15;0
202300039877;155 609 837;1;0;2;1;1;5
202300039877;155 609 839;7;0;2;2;17;1
202300039878;155 609 836;2;0;2;3;16;1
202300039878;155 609 838;7;0;2;3;15;1
202300039879;155 609 834;10;0;2;3;15;1
202300039879;155 609 835;32;0;2;8;23;1
202300039880;155 609 831;34;0;2;1;1;0
202300039880;155 609 832;3;0;2;1;11;0
202300039881;155 609 830;7;0;2;3;15;1
202300039881;155 609 833;30;0;2;1;1;1
202300039882;155 609 828;7;0;2;3;1;3
202300039882;155 609 829;7;0;2;3;15;1
202300039883;155 609 826;10;0;2;8;20;1
202300039883;155 609 827;33;0;2;1;1;1
202300039884;155 609 823;7;0;2;4;23;1
202300039884;155 609 825;32;14;2;1;1;1
202300039885;155 609 822;7;0;2;1;15;0
202300039885;155 609 824;50;0;2;1;1;3
202300039886;155 609 819;33;0;2;1;17;1
202300039886;155 609 821;7;0;2;7;15;2
202300039887;155 609 818;7;0;2;3;1;1
202300039887;155 609 820;99;0;2;1;21;3
202300039888;155 609 813;7;0;2;2;16;1
202300039888;155 609 817;1;0;2;1;2;5
202300039889;155 609 815;7;0;2;1;2;1
202300039889;155 609 816;7;0;2;4;23;1
202300039890;155 609 812;7;0;2;2;15;1
202300039890;155 609 814;7;0;2;1;1;1
202300039891;155 609 810;7;1;0;3;13;1
202300039892;155 609 809;32;0;2;1;18;1
202300039892;155 609 811;7;0;2;7;16;1
202300039893;155 609 807;7;0;2;1;9;0
202300039893;155 609 808;7;0;2;1;8;0
202300039894;155 609 803;7;0;2;3;2;1
202300039894;155 609 804;7;0;2;5;2;1
202300039894;155 609 806;7;0;2;4;2;2
202300039895;155 609 801;7;0;2;8;26;1
202300039895;155 609 805;7;0;2;1;26;1
202300039896;155 609 800;7;0;2;7;0;1
202300039896;155 609 802;31;0;2;7;17;1
202300039897;155 609 798;7;0;0;8;22;1
202300039897;155 609 799;1;1;0;1;1;5
202300039898;155 609 793;10;0;2;1;2;1
202300039898;155 609 796;7;0;2;4;2;1
202300039898;155 609 797;10;0;2;4;1;1
202300039899;155 609 795;2;17;0;0;1;1
202300039900;155 609 794;7;4;0;2;0;1
202300039901;155 609 792;7;0;0;9;1;1
202300039902;155 609 791;7;13;0;1;2;1
202300039903;155 609 789;7;0;2;3;0;1
202300039903;155 609 790;2;0;2;1;13;1
202300039904;155 609 788;33;2;0;1;1;1
202300039905;155 609 786;7;0;2;8;15;1
202300039905;155 609 787;7;1;2;2;1;1
202300039906;155 609 785;7;4;0;9;14;1
202300039907;155 609 781;7;0;2;3;0;1
202300039907;155 609 784;7;0;2;2;0;1
202300039908;155 609 782;7;16;2;1;1;0
202300039908;155 609 783;7;16;2;1;13;1
202300039909;155 609 779;2;12;0;9;10;1
202300039910;155 609 780;7;7;0;3;0;1
202300039911;155 609 777;7;0;0;1;14;3
202300039912;155 609 776;7;0;2;6;1;1
202300039912;155 609 778;30;0;2;1;1;1
202300039913;155 609 775;10;9;0;1;1;1
202300039914;155 609 771;7;0;2;4;1;1
202300039914;155 609 773;7;0;2;4;15;1
202300039914;155 609 774;7;0;2;1;1;1
202300039915;155 609 770;1;0;2;1;5;5
202300039915;155 609 772;7;0;2;2;16;1
202300039916;155 609 767;7;0;9;2;1;1
202300039916;155 609 769;1;13;0;6;1;5
202300039917;155 609 765;7;0;2;1;1;1
202300039917;155 609 766;10;0;2;6;1;1
202300039917;155 609 768;7;0;2;4;1;1
202300039918;155 609 764;7;2;0;1;1;1
202300039919;155 609 763;7;7;0;1;13;1
202300039920;155 609 762;2;0;0;7;14;1
202300039921;155 609 761;7;17;0;2;13;1
202300039922;155 609 758;7;0;9;2;16;1
202300039922;155 609 759;50;0;2;1;1;3
202300039923;155 609 754;7;0;1;1;1;2
202300039924;155 609 753;31;0;2;1;0;1
202300039924;155 609 755;7;0;2;2;0;1
202300039925;155 609 751;7;0;2;2;16;3
202300039925;155 609 752;80;0;2;7;25;3
202300039926;155 609 749;7;0;2;2;19;1
202300039926;155 609 750;33;0;2;8;1;1
202300039927;155 609 747;7;13;0;2;1;1
202300039928;155 609 748;34;12;1;1;14;1
202300039929;155 609 745;7;15;0;1;1;1
202300039930;155 609 743;1;0;0;0;0;5
202300039931;155 609 744;7;0;2;4;1;3
202300039931;155 609 746;10;0;2;1;1;1
202300039932;155 609 740;7;13;0;1;1;1
202300039933;155 609 739;7;9;2;3;15;1
202300039933;155 609 741;80;0;2;8;1;3
202300039934;155 609 737;7;0;0;7;1;1
202300039935;155 609 735;7;0;0;1;1;1
202300039936;155 609 734;33;0;2;7;1;1
202300039936;155 609 736;7;0;2;3;19;1
202300039937;155 609 732;7;2;0;8;14;1
202300039938;155 609 731;2;0;2;1;1;1
202300039938;155 609 733;7;0;2;1;5;0
202300039939;155 609 728;2;0;2;1;2;1
202300039939;155 609 729;7;0;0;6;1;1
202300039940;155 609 730;32;0;0;7;19;1
202300039941;155 609 727;7;0;0;0;1;1
202300039942;155 609 724;32;8;0;1;1;1
202300039943;155 609 721;7;13;0;1;19;0
202300039944;155 609 720;7;0;2;1;1;1
202300039944;155 609 722;7;0;2;4;1;1
202300039944;155 609 723;7;0;2;4;1;1
202300039945;155 609 718;7;0;1;7;0;1
202300039946;155 609 716;7;0;2;3;17;1
202300039946;155 609 717;7;0;2;3;1;1
202300039946;155 609 719;7;0;9;1;1;1
202300039947;155 609 715;7;0;1;3;19;1
202300039948;155 609 714;7;6;0;1;1;1
202300039949;155 609 711;2;0;2;1;1;1
202300039949;155 609 713;7;0;2;3;1;1
202300039950;155 609 710;38;0;2;3;1;1
202300039950;155 609 712;33;0;2;1;13;1
202300039951;155 609 709;7;13;0;1;1;1
202300039952;155 609 708;30;0;1;1;1;1
202300039953;155 609 705;2;0;2;3;2;1
202300039953;155 609 706;7;0;2;1;9;1
202300039954;155 609 704;7;16;0;9;0;1
202300039955;155 609 702;33;0;2;1;13;1
202300039955;155 609 703;7;0;2;3;1;1
202300039956;155 609 700;43;12;0;2;14;0
202300039957;155 609 699;7;0;2;7;13;1
202300039957;155 609 701;7;0;2;7;1;1
202300039958;155 609 698;30;0;0;0;1;1
202300039959;155 609 695;2;0;2;0;1;0
202300039959;155 609 697;7;0;2;0;11;0
202300039960;155 609 693;99;0;2;4;1;1
202300039960;155 609 694;7;0;2;0;2;1
202300039960;155 609 696;7;0;2;4;1;1
202300039961;155 609 691;7;9;2;6;15;1
202300039961;155 609 692;33;0;2;1;17;1
202300039962;155 609 689;32;0;2;1;1;1
202300039962;155 609 690;7;0;2;3;11;2
202300039963;155 609 685;7;0;2;1;26;1
202300039963;155 609 686;7;0;2;3;1;1
202300039963;155 609 688;7;0;2;1;21;3
202300039964;155 609 684;7;0;2;3;1;1
202300039964;155 609 687;7;0;2;8;15;1
202300039965;155 609 680;7;0;2;1;1;1
202300039965;155 609 683;7;0;2;1;13;1
202300039966;155 609 681;32;0;2;1;2;1
202300039966;155 609 682;7;0;2;6;2;2
202300039967;155 609 677;34;0;2;1;3;1
202300039967;155 609 678;7;0;2;5;1;1
202300039968;155 609 676;7;0;2;3;15;1
202300039968;155 609 679;1;0;2;8;1;5
202300039969;155 609 673;7;0;2;8;1;1
202300039969;155 609 675;15;0;2;2;12;1
202300039970;155 609 674;10;14;0;1;6;1
202300039971;155 609 670;33;0;2;1;3;1
202300039971;155 609 672;10;0;2;5;1;1
202300039972;155 609 669;7;0;2;1;17;1
202300039972;155 609 671;33;0;2;1;1;1
202300039973;155 609 667;33;15;9;1;1;1
202300039974;155 609 666;7;0;2;8;1;1
202300039974;155 609 668;33;0;2;7;17;1
202300039975;155 609 664;7;0;2;1;2;1
202300039976;155 609 663;10;0;2;5;1;1
202300039976;155 609 665;7;0;2;2;2;1
202300039977;155 609 662;1;0;1;1;1;5
202300039978;155 609 660;7;0;2;8;1;1
202300039978;155 609 661;15;0;2;2;12;1
202300039979;155 609 658;31;0;2;1;2;1
202300039979;155 609 659;7;0;2;5;2;1
202300039980;155 609 654;7;0;2;4;2;0