Num_Acc;id_vehicule;catv;obs;obsm;choc;manv;motor
202300040334;155 609 040;10;0;2;1;1;1
202300040334;155 609 041;7;0;2;3;15;1
202300040335;155 609 035;30;0;2;7;17;1
202300040335;155 609 038;7;0;2;8;15;1
202300040336;155 609 036;7;0;2;1;15;1
202300040336;155 609 039;30;0;2;8;1;1
202300040337;155 609 033;7;2;0;1;0;1
202300040338;155 609 032;31;0;2;1;17;3
202300040338;155 609 034;7;0;2;8;15;2
202300040339;155 609 031;2;0;0;2;1;1
202300040340;155 609 029;7;2;0;2;13;1
202300040341;155 609 023;7;0;2;0;0;1
202300040341;155 609 025;7;0;2;0;0;1
202300040341;155 609 027;10;0;2;0;0;1
202300040342;155 609 024;7;0;2;1;2;1
202300040342;155 609 026;10;0;2;4;2;1
202300040342;155 609 028;7;0;2;4;2;1
202300040343;155 609 022;7;0;0;9;21;1
202300040344;155 609 019;7;0;2;3;15;1
202300040344;155 609 021;32;0;2;1;1;1
202300040345;155 609 018;7;0;2;2;1;1
202300040345;155 609 020;7;0;2;7;10;1
202300040346;155 609 015;50;0;2;2;19;3
202300040346;155 609 017;10;0;2;0;1;1
202300040347;155 609 013;7;0;2;4;23;1
202300040347;155 609 014;7;0;2;4;26;1
202300040347;155 609 016;7;0;2;1;26;1
202300040348;155 609 011;7;0;0;0;1;1
202300040349;155 609 010;7;0;2;2;15;1
202300040349;155 609 012;7;0;2;3;1;1
202300040350;155 609 005;7;0;2;1;1;1
202300040350;155 609 007;7;0;2;4;1;1
202300040351;155 609 006;10;2;0;1;1;1
202300040352;155 609 003;7;0;2;3;1;1
202300040352;155 609 004;7;0;2;3;1;2
202300040353;155 609 001;7;0;1;3;15;1
202300040354;155 608 999;1;1;0;7;2;5
202300040355;155 609 000;7;0;2;1;15;1
202300040355;155 609 002;7;0;2;1;1;1
202300040356;155 608 998;10;0;1;3;1;1
202300040357;155 608 997;7;0;1;1;9;1
202300040358;155 608 996;7;8;0;3;13;1
202300040359;155 608 994;7;0;2;3;15;1
202300040359;155 608 995;33;0;2;8;1;1
202300040360;155 608 990;7;13;0;2;0;1
202300040361;155 608 989;7;0;2;6;13;1
202300040361;155 608 991;10;0;2;3;1;1
202300040362;155 608 984;33;0;2;1;2;1
202300040362;155 608 987;7;0;2;4;2;3
202300040363;155 608 986;31;15;0;1;1;1
202300040364;155 608 985;7;0;2;1;2;1
202300040364;155 608 988;7;0;2;1;13;1
202300040365;155 608 980;2;0;2;1;1;1
202300040365;155 608 983;7;0;2;3;10;1
202300040366;155 608 979;10;0;9;4;4;1
202300040366;155 608 981;1;0;2;0;1;5
202300040367;155 608 978;7;0;2;7;1;1
202300040367;155 608 982;2;0;2;1;1;1
202300040368;155 608 973;7;0;2;3;15;1
202300040368;155 608 976;1;0;2;1;1;5
202300040369;155 608 970;7;0;9;4;2;1
202300040369;155 608 972;33;0;2;1;2;1
202300040369;155 608 975;33;0;2;1;2;1
202300040370;155 608 971;7;0;2;4;2;1
202300040370;155 608 974;7;0;2;1;2;1
202300040370;155 608 977;7;0;2;4;2;1
202300040371;155 608 969;2;0;1;1;1;1
202300040372;155 608 967;7;3;0;1;14;1
202300040373;155 608 966;7;0;2;1;0;1
202300040373;155 608 968;1;0;2;0;0;5
202300040374;155 608 965;80;0;1;1;21;3
202300040375;155 608 960;7;0;2;4;1;1
202300040375;155 608 962;7;0;2;4;1;1
202300040375;155 608 963;7;0;2;1;1;1
202300040376;155 608 959;7;0;2;4;1;1
202300040376;155 608 964;7;0;2;1;1;1
202300040377;155 608 958;7;0;2;7;1;1
202300040377;155 608 961;7;0;2;1;1;1
202300040378;155 608 956;10;6;2;2;17;1
202300040379;155 608 953;7;14;0;1;13;1
202300040380;155 608 952;1;0;2;1;1;5
202300040380;155 608 954;7;0;2;3;1;0
202300040381;155 608 947;34;0;2;1;1;1
202300040381;155 608 949;34;0;2;7;19;1
202300040382;155 608 948;1;0;2;1;1;5
202300040382;155 608 951;7;0;2;8;19;3
202300040383;155 608 946;7;0;2;2;17;1
202300040383;155 608 950;7;0;2;3;1;6
202300040384;155 608 943;7;0;1;8;1;1
202300040385;155 608 944;50;0;2;0;0;3
202300040385;155 608 945;7;0;2;0;0;3
202300040386;155 608 941;7;0;2;1;2;1
202300040386;155 608 942;7;0;2;4;2;1
202300040387;155 608 939;7;0;1;1;1;1
202300040388;155 608 938;7;0;2;6;10;1
202300040388;155 608 940;2;0;2;1;1;1
202300040389;155 608 935;7;0;1;1;15;1
202300040390;155 608 934;7;0;2;1;1;0
202300040390;155 608 937;7;3;0;4;2;0
202300040391;155 608 933;7;0;2;1;15;1
202300040391;155 608 936;31;0;2;1;1;1
202300040392;155 608 931;7;0;1;1;17;1
202300040393;155 608 928;33;0;2;1;2;1
202300040393;155 608 930;10;0;2;4;2;1
202300040394;155 608 927;7;0;2;5;0;1
202300040394;155 608 929;7;0;2;1;14;1
202300040394;155 608 932;7;0;2;4;2;1
202300040395;155 608 926;33;0;0;1;3;1
202300040396;155 608 925;7;0;1;2;1;1
202300040397;155 608 923;7;0;2;1;1;1
202300040397;155 608 924;7;0;2;4;1;1
202300040398;155 608 920;7;0;2;6;10;1
202300040398;155 608 921;32;0;2;1;2;1
202300040399;155 608 919;32;0;2;3;1;3
202300040399;155 608 922;7;0;2;6;2;0
202300040400;155 608 918;33;3;0;3;14;1
202300040401;155 608 917;3;8;0;0;0;1
202300040402;155 608 914;1;0;0;1;2;5
202300040403;155 608 915;10;0;2;1;2;1
202300040403;155 608 916;7;0;2;4;1;1
202300040404;155 608 913;7;0;1;2;26;6
202300040405;155 608 911;7;6;0;2;1;1
202300040406;155 608 910;10;0;2;2;1;1
202300040406;155 608 912;33;0;2;8;15;1
202300040407;155 608 908;7;2;0;8;0;1
202300040408;155 608 906;30;0;1;2;1;3
202300040409;155 608 905;7;0;2;1;0;1
202300040409;155 608 907;7;0;2;4;0;0
202300040409;155 608 909;7;0;2;4;0;1
202300040410;155 608 901;32;0;0;7;0;1
202300040411;155 608 900;1;0;2;1;1;5
202300040411;155 608 903;7;0;2;6;1;1
202300040412;155 608 899;7;0;2;1;2;1
202300040412;155 608 902;15;0;0;3;1;1
202300040412;155 608 904;7;0;2;4;2;1
202300040413;155 608 894;15;0;2;2;1;1
202300040413;155 608 898;50;0;0;4;1;3
202300040414;155 608 895;30;0;2;6;5;1
202300040414;155 608 897;50;0;2;1;1;3
202300040415;155 608 892;7;0;2;1;2;1
202300040415;155 608 893;7;0;2;4;23;1
202300040415;155 608 896;7;0;0;4;23;1
202300040416;155 608 890;7;0;2;3;1;1
202300040416;155 608 891;7;0;6;3;13;1
202300040417;155 608 888;50;0;2;1;1;3
202300040417;155 608 889;50;0;2;4;1;3
202300040418;155 608 886;7;0;0;4;23;1
202300040418;155 608 887;7;0;2;1;1;1
202300040419;155 608 884;7;6;0;2;2;1
202300040420;155 608 883;10;0;2;3;20;0
202300040420;155 608 885;32;0;2;2;26;1
202300040421;155 608 881;33;13;0;1;13;1
202300040422;155 608 880;10;0;2;1;0;1
202300040422;155 608 882;10;0;2;1;26;1
202300040423;155 608 877;7;0;1;1;1;1
202300040424;155 608 875;7;0;2;4;2;1
202300040424;155 608 878;7;0;2;1;2;1
202300040424;155 608 879;7;0;2;4;2;1
202300040425;155 608 874;33;0;2;0;11;1
202300040425;155 608 876;7;0;0;0;0;1
202300040426;155 608 873;7;0;1;1;1;0
202300040427;155 608 871;7;0;2;1;10;1
202300040427;155 608 872;7;0;2;1;1;1
202300040428;155 608 869;7;0;1;7;16;0
202300040429;155 608 868;1;0;2;7;9;5
202300040429;155 608 870;7;0;2;8;9;1
202300040430;155 608 865;50;0;2;7;1;3
202300040430;155 608 866;7;0;9;7;1;1
202300040431;155 608 862;7;0;2;1;2;1
202300040431;155 608 864;7;0;2;6;2;1
202300040431;155 608 867;7;0;2;5;2;1
202300040432;155 608 861;7;0;0;7;15;0
202300040432;155 608 863;31;0;0;2;1;1
202300040433;155 608 859;50;0;2;7;1;3
202300040433;155 608 860;10;0;2;7;9;1
202300040434;155 608 856;7;0;2;3;10;1
202300040434;155 608 858;30;0;2;2;17;1
202300040435;155 608 855;7;3;2;5;17;1
202300040435;155 608 857;7;13;2;3;1;1
202300040436;155 608 854;10;0;1;4;4;1
202300040437;155 608 852;10;12;1;6;1;0
202300040438;155 608 850;7;0;2;1;17;1
202300040438;155 608 853;2;0;2;1;1;1
202300040439;155 608 851;10;10;2;9;26;1
202300040440;155 608 848;7;9;0;1;1;1
202300040441;155 608 847;33;0;2;1;2;1
202300040441;155 608 849;10;0;2;4;2;1
202300040442;155 608 845;7;0;2;1;17;1
202300040442;155 608 846;14;0;2;1;0;1
202300040443;155 608 841;32;0;2;8;18;1
202300040443;155 608 842;7;0;2;2;2;1
202300040444;155 608 839;7;0;1;1;1;0
202300040444;155 608 844;7;0;2;1;1;0
202300040445;155 608 840;7;0;2;2;15;1
202300040445;155 608 843;42;0;2;1;1;1
202300040446;155 608 836;7;13;0;1;0;1
202300040447;155 608 834;3;0;2;1;1;1
202300040447;155 608 835;3;0;2;0;0;0
202300040447;155 608 838;3;0;2;1;1;0
202300040448;155 608 833;7;0;2;7;1;1
202300040448;155 608 837;50;0;2;1;1;3
202300040449;155 608 832;7;2;0;3;1;1
202300040450;155 608 830;0;0;0;0;0;0
202300040451;155 608 829;7;0;2;3;1;1
202300040451;155 608 831;99;0;2;2;1;3
202300040452;155 608 827;2;0;2;1;9;1
202300040452;155 608 828;7;0;2;2;1;1
202300040453;155 608 823;7;0;2;1;2;1
202300040453;155 608 825;7;0;2;1;2;1
202300040453;155 608 826;7;0;2;4;2;0
202300040454;155 608 822;7;0;2;2;26;1
202300040454;155 608 824;1;0;2;8;1;5
202300040455;155 608 821;7;3;0;2;26;1
202300040456;155 608 819;7;4;0;3;1;1
202300040457;155 608 818;7;0;2;3;6;1
202300040457;155 608 820;32;0;2;3;1;1
202300040458;155 608 816;7;6;0;3;1;1
202300040459;155 608 813;10;0;2;2;2;0
202300040459;155 608 815;1;0;2;4;2;5
202300040460;155 608 814;7;13;0;1;11;1
202300040461;155 608 807;7;0;2;3;13;1
202300040461;155 608 810;7;0;2;3;1;1
202300040462;155 608 808;7;0;2;3;13;1
202300040462;155 608 811;7;0;2;3;1;1
202300040463;155 608 805;7;16;0;0;1;1
202300040464;155 608 803;33;0;2;1;17;1
202300040464;155 608 806;7;0;2;6;15;1
202300040465;155 608 804;33;12;0;1;1;1
202300040466;155 608 802;0;0;1;0;0;0
202300040467;155 608 801;33;0;0;7;1;6
202300040468;155 608 799;7;5;0;1;21;1
202300040469;155 608 800;7;0;1;8;17;1
202300040470;155 608 798;7;2;0;6;1;0
202300040471;155 608 797;7;2;0;2;2;0
202300040472;155 608 796;7;15;0;1;1;1
202300040473;155 608 794;1;0;2;4;1;5
202300040473;155 608 795;7;0;2;2;17;2
202300040474;155 608 792;7;9;2;9;2;2
202300040474;155 608 793;7;0;0;6;1;2
202300040475;155 608 790;7;2;0;8;13;1
202300040476;155 608 791;7;0;1;3;1;1
202300040477;155 608 788;7;0;0;9;14;1
202300040478;155 608 787;7;0;2;0;0;0
202300040478;155 608 789;33;0;2;3;1;1
202300040479;155 608 785;2;0;2;5;1;1
202300040479;155 608 786;7;0;2;5;10;0
202300040480;155 608 784;7;0;0;9;2;1
202300040481;155 608 782;37;0;9;2;1;1
202300040482;155 608 781;21;0;2;3;11;1
202300040482;155 608 783;31;0;2;1;17;1
202300040483;155 608 778;7;0;2;2;19;1
202300040483;155 608 780;7;0;2;1;1;1
202300040484;155 608 777;7;2;0;3;1;2
202300040485;155 608 776;7;0;2;1;15;1
202300040485;155 608 779;33;0;2;8;14;1
202300040486;155 608 775;7;13;0;1;13;1
202300040487;155 608 774;31;12;0;1;0;1
202300040488;155 608 773;0;0;1;0;0;0
202300040489;155 608 770;7;0;9;7;14;1
202300040489;155 608 772;1;0;2;8;1;5
202300040490;155 608 769;7;0;2;1;1;1
202300040490;155 608 771;7;12;2;7;19;1
202300040491;155 608 767;10;0;0;9;13;1
202300040492;155 608 765;7;0;2;0;21;0
202300040492;155 608 766;33;0;2;1;2;1
202300040493;155 608 763;1;0;2;7;1;5
202300040493;155 608 768;7;0;2;1;16;1
202300040494;155 608 762;7;3;0;4;23;1
202300040494;155 608 764;7;1;0;1;2;1
202300040495;155 608 761;7;13;0;2;13;1
202300040496;155 608 760;2;0;0;7;16;1
202300040497;155 608 756;7;0;2;1;2;1
202300040497;155 608 759;7;0;2;4;1;0
202300040498;155 608 755;31;0;2;1;1;1
202300040498;155 608 757;10;0;2;7;15;1
202300040499;155 608 754;31;0;2;1;1;1
202300040499;155 608 758;7;0;0;4;15;1
202300040500;155 608 751;7;0;2;3;2;1
202300040500;155 608 753;7;0;2;5;2;1
202300040501;155 608 749;36;0;0;0;0;1
202300040502;155 608 750;7;0;2;1;9;1
202300040502;155 608 752;32;0;2;4;23;1
202300040503;155 608 748;33;0;0;0;21;1
202300040504;155 608 747;7;4;0;5;9;1
202300040505;155 608 745;7;0;2;1;23;1
202300040505;155 608 746;7;1;0;4;4;1
202300040506;155 608 744;7;0;1;2;1;1
202300040507;155 608 743;7;4;0;1;16;1
202300040508;155 608 740;2;0;0;7;1;1
202300040509;155 608 739;7;0;2;1;0;1
202300040509;155 608 741;7;0;9;1;0;1
202300040510;155 608 738;7;2;0;8;1;1
202300040511;155 608 735;14;0;2;1;16;1
202300040511;155 608 737;7;0;2;2;1;1
202300040512;155 608 734;7;0;1;8;1;1
202300040513;155 608 733;34;0;2;3;1;1
202300040513;155 608 736;7;0;0;5;9;1
202300040514;155 608 728;7;0;2;3;0;1
202300040514;155 608 731;7;0;2;3;0;1
202300040515;155 608 729;7;0;9;1;1;1
202300040515;155 608 732;60;0;2;1;1;5
202300040516;155 608 727;1;0;2;0;0;5
202300040516;155 608 730;7;0;9;0;0;0
202300040517;155 608 725;7;0;1;3;15;1
202300040518;155 608 723;7;0;2;2;9;1
202300040518;155 608 726;7;0;2;3;1;1
202300040519;155 608 722;50;0;1;9;1;3
202300040519;155 608 724;7;0;2;4;15;1
202300040520;155 608 718;33;0;2;1;0;1
202300040520;155 608 720;99;0;2;1;0;1
202300040521;155 608 719;7;0;2;8;18;0
202300040521;155 608 721;1;0;2;7;13;5
202300040522;155 608 717;30;0;2;2;1;1
202300040523;155 608 716;7;0;1;1;1;1
202300040524;155 608 713;7;0;2;2;16;1
202300040524;155 608 715;50;0;2;1;5;3
202300040525;155 608 711;1;0;0;0;0;5
202300040526;155 608 709;7;0;1;1;1;1
202300040527;155 608 708;2;0;0;8;1;1
202300040528;155 608 707;7;0;2;3;9;1
202300040528;155 608 710;30;0;2;2;1;1
202300040529;155 608 706;33;3;0;1;1;1
202300040530;155 608 702;7;0;2;8;15;1
202300040530;155 608 705;7;0;2;1;1;1
202300040531;155 608 700;7;0;2;2;16;1
202300040531;155 608 704;1;0;2;8;1;5
202300040532;155 608 701;7;0;2;1;1;1
202300040532;155 608 703;7;0;2;2;15;1
202300040533;155 608 698;32;0;2;1;1;1
202300040533;155 608 699;7;0;2;1;1;1
202300040534;155 608 694;31;0;2;1;1;0
202300040534;155 608 697;7;0;2;2;15;1
202300040535;155 608 695;7;0;2;1;2;1
202300040535;155 608 696;7;0;2;4;15;1
202300040536;155 608 690;7;12;2;0;1;1
202300040536;155 608 691;33;12;2;1;26;1
202300040537;155 608 689;60;0;2;1;1;5
202300040537;155 608 693;7;0;9;2;20;1
202300040538;155 608 688;7;0;2;1;1;1
202300040538;155 608 692;3;0;2;1;5;1
202300040539;155 608 687;10;4;0;1;0;0
202300040540;155 608 685;33;6;0;1;1;1
202300040541;155 608 682;7;0;2;2;9;1
202300040541;155 608 684;37;0;2;3;7;1
202300040542;155 608 683;7;0;2;6;15;1
202300040542;155 608 686;43;0;2;1;0;1
202300040543;155 608 679;7;0;2;7;12;1
202300040543;155 608 680;33;0;2;8;1;1
202300040544;155 608 678;7;0;2;7;17;0
202300040544;155 608 681;2;6;0;8;1;1
202300040545;155 608 677;33;1;0;0;13;1
202300040546;155 608 675;10;0;2;1;9;1
202300040546;155 608 676;2;0;2;4;0;1
202300040547;155 608 674;7;0;1;3;1;1
202300040548;155 608 672;7;0;2;8;2;0
202300040548;155 608 673;50;0;2;1;2;3
202300040549;155 608 671;10;0;1;1;15;1
202300040550;155 608 669;31;0;0;0;1;1
202300040551;155 608 667;10;0;2;4;1;1
202300040551;155 608 668;7;0;2;1;1;1
202300040552;155 608 664;7;0;2;1;1;3
202300040552;155 608 666;30;0;2;8;1;1
202300040553;155 608 665;7;0;2;8;15;1
202300040553;155 608 670;33;0;2;1;17;1
202300040554;155 608 662;7;0;2;2;16;1
202300040554;155 608 663;1;0;2;1;1;5
202300040555;155 608 660;7;0;2;2;16;1
202300040555;155 608 661;30;0;2;5;1;1
202300040556;155 608 656;7;0;0;0;0;1
202300040556;155 608 658;30;0;0;0;1;1
202300040557;155 608 657;1;0;2;8;0;5
202300040557;155 608 659;7;0;2;1;1;0
202300040558;155 608 654;7;0;1;0;16;0
202300040559;155 608 652;33;0;2;8;1;1
202300040559;155 608 653;7;0;2;7;12;1
202300040560;155 608 651;7;0;2;3;15;6
202300040560;155 608 655;33;0;2;1;17;0
202300040561;155 608 649;10;0;2;2;1;1
202300040561;155 608 650;1;0;2;7;19;5
202300040562;155 608 648;7;13;0;2;2;1
202300040563;155 608 646;7;0;2;7;26;0
202300040563;155 608 647;7;0;2;7;1;0
202300040564;155 608 645;7;0;1;3;1;1
202300040565;155 608 643;7;0;9;3;15;1
202300040565;155 608 644;50;0;2;1;5;3
202300040566;155 608 640;7;0;2;4;4;1
202300040566;155 608 641;1;0;2;1;1;5
202300040567;155 608 639;7;0;2;3;13;1
202300040567;155 608 642;7;0;2;3;2;1
202300040568;155 608 637;7;0;2;1;21;1
202300040568;155 608 638;7;0;2;1;1;1
202300040569;155 608 635;7;0;2;1;1;1
202300040569;155 608 636;7;0;2;1;1;1
202300040570;155 608 633;3;0;2;3;2;1
202300040570;155 608 634;43;0;2;1;2;1
202300040571;155 608 632;37;0;1;3;0;1
202300040572;155 608 630;7;0;2;2;2;1
202300040572;155 608 631;3;0;2;4;0;1
202300040573;155 608 628;60;0;2;0;19;5
202300040573;155 608 629;7;0;1;3;1;3
202300040574;155 608 627;37;0;1;2;1;1
202300040575;155 608 624;7;6;0;1;1;1
202300040576;155 608 623;7;0;2;7;1;1
202300040576;155 608 625;7;0;2;5;1;1
202300040576;155 608 626;7;0;2;1;1;1
202300040577;155 608 621;7;0;1;1;1;1
202300040578;155 608 620;10;0;2;1;13;0
202300040578;155 608 622;7;0;2;1;1;2
202300040579;155 608 619;7;0;1;1;1;1
202300040580;155 608 617;10;0;2;1;1;1
202300040580;155 608 618;7;0;2;1;13;1
202300040581;155 608 616;7;0;1;1;1;1
202300040582;155 608 615;31;0;0;8;1;1
202300040583;155 608 613;7;0;0;9;1;1
202300040584;155 608 612;7;0;2;1;2;0
202300040584;155 608 614;50;0;2;4;2;3
202300040585;155 608 611;7;2;0;2;13;2
202300040586;155 608 608;7;0;2;1;2;1
202300040586;155 608 609;7;0;2;1;2;1
202300040586;155 608 610;7;0;2;4;2;1
202300040587;155 608 607;7;13;0;7;1;1
202300040588;155 608 606;7;0;1;1;1;1
202300040589;155 608 604;7;0;2;3;15;1
202300040589;155 608 605;31;0;2;1;17;1
202300040590;155 608 601;7;2;9;1;13;1
202300040591;155 608 602;7;0;2;1;16;1
202300040591;155 608 603;50;0;2;8;1;3
202300040592;155 608 600;33;16;0;1;1;1
202300040593;155 608 598;7;0;2;3;17;1
202300040593;155 608 599;2;0;2;1;1;1
202300040594;155 608 594;7;0;2;1;2;1
202300040594;155 608 596;10;0;2;4;2;1
202300040595;155 608 593;7;0;2;1;21;1
202300040595;155 608 595;7;0;2;1;1;1
202300040595;155 608 597;14;0;0;4;1;1
202300040596;155 608 591;7;6;0;1;1;0
202300040597;155 608 590;7;0;2;2;15;1
202300040597;155 608 592;1;0;2;1;25;5
202300040598;155 608 586;1;0;2;0;2;5
202300040598;155 608 588;7;0;9;0;1;1
202300040599;155 608 585;7;0;2;9;2;1
202300040599;155 608 587;7;0;2;4;2;2
202300040599;155 608 589;7;0;2;1;2;1
202300040600;155 608 584;33;0;0;0;1;1
202300040601;155 608 580;7;0;2;1;17;1
202300040601;155 608 582;7;0;2;1;1;1
202300040602;155 608 576;17;0;2;1;2;1
202300040602;155 608 578;7;0;2;4;2;1
202300040602;155 608 579;7;0;2;4;2;1
202300040602;155 608 581;7;0;2;4;2;1
202300040603;155 608 575;33;0;2;1;2;1
202300040603;155 608 577;10;0;2;4;1;1
202300040604;155 608 574;7;0;1;1;1;1
202300040605;155 608 572;2;0;2;8;1;1
202300040605;155 608 573;7;0;2;3;15;1
202300040606;155 608 571;37;0;1;2;15;1
202300040607;155 608 568;7;0;2;1;1;1
202300040607;155 608 570;7;0;2;8;1;1
202300040608;155 608 567;10;0;2;2;1;1
202300040608;155 608 569;7;0;2;1;10;1
202300040609;155 608 564;7;0;2;4;15;1
202300040609;155 608 565;7;0;2;4;23;3
202300040609;155 608 566;7;0;2;1;1;1
202300040610;155 608 562;1;0;2;1;1;5
202300040610;155 608 563;7;0;0;4;23;1
202300040611;155 608 559;7;0;2;3;1;1
202300040611;155 608 560;17;0;2;3;1;1
202300040611;155 608 561;10;0;2;8;1;1
202300040612;155 608 558;15;1;0;6;16;1
202300040613;155 608 557;7;0;1;1;15;1
202300040614;155 608 556;13;0;0;7;15;1
202300040615;155 608 555;7;0;1;3;1;1
202300040616;155 608 554;7;13;0;1;0;1
202300040617;155 608 550;7;0;2;1;2;1
202300040617;155 608 552;7;0;2;1;9;1
202300040617;155 608 553;7;0;2;1;6;1
202300040618;155 608 549;7;0;2;2;15;1
202300040618;155 608 551;33;0;2;1;1;1
202300040619;155 608 546;7;15;0;1;26;1
202300040620;155 608 545;14;0;2;6;1;1
202300040620;155 608 547;7;0;2;1;1;1
202300040620;155 608 548;7;0;2;1;2;1
202300040621;155 608 544;7;3;0;0;14;1
202300040622;155 608 543;7;0;1;1;1;1
202300040623;155 608 541;17;0;0;4;2;1
202300040623;155 608 542;17;0;2;1;2;1
202300040624;155 608 538;1;0;2;8;19;5
202300040624;155 608 540;33;0;2;1;21;1
202300040625;155 608 537;30;0;2;1;26;0
202300040625;155 608 539;7;0;2;1;1;0
202300040626;155 608 536;7;2;0;3;13;1
202300040627;155 608 534;3;0;2;1;13;1
202300040627;155 608 535;37;0;2;3;1;1
202300040628;155 608 531;7;8;0;1;13;1
202300040629;155 608 532;7;0;0;0;16;1
202300040629;155 608 533;2;0;0;0;1;1
202300040630;155 608 528;7;0;2;3;1;1
202300040630;155 608 530;1;0;2;8;15;5
202300040631;155 608 527;7;0;2;3;1;1
202300040631;155 608 529;10;0;2;3;13;1
202300040632;155 608 526;33;0;0;1;15;1
202300040633;155 608 525;7;0;1;3;15;1
202300040634;155 608 523;1;0;2;1;1;5
202300040634;155 608 524;7;0;2;5;15;0
202300040635;155 608 522;7;0;1;1;15;1
202300040636;155 608 519;7;0;0;1;9;2
202300040636;155 608 521;2;0;0;1;21;1
202300040637;155 608 520;7;6;0;1;13;1
202300040638;155 608 517;7;0;2;8;0;0
202300040638;155 608 518;7;0;2;1;1;1
202300040639;155 608 514;7;0;1;1;1;1
202300040640;155 608 515;7;0;2;1;13;1
202300040640;155 608 516;2;0;2;1;1;1
202300040641;155 608 513;7;16;0;0;1;1
202300040642;155 608 510;7;0;2;7;16;1
202300040642;155 608 512;1;0;0;4;1;5
202300040643;155 608 509;7;0;2;1;0;1
202300040643;155 608 511;7;0;2;1;0;1
202300040644;155 608 508;1;0;1;1;1;5
202300040645;155 608 504;10;0;2;1;1;1
202300040645;155 608 505;7;0;2;4;1;1
202300040646;155 608 506;7;2;0;8;1;1
202300040646;155 608 507;7;0;2;1;19;1
202300040647;155 608 502;10;0;2;3;13;1
202300040647;155 608 503;2;0;2;2;2;1
202300040648;155 608 500;7;0;2;2;2;0
202300040648;155 608 501;1;0;2;4;2;5
202300040649;155 608 498;50;0;2;1;1;3
202300040649;155 608 499;7;0;2;2;15;1
202300040650;155 608 496;7;0;2;2;9;0
202300040650;155 608 497;1;0;2;4;1;5
202300040651;155 608 495;31;0;0;0;1;1
202300040652;155 608 493;7;0;1;2;1;1
202300040653;155 608 491;7;0;2;9;1;1
202300040653;155 608 492;37;0;2;3;1;1
202300040653;155 608 494;7;0;2;1;9;1
202300040654;155 608 487;2;0;2;1;1;1
202300040654;155 608 489;34;0;2;1;17;1
202300040654;155 608 490;7;0;2;1;1;1
202300040655;155 608 486;7;0;2;1;1;1
202300040655;155 608 488;7;7;2;5;1;1
202300040656;155 608 483;7;0;0;4;1;1
202300040656;155 608 485;33;0;0;4;1;1
202300040657;155 608 482;7;0;2;3;1;2
202300040657;155 608 484;7;0;2;2;1;1
202300040658;155 608 479;7;0;2;1;2;1
202300040658;155 608 481;7;0;0;4;23;1
202300040659;155 608 478;7;0;2;1;1;1
202300040659;155 608 480;7;0;2;4;1;1
202300040660;155 608 474;1;0;2;1;1;5
202300040660;155 608 476;7;0;2;3;11;1
202300040661;155 608 471;7;0;2;4;1;1
202300040661;155 608 472;7;0;2;4;1;1
202300040661;155 608 473;7;0;2;4;1;1
202300040661;155 608 475;7;0;2;4;1;1
202300040661;155 608 477;10;0;2;1;1;1
202300040662;155 608 469;7;0;2;1;0;1
202300040662;155 608 470;7;0;0;4;2;1
202300040663;155 608 466;7;0;2;2;21;1
202300040663;155 608 468;7;0;2;4;1;1
202300040664;155 608 464;10;0;2;1;1;1
202300040664;155 608 465;7;0;2;1;1;1
202300040664;155 608 467;7;0;2;4;1;1
202300040665;155 608 460;31;0;2;1;1;1
202300040665;155 608 463;10;0;2;3;15;1
202300040666;155 608 461;7;0;2;1;14;1
202300040666;155 608 462;7;0;2;4;23;1
202300040667;155 608 458;42;0;0;0;21;1
202300040668;155 608 451;7;0;2;4;23;1
202300040668;155 608 455;7;0;2;4;1;0
202300040668;155 608 457;7;0;2;1;1;1
202300040668;155 608 459;7;0;2;4;23;1
202300040669;155 608 453;10;0;2;7;1;1
202300040669;155 608 454;34;0;2;8;3;0
202300040670;155 608 452;7;3;2;2;14;1
202300040670;155 608 456;15;0;2;6;1;1
202300040671;155 608 450;33;0;2;7;1;1
202300040672;155 608 447;7;8;2;7;1;1
202300040672;155 608 449;7;0;2;3;19;1
202300040673;155 608 445;7;0;0;7;19;1
202300040673;155 608 448;7;0;2;1;1;1
202300040674;155 608 440;7;4;2;4;1;1
202300040674;155 608 443;7;4;2;4;1;1
202300040674;155 608 444;7;4;2;4;1;1
202300040674;155 608 446;7;4;2;1;1;1
202300040675;155 608 439;7;4;0;2;1;1
202300040676;155 608 437;7;1;0;4;1;3
202300040676;155 608 438;7;1;0;2;1;1
202300040676;155 608 441;7;1;0;4;2;1
202300040676;155 608 442;7;1;0;4;1;1
202300040677;155 608 436;7;4;0;1;1;1
202300040678;155 608 434;10;0;2;3;11;1
202300040678;155 608 435;2;0;2;0;1;1
202300040679;155 608 431;7;0;2;4;24;1
202300040679;155 608 433;7;0;2;1;14;1
202300040680;155 608 430;7;0;2;2;1;1
202300040680;155 608 432;7;5;0;1;1;1
202300040681;155 608 426;7;0;2;3;11;1
202300040681;155 608 428;33;0;2;7;1;1
202300040682;155 608 424;7;0;2;6;1;1
202300040682;155 608 427;7;0;2;3;15;1
202300040683;155 608 423;1;0;2;7;1;5
202300040683;155 608 425;7;0;2;1;16;1