Num_Acc;id_vehicule;catv;obs;obsm;choc;manv;motor
202300040684;155 608 421;7;0;1;1;1;1
202300040685;155 608 420;7;0;2;1;1;1
202300040685;155 608 422;7;0;2;3;13;1
202300040686;155 608 419;7;6;0;1;2;1
202300040687;155 608 418;10;2;0;2;15;1
202300040688;155 608 416;30;0;0;0;0;1
202300040689;155 608 414;7;0;2;1;1;1
202300040689;155 608 417;7;0;2;1;13;1
202300040690;155 608 413;7;0;2;1;26;1
202300040690;155 608 415;14;0;2;5;26;1
202300040691;155 608 412;7;7;0;0;1;1
202300040692;155 608 410;7;0;1;1;1;1
202300040693;155 608 409;7;13;0;3;1;1
202300040693;155 608 411;7;0;0;3;1;1
202300040694;155 608 405;7;0;2;3;9;1
202300040694;155 608 407;2;0;2;4;1;3
202300040695;155 608 402;7;0;2;1;13;1
202300040695;155 608 404;7;0;2;1;1;1
202300040696;155 608 401;33;0;2;1;1;1
202300040696;155 608 403;7;0;2;6;15;1
202300040697;155 608 400;30;4;0;1;26;1
202300040698;155 608 397;10;0;9;1;19;1
202300040698;155 608 398;2;0;2;4;15;1
202300040699;155 608 399;7;6;0;1;1;1
202300040700;155 608 393;7;0;1;1;1;1
202300040701;155 608 391;2;0;2;7;1;1
202300040701;155 608 392;7;0;2;1;19;1
202300040702;155 608 389;50;0;1;0;0;3
202300040703;155 608 387;7;0;2;3;9;1
202300040703;155 608 390;7;0;2;6;1;1
202300040703;155 608 394;37;0;2;3;21;1
202300040704;155 608 386;7;0;2;3;1;1
202300040704;155 608 388;7;0;2;6;15;1
202300040705;155 608 384;30;0;2;1;2;1
202300040705;155 608 385;7;0;2;4;23;1
202300040706;155 608 381;1;0;2;1;1;5
202300040706;155 608 382;7;0;2;3;15;1
202300040707;155 608 383;7;0;1;1;1;0
202300040708;155 608 380;7;0;1;3;1;1
202300040709;155 608 378;7;2;0;1;13;1
202300040710;155 608 376;30;0;1;1;1;1
202300040711;155 608 373;7;0;2;2;9;0
202300040711;155 608 375;1;0;2;4;1;5
202300040712;155 608 374;7;0;1;0;1;0
202300040713;155 608 370;7;0;2;3;13;1
202300040713;155 608 372;1;0;0;5;1;5
202300040714;155 608 368;60;0;2;-1;19;5
202300040714;155 608 369;3;0;2;2;0;1
202300040715;155 608 371;7;2;0;1;1;1
202300040716;155 608 365;7;0;0;3;13;1
202300040717;155 608 362;7;0;2;4;2;1
202300040717;155 608 363;7;0;2;1;2;1
202300040717;155 608 364;7;0;2;4;2;1
202300040718;155 608 358;10;0;2;4;2;1
202300040718;155 608 359;7;0;2;1;2;1
202300040718;155 608 360;7;0;2;9;2;1
202300040719;155 608 361;7;2;0;8;14;1
202300040720;155 608 354;7;0;2;0;1;1
202300040720;155 608 355;1;0;2;1;15;5
202300040721;155 608 352;7;0;1;3;1;1
202300040722;155 608 353;1;0;2;1;1;5
202300040722;155 608 356;10;0;9;3;15;1
202300040723;155 608 348;50;0;2;9;1;3
202300040723;155 608 349;7;0;2;5;16;1
202300040724;155 608 347;7;0;1;1;1;1
202300040725;155 608 346;30;14;0;0;2;3
202300040726;155 608 344;7;0;2;0;16;1
202300040726;155 608 345;1;0;2;6;15;5
202300040727;155 608 343;7;0;1;1;15;1
202300040728;155 608 341;2;0;1;8;25;1
202300040729;155 608 342;3;0;1;3;16;1
202300040730;155 608 339;30;0;2;1;13;3
202300040730;155 608 340;1;0;2;1;1;5
202300040731;155 608 338;7;0;1;2;1;1
202300040732;155 608 337;7;0;1;4;4;1
202300040733;155 608 334;7;0;9;2;17;1
202300040733;155 608 336;1;0;2;6;2;5
202300040734;155 608 335;10;13;0;2;1;1
202300040735;155 608 333;7;15;0;1;13;2
202300040736;155 608 331;7;0;0;0;26;0
202300040737;155 608 332;7;0;9;3;1;1
202300040738;155 608 330;21;0;1;1;1;1
202300040739;155 608 329;7;0;2;1;13;1
202300040740;155 608 327;7;0;2;1;1;1
202300040740;155 608 328;33;0;2;2;15;1
202300040741;155 608 326;7;0;0;0;0;1
202300040742;155 608 323;7;0;2;1;1;1
202300040742;155 608 325;7;0;2;2;1;1
202300040743;155 608 324;7;0;1;5;20;1
202300040744;155 608 322;7;0;1;0;26;1
202300040745;155 608 321;7;0;0;0;1;1
202300040746;155 608 318;3;8;1;6;1;1
202300040746;155 608 320;7;8;1;3;9;1
202300040747;155 608 316;7;0;2;3;13;1
202300040747;155 608 317;15;0;2;3;2;1
202300040747;155 608 319;13;0;2;1;2;1
202300040748;155 608 315;7;0;1;0;1;0
202300040749;155 608 314;7;0;0;9;1;1
202300040750;155 608 313;7;2;0;1;26;1
202300040751;155 608 310;33;0;2;8;3;1
202300040751;155 608 312;7;0;2;2;12;1
202300040752;155 608 309;10;0;2;6;21;1
202300040752;155 608 311;10;0;2;2;2;1
202300040753;155 608 307;7;0;2;4;15;0
202300040753;155 608 308;34;0;2;1;19;0
202300040754;155 608 305;7;0;2;1;9;1
202300040754;155 608 306;34;0;2;1;1;1
202300040755;155 608 303;50;0;2;0;0;3
202300040755;155 608 304;7;0;9;2;9;1
202300040756;155 608 302;7;0;1;2;1;1
202300040757;155 608 300;33;1;0;8;13;1
202300040758;155 608 297;30;0;2;1;2;1
202300040758;155 608 298;30;0;2;4;1;1
202300040759;155 608 299;13;0;2;1;1;1
202300040759;155 608 301;32;0;0;8;5;1
202300040760;155 608 295;1;0;2;7;1;5
202300040760;155 608 296;7;0;2;1;9;1
202300040761;155 608 294;10;0;1;3;1;1
202300040762;155 608 291;7;0;2;1;1;1
202300040762;155 608 292;7;0;2;4;1;1
202300040763;155 608 293;7;1;1;3;13;0
202300040764;155 608 289;7;0;2;3;15;1
202300040764;155 608 290;50;0;2;1;1;3
202300040765;155 608 287;33;0;0;0;1;1
202300040766;155 608 286;10;0;1;1;1;1
202300040767;155 608 288;7;13;0;9;1;1
202300040768;155 608 284;34;0;2;3;1;1
202300040768;155 608 285;7;0;2;1;15;1
202300040769;155 608 282;33;0;2;3;19;1
202300040769;155 608 283;7;0;2;2;19;1
202300040770;155 608 280;7;0;2;1;15;1
202300040770;155 608 281;2;0;2;1;1;1
202300040771;155 608 279;10;0;1;4;4;1
202300040772;155 608 275;7;0;2;1;11;1
202300040772;155 608 277;7;0;2;3;1;1
202300040772;155 608 278;7;0;2;1;1;1
202300040773;155 608 274;7;0;4;7;1;1
202300040773;155 608 276;40;0;2;1;1;3
202300040774;155 608 273;7;0;1;2;2;1
202300040775;155 608 272;30;11;0;1;1;1
202300040776;155 608 268;7;0;2;7;14;1
202300040776;155 608 270;32;0;2;1;14;1
202300040777;155 608 269;38;0;2;0;0;1
202300040777;155 608 271;7;0;0;0;0;1
202300040778;155 608 265;30;0;2;1;1;1
202300040778;155 608 267;1;0;2;4;1;5
202300040779;155 608 264;10;0;2;1;2;1
202300040779;155 608 266;7;0;2;4;2;3
202300040780;155 608 262;7;0;2;1;1;1
202300040780;155 608 263;7;0;2;4;1;1
202300040781;155 608 259;7;1;0;1;14;1
202300040781;155 608 260;7;0;2;6;24;1
202300040781;155 608 261;15;0;2;8;24;6
202300040782;155 608 256;10;0;2;1;2;1
202300040782;155 608 257;7;0;2;4;2;1
202300040783;155 608 255;33;0;2;8;3;1
202300040783;155 608 258;7;0;2;7;12;1
202300040784;155 608 254;7;0;1;4;4;1
202300040785;155 608 253;33;0;0;0;1;1
202300040786;155 608 248;7;0;2;2;1;1
202300040786;155 608 252;1;0;2;8;1;5
202300040787;155 608 249;7;0;2;4;2;1
202300040787;155 608 250;7;0;2;4;2;1
202300040787;155 608 251;10;0;2;1;12;1
202300040788;155 608 246;33;0;0;0;3;1
202300040789;155 608 245;1;0;2;0;1;5
202300040789;155 608 247;7;0;2;1;1;1
202300040790;155 608 244;7;4;0;3;26;2
202300040791;155 608 242;7;0;2;3;15;1
202300040791;155 608 243;33;0;2;1;17;1
202300040792;155 608 241;7;3;0;1;26;1
202300040793;155 608 238;7;0;2;1;0;1
202300040793;155 608 240;7;0;2;4;1;1
202300040794;155 608 236;7;0;1;1;1;1
202300040795;155 608 235;7;0;2;4;2;1
202300040795;155 608 237;7;0;2;4;2;1
202300040795;155 608 239;10;0;2;1;2;0
202300040796;155 608 233;50;0;2;0;0;3
202300040796;155 608 234;7;0;2;0;0;1
202300040797;155 608 229;7;0;2;5;12;1
202300040797;155 608 232;33;0;2;3;1;1
202300040798;155 608 222;7;0;1;2;1;1
202300040799;155 608 223;33;0;2;2;3;1
202300040799;155 608 224;10;0;2;8;13;1
202300040800;155 608 220;7;12;0;2;1;1
202300040801;155 608 217;7;0;2;2;12;1
202300040801;155 608 218;33;0;2;8;1;1
202300040802;155 608 216;7;0;2;4;1;1
202300040802;155 608 219;33;0;2;8;1;1
202300040802;155 608 221;7;0;2;2;12;1
202300040803;155 608 214;7;0;2;1;13;1
202300040803;155 608 215;7;0;2;1;1;1
202300040804;155 608 211;7;0;2;1;3;1
202300040804;155 608 212;32;0;2;2;1;1
202300040805;155 608 210;7;0;2;3;1;1
202300040805;155 608 213;7;0;2;1;1;1
202300040806;155 608 206;7;0;2;1;14;1
202300040806;155 608 209;7;0;2;3;0;1
202300040807;155 608 204;7;1;0;5;20;2
202300040807;155 608 205;37;0;2;1;1;1
202300040808;155 608 203;34;0;1;1;3;1
202300040809;155 608 199;7;0;2;1;9;1
202300040809;155 608 200;7;0;2;7;1;1
202300040810;155 608 197;7;0;1;0;0;0
202300040811;155 608 196;7;0;2;1;1;1
202300040811;155 608 198;7;0;2;4;1;1
202300040811;155 608 201;7;0;2;4;1;1
202300040811;155 608 202;7;0;2;4;1;1
202300040812;155 608 194;10;0;2;1;2;1
202300040812;155 608 195;7;0;2;4;1;1
202300040813;155 608 191;33;0;2;1;2;1
202300040813;155 608 192;7;0;2;5;2;2
202300040814;155 608 193;31;0;0;7;1;1
202300040815;155 608 187;43;0;2;2;3;1
202300040815;155 608 189;33;0;2;3;3;1
202300040816;155 608 188;14;0;0;6;1;1
202300040816;155 608 190;7;0;0;2;2;2
202300040817;155 608 183;7;0;2;4;2;3
202300040817;155 608 184;7;0;2;4;2;1
202300040817;155 608 185;7;0;2;4;2;2
202300040817;155 608 186;7;0;2;1;2;1
202300040818;155 608 180;10;0;2;3;1;1
202300040818;155 608 182;10;0;2;3;13;1
202300040819;155 608 179;7;0;2;7;2;1
202300040819;155 608 181;1;0;2;1;1;5
202300040820;155 608 178;30;0;0;7;2;1
202300040821;155 608 175;32;0;2;7;1;1
202300040821;155 608 176;1;0;2;8;19;5
202300040822;155 608 173;7;0;2;2;1;0
202300040822;155 608 174;32;0;2;3;18;1
202300040823;155 608 170;7;0;2;1;0;1
202300040823;155 608 177;7;0;2;2;1;1
202300040824;155 608 171;1;0;2;0;10;5
202300040824;155 608 172;31;0;2;0;1;1
202300040825;155 608 169;1;12;2;8;1;5
202300040826;155 608 168;7;0;1;5;24;0
202300040827;155 608 165;2;0;2;3;16;3
202300040827;155 608 167;13;0;2;3;1;6
202300040828;155 608 163;7;0;1;1;1;1
202300040829;155 608 162;32;0;2;0;5;0
202300040829;155 608 164;7;1;2;0;1;1
202300040830;155 608 161;1;0;1;1;1;5
202300040831;155 608 160;10;0;1;1;15;1
202300040832;155 608 158;7;0;2;1;1;1
202300040832;155 608 159;38;0;2;8;1;1
202300040833;155 608 156;7;0;2;1;15;1
202300040833;155 608 157;2;0;2;1;1;1
202300040834;155 608 154;7;0;2;2;12;2
202300040834;155 608 155;43;0;2;3;1;1
202300040835;155 608 152;7;0;2;1;14;1
202300040835;155 608 153;2;0;2;1;1;3
202300040836;155 608 151;10;0;1;3;15;1
202300040837;155 608 148;1;0;2;8;7;5
202300040837;155 608 150;7;0;2;3;15;1
202300040838;155 608 147;33;0;2;0;0;0
202300040838;155 608 149;7;0;2;3;19;1
202300040839;155 608 145;34;0;2;1;1;1
202300040839;155 608 146;7;0;2;4;23;1
202300040840;155 608 144;10;0;1;2;15;1
202300040841;155 608 141;7;0;2;0;15;1
202300040841;155 608 143;7;0;2;1;17;1
202300040842;155 608 139;14;4;0;7;19;0
202300040843;155 608 138;50;0;1;1;1;3
202300040844;155 608 137;7;0;1;2;1;1
202300040845;155 608 136;7;14;1;2;2;1
202300040846;155 608 133;7;0;2;1;2;1
202300040846;155 608 135;7;14;0;4;2;1
202300040847;155 608 131;40;0;1;1;1;3
202300040848;155 608 128;37;0;2;3;1;1
202300040848;155 608 129;10;0;2;1;19;0
202300040849;155 608 127;7;0;1;1;15;1
202300040850;155 608 124;17;0;2;2;1;1
202300040850;155 608 126;7;0;2;1;15;1
202300040851;155 608 125;7;0;1;1;1;1
202300040852;155 608 123;7;8;0;9;1;1
202300040853;155 608 121;7;0;2;2;15;1
202300040853;155 608 122;1;0;2;1;1;5
202300040854;155 608 119;7;0;2;3;15;1
202300040854;155 608 120;7;0;2;1;1;1
202300040855;155 608 118;7;0;1;3;1;1
202300040856;155 608 115;7;0;2;5;15;1
202300040856;155 608 117;7;0;2;1;1;1
202300040857;155 608 116;3;0;1;1;15;0
202300040858;155 608 112;7;0;2;2;15;1
202300040858;155 608 113;1;0;2;1;1;5
202300040859;155 608 111;33;1;2;2;1;1
202300040859;155 608 114;10;0;2;3;15;1
202300040860;155 608 108;7;0;2;4;1;1
202300040860;155 608 110;7;0;2;1;1;1
202300040861;155 608 107;7;0;2;3;20;0
202300040861;155 608 109;0;0;0;0;0;0
202300040862;155 608 104;7;0;2;7;9;1
202300040862;155 608 106;7;0;2;1;9;1
202300040863;155 608 105;7;0;1;3;15;1
202300040864;155 608 101;50;0;2;1;25;3
202300040864;155 608 103;7;0;9;2;9;1
202300040865;155 608 102;7;0;1;2;1;1
202300040866;155 608 100;10;0;1;3;1;3
202300040867;155 608 097;7;1;2;4;1;1
202300040867;155 608 098;7;1;2;1;1;1
202300040868;155 608 096;32;0;2;7;9;1
202300040868;155 608 099;7;0;2;1;1;1
202300040869;155 608 094;7;0;1;2;17;1
202300040870;155 608 093;7;0;0;3;1;1
202300040870;155 608 095;33;0;2;2;0;1
202300040871;155 608 092;7;8;0;1;14;1
202300040872;155 608 090;7;0;1;1;1;1
202300040873;155 608 089;7;0;2;1;1;0
202300040873;155 608 091;7;0;2;4;23;0
202300040874;155 608 087;7;0;2;3;9;1
202300040874;155 608 088;1;0;2;1;9;5
202300040875;155 608 085;3;0;2;4;2;1
202300040875;155 608 086;10;0;2;1;0;3
202300040876;155 608 083;7;0;2;8;15;0
202300040876;155 608 084;30;0;2;2;15;1
202300040877;155 608 081;7;0;2;2;20;1
202300040877;155 608 082;1;0;2;1;1;5
202300040878;155 608 079;7;8;0;2;1;1
202300040879;155 608 077;7;0;9;8;1;1
202300040879;155 608 078;50;0;2;1;1;3
202300040880;155 608 075;30;0;0;8;3;1
202300040880;155 608 076;7;0;0;2;1;1
202300040881;155 608 073;32;0;0;8;1;1
202300040882;155 608 072;7;0;2;4;1;1
202300040882;155 608 074;10;0;2;1;1;1
202300040883;155 608 070;7;0;1;1;1;1
202300040884;155 608 069;7;0;2;3;15;1
202300040884;155 608 071;33;0;2;7;2;1
202300040885;155 608 066;7;0;9;7;1;-1
202300040885;155 608 068;1;0;2;4;1;5
202300040886;155 608 065;7;0;2;0;0;1
202300040886;155 608 067;43;0;2;1;0;1
202300040887;155 608 064;50;9;0;1;17;3
202300040888;155 608 062;10;0;2;3;15;0
202300040888;155 608 063;32;0;2;2;3;0
202300040889;155 608 061;7;0;1;2;1;1
202300040890;155 608 059;7;0;0;8;22;1
202300040890;155 608 060;1;1;0;3;22;5
202300040891;155 608 058;7;0;1;1;16;1
202300040892;155 608 057;33;0;1;1;1;1
202300040893;155 608 054;7;0;2;3;9;1
202300040893;155 608 056;1;0;2;1;1;5
202300040894;155 608 053;1;5;0;4;26;5
202300040894;155 608 055;10;9;0;1;0;1
202300040895;155 608 052;7;0;1;1;1;1
202300040896;155 608 051;32;0;1;1;21;1
202300040897;155 608 049;1;0;1;3;1;5
202300040898;155 608 047;7;0;2;4;1;0
202300040898;155 608 048;7;0;2;4;1;1
202300040898;155 608 050;7;0;2;1;1;1
202300040899;155 608 046;7;0;0;2;14;1
202300040900;155 608 044;7;0;2;2;1;1
202300040900;155 608 045;1;0;2;1;19;5
202300040901;155 608 042;7;0;2;3;1;1
202300040901;155 608 043;7;0;2;3;5;2
202300040902;155 608 040;1;0;2;1;12;5
202300040902;155 608 041;7;0;2;6;1;1
202300040903;155 608 038;33;6;0;1;19;1
202300040904;155 608 037;7;0;2;1;15;1
202300040904;155 608 039;33;0;2;7;1;1
202300040905;155 608 035;7;0;1;3;20;1
202300040906;155 608 033;7;0;2;1;13;1
202300040906;155 608 034;7;3;2;1;1;1
202300040906;155 608 036;7;0;2;1;1;1
202300040907;155 608 031;7;0;2;1;9;1
202300040907;155 608 032;1;0;0;4;0;5
202300040908;155 608 029;10;0;2;2;2;0
202300040908;155 608 030;7;2;2;4;2;1
202300040909;155 608 025;7;0;2;1;0;0
202300040909;155 608 027;7;0;2;4;2;0
202300040909;155 608 028;7;0;2;4;0;0
202300040910;155 608 024;1;0;2;2;1;5
202300040910;155 608 026;7;0;9;2;15;1
202300040911;155 608 022;2;0;0;2;1;1
202300040912;155 608 021;10;0;2;2;1;1
202300040912;155 608 023;7;0;2;5;1;1
202300040913;155 608 018;7;0;2;3;1;1
202300040913;155 608 020;7;0;2;2;15;1
202300040914;155 608 019;7;0;0;2;1;3
202300040915;155 608 016;7;0;2;1;1;2
202300040915;155 608 017;1;0;2;1;1;5
202300040916;155 608 013;7;0;2;1;15;1
202300040916;155 608 015;34;0;2;8;1;1
202300040917;155 608 012;2;0;2;1;1;1
202300040917;155 608 014;7;0;2;7;15;1
202300040918;155 608 011;7;0;1;4;4;1
202300040919;155 608 008;33;0;2;1;1;0
202300040919;155 608 010;7;0;2;2;5;0
202300040920;155 608 007;7;0;2;2;9;1
202300040920;155 608 009;80;0;2;1;5;3
202300040921;155 608 006;30;0;0;7;1;1
202300040922;155 608 002;7;0;2;2;15;1
202300040922;155 608 004;2;0;2;8;1;1
202300040923;155 608 000;17;0;0;4;1;1
202300040923;155 608 001;17;0;0;8;1;1
202300040923;155 608 003;7;0;2;1;1;1
202300040924;155 607 999;33;0;2;1;1;1
202300040924;155 608 005;7;0;2;3;15;1
202300040925;155 607 994;10;0;2;1;1;1
202300040925;155 607 997;7;0;2;4;2;1
202300040925;155 607 998;7;0;2;4;2;1
202300040926;155 607 993;7;0;2;0;0;1
202300040926;155 607 996;30;0;2;0;0;1
202300040927;155 607 992;7;0;2;3;1;1
202300040927;155 607 995;2;0;2;3;1;1
202300040928;155 607 988;10;0;2;3;15;1
202300040928;155 607 990;30;0;2;1;1;1
202300040929;155 607 986;7;0;2;1;15;1
202300040929;155 607 991;33;0;2;1;17;1
202300040930;155 607 987;33;0;2;1;21;1
202300040930;155 607 989;10;0;2;6;9;1
202300040931;155 607 982;7;0;2;1;2;1
202300040931;155 607 985;2;0;2;4;1;1
202300040932;155 607 981;33;12;0;2;1;1
202300040933;155 607 980;7;0;2;7;1;1
202300040933;155 607 984;32;0;2;1;19;0
202300040934;155 607 983;7;2;0;1;1;0
202300040935;155 607 979;2;12;0;1;0;3
202300040936;155 607 977;2;0;0;0;21;1
202300040937;155 607 976;7;1;0;3;1;1
202300040938;155 607 975;50;0;2;7;9;3
202300040938;155 607 978;7;0;2;3;1;1
202300040939;155 607 969;10;0;2;7;1;1
202300040939;155 607 970;7;0;2;4;1;1
202300040939;155 607 972;7;0;2;5;1;1
202300040939;155 607 974;7;0;2;3;14;1
202300040940;155 607 967;7;0;2;4;23;1
202300040940;155 607 968;10;0;2;1;2;1
202300040941;155 607 965;7;0;2;6;2;1
202300040941;155 607 966;32;0;2;1;2;1
202300040942;155 607 963;37;0;1;5;1;6
202300040943;155 607 962;7;0;2;6;19;1
202300040943;155 607 964;33;0;2;0;0;1
202300040944;155 607 959;7;0;2;5;12;1
202300040944;155 607 961;50;0;2;1;1;3
202300040945;155 607 958;7;0;2;4;1;0
202300040945;155 607 960;7;0;2;1;1;1
202300040946;155 607 957;50;0;1;1;25;3
202300040947;155 607 955;7;0;2;4;1;0
202300040947;155 607 956;10;0;2;1;26;1
202300040948;155 607 953;7;0;2;6;10;0
202300040948;155 607 954;1;0;2;1;1;5
202300040949;155 607 951;7;0;2;4;23;1
202300040949;155 607 952;7;1;0;1;2;1
202300040950;155 607 949;7;0;2;4;1;1
202300040950;155 607 950;10;0;2;1;1;1
202300040951;155 607 947;7;0;2;3;9;1
202300040951;155 607 948;33;0;2;1;1;1
202300040952;155 607 946;7;0;1;2;16;2
202300040953;155 607 944;7;6;1;1;4;1
202300040954;155 607 941;1;0;2;7;21;5
202300040954;155 607 943;7;0;9;8;9;1
202300040955;155 607 940;7;0;2;3;1;1
202300040955;155 607 942;1;0;2;1;15;5
202300040956;155 607 938;7;0;2;3;16;1
202300040956;155 607 939;7;0;2;5;1;1
202300040957;155 607 936;7;0;2;2;1;2
202300040957;155 607 937;50;0;2;3;15;3
202300040958;155 607 934;7;0;2;2;9;1
202300040958;155 607 935;31;0;2;2;17;1
202300040959;155 607 933;7;15;0;1;1;1
202300040960;155 607 931;7;0;2;8;9;0
202300040960;155 607 932;7;0;2;1;1;0
202300040961;155 607 929;1;0;0;1;1;5
202300040962;155 607 928;33;0;2;1;2;1
202300040962;155 607 930;7;0;2;6;2;1
202300040963;155 607 927;7;0;1;4;4;1
202300040964;155 607 926;7;0;1;3;1;1
202300040965;155 607 924;1;0;2;1;1;5
202300040965;155 607 925;7;0;2;1;15;1
202300040966;155 607 922;30;0;2;1;11;1
202300040966;155 607 923;30;0;2;1;1;1
202300040967;155 607 921;2;2;0;2;0;1
202300040968;155 607 919;7;0;2;8;1;1
202300040968;155 607 920;7;0;2;7;17;1
202300040969;155 607 917;7;0;9;1;1;1
202300040969;155 607 918;1;0;2;8;19;5
202300040970;155 607 915;7;0;2;1;15;1
202300040970;155 607 916;7;0;2;5;23;1
202300040971;155 607 914;7;0;1;3;26;1
202300040972;155 607 913;10;8;1;5;19;1
202300040973;155 607 911;7;0;2;1;1;3
202300040973;155 607 912;10;0;2;5;15;1
202300040974;155 607 910;34;0;1;3;7;1
202300040975;155 607 908;1;0;0;0;0;5
202300040975;155 607 909;1;0;0;0;0;5
202300040976;155 607 906;34;0;2;7;0;1
202300040976;155 607 907;99;0;2;8;10;1
202300040977;155 607 904;7;0;2;3;1;0
202300040977;155 607 905;7;4;2;1;5;1
202300040978;155 607 901;0;0;2;1;0;0
202300040978;155 607 903;7;0;2;1;1;1
202300040979;155 607 900;7;0;2;8;23;1
202300040979;155 607 902;50;0;2;1;1;3
202300040980;155 607 899;34;0;0;6;1;1
202300040981;155 607 898;36;6;0;1;1;1
202300040982;155 607 896;7;0;2;3;15;1
202300040982;155 607 897;33;0;2;1;1;1
202300040983;155 607 895;7;4;0;3;1;1
202300040984;155 607 893;7;0;2;1;1;1
202300040984;155 607 894;1;12;2;9;1;5
202300040985;155 607 892;32;3;0;8;2;0
202300040986;155 607 891;50;0;1;1;1;3
202300040987;155 607 890;7;0;1;2;26;1
202300040988;155 607 888;7;17;0;2;1;1
202300040989;155 607 887;1;0;2;1;1;5
202300040989;155 607 889;7;0;2;2;1;1
202300040990;155 607 886;33;0;0;9;1;1
202300040991;155 607 885;7;0;1;1;9;1
202300040992;155 607 884;7;0;2;1;1;1
202300040993;155 607 882;7;0;2;1;15;1
202300040993;155 607 883;7;0;2;1;1;1
202300040994;155 607 880;15;0;2;1;1;1
202300040994;155 607 881;7;0;0;4;23;1
202300040995;155 607 879;2;0;0;8;9;1
202300040996;155 607 876;33;0;2;1;2;1
202300040996;155 607 877;7;0;2;5;23;1
202300040997;155 607 874;30;0;2;1;26;1
202300040997;155 607 875;7;0;2;3;26;1
202300040998;155 607 872;1;0;2;0;0;5
202300040998;155 607 873;7;0;2;8;9;1
202300040999;155 607 870;7;0;2;1;1;1
202300040999;155 607 871;2;0;2;1;13;1
202300041000;155 607 869;0;0;1;8;1;0
202300041001;155 607 866;7;0;0;0;0;1
202300041002;155 607 865;7;0;9;0;1;1
202300041002;155 607 867;50;0;2;1;1;-1
202300041003;155 607 862;7;0;2;1;1;1
202300041003;155 607 864;1;0;2;8;9;5
202300041004;155 607 861;7;0;2;5;1;1
202300041004;155 607 863;3;0;2;1;1;1
202300041005;155 607 860;2;13;0;0;1;1
202300041006;155 607 857;7;0;2;5;15;1
202300041006;155 607 859;7;0;2;1;23;1
202300041007;155 607 858;7;0;1;2;1;1
202300041008;155 607 856;33;4;0;2;12;1
202300041009;155 607 855;7;0;1;1;1;2
202300041010;155 607 853;7;2;0;1;13;1
202300041011;155 607 852;7;0;2;3;1;1
202300041011;155 607 854;1;0;2;3;19;5
202300041012;155 607 851;33;16;0;1;1;1
202300041013;155 607 850;33;0;0;0;1;1
202300041014;155 607 847;7;0;2;1;26;1
202300041014;155 607 849;33;0;2;4;26;1
202300041015;155 607 845;10;0;2;4;1;1
202300041015;155 607 846;7;0;2;4;1;1
202300041015;155 607 848;7;0;2;4;1;1
202300041016;155 607 843;7;0;1;3;15;1
202300041017;155 607 842;7;16;0;1;1;1
202300041018;155 607 839;7;0;2;3;1;3
202300041018;155 607 841;7;0;2;1;13;1
202300041019;155 607 838;7;14;2;8;1;1
202300041019;155 607 840;33;14;2;8;1;1
202300041020;155 607 836;7;0;2;7;15;1
202300041020;155 607 837;1;0;2;1;1;5
202300041021;155 607 835;7;13;0;3;1;1
202300041022;155 607 832;1;0;2;4;2;5
202300041022;155 607 834;7;0;2;1;2;1
202300041023;155 607 831;21;0;0;3;1;1
202300041023;155 607 833;33;0;2;7;17;0
202300041024;155 607 829;33;5;0;1;1;0
202300041025;155 607 827;10;0;2;1;2;1
202300041025;155 607 828;7;0;2;1;2;1
202300041025;155 607 830;7;0;2;4;2;1
202300041026;155 607 826;2;0;0;0;1;1
202300041027;155 607 824;7;0;2;1;2;0
202300041027;155 607 825;1;0;2;5;15;5
202300041028;155 607 822;7;0;2;1;13;0
202300041028;155 607 823;7;9;2;1;1;2
202300041029;155 607 821;7;0;1;2;1;1
202300041030;155 607 820;31;13;0;1;21;1
202300041031;155 607 819;7;0;1;2;1;1
202300041032;155 607 818;2;2;0;2;1;1
202300041033;155 607 816;7;0;2;2;2;2
202300041033;155 607 817;7;0;2;6;1;3
202300041034;155 607 815;7;13;0;9;13;1
202300041035;155 607 812;1;0;2;8;19;5
202300041035;155 607 814;7;0;2;1;1;1
202300041036;155 607 811;7;0;2;5;12;1
202300041036;155 607 813;33;0;2;3;1;1
202300041037;155 607 809;15;0;2;2;1;1
202300041037;155 607 810;7;0;2;3;10;1
202300041038;155 607 807;33;0;2;1;17;1
202300041038;155 607 808;7;0;2;8;9;1
202300041039;155 607 806;7;0;1;1;1;1
202300041040;155 607 805;7;0;1;2;2;1
202300041041;155 607 804;7;0;1;1;1;1
202300041042;155 607 802;7;8;0;1;1;1
202300041043;155 607 801;13;0;9;0;15;0
202300041043;155 607 803;50;0;2;0;1;3
202300041044;155 607 800;1;0;0;0;1;5
202300041045;155 607 797;7;0;0;6;2;1
202300041045;155 607 799;7;0;2;2;0;1
202300041046;155 607 796;7;0;2;1;19;1
202300041046;155 607 798;7;0;2;6;5;1
202300041047;155 607 794;7;0;1;3;1;1
202300041048;155 607 793;7;0;2;1;1;0
202300041048;155 607 795;7;0;2;1;1;0
202300041049;155 607 789;7;0;2;8;1;1
202300041049;155 607 792;7;0;2;1;1;1
202300041050;155 607 788;10;3;2;1;1;1
202300041050;155 607 790;7;0;2;1;5;1
202300041050;155 607 791;7;0;2;3;1;1