Num_Acc;id_vehicule;catv;obs;obsm;choc;manv;motor
202300041051;155 607 786;31;14;0;3;1;1
202300041052;155 607 785;99;0;2;7;19;3
202300041052;155 607 787;7;0;9;1;1;1
202300041053;155 607 782;7;0;2;4;1;0
202300041053;155 607 783;30;0;2;1;1;1
202300041054;155 607 781;7;4;0;2;1;0
202300041054;155 607 784;7;1;0;1;1;0
202300041055;155 607 778;7;0;2;8;9;1
202300041055;155 607 780;10;0;2;1;1;1
202300041056;155 607 777;7;0;2;1;1;1
202300041056;155 607 779;7;0;2;5;19;1
202300041057;155 607 773;7;0;2;1;1;1
202300041057;155 607 775;7;0;2;4;2;1
202300041057;155 607 776;7;0;2;4;23;1
202300041058;155 607 772;7;0;2;1;1;1
202300041058;155 607 774;33;0;2;7;15;1
202300041059;155 607 770;7;0;1;3;1;1
202300041060;155 607 769;10;0;2;7;15;1
202300041060;155 607 771;33;1;2;7;1;1
202300041061;155 607 765;1;0;0;4;2;5
202300041061;155 607 767;7;0;2;1;2;1
202300041062;155 607 764;7;0;1;6;4;1
202300041063;155 607 763;7;0;0;1;19;1
202300041064;155 607 761;33;0;0;0;1;1
202300041065;155 607 760;7;0;2;3;0;1
202300041065;155 607 762;2;0;2;1;1;1
202300041066;155 607 759;7;3;0;2;13;1
202300041067;155 607 757;37;0;2;1;1;1
202300041067;155 607 758;50;0;2;1;19;3
202300041068;155 607 755;31;0;2;1;3;1
202300041068;155 607 756;7;0;2;4;1;1
202300041069;155 607 750;31;0;2;1;18;1
202300041069;155 607 752;10;0;2;2;16;1
202300041070;155 607 748;7;0;2;4;2;1
202300041070;155 607 749;7;0;2;4;2;1
202300041070;155 607 751;10;0;2;3;14;1
202300041070;155 607 753;7;0;2;5;2;1
202300041071;155 607 746;2;14;0;1;13;1
202300041071;155 607 747;7;0;2;8;1;1
202300041072;155 607 743;7;0;1;3;7;1
202300041073;155 607 742;14;0;2;1;2;1
202300041073;155 607 744;7;0;2;4;1;1
202300041073;155 607 745;7;0;2;4;2;1
202300041074;155 607 739;30;0;2;1;1;1
202300041074;155 607 741;7;0;2;3;9;1
202300041075;155 607 738;10;0;2;1;2;1
202300041075;155 607 740;7;0;2;4;0;1
202300041076;155 607 736;37;0;1;2;1;1
202300041077;155 607 735;33;4;2;3;3;1
202300041077;155 607 737;7;0;2;2;12;0
202300041078;155 607 733;7;1;2;2;1;1
202300041078;155 607 734;7;0;2;6;24;1
202300041079;155 607 731;7;0;2;2;5;1
202300041079;155 607 732;7;0;2;2;1;1
202300041080;155 607 729;10;0;2;8;11;1
202300041080;155 607 730;33;0;2;2;3;1
202300041081;155 607 727;33;0;2;7;3;1
202300041081;155 607 728;7;0;2;5;11;1
202300041082;155 607 725;32;0;2;6;9;1
202300041082;155 607 726;33;0;2;1;1;1
202300041083;155 607 724;7;3;0;2;9;2
202300041084;155 607 722;30;0;2;2;16;3
202300041084;155 607 723;1;0;2;1;1;5
202300041085;155 607 721;7;4;0;1;13;1
202300041086;155 607 719;7;0;2;4;23;1
202300041086;155 607 720;50;0;2;1;1;3
202300041087;155 607 718;7;4;0;3;1;1
202300041088;155 607 716;10;0;2;5;16;1
202300041088;155 607 717;30;0;2;6;1;3
202300041089;155 607 714;7;0;2;8;1;1
202300041089;155 607 715;14;0;2;2;12;1
202300041090;155 607 711;7;0;2;3;13;2
202300041090;155 607 712;7;0;2;5;23;1
202300041090;155 607 713;32;0;2;7;17;3
202300041091;155 607 709;7;0;2;2;11;1
202300041091;155 607 710;33;0;2;8;3;1
202300041092;155 607 707;7;12;9;1;26;1
202300041093;155 607 706;10;0;2;5;16;1
202300041093;155 607 708;1;0;2;3;1;5
202300041094;155 607 705;50;0;1;1;1;3
202300041095;155 607 703;50;0;2;1;1;3
202300041095;155 607 704;7;0;2;3;1;2
202300041096;155 607 701;17;4;2;4;4;1
202300041096;155 607 702;33;0;0;1;2;1
202300041097;155 607 700;32;0;1;1;1;1
202300041098;155 607 698;7;0;2;1;15;1
202300041098;155 607 699;2;0;2;8;18;1
202300041099;155 607 695;7;0;1;0;0;1
202300041100;155 607 696;1;0;2;1;1;5
202300041100;155 607 697;1;0;2;4;1;5
202300041101;155 607 694;33;11;0;1;2;1
202300041102;155 607 693;7;0;1;3;15;1
202300041103;155 607 692;7;0;1;2;26;1
202300041104;155 607 690;31;0;2;1;3;1
202300041104;155 607 691;7;0;2;3;15;1
202300041105;155 607 687;7;0;2;3;15;0
202300041105;155 607 689;7;0;2;5;16;1
202300041106;155 607 686;10;0;2;7;19;1
202300041106;155 607 688;7;0;2;1;1;1
202300041107;155 607 682;33;0;2;8;1;1
202300041107;155 607 684;7;4;2;3;1;1
202300041108;155 607 683;7;0;1;2;1;1
202300041109;155 607 679;2;0;2;1;1;1
202300041109;155 607 680;7;0;2;1;1;1
202300041110;155 607 678;7;0;2;1;9;1
202300041110;155 607 681;50;0;2;8;1;3
202300041111;155 607 675;7;0;2;1;13;1
202300041111;155 607 677;7;0;2;1;1;1
202300041112;155 607 674;1;0;2;1;1;5
202300041112;155 607 676;7;0;2;8;1;1
202300041113;155 607 672;10;4;0;1;13;1
202300041114;155 607 669;7;0;2;6;10;1
202300041114;155 607 670;30;0;2;1;1;3
202300041115;155 607 671;50;0;0;0;26;3
202300041115;155 607 673;7;0;2;2;0;1
202300041116;155 607 667;7;0;2;3;26;1
202300041116;155 607 668;32;0;2;7;16;1
202300041117;155 607 663;7;0;2;3;1;1
202300041117;155 607 664;7;0;2;3;1;1
202300041118;155 607 661;7;0;2;3;13;1
202300041118;155 607 662;7;0;2;3;1;1
202300041119;155 607 660;30;0;0;3;13;1
202300041120;155 607 657;7;16;0;3;1;1
202300041120;155 607 658;7;0;2;1;1;1
202300041120;155 607 659;10;0;2;1;1;1
202300041121;155 607 655;50;9;0;7;1;3
202300041122;155 607 653;80;15;0;0;0;3
202300041123;155 607 652;7;0;1;2;1;1
202300041124;155 607 649;7;0;2;0;0;1
202300041124;155 607 650;33;0;2;7;17;1
202300041124;155 607 651;37;0;2;3;15;1
202300041125;155 607 648;7;6;2;1;1;1
202300041126;155 607 646;10;0;2;1;0;0
202300041126;155 607 647;7;1;2;2;0;0
202300041127;155 607 644;7;0;2;3;1;1
202300041127;155 607 645;50;0;2;1;13;3
202300041128;155 607 642;7;0;2;3;5;1
202300041128;155 607 643;33;0;2;1;1;1
202300041129;155 607 640;2;0;2;1;9;1
202300041129;155 607 641;7;0;2;1;0;1
202300041130;155 607 638;7;1;0;1;26;1
202300041130;155 607 639;7;0;0;8;24;1
202300041131;155 607 636;7;0;2;1;9;0
202300041131;155 607 637;13;0;2;4;15;1
202300041132;155 607 634;7;0;2;3;13;1
202300041132;155 607 635;7;0;2;8;1;1
202300041133;155 607 633;7;3;0;2;9;1
202300041134;155 607 631;7;1;0;2;20;1
202300041134;155 607 632;7;0;2;8;24;1
202300041135;155 607 628;33;0;2;3;21;1
202300041135;155 607 629;7;0;2;3;21;2
202300041136;155 607 626;32;0;2;1;1;1
202300041136;155 607 627;7;9;0;7;1;1
202300041137;155 607 624;7;0;2;1;26;1
202300041137;155 607 625;33;0;2;1;1;1
202300041138;155 607 621;7;0;2;1;5;1
202300041138;155 607 622;33;0;2;1;13;1
202300041138;155 607 623;33;0;2;3;2;1
202300041139;155 607 620;37;0;1;2;19;3
202300041140;155 607 618;30;0;0;1;1;3
202300041140;155 607 619;7;0;0;2;15;1
202300041141;155 607 617;31;0;0;8;1;1
202300041142;155 607 616;7;15;0;1;2;1
202300041143;155 607 615;30;1;0;7;1;3
202300041144;155 607 614;7;8;0;2;1;1
202300041145;155 607 613;7;1;0;4;1;1
202300041146;155 607 611;7;0;2;4;1;1
202300041146;155 607 612;10;0;2;1;1;1
202300041147;155 607 609;7;0;2;1;1;1
202300041147;155 607 610;7;0;2;4;1;1
202300041148;155 607 607;30;0;2;1;5;1
202300041148;155 607 608;7;0;2;8;1;1
202300041149;155 607 606;7;6;0;3;13;1
202300041150;155 607 604;33;0;2;1;1;1
202300041150;155 607 605;7;0;9;3;1;1
202300041151;155 607 603;31;3;0;2;2;1
202300041152;155 607 602;33;7;0;2;1;1
202300041153;155 607 601;21;2;0;3;1;1
202300041154;155 607 600;7;13;0;2;14;1
202300041155;155 607 597;3;0;2;1;19;1
202300041155;155 607 598;7;0;2;1;23;1
202300041155;155 607 599;1;0;2;8;1;5
202300041156;155 607 595;15;1;1;1;2;1
202300041156;155 607 596;7;0;0;4;23;1
202300041157;155 607 592;7;0;2;1;14;0
202300041157;155 607 593;7;0;0;6;1;0
202300041157;155 607 594;7;0;2;1;1;0
202300041158;155 607 591;7;0;1;2;15;1
202300041159;155 607 590;2;3;0;1;1;1
202300041160;155 607 589;33;0;0;0;26;0
202300041161;155 607 587;17;0;2;8;1;1
202300041161;155 607 588;17;3;2;3;6;1
202300041162;155 607 586;7;2;0;1;2;0
202300041163;155 607 584;7;0;0;3;13;1
202300041163;155 607 585;7;0;0;1;1;0
202300041164;155 607 583;33;0;0;8;1;1
202300041165;155 607 582;33;0;0;0;0;1
202300041166;155 607 580;33;0;2;1;3;1
202300041166;155 607 581;7;0;2;3;11;1
202300041167;155 607 579;7;6;0;3;1;1
202300041168;155 607 577;7;3;2;3;13;1
202300041168;155 607 578;10;0;2;3;13;1
202300041169;155 607 575;33;0;2;1;1;1
202300041169;155 607 576;7;0;2;7;15;1
202300041170;155 607 574;33;13;0;9;14;1
202300041171;155 607 573;10;9;0;1;14;1
202300041172;155 607 572;7;2;0;9;1;0
202300041173;155 607 571;7;14;0;7;1;1
202300041174;155 607 570;2;0;0;0;0;1
202300041175;155 607 569;33;13;0;1;13;1
202300041176;155 607 567;32;0;2;1;2;1
202300041176;155 607 568;7;0;2;3;15;1
202300041177;155 607 566;7;5;0;2;15;1
202300041178;155 607 565;7;13;0;2;1;1
202300041179;155 607 564;32;0;0;1;1;1
202300041180;155 607 562;7;0;2;1;1;1
202300041180;155 607 563;7;0;2;2;15;1
202300041181;155 607 561;7;12;0;1;16;1
202300041182;155 607 560;7;13;0;9;1;1
202300041183;155 607 559;7;16;0;2;1;1
202300041184;155 607 558;33;0;0;0;1;1
202300041185;155 607 556;7;0;0;3;15;0
202300041185;155 607 557;31;0;2;1;1;0
202300041186;155 607 555;7;2;0;1;1;1
202300041187;155 607 553;7;0;2;2;16;1
202300041187;155 607 554;33;0;2;1;15;1
202300041188;155 607 552;21;0;0;9;0;1
202300041189;155 607 550;7;0;2;1;1;1
202300041189;155 607 551;7;0;2;1;1;1
202300041190;155 607 547;7;0;0;3;13;1
202300041190;155 607 548;7;0;0;3;1;1
202300041190;155 607 549;15;0;0;3;0;1
202300041191;155 607 545;7;0;2;3;20;1
202300041191;155 607 546;33;0;2;2;17;1
202300041192;155 607 544;60;0;0;0;0;5
202300041193;155 607 542;10;0;2;1;13;1
202300041193;155 607 543;17;0;2;1;1;1
202300041194;155 607 540;7;0;9;3;13;0
202300041194;155 607 541;21;0;2;3;1;1
202300041195;155 607 539;10;0;0;1;1;1
202300041196;155 607 537;15;0;2;4;2;1
202300041196;155 607 538;7;0;2;1;2;1
202300041197;155 607 534;0;0;0;0;0;0
202300041197;155 607 535;7;0;0;5;0;1
202300041198;155 607 533;50;0;0;0;0;3
202300041199;155 607 531;7;0;2;2;9;1
202300041199;155 607 532;33;0;2;7;21;1
202300041200;155 607 529;7;0;2;3;13;1
202300041200;155 607 530;7;0;2;3;1;1
202300041201;155 607 527;7;0;2;7;13;1
202300041201;155 607 528;7;0;2;2;1;1
202300041202;155 607 525;3;0;0;8;15;1
202300041202;155 607 526;32;0;2;1;1;1
202300041203;155 607 524;15;3;0;3;0;1
202300041204;155 607 523;2;15;0;8;1;1
202300041205;155 607 522;2;13;0;0;0;1
202300041206;155 607 519;7;0;2;3;2;1
202300041206;155 607 520;7;0;2;5;2;1
202300041206;155 607 521;7;0;0;4;2;1
202300041207;155 607 516;33;0;2;3;18;1
202300041207;155 607 517;7;0;2;2;16;1
202300041207;155 607 518;7;0;2;6;23;1
202300041208;155 607 514;2;0;0;7;10;1
202300041208;155 607 515;7;0;2;2;0;0
202300041209;155 607 513;31;14;0;1;1;1
202300041210;155 607 512;7;8;0;1;1;1
202300041211;155 607 511;7;6;0;1;1;1
202300041212;155 607 509;7;0;2;2;16;0
202300041212;155 607 510;33;0;2;3;1;0
202300041213;155 607 508;1;0;0;0;26;5
202300041214;155 607 506;1;0;2;1;1;5
202300041214;155 607 507;1;0;2;1;5;5
202300041215;155 607 505;7;15;0;1;1;1
202300041216;155 607 504;7;2;0;1;0;1
202300041217;155 607 500;33;0;2;1;17;1
202300041217;155 607 501;7;0;2;4;17;1
202300041217;155 607 502;3;0;2;8;1;1
202300041217;155 607 503;7;0;2;2;1;1
202300041218;155 607 499;7;11;0;9;1;1
202300041219;155 607 498;13;13;0;2;0;1
202300041220;155 607 496;21;0;2;3;1;-1
202300041220;155 607 497;2;0;2;3;1;1
202300041221;155 607 495;32;12;0;2;0;1
202300041222;155 607 494;10;0;1;2;2;1
202300041223;155 607 492;7;0;2;3;15;1
202300041223;155 607 493;32;0;2;1;1;1
202300041224;155 607 491;2;6;0;1;19;1
202300041225;155 607 489;7;0;0;8;19;1
202300041225;155 607 490;1;0;2;1;1;5
202300041226;155 607 487;7;0;2;8;1;1
202300041226;155 607 488;31;0;2;1;13;1
202300041227;155 607 486;7;3;0;9;1;1
202300041228;155 607 485;33;5;0;1;0;1
202300041229;155 607 483;7;0;2;1;1;1
202300041229;155 607 484;21;0;2;8;19;1
202300041230;155 607 481;7;0;2;1;1;1
202300041230;155 607 482;7;0;2;4;1;1
202300041231;155 607 479;7;0;2;4;1;1
202300041231;155 607 480;31;0;2;1;2;1
202300041232;155 607 477;33;0;2;1;2;1
202300041232;155 607 478;33;0;2;4;2;1
202300041233;155 607 475;7;0;2;1;2;1
202300041233;155 607 476;7;0;2;4;23;1
202300041234;155 607 473;7;0;2;2;12;1
202300041234;155 607 474;7;0;2;6;12;1
202300041235;155 607 471;43;4;2;3;3;1
202300041235;155 607 472;7;3;2;5;14;1
202300041236;155 607 469;31;0;2;1;2;1
202300041236;155 607 470;7;0;2;4;1;1
202300041237;155 607 463;7;0;2;4;0;1
202300041237;155 607 464;10;0;2;4;2;1
202300041237;155 607 465;7;0;2;5;2;1
202300041237;155 607 466;10;0;2;4;2;1
202300041237;155 607 467;10;0;2;4;2;1
202300041237;155 607 468;10;0;2;1;2;1
202300041238;155 607 461;7;0;2;8;11;1
202300041238;155 607 462;33;0;2;7;0;1
202300041239;155 607 460;7;0;0;1;2;1
202300041240;155 607 457;7;0;2;1;2;1
202300041240;155 607 458;7;0;2;4;2;1
202300041240;155 607 459;10;0;2;4;2;1
202300041241;155 607 454;10;0;2;2;1;1
202300041241;155 607 455;7;0;2;6;1;1
202300041241;155 607 456;32;0;2;3;3;1
202300041242;155 607 452;7;0;2;7;12;1
202300041242;155 607 453;43;0;2;1;3;1
202300041243;155 607 451;13;0;1;1;1;1
202300041244;155 607 449;10;0;2;2;26;1
202300041244;155 607 450;1;0;2;8;15;5
202300041245;155 607 448;7;0;1;7;15;1
202300041246;155 607 447;1;0;0;0;3;5
202300041247;155 607 446;7;0;1;2;26;0
202300041248;155 607 445;7;16;0;9;2;1
202300041249;155 607 444;2;14;0;1;1;1
202300041250;155 607 443;7;2;0;3;1;1
202300041251;155 607 441;33;12;0;3;1;1
202300041251;155 607 442;7;12;0;3;15;1
202300041252;155 607 439;2;0;2;1;1;1
202300041252;155 607 440;2;0;2;1;0;1
202300041253;155 607 437;30;0;9;1;2;1
202300041253;155 607 438;1;0;9;4;23;5
202300041254;155 607 435;33;0;2;1;17;1
202300041254;155 607 436;7;0;2;4;17;1
202300041255;155 607 434;7;0;2;3;15;1
202300041256;155 607 432;50;0;2;7;1;3
202300041256;155 607 433;7;0;2;1;1;1
202300041257;155 607 431;50;12;0;1;0;3
202300041258;155 607 429;7;0;2;1;13;1
202300041258;155 607 430;7;0;2;1;1;1
202300041259;155 607 427;7;0;2;2;1;1
202300041259;155 607 428;7;0;2;3;1;1
202300041260;155 607 425;32;0;2;7;1;1
202300041260;155 607 426;7;0;2;3;11;1
202300041261;155 607 424;7;8;0;1;26;1
202300041262;155 607 422;7;0;2;1;1;1
202300041262;155 607 423;7;0;2;7;16;1
202300041263;155 607 419;7;14;2;1;1;1
202300041263;155 607 420;7;0;2;4;23;1
202300041263;155 607 421;7;0;2;4;23;1
202300041264;155 607 417;80;0;2;1;17;3
202300041264;155 607 418;13;0;2;3;9;1
202300041265;155 607 415;7;0;2;6;1;1
202300041265;155 607 416;10;0;2;1;1;1
202300041266;155 607 413;7;1;2;2;1;1
202300041266;155 607 414;7;0;2;3;24;1
202300041267;155 607 411;14;0;2;2;1;1
202300041267;155 607 412;2;0;2;3;15;1
202300041268;155 607 407;7;0;2;4;0;1
202300041268;155 607 408;7;0;2;4;23;1
202300041269;155 607 406;7;0;1;2;17;1
202300041270;155 607 404;7;0;2;1;1;1
202300041270;155 607 405;7;0;2;1;1;1
202300041271;155 607 402;30;0;2;4;16;1
202300041271;155 607 403;7;0;2;1;12;1
202300041272;155 607 400;7;0;2;3;1;1
202300041272;155 607 401;7;0;2;2;19;1
202300041273;155 607 399;1;0;0;0;1;5
202300041274;155 607 397;7;0;2;1;19;6
202300041274;155 607 398;30;0;0;8;1;1
202300041275;155 607 396;33;0;1;1;1;1
202300041276;155 607 394;7;0;2;5;12;1
202300041276;155 607 395;14;0;2;3;1;1
202300041277;155 607 393;7;14;0;1;2;1
202300041278;155 607 391;2;0;2;8;1;1
202300041278;155 607 392;7;0;2;2;15;1
202300041279;155 607 388;7;0;2;1;1;1
202300041279;155 607 389;1;0;2;8;19;5
202300041280;155 607 386;7;0;2;7;1;1
202300041280;155 607 387;7;0;2;1;1;1
202300041281;155 607 384;7;0;2;1;2;1
202300041281;155 607 385;1;0;2;4;1;5
202300041282;155 607 382;7;0;2;3;1;1
202300041282;155 607 383;1;0;2;8;1;5
202300041283;155 607 381;7;0;1;2;0;0
202300041284;155 607 379;36;0;2;3;15;1
202300041284;155 607 380;7;0;2;2;1;1
202300041285;155 607 377;99;0;2;3;19;1
202300041285;155 607 378;14;0;9;3;9;1
202300041286;155 607 375;7;0;2;1;0;1
202300041286;155 607 376;7;0;2;8;26;1
202300041287;155 607 373;7;0;2;1;1;1
202300041287;155 607 374;60;0;2;7;19;5
202300041288;155 607 371;7;0;2;1;19;1
202300041288;155 607 372;7;1;2;2;1;0
202300041289;155 607 369;32;0;2;2;15;1
202300041289;155 607 370;1;0;2;1;1;5
202300041290;155 607 368;30;0;0;0;1;0
202300041291;155 607 366;7;0;2;6;15;1
202300041291;155 607 367;32;0;2;7;2;1
202300041292;155 607 363;7;0;2;0;3;1
202300041292;155 607 364;7;0;2;8;2;1
202300041292;155 607 365;7;0;2;7;2;1
202300041293;155 607 361;7;0;2;1;1;1
202300041293;155 607 362;7;0;2;5;15;1
202300041294;155 607 360;7;0;1;1;15;1
202300041295;155 607 359;7;0;1;1;25;1
202300041296;155 607 357;10;0;2;2;1;1
202300041296;155 607 358;50;0;2;1;1;3
202300041297;155 607 355;50;0;2;1;1;3
202300041297;155 607 356;7;0;2;3;19;1
202300041298;155 607 353;33;0;2;1;1;1
202300041298;155 607 354;7;0;2;7;19;1
202300041299;155 607 351;7;0;2;3;9;1
202300041299;155 607 352;1;0;2;2;1;5
202300041300;155 607 349;1;0;2;1;1;5
202300041300;155 607 350;1;0;2;1;1;5
202300041301;155 607 347;1;0;2;8;15;5
202300041301;155 607 348;7;0;9;2;1;1
202300041302;155 607 345;30;0;2;3;9;1
202300041302;155 607 346;7;0;2;3;9;1
202300041303;155 607 343;2;0;2;4;9;1
202300041303;155 607 344;10;0;2;2;2;1
202300041304;155 607 342;10;0;1;2;1;1
202300041305;155 607 341;33;1;0;2;13;1
202300041306;155 607 339;7;0;2;5;16;3
202300041306;155 607 340;1;0;2;1;1;5
202300041307;155 607 337;30;0;2;1;2;1
202300041307;155 607 338;10;0;2;4;2;1
202300041308;155 607 334;7;0;2;1;1;1
202300041308;155 607 335;7;0;2;4;1;1
202300041308;155 607 336;7;0;2;4;1;1
202300041309;155 607 332;1;0;2;7;14;5
202300041309;155 607 333;7;0;2;8;13;1
202300041310;155 607 331;10;0;1;2;26;1
202300041311;155 607 329;7;0;2;3;13;1
202300041311;155 607 330;7;7;2;5;1;1
202300041312;155 607 328;80;14;0;7;1;3
202300041313;155 607 327;7;14;0;1;19;1
202300041314;155 607 326;2;16;0;1;1;1
202300041315;155 607 324;7;0;2;2;16;1
202300041315;155 607 325;50;0;2;1;25;3
202300041316;155 607 323;30;1;0;2;17;3
202300041317;155 607 321;7;1;2;3;15;1
202300041317;155 607 322;2;0;2;1;1;3
202300041318;155 607 319;32;0;2;8;1;1
202300041318;155 607 320;7;0;2;7;21;1
202300041319;155 607 318;7;2;0;1;1;1
202300041320;155 607 316;33;0;2;9;1;1
202300041320;155 607 317;7;0;2;7;12;1
202300041321;155 607 315;7;1;0;1;13;1
202300041322;155 607 313;7;0;2;1;1;1
202300041322;155 607 314;1;0;2;1;1;5
202300041323;155 607 311;7;0;2;1;26;1
202300041323;155 607 312;7;0;2;1;1;1
202300041324;155 607 310;7;1;0;1;26;1
202300041325;155 607 308;7;0;2;7;14;1
202300041325;155 607 309;7;0;2;3;1;1
202300041326;155 607 307;7;9;0;1;0;1
202300041327;155 607 305;30;0;2;1;2;1
202300041327;155 607 306;7;0;2;6;23;1
202300041328;155 607 304;1;0;-1;0;0;5
202300041329;155 607 302;7;0;9;2;16;1
202300041329;155 607 303;50;0;2;1;1;3
202300041330;155 607 300;3;0;2;5;26;1
202300041330;155 607 301;7;0;2;3;0;1
202300041331;155 607 298;7;0;2;1;1;1
202300041331;155 607 299;7;0;2;3;1;1
202300041332;155 607 297;7;1;1;1;26;1
202300041333;155 607 296;7;0;1;1;1;1
202300041334;155 607 294;7;0;2;2;0;1
202300041334;155 607 295;34;0;2;1;1;1
202300041335;155 607 293;34;0;1;1;7;1
202300041336;155 607 290;30;0;2;2;11;1
202300041336;155 607 292;7;0;2;1;1;1
202300041337;155 607 289;2;0;2;1;1;1
202300041337;155 607 291;7;0;2;4;1;1
202300041338;155 607 288;7;8;0;1;5;0
202300041339;155 607 287;7;0;1;1;1;2
202300041340;155 607 286;30;0;0;1;1;1
202300041341;155 607 283;7;0;2;8;9;1
202300041341;155 607 285;30;0;2;2;1;1
202300041342;155 607 280;32;0;2;1;1;1
202300041342;155 607 282;32;0;2;8;10;1
202300041343;155 607 277;7;0;2;1;1;1
202300041343;155 607 278;7;0;2;8;1;1
202300041343;155 607 279;7;0;2;8;1;1
202300041344;155 607 281;7;0;2;3;15;1
202300041344;155 607 284;32;0;2;1;1;1
202300041345;155 607 274;7;0;2;1;15;1
202300041345;155 607 275;30;0;2;1;17;1
202300041346;155 607 271;7;0;0;3;1;1
202300041346;155 607 273;2;0;2;1;5;1
202300041346;155 607 276;2;0;0;0;1;1
202300041347;155 607 270;31;0;2;1;2;3
202300041347;155 607 272;7;0;2;4;2;0
202300041348;155 607 268;31;0;2;3;3;1
202300041348;155 607 269;10;0;2;0;12;1
202300041349;155 607 267;7;3;0;1;1;1
202300041350;155 607 266;37;0;1;2;1;4
202300041351;155 607 265;7;2;0;1;15;1
202300041352;155 607 263;32;0;2;1;1;1
202300041352;155 607 264;7;0;2;0;23;3
202300041353;155 607 262;7;2;0;3;13;1
202300041354;155 607 260;7;0;2;4;1;2
202300041354;155 607 261;7;0;2;1;1;3
202300041355;155 607 258;7;0;2;2;12;1
202300041355;155 607 259;33;0;2;3;1;1
202300041356;155 607 255;80;0;2;1;19;3
202300041356;155 607 256;1;0;2;3;1;5
202300041357;155 607 257;7;0;1;2;1;1
202300041358;155 607 253;2;0;2;1;1;3
202300041358;155 607 254;7;0;2;3;9;1
202300041359;155 607 251;10;0;2;8;1;1
202300041359;155 607 252;10;0;2;1;17;1
202300041360;155 607 249;7;0;2;5;16;3
202300041360;155 607 250;2;0;2;3;1;1
202300041361;155 607 247;7;0;1;3;1;1
202300041362;155 607 248;7;0;1;0;1;0
202300041363;155 607 245;7;0;2;7;15;1
202300041363;155 607 246;31;0;2;1;1;3
202300041364;155 607 244;7;13;0;0;1;1
202300041365;155 607 243;30;9;0;7;14;1
202300041366;155 607 240;1;0;2;1;1;5
202300041366;155 607 241;7;1;2;1;20;2
202300041367;155 607 239;10;0;2;1;1;1
202300041367;155 607 242;7;0;2;3;15;1
202300041368;155 607 237;1;0;2;7;7;5
202300041368;155 607 238;7;0;2;1;9;1
202300041369;155 607 235;7;0;2;2;2;1
202300041369;155 607 236;2;0;2;6;15;1
202300041370;155 607 233;33;0;2;8;1;1
202300041370;155 607 234;7;0;2;2;15;1
202300041371;155 607 231;33;0;2;1;1;1
202300041371;155 607 232;7;0;2;6;19;1
202300041372;155 607 230;1;0;1;0;1;5
202300041373;155 607 227;31;0;0;1;1;1
202300041374;155 607 228;21;0;2;8;15;1
202300041374;155 607 229;2;0;2;7;17;1
202300041375;155 607 225;7;8;2;1;1;1
202300041375;155 607 226;50;16;2;2;19;3
202300041376;155 607 224;7;0;0;9;21;1
202300041377;155 607 223;80;0;0;0;23;3
202300041378;155 607 222;7;0;1;3;15;1
202300041379;155 607 221;7;2;0;3;1;1
202300041380;155 607 219;7;0;2;5;23;2
202300041380;155 607 220;7;0;2;3;13;2
202300041381;155 607 216;10;0;2;4;4;1
202300041381;155 607 217;1;0;2;4;23;5
202300041382;155 607 215;7;7;2;1;5;1
202300041382;155 607 218;7;0;2;3;1;1
202300041383;155 607 212;10;0;2;1;1;3
202300041383;155 607 214;7;0;2;8;1;0
202300041384;155 607 211;7;0;0;1;1;1
202300041384;155 607 213;7;0;0;7;1;1
202300041385;155 607 210;7;14;0;1;19;1
202300041386;155 607 208;2;1;0;2;1;1
202300041387;155 607 207;7;0;2;7;12;1
202300041387;155 607 209;34;0;2;8;3;1
202300041388;155 607 205;7;2;0;3;1;1
202300041389;155 607 202;7;0;2;1;1;1
202300041389;155 607 203;10;0;2;7;15;1
202300041390;155 607 201;7;10;0;2;1;1
202300041391;155 607 198;7;0;2;3;20;6
202300041391;155 607 200;33;0;2;7;2;6
202300041392;155 607 197;7;0;0;6;15;1
202300041392;155 607 199;33;0;2;1;17;1
202300041393;155 607 195;33;0;2;3;1;1
202300041393;155 607 196;7;0;2;5;19;1
202300041394;155 607 194;7;2;0;1;1;1
202300041395;155 607 192;7;0;2;3;16;1
202300041395;155 607 193;50;0;2;1;1;3
202300041396;155 607 191;7;0;1;5;26;1
202300041397;155 607 190;7;0;1;2;1;3
202300041398;155 607 189;7;0;1;3;26;1
202300041399;155 607 187;7;0;2;3;9;1
202300041399;155 607 188;10;0;2;1;1;1
202300041400;155 607 185;80;0;2;1;1;3
202300041400;155 607 186;7;0;2;3;23;1
202300041401;155 607 182;1;0;2;0;0;5
202300041401;155 607 184;50;0;2;2;11;3
202300041402;155 607 181;10;0;2;1;1;1
202300041402;155 607 183;7;11;2;6;19;1
202300041403;155 607 177;7;0;0;1;23;0
202300041403;155 607 179;33;1;2;0;0;0
202300041403;155 607 180;33;1;2;0;0;0
202300041404;155 607 176;0;0;9;0;0;0
202300041404;155 607 178;1;0;2;8;0;5
202300041405;155 607 170;50;1;0;1;0;3
202300041405;155 607 172;7;0;9;8;22;1
202300041406;155 607 171;7;0;2;8;1;2
202300041406;155 607 173;17;0;2;2;17;1