Num_Acc;id_vehicule;catv;obs;obsm;choc;manv;motor
202300042811;155 604 690;17;0;2;8;1;1
202300042811;155 604 692;7;0;2;8;0;1
202300042812;155 604 685;7;1;1;2;15;0
202300042813;155 604 682;7;0;2;1;2;2
202300042813;155 604 683;33;0;2;4;2;1
202300042814;155 604 680;34;0;1;1;26;1
202300042814;155 604 681;7;0;2;1;1;1
202300042815;155 604 679;7;0;2;3;1;1
202300042815;155 604 684;7;0;2;6;1;1
202300042816;155 604 674;7;0;2;1;2;1
202300042816;155 604 676;7;0;2;4;2;1
202300042816;155 604 677;7;0;2;4;2;1
202300042817;155 604 675;7;0;2;1;1;1
202300042817;155 604 678;7;0;2;4;2;1
202300042818;155 604 669;7;0;2;8;9;1
202300042818;155 604 672;1;0;2;1;1;5
202300042819;155 604 671;1;0;2;1;5;5
202300042819;155 604 673;7;0;2;2;1;5
202300042820;155 604 668;7;6;0;1;1;1
202300042821;155 604 667;7;0;2;1;1;1
202300042821;155 604 670;7;0;2;4;1;1
202300042822;155 604 665;7;8;0;1;15;1
202300042823;155 604 664;10;0;2;3;0;0
202300042823;155 604 666;34;0;2;1;13;1
202300042824;155 604 660;10;0;2;6;11;0
202300042824;155 604 662;33;0;2;2;3;1
202300042825;155 604 659;7;0;2;4;2;1
202300042825;155 604 661;7;0;2;4;2;0
202300042825;155 604 663;10;0;2;1;2;1
202300042826;155 604 656;7;0;2;2;2;2
202300042826;155 604 658;1;0;2;4;2;5
202300042827;155 604 654;10;0;2;1;2;1
202300042827;155 604 657;7;0;2;4;23;1
202300042828;155 604 651;10;0;2;8;24;1
202300042828;155 604 652;1;1;0;2;1;5
202300042829;155 604 653;10;0;2;1;2;1
202300042829;155 604 655;10;0;2;4;2;1
202300042830;155 604 649;7;0;1;3;1;1
202300042831;155 604 647;31;0;2;8;18;1
202300042831;155 604 650;7;0;2;2;16;1
202300042832;155 604 645;7;0;2;8;1;1
202300042832;155 604 646;7;0;2;5;1;2
202300042832;155 604 648;7;0;2;3;3;1
202300042833;155 604 642;14;0;2;2;1;1
202300042833;155 604 643;1;0;2;4;15;5
202300042834;155 604 641;7;0;2;1;15;1
202300042834;155 604 644;43;0;2;3;1;1
202300042835;155 604 637;10;1;0;4;20;1
202300042835;155 604 638;2;0;0;2;24;1
202300042836;155 604 639;10;0;2;1;2;1
202300042836;155 604 640;17;0;2;4;26;1
202300042837;155 604 635;7;0;2;6;16;2
202300042837;155 604 636;1;0;2;1;19;5
202300042838;155 604 633;7;0;2;6;13;1
202300042838;155 604 634;2;0;2;7;17;3
202300042839;155 604 631;7;0;2;6;1;1
202300042839;155 604 632;31;0;2;1;1;1
202300042840;155 604 628;1;0;2;3;13;5
202300042840;155 604 630;80;0;2;2;13;3
202300042841;155 604 627;2;0;2;7;17;1
202300042841;155 604 629;7;0;2;3;15;1
202300042842;155 604 626;7;8;0;9;13;2
202300042843;155 604 623;50;0;2;3;19;3
202300042843;155 604 625;10;0;2;2;1;1
202300042844;155 604 621;7;0;2;8;22;1
202300042844;155 604 622;80;1;0;0;1;3
202300042845;155 604 619;7;0;2;2;2;1
202300042845;155 604 620;7;0;2;4;23;1
202300042845;155 604 624;7;0;0;4;23;1
202300042846;155 604 618;7;1;0;1;20;1
202300042847;155 604 616;7;0;2;7;16;1
202300042847;155 604 617;37;0;2;8;1;3
202300042848;155 604 613;2;0;2;1;1;2
202300042848;155 604 615;7;0;2;1;15;1
202300042849;155 604 612;34;0;2;3;13;1
202300042849;155 604 614;7;0;2;6;1;1
202300042850;155 604 610;7;0;2;4;23;1
202300042850;155 604 611;30;0;2;1;1;1
202300042851;155 604 607;7;1;0;1;1;1
202300042852;155 604 602;7;0;2;4;1;2
202300042852;155 604 603;7;0;2;4;1;1
202300042852;155 604 605;7;0;2;4;1;1
202300042852;155 604 606;7;0;2;1;9;3
202300042852;155 604 608;7;0;2;4;1;2
202300042852;155 604 609;7;0;2;4;1;1
202300042853;155 604 604;7;0;1;1;1;1
202300042854;155 604 600;1;0;1;1;1;5
202300042855;155 604 597;10;0;2;3;21;1
202300042855;155 604 599;7;0;2;4;1;2
202300042855;155 604 601;7;0;2;4;23;1
202300042856;155 604 596;33;0;2;8;18;1
202300042856;155 604 598;7;0;2;2;16;1
202300042857;155 604 595;31;12;0;1;6;1
202300042858;155 604 593;33;14;0;1;1;6
202300042859;155 604 591;34;0;2;2;1;1
202300042859;155 604 592;7;0;2;8;22;1
202300042860;155 604 590;7;0;0;0;0;1
202300042860;155 604 594;33;0;2;1;13;1
202300042861;155 604 589;7;0;1;3;15;1
202300042862;155 604 588;30;0;1;1;1;3
202300042863;155 604 586;32;0;9;1;1;1
202300042863;155 604 587;50;0;2;8;26;3
202300042864;155 604 584;7;0;2;2;10;1
202300042864;155 604 585;2;0;2;1;1;1
202300042865;155 604 579;7;0;9;1;0;1
202300042865;155 604 582;50;0;2;4;0;3
202300042866;155 604 581;50;0;2;2;1;3
202300042866;155 604 583;7;0;2;3;16;2
202300042867;155 604 578;7;0;2;3;13;2
202300042867;155 604 580;10;0;2;3;1;1
202300042868;155 604 577;34;0;0;0;0;1
202300042869;155 604 573;1;0;2;1;1;5
202300042869;155 604 575;7;0;2;4;1;1
202300042870;155 604 576;30;0;1;8;1;3
202300042871;155 604 571;7;0;1;1;19;6
202300042872;155 604 567;7;0;2;1;15;1
202300042872;155 604 570;1;0;2;8;1;5
202300042873;155 604 568;7;0;2;1;2;2
202300042873;155 604 569;10;0;2;4;1;6
202300042874;155 604 565;7;0;2;7;1;1
202300042874;155 604 566;7;0;2;1;9;1
202300042875;155 604 563;7;0;1;2;1;1
202300042876;155 604 562;7;0;2;1;15;1
202300042876;155 604 564;43;0;2;1;1;1
202300042877;155 604 561;1;12;0;9;13;5
202300042878;155 604 559;1;0;2;1;0;5
202300042878;155 604 560;7;0;2;0;0;2
202300042879;155 604 557;7;4;0;1;1;1
202300042880;155 604 555;50;0;2;1;19;3
202300042880;155 604 556;10;0;2;2;1;3
202300042881;155 604 554;30;0;2;1;1;3
202300042881;155 604 558;7;0;2;7;15;1
202300042882;155 604 552;7;0;1;2;16;1
202300042883;155 604 549;7;3;2;2;17;1
202300042883;155 604 551;7;3;2;8;1;1
202300042884;155 604 550;1;0;2;2;17;5
202300042884;155 604 553;10;0;2;3;13;1
202300042885;155 604 548;7;0;1;1;1;1
202300042886;155 604 546;3;0;2;1;13;1
202300042886;155 604 547;7;0;2;1;1;1
202300042887;155 604 545;14;0;1;3;1;1
202300042888;155 604 543;7;0;2;3;17;1
202300042888;155 604 544;7;0;2;3;1;1
202300042889;155 604 542;7;0;1;4;26;0
202300042890;155 604 540;33;0;2;1;1;1
202300042890;155 604 541;7;0;2;6;1;1
202300042891;155 604 537;1;0;0;7;16;5
202300042892;155 604 535;7;0;2;1;1;0
202300042892;155 604 536;7;0;2;4;1;2
202300042892;155 604 538;7;0;2;2;1;1
202300042892;155 604 539;7;0;2;0;0;1
202300042893;155 604 530;60;0;2;4;2;5
202300042893;155 604 532;7;0;2;3;2;1
202300042894;155 604 533;1;0;1;1;1;5
202300042895;155 604 531;30;0;2;1;2;1
202300042895;155 604 534;7;0;2;0;0;2
202300042896;155 604 525;7;0;2;2;14;0
202300042896;155 604 527;7;0;0;2;23;1
202300042896;155 604 529;1;0;0;4;23;5
202300042897;155 604 524;99;12;2;4;0;3
202300042897;155 604 528;7;0;2;1;0;1
202300042898;155 604 526;50;0;0;0;1;3
202300042899;155 604 520;10;0;2;1;2;1
202300042899;155 604 522;7;0;2;4;2;1
202300042899;155 604 523;10;0;2;6;2;1
202300042900;155 604 519;7;0;2;3;2;1
202300042900;155 604 521;7;0;2;5;2;1
202300042901;155 604 517;2;0;2;1;2;1
202300042901;155 604 518;10;0;2;4;2;1
202300042902;155 604 515;7;0;2;2;15;1
202300042902;155 604 516;33;0;2;1;19;1
202300042903;155 604 513;7;0;2;1;1;1
202300042903;155 604 514;50;0;2;8;25;3
202300042904;155 604 511;1;0;1;1;2;5
202300042905;155 604 512;7;0;1;1;14;1
202300042906;155 604 509;7;0;0;2;0;1
202300042907;155 604 507;2;0;2;1;1;0
202300042907;155 604 510;7;0;2;4;23;2
202300042908;155 604 505;15;8;2;3;1;0
202300042908;155 604 508;15;6;0;2;1;1
202300042909;155 604 503;7;8;0;3;13;1
202300042910;155 604 502;7;0;1;2;1;1
202300042911;155 604 499;7;0;2;3;13;1
202300042911;155 604 501;33;0;2;2;17;1
202300042912;155 604 497;34;0;2;8;18;0
202300042912;155 604 498;7;0;2;2;16;0
202300042913;155 604 496;7;0;2;1;15;1
202300042913;155 604 500;2;0;2;7;1;1
202300042914;155 604 493;7;0;2;2;21;1
202300042914;155 604 494;30;1;0;1;23;1
202300042914;155 604 495;7;0;0;4;23;2
202300042915;155 604 491;7;2;0;3;13;1
202300042916;155 604 490;7;0;2;2;15;1
202300042916;155 604 492;43;0;2;1;2;1
202300042917;155 604 487;14;0;2;7;1;1
202300042917;155 604 488;80;0;2;6;13;3
202300042918;155 604 485;1;0;2;7;17;5
202300042918;155 604 486;7;0;2;8;23;1
202300042919;155 604 483;7;0;2;2;1;6
202300042919;155 604 484;50;0;2;0;18;3
202300042920;155 604 482;10;0;1;5;4;1
202300042921;155 604 480;7;0;2;3;10;1
202300042921;155 604 481;33;0;2;2;2;1
202300042922;155 604 479;7;0;1;5;1;1
202300042923;155 604 478;38;0;2;3;1;1
202300042923;155 604 489;7;0;2;1;1;1
202300042924;155 604 476;7;0;1;2;1;0
202300042925;155 604 475;50;0;2;2;16;3
202300042925;155 604 477;7;0;2;2;15;2
202300042926;155 604 472;10;0;2;5;1;1
202300042926;155 604 474;30;0;2;3;2;1
202300042927;155 604 471;7;1;2;1;20;0
202300042927;155 604 473;2;0;2;1;1;0
202300042928;155 604 470;30;0;1;1;1;1
202300042929;155 604 466;7;0;2;2;10;1
202300042929;155 604 468;7;0;2;3;1;1
202300042929;155 604 469;7;0;2;1;0;1
202300042930;155 604 465;33;0;2;8;1;1
202300042930;155 604 467;7;0;2;3;15;1
202300042931;155 604 463;80;9;0;7;1;3
202300042932;155 604 462;10;0;2;6;20;1
202300042932;155 604 464;30;0;2;1;2;1
202300042933;155 604 459;31;0;0;0;21;1
202300042933;155 604 461;7;0;0;0;20;1
202300042934;155 604 458;7;0;2;2;1;1
202300042934;155 604 460;7;0;2;6;15;1
202300042935;155 604 456;32;0;2;8;1;1
202300042935;155 604 457;7;0;2;7;1;1
202300042936;155 604 454;32;1;2;8;1;1
202300042936;155 604 455;7;0;2;2;15;0
202300042937;155 604 452;50;14;2;1;2;3
202300042937;155 604 453;7;0;2;7;26;1
202300042938;155 604 449;7;0;2;3;15;2
202300042938;155 604 451;33;0;2;2;1;1
202300042939;155 604 448;7;0;2;1;1;1
202300042939;155 604 450;7;0;2;8;11;1
202300042940;155 604 446;10;0;2;1;2;1
202300042940;155 604 447;31;0;2;4;2;1
202300042941;155 604 445;7;2;0;1;19;6
202300042942;155 604 442;2;0;2;4;23;1
202300042942;155 604 443;7;0;2;1;2;1
202300042943;155 604 441;1;0;2;1;1;5
202300042943;155 604 444;7;0;2;2;1;1
202300042944;155 604 437;7;0;2;8;15;1
202300042944;155 604 439;33;0;2;1;1;1
202300042945;155 604 435;7;13;0;0;1;1
202300042946;155 604 434;33;0;2;8;25;1
202300042946;155 604 436;7;16;2;1;0;1
202300042947;155 604 433;7;0;0;9;0;1
202300042948;155 604 430;10;0;2;2;15;1
202300042948;155 604 431;2;0;2;1;1;1
202300042949;155 604 428;7;4;0;0;0;1
202300042950;155 604 426;33;0;2;1;1;1
202300042950;155 604 427;15;0;2;5;20;1
202300042951;155 604 424;7;0;0;1;1;1
202300042952;155 604 423;7;0;2;2;15;1
202300042952;155 604 425;33;0;2;1;1;1
202300042953;155 604 422;7;12;0;1;1;0
202300042954;155 604 419;1;0;2;1;1;5
202300042954;155 604 421;7;0;9;7;15;1
202300042955;155 604 418;10;0;2;1;1;1
202300042955;155 604 420;10;0;2;2;19;0
202300042956;155 604 417;33;0;0;1;1;1
202300042957;155 604 414;7;13;0;0;13;1
202300042958;155 604 411;7;8;0;3;1;0
202300042959;155 604 410;33;0;2;3;1;1
202300042959;155 604 412;7;0;2;1;15;2
202300042960;155 604 408;7;8;0;1;16;1
202300042961;155 604 407;7;1;0;3;2;1
202300042961;155 604 409;7;3;0;3;26;1
202300042962;155 604 406;7;13;0;1;1;1
202300042963;155 604 403;7;0;2;1;17;1
202300042963;155 604 405;7;0;0;4;1;1
202300042964;155 604 402;7;0;2;5;15;1
202300042964;155 604 404;33;0;2;1;1;1
202300042965;155 604 400;2;7;0;1;0;1
202300042966;155 604 399;7;0;2;3;9;1
202300042966;155 604 401;7;0;2;1;1;1
202300042967;155 604 397;7;0;2;1;17;1
202300042967;155 604 398;7;0;2;1;1;1
202300042968;155 604 396;10;0;1;3;1;1
202300042969;155 604 394;15;7;0;0;2;1
202300042970;155 604 393;7;0;2;3;13;1
202300042970;155 604 395;10;0;2;3;1;1
202300042971;155 604 391;33;0;0;8;0;1
202300042972;155 604 390;7;0;0;3;19;1
202300042972;155 604 392;33;0;2;1;1;1
202300042973;155 604 386;3;0;2;3;19;1
202300042973;155 604 389;7;0;2;2;1;1
202300042974;155 604 384;7;2;0;1;1;0
202300042975;155 604 382;33;0;2;1;1;1
202300042975;155 604 383;33;0;2;4;1;1
202300042976;155 604 380;7;0;2;3;1;1
202300042976;155 604 381;2;0;2;2;17;1
202300042977;155 604 379;7;14;0;1;1;1
202300042978;155 604 377;7;0;1;2;2;1
202300042979;155 604 376;7;0;2;1;0;1
202300042979;155 604 378;3;0;2;3;0;3
202300042980;155 604 374;7;7;0;0;1;1
202300042981;155 604 370;7;0;2;7;1;1
202300042981;155 604 372;7;0;2;1;1;1
202300042982;155 604 369;1;0;2;3;1;5
202300042982;155 604 371;7;0;9;3;1;1
202300042982;155 604 373;1;0;2;3;1;5
202300042983;155 604 367;7;3;0;1;0;1
202300042984;155 604 366;7;8;2;1;13;1
202300042984;155 604 368;7;0;2;3;1;1
202300042985;155 604 365;33;0;0;1;0;1
202300042986;155 604 363;7;0;2;1;2;1
202300042986;155 604 364;17;0;2;4;1;1
202300042987;155 604 360;7;0;0;4;23;6
202300042987;155 604 362;7;0;0;1;2;0
202300042988;155 604 359;7;0;0;8;9;1
202300042988;155 604 361;7;0;2;1;1;1
202300042989;155 604 357;15;0;2;8;1;1
202300042989;155 604 358;7;0;2;1;14;1
202300042990;155 604 355;7;0;2;3;15;1
202300042990;155 604 356;33;7;2;1;1;1
202300042991;155 604 353;10;3;2;0;14;1
202300042991;155 604 354;14;0;2;8;1;1
202300042992;155 604 352;1;0;0;0;1;5
202300042993;155 604 350;7;0;2;1;5;1
202300042993;155 604 351;7;0;2;1;1;1
202300042994;155 604 349;7;7;0;1;1;1
202300042995;155 604 347;14;0;4;7;19;1
202300042995;155 604 348;39;0;2;1;1;1
202300042996;155 604 345;7;0;2;1;1;1
202300042996;155 604 346;80;0;2;8;15;3
202300042997;155 604 342;7;14;0;1;0;1
202300042998;155 604 341;7;0;0;4;23;1
202300042998;155 604 343;7;0;0;4;23;1
202300042998;155 604 344;10;0;2;1;2;1
202300042999;155 604 339;7;0;2;8;1;1
202300042999;155 604 340;33;0;2;8;1;1
202300043000;155 604 338;7;2;0;3;1;1
202300043001;155 604 336;21;14;0;2;14;1
202300043002;155 604 335;7;0;0;6;2;0
202300043002;155 604 337;10;0;2;2;2;1
202300043003;155 604 334;2;12;0;1;1;1
202300043004;155 604 332;7;0;9;2;1;1
202300043004;155 604 333;1;0;2;2;1;5
202300043005;155 604 330;7;0;2;3;1;1
202300043005;155 604 331;7;0;0;8;1;1
202300043006;155 604 328;7;2;0;2;1;2
202300043007;155 604 327;7;0;2;1;17;0
202300043007;155 604 329;7;0;2;1;1;0
202300043008;155 604 324;2;0;2;3;13;1
202300043008;155 604 326;7;0;2;3;1;2
202300043009;155 604 322;7;0;2;1;2;1
202300043009;155 604 323;7;0;2;3;1;1
202300043009;155 604 325;7;0;2;3;13;1
202300043010;155 604 319;14;0;2;2;15;0
202300043010;155 604 321;7;15;0;3;2;2
202300043011;155 604 318;33;0;2;1;17;1
202300043011;155 604 320;7;0;2;3;15;1
202300043012;155 604 316;7;0;2;1;1;0
202300043012;155 604 317;7;0;2;7;21;0
202300043013;155 604 313;7;0;2;8;2;1
202300043013;155 604 314;7;0;2;3;2;1
202300043013;155 604 315;43;0;2;1;26;1
202300043014;155 604 308;7;0;2;3;1;0
202300043014;155 604 310;1;0;2;1;19;5
202300043015;155 604 307;33;0;2;1;1;1
202300043015;155 604 309;7;0;2;4;2;1
202300043016;155 604 303;7;0;2;6;13;1
202300043016;155 604 305;33;0;2;5;17;1
202300043017;155 604 301;7;0;2;1;1;0
202300043017;155 604 302;7;0;2;4;1;0
202300043017;155 604 304;10;0;2;4;23;0
202300043017;155 604 306;7;0;2;4;23;0
202300043018;155 604 300;7;8;0;3;19;1
202300043019;155 604 297;33;0;2;8;3;1
202300043019;155 604 299;7;0;2;5;12;1
202300043020;155 604 296;7;0;2;1;19;1
202300043020;155 604 298;7;0;2;8;1;1
202300043021;155 604 295;7;3;0;1;1;0
202300043022;155 604 293;7;0;2;3;26;1
202300043022;155 604 294;7;0;2;3;1;1
202300043023;155 604 291;7;4;0;6;0;1
202300043023;155 604 292;7;4;2;1;1;1
202300043024;155 604 289;7;0;2;1;1;1
202300043024;155 604 290;10;0;2;2;1;1
202300043025;155 604 284;7;0;2;9;12;1
202300043025;155 604 286;7;0;2;3;2;2
202300043025;155 604 288;10;0;2;5;0;1
202300043026;155 604 281;7;0;2;3;10;1
202300043026;155 604 283;10;0;2;1;1;1
202300043027;155 604 280;33;0;2;0;0;1
202300043027;155 604 282;7;0;2;5;2;1
202300043028;155 604 278;7;3;0;0;0;1
202300043029;155 604 276;7;4;2;8;13;1
202300043029;155 604 277;7;4;2;7;0;1
202300043029;155 604 279;10;0;2;1;1;1
202300043030;155 604 272;7;0;2;1;2;1
202300043030;155 604 274;7;0;0;4;1;0
202300043030;155 604 275;7;0;2;1;2;1
202300043031;155 604 273;7;3;0;1;1;1
202300043032;155 604 268;10;0;2;1;13;1
202300043032;155 604 269;7;3;2;1;0;1
202300043032;155 604 271;7;0;2;1;21;1
202300043033;155 604 267;7;4;2;2;2;1
202300043033;155 604 270;0;0;2;0;0;0
202300043034;155 604 263;7;0;2;1;2;1
202300043034;155 604 265;7;0;0;4;2;1
202300043035;155 604 262;7;0;2;3;2;1
202300043035;155 604 264;14;0;2;2;1;1
202300043036;155 604 260;0;0;2;0;0;0
202300043036;155 604 261;43;0;2;1;3;1
202300043037;155 604 259;7;0;6;2;1;1
202300043038;155 604 254;7;14;1;5;1;2
202300043038;155 604 257;7;1;0;0;24;1
202300043038;155 604 258;7;0;0;4;23;1
202300043039;155 604 252;7;4;2;1;2;1
202300043039;155 604 253;33;0;0;4;2;1
202300043039;155 604 255;7;0;0;3;1;1
202300043039;155 604 256;7;0;0;4;2;1
202300043040;155 604 251;7;0;1;1;1;1
202300043041;155 604 250;7;0;1;2;21;6
202300043042;155 604 249;7;0;1;1;21;1
202300043043;155 604 248;80;1;0;1;0;3
202300043044;155 604 247;7;0;1;2;1;1
202300043045;155 604 245;7;0;2;1;13;1
202300043045;155 604 246;7;0;2;1;1;1
202300043046;155 604 244;7;0;1;2;1;1
202300043047;155 604 243;7;8;0;2;1;1
202300043048;155 604 242;7;0;1;6;4;1
202300043049;155 604 241;33;0;0;0;1;1
202300043050;155 604 240;32;0;1;1;2;1
202300043051;155 604 238;7;0;2;2;14;1
202300043051;155 604 239;15;0;2;6;1;1
202300043052;155 604 237;33;3;0;1;9;1
202300043053;155 604 236;7;6;0;3;0;1
202300043054;155 604 235;10;0;1;1;1;1
202300043055;155 604 234;21;13;0;3;1;1
202300043056;155 604 232;7;0;2;1;1;1
202300043056;155 604 233;50;0;2;4;0;3
202300043057;155 604 229;7;0;2;7;15;1
202300043057;155 604 231;33;0;2;1;1;1
202300043058;155 604 228;10;0;2;3;2;1
202300043058;155 604 230;30;0;2;0;2;1
202300043059;155 604 224;7;0;2;1;1;1
202300043059;155 604 227;7;0;2;1;14;1
202300043060;155 604 225;10;0;2;2;0;1
202300043060;155 604 226;30;0;2;0;0;3
202300043061;155 604 220;1;0;2;7;1;5
202300043061;155 604 222;7;0;2;3;23;1
202300043062;155 604 219;7;0;2;4;1;1
202300043062;155 604 221;7;0;2;8;1;1
202300043062;155 604 223;7;0;2;0;17;0
202300043063;155 604 218;7;16;0;1;1;1
202300043064;155 604 217;10;0;1;3;16;1
202300043065;155 604 215;7;0;0;8;1;0
202300043065;155 604 216;33;0;0;7;17;0
202300043066;155 604 213;7;0;2;1;1;1
202300043066;155 604 214;7;0;2;7;19;1
202300043067;155 604 210;7;0;0;6;1;1
202300043067;155 604 211;7;0;2;1;13;1
202300043067;155 604 212;10;0;2;1;1;1
202300043068;155 604 207;7;13;0;9;13;1
202300043069;155 604 205;7;0;1;1;1;1
202300043070;155 604 203;7;0;2;7;1;1
202300043070;155 604 204;14;0;2;3;13;1
202300043071;155 604 202;7;8;0;1;14;1
202300043072;155 604 200;7;0;2;4;2;1
202300043072;155 604 201;33;0;2;1;2;1
202300043073;155 604 197;7;0;2;3;9;1
202300043073;155 604 199;80;0;2;5;1;3
202300043074;155 604 198;34;3;0;7;14;1
202300043075;155 604 196;7;0;1;1;1;1
202300043076;155 604 194;7;0;2;8;1;1
202300043076;155 604 195;7;0;2;8;1;1
202300043077;155 604 193;7;13;0;9;14;1
202300043078;155 604 191;7;0;1;1;1;1
202300043079;155 604 190;7;0;2;6;1;1
202300043079;155 604 192;17;0;2;2;12;1
202300043080;155 604 186;7;0;2;1;2;1
202300043080;155 604 187;31;0;2;4;23;1
202300043081;155 604 178;10;0;2;4;1;1
202300043081;155 604 180;7;0;2;1;1;1
202300043081;155 604 182;7;0;2;1;1;1
202300043081;155 604 183;7;0;2;1;1;1
202300043082;155 604 173;7;0;2;1;0;1
202300043082;155 604 174;7;0;2;4;26;3
202300043082;155 604 175;7;0;2;1;0;1
202300043083;155 604 172;33;4;0;3;1;1
202300043084;155 604 169;42;0;2;8;3;1
202300043084;155 604 170;7;0;2;7;12;1
202300043085;155 604 168;7;0;2;6;1;1
202300043085;155 604 171;7;0;2;2;1;1
202300043086;155 604 164;33;0;2;1;0;1
202300043086;155 604 166;7;0;2;5;12;1
202300043087;155 604 163;7;0;2;4;23;1
202300043087;155 604 165;7;0;2;9;23;1
202300043087;155 604 167;7;0;2;1;1;1
202300043088;155 604 162;33;0;1;1;13;1
202300043089;155 604 160;7;0;2;5;16;1
202300043089;155 604 161;50;0;2;9;1;3
202300043090;155 604 159;7;0;1;2;26;1
202300043091;155 604 156;7;0;2;1;1;1
202300043091;155 604 158;7;0;2;2;15;1
202300043092;155 604 155;32;0;2;1;1;1
202300043092;155 604 157;7;0;2;1;13;1
202300043093;155 604 152;10;0;9;1;1;1
202300043093;155 604 154;50;0;2;1;1;3
202300043094;155 604 151;2;0;2;1;1;1
202300043094;155 604 153;7;0;2;7;15;1
202300043095;155 604 148;2;0;2;7;17;1
202300043095;155 604 149;7;0;2;8;16;1
202300043096;155 604 147;1;0;2;0;1;5
202300043096;155 604 150;7;0;2;3;15;1
202300043097;155 604 146;7;0;1;2;1;1
202300043098;155 604 144;10;0;2;2;16;1
202300043098;155 604 145;1;0;2;7;1;5
202300043099;155 604 143;30;0;0;1;1;1
202300043100;155 604 140;1;0;2;7;1;5
202300043100;155 604 141;7;0;2;3;1;1
202300043101;155 604 139;7;0;2;1;2;1
202300043101;155 604 142;10;0;2;2;15;1
202300043102;155 604 138;7;8;0;1;21;1
202300043103;155 604 137;10;0;1;4;26;1
202300043104;155 604 136;32;12;0;1;1;1
202300043105;155 604 133;7;0;2;3;17;1
202300043105;155 604 134;80;0;2;3;2;3
202300043105;155 604 135;14;0;2;3;1;1
202300043106;155 604 131;2;0;2;1;2;1
202300043106;155 604 132;7;0;2;6;15;1
202300043107;155 604 130;7;8;1;2;1;1
202300043108;155 604 128;7;0;2;2;15;0
202300043108;155 604 129;7;0;2;1;1;0
202300043109;155 604 127;7;0;1;0;1;1
202300043110;155 604 126;31;11;0;8;1;1
202300043111;155 604 124;10;0;2;2;2;1
202300043111;155 604 125;1;0;2;4;0;5
202300043112;155 604 121;7;0;2;1;1;1
202300043112;155 604 122;3;0;2;1;1;1
202300043113;155 604 119;7;0;2;7;15;1
202300043113;155 604 120;15;0;0;0;0;1
202300043114;155 604 118;33;1;0;1;26;1
202300043115;155 604 117;3;12;0;0;14;1
202300043116;155 604 115;31;16;2;4;23;1
202300043116;155 604 116;0;0;2;0;0;0
202300043117;155 604 113;80;0;2;1;19;3
202300043117;155 604 114;10;0;2;7;9;1
202300043118;155 604 111;2;0;2;1;1;1
202300043118;155 604 112;7;0;2;3;15;2
202300043119;155 604 109;7;0;2;2;1;1
202300043119;155 604 110;7;0;2;1;1;1
202300043120;155 604 107;7;0;2;9;1;0
202300043120;155 604 108;7;0;2;1;1;0
202300043121;155 604 105;37;0;2;1;1;1
202300043121;155 604 106;14;0;2;7;1;1
202300043122;155 604 103;1;0;2;1;1;5
202300043122;155 604 104;7;0;2;2;9;1
202300043123;155 604 101;30;0;2;1;1;1
202300043123;155 604 102;7;0;2;4;1;1
202300043124;155 604 099;7;0;2;3;11;1
202300043124;155 604 100;50;0;2;1;1;3
202300043125;155 604 098;7;0;1;1;1;1
202300043126;155 604 096;7;6;0;5;9;1
202300043126;155 604 097;7;0;2;1;1;1
202300043127;155 604 094;7;0;2;2;1;1
202300043127;155 604 095;1;0;2;9;1;5
202300043128;155 604 093;7;0;1;1;1;1
202300043129;155 604 091;7;0;2;7;26;1
202300043129;155 604 092;1;0;2;1;25;5
202300043130;155 604 089;1;0;2;1;19;5
202300043130;155 604 090;7;0;9;2;1;0
202300043131;155 604 087;99;0;2;0;1;1
202300043131;155 604 088;1;0;2;1;1;5
202300043132;155 604 085;10;0;2;2;15;1
202300043132;155 604 086;1;0;2;0;0;5
202300043133;155 604 083;1;0;2;1;1;5
202300043133;155 604 084;7;0;2;3;20;1
202300043134;155 604 081;33;1;0;1;1;1
202300043134;155 604 082;33;0;2;4;23;1
202300043135;155 604 079;15;0;2;7;17;1
202300043135;155 604 080;2;13;2;8;1;1
202300043136;155 604 077;7;0;2;1;1;1
202300043136;155 604 078;7;0;2;1;15;1
202300043137;155 604 075;7;0;2;1;1;1
202300043137;155 604 076;2;0;2;7;16;1
202300043138;155 604 074;7;6;9;1;26;1
202300043139;155 604 072;10;0;2;3;13;1
202300043139;155 604 073;2;0;2;1;1;1
202300043140;155 604 071;33;3;0;2;1;1
202300043141;155 604 070;2;0;0;3;15;1
202300043142;155 604 068;10;0;2;1;1;1
202300043142;155 604 069;7;0;2;1;1;1
202300043143;155 604 065;7;0;2;1;1;1
202300043143;155 604 066;7;2;0;6;1;1
202300043143;155 604 067;10;0;2;3;1;1
202300043144;155 604 064;31;15;0;8;1;1
202300043145;155 604 062;7;0;2;4;23;1
202300043145;155 604 063;2;0;2;1;1;1
202300043146;155 604 060;7;0;2;3;13;3
202300043146;155 604 061;7;0;2;2;1;1
202300043147;155 604 059;7;2;0;2;0;1
202300043148;155 604 058;10;0;0;0;1;1
202300043149;155 604 056;7;0;2;1;1;1
202300043149;155 604 057;7;0;2;1;5;1
202300043150;155 604 055;7;14;0;1;0;1
202300043151;155 604 054;34;0;0;1;1;1