Num_Acc;id_vehicule;catv;obs;obsm;choc;manv;motor
202300044198;155 602 156;1;0;2;0;0;5
202300044199;155 602 155;7;0;2;3;1;1
202300044199;155 602 158;7;0;2;3;26;1
202300044200;155 602 153;10;1;0;1;2;0
202300044200;155 602 154;10;0;2;4;24;0
202300044201;155 602 149;7;0;2;3;1;1
202300044201;155 602 152;50;0;2;2;0;3
202300044202;155 602 148;7;0;2;3;17;1
202300044202;155 602 151;7;0;2;1;1;1
202300044203;155 602 147;7;0;2;7;19;1
202300044203;155 602 150;7;0;2;1;1;1
202300044204;155 602 144;7;0;2;5;2;1
202300044204;155 602 146;7;0;2;2;2;3
202300044205;155 602 142;7;0;2;1;13;1
202300044205;155 602 143;7;0;2;1;1;1
202300044206;155 602 141;50;0;2;1;0;3
202300044206;155 602 145;7;0;2;2;1;1
202300044207;155 602 139;33;5;0;1;2;1
202300044208;155 602 140;30;0;1;8;1;1
202300044209;155 602 136;7;0;2;1;2;1
202300044209;155 602 138;7;0;2;1;11;1
202300044210;155 602 134;7;0;2;2;14;1
202300044210;155 602 137;31;0;2;8;1;1
202300044211;155 602 133;1;0;2;2;1;5
202300044211;155 602 135;7;0;9;3;9;0
202300044212;155 602 131;15;2;0;3;13;1
202300044213;155 602 132;7;0;1;1;26;1
202300044214;155 602 129;7;0;1;2;1;0
202300044215;155 602 127;7;0;2;3;13;1
202300044215;155 602 130;7;0;2;3;1;1
202300044216;155 602 124;7;13;0;0;1;1
202300044217;155 602 125;7;0;1;1;14;1
202300044218;155 602 126;31;0;2;1;18;1
202300044218;155 602 128;7;0;2;7;15;1
202300044219;155 602 123;7;0;1;2;1;0
202300044220;155 602 120;13;2;0;4;20;0
202300044221;155 602 118;7;16;2;1;1;1
202300044221;155 602 122;7;0;2;3;16;1
202300044222;155 602 117;99;0;2;3;0;0
202300044222;155 602 121;10;0;2;1;1;1
202300044223;155 602 116;10;0;2;1;1;1
202300044223;155 602 119;32;0;2;1;0;0
202300044224;155 602 111;10;0;2;3;1;1
202300044224;155 602 114;7;13;0;8;15;1
202300044225;155 602 110;7;1;1;3;16;1
202300044226;155 602 108;33;0;2;2;0;1
202300044226;155 602 113;7;0;2;6;1;1
202300044227;155 602 109;7;0;2;4;2;1
202300044227;155 602 112;7;0;2;4;1;1
202300044227;155 602 115;7;0;2;1;2;1
202300044228;155 602 105;7;0;2;1;1;1
202300044228;155 602 107;7;0;2;1;1;1
202300044229;155 602 103;10;0;2;4;4;3
202300044229;155 602 106;1;0;2;1;1;5
202300044230;155 602 102;7;4;0;1;26;1
202300044231;155 602 101;7;13;0;9;1;2
202300044232;155 602 099;30;0;2;1;15;1
202300044232;155 602 100;7;0;2;1;1;1
202300044233;155 602 097;10;0;9;1;17;1
202300044233;155 602 098;50;0;2;1;1;3
202300044234;155 602 095;38;6;0;3;1;1
202300044235;155 602 094;7;0;2;1;13;1
202300044235;155 602 096;7;0;2;1;1;1
202300044236;155 602 091;7;2;0;3;1;1
202300044237;155 602 090;32;0;2;1;9;1
202300044237;155 602 093;7;0;2;6;1;1
202300044238;155 602 088;1;0;2;1;19;5
202300044238;155 602 092;7;0;2;3;1;1
202300044239;155 602 086;13;0;2;3;1;1
202300044239;155 602 087;7;0;2;8;1;1
202300044239;155 602 089;7;0;2;5;15;1
202300044240;155 602 082;7;0;2;3;13;1
202300044240;155 602 085;7;0;2;3;13;1
202300044241;155 602 081;60;0;2;1;1;5
202300044241;155 602 084;7;0;9;3;15;0
202300044242;155 602 079;7;0;2;4;0;1
202300044242;155 602 080;7;0;2;4;0;1
202300044242;155 602 083;10;0;2;1;26;1
202300044243;155 602 073;7;0;2;3;15;1
202300044243;155 602 077;33;0;2;1;17;1
202300044244;155 602 075;7;0;2;0;1;1
202300044244;155 602 078;30;0;2;1;1;1
202300044245;155 602 072;7;2;0;3;1;1
202300044246;155 602 071;7;0;2;8;0;1
202300044246;155 602 074;7;0;2;8;13;1
202300044246;155 602 076;7;0;2;8;21;1
202300044247;155 602 063;15;0;2;6;1;0
202300044247;155 602 066;7;0;2;1;17;0
202300044247;155 602 070;7;0;2;2;1;0
202300044248;155 602 061;7;0;2;0;9;1
202300044248;155 602 068;31;0;2;1;9;1
202300044249;155 602 064;7;0;2;6;15;1
202300044249;155 602 069;31;0;2;1;17;1
202300044250;155 602 060;7;0;2;3;17;0
202300044250;155 602 062;7;0;9;3;1;0
202300044250;155 602 065;7;0;2;3;1;0
202300044250;155 602 067;10;0;2;8;1;1
202300044251;155 602 057;7;0;1;1;16;1
202300044252;155 602 056;7;0;2;0;26;1
202300044252;155 602 059;7;0;2;0;0;1
202300044253;155 602 055;7;0;2;2;1;1
202300044253;155 602 058;7;0;2;3;13;1
202300044254;155 602 054;7;0;1;1;1;1
202300044255;155 602 053;7;0;0;9;14;1
202300044256;155 602 052;7;0;0;2;1;1
202300044257;155 602 051;7;0;1;0;0;1
202300044258;155 602 050;7;0;1;8;1;1
202300044259;155 602 045;7;13;0;8;16;0
202300044260;155 602 046;10;0;2;1;13;1
202300044260;155 602 049;7;0;2;1;1;1
202300044261;155 602 048;33;15;0;1;0;0
202300044262;155 602 044;1;0;2;7;14;5
202300044262;155 602 047;7;0;2;3;0;1
202300044263;155 602 039;7;0;1;1;11;1
202300044264;155 602 038;10;0;2;3;1;0
202300044264;155 602 041;10;0;2;5;15;0
202300044265;155 602 037;7;0;2;6;9;1
202300044265;155 602 040;7;0;2;2;1;1
202300044266;155 602 036;7;4;0;3;1;1
202300044267;155 602 033;7;0;2;1;2;1
202300044267;155 602 035;7;0;2;4;2;3
202300044268;155 602 032;10;4;0;1;1;1
202300044269;155 602 030;7;0;1;1;1;0
202300044270;155 602 031;7;0;2;1;10;1
202300044270;155 602 034;7;0;2;2;1;1
202300044271;155 602 028;33;0;0;8;1;1
202300044272;155 602 023;33;0;0;8;1;1
202300044273;155 602 021;7;0;2;4;2;3
202300044273;155 602 024;7;0;2;1;2;1
202300044273;155 602 026;7;0;2;1;0;4
202300044273;155 602 029;7;0;2;0;9;1
202300044274;155 602 018;7;0;2;1;2;1
202300044274;155 602 020;7;0;2;4;2;3
202300044275;155 602 019;7;0;2;8;9;1
202300044275;155 602 022;7;0;2;1;9;1
202300044275;155 602 025;7;0;2;3;23;1
202300044276;155 602 017;10;0;1;3;1;1
202300044277;155 602 015;31;0;9;1;14;1
202300044278;155 602 013;7;0;1;7;1;1
202300044279;155 602 011;14;0;2;1;21;1
202300044279;155 602 012;7;3;2;1;9;1
202300044280;155 602 009;10;0;2;3;15;1
202300044280;155 602 010;32;0;2;2;17;1
202300044281;155 602 006;50;0;0;0;0;3
202300044282;155 602 005;1;0;2;1;1;5
202300044282;155 602 008;7;0;2;3;1;1
202300044283;155 602 000;7;1;0;3;13;0
202300044283;155 602 003;80;0;2;3;1;3
202300044284;155 601 999;7;3;2;2;0;1
202300044284;155 602 002;7;0;0;3;1;1
202300044285;155 602 001;7;0;2;3;0;1
202300044285;155 602 004;32;0;2;3;5;1
202300044285;155 602 007;10;0;2;8;1;1
202300044286;155 601 998;0;0;1;1;1;0
202300044287;155 601 994;30;0;2;8;13;1
202300044287;155 601 996;33;0;2;7;17;1
202300044288;155 601 997;10;0;1;1;15;1
202300044289;155 601 991;10;0;2;3;17;1
202300044289;155 601 993;34;0;2;1;1;1
202300044290;155 601 992;7;0;2;3;1;1
202300044290;155 601 995;7;0;2;5;11;1
202300044291;155 601 988;7;0;2;2;15;1
202300044291;155 601 990;33;0;2;1;1;1
202300044292;155 601 986;7;0;1;1;15;0
202300044293;155 601 989;7;0;1;1;2;1
202300044294;155 601 982;10;0;1;2;1;1
202300044295;155 601 981;33;0;2;1;17;1
202300044295;155 601 984;7;0;2;1;1;1
202300044296;155 601 980;7;0;2;1;16;2
202300044296;155 601 983;1;0;2;1;2;5
202300044297;155 601 979;7;0;1;2;1;1
202300044298;155 601 978;7;13;0;0;2;1
202300044299;155 601 977;7;0;1;2;10;1
202300044300;155 601 973;7;0;2;0;1;1
202300044300;155 601 975;30;0;2;1;13;1
202300044301;155 601 972;7;1;0;2;14;1
202300044302;155 601 971;7;0;2;5;15;1
202300044302;155 601 974;7;0;2;2;1;1
202300044303;155 601 966;7;0;2;3;9;1
202300044303;155 601 969;33;0;2;6;1;1
202300044304;155 601 965;7;0;2;2;17;1
202300044304;155 601 968;10;0;2;3;15;1
202300044305;155 601 964;10;0;2;8;22;1
202300044305;155 601 967;80;1;0;2;1;3
202300044306;155 601 962;7;0;1;1;15;1
202300044307;155 601 961;30;0;2;1;1;6
202300044307;155 601 963;7;0;2;1;15;6
202300044308;155 601 959;7;0;2;3;15;1
202300044308;155 601 960;34;0;2;1;1;1
202300044309;155 601 957;2;0;2;1;1;1
202300044309;155 601 958;7;0;2;3;20;1
202300044310;155 601 954;7;0;0;0;0;1
202300044310;155 601 956;17;0;2;3;1;1
202300044311;155 601 953;2;0;2;2;2;1
202300044311;155 601 955;7;0;2;3;2;2
202300044312;155 601 952;7;0;0;9;1;1
202300044313;155 601 949;14;0;0;4;23;1
202300044313;155 601 951;10;0;2;1;2;1
202300044314;155 601 950;7;0;1;3;1;1
202300044315;155 601 946;10;0;2;6;11;1
202300044315;155 601 948;33;0;2;1;1;1
202300044316;155 601 945;7;0;1;3;15;0
202300044317;155 601 944;15;0;2;7;12;1
202300044317;155 601 947;7;0;2;8;1;1
202300044318;155 601 941;7;0;2;3;9;1
202300044318;155 601 942;7;1;2;2;1;1
202300044319;155 601 938;14;0;2;0;1;1
202300044319;155 601 940;7;0;2;0;1;1
202300044319;155 601 943;7;0;2;1;1;1
202300044320;155 601 935;7;0;1;2;1;1
202300044321;155 601 932;7;0;2;4;2;1
202300044321;155 601 934;10;0;2;4;23;1
202300044321;155 601 936;7;0;2;1;2;1
202300044321;155 601 937;7;0;2;4;2;1
202300044321;155 601 939;7;0;2;4;23;1
202300044322;155 601 928;33;0;2;1;3;1
202300044322;155 601 930;7;0;2;6;11;1
202300044323;155 601 931;7;0;2;4;1;1
202300044323;155 601 933;32;0;2;1;3;1
202300044324;155 601 929;50;12;0;0;1;3
202300044325;155 601 923;7;0;1;6;1;1
202300044325;155 601 927;7;0;2;1;1;1
202300044326;155 601 924;33;0;2;1;2;1
202300044326;155 601 926;7;0;2;4;2;1
202300044327;155 601 922;7;0;2;3;15;1
202300044327;155 601 925;7;0;2;2;1;1
202300044328;155 601 920;80;0;1;1;1;3
202300044329;155 601 919;10;0;1;1;1;1
202300044330;155 601 915;10;0;2;4;2;1
202300044330;155 601 918;7;0;2;1;2;1
202300044330;155 601 921;7;0;2;4;2;1
202300044331;155 601 916;33;0;2;1;1;1
202300044331;155 601 917;33;0;0;4;14;1
202300044332;155 601 913;99;0;2;1;1;3
202300044332;155 601 914;7;0;9;2;1;1
202300044333;155 601 910;50;0;1;1;1;3
202300044334;155 601 909;31;0;0;8;1;1
202300044335;155 601 908;10;0;2;1;2;1
202300044335;155 601 911;10;0;2;4;2;1
202300044335;155 601 912;7;0;2;4;2;1
202300044336;155 601 907;7;0;1;1;15;1
202300044337;155 601 906;7;1;1;3;13;0
202300044338;155 601 901;7;0;2;3;11;1
202300044338;155 601 904;32;0;2;7;3;1
202300044338;155 601 905;7;0;2;4;2;1
202300044339;155 601 900;33;0;2;8;1;6
202300044339;155 601 903;7;0;2;1;15;1
202300044340;155 601 899;99;0;2;8;26;5
202300044340;155 601 902;7;0;2;1;16;1
202300044341;155 601 898;1;0;1;1;2;5
202300044342;155 601 897;7;0;0;1;14;1
202300044343;155 601 896;50;0;1;8;1;3
202300044344;155 601 894;32;5;0;3;15;1
202300044345;155 601 891;30;0;2;1;15;3
202300044345;155 601 892;7;0;2;4;15;1
202300044346;155 601 893;33;0;2;1;3;0
202300044346;155 601 895;7;0;2;8;11;0
202300044347;155 601 889;50;0;0;1;1;3
202300044348;155 601 888;30;0;2;1;2;0
202300044348;155 601 890;7;0;2;5;1;0
202300044349;155 601 886;7;0;2;1;2;1
202300044349;155 601 887;10;0;2;4;2;1
202300044350;155 601 883;7;0;2;3;15;1
202300044350;155 601 885;43;0;2;1;17;1
202300044351;155 601 882;34;0;2;7;12;0
202300044351;155 601 884;7;0;2;2;1;1
202300044352;155 601 879;7;0;2;2;2;1
202300044352;155 601 880;33;0;2;4;23;1
202300044353;155 601 878;10;0;0;3;2;1
202300044353;155 601 881;1;0;0;0;0;5
202300044354;155 601 874;31;0;2;2;3;1
202300044354;155 601 875;7;0;2;6;11;1
202300044355;155 601 873;7;6;2;1;17;1
202300044355;155 601 877;7;0;2;3;11;1
202300044356;155 601 870;7;0;2;4;1;1
202300044356;155 601 872;7;0;2;4;1;1
202300044356;155 601 876;10;0;2;2;1;1
202300044357;155 601 868;33;0;2;1;1;1
202300044357;155 601 871;7;0;2;8;16;1
202300044358;155 601 864;7;4;0;3;1;1
202300044359;155 601 865;33;0;2;0;3;1
202300044359;155 601 866;7;0;2;7;12;1
202300044360;155 601 862;50;0;1;1;1;3
202300044361;155 601 863;2;0;2;8;9;1
202300044361;155 601 867;38;0;2;1;1;1
202300044361;155 601 869;7;0;2;2;2;1
202300044362;155 601 861;30;1;0;1;1;1
202300044363;155 601 860;31;0;1;0;1;0
202300044364;155 601 857;7;0;0;3;0;1
202300044364;155 601 859;33;0;0;2;1;1
202300044365;155 601 855;7;0;2;1;1;1
202300044365;155 601 856;7;0;2;4;1;1
202300044365;155 601 858;7;0;2;4;1;1
202300044366;155 601 854;33;16;0;1;1;0
202300044367;155 601 851;7;0;2;2;1;1
202300044367;155 601 852;7;0;2;1;1;1
202300044368;155 601 849;2;0;2;3;18;1
202300044368;155 601 853;7;0;2;2;16;0
202300044369;155 601 848;7;0;2;1;26;1
202300044369;155 601 850;1;0;0;8;26;5
202300044370;155 601 845;7;0;2;3;11;1
202300044370;155 601 846;31;0;2;2;3;1
202300044370;155 601 847;7;0;2;4;1;1
202300044371;155 601 844;1;0;1;1;2;5
202300044372;155 601 840;3;0;2;1;9;1
202300044372;155 601 842;13;0;2;2;1;1
202300044373;155 601 841;7;0;2;3;1;1
202300044373;155 601 843;10;0;2;3;13;1
202300044374;155 601 838;2;1;0;7;2;1
202300044374;155 601 839;7;0;2;3;0;1
202300044375;155 601 836;14;0;1;2;1;1
202300044376;155 601 837;7;6;0;2;1;1
202300044377;155 601 835;1;12;0;0;1;5
202300044378;155 601 833;7;0;2;3;5;1
202300044378;155 601 834;7;0;2;3;1;1
202300044379;155 601 831;7;0;2;2;2;1
202300044379;155 601 832;2;0;0;4;2;1
202300044380;155 601 829;10;0;2;6;10;1
202300044380;155 601 830;31;0;2;2;1;1
202300044381;155 601 827;7;0;2;3;15;1
202300044381;155 601 828;32;0;2;1;18;1
202300044382;155 601 825;7;0;2;1;13;2
202300044382;155 601 826;7;0;2;3;1;1
202300044383;155 601 823;33;6;0;1;1;1
202300044384;155 601 822;33;0;2;1;1;1
202300044384;155 601 824;7;0;2;3;15;1
202300044385;155 601 821;32;5;0;1;17;1
202300044386;155 601 818;17;0;0;4;0;1
202300044386;155 601 819;10;0;2;1;0;1
202300044387;155 601 817;7;1;2;2;24;1
202300044387;155 601 820;32;1;2;2;1;1
202300044388;155 601 816;33;2;0;0;1;1
202300044389;155 601 815;7;3;0;1;13;0
202300044390;155 601 811;7;0;2;3;15;1
202300044390;155 601 813;32;0;2;1;17;1
202300044390;155 601 814;32;0;2;1;0;1
202300044391;155 601 810;33;0;2;3;1;1
202300044391;155 601 812;7;0;2;3;1;1
202300044392;155 601 808;10;0;2;2;17;1
202300044392;155 601 809;10;0;2;6;1;1
202300044393;155 601 806;33;0;2;7;3;1
202300044393;155 601 807;7;0;2;3;14;1
202300044394;155 601 805;32;2;0;1;0;1
202300044395;155 601 803;32;0;1;1;13;1
202300044396;155 601 804;7;13;0;1;26;1
202300044397;155 601 797;7;13;0;1;1;1
202300044398;155 601 798;7;0;2;1;19;0
202300044398;155 601 801;1;1;2;8;1;5
202300044398;155 601 802;7;0;2;8;23;1
202300044399;155 601 796;7;12;2;9;26;1
202300044399;155 601 799;7;0;2;2;26;1
202300044399;155 601 800;7;0;2;3;23;1
202300044400;155 601 792;7;0;2;1;0;0
202300044400;155 601 795;7;0;2;1;0;0
202300044401;155 601 793;10;13;0;3;26;1
202300044402;155 601 791;7;1;2;1;1;1
202300044402;155 601 794;7;1;2;3;1;1
202300044403;155 601 789;7;8;0;2;14;1
202300044404;155 601 788;7;0;0;2;1;0
202300044404;155 601 790;10;0;2;3;19;1
202300044405;155 601 785;33;2;0;1;15;1
202300044406;155 601 782;99;2;0;2;1;1
202300044407;155 601 781;7;0;2;6;1;1
202300044407;155 601 783;7;0;2;1;13;2
202300044407;155 601 784;7;0;2;1;1;1
202300044407;155 601 786;13;0;2;1;1;1
202300044407;155 601 787;7;0;2;7;1;1
202300044408;155 601 777;7;0;2;3;13;1
202300044408;155 601 779;7;8;2;3;0;1
202300044409;155 601 775;10;0;2;5;9;1
202300044409;155 601 780;33;0;2;1;1;1
202300044410;155 601 774;7;0;2;1;2;1
202300044410;155 601 776;7;0;2;4;2;1
202300044410;155 601 778;7;0;2;1;2;1
202300044411;155 601 772;7;0;1;1;15;1
202300044412;155 601 771;2;0;2;3;16;6
202300044412;155 601 773;10;0;2;8;15;6
202300044413;155 601 768;33;13;0;0;1;1
202300044414;155 601 767;7;0;2;8;13;1
202300044414;155 601 770;2;0;2;7;17;1
202300044415;155 601 769;15;14;0;9;1;1
202300044416;155 601 766;33;0;0;7;17;1
202300044417;155 601 765;33;0;0;0;2;1
202300044418;155 601 761;2;0;2;0;0;0
202300044418;155 601 764;7;0;2;2;0;6
202300044419;155 601 760;7;0;9;3;9;1
202300044419;155 601 763;80;0;2;2;1;3
202300044420;155 601 759;7;0;2;1;1;1
202300044420;155 601 762;7;0;2;2;1;1
202300044421;155 601 757;7;0;1;7;1;1
202300044422;155 601 756;7;2;0;3;13;1
202300044423;155 601 755;7;0;0;3;19;1
202300044423;155 601 758;10;0;2;1;1;1
202300044424;155 601 753;7;0;0;3;1;1
202300044424;155 601 754;31;0;0;3;1;1
202300044425;155 601 752;7;0;1;3;1;0
202300044426;155 601 749;1;0;2;1;1;5
202300044426;155 601 751;7;0;2;1;1;1
202300044427;155 601 750;33;13;0;1;1;1
202300044428;155 601 747;7;9;2;3;1;1
202300044428;155 601 748;7;2;2;6;1;1
202300044429;155 601 746;7;12;0;3;13;1
202300044430;155 601 744;7;2;0;1;1;1
202300044431;155 601 741;7;0;2;3;1;1
202300044431;155 601 743;7;0;2;1;2;1
202300044431;155 601 745;17;0;2;8;1;1
202300044432;155 601 740;7;0;2;4;23;1
202300044432;155 601 742;7;0;2;1;2;1
202300044433;155 601 738;7;0;1;3;0;1
202300044434;155 601 736;7;0;2;2;15;1
202300044434;155 601 739;2;0;2;1;1;1
202300044435;155 601 737;7;0;1;1;2;1
202300044436;155 601 735;7;1;0;1;1;1
202300044437;155 601 731;7;0;1;2;1;1
202300044438;155 601 730;7;13;0;1;16;1
202300044439;155 601 732;7;0;2;3;1;1
202300044439;155 601 734;7;0;2;7;16;1
202300044440;155 601 729;7;3;2;3;1;1
202300044440;155 601 733;21;0;2;6;1;1
202300044441;155 601 726;33;0;2;1;2;0
202300044441;155 601 728;7;0;2;3;1;0
202300044442;155 601 720;50;0;2;1;1;3
202300044442;155 601 727;7;0;9;2;15;1
202300044443;155 601 721;2;0;2;7;1;1
202300044443;155 601 725;7;0;2;1;9;1
202300044444;155 601 717;7;0;1;1;0;1
202300044445;155 601 715;1;0;2;8;1;5
202300044445;155 601 718;10;0;2;1;1;0
202300044446;155 601 712;7;0;0;6;2;1
202300044446;155 601 713;33;0;2;7;1;1
202300044446;155 601 716;10;0;0;8;11;1
202300044447;155 601 714;7;13;0;1;1;1
202300044448;155 601 710;15;0;2;1;15;1
202300044448;155 601 711;43;0;2;1;1;1
202300044449;155 601 707;10;0;2;1;1;1
202300044449;155 601 709;1;0;2;4;1;5
202300044450;155 601 705;33;0;2;1;2;1
202300044450;155 601 706;7;0;0;6;2;1
202300044451;155 601 701;10;0;2;4;4;1
202300044451;155 601 702;1;0;2;1;1;5
202300044452;155 601 699;7;0;2;6;15;6
202300044452;155 601 700;33;0;2;1;1;0
202300044453;155 601 698;7;0;1;3;15;1
202300044454;155 601 696;1;0;2;4;2;5
202300044454;155 601 697;10;0;2;2;2;1
202300044455;155 601 693;2;2;0;2;1;1
202300044456;155 601 694;33;0;2;1;1;1
202300044456;155 601 695;7;0;2;6;1;1
202300044457;155 601 691;15;3;0;2;1;1
202300044458;155 601 690;7;1;0;1;21;1
202300044458;155 601 692;7;0;2;4;24;1
202300044459;155 601 689;1;0;0;0;1;5
202300044460;155 601 687;7;5;0;1;1;1
202300044461;155 601 686;37;0;2;3;13;1
202300044461;155 601 688;7;0;2;5;1;1
202300044462;155 601 685;7;0;1;1;1;1
202300044463;155 601 682;7;0;1;3;1;1
202300044464;155 601 681;7;0;0;1;1;1
202300044464;155 601 683;7;0;2;4;23;1
202300044465;155 601 680;7;0;2;2;1;1
202300044465;155 601 684;3;0;2;7;1;3
202300044466;155 601 679;7;0;1;2;1;1
202300044467;155 601 676;7;10;2;3;13;1
202300044467;155 601 678;2;10;2;1;0;1
202300044468;155 601 675;7;0;2;3;13;1
202300044468;155 601 677;13;0;2;0;0;0
202300044469;155 601 673;7;0;1;3;1;1
202300044470;155 601 670;7;0;2;3;13;1
202300044470;155 601 671;7;0;2;3;1;1
202300044471;155 601 668;7;0;2;8;22;1
202300044471;155 601 669;1;1;0;1;21;5
202300044472;155 601 666;7;8;0;1;1;1
202300044473;155 601 665;10;0;2;3;15;1
202300044473;155 601 667;33;6;2;7;3;0
202300044474;155 601 662;7;0;1;3;2;1
202300044475;155 601 663;33;0;2;2;17;1
202300044475;155 601 664;10;0;2;3;1;3
202300044476;155 601 660;33;0;2;2;17;1
202300044476;155 601 661;10;0;0;8;15;1
202300044477;155 601 658;7;0;1;1;1;1
202300044478;155 601 656;7;0;2;4;2;1
202300044478;155 601 659;7;0;2;1;2;1
202300044479;155 601 655;7;0;2;2;1;1
202300044479;155 601 657;33;0;2;3;19;1
202300044480;155 601 653;30;0;0;8;1;1
202300044481;155 601 652;1;0;2;7;1;5
202300044481;155 601 654;80;0;2;1;1;3
202300044482;155 601 649;7;0;2;7;9;1
202300044482;155 601 651;7;0;2;1;1;1
202300044483;155 601 648;7;0;2;7;15;1
202300044483;155 601 650;2;0;2;7;1;1
202300044484;155 601 647;2;0;0;0;1;1
202300044485;155 601 645;7;0;1;1;2;1
202300044486;155 601 644;7;7;0;1;13;2
202300044487;155 601 643;7;0;2;2;1;1
202300044487;155 601 646;30;0;2;8;1;1
202300044488;155 601 639;31;0;2;1;2;1
202300044488;155 601 642;7;0;2;5;2;1
202300044489;155 601 638;17;0;0;4;11;1
202300044489;155 601 641;7;0;2;1;2;2
202300044490;155 601 637;10;0;2;3;9;3
202300044490;155 601 640;1;0;2;2;1;5
202300044491;155 601 636;33;0;0;0;0;1
202300044492;155 601 635;7;0;1;3;2;1
202300044493;155 601 631;7;0;2;1;9;1
202300044493;155 601 633;1;0;2;1;1;5
202300044494;155 601 630;7;0;2;2;15;1
202300044494;155 601 632;30;0;2;1;1;1
202300044495;155 601 629;10;14;0;1;1;0
202300044496;155 601 627;7;0;1;1;1;1
202300044497;155 601 625;7;0;2;3;1;0
202300044497;155 601 628;15;0;2;5;12;0
202300044498;155 601 624;1;0;2;4;1;5
202300044498;155 601 626;7;0;2;2;1;1
202300044499;155 601 620;7;0;2;4;1;1
202300044499;155 601 622;7;0;2;4;1;1
202300044499;155 601 623;7;0;2;1;1;1
202300044500;155 601 618;32;0;2;1;13;1
202300044500;155 601 621;7;0;2;3;1;1
202300044501;155 601 616;7;0;1;3;15;1
202300044502;155 601 613;7;0;2;3;1;1
202300044502;155 601 615;50;0;2;1;15;3
202300044503;155 601 611;10;2;0;1;1;1
202300044504;155 601 610;50;12;0;1;1;3
202300044505;155 601 609;31;0;-1;0;21;1
202300044506;155 601 606;10;0;2;3;15;1
202300044506;155 601 608;1;0;2;1;0;5
202300044507;155 601 605;7;0;2;1;1;1
202300044507;155 601 607;33;0;2;1;13;1
202300044508;155 601 601;7;0;2;4;1;1
202300044508;155 601 603;7;0;2;1;1;1
202300044509;155 601 602;7;0;2;3;9;1
202300044509;155 601 604;30;1;2;0;1;3
202300044510;155 601 599;33;0;2;3;2;1
202300044510;155 601 600;7;0;0;4;2;1
202300044511;155 601 597;7;0;1;1;1;1
202300044512;155 601 596;7;0;2;0;17;1
202300044512;155 601 598;33;0;0;0;0;1
202300044513;155 601 593;7;6;0;1;0;1
202300044514;155 601 592;7;0;2;1;10;1
202300044514;155 601 594;33;0;2;1;1;1
202300044515;155 601 591;7;0;2;3;17;1
202300044515;155 601 595;7;0;2;3;1;1
202300044516;155 601 588;2;0;2;1;1;1
202300044516;155 601 590;7;0;2;6;19;1
202300044517;155 601 587;7;0;2;3;13;1
202300044517;155 601 589;7;0;2;3;1;1
202300044518;155 601 584;7;0;1;2;1;1
202300044519;155 601 585;7;0;2;3;16;1
202300044519;155 601 586;7;0;2;1;1;1
202300044520;155 601 582;7;0;2;1;15;1
202300044520;155 601 583;31;0;2;5;1;1
202300044521;155 601 579;7;0;0;2;1;1
202300044521;155 601 581;7;0;2;3;9;0
202300044522;155 601 577;37;0;2;1;1;1
202300044522;155 601 578;1;0;2;1;15;5
202300044523;155 601 575;7;1;0;1;14;1
202300044524;155 601 574;7;0;2;7;17;3
202300044524;155 601 576;7;1;2;3;20;1
202300044525;155 601 570;7;0;2;3;7;1
202300044525;155 601 573;7;0;2;2;15;1
202300044526;155 601 569;31;0;2;3;1;1
202300044526;155 601 572;7;0;9;2;15;1
202300044527;155 601 568;33;13;2;8;13;1
202300044527;155 601 571;10;0;0;7;26;1
202300044528;155 601 564;33;8;0;1;17;1
202300044529;155 601 565;33;0;2;0;0;1
202300044529;155 601 567;7;0;2;0;0;3
202300044530;155 601 563;32;0;2;1;1;0
202300044530;155 601 566;7;0;2;1;15;0
202300044531;155 601 560;7;0;2;3;2;0
202300044531;155 601 562;16;0;2;0;14;6
202300044532;155 601 558;33;0;0;8;21;1
202300044532;155 601 561;7;0;2;3;26;1
202300044533;155 601 557;10;0;2;1;1;1
202300044533;155 601 559;7;0;2;4;1;1
202300044534;155 601 554;7;0;1;7;16;1
202300044535;155 601 552;7;0;2;1;1;1
202300044535;155 601 555;7;0;2;3;1;1
202300044536;155 601 550;7;0;0;4;16;1
202300044536;155 601 553;7;0;2;1;1;1
202300044537;155 601 549;7;0;2;1;1;1
202300044537;155 601 551;7;0;2;1;21;1
202300044538;155 601 547;7;0;2;1;15;1
202300044538;155 601 548;7;0;2;1;1;1
202300044539;155 601 545;7;0;2;3;13;1
202300044539;155 601 546;7;0;2;6;0;1
202300044540;155 601 544;7;0;1;1;1;1
202300044541;155 601 542;36;2;0;0;2;1
202300044542;155 601 541;32;0;1;1;1;1
202300044543;155 601 537;10;0;2;3;2;1
202300044543;155 601 540;7;0;2;5;2;1
202300044544;155 601 539;10;0;1;7;1;1
202300044545;155 601 536;10;0;2;1;1;1
202300044545;155 601 538;7;0;2;5;26;3
202300044546;155 601 534;10;0;2;1;1;1
202300044546;155 601 535;10;0;2;4;1;1
202300044547;155 601 531;7;0;2;1;15;1
202300044547;155 601 533;7;0;2;3;1;1
202300044548;155 601 530;31;0;2;1;2;1
202300044548;155 601 532;7;0;2;4;0;1
202300044549;155 601 528;7;7;0;2;1;1