Num_Acc;id_vehicule;catv;obs;obsm;choc;manv;motor
202300045603;155 599 638;7;0;2;1;2;1
202300045603;155 599 639;15;0;2;4;23;1
202300045604;155 599 636;7;0;2;6;15;2
202300045604;155 599 637;1;0;2;1;1;5
202300045605;155 599 634;34;0;2;1;17;1
202300045605;155 599 635;10;0;0;3;15;1
202300045606;155 599 633;7;0;1;1;1;1
202300045607;155 599 630;7;2;0;1;13;1
202300045608;155 599 629;10;0;2;7;1;0
202300045608;155 599 631;37;0;2;1;1;1
202300045609;155 599 626;2;0;2;1;2;1
202300045609;155 599 627;7;0;2;6;1;1
202300045610;155 599 625;7;0;2;1;26;1
202300045610;155 599 628;1;0;2;8;26;5
202300045611;155 599 623;7;0;2;7;12;1
202300045611;155 599 624;80;0;2;1;1;3
202300045612;155 599 621;1;0;2;1;5;5
202300045612;155 599 622;10;0;2;1;1;1
202300045613;155 599 620;1;0;0;0;23;5
202300045614;155 599 618;43;13;0;7;1;1
202300045615;155 599 617;7;0;2;2;1;1
202300045615;155 599 619;1;0;2;1;15;5
202300045616;155 599 616;7;2;0;7;14;1
202300045617;155 599 614;7;0;6;0;21;1
202300045618;155 599 613;7;0;2;2;9;1
202300045618;155 599 615;33;0;2;3;1;1
202300045619;155 599 612;7;13;0;2;14;1
202300045620;155 599 610;33;0;2;1;1;1
202300045620;155 599 611;7;0;2;7;15;1
202300045621;155 599 607;7;1;2;2;14;1
202300045621;155 599 608;7;1;2;6;0;0
202300045622;155 599 606;7;1;0;2;1;6
202300045622;155 599 609;17;0;0;6;24;1
202300045623;155 599 605;7;0;1;1;15;6
202300045624;155 599 603;33;0;2;1;17;0
202300045624;155 599 604;7;0;2;3;1;0
202300045625;155 599 602;7;6;0;8;1;1
202300045626;155 599 599;33;4;0;8;21;1
202300045627;155 599 600;1;0;2;1;1;5
202300045627;155 599 601;10;0;2;4;1;1
202300045628;155 599 597;7;0;0;5;15;1
202300045628;155 599 598;7;0;2;3;2;1
202300045629;155 599 595;7;2;0;1;1;1
202300045630;155 599 596;34;0;1;2;17;1
202300045631;155 599 594;2;6;0;1;0;1
202300045632;155 599 593;7;0;1;8;1;1
202300045633;155 599 592;7;12;0;3;1;1
202300045634;155 599 590;7;0;1;1;1;1
202300045635;155 599 591;13;1;1;1;1;0
202300045636;155 599 588;7;0;2;3;19;1
202300045636;155 599 589;33;0;2;1;1;1
202300045637;155 599 586;7;0;2;7;1;1
202300045637;155 599 587;7;0;2;1;1;1
202300045638;155 599 585;7;0;0;1;1;1
202300045639;155 599 582;33;0;2;1;1;1
202300045639;155 599 584;7;0;2;3;9;1
202300045640;155 599 581;7;0;2;0;14;0
202300045640;155 599 583;33;0;2;1;1;0
202300045641;155 599 579;13;3;0;2;1;1
202300045642;155 599 578;7;13;0;6;21;1
202300045643;155 599 574;7;1;2;3;9;1
202300045643;155 599 576;7;0;2;2;1;1
202300045644;155 599 575;33;0;2;1;1;1
202300045644;155 599 577;7;0;2;3;15;1
202300045645;155 599 573;7;0;1;7;1;2
202300045646;155 599 570;50;0;0;0;1;3
202300045647;155 599 568;7;0;1;2;1;1
202300045648;155 599 569;7;0;2;1;2;1
202300045648;155 599 571;15;0;2;4;1;1
202300045648;155 599 572;10;14;0;3;2;1
202300045649;155 599 566;43;0;2;1;1;1
202300045649;155 599 567;7;0;2;8;10;1
202300045650;155 599 564;7;0;2;1;15;1
202300045651;155 599 563;30;0;2;7;1;1
202300045651;155 599 565;7;0;2;3;11;1
202300045652;155 599 559;7;0;2;1;1;1
202300045652;155 599 561;2;0;2;4;1;1
202300045652;155 599 562;7;0;2;1;1;1
202300045653;155 599 558;7;0;2;3;1;1
202300045653;155 599 560;7;0;2;3;1;1
202300045654;155 599 556;32;0;2;1;1;1
202300045654;155 599 557;7;0;2;3;0;1
202300045655;155 599 554;80;0;2;2;16;3
202300045655;155 599 555;30;0;0;0;16;0
202300045656;155 599 553;7;6;0;2;1;1
202300045657;155 599 551;7;0;9;5;1;1
202300045657;155 599 552;33;0;2;3;11;1
202300045658;155 599 548;2;0;2;1;1;1
202300045658;155 599 549;7;0;2;2;15;1
202300045659;155 599 547;7;12;0;1;1;1
202300045660;155 599 546;7;1;0;1;1;1
202300045661;155 599 542;7;0;2;1;1;1
202300045661;155 599 544;7;0;2;4;1;1
202300045662;155 599 543;7;0;2;1;0;1
202300045662;155 599 545;7;0;2;6;1;0
202300045663;155 599 538;33;0;2;1;17;1
202300045663;155 599 540;7;0;2;3;15;1
202300045664;155 599 539;33;8;0;0;5;1
202300045665;155 599 534;7;0;2;3;13;1
202300045665;155 599 537;17;0;2;3;1;1
202300045665;155 599 541;7;0;2;1;1;1
202300045666;155 599 533;7;0;2;3;15;1
202300045666;155 599 536;31;0;2;1;1;1
202300045667;155 599 532;7;1;2;7;19;0
202300045667;155 599 535;7;6;2;1;1;1
202300045668;155 599 526;13;0;2;5;15;1
202300045668;155 599 529;30;0;2;1;1;1
202300045669;155 599 527;1;0;2;7;1;5
202300045669;155 599 531;7;0;2;3;1;1
202300045670;155 599 528;35;0;2;1;9;1
202300045670;155 599 530;7;0;0;7;1;1
202300045671;155 599 524;10;0;1;2;15;1
202300045672;155 599 523;1;0;2;7;0;5
202300045672;155 599 525;7;0;2;3;0;1
202300045673;155 599 520;7;2;0;3;14;1
202300045674;155 599 517;7;14;0;1;1;1
202300045674;155 599 518;7;0;2;0;0;1
202300045674;155 599 521;31;0;2;0;0;0
202300045675;155 599 519;7;0;9;8;1;1
202300045675;155 599 522;80;0;2;1;1;3
202300045676;155 599 516;7;2;0;8;0;1
202300045677;155 599 515;7;0;1;2;1;1
202300045678;155 599 512;7;0;2;2;1;0
202300045679;155 599 511;7;0;2;2;1;1
202300045679;155 599 513;7;0;2;2;1;1
202300045680;155 599 510;2;0;2;1;1;1
202300045680;155 599 514;10;0;2;2;15;1
202300045681;155 599 508;50;0;0;0;25;3
202300045682;155 599 509;31;0;0;0;1;1
202300045683;155 599 507;33;9;0;1;5;1
202300045684;155 599 504;30;0;9;1;21;1
202300045684;155 599 506;99;1;0;7;26;0
202300045685;155 599 503;10;0;2;3;1;1
202300045685;155 599 505;7;0;2;3;1;1
202300045686;155 599 500;7;0;2;1;1;1
202300045686;155 599 502;7;0;2;1;1;1
202300045687;155 599 497;7;0;2;5;1;1
202300045687;155 599 499;7;0;2;4;1;1
202300045687;155 599 501;10;0;2;3;1;1
202300045688;155 599 498;7;0;1;2;16;0
202300045689;155 599 495;33;6;0;7;2;1
202300045690;155 599 494;33;0;0;7;1;1
202300045691;155 599 493;15;0;2;1;1;1
202300045691;155 599 496;7;14;2;4;1;1
202300045692;155 599 490;7;0;2;3;15;1
202300045692;155 599 492;16;0;2;2;1;1
202300045693;155 599 488;17;0;1;1;1;1
202300045694;155 599 487;7;6;0;1;14;1
202300045695;155 599 484;33;0;2;3;17;1
202300045695;155 599 485;7;0;2;3;1;1
202300045696;155 599 482;7;13;2;3;1;1
202300045696;155 599 486;7;13;2;7;15;1
202300045697;155 599 478;7;0;2;1;1;1
202300045697;155 599 480;7;0;2;2;19;1
202300045698;155 599 481;7;0;2;3;1;1
202300045698;155 599 483;10;0;2;3;1;1
202300045699;155 599 476;7;13;0;2;1;1
202300045700;155 599 477;7;0;2;1;1;1
202300045700;155 599 479;7;13;2;2;5;1
202300045701;155 599 470;7;0;2;1;1;0
202300045701;155 599 473;7;0;2;1;1;1
202300045702;155 599 474;1;0;2;4;1;5
202300045702;155 599 475;7;0;9;1;2;1
202300045703;155 599 469;7;3;2;8;18;1
202300045703;155 599 471;7;0;2;2;1;1
202300045703;155 599 472;7;0;2;1;1;1
202300045704;155 599 468;33;12;0;1;1;1
202300045705;155 599 465;7;4;0;3;0;1
202300045706;155 599 466;7;0;2;1;15;0
202300045706;155 599 467;2;0;2;1;1;0
202300045707;155 599 461;32;0;0;5;1;1
202300045707;155 599 463;10;0;2;1;1;1
202300045708;155 599 460;7;0;2;7;12;1
202300045708;155 599 462;33;0;2;8;1;1
202300045709;155 599 459;7;0;2;6;1;1
202300045709;155 599 464;32;0;2;1;1;1
202300045710;155 599 458;43;3;0;3;1;1
202300045711;155 599 457;10;0;1;3;21;1
202300045712;155 599 454;2;0;2;8;15;1
202300045712;155 599 456;7;0;2;1;1;1
202300045713;155 599 455;7;0;2;2;17;1
202300045714;155 599 452;1;0;2;1;1;5
202300045714;155 599 453;7;0;2;3;1;1
202300045715;155 599 449;1;0;2;1;1;5
202300045715;155 599 451;7;0;2;7;17;-1
202300045716;155 599 448;7;4;2;8;1;1
202300045716;155 599 450;7;0;2;2;1;1
202300045717;155 599 445;33;0;2;8;17;1
202300045717;155 599 446;7;0;2;7;17;1
202300045718;155 599 444;7;3;0;1;14;1
202300045719;155 599 439;7;0;2;1;1;1
202300045719;155 599 443;7;0;2;3;1;1
202300045719;155 599 447;7;0;2;3;17;1
202300045720;155 599 438;7;0;-1;-1;-1;-1
202300045720;155 599 440;32;1;0;2;3;1
202300045720;155 599 441;7;0;2;5;23;1
202300045720;155 599 442;7;0;0;2;23;1
202300045721;155 599 434;36;15;0;1;1;1
202300045722;155 599 433;7;0;2;1;1;1
202300045722;155 599 436;7;0;2;1;6;1
202300045723;155 599 432;7;0;2;4;2;1
202300045723;155 599 435;7;0;2;4;2;1
202300045723;155 599 437;10;0;2;1;2;1
202300045724;155 599 430;1;1;0;1;1;5
202300045724;155 599 431;7;0;0;4;23;0
202300045725;155 599 426;7;0;2;1;2;1
202300045725;155 599 428;10;0;2;4;2;1
202300045726;155 599 427;2;0;0;7;1;0
202300045726;155 599 429;10;0;2;2;15;0
202300045727;155 599 424;15;0;2;8;1;1
202300045727;155 599 425;7;0;2;7;1;0
202300045728;155 599 422;2;0;0;9;17;0
202300045729;155 599 418;7;4;0;1;1;3
202300045730;155 599 420;33;0;2;1;3;1
202300045730;155 599 423;7;0;2;4;13;1
202300045731;155 599 417;7;0;2;3;15;1
202300045731;155 599 421;50;0;2;1;17;3
202300045732;155 599 416;7;0;2;1;15;0
202300045732;155 599 419;7;8;0;1;1;0
202300045733;155 599 409;7;0;2;3;1;0
202300045733;155 599 413;33;0;2;3;1;1
202300045734;155 599 411;32;0;2;1;3;1
202300045734;155 599 414;15;0;2;6;1;1
202300045735;155 599 410;7;0;2;1;14;1
202300045735;155 599 415;14;0;0;5;0;1
202300045736;155 599 408;7;0;2;3;15;1
202300045736;155 599 412;33;0;2;1;1;1
202300045737;155 599 407;7;8;0;1;14;1
202300045738;155 599 403;10;0;0;6;0;1
202300045738;155 599 406;7;0;0;1;0;1
202300045739;155 599 401;2;13;0;1;1;1
202300045740;155 599 402;1;0;2;1;5;5
202300045740;155 599 404;7;0;2;3;9;2
202300045741;155 599 400;33;0;0;1;1;1
202300045741;155 599 405;7;0;0;8;9;1
202300045742;155 599 398;7;13;0;2;1;1
202300045743;155 599 395;7;0;2;6;2;1
202300045743;155 599 396;7;0;2;2;2;1
202300045743;155 599 399;43;0;2;1;3;1
202300045744;155 599 393;7;16;0;9;0;1
202300045745;155 599 392;50;0;2;6;19;3
202300045745;155 599 397;7;0;2;2;15;1
202300045746;155 599 391;15;0;2;3;13;1
202300045746;155 599 394;38;0;2;3;13;1
202300045747;155 599 389;7;1;0;1;1;1
202300045748;155 599 386;1;12;0;1;16;5
202300045749;155 599 387;10;0;2;4;11;1
202300045749;155 599 390;7;0;2;4;1;1
202300045750;155 599 385;14;0;2;8;1;1
202300045750;155 599 388;7;0;2;1;13;1
202300045751;155 599 382;7;0;2;8;1;1
202300045751;155 599 384;31;0;2;3;1;1
202300045752;155 599 381;7;16;0;9;1;1
202300045753;155 599 380;33;3;0;3;1;1
202300045754;155 599 379;7;0;2;8;22;1
202300045754;155 599 383;50;1;2;2;25;3
202300045755;155 599 377;2;0;0;9;1;1
202300045756;155 599 375;7;7;2;7;0;1
202300045756;155 599 378;7;0;2;8;1;1
202300045757;155 599 374;7;0;2;1;2;1
202300045757;155 599 376;2;0;2;4;0;1
202300045758;155 599 373;7;0;1;0;15;1
202300045759;155 599 370;33;0;2;1;2;1
202300045759;155 599 372;7;0;2;4;1;1
202300045760;155 599 367;33;3;0;8;26;1
202300045761;155 599 368;10;0;2;3;1;1
202300045761;155 599 369;7;0;2;2;1;1
202300045762;155 599 366;7;0;1;3;19;1
202300045763;155 599 361;2;0;2;1;2;1
202300045763;155 599 363;10;0;2;4;11;1
202300045764;155 599 360;7;4;2;6;1;1
202300045764;155 599 364;7;0;2;2;12;1
202300045764;155 599 365;7;0;2;5;1;1
202300045765;155 599 359;7;0;2;7;15;1
202300045765;155 599 362;7;0;2;1;1;2
202300045766;155 599 358;1;0;0;0;1;5
202300045767;155 599 357;7;0;0;9;1;1
202300045768;155 599 352;7;0;2;1;26;1
202300045768;155 599 355;7;0;2;6;11;3
202300045769;155 599 350;7;0;2;5;2;1
202300045769;155 599 354;33;0;2;1;3;1
202300045769;155 599 356;7;0;2;6;12;2
202300045770;155 599 351;32;6;0;1;0;1
202300045771;155 599 349;7;0;2;8;15;1
202300045771;155 599 353;10;0;2;1;1;1
202300045772;155 599 345;50;14;0;0;1;3
202300045773;155 599 347;7;0;2;1;1;1
202300045773;155 599 348;99;0;2;4;2;1
202300045774;155 599 346;10;0;1;1;1;1
202300045775;155 599 340;2;0;0;0;1;1
202300045776;155 599 338;7;0;2;3;1;1
202300045776;155 599 341;7;0;2;4;1;1
202300045777;155 599 339;7;4;2;1;21;1
202300045777;155 599 342;10;0;2;0;11;1
202300045778;155 599 337;7;2;0;0;1;1
202300045778;155 599 343;7;2;0;0;1;1
202300045778;155 599 344;7;0;0;0;1;1
202300045779;155 599 331;7;0;1;2;1;1
202300045780;155 599 330;10;0;2;3;1;0
202300045780;155 599 334;33;0;2;2;17;0
202300045781;155 599 328;7;0;2;1;1;1
202300045781;155 599 332;10;0;2;1;1;1
202300045781;155 599 335;10;0;2;4;1;1
202300045782;155 599 329;33;0;2;3;13;1
202300045782;155 599 333;7;0;9;8;1;1
202300045782;155 599 336;10;0;2;8;1;1
202300045783;155 599 325;7;0;1;3;19;0
202300045784;155 599 323;32;0;2;7;1;1
202300045784;155 599 326;7;0;2;3;1;1
202300045785;155 599 321;7;0;2;2;15;0
202300045785;155 599 327;7;0;2;8;1;0
202300045786;155 599 318;7;0;2;1;1;1
202300045786;155 599 320;1;0;2;4;1;5
202300045787;155 599 322;33;0;2;4;23;1
202300045787;155 599 324;7;0;2;2;1;1
202300045788;155 599 317;33;0;2;8;1;1
202300045788;155 599 319;7;0;2;7;14;1
202300045789;155 599 315;1;0;2;3;1;5
202300045789;155 599 316;99;0;2;1;0;-1
202300045790;155 599 313;36;13;0;7;14;1
202300045791;155 599 311;33;0;2;1;2;1
202300045791;155 599 314;7;0;2;4;2;1
202300045792;155 599 308;7;0;2;2;12;1
202300045792;155 599 310;7;0;2;6;1;1
202300045792;155 599 312;33;0;2;1;3;1
202300045793;155 599 307;37;0;1;2;14;1
202300045794;155 599 305;7;0;2;1;1;1
202300045794;155 599 309;7;0;2;1;1;1
202300045795;155 599 300;7;0;2;2;1;1
202300045795;155 599 303;7;0;2;1;1;1
202300045796;155 599 298;7;0;2;1;1;1
202300045796;155 599 302;7;8;2;1;15;1
202300045797;155 599 296;21;0;2;6;2;1
202300045797;155 599 299;7;0;2;1;2;1
202300045797;155 599 301;10;0;2;2;21;1
202300045798;155 599 297;7;0;1;1;1;0
202300045799;155 599 295;10;0;1;4;4;1
202300045800;155 599 293;33;0;1;2;21;1
202300045801;155 599 292;7;0;1;1;1;1
202300045802;155 599 291;1;0;2;4;2;5
202300045802;155 599 294;7;0;9;2;2;0
202300045803;155 599 289;7;0;0;6;2;1
202300045803;155 599 290;33;0;2;2;2;1
202300045804;155 599 286;7;13;0;2;9;0
202300045805;155 599 287;10;0;1;3;15;1
202300045806;155 599 284;7;0;2;3;1;1
202300045806;155 599 288;33;0;2;3;13;1
202300045807;155 599 283;7;0;9;3;15;1
202300045807;155 599 285;1;0;2;2;17;5
202300045808;155 599 279;7;0;2;2;1;0
202300045808;155 599 282;15;0;0;6;1;0
202300045809;155 599 280;33;0;2;2;11;1
202300045809;155 599 281;10;0;2;0;0;1
202300045810;155 599 277;7;0;1;0;21;1
202300045811;155 599 276;7;0;9;2;3;-1
202300045811;155 599 278;1;0;2;1;3;5
202300045812;155 599 273;7;0;2;3;1;1
202300045812;155 599 275;1;0;2;3;0;5
202300045813;155 599 272;7;0;1;2;1;1
202300045814;155 599 270;7;2;0;1;17;1
202300045815;155 599 267;31;0;2;7;5;1
202300045815;155 599 269;10;0;2;2;21;1
202300045816;155 599 266;32;0;2;3;15;1
202300045816;155 599 268;10;0;2;3;2;1
202300045817;155 599 262;7;0;9;7;15;1
202300045817;155 599 265;1;0;2;1;1;5
202300045818;155 599 258;7;0;9;1;1;1
202300045818;155 599 260;7;0;2;3;1;1
202300045818;155 599 263;7;0;2;2;12;1
202300045819;155 599 257;10;0;2;3;15;1
202300045819;155 599 261;43;0;2;2;15;1
202300045820;155 599 255;10;0;0;4;26;1
202300045820;155 599 256;33;0;2;1;2;3
202300045821;155 599 250;33;0;2;1;3;1
202300045821;155 599 254;7;0;2;4;1;1
202300045822;155 599 252;7;1;1;1;17;1
202300045823;155 599 248;31;0;0;1;17;1
202300045823;155 599 251;7;0;0;8;11;1
202300045824;155 599 246;7;3;2;1;2;1
202300045824;155 599 247;7;3;2;4;2;1
202300045825;155 599 245;33;0;1;1;3;1
202300045826;155 599 243;7;0;1;1;0;1
202300045827;155 599 240;32;0;2;1;2;1
202300045827;155 599 242;7;0;2;5;2;1
202300045828;155 599 239;7;0;2;7;1;1
202300045828;155 599 241;7;0;2;4;26;0
202300045829;155 599 232;7;4;2;2;5;1
202300045829;155 599 236;7;0;2;2;1;1
202300045830;155 599 234;7;0;2;1;1;1
202300045830;155 599 237;10;0;2;2;19;1
202300045831;155 599 231;7;0;2;4;1;1
202300045831;155 599 235;0;0;2;1;0;0
202300045831;155 599 238;33;0;2;1;3;1
202300045832;155 599 230;1;0;2;1;19;5
202300045832;155 599 233;7;0;9;6;1;0
202300045833;155 599 227;7;0;2;7;12;1
202300045833;155 599 228;32;0;2;8;1;1
202300045834;155 599 225;2;0;0;8;0;1
202300045834;155 599 229;33;0;2;1;1;1
202300045835;155 599 223;7;0;2;2;2;1
202300045835;155 599 226;7;3;2;8;19;1
202300045836;155 599 222;33;0;2;1;1;1
202300045836;155 599 224;7;0;2;7;15;0
202300045837;155 599 220;10;0;2;8;11;1
202300045837;155 599 221;33;0;2;7;3;1
202300045838;155 599 215;7;0;2;1;0;1
202300045838;155 599 218;99;0;2;8;1;3
202300045839;155 599 216;7;0;2;7;15;1
202300045839;155 599 219;33;0;2;1;1;1
202300045840;155 599 214;7;0;0;4;2;0
202300045840;155 599 217;7;0;2;1;2;0
202300045841;155 599 212;7;0;2;1;1;1
202300045841;155 599 213;7;0;2;4;2;1
202300045842;155 599 209;7;0;1;1;15;1
202300045843;155 599 207;7;0;2;3;10;1
202300045843;155 599 211;33;0;2;1;1;1
202300045844;155 599 205;1;0;2;1;1;5
202300045844;155 599 210;7;0;2;7;15;1
202300045845;155 599 204;7;0;2;1;11;1
202300045845;155 599 206;7;0;2;4;1;1
202300045845;155 599 208;7;0;2;4;1;1
202300045846;155 599 200;7;0;2;3;13;1
202300045846;155 599 202;7;0;2;3;1;1
202300045847;155 599 198;10;0;1;1;17;0
202300045848;155 599 199;33;0;2;1;16;1
202300045848;155 599 203;33;0;2;1;15;1
202300045849;155 599 197;31;0;2;3;2;0
202300045849;155 599 201;7;0;2;2;12;0
202300045850;155 599 196;7;6;0;1;1;1
202300045851;155 599 192;10;0;2;1;1;1
202300045851;155 599 195;7;0;2;4;2;1
202300045852;155 599 193;15;1;1;2;1;1
202300045853;155 599 189;7;0;1;2;17;1
202300045854;155 599 188;7;0;2;5;1;1
202300045854;155 599 190;80;0;2;7;2;3
202300045855;155 599 191;7;0;2;1;13;1
202300045855;155 599 194;7;5;2;1;1;1
202300045856;155 599 186;2;0;2;1;1;1
202300045856;155 599 187;7;0;2;2;1;1
202300045857;155 599 185;7;16;0;1;26;0
202300045858;155 599 183;7;0;2;1;2;1
202300045858;155 599 184;7;0;0;4;2;1
202300045859;155 599 180;7;0;1;1;14;1
202300045860;155 599 179;31;0;2;1;19;1
202300045860;155 599 181;7;0;0;4;0;1
202300045861;155 599 178;7;0;9;1;15;1
202300045861;155 599 182;33;0;2;7;1;0
202300045862;155 599 176;10;0;1;3;14;1
202300045863;155 599 174;1;0;2;0;0;5
202300045863;155 599 177;7;0;2;1;17;1
202300045864;155 599 173;30;0;0;4;1;1
202300045864;155 599 175;7;0;2;1;2;2
202300045865;155 599 171;7;15;0;1;1;1
202300045866;155 599 168;7;0;2;1;26;1
202300045866;155 599 170;7;0;2;1;1;1
202300045867;155 599 167;33;0;2;3;1;1
202300045867;155 599 169;7;0;2;2;0;1
202300045868;155 599 165;7;0;0;1;21;1
202300045869;155 599 164;7;0;2;1;26;1
202300045869;155 599 166;7;0;2;2;1;1
202300045870;155 599 163;50;0;1;4;0;3
202300045871;155 599 158;7;0;2;7;16;1
202300045871;155 599 161;80;0;2;1;1;3
202300045872;155 599 157;7;0;1;1;1;2
202300045873;155 599 156;7;0;2;8;19;1
202300045873;155 599 159;38;0;2;2;19;1
202300045874;155 599 151;7;0;2;1;1;1
202300045874;155 599 154;7;0;2;8;1;1
202300045875;155 599 150;7;0;2;4;2;1
202300045875;155 599 153;7;0;2;1;2;1
202300045876;155 599 149;33;1;2;1;1;1
202300045876;155 599 152;7;0;2;8;9;1
202300045877;155 599 148;7;6;1;1;16;1
202300045878;155 599 147;15;3;0;2;14;1
202300045879;155 599 145;30;0;2;1;17;1
202300045879;155 599 146;7;0;2;8;15;1
202300045880;155 599 142;30;0;2;1;17;1
202300045880;155 599 144;7;0;2;3;15;0
202300045881;155 599 140;7;0;0;0;1;1
202300045882;155 599 141;33;0;2;1;17;1
202300045882;155 599 143;7;0;2;8;15;3
202300045883;155 599 138;7;0;2;3;22;1
202300045883;155 599 139;1;1;0;1;1;5
202300045884;155 599 136;1;0;2;1;11;0
202300045884;155 599 137;7;0;2;3;26;1
202300045885;155 599 134;7;2;0;7;1;1
202300045886;155 599 133;10;0;2;7;16;1
202300045886;155 599 135;80;0;2;3;1;3
202300045887;155 599 132;30;16;0;7;1;1
202300045888;155 599 128;7;0;1;3;1;1
202300045889;155 599 129;7;0;2;1;16;1
202300045889;155 599 131;1;0;2;7;1;5
202300045890;155 599 127;7;0;2;1;2;1
202300045890;155 599 130;17;0;2;4;2;1
202300045891;155 599 125;7;0;2;4;1;1
202300045891;155 599 126;7;0;2;1;2;1
202300045892;155 599 122;7;0;9;1;1;1
202300045892;155 599 124;50;0;2;7;19;3
202300045893;155 599 121;7;0;1;8;1;1
202300045894;155 599 120;7;0;2;1;26;1
202300045894;155 599 123;7;0;2;4;2;1
202300045895;155 599 117;3;0;1;1;1;1
202300045896;155 599 116;7;0;1;3;2;1
202300045897;155 599 115;7;0;0;4;23;1
202300045897;155 599 118;7;0;2;2;1;1
202300045898;155 599 113;7;0;2;2;16;1
202300045898;155 599 114;33;0;2;3;18;1
202300045899;155 599 112;50;1;0;1;1;3
202300045900;155 599 111;7;5;9;1;14;1
202300045901;155 599 109;1;0;0;0;19;5
202300045901;155 599 110;7;0;9;1;0;1
202300045902;155 599 105;1;0;2;7;0;5
202300045902;155 599 108;7;0;2;3;1;1
202300045903;155 599 104;7;0;2;2;16;1
202300045903;155 599 107;1;0;2;3;1;5
202300045904;155 599 103;7;1;0;7;14;1
202300045905;155 599 102;7;0;2;1;1;1
202300045905;155 599 106;7;0;2;7;13;1
202300045906;155 599 101;7;0;1;2;18;1
202300045907;155 599 099;7;13;0;1;1;1
202300045908;155 599 097;15;0;2;0;1;1
202300045908;155 599 100;7;0;2;0;1;1
202300045909;155 599 094;7;0;2;4;2;1
202300045909;155 599 096;7;0;2;1;2;1
202300045909;155 599 098;7;0;2;1;2;1
202300045910;155 599 093;7;3;2;3;1;1
202300045910;155 599 095;10;3;2;3;0;1
202300045911;155 599 092;7;8;0;1;1;1
202300045912;155 599 091;7;13;0;1;12;1
202300045913;155 599 090;7;13;0;1;1;1
202300045914;155 599 089;7;0;1;3;15;1
202300045915;155 599 087;7;0;1;1;1;1
202300045916;155 599 083;7;0;2;3;13;2
202300045916;155 599 086;7;0;2;3;1;1
202300045917;155 599 085;2;0;2;1;1;1
202300045917;155 599 088;10;0;2;3;19;1
202300045918;155 599 084;31;0;0;0;1;3
202300045919;155 599 079;1;0;2;0;26;5
202300045919;155 599 082;10;0;2;0;0;1
202300045920;155 599 081;0;0;1;2;16;0
202300045921;155 599 077;10;0;2;7;19;1
202300045921;155 599 080;7;0;2;1;1;1
202300045922;155 599 076;80;0;2;1;1;3
202300045922;155 599 078;50;0;2;1;5;3
202300045923;155 599 073;7;0;2;8;13;1
202300045923;155 599 075;30;0;2;1;2;1
202300045924;155 599 072;7;0;2;3;1;1
202300045924;155 599 074;50;0;2;0;0;3
202300045925;155 599 071;7;8;0;2;14;1
202300045926;155 599 068;7;0;1;1;1;1
202300045927;155 599 067;7;0;2;1;23;1
202300045927;155 599 069;7;0;2;4;23;1
202300045927;155 599 070;7;0;2;4;23;1
202300045928;155 599 065;7;0;1;1;11;1
202300045929;155 599 064;7;0;2;3;15;1
202300045929;155 599 066;7;0;2;1;1;1
202300045930;155 599 063;7;6;0;1;26;1
202300045931;155 599 060;38;0;0;5;26;1
202300045931;155 599 062;38;0;0;8;26;1
202300045932;155 599 057;10;0;9;1;15;1
202300045932;155 599 061;1;0;2;1;1;5
202300045933;155 599 056;7;0;2;3;15;1
202300045933;155 599 059;2;0;2;3;1;1
202300045934;155 599 055;7;0;1;1;1;0
202300045934;155 599 058;7;0;2;3;1;0
202300045935;155 599 053;7;4;0;3;1;1
202300045936;155 599 052;7;0;2;2;9;1
202300045936;155 599 054;33;0;2;8;15;1
202300045937;155 599 048;43;0;2;1;1;1
202300045937;155 599 051;7;0;2;3;10;1
202300045938;155 599 046;7;0;2;1;1;1
202300045938;155 599 049;7;0;2;4;1;1
202300045939;155 599 045;7;0;2;7;1;1
202300045939;155 599 047;1;0;2;8;15;5
202300045940;155 599 042;7;0;2;1;15;1
202300045940;155 599 044;32;0;2;3;1;0
202300045941;155 599 040;7;0;1;2;1;1
202300045942;155 599 039;7;0;2;3;13;1
202300045942;155 599 041;7;0;2;3;1;1
202300045943;155 599 038;1;0;2;1;1;5
202300045943;155 599 043;7;0;2;1;9;1
202300045944;155 599 034;7;0;2;1;2;1
202300045944;155 599 037;7;0;9;4;23;1
202300045945;155 599 032;7;0;2;3;15;1
202300045945;155 599 036;33;0;2;1;1;1
202300045946;155 599 033;7;0;1;2;1;1
202300045947;155 599 031;1;0;2;7;1;5
202300045947;155 599 035;7;0;2;1;9;1
202300045948;155 599 027;7;12;2;3;13;1
202300045948;155 599 030;7;0;2;1;1;1
202300045949;155 599 025;1;0;2;1;5;5
202300045949;155 599 029;7;8;2;7;1;1
202300045950;155 599 024;7;0;2;1;11;1
202300045950;155 599 028;15;0;2;1;1;1
202300045951;155 599 022;7;6;0;1;13;1
202300045952;155 599 021;7;0;2;1;2;1
202300045952;155 599 023;7;0;2;8;1;1
202300045952;155 599 026;7;0;2;1;9;1
202300045953;155 599 020;7;0;1;1;1;1
202300045954;155 599 017;7;1;1;3;13;1
202300045955;155 599 016;7;0;2;1;9;1
202300045955;155 599 018;80;0;2;4;1;3