Num_Acc;id_vehicule;catv;obs;obsm;choc;manv;motor
202300046643;155 597 776;37;0;1;5;0;1
202300046644;155 597 774;33;0;2;7;1;1
202300046644;155 597 775;10;0;0;6;1;1
202300046645;155 597 772;1;0;1;3;2;5
202300046646;155 597 770;7;14;0;3;6;1
202300046647;155 597 768;33;0;2;5;1;1
202300046647;155 597 773;80;0;0;0;1;3
202300046648;155 597 766;43;0;2;1;1;1
202300046648;155 597 767;7;0;2;2;15;1
202300046649;155 597 762;7;0;2;4;0;0
202300046649;155 597 764;32;0;0;0;0;1
202300046650;155 597 769;7;0;0;6;4;1
202300046650;155 597 771;37;0;0;2;1;0
202300046651;155 597 763;33;0;2;1;1;1
202300046651;155 597 765;10;0;2;4;1;1
202300046652;155 597 761;35;8;0;2;1;3
202300046653;155 597 760;7;0;1;8;15;1
202300046654;155 597 759;7;2;0;0;1;1
202300046655;155 597 755;3;0;0;4;1;1
202300046655;155 597 756;7;0;2;1;17;1
202300046656;155 597 753;7;4;0;3;1;1
202300046657;155 597 749;7;0;2;3;13;1
202300046657;155 597 751;7;0;2;3;1;1
202300046658;155 597 750;33;0;2;1;1;1
202300046658;155 597 752;7;0;2;4;1;3
202300046659;155 597 754;30;0;2;1;21;1
202300046659;155 597 758;7;0;2;3;1;0
202300046660;155 597 746;7;0;2;5;1;1
202300046660;155 597 748;31;0;2;1;2;1
202300046661;155 597 743;7;0;2;3;13;1
202300046661;155 597 744;99;0;2;3;1;3
202300046662;155 597 742;7;13;0;7;1;1
202300046663;155 597 745;50;0;2;1;5;3
202300046663;155 597 747;1;0;2;1;2;5
202300046664;155 597 741;7;4;0;1;17;1
202300046665;155 597 740;1;0;1;1;1;5
202300046666;155 597 737;31;8;0;7;14;1
202300046667;155 597 735;7;0;2;1;1;1
202300046667;155 597 738;7;0;2;8;19;1
202300046668;155 597 736;10;0;2;2;9;1
202300046668;155 597 739;33;0;2;1;17;1
202300046669;155 597 731;7;0;2;3;13;1
202300046669;155 597 733;7;0;2;3;1;3
202300046670;155 597 732;7;0;2;0;0;1
202300046670;155 597 734;33;0;2;0;0;1
202300046671;155 597 728;7;0;0;8;13;1
202300046672;155 597 729;17;0;2;1;13;1
202300046672;155 597 730;10;0;2;3;0;1
202300046673;155 597 727;10;0;1;1;0;1
202300046674;155 597 724;7;0;2;1;13;1
202300046674;155 597 726;7;0;2;1;1;1
202300046675;155 597 723;33;0;0;4;23;1
202300046675;155 597 725;10;0;2;2;1;1
202300046676;155 597 720;32;0;2;2;1;1
202300046676;155 597 722;7;0;2;3;1;1
202300046677;155 597 716;7;0;2;2;15;1
202300046677;155 597 719;7;0;2;3;1;1
202300046678;155 597 717;7;1;0;8;2;1
202300046678;155 597 718;15;1;0;8;2;1
202300046678;155 597 721;10;0;2;4;2;1
202300046679;155 597 714;50;0;2;8;9;3
202300046679;155 597 715;7;0;2;2;1;1
202300046680;155 597 713;21;14;0;2;0;1
202300046681;155 597 710;2;6;0;2;14;1
202300046682;155 597 708;50;7;0;0;0;3
202300046682;155 597 711;15;0;9;2;2;0
202300046683;155 597 709;7;9;0;1;14;1
202300046684;155 597 706;31;13;0;0;1;1
202300046685;155 597 704;1;0;2;3;1;5
202300046685;155 597 707;13;0;2;5;13;1
202300046686;155 597 705;7;0;1;3;1;0
202300046687;155 597 703;10;0;1;3;1;1
202300046688;155 597 701;21;0;2;3;1;1
202300046688;155 597 702;7;0;2;3;1;1
202300046689;155 597 695;7;0;0;1;0;0
202300046689;155 597 697;7;0;2;1;21;0
202300046689;155 597 699;7;0;0;8;21;0
202300046690;155 597 698;37;0;0;5;1;1
202300046690;155 597 700;3;0;0;2;9;1
202300046691;155 597 694;7;0;2;2;2;1
202300046691;155 597 696;50;0;2;4;2;3
202300046692;155 597 690;7;0;2;7;13;1
202300046692;155 597 693;7;0;2;1;1;3
202300046693;155 597 689;7;0;2;0;0;0
202300046693;155 597 691;1;0;2;8;19;5
202300046694;155 597 686;7;0;2;3;5;1
202300046694;155 597 687;15;0;2;6;26;1
202300046694;155 597 688;15;0;2;3;21;1
202300046694;155 597 692;7;0;0;0;21;1
202300046695;155 597 684;31;11;0;1;17;1
202300046696;155 597 681;7;2;0;4;1;1
202300046697;155 597 680;7;0;2;2;15;1
202300046697;155 597 685;33;0;2;1;1;1
202300046698;155 597 676;7;0;2;1;1;1
202300046698;155 597 678;7;0;2;1;1;0
202300046699;155 597 673;15;0;1;4;20;1
202300046700;155 597 674;7;0;2;0;0;0
202300046700;155 597 675;7;0;2;0;0;0
202300046701;155 597 672;7;0;2;2;13;1
202300046701;155 597 677;7;0;2;2;1;1
202300046701;155 597 679;7;0;2;3;2;1
202300046702;155 597 670;7;0;2;1;1;1
202300046702;155 597 671;2;0;0;4;1;1
202300046703;155 597 669;33;10;0;8;15;1
202300046704;155 597 667;7;0;1;1;2;1
202300046705;155 597 666;1;1;0;1;1;5
202300046705;155 597 668;14;0;0;4;23;1
202300046706;155 597 661;7;0;2;1;15;1
202300046706;155 597 664;2;0;2;1;1;1
202300046707;155 597 662;7;0;2;6;15;1
202300046707;155 597 665;33;0;2;7;15;1
202300046708;155 597 660;7;0;2;1;2;0
202300046708;155 597 663;17;0;0;4;2;1
202300046709;155 597 659;1;0;1;3;1;5
202300046710;155 597 654;7;0;2;4;1;1
202300046710;155 597 656;7;0;2;1;2;1
202300046711;155 597 652;7;0;0;6;1;1
202300046711;155 597 653;7;3;2;2;17;2
202300046712;155 597 649;10;0;2;1;2;1
202300046712;155 597 650;7;0;2;4;2;1
202300046713;155 597 648;33;0;2;1;1;1
202300046713;155 597 651;33;0;0;4;1;1
202300046714;155 597 646;17;0;0;5;24;1
202300046714;155 597 647;10;3;2;1;2;1
202300046715;155 597 642;7;0;2;4;2;1
202300046715;155 597 645;10;0;2;1;2;1
202300046716;155 597 641;7;0;0;7;2;1
202300046716;155 597 643;10;0;2;1;2;1
202300046717;155 597 640;7;0;2;3;26;1
202300046717;155 597 644;2;0;2;1;1;1
202300046718;155 597 637;7;4;2;1;12;1
202300046718;155 597 639;10;0;2;3;1;1
202300046719;155 597 636;7;0;2;3;0;1
202300046719;155 597 638;2;0;2;1;13;1
202300046720;155 597 634;32;6;2;4;1;1
202300046721;155 597 633;7;13;0;2;14;1
202300046722;155 597 630;7;2;0;1;1;1
202300046723;155 597 631;7;4;0;3;0;1
202300046724;155 597 632;7;0;2;1;5;1
202300046724;155 597 635;7;0;2;1;1;1
202300046725;155 597 629;7;0;1;3;1;1
202300046726;155 597 628;7;0;1;3;1;1
202300046727;155 597 624;10;0;1;3;1;1
202300046728;155 597 625;33;8;0;1;5;1
202300046729;155 597 623;7;0;2;1;1;1
202300046729;155 597 626;15;0;2;3;1;4
202300046729;155 597 627;7;0;2;3;19;1
202300046730;155 597 621;7;8;0;1;14;1
202300046731;155 597 620;50;0;4;1;19;3
202300046731;155 597 622;40;0;2;1;1;3
202300046732;155 597 618;7;13;2;3;13;1
202300046732;155 597 619;7;13;2;8;1;3
202300046733;155 597 616;7;0;1;2;1;1
202300046734;155 597 615;7;1;0;1;0;1
202300046734;155 597 617;7;0;2;1;24;1
202300046735;155 597 614;7;7;0;9;1;1
202300046736;155 597 613;50;0;1;1;19;3
202300046737;155 597 612;50;0;1;0;16;3
202300046738;155 597 610;7;0;2;8;9;1
202300046738;155 597 611;33;0;2;7;1;1
202300046739;155 597 609;33;8;0;6;1;1
202300046740;155 597 605;34;0;1;2;1;1
202300046741;155 597 603;7;0;2;6;15;0
202300046741;155 597 604;33;0;2;1;17;1
202300046742;155 597 602;7;4;0;1;1;1
202300046743;155 597 599;32;0;0;7;2;1
202300046744;155 597 598;7;0;2;0;0;1
202300046744;155 597 600;1;1;2;8;13;5
202300046744;155 597 601;38;0;2;2;17;1
202300046745;155 597 596;7;0;2;4;11;1
202300046745;155 597 597;7;0;2;4;12;1
202300046746;155 597 593;10;0;2;2;1;1
202300046746;155 597 595;33;0;2;1;1;1
202300046747;155 597 592;7;0;2;4;1;1
202300046747;155 597 594;7;0;2;4;15;0
202300046748;155 597 590;7;0;2;1;2;1
202300046748;155 597 591;7;0;2;4;2;1
202300046749;155 597 588;7;0;2;1;1;1
202300046749;155 597 589;7;0;2;4;1;1
202300046750;155 597 587;7;0;0;1;1;1
202300046751;155 597 580;10;0;2;4;2;1
202300046751;155 597 582;10;0;2;1;2;1
202300046751;155 597 584;7;0;2;1;2;1
202300046752;155 597 579;7;0;2;2;16;1
202300046752;155 597 581;7;0;2;6;23;1
202300046752;155 597 583;7;0;2;6;1;1
202300046752;155 597 586;7;0;2;8;0;1
202300046753;155 597 577;7;0;2;3;1;1
202300046753;155 597 578;7;0;2;5;15;1
202300046753;155 597 585;7;0;2;8;1;1
202300046754;155 597 574;7;0;2;1;1;1
202300046754;155 597 576;7;0;2;4;1;1
202300046755;155 597 573;10;0;2;1;15;1
202300046755;155 597 575;31;0;2;7;17;1
202300046756;155 597 572;7;3;0;1;1;1
202300046757;155 597 570;10;2;0;1;21;6
202300046758;155 597 569;30;0;2;1;15;1
202300046758;155 597 571;7;0;2;3;15;1
202300046759;155 597 567;7;4;0;8;13;1
202300046759;155 597 568;7;4;0;3;1;1
202300046760;155 597 566;33;0;0;3;16;1
202300046761;155 597 564;7;4;0;1;2;1
202300046762;155 597 563;7;0;0;1;11;1
202300046762;155 597 565;32;0;2;1;1;1
202300046763;155 597 562;7;4;0;1;1;1
202300046764;155 597 561;7;0;1;2;1;1
202300046765;155 597 559;7;0;2;2;1;1
202300046765;155 597 560;34;0;2;1;17;1
202300046766;155 597 558;7;4;0;1;1;1
202300046767;155 597 556;7;13;0;1;1;1
202300046768;155 597 555;7;0;2;7;16;1
202300046768;155 597 557;32;0;2;8;18;1
202300046769;155 597 553;10;0;2;4;12;1
202300046769;155 597 554;7;0;2;1;12;1
202300046770;155 597 551;7;0;1;1;1;1
202300046771;155 597 550;7;0;2;2;5;1
202300046771;155 597 552;34;0;2;1;1;1
202300046772;155 597 549;7;4;0;1;1;1
202300046773;155 597 546;7;4;0;1;16;1
202300046774;155 597 545;7;0;2;4;1;1
202300046774;155 597 548;10;0;2;1;1;1
202300046775;155 597 547;10;0;1;2;16;1
202300046776;155 597 543;10;0;1;1;0;0
202300046777;155 597 542;7;13;0;1;13;1
202300046778;155 597 540;7;0;2;9;26;1
202300046778;155 597 541;7;0;2;4;1;1
202300046778;155 597 544;7;0;2;8;1;1
202300046779;155 597 536;7;0;2;1;1;1
202300046779;155 597 538;7;0;2;4;1;1
202300046780;155 597 535;7;0;2;1;2;1
202300046780;155 597 537;7;0;2;4;23;3
202300046780;155 597 539;7;0;2;4;23;1
202300046781;155 597 534;7;0;1;3;1;1
202300046782;155 597 528;10;0;2;4;1;1
202300046782;155 597 531;7;0;2;4;1;1
202300046782;155 597 533;10;0;2;1;1;1
202300046783;155 597 525;10;6;0;4;26;1
202300046784;155 597 526;31;6;0;8;1;1
202300046785;155 597 524;10;0;2;1;1;1
202300046785;155 597 527;7;0;2;9;1;1
202300046785;155 597 529;7;0;0;0;0;1
202300046785;155 597 530;7;0;2;9;1;1
202300046785;155 597 532;7;0;0;0;0;0
202300046786;155 597 522;43;0;1;1;1;1
202300046787;155 597 521;7;2;0;1;1;1
202300046788;155 597 520;33;0;2;1;1;1
202300046788;155 597 523;7;0;2;7;15;1
202300046789;155 597 517;15;0;2;3;1;1
202300046789;155 597 518;80;0;2;4;12;3
202300046790;155 597 515;7;0;1;3;1;1
202300046791;155 597 512;33;0;0;7;26;1
202300046791;155 597 516;7;0;2;3;9;1
202300046792;155 597 511;7;1;1;4;20;2
202300046793;155 597 510;99;0;1;2;1;1
202300046794;155 597 508;7;0;1;2;20;1
202300046795;155 597 509;43;0;6;1;1;1
202300046796;155 597 506;7;0;2;1;9;1
202300046796;155 597 507;7;0;2;4;1;1
202300046797;155 597 504;33;0;2;8;1;1
202300046797;155 597 505;7;0;9;2;3;0
202300046798;155 597 502;33;14;0;1;1;1
202300046799;155 597 500;10;0;2;6;15;1
202300046799;155 597 503;33;13;2;8;1;1
202300046800;155 597 497;31;0;2;1;11;1
202300046800;155 597 499;7;0;2;8;15;1
202300046801;155 597 492;32;1;2;1;21;1
202300046801;155 597 494;10;0;2;3;22;1
202300046802;155 597 488;2;0;2;1;1;1
202300046802;155 597 489;7;0;2;4;1;1
202300046803;155 597 487;7;9;0;1;19;1
202300046803;155 597 490;10;9;0;8;1;1
202300046804;155 597 486;14;3;0;2;1;1
202300046804;155 597 491;7;3;0;2;1;1
202300046805;155 597 484;7;0;2;5;2;1
202300046805;155 597 485;33;0;2;1;2;1
202300046806;155 597 482;10;0;0;4;23;1
202300046806;155 597 483;10;0;2;1;12;1
202300046807;155 597 479;7;0;0;8;24;1
202300046808;155 597 481;7;2;0;2;1;0
202300046809;155 597 478;80;0;2;1;1;3
202300046809;155 597 480;7;0;9;3;16;1
202300046810;155 597 477;7;0;1;3;16;1
202300046811;155 597 475;1;0;0;0;2;5
202300046812;155 597 476;33;6;0;6;21;1
202300046813;155 597 473;7;0;2;1;16;1
202300046813;155 597 474;33;0;2;6;1;1
202300046814;155 597 472;30;0;2;3;1;1
202300046815;155 597 471;7;13;0;1;1;1
202300046816;155 597 470;7;2;0;8;13;1
202300046817;155 597 466;50;0;2;1;19;3
202300046817;155 597 469;7;0;2;3;1;1
202300046818;155 597 465;7;0;2;1;15;1
202300046818;155 597 468;33;0;2;1;19;1
202300046819;155 597 463;7;0;1;2;19;1
202300046820;155 597 462;7;0;2;2;15;1
202300046820;155 597 464;32;0;2;1;1;1
202300046821;155 597 460;7;0;1;2;1;1
202300046822;155 597 461;33;0;0;8;1;1
202300046823;155 597 458;1;0;2;4;15;5
202300046823;155 597 459;7;0;2;2;1;1
202300046824;155 597 454;7;0;9;1;1;1
202300046824;155 597 457;1;0;2;2;26;5
202300046825;155 597 456;7;0;0;0;1;1
202300046826;155 597 453;32;0;2;1;17;1
202300046826;155 597 455;7;0;2;1;15;1
202300046827;155 597 450;1;0;2;1;1;5
202300046827;155 597 452;1;0;2;1;1;5
202300046828;155 597 449;7;0;1;1;17;0
202300046829;155 597 448;7;0;2;1;1;1
202300046829;155 597 451;7;0;0;8;19;3
202300046830;155 597 446;7;0;1;3;1;1
202300046831;155 597 445;7;0;2;5;15;1
202300046831;155 597 447;32;0;2;1;1;1
202300046832;155 597 442;15;0;0;0;0;0
202300046832;155 597 443;7;0;2;2;14;1
202300046833;155 597 439;7;0;9;1;1;1
202300046833;155 597 441;60;0;2;3;19;5
202300046834;155 597 440;33;0;2;1;2;1
202300046834;155 597 444;7;0;0;5;2;1
202300046835;155 597 436;7;8;0;1;1;1
202300046836;155 597 432;10;0;2;1;13;1
202300046836;155 597 435;10;0;2;1;1;1
202300046837;155 597 430;7;0;2;3;15;1
202300046837;155 597 433;7;0;2;3;1;1
202300046838;155 597 431;10;0;2;2;1;1
202300046838;155 597 434;1;0;2;1;1;5
202300046839;155 597 429;7;0;1;2;9;1
202300046840;155 597 428;7;0;2;3;1;1
202300046841;155 597 425;7;8;0;9;1;1
202300046842;155 597 426;1;0;0;9;1;5
202300046842;155 597 427;7;0;0;0;19;1
202300046843;155 597 423;7;0;2;1;9;1
202300046843;155 597 424;50;0;2;7;1;3
202300046844;155 597 418;10;0;2;2;9;1
202300046844;155 597 422;50;0;2;1;9;3
202300046845;155 597 417;7;0;2;3;13;1
202300046845;155 597 420;7;0;2;1;1;1
202300046846;155 597 419;7;0;2;3;16;1
202300046846;155 597 421;33;0;2;1;1;1
202300046847;155 597 414;7;0;1;1;1;1
202300046848;155 597 413;7;0;2;0;16;1
202300046848;155 597 416;31;12;2;0;17;1
202300046849;155 597 412;10;0;9;2;1;1
202300046849;155 597 415;1;0;2;8;19;5
202300046850;155 597 411;43;3;0;8;1;1
202300046851;155 597 410;7;0;1;4;0;0
202300046852;155 597 407;32;0;1;1;1;1
202300046853;155 597 405;7;0;2;4;23;1
202300046853;155 597 408;7;0;2;1;2;1
202300046854;155 597 404;7;0;2;1;5;1
202300046854;155 597 406;7;0;2;1;1;1
202300046854;155 597 409;7;0;2;7;1;3
202300046855;155 597 402;7;0;2;3;13;1
202300046855;155 597 403;7;0;2;3;1;1
202300046856;155 597 401;7;8;0;1;1;1
202300046857;155 597 398;7;3;0;2;14;1
202300046858;155 597 397;7;0;2;1;1;1
202300046858;155 597 400;7;0;2;6;1;1
202300046859;155 597 395;7;0;2;3;13;0
202300046859;155 597 396;7;0;2;3;0;2
202300046859;155 597 399;7;0;2;1;0;1
202300046860;155 597 392;7;0;2;4;2;1
202300046860;155 597 394;7;0;2;1;26;1
202300046861;155 597 390;7;0;0;0;0;1
202300046861;155 597 393;7;12;0;1;15;1
202300046862;155 597 391;33;2;0;1;1;1
202300046863;155 597 387;1;0;2;8;1;5
202300046863;155 597 389;7;0;2;1;1;1
202300046864;155 597 386;33;0;0;0;1;1
202300046865;155 597 388;7;0;1;1;9;1
202300046866;155 597 383;7;1;2;1;19;1
202300046866;155 597 384;50;0;2;1;19;3
202300046867;155 597 382;7;0;2;1;1;0
202300046867;155 597 385;2;0;2;1;1;1
202300046868;155 597 378;7;0;2;5;15;1
202300046868;155 597 381;33;0;2;1;1;1
202300046869;155 597 377;7;0;2;8;15;1
202300046869;155 597 380;7;0;2;1;1;1
202300046870;155 597 376;30;0;2;1;1;1
202300046870;155 597 379;10;0;2;3;1;1
202300046871;155 597 373;2;0;1;1;1;1
202300046872;155 597 372;32;0;2;1;0;1
202300046872;155 597 375;7;0;2;1;0;0
202300046873;155 597 370;30;0;2;7;9;1
202300046873;155 597 374;7;0;2;3;9;1
202300046874;155 597 367;33;0;2;1;17;1
202300046874;155 597 368;2;0;2;8;19;1
202300046875;155 597 369;7;0;2;5;19;1
202300046875;155 597 371;33;0;2;1;1;1
202300046876;155 597 364;7;0;2;2;2;1
202300046876;155 597 366;7;0;2;3;2;1
202300046877;155 597 363;7;0;2;1;1;0
202300046877;155 597 365;2;0;2;8;1;1
202300046878;155 597 361;7;6;0;1;13;1
202300046879;155 597 359;33;13;0;1;1;1
202300046880;155 597 358;33;0;2;1;3;1
202300046880;155 597 360;7;0;2;2;1;1
202300046880;155 597 362;7;0;2;5;1;2
202300046881;155 597 354;50;0;2;8;13;3
202300046881;155 597 356;7;0;2;2;1;3
202300046882;155 597 355;32;0;2;1;1;1
202300046882;155 597 357;7;0;2;1;15;1
202300046883;155 597 353;43;0;1;1;17;1
202300046884;155 597 352;7;0;1;1;1;2
202300046885;155 597 350;7;0;2;7;17;0
202300046885;155 597 351;7;14;0;8;15;0
202300046886;155 597 348;7;0;2;7;16;1
202300046886;155 597 349;2;0;2;3;3;1
202300046887;155 597 347;33;0;6;1;3;1
202300046888;155 597 345;14;0;2;6;1;1
202300046888;155 597 346;1;0;2;1;15;5
202300046889;155 597 340;7;0;0;3;22;1
202300046889;155 597 342;30;1;0;1;2;3
202300046890;155 597 339;7;0;0;1;1;1
202300046890;155 597 341;7;0;0;3;1;2
202300046891;155 597 338;7;2;0;3;13;1
202300046892;155 597 336;33;0;2;3;1;1
202300046892;155 597 337;80;0;2;1;15;3
202300046893;155 597 334;7;0;2;8;1;1
202300046893;155 597 335;33;0;2;9;5;1
202300046894;155 597 333;7;0;1;1;15;1
202300046895;155 597 332;7;5;0;1;1;1
202300046896;155 597 330;7;13;0;2;1;1
202300046897;155 597 329;43;0;2;6;1;1
202300046897;155 597 331;10;0;2;1;1;1
202300046898;155 597 328;10;4;0;3;16;1
202300046899;155 597 326;7;0;2;3;15;1
202300046899;155 597 327;50;0;2;1;5;3
202300046900;155 597 324;33;0;0;1;1;1
202300046901;155 597 323;7;3;0;4;1;1
202300046901;155 597 325;10;0;2;1;1;1
202300046902;155 597 322;14;0;1;3;15;0
202300046903;155 597 321;7;0;0;9;2;1
202300046904;155 597 319;7;0;2;2;1;1
202300046904;155 597 320;1;0;2;1;19;5
202300046905;155 597 316;7;0;2;7;13;2
202300046905;155 597 317;43;1;2;7;17;1
202300046906;155 597 318;32;4;0;1;1;1
202300046907;155 597 313;7;0;2;3;13;1
202300046907;155 597 315;7;0;2;2;1;0
202300046908;155 597 312;33;0;2;4;10;1
202300046908;155 597 314;32;0;2;1;1;1
202300046909;155 597 311;37;0;1;2;1;6
202300046910;155 597 309;7;0;2;3;20;1
202300046910;155 597 310;2;1;0;1;19;1
202300046911;155 597 304;7;0;2;3;13;1
202300046911;155 597 306;7;0;2;1;1;1
202300046912;155 597 303;7;0;2;1;2;0
202300046912;155 597 305;50;0;2;4;23;3
202300046912;155 597 307;7;0;2;4;23;0
202300046912;155 597 308;37;0;2;4;23;6
202300046913;155 597 300;7;0;2;2;16;0
202300046913;155 597 301;43;0;2;3;26;0
202300046914;155 597 299;7;0;9;2;2;1
202300046914;155 597 302;80;0;2;8;2;3
202300046915;155 597 297;34;0;0;4;23;1
202300046915;155 597 298;14;0;2;1;2;1
202300046916;155 597 296;33;1;0;4;1;1
202300046917;155 597 294;7;0;2;7;1;1
202300046917;155 597 295;43;0;2;8;1;1
202300046918;155 597 293;7;13;0;0;1;1
202300046919;155 597 291;10;12;2;3;15;0
202300046919;155 597 292;43;12;0;2;6;1
202300046920;155 597 290;0;0;1;3;1;0
202300046921;155 597 288;7;0;2;5;1;1
202300046921;155 597 289;37;0;2;3;9;1
202300046922;155 597 287;33;12;0;1;1;1
202300046923;155 597 285;1;0;2;2;1;5
202300046923;155 597 286;10;0;2;3;1;1
202300046924;155 597 283;7;0;2;3;1;1
202300046924;155 597 284;50;0;2;3;13;3
202300046925;155 597 282;1;0;1;1;21;5
202300046926;155 597 280;36;0;2;1;1;0
202300046926;155 597 281;7;0;2;1;15;0
202300046927;155 597 279;30;0;0;0;0;1
202300046928;155 597 278;1;2;0;1;0;5
202300046929;155 597 276;99;0;2;2;2;0
202300046929;155 597 277;7;0;2;3;1;1
202300046930;155 597 274;10;0;2;2;15;1
202300046930;155 597 275;1;0;2;1;1;5
202300046931;155 597 272;33;0;2;0;0;1
202300046931;155 597 273;7;2;0;5;19;1
202300046932;155 597 270;7;0;2;2;16;0
202300046932;155 597 271;1;0;2;8;1;5
202300046933;155 597 268;7;0;2;6;10;1
202300046933;155 597 269;32;0;2;2;17;1
202300046934;155 597 266;50;0;9;1;5;3
202300046934;155 597 267;80;0;9;1;0;3
202300046935;155 597 265;1;0;0;0;0;5
202300046936;155 597 263;32;0;2;7;17;3
202300046936;155 597 264;7;0;2;8;17;1
202300046937;155 597 262;7;1;0;3;26;0
202300046938;155 597 259;10;0;2;2;0;1
202300046938;155 597 260;33;0;2;8;11;1
202300046939;155 597 258;7;0;2;2;1;1
202300046939;155 597 261;7;6;2;3;1;1
202300046940;155 597 257;30;8;0;3;1;1
202300046941;155 597 255;33;0;0;0;1;1
202300046942;155 597 254;7;0;2;1;1;1
202300046942;155 597 256;7;0;2;8;5;1
202300046943;155 597 253;33;3;0;0;1;1
202300046944;155 597 250;10;0;0;2;10;1
202300046944;155 597 251;30;0;0;1;1;1
202300046945;155 597 248;7;0;2;1;1;1
202300046945;155 597 249;31;0;2;7;1;1
202300046946;155 597 247;2;6;0;0;0;1
202300046947;155 597 245;7;0;9;8;23;1
202300046947;155 597 246;80;0;2;2;17;3
202300046948;155 597 244;33;0;5;1;1;1
202300046949;155 597 243;7;2;0;1;1;1
202300046950;155 597 241;7;0;2;3;9;1
202300046950;155 597 242;1;0;2;1;1;5
202300046951;155 597 240;7;1;1;4;24;1
202300046952;155 597 238;7;0;2;3;9;1
202300046952;155 597 239;32;0;2;2;1;1
202300046953;155 597 236;10;0;2;1;1;1
202300046953;155 597 237;7;0;2;8;1;0
202300046954;155 597 235;33;14;0;1;1;1
202300046955;155 597 233;33;0;2;3;0;1
202300046955;155 597 234;33;0;2;3;0;1
202300046956;155 597 231;7;0;2;1;1;1
202300046956;155 597 232;7;0;2;1;0;1
202300046957;155 597 230;7;8;0;1;19;0
202300046958;155 597 227;7;0;9;1;15;1
202300046958;155 597 229;1;0;2;1;1;5
202300046959;155 597 226;7;0;2;1;17;1
202300046959;155 597 228;7;0;2;1;1;1
202300046960;155 597 223;7;0;2;2;1;1
202300046960;155 597 224;7;0;2;2;10;1
202300046961;155 597 222;7;0;0;3;19;0
202300046961;155 597 225;33;0;2;7;1;0
202300046962;155 597 220;7;13;0;3;1;1
202300046963;155 597 219;7;0;2;7;1;1
202300046963;155 597 221;1;0;2;8;1;5
202300046964;155 597 216;33;8;0;1;14;0
202300046965;155 597 215;7;0;2;5;19;1
202300046965;155 597 217;7;0;2;2;1;1
202300046966;155 597 213;33;13;0;0;13;1
202300046967;155 597 212;7;0;2;3;13;1
202300046967;155 597 214;33;0;2;1;1;1
202300046968;155 597 210;7;0;1;2;1;0
202300046969;155 597 209;7;3;0;1;1;1
202300046970;155 597 208;31;8;0;1;14;1
202300046971;155 597 207;7;0;0;2;1;1
202300046972;155 597 205;7;0;9;2;1;0
202300046972;155 597 206;50;0;2;1;5;3
202300046973;155 597 203;7;3;2;2;11;1
202300046973;155 597 204;17;0;2;6;1;1
202300046974;155 597 201;10;0;2;1;13;1
202300046974;155 597 202;7;0;0;1;1;1
202300046975;155 597 200;7;6;0;3;0;1
202300046976;155 597 199;33;3;0;7;14;1
202300046977;155 597 198;33;3;0;8;0;1
202300046978;155 597 196;7;2;2;9;16;1
202300046978;155 597 197;7;0;2;1;1;1
202300046979;155 597 195;7;13;0;2;14;0
202300046980;155 597 192;7;0;2;2;26;0
202300046980;155 597 194;-1;0;2;0;0;0
202300046981;155 597 191;33;0;0;0;1;1
202300046982;155 597 193;1;0;0;0;0;5
202300046983;155 597 189;7;0;0;3;13;1
202300046983;155 597 190;7;0;0;3;1;1
202300046984;155 597 187;10;2;0;1;13;1
202300046985;155 597 185;7;0;2;6;0;0
202300046985;155 597 186;7;12;0;5;26;0
202300046986;155 597 184;33;10;0;1;14;1
202300046987;155 597 183;33;3;0;3;9;1
202300046988;155 597 181;7;0;2;3;16;1
202300046988;155 597 182;80;0;2;2;1;3
202300046989;155 597 180;7;16;0;1;1;1
202300046990;155 597 179;7;2;0;1;0;1
202300046991;155 597 177;1;0;2;0;17;5
202300046991;155 597 178;10;0;9;6;16;1
202300046992;155 597 174;7;0;2;1;2;1
202300046992;155 597 175;7;0;2;4;2;1
202300046992;155 597 176;7;0;2;4;2;1
202300046993;155 597 172;1;0;2;1;1;5
202300046993;155 597 173;1;0;0;6;21;5
202300046994;155 597 170;33;0;2;3;1;1
202300046994;155 597 171;7;0;2;3;15;1
202300046995;155 597 167;7;0;2;1;23;3
202300046995;155 597 168;33;0;2;1;1;1
202300046995;155 597 169;7;0;2;7;19;1
202300046996;155 597 166;7;0;1;2;1;1
202300046997;155 597 164;7;0;2;2;15;1
202300046997;155 597 165;50;0;2;1;1;3
202300046998;155 597 163;1;0;0;0;1;5
202300046999;155 597 161;7;0;2;1;15;1
202300046999;155 597 162;1;0;2;1;1;5
202300047000;155 597 157;50;0;2;1;2;3
202300047000;155 597 158;50;0;2;4;17;3
202300047001;155 597 156;7;4;0;1;1;1
202300047002;155 597 154;7;0;2;2;15;0
202300047002;155 597 155;33;0;2;1;1;1
202300047003;155 597 152;15;4;9;1;13;1
202300047004;155 597 150;33;0;2;8;5;1
202300047004;155 597 151;7;0;2;3;5;1
202300047005;155 597 148;7;0;2;5;15;1
202300047005;155 597 149;31;0;2;1;1;1
202300047006;155 597 147;7;8;0;9;15;1
202300047007;155 597 145;7;0;2;1;1;1