Num_Acc;id_vehicule;catv;obs;obsm;choc;manv;motor
202300048418;155 594 634;7;0;2;1;13;1
202300048419;155 594 628;7;0;2;1;13;1
202300048419;155 594 631;1;0;2;8;1;5
202300048420;155 594 627;33;0;4;8;15;1
202300048420;155 594 630;40;0;2;7;1;3
202300048421;155 594 623;10;0;2;8;2;1
202300048421;155 594 626;33;4;2;7;2;1
202300048422;155 594 621;7;0;2;8;15;1
202300048422;155 594 624;33;0;2;0;17;1
202300048423;155 594 619;2;0;2;1;9;1
202300048423;155 594 622;7;0;2;8;1;1
202300048424;155 594 618;7;0;2;1;1;1
202300048424;155 594 620;2;0;2;2;1;1
202300048425;155 594 617;30;0;0;0;0;0
202300048426;155 594 616;7;0;1;1;1;1
202300048427;155 594 612;7;0;2;7;15;0
202300048427;155 594 615;7;0;2;1;1;0
202300048428;155 594 613;30;12;0;1;1;1
202300048429;155 594 610;7;0;2;2;13;1
202300048429;155 594 614;2;0;2;1;1;1
202300048430;155 594 607;7;1;2;2;1;1
202300048430;155 594 609;7;0;2;1;16;1
202300048431;155 594 608;7;6;2;0;1;1
202300048431;155 594 611;7;0;2;0;1;1
202300048432;155 594 601;1;0;2;0;0;0
202300048432;155 594 605;7;0;2;3;1;1
202300048433;155 594 598;7;0;1;7;1;1
202300048434;155 594 596;7;0;2;1;13;0
202300048434;155 594 600;7;0;2;1;1;0
202300048434;155 594 602;7;0;2;1;1;0
202300048434;155 594 604;7;0;2;6;1;0
202300048435;155 594 595;1;0;2;1;1;5
202300048435;155 594 599;7;0;2;3;1;1
202300048436;155 594 591;1;15;0;1;1;5
202300048436;155 594 594;7;0;9;8;22;1
202300048437;155 594 590;7;1;0;3;26;1
202300048437;155 594 593;33;0;2;1;26;1
202300048438;155 594 587;10;0;1;2;1;1
202300048439;155 594 588;1;0;2;3;0;5
202300048439;155 594 592;99;0;2;0;0;0
202300048440;155 594 585;7;0;2;1;15;1
202300048440;155 594 589;34;0;2;7;1;1
202300048441;155 594 583;10;2;2;1;1;1
202300048441;155 594 586;7;0;2;1;1;1
202300048442;155 594 581;7;0;2;1;2;1
202300048442;155 594 584;10;0;2;4;2;1
202300048443;155 594 578;7;2;0;8;17;1
202300048444;155 594 579;7;0;2;2;1;1
202300048444;155 594 582;10;0;2;1;1;1
202300048445;155 594 575;30;0;2;1;1;1
202300048445;155 594 577;10;0;2;1;1;1
202300048446;155 594 576;80;0;2;1;19;3
202300048446;155 594 580;7;0;2;0;1;1
202300048447;155 594 572;7;0;1;1;26;1
202300048448;155 594 571;7;0;2;2;2;1
202300048448;155 594 574;7;0;2;3;1;1
202300048449;155 594 570;7;14;9;2;16;1
202300048449;155 594 573;80;0;2;8;1;3
202300048450;155 594 568;7;0;2;5;0;1
202300048450;155 594 569;2;0;2;0;0;1
202300048451;155 594 565;7;0;1;1;19;1
202300048452;155 594 564;50;0;2;1;1;3
202300048452;155 594 567;10;0;2;2;19;1
202300048453;155 594 562;7;11;0;1;13;1
202300048454;155 594 563;50;0;0;0;0;3
202300048454;155 594 566;7;0;2;0;26;1
202300048455;155 594 560;7;0;1;3;19;1
202300048456;155 594 559;7;0;2;0;2;5
202300048456;155 594 561;7;0;2;6;2;1
202300048457;155 594 557;7;15;0;8;1;1
202300048458;155 594 555;1;0;2;1;9;5
202300048458;155 594 558;7;0;2;7;1;1
202300048459;155 594 553;30;0;0;0;0;3
202300048460;155 594 552;10;1;0;3;1;1
202300048461;155 594 554;1;0;2;7;19;5
202300048461;155 594 556;7;0;9;1;0;1
202300048462;155 594 550;33;0;0;0;1;1
202300048463;155 594 547;7;2;0;1;1;1
202300048464;155 594 546;60;0;2;1;2;5
202300048464;155 594 549;7;0;2;1;2;1
202300048465;155 594 548;7;0;1;3;15;1
202300048466;155 594 545;2;0;2;2;3;1
202300048466;155 594 551;2;0;2;1;1;1
202300048467;155 594 543;33;0;2;1;1;1
202300048468;155 594 541;34;0;2;1;12;1
202300048468;155 594 544;7;0;2;3;2;1
202300048469;155 594 540;7;0;2;4;23;0
202300048469;155 594 542;10;0;2;1;1;0
202300048470;155 594 539;7;0;1;7;26;1
202300048471;155 594 538;7;8;0;1;15;1
202300048472;155 594 535;7;0;2;5;15;1
202300048472;155 594 536;33;0;2;1;0;1
202300048473;155 594 533;33;0;2;1;1;1
202300048473;155 594 537;7;0;2;3;15;1
202300048474;155 594 530;7;0;2;3;15;1
202300048474;155 594 534;33;0;2;1;1;1
202300048475;155 594 528;7;0;2;3;10;1
202300048475;155 594 531;7;0;2;3;1;1
202300048476;155 594 529;20;0;2;2;0;1
202300048476;155 594 532;7;0;2;3;9;1
202300048477;155 594 527;50;16;0;0;1;3
202300048478;155 594 522;7;0;9;2;16;1
202300048478;155 594 525;50;0;2;1;0;3
202300048479;155 594 523;7;0;2;3;19;1
202300048479;155 594 526;33;0;2;2;1;1
202300048480;155 594 520;7;0;2;2;9;1
202300048480;155 594 524;1;0;2;1;1;0
202300048481;155 594 519;7;12;1;1;16;1
202300048482;155 594 518;7;0;2;3;19;1
202300048482;155 594 521;50;0;2;3;19;3
202300048483;155 594 515;36;0;1;1;1;3
202300048484;155 594 514;7;0;2;3;15;1
202300048484;155 594 517;2;0;2;2;23;1
202300048485;155 594 513;50;0;2;3;19;3
202300048485;155 594 516;7;0;2;3;1;0
202300048486;155 594 509;7;3;2;2;12;1
202300048486;155 594 511;7;0;2;6;1;1
202300048487;155 594 507;7;0;2;8;9;1
202300048487;155 594 512;1;0;2;1;1;5
202300048488;155 594 505;7;0;2;4;2;1
202300048488;155 594 508;30;0;2;1;2;1
202300048489;155 594 504;7;1;0;3;6;1
202300048490;155 594 506;7;0;2;7;15;1
202300048490;155 594 510;10;0;2;1;1;1
202300048491;155 594 497;7;0;2;2;9;1
202300048491;155 594 500;2;0;2;1;1;1
202300048492;155 594 499;33;0;2;1;2;1
202300048492;155 594 503;7;0;2;6;1;1
202300048493;155 594 496;7;0;2;1;1;1
202300048493;155 594 502;7;0;2;2;1;1
202300048494;155 594 495;50;0;2;1;5;3
202300048494;155 594 501;7;0;2;2;19;1
202300048495;155 594 494;10;0;9;3;15;1
202300048495;155 594 498;1;0;2;6;1;5
202300048496;155 594 492;2;13;0;1;1;1
202300048497;155 594 488;30;0;2;1;2;1
202300048497;155 594 493;7;0;2;4;1;1
202300048498;155 594 487;33;0;2;1;1;1
202300048498;155 594 489;17;0;2;2;15;1
202300048499;155 594 486;7;0;2;1;1;1
202300048499;155 594 491;80;0;2;7;1;3
202300048500;155 594 483;7;0;2;4;26;6
202300048500;155 594 485;7;0;2;4;26;6
202300048500;155 594 490;7;0;2;1;26;0
202300048501;155 594 481;7;0;2;1;2;1
202300048501;155 594 484;7;13;0;4;1;1
202300048502;155 594 478;33;0;2;2;1;1
202300048502;155 594 482;7;0;2;6;16;1
202300048503;155 594 477;31;0;2;8;1;1
202300048503;155 594 480;7;0;2;1;15;1
202300048504;155 594 474;7;0;2;5;2;1
202300048504;155 594 476;7;0;2;2;26;2
202300048505;155 594 473;7;0;2;1;1;0
202300048505;155 594 479;7;0;2;8;16;0
202300048506;155 594 471;7;0;2;3;1;1
202300048506;155 594 475;2;0;2;4;15;1
202300048507;155 594 470;13;16;0;9;1;1
202300048508;155 594 465;0;0;9;0;26;0
202300048508;155 594 467;1;0;2;0;26;5
202300048509;155 594 468;32;0;1;1;1;1
202300048510;155 594 464;7;0;2;3;13;1
202300048510;155 594 469;7;0;2;3;1;1
202300048510;155 594 472;7;5;2;8;1;1
202300048511;155 594 458;7;0;2;8;1;1
202300048511;155 594 462;7;0;2;8;1;1
202300048511;155 594 463;7;7;2;3;5;0
202300048511;155 594 466;10;0;2;8;1;1
202300048512;155 594 460;7;2;0;1;14;1
202300048513;155 594 457;7;0;2;4;23;1
202300048513;155 594 461;7;0;2;1;0;1
202300048514;155 594 459;7;0;1;1;1;1
202300048515;155 594 453;7;0;2;1;2;1
202300048515;155 594 456;7;0;2;4;1;1
202300048516;155 594 454;7;0;0;0;26;1
202300048517;155 594 451;7;0;2;1;15;1
202300048517;155 594 455;7;0;2;1;1;1
202300048518;155 594 450;3;2;1;1;1;1
202300048519;155 594 449;34;0;2;2;17;1
202300048519;155 594 452;7;0;2;3;15;1
202300048520;155 594 445;7;0;2;3;15;1
202300048520;155 594 448;2;0;2;3;1;1
202300048521;155 594 441;7;0;2;1;13;1
202300048521;155 594 444;7;0;2;1;0;1
202300048522;155 594 443;7;0;2;5;16;1
202300048522;155 594 446;30;0;2;1;1;1
202300048523;155 594 442;7;6;0;1;13;1
202300048524;155 594 440;32;0;2;8;1;1
202300048524;155 594 447;10;0;2;1;1;1
202300048525;155 594 434;33;0;0;7;1;1
202300048526;155 594 436;10;0;2;3;13;1
202300048526;155 594 439;7;0;2;3;1;1
202300048527;155 594 435;7;0;1;2;13;1
202300048528;155 594 433;30;0;0;6;2;1
202300048528;155 594 438;7;0;2;2;17;1
202300048529;155 594 431;7;0;2;8;22;0
202300048529;155 594 432;7;0;2;1;2;0
202300048529;155 594 437;1;0;2;2;1;5
202300048530;155 594 429;7;9;0;1;20;2
202300048531;155 594 426;10;0;2;1;1;1
202300048531;155 594 430;33;0;2;3;1;1
202300048532;155 594 423;7;0;2;1;1;1
202300048532;155 594 425;7;0;2;4;1;0
202300048533;155 594 422;7;0;2;7;1;1
202300048533;155 594 427;1;0;2;1;15;5
202300048534;155 594 424;7;0;2;3;1;1
202300048534;155 594 428;2;0;2;2;1;1
202300048535;155 594 421;7;0;1;1;20;1
202300048536;155 594 417;7;9;0;2;18;1
202300048537;155 594 415;7;0;2;1;2;1
202300048537;155 594 419;3;0;2;4;2;1
202300048538;155 594 416;7;0;2;4;23;2
202300048538;155 594 420;7;0;2;1;26;1
202300048539;155 594 414;17;0;2;3;1;1
202300048539;155 594 418;7;0;2;3;13;1
202300048540;155 594 412;7;13;0;3;13;1
202300048541;155 594 413;7;7;2;1;0;1
202300048542;155 594 409;7;2;0;2;21;1
202300048543;155 594 406;37;0;2;5;1;1
202300048543;155 594 411;10;0;2;1;16;1
202300048544;155 594 407;10;0;1;2;15;1
202300048545;155 594 405;7;0;2;3;1;1
202300048545;155 594 410;7;0;2;3;1;1
202300048546;155 594 404;10;1;2;1;2;1
202300048546;155 594 408;14;0;2;4;0;1
202300048547;155 594 401;7;13;0;1;13;1
202300048548;155 594 400;1;0;1;1;25;5
202300048549;155 594 397;7;0;2;4;21;1
202300048549;155 594 402;7;0;2;1;15;1
202300048550;155 594 396;7;0;2;3;1;1
202300048550;155 594 399;1;0;2;1;15;5
202300048551;155 594 388;2;0;2;1;2;1
202300048551;155 594 391;7;0;2;4;2;1
202300048552;155 594 387;7;0;2;1;13;1
202300048552;155 594 392;7;0;2;1;1;1
202300048552;155 594 395;10;0;2;3;21;1
202300048553;155 594 386;7;0;2;8;1;1
202300048553;155 594 393;10;0;2;2;15;3
202300048554;155 594 383;7;0;2;0;0;1
202300048554;155 594 385;7;0;2;0;26;1
202300048554;155 594 389;7;0;2;3;1;1
202300048554;155 594 398;7;0;2;0;0;1
202300048554;155 594 403;7;0;2;1;2;1
202300048555;155 594 382;7;0;2;1;1;1
202300048555;155 594 384;7;0;2;4;0;1
202300048555;155 594 390;7;0;2;4;1;1
202300048555;155 594 394;7;0;2;4;2;1
202300048556;155 594 381;7;0;1;1;1;1
202300048557;155 594 380;7;2;0;1;1;1
202300048558;155 594 378;10;0;2;2;1;1
202300048558;155 594 379;34;0;2;1;1;1
202300048559;155 594 374;33;0;2;8;1;1
202300048559;155 594 377;7;0;2;1;17;1
202300048560;155 594 375;35;1;0;1;14;1
202300048561;155 594 373;2;0;0;1;18;1
202300048562;155 594 372;7;0;2;2;19;2
202300048562;155 594 376;99;0;2;3;1;1
202300048563;155 594 371;1;0;1;4;17;5
202300048564;155 594 368;7;0;2;4;1;1
202300048564;155 594 370;2;0;2;2;1;1
202300048565;155 594 366;10;0;0;0;1;1
202300048566;155 594 365;7;1;0;1;1;1
202300048567;155 594 364;7;0;2;8;1;1
202300048567;155 594 367;7;0;2;3;1;1
202300048567;155 594 369;7;0;2;1;1;1
202300048568;155 594 361;7;0;2;3;9;1
202300048568;155 594 363;50;0;2;7;2;3
202300048569;155 594 360;7;2;0;3;0;1
202300048570;155 594 358;32;0;2;1;1;1
202300048570;155 594 362;7;0;2;1;15;1
202300048571;155 594 356;7;0;2;1;2;1
202300048571;155 594 359;7;0;2;4;23;1
202300048572;155 594 354;2;1;0;2;14;1
202300048573;155 594 353;31;0;2;1;5;1
202300048573;155 594 357;7;0;2;3;16;1
202300048574;155 594 351;7;0;1;1;1;1
202300048575;155 594 352;1;0;2;8;9;5
202300048575;155 594 355;7;0;2;1;1;1
202300048576;155 594 349;1;0;1;1;1;5
202300048577;155 594 348;33;0;2;2;17;1
202300048577;155 594 350;10;0;2;3;15;1
202300048578;155 594 346;7;13;0;3;0;1
202300048579;155 594 345;7;0;1;7;1;1
202300048580;155 594 344;3;0;2;2;1;3
202300048580;155 594 347;1;0;2;0;0;5
202300048581;155 594 342;7;0;1;3;2;1
202300048582;155 594 341;32;0;0;3;1;1
202300048583;155 594 340;7;0;2;1;1;1
202300048583;155 594 343;10;0;2;7;1;1
202300048584;155 594 337;10;0;2;7;21;1
202300048584;155 594 338;7;0;2;1;26;1
202300048585;155 594 335;31;13;0;0;13;1
202300048586;155 594 331;7;0;2;0;0;1
202300048586;155 594 334;35;0;2;4;26;3
202300048586;155 594 336;7;0;2;0;0;1
202300048587;155 594 330;17;0;2;1;0;1
202300048587;155 594 333;7;0;2;5;16;1
202300048588;155 594 332;50;0;0;0;1;3
202300048589;155 594 329;7;7;0;2;14;1
202300048590;155 594 328;33;7;0;1;1;1
202300048591;155 594 326;30;12;0;0;1;3
202300048592;155 594 327;7;0;1;2;16;0
202300048593;155 594 325;33;0;0;0;26;1
202300048594;155 594 324;7;0;1;3;1;0
202300048595;155 594 320;7;0;1;1;1;1
202300048596;155 594 321;33;0;0;0;1;1
202300048597;155 594 318;1;0;0;4;2;5
202300048597;155 594 322;7;0;9;4;9;1
202300048598;155 594 316;7;0;2;1;2;1
202300048598;155 594 317;7;0;0;4;1;1
202300048598;155 594 319;7;0;2;4;2;1
202300048598;155 594 323;10;0;2;1;2;1
202300048599;155 594 314;1;0;2;2;1;5
202300048599;155 594 315;7;0;2;3;11;1
202300048600;155 594 311;30;0;2;8;1;1
202300048600;155 594 313;7;0;2;7;17;1
202300048601;155 594 309;31;0;2;1;3;1
202300048601;155 594 310;7;0;2;2;12;1
202300048602;155 594 306;7;0;2;1;1;1
202300048602;155 594 312;7;0;2;1;13;1
202300048603;155 594 307;7;14;0;1;1;1
202300048604;155 594 301;33;0;2;1;2;1
202300048604;155 594 303;7;0;2;4;23;1
202300048605;155 594 302;7;15;0;3;1;0
202300048606;155 594 299;7;0;2;3;1;1
202300048606;155 594 300;31;0;2;2;17;1
202300048607;155 594 297;37;0;2;1;1;1
202300048607;155 594 304;37;0;2;4;23;1
202300048608;155 594 295;7;9;0;3;1;1
202300048609;155 594 296;7;13;0;0;14;1
202300048610;155 594 291;33;0;2;2;17;1
202300048610;155 594 293;7;0;2;3;15;1
202300048611;155 594 290;7;6;0;1;1;1
202300048612;155 594 292;33;0;2;4;16;1
202300048612;155 594 294;7;0;2;1;1;1
202300048613;155 594 286;2;0;2;1;13;6
202300048613;155 594 288;2;0;2;1;0;1
202300048614;155 594 287;7;0;2;2;1;1
202300048614;155 594 289;33;0;2;1;15;1
202300048615;155 594 281;34;0;2;3;0;1
202300048615;155 594 284;7;0;2;6;10;1
202300048616;155 594 282;7;0;2;3;17;0
202300048616;155 594 285;7;0;2;5;2;0
202300048617;155 594 277;7;0;2;8;9;1
202300048617;155 594 283;30;0;2;2;1;3
202300048618;155 594 279;33;0;0;8;21;1
202300048618;155 594 280;7;0;2;3;15;1
202300048619;155 594 276;37;0;2;5;21;2
202300048619;155 594 278;50;0;2;3;13;3
202300048620;155 594 273;7;0;2;1;2;1
202300048620;155 594 274;33;0;2;4;2;1
202300048621;155 594 271;33;0;0;0;0;1
202300048621;155 594 275;7;0;0;0;13;1
202300048622;155 594 268;30;0;2;3;15;3
202300048622;155 594 272;34;0;2;1;1;1
202300048623;155 594 267;30;0;2;1;1;1
202300048623;155 594 270;7;0;2;1;15;1
202300048624;155 594 263;7;0;5;1;2;1
202300048624;155 594 265;7;0;2;1;2;1
202300048625;155 594 259;7;3;2;0;2;1
202300048625;155 594 266;10;3;2;1;2;0
202300048625;155 594 269;7;0;9;1;2;0
202300048626;155 594 257;15;3;2;2;12;1
202300048626;155 594 261;10;3;2;3;1;1
202300048627;155 594 258;7;0;2;7;1;1
202300048627;155 594 264;1;0;2;1;25;5
202300048628;155 594 256;7;0;1;1;1;0
202300048629;155 594 260;7;1;0;5;22;2
202300048629;155 594 262;33;1;0;1;18;1
202300048630;155 594 253;7;1;0;2;1;1
202300048631;155 594 254;7;0;2;1;1;1
202300048631;155 594 255;7;0;2;4;1;1
202300048632;155 594 252;50;2;1;5;21;3
202300048633;155 594 251;10;0;1;4;25;1
202300048634;155 594 246;50;0;1;1;1;3
202300048635;155 594 247;7;0;2;3;13;0
202300048635;155 594 250;15;0;2;8;1;0
202300048636;155 594 245;30;0;2;1;17;1
202300048636;155 594 248;7;0;2;1;9;1
202300048637;155 594 239;7;0;2;4;1;1
202300048637;155 594 243;7;0;2;4;1;1
202300048637;155 594 244;7;0;2;3;21;2
202300048637;155 594 249;7;0;2;5;1;1
202300048638;155 594 240;3;2;0;1;26;1
202300048639;155 594 238;50;0;2;1;2;3
202300048639;155 594 242;1;0;2;4;23;5
202300048640;155 594 237;7;0;2;2;13;1
202300048640;155 594 241;7;0;2;2;21;1
202300048641;155 594 235;7;1;0;2;2;1
202300048642;155 594 233;31;0;1;2;17;1
202300048643;155 594 231;33;0;2;1;2;1
202300048643;155 594 234;10;0;2;4;2;1
202300048644;155 594 230;7;0;2;6;23;1
202300048644;155 594 232;7;0;2;5;2;1
202300048644;155 594 236;33;0;2;1;1;1
202300048645;155 594 229;7;2;0;1;1;1
202300048646;155 594 228;30;12;0;1;13;1
202300048647;155 594 224;7;0;2;7;15;1
202300048647;155 594 227;1;0;2;1;1;5
202300048648;155 594 225;32;0;1;1;1;0
202300048649;155 594 222;33;0;2;1;2;1
202300048649;155 594 223;7;0;2;5;2;1
202300048649;155 594 226;7;0;2;4;2;1
202300048650;155 594 221;1;0;1;1;13;5
202300048651;155 594 218;7;0;2;8;11;1
202300048651;155 594 220;33;0;2;7;1;1
202300048652;155 594 214;50;0;2;1;1;3
202300048652;155 594 217;1;0;2;1;1;5
202300048653;155 594 213;1;0;2;8;1;5
202300048653;155 594 215;14;0;2;7;14;1
202300048654;155 594 212;80;0;1;7;1;3
202300048655;155 594 211;7;0;2;1;26;0
202300048655;155 594 216;15;0;2;1;23;0
202300048655;155 594 219;7;1;2;2;15;0
202300048656;155 594 209;1;0;0;0;21;5
202300048657;155 594 208;34;0;1;2;18;1
202300048658;155 594 206;7;0;1;1;1;1
202300048659;155 594 207;14;0;2;7;16;1
202300048659;155 594 210;80;0;2;1;1;3
202300048660;155 594 205;32;0;0;0;3;1
202300048661;155 594 202;30;0;2;3;2;1
202300048661;155 594 204;7;0;2;2;2;1
202300048662;155 594 198;7;0;2;1;2;1
202300048662;155 594 201;7;0;2;4;2;1
202300048663;155 594 200;7;0;2;4;23;2
202300048663;155 594 203;33;0;2;1;1;1
202300048664;155 594 197;33;0;2;1;1;1
202300048664;155 594 199;7;0;2;6;1;1
202300048665;155 594 194;2;0;2;1;1;1
202300048665;155 594 196;7;0;2;1;13;0
202300048666;155 594 195;7;0;1;7;1;1
202300048667;155 594 191;7;13;0;1;13;1
202300048668;155 594 190;7;0;2;5;2;2
202300048668;155 594 192;7;0;2;3;2;2
202300048668;155 594 193;7;0;2;6;23;2
202300048669;155 594 187;1;0;2;1;13;5
202300048669;155 594 189;1;0;2;1;13;5
202300048670;155 594 184;7;0;2;8;2;1
202300048670;155 594 186;32;0;2;4;3;3
202300048671;155 594 185;7;0;2;3;10;1
202300048671;155 594 188;32;0;2;1;1;1
202300048672;155 594 183;7;0;1;3;1;2
202300048673;155 594 181;7;12;0;1;15;1
202300048674;155 594 177;33;0;2;1;1;1
202300048674;155 594 182;7;0;2;5;1;1
202300048675;155 594 178;32;0;2;1;2;1
202300048675;155 594 180;7;0;2;4;2;1
202300048676;155 594 176;7;0;2;7;1;1
202300048676;155 594 179;7;0;2;1;1;2
202300048677;155 594 171;7;0;2;4;23;1
202300048677;155 594 175;7;0;2;1;1;1
202300048678;155 594 169;10;0;2;3;9;1
202300048678;155 594 172;33;0;2;2;1;1
202300048679;155 594 168;7;0;2;8;1;1
202300048679;155 594 174;7;0;2;1;1;1
202300048680;155 594 170;7;0;2;3;24;2
202300048680;155 594 173;30;1;0;3;18;1
202300048681;155 594 165;1;0;2;1;17;5
202300048681;155 594 167;1;0;2;1;17;5
202300048682;155 594 161;30;0;2;3;18;1
202300048682;155 594 164;7;0;2;5;18;1
202300048683;155 594 162;33;0;2;3;17;1
202300048683;155 594 166;7;0;2;2;1;1
202300048684;155 594 163;10;0;1;1;15;1
202300048685;155 594 160;80;14;0;3;2;3
202300048686;155 594 156;14;0;2;4;1;0
202300048686;155 594 158;31;0;2;1;1;1
202300048687;155 594 157;33;0;2;1;21;1
202300048687;155 594 159;31;0;2;4;21;1
202300048688;155 594 155;1;8;0;1;1;5
202300048689;155 594 153;50;0;2;1;1;3
202300048689;155 594 154;80;0;2;1;1;3
202300048690;155 594 152;2;14;0;1;1;3
202300048691;155 594 151;30;0;1;2;17;1
202300048692;155 594 149;50;0;2;7;1;3
202300048692;155 594 150;10;0;2;3;15;1
202300048693;155 594 148;7;0;1;1;15;3
202300048694;155 594 147;10;14;0;1;21;1
202300048695;155 594 146;1;0;0;0;2;5
202300048696;155 594 142;1;0;2;2;1;5
202300048696;155 594 143;10;0;2;3;22;1
202300048697;155 594 141;1;0;2;1;1;5
202300048697;155 594 145;1;0;2;8;1;5
202300048698;155 594 139;7;0;2;7;7;1
202300048698;155 594 144;10;0;2;1;7;3
202300048699;155 594 137;7;1;1;2;1;1
202300048700;155 594 136;43;0;1;1;1;1
202300048701;155 594 132;7;0;2;8;15;1
202300048701;155 594 135;33;0;2;1;7;3
202300048702;155 594 131;7;0;2;1;2;1
202300048702;155 594 134;10;14;0;4;2;1
202300048703;155 594 129;30;0;2;1;1;1
202300048703;155 594 133;7;0;2;2;1;1
202300048704;155 594 128;7;0;2;1;1;1
202300048704;155 594 130;7;0;2;1;1;1
202300048705;155 594 126;32;0;1;1;1;1
202300048706;155 594 125;10;0;2;1;15;1
202300048706;155 594 127;33;0;2;1;1;1
202300048707;155 594 120;7;0;2;3;9;1
202300048707;155 594 122;2;0;2;1;3;1
202300048708;155 594 121;7;0;2;2;15;2
202300048708;155 594 124;1;0;2;0;1;5
202300048709;155 594 119;7;0;2;3;1;1
202300048709;155 594 123;30;0;2;2;15;3
202300048710;155 594 118;50;0;1;1;15;3
202300048711;155 594 117;34;9;1;1;1;1
202300048712;155 594 114;10;0;1;5;20;1
202300048713;155 594 115;80;0;1;1;1;3
202300048714;155 594 113;32;0;2;2;1;1
202300048714;155 594 116;7;0;2;3;16;2
202300048715;155 594 110;7;0;2;3;5;1
202300048715;155 594 112;7;0;2;3;1;1
202300048716;155 594 107;7;0;2;1;21;1
202300048716;155 594 111;7;0;2;4;2;1
202300048717;155 594 108;30;0;0;0;1;3
202300048718;155 594 106;7;0;2;3;15;1
202300048718;155 594 109;33;0;2;1;1;1
202300048719;155 594 103;1;0;2;1;1;5
202300048719;155 594 105;7;0;2;3;15;1
202300048720;155 594 102;1;12;0;2;14;5
202300048721;155 594 100;43;0;2;1;2;1
202300048721;155 594 104;10;0;2;5;2;1
202300048722;155 594 101;30;0;0;8;1;3
202300048723;155 594 097;50;0;2;1;16;3
202300048723;155 594 099;7;0;2;2;1;1
202300048724;155 594 093;1;0;2;4;2;5
202300048724;155 594 096;7;0;2;1;0;1
202300048725;155 594 094;7;0;2;4;2;1
202300048725;155 594 098;31;0;2;1;2;1
202300048726;155 594 092;50;0;2;1;1;3
202300048726;155 594 095;7;0;9;3;9;3
202300048727;155 594 091;7;0;1;1;15;1
202300048728;155 594 090;7;0;1;3;0;1
202300048729;155 594 088;7;0;1;1;19;0
202300048730;155 594 082;7;0;2;2;2;1
202300048730;155 594 085;7;0;2;3;10;1
202300048731;155 594 083;7;1;2;7;1;1
202300048731;155 594 086;50;1;2;3;14;3
202300048732;155 594 084;7;0;2;3;15;1
202300048732;155 594 087;7;0;2;2;1;2
202300048732;155 594 089;30;0;2;3;1;1
202300048733;155 594 080;10;0;2;3;26;1
202300048733;155 594 081;33;0;2;1;0;1
202300048734;155 594 078;7;0;1;4;20;1
202300048735;155 594 077;7;0;1;4;20;1
202300048736;155 594 076;7;0;2;3;2;1
202300048736;155 594 079;30;0;2;1;15;1
202300048737;155 594 070;7;0;2;1;17;0
202300048737;155 594 074;80;0;2;4;1;3
202300048738;155 594 073;30;0;2;0;26;1
202300048738;155 594 075;7;0;2;6;26;0
202300048739;155 594 068;0;0;0;0;0;0
202300048739;155 594 071;7;0;9;6;23;3
202300048740;155 594 069;30;0;2;1;2;0
202300048740;155 594 072;33;0;2;4;2;0
202300048741;155 594 066;30;11;0;3;17;1
202300048742;155 594 063;7;0;2;1;14;1
202300048742;155 594 067;33;0;2;8;1;1
202300048743;155 594 062;33;0;2;8;1;1
202300048743;155 594 064;7;0;2;2;0;3
202300048744;155 594 061;10;0;2;7;15;1
202300048744;155 594 065;33;0;2;1;1;1
202300048745;155 594 060;31;0;0;1;0;1
202300048746;155 594 059;7;0;1;1;1;0
202300048747;155 594 056;2;0;0;1;1;1
202300048748;155 594 055;50;0;2;1;25;3
202300048748;155 594 058;7;0;2;5;16;2
202300048749;155 594 053;7;0;2;2;15;1
202300048749;155 594 057;7;0;2;3;1;1
202300048750;155 594 052;1;0;2;6;1;5
202300048750;155 594 054;7;0;2;2;17;0
202300048751;155 594 051;7;0;1;3;1;1
202300048752;155 594 047;37;0;0;6;23;1
202300048752;155 594 050;7;0;2;2;1;1
202300048753;155 594 045;3;0;2;1;10;1
202300048753;155 594 048;2;0;2;1;1;1
202300048754;155 594 046;7;0;2;7;16;1
202300048754;155 594 049;37;0;2;3;7;1
202300048755;155 594 041;7;0;2;1;16;3
202300048755;155 594 044;7;0;2;3;1;1
202300048756;155 594 040;10;0;0;3;23;1
202300048756;155 594 042;1;1;0;1;1;5
202300048757;155 594 038;10;-1;-1;-1;-1;-1
202300048757;155 594 043;10;-1;-1;-1;-1;-1
202300048758;155 594 036;7;15;2;8;26;1
202300048758;155 594 039;14;0;2;7;26;1
202300048759;155 594 034;7;0;2;3;26;1
202300048759;155 594 037;33;0;2;1;1;1
202300048760;155 594 033;7;0;2;1;1;1
202300048760;155 594 035;37;0;2;3;1;1
202300048761;155 594 029;7;0;2;2;0;0
202300048761;155 594 031;50;0;2;1;1;3
202300048762;155 594 028;7;0;2;3;15;1
202300048762;155 594 032;7;0;2;1;16;1
202300048763;155 594 027;7;0;2;3;1;1
202300048763;155 594 030;33;0;2;1;1;1
202300048764;155 594 025;7;0;2;3;2;1
202300048764;155 594 026;31;0;2;4;2;3
202300048765;155 594 022;33;0;2;3;1;1
202300048765;155 594 024;7;0;2;7;14;1
202300048766;155 594 020;10;0;2;2;9;1
202300048766;155 594 023;33;0;2;3;2;1