Num_Acc;id_vehicule;catv;obs;obsm;choc;manv;motor
202300049134;155 593 390;33;0;2;1;2;1
202300049134;155 593 391;10;0;2;8;15;1
202300049135;155 593 388;33;0;2;8;15;1
202300049135;155 593 389;30;0;2;1;1;1
202300049136;155 593 386;30;0;2;1;2;1
202300049136;155 593 387;7;0;2;4;2;3
202300049137;155 593 384;7;0;2;1;26;0
202300049137;155 593 385;7;8;2;7;26;1
202300049138;155 593 383;7;0;1;2;1;0
202300049139;155 593 382;7;6;0;1;13;1
202300049140;155 593 380;7;0;2;6;11;2
202300049140;155 593 381;10;0;2;2;2;1
202300049141;155 593 379;7;0;2;1;0;0
202300049142;155 593 377;0;0;2;0;0;-1
202300049142;155 593 378;2;0;2;7;0;1
202300049143;155 593 375;30;0;0;7;16;1
202300049143;155 593 376;0;0;0;0;0;0
202300049144;155 593 374;10;0;1;0;15;0
202300049145;155 593 373;30;12;0;2;14;1
202300049146;155 593 372;80;0;0;0;1;3
202300049147;155 593 370;7;0;2;1;13;1
202300049147;155 593 371;7;0;2;3;1;1
202300049148;155 593 368;7;0;2;1;13;1
202300049148;155 593 369;7;0;2;3;1;1
202300049149;155 593 366;7;0;2;7;13;1
202300049149;155 593 367;10;0;2;1;1;1
202300049150;155 593 364;7;0;2;1;2;1
202300049150;155 593 365;7;0;2;4;2;1
202300049151;155 593 363;7;2;0;1;14;1
202300049152;155 593 362;7;13;0;2;14;1
202300049153;155 593 360;7;0;2;3;1;1
202300049153;155 593 361;7;0;2;2;13;1
202300049154;155 593 359;7;4;0;2;1;0
202300049155;155 593 357;7;0;2;6;1;1
202300049155;155 593 358;7;0;2;1;5;1
202300049156;155 593 356;36;6;0;2;14;1
202300049157;155 593 355;31;12;0;1;21;1
202300049158;155 593 353;7;0;2;1;13;1
202300049158;155 593 354;7;0;2;1;13;1
202300049159;155 593 352;7;6;0;2;0;1
202300049160;155 593 350;7;0;2;3;13;1
202300049160;155 593 351;7;0;2;3;1;1
202300049161;155 593 348;10;0;0;6;1;1
202300049161;155 593 349;7;0;2;2;1;1
202300049162;155 593 346;7;0;9;3;9;1
202300049162;155 593 347;80;0;2;1;9;3
202300049163;155 593 343;7;0;1;2;1;1
202300049164;155 593 341;7;0;2;3;13;1
202300049164;155 593 342;31;0;2;1;21;1
202300049165;155 593 340;7;0;1;1;1;1
202300049166;155 593 339;7;15;0;1;1;0
202300049167;155 593 338;7;8;6;8;1;1
202300049168;155 593 337;80;0;0;0;1;3
202300049169;155 593 335;33;0;2;1;1;1
202300049169;155 593 336;7;0;2;6;15;1
202300049170;155 593 334;33;0;0;8;1;1
202300049171;155 593 333;7;0;1;3;1;1
202300049172;155 593 331;7;3;2;7;5;1
202300049172;155 593 332;7;0;2;1;5;1
202300049173;155 593 330;7;13;0;2;1;1
202300049174;155 593 329;14;13;9;3;15;1
202300049175;155 593 328;10;0;1;4;4;1
202300049176;155 593 326;7;0;1;1;1;1
202300049177;155 593 324;7;0;9;2;1;1
202300049178;155 593 323;7;0;2;3;15;1
202300049178;155 593 325;34;0;2;3;6;1
202300049179;155 593 317;20;0;0;0;1;1
202300049180;155 593 316;7;0;2;3;1;1
202300049180;155 593 318;7;0;2;1;0;0
202300049180;155 593 319;7;0;2;1;1;1
202300049180;155 593 321;7;0;2;1;1;1
202300049181;155 593 313;7;0;2;3;16;1
202300049181;155 593 315;50;0;2;7;9;3
202300049182;155 593 312;7;0;0;0;1;1
202300049183;155 593 311;10;0;1;4;4;1
202300049184;155 593 308;7;0;2;1;0;-1
202300049184;155 593 310;50;0;2;1;0;3
202300049185;155 593 305;33;0;1;1;0;1
202300049186;155 593 304;7;0;2;3;1;1
202300049186;155 593 306;10;0;2;2;19;1
202300049187;155 593 302;7;0;2;5;1;0
202300049187;155 593 303;7;0;2;1;2;0
202300049188;155 593 300;7;6;2;1;1;1
202300049188;155 593 301;7;6;2;3;1;1
202300049189;155 593 298;7;0;2;4;2;1
202300049189;155 593 299;7;0;2;1;2;1
202300049190;155 593 296;7;0;2;1;1;1
202300049190;155 593 297;10;0;2;4;1;1
202300049191;155 593 295;7;0;1;8;15;1
202300049192;155 593 293;7;12;0;1;1;1
202300049193;155 593 291;31;0;2;1;13;1
202300049193;155 593 292;33;0;2;1;1;1
202300049194;155 593 290;7;0;1;1;0;1
202300049195;155 593 289;7;0;1;1;0;1
202300049196;155 593 287;7;0;2;3;9;1
202300049196;155 593 288;36;0;2;2;2;1
202300049197;155 593 286;7;0;1;1;1;1
202300049198;155 593 285;7;0;2;5;26;1
202300049199;155 593 284;32;3;0;1;0;1
202300049200;155 593 283;7;3;2;0;17;2
202300049201;155 593 278;7;0;0;0;0;0
202300049202;155 593 275;7;0;2;0;0;0
202300049202;155 593 276;7;0;2;0;0;0
202300049202;155 593 280;7;0;2;4;1;0
202300049202;155 593 281;7;0;2;1;1;0
202300049202;155 593 282;7;0;2;4;1;0
202300049203;155 593 273;7;3;2;9;1;1
202300049203;155 593 277;15;0;2;8;1;1
202300049203;155 593 279;7;0;2;1;1;1
202300049204;155 593 272;2;0;2;1;2;1
202300049204;155 593 274;10;0;0;4;2;1
202300049205;155 593 269;7;0;2;2;26;1
202300049205;155 593 271;7;0;2;3;0;1
202300049206;155 593 267;7;0;2;3;2;3
202300049206;155 593 268;7;4;2;9;1;1
202300049207;155 593 266;13;0;0;7;21;2
202300049207;155 593 270;7;0;0;0;17;1
202300049208;155 593 264;7;0;2;2;2;1
202300049208;155 593 265;7;1;2;3;18;1
202300049209;155 593 260;7;3;0;1;14;1
202300049209;155 593 263;10;0;0;0;2;1
202300049210;155 593 258;7;0;0;9;1;1
202300049210;155 593 259;7;0;0;0;15;1
202300049211;155 593 256;7;0;2;1;9;1
202300049211;155 593 257;7;0;2;1;0;1
202300049211;155 593 261;7;0;2;4;2;0
202300049212;155 593 254;7;1;2;8;14;0
202300049212;155 593 255;10;0;2;4;0;0
202300049213;155 593 252;7;0;1;1;0;1
202300049214;155 593 251;7;0;2;1;1;3
202300049214;155 593 253;7;0;2;1;17;1
202300049215;155 593 250;7;4;0;1;2;1
202300049216;155 593 249;7;0;1;2;17;0
202300049217;155 593 246;7;0;1;5;23;1
202300049217;155 593 248;7;0;2;1;1;1
202300049218;155 593 243;10;0;2;8;1;1
202300049218;155 593 245;7;0;2;7;12;1
202300049218;155 593 247;14;0;2;3;1;1
202300049219;155 593 242;7;0;2;3;13;1
202300049219;155 593 244;14;0;2;6;1;1
202300049220;155 593 241;7;15;0;1;1;1
202300049221;155 593 238;7;13;0;2;1;1
202300049222;155 593 236;7;0;2;4;2;1
202300049222;155 593 239;10;0;2;1;2;1
202300049223;155 593 237;7;0;2;7;16;1
202300049223;155 593 240;33;0;2;1;1;1
202300049224;155 593 233;7;0;0;0;0;1
202300049224;155 593 235;30;0;0;0;0;1
202300049225;155 593 232;7;4;0;1;16;1
202300049226;155 593 231;1;0;2;3;1;5
202300049226;155 593 234;10;0;2;7;16;1
202300049227;155 593 229;7;0;1;3;1;1
202300049228;155 593 224;10;0;2;3;1;1
202300049228;155 593 227;33;0;2;1;17;1
202300049229;155 593 226;7;0;2;7;1;1
202300049229;155 593 230;10;0;2;1;1;1
202300049230;155 593 223;7;0;2;3;15;1
202300049230;155 593 225;30;0;2;1;1;1
202300049231;155 593 221;2;12;0;1;26;1
202300049232;155 593 219;7;0;1;1;1;1
202300049233;155 593 218;7;0;2;1;0;1
202300049233;155 593 220;7;0;2;4;0;1
202300049233;155 593 222;7;0;2;4;0;1
202300049233;155 593 228;7;0;2;4;0;1
202300049234;155 593 216;7;0;2;1;1;1
202300049234;155 593 217;7;0;2;1;1;1
202300049235;155 593 212;33;0;2;1;13;1
202300049235;155 593 215;99;0;2;1;1;1
202300049236;155 593 213;7;0;2;1;15;1
202300049236;155 593 214;31;0;2;1;1;1
202300049237;155 593 210;17;0;2;3;11;1
202300049237;155 593 211;7;0;2;5;0;1
202300049238;155 593 209;7;0;1;3;17;1
202300049239;155 593 206;7;0;2;5;15;1
202300049239;155 593 207;33;0;2;1;1;1
202300049240;155 593 204;2;0;2;2;17;1
202300049240;155 593 205;99;0;2;3;15;1
202300049241;155 593 202;10;0;2;4;1;1
202300049241;155 593 208;33;0;2;1;1;1
202300049242;155 593 200;7;2;0;0;0;1
202300049243;155 593 199;7;0;2;4;1;1
202300049243;155 593 203;7;0;2;1;1;1
202300049244;155 593 198;50;0;2;1;1;3
202300049244;155 593 201;7;0;2;3;9;1
202300049245;155 593 196;7;8;0;0;15;1
202300049246;155 593 194;7;0;2;3;13;1
202300049246;155 593 197;7;0;2;3;1;1
202300049247;155 593 193;7;0;2;3;13;1
202300049247;155 593 195;7;0;2;3;1;1
202300049248;155 593 192;7;3;0;1;1;1
202300049249;155 593 189;7;0;2;1;5;1
202300049249;155 593 190;10;0;2;1;1;1
202300049250;155 593 184;31;0;2;1;1;1
202300049250;155 593 188;2;0;2;1;3;1
202300049251;155 593 185;7;4;0;3;1;1
202300049252;155 593 182;7;0;2;3;13;1
202300049252;155 593 187;33;0;2;1;1;1
202300049253;155 593 181;7;0;2;0;0;1
202300049253;155 593 183;7;0;2;3;0;1
202300049253;155 593 186;7;0;2;1;15;1
202300049254;155 593 180;33;0;0;1;1;1
202300049255;155 593 179;33;6;0;1;13;1
202300049256;155 593 175;7;3;2;3;17;1
202300049256;155 593 178;7;0;2;7;1;1
202300049257;155 593 169;7;0;2;3;1;6
202300049257;155 593 173;7;0;2;2;15;0
202300049258;155 593 166;7;3;2;2;1;1
202300049258;155 593 168;7;0;2;4;1;1
202300049259;155 593 170;7;0;2;2;15;1
202300049259;155 593 176;31;0;2;1;1;1
202300049260;155 593 163;7;0;2;2;9;1
202300049260;155 593 165;2;0;2;7;23;1
202300049261;155 593 164;7;0;2;1;2;0
202300049261;155 593 167;7;0;2;4;2;1
202300049261;155 593 171;7;0;2;1;2;1
202300049261;155 593 174;7;0;2;4;2;1
202300049262;155 593 158;37;0;1;3;1;1
202300049263;155 593 160;7;0;0;1;1;0
202300049263;155 593 162;10;8;0;6;19;0
202300049264;155 593 159;1;0;2;1;0;5
202300049264;155 593 161;7;0;0;6;16;2
202300049265;155 593 154;7;0;2;4;1;1
202300049265;155 593 156;7;0;2;1;2;1
202300049265;155 593 157;7;0;2;1;2;1
202300049266;155 593 151;7;0;2;1;13;1
202300049266;155 593 155;7;0;2;1;1;1
202300049267;155 593 150;7;0;2;3;1;1
202300049267;155 593 153;7;0;2;1;0;1
202300049268;155 593 149;2;0;2;1;1;1
202300049268;155 593 152;10;0;2;1;23;3
202300049269;155 593 148;7;7;0;1;13;1
202300049270;155 593 145;7;0;2;5;2;1
202300049270;155 593 147;33;0;2;1;2;1
202300049271;155 593 143;15;0;2;3;1;0
202300049271;155 593 144;10;0;2;3;13;0
202300049272;155 593 141;7;0;2;2;15;1
202300049272;155 593 146;2;0;2;1;1;1
202300049273;155 593 140;7;0;1;1;1;1
202300049274;155 593 139;33;0;0;0;1;0
202300049275;155 593 134;10;0;0;0;0;1
202300049275;155 593 138;1;0;2;4;1;5
202300049276;155 593 135;7;0;2;1;0;1
202300049276;155 593 137;7;0;2;4;0;1
202300049277;155 593 133;7;0;1;2;1;1
202300049278;155 593 132;10;0;2;1;1;1
202300049278;155 593 136;15;0;0;6;1;1
202300049279;155 593 129;33;13;0;1;1;1
202300049280;155 593 127;38;0;2;4;23;1
202300049280;155 593 130;7;0;2;1;2;1
202300049281;155 593 126;10;0;2;8;19;1
202300049281;155 593 131;7;0;2;1;1;1
202300049282;155 593 124;7;0;2;2;26;1
202300049282;155 593 128;7;16;0;9;13;1
202300049283;155 593 123;7;3;2;2;1;1
202300049283;155 593 125;7;3;2;8;1;1
202300049284;155 593 119;7;0;2;3;1;1
202300049284;155 593 122;7;0;0;4;15;1
202300049285;155 593 117;7;0;2;6;1;1
202300049285;155 593 121;33;0;0;7;1;1
202300049286;155 593 115;7;0;2;8;11;2
202300049286;155 593 118;33;0;2;2;3;1
202300049287;155 593 114;10;13;2;7;1;1
202300049287;155 593 120;7;0;2;3;19;1
202300049288;155 593 113;7;0;2;3;15;1
202300049288;155 593 116;2;0;2;3;1;1
202300049289;155 593 112;30;0;0;0;1;0
202300049290;155 593 106;32;0;2;1;2;1
202300049290;155 593 109;7;0;2;4;2;1
202300049291;155 593 107;0;0;0;0;1;0
202300049292;155 593 105;33;11;0;1;1;1
202300049293;155 593 103;7;0;2;1;1;1
202300049293;155 593 110;7;0;2;1;1;1
202300049294;155 593 104;7;0;2;1;1;1
202300049294;155 593 108;7;0;2;5;1;1
202300049294;155 593 111;10;0;2;4;1;1
202300049295;155 593 102;30;12;0;1;1;1
202300049296;155 593 100;15;4;0;3;6;0
202300049297;155 593 101;7;4;0;2;14;1
202300049298;155 593 098;7;0;2;7;2;1
202300049298;155 593 099;1;16;0;8;2;5
202300049299;155 593 096;30;0;0;0;1;1
202300049300;155 593 092;33;0;2;1;1;1
202300049300;155 593 095;7;0;2;6;9;1
202300049301;155 593 093;7;0;2;1;1;1
202300049301;155 593 097;7;0;2;4;1;1
202300049302;155 593 088;50;0;2;1;1;3
202300049302;155 593 090;7;0;2;3;15;1
202300049303;155 593 091;1;0;2;3;1;5
202300049303;155 593 094;7;0;2;1;1;1
202300049304;155 593 087;33;13;0;0;0;1
202300049305;155 593 086;10;8;0;6;23;1
202300049305;155 593 089;7;0;2;1;2;1
202300049306;155 593 084;7;4;2;7;2;1
202300049306;155 593 085;33;4;2;8;3;1
202300049307;155 593 082;33;5;0;2;14;1
202300049308;155 593 083;37;0;1;5;1;1
202300049309;155 593 080;37;0;2;0;15;1
202300049310;155 593 079;21;0;2;0;1;1
202300049310;155 593 081;7;0;2;1;1;1
202300049311;155 593 078;7;6;0;1;0;1
202300049312;155 593 075;7;8;0;3;1;1
202300049313;155 593 077;7;4;0;6;26;1
202300049314;155 593 076;34;1;0;1;13;1
202300049315;155 593 073;7;0;2;5;15;1
202300049315;155 593 074;33;0;2;1;1;1
202300049316;155 593 071;80;0;1;2;5;3
202300049317;155 593 070;7;0;2;3;13;1
202300049317;155 593 072;7;0;2;3;1;3
202300049318;155 593 069;7;0;1;1;1;1
202300049319;155 593 066;7;0;2;1;1;1
202300049319;155 593 067;7;0;2;1;17;1
202300049320;155 593 063;7;1;0;2;2;1
202300049321;155 593 064;7;0;2;1;2;1
202300049321;155 593 068;7;0;2;4;2;1
202300049322;155 593 062;33;0;2;1;1;1
202300049322;155 593 065;33;0;0;6;15;1
202300049323;155 593 054;7;0;2;2;13;0
202300049323;155 593 061;7;0;2;1;0;0
202300049324;155 593 055;7;0;0;5;2;1
202300049324;155 593 059;2;0;2;3;2;0
202300049325;155 593 052;7;0;0;0;14;1
202300049326;155 593 050;7;10;0;2;1;1
202300049327;155 593 048;10;1;0;1;13;1
202300049328;155 593 046;7;2;6;2;0;1
202300049329;155 593 049;7;0;2;3;11;1
202300049329;155 593 051;7;0;2;5;1;1
202300049329;155 593 053;10;0;2;8;1;1
202300049329;155 593 057;33;0;2;1;3;1
202300049330;155 593 045;7;0;2;7;16;0
202300049330;155 593 047;1;0;2;8;1;5
202300049331;155 593 044;7;1;0;1;0;1
202300049332;155 593 040;33;0;0;0;0;1
202300049333;155 593 039;7;0;9;1;1;1
202300049333;155 593 042;15;0;0;0;16;1
202300049334;155 593 037;2;0;2;1;1;1
202300049334;155 593 043;7;0;2;3;1;1
202300049335;155 593 038;7;0;2;4;2;1
202300049335;155 593 041;7;0;2;1;2;1
202300049336;155 593 036;7;6;0;2;1;1
202300049337;155 593 035;7;15;0;1;1;1
202300049338;155 593 032;7;0;2;3;9;1
202300049338;155 593 034;50;0;2;7;1;3
202300049339;155 593 029;7;0;2;2;13;0
202300049339;155 593 033;7;0;2;2;1;1
202300049340;155 593 026;7;0;0;9;1;1
202300049341;155 593 024;7;0;2;1;1;1
202300049341;155 593 027;7;0;2;4;1;1
202300049341;155 593 031;7;0;2;4;1;1
202300049342;155 593 023;50;0;1;1;1;3
202300049343;155 593 022;7;1;0;1;0;1
202300049344;155 593 021;7;2;0;7;1;1
202300049345;155 593 018;7;6;0;1;1;1
202300049346;155 593 017;31;0;2;1;0;-1
202300049346;155 593 020;7;0;2;1;15;1
202300049347;155 593 014;7;0;2;1;2;1
202300049347;155 593 019;7;0;2;4;0;1
202300049348;155 593 013;2;0;2;1;1;1
202300049348;155 593 015;2;0;2;1;1;1
202300049349;155 593 012;7;0;2;1;2;1
202300049349;155 593 016;7;0;2;6;2;1
202300049350;155 593 011;7;2;0;1;1;0
202300049351;155 593 008;7;2;0;1;13;1
202300049352;155 593 006;2;0;0;4;0;1
202300049352;155 593 010;7;0;0;0;1;1
202300049353;155 593 004;7;0;2;1;5;1
202300049353;155 593 007;7;0;2;2;1;1
202300049354;155 593 003;7;0;2;3;13;1
202300049354;155 593 009;15;0;2;2;1;1
202300049355;155 593 001;15;0;1;2;1;1
202300049356;155 593 000;37;0;2;1;9;1
202300049356;155 593 002;7;0;2;6;23;1
202300049356;155 593 005;7;0;2;8;1;1
202300049357;155 592 999;2;9;0;1;1;1
202300049358;155 592 995;7;0;2;2;18;1
202300049358;155 592 997;2;0;0;4;2;1
202300049359;155 592 994;32;0;2;1;17;1
202300049359;155 592 998;7;0;2;3;13;1
202300049360;155 592 992;7;0;1;2;1;1
202300049361;155 592 990;7;0;2;1;2;1
202300049361;155 592 993;7;0;2;4;2;1
202300049361;155 592 996;7;0;2;4;1;1
202300049362;155 592 986;7;0;1;2;1;1
202300049363;155 592 987;7;0;1;1;1;1
202300049364;155 592 983;7;14;0;1;1;1
202300049364;155 592 988;7;0;0;0;24;1
202300049365;155 592 984;33;14;0;1;1;1
202300049366;155 592 981;7;0;2;1;2;1
202300049366;155 592 982;7;0;2;4;2;1
202300049366;155 592 985;10;0;2;4;2;1
202300049367;155 592 980;7;0;1;3;16;1
202300049368;155 592 979;7;0;0;1;1;1
202300049369;155 592 976;3;0;2;2;3;1
202300049369;155 592 978;7;0;2;3;2;1
202300049370;155 592 975;2;0;0;7;1;1
202300049371;155 592 971;7;0;2;5;1;1
202300049371;155 592 974;7;0;2;7;12;1
202300049371;155 592 977;32;4;2;3;1;1
202300049372;155 592 970;17;0;2;1;2;1
202300049372;155 592 972;38;0;0;4;23;1
202300049373;155 592 969;7;0;2;2;15;1
202300049373;155 592 973;80;0;2;7;19;3
202300049374;155 592 966;7;0;2;1;2;1
202300049374;155 592 968;7;0;2;4;2;1
202300049375;155 592 965;7;0;2;1;2;1
202300049375;155 592 967;21;0;2;4;2;1
202300049376;155 592 963;7;0;0;0;0;0
202300049377;155 592 961;10;0;2;2;17;1
202300049377;155 592 964;15;0;2;6;1;1
202300049378;155 592 960;33;8;0;7;1;1
202300049379;155 592 958;7;8;0;5;2;1
202300049379;155 592 962;7;0;2;5;23;1
202300049380;155 592 956;7;0;0;6;11;1
202300049380;155 592 957;33;0;2;1;3;1
202300049381;155 592 951;7;2;0;5;1;1
202300049382;155 592 953;34;0;2;4;1;1
202300049382;155 592 955;7;0;2;4;1;1
202300049383;155 592 950;7;0;2;4;15;1
202300049383;155 592 954;31;0;2;1;2;1
202300049384;155 592 952;7;0;2;5;1;1
202300049384;155 592 959;7;0;2;1;0;0
202300049385;155 592 949;7;0;0;1;1;1
202300049386;155 592 947;7;4;0;3;1;1
202300049387;155 592 946;10;0;2;1;1;1
202300049387;155 592 948;7;0;2;1;1;1
202300049388;155 592 943;7;10;0;1;1;1
202300049389;155 592 944;7;0;1;2;19;1
202300049390;155 592 942;99;0;2;1;2;0
202300049390;155 592 945;7;0;2;4;2;0
202300049391;155 592 940;7;2;0;8;14;1
202300049392;155 592 938;0;0;1;0;0;0
202300049393;155 592 937;7;0;0;3;1;1
202300049393;155 592 939;7;0;2;3;15;1
202300049394;155 592 933;7;0;2;1;1;1
202300049394;155 592 936;7;0;0;8;1;1
202300049395;155 592 931;7;0;9;2;17;1
202300049395;155 592 934;1;0;2;3;15;5
202300049396;155 592 928;7;0;0;1;2;1
202300049396;155 592 932;7;0;0;1;2;1
202300049397;155 592 930;7;0;1;2;21;6
202300049398;155 592 929;7;0;2;1;1;1
202300049398;155 592 935;7;0;2;4;1;1
202300049398;155 592 941;7;0;2;6;1;1
202300049399;155 592 927;32;0;0;0;1;1
202300049400;155 592 923;7;0;2;3;1;1
202300049400;155 592 925;7;0;2;3;5;1
202300049401;155 592 922;7;0;1;7;1;1
202300049402;155 592 919;7;0;2;1;2;1
202300049402;155 592 924;7;0;2;5;2;1
202300049403;155 592 920;7;0;2;8;1;0
202300049403;155 592 926;7;0;2;1;1;0
202300049404;155 592 918;7;0;2;5;15;1
202300049404;155 592 921;33;0;2;1;1;1
202300049405;155 592 914;7;0;1;8;1;1
202300049406;155 592 913;7;0;2;4;2;1
202300049406;155 592 916;10;0;2;1;2;1
202300049407;155 592 915;7;0;1;1;1;0
202300049408;155 592 912;7;6;0;1;1;1
202300049409;155 592 911;7;0;1;1;1;1
202300049410;155 592 907;7;9;0;1;1;1
202300049411;155 592 905;7;0;2;8;15;1
202300049411;155 592 910;2;0;2;1;17;0
202300049412;155 592 909;7;0;1;1;1;1
202300049413;155 592 904;7;0;2;4;11;1
202300049413;155 592 908;17;0;2;2;1;1
202300049414;155 592 901;7;0;2;4;2;1
202300049414;155 592 903;7;0;2;4;2;1
202300049414;155 592 906;7;0;2;1;2;2
202300049415;155 592 899;7;0;2;3;16;1
202300049415;155 592 902;2;0;2;2;1;1
202300049416;155 592 898;7;0;1;3;1;1
202300049417;155 592 896;7;0;2;8;1;1
202300049417;155 592 900;7;0;2;1;16;1
202300049418;155 592 893;2;6;0;1;1;1
202300049419;155 592 892;7;15;0;2;20;1
202300049420;155 592 891;1;0;2;7;1;5
202300049420;155 592 894;7;0;2;7;1;1
202300049421;155 592 888;7;3;0;1;1;1
202300049422;155 592 890;7;0;2;4;1;1
202300049422;155 592 895;7;0;2;1;26;1
202300049422;155 592 897;7;1;2;6;1;1
202300049423;155 592 887;10;0;1;1;1;1
202300049424;155 592 889;7;0;1;1;1;1
202300049425;155 592 885;33;0;0;0;21;3
202300049426;155 592 880;7;0;2;4;2;1
202300049426;155 592 884;7;0;2;1;2;1
202300049427;155 592 883;80;0;1;1;25;3
202300049428;155 592 881;14;0;2;6;1;1
202300049428;155 592 886;7;0;2;2;1;1
202300049429;155 592 879;7;0;2;3;20;1
202300049429;155 592 882;7;0;2;2;1;1
202300049430;155 592 878;7;0;1;1;1;1
202300049431;155 592 875;33;0;1;1;17;1
202300049432;155 592 873;7;0;2;3;16;1
202300049432;155 592 877;33;0;2;7;0;1
202300049433;155 592 874;7;0;2;6;10;1
202300049433;155 592 876;30;0;2;1;15;1
202300049434;155 592 871;7;3;0;1;1;1
202300049435;155 592 870;7;0;2;4;9;1
202300049435;155 592 872;33;0;2;1;1;1
202300049436;155 592 868;7;10;0;3;13;1
202300049437;155 592 866;10;0;1;1;26;1
202300049438;155 592 867;7;0;1;0;1;1
202300049439;155 592 865;7;0;2;3;15;1
202300049439;155 592 869;32;0;2;2;1;1
202300049440;155 592 862;7;0;2;3;9;1
202300049440;155 592 864;33;0;2;7;15;1
202300049441;155 592 859;30;0;2;1;1;3
202300049442;155 592 857;7;0;1;2;26;1
202300049443;155 592 852;7;0;2;1;1;1
202300049443;155 592 854;7;0;2;6;15;1
202300049444;155 592 846;80;0;2;8;1;3
202300049444;155 592 850;7;0;2;1;15;1
202300049445;155 592 843;7;0;2;3;17;1
202300049445;155 592 849;7;0;2;1;1;1
202300049446;155 592 841;1;0;2;1;9;5
202300049446;155 592 844;7;0;2;6;9;1
202300049447;155 592 839;10;0;1;1;26;1
202300049448;155 592 837;40;0;1;1;1;3
202300049449;155 592 836;7;12;0;3;2;1
202300049450;155 592 835;7;0;2;0;1;1
202300049450;155 592 838;7;0;2;0;1;1
202300049450;155 592 840;7;0;2;8;1;1
202300049450;155 592 842;7;0;2;1;1;1
202300049450;155 592 845;10;0;9;1;1;1
202300049450;155 592 848;7;0;9;0;1;1
202300049450;155 592 851;10;3;2;1;1;1
202300049450;155 592 855;7;0;2;0;1;1
202300049450;155 592 856;7;0;2;8;1;1
202300049450;155 592 860;7;4;0;1;1;1
202300049450;155 592 863;7;1;2;1;1;1
202300049451;155 592 833;7;0;2;3;11;1
202300049451;155 592 834;33;0;2;7;3;1
202300049452;155 592 832;7;11;0;1;6;1
202300049453;155 592 829;30;0;2;0;18;1
202300049453;155 592 831;7;0;2;7;16;1
202300049454;155 592 828;32;0;2;8;5;1
202300049454;155 592 830;7;0;2;8;21;1
202300049455;155 592 826;7;9;0;3;15;1
202300049456;155 592 825;7;12;0;1;1;1
202300049457;155 592 823;7;0;2;1;2;1
202300049457;155 592 824;10;0;2;4;2;1
202300049457;155 592 827;10;0;2;4;2;1
202300049458;155 592 819;34;7;0;1;14;1
202300049458;155 592 822;10;0;2;8;1;1
202300049459;155 592 816;10;0;2;1;1;1
202300049459;155 592 818;32;0;2;1;1;1
202300049459;155 592 821;7;0;2;6;16;1
202300049460;155 592 814;7;0;1;5;1;0
202300049461;155 592 815;7;0;2;3;2;2
202300049461;155 592 820;33;0;2;4;2;1
202300049462;155 592 813;7;0;2;1;2;1
202300049462;155 592 817;10;0;2;4;2;1
202300049463;155 592 808;7;0;1;4;1;0
202300049464;155 592 807;7;0;0;2;1;1
202300049464;155 592 812;10;0;0;3;15;1
202300049465;155 592 809;7;8;0;3;0;1
202300049466;155 592 806;33;0;2;1;3;1
202300049466;155 592 810;7;0;2;5;12;1
202300049467;155 592 805;7;0;2;8;15;2
202300049467;155 592 811;33;0;2;1;1;1
202300049468;155 592 804;7;4;0;1;1;1
202300049469;155 592 803;7;0;1;1;1;1
202300049470;155 592 798;33;0;2;1;1;1
202300049470;155 592 802;7;0;2;2;15;1
202300049471;155 592 799;99;9;0;3;13;1
202300049472;155 592 797;7;0;2;1;5;1
202300049472;155 592 801;7;0;2;2;1;4
202300049473;155 592 796;7;4;2;1;2;1
202300049473;155 592 800;7;4;0;1;2;1
202300049474;155 592 794;7;0;0;4;2;1
202300049474;155 592 795;7;0;2;1;2;1
202300049475;155 592 793;33;0;0;1;0;1
202300049476;155 592 792;7;1;0;7;1;1
202300049477;155 592 791;7;4;0;2;0;1
202300049478;155 592 790;36;0;0;9;1;1
202300049479;155 592 789;7;0;1;0;2;1
202300049480;155 592 786;7;3;0;1;1;1
202300049481;155 592 785;50;0;2;1;5;3
202300049481;155 592 788;7;0;2;6;1;0
202300049482;155 592 784;50;0;2;0;0;3
202300049482;155 592 787;7;0;2;3;1;1
202300049483;155 592 781;7;0;2;8;13;1
202300049483;155 592 783;7;0;2;1;1;1
202300049484;155 592 779;7;0;2;3;1;1
202300049484;155 592 782;7;0;2;1;13;1
202300049485;155 592 777;2;0;2;8;2;1
202300049485;155 592 780;7;0;0;8;2;1
202300049486;155 592 776;7;0;2;3;10;1
202300049486;155 592 778;2;0;2;1;2;1
202300049487;155 592 775;7;4;0;1;0;1
202300049488;155 592 772;7;0;2;1;13;1
202300049488;155 592 774;7;0;2;1;1;1
202300049489;155 592 770;50;0;1;9;25;3
202300049490;155 592 771;7;0;2;1;1;1
202300049490;155 592 773;7;0;2;4;1;1
202300049491;155 592 767;1;0;0;9;1;5
202300049492;155 592 764;34;12;2;7;1;1
202300049492;155 592 769;7;0;2;1;1;1
202300049493;155 592 765;7;0;2;8;17;1
202300049493;155 592 768;33;0;2;8;21;1
202300049494;155 592 762;7;0;2;1;2;1
202300049494;155 592 766;7;0;0;4;1;1
202300049495;155 592 756;7;14;0;1;26;1