Num_Acc;id_vehicule;catv;obs;obsm;choc;manv;motor
202300052682;155 587 106;7;0;2;1;9;1
202300052683;155 587 101;0;0;0;0;0;0
202300052683;155 587 105;50;0;2;2;1;3
202300052684;155 587 100;7;13;0;7;1;1
202300052685;155 587 096;50;1;0;1;1;3
202300052685;155 587 099;10;0;2;3;24;1
202300052686;155 587 095;10;0;1;2;1;1
202300052687;155 587 094;7;0;2;1;26;1
202300052687;155 587 098;10;0;2;1;15;1
202300052688;155 587 092;1;12;0;7;16;5
202300052689;155 587 088;7;0;9;1;1;1
202300052689;155 587 090;1;0;2;1;5;5
202300052690;155 587 087;13;0;2;3;26;1
202300052690;155 587 089;7;12;2;3;1;2
202300052691;155 587 085;3;0;1;7;21;3
202300052692;155 587 080;34;0;2;3;2;1
202300052692;155 587 083;10;0;2;5;2;1
202300052693;155 587 078;7;0;2;4;4;1
202300052693;155 587 081;43;0;2;7;1;1
202300052694;155 587 077;7;0;2;3;1;1
202300052694;155 587 079;31;0;2;3;1;1
202300052695;155 587 076;7;0;2;1;1;1
202300052695;155 587 082;3;0;2;7;1;1
202300052696;155 587 074;33;0;2;1;2;1
202300052696;155 587 075;33;0;2;6;10;1
202300052697;155 587 071;7;0;2;1;2;1
202300052697;155 587 072;7;14;2;4;2;1
202300052698;155 587 066;7;0;2;1;2;1
202300052698;155 587 067;7;0;2;6;2;1
202300052698;155 587 070;7;0;2;6;2;1
202300052698;155 587 073;7;0;2;7;2;2
202300052699;155 587 065;7;0;2;7;1;1
202300052699;155 587 069;7;0;2;1;19;1
202300052700;155 587 064;7;0;2;2;22;1
202300052700;155 587 068;50;0;2;1;1;3
202300052701;155 587 057;1;0;2;2;1;0
202300052701;155 587 061;2;0;2;7;23;0
202300052702;155 587 056;7;0;2;4;2;1
202300052702;155 587 060;15;0;2;4;2;1
202300052702;155 587 062;7;0;2;4;2;1
202300052702;155 587 063;10;0;2;1;2;1
202300052703;155 587 055;32;0;2;1;1;1
202300052703;155 587 058;32;0;2;4;20;1
202300052704;155 587 054;7;0;2;1;19;2
202300052704;155 587 059;33;0;2;7;1;1
202300052705;155 587 053;32;6;0;1;1;1
202300052706;155 587 052;7;0;1;3;16;1
202300052707;155 587 049;33;0;2;3;1;1
202300052707;155 587 051;10;0;2;2;1;1
202300052708;155 587 048;7;0;1;1;1;1
202300052709;155 587 047;2;0;2;7;1;1
202300052709;155 587 050;7;0;2;3;15;1
202300052710;155 587 046;7;0;1;1;1;1
202300052711;155 587 043;7;3;0;1;14;1
202300052712;155 587 042;7;0;2;1;1;1
202300052712;155 587 044;7;0;2;2;1;1
202300052713;155 587 041;7;0;2;3;1;1
202300052713;155 587 045;10;0;2;1;19;1
202300052714;155 587 039;30;0;2;5;14;1
202300052714;155 587 040;7;0;2;3;1;1
202300052715;155 587 035;7;0;2;2;2;1
202300052715;155 587 036;33;0;2;6;12;1
202300052716;155 587 032;50;0;2;7;1;3
202300052716;155 587 037;10;0;2;1;16;1
202300052717;155 587 034;7;0;2;1;1;1
202300052717;155 587 038;7;0;2;3;1;1
202300052718;155 587 031;1;0;2;1;1;5
202300052718;155 587 033;7;0;2;1;1;2
202300052719;155 587 030;14;13;0;0;0;1
202300052720;155 587 028;21;0;9;9;1;1
202300052721;155 587 026;32;0;2;7;1;1
202300052721;155 587 029;7;0;2;8;9;1
202300052722;155 587 027;33;0;1;1;1;1
202300052723;155 587 022;50;0;0;0;1;3
202300052724;155 587 023;7;0;2;3;15;1
202300052724;155 587 025;31;0;2;8;1;1
202300052725;155 587 024;7;13;0;3;16;1
202300052726;155 587 021;50;0;0;0;26;3
202300052727;155 587 020;80;0;0;2;1;3
202300052728;155 587 015;7;0;2;1;26;1
202300052728;155 587 017;34;0;2;1;0;1
202300052729;155 587 016;7;0;2;1;15;1
202300052729;155 587 018;30;0;2;1;1;0
202300052730;155 587 014;7;0;2;3;1;1
202300052730;155 587 019;7;0;2;8;9;1
202300052731;155 587 013;7;0;1;1;1;1
202300052732;155 587 012;33;3;0;1;1;1
202300052733;155 587 008;2;0;2;8;1;1
202300052733;155 587 010;7;0;2;5;14;1
202300052734;155 587 009;30;15;0;1;0;0
202300052734;155 587 011;7;0;2;0;0;1
202300052735;155 587 006;33;0;2;8;13;1
202300052735;155 587 007;7;0;2;8;1;1
202300052736;155 586 999;31;0;2;1;1;1
202300052736;155 587 001;10;0;2;2;15;1
202300052737;155 586 997;7;0;2;5;16;1
202300052737;155 587 000;10;0;2;2;1;1
202300052738;155 586 996;7;0;2;1;1;1
202300052738;155 586 998;10;0;2;3;13;1
202300052739;155 586 995;7;0;1;3;1;1
202300052740;155 586 993;7;0;2;3;22;1
202300052740;155 586 994;1;1;0;1;1;5
202300052741;155 586 992;10;13;0;2;1;1
202300052742;155 586 991;7;0;1;2;16;0
202300052743;155 586 990;34;0;0;0;1;1
202300052744;155 586 987;3;0;2;3;1;1
202300052744;155 586 989;36;0;2;1;1;1
202300052745;155 586 986;10;0;1;0;0;0
202300052746;155 586 985;33;0;2;1;1;1
202300052746;155 586 988;7;0;2;2;15;1
202300052747;155 586 983;7;3;2;2;14;3
202300052747;155 586 984;7;4;0;6;1;1
202300052748;155 586 980;7;0;2;3;15;1
202300052748;155 586 982;32;0;2;1;1;1
202300052749;155 586 979;7;0;2;3;9;1
202300052749;155 586 981;50;0;2;2;9;3
202300052750;155 586 977;7;0;2;1;13;1
202300052750;155 586 978;7;0;2;1;1;1
202300052751;155 586 975;7;0;2;2;2;1
202300052751;155 586 976;2;0;2;3;2;1
202300052752;155 586 973;10;0;2;1;1;1
202300052752;155 586 974;7;0;2;4;1;1
202300052753;155 586 970;50;1;0;1;18;3
202300052753;155 586 971;7;0;9;7;22;1
202300052754;155 586 969;7;0;2;1;1;1
202300052754;155 586 972;7;0;2;3;9;1
202300052755;155 586 965;7;0;2;2;15;1
202300052755;155 586 968;10;12;2;1;1;1
202300052756;155 586 964;7;0;0;4;1;0
202300052756;155 586 967;13;0;2;1;1;0
202300052757;155 586 963;2;0;2;1;1;1
202300052757;155 586 966;7;0;2;2;1;1
202300052758;155 586 960;30;0;2;0;0;1
202300052758;155 586 962;10;0;2;1;1;1
202300052759;155 586 958;14;0;2;5;1;1
202300052759;155 586 961;7;0;2;1;1;1
202300052760;155 586 957;10;0;2;1;13;1
202300052760;155 586 959;7;0;2;1;1;1
202300052761;155 586 956;7;0;1;2;1;2
202300052762;155 586 955;7;0;0;0;0;0
202300052763;155 586 952;7;3;2;1;13;1
202300052763;155 586 954;10;0;2;5;0;1
202300052764;155 586 950;2;0;2;2;17;1
202300052764;155 586 951;10;0;2;6;15;1
202300052765;155 586 949;7;0;2;2;14;1
202300052765;155 586 953;15;0;2;6;1;1
202300052766;155 586 947;33;0;0;0;1;1
202300052767;155 586 945;7;0;2;2;15;1
202300052767;155 586 946;32;0;2;1;1;1
202300052768;155 586 944;7;0;2;1;1;1
202300052768;155 586 948;34;0;2;8;1;1
202300052769;155 586 943;33;0;0;1;21;1
202300052770;155 586 940;2;0;2;7;1;1
202300052770;155 586 942;7;0;2;5;20;6
202300052771;155 586 938;7;0;9;3;15;1
202300052771;155 586 941;1;0;2;1;0;5
202300052772;155 586 937;10;0;2;3;1;1
202300052772;155 586 939;33;0;2;2;21;1
202300052773;155 586 935;36;0;0;1;16;1
202300052774;155 586 933;7;0;2;2;1;1
202300052774;155 586 936;7;0;2;7;9;1
202300052775;155 586 931;7;8;0;3;13;1
202300052776;155 586 929;7;13;0;3;0;0
202300052777;155 586 926;10;0;0;3;1;1
202300052778;155 586 928;7;0;2;3;1;1
202300052778;155 586 930;7;0;2;1;9;1
202300052779;155 586 924;7;0;1;1;1;1
202300052780;155 586 923;30;0;1;1;1;1
202300052781;155 586 922;2;0;0;0;1;1
202300052782;155 586 925;2;1;0;1;1;1
202300052783;155 586 920;15;13;0;1;14;1
202300052784;155 586 919;7;0;2;5;15;1
202300052784;155 586 921;33;0;2;1;1;1
202300052785;155 586 918;33;0;1;0;21;1
202300052786;155 586 917;32;11;0;1;3;1
202300052787;155 586 913;7;0;2;1;0;1
202300052787;155 586 916;2;0;2;1;0;1
202300052788;155 586 912;7;0;2;2;11;1
202300052788;155 586 915;34;0;2;1;1;1
202300052789;155 586 911;7;0;2;3;1;1
202300052789;155 586 914;7;0;2;2;1;1
202300052790;155 586 908;7;0;1;3;1;1
202300052791;155 586 907;7;0;2;1;1;1
202300052791;155 586 909;7;0;2;1;23;1
202300052792;155 586 905;31;6;0;1;15;1
202300052793;155 586 904;7;0;2;4;0;1
202300052793;155 586 906;7;0;2;1;26;1
202300052794;155 586 910;7;8;0;1;0;1
202300052795;155 586 902;7;0;2;7;1;1
202300052795;155 586 903;2;0;2;3;5;1
202300052796;155 586 901;7;0;1;2;15;0
202300052797;155 586 900;7;0;1;3;9;1
202300052798;155 586 896;7;0;0;1;2;1
202300052798;155 586 898;7;3;2;1;1;2
202300052798;155 586 899;7;0;0;3;1;1
202300052799;155 586 895;2;0;2;1;0;1
202300052799;155 586 897;7;0;2;3;1;1
202300052800;155 586 894;10;0;1;4;4;0
202300052801;155 586 893;32;6;0;1;1;1
202300052802;155 586 892;7;3;0;1;15;1
202300052803;155 586 890;1;0;2;1;1;5
202300052803;155 586 891;7;9;2;1;15;1
202300052804;155 586 888;31;1;0;0;1;1
202300052805;155 586 889;7;0;1;1;1;1
202300052806;155 586 886;7;0;1;2;17;0
202300052807;155 586 885;10;0;2;1;15;1
202300052807;155 586 887;1;0;2;8;15;5
202300052808;155 586 883;1;0;2;3;1;5
202300052808;155 586 884;7;0;2;3;13;1
202300052809;155 586 879;7;0;2;4;23;1
202300052809;155 586 880;30;0;2;1;1;1
202300052810;155 586 878;7;0;2;1;1;1
202300052810;155 586 881;7;0;2;1;13;1
202300052811;155 586 877;7;0;2;1;21;1
202300052811;155 586 882;7;0;2;1;13;0
202300052812;155 586 874;7;2;0;8;1;1
202300052813;155 586 873;31;0;2;1;17;1
202300052813;155 586 875;7;0;2;3;15;1
202300052814;155 586 869;7;16;0;6;1;1
202300052814;155 586 871;7;0;0;0;17;0
202300052815;155 586 870;30;8;2;8;18;1
202300052815;155 586 872;7;0;2;2;16;1
202300052816;155 586 867;15;3;2;3;1;1
202300052816;155 586 868;7;3;2;4;12;1
202300052817;155 586 866;7;13;0;2;1;1
202300052818;155 586 865;7;0;1;3;1;1
202300052819;155 586 861;7;0;0;3;1;0
202300052819;155 586 863;7;0;0;2;13;0
202300052820;155 586 860;50;0;1;1;25;3
202300052821;155 586 859;7;0;2;1;1;1
202300052821;155 586 862;15;0;2;1;1;1
202300052821;155 586 864;7;0;2;8;1;1
202300052822;155 586 857;2;0;0;0;1;1
202300052823;155 586 855;7;0;2;8;15;1
202300052823;155 586 858;32;0;2;1;1;1
202300052824;155 586 856;7;0;1;1;1;1
202300052825;155 586 851;7;0;2;2;16;1
202300052825;155 586 854;1;0;2;3;1;5
202300052826;155 586 849;60;0;2;1;1;5
202300052826;155 586 852;30;0;2;1;1;1
202300052827;155 586 848;7;3;0;0;0;1
202300052828;155 586 843;1;0;1;1;1;5
202300052829;155 586 842;2;0;2;1;5;1
202300052829;155 586 845;7;0;2;1;2;1
202300052830;155 586 841;33;0;0;9;1;1
202300052831;155 586 838;7;0;2;2;16;1
202300052831;155 586 840;80;0;2;8;1;3
202300052832;155 586 837;7;0;2;2;12;1
202300052832;155 586 839;33;0;2;6;1;1
202300052833;155 586 836;7;0;1;1;1;0
202300052834;155 586 832;7;0;1;2;19;1
202300052835;155 586 833;7;0;2;1;15;1
202300052835;155 586 835;1;0;2;8;1;5
202300052836;155 586 828;7;8;0;1;16;3
202300052837;155 586 827;10;0;2;1;2;1
202300052837;155 586 830;7;0;2;4;2;1
202300052837;155 586 831;7;0;2;4;2;1
202300052837;155 586 834;10;0;2;6;2;1
202300052838;155 586 823;7;0;2;3;9;1
202300052838;155 586 825;1;0;2;2;1;5
202300052839;155 586 826;33;0;2;1;2;1
202300052839;155 586 829;7;0;2;3;15;0
202300052840;155 586 824;50;8;1;4;25;3
202300052841;155 586 818;80;0;1;5;1;3
202300052842;155 586 816;7;0;2;3;1;1
202300052842;155 586 819;7;0;2;2;1;1
202300052842;155 586 821;7;0;2;3;13;1
202300052843;155 586 817;33;0;2;8;3;1
202300052843;155 586 820;7;0;0;8;1;1
202300052843;155 586 822;7;0;0;7;12;1
202300052844;155 586 815;33;1;0;1;1;1
202300052845;155 586 811;38;0;2;3;1;4
202300052845;155 586 812;7;0;2;1;13;1
202300052845;155 586 814;10;0;2;1;1;1
202300052846;155 586 810;7;8;0;1;2;1
202300052847;155 586 808;7;0;2;1;2;1
202300052847;155 586 809;7;0;2;4;23;1
202300052847;155 586 813;7;0;2;4;23;0
202300052848;155 586 806;7;0;1;2;1;1
202300052849;155 586 807;7;0;1;2;16;1
202300052850;155 586 805;32;0;1;0;0;0
202300052851;155 586 803;7;0;1;1;2;1
202300052852;155 586 802;2;0;2;1;1;1
202300052852;155 586 804;7;0;2;5;23;1
202300052853;155 586 800;7;0;2;8;15;0
202300052853;155 586 801;7;0;2;1;1;0
202300052854;155 586 797;10;0;2;1;1;1
202300052854;155 586 798;7;7;2;2;9;1
202300052855;155 586 796;10;0;2;2;1;1
202300052855;155 586 799;7;0;2;1;1;2
202300052856;155 586 794;15;0;0;0;1;1
202300052857;155 586 792;37;0;1;2;1;6
202300052858;155 586 793;7;0;2;2;16;1
202300052858;155 586 795;30;0;2;1;18;1
202300052859;155 586 791;7;1;0;1;1;1
202300052860;155 586 790;10;0;1;3;1;1
202300052861;155 586 789;7;0;1;1;26;0
202300052862;155 586 787;7;0;2;1;2;1
202300052863;155 586 785;3;0;2;1;13;1
202300052863;155 586 786;10;0;2;1;1;1
202300052864;155 586 781;2;0;2;7;21;1
202300052864;155 586 783;10;0;2;7;2;0
202300052864;155 586 788;10;0;2;8;20;1
202300052865;155 586 780;33;0;2;1;3;1
202300052865;155 586 782;14;0;2;6;1;0
202300052865;155 586 784;7;0;2;5;1;1
202300052866;155 586 777;7;0;1;2;1;1
202300052867;155 586 778;1;0;2;7;1;5
202300052867;155 586 779;7;0;9;3;26;0
202300052868;155 586 772;7;0;2;1;2;1
202300052868;155 586 774;7;0;2;4;2;1
202300052869;155 586 773;7;2;0;1;26;1
202300052869;155 586 776;33;0;2;1;1;1
202300052870;155 586 769;7;0;2;5;2;1
202300052870;155 586 771;7;0;2;2;2;1
202300052871;155 586 768;7;14;0;1;2;1
202300052871;155 586 770;7;0;2;4;23;0
202300052871;155 586 775;7;0;2;5;1;0
202300052872;155 586 765;7;0;2;5;15;1
202300052872;155 586 767;30;0;2;1;1;1
202300052873;155 586 763;33;0;2;5;1;1
202300052873;155 586 764;7;0;2;6;11;1
202300052874;155 586 762;7;0;2;2;19;1
202300052874;155 586 766;7;0;2;1;1;1
202300052875;155 586 759;7;0;2;1;1;1
202300052875;155 586 761;7;0;2;2;15;0
202300052876;155 586 758;7;0;0;6;26;1
202300052876;155 586 760;33;0;2;1;26;1
202300052877;155 586 757;7;0;1;3;1;1
202300052878;155 586 755;7;3;0;1;2;1
202300052879;155 586 754;7;0;2;7;2;1
202300052879;155 586 756;50;0;2;8;2;3
202300052880;155 586 752;37;0;1;2;9;0
202300052881;155 586 750;33;0;1;1;0;1
202300052882;155 586 749;7;0;0;3;15;1
202300052882;155 586 751;32;0;2;1;0;1
202300052882;155 586 753;7;0;0;8;23;1
202300052883;155 586 747;7;0;2;2;1;1
202300052883;155 586 748;1;0;2;6;1;5
202300052884;155 586 745;7;0;2;8;24;1
202300052884;155 586 746;50;1;0;1;1;3
202300052885;155 586 743;2;0;2;2;0;1
202300052885;155 586 744;7;0;2;8;11;1
202300052886;155 586 740;33;0;2;1;17;1
202300052886;155 586 742;7;0;2;3;0;1
202300052887;155 586 739;7;0;2;3;15;1
202300052887;155 586 741;30;0;2;1;1;1
202300052888;155 586 737;33;12;0;1;0;1
202300052889;155 586 736;7;0;2;8;15;1
202300052889;155 586 738;33;0;2;1;1;1
202300052890;155 586 732;32;0;2;1;2;1
202300052890;155 586 733;10;0;2;4;1;1
202300052891;155 586 730;37;0;2;8;1;1
202300052891;155 586 731;1;0;2;7;1;5
202300052892;155 586 734;17;0;2;1;1;0
202300052892;155 586 735;7;0;2;4;1;0
202300052893;155 586 728;7;0;2;1;26;1
202300052893;155 586 729;7;0;2;4;0;1
202300052894;155 586 726;7;8;2;1;2;1
202300052894;155 586 727;13;0;0;0;0;1
202300052895;155 586 725;7;2;0;0;1;1
202300052896;155 586 724;7;4;0;3;13;1
202300052897;155 586 722;7;0;2;4;1;1
202300052897;155 586 723;7;0;2;1;2;1
202300052898;155 586 721;7;3;0;3;21;3
202300052899;155 586 720;7;4;2;8;13;1
202300052900;155 586 719;7;0;1;1;1;1
202300052901;155 586 718;7;0;1;1;1;1
202300052902;155 586 717;40;0;1;3;26;3
202300052903;155 586 716;7;0;1;1;1;1
202300052904;155 586 713;7;0;2;7;1;2
202300052904;155 586 715;7;0;2;1;1;1
202300052905;155 586 712;7;0;2;2;13;1
202300052905;155 586 714;7;0;2;3;1;1
202300052906;155 586 711;7;0;0;1;26;1
202300052907;155 586 709;7;0;2;6;1;1
202300052907;155 586 710;7;4;2;9;26;1
202300052908;155 586 706;0;0;2;2;1;0
202300052908;155 586 708;1;0;2;4;1;5
202300052909;155 586 704;21;16;0;0;1;1
202300052910;155 586 703;7;0;2;1;1;1
202300052910;155 586 705;7;1;2;1;1;1
202300052911;155 586 702;7;0;2;7;19;1
202300052911;155 586 707;7;0;2;0;1;1
202300052912;155 586 700;7;0;1;1;16;1
202300052913;155 586 699;7;0;2;1;13;1
202300052913;155 586 701;7;0;2;3;1;1
202300052914;155 586 695;33;0;2;1;17;1
202300052914;155 586 698;10;0;2;3;15;1
202300052915;155 586 694;7;0;2;7;12;1
202300052915;155 586 697;43;0;2;8;3;1
202300052916;155 586 691;7;15;0;3;26;2
202300052917;155 586 690;7;0;2;4;1;1
202300052917;155 586 692;7;0;2;1;1;1
202300052918;155 586 689;7;2;0;2;14;1
202300052919;155 586 686;7;0;2;6;1;1
202300052919;155 586 687;30;3;2;8;17;1
202300052920;155 586 684;1;0;0;6;1;5
202300052920;155 586 685;7;0;9;2;17;1
202300052921;155 586 681;1;0;2;1;1;5
202300052921;155 586 683;7;0;2;8;19;1
202300052922;155 586 680;2;0;6;2;1;1
202300052923;155 586 682;33;0;2;1;1;1
202300052923;155 586 688;31;0;2;2;1;1
202300052924;155 586 679;7;0;0;8;1;1
202300052925;155 586 677;33;0;2;2;17;1
202300052925;155 586 678;7;0;2;6;1;1
202300052926;155 586 675;38;0;1;1;1;1
202300052927;155 586 676;2;0;0;8;15;1
202300052928;155 586 671;1;0;2;1;13;5
202300052928;155 586 673;7;0;9;3;1;1
202300052929;155 586 669;1;0;2;6;15;5
202300052929;155 586 672;50;0;2;1;17;3
202300052930;155 586 670;7;0;2;3;15;1
202300052930;155 586 674;7;0;2;1;1;1
202300052931;155 586 665;1;0;2;8;1;5
202300052931;155 586 667;7;0;0;8;15;1
202300052932;155 586 666;7;0;2;3;1;1
202300052932;155 586 668;7;0;2;1;1;1
202300052933;155 586 664;1;7;1;1;21;5
202300052934;155 586 660;7;0;2;1;17;0
202300052934;155 586 662;7;0;2;1;1;1
202300052935;155 586 661;7;0;2;4;1;1
202300052935;155 586 663;7;0;2;1;2;1
202300052936;155 586 658;33;0;2;6;15;1
202300052936;155 586 659;14;0;2;2;1;1
202300052937;155 586 656;1;0;2;7;1;5
202300052937;155 586 657;7;0;2;3;9;3
202300052938;155 586 655;7;8;0;1;1;1
202300052939;155 586 653;1;0;1;1;1;5
202300052940;155 586 651;7;1;0;1;2;1
202300052940;155 586 654;7;0;2;4;23;1
202300052941;155 586 650;17;0;0;7;1;1
202300052942;155 586 648;50;0;0;0;1;3
202300052943;155 586 646;10;0;9;5;2;1
202300052943;155 586 649;1;0;2;8;1;5
202300052944;155 586 644;7;0;1;1;0;1
202300052945;155 586 647;7;0;1;1;9;1
202300052946;155 586 642;7;0;2;7;15;1
202300052946;155 586 643;2;0;2;1;1;1
202300052947;155 586 639;31;0;2;1;2;1
202300052947;155 586 641;7;0;2;2;15;1
202300052948;155 586 635;7;13;2;0;1;1
202300052948;155 586 638;7;13;0;0;17;1
202300052949;155 586 633;7;0;2;2;0;4
202300052949;155 586 636;7;0;2;3;5;1
202300052950;155 586 634;7;0;2;1;19;1
202300052950;155 586 640;2;0;2;1;1;1
202300052951;155 586 632;7;0;2;4;2;2
202300052951;155 586 637;7;0;2;1;2;1
202300052952;155 586 626;7;0;2;3;22;1
202300052952;155 586 630;1;0;0;0;0;5
202300052953;155 586 627;7;0;2;0;0;1
202300052953;155 586 631;7;0;2;1;1;1
202300052954;155 586 623;7;0;2;1;9;1
202300052954;155 586 629;2;0;2;3;1;1
202300052955;155 586 624;7;0;2;3;15;1
202300052955;155 586 628;2;0;2;1;1;1
202300052956;155 586 622;7;0;1;2;1;1
202300052957;155 586 620;7;0;2;3;15;1
202300052957;155 586 625;1;0;2;7;1;5
202300052958;155 586 617;7;0;2;2;2;0
202300052958;155 586 621;7;0;2;1;2;1
202300052959;155 586 619;7;4;0;1;1;1
202300052960;155 586 613;32;0;2;2;17;1
202300052960;155 586 615;7;0;2;3;15;1
202300052961;155 586 611;7;0;2;1;1;1
202300052961;155 586 616;7;9;2;3;5;1
202300052961;155 586 618;30;0;2;1;1;1
202300052962;155 586 612;33;0;2;6;2;1
202300052962;155 586 614;7;0;2;8;1;1
202300052963;155 586 608;10;0;2;4;4;1
202300052963;155 586 610;1;0;2;1;23;5
202300052964;155 586 606;1;0;2;2;1;5
202300052964;155 586 607;7;0;2;3;9;1
202300052965;155 586 601;7;0;2;0;0;1
202300052965;155 586 605;33;0;2;1;17;1
202300052966;155 586 603;7;0;2;3;9;1
202300052966;155 586 609;33;0;0;7;1;1
202300052967;155 586 600;1;0;2;4;13;5
202300052967;155 586 602;33;0;2;1;1;1
202300052968;155 586 599;7;2;0;1;13;2
202300052969;155 586 597;34;0;1;1;26;1
202300052970;155 586 595;7;1;0;9;14;1
202300052971;155 586 594;2;0;2;1;1;1
202300052971;155 586 596;7;0;2;3;9;1
202300052972;155 586 598;7;0;2;4;11;1
202300052972;155 586 604;33;0;2;1;3;1
202300052973;155 586 588;7;0;2;2;15;1
202300052973;155 586 592;1;0;2;1;1;0
202300052974;155 586 586;7;0;2;1;1;2
202300052974;155 586 593;10;0;2;7;1;1
202300052975;155 586 585;7;0;2;2;15;1
202300052975;155 586 590;33;0;2;1;1;1
202300052976;155 586 583;7;3;2;4;1;1
202300052976;155 586 589;7;3;2;1;1;1
202300052977;155 586 576;33;0;2;1;1;1
202300052977;155 586 581;7;0;2;1;9;1
202300052978;155 586 580;7;0;2;2;1;1
202300052978;155 586 587;7;13;2;8;1;1
202300052978;155 586 591;7;0;2;1;1;1
202300052979;155 586 575;7;0;2;2;2;1
202300052979;155 586 578;7;0;2;3;16;1
202300052980;155 586 577;34;0;2;1;1;1
202300052980;155 586 582;1;0;2;8;15;0
202300052981;155 586 573;7;0;2;8;1;2
202300052981;155 586 579;7;0;2;1;26;1
202300052982;155 586 572;7;0;2;6;1;1
202300052983;155 586 571;33;0;2;8;0;1
202300052984;155 586 567;7;0;2;2;1;0
202300052984;155 586 569;7;0;2;3;1;1
202300052985;155 586 565;3;0;9;2;16;1
202300052985;155 586 566;1;0;2;8;1;5
202300052986;155 586 562;30;0;1;2;3;1
202300052987;155 586 564;7;0;2;1;1;1
202300052987;155 586 570;1;0;2;8;25;5
202300052988;155 586 559;10;0;2;4;14;1
202300052988;155 586 563;1;0;2;1;2;5
202300052989;155 586 558;50;0;2;1;1;3
202300052989;155 586 561;7;0;2;6;15;3
202300052990;155 586 556;10;0;1;7;1;1
202300052991;155 586 560;7;0;2;1;1;1
202300052991;155 586 568;7;0;2;4;1;1
202300052991;155 586 574;7;0;2;4;1;1
202300052991;155 586 584;7;0;2;4;1;1
202300052992;155 586 555;7;6;0;1;17;1
202300052993;155 586 553;14;13;0;1;1;1
202300052994;155 586 550;50;0;1;1;1;3
202300052995;155 586 551;33;14;0;1;11;0
202300052995;155 586 554;7;14;0;0;0;0
202300052995;155 586 557;7;15;0;0;0;0
202300052996;155 586 547;1;0;2;7;19;5
202300052996;155 586 552;7;0;2;1;19;1
202300052997;155 586 548;2;12;0;1;26;3
202300052998;155 586 544;7;0;2;1;2;1
202300052998;155 586 549;10;0;2;4;2;1
202300052999;155 586 542;10;0;1;4;4;1
202300053000;155 586 543;7;0;2;3;1;1
202300053000;155 586 546;1;0;2;3;1;5
202300053001;155 586 540;7;1;2;2;1;1
202300053001;155 586 545;33;1;2;1;1;1
202300053002;155 586 538;7;2;0;1;14;1
202300053003;155 586 539;7;0;1;1;1;0
202300053004;155 586 535;7;0;1;1;2;1
202300053005;155 586 532;37;0;2;1;1;1
202300053005;155 586 536;7;0;2;1;11;1
202300053006;155 586 534;7;0;2;3;2;0
202300053006;155 586 537;7;0;2;2;12;2
202300053006;155 586 541;7;0;2;2;2;1
202300053007;155 586 528;7;0;1;3;1;1
202300053008;155 586 529;10;13;0;2;14;1
202300053009;155 586 526;7;0;2;3;2;1
202300053009;155 586 531;7;0;2;5;1;0
202300053010;155 586 523;7;0;2;4;11;1
202300053010;155 586 527;34;0;2;1;3;1
202300053011;155 586 520;7;0;2;1;1;1
202300053011;155 586 525;7;0;2;8;19;1
202300053012;155 586 522;7;0;1;1;15;0
202300053013;155 586 515;2;0;2;5;19;1
202300053013;155 586 521;7;0;2;1;1;1
202300053014;155 586 518;43;14;0;1;3;1
202300053014;155 586 524;7;0;2;6;23;1
202300053015;155 586 513;7;0;2;1;2;1
202300053015;155 586 516;7;0;2;4;2;1
202300053016;155 586 514;7;0;2;4;2;1
202300053016;155 586 517;13;0;2;1;2;1
202300053017;155 586 512;2;0;2;6;1;1
202300053017;155 586 519;2;0;2;0;1;1
202300053018;155 586 508;10;0;1;1;1;1
202300053019;155 586 506;7;0;2;1;2;1
202300053019;155 586 509;7;0;2;4;23;1
202300053019;155 586 511;7;0;2;4;23;1
202300053020;155 586 503;7;4;2;1;2;2
202300053020;155 586 507;7;0;2;4;1;1
202300053020;155 586 510;7;0;2;6;1;2
202300053021;155 586 502;7;0;1;2;15;0
202300053022;155 586 501;7;0;2;2;12;0
202300053022;155 586 505;43;0;2;3;3;1
202300053023;155 586 500;33;0;2;1;17;1
202300053023;155 586 504;7;0;2;3;15;1
202300053024;155 586 498;7;0;1;1;1;1
202300053025;155 586 496;33;0;0;2;13;0
202300053026;155 586 495;7;0;1;3;16;2
202300053027;155 586 494;7;0;2;1;1;1
202300053027;155 586 497;7;0;2;1;13;1
202300053028;155 586 492;7;0;2;8;1;1
202300053028;155 586 499;7;0;2;3;13;1
202300053029;155 586 490;32;14;0;1;14;1
202300053030;155 586 487;10;0;1;1;1;1
202300053031;155 586 484;10;0;2;7;12;1
202300053031;155 586 488;10;0;2;4;1;1
202300053031;155 586 491;33;0;2;1;3;1
202300053032;155 586 486;7;0;1;1;1;1
202300053033;155 586 483;7;1;0;1;19;1
202300053034;155 586 481;10;0;2;1;21;1
202300053034;155 586 485;7;0;2;4;23;2
202300053034;155 586 489;15;0;2;1;2;1
202300053034;155 586 493;15;0;2;4;23;1
202300053035;155 586 482;7;4;0;1;14;1
202300053036;155 586 480;7;13;0;1;17;1
202300053037;155 586 475;33;3;0;7;9;1
202300053038;155 586 474;33;0;2;8;1;1