Num_Acc;id_vehicule;catv;obs;obsm;choc;manv;motor
202300053038;155 586 478;10;0;2;2;12;1
202300053039;155 586 471;7;1;0;2;1;0
202300053040;155 586 472;34;0;2;7;1;1
202300053040;155 586 476;7;0;2;3;11;1
202300053041;155 586 473;7;0;2;3;1;1
202300053041;155 586 479;1;0;2;2;19;5
202300053042;155 586 468;7;0;2;3;1;1
202300053042;155 586 469;7;0;2;3;13;1
202300053043;155 586 465;30;0;0;3;16;3
202300053044;155 586 463;7;1;0;1;1;1
202300053044;155 586 466;7;0;2;4;23;1
202300053045;155 586 461;30;0;2;1;2;1
202300053045;155 586 467;7;0;2;4;2;1
202300053046;155 586 458;7;0;2;2;1;1
202300053046;155 586 462;33;2;2;1;5;1
202300053046;155 586 464;7;0;2;8;1;1
202300053047;155 586 459;15;2;0;3;13;1
202300053048;155 586 457;7;0;1;3;1;2
202300053049;155 586 452;7;8;0;1;1;1
202300053050;155 586 455;32;0;0;0;21;1
202300053051;155 586 456;7;1;0;1;0;1
202300053051;155 586 460;15;0;0;4;24;1
202300053052;155 586 451;7;0;2;0;0;1
202300053052;155 586 453;7;0;2;1;26;1
202300053053;155 586 450;7;0;2;2;14;1
202300053053;155 586 454;7;0;2;8;1;1
202300053054;155 586 447;7;0;2;2;20;1
202300053054;155 586 448;30;0;2;3;18;1
202300053055;155 586 443;7;14;5;8;1;1
202300053056;155 586 439;30;0;2;0;2;1
202300053056;155 586 445;7;0;0;0;26;1
202300053057;155 586 441;20;0;0;7;26;1
202300053057;155 586 449;7;0;2;1;2;1
202300053058;155 586 438;7;0;2;8;1;1
202300053058;155 586 444;43;0;2;2;1;1
202300053059;155 586 437;7;0;2;4;2;2
202300053059;155 586 442;14;0;2;1;2;1
202300053060;155 586 435;7;0;2;2;12;1
202300053060;155 586 440;17;0;0;6;1;1
202300053060;155 586 446;7;0;2;1;1;1
202300053061;155 586 428;7;0;1;1;1;1
202300053062;155 586 429;50;0;2;3;1;3
202300053062;155 586 433;7;0;2;1;1;1
202300053063;155 586 431;10;5;6;2;1;1
202300053064;155 586 426;7;0;2;1;2;1
202300053064;155 586 430;43;0;2;4;2;1
202300053065;155 586 427;1;0;2;1;1;5
202300053065;155 586 434;7;0;2;1;1;1
202300053066;155 586 425;7;15;0;9;0;1
202300053067;155 586 423;7;13;0;2;0;0
202300053068;155 586 422;2;0;2;1;13;1
202300053068;155 586 424;10;0;2;3;1;1
202300053069;155 586 421;1;4;0;1;13;5
202300053070;155 586 414;1;0;0;0;0;5
202300053070;155 586 418;7;0;2;1;26;3
202300053071;155 586 413;1;0;0;0;1;5
202300053072;155 586 416;43;0;2;1;2;1
202300053072;155 586 420;7;0;2;4;2;1
202300053073;155 586 411;7;0;2;3;13;1
202300053073;155 586 412;7;0;2;3;1;1
202300053074;155 586 409;7;0;2;5;1;1
202300053074;155 586 417;7;0;2;1;1;1
202300053074;155 586 419;7;0;2;5;1;1
202300053075;155 586 410;7;0;0;3;15;0
202300053076;155 586 405;7;3;2;3;1;1
202300053077;155 586 403;7;0;2;3;13;1
202300053077;155 586 407;7;0;2;3;1;1
202300053078;155 586 399;1;0;2;7;1;5
202300053078;155 586 406;7;0;2;3;16;1
202300053079;155 586 402;30;0;2;1;2;1
202300053079;155 586 408;7;1;0;6;23;1
202300053080;155 586 398;2;0;2;1;1;1
202300053080;155 586 404;7;0;2;2;15;1
202300053081;155 586 394;7;0;2;1;23;0
202300053081;155 586 397;7;0;2;1;1;0
202300053081;155 586 400;10;0;2;4;23;1
202300053082;155 586 395;7;2;0;2;14;1
202300053083;155 586 393;7;0;2;8;1;1
202300053083;155 586 396;7;4;2;2;1;1
202300053083;155 586 401;10;0;2;1;15;1
202300053084;155 586 385;7;0;2;3;1;1
202300053084;155 586 390;7;0;2;3;13;6
202300053085;155 586 387;30;0;2;1;1;0
202300053085;155 586 392;1;0;2;6;21;5
202300053086;155 586 386;10;0;2;2;14;1
202300053086;155 586 391;7;0;0;6;1;1
202300053087;155 586 384;7;0;2;1;1;1
202300053087;155 586 389;15;0;2;6;1;1
202300053088;155 586 381;7;13;0;1;1;1
202300053089;155 586 380;7;0;2;6;1;0
202300053089;155 586 383;7;0;2;1;17;0
202300053090;155 586 379;10;4;0;1;1;1
202300053091;155 586 378;7;0;0;1;2;1
202300053091;155 586 382;7;0;2;4;1;1
202300053091;155 586 388;7;0;2;1;1;1
202300053092;155 586 374;50;0;2;8;15;3
202300053092;155 586 376;7;0;2;1;1;2
202300053093;155 586 371;2;0;2;3;1;1
202300053093;155 586 375;7;0;2;3;15;1
202300053094;155 586 368;7;0;2;1;1;1
202300053094;155 586 373;7;0;2;4;1;1
202300053094;155 586 377;7;0;2;4;1;1
202300053095;155 586 367;7;0;2;1;2;1
202300053095;155 586 369;7;0;2;4;23;1
202300053096;155 586 365;2;0;0;4;1;1
202300053096;155 586 370;7;0;2;3;9;1
202300053097;155 586 363;34;0;2;1;21;1
202300053097;155 586 372;7;0;2;1;23;1
202300053098;155 586 362;7;0;2;4;1;1
202300053098;155 586 366;33;0;2;1;1;1
202300053099;155 586 361;10;0;1;1;1;1
202300053100;155 586 357;7;0;2;4;2;1
202300053100;155 586 359;7;0;2;1;2;1
202300053100;155 586 360;32;0;2;4;2;1
202300053100;155 586 364;10;0;2;1;2;1
202300053101;155 586 354;1;0;2;8;26;5
202300053101;155 586 358;7;0;2;2;1;1
202300053102;155 586 356;7;0;1;1;15;2
202300053103;155 586 353;7;3;0;1;1;1
202300053104;155 586 351;33;5;6;1;1;1
202300053105;155 586 349;7;0;1;1;2;1
202300053106;155 586 350;7;0;2;2;26;1
202300053106;155 586 355;7;0;2;4;26;1
202300053107;155 586 348;7;0;2;3;13;1
202300053107;155 586 352;7;0;2;3;1;1
202300053108;155 586 345;37;0;1;5;13;6
202300053109;155 586 342;7;0;2;1;1;1
202300053109;155 586 346;7;0;2;4;1;1
202300053110;155 586 341;7;0;2;4;23;1
202300053110;155 586 347;7;0;2;1;1;1
202300053111;155 586 339;7;0;0;0;13;1
202300053112;155 586 338;33;13;0;8;15;1
202300053113;155 586 333;7;0;2;1;15;1
202300053113;155 586 336;1;0;2;1;1;5
202300053114;155 586 335;7;0;2;2;1;1
202300053114;155 586 340;15;0;2;2;15;1
202300053115;155 586 334;7;0;2;3;26;1
202300053115;155 586 343;1;0;2;8;1;5
202300053116;155 586 330;7;0;1;3;15;1
202300053117;155 586 331;7;0;2;3;13;1
202300053117;155 586 332;17;0;0;3;1;1
202300053118;155 586 326;7;0;1;1;1;1
202300053119;155 586 323;7;0;2;3;1;1
202300053119;155 586 329;7;0;2;3;1;1
202300053120;155 586 322;7;0;2;3;1;1
202300053120;155 586 327;50;0;2;1;19;3
202300053121;155 586 321;7;0;1;1;1;1
202300053122;155 586 319;32;0;2;2;17;0
202300053122;155 586 324;7;0;2;8;15;1
202300053123;155 586 316;10;0;2;1;1;1
202300053123;155 586 318;7;7;0;1;1;1
202300053123;155 586 325;7;0;2;1;1;1
202300053124;155 586 315;7;0;2;3;15;1
202300053124;155 586 320;15;0;2;1;1;1
202300053125;155 586 317;7;13;0;5;2;0
202300053125;155 586 328;7;12;2;3;1;0
202300053126;155 586 313;7;0;1;1;1;1
202300053127;155 586 309;7;0;2;3;2;1
202300053127;155 586 314;7;0;2;3;17;1
202300053128;155 586 308;14;0;2;7;26;1
202300053128;155 586 311;7;0;2;3;0;2
202300053129;155 586 310;7;0;1;7;2;1
202300053130;155 586 306;7;8;0;2;1;1
202300053131;155 586 307;14;0;1;0;16;1
202300053132;155 586 301;30;0;2;2;17;3
202300053132;155 586 303;7;0;2;3;1;1
202300053133;155 586 299;7;0;2;1;1;1
202300053133;155 586 304;7;0;2;4;1;1
202300053134;155 586 297;7;0;2;3;9;0
202300053134;155 586 302;2;0;2;7;15;1
202300053135;155 586 296;37;0;2;3;1;1
202300053135;155 586 312;14;0;2;2;1;1
202300053136;155 586 295;7;0;0;4;23;1
202300053136;155 586 300;7;0;2;1;1;1
202300053137;155 586 292;7;6;0;3;1;1
202300053138;155 586 290;15;0;0;6;1;1
202300053138;155 586 294;10;0;2;2;2;1
202300053139;155 586 293;7;0;2;5;14;1
202300053139;155 586 298;33;0;2;3;18;1
202300053140;155 586 288;34;0;2;1;1;1
202300053140;155 586 291;7;0;2;0;15;1
202300053141;155 586 285;3;0;2;2;14;2
202300053141;155 586 287;99;0;2;1;1;3
202300053142;155 586 284;7;0;1;1;1;1
202300053143;155 586 280;33;13;0;1;5;1
202300053144;155 586 282;33;0;2;0;21;1
202300053144;155 586 286;31;0;2;0;0;1
202300053145;155 586 279;7;1;0;3;1;1
202300053146;155 586 281;10;0;2;2;13;1
202300053146;155 586 289;7;13;2;6;1;1
202300053147;155 586 275;7;0;0;4;2;1
202300053147;155 586 277;7;0;2;0;0;1
202300053148;155 586 274;10;0;1;6;26;1
202300053149;155 586 273;7;0;2;1;5;1
202300053149;155 586 278;7;0;2;1;1;1
202300053149;155 586 283;7;0;2;1;1;1
202300053150;155 586 276;32;8;0;1;14;1
202300053151;155 586 268;7;0;0;6;24;2
202300053151;155 586 272;15;1;0;2;1;1
202300053152;155 586 266;7;0;9;1;1;1
202300053152;155 586 270;15;0;0;0;1;0
202300053153;155 586 263;1;0;0;0;0;5
202300053154;155 586 265;10;0;2;1;1;1
202300053154;155 586 271;50;0;2;0;15;3
202300053155;155 586 259;13;0;2;3;2;1
202300053155;155 586 262;7;0;2;4;2;1
202300053155;155 586 267;7;0;0;4;2;3
202300053156;155 586 257;14;0;0;8;1;1
202300053157;155 586 260;7;0;0;5;16;1
202300053157;155 586 264;7;0;2;1;7;1
202300053158;155 586 256;7;2;0;0;1;1
202300053159;155 586 255;7;0;9;3;9;1
202300053159;155 586 261;2;0;2;1;1;1
202300053160;155 586 253;7;0;9;1;1;0
202300053160;155 586 258;1;0;0;4;1;5
202300053161;155 586 249;7;2;0;1;14;1
202300053162;155 586 250;1;0;2;1;1;5
202300053162;155 586 252;7;0;2;3;9;1
202300053163;155 586 244;7;0;0;8;1;1
202300053163;155 586 251;7;0;0;1;1;1
202300053164;155 586 243;7;0;2;1;1;2
202300053164;155 586 248;7;0;2;1;5;1
202300053165;155 586 241;7;0;2;2;26;1
202300053165;155 586 245;50;0;2;2;25;3
202300053166;155 586 240;7;0;2;1;5;1
202300053166;155 586 246;7;0;2;1;1;1
202300053167;155 586 237;7;2;0;7;1;1
202300053168;155 586 238;7;0;2;3;1;1
202300053168;155 586 242;7;0;2;3;1;1
202300053169;155 586 235;7;0;1;1;1;1
202300053170;155 586 233;10;0;2;1;1;1
202300053170;155 586 234;10;0;2;8;19;0
202300053171;155 586 232;7;0;2;5;2;1
202300053171;155 586 236;34;0;2;3;2;1
202300053172;155 586 231;10;7;0;9;1;1
202300053173;155 586 230;7;0;1;1;1;1
202300053174;155 586 224;7;0;2;1;15;1
202300053174;155 586 228;7;9;2;8;1;1
202300053175;155 586 223;7;0;2;1;13;1
202300053175;155 586 225;7;0;2;1;1;1
202300053176;155 586 222;7;0;0;0;1;1
202300053176;155 586 226;7;0;2;1;1;1
202300053176;155 586 229;7;0;2;1;17;1
202300053177;155 586 218;7;0;9;2;2;1
202300053177;155 586 221;1;0;2;8;1;5
202300053178;155 586 216;50;0;0;3;21;3
202300053179;155 586 214;14;0;2;0;0;1
202300053179;155 586 219;7;0;2;5;1;1
202300053180;155 586 215;33;6;2;1;26;1
202300053180;155 586 220;7;0;2;3;15;1
202300053181;155 586 210;7;0;1;7;1;1
202300053182;155 586 211;7;0;2;5;15;3
202300053182;155 586 217;33;0;2;1;1;1
202300053183;155 586 208;7;0;2;1;1;1
202300053183;155 586 212;7;0;2;1;1;1
202300053184;155 586 203;2;9;0;3;26;1
202300053184;155 586 207;1;0;2;0;26;5
202300053185;155 586 202;7;0;1;3;21;2
202300053185;155 586 209;7;0;2;4;0;1
202300053185;155 586 213;7;0;2;1;0;1
202300053186;155 586 204;7;12;0;3;0;1
202300053187;155 586 200;7;0;2;2;16;1
202300053187;155 586 205;1;0;0;0;0;5
202300053188;155 586 201;33;0;2;1;1;1
202300053188;155 586 206;7;0;2;2;15;1
202300053189;155 586 197;7;0;2;2;15;1
202300053189;155 586 199;7;0;2;3;1;3
202300053190;155 586 198;10;0;1;3;1;1
202300053191;155 586 194;7;6;0;7;1;1
202300053192;155 586 193;36;9;0;1;1;1
202300053193;155 586 191;7;0;2;3;13;1
202300053193;155 586 196;7;0;2;3;1;1
202300053194;155 586 187;7;0;2;1;15;1
202300053194;155 586 192;31;0;2;1;1;1
202300053195;155 586 189;7;0;2;3;9;0
202300053195;155 586 195;33;0;2;1;1;0
202300053196;155 586 188;31;0;2;0;1;1
202300053196;155 586 190;7;0;2;3;20;1
202300053197;155 586 183;50;0;0;2;0;3
202300053198;155 586 181;50;0;2;1;19;3
202300053198;155 586 185;7;0;2;2;23;1
202300053199;155 586 179;7;0;2;3;2;1
202300053199;155 586 184;7;0;2;5;2;2
202300053200;155 586 180;7;0;2;3;19;1
202300053200;155 586 186;2;0;2;1;1;1
202300053201;155 586 176;7;2;0;1;1;1
202300053202;155 586 174;7;0;2;2;1;1
202300053202;155 586 178;7;0;2;3;19;1
202300053203;155 586 173;7;0;0;9;1;1
202300053204;155 586 172;21;0;0;0;1;1
202300053205;155 586 168;7;0;1;3;15;1
202300053206;155 586 171;7;2;0;4;14;1
202300053207;155 586 166;2;1;0;2;1;1
202300053208;155 586 163;7;0;2;1;1;1
202300053208;155 586 169;7;0;2;2;15;1
202300053208;155 586 175;7;0;0;3;23;1
202300053209;155 586 165;33;0;2;6;0;1
202300053209;155 586 170;33;0;2;2;21;1
202300053210;155 586 164;7;0;2;1;17;1
202300053210;155 586 167;2;0;2;1;1;1
202300053211;155 586 161;36;0;0;0;1;1
202300053212;155 586 160;2;6;0;3;0;1
202300053213;155 586 158;33;3;0;0;1;1
202300053214;155 586 157;31;0;2;3;17;1
202300053214;155 586 162;7;0;2;3;1;1
202300053215;155 586 155;7;0;2;3;5;1
202300053215;155 586 159;17;0;2;3;1;1
202300053216;155 586 154;10;2;0;1;14;1
202300053217;155 586 149;7;0;2;3;13;0
202300053217;155 586 153;7;0;2;3;1;0
202300053218;155 586 147;7;0;2;3;14;1
202300053218;155 586 151;7;0;2;5;1;1
202300053219;155 586 146;33;0;0;7;1;1
202300053220;155 586 140;1;0;0;6;2;5
202300053220;155 586 143;7;0;2;2;9;1
202300053221;155 586 137;7;0;2;2;1;1
202300053221;155 586 148;10;0;2;3;19;1
202300053222;155 586 139;10;0;2;1;1;1
202300053222;155 586 145;7;0;2;4;23;1
202300053222;155 586 152;7;0;0;4;23;1
202300053223;155 586 138;7;0;1;1;1;1
202300053224;155 586 133;7;0;2;0;2;1
202300053224;155 586 141;7;0;2;4;2;1
202300053224;155 586 144;7;0;2;9;2;1
202300053224;155 586 150;7;0;2;0;2;1
202300053224;155 586 156;7;0;2;0;2;1
202300053225;155 586 134;7;0;2;3;1;1
202300053225;155 586 142;7;0;2;7;1;1
202300053226;155 586 132;17;0;2;3;13;1
202300053226;155 586 135;33;0;2;3;1;1
202300053227;155 586 130;7;0;2;3;1;1
202300053227;155 586 136;50;0;2;7;19;3
202300053228;155 586 129;7;13;0;9;1;1
202300053229;155 586 125;7;16;0;1;1;1
202300053230;155 586 127;10;2;0;2;14;1
202300053231;155 586 123;7;0;2;2;10;3
202300053231;155 586 131;33;0;2;8;1;1
202300053232;155 586 118;7;0;2;1;1;1
202300053232;155 586 126;7;0;2;1;17;1
202300053233;155 586 117;7;0;1;3;2;1
202300053234;155 586 116;30;0;0;7;0;1
202300053235;155 586 120;2;0;2;1;17;1
202300053235;155 586 124;7;0;2;3;15;1
202300053236;155 586 119;50;0;2;1;2;3
202300053236;155 586 122;7;0;2;5;16;1
202300053237;155 586 110;33;13;0;0;1;1
202300053238;155 586 107;7;0;2;1;1;1
202300053238;155 586 113;7;0;0;4;1;3
202300053239;155 586 108;7;13;0;2;1;1
202300053240;155 586 105;7;0;2;1;1;1
202300053240;155 586 112;30;0;2;7;9;1
202300053241;155 586 106;7;0;2;4;2;1
202300053241;155 586 115;7;0;2;4;1;1
202300053241;155 586 121;7;0;2;4;2;1
202300053241;155 586 128;10;0;2;1;2;1
202300053242;155 586 103;30;0;2;0;0;0
202300053242;155 586 111;7;0;2;3;16;6
202300053243;155 586 101;34;0;0;0;0;1
202300053244;155 586 104;7;0;1;1;1;1
202300053245;155 586 099;10;3;2;1;1;1
202300053245;155 586 102;17;0;2;4;1;1
202300053246;155 586 098;7;0;1;3;1;1
202300053247;155 586 095;7;13;0;2;1;1
202300053248;155 586 096;32;0;0;0;2;1
202300053249;155 586 094;7;13;0;5;0;1
202300053250;155 586 092;7;0;0;2;1;1
202300053250;155 586 100;7;0;0;8;1;1
202300053250;155 586 109;7;0;0;3;1;1
202300053251;155 586 093;30;0;2;1;1;1
202300053251;155 586 097;7;0;2;2;15;1
202300053252;155 586 086;15;0;0;2;1;1
202300053252;155 586 090;7;0;2;9;1;1
202300053253;155 586 087;1;0;2;1;13;5
202300053253;155 586 091;7;0;2;2;1;1
202300053254;155 586 085;33;12;0;1;13;1
202300053255;155 586 084;1;0;2;7;1;5
202300053255;155 586 088;7;0;2;3;10;1
202300053256;155 586 081;1;0;2;8;1;5
202300053256;155 586 082;7;0;2;7;2;1
202300053257;155 586 078;0;0;1;0;0;0
202300053258;155 586 076;7;0;2;1;1;0
202300053258;155 586 080;7;0;2;1;1;1
202300053258;155 586 083;7;0;2;4;1;1
202300053259;155 586 071;10;2;0;1;1;1
202300053260;155 586 070;33;12;0;8;0;1
202300053261;155 586 072;50;0;2;1;19;3
202300053261;155 586 079;7;0;2;3;1;1
202300053262;155 586 073;7;0;1;1;1;1
202300053263;155 586 069;7;0;2;3;13;1
202300053263;155 586 077;7;0;2;3;1;1
202300053264;155 586 068;7;14;2;4;1;1
202300053264;155 586 075;7;0;2;1;1;1
202300053265;155 586 066;7;13;0;1;1;1
202300053266;155 586 065;50;0;2;1;5;3
202300053266;155 586 067;7;0;9;1;1;1
202300053267;155 586 057;7;0;1;2;1;1
202300053268;155 586 059;7;2;2;2;14;1
202300053269;155 586 055;7;0;2;8;1;2
202300053269;155 586 064;30;0;2;1;7;1
202300053270;155 586 054;7;0;2;8;1;1
202300053270;155 586 060;7;0;2;1;1;0
202300053270;155 586 062;7;0;2;5;1;1
202300053271;155 586 053;33;0;0;9;13;1
202300053272;155 586 052;15;0;2;3;1;1
202300053272;155 586 056;15;0;0;0;1;1
202300053272;155 586 063;7;0;2;1;0;1
202300053273;155 586 050;7;13;0;1;1;1
202300053274;155 586 049;33;0;0;0;1;1
202300053275;155 586 048;7;3;2;3;1;1
202300053275;155 586 051;7;0;2;1;15;1
202300053276;155 586 046;7;0;1;1;1;1
202300053277;155 586 039;7;16;0;1;17;1
202300053278;155 586 042;21;0;0;0;0;1
202300053279;155 586 038;10;0;2;7;12;0
202300053279;155 586 044;33;0;2;8;3;1
202300053280;155 586 040;7;0;2;3;15;1
202300053280;155 586 045;7;6;2;1;17;1
202300053281;155 586 036;7;0;2;1;15;1
202300053281;155 586 047;30;0;2;1;1;1
202300053282;155 586 035;10;0;2;3;13;1
202300053282;155 586 043;7;0;2;2;1;1
202300053283;155 586 029;7;0;0;1;1;1
202300053284;155 586 037;10;0;2;1;1;1
202300053284;155 586 041;7;0;0;8;9;1
202300053285;155 586 027;7;0;2;2;13;1
202300053285;155 586 031;7;0;2;2;1;1
202300053286;155 586 028;7;0;2;6;1;1
202300053286;155 586 030;10;0;2;2;12;1
202300053287;155 586 033;7;0;1;1;26;2
202300053288;155 586 024;7;13;0;8;2;1
202300053289;155 586 020;7;0;2;1;1;1
202300053289;155 586 026;7;0;2;3;19;1
202300053290;155 586 023;7;0;2;1;17;1
202300053290;155 586 032;7;0;2;6;15;1
202300053291;155 586 019;7;0;2;3;1;1
202300053291;155 586 034;7;0;2;1;26;1
202300053292;155 586 017;7;0;2;2;15;1
202300053292;155 586 025;31;0;2;1;16;1
202300053293;155 586 016;33;17;0;1;1;1
202300053294;155 586 015;31;0;2;1;0;1
202300053294;155 586 021;32;0;2;1;0;1
202300053295;155 586 013;34;0;2;1;1;1
202300053295;155 586 018;7;0;2;1;17;1
202300053296;155 586 011;10;0;2;4;2;1
202300053296;155 586 014;7;0;2;4;2;4
202300053296;155 586 022;10;0;2;3;1;1
202300053297;155 586 008;7;9;1;2;14;1
202300053298;155 586 007;7;3;0;6;2;1
202300053298;155 586 012;7;0;2;3;2;1
202300053299;155 586 006;7;13;0;2;1;1
202300053300;155 586 004;7;0;2;1;16;1
202300053300;155 586 009;30;0;2;2;21;1
202300053301;155 586 002;7;0;1;1;19;1
202300053302;155 586 001;21;0;2;3;19;1
202300053302;155 586 010;33;0;2;1;1;1
202300053303;155 586 000;7;6;0;1;1;1
202300053304;155 585 999;7;0;2;3;0;1
202300053304;155 586 003;33;0;2;3;3;1
202300053305;155 585 997;7;13;0;3;1;1
202300053306;155 585 994;33;0;0;1;26;1
202300053307;155 585 993;7;4;0;1;0;1
202300053307;155 585 996;7;0;2;1;2;1
202300053307;155 585 998;7;0;2;1;1;1
202300053308;155 585 992;7;0;1;2;15;1
202300053309;155 585 989;7;0;2;2;17;1
202300053309;155 586 005;7;0;2;3;13;1
202300053310;155 585 990;7;1;0;0;1;1
202300053311;155 585 987;7;0;2;4;1;0
202300053311;155 585 995;7;0;2;1;1;0
202300053312;155 585 984;33;13;0;1;14;1
202300053313;155 585 982;7;7;0;7;0;1
202300053314;155 585 985;7;0;0;0;15;1
202300053314;155 585 988;1;0;0;0;1;5
202300053315;155 585 979;2;0;2;1;13;1
202300053315;155 585 981;7;0;2;3;1;1
202300053316;155 585 980;2;0;2;1;19;1
202300053316;155 585 991;7;0;2;2;26;1
202300053317;155 585 978;17;0;2;5;1;1
202300053317;155 585 983;17;0;2;1;1;1
202300053317;155 585 986;10;0;2;1;2;1
202300053318;155 585 977;7;6;0;8;26;1
202300053319;155 585 974;33;0;0;8;1;0
202300053320;155 585 973;7;2;0;1;1;1
202300053321;155 585 968;10;0;2;1;1;1
202300053321;155 585 972;7;0;2;2;16;1
202300053322;155 585 964;15;0;2;8;1;1
202300053322;155 585 967;7;0;9;3;1;1
202300053323;155 585 963;7;6;0;1;2;0
202300053324;155 585 970;17;0;2;2;1;1
202300053324;155 585 975;7;0;2;8;4;1
202300053325;155 585 971;7;0;2;1;1;3
202300053325;155 585 976;10;0;2;3;13;1
202300053326;155 585 960;33;0;0;8;1;1
202300053327;155 585 961;7;0;2;8;15;1
202300053327;155 585 966;7;0;2;3;1;1
202300053328;155 585 959;7;7;2;8;0;1
202300053328;155 585 969;7;7;2;1;0;1
202300053329;155 585 955;7;0;0;0;24;1
202300053330;155 585 951;7;0;0;0;1;1
202300053330;155 585 962;33;0;0;2;1;1
202300053331;155 585 949;10;0;2;3;1;1
202300053331;155 585 954;7;0;2;3;13;1
202300053332;155 585 952;3;0;2;2;17;1
202300053332;155 585 957;1;0;0;3;1;5
202300053333;155 585 947;7;6;2;5;9;1
202300053333;155 585 958;10;0;2;3;23;1
202300053333;155 585 965;7;1;2;1;1;1
202300053334;155 585 943;33;13;0;1;1;1
202300053335;155 585 944;2;0;2;0;18;1
202300053335;155 585 953;7;0;2;2;1;1
202300053336;155 585 942;1;0;2;8;13;5
202300053336;155 585 948;31;0;2;8;26;1
202300053337;155 585 941;7;1;0;1;1;1
202300053338;155 585 940;33;0;0;0;15;1
202300053338;155 585 945;33;0;0;0;17;1
202300053339;155 585 938;33;8;0;0;1;0
202300053340;155 585 937;7;0;2;1;1;1
202300053340;155 585 939;7;0;2;1;13;1
202300053341;155 585 933;33;0;2;1;1;1
202300053341;155 585 936;7;0;2;8;10;1
202300053342;155 585 927;33;0;0;4;1;1
202300053342;155 585 934;7;0;2;2;12;1
202300053343;155 585 926;7;6;0;3;13;1
202300053344;155 585 925;10;0;2;1;24;0
202300053344;155 585 931;50;0;0;0;0;3
202300053345;155 585 923;7;0;2;3;15;1
202300053345;155 585 932;33;0;2;1;1;1
202300053346;155 585 920;7;0;2;1;2;1
202300053346;155 585 929;14;0;0;4;2;1
202300053347;155 585 917;7;0;2;2;12;1
202300053347;155 585 924;2;0;2;8;1;1
202300053348;155 585 915;7;0;2;3;13;1
202300053348;155 585 921;7;0;2;3;1;1
202300053349;155 585 914;7;0;1;1;1;1
202300053350;155 585 912;7;1;2;5;1;1
202300053350;155 585 918;34;0;2;1;1;1
202300053350;155 585 922;7;0;2;7;1;1
202300053350;155 585 930;15;0;2;3;1;1
202300053351;155 585 910;17;0;2;3;1;1
202300053351;155 585 913;7;14;0;1;1;1
202300053351;155 585 916;7;0;2;3;13;1
202300053352;155 585 906;7;2;0;1;11;1
202300053353;155 585 908;7;13;0;2;16;1
202300053354;155 585 905;7;0;2;2;9;1
202300053354;155 585 911;1;0;2;4;0;5
202300053355;155 585 907;7;3;0;2;1;1
202300053356;155 585 900;7;0;2;1;1;1
202300053356;155 585 903;2;0;2;4;1;1
202300053357;155 585 902;15;0;1;1;1;1
202300053358;155 585 895;32;4;0;8;2;1
202300053359;155 585 896;38;0;0;3;1;0
202300053359;155 585 901;7;0;0;4;1;0
202300053359;155 585 904;17;0;0;6;9;0
202300053359;155 585 909;7;0;2;5;12;0
202300053360;155 585 893;10;0;1;3;1;1
202300053361;155 585 890;1;0;2;1;19;5
202300053361;155 585 898;7;0;1;3;19;1
202300053362;155 585 886;10;0;2;1;1;1
202300053362;155 585 897;10;0;2;2;1;1
202300053363;155 585 889;7;0;2;3;15;1
202300053363;155 585 894;2;0;2;2;17;1
202300053364;155 585 887;10;3;0;1;26;1
202300053365;155 585 884;7;12;0;3;1;1
202300053366;155 585 885;7;0;2;4;2;1
202300053366;155 585 891;7;0;2;3;2;1
202300053366;155 585 899;7;0;2;4;1;1
202300053367;155 585 879;14;3;0;2;0;1
202300053368;155 585 882;10;0;1;1;15;1
202300053369;155 585 876;7;0;2;4;1;1
202300053369;155 585 881;10;0;2;4;2;1
202300053369;155 585 883;10;0;2;5;2;1
202300053369;155 585 888;7;0;0;4;2;1
202300053369;155 585 892;15;0;2;1;2;1
202300053370;155 585 869;33;0;2;1;1;1
202300053370;155 585 875;7;0;2;3;11;1
202300053371;155 585 871;7;4;0;3;1;1
202300053372;155 585 870;33;0;2;1;2;1
202300053372;155 585 877;7;0;0;4;2;1
202300053373;155 585 868;7;0;2;8;19;1
202300053373;155 585 874;7;0;2;1;1;1
202300053374;155 585 873;1;0;0;0;19;5
202300053374;155 585 878;7;0;2;2;1;1
202300053375;155 585 867;33;0;2;4;1;1
202300053375;155 585 872;7;0;2;1;11;1
202300053376;155 585 865;7;12;0;0;17;1
202300053377;155 585 863;7;4;0;1;0;1
202300053378;155 585 866;10;1;0;1;1;1
202300053379;155 585 861;7;16;0;1;1;1
202300053380;155 585 858;30;11;0;3;13;1
202300053381;155 585 853;7;3;0;8;1;1
202300053381;155 585 857;17;0;2;2;12;1
202300053382;155 585 851;10;0;2;5;2;1
202300053382;155 585 856;33;0;2;3;1;1
202300053383;155 585 855;7;0;2;3;11;1
202300053383;155 585 859;33;0;2;1;26;1
202300053384;155 585 850;35;6;0;0;0;0
202300053385;155 585 848;7;3;0;1;13;1
202300053386;155 585 847;21;0;2;2;15;1
202300053386;155 585 852;7;6;2;1;1;1
202300053387;155 585 843;7;13;2;3;1;1
202300053387;155 585 849;10;0;2;2;19;1
202300053388;155 585 842;10;15;0;1;14;1