Num_Acc;id_vehicule;catv;obs;obsm;choc;manv;motor
202300054816;155 583 353;7;0;2;3;5;2
202300054816;155 583 354;7;0;2;1;1;1
202300054817;155 583 352;7;0;1;2;1;1
202300054818;155 583 351;7;1;0;8;0;1
202300054819;155 583 349;2;0;2;8;21;1
202300054819;155 583 350;7;0;2;2;17;1
202300054820;155 583 348;7;0;9;4;26;1
202300054821;155 583 346;30;0;2;3;9;1
202300054821;155 583 347;7;0;2;2;9;1
202300054822;155 583 344;7;0;2;7;22;1
202300054822;155 583 345;50;14;2;1;1;3
202400000001;155 781 758;7;0;2;1;13;1
202400000001;155 781 759;14;0;2;2;21;1
202400000002;155 781 757;10;0;1;3;15;1
202400000003;155 781 756;3;9;1;1;1;1
202400000004;155 781 754;34;0;2;0;0;1
202400000004;155 781 755;7;0;2;3;15;0
202400000005;155 781 750;7;0;2;1;9;1
202400000005;155 781 751;7;0;2;1;17;1
202400000005;155 781 752;7;0;0;3;2;1
202400000005;155 781 753;7;0;0;1;2;1
202400000006;155 781 748;7;0;2;1;1;1
202400000006;155 781 749;7;0;2;6;19;1
202400000007;155 781 746;7;0;2;2;15;1
202400000007;155 781 747;7;0;2;3;9;2
202400000008;155 781 742;7;0;2;1;2;1
202400000008;155 781 743;7;0;2;4;2;1
202400000009;155 781 741;7;6;5;2;14;1
202400000010;155 781 740;33;12;0;8;18;1
202400000011;155 781 738;7;0;2;4;1;1
202400000011;155 781 739;7;0;2;1;2;1
202400000012;155 781 737;33;0;0;7;1;1
202400000013;155 781 736;2;0;1;2;1;1
202400000014;155 781 734;1;0;2;2;17;5
202400000014;155 781 735;1;0;2;3;1;5
202400000015;155 781 732;80;0;2;1;1;3
202400000015;155 781 733;80;0;2;1;1;3
202400000016;155 781 730;50;1;0;2;22;3
202400000016;155 781 731;10;1;2;2;22;1
202400000017;155 781 729;7;0;1;4;26;1
202400000018;155 781 727;7;0;2;3;9;1
202400000018;155 781 728;1;0;2;7;1;5
202400000019;155 781 726;7;0;1;1;16;2
202400000020;155 781 724;2;0;2;1;17;1
202400000020;155 781 725;33;0;2;1;1;1
202400000021;155 781 723;50;0;1;1;26;3
202400000022;155 781 722;7;2;0;1;1;1
202400000023;155 781 720;7;0;2;0;0;0
202400000023;155 781 721;7;0;2;3;1;1
202400000024;155 781 719;2;8;0;1;14;1
202400000025;155 781 715;7;0;2;1;2;0
202400000025;155 781 716;7;0;2;4;2;1
202400000025;155 781 717;7;0;2;1;2;0
202400000025;155 781 718;7;0;2;1;2;1
202400000026;155 781 714;50;0;1;1;1;3
202400000027;155 781 713;1;0;1;7;12;5
202400000028;155 781 712;7;0;1;1;0;1
202400000029;155 781 708;10;0;1;8;15;1
202400000030;155 781 704;10;0;2;1;16;1
202400000030;155 781 705;80;0;2;8;1;3
202400000031;155 781 702;7;0;2;8;10;1
202400000031;155 781 703;33;0;2;7;1;1
202400000032;155 781 700;33;0;2;1;1;1
202400000032;155 781 701;7;0;2;6;2;1
202400000033;155 781 699;7;0;1;1;15;1
202400000034;155 781 698;33;0;1;1;1;1
202400000035;155 781 696;10;0;2;2;16;1
202400000035;155 781 697;34;0;2;1;1;1
202400000036;155 781 694;7;0;2;5;15;2
202400000036;155 781 695;33;0;2;2;17;1
202400000037;155 781 693;7;0;0;0;1;1
202400000038;155 781 690;7;3;2;2;11;1
202400000038;155 781 691;7;3;2;6;11;1
202400000038;155 781 692;7;3;2;0;2;1
202400000039;155 781 688;33;0;2;1;17;1
202400000039;155 781 689;7;0;2;3;15;1
202400000040;155 781 685;7;0;2;1;1;1
202400000040;155 781 686;10;0;2;4;1;1
202400000040;155 781 687;7;0;2;4;1;2
202400000041;155 781 684;7;15;0;1;1;1
202400000042;155 781 682;7;0;2;3;1;1
202400000042;155 781 683;7;0;2;8;19;1
202400000043;155 781 681;10;0;1;3;1;0
202400000044;155 781 677;32;0;2;2;3;1
202400000044;155 781 678;17;0;2;8;1;1
202400000044;155 781 680;10;0;2;2;1;1
202400000045;155 781 676;32;0;2;1;1;1
202400000045;155 781 679;7;0;2;1;15;1
202400000046;155 781 675;7;4;0;3;1;1
202400000047;155 781 674;7;0;1;7;1;1
202400000048;155 781 669;7;0;0;4;23;1
202400000048;155 781 671;15;0;2;1;2;1
202400000048;155 781 672;99;0;0;6;23;1
202400000048;155 781 673;7;0;2;9;23;3
202400000049;155 781 670;7;6;0;2;1;1
202400000050;155 781 668;7;4;0;1;26;1
202400000051;155 781 666;7;0;0;0;15;1
202400000051;155 781 667;33;4;0;1;21;1
202400000052;155 781 664;34;0;2;8;11;0
202400000052;155 781 665;7;0;2;2;1;0
202400000053;155 781 663;10;13;0;1;1;1
202400000054;155 781 660;7;0;2;3;1;1
202400000054;155 781 661;33;0;2;1;1;1
202400000054;155 781 662;7;0;2;4;1;3
202400000055;155 781 654;43;0;2;5;17;1
202400000055;155 781 656;7;0;2;3;1;1
202400000055;155 781 658;7;0;2;2;1;1
202400000056;155 781 651;33;0;2;3;18;1
202400000056;155 781 652;7;0;2;7;1;1
202400000057;155 781 650;7;0;2;3;16;1
202400000057;155 781 653;10;0;2;3;15;1
202400000058;155 781 647;7;0;2;7;0;1
202400000058;155 781 649;15;0;2;2;1;1
202400000059;155 781 646;7;0;2;3;13;1
202400000059;155 781 648;7;0;2;3;1;1
202400000060;155 781 643;7;4;2;6;11;1
202400000060;155 781 645;34;4;2;1;3;1
202400000061;155 781 642;7;0;2;4;11;1
202400000061;155 781 644;31;0;2;1;3;1
202400000062;155 781 640;31;12;0;7;26;1
202400000063;155 781 639;7;0;2;5;1;1
202400000063;155 781 641;10;6;2;2;13;1
202400000064;155 781 637;7;0;9;6;10;1
202400000064;155 781 638;1;0;2;1;1;5
202400000065;155 781 636;7;0;0;1;0;1
202400000066;155 781 635;7;12;0;3;1;1
202400000067;155 781 633;7;4;0;3;1;1
202400000068;155 781 632;7;0;2;7;15;1
202400000068;155 781 634;30;0;2;1;1;1
202400000069;155 781 631;7;2;0;3;17;1
202400000070;155 781 628;7;2;0;1;1;1
202400000071;155 781 629;7;0;2;7;19;1
202400000071;155 781 630;10;0;2;1;19;1
202400000072;155 781 624;7;0;2;3;26;1
202400000072;155 781 626;2;0;2;1;1;1
202400000073;155 781 625;10;0;2;2;19;1
202400000073;155 781 627;31;0;2;1;1;1
202400000074;155 781 622;1;0;2;3;12;5
202400000075;155 781 621;33;0;2;1;1;1
202400000075;155 781 623;10;0;2;7;15;1
202400000076;155 781 618;2;0;2;1;1;1
202400000076;155 781 620;7;0;2;2;12;1
202400000077;155 781 616;10;0;2;1;1;1
202400000077;155 781 617;7;0;0;6;15;1
202400000077;155 781 619;38;0;2;3;1;1
202400000078;155 781 614;50;0;2;8;19;3
202400000078;155 781 615;34;7;2;1;1;1
202400000079;155 781 613;7;0;1;2;9;1
202400000080;155 781 610;2;0;2;6;11;1
202400000080;155 781 612;2;0;2;1;17;1
202400000081;155 781 609;1;1;0;1;1;5
202400000081;155 781 611;7;0;2;3;22;1
202400000082;155 781 608;7;0;1;1;15;1
202400000083;155 781 607;7;4;0;9;0;0
202400000084;155 781 606;7;3;0;3;0;1
202400000085;155 781 604;15;0;2;2;1;1
202400000085;155 781 605;7;6;2;1;11;1
202400000086;155 781 603;10;2;0;9;26;1
202400000087;155 781 601;10;0;2;6;4;0
202400000087;155 781 602;34;0;2;7;26;1
202400000088;155 781 600;10;0;1;2;1;1
202400000089;155 781 599;7;0;0;0;1;1
202400000090;155 781 597;17;0;0;5;1;1
202400000090;155 781 598;7;4;2;3;2;1
202400000091;155 781 595;37;0;1;6;1;1
202400000092;155 781 594;10;0;0;0;1;1
202400000093;155 781 590;7;3;0;4;2;1
202400000093;155 781 591;7;0;2;1;2;1
202400000094;155 781 589;7;0;1;1;1;1
202400000095;155 781 587;7;0;2;3;11;1
202400000095;155 781 588;1;0;2;5;1;5
202400000096;155 781 585;7;0;2;4;23;0
202400000096;155 781 586;10;0;2;1;1;0
202400000097;155 781 583;7;0;2;3;11;1
202400000097;155 781 584;7;0;2;5;1;1
202400000098;155 781 581;7;0;2;2;2;1
202400000098;155 781 582;10;0;2;5;1;1
202400000099;155 781 579;7;0;2;4;2;1
202400000099;155 781 580;7;0;2;1;2;1
202400000100;155 781 578;33;0;2;1;2;1
202400000101;155 781 575;7;0;2;1;2;1
202400000101;155 781 576;7;0;2;4;2;1
202400000101;155 781 577;7;0;2;1;2;2
202400000102;155 781 573;7;0;2;2;1;1
202400000102;155 781 574;14;0;2;6;26;1
202400000103;155 781 571;33;0;2;7;3;1
202400000103;155 781 572;7;0;2;0;2;1
202400000104;155 781 569;1;0;2;3;21;5
202400000104;155 781 570;7;0;2;3;17;0
202400000105;155 781 567;32;0;2;1;1;1
202400000105;155 781 568;7;0;2;6;20;1
202400000106;155 781 564;7;0;2;3;2;1
202400000106;155 781 565;0;0;2;1;1;0
202400000107;155 781 562;10;0;2;2;1;1
202400000107;155 781 563;7;0;2;3;9;0
202400000108;155 781 560;2;0;2;3;1;1
202400000108;155 781 561;10;0;2;3;9;1
202400000109;155 781 557;7;0;1;7;1;1
202400000110;155 781 555;7;0;2;3;15;1
202400000110;155 781 556;1;0;2;3;0;5
202400000111;155 781 553;7;0;2;1;0;1
202400000111;155 781 554;7;0;2;7;1;2
202400000112;155 781 551;7;0;2;8;13;1
202400000112;155 781 552;7;0;2;4;1;1
202400000113;155 781 549;7;8;0;1;0;1
202400000113;155 781 550;7;8;0;1;0;1
202400000114;155 781 547;7;0;2;1;1;1
202400000114;155 781 548;7;0;2;8;10;2
202400000115;155 781 546;50;0;0;1;26;3
202400000116;155 781 545;10;0;1;8;1;1
202400000117;155 781 543;33;0;2;1;1;1
202400000117;155 781 544;7;0;2;7;15;2
202400000118;155 781 542;33;13;0;1;1;1
202400000119;155 781 540;33;0;2;7;1;1
202400000119;155 781 541;37;0;2;7;15;1
202400000120;155 781 538;33;0;2;1;17;1
202400000120;155 781 539;7;0;9;6;10;2
202400000121;155 781 536;7;0;2;7;20;1
202400000121;155 781 537;2;0;2;1;1;1
202400000122;155 781 534;7;0;2;1;17;1
202400000122;155 781 535;7;0;2;1;1;1
202400000123;155 781 533;99;1;0;1;1;0
202400000124;155 781 531;7;0;9;6;10;1
202400000124;155 781 532;50;0;2;1;5;3
202400000125;155 781 529;7;0;2;8;10;1
202400000125;155 781 530;30;0;2;2;0;1
202400000126;155 781 528;3;2;0;3;1;1
202400000127;155 781 526;7;0;2;2;15;1
202400000127;155 781 527;10;0;2;1;1;1
202400000128;155 781 525;7;15;0;1;14;1
202400000129;155 781 524;7;0;1;2;1;1
202400000130;155 781 522;7;0;9;7;17;1
202400000130;155 781 523;50;0;2;8;2;3
202400000131;155 781 520;7;0;2;2;19;1
202400000131;155 781 521;7;0;2;1;2;1
202400000132;155 781 519;7;0;1;2;1;1
202400000133;155 781 518;7;6;0;1;26;1
202400000134;155 781 516;2;0;2;3;9;1
202400000134;155 781 517;1;0;2;1;25;5
202400000135;155 781 514;7;0;2;1;9;1
202400000135;155 781 515;50;0;2;4;2;3
202400000136;155 781 512;7;0;2;3;15;1
202400000136;155 781 513;7;0;2;3;2;1
202400000137;155 781 510;7;0;2;7;15;1
202400000137;155 781 511;43;0;2;1;1;1
202400000138;155 781 508;32;12;0;0;18;1
202400000138;155 781 509;7;0;0;0;16;1
202400000139;155 781 506;7;0;2;4;2;1
202400000139;155 781 507;10;0;2;1;2;1
202400000140;155 781 505;7;5;0;3;1;1
202400000141;155 781 503;7;0;2;2;15;1
202400000141;155 781 504;2;0;0;0;0;1
202400000142;155 781 500;7;1;0;4;24;1
202400000142;155 781 501;7;1;0;4;24;1
202400000142;155 781 502;7;1;0;1;14;1
202400000143;155 781 497;7;0;2;1;2;1
202400000143;155 781 498;7;0;2;4;2;2
202400000143;155 781 499;7;0;2;4;2;1
202400000144;155 781 495;1;0;2;8;19;5
202400000144;155 781 496;7;0;2;3;15;1
202400000145;155 781 492;7;0;2;1;1;1
202400000145;155 781 493;7;0;0;4;1;1
202400000146;155 781 490;1;0;2;8;1;5
202400000146;155 781 491;7;0;2;1;1;2
202400000147;155 781 489;7;0;1;1;16;1
202400000148;155 781 488;50;0;1;7;26;3
202400000149;155 781 486;7;0;0;3;24;2
202400000149;155 781 487;1;1;0;1;1;5
202400000150;155 781 484;33;0;2;1;2;1
202400000150;155 781 485;7;0;2;7;2;3
202400000151;155 781 482;7;0;2;2;1;1
202400000151;155 781 483;7;0;2;3;13;1
202400000152;155 781 479;7;0;2;4;23;1
202400000152;155 781 480;7;0;2;1;2;1
202400000152;155 781 481;7;0;2;4;23;2
202400000153;155 781 477;32;0;2;2;17;1
202400000153;155 781 478;7;0;2;3;11;1
202400000154;155 781 475;7;0;2;1;1;1
202400000154;155 781 476;7;0;2;4;23;1
202400000155;155 781 473;37;0;2;4;23;1
202400000155;155 781 474;37;0;2;1;1;1
202400000156;155 781 472;7;0;1;1;16;0
202400000157;155 781 471;7;0;1;1;1;1
202400000158;155 781 469;7;0;2;1;16;1
202400000158;155 781 470;7;0;2;2;1;1
202400000159;155 781 468;7;2;0;1;0;1
202400000160;155 781 467;33;4;0;3;3;1
202400000161;155 781 466;2;13;0;1;1;1
202400000162;155 781 465;10;13;0;3;13;1
202400000163;155 781 463;7;0;2;1;15;1
202400000163;155 781 464;10;0;2;3;1;1
202400000164;155 781 461;14;0;2;1;0;1
202400000164;155 781 462;14;0;0;4;0;1
202400000165;155 781 460;7;2;0;1;26;1
202400000166;155 781 459;7;2;0;1;0;1
202400000167;155 781 458;7;13;0;1;0;1
202400000168;155 781 456;7;0;2;7;15;1
202400000168;155 781 457;1;0;2;2;1;5
202400000169;155 781 454;2;0;2;8;15;1
202400000169;155 781 455;7;0;2;7;17;1
202400000170;155 781 452;7;0;0;3;13;1
202400000170;155 781 453;7;0;0;3;16;1
202400000171;155 781 450;33;3;2;2;12;1
202400000171;155 781 451;7;0;2;0;1;1
202400000172;155 781 448;7;0;2;1;3;1
202400000172;155 781 449;17;0;0;6;1;1
202400000173;155 781 446;7;0;0;1;0;1
202400000174;155 781 445;7;0;0;1;1;1
202400000174;155 781 447;7;0;0;1;1;1
202400000175;155 781 442;33;0;2;1;2;1
202400000175;155 781 444;7;0;2;4;2;1
202400000176;155 781 441;10;0;2;1;5;1
202400000176;155 781 443;15;0;2;1;1;1
202400000177;155 781 439;10;0;2;1;1;1
202400000177;155 781 440;7;0;2;4;1;1
202400000178;155 781 437;7;0;2;5;9;1
202400000178;155 781 438;7;0;2;3;1;2
202400000179;155 781 436;7;4;0;8;1;1
202400000180;155 781 435;30;15;0;1;13;1
202400000181;155 781 433;50;0;2;8;25;3
202400000181;155 781 434;7;0;2;1;16;1
202400000182;155 781 431;30;0;2;5;16;0
202400000182;155 781 432;7;0;2;6;15;1
202400000183;155 781 428;7;0;2;1;15;1
202400000183;155 781 430;7;0;2;3;1;1
202400000184;155 781 425;7;0;2;5;2;1
202400000184;155 781 427;33;0;2;2;9;1
202400000184;155 781 429;7;0;2;6;2;1
202400000185;155 781 426;33;0;0;0;0;1
202400000186;155 781 423;7;6;0;1;15;1
202400000187;155 781 421;7;0;2;6;2;1
202400000187;155 781 422;7;0;2;1;5;1
202400000187;155 781 424;7;0;2;1;21;1
202400000188;155 781 418;7;0;2;3;0;1
202400000188;155 781 420;33;0;2;3;0;1
202400000189;155 781 417;3;0;2;4;26;6
202400000189;155 781 419;99;0;2;1;26;6
202400000190;155 781 416;7;6;0;1;2;1
202400000191;155 781 415;33;14;0;3;11;1
202400000192;155 781 413;10;0;2;3;21;1
202400000192;155 781 414;1;0;2;1;13;5
202400000193;155 781 411;7;14;0;1;2;1
202400000193;155 781 412;7;0;2;1;2;1
202400000194;155 781 409;7;0;2;2;9;1
202400000194;155 781 410;33;0;2;3;1;1
202400000195;155 781 408;2;0;0;0;0;0
202400000196;155 781 405;7;0;2;8;16;1
202400000196;155 781 407;7;0;2;3;1;1
202400000197;155 781 404;1;0;2;4;1;5
202400000197;155 781 406;7;0;2;1;16;1
202400000198;155 781 403;7;17;0;1;1;1
202400000199;155 781 401;7;0;2;1;2;1
202400000199;155 781 402;7;0;2;3;0;1
202400000200;155 781 400;1;0;0;0;0;5
202400000201;155 781 399;1;0;0;8;1;5
202400000202;155 781 398;10;0;1;4;4;1
202400000203;155 781 397;7;13;0;0;1;1
202400000204;155 781 394;10;11;2;1;1;1
202400000204;155 781 396;7;11;2;1;15;1
202400000205;155 781 393;7;0;2;3;13;1
202400000205;155 781 395;10;0;2;3;1;1
202400000206;155 781 392;7;17;0;1;1;1
202400000207;155 781 390;7;0;2;3;13;1
202400000207;155 781 391;15;0;2;3;1;1
202400000208;155 781 388;7;0;2;1;2;1
202400000208;155 781 389;7;0;0;4;2;3
202400000209;155 781 387;7;13;0;1;1;1
202400000210;155 781 386;33;16;0;0;1;1
202400000211;155 781 385;32;0;0;0;0;1
202400000212;155 781 384;10;2;0;2;1;1
202400000213;155 781 382;7;0;2;1;1;1
202400000213;155 781 383;7;13;2;1;1;1
202400000214;155 781 380;33;0;2;1;1;1
202400000214;155 781 381;7;0;2;1;19;1
202400000215;155 781 378;33;0;2;1;1;1
202400000215;155 781 379;7;0;2;8;11;1
202400000216;155 781 377;7;1;0;1;14;1
202400000217;155 781 375;10;0;2;2;1;1
202400000217;155 781 376;7;0;2;1;0;1
202400000218;155 781 373;7;0;0;7;10;1
202400000218;155 781 374;33;0;2;1;1;1
202400000219;155 781 372;7;13;0;1;0;1
202400000220;155 781 370;2;0;2;1;2;1
202400000220;155 781 371;7;0;0;3;2;1
202400000221;155 781 368;7;0;2;1;1;1
202400000221;155 781 369;7;0;0;3;1;1
202400000222;155 781 366;7;0;2;3;13;1
202400000222;155 781 367;7;0;2;3;1;1
202400000223;155 781 365;7;6;0;2;1;1
202400000224;155 781 363;7;0;2;4;12;1
202400000224;155 781 364;7;0;2;3;1;1
202400000225;155 781 361;7;0;2;1;2;1
202400000225;155 781 362;7;0;2;4;23;1
202400000226;155 781 359;7;0;2;1;1;1
202400000226;155 781 360;7;0;2;6;1;2
202400000227;155 781 357;7;0;2;1;2;1
202400000227;155 781 358;7;4;2;4;2;1
202400000228;155 781 355;7;0;2;1;2;1
202400000228;155 781 356;17;0;2;4;2;1
202400000229;155 781 354;7;4;0;1;1;1
202400000230;155 781 353;7;0;1;1;1;1
202400000231;155 781 351;7;0;2;0;1;1
202400000231;155 781 352;1;0;2;0;1;5
202400000232;155 781 350;7;0;1;1;1;2
202400000233;155 781 348;7;0;2;0;0;1
202400000233;155 781 349;1;0;2;0;0;5
202400000234;155 781 346;7;0;2;3;0;1
202400000234;155 781 347;7;0;2;7;0;1
202400000235;155 781 344;1;0;2;1;1;5
202400000235;155 781 345;7;0;2;8;1;1
202400000236;155 781 343;7;0;1;1;1;1
202400000237;155 781 341;31;0;2;2;2;1
202400000237;155 781 342;7;0;2;6;11;0
202400000238;155 781 339;2;3;2;1;1;1
202400000238;155 781 340;31;3;2;1;13;1
202400000239;155 781 337;7;1;2;2;1;1
202400000239;155 781 338;7;0;2;1;1;2
202400000240;155 781 335;31;0;2;1;1;1
202400000240;155 781 336;7;0;2;3;9;1
202400000241;155 781 334;7;4;0;0;0;1
202400000242;155 781 331;7;0;2;1;15;1
202400000242;155 781 332;7;0;2;7;1;1
202400000242;155 781 333;10;0;2;1;0;1
202400000243;155 781 329;7;0;2;8;0;1
202400000243;155 781 330;7;0;2;3;0;1
202400000244;155 781 328;7;0;1;3;1;1
202400000245;155 781 327;50;0;0;0;3;3
202400000246;155 781 326;7;0;1;1;1;1
202400000247;155 781 324;7;14;0;6;1;1
202400000247;155 781 325;37;0;2;6;1;1
202400000248;155 781 322;7;0;2;4;4;1
202400000248;155 781 323;7;0;2;1;9;1
202400000249;155 781 320;7;0;9;2;1;1
202400000249;155 781 321;50;0;2;3;1;3
202400000250;155 781 319;7;1;0;1;5;1
202400000251;155 781 315;7;0;2;6;1;1
202400000251;155 781 316;7;0;2;3;13;1
202400000252;155 781 313;30;0;2;2;2;1
202400000252;155 781 314;33;0;2;8;13;1
202400000253;155 781 312;33;0;0;7;1;6
202400000254;155 781 311;7;6;0;1;26;1
202400000255;155 781 308;10;0;1;2;1;0
202400000256;155 781 307;17;0;0;0;1;1
202400000257;155 781 305;1;0;2;1;1;5
202400000257;155 781 306;7;0;2;0;15;1
202400000258;155 781 303;30;0;2;1;2;1
202400000258;155 781 304;10;0;2;4;1;1
202400000259;155 781 301;7;0;2;2;16;1
202400000259;155 781 302;32;0;2;3;7;1
202400000260;155 781 300;7;0;1;1;1;1
202400000261;155 781 299;7;0;1;3;1;1
202400000262;155 781 298;31;0;5;1;1;1
202400000263;155 781 296;7;17;2;7;6;1
202400000263;155 781 297;7;0;2;1;1;2
202400000264;155 781 294;7;0;2;1;1;1
202400000264;155 781 295;7;0;2;4;1;1
202400000265;155 781 293;7;0;1;0;0;0
202400000266;155 781 292;33;0;0;8;1;1
202400000267;155 781 291;7;7;0;1;15;1
202400000268;155 781 290;7;2;0;2;21;1
202400000269;155 781 288;7;0;2;1;2;3
202400000269;155 781 289;7;0;2;4;9;1
202400000270;155 781 286;7;0;2;3;16;1
202400000270;155 781 287;30;0;2;1;1;1
202400000271;155 781 285;43;0;2;1;0;0
202400000272;155 781 283;33;0;2;1;16;1
202400000272;155 781 284;7;0;2;7;15;2
202400000273;155 781 281;33;0;2;2;17;1
202400000273;155 781 282;7;0;2;3;15;1
202400000274;155 781 279;7;0;2;0;0;1
202400000274;155 781 280;30;0;2;1;17;1
202400000275;155 781 278;7;0;1;7;1;1
202400000276;155 781 276;7;0;9;3;1;1
202400000276;155 781 277;60;0;2;8;5;5
202400000277;155 781 274;7;0;2;6;9;1
202400000277;155 781 275;7;0;2;2;13;1
202400000278;155 781 271;7;0;2;1;2;1
202400000278;155 781 272;7;0;2;4;2;1
202400000278;155 781 273;7;0;2;3;1;1
202400000279;155 781 270;7;0;1;1;1;1
202400000280;155 781 269;7;0;1;2;1;1
202400000281;155 781 267;7;0;2;3;1;1
202400000281;155 781 268;7;0;2;3;1;1
202400000282;155 781 266;34;0;1;1;26;1
202400000283;155 781 265;7;1;0;2;26;2
202400000284;155 781 263;7;0;2;1;13;1
202400000284;155 781 264;7;0;2;1;1;1
202400000285;155 781 261;7;0;2;1;15;1
202400000285;155 781 262;30;0;2;1;17;1
202400000286;155 781 260;10;0;1;3;25;1
202400000287;155 781 259;7;0;1;3;1;1
202400000288;155 781 258;7;0;1;3;1;0
202400000289;155 781 256;7;0;2;1;1;1
202400000289;155 781 257;7;0;2;1;1;1
202400000290;155 781 254;1;0;2;3;1;5
202400000290;155 781 255;7;0;9;2;16;2
202400000291;155 781 251;30;1;0;1;1;1
202400000291;155 781 252;10;0;2;2;1;1
202400000291;155 781 253;7;0;2;3;22;1
202400000292;155 781 249;7;0;0;3;15;2
202400000292;155 781 250;30;0;0;2;17;1
202400000293;155 781 247;32;0;2;1;3;1
202400000293;155 781 248;10;0;0;6;2;1
202400000294;155 781 245;33;0;2;7;3;1
202400000294;155 781 246;33;0;2;8;11;1
202400000295;155 781 242;15;0;2;1;1;1
202400000295;155 781 243;33;0;2;4;12;1
202400000295;155 781 244;7;0;2;1;1;1
202400000296;155 781 240;7;0;2;6;11;1
202400000296;155 781 241;33;0;2;1;3;1
202400000297;155 781 239;80;0;0;0;0;3
202400000298;155 781 236;7;0;2;4;1;1
202400000298;155 781 237;7;0;2;8;11;3
202400000298;155 781 238;33;0;2;9;3;1
202400000299;155 781 234;1;0;2;7;19;5
202400000299;155 781 235;32;0;2;2;1;1
202400000300;155 781 232;33;0;2;1;3;1
202400000300;155 781 233;7;0;2;7;12;1
202400000301;155 781 231;2;16;0;2;2;1
202400000302;155 781 227;7;0;2;2;1;1
202400000302;155 781 229;80;0;2;7;1;3
202400000303;155 781 226;10;0;2;5;2;1
202400000303;155 781 228;7;0;2;7;12;1
202400000303;155 781 230;33;0;2;8;3;1
202400000304;155 781 223;7;0;2;6;15;1
202400000304;155 781 225;2;0;2;1;2;1
202400000305;155 781 222;33;0;2;1;3;1
202400000305;155 781 224;7;0;2;6;1;1
202400000306;155 781 218;10;0;2;1;1;1
202400000306;155 781 220;7;0;2;8;15;1
202400000307;155 781 219;7;0;0;2;9;2
202400000307;155 781 221;33;12;2;3;21;1
202400000308;155 781 215;10;0;2;1;0;1
202400000308;155 781 217;10;0;2;4;23;1
202400000309;155 781 214;30;0;2;1;1;1
202400000309;155 781 216;7;0;2;6;15;1
202400000310;155 781 210;7;0;2;1;2;1
202400000310;155 781 211;7;0;2;4;1;1
202400000310;155 781 213;7;0;2;4;1;1
202400000311;155 781 209;0;0;2;1;0;0
202400000311;155 781 212;50;0;2;1;1;3
202400000312;155 781 208;7;3;0;1;1;2
202400000313;155 781 206;1;0;2;4;1;5
202400000313;155 781 207;7;0;9;1;1;1
202400000314;155 781 204;10;1;0;3;1;1
202400000315;155 781 202;10;0;2;2;2;1
202400000315;155 781 203;2;0;2;8;2;3
202400000316;155 781 200;7;0;2;2;22;1
202400000316;155 781 201;50;0;2;1;18;3
202400000317;155 781 199;7;11;0;1;2;1
202400000318;155 781 197;1;0;2;7;2;5
202400000318;155 781 198;1;0;2;7;2;5
202400000319;155 781 192;7;1;2;6;16;1
202400000319;155 781 194;7;0;2;1;1;1
202400000319;155 781 195;7;0;2;6;24;1
202400000319;155 781 196;7;1;2;6;24;1
202400000320;155 781 191;7;0;2;2;16;2
202400000320;155 781 193;1;0;2;8;1;5
202400000321;155 781 188;10;0;2;3;1;1
202400000321;155 781 190;80;12;2;3;5;3
202400000322;155 781 187;60;0;2;8;19;5
202400000322;155 781 189;7;0;2;1;19;1
202400000323;155 781 186;1;0;2;0;0;5
202400000324;155 781 185;33;0;1;1;1;1
202400000325;155 781 184;7;0;1;3;19;1
202400000326;155 781 182;32;0;2;7;3;0
202400000326;155 781 183;7;0;2;8;15;2
202400000327;155 781 181;50;0;0;0;0;3
202400000328;155 781 179;7;0;2;7;19;1
202400000328;155 781 180;7;0;2;8;1;1
202400000329;155 781 178;7;0;1;2;1;1
202400000330;155 781 177;7;0;1;8;1;2
202400000331;155 781 176;7;0;1;0;0;0
202400000332;155 781 173;37;0;2;3;2;1
202400000332;155 781 175;50;0;2;2;17;3
202400000333;155 781 172;7;0;2;1;1;1
202400000333;155 781 174;7;0;2;6;1;1
202400000334;155 781 170;7;0;2;1;26;1
202400000334;155 781 171;50;0;2;3;19;3
202400000335;155 781 168;7;0;2;8;6;1
202400000335;155 781 169;50;0;2;1;9;3
202400000336;155 781 165;7;0;2;1;2;1
202400000336;155 781 166;2;0;2;4;23;1
202400000336;155 781 167;7;0;2;4;23;1
202400000337;155 781 163;31;0;2;1;1;1
202400000337;155 781 164;10;0;2;3;19;1
202400000338;155 781 161;7;0;2;2;1;1
202400000338;155 781 162;7;0;2;1;26;1
202400000339;155 781 157;7;0;2;2;2;1
202400000339;155 781 159;7;0;2;6;2;1
202400000339;155 781 160;7;0;2;6;2;2
202400000340;155 781 156;33;0;2;1;1;0
202400000340;155 781 158;33;0;2;2;15;0
202400000341;155 781 154;33;0;2;1;17;1
202400000341;155 781 155;7;0;2;3;6;1
202400000342;155 781 152;7;0;2;1;1;0
202400000342;155 781 153;32;0;2;0;0;0
202400000343;155 781 150;7;0;2;2;1;2
202400000343;155 781 151;7;0;2;7;15;2
202400000344;155 781 148;7;0;2;2;1;1
202400000344;155 781 149;34;0;2;3;1;1
202400000345;155 781 146;7;0;2;3;15;1