Num_Acc;id_vehicule;catv;obs;obsm;choc;manv;motor
202400000698;155 780 514;7;0;2;8;15;1
202400000698;155 780 515;32;0;2;7;17;1
202400000699;155 780 510;7;0;2;3;1;1
202400000699;155 780 512;7;0;2;1;1;1
202400000700;155 780 511;10;0;2;1;1;1
202400000700;155 780 513;10;0;2;4;1;1
202400000701;155 780 506;10;0;2;2;15;1
202400000701;155 780 509;33;0;2;1;2;1
202400000702;155 780 505;7;0;2;4;1;2
202400000702;155 780 507;10;0;2;1;1;3
202400000702;155 780 508;7;0;2;4;1;1
202400000703;155 780 504;7;2;0;7;2;1
202400000704;155 780 503;7;8;0;3;2;1
202400000705;155 780 502;33;12;0;6;14;1
202400000706;155 780 499;50;0;2;1;19;3
202400000706;155 780 501;7;0;2;3;1;2
202400000707;155 780 498;7;0;2;2;16;1
202400000707;155 780 500;2;0;2;8;2;3
202400000708;155 780 497;7;0;1;1;1;0
202400000709;155 780 494;7;0;1;5;19;1
202400000710;155 780 495;7;0;2;5;1;1
202400000710;155 780 496;43;7;2;2;18;1
202400000711;155 780 491;1;0;2;1;17;5
202400000711;155 780 493;1;0;2;1;1;5
202400000712;155 780 490;7;0;2;2;1;1
202400000712;155 780 492;50;0;2;1;1;3
202400000713;155 780 488;15;0;2;7;16;1
202400000713;155 780 489;1;0;2;8;16;5
202400000714;155 780 486;1;0;2;8;1;5
202400000714;155 780 487;10;0;2;7;14;1
202400000715;155 780 484;7;0;2;2;1;1
202400000715;155 780 485;1;0;2;1;19;5
202400000716;155 780 483;30;0;1;8;1;1
202400000717;155 780 482;7;0;1;1;1;1
202400000718;155 780 481;1;0;1;1;1;5
202400000719;155 780 479;43;0;0;0;9;1
202400000720;155 780 478;7;0;2;1;1;1
202400000720;155 780 480;7;0;2;8;16;1
202400000721;155 780 476;7;0;1;2;23;1
202400000722;155 780 475;7;16;2;8;23;0
202400000722;155 780 477;7;0;2;7;11;0
202400000723;155 780 473;50;9;0;2;1;3
202400000724;155 780 472;7;0;2;4;23;1
202400000724;155 780 474;7;14;0;1;2;1
202400000725;155 780 471;10;8;0;1;14;0
202400000726;155 780 470;1;0;1;8;0;5
202400000727;155 780 469;1;12;0;1;1;5
202400000728;155 780 467;7;0;2;2;15;1
202400000728;155 780 468;33;0;2;1;1;1
202400000729;155 780 466;10;0;1;2;20;1
202400000730;155 780 464;50;0;2;8;18;3
202400000730;155 780 465;7;0;9;2;2;1
202400000731;155 780 462;10;0;2;1;2;1
202400000731;155 780 463;7;0;2;4;1;1
202400000732;155 780 461;7;0;1;3;15;1
202400000733;155 780 459;50;0;2;1;19;3
202400000733;155 780 460;7;0;2;0;1;2
202400000734;155 780 457;7;0;2;2;1;1
202400000734;155 780 458;50;16;2;7;19;3
202400000735;155 780 456;7;9;0;1;26;1
202400000736;155 780 454;7;0;2;0;0;3
202400000736;155 780 455;33;0;2;1;2;1
202400000737;155 780 452;7;0;2;1;9;1
202400000737;155 780 453;7;0;2;1;1;1
202400000738;155 780 450;30;0;2;1;5;1
202400000738;155 780 451;30;0;2;1;1;1
202400000739;155 780 447;7;0;2;4;23;1
202400000739;155 780 449;7;0;2;1;1;1
202400000740;155 780 446;7;0;2;1;1;0
202400000740;155 780 448;7;0;2;3;1;2
202400000741;155 780 442;7;0;2;4;2;1
202400000741;155 780 445;7;0;2;1;2;1
202400000742;155 780 443;7;1;0;1;16;1
202400000742;155 780 444;7;1;0;3;0;1
202400000743;155 780 440;7;0;1;0;14;1
202400000744;155 780 439;7;0;2;3;26;1
202400000744;155 780 441;50;0;0;0;0;3
202400000745;155 780 438;30;1;0;1;1;1
202400000746;155 780 435;10;0;2;3;14;0
202400000746;155 780 437;37;0;2;8;7;1
202400000747;155 780 434;50;0;2;1;5;3
202400000747;155 780 436;7;0;2;2;1;6
202400000748;155 780 433;7;0;1;3;19;1
202400000749;155 780 431;7;0;2;6;1;1
202400000749;155 780 432;30;0;2;1;1;1
202400000750;155 780 429;10;0;9;2;15;1
202400000750;155 780 430;50;0;2;1;2;3
202400000751;155 780 428;33;3;0;1;1;1
202400000752;155 780 425;60;0;2;1;1;5
202400000752;155 780 427;7;0;2;7;1;3
202400000753;155 780 423;7;0;2;1;1;1
202400000753;155 780 424;7;0;2;7;15;1
202400000753;155 780 426;7;0;2;1;23;2
202400000754;155 780 422;33;0;2;3;13;1
202400000755;155 780 420;7;0;2;1;15;1
202400000755;155 780 421;30;0;2;3;3;3
202400000756;155 780 418;10;0;2;2;15;1
202400000756;155 780 419;34;0;2;1;1;1
202400000757;155 780 416;2;0;0;4;23;1
202400000757;155 780 417;7;0;2;1;2;1
202400000758;155 780 414;7;0;2;2;1;1
202400000758;155 780 415;1;0;2;8;19;5
202400000759;155 780 413;33;1;0;8;13;1
202400000760;155 780 410;33;0;2;7;1;1
202400000760;155 780 412;7;0;2;2;21;1
202400000761;155 780 409;7;0;2;1;1;1
202400000761;155 780 411;7;0;2;4;23;1
202400000762;155 780 405;7;0;2;3;2;1
202400000762;155 780 407;1;0;0;4;2;5
202400000763;155 780 404;7;4;0;2;0;1
202400000764;155 780 403;10;0;1;1;1;1
202400000765;155 780 400;7;0;0;4;1;1
202400000765;155 780 401;15;0;2;1;1;1
202400000766;155 780 398;7;0;2;2;10;3
202400000766;155 780 399;2;0;2;1;1;1
202400000767;155 780 397;50;0;1;3;25;3
202400000768;155 780 395;7;0;2;1;1;1
202400000768;155 780 396;7;0;2;1;5;1
202400000769;155 780 394;7;11;0;1;1;1
202400000770;155 780 392;1;0;2;2;5;5
202400000770;155 780 393;21;0;2;2;0;1
202400000771;155 780 391;80;6;0;1;1;3
202400000772;155 780 390;37;0;1;0;1;1
202400000773;155 780 387;7;0;1;2;1;1
202400000774;155 780 388;7;0;2;1;9;1
202400000774;155 780 389;2;0;2;4;1;3
202400000775;155 780 386;33;4;0;8;17;1
202400000776;155 780 384;14;0;0;3;23;1
202400000776;155 780 385;7;14;0;1;13;1
202400000777;155 780 382;33;0;2;1;1;1
202400000777;155 780 383;10;0;2;3;5;1
202400000778;155 780 379;7;0;2;2;9;1
202400000778;155 780 380;33;0;2;1;21;1
202400000779;155 780 378;7;0;2;1;9;1
202400000779;155 780 381;2;0;2;2;1;1
202400000780;155 780 376;7;13;0;9;1;1
202400000781;155 780 375;10;0;2;3;26;1
202400000781;155 780 377;33;0;2;4;9;1
202400000782;155 780 374;7;0;1;3;16;1
202400000783;155 780 373;7;0;1;1;1;1
202400000784;155 780 370;7;0;1;1;1;1
202400000785;155 780 371;7;0;2;1;13;1
202400000785;155 780 372;7;0;2;1;21;1
202400000786;155 780 368;34;0;2;1;1;1
202400000786;155 780 369;7;0;2;5;0;1
202400000787;155 780 367;7;13;0;9;1;1
202400000788;155 780 365;7;0;2;2;1;1
202400000788;155 780 366;7;0;2;4;1;1
202400000789;155 780 362;7;0;2;3;9;1
202400000789;155 780 364;1;0;2;7;2;5
202400000790;155 780 361;33;0;2;7;1;0
202400000790;155 780 363;0;0;2;1;0;0
202400000791;155 780 358;7;0;2;1;15;1
202400000791;155 780 360;7;7;2;2;1;1
202400000792;155 780 357;31;0;2;1;13;0
202400000792;155 780 359;7;0;2;8;1;0
202400000793;155 780 355;7;2;0;1;1;6
202400000794;155 780 354;7;0;2;7;1;1
202400000794;155 780 356;7;0;2;1;9;1
202400000795;155 780 351;7;0;2;1;15;1
202400000795;155 780 352;33;0;2;1;1;1
202400000796;155 780 350;2;0;2;1;9;1
202400000796;155 780 353;7;0;0;6;1;1
202400000797;155 780 349;30;0;0;8;1;1
202400000798;155 780 347;1;0;2;1;1;5
202400000798;155 780 348;10;0;9;3;1;1
202400000799;155 780 345;7;9;2;7;1;1
202400000799;155 780 346;7;0;2;1;1;1
202400000800;155 780 344;7;0;1;7;1;1
202400000801;155 780 341;7;0;2;8;1;1
202400000801;155 780 343;7;0;2;2;9;1
202400000802;155 780 340;7;0;2;2;1;1
202400000802;155 780 342;7;14;2;2;15;1
202400000803;155 780 339;1;0;0;0;0;5
202400000804;155 780 336;7;0;2;3;13;1
202400000804;155 780 338;15;0;2;3;1;1
202400000805;155 780 335;10;0;2;3;1;1
202400000805;155 780 337;7;0;2;3;1;1
202400000806;155 780 333;7;2;0;1;1;1
202400000807;155 780 332;7;0;2;8;9;1
202400000807;155 780 334;1;0;2;1;0;5
202400000808;155 780 331;33;0;6;1;0;1
202400000809;155 780 329;7;0;2;2;1;1
202400000809;155 780 330;7;0;2;7;15;1
202400000810;155 780 326;7;0;2;1;1;1
202400000810;155 780 328;7;0;2;5;1;1
202400000811;155 780 325;7;0;2;2;12;2
202400000811;155 780 327;7;0;2;3;2;2
202400000812;155 780 322;32;0;2;3;1;1
202400000812;155 780 324;7;0;2;5;12;1
202400000813;155 780 321;2;13;0;1;0;1
202400000814;155 780 319;31;0;2;4;2;1
202400000814;155 780 320;7;0;2;7;2;1
202400000815;155 780 316;1;0;2;8;16;5
202400000815;155 780 318;1;0;2;1;1;5
202400000816;155 780 315;33;0;2;3;13;1
202400000816;155 780 317;7;0;2;3;1;1
202400000817;155 780 314;50;0;1;1;1;3
202400000818;155 780 313;7;12;0;1;14;0
202400000819;155 780 311;1;0;0;8;6;5
202400000819;155 780 312;7;0;9;6;1;2
202400000820;155 780 309;7;0;2;1;17;2
202400000820;155 780 310;7;4;0;4;2;1
202400000821;155 780 307;7;0;9;8;1;0
202400000821;155 780 308;1;0;2;1;26;5
202400000822;155 780 305;50;0;2;1;2;3
202400000822;155 780 306;7;0;0;4;23;1
202400000823;155 780 302;7;0;2;0;15;2
202400000823;155 780 304;2;0;2;1;1;1
202400000824;155 780 301;34;0;2;1;1;1
202400000824;155 780 303;7;0;2;7;15;1
202400000825;155 780 296;37;0;2;5;17;3
202400000825;155 780 298;1;0;2;8;1;5
202400000825;155 780 300;1;0;0;0;1;5
202400000826;155 780 297;7;0;2;1;9;1
202400000826;155 780 299;7;0;2;1;9;1
202400000827;155 780 293;33;0;2;1;1;1
202400000827;155 780 295;7;0;0;6;10;1
202400000828;155 780 292;1;0;2;1;1;5
202400000828;155 780 294;7;0;9;7;15;1
202400000829;155 780 289;7;0;2;0;0;0
202400000829;155 780 291;43;0;2;8;1;1
202400000830;155 780 287;10;9;0;1;19;1
202400000831;155 780 288;7;0;2;1;1;1
202400000831;155 780 290;7;0;2;8;1;2
202400000832;155 780 286;10;3;0;0;1;1
202400000833;155 780 285;31;0;1;2;26;1
202400000834;155 780 283;7;0;2;1;5;1
202400000834;155 780 284;7;6;2;3;1;1
202400000835;155 780 281;7;0;2;1;1;1
202400000835;155 780 282;2;0;2;2;17;1
202400000836;155 780 279;7;0;2;1;9;1
202400000836;155 780 280;33;0;2;1;13;1
202400000837;155 780 277;33;0;2;1;2;1
202400000837;155 780 278;7;0;2;1;16;1
202400000838;155 780 276;7;0;1;1;1;1
202400000839;155 780 274;34;0;2;7;15;1
202400000839;155 780 275;7;0;2;1;1;1
202400000840;155 780 271;1;0;2;1;23;5
202400000840;155 780 273;2;0;2;1;13;3
202400000841;155 780 270;2;0;2;2;15;1
202400000841;155 780 272;7;0;2;3;15;1
202400000842;155 780 269;7;8;0;7;1;1
202400000843;155 780 266;7;0;2;3;18;1
202400000843;155 780 268;7;0;2;8;0;1
202400000844;155 780 265;7;0;2;5;16;1
202400000844;155 780 267;50;0;2;1;1;3
202400000845;155 780 264;7;0;1;7;2;1
202400000846;155 780 263;30;0;0;1;1;1
202400000847;155 780 262;50;0;1;8;1;3
202400000848;155 780 261;50;0;0;0;0;3
202400000849;155 780 259;7;0;0;0;19;1
202400000849;155 780 260;31;0;2;0;21;1
202400000850;155 780 257;7;0;9;5;16;1
202400000850;155 780 258;1;0;2;1;0;5
202400000851;155 780 255;15;0;2;2;17;1
202400000851;155 780 256;1;0;2;3;15;5
202400000852;155 780 254;7;2;0;8;14;1
202400000853;155 780 252;7;0;2;2;1;1
202400000853;155 780 253;7;0;2;3;1;1
202400000854;155 780 250;7;0;2;4;2;1
202400000854;155 780 251;7;0;2;1;2;1
202400000855;155 780 246;7;0;2;1;12;1
202400000855;155 780 247;7;0;2;4;23;1
202400000855;155 780 248;7;0;2;4;23;1
202400000855;155 780 249;7;0;2;4;23;1
202400000856;155 780 245;43;4;0;0;16;1
202400000857;155 780 243;7;0;2;7;1;1
202400000857;155 780 244;10;0;2;8;18;1
202400000858;155 780 242;33;4;0;3;1;1
202400000859;155 780 241;30;3;0;1;1;1
202400000860;155 780 239;7;0;2;1;2;1
202400000860;155 780 240;7;0;2;4;2;2
202400000861;155 780 238;10;13;0;9;1;1
202400000862;155 780 235;32;0;2;0;2;1
202400000862;155 780 236;33;0;2;1;2;3
202400000862;155 780 237;10;3;2;4;23;1
202400000863;155 780 234;7;4;0;2;1;1
202400000864;155 780 232;7;0;1;0;24;1
202400000864;155 780 233;15;0;2;1;1;1
202400000865;155 780 229;17;0;2;6;1;1
202400000865;155 780 230;7;0;2;2;12;1
202400000865;155 780 231;7;0;2;7;1;1
202400000866;155 780 227;7;0;2;7;17;1
202400000866;155 780 228;7;0;2;1;1;1
202400000867;155 780 225;10;0;2;7;1;1
202400000867;155 780 226;10;0;2;1;1;1
202400000868;155 780 224;7;0;1;1;2;1
202400000869;155 780 222;7;8;2;2;21;1
202400000869;155 780 223;7;8;2;3;1;1
202400000870;155 780 221;7;0;1;1;15;1
202400000871;155 780 219;2;0;2;4;15;1
202400000871;155 780 220;2;0;2;5;1;1
202400000872;155 780 217;1;0;2;8;15;5
202400000872;155 780 218;7;0;2;1;1;1
202400000873;155 780 214;33;1;0;1;26;1
202400000873;155 780 215;7;0;2;1;1;1
202400000873;155 780 216;7;0;2;4;1;1
202400000874;155 780 212;7;1;2;4;1;1
202400000874;155 780 213;1;1;2;1;1;5
202400000875;155 780 211;50;12;0;1;1;3
202400000876;155 780 208;7;0;0;4;2;1
202400000876;155 780 209;7;0;2;1;2;1
202400000876;155 780 210;7;0;2;4;2;1
202400000877;155 780 207;7;0;0;0;0;1
202400000878;155 780 205;33;0;2;1;13;1
202400000878;155 780 206;7;0;2;1;1;1
202400000879;155 780 204;7;0;1;1;9;1
202400000880;155 780 202;1;0;2;7;1;5
202400000880;155 780 203;7;0;2;2;15;1
202400000881;155 780 200;7;0;2;2;15;1
202400000881;155 780 201;50;0;2;1;1;3
202400000882;155 780 198;10;0;2;1;1;1
202400000882;155 780 199;31;0;2;1;1;1
202400000883;155 780 197;7;0;1;7;1;1
202400000884;155 780 195;7;0;2;2;17;1
202400000884;155 780 196;7;0;2;3;15;3
202400000885;155 780 194;33;15;0;1;13;1
202400000886;155 780 193;7;0;1;4;4;1
202400000887;155 780 192;10;0;1;2;21;1
202400000888;155 780 190;33;0;2;5;15;1
202400000888;155 780 191;7;0;2;1;9;1
202400000889;155 780 188;7;0;2;1;15;1
202400000889;155 780 189;1;0;2;8;1;0
202400000890;155 780 186;7;0;2;3;15;1
202400000890;155 780 187;33;0;2;2;17;1
202400000891;155 780 185;7;0;1;7;0;1
202400000892;155 780 184;7;0;2;0;26;0
202400000893;155 780 183;30;12;0;1;14;1
202400000894;155 780 182;10;0;0;7;4;3
202400000895;155 780 181;7;0;1;3;1;1
202400000896;155 780 179;7;0;2;8;19;0
202400000896;155 780 180;1;0;2;5;1;5
202400000897;155 780 177;32;0;2;7;19;1
202400000897;155 780 178;7;0;2;3;2;1
202400000898;155 780 176;7;4;0;7;14;1
202400000899;155 780 174;1;0;2;2;1;5
202400000899;155 780 175;7;0;2;1;9;1
202400000900;155 780 172;31;0;2;8;1;1
202400000900;155 780 173;7;0;2;2;20;1
202400000901;155 780 171;7;1;0;3;1;1
202400000902;155 780 169;7;0;9;4;20;1
202400000902;155 780 170;1;0;2;7;1;5
202400000903;155 780 167;50;0;2;8;19;3
202400000903;155 780 168;7;0;2;1;1;1
202400000904;155 780 166;7;1;0;2;1;1
202400000905;155 780 164;7;0;2;3;16;1
202400000905;155 780 165;2;0;2;1;1;3
202400000906;155 780 162;7;0;2;3;10;3
202400000906;155 780 163;30;0;2;7;17;1
202400000907;155 780 160;1;0;2;0;1;5
202400000907;155 780 161;7;0;2;3;15;1
202400000908;155 780 157;30;0;2;1;1;3
202400000908;155 780 158;7;0;2;3;23;1
202400000908;155 780 159;7;0;2;2;23;1
202400000909;155 780 156;7;1;0;1;13;1
202400000910;155 780 154;7;0;2;1;15;1
202400000910;155 780 155;7;0;2;1;1;1
202400000911;155 780 153;7;0;1;1;14;1
202400000912;155 780 151;7;0;2;7;1;1
202400000912;155 780 152;7;1;2;3;20;1
202400000913;155 780 150;7;0;0;3;0;1
202400000914;155 780 148;37;0;2;3;1;1
202400000914;155 780 149;7;0;2;7;16;1
202400000915;155 780 146;30;0;2;1;1;1
202400000915;155 780 147;33;0;2;1;2;1
202400000916;155 780 144;7;0;2;1;13;1
202400000916;155 780 145;7;0;2;1;1;1
202400000917;155 780 143;30;0;1;2;7;1
202400000918;155 780 142;33;12;0;1;13;1
202400000919;155 780 140;7;0;2;1;25;1
202400000919;155 780 141;7;0;2;4;1;1
202400000920;155 780 138;1;0;2;7;1;5
202400000920;155 780 139;7;0;9;3;1;0
202400000921;155 780 136;7;0;9;1;15;1
202400000921;155 780 137;50;0;2;4;0;3
202400000922;155 780 132;7;0;2;3;15;1
202400000922;155 780 133;31;0;2;1;1;1
202400000923;155 780 130;10;0;2;1;2;1
202400000923;155 780 131;7;0;2;4;23;1
202400000924;155 780 129;10;0;1;1;15;1
202400000925;155 780 128;60;1;0;1;1;5
202400000926;155 780 127;30;0;0;0;1;1
202400000927;155 780 125;33;0;2;3;1;1
202400000927;155 780 126;7;0;2;3;15;1
202400000928;155 780 123;50;1;0;2;1;3
202400000928;155 780 124;10;0;2;8;24;1
202400000929;155 780 121;7;0;2;0;0;0
202400000929;155 780 122;1;0;2;3;0;5
202400000930;155 780 120;10;0;2;1;19;0
202400000931;155 780 118;7;0;2;1;1;1
202400000931;155 780 119;33;0;2;8;1;1
202400000932;155 780 116;33;0;2;7;1;1
202400000932;155 780 117;7;0;2;1;19;1
202400000933;155 780 115;7;0;2;1;5;1
202400000934;155 780 114;33;0;0;0;1;1
202400000935;155 780 113;33;0;0;0;1;1
202400000936;155 780 112;7;16;0;9;0;1
202400000937;155 780 111;7;0;1;3;15;1
202400000938;155 780 110;7;4;0;2;21;1
202400000939;155 780 107;30;0;0;8;1;1
202400000940;155 780 106;50;0;0;8;1;3
202400000941;155 780 104;7;0;2;1;12;0
202400000941;155 780 105;60;12;0;4;2;5
202400000942;155 780 103;30;0;1;1;16;1
202400000943;155 780 099;7;0;2;1;1;1
202400000943;155 780 100;7;0;2;1;2;1
202400000943;155 780 101;7;0;2;1;1;1
202400000943;155 780 102;7;0;2;4;1;1
202400000944;155 780 098;10;2;0;9;14;6
202400000945;155 780 097;7;15;0;1;0;1
202400000946;155 780 095;7;0;2;3;26;1
202400000946;155 780 096;30;0;2;3;17;1
202400000947;155 780 093;7;0;2;1;2;1
202400000947;155 780 094;7;0;2;4;2;1
202400000948;155 780 091;7;0;2;8;1;1
202400000948;155 780 092;7;0;2;1;1;1
202400000949;155 780 089;7;8;2;3;15;1
202400000949;155 780 090;15;0;2;2;1;1
202400000950;155 780 087;50;0;2;0;0;3
202400000950;155 780 088;7;0;2;2;1;1
202400000951;155 780 083;33;0;2;1;1;1
202400000951;155 780 084;10;0;2;4;1;1
202400000952;155 780 081;7;0;2;1;1;1
202400000952;155 780 082;7;0;2;4;1;1
202400000953;155 780 080;7;0;1;3;1;1
202400000954;155 780 079;7;2;0;1;1;1
202400000955;155 780 078;7;0;1;1;1;1
202400000956;155 780 077;7;0;1;4;4;1
202400000957;155 780 074;10;0;2;4;1;1
202400000957;155 780 075;38;0;2;1;2;1
202400000957;155 780 076;10;0;2;4;23;1
202400000958;155 780 071;10;0;2;0;0;3
202400000958;155 780 072;1;0;2;0;9;5
202400000959;155 780 070;7;0;1;2;1;1
202400000960;155 780 068;7;0;2;4;1;1
202400000960;155 780 069;7;8;2;1;1;1
202400000961;155 780 067;7;0;1;1;17;1
202400000962;155 780 065;7;0;2;2;15;1
202400000962;155 780 066;7;0;2;5;21;1
202400000963;155 780 064;7;0;1;0;26;1
202400000964;155 780 059;30;0;2;0;3;1
202400000964;155 780 060;7;0;2;2;20;1
202400000965;155 780 058;7;13;0;3;1;1
202400000966;155 780 057;7;6;0;1;1;1
202400000967;155 780 056;7;0;1;1;15;1
202400000968;155 780 055;7;0;1;2;1;1
202400000969;155 780 053;7;0;9;0;0;1
202400000969;155 780 054;50;0;2;1;0;3
202400000970;155 780 051;7;13;2;3;13;1
202400000970;155 780 052;7;0;2;3;1;1
202400000971;155 780 049;7;0;2;4;2;1
202400000971;155 780 050;32;0;2;1;2;1
202400000972;155 780 047;7;0;2;8;26;1
202400000972;155 780 048;34;0;2;1;1;1
202400000973;155 780 045;7;0;2;4;1;1
202400000973;155 780 046;7;0;2;1;13;1
202400000974;155 780 044;7;0;1;1;15;2
202400000975;155 780 043;31;0;0;0;1;1
202400000976;155 780 042;1;0;0;3;21;5
202400000977;155 780 041;43;0;1;1;18;1
202400000978;155 780 039;1;0;2;1;17;5
202400000978;155 780 040;1;0;2;1;9;5
202400000979;155 780 037;33;0;2;1;1;1
202400000979;155 780 038;7;0;2;1;15;1
202400000980;155 780 035;7;0;2;1;1;2
202400000980;155 780 036;7;0;2;1;1;1
202400000981;155 780 034;2;0;1;0;19;3
202400000982;155 780 032;7;0;2;2;9;1
202400000982;155 780 033;33;0;2;8;1;1
202400000983;155 780 030;7;0;2;0;0;0
202400000983;155 780 031;7;0;2;3;23;1
202400000984;155 780 028;7;0;2;2;9;0
202400000984;155 780 029;33;0;2;1;2;0
202400000985;155 780 026;7;0;2;6;1;1
202400000985;155 780 027;1;0;2;1;2;5
202400000986;155 780 025;30;0;1;1;1;1
202400000987;155 780 023;7;0;9;2;2;1
202400000987;155 780 024;50;0;2;4;2;3
202400000988;155 780 021;7;0;2;3;1;1
202400000988;155 780 022;7;0;2;2;1;1
202400000989;155 780 019;2;0;2;1;2;1
202400000989;155 780 020;7;0;2;6;2;1
202400000990;155 780 015;33;0;2;1;1;1
202400000990;155 780 017;31;3;2;8;15;1
202400000991;155 780 014;7;0;2;3;13;1
202400000991;155 780 016;7;0;2;3;1;1
202400000991;155 780 018;7;0;2;0;1;1
202400000992;155 780 013;7;13;0;7;1;1
202400000993;155 780 011;14;0;2;1;19;1
202400000993;155 780 012;7;0;2;6;1;1
202400000994;155 780 009;7;0;2;2;15;1
202400000994;155 780 010;33;0;2;1;1;1
202400000995;155 780 007;7;0;2;7;1;1
202400000995;155 780 008;1;0;2;1;1;5
202400000996;155 780 006;7;2;0;1;1;1
202400000997;155 780 004;7;0;2;2;24;1
202400000997;155 780 005;10;0;2;2;14;1
202400000998;155 780 000;34;0;2;1;2;1
202400000998;155 780 002;10;0;2;4;2;1
202400000999;155 779 998;7;0;2;2;1;0
202400000999;155 779 999;10;0;2;1;1;1
202400000999;155 780 001;7;0;2;1;17;1
202400000999;155 780 003;7;0;2;3;1;2
202400001000;155 779 996;10;2;0;3;13;1
202400001001;155 779 995;7;4;2;3;13;2
202400001001;155 779 997;43;4;0;2;1;1
202400001002;155 779 992;7;0;2;3;13;1
202400001002;155 779 994;33;0;2;7;1;1
202400001003;155 779 993;7;0;1;3;1;1
202400001004;155 779 991;7;0;1;1;16;1
202400001005;155 779 989;7;0;2;1;1;1
202400001005;155 779 990;7;7;0;8;1;1
202400001006;155 779 987;7;0;2;1;1;3
202400001006;155 779 988;7;0;2;6;15;1
202400001007;155 779 986;7;0;6;1;1;1
202400001008;155 779 984;7;2;0;2;1;1
202400001009;155 779 981;50;0;2;4;9;3
202400001009;155 779 983;10;0;2;1;9;1
202400001010;155 779 980;7;0;2;2;1;2
202400001010;155 779 982;7;0;2;1;7;1
202400001011;155 779 979;7;0;1;1;1;1
202400001012;155 779 976;7;0;2;8;9;0
202400001012;155 779 978;2;0;2;1;1;1
202400001013;155 779 977;7;15;0;0;25;0
202400001014;155 779 974;7;0;2;6;2;2
202400001014;155 779 975;15;0;2;3;1;1
202400001015;155 779 972;7;0;2;1;1;1
202400001015;155 779 973;50;0;2;3;19;3
202400001016;155 779 970;7;0;0;3;13;1
202400001016;155 779 971;7;0;0;5;1;1
202400001017;155 779 966;7;0;2;1;2;1
202400001017;155 779 968;7;3;0;4;1;1
202400001018;155 779 967;7;0;2;0;1;1
202400001018;155 779 969;60;0;2;1;1;5
202400001019;155 779 965;36;0;0;1;1;1
202400001020;155 779 964;50;0;0;1;0;3
202400001021;155 779 962;7;0;0;6;15;0
202400001021;155 779 963;33;0;2;1;2;1
202400001022;155 779 959;80;0;9;0;0;3
202400001023;155 779 956;7;0;2;1;15;1
202400001023;155 779 958;7;0;2;1;1;1
202400001024;155 779 955;7;0;2;1;1;0
202400001024;155 779 957;7;0;2;4;23;2
202400001025;155 779 954;7;9;0;1;13;1
202400001026;155 779 953;7;0;1;1;1;1
202400001027;155 779 951;7;0;9;1;2;1
202400001027;155 779 952;1;0;0;4;3;5
202400001028;155 779 950;50;0;0;0;1;3
202400001029;155 779 949;7;2;0;1;1;1
202400001030;155 779 947;30;0;1;1;1;0
202400001031;155 779 946;7;0;2;5;4;1
202400001031;155 779 948;38;0;2;2;1;1
202400001032;155 779 945;7;0;1;2;1;1
202400001033;155 779 942;30;0;0;0;1;1
202400001034;155 779 943;7;0;2;3;16;1
202400001034;155 779 944;14;0;2;3;13;1
202400001035;155 779 939;7;0;2;3;9;3
202400001035;155 779 941;7;0;2;7;1;1
202400001036;155 779 940;43;0;1;1;1;1
202400001037;155 779 937;1;0;0;5;1;5
202400001037;155 779 938;10;0;2;2;1;1
202400001038;155 779 935;7;3;0;3;2;1
202400001039;155 779 936;50;0;0;0;0;3
202400001040;155 779 929;10;0;2;4;2;1
202400001040;155 779 931;7;0;2;4;2;1
202400001040;155 779 932;7;0;2;4;2;1
202400001040;155 779 933;10;0;2;4;2;1
202400001040;155 779 934;14;0;2;1;1;1
202400001041;155 779 930;7;0;1;1;1;1
202400001042;155 779 927;33;0;2;2;3;1
202400001042;155 779 928;7;0;2;8;11;1
202400001043;155 779 926;33;0;0;0;1;1
202400001044;155 779 924;7;0;2;1;2;2
202400001044;155 779 925;7;0;2;4;23;1
202400001045;155 779 922;32;0;2;1;1;1
202400001045;155 779 923;14;0;2;4;2;1
202400001046;155 779 921;7;4;0;1;0;1
202400001047;155 779 917;7;0;2;1;5;1
202400001047;155 779 919;7;0;2;3;1;1
202400001048;155 779 918;36;0;2;3;1;1
202400001048;155 779 920;7;0;2;2;1;1
202400001049;155 779 914;10;0;2;4;23;1
202400001049;155 779 916;7;0;2;1;1;2
202400001050;155 779 915;37;0;1;5;15;1
202400001051;155 779 912;7;0;2;2;0;1
202400001051;155 779 913;10;0;2;6;1;1
202400001052;155 779 910;37;0;2;3;1;6
202400001052;155 779 911;43;4;1;1;0;1
202400001053;155 779 909;31;3;0;7;16;1
202400001054;155 779 906;33;0;2;8;3;1
202400001054;155 779 908;7;0;2;0;14;1
202400001055;155 779 905;7;0;2;1;1;1
202400001055;155 779 907;80;0;2;1;1;3
202400001056;155 779 902;50;0;2;1;1;3
202400001056;155 779 904;30;0;2;1;1;1
202400001057;155 779 901;7;0;2;1;1;1
202400001057;155 779 903;7;0;2;1;26;1
202400001058;155 779 899;7;0;2;4;15;1
202400001058;155 779 900;33;1;0;1;2;1
202400001059;155 779 896;7;0;2;1;1;2
202400001059;155 779 897;7;0;2;8;1;1