Num_Acc;id_vehicule;catv;obs;obsm;choc;manv;motor
202400003558;155 775 550;7;13;0;0;1;1
202400003559;155 775 548;10;0;2;2;15;1
202400003559;155 775 549;2;0;2;1;1;1
202400003560;155 775 546;7;3;2;2;17;1
202400003560;155 775 547;7;3;2;3;1;1
202400003561;155 775 545;7;13;0;8;13;1
202400003562;155 775 543;50;0;0;0;1;3
202400003563;155 775 542;15;0;2;1;1;1
202400003563;155 775 544;7;0;2;4;3;1
202400003564;155 775 541;7;13;0;0;13;1
202400003565;155 775 540;7;0;0;2;2;0
202400003566;155 775 535;7;13;0;7;1;1
202400003567;155 775 533;7;0;2;1;1;1
202400003567;155 775 534;10;7;2;7;9;1
202400003568;155 775 531;7;0;2;1;1;1
202400003568;155 775 532;10;0;2;2;13;1
202400003569;155 775 530;7;8;0;1;1;1
202400003570;155 775 526;33;0;2;1;1;1
202400003570;155 775 528;7;0;2;3;15;1
202400003571;155 775 524;20;0;0;9;13;1
202400003572;155 775 523;99;0;2;1;1;1
202400003572;155 775 525;7;0;2;1;1;1
202400003573;155 775 521;7;6;0;3;14;1
202400003574;155 775 520;7;0;2;1;13;1
202400003574;155 775 522;7;0;2;3;1;1
202400003575;155 775 518;7;0;2;1;15;1
202400003575;155 775 519;33;0;2;8;1;1
202400003576;155 775 516;7;0;2;1;9;1
202400003576;155 775 517;7;0;2;1;1;1
202400003577;155 775 514;7;0;2;1;13;1
202400003577;155 775 515;20;0;2;1;4;1
202400003578;155 775 513;7;0;1;1;1;1
202400003579;155 775 511;31;0;0;8;0;1
202400003580;155 775 510;7;0;2;5;15;1
202400003580;155 775 512;33;0;2;1;1;1
202400003581;155 775 508;7;0;2;3;15;1
202400003581;155 775 509;33;0;2;1;1;1
202400003582;155 775 506;7;0;2;2;5;1
202400003582;155 775 507;7;0;2;7;1;1
202400003583;155 775 505;33;15;0;1;1;1
202400003584;155 775 504;7;0;1;2;1;1
202400003585;155 775 502;7;0;2;3;15;1
202400003585;155 775 503;32;0;2;2;11;1
202400003586;155 775 501;7;2;0;2;0;1
202400003587;155 775 500;7;2;0;2;1;1
202400003588;155 775 498;7;0;1;7;5;1
202400003589;155 775 497;1;0;2;2;26;5
202400003589;155 775 499;7;0;2;3;26;1
202400003590;155 775 494;7;0;2;4;23;1
202400003590;155 775 495;7;0;2;1;1;0
202400003591;155 775 492;33;0;0;0;21;1
202400003592;155 775 493;7;0;2;1;1;1
202400003592;155 775 496;7;8;0;2;15;1
202400003593;155 775 489;10;13;2;3;13;1
202400003593;155 775 491;13;13;2;3;1;1
202400003594;155 775 488;7;0;0;3;0;1
202400003594;155 775 490;7;0;2;3;13;1
202400003595;155 775 486;7;2;0;7;1;1
202400003596;155 775 485;7;0;2;2;5;1
202400003596;155 775 487;7;0;2;3;21;1
202400003597;155 775 483;7;0;2;1;2;1
202400003597;155 775 484;10;0;2;4;1;1
202400003598;155 775 482;33;0;0;8;1;1
202400003599;155 775 480;34;6;0;2;1;1
202400003600;155 775 479;7;0;2;8;9;1
202400003600;155 775 481;15;0;2;7;1;1
202400003601;155 775 476;1;0;0;6;1;5
202400003601;155 775 478;10;0;9;2;9;1
202400003602;155 775 474;7;0;2;4;1;1
202400003602;155 775 475;7;0;2;1;1;1
202400003602;155 775 477;7;0;2;7;1;1
202400003603;155 775 473;1;0;0;1;0;5
202400003604;155 775 471;7;6;0;2;14;1
202400003605;155 775 469;7;0;2;1;5;1
202400003605;155 775 470;7;0;2;1;1;1
202400003605;155 775 472;7;0;2;1;0;1
202400003606;155 775 468;7;0;1;7;1;1
202400003607;155 775 465;10;0;2;3;2;1
202400003607;155 775 466;7;0;2;4;2;1
202400003607;155 775 467;7;0;2;4;2;1
202400003608;155 775 464;7;2;0;1;1;1
202400003609;155 775 461;7;0;2;1;1;1
202400003609;155 775 462;17;0;2;1;1;1
202400003609;155 775 463;7;0;2;4;1;1
202400003610;155 775 459;7;0;2;3;16;1
202400003610;155 775 460;2;0;2;1;1;1
202400003611;155 775 457;7;0;2;1;21;1
202400003611;155 775 458;7;0;0;4;2;1
202400003612;155 775 453;7;0;2;1;2;1
202400003612;155 775 456;7;0;2;4;2;1
202400003613;155 775 454;10;0;2;3;5;1
202400003613;155 775 455;10;0;2;3;0;1
202400003614;155 775 449;33;0;2;1;1;1
202400003614;155 775 451;7;0;0;4;15;1
202400003615;155 775 444;7;0;2;4;2;1
202400003615;155 775 445;17;0;2;1;2;1
202400003615;155 775 447;13;0;2;1;2;1
202400003615;155 775 448;7;0;2;4;2;1
202400003615;155 775 450;10;0;2;1;0;1
202400003615;155 775 452;7;0;2;1;2;2
202400003616;155 775 441;7;0;2;2;12;1
202400003616;155 775 442;34;0;2;3;1;1
202400003617;155 775 440;7;16;0;9;14;1
202400003618;155 775 438;10;0;2;6;2;1
202400003618;155 775 439;33;0;2;1;2;1
202400003619;155 775 435;1;0;2;1;1;5
202400003619;155 775 437;7;0;2;3;1;2
202400003620;155 775 433;33;0;2;1;3;1
202400003620;155 775 434;15;0;2;2;1;1
202400003620;155 775 436;7;0;2;4;1;1
202400003621;155 775 430;33;0;2;3;3;1
202400003621;155 775 432;7;0;2;5;12;1
202400003622;155 775 429;7;0;2;7;1;1
202400003622;155 775 431;1;0;2;1;19;5
202400003623;155 775 428;33;4;0;1;0;1
202400003624;155 775 424;7;0;2;4;23;1
202400003624;155 775 426;37;0;2;1;1;1
202400003625;155 775 425;7;0;2;3;1;1
202400003625;155 775 427;33;0;2;1;0;1
202400003626;155 775 421;1;0;2;1;1;5
202400003626;155 775 423;32;0;2;6;9;1
202400003627;155 775 420;33;0;2;3;13;1
202400003627;155 775 422;33;0;2;3;1;1
202400003628;155 775 419;30;8;0;1;1;1
202400003629;155 775 418;7;6;0;3;13;1
202400003630;155 775 414;7;0;2;1;1;1
202400003630;155 775 415;7;0;2;4;1;1
202400003630;155 775 417;7;0;2;4;1;1
202400003631;155 775 413;7;0;2;1;5;1
202400003631;155 775 416;7;0;2;6;1;1
202400003632;155 775 411;50;0;2;3;1;3
202400003632;155 775 412;7;0;2;2;18;1
202400003633;155 775 407;7;0;2;3;0;1
202400003633;155 775 408;7;0;2;7;13;1
202400003634;155 775 405;32;0;2;1;1;1
202400003634;155 775 406;7;0;2;8;2;1
202400003635;155 775 409;7;0;2;3;1;1
202400003635;155 775 410;7;0;2;3;13;1
202400003636;155 775 402;1;0;2;1;1;5
202400003636;155 775 403;10;0;2;5;17;1
202400003637;155 775 401;30;0;2;1;1;1
202400003637;155 775 404;7;0;9;8;15;1
202400003638;155 775 400;33;6;0;1;6;1
202400003639;155 775 398;7;0;2;1;1;1
202400003639;155 775 399;7;0;2;4;1;1
202400003640;155 775 394;1;14;2;1;1;5
202400003640;155 775 395;7;0;2;5;23;1
202400003641;155 775 396;7;0;2;1;11;1
202400003641;155 775 397;33;0;0;1;1;1
202400003642;155 775 392;32;0;2;1;15;1
202400003642;155 775 393;2;0;2;1;16;0
202400003643;155 775 391;7;8;0;0;0;1
202400003644;155 775 390;7;0;1;3;15;1
202400003645;155 775 388;7;0;0;6;4;1
202400003645;155 775 389;2;0;2;1;2;1
202400003646;155 775 386;7;0;2;1;19;1
202400003646;155 775 387;34;0;0;0;0;0
202400003647;155 775 383;50;0;2;1;5;3
202400003647;155 775 385;7;0;2;2;1;1
202400003648;155 775 382;33;0;2;8;3;1
202400003648;155 775 384;7;0;2;7;12;1
202400003649;155 775 380;7;1;1;3;15;1
202400003650;155 775 379;7;8;2;8;1;1
202400003650;155 775 381;7;0;2;1;1;2
202400003651;155 775 377;50;0;2;7;26;3
202400003651;155 775 378;7;0;2;3;9;1
202400003652;155 775 376;7;0;1;4;26;1
202400003653;155 775 374;7;0;2;3;15;1
202400003653;155 775 375;33;0;2;1;1;1
202400003654;155 775 373;2;7;0;0;1;1
202400003655;155 775 370;7;0;2;2;2;1
202400003655;155 775 372;10;0;2;8;2;1
202400003656;155 775 369;7;0;2;1;2;1
202400003656;155 775 371;7;0;2;4;2;1
202400003657;155 775 367;7;0;2;6;1;1
202400003657;155 775 368;7;0;2;1;1;1
202400003658;155 775 363;7;0;2;1;1;1
202400003658;155 775 364;7;0;2;1;1;2
202400003658;155 775 366;7;0;2;1;1;1
202400003659;155 775 362;10;0;2;1;1;1
202400003659;155 775 365;7;0;2;8;19;1
202400003660;155 775 360;7;0;2;5;1;1
202400003660;155 775 361;7;0;2;3;11;1
202400003661;155 775 358;10;0;2;7;14;0
202400003661;155 775 359;33;0;2;3;1;1
202400003662;155 775 356;7;0;1;1;1;0
202400003663;155 775 355;10;0;2;6;9;1
202400003663;155 775 357;7;0;2;2;1;1
202400003664;155 775 353;33;0;2;3;17;1
202400003664;155 775 354;7;0;2;3;20;1
202400003665;155 775 352;7;4;0;1;13;1
202400003666;155 775 349;10;0;9;3;15;1
202400003666;155 775 351;1;0;2;2;1;5
202400003667;155 775 348;7;0;2;8;11;1
202400003667;155 775 350;34;0;2;7;3;1
202400003668;155 775 345;43;0;2;1;1;1
202400003668;155 775 346;7;0;2;2;1;1
202400003668;155 775 347;7;0;2;3;1;1
202400003669;155 775 343;7;0;2;8;11;1
202400003669;155 775 344;7;0;2;2;1;1
202400003670;155 775 342;7;1;1;1;1;1
202400003671;155 775 340;7;0;2;7;14;1
202400003671;155 775 341;33;0;2;8;2;1
202400003672;155 775 339;50;8;0;1;1;3
202400003673;155 775 337;7;0;2;7;12;1
202400003673;155 775 338;31;0;2;1;3;1
202400003674;155 775 335;7;0;2;3;15;1
202400003674;155 775 336;13;0;2;2;1;1
202400003675;155 775 330;7;0;2;1;2;0
202400003675;155 775 332;7;0;2;4;2;1
202400003675;155 775 333;7;0;2;4;2;1
202400003675;155 775 334;7;0;2;4;2;3
202400003676;155 775 329;50;0;2;1;5;3
202400003676;155 775 331;7;0;2;1;9;1
202400003677;155 775 326;32;0;2;1;1;1
202400003677;155 775 328;7;0;2;6;9;1
202400003678;155 775 325;30;0;2;8;1;1
202400003678;155 775 327;7;0;2;1;20;1
202400003679;155 775 323;80;0;1;1;26;3
202400003680;155 775 322;7;0;2;0;0;1
202400003680;155 775 324;10;0;2;0;1;1
202400003681;155 775 320;33;0;0;1;1;1
202400003682;155 775 319;30;0;2;8;17;1
202400003682;155 775 321;10;0;2;8;15;1
202400003683;155 775 318;33;17;0;1;1;1
202400003684;155 775 316;30;0;2;1;2;1
202400003684;155 775 317;7;0;2;4;1;1
202400003685;155 775 315;7;6;0;2;21;1
202400003686;155 775 314;7;0;1;1;1;1
202400003687;155 775 313;7;0;1;7;1;1
202400003688;155 775 311;7;0;2;1;1;1
202400003688;155 775 312;7;0;1;3;23;1
202400003689;155 775 308;7;0;2;6;15;1
202400003689;155 775 310;31;0;2;1;17;1
202400003690;155 775 307;0;0;2;0;26;1
202400003690;155 775 309;7;0;2;0;0;1
202400003691;155 775 304;34;0;2;1;1;1
202400003691;155 775 306;7;0;2;3;19;1
202400003692;155 775 303;7;0;2;3;26;1
202400003692;155 775 305;31;0;2;2;1;1
202400003693;155 775 302;7;0;1;1;17;1
202400003694;155 775 301;7;0;1;7;1;1
202400003695;155 775 299;7;0;1;1;1;1
202400003696;155 775 298;14;0;2;1;2;1
202400003696;155 775 300;7;0;2;4;2;1
202400003697;155 775 295;7;0;2;6;12;1
202400003697;155 775 297;33;0;2;2;13;1
202400003698;155 775 294;32;0;2;1;2;1
202400003698;155 775 296;7;0;2;5;1;1
202400003699;155 775 291;1;0;2;8;11;5
202400003699;155 775 293;7;0;2;1;13;1
202400003700;155 775 290;7;0;2;3;0;1
202400003700;155 775 292;7;0;2;0;0;1
202400003701;155 775 289;30;0;0;0;1;1
202400003702;155 775 285;7;0;2;7;1;1
202400003702;155 775 287;1;0;2;1;1;5
202400003703;155 775 286;10;0;2;1;0;0
202400003703;155 775 288;10;0;1;4;0;0
202400003704;155 775 283;37;0;1;1;1;1
202400003705;155 775 282;32;0;2;3;0;0
202400003705;155 775 284;7;0;2;3;0;1
202400003706;155 775 280;7;15;0;1;14;1
202400003707;155 775 281;7;0;1;1;15;1
202400003708;155 775 278;50;0;0;0;0;3
202400003709;155 775 277;7;0;2;1;1;1
202400003709;155 775 279;30;0;2;1;5;1
202400003710;155 775 275;7;0;2;1;19;1
202400003710;155 775 276;7;0;2;1;1;1
202400003711;155 775 274;7;0;1;3;1;1
202400003712;155 775 271;1;0;2;1;1;5
202400003712;155 775 273;1;0;2;1;1;5
202400003713;155 775 270;1;0;2;1;5;5
202400003713;155 775 272;7;0;2;1;16;1
202400003714;155 775 267;50;0;2;7;16;3
202400003714;155 775 269;7;0;2;1;1;1
202400003715;155 775 264;30;0;2;3;18;1
202400003715;155 775 265;7;0;2;5;12;1
202400003716;155 775 263;7;0;2;1;14;1
202400003716;155 775 266;10;0;2;1;1;1
202400003717;155 775 261;1;0;2;0;0;5
202400003717;155 775 262;7;0;2;2;0;1
202400003718;155 775 258;7;0;1;3;9;1
202400003719;155 775 257;7;0;2;4;1;1
202400003719;155 775 259;7;0;2;4;1;1
202400003719;155 775 260;7;0;2;1;1;1
202400003720;155 775 255;7;0;1;0;2;1
202400003721;155 775 254;7;0;2;8;1;1
202400003721;155 775 256;50;0;2;1;26;3
202400003722;155 775 253;50;0;2;0;26;3
202400003723;155 775 252;7;0;1;1;1;1
202400003724;155 775 250;7;0;2;1;16;1
202400003724;155 775 251;80;0;2;7;19;3
202400003725;155 775 248;33;2;0;1;1;1
202400003726;155 775 247;10;0;2;2;19;1
202400003726;155 775 249;30;0;2;1;1;1
202400003727;155 775 245;7;0;2;5;17;1
202400003727;155 775 246;2;0;2;8;1;1
202400003728;155 775 243;7;0;2;1;1;1
202400003728;155 775 244;7;0;2;1;15;1
202400003729;155 775 241;33;0;2;1;7;1
202400003729;155 775 242;7;0;2;7;16;1
202400003730;155 775 239;7;0;2;1;9;1
202400003730;155 775 240;2;0;2;7;2;1
202400003731;155 775 237;10;0;2;1;1;1
202400003731;155 775 238;7;0;2;4;2;1
202400003732;155 775 233;10;0;2;3;15;1
202400003732;155 775 235;33;0;2;1;17;1
202400003733;155 775 234;7;0;2;7;1;1
202400003733;155 775 236;7;0;2;1;1;1
202400003734;155 775 232;7;3;0;1;14;1
202400003735;155 775 231;7;11;0;1;14;1
202400003736;155 775 229;7;0;2;5;1;1
202400003736;155 775 230;2;0;2;1;0;1
202400003737;155 775 227;1;0;2;1;1;5
202400003737;155 775 228;80;0;2;1;13;3
202400003738;155 775 225;7;0;4;7;13;1
202400003738;155 775 226;40;0;2;1;1;3
202400003739;155 775 223;30;0;2;1;1;1
202400003739;155 775 224;7;0;2;8;16;1
202400003740;155 775 219;37;0;1;2;13;6
202400003741;155 775 218;32;0;2;1;1;1
202400003741;155 775 220;10;0;2;4;1;1
202400003742;155 775 216;7;0;1;1;1;1
202400003743;155 775 215;80;0;2;1;9;3
202400003743;155 775 217;7;0;2;0;1;1
202400003744;155 775 212;30;0;2;1;2;1
202400003744;155 775 213;10;0;2;5;23;3
202400003745;155 775 211;1;0;2;0;1;5
202400003745;155 775 214;17;0;9;1;16;1
202400003746;155 775 210;32;0;1;3;1;1
202400003747;155 775 209;7;8;0;1;0;1
202400003748;155 775 207;31;8;0;1;21;1
202400003749;155 775 206;10;0;2;1;1;1
202400003749;155 775 208;7;0;2;4;1;1
202400003750;155 775 204;33;0;0;8;1;1
202400003751;155 775 203;7;0;2;4;1;1
202400003751;155 775 205;7;0;2;1;1;1
202400003752;155 775 201;7;0;1;3;17;1
202400003753;155 775 202;7;0;0;1;1;1
202400003754;155 775 199;7;0;0;3;15;1
202400003754;155 775 200;32;0;2;8;1;1
202400003755;155 775 197;32;0;2;8;1;1
202400003755;155 775 198;3;0;2;2;1;3
202400003756;155 775 194;30;0;2;1;0;1
202400003756;155 775 196;7;0;2;1;16;1
202400003757;155 775 193;2;14;2;1;19;1
202400003757;155 775 195;7;14;2;3;1;1
202400003758;155 775 189;7;0;2;1;13;1
202400003758;155 775 190;33;0;2;1;1;1
202400003759;155 775 188;33;12;0;7;1;1
202400003760;155 775 187;1;16;0;0;1;5
202400003761;155 775 184;7;0;2;1;0;0
202400003761;155 775 186;7;0;2;6;1;0
202400003762;155 775 183;7;0;2;7;15;3
202400003762;155 775 185;7;0;2;1;2;1
202400003763;155 775 181;33;0;0;0;1;1
202400003764;155 775 180;7;0;2;3;11;1
202400003764;155 775 182;33;0;2;2;3;1
202400003765;155 775 177;7;0;2;1;1;1
202400003765;155 775 178;7;0;2;6;1;2
202400003766;155 775 176;10;0;2;7;1;1
202400003766;155 775 179;10;0;2;1;1;3
202400003767;155 775 175;43;4;0;3;3;1
202400003768;155 775 172;43;0;2;5;3;1
202400003768;155 775 173;7;0;2;5;12;3
202400003769;155 775 171;7;0;2;1;1;1
202400003769;155 775 174;7;0;2;3;15;2
202400003770;155 775 168;7;0;2;2;12;1
202400003770;155 775 169;7;0;2;8;2;1
202400003771;155 775 167;14;0;2;1;1;1
202400003771;155 775 170;31;0;2;0;0;1
202400003772;155 775 166;7;6;0;1;26;1
202400003773;155 775 165;43;0;0;3;1;1
202400003774;155 775 163;80;14;0;3;13;3
202400003775;155 775 162;30;0;2;1;1;1
202400003775;155 775 164;50;0;2;3;15;3
202400003776;155 775 160;31;0;1;1;1;1
202400003777;155 775 159;10;0;2;1;1;1
202400003777;155 775 161;7;8;2;5;1;1
202400003778;155 775 156;7;0;2;3;1;1
202400003778;155 775 158;60;0;2;1;13;5
202400003779;155 775 152;7;7;0;1;6;1
202400003780;155 775 151;7;9;0;8;1;1
202400003780;155 775 153;7;0;2;0;26;4
202400003780;155 775 154;33;14;2;7;14;1
202400003781;155 775 148;7;0;2;1;1;1
202400003781;155 775 150;7;0;0;4;1;1
202400003782;155 775 149;50;4;0;3;13;3
202400003783;155 775 146;7;0;1;3;1;3
202400003784;155 775 145;2;0;2;8;18;1
202400003784;155 775 147;1;0;2;7;14;5
202400003785;155 775 141;7;0;0;3;1;1
202400003785;155 775 143;7;0;0;5;1;2
202400003786;155 775 142;7;0;2;4;2;1
202400003786;155 775 144;7;0;2;1;2;2
202400003787;155 775 140;10;0;1;2;1;1
202400003788;155 775 139;7;0;1;7;1;1
202400003789;155 775 138;7;0;1;1;1;1
202400003790;155 775 135;1;0;2;2;1;5
202400003790;155 775 137;10;0;2;3;15;1
202400003791;155 775 134;7;0;2;1;15;1
202400003791;155 775 136;1;0;2;8;1;5
202400003792;155 775 130;10;0;2;3;1;1
202400003792;155 775 132;7;0;2;1;15;1
202400003793;155 775 131;7;0;2;1;19;1
202400003793;155 775 133;7;0;2;4;2;1
202400003794;155 775 127;7;0;2;6;22;1
202400003794;155 775 129;50;0;2;1;1;3
202400003795;155 775 126;10;0;2;3;15;1
202400003795;155 775 128;7;0;2;6;1;1
202400003796;155 775 122;7;0;9;3;15;1
202400003796;155 775 124;1;0;2;1;2;5
202400003797;155 775 123;33;0;2;3;18;1
202400003797;155 775 125;7;0;2;2;14;2
202400003798;155 775 118;7;0;2;1;16;1
202400003798;155 775 120;50;0;2;7;19;3
202400003799;155 775 117;14;0;0;4;0;0
202400003799;155 775 119;10;0;2;1;2;1
202400003799;155 775 121;10;0;2;4;2;1
202400003800;155 775 116;7;1;0;1;14;2
202400003801;155 775 113;1;0;1;1;1;5
202400003802;155 775 111;10;0;2;7;16;1
202400003802;155 775 112;33;0;2;3;18;1
202400003803;155 775 114;7;0;2;5;17;1
202400003803;155 775 115;7;0;2;3;0;0
202400003804;155 775 109;1;0;2;7;1;5
202400003804;155 775 110;1;0;2;8;15;5
202400003805;155 775 107;7;0;2;3;1;1
202400003805;155 775 108;2;0;2;2;1;1
202400003806;155 775 106;80;12;0;1;13;3
202400003807;155 775 104;50;0;0;0;1;3
202400003808;155 775 103;7;0;2;0;15;1
202400003808;155 775 105;50;0;2;8;1;3
202400003809;155 775 100;1;0;2;0;0;5
202400003809;155 775 101;32;0;9;1;16;1
202400003810;155 775 099;7;0;2;2;15;1
202400003810;155 775 102;7;0;2;8;1;2
202400003811;155 775 096;7;0;2;2;1;0
202400003811;155 775 098;7;0;2;3;17;1
202400003812;155 775 097;7;0;1;1;16;0
202400003813;155 775 095;14;0;1;5;4;1
202400003814;155 775 094;34;0;1;1;1;1
202400003815;155 775 091;7;0;2;2;15;1
202400003815;155 775 093;33;0;2;1;1;1
202400003816;155 775 092;7;0;1;1;1;1
202400003817;155 775 090;60;14;0;1;1;5
202400003818;155 775 088;7;0;2;1;2;1
202400003818;155 775 089;32;0;2;4;2;1
202400003819;155 775 086;7;0;2;1;1;1
202400003819;155 775 087;7;0;2;3;16;1
202400003820;155 775 084;7;0;2;1;5;2
202400003820;155 775 085;31;0;2;7;1;1
202400003821;155 775 082;7;0;2;2;19;3
202400003821;155 775 083;30;0;2;3;1;3
202400003822;155 775 080;7;0;2;2;1;1
202400003822;155 775 081;7;8;2;1;1;2
202400003823;155 775 079;1;12;0;1;26;5
202400003824;155 775 078;10;0;1;4;4;3
202400003825;155 775 074;7;0;0;3;13;0
202400003825;155 775 075;7;0;2;3;13;1
202400003825;155 775 076;7;0;2;8;13;1
202400003825;155 775 077;7;0;2;3;13;1
202400003826;155 775 072;21;0;2;6;15;0
202400003826;155 775 073;33;0;2;1;17;1
202400003827;155 775 071;2;15;0;2;1;1
202400003828;155 775 069;33;0;2;1;0;1
202400003828;155 775 070;7;0;2;7;15;1
202400003829;155 775 067;7;0;2;1;1;1
202400003829;155 775 068;7;0;2;1;1;1
202400003830;155 775 065;7;0;2;1;15;1
202400003830;155 775 066;33;0;2;1;17;1
202400003831;155 775 063;7;0;2;3;10;1
202400003831;155 775 064;33;0;2;1;21;1
202400003832;155 775 061;15;0;2;2;2;1
202400003832;155 775 062;15;0;0;6;2;1
202400003833;155 775 060;33;0;0;0;16;1
202400003834;155 775 058;10;0;2;3;13;1
202400003834;155 775 059;17;0;2;3;1;1
202400003835;155 775 057;7;2;0;1;21;1
202400003836;155 775 056;7;13;0;1;13;1
202400003837;155 775 054;7;0;2;3;1;1
202400003837;155 775 055;7;0;2;3;1;1
202400003838;155 775 052;33;0;2;1;1;1
202400003838;155 775 053;7;0;2;1;15;3
202400003839;155 775 050;7;0;0;6;1;1
202400003839;155 775 051;80;12;0;8;5;3
202400003840;155 775 048;2;0;2;1;1;1
202400003840;155 775 049;7;0;2;6;1;1
202400003841;155 775 047;33;3;0;1;2;0
202400003842;155 775 044;13;0;2;1;1;1
202400003842;155 775 045;7;0;2;4;1;3
202400003842;155 775 046;10;0;2;4;1;1
202400003843;155 775 043;33;8;0;2;14;1
202400003844;155 775 042;33;6;9;1;1;1
202400003845;155 775 039;7;0;2;1;1;1
202400003845;155 775 040;7;0;2;4;1;1
202400003845;155 775 041;7;0;2;4;1;1
202400003846;155 775 038;33;0;0;0;1;1
202400003847;155 775 034;10;0;2;1;1;1
202400003847;155 775 035;7;0;2;4;23;1
202400003847;155 775 036;7;0;2;4;23;1
202400003847;155 775 037;7;0;2;1;13;1
202400003848;155 775 031;7;0;2;2;1;1
202400003848;155 775 032;7;0;2;3;1;1
202400003848;155 775 033;7;0;2;1;0;2
202400003849;155 775 030;33;13;0;9;14;1
202400003850;155 775 028;7;0;2;2;17;1
202400003850;155 775 029;7;0;2;8;15;1
202400003851;155 775 027;33;0;0;1;1;1
202400003852;155 775 025;7;0;2;1;13;1
202400003852;155 775 026;17;0;2;1;1;1
202400003853;155 775 023;7;0;2;8;19;1
202400003853;155 775 024;33;0;2;1;1;1
202400003854;155 775 020;7;0;2;1;2;1
202400003854;155 775 021;7;0;2;6;13;1
202400003854;155 775 022;7;0;2;3;1;1
202400003855;155 775 017;7;0;2;3;9;1
202400003855;155 775 018;7;0;0;6;26;1
202400003855;155 775 019;2;1;2;1;1;1
202400003856;155 775 016;2;0;0;0;0;1
202400003857;155 775 014;1;0;9;1;1;5
202400003857;155 775 015;1;0;9;1;1;5
202400003858;155 775 013;33;0;0;0;1;1
202400003859;155 775 011;10;0;2;3;13;1
202400003859;155 775 012;1;0;2;1;1;5
202400003860;155 775 010;7;2;0;1;1;1
202400003861;155 775 009;2;0;0;1;0;1
202400003862;155 775 008;7;13;0;3;13;1
202400003863;155 775 006;7;0;2;1;5;1
202400003863;155 775 007;7;0;2;1;5;1
202400003864;155 775 004;7;0;2;7;15;1
202400003864;155 775 005;34;0;2;1;1;1
202400003865;155 775 002;7;0;0;8;16;1
202400003865;155 775 003;7;0;2;2;1;1
202400003866;155 775 001;7;4;0;1;1;1
202400003867;155 774 999;7;0;0;4;1;1
202400003867;155 775 000;10;5;2;1;0;1
202400003868;155 774 997;7;0;2;3;11;1
202400003868;155 774 998;33;0;2;9;3;1
202400003869;155 774 995;2;0;0;8;9;1
202400003869;155 774 996;7;13;2;2;1;1
202400003870;155 774 993;33;0;2;3;13;1
202400003870;155 774 994;7;0;2;2;26;1
202400003871;155 774 992;31;0;0;1;0;1
202400003872;155 774 990;1;0;9;3;12;5
202400003872;155 774 991;7;0;2;3;9;1
202400003873;155 774 988;7;0;0;3;15;3
202400003873;155 774 989;33;8;0;2;17;1
202400003874;155 774 986;31;0;2;1;1;1
202400003874;155 774 987;7;0;2;6;15;1
202400003875;155 774 984;32;0;2;3;1;1
202400003875;155 774 985;1;4;2;1;13;5
202400003876;155 774 982;33;0;2;8;13;1
202400003876;155 774 983;10;0;2;6;1;1
202400003877;155 774 980;7;0;2;7;1;1
202400003877;155 774 981;33;0;2;8;3;1
202400003878;155 774 978;50;0;2;3;9;3
202400003878;155 774 979;7;0;2;2;9;1
202400003879;155 774 976;7;0;2;2;1;1
202400003879;155 774 977;33;0;2;0;0;1
202400003880;155 774 974;10;0;2;6;17;1
202400003880;155 774 975;33;0;2;2;17;1
202400003881;155 774 972;33;3;2;1;0;1
202400003881;155 774 973;38;0;2;3;0;1
202400003882;155 774 971;7;0;0;9;1;1
202400003883;155 774 969;7;0;2;2;19;1
202400003883;155 774 970;7;0;2;1;1;1
202400003884;155 774 967;7;0;2;3;1;1
202400003884;155 774 968;1;0;2;1;1;5
202400003885;155 774 965;7;0;2;1;1;1
202400003885;155 774 966;10;0;2;1;1;1
202400003886;155 774 963;7;0;2;3;13;1
202400003886;155 774 964;7;0;2;3;1;1
202400003887;155 774 961;7;0;0;5;23;1
202400003887;155 774 962;1;0;2;1;2;5
202400003888;155 774 960;33;16;0;8;16;1
202400003889;155 774 958;7;0;2;6;2;1
202400003889;155 774 959;7;0;2;2;12;1
202400003890;155 774 957;32;0;0;0;0;1
202400003891;155 774 955;7;0;9;3;20;1
202400003891;155 774 956;50;1;0;7;1;3
202400003892;155 774 953;7;0;2;1;1;1
202400003892;155 774 954;1;0;2;4;1;5
202400003893;155 774 951;33;12;2;2;0;1
202400003893;155 774 952;7;15;2;1;1;1
202400003894;155 774 949;30;0;2;1;1;1
202400003894;155 774 950;1;0;2;8;0;5
202400003895;155 774 948;10;1;0;3;1;1
202400003896;155 774 946;7;0;2;3;1;1
202400003896;155 774 947;32;0;2;1;1;1
202400003897;155 774 944;37;1;0;0;0;1
202400003897;155 774 945;10;0;2;3;22;1
202400003898;155 774 943;7;0;1;1;1;1
202400003899;155 774 941;7;1;0;3;20;0
202400003899;155 774 942;7;0;0;6;23;1
202400003900;155 774 939;50;0;2;1;1;3
202400003900;155 774 940;7;0;2;8;15;1
202400003901;155 774 937;30;0;2;9;1;1
202400003901;155 774 938;7;0;2;3;0;1
202400003902;155 774 936;33;0;0;0;1;1
202400003903;155 774 932;7;0;2;4;1;1