Num_Acc;id_vehicule;catv;obs;obsm;choc;manv;motor
202400004259;155 774 313;33;10;0;1;1;1
202400004260;155 774 315;33;0;1;2;1;1
202400004261;155 774 312;33;0;0;0;1;1
202400004262;155 774 309;7;4;0;3;1;1
202400004262;155 774 311;10;1;0;3;1;1
202400004263;155 774 307;1;0;2;1;1;5
202400004263;155 774 308;7;0;9;2;17;1
202400004264;155 774 310;1;0;0;0;9;5
202400004265;155 774 304;7;0;2;2;0;1
202400004265;155 774 306;7;0;2;6;1;1
202400004266;155 774 303;10;0;2;3;1;1
202400004266;155 774 305;21;0;2;3;1;1
202400004267;155 774 301;7;1;0;2;25;1
202400004268;155 774 302;1;0;1;1;1;5
202400004269;155 774 299;7;0;2;3;13;1
202400004269;155 774 300;33;0;2;8;1;1
202400004270;155 774 296;7;8;9;2;2;1
202400004270;155 774 298;1;0;0;4;2;5
202400004271;155 774 295;10;0;2;1;1;1
202400004271;155 774 297;7;0;2;3;1;1
202400004272;155 774 294;31;0;0;7;1;1
202400004273;155 774 293;7;2;0;3;1;1
202400004274;155 774 292;10;0;1;0;0;1
202400004275;155 774 291;31;16;0;0;1;1
202400004276;155 774 287;37;0;1;1;7;6
202400004277;155 774 286;1;0;2;1;1;5
202400004277;155 774 289;7;0;9;3;9;1
202400004278;155 774 285;7;0;1;2;1;1
202400004279;155 774 283;7;6;0;8;1;0
202400004280;155 774 282;7;0;2;3;13;3
202400004280;155 774 284;15;0;2;3;1;1
202400004281;155 774 280;7;16;0;9;4;1
202400004282;155 774 277;15;0;5;4;1;1
202400004282;155 774 279;37;0;2;1;1;1
202400004283;155 774 276;7;15;0;3;13;1
202400004284;155 774 278;7;0;2;1;16;1
202400004284;155 774 281;7;0;2;1;1;1
202400004285;155 774 275;7;1;0;3;13;3
202400004286;155 774 271;7;0;2;3;15;1
202400004286;155 774 273;7;0;2;2;1;1
202400004287;155 774 270;7;1;0;9;0;1
202400004288;155 774 272;7;0;2;7;15;1
202400004288;155 774 274;33;0;2;1;1;1
202400004289;155 774 265;7;0;2;1;1;1
202400004289;155 774 268;21;0;2;1;5;1
202400004290;155 774 266;7;6;0;1;19;1
202400004291;155 774 261;7;6;0;1;1;1
202400004292;155 774 256;33;0;2;4;0;1
202400004292;155 774 258;7;0;2;7;2;0
202400004292;155 774 260;7;0;2;2;2;2
202400004293;155 774 255;15;0;1;3;18;1
202400004294;155 774 254;7;0;2;1;23;1
202400004294;155 774 257;7;16;2;2;1;1
202400004295;155 774 252;7;0;1;1;1;1
202400004296;155 774 251;33;0;2;3;1;1
202400004296;155 774 253;7;0;2;2;15;1
202400004297;155 774 248;13;0;2;8;1;1
202400004297;155 774 249;7;0;2;1;1;1
202400004297;155 774 250;10;0;2;8;13;1
202400004298;155 774 247;30;0;1;1;1;1
202400004299;155 774 246;7;1;1;3;2;3
202400004300;155 774 245;1;0;0;5;13;5
202400004301;155 774 244;7;13;0;1;0;1
202400004302;155 774 242;7;0;2;2;1;1
202400004302;155 774 243;7;0;2;3;1;1
202400004303;155 774 240;38;14;0;1;1;1
202400004304;155 774 241;7;0;1;3;15;1
202400004305;155 774 239;10;2;0;3;13;1
202400004306;155 774 236;7;0;2;2;12;1
202400004306;155 774 238;7;16;0;6;2;1
202400004307;155 774 237;7;0;1;2;16;2
202400004308;155 774 234;7;0;0;0;1;1
202400004308;155 774 235;7;0;0;0;1;1
202400004309;155 774 232;7;0;0;4;23;2
202400004309;155 774 233;15;1;0;1;2;1
202400004310;155 774 231;10;0;1;1;17;1
202400004311;155 774 228;10;0;2;3;19;1
202400004311;155 774 230;7;0;2;2;1;1
202400004312;155 774 226;7;0;1;1;0;1
202400004313;155 774 227;7;0;2;1;15;1
202400004313;155 774 229;1;0;2;8;1;5
202400004314;155 774 225;7;0;1;3;15;1
202400004315;155 774 224;33;0;0;0;1;1
202400004316;155 774 220;7;0;1;1;1;1
202400004317;155 774 221;2;0;2;1;1;1
202400004317;155 774 223;7;0;2;1;1;1
202400004318;155 774 219;7;0;2;1;1;1
202400004318;155 774 222;2;0;2;5;1;1
202400004319;155 774 212;7;0;2;1;5;1
202400004319;155 774 215;33;15;2;6;1;1
202400004319;155 774 217;33;0;2;8;1;1
202400004319;155 774 218;33;0;2;1;1;1
202400004320;155 774 210;7;0;2;2;16;1
202400004320;155 774 214;50;0;2;1;1;3
202400004321;155 774 211;7;0;0;8;15;1
202400004321;155 774 216;31;9;2;1;17;0
202400004322;155 774 209;7;0;2;3;13;1
202400004322;155 774 213;7;0;2;3;1;1
202400004323;155 774 208;7;8;0;1;1;1
202400004324;155 774 206;7;2;0;1;1;1
202400004325;155 774 205;2;0;0;0;0;1
202400004326;155 774 204;7;0;2;3;0;1
202400004326;155 774 207;7;0;2;2;0;1
202400004327;155 774 200;7;0;9;3;1;1
202400004327;155 774 203;13;0;0;0;0;1
202400004328;155 774 199;10;0;2;3;9;1
202400004328;155 774 202;80;0;2;4;2;3
202400004329;155 774 196;7;0;2;1;1;0
202400004329;155 774 198;7;0;2;1;13;1
202400004330;155 774 197;33;0;2;1;1;1
202400004330;155 774 201;7;0;2;3;15;1
202400004331;155 774 195;7;11;0;1;1;1
202400004332;155 774 189;10;0;2;1;1;1
202400004332;155 774 192;7;0;2;1;26;1
202400004332;155 774 194;7;0;0;0;1;2
202400004333;155 774 188;7;0;2;1;6;3
202400004333;155 774 191;7;0;2;1;19;2
202400004333;155 774 193;7;0;2;1;19;1
202400004334;155 774 187;7;0;2;3;5;1
202400004334;155 774 190;33;6;0;2;1;1
202400004335;155 774 186;33;0;0;1;1;1
202400004336;155 774 182;31;0;2;8;21;1
202400004336;155 774 185;7;0;2;1;9;3
202400004337;155 774 181;33;0;2;1;9;1
202400004337;155 774 183;7;0;2;6;9;1
202400004338;155 774 180;7;0;2;7;1;1
202400004338;155 774 184;32;0;2;1;1;1
202400004339;155 774 175;7;0;2;2;17;1
202400004339;155 774 178;15;0;2;3;17;1
202400004339;155 774 179;21;0;2;3;1;1
202400004340;155 774 177;7;4;0;1;1;1
202400004341;155 774 174;7;2;0;1;0;1
202400004342;155 774 173;2;12;0;7;14;1
202400004343;155 774 170;7;0;2;1;1;1
202400004343;155 774 172;7;0;2;3;1;1
202400004344;155 774 168;7;0;0;9;1;1
202400004345;155 774 169;1;0;2;5;2;5
202400004345;155 774 171;7;0;9;2;9;1
202400004346;155 774 166;33;0;2;1;2;1
202400004346;155 774 167;10;0;0;4;2;1
202400004347;155 774 165;7;0;1;2;1;1
202400004348;155 774 163;2;0;0;9;0;1
202400004349;155 774 162;43;4;0;2;1;1
202400004350;155 774 161;31;12;0;0;1;1
202400004351;155 774 160;0;13;2;1;0;0
202400004351;155 774 164;7;13;2;0;1;1
202400004352;155 774 157;33;0;2;1;13;1
202400004352;155 774 159;7;0;2;3;1;1
202400004353;155 774 155;7;0;0;4;1;1
202400004353;155 774 158;7;-1;2;1;1;1
202400004354;155 774 154;7;2;0;1;14;0
202400004355;155 774 153;30;0;2;3;15;1
202400004355;155 774 156;7;0;2;2;1;1
202400004356;155 774 152;10;8;0;1;1;1
202400004357;155 774 151;7;13;0;1;1;1
202400004358;155 774 150;31;14;0;1;1;1
202400004359;155 774 146;7;0;2;3;1;1
202400004359;155 774 148;2;0;2;1;13;1
202400004360;155 774 147;7;0;2;7;17;1
202400004360;155 774 149;1;0;2;3;15;5
202400004361;155 774 143;80;0;0;0;13;3
202400004362;155 774 144;7;0;2;1;0;1
202400004362;155 774 145;15;0;2;1;1;1
202400004363;155 774 142;7;0;0;9;1;1
202400004364;155 774 138;7;0;2;3;10;1
202400004364;155 774 141;33;0;2;1;1;1
202400004365;155 774 137;10;0;2;2;1;1
202400004365;155 774 139;1;0;2;8;1;5
202400004366;155 774 135;7;0;2;8;10;1
202400004366;155 774 136;31;0;2;1;1;1
202400004367;155 774 133;7;13;0;1;14;1
202400004368;155 774 132;7;0;0;6;15;1
202400004368;155 774 134;43;0;2;1;17;1
202400004369;155 774 128;7;0;2;1;2;1
202400004369;155 774 131;7;0;2;4;1;1
202400004370;155 774 129;7;0;1;4;4;1
202400004371;155 774 127;50;0;2;6;19;3
202400004371;155 774 130;7;0;0;3;1;1
202400004372;155 774 123;7;0;1;1;1;1
202400004373;155 774 122;7;2;2;1;0;2
202400004373;155 774 125;7;0;2;4;0;1
202400004373;155 774 126;7;2;2;4;0;1
202400004374;155 774 121;7;0;2;3;19;1
202400004374;155 774 124;7;0;2;6;1;1
202400004375;155 774 119;33;12;0;7;1;1
202400004376;155 774 117;7;0;2;4;0;1
202400004376;155 774 118;7;0;2;4;2;1
202400004376;155 774 120;7;0;2;1;2;1
202400004377;155 774 115;13;14;0;0;1;1
202400004377;155 774 116;1;14;0;1;1;5
202400004378;155 774 114;7;2;0;2;0;1
202400004379;155 774 113;33;0;0;1;14;1
202400004380;155 774 112;21;16;0;8;1;1
202400004381;155 774 111;2;12;0;1;0;1
202400004382;155 774 109;7;0;2;1;14;1
202400004382;155 774 110;7;0;2;4;0;3
202400004383;155 774 108;7;13;0;2;1;1
202400004384;155 774 106;34;0;2;1;13;1
202400004384;155 774 107;7;0;2;1;1;1
202400004385;155 774 105;7;4;0;2;1;1
202400004386;155 774 103;7;0;1;1;1;1
202400004387;155 774 102;10;0;2;3;1;1
202400004387;155 774 104;7;0;2;3;13;1
202400004388;155 774 100;7;4;2;5;2;1
202400004388;155 774 101;33;4;2;1;2;1
202400004389;155 774 098;10;3;0;1;1;1
202400004390;155 774 097;7;0;2;1;15;1
202400004390;155 774 099;33;0;2;7;1;1
202400004391;155 774 095;7;0;2;1;1;1
202400004391;155 774 096;7;0;2;4;1;1
202400004392;155 774 094;7;0;0;3;1;1
202400004393;155 774 090;7;4;0;3;1;1
202400004394;155 774 089;7;0;2;5;12;1
202400004394;155 774 091;33;0;2;1;3;1
202400004395;155 774 088;1;0;0;3;2;5
202400004395;155 774 092;1;0;0;4;2;5
202400004395;155 774 093;7;0;9;2;1;1
202400004396;155 774 085;7;5;0;1;2;1
202400004397;155 774 084;7;0;2;1;1;1
202400004397;155 774 086;7;0;1;1;1;1
202400004398;155 774 083;10;0;2;4;1;1
202400004398;155 774 087;10;0;2;1;2;1
202400004399;155 774 080;7;0;2;1;5;1
202400004399;155 774 082;14;0;2;1;1;1
202400004400;155 774 079;33;12;0;1;14;1
202400004401;155 774 078;7;4;2;8;0;1
202400004401;155 774 081;15;0;2;7;12;1
202400004402;155 774 076;2;0;1;1;17;1
202400004403;155 774 073;7;0;2;2;15;1
202400004403;155 774 075;99;0;2;1;1;1
202400004404;155 774 070;2;0;0;0;1;1
202400004405;155 774 069;7;0;2;1;2;1
202400004405;155 774 071;7;0;2;4;2;1
202400004405;155 774 074;7;0;2;8;2;1
202400004405;155 774 077;7;0;2;4;2;1
202400004406;155 774 068;7;4;2;1;0;1
202400004406;155 774 072;7;0;2;3;1;1
202400004407;155 774 065;7;0;1;3;1;1
202400004408;155 774 064;7;0;2;4;2;1
202400004408;155 774 066;7;0;2;0;0;0
202400004409;155 774 063;10;0;0;4;2;1
202400004409;155 774 067;7;0;2;1;2;1
202400004410;155 774 062;7;2;0;1;0;2
202400004411;155 774 061;7;4;0;1;1;1
202400004412;155 774 060;7;0;1;3;1;1
202400004413;155 774 058;7;6;0;2;1;1
202400004414;155 774 056;7;12;2;2;21;2
202400004414;155 774 059;7;0;2;4;24;1
202400004415;155 774 055;7;0;2;1;6;1
202400004415;155 774 057;7;0;2;1;0;1
202400004416;155 774 050;7;0;2;3;10;1
202400004416;155 774 052;33;0;2;1;17;1
202400004417;155 774 048;7;0;2;2;0;0
202400004417;155 774 051;2;0;2;6;23;1
202400004417;155 774 054;3;0;2;6;23;1
202400004418;155 774 046;7;0;2;4;2;1
202400004418;155 774 047;7;0;2;4;0;0
202400004418;155 774 049;7;0;2;1;2;3
202400004418;155 774 053;7;0;2;4;2;1
202400004419;155 774 045;7;0;1;3;1;1
202400004420;155 774 044;7;2;0;3;1;1
202400004421;155 774 042;33;10;0;1;1;1
202400004422;155 774 041;7;0;2;1;14;1
202400004422;155 774 043;7;0;2;4;23;1
202400004423;155 774 040;7;0;1;2;10;2
202400004424;155 774 036;10;0;2;4;23;1
202400004424;155 774 038;7;1;0;2;9;1
202400004425;155 774 037;33;0;2;1;1;1
202400004425;155 774 039;7;0;2;1;15;1
202400004426;155 774 034;34;0;9;1;17;1
202400004426;155 774 035;1;0;2;7;15;5
202400004427;155 774 030;7;0;0;5;23;1
202400004427;155 774 033;10;1;0;2;1;1
202400004428;155 774 029;10;0;2;1;1;1
202400004428;155 774 031;7;0;2;4;1;2
202400004429;155 774 028;7;0;2;4;1;1
202400004429;155 774 032;7;0;2;1;1;2
202400004430;155 774 027;31;12;0;8;1;1
202400004431;155 774 025;7;0;1;2;1;1
202400004432;155 774 023;7;0;2;3;0;1
202400004432;155 774 026;7;0;2;2;1;1
202400004433;155 774 022;36;9;0;1;1;1
202400004434;155 774 018;7;0;2;6;1;1
202400004434;155 774 020;30;0;2;4;17;1
202400004435;155 774 019;7;0;2;1;1;1
202400004435;155 774 021;7;0;0;9;1;1
202400004435;155 774 024;7;0;0;0;1;6
202400004436;155 774 017;30;13;0;0;1;1
202400004437;155 774 015;30;0;0;0;0;1
202400004438;155 774 014;7;0;2;7;1;2
202400004438;155 774 016;7;0;2;3;3;1
202400004439;155 774 012;34;4;0;8;26;1
202400004440;155 774 011;0;0;2;0;11;0
202400004440;155 774 013;7;0;2;6;1;0
202400004441;155 774 009;7;13;0;3;1;1
202400004442;155 774 008;7;0;2;2;16;1
202400004442;155 774 010;2;0;2;3;16;1
202400004443;155 774 004;32;0;2;1;1;1
202400004443;155 774 006;7;2;2;2;9;1
202400004444;155 774 005;10;0;0;8;15;1
202400004444;155 774 007;7;8;2;2;17;2
202400004445;155 774 003;33;15;0;0;17;1
202400004446;155 774 000;7;1;0;1;14;1
202400004447;155 773 999;7;0;2;1;5;1
202400004447;155 774 001;7;0;2;3;1;1
202400004447;155 774 002;7;0;9;8;1;1
202400004448;155 773 998;7;6;0;1;26;1
202400004449;155 773 996;7;0;2;5;19;0
202400004449;155 773 997;33;0;2;1;1;1
202400004450;155 773 995;7;0;1;1;15;0
202400004451;155 773 994;31;16;0;1;0;3
202400004452;155 773 992;7;0;2;1;1;1
202400004452;155 773 993;7;0;2;1;1;1
202400004453;155 773 988;7;0;2;1;13;1
202400004453;155 773 989;7;0;2;1;1;1
202400004454;155 773 990;7;0;9;3;19;1
202400004454;155 773 991;1;0;2;1;1;5
202400004455;155 773 986;7;13;0;3;13;1
202400004456;155 773 985;32;0;2;7;1;1
202400004456;155 773 987;7;0;2;8;1;1
202400004457;155 773 984;7;0;0;1;14;1
202400004458;155 773 982;7;0;1;2;24;1
202400004459;155 773 981;31;0;0;0;2;1
202400004459;155 773 983;7;0;2;8;2;0
202400004460;155 773 979;7;0;0;0;1;1
202400004461;155 773 978;7;0;2;3;26;1
202400004461;155 773 980;7;0;2;2;15;1
202400004462;155 773 976;7;0;1;2;1;1
202400004463;155 773 975;13;0;9;2;1;1
202400004463;155 773 977;1;0;2;8;19;5
202400004464;155 773 972;7;0;2;3;13;1
202400004464;155 773 974;7;0;2;3;1;1
202400004465;155 773 971;7;0;2;2;1;3
202400004465;155 773 973;2;0;2;1;25;1
202400004466;155 773 967;7;7;0;3;1;1
202400004466;155 773 969;7;0;2;1;6;1
202400004467;155 773 968;7;0;2;1;2;1
202400004467;155 773 970;10;0;1;4;18;1
202400004468;155 773 964;60;0;2;1;9;5
202400004468;155 773 966;7;0;2;8;9;-1
202400004469;155 773 965;33;0;0;1;1;1
202400004470;155 773 962;7;2;0;8;2;1
202400004471;155 773 961;7;0;2;7;1;3
202400004471;155 773 963;7;0;2;7;11;1
202400004472;155 773 960;7;3;0;3;13;1
202400004473;155 773 959;7;0;1;1;1;1
202400004474;155 773 958;7;0;1;2;14;2
202400004475;155 773 954;7;0;2;4;1;1
202400004475;155 773 956;7;0;2;1;1;1
202400004476;155 773 955;7;0;2;3;19;1
202400004476;155 773 957;32;0;2;1;1;1
202400004477;155 773 951;7;0;2;3;24;1
202400004477;155 773 952;7;0;2;7;1;1
202400004478;155 773 949;7;6;0;1;1;1
202400004479;155 773 944;7;0;2;4;2;1
202400004479;155 773 945;7;0;2;4;2;1
202400004479;155 773 946;7;0;2;1;2;1
202400004479;155 773 947;7;0;2;4;2;1
202400004479;155 773 948;7;0;2;4;2;1
202400004480;155 773 943;32;0;1;1;19;1
202400004481;155 773 942;38;0;2;3;2;1
202400004481;155 773 950;38;0;2;4;2;0
202400004481;155 773 953;15;0;2;6;2;1
202400004482;155 773 940;15;0;2;4;2;1
202400004482;155 773 941;7;0;2;1;2;2
202400004483;155 773 939;7;8;0;1;1;1
202400004484;155 773 936;33;0;2;1;1;1
202400004484;155 773 937;10;0;2;2;15;1
202400004485;155 773 935;7;0;2;8;5;1
202400004485;155 773 938;32;0;2;8;9;1
202400004486;155 773 931;7;0;2;8;9;1
202400004486;155 773 933;10;0;2;3;1;1
202400004487;155 773 930;7;0;2;1;2;1
202400004487;155 773 932;7;0;2;4;2;1
202400004487;155 773 934;7;0;2;4;2;1
202400004488;155 773 928;7;0;2;1;2;1
202400004488;155 773 929;7;0;2;4;1;2
202400004489;155 773 926;7;0;2;8;9;1
202400004489;155 773 927;7;0;2;7;1;1
202400004490;155 773 924;7;0;0;0;1;1
202400004491;155 773 923;7;0;2;2;19;1
202400004491;155 773 925;2;0;2;1;1;1
202400004492;155 773 920;7;0;2;3;15;1
202400004492;155 773 922;7;0;2;1;16;1
202400004493;155 773 919;7;0;9;2;16;1
202400004493;155 773 921;50;0;2;3;5;3
202400004494;155 773 917;7;0;2;3;1;1
202400004494;155 773 918;7;0;2;1;15;3
202400004495;155 773 915;14;0;2;4;26;1
202400004495;155 773 916;7;0;9;4;0;1
202400004496;155 773 913;7;0;2;1;1;0
202400004496;155 773 914;7;0;2;3;16;1
202400004497;155 773 911;7;0;2;1;26;1
202400004497;155 773 912;50;14;0;4;1;3
202400004498;155 773 909;7;0;2;1;2;1
202400004498;155 773 910;7;0;2;4;2;1
202400004499;155 773 907;7;4;2;3;0;1
202400004499;155 773 908;33;4;2;3;2;1
202400004500;155 773 905;7;0;2;1;1;1
202400004500;155 773 906;30;0;2;4;1;1
202400004501;155 773 902;7;0;2;1;1;1
202400004501;155 773 903;7;0;2;4;1;1
202400004501;155 773 904;7;0;2;4;1;2
202400004502;155 773 901;30;0;1;1;17;1
202400004503;155 773 900;7;0;1;2;1;1
202400004504;155 773 898;7;0;2;1;2;1
202400004504;155 773 899;7;0;2;4;23;2
202400004505;155 773 895;7;3;0;6;1;1
202400004505;155 773 897;7;16;2;2;14;1
202400004506;155 773 894;31;0;2;1;1;1
202400004506;155 773 896;7;0;2;6;26;1
202400004507;155 773 893;7;0;1;1;15;2
202400004508;155 773 891;7;0;2;7;1;1
202400004508;155 773 892;7;0;2;8;1;1
202400004509;155 773 888;7;0;2;1;26;1
202400004509;155 773 890;10;0;2;1;9;1
202400004510;155 773 887;34;0;2;1;1;1
202400004510;155 773 889;33;0;2;4;2;1
202400004511;155 773 884;7;0;2;1;2;1
202400004511;155 773 885;7;0;2;4;23;1
202400004512;155 773 883;7;0;2;1;15;1
202400004512;155 773 886;50;0;2;1;16;3
202400004513;155 773 881;2;3;0;1;21;1
202400004514;155 773 880;30;0;2;1;16;0
202400004514;155 773 882;7;0;2;3;15;0
202400004515;155 773 878;37;0;1;7;9;0
202400004516;155 773 877;7;0;2;1;26;1
202400004516;155 773 879;7;0;2;4;1;1
202400004517;155 773 874;7;0;2;3;0;1
202400004517;155 773 876;33;0;2;2;13;1
202400004518;155 773 875;33;0;1;8;21;1
202400004519;155 773 871;7;0;2;1;26;1
202400004519;155 773 873;7;7;0;6;19;1
202400004520;155 773 870;10;0;2;4;1;1
202400004520;155 773 872;7;0;2;1;1;1
202400004521;155 773 866;10;0;2;1;1;1
202400004521;155 773 869;7;0;2;8;19;1
202400004522;155 773 867;50;0;0;0;0;3
202400004522;155 773 868;7;0;2;1;1;3
202400004523;155 773 864;10;0;2;8;15;1
202400004523;155 773 865;33;0;2;1;0;1
202400004524;155 773 861;7;0;2;2;16;1
202400004524;155 773 862;2;0;2;3;16;1
202400004525;155 773 860;7;0;2;3;16;1
202400004525;155 773 863;7;0;2;1;1;1
202400004526;155 773 858;7;0;2;3;11;1
202400004526;155 773 859;32;0;2;1;2;1
202400004527;155 773 856;7;0;2;8;10;1
202400004527;155 773 857;33;12;2;1;1;1
202400004528;155 773 854;7;0;2;2;12;1
202400004528;155 773 855;31;0;2;6;3;1
202400004529;155 773 851;7;0;9;1;0;2
202400004529;155 773 853;1;0;2;3;26;5
202400004530;155 773 848;7;0;2;1;2;1
202400004530;155 773 849;7;0;2;4;2;1
202400004530;155 773 850;7;0;2;4;2;1
202400004530;155 773 852;7;0;2;4;2;2
202400004531;155 773 844;43;0;2;7;1;1
202400004531;155 773 845;10;0;2;0;11;0
202400004532;155 773 846;7;0;2;6;15;1
202400004532;155 773 847;33;14;0;0;17;0
202400004533;155 773 842;7;0;1;2;15;1
202400004534;155 773 841;7;0;2;2;15;1
202400004534;155 773 843;7;0;2;1;1;1
202400004535;155 773 840;1;12;0;1;1;5
202400004536;155 773 839;7;0;1;0;1;1
202400004537;155 773 838;7;0;1;4;20;3
202400004538;155 773 835;1;0;2;2;26;5
202400004538;155 773 836;1;0;2;0;19;5
202400004539;155 773 834;7;0;2;6;1;1
202400004539;155 773 837;50;0;2;1;1;3
202400004540;155 773 832;1;0;2;4;1;5
202400004540;155 773 833;33;0;2;1;1;1
202400004541;155 773 831;37;9;0;2;1;1
202400004542;155 773 830;7;0;1;5;20;1
202400004543;155 773 829;7;9;0;1;13;1
202400004544;155 773 827;1;0;2;7;1;5
202400004544;155 773 828;7;0;2;1;1;1
202400004545;155 773 826;10;0;1;0;19;1
202400004546;155 773 823;2;0;2;1;1;1
202400004546;155 773 825;7;0;9;5;15;1
202400004547;155 773 822;7;0;2;2;10;1
202400004547;155 773 824;7;0;2;0;0;1
202400004548;155 773 821;7;1;0;1;1;1
202400004549;155 773 819;80;0;2;4;0;3
202400004549;155 773 820;7;0;9;1;9;1
202400004550;155 773 818;7;2;0;7;26;1
202400004551;155 773 816;43;0;2;1;1;1
202400004551;155 773 817;7;0;2;7;15;1
202400004552;155 773 814;7;0;2;1;23;1
202400004552;155 773 815;7;0;9;4;23;1
202400004553;155 773 812;7;0;2;1;12;2
202400004553;155 773 813;33;0;2;4;23;1
202400004554;155 773 809;7;1;0;4;1;1
202400004554;155 773 810;37;0;0;4;1;1
202400004555;155 773 811;7;0;1;3;15;1
202400004556;155 773 808;7;0;1;1;1;1
202400004557;155 773 806;30;0;2;3;10;1
202400004557;155 773 807;7;0;2;2;1;1
202400004558;155 773 805;7;0;1;1;2;1
202400004559;155 773 804;2;9;0;1;1;1
202400004560;155 773 802;7;5;0;1;14;1
202400004561;155 773 800;7;0;0;0;0;3
202400004561;155 773 801;7;0;2;3;1;1
202400004561;155 773 803;7;0;2;3;1;2
202400004562;155 773 799;7;8;0;1;1;1
202400004563;155 773 795;7;0;2;3;1;1
202400004563;155 773 797;7;0;2;5;1;1
202400004563;155 773 798;7;0;2;4;1;1
202400004564;155 773 794;30;0;2;1;0;1
202400004564;155 773 796;7;0;2;4;23;3
202400004565;155 773 792;7;0;2;3;1;0
202400004565;155 773 793;7;0;2;2;19;1
202400004566;155 773 789;7;0;2;7;18;1
202400004566;155 773 790;1;0;2;1;1;5
202400004566;155 773 791;1;0;2;1;1;5
202400004567;155 773 788;34;0;0;7;26;1
202400004568;155 773 786;7;0;2;4;1;1
202400004568;155 773 787;7;0;2;1;5;1
202400004569;155 773 784;1;0;2;6;2;5
202400004569;155 773 785;7;0;9;2;1;1
202400004570;155 773 783;2;0;0;2;0;1
202400004571;155 773 780;7;0;2;7;15;1
202400004571;155 773 781;42;0;2;1;1;1
202400004572;155 773 778;41;0;0;1;20;1
202400004573;155 773 779;7;0;2;2;15;1
202400004573;155 773 782;33;0;2;1;1;1
202400004574;155 773 777;50;12;0;1;0;3
202400004575;155 773 776;7;2;0;1;0;1
202400004576;155 773 774;31;0;2;1;0;1
202400004576;155 773 775;7;0;9;8;0;1
202400004577;155 773 771;7;8;0;2;14;1
202400004578;155 773 767;7;0;2;8;0;2
202400004578;155 773 769;34;0;2;1;0;1
202400004579;155 773 766;7;12;0;3;1;1
202400004579;155 773 768;7;0;0;4;1;2
202400004579;155 773 770;7;0;0;8;1;1
202400004579;155 773 772;7;0;2;1;1;1
202400004579;155 773 773;7;0;2;1;1;1
202400004580;155 773 764;7;0;2;3;15;1
202400004580;155 773 765;50;0;2;1;1;3
202400004581;155 773 763;7;4;0;1;1;1
202400004582;155 773 761;7;0;2;3;9;1
202400004582;155 773 762;50;0;2;1;1;3
202400004583;155 773 759;33;0;2;1;17;1
202400004583;155 773 760;14;0;2;3;1;1
202400004584;155 773 757;1;0;2;0;16;5
202400004584;155 773 758;7;0;2;0;12;1
202400004585;155 773 756;7;0;1;2;16;1
202400004586;155 773 753;1;0;2;7;1;5
202400004586;155 773 755;10;0;2;1;9;1
202400004587;155 773 754;7;0;0;2;1;1
202400004588;155 773 751;1;0;2;1;2;5
202400004588;155 773 752;10;0;2;4;2;1
202400004589;155 773 748;7;0;2;8;2;1
202400004589;155 773 749;7;0;2;1;2;1
202400004589;155 773 750;7;0;2;4;2;1
202400004590;155 773 746;7;0;2;2;19;1
202400004590;155 773 747;10;0;2;3;1;1
202400004591;155 773 745;7;0;1;1;15;1
202400004592;155 773 743;33;0;0;1;26;6
202400004592;155 773 744;33;0;0;4;2;1
202400004593;155 773 741;7;9;2;8;9;0
202400004593;155 773 742;33;9;2;1;9;1
202400004594;155 773 739;7;0;2;7;0;1
202400004594;155 773 740;7;0;2;1;8;2
202400004595;155 773 737;7;0;2;8;15;1
202400004595;155 773 738;33;8;2;1;17;1
202400004596;155 773 735;32;0;2;1;3;1
202400004596;155 773 736;7;0;2;4;2;1
202400004597;155 773 734;50;0;1;1;5;3
202400004598;155 773 732;34;0;2;8;1;1
202400004598;155 773 733;7;0;2;1;5;1
202400004599;155 773 730;1;1;0;1;2;5
202400004599;155 773 731;7;0;2;5;22;2
202400004600;155 773 729;50;0;1;1;1;3
202400004601;155 773 727;1;0;2;8;13;5
202400004601;155 773 728;7;0;2;8;21;1
202400004602;155 773 725;7;0;2;3;15;1
202400004602;155 773 726;7;0;2;2;5;1
202400004603;155 773 724;7;0;1;1;1;1
202400004604;155 773 723;7;1;0;2;1;1
202400004605;155 773 722;7;1;0;1;15;1
202400004606;155 773 720;34;0;2;2;1;1
202400004606;155 773 721;1;0;2;1;16;5
202400004607;155 773 719;30;12;0;0;1;1
202400004608;155 773 716;7;0;2;4;1;1
202400004608;155 773 717;7;0;2;4;1;3
202400004608;155 773 718;7;0;2;1;0;0
202400004609;155 773 714;7;0;2;0;26;0
202400004609;155 773 715;7;0;0;0;26;3
202400004610;155 773 712;7;0;2;5;20;1
202400004610;155 773 713;30;0;2;1;1;1
202400004611;155 773 711;7;2;0;1;13;1
202400004612;155 773 709;7;17;0;1;6;1
202400004613;155 773 708;7;0;9;3;9;3
202400004613;155 773 710;80;0;2;7;9;3
202400004614;155 773 705;7;0;2;3;1;1
202400004614;155 773 707;7;0;2;1;9;1
202400004615;155 773 704;10;0;2;1;1;0
202400004615;155 773 706;7;0;2;3;1;1
202400004616;155 773 701;7;0;2;1;5;1
202400004616;155 773 703;7;0;2;1;5;1