Num_Acc;id_vehicule;catv;obs;obsm;choc;manv;motor
202400005333;155 772 436;7;0;2;2;15;1
202400005333;155 772 438;7;0;2;1;1;1
202400005334;155 772 435;7;0;0;3;1;0
202400005334;155 772 437;7;0;0;3;17;1
202400005335;155 772 432;33;0;2;1;1;1
202400005335;155 772 434;14;0;2;3;15;1
202400005336;155 772 426;15;0;2;8;11;1
202400005336;155 772 428;33;0;2;7;1;1
202400005337;155 772 425;7;0;2;1;2;1
202400005337;155 772 427;7;0;2;4;26;1
202400005337;155 772 429;7;0;2;4;26;1
202400005337;155 772 430;7;0;0;4;26;1
202400005337;155 772 431;15;0;0;4;26;1
202400005337;155 772 433;7;0;2;4;26;2
202400005338;155 772 424;7;4;0;1;0;1
202400005339;155 772 420;7;4;2;8;21;1
202400005339;155 772 422;7;0;2;3;13;1
202400005340;155 772 419;43;0;2;1;17;1
202400005340;155 772 421;7;0;2;1;1;1
202400005340;155 772 423;7;0;2;4;23;1
202400005341;155 772 417;7;0;2;7;12;1
202400005341;155 772 418;33;0;2;8;1;1
202400005342;155 772 414;7;0;2;1;5;1
202400005342;155 772 416;7;0;2;1;1;1
202400005343;155 772 413;17;0;2;2;1;1
202400005343;155 772 415;7;0;2;5;9;3
202400005344;155 772 410;33;0;2;8;2;1
202400005344;155 772 412;7;0;2;7;12;1
202400005345;155 772 409;7;0;2;2;2;1
202400005345;155 772 411;7;0;2;6;26;3
202400005346;155 772 406;7;0;2;4;2;1
202400005346;155 772 408;7;0;2;1;2;1
202400005347;155 772 404;10;0;2;4;2;1
202400005347;155 772 405;10;0;0;0;0;1
202400005347;155 772 407;7;0;2;4;2;2
202400005348;155 772 401;33;0;0;0;13;1
202400005348;155 772 402;7;0;0;0;0;1
202400005348;155 772 403;7;0;0;0;0;1
202400005349;155 772 399;7;0;2;2;3;1
202400005349;155 772 400;43;0;2;3;3;1
202400005350;155 772 398;7;3;0;8;21;1
202400005351;155 772 394;7;0;2;1;2;1
202400005351;155 772 396;10;0;2;4;2;1
202400005352;155 772 393;7;0;2;9;1;1
202400005352;155 772 395;7;0;2;6;1;1
202400005352;155 772 397;7;0;2;9;1;1
202400005353;155 772 391;30;0;2;1;2;1
202400005353;155 772 392;7;0;2;3;15;0
202400005354;155 772 390;7;4;0;1;0;1
202400005355;155 772 389;0;0;1;1;0;0
202400005356;155 772 385;1;0;2;1;1;5
202400005356;155 772 387;7;0;9;3;16;1
202400005357;155 772 386;10;0;2;1;2;1
202400005357;155 772 388;7;0;2;4;2;1
202400005358;155 772 384;7;0;1;3;1;2
202400005359;155 772 382;33;0;2;1;3;1
202400005359;155 772 383;7;0;2;6;11;1
202400005360;155 772 381;80;9;0;2;1;3
202400005361;155 772 378;7;0;2;7;15;1
202400005361;155 772 380;2;14;2;2;0;1
202400005362;155 772 377;7;0;2;1;9;2
202400005362;155 772 379;37;0;2;3;1;1
202400005363;155 772 374;2;0;2;0;1;1
202400005363;155 772 376;7;0;2;0;15;1
202400005364;155 772 372;7;0;2;4;2;1
202400005364;155 772 373;7;0;2;4;0;1
202400005364;155 772 375;7;0;2;1;2;1
202400005365;155 772 370;3;0;2;1;1;3
202400005365;155 772 371;50;0;2;7;12;3
202400005366;155 772 367;7;0;2;8;1;1
202400005366;155 772 369;7;0;2;3;13;1
202400005367;155 772 366;2;0;2;8;15;1
202400005367;155 772 368;10;0;2;2;16;1
202400005368;155 772 364;7;0;2;3;1;2
202400005368;155 772 365;32;0;2;3;17;0
202400005369;155 772 362;7;0;2;2;1;1
202400005369;155 772 363;7;0;2;6;1;1
202400005370;155 772 360;37;14;0;3;1;1
202400005370;155 772 361;1;14;0;0;26;5
202400005371;155 772 358;7;0;0;0;15;1
202400005371;155 772 359;32;0;0;0;0;1
202400005372;155 772 356;7;0;2;1;2;1
202400005372;155 772 357;7;0;2;2;15;1
202400005373;155 772 355;7;0;1;2;1;1
202400005374;155 772 353;1;0;2;4;0;5
202400005374;155 772 354;7;0;2;1;0;1
202400005375;155 772 351;30;0;2;1;1;1
202400005375;155 772 352;7;0;2;3;20;1
202400005376;155 772 349;7;0;2;8;10;1
202400005376;155 772 350;2;0;2;1;1;1
202400005377;155 772 348;7;13;0;1;14;1
202400005378;155 772 344;7;0;2;1;15;1
202400005378;155 772 345;7;0;2;8;1;1
202400005379;155 772 342;7;13;0;1;1;1
202400005380;155 772 341;7;3;0;0;1;3
202400005381;155 772 339;7;0;2;5;17;1
202400005381;155 772 340;7;0;2;3;11;1
202400005382;155 772 337;7;0;2;7;13;1
202400005382;155 772 338;10;0;2;1;1;1
202400005383;155 772 334;7;0;2;1;1;1
202400005383;155 772 335;33;0;2;4;1;1
202400005383;155 772 336;7;0;2;4;23;1
202400005384;155 772 332;7;0;2;2;1;0
202400005384;155 772 333;33;0;2;3;19;6
202400005385;155 772 331;7;0;0;9;14;1
202400005386;155 772 329;7;0;2;1;1;1
202400005386;155 772 330;7;0;2;3;1;1
202400005387;155 772 328;7;6;0;1;0;1
202400005388;155 772 326;7;0;2;1;0;1
202400005388;155 772 327;1;0;2;1;1;5
202400005389;155 772 324;7;0;2;1;9;1
202400005389;155 772 325;31;0;2;4;23;0
202400005390;155 772 322;7;0;2;3;1;1
202400005390;155 772 323;7;0;2;1;1;1
202400005391;155 772 321;33;0;0;8;9;1
202400005392;155 772 319;3;0;2;2;2;1
202400005392;155 772 320;7;0;2;6;23;1
202400005393;155 772 318;7;8;0;1;17;1
202400005394;155 772 316;7;0;2;1;11;1
202400005394;155 772 317;7;0;2;1;1;1
202400005395;155 772 314;7;0;2;5;15;1
202400005395;155 772 315;7;0;2;1;1;1
202400005396;155 772 313;7;6;0;3;1;1
202400005397;155 772 312;7;14;0;1;1;1
202400005398;155 772 310;7;0;2;8;2;1
202400005398;155 772 311;7;0;2;3;15;1
202400005399;155 772 308;7;0;2;1;15;3
202400005399;155 772 309;33;0;2;1;1;1
202400005400;155 772 307;7;15;0;1;6;1
202400005401;155 772 306;7;0;1;1;1;1
202400005402;155 772 304;7;0;2;1;2;0
202400005402;155 772 305;7;0;2;4;2;0
202400005403;155 772 303;7;0;1;3;1;1
202400005404;155 772 302;7;0;1;2;18;1
202400005405;155 772 300;7;0;2;1;13;1
202400005405;155 772 301;3;0;2;1;1;1
202400005406;155 772 297;7;0;2;1;9;1
202400005406;155 772 298;7;0;2;8;1;1
202400005406;155 772 299;7;0;2;4;2;1
202400005407;155 772 296;34;0;0;7;1;1
202400005408;155 772 295;7;0;1;2;1;1
202400005409;155 772 293;7;0;2;1;14;1
202400005409;155 772 294;7;0;2;1;1;1
202400005410;155 772 290;50;0;2;7;0;3
202400005410;155 772 291;7;0;2;1;9;1
202400005411;155 772 288;7;0;2;3;10;1
202400005411;155 772 289;33;0;2;1;1;1
202400005412;155 772 287;10;2;0;1;13;1
202400005413;155 772 285;7;0;2;0;0;0
202400005413;155 772 286;1;0;2;4;0;5
202400005414;155 772 284;33;0;1;1;0;1
202400005415;155 772 282;40;0;2;7;1;3
202400005415;155 772 283;1;0;4;2;1;5
202400005416;155 772 281;30;0;1;1;1;1
202400005417;155 772 280;0;0;1;1;1;0
202400005418;155 772 278;7;0;2;8;1;1
202400005418;155 772 279;7;0;2;1;15;1
202400005419;155 772 277;3;2;0;1;1;1
202400005420;155 772 275;1;0;2;5;18;5
202400005420;155 772 276;14;0;2;2;16;1
202400005421;155 772 273;50;0;2;1;15;3
202400005421;155 772 274;7;0;2;3;9;3
202400005422;155 772 272;7;0;1;3;15;1
202400005423;155 772 269;7;0;2;4;23;1
202400005423;155 772 270;7;0;2;4;23;2
202400005423;155 772 271;7;0;2;1;2;1
202400005424;155 772 267;7;0;2;2;2;1
202400005424;155 772 268;7;0;2;4;2;1
202400005425;155 772 265;7;0;2;1;2;1
202400005425;155 772 266;7;0;2;4;2;1
202400005426;155 772 263;7;0;0;2;15;0
202400005426;155 772 264;2;0;2;7;1;3
202400005427;155 772 262;7;0;1;1;10;2
202400005428;155 772 260;43;0;2;2;15;1
202400005428;155 772 261;2;0;2;1;1;1
202400005429;155 772 258;10;0;0;2;12;1
202400005429;155 772 259;50;0;0;8;1;3
202400005430;155 772 256;1;0;2;7;1;5
202400005430;155 772 257;7;0;9;2;2;2
202400005431;155 772 255;31;0;2;1;17;1
202400005432;155 772 254;7;0;1;1;9;2
202400005433;155 772 253;7;0;1;1;1;3
202400005434;155 772 252;7;17;0;3;5;0
202400005435;155 772 250;14;0;2;2;9;1
202400005435;155 772 251;7;0;2;3;1;1
202400005436;155 772 247;7;0;2;7;9;1
202400005436;155 772 248;1;0;2;8;2;5
202400005436;155 772 249;1;0;2;8;2;5
202400005437;155 772 245;33;0;2;1;1;1
202400005437;155 772 246;7;0;2;3;16;1
202400005438;155 772 243;15;0;2;1;1;1
202400005438;155 772 244;7;0;2;1;5;1
202400005439;155 772 241;7;0;2;5;15;1
202400005439;155 772 242;10;0;2;3;2;1
202400005440;155 772 239;2;14;0;1;1;1
202400005440;155 772 240;7;0;0;4;23;1
202400005441;155 772 237;3;0;9;7;2;0
202400005441;155 772 238;1;0;2;8;2;5
202400005442;155 772 236;33;0;0;1;14;1
202400005443;155 772 234;7;1;0;1;16;1
202400005443;155 772 235;14;1;0;4;24;1
202400005444;155 772 232;15;0;2;3;13;1
202400005444;155 772 233;32;0;9;1;0;1
202400005445;155 772 229;7;0;2;1;13;1
202400005445;155 772 230;7;0;2;1;1;2
202400005446;155 772 227;7;0;2;1;1;1
202400005446;155 772 228;10;0;2;8;15;1
202400005447;155 772 225;7;0;2;2;0;1
202400005447;155 772 226;7;0;2;3;0;1
202400005448;155 772 220;7;3;0;4;23;1
202400005448;155 772 221;10;0;2;4;2;1
202400005448;155 772 222;7;0;0;4;2;1
202400005448;155 772 223;7;0;2;4;2;1
202400005448;155 772 224;7;0;0;4;2;2
202400005449;155 772 217;7;0;2;1;1;1
202400005449;155 772 218;7;0;2;4;1;2
202400005449;155 772 219;7;0;0;4;1;1
202400005450;155 772 215;7;0;2;3;1;1
202400005450;155 772 216;21;0;2;2;15;1
202400005451;155 772 214;33;16;0;0;1;1
202400005452;155 772 213;10;15;0;3;26;1
202400005453;155 772 212;33;2;0;1;14;1
202400005454;155 772 210;2;0;2;1;9;0
202400005454;155 772 211;10;0;2;6;9;1
202400005455;155 772 207;7;0;2;4;23;1
202400005455;155 772 208;7;0;2;4;23;1
202400005455;155 772 209;7;0;2;1;1;1
202400005456;155 772 206;7;13;0;3;1;1
202400005457;155 772 205;7;6;0;1;14;1
202400005458;155 772 203;7;0;2;3;5;1
202400005458;155 772 204;7;0;2;7;1;1
202400005459;155 772 202;1;14;0;2;1;5
202400005460;155 772 200;7;0;2;1;13;1
202400005460;155 772 201;32;0;2;1;1;1
202400005461;155 772 198;7;0;2;3;1;1
202400005461;155 772 199;10;0;2;3;1;1
202400005462;155 772 196;1;0;2;7;1;5
202400005462;155 772 197;7;0;2;2;15;1
202400005463;155 772 194;7;0;2;3;15;1
202400005463;155 772 195;33;0;2;1;1;1
202400005464;155 772 193;1;0;0;0;1;5
202400005465;155 772 191;14;0;2;3;1;1
202400005465;155 772 192;7;0;2;3;13;1
202400005466;155 772 189;10;0;2;2;21;1
202400005466;155 772 190;7;0;2;1;11;1
202400005467;155 772 185;7;0;2;8;2;3
202400005467;155 772 186;30;0;2;7;12;1
202400005468;155 772 183;0;0;0;0;2;0
202400005468;155 772 184;7;0;0;3;0;1
202400005469;155 772 182;31;13;0;2;1;1
202400005470;155 772 181;7;8;0;0;0;1
202400005471;155 772 178;7;0;2;3;26;1
202400005471;155 772 179;2;7;2;1;1;1
202400005472;155 772 177;7;3;0;8;13;1
202400005473;155 772 175;7;0;2;3;11;1
202400005473;155 772 176;14;0;2;3;21;1
202400005474;155 772 173;7;0;2;3;13;1
202400005474;155 772 174;7;0;2;3;1;1
202400005475;155 772 169;7;0;2;1;13;1
202400005475;155 772 170;15;0;2;3;21;1
202400005476;155 772 162;1;16;2;4;1;5
202400005476;155 772 163;1;16;2;4;1;5
202400005476;155 772 164;7;8;2;1;1;1
202400005476;155 772 165;1;16;2;4;1;5
202400005477;155 772 161;7;0;1;1;1;1
202400005478;155 772 159;7;0;2;1;0;1
202400005478;155 772 160;15;0;2;4;1;1
202400005479;155 772 158;14;13;0;1;13;1
202400005480;155 772 156;7;0;2;1;5;1
202400005480;155 772 157;7;0;2;1;0;1
202400005481;155 772 154;7;0;2;3;13;1
202400005481;155 772 155;7;0;2;3;0;3
202400005482;155 772 152;1;0;2;1;1;5
202400005482;155 772 153;1;0;2;4;1;5
202400005483;155 772 150;33;0;0;8;1;1
202400005483;155 772 151;7;0;2;1;15;1
202400005484;155 772 148;7;0;9;3;9;1
202400005484;155 772 149;1;0;2;7;1;5
202400005485;155 772 146;7;0;2;1;1;1
202400005485;155 772 147;7;0;2;1;1;1
202400005486;155 772 144;7;0;2;3;1;2
202400005486;155 772 145;33;0;2;1;1;1
202400005487;155 772 143;7;0;1;1;1;1
202400005488;155 772 141;10;0;2;8;9;1
202400005488;155 772 142;33;0;2;7;1;3
202400005489;155 772 140;33;0;0;8;1;1
202400005490;155 772 139;7;2;0;2;1;1
202400005491;155 772 138;2;6;0;0;0;1
202400005492;155 772 136;3;0;2;8;15;1
202400005492;155 772 137;15;0;2;2;1;1
202400005493;155 772 135;7;0;0;3;1;1
202400005494;155 772 134;14;0;1;4;4;1
202400005495;155 772 132;7;0;2;3;13;1
202400005495;155 772 133;7;0;2;7;1;1
202400005496;155 772 130;7;0;2;3;13;1
202400005496;155 772 131;7;3;2;2;21;1
202400005497;155 772 128;33;0;2;8;16;1
202400005497;155 772 129;10;0;2;1;1;1
202400005498;155 772 127;33;16;0;1;26;1
202400005499;155 772 126;17;0;1;1;1;1
202400005500;155 772 124;15;0;2;4;11;1
202400005500;155 772 125;15;0;2;1;1;1
202400005501;155 772 121;10;0;2;3;2;1
202400005501;155 772 122;7;0;2;5;2;1
202400005501;155 772 123;7;0;2;6;0;1
202400005502;155 772 119;7;0;2;1;1;2
202400005502;155 772 120;7;0;2;4;1;1
202400005503;155 772 118;7;3;0;1;1;0
202400005504;155 772 114;7;0;2;1;11;1
202400005504;155 772 115;33;0;2;8;3;1
202400005504;155 772 116;10;0;2;0;1;1
202400005504;155 772 117;7;0;2;6;1;1
202400005505;155 772 112;7;0;2;1;1;1
202400005505;155 772 113;10;0;2;4;9;1
202400005506;155 772 110;7;0;2;1;1;1
202400005506;155 772 111;7;0;2;4;11;3
202400005507;155 772 109;7;3;0;1;1;1
202400005508;155 772 108;32;0;0;0;3;1
202400005509;155 772 105;32;0;2;7;14;1
202400005509;155 772 106;33;0;2;8;26;1
202400005509;155 772 107;7;0;2;7;1;1
202400005510;155 772 104;33;12;0;1;13;1
202400005511;155 772 100;10;0;2;1;2;1
202400005511;155 772 101;17;0;2;4;2;1
202400005511;155 772 102;7;0;2;1;2;1
202400005511;155 772 103;7;0;2;1;2;1
202400005512;155 772 098;7;0;2;5;12;1
202400005512;155 772 099;33;0;2;1;1;1
202400005513;155 772 096;33;0;2;1;1;1
202400005513;155 772 097;7;0;2;4;1;2
202400005514;155 772 094;10;0;2;1;2;1
202400005514;155 772 095;7;0;2;4;2;3
202400005515;155 772 091;7;0;2;3;11;2
202400005515;155 772 092;7;0;2;5;1;1
202400005515;155 772 093;33;0;2;1;3;1
202400005516;155 772 089;7;0;2;6;16;1
202400005516;155 772 090;33;0;2;2;16;1
202400005517;155 772 087;30;0;2;4;23;1
202400005517;155 772 088;7;0;2;1;2;1
202400005518;155 772 085;60;0;2;0;1;5
202400005518;155 772 086;7;0;2;7;16;1
202400005519;155 772 083;7;0;2;0;1;1
202400005519;155 772 084;7;0;2;0;0;1
202400005520;155 772 080;7;0;2;1;3;1
202400005520;155 772 081;7;0;2;4;23;1
202400005520;155 772 082;7;0;2;4;23;1
202400005521;155 772 079;7;0;1;1;1;1
202400005522;155 772 077;10;0;2;1;2;1
202400005522;155 772 078;7;0;2;4;2;1
202400005523;155 772 076;7;0;1;2;15;3
202400005524;155 772 075;33;0;1;1;3;1
202400005525;155 772 074;7;0;1;1;15;2
202400005526;155 772 072;33;0;2;3;8;1
202400005526;155 772 073;7;0;2;1;15;1
202400005527;155 772 066;7;0;2;2;1;3
202400005527;155 772 067;7;0;2;7;12;1
202400005527;155 772 069;33;0;2;3;3;1
202400005527;155 772 071;10;0;2;3;1;1
202400005528;155 772 065;10;0;2;4;1;0
202400005528;155 772 068;7;0;2;1;1;1
202400005528;155 772 070;7;0;2;4;1;1
202400005529;155 772 063;15;0;1;1;19;1
202400005530;155 772 062;7;0;2;4;2;1
202400005530;155 772 064;7;0;2;1;2;1
202400005531;155 772 061;32;0;0;8;1;1
202400005532;155 772 059;7;1;0;8;24;0
202400005532;155 772 060;37;1;0;7;24;0
202400005533;155 772 058;7;0;0;0;0;1
202400005534;155 772 056;7;0;2;3;15;1
202400005534;155 772 057;2;0;2;1;1;1
202400005535;155 772 054;7;0;2;4;2;1
202400005535;155 772 055;7;0;2;1;2;1
202400005536;155 772 050;7;0;2;7;1;1
202400005536;155 772 053;7;0;2;1;1;1
202400005537;155 772 051;7;0;2;1;18;1
202400005537;155 772 052;10;0;2;0;0;1
202400005538;155 772 047;7;0;2;1;15;1
202400005538;155 772 049;30;0;2;1;1;1
202400005539;155 772 046;31;0;2;8;2;1
202400005539;155 772 048;7;0;2;7;12;1
202400005540;155 772 044;30;0;2;1;2;1
202400005540;155 772 045;7;0;2;4;23;1
202400005541;155 772 042;7;0;2;1;2;1
202400005541;155 772 043;7;0;2;4;23;1
202400005542;155 772 039;1;0;2;2;1;5
202400005542;155 772 041;7;0;2;8;1;1
202400005543;155 772 040;7;4;0;4;2;1
202400005544;155 772 038;7;0;1;1;26;1
202400005545;155 772 037;33;0;0;0;26;1
202400005546;155 772 034;7;0;2;8;1;1
202400005546;155 772 035;31;0;2;1;19;1
202400005547;155 772 036;7;4;0;8;11;1
202400005548;155 772 033;7;9;0;1;1;0
202400005549;155 772 032;1;12;0;0;1;5
202400005550;155 772 028;7;0;2;2;0;1
202400005550;155 772 030;7;0;2;3;1;1
202400005551;155 772 026;33;8;0;1;0;1
202400005552;155 772 023;7;0;2;1;11;1
202400005552;155 772 025;7;0;2;3;1;1
202400005553;155 772 024;33;0;2;3;21;1
202400005553;155 772 027;33;0;2;3;21;1
202400005553;155 772 029;7;0;2;7;14;1
202400005553;155 772 031;10;0;2;7;14;1
202400005554;155 772 020;7;0;2;3;26;3
202400005554;155 772 021;34;0;2;1;1;1
202400005555;155 772 022;33;0;0;9;2;1
202400005556;155 772 018;7;1;0;2;1;1
202400005557;155 772 017;7;0;2;2;15;1
202400005557;155 772 019;1;0;2;3;26;0
202400005558;155 772 016;30;0;9;1;1;1
202400005559;155 772 014;7;0;2;8;19;1
202400005559;155 772 015;7;0;2;2;1;1
202400005560;155 772 012;50;0;2;8;19;3
202400005560;155 772 013;7;0;2;1;19;0
202400005561;155 772 010;10;0;2;7;15;1
202400005561;155 772 011;33;0;2;1;1;1
202400005562;155 772 008;7;0;2;1;17;1
202400005562;155 772 009;7;0;2;6;23;1
202400005563;155 772 007;7;0;1;1;1;1
202400005564;155 772 005;7;0;2;1;5;1
202400005564;155 772 006;7;0;2;1;1;1
202400005565;155 772 003;7;0;2;2;15;1
202400005565;155 772 004;80;0;2;1;25;3
202400005566;155 771 999;7;0;2;1;26;1
202400005566;155 772 001;7;14;0;1;5;1
202400005567;155 772 000;30;0;2;1;17;1
202400005567;155 772 002;7;0;2;3;15;1
202400005568;155 771 998;1;0;1;0;1;5
202400005569;155 771 996;7;0;2;4;1;1
202400005569;155 771 997;31;0;2;1;1;1
202400005570;155 771 994;7;1;0;1;14;1
202400005571;155 771 991;7;0;2;1;15;1
202400005571;155 771 993;31;0;2;7;17;1
202400005572;155 771 992;7;0;2;3;13;1
202400005572;155 771 995;33;0;2;3;1;1
202400005573;155 771 989;1;0;2;4;1;5
202400005573;155 771 990;50;0;2;1;13;3
202400005574;155 771 987;1;0;2;8;15;5
202400005574;155 771 988;2;0;9;8;1;1
202400005575;155 771 984;14;0;2;7;16;1
202400005575;155 771 986;1;0;2;8;26;5
202400005576;155 771 983;7;0;2;4;1;1
202400005576;155 771 985;33;0;2;1;1;1
202400005577;155 771 981;7;0;1;3;13;0
202400005578;155 771 979;7;0;2;3;19;1
202400005578;155 771 980;7;0;2;1;23;1
202400005578;155 771 982;7;0;2;3;23;1
202400005579;155 771 977;7;0;1;2;1;1
202400005580;155 771 973;30;0;2;7;9;1
202400005580;155 771 974;7;0;2;6;1;2
202400005581;155 771 970;7;0;1;3;1;2
202400005582;155 771 967;2;0;2;1;1;1
202400005582;155 771 969;7;0;2;2;15;1
202400005583;155 771 966;7;0;2;3;15;1
202400005583;155 771 968;33;0;2;1;1;1
202400005584;155 771 964;1;0;0;0;0;5
202400005585;155 771 963;7;0;2;6;1;1
202400005585;155 771 965;7;0;2;3;0;1
202400005586;155 771 961;7;12;2;2;15;1
202400005586;155 771 962;10;12;2;1;1;1
202400005587;155 771 960;7;3;0;3;13;1
202400005588;155 771 957;7;0;2;1;0;1
202400005588;155 771 959;1;0;2;1;0;5
202400005589;155 771 956;7;0;2;1;9;1
202400005589;155 771 958;10;0;2;2;1;1
202400005590;155 771 955;3;8;0;1;16;3
202400005591;155 771 953;30;0;2;1;1;1
202400005591;155 771 954;7;0;2;3;6;1
202400005592;155 771 951;7;0;2;3;1;1
202400005592;155 771 952;7;0;2;1;15;1
202400005593;155 771 948;1;0;2;1;19;5
202400005593;155 771 950;7;0;2;3;23;1
202400005594;155 771 947;7;0;2;2;15;1
202400005594;155 771 949;10;0;2;3;1;1
202400005595;155 771 946;31;0;0;8;1;1
202400005596;155 771 945;7;13;0;1;14;1
202400005597;155 771 943;7;0;2;1;19;1
202400005597;155 771 944;7;0;2;8;1;1
202400005598;155 771 941;7;0;2;3;10;1
202400005598;155 771 942;33;0;2;1;1;1
202400005599;155 771 939;1;0;2;3;13;5
202400005599;155 771 940;10;0;2;2;7;1
202400005600;155 771 937;7;0;2;5;1;1
202400005600;155 771 938;7;0;2;1;1;1
202400005601;155 771 935;10;0;2;1;1;1
202400005601;155 771 936;7;0;2;8;15;1
202400005602;155 771 933;7;0;2;6;1;1
202400005602;155 771 934;7;0;2;3;1;1
202400005603;155 771 931;32;0;2;0;1;1
202400005603;155 771 932;7;0;2;1;20;1
202400005604;155 771 929;33;0;9;3;3;1
202400005604;155 771 930;7;0;9;3;15;1
202400005605;155 771 927;10;0;2;0;0;1
202400005605;155 771 928;33;0;2;0;0;1
202400005606;155 771 926;7;0;1;1;1;1
202400005607;155 771 925;7;0;1;3;17;1
202400005608;155 771 924;1;14;0;0;1;5
202400005609;155 771 923;43;1;0;1;1;1
202400005610;155 771 920;7;0;2;1;21;1
202400005610;155 771 922;50;0;2;1;1;3
202400005611;155 771 917;30;0;2;1;1;1
202400005612;155 771 915;7;0;1;2;1;1
202400005613;155 771 914;7;0;2;1;2;1
202400005613;155 771 916;10;0;0;4;2;1
202400005614;155 771 911;10;0;2;2;13;1
202400005614;155 771 913;10;0;2;1;1;1
202400005615;155 771 910;14;0;2;3;13;1
202400005615;155 771 912;10;0;2;0;0;1
202400005616;155 771 908;7;0;2;4;4;1
202400005616;155 771 909;7;0;9;2;2;1
202400005617;155 771 907;10;0;1;1;1;1
202400005618;155 771 905;7;0;2;3;2;1
202400005618;155 771 906;30;0;2;1;2;1
202400005619;155 771 902;7;0;2;1;1;1
202400005619;155 771 904;7;0;2;7;15;1
202400005620;155 771 901;37;0;2;3;13;1
202400005620;155 771 903;7;0;2;3;0;1
202400005621;155 771 900;50;0;0;0;2;3
202400005622;155 771 898;50;0;2;5;1;3
202400005622;155 771 899;34;0;2;5;1;1
202400005623;155 771 896;33;0;2;1;1;1
202400005623;155 771 897;7;0;2;3;15;1
202400005624;155 771 894;1;0;2;1;1;5
202400005624;155 771 895;1;0;2;1;1;5
202400005625;155 771 892;33;0;2;8;13;1
202400005625;155 771 893;33;0;2;7;2;1
202400005626;155 771 891;1;0;1;1;13;5
202400005627;155 771 888;20;0;2;1;2;1
202400005627;155 771 889;33;0;2;4;2;1
202400005627;155 771 890;7;0;2;4;2;2
202400005628;155 771 887;7;0;1;1;1;2
202400005629;155 771 884;33;1;2;2;1;1
202400005629;155 771 886;7;0;2;3;15;2
202400005630;155 771 883;32;0;2;6;15;1
202400005630;155 771 885;31;0;2;0;0;0
202400005631;155 771 881;37;0;0;0;24;1
202400005632;155 771 879;31;0;2;1;3;1
202400005632;155 771 880;7;0;2;4;1;1
202400005632;155 771 882;7;0;2;6;1;1
202400005633;155 771 877;1;0;2;1;1;5
202400005633;155 771 878;1;0;2;1;13;5
202400005634;155 771 874;7;8;0;1;14;1
202400005635;155 771 875;7;0;2;8;22;2
202400005635;155 771 876;1;0;2;3;1;5
202400005636;155 771 873;7;0;1;3;26;2
202400005637;155 771 871;1;0;2;7;15;5
202400005637;155 771 872;1;0;2;1;1;5
202400005638;155 771 870;80;0;1;1;1;3
202400005639;155 771 867;7;0;2;8;9;1
202400005639;155 771 869;33;0;2;1;17;1
202400005640;155 771 866;7;0;2;3;15;1
202400005640;155 771 868;43;0;2;3;15;1
202400005641;155 771 865;1;0;0;0;21;5
202400005642;155 771 863;7;6;0;4;26;1
202400005642;155 771 864;7;1;0;1;26;1
202400005643;155 771 861;1;0;2;3;13;5
202400005643;155 771 862;1;0;2;3;1;5
202400005644;155 771 860;30;0;2;1;1;3
202400005645;155 771 858;1;0;0;0;0;5
202400005645;155 771 859;33;0;0;0;2;1
202400005646;155 771 857;43;14;0;8;1;1
202400005647;155 771 856;33;11;0;1;1;1
202400005648;155 771 853;43;0;2;1;7;1
202400005648;155 771 855;7;0;2;2;15;3
202400005649;155 771 854;32;11;0;1;12;3
202400005650;155 771 851;2;1;0;1;2;1
202400005650;155 771 852;7;0;2;8;22;1
202400005651;155 771 849;7;0;2;1;2;1
202400005651;155 771 850;7;0;2;4;23;1
202400005652;155 771 848;50;0;0;1;1;3
202400005653;155 771 847;50;11;0;1;26;3
202400005654;155 771 843;7;0;2;1;1;1
202400005654;155 771 844;7;0;2;9;23;2
202400005654;155 771 846;7;0;2;4;23;1
202400005655;155 771 842;7;0;2;1;1;1
202400005655;155 771 845;50;0;2;3;19;3
202400005656;155 771 840;33;0;2;7;17;1
202400005656;155 771 841;7;0;2;3;15;1
202400005657;155 771 839;7;0;1;2;26;1
202400005658;155 771 836;7;14;1;1;1;1
202400005659;155 771 837;7;0;2;1;15;1
202400005659;155 771 838;33;0;2;3;2;1
202400005660;155 771 833;33;0;2;4;14;1
202400005660;155 771 835;7;0;2;1;1;1
202400005661;155 771 832;7;0;2;3;26;1
202400005661;155 771 834;32;0;2;3;1;0
202400005662;155 771 830;30;0;2;1;19;1
202400005662;155 771 831;7;0;2;3;12;1
202400005663;155 771 825;10;0;2;1;2;1
202400005663;155 771 826;7;0;2;9;2;1
202400005663;155 771 827;7;0;2;4;2;1
202400005664;155 771 824;30;0;0;0;1;1
202400005665;155 771 822;31;0;0;0;0;1
202400005666;155 771 821;50;0;0;0;0;3
202400005666;155 771 823;7;0;0;1;26;1
202400005667;155 771 820;1;0;0;0;0;5
202400005668;155 771 818;7;0;2;2;14;1
202400005668;155 771 819;33;0;2;8;2;1
202400005669;155 771 815;50;0;2;3;18;3
202400005669;155 771 816;7;0;9;7;16;1
202400005670;155 771 814;7;0;2;8;19;3