Num_Acc;id_vehicule;catv;obs;obsm;choc;manv;motor
202400008500;155 766 844;7;0;2;4;15;0
202400008501;155 766 841;50;0;2;3;2;3
202400008501;155 766 842;10;0;2;2;2;1
202400008502;155 766 838;1;0;2;7;1;5
202400008502;155 766 840;7;0;2;1;15;1
202400008503;155 766 836;7;0;2;4;2;1
202400008503;155 766 837;7;0;2;1;2;1
202400008504;155 766 835;7;0;2;2;1;2
202400008504;155 766 839;7;0;2;8;15;1
202400008505;155 766 832;7;0;2;1;1;1
202400008505;155 766 834;10;0;2;0;0;1
202400008506;155 766 831;33;0;2;1;1;1
202400008506;155 766 833;7;0;2;2;9;2
202400008507;155 766 829;99;0;2;3;0;0
202400008507;155 766 830;7;0;2;1;1;2
202400008508;155 766 827;50;0;0;0;25;3
202400008509;155 766 826;7;0;2;1;13;1
202400008509;155 766 828;7;0;2;3;0;0
202400008510;155 766 820;7;0;2;4;1;1
202400008510;155 766 821;7;14;0;1;1;1
202400008511;155 766 818;7;0;2;5;15;0
202400008511;155 766 822;7;0;2;1;1;2
202400008511;155 766 825;7;0;2;8;1;1
202400008512;155 766 817;50;0;2;1;5;3
202400008512;155 766 819;7;0;2;3;15;1
202400008513;155 766 815;33;0;9;8;17;1
202400008513;155 766 816;1;0;2;3;15;5
202400008514;155 766 811;7;0;2;1;9;1
202400008514;155 766 814;33;0;2;7;1;1
202400008515;155 766 812;30;0;2;4;2;1
202400008515;155 766 813;7;0;2;1;2;3
202400008516;155 766 807;2;0;0;1;1;-1
202400008517;155 766 803;7;0;2;1;2;1
202400008517;155 766 806;7;0;2;4;2;1
202400008517;155 766 809;7;0;2;4;2;1
202400008517;155 766 810;7;0;2;4;2;1
202400008518;155 766 802;7;0;2;1;13;1
202400008518;155 766 804;7;0;2;3;1;1
202400008518;155 766 805;7;0;2;6;1;2
202400008518;155 766 808;10;0;2;6;1;1
202400008519;155 766 797;1;0;2;1;1;5
202400008519;155 766 799;7;0;2;4;20;1
202400008520;155 766 796;7;0;0;1;1;1
202400008521;155 766 792;7;0;2;2;1;1
202400008521;155 766 794;7;12;2;2;13;1
202400008522;155 766 793;1;0;2;1;1;5
202400008522;155 766 795;7;0;9;2;15;1
202400008523;155 766 791;10;0;1;1;1;1
202400008524;155 766 789;2;0;2;3;1;1
202400008524;155 766 790;7;0;2;3;1;1
202400008525;155 766 788;7;0;1;2;26;1
202400008526;155 766 786;2;16;9;1;1;1
202400008527;155 766 785;10;0;9;5;14;1
202400008527;155 766 787;99;9;2;1;1;3
202400008528;155 766 783;7;4;0;3;13;1
202400008529;155 766 782;10;0;2;4;1;1
202400008529;155 766 784;7;0;2;1;1;1
202400008530;155 766 781;1;0;0;1;1;5
202400008531;155 766 779;7;0;2;1;1;1
202400008531;155 766 780;7;0;2;1;13;1
202400008532;155 766 778;7;13;0;1;1;1
202400008533;155 766 775;2;0;0;0;1;1
202400008534;155 766 774;7;0;2;4;2;1
202400008534;155 766 776;7;0;2;4;1;1
202400008534;155 766 777;7;0;2;0;0;1
202400008535;155 766 773;37;0;1;2;15;3
202400008536;155 766 772;99;0;0;0;0;1
202400008537;155 766 771;33;0;1;1;1;1
202400008538;155 766 769;7;0;1;1;1;1
202400008539;155 766 767;7;0;1;2;1;2
202400008540;155 766 766;7;0;2;4;11;1
202400008540;155 766 768;7;0;2;1;1;2
202400008541;155 766 765;1;0;0;1;13;5
202400008542;155 766 764;32;0;1;7;2;3
202400008543;155 766 763;7;0;0;9;15;1
202400008544;155 766 760;34;12;2;8;21;1
202400008544;155 766 762;7;0;2;5;15;1
202400008545;155 766 759;33;0;2;1;1;1
202400008545;155 766 761;7;16;0;8;15;1
202400008546;155 766 756;7;0;2;4;23;1
202400008546;155 766 757;50;14;0;1;1;3
202400008547;155 766 753;10;0;2;1;12;0
202400008547;155 766 755;34;0;0;1;1;1
202400008548;155 766 752;7;0;0;1;16;1
202400008549;155 766 750;7;0;0;0;1;1
202400008550;155 766 749;7;2;0;2;5;1
202400008551;155 766 748;7;0;2;2;15;1
202400008551;155 766 751;7;0;2;1;1;1
202400008552;155 766 745;7;6;0;1;14;1
202400008553;155 766 746;7;0;2;1;5;2
202400008553;155 766 747;37;0;2;3;0;1
202400008554;155 766 744;7;16;0;0;1;1
202400008555;155 766 742;7;13;0;2;1;1
202400008556;155 766 741;7;0;2;1;13;0
202400008556;155 766 743;1;0;2;1;19;5
202400008557;155 766 739;1;0;2;1;19;5
202400008557;155 766 740;7;0;2;3;1;1
202400008558;155 766 735;7;0;2;8;22;1
202400008558;155 766 737;1;0;2;0;7;5
202400008559;155 766 733;7;0;2;5;23;1
202400008559;155 766 736;7;0;2;3;1;1
202400008559;155 766 738;7;3;0;1;1;1
202400008560;155 766 732;7;2;0;0;1;1
202400008561;155 766 731;7;10;2;1;1;1
202400008561;155 766 734;10;7;2;7;19;1
202400008562;155 766 730;50;0;1;1;1;3
202400008563;155 766 729;7;13;0;1;1;1
202400008564;155 766 728;33;6;0;1;14;1
202400008565;155 766 727;7;0;1;1;1;1
202400008566;155 766 725;33;1;0;1;1;1
202400008567;155 766 724;7;0;2;3;13;1
202400008567;155 766 726;7;0;2;3;0;1
202400008568;155 766 723;80;0;1;1;1;3
202400008569;155 766 720;7;0;2;1;13;1
202400008569;155 766 721;7;2;2;3;1;2
202400008570;155 766 719;7;0;2;3;13;1
202400008570;155 766 722;7;0;2;3;1;1
202400008571;155 766 717;7;0;2;8;22;1
202400008571;155 766 718;1;0;2;1;1;5
202400008572;155 766 714;7;0;2;1;17;1
202400008572;155 766 715;7;0;2;1;1;1
202400008573;155 766 713;7;0;2;1;13;1
202400008573;155 766 716;7;0;2;1;1;1
202400008574;155 766 712;7;7;0;1;1;1
202400008575;155 766 710;7;0;1;1;1;0
202400008576;155 766 711;7;0;1;3;1;1
202400008577;155 766 706;33;0;2;2;17;1
202400008577;155 766 709;7;0;2;3;10;1
202400008578;155 766 705;2;0;2;3;1;1
202400008578;155 766 707;21;0;2;6;1;1
202400008579;155 766 703;7;0;2;3;1;1
202400008579;155 766 704;7;0;2;1;1;1
202400008579;155 766 708;7;0;2;2;9;1
202400008580;155 766 700;33;0;2;1;1;1
202400008580;155 766 702;7;0;2;3;15;1
202400008581;155 766 699;7;0;2;3;1;2
202400008581;155 766 701;7;0;2;3;13;1
202400008582;155 766 698;7;0;1;2;1;1
202400008583;155 766 695;7;0;2;3;15;1
202400008583;155 766 697;30;0;2;2;17;1
202400008584;155 766 692;7;0;2;3;17;1
202400008584;155 766 696;7;0;2;3;1;1
202400008585;155 766 691;7;12;2;1;15;1
202400008585;155 766 693;32;0;2;1;1;1
202400008586;155 766 690;10;0;2;1;1;1
202400008586;155 766 694;7;0;2;8;1;1
202400008587;155 766 688;7;0;1;2;1;1
202400008588;155 766 686;7;0;2;1;1;1
202400008588;155 766 687;7;0;2;4;1;1
202400008589;155 766 685;2;0;2;1;1;1
202400008589;155 766 689;7;0;2;2;19;2
202400008590;155 766 683;7;0;2;1;5;1
202400008590;155 766 684;15;0;2;1;1;1
202400008591;155 766 681;7;0;1;1;1;1
202400008592;155 766 680;33;0;2;1;17;1
202400008592;155 766 682;7;0;2;3;15;1
202400008593;155 766 679;7;0;0;2;14;1
202400008594;155 766 676;7;0;2;3;20;1
202400008594;155 766 677;30;0;2;7;1;1
202400008595;155 766 675;32;0;2;5;17;1
202400008595;155 766 678;7;0;0;6;15;1
202400008596;155 766 674;7;13;0;2;15;1
202400008597;155 766 672;7;0;2;3;15;1
202400008597;155 766 673;1;0;2;0;0;5
202400008598;155 766 671;2;0;0;0;10;1
202400008599;155 766 670;7;13;0;1;1;1
202400008600;155 766 667;7;0;2;2;15;1
202400008600;155 766 669;7;0;2;7;1;1
202400008601;155 766 662;7;0;2;6;1;1
202400008601;155 766 665;7;0;2;3;1;1
202400008601;155 766 668;7;2;2;1;1;1
202400008602;155 766 664;2;0;0;0;1;1
202400008602;155 766 666;1;0;0;0;19;5
202400008603;155 766 663;32;0;1;0;0;1
202400008604;155 766 661;32;11;0;1;6;1
202400008605;155 766 660;7;13;0;3;1;1
202400008606;155 766 656;7;0;2;1;2;0
202400008606;155 766 658;7;0;2;4;2;0
202400008607;155 766 657;7;0;2;3;0;1
202400008607;155 766 659;7;0;2;3;0;1
202400008608;155 766 655;2;0;1;1;5;1
202400008609;155 766 652;7;1;1;1;15;0
202400008610;155 766 650;7;0;9;2;17;1
202400008610;155 766 651;1;0;2;4;26;5
202400008610;155 766 653;1;0;0;4;1;5
202400008611;155 766 649;33;0;2;2;1;1
202400008611;155 766 654;7;0;2;3;15;1
202400008612;155 766 648;7;0;1;4;4;1
202400008613;155 766 646;7;0;0;9;1;1
202400008614;155 766 645;1;0;2;7;19;5
202400008614;155 766 647;7;0;2;1;1;1
202400008615;155 766 644;1;11;0;1;1;5
202400008616;155 766 640;15;0;2;2;21;5
202400008616;155 766 641;7;0;2;2;13;1
202400008617;155 766 639;7;0;2;1;2;1
202400008617;155 766 642;17;0;2;5;2;1
202400008618;155 766 638;1;0;2;1;16;5
202400008618;155 766 643;7;0;2;3;9;1
202400008619;155 766 637;33;0;0;8;1;0
202400008620;155 766 636;7;2;0;7;0;1
202400008621;155 766 635;7;2;0;1;1;1
202400008622;155 766 632;7;0;0;5;15;1
202400008622;155 766 634;2;0;2;1;1;1
202400008623;155 766 629;7;0;2;1;5;1
202400008623;155 766 631;17;1;0;3;1;1
202400008623;155 766 633;7;0;2;1;1;1
202400008624;155 766 628;7;0;1;4;1;1
202400008624;155 766 630;7;0;2;1;26;1
202400008625;155 766 625;7;0;2;1;19;2
202400008625;155 766 627;7;0;0;6;1;1
202400008626;155 766 624;7;0;2;3;9;1
202400008626;155 766 626;33;0;2;1;17;1
202400008627;155 766 622;7;0;2;1;1;1
202400008627;155 766 623;10;0;2;1;1;1
202400008628;155 766 621;36;0;0;0;0;1
202400008629;155 766 620;7;0;1;7;1;1
202400008630;155 766 618;7;0;0;0;0;2
202400008631;155 766 617;7;0;0;6;1;1
202400008631;155 766 619;2;0;2;3;0;1
202400008632;155 766 616;7;13;0;9;1;1
202400008633;155 766 615;10;2;0;1;14;1
202400008634;155 766 612;10;0;2;3;20;1
202400008634;155 766 614;17;0;2;2;1;1
202400008635;155 766 611;33;0;2;1;15;1
202400008635;155 766 613;10;0;2;9;1;1
202400008636;155 766 610;7;2;0;3;0;1
202400008637;155 766 609;2;0;0;0;16;1
202400008638;155 766 606;2;0;2;1;2;0
202400008638;155 766 608;7;0;0;4;16;1
202400008639;155 766 605;2;0;0;7;1;1
202400008639;155 766 607;7;0;2;1;19;1
202400008640;155 766 604;7;1;1;1;20;1
202400008641;155 766 602;7;3;2;6;1;1
202400008641;155 766 603;7;0;2;2;1;1
202400008642;155 766 601;7;0;1;1;1;1
202400008643;155 766 598;7;0;2;3;15;1
202400008643;155 766 600;2;0;2;1;1;1
202400008644;155 766 596;33;0;0;3;1;1
202400008644;155 766 599;7;0;2;7;12;1
202400008645;155 766 595;7;0;2;1;13;1
202400008645;155 766 597;7;0;2;1;1;1
202400008646;155 766 593;1;0;9;7;1;5
202400008646;155 766 594;1;0;9;8;1;5
202400008647;155 766 592;7;6;0;1;0;1
202400008648;155 766 590;7;0;0;5;1;3
202400008648;155 766 591;33;0;2;3;3;1
202400008649;155 766 587;10;0;2;5;14;1
202400008649;155 766 589;80;0;2;1;9;3
202400008650;155 766 585;10;0;2;8;1;1
202400008650;155 766 588;7;0;2;1;1;1
202400008651;155 766 583;7;3;0;9;21;1
202400008651;155 766 586;7;4;0;3;21;2
202400008652;155 766 580;7;0;2;3;13;2
202400008652;155 766 581;17;0;2;3;1;1
202400008653;155 766 578;33;0;2;1;2;1
202400008653;155 766 579;7;0;0;4;1;1
202400008654;155 766 574;1;3;0;8;1;5
202400008654;155 766 575;21;0;0;7;17;1
202400008655;155 766 573;7;13;0;1;1;1
202400008656;155 766 576;7;4;2;4;1;1
202400008656;155 766 577;7;0;2;1;1;6
202400008657;155 766 570;10;0;2;1;15;1
202400008657;155 766 572;7;0;2;2;1;1
202400008658;155 766 569;7;0;2;3;13;1
202400008658;155 766 571;10;0;2;3;1;1
202400008659;155 766 567;34;0;9;1;26;1
202400008659;155 766 568;7;0;0;0;1;1
202400008660;155 766 566;7;16;0;0;1;1
202400008661;155 766 564;7;0;2;3;17;0
202400008661;155 766 565;2;0;2;1;17;1
202400008662;155 766 561;7;0;2;3;13;1
202400008662;155 766 562;33;0;2;1;13;1
202400008663;155 766 559;50;0;0;4;1;3
202400008663;155 766 563;7;8;2;1;1;0
202400008664;155 766 558;32;0;2;7;1;1
202400008664;155 766 560;3;0;2;1;0;3
202400008665;155 766 557;7;0;1;2;1;2
202400008666;155 766 554;32;0;2;1;1;1
202400008666;155 766 555;7;0;2;3;16;1
202400008667;155 766 552;33;0;0;1;14;1
202400008668;155 766 553;10;0;2;4;2;1
202400008668;155 766 556;7;0;2;1;1;0
202400008669;155 766 548;15;0;2;2;1;1
202400008669;155 766 551;7;0;2;1;13;1
202400008670;155 766 547;7;0;2;3;2;1
202400008670;155 766 550;7;0;2;3;1;1
202400008671;155 766 549;7;0;1;3;1;2
202400008672;155 766 545;2;1;0;3;2;1
202400008673;155 766 542;7;0;2;2;17;1
202400008673;155 766 544;7;0;2;2;13;1
202400008673;155 766 546;7;0;2;9;1;2
202400008674;155 766 541;31;0;2;1;1;1
202400008674;155 766 543;1;0;2;3;15;5
202400008675;155 766 540;7;15;0;1;0;1
202400008676;155 766 537;80;0;2;5;19;3
202400008676;155 766 539;1;0;0;5;1;5
202400008677;155 766 536;7;4;2;8;1;1
202400008677;155 766 538;7;4;2;4;1;1
202400008678;155 766 535;33;0;0;1;1;1
202400008679;155 766 531;34;0;2;7;15;1
202400008679;155 766 533;38;0;2;8;15;1
202400008680;155 766 529;7;0;2;3;2;1
202400008680;155 766 530;33;9;2;2;2;1
202400008681;155 766 527;10;0;2;4;1;2
202400008681;155 766 528;7;0;2;1;2;1
202400008682;155 766 525;7;0;2;1;1;2
202400008682;155 766 526;7;0;2;4;23;1
202400008683;155 766 532;7;0;2;1;19;1
202400008683;155 766 534;7;0;2;3;1;1
202400008684;155 766 523;7;0;2;1;1;1
202400008684;155 766 524;7;0;2;4;23;1
202400008685;155 766 520;1;0;2;1;5;5
202400008685;155 766 521;7;0;9;1;1;1
202400008686;155 766 518;7;0;2;4;1;1
202400008686;155 766 522;7;0;2;1;1;1
202400008687;155 766 514;7;0;2;5;17;1
202400008687;155 766 517;1;0;2;3;1;5
202400008688;155 766 513;7;0;2;1;9;1
202400008688;155 766 516;7;0;2;2;1;1
202400008689;155 766 512;50;0;2;1;26;3
202400008689;155 766 515;7;0;2;3;1;1
202400008690;155 766 510;33;0;0;0;0;1
202400008691;155 766 509;50;0;2;1;1;3
202400008691;155 766 511;10;0;9;2;15;1
202400008692;155 766 507;43;0;2;4;23;1
202400008692;155 766 508;10;0;2;1;2;1
202400008693;155 766 505;2;0;0;0;1;3
202400008694;155 766 504;7;0;9;3;22;1
202400008694;155 766 506;1;1;0;2;25;5
202400008695;155 766 501;7;0;2;3;15;1
202400008695;155 766 503;2;0;2;1;1;3
202400008696;155 766 499;7;0;2;3;5;1
202400008696;155 766 502;7;0;2;3;1;1
202400008697;155 766 498;7;8;2;6;13;1
202400008697;155 766 500;7;0;2;1;1;1
202400008698;155 766 494;7;0;2;1;1;1
202400008698;155 766 496;7;2;2;1;1;1
202400008699;155 766 493;7;0;2;2;15;1
202400008699;155 766 495;7;0;2;1;1;1
202400008699;155 766 497;7;0;2;8;1;1
202400008700;155 766 491;7;0;2;3;19;2
202400008700;155 766 492;7;0;2;3;1;1
202400008701;155 766 488;7;0;2;1;1;1
202400008701;155 766 490;1;15;0;4;1;5
202400008702;155 766 487;10;0;2;8;19;1
202400008702;155 766 489;33;0;2;1;1;1
202400008703;155 766 485;7;0;2;6;15;1
202400008703;155 766 486;2;0;2;2;2;1
202400008704;155 766 483;36;11;0;2;16;1
202400008705;155 766 481;2;0;0;2;1;1
202400008706;155 766 482;7;0;2;8;9;1
202400008706;155 766 484;2;0;2;1;1;1
202400008707;155 766 479;14;0;2;2;1;1
202400008707;155 766 480;10;0;2;2;13;1
202400008708;155 766 476;7;0;1;0;1;-1
202400008709;155 766 472;31;0;2;2;17;1
202400008709;155 766 474;7;0;2;3;15;1
202400008710;155 766 470;33;0;0;9;1;1
202400008710;155 766 473;7;0;0;4;1;2
202400008710;155 766 475;7;0;0;1;0;1
202400008711;155 766 471;37;0;1;3;13;1
202400008712;155 766 468;7;13;0;7;1;1
202400008713;155 766 466;2;0;2;1;2;1
202400008713;155 766 469;7;0;2;4;2;1
202400008714;155 766 462;7;6;0;1;21;1
202400008714;155 766 464;15;0;0;0;19;0
202400008715;155 766 459;2;0;2;8;15;1
202400008715;155 766 461;7;0;2;1;1;1
202400008716;155 766 458;7;3;2;2;2;1
202400008716;155 766 460;7;0;2;3;2;1
202400008716;155 766 463;7;3;2;9;17;1
202400008716;155 766 465;7;0;2;9;2;1
202400008716;155 766 467;7;3;2;9;2;1
202400008717;155 766 457;2;6;0;1;1;1
202400008718;155 766 455;7;0;1;2;1;2
202400008719;155 766 454;7;3;0;1;0;1
202400008719;155 766 456;7;3;0;4;0;1
202400008720;155 766 453;7;0;1;1;1;1
202400008721;155 766 452;7;7;0;1;14;1
202400008722;155 766 449;7;0;2;7;12;1
202400008722;155 766 451;33;0;2;8;1;1
202400008723;155 766 448;30;0;2;1;5;1
202400008723;155 766 450;7;0;2;7;1;1
202400008724;155 766 446;10;0;2;4;1;1
202400008724;155 766 447;33;0;2;1;1;1
202400008725;155 766 443;7;0;0;0;0;1
202400008725;155 766 445;2;0;2;7;5;1
202400008726;155 766 441;7;0;2;4;1;1
202400008726;155 766 442;7;0;2;4;1;1
202400008726;155 766 444;7;0;2;1;0;1
202400008727;155 766 440;2;0;0;0;1;1
202400008728;155 766 438;7;1;0;1;1;1
202400008728;155 766 439;10;0;2;7;23;1
202400008729;155 766 435;7;0;2;3;1;1
202400008729;155 766 437;7;0;2;1;15;1
202400008730;155 766 433;7;0;2;4;1;1
202400008730;155 766 434;7;0;2;4;2;1
202400008730;155 766 436;7;0;2;1;2;1
202400008731;155 766 430;7;0;2;3;1;1
202400008731;155 766 432;7;0;2;1;1;1
202400008732;155 766 427;14;0;2;4;2;1
202400008732;155 766 428;7;0;2;4;2;1
202400008732;155 766 429;7;0;2;6;0;1
202400008732;155 766 431;17;0;2;1;2;1
202400008733;155 766 426;33;0;0;1;1;1
202400008734;155 766 423;7;4;2;1;15;3
202400008735;155 766 422;7;0;2;8;13;1
202400008735;155 766 424;7;0;2;1;1;1
202400008735;155 766 425;14;0;2;2;1;1
202400008736;155 766 421;33;0;0;0;1;1
202400008737;155 766 420;7;0;1;1;1;1
202400008738;155 766 417;7;0;2;6;9;1
202400008738;155 766 419;15;0;0;2;1;1
202400008739;155 766 418;33;15;0;1;17;1
202400008740;155 766 414;7;0;1;1;1;0
202400008741;155 766 413;7;0;2;8;1;1
202400008741;155 766 415;43;0;2;1;3;1
202400008741;155 766 416;7;0;2;5;11;1
202400008742;155 766 412;7;8;0;1;0;1
202400008743;155 766 410;7;0;2;1;1;1
202400008743;155 766 411;38;0;2;4;1;1
202400008744;155 766 408;43;0;2;3;13;1
202400008744;155 766 409;32;0;2;5;3;1
202400008745;155 766 406;7;0;2;3;18;1
202400008745;155 766 407;7;4;0;4;2;1
202400008746;155 766 405;33;15;0;7;1;1
202400008747;155 766 403;7;0;2;6;9;1
202400008747;155 766 404;33;0;2;6;1;1
202400008748;155 766 401;7;0;2;6;17;1
202400008748;155 766 402;33;0;2;8;1;1
202400008749;155 766 400;33;0;2;2;1;1
202400008750;155 766 397;7;0;2;1;15;1
202400008750;155 766 399;33;0;2;1;1;1
202400008751;155 766 396;7;0;2;1;2;1
202400008751;155 766 398;10;0;2;4;2;1
202400008752;155 766 395;36;13;0;8;1;1
202400008753;155 766 393;33;0;2;1;2;1
202400008753;155 766 394;7;0;2;6;2;1
202400008754;155 766 391;1;0;2;1;0;5
202400008754;155 766 392;2;0;2;1;5;1
202400008755;155 766 389;7;12;0;2;0;1
202400008756;155 766 387;7;0;2;7;12;2
202400008756;155 766 388;34;0;2;1;3;1
202400008756;155 766 390;7;0;2;7;1;3
202400008757;155 766 382;7;0;2;8;1;1
202400008757;155 766 384;7;0;2;3;1;1
202400008757;155 766 386;7;0;2;3;13;1
202400008758;155 766 383;7;0;2;3;15;1
202400008758;155 766 385;2;0;2;3;1;1
202400008759;155 766 379;7;0;2;1;9;1
202400008759;155 766 381;1;0;2;7;1;5
202400008760;155 766 377;7;0;2;1;2;1
202400008760;155 766 378;7;0;2;4;2;1
202400008760;155 766 380;7;0;2;5;0;3
202400008761;155 766 374;7;0;2;2;2;1
202400008761;155 766 375;7;0;2;6;1;1
202400008762;155 766 371;1;0;2;2;2;5
202400008762;155 766 373;7;0;2;3;24;2
202400008763;155 766 370;10;0;2;1;2;1
202400008763;155 766 372;7;0;2;4;2;1
202400008764;155 766 367;1;0;2;7;2;5
202400008764;155 766 369;7;0;2;3;22;1
202400008765;155 766 364;7;0;2;1;0;1
202400008765;155 766 365;7;0;2;4;0;1
202400008765;155 766 366;7;0;2;4;0;1
202400008765;155 766 368;7;0;0;0;0;1
202400008766;155 766 363;10;0;1;2;15;3
202400008767;155 766 362;7;0;1;3;1;1
202400008768;155 766 360;7;0;2;2;9;1
202400008768;155 766 361;2;0;2;1;1;1
202400008769;155 766 359;37;0;1;3;16;1
202400008770;155 766 358;37;0;1;1;1;1
202400008771;155 766 356;7;3;0;1;26;1
202400008772;155 766 355;7;0;2;1;15;1
202400008772;155 766 357;7;0;2;1;1;1
202400008773;155 766 354;80;9;0;7;25;3
202400008774;155 766 352;1;0;2;8;1;5
202400008774;155 766 353;10;0;2;8;13;1
202400008775;155 766 350;7;0;1;1;1;1
202400008776;155 766 349;1;0;2;7;5;5
202400008776;155 766 351;7;0;2;2;15;1
202400008777;155 766 347;7;3;0;6;23;1
202400008777;155 766 348;7;1;0;1;1;1
202400008778;155 766 346;34;12;0;3;15;1
202400008779;155 766 343;33;0;0;0;15;1
202400008780;155 766 344;7;0;2;1;19;1
202400008780;155 766 345;7;0;2;1;1;1
202400008781;155 766 339;7;0;2;3;15;1
202400008781;155 766 341;30;0;2;1;1;1
202400008782;155 766 340;10;0;2;1;5;3
202400008782;155 766 342;7;15;2;8;15;1
202400008783;155 766 337;7;0;1;2;1;1
202400008784;155 766 336;7;0;2;3;1;2
202400008784;155 766 338;10;0;2;3;11;1
202400008785;155 766 334;14;2;0;1;2;1
202400008786;155 766 331;33;0;2;1;17;1
202400008786;155 766 332;7;0;2;3;1;1
202400008787;155 766 326;7;0;0;2;15;1
202400008787;155 766 328;7;0;0;2;1;1
202400008788;155 766 325;50;0;9;1;1;3
202400008788;155 766 327;7;0;9;2;0;0
202400008789;155 766 323;7;0;2;1;1;1
202400008789;155 766 324;10;0;0;8;19;1
202400008790;155 766 321;7;0;2;7;15;2
202400008790;155 766 322;7;0;2;1;1;1
202400008791;155 766 320;1;0;0;0;26;5
202400008792;155 766 319;7;15;0;1;1;1
202400008793;155 766 317;7;0;5;2;1;1
202400008794;155 766 318;37;9;0;1;9;1
202400008795;155 766 315;7;8;0;1;0;1
202400008796;155 766 314;7;0;2;1;15;1
202400008796;155 766 316;7;0;2;1;1;1
202400008797;155 766 311;10;0;2;4;2;1
202400008797;155 766 312;10;0;2;1;2;1
202400008797;155 766 313;7;0;2;0;2;1
202400008798;155 766 309;7;0;2;3;13;1
202400008798;155 766 310;7;0;2;3;1;1
202400008799;155 766 308;7;0;1;4;20;3
202400008800;155 766 307;7;0;1;0;0;1
202400008801;155 766 304;7;0;9;3;13;1
202400008801;155 766 306;1;0;2;1;1;5
202400008802;155 766 303;7;0;2;1;0;2
202400008802;155 766 305;7;0;2;1;26;1
202400008803;155 766 301;7;0;1;1;1;1
202400008804;155 766 300;7;0;2;1;9;1
202400008804;155 766 302;50;0;2;8;2;3
202400008805;155 766 298;7;0;1;2;1;3
202400008806;155 766 297;7;9;2;1;17;1
202400008806;155 766 299;7;0;2;8;13;1
202400008807;155 766 296;10;0;1;2;17;1
202400008808;155 766 295;31;0;0;1;1;0
202400008809;155 766 293;7;0;2;1;2;1
202400008809;155 766 294;7;0;2;4;2;1
202400008810;155 766 291;1;0;0;2;9;5
202400008810;155 766 292;7;0;2;1;9;0
202400008811;155 766 290;7;0;1;3;1;1
202400008812;155 766 287;7;0;2;8;19;1
202400008812;155 766 289;7;0;2;1;1;1
202400008813;155 766 286;7;0;2;2;15;1
202400008813;155 766 288;32;0;2;3;1;1
202400008814;155 766 284;7;0;1;2;26;-1
202400008815;155 766 281;7;0;9;1;16;1
202400008815;155 766 283;1;0;2;4;16;5
202400008816;155 766 282;31;0;2;1;1;1
202400008816;155 766 285;7;0;0;0;1;1
202400008817;155 766 280;33;8;0;1;16;1
202400008818;155 766 278;3;1;0;2;24;1
202400008818;155 766 279;2;1;0;0;0;1
202400008819;155 766 275;7;0;2;1;1;1
202400008819;155 766 276;50;0;2;8;1;3
202400008820;155 766 274;7;6;0;2;14;1
202400008821;155 766 273;33;12;0;1;13;1
202400008822;155 766 272;7;8;0;2;13;1
202400008823;155 766 269;10;0;2;3;10;1
202400008823;155 766 271;50;0;2;1;5;3
202400008824;155 766 267;7;0;9;0;17;1
202400008824;155 766 268;43;3;0;3;17;1
202400008824;155 766 270;7;0;9;0;1;1
202400008825;155 766 264;7;0;2;3;0;0
202400008825;155 766 266;7;0;2;3;0;0
202400008826;155 766 263;7;9;2;1;2;2
202400008826;155 766 265;10;0;2;2;15;0
202400008827;155 766 261;7;0;2;7;1;1
202400008827;155 766 262;50;0;2;3;0;3
202400008828;155 766 260;7;0;1;7;1;1
202400008829;155 766 258;7;0;2;4;2;3
202400008829;155 766 259;33;0;2;1;2;1
202400008830;155 766 256;10;0;2;6;15;1
202400008830;155 766 257;7;0;2;1;1;1
202400008831;155 766 254;43;13;0;9;1;1
202400008832;155 766 253;7;0;2;1;1;1
202400008832;155 766 255;7;0;2;7;1;1
202400008833;155 766 251;7;0;1;2;1;2
202400008834;155 766 250;7;0;2;1;1;1
202400008834;155 766 252;7;0;2;1;13;1
202400008835;155 766 248;7;4;0;0;2;1
202400008836;155 766 247;33;0;2;1;7;1
202400008836;155 766 249;30;0;2;2;15;1
202400008837;155 766 245;7;0;1;0;26;1
202400008838;155 766 244;32;0;2;1;1;1
202400008838;155 766 246;7;0;2;2;15;1
202400008839;155 766 242;10;8;0;1;16;0
202400008840;155 766 241;7;0;2;1;15;1
202400008840;155 766 243;37;0;2;2;1;1
202400008841;155 766 238;1;0;2;1;15;5
202400008841;155 766 240;7;0;9;1;5;1
202400008842;155 766 237;1;0;2;8;1;5
202400008842;155 766 239;7;0;2;2;16;1
202400008843;155 766 233;7;0;2;4;20;0
202400008843;155 766 235;1;0;2;7;2;5
202400008844;155 766 232;7;-1;2;1;13;1
202400008844;155 766 234;7;0;2;1;1;1
202400008844;155 766 236;7;0;0;0;21;1
202400008845;155 766 231;7;0;1;2;15;1
202400008846;155 766 229;50;0;2;6;2;3
202400008846;155 766 230;0;0;9;7;0;0
202400008847;155 766 227;7;1;0;1;1;1
202400008847;155 766 228;38;0;2;6;24;1
202400008848;155 766 225;1;0;2;1;2;5
202400008848;155 766 226;7;0;2;1;2;1
202400008849;155 766 223;7;0;2;7;15;1
202400008849;155 766 224;34;0;2;1;1;1
202400008850;155 766 221;7;0;0;1;5;1