Num_Acc;id_vehicule;catv;obs;obsm;choc;manv;motor
202400011659;155 761 212;7;16;2;8;2;1
202400011659;155 761 213;7;7;2;1;19;1
202400011660;155 761 210;7;5;0;3;13;1
202400011660;155 761 211;7;5;0;3;13;1
202400011661;155 761 208;7;0;2;1;13;1
202400011661;155 761 209;10;0;2;1;1;1
202400011662;155 761 207;7;0;9;2;19;1
202400011663;155 761 206;33;0;0;0;0;1
202400011664;155 761 204;80;0;0;0;1;3
202400011665;155 761 201;1;0;2;3;1;5
202400011665;155 761 202;7;0;2;3;13;1
202400011665;155 761 203;1;0;2;3;1;5
202400011665;155 761 205;1;0;2;3;1;5
202400011666;155 761 199;7;0;2;6;9;1
202400011666;155 761 200;33;0;2;1;21;1
202400011667;155 761 197;10;0;1;4;4;1
202400011668;155 761 194;1;0;2;4;13;5
202400011668;155 761 195;7;0;2;2;17;1
202400011669;155 761 193;7;3;0;1;2;1
202400011670;155 761 190;7;0;2;1;1;2
202400011670;155 761 191;7;0;2;6;19;2
202400011671;155 761 189;40;0;2;1;1;3
202400011671;155 761 192;7;0;4;8;1;1
202400011672;155 761 188;10;2;0;3;1;0
202400011673;155 761 187;32;0;1;1;21;1
202400011674;155 761 186;7;13;0;0;13;0
202400011675;155 761 185;7;0;1;7;1;1
202400011676;155 761 184;33;6;0;1;1;0
202400011677;155 761 183;50;12;0;3;11;3
202400011678;155 761 180;7;6;0;4;2;1
202400011678;155 761 182;10;0;2;1;2;1
202400011679;155 761 179;7;0;2;3;15;1
202400011679;155 761 181;33;0;2;1;1;1
202400011680;155 761 177;7;0;2;2;2;1
202400011680;155 761 178;1;0;0;8;1;5
202400011681;155 761 173;7;2;0;1;0;1
202400011682;155 761 172;7;0;2;1;1;0
202400011682;155 761 174;7;0;2;4;15;1
202400011682;155 761 175;10;0;2;4;1;1
202400011682;155 761 176;7;0;2;4;1;1
202400011683;155 761 169;7;0;0;2;23;1
202400011683;155 761 171;2;0;0;1;25;3
202400011684;155 761 170;7;0;1;1;1;1
202400011685;155 761 168;2;0;0;0;1;3
202400011686;155 761 167;33;1;0;1;14;1
202400011687;155 761 165;7;0;2;1;13;1
202400011687;155 761 166;7;0;2;1;1;1
202400011688;155 761 163;33;0;2;3;11;1
202400011688;155 761 164;33;0;2;5;1;1
202400011689;155 761 162;7;0;1;2;1;1
202400011690;155 761 159;7;0;2;4;2;1
202400011690;155 761 161;32;0;2;1;2;1
202400011691;155 761 158;7;0;2;1;1;2
202400011691;155 761 160;7;0;2;1;1;1
202400011692;155 761 156;7;0;2;8;11;2
202400011692;155 761 157;31;0;2;7;1;1
202400011693;155 761 154;33;0;2;1;1;1
202400011693;155 761 155;7;0;2;5;15;1
202400011694;155 761 150;7;0;2;4;2;1
202400011694;155 761 152;7;0;2;1;2;1
202400011694;155 761 153;7;0;2;4;2;1
202400011695;155 761 149;7;0;2;1;5;1
202400011695;155 761 151;7;0;2;1;1;1
202400011696;155 761 147;30;0;1;1;26;1
202400011697;155 761 148;7;0;1;2;9;1
202400011698;155 761 146;7;0;1;3;1;1
202400011699;155 761 145;10;0;1;1;15;3
202400011700;155 761 142;7;0;0;6;1;1
202400011700;155 761 144;33;0;2;1;2;1
202400011701;155 761 141;7;0;2;3;15;1
202400011701;155 761 143;7;9;2;3;1;1
202400011702;155 761 137;33;0;2;2;17;1
202400011702;155 761 139;10;0;0;3;1;1
202400011703;155 761 138;7;0;2;1;5;1
202400011703;155 761 140;7;0;2;1;21;1
202400011704;155 761 135;50;0;2;2;1;3
202400011704;155 761 136;7;0;9;0;1;1
202400011705;155 761 133;50;0;1;1;1;3
202400011706;155 761 134;7;6;0;9;17;1
202400011707;155 761 132;7;2;0;7;1;1
202400011708;155 761 131;14;0;1;1;1;1
202400011709;155 761 130;10;0;1;3;16;1
202400011710;155 761 129;7;0;1;1;1;1
202400011711;155 761 127;7;0;2;7;1;2
202400011711;155 761 128;1;0;0;1;2;5
202400011712;155 761 125;7;0;2;3;15;1
202400011712;155 761 126;50;0;2;2;1;3
202400011713;155 761 123;33;0;0;0;21;0
202400011713;155 761 124;14;15;0;1;21;1
202400011714;155 761 120;7;12;2;2;9;2
202400011714;155 761 122;33;12;2;1;9;1
202400011715;155 761 118;7;0;1;1;19;1
202400011716;155 761 119;31;0;2;4;1;1
202400011716;155 761 121;7;0;2;1;1;1
202400011717;155 761 117;32;0;1;1;1;1
202400011718;155 761 115;10;0;5;1;1;1
202400011719;155 761 116;7;3;0;1;13;1
202400011720;155 761 113;7;0;0;9;0;1
202400011721;155 761 112;7;0;2;3;10;2
202400011721;155 761 114;43;0;2;2;1;1
202400011722;155 761 111;7;0;0;2;1;1
202400011723;155 761 109;31;0;2;1;1;1
202400011723;155 761 110;10;0;2;4;1;1
202400011724;155 761 107;7;0;1;1;1;1
202400011725;155 761 106;33;0;2;4;1;1
202400011725;155 761 108;7;0;2;1;1;1
202400011726;155 761 103;10;0;1;1;16;1
202400011727;155 761 100;7;0;2;4;23;1
202400011727;155 761 102;7;0;2;1;1;1
202400011727;155 761 104;7;0;2;1;1;1
202400011727;155 761 105;7;0;2;1;2;1
202400011728;155 761 099;7;0;2;6;15;1
202400011728;155 761 101;30;0;2;1;17;1
202400011729;155 761 095;7;0;2;8;15;1
202400011729;155 761 098;33;0;2;2;17;1
202400011730;155 761 094;1;0;1;1;1;5
202400011731;155 761 092;7;0;1;1;1;1
202400011732;155 761 089;7;0;2;4;1;0
202400011732;155 761 091;7;0;2;4;1;1
202400011732;155 761 093;7;0;2;1;26;1
202400011733;155 761 088;7;0;2;2;16;1
202400011733;155 761 090;50;0;2;1;1;3
202400011734;155 761 086;10;0;2;2;21;1
202400011734;155 761 087;32;0;2;4;1;1
202400011735;155 761 084;37;0;1;1;15;2
202400011736;155 761 083;7;0;0;1;1;2
202400011736;155 761 085;7;0;0;8;1;1
202400011737;155 761 080;33;0;2;8;3;1
202400011737;155 761 082;7;0;2;7;12;1
202400011738;155 761 079;7;0;2;9;1;1
202400011738;155 761 081;7;0;2;1;1;1
202400011739;155 761 077;7;0;2;3;1;1
202400011739;155 761 078;7;0;2;8;1;1
202400011740;155 761 075;10;3;2;1;2;1
202400011740;155 761 076;7;3;0;4;2;1
202400011741;155 761 072;2;0;2;2;2;1
202400011741;155 761 074;7;0;2;8;15;3
202400011742;155 761 071;50;4;0;2;0;3
202400011743;155 761 069;32;0;1;1;1;1
202400011744;155 761 068;32;1;0;1;0;1
202400011745;155 761 070;7;0;2;3;15;1
202400011745;155 761 073;33;0;2;3;17;1
202400011746;155 761 067;31;0;0;8;16;1
202400011747;155 761 064;1;0;0;5;1;5
202400011747;155 761 066;7;0;9;3;1;1
202400011748;155 761 063;7;15;2;8;1;1
202400011748;155 761 065;7;15;2;1;1;1
202400011749;155 761 060;33;0;2;8;1;1
202400011749;155 761 062;3;0;2;1;0;1
202400011750;155 761 058;30;0;2;1;26;1
202400011750;155 761 059;7;0;2;0;0;1
202400011751;155 761 056;7;1;0;1;13;1
202400011752;155 761 055;7;0;1;3;1;1
202400011752;155 761 057;10;0;2;3;2;1
202400011753;155 761 054;34;0;1;1;1;1
202400011754;155 761 051;7;0;2;3;1;1
202400011754;155 761 053;10;0;2;3;17;1
202400011755;155 761 050;34;1;2;1;21;1
202400011755;155 761 052;7;0;0;6;24;1
202400011756;155 761 048;7;0;2;1;20;0
202400011756;155 761 049;33;0;2;3;17;1
202400011757;155 761 047;7;0;9;9;1;1
202400011758;155 761 046;7;0;1;1;1;2
202400011759;155 761 043;2;0;2;3;1;1
202400011759;155 761 044;50;0;2;0;1;3
202400011760;155 761 042;7;0;2;2;16;1
202400011760;155 761 045;1;0;2;7;1;5
202400011761;155 761 038;50;0;2;3;26;3
202400011761;155 761 040;7;0;2;2;16;1
202400011762;155 761 039;7;0;2;3;16;1
202400011762;155 761 041;33;0;2;5;1;1
202400011763;155 761 036;7;0;2;2;0;1
202400011763;155 761 037;7;0;2;3;16;1
202400011764;155 761 035;7;4;0;1;1;1
202400011765;155 761 033;7;0;2;8;15;1
202400011765;155 761 034;1;0;2;7;1;5
202400011766;155 761 030;7;0;2;3;22;1
202400011766;155 761 032;32;0;2;2;3;1
202400011767;155 761 028;7;0;2;4;2;1
202400011767;155 761 031;7;0;2;1;2;1
202400011768;155 761 027;7;0;2;5;17;1
202400011768;155 761 029;32;0;2;1;0;1
202400011769;155 761 024;33;0;2;1;3;1
202400011769;155 761 026;7;0;2;7;12;1
202400011770;155 761 023;7;0;0;2;0;1
202400011771;155 761 022;7;0;2;1;14;1
202400011771;155 761 025;7;0;2;4;1;2
202400011772;155 761 021;7;17;0;1;14;1
202400011773;155 761 020;7;4;0;3;13;1
202400011774;155 761 016;7;0;2;2;1;1
202400011774;155 761 019;7;0;2;2;5;1
202400011775;155 761 015;7;0;0;5;19;1
202400011775;155 761 018;33;0;2;1;1;0
202400011776;155 761 014;43;0;2;1;1;1
202400011776;155 761 017;10;0;2;1;15;1
202400011777;155 761 011;7;0;2;2;16;1
202400011777;155 761 013;31;0;2;1;7;1
202400011778;155 761 009;33;0;2;1;1;1
202400011778;155 761 012;7;0;2;6;15;1
202400011779;155 761 008;31;0;2;2;1;1
202400011779;155 761 010;7;0;2;3;15;0
202400011780;155 761 005;7;0;1;0;1;0
202400011781;155 761 006;33;0;2;1;1;1
202400011781;155 761 007;7;0;2;4;1;3
202400011782;155 761 001;7;0;1;2;21;1
202400011783;155 760 999;7;0;2;7;16;1
202400011783;155 761 002;10;0;2;3;1;1
202400011783;155 761 004;32;0;2;1;1;1
202400011784;155 760 998;15;0;2;1;1;1
202400011784;155 761 000;7;0;2;1;1;1
202400011784;155 761 003;15;0;0;4;0;1
202400011785;155 760 996;50;0;0;0;0;3
202400011785;155 760 997;7;0;2;1;2;1
202400011786;155 760 992;7;0;2;1;2;1
202400011786;155 760 994;10;0;2;2;5;1
202400011787;155 760 995;37;0;0;0;21;1
202400011788;155 760 989;7;0;1;1;15;1
202400011789;155 760 988;7;0;2;3;22;1
202400011789;155 760 990;43;0;2;2;1;1
202400011790;155 760 987;7;2;0;3;13;1
202400011791;155 760 986;7;0;0;2;1;1
202400011792;155 760 983;31;0;0;0;1;1
202400011793;155 760 982;7;0;1;3;26;1
202400011794;155 760 984;3;0;2;7;1;1
202400011794;155 760 985;7;0;2;1;1;1
202400011795;155 760 978;7;5;0;2;1;1
202400011796;155 760 979;7;0;2;3;1;1
202400011796;155 760 981;7;0;2;3;13;1
202400011797;155 760 977;7;0;2;2;12;1
202400011797;155 760 980;2;0;2;8;1;3
202400011798;155 760 975;50;0;0;8;1;3
202400011799;155 760 974;1;0;2;7;1;5
202400011799;155 760 976;7;0;2;8;1;1
202400011800;155 760 970;31;0;2;1;1;1
202400011800;155 760 973;80;0;2;8;11;3
202400011801;155 760 969;2;0;2;1;13;1
202400011801;155 760 972;7;0;2;1;1;1
202400011802;155 760 966;7;0;1;3;1;1
202400011802;155 760 968;7;0;1;3;1;2
202400011803;155 760 964;10;0;2;1;1;1
202400011803;155 760 967;7;0;2;4;23;1
202400011804;155 760 963;7;0;0;2;1;1
202400011804;155 760 965;2;0;2;2;1;1
202400011805;155 760 961;50;1;0;1;1;3
202400011805;155 760 962;7;0;2;4;23;1
202400011806;155 760 958;33;0;2;2;1;1
202400011806;155 760 959;7;0;0;6;1;1
202400011807;155 760 957;1;0;2;5;16;5
202400011807;155 760 960;1;0;2;1;1;5
202400011808;155 760 953;7;0;2;1;11;1
202400011808;155 760 954;33;0;2;1;1;1
202400011809;155 760 955;32;0;2;1;5;1
202400011809;155 760 956;7;0;2;1;1;1
202400011810;155 760 951;37;0;2;4;23;3
202400011810;155 760 952;2;0;2;1;1;1
202400011811;155 760 948;7;0;0;7;15;2
202400011811;155 760 950;32;0;2;1;1;1
202400011812;155 760 947;7;0;2;1;2;1
202400011812;155 760 949;7;0;2;4;23;1
202400011813;155 760 946;80;0;1;7;13;3
202400011814;155 760 944;7;0;1;4;4;1
202400011815;155 760 943;33;0;2;1;17;1
202400011815;155 760 945;7;0;2;8;15;1
202400011816;155 760 941;1;0;0;0;15;5
202400011817;155 760 940;50;0;2;1;1;3
202400011817;155 760 942;10;0;2;3;15;1
202400011818;155 760 938;7;0;2;3;9;1
202400011818;155 760 939;7;12;0;7;1;1
202400011819;155 760 935;7;0;2;1;15;1
202400011819;155 760 937;2;0;2;3;1;1
202400011820;155 760 934;7;0;1;4;4;1
202400011821;155 760 933;1;0;2;8;1;5
202400011821;155 760 936;7;0;2;0;0;1
202400011822;155 760 929;2;0;2;1;1;1
202400011822;155 760 932;37;0;2;1;1;1
202400011823;155 760 928;30;0;0;2;16;1
202400011824;155 760 930;7;0;0;5;17;1
202400011824;155 760 931;2;0;2;3;13;1
202400011825;155 760 925;2;14;0;1;1;1
202400011825;155 760 927;7;14;0;2;1;1
202400011826;155 760 923;31;0;2;3;15;3
202400011826;155 760 926;7;0;2;6;1;2
202400011827;155 760 921;7;0;1;1;1;1
202400011828;155 760 922;2;0;0;0;1;1
202400011828;155 760 924;10;0;0;0;16;1
202400011829;155 760 917;7;0;2;5;1;1
202400011829;155 760 920;32;0;2;1;3;1
202400011830;155 760 916;7;0;2;1;1;1
202400011830;155 760 919;7;0;2;4;23;1
202400011831;155 760 915;7;0;2;1;0;1
202400011831;155 760 918;7;0;2;1;13;1
202400011832;155 760 913;7;0;0;9;26;1
202400011833;155 760 912;7;0;2;1;9;1
202400011833;155 760 914;1;0;2;5;1;5
202400011834;155 760 910;37;0;2;8;18;0
202400011834;155 760 911;50;0;2;7;0;3
202400011835;155 760 908;7;0;1;1;9;1
202400011836;155 760 907;7;0;2;8;1;1
202400011836;155 760 909;7;0;2;1;17;1
202400011837;155 760 906;33;8;0;1;1;1
202400011838;155 760 904;7;0;1;4;4;1
202400011839;155 760 902;7;0;2;1;2;1
202400011839;155 760 903;10;0;2;4;2;1
202400011839;155 760 905;7;0;2;3;2;0
202400011840;155 760 901;7;15;0;1;1;3
202400011841;155 760 900;10;0;1;8;9;0
202400011842;155 760 898;7;3;0;7;1;1
202400011843;155 760 897;7;0;2;1;1;1
202400011843;155 760 899;7;0;2;6;1;1
202400011844;155 760 893;10;0;2;4;12;1
202400011844;155 760 895;43;0;2;1;3;1
202400011845;155 760 894;7;0;2;4;4;2
202400011845;155 760 896;2;0;2;1;23;1
202400011846;155 760 891;7;0;2;4;23;1
202400011846;155 760 892;0;0;2;1;2;0
202400011847;155 760 888;7;0;2;1;1;1
202400011847;155 760 890;10;0;2;4;1;1
202400011848;155 760 887;50;0;2;7;19;3
202400011848;155 760 889;7;0;2;1;1;1
202400011849;155 760 884;7;0;9;2;1;2
202400011849;155 760 886;50;0;2;7;16;3
202400011850;155 760 881;7;0;2;1;1;1
202400011850;155 760 882;7;0;2;6;1;1
202400011850;155 760 885;7;0;2;4;1;2
202400011851;155 760 880;2;0;2;8;15;1
202400011851;155 760 883;10;0;2;0;26;3
202400011852;155 760 877;50;0;2;1;1;3
202400011852;155 760 879;10;0;9;1;1;1
202400011853;155 760 876;7;0;2;6;11;1
202400011853;155 760 878;20;0;2;2;12;1
202400011854;155 760 874;33;0;2;8;16;1
202400011854;155 760 875;10;0;2;1;15;1
202400011855;155 760 870;7;0;2;7;21;1
202400011855;155 760 872;33;0;2;8;1;1
202400011856;155 760 866;7;0;2;4;2;1
202400011856;155 760 869;7;0;2;4;2;1
202400011856;155 760 871;7;0;2;0;0;1
202400011856;155 760 873;7;0;2;4;2;1
202400011857;155 760 864;7;0;2;1;1;3
202400011857;155 760 867;7;0;2;7;15;0
202400011858;155 760 862;7;0;1;7;0;0
202400011859;155 760 861;43;0;2;4;3;1
202400011859;155 760 865;43;0;2;1;3;1
202400011859;155 760 868;33;0;2;4;3;1
202400011860;155 760 859;10;0;2;7;1;1
202400011860;155 760 863;10;0;2;1;1;1
202400011861;155 760 857;99;0;2;8;26;0
202400011861;155 760 860;10;0;2;4;26;0
202400011862;155 760 855;10;0;2;2;12;1
202400011862;155 760 856;33;0;2;8;3;1
202400011862;155 760 858;10;0;2;4;1;1
202400011863;155 760 854;10;8;0;1;2;1
202400011864;155 760 853;60;0;0;0;26;5
202400011865;155 760 849;7;0;2;8;13;1
202400011865;155 760 852;15;0;2;2;1;1
202400011866;155 760 851;2;0;0;8;21;1
202400011867;155 760 848;30;0;2;1;13;1
202400011867;155 760 850;7;0;2;1;21;1
202400011868;155 760 846;7;1;1;3;12;1
202400011869;155 760 847;33;0;0;0;26;6
202400011870;155 760 844;33;0;2;7;17;1
202400011870;155 760 845;7;0;2;3;15;1
202400011871;155 760 842;31;1;0;2;0;1
202400011872;155 760 843;7;4;0;1;1;1
202400011873;155 760 840;7;0;2;6;1;2
202400011873;155 760 841;33;0;2;1;21;1
202400011874;155 760 837;3;0;1;3;1;1
202400011875;155 760 835;7;0;2;8;1;1
202400011875;155 760 838;10;7;2;8;19;1
202400011875;155 760 839;7;0;2;1;1;1
202400011876;155 760 834;7;0;2;3;15;1
202400011876;155 760 836;33;0;2;2;17;1
202400011877;155 760 832;7;0;1;3;1;1
202400011878;155 760 831;7;14;2;6;16;0
202400011878;155 760 833;7;15;2;6;26;0
202400011879;155 760 828;1;0;1;1;2;5
202400011880;155 760 829;50;0;2;1;2;3
202400011880;155 760 830;10;0;2;5;2;1
202400011881;155 760 826;30;0;2;1;18;1
202400011881;155 760 827;7;0;2;5;16;1
202400011882;155 760 822;31;0;2;1;1;1
202400011882;155 760 824;7;0;2;1;1;2
202400011882;155 760 825;7;0;2;2;16;1
202400011883;155 760 820;50;0;2;8;1;3
202400011883;155 760 823;7;0;2;2;2;1
202400011884;155 760 819;50;0;2;5;1;3
202400011884;155 760 821;7;0;9;5;20;1
202400011885;155 760 816;30;14;0;0;2;1
202400011886;155 760 815;7;13;0;2;2;1
202400011886;155 760 817;7;0;0;4;1;1
202400011887;155 760 814;7;0;2;6;23;1
202400011887;155 760 818;7;0;2;1;2;1
202400011888;155 760 813;50;12;0;1;26;3
202400011889;155 760 810;2;0;2;3;13;1
202400011889;155 760 812;7;0;2;3;1;1
202400011890;155 760 809;34;0;2;2;2;1
202400011890;155 760 811;80;0;2;8;15;3
202400011891;155 760 808;7;0;1;4;20;1
202400011892;155 760 806;10;0;1;7;1;1
202400011893;155 760 805;7;0;2;8;9;1
202400011893;155 760 807;7;0;2;2;1;2
202400011894;155 760 801;7;0;2;6;15;2
202400011894;155 760 804;32;0;2;1;17;1
202400011895;155 760 802;7;0;2;4;20;1
202400011895;155 760 803;2;0;2;1;1;1
202400011896;155 760 800;7;4;0;2;1;1
202400011897;155 760 797;7;0;0;2;26;2
202400011898;155 760 796;10;0;2;2;16;1
202400011898;155 760 798;50;0;2;8;19;3
202400011899;155 760 795;7;0;2;2;1;1
202400011899;155 760 799;33;0;2;1;1;1
202400011900;155 760 791;30;0;9;4;7;1
202400011900;155 760 793;7;0;2;1;1;2
202400011901;155 760 790;7;0;0;4;23;1
202400011901;155 760 792;34;0;2;1;1;1
202400011901;155 760 794;33;0;2;1;1;1
202400011902;155 760 789;10;0;1;1;1;0
202400011903;155 760 787;34;0;1;1;26;6
202400011904;155 760 785;7;0;2;1;2;1
202400011904;155 760 786;7;0;2;4;1;1
202400011905;155 760 784;7;0;0;3;1;1
202400011905;155 760 788;7;0;0;8;15;1
202400011906;155 760 780;7;0;2;3;17;1
202400011906;155 760 782;37;0;2;3;1;1
202400011907;155 760 779;33;0;2;7;26;1
202400011907;155 760 783;7;0;2;3;0;1
202400011908;155 760 778;7;0;2;1;1;0
202400011908;155 760 781;7;0;2;4;1;1
202400011909;155 760 776;7;15;0;1;14;1
202400011910;155 760 774;33;16;2;1;17;1
202400011910;155 760 777;7;0;2;8;15;1
202400011911;155 760 773;7;0;2;6;2;1
202400011911;155 760 775;33;0;2;1;2;1
202400011912;155 760 771;33;8;2;3;26;1
202400011913;155 760 770;7;0;2;2;17;1
202400011913;155 760 772;7;0;2;3;15;1
202400011914;155 760 766;10;0;1;1;15;1
202400011915;155 760 765;7;1;0;4;2;1
202400011915;155 760 767;20;1;0;1;2;0
202400011916;155 760 764;38;0;2;3;5;6
202400011916;155 760 768;14;0;0;6;2;1
202400011916;155 760 769;7;0;2;3;13;1
202400011917;155 760 761;50;0;2;1;5;3
202400011917;155 760 763;7;0;9;2;16;1
202400011918;155 760 760;7;0;2;7;15;1
202400011918;155 760 762;1;0;2;1;1;5
202400011919;155 760 759;7;0;1;3;1;1
202400011920;155 760 757;31;0;2;4;1;0
202400011920;155 760 758;7;0;2;1;1;0
202400011921;155 760 755;7;10;9;1;1;1
202400011922;155 760 756;7;0;1;2;1;1
202400011923;155 760 754;33;7;0;2;14;1
202400011924;155 760 751;10;0;2;7;12;1
202400011924;155 760 753;10;0;2;8;1;1
202400011925;155 760 752;37;0;2;0;1;1
202400011926;155 760 748;7;0;1;0;16;1
202400011927;155 760 749;15;0;1;3;2;1
202400011928;155 760 747;7;0;2;7;1;1
202400011928;155 760 750;1;0;2;0;0;5
202400011929;155 760 746;7;1;1;1;1;1
202400011930;155 760 743;7;0;2;8;15;2
202400011930;155 760 745;7;0;2;0;0;1
202400011931;155 760 742;1;0;2;7;11;5
202400011931;155 760 744;10;0;9;3;1;1
202400011932;155 760 741;0;0;1;3;0;0
202400011933;155 760 738;2;0;2;3;2;1
202400011933;155 760 740;10;0;2;2;0;1
202400011934;155 760 737;33;12;0;7;1;1
202400011935;155 760 736;7;0;2;1;17;1
202400011935;155 760 739;7;0;2;3;1;3
202400011936;155 760 733;7;0;2;1;17;1
202400011936;155 760 735;7;0;2;1;1;1
202400011937;155 760 732;0;0;2;1;1;-1
202400011937;155 760 734;30;0;2;4;1;3
202400011938;155 760 731;7;0;1;3;15;1
202400011939;155 760 729;30;0;2;1;1;1
202400011939;155 760 730;7;0;2;3;19;1
202400011940;155 760 727;10;0;2;3;15;1
202400011940;155 760 728;31;0;2;4;15;1
202400011941;155 760 726;33;0;0;0;1;1
202400011942;155 760 725;7;8;0;1;1;1
202400011943;155 760 724;32;16;0;0;1;1
202400011944;155 760 723;33;0;0;9;14;1
202400011945;155 760 721;7;0;2;1;1;5
202400011945;155 760 722;7;0;2;2;16;1
202400011946;155 760 720;7;0;1;4;20;1
202400011947;155 760 719;2;0;1;1;1;1
202400011948;155 760 716;33;0;2;2;17;1
202400011948;155 760 718;10;0;2;3;15;1
202400011949;155 760 715;33;0;2;1;1;1
202400011949;155 760 717;7;0;2;3;3;1
202400011950;155 760 709;7;0;2;3;15;1
202400011950;155 760 710;2;13;2;8;1;1
202400011951;155 760 708;38;0;2;3;1;1
202400011951;155 760 713;30;0;2;1;5;1
202400011952;155 760 705;1;0;2;8;9;5
202400011952;155 760 707;7;0;2;3;6;1
202400011953;155 760 704;33;1;2;1;17;1
202400011953;155 760 706;10;0;2;3;15;1
202400011954;155 760 703;10;2;0;7;1;1
202400011955;155 760 697;7;0;2;4;13;1
202400011955;155 760 698;7;0;2;8;1;1
202400011955;155 760 701;7;0;2;1;2;1
202400011956;155 760 694;7;0;2;1;26;1
202400011956;155 760 696;7;0;2;1;26;1
202400011956;155 760 700;7;0;2;1;2;1
202400011957;155 760 693;7;2;0;3;0;1
202400011958;155 760 692;7;0;2;3;2;1
202400011958;155 760 695;7;0;2;7;17;1
202400011959;155 760 690;33;0;0;2;1;1
202400011960;155 760 688;1;0;2;5;1;5
202400011960;155 760 689;7;0;2;1;9;3
202400011961;155 760 691;10;13;0;8;1;1
202400011962;155 760 686;10;0;2;3;19;1
202400011962;155 760 687;7;0;2;1;1;1
202400011963;155 760 685;33;0;0;4;1;1
202400011964;155 760 684;2;14;9;1;1;1
202400011965;155 760 683;33;13;0;1;1;1
202400011966;155 760 681;7;0;0;1;1;-1
202400011966;155 760 682;3;0;0;4;1;1
202400011967;155 760 679;7;8;0;0;17;1
202400011968;155 760 677;10;0;0;3;15;1
202400011968;155 760 678;33;0;2;1;17;1
202400011969;155 760 676;2;16;0;1;1;1
202400011970;155 760 675;10;0;2;1;1;0
202400011970;155 760 680;7;0;2;7;1;0
202400011971;155 760 674;7;8;0;1;0;1
202400011972;155 760 673;21;13;0;3;1;1
202400011973;155 760 669;7;0;2;1;1;1
202400011973;155 760 671;7;0;2;1;17;1
202400011974;155 760 670;50;0;2;1;1;3
202400011974;155 760 672;7;0;2;3;9;1
202400011975;155 760 668;7;10;0;2;14;1
202400011976;155 760 667;7;13;0;1;1;1
202400011977;155 760 665;7;0;2;1;1;1
202400011977;155 760 666;7;0;2;4;1;2
202400011978;155 760 664;7;13;0;0;1;1
202400011979;155 760 663;33;0;0;8;1;1
202400011980;155 760 661;7;0;2;3;1;1
202400011980;155 760 662;60;0;2;1;1;5
202400011981;155 760 659;7;6;0;1;13;1
202400011982;155 760 658;7;0;9;5;2;1
202400011982;155 760 660;80;0;2;3;2;3
202400011983;155 760 656;7;13;0;2;1;1
202400011984;155 760 655;50;0;9;1;1;3
202400011984;155 760 657;1;0;9;1;1;5
202400011985;155 760 653;7;0;9;8;1;0
202400011985;155 760 654;1;0;2;7;19;5
202400011986;155 760 651;7;0;2;2;5;1
202400011986;155 760 652;7;0;2;3;1;1
202400011987;155 760 648;7;0;0;1;1;1
202400011988;155 760 647;33;0;2;1;1;1
202400011988;155 760 650;14;0;2;5;15;1
202400011989;155 760 646;7;0;2;4;2;1
202400011989;155 760 649;7;0;2;1;2;1
202400011990;155 760 645;7;16;0;1;1;1
202400011991;155 760 642;7;0;0;1;1;1
202400011991;155 760 644;10;0;0;5;0;1
202400011992;155 760 641;33;0;2;1;1;1
202400011992;155 760 643;7;0;2;2;15;1
202400011993;155 760 639;7;0;2;3;9;1
202400011993;155 760 640;2;0;0;7;1;1
202400011994;155 760 637;7;6;0;3;0;1
202400011995;155 760 636;7;4;2;0;0;1
202400011995;155 760 638;0;0;2;2;0;0
202400011996;155 760 630;7;0;2;3;2;1
202400011996;155 760 632;7;0;0;5;2;2
202400011997;155 760 631;7;0;0;1;15;1
202400011997;155 760 633;33;1;0;1;1;1
202400011998;155 760 628;30;0;2;1;2;1
202400011998;155 760 629;7;0;2;6;2;1
202400011999;155 760 626;2;16;0;1;1;1
202400012000;155 760 623;7;0;9;1;1;1
202400012000;155 760 624;33;0;2;1;5;1
202400012000;155 760 625;7;0;2;3;1;1
202400012000;155 760 627;7;0;2;0;1;1
202400012001;155 760 622;7;8;0;1;0;1
202400012002;155 760 617;2;0;2;1;2;1
202400012002;155 760 620;7;0;2;8;15;1
202400012003;155 760 616;7;0;2;4;23;1
202400012003;155 760 619;7;0;2;4;0;1
202400012003;155 760 621;10;0;2;1;2;1
202400012004;155 760 615;2;0;2;1;1;1
202400012004;155 760 618;7;0;2;2;15;2
202400012005;155 760 612;33;4;0;8;17;1
202400012006;155 760 610;7;0;0;7;26;1
202400012006;155 760 614;13;0;0;3;0;1
202400012007;155 760 611;1;0;2;0;1;5
202400012007;155 760 613;37;0;2;2;1;2
202400012008;155 760 608;7;13;0;1;1;1
202400012009;155 760 607;7;0;2;2;1;1
202400012009;155 760 609;7;0;2;3;1;1
202400012010;155 760 605;7;1;0;8;26;1
202400012010;155 760 606;80;1;0;1;14;3
202400012011;155 760 604;7;0;1;3;15;1
202400012012;155 760 602;7;0;0;1;15;3
202400012012;155 760 603;1;0;0;8;1;5
202400012013;155 760 598;1;0;2;1;15;5
202400012013;155 760 601;37;0;9;2;1;1
202400012014;155 760 599;7;0;2;2;15;0
202400012014;155 760 600;1;0;2;1;26;5