Num_Acc;id_vehicule;catv;obs;obsm;choc;manv;motor
202400012015;155 760 596;7;13;2;1;1;1
202400012015;155 760 597;7;13;2;3;10;1
202400012016;155 760 594;7;17;0;0;14;1
202400012017;155 760 592;7;8;0;3;13;1
202400012018;155 760 593;37;0;0;0;0;0
202400012018;155 760 595;80;0;2;6;21;3
202400012019;155 760 590;80;0;2;8;1;3
202400012019;155 760 591;10;0;2;3;15;1
202400012020;155 760 589;7;1;0;1;20;2
202400012021;155 760 587;10;0;2;2;15;1
202400012021;155 760 588;1;0;2;8;1;5
202400012022;155 760 586;7;6;0;2;1;1
202400012023;155 760 585;7;0;1;1;1;3
202400012024;155 760 582;1;0;0;8;25;5
202400012024;155 760 583;3;0;9;1;2;1
202400012025;155 760 581;10;0;2;1;13;1
202400012025;155 760 584;7;0;2;1;1;1
202400012026;155 760 579;7;0;2;1;1;1
202400012026;155 760 580;7;0;2;4;2;3
202400012027;155 760 577;7;0;2;2;19;1
202400012027;155 760 578;10;0;2;1;19;1
202400012028;155 760 575;7;8;2;1;1;1
202400012028;155 760 576;37;0;2;8;0;1
202400012029;155 760 574;7;2;0;1;1;1
202400012030;155 760 572;50;0;2;8;17;3
202400012030;155 760 573;10;0;2;7;13;1
202400012031;155 760 570;7;0;2;1;2;1
202400012031;155 760 571;10;0;2;4;1;1
202400012032;155 760 569;7;1;0;5;1;1
202400012033;155 760 565;1;0;2;1;1;5
202400012033;155 760 567;37;0;2;3;1;3
202400012034;155 760 566;7;0;2;6;1;1
202400012034;155 760 568;7;0;2;1;2;1
202400012035;155 760 564;60;12;0;1;1;5
202400012036;155 760 562;7;0;2;6;1;1
202400012036;155 760 563;7;0;2;2;12;1
202400012037;155 760 560;37;0;1;7;23;1
202400012037;155 760 561;2;0;2;1;1;1
202400012038;155 760 557;50;0;2;8;10;3
202400012038;155 760 559;33;0;2;1;1;1
202400012039;155 760 554;7;0;2;4;23;1
202400012039;155 760 556;7;0;2;4;23;1
202400012039;155 760 558;7;0;2;1;2;1
202400012040;155 760 553;50;0;2;2;25;3
202400012040;155 760 555;7;0;9;3;15;0
202400012041;155 760 550;7;0;0;0;0;0
202400012041;155 760 551;1;0;0;0;0;5
202400012042;155 760 548;7;0;2;1;2;3
202400012042;155 760 549;7;0;2;4;2;1
202400012042;155 760 552;7;0;2;4;2;1
202400012043;155 760 546;1;0;2;0;9;5
202400012043;155 760 547;3;0;2;0;0;3
202400012044;155 760 545;7;11;0;1;1;1
202400012045;155 760 542;7;0;2;1;1;1
202400012045;155 760 543;7;0;0;4;2;3
202400012046;155 760 539;7;0;2;1;26;1
202400012046;155 760 544;33;0;2;2;1;1
202400012047;155 760 538;33;0;2;2;3;1
202400012047;155 760 540;7;0;2;5;1;2
202400012047;155 760 541;7;0;2;6;11;2
202400012048;155 760 537;99;0;1;5;26;6
202400012049;155 760 535;7;0;2;1;2;1
202400012049;155 760 536;7;0;0;0;0;0
202400012050;155 760 534;7;0;1;6;20;1
202400012051;155 760 532;33;8;0;1;1;1
202400012052;155 760 529;33;0;0;8;13;1
202400012053;155 760 528;7;0;0;1;13;1
202400012053;155 760 530;7;0;0;1;1;1
202400012054;155 760 525;7;0;2;6;1;1
202400012054;155 760 527;33;0;2;7;3;1
202400012055;155 760 524;33;12;2;7;1;1
202400012055;155 760 526;7;0;2;2;19;1
202400012056;155 760 521;17;0;2;5;1;1
202400012056;155 760 523;2;15;2;1;21;1
202400012057;155 760 519;33;0;2;1;1;1
202400012057;155 760 520;17;0;2;7;15;1
202400012057;155 760 522;7;0;2;1;1;1
202400012058;155 760 517;32;0;2;1;1;1
202400012058;155 760 518;10;0;2;4;1;1
202400012059;155 760 516;7;9;0;3;13;1
202400012060;155 760 514;7;0;1;1;1;1
202400012061;155 760 513;7;0;2;4;23;1
202400012061;155 760 515;30;0;2;1;1;1
202400012062;155 760 512;7;6;0;1;1;1
202400012063;155 760 511;7;0;1;3;1;1
202400012064;155 760 510;31;14;0;1;1;1
202400012065;155 760 508;33;0;2;1;1;1
202400012065;155 760 509;7;0;2;5;16;1
202400012066;155 760 507;2;0;0;0;1;1
202400012067;155 760 506;7;13;0;8;1;1
202400012068;155 760 503;7;0;2;1;1;1
202400012068;155 760 504;7;0;2;4;1;1
202400012068;155 760 505;10;0;2;4;0;1
202400012069;155 760 501;7;0;2;1;13;1
202400012069;155 760 502;7;0;2;1;1;1
202400012070;155 760 497;7;0;2;1;5;1
202400012070;155 760 499;7;0;2;1;5;1
202400012070;155 760 500;7;0;2;1;2;1
202400012071;155 760 496;7;0;2;1;1;1
202400012071;155 760 498;7;0;2;4;1;1
202400012072;155 760 495;7;0;1;2;1;1
202400012073;155 760 494;7;8;0;1;1;1
202400012074;155 760 492;7;2;0;0;1;1
202400012075;155 760 491;33;0;2;1;2;1
202400012075;155 760 493;7;0;2;5;2;1
202400012076;155 760 488;7;0;2;7;1;1
202400012076;155 760 489;36;0;2;1;1;1
202400012077;155 760 487;7;0;2;5;1;1
202400012077;155 760 490;7;0;2;1;1;1
202400012078;155 760 485;10;8;0;1;2;1
202400012079;155 760 484;10;0;2;5;1;1
202400012079;155 760 486;7;0;2;1;18;3
202400012080;155 760 482;7;1;0;3;26;1
202400012081;155 760 481;10;0;2;3;1;1
202400012081;155 760 483;7;0;2;3;1;1
202400012082;155 760 480;33;13;0;1;1;1
202400012083;155 760 479;7;16;0;2;11;1
202400012084;155 760 477;1;0;0;1;26;5
202400012084;155 760 478;7;0;9;2;16;1
202400012085;155 760 474;7;0;2;1;9;1
202400012085;155 760 476;7;0;2;7;1;1
202400012086;155 760 472;10;0;0;4;1;1
202400012086;155 760 473;7;0;2;1;1;1
202400012086;155 760 475;7;0;2;1;1;1
202400012087;155 760 469;38;0;0;6;23;1
202400012087;155 760 471;15;1;0;2;1;1
202400012088;155 760 468;7;0;2;1;19;1
202400012088;155 760 470;2;0;2;8;1;1
202400012089;155 760 466;7;0;2;1;2;1
202400012089;155 760 467;10;0;0;4;2;1
202400012090;155 760 465;7;13;0;2;14;1
202400012091;155 760 464;7;0;0;2;0;1
202400012092;155 760 461;7;7;2;8;14;1
202400012092;155 760 463;7;0;2;1;9;1
202400012093;155 760 459;7;0;0;3;6;1
202400012093;155 760 460;33;0;2;1;17;1
202400012094;155 760 457;1;0;2;7;19;5
202400012094;155 760 458;7;0;2;3;2;1
202400012095;155 760 453;10;0;2;1;1;1
202400012095;155 760 454;7;0;0;6;2;1
202400012095;155 760 455;7;0;2;1;1;1
202400012095;155 760 456;10;0;2;1;1;1
202400012096;155 760 449;33;15;2;3;1;1
202400012096;155 760 450;10;0;2;8;1;1
202400012097;155 760 451;7;0;2;2;16;1
202400012097;155 760 452;37;0;2;0;1;3
202400012098;155 760 447;7;0;2;1;12;1
202400012098;155 760 448;33;0;2;4;12;1
202400012099;155 760 445;7;2;0;1;14;1
202400012100;155 760 444;2;0;0;0;1;1
202400012101;155 760 446;7;0;1;5;4;1
202400012102;155 760 443;7;2;0;3;1;1
202400012103;155 760 441;7;6;0;1;1;1
202400012104;155 760 439;7;2;0;1;1;1
202400012105;155 760 440;10;16;0;3;10;1
202400012105;155 760 442;34;16;0;2;17;1
202400012106;155 760 436;7;6;0;1;26;1
202400012107;155 760 435;7;0;2;1;19;1
202400012107;155 760 438;32;9;2;7;1;1
202400012108;155 760 434;7;0;0;2;9;1
202400012108;155 760 437;7;0;0;3;1;1
202400012109;155 760 431;10;0;0;3;19;1
202400012109;155 760 433;1;0;2;3;1;5
202400012110;155 760 430;7;0;1;1;15;1
202400012111;155 760 429;7;0;2;2;5;1
202400012111;155 760 432;15;0;2;3;1;1
202400012112;155 760 425;7;0;2;0;9;1
202400012112;155 760 427;31;0;2;0;1;1
202400012113;155 760 424;7;9;1;1;1;1
202400012114;155 760 422;33;4;2;0;1;1
202400012115;155 760 421;80;0;2;0;1;3
202400012116;155 760 420;7;6;2;1;15;2
202400012116;155 760 423;7;1;2;8;1;1
202400012117;155 760 418;33;0;2;1;3;1
202400012117;155 760 419;7;0;2;6;11;1
202400012118;155 760 415;2;0;1;1;1;1
202400012119;155 760 416;7;11;2;7;7;1
202400012119;155 760 417;32;0;2;7;15;1
202400012120;155 760 413;7;0;2;1;1;1
202400012120;155 760 414;7;0;2;4;1;1
202400012121;155 760 412;7;0;1;0;1;1
202400012122;155 760 411;7;0;1;7;26;1
202400012123;155 760 409;33;0;2;8;3;1
202400012123;155 760 410;7;0;2;7;14;1
202400012124;155 760 407;7;0;1;1;1;2
202400012125;155 760 405;7;0;2;6;11;1
202400012125;155 760 406;33;0;2;1;2;1
202400012126;155 760 403;7;0;2;1;1;0
202400012126;155 760 404;10;0;2;8;19;1
202400012127;155 760 401;7;0;2;4;2;2
202400012127;155 760 402;7;0;2;1;1;1
202400012128;155 760 399;7;0;2;1;2;1
202400012128;155 760 400;7;0;2;4;2;2
202400012129;155 760 398;7;0;1;1;0;2
202400012130;155 760 395;7;6;0;1;1;1
202400012131;155 760 397;7;0;1;1;0;1
202400012132;155 760 394;7;0;2;1;1;1
202400012132;155 760 396;7;0;2;4;1;1
202400012133;155 760 388;7;0;2;4;2;2
202400012133;155 760 392;7;0;2;1;2;1
202400012133;155 760 393;7;0;2;4;2;3
202400012134;155 760 383;32;0;2;1;2;1
202400012134;155 760 387;10;0;2;4;2;1
202400012134;155 760 390;10;0;2;4;2;1
202400012135;155 760 381;7;0;2;4;2;1
202400012135;155 760 384;7;0;2;4;2;1
202400012135;155 760 386;10;0;2;1;2;1
202400012135;155 760 391;7;0;2;4;23;2
202400012136;155 760 380;1;12;0;3;1;5
202400012137;155 760 379;7;0;2;4;0;1
202400012137;155 760 382;7;0;2;4;1;1
202400012137;155 760 385;7;0;2;4;0;1
202400012137;155 760 389;7;0;2;1;0;1
202400012138;155 760 377;7;0;2;1;1;2
202400012138;155 760 378;7;0;2;4;2;1
202400012139;155 760 375;7;0;1;2;26;1
202400012140;155 760 374;7;0;2;3;26;1
202400012140;155 760 376;7;0;2;3;5;1
202400012141;155 760 373;80;0;1;1;21;3
202400012142;155 760 372;43;4;0;1;1;1
202400012143;155 760 370;7;8;0;8;1;1
202400012144;155 760 369;80;12;0;2;1;3
202400012145;155 760 368;7;0;0;0;15;1
202400012145;155 760 371;1;0;0;0;21;5
202400012146;155 760 367;32;0;0;0;1;1
202400012147;155 760 366;7;0;0;0;13;1
202400012148;155 760 363;32;0;2;1;1;1
202400012148;155 760 365;10;0;2;4;11;0
202400012149;155 760 362;7;0;2;7;16;1
202400012149;155 760 364;1;0;2;1;1;5
202400012150;155 760 359;31;0;2;7;2;1
202400012150;155 760 361;7;0;2;8;2;0
202400012151;155 760 358;7;0;2;1;2;1
202400012151;155 760 360;10;0;2;4;2;1
202400012152;155 760 356;1;1;2;6;1;5
202400012152;155 760 357;7;0;9;7;1;1
202400012153;155 760 355;7;0;1;1;1;1
202400012154;155 760 354;7;13;0;0;14;1
202400012155;155 760 352;15;0;2;2;9;1
202400012155;155 760 353;7;0;2;8;1;1
202400012156;155 760 351;30;0;1;1;0;1
202400012157;155 760 350;7;0;1;2;1;1
202400012158;155 760 349;7;0;1;8;0;0
202400012159;155 760 348;50;0;0;0;1;3
202400012160;155 760 345;7;1;0;3;22;1
202400012161;155 760 346;7;0;2;5;15;1
202400012161;155 760 347;50;0;2;1;1;3
202400012162;155 760 344;7;12;0;1;6;1
202400012163;155 760 342;43;1;0;1;1;1
202400012164;155 760 341;7;0;1;1;1;1
202400012165;155 760 337;50;0;2;3;9;3
202400012165;155 760 340;7;0;2;1;1;2
202400012166;155 760 330;7;0;1;2;16;1
202400012167;155 760 332;7;0;2;8;15;1
202400012167;155 760 335;7;0;2;2;1;2
202400012168;155 760 329;7;0;2;4;2;1
202400012168;155 760 333;7;0;2;4;2;1
202400012168;155 760 334;7;0;2;1;2;1
202400012168;155 760 339;7;0;2;4;2;2
202400012169;155 760 328;7;0;2;4;26;1
202400012169;155 760 331;7;0;2;1;26;1
202400012170;155 760 325;50;0;2;1;1;3
202400012170;155 760 327;7;0;2;3;15;1
202400012171;155 760 324;7;0;2;1;1;1
202400012171;155 760 326;7;0;2;1;11;1
202400012172;155 760 319;7;0;2;2;9;1
202400012172;155 760 322;34;0;2;1;0;0
202400012173;155 760 317;10;0;2;3;9;1
202400012173;155 760 320;2;0;2;5;1;1
202400012174;155 760 318;7;0;2;6;0;2
202400012174;155 760 321;7;0;2;2;2;1
202400012174;155 760 323;7;0;2;5;0;1
202400012175;155 760 314;33;0;2;1;1;1
202400012175;155 760 316;7;0;2;6;1;1
202400012176;155 760 312;7;0;2;1;17;1
202400012176;155 760 315;34;0;9;4;3;1
202400012177;155 760 311;7;0;2;1;2;1
202400012177;155 760 313;7;0;2;4;23;1
202400012178;155 760 309;7;0;1;3;12;1
202400012179;155 760 308;7;0;2;1;15;1
202400012179;155 760 310;33;0;2;1;1;1
202400012180;155 760 305;1;0;9;7;1;5
202400012180;155 760 307;30;0;9;0;0;0
202400012181;155 760 304;7;0;2;1;1;1
202400012181;155 760 306;1;0;2;7;1;5
202400012182;155 760 303;7;0;0;2;26;1
202400012183;155 760 302;7;2;0;2;1;1
202400012184;155 760 301;2;0;0;1;1;3
202400012185;155 760 299;2;12;0;1;0;1
202400012186;155 760 298;2;0;0;2;14;1
202400012187;155 760 297;33;0;2;4;2;1
202400012187;155 760 300;7;0;2;1;2;1
202400012188;155 760 295;7;13;0;1;0;2
202400012189;155 760 294;31;0;2;1;1;0
202400012189;155 760 296;10;0;0;3;1;1
202400012190;155 760 292;7;0;1;1;1;1
202400012191;155 760 293;33;1;0;1;26;1
202400012192;155 760 290;7;8;0;1;16;1
202400012193;155 760 288;33;0;2;6;9;1
202400012193;155 760 291;7;0;2;5;9;1
202400012194;155 760 286;7;2;0;3;14;1
202400012195;155 760 283;34;0;1;1;1;1
202400012195;155 760 287;7;0;2;6;1;1
202400012196;155 760 280;7;0;2;4;2;1
202400012196;155 760 282;7;0;2;4;2;1
202400012196;155 760 285;7;0;2;4;2;1
202400012196;155 760 289;10;0;2;1;2;1
202400012197;155 760 279;1;0;2;1;26;5
202400012197;155 760 284;7;0;2;7;1;1
202400012198;155 760 276;7;0;2;1;15;2
202400012198;155 760 277;33;0;2;1;1;1
202400012199;155 760 272;10;0;2;2;16;1
202400012199;155 760 274;1;0;2;6;16;5
202400012200;155 760 273;7;0;2;4;23;1
202400012200;155 760 275;3;1;0;1;1;1
202400012201;155 760 270;2;0;0;9;1;1
202400012202;155 760 268;50;0;2;4;1;3
202400012203;155 760 266;7;0;0;5;0;1
202400012203;155 760 269;1;1;0;1;2;5
202400012204;155 760 264;31;0;2;1;13;1
202400012204;155 760 267;7;0;0;3;15;1
202400012205;155 760 259;40;0;2;2;1;3
202400012205;155 760 262;1;0;4;3;19;5
202400012206;155 760 257;1;0;2;3;2;5
202400012206;155 760 260;7;0;2;2;17;0
202400012207;155 760 256;10;0;2;3;1;1
202400012207;155 760 261;7;0;2;1;5;1
202400012208;155 760 258;7;0;2;1;1;1
202400012208;155 760 263;7;0;2;1;16;2
202400012209;155 760 255;7;0;0;9;6;0
202400012210;155 760 254;7;13;0;1;1;1
202400012211;155 760 253;32;0;1;8;26;1
202400012212;155 760 250;7;0;1;7;0;1
202400012213;155 760 251;7;0;2;8;2;1
202400012213;155 760 252;30;0;2;8;13;1
202400012214;155 760 246;33;0;2;1;2;1
202400012214;155 760 248;10;0;2;4;2;1
202400012215;155 760 244;33;0;2;1;1;1
202400012215;155 760 247;7;0;2;8;9;2
202400012216;155 760 243;7;0;2;1;1;1
202400012216;155 760 249;7;0;0;8;15;1
202400012217;155 760 241;38;0;1;2;16;1
202400012218;155 760 239;30;0;2;7;1;1
202400012218;155 760 242;7;0;2;1;1;1
202400012218;155 760 245;10;0;2;1;15;1
202400012219;155 760 238;7;0;2;3;0;1
202400012219;155 760 240;2;0;2;3;0;1
202400012220;155 760 236;7;0;2;5;18;1
202400012220;155 760 237;80;0;2;8;1;3
202400012221;155 760 234;7;0;1;1;0;1
202400012222;155 760 232;33;0;2;1;0;1
202400012222;155 760 235;7;0;2;3;26;1
202400012223;155 760 230;7;0;2;3;1;1
202400012223;155 760 231;7;0;2;3;1;1
202400012224;155 760 227;7;13;0;1;16;1
202400012225;155 760 226;33;0;2;7;2;1
202400012225;155 760 229;10;0;2;3;26;1
202400012226;155 760 224;7;0;2;3;13;2
202400012226;155 760 225;7;0;2;3;1;1
202400012227;155 760 228;7;1;0;1;1;1
202400012228;155 760 220;14;0;2;1;9;1
202400012228;155 760 223;7;0;2;7;1;1
202400012229;155 760 218;34;0;2;1;5;1
202400012229;155 760 221;7;0;2;1;1;1
202400012229;155 760 222;7;0;2;3;1;1
202400012230;155 760 217;10;6;0;1;17;1
202400012231;155 760 216;7;0;2;4;2;1
202400012231;155 760 219;7;0;2;1;2;0
202400012232;155 760 213;10;0;2;2;1;1
202400012232;155 760 215;7;0;2;3;17;1
202400012233;155 760 211;15;0;0;7;19;0
202400012233;155 760 214;7;0;2;1;1;0
202400012234;155 760 210;7;6;0;1;1;1
202400012235;155 760 209;7;0;9;1;1;1
202400012235;155 760 212;50;0;2;1;15;3
202400012236;155 760 207;7;0;1;2;1;2
202400012237;155 760 208;10;0;2;1;1;1
202400012238;155 760 205;7;0;1;1;11;1
202400012239;155 760 203;33;0;2;2;1;1
202400012239;155 760 206;21;0;2;6;16;0
202400012240;155 760 198;1;0;2;0;21;5
202400012240;155 760 200;7;0;9;7;17;1
202400012241;155 760 199;7;0;2;5;15;1
202400012241;155 760 201;31;0;2;1;1;3
202400012242;155 760 193;7;0;2;4;23;1
202400012242;155 760 197;7;0;2;1;2;1
202400012243;155 760 192;30;0;0;7;1;1
202400012244;155 760 190;50;0;2;1;19;3
202400012244;155 760 194;7;0;0;3;1;1
202400012245;155 760 191;7;0;2;8;11;1
202400012245;155 760 195;33;0;2;3;3;1
202400012245;155 760 196;14;0;2;2;1;1
202400012245;155 760 202;7;0;2;5;1;1
202400012246;155 760 187;7;0;2;1;1;1
202400012246;155 760 189;7;0;2;1;5;1
202400012247;155 760 188;7;0;1;1;1;1
202400012248;155 760 185;7;0;2;2;19;1
202400012248;155 760 186;7;0;2;1;1;1
202400012249;155 760 180;7;8;0;9;1;1
202400012250;155 760 181;39;0;1;1;1;3
202400012251;155 760 179;30;0;2;1;19;1
202400012251;155 760 183;7;0;2;1;21;1
202400012252;155 760 182;7;0;2;4;2;1
202400012252;155 760 184;10;0;2;1;2;1
202400012253;155 760 178;7;4;0;1;13;1
202400012254;155 760 174;7;0;2;8;10;1
202400012254;155 760 176;33;0;2;1;1;1
202400012255;155 760 172;7;0;0;0;1;1
202400012256;155 760 171;33;0;2;1;11;1
202400012256;155 760 173;32;0;2;7;3;1
202400012257;155 760 168;7;13;0;1;1;1
202400012258;155 760 169;7;0;1;1;15;1
202400012259;155 760 167;33;0;2;1;1;1
202400012259;155 760 170;7;0;2;4;0;2
202400012260;155 760 164;7;0;0;1;1;1
202400012261;155 760 166;7;0;2;1;14;1
202400012262;155 760 163;7;0;2;3;0;1
202400012262;155 760 165;7;0;2;1;0;1
202400012263;155 760 160;2;0;1;1;1;1
202400012264;155 760 161;7;0;2;1;16;1
202400012264;155 760 162;7;0;2;0;0;0
202400012265;155 760 157;7;0;2;1;0;1
202400012265;155 760 158;7;0;2;3;1;0
202400012266;155 760 159;30;0;0;8;1;1
202400012267;155 760 155;50;12;0;1;1;3
202400012268;155 760 154;7;0;0;0;1;1
202400012269;155 760 153;1;0;2;5;1;5
202400012269;155 760 156;7;0;2;1;1;1
202400012270;155 760 150;33;6;0;1;1;1
202400012271;155 760 151;33;0;2;3;3;1
202400012271;155 760 152;7;0;2;2;1;1
202400012272;155 760 149;50;8;0;1;1;3
202400012273;155 760 148;7;2;0;1;13;1
202400012274;155 760 146;1;0;2;6;1;5
202400012274;155 760 147;10;0;2;7;2;1
202400012275;155 760 143;7;0;1;3;15;2
202400012276;155 760 144;10;0;1;3;15;3
202400012277;155 760 141;43;1;0;7;14;2
202400012278;155 760 140;7;0;0;8;15;1
202400012278;155 760 142;7;0;2;1;1;1
202400012279;155 760 139;7;0;0;1;14;1
202400012280;155 760 134;7;0;2;2;13;1
202400012280;155 760 137;7;0;2;3;1;1
202400012281;155 760 135;7;0;1;2;18;1
202400012282;155 760 133;7;0;2;3;1;1
202400012282;155 760 138;7;0;2;3;13;1
202400012283;155 760 132;7;0;2;3;1;1
202400012283;155 760 136;30;0;2;8;19;1
202400012284;155 760 128;7;0;2;2;1;1
202400012284;155 760 131;1;0;2;6;1;5
202400012285;155 760 127;34;0;2;1;17;1
202400012285;155 760 129;7;0;2;3;1;1
202400012286;155 760 126;7;0;2;2;16;2
202400012286;155 760 130;50;0;2;8;7;3
202400012287;155 760 124;1;0;2;0;19;5
202400012287;155 760 125;7;0;2;0;1;1
202400012288;155 760 121;7;0;2;3;1;1
202400012288;155 760 123;10;0;2;3;1;1
202400012289;155 760 118;2;0;2;1;13;1
202400012289;155 760 120;43;0;2;1;1;1
202400012290;155 760 117;33;0;2;8;1;1
202400012290;155 760 122;38;0;2;2;9;1
202400012291;155 760 119;33;0;1;3;1;1
202400012292;155 760 114;30;12;0;2;14;1
202400012293;155 760 115;33;0;2;1;1;1
202400012293;155 760 116;7;0;2;3;15;1
202400012294;155 760 113;7;3;0;8;13;1
202400012295;155 760 111;7;0;2;2;23;2
202400012295;155 760 112;1;0;2;1;1;5
202400012296;155 760 106;7;0;2;1;13;1
202400012296;155 760 109;7;0;2;1;1;3
202400012297;155 760 107;30;0;2;1;1;1
202400012297;155 760 110;7;0;2;4;23;1
202400012298;155 760 105;7;0;0;7;0;1
202400012298;155 760 108;7;0;2;7;0;1
202400012299;155 760 100;7;8;0;1;17;1
202400012300;155 760 098;7;0;2;7;2;1
202400012300;155 760 102;33;0;2;8;15;1
202400012301;155 760 097;32;0;2;0;0;1
202400012301;155 760 099;30;0;2;0;0;1
202400012301;155 760 103;7;0;2;1;25;1
202400012302;155 760 101;10;0;2;2;10;1
202400012302;155 760 104;33;0;2;3;1;1
202400012303;155 760 094;31;14;0;1;1;1
202400012304;155 760 093;7;0;9;0;2;3
202400012304;155 760 096;1;0;2;6;15;5
202400012305;155 760 091;7;0;2;1;21;1
202400012305;155 760 095;7;0;2;3;13;1
202400012306;155 760 086;50;0;2;8;19;3
202400012306;155 760 088;7;0;2;2;1;1
202400012307;155 760 087;10;0;0;6;15;1
202400012307;155 760 089;33;0;0;1;17;1
202400012308;155 760 090;7;0;2;8;15;1
202400012308;155 760 092;34;0;2;7;1;3
202400012309;155 760 082;7;0;1;1;1;1
202400012310;155 760 079;7;0;2;1;14;1
202400012310;155 760 081;10;0;2;1;1;1
202400012310;155 760 083;7;0;2;1;1;1
202400012311;155 760 078;1;0;1;1;0;5
202400012312;155 760 077;33;0;2;1;1;1
202400012312;155 760 080;10;0;2;3;1;1
202400012313;155 760 075;7;16;0;0;1;1
202400012314;155 760 074;7;0;1;1;1;1
202400012315;155 760 073;7;0;2;1;1;1
202400012315;155 760 076;1;0;2;8;0;5
202400012316;155 760 072;40;0;1;7;1;3
202400012317;155 760 069;7;15;0;2;0;1
202400012318;155 760 067;7;0;2;3;20;1
202400012318;155 760 070;7;0;2;2;2;1
202400012319;155 760 066;7;0;1;2;1;2
202400012320;155 760 063;7;0;2;1;1;1
202400012320;155 760 065;37;0;2;1;13;2
202400012321;155 760 060;2;0;0;0;2;1
202400012321;155 760 061;99;0;2;4;2;1
202400012321;155 760 064;7;0;2;2;0;1
202400012322;155 760 059;7;0;2;2;21;1
202400012322;155 760 062;99;0;2;3;15;0
202400012323;155 760 058;1;0;0;1;1;5
202400012324;155 760 056;7;13;0;1;14;1
202400012325;155 760 055;31;0;2;2;17;1
202400012325;155 760 057;7;0;2;3;15;1
202400012326;155 760 054;34;1;1;0;0;1
202400012327;155 760 051;7;0;1;1;16;1
202400012328;155 760 050;31;0;2;3;11;1
202400012328;155 760 052;7;0;2;1;1;1
202400012329;155 760 048;10;0;2;1;2;1
202400012329;155 760 049;7;0;2;4;1;1
202400012330;155 760 046;7;2;0;1;1;1
202400012331;155 760 045;33;0;2;3;1;1
202400012331;155 760 047;7;0;2;2;20;1
202400012332;155 760 041;7;0;1;3;1;1
202400012333;155 760 042;10;0;2;4;23;1
202400012333;155 760 044;37;0;2;1;1;1
202400012333;155 760 053;7;0;2;4;23;2
202400012334;155 760 040;21;0;1;0;15;1
202400012335;155 760 039;7;0;2;1;1;1
202400012335;155 760 043;50;0;2;8;1;3
202400012336;155 760 035;7;0;0;0;0;3
202400012336;155 760 037;14;0;0;0;0;1
202400012336;155 760 038;33;0;0;0;0;1
202400012337;155 760 036;37;0;1;2;7;2
202400012338;155 760 031;7;0;2;8;9;1
202400012338;155 760 032;1;0;0;0;0;5
202400012339;155 760 028;7;0;2;8;1;1
202400012339;155 760 034;7;0;2;1;1;1
202400012340;155 760 026;2;0;2;1;1;1
202400012340;155 760 029;7;0;2;8;15;1
202400012341;155 760 024;80;15;2;5;18;3
202400012341;155 760 027;7;0;2;1;1;2
202400012341;155 760 030;7;0;2;4;23;2
202400012342;155 760 022;7;0;2;3;1;1
202400012342;155 760 025;7;0;2;3;13;1
202400012343;155 760 021;7;2;0;7;1;0
202400012344;155 760 019;7;0;2;1;1;1
202400012344;155 760 023;7;0;2;8;1;1
202400012345;155 760 018;1;0;2;1;1;5
202400012345;155 760 020;1;0;2;1;13;5
202400012346;155 760 017;7;0;1;1;9;1
202400012347;155 760 016;2;0;1;4;4;3
202400012348;155 760 013;37;0;2;0;1;1
202400012348;155 760 015;50;0;2;0;1;3
202400012349;155 760 008;10;0;2;1;17;1
202400012349;155 760 010;10;0;2;1;1;1
202400012350;155 760 007;7;6;2;1;1;1
202400012350;155 760 011;7;0;2;3;13;1
202400012351;155 760 009;33;0;2;1;1;1
202400012351;155 760 012;33;0;2;6;1;1
202400012351;155 760 014;1;0;2;8;15;5
202400012352;155 760 005;7;2;0;1;14;1
202400012353;155 760 001;30;14;0;7;12;1
202400012354;155 760 002;33;0;2;7;17;1
202400012354;155 760 006;7;0;2;3;13;1
202400012355;155 759 999;10;8;0;1;1;1
202400012356;155 759 998;1;0;2;1;2;5
202400012356;155 760 000;1;0;2;4;2;5
202400012356;155 760 003;1;0;2;1;2;5
202400012356;155 760 004;1;0;2;1;2;5
202400012357;155 759 997;2;0;0;0;2;1
202400012358;155 759 995;80;0;2;5;2;3
202400012358;155 759 996;7;0;2;1;2;1
202400012359;155 759 993;7;13;0;0;1;1
202400012360;155 759 994;7;17;0;1;1;1
202400012361;155 759 990;1;0;2;3;1;5
202400012361;155 759 992;10;0;2;2;1;1
202400012362;155 759 989;2;0;2;3;0;1
202400012362;155 759 991;7;0;0;7;1;1
202400012363;155 759 988;7;13;0;3;13;1
202400012364;155 759 987;33;0;0;0;1;1
202400012365;155 759 986;7;2;0;3;0;1
202400012366;155 759 984;7;0;2;3;2;1
202400012366;155 759 985;33;0;2;8;2;1
202400012367;155 759 983;10;3;0;1;1;1
202400012368;155 759 982;7;13;0;2;0;1
202400012369;155 759 980;7;0;2;1;15;1
202400012369;155 759 981;7;0;0;4;15;3
202400012370;155 759 978;7;12;1;2;4;1
202400012371;155 759 976;7;0;9;1;13;1
202400012371;155 759 977;33;0;2;1;26;1
202400012371;155 759 979;33;0;2;1;26;1
202400012372;155 759 975;7;13;0;1;2;1
202400012373;155 759 973;50;0;2;1;0;3