Num_Acc;id_vehicule;catv;obs;obsm;choc;manv;motor
202400014490;155 756 250;7;0;2;3;17;1
202400014490;155 756 253;7;0;2;3;1;2
202400014490;155 756 256;10;0;2;8;1;1
202400014491;155 756 249;33;0;0;0;1;1
202400014492;155 756 248;10;14;0;1;1;1
202400014493;155 756 243;7;0;2;3;0;1
202400014493;155 756 246;17;0;0;3;0;1
202400014494;155 756 247;7;12;0;2;1;1
202400014495;155 756 241;2;0;6;1;0;1
202400014496;155 756 240;7;0;0;7;1;1
202400014497;155 756 237;33;0;6;8;21;1
202400014498;155 756 238;7;0;2;2;20;1
202400014498;155 756 239;1;0;2;1;1;5
202400014499;155 756 236;14;5;0;7;14;1
202400014500;155 756 232;7;0;2;1;1;1
202400014500;155 756 234;7;0;0;6;3;1
202400014501;155 756 230;7;0;2;1;17;1
202400014501;155 756 233;7;0;2;1;1;1
202400014502;155 756 231;30;0;2;1;1;1
202400014502;155 756 235;10;0;2;5;23;1
202400014503;155 756 226;7;0;2;3;1;1
202400014503;155 756 229;15;0;2;3;11;1
202400014504;155 756 224;7;0;2;3;1;1
202400014504;155 756 228;7;0;2;2;1;1
202400014505;155 756 222;7;0;2;1;13;1
202400014505;155 756 223;10;0;2;1;1;1
202400014505;155 756 225;7;2;0;1;21;1
202400014505;155 756 227;7;0;2;1;1;1
202400014506;155 756 220;7;0;0;5;3;1
202400014506;155 756 221;7;4;2;0;0;1
202400014507;155 756 217;1;0;2;3;15;5
202400014507;155 756 218;7;0;2;2;17;1
202400014508;155 756 216;10;14;2;2;1;1
202400014508;155 756 219;7;0;2;3;1;1
202400014509;155 756 215;7;-1;-1;-1;-1;1
202400014510;155 756 213;7;0;2;7;9;1
202400014510;155 756 214;33;0;2;1;7;1
202400014511;155 756 208;7;0;2;1;1;1
202400014511;155 756 210;7;0;2;4;1;1
202400014511;155 756 212;7;0;0;4;1;1
202400014512;155 756 209;7;0;2;1;1;1
202400014512;155 756 211;7;0;2;1;21;1
202400014513;155 756 206;7;0;2;3;1;1
202400014513;155 756 207;80;0;2;3;1;3
202400014514;155 756 204;7;2;0;1;19;1
202400014515;155 756 203;7;4;0;6;2;1
202400014515;155 756 205;7;0;2;2;11;1
202400014516;155 756 199;7;0;2;3;13;1
202400014516;155 756 201;7;0;2;3;1;1
202400014517;155 756 196;7;0;0;1;2;1
202400014517;155 756 198;7;0;0;4;2;1
202400014518;155 756 195;32;0;0;0;23;1
202400014518;155 756 197;7;0;2;1;1;1
202400014518;155 756 200;7;0;0;4;23;1
202400014518;155 756 202;7;0;2;4;23;1
202400014519;155 756 194;7;3;0;1;14;1
202400014520;155 756 193;10;0;1;2;1;1
202400014521;155 756 192;7;0;1;1;16;2
202400014522;155 756 191;7;8;0;2;1;1
202400014523;155 756 189;7;0;0;4;0;1
202400014523;155 756 190;7;0;2;1;0;1
202400014524;155 756 186;7;0;9;1;1;1
202400014524;155 756 188;1;0;2;8;19;5
202400014525;155 756 185;7;0;2;3;1;1
202400014525;155 756 187;7;0;2;8;15;1
202400014526;155 756 182;32;0;2;3;1;1
202400014526;155 756 183;32;0;2;3;1;1
202400014527;155 756 178;7;0;0;4;1;1
202400014527;155 756 180;7;0;2;1;1;1
202400014527;155 756 184;7;0;2;3;1;1
202400014528;155 756 177;7;0;2;1;1;1
202400014528;155 756 181;1;0;2;4;1;5
202400014529;155 756 176;7;0;2;1;9;1
202400014529;155 756 179;33;7;0;8;1;1
202400014530;155 756 175;7;13;0;1;1;1
202400014531;155 756 174;7;13;0;0;0;1
202400014532;155 756 173;7;0;1;2;2;1
202400014533;155 756 171;38;0;2;1;1;1
202400014533;155 756 172;33;0;2;1;0;1
202400014534;155 756 169;10;0;2;1;11;1
202400014534;155 756 170;7;0;2;1;1;2
202400014535;155 756 166;7;0;2;7;12;1
202400014535;155 756 168;33;0;2;3;3;1
202400014536;155 756 164;7;0;2;3;1;1
202400014536;155 756 167;32;0;2;1;13;1
202400014537;155 756 165;2;0;0;0;13;1
202400014538;155 756 162;7;0;2;1;1;2
202400014539;155 756 160;7;0;2;2;21;1
202400014539;155 756 161;2;0;2;4;15;1
202400014540;155 756 163;7;4;0;3;13;1
202400014541;155 756 157;7;0;2;1;16;1
202400014541;155 756 159;7;0;2;3;0;1
202400014542;155 756 154;7;0;2;1;1;1
202400014542;155 756 155;7;0;2;1;1;1
202400014542;155 756 158;7;0;2;1;1;1
202400014543;155 756 152;7;0;2;3;1;1
202400014543;155 756 153;3;0;2;2;1;1
202400014544;155 756 151;7;0;2;5;1;1
202400014544;155 756 156;7;0;2;3;12;2
202400014545;155 756 148;37;0;1;3;1;3
202400014546;155 756 146;10;0;2;3;1;1
202400014546;155 756 149;3;0;2;1;13;1
202400014547;155 756 147;1;0;2;1;1;5
202400014547;155 756 150;3;0;2;2;15;1
202400014548;155 756 145;80;0;0;0;1;3
202400014549;155 756 144;7;0;1;2;1;2
202400014550;155 756 143;7;0;1;3;5;1
202400014551;155 756 140;7;0;0;7;1;1
202400014551;155 756 142;31;0;2;1;1;1
202400014552;155 756 139;7;0;1;7;26;1
202400014553;155 756 138;7;14;0;4;23;3
202400014553;155 756 141;14;14;2;1;1;1
202400014554;155 756 134;33;0;2;8;3;1
202400014554;155 756 137;7;0;2;7;12;1
202400014555;155 756 132;7;0;2;1;15;1
202400014555;155 756 135;33;1;0;8;1;1
202400014555;155 756 136;7;0;2;3;23;1
202400014556;155 756 130;1;0;2;1;1;5
202400014556;155 756 131;1;0;2;1;17;5
202400014556;155 756 133;1;0;2;4;1;5
202400014557;155 756 128;7;0;2;1;2;1
202400014557;155 756 129;7;0;2;1;2;1
202400014558;155 756 126;30;0;2;2;17;0
202400014559;155 756 123;7;0;2;4;2;1
202400014559;155 756 125;7;0;2;7;14;1
202400014560;155 756 122;7;0;2;2;1;1
202400014560;155 756 124;1;0;2;4;2;5
202400014561;155 756 120;10;4;0;8;1;1
202400014562;155 756 121;50;0;1;1;5;3
202400014563;155 756 118;2;3;0;1;1;1
202400014563;155 756 119;7;0;0;3;1;1
202400014564;155 756 117;3;4;0;1;1;3
202400014565;155 756 115;7;0;2;8;10;1
202400014565;155 756 116;33;0;2;1;1;1
202400014566;155 756 114;33;4;0;1;0;1
202400014567;155 756 113;7;0;1;1;1;1
202400014568;155 756 112;10;0;1;2;1;0
202400014569;155 756 109;7;0;2;9;1;1
202400014569;155 756 111;7;0;2;7;18;-1
202400014570;155 756 108;7;0;2;1;5;1
202400014570;155 756 110;7;0;2;1;1;1
202400014571;155 756 107;7;0;1;1;1;2
202400014572;155 756 102;7;0;2;1;1;1
202400014572;155 756 104;7;0;2;5;1;1
202400014572;155 756 106;7;0;2;1;1;1
202400014573;155 756 101;1;0;2;2;12;5
202400014573;155 756 103;50;0;2;1;1;3
202400014574;155 756 099;7;4;0;3;21;1
202400014575;155 756 098;7;0;2;1;2;1
202400014575;155 756 100;7;0;2;4;2;2
202400014576;155 756 095;43;0;2;8;13;1
202400014576;155 756 097;7;0;2;7;1;1
202400014577;155 756 096;10;0;1;1;1;1
202400014578;155 756 092;7;0;2;4;2;0
202400014578;155 756 093;7;0;2;1;2;1
202400014578;155 756 094;7;0;2;4;2;1
202400014579;155 756 089;10;0;2;1;2;1
202400014579;155 756 091;7;0;2;4;2;1
202400014580;155 756 087;7;0;2;4;23;3
202400014580;155 756 090;7;0;2;1;1;0
202400014581;155 756 086;7;0;2;1;5;1
202400014581;155 756 088;7;0;2;1;1;1
202400014582;155 756 085;2;16;0;1;0;1
202400014583;155 756 084;7;13;0;1;1;1
202400014584;155 756 083;40;0;1;3;1;3
202400014585;155 756 081;2;0;2;2;3;1
202400014585;155 756 082;7;0;2;3;2;1
202400014586;155 756 079;7;0;2;1;21;1
202400014586;155 756 080;7;0;2;5;23;1
202400014587;155 756 078;33;13;0;1;16;1
202400014588;155 756 076;7;0;2;5;15;1
202400014588;155 756 077;33;0;2;1;1;1
202400014589;155 756 075;1;0;0;1;1;5
202400014590;155 756 074;7;4;0;1;12;1
202400014591;155 756 073;37;0;1;7;1;1
202400014592;155 756 070;7;0;2;1;2;1
202400014592;155 756 071;7;0;2;4;2;1
202400014592;155 756 072;7;0;2;4;2;1
202400014593;155 756 068;7;0;1;1;14;1
202400014594;155 756 065;10;16;0;2;15;2
202400014594;155 756 066;33;0;2;1;1;1
202400014595;155 756 064;7;0;2;3;1;1
202400014595;155 756 067;7;0;2;5;1;1
202400014595;155 756 069;7;0;2;3;1;1
202400014596;155 756 062;33;13;0;1;1;1
202400014597;155 756 063;7;0;1;0;19;0
202400014598;155 756 060;31;0;2;7;1;1
202400014598;155 756 061;7;0;2;1;15;1
202400014599;155 756 057;1;0;2;8;9;5
202400014599;155 756 059;30;0;2;1;26;1
202400014600;155 756 055;7;6;0;1;1;1
202400014601;155 756 054;7;0;2;6;17;1
202400014601;155 756 056;43;0;2;1;1;1
202400014601;155 756 058;37;0;2;3;23;2
202400014602;155 756 051;30;0;2;1;1;1
202400014602;155 756 053;7;0;2;7;19;1
202400014603;155 756 050;32;0;2;1;1;1
202400014603;155 756 052;7;0;2;7;1;1
202400014604;155 756 049;1;14;0;0;0;5
202400014605;155 756 047;7;2;1;1;15;1
202400014606;155 756 046;7;0;2;6;9;1
202400014606;155 756 048;10;0;2;1;1;1
202400014607;155 756 043;7;0;0;3;15;1
202400014607;155 756 045;1;0;2;1;1;5
202400014608;155 756 042;7;12;2;3;5;1
202400014608;155 756 044;34;0;2;3;1;1
202400014609;155 756 041;7;12;0;1;1;1
202400014610;155 756 038;7;0;2;1;1;1
202400014610;155 756 040;10;0;2;4;2;1
202400014611;155 756 037;7;0;2;2;9;1
202400014611;155 756 039;7;0;2;7;1;1
202400014612;155 756 035;7;0;2;8;2;1
202400014612;155 756 036;7;0;2;1;11;1
202400014613;155 756 034;7;8;1;1;26;1
202400014614;155 756 032;50;0;2;1;1;3
202400014614;155 756 033;7;0;2;1;1;1
202400014615;155 756 031;10;0;1;2;5;0
202400014616;155 756 028;7;1;0;8;1;1
202400014617;155 756 027;7;0;1;2;26;1
202400014618;155 756 026;80;0;1;1;1;3
202400014619;155 756 025;0;0;1;1;1;0
202400014620;155 756 023;7;0;1;6;20;1
202400014621;155 756 022;32;0;2;1;0;1
202400014621;155 756 024;7;0;2;2;15;1
202400014622;155 756 020;10;0;2;2;1;3
202400014622;155 756 021;50;0;2;7;19;3
202400014623;155 756 019;7;1;0;2;1;3
202400014624;155 756 018;33;14;0;1;0;1
202400014625;155 756 015;17;0;2;1;1;1
202400014625;155 756 016;7;0;2;8;1;1
202400014626;155 756 014;7;0;2;7;1;1
202400014626;155 756 017;7;0;2;1;2;1
202400014627;155 756 013;1;0;0;9;1;5
202400014628;155 756 012;7;13;0;1;14;1
202400014629;155 756 011;30;1;5;1;21;1
202400014630;155 756 010;7;0;1;2;2;1
202400014631;155 756 008;14;0;2;1;1;1
202400014631;155 756 009;7;0;2;1;5;1
202400014632;155 756 006;80;0;2;1;19;3
202400014632;155 756 007;7;0;2;1;16;1
202400014633;155 756 004;13;0;2;3;15;1
202400014633;155 756 005;7;0;2;7;1;1
202400014634;155 756 002;7;0;2;7;1;1
202400014634;155 756 003;50;0;2;1;2;3
202400014635;155 756 001;7;9;0;1;1;1
202400014636;155 755 999;7;0;2;1;1;1
202400014636;155 756 000;1;0;2;0;19;5
202400014637;155 755 998;7;2;0;2;1;1
202400014638;155 755 997;7;0;1;3;1;1
202400014639;155 755 993;7;0;0;6;1;3
202400014639;155 755 994;7;0;2;2;1;1
202400014639;155 755 995;7;0;0;8;11;1
202400014640;155 755 992;40;0;1;5;1;0
202400014641;155 755 990;10;0;2;8;22;1
202400014641;155 755 991;1;1;0;1;1;5
202400014642;155 755 988;7;0;2;2;18;1
202400014642;155 755 989;31;0;2;3;0;1
202400014643;155 755 986;32;0;2;1;17;1
202400014643;155 755 987;7;0;2;3;1;1
202400014644;155 755 984;7;0;2;1;0;0
202400014644;155 755 985;34;0;2;4;12;1
202400014645;155 755 982;32;0;2;0;1;1
202400014645;155 755 983;1;0;2;0;15;5
202400014646;155 755 979;7;9;2;4;24;2
202400014646;155 755 980;7;0;2;1;13;1
202400014646;155 755 981;7;1;2;6;1;1
202400014647;155 755 978;33;14;0;1;1;1
202400014648;155 755 974;7;0;2;4;2;1
202400014648;155 755 975;10;0;2;2;23;1
202400014648;155 755 976;7;0;2;1;1;1
202400014648;155 755 977;7;0;2;4;2;1
202400014649;155 755 973;7;12;0;1;15;1
202400014650;155 755 972;50;11;0;0;0;3
202400014651;155 755 970;80;0;2;7;1;3
202400014651;155 755 971;3;0;2;1;1;1
202400014652;155 755 968;7;0;2;1;21;1
202400014652;155 755 969;7;0;2;1;15;1
202400014653;155 755 966;7;0;2;3;15;1
202400014653;155 755 967;7;0;2;2;15;1
202400014654;155 755 965;7;2;0;9;1;1
202400014655;155 755 963;7;0;2;1;1;1
202400014655;155 755 964;7;0;2;4;1;1
202400014656;155 755 961;10;0;2;3;13;1
202400014656;155 755 962;7;0;2;3;1;1
202400014657;155 755 960;7;12;0;2;14;1
202400014658;155 755 959;10;0;1;1;1;1
202400014659;155 755 958;7;12;1;2;1;1
202400014660;155 755 956;7;0;2;5;12;0
202400014660;155 755 957;33;0;2;3;1;1
202400014661;155 755 954;33;0;2;8;1;1
202400014661;155 755 955;7;0;2;7;12;1
202400014662;155 755 953;32;0;1;1;19;3
202400014663;155 755 951;7;0;9;1;26;1
202400014663;155 755 952;50;0;2;1;19;3
202400014664;155 755 949;1;0;2;8;1;5
202400014664;155 755 950;37;0;2;7;1;2
202400014665;155 755 948;7;0;1;2;1;1
202400014666;155 755 946;7;0;2;3;13;1
202400014666;155 755 947;7;0;2;7;1;2
202400014667;155 755 944;34;0;2;3;1;1
202400014667;155 755 945;10;0;2;2;26;1
202400014668;155 755 943;50;12;0;1;13;3
202400014669;155 755 941;7;0;2;1;23;0
202400014669;155 755 942;50;0;2;7;2;3
202400014670;155 755 938;7;4;2;3;17;1
202400014670;155 755 939;7;0;2;2;1;1
202400014670;155 755 940;7;0;2;6;1;2
202400014671;155 755 936;7;0;2;0;0;0
202400014671;155 755 937;1;0;2;0;0;5
202400014672;155 755 932;7;0;2;2;0;1
202400014672;155 755 933;7;0;2;3;0;1
202400014672;155 755 934;33;0;2;6;9;1
202400014672;155 755 935;33;0;2;1;1;1
202400014673;155 755 930;37;0;2;4;0;1
202400014673;155 755 931;7;0;2;1;1;1
202400014674;155 755 928;7;0;2;6;15;2
202400014674;155 755 929;7;0;2;3;2;1
202400014675;155 755 927;7;0;1;1;1;1
202400014676;155 755 925;50;0;2;1;5;3
202400014676;155 755 926;10;0;9;7;2;0
202400014677;155 755 924;7;0;1;1;1;1
202400014678;155 755 922;7;0;2;2;16;0
202400014678;155 755 923;1;0;2;3;1;5
202400014679;155 755 921;30;0;0;0;2;1
202400014680;155 755 920;7;0;2;7;1;2
202400014681;155 755 918;7;0;2;0;26;0
202400014681;155 755 919;1;0;2;0;0;5
202400014682;155 755 916;7;0;2;1;1;1
202400014682;155 755 917;30;0;2;7;9;1
202400014683;155 755 915;33;0;0;1;0;1
202400014684;155 755 913;7;0;2;2;13;1
202400014684;155 755 914;17;0;2;2;21;1
202400014685;155 755 911;7;0;2;2;1;1
202400014685;155 755 912;7;16;2;3;9;1
202400014686;155 755 909;7;0;2;6;15;1
202400014686;155 755 910;33;0;2;2;1;1
202400014687;155 755 907;30;9;0;1;14;1
202400014688;155 755 903;80;0;2;3;0;3
202400014688;155 755 905;7;0;2;2;15;1
202400014689;155 755 902;7;0;2;1;2;1
202400014689;155 755 904;7;0;0;4;2;1
202400014689;155 755 906;7;0;0;4;2;1
202400014689;155 755 908;7;0;2;2;2;1
202400014690;155 755 900;1;0;2;2;10;5
202400014690;155 755 901;30;0;2;2;1;1
202400014691;155 755 899;31;0;0;9;1;1
202400014692;155 755 897;1;0;9;4;15;5
202400014692;155 755 898;50;0;9;1;1;3
202400014693;155 755 896;33;0;0;1;1;1
202400014694;155 755 895;34;0;0;1;1;1
202400014695;155 755 894;43;0;0;9;13;1
202400014696;155 755 892;7;0;2;8;9;1
202400014696;155 755 893;7;0;2;7;2;-1
202400014697;155 755 889;7;0;2;3;1;1
202400014697;155 755 891;7;14;2;3;13;1
202400014698;155 755 888;50;0;2;1;1;3
202400014698;155 755 890;7;0;2;8;15;1
202400014699;155 755 886;7;0;9;3;13;1
202400014699;155 755 887;1;0;2;1;1;5
202400014700;155 755 884;7;0;2;1;1;1
202400014700;155 755 885;1;0;2;7;19;5
202400014701;155 755 882;7;7;0;2;14;1
202400014702;155 755 881;7;0;2;8;11;1
202400014702;155 755 883;2;0;2;0;1;1
202400014703;155 755 880;7;1;0;4;26;2
202400014704;155 755 879;7;0;0;1;2;1
202400014705;155 755 876;31;0;2;2;5;1
202400014705;155 755 877;7;0;2;1;1;1
202400014706;155 755 875;10;0;2;3;1;1
202400014706;155 755 878;50;0;2;1;1;3
202400014707;155 755 873;7;0;1;2;1;1
202400014708;155 755 872;99;0;2;3;0;6
202400014708;155 755 874;1;0;2;0;0;5
202400014709;155 755 870;50;0;2;1;1;3
202400014709;155 755 871;7;0;2;3;1;1
202400014710;155 755 869;7;2;0;5;14;1
202400014711;155 755 868;15;0;1;1;0;1
202400014712;155 755 866;50;0;2;8;1;3
202400014712;155 755 867;7;0;2;1;1;1
202400014713;155 755 865;7;0;1;3;17;1
202400014714;155 755 864;7;0;1;2;1;1
202400014715;155 755 862;7;13;0;1;1;1
202400014716;155 755 861;7;0;2;2;16;1
202400014716;155 755 863;37;0;2;3;1;1
202400014717;155 755 860;36;0;0;7;15;1
202400014718;155 755 858;7;0;2;8;15;1
202400014718;155 755 859;50;0;2;1;5;3
202400014719;155 755 857;7;0;0;0;0;2
202400014720;155 755 855;10;0;2;3;19;1
202400014720;155 755 856;7;0;2;3;1;1
202400014721;155 755 853;33;0;2;8;9;1
202400014721;155 755 854;7;0;2;3;1;1
202400014722;155 755 850;33;0;0;0;0;1
202400014723;155 755 849;7;0;2;7;1;1
202400014723;155 755 851;7;0;2;7;1;1
202400014723;155 755 852;7;0;2;3;1;1
202400014724;155 755 847;30;0;2;1;2;1
202400014724;155 755 848;7;0;2;4;1;1
202400014725;155 755 846;1;0;1;2;21;5
202400014726;155 755 845;32;0;1;0;26;0
202400014727;155 755 844;32;6;0;9;1;1
202400014728;155 755 842;7;0;2;8;15;1
202400014728;155 755 843;33;0;2;1;17;1
202400014729;155 755 840;2;0;2;1;3;3
202400014729;155 755 841;7;0;2;3;15;1
202400014730;155 755 838;14;0;2;7;16;1
202400014730;155 755 839;1;0;2;8;1;5
202400014731;155 755 837;50;0;1;3;16;3
202400014732;155 755 835;1;0;2;7;19;5
202400014732;155 755 836;7;0;2;2;1;1
202400014733;155 755 833;33;0;2;1;1;1
202400014733;155 755 834;7;0;2;3;15;1
202400014734;155 755 831;10;0;2;3;15;1
202400014734;155 755 832;33;0;2;1;1;1
202400014735;155 755 827;30;0;2;1;18;1
202400014735;155 755 828;10;0;2;3;15;1
202400014736;155 755 825;7;0;2;6;15;1
202400014736;155 755 826;7;0;2;0;0;1
202400014737;155 755 823;7;1;2;1;1;1
202400014737;155 755 824;7;1;2;7;15;2
202400014738;155 755 821;60;0;2;1;19;5
202400014738;155 755 822;7;0;9;2;1;2
202400014739;155 755 819;7;0;2;7;15;1
202400014739;155 755 820;30;0;2;2;1;1
202400014740;155 755 818;7;0;1;0;1;1
202400014741;155 755 816;0;0;2;0;0;0
202400014741;155 755 817;7;0;2;1;1;1
202400014742;155 755 815;7;0;1;1;1;1
202400014743;155 755 813;33;0;2;1;17;1
202400014743;155 755 814;7;0;2;1;15;1
202400014744;155 755 811;10;1;0;4;20;1
202400014744;155 755 812;7;0;2;0;24;1
202400014745;155 755 809;50;0;2;7;1;3
202400014745;155 755 810;7;0;2;1;1;2
202400014746;155 755 807;7;0;2;2;1;1
202400014746;155 755 808;7;0;2;1;9;1
202400014747;155 755 805;33;0;2;5;16;1
202400014747;155 755 806;7;0;2;3;16;2
202400014748;155 755 803;34;0;2;7;1;3
202400014748;155 755 804;7;0;2;3;20;1
202400014749;155 755 801;7;0;2;4;1;1
202400014749;155 755 802;10;0;2;1;1;1
202400014750;155 755 799;7;0;2;3;1;1
202400014750;155 755 800;10;0;2;1;15;1
202400014751;155 755 797;33;0;2;3;3;1
202400014751;155 755 798;10;0;0;3;2;1
202400014752;155 755 795;31;0;2;1;3;1
202400014752;155 755 796;7;0;2;6;11;1
202400014753;155 755 792;33;2;0;7;2;1
202400014753;155 755 793;7;2;0;1;2;1
202400014753;155 755 794;7;2;0;4;2;2
202400014754;155 755 790;10;0;2;2;1;1
202400014754;155 755 791;7;0;2;3;1;1
202400014755;155 755 789;7;0;1;3;1;2
202400014756;155 755 788;31;0;0;7;1;1
202400014757;155 755 786;33;0;2;7;1;1
202400014757;155 755 787;7;0;2;7;26;1
202400014758;155 755 785;99;0;1;1;25;3
202400014759;155 755 783;7;0;2;1;2;1
202400014759;155 755 784;7;0;2;7;15;1
202400014760;155 755 781;10;0;2;3;1;1
202400014760;155 755 782;10;0;2;1;5;1
202400014761;155 755 779;50;0;2;4;15;3
202400014761;155 755 780;80;0;2;4;1;3
202400014762;155 755 777;7;0;2;4;2;2
202400014762;155 755 778;7;0;2;1;2;2
202400014763;155 755 774;33;0;2;4;1;1
202400014763;155 755 775;7;0;2;4;1;1
202400014763;155 755 776;7;0;2;1;1;3
202400014764;155 755 772;7;0;2;1;1;1
202400014764;155 755 773;7;0;2;4;1;2
202400014765;155 755 771;80;11;0;8;11;3
202400014766;155 755 769;50;0;2;8;1;3
202400014766;155 755 770;7;0;2;1;15;2
202400014767;155 755 768;80;0;0;2;2;3
202400014768;155 755 766;7;0;2;2;16;1
202400014768;155 755 767;32;0;2;1;18;1
202400014769;155 755 765;7;0;1;2;17;1
202400014770;155 755 764;7;1;0;2;14;1
202400014771;155 755 761;7;0;2;1;1;1
202400014771;155 755 762;7;0;2;4;1;2
202400014771;155 755 763;10;0;2;4;1;1
202400014772;155 755 759;7;0;2;1;2;1
202400014772;155 755 760;7;0;2;4;23;1
202400014773;155 755 757;7;0;2;2;21;1
202400014773;155 755 758;7;0;2;6;16;1
202400014774;155 755 756;7;0;1;3;1;1
202400014775;155 755 754;7;0;2;1;1;1
202400014775;155 755 755;7;0;2;4;2;1
202400014776;155 755 753;7;1;0;1;16;1
202400014777;155 755 752;7;0;1;1;2;1
202400014778;155 755 750;7;0;2;0;0;1
202400014778;155 755 751;50;0;2;1;21;3
202400014779;155 755 749;14;0;1;3;19;1
202400014780;155 755 748;31;0;1;1;21;3
202400014781;155 755 746;10;0;2;4;19;1
202400014781;155 755 747;10;0;2;4;1;1
202400014782;155 755 745;50;0;0;0;1;3
202400014783;155 755 743;1;0;2;1;2;5
202400014783;155 755 744;10;0;2;0;9;1
202400014784;155 755 741;7;16;2;3;19;1
202400014784;155 755 742;30;0;2;1;0;3
202400014785;155 755 740;30;0;0;7;16;1
202400014786;155 755 738;7;0;2;2;1;1
202400014786;155 755 739;33;0;2;1;1;1
202400014787;155 755 736;30;0;2;1;1;1
202400014787;155 755 737;7;0;2;6;16;1
202400014788;155 755 734;7;0;2;7;19;1
202400014788;155 755 735;33;0;2;1;1;1
202400014789;155 755 733;7;15;0;1;1;1
202400014790;155 755 732;33;9;0;1;1;1
202400014791;155 755 731;38;13;0;2;1;1
202400014792;155 755 729;33;0;2;1;1;1
202400014792;155 755 730;7;0;2;3;19;1
202400014793;155 755 728;7;13;0;2;13;1
202400014794;155 755 726;7;6;2;8;13;1
202400014794;155 755 727;7;0;2;1;1;1
202400014795;155 755 723;7;0;2;1;17;1
202400014795;155 755 724;7;0;2;4;1;1
202400014795;155 755 725;7;0;2;4;1;1
202400014796;155 755 721;7;0;2;3;1;1
202400014796;155 755 722;7;0;2;3;13;1
202400014797;155 755 719;80;0;2;8;1;3
202400014797;155 755 720;7;0;2;7;17;1
202400014798;155 755 717;1;0;2;1;1;5
202400014798;155 755 718;7;0;2;2;1;2
202400014799;155 755 716;7;15;0;1;0;1
202400014800;155 755 714;7;0;0;8;16;1
202400014800;155 755 715;7;0;2;1;1;1
202400014801;155 755 712;7;0;0;3;15;1
202400014801;155 755 713;36;0;2;2;17;1
202400014802;155 755 710;7;0;2;2;1;1
202400014802;155 755 711;1;0;0;8;0;5
202400014803;155 755 708;33;0;2;3;13;1
202400014803;155 755 709;15;0;2;3;1;1
202400014804;155 755 707;7;2;0;2;1;1
202400014805;155 755 706;7;3;0;3;13;1
202400014806;155 755 704;7;0;2;3;13;1
202400014806;155 755 705;15;0;2;3;1;1
202400014807;155 755 701;7;0;2;1;21;1
202400014807;155 755 702;7;0;2;8;15;1
202400014807;155 755 703;7;0;2;8;1;1
202400014808;155 755 700;33;0;0;9;1;1
202400014809;155 755 699;33;3;0;8;0;1
202400014810;155 755 698;10;13;0;2;0;1
202400014811;155 755 696;2;14;2;1;1;1
202400014811;155 755 697;7;0;2;2;12;1
202400014812;155 755 693;14;0;1;8;1;1
202400014813;155 755 691;7;0;2;3;19;1
202400014813;155 755 692;17;0;2;1;1;1
202400014814;155 755 689;33;0;2;1;17;1
202400014814;155 755 690;7;0;2;3;15;1
202400014815;155 755 687;7;0;2;1;19;1
202400014815;155 755 688;7;0;2;3;1;1
202400014816;155 755 685;30;0;2;9;2;1
202400014816;155 755 686;7;0;2;7;14;2
202400014817;155 755 683;2;0;2;1;13;1
202400014817;155 755 684;14;0;2;3;1;1
202400014818;155 755 681;7;0;2;1;13;1
202400014818;155 755 682;7;0;2;1;1;1
202400014819;155 755 679;2;0;2;7;17;1
202400014819;155 755 680;7;0;2;3;15;1
202400014820;155 755 677;7;0;1;2;1;1
202400014821;155 755 675;1;0;2;1;5;5
202400014821;155 755 676;2;0;9;1;1;1
202400014822;155 755 673;10;0;2;1;15;1
202400014822;155 755 674;33;0;0;7;1;1
202400014823;155 755 672;32;12;0;7;1;1
202400014824;155 755 669;7;0;2;1;13;1
202400014824;155 755 670;7;0;2;3;1;1
202400014824;155 755 671;7;0;2;8;1;1
202400014825;155 755 668;50;0;0;0;1;3
202400014826;155 755 666;2;0;0;7;15;1
202400014826;155 755 667;7;0;0;1;1;1
202400014827;155 755 664;33;5;2;1;1;1
202400014827;155 755 665;10;0;2;3;15;1
202400014828;155 755 663;7;2;0;8;13;1
202400014829;155 755 662;7;2;0;1;2;1
202400014830;155 755 661;7;13;0;2;2;2
202400014831;155 755 659;7;0;2;8;2;1
202400014831;155 755 660;2;0;2;7;2;1
202400014832;155 755 658;7;13;0;1;1;1
202400014833;155 755 657;7;0;1;2;16;1
202400014834;155 755 656;2;0;1;1;17;1
202400014835;155 755 655;7;3;0;9;26;1
202400014836;155 755 653;7;0;2;6;11;1
202400014836;155 755 654;33;0;2;1;3;1
202400014837;155 755 651;7;0;2;5;23;1
202400014837;155 755 652;33;0;2;8;3;1
202400014838;155 755 649;10;0;2;1;2;1
202400014838;155 755 650;7;0;2;4;2;2
202400014839;155 755 647;10;0;2;7;1;1
202400014839;155 755 648;31;0;2;8;11;1
202400014840;155 755 644;7;0;2;4;2;1
202400014840;155 755 645;10;0;2;4;2;1
202400014840;155 755 646;15;0;0;0;0;0
202400014841;155 755 642;7;0;2;1;1;1
202400014841;155 755 643;15;0;2;4;1;1
202400014842;155 755 640;33;0;2;2;1;1
202400014842;155 755 641;10;0;2;6;2;1
202400014843;155 755 636;10;0;2;0;1;1
202400014843;155 755 637;10;0;2;0;0;1