Num_Acc;id_vehicule;catv;obs;obsm;choc;manv;motor
202400014843;155 755 638;7;0;2;0;0;1
202400014843;155 755 639;7;0;2;0;0;1
202400014844;155 755 635;7;4;0;8;1;2
202400014845;155 755 630;7;0;2;4;1;1
202400014845;155 755 631;7;0;2;1;1;1
202400014845;155 755 632;7;0;2;1;2;1
202400014845;155 755 633;7;0;2;1;21;0
202400014846;155 755 628;10;0;2;1;2;1
202400014846;155 755 629;7;0;2;4;2;1
202400014847;155 755 625;7;0;2;0;0;1
202400014847;155 755 626;7;0;2;4;2;1
202400014847;155 755 627;33;0;2;1;1;1
202400014848;155 755 623;7;4;2;5;12;1
202400014848;155 755 624;33;4;2;1;3;1
202400014849;155 755 622;7;4;0;1;26;1
202400014850;155 755 620;7;0;2;1;26;1
202400014850;155 755 621;7;0;2;4;26;1
202400014851;155 755 619;7;4;0;1;15;1
202400014852;155 755 618;7;4;0;3;1;1
202400014853;155 755 616;33;0;2;7;3;1
202400014853;155 755 617;7;0;2;3;11;1
202400014854;155 755 613;7;0;2;4;0;1
202400014854;155 755 614;33;0;2;1;3;1
202400014854;155 755 615;7;0;2;0;0;1
202400014855;155 755 611;32;0;2;1;3;1
202400014855;155 755 612;7;0;2;4;11;1
202400014856;155 755 609;31;0;2;0;0;1
202400014856;155 755 610;7;0;2;0;0;1
202400014857;155 755 608;7;0;1;0;1;1
202400014858;155 755 606;7;0;2;0;1;1
202400014858;155 755 607;60;0;2;0;19;5
202400014859;155 755 604;7;0;2;6;11;1
202400014859;155 755 605;7;0;2;2;1;1
202400014860;155 755 602;7;0;2;7;16;2
202400014860;155 755 603;33;0;2;8;18;1
202400014861;155 755 600;1;0;2;1;26;5
202400014861;155 755 601;1;0;2;0;0;5
202400014862;155 755 598;7;13;2;3;0;1
202400014862;155 755 599;7;0;2;3;0;1
202400014863;155 755 596;7;0;2;6;17;1
202400014863;155 755 597;34;0;2;7;1;1
202400014864;155 755 595;7;0;1;2;0;1
202400014865;155 755 593;7;0;2;3;15;1
202400014865;155 755 594;2;0;2;7;5;1
202400014866;155 755 591;50;0;2;1;1;3
202400014866;155 755 592;7;0;2;5;23;1
202400014867;155 755 589;7;0;2;2;2;1
202400014867;155 755 590;7;0;2;8;2;1
202400014868;155 755 587;50;0;0;0;2;3
202400014868;155 755 588;7;0;0;0;1;1
202400014869;155 755 586;7;0;1;3;2;1
202400014870;155 755 584;7;0;2;1;1;1
202400014870;155 755 585;7;0;2;4;2;1
202400014871;155 755 582;7;0;2;1;15;1
202400014871;155 755 583;7;0;2;3;1;1
202400014872;155 755 581;7;0;1;1;1;1
202400014873;155 755 579;1;0;2;6;21;0
202400014873;155 755 580;7;0;2;5;1;1
202400014874;155 755 578;7;0;2;2;1;1
202400014875;155 755 576;14;0;0;0;15;1
202400014875;155 755 577;33;0;0;9;2;1
202400014876;155 755 574;7;0;1;1;26;1
202400014877;155 755 573;7;0;2;1;1;1
202400014877;155 755 575;7;0;2;1;1;1
202400014878;155 755 570;33;0;2;0;21;1
202400014878;155 755 572;7;0;2;6;1;1
202400014879;155 755 569;50;0;2;1;1;3
202400014879;155 755 571;1;0;2;1;1;5
202400014880;155 755 566;99;0;2;1;26;3
202400014880;155 755 568;10;0;2;8;26;1
202400014881;155 755 564;10;15;0;0;1;0
202400014882;155 755 562;7;0;1;1;16;1
202400014883;155 755 557;7;0;2;1;1;1
202400014883;155 755 559;7;0;2;7;1;1
202400014884;155 755 558;7;0;2;2;9;2
202400014884;155 755 560;50;0;2;7;15;3
202400014885;155 755 555;7;0;2;1;2;1
202400014885;155 755 556;50;0;2;8;13;3
202400014886;155 755 554;7;7;0;1;1;1
202400014887;155 755 553;50;12;0;7;1;3
202400014888;155 755 550;10;0;2;2;20;1
202400014888;155 755 552;43;0;2;1;1;1
202400014889;155 755 549;7;12;2;1;1;1
202400014889;155 755 551;7;9;2;1;5;1
202400014890;155 755 545;31;0;2;7;17;1
202400014890;155 755 547;7;0;2;8;13;1
202400014891;155 755 546;50;0;2;1;11;3
202400014891;155 755 548;7;0;2;3;15;1
202400014892;155 755 544;7;9;0;1;1;1
202400014893;155 755 540;7;0;2;7;15;1
202400014893;155 755 543;2;0;2;1;1;1
202400014894;155 755 541;34;0;2;1;1;1
202400014894;155 755 542;10;0;2;1;15;1
202400014895;155 755 539;7;0;1;1;1;1
202400014896;155 755 535;30;0;2;1;2;1
202400014896;155 755 537;7;0;2;4;2;1
202400014897;155 755 536;7;0;2;1;1;3
202400014897;155 755 538;30;0;2;1;15;3
202400014898;155 755 532;7;0;2;3;9;1
202400014898;155 755 534;31;0;2;2;1;1
202400014899;155 755 533;30;0;0;7;1;3
202400014900;155 755 530;1;0;2;1;2;5
202400014900;155 755 531;7;0;2;4;2;1
202400014901;155 755 527;7;0;2;1;15;1
202400014901;155 755 529;7;0;2;6;0;1
202400014902;155 755 526;10;0;2;1;9;1
202400014902;155 755 528;2;0;2;2;1;1
202400014903;155 755 525;7;1;0;3;1;1
202400014904;155 755 524;7;0;1;7;1;1
202400014905;155 755 522;37;0;2;1;1;1
202400014905;155 755 523;7;9;2;3;1;1
202400014906;155 755 519;10;0;2;7;0;0
202400014906;155 755 520;10;0;2;1;0;0
202400014907;155 755 518;7;14;1;2;1;1
202400014908;155 755 516;50;0;2;1;19;3
202400014908;155 755 517;7;0;2;3;1;1
202400014909;155 755 514;33;0;2;1;1;1
202400014909;155 755 515;7;0;2;2;15;1
202400014910;155 755 512;7;0;2;1;26;1
202400014910;155 755 513;7;0;0;4;26;1
202400014911;155 755 510;7;14;0;1;1;2
202400014911;155 755 511;7;0;2;6;9;1
202400014912;155 755 508;7;0;2;2;15;1
202400014912;155 755 509;34;0;2;1;1;1
202400014913;155 755 506;38;8;2;2;26;1
202400014914;155 755 505;2;0;1;1;17;1
202400014915;155 755 504;0;0;1;4;26;0
202400014916;155 755 507;7;0;1;2;10;1
202400014917;155 755 502;1;0;2;7;1;5
202400014917;155 755 503;7;0;2;1;15;1
202400014918;155 755 501;7;0;1;8;26;0
202400014919;155 755 500;7;0;0;9;2;1
202400014920;155 755 497;10;1;2;1;1;1
202400014921;155 755 496;10;0;2;1;2;1
202400014921;155 755 498;7;0;2;4;1;1
202400014921;155 755 499;7;0;2;4;2;1
202400014922;155 755 494;7;0;2;8;11;1
202400014922;155 755 495;33;0;2;1;3;1
202400014923;155 755 492;50;0;2;1;0;3
202400014923;155 755 493;1;0;2;0;0;5
202400014924;155 755 490;7;0;2;2;15;1
202400014924;155 755 491;43;0;2;1;1;1
202400014925;155 755 488;7;0;2;7;24;2
202400014925;155 755 489;1;0;2;1;1;5
202400014926;155 755 487;7;0;1;1;1;2
202400014927;155 755 486;7;0;1;8;1;1
202400014928;155 755 484;7;0;2;1;1;1
202400014928;155 755 485;31;0;2;4;23;1
202400014929;155 755 482;2;0;2;1;15;1
202400014929;155 755 483;10;0;2;2;1;1
202400014930;155 755 481;1;0;1;1;1;5
202400014931;155 755 479;7;0;0;2;19;2
202400014931;155 755 480;31;0;0;3;19;3
202400014932;155 755 477;10;0;2;3;1;1
202400014932;155 755 478;30;0;2;1;1;1
202400014933;155 755 475;33;0;2;6;1;1
202400014933;155 755 476;7;0;2;1;11;1
202400014934;155 755 473;10;0;2;7;15;1
202400014934;155 755 474;2;0;2;1;1;1
202400014935;155 755 471;10;0;2;3;13;1
202400014935;155 755 472;32;0;2;7;1;1
202400014936;155 755 469;33;0;2;1;1;1
202400014936;155 755 470;7;0;2;3;15;1
202400014937;155 755 467;37;0;2;6;8;0
202400014937;155 755 468;37;0;2;3;21;0
202400014938;155 755 465;50;0;2;8;1;3
202400014938;155 755 466;10;0;2;7;16;1
202400014939;155 755 463;50;0;2;8;0;3
202400014939;155 755 464;37;0;2;3;15;2
202400014940;155 755 461;7;0;2;3;15;1
202400014940;155 755 462;43;0;2;7;3;1
202400014941;155 755 460;7;15;0;1;1;3
202400014942;155 755 458;7;0;2;7;26;1
202400014942;155 755 459;7;0;2;1;26;1
202400014943;155 755 457;43;0;1;1;1;1
202400014944;155 755 455;7;0;9;3;22;1
202400014944;155 755 456;1;1;0;1;22;5
202400014945;155 755 453;50;16;0;0;0;3
202400014945;155 755 454;7;0;9;1;11;1
202400014946;155 755 450;31;0;2;7;26;3
202400014946;155 755 451;10;0;2;3;1;1
202400014946;155 755 452;7;0;0;8;1;1
202400014947;155 755 449;7;8;0;1;1;1
202400014948;155 755 447;7;0;2;3;1;2
202400014948;155 755 448;7;0;2;2;1;1
202400014949;155 755 445;7;0;2;3;9;1
202400014949;155 755 446;10;0;2;7;1;1
202400014950;155 755 443;10;0;2;3;1;1
202400014950;155 755 444;10;3;2;3;1;1
202400014951;155 755 441;15;0;2;1;1;1
202400014951;155 755 442;7;0;2;7;13;1
202400014952;155 755 440;33;0;0;2;1;1
202400014953;155 755 438;15;0;0;3;1;0
202400014953;155 755 439;7;0;1;1;1;2
202400014954;155 755 436;7;0;2;6;11;1
202400014954;155 755 437;33;3;2;7;1;1
202400014955;155 755 434;7;0;2;3;1;1
202400014955;155 755 435;33;0;2;1;13;1
202400014956;155 755 433;7;0;0;9;14;1
202400014957;155 755 429;7;0;2;4;2;1
202400014957;155 755 430;7;0;2;1;17;1
202400014958;155 755 428;14;0;1;0;1;1
202400014959;155 755 427;7;2;0;2;14;1
202400014960;155 755 426;1;0;0;0;1;5
202400014961;155 755 424;7;8;1;8;23;1
202400014961;155 755 425;7;1;2;2;1;2
202400014962;155 755 423;7;2;0;1;14;1
202400014963;155 755 421;7;0;0;2;15;1
202400014963;155 755 422;1;0;0;3;1;5
202400014964;155 755 419;7;0;2;1;1;1
202400014964;155 755 420;7;0;2;3;1;3
202400014965;155 755 418;10;13;0;3;13;1
202400014966;155 755 416;80;0;2;1;1;3
202400014966;155 755 417;7;0;2;8;9;2
202400014967;155 755 415;7;0;1;0;0;1
202400014968;155 755 414;10;2;0;1;2;1
202400014969;155 755 412;2;0;2;1;17;1
202400014969;155 755 413;7;0;2;3;1;1
202400014970;155 755 410;7;7;2;1;1;1
202400014970;155 755 411;7;0;2;6;1;1
202400014971;155 755 408;2;0;2;1;17;1
202400014971;155 755 409;7;0;2;3;1;1
202400014972;155 755 406;15;0;0;4;1;1
202400014972;155 755 407;10;3;2;1;17;1
202400014973;155 755 404;17;1;0;2;1;1
202400014973;155 755 405;15;0;0;4;23;1
202400014974;155 755 403;7;0;1;1;1;1
202400014975;155 755 401;7;0;2;3;9;1
202400014975;155 755 402;1;0;2;5;15;5
202400014976;155 755 400;7;0;1;3;16;1
202400014977;155 755 398;7;0;2;1;15;1
202400014977;155 755 399;3;0;0;5;26;1
202400014978;155 755 396;7;0;2;7;17;1
202400014978;155 755 397;10;0;2;3;15;1
202400014979;155 755 395;7;8;0;2;13;1
202400014980;155 755 394;7;15;0;1;14;1
202400014981;155 755 392;7;0;2;1;19;1
202400014981;155 755 393;30;0;2;8;1;3
202400014982;155 755 391;36;13;0;1;0;1
202400014983;155 755 390;7;0;1;2;25;1
202400014984;155 755 388;7;2;2;3;9;1
202400014984;155 755 389;10;0;2;1;1;1
202400014985;155 755 387;7;16;0;1;1;1
202400014986;155 755 385;1;1;0;1;1;5
202400014986;155 755 386;38;0;0;5;23;1
202400014987;155 755 384;10;0;1;5;20;1
202400014988;155 755 380;10;0;2;6;1;0
202400014988;155 755 381;7;3;2;9;0;2
202400014988;155 755 382;7;0;2;6;1;1
202400014988;155 755 383;7;0;2;7;1;1
202400014989;155 755 379;10;0;1;2;1;1
202400014990;155 755 378;7;4;0;3;1;1
202400014991;155 755 377;7;0;1;2;1;2
202400014992;155 755 375;15;0;2;3;1;1
202400014992;155 755 376;3;0;2;1;13;1
202400014993;155 755 373;10;0;2;2;10;1
202400014993;155 755 374;7;0;0;3;1;1
202400014994;155 755 370;33;0;2;1;1;1
202400014994;155 755 371;7;0;2;9;1;1
202400014994;155 755 372;7;0;2;2;1;1
202400014995;155 755 367;10;0;2;4;2;1
202400014995;155 755 368;10;0;2;1;2;1
202400014995;155 755 369;7;0;2;4;2;1
202400014996;155 755 364;7;0;2;1;2;1
202400014996;155 755 365;7;0;2;1;2;1
202400014996;155 755 366;7;0;2;4;1;1
202400014997;155 755 362;7;0;0;6;11;1
202400014997;155 755 363;33;0;0;1;3;1
202400014998;155 755 360;15;0;2;1;2;1
202400014998;155 755 361;7;0;2;4;1;1
202400014999;155 755 358;7;0;2;5;2;0
202400014999;155 755 359;7;0;2;3;2;0
202400015000;155 755 356;10;0;2;2;1;1
202400015000;155 755 357;7;0;2;6;1;1
202400015001;155 755 355;99;4;0;1;6;1
202400015002;155 755 353;10;14;0;1;26;1
202400015002;155 755 354;7;0;9;2;26;1
202400015003;155 755 351;7;0;2;2;16;1
202400015003;155 755 352;50;0;2;3;1;3
202400015004;155 755 350;1;0;0;7;1;5
202400015005;155 755 349;7;0;1;3;20;1
202400015006;155 755 348;7;0;1;0;15;1
202400015007;155 755 347;7;0;1;1;19;0
202400015008;155 755 345;7;0;2;3;15;1
202400015008;155 755 346;30;0;2;1;13;1
202400015009;155 755 341;7;0;0;0;1;1
202400015009;155 755 342;2;0;2;0;15;1
202400015009;155 755 343;2;0;0;0;15;1
202400015009;155 755 344;2;0;0;0;1;1
202400015010;155 755 339;7;0;2;6;17;1
202400015010;155 755 340;7;0;2;1;1;1
202400015011;155 755 338;7;0;9;3;1;1
202400015012;155 755 336;10;0;2;8;15;1
202400015012;155 755 337;2;0;2;1;16;1
202400015013;155 755 335;7;0;0;1;1;1
202400015014;155 755 333;7;0;2;8;1;1
202400015014;155 755 334;7;0;2;3;5;1
202400015015;155 755 331;7;14;0;2;5;1
202400015015;155 755 332;7;14;0;1;15;1
202400015016;155 755 329;7;0;2;3;15;1
202400015016;155 755 330;31;0;2;1;2;1
202400015017;155 755 327;7;0;2;4;1;1
202400015017;155 755 328;31;0;2;9;2;1
202400015018;155 755 325;7;0;2;1;1;1
202400015018;155 755 326;7;0;2;1;1;2
202400015019;155 755 323;7;0;2;1;1;1
202400015019;155 755 324;7;0;2;4;1;1
202400015020;155 755 321;50;0;9;1;2;3
202400015020;155 755 322;50;0;9;1;1;3
202400015021;155 755 319;30;0;2;1;1;1
202400015021;155 755 320;7;0;2;7;15;1
202400015022;155 755 318;7;2;0;3;13;1
202400015023;155 755 317;7;8;1;0;1;2
202400015024;155 755 315;50;0;2;1;1;3
202400015024;155 755 316;7;0;2;3;1;1
202400015025;155 755 313;30;0;2;1;1;1
202400015025;155 755 314;10;0;2;5;15;1
202400015026;155 755 311;7;0;2;3;10;1
202400015026;155 755 312;32;0;2;1;17;1
202400015027;155 755 309;80;0;2;1;2;3
202400015027;155 755 310;7;0;2;4;23;1
202400015028;155 755 307;3;0;2;1;13;1
202400015028;155 755 308;7;0;2;3;1;1
202400015029;155 755 304;7;0;2;4;23;1
202400015029;155 755 305;7;0;2;1;2;1
202400015029;155 755 306;7;0;2;5;23;2
202400015030;155 755 302;7;0;9;1;1;0
202400015030;155 755 303;50;0;2;1;15;3
202400015031;155 755 300;50;0;2;1;25;3
202400015031;155 755 301;7;0;9;3;1;1
202400015032;155 755 298;1;0;2;8;15;5
202400015032;155 755 299;7;0;2;7;1;1
202400015033;155 755 297;35;1;0;2;1;1
202400015034;155 755 296;7;0;1;1;1;1
202400015035;155 755 294;13;0;2;5;16;-1
202400015035;155 755 295;7;0;2;2;26;1
202400015036;155 755 292;7;0;2;6;16;1
202400015036;155 755 293;33;0;2;1;2;1
202400015037;155 755 290;33;0;2;1;1;1
202400015037;155 755 291;7;0;2;8;9;1
202400015038;155 755 289;7;0;1;3;1;1
202400015039;155 755 288;7;0;1;1;1;1
202400015040;155 755 287;7;1;0;1;1;1
202400015041;155 755 286;7;0;1;4;26;1
202400015042;155 755 285;7;0;0;9;1;1
202400015043;155 755 284;7;0;1;3;1;1
202400015044;155 755 282;7;0;2;2;15;1
202400015044;155 755 283;30;0;2;1;2;1
202400015045;155 755 280;30;0;2;1;0;1
202400015045;155 755 281;7;0;2;1;1;1
202400015046;155 755 279;7;13;0;2;14;1
202400015047;155 755 277;7;0;2;8;9;1
202400015047;155 755 278;7;0;2;1;1;1
202400015048;155 755 274;7;0;9;3;1;1
202400015048;155 755 275;1;0;2;7;1;5
202400015049;155 755 272;7;0;1;2;1;1
202400015049;155 755 273;38;0;1;8;1;1
202400015050;155 755 270;32;0;2;1;17;0
202400015050;155 755 271;10;0;2;3;10;0
202400015051;155 755 269;7;0;1;3;1;1
202400015052;155 755 267;7;0;2;4;21;1
202400015052;155 755 268;7;0;2;1;1;1
202400015053;155 755 266;7;0;2;0;14;1
202400015054;155 755 264;10;0;2;6;1;1
202400015054;155 755 265;33;0;2;7;11;1
202400015055;155 755 263;1;0;0;1;1;5
202400015056;155 755 261;7;0;2;4;23;2
202400015056;155 755 262;30;0;2;1;2;1
202400015057;155 755 259;7;0;2;4;23;2
202400015057;155 755 260;30;0;2;1;2;1
202400015058;155 755 257;1;0;2;1;1;5
202400015058;155 755 258;80;0;2;4;1;5
202400015059;155 755 254;7;1;0;6;24;1
202400015059;155 755 255;33;0;2;1;2;1
202400015059;155 755 256;7;1;0;7;2;1
202400015060;155 755 252;50;0;2;8;1;3
202400015060;155 755 253;7;0;2;2;15;2
202400015061;155 755 251;37;0;1;3;1;1
202400015062;155 755 249;33;9;2;7;2;1
202400015062;155 755 250;7;9;2;8;15;1
202400015063;155 755 246;10;0;1;6;15;1
202400015064;155 755 244;50;0;2;1;1;3
202400015064;155 755 245;7;0;2;3;1;2
202400015065;155 755 242;7;0;2;8;0;0
202400015065;155 755 243;80;0;2;7;0;3
202400015066;155 755 241;33;0;0;0;0;1
202400015067;155 755 240;1;5;0;1;26;5
202400015068;155 755 239;1;0;0;0;1;5
202400015069;155 755 238;7;4;0;1;1;1
202400015070;155 755 235;34;12;2;4;9;1
202400015070;155 755 236;7;0;2;3;1;1
202400015070;155 755 237;7;0;2;1;21;1
202400015071;155 755 232;7;0;2;1;1;1
202400015071;155 755 233;7;0;2;4;23;1
202400015071;155 755 234;32;0;2;4;1;1
202400015072;155 755 231;7;0;1;1;1;1
202400015073;155 755 229;7;0;2;2;15;1
202400015073;155 755 230;30;0;2;3;1;1
202400015074;155 755 228;34;1;1;1;2;1
202400015075;155 755 227;32;8;0;0;0;1
202400015076;155 755 225;10;0;2;5;21;1
202400015076;155 755 226;7;0;2;1;0;1
202400015077;155 755 221;7;0;2;1;15;1
202400015077;155 755 222;32;0;2;8;1;1
202400015078;155 755 220;50;0;1;1;1;3
202400015079;155 755 218;2;0;0;0;0;0
202400015079;155 755 219;7;0;0;2;15;1
202400015080;155 755 216;7;0;2;2;12;1
202400015080;155 755 217;33;0;2;3;1;1
202400015081;155 755 215;7;0;1;3;0;0
202400015082;155 755 213;1;1;2;2;26;5
202400015082;155 755 214;10;1;2;3;22;3
202400015083;155 755 211;7;0;2;2;8;1
202400015083;155 755 212;7;0;2;3;9;1
202400015084;155 755 207;1;0;0;8;1;5
202400015084;155 755 209;7;0;2;2;16;1
202400015085;155 755 206;7;0;2;0;24;1
202400015085;155 755 208;14;0;2;5;2;1
202400015085;155 755 210;50;0;2;0;21;3
202400015086;155 755 203;2;0;2;1;1;1
202400015086;155 755 205;7;0;2;4;0;1
202400015087;155 755 201;7;0;2;6;0;1
202400015087;155 755 202;33;0;2;2;0;1
202400015088;155 755 200;38;0;2;2;19;1
202400015088;155 755 204;7;0;2;3;1;2
202400015089;155 755 199;7;0;1;1;1;1
202400015090;155 755 196;7;0;2;2;14;1
202400015090;155 755 198;15;0;0;6;1;1
202400015091;155 755 195;2;12;0;5;15;1
202400015091;155 755 197;32;0;2;7;1;1
202400015092;155 755 193;32;0;0;1;1;1
202400015093;155 755 192;7;7;0;3;1;1
202400015093;155 755 194;7;7;2;3;15;1
202400015094;155 755 190;33;0;2;1;13;1
202400015094;155 755 191;7;0;2;3;1;1
202400015095;155 755 189;7;0;1;1;1;3
202400015096;155 755 187;7;0;2;5;1;1
202400015096;155 755 188;7;4;2;2;9;1
202400015097;155 755 185;7;0;2;1;13;1
202400015097;155 755 186;15;0;2;3;1;1
202400015098;155 755 184;1;5;1;1;21;5
202400015099;155 755 181;60;0;2;8;18;5
202400015099;155 755 183;14;0;2;7;16;1
202400015100;155 755 180;10;0;2;8;15;1
202400015100;155 755 182;7;0;2;1;1;1
202400015101;155 755 178;31;0;2;6;15;1
202400015101;155 755 179;2;0;2;1;2;-1
202400015102;155 755 176;33;0;2;1;18;1
202400015102;155 755 177;1;0;2;8;9;5
202400015103;155 755 175;7;13;0;1;1;1
202400015104;155 755 172;7;0;2;3;20;3
202400015104;155 755 174;32;0;2;5;3;1
202400015105;155 755 173;33;0;0;7;1;1
202400015106;155 755 169;30;0;2;3;17;1
202400015106;155 755 171;1;0;2;1;1;5
202400015107;155 755 168;7;0;2;0;17;1
202400015107;155 755 170;7;0;2;0;2;1
202400015108;155 755 167;1;0;9;0;1;5
202400015109;155 755 166;7;0;1;3;15;1
202400015110;155 755 165;80;0;1;7;1;3
202400015111;155 755 164;50;0;0;1;21;3
202400015112;155 755 163;7;0;1;1;1;1
202400015113;155 755 162;10;0;1;2;1;1
202400015114;155 755 160;7;0;2;2;14;0
202400015114;155 755 161;33;0;2;3;1;1
202400015115;155 755 158;7;0;2;5;24;1
202400015115;155 755 159;1;1;0;1;1;5
202400015116;155 755 156;33;0;2;1;2;1
202400015116;155 755 157;31;0;2;4;2;1
202400015117;155 755 154;43;0;2;2;2;1
202400015117;155 755 155;38;0;2;3;11;1
202400015118;155 755 152;7;0;2;5;7;1
202400015118;155 755 153;43;0;2;1;1;1
202400015119;155 755 151;10;8;0;1;14;1
202400015120;155 755 149;10;0;2;2;14;1
202400015120;155 755 150;33;0;2;3;1;1
202400015121;155 755 146;60;8;0;1;21;5
202400015122;155 755 144;7;0;2;4;1;1
202400015122;155 755 145;7;0;2;1;1;0
202400015122;155 755 147;7;0;2;4;1;1
202400015122;155 755 148;31;0;2;4;3;1
202400015123;155 755 143;7;1;0;1;15;1
202400015124;155 755 139;10;0;2;2;1;1
202400015124;155 755 141;31;0;2;8;3;1
202400015124;155 755 142;7;0;0;6;11;1
202400015125;155 755 138;7;3;0;3;23;1
202400015125;155 755 140;7;0;0;2;0;0
202400015126;155 755 135;80;0;2;7;1;3
202400015126;155 755 137;33;0;2;1;1;1
202400015127;155 755 134;1;0;2;1;1;5
202400015127;155 755 136;7;0;2;4;4;1
202400015128;155 755 132;10;0;1;3;1;1
202400015129;155 755 133;10;0;1;0;0;0
202400015130;155 755 129;10;0;2;8;9;0
202400015130;155 755 131;1;0;2;8;9;5
202400015131;155 755 128;7;0;2;7;24;1
202400015131;155 755 130;7;0;1;3;1;1
202400015132;155 755 127;30;0;1;1;1;0
202400015133;155 755 126;10;0;1;0;20;1
202400015134;155 755 125;43;0;1;1;1;1
202400015135;155 755 123;7;0;2;3;13;1
202400015135;155 755 124;7;0;2;3;1;1
202400015136;155 755 122;7;12;1;1;21;1
202400015137;155 755 119;33;0;2;1;1;1
202400015137;155 755 120;7;0;2;7;20;2
202400015138;155 755 118;34;0;2;1;1;1
202400015138;155 755 121;7;0;2;3;21;1
202400015139;155 755 116;30;0;2;1;17;1
202400015139;155 755 117;7;0;2;6;2;1
202400015140;155 755 114;7;0;2;3;0;1
202400015140;155 755 115;7;0;2;2;1;1
202400015141;155 755 113;13;0;1;7;1;0
202400015142;155 755 111;1;0;2;0;0;5
202400015142;155 755 112;10;0;0;0;0;0
202400015143;155 755 108;30;0;2;1;1;3
202400015143;155 755 110;10;0;2;4;23;1
202400015144;155 755 107;7;0;2;3;1;1
202400015144;155 755 109;7;0;2;6;1;1
202400015145;155 755 105;43;0;2;1;21;1
202400015145;155 755 106;2;0;0;4;23;3
202400015146;155 755 103;7;12;0;1;9;2
202400015146;155 755 104;50;9;2;1;12;3
202400015147;155 755 101;33;0;2;7;10;1
202400015147;155 755 102;1;0;2;8;1;5
202400015148;155 755 097;80;0;2;2;1;3
202400015148;155 755 099;7;0;2;1;1;2
202400015149;155 755 098;1;0;2;1;2;5
202400015149;155 755 100;7;0;2;4;23;2
202400015150;155 755 095;10;0;1;1;5;1
202400015151;155 755 094;1;0;2;3;2;5
202400015151;155 755 096;50;0;2;3;11;3
202400015152;155 755 091;7;0;2;7;17;1
202400015152;155 755 092;32;0;2;8;1;1
202400015153;155 755 090;32;0;2;8;1;1
202400015153;155 755 093;7;0;2;1;1;1
202400015154;155 755 087;33;0;2;7;0;1
202400015154;155 755 089;43;0;2;7;1;1
202400015155;155 755 086;7;0;9;7;17;1
202400015155;155 755 088;60;0;2;8;0;5
202400015156;155 755 083;50;0;1;1;1;3
202400015157;155 755 084;33;0;2;1;1;1
202400015157;155 755 085;7;0;2;2;20;1
202400015158;155 755 082;50;0;1;1;5;3
202400015159;155 755 080;2;0;2;8;2;3
202400015159;155 755 081;80;0;0;3;2;3
202400015160;155 755 077;7;0;2;4;23;1
202400015160;155 755 078;7;0;2;1;1;1
202400015161;155 755 076;7;0;2;3;1;2
202400015161;155 755 079;1;0;2;1;1;5
202400015162;155 755 075;7;0;1;3;1;3
202400015163;155 755 073;21;0;2;3;9;1
202400015163;155 755 074;30;0;2;1;1;3
202400015164;155 755 072;33;0;0;0;26;1
202400015165;155 755 071;7;2;0;2;1;2
202400015166;155 755 069;7;0;2;1;1;1
202400015166;155 755 070;7;0;2;7;1;1
202400015167;155 755 068;7;0;1;1;1;1
202400015168;155 755 065;7;0;2;1;2;2
202400015168;155 755 067;7;0;2;4;2;1
202400015169;155 755 064;1;0;2;1;21;5
202400015169;155 755 066;14;0;2;7;1;1
202400015170;155 755 062;7;0;1;2;1;2
202400015171;155 755 061;10;0;2;3;1;1
202400015171;155 755 063;33;0;2;2;1;1
202400015172;155 755 059;50;0;2;7;1;3
202400015172;155 755 060;7;0;2;3;24;2
202400015173;155 755 057;17;0;2;3;13;1
202400015173;155 755 058;7;0;2;3;1;1
202400015174;155 755 054;43;0;2;8;3;1
202400015174;155 755 056;7;0;2;2;9;1
202400015175;155 755 053;7;0;0;6;6;3
202400015175;155 755 055;1;0;2;1;6;5
202400015176;155 755 050;50;0;2;1;25;3
202400015176;155 755 052;7;0;2;3;26;3
202400015177;155 755 049;2;0;0;0;17;1
202400015177;155 755 051;7;14;0;0;15;2
202400015178;155 755 047;7;0;2;3;15;1
202400015178;155 755 048;30;0;2;2;1;1
202400015179;155 755 045;10;0;2;7;15;1
202400015179;155 755 046;1;0;2;1;1;5
202400015180;155 755 043;7;2;0;2;1;1
202400015181;155 755 042;7;0;2;1;1;1
202400015181;155 755 044;32;0;2;4;1;1
202400015182;155 755 040;7;0;2;6;17;1
202400015182;155 755 041;7;0;2;2;17;1
202400015183;155 755 038;7;0;2;1;0;1
202400015183;155 755 039;3;0;2;4;1;1
202400015184;155 755 036;3;0;0;4;1;1
202400015184;155 755 037;7;3;2;2;1;1
202400015185;155 755 034;60;0;2;4;19;5
202400015185;155 755 035;7;0;2;4;20;1
202400015186;155 755 031;7;0;2;3;1;1
202400015186;155 755 033;31;0;2;3;1;1
202400015187;155 755 030;14;0;2;7;16;1
202400015187;155 755 032;1;0;2;0;1;5
202400015188;155 755 027;7;0;2;3;1;1
202400015188;155 755 029;7;0;2;3;1;1
202400015189;155 755 026;15;0;2;1;16;1
202400015189;155 755 028;7;0;2;8;16;1
202400015190;155 755 025;33;4;0;7;14;1