Num_Acc;id_vehicule;catv;obs;obsm;choc;manv;motor
202400016957;155 751 914;33;7;0;7;6;1
202400016958;155 751 913;7;8;0;1;1;1
202400016959;155 751 911;2;0;2;1;1;1
202400016959;155 751 912;21;0;2;3;1;1
202400016960;155 751 909;50;0;2;1;15;3
202400016960;155 751 910;7;0;9;1;1;1
202400016961;155 751 908;10;13;0;1;17;1
202400016962;155 751 906;31;16;0;1;1;1
202400016963;155 751 905;7;13;0;1;1;1
202400016964;155 751 904;7;8;0;1;1;3
202400016965;155 751 902;7;0;2;3;26;1
202400016965;155 751 903;33;0;2;5;1;1
202400016966;155 751 901;33;8;0;7;1;1
202400016967;155 751 898;7;0;0;6;2;1
202400016967;155 751 899;7;0;2;2;17;1
202400016967;155 751 900;7;0;2;6;2;1
202400016968;155 751 896;7;0;0;2;9;1
202400016968;155 751 897;34;0;2;1;1;1
202400016969;155 751 895;33;0;0;0;1;1
202400016970;155 751 894;7;2;0;1;14;1
202400016971;155 751 893;7;0;0;1;1;1
202400016972;155 751 891;2;0;2;1;1;1
202400016972;155 751 892;7;0;2;8;17;2
202400016973;155 751 889;7;0;2;3;13;1
202400016973;155 751 890;7;0;2;3;1;1
202400016974;155 751 888;1;0;0;0;1;5
202400016975;155 751 886;33;0;2;1;13;1
202400016975;155 751 887;7;0;2;3;1;1
202400016976;155 751 884;7;0;2;2;15;1
202400016976;155 751 885;2;0;2;1;1;1
202400016977;155 751 883;7;2;0;1;14;1
202400016978;155 751 882;7;0;0;2;1;1
202400016979;155 751 881;7;0;1;1;17;2
202400016980;155 751 879;99;0;2;1;1;1
202400016980;155 751 880;43;0;2;1;5;1
202400016981;155 751 878;2;13;0;0;0;1
202400016982;155 751 876;30;0;2;5;26;0
202400016982;155 751 877;32;0;2;3;26;1
202400016983;155 751 874;7;0;2;6;19;1
202400016983;155 751 875;32;0;2;1;17;1
202400016984;155 751 872;7;0;0;4;2;1
202400016984;155 751 873;7;0;2;1;2;2
202400016985;155 751 870;7;0;2;1;2;1
202400016985;155 751 871;7;0;2;4;2;1
202400016986;155 751 868;7;3;0;9;0;1
202400016986;155 751 869;7;0;2;3;0;1
202400016987;155 751 866;33;0;2;5;1;1
202400016987;155 751 867;7;0;2;2;15;1
202400016988;155 751 864;7;0;2;4;1;3
202400016988;155 751 865;7;0;2;1;1;1
202400016989;155 751 862;7;3;2;2;17;1
202400016989;155 751 863;7;3;2;3;1;2
202400016990;155 751 860;7;0;2;1;1;1
202400016990;155 751 861;7;3;2;1;1;1
202400016991;155 751 858;7;2;0;1;1;1
202400016991;155 751 859;7;2;2;1;17;1
202400016992;155 751 857;7;9;0;1;15;1
202400016993;155 751 856;7;0;1;0;17;1
202400016994;155 751 854;7;0;9;1;1;1
202400016994;155 751 855;80;0;2;7;1;3
202400016995;155 751 852;7;0;2;1;2;1
202400016995;155 751 853;7;0;2;4;2;1
202400016996;155 751 850;7;0;2;3;13;1
202400016996;155 751 851;7;0;2;3;1;1
202400016997;155 751 848;7;0;1;6;1;1
202400016997;155 751 849;7;0;0;6;23;1
202400016998;155 751 846;7;0;9;0;0;0
202400016998;155 751 847;1;0;0;4;1;5
202400016999;155 751 845;50;0;0;1;0;3
202400017000;155 751 843;7;0;2;1;13;1
202400017000;155 751 844;7;0;2;2;1;1
202400017001;155 751 841;7;13;2;1;16;1
202400017001;155 751 842;7;0;2;0;17;0
202400017002;155 751 839;7;0;2;9;1;1
202400017002;155 751 840;7;0;2;1;1;1
202400017003;155 751 838;2;7;0;8;5;1
202400017004;155 751 836;33;0;0;1;1;1
202400017004;155 751 837;7;0;2;1;15;1
202400017005;155 751 834;1;0;2;8;2;5
202400017005;155 751 835;7;0;2;1;17;1
202400017006;155 751 833;1;0;1;1;1;5
202400017007;155 751 831;7;0;2;1;2;1
202400017007;155 751 832;7;0;2;4;2;1
202400017008;155 751 829;7;0;2;7;1;1
202400017008;155 751 830;7;0;2;8;13;1
202400017009;155 751 827;7;0;2;2;1;1
202400017009;155 751 828;7;0;2;8;11;1
202400017010;155 751 826;33;4;0;2;1;1
202400017011;155 751 825;7;0;5;1;1;1
202400017012;155 751 822;7;0;0;9;1;1
202400017012;155 751 823;7;0;0;4;1;1
202400017012;155 751 824;7;0;2;8;11;1
202400017013;155 751 819;7;0;2;9;1;1
202400017013;155 751 820;7;0;2;4;1;1
202400017013;155 751 821;7;0;2;1;1;1
202400017014;155 751 816;7;0;2;4;1;2
202400017014;155 751 817;7;0;2;4;1;1
202400017014;155 751 818;10;0;2;1;12;1
202400017015;155 751 815;7;4;0;1;1;1
202400017016;155 751 813;7;0;2;1;2;1
202400017016;155 751 814;7;0;2;4;2;1
202400017017;155 751 811;7;0;2;2;14;1
202400017017;155 751 812;7;0;2;6;1;1
202400017018;155 751 808;7;0;2;3;1;1
202400017018;155 751 809;7;0;2;1;2;2
202400017018;155 751 810;17;0;2;2;12;1
202400017019;155 751 805;7;0;2;4;1;1
202400017019;155 751 806;7;0;2;1;2;1
202400017019;155 751 807;7;0;2;1;2;0
202400017020;155 751 804;7;4;0;3;1;2
202400017021;155 751 799;7;0;2;8;1;1
202400017021;155 751 800;10;0;2;7;1;1
202400017021;155 751 801;10;0;2;5;1;1
202400017021;155 751 802;7;4;2;9;26;1
202400017021;155 751 803;7;0;2;1;1;2
202400017022;155 751 797;7;0;2;4;1;1
202400017022;155 751 798;33;0;2;1;1;1
202400017023;155 751 795;7;0;2;4;2;1
202400017023;155 751 796;7;0;2;1;2;1
202400017024;155 751 793;7;0;2;4;1;1
202400017024;155 751 794;10;0;2;1;1;1
202400017025;155 751 790;7;0;2;4;1;1
202400017025;155 751 791;7;0;2;4;1;1
202400017025;155 751 792;10;0;2;1;1;1
202400017026;155 751 788;7;0;2;2;2;1
202400017026;155 751 789;7;0;2;6;11;2
202400017027;155 751 786;7;0;2;1;2;1
202400017027;155 751 787;7;0;2;4;2;1
202400017028;155 751 785;7;0;1;1;15;1
202400017029;155 751 783;50;0;2;7;19;3
202400017029;155 751 784;7;0;2;1;1;1
202400017030;155 751 782;7;0;1;1;1;1
202400017031;155 751 780;99;0;2;0;23;1
202400017031;155 751 781;34;1;2;7;16;1
202400017032;155 751 778;10;0;2;2;16;1
202400017032;155 751 779;50;0;2;8;1;3
202400017033;155 751 777;50;0;2;1;13;3
202400017034;155 751 775;32;0;2;7;1;1
202400017034;155 751 776;10;0;2;0;9;0
202400017035;155 751 774;32;0;1;1;1;1
202400017036;155 751 773;1;0;0;1;1;5
202400017037;155 751 772;1;0;0;1;1;5
202400017038;155 751 770;1;0;2;1;26;5
202400017038;155 751 771;7;16;2;1;0;0
202400017039;155 751 769;1;0;1;0;21;5
202400017040;155 751 767;30;0;2;8;1;3
202400017040;155 751 768;7;0;2;1;1;1
202400017041;155 751 765;50;0;2;1;19;3
202400017041;155 751 766;7;0;2;2;9;1
202400017042;155 751 764;31;0;1;2;3;1
202400017043;155 751 763;7;9;0;1;1;1
202400017044;155 751 761;30;0;2;2;1;1
202400017044;155 751 762;10;0;2;1;19;1
202400017045;155 751 760;37;12;2;0;26;2
202400017046;155 751 759;7;0;1;1;1;0
202400017047;155 751 758;7;0;1;1;1;1
202400017048;155 751 756;7;0;2;3;15;1
202400017048;155 751 757;32;0;2;2;2;3
202400017049;155 751 753;7;0;0;0;22;1
202400017049;155 751 755;50;1;0;1;1;3
202400017050;155 751 752;10;0;2;1;1;1
202400017050;155 751 754;7;9;2;5;15;2
202400017051;155 751 751;3;0;1;1;0;1
202400017052;155 751 749;50;0;2;1;2;3
202400017052;155 751 750;7;9;2;0;10;0
202400017053;155 751 748;7;0;1;7;1;1
202400017054;155 751 746;37;0;1;8;26;1
202400017055;155 751 745;10;0;2;0;15;0
202400017055;155 751 747;31;0;2;6;2;1
202400017056;155 751 744;7;13;0;9;13;1
202400017057;155 751 742;7;8;2;8;2;1
202400017057;155 751 743;7;0;2;1;15;1
202400017058;155 751 741;7;0;1;3;0;1
202400017059;155 751 738;7;0;2;3;19;1
202400017059;155 751 740;7;0;2;1;9;1
202400017060;155 751 734;33;0;2;1;1;1
202400017060;155 751 736;7;0;2;7;1;1
202400017061;155 751 733;7;1;0;1;1;1
202400017061;155 751 735;15;0;0;9;1;1
202400017062;155 751 732;7;9;0;1;1;1
202400017063;155 751 730;7;0;2;2;1;1
202400017063;155 751 731;33;0;2;1;15;1
202400017064;155 751 728;32;0;2;1;1;1
202400017064;155 751 729;7;0;2;2;15;1
202400017065;155 751 727;7;0;1;2;0;1
202400017066;155 751 724;7;0;2;1;1;0
202400017066;155 751 726;99;0;2;0;0;0
202400017067;155 751 723;50;0;2;1;5;3
202400017067;155 751 725;7;0;9;1;0;1
202400017068;155 751 720;7;0;2;3;1;1
202400017068;155 751 722;7;0;2;5;15;1
202400017069;155 751 718;10;0;2;6;0;0
202400017070;155 751 716;7;0;2;3;15;0
202400017070;155 751 717;33;0;2;2;17;0
202400017071;155 751 713;30;0;2;7;13;1
202400017071;155 751 715;7;0;2;3;14;1
202400017072;155 751 708;7;0;2;2;20;1
202400017072;155 751 710;2;0;2;0;1;1
202400017073;155 751 709;7;0;2;0;15;2
202400017073;155 751 711;31;0;2;0;1;1
202400017074;155 751 707;7;14;1;1;1;1
202400017075;155 751 705;33;15;0;7;1;1
202400017076;155 751 704;32;4;0;8;1;1
202400017076;155 751 706;30;0;9;1;19;1
202400017077;155 751 702;1;6;2;3;1;5
202400017077;155 751 703;7;0;9;3;15;1
202400017078;155 751 700;33;0;2;7;17;1
202400017078;155 751 701;7;0;2;8;13;1
202400017079;155 751 696;7;0;9;3;16;3
202400017079;155 751 698;1;0;2;1;5;5
202400017080;155 751 695;33;0;6;1;1;1
202400017080;155 751 697;7;0;6;1;14;1
202400017080;155 751 699;7;0;6;1;1;1
202400017081;155 751 694;7;1;0;2;1;1
202400017082;155 751 692;17;0;2;1;1;1
202400017082;155 751 693;7;0;0;4;23;1
202400017083;155 751 689;7;0;2;3;15;1
202400017083;155 751 691;33;0;2;8;7;1
202400017084;155 751 690;7;8;0;1;14;0
202400017085;155 751 686;15;0;0;6;1;1
202400017085;155 751 688;7;0;2;2;14;1
202400017086;155 751 685;33;0;2;1;19;1
202400017086;155 751 687;7;0;0;7;1;1
202400017087;155 751 683;2;0;2;1;5;1
202400017087;155 751 684;7;0;2;3;15;1
202400017088;155 751 681;10;0;2;2;17;0
202400017088;155 751 682;7;0;2;1;1;1
202400017089;155 751 679;7;0;2;1;21;1
202400017089;155 751 680;7;0;2;4;0;3
202400017090;155 751 677;14;0;0;6;0;1
202400017090;155 751 678;10;3;2;2;0;1
202400017091;155 751 673;1;0;0;0;1;5
202400017091;155 751 675;10;0;0;0;16;1
202400017092;155 751 671;17;0;2;9;2;1
202400017092;155 751 672;7;0;2;9;23;1
202400017092;155 751 674;17;0;2;4;2;1
202400017092;155 751 676;7;0;2;1;2;3
202400017093;155 751 670;33;12;0;0;1;1
202400017094;155 751 669;17;3;0;0;1;1
202400017095;155 751 667;7;2;0;2;1;1
202400017095;155 751 668;2;0;2;1;19;1
202400017096;155 751 665;10;0;2;4;1;1
202400017096;155 751 666;33;0;2;1;3;1
202400017097;155 751 664;1;0;0;0;0;5
202400017098;155 751 663;15;13;0;3;17;1
202400017099;155 751 662;43;0;0;0;16;1
202400017100;155 751 661;1;0;1;1;1;5
202400017101;155 751 659;7;0;2;2;0;1
202400017101;155 751 660;7;0;2;6;0;1
202400017102;155 751 658;7;4;0;1;26;2
202400017103;155 751 654;7;0;2;1;1;1
202400017103;155 751 656;7;0;0;2;19;1
202400017103;155 751 657;7;0;0;6;23;1
202400017104;155 751 653;15;0;2;5;1;1
202400017104;155 751 655;10;0;2;3;11;1
202400017105;155 751 652;33;2;0;1;13;1
202400017106;155 751 647;7;0;2;1;1;1
202400017106;155 751 650;14;0;0;4;2;1
202400017107;155 751 648;32;0;2;7;3;1
202400017107;155 751 649;7;0;2;5;1;1
202400017107;155 751 651;10;0;2;3;11;1
202400017108;155 751 643;7;0;2;1;15;1
202400017108;155 751 645;7;0;2;8;1;1
202400017109;155 751 640;17;0;0;4;1;1
202400017109;155 751 642;7;0;2;1;2;1
202400017110;155 751 639;7;0;2;1;13;1
202400017110;155 751 641;10;0;2;1;1;1
202400017111;155 751 634;7;0;2;3;1;1
202400017111;155 751 635;7;0;2;3;1;1
202400017112;155 751 633;3;12;0;1;1;1
202400017113;155 751 631;50;12;0;1;26;3
202400017114;155 751 630;7;0;2;2;1;1
202400017114;155 751 632;2;0;2;2;26;1
202400017115;155 751 627;1;0;2;4;2;5
202400017115;155 751 628;99;0;2;3;2;1
202400017116;155 751 626;2;0;2;1;1;1
202400017116;155 751 629;10;0;2;6;9;1
202400017117;155 751 622;50;0;2;7;1;3
202400017117;155 751 624;7;0;2;3;15;1
202400017118;155 751 623;7;0;2;1;13;1
202400017118;155 751 625;7;0;2;1;1;1
202400017119;155 751 619;7;0;2;3;13;1
202400017119;155 751 620;7;0;2;3;1;1
202400017120;155 751 618;7;0;2;1;19;1
202400017120;155 751 621;50;0;2;8;19;3
202400017121;155 751 615;50;0;2;8;16;3
202400017121;155 751 616;7;0;2;2;15;1
202400017122;155 751 614;7;0;2;3;9;3
202400017122;155 751 617;7;0;2;2;1;1
202400017123;155 751 612;7;0;2;2;15;1
202400017123;155 751 613;33;0;2;7;1;1
202400017124;155 751 611;7;7;0;1;6;3
202400017125;155 751 608;7;0;2;1;2;1
202400017125;155 751 610;7;0;2;4;2;1
202400017126;155 751 607;7;0;2;1;1;1
202400017126;155 751 609;7;0;2;1;13;1
202400017127;155 751 606;7;13;0;3;21;1
202400017128;155 751 605;0;0;1;1;21;0
202400017129;155 751 603;7;0;2;2;13;1
202400017129;155 751 604;7;0;2;2;1;1
202400017130;155 751 601;30;0;2;1;7;1
202400017130;155 751 602;37;0;2;4;7;1
202400017131;155 751 600;33;0;1;1;17;1
202400017132;155 751 599;7;8;1;2;16;1
202400017133;155 751 598;33;0;6;1;1;1
202400017134;155 751 597;7;0;1;0;1;1
202400017135;155 751 594;7;0;2;3;13;1
202400017135;155 751 596;14;0;2;3;1;1
202400017136;155 751 593;1;1;0;1;1;5
202400017136;155 751 595;7;0;2;3;24;1
202400017137;155 751 591;7;0;1;3;1;1
202400017138;155 751 589;7;0;1;1;1;1
202400017139;155 751 587;10;0;2;1;1;0
202400017139;155 751 588;7;0;2;7;1;1
202400017140;155 751 585;60;0;2;1;1;5
202400017140;155 751 586;7;0;2;3;1;3
202400017141;155 751 582;7;0;2;3;13;1
202400017141;155 751 584;7;0;2;3;1;1
202400017142;155 751 581;7;0;2;2;1;1
202400017142;155 751 583;7;0;2;8;9;1
202400017143;155 751 580;21;6;0;3;1;3
202400017144;155 751 579;7;0;1;3;1;1
202400017145;155 751 577;7;0;2;3;1;1
202400017145;155 751 578;7;0;2;3;1;1
202400017146;155 751 576;7;0;1;2;21;1
202400017147;155 751 573;7;0;2;3;9;1
202400017147;155 751 575;2;0;2;2;1;1
202400017148;155 751 572;7;0;2;1;1;1
202400017148;155 751 574;7;0;2;3;1;1
202400017149;155 751 570;10;0;1;2;1;1
202400017150;155 751 569;33;0;2;1;1;1
202400017150;155 751 571;10;0;2;3;19;1
202400017151;155 751 568;7;0;1;1;1;1
202400017152;155 751 565;2;0;2;1;1;1
202400017152;155 751 567;10;0;2;8;9;1
202400017153;155 751 564;7;0;2;1;2;1
202400017153;155 751 566;7;0;0;0;0;1
202400017154;155 751 561;31;0;2;2;1;1
202400017154;155 751 563;7;0;2;3;15;1
202400017155;155 751 560;7;0;2;3;1;1
202400017155;155 751 562;7;0;2;2;15;1
202400017156;155 751 555;7;0;2;1;15;1
202400017156;155 751 556;30;0;2;7;17;1
202400017157;155 751 557;30;0;2;2;15;1
202400017157;155 751 558;7;0;2;2;1;1
202400017157;155 751 559;7;0;2;1;2;1
202400017158;155 751 554;3;0;1;1;16;1
202400017159;155 751 552;7;3;0;1;12;1
202400017159;155 751 553;10;0;0;4;9;1
202400017160;155 751 550;7;0;2;2;9;1
202400017160;155 751 551;37;0;2;3;1;3
202400017161;155 751 548;7;0;2;3;1;6
202400017161;155 751 549;7;0;2;2;1;1
202400017162;155 751 545;7;0;2;3;1;1
202400017162;155 751 547;1;0;2;1;19;5
202400017163;155 751 544;34;0;2;1;0;1
202400017163;155 751 546;7;0;2;4;0;1
202400017164;155 751 541;7;0;2;3;1;1
202400017164;155 751 543;7;0;2;3;1;1
202400017165;155 751 540;17;0;0;6;2;1
202400017165;155 751 542;10;0;2;1;2;1
202400017166;155 751 537;13;0;2;3;1;6
202400017166;155 751 539;7;0;2;3;13;1
202400017167;155 751 536;7;0;2;3;15;2
202400017167;155 751 538;7;0;2;3;1;1
202400017168;155 751 533;33;0;2;1;15;0
202400017168;155 751 535;33;0;2;1;1;1
202400017169;155 751 534;7;0;1;1;1;1
202400017170;155 751 531;33;0;2;3;13;1
202400017170;155 751 532;10;0;2;2;1;1
202400017171;155 751 527;7;0;2;1;13;1
202400017171;155 751 528;7;0;2;1;1;1
202400017172;155 751 526;7;13;0;9;1;1
202400017173;155 751 525;2;0;0;0;1;1
202400017174;155 751 523;7;0;2;3;9;1
202400017174;155 751 524;50;0;2;0;1;3
202400017175;155 751 522;7;2;0;1;0;1
202400017176;155 751 521;7;0;0;9;1;1
202400017177;155 751 519;7;15;0;2;26;2
202400017178;155 751 518;21;0;2;1;1;1
202400017178;155 751 520;7;0;2;8;19;1
202400017179;155 751 517;50;0;0;0;14;3
202400017180;155 751 515;50;0;2;1;16;3
202400017180;155 751 516;7;0;2;1;1;1
202400017181;155 751 512;33;0;0;0;1;1
202400017182;155 751 511;13;0;2;4;1;1
202400017182;155 751 513;10;0;2;1;26;1
202400017182;155 751 514;7;0;2;4;2;1
202400017183;155 751 509;7;0;2;4;4;1
202400017184;155 751 508;10;0;2;3;13;1
202400017184;155 751 510;7;0;2;3;1;1
202400017185;155 751 506;7;0;2;1;1;1
202400017185;155 751 507;7;0;2;3;20;1
202400017186;155 751 504;10;0;2;3;0;1
202400017186;155 751 505;1;0;2;4;19;5
202400017187;155 751 502;7;0;2;3;19;1
202400017187;155 751 503;7;0;2;1;19;1
202400017188;155 751 499;30;0;2;1;1;1
202400017188;155 751 501;7;0;2;0;16;1
202400017189;155 751 498;7;0;2;1;1;1
202400017189;155 751 500;15;0;2;3;1;1
202400017190;155 751 495;7;0;2;4;2;1
202400017190;155 751 497;30;0;2;1;2;1
202400017191;155 751 493;10;0;2;1;2;1
202400017191;155 751 494;10;0;2;4;2;1
202400017191;155 751 496;7;0;2;4;2;1
202400017192;155 751 491;1;0;2;1;5;5
202400017192;155 751 492;7;0;2;2;1;1
202400017193;155 751 490;10;0;2;0;0;1
202400017194;155 751 487;33;0;2;2;3;1
202400017194;155 751 488;10;0;2;8;11;1
202400017195;155 751 486;7;0;2;7;9;1
202400017195;155 751 489;31;0;2;1;1;1
202400017196;155 751 483;7;0;2;1;5;1
202400017196;155 751 484;7;0;2;0;0;1
202400017197;155 751 481;33;0;0;3;0;1
202400017198;155 751 482;33;0;2;3;2;1
202400017198;155 751 485;7;0;2;5;2;1
202400017199;155 751 479;10;0;2;1;2;0
202400017199;155 751 480;7;0;2;4;1;0
202400017200;155 751 476;33;0;2;1;3;1
202400017200;155 751 477;7;0;2;5;1;1
202400017200;155 751 478;10;0;2;3;11;1
202400017201;155 751 472;7;0;2;1;16;1
202400017201;155 751 475;7;0;2;8;1;1
202400017202;155 751 473;7;0;2;5;2;0
202400017202;155 751 474;33;0;2;2;3;1
202400017203;155 751 469;10;1;2;1;2;1
202400017203;155 751 471;7;0;2;2;23;1
202400017204;155 751 468;37;0;2;7;1;1
202400017204;155 751 470;14;0;2;4;4;1
202400017205;155 751 464;33;4;0;0;1;1
202400017206;155 751 462;10;0;2;1;2;1
202400017206;155 751 463;10;0;2;4;23;1
202400017206;155 751 465;7;0;2;4;23;2
202400017206;155 751 466;7;0;2;4;23;1
202400017206;155 751 467;7;0;2;4;23;2
202400017207;155 751 460;7;0;2;1;10;1
202400017207;155 751 461;31;0;2;1;1;1
202400017208;155 751 457;10;0;2;6;12;1
202400017208;155 751 458;7;0;2;6;1;1
202400017209;155 751 456;7;0;2;2;1;1
202400017209;155 751 459;1;0;2;8;15;5
202400017210;155 751 452;7;0;2;1;1;1
202400017210;155 751 453;7;0;2;4;1;1
202400017210;155 751 455;7;0;0;4;1;1
202400017211;155 751 451;7;0;1;2;1;0
202400017212;155 751 448;7;0;0;4;2;1
202400017212;155 751 450;7;0;2;1;2;1
202400017213;155 751 446;30;0;2;1;2;1
202400017213;155 751 447;30;0;2;4;2;1
202400017213;155 751 449;30;16;0;0;0;1
202400017214;155 751 444;7;0;1;1;16;1
202400017215;155 751 442;7;0;2;2;14;1
202400017215;155 751 443;7;0;2;4;1;1
202400017215;155 751 445;7;4;2;5;1;1
202400017216;155 751 441;7;0;1;1;1;1
202400017217;155 751 438;7;0;2;4;1;1
202400017217;155 751 439;7;0;2;1;0;0
202400017218;155 751 437;7;0;2;4;0;1
202400017218;155 751 440;7;0;2;1;0;1
202400017219;155 751 433;7;0;1;2;1;1
202400017220;155 751 434;7;4;0;7;13;4
202400017221;155 751 430;7;0;2;1;19;1
202400017221;155 751 432;33;0;2;7;17;1
202400017222;155 751 428;7;0;2;3;2;1
202400017222;155 751 429;7;0;2;1;17;1
202400017222;155 751 431;7;0;2;3;2;1
202400017223;155 751 426;32;0;2;1;3;1
202400017223;155 751 427;7;0;2;1;15;1
202400017224;155 751 425;0;0;1;0;0;0
202400017225;155 751 423;7;0;2;1;5;1
202400017225;155 751 424;7;0;2;1;1;1
202400017226;155 751 422;7;0;1;1;12;0
202400017227;155 751 420;7;0;1;4;20;1
202400017228;155 751 418;14;0;2;5;16;1
202400017228;155 751 419;33;0;2;1;24;1
202400017228;155 751 421;7;14;0;3;16;1
202400017229;155 751 414;7;0;2;3;15;0
202400017229;155 751 416;33;0;2;1;1;0
202400017230;155 751 415;1;0;2;0;1;5
202400017230;155 751 417;7;0;2;0;13;1
202400017231;155 751 412;33;0;2;1;1;1
202400017231;155 751 413;7;0;2;1;26;1
202400017232;155 751 410;1;0;2;0;1;5
202400017232;155 751 411;1;0;2;0;1;5
202400017233;155 751 408;7;0;2;0;13;0
202400017233;155 751 409;7;0;2;3;1;1
202400017234;155 751 405;60;0;2;0;1;5
202400017234;155 751 407;7;0;2;0;20;1
202400017235;155 751 404;7;0;2;6;0;1
202400017235;155 751 406;2;0;2;1;2;1
202400017236;155 751 403;7;0;1;1;9;0
202400017237;155 751 402;7;0;1;1;13;1
202400017238;155 751 400;7;0;2;4;2;1
202400017238;155 751 401;10;0;2;1;2;1
202400017239;155 751 399;7;15;0;1;13;1
202400017240;155 751 397;7;0;1;3;26;0
202400017241;155 751 396;7;0;2;3;15;1
202400017241;155 751 398;31;0;2;1;1;1
202400017242;155 751 392;7;0;2;1;2;1
202400017243;155 751 393;31;0;2;2;0;1
202400017243;155 751 394;7;0;2;3;23;1
202400017243;155 751 395;7;0;9;2;19;1
202400017244;155 751 391;7;1;0;1;14;1
202400017245;155 751 390;7;8;0;3;13;1
202400017246;155 751 389;99;0;9;1;26;1
202400017247;155 751 388;10;0;1;1;16;0
202400017248;155 751 386;7;0;2;3;13;2
202400017248;155 751 387;7;0;2;3;1;1
202400017249;155 751 385;7;0;1;3;16;2
202400017250;155 751 383;7;0;2;3;26;1
202400017250;155 751 384;7;0;2;4;21;1
202400017251;155 751 380;7;0;2;2;16;1
202400017251;155 751 382;32;0;2;1;1;1
202400017252;155 751 379;1;0;2;8;11;5
202400017252;155 751 381;7;0;2;2;1;1
202400017253;155 751 375;7;0;2;2;1;1
202400017253;155 751 378;2;0;2;3;1;3
202400017254;155 751 376;1;0;2;1;1;5
202400017254;155 751 377;7;0;2;1;1;2
202400017255;155 751 372;2;0;0;0;14;3
202400017256;155 751 371;7;0;1;1;1;1
202400017257;155 751 369;13;0;2;2;2;1
202400017257;155 751 370;34;0;2;6;0;1
202400017258;155 751 368;7;15;0;1;9;1
202400017259;155 751 366;7;0;0;1;13;1
202400017260;155 751 365;7;0;2;8;10;1
202400017260;155 751 367;7;0;2;2;1;2
202400017261;155 751 364;7;8;0;1;1;1
202400017262;155 751 361;10;0;1;1;1;1
202400017263;155 751 362;10;0;2;1;1;1
202400017263;155 751 363;10;8;2;3;14;1
202400017264;155 751 360;31;0;1;1;25;0
202400017265;155 751 359;7;0;1;8;1;1
202400017266;155 751 356;33;4;0;1;13;1
202400017267;155 751 353;7;0;2;3;1;1
202400017267;155 751 355;7;0;2;8;1;1
202400017268;155 751 354;30;0;1;1;17;1
202400017269;155 751 352;1;14;0;1;1;5
202400017270;155 751 351;7;0;0;2;1;1
202400017271;155 751 348;7;0;2;1;2;1
202400017271;155 751 349;7;0;2;4;1;1
202400017272;155 751 350;7;15;0;1;2;1
202400017273;155 751 347;1;0;0;1;1;5
202400017274;155 751 344;7;0;2;0;1;1
202400017274;155 751 345;7;0;2;1;15;1
202400017275;155 751 342;7;0;1;1;1;1
202400017276;155 751 341;7;0;0;9;0;1
202400017277;155 751 343;7;0;0;4;26;1
202400017277;155 751 346;7;0;2;1;2;2
202400017278;155 751 340;7;0;1;1;1;6
202400017279;155 751 336;99;0;2;3;15;1
202400017279;155 751 338;30;0;2;2;17;1
202400017280;155 751 335;7;1;0;2;14;1
202400017281;155 751 332;7;0;2;1;16;1
202400017282;155 751 331;7;9;0;1;20;1
202400017282;155 751 334;7;16;0;0;0;1
202400017283;155 751 330;50;12;0;0;2;3
202400017284;155 751 326;7;0;2;0;0;0
202400017284;155 751 328;10;0;2;0;0;0
202400017285;155 751 322;10;0;1;6;4;1
202400017286;155 751 321;7;0;2;3;1;1
202400017286;155 751 324;7;0;2;1;5;1
202400017287;155 751 320;2;0;2;1;1;1
202400017287;155 751 323;7;0;2;1;13;1
202400017288;155 751 316;33;0;2;7;23;1
202400017288;155 751 318;34;0;2;8;18;1
202400017289;155 751 315;33;0;2;7;15;1
202400017289;155 751 319;7;0;2;3;15;2
202400017290;155 751 314;7;0;2;7;16;2
202400017290;155 751 317;34;0;2;8;1;1
202400017291;155 751 312;7;3;1;1;1;1
202400017292;155 751 310;7;0;2;7;15;1
202400017292;155 751 313;33;0;2;1;1;1
202400017293;155 751 309;7;0;9;2;16;2
202400017293;155 751 311;50;0;2;3;1;3
202400017294;155 751 307;7;0;2;8;16;1
202400017294;155 751 308;1;0;2;7;1;5
202400017295;155 751 306;7;0;1;1;1;1
202400017296;155 751 305;7;0;1;3;1;1
202400017297;155 751 304;7;5;0;4;10;1
202400017298;155 751 303;37;0;1;6;1;3
202400017299;155 751 301;7;2;0;1;26;1
202400017300;155 751 299;7;0;2;5;26;1
202400017300;155 751 302;17;15;2;3;21;1
202400017301;155 751 298;7;0;2;1;2;1
202400017301;155 751 300;7;0;2;4;2;1
202400017302;155 751 297;7;0;1;1;1;1
202400017303;155 751 296;10;5;0;3;13;1
202400017304;155 751 294;33;0;2;1;2;1
202400017304;155 751 295;33;0;2;4;2;1
202400017305;155 751 292;7;0;2;1;15;1
202400017305;155 751 293;1;0;2;8;1;5
202400017306;155 751 290;7;0;2;1;1;1
202400017306;155 751 291;31;0;2;8;26;1
202400017307;155 751 288;7;0;2;3;11;2
202400017307;155 751 289;2;0;2;7;2;3
202400017308;155 751 287;7;0;1;1;15;2
202400017309;155 751 285;7;0;2;3;1;1
202400017309;155 751 286;7;0;2;3;13;1