Num_Acc;id_vehicule;catv;obs;obsm;choc;manv;motor
202400018374;155 749 427;1;0;2;3;1;5
202400018374;155 749 428;7;0;2;2;16;2
202400018375;155 749 425;10;0;1;3;15;1
202400018376;155 749 424;33;0;2;0;0;1
202400018376;155 749 426;7;0;2;1;0;1
202400018377;155 749 423;7;14;0;1;1;1
202400018378;155 749 422;7;0;1;2;1;3
202400018379;155 749 421;33;12;0;3;21;1
202400018380;155 749 417;80;0;2;4;1;3
202400018380;155 749 419;15;0;2;2;16;0
202400018381;155 749 418;7;0;2;5;23;2
202400018381;155 749 420;2;1;0;1;26;1
202400018382;155 749 416;7;8;0;2;1;1
202400018383;155 749 411;7;0;9;8;1;1
202400018383;155 749 414;50;0;2;7;1;3
202400018384;155 749 412;33;0;2;7;1;1
202400018384;155 749 415;7;0;2;2;2;2
202400018385;155 749 410;10;0;2;3;15;1
202400018385;155 749 413;7;0;2;3;1;3
202400018386;155 749 407;7;6;0;2;14;1
202400018387;155 749 406;7;0;2;8;15;1
202400018387;155 749 408;31;0;2;1;17;1
202400018388;155 749 405;7;0;2;3;1;2
202400018388;155 749 409;80;0;2;2;1;3
202400018389;155 749 400;7;0;2;1;15;1
202400018389;155 749 404;32;0;2;7;1;1
202400018390;155 749 398;7;0;2;1;1;1
202400018390;155 749 399;7;3;2;1;1;1
202400018390;155 749 401;7;3;2;3;1;1
202400018390;155 749 403;10;0;2;2;1;1
202400018391;155 749 402;7;1;0;3;13;1
202400018392;155 749 391;7;14;2;7;23;1
202400018392;155 749 395;7;0;2;3;13;1
202400018393;155 749 393;2;0;2;4;1;1
202400018393;155 749 394;7;0;2;4;1;1
202400018394;155 749 390;7;0;2;7;1;1
202400018394;155 749 392;50;0;2;1;15;3
202400018395;155 749 386;50;0;0;0;0;3
202400018395;155 749 387;7;0;2;8;24;1
202400018396;155 749 385;7;0;2;2;17;1
202400018396;155 749 389;7;0;2;1;1;1
202400018397;155 749 384;1;0;2;0;0;5
202400018397;155 749 388;7;0;2;1;15;1
202400018398;155 749 383;15;14;0;2;1;1
202400018399;155 749 381;1;0;2;1;26;5
202400018399;155 749 382;7;0;2;2;1;2
202400018400;155 749 379;7;1;0;2;1;1
202400018401;155 749 378;50;0;2;1;26;3
202400018401;155 749 380;1;0;2;1;1;5
202400018402;155 749 374;2;0;2;7;1;1
202400018402;155 749 377;7;0;2;3;15;1
202400018403;155 749 375;50;0;2;8;19;3
202400018403;155 749 376;10;0;2;0;9;0
202400018404;155 749 370;7;0;2;3;19;1
202400018404;155 749 373;31;0;2;1;1;1
202400018405;155 749 371;33;0;0;0;0;1
202400018406;155 749 369;10;0;2;2;1;1
202400018406;155 749 372;7;0;2;3;16;2
202400018407;155 749 368;32;4;0;1;16;1
202400018408;155 749 365;7;4;0;2;1;1
202400018409;155 749 361;31;0;2;8;19;1
202400018409;155 749 364;7;0;2;1;1;1
202400018410;155 749 363;7;0;2;2;19;1
202400018410;155 749 366;33;0;2;1;1;1
202400018411;155 749 360;7;4;2;4;1;1
202400018411;155 749 362;7;0;2;1;14;1
202400018412;155 749 356;7;0;2;7;9;1
202400018412;155 749 359;1;0;2;8;1;5
202400018413;155 749 355;7;0;2;6;11;1
202400018413;155 749 357;7;0;2;2;1;1
202400018414;155 749 358;7;0;0;1;1;-1
202400018415;155 749 354;7;1;0;1;15;1
202400018416;155 749 350;7;0;2;1;2;2
202400018416;155 749 352;7;3;2;4;1;1
202400018416;155 749 353;7;0;0;0;1;1
202400018417;155 749 349;38;0;2;7;1;1
202400018417;155 749 351;30;0;2;1;11;1
202400018418;155 749 348;7;0;1;7;1;0
202400018419;155 749 345;7;0;2;2;12;1
202400018419;155 749 347;7;0;2;8;1;1
202400018420;155 749 344;7;0;2;3;11;1
202400018420;155 749 346;34;0;2;0;0;1
202400018421;155 749 342;7;0;2;3;15;1
202400018421;155 749 343;43;0;2;1;2;1
202400018422;155 749 340;7;0;1;1;1;1
202400018423;155 749 338;7;0;2;6;23;1
202400018423;155 749 339;7;0;2;1;2;1
202400018423;155 749 341;7;0;2;4;1;2
202400018424;155 749 335;50;0;2;7;19;3
202400018424;155 749 337;1;0;2;1;19;5
202400018425;155 749 331;50;0;2;3;2;3
202400018425;155 749 334;7;0;9;7;16;1
202400018426;155 749 330;7;1;0;1;26;1
202400018426;155 749 333;7;0;2;4;26;1
202400018426;155 749 336;7;0;2;4;26;1
202400018427;155 749 329;7;0;2;3;16;1
202400018427;155 749 332;50;0;0;4;1;3
202400018428;155 749 325;33;0;2;0;3;0
202400018428;155 749 328;32;0;2;0;0;1
202400018429;155 749 324;7;0;2;1;2;1
202400018429;155 749 327;7;0;2;4;2;1
202400018430;155 749 323;50;0;2;3;19;3
202400018430;155 749 326;7;0;9;2;1;1
202400018431;155 749 322;7;0;1;2;21;1
202400018432;155 749 318;7;0;2;7;1;2
202400018432;155 749 320;33;0;2;1;1;1
202400018433;155 749 317;7;0;2;1;2;1
202400018433;155 749 321;7;0;2;4;18;1
202400018434;155 749 316;7;0;2;1;2;1
202400018434;155 749 319;15;0;0;4;1;1
202400018435;155 749 313;7;0;2;2;1;1
202400018435;155 749 315;30;0;2;1;1;1
202400018436;155 749 311;10;0;0;1;1;1
202400018437;155 749 310;7;0;2;9;0;1
202400018437;155 749 312;7;0;2;4;23;2
202400018437;155 749 314;7;0;2;1;0;1
202400018438;155 749 308;10;0;2;2;24;1
202400018438;155 749 309;7;0;2;4;4;1
202400018439;155 749 306;33;0;2;1;3;1
202400018439;155 749 307;7;0;2;6;11;3
202400018440;155 749 304;1;0;2;1;26;5
202400018440;155 749 305;7;0;2;4;23;1
202400018441;155 749 302;7;0;2;2;12;1
202400018441;155 749 303;7;0;2;6;1;1
202400018442;155 749 299;7;6;2;1;17;1
202400018442;155 749 301;7;0;2;2;1;1
202400018443;155 749 298;7;0;2;6;0;1
202400018443;155 749 300;30;9;2;8;16;1
202400018444;155 749 297;30;0;2;7;1;1
202400018445;155 749 295;7;0;0;0;0;1
202400018445;155 749 296;7;0;2;4;26;1
202400018446;155 749 293;7;0;2;2;2;1
202400018446;155 749 294;7;0;2;3;2;1
202400018447;155 749 291;7;0;2;1;1;1
202400018447;155 749 292;10;0;2;3;15;1
202400018448;155 749 287;7;0;2;1;1;1
202400018448;155 749 289;7;0;2;2;1;1
202400018448;155 749 290;7;0;2;1;1;2
202400018449;155 749 286;7;0;2;8;15;1
202400018449;155 749 288;1;0;2;8;9;5
202400018450;155 749 284;33;0;2;1;1;1
202400018450;155 749 285;7;0;2;8;15;1
202400018451;155 749 282;2;0;2;2;1;1
202400018451;155 749 283;7;0;2;1;15;1
202400018452;155 749 279;7;0;2;3;1;1
202400018452;155 749 281;33;0;2;1;1;1
202400018453;155 749 278;33;0;2;2;17;1
202400018453;155 749 280;7;0;2;3;15;1
202400018454;155 749 275;37;12;1;2;14;3
202400018455;155 749 276;7;0;2;1;2;1
202400018455;155 749 277;33;0;2;4;1;1
202400018456;155 749 273;7;4;0;2;1;2
202400018457;155 749 272;7;0;2;2;1;1
202400018457;155 749 274;7;0;2;1;15;1
202400018458;155 749 270;7;0;1;2;26;1
202400018459;155 749 269;32;0;2;7;17;1
202400018459;155 749 271;7;0;2;8;1;1
202400018460;155 749 266;7;1;0;2;14;1
202400018460;155 749 268;7;1;0;6;0;1
202400018461;155 749 265;7;0;2;1;9;0
202400018461;155 749 267;7;0;2;1;1;0
202400018462;155 749 263;7;0;2;8;15;1
202400018462;155 749 264;33;0;2;1;1;1
202400018463;155 749 260;7;0;0;0;9;1
202400018463;155 749 262;7;0;0;0;1;1
202400018464;155 749 259;33;0;2;1;21;1
202400018464;155 749 261;7;0;2;0;0;1
202400018465;155 749 258;32;0;0;1;26;1
202400018466;155 749 255;10;0;1;5;1;1
202400018467;155 749 256;7;0;2;3;1;1
202400018467;155 749 257;7;0;2;3;1;2
202400018468;155 749 254;10;0;1;1;15;1
202400018469;155 749 252;7;0;2;1;13;1
202400018469;155 749 253;38;0;2;1;5;1
202400018470;155 749 251;7;6;0;3;16;1
202400018471;155 749 249;40;0;2;3;2;0
202400018471;155 749 250;7;0;4;1;19;1
202400018472;155 749 246;10;0;2;4;2;1
202400018472;155 749 247;10;0;2;1;2;1
202400018472;155 749 248;7;0;2;4;2;1
202400018473;155 749 244;32;0;2;3;5;1
202400018473;155 749 245;7;0;2;3;1;1
202400018474;155 749 242;33;0;2;4;1;1
202400018474;155 749 243;7;0;2;4;2;1
202400018475;155 749 240;1;0;2;1;1;5
202400018475;155 749 241;50;0;2;1;5;3
202400018476;155 749 236;7;0;2;1;19;1
202400018476;155 749 238;7;6;2;5;1;1
202400018477;155 749 237;1;0;2;1;19;5
202400018477;155 749 239;7;0;2;8;1;1
202400018478;155 749 234;32;0;2;2;15;1
202400018478;155 749 235;38;0;2;7;15;0
202400018479;155 749 233;2;0;0;0;1;1
202400018480;155 749 231;50;1;0;1;2;3
202400018480;155 749 232;7;0;9;4;20;1
202400018481;155 749 230;30;0;0;8;26;1
202400018482;155 749 229;50;12;0;1;25;3
202400018483;155 749 227;30;0;2;1;19;1
202400018483;155 749 228;10;0;2;8;1;1
202400018484;155 749 226;7;0;1;2;1;2
202400018485;155 749 222;7;0;2;1;1;1
202400018485;155 749 224;7;0;2;4;1;2
202400018486;155 749 223;7;0;2;4;16;1
202400018486;155 749 225;30;0;2;1;2;1
202400018487;155 749 220;7;4;9;7;9;1
202400018488;155 749 219;1;1;0;0;1;5
202400018488;155 749 221;13;0;2;4;24;1
202400018489;155 749 215;7;0;2;2;10;1
202400018489;155 749 217;33;0;2;1;1;1
202400018490;155 749 214;7;15;0;4;1;1
202400018490;155 749 216;7;14;0;4;23;1
202400018490;155 749 218;7;15;0;1;1;1
202400018491;155 749 212;43;0;2;8;1;1
202400018491;155 749 213;7;0;2;1;1;1
202400018492;155 749 210;30;0;1;1;19;1
202400018493;155 749 209;7;0;2;1;9;1
202400018493;155 749 211;7;0;2;6;1;1
202400018494;155 749 207;30;0;2;6;20;1
202400018494;155 749 208;1;1;0;1;1;5
202400018495;155 749 206;37;1;1;5;15;0
202400018496;155 749 205;33;0;0;0;1;1
202400018497;155 749 203;7;0;2;1;1;2
202400018497;155 749 204;7;0;2;6;15;1
202400018498;155 749 200;10;0;2;2;14;1
202400018498;155 749 201;10;0;2;4;2;1
202400018498;155 749 202;7;0;2;6;1;1
202400018499;155 749 198;33;0;2;2;26;1
202400018499;155 749 199;1;0;2;0;0;5
202400018500;155 749 197;7;1;0;1;21;1
202400018501;155 749 196;1;0;0;1;1;5
202400018502;155 749 194;7;0;2;3;9;2
202400018502;155 749 195;37;0;2;2;2;1
202400018503;155 749 192;7;0;2;2;1;1
202400018503;155 749 193;7;0;2;1;1;1
202400018504;155 749 190;10;0;2;2;1;1
202400018504;155 749 191;30;0;2;1;16;3
202400018505;155 749 188;32;0;2;3;0;1
202400018505;155 749 189;10;0;2;2;1;1
202400018506;155 749 187;10;1;0;1;1;0
202400018507;155 749 185;1;0;2;7;1;5
202400018507;155 749 186;7;0;9;3;1;2
202400018508;155 749 184;7;1;0;2;26;1
202400018509;155 749 183;50;0;1;1;25;3
202400018510;155 749 181;7;0;0;4;23;1
202400018510;155 749 182;7;0;0;1;2;1
202400018511;155 749 179;33;0;0;8;1;0
202400018511;155 749 180;7;0;0;0;9;1
202400018512;155 749 178;7;13;0;9;1;1
202400018513;155 749 177;31;0;0;0;0;1
202400018514;155 749 175;7;0;0;6;2;1
202400018514;155 749 176;33;0;2;1;17;1
202400018515;155 749 173;33;0;2;1;0;0
202400018515;155 749 174;7;0;2;5;10;1
202400018516;155 749 171;33;0;0;1;2;1
202400018516;155 749 172;7;0;0;6;2;1
202400018517;155 749 170;7;2;0;1;1;1
202400018518;155 749 167;7;0;2;3;2;2
202400018518;155 749 168;7;0;2;1;2;1
202400018518;155 749 169;7;0;0;4;2;2
202400018519;155 749 166;1;0;0;0;26;5
202400018520;155 749 164;7;5;0;4;15;1
202400018520;155 749 165;7;0;2;1;1;1
202400018521;155 749 162;7;0;2;2;15;1
202400018521;155 749 163;33;0;2;1;1;1
202400018522;155 749 161;7;5;0;0;26;1
202400018523;155 749 160;36;13;0;8;13;1
202400018524;155 749 159;33;13;0;9;1;1
202400018525;155 749 157;80;0;2;2;16;3
202400018525;155 749 158;10;0;2;6;16;1
202400018526;155 749 154;7;0;2;1;1;1
202400018526;155 749 156;10;0;0;4;1;1
202400018527;155 749 153;2;0;2;6;1;3
202400018527;155 749 155;7;0;2;3;15;2
202400018528;155 749 151;7;0;2;2;19;1
202400018528;155 749 152;33;0;2;1;1;1
202400018529;155 749 150;32;0;1;1;1;1
202400018530;155 749 147;7;6;0;4;15;1
202400018531;155 749 148;7;0;9;7;22;2
202400018531;155 749 149;1;0;2;1;1;5
202400018532;155 749 145;80;14;0;1;1;3
202400018533;155 749 142;30;0;2;3;18;1
202400018533;155 749 143;2;0;2;2;16;0
202400018534;155 749 141;10;6;2;1;19;1
202400018534;155 749 144;7;0;2;2;1;1
202400018535;155 749 139;50;14;0;1;1;3
202400018536;155 749 138;7;0;2;8;24;1
202400018536;155 749 140;1;0;2;1;1;5
202400018537;155 749 136;7;0;2;8;19;1
202400018537;155 749 137;7;0;2;1;2;1
202400018538;155 749 134;2;0;2;6;1;3
202400018538;155 749 135;31;0;2;1;13;1
202400018539;155 749 132;7;0;2;1;13;1
202400018539;155 749 133;10;0;2;3;1;1
202400018540;155 749 131;7;0;1;2;1;2
202400018541;155 749 130;7;0;1;2;1;1
202400018542;155 749 126;7;0;2;3;1;1
202400018542;155 749 128;7;0;2;3;1;1
202400018543;155 749 127;7;0;2;3;1;1
202400018543;155 749 129;30;0;2;5;15;1
202400018544;155 749 123;7;0;2;1;2;1
202400018544;155 749 124;30;0;2;4;2;3
202400018545;155 749 122;33;5;0;2;1;4
202400018546;155 749 121;33;0;0;0;2;1
202400018547;155 749 119;7;0;2;1;15;1
202400018547;155 749 120;7;0;2;1;1;1
202400018548;155 749 117;7;0;2;3;13;1
202400018548;155 749 118;10;0;2;6;1;1
202400018549;155 749 115;7;0;2;2;15;1
202400018549;155 749 116;2;0;2;1;1;1
202400018550;155 749 114;7;0;1;1;1;2
202400018551;155 749 112;7;0;2;4;1;1
202400018551;155 749 113;2;0;2;1;2;1
202400018552;155 749 111;33;9;0;1;21;1
202400018553;155 749 109;7;0;2;7;15;1
202400018553;155 749 110;1;0;2;1;1;5
202400018554;155 749 106;33;0;2;8;13;1
202400018554;155 749 108;14;0;2;8;1;0
202400018555;155 749 102;7;0;2;3;1;1
202400018555;155 749 104;7;0;2;1;1;1
202400018555;155 749 105;7;3;2;1;13;1
202400018555;155 749 107;7;0;2;1;1;1
202400018556;155 749 101;1;0;2;8;19;5
202400018556;155 749 103;7;0;2;1;1;1
202400018557;155 749 098;1;0;2;3;26;5
202400018557;155 749 100;7;0;9;7;17;1
202400018558;155 749 099;7;0;1;3;1;1
202400018559;155 749 095;33;0;0;0;16;1
202400018559;155 749 097;7;0;0;0;16;1
202400018560;155 749 093;7;0;2;7;0;1
202400018560;155 749 096;7;0;2;1;0;1
202400018561;155 749 091;7;0;2;3;13;1
202400018561;155 749 092;13;0;2;3;1;1
202400018561;155 749 094;7;0;2;1;1;1
202400018562;155 749 090;10;0;1;4;4;0
202400018563;155 749 087;31;0;2;1;1;1
202400018563;155 749 089;7;0;2;3;1;1
202400018564;155 749 086;7;0;9;2;14;1
202400018564;155 749 088;1;0;2;8;1;5
202400018565;155 749 084;33;0;0;9;1;1
202400018566;155 749 083;10;0;2;3;2;1
202400018566;155 749 085;43;0;2;5;2;1
202400018567;155 749 079;32;0;2;1;1;1
202400018567;155 749 081;7;0;2;7;14;2
202400018568;155 749 080;1;0;2;0;1;5
202400018568;155 749 082;7;0;2;1;9;1
202400018569;155 749 078;1;14;0;1;0;5
202400018570;155 749 076;50;0;0;0;21;3
202400018571;155 749 075;15;0;0;1;1;1
202400018571;155 749 077;10;0;2;1;15;1
202400018572;155 749 074;37;0;1;1;0;2
202400018573;155 749 071;7;0;2;1;13;1
202400018573;155 749 073;7;0;2;1;1;1
202400018574;155 749 070;50;0;9;1;15;3
202400018574;155 749 072;50;0;9;1;1;3
202400018575;155 749 069;30;14;0;1;6;0
202400018576;155 749 068;33;0;0;8;26;1
202400018577;155 749 065;50;0;2;1;2;3
202400018577;155 749 067;7;0;2;7;4;1
202400018578;155 749 064;7;0;9;8;15;1
202400018578;155 749 066;1;0;2;7;1;5
202400018579;155 749 062;7;9;0;9;17;1
202400018580;155 749 061;7;14;2;1;1;1
202400018580;155 749 063;7;0;2;8;0;1
202400018581;155 749 058;50;0;2;1;13;3
202400018581;155 749 060;7;0;2;2;23;1
202400018582;155 749 057;7;0;0;1;15;1
202400018582;155 749 059;1;0;0;1;1;5
202400018583;155 749 055;1;0;2;3;1;5
202400018583;155 749 056;10;0;2;2;12;0
202400018584;155 749 054;33;0;0;1;1;1
202400018585;155 749 051;43;0;2;0;1;1
202400018585;155 749 053;80;0;2;0;1;3
202400018586;155 749 050;7;0;2;1;1;1
202400018586;155 749 052;7;0;2;1;13;1
202400018587;155 749 048;33;0;0;1;1;1
202400018588;155 749 047;33;0;2;1;1;1
202400018588;155 749 049;7;0;2;2;16;1
202400018589;155 749 045;7;0;2;1;13;1
202400018589;155 749 046;7;0;2;1;1;1
202400018590;155 749 044;7;0;1;2;16;1
202400018591;155 749 041;7;0;0;7;15;1
202400018591;155 749 043;32;0;2;1;1;1
202400018592;155 749 040;7;0;2;1;1;1
202400018592;155 749 042;1;0;2;5;19;5
202400018593;155 749 039;2;14;0;0;1;1
202400018594;155 749 038;36;1;0;1;1;1
202400018595;155 749 036;7;0;2;1;0;1
202400018595;155 749 037;7;0;2;1;0;1
202400018596;155 749 034;1;0;2;9;1;5
202400018596;155 749 035;7;0;2;3;1;1
202400018597;155 749 033;33;0;6;0;1;1
202400018598;155 749 032;7;0;0;0;0;1
202400018599;155 749 030;7;0;2;3;5;1
202400018599;155 749 031;7;0;2;3;2;1
202400018600;155 749 029;33;12;0;1;1;1
202400018601;155 749 028;33;0;0;8;1;1
202400018602;155 749 026;31;0;2;7;0;1
202400018602;155 749 027;7;13;2;6;2;1
202400018603;155 749 025;7;2;0;1;0;1
202400018604;155 749 022;7;0;2;3;15;1
202400018604;155 749 023;1;0;2;3;1;5
202400018604;155 749 024;7;0;2;1;1;1
202400018605;155 749 020;7;7;0;2;0;1
202400018606;155 749 019;2;0;2;1;26;1
202400018606;155 749 021;7;0;2;7;19;1
202400018607;155 749 016;20;0;2;1;1;0
202400018607;155 749 018;7;0;9;2;1;1
202400018608;155 749 015;7;0;2;1;9;1
202400018608;155 749 017;50;0;2;7;1;3
202400018609;155 749 012;7;9;2;3;9;1
202400018609;155 749 014;7;9;2;1;1;1
202400018610;155 749 011;7;0;2;2;12;0
202400018610;155 749 013;33;0;2;1;1;1
202400018611;155 749 009;7;0;2;3;15;1
202400018611;155 749 010;7;0;2;2;1;1
202400018612;155 749 008;10;4;0;1;1;1
202400018613;155 749 007;7;0;1;3;1;1
202400018614;155 749 003;10;0;0;2;15;1
202400018614;155 749 005;2;0;0;5;1;1
202400018615;155 749 000;33;0;6;1;1;1
202400018616;155 749 001;10;0;2;4;2;1
202400018616;155 749 002;10;0;2;1;2;1
202400018616;155 749 004;7;0;2;4;0;1
202400018616;155 749 006;10;0;2;1;2;1
202400018617;155 748 997;7;3;0;1;21;1
202400018618;155 748 998;7;0;0;5;15;1
202400018618;155 748 999;1;0;0;4;1;5
202400018619;155 748 994;7;0;2;4;2;1
202400018619;155 748 996;33;0;2;1;2;1
202400018620;155 748 992;33;0;2;1;17;1
202400018620;155 748 993;15;0;2;8;26;1
202400018620;155 748 995;7;0;2;1;1;1
202400018621;155 748 989;10;0;2;4;2;1
202400018621;155 748 991;7;0;2;1;2;1
202400018622;155 748 990;10;0;1;7;1;1
202400018623;155 748 984;7;0;9;8;15;1
202400018623;155 748 987;1;0;2;1;1;5
202400018624;155 748 985;14;6;2;1;21;1
202400018624;155 748 986;14;0;2;6;2;1
202400018624;155 748 988;17;0;2;4;1;1
202400018625;155 748 981;33;0;0;1;21;1
202400018625;155 748 983;7;0;0;3;19;1
202400018626;155 748 980;10;0;2;2;11;1
202400018626;155 748 982;7;0;2;6;1;2
202400018627;155 748 979;7;2;0;7;1;1
202400018628;155 748 978;31;4;0;3;1;3
202400018629;155 748 976;7;0;2;1;1;1
202400018629;155 748 977;10;6;2;1;1;1
202400018630;155 748 974;33;0;2;1;3;1
202400018630;155 748 975;7;0;2;2;12;1
202400018631;155 748 973;2;8;0;1;1;1
202400018632;155 748 970;7;6;0;1;1;1
202400018633;155 748 969;7;0;2;4;2;1
202400018633;155 748 971;7;0;2;1;2;1
202400018633;155 748 972;7;0;2;4;2;1
202400018634;155 748 964;7;3;0;2;14;1
202400018635;155 748 965;7;0;9;0;2;1
202400018635;155 748 966;7;0;9;8;21;1
202400018635;155 748 967;7;0;9;2;21;1
202400018636;155 748 962;31;0;2;1;17;1
202400018636;155 748 963;10;0;2;6;11;1
202400018637;155 748 961;7;13;0;2;1;0
202400018638;155 748 960;33;13;0;1;0;1
202400018639;155 748 959;30;0;1;1;19;1
202400018640;155 748 958;7;2;0;1;11;1
202400018641;155 748 957;7;4;0;0;1;1
202400018642;155 748 955;14;9;2;1;6;1
202400018642;155 748 956;17;0;2;1;1;1
202400018643;155 748 953;33;0;2;1;2;1
202400018643;155 748 954;7;0;0;4;2;3
202400018644;155 748 951;7;0;2;7;1;1
202400018644;155 748 952;7;0;2;1;15;1
202400018645;155 748 949;7;0;2;3;15;1
202400018645;155 748 950;2;0;2;7;17;1
202400018646;155 748 948;7;16;0;0;0;1
202400018647;155 748 947;10;9;1;1;16;1
202400018648;155 748 944;7;0;2;4;1;3
202400018648;155 748 945;7;0;2;2;1;1
202400018648;155 748 946;10;0;2;1;2;1
202400018649;155 748 941;7;0;2;3;2;1
202400018649;155 748 942;7;3;0;5;1;1
202400018649;155 748 943;7;0;2;3;1;1
202400018650;155 748 938;14;1;2;6;1;1
202400018650;155 748 939;99;1;0;3;1;1
202400018650;155 748 940;7;1;0;6;26;1
202400018651;155 748 936;10;0;0;0;1;1
202400018651;155 748 937;7;4;0;1;1;1
202400018652;155 748 933;7;0;2;4;1;1
202400018652;155 748 934;7;0;2;1;1;1
202400018652;155 748 935;7;0;2;4;1;1
202400018653;155 748 930;7;0;2;1;1;1
202400018653;155 748 931;10;0;2;4;1;1
202400018653;155 748 932;7;0;2;4;1;1
202400018654;155 748 928;33;0;2;1;3;1
202400018654;155 748 929;7;0;2;6;11;1
202400018655;155 748 925;7;0;2;4;2;1
202400018655;155 748 926;10;0;2;4;2;1
202400018655;155 748 927;7;0;2;1;2;2
202400018656;155 748 924;7;8;0;1;13;1
202400018657;155 748 923;10;1;1;4;4;1
202400018658;155 748 921;7;0;2;7;15;1
202400018658;155 748 922;7;0;2;1;2;1
202400018659;155 748 919;7;0;2;1;1;1
202400018659;155 748 920;7;4;0;1;0;1
202400018660;155 748 917;10;0;2;4;4;1
202400018660;155 748 918;2;0;2;2;1;1
202400018661;155 748 916;7;0;1;3;1;1
202400018662;155 748 914;7;0;9;3;16;1
202400018662;155 748 915;1;0;2;1;5;5
202400018663;155 748 912;7;0;2;1;1;1
202400018663;155 748 913;7;0;2;7;1;2
202400018664;155 748 911;7;0;1;2;1;1
202400018665;155 748 910;31;0;1;1;21;1
202400018666;155 748 909;7;1;1;4;23;1
202400018667;155 748 906;7;0;2;4;2;1
202400018667;155 748 907;10;0;2;1;2;1
202400018667;155 748 908;7;0;2;4;2;1
202400018668;155 748 904;7;0;2;3;1;3
202400018668;155 748 905;7;0;2;2;16;1
202400018669;155 748 900;7;0;2;3;1;1
202400018669;155 748 901;7;3;2;2;26;1
202400018670;155 748 899;33;12;0;1;1;1
202400018671;155 748 897;7;0;2;1;1;1
202400018671;155 748 898;3;0;2;1;13;1
202400018672;155 748 895;7;0;2;1;1;1
202400018672;155 748 896;7;0;2;4;1;1
202400018673;155 748 893;50;0;2;1;1;3
202400018673;155 748 894;7;0;2;2;15;1
202400018674;155 748 891;33;0;2;1;1;1
202400018674;155 748 892;7;0;2;1;15;1
202400018675;155 748 889;7;0;2;1;1;1
202400018675;155 748 890;7;0;2;1;13;1
202400018676;155 748 888;7;0;1;2;1;1
202400018677;155 748 887;30;0;0;0;1;1
202400018678;155 748 885;7;0;2;2;2;1
202400018678;155 748 886;1;0;2;1;1;5
202400018679;155 748 884;7;0;1;0;0;1
202400018680;155 748 883;7;0;1;3;15;1
202400018681;155 748 880;7;0;2;6;1;1
202400018681;155 748 881;7;0;2;7;1;1
202400018681;155 748 882;7;8;2;1;8;1
202400018682;155 748 878;7;0;2;1;13;1
202400018682;155 748 879;7;0;2;1;1;1
202400018683;155 748 876;7;0;2;3;26;1
202400018683;155 748 877;7;0;2;1;1;1
202400018684;155 748 874;33;0;2;2;16;1
202400018684;155 748 875;7;0;2;6;1;1
202400018685;155 748 872;7;0;2;1;1;1
202400018685;155 748 873;1;0;2;4;1;5
202400018686;155 748 870;80;0;2;8;15;3
202400018686;155 748 871;2;0;2;7;17;1
202400018687;155 748 868;34;0;2;1;1;1
202400018687;155 748 869;7;0;2;3;13;1
202400018688;155 748 866;7;0;2;6;1;1
202400018688;155 748 867;7;0;2;3;19;1
202400018689;155 748 864;7;0;2;1;0;1
202400018689;155 748 865;7;0;2;4;0;1
202400018690;155 748 863;10;0;1;1;1;1
202400018691;155 748 862;7;1;0;2;14;1
202400018692;155 748 860;7;0;2;8;1;3
202400018692;155 748 861;34;0;2;1;1;1
202400018693;155 748 858;7;0;2;1;0;1
202400018693;155 748 859;7;0;2;1;13;1
202400018694;155 748 856;7;0;2;1;15;1
202400018694;155 748 857;7;0;2;2;1;1
202400018695;155 748 854;15;0;2;1;1;1
202400018695;155 748 855;10;0;2;3;15;1
202400018696;155 748 852;50;0;2;1;1;3
202400018696;155 748 853;7;0;9;7;16;1
202400018697;155 748 851;7;6;0;1;15;1
202400018698;155 748 850;7;0;2;1;0;0
202400018699;155 748 849;7;2;0;1;13;1
202400018700;155 748 845;7;0;2;2;1;1
202400018700;155 748 846;10;0;2;3;1;1
202400018701;155 748 843;10;0;2;1;13;1
202400018701;155 748 844;7;0;2;3;1;1
202400018702;155 748 841;31;0;2;4;12;1
202400018702;155 748 842;7;0;2;1;2;1
202400018703;155 748 840;7;0;1;1;1;1
202400018704;155 748 838;7;0;2;2;12;0
202400018704;155 748 839;7;0;2;3;1;1
202400018705;155 748 836;80;0;2;1;1;3
202400018705;155 748 837;1;0;2;1;1;5
202400018706;155 748 835;33;0;1;1;17;1
202400018707;155 748 834;7;2;0;1;13;1
202400018708;155 748 832;50;0;2;3;25;3
202400018708;155 748 833;32;0;2;2;26;1
202400018709;155 748 831;7;0;1;1;26;3
202400018710;155 748 829;7;0;2;3;15;1
202400018710;155 748 830;2;0;2;8;1;3
202400018711;155 748 827;1;0;1;1;1;5
202400018712;155 748 826;50;0;2;2;2;3
202400018712;155 748 828;7;0;9;8;11;0
202400018713;155 748 824;7;0;1;2;1;2
202400018714;155 748 823;7;0;1;2;2;3
202400018715;155 748 821;50;0;1;1;1;3
202400018716;155 748 820;32;14;2;3;13;6
202400018716;155 748 822;37;0;9;3;15;6
202400018717;155 748 818;7;0;2;1;0;1
202400018717;155 748 819;7;0;2;2;16;3
202400018718;155 748 816;10;0;2;7;19;1