Num_Acc;id_vehicule;catv;obs;obsm;choc;manv;motor
202400018718;155 748 817;33;0;2;1;1;1
202400018719;155 748 813;7;14;2;4;1;1
202400018719;155 748 814;7;0;2;1;2;1
202400018719;155 748 815;7;0;2;1;2;1
202400018720;155 748 811;7;8;0;3;1;1
202400018721;155 748 810;33;0;2;1;2;1
202400018721;155 748 812;7;0;2;5;2;1
202400018722;155 748 808;1;0;2;8;9;5
202400018722;155 748 809;2;0;2;1;2;0
202400018723;155 748 807;99;15;0;8;26;0
202400018724;155 748 803;13;0;2;1;1;1
202400018724;155 748 805;31;0;2;4;1;1
202400018724;155 748 806;7;0;2;4;1;2
202400018725;155 748 804;2;0;1;1;0;1
202400018726;155 748 801;33;0;2;1;1;1
202400018726;155 748 802;7;0;2;2;15;1
202400018727;155 748 797;31;0;2;2;21;1
202400018727;155 748 799;7;0;2;3;22;1
202400018728;155 748 798;7;0;2;0;0;1
202400018728;155 748 800;7;0;2;1;14;1
202400018729;155 748 794;7;0;2;3;15;1
202400018729;155 748 796;33;0;2;2;17;1
202400018730;155 748 792;0;0;2;2;1;0
202400018730;155 748 795;50;0;2;1;1;3
202400018731;155 748 791;1;0;2;1;1;5
202400018731;155 748 793;7;0;2;8;1;1
202400018732;155 748 789;7;0;2;3;13;1
202400018732;155 748 790;34;0;2;2;17;1
202400018733;155 748 787;2;0;2;7;21;1
202400018733;155 748 788;7;0;2;3;19;1
202400018734;155 748 785;50;0;2;1;19;3
202400018734;155 748 786;0;0;2;1;1;0
202400018735;155 748 784;7;0;1;2;19;1
202400018736;155 748 783;1;0;0;1;1;5
202400018737;155 748 781;7;3;0;1;26;1
202400018738;155 748 780;1;0;2;1;1;5
202400018738;155 748 782;10;0;9;1;1;1
202400018739;155 748 777;7;0;0;0;1;1
202400018739;155 748 779;31;0;0;2;17;1
202400018740;155 748 778;33;15;0;2;14;1
202400018741;155 748 776;7;6;0;1;5;1
202400018742;155 748 773;33;0;2;1;13;1
202400018742;155 748 774;7;0;9;8;13;1
202400018743;155 748 771;7;0;2;8;23;1
202400018743;155 748 772;7;0;2;1;1;1
202400018743;155 748 775;7;0;2;3;13;3
202400018744;155 748 769;15;0;2;8;1;1
202400018744;155 748 770;7;0;2;3;13;1
202400018745;155 748 766;7;0;0;6;23;1
202400018745;155 748 768;17;0;2;2;21;1
202400018746;155 748 765;7;6;0;3;1;1
202400018747;155 748 764;7;12;2;5;15;1
202400018747;155 748 767;33;12;2;3;1;1
202400018748;155 748 762;1;0;2;0;0;5
202400018748;155 748 763;7;0;0;0;15;1
202400018749;155 748 761;7;14;0;2;1;0
202400018750;155 748 759;7;0;2;8;11;1
202400018750;155 748 760;7;16;0;8;1;1
202400018751;155 748 756;36;0;0;9;26;1
202400018752;155 748 757;7;0;9;3;15;1
202400018752;155 748 758;31;0;2;1;1;1
202400018753;155 748 755;7;2;0;1;0;1
202400018754;155 748 753;10;0;2;0;0;1
202400018754;155 748 754;32;1;0;1;0;1
202400018755;155 748 752;7;2;0;1;19;2
202400018756;155 748 751;7;0;0;0;2;1
202400018757;155 748 749;7;10;0;1;6;1
202400018758;155 748 750;7;0;1;1;1;1
202400018759;155 748 747;33;0;2;1;1;1
202400018759;155 748 748;7;0;2;3;15;1
202400018760;155 748 745;33;0;2;3;1;1
202400018760;155 748 746;7;0;2;2;0;1
202400018761;155 748 743;10;0;2;3;9;1
202400018761;155 748 744;13;0;2;1;1;1
202400018762;155 748 742;7;2;0;1;14;1
202400018763;155 748 741;7;1;0;2;1;1
202400018764;155 748 739;2;1;0;1;0;1
202400018764;155 748 740;7;0;0;6;23;1
202400018765;155 748 736;7;0;2;2;11;1
202400018765;155 748 737;7;0;2;3;1;2
202400018766;155 748 733;7;10;0;2;14;1
202400018767;155 748 734;7;0;2;1;15;1
202400018767;155 748 735;33;0;2;1;1;1
202400018768;155 748 731;7;0;2;2;15;1
202400018768;155 748 732;32;0;0;4;15;1
202400018769;155 748 730;1;0;0;0;23;5
202400018770;155 748 729;7;15;0;1;13;1
202400018771;155 748 727;10;2;2;8;14;1
202400018771;155 748 728;10;0;2;8;13;1
202400018772;155 748 725;7;8;1;1;15;1
202400018773;155 748 723;7;0;2;1;1;1
202400018773;155 748 724;10;0;0;4;15;1
202400018774;155 748 718;7;0;0;8;15;1
202400018774;155 748 720;33;0;2;1;1;1
202400018775;155 748 715;10;0;9;1;1;1
202400018775;155 748 716;1;0;2;8;9;5
202400018776;155 748 714;43;14;0;0;0;1
202400018777;155 748 711;33;0;2;2;2;1
202400018777;155 748 713;7;0;2;8;2;0
202400018778;155 748 710;50;0;2;1;1;3
202400018778;155 748 712;10;0;2;2;16;0
202400018779;155 748 707;7;0;1;1;1;1
202400018780;155 748 705;33;0;2;1;1;1
202400018780;155 748 706;7;0;2;4;13;1
202400018780;155 748 708;33;0;2;1;1;1
202400018780;155 748 709;33;0;2;1;1;1
202400018781;155 748 703;7;0;2;7;9;1
202400018781;155 748 704;2;0;2;1;17;1
202400018782;155 748 701;7;0;2;3;1;1
202400018782;155 748 702;7;0;2;1;1;1
202400018783;155 748 700;7;0;1;1;17;1
202400018784;155 748 699;7;8;0;2;1;1
202400018785;155 748 697;7;13;0;2;2;1
202400018786;155 748 696;7;0;2;4;1;1
202400018786;155 748 698;7;0;2;1;2;2
202400018787;155 748 694;7;0;2;3;13;1
202400018787;155 748 695;7;0;2;3;0;1
202400018788;155 748 692;30;0;2;1;1;1
202400018788;155 748 693;7;0;2;1;15;1
202400018789;155 748 690;2;0;2;1;13;1
202400018789;155 748 691;21;0;2;3;23;1
202400018790;155 748 689;7;0;1;4;4;1
202400018791;155 748 687;14;0;2;3;1;1
202400018791;155 748 688;10;0;2;8;13;1
202400018792;155 748 684;7;0;2;3;19;1
202400018792;155 748 686;7;0;2;2;1;1
202400018793;155 748 683;7;0;2;2;12;1
202400018793;155 748 685;7;3;2;6;1;2
202400018794;155 748 681;7;0;2;5;15;1
202400018794;155 748 682;7;0;2;2;1;1
202400018795;155 748 679;10;3;0;6;1;1
202400018795;155 748 680;7;3;0;2;0;2
202400018796;155 748 677;7;0;2;6;26;1
202400018796;155 748 678;10;0;2;1;1;1
202400018797;155 748 676;10;13;0;1;1;1
202400018798;155 748 674;7;0;2;5;13;3
202400018798;155 748 675;10;0;2;8;1;1
202400018799;155 748 671;1;0;2;0;19;5
202400018799;155 748 672;33;0;2;8;1;1
202400018800;155 748 670;7;4;2;3;11;1
202400018800;155 748 673;7;0;2;5;12;1
202400018801;155 748 668;7;0;1;1;1;1
202400018802;155 748 667;33;0;2;1;3;1
202400018802;155 748 669;7;0;2;8;13;1
202400018803;155 748 665;7;0;2;1;1;1
202400018803;155 748 666;7;0;9;4;15;1
202400018804;155 748 663;10;0;2;1;13;1
202400018804;155 748 664;10;0;2;1;1;1
202400018805;155 748 661;2;0;2;1;1;3
202400018805;155 748 662;1;0;2;1;1;5
202400018806;155 748 658;2;8;0;1;1;1
202400018807;155 748 659;34;0;2;1;1;1
202400018807;155 748 660;7;0;0;7;15;3
202400018808;155 748 656;7;0;2;3;21;1
202400018808;155 748 657;33;0;2;2;17;1
202400018809;155 748 652;2;0;0;0;26;3
202400018810;155 748 653;34;12;2;7;3;1
202400018810;155 748 654;7;0;2;8;2;2
202400018810;155 748 655;10;0;2;1;2;1
202400018811;155 748 651;7;0;1;4;20;1
202400018812;155 748 650;7;0;1;2;5;1
202400018813;155 748 648;1;0;0;0;1;5
202400018814;155 748 647;7;0;2;5;1;2
202400018814;155 748 649;50;0;2;1;26;3
202400018815;155 748 646;43;13;0;0;14;1
202400018816;155 748 641;7;0;2;4;23;1
202400018816;155 748 642;10;0;2;1;2;1
202400018816;155 748 644;7;0;2;4;23;1
202400018816;155 748 645;7;0;2;4;23;1
202400018817;155 748 640;33;0;2;1;26;1
202400018817;155 748 643;7;0;2;3;9;1
202400018818;155 748 638;7;16;9;1;1;1
202400018819;155 748 636;13;0;2;1;1;1
202400018819;155 748 637;7;0;2;4;1;1
202400018819;155 748 639;7;0;2;4;1;1
202400018820;155 748 635;35;1;0;1;0;1
202400018821;155 748 633;7;0;2;8;21;1
202400018821;155 748 634;7;0;2;7;1;1
202400018822;155 748 630;10;0;1;2;1;1
202400018823;155 748 631;7;0;2;3;7;1
202400018823;155 748 632;33;0;2;7;7;1
202400018824;155 748 629;7;0;1;2;1;1
202400018825;155 748 627;7;0;2;4;1;3
202400018825;155 748 628;7;0;2;1;1;1
202400018826;155 748 626;7;1;0;3;13;1
202400018827;155 748 624;7;0;2;2;5;1
202400018827;155 748 625;7;0;2;2;1;1
202400018828;155 748 622;7;0;2;8;0;1
202400018828;155 748 623;33;0;2;2;17;1
202400018829;155 748 620;14;0;2;1;12;1
202400018829;155 748 621;7;0;2;4;1;1
202400018830;155 748 618;7;0;2;1;1;1
202400018830;155 748 619;7;0;2;1;9;1
202400018831;155 748 617;7;4;0;3;0;1
202400018832;155 748 615;30;0;4;1;1;1
202400018832;155 748 616;39;0;2;7;1;0
202400018833;155 748 613;1;0;2;1;1;5
202400018833;155 748 614;7;3;2;1;1;1
202400018834;155 748 611;10;0;2;7;15;1
202400018834;155 748 612;2;0;2;1;1;1
202400018835;155 748 608;7;0;2;6;1;2
202400018835;155 748 609;7;0;9;4;1;1
202400018835;155 748 610;7;0;2;3;1;1
202400018836;155 748 605;7;0;2;8;1;1
202400018836;155 748 606;33;0;2;3;3;1
202400018836;155 748 607;10;0;2;7;12;1
202400018837;155 748 604;33;0;1;2;1;3
202400018838;155 748 602;30;0;2;1;1;1
202400018838;155 748 603;14;0;2;3;1;1
202400018839;155 748 600;1;0;2;6;1;5
202400018839;155 748 601;7;0;2;6;23;2
202400018840;155 748 598;7;0;2;1;1;1
202400018840;155 748 599;7;0;2;1;15;1
202400018841;155 748 596;7;0;2;2;15;2
202400018841;155 748 597;50;0;2;1;1;3
202400018842;155 748 594;60;0;2;1;1;5
202400018842;155 748 595;7;0;2;2;12;1
202400018843;155 748 593;33;0;1;2;21;1
202400018844;155 748 591;1;0;2;2;1;5
202400018844;155 748 592;1;0;2;1;5;5
202400018845;155 748 589;7;0;2;2;1;2
202400018845;155 748 590;1;0;2;4;1;5
202400018846;155 748 587;50;0;2;2;1;3
202400018846;155 748 588;7;0;2;3;1;1
202400018847;155 748 586;7;0;1;1;16;0
202400018848;155 748 584;7;0;2;5;15;1
202400018848;155 748 585;7;0;2;1;1;1
202400018849;155 748 583;7;0;1;1;26;6
202400018850;155 748 582;7;0;1;1;15;1
202400018851;155 748 580;7;0;2;7;1;1
202400018851;155 748 581;7;0;2;3;1;1
202400018852;155 748 578;7;0;2;1;26;2
202400018852;155 748 579;7;0;2;4;2;1
202400018853;155 748 576;33;14;2;2;26;1
202400018853;155 748 577;7;14;2;8;26;3
202400018854;155 748 575;7;0;1;1;15;2
202400018855;155 748 574;7;3;0;1;1;1
202400018856;155 748 573;7;0;1;1;19;1
202400018857;155 748 571;1;0;2;1;16;5
202400018857;155 748 572;7;0;9;5;1;2
202400018858;155 748 569;2;0;2;1;2;1
202400018858;155 748 570;7;0;2;2;15;1
202400018859;155 748 566;31;0;2;7;0;1
202400018859;155 748 567;30;0;0;0;0;1
202400018859;155 748 568;7;0;0;0;0;1
202400018860;155 748 564;33;0;2;1;1;1
202400018860;155 748 565;50;0;2;7;19;3
202400018861;155 748 562;21;0;2;6;1;1
202400018861;155 748 563;10;0;2;2;17;1
202400018862;155 748 561;10;2;0;1;1;1
202400018863;155 748 560;33;8;0;1;13;1
202400018864;155 748 558;7;0;2;1;1;3
202400018864;155 748 559;7;0;2;1;5;1
202400018865;155 748 557;7;0;0;0;1;1
202400018866;155 748 555;7;0;2;3;2;1
202400018866;155 748 556;7;0;0;5;1;1
202400018867;155 748 552;7;1;2;2;2;1
202400018867;155 748 553;7;0;2;1;2;1
202400018867;155 748 554;10;0;2;4;1;1
202400018868;155 748 550;7;0;2;8;15;2
202400018868;155 748 551;33;0;2;1;1;1
202400018869;155 748 549;36;2;0;0;1;1
202400018870;155 748 548;7;0;1;2;1;1
202400018871;155 748 547;7;2;0;1;13;1
202400018872;155 748 545;33;0;2;1;1;1
202400018872;155 748 546;10;0;2;1;15;1
202400018873;155 748 542;2;0;0;9;14;1
202400018874;155 748 540;7;0;2;2;15;1
202400018874;155 748 541;2;0;2;2;1;1
202400018875;155 748 538;7;0;2;1;0;1
202400018875;155 748 539;7;0;2;3;0;1
202400018876;155 748 534;7;0;2;1;9;1
202400018876;155 748 535;7;0;2;7;1;1
202400018877;155 748 532;33;0;2;1;11;1
202400018877;155 748 533;1;1;2;6;2;5
202400018878;155 748 530;2;0;9;2;1;1
202400018878;155 748 531;7;0;2;7;15;1
202400018879;155 748 529;7;17;0;1;14;1
202400018880;155 748 528;33;15;0;7;1;1
202400018881;155 748 527;7;15;0;8;0;1
202400018882;155 748 525;14;4;2;3;1;1
202400018882;155 748 526;7;0;2;3;13;1
202400018883;155 748 523;33;0;2;3;15;1
202400018883;155 748 524;7;0;2;2;1;1
202400018884;155 748 522;33;0;0;1;1;1
202400018885;155 748 520;7;0;2;1;5;1
202400018885;155 748 521;7;0;2;1;1;1
202400018886;155 748 518;2;0;2;2;2;1
202400018886;155 748 519;7;0;2;3;2;1
202400018887;155 748 517;7;6;0;3;26;1
202400018888;155 748 515;7;0;2;2;1;0
202400018888;155 748 516;7;0;2;2;17;1
202400018889;155 748 513;7;0;2;1;1;1
202400018889;155 748 514;2;0;2;1;1;1
202400018890;155 748 511;7;0;1;2;1;1
202400018891;155 748 510;7;2;0;1;1;1
202400018892;155 748 509;2;2;0;2;1;1
202400018893;155 748 508;33;0;0;7;1;1
202400018894;155 748 506;33;0;2;8;13;1
202400018894;155 748 507;7;0;2;8;1;1
202400018895;155 748 504;7;0;2;1;15;1
202400018895;155 748 505;33;0;2;1;1;1
202400018896;155 748 503;7;0;1;3;0;1
202400018897;155 748 502;7;3;0;2;0;1
202400018898;155 748 501;7;13;0;9;1;1
202400018899;155 748 500;7;0;1;3;1;1
202400018900;155 748 498;7;4;2;1;11;1
202400018900;155 748 499;7;0;2;4;1;1
202400018901;155 748 496;10;3;0;1;2;1
202400018902;155 748 494;7;0;0;6;1;1
202400018902;155 748 495;7;0;2;2;2;1
202400018903;155 748 492;10;0;2;3;1;1
202400018903;155 748 493;32;0;2;1;1;1
202400018904;155 748 490;7;0;2;1;1;1
202400018904;155 748 491;7;0;2;1;17;1
202400018905;155 748 487;7;0;2;2;2;1
202400018905;155 748 488;1;0;2;4;0;5
202400018906;155 748 485;7;0;2;2;1;1
202400018906;155 748 486;33;0;2;1;13;1
202400018907;155 748 484;2;0;0;0;1;1
202400018908;155 748 482;33;0;2;1;2;1
202400018908;155 748 483;14;0;2;4;2;1
202400018909;155 748 481;33;0;0;0;1;1
202400018910;155 748 480;7;0;0;9;13;1
202400018911;155 748 479;21;1;0;2;9;1
202400018912;155 748 477;7;0;2;3;16;1
202400018912;155 748 478;7;0;0;7;1;1
202400018913;155 748 476;33;13;0;0;1;1
202400018914;155 748 472;1;0;0;6;2;5
202400018914;155 748 473;1;0;0;6;2;5
202400018914;155 748 474;7;0;0;7;17;1
202400018915;155 748 470;2;8;0;1;1;1
202400018916;155 748 466;7;1;0;1;2;1
202400018916;155 748 467;7;0;2;4;23;1
202400018917;155 748 464;7;0;2;4;1;3
202400018917;155 748 465;7;0;2;1;1;1
202400018918;155 748 462;7;0;2;5;1;1
202400018918;155 748 463;10;0;2;1;1;1
202400018919;155 748 460;7;0;2;6;21;1
202400018919;155 748 461;7;0;2;2;17;1
202400018920;155 748 458;7;4;2;3;11;1
202400018920;155 748 459;15;0;2;5;1;1
202400018921;155 748 456;10;0;2;1;1;0
202400018921;155 748 457;7;0;2;4;1;0
202400018922;155 748 454;7;4;0;3;1;1
202400018922;155 748 455;7;0;0;8;1;2
202400018923;155 748 452;7;0;2;1;5;1
202400018923;155 748 453;7;0;2;1;2;1
202400018924;155 748 450;7;0;2;1;2;1
202400018924;155 748 451;7;0;2;4;2;2
202400018925;155 748 449;7;4;0;1;21;1
202400018926;155 748 447;33;0;2;3;3;1
202400018926;155 748 448;7;0;2;7;12;2
202400018927;155 748 445;7;0;2;3;11;1
202400018927;155 748 446;33;0;2;7;1;1
202400018928;155 748 443;33;0;2;3;3;1
202400018928;155 748 444;7;0;2;5;12;1
202400018929;155 748 441;32;0;2;2;3;1
202400018929;155 748 442;7;0;2;8;11;2
202400018930;155 748 440;7;0;1;1;1;1
202400018931;155 748 439;7;7;0;1;1;1
202400018932;155 748 438;7;0;1;2;1;1
202400018933;155 748 437;7;0;1;1;1;1
202400018934;155 748 434;7;0;2;1;6;1
202400018934;155 748 435;10;0;2;6;2;1
202400018934;155 748 436;7;0;2;1;2;2
202400018935;155 748 432;50;0;2;2;0;3
202400018935;155 748 433;7;0;2;3;26;1
202400018936;155 748 431;7;0;1;1;1;1
202400018937;155 748 429;7;1;0;2;1;1
202400018937;155 748 430;7;0;0;0;0;1
202400018938;155 748 427;10;0;2;4;2;1
202400018938;155 748 428;7;0;2;4;2;1
202400018939;155 748 426;7;3;0;7;12;1
202400018940;155 748 424;10;0;9;7;15;1
202400018940;155 748 425;50;0;2;1;1;3
202400018941;155 748 422;33;0;2;6;1;1
202400018941;155 748 423;7;0;2;5;14;1
202400018942;155 748 420;7;0;2;3;10;1
202400018942;155 748 421;32;0;2;1;1;1
202400018943;155 748 418;7;0;2;8;1;1
202400018943;155 748 419;7;0;2;7;17;1
202400018944;155 748 416;30;0;2;1;1;1
202400018944;155 748 417;7;0;2;2;15;1
202400018945;155 748 415;7;0;1;5;1;1
202400018946;155 748 414;30;0;0;0;1;1
202400018947;155 748 412;7;0;2;8;15;1
202400018947;155 748 413;34;0;2;7;2;1
202400018948;155 748 408;33;0;2;7;3;1
202400018948;155 748 409;7;0;2;8;13;1
202400018949;155 748 406;1;0;2;8;0;5
202400018949;155 748 407;33;0;2;1;1;1
202400018950;155 748 405;7;0;1;5;20;2
202400018951;155 748 404;7;0;1;1;15;1
202400018952;155 748 402;7;0;2;3;26;1
202400018952;155 748 403;38;0;2;3;1;1
202400018953;155 748 399;7;0;2;1;2;0
202400018953;155 748 400;7;0;2;1;2;0
202400018953;155 748 401;7;0;2;4;2;0
202400018954;155 748 397;7;0;2;4;2;1
202400018954;155 748 398;38;0;2;1;2;1
202400018955;155 748 395;33;0;2;7;15;1
202400018955;155 748 396;7;0;2;2;0;1
202400018956;155 748 393;7;0;2;3;15;1
202400018956;155 748 394;2;0;2;1;17;1
202400018957;155 748 392;7;6;0;1;1;1
202400018958;155 748 390;7;0;2;3;15;1
202400018958;155 748 391;7;0;2;8;1;1
202400018959;155 748 388;7;0;2;4;1;1
202400018959;155 748 389;7;0;2;1;1;1
202400018960;155 748 386;7;0;2;3;15;1
202400018960;155 748 387;2;0;2;8;1;1
202400018961;155 748 385;7;0;0;9;1;1
202400018962;155 748 384;7;8;9;1;1;1
202400018963;155 748 382;33;0;2;1;5;1
202400018963;155 748 383;7;0;2;1;1;1
202400018964;155 748 381;7;2;0;2;15;1
202400018965;155 748 380;7;0;1;4;4;1
202400018966;155 748 376;7;0;2;1;11;1
202400018966;155 748 377;7;0;2;1;1;1
202400018966;155 748 378;7;0;2;1;1;1
202400018966;155 748 379;10;0;2;1;1;1
202400018967;155 748 373;1;0;0;1;2;5
202400018967;155 748 374;7;0;0;3;9;1
202400018968;155 748 371;31;0;0;3;2;1
202400018968;155 748 372;7;0;0;3;15;1
202400018969;155 748 369;10;0;2;1;1;1
202400018969;155 748 370;50;0;2;8;15;3
202400018970;155 748 368;36;13;0;9;1;1
202400018971;155 748 365;2;0;2;1;26;1
202400018971;155 748 366;7;0;2;2;19;1
202400018972;155 748 363;10;0;0;3;0;1
202400018972;155 748 364;2;0;2;1;0;1
202400018973;155 748 361;37;0;2;2;17;1
202400018973;155 748 362;1;0;2;8;13;5
202400018974;155 748 359;7;0;2;1;0;1
202400018974;155 748 360;1;0;2;1;0;5
202400018975;155 748 358;33;0;0;9;1;1
202400018976;155 748 356;7;0;2;1;1;1
202400018976;155 748 357;7;0;2;6;23;1
202400018977;155 748 353;7;0;2;4;1;1
202400018977;155 748 354;33;0;2;2;11;1
202400018978;155 748 352;10;4;0;2;1;1
202400018979;155 748 351;7;4;0;1;0;1
202400018980;155 748 350;7;4;0;3;13;1
202400018981;155 748 348;7;0;2;1;2;1
202400018981;155 748 349;7;0;2;4;2;2
202400018982;155 748 346;7;0;0;4;1;1
202400018982;155 748 347;7;0;2;1;1;1
202400018983;155 748 344;7;0;1;3;12;1
202400018983;155 748 345;7;0;2;0;11;1
202400018984;155 748 341;7;0;0;8;26;1
202400018984;155 748 342;10;0;2;3;1;1
202400018984;155 748 343;7;1;2;3;1;1
202400018985;155 748 338;7;2;0;1;0;0
202400018986;155 748 337;7;0;2;1;1;1
202400018986;155 748 339;7;0;2;4;1;1
202400018986;155 748 340;7;0;2;4;1;1
202400018987;155 748 336;7;8;0;0;26;1
202400018988;155 748 335;7;3;0;1;1;1
202400018989;155 748 333;7;0;2;5;12;1
202400018989;155 748 334;2;0;2;3;3;1
202400018990;155 748 331;7;4;2;2;2;1
202400018990;155 748 332;7;4;2;6;1;1
202400018991;155 748 327;7;0;2;4;1;1
202400018991;155 748 329;7;0;2;1;2;1
202400018991;155 748 330;7;0;2;1;2;1
202400018992;155 748 326;7;1;0;1;1;1
202400018992;155 748 328;7;0;2;4;23;1
202400018993;155 748 323;15;0;2;4;1;1
202400018993;155 748 325;7;0;2;1;1;1
202400018994;155 748 322;7;0;2;5;1;1
202400018994;155 748 324;7;0;2;3;13;1
202400018995;155 748 319;7;0;2;4;1;1
202400018995;155 748 321;7;0;2;1;1;1
202400018996;155 748 316;10;0;2;8;13;1
202400018996;155 748 317;43;0;2;7;3;1
202400018997;155 748 315;17;0;2;6;23;1
202400018997;155 748 318;7;1;0;3;26;1
202400018997;155 748 320;17;0;2;5;20;6
202400018998;155 748 312;7;14;9;1;26;1
202400018999;155 748 310;7;0;0;0;0;1
202400018999;155 748 311;7;0;2;4;1;1
202400018999;155 748 313;7;0;2;1;1;1
202400018999;155 748 314;7;0;2;1;1;1
202400019000;155 748 307;60;0;2;0;0;5
202400019000;155 748 309;30;0;1;2;1;-1
202400019001;155 748 306;7;0;2;3;2;1
202400019001;155 748 308;7;0;2;5;1;1
202400019002;155 748 303;7;0;9;3;1;1
202400019002;155 748 305;1;0;2;6;2;5
202400019003;155 748 301;7;1;0;1;1;1
202400019003;155 748 302;99;1;0;5;23;1
202400019003;155 748 304;10;1;0;4;23;1
202400019004;155 748 300;7;0;1;2;15;1
202400019005;155 748 296;10;0;2;1;2;1
202400019005;155 748 298;7;0;2;4;1;1
202400019005;155 748 299;7;0;2;4;2;1
202400019006;155 748 295;7;0;9;2;1;1
202400019006;155 748 297;99;0;9;8;0;3
202400019007;155 748 293;7;0;1;1;18;1
202400019008;155 748 291;7;0;2;9;1;1
202400019008;155 748 292;7;0;2;1;1;1
202400019008;155 748 294;7;0;2;1;1;1
202400019009;155 748 288;7;0;2;2;15;1
202400019009;155 748 290;33;0;2;1;26;1
202400019010;155 748 285;33;6;0;1;17;1
202400019011;155 748 284;10;0;2;1;2;1
202400019011;155 748 286;10;0;2;4;23;1
202400019011;155 748 287;7;0;2;4;23;1
202400019011;155 748 289;7;0;2;4;23;1
202400019012;155 748 282;7;0;1;2;1;1
202400019013;155 748 281;7;0;2;1;2;1
202400019013;155 748 283;7;0;2;4;1;1
202400019014;155 748 279;7;0;2;1;1;1
202400019014;155 748 280;7;0;2;2;1;2
202400019015;155 748 277;7;0;2;7;12;1
202400019015;155 748 278;33;0;2;8;3;1
202400019016;155 748 276;7;16;0;9;21;1
202400019017;155 748 274;33;0;2;1;1;1
202400019017;155 748 275;10;0;0;8;15;1
202400019018;155 748 272;10;0;2;7;12;0
202400019018;155 748 273;33;0;2;1;3;0
202400019019;155 748 271;33;4;0;1;15;1
202400019020;155 748 268;33;0;2;1;3;1
202400019020;155 748 269;7;0;2;6;11;1
202400019020;155 748 270;7;0;2;6;1;1
202400019021;155 748 267;7;4;0;1;21;1
202400019022;155 748 266;7;0;2;5;11;1
202400019023;155 748 263;7;4;0;1;1;1
202400019024;155 748 262;7;0;2;3;1;1
202400019024;155 748 264;7;0;2;1;1;1
202400019024;155 748 265;7;13;2;1;17;1
202400019025;155 748 258;1;1;0;1;0;5
202400019025;155 748 260;10;0;0;6;24;1
202400019026;155 748 257;7;1;2;1;1;1
202400019026;155 748 259;7;3;2;1;13;1
202400019026;155 748 261;7;1;2;1;1;1
202400019027;155 748 256;7;0;0;0;14;1
202400019028;155 748 254;7;4;2;8;13;1
202400019028;155 748 255;37;0;2;6;1;1
202400019029;155 748 252;33;0;0;0;0;1
202400019030;155 748 251;33;0;2;1;26;1
202400019030;155 748 253;2;0;2;4;0;1
202400019031;155 748 250;41;0;0;0;0;1
202400019032;155 748 249;50;12;0;8;1;3
202400019033;155 748 247;7;0;2;4;23;1
202400019033;155 748 248;60;0;2;1;2;5
202400019034;155 748 245;7;0;2;0;13;1
202400019034;155 748 246;7;6;2;6;1;1
202400019035;155 748 243;43;0;2;1;12;1
202400019035;155 748 244;7;0;2;4;12;1
202400019036;155 748 238;7;0;2;0;1;1
202400019036;155 748 241;7;0;2;0;23;1
202400019037;155 748 239;7;0;2;8;11;1
202400019037;155 748 242;34;0;2;7;17;1
202400019038;155 748 237;33;0;2;1;17;1
202400019038;155 748 240;7;0;2;8;10;1
202400019039;155 748 235;7;0;1;8;1;1
202400019040;155 748 234;7;0;1;1;1;1
202400019041;155 748 233;10;15;2;4;15;1
202400019041;155 748 236;7;0;2;1;1;1
202400019042;155 748 232;7;0;1;2;1;1
202400019043;155 748 231;7;0;1;2;26;1
202400019044;155 748 230;7;14;1;1;2;1
202400019045;155 748 228;34;8;2;2;17;1
202400019045;155 748 229;7;0;2;3;1;2
202400019046;155 748 227;7;13;0;9;19;2
202400019047;155 748 225;7;2;0;2;17;1
202400019048;155 748 223;1;0;2;1;26;5
202400019048;155 748 226;7;0;2;6;26;1
202400019049;155 748 222;7;0;2;1;1;1
202400019049;155 748 224;7;0;2;1;15;1
202400019050;155 748 221;7;0;1;3;1;1
202400019051;155 748 218;7;0;2;2;15;1
202400019051;155 748 220;50;0;2;1;19;3
202400019052;155 748 217;7;0;1;3;15;1
202400019053;155 748 216;33;0;2;1;1;1
202400019053;155 748 219;10;0;2;8;15;0
202400019054;155 748 215;7;7;0;1;14;1
202400019055;155 748 212;7;0;2;1;1;1
202400019055;155 748 214;7;0;2;2;1;1
202400019056;155 748 211;7;0;2;1;1;0
202400019056;155 748 213;7;0;2;6;0;1
202400019057;155 748 210;34;0;1;1;1;1
202400019058;155 748 209;50;0;0;1;1;3
202400019059;155 748 208;7;0;0;0;1;1
202400019060;155 748 205;32;0;2;1;16;1
202400019060;155 748 206;7;0;2;2;15;1
202400019061;155 748 203;10;0;2;3;16;1
202400019061;155 748 207;43;0;2;1;2;1
202400019062;155 748 201;7;0;2;4;2;1
202400019062;155 748 204;7;0;2;1;2;1
202400019063;155 748 200;10;0;9;2;1;1
202400019063;155 748 202;30;0;2;1;19;1
202400019064;155 748 197;33;0;2;1;1;1
202400019064;155 748 198;7;0;2;2;15;1
202400019065;155 748 196;13;0;2;5;15;6
202400019065;155 748 199;33;0;2;1;1;1
202400019066;155 748 191;7;0;2;1;2;1
202400019066;155 748 193;7;0;2;4;2;1