Num_Acc;id_vehicule;catv;obs;obsm;choc;manv;motor
202400019439;155 747 563;7;4;2;1;14;1
202400019439;155 747 565;7;4;2;4;2;1
202400019440;155 747 560;17;1;2;1;1;1
202400019440;155 747 562;7;1;2;1;1;1
202400019440;155 747 566;15;0;2;1;24;1
202400019440;155 747 567;15;3;2;6;24;1
202400019441;155 747 561;33;0;2;1;16;1
202400019441;155 747 564;7;0;2;8;11;1
202400019442;155 747 557;2;12;0;1;1;1
202400019443;155 747 555;33;0;2;1;1;1
202400019443;155 747 558;7;0;2;5;1;1
202400019443;155 747 559;7;0;2;4;1;1
202400019444;155 747 551;7;0;2;2;17;1
202400019444;155 747 553;2;0;0;6;15;1
202400019445;155 747 549;7;0;2;5;1;1
202400019445;155 747 552;7;0;2;1;1;2
202400019445;155 747 554;7;0;2;2;15;1
202400019445;155 747 556;7;0;2;2;1;3
202400019446;155 747 547;7;0;2;1;1;1
202400019446;155 747 548;7;0;2;4;1;2
202400019446;155 747 550;7;0;2;4;1;2
202400019447;155 747 545;7;0;1;2;1;1
202400019448;155 747 544;99;0;2;3;1;1
202400019448;155 747 546;80;0;2;1;11;3
202400019449;155 747 539;7;0;2;4;1;1
202400019449;155 747 542;33;0;2;7;3;1
202400019449;155 747 543;7;0;2;8;1;1
202400019450;155 747 538;7;0;2;5;2;1
202400019450;155 747 541;7;0;2;3;2;1
202400019451;155 747 537;33;0;0;2;1;1
202400019452;155 747 534;7;0;2;8;15;1
202400019452;155 747 536;10;0;2;1;1;1
202400019453;155 747 533;7;0;1;3;16;1
202400019454;155 747 532;7;0;2;2;12;2
202400019454;155 747 535;7;0;2;6;1;1
202400019454;155 747 540;7;0;2;7;1;1
202400019455;155 747 530;10;3;0;8;1;2
202400019456;155 747 528;7;3;0;4;1;1
202400019457;155 747 527;7;3;2;1;11;1
202400019458;155 747 529;7;0;2;8;1;1
202400019458;155 747 531;7;0;2;1;1;1
202400019459;155 747 526;33;4;0;3;16;1
202400019460;155 747 524;1;0;2;2;5;5
202400019460;155 747 525;7;0;2;1;16;1
202400019461;155 747 523;30;14;0;0;1;1
202400019462;155 747 522;7;4;0;0;0;1
202400019463;155 747 520;7;0;2;7;9;1
202400019463;155 747 521;50;0;2;7;9;3
202400019464;155 747 518;7;0;2;1;2;1
202400019464;155 747 519;7;0;2;4;2;1
202400019465;155 747 517;7;0;1;7;1;1
202400019466;155 747 516;7;4;0;3;26;1
202400019467;155 747 515;7;2;0;2;14;1
202400019468;155 747 513;7;0;2;4;1;1
202400019468;155 747 514;30;0;2;1;2;1
202400019469;155 747 512;7;0;1;3;19;1
202400019470;155 747 511;1;0;0;1;2;5
202400019471;155 747 510;7;0;1;1;15;1
202400019472;155 747 508;7;4;0;0;0;1
202400019473;155 747 507;7;0;2;1;1;1
202400019473;155 747 509;10;0;2;5;1;1
202400019474;155 747 506;7;13;0;1;0;1
202400019475;155 747 505;37;0;0;0;1;1
202400019476;155 747 502;7;0;2;3;13;1
202400019476;155 747 504;7;0;2;3;1;1
202400019477;155 747 501;1;0;2;0;0;5
202400019477;155 747 503;7;0;2;0;0;1
202400019478;155 747 497;80;0;2;1;1;3
202400019478;155 747 499;7;0;2;7;16;1
202400019479;155 747 498;2;0;0;4;16;1
202400019479;155 747 500;7;0;2;2;1;1
202400019480;155 747 496;33;9;0;7;1;1
202400019481;155 747 495;10;0;1;1;1;1
202400019482;155 747 492;7;0;2;8;19;1
202400019482;155 747 494;2;0;2;1;1;1
202400019483;155 747 493;33;0;2;8;3;1
202400019484;155 747 490;7;1;0;2;14;2
202400019485;155 747 488;99;0;2;2;17;1
202400019485;155 747 491;15;0;2;6;1;1
202400019486;155 747 487;7;0;2;8;1;1
202400019486;155 747 489;7;0;2;2;14;1
202400019487;155 747 484;10;17;0;2;14;1
202400019488;155 747 481;33;0;0;8;1;1
202400019489;155 747 480;34;0;2;1;0;1
202400019489;155 747 482;7;0;2;3;9;1
202400019490;155 747 477;7;0;2;1;2;1
202400019490;155 747 478;3;0;2;4;2;1
202400019491;155 747 479;7;0;1;3;1;1
202400019492;155 747 476;7;0;1;1;0;1
202400019493;155 747 474;7;0;2;4;1;1
202400019493;155 747 475;7;0;2;1;2;1
202400019494;155 747 473;7;4;0;1;1;1
202400019495;155 747 467;7;0;2;1;26;1
202400019495;155 747 468;1;0;2;7;1;5
202400019496;155 747 466;7;0;1;3;1;1
202400019497;155 747 464;7;0;2;3;19;1
202400019497;155 747 465;7;0;2;1;1;1
202400019498;155 747 462;33;0;2;7;26;1
202400019498;155 747 463;7;0;2;1;1;1
202400019499;155 747 461;38;8;0;7;1;1
202400019500;155 747 460;7;0;1;1;1;0
202400019501;155 747 459;7;2;0;3;13;1
202400019502;155 747 457;7;0;2;1;26;1
202400019502;155 747 458;7;0;2;4;0;1
202400019503;155 747 455;7;0;2;3;15;1
202400019503;155 747 456;1;0;2;8;18;5
202400019504;155 747 453;33;5;0;9;1;1
202400019504;155 747 454;33;5;0;0;21;1
202400019505;155 747 452;7;0;1;1;1;1
202400019506;155 747 451;0;0;1;6;4;0
202400019507;155 747 450;33;0;6;1;1;1
202400019508;155 747 448;7;0;2;1;2;1
202400019508;155 747 449;32;0;2;4;2;1
202400019509;155 747 446;7;0;2;1;13;1
202400019509;155 747 447;7;0;2;1;1;1
202400019510;155 747 444;7;0;1;1;1;2
202400019511;155 747 441;7;0;2;3;13;1
202400019511;155 747 442;7;0;2;3;1;1
202400019512;155 747 443;7;0;2;3;1;1
202400019512;155 747 445;7;0;2;3;15;1
202400019513;155 747 438;7;0;2;1;17;2
202400019513;155 747 440;7;0;2;1;1;1
202400019514;155 747 437;7;0;2;0;0;1
202400019514;155 747 439;30;0;2;0;0;1
202400019515;155 747 436;33;0;0;8;1;1
202400019516;155 747 434;7;0;2;1;15;1
202400019516;155 747 435;31;0;2;1;1;1
202400019517;155 747 433;7;15;0;0;1;1
202400019518;155 747 431;37;0;1;7;9;1
202400019519;155 747 430;2;0;2;3;0;1
202400019519;155 747 432;15;0;0;5;1;1
202400019520;155 747 429;7;0;1;2;1;1
202400019521;155 747 428;33;0;0;0;1;1
202400019522;155 747 426;99;0;1;2;20;1
202400019523;155 747 424;7;1;0;3;0;1
202400019523;155 747 425;7;0;2;3;24;2
202400019524;155 747 423;7;3;0;2;2;1
202400019525;155 747 422;99;13;0;1;0;1
202400019526;155 747 421;33;0;0;0;21;1
202400019527;155 747 419;33;0;2;1;1;1
202400019527;155 747 420;7;0;2;3;1;1
202400019528;155 747 418;7;3;0;1;1;1
202400019529;155 747 416;7;0;2;3;9;2
202400019529;155 747 417;33;0;2;1;26;1
202400019530;155 747 415;7;1;2;2;1;1
202400019531;155 747 414;7;0;1;2;1;1
202400019532;155 747 413;7;0;1;1;1;1
202400019533;155 747 411;10;0;9;0;0;1
202400019533;155 747 412;50;0;2;0;1;3
202400019534;155 747 407;14;0;2;1;13;1
202400019534;155 747 408;15;0;2;6;2;1
202400019535;155 747 404;7;0;2;1;2;1
202400019535;155 747 405;7;0;2;4;2;1
202400019535;155 747 406;7;0;0;0;0;1
202400019536;155 747 399;7;0;2;9;0;1
202400019536;155 747 400;37;0;2;0;0;0
202400019536;155 747 401;7;0;2;9;0;1
202400019536;155 747 402;7;0;2;9;0;1
202400019536;155 747 403;7;0;2;1;0;1
202400019537;155 747 396;34;0;2;8;26;1
202400019537;155 747 397;7;0;2;0;12;2
202400019537;155 747 398;7;0;2;5;23;1
202400019538;155 747 394;31;0;2;1;26;1
202400019538;155 747 395;10;0;2;7;14;2
202400019539;155 747 392;7;1;2;1;1;1
202400019539;155 747 393;7;0;2;4;0;1
202400019540;155 747 390;7;0;2;6;1;1
202400019540;155 747 391;32;0;2;1;2;1
202400019541;155 747 389;33;0;0;7;3;1
202400019542;155 747 387;33;0;2;1;1;1
202400019542;155 747 388;7;0;2;1;1;1
202400019543;155 747 385;7;0;2;2;15;1
202400019543;155 747 386;7;0;2;1;1;0
202400019544;155 747 384;7;0;1;1;1;1
202400019545;155 747 382;2;0;2;1;1;1
202400019545;155 747 383;7;0;2;2;15;1
202400019546;155 747 381;99;0;9;7;17;0
202400019547;155 747 379;33;0;2;1;1;1
202400019547;155 747 380;7;0;2;4;1;1
202400019548;155 747 376;7;0;2;3;1;1
202400019548;155 747 377;7;0;2;6;26;2
202400019548;155 747 378;2;0;2;1;9;1
202400019549;155 747 374;7;9;2;5;16;1
202400019549;155 747 375;1;0;2;0;0;0
202400019550;155 747 372;50;0;2;8;19;3
202400019550;155 747 373;7;0;2;2;1;1
202400019551;155 747 370;7;0;2;3;1;1
202400019551;155 747 371;7;0;2;3;15;1
202400019552;155 747 369;7;8;0;1;14;1
202400019553;155 747 367;7;0;9;0;0;0
202400019553;155 747 368;1;0;2;0;0;5
202400019554;155 747 365;7;0;0;0;0;1
202400019554;155 747 366;1;0;2;1;5;5
202400019555;155 747 362;7;0;2;7;15;1
202400019555;155 747 363;7;0;2;1;1;1
202400019555;155 747 364;7;0;2;-1;2;-1
202400019556;155 747 361;7;0;1;1;19;1
202400019557;155 747 360;7;0;1;2;1;0
202400019558;155 747 358;7;0;2;9;1;1
202400019558;155 747 359;14;0;2;3;13;1
202400019559;155 747 356;30;0;2;1;1;1
202400019559;155 747 357;7;0;2;4;23;1
202400019560;155 747 355;30;12;0;1;0;1
202400019561;155 747 354;7;8;0;1;1;1
202400019562;155 747 353;32;0;0;0;1;1
202400019563;155 747 351;7;6;0;2;1;3
202400019563;155 747 352;50;0;2;1;1;3
202400019564;155 747 349;7;0;2;1;6;1
202400019564;155 747 350;80;0;2;1;2;2
202400019565;155 747 347;7;0;9;8;15;2
202400019565;155 747 348;1;0;2;1;15;5
202400019566;155 747 345;33;0;2;1;1;1
202400019566;155 747 346;7;0;2;1;15;1
202400019567;155 747 344;50;0;1;1;1;3
202400019568;155 747 342;7;0;2;2;12;1
202400019568;155 747 343;33;0;2;8;1;1
202400019569;155 747 340;7;0;2;1;9;1
202400019569;155 747 341;7;0;2;4;1;1
202400019570;155 747 338;7;0;2;1;1;1
202400019570;155 747 339;80;0;2;4;1;3
202400019571;155 747 334;7;0;2;4;23;1
202400019571;155 747 335;7;0;2;4;23;1
202400019571;155 747 336;37;15;2;1;1;1
202400019571;155 747 337;7;0;2;4;23;1
202400019572;155 747 332;36;0;2;2;17;3
202400019572;155 747 333;1;0;2;3;2;5
202400019573;155 747 331;30;1;0;1;1;1
202400019574;155 747 330;50;1;0;1;14;3
202400019575;155 747 327;1;1;0;1;2;5
202400019575;155 747 328;7;0;0;4;24;1
202400019576;155 747 325;10;0;2;3;1;3
202400019576;155 747 326;7;0;2;6;1;1
202400019577;155 747 324;7;0;1;4;4;1
202400019578;155 747 321;7;0;2;4;1;1
202400019578;155 747 322;7;0;2;4;2;1
202400019578;155 747 323;7;0;2;1;2;2
202400019579;155 747 320;7;0;1;0;0;0
202400019580;155 747 318;7;0;1;3;2;1
202400019581;155 747 317;7;0;2;1;1;1
202400019581;155 747 319;50;0;2;3;1;3
202400019582;155 747 314;10;0;2;6;15;1
202400019582;155 747 315;33;0;2;1;15;1
202400019583;155 747 311;7;0;2;1;2;1
202400019583;155 747 312;7;0;2;4;2;1
202400019584;155 747 309;7;0;2;3;21;1
202400019584;155 747 310;7;0;2;3;21;1
202400019584;155 747 313;17;0;2;6;21;1
202400019585;155 747 307;3;0;2;1;11;3
202400019585;155 747 308;33;0;2;1;1;1
202400019586;155 747 306;10;2;0;3;13;1
202400019587;155 747 303;2;0;2;1;1;1
202400019587;155 747 305;7;0;2;1;17;1
202400019588;155 747 304;7;8;0;1;2;1
202400019589;155 747 301;7;0;2;2;15;1
202400019589;155 747 302;2;0;2;1;17;1
202400019590;155 747 300;7;0;1;0;9;1
202400019591;155 747 298;7;2;0;2;1;1
202400019592;155 747 297;7;0;2;2;1;1
202400019592;155 747 299;7;0;2;3;1;1
202400019593;155 747 295;7;0;2;2;15;1
202400019593;155 747 296;2;0;2;1;19;1
202400019594;155 747 294;7;14;0;1;1;1
202400019595;155 747 292;7;15;0;8;1;1
202400019596;155 747 291;7;0;2;4;15;1
202400019596;155 747 293;10;0;2;1;1;1
202400019597;155 747 289;7;0;2;4;2;1
202400019597;155 747 290;33;0;2;1;2;1
202400019598;155 747 287;7;0;0;0;9;0
202400019598;155 747 288;7;0;2;2;1;1
202400019599;155 747 285;7;0;0;0;0;0
202400019599;155 747 286;32;4;2;0;1;1
202400019600;155 747 284;7;15;0;1;1;1
202400019601;155 747 281;31;0;1;1;1;0
202400019602;155 747 278;38;0;1;0;1;1
202400019603;155 747 277;7;9;0;1;1;1
202400019604;155 747 276;33;1;0;1;26;1
202400019605;155 747 274;7;0;2;1;0;1
202400019605;155 747 275;20;0;2;1;1;1
202400019606;155 747 273;7;7;0;1;1;1
202400019607;155 747 271;15;0;2;1;1;1
202400019607;155 747 272;7;5;2;1;13;1
202400019608;155 747 268;7;2;0;1;1;1
202400019609;155 747 269;34;0;2;3;19;1
202400019609;155 747 270;7;0;2;3;11;1
202400019610;155 747 267;40;0;1;2;26;3
202400019611;155 747 265;7;0;2;2;17;1
202400019611;155 747 266;7;0;0;6;2;1
202400019612;155 747 263;50;0;2;8;19;3
202400019612;155 747 264;7;0;2;2;1;1
202400019613;155 747 262;33;0;0;8;1;1
202400019614;155 747 259;3;0;2;0;0;1
202400019614;155 747 261;10;0;2;2;1;1
202400019615;155 747 258;50;0;2;1;1;3
202400019615;155 747 260;7;0;2;4;4;1
202400019616;155 747 255;2;0;2;3;1;1
202400019616;155 747 257;10;0;2;3;1;1
202400019617;155 747 254;7;0;2;2;17;1
202400019617;155 747 256;2;0;0;8;15;1
202400019618;155 747 252;10;13;0;9;0;1
202400019619;155 747 251;33;0;2;7;3;1
202400019619;155 747 253;7;0;2;3;1;0
202400019620;155 747 249;15;0;0;4;2;1
202400019620;155 747 250;10;3;2;1;2;1
202400019621;155 747 247;7;0;2;6;1;1
202400019621;155 747 248;7;0;2;6;0;0
202400019622;155 747 244;7;0;1;4;4;1
202400019623;155 747 241;7;0;2;1;1;1
202400019623;155 747 243;7;0;2;4;1;1
202400019623;155 747 245;7;3;0;9;1;1
202400019623;155 747 246;7;0;2;9;1;1
202400019624;155 747 240;7;0;2;3;15;1
202400019624;155 747 242;31;0;2;3;1;1
202400019625;155 747 238;33;0;2;1;1;1
202400019625;155 747 239;7;0;2;6;11;0
202400019626;155 747 237;7;1;0;2;1;3
202400019627;155 747 236;7;17;0;1;1;1
202400019628;155 747 233;7;0;2;1;2;1
202400019628;155 747 234;7;0;0;4;2;1
202400019629;155 747 235;31;0;0;0;12;3
202400019630;155 747 232;7;0;1;3;1;1
202400019631;155 747 231;7;0;1;1;1;1
202400019632;155 747 229;7;0;2;8;15;1
202400019632;155 747 230;2;0;2;1;17;1
202400019633;155 747 228;10;0;1;4;20;1
202400019634;155 747 227;7;0;1;2;0;1
202400019635;155 747 226;7;0;1;3;1;1
202400019636;155 747 225;33;0;0;8;2;1
202400019637;155 747 224;7;2;0;8;17;1
202400019638;155 747 223;10;12;1;1;16;0
202400019639;155 747 222;7;0;1;3;15;1
202400019640;155 747 220;33;0;2;0;0;1
202400019640;155 747 221;7;0;2;6;15;1
202400019641;155 747 219;7;3;0;3;1;1
202400019642;155 747 216;1;0;2;5;2;5
202400019642;155 747 218;15;0;2;5;2;1
202400019643;155 747 214;7;0;2;3;26;1
202400019643;155 747 217;7;0;2;3;26;1
202400019644;155 747 213;7;0;2;1;1;1
202400019644;155 747 215;7;0;2;1;5;1
202400019645;155 747 212;32;0;1;1;1;1
202400019646;155 747 210;7;0;1;6;4;3
202400019647;155 747 209;7;6;0;8;1;1
202400019647;155 747 211;7;0;2;1;9;1
202400019648;155 747 206;33;0;1;2;1;1
202400019649;155 747 205;7;0;2;2;13;1
202400019649;155 747 208;7;0;2;2;1;1
202400019650;155 747 203;7;0;2;3;1;1
202400019650;155 747 204;7;0;2;5;1;1
202400019650;155 747 207;7;0;2;4;15;1
202400019651;155 747 201;13;0;2;8;17;3
202400019651;155 747 202;32;0;0;0;0;3
202400019652;155 747 197;33;0;2;8;9;1
202400019652;155 747 200;7;0;2;1;1;1
202400019653;155 747 196;7;0;2;3;1;1
202400019653;155 747 199;7;0;2;1;1;1
202400019654;155 747 193;7;0;2;4;2;1
202400019654;155 747 195;7;0;2;4;2;2
202400019654;155 747 198;37;0;2;1;2;1
202400019655;155 747 192;7;0;2;1;1;1
202400019655;155 747 194;7;0;2;1;13;1
202400019656;155 747 191;36;0;0;1;1;1
202400019657;155 747 188;2;0;2;1;13;1
202400019657;155 747 189;7;0;2;2;1;1
202400019658;155 747 187;7;0;2;2;15;1
202400019658;155 747 190;50;0;2;1;1;3
202400019659;155 747 185;7;8;0;9;1;1
202400019660;155 747 184;33;0;0;8;2;1
202400019661;155 747 183;2;0;2;1;1;1
202400019661;155 747 186;50;0;2;8;5;3
202400019662;155 747 179;7;0;2;1;1;1
202400019662;155 747 181;33;0;2;4;1;1
202400019662;155 747 182;7;0;0;4;1;1
202400019663;155 747 177;7;0;2;3;1;1
202400019663;155 747 180;7;0;2;3;17;2
202400019664;155 747 178;7;13;0;9;14;1
202400019665;155 747 174;31;3;0;8;13;1
202400019666;155 747 173;7;0;2;1;1;1
202400019666;155 747 175;7;0;2;1;21;1
202400019667;155 747 168;7;1;0;1;2;1
202400019667;155 747 170;10;0;0;4;23;1
202400019667;155 747 171;7;0;0;4;23;1
202400019667;155 747 172;7;0;0;4;23;1
202400019668;155 747 166;15;0;0;4;1;6
202400019668;155 747 169;15;0;2;1;1;1
202400019669;155 747 165;15;0;2;1;1;1
202400019669;155 747 167;7;0;2;1;13;1
202400019670;155 747 161;31;13;0;7;1;1
202400019671;155 747 160;7;6;2;8;1;1
202400019671;155 747 163;7;0;2;0;0;0
202400019671;155 747 164;7;0;2;7;0;1
202400019672;155 747 159;7;0;2;8;0;2
202400019672;155 747 162;15;0;2;1;0;0
202400019673;155 747 157;2;0;2;3;1;1
202400019673;155 747 158;7;0;2;3;1;1
202400019674;155 747 155;7;0;2;6;1;1
202400019674;155 747 156;7;0;2;2;1;1
202400019675;155 747 153;2;17;0;1;0;1
202400019676;155 747 151;7;0;2;5;12;1
202400019676;155 747 154;2;0;2;6;1;1
202400019677;155 747 149;7;0;1;2;19;1
202400019678;155 747 145;7;0;2;3;1;1
202400019678;155 747 148;10;8;2;2;1;1
202400019679;155 747 144;80;0;0;9;1;3
202400019680;155 747 142;7;0;2;4;2;1
202400019680;155 747 143;7;0;2;4;2;1
202400019680;155 747 146;7;0;2;1;2;1
202400019680;155 747 147;7;0;2;1;2;1
202400019680;155 747 150;7;0;2;4;2;1
202400019680;155 747 152;7;0;2;4;2;3
202400019681;155 747 138;1;0;0;4;2;5
202400019681;155 747 141;7;0;9;1;2;1
202400019682;155 747 137;7;0;2;6;15;1
202400019682;155 747 140;2;0;2;1;17;1
202400019683;155 747 135;7;8;0;0;20;2
202400019684;155 747 133;33;0;2;3;1;1
202400019684;155 747 134;7;0;2;3;1;2
202400019685;155 747 130;7;0;2;4;21;1
202400019685;155 747 132;7;0;2;1;1;1
202400019685;155 747 136;7;0;2;2;21;1
202400019685;155 747 139;7;0;2;1;10;1
202400019686;155 747 128;33;0;2;1;1;1
202400019686;155 747 131;21;0;2;6;15;1
202400019687;155 747 125;7;0;2;4;1;2
202400019687;155 747 127;7;0;2;1;2;1
202400019688;155 747 126;7;0;2;8;1;1
202400019688;155 747 129;15;0;2;1;21;1
202400019689;155 747 123;33;0;6;1;1;1
202400019690;155 747 122;7;15;2;1;17;1
202400019690;155 747 124;7;0;0;3;15;1
202400019691;155 747 121;33;0;0;7;1;1
202400019692;155 747 117;7;0;2;1;2;1
202400019692;155 747 120;7;0;2;4;23;2
202400019693;155 747 116;14;1;2;1;1;1
202400019693;155 747 118;14;0;0;0;23;1
202400019694;155 747 115;7;0;2;3;13;1
202400019694;155 747 119;7;13;2;3;1;2
202400019695;155 747 114;7;0;0;0;9;1
202400019696;155 747 111;7;0;0;4;1;1
202400019696;155 747 113;7;0;2;1;2;1
202400019697;155 747 112;33;13;6;2;1;1
202400019698;155 747 110;7;4;0;1;16;1
202400019699;155 747 109;33;0;0;9;26;1
202400019700;155 747 107;7;3;0;1;1;1
202400019701;155 747 108;7;13;0;2;0;1
202400019702;155 747 103;7;0;1;0;1;1
202400019703;155 747 102;7;0;2;1;13;1
202400019703;155 747 105;7;0;0;1;1;1
202400019703;155 747 106;15;0;0;3;1;1
202400019704;155 747 099;1;0;2;0;0;5
202400019704;155 747 101;14;0;2;0;0;1
202400019705;155 747 096;15;0;2;8;1;1
202400019705;155 747 098;33;0;2;8;0;1
202400019706;155 747 094;1;0;0;0;0;5
202400019707;155 747 092;7;0;1;0;1;1
202400019708;155 747 090;15;0;1;5;1;1
202400019709;155 747 088;2;0;2;1;26;1
202400019709;155 747 091;7;0;0;3;15;1
202400019710;155 747 087;7;0;2;0;1;1
202400019710;155 747 089;7;0;2;0;1;1
202400019711;155 747 084;31;0;0;0;0;1
202400019712;155 747 083;7;0;2;3;1;2
202400019712;155 747 086;7;0;2;3;1;1
202400019713;155 747 081;10;0;2;3;13;1
202400019713;155 747 082;17;0;2;3;1;1
202400019713;155 747 085;7;14;0;1;1;3
202400019714;155 747 080;7;0;1;1;1;3
202400019715;155 747 077;21;0;2;3;13;1
202400019715;155 747 078;1;0;2;1;1;5
202400019716;155 747 076;7;11;0;8;1;1
202400019716;155 747 079;17;0;0;2;1;6
202400019717;155 747 074;7;0;9;3;11;1
202400019717;155 747 075;2;0;2;2;1;1
202400019718;155 747 071;7;0;2;3;10;1
202400019718;155 747 073;7;0;2;2;1;1
202400019719;155 747 067;2;0;2;0;26;1
202400019719;155 747 069;7;0;2;3;26;1
202400019720;155 747 068;7;0;2;4;1;1
202400019720;155 747 070;7;0;2;1;1;1
202400019720;155 747 072;7;0;2;6;1;1
202400019721;155 747 065;17;0;2;3;1;1
202400019721;155 747 066;7;0;2;1;13;1
202400019722;155 747 062;7;0;2;7;12;1
202400019722;155 747 064;2;0;2;8;2;1
202400019723;155 747 059;7;0;2;1;1;2
202400019723;155 747 061;7;0;2;1;13;1
202400019724;155 747 060;1;0;2;4;2;5
202400019724;155 747 063;15;0;2;2;1;1
202400019725;155 747 058;50;12;0;1;19;3
202400019726;155 747 052;7;0;2;8;15;1
202400019726;155 747 054;33;0;2;2;17;1
202400019727;155 747 053;15;0;2;3;11;1
202400019727;155 747 056;7;0;2;2;17;2
202400019728;155 747 051;7;0;2;2;17;1
202400019728;155 747 055;1;0;2;8;1;5
202400019728;155 747 057;1;0;2;4;1;5
202400019729;155 747 050;7;0;1;2;21;1
202400019730;155 747 047;7;0;2;1;2;1
202400019730;155 747 049;7;0;2;4;2;1
202400019731;155 747 046;7;0;2;8;15;1
202400019731;155 747 048;10;0;2;2;17;1
202400019732;155 747 043;2;12;0;1;1;1
202400019733;155 747 040;7;0;2;1;2;1
202400019733;155 747 041;7;0;2;5;1;1
202400019733;155 747 044;7;0;2;8;1;1
202400019734;155 747 037;2;0;2;8;2;1
202400019734;155 747 039;10;0;2;2;2;1
202400019735;155 747 036;7;0;2;2;2;1
202400019735;155 747 038;1;0;0;4;2;5
202400019736;155 747 035;7;0;1;1;1;0
202400019737;155 747 031;1;0;2;1;1;5
202400019737;155 747 033;7;0;9;3;1;2
202400019738;155 747 030;7;0;1;1;2;1
202400019739;155 747 029;33;0;2;1;17;1
202400019739;155 747 032;10;0;2;3;15;1
202400019740;155 747 028;7;0;2;3;9;1
202400019740;155 747 034;30;0;2;1;1;1
202400019741;155 747 025;10;0;2;3;19;1
202400019741;155 747 027;1;0;2;1;1;5
202400019742;155 747 022;7;0;1;1;1;1
202400019742;155 747 024;1;0;2;8;15;5
202400019743;155 747 018;7;4;2;3;0;1
202400019743;155 747 021;7;3;2;3;11;1
202400019743;155 747 023;7;4;2;3;1;1
202400019743;155 747 026;7;3;2;0;1;1
202400019744;155 747 020;7;1;0;2;1;1
202400019745;155 747 017;2;0;2;1;1;1
202400019745;155 747 019;7;0;0;7;15;1
202400019746;155 747 014;33;13;0;1;1;1
202400019747;155 747 012;7;0;2;2;15;1
202400019747;155 747 016;33;0;2;1;1;1
202400019748;155 747 013;7;0;2;3;26;1
202400019748;155 747 015;2;0;2;1;1;1
202400019749;155 747 011;33;3;0;0;1;1
202400019750;155 747 009;7;6;0;1;0;1
202400019751;155 747 010;7;2;0;1;26;6
202400019752;155 747 008;33;6;0;2;1;1
202400019753;155 747 004;99;0;0;4;16;0
202400019753;155 747 006;33;0;2;1;1;1
202400019754;155 747 001;7;0;0;2;2;1
202400019754;155 747 002;1;0;2;0;2;5
202400019755;155 747 005;7;0;2;7;1;1
202400019755;155 747 007;2;0;2;1;1;1
202400019756;155 746 999;13;15;0;0;1;1
202400019757;155 747 000;7;0;2;4;1;1
202400019757;155 747 003;7;0;2;1;1;1
202400019758;155 746 996;7;0;1;1;20;1
202400019759;155 746 997;7;0;2;1;21;1
202400019759;155 746 998;10;0;2;3;1;1
202400019760;155 746 995;10;13;0;2;0;1
202400019761;155 746 993;7;4;0;3;1;1
202400019762;155 746 991;7;0;2;1;13;1
202400019762;155 746 994;7;0;2;1;1;1
202400019763;155 746 990;10;0;9;1;1;1
202400019764;155 746 988;1;0;6;3;1;5
202400019765;155 746 986;1;0;1;1;1;5
202400019766;155 746 984;2;0;0;0;1;1
202400019767;155 746 982;7;4;2;8;2;1
202400019767;155 746 983;7;0;2;2;12;1
202400019768;155 746 981;7;0;2;3;13;1
202400019768;155 746 985;7;0;2;3;1;1
202400019769;155 746 978;7;2;0;8;1;1
202400019770;155 746 976;7;0;2;3;13;1
202400019770;155 746 980;7;0;2;3;1;1
202400019771;155 746 977;7;0;2;2;15;2
202400019771;155 746 979;7;0;2;6;15;1
202400019772;155 746 975;7;0;0;0;1;1
202400019773;155 746 971;7;0;2;8;15;1
202400019773;155 746 974;33;0;2;7;1;1
202400019774;155 746 973;7;15;0;3;1;1
202400019775;155 746 970;33;0;2;1;1;1
202400019775;155 746 972;7;0;2;7;1;1
202400019776;155 746 966;2;0;2;1;1;1
202400019776;155 746 969;7;0;2;4;1;1
202400019777;155 746 964;15;0;2;1;1;0
202400019777;155 746 968;15;0;2;4;1;0
202400019778;155 746 961;7;0;2;5;2;3
202400019778;155 746 963;7;0;2;2;2;1
202400019778;155 746 965;7;0;2;5;2;1
202400019779;155 746 962;7;8;2;6;2;1
202400019779;155 746 967;7;0;2;2;0;2
202400019780;155 746 959;7;0;2;4;12;2
202400019780;155 746 960;7;0;2;1;1;0
202400019781;155 746 957;7;8;0;1;16;1
202400019782;155 746 955;7;0;0;4;23;1
202400019782;155 746 956;7;0;0;4;23;1
202400019782;155 746 958;33;0;2;1;2;1
202400019783;155 746 951;7;4;2;6;21;1
202400019783;155 746 954;7;4;2;1;2;1
202400019784;155 746 949;7;0;1;2;1;1
202400019785;155 746 950;7;4;2;6;1;1
202400019785;155 746 952;15;0;2;2;12;1
202400019786;155 746 948;7;0;2;0;0;1
202400019786;155 746 953;33;0;2;7;2;1
202400019787;155 746 945;7;0;1;2;1;1
202400019788;155 746 944;7;0;2;8;11;1
202400019788;155 746 947;33;0;2;7;1;1
202400019789;155 746 942;7;0;1;2;1;1
202400019790;155 746 939;7;0;2;1;1;1
202400019790;155 746 941;7;0;2;1;1;1
202400019791;155 746 938;33;0;2;1;1;1
202400019791;155 746 940;7;0;2;6;1;1
202400019792;155 746 937;33;0;0;0;0;1
202400019793;155 746 935;7;13;0;1;14;1