Num_Acc;id_vehicule;catv;obs;obsm;choc;manv;motor
202400019794;155 746 933;7;0;1;2;1;1
202400019795;155 746 934;7;0;2;2;1;1
202400019795;155 746 936;1;0;2;4;19;5
202400019796;155 746 929;33;0;0;4;1;4
202400019797;155 746 931;7;0;2;3;10;1
202400019797;155 746 932;7;0;2;2;1;1
202400019798;155 746 930;7;8;1;1;1;1
202400019799;155 746 923;7;0;2;1;1;1
202400019799;155 746 925;10;0;2;2;15;1
202400019800;155 746 927;7;0;2;8;1;1
202400019800;155 746 928;33;0;2;1;15;1
202400019801;155 746 919;7;0;2;1;26;0
202400019801;155 746 921;7;0;2;1;0;0
202400019802;155 746 918;7;0;2;0;0;1
202400019802;155 746 922;7;0;2;3;26;1
202400019803;155 746 917;7;0;2;1;26;1
202400019803;155 746 920;7;0;2;4;26;1
202400019803;155 746 924;7;0;2;1;0;1
202400019803;155 746 926;7;0;2;1;26;1
202400019804;155 746 915;7;0;1;2;1;1
202400019805;155 746 916;7;0;1;2;1;1
202400019806;155 746 913;7;0;1;0;0;1
202400019807;155 746 912;7;0;2;8;15;1
202400019807;155 746 914;38;0;2;1;1;1
202400019808;155 746 907;30;0;2;8;15;1
202400019808;155 746 910;30;0;2;1;17;1
202400019809;155 746 906;7;0;2;2;16;1
202400019809;155 746 909;7;0;2;3;7;1
202400019810;155 746 903;7;0;1;3;26;0
202400019811;155 746 904;30;0;2;1;1;1
202400019811;155 746 905;10;0;2;4;23;1
202400019812;155 746 899;50;0;0;0;1;3
202400019813;155 746 898;7;0;2;0;0;1
202400019813;155 746 900;7;0;2;0;0;1
202400019813;155 746 902;7;0;2;0;0;1
202400019814;155 746 893;33;14;0;1;21;1
202400019814;155 746 894;7;14;0;6;23;1
202400019815;155 746 891;99;0;2;1;1;1
202400019815;155 746 895;7;0;2;3;13;1
202400019815;155 746 897;99;12;2;6;21;1
202400019816;155 746 890;7;0;2;2;19;1
202400019816;155 746 896;7;0;2;0;19;1
202400019816;155 746 901;80;0;2;2;19;3
202400019817;155 746 887;7;1;0;2;1;1
202400019818;155 746 888;7;8;0;3;1;1
202400019819;155 746 889;7;0;2;5;15;1
202400019819;155 746 892;2;0;2;1;1;1
202400019820;155 746 884;37;0;0;7;16;1
202400019821;155 746 886;7;8;0;1;14;1
202400019822;155 746 883;7;13;0;1;0;1
202400019823;155 746 882;7;0;2;2;15;1
202400019823;155 746 885;33;0;2;2;1;1
202400019824;155 746 881;7;12;0;3;13;1
202400019825;155 746 877;7;0;2;3;9;1
202400019825;155 746 878;31;0;2;1;3;1
202400019826;155 746 876;7;0;1;2;17;1
202400019827;155 746 875;33;0;2;2;17;1
202400019827;155 746 879;7;0;2;3;15;1
202400019828;155 746 874;13;0;2;2;9;1
202400019828;155 746 880;50;0;2;4;1;3
202400019829;155 746 872;7;0;1;3;1;2
202400019830;155 746 871;7;0;2;4;1;1
202400019830;155 746 873;1;16;2;1;1;5
202400019831;155 746 868;7;0;2;3;22;1
202400019831;155 746 870;1;1;0;7;1;5
202400019832;155 746 865;80;0;2;4;1;3
202400019832;155 746 867;7;0;2;1;1;1
202400019833;155 746 864;37;0;2;1;1;0
202400019833;155 746 866;7;0;2;9;0;1
202400019834;155 746 859;2;0;2;1;5;1
202400019834;155 746 861;7;0;2;1;1;1
202400019835;155 746 862;7;0;2;3;15;1
202400019835;155 746 869;10;0;2;2;1;1
202400019836;155 746 857;7;0;2;3;15;1
202400019836;155 746 858;31;0;2;1;17;1
202400019837;155 746 855;7;0;1;3;1;1
202400019838;155 746 853;7;14;0;2;26;1
202400019839;155 746 852;1;0;0;0;0;5
202400019840;155 746 851;7;0;0;9;15;1
202400019841;155 746 847;7;0;2;0;16;1
202400019841;155 746 849;50;0;2;0;1;3
202400019842;155 746 846;33;0;2;3;0;1
202400019842;155 746 848;0;0;2;0;0;0
202400019843;155 746 845;34;0;2;3;1;1
202400019843;155 746 850;99;0;2;3;15;1
202400019844;155 746 844;7;0;1;1;16;1
202400019845;155 746 842;30;0;0;8;1;3
202400019846;155 746 843;2;0;0;8;1;3
202400019847;155 746 839;7;8;0;1;1;1
202400019848;155 746 840;15;0;1;1;26;1
202400019849;155 746 838;7;0;1;2;16;1
202400019850;155 746 837;3;4;0;4;1;1
202400019850;155 746 841;7;0;2;1;1;1
202400019851;155 746 834;7;3;2;1;26;1
202400019851;155 746 836;7;0;2;0;0;1
202400019852;155 746 831;7;0;2;7;1;1
202400019852;155 746 832;32;0;2;1;16;1
202400019853;155 746 830;7;0;1;1;15;1
202400019854;155 746 829;33;4;0;8;2;1
202400019855;155 746 825;7;0;2;1;1;2
202400019855;155 746 827;7;0;2;1;15;1
202400019856;155 746 824;7;0;2;1;1;1
202400019856;155 746 828;7;0;2;4;23;1
202400019856;155 746 833;7;0;2;4;23;1
202400019856;155 746 835;7;0;2;4;23;1
202400019857;155 746 822;10;0;2;8;1;1
202400019857;155 746 826;7;0;2;2;1;1
202400019858;155 746 820;7;2;0;1;1;1
202400019859;155 746 817;38;0;2;6;15;1
202400019859;155 746 819;33;0;2;1;1;1
202400019860;155 746 818;7;0;2;1;2;1
202400019860;155 746 821;7;0;2;4;2;1
202400019860;155 746 823;7;0;2;4;2;1
202400019861;155 746 815;10;0;0;6;23;1
202400019861;155 746 816;33;0;2;1;1;1
202400019862;155 746 814;7;0;1;3;2;1
202400019863;155 746 807;7;0;2;1;26;1
202400019863;155 746 809;99;0;2;8;9;0
202400019864;155 746 808;30;0;2;1;12;1
202400019864;155 746 811;7;0;2;1;15;1
202400019865;155 746 806;7;0;2;3;9;1
202400019865;155 746 812;33;0;2;6;1;1
202400019866;155 746 805;7;8;0;1;14;1
202400019867;155 746 803;7;0;2;1;13;1
202400019867;155 746 804;7;0;2;1;1;1
202400019868;155 746 798;7;0;1;2;1;1
202400019869;155 746 796;7;0;0;7;23;1
202400019869;155 746 800;7;0;1;3;1;1
202400019870;155 746 795;7;0;2;3;13;1
202400019870;155 746 799;7;0;2;3;1;1
202400019870;155 746 801;7;0;2;6;1;2
202400019871;155 746 797;7;0;2;1;1;0
202400019871;155 746 802;37;0;2;5;15;0
202400019872;155 746 794;7;0;1;5;4;1
202400019873;155 746 789;7;0;2;1;26;1
202400019873;155 746 791;7;0;2;3;1;1
202400019874;155 746 790;7;0;2;3;2;1
202400019874;155 746 792;7;0;2;3;1;1
202400019874;155 746 793;7;0;2;3;1;1
202400019875;155 746 787;7;0;0;9;17;1
202400019876;155 746 788;10;0;1;2;1;1
202400019877;155 746 783;7;0;1;1;1;1
202400019878;155 746 784;7;0;2;8;1;1
202400019878;155 746 786;31;0;2;1;9;1
202400019879;155 746 781;50;0;2;1;1;3
202400019879;155 746 785;7;0;2;6;1;1
202400019880;155 746 779;10;0;1;1;1;1
202400019881;155 746 778;7;10;0;2;0;1
202400019882;155 746 775;1;0;2;1;1;5
202400019882;155 746 777;7;0;2;3;26;1
202400019883;155 746 776;33;0;2;2;0;0
202400019883;155 746 780;7;0;2;6;23;6
202400019883;155 746 782;33;0;2;2;23;0
202400019884;155 746 774;7;13;0;1;19;0
202400019885;155 746 771;1;0;0;0;1;5
202400019885;155 746 773;0;0;9;0;0;0
202400019886;155 746 769;7;0;2;3;13;1
202400019886;155 746 772;7;0;2;3;21;1
202400019887;155 746 764;10;2;0;1;15;1
202400019888;155 746 765;10;0;2;4;1;1
202400019888;155 746 767;33;0;2;1;3;1
202400019889;155 746 763;7;0;2;1;13;1
202400019889;155 746 766;37;0;2;1;1;1
202400019890;155 746 760;1;0;0;0;1;5
202400019891;155 746 761;32;0;2;2;1;1
202400019891;155 746 762;7;0;2;2;1;1
202400019892;155 746 759;7;3;0;1;26;1
202400019893;155 746 756;33;6;0;1;16;1
202400019894;155 746 755;7;0;1;3;15;1
202400019895;155 746 757;7;0;2;2;15;1
202400019895;155 746 758;33;0;2;3;1;1
202400019896;155 746 752;7;0;0;2;1;1
202400019896;155 746 754;7;0;0;1;1;1
202400019897;155 746 751;7;3;0;1;1;2
202400019898;155 746 750;33;0;2;1;13;1
202400019898;155 746 753;7;0;2;1;1;1
202400019899;155 746 748;33;0;2;1;1;1
202400019899;155 746 749;7;0;2;4;1;1
202400019900;155 746 744;7;0;2;5;17;1
202400019900;155 746 746;2;0;2;3;1;1
202400019901;155 746 745;30;0;2;1;1;1
202400019901;155 746 747;7;0;2;1;15;1
202400019902;155 746 742;7;0;2;1;15;1
202400019902;155 746 743;3;1;2;1;1;1
202400019903;155 746 739;7;1;1;1;1;2
202400019904;155 746 741;2;0;0;0;26;1
202400019905;155 746 737;7;0;2;3;0;1
202400019905;155 746 740;1;0;2;1;1;5
202400019906;155 746 735;7;0;2;1;1;2
202400019906;155 746 738;43;0;2;7;15;1
202400019907;155 746 732;2;0;2;1;21;1
202400019907;155 746 736;7;0;0;6;23;1
202400019908;155 746 731;7;0;2;3;0;1
202400019908;155 746 734;13;0;2;1;13;1
202400019909;155 746 730;10;0;2;3;1;1
202400019909;155 746 733;7;12;2;3;13;1
202400019910;155 746 729;7;2;0;7;17;1
202400019911;155 746 725;7;0;2;0;5;1
202400019911;155 746 727;80;0;2;0;21;2
202400019912;155 746 723;7;0;2;1;1;1
202400019912;155 746 726;1;0;2;3;1;5
202400019913;155 746 724;50;0;2;1;1;3
202400019913;155 746 728;7;0;2;1;15;1
202400019914;155 746 721;7;11;0;1;1;1
202400019915;155 746 722;7;0;9;3;1;1
202400019916;155 746 720;37;0;2;0;16;3
202400019917;155 746 716;10;0;2;3;1;1
202400019917;155 746 717;7;0;2;1;1;1
202400019918;155 746 714;7;0;2;3;15;1
202400019918;155 746 719;33;8;2;1;13;1
202400019919;155 746 715;7;0;2;3;1;3
202400019919;155 746 718;7;0;2;5;1;2
202400019920;155 746 712;7;0;1;1;1;1
202400019921;155 746 711;7;0;2;7;15;1
202400019921;155 746 713;80;0;2;8;1;2
202400019922;155 746 709;7;0;2;3;13;1
202400019922;155 746 710;7;0;2;8;1;1
202400019923;155 746 707;7;0;1;2;1;1
202400019924;155 746 703;2;8;0;0;0;1
202400019925;155 746 702;7;0;2;5;15;1
202400019925;155 746 706;33;0;2;1;1;1
202400019926;155 746 705;34;0;2;3;7;1
202400019926;155 746 708;7;0;2;7;16;3
202400019927;155 746 700;7;1;2;2;21;1
202400019927;155 746 701;7;0;2;5;17;1
202400019927;155 746 704;7;-1;-1;4;24;-1
202400019928;155 746 699;1;0;0;0;1;5
202400019929;155 746 697;7;0;2;0;16;1
202400019929;155 746 698;50;0;2;0;5;3
202400019930;155 746 696;32;0;2;1;1;1
202400019931;155 746 695;7;0;1;3;1;2
202400019932;155 746 694;7;0;9;3;26;0
202400019933;155 746 690;7;0;2;3;19;3
202400019933;155 746 693;7;0;2;2;1;1
202400019934;155 746 691;7;0;2;1;11;1
202400019934;155 746 692;33;0;2;0;0;1
202400019935;155 746 688;7;0;1;3;19;1
202400019936;155 746 686;7;6;0;1;13;1
202400019937;155 746 687;7;0;2;3;15;2
202400019937;155 746 689;34;0;2;8;1;1
202400019938;155 746 681;2;0;2;1;1;1
202400019938;155 746 683;7;0;2;4;1;1
202400019939;155 746 677;30;0;2;8;17;1
202400019939;155 746 679;7;0;2;3;15;1
202400019940;155 746 676;7;0;2;2;13;1
202400019940;155 746 678;7;0;2;3;1;1
202400019941;155 746 684;7;0;2;7;14;1
202400019941;155 746 685;30;0;2;8;1;1
202400019942;155 746 673;10;0;2;5;26;1
202400019942;155 746 675;80;0;2;3;1;3
202400019943;155 746 671;2;0;2;2;1;1
202400019943;155 746 674;7;0;2;3;9;1
202400019944;155 746 670;1;0;2;1;7;5
202400019944;155 746 672;7;0;2;3;22;2
202400019945;155 746 667;33;0;2;1;0;1
202400019945;155 746 669;7;0;2;3;15;1
202400019946;155 746 666;10;13;0;1;0;1
202400019947;155 746 665;10;0;2;3;9;1
202400019947;155 746 668;33;0;2;1;1;1
202400019948;155 746 663;10;0;2;1;9;1
202400019948;155 746 664;1;0;2;7;2;5
202400019949;155 746 659;7;0;2;8;9;0
202400019949;155 746 662;7;0;2;3;1;1
202400019950;155 746 658;7;0;9;2;16;1
202400019950;155 746 660;80;0;2;8;1;3
202400019951;155 746 657;10;0;2;1;1;1
202400019951;155 746 661;7;0;2;6;15;1
202400019952;155 746 655;7;13;0;1;1;1
202400019953;155 746 654;7;0;2;2;19;1
202400019953;155 746 656;33;0;2;1;1;1
202400019954;155 746 652;7;2;0;9;0;1
202400019955;155 746 651;7;0;2;1;1;1
202400019955;155 746 653;7;0;2;4;1;1
202400019956;155 746 648;7;4;0;8;1;1
202400019957;155 746 646;33;0;2;8;3;1
202400019957;155 746 649;7;0;2;7;12;1
202400019958;155 746 647;1;0;2;7;0;5
202400019958;155 746 650;30;0;2;7;26;1
202400019959;155 746 643;7;0;2;1;13;1
202400019959;155 746 644;7;0;2;1;1;2
202400019960;155 746 642;1;0;1;3;21;5
202400019961;155 746 645;7;0;1;3;1;1
202400019962;155 746 639;50;0;0;0;1;3
202400019963;155 746 637;7;0;2;5;15;1
202400019963;155 746 641;2;0;2;1;16;1
202400019964;155 746 635;34;0;2;1;17;1
202400019964;155 746 638;7;0;2;3;15;1
202400019965;155 746 634;7;3;2;1;5;1
202400019965;155 746 636;7;0;2;3;0;1
202400019965;155 746 640;7;5;2;1;0;1
202400019966;155 746 633;1;0;1;1;1;5
202400019967;155 746 631;2;0;0;0;0;1
202400019968;155 746 628;7;0;2;7;1;1
202400019968;155 746 632;7;0;2;1;7;1
202400019969;155 746 629;7;1;0;2;1;1
202400019969;155 746 630;7;0;2;6;24;3
202400019970;155 746 625;7;0;2;1;2;2
202400019970;155 746 626;7;0;2;4;0;1
202400019971;155 746 627;80;0;0;1;2;3
202400019972;155 746 623;31;1;2;0;15;0
202400019972;155 746 624;10;0;2;0;0;0
202400019973;155 746 619;7;0;2;2;2;2
202400019973;155 746 621;7;0;0;4;0;1
202400019974;155 746 616;10;0;1;3;1;1
202400019975;155 746 617;0;0;1;1;19;0
202400019976;155 746 613;30;0;2;1;1;1
202400019976;155 746 615;7;0;2;1;23;1
202400019977;155 746 612;7;13;0;3;14;1
202400019978;155 746 614;33;0;2;1;1;1
202400019978;155 746 622;7;0;2;2;15;1
202400019979;155 746 611;7;0;2;2;1;1
202400019980;155 746 610;7;13;0;2;1;1
202400019981;155 746 607;1;0;2;4;19;5
202400019981;155 746 609;7;0;2;1;1;1
202400019982;155 746 602;7;0;0;0;0;0
202400019982;155 746 604;7;4;2;0;12;0
202400019982;155 746 608;7;0;2;3;1;2
202400019983;155 746 603;33;0;2;1;1;1
202400019983;155 746 606;1;0;2;7;15;5
202400019984;155 746 601;33;0;2;1;1;1
202400019984;155 746 605;7;0;2;5;15;1
202400019985;155 746 599;2;0;2;1;5;1
202400019985;155 746 600;7;0;2;7;1;1
202400019986;155 746 598;7;3;0;9;14;1
202400019987;155 746 597;7;8;0;9;14;2
202400019988;155 746 593;7;0;2;3;1;1
202400019988;155 746 594;7;0;2;3;13;1
202400019989;155 746 595;7;0;1;1;16;1
202400019990;155 746 591;1;0;1;1;2;5
202400019991;155 746 592;50;0;2;7;0;3
202400019991;155 746 596;7;0;2;1;0;1
202400019992;155 746 590;7;2;0;1;1;1
202400019993;155 746 587;2;0;0;8;1;1
202400019993;155 746 589;7;0;2;1;19;1
202400019994;155 746 586;32;8;0;1;14;1
202400019995;155 746 585;37;0;2;7;16;1
202400019995;155 746 588;50;0;2;4;9;3
202400019996;155 746 583;7;0;1;2;2;0
202400019997;155 746 581;34;0;1;1;1;1
202400019998;155 746 580;33;4;0;8;21;1
202400019999;155 746 582;33;0;2;7;3;1
202400019999;155 746 584;7;0;2;3;19;1
202400020000;155 746 578;33;0;0;8;1;1
202400020001;155 746 576;7;0;2;3;16;1
202400020001;155 746 579;7;0;2;1;1;1
202400020002;155 746 575;2;0;2;1;2;1
202400020002;155 746 577;7;0;2;4;2;3
202400020003;155 746 573;7;0;0;0;14;1
202400020004;155 746 571;15;0;0;8;1;1
202400020005;155 746 570;7;1;0;1;2;1
202400020005;155 746 574;13;0;2;4;0;1
202400020006;155 746 569;7;0;2;7;22;1
202400020006;155 746 572;2;1;0;8;18;1
202400020007;155 746 566;50;0;2;1;18;3
202400020007;155 746 568;7;0;9;2;16;1
202400020008;155 746 563;33;0;2;1;1;1
202400020008;155 746 567;7;0;2;2;15;1
202400020009;155 746 561;1;0;2;1;1;5
202400020009;155 746 564;7;0;9;4;1;1
202400020010;155 746 559;10;0;2;1;1;1
202400020010;155 746 562;7;0;2;1;13;1
202400020010;155 746 565;10;0;2;1;1;1
202400020011;155 746 558;7;0;2;1;1;1
202400020011;155 746 560;7;0;2;3;15;1
202400020012;155 746 554;33;0;2;1;3;1
202400020012;155 746 557;7;0;2;4;1;1
202400020013;155 746 552;14;0;2;1;1;1
202400020013;155 746 556;7;0;2;4;1;1
202400020014;155 746 550;7;0;2;3;13;1
202400020014;155 746 551;7;0;2;3;1;2
202400020015;155 746 553;15;0;0;6;1;1
202400020015;155 746 555;10;4;0;1;1;1
202400020016;155 746 547;32;0;0;0;0;3
202400020017;155 746 545;7;0;2;4;2;0
202400020017;155 746 549;7;0;2;1;2;1
202400020018;155 746 543;10;0;2;3;1;1
202400020018;155 746 546;99;0;2;3;9;6
202400020019;155 746 541;10;2;0;1;13;1
202400020020;155 746 540;7;0;2;4;2;2
202400020020;155 746 542;7;0;2;1;2;1
202400020021;155 746 536;7;0;2;7;15;1
202400020021;155 746 538;32;0;2;3;23;1
202400020022;155 746 533;10;0;2;1;2;1
202400020022;155 746 537;7;0;2;4;2;1
202400020022;155 746 539;10;0;2;4;2;1
202400020022;155 746 544;7;0;2;4;2;1
202400020022;155 746 548;14;0;2;4;2;1
202400020023;155 746 535;50;12;0;3;13;3
202400020024;155 746 532;7;0;2;1;0;1
202400020024;155 746 534;7;0;2;1;1;1
202400020025;155 746 528;60;0;2;8;19;5
202400020025;155 746 531;7;0;2;1;15;1
202400020026;155 746 530;2;6;0;1;15;1
202400020027;155 746 526;15;0;2;3;0;1
202400020027;155 746 529;7;0;0;3;0;1
202400020028;155 746 527;7;0;1;7;1;2
202400020029;155 746 525;7;2;0;1;13;1
202400020030;155 746 524;1;6;0;2;0;5
202400020031;155 746 522;7;9;2;7;15;1
202400020031;155 746 523;10;9;2;1;1;1
202400020032;155 746 520;50;1;2;1;1;3
202400020032;155 746 521;7;1;2;3;26;1
202400020033;155 746 518;7;13;0;9;1;1
202400020034;155 746 519;7;0;0;7;1;1
202400020035;155 746 515;33;0;0;0;0;0
202400020036;155 746 513;7;0;1;2;1;1
202400020037;155 746 512;7;0;2;3;21;1
202400020037;155 746 516;7;0;2;5;16;2
202400020038;155 746 509;7;0;2;1;13;1
202400020038;155 746 511;7;0;2;1;1;1
202400020039;155 746 508;2;13;0;0;21;1
202400020040;155 746 506;7;0;2;3;2;1
202400020040;155 746 510;7;0;0;4;15;1
202400020041;155 746 503;7;0;1;2;1;1
202400020042;155 746 504;10;0;2;1;2;1
202400020042;155 746 505;7;0;2;4;1;1
202400020042;155 746 507;7;0;2;4;1;1
202400020043;155 746 501;7;13;0;1;1;1
202400020044;155 746 499;7;0;2;1;1;1
202400020044;155 746 502;7;0;0;4;1;1
202400020045;155 746 498;10;0;1;1;1;1
202400020046;155 746 497;7;0;2;0;2;1
202400020046;155 746 500;99;0;2;0;0;0
202400020047;155 746 496;7;2;0;0;13;1
202400020048;155 746 495;7;13;0;3;1;1
202400020049;155 746 494;80;12;0;1;14;3
202400020050;155 746 492;7;13;0;3;13;1
202400020051;155 746 491;33;0;0;9;1;1
202400020052;155 746 488;10;0;2;2;2;1
202400020052;155 746 490;7;0;2;4;1;3
202400020052;155 746 493;7;0;2;4;2;1
202400020053;155 746 487;2;0;2;8;1;3
202400020053;155 746 489;10;0;2;8;17;0
202400020054;155 746 486;32;0;0;0;1;1
202400020055;155 746 485;7;2;0;2;1;1
202400020056;155 746 481;1;0;1;3;1;5
202400020057;155 746 482;7;2;0;5;0;1
202400020058;155 746 478;33;0;2;1;3;1
202400020058;155 746 483;7;0;2;8;11;1
202400020058;155 746 484;7;0;2;5;1;1
202400020059;155 746 477;7;0;2;1;13;1
202400020059;155 746 480;7;0;2;1;1;1
202400020060;155 746 476;7;0;2;3;15;1
202400020060;155 746 479;32;0;2;1;2;1
202400020061;155 746 473;43;0;2;3;26;1
202400020061;155 746 475;50;0;2;1;5;3
202400020062;155 746 472;7;1;0;6;24;1
202400020062;155 746 474;7;1;0;1;26;1
202400020063;155 746 471;7;4;0;6;1;0
202400020064;155 746 470;33;0;0;0;2;1
202400020065;155 746 468;2;7;0;1;1;1
202400020066;155 746 467;1;0;1;3;15;5
202400020067;155 746 465;33;0;2;1;1;1
202400020067;155 746 469;7;0;2;6;9;1
202400020068;155 746 463;7;0;1;2;2;0
202400020069;155 746 460;7;0;2;4;21;1
202400020069;155 746 464;7;0;2;1;2;2
202400020069;155 746 466;7;0;2;4;2;1
202400020070;155 746 461;7;8;0;9;1;1
202400020071;155 746 459;1;0;2;8;1;5
202400020071;155 746 462;7;0;2;2;16;2
202400020072;155 746 458;10;6;0;1;1;1
202400020073;155 746 454;7;8;0;8;26;2
202400020074;155 746 452;7;0;2;2;1;1
202400020074;155 746 456;1;0;2;4;2;5
202400020074;155 746 457;1;0;2;4;2;5
202400020075;155 746 449;7;0;2;5;1;3
202400020075;155 746 455;7;0;2;3;13;1
202400020076;155 746 450;1;0;9;8;2;5
202400020076;155 746 453;7;0;9;7;2;1
202400020077;155 746 448;7;0;1;3;1;1
202400020078;155 746 447;7;15;0;1;1;1
202400020079;155 746 445;7;3;0;2;1;1
202400020080;155 746 443;7;0;2;3;2;1
202400020080;155 746 446;7;2;2;7;17;1
202400020081;155 746 440;30;0;2;1;0;1
202400020081;155 746 442;7;0;2;2;20;1
202400020082;155 746 441;7;0;2;2;10;1
202400020082;155 746 444;33;0;2;1;1;1
202400020083;155 746 438;7;4;0;1;1;1
202400020084;155 746 437;7;0;2;1;13;1
202400020084;155 746 439;7;0;2;1;1;1
202400020085;155 746 434;7;0;2;2;16;1
202400020085;155 746 436;31;0;2;8;18;1
202400020086;155 746 433;7;4;0;1;2;1
202400020087;155 746 431;32;0;2;1;17;1
202400020087;155 746 435;7;0;2;2;2;1
202400020088;155 746 429;7;13;0;1;1;1
202400020089;155 746 427;7;0;2;6;13;1
202400020089;155 746 432;38;0;2;3;1;1
202400020090;155 746 428;30;0;0;1;1;1
202400020091;155 746 425;7;0;2;1;2;1
202400020091;155 746 430;7;0;2;4;2;1
202400020092;155 746 423;7;0;2;2;1;1
202400020092;155 746 426;34;9;2;7;1;1
202400020093;155 746 422;2;0;2;1;1;1
202400020093;155 746 424;10;0;0;4;15;1
202400020094;155 746 420;7;0;1;1;9;1
202400020095;155 746 418;14;0;2;1;2;1
202400020095;155 746 421;10;0;2;1;1;1
202400020096;155 746 417;7;0;2;3;13;1
202400020096;155 746 419;7;0;2;3;1;1
202400020097;155 746 415;10;13;0;1;1;1
202400020098;155 746 411;7;0;2;3;19;1
202400020098;155 746 414;7;0;2;1;1;1
202400020099;155 746 412;7;0;2;2;16;1
202400020099;155 746 416;1;0;2;0;15;5
202400020100;155 746 410;17;0;2;7;12;1
202400020100;155 746 413;7;0;2;8;1;2
202400020101;155 746 409;33;7;0;1;17;1
202400020102;155 746 408;7;2;0;1;1;1
202400020103;155 746 407;7;1;0;4;20;1
202400020104;155 746 404;7;0;2;2;0;1
202400020104;155 746 406;7;0;2;3;0;1
202400020105;155 746 405;7;2;0;3;14;1
202400020106;155 746 402;10;0;2;2;1;1
202400020106;155 746 403;17;0;0;6;1;1
202400020107;155 746 401;7;0;1;0;1;2
202400020108;155 746 398;7;3;0;9;21;1
202400020109;155 746 396;7;0;2;4;2;1
202400020109;155 746 399;7;0;2;1;2;1
202400020109;155 746 400;7;0;2;4;2;1
202400020110;155 746 395;7;0;1;0;1;1
202400020111;155 746 393;31;0;2;1;2;1
202400020111;155 746 397;7;0;0;5;23;1
202400020112;155 746 392;7;0;0;6;15;0
202400020112;155 746 394;33;0;2;1;17;1
202400020113;155 746 391;10;16;0;1;1;-1
202400020114;155 746 389;7;0;2;1;2;1
202400020114;155 746 390;7;0;2;4;2;1
202400020115;155 746 388;7;2;0;0;13;1
202400020116;155 746 384;33;0;0;9;17;1
202400020117;155 746 385;30;0;0;2;1;1
202400020117;155 746 387;10;0;0;1;15;1
202400020118;155 746 382;7;0;0;1;1;1
202400020119;155 746 381;7;0;2;3;1;1
202400020119;155 746 383;7;0;2;8;13;1
202400020120;155 746 380;7;0;2;2;14;1
202400020121;155 746 379;7;4;0;2;1;1
202400020122;155 746 378;7;6;0;1;1;1
202400020123;155 746 377;7;0;0;0;17;1
202400020124;155 746 374;7;0;2;1;19;1
202400020124;155 746 375;34;0;2;1;1;1
202400020125;155 746 373;7;0;2;4;26;1
202400020125;155 746 376;7;0;2;2;15;1
202400020126;155 746 370;33;0;0;0;1;0
202400020127;155 746 369;7;1;0;2;1;1
202400020128;155 746 371;0;0;9;0;26;1
202400020128;155 746 372;33;0;9;0;26;1
202400020129;155 746 367;7;14;2;1;26;3
202400020129;155 746 368;38;0;2;4;2;1
202400020130;155 746 363;7;13;0;1;15;1
202400020131;155 746 361;7;0;2;3;1;1
202400020131;155 746 364;1;0;2;1;13;5
202400020132;155 746 360;7;0;2;1;0;1
202400020132;155 746 362;7;0;0;4;2;1
202400020132;155 746 365;7;0;2;4;2;1
202400020132;155 746 366;7;0;0;4;2;1
202400020133;155 746 359;7;0;0;9;21;1
202400020134;155 746 353;17;1;0;7;15;1
202400020134;155 746 356;7;0;0;6;24;1
202400020135;155 746 354;10;0;2;3;1;1
202400020135;155 746 358;7;0;2;7;1;1
202400020136;155 746 352;7;0;2;1;1;1
202400020136;155 746 357;2;0;2;8;16;1
202400020137;155 746 349;15;4;0;1;13;1
202400020138;155 746 348;10;0;2;1;13;1
202400020138;155 746 350;7;0;2;1;1;1
202400020138;155 746 351;7;0;2;8;1;1
202400020138;155 746 355;7;0;2;0;9;1
202400020139;155 746 345;7;0;2;8;2;1
202400020139;155 746 347;31;0;2;3;13;1
202400020140;155 746 342;7;0;0;4;26;1
202400020140;155 746 346;7;0;2;1;26;1
202400020141;155 746 335;7;0;2;7;1;1
202400020141;155 746 338;7;0;2;1;1;1
202400020142;155 746 334;7;3;0;2;1;1
202400020143;155 746 332;7;0;2;1;15;1
202400020143;155 746 337;7;0;2;1;1;1
202400020144;155 746 333;30;0;2;1;1;1
202400020144;155 746 336;7;0;2;6;15;1
202400020145;155 746 331;7;0;1;2;1;1
202400020146;155 746 330;7;16;0;0;2;1
202400020147;155 746 329;7;0;1;0;1;1
202400020148;155 746 328;37;0;1;2;21;1
202400020149;155 746 326;7;0;0;8;15;1
202400020149;155 746 327;33;9;2;1;13;1
202400020150;155 746 322;7;0;2;2;2;1
202400020150;155 746 325;7;0;2;6;2;1
202400020151;155 746 319;7;8;0;8;1;1
202400020152;155 746 321;7;0;2;0;18;1
202400020152;155 746 324;33;0;2;2;15;1
202400020153;155 746 320;30;0;2;2;1;1
202400020153;155 746 323;7;0;2;1;1;1
202400020154;155 746 317;7;0;1;1;1;1
202400020155;155 746 314;7;0;2;3;1;1
202400020155;155 746 316;10;0;2;2;1;1
202400020155;155 746 318;7;0;2;4;1;1
202400020156;155 746 311;7;0;2;1;17;1
202400020156;155 746 313;7;0;2;4;2;1
202400020157;155 746 310;2;1;0;1;1;1