Num_Acc;id_vehicule;catv;obs;obsm;choc;manv;motor
202400021573;155 743 808;7;0;2;4;23;1
202400021574;155 743 803;7;2;0;1;14;1
202400021575;155 743 802;7;0;2;8;15;1
202400021575;155 743 804;34;0;2;7;17;1
202400021576;155 743 800;7;0;2;1;1;1
202400021576;155 743 801;7;0;2;1;13;1
202400021577;155 743 797;7;0;2;1;1;1
202400021577;155 743 798;7;0;2;4;1;1
202400021577;155 743 799;10;0;2;4;1;1
202400021578;155 743 796;7;2;0;7;14;1
202400021579;155 743 794;33;0;2;2;11;1
202400021579;155 743 795;7;0;0;6;15;3
202400021580;155 743 793;7;13;0;1;17;1
202400021581;155 743 791;7;6;0;3;1;1
202400021582;155 743 790;7;0;2;1;1;1
202400021582;155 743 792;10;0;2;3;1;1
202400021583;155 743 789;3;8;0;1;1;1
202400021584;155 743 788;10;2;0;3;1;1
202400021585;155 743 787;7;0;0;0;1;1
202400021586;155 743 785;33;0;0;0;1;1
202400021587;155 743 786;2;0;0;0;0;1
202400021588;155 743 784;31;0;0;0;0;1
202400021589;155 743 779;10;0;2;1;1;6
202400021589;155 743 780;7;0;2;8;19;1
202400021590;155 743 777;7;0;2;1;1;1
202400021590;155 743 778;7;0;2;1;1;1
202400021590;155 743 781;7;0;2;8;1;2
202400021590;155 743 782;7;0;2;6;1;1
202400021590;155 743 783;7;0;2;1;5;2
202400021591;155 743 775;7;0;2;3;13;1
202400021591;155 743 776;7;0;2;3;1;1
202400021592;155 743 774;10;0;1;2;15;1
202400021593;155 743 773;7;2;0;8;1;1
202400021594;155 743 772;15;0;0;7;1;1
202400021595;155 743 768;7;0;2;1;5;1
202400021595;155 743 770;7;0;2;1;1;2
202400021595;155 743 771;7;0;2;1;1;1
202400021596;155 743 767;7;0;2;3;13;1
202400021596;155 743 769;7;0;2;3;1;1
202400021597;155 743 766;7;13;0;2;13;1
202400021598;155 743 765;33;4;0;3;0;1
202400021599;155 743 762;30;0;2;1;13;1
202400021599;155 743 764;7;0;2;1;2;1
202400021600;155 743 760;7;0;2;1;0;1
202400021600;155 743 761;7;0;0;4;0;1
202400021600;155 743 763;7;0;2;2;0;1
202400021601;155 743 758;14;0;2;3;1;1
202400021601;155 743 759;7;0;2;3;13;1
202400021602;155 743 755;2;0;0;0;5;1
202400021603;155 743 754;7;4;2;2;17;1
202400021603;155 743 756;33;0;0;0;0;1
202400021603;155 743 757;7;4;0;5;1;1
202400021604;155 743 752;7;0;2;1;1;1
202400021604;155 743 753;7;0;2;2;15;2
202400021605;155 743 749;10;2;0;3;13;1
202400021606;155 743 747;7;0;0;8;1;1
202400021606;155 743 748;7;0;2;1;19;1
202400021607;155 743 745;7;6;1;3;0;1
202400021608;155 743 743;7;0;2;3;1;1
202400021608;155 743 744;7;0;2;3;1;1
202400021608;155 743 746;7;0;2;1;1;1
202400021609;155 743 741;80;0;0;0;0;3
202400021610;155 743 740;38;0;2;3;14;1
202400021610;155 743 742;7;0;2;1;13;1
202400021611;155 743 736;14;0;2;2;1;1
202400021611;155 743 738;7;0;2;8;19;1
202400021612;155 743 737;7;0;2;1;2;1
202400021612;155 743 739;7;0;0;4;2;2
202400021613;155 743 735;17;0;1;3;1;1
202400021614;155 743 733;7;0;2;1;13;1
202400021614;155 743 734;7;0;2;3;1;1
202400021615;155 743 731;7;13;0;6;0;1
202400021615;155 743 732;7;0;2;1;2;1
202400021616;155 743 730;2;0;0;0;0;1
202400021617;155 743 727;7;0;2;3;13;1
202400021617;155 743 728;7;0;2;3;1;1
202400021618;155 743 723;33;0;2;1;1;1
202400021618;155 743 724;10;0;0;8;15;1
202400021619;155 743 725;7;0;2;1;1;1
202400021619;155 743 726;7;0;2;1;13;1
202400021619;155 743 729;7;0;2;8;1;1
202400021620;155 743 720;7;2;0;2;14;1
202400021621;155 743 719;7;0;0;9;1;1
202400021622;155 743 721;7;0;2;2;13;1
202400021622;155 743 722;7;0;2;2;13;1
202400021623;155 743 718;7;0;1;3;1;1
202400021624;155 743 716;7;2;0;1;1;1
202400021625;155 743 717;7;17;0;1;1;1
202400021626;155 743 715;15;8;0;1;1;0
202400021627;155 743 714;7;6;0;1;1;1
202400021628;155 743 712;7;0;2;3;15;1
202400021628;155 743 713;1;0;2;1;1;5
202400021629;155 743 710;7;0;2;1;2;1
202400021629;155 743 711;7;0;0;4;2;1
202400021630;155 743 709;7;0;1;1;15;1
202400021631;155 743 708;7;2;0;3;1;1
202400021632;155 743 705;7;0;2;2;0;1
202400021632;155 743 707;7;0;0;6;1;1
202400021633;155 743 704;2;0;2;1;1;1
202400021633;155 743 706;7;0;2;5;23;1
202400021634;155 743 703;7;15;0;1;1;1
202400021635;155 743 702;7;13;0;1;1;1
202400021636;155 743 700;7;0;2;3;5;1
202400021636;155 743 701;7;0;2;3;1;1
202400021637;155 743 696;1;0;2;7;1;5
202400021637;155 743 697;7;0;2;2;26;1
202400021638;155 743 694;7;0;2;4;2;1
202400021638;155 743 695;7;0;2;1;2;1
202400021639;155 743 693;31;0;0;2;16;1
202400021640;155 743 691;7;6;0;3;0;1
202400021641;155 743 690;7;3;2;2;2;1
202400021641;155 743 692;7;3;2;6;1;1
202400021642;155 743 687;7;0;9;3;2;1
202400021642;155 743 689;1;0;2;1;19;5
202400021643;155 743 686;7;0;2;0;0;0
202400021643;155 743 688;7;0;2;0;2;1
202400021644;155 743 685;7;13;0;2;1;1
202400021645;155 743 681;7;0;2;1;2;1
202400021645;155 743 683;7;0;2;4;2;1
202400021645;155 743 684;7;0;2;4;2;1
202400021646;155 743 680;7;0;0;7;15;1
202400021646;155 743 682;7;0;2;1;1;1
202400021647;155 743 678;1;0;2;8;1;5
202400021647;155 743 679;10;0;9;2;17;1
202400021648;155 743 676;14;0;2;2;1;1
202400021648;155 743 677;7;0;2;6;15;1
202400021649;155 743 674;7;0;0;0;0;1
202400021649;155 743 675;7;0;0;0;0;1
202400021650;155 743 673;7;6;0;1;1;1
202400021651;155 743 672;7;0;0;1;26;1
202400021652;155 743 671;7;4;0;9;0;1
202400021653;155 743 669;7;0;2;1;0;1
202400021653;155 743 670;7;0;2;4;0;1
202400021654;155 743 667;7;0;2;6;2;1
202400021654;155 743 668;7;0;2;5;0;1
202400021655;155 743 666;7;4;0;3;1;1
202400021656;155 743 663;7;0;2;4;16;1
202400021656;155 743 665;7;0;2;1;1;1
202400021657;155 743 661;7;0;2;1;2;2
202400021657;155 743 662;7;0;2;4;2;1
202400021657;155 743 664;7;0;2;4;2;1
202400021658;155 743 656;10;0;2;3;12;1
202400021658;155 743 658;7;0;2;5;1;1
202400021658;155 743 659;7;0;2;4;2;1
202400021658;155 743 660;10;0;2;4;2;1
202400021659;155 743 655;7;0;2;6;11;1
202400021659;155 743 657;7;4;2;2;1;1
202400021660;155 743 653;7;3;0;1;2;1
202400021661;155 743 652;7;0;2;5;14;1
202400021661;155 743 654;33;0;2;7;3;1
202400021662;155 743 649;33;0;2;1;3;1
202400021662;155 743 651;10;0;0;0;13;0
202400021663;155 743 647;10;4;2;2;1;3
202400021663;155 743 648;10;4;2;4;23;1
202400021663;155 743 650;7;4;2;4;23;2
202400021664;155 743 644;7;0;2;9;1;2
202400021664;155 743 645;7;0;2;6;23;1
202400021664;155 743 646;7;0;2;1;1;1
202400021665;155 743 642;15;0;2;2;12;1
202400021665;155 743 643;7;0;2;8;1;1
202400021666;155 743 640;31;0;2;1;3;1
202400021666;155 743 641;7;0;2;4;1;1
202400021667;155 743 637;7;0;2;1;2;1
202400021667;155 743 639;7;0;2;4;2;1
202400021668;155 743 636;7;0;2;0;0;1
202400021668;155 743 638;7;0;2;0;0;1
202400021669;155 743 634;10;0;2;4;2;0
202400021669;155 743 635;10;0;2;1;2;1
202400021670;155 743 631;7;0;2;1;2;1
202400021670;155 743 632;7;0;2;4;2;1
202400021671;155 743 630;30;0;2;5;15;1
202400021671;155 743 633;7;0;2;2;1;1
202400021672;155 743 627;15;0;2;2;12;1
202400021672;155 743 629;7;0;2;6;0;1
202400021673;155 743 626;50;0;1;1;1;3
202400021673;155 743 628;50;0;2;1;1;3
202400021674;155 743 622;7;0;2;5;2;2
202400021674;155 743 625;7;0;2;2;2;2
202400021675;155 743 623;7;0;2;3;1;1
202400021675;155 743 624;50;0;2;0;15;3
202400021676;155 743 620;7;0;2;4;2;2
202400021676;155 743 621;7;0;2;1;2;2
202400021677;155 743 617;7;0;2;3;1;1
202400021677;155 743 619;7;0;2;1;9;2
202400021678;155 743 616;7;0;2;3;11;1
202400021678;155 743 618;32;0;2;7;3;1
202400021679;155 743 615;7;1;0;1;1;1
202400021680;155 743 613;14;0;1;1;25;1
202400021681;155 743 612;34;0;2;8;0;1
202400021681;155 743 614;14;0;2;2;12;1
202400021682;155 743 609;7;0;2;0;0;1
202400021682;155 743 611;1;0;2;0;0;5
202400021683;155 743 607;50;0;4;0;1;3
202400021683;155 743 610;40;0;1;2;1;3
202400021684;155 743 606;33;4;2;8;3;1
202400021684;155 743 608;7;4;0;7;14;2
202400021685;155 743 604;7;4;0;9;0;1
202400021686;155 743 602;7;0;2;2;15;1
202400021686;155 743 605;32;0;2;1;1;1
202400021687;155 743 600;17;0;2;1;1;1
202400021687;155 743 601;10;0;2;4;1;1
202400021687;155 743 603;7;0;2;4;1;1
202400021688;155 743 597;31;0;2;3;21;1
202400021688;155 743 599;7;0;2;2;15;1
202400021689;155 743 596;7;0;2;1;13;1
202400021689;155 743 598;10;0;2;1;1;1
202400021690;155 743 594;7;13;0;3;21;1
202400021691;155 743 592;10;0;2;4;1;1
202400021691;155 743 595;7;0;2;1;1;1
202400021692;155 743 591;37;0;2;3;1;1
202400021692;155 743 593;33;0;2;2;1;1
202400021693;155 743 589;7;13;0;1;21;1
202400021694;155 743 588;30;0;2;5;0;1
202400021694;155 743 590;7;0;2;2;0;1
202400021695;155 743 586;7;0;2;1;1;1
202400021695;155 743 587;7;0;2;4;1;1
202400021696;155 743 585;32;0;0;0;21;1
202400021697;155 743 583;33;0;0;7;1;1
202400021698;155 743 582;34;0;2;8;1;1
202400021698;155 743 584;7;0;2;1;15;1
202400021699;155 743 579;15;0;2;7;1;1
202400021699;155 743 581;7;0;2;8;13;1
202400021700;155 743 578;50;0;1;1;1;3
202400021701;155 743 576;50;0;2;0;0;3
202400021701;155 743 580;7;0;9;0;1;0
202400021702;155 743 574;33;0;2;2;17;1
202400021702;155 743 577;7;0;2;4;11;1
202400021703;155 743 571;1;0;2;6;17;5
202400021703;155 743 573;1;0;2;3;1;5
202400021704;155 743 572;7;0;2;0;1;1
202400021704;155 743 575;15;0;2;7;12;1
202400021705;155 743 569;10;0;2;5;23;1
202400021705;155 743 570;32;0;2;1;2;1
202400021706;155 743 565;7;0;2;7;12;1
202400021706;155 743 567;33;0;2;3;3;1
202400021707;155 743 563;7;0;2;3;11;2
202400021707;155 743 566;7;0;2;3;1;2
202400021708;155 743 564;10;0;2;1;15;1
202400021708;155 743 568;33;0;2;2;1;1
202400021709;155 743 561;7;0;2;1;11;1
202400021709;155 743 562;7;0;2;1;1;1
202400021710;155 743 560;7;0;1;2;1;1
202400021711;155 743 559;33;0;0;0;2;1
202400021712;155 743 558;7;0;1;1;1;-1
202400021713;155 743 554;7;0;2;1;1;2
202400021713;155 743 556;7;0;2;1;1;1
202400021714;155 743 555;7;0;2;8;9;1
202400021714;155 743 557;7;8;2;1;1;1
202400021715;155 743 553;80;12;0;8;15;3
202400021716;155 743 549;7;0;1;2;1;1
202400021717;155 743 551;43;0;2;1;1;1
202400021717;155 743 552;10;0;2;5;1;1
202400021718;155 743 548;7;0;1;7;1;1
202400021719;155 743 546;10;0;2;3;1;1
202400021719;155 743 547;10;0;2;5;1;1
202400021719;155 743 550;33;0;2;5;3;1
202400021720;155 743 544;7;0;2;1;1;1
202400021721;155 743 543;7;0;2;1;1;1
202400021721;155 743 545;2;0;2;7;1;1
202400021722;155 743 542;31;0;1;1;1;1
202400021723;155 743 539;2;0;2;2;14;1
202400021723;155 743 541;2;0;2;8;14;3
202400021724;155 743 538;7;0;2;2;1;1
202400021724;155 743 540;7;0;2;3;20;1
202400021725;155 743 536;13;0;1;0;16;1
202400021726;155 743 535;7;1;0;3;13;2
202400021727;155 743 534;50;0;2;4;1;3
202400021727;155 743 537;7;0;2;1;2;2
202400021728;155 743 533;0;0;1;1;1;0
202400021729;155 743 530;2;0;2;2;17;1
202400021729;155 743 532;10;0;2;3;13;1
202400021730;155 743 528;7;0;0;0;1;1
202400021731;155 743 527;33;0;2;2;1;1
202400021731;155 743 531;7;0;2;3;9;1
202400021732;155 743 526;33;0;2;3;1;1
202400021732;155 743 529;7;0;2;1;15;1
202400021733;155 743 524;7;0;2;3;0;1
202400021733;155 743 525;7;0;2;1;0;2
202400021734;155 743 522;34;0;5;1;1;1
202400021735;155 743 520;7;0;2;4;23;1
202400021735;155 743 523;7;0;2;1;1;1
202400021736;155 743 519;7;0;2;1;10;1
202400021736;155 743 521;7;0;2;2;1;1
202400021737;155 743 518;2;0;0;7;21;3
202400021738;155 743 516;33;0;2;8;1;1
202400021738;155 743 517;10;0;2;3;15;1
202400021739;155 743 514;33;3;0;1;1;1
202400021740;155 743 513;2;0;0;0;1;1
202400021741;155 743 512;7;0;2;3;19;0
202400021741;155 743 515;34;0;2;2;23;0
202400021742;155 743 508;7;12;0;2;14;1
202400021743;155 743 507;10;0;2;1;1;0
202400021743;155 743 511;1;0;2;0;1;5
202400021744;155 743 505;7;0;2;2;15;1
202400021744;155 743 509;30;0;2;1;1;1
202400021745;155 743 506;7;8;0;7;1;1
202400021745;155 743 510;7;0;2;1;1;1
202400021746;155 743 503;7;0;2;1;1;1
202400021746;155 743 504;1;0;2;1;5;5
202400021747;155 743 502;37;2;0;1;15;1
202400021748;155 743 501;2;12;0;2;14;1
202400021749;155 743 498;7;0;2;0;15;0
202400021749;155 743 500;50;0;2;7;1;3
202400021750;155 743 497;30;0;2;7;1;1
202400021750;155 743 499;7;0;2;3;0;1
202400021751;155 743 496;2;0;1;1;1;1
202400021752;155 743 493;33;4;2;4;23;1
202400021752;155 743 495;33;4;2;1;1;1
202400021753;155 743 491;7;0;2;8;1;1
202400021753;155 743 494;50;0;2;7;15;3
202400021754;155 743 490;7;0;1;4;20;1
202400021755;155 743 489;7;0;2;8;1;1
202400021755;155 743 492;7;0;2;8;1;1
202400021756;155 743 487;7;0;0;9;0;1
202400021757;155 743 486;7;0;2;3;11;1
202400021757;155 743 488;2;0;2;4;5;1
202400021758;155 743 483;7;0;2;2;15;1
202400021758;155 743 485;7;9;2;1;1;1
202400021759;155 743 481;7;0;2;1;17;1
202400021759;155 743 482;7;0;2;1;0;1
202400021760;155 743 480;7;0;1;3;13;1
202400021761;155 743 478;10;0;1;1;1;1
202400021762;155 743 484;7;0;1;3;15;1
202400021763;155 743 477;7;0;2;2;12;1
202400021763;155 743 479;7;0;2;3;1;1
202400021764;155 743 475;3;8;0;2;1;1
202400021765;155 743 473;7;0;2;2;15;3
202400021765;155 743 476;50;0;2;1;1;3
202400021766;155 743 471;7;0;2;6;15;1
202400021766;155 743 474;43;0;2;1;2;1
202400021767;155 743 472;7;4;0;1;13;1
202400021768;155 743 470;10;0;1;1;26;1
202400021769;155 743 468;1;14;0;1;21;5
202400021770;155 743 466;1;0;2;3;1;5
202400021770;155 743 469;7;0;2;8;9;1
202400021771;155 743 465;7;0;2;3;17;1
202400021771;155 743 467;14;0;2;3;1;1
202400021772;155 743 462;7;0;2;6;15;1
202400021772;155 743 464;32;0;2;1;1;1
202400021773;155 743 459;7;0;2;2;2;1
202400021773;155 743 461;10;0;2;1;15;1
202400021774;155 743 458;2;0;2;5;14;1
202400021774;155 743 460;7;0;2;2;15;1
202400021775;155 743 456;43;0;2;3;1;1
202400021775;155 743 463;7;0;2;5;15;1
202400021776;155 743 455;7;0;2;1;1;0
202400021776;155 743 457;3;0;2;3;13;0
202400021777;155 743 454;7;0;1;1;15;1
202400021778;155 743 452;37;0;1;1;16;1
202400021779;155 743 450;7;1;1;2;21;2
202400021779;155 743 453;10;0;0;6;23;1
202400021780;155 743 449;2;0;2;1;21;1
202400021780;155 743 451;33;0;2;3;9;1
202400021781;155 743 447;7;0;1;2;0;1
202400021781;155 743 448;7;0;2;1;2;1
202400021782;155 743 442;30;0;2;1;13;1
202400021782;155 743 445;7;0;2;8;1;1
202400021783;155 743 441;33;0;2;8;18;1
202400021783;155 743 444;7;0;2;1;15;1
202400021784;155 743 443;2;0;2;1;19;1
202400021784;155 743 446;7;0;2;3;1;1
202400021785;155 743 439;2;0;2;2;1;1
202400021785;155 743 440;7;0;2;8;9;1
202400021786;155 743 438;33;0;0;0;1;1
202400021787;155 743 436;7;0;2;2;9;2
202400021787;155 743 437;7;0;2;6;23;3
202400021788;155 743 435;7;16;0;1;1;1
202400021789;155 743 433;7;0;2;5;18;0
202400021789;155 743 434;50;0;2;1;1;3
202400021790;155 743 429;7;0;2;2;16;1
202400021790;155 743 431;50;0;2;3;1;3
202400021791;155 743 428;10;0;2;4;15;1
202400021791;155 743 432;33;0;2;1;16;1
202400021792;155 743 426;7;2;0;2;1;1
202400021793;155 743 423;7;0;2;1;2;1
202400021793;155 743 425;7;0;2;4;1;1
202400021794;155 743 421;1;0;5;1;1;5
202400021795;155 743 420;33;0;2;7;1;1
202400021795;155 743 424;7;0;2;2;1;1
202400021796;155 743 417;10;0;2;1;2;1
202400021796;155 743 419;7;0;2;4;2;1
202400021796;155 743 422;7;0;2;4;0;1
202400021796;155 743 427;7;0;2;4;0;1
202400021796;155 743 430;7;0;0;4;0;1
202400021797;155 743 416;33;13;0;1;14;1
202400021798;155 743 415;1;8;0;1;1;5
202400021799;155 743 414;37;0;2;1;1;1
202400021799;155 743 418;50;0;2;8;15;3
202400021800;155 743 413;10;0;1;6;4;1
202400021801;155 743 410;7;0;1;3;1;1
202400021802;155 743 409;7;2;0;1;1;1
202400021803;155 743 411;7;2;0;1;14;1
202400021804;155 743 412;7;11;0;1;14;1
202400021805;155 743 407;31;4;0;3;17;1
202400021806;155 743 404;7;0;0;0;0;1
202400021806;155 743 408;7;0;2;1;13;1
202400021807;155 743 403;33;0;2;1;12;1
202400021807;155 743 406;10;0;2;5;12;1
202400021808;155 743 402;60;0;2;8;19;5
202400021808;155 743 405;7;0;9;2;1;1
202400021809;155 743 401;7;13;1;3;21;1
202400021810;155 743 400;7;1;1;1;1;1
202400021811;155 743 398;7;2;0;3;0;1
202400021812;155 743 397;7;0;2;3;21;2
202400021812;155 743 399;7;0;2;3;11;1
202400021813;155 743 394;7;0;0;0;1;1
202400021814;155 743 395;7;0;2;1;2;1
202400021814;155 743 396;7;0;2;4;2;1
202400021815;155 743 393;7;13;0;2;1;1
202400021816;155 743 392;7;0;1;1;15;1
202400021817;155 743 390;7;6;9;3;17;1
202400021817;155 743 391;1;0;2;1;1;5
202400021818;155 743 388;99;0;0;8;1;1
202400021819;155 743 389;7;0;2;1;1;1
202400021820;155 743 386;33;12;0;8;1;1
202400021821;155 743 385;7;0;2;1;1;1
202400021821;155 743 387;7;0;2;4;1;1
202400021822;155 743 382;33;0;2;1;1;1
202400021822;155 743 384;7;0;2;3;15;1
202400021823;155 743 378;2;0;2;8;1;1
202400021823;155 743 380;7;0;2;3;15;1
202400021824;155 743 376;7;1;2;8;24;1
202400021824;155 743 379;50;1;2;1;1;3
202400021825;155 743 375;7;0;2;3;15;1
202400021825;155 743 377;2;0;2;1;1;1
202400021826;155 743 372;1;0;2;7;1;5
202400021826;155 743 374;7;0;9;1;1;1
202400021827;155 743 373;7;2;0;1;14;1
202400021828;155 743 369;7;0;2;6;1;1
202400021828;155 743 371;7;0;2;1;15;1
202400021829;155 743 367;1;0;0;0;1;5
202400021830;155 743 366;7;0;2;3;1;1
202400021830;155 743 370;50;0;2;1;19;3
202400021831;155 743 365;7;0;2;3;1;1
202400021831;155 743 368;2;0;2;1;19;1
202400021832;155 743 361;31;0;2;9;17;1
202400021832;155 743 364;7;0;2;3;15;1
202400021833;155 743 360;7;13;0;3;1;1
202400021834;155 743 363;2;0;0;3;16;1
202400021835;155 743 358;7;0;2;3;1;1
202400021835;155 743 359;7;0;2;1;23;1
202400021835;155 743 362;7;0;2;1;15;1
202400021836;155 743 357;7;0;1;1;1;1
202400021837;155 743 355;7;6;0;9;1;1
202400021838;155 743 353;7;0;0;2;15;1
202400021838;155 743 356;1;0;2;1;1;5
202400021839;155 743 352;7;0;1;7;1;1
202400021840;155 743 351;7;0;2;2;1;1
202400021840;155 743 354;7;0;2;3;1;2
202400021841;155 743 350;7;2;0;9;1;1
202400021842;155 743 349;7;8;0;9;26;1
202400021843;155 743 348;2;0;1;1;3;1
202400021844;155 743 347;7;0;1;1;1;1
202400021845;155 743 345;2;0;2;7;15;1
202400021845;155 743 346;7;0;2;2;1;1
202400021846;155 743 343;7;0;2;3;15;1
202400021846;155 743 344;7;0;2;2;17;1
202400021847;155 743 341;7;0;0;9;1;1
202400021848;155 743 340;33;0;2;1;2;1
202400021848;155 743 342;10;0;2;4;2;1
202400021849;155 743 335;7;0;2;6;24;1
202400021849;155 743 337;7;1;0;2;1;1
202400021850;155 743 333;7;0;0;4;1;1
202400021850;155 743 339;7;0;2;1;17;3
202400021851;155 743 332;7;0;0;4;2;1
202400021851;155 743 334;7;0;2;1;2;1
202400021852;155 743 329;7;0;2;8;22;1
202400021852;155 743 331;1;1;0;7;1;5
202400021853;155 743 328;7;0;2;8;26;1
202400021853;155 743 330;32;0;2;1;2;1
202400021854;155 743 327;10;0;1;3;5;1
202400021855;155 743 326;33;0;0;0;0;1
202400021856;155 743 323;7;0;1;1;2;1
202400021857;155 743 321;33;16;0;7;1;1
202400021858;155 743 322;1;0;2;1;26;5
202400021858;155 743 325;7;0;2;2;16;1
202400021859;155 743 319;30;0;0;7;17;1
202400021860;155 743 317;7;0;1;7;1;1
202400021861;155 743 314;31;15;0;7;1;1
202400021862;155 743 312;50;0;1;8;26;3
202400021863;155 743 313;31;0;0;2;1;1
202400021864;155 743 311;7;0;2;3;17;1
202400021864;155 743 315;7;0;2;8;1;1
202400021864;155 743 316;7;0;2;3;1;1
202400021864;155 743 320;7;0;2;3;1;3
202400021864;155 743 324;7;0;2;1;1;1
202400021865;155 743 305;7;0;2;1;1;1
202400021865;155 743 310;50;0;2;8;5;3
202400021866;155 743 306;7;0;0;1;1;1
202400021866;155 743 309;1;0;2;4;1;5
202400021867;155 743 304;1;0;2;7;1;5
202400021867;155 743 308;7;0;2;1;15;1
202400021868;155 743 303;33;0;0;0;17;1
202400021869;155 743 301;7;2;0;1;0;1
202400021870;155 743 299;14;16;0;3;1;1
202400021871;155 743 298;2;0;2;1;26;1
202400021871;155 743 302;7;0;2;8;26;1
202400021872;155 743 297;33;4;0;1;13;1
202400021873;155 743 296;50;0;2;0;26;3
202400021873;155 743 300;7;0;2;2;26;1
202400021874;155 743 294;7;3;0;3;1;1
202400021875;155 743 292;7;7;0;8;1;1
202400021875;155 743 295;7;0;2;1;19;1
202400021876;155 743 287;33;0;2;2;2;1
202400021876;155 743 290;50;0;2;3;11;3
202400021877;155 743 289;33;0;2;7;1;1
202400021877;155 743 293;7;0;2;1;19;1
202400021878;155 743 286;7;0;2;2;1;1
202400021878;155 743 291;80;0;2;7;1;3
202400021879;155 743 284;7;8;2;3;13;1
202400021879;155 743 285;7;8;2;3;1;1
202400021880;155 743 283;7;0;2;2;1;1
202400021880;155 743 288;10;0;2;3;11;1
202400021881;155 743 280;7;0;2;1;1;1
202400021881;155 743 281;60;0;2;8;19;5
202400021882;155 743 279;7;0;2;1;1;1
202400021882;155 743 282;10;0;2;3;15;1
202400021883;155 743 276;30;0;0;0;1;1
202400021884;155 743 273;15;0;2;7;1;1
202400021884;155 743 274;33;0;2;1;9;1
202400021884;155 743 277;33;0;2;4;9;1
202400021885;155 743 269;7;9;0;8;19;1
202400021885;155 743 271;7;0;2;1;0;3
202400021886;155 743 268;7;0;2;2;20;1
202400021886;155 743 270;33;0;2;1;18;1
202400021887;155 743 267;36;2;0;1;13;1
202400021888;155 743 266;33;9;0;2;1;1
202400021889;155 743 261;7;0;2;3;1;1
202400021889;155 743 265;7;0;2;4;1;3
202400021890;155 743 263;7;0;1;1;0;1
202400021891;155 743 260;7;0;9;6;15;1
202400021891;155 743 264;1;0;2;1;1;5
202400021892;155 743 258;33;0;0;0;1;1
202400021893;155 743 257;10;0;2;3;1;1
202400021893;155 743 262;14;0;2;3;11;4
202400021894;155 743 259;20;0;1;1;1;1
202400021895;155 743 250;7;0;2;2;2;1
202400021895;155 743 254;2;0;0;4;2;1
202400021896;155 743 251;1;0;2;1;1;5
202400021896;155 743 255;7;0;2;3;20;2
202400021897;155 743 253;7;0;2;1;5;1
202400021897;155 743 256;7;0;2;3;1;1
202400021898;155 743 249;7;0;2;3;1;1
202400021898;155 743 252;7;0;2;5;1;1
202400021899;155 743 246;7;0;2;3;1;1
202400021899;155 743 248;1;0;2;1;1;5
202400021900;155 743 243;7;0;2;2;2;1
202400021900;155 743 247;30;0;2;6;11;1
202400021901;155 743 244;33;0;1;7;26;1
202400021902;155 743 242;7;0;2;1;1;1
202400021902;155 743 245;7;0;2;3;10;1
202400021903;155 743 238;7;0;2;3;1;1
202400021903;155 743 241;7;0;2;3;1;1
202400021904;155 743 237;1;0;2;2;19;5
202400021904;155 743 240;7;0;9;3;16;1
202400021905;155 743 235;1;0;1;1;1;5
202400021906;155 743 236;7;0;2;2;14;3
202400021906;155 743 239;31;0;2;8;1;1
202400021907;155 743 234;17;16;0;8;13;1
202400021908;155 743 231;7;0;2;4;2;1
202400021908;155 743 233;7;0;2;1;2;1
202400021909;155 743 230;7;0;1;1;1;3
202400021910;155 743 228;7;0;2;1;1;1
202400021910;155 743 232;7;0;2;1;13;1
202400021911;155 743 221;7;0;2;3;24;2
202400021911;155 743 224;1;0;2;1;2;5
202400021912;155 743 219;33;0;2;4;23;1
202400021912;155 743 222;7;0;2;1;2;1
202400021912;155 743 226;7;0;2;4;23;1
202400021913;155 743 218;30;8;0;1;0;1
202400021914;155 743 217;10;0;2;1;1;1
202400021914;155 743 220;33;0;2;1;1;1
202400021914;155 743 223;33;0;2;8;1;1
202400021915;155 743 211;2;0;2;1;15;1
202400021915;155 743 214;7;0;2;6;15;1
202400021916;155 743 209;7;10;0;1;14;1
202400021917;155 743 210;7;0;2;3;17;1
202400021917;155 743 213;33;0;2;3;1;1
202400021918;155 743 208;38;0;2;6;1;1
202400021918;155 743 212;32;0;2;1;1;1
202400021918;155 743 216;32;0;2;1;1;1
202400021919;155 743 205;50;12;0;1;1;3
202400021920;155 743 202;80;0;2;2;1;3
202400021920;155 743 207;7;0;2;1;9;1
202400021921;155 743 203;7;0;2;3;15;1
202400021921;155 743 206;2;0;2;1;1;1
202400021922;155 743 201;38;0;2;1;1;1
202400021922;155 743 204;2;0;2;3;15;1
202400021923;155 743 200;7;0;1;1;1;1
202400021924;155 743 199;33;9;0;0;0;1
202400021925;155 743 196;37;0;2;4;1;0
202400021925;155 743 198;7;1;0;1;12;1
202400021926;155 743 195;15;0;1;7;1;0
202400021927;155 743 192;7;0;2;1;1;1
202400021927;155 743 194;33;0;2;1;5;1
202400021928;155 743 191;7;0;0;3;1;1
202400021929;155 743 186;10;0;2;3;26;0
202400021929;155 743 188;10;0;2;1;1;0
202400021929;155 743 190;10;2;0;1;0;0
202400021929;155 743 193;10;0;2;9;26;0
202400021930;155 743 187;1;0;2;8;1;5
202400021930;155 743 189;7;0;9;1;1;1