Num_Acc;id_vehicule;catv;obs;obsm;choc;manv;motor
202400023660;155 740 076;7;12;0;5;16;1
202400023661;155 740 074;10;8;0;3;1;1
202400023662;155 740 075;7;16;0;0;2;1
202400023663;155 740 072;7;0;2;8;1;1
202400023663;155 740 077;30;0;2;1;19;1
202400023664;155 740 071;33;0;1;1;1;1
202400023665;155 740 070;33;0;0;7;1;1
202400023666;155 740 064;7;13;2;1;1;1
202400023666;155 740 067;7;0;2;2;1;2
202400023667;155 740 065;33;0;2;0;17;1
202400023667;155 740 068;1;0;2;1;2;5
202400023668;155 740 066;7;0;2;1;15;1
202400023668;155 740 069;32;0;2;8;1;1
202400023669;155 740 063;7;0;1;3;1;1
202400023670;155 740 062;7;8;0;1;2;1
202400023671;155 740 061;7;2;0;3;1;1
202400023672;155 740 060;7;1;0;1;14;1
202400023673;155 740 058;7;0;2;2;19;1
202400023673;155 740 059;2;0;2;1;1;1
202400023674;155 740 054;21;15;0;1;14;1
202400023675;155 740 053;33;0;2;8;1;1
202400023675;155 740 056;7;0;0;3;15;1
202400023676;155 740 051;7;9;0;1;13;1
202400023677;155 740 052;7;0;0;0;23;1
202400023677;155 740 055;7;0;0;5;24;1
202400023677;155 740 057;7;1;0;1;26;2
202400023678;155 740 045;7;0;9;1;15;1
202400023678;155 740 047;50;0;2;1;1;3
202400023679;155 740 044;7;12;0;2;1;1
202400023680;155 740 046;33;0;2;2;1;1
202400023680;155 740 048;7;0;2;4;20;1
202400023681;155 740 039;33;0;2;1;17;1
202400023681;155 740 042;7;0;2;5;15;1
202400023682;155 740 040;10;0;2;1;1;1
202400023682;155 740 043;7;0;2;8;1;1
202400023683;155 740 038;7;0;2;1;1;1
202400023683;155 740 041;7;0;2;4;0;1
202400023684;155 740 037;7;16;0;1;1;1
202400023685;155 740 033;7;0;2;3;16;1
202400023685;155 740 036;7;0;2;2;1;1
202400023686;155 740 032;7;0;2;1;1;1
202400023686;155 740 034;33;0;2;1;26;1
202400023687;155 740 028;7;0;2;2;16;1
202400023687;155 740 031;60;0;2;3;0;5
202400023688;155 740 027;7;0;2;1;9;1
202400023688;155 740 035;7;0;2;1;1;1
202400023689;155 740 026;31;0;2;1;7;1
202400023689;155 740 029;7;0;2;2;16;1
202400023690;155 740 025;0;0;2;0;0;0
202400023690;155 740 030;80;0;0;4;1;3
202400023691;155 740 022;7;6;0;1;1;1
202400023692;155 740 023;33;8;0;1;1;1
202400023693;155 740 021;7;0;2;1;15;1
202400023693;155 740 024;7;0;2;8;15;1
202400023694;155 740 017;33;0;0;0;1;1
202400023695;155 740 016;7;0;2;1;15;1
202400023695;155 740 019;50;0;2;3;1;3
202400023696;155 740 012;7;0;2;1;2;1
202400023696;155 740 014;7;0;2;4;2;1
202400023696;155 740 018;7;0;2;1;2;1
202400023696;155 740 020;7;0;2;5;0;2
202400023697;155 740 007;7;0;2;6;1;2
202400023697;155 740 010;31;0;2;1;1;1
202400023698;155 740 008;7;0;2;3;15;1
202400023698;155 740 011;31;0;2;2;1;1
202400023699;155 740 006;7;0;1;1;15;1
202400023700;155 740 005;80;0;2;1;1;3
202400023700;155 740 009;10;0;2;3;16;1
202400023701;155 740 002;7;6;0;1;21;1
202400023702;155 740 000;7;0;2;6;16;1
202400023702;155 740 004;50;0;2;3;5;3
202400023703;155 739 999;7;3;2;1;14;1
202400023703;155 740 003;10;0;2;4;0;0
202400023704;155 739 998;7;0;2;8;19;1
202400023704;155 740 001;33;0;2;3;21;1
202400023705;155 739 996;2;1;0;0;0;0
202400023706;155 739 994;2;0;2;1;2;1
202400023706;155 739 997;32;0;2;4;2;1
202400023707;155 739 993;10;0;1;3;16;1
202400023708;155 739 992;3;0;2;1;2;1
202400023708;155 739 995;7;0;2;7;2;1
202400023709;155 739 990;33;0;2;3;13;1
202400023709;155 739 991;7;0;0;3;1;1
202400023710;155 739 986;7;0;2;1;1;1
202400023710;155 739 989;15;0;2;4;1;1
202400023711;155 739 985;7;0;2;2;1;0
202400023711;155 739 988;1;0;2;0;0;0
202400023712;155 739 984;7;0;0;8;9;1
202400023712;155 739 987;33;0;0;1;1;1
202400023713;155 739 983;7;6;0;2;1;1
202400023714;155 739 981;1;0;2;6;2;5
202400023714;155 739 982;10;0;2;7;2;1
202400023715;155 739 979;33;14;0;1;1;1
202400023716;155 739 980;7;0;1;1;1;1
202400023717;155 739 977;10;0;2;1;2;1
202400023717;155 739 978;33;0;2;4;23;1
202400023718;155 739 973;7;0;2;1;1;1
202400023718;155 739 976;7;0;2;1;5;1
202400023719;155 739 970;7;0;2;0;0;1
202400023719;155 739 972;50;0;2;0;0;3
202400023720;155 739 971;7;0;2;1;19;1
202400023720;155 739 974;7;0;2;7;1;1
202400023721;155 739 969;50;0;2;7;1;3
202400023721;155 739 975;7;0;2;1;1;1
202400023722;155 739 967;32;0;1;1;17;1
202400023723;155 739 966;7;6;2;7;1;1
202400023723;155 739 968;7;0;2;1;1;1
202400023724;155 739 965;7;7;0;1;14;1
202400023725;155 739 964;7;0;1;2;1;1
202400023726;155 739 961;7;0;1;8;1;1
202400023727;155 739 960;7;0;2;8;9;1
202400023727;155 739 963;7;0;2;2;1;1
202400023728;155 739 958;7;0;2;8;9;1
202400023728;155 739 962;2;0;2;1;1;1
202400023729;155 739 955;7;0;1;5;4;1
202400023730;155 739 953;33;0;2;1;1;1
202400023730;155 739 956;7;0;2;2;15;1
202400023731;155 739 954;7;0;2;4;23;3
202400023731;155 739 957;7;0;2;4;23;1
202400023731;155 739 959;10;0;2;1;2;1
202400023732;155 739 948;80;0;1;1;1;3
202400023733;155 739 945;1;0;2;1;23;5
202400023733;155 739 950;7;0;2;4;4;1
202400023734;155 739 943;7;0;2;1;2;1
202400023734;155 739 947;7;0;2;4;2;1
202400023734;155 739 951;7;0;2;1;2;1
202400023734;155 739 952;7;0;2;4;2;2
202400023735;155 739 942;7;6;0;1;1;1
202400023736;155 739 940;7;0;2;3;13;1
202400023736;155 739 944;7;0;2;6;2;1
202400023736;155 739 946;7;0;2;4;2;1
202400023736;155 739 949;33;0;2;1;1;1
202400023737;155 739 939;7;0;2;3;13;1
202400023737;155 739 941;7;0;2;3;1;2
202400023738;155 739 937;7;0;2;1;2;1
202400023738;155 739 938;7;0;2;4;2;1
202400023739;155 739 935;17;0;2;4;1;0
202400023739;155 739 936;7;0;2;1;2;1
202400023740;155 739 934;33;0;0;0;1;1
202400023741;155 739 931;7;0;2;1;15;1
202400023741;155 739 933;31;15;2;8;1;3
202400023742;155 739 928;7;13;0;3;14;1
202400023743;155 739 930;30;0;2;1;1;1
202400023743;155 739 932;0;0;2;2;15;0
202400023744;155 739 926;43;4;0;3;1;1
202400023745;155 739 927;7;0;9;7;1;1
202400023745;155 739 929;80;0;2;0;16;3
202400023746;155 739 922;7;0;2;4;15;1
202400023746;155 739 924;10;0;2;1;2;1
202400023747;155 739 921;33;1;0;1;2;1
202400023747;155 739 925;15;0;0;6;2;1
202400023748;155 739 919;7;0;2;2;14;1
202400023748;155 739 923;2;0;2;3;2;1
202400023749;155 739 915;1;0;0;0;1;5
202400023750;155 739 918;7;0;9;2;9;1
202400023750;155 739 920;50;0;2;1;25;3
202400023751;155 739 914;10;0;2;8;1;1
202400023751;155 739 917;7;4;2;8;17;1
202400023752;155 739 913;33;1;0;4;1;1
202400023752;155 739 916;33;0;2;1;2;1
202400023753;155 739 911;7;0;1;1;1;2
202400023754;155 739 910;7;0;1;3;1;1
202400023755;155 739 908;7;0;9;3;9;1
202400023755;155 739 912;1;0;2;7;1;5
202400023756;155 739 909;10;0;1;3;15;1
202400023757;155 739 906;10;0;1;1;15;1
202400023758;155 739 905;1;0;2;7;1;5
202400023758;155 739 907;7;0;2;1;0;1
202400023759;155 739 904;7;6;0;3;1;1
202400023760;155 739 903;10;13;0;8;1;1
202400023761;155 739 902;38;0;1;5;20;1
202400023762;155 739 900;34;0;2;1;7;1
202400023762;155 739 901;7;0;2;2;16;1
202400023763;155 739 898;7;0;1;2;16;1
202400023764;155 739 899;32;0;0;7;14;1
202400023765;155 739 896;50;0;2;7;1;3
202400023765;155 739 897;7;0;2;1;9;1
202400023766;155 739 894;7;0;1;1;1;1
202400023767;155 739 892;7;0;2;1;17;1
202400023767;155 739 895;7;0;2;1;1;1
202400023768;155 739 890;7;0;1;3;1;1
202400023769;155 739 889;43;0;2;4;1;1
202400023769;155 739 891;7;0;2;1;1;1
202400023769;155 739 893;7;0;2;4;1;1
202400023770;155 739 886;1;0;2;1;19;5
202400023770;155 739 888;7;0;9;3;1;2
202400023771;155 739 883;40;0;1;1;26;6
202400023772;155 739 885;7;0;9;5;0;1
202400023772;155 739 887;1;0;2;8;0;5
202400023773;155 739 882;7;0;2;4;2;1
202400023773;155 739 884;7;0;2;1;2;1
202400023774;155 739 880;7;0;2;6;1;1
202400023774;155 739 881;1;0;2;4;26;5
202400023775;155 739 876;7;3;2;1;1;1
202400023775;155 739 877;7;0;2;4;1;1
202400023776;155 739 872;7;0;2;1;5;1
202400023776;155 739 879;7;0;2;1;0;1
202400023777;155 739 873;7;0;0;1;21;1
202400023778;155 739 874;43;0;2;1;1;1
202400023778;155 739 875;7;0;2;2;1;1
202400023779;155 739 866;1;0;0;0;0;5
202400023779;155 739 869;7;0;2;0;16;0
202400023780;155 739 865;7;0;2;1;26;1
202400023780;155 739 868;7;0;2;4;26;1
202400023780;155 739 870;7;0;2;4;23;1
202400023780;155 739 871;7;0;2;4;26;1
202400023781;155 739 864;43;14;0;2;6;1
202400023782;155 739 863;1;0;0;0;0;5
202400023783;155 739 856;7;0;2;1;2;1
202400023783;155 739 859;7;0;2;4;2;1
202400023783;155 739 862;10;0;2;4;2;1
202400023784;155 739 857;50;0;2;1;1;3
202400023784;155 739 861;7;0;2;1;9;1
202400023785;155 739 855;1;0;2;1;0;5
202400023785;155 739 858;7;0;9;3;9;1
202400023786;155 739 854;1;0;1;2;1;5
202400023787;155 739 851;7;0;2;0;2;1
202400023787;155 739 853;7;4;2;7;2;1
202400023788;155 739 846;33;0;2;8;1;1
202400023788;155 739 849;7;0;2;2;12;1
202400023789;155 739 845;7;0;2;4;23;1
202400023789;155 739 850;7;0;2;1;2;1
202400023790;155 739 847;7;1;2;4;2;2
202400023790;155 739 848;32;1;0;4;2;1
202400023791;155 739 842;33;0;2;1;2;1
202400023791;155 739 844;7;0;2;2;2;0
202400023792;155 739 841;7;4;2;1;2;1
202400023792;155 739 843;15;0;2;5;1;1
202400023793;155 739 840;33;0;1;2;1;1
202400023794;155 739 837;15;0;2;4;24;1
202400023794;155 739 838;7;1;0;2;1;1
202400023795;155 739 836;7;0;2;1;1;0
202400023795;155 739 839;7;0;2;4;1;0
202400023796;155 739 833;10;0;2;4;23;1
202400023796;155 739 835;0;0;2;1;2;-1
202400023797;155 739 832;33;0;2;2;1;1
202400023797;155 739 834;7;0;2;3;13;2
202400023798;155 739 829;7;0;2;1;1;1
202400023798;155 739 831;7;0;2;4;1;1
202400023799;155 739 828;7;0;2;1;2;1
202400023799;155 739 830;33;0;2;4;2;1
202400023800;155 739 826;10;0;2;1;2;1
202400023800;155 739 827;7;0;2;4;2;1
202400023801;155 739 824;7;0;1;2;1;1
202400023802;155 739 821;7;0;2;2;2;1
202400023802;155 739 823;7;0;2;6;1;1
202400023802;155 739 825;7;0;2;6;1;1
202400023803;155 739 820;7;0;2;1;2;1
202400023803;155 739 822;10;0;2;4;2;1
202400023804;155 739 819;7;4;0;1;26;1
202400023805;155 739 817;7;0;2;8;14;1
202400023805;155 739 818;14;0;2;7;14;1
202400023806;155 739 816;7;3;0;4;1;1
202400023807;155 739 813;10;16;2;4;23;0
202400023807;155 739 815;30;0;2;1;18;0
202400023808;155 739 811;7;0;2;0;0;1
202400023808;155 739 814;14;0;2;2;12;1
202400023809;155 739 809;33;7;0;8;1;1
202400023810;155 739 807;7;0;2;1;13;1
202400023810;155 739 808;37;0;2;1;1;1
202400023811;155 739 805;7;0;2;2;12;1
202400023811;155 739 810;32;0;2;1;3;1
202400023811;155 739 812;7;0;2;8;1;1
202400023812;155 739 801;1;0;2;1;1;5
202400023812;155 739 804;7;0;2;1;16;1
202400023813;155 739 802;7;1;0;4;1;1
202400023813;155 739 803;7;0;2;4;23;1
202400023813;155 739 806;7;0;2;1;1;1
202400023814;155 739 798;34;0;1;1;1;1
202400023815;155 739 797;10;0;2;1;2;1
202400023815;155 739 799;7;0;2;4;23;2
202400023816;155 739 793;7;0;2;4;23;1
202400023816;155 739 795;1;0;2;1;2;5
202400023817;155 739 794;33;0;2;0;3;1
202400023817;155 739 796;7;0;2;4;1;2
202400023817;155 739 800;7;0;2;7;1;2
202400023818;155 739 791;7;0;2;4;1;1
202400023818;155 739 792;7;0;2;1;1;1
202400023819;155 739 790;7;1;0;1;14;2
202400023820;155 739 788;7;2;0;7;1;1
202400023821;155 739 785;7;4;2;2;2;1
202400023821;155 739 787;7;4;2;4;1;1
202400023822;155 739 781;7;0;2;4;2;1
202400023822;155 739 782;10;0;2;1;2;1
202400023822;155 739 784;7;0;2;4;2;3
202400023822;155 739 786;7;0;2;4;2;1
202400023822;155 739 789;7;0;2;4;2;1
202400023823;155 739 780;7;0;2;1;1;1
202400023823;155 739 783;10;0;2;1;13;1
202400023824;155 739 777;7;0;1;1;1;1
202400023825;155 739 776;33;0;2;7;3;1
202400023825;155 739 779;14;0;2;7;1;1
202400023826;155 739 774;2;0;1;1;1;0
202400023827;155 739 775;7;0;2;2;9;1
202400023827;155 739 778;33;0;2;1;1;1
202400023828;155 739 772;33;0;0;6;21;1
202400023829;155 739 770;10;0;0;8;15;1
202400023829;155 739 773;33;0;2;1;1;1
202400023830;155 739 769;7;4;2;1;12;1
202400023830;155 739 771;7;4;2;6;1;1
202400023831;155 739 764;34;0;2;1;15;1
202400023831;155 739 766;10;0;2;3;1;1
202400023831;155 739 767;7;0;9;6;1;1
202400023832;155 739 763;31;0;2;8;2;1
202400023832;155 739 765;7;0;0;4;2;1
202400023832;155 739 768;7;0;2;6;17;1
202400023833;155 739 760;2;3;0;1;21;1
202400023834;155 739 759;32;0;2;1;1;1
202400023834;155 739 762;7;0;2;2;15;1
202400023835;155 739 758;14;0;2;2;21;1
202400023835;155 739 761;7;4;2;6;2;1
202400023836;155 739 757;33;0;0;2;0;1
202400023837;155 739 755;7;0;2;1;2;1
202400023837;155 739 756;32;0;2;4;23;1
202400023838;155 739 751;7;3;2;3;5;1
202400023838;155 739 753;7;3;0;3;1;1
202400023839;155 739 750;7;0;2;8;2;1
202400023839;155 739 752;7;0;2;8;1;1
202400023839;155 739 754;31;0;2;9;3;1
202400023840;155 739 748;33;0;2;2;17;1
202400023840;155 739 749;7;0;2;8;15;1
202400023841;155 739 745;3;0;2;3;13;1
202400023841;155 739 746;7;0;2;0;1;1
202400023842;155 739 744;33;0;2;8;3;1
202400023842;155 739 747;7;0;2;2;12;1
202400023843;155 739 741;15;3;0;7;14;1
202400023844;155 739 742;32;0;2;1;1;1
202400023844;155 739 743;7;0;2;1;15;1
202400023845;155 739 740;1;0;1;1;5;5
202400023846;155 739 738;7;4;0;9;14;1
202400023847;155 739 737;10;0;2;5;15;1
202400023847;155 739 739;2;0;2;1;1;1
202400023848;155 739 735;32;0;2;1;17;1
202400023848;155 739 736;7;0;2;3;15;1
202400023849;155 739 732;10;0;2;0;0;1
202400023849;155 739 734;10;0;2;1;2;1
202400023850;155 739 731;7;0;2;2;19;1
202400023850;155 739 733;10;0;2;1;1;1
202400023851;155 739 729;7;0;2;2;16;1
202400023851;155 739 730;1;0;2;1;2;5
202400023852;155 739 726;7;0;0;6;26;6
202400023852;155 739 728;30;0;0;0;0;6
202400023853;155 739 724;33;0;0;8;1;1
202400023854;155 739 719;7;0;2;1;19;1
202400023854;155 739 721;7;0;2;2;1;1
202400023855;155 739 720;7;0;9;3;26;1
202400023855;155 739 723;50;0;2;1;15;3
202400023856;155 739 718;7;0;2;1;9;1
202400023856;155 739 722;1;0;2;1;0;5
202400023857;155 739 714;7;0;2;6;15;1
202400023857;155 739 716;33;0;2;6;17;1
202400023858;155 739 712;7;0;2;1;13;1
202400023858;155 739 715;7;0;2;1;1;1
202400023859;155 739 713;7;0;2;1;13;1
202400023859;155 739 717;10;0;2;1;1;1
202400023860;155 739 710;13;0;2;8;26;0
202400023860;155 739 711;7;0;2;0;16;1
202400023861;155 739 706;7;0;2;3;15;1
202400023861;155 739 709;7;0;2;3;1;1
202400023862;155 739 705;33;0;2;1;1;1
202400023862;155 739 707;7;0;2;1;17;1
202400023862;155 739 708;10;0;2;6;1;1
202400023863;155 739 702;10;0;2;1;5;1
202400023863;155 739 704;2;0;2;1;1;1
202400023864;155 739 701;7;0;1;1;1;1
202400023865;155 739 700;33;0;2;3;0;1
202400023865;155 739 703;7;0;0;5;1;1
202400023866;155 739 697;7;0;2;1;17;1
202400023866;155 739 699;7;0;2;4;13;2
202400023867;155 739 696;33;0;2;4;1;1
202400023867;155 739 698;7;0;2;1;1;1
202400023868;155 739 692;7;0;2;1;1;2
202400023868;155 739 693;7;0;2;1;1;1
202400023868;155 739 695;7;0;2;1;13;1
202400023869;155 739 694;33;7;0;8;14;1
202400023870;155 739 690;10;0;2;1;0;0
202400023870;155 739 691;10;0;2;4;23;0
202400023871;155 739 689;33;0;0;3;1;1
202400023872;155 739 687;30;0;0;0;1;6
202400023873;155 739 686;36;2;0;1;14;1
202400023874;155 739 685;7;0;9;3;1;1
202400023874;155 739 688;60;0;2;2;3;5
202400023875;155 739 684;7;16;0;3;0;1
202400023876;155 739 681;80;0;2;7;16;3
202400023876;155 739 683;7;0;9;1;9;0
202400023877;155 739 680;7;0;2;1;1;1
202400023877;155 739 682;1;0;2;7;9;5
202400023878;155 739 679;7;13;0;1;14;1
202400023879;155 739 678;7;0;1;4;4;1
202400023880;155 739 676;38;0;1;8;1;1
202400023881;155 739 673;33;0;2;1;1;1
202400023881;155 739 675;7;0;2;3;19;1
202400023882;155 739 669;2;0;0;0;1;1
202400023883;155 739 668;7;0;2;2;1;1
202400023883;155 739 671;14;0;2;3;1;1
202400023884;155 739 665;2;0;2;8;13;1
202400023884;155 739 667;7;0;2;3;1;1
202400023885;155 739 660;10;0;2;3;1;1
202400023885;155 739 662;3;0;2;1;1;1
202400023886;155 739 661;7;0;2;1;1;1
202400023886;155 739 663;1;0;2;1;19;5
202400023887;155 739 659;32;3;0;7;17;1
202400023888;155 739 657;7;8;0;1;13;1
202400023889;155 739 655;7;0;2;4;2;1
202400023889;155 739 656;33;0;2;1;2;1
202400023890;155 739 654;33;3;0;8;1;1
202400023891;155 739 651;7;13;0;4;2;1
202400023891;155 739 653;7;0;2;1;2;1
202400023892;155 739 652;7;0;1;1;1;1
202400023893;155 739 650;7;0;1;4;20;1
202400023894;155 739 647;7;1;0;3;13;1
202400023895;155 739 645;7;1;0;2;0;1
202400023896;155 739 646;7;0;2;3;5;1
202400023896;155 739 648;7;0;2;3;15;1
202400023897;155 739 644;7;0;2;1;13;1
202400023897;155 739 649;7;0;2;1;1;1
202400023898;155 739 642;7;2;0;1;1;1
202400023899;155 739 641;32;0;6;1;1;1
202400023900;155 739 640;7;0;2;2;1;1
202400023900;155 739 643;2;0;2;1;15;1
202400023901;155 739 639;10;1;1;1;1;1
202400023902;155 739 638;33;16;0;2;1;1
202400023903;155 739 636;14;0;1;8;1;4
202400023904;155 739 635;10;0;0;1;1;1
202400023904;155 739 637;7;0;2;1;13;1
202400023905;155 739 634;33;0;0;1;1;1
202400023906;155 739 633;7;0;1;2;1;1
202400023907;155 739 631;7;0;1;2;1;1
202400023908;155 739 628;7;0;2;3;11;1
202400023908;155 739 630;7;0;2;3;12;1
202400023909;155 739 625;10;0;2;4;1;1
202400023909;155 739 627;10;0;2;1;15;1
202400023910;155 739 626;50;0;2;1;1;3
202400023910;155 739 629;7;0;2;2;15;1
202400023911;155 739 624;33;2;0;1;1;1
202400023912;155 739 621;10;6;0;1;13;1
202400023913;155 739 623;7;13;0;1;1;0
202400023914;155 739 619;7;0;2;8;20;1
202400023914;155 739 620;30;0;2;1;1;1
202400023915;155 739 618;31;13;0;9;1;1
202400023916;155 739 617;33;0;2;8;0;1
202400023916;155 739 622;7;0;2;3;26;1
202400023917;155 739 615;7;0;2;8;19;1
202400023917;155 739 616;33;0;2;1;1;1
202400023918;155 739 614;7;0;1;2;26;1
202400023919;155 739 613;36;0;6;1;19;1
202400023920;155 739 607;7;0;2;7;19;1
202400023920;155 739 612;30;0;2;1;1;1
202400023921;155 739 608;33;0;2;1;17;1
202400023921;155 739 611;7;0;0;8;15;1
202400023922;155 739 606;7;0;2;9;0;1
202400023922;155 739 610;7;0;2;6;2;2
202400023923;155 739 604;7;0;0;5;23;1
202400023923;155 739 605;10;0;0;1;1;1
202400023923;155 739 609;7;0;2;4;23;1
202400023924;155 739 602;7;0;1;2;1;1
202400023925;155 739 601;7;0;2;1;1;1
202400023925;155 739 603;33;0;2;1;1;1
202400023926;155 739 599;1;0;0;1;1;5
202400023927;155 739 597;33;0;2;7;1;1
202400023927;155 739 600;7;0;2;3;9;1
202400023928;155 739 596;33;0;0;9;23;1
202400023929;155 739 595;7;0;2;4;1;1
202400023929;155 739 598;7;0;2;1;1;1
202400023930;155 739 592;1;1;0;1;1;5
202400023930;155 739 594;7;0;0;6;24;1
202400023931;155 739 590;10;0;2;1;1;1
202400023931;155 739 593;2;0;2;1;13;1
202400023932;155 739 589;7;0;1;4;26;1
202400023933;155 739 586;7;8;0;1;1;1
202400023934;155 739 587;10;0;2;8;15;1
202400023934;155 739 591;14;0;2;1;1;1
202400023935;155 739 585;7;0;2;0;0;1
202400023935;155 739 588;1;0;2;8;13;5
202400023936;155 739 582;2;2;0;1;0;1
202400023937;155 739 583;7;0;2;8;1;1
202400023937;155 739 584;1;0;2;1;15;5
202400023938;155 739 581;7;13;0;1;0;1
202400023939;155 739 579;7;0;2;1;15;1
202400023939;155 739 580;1;0;2;1;1;5
202400023940;155 739 578;36;0;0;0;0;1
202400023941;155 739 576;7;0;2;1;5;1
202400023941;155 739 577;7;0;2;1;1;1
202400023942;155 739 573;7;13;0;0;14;1
202400023943;155 739 572;15;0;2;1;0;1
202400023943;155 739 574;7;0;2;1;13;1
202400023944;155 739 571;7;0;2;7;1;1
202400023944;155 739 575;1;0;2;1;19;5
202400023945;155 739 568;2;10;0;3;1;1
202400023946;155 739 569;7;0;2;2;1;1
202400023946;155 739 570;32;8;2;2;1;1
202400023947;155 739 565;7;0;2;2;1;1
202400023947;155 739 566;50;0;2;3;19;3
202400023948;155 739 564;7;0;2;2;19;1
202400023948;155 739 567;30;0;2;8;1;1
202400023949;155 739 563;7;0;1;7;26;1
202400023950;155 739 561;17;0;2;6;11;1
202400023950;155 739 562;10;0;2;2;17;1
202400023951;155 739 559;7;0;1;3;1;1
202400023952;155 739 558;7;0;2;3;0;1
202400023952;155 739 560;7;0;2;1;0;1
202400023953;155 739 557;13;0;1;2;26;0
202400023954;155 739 555;7;0;1;0;26;1
202400023955;155 739 554;7;0;2;5;1;1
202400023955;155 739 556;7;0;2;3;13;1
202400023956;155 739 551;15;0;0;6;1;1
202400023956;155 739 552;10;13;2;2;12;1
202400023957;155 739 547;7;0;2;7;23;1
202400023957;155 739 550;80;0;2;1;1;3
202400023958;155 739 549;7;0;2;3;15;1
202400023958;155 739 553;10;0;2;2;1;1
202400023959;155 739 545;32;13;0;1;14;1
202400023960;155 739 544;7;0;2;6;15;1
202400023960;155 739 546;32;0;2;1;17;1
202400023960;155 739 548;10;0;2;3;1;1
202400023961;155 739 542;2;10;0;1;1;1
202400023962;155 739 543;7;1;0;2;1;1
202400023963;155 739 538;7;2;0;3;14;1
202400023964;155 739 535;1;0;2;1;1;5
202400023964;155 739 537;7;0;2;7;15;1
202400023965;155 739 536;7;0;2;4;23;1
202400023965;155 739 539;7;0;2;1;2;1
202400023965;155 739 541;7;0;0;4;23;2
202400023966;155 739 533;2;6;9;0;1;1
202400023967;155 739 532;15;3;0;2;14;1
202400023968;155 739 530;7;0;2;4;23;1
202400023968;155 739 534;7;0;2;1;2;1
202400023968;155 739 540;10;0;2;4;2;1
202400023969;155 739 529;14;0;2;7;16;1
202400023969;155 739 531;50;0;2;8;1;3
202400023970;155 739 527;30;0;0;8;15;1
202400023971;155 739 525;7;6;0;1;1;1
202400023972;155 739 523;30;0;2;1;17;1
202400023972;155 739 526;10;0;2;3;9;1
202400023973;155 739 524;33;15;2;1;1;1
202400023973;155 739 528;7;0;2;1;19;1
202400023974;155 739 521;1;0;0;1;1;5
202400023975;155 739 518;32;0;2;2;17;1
202400023975;155 739 522;7;0;2;7;10;1
202400023976;155 739 517;33;0;2;1;1;1
202400023976;155 739 520;7;0;2;5;15;1
202400023977;155 739 516;7;13;2;1;13;1
202400023977;155 739 519;7;0;2;2;23;1
202400023978;155 739 514;7;0;1;2;15;1
202400023979;155 739 511;7;0;2;2;19;1
202400023979;155 739 513;2;0;2;1;9;1
202400023980;155 739 512;33;3;0;0;16;1
202400023981;155 739 508;7;0;2;2;1;1
202400023981;155 739 509;7;0;2;4;2;1
202400023982;155 739 506;7;0;2;1;1;2
202400023982;155 739 510;7;0;2;3;1;1
202400023983;155 739 504;30;0;2;1;23;1
202400023983;155 739 507;7;0;2;3;15;1
202400023984;155 739 501;7;0;2;3;1;1
202400023984;155 739 503;33;0;2;1;0;1
202400023984;155 739 505;33;0;9;0;0;1
202400023985;155 739 500;7;13;0;3;13;2
202400023986;155 739 499;7;0;2;3;19;1
202400023986;155 739 502;33;0;2;1;1;1
202400023987;155 739 498;37;0;1;2;1;1
202400023988;155 739 495;7;0;2;1;16;1
202400023989;155 739 493;7;0;1;1;1;1
202400023990;155 739 494;7;0;2;2;15;1
202400023990;155 739 497;32;0;2;1;1;1
202400023991;155 739 492;7;0;2;4;1;1
202400023991;155 739 496;7;0;2;1;2;1
202400023992;155 739 491;37;0;1;1;1;1
202400023993;155 739 489;7;15;0;1;1;1
202400023994;155 739 488;7;0;1;1;1;1
202400023995;155 739 487;7;0;0;9;1;1
202400023996;155 739 486;30;0;2;1;9;1
202400023996;155 739 490;7;0;2;2;1;1
202400023997;155 739 481;50;0;2;1;5;3
202400023997;155 739 484;7;0;2;6;1;1
202400023998;155 739 478;7;0;2;3;1;1
202400023998;155 739 483;10;0;2;3;13;1
202400023999;155 739 477;7;0;2;7;1;2
202400023999;155 739 479;7;0;2;1;1;1
202400024000;155 739 476;7;0;1;1;1;1
202400024001;155 739 472;7;0;9;3;1;1
202400024001;155 739 474;1;0;0;3;1;5
202400024002;155 739 470;7;0;2;4;2;1
202400024002;155 739 473;7;0;2;1;2;1
202400024002;155 739 475;7;0;2;4;2;1
202400024003;155 739 471;10;0;1;0;26;1
202400024004;155 739 468;7;0;2;1;1;1
202400024004;155 739 469;7;0;2;3;15;1
202400024005;155 739 466;33;0;2;3;14;1
202400024005;155 739 467;7;0;2;3;21;1
202400024006;155 739 464;33;16;0;0;1;1
202400024007;155 739 463;7;0;2;2;17;1
202400024007;155 739 465;7;0;2;3;2;1
202400024008;155 739 462;1;0;1;1;1;5
202400024009;155 739 460;1;0;0;1;1;5
202400024010;155 739 459;7;0;2;1;0;1
202400024010;155 739 461;7;0;2;1;15;1
202400024011;155 739 455;7;0;2;8;1;1
202400024011;155 739 456;7;0;2;2;15;1
202400024011;155 739 458;7;0;2;2;1;1
202400024012;155 739 454;30;0;2;1;1;1
202400024012;155 739 457;10;0;2;2;15;1