Num_Acc;id_vehicule;catv;obs;obsm;choc;manv;motor
202400024731;155 738 211;7;0;1;3;2;0
202400024732;155 738 209;50;0;0;0;0;3
202400024732;155 738 210;7;0;9;1;1;1
202400024733;155 738 208;7;0;1;3;15;1
202400024734;155 738 207;7;0;1;2;16;1
202400024735;155 738 204;30;0;0;1;26;1
202400024736;155 738 200;7;0;2;1;2;1
202400024736;155 738 201;7;0;2;1;2;1
202400024736;155 738 202;7;0;2;4;2;1
202400024736;155 738 203;7;0;2;4;0;0
202400024737;155 738 199;7;0;2;7;1;3
202400024738;155 738 195;7;0;2;8;1;0
202400024738;155 738 196;7;0;2;1;0;1
202400024738;155 738 197;7;0;2;5;2;1
202400024738;155 738 198;7;0;2;1;13;1
202400024739;155 738 194;7;0;1;2;1;1
202400024740;155 738 193;7;2;0;9;1;1
202400024741;155 738 191;2;0;0;0;0;1
202400024741;155 738 192;7;0;0;0;2;1
202400024742;155 738 190;7;0;1;3;15;1
202400024743;155 738 188;14;4;0;3;0;1
202400024743;155 738 189;10;0;0;0;0;1
202400024744;155 738 186;7;0;9;2;16;2
202400024744;155 738 187;50;0;2;1;5;3
202400024745;155 738 185;7;0;1;4;4;-1
202400024746;155 738 184;1;0;1;0;0;5
202400024747;155 738 183;31;13;0;0;0;1
202400024748;155 738 182;2;0;1;1;1;1
202400024749;155 738 181;1;1;0;3;1;5
202400024750;155 738 179;32;0;2;4;26;0
202400024750;155 738 180;7;0;2;4;26;0
202400024751;155 738 178;7;1;0;2;2;1
202400024752;155 738 177;7;6;0;1;16;1
202400024753;155 738 175;7;0;2;4;2;1
202400024753;155 738 176;7;0;2;1;2;2
202400024754;155 738 174;7;0;1;0;0;0
202400024755;155 738 172;7;0;2;3;15;1
202400024755;155 738 173;33;0;2;8;1;1
202400024756;155 738 171;7;16;0;1;1;1
202400024757;155 738 169;7;0;2;3;15;1
202400024757;155 738 170;33;0;2;2;17;1
202400024758;155 738 168;7;0;1;3;16;1
202400024759;155 738 167;7;0;1;1;19;1
202400024760;155 738 166;30;14;0;1;26;1
202400024761;155 738 164;7;0;2;2;1;1
202400024761;155 738 165;1;0;2;1;1;5
202400024762;155 738 162;7;0;2;8;11;1
202400024762;155 738 163;33;0;2;1;17;1
202400024763;155 738 160;7;0;2;3;1;1
202400024763;155 738 161;7;0;2;1;1;2
202400024764;155 738 159;7;0;1;0;0;1
202400024765;155 738 155;7;0;2;2;1;1
202400024765;155 738 156;7;0;2;3;9;1
202400024766;155 738 154;33;0;1;7;1;1
202400024767;155 738 152;7;0;2;3;1;1
202400024767;155 738 153;10;0;2;3;15;6
202400024768;155 738 150;50;0;2;2;19;3
202400024768;155 738 151;7;0;2;2;1;1
202400024769;155 738 149;7;0;1;1;1;1
202400024770;155 738 148;7;0;1;1;1;1
202400024771;155 738 146;34;0;2;1;16;1
202400024771;155 738 147;10;0;2;5;1;1
202400024772;155 738 145;7;6;0;0;0;1
202400024773;155 738 144;7;10;0;1;1;1
202400024774;155 738 143;32;0;0;1;1;1
202400024775;155 738 141;32;0;2;1;2;1
202400024775;155 738 142;7;0;2;4;2;1
202400024776;155 738 139;33;16;0;0;0;1
202400024776;155 738 140;33;16;0;0;0;1
202400024777;155 738 138;7;8;0;1;21;1
202400024778;155 738 137;7;0;1;7;1;1
202400024779;155 738 135;7;0;0;3;11;1
202400024779;155 738 136;33;0;0;0;0;1
202400024780;155 738 133;33;0;2;8;1;1
202400024780;155 738 134;7;0;2;1;15;1
202400024781;155 738 132;7;0;1;1;1;1
202400024782;155 738 131;7;0;1;2;1;1
202400024783;155 738 130;37;0;1;7;16;1
202400024784;155 738 128;7;0;2;1;2;1
202400024784;155 738 129;7;0;2;4;1;3
202400024785;155 738 127;37;0;1;1;1;1
202400024786;155 738 125;7;0;2;3;1;1
202400024786;155 738 126;1;0;2;7;19;5
202400024787;155 738 124;7;1;0;7;6;1
202400024788;155 738 123;7;14;0;1;1;1
202400024789;155 738 121;7;0;2;0;15;0
202400024789;155 738 122;1;0;2;1;1;5
202400024790;155 738 120;7;0;1;1;1;1
202400024791;155 738 119;7;1;0;0;1;1
202400024792;155 738 118;7;0;1;2;1;1
202400024793;155 738 116;7;0;2;2;9;1
202400024793;155 738 117;1;0;2;4;9;5
202400024794;155 738 114;7;7;2;1;1;1
202400024794;155 738 115;10;0;2;6;23;1
202400024795;155 738 112;1;0;2;2;0;5
202400024795;155 738 113;1;0;2;1;15;5
202400024796;155 738 110;33;0;2;7;1;1
202400024796;155 738 111;7;0;2;1;26;1
202400024797;155 738 108;50;1;0;1;13;3
202400024797;155 738 109;10;0;2;6;23;1
202400024798;155 738 106;7;0;9;2;15;1
202400024798;155 738 107;1;0;2;1;1;5
202400024799;155 738 105;7;0;1;2;26;1
202400024800;155 738 104;33;1;0;1;13;1
202400024801;155 738 102;7;0;2;1;9;2
202400024801;155 738 103;33;0;2;0;0;1
202400024802;155 738 100;7;0;2;8;1;1
202400024802;155 738 101;7;0;0;7;12;1
202400024803;155 738 099;7;0;1;8;15;1
202400024804;155 738 096;99;0;2;8;1;1
202400024804;155 738 097;7;0;2;3;0;1
202400024805;155 738 094;7;0;2;8;13;0
202400024805;155 738 095;33;0;2;1;2;1
202400024806;155 738 093;7;0;1;1;1;1
202400024807;155 738 091;7;8;2;1;1;1
202400024807;155 738 092;7;0;2;6;1;2
202400024808;155 738 089;33;0;2;1;0;1
202400024808;155 738 090;7;0;2;1;15;1
202400024809;155 738 088;7;9;0;1;1;1
202400024810;155 738 087;7;6;0;2;14;1
202400024811;155 738 086;34;0;1;1;1;1
202400024812;155 738 085;7;0;1;2;1;3
202400024813;155 738 084;7;0;1;4;4;1
202400024814;155 738 083;50;0;1;7;25;3
202400024815;155 738 081;3;1;0;2;15;1
202400024815;155 738 082;7;0;9;6;24;1
202400024816;155 738 079;32;0;2;4;15;1
202400024816;155 738 080;7;0;2;1;1;1
202400024817;155 738 077;30;0;2;7;2;1
202400024817;155 738 078;7;0;0;0;0;1
202400024818;155 738 076;7;0;1;8;15;1
202400024819;155 738 074;7;13;0;1;13;1
202400024820;155 738 073;14;0;2;7;12;1
202400024820;155 738 075;7;0;2;8;1;1
202400024821;155 738 072;36;0;5;0;1;1
202400024822;155 738 070;7;0;2;1;2;1
202400024822;155 738 071;7;0;2;4;2;1
202400024823;155 738 069;7;10;0;8;1;1
202400024824;155 738 067;1;1;2;1;5;5
202400024825;155 738 066;1;0;2;1;26;5
202400024825;155 738 068;7;6;2;4;26;1
202400024826;155 738 065;80;8;0;1;26;3
202400024827;155 738 064;7;0;1;1;1;1
202400024828;155 738 063;7;0;1;1;1;1
202400024829;155 738 062;7;17;0;1;26;1
202400024830;155 738 058;33;0;2;9;17;1
202400024830;155 738 060;13;0;2;8;1;0
202400024830;155 738 061;43;0;0;4;3;1
202400024831;155 738 057;7;0;2;1;5;1
202400024831;155 738 059;7;0;2;1;1;1
202400024832;155 738 056;7;0;1;1;1;2
202400024833;155 738 053;7;0;2;1;1;1
202400024833;155 738 054;7;0;2;4;15;2
202400024834;155 738 051;33;0;2;2;26;1
202400024834;155 738 052;7;0;2;3;1;1
202400024835;155 738 048;7;0;2;2;17;2
202400024835;155 738 049;1;0;0;8;1;5
202400024836;155 738 047;7;0;2;4;2;1
202400024836;155 738 050;7;0;2;1;1;1
202400024837;155 738 045;7;0;2;3;10;1
202400024837;155 738 046;32;0;2;2;1;3
202400024838;155 738 043;10;0;2;6;23;1
202400024838;155 738 044;32;1;2;1;2;1
202400024839;155 738 042;7;0;1;1;1;2
202400024840;155 738 040;7;0;2;8;1;1
202400024840;155 738 041;7;0;2;8;1;1
202400024841;155 738 038;33;0;0;7;1;1
202400024842;155 738 037;10;0;2;1;1;1
202400024842;155 738 039;7;0;2;6;1;1
202400024843;155 738 036;7;0;0;1;2;1
202400024844;155 738 035;10;1;0;2;1;1
202400024845;155 738 032;7;0;2;4;2;1
202400024845;155 738 034;33;0;2;1;2;1
202400024846;155 738 031;7;0;9;1;1;0
202400024846;155 738 033;1;0;2;4;1;5
202400024847;155 738 028;33;0;2;2;1;1
202400024847;155 738 030;7;0;2;5;13;1
202400024848;155 738 027;32;0;2;4;2;3
202400024848;155 738 029;7;0;2;4;26;2
202400024849;155 738 024;33;0;2;1;11;1
202400024849;155 738 025;7;0;2;6;11;1
202400024850;155 738 023;7;0;2;3;1;2
202400024850;155 738 026;80;0;2;2;26;5
202400024851;155 738 021;32;0;1;8;1;0
202400024852;155 738 019;7;0;2;1;3;1
202400024852;155 738 020;7;0;2;8;2;1
202400024852;155 738 022;7;0;2;8;0;2
202400024853;155 738 017;10;0;2;8;15;1
202400024853;155 738 018;33;0;2;1;1;1
202400024854;155 738 015;7;0;2;1;1;1
202400024854;155 738 016;7;0;2;4;23;1
202400024855;155 738 013;80;16;2;3;11;3
202400024855;155 738 014;7;16;0;2;1;2
202400024856;155 738 011;7;0;2;1;1;1
202400024856;155 738 012;7;0;2;4;1;1
202400024857;155 738 010;50;0;0;0;1;3
202400024858;155 738 007;7;1;0;2;14;1
202400024859;155 738 008;7;0;2;4;1;1
202400024859;155 738 009;7;0;2;1;1;1
202400024860;155 738 002;7;0;2;6;11;1
202400024860;155 738 004;7;0;2;2;1;0
202400024861;155 738 001;10;0;2;5;4;1
202400024861;155 738 003;34;0;2;1;1;1
202400024861;155 738 005;33;0;2;4;23;1
202400024861;155 738 006;7;0;0;3;24;1
202400024862;155 737 997;7;0;2;2;1;0
202400024862;155 738 000;50;0;2;1;1;3
202400024863;155 737 996;33;0;2;1;3;0
202400024863;155 737 998;7;0;2;5;1;1
202400024863;155 737 999;10;0;2;3;1;1
202400024864;155 737 994;32;12;2;6;2;1
202400024864;155 737 995;7;12;2;0;0;0
202400024865;155 737 992;7;0;2;1;1;1
202400024865;155 737 993;10;0;2;4;1;1
202400024866;155 737 990;7;0;2;0;0;1
202400024866;155 737 991;7;0;2;0;0;2
202400024867;155 737 988;33;0;2;8;3;1
202400024867;155 737 989;7;0;2;2;9;1
202400024868;155 737 987;7;0;1;2;1;0
202400024869;155 737 985;7;0;2;6;11;1
202400024869;155 737 986;33;0;2;2;1;1
202400024870;155 737 983;7;0;9;8;22;1
202400024870;155 737 984;80;1;0;1;1;3
202400024871;155 737 982;7;2;0;1;0;1
202400024872;155 737 979;7;0;2;4;1;1
202400024872;155 737 981;50;0;2;1;1;3
202400024873;155 737 978;7;0;2;2;2;1
202400024873;155 737 980;7;0;2;6;2;1
202400024874;155 737 975;33;0;2;1;3;1
202400024874;155 737 976;10;0;2;5;12;1
202400024875;155 737 974;7;0;2;2;0;1
202400024875;155 737 977;1;0;2;1;1;5
202400024876;155 737 972;7;1;0;3;2;1
202400024877;155 737 971;10;0;2;1;2;1
202400024877;155 737 973;7;0;2;4;2;1
202400024878;155 737 968;32;0;2;2;1;1
202400024878;155 737 970;1;0;2;3;15;5
202400024879;155 737 967;7;0;2;3;10;3
202400024879;155 737 969;7;0;2;1;1;1
202400024880;155 737 965;7;0;1;2;1;1
202400024881;155 737 964;50;0;2;6;1;3
202400024881;155 737 966;37;0;2;6;1;1
202400024882;155 737 962;7;1;0;2;13;1
202400024883;155 737 961;2;0;2;8;1;1
202400024883;155 737 963;2;0;2;0;0;0
202400024884;155 737 958;33;4;2;1;3;1
202400024884;155 737 960;7;0;0;0;1;1
202400024885;155 737 957;7;0;2;3;17;1
202400024885;155 737 959;7;0;2;3;26;1
202400024886;155 737 954;7;0;2;3;9;1
202400024886;155 737 955;2;0;2;7;1;1
202400024887;155 737 950;31;0;2;0;13;1
202400024887;155 737 952;7;0;2;0;15;1
202400024888;155 737 949;10;0;0;0;0;1
202400024888;155 737 951;33;0;2;3;1;1
202400024889;155 737 946;7;14;0;2;2;1
202400024889;155 737 947;32;1;0;4;23;1
202400024890;155 737 945;32;0;1;1;17;1
202400024891;155 737 944;1;0;2;1;15;5
202400024891;155 737 948;7;0;2;2;2;1
202400024892;155 737 942;7;0;2;8;1;1
202400024892;155 737 943;60;0;2;7;1;5
202400024893;155 737 939;33;0;2;8;1;1
202400024893;155 737 940;15;0;2;1;15;1
202400024894;155 737 938;2;0;0;0;15;1
202400024895;155 737 941;7;0;1;2;1;3
202400024896;155 737 935;1;0;2;1;1;5
202400024896;155 737 937;7;0;2;3;16;1
202400024897;155 737 933;10;0;2;4;1;1
202400024897;155 737 934;7;0;0;0;0;1
202400024897;155 737 936;7;0;0;1;1;1
202400024898;155 737 930;30;0;2;1;13;1
202400024898;155 737 932;7;0;2;1;1;1
202400024899;155 737 929;7;0;2;3;26;1
202400024899;155 737 931;10;0;2;1;15;1
202400024900;155 737 928;33;8;0;1;0;1
202400024901;155 737 926;7;0;2;2;0;1
202400024901;155 737 927;7;1;0;8;15;1
202400024902;155 737 924;7;0;2;1;13;1
202400024902;155 737 925;7;0;2;1;1;2
202400024903;155 737 922;30;0;2;1;16;1
202400024903;155 737 923;7;0;2;3;16;1
202400024904;155 737 919;2;0;2;1;2;1
202400024904;155 737 920;7;0;2;5;2;1
202400024905;155 737 917;7;0;2;1;1;1
202400024905;155 737 918;7;0;0;7;19;1
202400024906;155 737 915;31;0;2;1;17;3
202400024906;155 737 916;7;0;2;3;15;1
202400024907;155 737 911;7;0;2;8;15;1
202400024907;155 737 912;33;0;2;8;1;1
202400024908;155 737 913;10;0;2;1;2;1
202400024908;155 737 914;15;0;0;4;2;1
202400024909;155 737 909;7;0;2;1;2;1
202400024909;155 737 910;7;0;2;5;2;1
202400024910;155 737 906;7;0;2;3;26;3
202400024910;155 737 907;7;0;2;2;26;1
202400024911;155 737 904;38;0;2;2;2;1
202400024911;155 737 905;1;0;0;4;2;5
202400024912;155 737 902;34;0;2;3;1;1
202400024912;155 737 903;7;0;2;3;15;1
202400024913;155 737 901;38;0;2;1;1;1
202400024913;155 737 908;7;0;2;8;19;1
202400024914;155 737 900;7;0;1;1;5;1
202400024915;155 737 898;7;0;1;3;2;2
202400024916;155 737 897;7;0;2;8;9;1
202400024916;155 737 899;7;0;2;1;1;1
202400024917;155 737 895;2;0;0;9;1;1
202400024918;155 737 894;7;0;9;2;17;1
202400024918;155 737 896;50;0;2;1;15;3
202400024919;155 737 892;2;0;0;1;1;1
202400024920;155 737 890;21;0;1;1;1;1
202400024921;155 737 884;50;0;2;7;1;3
202400024921;155 737 886;7;0;2;1;16;1
202400024922;155 737 885;33;0;2;7;17;1
202400024922;155 737 887;7;0;2;3;15;1
202400024923;155 737 883;7;0;1;1;26;1
202400024924;155 737 882;7;0;1;5;4;1
202400024925;155 737 880;37;0;2;3;1;1
202400024925;155 737 881;10;0;2;5;16;1
202400024926;155 737 877;7;0;1;1;16;1
202400024927;155 737 878;7;0;2;1;1;1
202400024927;155 737 879;33;0;0;1;1;1
202400024928;155 737 876;7;0;1;1;1;1
202400024929;155 737 874;7;0;2;2;0;1
202400024930;155 737 872;7;0;1;1;17;1
202400024931;155 737 870;7;0;2;5;1;1
202400024931;155 737 871;30;0;2;1;1;1
202400024932;155 737 873;39;0;4;1;19;6
202400024932;155 737 875;7;0;4;8;1;2
202400024933;155 737 868;7;0;2;1;2;1
202400024933;155 737 869;7;0;2;4;2;1
202400024934;155 737 864;7;0;2;3;16;1
202400024934;155 737 866;7;0;2;8;15;1
202400024935;155 737 862;7;0;2;1;1;1
202400024935;155 737 863;7;0;2;8;1;1
202400024936;155 737 865;33;0;2;1;1;1
202400024936;155 737 867;7;0;2;2;15;1
202400024937;155 737 861;7;0;1;1;15;1
202400024938;155 737 858;33;0;2;1;1;1
202400024938;155 737 860;7;0;2;2;15;1
202400024939;155 737 859;7;2;0;2;0;1
202400024940;155 737 857;7;0;1;7;0;1
202400024941;155 737 853;7;0;2;1;2;1
202400024941;155 737 855;7;15;2;4;2;1
202400024942;155 737 854;7;0;2;1;1;1
202400024942;155 737 856;7;0;2;1;13;1
202400024943;155 737 852;10;15;0;1;14;1
202400024944;155 737 849;7;0;2;3;13;1
202400024944;155 737 851;7;0;2;1;1;1
202400024945;155 737 848;1;0;2;7;1;5
202400024945;155 737 850;7;0;2;1;16;1
202400024946;155 737 847;10;2;0;1;13;1
202400024947;155 737 844;32;0;2;1;18;1
202400024947;155 737 845;10;0;2;5;15;1
202400024948;155 737 842;7;15;0;8;13;1
202400024949;155 737 840;7;0;2;1;6;1
202400024949;155 737 841;7;0;2;7;1;1
202400024950;155 737 837;50;0;0;0;16;3
202400024950;155 737 839;0;12;0;0;1;0
202400024951;155 737 838;33;0;0;7;14;1
202400024952;155 737 835;7;0;2;1;1;1
202400024952;155 737 836;7;0;2;7;1;1
202400024953;155 737 832;13;0;1;3;1;0
202400024954;155 737 833;7;0;2;7;17;1
202400024954;155 737 834;1;0;2;8;11;5
202400024955;155 737 830;7;13;0;1;0;1
202400024956;155 737 828;7;0;2;1;2;1
202400024956;155 737 829;7;0;2;9;1;1
202400024956;155 737 831;7;0;2;9;1;1
202400024957;155 737 824;50;0;0;0;1;3
202400024958;155 737 825;33;13;0;8;21;1
202400024958;155 737 827;7;0;0;0;13;-1
202400024959;155 737 823;7;0;2;3;1;1
202400024959;155 737 826;7;0;2;2;1;1
202400024960;155 737 822;33;13;0;2;1;1
202400024961;155 737 820;7;0;2;1;1;3
202400024962;155 737 819;7;0;2;3;15;1
202400024962;155 737 821;2;0;2;1;1;1
202400024963;155 737 816;2;0;2;1;15;1
202400024963;155 737 818;7;0;2;2;1;1
202400024964;155 737 815;33;11;0;1;17;1
202400024965;155 737 814;7;0;2;1;16;1
202400024965;155 737 817;7;0;2;8;1;1
202400024966;155 737 811;7;0;9;2;1;1
202400024966;155 737 813;1;0;2;1;5;5
202400024967;155 737 810;7;0;2;4;1;1
202400024967;155 737 812;7;0;2;1;2;1
202400024968;155 737 809;50;0;0;0;0;3
202400024969;155 737 806;0;0;1;0;26;0
202400024970;155 737 805;7;0;2;1;2;1
202400024970;155 737 807;7;0;0;4;2;1
202400024971;155 737 804;10;0;1;3;1;1
202400024972;155 737 803;10;0;1;2;1;1
202400024973;155 737 800;1;0;0;5;1;5
202400024973;155 737 802;7;0;2;3;9;1
202400024974;155 737 801;7;0;0;9;0;1
202400024975;155 737 798;7;1;2;1;1;1
202400024975;155 737 799;30;1;2;1;17;1
202400024976;155 737 797;7;0;1;1;1;1
202400024977;155 737 796;7;2;0;1;1;1
202400024978;155 737 795;33;0;1;0;21;1
202400024979;155 737 794;7;0;2;2;1;0
202400024980;155 737 792;7;0;1;1;4;1
202400024981;155 737 791;43;0;2;0;0;1
202400024981;155 737 793;7;0;2;0;1;1
202400024982;155 737 789;80;0;2;8;1;3
202400024982;155 737 790;7;0;2;1;9;2
202400024983;155 737 786;1;0;2;8;16;5
202400024983;155 737 788;17;0;2;7;16;1
202400024984;155 737 784;33;0;0;8;1;1
202400024984;155 737 787;7;0;2;3;1;1
202400024985;155 737 783;10;0;2;3;13;1
202400024985;155 737 785;2;0;2;7;17;1
202400024986;155 737 781;7;0;2;1;2;1
202400024986;155 737 782;33;0;2;4;1;1
202400024987;155 737 780;2;0;0;0;1;1
202400024988;155 737 779;7;0;1;7;26;1
202400024989;155 737 777;7;12;0;7;15;1
202400024990;155 737 775;33;9;0;1;1;1
202400024991;155 737 776;7;0;2;3;1;1
202400024991;155 737 778;33;0;2;8;1;1
202400024992;155 737 774;7;0;1;1;17;2
202400024993;155 737 772;7;2;0;1;0;1
202400024994;155 737 769;33;0;2;1;0;1
202400024994;155 737 771;30;0;2;4;10;1
202400024995;155 737 768;10;0;2;3;1;1
202400024995;155 737 770;32;0;2;9;3;1
202400024995;155 737 773;7;0;2;3;1;1
202400024996;155 737 765;7;0;2;1;2;1
202400024996;155 737 766;7;0;2;4;2;1
202400024997;155 737 763;7;0;2;1;13;1
202400024997;155 737 767;7;0;2;1;0;1
202400024998;155 737 760;37;0;2;3;7;1
202400024998;155 737 764;7;0;2;7;0;0
202400024999;155 737 759;7;0;2;4;23;1
202400024999;155 737 762;10;0;2;1;2;1
202400025000;155 737 758;7;0;2;5;15;1
202400025000;155 737 761;2;0;2;1;2;1
202400025001;155 737 757;31;0;1;1;19;0
202400025002;155 737 754;50;0;2;1;1;3
202400025002;155 737 756;7;0;2;1;15;1
202400025003;155 737 753;10;1;2;1;17;1
202400025003;155 737 755;17;0;0;6;1;1
202400025004;155 737 751;7;1;0;1;13;1
202400025005;155 737 750;1;0;2;1;1;5
202400025005;155 737 752;7;0;2;3;1;3
202400025006;155 737 748;7;1;1;2;1;1
202400025007;155 737 747;7;0;2;5;1;1
202400025007;155 737 749;33;0;2;1;1;1
202400025008;155 737 744;30;0;2;7;17;1
202400025008;155 737 746;7;0;2;6;15;1
202400025009;155 737 742;7;0;2;6;11;1
202400025009;155 737 745;33;0;2;2;17;1
202400025010;155 737 741;99;0;2;0;0;1
202400025010;155 737 743;33;0;2;4;2;1
202400025011;155 737 736;7;0;2;1;1;1
202400025011;155 737 740;15;0;0;6;1;1
202400025012;155 737 738;7;0;2;1;12;2
202400025012;155 737 739;33;0;2;8;7;1
202400025013;155 737 737;7;0;1;1;1;1
202400025014;155 737 733;14;0;2;7;15;1
202400025014;155 737 735;2;0;2;1;1;1
202400025015;155 737 732;31;0;2;7;17;1
202400025015;155 737 734;7;0;2;3;13;1
202400025016;155 737 730;2;0;2;8;2;1
202400025016;155 737 731;10;0;2;5;1;1
202400025017;155 737 727;7;0;2;2;12;1
202400025017;155 737 728;32;0;2;6;1;1
202400025018;155 737 726;20;0;2;6;16;6
202400025018;155 737 729;7;0;2;2;2;1
202400025019;155 737 723;7;0;2;2;16;1
202400025019;155 737 725;1;0;2;8;2;5
202400025020;155 737 722;7;0;2;6;9;1
202400025020;155 737 724;10;0;2;2;1;1
202400025021;155 737 720;7;0;2;3;15;1
202400025021;155 737 721;32;0;2;0;0;1
202400025022;155 737 718;7;8;0;1;0;1
202400025023;155 737 717;30;0;2;1;5;0
202400025023;155 737 719;10;0;2;1;16;0
202400025024;155 737 714;7;0;2;4;1;0
202400025024;155 737 715;7;0;2;1;2;2
202400025024;155 737 716;7;0;2;3;2;0
202400025025;155 737 712;7;6;0;1;20;1
202400025026;155 737 711;7;3;2;1;1;1
202400025026;155 737 713;7;3;2;1;5;1
202400025027;155 737 709;7;0;1;7;1;1
202400025028;155 737 706;7;0;0;5;21;1
202400025028;155 737 707;30;0;2;3;2;1
202400025029;155 737 705;7;0;2;1;1;1
202400025029;155 737 708;7;0;2;4;1;1
202400025030;155 737 703;7;0;1;2;0;1
202400025031;155 737 702;7;14;2;1;13;1
202400025031;155 737 704;7;13;2;3;9;0
202400025032;155 737 701;10;0;1;0;0;0
202400025033;155 737 699;3;13;0;2;13;1
202400025034;155 737 698;2;0;2;8;26;1
202400025034;155 737 700;21;0;2;8;26;1
202400025035;155 737 696;7;0;2;4;23;1
202400025035;155 737 697;7;0;2;1;1;1
202400025036;155 737 693;33;0;0;2;15;1
202400025036;155 737 695;34;0;0;1;15;1
202400025037;155 737 691;7;4;0;3;17;1
202400025038;155 737 692;1;0;2;0;0;5
202400025038;155 737 694;7;0;2;0;15;1
202400025039;155 737 690;33;0;1;1;13;1
202400025040;155 737 685;7;0;2;1;2;1
202400025040;155 737 686;7;0;2;4;2;1
202400025041;155 737 683;7;0;2;3;9;1
202400025041;155 737 684;33;0;2;7;1;1
202400025042;155 737 681;7;0;2;2;1;1
202400025042;155 737 687;7;0;2;3;15;1
202400025043;155 737 682;7;0;1;3;15;1
202400025044;155 737 677;10;2;0;1;1;1
202400025045;155 737 679;1;0;2;0;1;5
202400025045;155 737 680;7;0;2;3;16;1
202400025046;155 737 674;33;0;2;7;0;1
202400025046;155 737 676;10;0;2;0;1;2
202400025046;155 737 678;7;0;2;1;16;2
202400025047;155 737 672;30;0;2;3;1;1
202400025047;155 737 675;1;0;2;8;15;5
202400025048;155 737 671;7;0;2;7;19;1
202400025048;155 737 673;14;0;2;3;1;1
202400025049;155 737 669;7;0;2;2;15;2
202400025049;155 737 670;33;0;2;2;1;1
202400025050;155 737 666;7;0;2;7;16;1
202400025050;155 737 667;30;0;2;1;18;1
202400025051;155 737 664;0;0;1;1;0;0
202400025052;155 737 661;7;0;2;4;4;1
202400025052;155 737 663;7;0;2;2;1;3
202400025053;155 737 660;10;7;0;1;1;1
202400025054;155 737 659;33;0;2;1;1;1
202400025054;155 737 662;7;0;2;5;15;1
202400025055;155 737 657;31;1;2;3;7;1
202400025055;155 737 658;7;0;2;2;16;1
202400025056;155 737 656;32;16;0;2;1;1
202400025057;155 737 654;33;0;0;0;21;1
202400025058;155 737 652;7;0;2;3;1;0
202400025058;155 737 655;50;0;2;1;1;3
202400025059;155 737 651;50;0;2;3;13;3
202400025059;155 737 653;7;0;2;2;1;1
202400025060;155 737 648;33;0;2;1;1;1
202400025060;155 737 650;7;0;0;4;23;2
202400025061;155 737 647;7;13;0;7;1;1
202400025062;155 737 646;2;0;2;1;2;0
202400025062;155 737 649;1;0;2;6;11;5
202400025063;155 737 642;7;0;2;2;1;1
202400025063;155 737 644;50;0;2;1;1;3
202400025064;155 737 643;7;0;2;1;1;1
202400025064;155 737 645;7;0;2;3;15;1
202400025065;155 737 639;7;0;2;1;13;1
202400025065;155 737 640;7;0;2;1;1;1
202400025066;155 737 636;7;0;2;5;15;1
202400025066;155 737 638;1;0;2;1;1;5
202400025067;155 737 637;1;0;2;1;13;5
202400025067;155 737 641;7;0;2;3;26;1
202400025068;155 737 634;33;0;2;1;1;1
202400025068;155 737 635;7;0;2;6;11;1
202400025069;155 737 631;50;0;2;3;1;3
202400025069;155 737 633;7;0;0;6;1;3
202400025070;155 737 629;7;0;2;2;16;1
202400025070;155 737 632;33;12;2;1;0;1
202400025071;155 737 628;33;0;2;1;1;1
202400025071;155 737 630;7;0;2;4;1;1
202400025072;155 737 625;7;0;2;5;16;1
202400025072;155 737 627;10;0;2;3;16;1
202400025073;155 737 624;7;0;2;2;10;1
202400025073;155 737 626;43;0;2;3;1;1
202400025074;155 737 623;99;15;0;1;26;0
202400025075;155 737 621;7;0;2;1;2;1
202400025075;155 737 622;7;0;2;4;1;1
202400025076;155 737 617;32;3;0;1;1;1
202400025077;155 737 619;1;1;0;5;1;5
202400025077;155 737 620;7;0;2;7;22;2
202400025078;155 737 616;7;0;2;3;19;1
202400025078;155 737 618;1;0;2;1;1;5
202400025079;155 737 614;33;0;2;8;1;1
202400025079;155 737 615;7;0;2;7;12;1
202400025080;155 737 613;33;0;1;2;1;1
202400025081;155 737 609;7;0;0;0;0;0
202400025081;155 737 611;7;0;0;0;0;0
202400025081;155 737 612;7;0;0;0;0;0
202400025082;155 737 608;13;0;2;2;12;1
202400025082;155 737 610;7;0;2;8;1;1
202400025083;155 737 607;1;0;0;0;26;5
202400025084;155 737 605;33;0;2;8;3;1
202400025084;155 737 606;7;0;2;2;1;1
202400025085;155 737 601;7;1;2;1;1;1
202400025085;155 737 603;99;0;2;5;24;1
202400025086;155 737 602;2;0;2;3;18;3
202400025086;155 737 604;7;0;2;2;16;2
202400025087;155 737 600;33;0;0;1;1;1
202400025088;155 737 597;7;0;2;8;0;1
202400025088;155 737 598;33;0;2;1;1;1
202400025089;155 737 599;30;0;1;1;1;1
202400025090;155 737 594;7;0;2;3;2;1
202400025090;155 737 596;1;0;2;5;19;5
202400025091;155 737 593;10;0;2;3;26;1
202400025091;155 737 595;7;0;2;8;1;2
202400025092;155 737 590;37;0;2;2;8;1
202400025092;155 737 592;1;0;2;2;8;5
202400025093;155 737 589;1;0;2;6;13;5