Num_Acc;id_vehicule;catv;obs;obsm;choc;manv;motor
202400025093;155 737 591;33;0;2;1;1;1
202400025094;155 737 586;7;0;2;0;9;1
202400025094;155 737 588;33;0;2;0;0;1
202400025095;155 737 587;30;0;1;1;2;3
202400025096;155 737 584;7;1;0;1;1;1
202400025097;155 737 583;7;0;2;5;15;1
202400025097;155 737 585;33;0;2;3;1;1
202400025098;155 737 581;10;0;1;2;1;1
202400025099;155 737 580;7;0;2;8;13;1
202400025099;155 737 582;32;0;2;7;17;1
202400025100;155 737 577;7;0;2;4;23;1
202400025100;155 737 578;7;0;2;6;0;1
202400025100;155 737 579;7;0;2;1;26;1
202400025101;155 737 576;7;0;1;8;15;2
202400025102;155 737 574;7;0;2;3;13;1
202400025102;155 737 575;7;0;2;1;0;1
202400025103;155 737 573;7;0;1;4;20;1
202400025104;155 737 572;7;8;0;1;0;1
202400025105;155 737 570;7;0;2;1;15;1
202400025105;155 737 571;7;8;2;8;1;1
202400025106;155 737 568;7;0;2;3;1;1
202400025106;155 737 569;7;0;2;1;10;1
202400025107;155 737 566;33;0;2;3;1;1
202400025107;155 737 567;10;0;2;3;13;1
202400025108;155 737 564;7;0;2;3;6;1
202400025108;155 737 565;33;0;2;2;3;1
202400025109;155 737 562;7;0;2;3;1;1
202400025109;155 737 563;1;0;2;7;19;5
202400025110;155 737 561;50;12;1;7;21;3
202400025111;155 737 559;33;0;2;1;17;1
202400025111;155 737 560;7;0;2;2;15;1
202400025112;155 737 558;7;0;1;1;19;3
202400025113;155 737 556;10;0;2;7;16;1
202400025113;155 737 557;32;0;2;8;2;1
202400025114;155 737 555;1;0;0;1;2;5
202400025115;155 737 553;33;0;2;1;0;0
202400025115;155 737 554;7;0;2;4;2;0
202400025116;155 737 552;33;0;1;1;3;1
202400025117;155 737 551;50;0;1;1;1;3
202400025118;155 737 550;7;2;0;3;14;1
202400025119;155 737 548;7;0;2;6;1;1
202400025119;155 737 549;0;0;2;0;17;0
202400025120;155 737 546;7;0;0;4;15;1
202400025120;155 737 547;10;0;2;1;1;1
202400025121;155 737 545;7;0;1;1;1;1
202400025122;155 737 544;7;0;1;7;14;1
202400025123;155 737 542;2;10;2;7;17;1
202400025123;155 737 543;7;0;2;3;15;1
202400025124;155 737 540;7;0;9;5;17;1
202400025124;155 737 541;1;0;2;8;1;5
202400025125;155 737 539;7;0;1;1;1;1
202400025126;155 737 538;7;0;1;2;1;1
202400025127;155 737 536;7;13;0;1;1;1
202400025128;155 737 534;7;0;2;4;1;1
202400025128;155 737 535;10;0;2;2;2;1
202400025129;155 737 533;7;0;2;1;15;1
202400025129;155 737 537;7;0;2;3;1;1
202400025130;155 737 532;17;6;0;1;1;1
202400025131;155 737 531;7;6;0;1;1;1
202400025132;155 737 529;7;0;2;3;1;1
202400025132;155 737 530;7;0;2;3;1;1
202400025133;155 737 527;10;0;2;1;13;1
202400025133;155 737 528;7;0;2;1;1;1
202400025134;155 737 523;50;0;0;7;19;3
202400025134;155 737 525;7;0;2;1;1;1
202400025135;155 737 522;7;0;1;1;1;1
202400025136;155 737 519;7;13;0;3;1;1
202400025137;155 737 518;7;0;2;4;2;1
202400025137;155 737 520;10;0;2;1;2;1
202400025137;155 737 521;7;0;2;1;2;1
202400025138;155 737 516;30;1;0;3;0;1
202400025139;155 737 515;2;0;2;1;13;1
202400025139;155 737 517;7;0;2;1;1;1
202400025140;155 737 514;7;1;0;7;26;1
202400025141;155 737 513;7;0;1;1;1;1
202400025142;155 737 511;33;0;2;2;17;1
202400025142;155 737 512;7;0;2;3;15;1
202400025143;155 737 507;7;0;2;2;1;1
202400025143;155 737 508;1;0;2;0;0;5
202400025144;155 737 506;7;0;2;1;15;1
202400025144;155 737 509;33;0;2;1;1;1
202400025144;155 737 510;7;0;2;1;1;3
202400025145;155 737 505;7;0;9;8;26;1
202400025146;155 737 503;7;8;2;7;1;1
202400025146;155 737 504;7;0;2;3;9;1
202400025147;155 737 501;2;0;2;4;1;1
202400025147;155 737 502;7;0;2;1;2;1
202400025148;155 737 499;7;0;9;2;1;1
202400025148;155 737 500;1;0;0;4;1;5
202400025149;155 737 498;37;0;1;1;20;1
202400025150;155 737 494;7;0;2;1;2;1
202400025150;155 737 496;7;0;2;4;15;1
202400025150;155 737 497;7;0;2;1;1;1
202400025151;155 737 491;10;0;2;1;2;1
202400025151;155 737 492;7;0;2;4;2;2
202400025151;155 737 493;7;0;2;4;2;2
202400025151;155 737 495;7;0;2;4;2;1
202400025152;155 737 489;7;3;0;1;12;2
202400025153;155 737 488;7;0;2;5;1;1
202400025153;155 737 490;7;0;2;3;19;1
202400025154;155 737 487;1;0;0;1;26;5
202400025155;155 737 486;7;0;0;3;26;1
202400025156;155 737 483;7;0;2;7;9;1
202400025156;155 737 485;7;0;2;3;0;2
202400025157;155 737 480;7;0;2;3;5;1
202400025157;155 737 481;1;0;0;3;1;5
202400025157;155 737 482;1;0;0;7;1;5
202400025157;155 737 484;1;0;0;7;1;5
202400025158;155 737 478;7;0;2;3;15;2
202400025158;155 737 479;43;0;2;2;17;1
202400025159;155 737 476;15;0;2;1;1;1
202400025159;155 737 477;7;0;2;3;19;1
202400025160;155 737 474;37;0;2;1;2;1
202400025160;155 737 475;7;0;2;4;1;2
202400025161;155 737 472;7;0;2;2;15;1
202400025161;155 737 473;2;0;2;1;1;1
202400025162;155 737 470;99;0;2;8;19;3
202400025162;155 737 471;34;0;9;1;3;3
202400025163;155 737 468;33;0;2;1;1;1
202400025163;155 737 469;13;0;0;4;1;1
202400025164;155 737 467;7;0;1;3;1;2
202400025165;155 737 466;7;0;0;3;0;1
202400025166;155 737 464;7;7;0;0;1;1
202400025167;155 737 463;7;0;2;2;1;1
202400025167;155 737 465;1;0;2;3;13;5
202400025168;155 737 462;14;0;1;8;16;1
202400025169;155 737 460;10;0;2;1;2;1
202400025169;155 737 461;43;0;2;4;2;1
202400025170;155 737 458;10;16;0;6;0;1
202400025170;155 737 459;10;3;2;1;0;1
202400025171;155 737 455;10;0;1;2;1;1
202400025172;155 737 456;2;0;2;8;1;3
202400025172;155 737 457;7;0;2;8;18;1
202400025173;155 737 451;2;0;2;6;19;1
202400025173;155 737 454;14;0;2;2;19;1
202400025174;155 737 452;17;0;2;3;1;1
202400025174;155 737 453;7;11;2;1;1;1
202400025175;155 737 450;1;0;1;1;1;5
202400025176;155 737 448;7;0;2;3;15;1
202400025176;155 737 449;32;0;2;1;18;1
202400025177;155 737 445;7;0;1;3;17;1
202400025178;155 737 446;30;15;2;2;21;1
202400025178;155 737 447;7;0;2;3;9;1
202400025179;155 737 442;7;0;2;1;1;1
202400025179;155 737 444;7;0;2;1;13;3
202400025180;155 737 443;7;0;1;2;9;1
202400025181;155 737 439;7;0;9;7;16;0
202400025181;155 737 441;1;0;2;3;16;5
202400025182;155 737 438;7;0;2;3;15;2
202400025182;155 737 440;50;0;2;1;1;3
202400025183;155 737 436;7;0;6;3;1;1
202400025183;155 737 437;7;0;2;1;1;1
202400025184;155 737 434;7;0;2;7;26;1
202400025184;155 737 435;60;0;2;3;1;5
202400025185;155 737 431;1;0;0;0;1;5
202400025186;155 737 432;10;0;2;3;15;1
202400025186;155 737 433;3;0;2;2;1;1
202400025187;155 737 427;7;0;2;1;5;1
202400025187;155 737 430;7;0;2;1;1;1
202400025188;155 737 428;7;0;2;1;1;1
202400025188;155 737 429;7;0;2;4;1;0
202400025189;155 737 425;7;1;1;2;1;1
202400025190;155 737 422;7;2;0;7;1;1
202400025191;155 737 423;7;0;2;4;26;1
202400025191;155 737 424;7;0;2;1;1;2
202400025191;155 737 426;7;0;2;1;1;1
202400025192;155 737 420;7;6;2;2;6;1
202400025192;155 737 421;7;0;0;3;2;1
202400025193;155 737 419;7;0;1;2;1;1
202400025194;155 737 413;7;0;2;1;2;1
202400025194;155 737 416;7;0;2;4;2;1
202400025195;155 737 414;7;0;2;1;1;1
202400025195;155 737 415;7;0;2;4;2;1
202400025195;155 737 417;10;0;2;4;2;1
202400025195;155 737 418;7;0;2;4;2;1
202400025196;155 737 411;33;0;2;8;3;1
202400025196;155 737 412;7;0;2;7;12;2
202400025197;155 737 408;33;0;2;1;17;1
202400025197;155 737 410;7;0;2;1;1;1
202400025198;155 737 407;33;0;2;1;3;1
202400025198;155 737 409;13;0;0;0;0;0
202400025199;155 737 404;30;0;2;1;0;1
202400025199;155 737 406;7;0;2;3;1;1
202400025200;155 737 402;7;0;2;4;1;1
202400025200;155 737 403;7;0;2;7;12;1
202400025200;155 737 405;33;0;2;1;3;1
202400025201;155 737 400;43;0;0;8;0;1
202400025202;155 737 399;7;0;2;4;2;1
202400025202;155 737 401;50;0;2;1;1;3
202400025203;155 737 397;7;0;2;1;2;1
202400025203;155 737 398;10;0;2;4;2;1
202400025204;155 737 392;7;0;2;1;2;1
202400025204;155 737 394;7;0;2;4;2;1
202400025204;155 737 396;7;0;2;4;2;1
202400025205;155 737 393;7;0;2;3;15;1
202400025205;155 737 395;7;0;2;1;1;1
202400025206;155 737 389;33;0;2;1;11;1
202400025206;155 737 391;7;0;2;5;1;1
202400025207;155 737 388;7;0;2;3;15;1
202400025207;155 737 390;43;0;2;1;17;1
202400025208;155 737 385;7;0;1;6;4;1
202400025209;155 737 384;7;0;2;4;2;1
202400025209;155 737 386;7;0;2;4;2;1
202400025209;155 737 387;7;0;2;1;2;1
202400025210;155 737 380;32;0;2;1;3;1
202400025210;155 737 381;7;0;2;4;2;2
202400025210;155 737 382;7;0;2;8;11;1
202400025211;155 737 379;7;0;2;3;11;1
202400025211;155 737 383;7;0;2;1;23;1
202400025212;155 737 377;7;0;2;1;1;1
202400025212;155 737 378;7;0;2;4;1;2
202400025213;155 737 374;33;0;2;1;2;1
202400025213;155 737 375;10;0;2;4;2;1
202400025214;155 737 373;2;0;2;2;1;1
202400025214;155 737 376;33;0;2;3;1;1
202400025215;155 737 371;17;0;2;2;12;1
202400025215;155 737 372;7;0;2;6;1;1
202400025216;155 737 369;7;0;1;1;26;1
202400025217;155 737 368;10;0;2;3;1;1
202400025217;155 737 370;7;0;2;2;15;1
202400025218;155 737 367;33;8;0;1;1;1
202400025219;155 737 365;7;0;2;1;15;1
202400025219;155 737 366;32;0;2;8;1;3
202400025220;155 737 363;32;0;2;1;1;1
202400025220;155 737 364;7;0;2;4;1;1
202400025221;155 737 361;2;0;2;2;1;1
202400025221;155 737 362;7;0;2;2;15;0
202400025222;155 737 359;7;0;2;3;26;1
202400025222;155 737 360;32;0;2;7;17;1
202400025223;155 737 358;37;0;1;7;1;1
202400025224;155 737 356;32;0;2;7;3;1
202400025224;155 737 357;33;0;2;0;0;0
202400025225;155 737 354;7;0;2;1;23;1
202400025225;155 737 355;1;1;0;1;17;5
202400025226;155 737 352;7;0;2;5;16;1
202400025226;155 737 353;37;0;2;1;1;1
202400025227;155 737 349;7;0;2;1;16;1
202400025227;155 737 350;1;0;2;9;2;5
202400025227;155 737 351;7;0;2;6;2;1
202400025228;155 737 348;7;1;0;2;1;0
202400025229;155 737 346;7;0;2;1;1;1
202400025229;155 737 347;10;0;2;3;1;1
202400025230;155 737 344;33;0;2;1;1;1
202400025230;155 737 345;7;0;2;1;1;1
202400025231;155 737 342;7;0;0;5;10;1
202400025231;155 737 343;33;0;0;1;1;1
202400025232;155 737 339;10;0;2;1;1;1
202400025232;155 737 340;7;0;2;1;17;1
202400025232;155 737 341;7;0;2;3;2;1
202400025233;155 737 337;7;0;2;1;0;1
202400025233;155 737 338;7;0;2;4;0;1
202400025234;155 737 335;10;0;2;1;19;1
202400025234;155 737 336;10;0;2;8;1;1
202400025235;155 737 334;7;13;0;2;14;1
202400025236;155 737 333;2;9;9;8;21;1
202400025237;155 737 331;7;0;2;3;13;1
202400025237;155 737 332;7;0;2;3;13;1
202400025238;155 737 329;7;0;2;3;1;1
202400025238;155 737 330;10;0;2;3;1;1
202400025239;155 737 327;2;0;2;1;17;1
202400025239;155 737 328;7;0;2;1;1;1
202400025240;155 737 326;7;13;0;9;1;1
202400025241;155 737 325;7;16;0;9;17;1
202400025242;155 737 323;3;0;2;7;19;1
202400025242;155 737 324;10;0;2;1;1;1
202400025243;155 737 321;7;0;2;5;15;1
202400025243;155 737 322;33;0;2;1;1;1
202400025244;155 737 319;32;0;2;1;1;1
202400025244;155 737 320;7;0;2;6;15;1
202400025245;155 737 317;33;3;0;1;9;1
202400025246;155 737 315;7;0;2;1;2;1
202400025246;155 737 316;7;0;2;4;1;1
202400025246;155 737 318;10;0;2;4;2;1
202400025247;155 737 314;7;6;0;3;13;1
202400025248;155 737 312;7;0;2;1;2;1
202400025248;155 737 313;7;0;2;3;15;1
202400025249;155 737 309;7;0;2;3;1;1
202400025249;155 737 310;7;0;9;1;2;1
202400025249;155 737 311;7;0;2;3;17;1
202400025250;155 737 308;7;0;1;1;0;1
202400025251;155 737 307;7;1;1;2;15;1
202400025252;155 737 306;7;0;1;1;2;1
202400025253;155 737 304;10;0;1;8;19;0
202400025254;155 737 303;7;0;2;2;1;1
202400025254;155 737 305;7;0;2;1;19;1
202400025255;155 737 301;7;0;1;2;2;1
202400025256;155 737 299;7;0;2;7;12;1
202400025256;155 737 300;7;0;2;9;0;1
202400025256;155 737 302;7;0;2;8;0;1
202400025257;155 737 298;7;0;1;6;4;1
202400025258;155 737 296;37;13;0;7;14;1
202400025259;155 737 292;10;0;2;1;1;1
202400025259;155 737 294;50;0;2;0;1;3
202400025260;155 737 289;7;0;2;3;1;1
202400025260;155 737 291;10;13;2;3;0;1
202400025261;155 737 288;50;0;2;2;1;3
202400025261;155 737 290;7;0;2;3;10;1
202400025262;155 737 287;7;3;0;3;13;1
202400025263;155 737 286;7;11;0;3;1;1
202400025264;155 737 283;7;1;0;2;23;1
202400025264;155 737 285;1;0;2;1;25;5
202400025265;155 737 282;7;0;2;3;13;1
202400025265;155 737 284;7;0;2;3;1;1
202400025266;155 737 279;10;0;2;1;1;1
202400025266;155 737 281;7;0;2;3;20;1
202400025267;155 737 276;7;0;2;2;1;1
202400025267;155 737 277;7;0;2;8;15;1
202400025268;155 737 275;7;0;2;1;13;1
202400025268;155 737 278;7;0;0;1;1;1
202400025268;155 737 280;7;13;0;5;21;1
202400025269;155 737 274;7;0;1;1;15;1
202400025270;155 737 272;7;0;1;3;1;1
202400025271;155 737 271;1;0;2;1;19;5
202400025271;155 737 273;50;0;2;3;19;3
202400025272;155 737 268;7;0;2;1;1;1
202400025272;155 737 270;7;0;2;2;15;1
202400025273;155 737 267;7;0;2;1;1;2
202400025273;155 737 269;7;0;2;8;1;1
202400025274;155 737 265;30;0;9;0;0;1
202400025275;155 737 264;1;0;2;7;1;5
202400025275;155 737 266;7;0;2;0;0;1
202400025276;155 737 262;7;0;2;3;15;1
202400025276;155 737 263;31;0;2;1;17;1
202400025277;155 737 261;7;2;0;9;13;2
202400025278;155 737 260;33;15;0;1;2;1
202400025279;155 737 258;7;0;2;3;15;1
202400025279;155 737 259;31;0;2;1;21;1
202400025280;155 737 257;7;9;0;1;0;1
202400025281;155 737 255;7;0;2;3;15;1
202400025281;155 737 256;33;0;2;3;18;1
202400025282;155 737 252;15;0;2;1;1;1
202400025282;155 737 254;7;0;2;1;5;1
202400025283;155 737 251;10;0;2;2;19;1
202400025283;155 737 253;42;0;2;2;19;1
202400025284;155 737 250;7;2;0;1;13;1
202400025285;155 737 248;3;0;2;1;2;1
202400025285;155 737 249;10;0;2;4;2;1
202400025286;155 737 245;7;0;2;1;21;1
202400025286;155 737 246;10;13;2;8;21;1
202400025286;155 737 247;7;0;2;3;17;1
202400025287;155 737 243;40;0;2;3;1;3
202400025287;155 737 244;10;9;4;1;20;1
202400025288;155 737 241;33;0;2;3;2;1
202400025288;155 737 242;33;0;2;5;1;1
202400025289;155 737 240;7;0;1;2;1;1
202400025290;155 737 239;7;3;0;0;2;1
202400025291;155 737 236;7;0;2;3;0;1
202400025291;155 737 238;14;0;2;7;26;0
202400025292;155 737 235;1;0;2;0;15;5
202400025292;155 737 237;31;0;2;0;1;1
202400025293;155 737 232;7;0;2;2;16;1
202400025293;155 737 233;1;0;2;0;0;5
202400025294;155 737 231;1;0;2;1;15;5
202400025294;155 737 234;7;0;9;1;15;1
202400025295;155 737 228;7;0;2;1;2;2
202400025295;155 737 230;7;1;0;2;1;1
202400025296;155 737 227;2;0;2;1;0;1
202400025296;155 737 229;7;0;2;3;15;1
202400025297;155 737 225;37;0;2;2;1;1
202400025297;155 737 226;50;0;2;1;1;3
202400025298;155 737 221;2;0;2;1;0;1
202400025298;155 737 222;7;0;2;2;15;3
202400025299;155 737 223;2;0;2;1;1;1
202400025299;155 737 224;10;0;2;1;15;3
202400025300;155 737 219;7;0;1;0;16;2
202400025301;155 737 218;1;0;0;4;2;5
202400025301;155 737 220;1;0;2;1;2;5
202400025302;155 737 214;7;2;2;8;1;1
202400025302;155 737 215;7;2;2;8;1;1
202400025303;155 737 210;7;0;2;8;1;1
202400025303;155 737 211;7;0;2;4;1;1
202400025303;155 737 212;7;16;2;1;5;1
202400025303;155 737 213;7;0;2;2;1;1
202400025304;155 737 209;7;0;1;2;1;1
202400025305;155 737 207;1;0;2;8;1;5
202400025305;155 737 208;37;0;2;7;1;1
202400025306;155 737 204;7;0;1;1;1;1
202400025307;155 737 205;7;0;2;1;15;1
202400025307;155 737 206;7;0;2;1;1;1
202400025308;155 737 203;7;0;1;1;1;1
202400025309;155 737 202;7;0;1;8;21;1
202400025310;155 737 199;7;0;2;3;19;1
202400025310;155 737 201;7;0;2;3;1;3
202400025311;155 737 196;10;0;0;4;26;1
202400025311;155 737 198;7;0;2;4;26;1
202400025311;155 737 200;7;14;0;1;1;1
202400025312;155 737 195;50;0;1;1;1;3
202400025313;155 737 192;7;0;0;3;15;1
202400025313;155 737 194;31;0;2;1;1;1
202400025314;155 737 191;2;0;2;1;2;1
202400025314;155 737 193;43;0;2;1;1;1
202400025315;155 737 188;7;0;1;1;2;1
202400025316;155 737 189;7;0;2;2;1;1
202400025316;155 737 190;1;0;2;0;19;5
202400025317;155 737 185;7;0;2;4;1;1
202400025317;155 737 187;7;0;2;1;2;1
202400025318;155 737 184;10;0;2;7;1;1
202400025318;155 737 186;7;0;2;8;1;1
202400025319;155 737 182;7;0;2;1;1;1
202400025319;155 737 183;2;0;2;7;15;1
202400025320;155 737 179;3;0;1;1;1;1
202400025321;155 737 175;7;0;1;1;2;1
202400025322;155 737 176;7;0;2;1;1;1
202400025322;155 737 177;7;0;2;9;23;1
202400025322;155 737 178;7;0;2;9;23;1
202400025322;155 737 180;7;0;2;4;23;1
202400025322;155 737 181;7;0;2;4;23;1
202400025323;155 737 171;7;0;2;1;2;1
202400025323;155 737 173;7;0;2;1;1;1
202400025324;155 737 169;7;4;2;1;2;1
202400025324;155 737 170;7;4;2;4;2;1
202400025324;155 737 172;7;4;2;4;2;1
202400025324;155 737 174;7;4;2;4;2;2
202400025325;155 737 168;7;0;1;1;15;1
202400025326;155 737 164;33;0;2;1;0;0
202400025326;155 737 166;7;0;2;3;2;1
202400025327;155 737 163;10;0;2;4;2;1
202400025327;155 737 165;7;0;2;1;2;1
202400025327;155 737 167;7;0;2;4;2;1
202400025328;155 737 160;7;0;2;2;19;1
202400025328;155 737 162;33;0;2;1;26;1
202400025329;155 737 159;33;3;2;1;3;1
202400025329;155 737 161;7;3;2;6;11;1
202400025330;155 737 155;10;0;2;2;21;1
202400025330;155 737 157;7;0;2;6;2;2
202400025330;155 737 158;7;0;2;1;2;1
202400025331;155 737 154;7;0;2;6;11;2
202400025331;155 737 156;34;0;2;1;3;1
202400025332;155 737 152;10;0;2;7;12;1
202400025332;155 737 153;33;0;2;3;1;1
202400025333;155 737 148;17;0;2;2;12;1
202400025333;155 737 150;7;0;2;8;1;2
202400025334;155 737 144;1;0;2;1;1;5
202400025334;155 737 146;10;0;2;1;1;1
202400025335;155 737 145;7;0;2;1;1;1
202400025335;155 737 147;7;0;2;6;1;1
202400025335;155 737 149;7;0;2;4;0;1
202400025335;155 737 151;7;0;2;1;1;1
202400025336;155 737 141;1;0;2;1;2;5
202400025336;155 737 143;7;0;9;1;0;2
202400025337;155 737 139;7;0;2;5;1;1
202400025337;155 737 140;33;0;2;2;3;1
202400025337;155 737 142;7;0;2;3;17;1
202400025338;155 737 137;1;0;2;2;1;5
202400025338;155 737 138;33;0;9;0;1;0
202400025339;155 737 135;7;0;2;4;11;1
202400025339;155 737 136;33;0;2;1;3;1
202400025340;155 737 133;7;0;2;1;16;1
202400025340;155 737 134;60;0;2;8;19;5
202400025341;155 737 131;31;0;2;1;3;1
202400025341;155 737 132;7;0;2;5;12;1
202400025342;155 737 129;32;0;2;8;1;1
202400025342;155 737 130;37;0;2;2;21;3
202400025343;155 737 126;10;0;2;1;2;1
202400025343;155 737 127;7;0;2;4;2;1
202400025343;155 737 128;7;0;2;4;2;2
202400025344;155 737 124;7;0;2;1;1;2
202400025344;155 737 125;50;0;2;7;19;3
202400025345;155 737 122;31;0;2;8;3;1
202400025345;155 737 123;7;0;2;3;14;1
202400025346;155 737 121;7;4;0;1;9;1
202400025347;155 737 119;7;0;1;1;15;2
202400025348;155 737 118;33;0;2;1;3;1
202400025348;155 737 120;17;0;2;6;2;1
202400025349;155 737 116;7;0;1;1;1;1
202400025350;155 737 115;33;0;2;2;1;1
202400025350;155 737 117;1;0;2;7;15;5
202400025351;155 737 112;50;0;2;4;1;3
202400025351;155 737 113;7;0;2;1;1;0
202400025352;155 737 111;7;0;2;0;1;1
202400025352;155 737 114;7;3;2;0;0;1
202400025353;155 737 110;10;0;1;1;19;3
202400025354;155 737 107;7;0;2;1;2;1
202400025354;155 737 108;7;0;2;4;1;1
202400025354;155 737 109;7;0;2;1;2;1
202400025355;155 737 104;7;1;2;2;19;1
202400025355;155 737 105;10;0;2;2;24;1
202400025355;155 737 106;7;0;2;3;1;1
202400025356;155 737 102;1;0;2;1;1;5
202400025356;155 737 103;7;0;2;8;1;1
202400025357;155 737 100;1;0;0;0;0;5
202400025358;155 737 099;1;0;1;1;1;5
202400025359;155 737 097;43;4;0;1;1;1
202400025360;155 737 096;7;0;2;0;1;1
202400025360;155 737 098;60;0;2;0;1;5
202400025361;155 737 095;80;14;1;1;1;3
202400025362;155 737 094;2;0;0;8;0;1
202400025363;155 737 093;7;0;1;2;15;1
202400025364;155 737 091;60;0;2;7;1;5
202400025364;155 737 092;7;0;2;0;0;1
202400025365;155 737 090;34;1;0;2;26;1
202400025366;155 737 089;41;0;0;0;0;1
202400025367;155 737 087;37;1;0;0;0;1
202400025368;155 737 086;50;0;2;0;1;3
202400025368;155 737 088;7;0;2;0;1;1
202400025369;155 737 083;7;0;2;3;5;1
202400025369;155 737 085;30;0;2;3;21;1
202400025370;155 737 082;1;0;2;0;1;5
202400025370;155 737 084;7;0;2;0;0;1
202400025371;155 737 079;30;0;2;8;15;1
202400025371;155 737 081;37;0;2;1;1;0
202400025372;155 737 078;2;0;2;0;0;1
202400025372;155 737 080;7;0;2;0;0;1
202400025373;155 737 077;7;0;1;8;0;1
202400025374;155 737 074;7;0;2;3;15;1
202400025374;155 737 075;30;16;0;0;0;1
202400025375;155 737 073;7;0;2;2;1;1
202400025375;155 737 076;10;0;2;1;5;1
202400025376;155 737 070;7;0;2;1;0;0
202400025376;155 737 071;7;0;2;8;0;1
202400025377;155 737 069;14;0;2;7;17;1
202400025377;155 737 072;80;0;2;8;1;3
202400025378;155 737 066;7;0;2;4;1;1
202400025378;155 737 068;7;0;2;1;1;1
202400025379;155 737 067;34;1;1;9;1;1
202400025380;155 737 065;7;0;1;1;0;1
202400025381;155 737 064;10;0;1;1;1;1
202400025382;155 737 063;7;0;1;2;1;1
202400025383;155 737 062;7;0;1;1;19;1
202400025384;155 737 061;7;0;1;3;2;1
202400025385;155 737 059;7;0;1;1;1;2
202400025386;155 737 058;33;0;2;1;1;1
202400025386;155 737 060;7;0;2;7;1;1
202400025387;155 737 055;1;0;2;8;2;5
202400025387;155 737 056;7;0;2;7;17;1
202400025388;155 737 054;1;0;2;2;15;5
202400025388;155 737 057;7;0;2;1;1;1
202400025389;155 737 052;99;0;0;0;2;3
202400025390;155 737 051;7;0;2;1;1;1
202400025390;155 737 053;10;10;0;4;2;1
202400025391;155 737 050;7;3;0;1;2;1
202400025392;155 737 049;33;15;0;1;1;1
202400025393;155 737 046;7;0;2;3;15;1
202400025393;155 737 048;32;0;2;1;15;1
202400025394;155 737 045;10;0;2;4;2;1
202400025394;155 737 047;7;0;2;1;1;3
202400025395;155 737 044;32;0;1;1;1;1
202400025396;155 737 043;7;0;1;1;1;1
202400025397;155 737 041;7;0;2;2;15;1
202400025397;155 737 042;32;0;2;8;18;1
202400025398;155 737 038;15;0;2;2;2;1
202400025398;155 737 040;7;0;2;4;16;1
202400025399;155 737 037;7;0;9;3;2;1
202400025399;155 737 039;50;0;2;7;2;3
202400025400;155 737 036;10;0;1;1;2;1
202400025401;155 737 035;10;0;1;4;4;1
202400025402;155 737 032;7;0;2;3;5;1
202400025402;155 737 034;7;0;2;3;1;1
202400025403;155 737 033;7;0;1;1;15;1
202400025404;155 737 028;2;0;2;1;5;1
202400025404;155 737 030;14;0;2;8;15;1
202400025405;155 737 027;7;0;2;1;1;1
202400025405;155 737 029;10;0;2;4;1;1
202400025405;155 737 031;7;0;2;4;1;1
202400025406;155 737 025;37;0;9;1;1;1
202400025407;155 737 024;7;13;0;6;1;1
202400025408;155 737 023;7;0;2;2;1;1
202400025408;155 737 026;7;0;2;1;19;1
202400025409;155 737 021;7;8;0;8;26;1
202400025410;155 737 020;34;0;2;1;2;1
202400025410;155 737 022;7;0;2;4;2;1
202400025411;155 737 018;7;0;1;1;1;1
202400025412;155 737 017;17;0;2;8;1;1
202400025412;155 737 019;31;0;2;1;19;1
202400025413;155 737 015;10;0;2;1;13;1
202400025413;155 737 016;7;0;2;3;1;1
202400025414;155 737 013;7;0;2;1;15;1
202400025414;155 737 014;7;0;2;3;1;1
202400025415;155 737 011;17;0;2;6;13;1
202400025415;155 737 012;7;0;2;2;17;1
202400025416;155 737 008;2;0;0;0;1;1
202400025416;155 737 010;7;0;2;3;1;1
202400025417;155 737 007;7;0;2;4;1;1
202400025417;155 737 009;7;0;2;1;1;1
202400025418;155 737 006;7;1;0;2;14;6
202400025419;155 737 004;7;0;2;2;16;1
202400025419;155 737 005;7;0;2;3;1;1
202400025420;155 737 002;7;13;0;2;1;1
202400025421;155 737 001;7;0;2;2;1;1
202400025421;155 737 003;32;0;2;5;23;1
202400025422;155 736 998;7;0;2;1;1;1
202400025422;155 737 000;10;0;2;1;1;1
202400025423;155 736 997;7;0;2;1;2;1
202400025423;155 736 999;7;0;2;2;15;2
202400025424;155 736 995;7;0;2;3;13;1
202400025424;155 736 996;7;0;2;3;1;1
202400025425;155 736 994;7;0;1;2;1;1
202400025426;155 736 993;7;8;0;1;1;1
202400025427;155 736 991;7;0;1;1;1;1
202400025428;155 736 990;7;0;2;1;1;1
202400025428;155 736 992;7;0;2;7;1;1
202400025429;155 736 987;7;0;2;1;13;1
202400025429;155 736 988;7;0;2;1;1;1
202400025430;155 736 986;50;0;2;2;1;3
202400025430;155 736 989;7;0;2;3;16;1
202400025431;155 736 985;7;13;0;0;1;1
202400025432;155 736 983;7;0;2;3;2;1
202400025432;155 736 984;33;0;2;2;2;1
202400025433;155 736 982;7;0;1;3;21;1
202400025434;155 736 980;7;0;2;3;0;1
202400025434;155 736 981;32;0;2;8;15;1
202400025435;155 736 979;7;6;0;3;1;1