Num_Acc;id_vehicule;catv;obs;obsm;choc;manv;motor
202400025436;155 736 977;32;0;2;1;9;0
202400025436;155 736 978;7;0;2;7;1;0
202400025437;155 736 973;33;4;2;1;1;1
202400025437;155 736 974;7;0;2;3;1;1
202400025438;155 736 972;7;0;2;8;16;1
202400025438;155 736 975;7;0;2;1;1;1
202400025438;155 736 976;15;0;2;8;1;1
202400025439;155 736 971;7;0;2;7;26;1
202400025440;155 736 969;7;0;2;1;13;1
202400025440;155 736 970;7;0;2;1;1;1
202400025441;155 736 968;10;8;0;2;26;0
202400025442;155 736 966;7;0;2;1;1;1
202400025442;155 736 967;7;0;2;1;9;1
202400025443;155 736 965;7;0;1;1;1;1
202400025444;155 736 962;15;0;2;0;0;0
202400025444;155 736 964;30;0;2;0;14;1
202400025445;155 736 961;7;0;2;3;2;1
202400025445;155 736 963;7;0;2;3;1;1
202400025446;155 736 960;34;0;1;1;1;0
202400025447;155 736 958;7;0;2;1;13;1
202400025447;155 736 959;7;0;2;1;1;2
202400025448;155 736 956;33;8;2;1;1;1
202400025448;155 736 957;7;0;2;3;15;1
202400025449;155 736 954;7;0;2;1;13;1
202400025449;155 736 955;7;0;2;1;1;2
202400025450;155 736 952;1;0;2;1;13;5
202400025450;155 736 953;7;0;2;3;15;1
202400025451;155 736 950;7;0;2;5;1;1
202400025451;155 736 951;7;0;2;1;1;1
202400025452;155 736 948;7;0;0;2;14;1
202400025453;155 736 947;32;0;2;0;0;1
202400025453;155 736 949;7;0;2;0;15;1
202400025454;155 736 945;7;0;2;1;1;1
202400025454;155 736 946;7;0;2;1;17;1
202400025455;155 736 944;7;0;1;1;16;2
202400025456;155 736 943;7;2;0;9;1;1
202400025457;155 736 939;7;0;2;1;1;1
202400025457;155 736 941;7;0;2;1;1;0
202400025458;155 736 940;7;0;2;0;9;1
202400025458;155 736 942;7;0;2;0;1;1
202400025459;155 736 938;7;0;1;3;1;1
202400025460;155 736 934;7;0;2;1;1;1
202400025460;155 736 936;7;0;2;1;13;1
202400025461;155 736 933;30;0;2;7;1;1
202400025461;155 736 935;7;0;2;1;1;1
202400025462;155 736 930;7;0;0;8;1;1
202400025462;155 736 932;7;0;1;3;1;1
202400025463;155 736 929;7;0;2;4;1;1
202400025463;155 736 931;33;0;2;1;1;1
202400025464;155 736 928;7;0;0;9;15;1
202400025465;155 736 926;7;0;2;2;17;1
202400025465;155 736 927;32;0;2;3;1;1
202400025466;155 736 925;2;14;0;0;1;1
202400025467;155 736 923;7;2;0;7;1;1
202400025468;155 736 924;7;0;1;1;15;1
202400025469;155 736 921;7;0;1;2;1;1
202400025470;155 736 920;7;0;0;3;0;1
202400025470;155 736 922;10;0;0;1;1;1
202400025471;155 736 918;7;2;0;8;1;1
202400025472;155 736 917;33;12;2;1;1;1
202400025472;155 736 919;7;12;2;5;15;1
202400025473;155 736 914;7;0;9;3;9;1
202400025473;155 736 916;80;0;2;7;2;3
202400025474;155 736 913;7;0;2;1;2;1
202400025474;155 736 915;7;0;2;4;2;1
202400025475;155 736 909;7;0;2;7;1;1
202400025475;155 736 911;50;0;2;3;15;3
202400025476;155 736 910;7;0;2;3;13;1
202400025476;155 736 912;2;0;2;1;1;1
202400025477;155 736 907;7;0;2;7;1;1
202400025477;155 736 908;10;0;2;8;24;1
202400025478;155 736 906;7;8;0;2;1;1
202400025479;155 736 904;10;0;2;3;9;1
202400025479;155 736 905;33;0;2;1;1;1
202400025480;155 736 902;7;0;2;3;13;1
202400025480;155 736 903;10;0;2;3;1;1
202400025481;155 736 901;7;8;0;1;1;1
202400025482;155 736 900;7;0;1;2;1;1
202400025483;155 736 899;2;0;0;0;26;1
202400025484;155 736 896;7;0;2;3;11;1
202400025484;155 736 897;7;0;2;7;0;1
202400025485;155 736 894;7;0;2;4;2;1
202400025485;155 736 895;7;0;2;4;2;1
202400025485;155 736 898;7;0;2;1;2;1
202400025486;155 736 893;50;0;0;1;2;3
202400025487;155 736 887;32;0;2;1;2;1
202400025487;155 736 889;10;0;2;6;1;0
202400025488;155 736 886;14;0;2;1;1;1
202400025488;155 736 888;7;0;2;1;13;1
202400025488;155 736 890;7;0;2;8;1;1
202400025488;155 736 891;7;0;2;9;17;1
202400025488;155 736 892;10;0;2;8;1;1
202400025489;155 736 883;7;0;2;3;15;1
202400025489;155 736 884;33;0;2;1;17;1
202400025490;155 736 882;30;0;2;5;1;1
202400025490;155 736 885;10;0;2;3;9;1
202400025491;155 736 877;7;0;2;1;12;1
202400025491;155 736 879;7;0;2;4;2;1
202400025492;155 736 878;7;0;2;2;1;1
202400025492;155 736 880;7;14;0;1;1;1
202400025493;155 736 875;2;0;2;3;5;0
202400025493;155 736 876;10;0;2;3;1;1
202400025494;155 736 874;31;0;2;0;1;1
202400025495;155 736 872;7;3;0;6;0;1
202400025495;155 736 873;15;1;0;2;1;1
202400025496;155 736 871;37;0;1;5;9;0
202400025497;155 736 870;10;0;1;2;1;1
202400025498;155 736 869;50;9;1;1;25;3
202400025499;155 736 866;7;0;2;1;5;1
202400025499;155 736 867;7;0;2;1;2;1
202400025499;155 736 868;15;0;2;3;2;1
202400025500;155 736 864;7;0;2;3;23;1
202400025500;155 736 865;3;0;2;2;1;1
202400025501;155 736 862;7;2;2;2;17;1
202400025501;155 736 863;7;0;2;3;15;1
202400025502;155 736 861;7;0;1;3;15;1
202400025503;155 736 860;2;0;0;0;0;1
202400025504;155 736 858;7;0;1;1;1;1
202400025505;155 736 857;7;0;9;6;15;0
202400025505;155 736 859;50;0;2;1;1;3
202400025506;155 736 852;7;2;9;1;1;0
202400025506;155 736 855;32;0;2;6;1;0
202400025507;155 736 851;7;0;2;1;13;1
202400025507;155 736 854;7;0;2;3;1;1
202400025507;155 736 856;7;0;2;6;1;2
202400025508;155 736 850;43;0;2;3;2;1
202400025508;155 736 853;7;0;2;5;2;2
202400025509;155 736 849;2;5;0;1;1;1
202400025510;155 736 846;7;13;2;1;2;1
202400025510;155 736 848;7;13;2;4;2;1
202400025511;155 736 845;7;13;0;2;1;1
202400025512;155 736 843;33;0;2;2;3;1
202400025512;155 736 844;7;0;2;3;11;1
202400025512;155 736 847;10;0;2;5;1;1
202400025513;155 736 840;7;0;2;1;2;1
202400025513;155 736 842;7;0;2;4;2;1
202400025514;155 736 838;7;0;2;1;1;1
202400025514;155 736 839;7;0;2;8;1;1
202400025514;155 736 841;7;0;2;3;13;1
202400025515;155 736 836;7;3;0;1;13;2
202400025516;155 736 834;7;0;5;1;1;1
202400025517;155 736 835;7;0;2;4;1;2
202400025517;155 736 837;32;0;2;1;1;1
202400025518;155 736 831;7;0;2;1;1;1
202400025518;155 736 833;50;0;2;7;1;3
202400025519;155 736 830;7;2;2;8;26;1
202400025519;155 736 832;7;0;2;1;1;1
202400025520;155 736 826;33;0;2;2;1;1
202400025520;155 736 828;7;0;2;6;15;2
202400025521;155 736 827;34;0;2;1;3;1
202400025521;155 736 829;10;0;2;6;1;1
202400025522;155 736 824;7;0;2;2;17;1
202400025522;155 736 825;15;0;2;6;9;0
202400025523;155 736 821;7;4;0;3;13;1
202400025524;155 736 818;2;0;2;1;1;1
202400025524;155 736 820;10;0;2;6;15;1
202400025525;155 736 816;7;0;2;5;16;1
202400025525;155 736 819;1;0;2;0;1;5
202400025526;155 736 814;7;6;0;2;0;1
202400025527;155 736 815;10;0;2;5;26;1
202400025527;155 736 817;7;0;2;1;1;1
202400025528;155 736 811;7;0;2;1;13;1
202400025528;155 736 813;7;0;2;1;1;1
202400025529;155 736 810;1;0;2;4;2;5
202400025529;155 736 812;7;0;9;1;2;1
202400025530;155 736 807;10;0;2;2;2;1
202400025530;155 736 809;10;0;2;6;2;1
202400025531;155 736 806;3;6;0;3;15;1
202400025531;155 736 808;7;0;0;2;17;1
202400025532;155 736 805;7;8;1;2;15;1
202400025533;155 736 804;33;0;2;0;1;1
202400025534;155 736 797;7;0;0;0;0;1
202400025534;155 736 799;7;0;2;1;26;1
202400025535;155 736 796;2;0;2;1;1;1
202400025535;155 736 798;7;0;2;2;5;3
202400025536;155 736 795;33;0;2;1;3;1
202400025536;155 736 800;10;0;2;6;12;1
202400025537;155 736 792;10;0;2;2;1;1
202400025537;155 736 794;30;0;2;7;17;1
202400025538;155 736 791;2;0;2;1;1;1
202400025538;155 736 793;7;0;2;7;15;1
202400025539;155 736 786;33;0;2;0;1;1
202400025539;155 736 790;7;0;2;0;9;0
202400025540;155 736 785;7;0;2;6;16;1
202400025540;155 736 788;33;0;2;1;21;1
202400025541;155 736 784;7;0;2;1;1;3
202400025541;155 736 787;7;0;2;1;2;1
202400025541;155 736 789;7;0;2;3;1;2
202400025542;155 736 783;7;15;0;1;16;1
202400025543;155 736 780;7;0;2;2;14;1
202400025543;155 736 782;7;0;2;6;1;1
202400025544;155 736 777;7;0;2;1;0;1
202400025544;155 736 778;7;0;2;4;0;2
202400025545;155 736 779;7;0;2;7;12;1
202400025545;155 736 781;33;0;2;1;3;1
202400025546;155 736 773;7;3;2;1;26;1
202400025546;155 736 775;7;0;2;8;0;1
202400025546;155 736 776;10;0;2;1;1;1
202400025547;155 736 772;33;0;2;1;2;1
202400025547;155 736 774;7;0;2;4;2;1
202400025548;155 736 767;7;0;2;1;10;1
202400025548;155 736 769;33;0;2;1;26;1
202400025549;155 736 766;7;0;2;1;2;0
202400025549;155 736 768;7;0;2;4;2;1
202400025550;155 736 770;32;0;2;0;13;1
202400025550;155 736 771;7;0;2;6;13;1
202400025551;155 736 765;7;0;1;4;0;1
202400025552;155 736 763;7;0;2;1;2;1
202400025552;155 736 764;7;0;2;4;2;1
202400025553;155 736 759;7;16;0;7;26;1
202400025554;155 736 760;7;0;2;4;12;1
202400025554;155 736 762;33;0;2;7;3;0
202400025555;155 736 758;10;0;2;1;1;1
202400025555;155 736 761;43;0;2;8;1;1
202400025556;155 736 755;32;8;0;1;1;1
202400025557;155 736 752;7;0;2;4;1;1
202400025557;155 736 754;7;0;2;1;1;1
202400025557;155 736 756;7;0;2;4;0;1
202400025557;155 736 757;7;0;2;4;1;1
202400025558;155 736 748;7;0;0;1;26;1
202400025559;155 736 749;7;0;0;3;13;1
202400025559;155 736 751;7;0;0;1;1;1
202400025560;155 736 746;7;0;2;9;2;2
202400025560;155 736 747;10;0;2;2;2;1
202400025560;155 736 750;10;4;2;9;1;1
202400025560;155 736 753;7;0;2;3;18;1
202400025561;155 736 744;7;2;0;1;13;1
202400025562;155 736 742;7;0;2;3;11;1
202400025562;155 736 743;33;0;2;7;2;1
202400025562;155 736 745;7;0;2;5;2;1
202400025563;155 736 741;50;0;0;0;1;3
202400025564;155 736 738;7;0;2;7;12;1
202400025564;155 736 740;33;0;2;3;3;1
202400025565;155 736 737;33;0;1;3;1;1
202400025566;155 736 739;7;3;0;2;21;1
202400025567;155 736 733;7;0;2;6;2;1
202400025567;155 736 736;7;0;2;1;2;1
202400025568;155 736 734;1;0;0;7;1;5
202400025569;155 736 732;37;0;2;8;1;1
202400025569;155 736 735;7;0;2;1;19;1
202400025570;155 736 731;33;16;0;0;26;1
202400025571;155 736 726;7;0;2;3;14;1
202400025571;155 736 729;7;0;2;7;1;1
202400025572;155 736 721;7;0;2;1;2;1
202400025572;155 736 723;7;0;2;4;2;1
202400025572;155 736 725;7;0;2;4;2;1
202400025572;155 736 728;7;0;2;4;2;1
202400025573;155 736 722;7;0;2;4;2;1
202400025573;155 736 724;10;0;2;1;2;1
202400025573;155 736 727;7;0;2;4;2;3
202400025573;155 736 730;10;0;2;4;2;1
202400025574;155 736 719;7;0;2;0;26;1
202400025574;155 736 720;1;0;2;0;26;5
202400025575;155 736 717;7;15;0;1;0;1
202400025576;155 736 710;15;0;2;1;2;1
202400025576;155 736 712;7;0;2;4;2;1
202400025576;155 736 714;7;0;2;4;2;1
202400025576;155 736 715;10;0;2;4;2;1
202400025576;155 736 716;7;0;2;4;2;1
202400025576;155 736 718;7;0;2;4;2;2
202400025577;155 736 709;7;0;2;1;2;1
202400025577;155 736 713;7;0;2;1;17;1
202400025578;155 736 708;7;0;2;1;2;1
202400025578;155 736 711;10;0;2;6;2;1
202400025579;155 736 706;7;0;2;7;12;1
202400025579;155 736 707;33;0;2;6;1;1
202400025580;155 736 704;10;0;2;2;10;1
202400025580;155 736 705;31;0;2;1;2;1
202400025581;155 736 702;33;0;2;1;3;1
202400025581;155 736 703;7;0;2;5;12;1
202400025582;155 736 700;7;0;0;8;1;1
202400025583;155 736 697;33;0;2;1;2;1
202400025583;155 736 699;33;0;2;4;2;1
202400025584;155 736 696;14;0;2;1;2;0
202400025584;155 736 698;7;0;2;9;2;1
202400025584;155 736 701;7;0;2;2;1;1
202400025585;155 736 694;7;0;2;1;1;1
202400025585;155 736 695;7;0;2;4;1;1
202400025586;155 736 693;7;0;1;1;1;1
202400025587;155 736 690;33;0;2;1;12;1
202400025587;155 736 692;7;0;2;6;1;1
202400025588;155 736 688;7;0;2;8;11;1
202400025588;155 736 691;33;0;2;2;3;1
202400025589;155 736 687;10;0;2;3;17;1
202400025589;155 736 689;10;0;2;3;1;1
202400025590;155 736 686;50;0;1;8;1;3
202400025591;155 736 684;33;0;2;1;1;1
202400025591;155 736 685;7;0;2;5;1;1
202400025592;155 736 683;14;13;0;7;1;1
202400025593;155 736 679;7;0;2;8;11;1
202400025593;155 736 681;33;0;2;5;3;1
202400025594;155 736 678;7;1;0;2;24;3
202400025594;155 736 680;7;0;2;3;20;2
202400025595;155 736 675;33;0;2;1;13;1
202400025595;155 736 677;7;0;2;3;1;2
202400025596;155 736 671;33;0;2;1;3;1
202400025596;155 736 674;7;0;2;4;12;1
202400025597;155 736 673;15;0;2;5;12;1
202400025597;155 736 676;7;0;2;1;1;1
202400025597;155 736 682;33;0;2;7;0;1
202400025598;155 736 670;7;0;2;8;15;1
202400025598;155 736 672;1;0;2;7;1;5
202400025599;155 736 669;7;3;0;1;1;1
202400025600;155 736 668;7;2;0;1;13;1
202400025601;155 736 667;7;0;1;1;1;1
202400025602;155 736 664;2;0;0;2;1;1
202400025603;155 736 665;43;0;1;1;17;1
202400025604;155 736 662;13;0;2;6;1;1
202400025604;155 736 663;7;0;2;7;12;1
202400025604;155 736 666;33;0;2;3;3;1
202400025605;155 736 661;7;10;0;1;0;1
202400025606;155 736 658;10;13;0;2;1;1
202400025607;155 736 659;2;0;2;2;19;1
202400025607;155 736 660;10;0;0;8;1;1
202400025608;155 736 655;2;0;2;4;23;1
202400025608;155 736 657;7;0;2;1;2;3
202400025609;155 736 654;14;0;2;6;1;0
202400025609;155 736 656;7;0;0;3;1;1
202400025610;155 736 653;7;0;1;2;1;1
202400025611;155 736 649;33;0;2;2;3;1
202400025611;155 736 652;7;0;2;6;11;2
202400025612;155 736 648;7;0;2;8;24;1
202400025612;155 736 651;1;1;0;1;1;5
202400025613;155 736 645;10;0;2;1;1;1
202400025613;155 736 647;10;0;2;7;1;1
202400025613;155 736 650;7;0;2;8;2;1
202400025614;155 736 644;7;0;2;1;2;1
202400025615;155 736 643;7;0;2;3;15;1
202400025615;155 736 646;7;0;2;2;1;3
202400025616;155 736 640;10;0;2;2;2;1
202400025616;155 736 641;7;0;2;4;1;1
202400025617;155 736 637;7;0;2;2;12;1
202400025617;155 736 642;33;0;2;8;1;1
202400025618;155 736 635;7;6;0;1;1;0
202400025619;155 736 636;10;0;2;1;9;3
202400025619;155 736 639;1;0;2;7;26;5
202400025620;155 736 629;7;0;2;4;2;3
202400025620;155 736 633;7;0;2;4;2;1
202400025620;155 736 638;7;0;2;1;2;1
202400025621;155 736 627;7;0;2;3;15;1
202400025621;155 736 631;33;0;2;2;1;1
202400025622;155 736 630;7;0;2;4;23;1
202400025622;155 736 634;7;0;2;1;1;1
202400025623;155 736 628;10;0;2;3;15;1
202400025623;155 736 632;33;0;2;1;1;1
202400025624;155 736 624;10;0;0;4;23;1
202400025624;155 736 626;33;0;2;1;1;1
202400025625;155 736 622;7;0;2;7;15;1
202400025625;155 736 625;30;0;2;1;1;1
202400025626;155 736 621;7;0;1;2;15;1
202400025627;155 736 616;15;0;2;8;1;1
202400025627;155 736 617;7;0;2;7;17;1
202400025627;155 736 619;7;0;2;8;17;1
202400025628;155 736 615;7;0;1;1;1;1
202400025629;155 736 618;7;0;0;0;0;1
202400025629;155 736 620;7;0;2;1;26;1
202400025629;155 736 623;7;0;0;0;0;1
202400025630;155 736 613;50;0;2;2;1;3
202400025630;155 736 614;7;0;9;2;16;1
202400025631;155 736 612;7;13;0;3;1;1
202400025632;155 736 610;31;0;2;1;1;1
202400025632;155 736 611;7;0;2;4;1;1
202400025633;155 736 608;7;1;0;2;14;1
202400025634;155 736 605;7;0;9;0;1;1
202400025635;155 736 603;50;0;2;7;1;3
202400025635;155 736 606;10;0;2;6;1;0
202400025636;155 736 604;7;0;2;4;1;1
202400025636;155 736 607;7;0;2;1;2;1
202400025636;155 736 609;7;0;2;4;1;1
202400025637;155 736 601;7;0;2;2;15;1
202400025637;155 736 602;7;0;2;1;1;1
202400025638;155 736 600;33;4;0;8;1;1
202400025639;155 736 596;7;0;1;2;21;1
202400025640;155 736 595;7;0;2;3;1;2
202400025640;155 736 599;33;0;2;8;2;1
202400025641;155 736 592;10;0;1;1;1;0
202400025642;155 736 591;2;0;1;1;26;-1
202400025643;155 736 590;7;0;2;4;2;1
202400025643;155 736 593;7;0;2;5;1;1
202400025643;155 736 594;7;0;2;1;2;1
202400025643;155 736 597;7;0;2;5;2;3
202400025644;155 736 587;7;0;2;3;1;1
202400025644;155 736 588;7;0;2;7;14;1
202400025645;155 736 586;7;0;2;2;16;1
202400025645;155 736 589;7;0;2;8;1;1
202400025646;155 736 584;34;0;2;1;1;0
202400025646;155 736 585;7;0;2;7;15;0
202400025647;155 736 579;7;0;2;0;1;1
202400025647;155 736 581;7;0;2;1;1;1
202400025647;155 736 583;7;0;2;0;0;1
202400025648;155 736 578;7;1;0;1;1;1
202400025649;155 736 580;7;3;0;2;2;1
202400025650;155 736 577;7;0;2;2;1;1
202400025650;155 736 582;34;0;2;3;9;1
202400025651;155 736 575;7;0;2;1;1;1
202400025651;155 736 576;7;0;2;4;1;1
202400025652;155 736 573;7;0;1;6;2;2
202400025653;155 736 571;7;0;2;1;26;1
202400025653;155 736 574;7;3;2;5;26;1
202400025654;155 736 569;33;0;2;3;1;0
202400025654;155 736 572;7;0;2;5;1;0
202400025655;155 736 568;7;0;2;4;26;1
202400025655;155 736 570;7;0;2;1;1;1
202400025656;155 736 566;7;0;1;3;1;1
202400025657;155 736 565;30;12;2;3;26;1
202400025657;155 736 567;37;12;2;2;1;1
202400025658;155 736 561;33;0;2;8;1;0
202400025658;155 736 563;7;0;2;1;2;0
202400025658;155 736 564;7;0;2;2;12;0
202400025659;155 736 559;34;0;2;7;23;1
202400025659;155 736 562;7;0;2;8;17;1
202400025660;155 736 556;30;0;2;2;17;1
202400025660;155 736 558;10;0;2;6;1;1
202400025661;155 736 551;33;13;0;7;17;1
202400025661;155 736 554;7;0;2;6;2;1
202400025662;155 736 550;33;0;2;2;3;1
202400025662;155 736 552;10;0;2;4;1;0
202400025662;155 736 555;7;0;2;8;13;0
202400025663;155 736 549;7;0;2;3;14;0
202400025663;155 736 553;7;0;2;4;1;0
202400025663;155 736 557;7;0;2;5;1;0
202400025663;155 736 560;7;0;2;3;1;0
202400025664;155 736 541;10;0;2;7;11;1
202400025664;155 736 544;43;4;2;3;1;1
202400025664;155 736 546;7;0;2;1;1;1
202400025665;155 736 543;7;0;2;1;2;1
202400025665;155 736 545;10;0;2;4;2;1
202400025666;155 736 540;34;0;2;1;1;1
202400025666;155 736 542;7;0;2;2;15;1
202400025667;155 736 537;33;0;2;1;3;1
202400025667;155 736 539;7;0;2;5;12;1
202400025668;155 736 536;10;0;2;1;2;1
202400025668;155 736 538;7;0;2;4;2;1
202400025669;155 736 534;7;0;2;3;19;1
202400025669;155 736 535;7;0;2;8;1;1
202400025670;155 736 532;7;0;2;2;1;1
202400025670;155 736 533;7;0;2;1;11;2
202400025671;155 736 527;7;0;2;2;0;1
202400025671;155 736 529;31;0;2;8;1;1
202400025672;155 736 528;10;0;2;8;11;1
202400025672;155 736 531;33;0;2;7;11;1
202400025673;155 736 526;7;0;2;1;15;1
202400025673;155 736 530;50;0;2;8;1;3
202400025674;155 736 521;7;1;2;3;1;1
202400025674;155 736 524;7;0;2;3;1;2
202400025675;155 736 519;33;0;0;4;9;1
202400025675;155 736 523;17;0;2;2;1;1
202400025676;155 736 517;7;0;2;1;2;1
202400025676;155 736 518;7;0;2;4;2;1
202400025676;155 736 520;7;0;2;4;2;1
202400025676;155 736 522;7;0;2;4;2;1
202400025676;155 736 525;7;0;2;1;1;2
202400025677;155 736 514;34;0;2;1;1;0
202400025677;155 736 516;7;0;2;3;1;1
202400025678;155 736 511;7;0;2;5;1;1
202400025678;155 736 513;7;0;2;3;11;2
202400025679;155 736 510;7;0;2;4;1;1
202400025679;155 736 512;37;0;2;3;1;1
202400025679;155 736 515;7;0;2;1;1;1
202400025680;155 736 507;7;0;2;2;15;1
202400025680;155 736 509;7;9;2;9;1;1
202400025681;155 736 505;7;0;2;1;2;1
202400025681;155 736 508;10;0;2;4;2;1
202400025682;155 736 501;7;0;2;3;11;1
202400025682;155 736 502;33;0;2;1;3;1
202400025683;155 736 500;43;0;2;1;1;1
202400025683;155 736 503;7;0;2;3;9;1
202400025684;155 736 499;7;0;2;4;2;1
202400025684;155 736 504;10;0;2;4;2;1
202400025684;155 736 506;10;0;2;1;2;1
202400025685;155 736 496;7;0;2;6;1;1
202400025685;155 736 498;14;0;2;2;14;1
202400025686;155 736 495;7;0;2;3;15;1
202400025686;155 736 497;2;0;2;7;17;1
202400025687;155 736 491;7;0;2;5;12;1
202400025687;155 736 494;33;0;2;1;1;1
202400025688;155 736 488;33;0;2;0;11;1
202400025688;155 736 490;10;0;0;0;1;1
202400025688;155 736 493;15;0;0;1;1;1
202400025689;155 736 489;1;0;2;6;15;5
202400025689;155 736 492;7;0;2;3;15;2
202400025690;155 736 485;33;0;2;8;1;1
202400025690;155 736 487;7;0;2;7;12;1
202400025691;155 736 486;7;0;1;5;2;1
202400025692;155 736 484;7;0;1;0;16;1
202400025693;155 736 482;14;0;2;4;2;1
202400025693;155 736 483;7;0;2;1;2;1
202400025694;155 736 480;7;0;2;3;15;3
202400025694;155 736 481;1;0;2;2;1;5
202400025695;155 736 479;7;0;1;2;16;1
202400025696;155 736 476;7;0;2;5;15;1
202400025696;155 736 477;13;0;2;3;2;1
202400025696;155 736 478;33;0;2;1;0;1
202400025697;155 736 474;7;0;2;1;15;1
202400025697;155 736 475;60;0;2;8;19;5
202400025698;155 736 472;7;0;1;1;15;1
202400025699;155 736 470;50;0;1;4;0;3
202400025700;155 736 471;50;0;2;8;2;3
202400025700;155 736 473;10;0;2;2;2;0
202400025701;155 736 468;7;0;2;6;14;1
202400025701;155 736 469;50;0;2;1;14;3
202400025702;155 736 465;33;0;0;0;17;1
202400025703;155 736 464;10;0;2;5;16;1
202400025703;155 736 466;50;0;2;0;0;3
202400025704;155 736 462;33;0;0;8;1;1
202400025705;155 736 460;1;0;2;1;1;5
202400025705;155 736 461;1;0;2;1;1;5
202400025706;155 736 459;7;0;2;1;2;1
202400025706;155 736 463;7;0;2;4;2;1
202400025707;155 736 458;33;0;6;1;21;1
202400025708;155 736 457;7;0;1;1;16;1
202400025709;155 736 456;33;0;5;1;1;1
202400025710;155 736 455;10;3;0;1;26;1
202400025711;155 736 453;7;0;2;1;1;1
202400025711;155 736 454;7;0;2;9;15;1
202400025712;155 736 450;7;0;1;3;16;1
202400025713;155 736 451;33;0;2;1;26;1
202400025713;155 736 452;7;0;2;6;9;1
202400025714;155 736 446;7;17;0;3;13;1
202400025715;155 736 448;50;0;2;0;0;3
202400025715;155 736 449;7;0;2;0;0;1
202400025716;155 736 445;7;8;2;3;1;2
202400025716;155 736 447;7;0;2;5;14;1
202400025717;155 736 442;7;0;2;3;1;1
202400025717;155 736 444;1;0;2;1;19;5
202400025718;155 736 443;7;0;2;1;1;1
202400025719;155 736 439;7;0;2;6;2;1
202400025719;155 736 440;7;0;2;2;26;2
202400025719;155 736 441;7;0;2;2;26;3
202400025720;155 736 438;7;1;0;1;0;1
202400025721;155 736 435;50;0;2;1;26;3
202400025721;155 736 437;7;0;2;4;26;0
202400025722;155 736 433;7;0;1;2;1;2
202400025723;155 736 430;10;0;2;1;1;1
202400025723;155 736 434;7;0;2;4;1;1
202400025723;155 736 436;7;0;2;5;1;1
202400025724;155 736 431;33;0;2;1;1;1
202400025724;155 736 432;7;0;2;7;19;1
202400025725;155 736 428;14;0;9;4;23;1
202400025725;155 736 429;7;0;2;1;1;1
202400025726;155 736 425;7;0;1;3;2;2
202400025727;155 736 424;1;0;0;0;1;5
202400025728;155 736 423;7;0;2;3;16;1
202400025728;155 736 427;99;1;2;1;15;3
202400025729;155 736 421;7;0;2;8;1;2
202400025729;155 736 422;15;0;2;7;2;1
202400025730;155 736 418;7;0;0;4;24;1
202400025730;155 736 419;2;1;0;1;1;1
202400025731;155 736 417;50;0;2;1;19;3
202400025731;155 736 420;1;0;2;7;1;5
202400025732;155 736 414;1;0;0;4;1;5
202400025732;155 736 415;7;0;2;2;1;1
202400025733;155 736 413;1;0;2;1;15;5
202400025733;155 736 416;7;0;2;1;16;0
202400025734;155 736 411;0;0;2;0;0;0
202400025734;155 736 412;7;0;2;6;2;1
202400025735;155 736 409;2;0;2;1;17;1
202400025735;155 736 410;7;0;2;3;15;1
202400025736;155 736 406;7;0;2;1;13;1
202400025736;155 736 408;7;0;2;1;1;1
202400025737;155 736 404;50;0;2;1;1;3
202400025737;155 736 405;7;0;2;1;9;1
202400025738;155 736 403;36;1;0;1;15;1
202400025739;155 736 402;7;0;2;1;9;1
202400025739;155 736 407;33;0;2;7;17;1
202400025740;155 736 400;33;11;0;1;1;1
202400025741;155 736 399;10;0;2;2;1;1
202400025741;155 736 401;32;0;2;3;9;1
202400025742;155 736 398;60;0;0;0;0;5
202400025743;155 736 396;14;0;0;7;1;1
202400025744;155 736 394;7;0;2;3;9;1
202400025744;155 736 397;7;0;2;1;1;1
202400025745;155 736 395;7;8;0;9;11;1
202400025746;155 736 392;1;0;2;0;26;5
202400025746;155 736 393;7;0;2;0;0;1
202400025747;155 736 391;7;0;1;2;1;1
202400025748;155 736 386;7;0;2;0;0;1
202400025748;155 736 389;7;0;2;0;0;1
202400025748;155 736 390;7;0;0;0;0;1
202400025749;155 736 384;1;0;0;0;0;5
202400025750;155 736 385;7;0;9;2;17;1
202400025750;155 736 387;1;0;2;1;15;5
202400025751;155 736 381;31;0;2;1;1;1
202400025751;155 736 383;10;0;2;2;1;1
202400025752;155 736 378;99;0;2;3;1;1
202400025752;155 736 380;7;0;2;6;15;1
202400025753;155 736 377;7;0;2;4;23;-1
202400025753;155 736 379;7;0;2;1;2;-1
202400025753;155 736 382;7;0;2;1;2;-1
202400025754;155 736 376;2;0;0;0;1;1
202400025755;155 736 375;7;17;0;1;1;0
202400025756;155 736 372;7;2;0;0;1;1
202400025757;155 736 370;10;0;2;4;23;1
202400025757;155 736 373;7;0;2;1;1;1
202400025758;155 736 371;30;0;2;8;1;1
202400025758;155 736 374;7;0;2;1;15;1
202400025759;155 736 369;43;0;9;2;1;1
202400025760;155 736 368;10;0;1;5;4;1
202400025761;155 736 366;7;0;2;3;1;1
202400025761;155 736 367;7;0;2;3;13;1
202400025762;155 736 364;21;12;0;0;15;1
202400025762;155 736 365;33;12;0;0;17;1