Num_Acc;id_vehicule;catv;obs;obsm;choc;manv;motor
202400025763;155 736 362;7;0;2;1;15;1
202400025763;155 736 363;34;0;2;7;1;1
202400025764;155 736 357;2;0;2;8;1;1
202400025764;155 736 360;7;0;2;1;15;0
202400025765;155 736 358;33;0;2;1;1;1
202400025765;155 736 361;7;0;0;7;15;1
202400025766;155 736 356;7;0;2;5;1;1
202400025766;155 736 359;33;0;2;8;1;1
202400025767;155 736 354;7;0;1;7;1;1
202400025768;155 736 352;10;0;0;0;9;-1
202400025768;155 736 353;33;0;2;0;21;1
202400025769;155 736 350;31;0;0;7;1;1
202400025770;155 736 351;7;0;1;2;15;1
202400025771;155 736 346;30;0;2;3;1;1
202400025771;155 736 349;7;0;2;1;15;1
202400025772;155 736 345;2;0;2;4;26;1
202400025772;155 736 348;10;0;2;1;26;1
202400025773;155 736 344;7;0;2;1;1;2
202400025773;155 736 347;10;0;2;2;19;1
202400025774;155 736 343;7;0;1;1;1;2
202400025775;155 736 342;33;0;0;7;1;1
202400025776;155 736 339;1;0;0;0;1;5
202400025777;155 736 340;7;0;1;1;1;1
202400025778;155 736 338;30;0;2;1;1;1
202400025778;155 736 341;10;0;2;4;1;1
202400025779;155 736 337;7;2;0;3;1;2
202400025780;155 736 331;1;0;2;8;19;5
202400025780;155 736 333;7;0;2;1;1;1
202400025781;155 736 330;50;0;2;1;1;3
202400025781;155 736 335;1;0;2;1;1;5
202400025782;155 736 332;21;0;2;7;0;0
202400025782;155 736 334;7;0;2;1;1;3
202400025783;155 736 328;10;1;0;2;1;1
202400025784;155 736 327;7;0;2;3;16;1
202400025784;155 736 329;50;0;2;7;0;3
202400025785;155 736 326;50;0;0;0;0;3
202400025786;155 736 323;7;2;0;1;21;1
202400025787;155 736 322;50;0;2;8;19;3
202400025787;155 736 325;7;0;2;1;1;1
202400025788;155 736 320;7;0;0;4;1;1
202400025788;155 736 321;31;0;2;1;1;1
202400025789;155 736 319;37;0;1;2;21;1
202400025790;155 736 315;7;0;2;3;1;1
202400025790;155 736 317;7;0;2;3;0;3
202400025790;155 736 318;7;0;2;8;2;1
202400025791;155 736 311;7;0;2;4;12;1
202400025791;155 736 312;7;0;2;1;12;1
202400025791;155 736 313;7;0;2;4;12;1
202400025792;155 736 310;7;2;0;1;1;1
202400025793;155 736 308;7;0;2;3;1;1
202400025793;155 736 309;3;0;2;1;13;1
202400025794;155 736 305;7;0;2;3;1;1
202400025794;155 736 306;7;0;2;6;9;1
202400025795;155 736 303;1;0;2;1;1;5
202400025795;155 736 304;7;0;2;3;15;1
202400025796;155 736 301;7;6;0;2;0;1
202400025797;155 736 300;40;0;1;2;1;0
202400025798;155 736 302;7;0;1;1;1;1
202400025799;155 736 298;7;0;9;7;17;1
202400025799;155 736 299;1;0;2;8;1;5
202400025800;155 736 297;7;0;1;1;15;1
202400025801;155 736 295;7;13;0;0;0;1
202400025802;155 736 292;7;0;9;3;1;1
202400025802;155 736 294;1;0;0;0;0;5
202400025803;155 736 293;7;0;2;2;1;1
202400025803;155 736 296;7;0;2;1;1;1
202400025804;155 736 290;7;0;0;2;9;1
202400025804;155 736 291;1;0;2;5;26;5
202400025805;155 736 289;7;1;0;0;1;1
202400025806;155 736 288;33;2;0;1;1;1
202400025807;155 736 285;7;0;2;1;14;1
202400025807;155 736 287;1;0;2;3;1;5
202400025808;155 736 284;7;0;1;4;4;0
202400025809;155 736 282;7;0;2;3;1;1
202400025809;155 736 283;7;0;2;3;13;1
202400025809;155 736 286;10;0;2;3;1;1
202400025810;155 736 279;7;0;2;7;1;0
202400025810;155 736 281;7;0;2;2;1;1
202400025811;155 736 278;7;0;2;3;9;1
202400025811;155 736 280;2;0;2;1;1;1
202400025812;155 736 275;33;2;0;1;1;1
202400025813;155 736 273;10;0;2;2;15;1
202400025813;155 736 276;2;0;2;1;1;1
202400025814;155 736 274;50;0;2;1;25;3
202400025814;155 736 277;7;0;2;5;1;1
202400025815;155 736 272;7;2;0;2;13;1
202400025816;155 736 270;14;0;2;8;15;1
202400025816;155 736 271;7;0;2;3;13;1
202400025817;155 736 266;2;0;2;1;1;1
202400025817;155 736 268;7;0;0;5;1;1
202400025818;155 736 267;7;0;2;2;15;1
202400025818;155 736 269;33;0;2;1;1;1
202400025819;155 736 264;7;3;0;3;13;2
202400025820;155 736 260;7;0;2;4;2;1
202400025820;155 736 262;7;1;0;1;26;1
202400025820;155 736 263;7;0;0;4;0;1
202400025820;155 736 265;7;0;0;4;0;1
202400025821;155 736 259;7;2;0;1;13;1
202400025822;155 736 258;7;0;2;7;16;1
202400025822;155 736 261;33;0;2;1;18;1
202400025823;155 736 257;7;15;0;1;1;1
202400025824;155 736 255;7;0;1;2;1;1
202400025825;155 736 254;38;0;1;1;1;1
202400025826;155 736 253;7;0;1;1;23;3
202400025826;155 736 256;7;0;2;1;2;1
202400025827;155 736 252;30;0;0;0;14;1
202400025828;155 736 248;33;0;2;7;1;1
202400025828;155 736 251;7;0;2;1;1;1
202400025829;155 736 247;15;0;2;0;0;1
202400025829;155 736 249;7;3;2;0;0;1
202400025829;155 736 250;7;0;2;1;0;1
202400025830;155 736 246;37;0;1;1;1;1
202400025831;155 736 244;1;0;2;7;16;5
202400025831;155 736 245;7;0;2;1;1;1
202400025832;155 736 242;7;5;2;1;13;3
202400025832;155 736 243;7;0;2;1;1;1
202400025833;155 736 241;7;7;0;1;1;1
202400025834;155 736 237;7;0;2;1;2;1
202400025834;155 736 238;7;3;0;4;2;2
202400025835;155 736 239;7;0;2;0;15;1
202400025835;155 736 240;1;0;2;4;23;5
202400025836;155 736 236;7;0;1;8;1;1
202400025837;155 736 235;7;2;0;1;0;1
202400025838;155 736 233;10;0;1;1;1;1
202400025839;155 736 230;7;13;0;6;13;1
202400025839;155 736 231;7;13;0;1;11;1
202400025840;155 736 229;33;14;2;0;3;0
202400025840;155 736 232;7;0;2;6;2;0
202400025840;155 736 234;37;0;2;1;3;0
202400025841;155 736 228;7;0;9;0;0;1
202400025842;155 736 226;33;0;2;1;1;1
202400025842;155 736 227;7;0;9;1;1;1
202400025843;155 736 224;33;0;2;1;13;1
202400025843;155 736 225;7;0;2;1;1;2
202400025844;155 736 223;7;0;0;3;0;1
202400025845;155 736 221;7;8;0;2;0;1
202400025846;155 736 219;7;0;2;1;15;1
202400025846;155 736 220;30;0;2;1;1;1
202400025847;155 736 217;7;0;0;1;1;1
202400025847;155 736 222;7;0;0;0;2;1
202400025848;155 736 216;7;0;2;2;15;1
202400025848;155 736 218;7;0;2;8;10;1
202400025849;155 736 215;33;1;1;1;1;1
202400025850;155 736 212;1;0;2;3;1;5
202400025850;155 736 213;7;14;9;2;17;1
202400025851;155 736 211;7;0;2;4;1;1
202400025851;155 736 214;2;8;2;7;1;1
202400025852;155 736 209;7;0;2;6;9;1
202400025852;155 736 210;7;0;2;1;1;1
202400025853;155 736 207;7;0;2;5;15;1
202400025853;155 736 208;10;0;2;1;2;3
202400025854;155 736 206;7;4;0;2;1;1
202400025855;155 736 205;7;0;1;1;16;1
202400025856;155 736 204;33;2;0;1;2;1
202400025857;155 736 203;7;14;0;1;1;1
202400025858;155 736 200;7;0;9;3;15;1
202400025858;155 736 202;1;0;2;1;1;5
202400025859;155 736 196;7;0;2;4;2;1
202400025859;155 736 198;7;0;2;1;2;1
202400025859;155 736 199;7;0;2;4;2;1
202400025860;155 736 197;7;0;2;1;1;1
202400025860;155 736 201;17;0;2;1;1;1
202400025861;155 736 194;33;0;2;1;1;1
202400025861;155 736 195;7;0;2;3;19;1
202400025862;155 736 193;1;15;0;1;1;5
202400025863;155 736 192;33;0;0;7;15;1
202400025864;155 736 189;7;0;2;1;1;1
202400025864;155 736 190;7;0;2;4;2;2
202400025865;155 736 187;33;0;0;8;2;1
202400025866;155 736 188;33;0;2;1;2;1
202400025866;155 736 191;7;0;2;3;15;1
202400025867;155 736 186;7;0;1;3;7;1
202400025868;155 736 185;7;15;0;1;21;1
202400025869;155 736 181;1;0;2;1;1;5
202400025869;155 736 184;7;0;2;3;1;1
202400025870;155 736 180;10;0;2;6;14;1
202400025870;155 736 183;1;0;2;6;1;5
202400025871;155 736 179;7;0;2;0;9;1
202400025871;155 736 182;50;0;9;0;26;3
202400025872;155 736 178;33;15;0;1;1;1
202400025873;155 736 177;10;0;1;3;1;3
202400025874;155 736 172;7;0;9;2;26;1
202400025874;155 736 174;1;0;0;7;26;5
202400025875;155 736 171;7;0;2;4;2;1
202400025875;155 736 175;7;0;2;1;2;1
202400025875;155 736 176;7;0;2;4;2;1
202400025876;155 736 170;7;0;2;1;1;2
202400025876;155 736 173;1;0;2;1;13;5
202400025877;155 736 169;33;1;0;1;25;1
202400025878;155 736 166;33;2;0;1;0;1
202400025879;155 736 165;1;1;0;8;1;5
202400025879;155 736 168;7;0;0;8;22;3
202400025880;155 736 164;7;0;0;8;10;0
202400025880;155 736 167;14;0;2;1;2;0
202400025881;155 736 163;7;6;0;1;1;1
202400025882;155 736 161;10;0;2;3;10;1
202400025882;155 736 162;33;0;2;2;1;1
202400025883;155 736 159;7;6;0;2;1;1
202400025884;155 736 158;7;0;0;6;19;1
202400025884;155 736 160;33;0;2;1;1;1
202400025885;155 736 156;1;0;2;1;1;5
202400025885;155 736 157;1;0;2;1;5;5
202400025886;155 736 152;7;0;1;1;1;1
202400025887;155 736 150;10;0;2;4;2;1
202400025887;155 736 151;7;0;2;4;2;1
202400025887;155 736 154;7;0;2;4;2;1
202400025887;155 736 155;7;0;2;1;2;1
202400025888;155 736 149;1;0;2;8;1;5
202400025888;155 736 153;14;0;2;2;1;1
202400025889;155 736 143;7;0;2;4;9;1
202400025889;155 736 145;7;0;2;1;9;1
202400025889;155 736 147;7;0;2;1;9;1
202400025890;155 736 146;10;0;2;1;2;1
202400025890;155 736 148;7;0;2;4;1;1
202400025891;155 736 142;7;0;2;3;15;1
202400025891;155 736 144;1;0;2;1;2;5
202400025892;155 736 139;50;0;2;0;1;3
202400025892;155 736 140;7;0;9;0;1;0
202400025893;155 736 137;7;0;2;4;2;1
202400025893;155 736 138;7;0;2;1;2;1
202400025893;155 736 141;7;0;2;1;2;2
202400025894;155 736 136;2;0;2;1;13;3
202400025895;155 736 132;10;0;1;4;4;1
202400025896;155 736 133;7;0;2;1;1;1
202400025896;155 736 135;50;0;2;4;1;3
202400025897;155 736 131;10;0;2;1;1;0
202400025897;155 736 134;7;0;2;4;1;1
202400025898;155 736 130;7;3;0;1;9;1
202400025899;155 736 129;7;6;0;2;14;1
202400025900;155 736 126;7;0;2;1;1;1
202400025900;155 736 127;7;0;2;9;23;1
202400025900;155 736 128;15;0;0;4;23;1
202400025901;155 736 124;7;0;1;2;1;1
202400025902;155 736 122;7;0;2;4;2;1
202400025902;155 736 123;7;0;2;1;2;1
202400025902;155 736 125;7;0;2;4;2;1
202400025903;155 736 119;7;0;2;5;12;1
202400025903;155 736 121;33;0;2;8;3;1
202400025904;155 736 116;7;0;2;8;0;1
202400025904;155 736 120;7;1;2;2;0;1
202400025905;155 736 115;50;0;2;3;14;3
202400025905;155 736 118;10;0;9;3;1;1
202400025906;155 736 113;3;0;2;4;0;1
202400025906;155 736 114;7;0;2;1;2;1
202400025906;155 736 117;7;0;2;1;2;2
202400025907;155 736 110;34;1;0;1;1;3
202400025907;155 736 112;7;1;0;4;23;1
202400025908;155 736 108;7;0;2;2;15;1
202400025908;155 736 111;7;0;2;3;9;1
202400025909;155 736 106;7;0;2;4;2;1
202400025909;155 736 107;7;0;2;1;2;1
202400025909;155 736 109;7;0;2;4;2;1
202400025910;155 736 104;7;0;1;2;2;2
202400025911;155 736 100;7;0;2;1;2;1
202400025911;155 736 102;7;0;2;4;1;1
202400025912;155 736 101;7;0;2;4;1;1
202400025912;155 736 103;7;0;2;4;1;1
202400025912;155 736 105;7;0;2;1;1;1
202400025913;155 736 096;10;0;2;1;2;1
202400025913;155 736 098;7;1;0;4;1;2
202400025914;155 736 099;7;0;1;8;1;1
202400025915;155 736 095;7;0;2;3;26;1
202400025915;155 736 097;1;0;2;4;21;5
202400025916;155 736 091;10;0;2;6;2;1
202400025916;155 736 093;7;0;2;1;2;1
202400025916;155 736 094;33;0;2;1;3;1
202400025917;155 736 092;13;0;1;5;4;1
202400025918;155 736 090;7;0;0;9;1;1
202400025919;155 736 088;15;1;2;4;23;1
202400025919;155 736 089;7;0;2;1;0;1
202400025920;155 736 086;7;15;0;2;1;1
202400025921;155 736 085;50;0;2;1;1;3
202400025921;155 736 087;7;0;2;2;15;1
202400025922;155 736 084;7;4;0;1;1;1
202400025923;155 736 081;7;0;2;6;1;2
202400025923;155 736 082;33;0;2;1;26;1
202400025924;155 736 080;10;0;1;1;1;1
202400025925;155 736 079;7;0;9;2;1;0
202400025925;155 736 083;50;0;2;1;1;3
202400025926;155 736 078;33;0;0;1;18;1
202400025927;155 736 074;7;0;2;1;26;1
202400025927;155 736 076;7;0;2;4;1;1
202400025928;155 736 071;7;0;1;4;1;1
202400025929;155 736 072;7;0;2;2;1;1
202400025929;155 736 077;7;0;2;1;1;1
202400025930;155 736 067;10;0;2;1;1;1
202400025930;155 736 070;7;0;2;8;19;1
202400025931;155 736 066;7;0;1;0;26;0
202400025932;155 736 063;7;0;2;1;2;1
202400025932;155 736 069;7;0;2;1;2;1
202400025932;155 736 073;7;0;2;4;2;1
202400025932;155 736 075;7;0;2;1;2;2
202400025933;155 736 062;7;0;2;4;1;1
202400025933;155 736 065;7;0;2;6;9;1
202400025934;155 736 061;7;1;2;0;14;0
202400025934;155 736 064;32;1;0;8;19;0
202400025934;155 736 068;7;1;2;4;23;1
202400025935;155 736 059;33;0;2;1;21;1
202400025935;155 736 060;10;0;0;6;2;1
202400025936;155 736 056;10;0;2;2;1;1
202400025936;155 736 058;7;0;2;1;1;2
202400025937;155 736 054;7;0;2;8;2;1
202400025937;155 736 057;33;0;2;7;3;1
202400025938;155 736 052;7;0;2;0;11;1
202400025938;155 736 053;34;0;2;7;1;1
202400025939;155 736 051;7;0;2;4;2;1
202400025939;155 736 055;7;0;2;1;2;1
202400025940;155 736 049;3;0;1;7;14;0
202400025941;155 736 048;7;1;0;2;14;1
202400025941;155 736 050;7;0;0;1;24;1
202400025942;155 736 047;30;8;0;1;26;1
202400025943;155 736 046;7;1;1;4;4;2
202400025944;155 736 043;7;0;2;1;23;1
202400025944;155 736 045;7;0;-1;4;0;1
202400025945;155 736 041;10;0;0;0;0;1
202400025945;155 736 044;33;0;2;6;23;1
202400025946;155 736 038;7;13;2;4;1;1
202400025946;155 736 040;7;0;2;0;1;1
202400025947;155 736 036;7;0;2;1;2;1
202400025947;155 736 039;7;0;2;4;1;1
202400025948;155 736 033;7;0;2;4;20;1
202400025948;155 736 037;1;0;2;1;1;5
202400025949;155 736 032;7;0;2;4;23;1
202400025949;155 736 035;7;0;2;1;2;1
202400025950;155 736 031;7;0;2;1;1;1
202400025950;155 736 034;7;0;2;1;5;1
202400025951;155 736 029;7;0;2;2;26;2
202400025951;155 736 030;7;0;2;6;23;1
202400025952;155 736 025;33;0;0;8;13;1
202400025953;155 736 026;7;0;1;3;1;1
202400025954;155 736 024;7;0;2;1;1;1
202400025954;155 736 028;33;0;2;4;1;1
202400025955;155 736 023;33;0;0;1;1;1
202400025955;155 736 027;7;0;0;7;15;2
202400025956;155 736 018;7;0;1;2;15;1
202400025957;155 736 016;7;0;0;4;1;1
202400025957;155 736 020;7;0;2;1;2;0
202400025958;155 736 019;7;0;2;2;19;1
202400025958;155 736 022;2;0;2;1;1;1
202400025959;155 736 015;7;6;0;1;1;1
202400025960;155 736 017;7;0;2;1;1;1
202400025960;155 736 021;3;0;2;8;19;1
202400025961;155 736 009;7;0;2;2;17;1
202400025961;155 736 014;7;0;2;8;15;1
202400025962;155 736 005;30;0;2;1;15;1
202400025962;155 736 012;33;0;2;1;1;1
202400025963;155 736 007;7;0;2;2;1;2
202400025963;155 736 013;50;0;2;1;19;3
202400025964;155 736 006;7;0;2;2;13;1
202400025964;155 736 010;7;0;2;2;13;1
202400025965;155 736 004;10;0;2;7;12;1
202400025965;155 736 008;33;0;2;1;1;1
202400025965;155 736 011;7;0;2;6;1;1
202400025966;155 736 002;7;0;2;1;15;1
202400025966;155 736 003;10;0;2;1;15;1
202400025967;155 735 999;1;0;1;1;1;5
202400025968;155 736 001;7;0;1;2;1;1
202400025969;155 735 997;10;0;2;2;1;1
202400025969;155 736 000;10;0;2;8;26;1
202400025970;155 735 995;7;0;2;1;13;1
202400025970;155 735 998;7;0;2;1;1;1
202400025971;155 735 994;2;0;2;1;1;1
202400025971;155 735 996;10;0;2;7;15;1
202400025972;155 735 991;31;0;2;1;1;1
202400025972;155 735 993;7;0;2;8;15;2
202400025973;155 735 990;7;0;0;1;1;1
202400025974;155 735 989;32;0;0;1;0;1
202400025974;155 735 992;7;0;2;6;1;2
202400025975;155 735 987;7;0;2;1;13;1
202400025975;155 735 988;7;0;2;1;21;1
202400025976;155 735 985;10;15;0;1;1;1
202400025977;155 735 984;7;0;2;3;17;1
202400025977;155 735 986;7;0;2;8;16;1
202400025978;155 735 981;7;0;2;1;1;1
202400025978;155 735 983;7;0;2;3;26;1
202400025979;155 735 979;10;0;2;4;4;1
202400025979;155 735 982;33;0;0;1;23;1
202400025980;155 735 977;7;0;2;0;17;1
202400025980;155 735 980;2;0;2;1;1;1
202400025981;155 735 976;7;0;2;7;1;1
202400025981;155 735 978;7;0;2;1;1;1
202400025982;155 735 972;33;0;2;1;2;1
202400025982;155 735 974;33;0;2;4;2;1
202400025983;155 735 970;32;0;0;0;1;1
202400025984;155 735 966;7;0;9;7;1;0
202400025984;155 735 968;32;0;2;8;2;0
202400025985;155 735 967;7;0;1;1;1;1
202400025986;155 735 973;7;1;2;3;22;1
202400025986;155 735 975;1;1;0;3;17;5
202400025987;155 735 965;10;0;1;3;1;1
202400025988;155 735 963;7;1;1;1;17;1
202400025989;155 735 962;7;3;0;1;1;1
202400025989;155 735 964;7;0;0;4;1;1
202400025990;155 735 960;7;10;0;1;9;1
202400025991;155 735 959;10;0;1;2;1;1
202400025992;155 735 957;7;2;0;1;0;2
202400025993;155 735 956;7;0;2;3;1;1
202400025993;155 735 958;32;0;2;1;21;1
202400025994;155 735 951;1;0;2;7;2;5
202400025994;155 735 953;7;0;2;3;2;1
202400025995;155 735 961;2;0;0;8;15;1
202400025996;155 735 950;7;2;0;1;13;1
202400025996;155 735 954;10;0;0;1;0;1
202400025997;155 735 952;7;0;2;1;15;1
202400025997;155 735 955;32;0;2;3;1;1
202400025998;155 735 948;7;1;0;2;14;1
202400025999;155 735 946;7;0;2;2;13;1
202400025999;155 735 949;7;0;2;2;1;1
202400026000;155 735 945;7;0;1;1;8;1
202400026001;155 735 943;2;16;0;8;1;1
202400026002;155 735 941;7;8;0;5;1;1
202400026002;155 735 942;7;0;2;2;19;1
202400026003;155 735 938;7;0;2;1;2;1
202400026003;155 735 940;7;0;2;4;23;1
202400026003;155 735 947;2;0;2;1;2;3
202400026004;155 735 937;32;0;0;8;1;1
202400026004;155 735 939;7;0;2;8;17;1
202400026005;155 735 933;2;0;2;1;1;1
202400026005;155 735 936;7;0;2;3;15;1
202400026006;155 735 931;7;0;2;1;2;1
202400026006;155 735 934;7;0;2;4;2;1
202400026007;155 735 929;7;0;2;2;12;3
202400026007;155 735 935;31;0;2;3;1;1
202400026008;155 735 927;7;0;2;1;17;1
202400026008;155 735 928;7;0;2;1;1;1
202400026009;155 735 924;7;0;2;3;11;1
202400026009;155 735 925;50;0;2;1;1;3
202400026010;155 735 922;7;0;2;6;15;1
202400026010;155 735 926;33;0;2;1;17;1
202400026011;155 735 921;7;6;0;1;1;1
202400026012;155 735 919;1;0;0;1;1;5
202400026013;155 735 918;32;0;2;1;1;1
202400026013;155 735 920;10;0;2;6;1;1
202400026013;155 735 923;7;0;2;6;1;1
202400026014;155 735 915;1;0;2;1;2;5
202400026014;155 735 917;10;0;0;4;23;1
202400026015;155 735 914;7;0;2;1;17;1
202400026015;155 735 916;7;0;2;1;1;1
202400026016;155 735 912;7;12;0;3;13;1
202400026017;155 735 911;32;0;2;2;12;1
202400026017;155 735 913;31;0;2;8;3;1
202400026018;155 735 907;7;3;0;1;1;2
202400026019;155 735 908;7;0;1;2;1;1
202400026020;155 735 905;33;0;2;3;1;1
202400026020;155 735 906;17;0;2;5;12;0
202400026021;155 735 903;33;0;2;1;2;1
202400026021;155 735 904;7;0;0;4;2;1
202400026022;155 735 900;7;2;0;1;0;1
202400026023;155 735 901;7;0;2;6;0;3
202400026023;155 735 902;33;0;2;2;1;1
202400026024;155 735 898;7;2;0;2;2;1
202400026025;155 735 896;7;0;2;4;1;2
202400026025;155 735 897;7;0;2;4;1;1
202400026025;155 735 899;7;0;2;1;18;0
202400026026;155 735 893;7;0;1;1;1;1
202400026027;155 735 894;43;14;0;2;13;1
202400026028;155 735 891;33;0;1;2;1;0
202400026029;155 735 889;7;0;1;2;15;1
202400026030;155 735 886;3;0;2;1;15;1
202400026030;155 735 888;7;0;2;3;1;1
202400026031;155 735 883;7;0;2;1;1;3
202400026031;155 735 887;10;0;2;5;19;1
202400026031;155 735 890;7;0;2;1;19;6
202400026032;155 735 884;2;0;2;3;18;1
202400026032;155 735 885;7;0;2;5;1;3
202400026033;155 735 880;1;0;1;1;15;5
202400026034;155 735 881;1;0;0;1;1;5
202400026035;155 735 882;7;0;0;9;14;1
202400026036;155 735 878;7;0;2;4;1;2
202400026036;155 735 879;7;0;2;1;1;1
202400026037;155 735 877;30;0;0;0;1;3
202400026038;155 735 876;7;0;1;1;1;0
202400026039;155 735 874;7;3;0;3;21;1
202400026040;155 735 873;7;0;2;1;15;1
202400026040;155 735 875;7;0;2;1;1;4
202400026041;155 735 871;10;0;1;1;16;0
202400026042;155 735 869;7;11;2;7;15;1
202400026042;155 735 872;7;11;2;1;1;1
202400026043;155 735 867;7;0;2;1;1;1
202400026043;155 735 870;7;3;2;4;2;4
202400026044;155 735 866;10;0;2;2;17;1
202400026044;155 735 868;1;13;2;8;1;5
202400026045;155 735 862;7;16;0;0;26;1
202400026046;155 735 861;7;0;2;1;15;1
202400026046;155 735 864;30;0;2;7;26;1
202400026047;155 735 860;7;0;1;3;1;1
202400026048;155 735 863;30;0;2;7;17;1
202400026048;155 735 865;1;0;2;8;15;5
202400026049;155 735 857;7;0;1;1;2;1
202400026050;155 735 853;7;0;2;1;1;1
202400026050;155 735 858;7;0;2;3;15;1
202400026051;155 735 852;1;0;2;1;1;5
202400026051;155 735 855;10;0;2;8;22;1
202400026052;155 735 851;7;0;2;9;2;1
202400026052;155 735 854;7;0;2;3;2;1
202400026052;155 735 856;7;0;2;9;2;1
202400026052;155 735 859;7;0;2;4;2;1
202400026053;155 735 849;2;0;2;1;1;1
202400026053;155 735 850;7;0;2;8;10;1
202400026054;155 735 846;7;0;1;2;1;1
202400026055;155 735 843;2;0;2;1;1;1
202400026055;155 735 845;7;0;2;2;15;1
202400026056;155 735 840;50;14;0;1;26;3
202400026057;155 735 841;17;0;2;4;2;1
202400026057;155 735 844;17;0;2;1;2;1
202400026057;155 735 847;7;0;2;4;2;1
202400026058;155 735 842;7;0;2;2;15;1
202400026058;155 735 848;7;0;2;3;1;1
202400026059;155 735 838;33;13;2;7;19;1
202400026059;155 735 839;7;0;2;1;1;1
202400026060;155 735 835;7;0;1;3;1;3
202400026061;155 735 833;7;0;2;1;26;1
202400026061;155 735 837;7;0;2;2;12;1
202400026062;155 735 832;10;0;2;0;0;1
202400026062;155 735 834;7;0;2;0;1;0
202400026062;155 735 836;7;0;2;0;0;1
202400026063;155 735 829;10;0;2;1;15;0
202400026063;155 735 830;31;0;2;1;1;1
202400026064;155 735 828;7;0;2;7;1;1
202400026064;155 735 831;7;0;2;1;16;1
202400026065;155 735 825;14;0;2;2;12;1
202400026065;155 735 827;7;0;2;6;1;2
202400026066;155 735 826;7;0;1;2;1;1
202400026067;155 735 824;7;0;0;9;2;1
202400026068;155 735 823;7;0;1;2;1;1
202400026069;155 735 818;1;0;2;8;1;5
202400026069;155 735 821;10;0;2;7;14;3
202400026070;155 735 819;33;0;2;1;2;1
202400026070;155 735 822;10;0;2;5;1;1
202400026071;155 735 816;2;0;2;1;1;1
202400026071;155 735 817;2;0;2;1;1;1
202400026071;155 735 820;0;0;2;0;13;0
202400026072;155 735 811;50;0;2;1;26;3
202400026072;155 735 814;7;0;9;4;26;1
202400026073;155 735 809;7;0;2;1;2;1
202400026073;155 735 812;7;0;2;1;1;1
202400026073;155 735 813;7;0;2;4;0;1
202400026074;155 735 808;37;13;0;2;1;1
202400026075;155 735 805;7;1;1;1;1;1
202400026076;155 735 804;7;0;2;1;1;1
202400026076;155 735 807;7;0;2;4;1;1
202400026076;155 735 810;7;0;2;4;1;1
202400026076;155 735 815;7;0;2;1;1;1
202400026077;155 735 802;33;0;2;1;3;1
202400026077;155 735 806;10;0;2;5;11;1
202400026078;155 735 800;99;0;1;3;0;0
202400026079;155 735 801;7;0;2;3;15;1
202400026079;155 735 803;33;0;2;2;1;1
202400026080;155 735 797;7;17;0;2;1;2
202400026081;155 735 794;7;0;2;1;2;1
202400026081;155 735 798;7;9;2;4;2;1
202400026081;155 735 799;7;0;2;4;2;2
202400026082;155 735 792;17;0;0;4;1;1
202400026082;155 735 795;10;0;2;1;2;1
202400026083;155 735 790;10;0;2;4;26;1
202400026083;155 735 793;7;0;2;1;26;0
202400026083;155 735 796;50;0;2;8;23;3
202400026084;155 735 789;7;0;2;0;0;0
202400026084;155 735 791;32;0;2;0;0;1
202400026085;155 735 786;7;0;1;1;1;1
202400026086;155 735 785;50;14;1;7;26;3
202400026087;155 735 782;7;0;2;3;15;1
202400026087;155 735 783;33;0;2;3;1;1
202400026088;155 735 779;7;0;2;2;17;1
202400026088;155 735 781;1;0;2;8;1;5
202400026089;155 735 778;7;0;0;0;26;1
202400026090;155 735 776;7;0;9;6;2;1
202400026090;155 735 777;7;0;9;1;0;1
202400026090;155 735 780;33;0;2;9;18;1
202400026090;155 735 784;7;0;9;2;1;2
202400026091;155 735 773;10;0;2;4;4;1
202400026091;155 735 775;30;0;2;1;2;1
202400026092;155 735 771;7;0;2;1;5;1
202400026092;155 735 774;15;0;2;3;1;1
202400026093;155 735 769;14;0;0;0;23;1
202400026093;155 735 772;2;0;0;0;14;3
202400026094;155 735 767;33;9;0;2;2;0
202400026095;155 735 765;33;0;2;1;17;1
202400026095;155 735 768;7;0;2;3;10;1
202400026096;155 735 763;10;0;2;1;14;1
202400026096;155 735 766;7;0;2;4;23;1
202400026097;155 735 762;7;0;2;1;1;2
202400026097;155 735 764;7;0;2;3;1;2
202400026098;155 735 758;7;0;2;8;1;1
202400026098;155 735 761;7;0;2;3;17;1
202400026099;155 735 757;2;0;2;4;1;1
202400026099;155 735 760;2;0;2;1;1;1
202400026100;155 735 750;7;16;0;6;11;1
202400026100;155 735 754;2;0;2;7;1;1
202400026101;155 735 753;50;0;2;7;1;3
202400026101;155 735 755;10;0;2;1;9;1
202400026102;155 735 752;7;0;2;5;1;1
202400026102;155 735 756;7;3;2;1;18;1
202400026102;155 735 759;7;0;2;4;1;2
202400026103;155 735 749;30;0;2;8;15;3
202400026103;155 735 751;7;0;2;0;15;0
202400026104;155 735 746;30;0;2;1;1;1
202400026104;155 735 748;7;0;2;2;16;1
202400026105;155 735 743;50;0;2;1;17;3
202400026105;155 735 747;10;0;2;8;15;1
202400026106;155 735 741;15;0;2;2;12;1
202400026106;155 735 744;7;0;2;8;2;1
202400026107;155 735 740;7;0;2;1;13;1