Num_Acc;id_vehicule;catv;obs;obsm;choc;manv;motor
202400026822;155 734 497;1;0;1;1;1;5
202400026823;155 734 495;7;1;0;1;15;1
202400026823;155 734 496;33;1;0;7;1;1
202400026824;155 734 493;7;0;2;3;16;1
202400026824;155 734 494;33;0;2;1;1;1
202400026825;155 734 491;7;0;2;3;5;0
202400026825;155 734 492;7;0;2;3;5;1
202400026826;155 734 488;2;0;2;0;0;1
202400026826;155 734 490;7;0;2;0;0;1
202400026827;155 734 487;7;0;9;3;26;1
202400026827;155 734 489;1;0;2;7;17;5
202400026828;155 734 485;7;2;0;1;14;1
202400026829;155 734 483;7;2;0;3;13;1
202400026830;155 734 481;14;15;0;3;13;1
202400026831;155 734 480;7;0;2;7;19;2
202400026831;155 734 482;7;8;2;1;1;1
202400026832;155 734 478;7;0;2;3;5;1
202400026832;155 734 479;10;0;2;3;1;1
202400026833;155 734 476;2;0;2;1;2;1
202400026833;155 734 477;7;0;2;4;2;1
202400026834;155 734 475;7;0;1;2;2;1
202400026835;155 734 472;7;0;2;3;13;1
202400026835;155 734 473;7;0;2;3;1;1
202400026836;155 734 471;13;0;1;7;16;1
202400026837;155 734 468;1;15;2;1;1;5
202400026837;155 734 470;10;5;2;8;26;1
202400026838;155 734 467;7;0;2;8;15;1
202400026838;155 734 469;33;0;2;1;17;1
202400026839;155 734 466;7;12;0;1;14;1
202400026840;155 734 465;1;0;1;1;1;5
202400026841;155 734 462;7;0;2;4;2;1
202400026841;155 734 464;33;0;2;1;2;1
202400026842;155 734 461;1;0;2;7;1;5
202400026842;155 734 463;7;0;2;8;22;2
202400026843;155 734 460;7;13;0;9;14;1
202400026844;155 734 458;10;0;0;8;24;1
202400026844;155 734 459;1;1;0;1;1;5
202400026845;155 734 457;7;17;0;1;1;1
202400026846;155 734 456;7;0;2;3;2;1
202400026847;155 734 453;7;0;2;3;1;1
202400026847;155 734 455;7;0;2;3;13;1
202400026848;155 734 454;33;0;1;0;0;0
202400026849;155 734 450;7;0;2;3;2;1
202400026849;155 734 452;1;0;0;2;12;5
202400026850;155 734 449;30;0;2;1;1;1
202400026850;155 734 451;10;0;2;5;1;1
202400026851;155 734 448;7;14;0;1;1;1
202400026852;155 734 447;37;0;1;7;1;3
202400026853;155 734 445;33;0;2;3;13;1
202400026853;155 734 446;99;0;2;6;1;1
202400026854;155 734 444;33;0;2;2;1;1
202400026855;155 734 443;7;0;1;3;1;1
202400026856;155 734 442;50;0;0;0;1;3
202400026857;155 734 440;38;0;2;2;1;1
202400026857;155 734 441;2;0;2;8;19;1
202400026858;155 734 439;7;0;1;1;0;1
202400026859;155 734 438;7;7;0;1;1;1
202400026860;155 734 437;7;0;1;1;1;1
202400026861;155 734 434;10;0;2;3;1;1
202400026861;155 734 436;7;0;2;1;19;1
202400026862;155 734 433;99;2;2;8;2;1
202400026862;155 734 435;33;0;2;1;19;1
202400026863;155 734 432;2;17;0;2;1;1
202400026864;155 734 429;50;0;2;7;2;3
202400026864;155 734 431;7;0;2;1;9;1
202400026865;155 734 428;2;0;2;8;15;1
202400026865;155 734 430;7;0;2;2;1;2
202400026866;155 734 426;14;0;2;8;10;0
202400026866;155 734 427;7;0;0;0;0;1
202400026867;155 734 425;33;0;0;9;16;1
202400026868;155 734 424;34;0;1;1;1;1
202400026869;155 734 422;1;0;2;1;1;5
202400026869;155 734 423;1;0;0;4;1;5
202400026870;155 734 418;7;0;2;1;1;1
202400026870;155 734 421;7;0;2;7;15;1
202400026871;155 734 419;3;0;2;3;13;1
202400026871;155 734 420;7;0;2;3;21;1
202400026872;155 734 415;10;6;0;1;13;1
202400026873;155 734 416;33;0;-1;2;0;1
202400026873;155 734 417;50;0;2;3;0;3
202400026874;155 734 414;7;0;1;6;4;1
202400026875;155 734 412;30;0;2;6;21;1
202400026875;155 734 413;7;0;2;0;12;0
202400026876;155 734 410;7;0;1;1;17;0
202400026877;155 734 409;2;0;2;1;13;1
202400026877;155 734 411;7;0;2;1;15;1
202400026878;155 734 407;50;0;2;1;26;3
202400026878;155 734 408;7;0;2;2;23;0
202400026879;155 734 406;33;8;0;1;0;1
202400026880;155 734 405;1;8;0;8;25;5
202400026881;155 734 403;7;0;2;5;15;1
202400026881;155 734 404;7;0;2;2;1;1
202400026882;155 734 401;7;0;2;1;1;1
202400026882;155 734 402;7;0;2;5;15;1
202400026883;155 734 400;7;7;0;1;21;1
202400026884;155 734 397;7;1;0;3;26;1
202400026884;155 734 399;7;1;0;5;0;1
202400026885;155 734 396;7;0;2;1;0;1
202400026885;155 734 398;21;0;2;3;0;1
202400026886;155 734 393;34;13;0;1;1;1
202400026886;155 734 395;34;13;0;1;1;1
202400026887;155 734 392;30;0;2;2;11;1
202400026887;155 734 394;7;0;2;2;5;2
202400026888;155 734 389;33;0;2;8;16;1
202400026888;155 734 391;7;0;2;3;1;1
202400026889;155 734 388;7;0;2;1;2;1
202400026889;155 734 390;7;0;0;4;23;1
202400026890;155 734 385;7;0;2;4;2;1
202400026890;155 734 386;7;0;2;1;1;1
202400026891;155 734 384;10;0;2;3;1;1
202400026891;155 734 387;7;0;2;1;1;1
202400026892;155 734 382;50;0;2;8;26;3
202400026892;155 734 383;7;0;9;8;26;0
202400026893;155 734 381;2;13;0;1;1;1
202400026894;155 734 377;7;0;2;9;1;0
202400026894;155 734 379;7;0;2;4;0;0
202400026894;155 734 380;7;0;2;1;1;0
202400026895;155 734 376;17;0;2;8;1;1
202400026895;155 734 378;7;0;2;3;1;2
202400026896;155 734 373;7;0;2;3;1;1
202400026896;155 734 375;7;0;2;3;1;2
202400026897;155 734 372;10;0;2;3;1;0
202400026897;155 734 374;15;0;2;1;17;1
202400026898;155 734 367;7;0;2;2;19;1
202400026898;155 734 368;7;0;2;1;1;3
202400026898;155 734 371;7;0;2;8;23;1
202400026899;155 734 363;2;0;2;8;5;1
202400026899;155 734 365;2;0;2;8;13;1
202400026900;155 734 364;7;0;2;3;1;1
202400026900;155 734 366;7;0;2;1;1;1
202400026901;155 734 360;13;0;2;5;11;0
202400026901;155 734 362;33;12;2;3;1;1
202400026902;155 734 359;7;0;9;6;15;1
202400026902;155 734 361;1;0;2;2;15;5
202400026903;155 734 357;33;13;0;2;17;1
202400026904;155 734 356;7;0;0;6;1;1
202400026904;155 734 358;7;7;2;2;18;1
202400026905;155 734 355;7;0;1;2;1;1
202400026906;155 734 354;7;0;1;2;2;1
202400026907;155 734 352;2;0;9;1;13;1
202400026907;155 734 353;21;0;2;1;1;1
202400026908;155 734 350;7;0;2;1;1;1
202400026908;155 734 351;10;0;2;3;19;1
202400026909;155 734 347;7;0;1;2;15;1
202400026910;155 734 348;7;0;0;2;15;1
202400026910;155 734 349;33;0;0;1;1;1
202400026911;155 734 345;7;9;0;2;1;1
202400026912;155 734 344;80;0;2;4;26;3
202400026912;155 734 346;7;0;2;2;1;2
202400026913;155 734 343;7;13;0;2;0;1
202400026914;155 734 342;7;0;0;0;2;1
202400026915;155 734 338;7;0;2;3;15;1
202400026915;155 734 340;31;0;2;8;1;1
202400026916;155 734 339;7;0;2;3;15;1
202400026916;155 734 341;31;0;2;1;17;1
202400026917;155 734 337;7;8;0;8;1;1
202400026918;155 734 335;7;0;2;3;15;1
202400026918;155 734 336;33;0;2;1;17;1
202400026919;155 734 333;10;0;2;2;2;1
202400026919;155 734 334;80;0;2;4;2;3
202400026920;155 734 332;10;13;0;3;13;1
202400026921;155 734 331;21;13;0;2;1;1
202400026922;155 734 329;33;0;2;1;17;1
202400026922;155 734 330;7;0;2;1;15;3
202400026923;155 734 327;7;14;0;1;1;1
202400026924;155 734 326;7;0;2;5;1;2
202400026924;155 734 328;10;0;2;2;1;1
202400026925;155 734 325;33;0;0;9;1;1
202400026926;155 734 323;7;0;2;3;13;1
202400026926;155 734 324;7;0;2;3;13;1
202400026927;155 734 320;7;0;2;5;1;1
202400026927;155 734 322;32;0;2;1;9;1
202400026928;155 734 317;7;0;1;1;1;1
202400026929;155 734 315;7;0;2;1;13;1
202400026929;155 734 316;10;5;2;1;1;1
202400026929;155 734 318;7;3;2;6;1;1
202400026930;155 734 313;33;0;0;0;1;1
202400026931;155 734 312;7;0;2;3;5;1
202400026931;155 734 314;7;0;2;3;1;1
202400026932;155 734 311;1;13;0;1;1;5
202400026933;155 734 310;7;0;1;1;1;1
202400026934;155 734 307;7;0;0;4;15;1
202400026934;155 734 309;7;0;2;1;1;1
202400026935;155 734 306;7;0;2;2;2;1
202400026935;155 734 308;7;0;2;1;9;1
202400026936;155 734 305;10;0;1;2;1;1
202400026937;155 734 303;3;0;2;2;15;1
202400026937;155 734 304;15;0;2;3;1;1
202400026938;155 734 301;80;0;2;1;26;3
202400026938;155 734 302;33;0;2;1;1;1
202400026939;155 734 299;7;0;2;4;26;1
202400026939;155 734 300;7;0;2;3;26;1
202400026940;155 734 297;7;0;2;3;1;1
202400026940;155 734 298;7;0;2;1;1;1
202400026941;155 734 295;7;0;0;3;1;1
202400026941;155 734 296;7;0;2;1;1;1
202400026942;155 734 293;7;0;0;6;15;1
202400026942;155 734 294;7;0;2;1;17;3
202400026943;155 734 292;7;2;0;0;0;1
202400026944;155 734 290;7;0;2;1;2;1
202400026944;155 734 291;10;0;0;4;2;1
202400026945;155 734 288;7;0;2;1;17;1
202400026945;155 734 289;7;0;2;1;1;1
202400026946;155 734 287;7;0;1;3;1;1
202400026947;155 734 285;1;0;0;6;2;5
202400026947;155 734 286;7;0;9;2;2;1
202400026948;155 734 282;7;0;0;1;1;1
202400026948;155 734 284;7;0;0;1;13;1
202400026949;155 734 283;7;2;0;9;1;1
202400026950;155 734 278;7;0;2;7;12;1
202400026950;155 734 280;43;0;2;8;3;1
202400026951;155 734 275;34;0;2;8;3;1
202400026951;155 734 276;7;0;2;7;21;1
202400026952;155 734 274;10;3;0;1;1;1
202400026953;155 734 269;2;0;2;1;5;1
202400026953;155 734 271;7;0;2;3;1;1
202400026954;155 734 268;7;0;2;4;1;1
202400026954;155 734 270;16;0;2;3;1;1
202400026954;155 734 272;7;0;2;4;0;1
202400026954;155 734 273;7;0;2;5;9;2
202400026955;155 734 266;10;0;0;7;15;1
202400026955;155 734 267;33;0;2;1;1;1
202400026956;155 734 264;32;0;0;8;2;1
202400026956;155 734 265;7;0;0;0;11;1
202400026957;155 734 263;7;0;1;1;1;1
202400026958;155 734 261;7;0;2;7;12;1
202400026958;155 734 262;7;0;2;3;11;1
202400026959;155 734 259;13;0;2;1;1;0
202400026959;155 734 260;10;0;2;1;1;1
202400026960;155 734 257;7;0;2;4;2;1
202400026960;155 734 258;7;0;2;1;2;1
202400026961;155 734 255;7;0;2;1;13;1
202400026961;155 734 256;7;0;2;1;0;2
202400026962;155 734 253;33;0;2;3;3;1
202400026962;155 734 254;7;0;2;5;1;1
202400026963;155 734 251;7;0;2;2;15;1
202400026963;155 734 252;34;0;2;1;1;1
202400026964;155 734 249;7;0;2;2;1;1
202400026964;155 734 250;37;0;2;6;23;1
202400026965;155 734 247;15;0;1;2;1;1
202400026966;155 734 244;33;0;2;1;3;1
202400026966;155 734 245;7;0;2;4;1;1
202400026966;155 734 246;33;0;2;4;3;1
202400026966;155 734 248;33;14;0;0;3;1
202400026967;155 734 240;7;0;2;3;13;1
202400026967;155 734 242;7;0;2;6;1;1
202400026967;155 734 243;7;0;2;3;1;1
202400026968;155 734 237;7;9;2;1;1;1
202400026968;155 734 238;7;0;2;1;1;2
202400026969;155 734 239;7;0;2;7;1;1
202400026969;155 734 241;33;0;2;8;3;1
202400026970;155 734 234;10;0;2;4;23;1
202400026970;155 734 235;10;0;2;4;23;1
202400026970;155 734 236;7;1;0;1;0;2
202400026971;155 734 233;7;0;1;1;1;1
202400026972;155 734 231;7;0;2;1;2;1
202400026972;155 734 232;7;0;2;4;23;2
202400026973;155 734 229;1;0;9;4;2;5
202400026973;155 734 230;1;0;9;1;2;5
202400026974;155 734 227;7;0;2;1;2;0
202400026974;155 734 228;7;0;2;4;1;0
202400026975;155 734 225;7;9;0;1;2;1
202400026976;155 734 224;7;13;2;1;0;3
202400026976;155 734 226;7;0;2;8;9;1
202400026977;155 734 222;33;0;2;1;3;1
202400026977;155 734 223;7;0;2;5;1;1
202400026978;155 734 221;33;0;5;1;1;1
202400026979;155 734 220;33;0;2;8;1;0
202400026980;155 734 218;7;0;2;7;14;6
202400026980;155 734 219;43;0;2;8;1;1
202400026981;155 734 216;7;0;2;8;11;1
202400026981;155 734 217;34;0;2;2;1;1
202400026982;155 734 214;32;0;2;1;3;1
202400026982;155 734 215;15;0;2;6;12;1
202400026983;155 734 213;33;0;0;2;9;1
202400026984;155 734 209;17;0;2;2;12;1
202400026984;155 734 211;7;0;2;6;1;1
202400026985;155 734 208;7;0;2;2;3;1
202400026985;155 734 210;7;0;2;5;2;2
202400026985;155 734 212;7;0;2;9;0;1
202400026986;155 734 206;7;0;2;4;1;1
202400026986;155 734 207;7;0;2;1;2;2
202400026987;155 734 204;31;0;2;1;3;1
202400026987;155 734 205;10;0;2;5;12;1
202400026988;155 734 202;7;0;2;1;19;1
202400026988;155 734 203;7;0;2;8;1;1
202400026989;155 734 198;7;0;0;4;1;1
202400026989;155 734 200;7;14;2;2;1;1
202400026989;155 734 201;7;0;2;1;1;1
202400026990;155 734 196;33;0;2;8;21;1
202400026990;155 734 197;7;0;2;5;1;1
202400026990;155 734 199;7;0;2;4;1;1
202400026991;155 734 193;7;0;2;0;19;0
202400026991;155 734 195;1;0;2;0;0;5
202400026992;155 734 191;7;0;2;4;2;1
202400026992;155 734 192;10;0;2;4;2;1
202400026992;155 734 194;31;0;2;1;21;1
202400026993;155 734 186;7;0;2;7;13;1
202400026993;155 734 188;7;0;2;8;1;1
202400026993;155 734 190;10;0;2;3;1;1
202400026994;155 734 184;15;0;2;1;2;1
202400026994;155 734 185;15;0;2;4;2;1
202400026994;155 734 187;15;0;2;1;2;1
202400026994;155 734 189;13;0;2;1;2;1
202400026995;155 734 181;7;0;2;3;15;1
202400026995;155 734 183;32;0;2;1;17;1
202400026996;155 734 178;2;0;0;0;1;1
202400026997;155 734 176;10;0;2;6;1;1
202400026997;155 734 177;10;0;2;5;1;1
202400026997;155 734 179;7;0;2;8;1;1
202400026997;155 734 180;33;0;2;7;3;1
202400026997;155 734 182;33;0;2;7;11;3
202400026998;155 734 174;7;8;0;0;0;1
202400026999;155 734 173;7;0;2;3;13;1
202400026999;155 734 175;7;0;2;6;1;3
202400027000;155 734 172;7;0;1;2;1;1
202400027001;155 734 171;7;0;0;9;1;1
202400027002;155 734 169;3;0;2;0;0;1
202400027002;155 734 170;1;0;2;0;0;5
202400027003;155 734 168;7;0;1;3;1;2
202400027004;155 734 165;10;0;2;2;1;1
202400027004;155 734 167;7;0;2;7;9;1
202400027005;155 734 164;50;0;2;1;1;3
202400027005;155 734 166;7;0;0;8;15;2
202400027006;155 734 163;7;0;1;1;1;1
202400027007;155 734 160;7;0;2;3;11;1
202400027007;155 734 162;33;0;2;1;1;1
202400027008;155 734 159;7;0;9;2;15;1
202400027008;155 734 161;1;0;2;1;1;5
202400027009;155 734 157;7;0;1;1;1;1
202400027010;155 734 156;10;0;2;6;15;1
202400027010;155 734 158;2;0;2;1;3;1
202400027011;155 734 154;1;0;2;1;1;5
202400027011;155 734 155;1;0;2;1;13;5
202400027012;155 734 153;7;12;1;3;15;1
202400027013;155 734 152;7;0;0;9;0;1
202400027014;155 734 149;33;0;2;2;0;1
202400027014;155 734 150;7;0;9;3;0;2
202400027014;155 734 151;7;0;2;3;0;1
202400027015;155 734 147;1;0;0;7;1;5
202400027015;155 734 148;7;0;9;2;16;1
202400027016;155 734 146;7;6;0;1;1;2
202400027017;155 734 145;80;0;0;0;1;3
202400027018;155 734 143;7;0;2;4;11;1
202400027018;155 734 144;7;0;2;1;1;1
202400027019;155 734 141;7;0;2;1;0;1
202400027019;155 734 142;50;0;2;8;19;3
202400027020;155 734 140;7;1;0;2;0;1
202400027021;155 734 138;7;0;2;3;1;1
202400027021;155 734 139;7;0;2;3;1;0
202400027022;155 734 137;7;3;0;2;2;1
202400027023;155 734 136;7;2;0;8;16;1
202400027024;155 734 134;7;0;2;2;1;1
202400027024;155 734 135;43;0;2;6;13;1
202400027025;155 734 133;31;0;2;0;1;1
202400027026;155 734 130;7;0;2;6;1;1
202400027026;155 734 131;7;0;2;1;19;1
202400027026;155 734 132;7;0;2;4;23;1
202400027027;155 734 128;30;0;2;8;1;1
202400027027;155 734 129;10;0;2;4;1;1
202400027028;155 734 127;10;0;1;3;15;0
202400027029;155 734 125;10;0;2;1;2;1
202400027029;155 734 126;7;0;2;4;2;1
202400027030;155 734 124;7;0;0;3;1;1
202400027031;155 734 123;7;4;0;1;2;1
202400027032;155 734 122;2;0;2;1;1;3
202400027033;155 734 121;7;8;0;3;13;3
202400027034;155 734 119;7;0;2;1;13;1
202400027034;155 734 120;7;0;2;3;1;1
202400027035;155 734 117;43;0;2;1;1;1
202400027035;155 734 118;7;0;2;4;1;1
202400027036;155 734 115;33;0;2;7;14;1
202400027036;155 734 116;7;0;2;3;1;1
202400027037;155 734 114;7;0;1;3;1;1
202400027038;155 734 112;7;0;2;3;15;1
202400027038;155 734 113;2;0;2;1;1;1
202400027039;155 734 110;10;0;2;4;16;1
202400027039;155 734 111;7;0;2;1;16;1
202400027040;155 734 108;15;0;2;1;1;1
202400027040;155 734 109;7;0;2;8;15;1
202400027041;155 734 106;10;0;2;7;1;1
202400027041;155 734 107;50;0;2;8;1;3
202400027042;155 734 104;50;0;2;1;1;3
202400027042;155 734 105;7;0;2;3;16;1
202400027043;155 734 102;32;1;9;1;13;1
202400027043;155 734 103;1;0;2;3;2;5
202400027044;155 734 100;7;0;2;3;26;1
202400027044;155 734 101;50;0;2;1;1;3
202400027045;155 734 098;7;0;2;2;26;1
202400027045;155 734 099;32;0;2;1;1;1
202400027046;155 734 094;50;0;9;0;0;3
202400027047;155 734 093;14;0;1;4;4;1
202400027048;155 734 091;33;0;2;1;1;1
202400027048;155 734 092;10;0;2;7;15;1
202400027049;155 734 090;7;0;1;3;1;1
202400027050;155 734 088;2;0;2;1;1;1
202400027050;155 734 089;7;0;2;3;10;1
202400027051;155 734 086;7;0;2;8;15;1
202400027051;155 734 087;33;0;2;3;17;1
202400027052;155 734 085;50;0;0;0;0;3
202400027053;155 734 082;7;0;2;3;9;1
202400027053;155 734 084;1;0;2;7;1;5
202400027054;155 734 081;32;0;2;3;15;1
202400027054;155 734 083;7;0;2;3;1;3
202400027055;155 734 080;7;0;1;1;15;1
202400027056;155 734 078;7;0;2;1;1;1
202400027056;155 734 079;30;0;2;8;13;1
202400027057;155 734 076;7;0;2;1;2;1
202400027057;155 734 077;7;0;2;4;23;1
202400027058;155 734 074;7;0;2;1;1;1
202400027058;155 734 075;7;0;2;7;1;1
202400027059;155 734 072;10;0;2;3;0;0
202400027059;155 734 073;50;0;2;2;0;3
202400027060;155 734 071;7;0;1;3;0;3
202400027061;155 734 070;1;0;0;7;1;5
202400027062;155 734 069;7;2;0;3;19;2
202400027063;155 734 067;2;0;2;8;21;3
202400027063;155 734 068;7;0;2;0;9;2
202400027064;155 734 063;7;0;2;7;15;1
202400027064;155 734 065;2;0;2;1;1;1
202400027065;155 734 064;7;0;2;4;1;1
202400027065;155 734 066;7;0;2;1;1;1
202400027066;155 734 059;7;0;2;4;1;1
202400027066;155 734 060;7;0;2;4;1;1
202400027066;155 734 062;7;0;2;1;1;1
202400027067;155 734 058;1;0;2;1;1;5
202400027067;155 734 061;0;0;2;3;16;0
202400027068;155 734 057;50;0;1;1;26;3
202400027069;155 734 055;7;0;1;1;26;1
202400027070;155 734 054;7;0;2;7;0;1
202400027070;155 734 056;33;0;2;0;1;1
202400027071;155 734 052;7;0;2;3;15;1
202400027071;155 734 053;1;0;2;3;1;5
202400027072;155 734 051;7;0;1;8;1;1
202400027073;155 734 049;7;0;2;1;13;1
202400027073;155 734 050;7;0;2;3;1;1
202400027074;155 734 046;7;0;2;3;5;1
202400027074;155 734 047;7;0;2;1;1;1
202400027075;155 734 045;7;0;2;2;21;1
202400027075;155 734 048;1;0;2;8;1;5
202400027076;155 734 042;7;0;0;1;1;1
202400027076;155 734 044;7;0;0;3;9;1
202400027077;155 734 041;2;0;2;2;26;3
202400027077;155 734 043;7;0;2;3;9;1
202400027078;155 734 040;7;11;0;1;1;1
202400027079;155 734 039;7;8;0;9;1;1
202400027080;155 734 038;30;0;0;8;1;1
202400027081;155 734 034;7;0;2;1;1;1
202400027081;155 734 035;7;0;2;9;1;1
202400027081;155 734 037;7;0;2;9;6;1
202400027082;155 734 031;7;0;2;1;2;1
202400027082;155 734 033;7;0;2;4;2;1
202400027082;155 734 036;7;0;2;4;2;1
202400027083;155 734 030;80;0;2;1;13;3
202400027083;155 734 032;7;1;2;1;26;1
202400027084;155 734 027;7;0;2;1;16;1
202400027084;155 734 029;7;0;2;4;16;1
202400027085;155 734 026;33;0;2;1;1;1
202400027085;155 734 028;7;0;2;2;15;1
202400027086;155 734 024;31;0;2;1;17;1
202400027086;155 734 025;7;0;2;6;15;1
202400027087;155 734 022;1;0;2;7;0;5
202400027087;155 734 023;7;0;9;1;0;0
202400027088;155 734 020;7;0;2;1;1;1
202400027088;155 734 021;50;0;2;4;0;3
202400027089;155 734 018;10;0;2;1;2;1
202400027089;155 734 019;7;0;2;4;1;1
202400027090;155 734 016;1;0;2;4;2;5
202400027090;155 734 017;3;0;2;1;2;1
202400027091;155 734 015;1;0;0;0;0;5
202400027092;155 734 014;2;0;1;1;1;1
202400027093;155 734 012;30;0;2;1;1;1
202400027093;155 734 013;10;0;2;7;1;1
202400027094;155 734 011;7;0;1;2;1;1
202400027095;155 734 010;50;0;1;1;1;3
202400027096;155 734 008;7;0;2;1;1;0
202400027096;155 734 009;7;0;2;4;1;1
202400027097;155 734 006;50;1;0;1;14;3
202400027097;155 734 007;7;0;2;4;26;1
202400027098;155 734 005;30;0;0;3;1;1
202400027099;155 734 002;7;6;0;1;1;0
202400027100;155 733 999;33;4;0;7;14;1
202400027101;155 733 997;7;0;2;1;13;1
202400027101;155 733 998;7;0;2;1;1;1
202400027102;155 733 992;7;4;2;1;1;1
202400027102;155 733 994;7;4;2;7;1;1
202400027102;155 733 996;7;0;2;1;26;0
202400027103;155 733 988;33;0;2;1;12;1
202400027103;155 733 989;7;0;2;2;12;1
202400027104;155 733 981;7;0;2;4;2;1
202400027104;155 733 984;10;0;2;4;2;1
202400027104;155 733 986;10;0;2;1;2;1
202400027105;155 733 982;7;0;2;1;2;1
202400027105;155 733 983;10;0;2;4;23;1
202400027105;155 733 985;7;0;2;4;23;1
202400027106;155 733 980;7;15;0;9;1;1
202400027107;155 733 977;7;0;2;7;1;1
202400027107;155 733 978;50;0;2;1;25;3
202400027108;155 733 979;10;0;1;1;16;3
202400027109;155 733 974;7;0;2;1;17;1
202400027109;155 733 976;7;0;2;3;15;1
202400027110;155 733 975;7;0;1;6;1;1
202400027111;155 733 971;7;0;1;2;1;1
202400027112;155 733 966;7;0;2;2;13;1
202400027112;155 733 968;7;0;2;2;1;1
202400027113;155 733 967;7;0;1;8;1;0
202400027114;155 733 962;1;0;2;3;1;5
202400027114;155 733 964;7;0;2;2;1;1
202400027115;155 733 961;7;0;2;3;1;1
202400027115;155 733 963;7;0;2;3;1;1
202400027116;155 733 958;31;0;2;8;18;1
202400027116;155 733 960;7;0;2;7;16;1
202400027117;155 733 954;33;0;2;1;17;1
202400027117;155 733 955;10;0;2;3;13;1
202400027118;155 733 952;30;0;2;1;1;1
202400027118;155 733 953;7;0;2;1;1;1
202400027119;155 733 951;30;0;9;1;18;1
202400027120;155 733 949;10;0;2;1;15;1
202400027120;155 733 950;34;0;2;1;1;1
202400027121;155 733 948;80;14;1;3;26;3
202400027122;155 733 946;7;0;2;8;15;1
202400027122;155 733 947;33;0;2;1;1;1
202400027123;155 733 943;2;0;2;1;1;3
202400027123;155 733 945;10;0;2;5;1;1
202400027124;155 733 940;7;0;2;2;16;1
202400027124;155 733 942;7;0;2;1;1;1
202400027125;155 733 939;80;1;0;1;1;3
202400027125;155 733 941;7;0;2;3;22;1
202400027126;155 733 936;7;0;2;8;1;1
202400027126;155 733 937;7;0;2;1;1;1
202400027127;155 733 935;50;12;2;1;1;3
202400027127;155 733 938;7;0;2;3;1;1
202400027128;155 733 934;7;0;1;1;0;1
202400027129;155 733 932;7;0;2;8;0;1
202400027129;155 733 933;50;0;2;8;0;3
202400027130;155 733 930;10;0;2;3;1;1
202400027130;155 733 931;7;0;2;7;9;1
202400027131;155 733 929;7;15;0;2;2;2
202400027132;155 733 925;34;0;2;1;1;1
202400027132;155 733 927;7;0;2;1;9;1
202400027133;155 733 924;2;0;2;0;0;1
202400027133;155 733 926;7;0;2;0;0;1
202400027134;155 733 922;33;0;2;3;17;1
202400027134;155 733 923;7;0;9;2;9;1
202400027135;155 733 919;7;3;0;2;1;1
202400027136;155 733 920;10;0;2;0;0;1
202400027136;155 733 921;50;0;2;0;14;3
202400027137;155 733 918;50;12;0;2;14;3
202400027138;155 733 916;7;0;1;7;1;1
202400027139;155 733 914;10;0;2;1;19;1
202400027139;155 733 917;33;0;2;8;1;1
202400027140;155 733 913;2;0;2;1;26;3
202400027140;155 733 915;7;0;2;2;0;1
202400027141;155 733 912;7;0;1;1;19;1
202400027142;155 733 910;2;0;2;1;1;1
202400027142;155 733 911;7;0;2;2;15;1
202400027143;155 733 907;31;0;1;7;1;1
202400027144;155 733 908;7;1;0;6;15;1
202400027144;155 733 909;7;1;0;2;2;1
202400027145;155 733 906;7;0;1;1;26;1
202400027146;155 733 904;31;0;0;0;0;0
202400027146;155 733 905;10;0;2;0;0;1
202400027147;155 733 902;32;0;2;1;2;1
202400027147;155 733 903;7;0;2;3;15;1
202400027148;155 733 901;30;0;1;5;26;3
202400027149;155 733 899;32;0;2;1;1;1
202400027149;155 733 900;7;0;2;3;9;1
202400027150;155 733 897;33;0;2;2;11;1
202400027150;155 733 898;10;0;2;2;1;3
202400027151;155 733 896;7;3;1;1;1;1
202400027152;155 733 894;34;0;2;1;26;1
202400027152;155 733 895;7;0;2;7;15;1
202400027153;155 733 892;32;0;2;1;3;1
202400027153;155 733 893;7;0;2;5;2;1
202400027154;155 733 890;37;0;0;0;1;2
202400027155;155 733 889;7;0;2;3;2;1
202400027155;155 733 891;32;0;2;1;17;1
202400027156;155 733 888;7;4;0;1;20;1
202400027157;155 733 885;7;0;2;2;17;1
202400027157;155 733 887;7;0;2;3;1;1
202400027158;155 733 884;7;0;2;6;20;1
202400027158;155 733 886;30;0;2;1;2;1
202400027159;155 733 881;7;0;1;2;16;1
202400027160;155 733 879;10;0;2;4;2;0
202400027160;155 733 880;10;0;2;1;2;1
202400027160;155 733 882;10;0;2;4;2;1
202400027160;155 733 883;7;0;2;4;2;1
202400027161;155 733 877;7;0;1;1;16;2
202400027162;155 733 876;2;1;0;2;1;3
202400027162;155 733 878;7;0;2;8;22;1
202400027163;155 733 875;7;1;1;4;0;1
202400027164;155 733 871;2;0;2;7;2;3
202400027164;155 733 873;7;0;2;8;2;1
202400027165;155 733 872;2;0;2;7;1;1
202400027165;155 733 874;7;0;2;1;1;1
202400027166;155 733 869;33;3;2;0;0;1
202400027166;155 733 870;7;0;2;2;1;1
202400027167;155 733 867;33;8;0;0;2;1
202400027168;155 733 866;7;0;2;3;13;1
202400027168;155 733 868;10;0;2;3;1;1
202400027169;155 733 864;50;0;2;0;1;3
202400027169;155 733 865;7;0;0;0;0;0