Num_Acc;id_vehicule;catv;obs;obsm;choc;manv;motor
202400028247;155 732 008;33;0;2;8;1;1
202400028247;155 732 009;7;0;2;3;1;1
202400028248;155 732 007;2;8;0;1;1;1
202400028249;155 732 006;33;0;0;0;0;1
202400028250;155 732 005;7;6;0;9;0;1
202400028251;155 732 003;7;8;0;9;21;1
202400028252;155 732 002;7;0;2;1;1;1
202400028252;155 732 004;7;0;2;1;13;1
202400028253;155 732 000;14;17;0;2;1;1
202400028254;155 731 998;7;3;2;3;16;1
202400028254;155 732 001;15;0;0;5;0;1
202400028255;155 731 997;7;0;2;5;0;1
202400028255;155 731 999;33;0;2;2;1;1
202400028256;155 731 994;2;0;2;1;17;1
202400028256;155 731 995;21;0;0;3;15;1
202400028257;155 731 991;31;0;2;5;15;1
202400028257;155 731 993;7;0;2;1;9;1
202400028258;155 731 990;7;0;9;1;21;1
202400028258;155 731 992;33;16;0;9;1;1
202400028259;155 731 989;7;6;0;2;1;1
202400028260;155 731 988;7;8;0;1;1;3
202400028261;155 731 987;2;4;0;1;13;1
202400028262;155 731 984;7;0;2;2;1;1
202400028262;155 731 986;7;4;0;6;1;2
202400028263;155 731 982;3;0;2;6;1;3
202400028263;155 731 985;7;0;2;2;15;2
202400028264;155 731 979;7;3;0;1;1;1
202400028265;155 731 980;7;0;2;3;13;1
202400028265;155 731 981;7;0;2;3;1;1
202400028266;155 731 977;33;0;2;1;1;1
202400028266;155 731 978;7;0;2;5;19;1
202400028267;155 731 974;31;0;2;1;1;1
202400028267;155 731 976;7;0;0;6;10;1
202400028268;155 731 973;7;0;2;2;1;1
202400028268;155 731 975;7;0;2;2;9;1
202400028269;155 731 969;1;0;0;5;12;5
202400028269;155 731 972;1;0;0;1;2;5
202400028270;155 731 968;38;0;0;3;24;1
202400028270;155 731 970;38;1;1;5;15;1
202400028271;155 731 967;7;0;9;1;2;1
202400028271;155 731 971;7;0;2;4;2;1
202400028272;155 731 966;7;3;0;3;21;1
202400028273;155 731 965;2;0;0;0;1;1
202400028274;155 731 963;10;0;2;2;2;1
202400028274;155 731 964;33;0;2;4;11;1
202400028275;155 731 961;7;2;0;8;14;1
202400028276;155 731 960;7;0;0;9;1;1
202400028277;155 731 957;7;0;2;4;0;1
202400028277;155 731 959;7;0;2;3;1;1
202400028278;155 731 956;31;0;2;1;1;1
202400028278;155 731 958;7;0;0;6;19;1
202400028279;155 731 955;33;0;0;8;1;1
202400028280;155 731 953;7;0;1;1;1;1
202400028281;155 731 952;7;4;0;0;0;1
202400028282;155 731 951;10;0;2;3;24;1
202400028282;155 731 954;21;1;0;1;14;1
202400028283;155 731 948;10;0;2;3;1;1
202400028283;155 731 950;7;0;2;3;0;1
202400028284;155 731 949;7;4;0;3;26;1
202400028285;155 731 947;10;0;1;1;1;1
202400028286;155 731 945;7;4;0;2;1;1
202400028287;155 731 944;7;0;2;8;11;1
202400028287;155 731 946;7;0;2;7;1;1
202400028288;155 731 940;7;16;0;1;1;1
202400028288;155 731 943;7;13;0;3;1;1
202400028289;155 731 937;13;9;2;4;1;1
202400028289;155 731 939;10;0;2;1;1;1
202400028289;155 731 942;33;0;2;3;1;1
202400028290;155 731 936;7;0;2;5;2;1
202400028290;155 731 938;7;0;2;1;2;1
202400028290;155 731 941;7;0;2;7;2;1
202400028291;155 731 934;10;0;2;3;3;1
202400028291;155 731 935;7;0;2;3;1;1
202400028292;155 731 928;33;0;2;4;1;1
202400028292;155 731 931;7;0;2;1;2;1
202400028293;155 731 930;33;2;0;1;26;1
202400028294;155 731 929;10;0;2;5;1;1
202400028294;155 731 932;43;0;2;1;3;1
202400028295;155 731 926;2;0;0;0;1;1
202400028296;155 731 924;33;0;2;3;21;1
202400028296;155 731 925;7;0;2;5;1;2
202400028297;155 731 923;2;0;2;1;15;1
202400028297;155 731 927;7;0;2;7;1;0
202400028298;155 731 922;7;1;0;1;0;1
202400028299;155 731 921;2;5;0;2;1;1
202400028300;155 731 919;7;0;2;1;19;1
202400028300;155 731 920;60;0;2;7;19;5
202400028301;155 731 918;33;0;0;8;1;1
202400028302;155 731 915;7;0;9;2;1;1
202400028302;155 731 916;50;0;2;1;19;3
202400028303;155 731 914;1;0;2;1;1;5
202400028303;155 731 917;7;0;2;3;1;1
202400028304;155 731 913;32;0;0;7;1;1
202400028305;155 731 911;7;2;0;1;1;1
202400028306;155 731 910;7;0;2;4;19;1
202400028306;155 731 912;7;0;2;1;19;1
202400028307;155 731 908;99;0;2;6;26;6
202400028307;155 731 909;99;0;5;3;1;1
202400028308;155 731 905;1;0;2;1;2;5
202400028308;155 731 906;7;0;9;1;15;1
202400028309;155 731 904;7;0;2;6;1;1
202400028309;155 731 907;7;0;2;1;1;1
202400028310;155 731 900;33;0;2;1;1;1
202400028310;155 731 903;7;0;2;8;9;1
202400028311;155 731 899;7;0;2;1;15;1
202400028311;155 731 902;1;0;2;1;5;5
202400028312;155 731 896;10;0;2;1;2;1
202400028312;155 731 898;3;0;2;4;2;1
202400028313;155 731 897;32;12;0;1;13;1
202400028314;155 731 893;7;0;2;3;9;1
202400028314;155 731 895;7;0;2;1;1;1
202400028315;155 731 892;7;8;0;1;1;1
202400028316;155 731 891;7;0;2;1;1;2
202400028316;155 731 894;7;0;2;3;1;1
202400028317;155 731 889;7;4;0;1;1;1
202400028318;155 731 888;7;0;2;3;2;1
202400028318;155 731 890;34;0;2;2;17;1
202400028319;155 731 886;33;0;0;2;1;1
202400028319;155 731 887;7;1;0;2;11;1
202400028320;155 731 885;7;13;0;0;14;1
202400028321;155 731 883;7;0;2;1;15;1
202400028321;155 731 884;32;0;2;1;1;1
202400028322;155 731 879;7;0;2;1;2;1
202400028322;155 731 881;7;0;0;4;1;1
202400028323;155 731 878;7;8;0;1;5;1
202400028324;155 731 874;7;0;2;1;13;1
202400028324;155 731 876;7;0;2;1;0;1
202400028325;155 731 875;7;0;2;6;9;1
202400028325;155 731 877;32;0;2;0;2;1
202400028326;155 731 872;7;9;2;1;1;1
202400028326;155 731 873;0;9;0;0;0;0
202400028327;155 731 871;38;0;0;7;1;1
202400028328;155 731 870;7;0;1;1;1;1
202400028329;155 731 866;50;0;2;0;0;3
202400028329;155 731 869;10;0;2;2;0;0
202400028330;155 731 865;10;0;2;3;6;1
202400028330;155 731 868;13;0;2;3;1;1
202400028331;155 731 862;7;0;2;2;15;1
202400028331;155 731 864;33;0;2;1;1;1
202400028332;155 731 863;7;1;0;3;15;1
202400028332;155 731 867;33;0;0;1;1;1
202400028333;155 731 861;7;0;1;2;1;1
202400028334;155 731 858;50;0;0;0;1;3
202400028335;155 731 859;7;0;0;1;1;0
202400028336;155 731 857;33;2;9;0;16;1
202400028337;155 731 855;7;2;0;9;14;1
202400028338;155 731 856;50;0;1;1;1;3
202400028339;155 731 851;7;0;1;1;1;1
202400028340;155 731 850;7;0;2;1;1;1
202400028340;155 731 853;33;0;2;1;1;0
202400028340;155 731 854;33;0;2;1;1;0
202400028341;155 731 849;7;0;2;1;19;1
202400028341;155 731 852;7;0;2;7;1;1
202400028342;155 731 847;30;1;0;1;13;1
202400028343;155 731 845;7;0;2;7;1;1
202400028343;155 731 848;33;0;2;3;15;1
202400028344;155 731 844;7;0;2;3;19;1
202400028344;155 731 846;1;0;2;1;1;5
202400028345;155 731 842;33;13;0;1;0;1
202400028346;155 731 843;7;0;1;1;1;1
202400028347;155 731 839;7;0;0;4;2;1
202400028347;155 731 840;7;0;2;1;2;1
202400028348;155 731 838;31;0;2;1;17;1
202400028348;155 731 841;10;0;2;3;15;1
202400028349;155 731 834;2;0;2;1;1;1
202400028349;155 731 836;7;0;2;5;1;1
202400028350;155 731 835;33;0;2;2;17;1
202400028350;155 731 837;30;0;2;0;15;0
202400028351;155 731 832;7;0;2;1;2;1
202400028351;155 731 833;7;0;2;4;1;3
202400028352;155 731 830;7;0;2;1;1;1
202400028352;155 731 831;7;0;2;1;1;1
202400028353;155 731 826;7;0;2;0;12;1
202400028353;155 731 828;43;0;2;0;1;1
202400028354;155 731 824;7;0;2;3;15;1
202400028354;155 731 825;30;0;2;1;1;1
202400028355;155 731 823;7;0;2;6;2;1
202400028355;155 731 827;7;0;2;1;2;1
202400028355;155 731 829;7;0;2;2;2;1
202400028356;155 731 821;2;0;2;1;2;3
202400028356;155 731 822;10;0;2;8;13;1
202400028357;155 731 819;7;2;0;1;13;1
202400028358;155 731 818;7;0;2;4;2;1
202400028358;155 731 820;30;0;2;1;2;1
202400028359;155 731 815;33;0;2;2;15;1
202400028359;155 731 817;7;0;2;6;0;1
202400028360;155 731 813;7;0;2;8;9;1
202400028360;155 731 814;33;0;2;1;1;1
202400028361;155 731 812;7;0;9;7;2;1
202400028361;155 731 816;1;0;2;1;2;5
202400028362;155 731 810;7;0;2;3;15;1
202400028362;155 731 811;7;0;2;1;1;1
202400028363;155 731 806;7;0;2;0;0;1
202400028363;155 731 808;7;0;2;1;1;1
202400028364;155 731 807;7;0;2;3;15;1
202400028364;155 731 809;31;0;2;1;1;1
202400028365;155 731 805;33;9;0;1;16;1
202400028366;155 731 803;33;0;2;0;0;1
202400028366;155 731 804;7;0;2;0;0;1
202400028367;155 731 800;7;0;2;1;1;1
202400028367;155 731 802;7;0;2;2;1;2
202400028368;155 731 801;30;0;0;8;1;1
202400028369;155 731 798;30;0;2;2;26;1
202400028369;155 731 799;37;0;9;2;1;2
202400028370;155 731 794;37;0;2;7;16;3
202400028370;155 731 795;1;0;2;1;1;5
202400028371;155 731 792;7;0;2;1;1;4
202400028371;155 731 796;15;0;2;2;19;1
202400028372;155 731 793;7;0;2;2;15;1
202400028372;155 731 797;50;0;2;1;1;3
202400028373;155 731 790;7;0;2;3;20;1
202400028373;155 731 791;50;0;2;2;1;3
202400028374;155 731 789;7;13;0;3;1;1
202400028375;155 731 788;1;0;0;1;26;5
202400028376;155 731 787;7;6;0;0;1;1
202400028377;155 731 786;7;13;0;1;1;1
202400028378;155 731 785;7;0;1;0;9;1
202400028379;155 731 782;7;8;0;3;2;2
202400028379;155 731 784;7;0;0;1;2;2
202400028380;155 731 780;7;0;2;1;1;1
202400028380;155 731 781;7;0;2;4;23;1
202400028380;155 731 783;7;0;2;4;23;2
202400028381;155 731 778;7;4;0;3;21;1
202400028382;155 731 777;2;0;2;8;0;1
202400028382;155 731 779;7;0;2;0;1;1
202400028383;155 731 775;80;0;2;8;19;3
202400028383;155 731 776;7;0;2;1;1;1
202400028384;155 731 773;31;0;2;3;1;1
202400028384;155 731 774;7;0;2;3;15;1
202400028385;155 731 771;7;0;2;8;15;1
202400028385;155 731 772;31;0;2;2;17;1
202400028386;155 731 768;7;0;2;3;1;1
202400028386;155 731 769;14;0;2;3;1;1
202400028386;155 731 770;7;0;2;1;5;1
202400028387;155 731 766;14;0;2;1;1;1
202400028387;155 731 767;7;0;1;4;1;1
202400028388;155 731 765;7;0;1;2;1;1
202400028389;155 731 763;2;0;2;5;1;1
202400028389;155 731 764;7;0;2;1;9;1
202400028390;155 731 761;7;0;2;1;1;1
202400028390;155 731 762;7;0;2;4;1;1
202400028391;155 731 759;7;0;2;1;1;1
202400028391;155 731 760;7;0;2;1;13;1
202400028392;155 731 758;7;0;1;3;15;2
202400028393;155 731 755;7;0;2;3;19;6
202400028393;155 731 756;7;0;2;2;19;6
202400028394;155 731 753;1;0;2;1;1;5
202400028394;155 731 754;50;0;2;1;1;3
202400028395;155 731 752;7;15;0;1;1;1
202400028396;155 731 751;10;0;1;4;4;1
202400028397;155 731 749;10;0;2;8;9;1
202400028397;155 731 750;80;0;2;7;12;3
202400028398;155 731 748;50;12;0;0;1;3
202400028399;155 731 746;7;0;2;7;1;1
202400028399;155 731 747;7;0;2;1;1;1
202400028400;155 731 744;1;0;2;1;1;5
202400028400;155 731 745;7;0;2;7;15;1
202400028401;155 731 743;7;2;0;1;1;1
202400028402;155 731 742;7;0;1;1;1;1
202400028403;155 731 740;50;0;2;1;1;3
202400028403;155 731 741;10;0;9;5;5;1
202400028404;155 731 739;7;0;1;1;0;1
202400028405;155 731 738;7;0;1;2;1;1
202400028406;155 731 736;33;4;2;1;2;1
202400028406;155 731 737;7;4;2;4;2;1
202400028407;155 731 734;10;0;1;1;1;1
202400028408;155 731 733;7;0;2;2;15;1
202400028408;155 731 735;1;0;2;8;2;5
202400028409;155 731 731;7;0;2;4;2;1
202400028409;155 731 732;7;0;2;1;2;1
202400028410;155 731 729;7;0;2;3;0;1
202400028410;155 731 730;50;0;2;1;5;3
202400028411;155 731 726;7;0;0;1;2;1
202400028411;155 731 727;7;0;2;4;23;1
202400028411;155 731 728;7;0;2;4;23;1
202400028412;155 731 724;7;0;1;0;1;1
202400028413;155 731 723;7;0;2;2;16;1
202400028413;155 731 725;50;0;2;0;0;3
202400028414;155 731 722;7;8;0;2;1;1
202400028415;155 731 720;7;0;2;1;1;1
202400028415;155 731 721;7;0;0;0;0;1
202400028416;155 731 719;7;0;1;1;15;1
202400028417;155 731 718;32;0;6;1;1;1
202400028418;155 731 717;1;0;0;1;1;5
202400028419;155 731 716;7;0;1;1;1;1
202400028420;155 731 715;1;0;1;2;21;5
202400028421;155 731 712;1;0;2;7;1;5
202400028421;155 731 713;7;0;2;3;16;1
202400028422;155 731 710;33;0;2;7;16;3
202400028422;155 731 711;1;0;2;1;25;5
202400028423;155 731 708;50;0;4;1;1;3
202400028423;155 731 709;40;0;2;7;1;3
202400028424;155 731 704;7;0;2;2;2;1
202400028424;155 731 705;1;0;2;6;13;5
202400028425;155 731 702;7;0;0;6;23;1
202400028425;155 731 703;7;0;2;8;0;1
202400028425;155 731 706;10;0;2;3;1;1
202400028425;155 731 707;7;0;2;4;2;1
202400028426;155 731 700;32;0;2;3;1;1
202400028426;155 731 701;7;0;2;3;14;1
202400028427;155 731 697;30;0;2;1;17;1
202400028427;155 731 698;7;0;2;6;15;1
202400028428;155 731 696;1;0;2;7;1;5
202400028428;155 731 699;10;0;2;3;16;1
202400028429;155 731 694;38;0;2;2;1;1
202400028429;155 731 695;14;0;2;3;1;1
202400028430;155 731 691;7;3;0;8;1;1
202400028430;155 731 692;7;0;2;3;13;1
202400028431;155 731 688;15;0;2;6;1;1
202400028431;155 731 689;7;1;0;1;2;1
202400028431;155 731 690;7;0;2;1;0;1
202400028432;155 731 687;1;8;0;0;25;5
202400028432;155 731 693;37;0;0;0;0;1
202400028433;155 731 685;33;0;2;1;1;1
202400028433;155 731 686;7;0;0;4;1;1
202400028434;155 731 682;7;0;0;9;1;1
202400028435;155 731 683;1;0;2;4;13;5
202400028435;155 731 684;34;2;2;4;17;1
202400028436;155 731 680;16;0;2;1;26;0
202400028436;155 731 681;1;0;2;7;1;5
202400028437;155 731 679;7;13;0;1;13;1
202400028438;155 731 677;21;0;0;1;1;1
202400028438;155 731 678;33;0;0;0;1;1
202400028439;155 731 675;7;0;2;3;13;1
202400028439;155 731 676;7;0;2;3;1;1
202400028440;155 731 673;1;0;2;8;19;5
202400028440;155 731 674;10;0;2;4;4;1
202400028441;155 731 671;80;0;0;4;1;3
202400028441;155 731 672;7;0;2;2;1;1
202400028442;155 731 670;7;0;1;2;1;1
202400028443;155 731 668;7;0;2;1;15;1
202400028443;155 731 669;7;0;2;1;1;1
202400028444;155 731 667;7;13;0;7;1;1
202400028445;155 731 666;7;6;0;1;1;1
202400028446;155 731 665;35;0;0;8;10;1
202400028447;155 731 663;7;3;2;7;2;1
202400028447;155 731 664;7;3;2;8;18;1
202400028448;155 731 661;7;0;2;1;13;1
202400028448;155 731 662;15;0;2;1;1;1
202400028449;155 731 660;7;5;0;2;1;1
202400028450;155 731 658;14;0;0;3;21;0
202400028450;155 731 659;7;0;0;3;5;1
202400028451;155 731 656;7;0;2;2;1;1
202400028451;155 731 657;1;0;2;3;15;5
202400028452;155 731 653;7;6;2;3;5;1
202400028452;155 731 654;7;0;2;3;1;1
202400028452;155 731 655;7;0;2;1;1;1
202400028453;155 731 651;33;0;2;1;1;1
202400028453;155 731 652;7;0;2;1;15;1
202400028454;155 731 649;1;0;2;1;1;5
202400028454;155 731 650;10;0;2;3;1;1
202400028455;155 731 647;7;15;0;4;23;1
202400028455;155 731 648;10;3;2;1;17;1
202400028456;155 731 646;33;0;0;9;26;1
202400028457;155 731 644;10;0;0;6;1;1
202400028457;155 731 645;7;0;2;1;12;1
202400028458;155 731 643;7;0;1;3;20;1
202400028459;155 731 641;10;0;2;1;1;1
202400028459;155 731 642;10;0;0;4;23;1
202400028460;155 731 637;7;0;2;4;1;1
202400028460;155 731 638;7;0;2;1;1;1
202400028460;155 731 639;7;0;2;4;23;1
202400028460;155 731 640;7;0;2;4;23;1
202400028461;155 731 635;33;0;2;1;2;1
202400028461;155 731 636;7;0;2;4;2;1
202400028462;155 731 634;7;0;1;1;2;1
202400028463;155 731 633;7;0;1;1;1;1
202400028464;155 731 625;7;0;2;1;2;1
202400028464;155 731 626;7;0;2;1;2;1
202400028464;155 731 627;7;0;2;3;21;1
202400028464;155 731 628;7;0;2;4;2;1
202400028464;155 731 629;7;0;2;4;23;1
202400028464;155 731 630;7;0;2;4;23;1
202400028464;155 731 631;7;0;2;4;2;3
202400028464;155 731 632;7;0;2;1;2;1
202400028465;155 731 623;7;0;2;4;0;1
202400028465;155 731 624;33;0;2;1;0;1
202400028466;155 731 622;7;0;0;9;0;1
202400028467;155 731 621;7;0;0;0;1;1
202400028468;155 731 619;7;0;2;3;11;1
202400028468;155 731 620;33;0;2;8;3;1
202400028469;155 731 618;7;0;0;4;1;1
202400028470;155 731 616;7;0;2;1;1;1
202400028470;155 731 617;7;0;2;4;1;3
202400028471;155 731 615;7;4;0;2;1;1
202400028472;155 731 614;7;1;0;2;1;1
202400028473;155 731 612;7;0;2;1;1;1
202400028473;155 731 613;7;0;2;4;2;1
202400028474;155 731 610;10;0;2;4;2;1
202400028474;155 731 611;7;0;2;1;2;1
202400028475;155 731 608;14;0;2;1;2;1
202400028475;155 731 609;14;0;2;4;2;1
202400028476;155 731 607;7;4;0;1;1;1
202400028477;155 731 606;7;3;0;1;1;1
202400028478;155 731 604;7;0;2;8;24;1
202400028478;155 731 605;1;0;0;0;0;5
202400028479;155 731 602;30;0;2;1;2;1
202400028479;155 731 603;10;0;2;4;2;3
202400028480;155 731 600;43;0;2;1;17;0
202400028480;155 731 601;10;0;2;3;10;0
202400028481;155 731 598;7;0;9;1;0;1
202400028481;155 731 599;50;0;2;7;1;3
202400028482;155 731 596;7;0;2;1;13;1
202400028482;155 731 597;7;0;1;1;1;1
202400028483;155 731 595;33;4;0;0;15;1
202400028484;155 731 593;10;0;2;1;9;0
202400028484;155 731 594;50;0;2;1;9;3
202400028485;155 731 592;50;1;0;1;1;3
202400028486;155 731 591;7;6;0;1;1;1
202400028487;155 731 590;33;12;0;1;1;1
202400028488;155 731 589;7;12;0;3;1;1
202400028489;155 731 588;7;15;1;7;0;0
202400028490;155 731 585;7;0;2;1;26;0
202400028490;155 731 586;7;0;2;0;0;0
202400028490;155 731 587;7;0;2;0;0;0
202400028491;155 731 584;7;1;0;2;14;1
202400028492;155 731 582;7;0;9;8;26;1
202400028492;155 731 583;50;0;2;1;26;3
202400028493;155 731 580;7;0;2;7;15;1
202400028493;155 731 581;33;0;0;0;0;0
202400028494;155 731 578;7;0;2;3;1;1
202400028494;155 731 579;7;0;2;3;13;1
202400028495;155 731 576;7;0;2;8;15;1
202400028495;155 731 577;7;0;2;1;1;1
202400028496;155 731 574;10;0;2;1;1;1
202400028496;155 731 575;1;0;2;1;1;5
202400028497;155 731 570;7;0;1;1;1;1
202400028498;155 731 568;31;1;2;8;21;1
202400028498;155 731 569;7;0;2;3;13;1
202400028499;155 731 566;10;0;2;2;0;0
202400028499;155 731 567;10;0;2;3;1;0
202400028500;155 731 564;10;0;2;2;1;1
202400028500;155 731 565;7;0;2;1;1;1
202400028501;155 731 562;30;0;2;1;1;1
202400028501;155 731 563;7;0;2;3;15;1
202400028502;155 731 561;99;6;0;1;13;1
202400028503;155 731 559;7;0;2;3;11;1
202400028503;155 731 560;33;0;2;7;3;1
202400028504;155 731 558;7;0;0;2;1;0
202400028505;155 731 555;7;3;2;3;2;1
202400028505;155 731 556;7;0;2;2;1;1
202400028505;155 731 557;7;0;2;1;21;1
202400028506;155 731 554;7;0;1;1;1;1
202400028507;155 731 552;7;0;9;1;16;1
202400028507;155 731 553;80;0;2;1;1;3
202400028508;155 731 550;7;0;2;1;2;1
202400028508;155 731 551;7;0;2;4;2;3
202400028509;155 731 549;1;0;1;1;1;5
202400028510;155 731 548;7;4;0;3;1;1
202400028511;155 731 547;7;6;0;1;1;1
202400028512;155 731 545;7;0;2;3;1;1
202400028512;155 731 546;7;0;2;2;15;1
202400028513;155 731 543;2;0;2;1;1;1
202400028513;155 731 544;10;0;2;4;23;1
202400028514;155 731 541;7;0;2;8;15;1
202400028514;155 731 542;30;0;2;2;15;1
202400028515;155 731 540;30;0;0;0;1;1
202400028516;155 731 538;7;0;2;5;15;1
202400028516;155 731 539;7;0;2;3;1;1
202400028517;155 731 537;2;16;0;0;1;1
202400028518;155 731 535;7;14;0;1;2;1
202400028518;155 731 536;7;0;0;4;23;1
202400028519;155 731 532;32;0;2;1;19;1
202400028519;155 731 533;32;0;2;7;1;1
202400028520;155 731 530;7;0;2;0;15;1
202400028520;155 731 531;33;0;2;0;1;0
202400028521;155 731 529;7;0;1;1;19;1
202400028522;155 731 527;7;0;2;5;12;2
202400028522;155 731 528;7;0;2;3;1;1
202400028523;155 731 526;1;0;1;1;1;5
202400028524;155 731 524;1;0;2;5;20;5
202400028524;155 731 525;10;0;2;2;1;3
202400028525;155 731 523;34;0;1;1;1;3
202400028526;155 731 522;32;0;1;1;1;0
202400028527;155 731 521;7;0;1;3;2;2
202400028528;155 731 519;34;0;2;7;1;1
202400028528;155 731 520;1;0;2;1;19;5
202400028529;155 731 518;7;0;1;2;1;2
202400028530;155 731 517;7;0;1;1;15;1
202400028531;155 731 515;1;0;2;6;15;5
202400028531;155 731 516;7;0;2;6;15;1
202400028532;155 731 514;7;1;0;2;14;1
202400028533;155 731 512;2;0;2;6;18;1
202400028533;155 731 513;7;0;2;2;1;2
202400028534;155 731 510;7;0;0;3;24;1
202400028534;155 731 511;1;1;0;3;19;5
202400028535;155 731 508;1;0;2;1;13;5
202400028535;155 731 509;10;1;0;3;24;1
202400028536;155 731 507;34;1;0;1;1;1
202400028537;155 731 506;7;0;1;1;15;1
202400028538;155 731 504;2;0;2;7;12;1
202400028538;155 731 505;7;0;2;8;1;1
202400028539;155 731 503;34;0;0;3;16;0
202400028540;155 731 501;7;1;0;4;2;1
202400028540;155 731 502;7;0;2;4;23;2
202400028541;155 731 500;30;14;0;0;1;1
202400028542;155 731 499;7;0;1;1;26;2
202400028543;155 731 497;7;0;2;1;1;1
202400028543;155 731 498;7;0;2;8;1;1
202400028544;155 731 495;33;1;2;4;1;1
202400028544;155 731 496;37;0;2;5;1;1
202400028545;155 731 493;2;0;2;1;1;0
202400028545;155 731 494;7;0;2;3;9;0
202400028546;155 731 492;1;16;0;1;1;5
202400028547;155 731 491;1;2;0;1;2;5
202400028548;155 731 489;10;16;0;6;23;1
202400028548;155 731 490;7;1;0;1;1;1
202400028549;155 731 486;7;0;2;1;2;1
202400028549;155 731 487;7;0;2;4;2;1
202400028549;155 731 488;7;0;2;4;2;1
202400028550;155 731 485;3;0;1;2;10;1
202400028551;155 731 483;17;0;2;1;1;1
202400028551;155 731 484;7;0;2;5;19;1
202400028552;155 731 482;7;2;0;3;13;1
202400028553;155 731 481;7;2;0;7;0;1
202400028554;155 731 480;7;6;0;3;1;1
202400028555;155 731 478;1;0;2;4;2;5
202400028555;155 731 479;7;0;2;3;9;1
202400028556;155 731 477;34;16;0;0;0;1
202400028557;155 731 476;31;12;0;1;1;1
202400028558;155 731 475;7;0;1;2;16;1
202400028559;155 731 473;7;0;2;1;13;1
202400028559;155 731 474;7;0;2;1;1;1
202400028560;155 731 472;7;0;1;1;1;1
202400028561;155 731 470;7;0;2;1;2;1
202400028561;155 731 471;2;0;2;4;2;1
202400028562;155 731 468;14;0;2;3;10;1
202400028562;155 731 469;2;0;2;1;1;1
202400028563;155 731 466;10;0;2;3;1;1
202400028563;155 731 467;7;0;2;3;17;1
202400028564;155 731 464;7;0;2;2;1;1
202400028564;155 731 465;1;0;2;3;11;5
202400028565;155 731 463;7;6;0;0;1;1
202400028566;155 731 462;7;2;0;1;1;1
202400028567;155 731 461;7;13;0;1;1;1
202400028568;155 731 460;7;2;0;3;0;2
202400028569;155 731 458;10;0;2;2;0;1
202400028569;155 731 459;2;0;2;1;26;1
202400028570;155 731 456;7;1;2;2;15;1
202400028570;155 731 457;7;0;2;1;21;1
202400028571;155 731 454;7;0;2;3;1;1
202400028571;155 731 455;7;0;2;3;1;1
202400028572;155 731 451;2;0;2;3;1;1
202400028572;155 731 452;2;0;2;2;17;1
202400028572;155 731 453;7;0;2;3;1;1
202400028573;155 731 449;7;0;2;2;15;1
202400028573;155 731 450;2;0;2;1;1;1
202400028574;155 731 448;7;2;0;1;13;1
202400028575;155 731 447;2;0;0;7;1;1
202400028576;155 731 445;7;0;2;1;1;1
202400028576;155 731 446;7;0;2;1;1;1
202400028577;155 731 444;7;1;1;3;5;1
202400028578;155 731 443;33;0;6;1;1;1
202400028579;155 731 441;10;0;2;6;1;1
202400028579;155 731 442;7;0;2;3;17;3
202400028580;155 731 440;7;2;0;2;14;1
202400028581;155 731 437;7;0;2;2;6;1
202400028581;155 731 438;7;0;2;1;1;1
202400028581;155 731 439;7;0;2;1;1;2
202400028582;155 731 436;33;0;0;0;1;1
202400028583;155 731 434;7;0;2;1;1;1
202400028583;155 731 435;1;0;0;4;1;5
202400028584;155 731 432;7;0;2;3;1;1
202400028584;155 731 433;10;0;2;1;9;1
202400028585;155 731 430;7;13;0;7;1;1
202400028585;155 731 431;7;0;0;1;1;1
202400028586;155 731 429;7;2;0;1;0;1
202400028587;155 731 428;2;0;0;0;2;1
202400028588;155 731 426;7;0;2;3;5;1
202400028588;155 731 427;7;0;2;3;1;1
202400028589;155 731 425;7;0;0;2;1;1
202400028590;155 731 424;7;2;0;1;1;1
202400028591;155 731 423;7;2;0;1;17;1
202400028592;155 731 421;7;0;2;1;1;1
202400028592;155 731 422;7;0;2;2;15;1
202400028593;155 731 420;50;0;0;0;0;3
202400028594;155 731 419;21;0;0;0;0;0
202400028595;155 731 418;7;13;0;1;13;1
202400028596;155 731 417;7;8;0;2;14;1
202400028597;155 731 415;7;0;2;5;1;1
202400028597;155 731 416;10;0;2;1;1;1
202400028598;155 731 413;99;0;2;3;21;1
202400028598;155 731 414;7;13;2;3;13;1
202400028599;155 731 412;7;13;0;1;14;1
202400028600;155 731 411;7;16;0;1;1;0
202400028601;155 731 409;7;13;0;1;12;1
202400028601;155 731 410;7;13;0;1;1;1
202400028602;155 731 407;7;0;2;0;9;1
202400028602;155 731 408;2;0;2;1;1;3
202400028603;155 731 405;7;0;2;1;5;1
202400028603;155 731 406;7;0;2;1;21;1
202400028604;155 731 404;7;3;0;3;1;1
202400028605;155 731 400;7;0;2;1;1;3
202400028605;155 731 401;7;0;2;4;1;2
202400028605;155 731 402;7;0;2;1;1;1
202400028605;155 731 403;7;3;0;1;1;2
202400028606;155 731 399;7;2;0;1;13;1
202400028607;155 731 398;2;6;0;1;1;1
202400028608;155 731 397;10;0;1;2;1;1
202400028609;155 731 395;7;0;2;8;11;1
202400028609;155 731 396;33;0;2;7;17;1
202400028610;155 731 392;7;0;2;2;17;1
202400028610;155 731 393;7;0;2;1;1;1