Num_Acc;id_vehicule;catv;obs;obsm;choc;manv;motor
202400030019;155 728 905;7;0;2;3;1;1
202400030020;155 728 901;7;0;2;8;15;1
202400030020;155 728 904;7;0;2;8;15;1
202400030021;155 728 900;7;0;2;8;26;1
202400030021;155 728 902;7;0;2;1;17;1
202400030021;155 728 906;10;0;2;8;1;1
202400030022;155 728 896;7;0;2;3;13;1
202400030022;155 728 898;7;0;2;3;1;1
202400030023;155 728 894;7;0;2;0;15;1
202400030023;155 728 897;1;0;0;8;0;5
202400030024;155 728 899;7;2;0;2;0;1
202400030025;155 728 893;33;0;2;1;1;1
202400030025;155 728 895;10;0;2;1;15;1
202400030026;155 728 891;7;0;1;2;1;1
202400030027;155 728 889;7;2;0;1;13;1
202400030028;155 728 892;31;8;0;1;1;1
202400030029;155 728 888;7;0;0;7;15;3
202400030029;155 728 890;33;0;2;1;1;1
202400030030;155 728 886;7;0;2;5;11;1
202400030030;155 728 887;33;0;2;1;1;1
202400030031;155 728 882;10;0;2;8;1;1
202400030031;155 728 885;33;0;2;1;13;1
202400030032;155 728 883;10;0;2;3;13;1
202400030032;155 728 884;7;0;2;3;1;1
202400030033;155 728 880;33;0;2;1;1;1
202400030033;155 728 881;7;0;2;1;21;1
202400030034;155 728 879;1;0;0;1;21;5
202400030035;155 728 875;7;2;0;1;13;1
202400030036;155 728 876;2;0;2;1;0;1
202400030036;155 728 878;21;0;2;3;0;1
202400030037;155 728 874;7;0;2;8;2;1
202400030037;155 728 877;7;9;2;1;5;1
202400030038;155 728 872;1;0;0;8;1;5
202400030039;155 728 868;7;0;2;1;17;1
202400030039;155 728 870;7;0;2;1;1;1
202400030040;155 728 869;1;0;2;1;1;5
202400030040;155 728 871;10;0;2;3;1;1
202400030041;155 728 866;7;0;2;3;13;1
202400030041;155 728 867;7;0;2;3;2;1
202400030042;155 728 864;7;15;0;1;6;1
202400030043;155 728 862;7;0;2;2;17;1
202400030043;155 728 865;10;0;0;0;1;1
202400030044;155 728 860;33;0;2;1;1;1
202400030044;155 728 863;7;0;0;6;26;1
202400030045;155 728 861;7;0;1;1;1;1
202400030046;155 728 858;33;0;2;1;1;1
202400030046;155 728 859;33;0;2;7;15;1
202400030047;155 728 855;7;0;0;8;15;1
202400030047;155 728 857;33;0;2;1;1;1
202400030048;155 728 856;7;8;0;1;1;1
202400030049;155 728 849;7;0;2;1;0;2
202400030049;155 728 852;7;0;2;1;17;1
202400030050;155 728 848;7;0;2;2;16;1
202400030050;155 728 850;1;0;2;1;5;5
202400030051;155 728 847;7;0;2;0;0;1
202400030051;155 728 851;15;0;2;2;1;4
202400030052;155 728 845;2;14;0;1;1;1
202400030053;155 728 844;7;0;2;3;1;1
202400030053;155 728 846;7;0;2;2;1;1
202400030054;155 728 842;7;0;2;2;2;1
202400030054;155 728 843;7;0;2;8;2;1
202400030055;155 728 839;1;0;0;8;6;5
202400030055;155 728 840;7;0;2;3;1;1
202400030056;155 728 838;31;0;2;8;1;1
202400030056;155 728 841;10;0;0;8;19;1
202400030057;155 728 836;2;2;0;0;21;1
202400030058;155 728 834;10;0;2;1;1;1
202400030058;155 728 837;7;0;2;8;15;1
202400030059;155 728 832;17;16;0;9;1;1
202400030060;155 728 831;7;0;2;3;1;1
202400030060;155 728 833;2;0;2;1;17;1
202400030060;155 728 835;7;0;2;1;26;1
202400030061;155 728 827;7;13;2;1;5;1
202400030061;155 728 829;7;13;2;1;1;1
202400030062;155 728 826;7;4;0;2;9;1
202400030063;155 728 824;2;0;0;7;15;1
202400030064;155 728 825;7;0;0;1;1;1
202400030065;155 728 823;31;0;5;1;1;1
202400030066;155 728 822;50;13;0;3;1;3
202400030067;155 728 820;7;0;0;9;1;1
202400030068;155 728 821;7;3;0;1;14;1
202400030069;155 728 817;7;0;2;1;2;1
202400030069;155 728 819;1;0;2;4;2;5
202400030070;155 728 815;7;0;2;4;1;1
202400030070;155 728 818;7;0;2;2;21;1
202400030071;155 728 814;7;6;0;3;5;1
202400030072;155 728 813;7;0;2;2;1;1
202400030072;155 728 816;7;0;2;1;1;1
202400030073;155 728 811;34;0;2;1;2;1
202400030073;155 728 812;10;0;2;4;2;1
202400030074;155 728 810;10;8;0;1;13;1
202400030075;155 728 807;7;2;0;1;1;1
202400030076;155 728 804;7;0;2;7;17;1
202400030076;155 728 805;1;14;2;7;21;5
202400030076;155 728 806;7;0;2;1;1;1
202400030077;155 728 803;99;8;0;1;16;5
202400030078;155 728 800;7;13;0;1;1;1
202400030079;155 728 801;10;0;2;1;13;1
202400030079;155 728 802;33;0;2;1;1;1
202400030080;155 728 798;7;0;2;4;2;1
202400030080;155 728 799;7;0;2;1;2;1
202400030081;155 728 796;7;0;1;1;1;1
202400030082;155 728 795;7;0;2;7;19;1
202400030082;155 728 797;17;0;2;1;1;1
202400030083;155 728 792;30;0;2;7;1;1
202400030083;155 728 794;7;0;2;7;0;0
202400030084;155 728 790;33;6;0;9;0;1
202400030085;155 728 791;33;0;0;7;1;1
202400030085;155 728 793;1;0;0;0;19;5
202400030086;155 728 789;33;0;0;0;13;1
202400030087;155 728 788;2;0;0;1;1;1
202400030088;155 728 784;60;0;2;1;9;5
202400030088;155 728 786;7;0;2;3;23;2
202400030089;155 728 782;15;0;2;4;4;1
202400030089;155 728 785;2;0;2;1;1;1
202400030090;155 728 783;7;0;2;3;1;1
202400030090;155 728 787;2;0;2;1;1;1
202400030091;155 728 777;7;0;2;1;5;1
202400030091;155 728 780;7;0;2;2;1;1
202400030092;155 728 778;7;0;0;5;2;2
202400030092;155 728 781;32;0;2;3;2;1
202400030093;155 728 776;1;0;0;4;2;5
202400030093;155 728 779;7;0;9;2;2;1
202400030094;155 728 775;10;13;0;3;1;1
202400030095;155 728 774;7;0;1;3;12;1
202400030096;155 728 769;7;0;2;1;13;1
202400030096;155 728 771;7;0;2;1;1;1
202400030097;155 728 770;7;0;2;3;1;1
202400030097;155 728 773;7;0;2;3;5;1
202400030098;155 728 767;7;0;2;0;0;0
202400030098;155 728 768;3;0;2;0;0;0
202400030098;155 728 772;3;16;2;7;2;0
202400030099;155 728 763;7;0;2;3;1;1
202400030099;155 728 764;7;0;2;1;13;1
202400030099;155 728 766;7;0;2;8;1;2
202400030100;155 728 762;7;5;1;2;2;0
202400030101;155 728 761;7;0;2;3;15;1
202400030101;155 728 765;34;0;2;1;1;1
202400030102;155 728 760;7;2;0;2;0;1
202400030103;155 728 758;31;0;0;0;2;1
202400030104;155 728 756;7;13;0;1;1;1
202400030105;155 728 755;33;0;2;1;17;1
202400030105;155 728 757;7;0;2;3;15;1
202400030106;155 728 753;2;0;0;0;16;1
202400030107;155 728 751;7;0;2;3;16;1
202400030107;155 728 752;32;0;2;2;17;1
202400030108;155 728 749;7;12;2;1;11;1
202400030108;155 728 750;7;12;2;4;1;1
202400030109;155 728 748;7;13;0;2;1;1
202400030110;155 728 745;7;0;2;7;15;1
202400030110;155 728 747;33;0;2;1;1;1
202400030111;155 728 746;7;0;1;3;13;1
202400030112;155 728 743;14;0;9;7;16;1
202400030112;155 728 744;1;0;2;8;2;5
202400030113;155 728 742;7;12;0;1;1;1
202400030114;155 728 740;10;7;2;3;1;1
202400030114;155 728 741;7;0;2;4;23;1
202400030115;155 728 738;7;0;0;4;15;1
202400030115;155 728 739;7;0;2;1;1;0
202400030116;155 728 737;33;9;0;1;1;1
202400030117;155 728 736;10;0;1;2;2;1
202400030118;155 728 735;31;8;0;1;14;1
202400030119;155 728 734;10;0;1;1;1;1
202400030120;155 728 732;7;13;0;0;2;1
202400030121;155 728 730;7;0;0;1;1;1
202400030121;155 728 733;7;0;2;1;18;0
202400030122;155 728 729;7;0;2;3;15;1
202400030122;155 728 731;7;0;2;1;17;1
202400030123;155 728 727;50;12;0;1;0;3
202400030124;155 728 726;7;0;2;1;1;1
202400030124;155 728 728;1;0;2;7;1;5
202400030125;155 728 724;7;0;2;1;2;1
202400030125;155 728 725;7;0;2;4;2;1
202400030126;155 728 722;7;0;2;4;1;1
202400030126;155 728 723;33;0;2;1;1;1
202400030127;155 728 719;7;0;2;8;1;1
202400030127;155 728 720;33;0;2;1;17;1
202400030128;155 728 718;7;0;0;1;1;1
202400030128;155 728 721;7;0;2;1;1;1
202400030129;155 728 716;7;0;2;1;1;1
202400030129;155 728 717;7;0;2;4;1;2
202400030130;155 728 713;7;0;2;1;13;1
202400030130;155 728 715;7;0;2;1;1;1
202400030131;155 728 711;33;0;2;1;1;1
202400030131;155 728 714;7;0;2;5;15;1
202400030132;155 728 710;7;4;2;9;2;1
202400030132;155 728 712;7;0;2;4;1;1
202400030133;155 728 706;38;0;2;6;23;1
202400030133;155 728 708;7;0;2;2;13;1
202400030134;155 728 704;10;0;2;3;15;1
202400030134;155 728 709;1;0;2;1;1;5
202400030135;155 728 705;15;0;2;3;1;0
202400030135;155 728 707;10;0;2;1;13;1
202400030136;155 728 700;31;15;0;1;0;1
202400030137;155 728 698;33;0;2;1;17;1
202400030137;155 728 701;10;0;2;0;0;1
202400030137;155 728 703;10;0;2;0;0;1
202400030138;155 728 699;7;0;2;3;1;1
202400030138;155 728 702;7;0;2;3;17;1
202400030139;155 728 696;34;0;0;0;1;1
202400030140;155 728 695;7;0;2;1;14;1
202400030140;155 728 697;7;0;2;6;1;2
202400030141;155 728 693;17;0;2;4;2;1
202400030141;155 728 694;7;0;2;1;2;1
202400030142;155 728 690;33;0;2;1;2;1
202400030142;155 728 691;7;0;2;4;2;1
202400030143;155 728 689;7;0;2;0;1;0
202400030143;155 728 692;1;0;2;7;19;5
202400030144;155 728 687;7;3;0;7;2;1
202400030145;155 728 688;7;3;0;0;13;1
202400030146;155 728 682;7;0;2;1;2;1
202400030146;155 728 683;7;0;2;4;2;1
202400030147;155 728 685;1;0;2;3;11;5
202400030147;155 728 686;37;0;2;2;2;1
202400030148;155 728 681;7;0;2;3;11;1
202400030148;155 728 684;7;0;2;4;1;1
202400030149;155 728 676;50;0;2;1;2;3
202400030149;155 728 678;7;0;2;5;23;1
202400030150;155 728 674;7;0;2;1;2;1
202400030150;155 728 675;7;0;2;4;2;1
202400030150;155 728 680;7;0;2;4;2;1
202400030151;155 728 673;7;0;2;4;1;1
202400030151;155 728 677;7;0;2;1;1;1
202400030151;155 728 679;7;0;2;4;1;1
202400030152;155 728 671;7;4;0;8;2;1
202400030153;155 728 670;7;0;2;8;10;1
202400030153;155 728 672;7;0;2;2;1;1
202400030154;155 728 666;10;0;2;1;2;1
202400030154;155 728 667;7;0;2;4;23;2
202400030154;155 728 669;7;0;2;4;23;3
202400030155;155 728 663;7;0;2;4;1;2
202400030155;155 728 665;7;0;2;0;26;1
202400030156;155 728 664;7;0;2;1;2;1
202400030156;155 728 668;7;0;2;4;2;2
202400030157;155 728 660;33;16;0;7;26;1
202400030158;155 728 659;7;0;2;4;2;1
202400030158;155 728 661;7;0;2;2;2;1
202400030158;155 728 662;7;0;2;1;2;1
202400030159;155 728 658;7;0;2;1;9;1
202400030160;155 728 656;15;0;2;1;1;1
202400030160;155 728 657;7;0;2;1;12;2
202400030161;155 728 653;7;0;2;2;12;2
202400030161;155 728 655;7;0;2;6;2;1
202400030162;155 728 650;10;0;2;1;1;1
202400030162;155 728 651;10;0;2;4;2;1
202400030163;155 728 649;2;0;1;0;18;1
202400030163;155 728 652;7;0;2;3;23;1
202400030163;155 728 654;7;0;2;4;23;1
202400030164;155 728 646;7;0;2;4;2;1
202400030164;155 728 647;7;0;2;4;2;1
202400030164;155 728 648;10;0;2;1;2;1
202400030165;155 728 644;7;0;2;4;1;6
202400030165;155 728 645;7;0;2;1;1;1
202400030166;155 728 638;7;0;2;3;11;1
202400030166;155 728 641;10;0;2;5;2;1
202400030167;155 728 636;16;3;0;6;6;1
202400030167;155 728 639;7;0;2;1;26;1
202400030167;155 728 642;7;1;2;6;23;1
202400030167;155 728 643;7;3;2;1;1;1
202400030168;155 728 637;33;0;0;0;0;1
202400030168;155 728 640;7;0;2;3;0;1
202400030169;155 728 635;34;0;0;2;1;1
202400030170;155 728 634;10;0;1;7;2;1
202400030171;155 728 633;7;0;1;1;1;1
202400030172;155 728 628;7;0;2;1;0;1
202400030172;155 728 630;10;0;2;1;0;1
202400030173;155 728 627;7;0;2;4;0;1
202400030173;155 728 631;7;0;2;1;1;1
202400030173;155 728 632;10;0;2;4;1;1
202400030174;155 728 626;30;0;2;1;26;1
202400030174;155 728 629;10;0;2;4;2;1
202400030175;155 728 623;7;0;2;1;1;2
202400030175;155 728 625;7;0;2;3;1;1
202400030176;155 728 622;33;0;2;8;12;1
202400030176;155 728 624;7;0;2;4;1;1
202400030177;155 728 620;7;0;2;5;1;1
202400030177;155 728 621;7;0;2;3;2;1
202400030178;155 728 619;7;12;0;1;2;1
202400030179;155 728 617;33;0;2;1;1;1
202400030179;155 728 618;7;0;2;6;11;1
202400030180;155 728 614;7;0;2;6;10;1
202400030180;155 728 616;30;0;2;1;1;1
202400030181;155 728 613;32;0;0;2;3;1
202400030182;155 728 611;1;0;2;7;19;5
202400030182;155 728 612;7;0;9;3;0;1
202400030183;155 728 610;33;3;0;8;16;1
202400030184;155 728 608;7;0;2;1;1;1
202400030184;155 728 609;33;0;2;0;0;1
202400030185;155 728 607;7;0;1;1;26;1
202400030186;155 728 600;7;0;2;1;2;1
202400030186;155 728 602;7;0;2;4;2;1
202400030186;155 728 605;13;0;2;4;2;1
202400030187;155 728 599;7;0;2;4;1;2
202400030187;155 728 603;7;0;2;2;21;1
202400030187;155 728 606;7;0;2;1;13;1
202400030188;155 728 598;7;0;2;1;1;1
202400030188;155 728 601;7;0;2;4;1;2
202400030188;155 728 604;7;0;2;1;1;0
202400030189;155 728 597;30;0;0;0;0;1
202400030190;155 728 592;7;0;1;8;1;1
202400030191;155 728 593;30;0;2;1;3;3
202400030191;155 728 595;7;0;2;1;19;1
202400030191;155 728 596;2;0;2;1;3;3
202400030192;155 728 590;7;12;0;7;15;1
202400030193;155 728 586;7;0;2;1;13;1
202400030193;155 728 588;31;0;0;0;0;1
202400030194;155 728 587;7;0;2;1;2;1
202400030194;155 728 589;7;0;2;4;2;1
202400030194;155 728 591;7;0;2;1;2;1
202400030195;155 728 584;7;0;2;3;13;1
202400030195;155 728 585;10;0;2;6;1;1
202400030196;155 728 583;7;0;1;0;19;0
202400030197;155 728 582;3;0;1;1;1;1
202400030198;155 728 577;7;0;2;3;1;1
202400030198;155 728 579;7;0;2;1;1;1
202400030199;155 728 575;7;0;2;4;2;1
202400030199;155 728 576;7;0;2;4;2;1
202400030199;155 728 578;7;0;2;1;2;1
202400030199;155 728 580;7;0;2;4;2;1
202400030199;155 728 581;7;0;2;4;2;1
202400030200;155 728 574;7;0;0;0;26;1
202400030201;155 728 570;7;0;2;5;12;1
202400030201;155 728 572;30;0;2;8;1;1
202400030202;155 728 569;0;0;2;3;16;1
202400030202;155 728 571;30;0;2;2;12;1
202400030202;155 728 573;7;0;2;6;9;1
202400030203;155 728 568;7;0;1;2;16;1
202400030204;155 728 566;7;0;2;3;19;1
202400030204;155 728 567;2;0;2;1;21;1
202400030205;155 728 564;7;0;2;8;16;1
202400030205;155 728 565;32;0;2;1;2;1
202400030206;155 728 561;7;13;0;3;0;1
202400030206;155 728 563;7;13;0;3;0;2
202400030207;155 728 560;7;0;2;3;13;1
202400030207;155 728 562;33;0;2;2;1;1
202400030208;155 728 556;7;0;2;4;4;1
202400030208;155 728 558;1;0;2;1;1;5
202400030209;155 728 557;7;0;2;1;2;1
202400030209;155 728 559;7;0;0;4;1;2
202400030210;155 728 555;3;12;0;7;13;3
202400030211;155 728 550;32;0;2;3;7;1
202400030211;155 728 551;7;0;2;7;16;1
202400030212;155 728 552;10;0;2;1;9;1
202400030212;155 728 553;10;0;0;4;2;1
202400030212;155 728 554;7;0;2;4;2;1
202400030213;155 728 547;7;0;2;1;1;0
202400030213;155 728 549;7;0;2;4;1;1
202400030214;155 728 546;10;0;2;1;0;1
202400030214;155 728 548;7;0;2;1;13;1
202400030215;155 728 544;2;0;2;3;1;1
202400030215;155 728 545;7;0;2;2;17;1
202400030216;155 728 543;33;1;0;1;26;1
202400030217;155 728 540;7;0;2;3;1;1
202400030217;155 728 542;50;0;2;1;1;3
202400030218;155 728 539;7;0;1;4;16;1
202400030218;155 728 541;37;0;2;2;1;2
202400030219;155 728 537;38;1;0;2;16;1
202400030219;155 728 538;15;0;0;6;0;1
202400030220;155 728 536;7;12;0;1;26;1
202400030221;155 728 534;7;0;1;1;1;1
202400030222;155 728 533;7;0;2;2;15;1
202400030222;155 728 535;33;0;2;0;0;1
202400030223;155 728 531;7;1;0;2;0;1
202400030224;155 728 530;7;0;2;3;1;1
202400030224;155 728 532;7;0;2;2;1;1
202400030225;155 728 528;1;0;2;1;17;5
202400030225;155 728 529;7;0;2;3;15;1
202400030226;155 728 526;7;0;2;3;5;1
202400030226;155 728 527;7;0;2;3;1;1
202400030227;155 728 524;7;2;0;8;13;1
202400030228;155 728 523;32;0;2;1;1;1
202400030228;155 728 525;7;0;2;8;15;1
202400030229;155 728 522;7;9;0;5;0;2
202400030230;155 728 521;31;0;0;0;26;1
202400030231;155 728 519;7;9;0;1;1;1
202400030232;155 728 518;7;0;2;2;11;1
202400030232;155 728 520;32;0;2;4;17;1
202400030233;155 728 517;10;8;1;4;26;1
202400030234;155 728 514;33;0;2;7;1;1
202400030234;155 728 515;10;0;2;3;9;1
202400030235;155 728 513;7;0;2;6;19;1
202400030235;155 728 516;7;0;2;1;1;1
202400030236;155 728 511;7;0;2;3;15;1
202400030236;155 728 512;37;0;2;2;1;1
202400030237;155 728 510;31;0;0;0;14;1
202400030238;155 728 508;33;0;0;0;26;1
202400030239;155 728 507;7;0;2;2;26;1
202400030239;155 728 509;7;0;2;3;26;1
202400030240;155 728 504;7;0;2;6;4;1
202400030240;155 728 506;7;0;2;3;16;1
202400030241;155 728 503;10;0;2;1;15;1
202400030241;155 728 505;7;0;2;1;1;1
202400030242;155 728 501;10;0;2;0;9;-1
202400030242;155 728 502;1;0;2;0;1;5
202400030243;155 728 499;30;0;2;4;1;1
202400030243;155 728 500;7;0;0;1;0;1
202400030244;155 728 498;1;0;1;1;1;5
202400030245;155 728 497;7;0;1;3;1;1
202400030246;155 728 496;33;10;0;1;1;1
202400030247;155 728 495;7;0;1;1;1;1
202400030248;155 728 491;14;0;2;4;1;1
202400030248;155 728 493;14;0;2;1;1;1
202400030248;155 728 494;14;0;2;1;1;1
202400030249;155 728 490;1;0;2;3;16;5
202400030249;155 728 492;10;0;2;5;15;1
202400030250;155 728 487;33;0;2;1;17;1
202400030250;155 728 489;7;0;2;6;15;1
202400030251;155 728 486;7;0;2;1;9;1
202400030251;155 728 488;99;0;2;5;1;3
202400030252;155 728 484;33;0;2;5;17;1
202400030252;155 728 485;7;0;2;3;15;2
202400030253;155 728 481;7;0;2;6;13;1
202400030253;155 728 483;7;0;2;3;1;1
202400030254;155 728 480;7;0;2;1;15;2
202400030254;155 728 482;33;0;2;8;2;1
202400030255;155 728 479;7;0;1;1;1;1
202400030256;155 728 478;7;2;0;2;14;1
202400030257;155 728 476;50;0;1;0;1;3
202400030258;155 728 475;10;0;2;3;11;1
202400030258;155 728 477;7;0;2;2;1;1
202400030259;155 728 474;80;0;0;0;1;3
202400030260;155 728 472;50;0;0;1;1;3
202400030261;155 728 471;1;0;2;7;0;5
202400030261;155 728 473;7;0;2;1;9;1
202400030262;155 728 470;7;13;0;0;1;1
202400030263;155 728 469;33;0;0;2;21;1
202400030264;155 728 466;7;0;2;7;15;1
202400030264;155 728 468;1;0;2;2;1;5
202400030265;155 728 465;33;0;0;0;0;1
202400030265;155 728 467;0;0;2;0;0;0
202400030266;155 728 463;7;3;0;1;12;1
202400030267;155 728 462;10;0;2;1;1;1
202400030267;155 728 464;7;8;0;5;1;1
202400030268;155 728 460;7;6;0;1;26;1
202400030269;155 728 459;13;0;0;0;0;1
202400030269;155 728 461;41;0;2;1;13;1
202400030270;155 728 456;7;0;2;1;1;1
202400030270;155 728 458;7;0;2;9;1;1
202400030271;155 728 455;7;0;2;8;19;1
202400030271;155 728 457;50;0;2;1;1;3
202400030272;155 728 454;7;0;1;1;15;1
202400030273;155 728 453;7;0;0;1;1;1
202400030274;155 728 451;7;0;2;1;2;1
202400030274;155 728 452;7;0;2;4;1;1
202400030275;155 728 448;7;0;2;4;2;1
202400030275;155 728 449;7;0;0;4;2;1
202400030275;155 728 450;7;0;2;1;2;2
202400030276;155 728 447;7;2;0;8;16;1
202400030277;155 728 445;7;0;2;2;15;1
202400030277;155 728 446;33;0;2;1;1;1
202400030278;155 728 443;7;0;2;8;15;1
202400030278;155 728 444;33;0;2;1;1;1
202400030279;155 728 440;2;0;2;3;15;1
202400030279;155 728 442;32;0;2;1;1;1
202400030280;155 728 435;37;0;2;2;1;6
202400030280;155 728 438;7;0;2;1;19;3
202400030281;155 728 433;7;0;2;2;15;1
202400030281;155 728 434;33;0;2;1;1;1
202400030282;155 728 431;10;0;2;3;15;1
202400030282;155 728 432;7;0;2;3;1;1
202400030283;155 728 429;10;14;2;7;21;1
202400030283;155 728 430;7;0;0;6;23;1
202400030284;155 728 428;7;0;1;1;26;1
202400030285;155 728 427;32;14;0;1;1;1
202400030286;155 728 424;7;0;2;3;0;0
202400030286;155 728 426;31;0;2;0;1;0
202400030287;155 728 423;7;0;2;1;15;1
202400030287;155 728 425;33;0;2;8;1;1
202400030288;155 728 419;10;0;2;3;9;1
202400030288;155 728 421;10;0;2;2;1;1
202400030289;155 728 417;7;0;2;4;2;1
202400030289;155 728 418;7;0;2;4;2;2
202400030289;155 728 420;7;0;2;4;2;2
202400030289;155 728 422;7;0;2;1;2;1
202400030290;155 728 415;33;0;2;1;3;1
202400030290;155 728 416;7;0;2;5;12;1
202400030291;155 728 412;50;0;2;7;25;3
202400030291;155 728 414;7;0;2;1;20;1
202400030292;155 728 411;7;0;2;3;9;1
202400030292;155 728 413;37;0;2;2;1;1
202400030293;155 728 409;7;0;1;3;1;1
202400030294;155 728 408;50;0;2;1;21;3
202400030294;155 728 410;2;0;2;3;16;1
202400030295;155 728 407;1;12;0;7;1;5
202400030296;155 728 405;50;0;2;1;1;3
202400030296;155 728 406;7;0;2;7;16;1
202400030297;155 728 404;1;0;1;3;1;5
202400030298;155 728 403;1;0;1;8;5;5
202400030299;155 728 402;10;0;1;4;26;1
202400030300;155 728 401;50;0;1;1;25;3
202400030301;155 728 399;43;0;2;3;1;1
202400030301;155 728 400;7;0;2;3;15;2
202400030302;155 728 398;43;0;1;0;26;1
202400030303;155 728 396;7;0;2;2;1;1
202400030303;155 728 397;32;8;0;4;1;1
202400030304;155 728 394;1;0;2;8;1;5
202400030304;155 728 395;7;0;2;0;0;0
202400030305;155 728 392;10;0;2;4;0;1
202400030305;155 728 393;10;0;2;4;0;1
202400030306;155 728 390;34;0;2;1;23;1
202400030306;155 728 391;1;0;2;7;26;5
202400030307;155 728 388;80;0;2;3;1;3
202400030307;155 728 389;14;0;2;2;16;1
202400030308;155 728 387;7;0;1;1;1;3
202400030309;155 728 386;1;0;1;1;1;5
202400030310;155 728 383;33;0;2;2;17;1
202400030310;155 728 384;31;0;2;3;18;1
202400030311;155 728 381;7;0;2;2;1;1
202400030311;155 728 382;10;0;2;3;17;1
202400030312;155 728 378;31;0;2;1;16;1
202400030312;155 728 380;7;0;2;2;15;1
202400030313;155 728 377;10;0;2;2;12;1
202400030313;155 728 379;10;0;2;0;0;0
202400030314;155 728 375;1;0;2;7;16;5
202400030314;155 728 376;1;0;2;1;1;5
202400030315;155 728 373;7;0;2;2;19;1
202400030315;155 728 374;7;0;2;1;1;1
202400030316;155 728 372;33;16;0;1;1;1
202400030317;155 728 368;7;0;2;3;15;1
202400030317;155 728 370;32;0;2;7;23;1
202400030317;155 728 371;7;0;2;1;23;1
202400030318;155 728 367;7;0;2;7;1;1
202400030318;155 728 369;30;0;2;1;1;0
202400030319;155 728 366;7;8;0;1;9;1
202400030320;155 728 364;7;0;2;4;1;1
202400030320;155 728 365;7;0;2;1;1;2
202400030321;155 728 363;7;0;0;2;16;1
202400030322;155 728 360;7;0;2;2;1;1
202400030322;155 728 362;31;0;2;1;1;0
202400030323;155 728 358;7;0;2;6;24;1
202400030323;155 728 359;7;1;0;2;0;1
202400030324;155 728 357;37;0;1;2;16;1
202400030325;155 728 354;7;0;9;2;2;1
202400030325;155 728 356;1;0;2;4;2;5
202400030326;155 728 353;99;0;9;1;0;3
202400030326;155 728 355;1;0;9;1;26;5
202400030327;155 728 350;7;0;2;1;1;3
202400030327;155 728 352;10;0;2;8;1;1
202400030328;155 728 349;1;0;2;8;1;5
202400030328;155 728 351;7;0;2;2;19;1
202400030329;155 728 348;32;8;0;2;15;1
202400030330;155 728 347;80;0;1;1;1;3
202400030331;155 728 346;1;0;0;0;1;5
202400030332;155 728 345;7;9;2;9;1;1
202400030333;155 728 343;7;0;0;0;5;0
202400030333;155 728 344;33;13;0;7;21;1
202400030334;155 728 342;7;1;0;2;1;3
202400030335;155 728 339;33;0;2;1;9;1
202400030335;155 728 340;7;0;2;4;9;2
202400030336;155 728 337;7;0;0;4;23;1
202400030336;155 728 338;10;0;2;1;1;1
202400030337;155 728 334;7;0;9;0;16;0
202400030337;155 728 336;1;0;2;1;1;5
202400030338;155 728 332;7;4;2;4;23;1
202400030338;155 728 333;7;0;0;4;23;1
202400030338;155 728 335;10;0;2;1;1;1
202400030339;155 728 331;10;0;1;1;1;1
202400030340;155 728 330;7;2;0;0;1;1
202400030341;155 728 328;33;13;0;0;14;1
202400030342;155 728 325;7;1;0;1;0;1
202400030343;155 728 326;7;0;2;1;26;1
202400030343;155 728 327;7;0;2;1;26;1
202400030343;155 728 329;7;1;0;4;26;0
202400030344;155 728 321;33;0;2;1;17;1
202400030344;155 728 324;7;0;2;1;1;2
202400030345;155 728 322;7;0;2;4;2;1
202400030345;155 728 323;0;0;2;1;2;0
202400030346;155 728 320;7;13;0;1;19;6
202400030347;155 728 319;7;0;1;4;26;1
202400030348;155 728 317;7;7;2;2;9;1
202400030348;155 728 318;7;7;2;3;1;1
202400030349;155 728 316;10;13;0;2;1;1
202400030350;155 728 314;7;0;2;1;17;1
202400030350;155 728 315;7;0;2;1;1;1
202400030351;155 728 312;7;6;2;7;21;1
202400030351;155 728 313;7;6;2;1;17;1
202400030352;155 728 311;7;8;0;2;15;1
202400030353;155 728 309;33;13;0;1;1;1
202400030354;155 728 308;7;0;2;3;15;1
202400030354;155 728 310;31;0;2;2;1;0
202400030355;155 728 305;31;0;2;1;2;0
202400030355;155 728 307;7;0;0;6;2;1
202400030356;155 728 304;7;0;1;3;1;1
202400030357;155 728 303;7;0;2;3;15;1
202400030357;155 728 306;7;0;2;3;1;1
202400030358;155 728 300;10;0;2;3;14;1
202400030358;155 728 302;7;0;2;3;13;1
202400030359;155 728 299;7;6;0;2;1;1
202400030360;155 728 298;7;0;1;1;1;1
202400030361;155 728 297;7;7;0;2;1;1
202400030362;155 728 296;33;7;0;1;1;1
202400030363;155 728 291;7;0;2;8;10;2
202400030363;155 728 292;43;0;2;1;1;1
202400030363;155 728 293;33;0;2;1;1;1
202400030364;155 728 290;7;8;0;9;13;1
202400030365;155 728 287;7;0;2;7;1;1
202400030365;155 728 288;33;0;2;8;1;1
202400030365;155 728 289;7;6;2;3;5;1
202400030366;155 728 285;7;0;2;8;1;1
202400030366;155 728 286;10;0;2;1;1;1
202400030367;155 728 284;7;0;1;3;1;1