Num_Acc;id_vehicule;catv;obs;obsm;choc;manv;motor
202400030733;155 727 666;7;0;2;1;1;1
202400030734;155 727 658;50;0;2;0;26;3
202400030734;155 727 660;7;0;2;3;15;1
202400030735;155 727 656;7;0;2;4;23;1
202400030735;155 727 657;7;0;2;4;23;1
202400030735;155 727 659;7;0;2;4;23;1
202400030735;155 727 661;7;0;2;4;23;1
202400030735;155 727 662;7;1;0;1;2;1
202400030736;155 727 654;7;0;0;0;1;1
202400030737;155 727 653;7;0;2;8;10;2
202400030737;155 727 655;33;0;2;1;1;1
202400030738;155 727 649;7;6;0;1;1;1
202400030739;155 727 648;1;0;2;1;1;5
202400030739;155 727 650;10;0;2;1;15;1
202400030740;155 727 647;7;13;0;0;0;1
202400030741;155 727 646;7;1;0;2;1;1
202400030742;155 727 643;7;0;2;0;15;1
202400030742;155 727 645;33;0;2;7;1;1
202400030743;155 727 642;7;0;1;3;1;0
202400030744;155 727 641;7;8;2;3;26;1
202400030744;155 727 644;7;0;2;1;19;1
202400030745;155 727 640;7;0;0;3;1;1
202400030746;155 727 639;7;0;1;1;1;1
202400030747;155 727 636;7;0;2;1;2;1
202400030747;155 727 638;7;0;2;4;2;1
202400030748;155 727 632;10;0;2;1;1;0
202400030748;155 727 634;7;0;2;1;1;1
202400030749;155 727 633;10;0;2;1;2;2
202400030749;155 727 635;10;0;2;4;2;1
202400030749;155 727 637;10;0;2;1;2;1
202400030750;155 727 630;50;0;2;8;1;3
202400030750;155 727 631;7;0;2;1;15;1
202400030751;155 727 628;7;5;0;1;3;1
202400030752;155 727 627;10;0;2;7;15;1
202400030752;155 727 629;2;0;2;1;1;1
202400030753;155 727 625;7;0;2;8;1;1
202400030753;155 727 626;35;0;2;2;1;1
202400030754;155 727 623;7;6;0;1;5;1
202400030755;155 727 622;7;6;2;2;17;1
202400030755;155 727 624;7;9;2;8;15;1
202400030756;155 727 620;7;0;2;1;1;1
202400030756;155 727 621;7;0;2;7;15;1
202400030757;155 727 618;7;1;0;2;14;1
202400030758;155 727 614;7;0;2;6;1;1
202400030758;155 727 615;1;0;2;1;1;5
202400030759;155 727 616;7;0;2;1;1;1
202400030759;155 727 617;7;0;2;4;23;1
202400030759;155 727 619;7;0;0;4;23;1
202400030760;155 727 613;7;0;1;1;15;1
202400030761;155 727 610;7;0;2;6;2;0
202400030761;155 727 612;41;0;2;1;2;0
202400030762;155 727 607;7;0;2;1;1;1
202400030762;155 727 608;7;9;2;8;15;1
202400030763;155 727 604;7;0;2;3;10;1
202400030763;155 727 605;30;0;0;1;0;1
202400030764;155 727 603;7;0;2;3;1;1
202400030764;155 727 606;32;0;2;9;5;1
202400030765;155 727 600;7;0;2;3;1;1
202400030765;155 727 601;7;0;2;3;1;1
202400030765;155 727 602;7;0;2;3;13;1
202400030766;155 727 597;7;0;2;1;2;1
202400030766;155 727 599;7;0;2;1;5;1
202400030767;155 727 598;7;2;0;3;1;1
202400030768;155 727 594;10;0;2;7;23;1
202400030768;155 727 595;7;0;2;3;23;1
202400030768;155 727 596;34;0;2;2;3;1
202400030769;155 727 593;7;8;0;1;14;1
202400030770;155 727 592;50;0;0;0;26;3
202400030771;155 727 591;30;12;0;3;0;1
202400030772;155 727 588;7;0;2;3;1;1
202400030772;155 727 589;50;0;2;8;0;3
202400030773;155 727 587;7;0;2;1;1;1
202400030773;155 727 590;10;8;2;2;1;1
202400030774;155 727 585;7;0;2;1;12;1
202400030774;155 727 586;7;0;2;4;1;1
202400030775;155 727 583;10;0;1;2;15;1
202400030776;155 727 584;7;0;1;2;17;1
202400030777;155 727 581;2;0;2;1;1;3
202400030777;155 727 582;32;0;2;4;23;0
202400030778;155 727 579;1;0;2;2;1;5
202400030778;155 727 580;7;0;9;3;19;2
202400030779;155 727 575;1;0;0;0;0;5
202400030779;155 727 577;7;0;2;5;1;1
202400030780;155 727 576;10;0;2;3;9;1
202400030780;155 727 578;1;0;0;0;0;5
202400030781;155 727 574;1;0;1;0;0;5
202400030782;155 727 572;7;0;2;3;23;1
202400030782;155 727 573;30;0;2;3;11;1
202400030783;155 727 570;7;1;0;6;1;1
202400030784;155 727 569;1;0;0;0;0;5
202400030784;155 727 571;32;0;0;0;0;1
202400030785;155 727 568;7;0;1;3;15;0
202400030786;155 727 566;80;0;2;1;1;3
202400030786;155 727 567;80;0;2;6;1;3
202400030787;155 727 563;7;0;2;8;15;1
202400030787;155 727 564;33;0;2;2;17;1
202400030788;155 727 562;7;2;0;1;1;1
202400030789;155 727 560;31;0;2;0;1;3
202400030789;155 727 561;1;5;0;0;11;5
202400030790;155 727 557;31;0;2;1;2;1
202400030790;155 727 559;7;0;2;8;1;1
202400030791;155 727 558;7;2;0;1;15;1
202400030792;155 727 555;1;0;9;1;2;5
202400030792;155 727 556;30;1;0;4;2;1
202400030793;155 727 552;7;0;2;0;0;0
202400030793;155 727 553;30;0;2;1;1;1
202400030794;155 727 549;7;0;2;1;0;0
202400030794;155 727 551;10;0;2;4;0;0
202400030795;155 727 550;30;0;2;8;26;1
202400030795;155 727 554;7;0;2;8;26;1
202400030796;155 727 548;10;8;1;0;20;0
202400030797;155 727 545;7;0;2;3;1;2
202400030797;155 727 546;7;0;2;3;1;1
202400030798;155 727 547;7;6;0;1;1;1
202400030799;155 727 544;32;1;0;2;15;1
202400030800;155 727 543;7;4;0;9;1;1
202400030801;155 727 540;31;0;2;3;1;1
202400030801;155 727 541;7;0;2;3;1;1
202400030802;155 727 537;7;0;2;6;15;1
202400030802;155 727 538;33;0;2;2;0;1
202400030803;155 727 539;33;0;2;2;2;1
202400030803;155 727 542;7;0;2;3;2;1
202400030804;155 727 536;7;0;1;1;13;0
202400030805;155 727 534;30;0;2;7;1;0
202400030805;155 727 535;7;0;2;1;1;2
202400030806;155 727 532;7;14;0;9;26;2
202400030807;155 727 528;30;0;2;3;9;1
202400030807;155 727 529;30;0;2;2;1;1
202400030808;155 727 526;31;1;0;0;0;1
202400030809;155 727 525;7;0;1;1;16;1
202400030810;155 727 521;32;0;2;1;26;1
202400030810;155 727 524;7;0;2;2;1;1
202400030811;155 727 522;33;0;2;1;9;1
202400030811;155 727 523;10;0;2;4;1;1
202400030812;155 727 520;31;0;1;1;1;1
202400030813;155 727 517;7;6;0;8;1;1
202400030814;155 727 518;7;0;2;2;16;0
202400030814;155 727 519;50;0;2;8;1;3
202400030815;155 727 516;7;13;0;3;1;1
202400030816;155 727 515;7;11;0;1;1;1
202400030817;155 727 513;7;0;2;3;1;1
202400030817;155 727 514;7;8;2;3;13;2
202400030818;155 727 510;0;1;0;1;0;0
202400030819;155 727 511;1;0;2;1;1;5
202400030819;155 727 512;7;0;2;3;22;1
202400030820;155 727 508;7;0;2;1;26;1
202400030820;155 727 509;7;0;2;1;13;1
202400030821;155 727 506;7;13;0;2;1;1
202400030822;155 727 505;7;0;2;7;16;1
202400030822;155 727 507;1;0;2;3;1;5
202400030823;155 727 503;7;0;2;6;1;1
202400030823;155 727 504;2;0;2;3;1;1
202400030824;155 727 502;7;2;0;1;14;1
202400030825;155 727 501;50;0;1;0;1;3
202400030826;155 727 498;10;0;2;1;0;1
202400030826;155 727 499;10;0;2;4;0;1
202400030826;155 727 500;10;0;0;4;0;1
202400030827;155 727 497;32;14;0;8;13;1
202400030828;155 727 493;7;0;2;1;1;0
202400030828;155 727 494;7;0;2;4;23;1
202400030829;155 727 495;2;0;0;4;1;3
202400030829;155 727 496;80;0;2;1;2;3
202400030830;155 727 491;7;13;0;1;0;1
202400030831;155 727 490;1;0;2;8;1;5
202400030831;155 727 492;7;0;2;8;22;0
202400030832;155 727 488;33;4;2;1;2;1
202400030832;155 727 489;7;0;0;6;1;1
202400030833;155 727 486;7;0;2;3;15;1
202400030833;155 727 487;2;0;2;2;15;1
202400030834;155 727 485;7;0;1;1;14;1
202400030835;155 727 482;1;0;2;4;1;5
202400030835;155 727 484;1;0;2;1;2;5
202400030836;155 727 481;34;0;2;1;17;1
202400030836;155 727 483;7;0;2;6;15;1
202400030837;155 727 478;7;0;2;1;1;1
202400030837;155 727 480;7;0;2;3;1;1
202400030838;155 727 477;33;0;2;1;1;1
202400030838;155 727 479;7;0;2;2;15;2
202400030839;155 727 476;33;13;0;1;1;1
202400030840;155 727 475;7;0;2;2;1;1
202400030841;155 727 474;7;0;0;9;1;1
202400030842;155 727 471;33;0;2;6;1;1
202400030842;155 727 472;33;0;2;9;17;1
202400030842;155 727 473;10;0;2;1;1;1
202400030843;155 727 468;33;0;2;7;1;1
202400030843;155 727 469;14;0;2;8;11;1
202400030844;155 727 467;7;0;2;7;0;1
202400030844;155 727 470;37;0;2;1;0;1
202400030845;155 727 465;7;0;2;1;13;1
202400030845;155 727 466;7;0;2;3;1;2
202400030846;155 727 463;1;0;2;1;1;5
202400030846;155 727 464;32;0;2;7;16;1
202400030847;155 727 461;7;0;2;3;1;2
202400030847;155 727 462;7;0;2;2;14;1
202400030848;155 727 460;7;0;1;2;1;0
202400030849;155 727 458;7;0;2;3;1;1
202400030849;155 727 459;7;4;2;2;17;1
202400030850;155 727 456;7;0;1;2;1;1
202400030851;155 727 455;7;0;2;2;15;2
202400030851;155 727 457;31;0;2;1;1;1
202400030852;155 727 452;2;0;2;7;26;1
202400030852;155 727 454;7;0;2;1;9;1
202400030853;155 727 451;30;0;2;1;17;3
202400030853;155 727 453;50;0;2;4;2;3
202400030854;155 727 449;7;8;0;1;2;1
202400030855;155 727 448;7;0;0;4;16;1
202400030855;155 727 450;43;0;2;1;26;1
202400030856;155 727 447;7;0;1;1;1;1
202400030857;155 727 444;2;0;2;8;17;1
202400030857;155 727 446;7;0;2;5;1;1
202400030858;155 727 441;7;0;0;4;1;1
202400030858;155 727 443;7;0;2;4;1;1
202400030858;155 727 445;10;0;2;1;1;1
202400030859;155 727 440;7;0;2;1;5;1
202400030859;155 727 442;7;0;2;1;1;2
202400030860;155 727 439;7;3;0;1;0;1
202400030861;155 727 438;10;0;1;1;1;1
202400030862;155 727 436;2;0;2;1;26;1
202400030862;155 727 437;7;0;2;3;0;1
202400030863;155 727 435;7;13;0;2;14;1
202400030864;155 727 434;7;6;0;1;1;1
202400030865;155 727 433;7;0;1;3;19;2
202400030866;155 727 431;7;0;2;1;1;1
202400030866;155 727 432;7;0;2;1;1;2
202400030867;155 727 430;7;0;1;2;1;1
202400030868;155 727 429;7;13;0;9;6;1
202400030869;155 727 428;7;2;0;1;1;1
202400030870;155 727 427;7;0;1;3;1;1
202400030871;155 727 425;7;0;2;1;5;1
202400030871;155 727 426;7;0;2;1;1;1
202400030872;155 727 423;32;0;0;0;1;1
202400030873;155 727 421;13;15;0;7;1;1
202400030874;155 727 419;7;3;2;1;1;1
202400030874;155 727 420;10;0;2;6;11;1
202400030875;155 727 422;7;0;2;3;15;1
202400030875;155 727 424;7;0;2;6;15;1
202400030876;155 727 417;33;12;0;2;1;6
202400030877;155 727 413;10;0;2;1;1;1
202400030877;155 727 415;10;0;2;7;1;1
202400030877;155 727 416;7;0;2;5;12;1
202400030877;155 727 418;14;0;2;3;1;1
202400030878;155 727 412;38;0;2;1;2;1
202400030878;155 727 414;15;0;2;4;2;1
202400030879;155 727 410;7;0;2;4;2;1
202400030879;155 727 411;10;0;2;1;2;1
202400030880;155 727 409;36;0;0;8;0;1
202400030881;155 727 405;50;12;0;1;16;3
202400030882;155 727 404;10;0;2;1;2;1
202400030882;155 727 406;10;0;2;4;1;1
202400030882;155 727 407;7;0;2;4;2;1
202400030882;155 727 408;7;0;2;4;2;1
202400030883;155 727 402;7;0;1;1;1;1
202400030884;155 727 403;7;2;0;7;14;1
202400030885;155 727 400;33;0;2;8;3;1
202400030885;155 727 401;10;0;2;7;12;1
202400030886;155 727 399;10;0;1;4;4;1
202400030887;155 727 397;7;0;0;2;26;1
202400030888;155 727 394;7;0;2;2;1;1
202400030888;155 727 395;33;0;2;6;3;1
202400030888;155 727 396;37;0;2;2;1;1
202400030888;155 727 398;7;0;2;8;21;1
202400030889;155 727 391;7;0;2;4;1;1
202400030889;155 727 393;7;0;2;1;2;1
202400030890;155 727 390;15;0;2;4;1;1
202400030890;155 727 392;7;0;2;1;21;1
202400030891;155 727 387;7;0;2;2;2;3
202400030891;155 727 389;7;14;0;0;0;1
202400030892;155 727 386;7;0;2;4;2;1
202400030892;155 727 388;10;0;2;1;2;1
202400030893;155 727 384;7;4;2;9;26;1
202400030893;155 727 385;7;0;2;7;1;1
202400030894;155 727 382;7;0;2;5;12;1
202400030894;155 727 383;33;0;2;1;1;1
202400030895;155 727 381;7;3;0;2;1;1
202400030896;155 727 379;7;0;2;0;0;1
202400030896;155 727 380;7;0;2;1;2;1
202400030897;155 727 377;31;0;2;9;3;1
202400030897;155 727 378;7;0;2;5;1;3
202400030898;155 727 374;7;0;2;7;2;1
202400030898;155 727 375;31;0;2;8;0;1
202400030899;155 727 373;7;0;2;1;2;1
202400030899;155 727 376;7;0;2;4;2;2
202400030900;155 727 370;15;0;1;5;20;1
202400030900;155 727 372;15;0;0;0;0;1
202400030901;155 727 369;33;0;2;1;2;1
202400030901;155 727 371;7;0;2;5;2;1
202400030902;155 727 367;7;0;2;1;2;1
202400030902;155 727 368;7;0;2;4;2;1
202400030903;155 727 363;7;0;2;2;21;1
202400030903;155 727 365;7;0;2;8;1;1
202400030903;155 727 366;7;0;2;5;1;1
202400030904;155 727 362;7;0;2;7;12;1
202400030904;155 727 364;33;0;2;1;1;1
202400030905;155 727 360;7;4;0;1;21;1
202400030906;155 727 359;7;0;2;8;11;0
202400030906;155 727 361;33;0;2;7;1;1
202400030907;155 727 356;10;0;2;4;1;1
202400030907;155 727 357;10;0;2;1;1;1
202400030908;155 727 354;7;0;2;0;2;1
202400030908;155 727 355;7;0;2;1;2;1
202400030908;155 727 358;7;0;2;1;2;1
202400030909;155 727 350;7;0;2;4;12;1
202400030909;155 727 352;13;0;2;6;1;1
202400030909;155 727 353;7;0;2;2;1;1
202400030910;155 727 349;7;0;2;4;2;3
202400030910;155 727 351;7;0;2;1;2;1
202400030911;155 727 348;30;6;0;2;20;1
202400030912;155 727 346;7;0;2;1;1;1
202400030912;155 727 347;7;0;2;4;2;2
202400030913;155 727 345;80;1;0;4;1;3
202400030914;155 727 344;7;4;2;1;9;1
202400030915;155 727 341;7;0;2;1;2;1
202400030915;155 727 343;7;0;2;4;1;2
202400030916;155 727 342;10;4;0;0;0;1
202400030917;155 727 338;10;0;2;1;15;1
202400030917;155 727 340;10;0;2;1;1;1
202400030918;155 727 336;7;0;2;1;1;-1
202400030918;155 727 337;7;0;2;3;15;1
202400030918;155 727 339;7;0;2;1;1;1
202400030919;155 727 335;30;0;0;0;19;1
202400030920;155 727 334;33;0;5;1;1;1
202400030921;155 727 331;7;0;2;4;26;1
202400030921;155 727 332;7;0;2;1;26;1
202400030922;155 727 330;33;0;2;5;19;1
202400030922;155 727 333;7;0;2;1;1;1
202400030923;155 727 327;7;0;2;3;15;1
202400030923;155 727 329;33;0;2;1;26;1
202400030924;155 727 326;7;12;2;1;19;1
202400030924;155 727 328;30;0;2;3;1;1
202400030925;155 727 323;1;1;0;1;1;5
202400030925;155 727 324;7;0;2;8;22;2
202400030926;155 727 322;50;0;2;1;21;3
202400030926;155 727 325;7;0;9;3;21;1
202400030927;155 727 320;32;0;1;8;21;1
202400030928;155 727 319;10;0;2;3;1;0
202400030928;155 727 321;7;0;2;1;19;2
202400030929;155 727 317;10;0;0;5;23;1
202400030929;155 727 318;7;0;2;3;1;1
202400030930;155 727 315;7;0;2;1;1;1
202400030930;155 727 316;50;0;2;1;1;3
202400030931;155 727 313;50;0;2;1;5;3
202400030931;155 727 314;80;0;2;2;9;3
202400030932;155 727 310;7;0;2;5;2;2
202400030932;155 727 311;30;0;2;3;14;3
202400030933;155 727 309;7;0;2;0;0;2
202400030933;155 727 312;7;0;2;0;0;0
202400030934;155 727 305;7;0;0;0;16;1
202400030934;155 727 308;43;0;2;8;1;1
202400030935;155 727 304;7;0;2;1;1;1
202400030935;155 727 306;7;0;2;4;1;1
202400030935;155 727 307;7;0;2;4;1;1
202400030936;155 727 301;7;0;2;4;2;1
202400030936;155 727 303;2;0;2;1;2;1
202400030937;155 727 300;10;0;2;6;9;1
202400030937;155 727 302;7;0;2;3;1;1
202400030938;155 727 298;7;0;2;1;1;1
202400030938;155 727 299;7;0;2;1;13;3
202400030939;155 727 296;10;6;2;1;17;1
202400030939;155 727 297;2;0;2;1;1;1
202400030940;155 727 294;50;0;2;1;1;3
202400030940;155 727 295;7;0;2;1;15;1
202400030941;155 727 293;7;4;0;1;14;1
202400030942;155 727 291;7;0;2;1;15;-1
202400030942;155 727 292;2;0;2;0;19;6
202400030943;155 727 288;7;0;2;5;16;1
202400030943;155 727 290;1;0;2;1;1;5
202400030944;155 727 287;33;0;2;1;1;1
202400030944;155 727 289;7;0;2;7;1;1
202400030945;155 727 285;7;9;0;2;14;1
202400030946;155 727 284;7;0;2;3;16;2
202400030946;155 727 286;99;0;2;3;11;6
202400030947;155 727 282;7;0;2;1;2;1
202400030947;155 727 283;7;0;2;4;2;1
202400030948;155 727 281;7;3;0;0;0;1
202400030949;155 727 279;7;16;0;3;19;1
202400030950;155 727 276;7;0;2;1;9;1
202400030950;155 727 277;50;0;2;0;5;3
202400030950;155 727 278;50;0;2;1;5;3
202400030950;155 727 280;50;0;2;0;5;3
202400030951;155 727 275;7;14;0;1;11;1
202400030952;155 727 272;37;0;2;0;1;2
202400030952;155 727 273;1;0;2;0;1;5
202400030953;155 727 271;7;0;2;7;1;0
202400030953;155 727 274;7;0;2;1;9;0
202400030954;155 727 269;32;1;2;1;1;0
202400030954;155 727 270;7;0;2;2;26;0
202400030955;155 727 268;7;0;1;2;15;1
202400030956;155 727 266;34;14;0;1;0;1
202400030957;155 727 265;7;0;2;8;1;2
202400030957;155 727 267;33;0;2;1;1;1
202400030958;155 727 264;7;0;1;2;1;1
202400030959;155 727 263;7;8;0;1;0;1
202400030960;155 727 262;7;0;1;3;15;1
202400030961;155 727 261;7;0;1;2;14;1
202400030962;155 727 259;7;0;9;1;9;1
202400030962;155 727 260;30;0;2;7;1;3
202400030963;155 727 257;7;0;2;2;9;1
202400030963;155 727 258;7;4;2;8;1;1
202400030964;155 727 256;7;0;1;6;1;6
202400030965;155 727 255;7;11;0;0;0;1
202400030966;155 727 254;7;3;0;3;14;1
202400030967;155 727 251;7;0;2;1;2;1
202400030967;155 727 252;7;0;2;9;2;3
202400030967;155 727 253;7;0;2;4;2;1
202400030968;155 727 249;10;0;2;1;2;1
202400030968;155 727 250;7;0;0;4;15;1
202400030969;155 727 247;7;0;2;3;15;1
202400030969;155 727 248;32;0;2;1;1;1
202400030970;155 727 246;7;2;0;2;1;1
202400030971;155 727 245;7;0;2;2;15;1
202400030972;155 727 241;7;0;9;3;1;1
202400030972;155 727 243;1;0;2;8;2;5
202400030973;155 727 242;31;0;2;1;1;1
202400030973;155 727 244;7;0;2;2;15;2
202400030974;155 727 240;7;0;1;2;16;1
202400030975;155 727 238;7;0;2;1;5;1
202400030975;155 727 239;7;0;2;1;1;1
202400030976;155 727 236;7;8;0;6;1;1
202400030976;155 727 237;7;0;2;2;14;1
202400030977;155 727 234;7;1;0;3;13;1
202400030978;155 727 233;33;0;2;1;17;1
202400030978;155 727 235;10;0;2;3;1;1
202400030979;155 727 232;10;0;1;1;1;1
202400030980;155 727 231;7;2;0;3;2;1
202400030981;155 727 228;7;0;2;5;16;1
202400030981;155 727 230;1;0;2;1;1;5
202400030982;155 727 226;15;0;2;1;2;1
202400030982;155 727 227;7;0;2;3;17;2
202400030982;155 727 229;10;0;2;1;13;1
202400030983;155 727 224;30;0;2;1;1;1
202400030983;155 727 225;10;0;2;7;15;1
202400030984;155 727 222;7;0;2;1;1;0
202400030984;155 727 223;7;3;2;1;5;1
202400030985;155 727 221;7;6;0;2;21;1
202400030986;155 727 218;7;0;2;1;17;1
202400030986;155 727 219;7;0;2;8;0;1
202400030986;155 727 220;7;0;2;1;14;1
202400030987;155 727 216;7;0;2;2;15;1
202400030987;155 727 217;33;0;2;1;1;1
202400030988;155 727 215;7;2;0;1;1;1
202400030989;155 727 212;7;0;2;3;26;1
202400030989;155 727 213;34;0;2;1;1;1
202400030989;155 727 214;7;0;2;1;23;1
202400030990;155 727 210;7;0;0;1;13;1
202400030990;155 727 211;10;0;0;1;1;1
202400030991;155 727 209;7;0;1;2;1;1
202400030992;155 727 208;2;8;0;0;1;1
202400030993;155 727 205;7;0;9;3;11;1
202400030993;155 727 207;50;0;2;3;21;3
202400030994;155 727 203;7;0;2;4;1;1
202400030994;155 727 204;10;0;2;1;2;1
202400030994;155 727 206;7;0;2;6;2;1
202400030995;155 727 198;7;0;2;1;13;1
202400030995;155 727 200;38;0;2;1;21;1
202400030996;155 727 199;7;8;0;1;14;1
202400030997;155 727 193;7;4;0;3;1;1
202400030998;155 727 190;33;0;2;1;26;1
202400030998;155 727 192;7;1;0;6;2;1
202400030999;155 727 189;7;0;2;2;14;1
202400030999;155 727 191;15;0;0;6;1;1
202400031000;155 727 183;15;0;2;6;23;1
202400031000;155 727 184;17;1;0;2;14;1
202400031000;155 727 186;10;9;0;1;1;1
202400031000;155 727 187;7;9;0;1;1;1
202400031001;155 727 181;7;0;2;1;2;1
202400031001;155 727 182;7;0;2;0;0;1
202400031002;155 727 177;2;0;2;7;10;1
202400031002;155 727 179;7;0;2;3;1;1
202400031003;155 727 173;7;2;0;1;1;1
202400031004;155 727 171;7;0;2;1;13;1
202400031004;155 727 172;7;0;2;0;1;1
202400031004;155 727 174;7;0;2;0;1;1
202400031004;155 727 175;32;0;2;0;1;1
202400031004;155 727 176;7;0;2;4;23;1
202400031004;155 727 178;10;0;2;0;1;1
202400031005;155 727 168;3;13;0;2;1;1
202400031006;155 727 166;7;0;1;3;1;0
202400031007;155 727 165;33;0;2;1;2;1
202400031007;155 727 167;7;0;2;3;10;2
202400031008;155 727 162;2;0;2;1;1;1
202400031008;155 727 164;7;0;2;7;15;1
202400031009;155 727 161;15;0;2;3;21;1
202400031009;155 727 163;7;0;2;1;19;1
202400031010;155 727 159;7;0;2;2;16;3
202400031010;155 727 160;50;0;2;1;9;3
202400031011;155 727 156;7;0;2;3;1;1
202400031011;155 727 158;38;0;2;3;1;1
202400031012;155 727 155;7;0;1;1;1;1
202400031012;155 727 157;7;0;2;1;15;1
202400031013;155 727 152;1;0;2;1;2;5
202400031013;155 727 153;7;0;0;4;23;1
202400031013;155 727 154;1;0;2;1;2;5
202400031014;155 727 149;7;0;2;1;0;1
202400031014;155 727 150;7;0;2;1;1;1
202400031015;155 727 147;2;0;2;1;1;1
202400031015;155 727 148;7;0;2;1;17;1
202400031016;155 727 146;7;0;1;2;2;1
202400031017;155 727 151;1;0;1;1;1;5
202400031018;155 727 144;7;0;2;7;15;1
202400031018;155 727 145;2;0;2;1;1;1
202400031019;155 727 142;50;0;2;3;1;3
202400031019;155 727 143;7;0;2;5;17;2
202400031020;155 727 141;7;0;1;1;26;1
202400031021;155 727 138;10;6;1;1;21;1
202400031022;155 727 139;7;0;2;2;1;1
202400031022;155 727 140;7;0;2;6;24;1
202400031023;155 727 136;7;5;0;1;1;1
202400031024;155 727 135;7;0;2;8;10;1
202400031024;155 727 137;43;0;2;1;1;1
202400031025;155 727 134;7;13;0;1;1;1
202400031026;155 727 132;1;0;2;1;1;5
202400031026;155 727 133;37;0;2;6;1;1
202400031027;155 727 131;7;13;0;8;1;1
202400031028;155 727 127;7;0;2;2;15;1
202400031028;155 727 129;2;0;2;3;1;1
202400031029;155 727 126;33;0;2;0;3;1
202400031029;155 727 128;10;0;2;8;11;1
202400031029;155 727 130;10;0;2;1;1;1
202400031030;155 727 125;40;0;1;1;1;3
202400031031;155 727 123;7;0;9;6;26;1
202400031031;155 727 124;33;0;2;1;26;1
202400031032;155 727 121;1;0;2;6;1;5
202400031032;155 727 122;7;0;2;6;22;2
202400031033;155 727 119;7;0;0;5;1;1
202400031033;155 727 120;7;0;2;3;1;1
202400031034;155 727 116;50;0;2;1;1;3
202400031034;155 727 118;7;0;2;3;1;1
202400031035;155 727 113;2;0;2;1;1;1
202400031035;155 727 114;10;0;2;3;15;0
202400031036;155 727 112;2;8;1;1;25;1
202400031037;155 727 110;7;0;2;1;5;1
202400031037;155 727 111;7;0;2;8;15;1
202400031038;155 727 109;7;0;1;1;26;1
202400031039;155 727 115;7;0;2;4;1;1
202400031039;155 727 117;7;0;2;1;2;1
202400031040;155 727 107;13;0;9;8;2;1
202400031040;155 727 108;33;0;2;7;0;1
202400031041;155 727 105;7;0;2;1;1;0
202400031041;155 727 106;7;0;2;4;1;1
202400031042;155 727 103;10;0;2;1;2;1
202400031042;155 727 104;7;0;2;4;2;2
202400031043;155 727 101;7;0;2;1;2;1
202400031043;155 727 102;7;0;2;0;1;3
202400031044;155 727 100;7;4;0;3;1;1
202400031045;155 727 098;7;0;2;1;2;1
202400031045;155 727 099;7;0;2;4;2;1
202400031046;155 727 097;33;0;2;2;1;1
202400031047;155 727 094;7;0;2;1;1;1
202400031047;155 727 095;7;0;2;4;1;1
202400031047;155 727 096;7;0;2;4;1;1
202400031048;155 727 091;10;0;2;4;2;1
202400031048;155 727 092;14;0;2;1;2;1
202400031048;155 727 093;7;0;2;4;2;2
202400031049;155 727 090;7;4;0;3;13;1
202400031050;155 727 088;7;0;2;5;19;1
202400031050;155 727 089;2;0;2;1;1;1
202400031051;155 727 087;7;0;1;1;0;0
202400031052;155 727 085;30;1;2;1;1;1
202400031052;155 727 086;7;1;0;6;15;1
202400031053;155 727 084;10;0;1;2;1;1
202400031054;155 727 082;7;0;2;3;15;1
202400031054;155 727 083;32;0;2;1;1;1
202400031055;155 727 081;7;0;1;2;16;1
202400031056;155 727 079;60;0;2;1;1;5
202400031056;155 727 080;7;0;9;3;15;1
202400031057;155 727 076;7;0;2;3;1;1
202400031057;155 727 077;7;0;2;2;15;1
202400031057;155 727 078;7;0;2;3;23;1
202400031058;155 727 075;7;0;1;4;4;1
202400031059;155 727 073;7;0;2;7;1;1
202400031059;155 727 074;30;0;2;8;26;1
202400031060;155 727 071;50;0;2;1;17;3
202400031060;155 727 072;7;0;2;3;15;1
202400031061;155 727 069;7;0;2;1;16;1
202400031061;155 727 070;33;0;2;7;26;1
202400031062;155 727 067;7;0;2;1;13;1
202400031062;155 727 068;7;0;2;1;1;1
202400031063;155 727 065;33;0;2;3;13;1
202400031063;155 727 066;7;0;2;2;1;1
202400031064;155 727 063;7;0;2;6;9;1
202400031064;155 727 064;7;0;2;2;21;1
202400031065;155 727 061;2;0;2;1;2;1
202400031065;155 727 062;7;0;2;4;1;1
202400031066;155 727 058;7;0;2;4;23;1
202400031066;155 727 059;7;0;2;1;2;1
202400031066;155 727 060;7;0;2;4;23;1
202400031067;155 727 057;7;0;1;2;1;1
202400031068;155 727 055;1;0;2;8;15;5
202400031068;155 727 056;7;0;2;7;17;1
202400031069;155 727 053;7;0;2;3;15;1
202400031069;155 727 054;7;0;2;2;1;1
202400031070;155 727 052;7;15;0;2;1;1
202400031071;155 727 050;7;0;2;8;15;1
202400031071;155 727 051;2;0;2;1;3;1
202400031072;155 727 049;2;0;2;1;15;1
202400031073;155 727 048;7;9;0;1;14;1
202400031074;155 727 047;7;0;1;3;1;1
202400031075;155 727 045;99;0;2;0;26;0
202400031075;155 727 046;10;0;2;7;1;1
202400031076;155 727 044;40;0;1;1;1;3
202400031077;155 727 042;7;0;2;3;1;1
202400031077;155 727 043;10;0;2;2;1;1