Num_Acc;id_vehicule;catv;obs;obsm;choc;manv;motor
202400032110;155 725 176;7;0;1;2;1;1
202400032111;155 725 175;2;0;2;5;19;1
202400032111;155 725 177;7;0;2;1;1;1
202400032112;155 725 174;7;0;1;2;20;0
202400032113;155 725 173;7;0;0;3;13;1
202400032114;155 725 170;7;0;1;3;14;1
202400032115;155 725 168;7;0;2;2;12;1
202400032115;155 725 169;7;0;2;6;26;1
202400032115;155 725 171;7;0;2;4;0;1
202400032115;155 725 172;7;0;2;3;0;1
202400032116;155 725 167;32;0;1;1;17;1
202400032117;155 725 166;7;0;1;8;15;0
202400032118;155 725 165;30;0;1;1;0;0
202400032119;155 725 163;7;0;1;2;26;1
202400032120;155 725 162;30;0;4;2;9;1
202400032120;155 725 164;40;0;2;7;26;3
202400032121;155 725 160;7;0;1;-1;4;-1
202400032122;155 725 159;7;0;2;3;8;1
202400032122;155 725 161;37;0;2;3;1;1
202400032123;155 725 157;7;0;1;6;4;1
202400032124;155 725 156;50;0;2;7;1;3
202400032124;155 725 158;7;0;2;1;1;1
202400032125;155 725 152;7;0;2;1;15;1
202400032125;155 725 154;43;0;2;1;2;1
202400032126;155 725 151;7;0;2;4;2;1
202400032126;155 725 153;7;0;2;4;0;1
202400032126;155 725 155;7;0;2;1;2;1
202400032127;155 725 150;32;12;0;8;1;1
202400032128;155 725 147;7;0;2;6;2;1
202400032128;155 725 148;7;0;2;1;10;1
202400032128;155 725 149;7;0;2;1;1;1
202400032129;155 725 146;2;0;1;1;1;1
202400032130;155 725 142;7;0;2;1;1;1
202400032130;155 725 144;7;0;2;1;13;1
202400032131;155 725 141;33;0;2;4;2;1
202400032131;155 725 143;31;0;2;1;3;1
202400032131;155 725 145;7;0;2;8;2;1
202400032132;155 725 139;7;0;2;1;2;1
202400032132;155 725 140;37;0;2;4;2;1
202400032133;155 725 137;7;0;2;4;2;1
202400032133;155 725 138;7;0;2;1;2;2
202400032134;155 725 134;31;0;2;5;14;1
202400032134;155 725 135;7;0;2;3;1;1
202400032135;155 725 133;7;0;2;1;26;1
202400032135;155 725 136;7;0;2;8;26;1
202400032136;155 725 130;31;0;2;1;3;1
202400032136;155 725 132;7;0;2;1;1;1
202400032137;155 725 129;10;0;2;4;2;1
202400032137;155 725 131;50;0;2;1;2;3
202400032138;155 725 125;7;0;2;4;1;1
202400032138;155 725 126;7;0;2;1;1;2
202400032138;155 725 128;7;0;2;4;1;1
202400032139;155 725 127;7;0;1;3;15;1
202400032140;155 725 123;10;0;2;4;1;1
202400032140;155 725 124;43;0;2;1;3;1
202400032141;155 725 120;7;0;2;1;1;1
202400032141;155 725 122;1;0;0;1;1;5
202400032142;155 725 118;33;0;2;1;3;1
202400032142;155 725 119;7;0;2;5;1;1
202400032142;155 725 121;38;0;2;8;1;1
202400032143;155 725 117;7;0;1;1;1;1
202400032144;155 725 115;33;0;2;1;2;1
202400032144;155 725 116;7;0;2;4;2;1
202400032145;155 725 114;34;0;0;0;1;1
202400032146;155 725 112;7;15;2;1;0;1
202400032146;155 725 113;1;15;0;4;1;5
202400032147;155 725 110;7;0;2;1;1;1
202400032147;155 725 111;33;0;2;1;17;1
202400032148;155 725 108;7;0;1;2;1;1
202400032149;155 725 107;1;0;2;1;2;5
202400032149;155 725 109;7;0;9;2;16;1
202400032150;155 725 105;30;0;2;1;1;1
202400032150;155 725 106;7;0;2;8;10;1
202400032151;155 725 103;7;0;9;2;2;2
202400032151;155 725 104;1;0;2;3;11;5
202400032152;155 725 101;7;0;2;1;1;1
202400032152;155 725 102;2;0;2;4;1;1
202400032153;155 725 099;7;0;2;3;13;1
202400032153;155 725 100;31;0;2;9;2;1
202400032154;155 725 097;7;0;2;3;15;1
202400032154;155 725 098;7;0;2;2;1;1
202400032155;155 725 095;7;0;2;1;1;1
202400032155;155 725 096;2;0;2;4;1;3
202400032156;155 725 093;10;0;1;4;4;1
202400032157;155 725 092;7;15;2;1;6;1
202400032157;155 725 094;7;0;2;6;9;1
202400032158;155 725 089;31;0;2;4;23;3
202400032158;155 725 091;7;0;2;1;1;1
202400032159;155 725 087;7;0;2;4;1;1
202400032159;155 725 088;7;0;2;1;2;1
202400032159;155 725 090;30;0;2;1;1;1
202400032160;155 725 086;31;0;0;2;1;3
202400032161;155 725 085;33;0;1;1;11;1
202400032162;155 725 083;33;0;1;1;1;1
202400032163;155 725 082;7;0;2;3;1;1
202400032163;155 725 084;31;0;2;1;9;1
202400032164;155 725 081;7;16;0;1;13;1
202400032165;155 725 077;10;0;2;1;1;1
202400032165;155 725 079;7;0;2;4;1;1
202400032165;155 725 080;7;0;2;1;1;1
202400032166;155 725 076;10;0;2;0;0;1
202400032166;155 725 078;50;0;2;1;1;3
202400032167;155 725 073;7;0;2;4;2;1
202400032167;155 725 075;10;0;2;1;2;1
202400032168;155 725 072;7;0;2;4;23;1
202400032168;155 725 074;15;0;2;1;1;1
202400032169;155 725 070;7;0;2;3;0;1
202400032169;155 725 071;33;0;2;7;0;1
202400032170;155 725 068;7;1;0;2;1;1
202400032170;155 725 069;7;0;2;1;23;1
202400032171;155 725 066;50;0;2;8;1;3
202400032171;155 725 067;34;0;2;1;1;3
202400032172;155 725 060;7;0;2;7;22;3
202400032172;155 725 063;1;1;0;6;1;5
202400032173;155 725 059;13;0;2;1;1;1
202400032173;155 725 061;7;0;2;4;23;1
202400032173;155 725 062;7;0;2;4;23;1
202400032173;155 725 064;7;0;2;4;23;1
202400032173;155 725 065;10;0;2;4;23;1
202400032174;155 725 056;37;0;2;7;1;1
202400032174;155 725 057;37;0;2;3;9;1
202400032175;155 725 055;7;0;2;4;2;1
202400032175;155 725 058;1;0;2;1;2;5
202400032176;155 725 053;7;0;1;1;24;1
202400032177;155 725 052;7;0;2;2;3;1
202400032177;155 725 054;7;0;2;6;16;2
202400032178;155 725 050;7;0;2;3;15;1
202400032178;155 725 051;33;0;0;0;0;1
202400032179;155 725 049;7;1;0;1;16;0
202400032180;155 725 047;7;0;1;0;26;3
202400032181;155 725 046;33;1;2;2;17;1
202400032181;155 725 048;7;0;2;3;15;1
202400032182;155 725 044;7;0;2;7;1;2
202400032182;155 725 045;7;0;2;2;1;2
202400032183;155 725 042;7;0;2;2;1;1
202400032183;155 725 043;7;0;2;3;9;1
202400032184;155 725 039;31;0;0;3;0;1
202400032184;155 725 040;7;0;0;6;0;0
202400032185;155 725 038;99;0;2;6;9;1
202400032185;155 725 041;37;0;2;1;2;1
202400032186;155 725 036;7;0;1;1;1;0
202400032187;155 725 035;7;0;2;0;12;1
202400032187;155 725 037;32;0;2;2;1;1
202400032188;155 725 032;7;0;2;3;15;1
202400032188;155 725 034;1;14;2;1;5;5
202400032189;155 725 031;32;0;2;2;0;1
202400032189;155 725 033;7;0;2;1;0;1
202400032190;155 725 029;30;8;0;0;0;1
202400032191;155 725 028;10;0;2;3;1;1
202400032191;155 725 030;50;0;2;7;19;3
202400032192;155 725 025;7;0;2;4;1;2
202400032192;155 725 027;7;0;2;1;1;3
202400032193;155 725 026;32;0;1;8;1;1
202400032194;155 725 024;80;0;0;0;1;3
202400032195;155 725 023;7;0;1;1;0;0
202400032196;155 725 021;32;0;9;1;1;1
202400032196;155 725 022;50;0;2;1;12;3
202400032197;155 725 019;50;0;2;1;25;3
202400032197;155 725 020;7;0;2;2;26;1
202400032198;155 725 018;10;0;1;1;1;1
202400032199;155 725 015;7;0;2;6;2;1
202400032199;155 725 016;33;0;2;1;2;1
202400032200;155 725 013;30;0;0;0;0;3
202400032201;155 725 014;7;0;9;3;24;1
202400032201;155 725 017;1;1;0;2;2;5
202400032202;155 725 012;7;0;1;2;21;1
202400032203;155 725 010;7;0;2;0;0;1
202400032203;155 725 011;7;0;2;0;0;1
202400032204;155 725 007;7;0;2;6;1;1
202400032204;155 725 009;2;0;2;1;2;1
202400032205;155 725 006;7;0;2;1;2;1
202400032205;155 725 008;33;0;0;0;0;1
202400032206;155 725 002;7;1;2;2;2;1
202400032206;155 725 004;7;0;2;3;2;1
202400032206;155 725 005;7;0;2;2;20;1
202400032207;155 725 001;2;0;2;0;1;1
202400032207;155 725 003;7;0;2;3;1;0
202400032208;155 724 998;33;13;2;2;17;1
202400032208;155 724 999;7;0;2;3;2;2
202400032209;155 724 997;30;0;2;0;0;0
202400032209;155 725 000;30;0;2;0;0;1
202400032210;155 724 995;13;0;9;2;12;1
202400032210;155 724 996;1;0;2;3;1;5
202400032211;155 724 993;7;0;2;3;16;1
202400032211;155 724 994;7;13;2;3;1;1
202400032212;155 724 990;7;13;0;9;1;1
202400032213;155 724 986;1;0;2;1;1;5
202400032213;155 724 988;10;0;2;8;1;1
202400032214;155 724 987;7;0;2;1;2;1
202400032214;155 724 989;2;0;0;4;2;1
202400032215;155 724 985;1;1;0;1;14;5
202400032216;155 724 984;7;0;1;3;1;1
202400032217;155 724 981;10;6;2;7;2;1
202400032217;155 724 983;7;0;2;1;2;1
202400032218;155 724 980;32;0;2;1;1;1
202400032218;155 724 982;10;0;0;4;1;1
202400032219;155 724 977;7;0;2;1;2;1
202400032219;155 724 979;15;0;0;5;2;1
202400032220;155 724 976;10;0;2;3;1;0
202400032220;155 724 978;7;0;2;3;1;1
202400032221;155 724 975;2;10;0;1;0;3
202400032222;155 724 971;33;3;0;1;1;1
202400032223;155 724 972;10;0;2;2;2;1
202400032223;155 724 973;15;0;2;4;23;1
202400032223;155 724 974;10;0;2;6;23;1
202400032224;155 724 969;7;4;0;2;1;1
202400032225;155 724 968;7;0;2;6;13;1
202400032225;155 724 970;2;0;2;1;17;1
202400032226;155 724 965;7;0;0;1;2;1
202400032226;155 724 967;7;0;0;4;15;1
202400032227;155 724 964;10;0;2;3;13;1
202400032227;155 724 966;10;0;2;3;1;1
202400032228;155 724 963;10;13;0;1;1;1
202400032229;155 724 961;7;13;2;5;26;1
202400032229;155 724 962;7;0;2;1;21;1
202400032230;155 724 960;7;0;0;9;1;1
202400032231;155 724 957;10;0;2;3;13;1
202400032231;155 724 959;17;0;2;3;1;1
202400032232;155 724 955;7;0;2;1;0;1
202400032232;155 724 956;7;0;2;3;1;1
202400032232;155 724 958;17;0;2;4;2;1
202400032233;155 724 953;33;0;0;2;1;1
202400032234;155 724 952;7;0;2;3;1;1
202400032234;155 724 954;10;0;2;3;1;1
202400032235;155 724 950;7;0;1;2;2;1
202400032236;155 724 949;7;0;2;3;1;1
202400032236;155 724 951;7;0;0;6;23;1
202400032237;155 724 948;7;0;1;1;1;1
202400032238;155 724 947;33;13;6;1;13;1
202400032239;155 724 946;7;2;0;1;14;1
202400032240;155 724 944;36;0;2;1;13;1
202400032240;155 724 945;1;0;2;1;21;5
202400032241;155 724 942;2;0;2;8;13;1
202400032241;155 724 943;7;0;2;1;1;1
202400032242;155 724 941;31;3;0;7;14;1
202400032243;155 724 939;7;0;2;2;9;1
202400032243;155 724 940;34;0;2;8;9;1
202400032244;155 724 938;7;0;1;1;1;1
202400032245;155 724 935;7;0;2;2;1;1
202400032245;155 724 937;7;0;2;3;1;1
202400032246;155 724 936;7;16;0;2;1;1
202400032247;155 724 934;31;0;0;0;1;1
202400032248;155 724 932;2;0;2;1;1;1
202400032248;155 724 933;7;0;2;2;19;1
202400032249;155 724 929;7;0;2;6;1;1
202400032249;155 724 931;31;0;2;1;1;1
202400032250;155 724 928;10;0;2;1;0;1
202400032250;155 724 930;7;0;2;8;15;3
202400032251;155 724 926;7;0;0;0;0;1
202400032252;155 724 925;33;0;2;1;1;1
202400032252;155 724 927;7;0;2;5;1;1
202400032253;155 724 923;1;0;0;0;0;5
202400032254;155 724 922;10;0;2;2;15;1
202400032254;155 724 924;33;0;2;7;1;1
202400032255;155 724 920;7;0;2;5;19;1
202400032255;155 724 921;33;0;2;1;1;1
202400032256;155 724 919;31;0;0;0;0;1
202400032257;155 724 917;10;0;0;0;21;1
202400032257;155 724 918;1;13;0;0;21;5
202400032258;155 724 914;7;5;0;9;17;1
202400032259;155 724 915;7;0;2;3;5;1
202400032259;155 724 916;7;0;2;1;1;1
202400032260;155 724 911;33;3;2;1;18;1
202400032260;155 724 913;10;0;2;5;2;1
202400032261;155 724 910;7;0;2;2;16;1
202400032261;155 724 912;7;0;2;7;26;1
202400032262;155 724 909;33;13;0;1;0;1
202400032263;155 724 908;31;12;0;0;1;1
202400032264;155 724 906;2;0;2;2;1;1
202400032264;155 724 907;7;0;0;3;15;1
202400032265;155 724 905;7;13;0;2;14;1
202400032266;155 724 904;7;0;1;2;1;1
202400032267;155 724 903;7;0;1;3;0;1
202400032268;155 724 902;7;0;1;3;15;1
202400032269;155 724 900;36;0;0;0;1;1
202400032270;155 724 899;7;0;2;8;15;1
202400032270;155 724 901;33;0;2;1;17;1
202400032271;155 724 897;7;2;0;1;0;1
202400032272;155 724 896;21;0;2;3;15;1
202400032272;155 724 898;33;0;2;1;1;1
202400032273;155 724 891;7;0;0;4;23;1
202400032273;155 724 892;10;3;0;1;2;1
202400032273;155 724 894;7;0;0;4;23;1
202400032273;155 724 895;7;3;0;4;23;2
202400032274;155 724 890;7;0;2;4;15;1
202400032274;155 724 893;7;0;2;1;1;1
202400032275;155 724 888;7;0;2;2;26;1
202400032275;155 724 889;31;0;2;3;1;1
202400032276;155 724 885;38;0;2;3;1;1
202400032276;155 724 887;10;0;2;3;13;1
202400032277;155 724 884;7;0;2;1;13;1
202400032277;155 724 886;2;0;2;1;1;1
202400032278;155 724 882;14;0;2;2;15;1
202400032278;155 724 883;33;0;2;1;1;1
202400032279;155 724 878;7;13;0;9;26;1
202400032280;155 724 877;7;0;0;0;0;1
202400032281;155 724 875;7;0;2;2;6;1
202400032281;155 724 876;2;0;2;1;1;1
202400032282;155 724 873;32;0;2;1;17;1
202400032282;155 724 874;1;0;2;8;19;5
202400032283;155 724 872;34;11;0;9;1;1
202400032284;155 724 869;7;0;2;3;13;1
202400032284;155 724 870;7;0;2;1;13;1
202400032284;155 724 871;7;0;2;3;1;1
202400032285;155 724 868;7;0;1;4;4;1
202400032286;155 724 866;33;0;2;8;1;1
202400032286;155 724 867;7;0;2;1;9;1
202400032287;155 724 865;33;8;0;2;0;1
202400032288;155 724 864;7;0;1;5;20;1
202400032289;155 724 862;33;0;2;1;1;1
202400032289;155 724 863;10;0;2;8;1;1
202400032290;155 724 860;3;0;2;2;9;3
202400032290;155 724 861;30;0;2;1;1;0
202400032291;155 724 858;2;0;2;3;19;1
202400032291;155 724 859;7;0;2;2;1;1
202400032292;155 724 857;36;0;0;0;1;1
202400032293;155 724 854;7;3;2;1;2;1
202400032293;155 724 855;7;0;2;5;2;1
202400032293;155 724 856;99;3;2;4;1;1
202400032294;155 724 853;33;3;0;7;17;1
202400032295;155 724 852;7;2;0;0;1;2
202400032296;155 724 850;7;0;2;3;19;1
202400032296;155 724 851;33;0;2;1;3;1
202400032297;155 724 848;7;0;2;7;15;1
202400032297;155 724 849;33;0;2;2;1;1
202400032298;155 724 847;33;0;0;0;15;1
202400032299;155 724 845;33;0;2;1;1;1
202400032299;155 724 846;7;0;0;7;19;2
202400032300;155 724 843;7;0;9;2;15;1
202400032300;155 724 844;50;0;2;1;1;3
202400032301;155 724 841;7;0;2;3;1;1
202400032301;155 724 842;7;0;2;3;1;1
202400032302;155 724 839;7;3;2;4;12;1
202400032302;155 724 840;7;0;2;1;1;1
202400032303;155 724 837;7;0;2;8;15;1
202400032303;155 724 838;2;0;2;1;1;1
202400032304;155 724 835;33;0;2;1;1;1
202400032304;155 724 836;7;0;0;3;11;1
202400032305;155 724 834;7;0;1;2;1;1
202400032306;155 724 832;33;0;2;1;13;1
202400032306;155 724 833;7;0;2;8;21;1
202400032307;155 724 831;7;0;1;1;13;1
202400032308;155 724 830;7;2;0;1;1;0
202400032309;155 724 828;7;0;2;1;1;1
202400032309;155 724 829;7;0;2;4;1;1
202400032310;155 724 825;7;0;2;2;2;1
202400032310;155 724 826;7;0;2;6;1;1
202400032311;155 724 823;7;0;2;1;2;1
202400032311;155 724 824;7;0;2;4;2;1
202400032312;155 724 821;17;4;2;8;1;1
202400032312;155 724 822;7;0;2;1;1;1
202400032313;155 724 819;37;1;0;2;21;1
202400032313;155 724 820;10;0;2;6;23;1
202400032314;155 724 815;7;4;2;3;3;1
202400032314;155 724 816;7;4;2;3;2;1
202400032314;155 724 817;7;4;2;3;2;1
202400032314;155 724 818;7;4;2;5;2;1
202400032315;155 724 813;7;0;2;1;2;2
202400032315;155 724 814;15;0;2;4;2;1
202400032316;155 724 811;7;0;2;1;2;1
202400032316;155 724 812;7;0;2;4;2;2
202400032317;155 724 809;7;0;2;1;2;1
202400032317;155 724 810;7;0;2;4;1;1
202400032318;155 724 807;7;1;0;2;21;1
202400032318;155 724 808;7;0;6;6;23;1
202400032319;155 724 805;32;0;2;2;13;1
202400032319;155 724 806;7;0;2;6;1;1
202400032320;155 724 801;33;0;2;1;3;1
202400032320;155 724 802;7;0;2;7;1;1
202400032320;155 724 803;7;0;2;1;2;1
202400032320;155 724 804;7;0;2;4;2;1
202400032321;155 724 800;33;0;2;1;1;1
202400032322;155 724 798;33;0;2;1;1;1
202400032322;155 724 799;7;0;2;6;11;1
202400032323;155 724 794;7;0;2;1;2;1
202400032323;155 724 795;14;0;2;3;1;1
202400032323;155 724 796;7;0;2;4;2;1
202400032323;155 724 797;10;0;2;1;1;1
202400032324;155 724 792;34;0;2;1;1;1
202400032324;155 724 793;7;0;2;7;15;2
202400032325;155 724 790;7;1;0;2;14;1
202400032325;155 724 791;7;0;2;8;24;1
202400032326;155 724 788;33;0;2;5;2;1
202400032326;155 724 789;10;0;2;5;2;1
202400032327;155 724 786;7;0;9;7;16;1
202400032327;155 724 787;2;0;2;1;1;1
202400032328;155 724 784;7;0;2;1;5;1
202400032328;155 724 785;7;0;2;1;1;1
202400032329;155 724 783;7;1;0;1;1;1
202400032330;155 724 781;10;0;2;7;2;1
202400032330;155 724 782;1;0;2;8;2;5
202400032331;155 724 779;7;0;2;1;10;1
202400032331;155 724 780;7;0;2;3;1;1
202400032332;155 724 777;33;0;2;1;2;1
202400032332;155 724 778;7;0;2;8;10;1
202400032333;155 724 776;10;0;1;2;1;1
202400032334;155 724 775;2;0;1;1;1;3
202400032335;155 724 773;50;0;2;3;-1;3
202400032335;155 724 774;7;0;2;3;15;1
202400032336;155 724 771;50;0;2;0;14;3
202400032336;155 724 772;7;0;2;0;15;1
202400032337;155 724 770;30;0;0;7;1;1
202400032338;155 724 768;7;0;2;1;1;1
202400032338;155 724 769;7;0;2;1;5;1
202400032339;155 724 766;7;0;2;3;15;1
202400032339;155 724 767;33;0;2;1;5;1
202400032340;155 724 765;7;4;0;3;13;1
202400032341;155 724 763;7;0;2;1;9;1
202400032341;155 724 764;1;0;2;7;1;5
202400032342;155 724 761;7;0;2;1;2;1
202400032342;155 724 762;7;0;2;4;1;1
202400032343;155 724 759;37;0;2;1;2;3
202400032343;155 724 760;7;0;2;4;1;1
202400032344;155 724 757;7;0;2;3;1;1
202400032344;155 724 758;7;0;2;3;1;1
202400032345;155 724 755;7;0;2;3;13;1
202400032345;155 724 756;34;0;2;2;0;1
202400032346;155 724 754;7;13;0;2;0;1
202400032347;155 724 753;7;0;1;2;1;1
202400032348;155 724 751;7;1;0;8;24;1
202400032348;155 724 752;7;1;1;3;21;1
202400032349;155 724 750;7;0;1;1;15;1
202400032350;155 724 748;7;0;2;3;1;1
202400032350;155 724 749;50;0;2;1;1;3
202400032351;155 724 745;10;0;2;1;2;1
202400032351;155 724 746;7;0;2;2;2;1
202400032351;155 724 747;7;0;2;6;2;1
202400032352;155 724 743;50;0;2;1;1;3
202400032352;155 724 744;7;0;2;2;26;1
202400032353;155 724 742;33;0;1;1;9;1
202400032354;155 724 741;7;16;0;9;15;1
202400032355;155 724 739;50;0;2;1;1;3
202400032355;155 724 740;7;0;2;3;15;1
202400032356;155 724 738;7;12;0;9;1;1
202400032357;155 724 737;7;0;1;2;1;1
202400032358;155 724 735;7;0;2;2;1;1
202400032358;155 724 736;7;0;2;7;15;1
202400032359;155 724 733;7;0;2;1;1;1
202400032359;155 724 734;7;0;2;1;13;1
202400032360;155 724 732;80;12;0;1;1;2
202400032361;155 724 730;30;0;2;4;2;1
202400032361;155 724 731;7;0;2;4;2;1
202400032362;155 724 729;7;0;1;1;2;0
202400032363;155 724 727;7;0;2;0;0;1
202400032363;155 724 728;30;0;2;2;26;1
202400032364;155 724 725;31;0;2;1;1;1
202400032364;155 724 726;10;0;2;3;23;1
202400032365;155 724 724;7;0;1;1;15;1
202400032366;155 724 722;50;0;2;8;1;3
202400032366;155 724 723;33;0;2;1;26;1
202400032367;155 724 720;7;1;2;9;17;1
202400032367;155 724 721;7;0;2;6;1;1
202400032368;155 724 718;7;0;2;3;10;2
202400032368;155 724 719;1;0;2;1;1;5
202400032369;155 724 716;7;0;2;7;1;1
202400032369;155 724 717;10;0;2;2;15;1
202400032370;155 724 715;7;0;1;4;20;3
202400032371;155 724 713;7;0;2;3;9;1
202400032371;155 724 714;32;0;2;2;15;1
202400032372;155 724 711;7;0;2;3;13;1
202400032372;155 724 712;7;0;2;1;1;1
202400032373;155 724 709;7;0;2;1;1;1
202400032373;155 724 710;7;0;2;3;1;1
202400032374;155 724 707;37;0;2;2;1;1
202400032374;155 724 708;7;0;2;7;16;1
202400032375;155 724 705;30;0;2;3;2;1
202400032375;155 724 706;7;0;2;3;0;1
202400032376;155 724 704;50;0;1;2;5;3
202400032377;155 724 703;50;1;2;1;21;3
202400032378;155 724 701;7;0;0;0;0;1
202400032378;155 724 702;7;0;2;1;1;1
202400032379;155 724 699;7;0;2;1;1;1
202400032379;155 724 700;7;0;2;7;1;1
202400032380;155 724 697;30;0;2;4;1;1
202400032380;155 724 698;7;0;2;1;1;2
202400032381;155 724 695;99;0;2;0;1;6
202400032381;155 724 696;7;0;2;1;26;1
202400032382;155 724 693;7;0;2;1;1;1
202400032382;155 724 694;7;0;2;8;1;1
202400032383;155 724 692;7;0;1;2;15;1
202400032384;155 724 690;30;0;2;2;17;1
202400032384;155 724 691;7;0;2;8;15;1
202400032385;155 724 688;80;0;2;1;5;3
202400032385;155 724 689;1;0;2;1;2;5
202400032386;155 724 686;7;0;2;3;15;1
202400032386;155 724 687;50;0;2;0;1;3
202400032387;155 724 685;7;0;1;3;19;1
202400032388;155 724 683;7;0;2;3;15;-1
202400032388;155 724 684;33;0;2;2;16;-1
202400032389;155 724 681;7;0;2;5;15;1
202400032389;155 724 682;7;0;2;1;1;1
202400032390;155 724 680;30;0;0;8;0;1
202400032391;155 724 678;7;0;2;3;15;1
202400032391;155 724 679;30;0;2;2;3;1
202400032392;155 724 675;7;0;2;1;1;1
202400032392;155 724 676;7;0;2;4;1;1
202400032392;155 724 677;7;0;2;4;1;1
202400032393;155 724 673;10;0;2;3;11;1
202400032393;155 724 674;33;0;2;5;1;1
202400032394;155 724 671;7;0;2;1;2;1
202400032394;155 724 672;7;0;2;4;2;1
202400032395;155 724 669;7;0;2;2;2;0
202400032395;155 724 670;1;0;2;4;1;5
202400032396;155 724 667;1;0;2;7;1;5
202400032396;155 724 668;10;0;2;1;0;1
202400032397;155 724 665;7;0;2;1;1;1
202400032397;155 724 666;30;0;2;1;5;1
202400032398;155 724 663;7;0;9;1;15;1
202400032398;155 724 664;50;0;2;0;0;3
202400032399;155 724 661;7;0;2;2;15;1
202400032399;155 724 662;33;8;2;1;1;1
202400032400;155 724 660;10;0;1;2;1;1
202400032401;155 724 658;33;0;2;1;17;1
202400032401;155 724 659;7;0;2;0;0;1
202400032402;155 724 657;33;12;0;2;0;1
202400032403;155 724 655;50;0;9;7;16;3
202400032403;155 724 656;7;0;9;6;15;1
202400032404;155 724 652;7;0;2;1;2;1
202400032404;155 724 653;7;0;2;4;2;1
202400032405;155 724 650;34;0;2;1;1;1
202400032405;155 724 651;7;0;2;2;15;2
202400032406;155 724 648;7;0;2;4;23;1
202400032406;155 724 649;7;0;2;1;2;1
202400032407;155 724 646;50;0;2;1;1;3
202400032407;155 724 647;10;0;2;6;1;1
202400032408;155 724 645;7;0;1;3;15;1
202400032409;155 724 643;31;0;2;1;1;1
202400032409;155 724 644;7;0;2;3;19;1
202400032410;155 724 642;10;0;9;2;1;1
202400032411;155 724 640;7;0;2;3;19;1
202400032411;155 724 641;7;0;2;2;1;1
202400032412;155 724 638;38;0;2;6;1;1
202400032412;155 724 639;30;0;2;8;1;1
202400032413;155 724 637;33;14;0;1;26;1
202400032414;155 724 636;33;7;0;7;26;1
202400032415;155 724 634;7;0;0;2;14;1
202400032415;155 724 635;33;0;0;2;1;1
202400032416;155 724 633;50;1;0;1;17;3
202400032417;155 724 631;1;0;2;1;1;5
202400032417;155 724 632;7;0;2;5;1;1
202400032418;155 724 630;33;0;1;3;1;1
202400032419;155 724 628;30;0;2;1;18;1
202400032419;155 724 629;10;0;2;7;16;1
202400032420;155 724 626;7;0;2;6;24;0
202400032420;155 724 627;80;0;2;8;11;3
202400032421;155 724 624;7;0;2;5;24;2
202400032421;155 724 625;1;0;2;1;22;5
202400032422;155 724 622;30;0;2;1;21;1
202400032422;155 724 623;10;0;2;5;16;1
202400032423;155 724 620;50;0;2;6;15;3
202400032423;155 724 621;32;0;2;1;1;1
202400032424;155 724 618;50;0;2;1;5;3
202400032424;155 724 619;33;0;2;1;13;1
202400032425;155 724 616;7;0;2;1;1;1
202400032425;155 724 617;10;0;2;2;15;1
202400032426;155 724 614;7;0;2;1;16;1
202400032426;155 724 615;1;0;2;7;19;5
202400032427;155 724 612;33;0;2;1;1;1
202400032427;155 724 613;7;0;2;3;2;1
202400032428;155 724 610;50;0;2;3;2;3
202400032428;155 724 611;32;0;2;1;15;1
202400032429;155 724 608;21;0;2;1;16;1
202400032429;155 724 609;7;0;2;2;1;0
202400032430;155 724 606;7;0;2;7;14;1
202400032430;155 724 607;37;0;2;8;1;2
202400032431;155 724 604;33;0;2;1;1;1
202400032431;155 724 605;1;0;2;5;16;5
202400032432;155 724 602;7;0;2;1;1;1
202400032432;155 724 603;50;0;2;1;16;3
202400032433;155 724 600;30;0;2;3;1;1
202400032433;155 724 601;50;0;2;1;15;3
202400032434;155 724 599;7;0;1;2;1;2
202400032435;155 724 598;0;0;1;1;1;0
202400032436;155 724 596;10;0;2;3;17;1
202400032436;155 724 597;33;0;2;2;1;1
202400032437;155 724 595;50;1;0;3;13;3
202400032438;155 724 593;7;0;2;3;1;1
202400032438;155 724 594;7;0;2;2;1;1
202400032439;155 724 591;34;1;2;6;1;1
202400032439;155 724 592;7;0;0;0;0;0
202400032440;155 724 589;30;0;2;7;15;1
202400032440;155 724 590;7;0;2;1;1;2
202400032441;155 724 587;7;0;2;1;1;1
202400032441;155 724 588;37;0;0;5;2;4
202400032442;155 724 586;1;12;0;2;26;5
202400032443;155 724 585;50;14;0;1;1;3
202400032444;155 724 584;33;0;1;1;3;1
202400032445;155 724 583;7;2;0;3;13;1
202400032446;155 724 581;7;4;2;8;14;1
202400032446;155 724 582;7;0;2;8;0;1
202400032447;155 724 579;1;0;0;4;0;5
202400032447;155 724 580;7;0;0;2;0;1
202400032448;155 724 578;33;0;0;7;0;0
202400032449;155 724 577;7;13;0;3;1;0
202400032450;155 724 575;7;0;2;1;13;1
202400032450;155 724 576;7;0;2;1;1;2
202400032451;155 724 574;7;0;0;1;1;1
202400032452;155 724 573;33;0;0;8;1;1
202400032453;155 724 571;7;0;2;3;1;1
202400032453;155 724 572;7;0;2;1;13;1
202400032454;155 724 570;7;13;0;3;13;1