Num_Acc;id_vehicule;catv;obs;obsm;choc;manv;motor
202400033881;155 722 097;50;0;2;1;16;3
202400033881;155 722 100;7;0;2;1;1;1
202400033882;155 722 094;7;6;1;1;20;1
202400033883;155 722 092;2;0;2;1;2;1
202400033883;155 722 096;7;0;2;4;16;1
202400033884;155 722 091;33;2;0;1;2;1
202400033885;155 722 090;7;0;2;1;13;1
202400033885;155 722 093;7;0;2;6;1;4
202400033885;155 722 095;10;0;2;3;1;1
202400033886;155 722 089;7;15;0;1;0;1
202400033887;155 722 088;7;0;1;2;15;0
202400033888;155 722 086;30;0;2;1;1;3
202400033888;155 722 087;7;0;2;8;19;3
202400033889;155 722 085;7;6;0;1;1;1
202400033890;155 722 083;33;0;2;4;26;1
202400033890;155 722 084;30;0;0;5;13;1
202400033891;155 722 081;13;0;2;3;0;1
202400033891;155 722 082;33;0;2;0;0;1
202400033892;155 722 080;7;9;2;1;13;1
202400033893;155 722 079;7;0;1;1;21;2
202400033894;155 722 077;2;12;2;7;1;3
202400033895;155 722 076;7;0;2;2;16;1
202400033895;155 722 078;1;0;2;1;18;5
202400033896;155 722 073;34;0;2;4;23;1
202400033896;155 722 075;7;0;2;1;2;1
202400033897;155 722 072;7;0;2;5;1;-1
202400033897;155 722 074;30;0;2;1;2;1
202400033898;155 722 071;30;0;0;0;26;3
202400033899;155 722 068;7;0;2;3;0;1
202400033899;155 722 070;38;0;2;2;1;1
202400033900;155 722 067;7;0;2;5;15;1
202400033900;155 722 069;32;0;2;1;1;1
202400033901;155 722 062;10;0;2;1;12;1
202400033901;155 722 064;31;0;2;6;1;3
202400033901;155 722 066;7;0;2;6;2;1
202400033902;155 722 063;10;0;2;3;9;1
202400033902;155 722 065;33;0;2;2;1;1
202400033903;155 722 061;33;0;0;9;1;1
202400033904;155 722 059;10;12;0;1;5;0
202400033904;155 722 060;31;12;2;1;1;0
202400033905;155 722 056;33;0;2;3;17;1
202400033905;155 722 058;7;0;2;3;1;1
202400033906;155 722 057;33;1;0;7;1;1
202400033907;155 722 055;33;0;0;0;26;1
202400033908;155 722 053;7;0;2;1;19;2
202400033908;155 722 054;7;0;2;8;1;1
202400033909;155 722 052;2;0;0;3;1;1
202400033910;155 722 047;7;0;2;1;13;1
202400033910;155 722 049;7;0;2;3;1;1
202400033911;155 722 046;7;0;2;8;1;1
202400033911;155 722 048;7;0;2;3;13;1
202400033911;155 722 050;7;0;2;3;1;1
202400033911;155 722 051;7;0;2;1;21;1
202400033912;155 722 044;7;4;0;1;1;1
202400033913;155 722 043;7;0;2;2;17;1
202400033913;155 722 045;7;0;2;8;15;1
202400033914;155 722 041;7;0;2;4;10;1
202400033914;155 722 042;33;0;2;1;1;1
202400033915;155 722 040;7;0;0;2;1;1
202400033916;155 722 036;2;0;0;0;1;1
202400033917;155 722 037;7;0;2;4;1;1
202400033917;155 722 039;15;0;2;1;1;1
202400033918;155 722 035;7;0;2;0;17;1
202400033918;155 722 038;50;0;2;2;26;3
202400033919;155 722 034;7;0;1;1;19;1
202400033920;155 722 029;37;0;2;1;1;1
202400033920;155 722 032;7;0;2;9;1;1
202400033920;155 722 033;7;0;2;4;1;1
202400033921;155 722 030;7;0;2;1;1;1
202400033921;155 722 031;10;0;2;3;1;1
202400033922;155 722 028;30;0;0;3;14;1
202400033923;155 722 023;10;0;2;1;2;1
202400033923;155 722 025;7;0;2;4;2;1
202400033923;155 722 027;7;0;0;4;2;1
202400033924;155 722 021;7;0;2;1;3;1
202400033924;155 722 022;7;0;2;4;23;1
202400033924;155 722 024;7;0;2;4;23;1
202400033924;155 722 026;7;0;2;4;23;1
202400033925;155 722 018;14;0;2;2;12;1
202400033925;155 722 020;7;0;2;8;1;1
202400033926;155 722 017;7;0;2;2;16;1
202400033926;155 722 019;80;0;2;1;1;3
202400033927;155 722 016;7;0;0;9;1;1
202400033928;155 722 015;37;0;1;1;1;0
202400033929;155 722 013;7;4;2;6;9;1
202400033929;155 722 014;7;4;2;3;9;1
202400033930;155 722 011;33;0;2;1;1;1
202400033930;155 722 012;7;0;2;3;10;1
202400033931;155 722 009;43;0;2;2;3;1
202400033931;155 722 010;10;0;2;6;1;1
202400033932;155 722 007;7;0;2;5;12;1
202400033932;155 722 008;7;0;2;1;1;1
202400033933;155 722 005;7;0;1;2;1;1
202400033934;155 722 004;32;0;2;1;26;1
202400033934;155 722 006;7;0;2;8;11;1
202400033935;155 722 003;1;5;0;1;14;5
202400033936;155 722 000;15;0;2;1;2;1
202400033936;155 722 001;15;0;2;4;2;1
202400033936;155 722 002;7;0;2;4;2;2
202400033937;155 721 999;30;1;0;1;14;1
202400033938;155 721 996;7;0;2;1;26;0
202400033938;155 721 998;1;0;2;0;0;5
202400033939;155 721 995;7;0;2;1;1;1
202400033939;155 721 997;14;0;2;4;1;1
202400033940;155 721 994;7;0;1;1;1;1
202400033941;155 721 992;1;0;1;1;1;5
202400033942;155 721 989;7;0;2;4;2;1
202400033942;155 721 990;7;0;2;4;2;1
202400033942;155 721 991;7;0;2;1;2;1
202400033942;155 721 993;10;0;2;4;2;1
202400033943;155 721 987;7;0;1;3;1;1
202400033943;155 721 988;7;0;0;8;23;1
202400033944;155 721 986;10;13;9;2;21;1
202400033945;155 721 983;7;0;2;3;15;1
202400033945;155 721 985;7;0;2;2;1;1
202400033946;155 721 981;7;0;2;8;1;1
202400033946;155 721 982;38;0;2;0;0;1
202400033947;155 721 980;7;3;0;3;13;1
202400033948;155 721 978;34;0;2;0;21;1
202400033948;155 721 979;2;0;2;1;19;1
202400033949;155 721 976;30;0;2;1;1;1
202400033949;155 721 977;7;0;2;1;15;1
202400033950;155 721 974;33;0;2;3;1;1
202400033950;155 721 975;7;0;2;2;12;1
202400033951;155 721 972;1;0;2;1;1;5
202400033951;155 721 973;7;0;9;7;16;1
202400033952;155 721 969;7;0;2;3;13;1
202400033952;155 721 970;7;0;2;3;1;4
202400033953;155 721 968;30;1;0;1;0;1
202400033953;155 721 971;7;0;0;4;23;1
202400033954;155 721 966;7;0;2;3;10;1
202400033954;155 721 967;32;0;2;1;1;1
202400033955;155 721 965;30;0;0;0;0;1
202400033956;155 721 964;7;0;1;7;1;3
202400033957;155 721 961;7;0;2;0;0;1
202400033958;155 721 962;7;0;2;3;1;2
202400033958;155 721 963;50;0;2;1;1;3
202400033959;155 721 959;7;0;1;1;1;1
202400033960;155 721 958;33;0;2;7;3;1
202400033960;155 721 960;7;0;2;1;15;2
202400033961;155 721 955;7;0;2;8;13;1
202400033961;155 721 956;7;0;2;7;1;1
202400033962;155 721 953;7;0;2;1;9;1
202400033962;155 721 954;33;0;2;1;1;1
202400033962;155 721 957;1;0;2;1;1;0
202400033963;155 721 951;30;0;2;1;26;1
202400033963;155 721 952;1;0;2;1;1;5
202400033964;155 721 950;7;0;1;4;20;2
202400033965;155 721 947;7;0;1;1;2;1
202400033966;155 721 948;7;0;2;4;1;1
202400033966;155 721 949;1;0;2;4;2;5
202400033967;155 721 944;7;0;2;3;1;1
202400033967;155 721 945;7;0;2;2;15;2
202400033968;155 721 942;7;0;2;4;2;1
202400033968;155 721 943;7;0;2;4;2;1
202400033968;155 721 946;38;0;2;1;2;1
202400033969;155 721 938;7;0;2;1;2;1
202400033969;155 721 940;7;0;2;4;2;1
202400033970;155 721 939;7;0;2;4;9;1
202400033970;155 721 941;1;0;2;1;1;5
202400033971;155 721 936;33;0;2;3;3;1
202400033971;155 721 937;7;0;2;5;2;1
202400033972;155 721 935;7;4;0;9;13;1
202400033973;155 721 933;7;0;2;3;15;1
202400033973;155 721 934;1;0;2;7;1;5
202400033974;155 721 932;7;0;2;7;21;1
202400033975;155 721 931;1;0;1;1;1;5
202400033976;155 721 929;33;0;2;1;0;1
202400033976;155 721 930;7;0;2;6;0;1
202400033977;155 721 927;30;14;0;0;1;1
202400033978;155 721 926;30;0;2;5;26;1
202400033978;155 721 928;14;0;2;5;23;1
202400033979;155 721 925;7;2;0;1;14;1
202400033980;155 721 923;7;6;0;1;1;3
202400033981;155 721 922;1;1;0;1;1;5
202400033981;155 721 924;7;0;9;3;22;1
202400033982;155 721 920;7;0;2;7;2;1
202400033982;155 721 921;1;0;2;0;0;5
202400033983;155 721 918;7;0;2;4;23;1
202400033983;155 721 919;7;0;2;1;1;1
202400033984;155 721 917;7;0;1;1;15;0
202400033985;155 721 916;1;0;1;1;1;5
202400033986;155 721 914;7;0;2;1;1;1
202400033986;155 721 915;50;0;2;7;19;3
202400033987;155 721 913;80;12;0;8;1;3
202400033988;155 721 911;7;0;2;2;19;3
202400033988;155 721 912;7;0;2;0;1;1
202400033989;155 721 910;7;0;1;2;1;3
202400033990;155 721 908;7;0;1;0;0;-1
202400033991;155 721 907;7;0;2;2;2;1
202400033991;155 721 909;1;0;2;2;0;5
202400033992;155 721 905;7;8;0;1;2;1
202400033993;155 721 904;7;0;2;7;15;1
202400033993;155 721 906;33;0;2;1;1;1
202400033994;155 721 903;1;16;0;0;0;5
202400033995;155 721 902;7;0;1;2;17;1
202400033996;155 721 900;7;0;2;2;16;1
202400033996;155 721 901;50;0;2;1;1;3
202400033997;155 721 897;50;0;2;1;26;3
202400033997;155 721 899;7;0;9;3;1;1
202400033998;155 721 896;10;0;2;3;1;1
202400033998;155 721 898;33;0;2;5;17;1
202400033999;155 721 894;2;14;0;8;12;1
202400034000;155 721 895;7;0;1;1;1;1
202400034001;155 721 891;33;0;2;1;1;1
202400034001;155 721 893;7;0;2;1;15;1
202400034002;155 721 890;7;0;2;4;16;1
202400034002;155 721 892;7;0;2;1;1;1
202400034003;155 721 889;7;6;0;1;1;2
202400034004;155 721 887;7;0;0;5;1;1
202400034004;155 721 888;50;0;1;2;1;3
202400034005;155 721 885;30;0;2;3;2;1
202400034005;155 721 886;7;0;2;2;2;1
202400034006;155 721 883;30;6;0;1;1;1
202400034007;155 721 882;30;0;2;1;1;1
202400034007;155 721 884;7;0;2;8;15;1
202400034008;155 721 879;33;0;2;6;11;1
202400034008;155 721 881;7;0;2;2;11;1
202400034009;155 721 878;7;0;2;3;15;2
202400034009;155 721 880;1;0;2;7;0;5
202400034010;155 721 876;7;0;2;3;1;1
202400034010;155 721 877;50;0;2;8;1;3
202400034011;155 721 875;31;9;0;1;26;1
202400034012;155 721 873;33;0;2;1;17;1
202400034012;155 721 874;7;13;2;1;1;1
202400034013;155 721 871;7;0;2;2;13;1
202400034013;155 721 872;10;0;2;3;1;1
202400034014;155 721 870;7;0;1;1;1;1
202400034015;155 721 866;17;0;2;6;11;1
202400034015;155 721 868;7;0;2;2;1;1
202400034016;155 721 864;7;0;2;4;23;2
202400034016;155 721 865;7;0;2;4;23;1
202400034016;155 721 867;3;0;2;4;23;1
202400034016;155 721 869;7;0;2;1;1;1
202400034017;155 721 863;2;13;0;1;2;1
202400034018;155 721 860;33;0;2;1;1;1
202400034018;155 721 862;10;0;0;6;16;1
202400034019;155 721 859;14;0;2;3;13;6
202400034019;155 721 861;15;0;0;3;1;1
202400034020;155 721 857;33;5;0;2;0;1
202400034021;155 721 852;7;0;2;1;2;1
202400034021;155 721 855;7;0;2;4;23;1
202400034021;155 721 856;7;0;2;4;23;1
202400034021;155 721 858;7;0;2;4;23;1
202400034022;155 721 849;33;0;0;7;1;1
202400034022;155 721 851;7;0;2;2;15;1
202400034023;155 721 848;60;0;2;0;0;5
202400034023;155 721 850;7;0;2;1;9;1
202400034024;155 721 846;1;0;2;8;9;5
202400034024;155 721 847;7;0;2;1;1;1
202400034025;155 721 844;7;6;0;2;26;1
202400034026;155 721 843;7;0;2;1;1;1
202400034026;155 721 845;7;0;2;2;15;1
202400034027;155 721 841;1;0;2;4;1;5
202400034027;155 721 842;10;0;2;2;1;1
202400034028;155 721 838;10;0;2;1;1;1
202400034028;155 721 840;7;7;0;2;1;1
202400034029;155 721 836;7;0;2;2;1;1
202400034029;155 721 839;10;0;2;3;15;1
202400034030;155 721 835;33;0;0;7;1;1
202400034030;155 721 837;10;0;0;5;15;1
202400034031;155 721 834;7;0;1;1;1;1
202400034032;155 721 833;7;2;0;1;1;1
202400034033;155 721 831;7;0;1;3;1;1
202400034034;155 721 830;1;0;2;2;15;5
202400034034;155 721 832;31;0;2;1;1;1
202400034035;155 721 828;7;0;0;3;6;1
202400034035;155 721 829;33;0;2;1;1;1
202400034036;155 721 825;21;0;2;6;2;0
202400034036;155 721 826;10;0;2;2;2;1
202400034037;155 721 824;50;0;2;1;1;3
202400034037;155 721 827;7;0;2;2;15;1
202400034038;155 721 823;1;14;0;1;0;5
202400034039;155 721 821;33;0;2;1;9;1
202400034039;155 721 822;7;0;2;1;26;1
202400034040;155 721 819;10;0;9;3;16;1
202400034040;155 721 820;1;0;2;7;19;5
202400034041;155 721 817;33;0;2;1;1;1
202400034041;155 721 818;7;0;2;1;10;1
202400034042;155 721 815;7;0;2;3;19;2
202400034042;155 721 816;30;0;2;1;1;1
202400034043;155 721 813;33;0;2;8;2;1
202400034043;155 721 814;7;0;2;6;23;1
202400034044;155 721 810;7;0;2;8;11;1
202400034044;155 721 812;2;1;2;7;2;1
202400034045;155 721 811;7;0;0;9;1;1
202400034046;155 721 809;7;1;0;2;14;1
202400034047;155 721 808;33;0;0;8;1;1
202400034048;155 721 807;7;0;1;1;1;1
202400034049;155 721 805;33;13;0;0;2;1
202400034050;155 721 804;7;0;2;8;9;1
202400034050;155 721 806;7;0;2;2;1;1
202400034051;155 721 802;7;0;2;1;9;1
202400034051;155 721 803;1;0;2;1;1;5
202400034052;155 721 799;1;0;2;1;1;5
202400034052;155 721 801;50;0;2;8;15;3
202400034053;155 721 795;1;0;2;0;2;5
202400034053;155 721 796;1;0;2;0;2;5
202400034053;155 721 797;1;0;2;0;2;5
202400034053;155 721 798;1;0;2;0;2;5
202400034053;155 721 800;1;0;2;0;2;5
202400034054;155 721 793;50;0;2;1;1;3
202400034054;155 721 794;10;0;2;3;16;1
202400034055;155 721 792;7;2;0;1;14;1
202400034056;155 721 790;33;0;2;1;0;-1
202400034056;155 721 791;10;0;2;-1;0;-1
202400034057;155 721 788;7;0;2;1;13;1
202400034057;155 721 789;7;0;2;1;1;1
202400034058;155 721 784;1;0;0;9;21;5
202400034058;155 721 786;7;0;0;0;9;0
202400034059;155 721 783;7;0;2;8;1;1
202400034059;155 721 785;7;0;2;1;1;1
202400034059;155 721 787;7;0;2;1;5;1
202400034060;155 721 782;10;13;0;8;13;1
202400034061;155 721 780;7;0;2;3;20;1
202400034061;155 721 781;30;0;2;2;2;3
202400034062;155 721 779;3;2;0;7;1;1
202400034063;155 721 775;30;0;2;1;1;1
202400034063;155 721 778;7;0;2;3;15;1
202400034064;155 721 776;1;0;2;8;1;5
202400034064;155 721 777;10;0;9;2;1;1
202400034065;155 721 772;7;0;2;3;15;1
202400034065;155 721 774;2;1;2;1;1;1
202400034066;155 721 771;7;0;2;1;1;1
202400034066;155 721 773;7;0;2;0;0;3
202400034067;155 721 770;7;0;0;5;0;6
202400034068;155 721 766;7;2;2;2;1;1
202400034068;155 721 768;1;0;2;0;0;5
202400034069;155 721 767;7;0;2;2;26;1
202400034069;155 721 769;50;0;2;2;19;3
202400034070;155 721 764;7;4;0;3;0;1
202400034071;155 721 763;3;0;2;3;16;1
202400034071;155 721 765;2;0;2;7;16;1
202400034072;155 721 761;7;6;0;1;1;1
202400034073;155 721 759;14;1;0;2;1;1
202400034073;155 721 760;14;1;0;2;1;1
202400034073;155 721 762;10;4;0;4;23;1
202400034074;155 721 758;33;4;0;1;1;1
202400034075;155 721 754;7;0;2;3;10;1
202400034075;155 721 757;10;0;2;2;1;1
202400034076;155 721 753;7;0;2;3;1;1
202400034076;155 721 755;32;0;2;1;17;1
202400034076;155 721 756;7;0;2;3;2;1
202400034077;155 721 752;33;0;0;1;0;1
202400034078;155 721 750;7;0;2;1;13;0
202400034078;155 721 751;7;0;2;1;1;1
202400034079;155 721 747;7;0;0;0;9;2
202400034079;155 721 749;34;0;0;0;2;1
202400034080;155 721 746;50;0;2;1;19;3
202400034080;155 721 748;7;0;2;1;0;1
202400034081;155 721 743;10;0;2;3;19;1
202400034081;155 721 745;1;0;2;1;15;5
202400034082;155 721 742;7;0;2;3;13;1
202400034082;155 721 744;7;0;2;3;1;1
202400034083;155 721 741;7;0;1;2;11;1
202400034084;155 721 740;2;2;0;1;1;1
202400034085;155 721 738;1;0;2;0;0;5
202400034085;155 721 739;7;0;2;5;15;1
202400034086;155 721 737;7;1;0;1;13;1
202400034087;155 721 735;33;0;2;1;2;1
202400034087;155 721 736;7;0;2;3;15;1
202400034088;155 721 733;33;0;2;1;1;1
202400034088;155 721 734;7;0;2;6;9;1
202400034089;155 721 731;7;8;2;2;13;1
202400034089;155 721 732;10;0;2;6;1;3
202400034090;155 721 729;7;15;2;8;1;1
202400034090;155 721 730;7;0;2;1;9;1
202400034091;155 721 726;7;13;0;3;13;1
202400034092;155 721 723;7;0;2;4;2;1
202400034092;155 721 724;7;0;2;4;1;1
202400034092;155 721 725;7;0;2;4;2;1
202400034092;155 721 727;10;0;2;4;1;1
202400034092;155 721 728;10;0;2;1;2;1
202400034093;155 721 721;33;0;2;2;17;1
202400034093;155 721 722;7;0;2;8;15;1
202400034094;155 721 719;33;12;2;1;2;1
202400034094;155 721 720;7;0;2;5;2;1
202400034095;155 721 718;7;13;0;1;2;1
202400034096;155 721 715;7;0;2;1;2;1
202400034096;155 721 716;7;0;2;4;2;2
202400034096;155 721 717;7;0;2;4;2;1
202400034097;155 721 713;2;0;2;7;19;1
202400034097;155 721 714;7;13;2;1;1;1
202400034098;155 721 712;7;0;1;5;1;1
202400034099;155 721 711;7;2;0;9;1;1
202400034100;155 721 708;2;0;2;1;1;1
202400034100;155 721 710;7;0;2;2;1;2
202400034101;155 721 707;7;0;2;2;19;1
202400034101;155 721 709;7;0;2;3;1;1
202400034102;155 721 706;33;0;1;1;10;1
202400034103;155 721 702;32;0;0;6;15;1
202400034103;155 721 705;7;0;2;2;1;1
202400034104;155 721 701;10;0;2;1;2;1
202400034104;155 721 703;33;0;2;1;3;1
202400034104;155 721 704;7;0;2;4;2;1
202400034105;155 721 700;2;0;0;0;1;3
202400034106;155 721 699;1;14;0;1;1;5
202400034107;155 721 697;7;0;2;2;1;1
202400034107;155 721 698;1;0;2;4;2;5
202400034108;155 721 696;1;0;1;1;1;5
202400034109;155 721 694;33;3;2;8;1;1
202400034109;155 721 695;10;0;2;2;9;1
202400034110;155 721 692;10;0;2;7;15;2
202400034110;155 721 693;2;0;2;1;1;1
202400034111;155 721 690;1;0;1;1;1;5
202400034112;155 721 689;7;0;2;1;26;1
202400034112;155 721 691;33;0;2;4;1;1
202400034113;155 721 687;31;0;0;0;14;1
202400034114;155 721 688;7;0;1;8;0;2
202400034115;155 721 684;7;0;2;4;12;1
202400034115;155 721 685;33;0;2;1;3;1
202400034116;155 721 682;31;0;2;7;2;1
202400034116;155 721 683;10;0;2;3;10;3
202400034117;155 721 680;34;0;2;1;3;1
202400034117;155 721 681;7;0;2;5;1;1
202400034118;155 721 678;7;0;2;6;26;1
202400034118;155 721 679;7;0;2;3;17;1
202400034119;155 721 673;37;0;2;3;1;1
202400034119;155 721 676;7;0;2;2;15;1
202400034120;155 721 672;7;0;2;4;23;1
202400034120;155 721 674;7;0;2;4;23;1
202400034120;155 721 675;99;0;2;4;0;1
202400034120;155 721 677;7;0;2;1;23;1
202400034121;155 721 670;10;0;2;1;1;1
202400034121;155 721 671;7;0;2;4;9;1
202400034122;155 721 666;32;0;2;2;1;1
202400034122;155 721 668;10;0;2;3;16;1
202400034123;155 721 665;7;0;2;1;2;3
202400034123;155 721 667;7;0;2;4;23;1
202400034123;155 721 669;7;0;2;4;23;1
202400034124;155 721 662;7;1;0;0;1;2
202400034125;155 721 663;7;0;2;4;4;1
202400034125;155 721 664;1;0;2;0;1;5
202400034126;155 721 658;7;0;2;1;15;2
202400034126;155 721 659;2;0;2;7;1;3
202400034127;155 721 657;7;0;2;0;2;1
202400034127;155 721 660;7;0;2;0;11;2
202400034127;155 721 661;7;0;2;0;0;1
202400034128;155 721 655;30;0;1;1;1;1
202400034129;155 721 654;7;0;1;2;1;1
202400034130;155 721 653;1;0;2;7;1;5
202400034130;155 721 656;10;0;2;1;1;1
202400034131;155 721 650;7;0;2;3;11;2
202400034131;155 721 652;31;0;2;7;1;1
202400034132;155 721 649;33;0;2;1;2;1
202400034132;155 721 651;7;0;0;5;1;1
202400034133;155 721 647;7;14;0;3;1;1
202400034134;155 721 646;7;8;0;1;1;1
202400034135;155 721 645;7;0;2;1;19;1
202400034135;155 721 648;2;0;2;1;5;1
202400034136;155 721 642;30;0;2;3;1;0
202400034136;155 721 644;7;0;2;1;1;0
202400034137;155 721 640;36;0;2;0;13;1
202400034137;155 721 643;7;0;2;7;1;1
202400034138;155 721 639;50;1;0;1;26;3
202400034139;155 721 638;50;0;2;4;1;3
202400034139;155 721 641;7;0;2;1;1;0
202400034140;155 721 636;30;0;1;1;18;1
202400034141;155 721 635;7;0;2;8;2;1
202400034141;155 721 637;7;0;2;1;6;1
202400034142;155 721 633;7;0;1;1;16;0
202400034143;155 721 632;2;0;0;0;1;1
202400034144;155 721 628;7;0;2;1;2;1
202400034144;155 721 631;7;0;2;4;2;1
202400034144;155 721 634;7;0;0;4;2;1
202400034145;155 721 627;33;12;2;0;1;1
202400034145;155 721 629;7;0;2;8;1;3
202400034146;155 721 626;7;0;9;5;16;1
202400034146;155 721 630;1;0;2;1;0;5
202400034147;155 721 625;7;0;0;3;2;1
202400034148;155 721 622;7;0;2;6;1;1
202400034148;155 721 624;10;0;2;2;26;1
202400034149;155 721 623;7;0;1;8;25;0
202400034150;155 721 621;2;15;0;1;1;1
202400034151;155 721 620;33;0;5;8;1;1
202400034152;155 721 616;7;0;0;-1;9;1
202400034152;155 721 619;33;0;0;9;26;1
202400034153;155 721 614;7;0;2;3;11;0
202400034153;155 721 617;7;0;2;1;0;0
202400034154;155 721 615;7;0;2;3;1;1
202400034154;155 721 618;2;0;2;1;15;1
202400034155;155 721 612;31;0;2;1;1;1
202400034155;155 721 613;7;0;2;2;19;1
202400034156;155 721 606;10;0;0;3;1;0
202400034156;155 721 608;33;0;0;1;26;1
202400034157;155 721 604;7;13;0;1;14;1
202400034157;155 721 605;7;0;2;8;20;1
202400034157;155 721 607;7;1;0;4;26;1
202400034157;155 721 611;10;1;0;1;21;1
202400034158;155 721 609;7;0;2;2;16;1
202400034158;155 721 610;50;0;2;1;1;3
202400034159;155 721 603;7;0;0;0;2;1
202400034160;155 721 601;50;0;0;1;1;3
202400034161;155 721 599;7;0;0;9;12;1
202400034162;155 721 596;7;0;2;1;13;1
202400034162;155 721 598;7;0;2;1;13;2
202400034163;155 721 594;7;0;1;1;1;1
202400034164;155 721 592;31;0;2;5;17;1
202400034164;155 721 593;7;0;2;3;15;1
202400034165;155 721 590;7;14;2;3;2;1
202400034165;155 721 591;7;14;9;0;2;1
202400034165;155 721 595;7;4;0;9;1;1
202400034165;155 721 597;7;14;2;1;0;1
202400034165;155 721 600;7;14;2;0;1;2
202400034166;155 721 586;7;0;9;1;1;1
202400034166;155 721 587;1;0;0;1;1;5
202400034167;155 721 585;33;0;2;1;1;0
202400034167;155 721 588;7;0;0;0;19;0
202400034167;155 721 589;7;0;2;3;23;1
202400034168;155 721 584;7;0;0;3;1;1
202400034169;155 721 583;33;4;0;7;16;1
202400034170;155 721 580;7;0;1;7;2;1
202400034171;155 721 581;7;0;9;3;9;1
202400034171;155 721 582;80;0;0;5;1;3
202400034172;155 721 578;7;14;0;1;26;1
202400034173;155 721 573;7;0;2;3;1;1
202400034173;155 721 576;33;13;2;0;17;1
202400034174;155 721 574;7;0;2;1;1;1
202400034174;155 721 575;7;0;2;8;1;1
202400034174;155 721 577;7;0;2;9;2;1
202400034174;155 721 579;7;0;2;4;2;1
202400034175;155 721 571;7;0;2;1;9;1
202400034175;155 721 572;1;0;2;7;1;5
202400034176;155 721 569;7;0;2;3;15;1
202400034176;155 721 570;7;0;2;2;18;1
202400034177;155 721 567;7;0;1;4;20;1
202400034178;155 721 566;32;0;2;8;1;1
202400034178;155 721 568;7;0;2;1;15;1
202400034179;155 721 563;7;0;2;2;1;1
202400034179;155 721 564;1;0;2;4;1;5
202400034179;155 721 565;1;0;2;6;1;5
202400034180;155 721 560;21;0;2;8;9;1
202400034180;155 721 562;31;0;2;1;1;1
202400034181;155 721 559;80;0;2;1;19;3
202400034181;155 721 561;7;0;2;2;1;1
202400034182;155 721 556;36;12;0;2;1;1
202400034183;155 721 555;1;0;2;0;1;5
202400034183;155 721 558;10;0;9;0;2;1
202400034184;155 721 557;38;16;0;7;1;1
202400034185;155 721 551;31;0;2;1;15;1
202400034185;155 721 554;7;0;2;2;15;1
202400034186;155 721 553;33;6;0;1;1;1
202400034187;155 721 550;7;0;2;7;20;1
202400034187;155 721 552;33;0;2;1;1;1
202400034188;155 721 549;80;1;0;0;1;3
202400034189;155 721 548;7;9;0;2;1;1
202400034190;155 721 545;2;12;0;0;1;1
202400034191;155 721 546;7;0;2;0;0;0
202400034191;155 721 547;99;0;2;0;19;0
202400034192;155 721 544;43;11;0;1;17;1
202400034193;155 721 542;7;0;2;1;1;1
202400034193;155 721 543;60;0;2;1;13;5
202400034194;155 721 539;37;0;2;6;1;0
202400034194;155 721 541;33;3;2;1;17;1
202400034195;155 721 538;33;0;2;1;1;1
202400034195;155 721 540;7;0;2;2;10;1
202400034196;155 721 537;7;0;1;4;25;1
202400034197;155 721 535;50;0;2;1;19;3
202400034197;155 721 536;7;0;2;3;0;1
202400034198;155 721 534;7;0;1;1;1;1
202400034199;155 721 530;7;0;2;1;1;1
202400034199;155 721 532;33;0;2;2;1;1
202400034200;155 721 531;50;0;4;1;1;3
202400034200;155 721 533;40;0;2;3;26;3
202400034201;155 721 529;7;16;0;-1;1;1
202400034202;155 721 527;7;0;2;1;13;1
202400034202;155 721 528;7;12;2;0;0;1
202400034203;155 721 525;7;0;2;3;15;1
202400034203;155 721 526;13;0;2;2;1;1
202400034204;155 721 521;7;0;0;2;1;1
202400034204;155 721 523;7;0;0;3;1;1
202400034205;155 721 522;2;0;2;0;0;0
202400034205;155 721 524;7;0;2;1;0;0
202400034206;155 721 518;2;5;2;1;2;1
202400034206;155 721 520;1;0;0;4;1;5
202400034207;155 721 516;7;6;0;7;0;1
202400034208;155 721 517;7;0;2;1;1;1
202400034208;155 721 519;1;0;2;7;1;5
202400034209;155 721 515;2;0;0;2;1;1
202400034210;155 721 512;7;0;2;2;2;1
202400034210;155 721 514;30;0;2;4;2;1
202400034211;155 721 510;2;0;2;1;2;1
202400034211;155 721 511;2;14;0;4;2;1
202400034211;155 721 513;7;0;0;4;23;1
202400034212;155 721 509;7;2;0;1;14;1
202400034213;155 721 507;1;0;2;4;0;5
202400034213;155 721 508;7;0;9;1;26;1
202400034214;155 721 505;7;0;2;1;15;1
202400034214;155 721 506;50;0;2;8;1;3
202400034215;155 721 503;7;13;2;1;1;1
202400034215;155 721 504;7;0;2;1;0;1
202400034216;155 721 499;15;0;2;3;0;1
202400034216;155 721 501;7;0;2;1;5;1
202400034217;155 721 495;7;0;0;5;1;1
202400034217;155 721 496;7;0;2;1;1;1
202400034217;155 721 498;13;0;0;2;1;1
202400034218;155 721 494;2;0;2;7;1;1
202400034218;155 721 497;7;0;2;3;9;1
202400034219;155 721 492;2;0;2;3;1;1
202400034219;155 721 493;7;0;2;2;1;1
202400034220;155 721 490;7;7;0;1;1;1