Num_Acc;id_vehicule;catv;obs;obsm;choc;manv;motor
202400035617;155 718 993;7;0;2;4;20;3
202400035618;155 718 991;30;0;2;3;7;1
202400035618;155 718 994;7;0;2;2;16;1
202400035619;155 718 986;7;0;0;4;1;1
202400035619;155 718 989;7;0;2;1;2;1
202400035620;155 718 983;7;0;2;1;19;1
202400035620;155 718 987;7;0;2;3;1;1
202400035621;155 718 982;7;0;2;1;1;1
202400035621;155 718 985;7;0;2;7;15;1
202400035621;155 718 988;7;0;2;1;1;1
202400035622;155 718 981;7;13;0;2;1;1
202400035623;155 718 980;7;3;2;3;1;1
202400035623;155 718 984;7;3;2;1;1;1
202400035624;155 718 977;33;0;2;2;17;1
202400035624;155 718 978;1;0;2;8;1;5
202400035624;155 718 979;7;0;2;3;15;2
202400035625;155 718 975;10;0;1;8;1;1
202400035626;155 718 973;7;0;0;8;10;1
202400035626;155 718 976;33;0;2;1;1;1
202400035627;155 718 972;7;11;2;1;0;1
202400035627;155 718 974;7;2;2;1;0;1
202400035628;155 718 969;7;0;2;3;1;1
202400035628;155 718 970;31;0;2;7;1;1
202400035629;155 718 966;7;0;2;1;19;1
202400035629;155 718 971;7;0;2;8;1;1
202400035630;155 718 965;33;0;2;1;1;1
202400035630;155 718 968;33;0;2;1;13;1
202400035631;155 718 963;1;0;2;8;9;5
202400035631;155 718 967;7;0;2;2;12;1
202400035632;155 718 956;7;0;2;3;1;0
202400035632;155 718 960;33;0;2;3;1;1
202400035633;155 718 955;7;0;2;3;5;2
202400035633;155 718 959;7;0;2;0;1;1
202400035633;155 718 962;7;0;2;3;1;1
202400035633;155 718 964;7;0;2;3;1;1
202400035634;155 718 954;7;0;2;1;1;1
202400035634;155 718 958;1;0;2;4;1;5
202400035635;155 718 953;7;0;2;4;1;0
202400035635;155 718 957;7;1;2;1;1;1
202400035635;155 718 961;7;0;2;6;24;1
202400035636;155 718 952;10;0;1;3;1;1
202400035637;155 718 948;7;1;0;2;1;1
202400035638;155 718 950;17;6;0;1;13;1
202400035639;155 718 947;7;0;0;1;2;2
202400035639;155 718 949;7;0;0;4;2;1
202400035639;155 718 951;7;0;2;4;2;1
202400035640;155 718 944;30;0;2;1;14;1
202400035640;155 718 945;30;0;2;3;0;1
202400035641;155 718 938;33;0;2;1;17;1
202400035641;155 718 940;7;0;2;2;1;1
202400035642;155 718 942;10;4;0;3;1;1
202400035643;155 718 933;10;6;0;1;13;1
202400035644;155 718 937;7;0;2;1;23;1
202400035644;155 718 943;7;0;2;2;1;1
202400035644;155 718 946;7;0;2;2;15;1
202400035645;155 718 931;7;0;2;4;2;1
202400035645;155 718 932;7;0;2;1;2;1
202400035645;155 718 934;7;0;2;4;2;1
202400035645;155 718 935;7;0;2;1;2;1
202400035645;155 718 939;7;0;2;4;2;1
202400035645;155 718 941;7;0;2;1;2;1
202400035646;155 718 925;7;8;2;1;13;1
202400035646;155 718 927;7;0;2;3;1;1
202400035647;155 718 926;7;0;2;7;1;1
202400035647;155 718 930;7;0;2;7;1;1
202400035647;155 718 936;7;0;2;0;0;1
202400035648;155 718 924;7;0;9;7;16;1
202400035648;155 718 929;1;0;2;1;1;5
202400035649;155 718 922;7;3;0;1;1;1
202400035650;155 718 917;33;0;2;3;3;1
202400035650;155 718 919;10;0;2;5;11;1
202400035651;155 718 921;7;0;1;2;21;1
202400035652;155 718 923;15;0;2;1;21;1
202400035652;155 718 928;7;0;2;8;15;1
202400035653;155 718 914;17;0;2;1;1;0
202400035653;155 718 916;7;0;2;4;1;3
202400035653;155 718 920;7;0;2;1;1;1
202400035654;155 718 912;15;0;2;6;1;1
202400035654;155 718 913;7;0;2;3;13;1
202400035655;155 718 910;7;0;1;2;11;0
202400035656;155 718 909;7;0;2;3;11;1
202400035656;155 718 911;43;0;2;1;3;1
202400035657;155 718 908;7;6;0;1;1;1
202400035658;155 718 903;10;0;2;4;1;1
202400035658;155 718 904;33;0;2;1;13;1
202400035659;155 718 902;33;0;2;1;1;1
202400035659;155 718 906;7;0;2;8;9;1
202400035660;155 718 901;7;0;0;3;13;1
202400035661;155 718 899;7;0;2;7;1;1
202400035661;155 718 905;7;0;2;1;1;1
202400035662;155 718 897;33;0;0;1;1;1
202400035663;155 718 894;7;0;2;2;12;1
202400035663;155 718 898;31;0;2;3;1;1
202400035664;155 718 893;7;0;2;3;1;1
202400035664;155 718 896;7;0;2;3;0;1
202400035665;155 718 895;7;0;2;1;2;1
202400035665;155 718 900;7;0;2;5;2;2
202400035665;155 718 907;7;0;2;4;2;1
202400035666;155 718 891;50;0;0;1;15;3
202400035667;155 718 889;7;0;0;0;1;1
202400035668;155 718 884;33;0;2;8;26;1
202400035668;155 718 888;7;0;2;7;0;1
202400035668;155 718 890;7;0;2;8;2;1
202400035669;155 718 885;33;0;0;8;0;1
202400035670;155 718 883;7;0;2;7;14;1
202400035670;155 718 886;33;0;2;8;14;1
202400035671;155 718 887;7;0;2;8;1;3
202400035671;155 718 892;33;0;2;7;17;1
202400035672;155 718 878;7;0;0;4;26;1
202400035672;155 718 880;2;0;2;1;2;1
202400035673;155 718 879;0;-1;-1;-1;-1;-1
202400035673;155 718 881;34;0;2;6;1;1
202400035674;155 718 877;7;0;2;2;1;1
202400035674;155 718 882;7;0;2;3;15;1
202400035675;155 718 876;1;14;0;1;26;5
202400035676;155 718 872;7;0;2;5;1;1
202400035676;155 718 875;43;0;2;3;3;1
202400035677;155 718 871;7;0;2;7;1;1
202400035677;155 718 873;7;5;0;8;1;1
202400035678;155 718 863;7;0;2;1;1;1
202400035678;155 718 867;10;0;2;4;1;1
202400035678;155 718 868;7;0;2;4;1;1
202400035678;155 718 870;7;0;2;4;1;1
202400035678;155 718 874;7;0;2;4;1;1
202400035679;155 718 865;31;0;1;1;1;1
202400035680;155 718 861;7;0;2;3;1;1
202400035680;155 718 862;7;0;2;3;1;1
202400035681;155 718 860;15;0;0;9;2;1
202400035682;155 718 859;1;0;2;3;26;5
202400035682;155 718 866;99;0;2;2;1;1
202400035683;155 718 857;7;0;1;2;1;1
202400035684;155 718 855;7;0;2;1;13;1
202400035684;155 718 856;15;0;2;3;1;1
202400035685;155 718 854;10;0;2;1;2;1
202400035685;155 718 858;7;0;2;4;2;1
202400035685;155 718 864;7;0;2;4;2;1
202400035685;155 718 869;7;0;2;4;2;1
202400035686;155 718 853;7;6;0;1;14;1
202400035687;155 718 849;7;0;2;1;13;1
202400035687;155 718 851;10;0;2;3;1;1
202400035688;155 718 846;7;12;0;3;16;1
202400035689;155 718 847;7;0;1;1;16;1
202400035690;155 718 848;1;0;2;3;26;5
202400035690;155 718 852;7;0;9;3;10;1
202400035691;155 718 844;7;4;0;3;1;1
202400035692;155 718 839;7;0;2;1;15;1
202400035692;155 718 841;33;0;2;1;1;1
202400035693;155 718 842;10;0;1;3;1;1
202400035694;155 718 838;7;0;2;1;15;1
202400035694;155 718 840;1;0;2;8;1;5
202400035695;155 718 836;7;0;2;2;15;1
202400035695;155 718 837;2;0;2;1;1;1
202400035696;155 718 833;2;0;2;1;1;1
202400035696;155 718 835;7;0;2;1;5;1
202400035697;155 718 828;7;2;0;1;1;1
202400035698;155 718 829;10;0;2;3;9;1
202400035698;155 718 831;1;0;2;7;2;5
202400035699;155 718 830;7;0;2;2;1;1
202400035699;155 718 832;1;0;2;1;1;5
202400035700;155 718 827;32;0;2;2;17;1
202400035700;155 718 834;7;0;2;3;13;1
202400035701;155 718 825;7;0;1;1;1;1
202400035702;155 718 821;7;0;2;6;10;1
202400035702;155 718 824;1;0;2;1;17;5
202400035703;155 718 822;1;11;0;1;26;5
202400035704;155 718 819;21;0;0;0;0;1
202400035705;155 718 823;10;0;2;8;2;1
202400035705;155 718 826;33;0;2;7;3;1
202400035706;155 718 818;32;0;0;3;1;3
202400035707;155 718 816;7;13;0;3;1;1
202400035708;155 718 817;1;0;2;2;1;5
202400035708;155 718 820;7;0;2;2;9;2
202400035709;155 718 813;7;4;0;9;1;1
202400035710;155 718 812;1;0;2;1;1;5
202400035710;155 718 815;7;0;2;8;1;1
202400035711;155 718 810;7;3;0;0;0;1
202400035712;155 718 809;33;0;2;1;1;1
202400035712;155 718 811;7;0;2;1;19;1
202400035712;155 718 814;7;0;2;2;1;1
202400035713;155 718 805;7;0;2;0;11;1
202400035713;155 718 808;33;0;2;5;0;1
202400035714;155 718 807;43;0;1;2;21;1
202400035715;155 718 801;7;0;2;1;1;1
202400035715;155 718 804;7;0;0;4;16;1
202400035716;155 718 799;7;0;2;1;15;1
202400035716;155 718 802;33;0;2;1;1;1
202400035716;155 718 806;7;0;0;1;23;1
202400035717;155 718 803;31;0;1;1;1;3
202400035718;155 718 797;7;9;2;5;1;1
202400035718;155 718 800;7;9;2;1;13;1
202400035719;155 718 796;7;13;0;2;1;1
202400035720;155 718 798;10;0;1;1;1;1
202400035721;155 718 793;7;0;2;2;19;1
202400035721;155 718 795;7;0;2;8;1;1
202400035722;155 718 792;7;8;0;8;1;1
202400035723;155 718 790;37;0;1;2;26;1
202400035724;155 718 788;30;0;2;7;2;1
202400035724;155 718 791;7;0;2;8;15;1
202400035725;155 718 787;7;0;2;7;15;1
202400035725;155 718 789;50;0;2;1;1;3
202400035726;155 718 794;7;1;1;2;15;1
202400035727;155 718 785;33;0;0;1;1;1
202400035728;155 718 784;7;0;2;3;1;1
202400035728;155 718 786;50;0;2;1;5;3
202400035729;155 718 781;7;0;0;0;0;1
202400035729;155 718 782;7;0;0;0;0;1
202400035730;155 718 783;37;0;1;2;26;1
202400035731;155 718 780;10;0;0;0;0;1
202400035732;155 718 775;7;2;0;1;1;1
202400035733;155 718 774;7;0;2;8;0;0
202400035733;155 718 778;7;0;2;1;1;0
202400035734;155 718 773;7;0;1;1;1;1
202400035735;155 718 772;33;0;2;3;2;1
202400035735;155 718 777;7;0;2;2;2;1
202400035736;155 718 776;7;0;2;1;1;1
202400035736;155 718 779;7;0;2;5;1;1
202400035737;155 718 771;7;15;0;1;1;1
202400035738;155 718 767;33;12;0;2;1;1
202400035739;155 718 766;7;0;2;1;11;1
202400035739;155 718 769;31;0;2;9;3;1
202400035739;155 718 770;7;0;2;7;1;1
202400035740;155 718 764;2;0;0;7;1;1
202400035741;155 718 765;10;0;2;4;1;1
202400035741;155 718 768;10;0;2;1;19;1
202400035742;155 718 762;10;0;2;2;2;1
202400035742;155 718 763;7;8;0;8;15;1
202400035743;155 718 759;32;0;2;1;1;1
202400035743;155 718 761;7;0;2;1;15;2
202400035744;155 718 758;10;0;0;0;0;0
202400035744;155 718 760;7;0;2;5;1;1
202400035745;155 718 757;7;0;1;3;15;1
202400035746;155 718 755;10;0;1;2;1;1
202400035747;155 718 754;50;14;0;1;1;3
202400035748;155 718 756;7;0;1;3;1;1
202400035749;155 718 751;10;1;0;1;14;1
202400035749;155 718 753;7;0;2;4;23;1
202400035750;155 718 749;32;0;0;0;1;1
202400035751;155 718 747;10;0;2;3;15;1
202400035751;155 718 750;32;0;2;1;1;1
202400035752;155 718 748;1;0;2;0;0;5
202400035752;155 718 752;7;0;9;3;16;1
202400035753;155 718 744;7;0;2;6;11;0
202400035753;155 718 745;31;0;2;2;3;0
202400035754;155 718 740;7;0;2;3;13;1
202400035754;155 718 743;7;0;2;3;1;1
202400035755;155 718 738;1;0;2;3;1;5
202400035755;155 718 742;10;0;2;2;16;1
202400035756;155 718 741;7;0;1;3;15;1
202400035757;155 718 739;7;0;2;2;1;1
202400035757;155 718 746;2;0;2;3;1;1
202400035758;155 718 736;33;0;2;2;1;1
202400035758;155 718 737;13;0;2;6;11;1
202400035759;155 718 735;33;14;0;1;1;1
202400035760;155 718 734;30;0;0;8;9;1
202400035761;155 718 733;7;0;1;8;17;1
202400035762;155 718 730;7;0;2;8;9;1
202400035762;155 718 731;33;0;2;7;2;1
202400035763;155 718 729;30;0;1;2;1;3
202400035764;155 718 728;7;0;2;1;15;1
202400035764;155 718 732;33;0;2;7;1;1
202400035765;155 718 725;50;0;2;1;1;3
202400035765;155 718 727;7;0;2;4;1;1
202400035766;155 718 723;7;0;2;2;15;1
202400035766;155 718 726;33;0;2;1;1;1
202400035767;155 718 722;33;0;2;1;21;1
202400035767;155 718 724;7;0;0;6;2;1
202400035768;155 718 721;7;0;1;3;15;1
202400035769;155 718 720;7;6;1;1;13;1
202400035770;155 718 718;1;0;0;0;15;5
202400035771;155 718 717;7;0;2;1;9;1
202400035771;155 718 719;2;0;2;3;9;0
202400035772;155 718 714;7;0;1;1;1;1
202400035773;155 718 711;2;0;2;1;2;1
202400035773;155 718 713;7;0;2;4;4;1
202400035774;155 718 708;7;8;0;1;1;1
202400035775;155 718 710;7;15;0;1;1;1
202400035776;155 718 712;10;0;2;1;2;1
202400035776;155 718 715;10;0;2;4;2;1
202400035776;155 718 716;7;0;2;4;2;1
202400035777;155 718 707;7;0;2;1;26;1
202400035777;155 718 709;7;0;2;7;15;1
202400035778;155 718 706;7;6;0;1;13;1
202400035779;155 718 702;1;0;2;1;1;5
202400035779;155 718 705;1;0;2;1;0;5
202400035780;155 718 698;14;0;2;4;2;1
202400035780;155 718 700;7;0;2;1;2;1
202400035780;155 718 704;7;0;2;1;2;1
202400035781;155 718 699;2;0;6;1;1;1
202400035782;155 718 697;7;0;2;8;1;1
202400035782;155 718 701;60;0;2;0;0;5
202400035783;155 718 696;7;0;2;8;19;1
202400035783;155 718 703;7;0;2;1;1;1
202400035784;155 718 693;16;1;0;1;14;1
202400035784;155 718 695;17;0;0;4;24;1
202400035785;155 718 694;30;0;0;0;26;1
202400035786;155 718 690;10;13;0;1;1;1
202400035787;155 718 689;7;0;1;2;16;1
202400035788;155 718 688;7;3;0;1;0;1
202400035789;155 718 684;30;0;2;3;1;1
202400035789;155 718 687;7;0;2;1;1;1
202400035790;155 718 682;10;0;2;2;1;1
202400035790;155 718 685;30;0;2;1;13;1
202400035791;155 718 681;7;0;2;1;1;1
202400035791;155 718 683;2;0;0;8;19;1
202400035792;155 718 678;7;0;1;1;1;1
202400035793;155 718 675;33;0;2;1;17;1
202400035793;155 718 677;30;0;2;4;3;1
202400035794;155 718 676;15;0;0;0;17;1
202400035794;155 718 679;7;0;0;8;13;1
202400035795;155 718 680;33;6;2;1;21;1
202400035795;155 718 686;7;0;2;3;15;1
202400035796;155 718 673;7;0;2;1;7;1
202400035796;155 718 674;1;0;2;1;2;0
202400035797;155 718 669;7;0;2;1;14;1
202400035797;155 718 671;7;0;2;3;1;1
202400035798;155 718 668;7;0;2;0;0;1
202400035798;155 718 672;30;0;2;0;0;1
202400035799;155 718 667;50;0;0;8;15;3
202400035800;155 718 666;7;2;0;1;0;1
202400035801;155 718 664;31;0;9;8;1;3
202400035802;155 718 662;7;0;2;0;19;0
202400035802;155 718 665;1;0;2;0;1;5
202400035803;155 718 661;99;0;0;0;1;0
202400035803;155 718 663;7;0;2;0;12;1
202400035804;155 718 660;7;0;1;2;1;1
202400035805;155 718 659;7;8;1;1;14;1
202400035806;155 718 656;7;0;1;8;0;1
202400035807;155 718 657;30;0;2;3;18;1
202400035807;155 718 658;37;0;2;5;0;1
202400035808;155 718 654;3;0;2;5;1;1
202400035808;155 718 655;7;0;2;1;1;1
202400035809;155 718 653;7;0;1;1;1;1
202400035810;155 718 652;7;2;0;1;14;2
202400035811;155 718 650;31;0;2;1;17;1
202400035811;155 718 651;7;0;2;3;1;1
202400035812;155 718 647;7;0;2;3;15;1
202400035812;155 718 649;32;0;2;1;17;1
202400035813;155 718 648;33;8;0;1;1;1
202400035814;155 718 645;7;0;2;3;13;0
202400035814;155 718 646;7;0;2;3;1;0
202400035815;155 718 644;33;13;0;0;1;1
202400035816;155 718 642;7;0;2;0;13;1
202400035816;155 718 643;2;0;2;1;1;1
202400035817;155 718 640;7;0;2;6;9;1
202400035817;155 718 641;33;0;2;1;1;1
202400035818;155 718 638;7;13;0;3;14;1
202400035819;155 718 637;10;13;0;0;1;1
202400035820;155 718 636;2;0;2;1;1;1
202400035820;155 718 639;10;0;2;2;15;1
202400035821;155 718 633;10;0;2;4;23;1
202400035821;155 718 635;2;0;2;1;2;1
202400035822;155 718 629;7;0;2;1;2;0
202400035822;155 718 630;7;0;2;1;2;0
202400035822;155 718 632;7;0;2;4;1;0
202400035823;155 718 628;31;13;0;1;1;1
202400035824;155 718 625;33;0;2;1;1;1
202400035824;155 718 627;7;0;2;3;19;2
202400035825;155 718 624;7;1;2;2;16;0
202400035825;155 718 626;30;1;2;1;18;1
202400035826;155 718 622;7;0;2;1;13;1
202400035826;155 718 623;10;0;2;1;1;1
202400035827;155 718 619;7;3;0;1;0;1
202400035828;155 718 614;7;0;2;1;21;2
202400035828;155 718 616;7;0;2;1;21;1
202400035828;155 718 618;7;0;2;1;21;1
202400035828;155 718 620;7;0;6;1;21;1
202400035829;155 718 615;7;0;2;4;15;1
202400035829;155 718 617;7;0;2;1;1;1
202400035829;155 718 621;7;0;2;1;1;1
202400035830;155 718 612;3;0;2;1;1;1
202400035830;155 718 613;14;0;2;3;1;1
202400035831;155 718 609;7;0;2;7;14;1
202400035831;155 718 611;33;0;2;8;1;1
202400035832;155 718 608;7;13;0;9;1;1
202400035833;155 718 607;10;0;2;8;1;1
202400035833;155 718 610;7;0;2;1;1;1
202400035834;155 718 606;7;0;1;1;0;2
202400035835;155 718 603;7;0;9;2;2;1
202400035835;155 718 605;1;0;2;4;1;5
202400035836;155 718 602;7;0;2;3;13;3
202400035836;155 718 604;33;0;2;1;17;1
202400035837;155 718 600;33;13;0;0;1;1
202400035838;155 718 598;7;0;2;1;1;1
202400035838;155 718 601;7;0;2;1;13;1
202400035839;155 718 596;33;0;0;8;1;1
202400035840;155 718 597;7;0;2;8;1;1
202400035840;155 718 599;10;0;2;1;19;1
202400035841;155 718 594;7;0;2;4;2;1
202400035841;155 718 595;10;0;2;4;2;1
202400035842;155 718 590;15;0;0;6;1;1
202400035842;155 718 591;7;0;0;1;17;1
202400035842;155 718 593;7;0;2;1;2;1
202400035843;155 718 589;7;0;2;8;15;1
202400035843;155 718 592;2;0;2;1;26;1
202400035844;155 718 588;7;0;1;3;1;1
202400035845;155 718 587;2;9;0;3;0;1
202400035846;155 718 585;7;0;2;1;2;1
202400035846;155 718 586;7;0;2;4;1;1
202400035847;155 718 584;33;15;0;1;21;1
202400035848;155 718 582;33;0;2;4;1;1
202400035848;155 718 583;7;0;2;2;1;1
202400035849;155 718 580;31;13;0;1;0;1
202400035850;155 718 581;7;0;1;1;1;1
202400035851;155 718 577;33;4;0;8;1;1
202400035851;155 718 578;7;0;2;3;1;1
202400035852;155 718 576;10;0;2;4;4;1
202400035852;155 718 579;7;0;2;1;1;1
202400035853;155 718 573;10;0;2;2;14;1
202400035853;155 718 575;7;0;2;6;0;1
202400035854;155 718 574;7;5;0;9;26;1
202400035855;155 718 571;31;0;0;8;21;1
202400035855;155 718 572;7;0;0;3;13;0
202400035856;155 718 568;7;0;2;4;1;1
202400035856;155 718 570;7;0;2;1;1;1
202400035857;155 718 566;7;8;0;1;14;1
202400035858;155 718 567;7;0;2;2;15;1
202400035858;155 718 569;7;0;2;3;1;1
202400035859;155 718 563;7;0;2;1;13;1
202400035859;155 718 565;7;0;2;4;2;1
202400035860;155 718 562;7;0;2;3;1;1
202400035860;155 718 564;7;0;2;3;1;1
202400035861;155 718 558;7;0;1;0;19;1
202400035861;155 718 559;7;0;1;0;19;1
202400035861;155 718 560;7;0;1;0;19;1
202400035862;155 718 556;7;0;2;8;1;1
202400035862;155 718 561;33;0;2;9;1;1
202400035863;155 718 555;7;0;9;7;1;1
202400035863;155 718 557;50;0;2;0;1;3
202400035864;155 718 550;7;0;2;1;1;1
202400035864;155 718 553;7;0;2;1;1;1
202400035864;155 718 554;7;0;2;4;1;1
202400035865;155 718 549;7;0;2;8;1;1
202400035865;155 718 552;7;0;2;2;15;1
202400035866;155 718 548;7;9;0;1;3;2
202400035866;155 718 551;7;9;0;1;1;1
202400035867;155 718 546;33;5;0;1;1;1
202400035868;155 718 545;7;0;2;1;15;2
202400035868;155 718 547;31;0;2;8;15;1
202400035869;155 718 542;7;0;2;2;1;1
202400035869;155 718 544;10;0;2;2;13;1
202400035870;155 718 541;7;1;2;1;1;1
202400035870;155 718 543;7;0;2;3;1;1
202400035871;155 718 540;7;2;0;1;14;2
202400035872;155 718 538;50;0;2;1;1;3
202400035872;155 718 539;7;0;2;2;9;2
202400035873;155 718 537;2;0;6;1;1;1
202400035874;155 718 535;31;0;2;8;1;1
202400035874;155 718 536;7;0;2;3;2;2
202400035875;155 718 532;7;0;2;7;16;1
202400035875;155 718 533;50;0;2;1;1;3
202400035876;155 718 531;7;0;2;1;1;1
202400035876;155 718 534;7;0;2;5;19;1
202400035877;155 718 528;2;6;0;2;1;1
202400035878;155 718 529;7;0;2;2;1;1
202400035878;155 718 530;7;0;2;3;11;1
202400035879;155 718 526;30;0;0;9;1;1
202400035880;155 718 525;7;0;2;2;13;1
202400035880;155 718 527;7;0;2;6;1;1
202400035881;155 718 524;10;0;1;2;16;1
202400035882;155 718 523;7;2;0;3;13;1
202400035883;155 718 522;80;8;0;1;26;3
202400035884;155 718 521;36;0;0;0;1;1
202400035885;155 718 519;7;0;2;6;11;1
202400035885;155 718 520;32;0;2;1;1;1
202400035886;155 718 517;1;2;2;1;1;5
202400035886;155 718 518;7;8;2;7;1;3
202400035887;155 718 515;7;13;0;0;1;1
202400035888;155 718 514;33;0;2;7;1;1
202400035888;155 718 516;7;0;2;1;9;1
202400035889;155 718 512;7;13;0;0;1;3
202400035890;155 718 511;50;0;2;0;2;3
202400035890;155 718 513;7;0;9;7;2;1
202400035891;155 718 509;7;0;1;1;21;1
202400035892;155 718 508;2;0;2;1;1;0
202400035892;155 718 510;2;0;2;4;26;0
202400035893;155 718 506;7;0;2;3;1;1
202400035893;155 718 507;34;0;2;3;1;1
202400035894;155 718 504;7;12;0;1;1;1
202400035895;155 718 503;7;0;0;5;14;1
202400035895;155 718 505;33;0;0;8;1;5
202400035896;155 718 501;7;13;0;0;1;0
202400035897;155 718 500;7;0;2;1;1;1
202400035897;155 718 502;50;0;2;1;19;3
202400035898;155 718 498;7;0;2;8;20;1
202400035898;155 718 499;30;0;2;7;1;1
202400035899;155 718 497;10;14;0;1;1;1
202400035900;155 718 495;7;0;2;1;2;1
202400035900;155 718 496;7;0;2;4;1;1
202400035901;155 718 493;50;0;2;0;25;3
202400035902;155 718 492;15;0;2;2;1;1
202400035902;155 718 494;7;0;2;4;23;0
202400035903;155 718 491;1;0;1;6;1;5
202400035904;155 718 490;7;13;0;9;1;1
202400035905;155 718 488;2;0;2;1;2;1
202400035905;155 718 489;3;0;2;4;2;1
202400035906;155 718 487;17;0;1;7;1;1
202400035907;155 718 486;33;0;0;8;1;1
202400035908;155 718 484;7;0;2;3;12;1
202400035908;155 718 485;1;0;0;4;2;5
202400035909;155 718 483;7;1;0;2;1;1
202400035910;155 718 479;7;0;2;4;2;1
202400035910;155 718 481;7;0;2;1;2;1
202400035910;155 718 482;7;0;2;4;2;1
202400035911;155 718 478;7;0;2;1;1;1
202400035911;155 718 480;7;0;2;1;1;1
202400035912;155 718 476;33;0;2;0;0;1
202400035912;155 718 477;7;0;0;0;0;2
202400035913;155 718 472;7;0;2;3;1;1
202400035913;155 718 474;7;0;2;1;13;3
202400035914;155 718 473;7;0;9;8;1;1
202400035914;155 718 475;2;0;2;2;2;1
202400035915;155 718 470;7;15;0;1;0;1
202400035916;155 718 469;7;0;2;3;20;1
202400035916;155 718 471;32;0;2;2;1;1
202400035917;155 718 468;33;0;0;0;2;1
202400035918;155 718 467;7;4;0;1;1;1
202400035919;155 718 465;2;8;0;2;1;1
202400035920;155 718 466;33;0;0;7;1;1
202400035921;155 718 462;7;0;2;7;16;0
202400035921;155 718 463;1;0;2;1;7;5
202400035922;155 718 460;33;0;2;1;17;1
202400035922;155 718 461;10;0;2;2;15;1
202400035923;155 718 458;7;0;2;0;0;0
202400035923;155 718 459;7;0;2;4;0;1
202400035924;155 718 456;1;0;1;1;1;5
202400035925;155 718 455;10;0;2;3;1;1
202400035925;155 718 457;1;0;2;1;13;5
202400035926;155 718 454;7;15;9;1;6;1
202400035927;155 718 453;7;0;1;3;1;1
202400035928;155 718 450;7;0;1;7;19;1
202400035929;155 718 451;7;5;2;1;1;1
202400035929;155 718 452;2;0;2;8;15;1
202400035930;155 718 448;30;0;0;0;0;1
202400035931;155 718 447;7;0;2;2;15;1
202400035931;155 718 449;2;0;2;3;16;1
202400035932;155 718 446;7;9;1;2;21;1
202400035933;155 718 445;34;0;1;0;0;0
202400035934;155 718 444;1;4;0;2;14;5
202400035935;155 718 442;17;0;2;1;0;1
202400035935;155 718 443;7;0;2;1;5;1
202400035936;155 718 440;7;0;0;3;13;1
202400035936;155 718 441;7;0;0;3;2;1
202400035937;155 718 438;7;0;2;1;1;1
202400035937;155 718 439;7;0;2;8;15;1
202400035938;155 718 436;7;0;2;1;13;1
202400035938;155 718 437;7;0;2;1;1;1
202400035939;155 718 434;7;0;2;7;15;1
202400035939;155 718 435;2;0;2;1;1;1
202400035940;155 718 432;7;0;9;3;1;3
202400035940;155 718 433;1;0;2;8;15;5
202400035941;155 718 430;7;2;0;0;13;1
202400035942;155 718 429;7;0;2;3;1;0
202400035942;155 718 431;7;0;2;1;1;1
202400035943;155 718 427;7;0;9;9;1;1
202400035944;155 718 426;7;1;0;1;21;1
202400035944;155 718 428;7;0;2;5;24;1
202400035945;155 718 425;3;0;0;0;14;3
202400035946;155 718 422;7;0;2;2;2;2
202400035946;155 718 424;7;0;2;9;2;1
202400035947;155 718 421;10;0;2;1;16;1
202400035947;155 718 423;34;0;2;3;1;1
202400035948;155 718 418;15;0;2;2;12;1
202400035948;155 718 420;7;0;2;8;2;1
202400035949;155 718 416;43;0;2;1;18;1
202400035949;155 718 417;7;0;2;6;1;1
202400035949;155 718 419;7;0;2;5;1;3
202400035950;155 718 413;32;0;2;2;13;1
202400035950;155 718 414;7;0;2;6;2;1
202400035951;155 718 412;7;0;2;4;1;1
202400035951;155 718 415;7;0;2;1;1;1
202400035952;155 718 411;2;0;2;1;26;3
202400035953;155 718 409;80;0;0;1;25;3
202400035954;155 718 410;7;0;0;9;1;1
202400035955;155 718 408;10;0;1;2;1;1
202400035956;155 718 407;7;9;0;1;13;2
202400035957;155 718 404;1;0;2;7;1;5
202400035957;155 718 406;10;0;2;8;15;1
202400035958;155 718 403;33;0;2;8;12;1
202400035958;155 718 405;33;0;2;7;12;1
202400035959;155 718 401;7;0;2;3;13;0
202400035959;155 718 402;34;0;2;2;17;1
202400035960;155 718 400;7;3;0;1;13;1
202400035961;155 718 398;7;0;2;1;1;1
202400035961;155 718 399;43;0;2;3;9;1
202400035962;155 718 397;7;3;0;1;26;1
202400035963;155 718 393;14;0;2;2;1;6
202400035963;155 718 396;30;0;2;1;1;3
202400035964;155 718 392;7;0;2;1;1;1
202400035964;155 718 394;7;0;2;4;1;1
202400035964;155 718 395;7;0;2;4;1;1
202400035965;155 718 390;7;0;2;7;19;1
202400035965;155 718 391;7;0;2;3;19;1
202400035966;155 718 389;7;4;0;1;1;1
202400035967;155 718 386;34;0;2;1;1;1
202400035967;155 718 388;50;0;2;8;19;3
202400035968;155 718 385;10;0;2;1;2;1
202400035968;155 718 387;7;0;2;4;2;2
202400035969;155 718 383;7;4;0;9;1;1
202400035970;155 718 382;50;0;2;1;1;3
202400035970;155 718 384;1;0;2;1;1;5
202400035971;155 718 379;7;0;2;1;2;1
202400035971;155 718 381;7;0;2;4;2;1