Num_Acc;id_vehicule;catv;obs;obsm;choc;manv;motor
202400035972;155 718 378;7;0;2;1;2;1
202400035972;155 718 380;7;0;2;4;2;1
202400035973;155 718 375;7;0;2;2;1;1
202400035973;155 718 377;10;0;2;6;0;3
202400035974;155 718 374;7;4;2;1;2;0
202400035974;155 718 376;7;4;2;4;1;1
202400035975;155 718 372;7;0;2;3;1;1
202400035975;155 718 373;7;0;2;3;15;1
202400035976;155 718 370;7;0;2;4;1;1
202400035976;155 718 371;7;0;2;8;1;1
202400035977;155 718 367;7;0;2;1;5;1
202400035977;155 718 369;7;0;2;1;1;1
202400035978;155 718 365;7;0;2;1;2;1
202400035978;155 718 366;7;0;2;4;2;1
202400035978;155 718 368;7;0;2;1;2;1
202400035979;155 718 363;7;0;9;4;26;0
202400035979;155 718 364;80;0;0;4;1;3
202400035980;155 718 361;7;0;0;4;1;0
202400035980;155 718 362;7;0;2;1;1;0
202400035981;155 718 359;7;14;0;1;0;2
202400035981;155 718 360;7;0;9;1;0;1
202400035982;155 718 358;34;0;0;8;1;1
202400035983;155 718 355;15;0;2;6;1;1
202400035983;155 718 357;33;0;2;2;3;1
202400035984;155 718 354;15;0;2;2;16;0
202400035984;155 718 356;7;3;0;2;16;1
202400035985;155 718 352;10;0;1;7;1;1
202400035986;155 718 351;7;3;2;1;13;1
202400035986;155 718 353;14;3;0;8;1;1
202400035987;155 718 350;30;0;1;8;1;0
202400035988;155 718 349;33;6;0;1;1;1
202400035989;155 718 346;10;0;2;3;15;1
202400035989;155 718 348;33;0;2;2;1;1
202400035990;155 718 344;10;0;2;1;13;1
202400035990;155 718 345;7;0;2;1;1;1
202400035990;155 718 347;7;0;2;6;1;2
202400035991;155 718 343;7;16;0;7;19;1
202400035992;155 718 341;7;0;2;4;0;1
202400035992;155 718 342;7;0;2;1;1;1
202400035993;155 718 340;7;0;1;3;26;1
202400035994;155 718 337;7;0;2;3;19;1
202400035994;155 718 339;7;0;2;1;1;1
202400035995;155 718 336;7;0;2;2;1;1
202400035995;155 718 338;50;0;2;7;1;3
202400035996;155 718 333;7;0;2;7;22;1
202400035996;155 718 335;32;0;2;3;18;1
202400035997;155 718 332;7;0;2;1;2;1
202400035997;155 718 334;1;0;0;4;2;5
202400035998;155 718 330;7;0;0;4;1;1
202400035998;155 718 331;2;0;2;1;1;1
202400035999;155 718 329;7;2;0;3;1;3
202400036000;155 718 327;10;0;2;1;1;1
202400036000;155 718 328;10;0;2;1;17;1
202400036001;155 718 326;1;0;0;1;2;5
202400036002;155 718 324;10;0;2;3;17;1
202400036002;155 718 325;7;0;2;3;1;1
202400036003;155 718 323;7;0;1;1;1;1
202400036004;155 718 321;33;0;2;1;1;1
202400036004;155 718 322;10;0;0;4;1;1
202400036005;155 718 320;7;0;0;0;0;1
202400036006;155 718 319;36;0;0;9;1;1
202400036007;155 718 317;7;0;2;6;15;1
202400036007;155 718 318;33;0;2;2;17;1
202400036008;155 718 315;7;0;2;2;17;1
202400036008;155 718 316;80;0;0;4;13;3
202400036009;155 718 312;33;2;0;1;1;1
202400036010;155 718 313;32;0;2;1;2;1
202400036010;155 718 314;7;0;2;2;19;1
202400036011;155 718 308;7;0;2;3;22;1
202400036011;155 718 310;80;1;0;7;2;3
202400036012;155 718 307;1;0;0;0;0;5
202400036013;155 718 305;33;7;0;1;1;1
202400036014;155 718 304;7;6;0;1;0;1
202400036015;155 718 303;30;0;0;8;13;1
202400036016;155 718 302;7;10;0;3;13;1
202400036017;155 718 299;7;2;0;1;26;1
202400036017;155 718 300;7;12;0;0;0;1
202400036018;155 718 298;80;0;2;2;1;3
202400036018;155 718 301;7;0;2;3;9;1
202400036019;155 718 297;7;1;0;2;14;1
202400036020;155 718 294;33;0;2;1;17;1
202400036020;155 718 296;7;0;2;5;15;1
202400036021;155 718 293;7;0;2;5;1;1
202400036021;155 718 295;7;0;2;1;1;1
202400036022;155 718 290;7;0;2;4;2;1
202400036022;155 718 291;0;0;0;0;0;0
202400036023;155 718 289;7;0;2;2;21;1
202400036023;155 718 292;7;0;2;8;15;1
202400036024;155 718 285;7;0;2;1;0;1
202400036024;155 718 287;7;0;2;1;5;1
202400036025;155 718 286;10;0;2;1;15;1
202400036025;155 718 288;31;0;2;1;1;1
202400036026;155 718 284;50;13;0;0;16;3
202400036027;155 718 282;7;9;0;1;16;1
202400036028;155 718 281;33;0;2;1;17;1
202400036028;155 718 283;10;0;2;8;15;1
202400036029;155 718 277;31;0;2;3;1;1
202400036029;155 718 280;7;0;2;1;15;1
202400036030;155 718 278;7;0;2;1;15;1
202400036030;155 718 279;33;0;2;7;17;1
202400036031;155 718 274;15;12;2;3;1;1
202400036031;155 718 276;7;0;2;1;1;1
202400036032;155 718 273;33;0;2;1;1;1
202400036032;155 718 275;7;0;2;6;26;1
202400036033;155 718 269;1;0;2;1;5;5
202400036033;155 718 272;7;0;9;1;26;1
202400036034;155 718 270;21;0;2;8;1;1
202400036034;155 718 271;1;0;2;8;1;5
202400036035;155 718 267;7;0;2;1;13;1
202400036035;155 718 268;13;0;2;1;1;1
202400036036;155 718 265;7;0;2;2;15;1
202400036036;155 718 266;33;0;2;1;1;1
202400036037;155 718 261;7;0;0;1;5;0
202400036037;155 718 262;7;0;0;1;1;0
202400036038;155 718 260;7;0;2;0;19;1
202400036038;155 718 263;34;0;2;0;1;1
202400036039;155 718 258;33;0;0;7;1;1
202400036040;155 718 254;7;0;0;1;1;1
202400036040;155 718 256;7;0;2;3;3;1
202400036041;155 718 253;33;0;2;3;26;1
202400036041;155 718 255;7;0;9;2;14;1
202400036042;155 718 251;7;0;1;2;1;1
202400036043;155 718 250;7;0;2;8;23;1
202400036043;155 718 252;1;1;0;1;1;5
202400036044;155 718 247;7;0;2;2;26;1
202400036044;155 718 249;7;0;2;3;26;1
202400036045;155 718 246;7;8;0;7;19;1
202400036045;155 718 248;7;8;0;1;1;1
202400036046;155 718 244;10;0;2;3;0;1
202400036046;155 718 245;10;0;2;3;13;1
202400036047;155 718 243;38;0;1;2;1;1
202400036048;155 718 242;50;0;1;1;1;3
202400036049;155 718 241;7;3;0;1;1;1
202400036050;155 718 239;7;1;0;1;13;1
202400036050;155 718 240;7;0;2;1;1;1
202400036051;155 718 237;13;0;9;2;12;1
202400036051;155 718 238;1;0;2;3;1;5
202400036052;155 718 235;2;0;2;1;3;1
202400036052;155 718 236;7;0;9;3;26;1
202400036053;155 718 233;33;0;2;1;0;1
202400036053;155 718 234;7;0;2;8;0;1
202400036054;155 718 232;31;0;1;2;21;1
202400036055;155 718 231;7;13;0;2;9;1
202400036056;155 718 228;7;0;2;4;1;1
202400036056;155 718 229;43;0;2;2;13;1
202400036057;155 718 227;7;0;2;2;2;1
202400036057;155 718 230;7;0;2;6;2;1
202400036058;155 718 226;33;6;0;1;26;1
202400036059;155 718 225;37;0;1;2;1;1
202400036060;155 718 223;7;0;2;3;1;1
202400036060;155 718 224;10;0;2;1;1;1
202400036061;155 718 220;7;0;0;7;23;1
202400036061;155 718 221;7;1;2;3;23;1
202400036061;155 718 222;7;0;2;3;13;1
202400036062;155 718 218;7;1;2;2;9;1
202400036062;155 718 219;7;1;2;8;1;1
202400036063;155 718 215;50;0;2;3;19;3
202400036063;155 718 216;7;0;2;2;1;1
202400036064;155 718 214;7;0;1;3;13;1
202400036065;155 718 212;7;0;2;8;0;1
202400036065;155 718 213;1;0;2;1;1;5
202400036066;155 718 210;7;0;0;0;1;1
202400036067;155 718 209;7;0;2;3;15;1
202400036067;155 718 211;32;0;2;2;17;1
202400036068;155 718 208;33;8;0;8;14;1
202400036069;155 718 207;7;0;1;2;1;1
202400036070;155 718 205;7;0;2;5;2;1
202400036070;155 718 206;30;0;2;1;2;1
202400036071;155 718 204;33;0;5;1;0;1
202400036072;155 718 203;7;0;0;8;13;1
202400036073;155 718 202;2;2;0;1;1;1
202400036074;155 718 201;7;6;0;1;14;1
202400036075;155 718 199;1;0;2;0;1;5
202400036075;155 718 200;21;0;9;0;1;0
202400036076;155 718 196;7;0;2;4;2;1
202400036076;155 718 197;7;0;2;1;1;1
202400036076;155 718 198;7;0;2;5;2;1
202400036077;155 718 195;33;0;0;0;1;1
202400036078;155 718 192;10;0;2;2;2;1
202400036078;155 718 194;50;0;2;4;1;3
202400036079;155 718 191;7;0;2;1;1;1
202400036079;155 718 193;2;0;2;1;19;1
202400036080;155 718 187;2;0;2;2;0;1
202400036080;155 718 189;7;0;2;1;9;1
202400036081;155 718 188;7;0;2;1;9;1
202400036081;155 718 190;7;0;2;1;1;1
202400036082;155 718 184;10;0;2;1;1;0
202400036082;155 718 186;10;0;2;4;1;0
202400036083;155 718 183;2;0;2;1;1;1
202400036083;155 718 185;7;0;2;2;26;1
202400036084;155 718 182;7;8;0;1;1;1
202400036085;155 718 181;7;2;0;9;0;1
202400036086;155 718 179;7;0;2;8;15;0
202400036086;155 718 180;7;2;2;2;1;0
202400036087;155 718 177;7;0;2;2;1;1
202400036087;155 718 178;7;0;2;5;1;1
202400036088;155 718 175;33;0;2;1;17;0
202400036088;155 718 176;7;0;2;6;15;1
202400036089;155 718 174;50;0;0;8;0;3
202400036090;155 718 173;7;0;1;8;1;2
202400036091;155 718 170;33;0;2;1;2;1
202400036091;155 718 172;7;0;2;3;15;1
202400036092;155 718 169;30;0;2;1;2;0
202400036092;155 718 171;7;0;2;1;2;1
202400036093;155 718 167;0;-1;-1;-1;-1;-1
202400036093;155 718 168;7;-1;-1;-1;-1;-1
202400036094;155 718 165;33;0;0;0;26;1
202400036095;155 718 164;7;0;2;3;1;1
202400036095;155 718 166;50;0;2;1;1;3
202400036096;155 718 162;7;7;0;5;1;1
202400036097;155 718 160;7;0;2;4;1;1
202400036097;155 718 161;7;0;2;4;1;1
202400036097;155 718 163;7;0;2;1;1;1
202400036098;155 718 158;33;0;2;5;1;1
202400036098;155 718 159;7;0;2;5;10;0
202400036099;155 718 156;10;0;2;1;1;1
202400036099;155 718 157;7;0;2;4;1;3
202400036100;155 718 154;7;0;2;3;1;1
202400036100;155 718 155;33;0;2;5;15;1
202400036101;155 718 151;7;0;2;3;11;0
202400036101;155 718 153;10;0;2;2;1;0
202400036102;155 718 150;7;0;2;8;13;1
202400036102;155 718 152;33;0;2;7;26;1
202400036103;155 718 146;2;0;2;4;1;1
202400036103;155 718 147;7;13;2;2;17;1
202400036103;155 718 149;7;0;2;3;0;1
202400036104;155 718 143;7;0;2;4;1;2
202400036104;155 718 145;7;0;2;1;1;1
202400036104;155 718 148;7;0;2;4;1;1
202400036105;155 718 141;32;0;2;2;3;1
202400036105;155 718 142;7;0;2;3;2;1
202400036105;155 718 144;7;0;2;4;2;1
202400036106;155 718 138;32;0;2;1;2;3
202400036106;155 718 140;7;0;2;4;2;2
202400036107;155 718 134;10;4;2;4;2;1
202400036107;155 718 135;10;4;2;4;2;1
202400036107;155 718 136;7;4;2;4;2;1
202400036107;155 718 137;7;4;2;4;2;1
202400036107;155 718 139;10;4;2;1;2;1
202400036108;155 718 132;7;0;2;1;2;1
202400036108;155 718 133;7;0;2;4;2;1
202400036109;155 718 130;31;0;2;4;2;1
202400036109;155 718 131;14;0;2;1;2;1
202400036110;155 718 127;7;0;2;3;11;1
202400036110;155 718 128;31;0;2;7;1;1
202400036111;155 718 126;33;0;2;1;2;1
202400036111;155 718 129;7;0;2;4;2;2
202400036112;155 718 125;7;0;1;2;1;1
202400036113;155 718 123;7;0;2;2;16;1
202400036113;155 718 124;50;0;2;8;19;3
202400036114;155 718 122;7;0;1;1;21;1
202400036115;155 718 120;7;0;2;2;16;2
202400036115;155 718 121;33;0;0;0;0;1
202400036116;155 718 119;7;2;0;7;1;1
202400036117;155 718 117;33;8;0;2;26;1
202400036117;155 718 118;7;0;0;0;26;1
202400036118;155 718 113;50;0;2;1;1;3
202400036118;155 718 114;7;0;2;1;15;1
202400036119;155 718 112;7;0;2;3;1;1
202400036119;155 718 115;7;0;2;3;1;1
202400036119;155 718 116;7;0;2;8;1;1
202400036120;155 718 110;37;0;2;7;2;1
202400036120;155 718 111;50;0;2;8;1;3
202400036121;155 718 106;7;0;2;2;22;1
202400036121;155 718 109;50;0;2;2;2;3
202400036122;155 718 102;1;0;2;7;15;5
202400036122;155 718 103;7;0;2;7;1;1
202400036123;155 718 101;33;0;2;1;1;1
202400036123;155 718 104;7;0;2;2;15;1
202400036124;155 718 100;7;6;0;3;13;1
202400036125;155 718 097;7;0;2;0;0;0
202400036125;155 718 099;30;0;2;6;15;1
202400036126;155 718 096;43;12;2;2;1;1
202400036126;155 718 098;10;12;2;1;5;1
202400036127;155 718 095;7;13;0;0;14;1
202400036128;155 718 094;7;1;0;3;26;1
202400036129;155 718 091;50;0;2;7;1;3
202400036129;155 718 093;7;0;2;1;1;1
202400036130;155 718 090;38;0;2;2;11;1
202400036130;155 718 092;1;0;2;8;26;5
202400036131;155 718 087;33;0;2;1;13;1
202400036131;155 718 088;7;0;2;3;1;1
202400036132;155 718 086;7;0;2;3;16;1
202400036132;155 718 089;1;0;2;8;19;5
202400036133;155 718 084;7;6;0;5;16;1
202400036133;155 718 085;43;0;2;3;2;1
202400036134;155 718 082;10;0;2;1;2;1
202400036134;155 718 083;7;0;2;4;1;1
202400036135;155 718 081;7;0;1;1;26;1
202400036136;155 718 079;30;0;2;4;1;1
202400036136;155 718 080;7;0;2;2;2;1
202400036137;155 718 077;7;0;2;7;1;1
202400036137;155 718 078;50;0;2;8;19;3
202400036138;155 718 075;7;0;2;1;0;1
202400036138;155 718 076;7;0;2;1;26;1
202400036139;155 718 073;7;0;2;4;1;1
202400036139;155 718 074;7;0;2;1;1;1
202400036140;155 718 071;7;3;2;2;16;1
202400036140;155 718 072;10;0;2;1;21;1
202400036141;155 718 069;7;0;2;1;16;1
202400036141;155 718 070;50;0;2;1;23;3
202400036142;155 718 067;1;0;0;4;2;5
202400036142;155 718 068;7;0;2;0;0;1
202400036143;155 718 064;7;0;2;1;2;1
202400036143;155 718 065;7;0;2;4;23;1
202400036143;155 718 066;7;0;2;4;23;1
202400036144;155 718 061;7;0;2;2;15;3
202400036144;155 718 063;32;0;2;8;1;1
202400036145;155 718 060;10;0;2;3;16;1
202400036145;155 718 062;10;0;2;1;1;1
202400036146;155 718 057;7;0;1;1;1;1
202400036147;155 718 058;7;0;2;8;11;1
202400036147;155 718 059;33;0;2;7;1;1
202400036148;155 718 054;10;0;2;2;19;1
202400036148;155 718 056;7;0;2;1;17;1
202400036149;155 718 053;7;0;2;6;15;1
202400036149;155 718 055;7;0;2;1;1;1
202400036150;155 718 050;7;0;2;3;9;1
202400036150;155 718 052;32;0;2;4;16;1
202400036151;155 718 049;10;0;2;1;19;1
202400036151;155 718 051;10;0;2;3;1;1
202400036152;155 718 047;33;0;2;1;2;1
202400036152;155 718 048;1;0;2;4;2;5
202400036153;155 718 046;33;0;0;9;1;1
202400036154;155 718 045;7;0;1;0;0;1
202400036155;155 718 041;7;0;2;4;0;1
202400036155;155 718 043;10;0;2;1;2;1
202400036156;155 718 042;7;0;2;2;15;1
202400036156;155 718 044;33;0;2;1;1;1
202400036157;155 718 040;33;0;0;8;1;1
202400036158;155 718 039;30;0;1;3;1;3
202400036159;155 718 036;33;4;0;1;16;1
202400036159;155 718 038;7;4;0;1;23;1
202400036160;155 718 035;50;0;2;2;1;3
202400036160;155 718 037;7;0;2;3;9;1
202400036161;155 718 033;0;0;1;3;1;0
202400036162;155 718 032;1;0;2;2;0;5
202400036162;155 718 034;7;0;2;3;9;1
202400036163;155 718 030;7;0;1;4;4;1
202400036164;155 718 025;34;8;2;3;17;1
202400036164;155 718 027;15;8;0;6;1;1
202400036164;155 718 028;37;8;0;3;1;3
202400036165;155 718 020;7;0;2;3;1;1
202400036165;155 718 021;1;0;2;1;13;5
202400036166;155 718 022;7;0;2;5;16;1
202400036166;155 718 023;1;0;2;1;1;5
202400036167;155 718 019;30;0;0;3;1;1
202400036168;155 718 018;1;12;0;1;14;5
202400036169;155 718 014;7;0;2;3;15;1
202400036169;155 718 016;7;0;2;2;1;1
202400036170;155 718 013;1;0;2;3;19;5
202400036170;155 718 015;7;0;2;1;1;1
202400036171;155 718 010;7;0;2;0;1;1
202400036171;155 718 012;7;0;2;1;1;1
202400036172;155 718 009;15;0;2;5;16;1
202400036172;155 718 011;50;0;2;8;13;3
202400036173;155 718 006;50;0;2;3;1;3
202400036173;155 718 008;50;0;2;2;1;3
202400036174;155 718 005;1;0;2;7;1;5
202400036174;155 718 007;7;0;2;1;9;1
202400036175;155 718 003;7;0;2;4;1;3
202400036175;155 718 004;32;0;2;1;2;1
202400036176;155 718 000;7;0;2;1;2;1
202400036176;155 718 002;7;0;2;6;9;1
202400036177;155 717 999;7;0;2;8;1;2
202400036177;155 718 001;1;1;2;7;17;5
202400036178;155 717 997;7;0;2;4;1;-1
202400036178;155 717 998;1;0;2;1;1;5
202400036179;155 717 996;7;0;1;1;15;1
202400036180;155 717 994;32;0;2;7;20;1
202400036180;155 717 995;33;0;2;1;1;1
202400036181;155 717 993;7;0;0;2;1;1
202400036182;155 717 992;50;0;1;1;1;3
202400036183;155 717 989;7;0;2;2;1;1
202400036183;155 717 990;34;0;2;4;17;1
202400036184;155 717 988;15;0;2;1;9;1
202400036184;155 717 991;50;0;2;1;1;3
202400036185;155 717 987;99;0;1;2;1;1
202400036186;155 717 986;30;0;1;1;1;0
202400036187;155 717 984;80;0;2;7;1;3
202400036187;155 717 985;7;0;2;1;1;2
202400036188;155 717 982;7;0;2;1;1;1
202400036188;155 717 983;7;9;2;1;15;3
202400036189;155 717 981;7;0;1;2;5;1
202400036190;155 717 978;7;0;2;1;1;1
202400036190;155 717 980;2;0;2;1;1;1
202400036191;155 717 977;7;0;2;2;1;2
202400036191;155 717 979;7;0;2;1;5;1
202400036192;155 717 975;10;0;2;3;1;1
202400036192;155 717 976;50;0;2;1;1;3
202400036193;155 717 974;1;4;0;8;26;5
202400036194;155 717 972;7;0;2;2;1;1
202400036194;155 717 973;13;0;2;1;1;1
202400036195;155 717 971;7;0;1;7;17;1
202400036196;155 717 970;31;0;0;0;21;1
202400036197;155 717 967;7;16;0;8;1;1
202400036198;155 717 968;33;0;2;5;17;1
202400036198;155 717 969;10;0;2;3;15;1
202400036199;155 717 964;34;0;2;2;17;1
202400036199;155 717 966;7;0;2;6;15;1
202400036200;155 717 963;7;0;9;2;19;1
202400036200;155 717 965;50;0;2;1;0;3
202400036201;155 717 959;50;0;2;1;26;3
202400036201;155 717 961;50;0;2;1;26;3
202400036202;155 717 960;7;0;2;2;1;2
202400036202;155 717 962;7;0;2;3;9;1
202400036203;155 717 956;10;0;0;0;0;0
202400036203;155 717 958;30;0;0;1;1;3
202400036204;155 717 955;10;0;2;3;1;1
202400036204;155 717 957;7;0;2;2;1;1
202400036205;155 717 954;7;2;0;3;1;1
202400036206;155 717 950;1;0;2;1;5;5
202400036206;155 717 951;7;0;9;2;2;1
202400036207;155 717 949;7;0;2;6;20;1
202400036207;155 717 952;7;0;2;1;1;1
202400036208;155 717 948;7;0;2;1;15;1
202400036208;155 717 953;2;0;2;7;1;1
202400036209;155 717 946;17;0;2;2;1;1
202400036209;155 717 947;7;0;2;1;13;1
202400036210;155 717 943;7;0;2;3;19;1
202400036210;155 717 945;7;0;2;2;1;1
202400036211;155 717 942;7;0;1;2;1;1
202400036212;155 717 941;7;0;2;1;1;1
202400036212;155 717 944;7;0;2;8;1;1
202400036213;155 717 940;50;0;1;1;1;3
202400036214;155 717 936;7;0;2;3;10;1
202400036214;155 717 938;30;0;2;1;1;1
202400036215;155 717 935;7;0;0;2;1;1
202400036216;155 717 937;7;12;2;1;2;1
202400036216;155 717 939;7;12;2;4;15;1
202400036217;155 717 931;7;14;1;1;26;1
202400036218;155 717 932;99;1;0;2;16;1
202400036218;155 717 934;33;1;0;1;14;1
202400036219;155 717 930;7;0;2;3;1;1
202400036219;155 717 933;7;0;2;3;5;1
202400036220;155 717 925;7;0;2;1;2;1
202400036220;155 717 928;10;0;2;4;2;1
202400036221;155 717 927;2;0;2;1;1;1
202400036221;155 717 929;14;0;2;3;15;1
202400036222;155 717 924;7;0;2;1;1;1
202400036222;155 717 926;7;0;2;1;15;1
202400036223;155 717 921;2;0;9;2;15;1
202400036223;155 717 922;1;0;2;8;1;5
202400036224;155 717 918;7;0;2;1;1;1
202400036224;155 717 919;7;0;2;1;15;1
202400036225;155 717 917;7;0;2;1;2;1
202400036225;155 717 920;7;0;2;4;2;1
202400036225;155 717 923;7;0;2;4;2;1
202400036226;155 717 915;10;0;2;1;1;1
202400036226;155 717 916;30;0;2;4;1;1
202400036227;155 717 914;33;0;0;2;1;1
202400036228;155 717 912;0;0;2;4;2;0
202400036228;155 717 913;80;0;2;1;2;3
202400036229;155 717 909;10;0;2;5;10;1
202400036229;155 717 911;43;0;2;1;1;1
202400036230;155 717 908;7;0;2;3;13;1
202400036230;155 717 910;7;0;2;3;1;2
202400036231;155 717 907;7;15;1;0;26;1
202400036232;155 717 904;7;0;2;2;1;1
202400036232;155 717 905;7;0;9;0;0;1
202400036232;155 717 906;32;0;2;6;1;1
202400036233;155 717 903;7;6;0;1;26;1
202400036234;155 717 901;33;0;2;1;17;1
202400036234;155 717 902;7;0;2;3;15;1
202400036235;155 717 899;7;0;1;1;2;1
202400036236;155 717 898;7;0;2;3;10;0
202400036236;155 717 900;2;0;2;2;0;0
202400036237;155 717 895;7;0;2;1;1;1
202400036237;155 717 897;80;0;2;8;19;3
202400036238;155 717 892;7;0;2;4;2;1
202400036238;155 717 893;7;0;2;4;2;1
202400036238;155 717 896;7;0;2;1;2;1
202400036239;155 717 891;7;0;2;1;13;1
202400036239;155 717 894;21;0;2;3;1;1
202400036240;155 717 890;34;12;0;1;1;1
202400036241;155 717 889;33;0;6;1;1;1
202400036242;155 717 887;7;0;2;4;1;1
202400036242;155 717 888;33;0;2;1;1;1
202400036243;155 717 885;7;0;2;3;15;1
202400036243;155 717 886;31;0;2;1;1;0
202400036244;155 717 884;33;0;0;3;1;1
202400036245;155 717 882;7;0;2;2;2;1
202400036245;155 717 883;7;0;2;4;2;2
202400036246;155 717 879;7;0;2;8;1;1
202400036246;155 717 880;33;6;2;3;17;1
202400036247;155 717 877;7;0;2;1;1;1
202400036247;155 717 881;7;0;2;8;19;1
202400036248;155 717 876;7;0;0;0;0;1
202400036248;155 717 878;33;16;0;8;3;1
202400036249;155 717 874;14;0;2;2;2;1
202400036249;155 717 875;1;0;2;4;2;5
202400036250;155 717 873;7;0;1;2;12;1
202400036251;155 717 870;10;0;2;4;2;1
202400036251;155 717 871;33;0;2;1;2;1
202400036251;155 717 872;7;0;2;0;1;1
202400036252;155 717 868;7;0;1;3;1;1
202400036253;155 717 867;2;0;2;1;1;1
202400036253;155 717 869;7;0;2;8;9;1
202400036254;155 717 865;7;0;2;8;15;1
202400036254;155 717 866;17;0;2;3;1;1
202400036255;155 717 862;50;11;0;1;1;3
202400036256;155 717 860;7;0;2;6;1;1
202400036256;155 717 863;7;0;2;1;1;1
202400036256;155 717 864;7;0;2;3;13;1
202400036257;155 717 855;7;0;2;3;11;0
202400036257;155 717 858;33;0;2;7;3;1
202400036257;155 717 859;7;0;2;5;1;1
202400036257;155 717 861;7;0;2;3;1;1
202400036258;155 717 857;33;0;0;7;16;1
202400036259;155 717 854;7;0;2;2;1;1
202400036259;155 717 856;33;0;0;4;2;1
202400036260;155 717 851;7;0;2;4;12;1
202400036260;155 717 853;33;0;2;1;3;1
202400036261;155 717 848;33;0;2;2;17;1
202400036261;155 717 850;7;0;2;6;15;1
202400036262;155 717 849;3;0;2;7;15;1
202400036262;155 717 852;7;0;2;1;1;6
202400036263;155 717 845;32;0;2;7;11;1
202400036263;155 717 847;7;0;2;5;1;3
202400036264;155 717 843;10;0;2;4;15;1
202400036264;155 717 846;7;0;2;1;2;1
202400036265;155 717 842;33;0;2;1;1;1
202400036265;155 717 844;7;0;2;3;15;1
202400036266;155 717 840;33;0;2;4;1;1
202400036266;155 717 841;7;0;2;4;1;1
202400036267;155 717 837;33;13;0;1;1;1
202400036268;155 717 835;7;0;2;2;2;1
202400036268;155 717 836;43;0;2;1;3;1
202400036269;155 717 838;1;0;2;6;15;5
202400036269;155 717 839;10;0;2;2;2;1
202400036270;155 717 830;7;0;2;1;2;1
202400036270;155 717 834;7;0;2;4;2;1
202400036271;155 717 828;7;0;0;1;2;1
202400036271;155 717 832;7;0;0;5;2;2
202400036272;155 717 827;10;0;2;1;1;1
202400036272;155 717 829;7;0;2;4;1;2
202400036272;155 717 831;7;0;2;4;1;1
202400036272;155 717 833;7;0;2;4;1;1
202400036273;155 717 825;7;0;2;1;2;1
202400036273;155 717 826;10;0;2;4;2;1
202400036274;155 717 823;33;0;2;1;3;1
202400036274;155 717 824;7;0;2;6;2;2
202400036275;155 717 819;7;0;2;1;2;1
202400036275;155 717 821;10;0;2;4;1;3
202400036276;155 717 820;7;0;2;1;2;1
202400036276;155 717 822;30;0;2;4;2;1
202400036277;155 717 817;7;0;2;1;2;1
202400036277;155 717 818;7;0;2;4;2;2
202400036278;155 717 816;7;13;0;3;1;1
202400036279;155 717 814;7;0;2;5;12;2
202400036279;155 717 815;33;0;2;8;3;1
202400036280;155 717 812;30;1;0;0;0;1
202400036281;155 717 813;7;0;1;2;0;1
202400036282;155 717 810;7;0;2;8;1;1
202400036282;155 717 811;7;0;2;3;13;1
202400036283;155 717 808;33;0;2;8;3;1
202400036283;155 717 809;7;4;2;7;14;1
202400036284;155 717 806;7;0;2;3;1;1
202400036284;155 717 807;7;0;2;2;13;1
202400036285;155 717 804;2;0;2;1;15;1
202400036285;155 717 805;7;0;2;1;1;1
202400036286;155 717 802;7;0;2;1;1;1
202400036286;155 717 803;10;0;2;1;1;1
202400036287;155 717 801;37;0;1;7;1;1
202400036288;155 717 800;7;17;0;7;19;1
202400036289;155 717 798;7;0;1;0;26;3
202400036290;155 717 797;50;0;2;3;1;3
202400036290;155 717 799;7;0;2;3;1;1
202400036291;155 717 796;7;13;0;0;2;6
202400036292;155 717 794;7;14;2;1;1;1
202400036292;155 717 795;50;14;2;7;0;3
202400036293;155 717 792;7;0;1;1;1;1
202400036294;155 717 791;2;0;2;1;1;1
202400036294;155 717 793;7;0;2;2;15;1
202400036295;155 717 790;10;0;0;7;14;1
202400036296;155 717 788;10;0;2;1;1;1
202400036296;155 717 789;7;0;2;4;1;1
202400036297;155 717 786;7;0;2;0;0;1
202400036297;155 717 787;33;0;2;0;0;1
202400036298;155 717 783;31;0;2;1;17;1
202400036298;155 717 785;17;0;2;8;15;1
202400036299;155 717 782;15;13;2;6;1;1
202400036299;155 717 784;38;13;2;3;1;1
202400036300;155 717 781;7;0;1;1;15;1
202400036301;155 717 780;7;17;0;1;21;0
202400036302;155 717 779;7;0;1;2;1;1
202400036303;155 717 778;33;3;0;2;1;1
202400036304;155 717 777;7;0;1;1;1;1
202400036305;155 717 773;7;0;2;3;1;1
202400036305;155 717 775;2;0;2;7;1;1
202400036306;155 717 774;31;0;2;3;1;1
202400036306;155 717 776;7;0;2;3;1;1
202400036307;155 717 772;7;3;0;3;1;1
202400036308;155 717 771;7;13;0;1;12;1
202400036309;155 717 769;14;0;2;1;1;1
202400036309;155 717 770;7;0;2;7;1;1
202400036310;155 717 767;7;0;2;1;13;1
202400036310;155 717 768;7;0;2;1;1;1
202400036311;155 717 765;1;0;2;7;1;5
202400036311;155 717 766;7;0;2;8;16;1
202400036312;155 717 763;7;0;2;1;1;1
202400036312;155 717 764;7;0;2;8;19;1