Num_Acc;id_vehicule;catv;obs;obsm;choc;manv;motor
202400036313;155 717 762;10;0;1;1;1;1
202400036314;155 717 759;7;0;2;2;19;1
202400036314;155 717 761;7;0;2;3;1;1
202400036315;155 717 758;2;0;2;1;1;1
202400036315;155 717 760;7;0;2;2;15;1
202400036316;155 717 757;40;0;1;2;1;3
202400036317;155 717 755;7;0;2;3;26;1
202400036317;155 717 756;33;0;2;7;12;1
202400036318;155 717 753;7;0;2;3;22;3
202400036318;155 717 754;1;1;0;1;1;5
202400036319;155 717 751;60;0;2;7;1;5
202400036319;155 717 752;7;0;2;2;20;1
202400036320;155 717 749;80;13;9;0;0;2
202400036320;155 717 750;7;0;0;0;0;0
202400036321;155 717 747;10;0;2;1;2;1
202400036321;155 717 748;15;0;0;4;2;1
202400036322;155 717 745;31;0;2;0;1;1
202400036322;155 717 746;1;0;2;4;19;5
202400036323;155 717 744;7;0;1;3;1;1
202400036324;155 717 742;30;0;2;1;17;1
202400036324;155 717 743;7;0;2;8;15;1
202400036325;155 717 741;1;0;0;0;1;5
202400036326;155 717 740;10;0;1;1;1;0
202400036327;155 717 738;7;0;2;1;1;1
202400036327;155 717 739;7;0;2;1;13;1
202400036328;155 717 737;7;0;1;0;0;0
202400036329;155 717 735;7;2;0;3;1;1
202400036330;155 717 734;7;0;2;3;9;1
202400036330;155 717 736;1;0;2;2;1;5
202400036331;155 717 731;80;0;2;4;23;3
202400036331;155 717 732;7;0;2;2;2;1
202400036332;155 717 730;7;0;2;2;17;1
202400036332;155 717 733;2;6;2;3;15;3
202400036333;155 717 727;60;0;2;2;19;5
202400036333;155 717 729;10;0;2;1;1;1
202400036334;155 717 726;7;0;2;1;1;1
202400036334;155 717 728;2;0;2;1;5;1
202400036335;155 717 724;2;0;2;1;1;1
202400036335;155 717 725;7;0;2;4;1;1
202400036336;155 717 723;7;0;1;2;1;1
202400036337;155 717 722;7;0;1;1;16;2
202400036338;155 717 721;7;1;1;4;10;1
202400036339;155 717 720;7;6;0;1;1;1
202400036340;155 717 718;7;0;0;4;23;1
202400036340;155 717 719;33;0;2;1;1;1
202400036341;155 717 715;10;0;2;1;1;1
202400036341;155 717 716;7;0;2;1;5;0
202400036342;155 717 714;7;0;2;1;1;0
202400036342;155 717 717;10;0;2;8;15;1
202400036343;155 717 712;33;0;2;1;18;1
202400036343;155 717 713;7;0;2;3;1;1
202400036344;155 717 709;7;0;2;4;0;1
202400036344;155 717 710;31;0;2;1;3;1
202400036345;155 717 711;50;0;1;1;1;3
202400036346;155 717 706;7;0;2;4;1;1
202400036346;155 717 707;15;0;2;1;1;1
202400036346;155 717 708;7;0;2;4;1;1
202400036347;155 717 705;10;2;0;1;0;1
202400036348;155 717 703;7;0;2;6;11;1
202400036348;155 717 704;33;0;2;1;0;1
202400036349;155 717 701;32;0;2;1;12;1
202400036349;155 717 702;7;0;2;4;1;1
202400036350;155 717 700;7;0;1;3;26;1
202400036351;155 717 699;7;4;0;1;14;1
202400036352;155 717 697;7;0;1;2;1;1
202400036353;155 717 696;7;0;2;8;11;1
202400036353;155 717 698;33;0;2;7;3;1
202400036354;155 717 693;7;0;2;3;10;1
202400036354;155 717 695;33;0;2;1;1;1
202400036355;155 717 691;37;0;2;1;1;1
202400036355;155 717 694;17;0;2;4;1;1
202400036356;155 717 690;1;0;2;1;21;5
202400036356;155 717 692;1;0;2;1;21;5
202400036357;155 717 688;33;0;2;3;3;1
202400036357;155 717 689;7;0;2;7;12;1
202400036358;155 717 687;10;0;1;3;26;1
202400036359;155 717 685;7;0;2;1;1;1
202400036359;155 717 686;7;0;2;1;1;1
202400036360;155 717 683;7;0;2;6;2;1
202400036360;155 717 684;33;0;2;2;3;1
202400036361;155 717 680;7;6;0;1;15;1
202400036362;155 717 681;34;0;2;0;0;1
202400036362;155 717 682;50;0;2;3;15;3
202400036363;155 717 678;7;0;2;3;16;2
202400036363;155 717 679;1;0;2;1;1;5
202400036364;155 717 676;7;0;2;1;1;1
202400036364;155 717 677;50;0;2;4;9;3
202400036365;155 717 675;7;0;1;7;1;1
202400036366;155 717 673;10;16;0;5;0;1
202400036367;155 717 672;33;0;2;2;17;1
202400036367;155 717 674;50;0;2;3;15;3
202400036368;155 717 671;7;13;0;9;14;1
202400036369;155 717 669;7;0;2;9;1;1
202400036369;155 717 670;7;0;2;1;17;1
202400036370;155 717 667;1;0;0;3;2;5
202400036370;155 717 668;7;0;0;6;17;1
202400036371;155 717 664;7;0;2;1;0;1
202400036371;155 717 666;7;0;2;1;0;1
202400036372;155 717 663;30;0;2;7;15;1
202400036372;155 717 665;7;0;2;2;1;1
202400036373;155 717 661;32;0;2;1;1;1
202400036373;155 717 662;2;0;2;7;15;1
202400036374;155 717 658;32;0;0;3;1;1
202400036375;155 717 659;7;0;2;1;2;1
202400036375;155 717 660;7;11;0;4;2;1
202400036376;155 717 657;7;0;1;2;1;1
202400036377;155 717 654;7;0;2;1;1;1
202400036377;155 717 656;50;0;2;1;5;3
202400036378;155 717 653;2;0;2;1;1;1
202400036378;155 717 655;2;0;2;1;1;1
202400036379;155 717 652;2;0;0;3;26;3
202400036380;155 717 651;7;0;1;1;15;0
202400036381;155 717 647;7;0;2;3;15;0
202400036381;155 717 648;50;0;2;3;1;3
202400036382;155 717 645;10;0;2;1;26;6
202400036382;155 717 649;2;0;2;1;26;1
202400036383;155 717 646;7;0;2;7;15;1
202400036383;155 717 650;2;0;2;1;9;1
202400036384;155 717 643;7;0;2;5;1;1
202400036384;155 717 644;30;0;2;1;16;1
202400036385;155 717 641;50;0;2;2;17;3
202400036385;155 717 642;7;0;2;3;15;1
202400036386;155 717 638;7;0;2;2;15;1
202400036386;155 717 640;15;0;2;2;1;1
202400036387;155 717 637;2;0;2;1;1;1
202400036387;155 717 639;2;0;2;7;1;1
202400036388;155 717 636;7;0;1;1;13;3
202400036389;155 717 634;33;6;0;2;15;1
202400036390;155 717 631;15;0;2;5;1;1
202400036390;155 717 633;50;0;2;0;0;3
202400036391;155 717 629;7;0;1;1;1;1
202400036392;155 717 628;7;0;2;2;13;0
202400036392;155 717 630;10;0;2;2;13;1
202400036393;155 717 625;0;0;2;3;0;0
202400036393;155 717 627;7;0;1;2;1;1
202400036394;155 717 624;7;0;2;2;1;1
202400036394;155 717 626;1;0;2;3;9;5
202400036395;155 717 619;2;1;0;1;2;1
202400036395;155 717 621;7;0;0;4;23;1
202400036396;155 717 620;7;0;2;1;9;1
202400036396;155 717 623;2;0;2;7;2;1
202400036397;155 717 618;10;0;2;1;0;1
202400036397;155 717 622;7;0;2;8;16;1
202400036398;155 717 615;7;0;2;3;1;1
202400036398;155 717 617;2;0;2;2;12;1
202400036399;155 717 616;7;0;1;3;1;1
202400036400;155 717 612;7;0;2;4;1;1
202400036400;155 717 613;10;0;2;4;1;1
202400036400;155 717 614;7;0;2;2;2;1
202400036401;155 717 609;7;0;2;2;16;1
202400036401;155 717 611;80;0;2;1;1;3
202400036402;155 717 608;7;0;2;6;15;1
202400036402;155 717 610;7;3;2;2;1;1
202400036403;155 717 607;7;0;1;2;1;1
202400036404;155 717 606;1;0;1;1;1;5
202400036405;155 717 603;33;0;2;4;2;1
202400036405;155 717 604;10;0;2;1;2;1
202400036406;155 717 602;7;0;2;3;15;1
202400036406;155 717 605;32;0;2;5;17;1
202400036407;155 717 600;50;0;2;1;1;3
202400036407;155 717 601;7;0;2;7;16;3
202400036408;155 717 597;7;0;2;1;1;1
202400036408;155 717 599;7;0;2;4;1;1
202400036409;155 717 596;7;0;9;2;26;1
202400036409;155 717 598;50;0;2;0;26;3
202400036410;155 717 593;7;0;2;3;15;1
202400036410;155 717 595;33;0;2;3;1;1
202400036411;155 717 592;33;0;2;1;1;1
202400036411;155 717 594;7;0;2;8;19;1
202400036412;155 717 591;2;14;9;3;0;1
202400036413;155 717 588;7;0;9;1;16;1
202400036413;155 717 590;50;0;2;1;16;3
202400036414;155 717 586;1;0;2;3;1;5
202400036414;155 717 589;7;0;2;7;14;2
202400036415;155 717 587;7;7;0;2;1;1
202400036416;155 717 585;7;0;1;7;26;1
202400036417;155 717 583;50;0;1;7;25;3
202400036418;155 717 580;7;12;1;1;1;1
202400036419;155 717 579;1;0;1;1;1;5
202400036420;155 717 575;2;0;2;8;0;1
202400036420;155 717 577;13;0;2;1;1;1
202400036421;155 717 574;32;0;2;4;23;1
202400036421;155 717 576;7;0;2;3;1;2
202400036422;155 717 571;7;0;2;3;20;1
202400036422;155 717 572;7;0;2;3;1;1
202400036423;155 717 569;10;0;2;1;15;3
202400036423;155 717 570;32;0;2;8;1;1
202400036424;155 717 568;7;7;0;1;15;1
202400036425;155 717 566;50;0;1;1;1;3
202400036426;155 717 565;7;0;0;5;1;1
202400036426;155 717 567;31;0;2;1;1;1
202400036427;155 717 562;30;0;2;2;17;1
202400036427;155 717 564;7;0;2;3;15;2
202400036428;155 717 573;10;12;2;7;1;1
202400036428;155 717 578;7;0;2;1;16;1
202400036429;155 717 556;1;0;2;1;13;5
202400036429;155 717 558;1;0;2;1;1;5
202400036430;155 717 553;7;0;2;3;1;1
202400036430;155 717 555;15;0;0;6;1;1
202400036430;155 717 557;7;0;2;1;1;1
202400036430;155 717 559;7;0;2;7;1;1
202400036430;155 717 560;15;14;0;8;1;1
202400036430;155 717 561;7;0;2;3;2;1
202400036430;155 717 563;7;14;0;3;1;2
202400036431;155 717 552;31;0;0;1;5;1
202400036432;155 717 547;80;0;2;1;1;3
202400036432;155 717 548;10;0;2;8;22;1
202400036433;155 717 546;1;0;1;8;1;5
202400036434;155 717 544;33;0;1;1;3;1
202400036435;155 717 543;1;1;0;4;2;5
202400036435;155 717 545;7;0;2;1;26;1
202400036436;155 717 542;33;12;0;1;11;1
202400036437;155 717 540;7;13;0;0;21;1
202400036438;155 717 539;7;0;2;1;2;1
202400036438;155 717 541;7;0;2;3;2;1
202400036439;155 717 537;2;0;0;7;0;1
202400036440;155 717 536;37;0;2;2;2;1
202400036440;155 717 538;7;0;2;4;23;1
202400036441;155 717 535;7;0;1;1;1;1
202400036442;155 717 529;38;0;2;3;15;1
202400036442;155 717 532;1;0;2;1;1;5
202400036443;155 717 530;33;0;2;1;17;1
202400036443;155 717 533;7;0;2;2;21;1
202400036443;155 717 534;7;0;2;1;1;1
202400036444;155 717 528;33;0;2;1;1;1
202400036444;155 717 531;7;0;2;3;11;1
202400036445;155 717 525;7;0;2;2;1;1
202400036445;155 717 527;2;0;2;8;11;1
202400036446;155 717 523;31;0;2;3;17;0
202400036446;155 717 524;7;0;2;3;10;2
202400036447;155 717 526;7;0;1;4;20;1
202400036448;155 717 521;7;0;2;3;13;1
202400036448;155 717 522;7;0;2;3;13;2
202400036449;155 717 519;7;0;2;6;24;1
202400036449;155 717 520;43;1;0;2;11;1
202400036450;155 717 518;1;0;0;9;0;5
202400036451;155 717 516;15;0;2;1;1;1
202400036451;155 717 517;7;0;0;4;1;1
202400036452;155 717 514;7;0;2;2;16;1
202400036452;155 717 515;34;0;2;7;1;3
202400036453;155 717 512;31;0;2;1;1;1
202400036453;155 717 513;7;0;2;5;11;1
202400036454;155 717 510;30;0;0;1;1;1
202400036454;155 717 511;7;0;2;8;9;1
202400036455;155 717 509;7;1;2;2;26;1
202400036456;155 717 504;32;0;2;1;1;1
202400036456;155 717 508;7;0;2;2;19;1
202400036457;155 717 505;10;0;2;3;1;1
202400036457;155 717 507;33;0;2;1;26;1
202400036458;155 717 503;14;5;0;2;0;1
202400036459;155 717 502;7;0;0;1;26;1
202400036460;155 717 506;30;16;0;1;26;1
202400036461;155 717 500;7;8;0;1;5;1
202400036462;155 717 499;7;0;2;8;23;1
202400036462;155 717 501;7;14;2;7;17;1
202400036463;155 717 498;10;6;0;1;1;1
202400036464;155 717 496;14;0;0;0;0;1
202400036464;155 717 497;7;0;2;1;2;1
202400036465;155 717 493;7;0;2;1;2;1
202400036465;155 717 494;7;0;1;4;2;1
202400036466;155 717 491;50;0;2;1;1;3
202400036466;155 717 495;7;0;9;3;1;1
202400036467;155 717 490;1;0;2;1;2;5
202400036467;155 717 492;7;0;9;5;16;1
202400036468;155 717 489;33;0;6;0;19;1
202400036469;155 717 486;7;0;0;3;22;1
202400036469;155 717 487;1;1;0;8;1;5
202400036470;155 717 484;7;0;2;7;15;1
202400036470;155 717 488;32;0;2;2;26;1
202400036471;155 717 483;7;0;9;2;16;1
202400036471;155 717 485;1;0;2;1;16;5
202400036472;155 717 481;7;0;9;2;1;1
202400036472;155 717 482;60;0;2;8;11;5
202400036473;155 717 479;7;6;0;1;1;1
202400036474;155 717 480;7;0;1;3;1;1
202400036475;155 717 478;31;0;0;0;5;1
202400036476;155 717 476;33;0;0;4;15;1
202400036476;155 717 477;10;0;0;2;2;1
202400036477;155 717 475;10;2;0;1;1;1
202400036478;155 717 471;7;0;2;1;1;1
202400036478;155 717 473;7;0;2;6;1;1
202400036478;155 717 474;37;0;2;1;1;1
202400036479;155 717 469;7;0;0;4;1;1
202400036479;155 717 472;7;0;0;1;1;1
202400036480;155 717 468;31;0;2;1;17;1
202400036480;155 717 470;10;0;0;8;15;1
202400036481;155 717 465;7;0;0;0;0;3
202400036482;155 717 464;7;0;2;1;15;1
202400036482;155 717 467;1;0;2;7;0;5
202400036483;155 717 463;2;0;2;7;1;1
202400036483;155 717 466;7;0;2;3;9;1
202400036484;155 717 458;7;0;2;3;1;1
202400036484;155 717 459;1;0;2;7;1;5
202400036485;155 717 457;7;0;2;3;1;1
202400036485;155 717 460;7;0;2;2;13;1
202400036486;155 717 454;7;0;2;8;11;1
202400036486;155 717 455;33;0;2;2;1;1
202400036487;155 717 452;32;0;2;1;1;1
202400036487;155 717 453;7;0;2;1;15;1
202400036488;155 717 451;7;3;0;2;1;1
202400036489;155 717 456;10;0;0;1;2;1
202400036490;155 717 448;10;0;2;4;2;1
202400036490;155 717 450;10;0;2;1;2;1
202400036491;155 717 447;32;0;2;1;17;1
202400036491;155 717 449;7;0;2;3;10;1
202400036492;155 717 445;7;0;2;4;2;1
202400036492;155 717 446;10;0;2;1;2;1
202400036493;155 717 443;7;0;2;3;5;1
202400036493;155 717 444;7;0;2;1;1;1
202400036494;155 717 439;7;0;2;4;1;1
202400036494;155 717 440;7;0;2;4;1;1
202400036494;155 717 441;7;0;2;1;9;1
202400036495;155 717 438;80;0;9;1;0;3
202400036495;155 717 442;1;0;9;1;5;5
202400036496;155 717 436;33;0;2;8;11;1
202400036496;155 717 437;31;0;2;7;3;1
202400036497;155 717 433;17;0;0;4;1;1
202400036497;155 717 434;7;0;0;1;1;1
202400036498;155 717 430;15;0;2;2;1;1
202400036498;155 717 431;7;0;2;8;11;1
202400036499;155 717 432;7;0;2;2;20;1
202400036499;155 717 435;1;0;2;1;1;5
202400036500;155 717 428;7;0;9;8;22;1
202400036500;155 717 429;1;1;0;1;1;5
202400036501;155 717 426;7;0;2;6;9;1
202400036501;155 717 427;43;0;2;2;1;1
202400036502;155 717 422;7;0;2;6;1;2
202400036502;155 717 424;10;0;2;0;0;0
202400036503;155 717 421;38;0;1;5;15;0
202400036504;155 717 418;7;0;2;0;0;0
202400036504;155 717 420;33;0;2;8;3;1
202400036505;155 717 416;7;0;2;3;13;1
202400036505;155 717 417;7;0;2;3;13;1
202400036506;155 717 414;31;0;2;7;3;1
202400036506;155 717 415;10;0;2;8;1;1
202400036507;155 717 419;7;0;2;3;15;1
202400036507;155 717 423;50;0;2;0;11;3
202400036508;155 717 411;7;0;2;5;21;1
202400036508;155 717 413;7;0;2;3;1;1
202400036509;155 717 409;50;0;2;1;1;3
202400036509;155 717 412;7;0;2;3;15;1
202400036510;155 717 408;7;0;2;3;1;1
202400036510;155 717 410;7;0;0;8;15;1
202400036511;155 717 406;33;0;2;2;1;1
202400036511;155 717 407;7;0;2;3;11;1
202400036512;155 717 404;7;0;1;1;1;1
202400036513;155 717 402;1;0;2;1;1;5
202400036513;155 717 405;7;0;9;6;19;1
202400036514;155 717 401;7;0;2;5;12;1
202400036514;155 717 403;33;0;2;1;3;1
202400036515;155 717 398;7;13;0;3;1;1
202400036516;155 717 400;7;0;1;5;1;1
202400036517;155 717 397;7;0;2;3;2;1
202400036517;155 717 399;7;0;0;5;2;1
202400036518;155 717 394;7;0;1;1;1;1
202400036519;155 717 393;31;0;2;4;1;1
202400036519;155 717 396;7;0;2;0;0;0
202400036520;155 717 392;15;0;2;1;1;1
202400036520;155 717 395;3;0;2;3;9;1
202400036521;155 717 389;32;0;0;0;9;1
202400036522;155 717 387;7;0;9;3;15;1
202400036522;155 717 391;80;0;2;1;1;3
202400036523;155 717 386;33;0;2;3;3;1
202400036523;155 717 388;10;0;2;7;12;1
202400036523;155 717 390;7;0;2;6;1;1
202400036524;155 717 382;7;0;0;3;19;1
202400036524;155 717 385;7;0;2;2;1;1
202400036525;155 717 381;7;0;2;7;15;1
202400036525;155 717 383;1;0;2;1;1;5
202400036526;155 717 378;13;0;2;4;1;1
202400036526;155 717 380;13;0;2;4;1;1
202400036526;155 717 384;17;0;2;1;1;1
202400036527;155 717 377;7;0;2;5;10;1
202400036527;155 717 379;7;0;2;2;1;1
202400036528;155 717 373;7;0;9;1;15;1
202400036528;155 717 376;1;0;2;1;2;5
202400036529;155 717 371;7;0;2;1;1;1
202400036529;155 717 374;7;0;2;9;13;1
202400036530;155 717 372;7;0;9;0;0;0
202400036530;155 717 375;1;0;2;0;0;5
202400036531;155 717 370;7;2;0;1;1;1
202400036532;155 717 367;7;0;9;3;0;1
202400036532;155 717 369;60;0;2;1;1;5
202400036533;155 717 366;7;13;0;3;13;1
202400036534;155 717 364;7;8;2;8;0;1
202400036534;155 717 368;7;0;2;0;0;0
202400036535;155 717 361;7;0;2;3;19;1
202400036535;155 717 362;15;0;2;2;1;1
202400036536;155 717 360;10;0;2;7;17;1
202400036536;155 717 363;7;0;2;1;23;1
202400036536;155 717 365;7;0;2;1;1;1
202400036537;155 717 359;33;0;0;1;1;1
202400036538;155 717 358;0;4;0;0;0;0
202400036539;155 717 357;10;6;0;3;13;1
202400036540;155 717 353;33;13;0;9;1;1
202400036541;155 717 349;7;0;2;3;19;1
202400036541;155 717 350;10;0;2;1;19;1
202400036542;155 717 348;7;0;2;1;1;1
202400036542;155 717 354;7;0;2;8;1;1
202400036543;155 717 347;7;0;1;2;1;1
202400036544;155 717 346;1;0;0;1;1;5
202400036545;155 717 343;7;0;2;2;2;1
202400036545;155 717 344;33;0;2;9;17;1
202400036545;155 717 345;7;0;2;8;2;1
202400036546;155 717 340;1;0;2;1;1;5
202400036546;155 717 342;10;0;2;2;15;1
202400036547;155 717 336;50;1;2;7;1;3
202400036547;155 717 339;7;0;2;8;22;1
202400036548;155 717 335;7;0;2;2;1;1
202400036548;155 717 337;7;0;2;6;25;1
202400036549;155 717 331;7;0;2;3;1;2
202400036549;155 717 334;7;0;2;1;1;2
202400036550;155 717 332;1;0;2;3;1;5
202400036551;155 717 330;7;0;2;1;1;1
202400036551;155 717 333;7;0;2;4;1;2
202400036552;155 717 328;10;0;2;3;9;1
202400036552;155 717 329;1;0;2;7;1;5
202400036553;155 717 326;38;0;1;7;16;1
202400036554;155 717 324;7;0;2;2;26;1
202400036554;155 717 327;10;0;2;1;26;1
202400036555;155 717 323;13;0;2;1;1;1
202400036555;155 717 325;7;0;2;3;5;1
202400036556;155 717 321;50;0;1;1;1;3
202400036557;155 717 319;7;0;2;4;1;1
202400036557;155 717 322;7;0;2;1;1;1
202400036558;155 717 318;2;0;2;7;9;1
202400036558;155 717 320;7;0;2;1;1;1
202400036559;155 717 317;10;0;1;1;1;1
202400036560;155 717 313;7;0;2;4;4;1
202400036560;155 717 314;32;0;2;2;1;1
202400036560;155 717 316;7;0;2;1;1;1
202400036561;155 717 312;30;0;0;3;1;1
202400036562;155 717 315;7;2;0;3;0;1
202400036563;155 717 311;1;14;0;2;0;5
202400036564;155 717 308;7;0;2;7;15;1
202400036564;155 717 310;1;0;2;1;1;5
202400036565;155 717 307;50;0;2;1;1;3
202400036565;155 717 309;7;0;2;4;1;1
202400036566;155 717 306;7;4;0;8;1;1
202400036567;155 717 304;10;3;0;2;1;1
202400036568;155 717 303;7;0;9;2;15;1
202400036568;155 717 305;1;0;2;8;1;5
202400036569;155 717 302;7;0;1;3;1;1
202400036570;155 717 301;7;4;0;1;17;1
202400036571;155 717 295;7;0;2;3;13;1
202400036571;155 717 297;38;0;2;3;1;1
202400036572;155 717 294;7;0;9;1;1;1
202400036572;155 717 299;60;0;2;0;19;5
202400036573;155 717 290;10;0;2;1;1;1
202400036573;155 717 293;10;0;2;1;1;1
202400036574;155 717 291;7;0;2;3;20;1
202400036574;155 717 292;7;0;2;2;1;1
202400036575;155 717 287;13;0;2;4;24;0
202400036575;155 717 288;7;1;2;1;1;1
202400036576;155 717 283;7;0;2;1;1;1
202400036576;155 717 286;7;0;2;1;5;1
202400036577;155 717 282;7;13;0;1;1;1
202400036578;155 717 281;10;0;2;3;26;1
202400036578;155 717 284;33;0;2;2;15;1
202400036579;155 717 278;1;0;2;1;1;5
202400036579;155 717 280;2;0;9;1;1;1
202400036580;155 717 277;33;0;0;1;1;1
202400036581;155 717 275;7;0;2;2;15;1
202400036581;155 717 276;7;0;2;3;23;2
202400036581;155 717 279;7;0;2;6;1;3
202400036582;155 717 271;33;0;2;2;13;1
202400036582;155 717 273;7;0;2;3;10;1
202400036583;155 717 269;10;0;0;4;2;1
202400036583;155 717 270;10;0;2;1;2;1
202400036583;155 717 272;7;0;2;4;2;3
202400036583;155 717 274;7;0;2;4;2;3
202400036584;155 717 268;7;0;1;1;0;1
202400036585;155 717 265;1;0;2;7;1;5
202400036585;155 717 267;7;0;2;3;9;1
202400036586;155 717 263;33;0;2;1;1;1
202400036586;155 717 266;10;0;2;6;9;1
202400036587;155 717 261;7;0;2;2;1;1
202400036587;155 717 264;7;0;2;2;20;1
202400036588;155 717 260;7;0;2;1;2;1
202400036588;155 717 262;7;0;2;1;14;1
202400036589;155 717 256;7;0;2;3;1;1
202400036589;155 717 259;7;0;2;2;15;1
202400036590;155 717 257;10;0;0;9;1;1
202400036591;155 717 255;7;0;2;1;12;1
202400036591;155 717 258;33;0;2;9;3;1
202400036592;155 717 251;40;0;1;1;0;3
202400036593;155 717 253;30;0;2;1;1;1
202400036593;155 717 254;7;0;2;3;15;1
202400036594;155 717 252;31;0;0;0;1;1
202400036595;155 717 249;7;0;2;5;15;1
202400036595;155 717 250;7;0;2;3;1;1
202400036596;155 717 248;7;0;1;1;1;1
202400036597;155 717 245;7;13;0;1;14;1
202400036598;155 717 246;10;0;1;3;1;1
202400036599;155 717 243;7;0;2;4;1;1
202400036599;155 717 247;7;0;2;2;1;1
202400036600;155 717 241;7;0;2;5;16;1
202400036600;155 717 244;1;0;2;3;1;5
202400036601;155 717 240;7;0;2;1;9;1
202400036601;155 717 242;50;0;2;4;1;3
202400036602;155 717 239;50;0;0;0;1;3
202400036603;155 717 237;7;0;2;0;1;1
202400036603;155 717 238;80;0;2;1;1;3
202400036604;155 717 236;30;0;1;1;25;1
202400036605;155 717 234;30;0;1;1;1;1
202400036606;155 717 232;7;0;2;1;13;1
202400036606;155 717 235;7;0;2;1;1;1
202400036607;155 717 231;7;0;2;1;15;2
202400036607;155 717 233;2;0;2;7;17;1
202400036608;155 717 229;7;0;2;2;15;0
202400036608;155 717 230;50;0;2;1;1;3
202400036609;155 717 227;7;0;2;2;14;1
202400036609;155 717 228;7;0;2;2;1;1
202400036610;155 717 226;33;2;0;1;1;1
202400036611;155 717 223;2;0;2;4;16;1
202400036611;155 717 225;14;0;2;8;1;0
202400036612;155 717 222;1;15;0;7;1;5
202400036613;155 717 220;7;0;2;5;0;1
202400036613;155 717 224;7;0;2;8;0;1
202400036614;155 717 218;7;0;2;3;15;1
202400036614;155 717 221;7;0;2;1;1;1
202400036615;155 717 214;7;0;2;3;9;1
202400036615;155 717 217;32;0;2;1;1;1
202400036616;155 717 215;7;0;0;7;12;1
202400036616;155 717 219;13;0;2;3;1;1
202400036617;155 717 213;10;0;2;1;2;1
202400036617;155 717 216;10;0;2;4;2;1
202400036618;155 717 212;10;0;1;2;1;1
202400036619;155 717 209;31;0;2;1;2;1
202400036619;155 717 211;7;0;2;4;2;1
202400036620;155 717 205;7;0;9;2;15;3
202400036620;155 717 206;50;0;2;1;1;3
202400036621;155 717 204;15;0;0;6;2;1
202400036621;155 717 210;10;0;2;2;11;1
202400036622;155 717 202;7;0;2;3;13;1
202400036622;155 717 203;7;0;2;3;1;1
202400036623;155 717 201;7;0;0;1;0;1
202400036624;155 717 200;15;0;1;1;26;1
202400036625;155 717 199;7;12;0;3;13;1
202400036626;155 717 198;7;0;1;4;26;1
202400036627;155 717 196;33;0;0;1;13;1
202400036627;155 717 197;7;0;0;3;26;1
202400036628;155 717 194;10;2;0;1;2;0
202400036629;155 717 195;7;0;1;2;16;1
202400036630;155 717 193;17;3;0;3;13;1
202400036631;155 717 192;7;0;1;1;1;1
202400036632;155 717 190;7;0;9;2;16;1
202400036632;155 717 191;50;0;2;2;0;3
202400036633;155 717 187;7;0;2;4;1;3
202400036633;155 717 189;7;0;2;1;2;1
202400036634;155 717 186;33;0;2;1;1;1
202400036634;155 717 188;7;0;2;2;15;1
202400036635;155 717 185;7;0;1;8;1;1
202400036636;155 717 182;10;0;2;1;1;1
202400036636;155 717 184;7;0;2;4;1;1
202400036637;155 717 180;7;0;2;7;16;1
202400036637;155 717 183;50;0;2;1;1;3
202400036638;155 717 179;33;0;2;2;0;1
202400036638;155 717 181;7;0;2;3;15;1
202400036639;155 717 177;7;0;2;7;12;1
202400036639;155 717 178;33;0;2;8;1;1
202400036640;155 717 176;7;0;2;1;20;1
202400036641;155 717 175;10;0;1;2;1;1
202400036642;155 717 173;7;2;0;1;1;1
202400036643;155 717 172;17;0;2;2;1;1
202400036643;155 717 174;7;0;2;8;9;2
202400036644;155 717 169;7;0;1;2;26;2
202400036645;155 717 167;7;0;2;1;16;1
202400036645;155 717 171;1;0;2;7;19;5
202400036646;155 717 165;10;0;2;3;14;1
202400036646;155 717 166;7;0;2;1;1;1
202400036646;155 717 168;7;0;2;1;2;1
202400036646;155 717 170;7;0;2;4;1;1
202400036647;155 717 162;33;0;2;0;0;1
202400036647;155 717 164;7;0;2;6;2;1
202400036648;155 717 159;7;0;2;1;1;1
202400036648;155 717 161;7;0;2;4;1;1
202400036649;155 717 158;7;0;2;2;15;1
202400036649;155 717 160;30;0;2;2;17;1
202400036649;155 717 163;7;0;2;3;1;1
202400036650;155 717 155;7;0;2;4;2;1
202400036650;155 717 157;7;0;2;1;2;1
202400036651;155 717 154;7;0;2;8;11;3
202400036651;155 717 156;33;0;2;7;3;1
202400036652;155 717 153;7;0;1;1;1;1
202400036653;155 717 151;1;0;0;0;1;5
202400036654;155 717 147;43;0;2;3;13;1
202400036654;155 717 149;7;0;2;3;0;1
202400036655;155 717 146;7;0;2;3;22;1
202400036655;155 717 148;1;1;0;5;1;5
202400036656;155 717 143;7;1;0;3;15;1
202400036656;155 717 145;2;14;0;3;15;3
202400036657;155 717 141;30;0;2;1;16;1
202400036657;155 717 144;7;0;2;1;1;1
202400036658;155 717 140;7;0;2;3;1;1
202400036658;155 717 142;7;0;2;8;15;1
202400036659;155 717 138;7;0;2;6;2;1
202400036659;155 717 139;34;0;2;7;2;1
202400036660;155 717 136;7;0;2;3;13;1
202400036660;155 717 137;7;0;2;3;21;1
202400036661;155 717 135;7;0;1;2;17;1