Num_Acc;id_vehicule;catv;obs;obsm;choc;manv;motor
202400037370;155 715 881;7;0;2;1;2;1
202400037370;155 715 883;10;0;2;3;1;1
202400037370;155 715 885;7;0;2;1;2;1
202400037371;155 715 878;33;0;2;1;17;1
202400037371;155 715 882;7;0;2;5;15;1
202400037372;155 715 880;50;0;0;7;16;3
202400037373;155 715 876;7;0;2;5;16;1
202400037373;155 715 877;2;0;2;8;16;1
202400037374;155 715 874;7;0;2;4;9;1
202400037374;155 715 875;10;0;2;1;17;1
202400037375;155 715 871;7;0;2;1;26;1
202400037375;155 715 873;1;0;2;8;5;5
202400037376;155 715 870;13;0;2;3;1;0
202400037376;155 715 872;7;0;2;3;13;1
202400037377;155 715 867;10;0;2;8;15;1
202400037377;155 715 868;33;0;2;7;17;1
202400037378;155 715 866;10;0;2;2;9;1
202400037378;155 715 869;1;0;2;7;1;5
202400037379;155 715 864;7;6;0;1;1;1
202400037380;155 715 863;7;0;2;1;9;2
202400037380;155 715 865;1;0;2;1;5;5
202400037381;155 715 862;7;13;0;9;0;2
202400037382;155 715 860;7;0;1;3;19;1
202400037383;155 715 859;7;0;2;1;1;1
202400037383;155 715 861;7;0;2;1;1;1
202400037384;155 715 856;10;0;2;1;2;1
202400037384;155 715 858;7;15;2;4;2;1
202400037385;155 715 853;2;0;2;7;1;1
202400037385;155 715 855;7;0;2;2;9;1
202400037386;155 715 850;7;0;9;2;26;1
202400037386;155 715 851;50;0;2;1;2;3
202400037387;155 715 848;7;0;2;5;10;1
202400037387;155 715 854;7;0;2;1;1;1
202400037388;155 715 849;7;0;2;3;0;1
202400037388;155 715 852;33;0;2;2;0;1
202400037389;155 715 846;7;2;0;1;0;1
202400037390;155 715 845;7;0;2;1;2;1
202400037390;155 715 847;7;0;2;4;2;1
202400037391;155 715 844;33;1;0;3;15;1
202400037392;155 715 839;7;0;2;3;9;1
202400037392;155 715 843;32;0;2;1;21;1
202400037393;155 715 838;7;0;2;6;15;1
202400037393;155 715 842;33;0;2;7;17;1
202400037394;155 715 837;7;0;2;3;2;1
202400037394;155 715 840;7;0;2;4;1;1
202400037395;155 715 836;7;0;2;8;18;1
202400037395;155 715 841;33;0;2;8;1;1
202400037396;155 715 834;7;5;0;2;14;1
202400037397;155 715 831;7;0;2;6;13;1
202400037397;155 715 835;7;0;2;3;13;1
202400037398;155 715 830;7;0;2;3;1;1
202400037398;155 715 833;1;0;2;1;1;5
202400037399;155 715 829;1;0;2;8;17;5
202400037399;155 715 832;7;0;2;3;17;1
202400037400;155 715 825;7;0;2;2;15;1
202400037400;155 715 827;31;0;2;1;1;1
202400037401;155 715 823;1;13;0;1;1;5
202400037402;155 715 822;3;0;2;1;2;1
202400037402;155 715 826;7;0;2;4;16;1
202400037403;155 715 821;7;0;2;1;1;1
202400037403;155 715 824;7;0;2;0;1;1
202400037403;155 715 828;10;0;2;1;1;1
202400037404;155 715 820;33;8;0;2;1;1
202400037405;155 715 816;7;0;0;1;1;1
202400037405;155 715 819;30;0;0;7;19;1
202400037406;155 715 815;7;0;2;3;5;1
202400037406;155 715 817;2;0;2;7;5;1
202400037407;155 715 814;2;0;2;1;2;1
202400037407;155 715 818;7;0;2;4;2;1
202400037408;155 715 813;7;0;1;1;1;1
202400037409;155 715 810;7;1;0;1;19;1
202400037409;155 715 812;1;0;2;1;23;5
202400037410;155 715 809;7;0;2;4;4;0
202400037410;155 715 811;7;0;2;1;0;0
202400037411;155 715 808;7;6;0;1;6;1
202400037412;155 715 805;37;2;0;1;1;1
202400037413;155 715 804;30;0;2;0;1;1
202400037413;155 715 807;7;0;2;3;1;1
202400037414;155 715 803;7;0;1;0;1;1
202400037415;155 715 802;7;3;2;1;13;1
202400037415;155 715 806;7;0;2;1;1;1
202400037416;155 715 799;7;0;1;1;1;1
202400037417;155 715 797;7;0;2;4;2;1
202400037417;155 715 800;7;0;2;1;2;1
202400037418;155 715 798;7;0;1;1;19;1
202400037419;155 715 796;7;0;1;1;23;1
202400037419;155 715 801;7;1;0;1;23;2
202400037420;155 715 795;7;4;0;9;2;1
202400037421;155 715 794;2;1;0;1;14;1
202400037422;155 715 791;32;7;0;2;1;1
202400037423;155 715 792;7;0;1;1;1;1
202400037424;155 715 793;30;0;1;1;1;1
202400037425;155 715 790;33;12;0;7;0;1
202400037426;155 715 786;33;0;2;7;3;1
202400037426;155 715 789;0;0;2;3;11;0
202400037427;155 715 787;1;12;0;2;1;5
202400037428;155 715 785;7;0;2;5;15;0
202400037428;155 715 788;33;0;2;2;1;1
202400037429;155 715 781;7;0;2;1;2;1
202400037429;155 715 783;7;0;2;4;2;1
202400037430;155 715 779;7;0;2;1;1;1
202400037430;155 715 784;7;0;2;2;19;1
202400037431;155 715 780;50;0;2;1;5;3
202400037431;155 715 782;80;0;2;1;1;3
202400037432;155 715 777;7;0;2;8;15;2
202400037432;155 715 778;7;0;2;1;15;1
202400037433;155 715 774;7;0;2;4;1;1
202400037433;155 715 775;7;0;2;1;2;1
202400037434;155 715 771;7;0;1;2;26;1
202400037435;155 715 770;7;0;2;1;2;1
202400037435;155 715 773;7;3;2;0;1;1
202400037435;155 715 776;7;0;2;1;2;1
202400037436;155 715 769;7;0;2;1;1;1
202400037436;155 715 772;7;0;2;4;1;1
202400037437;155 715 767;7;1;0;7;14;1
202400037438;155 715 763;7;0;2;4;26;1
202400037438;155 715 766;32;0;2;1;2;1
202400037439;155 715 762;7;0;2;5;7;2
202400037439;155 715 765;80;0;2;5;2;3
202400037440;155 715 760;7;0;2;0;0;1
202400037440;155 715 761;7;0;2;4;1;1
202400037440;155 715 764;10;0;2;5;1;1
202400037440;155 715 768;33;0;2;0;3;1
202400037441;155 715 759;7;0;1;1;1;1
202400037442;155 715 756;17;0;2;7;1;1
202400037442;155 715 758;7;0;2;8;9;1
202400037443;155 715 755;7;4;0;2;1;1
202400037444;155 715 754;7;0;2;2;12;1
202400037444;155 715 757;33;0;2;1;1;1
202400037445;155 715 751;7;5;0;2;14;2
202400037446;155 715 750;30;0;2;3;17;1
202400037446;155 715 753;7;0;2;3;9;1
202400037447;155 715 749;10;3;2;0;13;1
202400037447;155 715 752;10;0;2;0;0;1
202400037448;155 715 747;32;0;1;5;11;1
202400037449;155 715 743;33;0;2;0;2;1
202400037449;155 715 746;7;0;2;4;2;1
202400037450;155 715 741;7;0;2;2;26;1
202400037450;155 715 745;7;0;2;5;1;2
202400037450;155 715 748;7;0;2;8;1;2
202400037451;155 715 740;7;8;2;5;1;1
202400037451;155 715 744;7;12;2;1;1;1
202400037452;155 715 738;7;0;2;5;20;1
202400037452;155 715 742;2;0;2;1;1;1
202400037453;155 715 737;33;0;2;1;3;1
202400037453;155 715 739;7;0;2;8;1;1
202400037454;155 715 736;7;4;0;2;26;1
202400037455;155 715 734;50;0;1;1;1;3
202400037456;155 715 733;31;0;2;8;1;1
202400037457;155 715 731;7;0;2;1;23;1
202400037457;155 715 735;7;0;2;4;23;1
202400037458;155 715 729;15;0;2;2;1;1
202400037458;155 715 730;43;0;2;1;1;1
202400037458;155 715 732;7;0;2;8;0;1
202400037459;155 715 727;7;6;0;3;26;1
202400037460;155 715 726;3;1;2;1;0;1
202400037460;155 715 728;7;0;2;1;26;1
202400037461;155 715 723;7;0;2;1;2;1
202400037461;155 715 724;7;0;2;4;2;1
202400037462;155 715 721;33;0;2;1;18;1
202400037462;155 715 722;7;0;2;5;1;1
202400037463;155 715 718;7;16;0;1;26;1
202400037464;155 715 719;7;0;2;2;1;1
202400037464;155 715 725;99;0;2;1;1;1
202400037465;155 715 717;7;0;0;0;16;1
202400037466;155 715 716;31;0;2;1;1;1
202400037466;155 715 720;7;0;2;6;1;1
202400037467;155 715 715;32;0;0;0;0;6
202400037468;155 715 713;7;4;0;1;2;1
202400037469;155 715 712;7;0;2;1;5;1
202400037469;155 715 714;7;0;2;1;0;1
202400037470;155 715 707;33;0;2;1;1;1
202400037470;155 715 711;7;0;2;8;15;1
202400037471;155 715 705;7;0;2;7;15;3
202400037471;155 715 710;34;0;2;1;1;1
202400037472;155 715 706;7;0;2;0;1;1
202400037472;155 715 709;7;0;2;0;1;2
202400037473;155 715 704;7;0;2;3;11;1
202400037473;155 715 708;33;0;2;2;2;1
202400037474;155 715 701;33;0;0;7;3;1
202400037475;155 715 699;10;0;2;2;16;1
202400037475;155 715 702;50;0;2;1;1;3
202400037476;155 715 698;7;1;0;3;26;1
202400037477;155 715 695;10;0;2;0;0;1
202400037477;155 715 696;7;0;2;8;0;1
202400037478;155 715 694;33;0;2;6;3;1
202400037478;155 715 697;7;0;2;5;0;1
202400037479;155 715 691;7;1;0;1;2;1
202400037480;155 715 690;2;0;2;1;6;1
202400037480;155 715 693;7;0;2;2;1;2
202400037481;155 715 689;7;0;2;2;2;1
202400037481;155 715 692;10;0;2;6;2;1
202400037482;155 715 687;10;0;2;8;11;1
202400037482;155 715 688;33;0;2;1;1;1
202400037483;155 715 686;7;8;0;7;17;1
202400037484;155 715 685;7;0;0;0;0;0
202400037485;155 715 682;7;0;2;1;1;1
202400037485;155 715 684;7;0;2;4;1;1
202400037486;155 715 680;33;0;2;1;17;1
202400037486;155 715 683;7;0;0;6;15;1
202400037487;155 715 679;30;0;2;1;26;1
202400037487;155 715 681;10;0;2;8;0;1
202400037488;155 715 674;10;1;9;6;20;1
202400037489;155 715 673;7;13;0;1;14;1
202400037490;155 715 676;1;0;2;1;1;5
202400037490;155 715 677;7;0;2;3;16;1
202400037491;155 715 675;33;0;2;1;0;1
202400037491;155 715 678;7;0;2;5;15;2
202400037492;155 715 672;7;0;1;1;1;1
202400037493;155 715 671;7;6;0;2;14;1
202400037494;155 715 668;33;0;2;1;1;1
202400037494;155 715 670;7;0;2;3;13;1
202400037495;155 715 667;2;0;2;2;1;1
202400037495;155 715 669;7;0;2;3;9;1
202400037496;155 715 666;7;8;0;1;14;1
202400037497;155 715 665;32;0;1;0;2;1
202400037498;155 715 662;1;0;1;0;26;5
202400037499;155 715 660;7;0;2;1;13;1
202400037499;155 715 663;7;0;2;1;1;1
202400037500;155 715 659;7;0;2;3;1;1
202400037500;155 715 664;7;0;2;3;1;1
202400037501;155 715 658;32;0;2;2;1;1
202400037501;155 715 661;7;0;2;3;1;1
202400037502;155 715 656;38;12;9;5;16;1
202400037503;155 715 652;7;0;2;1;15;1
202400037503;155 715 655;30;0;2;8;1;1
202400037504;155 715 653;7;0;2;1;15;2
202400037504;155 715 657;33;0;2;7;1;1
202400037505;155 715 651;32;0;2;1;17;1
202400037505;155 715 654;2;0;2;4;15;1
202400037506;155 715 647;7;0;2;4;11;1
202400037506;155 715 649;33;0;2;1;3;1
202400037507;155 715 648;30;0;2;1;1;1
202400037507;155 715 650;7;0;2;7;1;1
202400037508;155 715 646;7;0;1;1;1;1
202400037509;155 715 644;15;0;2;2;1;1
202400037509;155 715 645;7;3;2;3;18;1
202400037510;155 715 643;33;4;0;0;13;1
202400037511;155 715 642;30;0;0;0;2;1
202400037512;155 715 639;7;0;1;1;16;1
202400037513;155 715 638;33;0;0;9;1;1
202400037513;155 715 641;7;0;0;0;9;1
202400037514;155 715 636;7;0;0;6;1;1
202400037514;155 715 640;7;4;2;1;2;1
202400037515;155 715 635;10;0;2;3;26;1
202400037515;155 715 637;7;0;2;7;1;1
202400037516;155 715 632;37;0;2;3;1;1
202400037516;155 715 634;50;0;2;1;1;3
202400037517;155 715 630;7;4;2;1;14;1
202400037518;155 715 631;7;0;2;3;11;1
202400037518;155 715 633;33;10;2;1;1;1
202400037519;155 715 629;7;6;0;1;26;1
202400037520;155 715 627;7;4;2;1;11;2
202400037521;155 715 625;7;4;0;3;13;1
202400037522;155 715 624;7;0;2;3;11;1
202400037522;155 715 628;7;1;2;2;17;1
202400037523;155 715 623;7;0;2;3;2;1
202400037523;155 715 626;2;0;2;5;9;1
202400037524;155 715 622;7;0;1;1;1;0
202400037525;155 715 618;30;0;2;1;2;1
202400037525;155 715 621;10;0;2;4;23;1
202400037526;155 715 617;7;0;2;1;5;1
202400037526;155 715 619;7;0;2;1;1;1
202400037527;155 715 616;31;0;2;1;1;3
202400037527;155 715 620;7;0;2;3;15;0
202400037528;155 715 614;7;0;2;2;9;1
202400037528;155 715 615;7;0;2;3;1;1
202400037529;155 715 610;30;0;2;1;1;1
202400037529;155 715 613;7;0;2;6;2;2
202400037530;155 715 609;33;0;2;7;0;1
202400037530;155 715 612;7;0;2;8;11;0
202400037531;155 715 606;7;0;2;3;23;1
202400037531;155 715 608;7;11;2;1;14;1
202400037532;155 715 605;7;0;2;7;1;1
202400037532;155 715 611;10;0;2;8;1;3
202400037533;155 715 603;1;0;2;0;0;5
202400037533;155 715 607;7;0;2;1;0;1
202400037534;155 715 602;7;0;0;5;21;3
202400037534;155 715 604;34;0;2;1;3;1
202400037535;155 715 599;33;0;0;1;26;1
202400037536;155 715 596;7;0;2;1;1;1
202400037536;155 715 601;7;0;2;3;9;1
202400037537;155 715 597;2;6;0;1;1;1
202400037538;155 715 598;30;0;2;1;1;3
202400037538;155 715 600;32;0;2;4;23;1
202400037539;155 715 595;15;1;0;7;14;1
202400037540;155 715 593;33;9;0;1;1;1
202400037541;155 715 589;43;0;2;1;1;1
202400037541;155 715 592;7;0;2;3;1;2
202400037542;155 715 590;7;0;2;3;9;1
202400037542;155 715 594;7;0;2;7;1;1
202400037543;155 715 588;31;0;2;4;23;3
202400037543;155 715 591;7;14;0;1;2;1
202400037544;155 715 586;33;13;0;1;2;1
202400037545;155 715 582;80;0;2;2;1;3
202400037545;155 715 585;7;0;2;3;22;1
202400037546;155 715 584;7;0;2;7;15;0
202400037546;155 715 587;7;0;2;1;1;0
202400037547;155 715 580;7;0;2;2;15;1
202400037547;155 715 583;33;0;2;8;1;1
202400037548;155 715 578;33;0;2;0;11;1
202400037548;155 715 581;10;0;2;8;1;1
202400037549;155 715 576;14;0;2;8;23;4
202400037549;155 715 579;1;1;0;8;17;5
202400037550;155 715 575;50;12;0;1;1;3
202400037551;155 715 577;30;0;0;0;23;1
202400037552;155 715 572;7;0;2;3;15;1
202400037552;155 715 574;7;0;2;3;1;1
202400037553;155 715 570;2;0;2;1;1;1
202400037553;155 715 573;10;0;0;6;23;1
202400037554;155 715 569;33;0;2;7;15;1
202400037554;155 715 571;7;0;2;3;15;1
202400037555;155 715 567;7;12;0;1;1;0
202400037556;155 715 566;33;0;2;1;1;1
202400037556;155 715 568;7;0;2;8;15;1
202400037557;155 715 565;34;4;0;3;1;1
202400037558;155 715 561;7;0;9;1;1;3
202400037558;155 715 563;50;0;2;1;1;3
202400037559;155 715 564;7;9;0;3;1;1
202400037560;155 715 562;30;0;1;1;2;0
202400037561;155 715 559;7;0;2;1;13;1
202400037561;155 715 560;2;0;2;1;1;1
202400037562;155 715 555;10;0;2;3;13;1
202400037562;155 715 558;38;0;2;3;1;1
202400037563;155 715 556;7;0;1;3;2;1
202400037564;155 715 554;1;0;2;1;2;5
202400037564;155 715 557;7;0;2;5;2;1
202400037565;155 715 553;33;0;0;0;1;1
202400037566;155 715 550;7;0;1;4;26;1
202400037567;155 715 549;7;0;2;3;15;1
202400037567;155 715 552;7;0;2;3;1;2
202400037568;155 715 547;7;0;2;7;15;1
202400037568;155 715 551;7;0;2;1;1;3
202400037569;155 715 545;30;0;0;8;1;1
202400037570;155 715 544;33;0;2;1;1;1
202400037570;155 715 546;7;0;2;6;1;1
202400037571;155 715 539;7;1;0;2;1;1
202400037572;155 715 541;1;0;2;8;19;5
202400037572;155 715 542;7;0;2;7;2;1
202400037573;155 715 540;7;0;2;3;1;1
202400037573;155 715 543;33;0;2;3;17;1
202400037574;155 715 534;7;0;2;1;1;0
202400037574;155 715 536;50;0;2;4;1;3
202400037575;155 715 537;7;0;2;1;1;2
202400037575;155 715 538;50;0;2;7;0;3
202400037576;155 715 535;7;0;1;1;1;2
202400037577;155 715 533;7;2;0;3;13;1
202400037578;155 715 532;7;6;0;2;10;1
202400037579;155 715 531;7;0;1;2;26;6
202400037580;155 715 528;7;0;2;1;15;0
202400037580;155 715 530;10;0;2;3;2;1
202400037581;155 715 527;7;0;2;1;13;1
202400037581;155 715 529;7;0;2;1;1;1
202400037582;155 715 523;31;0;2;1;1;1
202400037582;155 715 525;7;0;2;1;15;1
202400037583;155 715 524;7;0;2;2;16;1
202400037583;155 715 526;50;0;2;0;1;3
202400037584;155 715 522;7;1;0;1;1;1
202400037585;155 715 518;10;0;1;0;19;1
202400037586;155 715 519;30;0;2;1;5;1
202400037586;155 715 521;7;0;9;1;17;1
202400037587;155 715 517;7;0;2;2;9;1
202400037587;155 715 520;2;0;2;3;9;1
202400037588;155 715 512;7;0;2;2;1;1
202400037588;155 715 516;7;0;2;1;15;1
202400037589;155 715 513;33;16;0;1;1;1
202400037590;155 715 510;7;0;0;0;0;0
202400037590;155 715 514;50;0;2;1;26;3
202400037591;155 715 509;7;2;0;3;1;1
202400037592;155 715 506;1;0;0;1;26;5
202400037593;155 715 508;10;8;0;4;23;0
202400037593;155 715 511;7;0;2;1;23;1
202400037593;155 715 515;10;0;2;1;1;0
202400037594;155 715 503;7;0;2;1;1;1
202400037594;155 715 504;7;0;2;4;1;1
202400037595;155 715 505;7;0;9;2;2;1
202400037595;155 715 507;1;13;2;3;2;5
202400037596;155 715 502;32;12;0;8;13;1
202400037597;155 715 501;50;14;0;2;1;3
202400037598;155 715 499;7;1;0;1;1;1
202400037599;155 715 497;31;0;2;1;1;1
202400037599;155 715 500;7;0;2;2;15;2
202400037600;155 715 498;7;13;0;1;17;1
202400037601;155 715 495;7;0;1;1;1;1
202400037602;155 715 496;32;15;0;1;1;1
202400037603;155 715 493;33;0;2;7;17;1
202400037603;155 715 494;7;0;2;3;15;1
202400037604;155 715 490;7;0;1;3;0;0
202400037605;155 715 492;7;3;0;0;1;1
202400037606;155 715 489;30;0;2;1;1;3
202400037606;155 715 491;7;0;2;4;1;1
202400037607;155 715 486;7;0;2;1;1;0
202400037607;155 715 488;1;0;2;8;26;5
202400037608;155 715 484;1;0;2;1;1;5
202400037608;155 715 487;7;0;9;3;16;2
202400037609;155 715 485;7;0;1;1;1;1
202400037610;155 715 483;7;0;1;8;1;1
202400037611;155 715 478;7;0;0;8;1;1
202400037611;155 715 481;7;0;0;1;1;2
202400037612;155 715 476;7;0;1;2;1;1
202400037613;155 715 474;50;0;2;1;1;3
202400037613;155 715 477;7;0;2;3;9;1
202400037614;155 715 473;10;0;1;7;1;1
202400037615;155 715 475;10;0;2;1;1;1
202400037615;155 715 479;7;0;2;1;13;1
202400037616;155 715 471;7;1;0;1;19;1
202400037617;155 715 469;7;0;1;1;1;1
202400037618;155 715 470;7;0;2;1;16;1
202400037618;155 715 472;34;0;2;6;1;1
202400037619;155 715 465;7;0;2;3;10;1
202400037619;155 715 468;33;0;2;1;0;1
202400037620;155 715 463;7;0;2;3;13;2
202400037620;155 715 464;7;0;2;1;0;1
202400037620;155 715 467;7;0;2;3;21;1
202400037621;155 715 461;10;0;1;2;16;0
202400037622;155 715 462;7;0;1;1;15;1
202400037623;155 715 459;7;6;0;2;1;1
202400037624;155 715 457;10;0;1;4;25;1
202400037625;155 715 456;3;0;2;3;23;1
202400037625;155 715 458;2;0;2;1;2;1
202400037626;155 715 455;80;0;9;1;26;3
202400037627;155 715 452;1;0;1;1;1;5
202400037628;155 715 454;33;0;0;0;13;1
202400037629;155 715 451;7;7;0;3;1;1
202400037629;155 715 453;7;7;0;0;16;0
202400037630;155 715 447;7;0;1;1;1;1
202400037631;155 715 449;99;0;2;1;1;3
202400037631;155 715 450;7;0;9;2;1;2
202400037632;155 715 448;7;13;0;2;14;1
202400037633;155 715 445;7;0;2;1;1;1
202400037633;155 715 446;31;0;2;1;5;0
202400037634;155 715 440;7;0;2;3;13;1
202400037634;155 715 443;7;0;2;3;1;1
202400037635;155 715 441;7;0;2;1;2;1
202400037635;155 715 442;7;0;2;4;1;1
202400037636;155 715 439;10;0;1;2;9;1
202400037637;155 715 438;7;0;2;8;10;1
202400037637;155 715 444;33;0;2;1;5;1
202400037638;155 715 435;7;0;0;2;15;0
202400037639;155 715 434;7;0;2;2;1;1
202400037639;155 715 436;1;0;2;0;1;5
202400037640;155 715 437;33;13;0;8;1;1
202400037641;155 715 433;10;0;1;2;1;0
202400037642;155 715 431;7;6;0;1;1;1
202400037643;155 715 430;33;0;2;8;1;1
202400037643;155 715 432;10;0;2;1;19;1
202400037644;155 715 428;30;0;2;3;1;1
202400037644;155 715 429;7;0;2;3;15;1
202400037645;155 715 427;33;6;0;3;15;1
202400037646;155 715 425;7;0;2;1;1;1
202400037646;155 715 426;37;0;2;4;23;1
202400037647;155 715 423;7;0;2;6;23;1
202400037647;155 715 424;7;0;2;2;2;1
202400037648;155 715 417;1;0;2;1;15;5
202400037648;155 715 420;37;0;2;3;1;3
202400037649;155 715 414;1;0;2;1;1;5
202400037649;155 715 418;7;0;0;4;1;1
202400037650;155 715 415;7;0;2;3;1;1
202400037650;155 715 421;7;0;2;3;13;1
202400037651;155 715 416;7;0;0;7;0;1
202400037651;155 715 419;7;0;2;8;11;0
202400037651;155 715 422;7;2;0;8;1;0
202400037652;155 715 413;7;1;1;6;4;1
202400037653;155 715 410;7;0;2;4;1;1
202400037653;155 715 412;7;0;2;1;1;1
202400037654;155 715 407;33;0;0;7;1;1
202400037655;155 715 408;10;0;2;3;13;1
202400037655;155 715 411;7;0;2;3;1;1
202400037656;155 715 405;7;0;0;0;0;1
202400037656;155 715 406;30;0;2;1;2;1
202400037657;155 715 403;7;13;0;3;13;1
202400037658;155 715 402;7;0;2;8;1;1
202400037658;155 715 404;7;0;2;8;1;1
202400037659;155 715 401;7;13;0;9;21;1
202400037660;155 715 398;2;0;2;1;19;1
202400037660;155 715 400;7;0;2;6;19;1
202400037661;155 715 395;7;4;0;1;0;1
202400037662;155 715 393;7;0;2;1;1;1
202400037662;155 715 396;30;0;2;1;1;1
202400037662;155 715 399;30;0;2;7;15;1
202400037663;155 715 390;7;0;2;8;1;2
202400037663;155 715 392;7;0;2;1;1;1
202400037664;155 715 391;50;12;0;1;14;3
202400037665;155 715 389;7;13;0;3;1;1
202400037666;155 715 387;7;0;1;1;16;1
202400037667;155 715 386;2;0;2;1;5;1
202400037667;155 715 388;43;0;2;1;1;1
202400037668;155 715 385;7;9;0;1;1;1
202400037669;155 715 383;37;0;2;1;2;1
202400037669;155 715 384;7;0;2;4;2;1
202400037670;155 715 379;7;0;1;3;4;1
202400037671;155 715 381;1;0;0;8;1;5
202400037671;155 715 382;7;0;2;3;15;1
202400037672;155 715 378;7;0;2;2;2;1
202400037672;155 715 380;7;17;2;6;2;1
202400037673;155 715 376;7;0;2;1;2;1
202400037673;155 715 377;7;0;9;4;2;1
202400037674;155 715 373;3;0;0;4;1;1
202400037674;155 715 375;31;0;2;1;2;1
202400037675;155 715 372;7;0;2;3;13;1
202400037675;155 715 374;7;0;2;3;1;1
202400037676;155 715 370;7;0;9;1;26;1
202400037676;155 715 371;50;0;2;0;0;3
202400037677;155 715 368;7;13;0;3;13;0
202400037678;155 715 366;7;0;2;1;2;1
202400037678;155 715 369;7;0;0;4;23;1
202400037679;155 715 367;7;0;0;0;1;1
202400037680;155 715 365;10;3;0;1;19;1
202400037681;155 715 363;7;0;2;5;1;1
202400037681;155 715 364;50;0;2;1;9;3
202400037682;155 715 362;7;13;0;3;17;1
202400037683;155 715 361;7;8;0;3;0;0
202400037684;155 715 360;3;6;0;1;0;1
202400037685;155 715 359;7;0;1;2;16;1
202400037686;155 715 358;33;0;0;0;1;1
202400037687;155 715 354;7;0;2;1;16;1
202400037687;155 715 355;50;0;2;1;19;3
202400037688;155 715 353;33;0;0;1;1;1
202400037689;155 715 352;7;0;0;6;2;1
202400037689;155 715 356;7;0;2;3;17;1
202400037689;155 715 357;7;0;2;2;17;2
202400037690;155 715 351;10;0;1;2;1;1
202400037691;155 715 349;2;12;0;1;2;1
202400037692;155 715 348;16;0;0;3;1;1
202400037692;155 715 350;7;0;0;3;0;1
202400037693;155 715 346;80;0;2;1;5;3
202400037693;155 715 347;7;0;2;3;15;1
202400037694;155 715 343;33;0;2;2;21;1
202400037694;155 715 345;1;0;2;8;2;5
202400037695;155 715 342;1;0;1;1;1;5
202400037696;155 715 341;7;0;2;2;1;1
202400037696;155 715 344;7;0;2;7;19;3
202400037697;155 715 338;7;10;0;1;19;1
202400037698;155 715 337;3;0;2;1;1;1
202400037698;155 715 339;10;0;2;1;1;1
202400037699;155 715 336;7;0;2;3;0;1
202400037699;155 715 340;15;0;0;6;1;1
202400037700;155 715 333;7;0;2;3;1;1
202400037700;155 715 335;7;0;0;2;1;1
202400037701;155 715 332;1;0;2;8;2;5
202400037701;155 715 334;7;0;2;7;2;1
202400037702;155 715 330;7;0;0;0;1;1
202400037703;155 715 328;15;0;2;6;2;1
202400037703;155 715 331;7;0;2;2;2;1
202400037704;155 715 327;7;0;2;2;2;1
202400037704;155 715 329;1;0;2;4;0;5
202400037705;155 715 325;7;0;2;4;1;1
202400037705;155 715 326;7;0;2;1;1;1
202400037706;155 715 322;7;15;0;2;1;1
202400037707;155 715 320;33;0;2;1;1;1
202400037707;155 715 323;7;0;2;5;15;1
202400037708;155 715 321;7;0;2;4;1;1
202400037708;155 715 324;7;0;2;1;1;1
202400037709;155 715 317;7;0;2;3;1;1
202400037709;155 715 319;33;0;2;3;13;1
202400037710;155 715 316;7;0;0;9;1;1
202400037711;155 715 315;10;0;2;7;1;1
202400037711;155 715 318;7;0;2;1;1;1
202400037712;155 715 314;2;6;0;1;1;1
202400037713;155 715 311;31;0;2;3;1;1
202400037713;155 715 313;7;0;2;3;15;0
202400037714;155 715 310;7;0;0;2;13;1
202400037714;155 715 312;7;0;0;1;1;1
202400037715;155 715 308;7;9;0;1;1;1
202400037716;155 715 306;7;0;2;3;15;1
202400037716;155 715 309;7;0;2;2;1;1
202400037717;155 715 304;10;0;0;1;1;1
202400037717;155 715 307;7;6;2;3;1;1
202400037718;155 715 303;10;0;2;1;2;1
202400037718;155 715 305;7;0;2;4;2;2
202400037719;155 715 300;30;0;2;2;16;1
202400037719;155 715 301;7;0;2;1;0;1
202400037720;155 715 299;7;0;2;1;16;1
202400037720;155 715 302;7;0;2;1;1;1
202400037721;155 715 298;1;12;0;1;14;5
202400037722;155 715 296;2;0;0;0;1;1
202400037723;155 715 295;7;0;2;2;16;1
202400037723;155 715 297;1;0;2;1;1;5
202400037724;155 715 292;7;0;2;8;13;1
202400037724;155 715 293;7;0;2;8;1;3
202400037725;155 715 291;7;13;0;1;13;1
202400037726;155 715 290;33;0;2;3;1;1
202400037726;155 715 294;1;0;2;2;1;5
202400037727;155 715 286;7;13;0;1;2;1
202400037728;155 715 287;7;1;0;1;16;1
202400037729;155 715 282;7;2;0;1;13;1
202400037730;155 715 284;33;0;2;3;1;1
202400037730;155 715 285;10;0;2;3;15;1
202400037731;155 715 281;7;0;2;3;15;1
202400037731;155 715 283;33;0;2;2;17;1
202400037732;155 715 279;7;0;2;3;1;1
202400037732;155 715 280;33;0;6;1;5;1
202400037733;155 715 276;7;0;0;8;1;1
202400037733;155 715 278;7;0;0;2;1;1
202400037734;155 715 275;7;0;2;1;2;0
202400037734;155 715 277;1;0;2;4;1;5
202400037735;155 715 271;7;0;2;1;5;1
202400037735;155 715 272;7;0;2;1;1;1
202400037736;155 715 270;7;0;0;0;14;1
202400037737;155 715 268;1;0;2;1;1;5
202400037737;155 715 269;7;0;2;2;16;1
202400037738;155 715 265;33;0;2;1;5;1