Num_Acc;id_vehicule;catv;obs;obsm;choc;manv;motor
202400038086;155 714 647;10;3;2;3;1;1
202400038087;155 714 643;33;0;2;8;1;1
202400038087;155 714 645;10;0;2;1;15;1
202400038088;155 714 640;30;0;2;1;1;1
202400038088;155 714 641;7;0;2;5;15;1
202400038089;155 714 639;7;3;0;1;0;2
202400038090;155 714 637;7;0;2;1;0;1
202400038090;155 714 638;7;0;2;4;0;3
202400038091;155 714 633;7;0;2;3;0;1
202400038091;155 714 635;7;0;2;1;0;1
202400038092;155 714 632;2;0;2;1;2;1
202400038092;155 714 634;7;0;2;3;15;1
202400038093;155 714 631;7;0;2;4;1;1
202400038093;155 714 636;10;0;2;1;1;1
202400038094;155 714 630;7;0;1;1;1;1
202400038095;155 714 627;14;0;1;1;1;1
202400038096;155 714 626;30;0;2;1;16;1
202400038096;155 714 629;50;0;2;7;1;3
202400038097;155 714 625;31;0;2;1;0;1
202400038097;155 714 628;31;0;2;1;0;1
202400038098;155 714 619;33;0;2;3;3;1
202400038098;155 714 622;7;0;2;8;1;2
202400038098;155 714 624;10;0;2;5;1;3
202400038099;155 714 618;7;0;2;2;16;1
202400038099;155 714 621;50;0;2;1;1;3
202400038100;155 714 616;7;2;0;1;14;1
202400038101;155 714 615;33;0;2;2;3;1
202400038101;155 714 617;14;0;2;6;1;1
202400038102;155 714 613;43;0;2;3;1;1
202400038102;155 714 614;10;0;2;1;1;1
202400038103;155 714 610;7;0;0;6;1;1
202400038103;155 714 612;7;0;2;1;1;1
202400038104;155 714 609;7;0;0;4;2;1
202400038104;155 714 611;7;0;2;1;2;1
202400038105;155 714 605;2;0;2;1;1;1
202400038105;155 714 606;7;0;2;3;1;1
202400038106;155 714 607;7;0;2;3;15;1
202400038106;155 714 608;43;0;2;5;17;1
202400038107;155 714 603;10;0;2;3;1;1
202400038107;155 714 604;7;15;2;1;1;1
202400038108;155 714 601;15;0;2;1;1;1
202400038108;155 714 602;7;0;2;8;9;1
202400038109;155 714 599;37;0;2;2;1;1
202400038109;155 714 600;7;0;2;5;17;1
202400038110;155 714 596;21;0;0;6;15;1
202400038110;155 714 598;38;0;2;2;18;1
202400038111;155 714 595;7;1;0;1;10;2
202400038112;155 714 594;7;0;2;4;2;1
202400038112;155 714 597;7;0;2;1;2;1
202400038113;155 714 592;7;0;2;1;2;1
202400038113;155 714 593;10;0;0;4;2;1
202400038114;155 714 591;33;0;6;1;0;1
202400038115;155 714 590;7;15;0;1;1;1
202400038116;155 714 586;7;0;2;3;1;1
202400038116;155 714 588;7;0;2;3;1;1
202400038117;155 714 587;10;0;2;8;10;1
202400038117;155 714 589;33;0;2;2;17;1
202400038118;155 714 584;7;0;2;1;1;1
202400038118;155 714 585;7;0;2;1;1;1
202400038119;155 714 583;10;0;1;2;16;1
202400038120;155 714 582;7;12;1;1;14;1
202400038121;155 714 581;80;0;1;1;1;3
202400038122;155 714 578;7;1;0;2;2;1
202400038122;155 714 579;7;0;2;6;26;1
202400038123;155 714 576;7;0;2;1;1;1
202400038123;155 714 577;10;0;2;1;13;1
202400038123;155 714 580;7;0;2;2;23;1
202400038124;155 714 575;33;15;0;1;26;1
202400038125;155 714 572;7;0;1;2;1;1
202400038126;155 714 573;15;0;2;2;16;1
202400038126;155 714 574;1;0;2;1;1;5
202400038127;155 714 571;7;0;1;3;1;1
202400038128;155 714 567;10;0;2;3;1;0
202400038128;155 714 570;7;0;2;2;1;0
202400038129;155 714 569;7;0;1;1;26;1
202400038130;155 714 566;7;0;2;1;1;1
202400038130;155 714 568;7;0;2;1;1;1
202400038131;155 714 565;10;0;1;1;1;0
202400038132;155 714 563;7;0;2;4;23;1
202400038132;155 714 564;7;0;2;1;2;1
202400038133;155 714 560;7;0;2;1;23;-1
202400038133;155 714 561;1;0;2;0;1;5
202400038134;155 714 558;7;0;2;5;19;1
202400038134;155 714 562;33;0;2;1;18;1
202400038135;155 714 555;7;0;2;2;9;1
202400038135;155 714 556;33;0;2;1;1;1
202400038136;155 714 552;3;0;2;4;2;3
202400038136;155 714 553;7;0;2;1;2;0
202400038137;155 714 551;7;0;2;3;1;1
202400038137;155 714 554;2;0;2;3;13;1
202400038138;155 714 548;7;0;2;0;0;1
202400038138;155 714 550;7;0;2;2;0;1
202400038139;155 714 547;10;0;2;2;17;1
202400038139;155 714 549;1;0;2;6;15;5
202400038140;155 714 544;10;0;0;4;11;1
202400038140;155 714 546;7;0;0;1;1;1
202400038141;155 714 541;1;0;0;0;1;5
202400038142;155 714 542;30;0;2;5;15;1
202400038142;155 714 543;7;0;9;1;0;1
202400038143;155 714 540;7;0;2;4;1;1
202400038143;155 714 545;10;0;2;1;1;1
202400038144;155 714 537;50;0;1;2;21;3
202400038145;155 714 534;10;0;2;6;15;1
202400038145;155 714 536;7;0;2;1;21;1
202400038145;155 714 539;7;0;2;1;1;1
202400038146;155 714 535;30;0;2;1;1;1
202400038146;155 714 538;7;0;2;3;1;1
202400038147;155 714 530;2;0;2;1;1;1
202400038147;155 714 533;10;0;2;7;19;1
202400038148;155 714 529;7;0;2;8;1;1
202400038148;155 714 532;10;0;2;8;1;1
202400038149;155 714 528;1;0;2;3;15;5
202400038149;155 714 531;7;0;2;7;1;1
202400038150;155 714 524;7;0;2;8;15;1
202400038150;155 714 527;50;0;2;1;1;3
202400038151;155 714 526;7;13;0;2;1;1
202400038152;155 714 523;80;0;2;3;5;3
202400038152;155 714 525;7;0;2;2;9;1
202400038153;155 714 519;7;0;2;3;17;1
202400038153;155 714 521;14;0;2;3;1;1
202400038153;155 714 522;17;0;2;8;1;1
202400038154;155 714 517;7;0;2;3;15;1
202400038154;155 714 520;2;0;2;1;1;1
202400038155;155 714 515;33;15;0;3;1;1
202400038156;155 714 516;7;0;2;1;16;1
202400038156;155 714 518;50;0;2;7;1;3
202400038157;155 714 513;7;0;1;4;4;1
202400038158;155 714 511;7;0;2;1;16;1
202400038158;155 714 514;7;0;2;7;26;1
202400038159;155 714 510;33;0;2;8;17;1
202400038159;155 714 512;7;0;2;8;1;1
202400038160;155 714 508;33;0;0;7;1;1
202400038161;155 714 506;7;0;2;6;23;1
202400038161;155 714 507;7;0;2;1;1;1
202400038161;155 714 509;30;14;0;1;1;1
202400038162;155 714 503;7;0;1;2;1;1
202400038163;155 714 501;7;0;2;1;2;1
202400038163;155 714 502;7;0;2;4;2;1
202400038163;155 714 505;7;0;2;4;2;1
202400038164;155 714 500;3;4;2;6;13;1
202400038164;155 714 504;7;4;2;2;1;1
202400038165;155 714 499;7;0;1;2;1;1
202400038166;155 714 497;7;17;0;1;13;1
202400038167;155 714 496;7;0;2;8;15;1
202400038167;155 714 498;2;0;2;1;1;1
202400038168;155 714 493;2;6;0;3;20;1
202400038169;155 714 491;7;0;2;4;2;1
202400038169;155 714 494;7;0;2;1;2;1
202400038169;155 714 495;7;0;2;1;2;2
202400038170;155 714 490;50;0;2;2;19;3
202400038170;155 714 492;13;0;9;0;0;1
202400038171;155 714 488;33;0;2;1;1;1
202400038171;155 714 489;3;0;2;8;9;1
202400038172;155 714 486;7;0;2;8;16;1
202400038172;155 714 487;50;0;2;1;25;3
202400038173;155 714 481;7;0;0;6;15;1
202400038173;155 714 484;33;0;2;1;17;1
202400038174;155 714 480;7;0;2;1;1;1
202400038174;155 714 483;7;0;2;4;23;1
202400038175;155 714 479;34;13;0;1;1;1
202400038176;155 714 476;7;0;2;7;15;1
202400038176;155 714 477;50;0;2;1;1;3
202400038177;155 714 475;33;0;6;8;21;1
202400038178;155 714 474;7;0;2;4;2;1
202400038178;155 714 478;10;0;2;1;2;1
202400038179;155 714 473;7;9;0;1;1;1
202400038180;155 714 471;7;0;2;2;12;1
202400038180;155 714 472;7;0;0;6;1;1
202400038181;155 714 470;7;4;0;9;1;1
202400038182;155 714 466;10;0;1;3;15;1
202400038183;155 714 465;15;0;0;5;1;1
202400038183;155 714 467;10;4;2;2;1;1
202400038184;155 714 468;7;0;2;1;5;1
202400038184;155 714 469;7;0;2;1;1;1
202400038185;155 714 464;21;12;0;4;4;1
202400038186;155 714 463;2;2;0;1;1;1
202400038187;155 714 460;7;0;2;2;13;1
202400038187;155 714 461;7;0;2;2;1;1
202400038188;155 714 458;1;0;2;4;1;5
202400038188;155 714 459;7;0;2;2;12;2
202400038189;155 714 457;7;0;2;2;1;1
202400038189;155 714 462;7;0;2;1;0;1
202400038190;155 714 456;10;4;0;2;14;1
202400038191;155 714 453;7;8;0;9;1;1
202400038191;155 714 455;7;0;0;0;9;1
202400038192;155 714 452;7;6;1;4;26;1
202400038193;155 714 454;7;8;0;9;26;1
202400038194;155 714 450;43;0;0;8;23;1
202400038195;155 714 448;33;0;2;1;0;1
202400038195;155 714 449;14;0;2;2;15;1
202400038196;155 714 447;7;0;2;1;1;1
202400038196;155 714 451;15;0;2;8;20;1
202400038197;155 714 445;7;0;2;3;9;1
202400038197;155 714 446;31;0;2;1;26;1
202400038198;155 714 443;7;0;1;2;1;1
202400038199;155 714 442;1;0;0;6;2;5
202400038199;155 714 444;7;0;0;1;2;1
202400038200;155 714 439;7;0;2;1;21;1
202400038200;155 714 441;7;0;0;8;15;1
202400038201;155 714 437;31;0;2;8;11;1
202400038201;155 714 440;7;0;2;2;1;1
202400038202;155 714 435;2;0;2;8;1;1
202400038202;155 714 436;0;0;2;7;17;-1
202400038203;155 714 433;31;0;2;1;2;1
202400038203;155 714 434;7;0;2;4;2;1
202400038204;155 714 432;36;0;0;9;14;1
202400038205;155 714 431;50;0;1;1;25;3
202400038206;155 714 430;33;0;0;0;0;1
202400038207;155 714 427;1;0;2;8;5;5
202400038207;155 714 429;7;0;2;1;19;1
202400038208;155 714 426;7;0;2;3;1;1
202400038208;155 714 428;7;0;2;2;15;2
202400038209;155 714 438;2;13;0;0;1;1
202400038210;155 714 422;7;0;0;1;15;1
202400038210;155 714 425;7;0;0;1;1;1
202400038211;155 714 419;7;0;2;1;1;1
202400038211;155 714 421;7;0;2;1;0;1
202400038211;155 714 423;7;0;2;1;1;1
202400038211;155 714 424;7;0;2;1;13;1
202400038212;155 714 417;30;0;2;1;13;1
202400038213;155 714 416;7;0;2;8;1;1
202400038213;155 714 418;7;0;2;2;15;1
202400038213;155 714 420;13;0;2;3;1;1
202400038214;155 714 413;7;0;2;4;2;1
202400038214;155 714 415;7;0;2;1;2;1
202400038215;155 714 412;7;0;2;1;1;1
202400038215;155 714 414;7;0;2;1;1;1
202400038216;155 714 411;7;0;0;0;0;1
202400038217;155 714 410;32;0;1;1;1;1
202400038218;155 714 408;7;0;2;1;15;1
202400038218;155 714 409;2;0;2;1;0;1
202400038219;155 714 405;7;3;0;1;0;1
202400038219;155 714 406;7;0;9;1;1;1
202400038220;155 714 407;33;2;0;1;17;1
202400038221;155 714 404;30;0;1;1;1;1
202400038222;155 714 402;10;2;0;7;1;1
202400038223;155 714 401;33;0;2;1;3;1
202400038223;155 714 403;7;0;2;5;12;1
202400038224;155 714 399;50;0;2;0;15;3
202400038224;155 714 400;7;0;2;6;15;1
202400038225;155 714 396;33;0;2;4;2;1
202400038225;155 714 398;10;0;2;1;2;1
202400038226;155 714 397;7;2;0;0;0;1
202400038227;155 714 394;7;0;2;3;10;1
202400038227;155 714 395;7;0;2;2;1;1
202400038228;155 714 390;7;0;2;3;1;1
202400038228;155 714 391;1;0;2;0;0;5
202400038228;155 714 393;33;0;2;3;13;1
202400038229;155 714 389;38;0;1;3;16;1
202400038230;155 714 386;14;0;1;7;26;1
202400038231;155 714 385;10;0;2;4;1;1
202400038231;155 714 387;10;0;2;4;1;1
202400038231;155 714 388;7;0;2;4;1;1
202400038231;155 714 392;7;0;2;1;1;1
202400038232;155 714 384;7;0;1;1;1;1
202400038233;155 714 380;37;0;2;2;17;1
202400038233;155 714 382;1;0;2;3;15;5
202400038234;155 714 381;7;0;2;2;12;2
202400038234;155 714 383;33;0;2;7;1;1
202400038235;155 714 377;1;0;2;2;1;5
202400038235;155 714 379;50;0;2;3;25;3
202400038236;155 714 373;1;0;2;1;25;5
202400038236;155 714 376;7;0;9;3;1;2
202400038237;155 714 372;10;0;2;1;1;1
202400038237;155 714 374;7;0;2;2;1;1
202400038237;155 714 375;10;0;2;1;1;1
202400038237;155 714 378;7;0;0;4;23;1
202400038238;155 714 368;7;0;0;0;0;1
202400038238;155 714 369;7;8;2;1;26;1
202400038238;155 714 370;7;0;0;0;0;1
202400038238;155 714 371;7;0;0;0;24;1
202400038239;155 714 365;32;0;2;1;1;1
202400038239;155 714 367;7;0;2;7;15;1
202400038240;155 714 364;7;10;0;3;1;1
202400038241;155 714 363;7;0;2;4;2;1
202400038241;155 714 366;17;0;2;0;0;1
202400038242;155 714 360;33;0;2;2;3;1
202400038242;155 714 361;7;0;2;4;1;1
202400038242;155 714 362;7;0;2;5;1;1
202400038243;155 714 357;7;0;2;7;12;1
202400038243;155 714 359;31;0;2;8;3;1
202400038244;155 714 356;7;0;2;3;10;1
202400038244;155 714 358;7;0;2;2;1;1
202400038245;155 714 353;43;0;2;7;26;1
202400038245;155 714 355;1;0;2;8;1;5
202400038246;155 714 349;80;0;2;1;16;3
202400038246;155 714 350;1;0;2;1;1;5
202400038247;155 714 351;7;0;2;4;1;1
202400038247;155 714 352;7;0;2;1;2;1
202400038247;155 714 354;7;0;2;4;1;1
202400038248;155 714 347;50;0;2;1;1;3
202400038248;155 714 348;7;0;2;2;10;2
202400038249;155 714 344;7;0;2;1;2;1
202400038249;155 714 346;7;0;2;4;2;2
202400038250;155 714 345;33;9;0;7;18;1
202400038251;155 714 342;7;0;2;1;1;2
202400038251;155 714 343;33;0;2;1;5;1
202400038252;155 714 338;32;0;2;1;1;1
202400038252;155 714 339;7;0;2;2;14;1
202400038253;155 714 340;7;0;2;5;1;1
202400038253;155 714 341;43;0;2;3;3;1
202400038254;155 714 335;7;0;2;3;11;1
202400038254;155 714 336;80;0;2;1;17;3
202400038255;155 714 334;7;0;2;6;1;1
202400038255;155 714 337;31;0;2;1;3;1
202400038256;155 714 332;1;0;2;1;5;5
202400038256;155 714 333;10;0;2;5;22;1
202400038257;155 714 330;50;0;2;3;17;3
202400038257;155 714 331;37;0;2;5;1;1
202400038258;155 714 329;7;4;0;3;11;2
202400038259;155 714 326;10;0;2;7;16;1
202400038259;155 714 328;32;0;2;8;7;1
202400038260;155 714 324;7;0;2;2;21;1
202400038260;155 714 325;7;0;2;6;2;1
202400038260;155 714 327;7;0;2;5;2;1
202400038261;155 714 321;7;0;2;3;1;1
202400038261;155 714 323;80;0;2;7;1;3
202400038262;155 714 320;15;0;2;6;11;1
202400038262;155 714 322;43;0;2;7;21;1
202400038263;155 714 318;30;0;2;7;16;1
202400038263;155 714 319;7;0;2;8;1;2
202400038264;155 714 315;50;0;2;1;11;3
202400038264;155 714 316;7;0;2;2;16;2
202400038265;155 714 317;7;0;1;0;26;0
202400038266;155 714 314;13;0;1;1;16;1
202400038267;155 714 311;7;0;2;7;11;2
202400038267;155 714 312;1;0;2;7;17;5
202400038268;155 714 310;1;0;0;3;1;5
202400038269;155 714 309;7;0;2;1;2;1
202400038269;155 714 313;30;0;0;4;2;1
202400038270;155 714 308;7;0;1;4;19;1
202400038271;155 714 307;50;8;0;0;0;3
202400038272;155 714 305;1;0;2;1;15;5
202400038272;155 714 306;7;0;2;1;15;1
202400038273;155 714 302;32;0;2;1;7;1
202400038273;155 714 304;7;0;2;7;16;1
202400038274;155 714 301;10;0;2;3;26;1
202400038274;155 714 303;10;0;2;1;1;1
202400038275;155 714 300;7;0;1;1;1;1
202400038276;155 714 298;1;0;2;3;15;5
202400038276;155 714 299;7;0;2;7;1;1
202400038277;155 714 297;7;0;1;2;1;1
202400038278;155 714 296;7;8;0;3;1;2
202400038279;155 714 295;32;0;0;9;1;1
202400038280;155 714 292;7;0;2;3;15;1
202400038280;155 714 294;2;0;2;0;17;3
202400038281;155 714 291;7;0;2;4;23;1
202400038281;155 714 293;7;0;2;1;2;1
202400038282;155 714 290;2;1;0;1;16;1
202400038283;155 714 286;7;0;2;1;19;1
202400038283;155 714 288;30;0;2;8;19;1
202400038284;155 714 287;14;0;2;1;1;1
202400038284;155 714 289;10;0;2;4;15;1
202400038285;155 714 284;7;0;2;1;1;1
202400038285;155 714 285;7;0;2;1;1;1
202400038286;155 714 281;10;0;2;1;1;1
202400038286;155 714 283;10;0;2;5;15;0
202400038287;155 714 276;10;1;2;8;26;1
202400038287;155 714 278;60;1;0;1;2;5
202400038288;155 714 275;50;0;2;7;1;3
202400038288;155 714 279;7;0;2;3;15;1
202400038289;155 714 272;33;0;0;0;0;1
202400038290;155 714 271;7;0;2;0;26;0
202400038290;155 714 274;7;0;2;3;23;0
202400038291;155 714 266;7;13;0;2;2;1
202400038292;155 714 265;10;9;2;1;1;1
202400038292;155 714 267;10;9;9;4;1;0
202400038292;155 714 268;7;9;2;4;1;1
202400038293;155 714 261;7;0;2;9;17;1
202400038293;155 714 263;10;0;2;6;23;1
202400038293;155 714 264;7;0;2;3;1;1
202400038294;155 714 260;2;13;0;7;23;1
202400038295;155 714 259;33;14;2;2;1;1
202400038295;155 714 262;7;0;2;3;20;1
202400038296;155 714 256;43;9;0;2;1;1
202400038297;155 714 255;7;0;2;1;1;1
202400038297;155 714 258;7;0;2;4;1;1
202400038298;155 714 254;33;0;1;1;1;1
202400038299;155 714 253;7;0;2;3;1;1
202400038299;155 714 257;7;0;2;1;1;1
202400038300;155 714 249;33;0;2;7;1;1
202400038300;155 714 251;7;0;2;3;15;2
202400038301;155 714 250;33;0;2;3;3;1
202400038301;155 714 252;7;0;2;2;16;1
202400038302;155 714 247;7;0;2;1;7;1
202400038302;155 714 248;1;0;2;4;0;0
202400038303;155 714 246;31;0;0;0;1;1
202400038304;155 714 245;10;0;1;1;1;1
202400038305;155 714 241;7;0;2;1;2;1
202400038305;155 714 242;7;0;2;4;2;1
202400038305;155 714 244;7;0;2;4;0;3
202400038306;155 714 239;99;0;1;0;0;0
202400038307;155 714 240;7;0;2;7;1;1
202400038307;155 714 243;7;0;2;1;1;1
202400038308;155 714 238;7;0;1;1;1;1
202400038309;155 714 233;7;14;0;1;1;1
202400038309;155 714 235;10;0;2;4;23;1
202400038310;155 714 234;43;0;2;2;1;0
202400038310;155 714 237;7;0;2;2;15;1
202400038311;155 714 232;7;0;2;1;2;1
202400038311;155 714 236;7;0;2;4;2;1
202400038312;155 714 229;30;8;0;1;1;1
202400038313;155 714 230;7;0;1;2;15;1
202400038314;155 714 228;31;0;1;1;17;1
202400038315;155 714 223;33;0;2;4;1;1
202400038315;155 714 225;33;0;2;1;1;1
202400038315;155 714 227;33;0;2;4;1;1
202400038316;155 714 222;7;0;2;4;2;0
202400038316;155 714 224;10;0;2;1;2;0
202400038317;155 714 226;33;8;0;1;0;1
202400038318;155 714 219;14;0;2;0;24;0
202400038318;155 714 221;60;1;0;0;0;5
202400038319;155 714 220;7;2;0;8;1;1
202400038320;155 714 214;7;0;2;0;0;1
202400038320;155 714 216;1;0;2;0;0;5
202400038321;155 714 213;7;0;2;4;23;1
202400038321;155 714 217;37;0;2;4;23;1
202400038321;155 714 218;7;0;2;1;2;1
202400038322;155 714 210;7;0;0;1;1;1
202400038322;155 714 211;7;0;0;8;19;1
202400038323;155 714 209;7;3;0;1;14;1
202400038324;155 714 206;33;0;2;1;13;1
202400038324;155 714 207;21;0;2;6;1;0
202400038325;155 714 203;21;6;0;9;0;1
202400038326;155 714 204;7;0;2;3;13;1
202400038326;155 714 208;7;0;2;5;1;1
202400038327;155 714 200;36;8;0;0;1;1
202400038328;155 714 197;50;0;2;1;1;3
202400038328;155 714 199;7;0;2;3;15;1
202400038329;155 714 194;7;0;2;1;2;2
202400038329;155 714 195;7;0;0;4;0;1
202400038330;155 714 193;7;0;2;6;24;1
202400038330;155 714 196;21;0;2;3;13;1
202400038330;155 714 198;7;1;2;3;1;1
202400038331;155 714 192;7;13;0;2;0;0
202400038332;155 714 190;7;13;2;0;0;1
202400038332;155 714 191;7;13;2;0;0;1
202400038333;155 714 189;33;3;0;2;1;1
202400038334;155 714 181;7;2;2;1;1;1
202400038334;155 714 184;10;0;2;3;1;1
202400038335;155 714 182;7;1;0;2;26;1
202400038335;155 714 185;3;0;2;3;24;3
202400038336;155 714 183;7;0;2;7;15;1
202400038336;155 714 186;33;0;2;1;1;1
202400038337;155 714 179;15;1;2;4;22;1
202400038337;155 714 180;7;1;0;2;21;1
202400038338;155 714 176;7;0;9;1;1;1
202400038338;155 714 178;50;0;2;8;19;3
202400038339;155 714 173;7;0;2;3;1;1
202400038339;155 714 177;7;0;2;2;15;1
202400038340;155 714 172;2;13;0;7;14;1
202400038341;155 714 171;7;13;0;3;1;1
202400038342;155 714 168;7;0;2;1;1;1
202400038342;155 714 170;7;0;2;2;1;1
202400038343;155 714 166;10;0;2;3;9;1
202400038343;155 714 169;10;0;2;2;1;1
202400038344;155 714 167;7;0;1;1;1;1
202400038345;155 714 164;2;6;0;1;14;1
202400038346;155 714 162;60;0;2;1;5;5
202400038346;155 714 165;7;0;2;1;15;1
202400038347;155 714 161;2;0;0;7;14;1
202400038348;155 714 160;31;0;2;8;1;1
202400038348;155 714 163;7;0;2;2;15;1
202400038349;155 714 157;7;0;2;7;17;1
202400038349;155 714 158;31;0;2;8;1;1
202400038350;155 714 156;1;0;2;6;15;5
202400038350;155 714 159;30;0;2;1;15;3
202400038351;155 714 154;43;0;2;1;1;1
202400038351;155 714 155;7;0;0;3;15;1
202400038352;155 714 152;1;0;2;4;1;5
202400038352;155 714 153;7;0;2;2;9;1
202400038353;155 714 151;7;0;1;4;20;1
202400038354;155 714 150;50;0;0;0;1;3
202400038355;155 714 149;10;0;1;4;26;1
202400038356;155 714 148;7;0;1;2;1;1
202400038357;155 714 145;2;0;2;1;15;1
202400038357;155 714 147;7;0;2;1;16;1
202400038358;155 714 143;1;0;2;1;0;5
202400038358;155 714 144;7;0;9;2;15;1
202400038359;155 714 141;7;0;2;3;13;1
202400038359;155 714 142;15;0;2;3;1;1
202400038360;155 714 139;7;0;1;1;1;1
202400038361;155 714 137;7;0;2;3;2;1
202400038361;155 714 140;7;0;2;2;9;1
202400038362;155 714 138;7;0;2;1;1;1
202400038362;155 714 146;7;0;2;8;1;1
202400038363;155 714 135;3;6;0;1;0;1
202400038364;155 714 134;1;0;2;0;0;5
202400038364;155 714 136;1;0;2;1;1;5
202400038365;155 714 133;50;0;2;0;0;3
202400038366;155 714 130;7;0;2;3;13;1
202400038366;155 714 132;10;0;2;3;21;1
202400038367;155 714 129;1;0;2;0;0;5
202400038367;155 714 131;7;0;2;1;1;1
202400038368;155 714 126;32;0;2;1;1;1
202400038368;155 714 128;7;0;2;3;16;1
202400038369;155 714 124;1;0;1;1;1;5
202400038370;155 714 122;15;13;2;1;19;1
202400038370;155 714 123;7;13;2;3;1;1
202400038370;155 714 125;7;13;2;9;1;1
202400038370;155 714 127;7;13;2;9;1;1
202400038371;155 714 119;7;6;2;1;13;1
202400038371;155 714 121;7;0;2;1;1;1
202400038372;155 714 117;7;0;2;1;15;1
202400038372;155 714 120;33;1;2;1;17;1
202400038373;155 714 116;7;0;0;6;15;1
202400038373;155 714 118;31;0;2;1;17;1
202400038374;155 714 115;2;0;0;0;1;1
202400038375;155 714 113;32;0;0;8;1;1
202400038376;155 714 111;7;0;2;3;9;1
202400038376;155 714 114;30;0;2;2;1;1
202400038377;155 714 110;7;0;2;3;16;1
202400038377;155 714 112;7;0;2;2;1;1
202400038378;155 714 108;15;1;1;6;4;1
202400038378;155 714 109;15;0;2;7;24;1
202400038379;155 714 106;50;0;1;0;1;3
202400038380;155 714 104;10;0;2;3;15;0
202400038380;155 714 107;50;0;2;1;1;3
202400038381;155 714 105;33;3;0;1;1;1
202400038382;155 714 099;7;0;0;5;14;3
202400038382;155 714 102;33;0;0;3;3;1
202400038383;155 714 100;7;0;2;2;15;2
202400038383;155 714 103;7;0;2;0;2;1
202400038384;155 714 101;7;0;1;4;4;1
202400038385;155 714 098;7;6;0;1;13;1
202400038386;155 714 097;7;0;1;4;1;1
202400038387;155 714 096;7;0;1;2;2;1
202400038388;155 714 095;7;0;0;0;2;1
202400038389;155 714 094;7;0;1;1;1;1
202400038390;155 714 093;34;1;0;0;1;1
202400038391;155 714 091;7;0;1;2;1;1
202400038392;155 714 090;7;13;0;1;1;1
202400038392;155 714 092;7;0;0;0;0;0
202400038393;155 714 087;7;0;2;1;5;1
202400038393;155 714 089;10;0;2;1;1;1
202400038394;155 714 086;7;0;2;1;1;1
202400038394;155 714 088;7;0;2;8;15;1
202400038395;155 714 083;14;1;0;1;1;1
202400038395;155 714 085;7;0;2;1;13;1
202400038396;155 714 080;7;0;2;2;2;1
202400038396;155 714 082;7;0;2;6;1;1
202400038397;155 714 079;7;0;2;4;1;2
202400038397;155 714 081;7;0;2;4;0;1
202400038397;155 714 084;7;0;2;1;1;1
202400038398;155 714 077;7;0;2;1;1;1
202400038398;155 714 078;2;0;2;7;19;1
202400038399;155 714 074;14;0;1;1;1;1
202400038400;155 714 075;7;0;1;2;1;1
202400038401;155 714 073;7;0;2;1;5;1
202400038401;155 714 076;7;0;2;3;1;2
202400038402;155 714 072;7;0;1;1;1;1
202400038403;155 714 068;7;0;2;7;0;1
202400038403;155 714 070;2;0;2;1;19;1
202400038404;155 714 067;10;0;2;2;14;1
202400038404;155 714 069;15;0;0;6;1;1
202400038405;155 714 065;7;1;0;1;1;1
202400038406;155 714 062;7;0;2;3;1;1
202400038406;155 714 064;7;0;2;3;1;1
202400038407;155 714 061;7;0;1;2;0;1
202400038408;155 714 058;7;7;0;3;26;1
202400038409;155 714 057;7;0;2;3;13;1
202400038409;155 714 059;10;0;2;3;5;1
202400038410;155 714 060;7;0;2;3;1;1
202400038410;155 714 063;15;0;2;4;1;1
202400038411;155 714 053;7;0;2;1;15;3
202400038411;155 714 056;7;0;2;1;1;2
202400038412;155 714 052;33;3;2;3;1;1
202400038412;155 714 055;10;0;2;2;1;1
202400038413;155 714 051;7;0;2;5;16;1
202400038413;155 714 054;1;0;2;1;1;5
202400038414;155 714 049;34;0;2;9;1;1
202400038414;155 714 050;7;0;2;3;13;1
202400038415;155 714 048;7;2;0;1;26;1
202400038416;155 714 046;7;0;1;2;25;1
202400038417;155 714 044;7;0;2;5;15;1
202400038417;155 714 045;33;0;2;1;1;1
202400038418;155 714 042;7;0;2;2;1;1
202400038418;155 714 047;1;0;2;1;1;5
202400038419;155 714 041;2;0;2;1;1;1
202400038419;155 714 043;7;0;2;3;15;1
202400038420;155 714 040;7;3;0;1;13;1
202400038421;155 714 036;7;0;0;0;14;1
202400038422;155 714 034;33;0;2;1;17;1
202400038422;155 714 035;7;0;2;2;1;1
202400038423;155 714 038;7;0;1;3;15;1
202400038424;155 714 031;10;0;2;3;7;1
202400038424;155 714 033;7;0;2;3;15;1
202400038425;155 714 029;37;0;2;3;1;1
202400038425;155 714 032;2;0;2;1;1;1
202400038426;155 714 028;1;0;2;1;1;5
202400038426;155 714 030;10;0;2;5;1;3
202400038427;155 714 026;32;0;0;4;1;1
202400038427;155 714 027;7;0;2;2;26;1
202400038428;155 714 024;7;0;2;3;0;1
202400038428;155 714 025;3;0;2;3;0;1
202400038429;155 714 019;33;0;0;8;1;1
202400038430;155 714 016;7;0;2;1;2;3
202400038430;155 714 017;7;0;2;1;2;1
202400038431;155 714 014;7;0;2;1;1;1
202400038431;155 714 018;7;0;2;7;1;1
202400038432;155 714 011;7;0;2;3;26;1