Num_Acc;id_vehicule;catv;obs;obsm;choc;manv;motor
202400038788;155 713 392;7;0;2;1;17;1
202400038788;155 713 393;60;0;2;8;19;5
202400038789;155 713 391;7;0;1;1;1;1
202400038790;155 713 390;32;1;0;1;5;1
202400038791;155 713 387;7;0;2;4;1;1
202400038791;155 713 388;7;0;2;4;1;1
202400038791;155 713 389;10;0;2;1;1;1
202400038792;155 713 386;7;0;1;8;1;1
202400038793;155 713 385;7;0;1;2;21;1
202400038794;155 713 383;7;0;2;3;15;2
202400038794;155 713 384;1;0;2;8;15;5
202400038795;155 713 382;7;0;1;3;15;1
202400038796;155 713 380;7;15;0;3;1;1
202400038797;155 713 379;7;0;2;3;21;1
202400038797;155 713 381;7;0;2;5;1;1
202400038798;155 713 378;7;1;0;2;1;1
202400038799;155 713 376;7;0;2;1;16;1
202400038799;155 713 377;7;0;2;2;2;1
202400038800;155 713 374;31;0;2;1;1;1
202400038800;155 713 375;7;0;2;8;20;1
202400038801;155 713 373;7;0;1;2;15;1
202400038802;155 713 370;2;0;2;8;1;1
202400038802;155 713 371;7;0;2;8;17;1
202400038803;155 713 369;10;0;2;1;26;1
202400038803;155 713 372;7;0;2;7;17;1
202400038804;155 713 368;10;0;1;3;20;1
202400038805;155 713 366;7;0;2;1;0;1
202400038805;155 713 367;7;0;2;4;2;1
202400038806;155 713 365;7;1;0;1;14;1
202400038807;155 713 364;10;9;0;1;15;1
202400038808;155 713 361;15;0;2;3;0;1
202400038808;155 713 363;7;0;2;3;13;1
202400038809;155 713 360;7;0;2;8;19;1
202400038809;155 713 362;36;0;2;1;26;0
202400038810;155 713 358;7;0;2;1;1;1
202400038810;155 713 359;50;0;2;7;19;3
202400038811;155 713 356;30;0;0;7;1;1
202400038812;155 713 355;7;3;2;1;2;1
202400038812;155 713 357;7;0;2;4;23;1
202400038813;155 713 352;7;0;2;3;15;1
202400038813;155 713 354;2;0;2;1;1;1
202400038814;155 713 350;7;0;2;0;0;1
202400038814;155 713 351;7;0;2;4;23;1
202400038814;155 713 353;7;0;2;4;23;1
202400038815;155 713 346;7;9;2;1;2;1
202400038815;155 713 347;10;0;2;4;2;1
202400038815;155 713 349;7;0;2;4;2;1
202400038816;155 713 345;1;0;2;3;1;5
202400038816;155 713 348;7;0;9;2;9;1
202400038817;155 713 344;30;0;0;8;1;1
202400038818;155 713 343;7;0;1;1;2;1
202400038819;155 713 342;33;15;0;1;14;1
202400038820;155 713 341;7;0;1;1;15;1
202400038821;155 713 339;7;0;1;1;1;1
202400038822;155 713 338;10;0;1;4;1;1
202400038822;155 713 340;10;0;2;1;1;1
202400038823;155 713 336;7;0;2;4;23;1
202400038823;155 713 337;15;0;2;1;2;0
202400038824;155 713 335;7;0;1;1;11;1
202400038825;155 713 333;7;0;1;1;15;1
202400038826;155 713 332;7;0;2;2;20;1
202400038826;155 713 334;50;0;2;1;1;3
202400038827;155 713 331;7;2;0;1;14;1
202400038828;155 713 329;33;13;0;1;13;1
202400038829;155 713 327;2;0;2;2;1;1
202400038829;155 713 328;50;0;2;7;1;3
202400038829;155 713 330;7;0;2;3;9;1
202400038830;155 713 326;7;0;1;1;1;1
202400038831;155 713 324;3;0;2;1;2;1
202400038831;155 713 325;7;0;2;4;1;1
202400038832;155 713 321;7;0;2;1;1;1
202400038832;155 713 323;7;0;2;1;1;1
202400038833;155 713 322;10;0;1;8;17;1
202400038834;155 713 320;7;0;1;1;16;1
202400038835;155 713 318;7;0;2;2;20;1
202400038835;155 713 319;50;0;2;1;25;3
202400038836;155 713 317;7;0;1;1;1;1
202400038837;155 713 316;7;0;1;2;1;1
202400038838;155 713 314;1;0;2;1;1;5
202400038838;155 713 315;10;0;9;3;15;1
202400038839;155 713 312;7;0;2;3;15;1
202400038839;155 713 313;1;0;2;2;1;5
202400038840;155 713 310;7;0;2;1;1;1
202400038840;155 713 311;50;0;2;7;26;3
202400038841;155 713 309;7;0;1;2;1;1
202400038842;155 713 308;7;0;1;1;15;1
202400038843;155 713 306;7;0;2;1;1;2
202400038843;155 713 307;7;4;2;4;1;1
202400038844;155 713 304;33;0;2;1;1;1
202400038844;155 713 305;7;0;2;3;15;2
202400038845;155 713 302;7;0;2;8;0;1
202400038845;155 713 303;7;8;0;2;17;1
202400038846;155 713 299;7;9;2;0;1;1
202400038846;155 713 300;7;0;2;1;1;1
202400038846;155 713 301;7;0;2;1;1;1
202400038847;155 713 298;10;0;1;2;1;1
202400038848;155 713 294;10;0;2;1;13;1
202400038848;155 713 295;15;0;2;3;1;1
202400038849;155 713 292;2;0;2;4;1;1
202400038849;155 713 293;7;0;2;1;1;1
202400038850;155 713 290;7;0;2;3;2;1
202400038850;155 713 291;33;0;2;1;17;1
202400038851;155 713 289;1;0;0;0;1;5
202400038852;155 713 287;30;0;2;8;11;0
202400038852;155 713 288;7;0;2;7;17;0
202400038853;155 713 285;32;0;2;7;3;1
202400038853;155 713 286;7;0;2;6;11;1
202400038854;155 713 283;7;0;2;8;11;1
202400038854;155 713 284;33;0;2;2;3;1
202400038855;155 713 282;7;3;0;2;0;1
202400038856;155 713 280;33;0;2;1;2;1
202400038856;155 713 281;7;0;2;4;11;1
202400038857;155 713 279;33;0;1;3;1;1
202400038858;155 713 277;2;0;2;1;1;1
202400038858;155 713 278;10;0;2;2;17;1
202400038859;155 713 276;1;0;1;1;21;5
202400038860;155 713 274;50;0;2;1;1;3
202400038860;155 713 275;10;0;2;3;15;1
202400038861;155 713 273;37;0;1;7;1;3
202400038862;155 713 271;10;0;2;2;2;1
202400038862;155 713 272;31;0;2;6;2;1
202400038863;155 713 270;10;0;1;4;4;3
202400038864;155 713 268;60;0;2;3;19;5
202400038864;155 713 269;7;0;2;2;9;1
202400038865;155 713 266;31;0;2;7;1;1
202400038865;155 713 267;10;0;2;6;13;1
202400038866;155 713 264;1;1;0;3;21;5
202400038866;155 713 265;7;1;0;7;24;1
202400038867;155 713 262;31;0;2;3;1;1
202400038867;155 713 263;10;0;2;2;15;1
202400038868;155 713 261;7;1;1;1;9;1
202400038869;155 713 260;7;0;1;6;26;3
202400038870;155 713 258;7;0;2;8;21;1
202400038870;155 713 259;2;0;2;2;17;3
202400038871;155 713 257;33;14;0;3;1;1
202400038872;155 713 256;1;0;1;1;1;5
202400038873;155 713 254;1;0;2;8;2;5
202400038873;155 713 255;7;0;9;2;17;2
202400038874;155 713 252;2;0;2;2;1;3
202400038874;155 713 253;1;0;2;4;1;5
202400038875;155 713 250;1;0;2;7;13;5
202400038875;155 713 251;1;0;2;8;1;5
202400038876;155 713 248;1;16;0;4;19;5
202400038876;155 713 249;1;0;9;1;13;5
202400038877;155 713 247;7;0;1;1;1;2
202400038878;155 713 245;80;12;0;2;16;3
202400038878;155 713 246;60;12;0;3;17;5
202400038879;155 713 243;10;0;2;1;2;1
202400038879;155 713 244;7;0;2;4;11;1
202400038880;155 713 242;7;0;1;1;2;1
202400038881;155 713 240;7;0;2;3;15;1
202400038881;155 713 241;80;0;2;1;1;3
202400038882;155 713 239;30;0;1;1;19;0
202400038883;155 713 237;7;0;2;0;0;1
202400038883;155 713 238;7;0;2;0;0;1
202400038884;155 713 236;7;0;1;3;15;1
202400038885;155 713 234;50;0;2;8;26;3
202400038885;155 713 235;7;0;2;1;1;1
202400038886;155 713 233;7;0;1;3;1;1
202400038887;155 713 232;7;0;1;3;1;1
202400038888;155 713 230;33;0;2;1;0;1
202400038888;155 713 231;0;0;2;3;0;1
202400038889;155 713 229;7;0;1;4;20;1
202400038890;155 713 227;7;0;2;7;16;0
202400038890;155 713 228;32;0;2;3;16;0
202400038891;155 713 225;40;0;2;1;1;3
202400038891;155 713 226;10;0;4;6;1;1
202400038892;155 713 223;2;0;2;3;1;3
202400038892;155 713 224;7;0;2;5;15;0
202400038893;155 713 221;7;0;2;4;23;1
202400038893;155 713 222;10;0;2;1;1;1
202400038894;155 713 219;10;0;0;3;1;1
202400038894;155 713 220;7;0;2;3;16;1
202400038895;155 713 217;7;0;2;3;9;1
202400038895;155 713 218;80;0;2;2;1;3
202400038896;155 713 215;7;0;2;1;1;1
202400038896;155 713 216;7;0;2;2;1;1
202400038897;155 713 214;7;0;0;1;2;0
202400038898;155 713 212;7;0;9;4;2;0
202400038898;155 713 213;30;0;2;1;1;1
202400038899;155 713 210;37;0;2;4;2;1
202400038899;155 713 211;7;0;2;1;2;1
202400038900;155 713 209;7;13;0;1;14;1
202400038901;155 713 207;33;0;2;1;1;1
202400038901;155 713 208;7;0;2;3;15;1
202400038902;155 713 205;7;0;2;1;9;1
202400038902;155 713 206;21;0;2;2;1;1
202400038903;155 713 203;7;0;2;1;14;1
202400038903;155 713 204;17;0;0;4;2;1
202400038904;155 713 202;7;0;1;2;2;0
202400038905;155 713 200;10;0;2;3;2;1
202400038905;155 713 201;21;0;2;2;16;1
202400038906;155 713 199;15;6;0;1;1;1
202400038907;155 713 198;2;15;0;2;1;1
202400038908;155 713 197;7;0;1;2;21;1
202400038909;155 713 194;7;0;2;1;1;1
202400038909;155 713 195;7;0;2;3;1;1
202400038909;155 713 196;7;0;2;3;1;1
202400038910;155 713 193;7;2;0;1;1;1
202400038911;155 713 191;7;0;2;3;13;2
202400038911;155 713 192;7;0;2;3;21;1
202400038912;155 713 190;7;3;0;2;1;1
202400038913;155 713 189;7;5;0;6;20;1
202400038914;155 713 188;7;6;0;1;1;1
202400038915;155 713 186;7;0;2;4;15;1
202400038915;155 713 187;7;0;2;2;1;1
202400038916;155 713 185;7;16;0;1;1;1
202400038917;155 713 184;36;13;0;0;0;1
202400038918;155 713 183;3;6;0;1;1;1
202400038919;155 713 182;15;13;0;1;1;1
202400038920;155 713 180;7;0;2;2;15;1
202400038920;155 713 181;32;0;2;3;1;1
202400038921;155 713 177;7;0;2;1;1;1
202400038921;155 713 178;7;0;2;6;17;0
202400038921;155 713 179;32;0;2;1;17;1
202400038922;155 713 175;2;0;2;1;17;1
202400038922;155 713 176;7;0;2;8;15;1
202400038923;155 713 173;10;0;2;1;2;1
202400038923;155 713 174;15;0;0;4;1;1
202400038924;155 713 171;2;0;2;1;0;1
202400038924;155 713 172;10;0;2;2;0;1
202400038925;155 713 169;7;0;2;1;6;1
202400038925;155 713 170;7;0;2;1;1;1
202400038926;155 713 167;14;0;2;3;1;1
202400038926;155 713 168;14;2;2;3;13;1
202400038927;155 713 164;7;0;2;1;1;1
202400038927;155 713 165;7;0;2;1;2;1
202400038927;155 713 166;7;0;0;4;2;1
202400038928;155 713 161;7;0;2;8;9;1
202400038928;155 713 162;7;0;0;4;1;1
202400038928;155 713 163;7;0;2;7;14;2
202400038929;155 713 159;2;0;2;8;1;1
202400038929;155 713 160;32;0;2;8;17;1
202400038930;155 713 158;7;2;0;3;19;1
202400038931;155 713 156;7;0;2;3;1;1
202400038931;155 713 157;10;0;2;3;1;1
202400038932;155 713 155;7;13;0;2;13;1
202400038933;155 713 153;7;0;2;1;5;1
202400038933;155 713 154;7;0;2;1;1;1
202400038934;155 713 152;10;0;1;2;1;1
202400038935;155 713 150;7;0;2;2;5;2
202400038935;155 713 151;7;0;2;3;1;1
202400038936;155 713 148;2;0;2;8;15;1
202400038936;155 713 149;7;0;2;7;17;1
202400038937;155 713 147;7;16;0;9;14;1
202400038938;155 713 146;7;13;0;0;0;1
202400038939;155 713 145;7;13;0;0;0;1
202400038940;155 713 144;7;12;0;1;6;1
202400038941;155 713 143;7;12;0;2;1;1
202400038942;155 713 141;7;0;2;8;23;1
202400038942;155 713 142;7;0;2;1;2;1
202400038943;155 713 140;7;12;0;1;1;1
202400038944;155 713 137;7;0;2;1;1;1
202400038944;155 713 138;7;0;2;5;2;1
202400038944;155 713 139;7;0;2;4;2;1
202400038945;155 713 136;7;4;0;3;13;1
202400038946;155 713 134;7;0;2;1;14;1
202400038946;155 713 135;7;0;2;4;1;1
202400038947;155 713 132;33;0;2;4;1;1
202400038947;155 713 133;0;0;2;1;0;0
202400038948;155 713 131;7;3;0;2;0;0
202400038949;155 713 129;10;0;2;6;1;1
202400038949;155 713 130;33;0;2;1;3;1
202400038950;155 713 127;30;0;2;3;15;1
202400038950;155 713 128;7;0;2;3;17;1
202400038951;155 713 125;30;15;2;3;17;1
202400038951;155 713 126;7;15;2;3;1;1
202400038952;155 713 124;7;3;0;3;1;1
202400038953;155 713 120;7;9;2;1;1;1
202400038953;155 713 121;50;9;2;1;23;3
202400038953;155 713 122;7;9;2;1;9;2
202400038953;155 713 123;7;9;2;4;23;1
202400038954;155 713 119;35;0;0;8;13;1
202400038955;155 713 117;7;0;2;2;12;1
202400038955;155 713 118;32;0;2;8;1;1
202400038956;155 713 114;7;0;2;7;1;1
202400038956;155 713 115;7;0;2;1;1;1
202400038956;155 713 116;10;0;2;3;16;1
202400038957;155 713 112;7;6;0;2;1;1
202400038957;155 713 113;15;6;0;5;4;1
202400038958;155 713 111;32;0;0;1;0;1
202400038959;155 713 110;7;0;0;7;0;1
202400038960;155 713 109;3;9;0;1;15;1
202400038961;155 713 108;7;0;1;2;1;1
202400038962;155 713 106;7;0;0;3;13;1
202400038962;155 713 107;1;0;2;7;1;5
202400038963;155 713 104;14;0;9;4;4;0
202400038963;155 713 105;1;0;2;1;0;5
202400038964;155 713 102;7;0;9;1;15;1
202400038964;155 713 103;50;0;2;1;1;3
202400038965;155 713 100;30;11;0;0;6;1
202400038966;155 713 099;7;0;1;1;9;1
202400038967;155 713 098;10;1;0;2;2;1
202400038968;155 713 096;7;0;2;1;0;1
202400038968;155 713 097;7;0;2;1;13;1
202400038969;155 713 094;7;0;2;1;26;3
202400038969;155 713 095;32;0;2;4;26;1
202400038970;155 713 091;1;0;2;3;7;5
202400038970;155 713 092;1;0;2;3;7;5
202400038970;155 713 093;7;0;1;1;13;1
202400038971;155 713 089;7;0;2;1;1;1
202400038971;155 713 090;50;0;2;7;19;3
202400038972;155 713 087;7;0;2;8;9;1
202400038972;155 713 088;32;0;2;1;2;1
202400038973;155 713 085;31;0;0;8;16;1
202400038974;155 713 086;7;0;1;1;16;1
202400038975;155 713 082;7;0;2;3;15;2
202400038975;155 713 084;33;0;2;1;3;1
202400038976;155 713 080;7;0;2;4;23;1
202400038976;155 713 081;7;0;2;4;23;1
202400038976;155 713 083;7;0;2;1;1;1
202400038977;155 713 078;7;0;2;7;1;1
202400038977;155 713 079;1;0;0;1;1;5
202400038978;155 713 076;7;0;2;2;16;1
202400038978;155 713 077;7;4;0;8;0;1
202400038979;155 713 074;7;0;2;2;15;1
202400038979;155 713 075;10;0;2;3;1;1
202400038980;155 713 073;7;0;1;1;15;1
202400038981;155 713 070;7;0;2;0;0;0
202400038981;155 713 072;1;0;2;0;0;5
202400038982;155 713 071;7;2;0;2;1;1
202400038983;155 713 067;7;0;2;2;15;1
202400038983;155 713 068;2;0;2;1;1;1
202400038984;155 713 066;7;0;2;1;1;1
202400038984;155 713 069;7;0;2;4;23;1
202400038985;155 713 063;7;0;1;2;1;1
202400038986;155 713 064;1;0;2;1;2;5
202400038986;155 713 065;10;0;2;5;16;1
202400038987;155 713 062;7;0;0;9;13;1
202400038988;155 713 060;7;0;2;3;21;0
202400038988;155 713 061;7;0;2;3;0;1
202400038989;155 713 059;7;0;1;7;14;1
202400038990;155 713 057;7;0;2;3;1;1
202400038990;155 713 058;2;1;2;1;17;1
202400038991;155 713 056;7;0;1;1;9;1
202400038992;155 713 054;7;13;0;2;1;1
202400038993;155 713 055;10;0;1;3;21;1
202400038994;155 713 053;7;0;1;2;1;1
202400038995;155 713 052;7;0;1;1;1;1
202400038996;155 713 049;33;0;2;7;17;1
202400038996;155 713 051;7;0;2;6;26;1
202400038997;155 713 050;10;0;1;2;15;1
202400038998;155 713 048;1;0;1;1;1;5
202400038999;155 713 044;7;0;2;3;9;2
202400038999;155 713 047;2;0;2;1;1;1
202400039000;155 713 043;50;0;2;1;1;3
202400039000;155 713 046;1;0;2;1;5;5
202400039001;155 713 042;7;0;2;7;15;1
202400039001;155 713 045;7;0;2;1;1;1
202400039002;155 713 039;50;0;2;3;1;3
202400039002;155 713 041;7;0;2;3;15;1
202400039003;155 713 038;33;0;2;1;19;1
202400039003;155 713 040;50;0;2;1;5;3
202400039004;155 713 035;7;0;2;3;1;1
202400039004;155 713 037;2;0;2;1;1;1
202400039005;155 713 033;37;0;2;2;7;4
202400039005;155 713 036;7;0;2;8;15;2
202400039006;155 713 032;7;0;2;3;22;1
202400039006;155 713 034;80;1;2;2;2;3
202400039007;155 713 030;7;0;9;2;9;2
202400039007;155 713 031;1;0;2;6;0;5
202400039008;155 713 028;10;0;1;1;26;1
202400039009;155 713 029;7;13;0;1;13;1
202400039010;155 713 026;7;0;9;4;4;2
202400039010;155 713 027;1;0;2;8;19;5
202400039011;155 713 023;7;8;0;1;1;1
202400039012;155 713 022;7;0;2;7;15;1
202400039012;155 713 025;33;0;2;1;8;1
202400039013;155 713 021;33;0;2;1;3;1
202400039013;155 713 024;10;0;2;8;15;1
202400039014;155 713 018;7;0;0;7;23;1
202400039014;155 713 020;30;0;2;1;1;3
202400039015;155 713 015;32;0;2;1;1;1
202400039015;155 713 017;7;0;2;3;10;1
202400039016;155 713 014;7;0;2;4;23;1
202400039016;155 713 016;7;0;2;4;23;1
202400039016;155 713 019;7;0;2;1;1;1
202400039017;155 713 013;40;0;2;0;1;3
202400039018;155 713 011;34;0;1;1;18;1
202400039019;155 713 007;7;0;2;8;16;1
202400039019;155 713 008;7;0;2;1;1;1
202400039020;155 713 006;7;0;2;8;9;1
202400039020;155 713 009;33;0;2;2;21;1
202400039021;155 713 004;7;0;1;2;1;1
202400039022;155 713 003;80;0;2;3;19;3
202400039022;155 713 005;43;0;2;1;1;1
202400039023;155 713 000;7;0;2;5;2;1
202400039023;155 713 002;31;0;2;1;2;1
202400039024;155 712 999;14;0;2;8;15;1
202400039024;155 713 001;7;0;2;8;21;1
202400039025;155 712 998;7;2;0;1;1;1
202400039026;155 712 997;0;0;1;1;1;0
202400039027;155 712 996;7;0;1;3;1;1
202400039028;155 712 994;7;0;1;2;1;1
202400039029;155 712 993;50;0;1;1;25;3
202400039030;155 712 989;1;0;2;7;1;5
202400039030;155 712 991;7;0;2;3;15;1
202400039031;155 712 988;1;0;2;8;1;5
202400039031;155 712 990;7;0;2;2;1;1
202400039032;155 712 987;10;12;0;2;1;1
202400039033;155 712 985;10;0;2;6;15;1
202400039033;155 712 986;33;0;2;2;1;1
202400039034;155 712 982;3;8;0;2;1;1
202400039035;155 712 981;30;0;2;1;16;1
202400039035;155 712 984;7;0;2;2;15;1
202400039036;155 712 980;7;0;9;3;15;1
202400039036;155 712 983;1;0;2;6;19;5
202400039037;155 712 979;7;0;1;3;1;1
202400039038;155 712 978;7;0;1;2;1;1
202400039039;155 712 975;50;0;2;1;13;3
202400039039;155 712 977;30;0;2;1;21;1
202400039040;155 712 973;7;0;2;0;0;1
202400039040;155 712 976;32;0;2;1;0;1
202400039041;155 712 974;7;0;1;1;15;1
202400039042;155 712 970;7;0;1;8;1;1
202400039043;155 712 969;7;0;1;0;1;0
202400039044;155 712 968;1;0;2;8;5;5
202400039044;155 712 972;7;0;2;1;9;1
202400039045;155 712 971;10;0;1;1;1;1
202400039046;155 712 967;7;0;1;1;1;1
202400039047;155 712 963;7;0;0;9;17;1
202400039048;155 712 962;7;0;2;3;10;1
202400039048;155 712 966;33;0;2;1;17;1
202400039049;155 712 960;31;0;2;8;1;1
202400039049;155 712 965;7;0;2;1;10;1
202400039050;155 712 961;30;0;2;2;1;1
202400039050;155 712 964;7;0;2;3;20;1
202400039051;155 712 959;50;0;0;1;1;3
202400039052;155 712 958;7;1;0;2;13;1
202400039053;155 712 956;7;0;2;1;1;1
202400039054;155 712 955;7;0;2;4;2;1
202400039054;155 712 957;7;0;2;1;2;1
202400039055;155 712 953;7;0;1;3;1;1
202400039056;155 712 951;7;0;2;1;13;1
202400039056;155 712 954;7;0;2;1;1;1
202400039057;155 712 950;7;0;2;1;2;1
202400039057;155 712 952;7;0;2;8;16;0
202400039058;155 712 944;7;1;0;2;1;1
202400039059;155 712 943;7;0;2;3;9;1
202400039059;155 712 949;1;0;2;7;1;5
202400039060;155 712 945;7;0;2;3;1;1
202400039060;155 712 947;7;0;2;1;15;1
202400039061;155 712 942;10;0;2;7;1;1
202400039061;155 712 946;7;0;2;8;1;1
202400039061;155 712 948;7;0;2;8;1;1
202400039062;155 712 939;7;4;0;1;1;1
202400039063;155 712 938;80;0;0;-1;1;3
202400039064;155 712 937;7;0;4;6;15;1
202400039064;155 712 941;40;0;2;1;1;3
202400039065;155 712 936;7;0;2;5;9;2
202400039065;155 712 940;7;0;2;1;1;1
202400039066;155 712 932;7;0;2;8;10;1
202400039066;155 712 934;31;0;2;1;1;3
202400039067;155 712 933;7;0;2;1;15;1
202400039067;155 712 935;7;0;2;3;1;1
202400039068;155 712 930;33;0;1;1;1;1
202400039069;155 712 929;7;1;2;1;1;1
202400039069;155 712 931;7;0;2;2;1;1
202400039070;155 712 928;7;6;0;2;1;1
202400039071;155 712 926;7;0;1;3;1;1
202400039072;155 712 927;7;0;1;2;15;1
202400039073;155 712 924;7;0;2;8;15;1
202400039073;155 712 925;99;0;2;1;1;0
202400039074;155 712 921;7;0;2;1;9;1
202400039074;155 712 923;50;0;2;7;19;3
202400039075;155 712 920;34;0;1;1;1;1
202400039076;155 712 919;33;0;2;1;1;1
202400039076;155 712 922;7;0;2;2;15;0
202400039077;155 712 917;7;0;2;1;1;2
202400039077;155 712 918;7;0;2;8;1;1
202400039078;155 712 914;1;0;2;0;0;5
202400039078;155 712 916;30;0;2;5;16;1
202400039079;155 712 911;7;0;4;3;1;1
202400039079;155 712 915;40;0;2;2;1;3
202400039080;155 712 912;80;0;2;4;1;3
202400039080;155 712 913;31;0;2;1;1;0
202400039081;155 712 910;7;0;1;2;16;2
202400039082;155 712 908;10;0;2;8;19;1
202400039082;155 712 909;33;0;2;1;0;1
202400039083;155 712 907;7;4;0;1;1;1
202400039084;155 712 905;30;9;0;1;2;1
202400039085;155 712 904;7;0;2;2;1;1
202400039085;155 712 906;50;0;2;5;1;3
202400039086;155 712 902;31;0;0;3;1;3
202400039087;155 712 901;7;0;2;1;1;1
202400039087;155 712 903;1;0;2;1;5;5
202400039088;155 712 899;7;0;2;5;15;1
202400039088;155 712 900;30;0;2;1;18;1
202400039089;155 712 898;7;0;1;1;20;1
202400039090;155 712 897;7;0;1;2;17;1
202400039091;155 712 895;7;0;2;3;1;1
202400039091;155 712 896;7;0;2;1;13;2
202400039092;155 712 894;1;0;0;0;2;5
202400039093;155 712 892;7;0;2;8;22;1
202400039093;155 712 893;1;1;0;7;21;5
202400039094;155 712 887;30;0;2;7;19;0
202400039094;155 712 890;7;0;2;3;1;0
202400039095;155 712 886;10;0;2;1;1;1
202400039095;155 712 889;7;0;2;8;1;1
202400039096;155 712 884;7;0;0;1;1;1
202400039097;155 712 883;7;0;2;4;23;1
202400039097;155 712 885;7;0;2;4;23;1
202400039097;155 712 888;7;0;2;4;23;1
202400039097;155 712 891;7;0;2;1;1;1
202400039098;155 712 882;7;2;0;1;1;1
202400039099;155 712 879;2;0;0;9;1;1
202400039100;155 712 878;7;0;2;3;9;1
202400039100;155 712 881;7;0;2;1;0;1
202400039101;155 712 876;10;0;2;1;26;1
202400039101;155 712 880;7;0;2;6;1;1
202400039102;155 712 877;7;6;0;1;26;1
202400039103;155 712 873;7;15;0;2;0;2
202400039104;155 712 871;2;0;2;1;1;1
202400039104;155 712 874;7;0;2;8;9;1
202400039105;155 712 870;7;0;2;1;1;1
202400039105;155 712 875;7;0;2;8;1;1
202400039106;155 712 867;99;0;2;1;2;1
202400039106;155 712 869;7;0;2;4;2;1
202400039106;155 712 872;10;0;2;4;2;1
202400039107;155 712 866;2;0;2;1;17;1
202400039107;155 712 868;7;0;2;3;15;1
202400039108;155 712 862;2;0;2;9;1;1
202400039108;155 712 865;7;0;2;6;1;1
202400039109;155 712 861;50;0;2;0;0;3
202400039109;155 712 863;0;0;2;0;0;0
202400039110;155 712 860;10;0;2;5;2;1
202400039110;155 712 864;7;3;2;1;2;1
202400039111;155 712 857;32;0;2;1;1;1
202400039111;155 712 859;7;0;2;3;2;1
202400039112;155 712 856;1;0;2;1;9;5
202400039112;155 712 858;10;0;2;6;15;1
202400039113;155 712 854;7;13;0;1;0;1
202400039114;155 712 855;7;0;1;1;1;1
202400039115;155 712 852;7;0;2;1;1;1
202400039115;155 712 853;7;0;2;4;1;1
202400039116;155 712 850;7;0;0;1;0;1
202400039117;155 712 851;7;1;5;2;21;1
202400039118;155 712 849;7;13;0;1;0;1
202400039119;155 712 842;17;0;0;4;1;1
202400039119;155 712 846;10;0;2;1;2;1
202400039120;155 712 840;10;0;2;1;1;0
202400039120;155 712 844;7;0;2;4;23;1
202400039120;155 712 848;7;0;2;4;23;1
202400039121;155 712 841;50;0;2;1;1;3
202400039121;155 712 845;7;0;2;2;15;1
202400039122;155 712 835;33;0;2;2;17;1
202400039122;155 712 838;7;0;2;3;11;2
202400039123;155 712 837;33;0;2;5;1;1
202400039123;155 712 839;33;0;2;3;1;1
202400039124;155 712 834;1;0;2;4;1;5
202400039124;155 712 836;7;0;2;2;1;2
202400039125;155 712 833;32;11;0;8;14;1
202400039126;155 712 830;7;6;0;2;0;1
202400039127;155 712 829;10;0;0;0;1;1
202400039127;155 712 832;7;0;9;3;1;1
202400039128;155 712 828;1;0;2;3;1;5
202400039128;155 712 831;13;0;2;6;23;1
202400039129;155 712 824;7;0;2;1;1;1
202400039129;155 712 827;7;0;2;3;16;1
202400039130;155 712 823;2;0;2;7;15;1
202400039130;155 712 825;7;0;2;1;1;1
202400039131;155 712 822;50;0;2;2;9;3
202400039131;155 712 826;15;0;9;6;9;1
202400039132;155 712 819;7;2;0;3;14;1
202400039133;155 712 817;7;0;1;6;23;1
202400039133;155 712 821;7;0;1;3;1;1
202400039134;155 712 815;10;0;2;1;2;1
202400039134;155 712 818;10;0;2;4;2;1
202400039134;155 712 820;7;0;2;4;2;1
202400039135;155 712 814;15;7;0;6;13;1
202400039135;155 712 816;7;0;9;1;1;1
202400039136;155 712 813;1;0;1;1;1;5
202400039137;155 712 809;7;0;2;6;1;1
202400039137;155 712 812;10;0;2;2;17;1
202400039138;155 712 806;7;0;2;4;23;1
202400039138;155 712 807;7;0;2;4;23;1
202400039138;155 712 808;7;0;2;1;1;1
202400039138;155 712 810;10;0;2;4;1;1
202400039139;155 712 805;7;8;2;1;1;1
202400039139;155 712 811;3;0;2;5;15;3
202400039140;155 712 802;7;13;0;1;1;1
202400039141;155 712 799;7;0;2;3;13;1
202400039141;155 712 803;10;0;2;3;1;1
202400039141;155 712 804;7;0;2;3;1;1
202400039142;155 712 797;7;0;2;3;1;1
202400039142;155 712 800;7;0;2;6;15;1
202400039143;155 712 798;7;0;2;3;15;2
202400039143;155 712 801;32;0;2;8;0;1
202400039144;155 712 796;33;0;5;2;2;1
202400039145;155 712 794;7;0;2;3;0;1
202400039145;155 712 795;7;0;2;3;1;1
202400039146;155 712 793;7;4;0;1;19;1
202400039147;155 712 789;7;8;0;3;13;1
202400039148;155 712 787;7;0;2;1;2;2
202400039148;155 712 792;7;0;2;4;1;1
202400039149;155 712 786;33;0;2;1;17;1
202400039149;155 712 788;7;0;2;6;15;1
202400039150;155 712 785;1;0;0;0;1;5
202400039151;155 712 784;7;2;0;3;0;3
202400039152;155 712 782;7;0;2;4;1;1
202400039152;155 712 783;33;0;2;1;1;1