Num_Acc;id_vehicule;catv;obs;obsm;choc;manv;motor
202400039153;155 712 778;33;0;2;1;0;0
202400039153;155 712 781;7;0;2;3;0;1
202400039154;155 712 776;30;0;2;1;1;1
202400039154;155 712 779;7;0;9;3;10;1
202400039155;155 712 774;7;0;2;1;1;1
202400039155;155 712 775;1;0;2;5;19;5
202400039156;155 712 772;7;2;0;1;13;1
202400039157;155 712 771;33;7;0;1;17;1
202400039158;155 712 770;31;0;2;1;0;1
202400039158;155 712 773;7;0;2;1;0;1
202400039159;155 712 769;7;5;0;2;1;1
202400039160;155 712 768;7;0;1;1;1;1
202400039161;155 712 767;7;0;1;1;17;2
202400039162;155 712 765;34;0;2;1;5;0
202400039162;155 712 766;7;0;2;2;1;0
202400039163;155 712 764;33;15;0;0;1;1
202400039164;155 712 763;7;13;0;2;1;1
202400039165;155 712 762;50;0;1;0;1;3
202400039166;155 712 761;2;0;1;0;26;0
202400039167;155 712 760;7;7;0;9;1;1
202400039168;155 712 755;33;3;2;7;17;1
202400039168;155 712 757;7;0;2;1;1;1
202400039169;155 712 754;33;0;2;1;1;1
202400039169;155 712 756;7;0;0;4;1;1
202400039170;155 712 752;2;0;0;9;1;1
202400039171;155 712 751;7;0;2;1;1;1
202400039171;155 712 753;7;0;2;4;1;1
202400039172;155 712 749;7;0;2;1;15;1
202400039172;155 712 750;34;0;2;1;1;1
202400039173;155 712 747;7;0;2;1;9;1
202400039173;155 712 748;7;0;2;1;1;1
202400039174;155 712 746;7;2;0;1;0;1
202400039175;155 712 745;7;1;0;4;4;1
202400039176;155 712 744;7;10;0;1;1;1
202400039177;155 712 742;7;2;0;3;0;1
202400039178;155 712 739;60;0;2;0;19;5
202400039178;155 712 741;7;0;9;7;1;1
202400039179;155 712 740;10;0;2;2;9;1
202400039179;155 712 743;33;0;2;1;1;1
202400039180;155 712 736;7;0;2;1;1;1
202400039180;155 712 738;7;0;2;1;13;1
202400039181;155 712 735;7;0;1;2;1;1
202400039182;155 712 734;7;0;2;3;13;1
202400039182;155 712 737;7;0;2;5;23;1
202400039183;155 712 732;7;0;2;1;1;1
202400039183;155 712 733;7;0;2;1;13;1
202400039184;155 712 731;10;0;1;4;4;1
202400039185;155 712 727;7;0;9;4;1;1
202400039185;155 712 729;17;0;2;1;1;1
202400039186;155 712 724;7;0;2;2;26;1
202400039186;155 712 726;32;0;2;8;1;1
202400039187;155 712 723;7;0;2;2;1;1
202400039187;155 712 725;7;0;0;1;1;0
202400039187;155 712 728;7;0;0;8;2;1
202400039187;155 712 730;7;8;0;1;1;1
202400039188;155 712 722;7;2;0;1;1;1
202400039189;155 712 721;7;16;0;2;14;1
202400039190;155 712 720;7;0;1;8;1;1
202400039191;155 712 719;7;0;1;0;26;0
202400039192;155 712 718;7;0;1;2;1;1
202400039193;155 712 715;7;0;2;8;19;1
202400039193;155 712 716;7;0;2;2;19;1
202400039194;155 712 714;7;0;2;3;0;1
202400039194;155 712 717;7;0;2;2;1;1
202400039195;155 712 712;50;0;2;7;19;3
202400039195;155 712 713;37;0;2;1;1;0
202400039196;155 712 711;7;0;1;1;0;1
202400039197;155 712 709;7;2;0;8;1;0
202400039198;155 712 708;10;0;2;1;21;1
202400039198;155 712 710;2;0;2;8;1;1
202400039199;155 712 706;7;0;1;8;1;1
202400039200;155 712 704;7;0;1;1;1;1
202400039201;155 712 702;7;0;2;8;1;1
202400039201;155 712 707;7;0;2;1;1;0
202400039202;155 712 700;7;0;2;3;0;0
202400039202;155 712 703;32;0;2;1;1;1
202400039203;155 712 698;7;0;2;1;1;1
202400039203;155 712 701;7;0;2;1;1;1
202400039204;155 712 699;7;13;0;1;12;1
202400039205;155 712 694;7;4;0;3;2;1
202400039206;155 712 693;32;9;2;1;21;1
202400039206;155 712 697;7;0;2;3;15;1
202400039207;155 712 690;7;0;2;1;2;2
202400039207;155 712 691;7;0;2;1;2;1
202400039207;155 712 695;7;14;0;1;1;1
202400039207;155 712 696;7;0;2;1;2;1
202400039208;155 712 689;7;0;2;3;15;2
202400039208;155 712 692;7;6;0;9;1;2
202400039209;155 712 686;7;0;2;3;1;1
202400039209;155 712 688;7;0;2;3;5;1
202400039210;155 712 684;7;0;2;2;16;1
202400039210;155 712 687;1;0;2;1;21;5
202400039211;155 712 682;15;0;2;4;23;1
202400039211;155 712 685;7;1;0;1;1;1
202400039212;155 712 681;7;0;2;5;15;1
202400039212;155 712 683;1;0;2;1;5;5
202400039213;155 712 673;7;1;2;2;14;1
202400039213;155 712 676;7;0;2;6;23;1
202400039213;155 712 679;7;0;2;2;21;1
202400039214;155 712 674;7;0;2;1;1;1
202400039214;155 712 677;7;0;2;1;1;1
202400039214;155 712 680;7;0;2;4;1;2
202400039215;155 712 672;7;0;0;8;1;1
202400039215;155 712 678;50;0;2;1;19;3
202400039216;155 712 671;50;0;2;2;1;3
202400039216;155 712 675;7;0;2;1;1;1
202400039217;155 712 669;50;8;0;1;2;3
202400039218;155 712 668;10;0;2;2;1;1
202400039218;155 712 670;17;0;2;4;1;1
202400039219;155 712 663;7;4;0;1;0;1
202400039219;155 712 666;7;4;0;0;21;1
202400039219;155 712 667;7;4;0;1;21;1
202400039220;155 712 662;7;0;2;2;16;1
202400039220;155 712 664;1;0;2;0;0;5
202400039221;155 712 660;33;0;2;7;1;1
202400039221;155 712 665;10;0;2;3;9;1
202400039222;155 712 659;7;0;2;3;13;1
202400039222;155 712 661;7;0;2;3;0;1
202400039223;155 712 658;15;4;0;2;1;1
202400039224;155 712 656;7;0;9;8;16;1
202400039224;155 712 657;1;0;2;1;1;5
202400039225;155 712 654;30;0;0;8;2;1
202400039226;155 712 653;7;0;1;1;15;1
202400039227;155 712 650;17;0;1;3;1;1
202400039228;155 712 648;7;0;2;1;2;1
202400039228;155 712 651;7;0;2;4;2;1
202400039228;155 712 652;7;0;2;4;2;2
202400039229;155 712 647;7;0;2;6;1;1
202400039229;155 712 649;2;0;2;1;13;1
202400039230;155 712 643;7;0;2;1;1;1
202400039230;155 712 645;7;0;0;4;1;1
202400039231;155 712 641;33;0;2;1;2;1
202400039231;155 712 644;7;0;2;4;2;2
202400039232;155 712 646;7;0;2;1;1;1
202400039232;155 712 655;7;0;2;3;15;1
202400039233;155 712 637;33;0;2;2;17;1
202400039233;155 712 640;7;0;2;3;13;1
202400039234;155 712 636;7;0;2;8;11;2
202400039234;155 712 638;31;0;2;7;3;1
202400039235;155 712 632;33;0;2;1;1;1
202400039235;155 712 635;7;0;2;2;12;2
202400039236;155 712 630;1;0;2;1;2;5
202400039236;155 712 633;7;0;0;4;23;1
202400039237;155 712 629;10;0;2;1;1;1
202400039237;155 712 634;7;0;2;7;1;1
202400039238;155 712 628;34;4;0;8;1;1
202400039239;155 712 631;33;13;0;1;0;1
202400039240;155 712 626;7;0;0;5;1;1
202400039240;155 712 627;34;0;2;3;2;1
202400039241;155 712 625;43;0;1;1;17;1
202400039242;155 712 622;1;0;0;0;26;5
202400039243;155 712 620;7;0;2;1;1;1
202400039243;155 712 623;10;0;2;1;13;1
202400039244;155 712 619;14;0;2;3;1;1
202400039244;155 712 621;7;0;2;3;13;1
202400039245;155 712 618;7;0;1;1;1;1
202400039246;155 712 617;7;0;2;2;1;1
202400039246;155 712 624;33;8;2;1;18;1
202400039247;155 712 616;7;13;0;3;1;1
202400039248;155 712 611;7;0;2;4;1;0
202400039248;155 712 614;34;0;2;1;1;1
202400039249;155 712 610;7;0;9;5;16;1
202400039249;155 712 612;1;0;2;1;1;5
202400039250;155 712 615;7;0;1;7;1;0
202400039251;155 712 607;37;1;0;7;12;1
202400039251;155 712 609;13;0;2;7;23;1
202400039252;155 712 605;7;0;2;1;1;1
202400039252;155 712 608;7;0;2;1;15;1
202400039253;155 712 603;7;0;2;3;9;1
202400039253;155 712 606;7;0;2;1;1;1
202400039254;155 712 600;15;0;2;2;1;1
202400039254;155 712 602;3;0;2;1;11;1
202400039255;155 712 601;7;0;0;1;13;1
202400039255;155 712 604;7;0;0;1;1;1
202400039256;155 712 597;30;0;2;0;0;1
202400039256;155 712 599;7;0;2;0;0;1
202400039257;155 712 593;33;0;2;8;3;1
202400039257;155 712 594;7;0;2;2;1;1
202400039257;155 712 596;7;0;2;6;1;1
202400039258;155 712 592;7;0;2;2;1;1
202400039258;155 712 595;7;0;2;1;1;1
202400039259;155 712 588;7;0;2;2;1;1
202400039259;155 712 591;7;0;2;6;1;1
202400039259;155 712 598;7;0;2;2;2;1
202400039260;155 712 586;7;0;2;3;1;1
202400039260;155 712 589;7;0;2;2;14;1
202400039261;155 712 585;15;0;2;3;1;1
202400039261;155 712 587;34;0;2;1;17;1
202400039262;155 712 590;7;1;0;1;13;1
202400039263;155 712 584;7;4;0;1;1;1
202400039264;155 712 581;7;0;2;1;1;3
202400039264;155 712 582;7;0;2;1;13;1
202400039265;155 712 580;31;0;2;3;16;1
202400039265;155 712 583;7;0;2;7;15;1
202400039266;155 712 578;33;3;0;0;12;1
202400039267;155 712 579;30;0;0;0;1;1
202400039268;155 712 576;33;4;0;7;1;1
202400039269;155 712 574;7;0;2;6;12;3
202400039269;155 712 577;43;0;2;8;1;1
202400039270;155 712 575;7;0;2;1;2;1
202400039271;155 712 573;33;8;0;8;1;1
202400039272;155 712 572;7;0;1;1;26;1
202400039273;155 712 568;7;9;0;2;1;1
202400039274;155 712 569;33;0;2;1;21;1
202400039274;155 712 571;7;0;0;6;1;1
202400039275;155 712 566;7;0;2;1;2;1
202400039275;155 712 570;7;13;0;4;2;1
202400039276;155 712 565;7;0;2;5;1;1
202400039276;155 712 567;7;0;2;1;9;1
202400039277;155 712 562;10;0;2;5;12;1
202400039277;155 712 563;32;0;2;8;18;1
202400039278;155 712 561;2;0;2;1;1;1
202400039278;155 712 564;7;0;2;1;15;1
202400039279;155 712 558;7;0;2;1;2;1
202400039279;155 712 559;7;0;1;4;2;1
202400039280;155 712 557;7;0;2;3;16;1
202400039280;155 712 560;7;0;2;2;26;1
202400039281;155 712 556;10;0;1;3;1;1
202400039282;155 712 555;7;13;0;1;1;1
202400039283;155 712 552;10;1;0;2;1;1
202400039283;155 712 554;7;1;0;6;24;1
202400039284;155 712 551;31;0;0;0;26;1
202400039285;155 712 550;7;0;2;8;15;2
202400039285;155 712 553;2;0;2;2;17;3
202400039286;155 712 548;7;13;0;1;1;1
202400039287;155 712 547;10;0;2;7;15;1
202400039287;155 712 549;7;0;2;1;1;1
202400039288;155 712 544;7;0;2;1;26;0
202400039288;155 712 546;1;0;2;1;26;5
202400039289;155 712 543;50;0;0;0;0;3
202400039290;155 712 542;2;0;2;1;0;1
202400039290;155 712 545;7;0;0;5;0;1
202400039291;155 712 540;10;0;2;5;15;1
202400039291;155 712 541;34;0;2;3;1;0
202400039292;155 712 535;1;0;2;1;1;5
202400039292;155 712 538;7;0;2;3;1;1
202400039293;155 712 534;7;0;2;1;2;1
202400039293;155 712 537;7;0;2;4;2;1
202400039293;155 712 539;7;0;2;1;2;3
202400039294;155 712 532;7;0;2;3;1;1
202400039294;155 712 536;7;0;2;2;1;1
202400039295;155 712 533;10;0;1;1;15;1
202400039296;155 712 528;7;0;2;6;1;1
202400039296;155 712 530;10;0;2;1;9;1
202400039297;155 712 526;7;0;2;2;15;1
202400039297;155 712 531;2;0;2;1;1;1
202400039298;155 712 527;33;0;2;1;1;1
202400039298;155 712 529;7;0;2;2;15;1
202400039299;155 712 524;30;0;2;8;16;1
202400039299;155 712 525;7;0;2;2;16;2
202400039300;155 712 523;33;16;0;8;0;1
202400039301;155 712 518;3;0;2;4;23;1
202400039301;155 712 520;10;0;2;1;2;1
202400039302;155 712 515;7;0;2;1;1;3
202400039302;155 712 521;7;0;2;1;1;1
202400039303;155 712 516;7;0;2;1;7;1
202400039303;155 712 522;7;0;2;2;16;1
202400039304;155 712 510;50;0;2;7;0;3
202400039304;155 712 513;7;0;2;1;2;1
202400039305;155 712 511;2;12;0;1;1;1
202400039306;155 712 509;7;0;1;1;1;1
202400039307;155 712 512;7;0;2;4;2;1
202400039307;155 712 514;7;0;2;6;23;1
202400039307;155 712 517;7;0;2;1;2;1
202400039307;155 712 519;7;0;2;8;1;1
202400039308;155 712 506;7;0;2;1;1;1
202400039308;155 712 508;7;0;2;4;0;1
202400039309;155 712 503;99;0;2;3;26;1
202400039309;155 712 507;7;0;2;7;1;1
202400039310;155 712 502;7;0;2;1;5;1
202400039310;155 712 504;7;0;2;5;1;1
202400039310;155 712 505;7;0;2;1;1;1
202400039311;155 712 495;7;0;2;2;1;1
202400039311;155 712 500;7;0;2;6;11;1
202400039312;155 712 497;34;0;2;1;1;1
202400039312;155 712 499;7;0;2;4;1;1
202400039313;155 712 496;30;0;0;7;16;1
202400039314;155 712 494;7;0;2;9;1;1
202400039314;155 712 498;7;0;2;1;21;1
202400039314;155 712 501;7;0;2;4;23;2
202400039315;155 712 492;7;1;0;1;14;1
202400039316;155 712 491;43;0;2;8;21;1
202400039316;155 712 493;1;0;2;1;10;5
202400039317;155 712 490;7;7;0;1;0;1
202400039318;155 712 489;7;0;0;9;0;1
202400039319;155 712 487;7;1;0;6;0;1
202400039319;155 712 488;7;0;2;2;2;1
202400039320;155 712 485;7;13;0;2;14;1
202400039321;155 712 477;33;8;0;1;1;1
202400039322;155 712 476;33;0;2;2;1;1
202400039322;155 712 482;7;0;2;3;16;1
202400039323;155 712 473;7;0;2;1;1;0
202400039323;155 712 475;7;0;2;4;2;2
202400039323;155 712 478;7;0;2;4;2;1
202400039323;155 712 480;7;0;2;4;2;1
202400039323;155 712 483;7;0;2;4;2;1
202400039323;155 712 484;7;0;2;4;1;1
202400039323;155 712 486;7;0;2;4;1;1
202400039324;155 712 470;7;0;2;3;1;1
202400039324;155 712 474;10;0;2;3;1;1
202400039325;155 712 469;7;0;2;2;15;1
202400039325;155 712 472;7;0;2;5;2;1
202400039326;155 712 467;7;0;2;1;0;1
202400039326;155 712 468;7;4;2;6;12;2
202400039327;155 712 471;7;0;2;3;1;1
202400039327;155 712 479;33;0;2;1;1;1
202400039327;155 712 481;33;0;2;1;2;1
202400039328;155 712 463;50;0;1;0;1;3
202400039329;155 712 464;7;0;2;1;1;1
202400039329;155 712 465;7;0;2;4;16;1
202400039330;155 712 462;7;7;2;1;19;1
202400039330;155 712 466;7;0;0;8;1;1
202400039331;155 712 459;7;0;2;4;1;1
202400039331;155 712 461;10;0;2;1;1;1
202400039332;155 712 456;7;0;0;4;2;1
202400039332;155 712 458;7;0;2;1;2;1
202400039333;155 712 453;7;0;2;3;9;1
202400039333;155 712 454;1;0;2;1;1;0
202400039334;155 712 449;7;0;2;4;4;1
202400039334;155 712 450;7;0;2;4;0;1
202400039334;155 712 452;31;1;2;1;1;1
202400039335;155 712 448;30;0;2;1;17;0
202400039335;155 712 451;7;0;2;1;1;1
202400039336;155 712 445;7;0;2;3;15;1
202400039336;155 712 447;32;0;2;1;1;1
202400039337;155 712 446;7;5;0;1;1;1
202400039338;155 712 443;7;12;0;0;17;1
202400039339;155 712 442;7;0;2;1;15;1
202400039339;155 712 444;7;0;2;3;1;1
202400039340;155 712 440;7;0;2;3;13;2
202400039340;155 712 441;7;0;2;3;1;1
202400039341;155 712 437;7;0;1;2;1;1
202400039342;155 712 435;7;0;2;5;1;1
202400039342;155 712 439;1;0;2;5;1;5
202400039343;155 712 434;34;0;2;1;1;1
202400039343;155 712 436;10;0;0;8;1;1
202400039344;155 712 433;33;0;0;0;26;1
202400039345;155 712 432;7;0;2;3;1;1
202400039345;155 712 438;7;0;2;2;1;1
202400039346;155 712 431;37;0;1;5;9;6
202400039347;155 712 429;7;1;1;2;20;1
202400039348;155 712 428;7;0;2;5;19;1
202400039348;155 712 430;2;0;2;1;1;1
202400039349;155 712 425;33;0;2;1;1;1
202400039349;155 712 427;7;0;2;2;1;1
202400039350;155 712 423;7;0;2;1;19;1
202400039350;155 712 426;7;0;2;8;1;1
202400039351;155 712 422;43;0;2;1;1;1
202400039351;155 712 424;7;0;2;3;9;3
202400039352;155 712 418;33;0;2;8;13;1
202400039352;155 712 420;7;0;2;6;1;1
202400039353;155 712 417;7;0;0;4;1;1
202400039353;155 712 421;7;0;2;1;1;1
202400039354;155 712 415;2;0;2;8;1;1
202400039354;155 712 416;7;0;2;2;1;1
202400039355;155 712 414;32;9;0;1;0;1
202400039356;155 712 411;10;0;2;7;15;1
202400039356;155 712 412;1;0;2;1;9;5
202400039357;155 712 409;7;0;1;3;1;1
202400039358;155 712 410;1;0;2;8;19;5
202400039358;155 712 413;7;0;2;1;1;1
202400039359;155 712 403;7;0;2;2;20;1
202400039359;155 712 407;7;0;2;0;1;1
202400039360;155 712 401;7;0;2;8;10;0
202400039360;155 712 404;33;0;2;1;1;1
202400039361;155 712 402;7;0;2;7;15;1
202400039361;155 712 408;33;0;2;1;1;0
202400039362;155 712 399;7;2;0;2;14;1
202400039363;155 712 400;7;0;1;1;1;1
202400039364;155 712 398;33;0;0;3;1;1
202400039365;155 712 396;7;0;2;3;15;1
202400039365;155 712 397;2;7;2;1;0;1
202400039366;155 712 390;34;0;2;0;1;1
202400039366;155 712 393;7;0;2;8;1;1
202400039367;155 712 391;32;0;2;2;21;1
202400039367;155 712 395;7;0;2;0;9;3
202400039368;155 712 392;33;0;2;1;21;1
202400039368;155 712 394;13;0;2;1;0;1
202400039369;155 712 387;33;0;0;0;1;1
202400039370;155 712 388;7;0;2;1;13;1
202400039370;155 712 389;33;0;2;1;1;1
202400039371;155 712 386;7;0;1;1;16;1
202400039372;155 712 385;3;0;1;1;15;3
202400039373;155 712 383;7;1;0;1;26;1
202400039374;155 712 382;33;0;2;1;1;1
202400039374;155 712 384;7;0;2;5;19;1
202400039375;155 712 381;33;0;0;5;1;1
202400039376;155 712 378;2;0;2;5;1;1
202400039376;155 712 380;7;0;2;3;15;1
202400039377;155 712 375;7;0;1;1;1;1
202400039378;155 712 376;7;0;2;2;15;1
202400039378;155 712 379;2;0;2;1;1;1
202400039379;155 712 374;7;0;2;1;13;3
202400039379;155 712 377;7;0;2;1;21;1
202400039380;155 712 373;50;11;0;1;26;3
202400039381;155 712 370;33;11;0;0;13;1
202400039382;155 712 371;7;0;0;7;1;1
202400039383;155 712 368;7;13;0;1;14;1
202400039384;155 712 369;33;0;2;4;23;1
202400039384;155 712 372;33;0;2;1;2;1
202400039385;155 712 367;33;3;0;7;1;1
202400039386;155 712 365;7;0;1;1;1;1
202400039387;155 712 363;2;0;2;1;18;1
202400039387;155 712 366;10;12;2;2;20;1
202400039388;155 712 361;33;0;2;3;1;1
202400039388;155 712 362;7;0;2;8;15;1
202400039389;155 712 360;7;0;2;8;1;1
202400039389;155 712 364;36;0;2;1;16;1
202400039390;155 712 358;33;0;6;0;0;1
202400039391;155 712 357;7;0;2;7;0;1
202400039391;155 712 359;2;0;2;7;0;1
202400039392;155 712 354;7;0;2;2;19;1
202400039392;155 712 356;7;0;2;3;19;1
202400039393;155 712 352;7;0;2;8;21;1
202400039393;155 712 355;2;0;2;8;15;1
202400039394;155 712 353;39;0;1;1;1;3
202400039395;155 712 348;7;0;2;3;1;1
202400039395;155 712 351;2;6;2;3;1;1
202400039396;155 712 347;7;0;2;8;1;1
202400039396;155 712 350;7;0;2;1;0;1
202400039397;155 712 346;7;0;9;1;9;1
202400039397;155 712 349;80;0;2;7;1;3
202400039398;155 712 345;10;16;0;7;22;1
202400039399;155 712 343;33;0;6;1;21;1
202400039400;155 712 340;7;0;2;1;1;1
202400039400;155 712 342;7;0;2;8;1;1
202400039401;155 712 341;7;0;2;1;15;1
202400039401;155 712 344;7;0;2;3;1;1
202400039402;155 712 338;7;0;0;0;0;0
202400039402;155 712 339;31;0;2;8;1;1
202400039403;155 712 336;31;0;2;2;17;1
202400039403;155 712 337;7;0;2;6;9;1
202400039404;155 712 335;33;6;0;1;14;1
202400039405;155 712 334;7;0;1;1;1;2
202400039406;155 712 330;7;0;2;3;15;1
202400039406;155 712 333;33;0;2;3;1;1
202400039407;155 712 329;37;0;2;3;15;1
202400039407;155 712 332;2;0;2;1;17;1
202400039408;155 712 328;7;0;2;8;26;1
202400039408;155 712 331;7;3;2;2;1;1
202400039409;155 712 323;10;0;2;6;2;1
202400039409;155 712 326;33;0;2;1;2;1
202400039409;155 712 327;7;0;2;3;1;1
202400039410;155 712 322;7;0;2;1;13;0
202400039410;155 712 325;7;0;2;1;1;1
202400039411;155 712 321;7;0;2;3;1;1
202400039411;155 712 324;7;0;2;1;11;1
202400039412;155 712 318;7;0;1;2;10;0
202400039413;155 712 315;7;0;2;8;10;1
202400039413;155 712 316;33;0;2;3;1;1
202400039414;155 712 314;7;0;2;7;1;1
202400039414;155 712 317;7;0;2;1;1;1
202400039415;155 712 310;33;0;2;3;13;1
202400039415;155 712 313;7;0;2;3;1;1
202400039416;155 712 309;1;0;2;1;2;5
202400039416;155 712 311;10;0;2;3;9;1
202400039417;155 712 308;7;0;1;3;1;1
202400039418;155 712 307;0;0;1;2;0;0
202400039419;155 712 305;7;0;2;8;13;1
202400039419;155 712 306;34;0;2;7;1;1
202400039420;155 712 302;7;0;0;4;20;0
202400039420;155 712 304;7;0;0;3;26;1
202400039421;155 712 301;7;0;2;1;1;1
202400039421;155 712 303;7;0;0;4;1;1
202400039422;155 712 297;7;0;2;3;13;1
202400039422;155 712 299;33;7;2;3;1;1
202400039423;155 712 298;7;0;2;1;1;1
202400039423;155 712 300;7;15;2;8;1;1
202400039424;155 712 295;7;0;2;3;16;1
202400039424;155 712 296;30;0;2;1;2;1
202400039425;155 712 292;7;0;2;3;16;1
202400039425;155 712 294;2;0;2;2;1;1
202400039426;155 712 291;7;0;2;1;17;1
202400039426;155 712 293;7;0;2;1;1;1
202400039427;155 712 288;33;0;0;0;1;1
202400039428;155 712 289;7;0;9;0;0;1
202400039428;155 712 290;1;0;2;1;1;5
202400039429;155 712 286;10;0;2;1;1;1
202400039429;155 712 287;7;2;2;3;9;1
202400039430;155 712 283;33;0;2;8;17;1
202400039430;155 712 284;7;0;2;3;1;1
202400039430;155 712 285;10;0;2;2;21;1
202400039431;155 712 282;33;8;0;1;13;1
202400039432;155 712 279;7;0;2;3;15;1
202400039432;155 712 281;33;0;2;8;1;1
202400039433;155 712 278;7;0;2;1;1;1
202400039433;155 712 280;10;0;2;7;1;1
202400039434;155 712 276;7;0;2;2;15;2
202400039434;155 712 277;80;0;2;2;1;3
202400039435;155 712 275;7;0;1;1;1;1
202400039436;155 712 271;7;13;0;9;26;1
202400039437;155 712 270;30;0;2;0;0;3
202400039437;155 712 272;30;0;2;3;1;1
202400039438;155 712 269;33;6;0;7;15;1
202400039439;155 712 265;1;0;2;0;21;5
202400039439;155 712 268;33;0;2;8;1;1
202400039440;155 712 266;10;0;1;3;2;1
202400039441;155 712 263;7;0;0;0;0;1
202400039441;155 712 264;31;0;2;1;2;1
202400039441;155 712 267;7;0;2;1;1;0
202400039442;155 712 261;7;0;2;1;1;1
202400039442;155 712 262;7;0;2;1;13;1
202400039443;155 712 260;7;0;1;1;1;1
202400039444;155 712 258;7;4;0;0;0;1
202400039445;155 712 256;7;0;2;3;13;1
202400039445;155 712 259;7;4;2;7;1;1
202400039446;155 712 255;43;0;2;2;17;1
202400039446;155 712 257;7;0;2;3;15;1
202400039447;155 712 253;7;0;2;3;11;1
202400039447;155 712 254;33;0;2;2;1;1
202400039448;155 712 251;7;16;2;6;0;1
202400039448;155 712 252;7;0;2;1;21;1
202400039449;155 712 249;34;0;2;1;21;1
202400039449;155 712 250;7;0;2;5;15;1
202400039450;155 712 247;7;0;2;0;9;1
202400039450;155 712 248;34;0;2;8;0;1
202400039451;155 712 246;10;0;0;0;13;1
202400039452;155 712 245;7;0;1;1;1;1
202400039453;155 712 241;43;0;2;3;26;1
202400039453;155 712 244;34;0;2;1;9;1
202400039454;155 712 242;7;2;0;8;16;1
202400039455;155 712 243;10;0;0;0;13;1
202400039456;155 712 236;7;0;2;1;0;0
202400039456;155 712 238;7;6;0;5;2;0
202400039457;155 712 239;7;2;0;1;13;1
202400039458;155 712 235;1;0;0;8;1;5
202400039459;155 712 232;7;0;2;1;13;1
202400039459;155 712 234;7;0;2;1;1;1
202400039460;155 712 233;7;6;0;1;0;1
202400039461;155 712 229;50;0;2;2;5;3
202400039461;155 712 231;7;0;2;3;26;1
202400039462;155 712 226;7;0;2;1;1;1
202400039462;155 712 227;10;0;2;4;23;1
202400039462;155 712 230;7;0;2;4;23;1
202400039463;155 712 225;7;0;2;1;17;1
202400039463;155 712 228;7;0;2;1;2;1
202400039464;155 712 222;10;0;2;3;15;1
202400039464;155 712 223;32;0;2;1;17;1
202400039465;155 712 221;7;0;2;8;9;2
202400039465;155 712 224;33;0;2;7;9;1
202400039466;155 712 218;10;0;9;3;9;1
202400039466;155 712 220;1;0;2;2;19;5
202400039467;155 712 217;2;0;2;1;2;1
202400039467;155 712 219;7;0;2;6;16;1
202400039468;155 712 216;7;15;0;1;0;1
202400039469;155 712 215;7;15;0;1;1;1
202400039470;155 712 210;7;0;2;3;1;1
202400039470;155 712 214;31;0;2;3;1;1
202400039471;155 712 209;7;0;1;1;1;1
202400039472;155 712 208;7;0;2;1;1;1
202400039472;155 712 211;21;0;2;3;19;1
202400039473;155 712 205;34;0;2;5;2;1
202400039473;155 712 207;7;0;2;3;9;1
202400039474;155 712 204;1;0;2;3;1;5
202400039474;155 712 206;7;0;9;2;17;0
202400039475;155 712 202;7;0;1;3;16;1
202400039476;155 712 201;33;0;2;2;1;1
202400039476;155 712 203;7;0;2;8;1;1
202400039476;155 712 212;7;0;2;6;1;2
202400039476;155 712 213;7;0;2;3;1;3
202400039477;155 712 198;7;13;0;2;0;1
202400039478;155 712 197;31;0;2;3;13;1
202400039478;155 712 200;10;0;2;2;1;1
202400039479;155 712 199;7;3;0;9;14;2
202400039480;155 712 196;7;8;0;9;1;1
202400039481;155 712 192;7;15;2;2;15;1
202400039481;155 712 195;7;0;2;1;1;1
202400039482;155 712 193;7;3;0;3;1;1
202400039483;155 712 190;7;0;2;1;1;1
202400039483;155 712 194;7;0;2;4;1;1
202400039484;155 712 191;7;2;0;1;2;1
202400039485;155 712 186;7;0;9;2;16;3
202400039485;155 712 187;1;0;2;2;19;5
202400039486;155 712 185;7;0;2;2;1;1
202400039486;155 712 189;7;0;2;1;1;1
202400039487;155 712 183;7;0;2;8;1;1
202400039487;155 712 188;2;0;2;1;19;1
202400039488;155 712 181;37;0;2;3;1;1
202400039488;155 712 182;7;0;2;2;17;0
202400039489;155 712 180;7;0;1;7;1;1
202400039490;155 712 177;7;0;1;3;15;1
202400039491;155 712 178;33;0;2;1;17;1
202400039491;155 712 184;7;0;2;3;1;1
202400039492;155 712 176;7;0;1;1;2;1
202400039493;155 712 175;80;0;1;1;1;3
202400039494;155 712 173;7;6;0;1;13;1
202400039495;155 712 174;33;2;0;2;1;1
202400039496;155 712 172;7;0;2;1;1;1
202400039496;155 712 179;10;0;2;2;0;1
202400039497;155 712 171;1;0;1;1;1;5
202400039498;155 712 167;50;9;0;1;16;3
202400039498;155 712 170;7;9;0;5;16;1
202400039499;155 712 166;50;0;2;0;15;3
202400039499;155 712 168;7;0;2;1;1;1
202400039500;155 712 165;7;0;2;3;1;1
202400039500;155 712 169;7;0;2;6;1;1
202400039501;155 712 163;30;0;0;7;26;1
202400039502;155 712 161;7;6;0;2;1;1
202400039503;155 712 157;7;0;2;1;1;1
202400039503;155 712 159;7;0;2;4;1;1
202400039504;155 712 156;7;13;0;1;13;1
202400039505;155 712 160;7;0;2;4;9;1
202400039505;155 712 164;2;0;2;1;1;1