Num_Acc;id_vehicule;catv;obs;obsm;choc;manv;motor
202400039860;155 711 533;7;0;0;0;0;0
202400039861;155 711 529;7;16;0;9;14;1
202400039862;155 711 528;1;0;2;7;1;5
202400039862;155 711 530;7;0;2;3;1;1
202400039863;155 711 526;7;0;2;7;2;2
202400039863;155 711 527;1;0;2;6;2;5
202400039864;155 711 524;7;0;2;8;9;1
202400039864;155 711 525;7;0;2;1;1;1
202400039865;155 711 523;7;0;1;1;0;0
202400039866;155 711 522;3;0;0;0;26;3
202400039867;155 711 519;7;0;2;3;2;1
202400039867;155 711 520;33;0;2;4;2;1
202400039867;155 711 521;10;0;2;5;2;1
202400039868;155 711 517;7;0;2;1;1;1
202400039868;155 711 518;33;0;2;4;1;1
202400039869;155 711 516;30;12;0;8;1;1
202400039870;155 711 514;33;0;2;1;1;1
202400039870;155 711 515;7;0;2;2;13;1
202400039871;155 711 513;7;13;0;1;1;1
202400039872;155 711 510;30;0;2;3;1;1
202400039872;155 711 512;7;0;2;1;1;1
202400039873;155 711 509;2;0;2;1;1;1
202400039873;155 711 511;7;0;2;6;1;2
202400039874;155 711 508;36;0;0;0;26;1
202400039875;155 711 507;50;14;0;1;0;3
202400039876;155 711 506;7;4;0;1;14;1
202400039877;155 711 505;7;0;1;1;0;1
202400039878;155 711 504;50;0;9;1;25;3
202400039879;155 711 503;30;0;0;7;14;1
202400039880;155 711 502;31;16;0;7;26;1
202400039881;155 711 500;7;0;1;1;2;1
202400039882;155 711 499;31;0;2;0;0;1
202400039882;155 711 501;7;0;2;2;9;1
202400039883;155 711 498;2;8;0;2;26;1
202400039884;155 711 496;7;0;1;2;26;1
202400039885;155 711 495;37;0;2;3;1;2
202400039885;155 711 497;34;0;2;1;16;1
202400039886;155 711 492;34;0;2;1;17;1
202400039886;155 711 494;7;0;2;6;2;1
202400039887;155 711 491;7;0;2;3;1;1
202400039887;155 711 493;7;0;2;5;9;1
202400039888;155 711 488;7;1;0;3;9;1
202400039888;155 711 490;1;0;2;1;1;5
202400039889;155 711 485;7;0;2;2;15;1
202400039889;155 711 486;34;0;2;1;1;1
202400039890;155 711 483;7;0;2;1;2;0
202400039890;155 711 487;7;0;2;4;1;1
202400039890;155 711 489;7;0;2;6;1;1
202400039891;155 711 480;7;0;9;1;1;1
202400039891;155 711 482;1;0;2;7;1;5
202400039892;155 711 479;50;0;2;8;1;3
202400039892;155 711 481;7;0;2;1;2;1
202400039893;155 711 476;37;0;2;3;1;1
202400039893;155 711 484;7;0;2;1;1;1
202400039894;155 711 474;7;0;9;3;26;2
202400039894;155 711 477;1;0;2;7;26;5
202400039895;155 711 475;50;0;2;7;1;3
202400039895;155 711 478;7;0;9;1;9;1
202400039896;155 711 470;7;0;0;4;2;2
202400039896;155 711 472;7;0;2;1;2;1
202400039897;155 711 473;7;0;1;1;15;1
202400039898;155 711 471;7;0;1;4;4;1
202400039899;155 711 467;7;0;2;6;20;1
202400039899;155 711 468;50;0;2;5;2;3
202400039900;155 711 462;7;0;1;2;2;2
202400039901;155 711 463;37;0;2;1;2;1
202400039901;155 711 465;7;0;2;4;1;1
202400039902;155 711 461;7;0;2;4;21;1
202400039902;155 711 464;7;0;2;1;1;1
202400039902;155 711 466;7;0;2;4;1;1
202400039902;155 711 469;7;0;2;4;1;1
202400039903;155 711 458;7;0;2;4;2;1
202400039903;155 711 460;7;0;2;1;2;1
202400039904;155 711 455;7;0;2;1;2;1
202400039904;155 711 456;7;0;2;4;2;1
202400039904;155 711 459;10;0;2;4;2;1
202400039905;155 711 454;7;0;2;3;1;1
202400039905;155 711 457;37;0;2;2;1;1
202400039906;155 711 453;31;4;0;0;14;0
202400039907;155 711 449;7;0;2;5;1;1
202400039907;155 711 452;7;0;2;3;1;1
202400039908;155 711 447;32;0;2;3;1;1
202400039908;155 711 450;33;0;2;3;1;1
202400039909;155 711 448;80;0;2;1;1;2
202400039909;155 711 451;7;0;9;2;0;1
202400039910;155 711 444;7;0;0;1;18;1
202400039911;155 711 445;10;0;2;7;12;1
202400039911;155 711 446;7;0;2;1;2;1
202400039912;155 711 440;7;0;9;2;2;1
202400039912;155 711 443;80;0;2;6;2;3
202400039913;155 711 438;7;0;2;1;1;1
202400039913;155 711 441;7;0;2;4;1;1
202400039914;155 711 439;33;0;2;1;3;1
202400039914;155 711 442;7;0;0;4;1;1
202400039915;155 711 436;7;0;1;5;20;1
202400039916;155 711 435;7;0;1;1;1;2
202400039917;155 711 430;7;0;2;2;16;1
202400039917;155 711 431;1;0;2;1;26;5
202400039918;155 711 433;1;0;2;7;2;5
202400039918;155 711 434;7;0;9;2;1;1
202400039918;155 711 437;1;0;2;3;3;5
202400039919;155 711 429;7;0;2;8;1;2
202400039919;155 711 432;1;0;2;1;1;5
202400039920;155 711 426;31;0;2;1;1;1
202400039920;155 711 428;7;0;2;4;1;1
202400039921;155 711 425;7;0;1;2;17;1
202400039922;155 711 424;7;1;0;0;0;1
202400039922;155 711 427;10;0;2;1;1;1
202400039923;155 711 421;7;1;0;2;2;1
202400039924;155 711 418;33;0;2;4;2;1
202400039924;155 711 419;7;0;2;4;2;2
202400039924;155 711 420;33;0;2;1;11;1
202400039924;155 711 422;7;0;2;4;2;3
202400039924;155 711 423;7;0;2;8;2;1
202400039925;155 711 417;33;0;1;1;13;1
202400039926;155 711 415;1;1;0;1;1;5
202400039926;155 711 416;7;0;2;7;22;3
202400039927;155 711 410;80;0;2;1;1;3
202400039927;155 711 411;1;0;2;4;1;5
202400039927;155 711 412;1;0;2;4;1;5
202400039927;155 711 414;80;0;2;4;1;3
202400039928;155 711 409;31;0;2;1;0;1
202400039928;155 711 413;7;0;2;3;0;1
202400039929;155 711 404;1;0;2;5;17;5
202400039929;155 711 406;32;0;2;2;1;1
202400039930;155 711 403;7;0;2;2;1;1
202400039930;155 711 407;7;0;2;3;1;1
202400039930;155 711 408;7;0;2;6;15;1
202400039931;155 711 405;7;0;1;4;20;1
202400039932;155 711 401;7;0;1;2;1;2
202400039933;155 711 398;33;0;2;1;18;1
202400039933;155 711 400;7;0;2;7;16;3
202400039934;155 711 399;7;0;2;5;2;1
202400039934;155 711 402;1;0;2;3;1;5
202400039935;155 711 394;50;0;2;1;1;3
202400039935;155 711 397;7;0;2;8;1;1
202400039936;155 711 395;7;0;1;2;1;1
202400039937;155 711 393;7;0;2;1;1;1
202400039937;155 711 396;7;0;2;6;1;1
202400039938;155 711 389;7;0;2;8;24;1
202400039938;155 711 392;10;1;0;7;1;1
202400039939;155 711 388;7;0;2;3;2;1
202400039939;155 711 391;7;0;0;2;2;1
202400039940;155 711 387;7;0;2;3;1;1
202400039940;155 711 390;2;0;2;1;1;1
202400039941;155 711 382;7;0;2;7;24;2
202400039941;155 711 385;34;1;0;1;18;1
202400039942;155 711 384;60;0;2;1;5;5
202400039942;155 711 386;7;0;2;1;1;3
202400039943;155 711 383;7;8;0;1;0;1
202400039944;155 711 381;7;0;1;3;1;1
202400039945;155 711 380;7;13;0;1;0;1
202400039946;155 711 377;33;7;0;1;14;1
202400039947;155 711 376;7;0;1;1;20;1
202400039948;155 711 375;7;0;2;1;2;1
202400039948;155 711 378;7;0;2;4;15;1
202400039948;155 711 379;7;0;2;8;1;1
202400039949;155 711 372;31;0;2;1;18;1
202400039949;155 711 373;7;0;2;7;0;2
202400039950;155 711 371;60;0;2;1;19;5
202400039950;155 711 374;10;0;2;3;1;1
202400039951;155 711 369;31;0;2;1;2;1
202400039951;155 711 370;7;0;9;4;17;1
202400039952;155 711 367;7;13;0;1;1;1
202400039953;155 711 362;33;0;0;1;0;1
202400039954;155 711 363;7;0;2;2;2;1
202400039954;155 711 366;80;0;2;6;2;3
202400039955;155 711 364;7;0;2;1;0;1
202400039955;155 711 365;7;0;2;7;0;2
202400039955;155 711 368;7;0;2;6;0;1
202400039956;155 711 361;0;6;0;1;1;0
202400039957;155 711 358;7;0;2;6;10;1
202400039957;155 711 360;43;0;2;1;17;1
202400039958;155 711 359;7;0;1;3;0;1
202400039959;155 711 357;7;0;0;0;0;1
202400039960;155 711 355;43;0;0;2;23;1
202400039961;155 711 354;7;0;2;1;0;1
202400039961;155 711 356;32;0;2;1;5;1
202400039962;155 711 351;33;0;2;1;1;1
202400039962;155 711 353;7;0;0;2;1;1
202400039963;155 711 350;7;0;2;1;15;1
202400039963;155 711 352;1;0;2;1;1;5
202400039964;155 711 345;7;0;0;0;0;1
202400039964;155 711 346;43;0;2;3;9;1
202400039965;155 711 344;7;0;2;1;16;1
202400039965;155 711 348;99;0;2;1;17;1
202400039965;155 711 349;7;0;2;1;26;1
202400039966;155 711 343;7;0;2;7;19;1
202400039966;155 711 347;7;0;2;1;1;1
202400039967;155 711 341;1;1;0;1;1;5
202400039967;155 711 342;7;0;2;8;22;3
202400039968;155 711 337;50;1;0;1;0;3
202400039969;155 711 336;7;0;2;2;17;1
202400039969;155 711 339;7;0;2;1;1;1
202400039970;155 711 333;33;0;1;2;1;1
202400039971;155 711 334;13;0;2;6;1;1
202400039971;155 711 335;7;0;2;6;23;1
202400039971;155 711 338;7;1;2;2;1;1
202400039971;155 711 340;7;0;2;2;17;1
202400039972;155 711 332;7;2;0;0;13;1
202400039973;155 711 331;80;0;0;0;1;3
202400039974;155 711 329;7;0;1;1;1;2
202400039975;155 711 328;1;0;2;0;15;5
202400039975;155 711 330;10;0;2;5;15;1
202400039976;155 711 325;10;0;2;4;1;3
202400039976;155 711 327;31;0;2;1;1;1
202400039977;155 711 323;7;1;1;2;14;2
202400039978;155 711 321;50;0;2;3;15;3
202400039978;155 711 322;33;0;2;7;1;1
202400039979;155 711 318;30;0;2;1;18;1
202400039979;155 711 320;7;0;2;5;15;1
202400039980;155 711 317;7;0;2;1;1;1
202400039980;155 711 319;7;0;0;4;23;1
202400039981;155 711 316;30;0;1;0;26;0
202400039982;155 711 315;7;14;0;3;0;1
202400039983;155 711 311;7;0;2;1;15;1
202400039983;155 711 313;2;0;2;1;1;1
202400039984;155 711 312;7;0;2;2;2;1
202400039984;155 711 314;7;0;2;4;2;1
202400039985;155 711 309;7;0;2;8;9;1
202400039985;155 711 310;7;0;2;1;1;1
202400039986;155 711 304;33;0;0;0;1;1
202400039987;155 711 305;33;0;2;4;1;1
202400039987;155 711 307;7;0;2;4;15;1
202400039988;155 711 306;33;0;2;1;1;1
202400039988;155 711 308;10;0;2;7;15;1
202400039989;155 711 302;7;2;0;8;13;1
202400039990;155 711 300;7;0;2;1;13;1
202400039990;155 711 301;7;0;2;1;1;1
202400039991;155 711 299;34;0;2;0;0;0
202400039991;155 711 303;30;0;2;0;1;0
202400039992;155 711 297;7;0;0;3;15;1
202400039992;155 711 298;31;0;2;1;1;1
202400039993;155 711 294;7;0;2;2;1;1
202400039993;155 711 296;1;0;0;4;1;5
202400039994;155 711 292;33;0;2;1;1;1
202400039994;155 711 295;7;0;2;8;15;1
202400039995;155 711 291;7;2;0;3;1;1
202400039996;155 711 290;33;0;2;1;1;1
202400039996;155 711 293;7;0;2;3;13;1
202400039997;155 711 288;7;6;0;1;13;1
202400039998;155 711 287;32;0;2;1;2;1
202400039998;155 711 289;10;0;2;4;2;1
202400039999;155 711 285;37;0;2;5;17;1
202400039999;155 711 286;1;0;0;8;17;5
202400040000;155 711 282;7;0;2;1;0;1
202400040000;155 711 284;7;0;2;1;0;1
202400040001;155 711 281;31;0;2;7;3;1
202400040001;155 711 283;7;0;2;8;2;1
202400040002;155 711 279;1;0;0;4;2;5
202400040002;155 711 280;7;0;9;2;2;2
202400040003;155 711 278;7;0;1;1;1;1
202400040004;155 711 276;10;0;2;1;2;1
202400040004;155 711 277;7;0;2;4;2;1
202400040005;155 711 275;7;0;0;0;14;1
202400040006;155 711 271;10;0;2;2;15;1
202400040006;155 711 274;7;0;2;1;1;1
202400040007;155 711 270;7;3;0;1;1;1
202400040008;155 711 269;7;0;2;1;11;1
202400040008;155 711 272;7;0;2;4;1;2
202400040009;155 711 268;2;0;2;1;1;1
202400040009;155 711 273;7;0;2;4;1;1
202400040010;155 711 265;7;0;1;2;1;1
202400040011;155 711 266;7;2;0;1;14;1
202400040012;155 711 263;33;0;2;2;3;1
202400040012;155 711 267;10;0;2;8;11;1
202400040013;155 711 260;10;0;2;7;14;1
202400040013;155 711 262;33;0;2;8;3;1
202400040013;155 711 264;7;0;2;3;1;1
202400040014;155 711 257;7;0;2;3;1;1
202400040014;155 711 261;7;0;2;2;1;1
202400040015;155 711 256;7;0;0;0;1;1
202400040015;155 711 259;36;0;0;0;14;1
202400040016;155 711 254;7;0;2;4;2;1
202400040016;155 711 255;7;0;2;4;2;1
202400040016;155 711 258;7;0;2;1;2;1
202400040017;155 711 251;1;0;0;0;0;5
202400040018;155 711 250;7;0;2;2;13;1
202400040018;155 711 253;7;0;2;1;1;1
202400040019;155 711 249;15;0;2;6;1;1
202400040019;155 711 252;7;4;2;2;12;1
202400040020;155 711 248;7;9;0;1;2;1
202400040021;155 711 245;10;0;2;5;23;1
202400040021;155 711 247;10;13;2;3;1;1
202400040022;155 711 246;33;0;0;8;1;1
202400040023;155 711 244;7;0;0;2;0;1
202400040024;155 711 243;7;0;1;1;14;2
202400040025;155 711 240;7;0;2;3;1;1
202400040025;155 711 242;31;0;2;1;13;1
202400040026;155 711 239;14;0;0;0;1;1
202400040026;155 711 241;33;0;9;3;1;1
202400040027;155 711 236;7;13;0;3;17;1
202400040028;155 711 237;7;0;0;9;1;1
202400040029;155 711 233;1;0;2;1;1;5
202400040029;155 711 235;7;0;2;7;22;0
202400040029;155 711 238;80;0;2;3;1;2
202400040030;155 711 231;33;0;2;1;1;1
202400040030;155 711 232;7;0;2;3;1;1
202400040031;155 711 229;7;0;2;3;1;1
202400040031;155 711 230;7;0;2;3;1;1
202400040032;155 711 225;1;0;2;1;2;5
202400040032;155 711 228;7;0;0;4;2;1
202400040033;155 711 226;80;0;2;1;1;3
202400040033;155 711 227;80;0;2;1;19;3
202400040034;155 711 224;33;0;0;0;1;1
202400040035;155 711 222;7;13;2;8;1;1
202400040035;155 711 223;13;0;2;1;19;1
202400040036;155 711 221;60;12;0;1;14;5
202400040037;155 711 219;7;0;1;1;1;1
202400040038;155 711 218;7;0;2;3;13;1
202400040038;155 711 220;15;0;2;2;1;1
202400040039;155 711 217;7;8;0;1;21;1
202400040040;155 711 216;7;0;1;1;1;0
202400040041;155 711 213;33;0;2;3;1;1
202400040041;155 711 215;7;0;2;3;1;1
202400040042;155 711 211;7;2;0;9;1;1
202400040043;155 711 212;7;0;2;3;13;1
202400040043;155 711 214;7;0;2;8;14;1
202400040044;155 711 208;50;0;2;8;1;3
202400040044;155 711 210;1;0;2;8;1;5
202400040045;155 711 207;7;0;9;7;17;1
202400040045;155 711 209;1;0;2;8;15;5
202400040046;155 711 205;33;16;0;9;1;1
202400040047;155 711 204;7;0;2;3;1;1
202400040047;155 711 206;33;0;2;2;1;1
202400040048;155 711 203;33;0;1;1;17;1
202400040049;155 711 202;10;0;1;3;2;1
202400040050;155 711 198;1;0;4;4;13;5
202400040050;155 711 201;40;0;2;2;1;3
202400040051;155 711 196;7;0;2;1;17;1
202400040051;155 711 199;7;0;2;1;1;1
202400040052;155 711 197;33;0;2;1;1;1
202400040052;155 711 200;7;0;0;5;15;1
202400040053;155 711 195;13;0;1;7;16;1
202400040054;155 711 192;7;0;2;2;19;1
202400040054;155 711 193;3;0;2;1;1;1
202400040055;155 711 191;7;0;9;8;1;2
202400040055;155 711 194;1;0;2;1;1;5
202400040056;155 711 189;7;0;2;1;5;1
202400040056;155 711 190;10;0;2;1;1;1
202400040057;155 711 186;50;1;0;1;21;3
202400040057;155 711 188;7;0;0;6;22;1
202400040058;155 711 185;43;0;2;7;18;1
202400040058;155 711 187;7;0;2;5;22;2
202400040059;155 711 183;2;12;0;2;1;1
202400040060;155 711 182;1;0;0;9;1;5
202400040060;155 711 184;1;0;0;9;1;5
202400040061;155 711 179;7;0;2;3;17;1
202400040061;155 711 181;7;0;2;3;1;1
202400040062;155 711 178;37;0;1;2;1;3
202400040063;155 711 177;10;0;2;3;1;1
202400040063;155 711 180;7;0;2;3;1;1
202400040064;155 711 176;50;0;0;9;1;3
202400040065;155 711 174;1;0;2;3;13;5
202400040065;155 711 175;21;0;2;5;1;1
202400040066;155 711 171;7;0;2;2;15;1
202400040066;155 711 173;2;0;2;1;1;3
202400040067;155 711 170;7;1;0;2;13;1
202400040068;155 711 169;33;0;0;0;1;1
202400040069;155 711 168;7;0;2;3;1;1
202400040069;155 711 172;7;0;2;1;13;1
202400040070;155 711 165;31;0;0;2;1;1
202400040071;155 711 164;7;0;2;3;1;1
202400040071;155 711 167;7;0;2;1;1;2
202400040072;155 711 162;7;0;0;9;1;1
202400040073;155 711 161;7;2;0;3;13;1
202400040074;155 711 160;7;0;1;3;1;2
202400040075;155 711 158;15;3;0;3;1;1
202400040076;155 711 154;33;0;2;1;1;1
202400040076;155 711 155;80;0;2;4;1;3
202400040077;155 711 156;43;12;0;8;2;1
202400040078;155 711 151;7;0;0;4;1;1
202400040078;155 711 153;10;0;2;1;1;1
202400040079;155 711 148;7;0;2;3;13;2
202400040079;155 711 150;7;0;2;5;13;1
202400040080;155 711 147;7;0;2;1;15;2
202400040080;155 711 152;33;0;2;1;1;1
202400040081;155 711 146;7;0;2;4;2;1
202400040081;155 711 149;10;0;2;1;2;1
202400040082;155 711 142;7;0;2;5;1;1
202400040082;155 711 143;7;0;2;3;15;2
202400040083;155 711 141;0;0;2;2;2;1
202400040083;155 711 144;1;0;2;3;1;5
202400040083;155 711 145;1;0;2;3;1;5
202400040084;155 711 135;7;0;2;1;2;1
202400040084;155 711 140;7;0;0;4;2;1
202400040085;155 711 136;7;3;0;9;21;1
202400040086;155 711 134;10;0;2;5;22;1
202400040086;155 711 138;30;0;2;1;18;1
202400040087;155 711 137;10;0;2;1;2;1
202400040087;155 711 139;7;0;2;4;2;1
202400040088;155 711 133;7;2;0;9;14;1
202400040089;155 711 131;7;0;1;1;1;1
202400040090;155 711 127;7;0;0;1;0;1
202400040090;155 711 129;7;0;0;1;0;1
202400040091;155 711 126;2;0;2;1;0;0
202400040091;155 711 130;7;6;2;1;13;1
202400040092;155 711 123;7;14;0;3;2;1
202400040093;155 711 125;10;0;2;1;2;1
202400040093;155 711 128;7;0;2;4;2;1
202400040093;155 711 132;7;0;2;4;2;3
202400040094;155 711 124;7;0;1;1;0;0
202400040095;155 711 122;7;13;0;2;1;1
202400040096;155 711 119;33;0;0;1;2;1
202400040096;155 711 121;33;0;2;4;2;1
202400040097;155 711 116;33;0;2;1;0;1
202400040097;155 711 118;7;0;2;6;11;1
202400040098;155 711 114;33;0;2;7;3;1
202400040098;155 711 117;7;0;2;7;1;1
202400040098;155 711 120;7;0;2;3;11;1
202400040099;155 711 113;7;0;2;2;2;1
202400040099;155 711 115;1;0;0;8;2;5
202400040100;155 711 110;7;2;2;3;1;1
202400040100;155 711 112;7;0;2;3;1;1
202400040101;155 711 109;7;2;0;1;1;0
202400040102;155 711 108;7;0;2;2;12;1
202400040102;155 711 111;33;0;2;8;3;1
202400040103;155 711 107;33;14;0;0;13;1
202400040104;155 711 104;7;0;2;1;13;1
202400040104;155 711 106;7;0;2;3;1;1
202400040105;155 711 103;31;0;2;1;17;0
202400040105;155 711 105;31;0;2;4;17;1
202400040106;155 711 098;7;0;2;1;13;1
202400040106;155 711 101;7;0;2;3;1;1
202400040107;155 711 097;17;0;0;6;24;1
202400040107;155 711 100;7;0;2;1;1;1
202400040108;155 711 096;33;5;0;3;13;1
202400040109;155 711 094;7;0;2;1;1;1
202400040109;155 711 099;7;0;2;4;1;1
202400040109;155 711 102;7;0;2;6;1;1
202400040110;155 711 093;7;0;0;3;0;1
202400040110;155 711 095;99;0;2;1;0;5
202400040111;155 711 091;33;13;0;1;0;1
202400040112;155 711 088;1;0;2;4;1;5
202400040112;155 711 090;1;0;2;4;1;5
202400040112;155 711 092;7;0;2;2;0;1
202400040113;155 711 086;2;15;0;1;17;1
202400040114;155 711 083;7;13;0;1;1;1
202400040115;155 711 084;7;0;2;1;2;0
202400040115;155 711 087;7;0;2;4;23;2
202400040115;155 711 089;7;0;2;4;23;1
202400040116;155 711 082;31;0;2;1;1;1
202400040116;155 711 085;7;0;2;2;15;1
202400040117;155 711 081;31;0;0;7;0;1
202400040118;155 711 079;32;0;2;1;2;1
202400040118;155 711 080;7;0;2;4;23;1
202400040119;155 711 076;7;0;0;3;2;1
202400040119;155 711 078;7;4;2;3;14;1
202400040120;155 711 075;7;2;2;0;1;1
202400040120;155 711 077;33;0;2;1;1;1
202400040121;155 711 072;2;7;0;1;14;1
202400040122;155 711 071;7;0;0;4;2;1
202400040122;155 711 074;38;0;2;1;2;1
202400040123;155 711 070;7;0;2;4;23;1
202400040123;155 711 073;7;0;2;1;1;1
202400040124;155 711 068;7;0;2;1;2;1
202400040124;155 711 069;7;0;0;4;2;1
202400040125;155 711 067;7;0;1;8;1;1
202400040126;155 711 063;33;0;2;1;2;1
202400040126;155 711 065;10;0;2;4;2;1
202400040127;155 711 062;7;1;0;1;14;1
202400040127;155 711 066;7;0;2;4;23;2
202400040128;155 711 061;31;0;2;1;17;1
202400040128;155 711 064;7;0;2;1;1;1
202400040129;155 711 060;7;3;0;0;1;1
202400040130;155 711 055;7;0;2;3;1;1
202400040130;155 711 059;10;0;2;3;13;1
202400040131;155 711 054;7;0;2;4;2;1
202400040131;155 711 056;7;0;2;5;2;1
202400040131;155 711 058;10;0;2;1;1;1
202400040132;155 711 053;7;0;2;1;1;2
202400040132;155 711 057;10;0;2;4;1;1
202400040133;155 711 052;80;0;1;1;13;3
202400040134;155 711 050;7;0;2;3;2;1
202400040134;155 711 051;7;0;2;5;2;1
202400040135;155 711 046;10;0;2;1;1;1
202400040135;155 711 049;7;0;2;3;1;2
202400040136;155 711 044;15;0;2;2;12;1
202400040136;155 711 047;7;3;2;8;1;1
202400040137;155 711 043;7;0;9;8;0;1
202400040137;155 711 045;7;0;9;3;0;1
202400040137;155 711 048;7;0;9;5;0;1
202400040138;155 711 041;1;0;2;1;1;5
202400040138;155 711 042;50;0;2;1;13;3
202400040139;155 711 040;7;1;0;1;26;1
202400040140;155 711 039;33;0;0;0;1;1
202400040141;155 711 034;7;0;2;1;2;1
202400040141;155 711 036;7;0;2;4;2;1
202400040142;155 711 033;7;0;0;9;14;1
202400040143;155 711 032;15;0;2;2;12;1
202400040143;155 711 035;7;0;2;8;0;1
202400040144;155 711 028;14;0;0;2;17;1
202400040144;155 711 030;3;0;0;6;0;1
202400040145;155 711 027;10;0;2;1;2;1
202400040145;155 711 029;7;0;2;4;2;1
202400040145;155 711 031;10;0;2;5;2;1
202400040146;155 711 026;10;0;1;2;16;1
202400040147;155 711 022;33;0;2;1;1;1
202400040147;155 711 024;7;0;2;6;11;1
202400040148;155 711 021;15;0;0;4;2;1
202400040148;155 711 023;7;0;2;9;2;1
202400040148;155 711 025;10;0;2;1;2;1
202400040149;155 711 018;32;0;9;7;1;1
202400040150;155 711 016;7;0;1;2;20;1
202400040151;155 711 017;7;0;2;1;0;1
202400040151;155 711 019;7;0;0;5;0;1
202400040151;155 711 020;7;0;2;4;0;1
202400040152;155 711 015;36;0;0;1;1;1
202400040153;155 711 011;7;0;2;4;1;1
202400040153;155 711 014;7;0;2;2;2;0
202400040154;155 711 010;33;0;2;2;2;1
202400040154;155 711 012;7;0;0;6;23;1
202400040155;155 711 009;7;0;2;1;13;1
202400040155;155 711 013;7;0;2;3;21;1
202400040156;155 711 008;7;12;0;1;1;1
202400040157;155 711 006;30;0;2;7;14;1
202400040157;155 711 007;7;0;2;8;1;1
202400040158;155 711 003;33;0;0;7;1;1
202400040159;155 711 002;80;0;0;8;1;3
202400040159;155 711 004;10;0;0;5;0;0
202400040160;155 711 001;32;5;0;1;17;1
202400040161;155 711 000;7;13;0;2;14;1
202400040162;155 710 999;7;0;1;5;4;1
202400040163;155 710 997;7;0;2;8;10;1
202400040163;155 710 998;2;0;2;1;1;3
202400040164;155 710 995;7;3;0;1;13;1
202400040165;155 710 993;7;0;1;1;0;2
202400040166;155 710 992;7;0;1;1;1;1
202400040167;155 710 991;7;0;2;1;1;1
202400040167;155 710 994;7;0;2;4;1;1
202400040167;155 710 996;7;0;2;4;0;1
202400040168;155 710 987;7;0;2;1;12;1
202400040168;155 710 988;32;0;2;8;0;1
202400040169;155 710 983;7;1;0;2;14;1
202400040169;155 710 984;7;0;2;6;24;1
202400040170;155 710 982;7;0;2;0;0;1
202400040170;155 710 985;10;0;2;0;1;1
202400040170;155 710 986;7;0;2;0;0;1
202400040171;155 710 979;33;0;2;1;2;1
202400040171;155 710 980;7;15;0;4;26;1
202400040172;155 710 978;7;0;2;1;1;0
202400040172;155 710 981;7;0;2;1;21;1
202400040173;155 710 977;7;4;0;1;18;1
202400040174;155 710 974;7;0;2;5;2;1
202400040174;155 710 976;7;0;2;1;9;1
202400040175;155 710 971;7;0;2;5;2;1
202400040175;155 710 973;33;0;2;1;2;1
202400040176;155 710 972;32;0;2;0;0;1
202400040176;155 710 975;7;0;2;0;0;1
202400040177;155 710 970;7;8;0;3;1;0
202400040178;155 710 969;33;13;0;2;1;1
202400040179;155 710 965;33;0;2;1;1;1
202400040179;155 710 967;7;0;2;3;15;1
202400040180;155 710 966;33;0;0;2;2;1
202400040181;155 710 964;7;0;2;1;1;1
202400040181;155 710 968;1;0;2;7;1;5
202400040182;155 710 960;2;12;0;7;14;1
202400040183;155 710 958;7;0;2;6;1;2
202400040183;155 710 959;7;0;2;2;13;1
202400040183;155 710 962;7;0;2;1;1;1
202400040184;155 710 955;7;0;2;3;13;1
202400040184;155 710 957;7;0;2;1;1;1
202400040185;155 710 953;7;0;9;1;19;1
202400040185;155 710 956;50;0;2;1;5;3
202400040186;155 710 952;30;0;2;1;1;0
202400040186;155 710 954;7;0;2;2;15;1
202400040187;155 710 948;30;0;0;7;21;1
202400040188;155 710 947;10;0;2;1;1;1
202400040188;155 710 950;7;0;2;1;19;2
202400040189;155 710 949;7;0;2;3;15;1
202400040189;155 710 951;50;0;2;1;1;3
202400040190;155 710 946;7;1;1;2;1;1
202400040191;155 710 942;7;14;0;1;0;1
202400040192;155 710 943;7;0;2;7;1;1
202400040192;155 710 945;10;7;0;3;9;1
202400040193;155 710 941;7;14;0;3;15;1
202400040193;155 710 944;33;0;2;1;17;1
202400040194;155 710 936;33;0;2;4;23;1
202400040194;155 710 939;7;0;2;1;2;1
202400040195;155 710 933;7;0;2;4;1;1
202400040195;155 710 935;7;0;2;4;1;3
202400040195;155 710 937;7;0;2;1;1;1
202400040195;155 710 940;7;0;2;4;1;1
202400040196;155 710 932;7;0;1;1;5;1
202400040197;155 710 931;7;0;1;0;1;1
202400040198;155 710 930;32;8;0;8;1;1
202400040199;155 710 926;7;0;2;1;15;1
202400040199;155 710 928;7;0;2;0;0;1
202400040200;155 710 924;7;0;2;5;1;1
202400040200;155 710 929;31;0;2;1;1;1
202400040201;155 710 925;7;0;2;1;13;1
202400040201;155 710 927;7;0;2;1;1;1
202400040202;155 710 920;2;0;2;5;1;1
202400040202;155 710 923;7;0;2;6;19;1
202400040203;155 710 919;33;0;2;2;9;1
202400040203;155 710 922;10;0;2;2;15;1
202400040204;155 710 918;7;1;1;4;2;1
202400040204;155 710 921;7;0;2;4;1;1
202400040205;155 710 913;7;0;2;3;9;1
202400040205;155 710 916;7;0;2;1;1;1
202400040205;155 710 917;33;0;2;7;0;1
202400040206;155 710 911;7;0;2;1;0;1