Num_Acc;id_vehicule;catv;obs;obsm;choc;manv;motor
202400040915;155 709 671;2;0;2;1;2;1
202400040916;155 709 668;7;11;0;1;16;1
202400040917;155 709 666;7;0;2;3;1;1
202400040917;155 709 667;7;0;2;3;13;1
202400040918;155 709 664;7;0;2;1;2;1
202400040918;155 709 665;7;0;0;4;2;3
202400040918;155 709 669;7;0;0;6;2;0
202400040918;155 709 672;7;0;0;6;2;1
202400040919;155 709 662;50;0;2;1;1;3
202400040919;155 709 663;7;0;2;6;23;1
202400040920;155 709 660;7;0;2;1;1;0
202400040920;155 709 661;7;0;2;8;19;0
202400040921;155 709 659;7;3;0;2;1;6
202400040922;155 709 658;7;0;1;1;15;1
202400040923;155 709 657;7;4;0;0;0;1
202400040924;155 709 655;10;0;2;1;1;1
202400040924;155 709 656;7;0;2;1;1;1
202400040925;155 709 652;7;13;0;7;14;1
202400040926;155 709 651;7;0;2;3;9;1
202400040926;155 709 654;1;0;2;7;1;5
202400040927;155 709 650;99;0;2;3;1;1
202400040927;155 709 653;42;0;2;1;13;1
202400040928;155 709 649;7;9;0;1;0;1
202400040929;155 709 648;10;1;0;3;13;1
202400040930;155 709 646;7;8;0;1;1;1
202400040931;155 709 644;10;6;0;2;1;1
202400040932;155 709 645;10;0;2;2;0;1
202400040932;155 709 647;2;0;2;0;0;1
202400040933;155 709 643;7;8;0;1;1;1
202400040934;155 709 641;31;11;0;1;1;1
202400040935;155 709 640;7;0;0;3;15;1
202400040935;155 709 642;7;0;0;3;1;1
202400040936;155 709 639;10;0;1;1;1;0
202400040937;155 709 638;7;13;0;0;1;1
202400040938;155 709 635;7;9;0;3;13;1
202400040939;155 709 637;7;16;0;9;13;1
202400040940;155 709 633;33;2;0;0;1;0
202400040941;155 709 631;7;0;2;2;17;1
202400040941;155 709 634;7;0;2;3;15;1
202400040942;155 709 630;7;0;2;7;15;1
202400040942;155 709 632;50;0;2;1;1;3
202400040943;155 709 627;7;0;2;3;1;1
202400040943;155 709 629;2;13;2;1;17;1
202400040944;155 709 625;7;0;2;3;9;1
202400040944;155 709 628;2;0;2;1;1;1
202400040945;155 709 624;7;0;2;3;1;1
202400040945;155 709 626;10;0;2;2;19;1
202400040946;155 709 621;7;0;2;2;19;1
202400040946;155 709 622;7;0;2;1;1;1
202400040946;155 709 623;7;0;2;1;23;1
202400040947;155 709 620;7;0;1;3;1;3
202400040948;155 709 619;7;0;2;1;0;1
202400040949;155 709 617;7;0;2;8;9;1
202400040949;155 709 618;1;0;2;7;1;5
202400040950;155 709 615;7;0;2;1;1;1
202400040950;155 709 616;7;0;2;2;15;1
202400040951;155 709 612;7;0;2;3;1;1
202400040951;155 709 613;7;0;2;1;9;1
202400040952;155 709 611;7;0;2;1;1;1
202400040952;155 709 614;33;0;0;4;1;1
202400040953;155 709 609;1;0;2;1;14;5
202400040953;155 709 610;1;0;2;1;1;5
202400040954;155 709 607;17;0;2;3;0;1
202400040954;155 709 608;7;4;2;0;0;1
202400040955;155 709 606;2;0;0;0;0;1
202400040956;155 709 604;10;0;1;1;1;1
202400040957;155 709 603;7;17;0;1;0;1
202400040958;155 709 600;50;0;2;1;5;3
202400040958;155 709 602;7;0;2;1;1;1
202400040959;155 709 598;15;0;2;1;1;1
202400040959;155 709 601;7;0;2;1;13;3
202400040960;155 709 597;7;0;2;7;2;1
202400040960;155 709 599;37;0;2;5;1;1
202400040960;155 709 605;7;0;2;2;1;1
202400040961;155 709 595;7;6;0;2;14;1
202400040962;155 709 593;7;0;2;4;23;1
202400040962;155 709 594;7;1;0;1;1;1
202400040963;155 709 592;1;12;0;0;1;5
202400040964;155 709 591;33;0;2;1;1;1
202400040964;155 709 596;7;0;2;3;9;1
202400040965;155 709 589;7;0;1;1;0;1
202400040966;155 709 588;7;0;1;3;1;1
202400040967;155 709 587;33;12;9;7;14;1
202400040967;155 709 590;21;0;0;0;1;1
202400040968;155 709 586;7;13;0;7;13;1
202400040969;155 709 584;2;0;2;5;5;1
202400040969;155 709 585;7;0;2;2;17;1
202400040970;155 709 581;7;0;0;6;24;1
202400040970;155 709 583;7;1;0;2;1;3
202400040971;155 709 578;7;14;2;3;1;1
202400040971;155 709 580;7;12;0;3;1;1
202400040972;155 709 579;7;0;2;1;0;1
202400040972;155 709 582;7;0;2;4;0;1
202400040973;155 709 577;7;0;1;1;1;1
202400040974;155 709 575;32;12;0;1;2;1
202400040975;155 709 574;15;1;1;2;1;1
202400040976;155 709 573;33;0;2;8;15;1
202400040976;155 709 576;10;0;2;2;15;1
202400040977;155 709 568;34;0;2;8;15;1
202400040977;155 709 571;1;0;2;0;15;5
202400040978;155 709 563;7;0;2;1;16;1
202400040978;155 709 565;38;0;2;3;1;1
202400040979;155 709 562;31;0;2;1;1;1
202400040979;155 709 564;37;0;2;3;1;4
202400040980;155 709 558;7;0;2;1;1;1
202400040980;155 709 560;33;0;2;1;7;1
202400040980;155 709 561;7;0;2;6;13;2
202400040981;155 709 556;33;0;2;1;17;1
202400040981;155 709 559;7;0;2;3;1;1
202400040982;155 709 554;33;0;0;0;9;1
202400040983;155 709 551;7;0;2;1;13;1
202400040983;155 709 553;14;0;2;1;1;1
202400040984;155 709 550;7;4;0;3;13;1
202400040985;155 709 548;7;0;1;6;4;1
202400040986;155 709 547;7;0;2;4;2;3
202400040986;155 709 549;7;0;2;4;2;1
202400040986;155 709 552;7;0;2;4;2;1
202400040986;155 709 555;7;0;2;4;2;1
202400040986;155 709 557;14;0;2;1;2;1
202400040987;155 709 546;7;4;0;2;1;1
202400040988;155 709 540;1;0;2;1;1;5
202400040988;155 709 543;7;0;2;5;1;1
202400040989;155 709 536;7;4;2;2;2;1
202400040989;155 709 539;7;0;2;1;26;1
202400040989;155 709 541;7;0;2;4;1;1
202400040990;155 709 535;7;0;2;4;1;2
202400040990;155 709 537;7;0;2;1;2;1
202400040990;155 709 538;7;0;2;1;2;1
202400040991;155 709 533;7;4;0;2;1;1
202400040992;155 709 531;7;0;2;2;1;1
202400040992;155 709 534;1;0;2;0;1;5
202400040993;155 709 526;17;0;2;1;2;1
202400040993;155 709 528;7;0;2;4;2;1
202400040993;155 709 530;7;0;2;4;2;1
202400040993;155 709 532;7;0;2;4;2;1
202400040994;155 709 522;7;0;2;1;1;2
202400040994;155 709 524;33;0;2;7;26;1
202400040995;155 709 520;7;0;2;1;1;1
202400040995;155 709 523;7;0;2;4;1;1
202400040995;155 709 525;7;0;2;4;1;2
202400040995;155 709 527;7;0;2;4;1;2
202400040995;155 709 529;7;0;2;4;1;2
202400040996;155 709 519;7;1;0;1;12;1
202400040996;155 709 521;10;0;2;4;9;1
202400040997;155 709 518;33;0;9;8;1;1
202400040998;155 709 517;30;0;0;8;26;1
202400040999;155 709 512;7;0;2;1;2;1
202400040999;155 709 514;7;0;2;4;2;1
202400040999;155 709 516;7;0;2;4;2;2
202400041000;155 709 513;7;0;2;4;1;1
202400041000;155 709 515;7;0;2;1;2;1
202400041001;155 709 508;7;0;2;2;1;1
202400041001;155 709 510;7;0;2;6;23;1
202400041001;155 709 511;7;0;2;7;1;1
202400041002;155 709 507;7;0;9;1;16;1
202400041002;155 709 509;50;0;2;1;25;3
202400041003;155 709 505;7;0;2;3;11;1
202400041003;155 709 506;33;0;2;7;1;1
202400041004;155 709 503;7;4;0;1;16;1
202400041005;155 709 500;7;0;2;1;2;1
202400041005;155 709 504;7;0;2;4;2;1
202400041006;155 709 499;7;0;2;3;1;1
202400041006;155 709 502;2;0;0;4;1;1
202400041007;155 709 497;7;0;2;7;12;1
202400041007;155 709 498;33;0;2;1;3;1
202400041007;155 709 501;7;0;2;7;1;1
202400041008;155 709 495;7;3;2;4;2;1
202400041008;155 709 496;7;0;2;1;2;1
202400041009;155 709 492;7;3;0;3;13;1
202400041010;155 709 491;7;0;2;1;1;1
202400041010;155 709 494;7;0;0;4;0;1
202400041011;155 709 489;7;0;2;1;1;1
202400041011;155 709 493;7;0;2;1;13;1
202400041012;155 709 488;7;3;0;3;13;1
202400041013;155 709 487;33;0;2;1;3;1
202400041013;155 709 490;7;0;2;0;12;0
202400041014;155 709 479;7;0;2;1;1;3
202400041014;155 709 484;7;0;2;1;13;0
202400041015;155 709 478;7;0;2;8;11;1
202400041015;155 709 480;33;0;2;7;1;1
202400041015;155 709 483;7;0;2;4;1;2
202400041016;155 709 477;7;0;0;2;14;1
202400041017;155 709 475;7;0;1;5;20;1
202400041018;155 709 471;7;0;2;1;1;0
202400041018;155 709 473;15;0;2;3;1;1
202400041018;155 709 476;15;0;2;8;1;1
202400041019;155 709 468;33;8;0;0;21;1
202400041020;155 709 466;7;0;2;1;2;1
202400041020;155 709 469;7;0;2;4;2;1
202400041021;155 709 464;10;0;2;1;0;1
202400041021;155 709 467;7;0;0;1;2;1
202400041021;155 709 470;7;0;2;4;2;1
202400041021;155 709 472;7;0;2;1;2;1
202400041021;155 709 474;7;0;2;4;2;2
202400041022;155 709 461;7;13;0;2;1;1
202400041023;155 709 459;7;0;2;3;1;1
202400041023;155 709 463;10;0;2;2;15;1
202400041024;155 709 460;10;0;1;1;1;1
202400041025;155 709 458;7;1;0;1;1;1
202400041025;155 709 462;10;6;0;6;23;1
202400041026;155 709 457;7;0;0;9;16;1
202400041027;155 709 455;7;0;2;3;21;1
202400041027;155 709 456;1;0;2;8;14;5
202400041028;155 709 453;7;2;0;1;1;0
202400041029;155 709 454;7;9;9;9;1;1
202400041030;155 709 449;7;0;2;1;2;1
202400041030;155 709 451;7;0;2;4;2;1
202400041030;155 709 452;7;0;2;4;2;2
202400041031;155 709 448;2;0;2;1;1;1
202400041031;155 709 450;7;0;2;2;19;1
202400041032;155 709 447;7;13;0;3;1;1
202400041033;155 709 446;7;0;6;1;1;1
202400041034;155 709 443;7;0;2;2;15;1
202400041034;155 709 444;10;0;2;3;9;1
202400041035;155 709 442;43;0;2;2;12;1
202400041035;155 709 445;7;0;2;4;12;1
202400041036;155 709 441;14;0;0;8;1;1
202400041037;155 709 438;7;0;2;3;13;1
202400041037;155 709 440;33;0;2;7;3;1
202400041038;155 709 436;7;0;0;6;23;1
202400041038;155 709 439;1;0;2;0;0;5
202400041039;155 709 434;7;0;2;8;0;1
202400041039;155 709 437;34;0;2;2;0;1
202400041040;155 709 430;7;0;9;5;15;1
202400041040;155 709 433;1;0;2;1;1;5
202400041041;155 709 431;7;0;2;1;9;1
202400041041;155 709 435;50;0;2;7;1;3
202400041042;155 709 429;7;0;2;2;12;1
202400041042;155 709 432;7;0;2;6;1;1
202400041043;155 709 425;7;0;1;1;1;2
202400041044;155 709 424;7;0;2;8;2;1
202400041044;155 709 427;7;0;2;7;1;1
202400041045;155 709 423;7;0;2;4;12;1
202400041045;155 709 426;43;0;2;1;3;1
202400041045;155 709 428;43;0;2;1;3;1
202400041046;155 709 419;7;0;2;3;9;1
202400041046;155 709 421;34;0;2;7;1;1
202400041047;155 709 415;7;6;0;3;1;1
202400041048;155 709 413;7;0;2;6;23;1
202400041048;155 709 416;30;0;2;1;17;1
202400041049;155 709 408;37;0;1;3;1;3
202400041050;155 709 410;7;0;2;1;2;1
202400041050;155 709 412;7;0;2;4;2;1
202400041050;155 709 418;7;0;2;1;2;1
202400041050;155 709 420;7;0;2;4;2;1
202400041050;155 709 422;7;0;2;4;2;1
202400041051;155 709 409;7;0;2;4;23;1
202400041051;155 709 411;7;0;2;4;23;1
202400041051;155 709 414;7;0;2;4;23;1
202400041051;155 709 417;7;0;2;1;9;2
202400041052;155 709 406;7;0;9;3;1;1
202400041052;155 709 407;60;0;2;7;1;5
202400041053;155 709 403;7;3;2;1;13;1
202400041053;155 709 405;7;0;2;1;1;1
202400041054;155 709 401;33;0;2;1;12;1
202400041054;155 709 404;7;0;2;6;23;1
202400041055;155 709 400;33;0;2;1;3;1
202400041055;155 709 402;10;0;2;7;12;1
202400041056;155 709 397;7;0;2;1;15;3
202400041056;155 709 399;33;0;2;1;1;1
202400041057;155 709 395;7;4;0;2;14;3
202400041058;155 709 396;7;0;2;7;2;0
202400041058;155 709 398;2;0;2;8;2;1
202400041059;155 709 394;7;5;0;3;13;1
202400041060;155 709 392;2;0;2;2;1;1
202400041060;155 709 393;7;0;2;3;20;1
202400041061;155 709 388;33;0;2;2;2;1
202400041061;155 709 391;7;0;2;8;2;1
202400041062;155 709 387;7;0;1;3;1;0
202400041063;155 709 386;1;0;2;0;0;5
202400041063;155 709 389;30;0;2;1;17;1
202400041064;155 709 385;7;0;2;0;19;0
202400041064;155 709 390;2;0;2;0;1;0
202400041065;155 709 383;50;0;0;0;1;3
202400041066;155 709 379;50;12;0;7;14;3
202400041067;155 709 377;3;0;2;1;19;1
202400041067;155 709 380;50;0;2;8;26;3
202400041068;155 709 376;7;0;2;3;15;1
202400041068;155 709 382;2;0;2;1;1;1
202400041069;155 709 375;7;0;2;0;0;1
202400041069;155 709 378;7;0;2;4;1;2
202400041069;155 709 381;7;0;2;1;1;1
202400041069;155 709 384;10;4;2;3;13;1
202400041070;155 709 373;34;0;2;3;1;1
202400041070;155 709 374;7;0;2;3;10;1
202400041071;155 709 372;1;0;1;1;1;5
202400041072;155 709 371;50;0;0;0;1;3
202400041073;155 709 370;7;4;0;3;13;1
202400041074;155 709 368;33;0;2;3;17;1
202400041074;155 709 369;7;0;2;8;15;1
202400041075;155 709 365;7;0;2;8;22;1
202400041075;155 709 367;50;1;0;1;1;3
202400041076;155 709 363;30;0;2;1;13;1
202400041076;155 709 366;7;0;2;1;1;1
202400041077;155 709 361;7;0;2;4;2;2
202400041077;155 709 364;7;0;2;1;2;1
202400041078;155 709 359;7;0;1;1;15;1
202400041079;155 709 360;2;0;2;8;1;1
202400041079;155 709 362;7;0;2;3;1;2
202400041080;155 709 357;7;16;0;3;15;1
202400041080;155 709 358;30;0;2;1;1;1
202400041081;155 709 356;7;4;0;1;1;1
202400041082;155 709 352;10;0;2;6;13;1
202400041082;155 709 354;7;0;2;9;14;1
202400041083;155 709 350;7;0;2;1;1;1
202400041083;155 709 355;2;0;2;3;15;0
202400041084;155 709 348;7;0;2;4;2;1
202400041084;155 709 351;7;0;2;4;2;1
202400041084;155 709 353;7;0;2;1;2;1
202400041085;155 709 347;7;0;2;1;2;1
202400041085;155 709 349;7;0;2;0;0;0
202400041086;155 709 344;37;0;1;0;1;4
202400041087;155 709 342;2;0;2;1;15;3
202400041087;155 709 345;7;0;2;2;1;1
202400041088;155 709 343;7;0;2;2;15;1
202400041088;155 709 346;1;0;2;7;1;5
202400041089;155 709 341;7;0;2;0;0;1
202400041090;155 709 339;7;0;1;3;2;1
202400041091;155 709 336;10;0;2;2;1;1
202400041091;155 709 340;10;0;2;3;5;1
202400041092;155 709 335;7;0;2;1;2;1
202400041092;155 709 338;7;3;2;4;2;1
202400041093;155 709 332;37;0;2;2;1;1
202400041093;155 709 333;34;0;2;1;0;0
202400041094;155 709 330;7;1;0;0;0;1
202400041094;155 709 334;7;0;2;1;1;1
202400041094;155 709 337;7;0;2;1;1;1
202400041095;155 709 328;33;0;2;3;2;1
202400041095;155 709 331;7;0;2;4;15;1
202400041096;155 709 326;7;0;2;1;2;1
202400041096;155 709 327;7;0;2;4;2;1
202400041097;155 709 325;7;0;2;0;21;1
202400041097;155 709 329;7;0;2;0;15;1
202400041098;155 709 324;7;0;1;0;0;0
202400041099;155 709 323;10;0;1;7;1;1
202400041100;155 709 319;7;0;2;1;2;0
202400041100;155 709 321;7;0;2;4;2;1
202400041101;155 709 320;7;0;1;3;1;2
202400041102;155 709 317;30;1;0;1;2;3
202400041103;155 709 316;7;0;2;8;15;1
202400041103;155 709 318;43;0;2;0;0;1
202400041104;155 709 313;7;0;1;6;1;1
202400041105;155 709 312;80;0;2;4;12;3
202400041105;155 709 315;7;0;2;1;1;1
202400041106;155 709 311;37;0;9;0;0;1
202400041106;155 709 314;1;0;2;1;0;5
202400041107;155 709 310;10;7;0;4;20;1
202400041108;155 709 307;7;0;2;1;0;1
202400041108;155 709 309;7;0;2;6;13;1
202400041109;155 709 308;32;0;0;8;1;1
202400041110;155 709 304;7;0;2;1;15;1
202400041110;155 709 306;37;0;2;3;1;1
202400041111;155 709 305;33;0;2;0;26;1
202400041112;155 709 302;10;7;0;7;21;1
202400041113;155 709 301;10;0;2;7;0;1
202400041113;155 709 303;1;0;2;8;1;5
202400041114;155 709 299;32;0;0;8;1;1
202400041115;155 709 297;30;0;2;1;2;1
202400041115;155 709 300;7;0;2;4;2;2
202400041116;155 709 295;7;0;2;1;1;1
202400041116;155 709 298;80;0;2;3;12;3
202400041117;155 709 291;10;0;2;2;12;1
202400041117;155 709 294;31;0;2;0;1;3
202400041118;155 709 292;7;0;1;1;16;2
202400041119;155 709 290;7;8;0;1;6;1
202400041120;155 709 286;1;0;1;1;1;5
202400041121;155 709 283;1;0;2;2;15;5
202400041121;155 709 284;7;0;9;3;9;1
202400041122;155 709 285;31;0;2;1;1;1
202400041122;155 709 287;7;0;2;3;1;1
202400041123;155 709 279;7;0;1;0;15;1
202400041124;155 709 280;7;0;2;3;11;1
202400041124;155 709 282;31;0;2;8;2;1
202400041125;155 709 276;7;0;2;1;26;1
202400041125;155 709 278;7;0;2;7;26;1
202400041126;155 709 277;10;0;1;2;1;1
202400041127;155 709 275;10;0;2;1;1;1
202400041127;155 709 281;10;0;2;4;23;1
202400041128;155 709 274;30;0;0;2;16;3
202400041129;155 709 271;43;14;0;1;1;1
202400041130;155 709 273;7;0;1;2;1;1
202400041131;155 709 272;7;0;1;1;0;1
202400041132;155 709 267;80;0;0;1;1;3
202400041132;155 709 269;7;0;0;5;22;2
202400041133;155 709 268;7;0;2;4;4;1
202400041133;155 709 270;1;0;2;1;1;5
202400041134;155 709 266;7;0;1;1;1;0
202400041135;155 709 260;7;9;0;9;1;2
202400041136;155 709 262;7;0;1;4;4;1
202400041137;155 709 261;50;0;2;7;19;3
202400041137;155 709 264;1;0;2;1;16;5
202400041138;155 709 263;10;0;1;1;1;1
202400041139;155 709 258;33;0;0;0;16;1
202400041140;155 709 255;7;0;2;4;1;1
202400041140;155 709 259;7;0;2;1;1;1
202400041141;155 709 256;1;0;0;0;2;5
202400041142;155 709 253;7;14;0;0;1;1
202400041143;155 709 250;32;0;2;1;1;1
202400041143;155 709 254;7;0;2;4;0;3
202400041144;155 709 252;80;0;2;7;1;3
202400041144;155 709 257;7;0;2;1;1;1
202400041145;155 709 251;31;0;9;0;1;1
202400041146;155 709 246;31;0;2;1;1;1
202400041146;155 709 249;7;0;2;2;15;1
202400041147;155 709 243;7;0;2;9;23;1
202400041147;155 709 245;7;0;2;1;2;1
202400041147;155 709 247;7;0;2;4;23;1
202400041148;155 709 242;1;0;2;1;0;5
202400041148;155 709 248;7;0;2;3;0;1
202400041149;155 709 240;7;0;2;2;1;1
202400041149;155 709 241;50;0;2;8;19;3
202400041150;155 709 237;50;0;1;8;25;3
202400041151;155 709 239;7;0;2;1;1;1
202400041151;155 709 244;50;0;2;8;26;3
202400041152;155 709 235;10;0;1;1;26;1
202400041153;155 709 234;7;0;2;4;1;1
202400041153;155 709 236;7;0;2;1;1;1
202400041153;155 709 238;7;0;2;4;15;1
202400041154;155 709 233;30;0;1;1;1;0
202400041155;155 709 232;10;0;1;3;1;1
202400041156;155 709 231;7;0;1;2;21;1
202400041157;155 709 227;7;16;2;3;15;3
202400041157;155 709 229;1;0;2;1;1;5
202400041158;155 709 228;7;0;1;3;15;2
202400041159;155 709 226;33;0;2;2;1;1
202400041159;155 709 230;7;0;2;1;0;3
202400041160;155 709 221;7;0;2;1;9;1
202400041160;155 709 224;30;0;2;5;0;1
202400041161;155 709 222;10;0;1;4;4;3
202400041162;155 709 223;32;0;2;8;1;1
202400041162;155 709 225;7;0;2;2;16;1
202400041163;155 709 219;7;0;2;1;2;1
202400041163;155 709 220;7;0;0;4;2;1
202400041164;155 709 218;7;6;0;3;13;1
202400041165;155 709 216;7;0;2;8;15;0
202400041165;155 709 217;2;0;2;1;17;0
202400041166;155 709 214;38;1;1;1;26;1
202400041167;155 709 213;34;0;2;1;2;1
202400041167;155 709 215;7;0;2;4;1;1
202400041168;155 709 212;7;4;0;2;1;1
202400041169;155 709 210;7;0;1;2;1;1
202400041170;155 709 209;7;13;0;2;1;1
202400041171;155 709 211;10;0;2;1;1;1
202400041172;155 709 208;7;0;1;1;15;1
202400041173;155 709 205;7;0;2;2;26;1
202400041173;155 709 207;7;0;2;7;26;1
202400041174;155 709 202;50;0;2;1;1;3
202400041174;155 709 206;7;0;2;2;15;1
202400041175;155 709 201;30;0;2;1;1;1
202400041175;155 709 204;7;0;2;2;10;2
202400041176;155 709 200;7;0;2;3;1;1
202400041176;155 709 203;7;0;2;6;17;1
202400041177;155 709 199;7;1;1;7;1;1
202400041178;155 709 197;7;8;0;1;1;1
202400041179;155 709 195;7;0;2;3;1;1
202400041179;155 709 198;30;0;2;3;0;1
202400041180;155 709 193;7;0;1;1;1;1
202400041181;155 709 194;7;0;2;4;2;0
202400041181;155 709 196;7;0;2;1;1;1
202400041182;155 709 190;2;0;2;1;1;1
202400041182;155 709 192;7;0;2;7;19;1
202400041183;155 709 188;10;1;1;1;1;1
202400041184;155 709 187;7;0;2;1;2;1
202400041184;155 709 191;7;0;2;4;2;1
202400041185;155 709 186;7;0;2;3;9;1
202400041185;155 709 189;31;0;2;1;1;1
202400041186;155 709 184;33;0;0;0;26;0
202400041187;155 709 181;10;0;2;4;2;3
202400041187;155 709 185;31;0;2;1;0;1
202400041188;155 709 182;1;14;0;1;26;5
202400041189;155 709 180;7;0;2;3;1;1
202400041189;155 709 183;7;0;2;1;15;1
202400041190;155 709 175;7;0;2;2;12;1
202400041190;155 709 179;33;0;2;6;1;1
202400041191;155 709 176;50;0;2;0;0;3
202400041191;155 709 178;7;0;2;1;1;2
202400041192;155 709 174;7;0;1;1;19;1
202400041193;155 709 173;1;0;2;8;13;5
202400041193;155 709 177;7;0;0;7;1;1
202400041194;155 709 172;7;0;1;1;19;1
202400041195;155 709 169;7;0;1;1;1;1
202400041196;155 709 168;1;0;2;3;17;5
202400041196;155 709 170;7;0;2;3;0;1
202400041197;155 709 165;7;0;9;2;1;1
202400041197;155 709 167;1;0;2;1;11;5
202400041198;155 709 166;7;9;0;1;6;1
202400041199;155 709 162;2;0;2;8;1;1
202400041199;155 709 164;7;0;2;2;1;1
202400041200;155 709 161;7;0;2;3;10;1
202400041200;155 709 163;33;0;2;2;17;1
202400041201;155 709 160;7;6;0;1;13;1
202400041202;155 709 159;14;0;1;7;16;1
202400041203;155 709 158;2;0;0;0;1;1
202400041204;155 709 157;7;0;2;6;2;1
202400041205;155 709 155;7;0;1;1;1;1
202400041206;155 709 154;33;0;1;1;1;1
202400041207;155 709 149;7;0;2;3;15;1
202400041207;155 709 153;33;0;2;8;1;1
202400041208;155 709 151;10;0;2;2;1;1
202400041208;155 709 152;7;0;2;3;9;2
202400041209;155 709 148;32;0;1;8;1;1
202400041210;155 709 147;7;8;2;8;1;2
202400041210;155 709 150;7;8;2;1;1;1
202400041211;155 709 143;7;0;2;8;1;1
202400041211;155 709 146;7;0;2;8;13;1
202400041212;155 709 142;7;0;2;3;15;1
202400041212;155 709 145;50;0;2;7;25;3
202400041213;155 709 144;7;4;0;1;13;3
202400041214;155 709 140;7;9;0;2;2;1
202400041214;155 709 141;37;0;2;6;0;1
202400041215;155 709 138;34;0;1;1;1;1
202400041216;155 709 134;7;0;2;1;5;1
202400041216;155 709 137;10;0;2;1;17;1
202400041217;155 709 133;10;0;2;1;2;1
202400041217;155 709 136;7;0;2;4;2;3
202400041218;155 709 132;7;16;0;1;1;1
202400041219;155 709 135;7;0;2;4;2;1
202400041219;155 709 139;13;0;2;3;2;1
202400041220;155 709 131;15;0;0;2;1;1
202400041221;155 709 129;3;0;0;0;16;3
202400041222;155 709 127;7;1;2;2;26;1
202400041222;155 709 130;7;0;2;1;1;1
202400041223;155 709 123;7;0;2;1;1;1
202400041223;155 709 126;7;0;2;4;15;2
202400041224;155 709 124;3;8;0;1;1;1
202400041225;155 709 125;7;0;2;8;13;1
202400041225;155 709 128;31;0;2;1;1;1
202400041226;155 709 119;2;0;2;1;2;1
202400041226;155 709 121;7;0;0;4;1;1
202400041227;155 709 118;31;0;2;2;1;1
202400041227;155 709 122;7;0;2;3;1;2
202400041228;155 709 117;7;15;2;3;13;1
202400041228;155 709 120;2;0;2;1;1;1
202400041229;155 709 115;33;0;2;1;1;1
202400041229;155 709 116;7;0;2;7;15;1
202400041230;155 709 112;2;0;2;2;23;0
202400041230;155 709 114;7;0;0;3;23;1
202400041231;155 709 111;7;0;2;3;16;1
202400041231;155 709 113;1;0;2;1;25;5
202400041232;155 709 110;7;2;0;1;1;1
202400041233;155 709 108;31;0;2;1;1;1
202400041233;155 709 109;7;0;2;6;10;1
202400041234;155 709 103;10;0;1;2;1;1
202400041235;155 709 102;7;0;2;1;2;1
202400041235;155 709 106;15;0;0;4;2;1
202400041236;155 709 101;7;0;2;1;1;1
202400041236;155 709 104;7;0;2;1;13;1
202400041237;155 709 099;15;0;2;8;1;0
202400041237;155 709 100;7;0;2;3;1;1
202400041238;155 709 094;7;0;2;1;18;1
202400041238;155 709 097;1;0;2;4;9;5
202400041239;155 709 095;2;1;0;1;1;1
202400041240;155 709 093;7;0;2;1;6;1
202400041240;155 709 096;7;0;2;6;1;1
202400041240;155 709 098;7;0;2;1;1;1
202400041241;155 709 092;7;0;1;3;1;1
202400041242;155 709 090;2;7;0;1;1;1
202400041243;155 709 089;1;0;0;0;1;5
202400041244;155 709 085;7;2;0;1;2;1
202400041245;155 709 083;43;0;2;1;23;1
202400041245;155 709 087;10;0;2;4;26;1
202400041246;155 709 080;7;0;2;2;1;1
202400041246;155 709 084;7;0;2;1;23;1
202400041246;155 709 086;7;0;2;1;23;1
202400041246;155 709 088;7;0;2;5;23;3
202400041246;155 709 091;7;8;2;1;16;1
202400041247;155 709 081;7;0;2;3;17;0
202400041247;155 709 082;1;0;2;8;1;5
202400041248;155 709 079;36;0;0;2;1;1
202400041249;155 709 078;7;0;0;3;5;1
202400041250;155 709 076;7;0;1;1;1;1
202400041251;155 709 074;7;0;1;4;4;1
202400041252;155 709 073;7;16;0;1;1;1
202400041253;155 709 071;31;0;2;1;2;1
202400041253;155 709 072;7;0;2;4;2;1
202400041254;155 709 075;7;0;0;7;15;1
202400041254;155 709 077;50;0;0;0;1;3
202400041255;155 709 068;30;0;2;1;2;1
202400041255;155 709 070;7;0;2;3;15;1
202400041256;155 709 067;38;0;9;2;2;1
202400041256;155 709 069;50;0;2;3;13;3
202400041257;155 709 064;7;5;2;7;17;1
202400041257;155 709 066;10;0;2;8;15;1
202400041258;155 709 063;33;0;2;1;2;1
202400041258;155 709 065;7;0;2;1;15;1
202400041259;155 709 061;3;13;0;1;21;1
202400041260;155 709 058;17;0;0;6;1;1
202400041260;155 709 060;7;0;2;3;1;1
202400041261;155 709 057;33;8;0;1;0;1
202400041262;155 709 056;99;0;2;4;4;1
202400041262;155 709 059;1;0;2;1;1;5
202400041263;155 709 055;7;0;2;1;1;1
202400041263;155 709 062;7;0;2;7;15;1
202400041264;155 709 052;32;0;2;1;17;1
202400041264;155 709 054;10;0;2;3;1;1
202400041265;155 709 051;31;0;2;3;13;1
202400041265;155 709 053;10;0;2;3;1;1
202400041266;155 709 049;33;12;0;5;1;1
202400041267;155 709 047;7;0;2;3;13;1
202400041267;155 709 048;38;0;2;3;1;1
202400041268;155 709 046;33;2;0;7;14;1
202400041269;155 709 045;7;0;2;1;26;1