Num_Acc;id_vehicule;catv;obs;obsm;choc;manv;motor
202400041631;155 708 408;7;0;2;4;2;1
202400041631;155 708 409;7;0;2;4;2;1
202400041632;155 708 405;7;0;1;4;4;1
202400041633;155 708 404;33;1;0;1;0;1
202400041634;155 708 402;2;0;2;3;2;1
202400041634;155 708 407;2;0;2;7;17;1
202400041635;155 708 400;7;0;0;4;23;1
202400041635;155 708 401;7;0;0;4;23;1
202400041635;155 708 403;10;0;2;1;23;1
202400041636;155 708 399;32;0;1;2;2;0
202400041637;155 708 395;7;13;0;3;1;1
202400041638;155 708 396;33;0;0;1;1;1
202400041639;155 708 394;7;0;2;3;1;1
202400041639;155 708 397;33;0;2;3;17;1
202400041640;155 708 393;10;0;1;4;23;1
202400041640;155 708 398;10;0;2;1;1;1
202400041641;155 708 391;7;0;1;3;15;1
202400041642;155 708 388;7;1;0;2;0;2
202400041643;155 708 385;33;0;1;1;0;1
202400041644;155 708 387;7;2;0;1;2;1
202400041645;155 708 383;31;0;2;2;17;1
202400041645;155 708 384;7;0;0;8;15;2
202400041646;155 708 382;33;0;0;8;1;1
202400041647;155 708 380;7;0;2;1;1;1
202400041647;155 708 386;10;0;2;8;9;1
202400041648;155 708 376;1;0;2;2;2;5
202400041648;155 708 379;7;0;2;3;0;1
202400041649;155 708 378;7;0;2;0;10;1
202400041649;155 708 381;50;0;2;0;1;3
202400041650;155 708 374;7;0;2;1;14;1
202400041650;155 708 377;10;0;2;4;1;1
202400041651;155 708 373;7;0;2;2;0;0
202400041651;155 708 375;13;0;2;3;1;0
202400041652;155 708 372;60;0;0;0;1;5
202400041653;155 708 368;7;0;2;5;1;0
202400041653;155 708 369;10;0;2;2;1;0
202400041654;155 708 365;3;0;2;1;19;1
202400041654;155 708 371;15;0;2;8;1;1
202400041655;155 708 366;7;11;1;3;15;0
202400041656;155 708 362;33;0;2;7;1;1
202400041656;155 708 363;7;0;2;8;11;1
202400041657;155 708 361;50;0;0;0;0;3
202400041658;155 708 360;7;0;2;7;0;1
202400041658;155 708 364;7;0;2;1;1;1
202400041658;155 708 367;7;0;2;2;0;1
202400041658;155 708 370;10;0;2;7;0;1
202400041659;155 708 356;7;0;2;4;1;1
202400041659;155 708 358;7;0;2;4;1;1
202400041659;155 708 359;7;0;2;1;1;1
202400041660;155 708 357;2;0;0;0;0;1
202400041661;155 708 355;33;0;0;7;2;1
202400041662;155 708 350;7;0;2;2;1;1
202400041662;155 708 353;7;0;2;6;1;1
202400041663;155 708 352;7;0;2;1;1;1
202400041663;155 708 354;7;0;0;8;15;3
202400041664;155 708 346;7;0;2;1;1;1
202400041664;155 708 348;7;0;2;4;1;1
202400041665;155 708 345;7;0;2;1;1;1
202400041665;155 708 347;7;0;2;4;1;1
202400041666;155 708 344;7;0;2;3;1;1
202400041666;155 708 349;7;0;2;1;13;1
202400041666;155 708 351;7;0;2;1;2;1
202400041667;155 708 339;7;0;2;1;2;1
202400041667;155 708 341;14;0;2;2;2;1
202400041667;155 708 343;7;0;0;4;2;2
202400041668;155 708 338;7;0;2;1;1;1
202400041668;155 708 340;7;0;2;4;1;1
202400041668;155 708 342;7;0;2;6;1;1
202400041669;155 708 335;34;0;2;4;1;1
202400041669;155 708 337;0;0;2;1;1;0
202400041670;155 708 332;31;0;0;7;1;1
202400041671;155 708 333;34;0;2;3;2;1
202400041671;155 708 336;7;0;2;1;2;1
202400041672;155 708 331;43;12;0;2;1;1
202400041673;155 708 327;1;0;2;8;1;5
202400041673;155 708 330;32;0;2;7;14;1
202400041674;155 708 326;7;0;2;3;17;1
202400041674;155 708 329;7;3;0;6;1;1
202400041675;155 708 325;7;0;2;1;1;1
202400041675;155 708 328;7;0;2;4;1;1
202400041675;155 708 334;7;0;2;4;1;1
202400041676;155 708 323;1;16;0;0;26;5
202400041677;155 708 320;7;0;2;4;2;1
202400041677;155 708 322;7;0;2;1;2;1
202400041677;155 708 324;7;0;2;4;2;1
202400041678;155 708 321;31;0;0;0;0;1
202400041679;155 708 317;7;0;2;3;1;2
202400041679;155 708 318;7;0;2;2;1;1
202400041679;155 708 319;7;0;2;1;15;1
202400041680;155 708 315;14;0;2;2;12;1
202400041680;155 708 316;7;0;2;6;1;1
202400041681;155 708 313;1;0;2;1;1;5
202400041681;155 708 314;7;0;2;7;13;1
202400041682;155 708 312;17;0;0;8;1;1
202400041683;155 708 308;30;0;2;7;9;3
202400041683;155 708 310;7;0;2;3;9;2
202400041684;155 708 309;7;0;2;2;18;1
202400041684;155 708 311;1;0;2;4;12;5
202400041685;155 708 304;7;0;2;1;2;1
202400041685;155 708 306;7;0;2;1;2;1
202400041685;155 708 307;7;0;2;4;2;1
202400041686;155 708 303;10;0;9;8;24;1
202400041686;155 708 305;1;1;2;1;1;5
202400041687;155 708 299;7;0;1;1;0;-1
202400041688;155 708 300;33;0;2;1;2;1
202400041688;155 708 302;7;0;2;5;2;2
202400041689;155 708 297;7;0;2;1;2;1
202400041689;155 708 298;7;0;2;4;2;2
202400041689;155 708 301;7;0;2;1;2;1
202400041690;155 708 296;7;8;0;1;1;1
202400041691;155 708 293;7;0;2;1;12;1
202400041691;155 708 294;7;0;2;5;1;1
202400041691;155 708 295;7;0;2;4;2;1
202400041692;155 708 289;7;0;1;1;26;1
202400041693;155 708 288;7;4;0;0;0;1
202400041694;155 708 286;7;0;2;7;15;1
202400041694;155 708 287;7;0;2;0;1;1
202400041695;155 708 285;1;0;1;0;0;5
202400041696;155 708 291;7;0;0;7;15;0
202400041696;155 708 292;30;0;0;1;1;0
202400041697;155 708 282;7;0;2;8;9;1
202400041697;155 708 284;7;0;2;2;1;1
202400041698;155 708 281;7;0;2;4;23;1
202400041698;155 708 290;50;0;2;1;1;3
202400041699;155 708 280;33;0;2;1;17;1
202400041699;155 708 283;10;0;0;6;15;1
202400041700;155 708 278;7;0;2;8;24;1
202400041700;155 708 279;37;0;2;5;15;1
202400041701;155 708 276;7;14;0;9;1;1
202400041702;155 708 274;31;0;2;7;3;1
202400041702;155 708 275;7;0;2;0;1;1
202400041703;155 708 272;1;1;0;0;0;5
202400041704;155 708 271;32;0;1;1;1;1
202400041705;155 708 273;7;0;2;7;16;1
202400041705;155 708 277;1;0;2;1;1;5
202400041706;155 708 267;7;0;2;3;15;1
202400041706;155 708 269;7;0;2;7;1;1
202400041707;155 708 268;7;0;0;2;16;1
202400041707;155 708 270;1;0;2;1;2;5
202400041708;155 708 265;1;0;2;1;13;5
202400041708;155 708 266;1;0;2;1;1;5
202400041709;155 708 261;21;0;2;1;19;1
202400041709;155 708 264;7;0;2;3;1;1
202400041710;155 708 260;7;0;2;4;15;1
202400041710;155 708 262;33;0;2;1;1;1
202400041710;155 708 263;33;0;2;1;1;1
202400041711;155 708 258;30;0;1;1;1;3
202400041712;155 708 257;7;0;2;6;15;1
202400041712;155 708 259;7;0;2;3;1;1
202400041713;155 708 256;33;13;0;7;1;1
202400041714;155 708 255;7;2;0;1;0;1
202400041715;155 708 254;36;0;0;9;10;1
202400041716;155 708 252;14;0;2;5;2;1
202400041716;155 708 253;10;14;2;3;2;1
202400041717;155 708 245;7;0;9;2;15;1
202400041717;155 708 247;50;0;2;2;0;3
202400041718;155 708 246;7;0;2;6;1;1
202400041718;155 708 249;30;8;2;1;1;1
202400041719;155 708 242;7;0;2;3;15;1
202400041719;155 708 243;33;0;2;3;1;1
202400041720;155 708 238;7;0;1;4;4;0
202400041721;155 708 239;7;0;2;4;1;1
202400041721;155 708 241;7;0;0;4;0;0
202400041721;155 708 244;7;0;0;0;0;0
202400041721;155 708 248;7;0;2;4;1;1
202400041721;155 708 251;10;0;2;1;1;1
202400041722;155 708 237;7;0;2;3;9;1
202400041722;155 708 240;80;0;2;2;1;3
202400041723;155 708 236;7;0;0;9;1;1
202400041724;155 708 235;33;15;0;8;1;1
202400041725;155 708 229;7;0;0;3;26;3
202400041725;155 708 232;34;0;0;6;21;1
202400041726;155 708 230;34;0;2;1;13;1
202400041726;155 708 233;3;0;2;1;1;1
202400041727;155 708 231;14;0;2;3;15;4
202400041727;155 708 234;30;0;2;2;17;1
202400041728;155 708 228;7;13;0;1;17;1
202400041729;155 708 227;32;12;0;1;13;1
202400041730;155 708 223;7;0;2;3;13;1
202400041730;155 708 226;7;0;2;3;1;1
202400041731;155 708 222;2;0;2;2;17;1
202400041731;155 708 225;7;0;2;6;15;1
202400041732;155 708 224;1;0;1;2;1;5
202400041733;155 708 219;50;0;2;1;1;3
202400041733;155 708 221;7;0;2;1;1;1
202400041734;155 708 218;7;0;2;1;1;1
202400041734;155 708 220;7;0;2;3;15;1
202400041735;155 708 217;7;2;0;9;14;1
202400041736;155 708 215;7;0;2;1;1;1
202400041736;155 708 216;7;0;2;2;9;1
202400041737;155 708 212;33;0;2;1;18;1
202400041737;155 708 213;7;0;2;5;16;1
202400041738;155 708 211;7;0;2;6;23;2
202400041738;155 708 214;2;1;0;1;1;3
202400041739;155 708 210;7;0;1;1;1;1
202400041740;155 708 206;7;2;0;1;1;1
202400041741;155 708 205;60;0;2;3;19;5
202400041741;155 708 208;7;0;2;2;2;1
202400041742;155 708 207;33;0;2;1;17;1
202400041742;155 708 209;7;0;2;6;11;1
202400041743;155 708 201;10;0;2;2;0;1
202400041743;155 708 204;1;0;2;4;2;5
202400041744;155 708 202;50;0;1;8;26;3
202400041745;155 708 200;0;0;2;0;19;0
202400041745;155 708 203;32;0;0;0;0;1
202400041746;155 708 197;33;0;2;6;1;1
202400041746;155 708 199;7;0;2;1;15;1
202400041747;155 708 195;7;0;2;1;0;1
202400041747;155 708 196;7;0;2;1;0;1
202400041747;155 708 198;7;0;2;4;0;1
202400041748;155 708 193;7;0;2;0;0;0
202400041748;155 708 194;7;0;2;6;1;1
202400041749;155 708 192;7;2;0;3;1;1
202400041750;155 708 190;33;0;2;3;3;1
202400041750;155 708 191;7;0;2;3;2;1
202400041751;155 708 188;50;0;1;1;1;3
202400041752;155 708 187;7;0;2;1;15;0
202400041752;155 708 189;7;0;2;1;1;0
202400041753;155 708 185;7;0;2;1;1;1
202400041753;155 708 186;50;0;2;4;1;3
202400041754;155 708 184;7;0;1;4;25;0
202400041755;155 708 182;33;0;2;1;1;1
202400041755;155 708 183;7;0;2;2;15;1
202400041756;155 708 180;50;0;2;2;1;3
202400041756;155 708 181;7;0;2;3;0;1
202400041757;155 708 179;7;0;1;1;16;1
202400041758;155 708 178;0;0;1;1;1;0
202400041759;155 708 177;50;0;0;0;0;3
202400041760;155 708 176;7;0;1;1;9;1
202400041761;155 708 174;7;0;2;7;15;1
202400041761;155 708 175;33;0;2;1;1;1
202400041762;155 708 173;7;0;0;0;26;1
202400041763;155 708 169;7;0;2;3;26;1
202400041763;155 708 171;50;0;2;1;1;3
202400041764;155 708 168;7;16;0;3;1;1
202400041765;155 708 170;33;0;0;3;1;1
202400041765;155 708 172;1;0;2;1;1;5
202400041766;155 708 166;7;0;1;1;1;1
202400041767;155 708 167;2;14;0;1;6;1
202400041768;155 708 164;7;2;0;1;1;1
202400041769;155 708 163;7;0;2;2;17;1
202400041769;155 708 165;7;0;2;6;1;1
202400041770;155 708 161;33;3;0;0;14;1
202400041771;155 708 160;80;12;0;1;6;2
202400041771;155 708 162;7;0;9;1;9;1
202400041772;155 708 157;2;0;2;7;17;1
202400041772;155 708 158;7;0;2;8;15;3
202400041773;155 708 156;33;0;2;8;21;1
202400041773;155 708 159;7;0;2;8;15;2
202400041774;155 708 154;7;0;2;4;23;1
202400041774;155 708 155;32;0;2;1;2;1
202400041775;155 708 151;80;1;0;8;1;3
202400041775;155 708 153;7;0;2;7;22;1
202400041776;155 708 150;7;0;2;8;1;1
202400041776;155 708 152;7;0;2;9;17;1
202400041777;155 708 149;7;0;1;1;26;1
202400041778;155 708 145;50;0;0;0;0;3
202400041778;155 708 147;7;0;0;0;0;2
202400041779;155 708 146;33;0;2;1;13;1
202400041779;155 708 148;7;0;2;1;1;1
202400041780;155 708 144;7;0;1;1;14;1
202400041781;155 708 142;7;0;2;1;1;1
202400041781;155 708 143;10;0;2;1;1;1
202400041782;155 708 141;7;8;0;3;16;1
202400041783;155 708 140;7;13;0;1;2;1
202400041784;155 708 138;2;0;0;0;1;1
202400041785;155 708 137;7;0;2;2;1;0
202400041785;155 708 139;7;0;2;2;15;0
202400041786;155 708 135;7;0;1;1;1;1
202400041787;155 708 134;7;0;2;1;1;1
202400041787;155 708 136;7;0;2;3;9;1
202400041788;155 708 132;7;13;0;3;0;1
202400041789;155 708 127;33;0;2;2;2;0
202400041789;155 708 130;7;0;0;3;20;1
202400041790;155 708 128;7;0;2;1;13;1
202400041790;155 708 131;7;0;2;3;1;1
202400041791;155 708 126;7;0;2;0;15;2
202400041791;155 708 129;7;0;2;4;2;1
202400041791;155 708 133;10;0;2;2;2;3
202400041792;155 708 124;7;0;2;1;1;1
202400041792;155 708 125;1;0;2;5;9;5
202400041793;155 708 122;7;0;2;3;13;1
202400041793;155 708 123;7;0;2;3;1;1
202400041794;155 708 117;7;0;2;3;2;3
202400041794;155 708 119;1;0;2;4;17;5
202400041795;155 708 118;50;0;2;4;2;3
202400041795;155 708 121;7;0;2;1;1;1
202400041796;155 708 115;33;8;0;1;5;1
202400041797;155 708 114;7;0;2;1;1;1
202400041797;155 708 116;7;0;2;1;5;1
202400041797;155 708 120;7;0;2;1;21;2
202400041798;155 708 112;10;0;2;2;0;1
202400041798;155 708 113;7;0;2;6;1;1
202400041799;155 708 109;33;0;2;3;1;1
202400041799;155 708 111;7;0;2;3;9;1
202400041800;155 708 108;7;0;2;1;13;0
202400041800;155 708 110;7;14;2;1;1;1
202400041801;155 708 107;7;2;0;2;1;1
202400041802;155 708 105;7;0;2;2;26;1
202400041802;155 708 106;30;0;2;1;1;3
202400041803;155 708 103;7;6;0;3;14;1
202400041804;155 708 102;80;0;0;1;26;3
202400041805;155 708 100;7;4;0;1;14;1
202400041806;155 708 098;33;0;2;1;1;1
202400041806;155 708 099;7;0;2;5;15;1
202400041807;155 708 097;7;3;2;1;16;1
202400041807;155 708 101;7;0;2;1;1;1
202400041807;155 708 104;10;0;2;2;1;1
202400041808;155 708 095;7;0;2;4;23;1
202400041808;155 708 096;7;0;2;1;1;1
202400041809;155 708 094;7;1;0;3;1;1
202400041810;155 708 091;7;13;0;9;1;1
202400041811;155 708 092;7;0;2;1;1;1
202400041811;155 708 093;7;12;2;2;15;1
202400041812;155 708 089;7;9;0;2;14;1
202400041813;155 708 088;7;0;2;1;15;1
202400041813;155 708 090;30;0;2;2;1;1
202400041814;155 708 085;7;13;0;1;13;1
202400041815;155 708 084;7;0;0;8;15;1
202400041815;155 708 087;32;0;2;1;1;1
202400041816;155 708 083;7;1;0;4;20;0
202400041816;155 708 086;1;0;2;1;2;5
202400041817;155 708 079;33;0;6;1;2;1
202400041817;155 708 081;33;0;6;1;2;1
202400041818;155 708 080;3;0;2;3;1;1
202400041818;155 708 082;7;0;0;3;1;1
202400041819;155 708 074;7;0;2;1;1;1
202400041819;155 708 076;7;0;2;4;1;1
202400041819;155 708 078;7;0;2;4;1;1
202400041820;155 708 073;7;0;0;1;1;1
202400041820;155 708 075;7;0;0;7;1;1
202400041821;155 708 071;7;0;2;3;13;1
202400041821;155 708 072;10;0;2;3;1;1
202400041822;155 708 068;7;0;1;7;1;2
202400041823;155 708 069;7;0;2;1;2;1
202400041823;155 708 070;7;0;2;4;23;1
202400041824;155 708 067;2;0;0;0;1;1
202400041825;155 708 064;7;0;2;2;9;1
202400041825;155 708 065;7;0;2;0;0;1
202400041826;155 708 062;7;0;2;4;1;1
202400041826;155 708 063;7;0;2;4;1;1
202400041826;155 708 066;10;0;2;1;1;1
202400041827;155 708 061;7;13;0;8;0;1
202400041828;155 708 060;1;0;0;0;0;5
202400041829;155 708 058;7;13;0;9;1;1
202400041830;155 708 055;7;0;2;4;2;-1
202400041830;155 708 056;33;0;2;1;2;1
202400041831;155 708 054;33;0;0;0;16;1
202400041832;155 708 052;33;0;0;1;1;1
202400041833;155 708 050;7;13;0;6;1;2
202400041833;155 708 053;7;13;0;1;1;1
202400041834;155 708 049;7;0;2;2;17;1
202400041834;155 708 051;7;15;2;8;1;1
202400041835;155 708 047;30;0;2;2;17;3
202400041835;155 708 048;7;0;2;3;15;2
202400041836;155 708 046;33;4;0;1;1;1
202400041837;155 708 043;7;1;2;1;2;1
202400041837;155 708 045;7;1;0;4;0;1
202400041838;155 708 042;33;13;0;1;1;1
202400041839;155 708 040;7;0;2;2;1;1
202400041839;155 708 041;7;0;2;6;23;3
202400041839;155 708 044;43;0;2;2;16;1
202400041840;155 708 036;7;0;2;1;2;1
202400041840;155 708 038;10;0;2;1;2;1
202400041840;155 708 039;10;0;2;4;23;1
202400041841;155 708 037;7;4;0;2;13;1
202400041842;155 708 034;15;0;2;2;1;1
202400041842;155 708 035;33;0;2;4;23;1
202400041843;155 708 032;7;13;0;1;16;1
202400041844;155 708 031;7;0;2;1;1;1
202400041844;155 708 033;2;0;2;8;19;1
202400041845;155 708 028;33;0;2;1;0;1
202400041845;155 708 030;10;0;2;0;0;0
202400041846;155 708 027;7;0;2;2;15;2
202400041846;155 708 029;32;0;2;8;1;1
202400041847;155 708 026;31;0;0;0;0;1
202400041848;155 708 025;7;0;2;1;17;1
202400041849;155 708 022;7;2;0;3;19;1
202400041850;155 708 023;50;0;2;7;19;3
202400041850;155 708 024;1;0;2;1;1;5
202400041851;155 708 019;7;0;2;4;23;1
202400041851;155 708 020;7;0;2;0;23;2
202400041851;155 708 021;10;0;2;1;1;1
202400041852;155 708 018;33;0;0;1;1;1
202400041853;155 708 017;50;0;1;1;1;3
202400041854;155 708 010;7;0;2;7;1;1
202400041854;155 708 011;7;0;2;6;0;2
202400041854;155 708 014;7;0;2;1;1;1
202400041854;155 708 015;7;0;2;1;1;1
202400041855;155 708 009;7;0;2;1;1;1
202400041855;155 708 013;10;0;0;4;23;1
202400041856;155 708 008;10;0;2;4;23;1
202400041856;155 708 012;80;0;2;1;1;3
202400041857;155 708 005;7;0;2;5;1;1
202400041857;155 708 007;7;0;2;0;1;1
202400041858;155 708 004;7;0;2;2;15;1
202400041858;155 708 006;33;0;2;1;17;0
202400041859;155 708 002;1;0;2;8;9;5
202400041859;155 708 003;1;0;2;7;1;5
202400041860;155 708 001;7;0;2;1;26;1
202400041861;155 707 999;7;0;0;4;2;1
202400041861;155 708 000;0;0;2;1;1;1
202400041862;155 707 997;7;0;2;1;1;1
202400041862;155 707 998;7;0;2;4;1;1
202400041863;155 707 996;43;0;1;1;5;1
202400041864;155 707 994;30;0;2;1;15;1
202400041864;155 707 995;7;0;2;3;1;1
202400041865;155 707 992;7;0;2;1;2;1
202400041865;155 707 993;7;0;2;3;0;1
202400041866;155 707 991;7;0;1;7;1;1
202400041867;155 707 989;7;2;0;7;14;1
202400041868;155 707 990;7;6;0;8;1;1
202400041869;155 707 987;7;4;0;6;1;1
202400041870;155 707 985;7;17;0;1;1;1
202400041871;155 707 986;7;0;2;1;1;1
202400041871;155 707 988;7;0;2;4;1;2
202400041872;155 707 983;50;1;0;0;26;3
202400041873;155 707 982;33;4;2;1;3;1
202400041873;155 707 984;7;4;2;5;1;1
202400041874;155 707 981;7;2;0;9;14;1
202400041875;155 707 980;33;0;0;7;14;1
202400041876;155 707 978;34;0;0;0;0;1
202400041877;155 707 977;7;0;2;2;17;1
202400041877;155 707 979;1;0;2;4;13;5
202400041878;155 707 975;43;0;2;0;2;1
202400041878;155 707 976;7;0;2;4;11;2
202400041879;155 707 971;7;0;2;1;15;3
202400041879;155 707 973;33;0;2;1;1;1
202400041880;155 707 972;13;0;0;6;15;1
202400041880;155 707 974;34;0;2;2;2;1
202400041881;155 707 970;7;13;0;1;21;1
202400041882;155 707 969;33;3;0;1;1;1
202400041883;155 707 967;7;3;0;3;0;1
202400041884;155 707 966;33;0;2;2;1;1
202400041884;155 707 968;7;0;2;3;20;1
202400041885;155 707 963;30;0;9;0;1;0
202400041885;155 707 964;30;0;9;0;15;0
202400041886;155 707 961;7;0;0;9;0;1
202400041887;155 707 957;33;0;2;1;2;1
202400041887;155 707 959;7;0;2;4;2;1
202400041888;155 707 960;7;0;2;3;1;1
202400041888;155 707 962;43;0;2;2;15;1
202400041889;155 707 956;7;0;2;5;17;1
202400041889;155 707 958;1;0;2;9;1;5
202400041890;155 707 952;7;0;2;4;1;1
202400041890;155 707 955;7;0;2;2;2;1
202400041891;155 707 953;7;0;0;0;0;1
202400041892;155 707 949;7;0;2;4;1;1
202400041892;155 707 951;10;0;2;1;2;1
202400041893;155 707 950;15;0;2;3;1;1
202400041893;155 707 954;7;0;2;1;13;1
202400041894;155 707 948;33;3;0;2;1;1
202400041895;155 707 946;7;0;1;1;1;1
202400041896;155 707 944;7;2;0;8;1;1
202400041897;155 707 945;2;0;2;1;1;1
202400041897;155 707 947;7;0;2;6;15;1
202400041898;155 707 942;7;16;0;9;1;1
202400041899;155 707 941;1;0;2;1;1;5
202400041899;155 707 943;7;0;9;2;15;1
202400041900;155 707 937;33;0;2;2;15;1
202400041900;155 707 940;7;0;2;1;1;1
202400041901;155 707 935;7;0;2;2;1;1
202400041901;155 707 939;80;0;2;1;9;3
202400041902;155 707 936;7;0;2;8;9;1
202400041902;155 707 938;7;0;2;1;1;1
202400041903;155 707 930;7;0;2;1;3;1
202400041903;155 707 932;31;0;0;4;1;1
202400041904;155 707 931;7;0;2;3;15;1
202400041904;155 707 934;30;0;2;1;1;1
202400041905;155 707 929;1;0;2;1;19;5
202400041905;155 707 933;7;0;2;3;1;1
202400041906;155 707 926;1;0;1;1;1;5
202400041907;155 707 925;7;0;2;7;25;1
202400041907;155 707 927;31;0;2;1;1;1
202400041908;155 707 924;2;0;2;1;1;0
202400041908;155 707 928;7;0;2;3;15;0
202400041909;155 707 923;7;10;0;1;1;1
202400041910;155 707 921;7;0;1;7;26;1
202400041911;155 707 920;7;0;2;6;0;2
202400041911;155 707 922;33;0;2;1;2;1
202400041912;155 707 919;33;0;0;7;0;1
202400041913;155 707 918;7;9;0;1;13;1
202400041914;155 707 916;7;0;1;1;19;4
202400041915;155 707 914;7;0;2;6;2;3
202400041915;155 707 917;33;0;2;7;2;1
202400041916;155 707 913;10;0;2;6;13;6
202400041916;155 707 915;7;0;2;6;23;0
202400041917;155 707 910;33;0;2;8;1;1
202400041917;155 707 912;7;0;2;7;14;0
202400041918;155 707 908;1;0;1;1;1;5
202400041919;155 707 909;1;0;2;1;1;5
202400041919;155 707 911;7;0;2;2;15;1
202400041920;155 707 907;2;0;0;8;1;3
202400041921;155 707 904;7;0;2;1;1;2
202400041921;155 707 905;7;0;2;5;1;2
202400041922;155 707 903;7;1;2;7;13;1
202400041922;155 707 906;7;0;2;7;23;2
202400041923;155 707 901;7;0;2;1;1;1
202400041923;155 707 902;32;0;2;8;1;3
202400041924;155 707 899;2;0;0;0;1;0
202400041925;155 707 898;7;0;2;5;1;1
202400041925;155 707 900;7;0;2;1;1;0
202400041926;155 707 897;32;0;0;2;1;1
202400041927;155 707 896;2;0;1;1;6;1
202400041928;155 707 895;43;3;0;7;1;1
202400041929;155 707 890;7;0;2;7;21;1
202400041929;155 707 891;1;0;2;8;2;5
202400041929;155 707 893;1;0;2;8;2;5
202400041930;155 707 889;7;0;2;1;26;1
202400041930;155 707 892;10;0;2;1;2;1
202400041931;155 707 888;7;0;2;3;15;1
202400041931;155 707 894;7;0;2;1;1;1
202400041932;155 707 886;7;0;2;4;2;1
202400041932;155 707 887;7;0;2;1;2;1
202400041933;155 707 885;33;17;0;1;14;1
202400041934;155 707 884;7;13;0;3;1;1
202400041935;155 707 881;33;0;2;1;3;1
202400041935;155 707 883;7;0;2;6;11;1
202400041936;155 707 880;33;0;0;9;1;1
202400041937;155 707 878;7;0;2;1;1;1
202400041937;155 707 879;2;0;2;4;1;1
202400041938;155 707 876;7;0;1;3;1;1
202400041939;155 707 875;2;0;2;1;1;1
202400041939;155 707 882;7;0;2;3;1;1
202400041940;155 707 872;7;0;2;0;13;1
202400041940;155 707 874;7;0;2;1;1;1
202400041941;155 707 873;7;0;2;1;13;1
202400041941;155 707 877;7;0;2;4;1;2
202400041942;155 707 868;7;0;2;5;15;1
202400041942;155 707 871;33;0;2;1;1;1
202400041943;155 707 865;1;0;2;7;1;5
202400041943;155 707 869;7;0;2;1;1;1
202400041944;155 707 866;7;0;2;1;5;1
202400041944;155 707 870;7;0;2;1;1;1
202400041945;155 707 864;32;0;2;1;3;1
202400041945;155 707 867;7;0;2;5;12;1
202400041946;155 707 860;7;0;2;8;1;1
202400041946;155 707 863;33;0;2;8;1;1
202400041947;155 707 859;15;0;2;2;0;1
202400041947;155 707 862;7;0;2;1;5;1
202400041948;155 707 857;7;0;2;3;16;1
202400041948;155 707 861;7;0;2;3;23;1
202400041949;155 707 858;7;0;1;2;1;1
202400041950;155 707 855;7;0;2;1;19;1
202400041950;155 707 856;2;0;2;2;1;1
202400041951;155 707 853;30;0;1;1;26;1
202400041952;155 707 854;7;0;0;1;1;1
202400041953;155 707 847;7;0;2;1;2;1
202400041953;155 707 851;1;0;2;4;2;5
202400041954;155 707 849;31;0;2;1;2;1
202400041954;155 707 852;7;0;2;6;10;1
202400041955;155 707 845;7;0;2;1;5;1
202400041955;155 707 850;7;0;2;7;2;1
202400041956;155 707 846;10;0;2;1;1;1
202400041956;155 707 848;31;0;2;5;9;1
202400041957;155 707 842;7;0;2;2;19;1
202400041957;155 707 844;1;0;2;3;1;5
202400041958;155 707 839;7;0;2;2;21;1
202400041958;155 707 843;7;0;2;2;0;1
202400041959;155 707 838;99;0;2;5;15;1
202400041959;155 707 840;31;0;2;4;21;0
202400041960;155 707 834;7;0;2;1;15;1
202400041960;155 707 837;7;1;2;6;1;1
202400041961;155 707 835;32;0;2;1;1;1
202400041961;155 707 836;7;0;2;7;15;1
202400041962;155 707 833;3;1;1;1;20;1
202400041963;155 707 831;7;0;1;1;0;0
202400041964;155 707 829;10;0;2;1;1;1
202400041964;155 707 832;1;0;2;1;1;5
202400041965;155 707 828;21;0;2;3;9;1
202400041965;155 707 830;2;0;2;1;1;1
202400041966;155 707 827;30;0;0;8;1;1
202400041967;155 707 825;1;0;1;0;0;5
202400041968;155 707 823;7;0;2;1;15;1
202400041968;155 707 826;2;0;2;7;15;1
202400041969;155 707 820;7;8;0;3;0;1
202400041969;155 707 824;7;0;2;2;1;1
202400041970;155 707 817;7;0;2;3;16;1
202400041970;155 707 819;7;0;2;3;1;2
202400041970;155 707 822;7;0;2;7;15;2
202400041971;155 707 816;43;0;1;2;17;1
202400041972;155 707 818;7;0;2;2;10;1
202400041972;155 707 821;33;0;2;3;1;1
202400041973;155 707 815;2;14;0;3;1;1
202400041974;155 707 810;7;0;2;3;13;1
202400041974;155 707 814;33;0;2;1;3;1
202400041975;155 707 812;7;0;1;1;1;1
202400041976;155 707 809;7;0;2;1;15;1
202400041976;155 707 813;33;0;2;0;1;1
202400041977;155 707 808;7;0;2;3;13;1
202400041977;155 707 811;43;0;2;1;1;1
202400041978;155 707 805;1;0;2;1;1;5
202400041978;155 707 807;1;0;2;1;1;5
202400041979;155 707 804;10;0;2;1;2;1
202400041979;155 707 806;7;0;2;4;2;2
202400041980;155 707 802;10;0;0;3;1;1
202400041980;155 707 803;10;0;0;3;1;1
202400041981;155 707 800;10;0;1;3;15;1
202400041982;155 707 798;7;0;2;3;15;1
202400041982;155 707 801;50;0;2;1;1;3
202400041983;155 707 797;7;0;2;2;1;1
202400041983;155 707 799;60;0;2;3;1;5
202400041984;155 707 793;7;13;2;1;2;1