Num_Acc;id_vehicule;catv;obs;obsm;choc;manv;motor
202400042342;155 707 185;50;0;2;7;19;3
202400042343;155 707 182;7;0;1;3;20;1
202400042344;155 707 181;36;0;0;2;1;1
202400042345;155 707 178;7;2;0;2;14;1
202400042346;155 707 174;7;0;2;3;23;1
202400042346;155 707 175;7;0;2;1;23;1
202400042346;155 707 176;7;0;2;1;1;1
202400042346;155 707 177;7;7;2;8;1;1
202400042347;155 707 179;7;12;2;3;9;1
202400042347;155 707 180;33;12;2;7;16;1
202400042348;155 707 173;7;2;0;9;14;1
202400042349;155 707 170;10;0;2;3;15;1
202400042349;155 707 172;33;0;2;7;17;1
202400042350;155 707 167;1;1;0;1;1;5
202400042350;155 707 168;7;0;0;4;23;1
202400042351;155 707 166;2;1;0;1;14;1
202400042352;155 707 164;7;0;2;3;1;1
202400042352;155 707 169;10;0;2;8;3;1
202400042353;155 707 162;7;8;0;1;14;1
202400042354;155 707 160;7;8;0;9;1;1
202400042355;155 707 159;7;0;2;3;1;1
202400042355;155 707 161;7;0;2;3;13;3
202400042356;155 707 154;7;12;0;3;1;1
202400042357;155 707 157;7;0;2;7;15;1
202400042357;155 707 158;33;0;2;1;1;1
202400042358;155 707 153;33;0;2;1;3;1
202400042358;155 707 156;7;0;2;5;1;2
202400042359;155 707 151;7;3;0;2;16;1
202400042360;155 707 149;7;0;2;3;9;1
202400042360;155 707 152;7;0;2;7;1;1
202400042361;155 707 147;7;0;0;0;13;0
202400042361;155 707 148;7;0;2;8;1;1
202400042362;155 707 145;7;0;1;7;16;1
202400042363;155 707 144;7;0;2;2;1;1
202400042363;155 707 146;2;0;2;3;1;3
202400042364;155 707 139;7;0;2;1;26;1
202400042364;155 707 141;7;0;2;4;2;1
202400042364;155 707 150;7;0;2;4;2;3
202400042365;155 707 137;7;0;2;1;2;1
202400042365;155 707 142;7;0;2;4;2;3
202400042365;155 707 143;7;0;2;4;2;2
202400042366;155 707 136;50;0;2;1;1;3
202400042366;155 707 140;7;0;2;3;0;0
202400042367;155 707 135;10;0;2;1;1;1
202400042367;155 707 138;7;0;2;1;13;1
202400042368;155 707 131;7;0;2;3;15;1
202400042368;155 707 134;1;0;2;8;1;5
202400042369;155 707 132;10;8;0;1;13;1
202400042370;155 707 130;7;0;2;1;1;1
202400042370;155 707 133;7;0;2;6;1;1
202400042371;155 707 129;7;0;1;1;16;1
202400042372;155 707 126;1;2;0;0;0;5
202400042372;155 707 128;3;2;0;0;0;1
202400042373;155 707 125;7;0;2;2;1;1
202400042374;155 707 124;7;0;2;7;0;1
202400042374;155 707 127;7;0;2;2;16;2
202400042375;155 707 122;7;0;2;8;20;1
202400042375;155 707 123;30;0;2;1;1;1
202400042376;155 707 119;7;0;2;1;1;1
202400042376;155 707 120;7;0;2;4;1;1
202400042377;155 707 118;7;0;2;3;15;1
202400042377;155 707 121;7;0;2;1;1;1
202400042378;155 707 117;30;1;0;1;14;1
202400042379;155 707 112;14;0;2;2;1;1
202400042379;155 707 114;7;0;2;3;22;2
202400042380;155 707 111;30;0;2;1;1;1
202400042380;155 707 115;7;0;2;3;26;1
202400042381;155 707 110;7;0;2;6;1;1
202400042381;155 707 113;7;0;2;4;1;1
202400042381;155 707 116;7;0;2;2;2;1
202400042382;155 707 107;7;0;2;4;0;1
202400042382;155 707 109;7;0;2;1;1;1
202400042383;155 707 108;7;0;1;2;1;1
202400042384;155 707 105;32;0;2;3;1;3
202400042384;155 707 106;7;0;2;7;1;2
202400042385;155 707 104;1;0;9;1;15;5
202400042386;155 707 102;30;0;2;1;1;1
202400042386;155 707 103;7;0;2;3;15;1
202400042387;155 707 100;30;1;0;1;1;1
202400042388;155 707 099;7;0;2;5;14;1
202400042388;155 707 101;7;0;2;3;1;1
202400042389;155 707 096;7;0;2;5;15;0
202400042389;155 707 098;30;0;-1;1;2;0
202400042390;155 707 094;7;14;0;1;1;1
202400042390;155 707 097;7;0;2;6;23;1
202400042391;155 707 093;10;0;2;1;2;1
202400042391;155 707 095;7;0;2;4;1;1
202400042392;155 707 092;7;0;1;1;1;1
202400042393;155 707 089;7;0;2;1;2;1
202400042393;155 707 090;7;0;2;4;2;1
202400042394;155 707 088;7;0;2;8;15;1
202400042394;155 707 091;7;0;2;3;1;1
202400042395;155 707 086;7;3;0;3;13;1
202400042396;155 707 085;7;0;2;7;1;1
202400042396;155 707 087;7;0;2;1;1;1
202400042397;155 707 083;7;8;2;8;1;1
202400042397;155 707 084;7;0;2;7;17;2
202400042398;155 707 078;7;0;2;5;12;2
202400042398;155 707 080;37;0;2;3;1;1
202400042399;155 707 075;7;0;2;4;2;1
202400042399;155 707 076;15;0;2;1;2;0
202400042399;155 707 079;7;0;2;1;2;0
202400042399;155 707 081;7;0;2;4;2;1
202400042399;155 707 082;7;0;2;4;2;1
202400042400;155 707 073;7;0;2;3;15;1
202400042400;155 707 077;7;0;2;2;1;1
202400042401;155 707 072;34;0;2;2;0;1
202400042401;155 707 074;7;0;2;5;15;1
202400042402;155 707 069;33;0;2;7;1;1
202400042402;155 707 071;7;0;2;3;11;1
202400042403;155 707 068;1;0;2;1;1;5
202400042403;155 707 070;50;0;2;1;5;3
202400042404;155 707 067;30;0;1;7;0;3
202400042405;155 707 065;50;0;0;0;1;3
202400042406;155 707 066;10;0;1;1;15;1
202400042407;155 707 063;7;0;2;1;2;1
202400042407;155 707 064;7;4;2;6;2;1
202400042408;155 707 060;7;4;0;1;14;1
202400042409;155 707 059;7;0;2;3;1;1
202400042409;155 707 061;50;0;2;1;26;3
202400042410;155 707 056;7;0;2;2;1;1
202400042410;155 707 058;7;0;2;2;1;2
202400042411;155 707 055;33;0;2;1;1;1
202400042411;155 707 057;7;0;2;8;15;1
202400042412;155 707 054;38;0;1;1;15;1
202400042413;155 707 051;7;0;0;0;1;1
202400042413;155 707 053;50;0;2;1;1;3
202400042414;155 707 048;33;0;9;0;0;1
202400042414;155 707 050;7;0;2;8;1;1
202400042414;155 707 052;31;0;2;7;0;1
202400042415;155 707 047;7;0;0;1;1;1
202400042415;155 707 049;7;0;2;7;2;3
202400042416;155 707 041;32;0;2;1;2;1
202400042416;155 707 044;7;0;2;6;2;1
202400042417;155 707 042;7;0;2;1;26;1
202400042417;155 707 045;2;0;2;7;1;3
202400042418;155 707 036;7;1;0;1;1;1
202400042418;155 707 039;7;0;2;4;23;1
202400042418;155 707 040;7;0;2;4;23;1
202400042418;155 707 043;7;0;2;1;1;1
202400042419;155 707 034;2;0;2;8;9;1
202400042419;155 707 037;7;0;2;5;14;1
202400042420;155 707 035;34;0;2;8;18;1
202400042420;155 707 038;7;0;2;7;16;1
202400042421;155 707 033;7;12;0;1;1;1
202400042422;155 707 031;50;0;1;1;1;3
202400042423;155 707 029;7;0;2;0;1;0
202400042423;155 707 032;32;12;2;4;1;1
202400042424;155 707 027;7;0;2;1;1;1
202400042424;155 707 028;7;0;2;4;23;1
202400042424;155 707 030;7;0;2;4;23;1
202400042425;155 707 026;10;0;1;5;4;1
202400042426;155 707 024;2;0;2;2;0;3
202400042426;155 707 025;7;0;2;1;0;1
202400042427;155 707 022;1;0;1;1;10;5
202400042428;155 707 023;33;0;1;1;2;1
202400042429;155 707 020;7;0;2;4;1;1
202400042429;155 707 021;31;0;2;1;1;1
202400042430;155 707 017;34;0;2;8;13;0
202400042430;155 707 019;31;0;2;8;1;1
202400042431;155 707 016;10;0;2;2;14;1
202400042431;155 707 018;1;0;2;8;1;5
202400042432;155 707 015;37;0;1;0;23;1
202400042433;155 707 012;33;0;2;7;1;1
202400042433;155 707 014;7;0;2;0;26;1
202400042434;155 707 011;7;0;2;0;0;0
202400042434;155 707 013;7;0;2;0;0;1
202400042435;155 707 010;7;0;1;2;1;1
202400042436;155 707 009;7;9;0;2;1;1
202400042437;155 707 008;7;0;0;1;2;2
202400042438;155 707 006;7;0;1;3;1;1
202400042439;155 707 002;7;0;2;3;9;1
202400042439;155 707 005;7;0;2;3;1;1
202400042440;155 707 000;7;0;2;3;16;2
202400042440;155 707 003;2;0;2;1;13;3
202400042441;155 706 996;1;0;1;1;1;5
202400042442;155 706 995;7;0;2;1;5;1
202400042442;155 706 998;7;0;2;1;1;1
202400042443;155 706 994;7;0;2;1;2;1
202400042443;155 706 997;33;0;2;4;2;1
202400042444;155 706 992;7;0;1;3;20;1
202400042445;155 706 989;33;0;2;1;1;1
202400042445;155 706 993;7;0;2;3;15;1
202400042446;155 706 990;10;0;2;1;0;1
202400042446;155 706 991;33;0;2;0;0;1
202400042447;155 706 988;7;0;1;1;1;2
202400042448;155 706 986;7;0;1;2;1;1
202400042449;155 706 985;37;0;2;2;1;1
202400042449;155 706 987;14;0;2;0;0;1
202400042450;155 706 983;7;0;1;1;16;2
202400042451;155 706 982;32;0;2;0;5;0
202400042451;155 706 984;32;0;2;4;1;1
202400042452;155 706 979;1;0;1;1;1;5
202400042453;155 706 978;50;0;1;1;0;3
202400042454;155 706 977;7;0;2;1;2;1
202400042454;155 706 980;7;0;2;1;5;1
202400042454;155 706 981;7;0;2;1;2;1
202400042455;155 706 974;50;0;2;1;25;3
202400042455;155 706 976;7;0;2;1;20;1
202400042456;155 706 973;7;0;0;3;1;2
202400042456;155 706 975;31;0;2;1;1;1
202400042457;155 706 972;7;0;1;3;14;1
202400042458;155 706 971;10;0;2;1;1;1
202400042459;155 706 968;7;0;2;1;0;1
202400042459;155 706 970;7;0;2;4;1;1
202400042460;155 706 967;7;0;2;4;2;1
202400042460;155 706 969;7;0;2;1;2;2
202400042461;155 706 965;33;0;2;5;1;1
202400042461;155 706 966;7;0;2;3;9;1
202400042462;155 706 961;7;0;2;3;1;1
202400042462;155 706 963;7;0;2;3;1;1
202400042463;155 706 962;7;0;2;0;1;1
202400042463;155 706 964;7;12;0;1;9;1
202400042464;155 706 960;7;0;1;3;15;1
202400042465;155 706 959;36;0;0;9;26;1
202400042466;155 706 957;32;0;2;1;1;1
202400042466;155 706 958;7;0;2;3;9;1
202400042467;155 706 955;7;2;0;1;1;1
202400042468;155 706 956;7;0;1;1;1;1
202400042469;155 706 953;7;8;0;1;2;1
202400042470;155 706 954;7;0;1;2;1;1
202400042471;155 706 951;2;0;2;3;26;1
202400042471;155 706 952;7;0;2;3;0;1
202400042472;155 706 950;36;13;0;3;1;1
202400042473;155 706 949;7;1;1;3;1;1
202400042474;155 706 946;33;0;2;8;10;1
202400042474;155 706 947;2;0;2;1;1;1
202400042475;155 706 945;50;0;2;1;1;3
202400042475;155 706 948;7;0;2;3;16;0
202400042476;155 706 944;7;0;1;1;18;0
202400042477;155 706 942;7;0;2;1;15;1
202400042477;155 706 943;1;0;2;1;1;5
202400042478;155 706 941;7;0;1;3;1;1
202400042479;155 706 940;10;0;1;3;15;1
202400042480;155 706 935;7;0;2;1;2;1
202400042480;155 706 938;7;3;0;4;2;1
202400042481;155 706 937;32;0;2;1;11;1
202400042481;155 706 939;7;0;9;0;15;2
202400042482;155 706 934;7;0;2;1;1;1
202400042482;155 706 936;7;0;2;8;1;1
202400042483;155 706 933;33;0;0;0;17;1
202400042484;155 706 932;50;1;0;1;13;3
202400042485;155 706 931;7;0;1;3;9;1
202400042486;155 706 930;21;0;6;8;1;1
202400042487;155 706 923;7;0;2;3;13;1
202400042487;155 706 928;15;0;2;0;0;1
202400042487;155 706 929;7;0;2;8;21;2
202400042488;155 706 922;7;0;0;1;0;0
202400042488;155 706 925;7;0;0;4;1;1
202400042488;155 706 927;7;0;2;1;1;0
202400042489;155 706 921;7;0;2;1;2;1
202400042489;155 706 924;1;0;2;4;2;5
202400042489;155 706 926;1;0;2;4;2;5
202400042490;155 706 920;10;0;1;2;1;1
202400042491;155 706 919;7;13;0;1;1;1
202400042492;155 706 918;7;0;0;0;0;-1
202400042493;155 706 914;7;0;2;8;17;2
202400042493;155 706 917;1;0;2;1;1;5
202400042494;155 706 913;7;0;9;3;1;1
202400042494;155 706 916;1;0;2;7;1;5
202400042495;155 706 911;7;0;2;1;1;2
202400042495;155 706 915;32;0;2;4;23;1
202400042496;155 706 908;2;0;2;4;1;1
202400042496;155 706 910;7;0;0;1;1;0
202400042497;155 706 909;1;0;2;7;19;5
202400042497;155 706 912;7;0;2;1;1;1
202400042498;155 706 905;7;0;1;2;1;1
202400042499;155 706 904;7;0;2;2;2;1
202400042499;155 706 907;1;0;2;4;2;5
202400042500;155 706 903;7;0;0;3;1;0
202400042500;155 706 906;7;0;2;3;13;1
202400042501;155 706 902;7;0;1;3;0;1
202400042502;155 706 899;7;0;2;1;9;1
202400042502;155 706 901;7;0;2;7;1;1
202400042503;155 706 897;7;0;2;1;1;1
202400042503;155 706 900;7;0;2;2;19;1
202400042504;155 706 896;2;0;2;3;1;3
202400042504;155 706 898;10;0;2;3;15;1
202400042505;155 706 894;80;0;2;0;1;3
202400042505;155 706 895;10;0;2;7;17;1
202400042506;155 706 893;7;13;0;3;9;1
202400042507;155 706 892;15;0;1;2;1;1
202400042508;155 706 890;7;6;0;2;14;1
202400042509;155 706 888;2;0;2;1;1;1
202400042509;155 706 889;7;0;0;5;15;1
202400042509;155 706 891;7;0;2;3;1;1
202400042510;155 706 886;3;0;1;3;18;3
202400042511;155 706 887;33;14;6;1;1;1
202400042512;155 706 885;7;1;0;2;1;1
202400042513;155 706 884;7;2;0;1;1;1
202400042514;155 706 882;1;13;0;0;13;5
202400042515;155 706 881;10;13;0;9;1;1
202400042516;155 706 880;7;0;2;3;1;1
202400042516;155 706 883;7;0;2;1;1;1
202400042517;155 706 879;2;1;0;7;1;1
202400042518;155 706 877;2;7;0;1;1;1
202400042519;155 706 875;7;0;2;1;2;1
202400042519;155 706 878;2;0;0;4;2;1
202400042520;155 706 874;7;0;2;2;15;1
202400042520;155 706 876;30;0;2;1;1;0
202400042521;155 706 871;7;6;0;1;16;1
202400042522;155 706 869;7;0;2;1;23;1
202400042522;155 706 872;1;0;2;1;17;5
202400042523;155 706 868;33;0;0;7;1;1
202400042524;155 706 865;33;0;2;1;2;1
202400042524;155 706 867;7;0;2;3;10;1
202400042525;155 706 864;7;0;2;1;15;1
202400042525;155 706 866;7;0;2;1;1;1
202400042526;155 706 861;7;13;0;2;0;1
202400042527;155 706 860;33;0;2;7;15;1
202400042527;155 706 863;7;0;2;1;1;1
202400042528;155 706 858;7;0;2;7;13;1
202400042528;155 706 859;7;0;2;4;1;1
202400042528;155 706 862;7;0;2;3;15;1
202400042529;155 706 855;7;0;2;8;15;1
202400042529;155 706 857;7;0;2;1;1;1
202400042530;155 706 854;7;0;2;1;1;1
202400042530;155 706 856;7;0;2;8;11;1
202400042531;155 706 853;10;0;1;3;15;1
202400042532;155 706 851;21;7;0;1;1;1
202400042533;155 706 850;7;0;2;1;1;2
202400042533;155 706 852;7;0;2;1;13;1
202400042534;155 706 849;7;0;1;3;1;1
202400042535;155 706 846;7;0;2;3;13;1
202400042535;155 706 848;2;0;2;1;13;1
202400042536;155 706 847;10;13;0;2;1;1
202400042537;155 706 843;7;0;1;4;20;1
202400042538;155 706 842;1;0;2;0;1;5
202400042538;155 706 844;7;0;2;0;1;0
202400042539;155 706 841;10;0;2;3;9;3
202400042539;155 706 845;50;0;2;1;15;3
202400042540;155 706 840;33;13;0;2;2;1
202400042541;155 706 837;21;0;2;1;15;1
202400042541;155 706 839;7;0;2;8;1;1
202400042542;155 706 836;33;13;0;1;1;1
202400042543;155 706 835;1;0;2;7;1;5
202400042543;155 706 838;7;0;2;1;1;1
202400042544;155 706 831;7;0;2;1;1;1
202400042544;155 706 834;7;0;2;1;11;1
202400042545;155 706 830;7;0;2;3;13;1
202400042545;155 706 833;7;0;2;3;1;1
202400042546;155 706 829;50;0;2;1;1;3
202400042546;155 706 832;50;0;2;8;1;3
202400042547;155 706 825;7;13;0;1;1;1
202400042548;155 706 824;7;0;2;7;1;2
202400042548;155 706 827;2;0;2;1;1;1
202400042549;155 706 822;7;4;0;9;1;1
202400042549;155 706 823;7;4;2;3;13;1
202400042549;155 706 826;7;0;0;6;1;3
202400042549;155 706 828;10;0;9;0;1;1
202400042550;155 706 819;7;17;0;1;17;1
202400042551;155 706 818;7;0;2;1;13;1
202400042551;155 706 821;10;0;2;1;1;1
202400042552;155 706 817;7;0;2;8;16;1
202400042552;155 706 820;7;0;2;1;1;1
202400042553;155 706 814;7;3;2;0;1;1
202400042553;155 706 816;7;3;2;0;17;1
202400042554;155 706 815;7;2;0;3;13;1
202400042555;155 706 813;7;0;1;2;15;1
202400042556;155 706 811;7;16;0;0;1;1
202400042557;155 706 812;2;0;0;0;21;1
202400042558;155 706 810;50;0;0;0;1;3
202400042559;155 706 809;7;6;0;8;13;1
202400042560;155 706 808;7;15;0;3;13;1
202400042561;155 706 805;7;0;0;0;1;1
202400042562;155 706 804;7;0;2;2;1;2
202400042562;155 706 806;7;0;2;1;13;1
202400042563;155 706 803;3;0;2;2;9;1
202400042563;155 706 807;30;0;2;2;17;1
202400042564;155 706 800;1;0;2;1;2;5
202400042564;155 706 802;7;0;0;4;2;1
202400042565;155 706 799;7;0;2;1;1;1
202400042565;155 706 801;33;0;2;1;1;1
202400042566;155 706 798;7;8;0;1;1;1
202400042567;155 706 797;7;3;1;3;2;1
202400042568;155 706 796;7;6;0;1;1;1
202400042569;155 706 794;7;0;2;7;15;1
202400042569;155 706 795;33;0;2;1;8;1
202400042570;155 706 793;31;0;0;0;1;1
202400042571;155 706 790;2;0;2;1;1;1
202400042571;155 706 792;7;0;2;3;11;1
202400042572;155 706 788;33;0;2;1;11;1
202400042572;155 706 791;10;0;2;3;1;1
202400042573;155 706 787;31;0;2;8;26;3
202400042573;155 706 789;7;0;2;3;26;1
202400042574;155 706 786;33;1;0;1;1;1
202400042575;155 706 785;7;0;1;2;1;1
202400042576;155 706 783;7;0;0;3;1;1
202400042576;155 706 784;50;0;0;1;1;3
202400042577;155 706 781;7;0;0;1;15;1
202400042578;155 706 779;7;0;2;1;9;1
202400042578;155 706 782;50;0;2;7;26;3
202400042579;155 706 777;7;0;2;1;1;1
202400042579;155 706 780;7;0;0;7;1;3
202400042580;155 706 774;10;0;2;3;1;1
202400042580;155 706 778;7;0;0;1;1;1
202400042581;155 706 775;33;0;2;1;2;1
202400042581;155 706 776;7;0;0;4;2;1
202400042582;155 706 771;31;0;0;8;1;1
202400042583;155 706 770;7;0;1;1;15;1
202400042584;155 706 769;7;0;2;1;0;1
202400042584;155 706 772;10;14;2;2;0;1
202400042585;155 706 767;7;0;1;1;1;2
202400042586;155 706 765;7;0;1;2;1;1
202400042587;155 706 764;7;0;2;1;2;1
202400042587;155 706 766;7;0;2;5;2;1
202400042587;155 706 768;7;0;0;4;2;1
202400042588;155 706 762;33;0;2;3;1;1
202400042588;155 706 763;7;0;0;1;1;1
202400042589;155 706 759;7;0;0;4;2;1
202400042589;155 706 760;7;0;0;4;2;1
202400042590;155 706 758;33;0;2;1;1;0
202400042590;155 706 761;30;0;2;1;9;1
202400042591;155 706 754;7;0;2;5;2;1
202400042591;155 706 757;33;0;2;1;2;1
202400042592;155 706 753;7;13;2;3;15;1
202400042592;155 706 755;7;13;2;2;0;1
202400042593;155 706 752;7;0;2;2;19;1
202400042593;155 706 756;31;0;2;1;1;1
202400042594;155 706 751;7;4;0;8;0;1
202400042595;155 706 749;33;0;2;1;1;1
202400042595;155 706 750;7;0;2;2;15;1
202400042596;155 706 746;3;0;2;2;1;1
202400042596;155 706 748;7;0;2;2;1;1
202400042597;155 706 745;15;0;0;6;1;1
202400042597;155 706 747;10;0;2;2;17;1
202400042598;155 706 744;3;1;0;1;14;1
202400042599;155 706 741;7;0;9;7;15;1
202400042599;155 706 743;99;0;2;1;1;3
202400042600;155 706 740;2;0;0;2;26;1
202400042600;155 706 742;99;0;0;6;26;3
202400042601;155 706 737;7;10;0;1;13;1
202400042602;155 706 735;34;0;2;1;1;1
202400042602;155 706 738;7;0;2;6;15;1
202400042603;155 706 733;10;16;0;9;26;1
202400042604;155 706 730;33;1;1;1;14;0
202400042605;155 706 729;7;0;2;8;1;1
202400042605;155 706 731;7;0;2;1;3;3
202400042605;155 706 732;7;4;0;1;21;1
202400042605;155 706 734;7;4;0;4;1;1
202400042605;155 706 736;7;4;0;7;1;1
202400042606;155 706 727;80;0;0;4;1;3
202400042606;155 706 728;7;0;2;2;1;1
202400042607;155 706 725;10;0;1;1;1;1
202400042608;155 706 723;7;0;2;2;12;1
202400042608;155 706 726;7;0;2;4;1;1
202400042609;155 706 722;7;0;0;3;11;1
202400042609;155 706 724;33;0;0;7;17;1
202400042610;155 706 720;80;0;1;1;1;3
202400042611;155 706 717;7;0;2;3;0;1
202400042611;155 706 719;7;0;2;5;1;2
202400042611;155 706 721;7;0;2;2;17;1
202400042612;155 706 714;1;0;1;1;1;5
202400042613;155 706 713;7;0;2;1;1;1
202400042613;155 706 716;7;0;2;1;1;1
202400042613;155 706 718;7;0;2;3;1;1
202400042614;155 706 712;7;0;2;7;12;1
202400042614;155 706 715;34;0;2;8;3;1
202400042615;155 706 710;7;1;0;3;26;1
202400042616;155 706 709;7;1;0;1;2;1
202400042617;155 706 711;50;0;1;1;1;3
202400042618;155 706 708;7;1;2;1;13;1
202400042619;155 706 706;7;0;1;1;19;1
202400042620;155 706 703;7;0;2;1;1;1
202400042620;155 706 705;7;0;2;4;1;1
202400042620;155 706 707;7;0;2;4;1;2
202400042621;155 706 702;7;0;1;2;1;2
202400042622;155 706 699;7;13;0;2;15;1
202400042622;155 706 701;7;0;0;1;1;1
202400042622;155 706 704;10;0;0;1;26;1
202400042623;155 706 698;7;0;2;1;2;1
202400042623;155 706 700;7;0;2;4;2;1
202400042624;155 706 697;10;0;1;7;1;1
202400042625;155 706 694;31;0;2;8;0;1
202400042625;155 706 696;7;0;2;8;1;2
202400042626;155 706 693;7;4;2;2;1;1
202400042626;155 706 695;7;0;2;0;0;0
202400042627;155 706 692;33;0;1;3;1;1
202400042628;155 706 691;7;15;9;1;14;1
202400042629;155 706 688;7;0;2;0;2;0
202400042629;155 706 690;7;0;2;6;2;1
202400042630;155 706 687;7;0;0;1;14;1
202400042631;155 706 686;1;0;2;1;1;5
202400042631;155 706 689;13;0;9;2;16;1
202400042632;155 706 681;7;0;2;4;9;1
202400042632;155 706 683;7;0;2;1;9;3
202400042632;155 706 685;7;0;2;1;2;1
202400042633;155 706 680;7;0;2;1;1;2
202400042633;155 706 682;7;0;2;1;1;1
202400042633;155 706 684;7;0;2;1;13;1
202400042634;155 706 678;32;0;2;8;15;1
202400042634;155 706 679;7;0;2;1;1;2
202400042635;155 706 674;7;0;2;8;9;1
202400042635;155 706 676;7;0;2;1;0;1
202400042636;155 706 673;7;0;2;4;1;1
202400042636;155 706 675;7;0;2;4;2;1
202400042636;155 706 677;7;0;2;1;0;1
202400042637;155 706 672;7;0;1;1;16;1
202400042638;155 706 668;7;0;1;3;10;1
202400042639;155 706 667;1;0;9;1;21;5
202400042639;155 706 670;1;0;0;0;8;5
202400042640;155 706 666;7;1;0;1;0;1
202400042641;155 706 664;7;0;1;4;4;1
202400042642;155 706 662;17;0;1;8;1;1
202400042643;155 706 663;33;0;2;1;1;1
202400042643;155 706 665;10;0;2;6;15;1
202400042644;155 706 660;7;0;2;3;10;1
202400042644;155 706 661;30;0;2;3;1;3
202400042645;155 706 657;50;0;2;4;1;3
202400042645;155 706 658;7;0;2;1;0;1
202400042646;155 706 654;7;0;0;4;2;1
202400042646;155 706 656;7;0;2;1;2;3
202400042647;155 706 653;80;0;0;8;26;3
202400042647;155 706 655;7;0;2;7;7;2
202400042648;155 706 651;7;0;2;3;13;0
202400042648;155 706 652;7;0;2;4;1;0
202400042649;155 706 649;7;0;2;3;2;1
202400042649;155 706 650;7;3;2;5;1;1
202400042650;155 706 647;1;0;2;1;16;5
202400042650;155 706 648;7;0;2;3;15;3
202400042651;155 706 646;7;3;0;9;1;1
202400042652;155 706 645;7;4;0;2;1;1
202400042653;155 706 643;3;9;0;2;13;1
202400042654;155 706 642;7;0;2;6;15;1
202400042654;155 706 644;34;0;2;1;17;1
202400042655;155 706 640;7;0;2;1;2;1
202400042655;155 706 641;7;0;2;4;2;1
202400042656;155 706 639;7;0;1;1;1;1
202400042657;155 706 636;10;0;2;8;23;1
202400042657;155 706 638;33;0;2;7;16;1
202400042658;155 706 634;7;0;2;4;1;1
202400042658;155 706 635;10;3;2;3;21;1
202400042658;155 706 637;7;0;2;1;2;1
202400042659;155 706 631;7;0;1;8;1;1
202400042660;155 706 629;7;0;2;1;26;1
202400042660;155 706 632;7;0;2;3;16;1
202400042660;155 706 633;7;0;2;3;16;1
202400042661;155 706 626;7;0;2;1;2;1
202400042661;155 706 627;7;0;2;5;2;1
202400042661;155 706 628;7;1;2;1;1;1
202400042661;155 706 630;7;0;2;4;24;1
202400042662;155 706 625;40;2;1;2;1;3
202400042663;155 706 622;10;0;2;3;18;1
202400042663;155 706 623;7;4;2;5;12;1
202400042664;155 706 621;33;15;2;1;12;1
202400042664;155 706 624;7;0;2;5;14;2
202400042665;155 706 620;7;0;0;9;26;1
202400042666;155 706 618;31;0;2;7;17;1
202400042666;155 706 619;7;0;2;8;15;1
202400042667;155 706 616;7;6;2;8;2;1
202400042667;155 706 617;10;0;2;2;14;1
202400042668;155 706 614;7;4;0;6;1;1
202400042669;155 706 613;7;0;2;2;1;1
202400042669;155 706 615;7;0;2;1;19;1
202400042670;155 706 610;33;0;2;1;13;1
202400042670;155 706 612;15;0;2;3;1;1
202400042671;155 706 609;7;0;2;7;0;1
202400042671;155 706 611;7;0;2;0;0;0
202400042672;155 706 605;7;0;2;4;1;-1
202400042672;155 706 606;33;0;2;1;1;1
202400042672;155 706 608;33;0;2;1;1;1
202400042673;155 706 604;7;0;2;3;13;1
202400042673;155 706 607;7;0;2;3;1;1
202400042674;155 706 601;33;0;2;1;17;1
202400042674;155 706 603;10;0;2;8;15;1
202400042675;155 706 602;7;6;2;2;1;1
202400042676;155 706 599;2;0;1;0;0;1
202400042677;155 706 598;7;0;2;2;1;1
202400042677;155 706 600;50;0;2;1;25;3
202400042678;155 706 597;7;0;1;2;0;1
202400042679;155 706 593;7;0;2;7;1;1
202400042679;155 706 596;7;0;2;1;1;1
202400042680;155 706 594;7;0;0;5;23;1
202400042680;155 706 595;32;0;2;1;0;1
202400042681;155 706 592;7;2;0;1;14;1
202400042682;155 706 591;7;0;1;1;13;1
202400042683;155 706 589;7;0;1;2;16;1
202400042684;155 706 588;7;0;2;7;13;1
202400042684;155 706 590;7;0;2;1;1;1
202400042685;155 706 587;33;3;0;7;14;1
202400042686;155 706 585;33;0;2;2;1;1
202400042686;155 706 586;7;0;2;2;15;3
202400042687;155 706 584;7;0;1;0;4;1
202400042688;155 706 582;33;0;2;1;21;1
202400042688;155 706 583;10;0;2;2;9;1
202400042689;155 706 580;7;0;2;1;2;1
202400042689;155 706 581;7;0;0;4;2;1
202400042690;155 706 578;7;0;2;1;16;2
202400042690;155 706 579;50;0;2;8;5;3
202400042691;155 706 575;7;0;2;1;1;1
202400042691;155 706 576;7;0;2;1;1;1
202400042691;155 706 577;7;0;2;3;1;1
202400042692;155 706 574;33;0;0;0;4;1
202400042693;155 706 572;7;6;0;1;13;1
202400042694;155 706 571;7;0;2;8;2;1
202400042694;155 706 573;50;0;2;7;15;3
202400042695;155 706 569;7;0;2;1;1;1
202400042695;155 706 570;7;0;2;4;23;1
202400042696;155 706 567;7;0;2;2;2;1
202400042696;155 706 568;10;0;2;4;2;1
202400042697;155 706 566;7;0;1;1;19;0
202400042698;155 706 565;7;0;1;1;1;1
202400042699;155 706 563;1;0;2;8;1;5