Num_Acc;id_vehicule;catv;obs;obsm;choc;manv;motor
202400043070;155 705 947;7;0;2;4;23;1
202400043071;155 705 946;7;0;2;3;1;1
202400043071;155 705 950;10;0;2;3;1;1
202400043072;155 705 942;1;0;2;8;2;5
202400043072;155 705 944;7;0;9;1;9;1
202400043073;155 705 943;7;0;1;1;1;1
202400043074;155 705 941;10;0;1;1;1;1
202400043075;155 705 937;7;0;2;3;13;1
202400043075;155 705 939;2;0;2;1;1;1
202400043076;155 705 936;7;0;9;1;1;1
202400043076;155 705 938;1;0;2;1;13;5
202400043077;155 705 935;15;0;2;1;1;1
202400043077;155 705 940;7;0;2;1;5;1
202400043078;155 705 932;7;0;2;7;19;2
202400043078;155 705 934;7;0;2;1;1;1
202400043079;155 705 931;7;0;0;3;1;1
202400043079;155 705 933;2;0;2;1;16;1
202400043080;155 705 929;33;0;0;0;1;1
202400043081;155 705 930;3;6;0;1;13;1
202400043082;155 705 928;7;13;0;1;12;1
202400043083;155 705 926;7;13;0;9;14;1
202400043084;155 705 925;33;13;0;1;1;1
202400043085;155 705 923;33;8;0;1;0;1
202400043086;155 705 922;7;8;2;4;19;1
202400043086;155 705 927;7;0;2;8;1;1
202400043087;155 705 921;21;0;1;1;1;0
202400043088;155 705 920;15;0;2;3;1;1
202400043088;155 705 924;32;0;2;1;13;1
202400043089;155 705 917;7;2;0;8;0;1
202400043090;155 705 916;99;0;0;0;2;6
202400043090;155 705 919;99;0;2;1;2;5
202400043091;155 705 915;7;0;2;1;15;1
202400043091;155 705 918;2;0;2;3;2;0
202400043092;155 705 911;80;0;0;8;0;3
202400043093;155 705 909;7;0;2;7;1;1
202400043093;155 705 912;10;0;2;1;1;1
202400043094;155 705 910;7;0;2;0;1;1
202400043094;155 705 913;7;0;2;1;1;1
202400043094;155 705 914;7;0;2;1;5;1
202400043095;155 705 908;33;0;0;0;1;1
202400043096;155 705 906;7;0;2;2;1;1
202400043096;155 705 907;1;0;0;6;1;5
202400043097;155 705 900;3;12;2;2;1;3
202400043097;155 705 904;7;0;2;3;1;3
202400043098;155 705 902;7;4;2;1;0;1
202400043098;155 705 905;15;0;2;1;1;1
202400043099;155 705 898;37;0;2;3;1;1
202400043099;155 705 903;7;0;2;3;1;1
202400043100;155 705 899;33;0;2;1;1;1
202400043100;155 705 901;7;0;2;2;15;1
202400043101;155 705 897;7;16;0;1;5;1
202400043102;155 705 896;7;13;0;7;17;1
202400043103;155 705 893;10;0;2;1;2;1
202400043103;155 705 895;7;0;2;4;2;1
202400043104;155 705 886;7;0;0;9;21;1
202400043105;155 705 885;7;0;2;1;0;0
202400043105;155 705 889;7;0;2;4;0;1
202400043105;155 705 892;7;0;2;4;0;1
202400043106;155 705 884;7;0;2;9;1;1
202400043106;155 705 888;7;0;2;8;1;1
202400043106;155 705 891;7;0;2;9;1;1
202400043106;155 705 894;10;0;2;8;1;1
202400043107;155 705 881;31;14;0;1;1;1
202400043108;155 705 879;10;0;2;4;1;1
202400043108;155 705 882;7;0;2;1;1;1
202400043108;155 705 883;7;0;2;3;1;1
202400043108;155 705 887;15;0;2;2;1;1
202400043108;155 705 890;7;0;2;1;1;1
202400043109;155 705 877;7;0;2;1;2;1
202400043109;155 705 880;7;0;2;6;2;2
202400043110;155 705 876;33;0;2;0;1;1
202400043110;155 705 878;7;0;2;6;1;1
202400043111;155 705 872;10;0;2;8;9;1
202400043111;155 705 874;32;0;2;1;21;1
202400043112;155 705 869;10;0;2;4;1;1
202400043112;155 705 873;10;0;2;1;2;1
202400043113;155 705 871;33;0;2;8;1;1
202400043113;155 705 875;7;0;2;8;15;1
202400043114;155 705 868;33;0;2;1;2;1
202400043114;155 705 870;7;0;2;4;2;1
202400043115;155 705 863;7;0;2;4;2;1
202400043115;155 705 865;7;0;2;1;2;1
202400043115;155 705 867;7;0;2;4;2;1
202400043116;155 705 864;33;0;0;8;16;1
202400043117;155 705 861;7;17;0;1;1;1
202400043118;155 705 862;10;0;2;3;15;1
202400043118;155 705 866;2;1;0;8;1;3
202400043119;155 705 858;33;0;0;3;1;1
202400043120;155 705 857;33;15;0;1;14;1
202400043121;155 705 859;7;4;0;1;0;1
202400043122;155 705 856;7;4;2;6;2;1
202400043122;155 705 860;31;4;2;1;12;1
202400043123;155 705 854;7;2;0;1;0;2
202400043124;155 705 851;7;0;2;7;1;1
202400043124;155 705 855;7;0;2;1;1;3
202400043125;155 705 848;7;4;2;9;6;1
202400043125;155 705 850;7;0;2;8;2;1
202400043125;155 705 853;13;0;2;4;2;1
202400043126;155 705 846;33;13;0;1;13;1
202400043127;155 705 844;7;0;0;3;9;1
202400043127;155 705 847;50;0;0;2;14;3
202400043128;155 705 845;7;0;2;1;1;1
202400043128;155 705 849;7;0;2;4;2;1
202400043128;155 705 852;7;0;2;4;2;1
202400043129;155 705 842;10;0;2;2;14;1
202400043129;155 705 843;7;0;2;8;1;2
202400043130;155 705 836;7;0;2;2;1;1
202400043130;155 705 840;15;0;2;6;9;1
202400043130;155 705 841;7;0;2;1;17;1
202400043131;155 705 833;7;0;2;3;15;1
202400043131;155 705 837;7;0;2;1;17;1
202400043132;155 705 835;33;0;2;1;3;1
202400043132;155 705 839;7;0;2;8;11;1
202400043133;155 705 829;33;0;0;0;1;1
202400043134;155 705 827;7;13;0;3;1;1
202400043135;155 705 826;7;0;2;1;2;1
202400043135;155 705 828;7;0;2;4;2;1
202400043136;155 705 825;7;0;2;1;2;1
202400043136;155 705 830;7;0;2;9;2;1
202400043136;155 705 834;7;0;2;9;1;1
202400043136;155 705 838;7;0;2;4;2;1
202400043137;155 705 824;7;8;2;4;1;1
202400043137;155 705 831;14;0;2;2;13;1
202400043138;155 705 820;14;3;0;1;1;1
202400043139;155 705 819;7;0;2;1;2;1
202400043139;155 705 822;7;0;2;4;2;1
202400043139;155 705 823;7;0;2;4;2;3
202400043140;155 705 818;33;0;0;8;1;1
202400043141;155 705 817;7;0;2;1;6;1
202400043141;155 705 821;7;0;2;1;1;1
202400043142;155 705 813;7;0;2;1;1;1
202400043142;155 705 815;15;0;0;4;1;1
202400043143;155 705 812;21;0;2;6;1;1
202400043143;155 705 816;2;0;2;1;13;1
202400043144;155 705 810;7;0;2;2;12;1
202400043144;155 705 814;32;0;2;8;1;1
202400043145;155 705 811;33;6;0;1;1;1
202400043146;155 705 809;10;0;1;0;1;1
202400043147;155 705 807;7;0;2;1;26;1
202400043147;155 705 808;7;0;0;4;1;1
202400043148;155 705 803;7;7;0;0;1;1
202400043149;155 705 801;7;4;0;1;1;1
202400043150;155 705 800;7;0;2;1;2;2
202400043150;155 705 804;7;0;2;1;2;1
202400043150;155 705 806;7;0;2;4;24;1
202400043151;155 705 799;7;0;1;1;0;0
202400043152;155 705 798;33;0;2;1;17;1
202400043152;155 705 802;7;0;2;6;1;1
202400043152;155 705 805;7;0;2;1;1;2
202400043153;155 705 797;7;4;0;1;1;1
202400043154;155 705 795;7;4;0;1;1;1
202400043155;155 705 794;7;0;2;9;13;1
202400043155;155 705 796;38;0;2;1;1;1
202400043156;155 705 792;7;4;0;0;0;1
202400043157;155 705 793;7;13;0;3;2;1
202400043158;155 705 791;7;13;0;0;13;1
202400043159;155 705 789;7;13;0;1;1;1
202400043160;155 705 787;7;0;1;2;9;1
202400043161;155 705 786;33;16;0;8;1;1
202400043162;155 705 788;10;12;2;0;0;1
202400043162;155 705 790;50;1;2;0;0;3
202400043163;155 705 785;7;8;0;0;0;1
202400043164;155 705 781;60;0;2;8;19;5
202400043164;155 705 783;7;0;9;8;1;1
202400043165;155 705 778;2;0;2;1;1;1
202400043165;155 705 780;7;0;2;3;19;1
202400043166;155 705 776;7;0;2;1;1;1
202400043166;155 705 779;7;0;2;4;1;1
202400043166;155 705 782;7;0;2;4;1;1
202400043166;155 705 784;7;0;2;4;1;1
202400043167;155 705 777;7;15;0;1;13;1
202400043168;155 705 774;7;0;1;1;16;1
202400043169;155 705 773;2;0;0;4;1;1
202400043169;155 705 775;1;0;2;1;1;5
202400043170;155 705 765;33;0;2;1;17;1
202400043170;155 705 769;10;0;2;1;15;1
202400043171;155 705 766;33;0;2;1;13;1
202400043171;155 705 770;7;0;2;1;1;1
202400043172;155 705 764;7;0;2;6;2;1
202400043172;155 705 768;7;0;2;1;2;1
202400043172;155 705 772;7;0;2;4;2;1
202400043173;155 705 763;2;0;0;0;0;1
202400043174;155 705 762;30;0;2;3;0;1
202400043174;155 705 767;31;0;2;3;17;1
202400043174;155 705 771;32;0;2;6;0;1
202400043175;155 705 757;7;0;2;1;1;1
202400043175;155 705 761;31;0;2;7;0;1
202400043176;155 705 756;7;0;2;3;20;0
202400043176;155 705 760;33;0;0;1;17;1
202400043177;155 705 755;7;8;0;1;1;1
202400043178;155 705 754;7;0;2;3;1;1
202400043178;155 705 759;7;0;2;5;12;2
202400043179;155 705 749;7;0;1;3;15;1
202400043180;155 705 748;7;0;2;4;9;1
202400043180;155 705 752;7;0;2;1;2;2
202400043181;155 705 743;7;0;2;1;1;1
202400043181;155 705 746;7;0;2;4;21;1
202400043182;155 705 745;7;0;2;3;19;1
202400043182;155 705 750;7;0;2;6;19;1
202400043183;155 705 742;7;0;2;1;1;1
202400043183;155 705 744;7;0;2;3;19;1
202400043184;155 705 735;7;0;2;1;2;1
202400043184;155 705 738;7;0;2;4;2;2
202400043184;155 705 741;7;0;2;4;2;1
202400043185;155 705 736;7;3;2;2;17;1
202400043185;155 705 739;15;0;2;6;13;1
202400043186;155 705 733;2;0;1;1;1;3
202400043187;155 705 734;3;0;2;9;9;1
202400043187;155 705 740;7;0;2;1;1;1
202400043188;155 705 731;33;0;1;1;5;1
202400043189;155 705 726;7;4;0;3;2;1
202400043190;155 705 721;7;0;9;2;2;1
202400043190;155 705 725;1;0;9;4;2;5
202400043191;155 705 722;7;0;2;1;1;1
202400043191;155 705 729;7;0;2;2;1;1
202400043192;155 705 723;7;3;2;1;26;1
202400043192;155 705 727;7;3;2;4;0;2
202400043192;155 705 730;7;3;2;4;0;2
202400043193;155 705 720;7;0;2;1;2;1
202400043193;155 705 724;7;0;2;1;19;1
202400043193;155 705 728;7;0;2;1;1;1
202400043194;155 705 718;7;0;1;3;21;1
202400043195;155 705 719;32;11;0;0;13;3
202400043196;155 705 717;7;0;1;1;1;2
202400043197;155 705 712;7;0;1;3;26;1
202400043198;155 705 710;7;0;2;4;1;1
202400043198;155 705 714;7;0;2;4;1;1
202400043198;155 705 716;7;0;2;1;1;1
202400043199;155 705 711;33;0;2;1;3;1
202400043199;155 705 715;7;0;2;5;15;1
202400043200;155 705 709;1;0;2;1;1;5
202400043200;155 705 713;7;0;2;3;15;1
202400043201;155 705 708;33;0;1;1;1;1
202400043202;155 705 703;7;16;0;9;13;1
202400043203;155 705 706;33;0;2;0;0;0
202400043203;155 705 707;7;0;2;0;2;0
202400043204;155 705 702;7;0;2;2;9;1
202400043204;155 705 705;1;0;2;4;1;5
202400043205;155 705 700;33;0;2;1;17;1
202400043205;155 705 704;21;0;0;8;15;1
202400043206;155 705 701;7;0;1;1;15;1
202400043207;155 705 699;33;0;0;0;0;1
202400043208;155 705 696;10;0;2;5;12;1
202400043208;155 705 698;32;0;0;3;1;1
202400043209;155 705 695;7;13;0;2;1;1
202400043210;155 705 694;31;0;2;3;1;1
202400043210;155 705 697;7;0;0;2;17;1
202400043211;155 705 691;7;0;2;2;15;1
202400043211;155 705 693;32;0;2;1;1;1
202400043212;155 705 687;37;0;2;1;1;0
202400043212;155 705 689;7;0;2;4;1;0
202400043212;155 705 692;10;0;2;0;0;0
202400043213;155 705 690;7;15;0;1;26;1
202400043214;155 705 688;1;2;0;2;1;5
202400043215;155 705 685;7;9;2;5;1;2
202400043216;155 705 684;7;0;2;1;1;1
202400043216;155 705 686;7;0;2;8;19;1
202400043217;155 705 682;1;6;0;3;1;5
202400043218;155 705 679;7;0;1;1;1;1
202400043219;155 705 681;37;0;0;4;23;1
202400043219;155 705 683;37;0;2;1;1;2
202400043220;155 705 677;33;0;0;0;0;1
202400043221;155 705 678;7;0;2;5;12;1
202400043221;155 705 680;33;0;2;3;3;1
202400043222;155 705 675;14;0;1;3;0;0
202400043223;155 705 672;31;0;2;6;1;1
202400043223;155 705 674;7;0;2;2;17;0
202400043224;155 705 671;33;0;2;1;0;1
202400043224;155 705 673;7;0;2;4;0;2
202400043225;155 705 667;2;0;2;1;1;1
202400043225;155 705 669;10;0;2;8;9;1
202400043226;155 705 670;33;0;2;2;17;1
202400043226;155 705 676;7;0;2;3;15;3
202400043227;155 705 665;7;0;2;4;26;1
202400043227;155 705 666;7;0;2;0;0;1
202400043228;155 705 664;7;0;2;4;23;1
202400043228;155 705 668;7;14;2;1;2;1
202400043229;155 705 663;7;0;1;3;1;1
202400043230;155 705 659;10;0;2;2;17;1
202400043230;155 705 661;7;0;2;4;2;1
202400043231;155 705 655;7;0;2;3;15;1
202400043231;155 705 658;2;0;2;1;1;1
202400043232;155 705 653;7;0;2;7;12;0
202400043232;155 705 656;33;0;2;8;1;0
202400043233;155 705 657;1;0;2;1;1;5
202400043233;155 705 662;7;0;2;2;1;1
202400043234;155 705 652;33;0;2;7;1;1
202400043234;155 705 654;7;0;2;1;16;1
202400043235;155 705 649;33;0;2;1;2;1
202400043235;155 705 651;7;0;2;4;2;1
202400043236;155 705 648;7;0;2;4;1;1
202400043236;155 705 650;7;0;2;1;1;1
202400043237;155 705 645;31;0;2;1;2;1
202400043237;155 705 647;7;0;2;4;23;2
202400043238;155 705 646;1;0;1;1;1;5
202400043239;155 705 642;15;0;2;6;1;1
202400043239;155 705 643;10;0;2;1;12;1
202400043240;155 705 641;7;0;2;3;1;1
202400043240;155 705 644;7;0;2;3;1;1
202400043241;155 705 639;7;0;1;1;1;1
202400043242;155 705 637;30;0;2;3;15;1
202400043242;155 705 640;1;0;2;8;1;5
202400043243;155 705 635;1;0;2;8;9;5
202400043243;155 705 638;7;0;2;2;9;1
202400043244;155 705 634;10;0;2;1;13;1
202400043244;155 705 636;7;0;2;1;1;1
202400043245;155 705 627;7;0;1;4;1;1
202400043245;155 705 630;7;0;2;1;1;1
202400043246;155 705 631;1;0;2;1;14;5
202400043246;155 705 633;7;0;9;1;26;1
202400043247;155 705 628;33;0;2;2;1;1
202400043247;155 705 632;7;0;2;3;10;2
202400043248;155 705 625;1;9;2;6;19;0
202400043248;155 705 626;33;0;2;1;26;1
202400043249;155 705 623;7;0;2;1;15;1
202400043249;155 705 624;2;0;2;1;0;3
202400043250;155 705 621;7;0;1;2;17;1
202400043251;155 705 622;7;0;1;1;15;1
202400043252;155 705 619;7;0;2;1;1;1
202400043252;155 705 620;7;0;2;8;19;1
202400043253;155 705 618;7;0;1;2;26;1
202400043254;155 705 616;7;0;2;1;1;1
202400043254;155 705 629;7;0;2;1;1;1
202400043255;155 705 617;7;0;1;1;15;1
202400043256;155 705 615;7;0;1;7;26;1
202400043257;155 705 609;2;0;0;4;0;1
202400043257;155 705 613;10;4;2;2;2;1
202400043258;155 705 610;7;0;1;2;1;1
202400043259;155 705 611;7;0;2;0;0;1
202400043259;155 705 614;7;0;2;3;1;1
202400043260;155 705 607;7;13;0;8;2;1
202400043261;155 705 604;1;0;0;0;1;5
202400043262;155 705 605;1;8;0;1;1;5
202400043263;155 705 603;7;0;2;5;1;1
202400043263;155 705 606;34;12;2;7;18;1
202400043264;155 705 600;10;0;2;4;26;0
202400043264;155 705 601;1;0;2;1;2;5
202400043265;155 705 597;33;0;2;1;1;1
202400043265;155 705 599;7;0;2;5;15;1
202400043266;155 705 596;7;0;2;3;16;1
202400043266;155 705 598;1;0;2;1;5;5
202400043267;155 705 595;7;0;1;0;0;0
202400043268;155 705 590;2;0;2;8;13;1
202400043268;155 705 593;7;0;2;7;17;1
202400043269;155 705 602;21;0;1;6;1;1
202400043270;155 705 592;7;13;0;1;13;1
202400043271;155 705 586;7;0;2;3;16;1
202400043271;155 705 589;31;0;2;2;0;1
202400043272;155 705 584;7;0;2;3;15;1
202400043272;155 705 588;33;0;2;3;1;1
202400043273;155 705 583;7;0;2;1;13;1
202400043273;155 705 587;7;0;2;1;1;1
202400043274;155 705 582;33;8;0;1;14;1
202400043275;155 705 581;7;0;2;7;1;1
202400043275;155 705 585;50;0;2;1;1;3
202400043276;155 705 579;7;0;1;3;20;1
202400043277;155 705 576;7;0;2;3;15;1
202400043277;155 705 578;50;0;2;8;1;3
202400043278;155 705 577;7;0;0;2;1;1
202400043278;155 705 580;7;7;0;7;15;1
202400043279;155 705 574;50;0;0;1;1;3
202400043280;155 705 573;7;0;2;3;15;1
202400043280;155 705 575;31;0;2;2;17;1
202400043281;155 705 569;10;0;9;3;15;1
202400043281;155 705 572;50;0;2;1;26;3
202400043282;155 705 571;1;3;0;2;14;5
202400043283;155 705 564;33;0;2;1;17;1
202400043283;155 705 567;7;0;2;5;15;1
202400043284;155 705 568;50;0;2;1;1;3
202400043284;155 705 570;7;0;2;2;16;1
202400043285;155 705 563;7;0;2;1;1;1
202400043285;155 705 565;7;0;2;3;15;1
202400043286;155 705 561;7;0;2;4;2;1
202400043286;155 705 562;7;0;2;4;2;1
202400043286;155 705 566;7;0;2;1;2;1
202400043287;155 705 558;7;0;2;1;1;0
202400043287;155 705 560;7;0;2;8;1;0
202400043288;155 705 556;32;12;1;1;1;1
202400043289;155 705 557;10;0;2;1;1;1
202400043289;155 705 559;7;0;2;1;5;1
202400043290;155 705 554;3;1;0;3;1;1
202400043291;155 705 555;7;2;0;9;2;1
202400043292;155 705 550;7;0;2;1;2;1
202400043292;155 705 552;7;0;0;6;2;1
202400043293;155 705 549;17;0;0;9;1;1
202400043294;155 705 547;50;0;2;3;19;3
202400043294;155 705 551;7;0;2;1;1;1
202400043295;155 705 548;7;0;2;2;13;1
202400043295;155 705 553;7;0;2;6;2;1
202400043296;155 705 544;7;0;2;3;1;0
202400043296;155 705 546;7;0;2;1;17;1
202400043297;155 705 541;7;0;2;3;0;1
202400043297;155 705 543;1;0;2;1;15;5
202400043298;155 705 540;7;0;2;5;23;1
202400043298;155 705 542;33;1;0;1;18;1
202400043299;155 705 537;7;0;2;8;1;1
202400043299;155 705 539;33;0;2;7;17;1
202400043300;155 705 535;33;0;1;4;25;1
202400043301;155 705 538;7;2;0;1;0;1
202400043302;155 705 533;33;13;0;8;1;1
202400043303;155 705 534;7;0;2;4;2;1
202400043303;155 705 536;7;0;2;1;2;1
202400043304;155 705 531;7;6;2;3;16;1
202400043304;155 705 532;1;0;2;1;1;5
202400043305;155 705 529;7;0;0;1;5;1
202400043305;155 705 530;7;0;0;1;1;1
202400043306;155 705 527;7;0;1;8;1;1
202400043307;155 705 526;7;0;1;7;1;1
202400043308;155 705 525;2;0;2;1;1;1
202400043308;155 705 528;7;0;2;3;26;1
202400043309;155 705 522;33;0;2;8;1;1
202400043309;155 705 524;10;0;2;0;12;1
202400043310;155 705 523;33;0;0;1;1;0
202400043311;155 705 519;33;15;0;9;14;1
202400043312;155 705 518;7;0;9;3;24;2
202400043312;155 705 521;80;1;0;7;3;3
202400043313;155 705 517;7;0;2;1;13;1
202400043313;155 705 520;7;0;2;1;1;1
202400043314;155 705 516;7;0;1;2;0;1
202400043315;155 705 514;7;7;0;1;26;1
202400043315;155 705 515;7;0;0;5;26;0
202400043316;155 705 512;7;2;0;2;1;0
202400043317;155 705 511;1;4;0;0;1;5
202400043318;155 705 509;7;0;2;7;15;1
202400043318;155 705 510;7;0;2;1;1;1
202400043319;155 705 506;1;0;0;0;1;5
202400043320;155 705 505;7;0;2;1;1;1
202400043320;155 705 508;7;0;2;1;15;1
202400043321;155 705 504;50;0;2;1;19;3
202400043321;155 705 507;7;0;2;7;9;1
202400043322;155 705 503;7;2;0;1;0;1
202400043323;155 705 500;7;0;2;2;1;1
202400043324;155 705 502;7;0;0;0;1;1
202400043325;155 705 498;7;0;2;1;1;1
202400043325;155 705 501;7;0;0;8;15;1
202400043326;155 705 497;33;0;0;0;14;1
202400043327;155 705 496;7;0;2;1;1;1
202400043327;155 705 499;7;0;2;7;15;1
202400043328;155 705 493;7;0;2;3;13;1
202400043328;155 705 495;7;0;2;3;1;1
202400043329;155 705 491;7;0;2;3;15;1
202400043329;155 705 494;33;0;2;9;1;1
202400043330;155 705 490;7;0;1;0;1;0
202400043331;155 705 489;2;0;2;8;15;1
202400043331;155 705 492;7;0;2;8;1;1
202400043332;155 705 487;10;0;1;5;26;1
202400043333;155 705 486;7;0;2;1;15;1
202400043333;155 705 488;7;0;2;1;1;1
202400043334;155 705 485;7;0;1;6;1;2
202400043335;155 705 482;10;0;2;0;0;1
202400043335;155 705 484;50;0;2;1;1;3
202400043336;155 705 480;36;0;2;3;1;1
202400043336;155 705 483;7;0;2;1;17;1
202400043337;155 705 481;1;0;0;0;1;5
202400043338;155 705 478;32;0;2;7;1;1
202400043338;155 705 479;7;0;2;7;10;1
202400043339;155 705 477;10;0;1;2;3;0
202400043340;155 705 475;2;0;1;1;1;1
202400043341;155 705 473;7;0;2;2;21;1
202400043341;155 705 476;7;0;2;2;5;1
202400043342;155 705 471;7;0;1;4;2;1
202400043342;155 705 474;7;0;0;0;0;2
202400043343;155 705 468;7;0;0;9;9;1
202400043344;155 705 467;7;0;2;1;1;1
202400043344;155 705 470;1;0;2;7;19;5
202400043345;155 705 465;2;0;2;2;26;0
202400043345;155 705 469;7;0;2;6;26;0
202400043345;155 705 472;7;0;2;2;0;0
202400043346;155 705 464;7;0;2;1;15;1
202400043346;155 705 466;7;0;2;8;1;1
202400043347;155 705 460;7;0;2;1;0;0
202400043347;155 705 463;30;0;2;1;1;1
202400043348;155 705 459;14;0;2;1;1;1
202400043348;155 705 462;7;0;2;8;1;1
202400043349;155 705 456;7;0;2;8;1;1
202400043349;155 705 458;7;0;2;1;13;1
202400043350;155 705 452;7;0;2;7;1;1
202400043350;155 705 457;10;0;2;1;1;1
202400043351;155 705 453;7;0;0;4;23;1
202400043351;155 705 455;7;0;2;1;1;1
202400043352;155 705 451;7;0;2;2;1;1
202400043352;155 705 454;50;0;2;3;1;3
202400043353;155 705 450;7;0;1;1;15;1
202400043354;155 705 446;30;0;2;1;1;1
202400043354;155 705 449;7;0;2;3;1;1
202400043355;155 705 444;7;0;2;3;1;1
202400043355;155 705 447;30;0;2;1;1;1
202400043356;155 705 438;7;0;2;7;10;1
202400043356;155 705 441;33;0;2;1;1;1
202400043357;155 705 435;80;0;2;2;19;3
202400043357;155 705 439;17;0;2;2;16;1
202400043358;155 705 432;7;0;2;3;17;1
202400043358;155 705 434;7;0;2;3;1;1
202400043358;155 705 436;7;0;9;2;1;1
202400043358;155 705 440;7;14;9;1;1;2
202400043359;155 705 428;10;0;0;1;0;1
202400043359;155 705 430;1;0;2;1;0;5
202400043360;155 705 426;30;8;2;7;26;1
202400043360;155 705 429;7;0;2;3;1;1
202400043361;155 705 425;1;0;9;4;2;5
202400043361;155 705 427;1;0;9;4;2;5
202400043361;155 705 431;1;0;9;4;2;5
202400043361;155 705 433;1;0;2;4;2;5
202400043361;155 705 437;1;0;0;4;2;5
202400043361;155 705 442;1;0;0;4;2;5
202400043361;155 705 443;1;0;2;4;2;5
202400043361;155 705 445;1;0;2;4;2;5
202400043361;155 705 448;7;0;9;1;2;1
202400043362;155 705 423;7;6;0;1;1;2
202400043363;155 705 424;7;2;0;1;26;1
202400043364;155 705 420;31;13;0;3;16;1
202400043365;155 705 421;33;3;0;2;1;1
202400043366;155 705 418;7;15;2;6;1;1
202400043366;155 705 422;7;1;2;1;26;1
202400043367;155 705 416;7;0;2;3;26;1
202400043367;155 705 419;33;0;2;2;26;1
202400043368;155 705 414;33;0;2;1;2;1
202400043368;155 705 417;10;0;2;4;2;1
202400043369;155 705 412;7;6;0;1;1;1
202400043370;155 705 413;33;0;2;7;3;1
202400043370;155 705 415;7;0;2;8;11;1
202400043371;155 705 409;33;0;2;8;1;1
202400043371;155 705 410;7;0;2;2;13;0
202400043372;155 705 408;7;0;2;8;1;1
202400043372;155 705 411;7;0;2;8;1;1
202400043373;155 705 405;10;0;2;4;1;0
202400043373;155 705 406;7;0;2;2;1;3
202400043374;155 705 407;31;12;0;5;1;1
202400043375;155 705 403;7;10;9;1;1;1
202400043376;155 705 401;7;0;2;1;1;1
202400043376;155 705 404;7;0;2;3;1;1
202400043377;155 705 397;14;0;2;4;1;1
202400043377;155 705 400;7;0;2;1;1;1
202400043378;155 705 396;33;0;2;1;3;1
202400043378;155 705 398;7;0;2;7;1;1
202400043378;155 705 399;7;0;2;8;1;1
202400043378;155 705 402;33;0;2;4;3;1
202400043379;155 705 395;7;4;0;1;1;1
202400043380;155 705 394;7;6;0;3;1;1
202400043381;155 705 389;33;0;2;2;18;1
202400043381;155 705 392;7;0;2;3;13;1
202400043382;155 705 390;7;0;2;2;12;1
202400043382;155 705 393;33;0;2;2;11;1
202400043383;155 705 386;33;4;0;7;1;1
202400043384;155 705 388;7;0;2;1;0;1
202400043384;155 705 391;7;0;0;4;0;1
202400043385;155 705 379;1;0;2;1;1;5
202400043385;155 705 383;10;0;2;3;1;1
202400043386;155 705 380;10;0;2;1;2;1
202400043386;155 705 384;10;0;2;4;2;1
202400043387;155 705 378;7;3;2;2;1;1
202400043387;155 705 382;7;0;0;6;1;1
202400043388;155 705 377;7;0;2;1;2;1
202400043388;155 705 381;7;0;2;4;23;1
202400043388;155 705 385;7;0;2;4;23;1
202400043388;155 705 387;7;0;2;4;23;1
202400043389;155 705 374;7;0;2;4;1;1
202400043389;155 705 376;7;0;2;3;23;2
202400043390;155 705 369;7;4;2;1;0;1
202400043390;155 705 372;7;0;2;6;1;1
202400043391;155 705 365;1;14;1;1;1;5
202400043392;155 705 366;10;0;2;4;2;1
202400043392;155 705 368;7;0;2;1;2;1
202400043392;155 705 370;7;0;2;4;1;1
202400043392;155 705 373;7;0;2;1;2;1
202400043392;155 705 375;10;0;2;1;1;1
202400043393;155 705 363;7;6;0;1;13;1
202400043394;155 705 357;7;8;2;6;15;2
202400043394;155 705 360;7;0;2;6;1;1
202400043395;155 705 354;7;0;2;1;13;1
202400043395;155 705 356;7;0;2;1;0;1
202400043396;155 705 355;7;2;2;2;14;1
202400043396;155 705 358;32;0;2;7;17;1
202400043396;155 705 362;7;0;2;8;1;1
202400043396;155 705 364;7;0;2;2;1;1
202400043397;155 705 353;37;0;1;2;7;1
202400043398;155 705 347;7;15;4;2;26;0
202400043398;155 705 349;39;0;2;2;1;3
202400043399;155 705 350;7;0;2;8;15;1
202400043399;155 705 352;31;0;2;1;2;1
202400043400;155 705 346;7;0;2;3;13;1
202400043400;155 705 348;7;0;2;3;1;1
202400043401;155 705 345;7;0;2;6;15;1
202400043401;155 705 351;50;0;2;1;26;3
202400043402;155 705 342;37;0;2;3;1;2
202400043402;155 705 344;7;0;2;2;9;1
202400043403;155 705 340;7;2;0;1;13;1
202400043404;155 705 341;31;0;2;2;17;1
202400043404;155 705 343;7;0;2;3;15;1
202400043405;155 705 337;30;0;2;1;2;1
202400043405;155 705 339;7;0;2;5;2;2
202400043406;155 705 334;33;0;2;3;1;1
202400043406;155 705 338;7;0;2;0;15;0
202400043407;155 705 333;7;0;0;2;0;1
202400043407;155 705 335;60;0;2;2;9;5
202400043408;155 705 327;7;0;1;1;14;1
202400043409;155 705 328;7;0;2;3;13;1
202400043409;155 705 331;7;0;2;5;1;1
202400043410;155 705 330;31;0;2;1;2;1
202400043410;155 705 332;7;0;0;4;2;2
202400043411;155 705 324;7;0;2;3;1;1
202400043411;155 705 329;7;0;2;1;1;1
202400043412;155 705 325;50;0;2;7;1;3