Num_Acc;id_vehicule;catv;obs;obsm;choc;manv;motor
202400046575;155 699 737;50;0;2;8;15;3
202400046576;155 699 733;50;0;2;8;1;3
202400046576;155 699 734;7;0;2;1;15;1
202400046577;155 699 729;7;0;2;1;2;1
202400046577;155 699 732;2;0;0;9;1;1
202400046578;155 699 728;7;0;2;1;9;1
202400046578;155 699 731;1;0;2;2;1;5
202400046579;155 699 727;1;0;2;1;1;5
202400046579;155 699 730;7;0;2;6;1;1
202400046580;155 699 723;7;0;2;7;1;1
202400046580;155 699 726;2;0;2;7;15;1
202400046581;155 699 721;1;0;2;1;1;5
202400046581;155 699 724;7;0;2;3;15;1
202400046582;155 699 716;7;0;2;8;1;1
202400046582;155 699 718;7;0;2;6;24;1
202400046582;155 699 720;10;0;2;1;9;1
202400046583;155 699 717;33;0;2;3;1;1
202400046583;155 699 719;7;0;2;1;5;1
202400046584;155 699 713;2;0;2;1;17;1
202400046584;155 699 714;7;0;2;8;15;1
202400046585;155 699 712;2;0;2;4;1;1
202400046585;155 699 715;7;0;2;2;12;1
202400046586;155 699 710;7;1;0;2;1;1
202400046586;155 699 711;7;1;0;3;26;1
202400046587;155 699 708;7;0;2;3;15;2
202400046587;155 699 709;33;0;2;1;17;1
202400046588;155 699 707;32;0;1;1;17;0
202400046589;155 699 704;7;0;2;1;0;1
202400046589;155 699 706;7;0;2;1;1;1
202400046590;155 699 703;50;0;2;7;19;3
202400046590;155 699 705;7;0;2;2;1;1
202400046591;155 699 702;7;13;0;1;17;1
202400046592;155 699 698;7;0;2;4;23;1
202400046592;155 699 700;7;0;2;1;1;1
202400046593;155 699 699;30;0;2;1;17;1
202400046593;155 699 701;7;0;2;3;15;1
202400046594;155 699 695;7;0;2;3;0;0
202400046594;155 699 696;7;0;2;2;13;1
202400046595;155 699 692;7;0;2;8;15;1
202400046595;155 699 694;7;0;2;1;1;1
202400046596;155 699 690;7;0;1;1;1;1
202400046597;155 699 689;7;0;2;6;10;1
202400046597;155 699 691;33;0;2;1;21;1
202400046598;155 699 688;7;0;1;3;16;1
202400046599;155 699 686;31;0;2;1;1;1
202400046599;155 699 687;10;0;2;8;15;1
202400046600;155 699 684;50;0;2;8;1;3
202400046600;155 699 685;7;0;2;1;15;1
202400046601;155 699 682;13;0;2;1;0;1
202400046601;155 699 683;7;0;2;4;26;1
202400046602;155 699 678;7;0;2;1;1;1
202400046602;155 699 681;7;0;2;3;1;1
202400046603;155 699 676;7;0;2;4;1;0
202400046603;155 699 677;7;0;2;4;1;1
202400046603;155 699 679;10;0;2;4;1;1
202400046603;155 699 680;7;0;2;4;1;1
202400046604;155 699 675;7;12;0;1;13;1
202400046605;155 699 671;7;0;2;1;0;0
202400046605;155 699 672;7;0;2;1;13;0
202400046606;155 699 670;7;0;1;1;0;1
202400046607;155 699 668;7;0;2;7;15;3
202400046607;155 699 669;33;0;2;1;1;1
202400046608;155 699 667;7;0;1;1;0;1
202400046609;155 699 666;7;2;0;0;14;1
202400046610;155 699 662;10;0;2;4;1;1
202400046610;155 699 663;10;0;2;1;1;1
202400046610;155 699 664;7;0;2;1;1;1
202400046610;155 699 665;10;0;2;1;1;1
202400046611;155 699 661;7;0;1;3;19;1
202400046612;155 699 659;7;0;2;8;22;1
202400046612;155 699 660;50;1;0;1;1;3
202400046613;155 699 658;7;0;1;2;1;1
202400046614;155 699 656;37;0;2;5;1;1
202400046614;155 699 657;1;0;2;1;2;5
202400046615;155 699 653;7;0;2;1;1;1
202400046615;155 699 655;7;0;2;3;9;1
202400046616;155 699 652;1;0;2;1;1;5
202400046616;155 699 654;7;0;2;2;1;1
202400046617;155 699 650;7;13;0;3;1;1
202400046618;155 699 649;7;0;2;1;15;1
202400046618;155 699 651;43;0;2;1;1;1
202400046619;155 699 646;30;0;2;1;3;1
202400046619;155 699 648;7;0;2;3;15;1
202400046620;155 699 645;7;0;2;8;15;1
202400046620;155 699 647;33;0;2;1;17;1
202400046621;155 699 643;7;0;1;1;1;1
202400046622;155 699 642;1;0;2;1;1;5
202400046622;155 699 644;10;0;9;6;10;1
202400046623;155 699 639;1;0;2;4;2;5
202400046623;155 699 641;7;0;2;1;2;1
202400046624;155 699 638;7;0;2;8;15;1
202400046624;155 699 640;31;0;2;1;17;1
202400046625;155 699 637;33;0;1;1;1;1
202400046626;155 699 636;7;0;1;3;1;1
202400046627;155 699 634;7;0;2;1;1;1
202400046627;155 699 635;1;0;2;6;19;5
202400046628;155 699 632;7;0;2;3;15;2
202400046628;155 699 633;30;0;2;7;17;3
202400046629;155 699 631;7;0;1;1;1;2
202400046630;155 699 629;1;0;2;5;26;5
202400046630;155 699 630;33;0;2;1;1;1
202400046631;155 699 627;7;0;2;1;2;1
202400046631;155 699 628;7;0;2;6;21;1
202400046632;155 699 625;10;0;2;3;20;1
202400046632;155 699 626;30;0;2;7;1;1
202400046633;155 699 624;10;4;0;2;1;0
202400046634;155 699 622;7;0;0;0;0;1
202400046634;155 699 623;30;0;2;1;1;1
202400046635;155 699 620;7;0;2;7;12;1
202400046635;155 699 621;1;0;2;8;1;5
202400046636;155 699 619;7;0;1;1;13;1
202400046637;155 699 618;14;0;1;3;15;1
202400046638;155 699 616;33;0;2;1;2;1
202400046638;155 699 617;10;0;2;5;2;1
202400046639;155 699 615;7;1;1;1;1;1
202400046640;155 699 613;7;0;9;1;9;1
202400046640;155 699 614;50;0;2;0;16;3
202400046641;155 699 612;7;0;1;2;16;1
202400046642;155 699 611;7;0;1;1;1;1
202400046643;155 699 610;7;1;1;3;2;1
202400046644;155 699 608;7;0;2;1;1;1
202400046644;155 699 609;7;0;2;1;13;1
202400046645;155 699 607;7;17;0;3;26;1
202400046646;155 699 605;7;0;1;2;1;1
202400046647;155 699 604;43;0;2;7;1;1
202400046647;155 699 606;7;0;2;6;11;0
202400046648;155 699 602;7;0;1;3;1;1
202400046649;155 699 601;7;0;2;1;1;1
202400046649;155 699 603;7;0;2;2;1;1
202400046650;155 699 599;7;0;2;5;1;1
202400046650;155 699 600;31;0;2;1;1;1
202400046651;155 699 596;99;0;1;0;15;0
202400046652;155 699 595;7;4;2;2;14;1
202400046652;155 699 597;7;0;2;3;1;1
202400046652;155 699 598;15;0;0;8;14;1
202400046653;155 699 593;0;0;0;0;0;0
202400046654;155 699 592;7;0;1;6;15;0
202400046655;155 699 591;7;0;2;0;18;2
202400046655;155 699 594;31;0;2;0;1;1
202400046656;155 699 587;7;0;2;1;1;1
202400046656;155 699 590;3;0;2;7;15;1
202400046657;155 699 585;7;0;2;1;2;1
202400046657;155 699 586;7;0;2;4;2;1
202400046657;155 699 589;7;0;2;4;2;1
202400046658;155 699 584;7;0;2;2;1;1
202400046658;155 699 588;31;0;2;1;1;1
202400046659;155 699 580;33;1;2;1;1;1
202400046659;155 699 583;7;0;2;7;16;1
202400046660;155 699 579;7;0;2;1;13;1
202400046660;155 699 581;10;0;2;1;1;1
202400046661;155 699 577;7;0;1;1;1;1
202400046662;155 699 578;60;0;2;7;19;5
202400046662;155 699 582;7;0;2;2;16;1
202400046663;155 699 576;7;4;0;1;14;6
202400046664;155 699 575;7;1;0;1;13;1
202400046665;155 699 572;7;0;9;0;10;1
202400046665;155 699 574;50;0;2;0;5;3
202400046666;155 699 570;7;0;2;2;14;0
202400046666;155 699 573;2;0;2;3;1;1
202400046667;155 699 568;7;0;2;3;1;1
202400046667;155 699 569;7;0;2;3;5;1
202400046668;155 699 571;7;0;1;1;15;0
202400046669;155 699 567;7;0;1;1;1;1
202400046670;155 699 566;7;6;0;1;1;1
202400046671;155 699 563;7;0;2;3;10;1
202400046671;155 699 564;32;1;2;3;1;1
202400046672;155 699 565;7;14;0;1;1;3
202400046673;155 699 562;21;0;0;0;16;0
202400046674;155 699 560;40;0;2;3;26;3
202400046674;155 699 561;7;0;4;2;15;1
202400046675;155 699 558;7;0;1;1;9;2
202400046676;155 699 556;7;0;2;3;13;1
202400046676;155 699 559;7;0;2;3;1;1
202400046677;155 699 553;7;0;2;9;2;1
202400046677;155 699 554;7;0;2;9;2;1
202400046677;155 699 555;7;0;2;1;2;1
202400046677;155 699 557;7;0;2;4;2;1
202400046678;155 699 550;7;2;0;1;1;1
202400046679;155 699 548;7;0;2;1;1;1
202400046679;155 699 549;7;0;2;1;1;1
202400046680;155 699 551;1;0;0;2;18;5
202400046680;155 699 552;7;0;0;7;1;1
202400046681;155 699 545;2;0;2;1;13;1
202400046681;155 699 547;38;0;2;3;1;1
202400046682;155 699 542;7;0;2;2;1;1
202400046682;155 699 544;7;0;2;8;1;1
202400046683;155 699 543;7;0;2;1;2;1
202400046683;155 699 546;7;0;2;4;2;1
202400046684;155 699 540;7;0;1;1;15;1
202400046685;155 699 539;7;13;0;6;19;1
202400046685;155 699 541;7;0;0;1;1;1
202400046686;155 699 536;7;0;0;9;1;1
202400046687;155 699 535;7;0;2;8;9;3
202400046687;155 699 537;50;0;2;1;25;3
202400046688;155 699 538;7;1;0;2;1;1
202400046689;155 699 533;30;0;0;7;9;1
202400046690;155 699 532;7;0;2;2;1;1
202400046690;155 699 534;7;0;2;1;1;1
202400046691;155 699 531;7;0;1;2;1;1
202400046692;155 699 530;7;0;1;3;2;2
202400046693;155 699 527;33;1;0;5;1;1
202400046694;155 699 528;7;0;2;1;1;1
202400046694;155 699 529;7;0;2;1;13;1
202400046695;155 699 523;7;0;2;2;19;1
202400046695;155 699 525;10;0;2;1;1;1
202400046696;155 699 521;50;0;9;2;0;3
202400046696;155 699 524;1;0;9;3;0;5
202400046697;155 699 522;7;0;2;1;1;1
202400046697;155 699 526;7;0;2;7;1;1
202400046698;155 699 519;15;0;0;4;1;1
202400046698;155 699 520;10;0;2;1;2;1
202400046699;155 699 518;7;1;1;1;1;1
202400046700;155 699 514;7;0;9;3;15;1
202400046700;155 699 516;33;0;2;1;2;1
202400046701;155 699 512;15;0;2;2;12;1
202400046701;155 699 515;7;0;2;6;1;1
202400046702;155 699 510;10;9;0;2;1;1
202400046703;155 699 511;33;0;2;1;17;1
202400046703;155 699 513;7;0;2;3;16;1
202400046703;155 699 517;2;0;2;6;2;1
202400046704;155 699 507;7;1;0;3;1;1
202400046705;155 699 506;32;0;2;7;3;1
202400046706;155 699 505;10;0;1;4;4;1
202400046707;155 699 502;7;3;2;1;2;1
202400046707;155 699 504;7;3;2;4;1;1
202400046708;155 699 500;7;0;2;1;1;1
202400046708;155 699 503;7;0;2;1;1;2
202400046709;155 699 499;7;0;2;1;2;1
202400046709;155 699 501;7;0;0;4;2;1
202400046710;155 699 497;33;0;2;7;1;1
202400046710;155 699 498;7;0;2;3;15;1
202400046711;155 699 496;2;0;0;4;26;3
202400046712;155 699 494;7;0;0;3;0;1
202400046712;155 699 495;7;0;0;3;0;1
202400046713;155 699 493;7;0;1;1;1;1
202400046714;155 699 489;7;0;2;2;17;1
202400046714;155 699 491;2;0;2;3;26;1
202400046715;155 699 490;7;0;2;1;26;1
202400046715;155 699 492;10;0;2;4;26;1
202400046716;155 699 488;50;0;0;0;1;3
202400046717;155 699 486;7;2;0;2;14;1
202400046718;155 699 485;7;0;2;7;19;1
202400046718;155 699 487;34;0;2;1;1;1
202400046719;155 699 484;7;0;1;1;15;1
202400046720;155 699 483;33;1;0;8;1;1
202400046721;155 699 482;7;13;0;1;13;1
202400046722;155 699 480;7;0;2;8;24;1
202400046722;155 699 481;1;1;0;2;1;5
202400046723;155 699 478;7;0;2;1;2;1
202400046723;155 699 479;17;0;2;4;2;1
202400046724;155 699 476;7;0;1;2;1;2
202400046725;155 699 474;7;0;2;3;1;1
202400046725;155 699 477;7;0;2;1;1;1
202400046726;155 699 475;7;0;1;2;1;1
202400046727;155 699 473;33;0;0;1;15;1
202400046728;155 699 472;7;0;0;9;14;1
202400046729;155 699 470;80;10;0;1;1;3
202400046730;155 699 469;7;0;4;8;15;1
202400046730;155 699 471;40;0;2;2;1;3
202400046731;155 699 466;7;0;2;1;2;1
202400046731;155 699 468;7;0;2;4;2;1
202400046732;155 699 465;1;0;2;1;1;5
202400046732;155 699 467;7;0;9;2;26;1
202400046733;155 699 464;7;11;0;2;15;1
202400046734;155 699 461;1;0;2;0;2;5
202400046734;155 699 463;14;0;2;0;2;1
202400046735;155 699 454;7;0;2;2;1;1
202400046735;155 699 457;50;0;2;1;5;3
202400046736;155 699 453;7;0;2;4;2;1
202400046736;155 699 456;7;0;2;4;2;1
202400046736;155 699 458;7;0;2;1;2;1
202400046736;155 699 459;7;0;2;9;2;1
202400046736;155 699 462;7;0;2;1;2;1
202400046737;155 699 455;0;0;1;1;1;0
202400046738;155 699 448;7;0;2;4;1;1
202400046738;155 699 450;7;0;2;1;1;1
202400046738;155 699 451;7;0;2;4;1;1
202400046739;155 699 447;7;0;2;1;2;1
202400046739;155 699 449;7;0;2;4;2;1
202400046739;155 699 452;7;0;2;4;2;1
202400046740;155 699 444;30;0;0;1;1;1
202400046741;155 699 443;7;0;2;4;23;1
202400046741;155 699 445;32;0;2;1;2;1
202400046742;155 699 441;10;0;2;3;1;1
202400046742;155 699 442;2;0;2;1;1;1
202400046743;155 699 438;10;0;2;1;1;1
202400046743;155 699 440;7;0;2;4;23;1
202400046744;155 699 437;80;0;2;1;26;3
202400046744;155 699 439;7;0;2;5;15;1
202400046745;155 699 436;7;0;1;3;15;1
202400046746;155 699 434;7;0;2;4;1;1
202400046746;155 699 435;7;0;2;1;9;1
202400046747;155 699 429;7;4;2;4;1;1
202400046747;155 699 430;7;4;2;0;2;1
202400046748;155 699 428;7;1;0;2;1;1
202400046748;155 699 431;7;0;2;2;24;1
202400046749;155 699 426;99;0;2;4;1;1
202400046749;155 699 427;33;0;2;1;2;1
202400046750;155 699 423;7;14;0;1;6;1
202400046751;155 699 421;13;6;0;1;1;1
202400046752;155 699 417;7;0;2;1;1;1
202400046752;155 699 422;7;0;2;1;13;1
202400046753;155 699 419;7;9;0;1;1;1
202400046754;155 699 418;32;0;2;1;1;1
202400046754;155 699 420;32;0;2;1;1;1
202400046755;155 699 416;7;0;0;9;0;1
202400046756;155 699 414;7;0;2;6;2;2
202400046756;155 699 415;33;0;2;1;2;1
202400046757;155 699 413;33;0;0;0;1;1
202400046758;155 699 412;7;6;0;1;1;1
202400046759;155 699 411;33;0;0;0;0;1
202400046760;155 699 409;7;2;0;1;14;1
202400046761;155 699 407;7;0;2;1;19;1
202400046761;155 699 410;7;0;2;2;1;1
202400046762;155 699 406;7;0;9;1;13;1
202400046762;155 699 408;2;0;2;1;2;1
202400046763;155 699 405;7;0;0;0;0;1
202400046764;155 699 402;7;0;2;0;0;0
202400046764;155 699 403;1;0;2;0;0;5
202400046765;155 699 401;32;0;2;1;17;1
202400046765;155 699 404;7;0;2;3;19;1
202400046766;155 699 396;30;0;2;5;1;1
202400046766;155 699 399;7;0;2;2;1;1
202400046767;155 699 395;7;0;2;1;1;1
202400046767;155 699 397;2;0;2;0;10;1
202400046768;155 699 391;7;0;2;2;9;3
202400046768;155 699 393;30;0;2;8;1;1
202400046769;155 699 392;7;0;2;1;1;1
202400046769;155 699 394;7;0;2;1;1;1
202400046770;155 699 390;7;0;1;1;1;1
202400046771;155 699 388;7;0;2;3;15;1
202400046771;155 699 389;50;0;2;0;0;3
202400046772;155 699 386;7;0;1;0;26;1
202400046773;155 699 385;7;0;2;2;2;0
202400046773;155 699 387;2;0;2;4;0;1
202400046774;155 699 384;33;15;0;1;1;1
202400046775;155 699 382;10;0;2;8;15;1
202400046775;155 699 383;33;0;2;1;17;1
202400046776;155 699 381;7;0;0;2;0;1
202400046777;155 699 378;7;4;2;4;1;1
202400046777;155 699 380;7;4;2;1;1;1
202400046778;155 699 377;31;8;0;3;1;1
202400046779;155 699 376;10;0;2;4;19;1
202400046779;155 699 379;33;0;2;1;1;1
202400046780;155 699 375;7;1;0;2;1;1
202400046781;155 699 371;7;0;2;8;26;1
202400046781;155 699 373;33;0;2;1;1;1
202400046782;155 699 372;7;4;0;2;13;1
202400046782;155 699 374;10;4;0;3;15;1
202400046783;155 699 370;31;0;0;0;16;1
202400046784;155 699 368;7;0;2;8;1;1
202400046784;155 699 369;16;0;2;2;21;1
202400046785;155 699 361;33;0;2;3;3;1
202400046785;155 699 364;7;0;2;2;12;1
202400046786;155 699 358;7;0;1;1;1;1
202400046786;155 699 360;7;0;1;2;1;1
202400046786;155 699 362;7;0;1;3;0;1
202400046786;155 699 365;7;0;1;1;1;1
202400046787;155 699 355;33;0;2;1;3;1
202400046787;155 699 357;7;0;2;7;12;1
202400046788;155 699 353;37;0;9;3;26;2
202400046788;155 699 354;31;0;9;1;1;0
202400046789;155 699 356;7;0;0;4;1;1
202400046789;155 699 359;7;0;2;7;1;1
202400046789;155 699 363;7;0;0;5;1;1
202400046789;155 699 366;33;0;2;8;18;1
202400046789;155 699 367;33;0;2;9;17;1
202400046790;155 699 350;43;0;2;2;3;1
202400046790;155 699 352;7;0;2;6;2;0
202400046791;155 699 347;80;1;0;2;1;3
202400046791;155 699 348;10;0;2;3;24;1
202400046792;155 699 345;7;0;2;3;2;1
202400046792;155 699 346;7;0;2;5;2;1
202400046793;155 699 340;7;1;1;1;1;1
202400046794;155 699 339;10;0;2;8;23;1
202400046794;155 699 341;7;0;2;3;7;1
202400046794;155 699 342;7;0;2;2;10;1
202400046794;155 699 344;34;0;2;3;23;1
202400046795;155 699 338;7;0;0;1;2;1
202400046795;155 699 343;7;0;0;4;23;1
202400046796;155 699 336;60;1;0;8;21;5
202400046797;155 699 335;7;1;2;1;1;1
202400046797;155 699 337;7;1;2;7;19;1
202400046798;155 699 331;80;0;2;1;2;3
202400046798;155 699 334;80;0;2;4;16;3
202400046799;155 699 330;7;0;2;0;15;1
202400046799;155 699 333;7;0;2;2;17;1
202400046800;155 699 329;7;0;2;1;2;1
202400046800;155 699 332;7;0;2;4;2;1
202400046801;155 699 327;10;0;9;1;1;3
202400046801;155 699 328;1;0;2;8;1;5
202400046802;155 699 324;7;0;2;1;1;1
202400046802;155 699 326;10;9;2;3;15;3
202400046803;155 699 323;7;0;2;3;13;1
202400046803;155 699 325;2;0;2;1;13;1
202400046804;155 699 321;7;16;0;1;1;1
202400046805;155 699 320;10;0;2;5;16;1
202400046805;155 699 322;1;0;2;1;1;5
202400046806;155 699 316;10;0;1;2;2;1
202400046807;155 699 314;7;0;2;3;1;3
202400046807;155 699 317;1;0;2;1;1;5
202400046808;155 699 315;7;0;0;0;5;1
202400046808;155 699 318;7;0;2;1;21;1
202400046808;155 699 319;7;0;2;4;2;1
202400046809;155 699 313;7;17;0;2;1;2
202400046810;155 699 311;7;0;1;3;1;1
202400046811;155 699 312;1;0;1;1;16;5
202400046812;155 699 306;1;9;1;1;1;5
202400046813;155 699 308;7;0;2;1;15;1
202400046813;155 699 310;7;0;2;1;1;1
202400046814;155 699 305;7;0;2;3;2;1
202400046814;155 699 307;7;0;2;6;15;1
202400046814;155 699 309;7;0;0;8;1;2
202400046815;155 699 301;30;0;2;1;0;1
202400046815;155 699 304;7;0;2;3;15;1
202400046816;155 699 300;2;0;0;0;1;1
202400046817;155 699 302;13;0;2;3;24;3
202400046817;155 699 303;1;0;2;1;7;5
202400046818;155 699 298;7;0;9;8;9;1
202400046818;155 699 299;50;0;2;1;25;3
202400046819;155 699 295;7;0;2;7;2;1
202400046819;155 699 296;33;12;2;0;0;1
202400046820;155 699 292;37;0;2;1;1;1
202400046820;155 699 293;7;0;2;1;13;1
202400046821;155 699 290;34;0;2;3;18;1
202400046821;155 699 291;7;0;2;2;16;1
202400046822;155 699 289;7;0;1;1;1;1
202400046823;155 699 285;10;0;2;3;24;1
202400046823;155 699 287;1;0;2;1;1;5
202400046824;155 699 284;7;1;0;2;14;1
202400046824;155 699 286;7;1;0;1;24;1
202400046825;155 699 288;7;0;2;1;1;1
202400046825;155 699 294;10;0;2;1;1;1
202400046825;155 699 297;0;0;2;4;23;0
202400046826;155 699 281;7;0;2;1;1;1
202400046826;155 699 283;7;0;2;7;10;1
202400046827;155 699 280;1;1;2;1;1;5
202400046827;155 699 282;7;0;2;3;20;1
202400046828;155 699 278;7;0;1;8;1;0
202400046829;155 699 277;7;0;2;4;1;1
202400046829;155 699 279;7;0;2;1;2;1
202400046830;155 699 275;7;1;0;2;14;3
202400046831;155 699 276;7;1;0;3;21;1
202400046832;155 699 270;7;0;2;2;1;1
202400046832;155 699 272;1;0;2;1;9;5
202400046833;155 699 268;7;0;2;4;2;1
202400046833;155 699 271;7;0;2;4;2;1
202400046833;155 699 273;7;0;2;1;2;1
202400046833;155 699 274;7;0;2;4;2;3
202400046834;155 699 269;33;0;1;3;1;1
202400046835;155 699 267;7;0;1;7;9;1
202400046836;155 699 265;7;1;1;2;1;1
202400046837;155 699 264;7;0;2;1;2;1
202400046837;155 699 266;7;0;2;4;1;1
202400046838;155 699 262;7;0;2;3;15;1
202400046838;155 699 263;34;0;0;0;0;1
202400046839;155 699 260;33;0;2;1;1;1
202400046839;155 699 261;7;0;2;5;15;2
202400046840;155 699 258;7;14;0;1;2;1
202400046841;155 699 253;30;0;2;3;15;1
202400046841;155 699 255;43;0;2;5;1;1
202400046842;155 699 252;7;0;2;1;1;1
202400046842;155 699 256;7;0;2;1;1;1
202400046842;155 699 257;7;0;2;4;1;1
202400046842;155 699 259;7;0;2;4;1;1
202400046843;155 699 251;7;0;2;2;5;1
202400046843;155 699 254;7;0;2;7;1;1
202400046844;155 699 248;10;0;1;2;1;1
202400046845;155 699 250;0;0;1;1;1;0
202400046846;155 699 247;7;0;2;6;11;1
202400046846;155 699 249;33;0;2;1;3;1
202400046847;155 699 246;10;7;0;1;13;3
202400046848;155 699 245;7;0;1;2;26;0
202400046849;155 699 244;7;3;0;1;1;1
202400046850;155 699 242;7;1;0;2;1;1
202400046851;155 699 241;33;0;2;7;1;1
202400046851;155 699 243;7;0;2;3;13;1
202400046852;155 699 239;33;4;2;0;2;1
202400046852;155 699 240;7;0;2;3;1;1
202400046853;155 699 237;7;0;2;1;9;1
202400046853;155 699 238;2;0;2;4;1;1
202400046854;155 699 235;7;3;0;1;1;1
202400046855;155 699 236;7;0;1;1;1;-1
202400046856;155 699 234;7;0;1;1;1;2
202400046857;155 699 229;7;0;2;1;2;1
202400046857;155 699 231;7;0;2;4;2;3
202400046857;155 699 233;7;0;2;4;2;1
202400046858;155 699 230;7;14;0;3;2;1
202400046859;155 699 228;7;16;0;4;1;2
202400046859;155 699 232;30;0;2;1;1;1
202400046860;155 699 224;7;0;2;1;1;1
202400046860;155 699 226;33;0;2;1;1;1
202400046860;155 699 227;7;0;2;4;1;1
202400046861;155 699 225;31;0;1;1;26;1
202400046862;155 699 222;33;0;0;2;16;1
202400046863;155 699 221;7;0;0;0;0;1
202400046863;155 699 223;7;0;2;3;15;1
202400046864;155 699 220;50;0;1;1;1;3
202400046865;155 699 216;7;0;1;1;14;3
202400046866;155 699 217;7;0;2;1;1;1
202400046866;155 699 218;7;0;2;1;1;1
202400046867;155 699 215;7;0;2;7;12;1
202400046867;155 699 219;33;0;2;3;2;1
202400046868;155 699 210;1;0;2;3;1;5
202400046868;155 699 213;7;0;2;2;15;1
202400046869;155 699 212;7;0;2;2;13;1
202400046869;155 699 214;7;0;2;1;0;1
202400046870;155 699 207;32;1;0;8;17;1
202400046870;155 699 209;7;0;2;4;1;1
202400046870;155 699 211;7;1;0;1;0;2
202400046871;155 699 205;7;0;2;2;5;1
202400046871;155 699 206;7;0;2;3;1;1
202400046872;155 699 204;7;0;2;0;24;1
202400046872;155 699 208;10;0;2;0;0;1
202400046873;155 699 203;50;0;1;1;1;3
202400046874;155 699 202;7;0;0;8;26;1
202400046875;155 699 200;7;0;2;4;23;1
202400046875;155 699 201;7;0;2;1;2;1
202400046876;155 699 199;32;1;0;0;17;0
202400046877;155 699 196;2;0;2;1;1;1
202400046877;155 699 198;7;0;2;7;1;1
202400046878;155 699 194;7;0;2;0;13;0
202400046878;155 699 197;38;0;2;3;1;1
202400046879;155 699 193;7;0;2;3;1;1
202400046879;155 699 195;50;0;2;1;1;3
202400046880;155 699 189;7;0;0;0;0;1
202400046880;155 699 191;2;0;0;0;0;3
202400046881;155 699 190;7;0;0;0;0;1
202400046881;155 699 192;7;0;0;0;0;1
202400046882;155 699 188;7;0;1;1;13;1
202400046883;155 699 185;7;0;2;4;2;1
202400046883;155 699 187;37;0;2;1;2;1
202400046884;155 699 184;7;0;2;3;16;1
202400046884;155 699 186;2;0;2;1;15;1
202400046885;155 699 183;7;0;1;0;2;0
202400046886;155 699 181;7;0;2;1;1;1
202400046886;155 699 182;7;0;2;4;1;1
202400046887;155 699 180;7;0;1;3;1;1
202400046888;155 699 177;43;0;2;1;2;1
202400046888;155 699 179;7;0;2;5;2;1
202400046889;155 699 176;7;13;0;2;0;1
202400046890;155 699 175;7;0;2;7;17;1
202400046890;155 699 178;50;0;2;0;0;3
202400046891;155 699 172;7;0;1;3;1;1
202400046892;155 699 173;80;0;1;2;25;3
202400046893;155 699 170;17;0;0;0;2;1
202400046893;155 699 171;31;14;0;1;2;1
202400046894;155 699 169;7;0;1;1;2;1
202400046895;155 699 168;7;2;0;6;14;1
202400046896;155 699 166;7;0;1;3;1;1
202400046897;155 699 167;31;1;0;1;14;1
202400046898;155 699 164;33;0;2;1;1;1
202400046898;155 699 165;7;0;2;1;15;1
202400046899;155 699 162;14;0;2;8;1;1
202400046899;155 699 163;21;0;2;6;1;0
202400046900;155 699 160;7;6;0;3;13;1
202400046901;155 699 157;7;0;0;1;1;1
202400046901;155 699 161;7;0;0;3;9;1
202400046902;155 699 153;7;0;0;4;1;1
202400046902;155 699 156;7;0;2;1;1;1
202400046903;155 699 148;7;0;2;4;2;1
202400046903;155 699 152;7;0;2;4;2;1
202400046903;155 699 154;7;0;2;4;2;1
202400046904;155 699 149;10;0;2;7;13;1
202400046904;155 699 151;7;0;2;1;1;1
202400046905;155 699 150;7;0;2;3;1;1
202400046905;155 699 155;7;0;2;1;1;1
202400046906;155 699 146;1;0;2;1;15;5
202400046906;155 699 147;7;0;2;5;15;1
202400046907;155 699 145;7;0;1;2;1;1
202400046908;155 699 144;7;4;0;3;13;1
202400046909;155 699 142;80;1;0;7;21;3
202400046910;155 699 137;7;0;2;1;2;1
202400046910;155 699 141;7;0;2;4;2;1
202400046910;155 699 143;10;0;0;6;2;1
202400046911;155 699 134;7;0;2;1;1;1
202400046911;155 699 139;7;0;2;1;1;1
202400046911;155 699 140;7;0;2;5;19;1
202400046912;155 699 136;30;8;0;1;1;1
202400046913;155 699 135;7;0;2;1;15;1
202400046913;155 699 138;7;0;2;1;1;3
202400046914;155 699 133;7;3;0;3;1;1
202400046915;155 699 130;7;0;2;2;1;1
202400046915;155 699 132;7;0;2;8;1;1
202400046916;155 699 131;7;13;0;2;21;1
202400046917;155 699 127;7;0;2;6;15;1
202400046917;155 699 128;33;0;2;2;17;1
202400046918;155 699 124;7;13;0;1;1;1
202400046919;155 699 126;33;0;2;2;17;1
202400046919;155 699 129;7;0;2;3;15;3
202400046920;155 699 121;7;0;2;3;16;1
202400046920;155 699 123;7;0;2;3;1;1
202400046920;155 699 125;7;0;0;0;2;1
202400046921;155 699 120;2;0;0;9;13;1
202400046922;155 699 122;50;0;1;1;1;3
202400046923;155 699 119;7;0;0;0;1;1
202400046924;155 699 117;33;0;5;7;1;1
202400046925;155 699 116;7;2;0;3;1;1
202400046926;155 699 115;3;0;2;7;15;1
202400046926;155 699 118;7;0;2;1;15;1
202400046927;155 699 113;33;0;0;6;10;1
202400046927;155 699 114;33;0;2;2;1;1
202400046928;155 699 109;33;0;2;2;2;1