Num_Acc;id_vehicule;catv;obs;obsm;choc;manv;motor
202400047655;155 697 875;1;0;2;8;2;5
202400047656;155 697 872;10;4;0;1;1;1
202400047657;155 697 867;7;0;2;3;10;0
202400047657;155 697 870;30;0;2;1;1;1
202400047658;155 697 863;7;0;2;1;1;1
202400047658;155 697 871;7;0;2;9;19;1
202400047659;155 697 860;7;0;0;2;14;1
202400047660;155 697 862;7;0;2;1;1;1
202400047660;155 697 865;7;0;2;9;1;2
202400047660;155 697 869;7;0;2;4;1;1
202400047661;155 697 861;7;0;2;1;1;3
202400047661;155 697 864;7;0;2;4;1;1
202400047661;155 697 866;7;0;2;4;1;1
202400047661;155 697 868;7;0;0;4;15;1
202400047662;155 697 858;7;0;2;1;15;1
202400047662;155 697 859;50;0;2;2;5;3
202400047663;155 697 857;7;0;1;1;1;1
202400047664;155 697 855;36;8;0;1;14;1
202400047665;155 697 848;7;0;2;1;2;1
202400047665;155 697 852;7;0;2;4;23;1
202400047666;155 697 851;7;0;2;1;1;1
202400047666;155 697 854;10;0;2;4;1;1
202400047667;155 697 850;7;0;1;3;1;1
202400047668;155 697 847;7;0;2;1;17;1
202400047668;155 697 853;7;0;2;1;1;1
202400047668;155 697 856;7;0;2;6;1;1
202400047669;155 697 846;21;0;9;8;26;1
202400047669;155 697 849;1;0;2;1;1;5
202400047670;155 697 844;43;0;1;1;0;1
202400047671;155 697 838;7;0;1;1;0;1
202400047672;155 697 843;7;0;1;2;1;1
202400047673;155 697 839;7;0;2;2;14;1
202400047673;155 697 842;7;0;2;6;1;1
202400047674;155 697 837;7;0;2;9;1;1
202400047674;155 697 840;7;0;2;4;1;1
202400047674;155 697 845;10;0;2;1;1;1
202400047675;155 697 836;7;0;2;1;0;1
202400047675;155 697 841;7;0;2;8;0;1
202400047676;155 697 833;30;0;2;8;1;1
202400047676;155 697 835;50;0;2;8;1;3
202400047677;155 697 834;33;0;0;0;21;1
202400047678;155 697 830;7;0;2;1;26;1
202400047678;155 697 832;33;0;2;0;0;1
202400047679;155 697 829;7;0;1;4;4;1
202400047680;155 697 822;10;0;1;2;1;1
202400047681;155 697 825;10;0;2;1;2;1
202400047681;155 697 827;10;0;2;4;2;0
202400047681;155 697 831;10;0;2;4;2;1
202400047682;155 697 823;7;8;0;1;13;1
202400047683;155 697 821;37;0;2;1;10;1
202400047683;155 697 824;7;0;2;1;1;1
202400047684;155 697 819;7;0;2;3;1;1
202400047684;155 697 826;7;0;2;3;1;1
202400047685;155 697 817;7;0;2;4;1;1
202400047685;155 697 818;7;0;2;1;1;1
202400047685;155 697 820;7;0;0;4;23;1
202400047686;155 697 814;10;0;2;5;1;1
202400047686;155 697 816;33;0;2;1;12;3
202400047687;155 697 810;7;0;2;3;13;1
202400047687;155 697 812;10;0;2;3;21;1
202400047688;155 697 809;7;0;9;0;1;1
202400047688;155 697 815;1;0;2;0;1;5
202400047689;155 697 811;31;0;0;8;26;1
202400047690;155 697 808;7;0;2;7;1;1
202400047690;155 697 813;33;4;2;3;3;1
202400047691;155 697 807;7;7;0;1;1;2
202400047692;155 697 804;7;0;1;4;20;1
202400047693;155 697 802;7;0;2;6;14;1
202400047693;155 697 806;15;0;2;2;2;1
202400047694;155 697 801;7;0;2;1;13;1
202400047694;155 697 805;7;0;2;1;1;1
202400047695;155 697 797;7;0;0;3;15;2
202400047695;155 697 800;30;0;2;1;17;1
202400047696;155 697 798;10;0;2;1;14;1
202400047696;155 697 803;7;0;2;6;1;1
202400047697;155 697 795;50;0;2;8;19;3
202400047697;155 697 799;7;0;2;8;15;2
202400047698;155 697 793;7;0;2;6;2;1
202400047698;155 697 796;33;0;2;2;3;1
202400047699;155 697 789;7;0;2;4;1;1
202400047699;155 697 792;7;0;2;1;1;1
202400047699;155 697 794;33;0;2;9;1;1
202400047700;155 697 787;7;0;1;4;1;1
202400047701;155 697 786;7;0;2;3;1;1
202400047701;155 697 790;33;0;9;2;3;1
202400047702;155 697 785;1;0;2;6;9;5
202400047702;155 697 791;7;0;9;2;2;1
202400047703;155 697 784;32;0;2;1;2;1
202400047703;155 697 788;7;0;2;4;2;2
202400047704;155 697 780;30;0;2;2;1;1
202400047704;155 697 782;7;0;2;5;16;1
202400047705;155 697 778;7;0;2;4;1;3
202400047705;155 697 781;31;0;2;1;1;1
202400047706;155 697 774;7;0;1;1;1;1
202400047707;155 697 773;1;0;2;7;19;5
202400047707;155 697 776;7;0;2;1;2;1
202400047708;155 697 775;7;0;2;4;2;1
202400047708;155 697 779;7;0;2;1;2;2
202400047708;155 697 783;7;0;2;4;2;1
202400047709;155 697 770;0;0;2;3;20;0
202400047709;155 697 772;31;0;2;7;13;1
202400047710;155 697 771;43;0;2;2;1;1
202400047710;155 697 777;0;0;2;3;0;0
202400047711;155 697 767;1;15;2;8;1;5
202400047711;155 697 769;15;0;2;5;17;0
202400047712;155 697 766;7;0;1;1;15;1
202400047713;155 697 764;31;0;2;1;2;1
202400047713;155 697 768;7;0;9;5;2;3
202400047714;155 697 762;7;0;1;1;1;1
202400047715;155 697 760;33;0;2;8;21;1
202400047715;155 697 763;7;0;2;6;2;1
202400047716;155 697 759;10;0;2;1;19;1
202400047716;155 697 761;7;0;2;8;1;1
202400047717;155 697 757;7;0;2;1;2;1
202400047717;155 697 765;7;0;2;4;9;2
202400047718;155 697 755;7;1;0;9;2;1
202400047719;155 697 753;7;0;2;2;11;1
202400047719;155 697 756;7;0;2;6;1;1
202400047720;155 697 748;33;0;2;1;13;1
202400047720;155 697 752;7;0;2;4;1;1
202400047721;155 697 749;1;0;2;4;26;5
202400047721;155 697 751;10;0;2;2;9;1
202400047722;155 697 745;7;0;2;2;15;1
202400047722;155 697 746;30;0;2;2;1;1
202400047723;155 697 750;32;0;2;1;3;1
202400047723;155 697 754;7;0;2;4;1;1
202400047724;155 697 739;7;0;2;2;12;1
202400047724;155 697 740;33;0;2;3;3;1
202400047725;155 697 743;14;0;2;3;1;1
202400047725;155 697 747;32;0;2;3;5;1
202400047726;155 697 737;7;0;2;5;1;1
202400047726;155 697 741;10;0;2;0;12;0
202400047726;155 697 744;32;0;2;6;1;1
202400047727;155 697 742;34;0;1;1;7;1
202400047728;155 697 735;7;0;2;1;2;2
202400047728;155 697 738;7;0;2;4;11;1
202400047729;155 697 734;7;0;2;1;2;1
202400047729;155 697 736;7;0;2;4;15;1
202400047730;155 697 733;33;0;0;0;16;1
202400047731;155 697 729;30;0;2;0;23;0
202400047731;155 697 732;30;0;2;1;1;1
202400047732;155 697 726;7;0;2;6;11;1
202400047732;155 697 730;31;0;2;2;1;1
202400047733;155 697 723;31;1;0;1;3;1
202400047733;155 697 724;7;0;2;3;24;1
202400047734;155 697 721;7;0;2;3;1;1
202400047734;155 697 727;7;0;2;7;15;1
202400047735;155 697 725;2;0;2;1;10;1
202400047735;155 697 731;31;0;2;2;1;1
202400047736;155 697 720;7;0;2;2;26;1
202400047736;155 697 728;1;0;2;1;26;5
202400047737;155 697 722;7;0;1;1;1;1
202400047738;155 697 719;10;0;1;2;1;1
202400047739;155 697 718;1;0;0;0;1;5
202400047740;155 697 713;7;0;2;1;1;1
202400047740;155 697 716;7;0;2;8;15;1
202400047741;155 697 712;7;0;9;3;2;1
202400047741;155 697 717;60;0;2;2;2;5
202400047742;155 697 708;7;0;2;8;9;1
202400047742;155 697 714;1;0;2;1;1;5
202400047743;155 697 709;7;0;2;1;1;1
202400047743;155 697 711;7;0;2;4;1;1
202400047744;155 697 706;7;0;1;0;1;1
202400047745;155 697 710;7;0;9;1;14;1
202400047745;155 697 715;1;0;2;4;26;5
202400047746;155 697 704;7;1;0;1;1;1
202400047747;155 697 703;7;0;2;2;19;1
202400047747;155 697 705;33;0;2;1;1;1
202400047748;155 697 699;7;0;2;5;15;1
202400047748;155 697 701;34;0;2;3;1;1
202400047749;155 697 700;33;0;2;7;1;1
202400047749;155 697 702;7;0;2;8;20;3
202400047750;155 697 692;37;0;2;1;1;1
202400047750;155 697 697;50;0;2;8;19;3
202400047751;155 697 691;33;0;2;1;1;1
202400047751;155 697 696;10;0;2;5;15;1
202400047752;155 697 688;7;0;2;3;1;1
202400047752;155 697 690;7;0;2;3;13;1
202400047752;155 697 695;15;0;2;3;1;1
202400047753;155 697 694;7;0;0;6;24;1
202400047753;155 697 698;7;1;0;2;14;1
202400047754;155 697 689;32;0;2;1;7;1
202400047754;155 697 693;7;0;2;7;16;1
202400047755;155 697 685;80;0;2;1;2;3
202400047755;155 697 687;50;0;2;4;2;3
202400047756;155 697 682;30;0;2;1;1;1
202400047756;155 697 686;7;0;2;5;1;1
202400047757;155 697 681;7;0;2;0;26;1
202400047757;155 697 684;33;0;2;1;1;1
202400047758;155 697 680;33;13;0;1;1;1
202400047759;155 697 677;7;0;2;3;17;1
202400047759;155 697 683;30;0;2;1;1;1
202400047760;155 697 678;10;0;1;2;1;1
202400047761;155 697 676;7;0;2;2;14;1
202400047761;155 697 679;7;0;2;2;23;2
202400047762;155 697 673;10;0;1;1;1;2
202400047763;155 697 669;33;0;2;1;2;1
202400047763;155 697 672;7;0;2;4;23;1
202400047764;155 697 671;1;0;2;8;2;5
202400047764;155 697 674;0;0;2;0;0;0
202400047765;155 697 670;3;1;0;2;1;1
202400047766;155 697 668;7;0;2;2;1;1
202400047766;155 697 675;7;0;2;8;1;2
202400047767;155 697 664;33;0;2;1;2;1
202400047767;155 697 666;32;0;2;4;2;3
202400047768;155 697 667;1;0;1;1;1;5
202400047769;155 697 661;7;13;0;2;14;1
202400047770;155 697 663;7;0;2;4;1;1
202400047770;155 697 665;2;0;2;1;17;3
202400047771;155 697 660;10;0;1;4;4;1
202400047772;155 697 659;7;0;2;6;15;0
202400047772;155 697 662;2;0;2;2;2;0
202400047773;155 697 654;31;0;2;1;17;1
202400047773;155 697 658;10;0;2;3;15;1
202400047774;155 697 651;7;0;2;1;1;1
202400047774;155 697 656;33;0;2;1;13;1
202400047775;155 697 650;1;9;0;3;13;5
202400047775;155 697 655;33;9;9;2;1;1
202400047776;155 697 649;32;0;2;3;17;1
202400047776;155 697 657;7;0;2;2;15;1
202400047777;155 697 648;7;0;2;2;1;1
202400047777;155 697 652;7;0;2;1;9;1
202400047778;155 697 647;50;0;2;3;1;3
202400047778;155 697 653;7;0;2;2;16;1
202400047779;155 697 645;33;0;2;1;1;1
202400047779;155 697 646;7;0;2;2;15;1
202400047780;155 697 643;33;0;1;1;1;1
202400047781;155 697 638;1;0;0;7;2;5
202400047782;155 697 633;7;0;2;8;0;1
202400047782;155 697 641;14;0;2;7;1;1
202400047783;155 697 632;33;0;2;1;2;1
202400047783;155 697 637;10;0;2;4;2;1
202400047784;155 697 636;7;0;2;3;1;1
202400047784;155 697 642;7;0;2;2;1;1
202400047785;155 697 635;7;0;2;1;1;2
202400047785;155 697 639;7;0;2;4;1;1
202400047785;155 697 644;7;0;2;4;1;1
202400047786;155 697 631;14;1;1;2;16;1
202400047787;155 697 634;7;0;2;7;15;1
202400047787;155 697 640;30;0;2;1;1;1
202400047788;155 697 630;2;12;0;2;1;3
202400047789;155 697 626;80;12;0;7;14;3
202400047790;155 697 625;7;0;1;2;1;1
202400047791;155 697 624;10;0;2;1;2;0
202400047791;155 697 629;7;0;2;4;2;0
202400047792;155 697 627;50;0;1;8;1;3
202400047793;155 697 622;7;0;2;3;15;1
202400047793;155 697 623;7;0;2;2;26;1
202400047794;155 697 620;31;4;0;1;0;1
202400047795;155 697 617;33;0;1;1;5;1
202400047796;155 697 618;7;0;1;1;1;1
202400047797;155 697 616;7;0;1;3;1;1
202400047798;155 697 614;7;0;2;3;15;1
202400047798;155 697 619;34;0;2;1;1;1
202400047799;155 697 615;1;0;2;2;15;5
202400047799;155 697 621;1;0;2;1;1;5
202400047800;155 697 613;1;1;0;2;2;5
202400047801;155 697 612;7;0;1;1;15;1
202400047802;155 697 611;30;0;1;1;1;1
202400047803;155 697 610;1;0;1;1;1;5
202400047804;155 697 605;7;0;2;2;15;1
202400047804;155 697 609;50;0;2;1;1;3
202400047805;155 697 607;32;0;0;0;0;1
202400047806;155 697 604;32;0;2;4;1;1
202400047807;155 697 602;50;0;2;3;15;3
202400047807;155 697 606;7;0;2;2;1;2
202400047808;155 697 601;0;0;1;1;25;0
202400047809;155 697 600;7;0;1;8;1;1
202400047810;155 697 596;7;0;2;3;15;1
202400047810;155 697 598;50;0;2;1;2;3
202400047811;155 697 597;10;0;2;1;17;1
202400047811;155 697 599;10;0;2;1;1;1
202400047811;155 697 603;7;0;2;1;23;1
202400047811;155 697 608;7;0;2;8;24;1
202400047812;155 697 594;7;15;0;2;1;1
202400047813;155 697 592;10;0;1;4;4;1
202400047814;155 697 593;43;0;2;1;18;0
202400047814;155 697 595;10;1;0;5;16;0
202400047815;155 697 590;7;1;0;3;2;2
202400047816;155 697 587;7;0;2;7;14;1
202400047816;155 697 589;50;0;2;3;1;3
202400047817;155 697 591;1;0;1;2;26;5
202400047818;155 697 586;50;0;1;1;18;3
202400047819;155 697 585;7;0;2;6;15;1
202400047819;155 697 588;33;0;2;1;2;1
202400047820;155 697 584;7;2;0;2;1;1
202400047821;155 697 581;7;0;1;1;15;1
202400047822;155 697 582;7;0;2;2;15;1
202400047823;155 697 579;37;0;2;3;1;0
202400047823;155 697 583;7;0;2;7;0;1
202400047824;155 697 578;1;0;2;8;16;5
202400047824;155 697 580;37;0;2;2;16;2
202400047825;155 697 567;7;0;2;1;19;1
202400047825;155 697 577;10;0;2;8;1;1
202400047826;155 697 572;2;0;2;1;17;1
202400047826;155 697 576;7;0;2;8;15;1
202400047827;155 697 570;33;0;2;1;0;1
202400047827;155 697 574;7;0;2;2;10;1
202400047828;155 697 566;10;0;2;2;1;1
202400047828;155 697 569;1;0;2;8;0;5
202400047829;155 697 568;1;0;2;0;1;5
202400047829;155 697 573;7;0;2;0;1;1
202400047830;155 697 571;7;0;2;1;1;1
202400047830;155 697 575;7;0;2;3;1;1
202400047831;155 697 561;7;0;1;3;1;1
202400047832;155 697 563;7;0;1;4;4;1
202400047833;155 697 557;33;0;2;7;26;1
202400047833;155 697 560;10;0;2;8;9;1
202400047834;155 697 556;7;0;0;2;19;0
202400047834;155 697 564;7;0;0;0;0;0
202400047835;155 697 554;50;0;2;1;19;3
202400047835;155 697 562;7;0;9;7;1;1
202400047836;155 697 555;33;0;2;1;5;0
202400047836;155 697 559;7;0;2;3;15;1
202400047837;155 697 558;30;0;2;1;1;1
202400047837;155 697 565;7;0;2;3;9;3
202400047838;155 697 551;10;0;2;2;1;1
202400047838;155 697 553;7;0;2;2;15;1
202400047839;155 697 547;33;0;0;0;0;1
202400047839;155 697 552;7;0;2;1;26;2
202400047840;155 697 546;60;0;2;7;14;5
202400047840;155 697 549;0;0;2;8;17;0
202400047841;155 697 542;10;0;2;1;2;1
202400047841;155 697 550;15;0;2;4;1;1
202400047842;155 697 538;10;0;2;1;15;1
202400047842;155 697 543;37;0;2;8;1;1
202400047843;155 697 537;7;0;2;4;26;1
202400047843;155 697 540;32;12;2;1;13;1
202400047844;155 697 539;7;0;2;2;1;1
202400047844;155 697 548;10;0;2;3;1;1
202400047845;155 697 535;7;1;0;2;26;1
202400047846;155 697 541;7;9;2;1;16;1
202400047846;155 697 544;1;0;2;1;1;5
202400047847;155 697 532;7;0;2;7;1;1
202400047847;155 697 545;7;0;2;1;1;1
202400047848;155 697 531;7;9;0;2;19;1
202400047849;155 697 530;30;0;2;1;18;3
202400047849;155 697 534;7;0;2;2;15;1
202400047850;155 697 528;2;0;2;1;0;1
202400047850;155 697 529;7;0;2;1;15;1
202400047851;155 697 526;7;0;1;2;26;3
202400047852;155 697 525;31;16;0;0;1;1
202400047853;155 697 527;32;1;0;6;1;1
202400047854;155 697 521;7;0;2;1;24;1
202400047854;155 697 522;1;1;0;1;1;5
202400047855;155 697 519;7;0;2;7;2;1
202400047855;155 697 524;80;0;2;8;2;3
202400047856;155 697 520;7;0;9;1;2;1
202400047856;155 697 523;1;0;2;1;2;5
202400047857;155 697 516;33;0;1;1;0;1
202400047858;155 697 515;7;0;9;1;1;1
202400047858;155 697 518;1;0;2;8;26;5
202400047859;155 697 514;32;0;2;1;0;1
202400047859;155 697 517;7;0;0;6;1;2
202400047860;155 697 513;7;0;1;1;16;1
202400047861;155 697 508;1;0;0;0;1;5
202400047862;155 697 506;31;0;2;1;1;1
202400047862;155 697 510;7;0;2;2;21;1
202400047863;155 697 509;7;0;2;1;1;2
202400047863;155 697 511;7;0;2;7;1;1
202400047864;155 697 504;7;0;2;7;1;1
202400047864;155 697 512;2;16;2;1;2;1
202400047865;155 697 502;7;0;1;2;15;1
202400047866;155 697 501;7;0;2;6;16;1
202400047866;155 697 505;50;0;2;1;1;3
202400047867;155 697 503;7;0;9;7;18;1
202400047867;155 697 507;80;0;0;8;2;3
202400047868;155 697 498;7;0;2;2;15;1
202400047868;155 697 499;50;0;2;8;1;3
202400047869;155 697 493;7;6;2;1;21;1
202400047870;155 697 492;7;0;0;4;2;1
202400047870;155 697 497;2;0;2;1;2;1
202400047871;155 697 491;7;0;9;0;0;0
202400047871;155 697 495;1;0;2;8;2;5
202400047872;155 697 494;7;0;9;2;21;1
202400047872;155 697 500;1;0;2;8;15;5
202400047873;155 697 490;7;8;0;1;13;1
202400047874;155 697 489;2;0;2;1;1;1
202400047874;155 697 496;10;0;2;7;15;1
202400047875;155 697 484;7;8;0;9;0;1
202400047876;155 697 482;80;0;2;1;1;3
202400047876;155 697 487;7;0;2;2;15;1
202400047877;155 697 485;7;0;1;2;1;1
202400047878;155 697 481;2;0;2;1;2;1
202400047878;155 697 488;2;0;0;9;1;1
202400047879;155 697 479;7;0;2;8;11;1
202400047879;155 697 483;33;0;2;7;17;1
202400047880;155 697 478;7;0;0;4;23;1
202400047880;155 697 480;10;0;2;1;1;1
202400047881;155 697 476;33;0;0;9;17;1
202400047882;155 697 475;32;0;0;0;0;1
202400047883;155 697 473;10;0;2;2;1;1
202400047883;155 697 477;7;0;2;3;15;1
202400047884;155 697 470;15;0;2;2;0;1
202400047884;155 697 472;7;0;2;3;0;1
202400047885;155 697 469;7;0;2;1;1;1
202400047885;155 697 474;10;0;2;6;9;1
202400047886;155 697 465;7;0;1;3;1;1
202400047887;155 697 464;10;0;2;3;13;1
202400047887;155 697 468;7;12;2;3;1;1
202400047888;155 697 466;32;0;2;3;10;1
202400047888;155 697 471;7;0;2;7;14;2
202400047889;155 697 463;50;0;2;1;19;3
202400047889;155 697 467;7;0;2;7;26;1
202400047890;155 697 462;15;13;0;3;21;1
202400047891;155 697 459;7;3;2;1;1;1
202400047891;155 697 460;7;0;2;4;1;1
202400047892;155 697 455;3;0;2;1;0;1
202400047892;155 697 461;7;0;2;1;9;1
202400047893;155 697 453;7;0;2;6;15;1
202400047893;155 697 458;33;0;2;1;1;1
202400047894;155 697 450;33;0;2;1;1;1
202400047894;155 697 454;10;0;2;8;15;1
202400047895;155 697 451;30;0;2;1;1;1
202400047895;155 697 457;7;0;2;1;5;1
202400047896;155 697 447;7;0;2;0;1;2
202400047896;155 697 449;50;0;2;0;19;3
202400047897;155 697 445;7;4;0;1;26;1
202400047898;155 697 441;7;0;2;5;1;1
202400047898;155 697 444;2;0;2;1;1;1
202400047899;155 697 443;7;0;2;4;0;1
202400047899;155 697 446;7;0;2;1;0;1
202400047899;155 697 448;34;0;2;0;0;3
202400047899;155 697 452;7;0;2;1;0;1
202400047899;155 697 456;7;0;2;0;0;1
202400047900;155 697 439;7;0;0;1;14;1
202400047901;155 697 438;32;0;2;1;9;1
202400047901;155 697 440;7;0;2;3;0;2
202400047902;155 697 436;7;0;2;4;2;2
202400047902;155 697 442;7;0;2;1;2;1
202400047903;155 697 437;7;8;0;1;1;1
202400047904;155 697 430;7;0;2;3;16;1
202400047904;155 697 435;2;0;2;1;1;0
202400047905;155 697 434;7;0;1;2;1;1
202400047906;155 697 431;7;0;0;3;9;1
202400047906;155 697 433;31;0;0;8;1;1
202400047907;155 697 428;7;0;2;4;23;1
202400047907;155 697 432;10;0;2;1;1;1
202400047908;155 697 429;30;0;0;7;16;1
202400047909;155 697 426;36;0;0;9;23;1
202400047910;155 697 425;33;0;2;8;9;1
202400047910;155 697 427;7;0;2;0;1;1
202400047911;155 697 423;7;0;1;8;15;0
202400047912;155 697 420;7;0;2;3;19;1
202400047912;155 697 424;80;0;2;2;1;3
202400047913;155 697 419;7;1;2;3;15;1
202400047913;155 697 422;34;0;2;1;1;1
202400047914;155 697 418;7;13;0;2;1;1
202400047915;155 697 416;33;0;1;1;1;1
202400047916;155 697 417;7;0;1;2;16;2
202400047917;155 697 415;7;0;2;3;19;1
202400047917;155 697 421;7;0;2;1;1;1
202400047918;155 697 410;7;0;2;3;15;1
202400047918;155 697 414;33;0;2;1;1;1
202400047919;155 697 409;7;1;0;3;13;1
202400047920;155 697 411;33;0;1;1;1;1
202400047921;155 697 405;33;0;2;8;21;1
202400047921;155 697 408;7;0;2;3;17;0
202400047922;155 697 407;60;0;2;1;1;5
202400047922;155 697 412;7;0;2;2;15;1
202400047923;155 697 406;7;0;2;1;15;1
202400047923;155 697 413;33;0;2;1;1;1
202400047924;155 697 399;7;0;2;1;13;1
202400047924;155 697 404;7;0;2;2;1;1
202400047925;155 697 398;34;2;0;1;1;1
202400047926;155 697 397;50;0;2;7;1;3
202400047926;155 697 401;10;0;2;8;2;0
202400047927;155 697 395;7;0;0;9;1;2
202400047927;155 697 396;7;0;2;1;1;1
202400047927;155 697 402;7;0;2;9;1;1
202400047928;155 697 394;7;0;2;7;15;1
202400047928;155 697 403;7;0;2;1;1;1
202400047929;155 697 392;33;0;2;2;26;1
202400047929;155 697 393;10;0;2;6;15;1
202400047930;155 697 388;14;0;2;2;16;1
202400047930;155 697 390;7;12;2;2;26;1
202400047931;155 697 400;34;0;1;1;0;1
202400047932;155 697 387;33;12;0;1;1;1
202400047933;155 697 386;10;0;2;1;1;3
202400047933;155 697 389;7;0;2;4;1;1
202400047933;155 697 391;7;0;2;4;1;1
202400047934;155 697 384;7;0;2;1;5;1
202400047934;155 697 385;7;0;2;1;5;1
202400047935;155 697 382;20;0;2;4;2;1
202400047935;155 697 383;10;0;2;1;2;1
202400047936;155 697 380;7;13;0;9;13;1
202400047937;155 697 377;1;0;1;1;1;5
202400047938;155 697 374;7;0;2;3;9;1
202400047938;155 697 381;50;0;2;0;0;3
202400047939;155 697 376;10;0;2;7;15;0
202400047939;155 697 379;50;0;2;1;1;3
202400047940;155 697 372;15;0;2;2;12;1
202400047940;155 697 375;7;0;2;8;1;1
202400047941;155 697 371;7;0;0;9;1;1
202400047942;155 697 369;33;13;0;1;1;1
202400047943;155 697 363;50;0;2;1;19;3
202400047943;155 697 370;7;0;2;8;2;3
202400047944;155 697 365;7;0;2;1;2;3
202400047944;155 697 367;7;0;2;4;2;1
202400047945;155 697 364;7;0;2;6;17;2
202400047945;155 697 366;33;0;2;1;21;1
202400047946;155 697 362;13;0;1;0;1;1
202400047947;155 697 361;7;0;2;1;0;1
202400047947;155 697 368;7;0;2;8;1;1
202400047948;155 697 360;14;8;0;3;2;1
202400047949;155 697 358;7;0;2;3;11;1
202400047949;155 697 359;43;0;2;1;3;1
202400047950;155 697 356;7;0;1;1;1;1
202400047951;155 697 350;33;14;0;9;19;1
202400047951;155 697 353;15;0;2;9;19;1
202400047951;155 697 357;7;0;2;1;1;3
202400047952;155 697 351;10;0;0;6;2;1
202400047952;155 697 354;1;0;2;1;2;5
202400047953;155 697 348;7;3;2;4;1;1
202400047953;155 697 352;10;0;2;2;17;1
202400047954;155 697 347;17;0;2;7;12;1
202400047954;155 697 349;7;0;2;8;1;1
202400047955;155 697 346;7;2;0;3;1;1
202400047956;155 697 345;10;0;0;5;2;1
202400047957;155 697 344;7;0;2;3;1;1
202400047957;155 697 355;33;0;2;1;0;1
202400047958;155 697 339;7;0;2;3;13;1
202400047958;155 697 343;7;1;2;3;2;1
202400047959;155 697 340;7;0;2;7;1;1
202400047959;155 697 342;43;0;2;7;1;1
202400047960;155 697 338;15;0;2;6;12;1
202400047960;155 697 341;7;4;2;2;11;1
202400047961;155 697 334;7;0;2;5;12;2
202400047961;155 697 337;33;0;2;3;1;1
202400047962;155 697 333;7;0;2;3;15;2
202400047962;155 697 335;31;0;2;1;1;1
202400047963;155 697 332;7;0;2;3;13;1
202400047963;155 697 336;33;0;2;1;1;1
202400047964;155 697 329;33;0;2;1;3;2
202400047964;155 697 331;7;0;2;5;12;1
202400047965;155 697 328;7;2;0;3;0;1
202400047966;155 697 326;7;13;0;1;13;1
202400047967;155 697 323;7;0;0;2;15;1
202400047967;155 697 330;14;0;2;8;2;1
202400047968;155 697 320;10;1;0;3;2;1
202400047968;155 697 325;7;0;2;5;24;1
202400047968;155 697 327;7;0;2;4;24;1
202400047969;155 697 321;7;0;2;6;2;0
202400047969;155 697 324;31;0;2;2;2;0
202400047970;155 697 319;17;0;2;8;9;1
202400047970;155 697 322;17;0;2;1;1;1
202400047971;155 697 317;32;0;1;1;1;0
202400047972;155 697 316;7;0;1;0;0;0
202400047973;155 697 312;32;0;2;8;0;1
202400047973;155 697 315;7;0;2;7;0;2
202400047974;155 697 314;10;0;2;8;15;1
202400047974;155 697 318;32;0;2;1;1;1
202400047975;155 697 313;33;0;0;0;0;1
202400047976;155 697 311;7;0;1;2;2;2
202400047977;155 697 309;7;0;1;2;1;1
202400047978;155 697 307;7;0;2;1;1;1
202400047978;155 697 310;7;0;2;1;1;1
202400047979;155 697 306;33;0;2;3;3;1
202400047979;155 697 308;7;0;2;2;1;2
202400047980;155 697 305;2;3;0;3;1;1
202400047981;155 697 298;7;0;1;2;20;1
202400047982;155 697 300;7;0;2;4;1;1
202400047982;155 697 304;7;0;0;4;2;1
202400047983;155 697 296;7;0;9;1;0;1
202400047983;155 697 301;7;4;0;1;13;1
202400047984;155 697 294;10;0;2;8;1;1
202400047984;155 697 303;1;0;2;1;1;5
202400047985;155 697 295;7;0;2;2;17;0
202400047985;155 697 299;1;0;2;8;1;5
202400047986;155 697 297;2;0;2;1;1;1
202400047986;155 697 302;7;0;2;3;9;1
202400047987;155 697 291;7;3;0;3;21;1
202400047988;155 697 288;7;0;2;1;2;1
202400047988;155 697 292;7;0;2;4;2;1
202400047989;155 697 290;80;0;0;1;2;3
202400047990;155 697 287;7;0;2;1;1;1
202400047990;155 697 289;2;0;2;1;5;1
202400047991;155 697 285;7;0;9;3;16;1
202400047991;155 697 293;1;0;2;7;1;5
202400047992;155 697 283;1;0;2;4;2;5
202400047992;155 697 286;1;0;2;1;2;5
202400047993;155 697 280;7;0;9;3;9;3
202400047993;155 697 284;1;0;2;2;1;5
202400047994;155 697 278;7;1;0;1;24;1
202400047994;155 697 281;7;0;2;4;24;2
202400047995;155 697 279;10;0;2;2;9;1
202400047995;155 697 282;2;0;2;1;1;1
202400047996;155 697 276;7;0;2;6;1;1
202400047996;155 697 277;33;0;2;6;13;1
202400047997;155 697 275;7;8;0;8;1;1
202400047998;155 697 273;7;0;5;4;14;1
202400047999;155 697 271;7;8;0;1;26;0
202400048000;155 697 272;80;0;2;1;1;3
202400048001;155 697 269;2;0;0;0;1;1
202400048002;155 697 267;7;1;0;1;2;1
202400048002;155 697 270;7;0;2;4;2;1
202400048002;155 697 274;7;0;2;4;1;1
202400048003;155 697 265;7;0;2;1;13;1
202400048003;155 697 268;7;0;2;1;1;1
202400048004;155 697 260;7;0;2;3;0;1
202400048004;155 697 266;7;0;2;1;0;1