Num_Acc;id_vehicule;catv;obs;obsm;choc;manv;motor
202400049042;155 695 395;7;1;2;1;15;1
202400049043;155 695 390;7;2;0;7;13;1
202400049044;155 695 396;7;6;0;1;1;1
202400049045;155 695 387;1;0;2;3;13;5
202400049045;155 695 389;7;0;2;5;1;1
202400049046;155 695 386;7;0;0;3;22;1
202400049046;155 695 392;1;0;0;1;1;5
202400049047;155 695 385;7;0;1;2;1;1
202400049048;155 695 383;7;0;2;1;1;1
202400049048;155 695 388;7;0;2;3;1;1
202400049049;155 695 382;2;12;0;1;2;1
202400049050;155 695 381;7;1;0;1;1;1
202400049051;155 695 379;7;1;0;2;13;1
202400049052;155 695 378;50;0;2;1;1;3
202400049052;155 695 384;7;0;2;7;1;1
202400049053;155 695 377;7;3;0;1;1;1
202400049054;155 695 375;7;0;2;2;5;1
202400049054;155 695 380;31;0;2;1;1;1
202400049055;155 695 371;7;0;2;1;0;1
202400049055;155 695 374;7;0;0;4;2;1
202400049056;155 695 370;50;0;2;4;16;3
202400049056;155 695 373;7;0;9;1;2;0
202400049057;155 695 372;7;0;2;4;2;1
202400049057;155 695 376;7;0;2;1;2;1
202400049058;155 695 368;7;4;0;1;0;1
202400049059;155 695 365;7;0;9;3;10;1
202400049059;155 695 367;33;0;2;1;2;1
202400049060;155 695 364;30;0;2;1;19;0
202400049060;155 695 366;30;0;2;8;15;1
202400049061;155 695 360;7;0;0;4;26;0
202400049061;155 695 363;1;0;2;0;0;5
202400049062;155 695 358;7;0;2;6;23;1
202400049062;155 695 369;7;0;2;1;21;1
202400049063;155 695 354;7;0;2;3;13;1
202400049063;155 695 362;10;0;2;1;1;1
202400049064;155 695 353;7;0;2;8;13;1
202400049064;155 695 357;7;0;2;3;1;1
202400049065;155 695 352;10;0;2;2;16;1
202400049065;155 695 356;50;0;2;1;1;3
202400049066;155 695 349;7;0;2;1;21;1
202400049066;155 695 355;7;0;2;4;23;1
202400049067;155 695 348;7;1;0;2;1;0
202400049067;155 695 350;50;0;0;0;0;3
202400049068;155 695 347;7;0;2;1;1;1
202400049068;155 695 351;7;0;2;1;1;1
202400049068;155 695 359;7;0;2;4;1;1
202400049068;155 695 361;10;0;2;1;1;1
202400049069;155 695 346;7;0;1;2;1;0
202400049070;155 695 341;33;0;0;0;1;1
202400049071;155 695 340;32;0;2;1;0;1
202400049071;155 695 345;0;0;2;0;0;0
202400049072;155 695 339;7;0;0;7;20;1
202400049072;155 695 344;1;0;2;1;1;5
202400049073;155 695 336;10;0;2;3;1;1
202400049073;155 695 343;1;0;2;2;19;5
202400049074;155 695 328;7;0;2;1;26;1
202400049074;155 695 333;7;0;2;4;2;1
202400049074;155 695 337;7;0;2;1;2;1
202400049075;155 695 330;1;0;2;1;1;5
202400049075;155 695 334;7;1;2;1;26;1
202400049076;155 695 331;7;0;2;4;2;1
202400049076;155 695 338;7;0;2;4;2;1
202400049076;155 695 342;7;0;2;4;1;1
202400049077;155 695 332;7;0;2;4;23;1
202400049077;155 695 335;30;0;2;1;1;1
202400049078;155 695 326;7;13;0;1;14;1
202400049079;155 695 329;34;4;0;1;2;1
202400049080;155 695 325;7;0;2;5;15;1
202400049080;155 695 327;31;0;2;1;2;1
202400049081;155 695 321;7;15;0;3;1;1
202400049082;155 695 320;7;0;2;2;1;1
202400049082;155 695 324;15;0;0;5;1;1
202400049083;155 695 323;7;0;1;4;4;1
202400049084;155 695 317;7;15;0;1;1;1
202400049085;155 695 316;7;9;0;1;1;2
202400049086;155 695 310;7;0;2;4;0;1
202400049086;155 695 315;1;0;2;1;1;5
202400049087;155 695 312;2;1;0;1;0;1
202400049088;155 695 311;31;0;2;8;3;1
202400049088;155 695 319;7;0;2;7;12;3
202400049089;155 695 313;7;0;2;1;9;1
202400049089;155 695 318;7;0;2;5;1;1
202400049090;155 695 309;7;2;0;3;1;1
202400049091;155 695 306;33;0;0;9;1;1
202400049092;155 695 303;32;0;1;2;0;1
202400049093;155 695 304;7;0;2;1;1;1
202400049093;155 695 308;7;0;2;7;15;3
202400049094;155 695 301;7;0;2;2;15;1
202400049094;155 695 307;30;0;2;9;12;1
202400049095;155 695 298;10;0;9;2;17;1
202400049095;155 695 302;80;0;2;3;13;3
202400049096;155 695 294;2;0;2;1;19;1
202400049096;155 695 300;15;0;2;7;1;1
202400049097;155 695 291;7;0;2;6;21;1
202400049097;155 695 297;7;0;2;3;13;2
202400049098;155 695 292;7;1;0;2;1;1
202400049099;155 695 293;34;0;2;1;17;1
202400049099;155 695 299;7;0;2;1;1;3
202400049099;155 695 305;10;0;2;5;15;1
202400049100;155 695 290;7;0;2;2;12;1
202400049100;155 695 295;7;0;2;8;1;1
202400049101;155 695 287;80;0;0;0;21;3
202400049102;155 695 286;7;2;0;2;14;1
202400049103;155 695 296;7;1;0;0;1;1
202400049104;155 695 282;7;0;2;5;15;1
202400049104;155 695 289;32;0;2;1;1;1
202400049105;155 695 281;1;0;2;9;13;5
202400049105;155 695 285;21;0;0;6;1;1
202400049105;155 695 288;1;0;9;1;2;5
202400049106;155 695 278;10;0;1;3;26;1
202400049107;155 695 276;7;9;2;1;1;1
202400049107;155 695 283;7;1;2;9;1;1
202400049108;155 695 279;7;1;2;1;13;0
202400049108;155 695 284;7;0;2;1;1;0
202400049109;155 695 277;15;0;2;4;2;1
202400049109;155 695 280;33;0;2;1;23;1
202400049110;155 695 273;31;0;1;1;1;1
202400049111;155 695 269;36;15;0;1;1;1
202400049112;155 695 272;7;0;2;7;1;1
202400049112;155 695 275;1;0;2;1;19;5
202400049113;155 695 264;10;13;0;1;0;0
202400049114;155 695 268;43;0;2;1;2;1
202400049114;155 695 274;7;0;2;2;10;1
202400049115;155 695 263;10;0;2;5;1;1
202400049115;155 695 266;7;0;2;1;1;1
202400049116;155 695 265;50;0;2;4;1;3
202400049116;155 695 270;7;0;2;1;15;0
202400049117;155 695 261;33;0;0;1;1;1
202400049118;155 695 262;7;0;1;1;1;1
202400049119;155 695 259;7;0;2;7;10;1
202400049119;155 695 267;31;0;2;1;0;1
202400049120;155 695 260;7;0;1;2;1;1
202400049121;155 695 255;7;0;2;2;19;1
202400049121;155 695 271;7;0;2;3;1;1
202400049122;155 695 254;7;0;2;4;1;1
202400049122;155 695 257;31;0;2;1;1;1
202400049123;155 695 253;7;7;0;3;13;1
202400049124;155 695 248;2;0;2;3;1;3
202400049124;155 695 251;7;0;2;5;1;1
202400049125;155 695 252;43;0;2;2;15;1
202400049125;155 695 258;10;0;2;3;15;1
202400049126;155 695 247;7;0;2;2;19;3
202400049126;155 695 256;50;0;2;1;26;3
202400049127;155 695 245;7;0;2;2;1;1
202400049127;155 695 249;50;0;2;5;19;3
202400049128;155 695 243;7;0;2;7;17;1
202400049128;155 695 246;33;0;2;7;1;1
202400049129;155 695 244;33;0;1;0;1;1
202400049130;155 695 241;7;0;2;3;0;1
202400049130;155 695 242;7;0;2;3;13;1
202400049131;155 695 240;7;0;2;1;21;1
202400049131;155 695 250;7;0;0;4;2;1
202400049132;155 695 239;7;0;1;1;16;1
202400049133;155 695 234;13;0;1;3;1;1
202400049134;155 695 232;7;0;2;2;17;1
202400049134;155 695 236;7;0;2;6;1;1
202400049135;155 695 228;33;0;2;1;13;1
202400049135;155 695 230;7;0;2;2;1;1
202400049136;155 695 231;2;0;2;1;1;3
202400049136;155 695 235;7;0;2;4;16;1
202400049137;155 695 226;7;1;2;9;23;2
202400049137;155 695 233;13;0;0;4;23;3
202400049137;155 695 238;7;1;2;1;1;1
202400049138;155 695 221;10;0;9;3;16;1
202400049138;155 695 237;1;0;2;2;1;5
202400049139;155 695 225;7;0;1;3;15;1
202400049140;155 695 222;1;0;2;2;1;5
202400049140;155 695 229;7;0;9;3;16;1
202400049141;155 695 219;7;15;0;1;15;1
202400049142;155 695 218;7;0;2;2;21;1
202400049142;155 695 227;7;0;2;1;14;1
202400049143;155 695 220;33;0;2;1;1;1
202400049143;155 695 224;7;0;2;5;19;1
202400049144;155 695 217;43;14;2;7;14;1
202400049145;155 695 215;7;0;2;1;1;1
202400049145;155 695 223;7;7;2;2;1;1
202400049146;155 695 213;34;0;2;1;13;1
202400049146;155 695 216;7;0;2;3;15;1
202400049147;155 695 214;7;6;0;1;0;1
202400049148;155 695 211;1;0;0;1;21;5
202400049149;155 695 210;7;0;1;3;15;1
202400049150;155 695 212;2;13;0;1;0;1
202400049151;155 695 209;7;0;1;1;15;1
202400049152;155 695 208;10;15;0;1;0;1
202400049153;155 695 207;7;10;0;1;13;1
202400049154;155 695 205;7;0;1;2;19;2
202400049155;155 695 204;80;0;0;7;15;3
202400049155;155 695 206;1;0;0;7;1;5
202400049156;155 695 200;7;0;0;7;15;1
202400049156;155 695 203;33;0;2;1;0;1
202400049157;155 695 197;7;0;2;1;26;1
202400049157;155 695 202;30;0;2;1;26;1
202400049158;155 695 194;10;0;2;1;0;1
202400049158;155 695 198;34;0;0;7;16;1
202400049159;155 695 189;7;6;0;3;0;1
202400049160;155 695 193;7;0;2;1;5;1
202400049160;155 695 201;7;0;2;1;5;1
202400049161;155 695 188;32;0;2;1;1;1
202400049161;155 695 192;7;0;2;1;1;1
202400049162;155 695 183;7;0;2;2;17;0
202400049162;155 695 187;80;0;2;8;1;3
202400049163;155 695 191;80;1;2;1;15;3
202400049163;155 695 195;7;1;0;1;1;1
202400049164;155 695 181;7;0;2;3;13;1
202400049164;155 695 185;7;0;2;3;21;1
202400049165;155 695 184;31;0;2;3;1;1
202400049165;155 695 186;7;9;2;2;15;1
202400049166;155 695 190;33;12;2;0;17;1
202400049166;155 695 196;7;0;2;3;15;1
202400049167;155 695 176;33;0;0;3;1;1
202400049168;155 695 172;7;0;2;4;12;1
202400049168;155 695 178;7;0;2;1;2;1
202400049168;155 695 180;10;0;2;1;2;1
202400049169;155 695 174;34;9;2;1;1;1
202400049169;155 695 177;7;0;2;3;1;1
202400049170;155 695 170;7;6;0;2;1;1
202400049171;155 695 166;7;0;2;2;16;1
202400049171;155 695 171;1;0;2;7;16;5
202400049172;155 695 167;7;0;1;1;15;1
202400049173;155 695 160;7;0;2;2;9;1
202400049173;155 695 163;1;0;2;6;1;5
202400049174;155 695 164;7;0;2;1;21;1
202400049174;155 695 169;7;0;2;4;24;1
202400049174;155 695 173;7;0;2;4;23;1
202400049175;155 695 168;7;0;2;3;15;1
202400049175;155 695 182;32;0;2;1;1;0
202400049176;155 695 159;7;0;2;1;11;1
202400049176;155 695 165;7;0;2;1;2;1
202400049177;155 695 158;7;0;2;3;1;1
202400049177;155 695 161;50;0;2;1;19;3
202400049178;155 695 152;7;0;1;3;1;1
202400049179;155 695 149;33;12;0;2;1;1
202400049180;155 695 155;7;0;1;1;2;1
202400049181;155 695 151;7;0;2;2;16;1
202400049181;155 695 156;50;0;2;1;25;3
202400049182;155 695 157;10;0;2;3;0;1
202400049182;155 695 162;1;0;2;3;0;5
202400049183;155 695 148;7;0;2;8;10;1
202400049183;155 695 154;7;0;2;1;1;1
202400049184;155 695 147;1;0;2;0;0;5
202400049184;155 695 153;7;0;9;2;26;1
202400049185;155 695 142;7;1;0;2;14;1
202400049186;155 695 140;7;6;0;3;1;1
202400049187;155 695 141;7;0;2;1;13;1
202400049187;155 695 145;15;3;2;1;1;1
202400049187;155 695 146;10;3;2;1;1;1
202400049187;155 695 150;7;0;0;1;1;1
202400049188;155 695 137;50;0;2;1;25;3
202400049188;155 695 144;30;0;2;0;0;0
202400049189;155 695 138;7;0;1;7;1;1
202400049190;155 695 135;37;0;2;2;1;1
202400049190;155 695 143;7;0;2;1;1;2
202400049191;155 695 133;50;0;0;1;0;3
202400049191;155 695 136;7;0;2;0;9;1
202400049192;155 695 134;7;14;0;1;1;1
202400049192;155 695 139;7;0;1;1;23;1
202400049193;155 695 128;7;0;2;1;13;1
202400049193;155 695 132;15;0;2;1;1;1
202400049194;155 695 125;10;0;2;1;1;1
202400049194;155 695 130;7;0;2;4;1;1
202400049195;155 695 123;7;0;2;8;1;1
202400049195;155 695 126;7;6;2;1;13;1
202400049196;155 695 122;33;0;2;1;1;1
202400049196;155 695 124;7;0;2;3;15;1
202400049197;155 695 118;7;0;0;0;0;1
202400049197;155 695 127;1;0;2;1;1;5
202400049198;155 695 120;1;0;2;7;19;5
202400049198;155 695 129;7;0;2;3;1;2
202400049199;155 695 116;7;0;2;0;15;1
202400049199;155 695 119;33;0;0;0;0;1
202400049200;155 695 109;7;13;0;1;1;1
202400049201;155 695 113;15;0;2;1;1;1
202400049201;155 695 115;7;0;2;4;23;1
202400049201;155 695 121;7;0;2;4;23;1
202400049201;155 695 131;7;0;0;4;23;1
202400049202;155 695 107;32;0;2;2;1;1
202400049202;155 695 112;7;0;2;3;16;1
202400049203;155 695 111;1;0;2;7;1;5
202400049203;155 695 117;7;0;2;3;1;1
202400049204;155 695 108;33;0;0;9;1;1
202400049205;155 695 106;7;2;0;1;1;1
202400049206;155 695 105;7;0;2;5;22;2
202400049206;155 695 110;33;0;2;8;1;1
202400049207;155 695 114;7;0;1;3;1;1
202400049208;155 695 103;7;0;1;3;1;1
202400049209;155 695 104;17;0;0;8;1;1
202400049210;155 695 101;7;0;2;1;13;1
202400049210;155 695 102;7;0;2;1;1;1
202400049211;155 695 099;50;0;0;0;26;3
202400049212;155 695 096;7;0;2;7;15;1
202400049212;155 695 098;30;0;2;1;1;1
202400049213;155 695 093;7;0;1;1;1;1
202400049214;155 695 094;7;0;2;4;1;2
202400049214;155 695 097;10;0;2;1;1;3
202400049215;155 695 091;33;3;0;8;1;1
202400049216;155 695 095;7;3;0;2;0;1
202400049217;155 695 090;7;0;2;3;1;1
202400049217;155 695 100;7;0;2;1;19;1
202400049218;155 695 088;7;0;1;1;15;1
202400049219;155 695 086;7;0;2;8;1;1
202400049219;155 695 092;7;0;2;1;15;1
202400049220;155 695 078;32;0;2;2;17;1
202400049220;155 695 084;7;0;2;6;23;1
202400049220;155 695 087;7;0;2;3;1;1
202400049221;155 695 081;33;0;2;1;21;1
202400049221;155 695 089;7;0;2;6;1;1
202400049222;155 695 082;7;2;0;1;13;2
202400049223;155 695 080;1;0;2;3;1;5
202400049223;155 695 085;7;0;2;2;15;3
202400049224;155 695 079;33;0;1;1;17;1
202400049225;155 695 077;7;0;1;0;1;1
202400049226;155 695 073;7;0;2;3;24;1
202400049226;155 695 075;7;1;1;1;26;1
202400049227;155 695 072;7;3;0;2;14;1
202400049228;155 695 071;7;0;2;2;1;0
202400049228;155 695 076;2;0;2;0;1;0
202400049229;155 695 070;1;0;1;1;1;5
202400049230;155 695 068;40;0;1;2;1;3
202400049231;155 695 064;7;0;0;1;1;1
202400049231;155 695 067;7;8;0;1;1;1
202400049232;155 695 063;30;0;2;2;17;1
202400049232;155 695 066;7;0;2;3;15;1
202400049233;155 695 057;7;0;2;4;23;1
202400049233;155 695 061;10;0;2;2;1;1
202400049234;155 695 056;1;0;0;0;1;5
202400049235;155 695 059;7;0;2;4;1;1
202400049235;155 695 069;7;0;2;1;1;0
202400049236;155 695 054;10;0;2;3;1;1
202400049236;155 695 058;7;0;2;3;13;1
202400049237;155 695 052;7;16;0;2;1;1
202400049238;155 695 048;34;0;2;1;1;1
202400049238;155 695 053;7;0;2;3;9;1
202400049239;155 695 049;10;0;2;1;1;2
202400049239;155 695 051;10;0;2;4;23;3
202400049239;155 695 055;50;0;2;1;23;3
202400049240;155 695 046;10;4;0;1;17;1
202400049241;155 695 044;10;16;0;0;1;1
202400049242;155 695 047;10;2;0;1;1;1
202400049243;155 695 043;7;0;1;3;17;1
202400049244;155 695 042;50;8;0;1;25;3
202400049245;155 695 041;1;0;2;1;1;5
202400049245;155 695 045;7;0;2;4;1;1
202400049246;155 695 035;7;0;1;2;2;1
202400049247;155 695 033;31;0;2;1;1;1
202400049247;155 695 040;7;0;2;2;10;1
202400049248;155 695 034;7;0;2;1;1;1
202400049248;155 695 038;7;0;2;1;13;1
202400049249;155 695 032;7;2;0;6;1;1
202400049250;155 695 030;7;0;2;3;1;1
202400049250;155 695 039;7;0;2;1;1;1
202400049251;155 695 031;7;0;9;1;1;1
202400049251;155 695 037;60;0;2;8;19;5
202400049252;155 695 026;32;0;2;1;1;1
202400049252;155 695 029;10;0;2;6;13;1
202400049252;155 695 036;32;0;2;7;17;1
202400049253;155 695 028;32;0;0;7;2;1
202400049254;155 695 022;14;0;2;6;26;1
202400049254;155 695 025;32;0;2;2;26;1
202400049255;155 695 023;7;0;2;8;9;1
202400049255;155 695 027;7;0;2;2;1;1
202400049256;155 695 021;10;0;1;2;16;6
202400049257;155 695 020;7;6;2;1;1;1
202400049258;155 695 024;31;6;0;1;1;1
202400049259;155 695 019;7;0;0;1;1;1
202400049260;155 695 013;7;0;1;3;1;1
202400049261;155 695 011;7;12;0;1;1;1
202400049261;155 695 017;7;6;2;6;19;2
202400049262;155 695 012;1;0;2;1;1;5
202400049262;155 695 018;7;15;1;2;1;2
202400049263;155 695 004;7;0;2;1;1;1
202400049263;155 695 010;7;0;2;1;13;2
202400049264;155 695 003;37;0;2;5;14;1
202400049264;155 695 009;37;0;2;6;1;2
202400049265;155 695 006;80;0;0;0;0;3
202400049265;155 695 015;7;0;2;3;26;1
202400049266;155 695 005;30;0;2;1;13;1
202400049266;155 695 016;14;0;2;2;16;1
202400049267;155 694 999;33;0;0;0;0;1
202400049268;155 694 998;38;0;2;3;1;1
202400049268;155 695 001;31;0;2;1;21;1
202400049269;155 695 002;7;0;0;0;23;1
202400049269;155 695 008;7;0;2;1;26;1
202400049269;155 695 014;50;0;9;3;19;3
202400049270;155 694 994;7;0;1;1;1;3
202400049271;155 694 996;7;0;2;1;13;1
202400049271;155 694 997;7;0;2;8;1;1
202400049271;155 695 007;10;0;2;1;1;1
202400049272;155 694 992;7;9;0;1;1;1
202400049273;155 694 986;7;0;2;8;1;1
202400049273;155 694 990;7;0;2;3;1;1
202400049273;155 694 993;7;0;2;3;13;1
202400049274;155 694 991;7;0;2;3;15;1
202400049274;155 695 000;7;0;2;3;1;1
202400049275;155 694 987;2;0;2;6;13;1
202400049275;155 694 995;30;0;2;1;1;1
202400049276;155 694 984;7;0;1;3;19;1
202400049277;155 694 980;7;0;2;2;20;1
202400049277;155 694 981;32;0;2;1;1;1
202400049278;155 694 978;33;0;2;1;1;1
202400049278;155 694 983;7;0;2;3;15;1
202400049279;155 694 979;7;0;2;6;5;1
202400049279;155 694 988;1;0;2;1;16;5
202400049280;155 694 976;7;0;0;7;10;1
202400049280;155 694 982;2;0;2;1;1;1
202400049281;155 694 975;7;13;0;1;1;1
202400049282;155 694 973;15;0;0;4;1;1
202400049282;155 694 974;7;0;2;1;1;1
202400049283;155 694 972;60;0;2;7;2;5
202400049283;155 694 977;7;0;9;8;2;3
202400049284;155 694 969;7;0;1;1;1;6
202400049285;155 694 966;14;0;2;3;1;1
202400049285;155 694 971;7;0;2;1;13;1
202400049286;155 694 960;7;0;2;3;1;2
202400049286;155 694 962;7;0;2;1;13;1
202400049287;155 694 959;2;0;2;1;26;1
202400049287;155 694 965;7;0;2;3;26;1
202400049288;155 694 957;7;13;0;7;0;0
202400049289;155 694 963;10;0;2;1;1;1
202400049289;155 694 970;7;0;2;2;1;1
202400049290;155 694 958;7;0;2;1;17;1
202400049290;155 694 961;7;0;2;1;1;1
202400049290;155 694 967;7;0;2;1;1;1
202400049291;155 694 955;7;16;0;0;0;1
202400049292;155 694 953;50;1;0;1;1;3
202400049293;155 694 956;7;0;9;8;26;1
202400049293;155 694 964;1;0;2;7;19;5
202400049294;155 694 954;7;0;2;1;15;1
202400049294;155 694 968;7;0;2;7;1;1
202400049295;155 694 948;7;0;1;3;1;2
202400049296;155 694 950;32;12;0;1;13;1
202400049297;155 694 952;0;0;1;0;0;1
202400049298;155 694 945;7;13;0;8;11;1
202400049298;155 694 951;7;13;2;2;17;1
202400049299;155 694 943;33;0;2;7;21;1
202400049299;155 694 947;7;0;2;6;1;3
202400049300;155 694 937;7;0;2;8;15;1
202400049300;155 694 944;7;0;2;1;1;1
202400049301;155 694 938;7;0;2;1;9;1
202400049301;155 694 949;7;0;0;5;1;1
202400049302;155 694 940;1;0;2;7;1;5
202400049302;155 694 942;7;0;2;2;16;2
202400049303;155 694 935;7;0;2;8;11;1
202400049303;155 694 939;2;0;2;2;1;3
202400049304;155 694 933;10;0;1;2;1;1
202400049305;155 694 936;7;0;2;4;2;1
202400049305;155 694 941;7;0;2;4;2;1
202400049305;155 694 946;10;0;2;1;2;1
202400049306;155 694 931;7;0;2;2;2;1
202400049306;155 694 934;7;0;2;4;1;1
202400049307;155 694 930;7;0;2;3;10;1
202400049307;155 694 932;33;0;2;1;1;1
202400049308;155 694 922;50;1;0;1;21;3
202400049309;155 694 923;7;0;2;3;16;1
202400049309;155 694 928;50;0;2;0;0;3
202400049310;155 694 921;7;0;2;1;26;1
202400049310;155 694 929;2;0;2;8;0;3
202400049311;155 694 920;7;0;2;1;19;2
202400049311;155 694 927;31;0;2;7;1;1
202400049312;155 694 919;7;2;0;1;13;1
202400049313;155 694 917;7;0;2;8;0;1
202400049313;155 694 926;2;0;2;3;11;1
202400049314;155 694 916;7;0;2;1;1;1
202400049314;155 694 924;7;0;2;7;13;1
202400049315;155 694 918;7;0;9;3;24;1
202400049315;155 694 925;1;1;0;1;1;5
202400049316;155 694 915;7;6;0;1;2;1
202400049317;155 694 913;7;3;0;1;13;1
202400049318;155 694 912;7;2;0;1;1;-1
202400049319;155 694 910;50;0;1;1;2;3
202400049320;155 694 909;2;0;2;1;1;0
202400049320;155 694 914;7;0;2;3;1;1
202400049321;155 694 906;7;6;0;4;26;1
202400049322;155 694 907;10;4;0;3;1;1
202400049323;155 694 905;7;0;2;2;1;1
202400049323;155 694 911;7;0;2;1;19;1
202400049324;155 694 904;17;0;2;3;1;1
202400049324;155 694 908;7;0;2;7;26;1
202400049325;155 694 898;7;0;9;1;1;1
202400049326;155 694 897;2;12;0;0;14;3
202400049327;155 694 894;7;0;2;6;1;1
202400049327;155 694 899;7;0;2;3;1;1
202400049328;155 694 896;7;0;2;2;15;1
202400049328;155 694 900;33;0;2;1;21;1
202400049329;155 694 895;7;9;0;2;26;1
202400049329;155 694 902;1;0;2;8;19;5
202400049330;155 694 893;7;2;0;1;1;1
202400049331;155 694 890;7;2;0;1;1;1
202400049332;155 694 886;7;0;2;1;1;1
202400049332;155 694 889;7;0;2;1;13;1
202400049333;155 694 885;7;13;0;2;1;1
202400049334;155 694 882;7;0;2;2;9;1
202400049334;155 694 891;7;0;2;2;1;1
202400049335;155 694 884;7;13;0;2;14;1
202400049336;155 694 883;99;1;2;1;2;0
202400049336;155 694 888;7;0;2;4;23;1
202400049337;155 694 880;7;0;2;2;19;1
202400049337;155 694 892;7;0;2;1;1;1
202400049338;155 694 881;7;0;2;4;1;2
202400049338;155 694 887;33;0;2;1;2;1
202400049339;155 694 878;7;0;1;2;2;0
202400049340;155 694 876;7;0;1;3;15;1
202400049341;155 694 869;7;0;9;2;1;1
202400049341;155 694 874;1;0;2;4;1;5
202400049342;155 694 867;10;6;0;1;13;1
202400049343;155 694 864;7;0;1;1;1;1
202400049344;155 694 868;7;0;1;1;9;1
202400049345;155 694 871;33;0;2;7;2;1
202400049345;155 694 875;50;0;2;0;0;3
202400049346;155 694 861;7;4;2;4;1;2
202400049346;155 694 866;7;4;2;1;12;1
202400049347;155 694 865;7;0;2;1;9;1
202400049347;155 694 873;7;0;2;3;1;1
202400049348;155 694 862;7;0;2;1;26;1
202400049348;155 694 872;7;0;2;3;26;1
202400049349;155 694 863;50;0;0;0;9;3
202400049349;155 694 870;7;0;0;0;0;0
202400049350;155 694 859;7;2;0;1;14;1
202400049351;155 694 854;10;0;0;3;15;1
202400049351;155 694 860;33;0;2;1;17;1
202400049352;155 694 855;14;0;1;1;1;1
202400049353;155 694 852;2;0;2;1;12;1
202400049353;155 694 857;7;0;0;4;2;1
202400049354;155 694 850;7;0;9;2;19;1
202400049354;155 694 858;80;0;2;1;19;3
202400049355;155 694 849;7;0;2;1;21;1
202400049355;155 694 856;7;0;2;6;1;1
202400049356;155 694 847;31;1;2;1;2;0
202400049356;155 694 851;10;0;2;5;15;1
202400049357;155 694 844;2;0;0;8;1;1
202400049357;155 694 853;7;0;2;7;17;1
202400049358;155 694 845;7;0;2;3;13;1
202400049358;155 694 848;7;0;2;3;0;1
202400049359;155 694 840;10;0;2;1;1;1
202400049359;155 694 842;7;0;2;1;1;1
202400049360;155 694 836;10;0;1;1;2;1
202400049360;155 694 841;7;0;0;4;2;1
202400049361;155 694 837;7;0;2;1;16;2
202400049361;155 694 843;1;0;2;1;2;5
202400049362;155 694 831;7;4;0;2;0;1
202400049363;155 694 834;10;1;1;1;1;0
202400049364;155 694 829;7;0;2;4;2;2
202400049364;155 694 835;7;0;2;4;2;1
202400049364;155 694 838;7;0;2;1;2;1
202400049365;155 694 832;7;0;2;7;2;1
202400049365;155 694 839;1;0;2;0;0;5
202400049366;155 694 830;7;0;2;1;13;1
202400049366;155 694 846;13;0;2;1;1;1
202400049367;155 694 828;7;0;2;3;1;1
202400049367;155 694 833;2;0;2;8;1;1
202400049368;155 694 823;7;2;0;1;13;1
202400049369;155 694 825;7;2;0;1;1;1
202400049370;155 694 820;2;0;2;1;0;1
202400049370;155 694 826;7;0;2;3;0;0
202400049371;155 694 816;7;0;2;2;9;1
202400049371;155 694 827;31;0;2;3;1;1
202400049372;155 694 814;7;0;2;4;26;1
202400049372;155 694 821;33;0;2;1;26;1
202400049373;155 694 812;7;11;0;3;6;1
202400049373;155 694 818;10;0;0;1;21;1
202400049374;155 694 809;7;0;2;7;23;1
202400049374;155 694 819;33;0;2;1;3;1
202400049374;155 694 824;7;0;2;8;23;2
202400049375;155 694 811;99;0;2;1;1;1
202400049375;155 694 817;10;0;2;1;2;1
202400049375;155 694 822;7;0;2;4;2;1
202400049376;155 694 807;7;0;2;6;15;1
202400049376;155 694 813;2;0;2;1;17;1
202400049377;155 694 808;7;13;0;1;2;1
202400049377;155 694 815;7;0;0;1;2;1
202400049378;155 694 806;2;0;2;1;1;1
202400049378;155 694 810;7;0;2;4;23;1
202400049379;155 694 803;7;0;0;4;2;1
202400049379;155 694 805;2;0;2;1;2;1
202400049380;155 694 800;7;4;2;6;1;1
202400049381;155 694 798;7;0;2;2;26;1
202400049381;155 694 804;1;0;2;0;1;5
202400049382;155 694 796;1;0;0;4;1;5
202400049382;155 694 801;0;0;0;2;17;0
202400049383;155 694 797;7;3;1;3;5;1
202400049384;155 694 795;33;0;2;1;17;1
202400049384;155 694 799;7;0;2;3;10;2
202400049385;155 694 788;2;0;0;7;13;1
202400049386;155 694 787;33;0;2;3;1;1
202400049386;155 694 794;38;0;2;8;1;1
202400049387;155 694 786;7;0;0;3;1;1
202400049387;155 694 793;7;0;2;1;13;1
202400049388;155 694 783;43;0;0;8;1;1
202400049389;155 694 784;7;11;2;7;12;1
202400049389;155 694 789;33;11;2;8;1;1
202400049390;155 694 781;7;0;1;1;1;1
202400049391;155 694 779;7;1;0;2;2;1
202400049391;155 694 791;38;0;0;6;26;1
202400049392;155 694 778;7;0;2;4;1;1
202400049392;155 694 785;10;0;2;3;1;1
202400049392;155 694 790;10;0;2;1;2;1
202400049393;155 694 777;7;2;0;1;21;1
202400049393;155 694 782;14;0;0;0;17;1
202400049394;155 694 780;7;0;2;6;10;2
202400049394;155 694 792;7;0;2;1;1;2
202400049395;155 694 768;7;3;0;1;21;1
202400049396;155 694 770;99;0;2;3;1;1