Num_Acc;id_vehicule;catv;obs;obsm;choc;manv;motor
202400049396;155 694 773;7;0;2;2;1;2
202400049397;155 694 765;7;0;2;3;13;1
202400049397;155 694 769;15;0;2;3;1;1
202400049398;155 694 774;7;0;2;2;16;1
202400049398;155 694 776;7;13;2;3;2;1
202400049399;155 694 762;7;4;2;3;2;1
202400049400;155 694 764;7;2;0;8;17;1
202400049401;155 694 763;7;0;2;8;15;2
202400049401;155 694 767;1;0;2;1;1;5
202400049402;155 694 761;10;0;2;2;0;1
202400049402;155 694 766;10;0;2;2;13;1
202400049403;155 694 758;7;0;0;0;0;1
202400049404;155 694 757;7;12;1;3;14;1
202400049405;155 694 756;50;0;1;7;1;3
202400049406;155 694 753;7;16;2;2;1;1
202400049406;155 694 759;21;0;2;3;15;1
202400049407;155 694 755;7;0;2;8;11;1
202400049407;155 694 760;15;0;2;2;1;1
202400049408;155 694 752;7;0;0;9;2;1
202400049409;155 694 751;7;2;0;2;1;1
202400049410;155 694 748;7;0;2;4;1;1
202400049410;155 694 750;33;0;2;1;1;1
202400049411;155 694 747;37;0;2;5;1;1
202400049411;155 694 754;7;0;2;1;1;2
202400049412;155 694 745;7;0;2;1;1;1
202400049412;155 694 749;7;0;2;1;5;2
202400049413;155 694 744;7;0;2;1;17;2
202400049413;155 694 746;13;0;2;3;5;1
202400049414;155 694 741;7;0;1;1;1;1
202400049415;155 694 739;-1;0;0;0;0;-1
202400049415;155 694 743;7;0;0;1;2;1
202400049416;155 694 734;7;0;2;3;13;1
202400049416;155 694 740;7;0;2;3;1;1
202400049417;155 694 732;33;0;2;1;2;1
202400049417;155 694 738;33;0;0;4;2;1
202400049418;155 694 731;2;0;2;1;5;1
202400049418;155 694 737;10;0;2;3;1;1
202400049419;155 694 728;7;0;2;1;0;1
202400049419;155 694 736;7;0;2;4;1;1
202400049419;155 694 742;7;0;2;6;1;1
202400049420;155 694 724;10;0;0;1;1;1
202400049420;155 694 730;7;0;2;5;13;1
202400049421;155 694 725;1;1;2;1;1;5
202400049421;155 694 727;60;1;0;8;19;5
202400049422;155 694 726;33;0;2;1;1;1
202400049422;155 694 733;7;0;2;4;1;1
202400049423;155 694 723;7;0;1;7;1;6
202400049424;155 694 714;34;0;2;1;2;1
202400049424;155 694 720;7;0;2;6;2;1
202400049425;155 694 716;15;0;2;3;12;1
202400049425;155 694 721;7;3;0;5;1;1
202400049426;155 694 713;7;0;2;1;15;1
202400049426;155 694 718;7;0;2;2;1;1
202400049427;155 694 712;7;0;2;1;15;1
202400049427;155 694 717;2;0;2;8;1;1
202400049428;155 694 711;50;0;2;1;25;3
202400049428;155 694 722;7;0;2;8;19;1
202400049429;155 694 709;7;0;0;3;19;2
202400049429;155 694 719;31;0;2;2;3;1
202400049430;155 694 708;7;0;2;4;1;3
202400049430;155 694 715;7;0;2;1;1;1
202400049431;155 694 706;10;0;2;1;1;0
202400049431;155 694 710;7;0;2;5;12;3
202400049432;155 694 702;1;0;0;0;0;5
202400049433;155 694 704;7;0;2;3;15;1
202400049433;155 694 707;1;0;2;3;1;5
202400049434;155 694 698;7;0;2;1;5;0
202400049434;155 694 703;34;0;2;1;1;1
202400049435;155 694 699;7;8;0;3;16;1
202400049436;155 694 697;7;2;0;3;14;1
202400049437;155 694 696;7;0;2;0;16;1
202400049437;155 694 701;7;0;2;9;1;1
202400049438;155 694 694;1;0;1;1;1;5
202400049439;155 694 693;50;0;0;2;14;3
202400049440;155 694 692;7;0;2;4;1;1
202400049440;155 694 695;7;0;2;8;1;1
202400049440;155 694 700;7;0;2;8;11;1
202400049440;155 694 705;33;0;2;7;3;1
202400049441;155 694 688;7;4;0;1;1;1
202400049442;155 694 685;7;0;2;3;13;1
202400049442;155 694 691;7;0;2;3;1;2
202400049443;155 694 687;34;1;0;1;1;1
202400049444;155 694 684;7;13;0;1;1;1
202400049445;155 694 681;7;0;2;6;1;1
202400049445;155 694 683;7;1;0;7;1;1
202400049446;155 694 680;7;0;2;4;2;1
202400049446;155 694 686;7;0;2;2;17;1
202400049447;155 694 689;33;0;2;2;3;1
202400049448;155 694 679;7;0;2;1;1;1
202400049448;155 694 690;80;0;2;4;15;3
202400049449;155 694 673;3;0;2;8;9;1
202400049449;155 694 677;13;0;2;1;1;1
202400049450;155 694 668;10;8;1;0;25;1
202400049450;155 694 674;10;0;2;1;1;1
202400049451;155 694 667;33;0;2;1;1;1
202400049451;155 694 672;33;0;2;7;1;1
202400049451;155 694 676;7;0;2;1;15;1
202400049452;155 694 666;10;0;9;1;1;0
202400049452;155 694 671;60;0;2;8;1;5
202400049453;155 694 665;33;0;0;0;0;1
202400049454;155 694 664;7;0;2;1;17;1
202400049454;155 694 669;7;0;2;8;15;1
202400049455;155 694 662;7;3;0;1;1;2
202400049456;155 694 661;21;0;2;2;1;1
202400049456;155 694 675;7;0;2;1;1;1
202400049457;155 694 663;14;0;2;6;24;1
202400049457;155 694 670;33;0;0;1;1;1
202400049458;155 694 657;7;13;0;2;14;1
202400049459;155 694 655;31;1;2;1;2;1
202400049459;155 694 659;10;1;2;6;2;1
202400049460;155 694 653;7;0;2;1;13;1
202400049460;155 694 658;7;0;2;1;1;1
202400049460;155 694 660;10;0;2;8;1;1
202400049461;155 694 652;37;0;1;2;1;1
202400049462;155 694 648;7;0;2;2;17;1
202400049462;155 694 654;1;0;2;6;13;5
202400049463;155 694 647;1;0;0;0;1;5
202400049464;155 694 649;7;13;0;3;13;1
202400049465;155 694 650;7;0;2;4;23;1
202400049465;155 694 656;7;0;2;1;1;1
202400049466;155 694 643;7;0;2;7;1;1
202400049466;155 694 646;7;0;2;8;1;1
202400049466;155 694 651;7;0;2;2;26;1
202400049467;155 694 645;32;0;1;7;1;1
202400049468;155 694 641;7;0;2;3;15;1
202400049468;155 694 644;30;0;2;8;1;1
202400049469;155 694 638;50;0;0;1;1;3
202400049470;155 694 637;7;0;2;1;13;1
202400049470;155 694 640;7;0;2;1;1;1
202400049471;155 694 636;7;0;2;2;16;1
202400049471;155 694 642;10;13;0;3;1;1
202400049472;155 694 633;33;0;2;2;1;1
202400049472;155 694 639;7;0;2;3;9;1
202400049473;155 694 631;10;0;2;7;14;1
202400049473;155 694 634;7;0;2;6;1;3
202400049474;155 694 628;7;0;2;3;15;1
202400049474;155 694 635;33;0;2;1;1;1
202400049475;155 694 627;7;3;0;1;1;1
202400049476;155 694 625;7;0;6;2;1;1
202400049477;155 694 626;7;1;0;1;1;1
202400049477;155 694 629;7;0;2;7;24;1
202400049478;155 694 624;32;0;2;1;5;1
202400049478;155 694 632;7;0;2;3;9;2
202400049479;155 694 623;33;8;0;0;0;1
202400049480;155 694 621;7;0;1;3;1;1
202400049481;155 694 620;7;0;2;3;13;1
202400049481;155 694 622;7;0;2;3;1;1
202400049481;155 694 630;7;0;2;3;1;1
202400049482;155 694 616;34;0;0;2;1;1
202400049483;155 694 611;7;0;1;7;9;1
202400049484;155 694 608;7;0;2;1;0;1
202400049484;155 694 612;10;0;2;1;0;1
202400049485;155 694 609;30;0;2;8;11;3
202400049485;155 694 615;7;0;2;2;1;1
202400049486;155 694 607;7;0;2;3;9;1
202400049486;155 694 614;2;0;2;1;26;1
202400049487;155 694 606;7;0;2;2;1;1
202400049487;155 694 618;10;0;2;3;5;1
202400049488;155 694 605;33;0;0;9;16;1
202400049489;155 694 601;7;0;2;4;2;2
202400049489;155 694 613;7;0;2;1;2;1
202400049490;155 694 602;33;8;0;1;0;1
202400049491;155 694 600;33;0;2;1;2;1
202400049491;155 694 604;7;0;2;6;0;1
202400049491;155 694 610;7;0;2;5;2;1
202400049491;155 694 617;7;0;2;5;2;1
202400049491;155 694 619;7;0;2;6;2;2
202400049492;155 694 598;1;0;2;8;15;5
202400049492;155 694 603;7;0;9;1;1;1
202400049493;155 694 594;7;0;1;2;1;1
202400049494;155 694 595;10;13;0;1;1;1
202400049495;155 694 593;7;0;2;1;9;1
202400049495;155 694 599;2;0;0;4;1;1
202400049496;155 694 597;7;0;1;1;15;1
202400049497;155 694 590;50;0;2;6;23;3
202400049497;155 694 596;7;0;2;2;1;1
202400049498;155 694 588;2;0;2;1;1;1
202400049498;155 694 592;7;0;2;1;15;1
202400049499;155 694 582;7;0;2;3;1;1
202400049499;155 694 587;7;0;2;3;1;1
202400049500;155 694 585;36;0;0;0;13;1
202400049501;155 694 581;30;0;2;1;2;1
202400049501;155 694 591;30;0;2;8;2;1
202400049502;155 694 578;7;0;2;7;12;1
202400049502;155 694 583;33;0;2;8;3;1
202400049502;155 694 589;7;0;2;6;1;1
202400049503;155 694 573;7;0;2;2;1;2
202400049503;155 694 580;30;0;0;4;1;1
202400049503;155 694 584;32;0;0;4;1;3
202400049504;155 694 571;7;0;2;8;10;1
202400049504;155 694 576;33;0;2;1;17;1
202400049505;155 694 569;32;16;0;7;1;1
202400049506;155 694 572;32;0;0;0;1;1
202400049507;155 694 568;50;0;2;1;19;3
202400049507;155 694 574;7;0;0;7;1;1
202400049508;155 694 570;7;0;2;6;15;2
202400049508;155 694 575;33;0;2;1;1;1
202400049509;155 694 567;7;0;0;8;1;1
202400049509;155 694 579;7;0;0;1;1;1
202400049510;155 694 566;7;0;1;3;1;1
202400049511;155 694 565;33;0;0;7;1;1
202400049512;155 694 562;7;4;0;3;1;1
202400049513;155 694 557;10;0;2;8;24;1
202400049513;155 694 563;50;1;0;1;1;3
202400049514;155 694 559;33;0;2;1;0;1
202400049514;155 694 564;7;0;0;5;1;1
202400049515;155 694 556;31;13;0;1;1;1
202400049516;155 694 555;31;0;2;7;17;1
202400049516;155 694 560;7;0;2;1;1;2
202400049517;155 694 554;2;0;2;3;1;1
202400049517;155 694 558;7;0;2;5;17;1
202400049518;155 694 551;7;0;2;3;15;1
202400049518;155 694 561;34;0;2;1;1;1
202400049519;155 694 546;33;16;0;7;1;1
202400049520;155 694 547;7;2;0;1;13;1
202400049521;155 694 544;10;0;2;1;11;1
202400049521;155 694 549;10;0;2;4;1;1
202400049521;155 694 553;7;3;2;4;1;1
202400049522;155 694 545;7;0;2;8;1;1
202400049522;155 694 550;7;0;2;3;13;1
202400049522;155 694 552;7;0;2;3;1;1
202400049523;155 694 540;2;0;2;1;1;3
202400049523;155 694 548;7;0;2;7;1;1
202400049524;155 694 538;7;0;2;1;9;1
202400049524;155 694 543;7;0;2;8;26;1
202400049525;155 694 539;33;0;2;1;3;1
202400049525;155 694 541;7;0;2;6;1;1
202400049526;155 694 533;7;0;2;3;13;1
202400049526;155 694 542;7;0;2;1;1;1
202400049527;155 694 535;31;0;0;7;1;1
202400049528;155 694 531;7;9;2;7;1;1
202400049528;155 694 537;13;0;2;1;19;1
202400049529;155 694 532;7;0;2;1;1;1
202400049529;155 694 536;7;0;2;4;1;1
202400049530;155 694 525;37;1;2;4;24;1
202400049530;155 694 530;50;1;0;1;15;3
202400049531;155 694 528;7;0;2;1;1;2
202400049531;155 694 534;7;0;2;1;13;1
202400049532;155 694 526;33;0;2;1;15;1
202400049532;155 694 529;10;0;2;2;1;1
202400049533;155 694 520;10;0;0;6;2;1
202400049533;155 694 524;7;0;2;2;2;1
202400049534;155 694 521;1;0;2;1;1;5
202400049534;155 694 523;7;0;2;2;13;1
202400049535;155 694 519;7;7;0;2;1;1
202400049536;155 694 518;7;5;0;1;14;1
202400049537;155 694 522;7;0;2;7;1;1
202400049537;155 694 527;33;0;2;8;3;1
202400049538;155 694 514;31;12;0;2;1;1
202400049539;155 694 512;7;0;2;4;13;1
202400049539;155 694 517;7;0;2;1;1;1
202400049540;155 694 513;50;0;2;1;3;3
202400049540;155 694 516;7;0;2;5;3;1
202400049541;155 694 515;33;0;0;0;1;1
202400049542;155 694 509;7;0;1;1;15;1
202400049543;155 694 508;7;0;2;3;17;1
202400049543;155 694 511;7;0;2;3;1;1
202400049544;155 694 506;7;0;2;3;11;1
202400049544;155 694 510;31;0;2;2;3;1
202400049545;155 694 503;10;0;9;2;1;1
202400049545;155 694 505;1;0;0;4;1;5
202400049546;155 694 502;2;0;0;8;2;1
202400049546;155 694 504;7;0;2;7;17;1
202400049547;155 694 507;7;0;1;1;1;1
202400049548;155 694 500;33;15;0;1;1;1
202400049549;155 694 498;7;1;0;2;13;1
202400049550;155 694 499;33;0;0;7;1;1
202400049551;155 694 497;43;0;2;2;16;1
202400049551;155 694 501;31;0;2;1;1;1
202400049552;155 694 495;7;0;2;1;0;1
202400049552;155 694 496;7;0;2;5;2;1
202400049553;155 694 490;10;0;1;5;4;3
202400049554;155 694 492;1;0;1;1;1;5
202400049555;155 694 487;7;0;2;1;13;1
202400049555;155 694 494;7;0;2;1;1;1
202400049556;155 694 488;7;15;0;1;0;1
202400049557;155 694 486;7;6;0;2;14;1
202400049558;155 694 485;7;0;0;6;1;1
202400049558;155 694 489;7;0;2;1;2;1
202400049558;155 694 493;7;0;2;4;2;1
202400049559;155 694 484;10;0;2;6;2;1
202400049559;155 694 491;31;0;2;1;26;1
202400049560;155 694 481;7;0;1;1;1;1
202400049561;155 694 479;7;0;2;2;1;1
202400049561;155 694 482;50;0;0;4;1;3
202400049562;155 694 480;43;0;2;3;2;1
202400049562;155 694 483;7;0;2;5;2;1
202400049563;155 694 475;1;16;0;9;14;5
202400049564;155 694 476;50;1;0;1;0;3
202400049565;155 694 477;7;0;1;3;16;1
202400049566;155 694 474;2;0;0;8;1;1
202400049567;155 694 473;7;0;2;6;1;1
202400049567;155 694 478;2;0;2;1;1;1
202400049568;155 694 472;7;16;0;0;0;1
202400049569;155 694 468;7;0;0;5;23;1
202400049569;155 694 471;2;0;2;1;2;1
202400049570;155 694 470;7;0;9;2;1;1
202400049571;155 694 465;7;0;1;1;20;3
202400049572;155 694 464;10;0;2;3;9;1
202400049572;155 694 469;33;0;2;1;1;1
202400049573;155 694 461;99;0;2;1;19;1
202400049573;155 694 467;7;0;2;7;1;1
202400049574;155 694 463;32;0;2;1;21;1
202400049574;155 694 466;7;0;2;6;1;1
202400049575;155 694 457;33;0;2;2;1;1
202400049575;155 694 460;80;0;0;7;19;3
202400049576;155 694 453;99;0;2;0;1;1
202400049576;155 694 456;10;0;2;6;1;1
202400049576;155 694 459;10;0;2;1;1;1
202400049577;155 694 450;7;0;0;3;1;1
202400049578;155 694 448;7;0;2;0;0;0
202400049578;155 694 454;7;0;2;1;1;1
202400049579;155 694 452;7;0;2;8;19;0
202400049579;155 694 462;10;0;2;1;1;1
202400049580;155 694 449;3;0;2;1;5;3
202400049580;155 694 455;7;0;0;1;1;1
202400049581;155 694 446;1;0;2;8;19;5
202400049581;155 694 451;33;0;2;1;1;1
202400049582;155 694 444;7;0;2;3;19;1
202400049582;155 694 447;33;0;2;1;1;1
202400049583;155 694 445;10;0;1;0;0;1
202400049584;155 694 441;34;0;2;1;13;1
202400049584;155 694 443;7;0;2;2;15;1
202400049585;155 694 437;7;0;1;4;4;1
202400049586;155 694 436;33;0;0;8;1;1
202400049587;155 694 435;10;0;1;2;19;1
202400049588;155 694 432;1;0;2;1;5;5
202400049588;155 694 440;50;0;2;1;1;3
202400049589;155 694 430;7;6;0;1;1;1
202400049590;155 694 429;7;13;0;8;1;1
202400049591;155 694 424;7;0;2;1;2;1
202400049591;155 694 431;7;0;2;4;2;1
202400049591;155 694 433;7;0;2;3;2;1
202400049592;155 694 425;7;4;0;1;1;1
202400049593;155 694 428;33;0;1;0;19;0
202400049594;155 694 422;7;0;2;7;1;1
202400049594;155 694 427;2;0;2;1;1;1
202400049595;155 694 423;2;0;2;1;1;1
202400049595;155 694 426;10;0;2;8;1;1
202400049596;155 694 420;7;6;0;8;1;1
202400049597;155 694 419;7;0;1;3;1;1
202400049598;155 694 416;34;0;1;1;1;1
202400049599;155 694 414;2;0;2;1;1;1
202400049599;155 694 418;7;0;0;3;2;2
202400049600;155 694 413;7;2;0;2;14;1
202400049601;155 694 415;16;2;2;2;15;1
202400049601;155 694 421;1;2;2;8;1;5
202400049602;155 694 411;7;0;2;1;1;1
202400049602;155 694 417;10;0;2;4;23;1
202400049603;155 694 410;7;0;2;2;17;1
202400049603;155 694 412;1;0;0;4;1;5
202400049604;155 694 409;1;0;0;0;1;5
202400049605;155 694 404;7;0;2;1;1;1
202400049605;155 694 408;10;0;2;1;5;1
202400049606;155 694 402;31;0;2;1;13;1
202400049606;155 694 405;1;0;2;8;1;5
202400049607;155 694 399;10;0;2;7;16;1
202400049607;155 694 406;37;0;2;3;7;1
202400049608;155 694 400;7;0;2;3;2;2
202400049608;155 694 407;50;0;2;7;2;3
202400049609;155 694 398;2;0;2;7;1;1
202400049609;155 694 403;7;0;2;3;20;1
202400049610;155 694 396;7;0;1;2;1;1
202400049611;155 694 394;15;0;1;8;1;1
202400049612;155 694 390;37;0;1;2;7;1
202400049613;155 694 388;7;17;0;1;1;1
202400049614;155 694 387;7;0;2;4;2;1
202400049614;155 694 393;7;0;2;1;2;1
202400049614;155 694 395;7;0;2;4;2;1
202400049614;155 694 401;7;0;2;4;2;1
202400049615;155 694 392;7;0;2;0;15;1
202400049615;155 694 397;33;0;2;1;1;1
202400049616;155 694 386;10;13;0;1;13;1
202400049617;155 694 384;10;0;2;1;1;1
202400049617;155 694 389;7;0;2;8;15;1
202400049618;155 694 381;7;3;0;0;0;1
202400049619;155 694 378;7;13;0;3;13;2
202400049620;155 694 382;7;2;0;1;13;1
202400049621;155 694 385;7;0;2;2;9;1
202400049621;155 694 391;1;0;2;5;1;5
202400049622;155 694 380;50;0;2;1;9;3
202400049622;155 694 383;7;0;9;1;1;1
202400049623;155 694 379;14;0;0;8;1;1
202400049624;155 694 376;7;0;2;1;1;1
202400049624;155 694 377;7;0;2;1;1;1
202400049625;155 694 373;7;0;2;4;2;1
202400049625;155 694 375;7;0;2;1;2;1
202400049626;155 694 374;2;0;1;1;25;1
202400049627;155 694 371;17;3;0;0;1;1
202400049628;155 694 372;7;4;0;2;14;1
202400049629;155 694 370;7;4;0;3;2;1
202400049630;155 694 363;1;0;2;4;1;5
202400049630;155 694 369;2;0;2;1;1;3
202400049631;155 694 362;33;0;2;1;3;1
202400049631;155 694 366;7;0;2;3;11;1
202400049632;155 694 358;7;8;0;1;14;1
202400049633;155 694 356;7;0;2;2;12;1
202400049633;155 694 365;50;0;2;8;16;3
202400049634;155 694 359;7;0;2;2;1;1
202400049634;155 694 364;7;0;2;6;9;1
202400049635;155 694 357;7;0;2;3;1;1
202400049635;155 694 368;10;0;2;3;13;1
202400049636;155 694 354;7;0;2;2;1;1
202400049636;155 694 360;7;0;2;2;1;1
202400049637;155 694 349;15;0;2;1;1;1
202400049637;155 694 353;10;0;2;4;23;1
202400049637;155 694 355;7;0;2;4;23;1
202400049637;155 694 361;7;0;2;4;23;1
202400049637;155 694 367;7;0;2;4;23;1
202400049638;155 694 344;7;0;2;7;17;1
202400049638;155 694 350;50;0;2;8;13;3
202400049639;155 694 347;15;6;2;1;1;1
202400049639;155 694 351;15;9;2;1;1;1
202400049640;155 694 346;7;0;2;2;1;2
202400049640;155 694 352;43;0;2;3;3;1
202400049641;155 694 345;33;0;0;0;1;1
202400049642;155 694 342;15;0;2;5;1;1
202400049642;155 694 348;7;0;2;1;2;1
202400049643;155 694 340;43;0;2;1;13;1
202400049643;155 694 341;7;0;2;1;21;1
202400049644;155 694 339;14;0;2;3;13;1
202400049644;155 694 343;7;0;2;3;1;1
202400049645;155 694 336;33;0;1;1;25;1
202400049646;155 694 332;7;0;2;8;11;1
202400049646;155 694 337;33;0;2;7;1;1
202400049647;155 694 335;7;13;0;0;1;1
202400049648;155 694 330;7;0;2;3;9;0
202400049648;155 694 333;50;0;2;1;1;3
202400049649;155 694 328;33;0;0;8;1;1
202400049650;155 694 327;7;0;2;2;15;1
202400049650;155 694 334;32;0;2;1;1;1
202400049651;155 694 325;7;0;2;4;1;1
202400049651;155 694 331;7;0;2;1;2;1
202400049651;155 694 338;7;0;2;1;2;1
202400049652;155 694 320;15;0;2;2;12;1
202400049652;155 694 324;7;0;2;8;1;2
202400049653;155 694 316;7;0;1;1;1;1
202400049654;155 694 322;33;0;2;3;16;1
202400049654;155 694 329;99;0;2;6;15;1
202400049655;155 694 318;7;1;0;3;16;0
202400049656;155 694 319;7;0;2;1;13;1
202400049656;155 694 323;7;0;2;1;1;1
202400049656;155 694 326;7;0;2;6;1;1
202400049657;155 694 317;2;0;0;0;1;1
202400049658;155 694 315;33;0;2;1;0;1
202400049658;155 694 321;10;0;0;4;1;1
202400049659;155 694 313;7;0;2;1;2;1
202400049659;155 694 314;7;0;2;4;2;1
202400049660;155 694 304;7;0;2;1;26;1
202400049660;155 694 310;33;0;2;7;1;1
202400049661;155 694 306;33;0;2;3;1;1
202400049661;155 694 312;7;0;2;2;15;1
202400049662;155 694 303;7;2;0;3;13;3
202400049663;155 694 302;7;0;2;3;24;1
202400049663;155 694 308;10;0;2;2;1;1
202400049664;155 694 301;7;0;2;1;1;1
202400049664;155 694 307;33;0;2;1;17;1
202400049665;155 694 299;7;0;2;8;1;1
202400049665;155 694 311;7;0;2;1;13;1
202400049666;155 694 300;17;3;0;7;1;1
202400049667;155 694 305;1;0;0;0;1;5
202400049667;155 694 309;7;0;2;0;15;0
202400049668;155 694 297;7;3;0;3;2;1
202400049669;155 694 296;7;6;0;1;1;1
202400049670;155 694 290;7;0;2;3;11;1
202400049670;155 694 294;33;0;2;7;17;1
202400049671;155 694 292;7;0;0;1;1;1
202400049672;155 694 291;7;0;2;3;1;1
202400049672;155 694 295;7;0;2;3;1;1
202400049673;155 694 289;7;9;1;1;21;1
202400049674;155 694 288;33;0;2;3;7;1
202400049674;155 694 293;7;0;2;5;16;3
202400049675;155 694 282;7;6;2;1;0;2
202400049675;155 694 285;7;0;2;3;26;1
202400049676;155 694 279;33;0;2;1;1;1
202400049676;155 694 284;7;0;2;4;1;1
202400049677;155 694 283;10;0;2;8;15;1
202400049677;155 694 286;33;0;2;1;3;1
202400049678;155 694 281;7;2;0;1;13;1
202400049679;155 694 277;2;8;2;1;17;1
202400049679;155 694 280;7;0;2;8;15;1
202400049680;155 694 276;7;0;2;7;1;1
202400049680;155 694 278;99;0;2;0;26;1
202400049681;155 694 275;7;0;1;3;9;1
202400049682;155 694 271;7;0;2;4;24;1
202400049682;155 694 274;7;0;0;0;0;1
202400049683;155 694 269;7;0;1;2;1;1
202400049684;155 694 262;1;0;2;3;0;5
202400049684;155 694 266;7;0;9;3;17;0
202400049685;155 694 264;33;0;2;1;1;1
202400049685;155 694 272;7;0;2;6;15;1
202400049686;155 694 263;7;1;1;2;1;0
202400049686;155 694 270;7;0;2;2;24;1
202400049687;155 694 260;10;0;2;1;2;1
202400049687;155 694 265;34;0;2;4;12;1
202400049687;155 694 268;10;0;2;4;2;1
202400049687;155 694 273;7;0;2;9;2;1
202400049688;155 694 254;7;0;2;3;16;1
202400049688;155 694 259;7;0;2;3;15;1
202400049689;155 694 257;7;0;2;1;19;1
202400049689;155 694 267;7;0;2;8;1;1
202400049690;155 694 255;7;1;0;1;1;1
202400049691;155 694 248;33;0;2;1;3;1
202400049691;155 694 252;7;0;2;0;0;1
202400049692;155 694 250;7;1;0;1;14;1
202400049693;155 694 253;7;0;2;1;15;1
202400049693;155 694 258;7;0;2;1;0;1
202400049693;155 694 261;7;0;2;3;0;1
202400049694;155 694 251;7;4;0;0;1;2
202400049695;155 694 249;7;0;2;2;1;1
202400049695;155 694 256;50;8;2;3;25;3
202400049696;155 694 246;7;0;2;2;1;0
202400049696;155 694 247;7;0;2;6;1;1
202400049697;155 694 244;7;2;0;3;13;1
202400049698;155 694 241;50;0;0;0;26;3
202400049699;155 694 237;33;0;2;3;21;1
202400049699;155 694 242;7;0;2;2;16;1
202400049700;155 694 239;33;0;0;0;0;1
202400049701;155 694 235;2;0;2;0;0;-1
202400049701;155 694 240;7;0;0;3;15;1
202400049702;155 694 234;7;0;0;2;11;1
202400049702;155 694 245;33;0;2;1;1;1
202400049703;155 694 232;33;13;0;2;1;1
202400049704;155 694 229;7;15;2;3;1;1
202400049704;155 694 236;7;0;2;2;9;1
202400049705;155 694 225;7;0;9;2;2;1
202400049705;155 694 228;1;0;2;4;2;5
202400049706;155 694 227;7;0;1;1;20;1
202400049707;155 694 223;7;0;2;4;1;1
202400049707;155 694 224;7;0;2;1;1;1
202400049707;155 694 230;7;0;2;2;1;1
202400049707;155 694 233;7;0;2;8;1;1
202400049707;155 694 238;7;0;2;1;1;1
202400049707;155 694 243;7;0;2;2;1;1
202400049708;155 694 222;33;13;0;7;1;1
202400049709;155 694 214;7;9;0;1;1;1
202400049710;155 694 212;7;0;2;7;1;1
202400049710;155 694 221;7;0;2;1;16;1
202400049711;155 694 213;7;9;2;1;1;1
202400049711;155 694 219;7;9;2;8;1;1
202400049712;155 694 211;7;14;0;1;1;1
202400049713;155 694 217;30;0;2;1;17;1
202400049713;155 694 220;7;0;0;6;15;1
202400049714;155 694 210;33;0;2;9;2;1
202400049714;155 694 216;15;0;0;3;9;1
202400049715;155 694 208;7;0;2;4;2;1
202400049715;155 694 215;7;0;2;4;2;1
202400049715;155 694 218;7;0;2;1;2;1
202400049716;155 694 204;7;0;2;5;12;1
202400049716;155 694 207;32;0;2;1;1;1
202400049717;155 694 206;7;2;0;1;1;1
202400049718;155 694 202;33;14;0;1;1;1
202400049719;155 694 201;7;0;2;1;2;1
202400049719;155 694 209;7;0;9;4;2;1
202400049720;155 694 199;7;0;2;8;15;2
202400049720;155 694 205;2;0;2;7;17;1
202400049721;155 694 197;7;7;2;1;2;1
202400049721;155 694 203;7;1;2;8;2;1
202400049722;155 694 196;7;0;2;8;11;1
202400049722;155 694 200;32;0;2;7;1;1
202400049723;155 694 192;33;0;2;3;2;1
202400049723;155 694 195;7;0;2;5;23;1
202400049724;155 694 191;7;0;2;8;15;1
202400049724;155 694 198;33;0;2;1;1;1
202400049725;155 694 189;7;0;2;8;1;1
202400049725;155 694 194;7;0;2;8;1;1
202400049726;155 694 186;7;14;0;1;14;1
202400049727;155 694 187;7;0;2;2;14;1
202400049727;155 694 193;10;0;2;6;1;1
202400049728;155 694 185;7;0;2;3;26;1
202400049728;155 694 188;7;0;2;3;23;1
202400049729;155 694 184;50;0;2;1;17;3
202400049729;155 694 190;7;0;2;1;15;1
202400049730;155 694 182;2;0;0;0;1;1
202400049731;155 694 180;7;0;2;1;26;1
202400049731;155 694 183;7;0;2;5;2;1
202400049732;155 694 178;7;0;2;1;2;1
202400049732;155 694 181;7;0;2;4;1;1
202400049733;155 694 177;7;1;0;1;0;1
202400049734;155 694 174;7;13;0;0;14;1
202400049735;155 694 170;7;0;2;2;1;0
202400049735;155 694 179;1;0;2;6;16;5
202400049736;155 694 171;7;0;2;1;5;1
202400049736;155 694 176;7;13;2;1;1;1
202400049737;155 694 167;10;0;2;7;1;1
202400049737;155 694 172;33;0;2;2;17;1
202400049737;155 694 175;10;0;2;6;2;1
202400049738;155 694 161;7;0;2;4;2;1
202400049738;155 694 166;13;0;2;1;2;1
202400049738;155 694 169;7;0;2;4;2;1
202400049739;155 694 164;7;13;0;2;14;1
202400049740;155 694 159;15;0;2;3;2;1
202400049740;155 694 165;7;0;0;4;2;1
202400049740;155 694 168;7;0;2;1;17;2
202400049741;155 694 158;33;0;2;1;26;1
202400049741;155 694 160;10;0;2;2;15;1
202400049742;155 694 157;7;0;2;2;1;1
202400049742;155 694 163;7;0;2;2;5;1
202400049743;155 694 153;7;0;1;2;1;0
202400049744;155 694 151;7;0;2;2;5;2
202400049744;155 694 156;7;0;2;2;1;1
202400049745;155 694 147;7;0;2;1;1;1