Num_Acc;id_vehicule;catv;obs;obsm;choc;manv;motor
202400049745;155 694 152;7;0;2;6;2;1
202400049745;155 694 155;7;0;2;0;1;1
202400049745;155 694 162;7;0;2;8;1;1
202400049746;155 694 141;7;0;2;1;2;1
202400049746;155 694 148;7;0;2;4;1;2
202400049746;155 694 154;7;0;2;3;1;2
202400049747;155 694 145;7;0;2;6;15;1
202400049747;155 694 150;33;0;2;1;1;1
202400049748;155 694 143;7;0;2;3;5;1
202400049748;155 694 149;1;0;2;4;1;5
202400049749;155 694 144;7;0;1;2;1;1
202400049750;155 694 139;10;0;2;4;1;1
202400049750;155 694 142;7;0;2;1;1;1
202400049751;155 694 140;32;0;2;1;17;1
202400049751;155 694 146;7;0;2;6;15;1
202400049752;155 694 136;7;10;0;4;4;1
202400049753;155 694 133;50;0;2;3;16;3
202400049754;155 694 132;33;0;2;8;1;1
202400049754;155 694 138;7;0;2;7;12;1
202400049755;155 694 131;7;0;2;8;13;1
202400049755;155 694 135;2;0;2;7;17;1
202400049756;155 694 130;7;0;2;1;19;1
202400049756;155 694 137;7;0;2;7;26;1
202400049757;155 694 128;7;3;0;0;0;1
202400049758;155 694 126;7;0;2;1;13;1
202400049758;155 694 134;7;0;2;1;1;1
202400049759;155 694 124;33;0;2;2;3;1
202400049759;155 694 127;7;0;2;8;11;3
202400049760;155 694 125;7;0;2;6;11;1
202400049760;155 694 129;33;0;2;1;17;1
202400049761;155 694 121;7;0;1;1;1;2
202400049762;155 694 119;7;0;2;3;15;1
202400049762;155 694 123;33;0;2;1;17;1
202400049763;155 694 114;7;0;1;1;1;1
202400049764;155 694 115;7;0;2;3;13;1
202400049764;155 694 120;7;0;2;1;1;1
202400049765;155 694 116;7;13;0;1;0;1
202400049766;155 694 118;7;0;2;4;23;1
202400049766;155 694 122;7;0;2;1;1;2
202400049767;155 694 113;7;0;2;2;2;1
202400049767;155 694 117;7;0;2;8;2;1
202400049768;155 694 110;33;0;0;8;16;1
202400049769;155 694 108;33;0;0;0;17;1
202400049770;155 694 107;7;8;0;2;1;1
202400049771;155 694 106;30;0;0;1;1;1
202400049772;155 694 103;7;0;2;2;1;1
202400049772;155 694 109;7;0;2;2;1;1
202400049773;155 694 102;7;2;0;3;1;1
202400049774;155 694 097;7;0;2;1;2;1
202400049774;155 694 104;7;0;2;4;2;1
202400049775;155 694 096;7;0;2;6;17;1
202400049775;155 694 099;7;0;2;3;5;1
202400049776;155 694 098;7;0;0;1;1;1
202400049776;155 694 105;7;15;2;4;9;1
202400049777;155 694 095;50;0;2;8;1;3
202400049777;155 694 101;7;0;2;1;15;1
202400049778;155 694 093;2;13;0;1;0;1
202400049779;155 694 092;7;0;9;7;21;1
202400049779;155 694 094;1;0;2;8;2;5
202400049779;155 694 100;7;0;0;0;17;3
202400049780;155 694 091;7;13;0;9;1;1
202400049781;155 694 088;21;15;0;1;1;1
202400049782;155 694 087;7;3;2;3;11;1
202400049782;155 694 090;34;3;2;1;17;1
202400049783;155 694 084;50;0;1;1;25;3
202400049784;155 694 082;7;0;2;6;1;1
202400049784;155 694 085;7;0;2;1;0;0
202400049784;155 694 089;32;0;2;3;3;1
202400049785;155 694 077;7;0;2;1;1;1
202400049785;155 694 086;7;0;2;3;1;1
202400049786;155 694 078;33;0;2;1;17;1
202400049786;155 694 080;7;0;2;3;15;0
202400049787;155 694 076;7;8;0;1;26;1
202400049788;155 694 079;7;0;2;1;2;1
202400049788;155 694 083;7;0;0;6;2;1
202400049789;155 694 075;7;0;2;1;1;1
202400049789;155 694 081;7;0;2;8;19;1
202400049790;155 694 074;10;4;0;3;11;1
202400049791;155 694 069;7;0;2;8;1;1
202400049791;155 694 072;99;0;2;8;13;6
202400049792;155 694 070;1;0;0;8;26;5
202400049792;155 694 073;7;0;0;1;26;1
202400049793;155 694 062;33;0;2;7;1;1
202400049793;155 694 066;10;0;2;8;11;1
202400049794;155 694 063;1;0;2;3;15;5
202400049794;155 694 071;7;0;9;3;15;2
202400049795;155 694 061;7;0;2;2;2;1
202400049795;155 694 068;1;0;2;8;1;5
202400049796;155 694 060;3;0;2;7;0;1
202400049796;155 694 067;7;0;2;1;1;1
202400049797;155 694 059;7;0;2;1;1;1
202400049797;155 694 064;60;0;2;7;19;5
202400049798;155 694 055;43;0;0;3;3;1
202400049799;155 694 048;33;0;2;7;17;1
202400049799;155 694 052;7;0;2;6;13;1
202400049800;155 694 054;31;0;2;1;1;1
202400049800;155 694 058;7;0;2;3;15;1
202400049801;155 694 045;7;0;0;3;14;1
202400049802;155 694 047;80;0;2;8;19;3
202400049802;155 694 050;2;0;2;1;1;1
202400049803;155 694 043;7;0;2;2;2;1
202400049803;155 694 056;30;3;2;4;2;1
202400049804;155 694 044;7;0;2;3;1;1
202400049804;155 694 049;7;0;2;3;17;1
202400049805;155 694 051;33;8;0;8;1;1
202400049805;155 694 057;7;0;2;3;15;1
202400049806;155 694 042;7;0;2;4;0;1
202400049806;155 694 046;7;0;2;1;0;1
202400049806;155 694 053;7;0;2;1;0;1
202400049807;155 694 036;33;6;0;7;1;1
202400049808;155 694 035;7;8;2;9;17;1
202400049808;155 694 040;7;0;2;3;2;1
202400049809;155 694 031;32;0;2;8;20;1
202400049809;155 694 039;10;0;2;5;20;3
202400049810;155 694 032;33;0;2;1;3;1
202400049810;155 694 038;7;0;2;6;11;1
202400049811;155 694 028;7;0;2;1;2;1
202400049811;155 694 033;7;0;2;4;2;1
202400049812;155 694 027;7;0;2;3;1;1
202400049812;155 694 034;7;0;2;3;1;1
202400049813;155 694 026;33;0;2;1;1;1
202400049813;155 694 030;7;0;2;3;15;1
202400049814;155 694 025;7;0;2;4;0;2
202400049814;155 694 029;7;1;2;6;9;1
202400049814;155 694 037;7;0;2;6;26;1
202400049814;155 694 041;7;1;0;4;0;2
202400049815;155 694 019;7;0;2;4;2;2
202400049815;155 694 023;7;0;2;1;2;1
202400049816;155 694 015;7;8;0;4;4;2
202400049817;155 694 012;7;0;0;2;13;2
202400049817;155 694 024;7;0;0;3;1;1
202400049818;155 694 016;7;0;2;1;2;1
202400049818;155 694 022;7;0;2;4;15;1
202400049819;155 694 010;7;0;2;3;1;1
202400049819;155 694 014;7;12;2;3;13;1
202400049819;155 694 021;37;0;2;0;0;1
202400049820;155 694 008;7;0;2;1;2;1
202400049820;155 694 018;2;0;2;8;1;1
202400049821;155 694 005;10;0;2;1;14;1
202400049821;155 694 009;38;0;2;6;1;1
202400049822;155 694 004;7;0;2;5;23;1
202400049822;155 694 006;7;0;2;6;1;1
202400049822;155 694 011;7;0;2;1;1;1
202400049822;155 694 017;7;1;0;3;1;1
202400049822;155 694 020;7;0;2;1;1;1
202400049823;155 694 001;10;0;1;1;1;1
202400049824;155 694 007;7;0;2;1;1;1
202400049824;155 694 013;7;0;0;4;15;1
202400049825;155 694 000;7;0;2;2;15;1
202400049825;155 694 002;33;0;2;1;1;1
202400049826;155 693 996;7;0;2;1;9;1
202400049826;155 694 003;80;0;2;7;1;3
202400049827;155 693 997;7;0;2;3;1;1
202400049827;155 693 999;14;0;2;3;1;1
202400049828;155 693 992;7;0;0;3;19;1
202400049828;155 693 998;10;0;2;1;1;1
202400049829;155 693 990;7;0;2;1;2;1
202400049829;155 693 995;7;0;2;4;1;1
202400049830;155 693 991;7;2;0;9;2;1
202400049831;155 693 989;7;0;2;3;13;1
202400049831;155 693 993;7;0;2;2;1;1
202400049832;155 693 988;7;0;0;1;0;1
202400049833;155 693 987;7;0;2;1;1;1
202400049833;155 693 994;3;0;2;7;16;1
202400049834;155 693 985;7;0;0;9;1;1
202400049835;155 693 980;7;13;0;3;1;1
202400049836;155 693 977;7;0;2;1;2;1
202400049836;155 693 982;7;0;2;4;1;1
202400049837;155 693 978;7;0;2;4;1;1
202400049837;155 693 984;7;0;2;4;1;1
202400049837;155 693 986;7;0;2;1;1;2
202400049838;155 693 979;36;16;0;9;1;1
202400049839;155 693 974;41;0;2;1;11;1
202400049839;155 693 981;10;0;2;3;10;0
202400049840;155 693 976;7;0;2;1;13;1
202400049840;155 693 983;33;0;2;1;1;1
202400049841;155 693 973;2;0;2;1;18;3
202400049841;155 693 975;10;0;2;7;22;1
202400049842;155 693 969;21;0;0;0;13;1
202400049843;155 693 968;7;0;9;3;15;1
202400049843;155 693 972;60;0;2;1;1;5
202400049844;155 693 967;7;1;0;3;1;1
202400049845;155 693 966;7;0;2;4;1;2
202400049845;155 693 971;7;0;2;1;1;2
202400049846;155 693 965;7;8;0;1;13;1
202400049847;155 693 960;14;0;2;6;1;1
202400049847;155 693 963;32;11;2;1;17;1
202400049848;155 693 961;1;0;2;5;19;5
202400049848;155 693 964;33;0;2;1;17;1
202400049849;155 693 958;2;0;0;0;1;1
202400049850;155 693 956;7;0;0;1;26;1
202400049851;155 693 957;1;0;1;1;0;5
202400049852;155 693 953;7;0;2;1;1;1
202400049852;155 693 959;7;0;2;6;1;1
202400049852;155 693 962;7;0;2;2;1;1
202400049852;155 693 970;7;0;2;7;13;1
202400049853;155 693 951;7;0;0;7;1;1
202400049853;155 693 954;7;0;2;1;1;2
202400049854;155 693 946;7;0;0;9;1;1
202400049855;155 693 948;7;0;2;4;2;1
202400049855;155 693 952;7;0;2;4;2;2
202400049855;155 693 955;7;0;2;1;2;1
202400049856;155 693 944;7;0;2;1;2;1
202400049856;155 693 949;7;0;2;4;2;1
202400049857;155 693 943;7;0;2;1;2;1
202400049857;155 693 945;7;0;2;4;1;1
202400049858;155 693 940;7;0;2;2;1;2
202400049858;155 693 950;7;0;2;1;13;1
202400049859;155 693 939;7;4;0;7;1;1
202400049860;155 693 942;7;0;2;3;15;1
202400049860;155 693 947;7;0;2;3;1;1
202400049861;155 693 938;37;0;2;5;17;0
202400049861;155 693 941;80;0;2;3;1;3
202400049862;155 693 937;36;0;0;0;1;1
202400049863;155 693 935;32;0;2;1;3;1
202400049863;155 693 936;7;0;2;1;3;1
202400049864;155 693 933;7;4;0;3;1;1
202400049865;155 693 932;7;3;0;1;1;1
202400049866;155 693 929;7;0;0;1;1;1
202400049867;155 693 925;33;0;2;1;1;0
202400049867;155 693 930;3;0;0;5;11;0
202400049867;155 693 934;3;0;2;1;1;0
202400049868;155 693 923;7;4;0;1;1;1
202400049869;155 693 922;7;0;9;1;1;1
202400049869;155 693 924;1;0;0;0;0;5
202400049870;155 693 920;7;0;2;1;11;1
202400049870;155 693 926;13;0;2;1;1;1
202400049871;155 693 921;7;0;2;1;2;1
202400049871;155 693 928;3;0;2;4;1;3
202400049872;155 693 919;21;0;0;0;1;1
202400049873;155 693 914;7;1;0;2;14;1
202400049874;155 693 916;7;0;2;2;1;1
202400049874;155 693 918;7;0;2;1;1;1
202400049874;155 693 927;14;0;0;4;1;1
202400049874;155 693 931;10;0;2;2;1;1
202400049875;155 693 911;31;0;1;1;1;1
202400049876;155 693 912;7;0;9;3;9;1
202400049876;155 693 917;50;0;2;7;1;3
202400049877;155 693 913;33;0;6;1;0;1
202400049878;155 693 908;7;0;2;1;2;1
202400049878;155 693 910;7;0;2;3;2;1
202400049878;155 693 915;7;0;2;4;2;2
202400049879;155 693 906;17;0;2;5;1;1
202400049879;155 693 909;7;0;2;1;17;1
202400049880;155 693 901;10;11;0;3;0;1
202400049881;155 693 899;7;0;2;4;2;1
202400049881;155 693 904;32;0;2;1;2;1
202400049882;155 693 902;7;6;0;1;14;1
202400049883;155 693 898;7;0;2;2;1;1
202400049883;155 693 903;13;0;2;3;0;0
202400049884;155 693 896;7;0;2;4;1;1
202400049884;155 693 900;7;0;2;4;1;1
202400049884;155 693 907;7;0;2;1;1;1
202400049885;155 693 893;7;0;2;5;13;1
202400049885;155 693 905;7;0;2;1;1;1
202400049886;155 693 885;32;0;2;3;1;1
202400049886;155 693 892;10;0;2;2;9;1
202400049887;155 693 882;30;0;2;1;26;1
202400049887;155 693 888;7;0;2;8;15;1
202400049888;155 693 884;7;0;2;2;13;1
202400049888;155 693 891;10;0;2;1;1;1
202400049889;155 693 883;7;0;2;1;17;1
202400049889;155 693 889;7;0;0;8;15;1
202400049890;155 693 881;7;0;2;6;23;1
202400049890;155 693 887;33;0;2;1;1;1
202400049890;155 693 894;10;0;2;5;21;1
202400049891;155 693 880;7;0;2;3;1;2
202400049891;155 693 890;7;0;2;1;19;2
202400049892;155 693 878;0;0;-1;4;26;-1
202400049893;155 693 875;7;0;2;6;1;1
202400049893;155 693 877;7;0;2;1;2;1
202400049893;155 693 879;7;0;2;1;2;1
202400049894;155 693 870;7;0;2;0;0;1
202400049894;155 693 874;32;0;2;1;2;1
202400049895;155 693 871;2;0;2;1;1;1
202400049895;155 693 876;7;0;2;1;19;1
202400049896;155 693 868;33;0;0;0;0;1
202400049897;155 693 866;33;0;6;3;1;1
202400049898;155 693 865;7;0;2;3;0;1
202400049898;155 693 873;7;0;2;3;0;1
202400049899;155 693 863;7;0;1;2;1;0
202400049900;155 693 862;33;0;2;3;21;1
202400049900;155 693 864;17;0;2;5;1;1
202400049900;155 693 869;17;0;2;3;1;1
202400049901;155 693 859;32;0;1;1;7;1
202400049902;155 693 858;2;0;0;0;26;1
202400049903;155 693 857;7;0;2;1;0;0
202400049903;155 693 861;7;0;2;4;2;1
202400049904;155 693 849;7;0;2;1;2;2
202400049904;155 693 854;7;0;0;0;0;1
202400049905;155 693 844;32;0;2;0;0;1
202400049905;155 693 850;7;0;2;2;23;1
202400049906;155 693 847;7;0;2;7;1;1
202400049906;155 693 853;10;0;2;1;1;1
202400049907;155 693 846;7;0;2;8;15;1
202400049907;155 693 851;33;0;2;7;1;1
202400049908;155 693 845;99;8;0;1;16;1
202400049909;155 693 842;7;0;2;3;15;1
202400049909;155 693 848;2;0;2;1;15;1
202400049910;155 693 839;30;8;0;0;26;1
202400049911;155 693 837;10;0;2;4;1;1
202400049911;155 693 841;33;0;2;1;1;1
202400049912;155 693 838;7;0;2;5;26;1
202400049912;155 693 843;7;0;2;3;2;1
202400049913;155 693 835;10;0;2;3;0;1
202400049913;155 693 840;1;0;2;1;0;5
202400049914;155 693 832;37;0;1;1;1;1
202400049915;155 693 833;2;8;0;1;0;1
202400049916;155 693 829;7;0;1;3;21;1
202400049917;155 693 831;1;0;2;1;1;5
202400049917;155 693 836;7;0;2;3;1;1
202400049918;155 693 826;7;1;0;2;1;1
202400049919;155 693 827;2;0;2;1;1;1
202400049919;155 693 834;7;0;2;5;1;1
202400049920;155 693 823;10;0;1;3;16;1
202400049921;155 693 824;7;0;2;3;1;1
202400049921;155 693 830;7;0;2;3;1;1
202400049922;155 693 822;7;4;0;3;1;1
202400049923;155 693 821;7;0;2;1;2;1
202400049923;155 693 825;7;0;2;4;2;1
202400049923;155 693 828;7;0;2;4;1;1
202400049924;155 693 819;7;0;1;3;15;1
202400049925;155 693 818;31;0;2;7;14;1
202400049926;155 693 817;1;0;1;0;1;5
202400049927;155 693 816;2;0;2;2;17;1
202400049927;155 693 820;7;0;2;3;15;1
202400049928;155 693 815;7;0;1;1;1;1
202400049929;155 693 812;7;0;1;1;16;2
202400049930;155 693 807;80;0;1;1;1;3
202400049931;155 693 808;1;0;0;1;1;5
202400049932;155 693 809;7;4;0;0;0;1
202400049933;155 693 811;7;13;0;1;15;1
202400049934;155 693 806;7;0;2;2;19;1
202400049934;155 693 814;7;0;2;5;19;1
202400049935;155 693 804;2;0;0;1;26;3
202400049936;155 693 805;7;0;2;4;2;2
202400049936;155 693 810;1;0;2;1;2;5
202400049937;155 693 803;2;0;2;1;1;1
202400049937;155 693 813;7;0;2;2;1;2
202400049938;155 693 794;50;0;2;0;2;3
202400049938;155 693 800;7;0;0;5;2;1
202400049939;155 693 793;31;0;2;4;2;1
202400049939;155 693 799;7;0;2;1;2;1
202400049940;155 693 792;10;0;2;6;1;1
202400049940;155 693 801;31;0;2;1;1;1
202400049941;155 693 789;7;0;2;1;1;1
202400049941;155 693 798;30;0;2;3;5;1
202400049942;155 693 785;14;0;2;1;2;1
202400049942;155 693 791;10;0;2;4;2;1
202400049942;155 693 797;14;0;2;4;2;1
202400049943;155 693 784;7;16;0;0;0;1
202400049944;155 693 790;7;0;2;3;15;1
202400049944;155 693 795;1;0;2;1;1;5
202400049945;155 693 782;7;0;2;1;13;1
202400049945;155 693 788;10;0;2;1;1;1
202400049946;155 693 783;7;0;2;0;0;1
202400049946;155 693 786;30;0;2;0;0;0
202400049947;155 693 781;7;0;2;4;2;1
202400049947;155 693 787;7;0;2;1;26;1
202400049948;155 693 780;7;13;0;3;16;1
202400049949;155 693 778;2;0;0;0;1;1
202400049950;155 693 779;0;0;0;0;0;0
202400049951;155 693 774;7;0;2;1;2;1
202400049951;155 693 776;34;0;2;4;2;1
202400049952;155 693 772;10;0;2;1;1;1
202400049952;155 693 777;7;4;2;1;12;1
202400049953;155 693 771;36;0;2;3;2;1
202400049953;155 693 773;7;0;2;5;15;1
202400049954;155 693 769;15;14;0;1;1;1
202400049954;155 693 775;7;8;0;0;0;1
202400049955;155 693 767;7;0;1;8;1;2
202400049956;155 693 766;7;3;2;8;2;1
202400049957;155 693 765;80;0;2;8;1;3
202400049957;155 693 770;15;0;2;7;16;1
202400049958;155 693 762;33;13;0;1;0;1
202400049959;155 693 763;7;4;0;1;26;1
202400049960;155 693 761;7;0;1;3;1;1
202400049961;155 693 764;33;0;2;1;2;1
202400049961;155 693 768;7;0;2;4;23;1
202400049962;155 693 759;7;0;1;3;1;1
202400049963;155 693 756;7;4;0;9;0;1
202400049964;155 693 754;7;0;2;1;1;1
202400049964;155 693 760;1;0;2;1;5;5
202400049965;155 693 753;7;4;2;1;1;1
202400049965;155 693 757;7;0;2;6;1;1
202400049966;155 693 750;7;2;0;9;1;1
202400049967;155 693 752;10;0;2;5;1;1
202400049967;155 693 758;10;0;0;7;11;1
202400049968;155 693 749;7;1;0;4;0;1
202400049968;155 693 751;7;0;2;1;0;1
202400049968;155 693 755;7;0;0;0;0;1
202400049969;155 693 746;7;0;1;2;1;1
202400049970;155 693 747;7;15;0;1;0;1
202400049971;155 693 745;7;4;0;2;21;1
202400049972;155 693 744;7;6;0;1;0;1
202400049973;155 693 748;7;0;1;3;15;2
202400049974;155 693 743;7;0;1;4;26;1
202400049975;155 693 742;7;13;0;1;1;1
202400049976;155 693 737;7;0;2;1;1;1
202400049976;155 693 741;2;0;2;8;16;1
202400049977;155 693 738;7;1;0;1;1;2
202400049978;155 693 735;99;0;2;8;1;1
202400049978;155 693 739;50;0;2;0;1;3
202400049979;155 693 734;2;3;0;2;1;1
202400049980;155 693 733;10;0;1;2;1;1
202400049981;155 693 731;7;0;0;0;2;1
202400049981;155 693 736;7;0;0;8;17;1
202400049981;155 693 740;33;12;0;7;17;1
202400049982;155 693 730;7;0;2;1;2;1
202400049982;155 693 732;7;2;2;9;26;1
202400049983;155 693 727;10;0;1;4;4;1
202400049984;155 693 724;36;16;0;9;1;1
202400049985;155 693 725;7;0;2;1;1;1
202400049985;155 693 728;50;0;2;8;19;3
202400049986;155 693 723;10;0;2;1;17;1
202400049986;155 693 726;7;0;2;8;15;1
202400049987;155 693 722;1;0;2;1;1;5
202400049987;155 693 729;7;0;2;3;9;1
202400049988;155 693 720;30;0;1;1;1;3
202400049989;155 693 718;7;8;0;1;1;1
202400049990;155 693 715;7;0;2;1;2;1
202400049990;155 693 719;7;0;2;1;13;1
202400049990;155 693 721;7;0;2;1;1;1
202400049991;155 693 712;7;0;1;2;1;1
202400049991;155 693 716;7;0;2;3;1;1
202400049992;155 693 713;7;0;2;3;1;1
202400049992;155 693 717;7;0;2;5;15;1
202400049993;155 693 710;7;1;0;1;14;1
202400049994;155 693 709;7;0;1;2;1;1
202400049995;155 693 706;7;0;2;1;2;1
202400049995;155 693 714;7;4;2;1;26;1
202400049996;155 693 705;33;0;2;1;17;1
202400049996;155 693 708;7;0;0;6;15;1
202400049997;155 693 702;1;0;2;2;19;5
202400049997;155 693 704;7;0;2;1;1;1
202400049998;155 693 700;7;0;2;1;21;1
202400049998;155 693 707;7;0;2;6;15;1
202400049998;155 693 711;33;0;2;9;1;1
202400049999;155 693 701;1;0;0;7;14;5
202400050000;155 693 698;33;0;2;5;17;1
202400050000;155 693 703;7;0;2;8;15;1
202400050001;155 693 695;33;0;2;1;1;1
202400050001;155 693 699;7;0;2;2;15;1
202400050002;155 693 694;7;3;0;1;2;1
202400050002;155 693 697;7;0;2;1;2;1
202400050003;155 693 696;7;6;0;1;1;1
202400050004;155 693 693;7;0;1;1;1;1
202400050005;155 693 688;7;0;2;3;1;1
202400050005;155 693 692;7;0;2;3;5;1
202400050006;155 693 689;7;0;1;7;17;0
202400050007;155 693 686;7;6;0;3;13;1
202400050008;155 693 683;10;0;9;7;0;0
202400050008;155 693 690;50;0;2;8;0;3
202400050009;155 693 684;7;8;2;2;13;1
202400050009;155 693 691;7;0;2;2;1;1
202400050010;155 693 682;33;0;2;8;19;1
202400050010;155 693 687;10;0;2;8;23;1
202400050011;155 693 680;7;13;0;1;0;1
202400050012;155 693 675;7;12;1;0;16;1
202400050013;155 693 676;7;0;2;2;15;1
202400050013;155 693 681;60;0;2;6;15;5
202400050014;155 693 671;0;0;2;2;18;-1
202400050014;155 693 674;30;0;2;3;0;1
202400050015;155 693 672;7;0;2;3;1;1
202400050015;155 693 677;50;0;2;2;5;3
202400050016;155 693 669;1;0;2;3;13;5
202400050016;155 693 673;7;0;9;3;1;1
202400050017;155 693 668;7;4;0;0;0;1
202400050018;155 693 666;32;0;2;1;1;1
202400050018;155 693 670;7;0;2;2;15;1
202400050019;155 693 667;37;0;0;0;0;1
202400050019;155 693 678;7;0;0;0;0;1
202400050020;155 693 663;33;0;5;1;1;1
202400050021;155 693 661;7;0;2;2;1;1
202400050021;155 693 665;7;0;2;3;15;1
202400050022;155 693 659;7;0;2;2;13;1
202400050022;155 693 664;7;0;2;1;1;1
202400050023;155 693 655;7;0;2;5;1;1
202400050023;155 693 660;7;0;2;3;11;1
202400050024;155 693 654;43;0;2;3;1;1
202400050024;155 693 658;7;0;2;5;1;3
202400050025;155 693 656;7;0;2;2;9;1
202400050025;155 693 662;30;0;2;3;1;1
202400050026;155 693 652;30;0;0;0;26;1
202400050027;155 693 650;7;0;0;4;2;1
202400050027;155 693 657;7;0;2;1;2;1
202400050028;155 693 648;7;0;2;7;15;1
202400050028;155 693 651;30;0;2;1;1;1
202400050029;155 693 646;7;0;2;4;2;1
202400050029;155 693 649;7;0;2;1;2;3
202400050030;155 693 645;7;1;0;1;14;1
202400050031;155 693 643;7;13;0;2;15;1
202400050032;155 693 644;33;0;2;1;1;1
202400050032;155 693 647;7;0;2;7;1;2
202400050033;155 693 640;31;0;2;0;0;0
202400050033;155 693 642;7;0;2;0;0;1
202400050034;155 693 639;7;12;0;1;1;1
202400050035;155 693 633;7;3;2;6;18;1
202400050035;155 693 636;7;0;2;2;1;2
202400050036;155 693 637;7;0;2;5;1;2
202400050036;155 693 641;7;0;2;3;1;2
202400050037;155 693 631;32;0;2;1;21;1
202400050037;155 693 638;7;0;2;4;1;1
202400050038;155 693 628;7;0;2;1;2;1
202400050038;155 693 634;7;0;2;4;23;1
202400050039;155 693 629;7;0;2;3;15;2
202400050039;155 693 635;1;0;2;0;15;5
202400050040;155 693 626;32;0;2;2;23;1
202400050040;155 693 630;7;0;2;2;15;1
202400050041;155 693 627;7;0;2;2;10;1
202400050041;155 693 632;7;0;2;3;1;3
202400050042;155 693 625;10;0;1;4;26;1
202400050043;155 693 623;7;13;0;1;1;1
202400050044;155 693 622;31;0;2;1;3;1
202400050044;155 693 624;7;0;2;2;12;1
202400050045;155 693 620;7;9;0;2;1;1
202400050046;155 693 619;7;4;0;1;15;2
202400050047;155 693 617;31;0;1;1;2;1
202400050048;155 693 615;33;0;2;1;2;1
202400050048;155 693 621;7;4;2;6;9;1
202400050049;155 693 610;7;4;0;2;1;1
202400050050;155 693 608;7;0;2;1;1;1
202400050050;155 693 616;7;0;2;1;1;1
202400050050;155 693 618;7;0;2;1;1;2
202400050051;155 693 605;1;0;2;0;0;5
202400050051;155 693 607;7;0;2;1;15;1
202400050052;155 693 603;7;0;2;6;1;1
202400050052;155 693 606;33;0;2;4;21;1
202400050052;155 693 612;34;0;2;1;21;1
202400050052;155 693 614;7;0;2;0;0;0
202400050053;155 693 601;7;0;2;8;9;1
202400050053;155 693 609;7;0;2;8;23;1
202400050053;155 693 613;7;4;2;1;9;3
202400050054;155 693 599;7;0;1;1;1;1
202400050055;155 693 595;10;0;0;4;1;1
202400050055;155 693 602;7;0;2;1;2;1
202400050055;155 693 611;10;0;2;1;2;1
202400050056;155 693 597;30;0;2;2;1;1
202400050056;155 693 604;7;0;2;3;15;1
202400050057;155 693 594;7;0;2;4;1;1
202400050057;155 693 598;7;0;2;1;1;1
202400050058;155 693 592;1;0;1;1;1;5
202400050059;155 693 590;7;0;2;7;11;1
202400050059;155 693 593;43;0;2;7;3;1
202400050060;155 693 589;7;0;9;1;16;1
202400050060;155 693 591;1;0;2;1;19;5
202400050061;155 693 588;30;0;0;3;0;3
202400050062;155 693 586;7;0;1;2;1;2
202400050063;155 693 587;3;1;0;1;0;1
202400050064;155 693 585;7;1;0;2;14;1
202400050065;155 693 578;7;0;1;1;1;1
202400050066;155 693 580;7;0;2;6;1;1
202400050066;155 693 584;15;0;2;5;12;1
202400050067;155 693 581;7;0;2;3;1;1
202400050067;155 693 583;7;0;2;2;15;1
202400050068;155 693 576;7;0;2;1;1;1
202400050068;155 693 582;32;0;2;1;13;1
202400050069;155 693 573;7;0;2;1;1;1
202400050069;155 693 579;7;0;0;5;1;1
202400050070;155 693 574;10;0;2;1;2;1
202400050070;155 693 577;7;15;2;4;16;1
202400050071;155 693 569;7;0;2;3;1;0
202400050071;155 693 575;7;0;2;2;15;1
202400050072;155 693 560;7;0;2;4;1;1
202400050072;155 693 568;7;0;2;4;1;1
202400050072;155 693 572;7;0;2;1;2;1
202400050073;155 693 562;7;0;9;3;0;1
202400050073;155 693 565;1;0;9;1;1;5
202400050074;155 693 557;7;0;2;3;0;0
202400050074;155 693 563;2;0;2;5;0;1
202400050075;155 693 556;7;0;2;5;23;1
202400050075;155 693 561;15;0;0;6;23;1
202400050075;155 693 567;10;0;2;3;21;1
202400050076;155 693 555;33;0;2;4;1;1
202400050076;155 693 558;7;0;2;4;1;1
202400050076;155 693 564;7;0;2;3;1;1
202400050076;155 693 570;10;0;2;1;1;1
202400050077;155 693 548;7;0;2;7;17;1
202400050077;155 693 551;2;0;2;8;13;1
202400050078;155 693 547;7;0;1;3;15;3
202400050079;155 693 549;7;0;2;3;10;1
202400050079;155 693 552;33;0;2;1;1;1
202400050080;155 693 544;7;0;2;1;15;1
202400050080;155 693 546;2;0;2;1;1;3
202400050081;155 693 542;7;0;2;3;1;1
202400050081;155 693 545;7;0;2;3;1;1
202400050082;155 693 541;50;12;0;1;16;3
202400050083;155 693 540;7;0;2;1;1;1
202400050083;155 693 543;10;0;2;4;1;1
202400050083;155 693 550;7;0;2;4;1;3
202400050083;155 693 553;14;0;2;1;0;1
202400050083;155 693 554;7;0;2;7;1;1
202400050083;155 693 559;7;0;2;4;1;2
202400050083;155 693 566;7;0;2;7;1;2
202400050083;155 693 571;7;0;2;5;1;2
202400050084;155 693 539;7;4;0;1;0;1
202400050085;155 693 538;10;0;5;1;0;1
202400050086;155 693 537;14;0;1;5;15;1
202400050087;155 693 534;7;1;0;2;1;1
202400050088;155 693 532;7;-1;-1;-1;-1;-1
202400050088;155 693 535;50;0;2;0;14;3
202400050089;155 693 529;7;0;2;1;2;1
202400050089;155 693 533;7;0;2;4;2;1