Num_Acc;id_vehicule;catv;obs;obsm;choc;manv;motor
202400050812;155 692 324;10;13;2;3;1;1
202400050813;155 692 294;7;0;2;1;5;1
202400050813;155 692 297;15;0;2;1;1;1
202400050814;155 692 299;33;14;0;1;1;1
202400050815;155 692 293;33;5;0;1;1;1
202400050816;155 692 298;7;4;2;3;11;1
202400050816;155 692 301;7;0;2;2;1;1
202400050817;155 692 292;7;13;2;8;17;1
202400050817;155 692 295;7;13;2;8;1;2
202400050817;155 692 296;7;13;2;8;2;1
202400050818;155 692 289;10;0;1;2;18;1
202400050819;155 692 286;7;0;2;1;2;1
202400050819;155 692 291;7;0;2;4;2;2
202400050820;155 692 283;7;6;0;9;1;1
202400050821;155 692 285;1;0;2;3;1;5
202400050821;155 692 290;7;0;2;5;15;1
202400050822;155 692 281;7;0;2;4;1;1
202400050822;155 692 287;7;0;2;1;13;1
202400050823;155 692 278;34;0;2;1;2;1
202400050823;155 692 284;7;0;2;3;17;1
202400050824;155 692 275;7;0;2;2;1;1
202400050824;155 692 280;32;0;2;1;2;1
202400050825;155 692 277;37;0;2;5;16;1
202400050825;155 692 282;50;0;2;8;16;3
202400050826;155 692 273;7;0;2;8;12;1
202400050826;155 692 288;7;0;2;7;12;1
202400050827;155 692 274;32;0;2;1;17;1
202400050827;155 692 279;10;0;2;3;15;1
202400050828;155 692 269;32;0;1;1;1;1
202400050829;155 692 266;7;0;2;1;1;1
202400050829;155 692 271;33;0;2;1;13;1
202400050830;155 692 268;7;0;1;2;15;1
202400050831;155 692 267;10;0;1;2;16;1
202400050832;155 692 265;7;0;1;2;1;1
202400050833;155 692 263;7;0;0;0;0;0
202400050834;155 692 260;7;3;0;6;23;1
202400050834;155 692 270;7;0;2;1;19;2
202400050835;155 692 261;7;0;0;0;1;1
202400050836;155 692 254;60;1;2;1;19;5
202400050836;155 692 258;7;1;0;4;20;1
202400050837;155 692 259;7;0;2;2;16;2
202400050837;155 692 264;50;0;2;7;1;3
202400050838;155 692 257;33;0;2;7;1;1
202400050838;155 692 262;7;0;2;0;1;1
202400050839;155 692 253;7;0;1;2;26;1
202400050840;155 692 252;7;12;0;3;1;1
202400050841;155 692 250;7;0;2;2;2;1
202400050841;155 692 255;15;0;0;6;2;1
202400050842;155 692 248;33;12;0;3;16;1
202400050843;155 692 251;7;0;0;7;13;1
202400050843;155 692 256;7;0;2;1;1;1
202400050844;155 692 245;7;0;2;7;12;1
202400050844;155 692 247;7;0;2;6;2;1
202400050844;155 692 249;31;0;2;1;26;1
202400050845;155 692 244;7;0;1;1;1;1
202400050846;155 692 239;7;2;2;2;14;1
202400050847;155 692 241;14;0;2;3;1;1
202400050847;155 692 246;7;0;2;5;12;1
202400050848;155 692 236;7;0;2;2;1;1
202400050848;155 692 243;17;0;0;6;1;1
202400050849;155 692 240;2;6;0;6;1;1
202400050850;155 692 230;7;0;2;2;2;0
202400050850;155 692 237;10;0;2;3;2;1
202400050851;155 692 231;10;0;2;3;15;1
202400050851;155 692 238;34;0;2;2;1;1
202400050852;155 692 228;7;0;2;3;17;1
202400050852;155 692 234;7;0;2;6;15;1
202400050853;155 692 229;50;0;0;0;1;3
202400050854;155 692 235;33;0;2;1;1;1
202400050854;155 692 242;7;0;2;2;15;0
202400050855;155 692 226;32;0;2;3;1;1
202400050855;155 692 233;7;0;2;7;16;2
202400050856;155 692 224;34;15;2;1;1;1
202400050856;155 692 232;7;0;2;3;0;1
202400050857;155 692 223;7;0;2;2;1;1
202400050857;155 692 227;30;14;0;5;1;1
202400050858;155 692 222;7;0;2;3;1;1
202400050858;155 692 225;33;0;2;1;5;1
202400050859;155 692 218;7;13;0;1;17;1
202400050860;155 692 217;7;12;0;0;12;0
202400050860;155 692 220;80;12;2;3;1;3
202400050861;155 692 214;7;0;9;3;16;2
202400050861;155 692 219;1;0;2;1;2;5
202400050862;155 692 209;30;0;2;1;5;1
202400050862;155 692 216;7;0;2;1;1;1
202400050863;155 692 210;7;0;2;3;9;1
202400050863;155 692 221;1;0;2;7;2;5
202400050864;155 692 205;50;0;1;0;7;3
202400050865;155 692 204;33;15;0;1;2;1
202400050865;155 692 208;33;0;0;7;2;1
202400050866;155 692 211;7;0;0;2;1;1
202400050867;155 692 202;10;0;2;0;15;1
202400050867;155 692 206;43;0;2;8;17;1
202400050868;155 692 203;7;0;9;2;1;2
202400050868;155 692 215;50;0;2;1;19;3
202400050869;155 692 199;10;6;0;2;26;1
202400050870;155 692 198;2;0;2;7;1;1
202400050870;155 692 201;7;0;2;2;9;1
202400050871;155 692 190;1;0;2;1;19;5
202400050871;155 692 194;33;0;2;3;7;1
202400050872;155 692 191;1;0;2;7;1;5
202400050872;155 692 200;7;0;9;1;1;2
202400050873;155 692 186;2;0;2;7;15;1
202400050873;155 692 196;10;0;2;1;9;1
202400050874;155 692 188;37;0;2;3;1;1
202400050874;155 692 207;7;0;2;1;1;1
202400050875;155 692 189;17;0;0;4;23;1
202400050875;155 692 195;7;0;2;1;1;2
202400050876;155 692 185;10;0;2;1;9;1
202400050876;155 692 193;7;0;2;4;1;1
202400050876;155 692 197;7;0;2;4;1;1
202400050877;155 692 183;1;0;2;8;16;5
202400050877;155 692 187;7;0;2;1;16;0
202400050878;155 692 184;7;0;2;3;1;1
202400050878;155 692 192;7;0;2;3;16;1
202400050879;155 692 182;7;2;0;8;14;1
202400050880;155 692 179;10;0;1;0;2;0
202400050881;155 692 178;21;6;0;1;0;1
202400050882;155 692 175;10;2;0;2;14;1
202400050883;155 692 174;37;0;1;1;1;1
202400050884;155 692 172;7;0;2;5;12;2
202400050884;155 692 176;7;0;2;5;2;1
202400050884;155 692 180;31;0;2;2;18;1
202400050885;155 692 173;1;0;1;7;1;5
202400050886;155 692 181;7;4;0;1;2;1
202400050887;155 692 169;7;13;0;2;14;1
202400050888;155 692 168;7;0;2;1;2;0
202400050888;155 692 171;7;0;2;4;2;1
202400050889;155 692 166;10;13;0;1;1;0
202400050890;155 692 167;7;0;2;3;15;1
202400050890;155 692 170;1;0;2;7;17;5
202400050891;155 692 162;7;0;1;1;1;1
202400050892;155 692 161;7;0;2;2;1;2
202400050892;155 692 165;50;0;2;2;1;3
202400050893;155 692 159;7;13;0;1;1;2
202400050894;155 692 158;7;6;0;1;13;1
202400050895;155 692 156;43;0;2;1;1;1
202400050895;155 692 164;7;0;2;6;15;1
202400050896;155 692 152;7;0;2;1;1;1
202400050896;155 692 157;7;0;2;6;1;1
202400050897;155 692 151;10;0;6;0;1;1
202400050898;155 692 149;7;0;2;3;1;2
202400050898;155 692 153;1;0;0;3;0;5
202400050899;155 692 163;7;0;1;1;0;1
202400050900;155 692 160;7;0;2;4;2;1
202400050900;155 692 177;7;0;2;1;2;1
202400050901;155 692 148;7;0;0;2;15;1
202400050901;155 692 155;7;0;2;1;1;1
202400050902;155 692 146;31;0;2;1;2;1
202400050902;155 692 150;7;0;2;5;15;1
202400050903;155 692 145;7;0;1;3;1;1
202400050904;155 692 142;7;0;2;4;1;1
202400050904;155 692 154;7;0;2;1;1;1
202400050905;155 692 144;31;0;2;8;1;3
202400050905;155 692 147;7;0;2;7;16;0
202400050906;155 692 139;7;0;2;3;15;1
202400050906;155 692 143;31;0;2;8;1;1
202400050907;155 692 137;7;15;0;2;1;1
202400050908;155 692 138;7;0;0;7;0;1
202400050909;155 692 135;31;0;2;2;17;1
202400050909;155 692 140;7;0;2;8;22;1
202400050910;155 692 136;7;0;2;1;1;1
202400050910;155 692 141;7;0;2;1;1;1
202400050911;155 692 132;2;0;0;0;0;3
202400050912;155 692 133;33;0;1;1;21;1
202400050913;155 692 131;7;0;2;2;2;1
202400050913;155 692 134;1;0;0;6;2;5
202400050914;155 692 130;80;0;1;1;1;3
202400050915;155 692 127;50;0;2;1;1;3
202400050915;155 692 129;7;0;2;2;15;1
202400050916;155 692 122;7;13;2;8;17;1
202400050916;155 692 128;7;0;2;8;1;2
202400050917;155 692 126;10;14;1;3;2;1
202400050918;155 692 121;7;0;1;1;1;1
202400050919;155 692 125;7;4;0;2;1;1
202400050920;155 692 124;7;0;1;2;1;1
202400050921;155 692 117;7;2;0;7;1;1
202400050922;155 692 118;7;0;2;2;21;1
202400050922;155 692 120;30;0;2;3;18;1
202400050923;155 692 116;7;0;1;2;16;1
202400050924;155 692 106;7;0;2;4;2;1
202400050924;155 692 113;31;0;2;1;2;1
202400050925;155 692 110;7;4;0;3;1;1
202400050926;155 692 108;10;1;0;1;1;0
202400050926;155 692 114;10;15;0;4;23;0
202400050927;155 692 109;1;0;2;8;15;5
202400050927;155 692 115;7;0;2;7;17;1
202400050928;155 692 107;32;0;2;2;16;1
202400050928;155 692 111;7;0;2;3;2;1
202400050929;155 692 105;7;0;0;1;1;1
202400050929;155 692 112;7;0;2;4;13;1
202400050930;155 692 100;31;0;2;1;1;1
202400050930;155 692 103;7;0;2;1;1;1
202400050931;155 692 101;1;0;0;0;1;5
202400050932;155 692 097;7;0;2;8;2;1
202400050933;155 692 099;7;0;0;2;9;1
202400050933;155 692 104;33;0;2;3;2;1
202400050934;155 692 096;7;0;2;2;2;1
202400050934;155 692 102;33;0;1;1;3;1
202400050935;155 692 093;50;0;2;0;25;3
202400050935;155 692 095;37;0;2;1;1;1
202400050936;155 692 094;7;0;2;7;1;0
202400050936;155 692 098;7;0;2;1;19;1
202400050937;155 692 091;7;0;1;3;15;2
202400050938;155 692 087;10;6;9;1;13;1
202400050939;155 692 086;7;0;2;1;2;1
202400050939;155 692 092;2;0;2;4;2;1
202400050940;155 692 090;7;0;1;8;1;2
202400050941;155 692 088;40;0;1;3;1;3
202400050942;155 692 084;7;3;0;1;1;1
202400050943;155 692 083;7;0;2;1;1;1
202400050943;155 692 089;7;0;2;1;1;1
202400050944;155 692 080;10;0;2;1;15;1
202400050944;155 692 082;31;0;2;4;1;1
202400050945;155 692 079;7;2;0;1;1;1
202400050946;155 692 073;10;0;1;1;1;1
202400050947;155 692 075;7;0;2;1;1;1
202400050947;155 692 081;7;0;2;1;5;1
202400050948;155 692 076;37;0;1;1;20;1
202400050949;155 692 077;31;0;1;1;21;1
202400050950;155 692 070;30;0;2;1;13;1
202400050950;155 692 074;7;0;2;2;1;1
202400050951;155 692 071;7;0;1;3;16;3
202400050952;155 692 068;7;0;0;4;23;1
202400050952;155 692 072;7;0;2;1;2;1
202400050953;155 692 069;7;0;2;3;1;1
202400050953;155 692 078;2;0;2;1;17;1
202400050954;155 692 065;7;0;1;1;1;1
202400050955;155 692 066;1;1;1;1;2;5
202400050956;155 692 062;7;0;2;4;1;1
202400050956;155 692 064;7;0;2;1;1;1
202400050957;155 692 059;7;0;2;2;23;1
202400050957;155 692 067;1;0;2;1;19;5
202400050958;155 692 063;7;4;0;2;1;1
202400050959;155 692 057;2;6;0;3;1;1
202400050959;155 692 061;0;0;2;5;17;0
202400050960;155 692 051;32;0;2;2;17;1
202400050960;155 692 055;7;0;0;3;15;1
202400050961;155 692 052;1;0;2;3;13;5
202400050961;155 692 060;34;0;2;7;1;1
202400050962;155 692 050;50;0;2;1;1;3
202400050962;155 692 058;7;0;2;7;16;1
202400050963;155 692 046;7;0;9;3;1;1
202400050963;155 692 053;50;0;2;7;19;3
202400050964;155 692 043;7;0;2;3;1;1
202400050964;155 692 048;7;0;2;3;1;1
202400050964;155 692 056;7;0;2;2;1;1
202400050965;155 692 042;7;0;2;7;15;3
202400050965;155 692 054;2;0;2;1;1;1
202400050966;155 692 041;7;0;2;7;1;1
202400050966;155 692 047;7;0;2;3;1;1
202400050967;155 692 040;7;0;2;8;1;1
202400050967;155 692 049;31;0;2;1;1;1
202400050968;155 692 038;7;0;2;4;1;1
202400050968;155 692 045;7;0;2;1;2;1
202400050969;155 692 035;33;0;2;7;17;1
202400050969;155 692 039;10;0;2;3;15;1
202400050970;155 692 034;7;0;2;2;9;1
202400050970;155 692 044;7;0;2;2;1;2
202400050971;155 692 033;50;0;2;3;15;3
202400050971;155 692 037;7;0;2;3;1;1
202400050972;155 692 031;33;0;0;0;1;1
202400050973;155 692 030;50;0;2;3;19;3
202400050973;155 692 036;7;0;2;1;1;2
202400050974;155 692 026;7;0;0;0;0;1
202400050975;155 692 024;7;0;1;1;1;1
202400050976;155 692 028;7;0;2;1;1;0
202400050976;155 692 032;7;0;2;1;1;2
202400050977;155 692 023;7;0;1;0;1;1
202400050978;155 692 027;7;0;2;2;15;1
202400050978;155 692 029;50;0;2;1;1;3
202400050979;155 692 020;7;0;2;3;15;1
202400050979;155 692 025;32;0;2;1;3;1
202400050980;155 692 017;1;0;2;2;11;5
202400050980;155 692 022;7;0;2;2;16;2
202400050981;155 692 012;1;0;2;0;0;5
202400050981;155 692 018;33;0;2;8;21;1
202400050982;155 692 011;7;0;1;2;1;1
202400050983;155 692 008;1;0;0;4;1;5
202400050983;155 692 014;1;0;2;1;1;5
202400050984;155 692 007;7;0;2;1;9;1
202400050984;155 692 016;50;0;2;7;2;3
202400050985;155 692 010;7;0;1;1;1;1
202400050986;155 692 015;7;0;2;4;15;-1
202400050986;155 692 021;7;0;2;1;1;-1
202400050987;155 692 009;7;0;2;2;2;1
202400050987;155 692 013;33;0;2;6;1;1
202400050988;155 692 006;7;0;2;0;14;1
202400050988;155 692 019;50;0;2;0;0;3
202400050989;155 692 005;33;0;1;7;1;1
202400050990;155 692 004;1;12;0;2;1;5
202400050991;155 692 001;15;2;0;2;1;1
202400050992;155 692 000;7;0;9;9;21;1
202400050993;155 691 999;1;0;1;1;5;5
202400050994;155 691 997;7;0;1;2;19;1
202400050995;155 691 996;14;0;2;2;12;1
202400050995;155 692 003;7;0;2;8;1;2
202400050996;155 691 994;50;0;1;1;25;3
202400050997;155 691 993;38;0;2;5;15;1
202400050997;155 692 002;30;0;2;1;0;1
202400050998;155 691 991;31;0;0;7;1;1
202400050999;155 691 992;7;0;2;2;1;1
202400050999;155 691 998;7;0;2;7;19;1
202400051000;155 691 989;34;0;0;0;0;3
202400051001;155 691 987;7;4;0;9;0;1
202400051002;155 691 983;7;0;2;1;1;1
202400051002;155 691 995;7;0;2;3;19;1
202400051003;155 691 982;1;14;1;1;1;5
202400051004;155 691 984;7;0;2;3;11;2
202400051004;155 691 988;33;0;2;1;0;1
202400051005;155 691 985;2;12;0;0;14;3
202400051006;155 691 980;7;5;0;1;13;1
202400051007;155 691 981;7;0;2;5;12;2
202400051007;155 691 986;15;0;2;3;1;1
202400051007;155 691 990;7;0;2;4;1;1
202400051008;155 691 979;7;6;0;1;13;1
202400051009;155 691 976;7;1;0;2;1;1
202400051010;155 691 973;43;0;2;7;21;1
202400051011;155 691 975;7;0;2;3;13;1
202400051011;155 691 978;7;0;2;3;1;1
202400051012;155 691 969;7;7;0;1;1;1
202400051013;155 691 971;1;0;2;1;13;5
202400051013;155 691 977;1;0;2;1;0;5
202400051014;155 691 967;7;0;0;1;1;1
202400051015;155 691 968;10;0;2;1;2;1
202400051015;155 691 972;7;0;2;4;2;1
202400051016;155 691 970;2;0;0;8;14;3
202400051017;155 691 965;7;0;2;1;23;2
202400051017;155 691 974;15;0;2;4;4;1
202400051018;155 691 961;50;0;2;7;19;3
202400051018;155 691 964;10;0;2;1;2;1
202400051019;155 691 953;10;0;2;6;2;1
202400051019;155 691 959;33;0;2;1;21;1
202400051019;155 691 963;7;0;2;5;2;1
202400051020;155 691 954;7;2;0;9;1;0
202400051021;155 691 955;7;0;2;8;1;1
202400051021;155 691 960;7;0;2;8;13;1
202400051021;155 691 966;7;0;2;8;1;1
202400051022;155 691 952;1;0;0;1;1;5
202400051023;155 691 956;1;0;2;3;2;5
202400051023;155 691 962;7;0;2;3;2;1
202400051024;155 691 949;7;0;2;4;2;1
202400051024;155 691 957;10;0;2;1;2;1
202400051025;155 691 951;2;0;1;1;0;0
202400051026;155 691 950;7;6;0;7;17;1
202400051026;155 691 958;10;0;0;8;17;1
202400051027;155 691 948;37;0;1;7;1;1
202400051028;155 691 946;31;0;0;3;0;1
202400051029;155 691 945;7;0;2;1;15;2
202400051029;155 691 947;1;0;2;1;1;5
202400051030;155 691 942;30;0;0;0;0;1
202400051031;155 691 936;7;0;2;3;16;1
202400051031;155 691 943;50;0;2;1;1;3
202400051032;155 691 935;7;6;0;4;26;1
202400051033;155 691 933;31;0;0;0;0;1
202400051033;155 691 941;10;0;2;3;15;1
202400051034;155 691 934;7;0;2;8;17;0
202400051034;155 691 940;37;0;2;3;15;1
202400051035;155 691 931;7;0;2;1;1;1
202400051035;155 691 938;7;0;2;1;1;1
202400051036;155 691 927;7;1;0;1;14;1
202400051036;155 691 930;99;0;0;4;24;1
202400051037;155 691 926;7;0;1;1;1;1
202400051038;155 691 928;7;0;2;4;2;3
202400051038;155 691 932;7;0;2;9;2;1
202400051038;155 691 937;7;0;2;9;1;1
202400051038;155 691 944;10;0;2;3;2;1
202400051039;155 691 922;50;0;0;0;26;3
202400051040;155 691 923;15;0;2;1;2;1
202400051040;155 691 929;7;0;2;4;2;1
202400051041;155 691 919;10;0;2;1;16;0
202400051041;155 691 925;33;0;2;1;1;0
202400051042;155 691 918;50;0;1;0;25;3
202400051043;155 691 916;7;6;0;3;2;1
202400051044;155 691 917;7;0;2;6;16;2
202400051044;155 691 921;1;0;2;1;1;5
202400051045;155 691 913;38;0;2;3;1;1
202400051045;155 691 920;33;0;2;2;1;1
202400051046;155 691 910;33;0;2;1;1;1
202400051046;155 691 915;10;0;2;4;1;1
202400051047;155 691 906;7;13;0;1;1;1
202400051048;155 691 903;7;0;2;1;0;1
202400051048;155 691 914;7;0;2;3;9;1
202400051049;155 691 905;33;0;0;4;1;1
202400051050;155 691 901;1;8;1;4;25;5
202400051051;155 691 900;7;1;2;1;13;2
202400051051;155 691 907;7;0;2;8;1;1
202400051052;155 691 898;30;0;2;2;12;1
202400051052;155 691 902;33;0;2;3;1;1
202400051052;155 691 911;7;0;2;5;2;1
202400051053;155 691 908;1;0;2;0;1;5
202400051053;155 691 912;7;0;2;0;15;1
202400051054;155 691 899;7;0;2;9;23;1
202400051054;155 691 904;7;0;2;9;23;1
202400051054;155 691 909;7;0;2;1;1;1
202400051054;155 691 924;7;0;2;4;23;2
202400051055;155 691 894;7;1;0;1;1;1
202400051055;155 691 897;7;0;2;4;0;1
202400051056;155 691 892;10;0;2;1;2;1
202400051056;155 691 896;7;0;2;4;2;2
202400051057;155 691 889;33;0;2;1;20;1
202400051057;155 691 893;50;0;2;8;2;3
202400051058;155 691 888;10;1;0;1;2;1
202400051059;155 691 887;7;0;2;2;1;1
202400051059;155 691 895;1;0;2;1;19;5
202400051060;155 691 886;31;0;2;1;3;1
202400051060;155 691 891;7;0;2;3;9;1
202400051061;155 691 885;7;0;2;1;15;1
202400051061;155 691 890;50;0;2;1;5;3
202400051062;155 691 883;7;0;1;2;1;1
202400051063;155 691 880;7;0;0;9;2;1
202400051064;155 691 878;33;12;2;5;17;1
202400051064;155 691 884;7;12;2;0;0;1
202400051065;155 691 875;7;0;2;6;1;1
202400051065;155 691 881;7;0;2;2;26;1
202400051066;155 691 876;34;13;2;1;3;1
202400051066;155 691 882;7;13;2;3;15;1
202400051067;155 691 879;7;1;0;2;0;1
202400051068;155 691 870;7;0;2;1;15;0
202400051068;155 691 877;2;0;2;8;1;1
202400051069;155 691 871;7;0;1;7;1;1
202400051070;155 691 872;33;0;2;7;12;1
202400051071;155 691 869;7;0;1;1;1;1
202400051072;155 691 868;7;0;0;4;16;1
202400051072;155 691 873;1;0;0;0;0;5
202400051073;155 691 863;31;0;2;3;3;1
202400051073;155 691 866;10;0;2;2;12;1
202400051074;155 691 859;7;0;1;0;1;1
202400051075;155 691 861;50;0;2;7;19;3
202400051075;155 691 867;7;0;2;1;1;1
202400051076;155 691 862;1;0;2;1;5;5
202400051076;155 691 865;7;0;9;3;15;1
202400051077;155 691 854;7;0;1;4;4;1
202400051078;155 691 852;10;0;2;1;1;1
202400051078;155 691 858;7;0;2;1;5;1
202400051079;155 691 853;2;0;0;6;1;1
202400051079;155 691 860;10;0;2;1;1;1
202400051080;155 691 848;7;0;2;2;12;1
202400051080;155 691 851;10;0;2;3;1;1
202400051080;155 691 857;7;0;2;1;21;2
202400051080;155 691 864;7;0;2;6;1;1
202400051081;155 691 845;7;0;2;8;11;1
202400051081;155 691 849;7;0;2;2;1;1
202400051082;155 691 847;7;0;2;3;9;0
202400051082;155 691 856;43;0;2;2;1;0
202400051083;155 691 846;15;0;2;1;1;1
202400051083;155 691 850;7;0;2;1;13;2
202400051083;155 691 855;10;0;2;3;1;1
202400051084;155 691 839;2;0;2;1;1;1
202400051084;155 691 843;7;0;2;8;19;1
202400051085;155 691 837;7;0;2;3;15;1
202400051085;155 691 842;34;0;2;3;1;1
202400051086;155 691 836;7;3;0;8;2;0
202400051087;155 691 841;7;0;1;3;1;1
202400051088;155 691 834;7;0;2;1;1;1
202400051088;155 691 840;7;0;2;2;1;1
202400051089;155 691 829;7;0;2;8;11;1
202400051089;155 691 833;33;0;2;7;3;1
202400051090;155 691 830;10;0;1;1;1;0
202400051091;155 691 824;30;0;0;8;1;1
202400051092;155 691 827;7;0;2;8;1;1
202400051092;155 691 832;7;0;2;4;15;1
202400051092;155 691 838;37;0;2;1;1;1
202400051092;155 691 844;7;0;2;2;1;1
202400051093;155 691 826;3;0;2;3;1;1
202400051093;155 691 831;7;0;2;3;6;0
202400051094;155 691 825;7;2;0;8;1;1
202400051095;155 691 828;30;0;0;0;17;1
202400051095;155 691 835;7;0;0;0;2;1
202400051096;155 691 822;7;0;1;3;10;1
202400051097;155 691 817;60;0;2;1;26;5
202400051097;155 691 821;7;0;2;2;16;1
202400051098;155 691 815;33;1;0;1;26;1
202400051099;155 691 811;7;0;1;1;1;1
202400051100;155 691 812;7;0;2;4;11;1
202400051100;155 691 819;33;0;2;1;3;1
202400051101;155 691 816;7;0;1;1;1;1
202400051102;155 691 818;7;0;2;2;1;1
202400051102;155 691 823;1;0;2;1;19;5
202400051103;155 691 810;7;0;2;2;1;1
202400051103;155 691 820;33;0;2;3;1;1
202400051104;155 691 809;14;0;2;3;1;1
202400051104;155 691 814;7;0;2;1;1;1
202400051105;155 691 808;7;0;2;1;1;2
202400051105;155 691 813;7;7;0;7;1;1
202400051106;155 691 807;7;8;0;1;14;1
202400051107;155 691 804;7;17;0;2;1;1
202400051108;155 691 806;7;0;1;0;23;-1
202400051109;155 691 799;50;0;2;7;5;3
202400051109;155 691 803;37;0;9;6;1;1
202400051110;155 691 798;32;0;0;0;1;1
202400051111;155 691 800;7;0;2;7;2;3
202400051111;155 691 805;32;0;2;9;13;1
202400051112;155 691 794;34;0;2;1;13;1
202400051112;155 691 801;50;0;2;1;1;3
202400051113;155 691 791;7;0;2;6;15;1
202400051113;155 691 796;33;0;2;1;2;1
202400051114;155 691 790;7;14;2;9;23;1
202400051114;155 691 795;7;14;2;4;26;1
202400051114;155 691 802;14;0;2;7;19;0
202400051115;155 691 788;7;0;0;3;9;1
202400051115;155 691 797;30;0;2;3;1;3
202400051116;155 691 789;80;0;2;3;0;3
202400051116;155 691 793;7;0;9;3;1;1
202400051117;155 691 787;0;0;2;4;0;-1
202400051117;155 691 792;7;0;2;1;16;0
202400051118;155 691 785;7;6;0;1;1;1
202400051119;155 691 782;7;0;1;2;15;1
202400051120;155 691 784;1;12;0;1;1;5
202400051121;155 691 780;30;0;2;7;1;1
202400051121;155 691 786;7;0;2;1;1;2
202400051122;155 691 779;2;6;0;8;21;1
202400051123;155 691 778;7;6;0;1;14;1
202400051124;155 691 776;10;0;2;3;9;1
202400051124;155 691 783;80;0;2;7;1;3
202400051125;155 691 777;7;2;0;7;0;1
202400051126;155 691 774;10;0;2;1;1;1
202400051126;155 691 781;7;0;2;1;13;1
202400051127;155 691 770;10;0;2;1;13;1
202400051127;155 691 773;10;0;2;1;1;1
202400051128;155 691 772;1;0;2;0;0;5
202400051128;155 691 775;7;0;2;0;0;2
202400051129;155 691 769;31;0;1;3;1;3
202400051130;155 691 768;7;0;2;1;1;1
202400051130;155 691 771;1;0;2;0;19;5
202400051131;155 691 766;7;3;0;8;1;1
202400051132;155 691 765;10;0;1;1;1;1
202400051133;155 691 764;7;0;2;1;2;1
202400051133;155 691 767;7;0;2;4;2;1
202400051134;155 691 762;7;4;0;3;0;1
202400051135;155 691 761;7;12;0;7;9;0
202400051136;155 691 759;7;0;9;5;11;1
202400051136;155 691 763;2;0;2;7;1;1
202400051137;155 691 758;33;6;0;7;1;1
202400051138;155 691 755;60;0;2;3;19;5
202400051138;155 691 760;7;1;2;3;26;1
202400051139;155 691 754;7;0;1;1;1;1
202400051140;155 691 752;33;0;0;8;15;1
202400051141;155 691 750;1;0;2;1;1;5
202400051141;155 691 753;7;0;9;5;16;1
202400051142;155 691 748;80;0;0;3;1;3
202400051143;155 691 749;10;0;2;4;1;1
202400051143;155 691 756;7;0;2;1;1;1
202400051144;155 691 744;10;0;1;2;1;0
202400051145;155 691 743;7;13;0;6;5;1
202400051146;155 691 742;7;1;0;1;1;1
202400051146;155 691 745;7;0;2;4;23;1
202400051147;155 691 741;7;0;2;1;13;1
202400051147;155 691 751;7;0;2;1;1;1
202400051147;155 691 757;7;0;2;1;1;1
202400051148;155 691 738;7;2;0;3;1;1
202400051149;155 691 737;2;0;2;0;0;0
202400051149;155 691 747;7;0;2;3;1;1
202400051150;155 691 740;30;0;0;4;2;0
202400051150;155 691 746;7;0;2;2;2;1
202400051151;155 691 735;33;0;0;7;9;1
202400051152;155 691 734;80;0;2;0;16;3
202400051152;155 691 739;10;0;2;1;1;1
202400051153;155 691 733;33;0;2;1;17;1
202400051153;155 691 736;10;0;2;0;0;1
202400051154;155 691 732;7;0;1;3;1;0
202400051155;155 691 729;13;1;2;2;14;1
202400051156;155 691 728;7;0;1;3;1;1
202400051157;155 691 726;7;1;1;1;15;1
202400051158;155 691 725;7;1;2;3;22;0
202400051158;155 691 730;1;1;2;1;13;5
202400051159;155 691 723;2;0;2;1;26;3
202400051159;155 691 731;7;0;0;6;19;2
202400051160;155 691 721;14;0;2;1;5;4
202400051160;155 691 724;7;0;2;6;1;1
202400051161;155 691 719;7;0;2;3;13;1
202400051161;155 691 722;7;0;2;3;1;1
202400051161;155 691 727;15;13;1;3;14;1
202400051162;155 691 717;31;0;1;1;3;1
202400051163;155 691 715;7;0;1;1;1;0
202400051164;155 691 712;2;1;0;1;1;1
202400051164;155 691 720;7;0;2;6;0;1
202400051165;155 691 710;3;0;1;1;1;1
202400051166;155 691 709;33;0;2;7;17;1
202400051166;155 691 713;10;0;2;8;1;1
202400051167;155 691 711;7;0;2;4;1;1
202400051167;155 691 716;10;0;2;1;1;1
202400051168;155 691 706;7;0;2;7;19;3
202400051168;155 691 718;7;0;2;1;1;1
202400051169;155 691 707;33;0;9;1;1;1
202400051170;155 691 708;7;0;0;4;23;1
202400051170;155 691 714;10;0;0;2;1;1
202400051171;155 691 703;33;0;0;1;1;1
202400051172;155 691 702;7;0;2;2;15;1
202400051172;155 691 705;32;0;2;1;1;1
202400051173;155 691 697;7;4;0;3;16;1
202400051174;155 691 694;50;1;1;1;1;3
202400051175;155 691 696;7;0;2;3;26;1
202400051175;155 691 700;10;0;2;5;1;1
202400051176;155 691 695;7;0;2;2;1;1
202400051176;155 691 704;17;0;0;6;1;1
202400051177;155 691 692;43;0;2;1;2;1
202400051177;155 691 699;10;0;2;5;2;1
202400051178;155 691 693;7;0;0;7;4;1
202400051178;155 691 698;1;0;2;7;1;5
202400051179;155 691 690;7;0;2;8;1;1