Num_Acc;id_vehicule;catv;obs;obsm;choc;manv;motor
202400051179;155 691 701;7;0;2;1;1;1
202400051180;155 691 689;7;0;2;1;1;1
202400051180;155 691 691;7;6;2;7;1;1
202400051181;155 691 687;7;6;0;1;14;1
202400051182;155 691 684;7;4;0;9;2;1
202400051183;155 691 682;33;0;0;0;9;1
202400051184;155 691 679;7;6;0;2;0;1
202400051185;155 691 680;60;0;2;1;2;5
202400051185;155 691 685;10;0;9;8;2;1
202400051186;155 691 677;7;0;0;0;2;1
202400051186;155 691 681;1;0;0;0;2;5
202400051187;155 691 675;10;0;2;1;26;1
202400051187;155 691 688;7;0;2;3;15;1
202400051188;155 691 673;80;1;0;1;14;3
202400051189;155 691 672;7;0;2;3;1;1
202400051189;155 691 676;14;0;2;1;9;1
202400051190;155 691 674;7;0;2;4;26;1
202400051190;155 691 678;7;0;2;1;1;1
202400051191;155 691 670;7;6;0;7;1;1
202400051192;155 691 664;7;1;0;1;13;1
202400051193;155 691 666;7;0;2;5;12;1
202400051193;155 691 671;33;0;2;1;3;1
202400051194;155 691 665;7;0;2;3;15;1
202400051194;155 691 669;2;0;2;2;17;3
202400051195;155 691 663;32;0;2;2;0;1
202400051195;155 691 668;1;0;2;2;15;5
202400051196;155 691 660;1;0;0;2;1;5
202400051196;155 691 667;7;0;0;3;15;1
202400051197;155 691 662;7;1;0;3;0;0
202400051198;155 691 658;33;14;0;8;0;0
202400051199;155 691 659;34;15;9;3;16;1
202400051200;155 691 656;7;0;2;3;10;1
202400051200;155 691 661;33;0;2;7;3;1
202400051201;155 691 654;33;4;0;8;0;1
202400051202;155 691 650;33;0;2;2;3;1
202400051202;155 691 655;7;4;2;6;12;2
202400051203;155 691 648;10;0;1;3;1;1
202400051204;155 691 647;7;2;0;8;1;1
202400051205;155 691 651;7;0;2;0;1;1
202400051205;155 691 657;7;0;2;0;11;0
202400051206;155 691 643;7;0;2;6;22;2
202400051206;155 691 652;1;1;0;7;17;5
202400051207;155 691 644;7;0;2;1;13;1
202400051207;155 691 653;7;0;2;8;1;3
202400051208;155 691 641;7;3;0;1;5;1
202400051208;155 691 645;7;0;0;1;1;1
202400051209;155 691 639;7;0;1;4;20;1
202400051210;155 691 638;2;0;9;1;1;1
202400051211;155 691 640;10;13;0;2;1;1
202400051212;155 691 637;7;0;1;3;1;1
202400051213;155 691 634;7;0;2;1;1;1
202400051213;155 691 642;7;0;2;1;2;1
202400051213;155 691 646;7;0;2;1;2;1
202400051214;155 691 626;14;0;2;4;2;1
202400051214;155 691 631;7;0;2;1;2;1
202400051214;155 691 636;7;0;2;4;2;1
202400051215;155 691 628;7;0;1;3;1;1
202400051216;155 691 630;10;0;0;0;0;1
202400051216;155 691 633;7;0;2;2;24;1
202400051217;155 691 624;7;0;0;0;0;1
202400051218;155 691 627;43;0;0;7;24;1
202400051219;155 691 625;7;0;2;1;15;1
202400051219;155 691 632;50;0;2;8;1;3
202400051220;155 691 622;7;0;1;3;1;1
202400051221;155 691 623;7;0;2;3;1;1
202400051221;155 691 635;7;0;2;2;1;1
202400051222;155 691 621;7;0;2;1;1;1
202400051222;155 691 629;7;0;2;4;1;1
202400051223;155 691 614;33;2;0;7;26;1
202400051224;155 691 613;7;0;2;4;23;1
202400051224;155 691 620;7;0;2;1;2;1
202400051225;155 691 607;2;0;2;1;13;1
202400051225;155 691 617;7;0;2;3;0;1
202400051226;155 691 608;7;0;2;3;0;1
202400051226;155 691 615;10;0;2;3;0;1
202400051227;155 691 609;7;0;2;1;15;1
202400051227;155 691 616;7;0;2;8;1;1
202400051228;155 691 611;30;2;0;1;1;1
202400051229;155 691 606;7;0;0;3;0;1
202400051229;155 691 619;7;0;0;3;13;1
202400051230;155 691 604;7;0;2;4;4;1
202400051230;155 691 610;7;0;2;8;1;3
202400051231;155 691 603;33;0;2;1;2;1
202400051231;155 691 605;7;0;2;6;14;1
202400051231;155 691 612;7;0;2;5;2;1
202400051232;155 691 602;7;0;1;3;0;1
202400051233;155 691 599;2;11;0;1;1;1
202400051234;155 691 598;7;0;2;1;2;1
202400051234;155 691 601;7;0;2;4;2;1
202400051235;155 691 597;7;0;2;7;15;1
202400051235;155 691 600;33;0;2;1;1;1
202400051236;155 691 595;33;0;0;0;1;1
202400051237;155 691 594;7;1;0;1;1;1
202400051238;155 691 590;7;0;2;1;0;1
202400051238;155 691 593;7;0;2;2;0;1
202400051239;155 691 588;7;0;1;7;1;1
202400051240;155 691 587;7;0;2;2;9;1
202400051240;155 691 592;2;0;2;1;1;1
202400051241;155 691 585;1;0;2;1;2;5
202400051241;155 691 591;3;0;9;2;26;1
202400051241;155 691 596;1;0;2;1;2;5
202400051242;155 691 584;7;1;0;2;14;1
202400051243;155 691 580;7;0;2;8;19;1
202400051243;155 691 586;7;0;2;1;1;1
202400051244;155 691 577;33;0;2;7;3;1
202400051244;155 691 581;7;0;2;8;11;1
202400051245;155 691 574;7;0;2;1;1;1
202400051245;155 691 582;7;0;2;4;1;1
202400051246;155 691 568;10;0;2;8;10;1
202400051246;155 691 575;33;0;2;1;1;1
202400051246;155 691 579;33;0;2;1;1;1
202400051247;155 691 569;7;0;2;3;1;1
202400051247;155 691 576;33;0;2;3;13;1
202400051248;155 691 566;30;6;2;1;1;1
202400051248;155 691 572;7;6;2;4;1;1
202400051249;155 691 567;30;0;0;4;1;1
202400051250;155 691 565;7;0;1;1;9;1
202400051251;155 691 564;7;0;2;1;9;1
202400051251;155 691 571;33;0;0;4;1;1
202400051252;155 691 563;2;0;2;1;17;1
202400051252;155 691 570;7;0;0;8;20;1
202400051253;155 691 559;10;0;2;4;2;1
202400051253;155 691 562;7;0;2;1;2;1
202400051254;155 691 558;7;6;0;3;0;1
202400051255;155 691 554;3;0;2;1;1;3
202400051255;155 691 561;7;0;2;3;1;1
202400051256;155 691 553;1;0;2;1;2;5
202400051256;155 691 560;7;0;2;3;9;1
202400051257;155 691 549;7;1;0;1;25;1
202400051258;155 691 551;13;0;1;1;1;1
202400051259;155 691 547;7;15;0;3;14;1
202400051260;155 691 550;7;0;2;3;1;1
202400051260;155 691 555;7;0;2;1;19;1
202400051261;155 691 548;7;0;2;4;23;1
202400051261;155 691 556;32;0;2;1;2;1
202400051262;155 691 552;7;0;1;1;1;1
202400051263;155 691 545;33;0;0;7;1;1
202400051264;155 691 541;7;0;2;3;0;1
202400051264;155 691 546;33;0;2;1;9;1
202400051265;155 691 539;7;0;1;3;1;0
202400051266;155 691 536;7;0;0;8;15;1
202400051266;155 691 543;7;0;2;2;21;1
202400051267;155 691 538;14;0;2;6;24;1
202400051267;155 691 542;7;0;2;1;9;1
202400051268;155 691 531;32;0;2;1;2;1
202400051268;155 691 535;7;0;2;5;4;1
202400051269;155 691 526;7;2;0;1;0;1
202400051270;155 691 530;7;0;1;1;1;1
202400051271;155 691 529;10;0;2;3;0;1
202400051271;155 691 537;32;0;2;7;0;1
202400051272;155 691 528;7;0;2;4;2;1
202400051272;155 691 532;7;0;2;4;2;1
202400051272;155 691 540;10;0;2;1;2;1
202400051273;155 691 522;50;0;2;2;15;3
202400051273;155 691 524;7;0;2;2;2;1
202400051274;155 691 525;7;0;2;1;1;1
202400051274;155 691 534;10;0;2;3;13;0
202400051275;155 691 520;7;0;2;3;1;1
202400051275;155 691 527;7;0;2;3;5;1
202400051275;155 691 533;33;0;2;3;1;1
202400051276;155 691 521;7;6;0;1;14;1
202400051277;155 691 518;7;0;1;0;1;0
202400051278;155 691 515;7;0;0;3;1;1
202400051279;155 691 517;7;0;2;1;13;1
202400051279;155 691 523;7;0;2;1;0;1
202400051280;155 691 513;2;0;2;0;0;1
202400051280;155 691 516;7;0;2;1;2;1
202400051281;155 691 511;7;0;2;8;1;1
202400051281;155 691 519;10;0;2;1;1;1
202400051282;155 691 509;7;0;2;1;1;1
202400051282;155 691 512;50;0;2;1;0;3
202400051283;155 691 507;7;2;0;1;2;1
202400051284;155 691 505;7;0;0;0;0;0
202400051285;155 691 506;2;13;0;1;1;1
202400051286;155 691 503;30;0;0;0;26;1
202400051287;155 691 510;7;0;2;1;2;1
202400051287;155 691 514;43;0;2;4;2;1
202400051288;155 691 501;7;0;2;2;9;1
202400051288;155 691 508;33;0;2;1;1;1
202400051289;155 691 500;1;0;2;1;9;5
202400051289;155 691 504;7;0;2;3;1;3
202400051290;155 691 497;7;11;0;1;2;1
202400051291;155 691 495;7;0;1;2;1;0
202400051292;155 691 494;33;0;6;1;21;1
202400051292;155 691 502;7;0;2;1;1;1
202400051293;155 691 496;33;0;0;8;15;1
202400051294;155 691 493;10;0;2;1;15;1
202400051294;155 691 498;33;0;2;0;0;1
202400051295;155 691 492;7;0;1;1;1;1
202400051296;155 691 489;50;0;0;9;1;3
202400051297;155 691 491;7;0;2;1;5;1
202400051297;155 691 499;7;0;2;1;1;1
202400051298;155 691 486;7;0;2;1;1;1
202400051298;155 691 490;7;0;2;1;13;1
202400051299;155 691 482;10;2;0;1;1;1
202400051300;155 691 485;7;14;2;1;2;1
202400051300;155 691 488;7;0;2;4;23;2
202400051301;155 691 481;7;15;0;0;1;1
202400051302;155 691 479;14;0;1;3;1;1
202400051303;155 691 483;7;0;2;6;11;1
202400051303;155 691 487;31;0;2;1;1;1
202400051304;155 691 478;7;6;0;2;15;1
202400051305;155 691 475;32;0;1;1;7;1
202400051306;155 691 477;31;0;2;3;2;1
202400051306;155 691 484;7;0;2;0;1;0
202400051307;155 691 472;37;0;2;1;1;1
202400051307;155 691 476;7;0;2;4;24;1
202400051308;155 691 471;7;0;2;8;1;1
202400051308;155 691 480;50;0;2;0;1;3
202400051309;155 691 467;7;13;0;1;21;1
202400051310;155 691 469;1;0;0;-1;1;5
202400051311;155 691 468;7;0;2;3;19;3
202400051311;155 691 474;1;0;2;1;1;5
202400051312;155 691 463;7;6;1;5;0;1
202400051313;155 691 462;1;0;2;1;1;5
202400051313;155 691 470;0;0;2;7;16;0
202400051314;155 691 459;1;1;2;8;1;5
202400051314;155 691 464;7;0;2;8;22;1
202400051315;155 691 454;7;4;2;3;2;1
202400051315;155 691 465;33;4;2;7;1;1
202400051316;155 691 451;32;12;0;8;17;1
202400051317;155 691 456;7;0;2;1;9;1
202400051317;155 691 460;1;0;2;4;1;5
202400051318;155 691 452;7;0;2;7;15;1
202400051318;155 691 458;30;0;2;1;1;1
202400051319;155 691 449;7;13;2;1;2;1
202400051319;155 691 455;7;0;0;4;2;1
202400051320;155 691 448;2;0;0;8;1;1
202400051321;155 691 447;80;0;2;1;1;3
202400051321;155 691 453;7;0;2;3;20;1
202400051322;155 691 450;2;0;0;0;21;1
202400051322;155 691 457;7;0;2;2;17;1
202400051322;155 691 461;7;0;2;6;1;1
202400051322;155 691 466;2;0;2;1;0;1
202400051322;155 691 473;2;0;0;0;21;1
202400051323;155 691 445;7;0;1;2;1;1
202400051324;155 691 444;7;0;2;3;15;1
202400051324;155 691 446;30;0;2;2;17;1
202400051325;155 691 441;7;0;5;1;1;1
202400051326;155 691 438;7;0;1;3;15;1
202400051327;155 691 439;3;9;0;0;1;1
202400051328;155 691 436;2;0;0;7;1;1
202400051329;155 691 431;7;2;0;3;0;2
202400051330;155 691 432;7;0;9;2;14;1
202400051330;155 691 440;60;0;0;0;0;5
202400051331;155 691 437;7;0;1;1;1;1
202400051332;155 691 435;33;4;0;0;0;1
202400051332;155 691 443;99;0;0;0;0;3
202400051333;155 691 434;7;0;2;0;1;1
202400051333;155 691 442;50;0;2;0;0;3
202400051334;155 691 428;7;0;2;1;1;1
202400051334;155 691 433;7;0;2;1;1;1
202400051335;155 691 426;33;0;0;0;13;1
202400051336;155 691 427;33;0;2;1;1;1
202400051336;155 691 430;7;0;2;3;16;1
202400051337;155 691 422;34;0;0;0;13;1
202400051338;155 691 423;7;0;2;3;1;2
202400051338;155 691 429;7;0;2;1;0;1
202400051339;155 691 419;7;0;2;1;1;1
202400051339;155 691 425;7;0;2;1;13;1
202400051340;155 691 417;31;0;1;1;1;1
202400051341;155 691 418;33;0;2;5;1;1
202400051341;155 691 420;7;0;2;3;9;1
202400051342;155 691 414;7;0;2;2;1;1
202400051342;155 691 416;7;0;2;1;15;1
202400051342;155 691 424;7;0;2;3;1;1
202400051343;155 691 409;10;0;9;8;24;1
202400051343;155 691 415;1;1;0;1;1;5
202400051344;155 691 413;50;0;2;1;21;3
202400051344;155 691 421;7;0;9;2;2;1
202400051345;155 691 410;10;0;1;0;0;1
202400051346;155 691 408;2;0;2;0;13;1
202400051346;155 691 411;7;0;2;3;13;1
202400051347;155 691 407;7;0;2;9;14;1
202400051347;155 691 412;10;0;2;1;13;1
202400051348;155 691 406;7;0;1;3;1;0
202400051349;155 691 404;7;0;1;4;20;1
202400051350;155 691 399;7;0;0;0;0;1
202400051351;155 691 403;7;0;2;8;22;1
202400051351;155 691 405;1;1;0;1;1;5
202400051352;155 691 398;31;0;0;7;0;1
202400051353;155 691 397;1;0;2;1;1;5
202400051353;155 691 401;10;0;2;8;1;1
202400051354;155 691 391;7;0;2;2;1;1
202400051355;155 691 390;7;0;2;3;16;1
202400051355;155 691 394;7;0;2;5;1;1
202400051356;155 691 384;32;0;2;2;17;1
202400051356;155 691 393;7;0;9;0;0;1
202400051357;155 691 388;7;0;2;3;1;1
202400051357;155 691 392;7;0;2;3;13;1
202400051358;155 691 383;7;6;0;7;14;1
202400051359;155 691 386;7;0;2;2;2;1
202400051359;155 691 389;1;0;2;4;2;5
202400051360;155 691 381;50;0;2;1;1;3
202400051360;155 691 385;7;0;2;7;16;0
202400051361;155 691 380;7;6;0;1;1;1
202400051362;155 691 376;50;0;2;1;1;3
202400051362;155 691 379;7;0;2;8;9;1
202400051363;155 691 374;2;6;0;1;0;1
202400051364;155 691 368;7;0;2;3;1;1
202400051364;155 691 377;7;0;2;3;5;1
202400051365;155 691 370;10;0;2;5;23;1
202400051365;155 691 373;2;0;2;1;2;1
202400051366;155 691 369;33;12;0;7;16;1
202400051366;155 691 371;33;12;0;3;1;1
202400051367;155 691 366;7;0;2;1;1;1
202400051367;155 691 375;3;15;2;7;19;1
202400051368;155 691 367;7;0;2;1;2;1
202400051368;155 691 372;7;0;0;0;0;0
202400051369;155 691 365;10;14;0;9;1;1
202400051370;155 691 361;7;2;0;1;0;1
202400051371;155 691 364;10;0;1;4;4;1
202400051372;155 691 362;33;13;0;1;13;1
202400051373;155 691 358;31;6;0;1;2;1
202400051374;155 691 360;7;0;2;3;16;1
202400051374;155 691 363;7;0;2;3;15;0
202400051375;155 691 357;32;0;0;8;15;1
202400051376;155 691 356;7;14;0;2;1;1
202400051377;155 691 353;7;6;2;2;2;1
202400051377;155 691 359;50;6;2;8;2;3
202400051378;155 691 351;7;0;2;5;9;1
202400051378;155 691 355;33;0;2;5;26;1
202400051379;155 691 350;50;0;1;0;26;3
202400051380;155 691 348;7;0;1;2;0;1
202400051381;155 691 346;33;0;2;0;23;1
202400051382;155 691 345;7;0;2;3;10;1
202400051382;155 691 352;10;0;2;2;1;1
202400051383;155 691 349;1;0;2;1;1;5
202400051383;155 691 354;7;0;2;1;1;1
202400051384;155 691 342;1;0;2;0;21;5
202400051385;155 691 340;80;0;2;2;1;3
202400051385;155 691 344;7;0;2;1;2;1
202400051386;155 691 341;7;0;2;1;5;1
202400051386;155 691 347;7;0;2;1;1;1
202400051387;155 691 332;7;0;2;2;2;1
202400051387;155 691 338;33;0;0;4;2;1
202400051388;155 691 336;7;0;-1;0;21;3
202400051389;155 691 335;7;0;2;4;2;1
202400051389;155 691 343;7;0;2;1;2;1
202400051390;155 691 326;1;0;2;1;9;5
202400051390;155 691 331;1;0;2;1;9;5
202400051390;155 691 337;7;0;2;1;1;1
202400051391;155 691 327;30;14;2;4;2;1
202400051391;155 691 334;10;0;2;4;23;1
202400051392;155 691 333;50;0;2;2;1;3
202400051392;155 691 339;7;0;2;3;10;1
202400051393;155 691 325;7;0;2;1;1;1
202400051393;155 691 329;7;2;2;7;21;1
202400051394;155 691 321;2;13;0;0;13;1
202400051395;155 691 324;10;0;2;1;26;1
202400051395;155 691 330;7;0;2;4;0;1
202400051396;155 691 323;7;0;0;0;0;1
202400051396;155 691 328;31;0;2;1;2;1
202400051397;155 691 316;7;6;0;2;1;1
202400051398;155 691 318;1;6;0;1;0;5
202400051399;155 691 317;7;0;2;6;0;1
202400051399;155 691 320;7;0;2;1;26;1
202400051400;155 691 313;7;0;0;6;1;1
202400051400;155 691 319;1;0;0;9;1;5
202400051401;155 691 315;33;13;0;1;0;1
202400051402;155 691 314;7;0;1;3;0;0
202400051403;155 691 311;1;0;9;4;1;5
202400051404;155 691 309;7;0;2;1;2;1
202400051404;155 691 312;7;0;2;4;2;6
202400051405;155 691 308;37;12;1;2;7;1
202400051406;155 691 310;7;0;1;3;1;1
202400051407;155 691 305;7;0;1;1;1;1
202400051408;155 691 304;10;0;1;6;4;1
202400051409;155 691 301;7;17;0;9;14;1
202400051410;155 691 302;7;0;2;1;15;1
202400051410;155 691 306;33;0;2;3;1;1
202400051411;155 691 299;7;0;2;1;1;1
202400051411;155 691 303;7;0;2;1;13;1
202400051412;155 691 293;7;13;0;2;2;1
202400051413;155 691 295;7;0;2;5;16;1
202400051413;155 691 300;7;0;2;3;1;1
202400051414;155 691 290;7;4;2;3;1;1
202400051414;155 691 294;7;0;2;9;1;1
202400051415;155 691 289;10;0;2;2;21;1
202400051415;155 691 297;7;0;2;3;9;1
202400051416;155 691 291;1;0;2;8;19;5
202400051416;155 691 298;7;0;2;1;16;1
202400051417;155 691 284;7;0;2;3;13;1
202400051417;155 691 287;7;0;2;3;1;1
202400051418;155 691 283;7;0;2;1;19;1
202400051418;155 691 296;7;0;2;1;1;1
202400051418;155 691 307;7;0;2;3;1;1
202400051419;155 691 285;30;0;2;1;1;1
202400051419;155 691 292;7;0;2;5;1;1
202400051420;155 691 281;7;13;0;1;14;1
202400051421;155 691 277;7;0;5;2;1;1
202400051421;155 691 280;99;0;2;1;1;6
202400051421;155 691 286;99;0;2;1;1;6
202400051422;155 691 282;32;0;2;5;13;1
202400051422;155 691 288;7;0;2;5;17;1
202400051423;155 691 275;2;13;0;1;14;1
202400051424;155 691 274;7;0;0;9;1;1
202400051425;155 691 272;7;1;2;4;23;1
202400051425;155 691 279;7;0;2;1;2;1
202400051426;155 691 268;10;0;1;3;15;1
202400051427;155 691 270;7;0;2;6;1;1
202400051427;155 691 278;7;0;2;1;1;1
202400051428;155 691 269;10;0;1;2;1;1
202400051429;155 691 267;10;0;2;3;1;1
202400051429;155 691 276;7;0;2;3;1;1
202400051430;155 691 271;7;0;2;1;1;1
202400051430;155 691 273;33;0;2;4;23;1
202400051431;155 691 263;7;9;0;1;1;1
202400051432;155 691 260;7;2;0;2;0;1
202400051433;155 691 257;30;0;0;0;0;1
202400051434;155 691 259;7;0;1;1;1;1
202400051435;155 691 255;7;0;1;8;1;1
202400051436;155 691 258;7;0;2;3;13;1
202400051436;155 691 264;10;0;2;3;1;1
202400051437;155 691 262;7;0;2;3;26;1
202400051437;155 691 266;13;0;2;8;1;-1
202400051438;155 691 254;7;1;1;1;1;1
202400051439;155 691 253;7;0;2;8;1;1
202400051439;155 691 256;7;0;2;7;1;1
202400051440;155 691 252;1;0;0;0;1;5
202400051441;155 691 251;7;0;2;7;1;1
202400051441;155 691 261;7;0;2;1;1;1
202400051442;155 691 250;7;1;9;9;1;1
202400051443;155 691 248;33;0;0;8;1;1
202400051444;155 691 249;7;2;0;7;14;1
202400051445;155 691 247;7;0;1;2;1;1
202400051446;155 691 242;7;0;1;2;1;1
202400051447;155 691 238;14;0;1;5;4;1
202400051448;155 691 241;1;1;0;1;18;5
202400051448;155 691 245;7;0;0;7;22;1
202400051449;155 691 237;7;0;2;3;9;1
202400051449;155 691 246;32;0;2;7;1;1
202400051450;155 691 233;7;2;0;3;13;1
202400051451;155 691 234;7;0;2;1;1;1
202400051451;155 691 244;7;0;0;3;15;1
202400051452;155 691 232;2;1;0;1;2;1
202400051452;155 691 239;17;0;0;0;23;1
202400051453;155 691 228;10;0;2;3;15;1
202400051453;155 691 231;1;0;2;7;1;5
202400051454;155 691 230;30;0;2;3;1;1
202400051454;155 691 236;7;0;2;3;1;1
202400051455;155 691 221;7;0;2;1;13;2
202400051455;155 691 227;10;0;2;2;1;1
202400051456;155 691 223;7;0;1;1;1;1
202400051457;155 691 219;7;14;2;2;2;1
202400051457;155 691 226;7;14;2;3;2;1
202400051457;155 691 229;10;0;2;5;2;1
202400051457;155 691 235;10;0;2;6;21;1
202400051458;155 691 216;7;0;1;1;19;1
202400051459;155 691 218;7;0;2;8;0;1
202400051459;155 691 225;50;0;2;1;25;3
202400051460;155 691 213;7;13;2;3;13;1
202400051460;155 691 220;7;0;2;2;1;1
202400051461;155 691 215;7;0;2;3;15;1
202400051461;155 691 222;32;0;2;8;1;1
202400051462;155 691 211;2;11;0;0;14;1
202400051463;155 691 206;7;3;2;4;2;1
202400051463;155 691 210;38;3;2;3;2;1
202400051463;155 691 214;7;3;2;4;2;1
202400051464;155 691 205;33;0;2;8;19;1
202400051464;155 691 209;7;0;0;8;1;1
202400051465;155 691 204;20;0;2;3;1;1
202400051465;155 691 212;1;0;2;1;1;5
202400051466;155 691 199;99;0;2;0;0;3
202400051466;155 691 208;10;0;2;0;16;0
202400051467;155 691 201;7;0;2;1;1;2
202400051467;155 691 207;7;0;2;4;1;1
202400051468;155 691 198;7;13;0;8;1;1
202400051469;155 691 196;10;0;2;1;1;1
202400051469;155 691 202;7;0;2;1;13;1
202400051470;155 691 195;7;0;0;6;2;1
202400051470;155 691 203;33;0;2;1;2;1
202400051471;155 691 194;7;13;0;9;1;1
202400051472;155 691 193;33;0;2;8;0;1
202400051472;155 691 200;7;0;2;6;1;1
202400051473;155 691 188;7;0;2;1;16;1
202400051473;155 691 191;1;0;2;1;1;5
202400051474;155 691 189;7;0;2;3;2;1
202400051474;155 691 192;7;0;2;1;1;1
202400051474;155 691 197;7;0;2;3;17;2
202400051475;155 691 186;33;0;0;0;0;1
202400051476;155 691 185;7;0;1;1;1;1
202400051477;155 691 184;7;0;1;2;1;1
202400051478;155 691 182;33;0;2;1;1;1
202400051478;155 691 187;7;0;2;7;15;1
202400051479;155 691 179;7;0;0;1;1;2
202400051480;155 691 178;7;6;0;1;1;1
202400051481;155 691 180;7;0;1;1;1;1
202400051482;155 691 175;7;0;2;1;1;1
202400051482;155 691 183;7;0;2;7;15;1
202400051483;155 691 174;33;0;0;4;17;1
202400051483;155 691 177;33;0;2;1;17;1
202400051484;155 691 173;50;0;2;0;0;3
202400051484;155 691 176;7;0;2;0;16;1
202400051485;155 691 171;7;0;9;3;1;1
202400051485;155 691 181;50;0;2;2;1;3
202400051486;155 691 172;3;2;0;3;21;1
202400051487;155 691 169;7;0;1;1;1;1
202400051488;155 691 166;7;6;9;2;1;1
202400051488;155 691 170;7;6;0;3;0;1
202400051489;155 691 164;7;13;0;3;1;1
202400051490;155 691 162;7;0;1;4;4;1
202400051491;155 691 159;7;0;9;6;19;1
202400051491;155 691 168;1;0;2;1;1;5
202400051492;155 691 158;10;0;2;2;15;1
202400051492;155 691 165;50;0;2;1;1;3
202400051493;155 691 161;2;0;2;4;2;1
202400051493;155 691 167;7;0;2;1;2;0
202400051494;155 691 155;7;3;2;8;1;1
202400051494;155 691 157;15;3;2;2;6;1
202400051495;155 691 153;7;0;1;1;1;1
202400051496;155 691 152;7;0;2;6;1;1
202400051496;155 691 163;33;0;2;1;19;1
202400051497;155 691 151;7;0;0;4;16;1
202400051497;155 691 154;7;0;2;1;2;1
202400051498;155 691 150;7;0;2;3;1;1
202400051498;155 691 156;10;7;2;2;1;1
202400051499;155 691 149;7;0;2;2;1;1
202400051499;155 691 160;7;0;2;3;13;2
202400051500;155 691 148;20;2;0;9;14;1
202400051501;155 691 146;7;2;0;7;1;1
202400051502;155 691 145;7;0;1;3;1;1
202400051503;155 691 143;7;0;2;4;1;1
202400051503;155 691 147;7;0;2;1;1;1
202400051504;155 691 142;30;0;0;3;0;1
202400051505;155 691 137;2;13;0;4;2;3
202400051505;155 691 141;10;0;2;2;2;1
202400051506;155 691 134;10;0;0;5;2;1
202400051506;155 691 138;32;0;2;1;2;1
202400051507;155 691 133;15;0;2;3;1;1
202400051507;155 691 136;10;0;2;3;13;1
202400051508;155 691 135;7;0;2;2;1;1
202400051508;155 691 140;7;0;2;8;10;1
202400051509;155 691 139;7;0;1;2;1;1
202400051510;155 691 132;10;0;2;8;1;3
202400051510;155 691 144;7;0;2;1;1;1
202400051511;155 691 129;7;0;1;1;1;1
202400051512;155 691 125;7;2;0;3;19;1
202400051513;155 691 123;17;0;2;1;2;1
202400051513;155 691 127;21;0;2;4;2;1
202400051514;155 691 120;14;0;1;1;1;1
202400051515;155 691 119;7;0;2;7;13;1
202400051515;155 691 126;10;0;2;1;1;1
202400051516;155 691 121;7;6;0;1;26;1
202400051517;155 691 118;7;6;9;1;1;1
202400051518;155 691 116;7;0;2;3;13;1
202400051518;155 691 124;15;0;2;3;1;1
202400051518;155 691 128;7;0;2;1;1;1
202400051518;155 691 130;10;0;9;8;1;1
202400051519;155 691 117;37;0;2;3;1;1
202400051519;155 691 131;15;0;2;2;1;1
202400051520;155 691 114;80;0;2;8;19;3
202400051520;155 691 122;30;0;9;8;15;1
202400051521;155 691 113;10;0;2;2;1;1
202400051521;155 691 115;31;0;2;8;1;1
202400051522;155 691 108;7;0;2;4;1;1
202400051522;155 691 112;7;0;2;1;2;1
202400051523;155 691 109;7;0;1;1;26;1
202400051524;155 691 105;10;3;2;3;13;1
202400051524;155 691 110;7;0;2;3;1;1
202400051525;155 691 103;10;0;1;7;26;1
202400051526;155 691 104;10;0;1;1;18;1
202400051527;155 691 102;7;0;1;7;17;1
202400051527;155 691 111;7;0;2;8;2;1
202400051528;155 691 100;7;0;2;2;1;1
202400051528;155 691 106;30;0;2;1;16;3
202400051529;155 691 101;33;0;2;1;1;1
202400051529;155 691 107;7;0;0;4;23;2
202400051530;155 691 099;7;16;0;1;1;1
202400051531;155 691 097;7;2;0;1;1;1
202400051532;155 691 091;33;13;0;9;1;1
202400051533;155 691 092;7;0;2;3;1;1
202400051533;155 691 096;7;0;2;1;1;1
202400051534;155 691 087;2;0;2;7;1;1
202400051534;155 691 095;7;0;2;8;9;1
202400051535;155 691 084;7;13;0;2;1;1
202400051536;155 691 083;31;0;2;1;2;1
202400051536;155 691 094;7;0;2;4;2;1
202400051537;155 691 086;7;0;2;3;9;1
202400051537;155 691 093;2;0;2;2;15;1
202400051538;155 691 081;7;0;0;3;15;2
202400051538;155 691 085;33;0;2;3;1;1
202400051539;155 691 080;7;0;2;3;19;2
202400051539;155 691 090;7;0;2;2;19;2
202400051540;155 691 082;7;11;2;3;1;1
202400051540;155 691 089;7;11;2;2;15;1
202400051541;155 691 078;7;6;0;3;14;1
202400051542;155 691 079;7;0;2;3;15;1
202400051542;155 691 088;2;0;2;7;1;1
202400051543;155 691 075;7;0;1;1;26;2
202400051544;155 691 072;1;0;0;0;0;5
202400051545;155 691 071;7;4;2;3;1;1
202400051546;155 691 067;7;0;2;1;26;1
202400051546;155 691 077;7;0;2;1;1;1
202400051547;155 691 068;7;0;2;3;13;1
202400051547;155 691 073;7;0;2;3;1;1
202400051548;155 691 069;7;7;2;1;13;1
202400051548;155 691 076;7;0;2;2;1;1
202400051549;155 691 063;2;0;2;1;13;1
202400051549;155 691 066;7;0;2;1;1;1
202400051550;155 691 064;10;0;2;1;2;1
202400051550;155 691 070;7;0;2;6;2;1