Num_Acc;id_vehicule;catv;obs;obsm;choc;manv;motor
202400051551;155 691 062;50;0;1;1;1;3
202400051552;155 691 065;1;0;2;0;1;5
202400051552;155 691 074;7;0;2;1;9;1
202400051553;155 691 059;10;0;1;1;15;1
202400051554;155 691 058;31;13;0;0;14;1
202400051555;155 691 057;7;0;2;3;1;2
202400051555;155 691 061;10;0;2;1;5;1
202400051556;155 691 055;7;15;0;9;1;1
202400051557;155 691 052;7;0;0;8;9;1
202400051557;155 691 060;7;0;2;1;1;1
202400051558;155 691 056;7;0;1;3;1;1
202400051559;155 691 053;7;9;0;2;0;1
202400051560;155 691 050;7;0;2;8;24;1
202400051560;155 691 054;37;1;0;2;1;1
202400051561;155 691 043;1;0;2;0;0;5
202400051561;155 691 048;7;0;2;3;15;1
202400051562;155 691 045;30;0;2;3;1;1
202400051562;155 691 051;7;0;2;3;9;1
202400051563;155 691 038;7;0;2;3;13;1
202400051563;155 691 046;7;0;2;3;1;1
202400051564;155 691 041;7;13;0;1;1;1
202400051565;155 691 044;7;0;2;1;15;1
202400051565;155 691 049;1;0;2;8;1;5
202400051566;155 691 042;7;0;2;5;1;1
202400051566;155 691 047;50;0;2;5;18;3
202400051567;155 691 040;7;13;0;1;1;1
202400051568;155 691 035;1;0;2;4;15;5
202400051568;155 691 039;7;8;2;1;17;1
202400051569;155 691 032;1;1;0;1;26;5
202400051570;155 691 034;50;0;2;1;1;3
202400051570;155 691 036;1;0;2;1;1;5
202400051571;155 691 031;7;0;2;3;26;1
202400051571;155 691 037;30;0;2;1;6;1
202400051572;155 691 029;7;0;2;4;1;1
202400051572;155 691 033;10;0;2;1;1;3
202400051573;155 691 023;33;0;2;3;5;1
202400051573;155 691 028;30;0;2;2;23;1
202400051574;155 691 024;7;0;2;1;26;1
202400051575;155 691 018;7;0;2;1;13;1
202400051575;155 691 022;7;0;2;1;1;1
202400051576;155 691 019;10;0;2;2;17;1
202400051576;155 691 027;33;0;0;8;15;1
202400051577;155 691 021;7;0;2;4;15;1
202400051577;155 691 026;10;0;2;1;21;1
202400051577;155 691 030;7;0;2;3;1;1
202400051578;155 691 020;7;0;1;8;2;1
202400051579;155 691 011;7;0;2;3;0;1
202400051579;155 691 016;2;0;2;1;26;1
202400051580;155 691 010;7;0;2;1;5;1
202400051580;155 691 013;7;0;2;1;1;1
202400051581;155 691 014;50;0;2;8;2;3
202400051581;155 691 025;7;0;2;3;2;1
202400051582;155 691 008;1;0;2;1;1;5
202400051582;155 691 017;7;0;2;2;16;1
202400051583;155 691 006;30;0;0;1;1;1
202400051584;155 691 001;7;0;2;4;1;1
202400051584;155 691 005;7;0;2;1;1;1
202400051584;155 691 012;7;0;2;1;1;1
202400051584;155 691 015;7;0;2;4;1;1
202400051585;155 690 999;7;0;2;3;1;1
202400051585;155 691 007;10;0;2;2;19;1
202400051586;155 691 002;33;0;0;0;14;1
202400051587;155 690 994;32;13;0;1;1;1
202400051588;155 690 993;7;0;2;6;2;1
202400051588;155 691 003;7;0;2;1;9;1
202400051589;155 690 989;2;0;0;9;1;1
202400051590;155 690 991;15;0;2;1;19;1
202400051590;155 690 996;7;0;2;3;15;3
202400051591;155 690 990;14;0;2;3;2;1
202400051591;155 690 997;33;0;2;4;16;1
202400051592;155 690 985;7;13;0;1;17;1
202400051593;155 690 986;7;0;2;5;1;2
202400051593;155 690 995;30;0;2;5;26;1
202400051594;155 690 981;7;6;0;3;1;1
202400051595;155 690 984;10;0;2;2;16;1
202400051595;155 690 988;32;0;2;8;1;1
202400051596;155 690 978;7;6;0;1;1;1
202400051597;155 690 977;7;0;2;1;2;1
202400051597;155 690 983;7;0;2;4;2;3
202400051597;155 690 987;7;0;2;4;2;1
202400051598;155 690 975;33;0;2;1;13;1
202400051598;155 690 982;7;0;2;1;1;1
202400051599;155 690 972;2;0;9;1;10;1
202400051599;155 690 979;2;0;9;6;1;1
202400051600;155 690 973;34;0;2;1;1;1
202400051600;155 690 980;7;0;2;3;15;1
202400051601;155 690 969;1;0;2;1;17;5
202400051601;155 690 971;7;0;2;3;15;1
202400051602;155 690 970;7;0;2;1;1;1
202400051602;155 690 976;50;0;2;4;1;3
202400051603;155 690 965;10;0;2;3;1;0
202400051603;155 690 974;33;0;2;7;1;1
202400051604;155 690 968;7;0;1;0;9;1
202400051605;155 690 962;7;5;0;0;1;0
202400051606;155 690 959;7;0;2;3;15;2
202400051606;155 690 961;2;0;2;1;1;1
202400051607;155 690 954;7;0;2;6;19;1
202400051607;155 690 964;33;0;2;1;1;1
202400051608;155 690 952;7;0;2;3;1;1
202400051608;155 690 958;80;0;2;1;13;3
202400051609;155 690 953;7;0;2;1;1;1
202400051609;155 690 960;7;3;2;1;13;1
202400051609;155 690 967;7;0;2;1;1;1
202400051610;155 690 950;7;0;2;1;21;1
202400051610;155 690 955;10;0;2;4;2;1
202400051611;155 690 949;33;0;1;1;1;1
202400051612;155 690 956;10;0;2;4;16;1
202400051612;155 690 963;37;0;2;1;2;1
202400051613;155 690 948;7;0;1;1;1;1
202400051614;155 690 945;10;0;2;7;14;1
202400051614;155 690 957;10;0;2;8;1;1
202400051615;155 690 944;50;0;2;1;1;3
202400051615;155 690 951;7;0;2;8;19;1
202400051616;155 690 939;10;0;2;3;17;1
202400051616;155 690 942;7;0;2;3;1;1
202400051617;155 690 940;10;0;1;1;26;0
202400051618;155 690 938;7;0;2;5;12;1
202400051618;155 690 941;33;0;2;1;1;1
202400051619;155 690 934;33;13;0;1;13;1
202400051620;155 690 933;7;0;0;0;0;1
202400051621;155 690 931;7;0;2;6;1;1
202400051621;155 690 937;7;0;2;3;3;1
202400051621;155 690 943;7;0;2;1;1;2
202400051622;155 690 929;7;0;2;1;2;1
202400051622;155 690 936;7;0;2;4;1;1
202400051623;155 690 926;10;0;2;1;1;1
202400051623;155 690 932;7;0;2;4;1;1
202400051624;155 690 923;33;1;2;7;21;1
202400051624;155 690 930;7;0;2;3;19;1
202400051625;155 690 924;7;0;1;2;26;1
202400051626;155 690 928;14;0;2;5;23;1
202400051626;155 690 935;2;0;2;1;1;1
202400051627;155 690 922;7;0;0;4;1;1
202400051627;155 690 925;7;0;2;1;2;1
202400051628;155 690 919;7;0;2;0;0;-1
202400051628;155 690 927;7;0;0;0;21;1
202400051629;155 690 920;7;2;0;2;13;1
202400051630;155 690 921;31;9;0;1;1;1
202400051631;155 690 916;7;0;5;2;21;1
202400051632;155 690 914;7;0;1;3;1;2
202400051633;155 690 917;7;1;0;1;1;1
202400051634;155 690 909;7;0;2;0;2;1
202400051634;155 690 913;50;0;2;0;2;3
202400051635;155 690 910;7;0;2;3;13;2
202400051635;155 690 915;15;0;2;8;1;1
202400051636;155 690 911;7;4;0;3;13;1
202400051637;155 690 908;7;0;2;3;16;1
202400051637;155 690 918;7;0;0;7;1;1
202400051638;155 690 906;7;16;0;3;1;1
202400051639;155 690 907;50;0;0;0;1;3
202400051640;155 690 904;7;0;2;7;12;1
202400051640;155 690 912;33;0;2;8;1;1
202400051641;155 690 903;32;16;0;7;15;1
202400051642;155 690 902;33;0;2;1;1;1
202400051642;155 690 905;7;0;2;8;9;2
202400051643;155 690 901;17;0;1;2;1;1
202400051644;155 690 898;7;13;0;2;0;1
202400051645;155 690 894;7;0;2;1;2;1
202400051645;155 690 899;15;0;0;4;1;1
202400051646;155 690 895;7;6;0;2;1;1
202400051647;155 690 891;7;0;2;8;13;1
202400051647;155 690 896;7;3;2;5;1;1
202400051648;155 690 892;32;0;0;1;1;1
202400051649;155 690 893;33;0;2;3;13;1
202400051649;155 690 897;7;0;9;3;1;2
202400051650;155 690 889;33;0;0;7;9;1
202400051651;155 690 890;30;0;2;7;15;3
202400051651;155 690 900;7;0;2;0;0;1
202400051652;155 690 888;7;14;0;3;1;1
202400051653;155 690 886;15;0;0;4;1;1
202400051653;155 690 887;7;0;2;1;11;1
202400051654;155 690 885;30;15;0;0;16;1
202400051655;155 690 880;10;0;1;1;1;1
202400051656;155 690 882;7;1;0;6;2;1
202400051657;155 690 878;31;0;2;3;3;1
202400051657;155 690 881;10;0;2;5;1;1
202400051658;155 690 875;7;0;2;8;1;1
202400051658;155 690 884;7;0;2;7;12;1
202400051659;155 690 877;7;6;0;6;1;1
202400051659;155 690 883;7;15;2;2;11;1
202400051660;155 690 874;15;0;2;2;17;1
202400051660;155 690 879;10;0;0;6;0;1
202400051661;155 690 871;17;0;0;7;1;1
202400051662;155 690 868;7;0;2;2;15;1
202400051662;155 690 872;33;0;2;1;1;1
202400051663;155 690 864;7;0;2;4;1;1
202400051663;155 690 876;0;0;0;0;0;0
202400051664;155 690 865;33;0;2;3;17;1
202400051664;155 690 870;7;0;2;3;10;1
202400051665;155 690 862;7;0;2;5;12;1
202400051665;155 690 867;43;0;2;1;2;1
202400051666;155 690 859;17;13;0;2;1;1
202400051667;155 690 857;10;0;2;1;2;1
202400051667;155 690 863;7;0;2;4;2;1
202400051668;155 690 858;80;0;2;1;0;3
202400051668;155 690 869;7;0;2;2;1;1
202400051669;155 690 855;33;0;0;3;1;1
202400051669;155 690 861;33;0;0;3;13;1
202400051670;155 690 856;7;13;0;1;1;1
202400051671;155 690 854;7;0;2;1;1;1
202400051671;155 690 873;7;0;2;7;1;1
202400051672;155 690 852;7;4;0;9;1;1
202400051673;155 690 850;1;0;0;0;0;5
202400051674;155 690 847;33;0;2;3;1;1
202400051674;155 690 851;7;0;2;5;12;0
202400051675;155 690 844;10;0;2;8;11;1
202400051675;155 690 848;33;0;2;7;1;1
202400051676;155 690 834;30;0;2;4;1;1
202400051676;155 690 839;7;0;2;2;1;1
202400051677;155 690 841;7;2;0;1;1;1
202400051678;155 690 832;7;0;2;4;2;1
202400051678;155 690 835;7;0;2;1;2;1
202400051679;155 690 828;33;0;0;7;1;1
202400051680;155 690 836;7;0;2;3;15;1
202400051680;155 690 853;7;0;2;1;1;1
202400051681;155 690 826;14;0;2;7;12;1
202400051681;155 690 827;7;0;2;8;1;1
202400051682;155 690 838;7;0;2;7;15;1
202400051682;155 690 845;7;0;2;1;1;3
202400051683;155 690 829;33;13;0;0;1;1
202400051684;155 690 830;10;0;2;3;13;1
202400051684;155 690 837;14;0;2;6;13;1
202400051684;155 690 843;7;4;2;2;1;1
202400051684;155 690 849;7;0;2;1;2;1
202400051685;155 690 831;7;0;2;8;9;1
202400051685;155 690 846;7;0;2;1;1;1
202400051686;155 690 825;7;6;0;1;1;1
202400051687;155 690 821;33;0;2;2;1;1
202400051687;155 690 823;7;0;2;3;9;1
202400051688;155 690 819;7;0;2;1;5;1
202400051688;155 690 822;7;0;2;1;1;1
202400051689;155 690 816;7;13;0;2;13;1
202400051690;155 690 812;7;0;2;0;0;1
202400051690;155 690 818;33;0;2;0;1;1
202400051691;155 690 811;50;0;2;3;1;3
202400051691;155 690 817;7;0;2;3;15;2
202400051692;155 690 809;33;1;2;1;21;1
202400051693;155 690 808;1;0;2;8;9;5
202400051693;155 690 814;30;0;2;1;2;1
202400051694;155 690 810;7;0;9;3;1;1
202400051694;155 690 815;1;0;2;1;15;5
202400051695;155 690 803;10;0;2;7;17;1
202400051695;155 690 807;32;0;0;8;1;1
202400051696;155 690 802;33;0;2;5;12;1
202400051696;155 690 806;7;0;2;3;1;1
202400051697;155 690 804;7;0;2;1;1;1
202400051697;155 690 824;7;0;2;3;1;1
202400051698;155 690 796;7;3;0;1;1;1
202400051699;155 690 799;37;0;1;1;1;1
202400051700;155 690 795;3;0;0;9;15;3
202400051701;155 690 800;7;0;2;3;1;1
202400051701;155 690 805;33;0;2;1;1;1
202400051702;155 690 792;7;0;2;1;2;1
202400051702;155 690 798;7;0;2;4;23;1
202400051703;155 690 790;13;13;0;3;14;1
202400051704;155 690 794;7;0;2;1;2;1
202400051704;155 690 813;7;0;2;4;0;1
202400051704;155 690 820;10;0;2;0;0;1
202400051705;155 690 791;7;0;2;1;15;1
202400051705;155 690 797;33;0;2;1;1;1
202400051705;155 690 801;33;0;2;1;1;1
202400051706;155 690 787;10;0;2;1;2;1
202400051706;155 690 789;10;0;2;4;2;1
202400051707;155 690 788;7;0;2;7;9;1
202400051707;155 690 793;7;0;2;1;1;1
202400051708;155 690 785;2;12;0;1;1;1
202400051709;155 690 783;60;12;0;1;19;5
202400051710;155 690 774;7;0;2;1;1;0
202400051710;155 690 781;7;0;2;3;1;0
202400051711;155 690 776;7;0;2;2;16;1
202400051711;155 690 780;32;0;2;1;18;1
202400051712;155 690 775;7;0;2;1;2;1
202400051712;155 690 784;7;0;2;4;2;1
202400051713;155 690 771;7;0;2;1;1;1
202400051713;155 690 778;7;0;2;1;17;1
202400051714;155 690 770;7;0;2;5;26;1
202400051714;155 690 777;7;0;2;1;0;1
202400051715;155 690 772;34;0;2;0;17;1
202400051715;155 690 779;7;0;2;3;1;1
202400051716;155 690 769;15;0;2;2;13;1
202400051716;155 690 773;7;3;0;1;0;1
202400051717;155 690 766;7;13;0;1;1;1
202400051718;155 690 764;7;0;1;1;1;1
202400051719;155 690 759;33;0;5;1;1;1
202400051720;155 690 762;1;0;2;8;19;5
202400051720;155 690 767;7;0;2;1;6;1
202400051721;155 690 763;1;0;1;1;1;5
202400051722;155 690 760;7;0;1;2;0;1
202400051723;155 690 756;7;0;2;5;21;1
202400051723;155 690 757;34;0;2;1;3;1
202400051724;155 690 755;7;0;2;1;1;0
202400051724;155 690 758;1;0;2;7;1;5
202400051725;155 690 754;7;0;9;1;1;1
202400051725;155 690 761;1;0;2;8;19;5
202400051726;155 690 750;1;0;0;0;0;5
202400051726;155 690 753;7;0;2;1;2;1
202400051727;155 690 748;7;2;0;1;1;1
202400051728;155 690 749;7;2;0;1;1;1
202400051729;155 690 745;7;0;2;3;15;1
202400051729;155 690 752;10;0;2;2;1;1
202400051730;155 690 747;7;0;2;1;2;1
202400051730;155 690 751;7;0;2;4;2;1
202400051731;155 690 746;7;2;0;9;1;1
202400051732;155 690 744;7;6;0;1;1;2
202400051733;155 690 742;7;4;0;1;1;1
202400051734;155 690 740;7;12;2;4;20;1
202400051734;155 690 743;2;0;2;1;1;1
202400051735;155 690 736;33;0;0;0;0;1
202400051736;155 690 735;1;0;0;0;23;5
202400051737;155 690 737;7;0;1;7;1;1
202400051738;155 690 734;7;8;2;4;23;1
202400051738;155 690 741;7;0;2;1;1;1
202400051739;155 690 731;7;9;1;1;25;3
202400051740;155 690 732;7;0;0;0;1;1
202400051740;155 690 739;50;0;0;0;19;3
202400051741;155 690 728;7;0;2;1;2;1
202400051741;155 690 733;7;0;2;6;2;1
202400051742;155 690 727;7;0;2;3;1;2
202400051742;155 690 730;1;0;2;2;1;5
202400051743;155 690 725;30;8;0;1;1;1
202400051744;155 690 720;30;0;2;0;18;1
202400051744;155 690 726;2;0;2;8;1;1
202400051745;155 690 721;7;14;2;1;1;1
202400051745;155 690 729;7;0;2;4;2;1
202400051746;155 690 724;7;0;1;3;1;1
202400051747;155 690 719;7;13;0;3;1;1
202400051748;155 690 718;1;0;2;1;1;5
202400051748;155 690 723;7;0;2;1;15;1
202400051749;155 690 714;2;0;2;1;1;1
202400051749;155 690 722;7;0;2;7;15;1
202400051750;155 690 713;2;0;0;0;14;1
202400051751;155 690 708;7;0;2;1;1;1
202400051751;155 690 715;7;0;2;1;13;1
202400051752;155 690 705;7;0;2;3;13;1
202400051752;155 690 709;7;0;0;8;1;1
202400051752;155 690 712;7;13;0;3;21;1
202400051752;155 690 717;7;0;2;3;1;1
202400051753;155 690 706;7;0;2;1;14;1
202400051753;155 690 710;7;0;2;1;26;2
202400051754;155 690 700;33;14;0;1;2;1
202400051755;155 690 704;1;0;0;0;1;5
202400051756;155 690 702;33;0;2;1;17;1
202400051756;155 690 711;21;0;2;8;15;1
202400051757;155 690 701;1;0;2;8;1;5
202400051757;155 690 707;7;0;2;7;1;0
202400051758;155 690 697;13;0;0;4;26;1
202400051758;155 690 703;50;1;9;1;1;3
202400051759;155 690 693;7;0;1;3;15;1
202400051760;155 690 695;7;4;2;1;1;1
202400051760;155 690 698;7;0;2;4;1;1
202400051761;155 690 691;7;0;1;1;19;1
202400051762;155 690 690;7;0;2;1;15;1
202400051762;155 690 696;32;0;2;1;1;1
202400051762;155 690 699;1;0;2;1;1;5
202400051763;155 690 689;31;0;0;1;1;1
202400051764;155 690 686;7;0;2;0;0;1
202400051764;155 690 694;50;0;2;8;19;3
202400051765;155 690 685;1;0;1;7;21;5
202400051766;155 690 681;7;0;0;0;0;1
202400051766;155 690 684;7;3;0;1;1;1
202400051766;155 690 688;7;3;0;1;1;1
202400051766;155 690 692;7;0;2;4;1;1
202400051767;155 690 678;7;5;2;1;5;1
202400051767;155 690 683;7;0;2;1;23;1
202400051768;155 690 679;7;0;1;3;1;1
202400051769;155 690 676;7;16;0;9;1;1
202400051770;155 690 675;50;0;2;7;1;3
202400051770;155 690 682;7;0;2;3;9;1
202400051771;155 690 677;50;0;2;3;9;3
202400051771;155 690 687;10;0;2;2;15;1
202400051772;155 690 674;33;0;2;1;1;1
202400051772;155 690 680;34;0;2;7;1;1
202400051773;155 690 673;7;4;0;8;21;1
202400051774;155 690 670;10;4;0;2;14;1
202400051775;155 690 672;7;0;1;2;16;3
202400051776;155 690 667;7;0;2;6;2;2
202400051776;155 690 671;2;0;2;1;2;1
202400051777;155 690 662;33;0;2;1;3;1
202400051777;155 690 668;7;0;2;6;1;1
202400051778;155 690 660;7;0;2;4;1;1
202400051778;155 690 665;7;0;2;1;1;1
202400051779;155 690 659;7;0;1;2;17;1
202400051780;155 690 655;33;0;2;3;1;1
202400051780;155 690 664;33;0;2;3;13;1
202400051781;155 690 654;7;0;2;4;1;1
202400051781;155 690 657;7;0;2;1;1;1
202400051781;155 690 663;7;-1;2;-1;-1;-1
202400051781;155 690 669;7;0;2;4;1;1
202400051782;155 690 653;33;0;2;7;3;1
202400051782;155 690 656;7;0;2;3;11;1
202400051782;155 690 661;7;0;2;5;1;3
202400051783;155 690 652;7;4;0;1;16;1
202400051784;155 690 650;7;4;0;8;26;1
202400051785;155 690 648;33;0;0;7;0;1
202400051786;155 690 647;10;0;1;2;9;0
202400051787;155 690 644;7;0;2;1;1;2
202400051787;155 690 651;15;0;2;6;1;1
202400051788;155 690 643;30;0;2;0;0;1
202400051788;155 690 649;50;0;2;0;0;3
202400051789;155 690 641;2;0;2;1;17;1
202400051789;155 690 646;7;0;2;3;0;1
202400051790;155 690 640;7;4;0;1;11;1
202400051791;155 690 639;33;0;2;3;1;1
202400051791;155 690 642;7;0;2;3;15;1
202400051792;155 690 634;7;0;1;0;16;1
202400051793;155 690 633;7;0;2;4;1;1
202400051793;155 690 645;7;0;2;1;1;1
202400051794;155 690 628;7;0;2;1;1;1
202400051794;155 690 638;15;0;2;4;1;1
202400051795;155 690 631;7;4;0;1;15;1
202400051796;155 690 632;7;0;2;3;13;1
202400051796;155 690 637;7;0;2;3;1;1
202400051797;155 690 627;37;0;1;2;1;1
202400051798;155 690 630;30;0;2;1;9;1
202400051798;155 690 636;7;0;2;3;1;1
202400051799;155 690 623;10;0;2;1;1;1
202400051799;155 690 626;7;0;2;4;2;1
202400051799;155 690 635;7;3;2;4;2;1
202400051800;155 690 621;50;0;2;0;0;3
202400051800;155 690 629;7;0;9;2;15;2
202400051801;155 690 618;33;0;2;1;1;1
202400051801;155 690 624;7;0;2;5;15;1
202400051802;155 690 625;37;0;1;7;1;2
202400051803;155 690 616;10;0;2;4;2;1
202400051803;155 690 622;33;0;2;1;2;1
202400051804;155 690 613;7;0;2;1;1;1
202400051804;155 690 617;7;0;2;4;0;1
202400051805;155 690 612;7;0;2;7;12;1
202400051805;155 690 620;33;0;2;8;3;1
202400051806;155 690 611;7;0;2;3;15;2
202400051806;155 690 619;2;0;2;1;1;1
202400051807;155 690 610;7;0;2;2;16;1
202400051807;155 690 615;33;0;2;3;1;1
202400051808;155 690 608;7;0;2;1;2;1
202400051808;155 690 614;7;1;0;4;24;1
202400051809;155 690 605;7;0;0;4;2;1
202400051809;155 690 609;7;0;2;1;2;1
202400051810;155 690 604;7;0;1;0;1;1
202400051811;155 690 597;10;0;1;1;1;1
202400051812;155 690 603;7;0;2;3;15;1
202400051812;155 690 607;2;0;2;1;1;1
202400051813;155 690 593;33;0;2;8;3;1
202400051813;155 690 600;10;0;2;7;2;1
202400051814;155 690 595;50;0;0;0;2;3
202400051815;155 690 590;7;0;2;3;19;1
202400051815;155 690 599;1;0;2;1;0;5
202400051816;155 690 587;7;0;2;4;1;2
202400051816;155 690 592;7;0;2;4;2;1
202400051816;155 690 598;7;0;2;2;1;1
202400051816;155 690 601;7;0;2;1;2;2
202400051817;155 690 585;7;0;0;3;23;1
202400051817;155 690 589;34;0;1;1;26;1
202400051818;155 690 580;7;0;2;1;1;1
202400051818;155 690 586;7;0;2;1;11;1
202400051818;155 690 591;17;0;2;7;1;1
202400051818;155 690 596;10;0;2;3;1;1
202400051819;155 690 582;7;0;2;3;15;0
202400051819;155 690 588;33;0;2;2;17;1
202400051820;155 690 579;1;16;0;0;1;5
202400051821;155 690 578;99;0;0;1;0;3
202400051821;155 690 584;33;0;0;1;3;1
202400051822;155 690 577;7;0;1;3;1;1
202400051823;155 690 575;7;0;2;1;1;1
202400051823;155 690 581;7;3;0;4;2;1
202400051824;155 690 573;34;4;0;1;1;1
202400051825;155 690 572;7;4;0;1;1;1
202400051826;155 690 571;33;0;2;1;26;1
202400051826;155 690 576;7;0;2;3;15;1
202400051827;155 690 570;7;6;0;1;1;1
202400051828;155 690 568;7;0;2;4;1;1
202400051828;155 690 583;7;0;2;1;1;1
202400051828;155 690 594;33;0;2;4;1;1
202400051828;155 690 602;10;0;2;5;1;1
202400051829;155 690 567;7;0;1;2;19;2
202400051830;155 690 566;2;0;2;1;1;1
202400051830;155 690 574;7;0;2;6;15;2
202400051831;155 690 565;7;9;0;2;16;1
202400051832;155 690 564;7;4;0;5;14;1
202400051833;155 690 561;7;2;0;2;14;1
202400051833;155 690 569;7;2;0;2;13;1
202400051834;155 690 562;7;3;0;1;16;1
202400051835;155 690 560;10;0;2;4;2;1
202400051835;155 690 563;2;0;2;1;2;1
202400051836;155 690 557;33;16;0;7;1;1
202400051837;155 690 555;7;2;0;2;1;1
202400051838;155 690 554;7;0;2;1;2;1
202400051838;155 690 559;7;0;2;6;23;1
202400051839;155 690 549;7;6;0;2;17;1
202400051840;155 690 552;7;0;2;1;15;0
202400051840;155 690 558;1;0;2;1;1;5
202400051841;155 690 550;7;0;1;1;1;1
202400051842;155 690 548;50;0;2;7;0;3
202400051842;155 690 556;10;0;9;1;15;1
202400051843;155 690 546;7;0;1;7;1;1
202400051844;155 690 544;1;0;2;7;19;5
202400051844;155 690 553;43;0;2;1;1;1
202400051845;155 690 543;7;0;9;1;0;1
202400051845;155 690 547;7;0;2;4;0;1
202400051845;155 690 551;7;0;9;4;1;3
202400051846;155 690 542;7;0;2;6;1;1
202400051846;155 690 545;7;0;2;1;1;1
202400051847;155 690 541;7;0;1;2;21;2
202400051848;155 690 540;10;9;0;9;1;1
202400051849;155 690 536;10;0;2;3;12;1
202400051849;155 690 539;1;0;2;6;1;5
202400051850;155 690 532;7;0;2;2;21;1
202400051850;155 690 538;7;0;2;2;5;1
202400051851;155 690 533;7;0;2;1;5;1
202400051851;155 690 537;31;0;2;1;1;1
202400051852;155 690 531;30;3;0;8;1;1
202400051853;155 690 529;7;0;2;1;15;1
202400051853;155 690 534;2;0;2;8;0;3
202400051854;155 690 528;50;0;2;1;1;3
202400051854;155 690 535;7;0;2;3;26;1
202400051855;155 690 526;10;13;0;7;1;1
202400051856;155 690 525;33;0;2;0;0;1
202400051856;155 690 530;7;0;2;0;0;1
202400051857;155 690 521;7;0;2;2;15;1
202400051857;155 690 527;7;0;2;1;1;1
202400051858;155 690 517;33;0;2;1;13;1
202400051858;155 690 520;7;0;2;6;0;1
202400051859;155 690 515;1;0;2;8;2;5
202400051859;155 690 523;13;0;2;7;2;1
202400051860;155 690 514;7;17;0;3;0;1
202400051861;155 690 513;2;0;2;8;1;1
202400051861;155 690 522;7;0;2;1;19;1
202400051862;155 690 516;33;0;2;1;16;1
202400051862;155 690 524;10;0;2;8;1;1
202400051863;155 690 509;10;0;2;0;0;1
202400051863;155 690 512;33;0;2;0;1;1
202400051864;155 690 510;60;0;2;1;15;5
202400051864;155 690 518;10;0;2;1;15;1
202400051865;155 690 507;7;0;2;6;23;1
202400051865;155 690 511;33;0;2;6;23;1
202400051865;155 690 519;7;0;2;3;1;1
202400051866;155 690 504;7;0;1;2;17;1
202400051867;155 690 505;7;0;2;7;17;1
202400051867;155 690 508;30;0;2;8;11;1
202400051868;155 690 503;50;0;0;1;1;3
202400051869;155 690 502;7;0;1;1;1;1
202400051870;155 690 501;33;0;2;3;1;1
202400051870;155 690 506;7;0;2;2;26;1
202400051871;155 690 500;7;0;1;2;1;1
202400051872;155 690 499;31;0;0;2;1;3
202400051873;155 690 496;7;0;1;1;0;1
202400051874;155 690 493;7;8;0;1;14;2
202400051875;155 690 494;7;0;2;1;0;1
202400051875;155 690 497;7;0;2;4;0;1
202400051876;155 690 489;7;0;1;3;1;1
202400051877;155 690 487;30;0;9;1;15;1
202400051877;155 690 498;1;0;2;1;16;5
202400051878;155 690 488;7;0;2;1;16;0
202400051878;155 690 492;50;0;2;0;0;3
202400051879;155 690 485;7;0;2;2;19;1
202400051879;155 690 495;33;0;2;1;1;1
202400051880;155 690 486;7;0;2;0;15;1
202400051880;155 690 491;50;0;2;0;1;3
202400051881;155 690 484;7;6;2;2;17;1
202400051881;155 690 490;7;0;2;8;15;1
202400051882;155 690 483;30;0;1;0;0;0
202400051883;155 690 482;33;0;0;7;1;1
202400051884;155 690 480;2;9;0;1;1;1
202400051885;155 690 475;7;0;2;1;13;1
202400051885;155 690 481;99;0;2;4;1;0
202400051886;155 690 473;7;0;2;1;2;2
202400051886;155 690 479;1;0;2;4;2;5
202400051887;155 690 471;7;8;0;1;26;0
202400051888;155 690 470;99;0;2;2;14;0
202400051888;155 690 476;33;0;2;5;1;1
202400051889;155 690 464;7;0;2;1;1;1
202400051889;155 690 469;2;0;2;1;13;1
202400051890;155 690 465;7;0;2;1;1;1
202400051890;155 690 474;7;0;2;4;2;1
202400051891;155 690 462;7;0;2;1;16;1
202400051891;155 690 468;7;0;2;1;2;1
202400051891;155 690 477;7;0;2;0;0;1
202400051892;155 690 463;7;0;2;4;1;1
202400051892;155 690 466;7;0;2;1;1;1
202400051892;155 690 478;7;0;2;4;1;2
202400051893;155 690 459;7;0;1;1;2;0
202400051894;155 690 458;7;1;1;4;20;1
202400051895;155 690 456;7;1;0;2;14;1
202400051896;155 690 452;31;0;2;1;0;1
202400051896;155 690 457;32;0;2;1;25;1
202400051897;155 690 455;30;0;2;0;0;1
202400051897;155 690 461;32;0;2;0;0;1
202400051898;155 690 448;7;0;2;1;13;1
202400051898;155 690 454;7;0;2;3;1;1
202400051898;155 690 460;7;0;2;1;1;3
202400051899;155 690 447;7;0;2;3;1;1
202400051899;155 690 453;7;0;2;3;1;1
202400051900;155 690 449;7;6;0;1;15;2
202400051901;155 690 443;7;1;0;2;2;1
202400051902;155 690 445;33;0;2;1;2;1
202400051902;155 690 450;7;0;2;4;2;1
202400051903;155 690 442;7;6;0;2;1;1
202400051904;155 690 434;7;0;0;4;2;1
202400051904;155 690 440;33;1;2;1;2;1
202400051905;155 690 435;33;6;0;2;2;1
202400051906;155 690 433;10;0;2;6;13;1
202400051906;155 690 437;33;0;2;1;3;1
202400051907;155 690 431;7;0;0;4;16;1