Num_Acc;id_vehicule;catv;obs;obsm;choc;manv;motor
202400052270;155 689 807;7;0;2;1;17;1
202400052270;155 689 810;7;0;2;1;1;1
202400052271;155 689 806;7;0;2;8;19;3
202400052271;155 689 818;7;0;2;2;1;1
202400052272;155 689 805;2;13;0;1;1;1
202400052273;155 689 804;7;0;1;3;1;1
202400052274;155 689 802;10;0;2;1;1;1
202400052275;155 689 798;33;0;9;1;0;1
202400052275;155 689 801;7;0;2;1;0;1
202400052276;155 689 799;7;0;2;1;26;1
202400052276;155 689 803;7;0;2;7;1;2
202400052277;155 689 797;1;0;2;3;15;5
202400052277;155 689 800;7;0;2;1;1;1
202400052278;155 689 794;7;0;0;3;2;1
202400052278;155 689 796;7;0;0;1;1;1
202400052279;155 689 793;33;0;2;1;21;1
202400052279;155 689 795;7;0;2;4;1;1
202400052280;155 689 792;7;0;1;1;15;1
202400052281;155 689 791;7;14;9;2;2;1
202400052282;155 689 787;7;0;9;3;21;1
202400052282;155 689 790;7;0;2;3;1;1
202400052283;155 689 789;7;0;1;6;20;1
202400052284;155 689 785;7;0;2;1;2;2
202400052284;155 689 788;7;0;0;4;14;1
202400052285;155 689 784;3;0;1;6;4;3
202400052286;155 689 783;36;13;0;3;0;1
202400052287;155 689 781;7;4;0;3;0;1
202400052288;155 689 782;33;8;2;7;17;1
202400052288;155 689 786;7;0;2;3;15;1
202400052289;155 689 774;7;6;2;9;0;1
202400052289;155 689 777;7;0;2;9;2;1
202400052289;155 689 779;7;6;2;9;12;1
202400052290;155 689 773;33;0;2;1;1;1
202400052290;155 689 780;7;0;2;5;15;1
202400052291;155 689 772;33;0;2;1;1;1
202400052291;155 689 775;7;0;2;3;15;1
202400052292;155 689 770;7;0;2;3;9;1
202400052292;155 689 776;3;0;2;7;1;1
202400052293;155 689 768;7;0;2;8;9;0
202400052293;155 689 771;2;0;2;7;26;1
202400052294;155 689 765;30;0;1;1;0;1
202400052295;155 689 766;2;0;2;1;3;1
202400052295;155 689 769;7;0;2;3;11;1
202400052296;155 689 764;7;0;1;1;1;1
202400052297;155 689 763;2;0;2;1;15;1
202400052297;155 689 767;7;0;2;8;1;1
202400052298;155 689 761;7;2;0;9;1;1
202400052299;155 689 756;31;0;2;7;16;1
202400052299;155 689 760;7;0;2;8;16;1
202400052300;155 689 757;50;0;2;1;1;3
202400052300;155 689 762;7;0;2;1;15;1
202400052301;155 689 753;30;0;0;1;26;1
202400052302;155 689 752;7;0;1;3;21;1
202400052303;155 689 751;7;0;2;4;2;1
202400052303;155 689 755;7;0;2;4;2;1
202400052303;155 689 758;7;0;2;1;2;1
202400052304;155 689 754;10;0;9;8;13;1
202400052304;155 689 759;34;15;2;7;17;1
202400052305;155 689 748;33;0;0;1;13;1
202400052306;155 689 745;7;0;2;1;1;1
202400052306;155 689 747;7;0;2;3;1;1
202400052307;155 689 743;17;0;2;8;11;1
202400052307;155 689 746;7;0;2;7;21;2
202400052307;155 689 749;7;0;2;7;1;1
202400052308;155 689 744;7;0;1;2;15;1
202400052309;155 689 740;7;15;0;1;14;0
202400052310;155 689 732;10;0;2;2;2;1
202400052310;155 689 738;10;0;2;6;0;1
202400052310;155 689 742;7;0;2;8;1;1
202400052311;155 689 733;7;0;2;7;9;1
202400052311;155 689 737;14;0;2;1;1;1
202400052312;155 689 735;7;0;1;2;1;1
202400052313;155 689 731;30;0;2;1;1;3
202400052313;155 689 736;7;0;2;3;1;1
202400052314;155 689 729;7;0;2;1;1;1
202400052314;155 689 734;7;0;0;8;9;1
202400052315;155 689 728;2;0;2;1;0;1
202400052315;155 689 730;7;0;2;1;10;1
202400052316;155 689 727;33;12;0;1;26;1
202400052317;155 689 724;33;0;0;2;1;1
202400052318;155 689 721;7;0;1;2;1;1
202400052319;155 689 722;7;13;0;1;1;1
202400052320;155 689 719;7;2;0;1;14;1
202400052321;155 689 720;7;0;2;8;1;1
202400052321;155 689 723;7;0;2;5;15;1
202400052321;155 689 726;33;0;2;8;1;1
202400052322;155 689 718;7;0;2;3;1;1
202400052322;155 689 725;7;0;2;5;1;1
202400052323;155 689 715;1;0;2;1;1;5
202400052323;155 689 717;7;0;2;4;23;1
202400052324;155 689 710;33;0;0;8;1;1
202400052325;155 689 712;7;0;9;3;15;1
202400052325;155 689 716;34;0;2;1;3;1
202400052326;155 689 714;7;2;0;2;1;1
202400052327;155 689 711;7;0;1;3;15;1
202400052328;155 689 708;7;15;2;8;15;1
202400052328;155 689 713;7;0;2;2;17;1
202400052329;155 689 705;33;0;2;1;13;1
202400052329;155 689 709;7;0;2;8;15;2
202400052330;155 689 706;31;15;0;0;1;1
202400052331;155 689 704;1;0;0;0;2;5
202400052332;155 689 702;7;0;2;1;15;2
202400052332;155 689 707;1;0;2;8;1;5
202400052333;155 689 700;7;0;2;1;15;1
202400052333;155 689 703;7;0;2;1;19;1
202400052334;155 689 699;50;0;1;1;25;3
202400052335;155 689 696;7;2;0;1;15;1
202400052336;155 689 694;7;0;2;7;9;1
202400052336;155 689 701;7;0;2;1;9;2
202400052337;155 689 693;7;0;2;3;2;1
202400052337;155 689 697;2;0;2;5;2;1
202400052338;155 689 695;7;0;2;3;0;1
202400052338;155 689 698;1;0;2;7;5;5
202400052339;155 689 690;7;0;2;1;1;1
202400052339;155 689 691;7;0;2;2;15;1
202400052340;155 689 689;7;0;2;3;15;1
202400052340;155 689 692;33;0;2;1;1;1
202400052341;155 689 680;30;0;2;1;9;1
202400052341;155 689 685;7;0;2;3;9;1
202400052342;155 689 682;1;0;2;2;13;5
202400052342;155 689 686;7;0;2;2;1;1
202400052343;155 689 679;7;0;2;9;1;1
202400052343;155 689 684;7;13;0;1;1;1
202400052343;155 689 688;3;0;2;2;1;1
202400052344;155 689 678;99;0;2;8;1;1
202400052344;155 689 683;33;0;2;1;1;1
202400052345;155 689 675;7;0;2;3;9;0
202400052345;155 689 677;1;0;2;1;0;5
202400052346;155 689 671;7;0;2;3;19;1
202400052346;155 689 676;34;0;2;1;1;1
202400052347;155 689 668;7;0;1;2;15;1
202400052348;155 689 667;7;1;0;1;26;1
202400052348;155 689 670;13;0;0;4;26;0
202400052348;155 689 673;7;14;0;1;26;1
202400052349;155 689 665;32;0;2;1;2;1
202400052349;155 689 672;7;0;0;5;15;1
202400052350;155 689 663;7;7;0;2;14;1
202400052351;155 689 662;7;0;2;3;15;1
202400052351;155 689 666;33;0;2;2;1;1
202400052352;155 689 661;7;0;2;4;2;1
202400052352;155 689 664;7;0;2;1;2;1
202400052352;155 689 669;7;0;2;4;2;1
202400052352;155 689 674;7;0;2;6;2;1
202400052353;155 689 659;50;0;2;2;25;3
202400052353;155 689 660;7;0;2;2;9;1
202400052354;155 689 657;7;2;0;7;13;1
202400052355;155 689 656;7;8;0;8;13;1
202400052356;155 689 658;7;6;0;1;14;1
202400052357;155 689 653;7;0;2;1;0;1
202400052357;155 689 654;7;0;2;4;23;1
202400052358;155 689 646;33;15;2;1;13;1
202400052358;155 689 651;7;0;2;2;1;1
202400052359;155 689 647;7;0;2;7;15;1
202400052359;155 689 652;30;0;2;1;1;1
202400052360;155 689 650;7;0;2;1;1;1
202400052360;155 689 655;7;0;2;8;15;1
202400052361;155 689 643;7;0;2;4;2;1
202400052361;155 689 645;7;0;2;1;2;1
202400052361;155 689 649;7;0;2;4;2;1
202400052362;155 689 644;50;9;0;0;0;3
202400052363;155 689 641;10;1;0;2;1;0
202400052364;155 689 640;30;0;2;1;15;1
202400052364;155 689 648;7;0;2;8;1;3
202400052365;155 689 639;32;0;2;8;1;1
202400052365;155 689 642;32;0;2;7;12;0
202400052366;155 689 637;7;8;0;1;13;1
202400052367;155 689 636;7;5;2;9;1;3
202400052368;155 689 635;7;1;2;3;1;1
202400052368;155 689 638;7;0;2;1;1;1
202400052369;155 689 632;7;2;0;3;15;1
202400052370;155 689 629;14;0;2;2;12;1
202400052370;155 689 633;7;0;2;8;1;1
202400052371;155 689 630;30;14;0;1;6;1
202400052372;155 689 627;7;0;2;1;1;1
202400052372;155 689 631;7;0;2;3;1;2
202400052373;155 689 628;7;0;2;2;16;2
202400052373;155 689 634;1;0;2;8;16;5
202400052374;155 689 623;7;0;1;4;4;1
202400052375;155 689 625;7;2;0;1;0;1
202400052376;155 689 622;7;0;2;5;12;1
202400052376;155 689 624;43;0;2;1;3;1
202400052377;155 689 621;7;0;2;3;9;2
202400052377;155 689 626;33;0;2;1;1;1
202400052378;155 689 616;7;0;2;1;1;1
202400052378;155 689 620;7;0;2;1;13;1
202400052379;155 689 613;33;0;2;1;16;1
202400052379;155 689 617;7;0;2;4;1;1
202400052380;155 689 610;10;0;2;4;2;1
202400052380;155 689 611;7;0;2;9;2;1
202400052380;155 689 615;7;0;2;1;2;1
202400052381;155 689 607;33;0;2;8;15;1
202400052381;155 689 609;3;0;2;3;15;1
202400052382;155 689 605;7;0;2;1;13;1
202400052382;155 689 608;31;0;2;1;0;1
202400052383;155 689 604;7;4;2;7;11;1
202400052383;155 689 606;10;4;2;8;1;1
202400052384;155 689 601;7;0;2;2;0;1
202400052384;155 689 603;3;0;2;1;13;1
202400052385;155 689 600;7;4;0;0;16;1
202400052386;155 689 599;10;0;2;1;15;1
202400052386;155 689 602;33;0;2;1;1;1
202400052387;155 689 598;33;4;2;0;1;1
202400052388;155 689 597;7;1;0;3;13;1
202400052389;155 689 595;10;0;0;0;0;1
202400052389;155 689 596;10;0;2;3;1;1
202400052390;155 689 594;7;4;0;1;26;1
202400052391;155 689 619;3;0;2;4;0;1
202400052392;155 689 614;7;0;0;3;1;1
202400052392;155 689 618;2;0;2;1;13;1
202400052393;155 689 593;7;1;0;8;13;1
202400052394;155 689 592;32;0;2;1;2;1
202400052394;155 689 612;7;0;2;4;2;2
202400052395;155 689 587;7;0;2;7;1;1
202400052395;155 689 591;7;0;2;8;2;1
202400052396;155 689 588;10;0;2;2;15;1
202400052396;155 689 590;32;0;2;1;1;0
202400052397;155 689 585;7;0;2;3;1;1
202400052397;155 689 589;34;0;2;1;13;1
202400052398;155 689 584;7;0;1;3;1;1
202400052399;155 689 581;7;0;2;1;2;1
202400052399;155 689 582;10;0;2;4;2;1
202400052399;155 689 586;0;0;2;4;2;0
202400052400;155 689 579;10;0;2;1;1;1
202400052400;155 689 583;7;0;2;6;15;1
202400052401;155 689 578;7;2;0;1;14;1
202400052402;155 689 574;50;0;2;8;1;3
202400052402;155 689 580;37;0;2;1;9;1
202400052403;155 689 571;50;0;2;5;1;3
202400052403;155 689 575;7;0;2;2;5;1
202400052404;155 689 569;7;0;2;1;19;1
202400052404;155 689 577;33;0;2;8;1;1
202400052405;155 689 567;7;0;2;1;1;1
202400052405;155 689 572;10;0;2;1;5;3
202400052406;155 689 564;7;0;2;1;1;1
202400052406;155 689 566;7;0;0;0;0;1
202400052407;155 689 565;50;0;2;1;2;3
202400052407;155 689 568;7;0;2;2;16;2
202400052408;155 689 563;10;0;2;1;2;1
202400052408;155 689 570;7;0;2;4;1;1
202400052409;155 689 559;7;13;0;2;2;1
202400052410;155 689 557;7;0;2;2;1;1
202400052410;155 689 562;7;0;2;6;18;1
202400052411;155 689 556;2;0;2;3;1;1
202400052411;155 689 560;7;0;2;7;13;1
202400052412;155 689 555;7;0;0;0;9;1
202400052412;155 689 561;33;0;0;0;1;1
202400052413;155 689 554;7;0;2;1;1;1
202400052413;155 689 558;7;0;0;4;1;1
202400052414;155 689 552;7;0;1;5;4;1
202400052415;155 689 548;31;0;2;1;23;1
202400052415;155 689 551;7;0;2;1;1;1
202400052416;155 689 547;7;0;2;4;1;1
202400052416;155 689 549;7;0;2;1;1;1
202400052417;155 689 546;31;0;2;2;17;1
202400052417;155 689 553;7;0;2;3;15;1
202400052418;155 689 543;7;0;2;5;1;1
202400052418;155 689 544;7;0;2;2;16;1
202400052419;155 689 542;7;0;0;0;1;1
202400052419;155 689 545;7;14;0;3;1;1
202400052419;155 689 550;33;14;0;3;1;1
202400052420;155 689 537;7;0;2;1;13;1
202400052420;155 689 540;10;0;2;1;1;1
202400052421;155 689 536;33;14;0;7;1;1
202400052422;155 689 534;7;0;2;2;9;1
202400052422;155 689 539;1;0;2;1;-1;5
202400052422;155 689 541;1;0;2;1;-1;5
202400052423;155 689 535;7;0;9;7;17;1
202400052423;155 689 538;50;0;2;8;13;3
202400052424;155 689 533;10;0;1;4;4;1
202400052425;155 689 531;7;0;0;0;0;1
202400052426;155 689 530;7;0;2;2;2;1
202400052426;155 689 532;10;0;2;4;0;1
202400052427;155 689 527;7;9;2;7;1;1
202400052427;155 689 529;7;0;2;1;1;1
202400052428;155 689 525;50;0;0;1;0;3
202400052428;155 689 528;7;0;0;0;0;1
202400052429;155 689 522;1;0;2;0;0;5
202400052429;155 689 523;7;0;0;7;1;1
202400052429;155 689 526;1;0;0;0;0;5
202400052430;155 689 521;7;0;2;6;15;1
202400052430;155 689 524;2;0;2;1;1;1
202400052431;155 689 518;1;0;2;1;1;5
202400052431;155 689 520;7;0;2;1;1;1
202400052432;155 689 515;7;0;2;1;15;1
202400052432;155 689 519;50;0;2;1;1;3
202400052433;155 689 517;80;0;0;1;1;3
202400052434;155 689 514;0;0;2;4;1;-1
202400052434;155 689 516;33;0;2;1;3;1
202400052435;155 689 513;7;13;0;9;1;1
202400052436;155 689 512;10;0;1;1;0;1
202400052437;155 689 511;7;8;0;1;13;1
202400052438;155 689 509;33;0;2;8;15;1
202400052438;155 689 510;31;0;2;1;26;1
202400052439;155 689 507;7;0;1;2;15;1
202400052440;155 689 505;33;0;2;1;2;1
202400052440;155 689 508;7;0;2;4;2;1
202400052441;155 689 504;80;0;0;1;1;3
202400052442;155 689 501;10;0;2;0;11;1
202400052442;155 689 503;33;0;2;1;1;1
202400052443;155 689 502;7;0;2;7;15;1
202400052443;155 689 506;7;0;2;2;13;1
202400052444;155 689 500;10;0;1;1;1;1
202400052445;155 689 499;1;0;1;1;5;5
202400052446;155 689 496;7;0;2;3;26;1
202400052446;155 689 497;2;0;2;3;1;1
202400052447;155 689 493;7;0;2;1;1;1
202400052447;155 689 494;1;0;2;0;19;5
202400052447;155 689 495;7;0;9;0;23;1
202400052448;155 689 491;7;0;2;8;1;2
202400052448;155 689 492;7;0;2;1;0;1
202400052449;155 689 486;33;0;2;9;3;1
202400052449;155 689 487;7;0;2;3;1;1
202400052449;155 689 488;10;0;2;6;2;1
202400052449;155 689 489;7;0;2;8;2;1
202400052450;155 689 485;7;0;1;2;1;1
202400052451;155 689 482;32;0;2;2;1;1
202400052451;155 689 483;7;0;2;3;20;1
202400052452;155 689 479;7;0;1;3;15;1
202400052453;155 689 478;7;0;2;1;16;1
202400052453;155 689 480;50;0;2;4;15;3
202400052454;155 689 481;7;4;0;2;1;1
202400052455;155 689 477;7;0;1;3;16;1
202400052456;155 689 475;7;0;1;2;1;1
202400052457;155 689 476;10;1;1;1;1;0
202400052458;155 689 474;7;3;0;0;16;1
202400052459;155 689 473;37;0;1;0;0;1
202400052460;155 689 471;32;0;0;1;1;1
202400052461;155 689 470;7;0;2;3;1;1
202400052461;155 689 472;7;0;2;3;13;1
202400052462;155 689 467;32;0;2;1;15;1
202400052462;155 689 469;34;0;2;1;1;1
202400052463;155 689 466;7;0;2;8;2;1
202400052463;155 689 468;17;0;2;7;12;1
202400052464;155 689 459;10;0;2;2;1;1
202400052464;155 689 461;17;0;0;4;11;1
202400052465;155 689 460;7;0;2;1;0;1
202400052465;155 689 462;60;0;2;0;0;5
202400052466;155 689 464;7;0;2;3;13;1
202400052466;155 689 465;7;0;2;5;1;3
202400052467;155 689 458;1;0;9;8;5;5
202400052467;155 689 463;7;0;0;1;9;1
202400052468;155 689 453;7;0;2;1;1;1
202400052468;155 689 457;7;0;2;4;1;1
202400052469;155 689 449;7;3;0;2;1;1
202400052470;155 689 448;7;0;2;4;15;1
202400052470;155 689 452;7;0;2;3;2;1
202400052470;155 689 454;7;0;2;0;1;1
202400052470;155 689 456;7;0;2;3;0;1
202400052471;155 689 450;7;0;2;1;1;1
202400052471;155 689 455;7;0;2;1;15;1
202400052472;155 689 446;7;4;0;1;1;1
202400052473;155 689 445;7;0;2;1;2;1
202400052473;155 689 447;2;0;0;4;23;1
202400052473;155 689 451;7;0;0;4;23;1
202400052474;155 689 442;40;0;1;1;1;3
202400052475;155 689 440;7;0;2;8;9;1
202400052475;155 689 443;7;0;2;1;19;1
202400052476;155 689 439;10;5;0;4;23;1
202400052476;155 689 441;7;0;2;1;1;1
202400052476;155 689 444;7;0;2;2;1;1
202400052477;155 689 438;7;0;1;1;19;1
202400052478;155 689 433;1;1;2;1;1;5
202400052479;155 689 432;7;0;2;4;2;1
202400052479;155 689 435;7;0;2;1;2;1
202400052480;155 689 434;7;0;2;5;15;1
202400052480;155 689 436;34;0;2;1;1;1
202400052481;155 689 431;7;0;2;1;1;1
202400052481;155 689 437;50;0;2;7;19;3
202400052482;155 689 430;7;16;0;2;0;1
202400052483;155 689 429;33;4;2;3;6;1
202400052484;155 689 426;7;0;2;3;16;1
202400052484;155 689 427;7;0;2;1;1;1
202400052485;155 689 425;7;0;2;3;15;1
202400052485;155 689 428;50;0;2;2;1;3
202400052486;155 689 423;7;9;1;2;25;1
202400052487;155 689 422;7;6;0;1;6;1
202400052488;155 689 421;1;0;2;3;1;5
202400052488;155 689 424;7;0;2;3;0;1
202400052489;155 689 420;7;13;0;1;2;1
202400052490;155 689 415;7;0;2;7;5;1
202400052490;155 689 418;1;0;2;7;1;5
202400052491;155 689 416;33;13;0;7;1;1
202400052492;155 689 417;33;0;2;1;1;1
202400052492;155 689 419;7;0;2;8;15;1
202400052493;155 689 409;1;0;0;8;1;5
202400052494;155 689 408;33;0;2;8;1;1
202400052494;155 689 410;15;0;2;6;1;1
202400052494;155 689 413;13;0;2;1;1;1
202400052495;155 689 406;7;9;2;1;13;1
202400052495;155 689 412;2;0;2;1;2;1
202400052495;155 689 414;7;0;2;8;2;1
202400052496;155 689 407;7;0;2;2;24;1
202400052496;155 689 411;1;1;0;2;1;5
202400052497;155 689 403;33;0;2;7;1;1
202400052497;155 689 405;50;0;2;1;19;3
202400052498;155 689 402;7;3;0;5;1;1
202400052499;155 689 397;7;0;2;4;1;1
202400052499;155 689 400;7;0;2;1;2;1
202400052500;155 689 398;1;0;2;2;1;5
202400052500;155 689 399;30;0;2;3;15;3
202400052501;155 689 396;7;2;0;3;13;1
202400052502;155 689 395;7;1;1;2;1;1
202400052503;155 689 394;33;0;1;1;1;1
202400052504;155 689 390;7;2;0;2;14;3
202400052505;155 689 389;7;0;2;3;23;1
202400052505;155 689 391;10;0;2;1;1;1
202400052506;155 689 387;7;0;2;2;1;1
202400052506;155 689 392;80;0;2;2;1;3
202400052507;155 689 388;34;0;0;7;17;1
202400052507;155 689 393;10;0;0;3;15;1
202400052508;155 689 386;7;0;1;1;2;1
202400052509;155 689 380;33;0;2;1;1;1
202400052509;155 689 383;7;0;2;2;15;1
202400052510;155 689 382;30;0;0;1;1;1
202400052510;155 689 385;10;0;0;1;15;1
202400052511;155 689 379;7;0;2;3;1;1
202400052511;155 689 381;7;0;2;8;15;1
202400052512;155 689 378;31;0;0;0;26;1
202400052513;155 689 377;30;12;0;1;1;1
202400052514;155 689 376;10;0;2;1;1;1
202400052514;155 689 384;7;0;2;4;1;1
202400052515;155 689 375;7;0;1;0;10;2
202400052516;155 689 373;7;2;0;1;1;1
202400052517;155 689 371;7;0;2;1;15;1
202400052517;155 689 374;31;0;2;1;1;1
202400052518;155 689 370;7;0;2;2;15;1
202400052518;155 689 372;7;0;2;3;1;1
202400052519;155 689 369;7;13;0;2;1;1
202400052520;155 689 368;50;0;0;1;1;3
202400052521;155 689 365;7;0;2;2;9;1
202400052521;155 689 367;80;0;2;1;1;3
202400052522;155 689 364;7;0;2;1;1;1
202400052522;155 689 366;7;0;2;2;15;1
202400052523;155 689 361;37;0;1;4;4;1
202400052524;155 689 363;80;12;0;3;6;3
202400052525;155 689 362;43;12;1;8;16;1
202400052526;155 689 357;34;0;2;1;1;1
202400052526;155 689 359;50;0;2;7;19;3
202400052527;155 689 356;7;0;1;1;1;0
202400052528;155 689 358;80;0;2;3;1;3
202400052528;155 689 360;10;0;2;5;1;1
202400052529;155 689 354;7;0;1;3;15;1
202400052530;155 689 350;2;0;2;8;19;1
202400052530;155 689 355;7;0;2;3;1;1
202400052531;155 689 351;14;0;2;8;13;1
202400052531;155 689 353;7;0;2;7;1;2
202400052532;155 689 349;7;0;1;1;1;1
202400052533;155 689 345;50;0;2;1;0;3
202400052533;155 689 348;10;0;2;3;1;0
202400052534;155 689 346;1;0;2;3;19;5
202400052534;155 689 352;7;0;2;2;1;2
202400052535;155 689 343;7;0;1;2;1;1
202400052536;155 689 344;33;0;6;1;1;1
202400052537;155 689 342;7;0;2;2;15;1
202400052537;155 689 347;7;0;2;6;26;1
202400052538;155 689 341;7;0;1;1;1;1
202400052539;155 689 338;7;8;0;1;26;1
202400052540;155 689 339;7;2;0;2;14;0
202400052541;155 689 337;7;0;2;2;0;1
202400052541;155 689 340;7;0;2;3;26;1
202400052542;155 689 336;7;2;0;3;13;1
202400052543;155 689 332;10;0;2;3;1;1
202400052543;155 689 334;10;0;2;3;1;1
202400052544;155 689 327;7;3;2;1;12;1
202400052544;155 689 331;7;3;2;4;23;1
202400052545;155 689 326;7;0;2;3;16;1
202400052545;155 689 330;2;0;2;7;16;1
202400052546;155 689 320;7;0;2;1;19;1
202400052546;155 689 323;7;0;2;3;1;1
202400052547;155 689 319;7;0;2;4;0;2
202400052547;155 689 322;7;0;2;1;0;1
202400052547;155 689 324;7;0;2;6;0;1
202400052547;155 689 328;7;6;2;4;1;1
202400052548;155 689 317;30;14;0;3;1;1
202400052549;155 689 318;7;0;2;1;9;1
202400052549;155 689 321;7;0;2;3;1;1
202400052550;155 689 316;7;0;2;4;15;1
202400052550;155 689 329;7;0;2;4;1;1
202400052550;155 689 333;7;0;2;3;13;1
202400052550;155 689 335;7;0;2;3;1;1
202400052551;155 689 315;50;0;2;1;1;3
202400052551;155 689 325;7;0;2;7;1;1
202400052552;155 689 314;7;0;1;3;15;1
202400052553;155 689 312;7;2;0;0;13;1
202400052554;155 689 307;7;0;2;1;1;1
202400052554;155 689 309;7;0;2;1;1;1
202400052555;155 689 308;7;0;2;1;20;1
202400052555;155 689 313;33;0;2;1;1;1
202400052556;155 689 306;7;0;2;7;0;1
202400052556;155 689 310;33;0;2;8;0;1
202400052557;155 689 304;7;0;2;3;15;1
202400052557;155 689 311;2;0;2;2;17;1
202400052558;155 689 302;7;0;2;3;1;1
202400052558;155 689 305;7;0;2;2;1;1
202400052559;155 689 303;21;0;1;1;15;1
202400052560;155 689 296;1;0;2;7;1;5
202400052560;155 689 300;7;0;9;1;16;1
202400052561;155 689 298;7;0;2;4;1;0
202400052561;155 689 301;7;0;2;1;1;1
202400052562;155 689 295;7;0;1;4;20;1
202400052563;155 689 297;2;0;2;8;19;1
202400052563;155 689 299;7;0;2;1;26;1
202400052564;155 689 290;50;0;1;1;1;3
202400052565;155 689 289;7;0;2;3;13;1
202400052565;155 689 291;7;0;2;3;1;1
202400052565;155 689 293;7;8;2;3;1;1
202400052566;155 689 288;7;14;0;1;0;1
202400052567;155 689 294;3;0;1;1;16;1
202400052568;155 689 292;7;0;0;2;14;2
202400052569;155 689 286;7;0;2;1;1;1
202400052569;155 689 287;7;0;2;1;1;1
202400052570;155 689 284;7;0;1;1;0;1
202400052571;155 689 285;37;0;0;0;26;2
202400052572;155 689 283;10;8;0;1;5;1
202400052573;155 689 277;7;0;1;1;1;1
202400052574;155 689 278;7;0;2;1;2;1
202400052574;155 689 281;7;0;0;4;2;1
202400052575;155 689 280;37;0;2;6;1;1
202400052575;155 689 282;50;0;2;2;1;3
202400052576;155 689 275;7;0;0;8;5;1
202400052576;155 689 279;33;0;0;6;17;1
202400052577;155 689 274;7;8;0;1;14;1
202400052578;155 689 269;33;8;0;0;1;1
202400052579;155 689 266;7;0;2;2;15;1
202400052579;155 689 270;0;0;2;1;0;1
202400052580;155 689 272;7;0;2;1;11;1
202400052580;155 689 276;7;0;2;1;1;1
202400052581;155 689 267;7;0;2;1;1;1
202400052581;155 689 273;7;0;2;3;16;1
202400052582;155 689 268;7;0;2;3;0;1
202400052582;155 689 271;31;0;2;1;26;1
202400052583;155 689 264;33;13;6;4;1;1
202400052584;155 689 262;7;0;2;3;13;1
202400052584;155 689 265;33;0;2;8;1;1
202400052585;155 689 257;33;0;2;1;1;1
202400052585;155 689 260;7;0;2;1;15;1
202400052586;155 689 259;7;0;2;8;15;1
202400052586;155 689 263;33;0;2;1;5;1
202400052587;155 689 254;7;0;2;3;1;1
202400052587;155 689 258;7;0;2;3;1;0
202400052588;155 689 253;7;0;0;1;0;1
202400052589;155 689 256;32;0;2;1;17;1
202400052589;155 689 261;7;0;2;6;15;1
202400052590;155 689 252;7;0;9;1;0;1
202400052590;155 689 255;1;0;2;1;26;5
202400052591;155 689 247;7;0;1;2;1;3
202400052592;155 689 248;7;13;0;1;21;1
202400052593;155 689 246;14;0;2;2;16;0
202400052593;155 689 251;33;8;0;2;18;1
202400052594;155 689 245;7;0;2;8;17;1
202400052594;155 689 249;7;13;2;7;0;1
202400052595;155 689 243;7;0;1;2;15;1
202400052596;155 689 242;2;0;2;9;1;1
202400052596;155 689 250;7;0;2;8;1;1
202400052597;155 689 241;1;0;9;1;0;5
202400052597;155 689 244;1;0;9;1;0;5
202400052598;155 689 239;32;0;1;1;18;1
202400052599;155 689 240;7;6;0;1;15;2
202400052600;155 689 238;7;0;0;1;1;1
202400052601;155 689 236;7;0;1;1;1;1
202400052602;155 689 234;10;0;2;3;15;0
202400052602;155 689 237;13;0;2;1;1;0
202400052603;155 689 233;33;8;0;2;26;3
202400052604;155 689 229;10;0;1;3;1;1
202400052605;155 689 225;1;0;2;7;1;5
202400052605;155 689 232;7;0;2;3;1;1
202400052606;155 689 219;1;0;1;2;1;5
202400052607;155 689 218;7;2;0;3;13;1
202400052608;155 689 220;37;0;0;7;1;2
202400052609;155 689 223;33;0;2;1;1;1
202400052609;155 689 230;7;0;2;3;9;1
202400052610;155 689 215;7;0;2;2;19;1
202400052610;155 689 221;50;0;2;1;1;3
202400052611;155 689 217;7;0;2;1;2;1
202400052611;155 689 228;7;0;0;8;10;1
202400052612;155 689 212;7;0;2;3;1;1
202400052612;155 689 214;2;0;0;8;15;1
202400052613;155 689 209;17;4;0;8;16;1
202400052614;155 689 208;1;0;2;1;0;5
202400052614;155 689 213;37;0;2;7;1;1
202400052615;155 689 206;7;8;0;8;1;1
202400052616;155 689 205;7;0;2;3;1;2
202400052616;155 689 211;50;0;2;1;1;3
202400052617;155 689 202;1;1;0;1;1;5
202400052617;155 689 207;10;0;2;8;24;1
202400052618;155 689 201;7;2;0;7;1;1
202400052619;155 689 199;7;0;1;2;16;1
202400052620;155 689 198;7;0;2;1;0;1
202400052620;155 689 203;7;0;2;1;2;1
202400052620;155 689 210;7;0;2;4;2;1
202400052620;155 689 216;7;0;2;1;0;1
202400052620;155 689 222;7;0;2;4;2;1
202400052620;155 689 224;7;0;2;3;2;1
202400052620;155 689 227;7;0;2;2;12;1
202400052620;155 689 231;7;0;2;4;2;1
202400052620;155 689 235;7;0;2;4;2;1
202400052621;155 689 197;10;0;1;2;1;1
202400052622;155 689 200;7;0;2;3;1;1
202400052622;155 689 204;2;0;2;1;13;1
202400052623;155 689 196;33;4;0;2;17;1
202400052624;155 689 194;32;0;0;9;1;1