Num_Acc;id_vehicule;catv;obs;obsm;choc;manv;motor
202400052625;155 689 191;33;1;0;1;2;1
202400052625;155 689 195;10;0;2;0;10;1
202400052626;155 689 190;10;0;1;1;15;1
202400052627;155 689 189;32;0;2;1;2;1
202400052627;155 689 193;7;0;2;4;0;1
202400052628;155 689 185;30;0;1;8;1;1
202400052629;155 689 184;33;0;2;1;1;1
202400052629;155 689 187;7;0;2;2;15;1
202400052630;155 689 186;1;0;2;1;1;5
202400052630;155 689 192;14;0;9;5;16;1
202400052631;155 689 176;7;1;0;1;1;1
202400052632;155 689 180;7;0;2;3;15;1
202400052632;155 689 183;33;0;2;1;1;1
202400052632;155 689 188;34;0;2;1;1;1
202400052633;155 689 178;7;0;1;1;2;0
202400052634;155 689 179;31;0;2;1;1;1
202400052634;155 689 182;7;0;2;2;15;1
202400052635;155 689 175;7;0;2;4;1;1
202400052635;155 689 181;10;0;2;1;1;3
202400052636;155 689 174;3;3;0;8;13;1
202400052637;155 689 170;7;0;2;1;15;1
202400052637;155 689 177;7;0;2;1;1;1
202400052638;155 689 169;1;0;0;0;1;5
202400052639;155 689 167;7;0;2;6;15;1
202400052639;155 689 173;33;0;2;1;1;1
202400052640;155 689 165;34;0;2;1;1;1
202400052640;155 689 171;7;0;2;8;23;1
202400052641;155 689 168;10;0;2;1;1;1
202400052641;155 689 172;10;0;0;4;1;1
202400052642;155 689 166;7;0;0;1;12;1
202400052643;155 689 164;7;2;0;1;17;1
202400052644;155 689 158;7;6;0;1;1;1
202400052645;155 689 161;30;1;0;3;7;1
202400052645;155 689 163;7;0;2;4;23;2
202400052646;155 689 160;7;0;2;2;1;1
202400052646;155 689 162;7;0;2;3;1;1
202400052647;155 689 155;7;0;2;1;11;1
202400052647;155 689 157;7;0;2;3;1;1
202400052648;155 689 152;10;9;1;0;15;0
202400052649;155 689 153;7;0;1;3;15;2
202400052650;155 689 151;21;0;0;6;1;1
202400052651;155 689 147;2;0;0;0;1;1
202400052652;155 689 144;17;0;2;1;1;1
202400052652;155 689 150;7;16;2;1;13;1
202400052652;155 689 156;38;0;2;8;1;1
202400052653;155 689 149;7;0;2;1;1;1
202400052653;155 689 154;7;0;2;1;1;1
202400052653;155 689 159;7;0;2;4;11;1
202400052654;155 689 141;7;0;1;1;9;1
202400052655;155 689 143;33;0;2;2;1;1
202400052655;155 689 148;7;0;2;3;15;1
202400052656;155 689 140;7;0;1;1;1;3
202400052657;155 689 136;10;2;0;7;1;1
202400052658;155 689 134;17;0;0;4;2;1
202400052658;155 689 139;10;0;2;1;2;1
202400052659;155 689 130;7;0;1;1;1;1
202400052660;155 689 127;50;0;0;1;1;3
202400052661;155 689 128;7;0;1;7;1;1
202400052662;155 689 126;7;8;0;3;1;1
202400052663;155 689 135;7;0;1;2;1;1
202400052664;155 689 129;7;0;2;3;15;0
202400052664;155 689 132;7;0;0;0;0;0
202400052665;155 689 119;7;1;0;1;14;2
202400052666;155 689 122;2;0;2;1;26;3
202400052666;155 689 131;31;0;2;2;1;1
202400052667;155 689 120;33;4;0;7;14;1
202400052668;155 689 118;33;0;2;8;13;1
202400052668;155 689 123;7;0;2;6;1;1
202400052669;155 689 121;31;0;2;4;1;1
202400052669;155 689 125;7;0;2;1;15;1
202400052670;155 689 116;80;6;0;9;26;3
202400052671;155 689 113;7;0;2;1;13;1
202400052671;155 689 114;2;0;2;1;1;1
202400052672;155 689 124;37;0;2;2;1;1
202400052672;155 689 133;10;0;2;3;10;1
202400052673;155 689 117;7;7;0;1;0;1
202400052674;155 689 115;7;10;0;2;1;2
202400052675;155 689 112;7;3;0;2;1;1
202400052676;155 689 109;7;13;0;8;13;1
202400052677;155 689 108;1;12;0;0;21;5
202400052678;155 689 106;7;0;1;0;2;0
202400052679;155 689 107;7;2;0;1;0;1
202400052680;155 689 103;1;0;2;2;1;5
202400052680;155 689 111;7;0;2;3;9;1
202400052681;155 689 105;7;9;1;2;14;1
202400052682;155 689 102;7;6;0;3;1;1
202400052683;155 689 098;33;0;0;7;1;1
202400052684;155 689 100;33;0;6;2;1;1
202400052685;155 689 097;7;0;2;2;15;1
202400052685;155 689 110;33;0;2;1;1;1
202400052686;155 689 096;7;0;1;4;20;6
202400052687;155 689 094;1;0;2;1;19;5
202400052687;155 689 099;7;8;2;3;15;1
202400052688;155 689 095;7;0;2;1;2;1
202400052688;155 689 101;7;0;2;4;2;1
202400052688;155 689 104;10;0;2;4;1;1
202400052689;155 689 090;7;10;0;1;1;1
202400052690;155 689 089;7;0;2;3;0;0
202400052690;155 689 091;7;0;2;3;0;0
202400052691;155 689 088;7;0;2;1;2;1
202400052691;155 689 092;7;0;0;4;1;1
202400052692;155 689 087;7;0;1;2;0;1
202400052693;155 689 085;30;0;0;1;0;1
202400052694;155 689 080;7;0;2;3;9;1
202400052694;155 689 084;2;0;2;1;1;1
202400052695;155 689 082;30;0;2;8;2;1
202400052695;155 689 093;10;0;2;1;15;1
202400052696;155 689 079;2;0;2;1;1;1
202400052696;155 689 086;7;0;2;1;1;2
202400052697;155 689 076;7;0;9;2;16;1
202400052697;155 689 083;50;0;2;2;0;3
202400052698;155 689 070;10;0;1;0;0;0
202400052699;155 689 065;7;0;2;2;12;1
202400052699;155 689 073;7;0;2;3;1;1
202400052700;155 689 071;7;13;0;7;1;1
202400052701;155 689 067;3;0;2;4;2;1
202400052701;155 689 074;10;0;2;1;2;1
202400052702;155 689 066;7;0;1;2;1;1
202400052703;155 689 064;7;0;0;4;2;1
202400052703;155 689 077;10;0;2;1;2;1
202400052704;155 689 062;7;0;2;1;15;1
202400052704;155 689 068;7;0;2;1;1;1
202400052705;155 689 055;7;0;2;3;1;1
202400052705;155 689 060;7;0;2;1;15;1
202400052706;155 689 054;10;0;2;3;23;1
202400052706;155 689 072;36;0;2;1;1;1
202400052707;155 689 053;7;0;2;4;2;1
202400052707;155 689 058;7;0;2;1;2;1
202400052707;155 689 063;7;0;2;1;2;1
202400052707;155 689 069;7;0;2;4;1;3
202400052707;155 689 075;7;0;2;1;2;3
202400052707;155 689 078;7;0;2;4;1;2
202400052707;155 689 081;7;0;2;1;2;2
202400052708;155 689 052;7;0;2;3;11;2
202400052708;155 689 059;30;0;2;8;17;1
202400052709;155 689 057;43;0;2;1;3;1
202400052709;155 689 061;7;0;2;5;14;1
202400052710;155 689 051;33;2;0;3;26;1
202400052711;155 689 049;10;0;1;0;1;1
202400052712;155 689 048;30;0;2;1;1;1
202400052712;155 689 056;7;0;2;6;9;1
202400052713;155 689 047;10;0;2;3;2;0
202400052713;155 689 050;43;0;2;7;1;1
202400052714;155 689 045;32;8;0;1;1;1
202400052715;155 689 046;7;0;1;3;1;1
202400052716;155 689 040;7;0;1;8;19;0
202400052717;155 689 039;7;13;0;1;13;1
202400052718;155 689 038;7;0;2;2;2;1
202400052718;155 689 044;7;0;2;4;1;1
202400052719;155 689 037;30;1;0;1;1;1
202400052719;155 689 043;7;0;2;4;23;1
202400052720;155 689 033;7;0;1;1;17;3
202400052721;155 689 032;33;0;0;0;13;1
202400052722;155 689 036;31;0;2;3;1;1
202400052722;155 689 041;7;0;2;2;12;1
202400052723;155 689 029;30;10;0;1;15;3
202400052723;155 689 031;7;10;0;3;1;1
202400052724;155 689 027;33;8;0;2;1;1
202400052725;155 689 026;7;3;0;1;0;1
202400052726;155 689 034;7;0;2;1;1;1
202400052726;155 689 042;7;3;2;9;15;1
202400052727;155 689 024;99;0;2;7;1;0
202400052727;155 689 030;7;0;2;1;1;1
202400052728;155 689 022;7;7;0;1;1;1
202400052729;155 689 012;33;0;2;3;13;1
202400052729;155 689 019;7;0;9;3;1;1
202400052730;155 689 015;7;0;2;2;1;1
202400052730;155 689 020;1;0;2;3;19;5
202400052731;155 689 016;2;0;2;1;1;1
202400052731;155 689 021;7;0;2;3;13;1
202400052732;155 689 014;32;0;2;1;2;1
202400052732;155 689 023;7;0;0;5;2;1
202400052733;155 689 010;7;0;2;6;1;1
202400052733;155 689 017;10;0;2;2;14;1
202400052734;155 689 009;7;0;2;3;15;1
202400052734;155 689 011;7;0;2;3;1;1
202400052735;155 689 018;10;0;2;1;19;1
202400052735;155 689 025;10;0;2;8;1;1
202400052736;155 689 003;10;0;2;3;13;1
202400052736;155 689 007;10;0;2;3;1;1
202400052737;155 689 006;31;0;2;2;3;1
202400052737;155 689 013;7;0;2;6;1;1
202400052738;155 689 000;33;0;2;1;17;1
202400052738;155 689 005;10;0;2;3;15;1
202400052739;155 689 001;7;0;1;1;1;1
202400052740;155 688 996;7;0;2;4;2;1
202400052740;155 689 004;7;0;2;1;2;1
202400052741;155 688 998;30;0;2;1;26;1
202400052741;155 689 008;7;0;0;0;0;1
202400052742;155 688 992;10;0;2;3;11;1
202400052742;155 688 995;32;0;2;2;2;1
202400052743;155 688 991;7;0;2;6;1;1
202400052743;155 689 002;15;0;2;2;12;1
202400052744;155 688 987;7;0;2;1;1;1
202400052744;155 688 990;10;0;2;1;1;1
202400052745;155 688 988;7;0;2;1;26;1
202400052745;155 688 994;34;0;2;4;1;1
202400052745;155 688 999;33;0;2;1;1;1
202400052746;155 688 985;33;0;0;7;14;1
202400052747;155 688 979;7;0;2;1;0;0
202400052747;155 688 984;43;0;2;1;0;0
202400052748;155 688 983;1;9;2;8;13;5
202400052748;155 688 986;7;0;2;8;14;1
202400052749;155 688 978;7;0;2;2;1;1
202400052749;155 688 993;10;0;2;7;15;1
202400052749;155 688 997;10;0;2;1;23;1
202400052750;155 688 976;7;0;2;8;11;1
202400052750;155 688 982;33;0;2;1;1;1
202400052751;155 688 980;33;0;2;1;17;1
202400052751;155 688 989;21;0;2;6;15;1
202400052752;155 688 973;2;0;0;1;1;1
202400052752;155 688 981;7;0;0;3;1;2
202400052753;155 688 974;7;0;2;1;13;1
202400052753;155 688 977;7;0;2;1;1;1
202400052754;155 688 971;33;0;0;1;20;1
202400052755;155 688 969;50;0;1;1;21;3
202400052756;155 688 967;7;0;2;3;9;1
202400052756;155 688 975;30;0;2;1;1;1
202400052757;155 688 970;7;0;2;7;16;1
202400052757;155 688 972;34;0;2;8;18;1
202400052758;155 688 963;7;5;0;1;1;1
202400052759;155 688 964;33;0;0;1;1;1
202400052760;155 688 961;33;0;2;1;3;1
202400052760;155 688 965;10;0;2;4;12;1
202400052761;155 688 962;50;0;2;8;1;3
202400052761;155 688 968;7;0;2;2;14;2
202400052762;155 688 958;7;2;0;2;14;1
202400052763;155 688 956;7;8;0;2;1;1
202400052764;155 688 960;10;0;1;1;17;1
202400052765;155 688 959;50;12;0;1;14;3
202400052766;155 688 957;7;0;2;5;1;1
202400052766;155 688 966;7;0;2;3;9;1
202400052767;155 688 954;7;2;0;0;13;1
202400052768;155 688 955;40;0;1;1;1;3
202400052769;155 688 950;33;13;0;7;1;1
202400052770;155 688 947;30;0;0;8;1;1
202400052771;155 688 945;7;0;2;1;2;1
202400052771;155 688 952;7;0;2;4;2;1
202400052772;155 688 948;7;1;0;2;14;1
202400052773;155 688 943;7;0;2;3;15;1
202400052773;155 688 949;43;0;2;1;1;1
202400052774;155 688 942;2;0;2;8;19;1
202400052774;155 688 951;7;0;2;2;1;1
202400052775;155 688 940;7;0;2;1;2;1
202400052775;155 688 946;7;0;2;4;2;1
202400052775;155 688 953;7;0;2;4;2;1
202400052776;155 688 941;33;0;2;8;13;1
202400052776;155 688 944;7;0;2;1;1;3
202400052777;155 688 931;32;0;2;1;5;1
202400052777;155 688 937;7;0;2;1;1;1
202400052778;155 688 930;10;0;2;6;17;1
202400052778;155 688 936;33;0;2;1;17;1
202400052779;155 688 934;7;0;2;2;15;1
202400052779;155 688 938;7;0;2;1;1;1
202400052780;155 688 933;37;0;0;1;15;2
202400052780;155 688 939;32;0;0;0;1;1
202400052781;155 688 926;7;0;9;2;16;1
202400052781;155 688 932;1;0;2;1;1;5
202400052782;155 688 924;7;0;2;3;1;1
202400052782;155 688 935;7;0;2;2;12;1
202400052783;155 688 923;1;0;2;3;15;5
202400052783;155 688 929;32;0;2;1;1;1
202400052784;155 688 922;7;0;2;1;13;2
202400052784;155 688 925;15;0;2;8;1;1
202400052785;155 688 921;7;0;2;1;19;1
202400052785;155 688 928;31;0;2;7;1;1
202400052786;155 688 919;7;0;2;7;15;1
202400052786;155 688 927;7;0;2;2;1;1
202400052787;155 688 918;36;6;0;3;26;1
202400052788;155 688 916;50;0;2;8;0;3
202400052788;155 688 920;7;0;2;2;0;1
202400052789;155 688 911;31;0;0;9;1;1
202400052790;155 688 913;30;12;0;2;1;1
202400052791;155 688 912;33;0;2;5;17;1
202400052791;155 688 915;7;0;2;3;15;1
202400052792;155 688 909;10;0;1;3;15;1
202400052793;155 688 908;7;0;2;1;1;1
202400052793;155 688 914;7;0;2;1;13;1
202400052793;155 688 917;7;0;2;3;1;1
202400052794;155 688 910;37;0;1;7;1;2
202400052795;155 688 907;7;0;1;1;1;1
202400052796;155 688 905;7;0;1;1;15;3
202400052797;155 688 902;7;8;0;1;10;1
202400052797;155 688 903;7;9;0;8;1;1
202400052798;155 688 901;7;0;1;1;2;1
202400052799;155 688 898;7;15;1;0;26;1
202400052800;155 688 895;7;0;2;1;15;1
202400052800;155 688 904;2;0;2;1;1;1
202400052801;155 688 897;50;0;1;1;25;3
202400052802;155 688 891;50;0;1;1;1;3
202400052803;155 688 893;31;0;0;8;15;1
202400052803;155 688 899;33;0;0;3;1;1
202400052804;155 688 892;10;0;2;4;2;1
202400052804;155 688 900;7;0;2;1;1;2
202400052805;155 688 890;7;0;2;3;15;2
202400052805;155 688 896;33;0;2;1;1;1
202400052806;155 688 884;80;0;2;8;16;3
202400052806;155 688 888;7;0;2;2;1;1
202400052807;155 688 889;7;0;2;1;16;1
202400052807;155 688 894;1;0;2;1;1;5
202400052808;155 688 882;7;0;2;4;1;1
202400052808;155 688 886;43;0;2;1;1;1
202400052809;155 688 879;50;0;2;7;1;3
202400052809;155 688 887;7;0;2;1;9;1
202400052810;155 688 880;7;0;2;2;15;1
202400052810;155 688 883;33;0;2;1;1;1
202400052811;155 688 878;7;0;0;5;20;1
202400052812;155 688 875;7;0;1;1;1;1
202400052813;155 688 877;7;14;0;1;0;1
202400052813;155 688 885;1;0;2;7;23;5
202400052814;155 688 876;7;0;1;2;1;1
202400052815;155 688 871;32;0;1;1;26;1
202400052816;155 688 869;1;0;2;1;1;5
202400052816;155 688 873;10;0;2;2;1;1
202400052817;155 688 868;1;0;0;0;1;5
202400052818;155 688 874;50;0;2;1;1;3
202400052818;155 688 881;1;0;2;1;17;5
202400052819;155 688 865;10;0;2;3;15;1
202400052819;155 688 870;33;0;2;1;1;1
202400052820;155 688 866;7;0;2;4;2;1
202400052820;155 688 872;7;0;2;1;2;1
202400052821;155 688 864;7;0;2;5;2;1
202400052821;155 688 867;1;0;2;8;2;5
202400052822;155 688 856;7;8;0;1;14;1
202400052823;155 688 855;7;0;2;7;20;1
202400052823;155 688 860;1;0;2;1;1;5
202400052824;155 688 859;80;12;0;1;14;3
202400052825;155 688 857;30;0;2;1;5;1
202400052825;155 688 862;7;0;2;2;20;2
202400052826;155 688 851;10;0;1;1;15;1
202400052827;155 688 849;33;0;2;1;26;1
202400052827;155 688 854;33;0;2;4;1;1
202400052828;155 688 848;33;0;2;1;1;1
202400052828;155 688 858;7;0;2;2;15;1
202400052829;155 688 846;7;0;2;5;1;1
202400052829;155 688 863;37;0;2;2;1;1
202400052830;155 688 843;7;0;0;9;1;1
202400052831;155 688 844;7;0;2;4;1;1
202400052831;155 688 847;7;0;2;4;2;2
202400052831;155 688 853;10;0;2;1;2;1
202400052831;155 688 861;7;0;2;4;2;1
202400052832;155 688 839;33;0;1;1;7;1
202400052833;155 688 840;7;0;2;3;1;1
202400052833;155 688 850;7;0;0;1;15;1
202400052833;155 688 852;7;0;0;6;1;1
202400052834;155 688 836;7;0;2;1;1;1
202400052834;155 688 845;7;0;2;7;1;1
202400052835;155 688 835;7;0;1;1;1;2
202400052836;155 688 838;7;0;1;2;15;1
202400052837;155 688 832;7;0;2;2;1;1
202400052837;155 688 841;1;0;2;1;15;5
202400052838;155 688 837;10;0;2;6;20;1
202400052838;155 688 842;33;0;2;0;17;1
202400052839;155 688 829;10;0;2;1;1;1
202400052839;155 688 833;7;0;2;5;1;2
202400052840;155 688 830;7;9;2;2;26;1
202400052840;155 688 834;7;9;2;8;2;1
202400052841;155 688 827;7;8;2;1;0;1
202400052842;155 688 828;21;0;2;2;1;1
202400052842;155 688 831;33;0;2;6;23;1
202400052843;155 688 826;7;2;0;1;1;1
202400052844;155 688 825;7;0;1;2;1;1
202400052845;155 688 819;7;0;2;6;1;1
202400052845;155 688 824;32;0;2;5;18;1
202400052846;155 688 815;7;0;2;6;1;1
202400052846;155 688 822;15;0;2;1;12;0
202400052847;155 688 821;7;0;1;1;1;1
202400052848;155 688 814;7;0;1;1;26;1
202400052849;155 688 813;7;8;0;9;1;1
202400052850;155 688 811;7;0;2;1;1;1
202400052850;155 688 817;7;0;2;4;23;1
202400052850;155 688 823;7;0;2;4;23;1
202400052851;155 688 808;7;0;2;3;19;1
202400052851;155 688 816;1;0;2;1;1;5
202400052852;155 688 812;7;0;2;1;15;1
202400052852;155 688 818;32;0;2;8;7;3
202400052853;155 688 807;7;0;2;3;1;1
202400052853;155 688 809;1;0;2;1;14;5
202400052854;155 688 804;7;0;1;2;1;1
202400052855;155 688 801;15;0;2;2;12;1
202400052855;155 688 806;7;0;2;6;0;1
202400052856;155 688 803;10;1;0;1;20;1
202400052857;155 688 800;10;5;0;2;1;1
202400052858;155 688 802;33;0;0;8;2;1
202400052859;155 688 796;7;8;2;1;1;1
202400052859;155 688 799;7;0;2;1;1;1
202400052860;155 688 793;10;0;2;2;5;1
202400052860;155 688 798;3;0;2;1;1;1
202400052861;155 688 791;7;0;2;1;1;1
202400052861;155 688 795;7;0;2;1;11;1
202400052862;155 688 788;7;0;1;3;15;0
202400052863;155 688 790;7;3;0;8;26;1
202400052864;155 688 794;34;0;2;1;17;1
202400052864;155 688 805;7;0;2;8;15;1
202400052865;155 688 792;7;0;2;6;16;1
202400052865;155 688 797;7;0;2;1;2;2
202400052866;155 688 787;7;4;0;3;0;1
202400052867;155 688 786;7;16;0;1;1;1
202400052868;155 688 782;7;0;2;0;1;2
202400052868;155 688 789;7;0;2;0;0;1
202400052869;155 688 778;7;8;0;8;4;1
202400052870;155 688 775;33;0;2;1;2;1
202400052870;155 688 781;7;1;0;4;1;1
202400052871;155 688 776;33;0;2;2;17;1
202400052871;155 688 784;7;0;2;3;10;1
202400052872;155 688 774;7;2;0;1;0;1
202400052873;155 688 771;33;0;2;1;2;1
202400052873;155 688 779;7;0;2;4;2;1
202400052874;155 688 769;33;7;0;2;1;1
202400052875;155 688 770;13;0;2;2;12;1
202400052875;155 688 777;7;0;2;3;1;1
202400052876;155 688 768;7;0;2;4;2;1
202400052876;155 688 772;7;0;2;1;2;1
202400052876;155 688 780;7;0;2;4;2;1
202400052876;155 688 785;7;0;2;4;2;1
202400052877;155 688 764;7;2;0;9;1;1
202400052878;155 688 765;30;0;1;1;0;3
202400052879;155 688 762;33;0;2;2;3;1
202400052879;155 688 766;7;0;2;3;11;1
202400052880;155 688 759;7;0;1;2;1;2
202400052881;155 688 761;7;0;1;3;1;1
202400052882;155 688 757;31;0;2;1;1;1
202400052882;155 688 763;7;0;2;4;1;1
202400052883;155 688 755;7;0;2;7;12;1
202400052883;155 688 760;33;0;2;8;2;1
202400052884;155 688 753;7;3;0;3;1;1
202400052884;155 688 758;7;0;2;2;2;1
202400052885;155 688 754;7;0;1;0;0;0
202400052886;155 688 752;7;0;1;0;14;1
202400052887;155 688 751;7;9;0;1;1;1
202400052888;155 688 748;7;0;2;3;9;1
202400052888;155 688 756;7;0;2;2;0;1
202400052889;155 688 747;7;3;0;1;0;1
202400052890;155 688 744;37;0;2;6;24;0
202400052890;155 688 750;10;0;2;2;1;1
202400052891;155 688 743;7;0;1;3;17;1
202400052892;155 688 742;7;0;2;4;4;1
202400052892;155 688 746;7;0;2;1;1;0
202400052893;155 688 741;30;0;2;2;3;1
202400052893;155 688 745;7;0;2;6;1;1
202400052894;155 688 740;7;0;2;1;13;1
202400052894;155 688 749;10;8;2;1;1;1
202400052895;155 688 735;10;3;2;1;0;1
202400052895;155 688 738;7;3;2;1;0;1
202400052896;155 688 736;7;0;1;1;1;2
202400052897;155 688 734;2;0;2;1;0;1
202400052897;155 688 739;10;0;2;2;0;1
202400052898;155 688 732;7;0;2;4;2;1
202400052898;155 688 737;7;0;2;1;2;1
202400052899;155 688 728;7;12;0;9;1;1
202400052900;155 688 731;14;0;1;4;26;1
202400052901;155 688 729;33;16;0;1;14;1
202400052902;155 688 726;7;0;2;7;12;2
202400052902;155 688 730;30;0;2;3;3;3
202400052903;155 688 725;7;0;2;2;15;1
202400052903;155 688 727;37;0;2;2;1;6
202400052904;155 688 723;7;0;2;3;19;1
202400052904;155 688 733;7;0;2;0;0;2
202400052905;155 688 721;7;0;2;3;19;1
202400052905;155 688 724;2;0;2;1;1;1
202400052906;155 688 718;7;0;2;6;11;1
202400052906;155 688 722;43;0;2;1;2;1
202400052907;155 688 716;7;9;0;3;15;0
202400052908;155 688 720;7;0;1;3;15;1
202400052909;155 688 715;7;0;2;3;15;3
202400052909;155 688 719;2;0;2;1;1;1
202400052910;155 688 713;1;0;2;4;2;5
202400052910;155 688 717;7;0;2;1;2;1
202400052911;155 688 712;30;0;0;7;1;1
202400052912;155 688 709;7;0;2;1;1;1
202400052912;155 688 714;7;0;2;7;1;1
202400052913;155 688 711;7;0;1;1;1;2
202400052914;155 688 706;7;0;2;3;0;1
202400052914;155 688 707;7;0;2;0;0;1
202400052915;155 688 702;32;0;0;1;0;1
202400052915;155 688 710;7;0;0;3;0;1
202400052916;155 688 700;7;0;2;1;2;1
202400052916;155 688 708;7;0;2;4;2;1
202400052917;155 688 698;7;0;2;8;17;1
202400052917;155 688 703;7;0;2;1;1;1
202400052918;155 688 696;1;0;2;7;1;5
202400052918;155 688 704;10;0;2;1;9;3
202400052919;155 688 694;7;0;2;2;15;1
202400052919;155 688 705;50;0;2;1;1;3
202400052920;155 688 692;7;0;2;1;1;1
202400052920;155 688 701;2;0;2;3;9;1
202400052921;155 688 688;7;4;0;2;0;1
202400052922;155 688 691;7;0;2;2;1;3
202400052922;155 688 695;1;0;2;3;3;5
202400052923;155 688 687;7;0;2;7;14;1
202400052923;155 688 693;7;0;2;1;2;1
202400052923;155 688 699;10;0;2;6;1;1
202400052924;155 688 685;1;0;0;0;0;5
202400052925;155 688 684;32;0;2;1;3;1
202400052925;155 688 686;7;0;2;5;12;1
202400052926;155 688 681;7;0;2;4;23;1
202400052926;155 688 689;7;14;2;1;2;1
202400052927;155 688 682;7;13;0;1;0;1
202400052928;155 688 679;7;3;0;1;6;1
202400052929;155 688 678;7;0;2;2;15;1
202400052929;155 688 683;2;0;2;1;1;1
202400052930;155 688 675;33;4;0;1;13;1
202400052931;155 688 673;7;3;0;1;1;1
202400052932;155 688 671;7;0;2;3;5;1
202400052932;155 688 676;2;0;2;3;1;1
202400052933;155 688 672;7;0;2;1;17;1
202400052933;155 688 677;7;0;2;1;1;1
202400052934;155 688 674;50;1;0;7;1;3
202400052934;155 688 680;7;0;2;0;22;1
202400052935;155 688 669;2;0;0;9;16;1
202400052936;155 688 668;2;14;0;1;1;1
202400052937;155 688 666;33;0;1;1;1;1
202400052938;155 688 664;7;0;2;1;1;1
202400052938;155 688 667;7;0;2;7;15;2
202400052939;155 688 665;1;0;0;1;0;5
202400052939;155 688 670;37;0;2;1;16;3
202400052940;155 688 663;2;0;0;0;0;1
202400052941;155 688 658;7;16;0;1;1;1
202400052942;155 688 656;7;0;2;8;11;1
202400052942;155 688 661;34;0;2;1;3;1
202400052943;155 688 652;13;0;0;6;15;0
202400052944;155 688 654;7;0;2;1;2;1
202400052944;155 688 657;7;0;2;4;2;1
202400052944;155 688 662;10;0;2;4;1;1
202400052945;155 688 653;7;0;1;3;15;1
202400052946;155 688 655;33;0;2;1;15;1
202400052946;155 688 660;7;0;2;7;1;1
202400052947;155 688 650;7;0;1;2;1;1
202400052948;155 688 649;33;0;1;1;1;1
202400052949;155 688 645;10;10;2;3;17;1
202400052949;155 688 648;10;3;2;3;15;1
202400052950;155 688 647;10;0;2;3;11;1
202400052950;155 688 651;33;0;2;7;2;1
202400052951;155 688 644;7;6;0;1;21;1
202400052952;155 688 642;7;0;9;5;2;1
202400052952;155 688 646;1;0;2;1;0;5
202400052953;155 688 641;10;0;1;2;1;1
202400052954;155 688 639;32;0;2;8;0;1
202400052954;155 688 643;7;1;0;1;13;1
202400052955;155 688 638;7;0;1;0;0;0
202400052956;155 688 637;2;1;0;1;1;1
202400052957;155 688 636;7;0;1;3;1;1
202400052958;155 688 634;7;0;2;3;20;1
202400052958;155 688 640;50;0;2;1;2;3
202400052959;155 688 633;33;13;0;1;12;1
202400052960;155 688 630;7;8;0;1;15;1
202400052961;155 688 629;7;0;1;1;1;1
202400052962;155 688 628;33;0;0;8;15;1
202400052962;155 688 631;7;0;0;1;1;1
202400052963;155 688 627;7;0;2;6;1;1
202400052963;155 688 632;2;0;2;1;1;1
202400052964;155 688 622;7;0;2;1;1;1
202400052964;155 688 635;7;3;2;4;1;1
202400052965;155 688 619;7;0;2;2;1;1
202400052965;155 688 623;7;0;2;2;17;1
202400052966;155 688 620;7;0;2;2;1;1
202400052966;155 688 625;7;0;2;1;1;1
202400052967;155 688 618;10;0;2;2;1;1
202400052967;155 688 626;7;13;2;5;19;1
202400052968;155 688 614;7;2;0;7;1;1
202400052969;155 688 613;7;0;2;3;15;1
202400052969;155 688 624;7;0;2;7;1;0
202400052970;155 688 609;30;0;2;1;1;1
202400052970;155 688 615;7;0;2;6;26;1
202400052971;155 688 607;10;0;2;7;12;1
202400052971;155 688 611;10;0;2;4;2;1
202400052971;155 688 616;33;0;2;1;2;1
202400052971;155 688 621;7;0;2;8;1;1
202400052972;155 688 606;7;0;9;2;1;1
202400052972;155 688 617;1;0;2;8;1;5
202400052973;155 688 605;7;0;2;1;15;2
202400052973;155 688 610;1;0;2;1;1;5
202400052974;155 688 603;2;0;2;1;13;1
202400052974;155 688 612;7;0;2;3;1;1
202400052975;155 688 600;7;0;1;2;1;1
202400052976;155 688 599;7;0;1;3;2;1
202400052977;155 688 601;1;0;0;0;1;5
202400052978;155 688 597;7;0;2;4;1;1
202400052978;155 688 602;7;0;2;4;10;1
202400052978;155 688 608;7;0;2;1;1;1
202400052979;155 688 595;7;0;2;3;23;1
202400052979;155 688 598;10;0;2;5;19;1
202400052979;155 688 604;17;0;2;1;1;1
202400052980;155 688 594;7;0;1;1;1;1
202400052981;155 688 593;10;0;1;2;1;1
202400052982;155 688 591;7;6;1;1;26;2
202400052983;155 688 590;7;0;2;2;0;0
202400052983;155 688 596;7;0;2;3;2;1
202400052984;155 688 587;7;17;0;2;0;1
202400052985;155 688 585;33;0;2;0;2;1
202400052985;155 688 589;7;0;0;5;26;2
202400052986;155 688 584;33;8;0;0;14;1
202400052987;155 688 583;30;0;2;1;2;3
202400052987;155 688 592;7;0;0;4;26;2
202400052988;155 688 582;7;0;2;3;0;1
202400052988;155 688 588;34;0;2;3;0;1
202400052989;155 688 581;7;0;2;2;1;1
202400052989;155 688 586;10;0;2;1;1;1
202400052990;155 688 580;7;13;0;1;1;1
202400052991;155 688 579;7;0;1;0;15;1
202400052992;155 688 573;10;0;2;1;2;1
202400052992;155 688 578;14;0;2;4;2;1