Num_Acc;id_vehicule;catv;obs;obsm;choc;manv;motor
202400053342;155 687 959;32;0;2;1;5;1
202400053342;155 687 967;21;0;2;1;0;1
202400053343;155 687 958;7;0;2;3;16;1
202400053343;155 687 964;50;0;2;1;1;3
202400053344;155 687 955;7;2;0;0;0;1
202400053345;155 687 954;10;1;2;3;20;1
202400053345;155 687 957;7;0;0;0;0;1
202400053346;155 687 950;50;1;0;9;1;3
202400053347;155 687 948;1;0;0;9;0;5
202400053348;155 687 951;7;13;2;2;13;1
202400053348;155 687 956;10;0;2;8;1;1
202400053349;155 687 946;7;0;2;3;15;1
202400053349;155 687 953;1;0;2;1;1;5
202400053350;155 687 952;7;12;0;2;26;1
202400053351;155 687 943;36;2;0;9;0;1
202400053352;155 687 941;1;0;2;1;1;5
202400053352;155 687 947;7;0;2;4;1;1
202400053353;155 687 939;30;0;2;1;13;1
202400053353;155 687 945;7;0;2;1;1;1
202400053354;155 687 938;33;0;6;1;1;1
202400053355;155 687 940;7;0;2;1;1;1
202400053355;155 687 944;7;0;2;4;23;1
202400053355;155 687 949;7;0;2;4;23;1
202400053356;155 687 933;7;0;2;1;5;1
202400053356;155 687 937;20;0;2;3;1;1
202400053357;155 687 932;7;9;0;0;13;1
202400053358;155 687 929;7;0;1;1;1;1
202400053359;155 687 928;7;13;0;1;1;1
202400053360;155 687 931;50;0;2;7;13;3
202400053360;155 687 935;7;0;2;3;15;1
202400053361;155 687 926;30;0;2;1;1;1
202400053361;155 687 934;10;0;2;1;15;1
202400053362;155 687 927;7;0;2;7;1;0
202400053362;155 687 936;7;0;2;3;1;1
202400053363;155 687 930;0;0;1;0;0;6
202400053364;155 687 924;7;0;2;8;13;1
202400053364;155 687 925;30;0;2;5;1;1
202400053365;155 687 923;7;2;0;1;26;1
202400053366;155 687 918;7;2;0;1;0;1
202400053367;155 687 917;7;0;2;1;13;1
202400053367;155 687 922;7;0;2;3;1;1
202400053368;155 687 916;0;0;1;1;26;0
202400053369;155 687 915;7;0;0;1;21;1
202400053370;155 687 913;33;0;2;3;1;1
202400053370;155 687 920;7;0;9;1;15;2
202400053371;155 687 912;7;0;2;1;1;1
202400053371;155 687 921;7;0;2;3;19;1
202400053372;155 687 911;7;14;0;2;1;1
202400053373;155 687 909;31;0;2;7;0;1
202400053373;155 687 914;7;0;2;1;9;1
202400053374;155 687 910;7;0;2;7;1;2
202400053374;155 687 919;7;0;2;1;15;1
202400053375;155 687 905;7;0;0;0;1;0
202400053376;155 687 902;7;0;2;1;2;2
202400053376;155 687 906;15;0;0;4;2;1
202400053377;155 687 903;7;0;1;1;20;1
202400053378;155 687 901;7;0;1;1;15;1
202400053379;155 687 900;7;0;0;4;2;1
202400053379;155 687 904;7;0;2;1;2;2
202400053379;155 687 908;7;0;2;1;2;1
202400053380;155 687 899;7;0;1;1;1;1
202400053381;155 687 897;7;15;0;5;23;1
202400053381;155 687 907;10;0;2;3;2;1
202400053382;155 687 895;1;0;0;1;1;5
202400053383;155 687 893;7;0;2;1;1;1
202400053383;155 687 898;7;0;2;3;1;1
202400053384;155 687 892;7;8;0;0;0;1
202400053385;155 687 889;7;0;2;7;15;1
202400053385;155 687 896;3;0;2;1;1;1
202400053386;155 687 886;7;0;1;1;1;1
202400053387;155 687 885;7;1;0;2;1;3
202400053387;155 687 891;7;0;0;3;24;1
202400053388;155 687 882;10;0;2;7;12;1
202400053388;155 687 887;33;0;2;7;1;1
202400053389;155 687 881;7;0;2;1;2;1
202400053389;155 687 890;7;0;2;4;2;1
202400053389;155 687 894;7;0;2;1;2;1
202400053390;155 687 880;2;8;0;8;13;1
202400053391;155 687 878;31;0;2;4;2;1
202400053391;155 687 884;7;0;2;1;2;2
202400053392;155 687 879;7;15;0;0;0;0
202400053392;155 687 883;7;0;2;1;1;0
202400053392;155 687 888;7;0;2;1;26;0
202400053393;155 687 876;7;2;0;2;15;1
202400053394;155 687 871;21;0;1;3;15;0
202400053395;155 687 872;7;0;2;6;11;1
202400053395;155 687 875;32;0;2;1;17;1
202400053396;155 687 869;7;0;2;0;9;1
202400053396;155 687 877;1;0;2;0;1;5
202400053397;155 687 866;7;0;1;2;1;3
202400053398;155 687 870;50;0;0;3;1;3
202400053399;155 687 864;7;6;0;7;1;1
202400053400;155 687 861;7;0;2;1;1;1
202400053400;155 687 868;7;0;0;4;1;1
202400053400;155 687 873;7;0;2;3;1;1
202400053401;155 687 863;3;0;2;8;1;1
202400053401;155 687 874;7;0;2;1;1;1
202400053402;155 687 858;10;0;2;1;2;1
202400053402;155 687 862;7;0;2;4;15;1
202400053402;155 687 867;7;0;2;1;1;1
202400053403;155 687 859;30;0;2;1;1;1
202400053403;155 687 865;30;0;2;5;15;1
202400053404;155 687 853;36;0;0;1;0;1
202400053405;155 687 851;7;0;0;2;1;1
202400053405;155 687 860;2;0;2;1;1;1
202400053406;155 687 850;7;0;2;4;20;1
202400053406;155 687 856;50;0;2;1;1;3
202400053407;155 687 849;7;0;2;1;1;1
202400053407;155 687 854;7;0;2;2;15;1
202400053408;155 687 848;36;0;0;0;13;1
202400053409;155 687 847;80;0;2;5;2;3
202400053409;155 687 852;32;0;2;0;2;1
202400053410;155 687 845;7;0;2;0;9;1
202400053410;155 687 857;1;0;2;0;1;5
202400053411;155 687 842;7;0;2;2;1;1
202400053411;155 687 855;7;0;2;1;1;1
202400053412;155 687 841;7;0;9;4;23;1
202400053412;155 687 844;50;0;2;1;1;3
202400053413;155 687 840;33;14;0;1;1;1
202400053414;155 687 838;10;0;2;1;2;1
202400053414;155 687 843;7;0;2;4;15;1
202400053414;155 687 846;7;0;2;1;26;1
202400053415;155 687 835;7;3;0;1;1;2
202400053416;155 687 832;33;0;2;1;2;1
202400053416;155 687 839;7;0;2;6;2;1
202400053417;155 687 831;2;0;2;1;1;1
202400053417;155 687 837;7;0;2;2;15;1
202400053418;155 687 830;33;0;2;7;17;1
202400053418;155 687 836;7;0;2;6;13;1
202400053419;155 687 828;33;3;0;8;17;1
202400053420;155 687 829;0;-1;-1;-1;1;-1
202400053420;155 687 834;7;0;9;3;9;1
202400053421;155 687 825;7;13;0;1;26;1
202400053422;155 687 824;7;0;2;1;2;1
202400053422;155 687 827;7;0;2;4;1;1
202400053423;155 687 820;33;0;0;7;1;1
202400053424;155 687 822;50;0;2;1;2;3
202400053424;155 687 826;7;14;2;5;2;1
202400053425;155 687 816;7;0;2;0;2;6
202400053425;155 687 821;2;0;2;4;1;1
202400053426;155 687 818;10;0;1;4;26;0
202400053427;155 687 815;7;1;0;2;14;1
202400053428;155 687 817;7;0;2;7;13;1
202400053428;155 687 823;37;0;2;1;1;1
202400053429;155 687 812;33;0;0;8;26;1
202400053430;155 687 807;7;0;2;1;2;1
202400053430;155 687 819;7;0;2;4;2;1
202400053431;155 687 805;7;9;0;0;9;1
202400053432;155 687 809;7;6;0;1;15;1
202400053433;155 687 811;33;0;2;8;1;1
202400053433;155 687 814;7;0;2;2;15;1
202400053434;155 687 804;10;0;2;2;20;1
202400053434;155 687 810;30;0;2;1;1;0
202400053435;155 687 808;7;0;0;1;11;1
202400053435;155 687 813;7;0;0;1;0;1
202400053436;155 687 801;7;0;2;2;26;1
202400053436;155 687 806;32;0;2;1;26;1
202400053437;155 687 799;1;0;2;8;0;5
202400053437;155 687 803;7;0;2;3;1;3
202400053438;155 687 800;10;0;2;5;16;1
202400053438;155 687 802;50;0;2;1;2;3
202400053439;155 687 797;33;12;0;1;1;1
202400053440;155 687 792;32;0;0;7;1;1
202400053441;155 687 795;7;0;2;3;1;1
202400053441;155 687 798;30;0;2;2;15;1
202400053442;155 687 791;7;2;0;1;1;1
202400053443;155 687 789;3;0;0;4;2;1
202400053443;155 687 794;10;0;2;2;12;1
202400053444;155 687 788;7;4;0;9;1;1
202400053445;155 687 786;7;0;2;3;15;3
202400053445;155 687 796;50;0;2;0;0;3
202400053446;155 687 783;15;0;1;7;16;1
202400053447;155 687 787;7;0;0;5;15;1
202400053447;155 687 793;33;0;2;1;1;1
202400053448;155 687 779;7;0;2;1;2;1
202400053448;155 687 784;34;0;2;4;2;1
202400053449;155 687 777;31;0;2;8;1;1
202400053450;155 687 778;7;0;2;3;9;1
202400053450;155 687 782;7;0;2;2;1;2
202400053451;155 687 768;7;0;2;1;13;1
202400053451;155 687 775;7;0;2;1;1;2
202400053452;155 687 772;10;0;0;8;4;1
202400053453;155 687 770;10;0;2;8;16;1
202400053453;155 687 781;7;0;2;2;1;1
202400053454;155 687 771;10;0;1;1;1;1
202400053454;155 687 774;60;0;2;8;19;5
202400053455;155 687 767;7;0;9;1;19;1
202400053455;155 687 773;1;0;2;8;1;5
202400053455;155 687 780;7;0;9;8;0;1
202400053456;155 687 766;7;0;2;1;1;1
202400053456;155 687 776;17;0;2;4;1;1
202400053457;155 687 762;7;0;2;2;15;1
202400053457;155 687 769;0;0;2;1;26;0
202400053458;155 687 761;10;0;2;5;24;1
202400053458;155 687 765;2;0;2;1;2;1
202400053459;155 687 757;7;0;2;2;1;1
202400053459;155 687 764;1;0;2;1;9;5
202400053460;155 687 759;33;13;0;0;1;1
202400053461;155 687 754;33;0;2;1;1;1
202400053461;155 687 763;7;0;2;8;15;1
202400053462;155 687 755;33;8;0;1;1;1
202400053463;155 687 750;7;0;2;2;17;1
202400053463;155 687 753;7;0;2;3;1;1
202400053463;155 687 760;7;0;2;1;1;1
202400053464;155 687 751;1;0;2;8;1;5
202400053464;155 687 758;7;0;2;7;16;1
202400053465;155 687 748;7;2;0;3;6;1
202400053466;155 687 746;1;0;2;1;0;5
202400053466;155 687 756;7;0;9;3;9;1
202400053467;155 687 745;7;0;2;1;1;1
202400053467;155 687 749;50;0;2;7;19;3
202400053468;155 687 747;7;0;2;5;23;1
202400053468;155 687 752;1;0;2;1;26;5
202400053469;155 687 742;7;0;0;1;1;1
202400053470;155 687 740;7;13;0;2;1;1
202400053471;155 687 739;7;0;1;1;1;2
202400053472;155 687 736;7;0;2;7;16;2
202400053472;155 687 744;80;0;2;8;1;3
202400053473;155 687 737;2;0;2;1;1;1
202400053473;155 687 741;7;0;2;2;15;1
202400053474;155 687 733;7;0;2;6;15;1
202400053474;155 687 738;33;0;2;2;17;1
202400053475;155 687 734;2;0;0;0;0;1
202400053476;155 687 727;7;0;2;1;1;1
202400053476;155 687 732;7;0;2;2;15;1
202400053477;155 687 728;33;0;0;1;26;1
202400053478;155 687 723;10;0;2;3;19;1
202400053478;155 687 731;7;15;2;7;1;1
202400053479;155 687 724;7;15;0;1;13;1
202400053480;155 687 718;7;0;2;3;9;1
202400053480;155 687 725;2;0;2;1;1;1
202400053481;155 687 720;7;12;0;2;14;1
202400053482;155 687 721;7;13;2;3;1;1
202400053482;155 687 726;7;13;2;6;1;2
202400053483;155 687 719;30;0;2;7;1;1
202400053483;155 687 729;10;0;2;1;19;1
202400053484;155 687 715;7;6;0;1;1;1
202400053485;155 687 716;7;0;2;3;0;1
202400053485;155 687 722;7;0;2;1;9;1
202400053485;155 687 730;7;0;2;8;0;1
202400053485;155 687 735;7;0;2;2;1;1
202400053486;155 687 713;33;0;2;1;5;1
202400053486;155 687 717;7;0;2;3;5;1
202400053487;155 687 710;3;0;2;4;2;1
202400053487;155 687 714;7;0;2;1;2;1
202400053488;155 687 704;31;0;0;7;0;1
202400053489;155 687 706;7;0;2;1;1;1
202400053489;155 687 712;7;0;2;1;15;1
202400053490;155 687 701;1;0;2;8;0;5
202400053490;155 687 709;7;0;2;1;13;1
202400053491;155 687 703;7;0;2;7;16;1
202400053491;155 687 707;1;0;2;8;1;5
202400053492;155 687 698;33;0;1;1;1;1
202400053493;155 687 700;7;0;2;1;1;1
202400053493;155 687 705;10;0;2;4;1;1
202400053494;155 687 699;2;0;2;8;15;3
202400053494;155 687 708;7;0;2;1;17;1
202400053495;155 687 695;7;0;2;1;15;3
202400053495;155 687 702;33;0;2;1;1;1
202400053496;155 687 697;7;0;2;4;1;1
202400053496;155 687 711;7;0;2;1;0;1
202400053497;155 687 690;7;5;0;2;14;1
202400053498;155 687 691;7;3;0;0;2;1
202400053499;155 687 685;80;0;2;4;1;3
202400053499;155 687 692;10;0;2;1;1;1
202400053499;155 687 696;7;0;2;2;2;1
202400053500;155 687 689;7;0;2;7;15;1
202400053500;155 687 694;2;0;2;1;1;3
202400053501;155 687 687;15;0;2;7;16;1
202400053501;155 687 693;43;0;2;1;18;1
202400053502;155 687 684;7;0;2;3;10;1
202400053502;155 687 688;33;0;0;4;1;1
202400053503;155 687 683;7;0;1;8;16;1
202400053504;155 687 682;10;0;1;1;1;1
202400053505;155 687 681;7;0;9;8;1;1
202400053505;155 687 686;7;2;0;9;1;1
202400053506;155 687 680;7;0;0;9;0;1
202400053507;155 687 676;7;3;0;1;1;1
202400053508;155 687 678;7;0;1;2;1;1
202400053509;155 687 665;34;0;2;1;1;1
202400053509;155 687 672;7;0;2;6;1;1
202400053510;155 687 673;7;0;2;1;5;1
202400053510;155 687 677;7;0;2;1;1;1
202400053511;155 687 670;17;0;1;1;1;1
202400053512;155 687 666;7;0;2;3;1;1
202400053512;155 687 674;7;0;2;7;15;1
202400053513;155 687 660;7;0;2;3;1;1
202400053513;155 687 671;7;0;2;1;13;1
202400053514;155 687 659;7;0;2;1;1;1
202400053514;155 687 661;33;0;2;4;1;1
202400053514;155 687 663;7;0;2;4;1;1
202400053514;155 687 668;33;0;2;4;18;1
202400053515;155 687 658;33;0;2;8;17;1
202400053515;155 687 662;10;0;2;8;1;1
202400053516;155 687 657;7;0;2;2;17;1
202400053516;155 687 664;7;4;2;6;1;1
202400053517;155 687 654;7;0;2;5;12;1
202400053517;155 687 669;33;0;2;1;1;1
202400053518;155 687 653;7;0;2;6;15;2
202400053518;155 687 655;43;0;2;2;17;1
202400053519;155 687 650;7;0;2;2;1;2
202400053520;155 687 651;50;0;1;1;2;3
202400053521;155 687 647;2;0;2;1;1;1
202400053521;155 687 652;1;0;0;0;0;5
202400053522;155 687 644;33;0;2;8;12;1
202400053522;155 687 649;7;0;2;7;12;2
202400053523;155 687 645;7;0;2;9;1;1
202400053524;155 687 643;2;0;2;1;0;1
202400053524;155 687 656;10;0;2;2;0;1
202400053525;155 687 640;7;0;1;3;1;1
202400053526;155 687 642;7;0;2;1;13;1
202400053526;155 687 648;7;0;2;3;1;1
202400053527;155 687 638;37;0;1;7;9;1
202400053528;155 687 635;33;0;1;1;17;1
202400053529;155 687 632;17;4;0;3;6;1
202400053530;155 687 634;7;15;2;6;9;1
202400053530;155 687 646;7;15;2;1;1;1
202400053531;155 687 633;7;0;2;5;15;1
202400053531;155 687 639;31;0;2;1;1;1
202400053532;155 687 630;7;0;2;8;1;1
202400053532;155 687 641;7;0;2;1;19;3
202400053533;155 687 629;1;12;0;7;26;5
202400053534;155 687 628;30;0;2;1;1;1
202400053534;155 687 636;7;0;2;4;1;1
202400053535;155 687 626;10;0;2;7;1;1
202400053535;155 687 631;7;0;2;4;2;1
202400053535;155 687 637;7;0;2;1;2;2
202400053536;155 687 625;10;0;1;5;26;1
202400053537;155 687 622;10;13;0;1;13;1
202400053538;155 687 624;7;0;1;3;15;1
202400053539;155 687 616;7;1;2;7;2;1
202400053539;155 687 620;7;1;2;3;11;1
202400053540;155 687 618;7;0;2;2;16;1
202400053540;155 687 621;1;0;2;6;2;5
202400053541;155 687 613;7;1;2;1;1;1
202400053541;155 687 619;7;0;2;7;26;1
202400053542;155 687 611;2;0;2;1;11;1
202400053542;155 687 615;7;0;2;8;2;2
202400053543;155 687 612;10;0;2;1;1;1
202400053543;155 687 617;7;0;2;4;1;1
202400053543;155 687 627;7;0;0;4;1;1
202400053544;155 687 608;10;2;0;3;0;1
202400053545;155 687 607;32;8;2;0;21;1
202400053546;155 687 605;7;2;0;1;19;1
202400053547;155 687 604;7;0;2;1;15;1
202400053547;155 687 623;7;0;2;1;1;1
202400053548;155 687 606;32;0;0;7;1;1
202400053549;155 687 602;7;0;2;1;1;1
202400053549;155 687 609;7;0;2;1;0;1
202400053549;155 687 614;7;0;2;4;1;1
202400053550;155 687 598;7;0;2;1;1;2
202400053550;155 687 603;31;0;2;4;11;1
202400053551;155 687 601;7;0;2;2;9;1
202400053551;155 687 610;2;3;2;2;21;1
202400053552;155 687 597;7;0;2;3;15;1
202400053552;155 687 600;33;0;2;1;17;1
202400053553;155 687 596;21;5;0;1;2;1
202400053554;155 687 593;7;0;0;1;1;1
202400053555;155 687 591;7;0;2;2;12;2
202400053555;155 687 594;50;0;2;8;16;3
202400053556;155 687 588;17;0;2;5;1;1
202400053556;155 687 592;17;0;2;3;21;1
202400053557;155 687 584;7;0;0;3;15;1
202400053557;155 687 590;7;0;2;1;26;1
202400053558;155 687 582;7;1;0;2;14;1
202400053558;155 687 586;15;0;2;8;23;1
202400053559;155 687 580;33;4;0;7;0;1
202400053560;155 687 576;7;0;2;1;13;1
202400053560;155 687 581;10;0;2;1;1;2
202400053561;155 687 577;10;0;2;1;0;1
202400053561;155 687 589;7;0;2;7;0;1
202400053562;155 687 575;7;0;2;1;13;1
202400053562;155 687 583;7;0;2;8;1;1
202400053563;155 687 574;32;4;2;8;1;1
202400053563;155 687 578;7;4;2;7;1;1
202400053564;155 687 573;7;14;0;4;23;1
202400053564;155 687 579;7;14;0;1;0;1
202400053564;155 687 585;7;0;2;4;23;2
202400053565;155 687 571;7;0;2;7;1;2
202400053565;155 687 587;7;0;2;1;1;2
202400053566;155 687 570;7;4;0;3;16;1
202400053567;155 687 567;7;12;0;1;1;1
202400053568;155 687 566;33;0;1;1;1;1
202400053569;155 687 565;7;0;1;1;0;1
202400053570;155 687 564;7;13;0;4;2;1
202400053571;155 687 563;30;0;0;7;1;1
202400053572;155 687 562;7;0;9;1;1;1
202400053572;155 687 572;60;0;2;1;1;5
202400053573;155 687 561;7;0;2;3;13;1
202400053573;155 687 568;7;0;2;8;1;1
202400053574;155 687 558;7;0;2;3;2;1
202400053574;155 687 569;7;0;2;5;2;1
202400053575;155 687 557;1;0;2;4;1;5
202400053575;155 687 559;30;0;2;1;5;0
202400053576;155 687 552;7;9;0;1;13;1
202400053577;155 687 549;7;0;2;4;2;1
202400053577;155 687 560;10;0;2;1;2;1
202400053578;155 687 551;7;0;2;1;10;1
202400053578;155 687 555;31;0;2;7;1;1
202400053579;155 687 547;7;6;0;1;0;1
202400053580;155 687 546;7;0;0;0;0;4
202400053581;155 687 548;7;0;2;1;5;1
202400053581;155 687 554;33;0;2;1;5;1
202400053582;155 687 545;7;0;2;5;15;2
202400053582;155 687 553;7;0;2;3;2;1
202400053583;155 687 544;7;0;2;7;0;1
202400053583;155 687 556;30;0;2;1;1;1
202400053584;155 687 542;7;0;9;3;9;1
202400053584;155 687 550;50;0;2;4;1;3
202400053585;155 687 541;7;0;2;5;1;1
202400053585;155 687 543;7;0;2;8;11;1
202400053586;155 687 539;31;0;0;1;0;1
202400053587;155 687 535;7;0;2;3;15;1
202400053587;155 687 538;2;0;2;2;17;1
202400053588;155 687 534;7;16;0;3;1;1
202400053589;155 687 529;10;0;2;1;1;1
202400053589;155 687 537;7;0;2;1;1;1
202400053590;155 687 527;7;0;2;4;2;1
202400053590;155 687 536;10;0;2;1;2;1
202400053590;155 687 540;7;0;2;1;2;1
202400053591;155 687 526;33;0;2;1;17;1
202400053591;155 687 533;7;0;2;8;15;1
202400053592;155 687 524;1;0;2;8;1;5
202400053592;155 687 530;10;0;9;3;15;1
202400053593;155 687 522;7;0;1;3;0;0
202400053594;155 687 523;7;0;1;8;15;1
202400053595;155 687 521;7;15;2;1;1;1
202400053595;155 687 532;7;0;2;5;1;1
202400053596;155 687 520;33;13;0;1;14;1
202400053597;155 687 519;43;0;2;4;2;1
202400053597;155 687 528;7;0;2;1;2;0
202400053598;155 687 518;7;0;9;4;1;1
202400053598;155 687 525;7;0;2;4;1;1
202400053598;155 687 531;10;0;2;1;1;1
202400053599;155 687 513;32;0;2;7;3;1
202400053600;155 687 511;7;0;0;9;1;1
202400053601;155 687 509;7;0;2;3;14;1
202400053601;155 687 515;50;0;2;1;13;3
202400053602;155 687 508;7;0;2;1;11;1
202400053602;155 687 514;7;0;2;4;0;1
202400053603;155 687 507;30;0;2;1;26;1
202400053603;155 687 512;10;0;2;4;1;1
202400053604;155 687 505;10;0;1;2;16;1
202400053605;155 687 506;14;0;2;1;0;1
202400053605;155 687 510;7;8;2;8;0;1
202400053605;155 687 517;10;0;2;1;0;1
202400053606;155 687 504;10;0;2;2;17;1
202400053606;155 687 516;7;0;0;6;15;1
202400053607;155 687 503;7;0;1;2;15;2
202400053608;155 687 496;7;0;2;1;1;1
202400053608;155 687 502;1;0;2;8;19;5
202400053609;155 687 499;31;0;2;1;2;1
202400053609;155 687 501;7;0;2;5;2;1
202400053610;155 687 497;50;12;0;1;1;3
202400053611;155 687 495;1;1;0;1;1;5
202400053611;155 687 500;7;0;2;3;22;1
202400053612;155 687 491;7;2;0;1;14;2
202400053613;155 687 492;30;0;1;1;1;1
202400053614;155 687 490;33;0;2;2;13;1
202400053614;155 687 498;7;0;2;6;1;1
202400053615;155 687 488;50;9;0;1;26;3
202400053616;155 687 489;33;0;2;3;1;1
202400053616;155 687 494;10;0;2;7;15;0
202400053617;155 687 486;7;1;0;1;13;1
202400053618;155 687 482;31;0;2;1;1;1
202400053618;155 687 487;10;0;2;5;1;1
202400053619;155 687 479;7;0;2;1;0;1
202400053619;155 687 483;7;0;0;4;1;1
202400053620;155 687 476;7;0;2;6;16;1
202400053620;155 687 484;1;0;2;2;1;5
202400053621;155 687 477;7;0;2;1;1;1
202400053621;155 687 485;3;0;2;1;5;1
202400053622;155 687 478;7;4;2;9;1;1
202400053622;155 687 481;7;0;0;4;1;2
202400053623;155 687 474;7;3;2;4;1;1
202400053623;155 687 480;7;3;2;4;1;1
202400053624;155 687 468;7;0;2;1;15;1
202400053624;155 687 473;50;0;2;8;1;3
202400053625;155 687 467;7;13;0;3;1;1
202400053626;155 687 465;7;0;2;3;15;0
202400053626;155 687 471;31;0;2;1;1;1
202400053627;155 687 462;1;0;2;0;0;5
202400053627;155 687 470;7;0;2;3;15;2
202400053628;155 687 463;34;0;2;2;1;1
202400053628;155 687 469;21;0;2;6;9;1
202400053629;155 687 460;7;0;0;0;0;0
202400053629;155 687 472;7;0;0;0;0;0
202400053629;155 687 475;7;0;2;1;13;0
202400053630;155 687 459;7;0;2;0;0;0
202400053630;155 687 466;7;0;2;0;0;0
202400053631;155 687 457;7;0;2;1;1;1
202400053631;155 687 461;7;0;2;0;0;1
202400053632;155 687 456;7;2;0;1;1;1
202400053633;155 687 453;33;16;0;8;1;1
202400053634;155 687 452;80;0;2;7;15;3
202400053634;155 687 455;32;0;2;1;19;1
202400053635;155 687 450;7;1;0;9;1;2
202400053636;155 687 448;7;0;2;3;15;1
202400053636;155 687 451;2;0;2;1;17;1
202400053637;155 687 443;7;0;2;3;9;2
202400053637;155 687 447;7;0;2;5;2;1
202400053638;155 687 444;30;0;2;7;16;3
202400053638;155 687 449;37;0;2;8;13;1
202400053639;155 687 439;7;9;0;1;11;1
202400053640;155 687 440;7;0;1;2;1;3
202400053641;155 687 438;1;1;0;2;1;5
202400053641;155 687 442;7;0;2;3;22;1
202400053642;155 687 434;7;0;2;3;23;0
202400053642;155 687 437;7;0;2;7;19;0
202400053642;155 687 446;7;0;2;1;1;0
202400053643;155 687 436;10;1;0;8;24;3
202400053643;155 687 441;1;1;0;2;7;5
202400053644;155 687 433;7;0;0;0;1;1
202400053645;155 687 431;7;0;2;1;2;1
202400053645;155 687 435;7;0;2;4;23;1
202400053646;155 687 432;7;0;0;6;1;1
202400053646;155 687 445;7;0;2;3;9;1
202400053647;155 687 425;33;0;2;1;18;1
202400053647;155 687 429;33;0;2;4;1;1
202400053648;155 687 423;7;13;0;2;1;1
202400053649;155 687 422;7;4;0;1;1;1
202400053650;155 687 420;10;0;2;1;26;1
202400053650;155 687 426;33;0;2;1;1;1
202400053651;155 687 419;7;0;2;4;2;1
202400053651;155 687 427;7;0;0;1;1;0
202400053651;155 687 430;7;0;0;4;23;0
202400053652;155 687 415;33;15;2;8;1;1
202400053652;155 687 421;17;0;2;8;13;0
202400053653;155 687 418;7;0;2;6;15;1
202400053653;155 687 428;43;0;2;1;1;1
202400053654;155 687 416;10;0;2;2;15;1
202400053654;155 687 424;31;0;2;2;1;3
202400053655;155 687 414;33;0;2;4;2;1
202400053655;155 687 417;33;0;2;1;2;1
202400053656;155 687 410;38;0;1;1;1;1
202400053657;155 687 405;1;0;9;1;1;5
202400053657;155 687 411;1;0;9;1;1;5
202400053658;155 687 407;13;0;9;3;0;1
202400053658;155 687 413;1;0;0;2;0;5
202400053659;155 687 406;33;0;2;1;3;1
202400053659;155 687 412;7;0;2;5;12;2
202400053660;155 687 403;7;2;0;1;13;0
202400053661;155 687 399;7;8;0;1;1;1
202400053661;155 687 404;7;1;0;4;24;1
202400053662;155 687 400;15;0;2;1;1;1
202400053662;155 687 409;10;0;0;8;9;1
202400053663;155 687 401;1;0;1;1;26;5
202400053664;155 687 398;7;0;0;1;13;1
202400053665;155 687 397;7;0;2;1;1;1
202400053665;155 687 402;7;0;2;7;1;2
202400053666;155 687 390;7;0;2;2;15;1
202400053666;155 687 395;31;0;2;1;1;1
202400053667;155 687 389;10;0;2;4;23;1
202400053667;155 687 394;33;0;2;1;3;1
202400053668;155 687 391;7;0;2;6;1;1
202400053668;155 687 396;7;0;2;1;1;1
202400053669;155 687 388;7;0;2;2;2;1
202400053669;155 687 393;33;0;2;4;18;1
202400053670;155 687 386;50;0;2;0;0;3
202400053670;155 687 392;10;0;9;6;0;1
202400053671;155 687 383;7;0;2;0;13;1
202400053671;155 687 387;10;0;2;0;1;1
202400053672;155 687 381;7;0;2;3;13;1
202400053672;155 687 385;7;0;2;3;1;1
202400053673;155 687 380;10;0;2;1;15;3
202400053673;155 687 384;43;0;1;1;23;1
202400053674;155 687 379;37;0;2;1;1;0
202400053674;155 687 382;37;0;2;4;0;0
202400053675;155 687 376;7;0;1;1;1;1
202400053676;155 687 373;3;8;0;7;0;1
202400053677;155 687 372;7;0;2;7;1;1
202400053677;155 687 377;7;0;2;8;13;1
202400053678;155 687 374;7;0;2;1;16;1
202400053678;155 687 378;7;0;2;8;1;1
202400053679;155 687 370;7;5;0;1;1;1
202400053680;155 687 369;31;0;2;2;21;3
202400053681;155 687 367;15;0;2;8;11;1
202400053681;155 687 371;7;3;2;7;1;1
202400053682;155 687 366;7;0;2;1;2;1
202400053682;155 687 375;7;0;0;4;2;1
202400053683;155 687 364;50;0;1;1;25;3
202400053684;155 687 365;1;0;2;3;19;5
202400053684;155 687 368;37;0;2;2;8;2
202400053685;155 687 361;7;0;1;2;21;1
202400053686;155 687 357;7;0;2;1;1;1
202400053686;155 687 362;7;0;2;4;1;1
202400053687;155 687 352;7;3;0;4;2;1
202400053687;155 687 358;15;0;2;1;1;1
202400053688;155 687 355;7;0;1;3;19;1
202400053689;155 687 354;50;0;1;0;0;3
202400053690;155 687 351;7;0;2;3;13;1
202400053690;155 687 360;7;0;2;2;1;1
202400053691;155 687 350;7;8;0;1;1;1
202400053692;155 687 348;7;0;2;1;2;1
202400053692;155 687 353;7;0;2;4;2;1
202400053692;155 687 359;7;0;2;9;2;1
202400053692;155 687 363;7;0;2;4;2;1
202400053693;155 687 349;7;0;2;1;13;1
202400053693;155 687 356;7;0;2;1;1;2
202400053694;155 687 345;30;3;0;1;26;1
202400053695;155 687 343;50;0;2;3;1;3
202400053695;155 687 346;7;0;2;2;12;1