Num_Acc;id_vehicule;catv;obs;obsm;choc;manv;motor
202400054045;155 686 733;7;0;2;3;15;1
202400054046;155 686 720;1;0;1;1;1;5
202400054047;155 686 723;7;0;9;1;19;1
202400054047;155 686 730;1;0;2;5;1;5
202400054048;155 686 718;7;0;2;1;1;1
202400054048;155 686 722;7;0;2;1;13;1
202400054049;155 686 719;7;0;0;4;1;1
202400054049;155 686 724;10;0;2;1;1;1
202400054050;155 686 712;80;1;0;1;1;3
202400054050;155 686 715;7;0;2;3;22;1
202400054051;155 686 713;7;0;2;1;2;1
202400054051;155 686 716;7;0;2;4;2;1
202400054051;155 686 721;7;3;0;3;21;1
202400054051;155 686 726;7;0;2;7;21;1
202400054052;155 686 709;32;0;2;3;18;1
202400054052;155 686 711;10;0;2;2;16;1
202400054052;155 686 717;7;0;0;3;26;1
202400054053;155 686 706;7;2;0;9;1;1
202400054054;155 686 704;7;0;1;3;16;1
202400054055;155 686 703;7;15;0;1;2;1
202400054056;155 686 701;7;0;2;4;1;0
202400054056;155 686 705;30;0;2;1;2;1
202400054057;155 686 702;33;0;2;2;3;1
202400054057;155 686 710;7;0;2;8;2;1
202400054057;155 686 714;7;0;2;1;2;1
202400054058;155 686 697;7;0;1;3;15;1
202400054059;155 686 699;33;0;2;8;17;1
202400054059;155 686 707;7;0;2;7;17;1
202400054060;155 686 695;2;14;0;1;1;1
202400054061;155 686 698;7;0;2;8;10;1
202400054061;155 686 708;7;0;2;1;1;1
202400054062;155 686 693;10;0;1;1;1;1
202400054063;155 686 694;7;4;0;1;14;2
202400054064;155 686 692;1;5;0;2;1;5
202400054065;155 686 691;50;16;0;0;1;3
202400054066;155 686 682;7;0;2;2;15;1
202400054066;155 686 688;30;0;2;8;1;1
202400054067;155 686 684;36;13;0;7;1;1
202400054068;155 686 678;2;0;2;1;17;3
202400054068;155 686 683;7;0;2;3;15;1
202400054069;155 686 681;7;0;2;4;2;1
202400054069;155 686 687;7;0;2;1;2;1
202400054069;155 686 689;7;0;2;4;2;1
202400054070;155 686 676;2;16;0;0;1;1
202400054071;155 686 675;7;0;2;1;13;1
202400054071;155 686 680;7;0;2;1;1;1
202400054072;155 686 674;7;13;0;9;1;1
202400054073;155 686 672;10;1;0;8;0;0
202400054073;155 686 679;7;1;0;0;0;1
202400054073;155 686 686;7;1;0;0;0;1
202400054074;155 686 673;7;0;2;7;1;1
202400054074;155 686 685;7;0;2;1;1;1
202400054075;155 686 669;10;13;0;2;16;1
202400054076;155 686 666;7;0;2;4;2;1
202400054076;155 686 671;7;0;2;4;2;1
202400054076;155 686 677;10;0;2;1;2;1
202400054077;155 686 668;33;0;2;8;18;1
202400054077;155 686 670;1;0;2;7;14;5
202400054078;155 686 663;7;2;0;1;13;1
202400054079;155 686 662;7;2;0;9;26;1
202400054080;155 686 659;7;2;0;1;0;1
202400054081;155 686 658;7;0;2;0;0;0
202400054081;155 686 665;7;0;0;0;0;1
202400054082;155 686 657;7;0;2;1;13;1
202400054082;155 686 664;7;0;2;1;1;1
202400054083;155 686 656;50;0;2;4;2;3
202400054083;155 686 661;7;0;2;3;2;1
202400054084;155 686 660;7;0;0;0;0;0
202400054084;155 686 667;2;0;2;7;12;1
202400054085;155 686 655;31;0;0;7;21;1
202400054086;155 686 652;7;2;0;7;21;1
202400054087;155 686 650;7;0;2;4;2;1
202400054087;155 686 654;33;0;2;1;2;1
202400054088;155 686 651;7;2;0;7;11;1
202400054089;155 686 647;7;0;2;5;26;1
202400054089;155 686 653;1;0;2;8;1;5
202400054090;155 686 646;99;0;1;0;2;0
202400054091;155 686 644;33;0;2;2;2;1
202400054091;155 686 649;33;0;2;6;2;1
202400054092;155 686 641;7;0;2;3;1;2
202400054092;155 686 648;1;0;2;1;1;5
202400054093;155 686 639;7;0;2;1;16;1
202400054093;155 686 643;32;0;2;2;1;1
202400054094;155 686 640;7;0;2;0;1;1
202400054094;155 686 645;7;0;2;0;16;1
202400054095;155 686 636;10;0;1;3;1;3
202400054096;155 686 634;7;2;0;2;1;1
202400054097;155 686 633;7;0;2;1;1;1
202400054097;155 686 638;10;0;2;7;26;1
202400054098;155 686 637;7;0;2;3;1;1
202400054098;155 686 642;7;0;2;2;15;1
202400054099;155 686 631;10;6;0;1;1;1
202400054100;155 686 630;33;6;0;1;0;1
202400054101;155 686 628;10;0;2;8;1;0
202400054101;155 686 635;7;0;2;1;1;1
202400054102;155 686 624;7;6;0;1;15;1
202400054103;155 686 627;7;17;0;2;14;1
202400054104;155 686 625;7;0;1;0;16;2
202400054105;155 686 629;7;0;2;1;19;1
202400054105;155 686 632;7;0;2;1;1;1
202400054106;155 686 623;80;0;0;0;2;3
202400054107;155 686 622;7;0;2;3;5;1
202400054107;155 686 626;1;0;2;1;1;5
202400054108;155 686 620;36;0;0;0;1;1
202400054109;155 686 618;7;6;0;1;13;1
202400054110;155 686 614;7;2;0;1;0;1
202400054111;155 686 617;2;0;2;3;16;1
202400054111;155 686 621;14;0;2;2;1;1
202400054112;155 686 612;32;0;2;8;1;1
202400054112;155 686 616;7;0;2;1;15;1
202400054113;155 686 611;7;0;2;2;15;3
202400054113;155 686 619;1;0;2;1;25;5
202400054114;155 686 608;33;0;5;1;0;1
202400054115;155 686 607;50;0;2;1;1;3
202400054115;155 686 615;7;0;2;3;1;1
202400054116;155 686 606;7;0;2;3;1;1
202400054116;155 686 613;1;0;2;1;19;5
202400054117;155 686 603;7;2;0;3;13;1
202400054118;155 686 605;7;0;2;2;1;1
202400054118;155 686 610;43;0;2;1;11;1
202400054119;155 686 604;7;0;2;1;0;1
202400054119;155 686 609;1;0;2;3;0;5
202400054120;155 686 600;7;0;1;1;1;1
202400054121;155 686 598;7;4;0;1;13;1
202400054122;155 686 596;7;0;2;2;1;1
202400054122;155 686 601;1;0;2;4;1;5
202400054123;155 686 594;7;0;2;3;15;1
202400054123;155 686 602;33;13;2;1;1;1
202400054124;155 686 592;7;0;2;1;13;1
202400054124;155 686 595;7;0;2;1;1;1
202400054125;155 686 589;7;0;0;9;1;1
202400054126;155 686 591;1;0;2;1;2;5
202400054126;155 686 597;7;0;9;4;23;1
202400054127;155 686 588;7;0;2;2;15;1
202400054127;155 686 599;7;3;2;6;1;1
202400054128;155 686 587;7;0;2;5;12;1
202400054128;155 686 593;31;0;0;8;1;1
202400054129;155 686 583;7;12;0;3;1;1
202400054130;155 686 586;7;0;2;2;15;2
202400054130;155 686 590;30;0;2;1;1;1
202400054131;155 686 581;50;0;2;4;1;3
202400054131;155 686 584;7;0;2;1;1;0
202400054132;155 686 578;7;0;2;1;16;1
202400054132;155 686 585;33;0;2;1;1;1
202400054133;155 686 577;7;13;0;3;14;1
202400054134;155 686 574;7;6;0;1;0;1
202400054135;155 686 573;7;0;2;4;1;1
202400054135;155 686 575;7;0;2;1;2;1
202400054135;155 686 580;7;0;2;4;2;1
202400054136;155 686 572;50;0;2;1;0;3
202400054136;155 686 579;1;0;2;1;0;5
202400054137;155 686 569;7;0;2;1;1;1
202400054137;155 686 576;7;0;2;7;15;1
202400054137;155 686 582;7;0;2;2;23;1
202400054138;155 686 567;7;0;2;8;13;1
202400054138;155 686 571;33;0;2;7;17;1
202400054139;155 686 568;31;7;0;0;1;1
202400054140;155 686 565;10;0;2;3;10;1
202400054140;155 686 570;33;0;2;1;2;1
202400054141;155 686 564;7;0;1;3;1;1
202400054142;155 686 563;2;0;2;1;2;3
202400054142;155 686 566;10;0;2;4;1;1
202400054143;155 686 561;7;6;0;1;1;1
202400054144;155 686 556;7;0;2;1;1;1
202400054144;155 686 559;31;0;2;4;15;3
202400054145;155 686 552;7;0;0;8;10;1
202400054145;155 686 558;32;0;2;1;2;1
202400054146;155 686 553;7;0;2;3;13;1
202400054146;155 686 560;7;0;2;3;1;2
202400054147;155 686 546;36;0;2;1;1;1
202400054147;155 686 555;10;0;2;7;1;1
202400054148;155 686 554;15;0;9;4;1;0
202400054148;155 686 557;7;0;9;1;1;1
202400054149;155 686 547;1;0;2;1;1;5
202400054149;155 686 551;7;0;2;2;1;1
202400054150;155 686 548;7;0;1;2;1;1
202400054151;155 686 544;33;2;0;1;0;1
202400054152;155 686 545;1;1;0;1;26;5
202400054152;155 686 549;13;0;2;5;24;1
202400054153;155 686 535;7;2;0;1;14;1
202400054154;155 686 533;7;0;2;2;2;1
202400054154;155 686 539;80;0;0;4;2;3
202400054155;155 686 532;10;7;2;1;19;1
202400054155;155 686 542;7;8;2;3;1;1
202400054156;155 686 531;7;0;2;1;19;1
202400054156;155 686 540;7;0;2;7;1;1
202400054157;155 686 527;33;0;2;7;1;1
202400054157;155 686 534;7;0;2;3;17;1
202400054158;155 686 529;7;0;2;2;1;1
202400054158;155 686 536;7;4;0;6;1;1
202400054159;155 686 528;7;0;2;1;9;1
202400054159;155 686 537;7;0;2;1;2;1
202400054159;155 686 541;7;0;2;7;2;1
202400054159;155 686 543;7;0;2;1;2;1
202400054160;155 686 526;31;0;2;8;18;1
202400054160;155 686 530;7;0;2;2;12;1
202400054161;155 686 523;7;4;0;1;1;1
202400054162;155 686 524;33;0;0;7;1;1
202400054163;155 686 520;7;0;1;3;0;1
202400054164;155 686 522;33;16;0;7;26;1
202400054165;155 686 518;7;0;2;1;13;1
202400054165;155 686 525;7;0;2;1;1;2
202400054165;155 686 538;7;0;2;8;1;2
202400054166;155 686 516;7;0;1;4;26;1
202400054167;155 686 517;2;0;2;2;1;1
202400054167;155 686 521;7;0;2;8;1;1
202400054168;155 686 515;7;0;2;1;1;1
202400054168;155 686 519;7;0;2;1;13;1
202400054169;155 686 513;2;11;0;0;0;1
202400054170;155 686 510;7;4;0;2;1;1
202400054171;155 686 511;7;1;0;3;24;1
202400054171;155 686 514;1;1;2;1;1;5
202400054172;155 686 507;1;0;2;1;2;5
202400054172;155 686 509;7;0;0;4;23;1
202400054173;155 686 503;7;8;0;3;13;1
202400054174;155 686 504;7;0;2;3;1;1
202400054174;155 686 512;7;0;2;2;1;1
202400054175;155 686 502;1;0;2;1;1;5
202400054175;155 686 506;7;0;2;3;1;1
202400054176;155 686 496;7;0;2;1;1;2
202400054176;155 686 505;7;0;2;3;1;1
202400054177;155 686 499;7;0;0;4;1;1
202400054177;155 686 508;7;0;0;1;13;1
202400054178;155 686 498;7;1;0;2;9;2
202400054179;155 686 494;7;0;2;3;10;2
202400054179;155 686 500;33;0;2;1;1;1
202400054180;155 686 495;7;13;0;1;1;1
202400054181;155 686 490;60;0;2;0;1;5
202400054181;155 686 491;50;0;0;0;0;3
202400054182;155 686 489;7;0;2;4;0;1
202400054182;155 686 493;50;0;2;1;0;3
202400054183;155 686 487;7;13;0;9;1;1
202400054184;155 686 488;7;0;2;3;2;1
202400054184;155 686 492;30;1;2;7;2;1
202400054185;155 686 485;33;0;0;0;0;1
202400054186;155 686 484;2;10;0;1;1;1
202400054187;155 686 483;10;1;0;8;22;1
202400054187;155 686 486;37;1;2;7;0;3
202400054188;155 686 477;7;0;2;7;1;1
202400054188;155 686 481;7;0;2;1;1;1
202400054189;155 686 479;30;0;0;0;1;1
202400054190;155 686 472;7;0;2;1;2;1
202400054190;155 686 476;7;0;0;4;1;1
202400054191;155 686 474;10;0;2;3;13;1
202400054191;155 686 478;7;0;2;3;0;1
202400054192;155 686 480;7;0;2;4;2;1
202400054192;155 686 482;30;0;2;1;2;1
202400054193;155 686 471;33;0;2;1;17;1
202400054193;155 686 475;7;0;0;6;15;1
202400054194;155 686 469;7;1;2;3;19;1
202400054194;155 686 473;7;0;2;1;1;1
202400054195;155 686 468;33;0;2;3;1;1
202400054195;155 686 470;7;0;2;3;13;1
202400054196;155 686 467;7;1;1;2;1;1
202400054197;155 686 466;7;0;1;0;1;1
202400054198;155 686 464;7;0;1;1;1;1
202400054199;155 686 465;50;0;1;4;1;3
202400054200;155 686 463;7;13;0;3;1;1
202400054201;155 686 462;7;0;1;2;1;1
202400054202;155 686 461;7;6;0;1;1;1
202400054203;155 686 460;21;0;0;1;1;1
202400054204;155 686 456;99;0;0;8;16;1
202400054205;155 686 453;50;0;2;8;19;3
202400054205;155 686 458;7;0;2;1;9;2
202400054206;155 686 454;10;0;2;2;16;1
202400054206;155 686 459;80;0;2;1;1;3
202400054207;155 686 449;10;16;0;0;1;1
202400054208;155 686 451;7;3;2;3;1;1
202400054208;155 686 457;7;0;2;3;13;1
202400054209;155 686 447;43;0;2;1;1;1
202400054209;155 686 455;7;0;2;7;19;1
202400054210;155 686 443;13;0;2;2;2;3
202400054210;155 686 446;33;0;2;6;2;1
202400054210;155 686 450;7;0;2;5;2;2
202400054211;155 686 442;7;0;2;3;12;1
202400054211;155 686 452;7;0;2;3;5;1
202400054212;155 686 440;43;0;1;1;1;1
202400054213;155 686 439;7;13;0;3;1;1
202400054214;155 686 445;10;0;2;3;15;1
202400054214;155 686 448;33;0;2;1;21;1
202400054215;155 686 438;7;0;2;1;15;1
202400054215;155 686 444;33;0;2;2;26;1
202400054216;155 686 437;50;8;0;1;0;3
202400054217;155 686 436;7;0;9;3;2;3
202400054217;155 686 441;50;0;2;1;17;3
202400054218;155 686 433;1;0;0;0;0;5
202400054219;155 686 431;7;0;1;1;15;1
202400054220;155 686 432;7;14;0;1;2;1
202400054221;155 686 429;7;0;2;1;1;1
202400054221;155 686 434;7;0;0;4;23;1
202400054222;155 686 428;10;0;2;1;1;1
202400054222;155 686 430;7;0;2;4;2;1
202400054222;155 686 435;7;0;2;4;2;1
202400054223;155 686 425;31;0;1;1;1;1
202400054224;155 686 426;7;0;1;3;26;2
202400054225;155 686 422;99;0;2;1;0;6
202400054225;155 686 427;7;5;1;3;26;1
202400054226;155 686 421;30;9;0;1;1;1
202400054227;155 686 420;7;0;2;1;1;1
202400054227;155 686 423;1;0;2;7;1;5
202400054228;155 686 418;32;0;0;0;0;1
202400054229;155 686 416;7;0;2;5;2;2
202400054229;155 686 424;7;0;2;1;2;1
202400054230;155 686 415;31;0;1;4;4;1
202400054231;155 686 413;7;0;2;2;1;1
202400054231;155 686 419;7;0;0;0;0;1
202400054232;155 686 414;7;0;2;1;1;1
202400054232;155 686 417;7;0;2;4;26;1
202400054233;155 686 412;7;9;0;2;14;1
202400054234;155 686 411;33;0;0;0;1;1
202400054235;155 686 410;7;0;1;2;2;1
202400054236;155 686 407;7;0;1;1;1;0
202400054237;155 686 409;33;3;0;0;1;1
202400054238;155 686 404;30;0;0;3;15;3
202400054239;155 686 399;30;0;2;3;1;1
202400054239;155 686 406;7;0;2;1;1;1
202400054240;155 686 402;7;0;0;0;13;1
202400054241;155 686 401;7;0;2;4;0;1
202400054241;155 686 403;7;0;2;4;0;1
202400054241;155 686 408;7;0;2;1;0;2
202400054242;155 686 400;7;0;2;1;1;1
202400054242;155 686 405;7;0;2;6;1;1
202400054243;155 686 396;7;0;1;5;1;1
202400054244;155 686 398;10;2;0;8;1;1
202400054245;155 686 395;7;0;1;0;1;1
202400054246;155 686 394;32;1;0;1;14;1
202400054247;155 686 389;7;0;1;1;1;1
202400054248;155 686 387;7;0;2;1;5;1
202400054248;155 686 390;7;0;2;1;1;1
202400054249;155 686 386;7;0;2;1;19;1
202400054249;155 686 392;2;0;2;1;1;1
202400054250;155 686 385;7;0;2;2;1;1
202400054250;155 686 391;7;0;0;6;1;1
202400054250;155 686 397;7;0;2;1;1;1
202400054251;155 686 383;7;0;2;4;11;3
202400054251;155 686 388;7;0;2;3;1;1
202400054251;155 686 393;33;0;2;4;3;1
202400054252;155 686 380;2;0;2;1;1;1
202400054252;155 686 382;7;0;2;6;1;1
202400054253;155 686 378;10;0;1;1;15;1
202400054254;155 686 375;30;0;2;7;1;1
202400054254;155 686 381;7;0;2;2;9;1
202400054255;155 686 377;7;0;1;1;15;2
202400054256;155 686 373;33;13;2;8;17;1
202400054256;155 686 376;7;0;2;3;1;1
202400054257;155 686 374;13;0;0;1;1;1
202400054258;155 686 371;34;13;0;7;26;1
202400054259;155 686 369;7;4;2;4;2;1
202400054259;155 686 379;7;0;2;3;2;1
202400054259;155 686 384;10;0;2;1;2;1
202400054260;155 686 367;10;0;2;2;15;0
202400054260;155 686 370;7;0;2;8;1;0
202400054261;155 686 365;43;0;2;2;17;1
202400054261;155 686 368;7;0;2;8;15;1
202400054262;155 686 363;7;0;2;7;16;1
202400054262;155 686 366;1;0;2;1;5;5
202400054263;155 686 362;7;13;0;2;2;1
202400054264;155 686 361;7;0;2;3;1;1
202400054264;155 686 372;7;0;2;2;1;1
202400054265;155 686 360;30;16;0;0;0;1
202400054266;155 686 355;7;0;2;1;1;1
202400054266;155 686 364;7;0;2;3;15;2
202400054267;155 686 353;7;0;2;4;2;1
202400054267;155 686 357;7;0;2;1;2;1
202400054268;155 686 354;7;8;0;0;1;1
202400054269;155 686 351;7;0;1;4;20;1
202400054270;155 686 349;7;0;2;4;23;1
202400054270;155 686 356;7;0;2;1;0;1
202400054271;155 686 347;33;0;2;7;1;1
202400054271;155 686 352;7;0;2;1;15;1
202400054272;155 686 358;7;0;0;3;15;1
202400054272;155 686 359;7;0;2;2;17;1
202400054273;155 686 348;80;0;9;1;17;3
202400054273;155 686 350;1;0;2;8;26;5
202400054274;155 686 342;7;0;2;3;10;1
202400054274;155 686 346;37;0;2;2;21;1
202400054275;155 686 341;7;0;2;5;12;1
202400054275;155 686 345;31;0;2;1;3;1
202400054276;155 686 338;2;0;2;4;13;1
202400054276;155 686 344;7;0;2;2;17;1
202400054277;155 686 335;1;0;0;0;1;5
202400054277;155 686 339;1;0;0;0;1;5
202400054277;155 686 343;1;0;0;0;1;5
202400054278;155 686 333;7;0;2;1;1;1
202400054278;155 686 340;7;0;2;5;1;1
202400054279;155 686 334;7;0;2;1;5;1
202400054279;155 686 337;7;12;2;3;1;2
202400054280;155 686 329;1;0;2;1;1;5
202400054280;155 686 332;10;0;2;5;20;1
202400054281;155 686 326;7;0;2;1;1;2
202400054281;155 686 336;30;0;2;7;26;1
202400054282;155 686 328;7;13;0;6;1;1
202400054283;155 686 327;80;0;4;3;19;3
202400054283;155 686 330;40;0;2;1;1;3
202400054284;155 686 325;50;0;0;0;21;3
202400054285;155 686 323;2;0;0;0;1;1
202400054286;155 686 324;7;0;2;3;1;1
202400054286;155 686 331;1;0;2;7;2;5
202400054287;155 686 321;30;0;2;1;1;1
202400054287;155 686 322;7;3;2;6;1;2
202400054288;155 686 319;33;2;0;1;2;1
202400054289;155 686 316;7;12;0;6;1;1
202400054290;155 686 315;7;0;1;3;1;1
202400054291;155 686 313;43;11;0;1;14;1
202400054292;155 686 314;1;0;2;4;5;5
202400054292;155 686 320;7;0;2;2;16;1
202400054293;155 686 312;7;0;2;7;10;0
202400054293;155 686 318;33;0;2;2;17;1
202400054294;155 686 311;30;0;2;2;1;1
202400054294;155 686 317;7;0;2;3;9;1
202400054295;155 686 306;7;1;1;1;20;1
202400054296;155 686 304;7;0;9;2;12;1
202400054296;155 686 310;1;0;0;0;0;5
202400054297;155 686 302;31;0;0;7;1;1
202400054298;155 686 303;1;0;2;8;2;5
202400054298;155 686 309;7;0;9;7;17;1
202400054299;155 686 301;7;0;2;1;14;1
202400054299;155 686 307;7;0;2;8;1;5
202400054300;155 686 300;1;0;2;4;1;5
202400054300;155 686 308;7;0;2;1;1;1
202400054301;155 686 295;7;0;2;5;2;1
202400054301;155 686 299;30;0;2;1;2;3
202400054302;155 686 298;7;0;2;5;15;1
202400054302;155 686 305;33;0;2;1;1;1
202400054303;155 686 293;1;0;2;4;1;5
202400054303;155 686 294;33;0;2;1;2;1
202400054304;155 686 291;7;0;2;3;15;1
202400054304;155 686 296;50;0;2;1;5;3
202400054305;155 686 292;32;0;0;0;0;1
202400054305;155 686 297;2;0;0;4;7;1
202400054306;155 686 285;33;0;2;1;1;1
202400054306;155 686 289;7;0;2;2;1;1
202400054307;155 686 287;33;0;2;5;21;1
202400054307;155 686 288;31;0;2;1;20;1
202400054308;155 686 283;7;0;0;9;0;1
202400054309;155 686 280;7;0;2;1;13;1
202400054309;155 686 286;7;0;2;1;1;1
202400054309;155 686 290;7;0;2;1;1;1
202400054310;155 686 281;7;15;0;1;1;1
202400054311;155 686 278;50;0;2;3;0;3
202400054311;155 686 284;0;0;2;7;2;1
202400054312;155 686 277;7;0;2;2;1;2
202400054312;155 686 282;7;0;2;3;10;1
202400054313;155 686 279;7;0;1;4;4;1
202400054314;155 686 275;7;0;1;1;26;1
202400054315;155 686 272;7;2;0;1;13;1
202400054316;155 686 270;33;0;2;1;13;1
202400054316;155 686 273;7;0;2;8;1;1
202400054317;155 686 274;30;0;2;8;18;3
202400054317;155 686 276;7;0;2;7;16;1
202400054318;155 686 267;7;0;2;6;1;1
202400054318;155 686 271;32;0;2;1;17;1
202400054319;155 686 265;7;0;2;1;0;0
202400054319;155 686 268;3;0;2;2;9;1
202400054320;155 686 266;40;0;1;3;1;3
202400054321;155 686 264;32;0;2;3;0;1
202400054321;155 686 269;7;0;2;7;16;2
202400054322;155 686 260;7;0;1;3;15;1
202400054323;155 686 259;7;0;1;1;16;1
202400054324;155 686 261;2;0;2;3;1;0
202400054324;155 686 263;7;0;2;3;15;3
202400054325;155 686 262;7;0;1;2;16;1
202400054326;155 686 256;10;0;2;3;1;1
202400054326;155 686 258;7;0;2;6;1;2
202400054327;155 686 255;7;0;2;2;1;1
202400054327;155 686 257;50;0;2;8;19;3
202400054328;155 686 254;10;0;1;2;1;1
202400054329;155 686 253;33;0;0;1;1;1
202400054330;155 686 251;33;0;0;6;0;1
202400054330;155 686 252;33;0;2;2;2;1
202400054331;155 686 249;50;0;0;0;1;3
202400054332;155 686 245;7;0;2;3;13;-1
202400054332;155 686 248;33;0;2;8;1;0
202400054333;155 686 243;7;0;2;1;2;2
202400054333;155 686 250;7;0;2;6;23;1
202400054334;155 686 246;7;0;0;1;26;1
202400054335;155 686 242;7;13;0;2;1;1
202400054336;155 686 244;7;13;2;1;1;1
202400054336;155 686 247;3;13;2;2;1;1
202400054337;155 686 240;30;0;0;2;1;1
202400054338;155 686 239;7;0;2;3;11;1
202400054338;155 686 241;33;0;2;1;17;1
202400054339;155 686 237;7;8;0;1;1;1
202400054340;155 686 233;7;13;0;1;13;2
202400054341;155 686 235;7;0;2;5;23;1
202400054341;155 686 238;7;0;2;1;9;1
202400054342;155 686 232;7;0;2;1;1;1
202400054342;155 686 234;7;0;0;4;1;1
202400054343;155 686 231;99;0;2;1;1;0
202400054343;155 686 236;7;1;2;3;15;1
202400054344;155 686 230;7;5;0;1;1;1
202400054345;155 686 228;33;0;2;1;17;1
202400054345;155 686 229;7;0;0;6;1;3
202400054346;155 686 225;60;0;2;1;1;5
202400054346;155 686 227;1;0;2;1;1;5
202400054347;155 686 223;15;0;2;1;24;1
202400054347;155 686 226;7;1;0;3;13;1
202400054348;155 686 221;31;0;0;1;17;1
202400054349;155 686 216;7;0;2;6;18;1
202400054349;155 686 219;15;0;2;2;1;1
202400054349;155 686 220;7;0;2;1;1;2
202400054349;155 686 222;7;0;2;5;1;2
202400054350;155 686 215;7;0;9;2;1;1
202400054350;155 686 218;1;0;2;3;9;5
202400054351;155 686 212;50;0;2;1;26;3
202400054351;155 686 217;7;0;2;7;1;2
202400054352;155 686 210;7;0;2;1;2;1
202400054352;155 686 213;7;0;2;4;23;1
202400054353;155 686 209;7;14;0;2;0;1
202400054353;155 686 211;10;3;0;1;1;1
202400054353;155 686 214;10;14;0;1;1;1
202400054354;155 686 205;7;0;1;5;4;1
202400054355;155 686 206;7;0;1;1;1;2
202400054356;155 686 202;33;0;0;8;6;1
202400054357;155 686 201;7;0;2;3;17;1
202400054357;155 686 207;7;0;2;1;1;1
202400054357;155 686 208;7;0;2;3;1;1
202400054358;155 686 197;10;0;2;1;5;1
202400054358;155 686 200;60;0;2;8;19;5
202400054359;155 686 196;1;1;0;2;1;5
202400054359;155 686 199;1;1;0;3;15;5
202400054360;155 686 198;7;0;2;4;2;1
202400054360;155 686 203;7;0;2;1;2;1
202400054360;155 686 204;14;0;2;4;2;1
202400054361;155 686 192;33;0;2;9;17;1
202400054361;155 686 194;38;0;2;8;2;1
202400054361;155 686 195;7;0;2;3;1;1
202400054362;155 686 189;14;0;2;8;22;1
202400054362;155 686 193;50;1;0;2;1;3
202400054363;155 686 188;7;0;2;3;1;1
202400054363;155 686 190;33;0;2;3;5;1
202400054364;155 686 191;1;0;1;1;16;5
202400054365;155 686 184;7;0;2;2;13;1
202400054365;155 686 187;1;0;2;4;2;5
202400054366;155 686 183;17;0;1;2;1;1
202400054367;155 686 186;1;0;1;2;1;5
202400054368;155 686 182;1;0;2;4;23;5
202400054368;155 686 185;1;14;2;1;1;5
202400054369;155 686 181;2;0;0;8;1;1
202400054370;155 686 178;7;0;2;1;15;3
202400054370;155 686 179;32;0;2;7;17;1
202400054371;155 686 175;7;0;0;5;15;1
202400054371;155 686 177;7;0;2;3;0;1
202400054371;155 686 180;10;0;2;3;2;1
202400054372;155 686 173;10;0;9;8;1;1
202400054372;155 686 176;1;0;2;4;15;5
202400054373;155 686 170;7;0;1;4;4;1
202400054374;155 686 171;7;0;2;0;0;0
202400054374;155 686 174;7;0;2;1;0;0
202400054375;155 686 169;7;0;2;2;1;1
202400054375;155 686 172;1;0;0;4;11;5
202400054376;155 686 167;7;0;2;1;13;1
202400054376;155 686 168;21;0;2;1;1;1
202400054377;155 686 166;1;4;0;1;15;5
202400054378;155 686 165;7;0;1;1;26;1
202400054379;155 686 164;7;0;1;1;1;1
202400054380;155 686 162;7;1;0;1;1;1
202400054381;155 686 160;7;0;2;1;0;1
202400054381;155 686 163;7;0;2;1;1;1
202400054382;155 686 158;10;0;2;1;13;1
202400054382;155 686 161;7;0;2;1;1;1
202400054383;155 686 157;7;1;0;3;13;1
202400054384;155 686 156;33;0;2;8;1;1
202400054384;155 686 159;10;0;2;2;12;1
202400054385;155 686 153;1;0;2;1;1;5
202400054385;155 686 154;7;0;2;1;1;1
202400054386;155 686 152;7;0;2;3;19;1
202400054386;155 686 155;33;0;2;1;1;1
202400054387;155 686 150;7;0;2;0;0;1
202400054387;155 686 151;7;9;2;0;0;1
202400054388;155 686 148;32;0;2;3;1;1
202400054388;155 686 149;7;0;0;5;23;2
202400054389;155 686 145;7;0;1;2;1;0
202400054390;155 686 144;7;0;2;1;13;1
202400054390;155 686 146;7;14;0;2;1;1
202400054390;155 686 147;7;0;2;3;0;1
202400054391;155 686 142;32;0;2;1;1;1
202400054391;155 686 143;80;0;2;4;11;3
202400054392;155 686 141;10;0;1;4;20;0
202400054393;155 686 136;32;0;2;2;16;1
202400054393;155 686 139;30;0;2;1;1;1
202400054394;155 686 133;7;0;2;0;0;0
202400054394;155 686 134;50;0;2;0;0;3
202400054395;155 686 128;1;0;2;0;0;5
202400054395;155 686 131;50;0;2;0;0;3
202400054396;155 686 130;7;0;2;3;11;3
202400054396;155 686 137;1;0;2;7;2;5
202400054397;155 686 127;10;0;0;4;23;1
202400054397;155 686 129;7;0;2;4;23;1
202400054397;155 686 132;7;0;2;4;23;1
202400054397;155 686 135;7;0;2;4;23;1
202400054397;155 686 138;7;2;0;4;23;1
202400054397;155 686 140;10;0;2;1;1;1
202400054398;155 686 126;32;8;0;1;14;1
202400054399;155 686 125;7;1;0;3;0;1
202400054400;155 686 122;10;0;0;7;23;1
202400054400;155 686 124;7;1;0;3;2;1
202400054401;155 686 119;60;1;2;7;0;5
202400054401;155 686 120;33;1;2;1;1;1
202400054402;155 686 118;10;0;2;1;2;1
202400054402;155 686 121;7;0;2;4;2;1
202400054402;155 686 123;7;0;2;5;2;1